I,II,III,aVR,aVL,aVF,V1,V2,V3,V4,V5,V6
370,1033,674,-700,-146,850,-552,-425,317,767,929,731
364,1019,647,-697,-163,833,-540,-416,301,767,917,694
350,990,636,-657,-161,827,-510,-395,281,740,887,696
321,930,600,-635,-129,791,-507,-378,276,695,833,681
293,871,556,-608,-134,707,-489,-326,249,651,795,605
276,782,526,-530,-123,651,-433,-307,240,569,693,543
236,673,440,-481,-112,568,-390,-273,202,487,600,483
230,576,380,-389,-80,480,-339,-241,178,463,537,390
171,456,325,-332,-57,409,-294,-194,147,374,408,334
140,388,241,-268,-43,313,-203,-157,135,272,325,256
79,268,167,-179,-20,202,-138,-80,76,212,242,193
50,159,98,-114,-22,161,-76,-67,36,132,135,116
27,67,29,-44,-8,42,-41,-15,18,58,54,48
-12,-27,-6,23,-5,-1,10,35,-3,-13,-28,-11
-40,-84,-45,72,4,-66,55,11,-33,-56,-86,-81
-50,-158,-80,102,19,-108,75,66,-31,-127,-136,-90
-63,-198,-136,131,50,-159,103,63,-77,-152,-171,-152
-95,-265,-168,165,42,-227,142,96,-89,-197,-210,-178
-87,-276,-188,196,45,-240,156,117,-93,-220,-274,-196
-106,-322,-198,221,65,-261,167,145,-104,-254,-284,-225
-105,-330,-209,199,61,-289,172,145,-90,-234,-308,-228
-118,-335,-212,242,38,-287,175,132,-100,-250,-299,-237
-127,-334,-241,219,68,-289,190,143,-111,-272,-315,-250
-112,-324,-205,212,61,-276,190,142,-105,-233,-297,-236
-114,-324,-213,216,46,-260,173,110,-92,-246,-276,-201
-94,-301,-203,211,54,-240,180,102,-89,-240,-273,-226
-108,-273,-187,196,48,-228,162,99,-86,-224,-260,-208
-108,-263,-157,169,35,-195,139,93,-80,-190,-224,-172
-93,-235,-153,188,24,-200,135,101,-86,-187,-224,-173
-97,-230,-123,167,60,-172,125,86,-72,-173,-198,-156
-69,-208,-118,123,27,-154,108,64,-66,-128,-170,-136
-67,-179,-113,140,9,-140,103,68,-51,-109,-164,-108
-74,-152,-107,119,21,-142,68,54,-42,-113,-129,-104
-31,-120,-69,83,30,-109,72,53,-34,-97,-103,-67
-61,-136,-83,85,27,-100,67,45,-51,-91,-128,-95
-17,-99,-60,88,31,-105,47,60,-36,-108,-104,-80
-26,-81,-50,53,15,-76,54,40,-28,-75,-85,-79
-17,-81,-49,56,-2,-78,46,32,-36,-51,-82,-76
-37,-97,-77,62,5,-78,55,31,-6,-38,-55,-57
-21,-76,-75,67,12,-62,38,34,-37,-69,-53,-54
-26,-85,-49,54,-6,-64,57,33,-17,-35,-74,-47
-28,-58,-30,55,16,-70,44,12,-9,-21,-74,-65
-52,-74,-53,49,2,-57,40,14,-2,-54,-51,-45
-5,-66,-46,62,10,-49,24,27,0,-48,-56,-39
-19,-102,-32,38,13,-69,37,30,-21,-41,-45,-43
-38,-62,-44,22,7,-43,51,15,-35,-64,-33,-37
7,-60,-56,22,13,-36,21,27,-3,-48,-52,-27
-13,-59,-50,49,25,-17,42,8,-11,-41,-70,-32
-25,-46,-6,41,29,-34,35,31,-7,-34,-50,-16
-13,-65,-10,30,13,-42,23,40,-41,-28,-64,-32
-17,-43,-25,32,-19,-16,31,17,-4,-42,-50,-45
-9,-64,-38,20,27,-37,13,0,-13,-55,-42,-27
19,-51,-12,20,-6,-41,23,22,-15,-19,-22,-34
-15,-25,-10,40,22,-12,34,14,-28,-32,-29,-40
-19,-35,-36,7,7,-39,19,-2,-6,-25,-38,-43
-21,-16,-31,19,-4,-25,13,23,5,-27,-37,-22
-29,-35,-1,20,6,-43,33,14,-17,-39,-48,-22
-18,-34,-25,32,13,-15,34,0,-2,-26,-39,-23
8,-31,-27,24,21,-11,28,-12,-21,-24,-40,-25
-17,-15,-22,14,4,-1,25,19,-13,-22,-31,3
-14,-16,-30,37,6,-36,29,10,2,-16,-32,-32
-15,-22,-29,17,-5,-30,14,22,15,1,-9,-16
3,-2,-26,-5,2,-12,-5,6,3,-8,-29,-24
-1,-26,-3,14,13,-4,5,11,12,-21,-27,-14
12,-8,-6,20,-12,-37,11,10,-17,-2,-10,-3
-2,0,-6,24,-17,-9,-10,-4,-18,4,6,-31
-8,4,-2,-8,-14,18,5,5,2,-16,10,-3
-16,-4,-5,-7,12,-13,17,-3,9,6,-15,10
-3,0,12,12,28,-4,-11,-16,25,3,-23,20
-13,12,2,-21,24,-12,5,-7,21,15,20,4
17,13,0,-5,8,10,1,-4,13,15,-26,10
11,7,4,-19,-8,20,-26,3,17,-12,6,21
11,22,16,-30,-19,14,-14,0,4,6,20,1
0,20,20,-2,-7,17,-20,10,6,22,32,28
22,9,15,-5,1,37,-9,-2,29,13,17,11
23,19,13,-37,-7,40,-31,-2,13,6,34,6
38,53,29,-48,-2,13,-20,-1,26,18,39,28
18,49,29,-35,7,28,-28,-17,30,48,39,46
32,53,12,-46,8,58,-42,-18,5,43,45,26
9,59,26,-41,-13,49,-35,-35,14,31,60,29
28,82,33,-19,-5,72,-26,-12,36,32,51,42
28,84,34,-69,-1,78,-48,-45,27,57,65,40
44,93,69,-52,-16,64,-51,-22,53,55,75,59
25,82,66,-63,-17,69,-36,-60,33,54,64,50
21,89,62,-64,-9,64,-54,-38,30,71,80,64
38,90,72,-35,-4,84,-64,-36,48,74,96,54
42,103,63,-71,-24,81,-88,-40,21,86,93,82
41,119,92,-78,-14,105,-58,-51,47,85,77,111
16,146,80,-105,7,106,-82,-44,40,91,108,80
27,135,91,-95,-25,101,-69,-46,28,86,124,103
51,116,87,-82,-14,114,-61,-68,33,103,123,90
58,146,97,-108,-19,134,-93,-49,54,121,141,97
52,159,116,-106,-28,138,-93,-75,40,110,127,132
59,175,93,-100,-21,130,-82,-35,56,119,157,111
45,162,124,-119,-38,138,-108,-81,46,131,162,134
73,200,127,-124,-8,168,-106,-79,52,147,178,132
59,202,126,-124,-35,150,-109,-104,49,133,176,157
81,178,122,-126,-45,147,-112,-80,92,154,155,167
80,214,125,-163,-43,191,-128,-93,60,148,189,156
88,242,154,-158,-19,201,-114,-106,68,169,217,156
97,226,133,-155,-32,178,-104,-87,62,171,215,173
64,229,154,-154,-55,183,-113,-93,91,195,201,162
83,256,160,-166,-23,205,-135,-100,75,182,218,182
89,238,182,-174,-37,209,-163,-85,80,189,234,165
89,279,176,-194,-36,222,-129,-113,96,198,247,166
103,284,179,-163,-31,215,-142,-121,73,215,259,193
110,272,181,-185,-60,235,-160,-113,103,210,253,203
63,273,195,-220,-43,224,-164,-108,94,195,249,192
126,326,200,-184,-46,237,-146,-114,85,226,268,190
108,308,195,-215,-60,233,-164,-136,81,227,303,202
108,317,194,-208,-52,255,-162,-102,98,223,284,221
118,315,212,-204,-30,275,-177,-102,89,248,306,208
127,338,208,-218,-82,268,-183,-136,110,250,305,231
142,306,199,-229,-29,278,-171,-123,105,230,294,229
106,348,220,-217,-43,276,-176,-131,110,270,310,257
119,353,228,-243,-48,253,-193,-132,86,240,312,238
104,365,233,-259,-52,312,-169,-151,105,248,304,239
147,351,214,-267,-40,281,-193,-130,80,259,315,251
119,335,238,-254,-61,304,-212,-135,103,259,329,230
142,377,238,-245,-77,328,-193,-146,103,266,350,273
128,357,216,-246,-54,309,-192,-161,109,276,337,256
137,369,258,-274,-51,309,-197,-133,107,268,322,257
135,366,234,-258,-50,318,-189,-159,102,305,341,267
140,381,251,-245,-65,321,-197,-130,94,291,337,275
122,394,254,-251,-75,316,-225,-153,106,288,339,265
127,385,258,-270,-63,314,-218,-150,98,311,339,275
120,373,257,-245,-64,304,-212,-142,91,282,350,275
141,373,277,-248,-33,292,-221,-189,102,285,334,276
125,403,250,-242,-73,326,-205,-167,129,302,348,266
118,380,263,-281,-45,308,-217,-165,98,275,330,261
136,379,239,-264,-65,314,-210,-152,120,287,356,279
125,378,251,-242,-57,299,-214,-151,117,280,333,279
125,375,223,-254,-78,307,-223,-162,118,302,353,253
120,373,241,-271,-64,303,-216,-136,146,279,327,269
132,373,234,-278,-57,310,-226,-151,138,288,346,248
131,383,226,-259,-64,334,-208,-147,107,262,359,270
141,380,252,-236,-53,289,-221,-144,105,269,334,254
120,359,231,-245,-72,309,-191,-140,131,268,327,261
119,354,235,-222,-75,323,-214,-157,98,265,333,258
135,358,218,-241,-49,304,-189,-143,110,264,324,257
111,370,234,-246,-34,276,-173,-125,112,260,329,237
143,367,227,-243,-69,291,-205,-164,104,249,316,217
125,340,215,-225,-50,281,-192,-138,109,263,299,229
125,332,224,-235,-64,289,-158,-128,93,260,280,238
112,323,189,-212,-40,261,-173,-119,86,238,320,237
104,301,205,-225,-32,260,-170,-129,102,259,284,218
108,318,200,-221,-64,240,-174,-133,112,243,287,232
96,284,193,-196,-57,237,-162,-104,88,247,250,232
116,306,193,-199,-45,255,-146,-115,98,236,239,210
116,307,191,-217,-36,214,-178,-119,97,208,277,205
103,280,191,-179,-31,231,-167,-128,73,205,254,210
99,278,169,-181,-39,219,-144,-109,93,205,248,180
102,263,176,-173,-36,219,-153,-89,89,216,240,174
96,251,160,-175,-37,197,-137,-110,75,171,228,162
99,250,152,-178,-19,221,-148,-95,63,184,204,187
98,245,167,-157,-49,200,-133,-97,63,162,240,166
71,237,150,-137,-29,193,-102,-94,60,175,204,159
81,215,139,-148,-45,189,-125,-97,71,173,218,163
84,211,122,-144,-23,189,-97,-76,65,164,191,153
64,181,111,-130,-46,172,-98,-63,53,160,190,137
60,183,109,-139,-29,156,-110,-54,56,157,173,125
68,188,107,-118,-13,155,-79,-80,81,139,176,123
64,177,98,-92,-27,150,-96,-80,68,124,176,100
43,181,90,-107,-47,159,-111,-76,21,137,147,122
36,150,82,-101,-16,149,-93,-65,33,126,129,89
55,127,94,-95,-35,121,-82,-37,74,117,139,108
55,150,77,-92,-27,114,-58,-30,53,110,116,86
70,133,84,-84,-16,122,-75,-62,22,84,104,88
51,121,72,-54,-32,76,-76,-38,42,93,93,103
47,106,90,-86,-19,89,-64,-53,41,84,95,84
24,108,76,-77,-20,85,-48,-22,28,56,94,76
58,99,62,-83,-32,75,-56,-62,27,79,72,59
53,98,56,-74,-5,83,-42,-45,26,61,54,63
26,85,50,-63,-16,68,-45,-56,29,57,78,66
22,100,50,-52,-17,89,-40,-31,37,68,57,68
31,71,30,-44,-14,62,-42,-45,10,50,43,55
15,60,42,-62,-3,50,-32,-38,29,42,45,60
9,45,49,-36,-14,66,-13,-20,17,22,39,15
-5,35,31,-40,-9,49,-45,-25,1,15,38,31
8,33,11,-31,-7,27,-18,-9,14,40,49,24
2,52,29,-13,1,5,-34,8,22,20,38,35
2,39,38,-20,8,41,-26,-4,20,21,39,34
2,30,26,-2,-10,18,3,-11,22,24,15,36
1,12,3,-26,-16,-5,-22,-25,9,36,9,7
-21,9,20,-15,-11,-1,-9,17,-9,-5,34,18
-9,-2,0,-7,-4,23,9,-16,4,-1,4,-7
-12,11,-1,-16,-15,16,-30,-18,2,-4,11,-8
-7,3,-10,-6,-4,10,21,-24,3,0,-8,-9
4,-25,19,0,-10,-19,23,11,16,-17,-14,0
-23,-24,-6,20,3,-19,6,-12,2,-16,-15,-25
-5,-31,9,-5,7,-3,12,19,-19,-8,-18,-4
7,-8,-19,33,13,17,-9,6,18,0,-7,-18
-19,-33,-9,4,17,-44,18,1,-1,-29,-37,-27
-26,-24,-17,13,1,-35,-3,15,17,-6,-28,-5
2,-32,-13,-5,-21,-36,24,29,-5,6,-38,-36
-26,-21,-18,16,12,-22,27,16,-6,-18,-36,-18
-5,-28,-20,28,0,-41,3,13,-20,-17,-13,-17
-8,-50,-20,31,-5,-28,16,6,-36,-17,-18,-33
-5,-40,-24,20,0,-44,24,23,-30,-57,-35,-36
-24,-31,-44,29,11,-25,13,24,8,-26,-47,-34
-2,-29,-10,11,13,-32,7,20,-38,-36,-36,-17
-6,-60,-38,11,8,-43,26,0,-42,-46,-49,-58
-29,-56,-44,13,16,-35,20,19,-28,-27,-31,-23
-32,-29,-51,23,9,-30,42,14,-19,-32,-49,-34
-14,-47,-44,38,-2,-69,30,-6,-11,-22,-53,-29
-6,-47,-46,46,11,-40,26,30,-2,-41,-50,-28
-7,-47,-33,34,19,-41,26,43,-14,-35,-27,-20
-27,-48,-40,19,19,-24,25,28,-29,-44,-42,-28
-20,-65,-40,57,17,-38,33,42,-1,-33,-28,-41
-37,-54,-31,46,-6,-62,21,17,-9,-51,-40,-23
-22,-37,-37,35,7,-57,31,22,-9,-25,-46,-35
-25,-61,-27,15,5,-65,24,16,-34,-43,-39,-36
-30,-60,-37,22,13,-63,23,5,-29,-44,-58,-56
-18,-50,-20,45,6,-46,25,31,1,-60,-50,-47
-24,-45,-20,45,4,-49,50,26,-25,-32,-37,-6
-18,-70,-33,28,17,-57,36,35,2,-46,-50,-61
-34,-39,-48,55,8,-47,35,16,-19,-50,-36,-40
1,-32,-19,40,8,-44,33,12,-7,-46,-60,-38
-28,-69,-48,51,-4,-53,28,17,3,-45,-61,-43
-13,-29,-45,45,-18,-49,23,30,-23,-50,-53,-37
-12,-83,-43,36,-1,-36,34,31,-22,-47,-52,-56
-3,-53,-58,47,-2,-53,23,23,-12,-38,-73,-53
-29,-45,-36,45,27,-48,32,17,-19,-31,-51,-43
-14,-43,-40,28,-3,-39,31,2,-27,-46,-69,-55
-25,-45,-34,33,4,-25,10,8,-13,-45,-59,-45
-31,-59,-50,45,-11,-42,43,10,-29,-42,-60,-43
-34,-57,-59,42,11,-41,22,10,-9,-50,-42,-38
-18,-29,-38,35,1,-48,40,21,-15,-39,-43,-42
-17,-59,-37,45,-3,-49,33,22,-19,-26,-46,-39
-16,-29,-32,39,13,-63,22,21,-6,-52,-64,-37
-19,-77,-32,24,8,-43,36,20,-6,-56,-55,-45
-30,-42,-50,38,2,-43,22,25,-19,-6,-49,-37
-56,-74,-48,39,-5,-44,27,26,-19,-50,-24,-36
17,-56,-17,41,-11,-49,37,23,-16,-42,-53,-53
-3,-42,-37,51,4,-68,21,6,-22,-43,-57,-60
-6,-67,-16,40,18,-21,22,44,-12,-47,-54,-33
3,-68,-32,17,13,-31,41,20,-33,-24,-66,-46
-29,-50,-22,14,31,-39,27,24,-31,-48,-45,-61
-6,-61,-57,47,7,-55,26,3,-18,-40,-61,-39
-16,-48,-37,16,13,-68,17,11,-9,-42,-15,-38
-4,-55,-40,33,6,-41,34,26,-21,-30,-40,-49
-31,-39,-32,27,11,-47,20,27,-21,-32,-33,-25
-12,-57,-51,43,-21,-34,37,10,-13,-33,-36,-27
-24,-71,-20,38,-4,-53,22,30,-33,-42,-39,-53
-19,-53,-46,55,12,-43,31,19,-15,-48,-55,-34
-14,-47,-31,47,25,-35,30,7,-38,-43,-32,-35
-31,-45,-12,26,0,-40,27,24,-31,-29,-59,-25
-25,-69,-37,30,21,-63,23,18,-24,-25,-66,-45
7,-65,-43,52,-11,-37,23,42,-26,-21,-62,-48
-12,-86,-28,30,3,-9,7,34,-32,-20,-43,-22
-11,-69,-34,34,22,-41,17,30,-6,-25,-49,-50
-23,-37,-15,33,-16,-33,46,14,-3,-27,-67,-39
-2,-48,-16,20,4,-36,11,14,6,-16,-51,-35
3,-54,-43,8,2,-41,27,1,-13,-18,-32,-36
-15,-50,-41,35,17,-56,34,13,-21,-11,-52,-44
-5,-44,-25,31,11,-38,24,14,1,-35,-39,-28
-8,-59,-44,15,-1,-21,28,20,1,-43,-53,-29
-20,-56,-21,9,24,-51,27,25,4,-42,-35,-34
14,-36,-12,29,1,-53,35,14,-1,-29,-42,-39
10,-55,-34,28,10,-49,23,19,-29,-39,-30,-38
-23,-42,-37,24,27,-33,24,27,-25,-24,-60,-19
-14,-36,-19,22,4,-35,58,13,-2,-10,-28,-34
-7,-64,-31,26,9,-29,16,13,-9,-35,-41,-37
-3,-25,-17,26,7,-26,11,32,-2,-50,-15,-23
-29,-26,-30,23,7,-39,19,22,-29,-57,-17,-26
1,-42,-51,25,10,-62,14,11,-12,-21,-31,-32
-16,-42,-32,4,3,-29,19,7,-12,-24,-25,-13
-21,-48,-27,11,5,-46,26,17,-8,-44,-29,-18
7,-28,-34,29,27,-17,21,10,-1,-36,-43,-20
-17,-34,-26,22,24,-48,14,10,-7,-24,-47,-35
0,-39,-19,24,16,-36,19,31,-40,-5,-26,-21
-2,-61,-10,22,22,-27,40,2,16,-22,-28,-14
-25,-44,-20,36,7,-34,18,20,-10,-35,-33,-48
-20,-38,-31,11,9,-42,33,-7,-5,-10,-35,-30
-20,-25,-39,30,5,-33,18,7,-28,-22,-38,-13
-4,-29,-14,3,8,-22,22,25,-10,-28,-31,-11
-12,-12,-13,32,5,-26,24,42,-18,-33,-9,-36
-25,-42,-26,34,-6,-45,-5,2,-17,-13,-12,-34
-7,-25,-4,17,16,-17,6,10,-8,-23,-7,-30
6,-31,-32,30,20,-36,30,15,-15,-12,-14,-26
-3,-45,-19,21,-12,-22,39,19,13,-20,-8,-14
-7,-49,-20,23,7,-28,13,2,-31,-36,-35,-22
9,-17,-5,14,13,-27,5,2,-18,-19,-28,-20
-19,-20,-23,25,-5,-13,20,-9,-28,-29,-29,-23
-25,-34,-22,21,11,-15,37,32,7,-32,-33,-15
-5,-30,-18,41,16,-7,9,7,-2,-25,-33,-14
-1,-39,-20,12,4,-26,14,28,-13,-1,-34,-4
-6,-28,-22,12,14,-35,31,14,-4,-15,-23,-33
4,-35,-26,29,-3,-24,0,16,-39,-8,5,-24
-5,-7,-8,14,10,-19,-1,7,-19,-32,-31,-21
0,-15,-30,32,-13,-26,14,-1,-31,-16,-12,-12
-14,-47,2,-7,16,-42,33,-14,-21,-21,-49,13
-13,-36,-27,26,21,-11,24,21,-21,-34,-41,2
-14,-34,-24,4,3,-4,25,20,-18,-20,-21,-18
-9,-9,-23,20,18,-36,11,5,5,-51,-6,-27
-2,-18,-22,11,0,-24,26,7,-5,-8,-47,1
-30,-20,11,20,-16,-29,16,26,11,-20,-38,-29
6,-27,-7,16,-5,-33,9,13,10,6,-7,-21
3,-21,-11,38,23,-23,8,-5,-14,-38,9,-2
-1,-24,-14,12,16,-16,23,8,0,-12,-29,-35
17,-15,-8,24,4,-8,9,8,-34,-23,-27,-5
-14,-30,-22,14,28,-2,9,6,-3,-8,-20,-31
13,-3,-39,19,5,-14,23,8,-4,-18,-19,-13
4,-24,-2,23,-11,-14,-5,-3,10,-25,-21,-3
-11,-17,18,23,0,-21,1,26,14,-9,-16,2
-5,-5,-7,13,-16,-18,13,-5,5,-16,-30,-7
7,17,-15,-2,12,-15,9,26,-11,-23,0,-1
7,-7,-13,36,6,-4,-11,17,-7,-22,10,10
-11,-2,-10,-4,6,-34,-5,1,0,14,1,15
-13,-5,-12,13,-13,-20,3,-17,-17,-14,19,-10
6,-16,14,10,9,-9,-1,0,-4,-2,-3,-22
-2,0,-16,21,0,15,-10,15,10,-10,13,-1
-23,7,7,0,11,6,30,26,-16,-3,-8,16
-3,8,9,-7,28,0,-16,-10,-9,10,-15,-6
-15,-10,-12,-6,7,-13,-33,8,-14,-26,-11,28
7,-8,10,-17,-18,-19,-8,-2,16,0,-1,-3
6,3,-3,-7,8,10,16,2,-20,15,6,-23
-9,18,-7,-3,1,7,19,1,-2,14,11,-21
5,0,-7,-9,-7,-4,19,7,18,14,12,10
-18,23,7,-34,20,25,4,-12,3,10,-5,12
10,27,33,-14,-20,22,5,-10,-2,13,22,7
1,35,35,-22,-2,22,-3,-8,-12,13,17,26
-3,9,25,0,-25,21,-11,1,11,17,34,30
-2,26,-11,1,-7,4,-35,-24,-2,31,42,18
24,16,25,-33,20,48,-9,-7,13,10,23,22
16,46,7,-13,-10,1,-15,-19,10,49,42,18
24,18,46,-21,-8,40,-27,-2,26,25,47,16
12,59,28,-51,-6,28,-22,-11,21,35,33,46
24,44,35,-42,-5,34,-21,-14,29,39,61,37
26,65,33,-44,-14,61,-29,-31,18,34,59,44
26,81,44,-58,-8,61,-47,-3,29,26,44,55
17,90,60,-61,7,80,-53,-54,0,76,76,49
29,85,66,-55,-17,82,-25,-31,21,44,85,60
36,86,52,-56,-30,71,-62,-30,8,77,82,74
39,69,70,-58,-16,77,-63,-40,69,67,74,64
40,116,85,-75,-11,97,-66,-40,42,82,75,63
48,105,78,-64,-14,96,-65,-51,35,97,89,90
27,128,102,-74,-35,104,-70,-35,60,93,119,85
47,104,92,-82,-6,121,-66,-48,44,85,121,83
56,157,84,-96,-26,108,-83,-71,42,70,127,107
42,129,79,-97,-18,130,-85,-57,57,96,125,96
63,170,106,-105,-15,132,-103,-53,52,114,155,108
67,168,127,-105,-43,138,-86,-71,73,115,153,117
75,167,102,-130,-36,127,-94,-74,32,123,154,137
64,183,112,-128,0,168,-130,-87,44,157,159,132
70,206,121,-115,-43,145,-107,-68,66,152,165,152
56,209,136,-140,-18,164,-110,-81,80,139,184,139
79,213,148,-143,-45,199,-131,-102,87,157,207,151
83,212,135,-143,-48,182,-123,-84,49,163,201,172
85,217,160,-176,-38,194,-110,-112,86,177,208,149
92,252,150,-174,-45,191,-106,-68,70,172,197,167
82,229,160,-167,-48,205,-120,-82,63,184,214,163
90,256,163,-174,-44,213,-117,-117,69,160,210,161
85,267,180,-178,-37,212,-146,-90,68,209,232,190
91,244,168,-167,-60,221,-160,-91,79,186,225,188
121,268,158,-190,-50,208,-137,-107,79,204,226,195
99,274,179,-170,-29,226,-155,-92,85,207,247,198
103,278,169,-205,-24,219,-150,-129,85,218,241,198
109,298,195,-198,-2,225,-140,-119,85,223,251,167
94,291,188,-182,-51,236,-133,-105,88,213,251,194
100,288,216,-205,-48,220,-157,-123,95,221,244,221
84,291,175,-209,-39,235,-147,-125,87,208,244,211
97,281,203,-186,-38,213,-169,-103,94,216,255,204
92,297,184,-191,-44,244,-158,-126,80,214,250,202
90,305,183,-183,-32,235,-176,-110,117,217,252,205
85,292,195,-189,-50,213,-151,-87,81,216,249,212
89,264,176,-176,-60,248,-161,-105,73,196,255,199
84,282,165,-188,-42,227,-140,-104,82,195,222,216
86,256,169,-168,-43,249,-148,-97,98,205,252,201
101,258,176,-164,-36,198,-137,-84,66,186,243,180
86,256,176,-179,-50,195,-151,-123,77,193,247,174
69,229,152,-195,-41,218,-134,-112,66,204,231,201
74,233,157,-163,-24,213,-137,-91,75,198,218,156
57,235,155,-171,-10,204,-137,-105,64,172,213,157
78,244,152,-155,-51,213,-131,-106,92,153,203,129
85,222,160,-148,-16,171,-125,-90,60,167,210,154
68,214,134,-138,-51,169,-121,-96,77,152,190,152
77,204,129,-139,-18,186,-109,-89,57,157,196,156
65,197,138,-122,-46,155,-115,-67,75,158,204,124
59,202,122,-131,-35,154,-115,-66,39,139,162,134
72,196,114,-132,-34,140,-109,-69,43,124,181,137
77,179,111,-139,-9,154,-101,-71,36,136,154,126
56,173,100,-97,-19,149,-95,-62,60,109,127,119
57,136,97,-96,-27,121,-83,-70,38,123,153,116
55,150,102,-106,-16,118,-82,-44,29,126,128,115
55,150,69,-85,-8,112,-76,-50,39,90,124,57
38,129,78,-99,-34,117,-74,-36,43,111,112,78
50,120,81,-110,-22,124,-61,-33,41,78,105,86
49,115,45,-87,-11,109,-61,-31,30,74,104,62
28,105,71,-73,-18,74,-56,-45,35,81,109,75
46,82,73,-50,13,75,-59,-42,57,71,79,85
50,129,79,-62,2,58,-50,-35,25,56,103,71
27,84,56,-79,-6,72,-49,-43,33,59,67,68
24,79,49,-48,19,80,-38,-33,29,47,76,51
27,92,60,-48,-5,76,-39,-20,2,38,76,54
41,88,37,-60,4,49,-50,-38,22,55,84,41
34,57,54,-33,5,40,-27,-19,20,52,32,63
1,72,43,-19,-7,48,-51,-3,30,52,45,44
27,68,37,-17,-2,34,-7,-41,20,19,21,45
16,57,20,-46,-15,45,-11,-30,14,39,43,26
21,44,32,-31,-18,44,-29,-16,-7,40,43,56
-12,39,32,-17,2,30,-14,-3,7,40,26,13
6,58,28,-30,7,12,-20,-14,13,20,38,10
15,35,16,-23,-25,3,-24,-9,18,50,38,51
8,39,12,-39,3,29,-22,-24,21,19,43,48
17,45,27,-28,-15,11,-18,9,25,26,41,13
5,42,31,-36,-12,25,-29,-20,15,26,21,-5
12,19,20,-36,-2,47,-14,-6,4,13,27,31
-2,16,27,-25,-2,24,-20,-5,11,14,14,7
4,57,11,-24,4,-4,-28,-32,3,18,34,29
-3,37,29,-13,-15,22,-20,2,-8,15,25,20
15,18,27,-18,5,19,4,8,-1,42,17,14
-16,26,18,-27,5,39,-28,-10,21,10,27,35
6,12,-3,-21,-32,-10,-17,-9,-6,17,9,-6
3,-7,28,-13,13,13,-27,-33,13,-4,22,30
-6,9,2,33,-8,-29,13,6,-14,-8,-11,17
6,3,2,-15,2,-21,7,6,-10,-7,-4,-15
-11,-34,-23,27,31,-16,-7,-12,4,4,-14,-4
-1,-19,-26,21,20,-21,6,11,-8,10,-40,-25
5,-27,-42,42,3,-27,21,14,-18,-26,-21,-41
6,-59,-36,24,11,-43,20,19,-20,-28,-28,-31
-32,-39,-45,41,3,-47,31,21,-27,-51,-69,-13
-21,-60,-49,53,8,-56,58,42,-18,-38,-61,-62
-25,-76,-56,53,20,-54,60,43,-25,-70,-80,-56
-41,-102,-53,62,27,-82,51,50,-30,-62,-96,-71
-29,-96,-56,65,9,-66,67,37,-25,-72,-107,-110
-35,-128,-59,58,13,-83,78,48,-28,-85,-89,-76
-56,-110,-91,93,32,-136,83,57,-45,-91,-114,-75
-21,-149,-84,68,8,-98,85,58,-60,-92,-119,-69
-51,-154,-81,123,20,-125,65,62,-56,-106,-142,-84
-41,-147,-92,106,18,-116,86,58,-50,-98,-117,-112
-34,-160,-93,95,6,-129,85,35,-24,-118,-153,-144
-57,-156,-111,113,31,-123,78,67,-47,-105,-122,-81
-53,-151,-67,85,9,-113,70,56,-51,-111,-104,-95
-27,-126,-91,90,-11,-122,43,52,-16,-95,-124,-102
-37,-82,-47,76,13,-71,43,36,-14,-61,-73,-50
-25,-66,-33,53,7,-38,9,16,-4,-37,-24,-34
-5,-11,3,8,-3,-12,10,3,-14,7,5,12
32,70,32,-28,6,44,-34,-36,21,25,60,14
60,114,80,-71,-15,104,-51,-43,44,89,99,80
61,193,130,-127,-44,160,-131,-62,57,149,165,137
78,289,188,-193,-29,258,-157,-107,74,213,235,206
100,367,225,-250,-77,311,-208,-137,107,274,322,269
152,428,299,-337,-69,377,-241,-162,139,341,410,311
194,561,357,-396,-91,477,-317,-227,174,416,488,414
238,645,429,-436,-113,564,-339,-259,232,499,587,444
258,774,471,-506,-87,619,-403,-331,211,581,665,523
281,861,562,-580,-134,724,-460,-354,241,643,778,573
320,955,599,-631,-127,778,-517,-380,322,693,830,651
336,998,646,-682,-169,843,-566,-393,305,781,919,712
384,1064,696,-726,-170,881,-564,-407,323,812,947,757
394,1085,696,-757,-163,898,-607,-431,343,846,980,766
389,1119,713,-741,-154,951,-610,-446,334,843,1008,781
398,1108,731,-766,-183,916,-606,-444,334,836,996,778
375,1086,702,-729,-159,891,-597,-437,318,808,975,761
384,1058,687,-711,-161,864,-568,-408,326,804,938,729
353,984,636,-667,-145,789,-543,-383,299,734,887,683
308,911,584,-637,-129,742,-497,-345,273,662,810,626
297,837,546,-571,-111,684,-464,-343,232,614,753,571
246,735,459,-491,-106,585,-422,-292,215,541,644,502
205,605,400,-424,-79,524,-338,-236,184,449,532,421
181,504,338,-343,-68,405,-267,-197,153,379,481,351
138,411,242,-285,-49,332,-217,-145,107,290,364,278
97,300,210,-194,-52,250,-148,-127,96,213,271,219
67,187,124,-145,-35,143,-112,-92,64,138,190,136
64,95,76,-85,-38,109,-78,-43,21,84,92,74
-1,35,15,-17,-9,1,-3,-23,1,13,37,21
7,-43,-28,45,13,-20,5,26,-18,-29,-39,-40
-33,-99,-65,63,16,-77,49,50,-42,-68,-107,-66
-46,-139,-80,79,10,-119,70,67,-56,-105,-123,-118
-54,-169,-125,137,-10,-136,96,77,-76,-136,-157,-124
-73,-197,-121,140,12,-171,117,95,-72,-166,-183,-135
-66,-235,-142,163,30,-178,118,52,-68,-159,-200,-146
-89,-215,-141,162,41,-195,139,90,-79,-199,-209,-152
-65,-208,-142,162,47,-187,136,85,-69,-167,-208,-149
-85,-221,-171,143,33,-190,132,88,-74,-175,-166,-152
-75,-215,-137,133,26,-163,109,93,-79,-170,-191,-138
-68,-195,-114,128,64,-155,98,98,-59,-150,-161,-145
-78,-187,-108,116,36,-152,123,79,-37,-164,-164,-121
-66,-158,-92,107,3,-124,78,73,-39,-115,-146,-125
-29,-150,-84,91,14,-144,96,60,-25,-79,-108,-79
-32,-105,-84,93,12,-93,50,61,-27,-84,-92,-85
-36,-95,-84,56,9,-64,52,20,-38,-74,-72,-72
-33,-79,-60,69,28,-64,29,32,-15,-44,-70,-44
-25,-78,-33,18,9,-50,28,36,-27,-32,-57,-19
-8,-42,-29,31,32,-38,48,10,8,-26,-53,-37
-5,-26,-28,-29,-4,-20,4,10,-19,-10,-37,-16
0,-7,-10,4,5,-6,-14,15,3,-13,-11,-15
-2,-21,0,0,8,7,-15,2,29,-15,4,-14
-6,4,-10,-11,-9,16,1,11,0,10,6,-3
-15,17,-6,8,-7,19,-6,7,-1,17,11,16
9,4,14,12,-1,20,-10,6,33,18,-5,21
-4,29,18,-33,-10,27,-6,-21,58,16,6,17
5,30,19,-15,-7,19,11,-14,-10,11,1,10
14,17,32,-32,0,61,-37,-32,-9,49,23,2
15,21,19,-33,0,7,-30,-12,12,18,5,16
3,43,36,-35,6,9,-20,-16,10,26,30,8
6,64,35,-19,19,16,-24,-25,6,18,31,32
20,43,16,-20,-3,22,-7,-15,7,5,33,24
7,27,41,-16,-18,29,-25,-36,30,15,32,12
16,50,23,-47,-11,28,-48,-11,27,26,27,28
-3,51,26,-25,-8,24,-30,-19,0,12,43,8
36,49,22,-11,9,43,-28,-7,23,34,45,51
10,13,41,-22,-23,47,-3,-29,9,31,48,44
-1,37,31,-36,4,57,-39,-30,17,29,35,14
42,48,38,-44,-20,67,-3,-22,11,34,61,36
27,33,17,-25,-18,42,-22,-3,-7,45,49,7
18,53,40,-35,-8,27,-2,-19,4,49,55,43
17,33,33,-50,6,61,-30,-13,29,51,48,54
36,60,56,-43,-17,33,-20,-32,0,54,40,49
29,50,35,-38,12,34,-41,-43,18,56,50,45
16,51,56,-34,-5,36,-26,-33,31,47,61,43
34,46,26,-34,13,59,-52,-25,17,36,51,15
22,73,47,-22,-10,48,-40,-20,4,37,77,75
13,61,54,-30,-16,55,-61,-41,29,73,65,55
55,67,59,-48,-10,52,-20,-28,38,52,79,47
4,74,3,-47,-25,73,-53,-22,6,62,88,52
18,91,61,-47,-34,87,-41,10,25,39,66,79
51,112,52,-67,-30,73,-48,-37,33,54,54,26
15,72,65,-72,-33,89,-54,-54,50,88,59,80
39,95,55,-65,-29,79,-50,-55,26,57,76,49
25,95,66,-63,-28,90,-53,-23,42,85,102,90
26,97,65,-79,-4,80,-68,-46,18,95,87,60
27,79,67,-51,-7,79,-35,-35,40,81,102,120
25,103,71,-75,-6,102,-48,-53,30,71,89,80
57,129,66,-93,-18,107,-54,-59,30,75,106,63
48,123,72,-81,-17,133,-60,-45,39,95,114,70
26,150,74,-74,-26,101,-93,-53,23,97,117,87
63,127,94,-90,-4,97,-74,-27,51,90,114,125
52,119,104,-113,-18,116,-78,-49,31,109,120,112
47,149,111,-104,-17,109,-84,-57,53,124,136,98
55,160,87,-100,-10,118,-91,-59,51,95,127,111
87,157,107,-107,-32,128,-83,-77,19,110,116,119
64,160,100,-109,-4,137,-103,-84,44,146,155,120
50,178,117,-102,-10,122,-98,-80,48,151,161,122
76,176,135,-130,-14,149,-97,-75,65,132,183,123
70,190,112,-131,-30,148,-105,-54,72,155,190,150
53,191,126,-99,-38,160,-106,-94,52,145,192,134
47,203,116,-132,-35,181,-99,-85,77,162,183,146
95,196,140,-127,-49,197,-143,-91,79,154,200,143
79,232,134,-154,-28,178,-129,-85,63,156,195,148
94,230,149,-160,-26,206,-127,-80,60,187,212,196
77,242,132,-170,-26,208,-119,-104,70,164,230,167
82,239,161,-180,-42,189,-135,-106,82,176,230,182
82,283,150,-175,-37,198,-140,-109,69,191,240,183
86,270,174,-203,-27,228,-147,-109,81,211,228,190
91,272,165,-181,-57,239,-171,-95,92,191,253,196
103,285,209,-191,-62,221,-137,-116,101,197,248,210
111,279,179,-203,-21,232,-166,-121,81,213,261,189
95,300,206,-201,-48,256,-158,-130,110,248,285,189
106,311,218,-215,-54,257,-174,-133,86,233,285,217
133,318,202,-224,-62,265,-157,-132,105,245,285,217
109,327,226,-229,-37,271,-179,-155,102,226,304,212
95,325,214,-256,-50,294,-187,-133,99,248,313,234
138,305,230,-228,-62,273,-171,-134,97,295,326,247
124,353,241,-220,-44,309,-191,-134,112,278,301,239
123,396,213,-244,-51,281,-179,-156,102,251,342,253
124,359,231,-264,-50,306,-198,-128,97,285,325,258
139,381,262,-259,-54,303,-214,-165,114,296,338,255
153,415,269,-261,-73,333,-204,-171,118,301,348,287
139,407,253,-283,-64,326,-206,-152,127,276,348,272
124,412,260,-280,-56,328,-213,-189,116,305,355,277
144,416,291,-286,-52,330,-233,-167,106,305,388,290
160,419,255,-284,-69,345,-248,-169,108,318,364,281
138,424,265,-284,-54,356,-233,-168,140,326,378,299
135,414,249,-304,-81,355,-235,-181,140,328,393,289
145,445,269,-284,-62,356,-252,-171,120,352,418,288
173,439,263,-305,-62,364,-216,-186,133,304,420,292
164,434,273,-308,-63,384,-235,-188,117,334,380,329
161,459,279,-302,-70,385,-225,-158,151,332,389,306
159,438,277,-316,-64,358,-243,-196,121,360,427,344
137,457,276,-317,-67,383,-276,-180,137,332,412,329
155,462,302,-306,-55,405,-253,-188,128,351,415,327
169,487,289,-311,-54,395,-248,-181,137,344,399,333
178,473,316,-317,-78,393,-280,-183,153,353,428,334
160,475,299,-327,-69,386,-239,-168,145,353,436,327
179,457,278,-320,-78,384,-274,-176,147,352,429,332
174,480,307,-312,-72,403,-271,-197,136,379,431,343
165,483,313,-328,-71,385,-254,-198,117,353,417,359
177,471,315,-328,-81,374,-254,-188,139,367,431,323
159,464,300,-304,-79,400,-252,-179,132,364,412,324
154,478,306,-306,-67,411,-264,-183,132,365,446,336
147,486,285,-330,-72,401,-267,-170,153,369,410,342
170,470,293,-312,-70,396,-250,-182,133,348,417,318
152,463,327,-320,-89,396,-260,-184,130,358,411,325
147,462,316,-320,-82,399,-261,-175,132,356,414,316
164,466,311,-310,-55,381,-261,-187,119,339,405,333
152,456,313,-314,-70,393,-240,-181,124,352,415,320
163,446,295,-308,-83,357,-259,-161,148,348,403,344
158,437,282,-298,-54,400,-248,-157,137,330,400,331
160,444,277,-310,-102,364,-248,-170,136,341,376,329
134,425,285,-304,-71,347,-230,-158,130,304,402,323
135,455,286,-279,-76,362,-239,-161,120,321,390,308
162,418,278,-302,-79,345,-239,-176,116,312,360,287
126,413,280,-275,-68,334,-229,-171,109,323,376,302
164,405,296,-293,-68,340,-231,-170,116,290,382,284
142,401,271,-271,-52,328,-231,-151,122,305,319,273
131,409,270,-311,-69,310,-206,-154,105,270,349,280
120,385,245,-244,-50,312,-216,-150,108,294,348,254
134,386,268,-263,-54,317,-223,-145,112,284,355,262
133,371,241,-274,-45,320,-212,-152,119,270,318,266
143,374,226,-254,-48,283,-211,-141,118,263,351,281
143,351,235,-242,-40,298,-208,-136,119,283,317,239
117,367,236,-252,-44,291,-210,-148,110,257,317,246
111,351,213,-238,-63,248,-174,-146,94,259,305,211
110,327,206,-213,-26,264,-188,-129,86,244,304,215
126,321,243,-216,-42,262,-202,-136,94,230,292,219
121,313,194,-216,-38,275,-177,-122,112,237,275,207
109,278,188,-192,-44,263,-183,-117,87,250,265,221
94,277,194,-175,-56,228,-184,-113,83,205,256,199
91,285,198,-188,-50,226,-169,-123,77,215,257,207
67,259,169,-161,-46,235,-136,-127,73,190,251,208
82,277,187,-179,-40,228,-130,-119,90,205,222,188
77,242,165,-181,-44,220,-135,-94,81,188,226,174
101,249,161,-173,-49,197,-117,-111,63,191,233,171
93,241,154,-167,-35,189,-140,-102,75,181,220,179
75,200,131,-173,-27,189,-118,-85,85,177,203,144
57,233,139,-143,-20,174,-113,-88,37,168,199,139
80,224,127,-165,-44,180,-109,-82,67,141,184,148
80,226,137,-142,-6,173,-117,-95,76,150,176,132
93,195,109,-145,-35,151,-101,-74,52,138,156,151
77,182,112,-122,-17,149,-98,-72,58,143,167,128
55,178,130,-133,-24,144,-76,-83,62,135,152,135
72,164,128,-140,-16,154,-95,-50,42,130,173,119
76,159,95,-123,-15,111,-106,-97,43,131,150,117
61,156,102,-131,-34,131,-70,-81,48,112,140,120
74,141,83,-108,-41,128,-96,-64,48,117,140,120
67,152,87,-103,-14,112,-59,-46,51,136,145,91
53,128,71,-92,-41,130,-78,-52,47,95,142,94
64,129,81,-83,-16,107,-63,-46,34,78,116,81
46,119,72,-82,-22,101,-75,-49,45,102,108,91
57,106,53,-62,-10,99,-82,-34,47,88,116,92
44,103,63,-75,-28,84,-56,-63,34,79,107,80
45,108,79,-85,-37,90,-40,-43,36,90,108,71
36,97,73,-80,-37,73,-56,-38,25,76,75,60
40,114,62,-64,-21,75,-54,-7,37,81,92,42
23,95,65,-73,-28,98,-33,-34,34,75,100,79
53,95,50,-50,-25,80,-37,-29,23,70,82,63
37,52,57,-75,-9,84,-51,-18,43,67,76,68
34,86,56,-41,-26,61,-56,-40,25,54,64,41
20,62,61,-39,-12,54,-47,-15,38,57,81,50
47,91,44,-52,-20,49,-57,-33,25,43,61,73
56,63,25,-68,-19,43,-12,-54,12,45,59,63
39,66,35,-56,-27,77,-55,-21,25,50,55,51
24,47,33,-48,-14,50,-27,-18,34,52,77,37
2,48,36,-41,1,54,-20,-17,28,44,46,40
14,53,34,-32,-7,44,-28,-24,23,50,51,50
35,37,30,-52,-29,51,-25,-2,10,63,58,44
11,61,19,-26,1,49,-36,-20,16,28,66,34
22,44,34,-33,14,27,-35,-15,14,45,61,27
41,60,49,-34,2,50,-31,-31,25,37,37,35
16,73,32,-21,-1,28,-27,-16,22,26,68,31
15,55,48,-47,14,64,-14,-16,9,30,61,19
6,22,15,-36,8,39,-12,-39,4,27,38,25
28,28,21,-28,1,51,-45,-21,-10,36,28,18
45,28,34,-21,-7,22,-24,-30,14,20,23,35
37,45,32,-38,5,41,-42,-6,10,44,41,29
-2,68,38,-26,-16,47,-36,-6,22,1,50,33
9,43,22,-19,-3,41,-16,-34,10,22,28,17
-7,17,23,-24,-8,41,-5,-18,13,48,33,22
24,60,47,-42,-7,64,-14,7,18,16,51,50
7,50,22,-28,-31,39,-14,-18,12,33,47,28
2,53,17,-8,-19,20,-28,4,0,50,15,8
-5,49,11,-34,-1,22,-3,12,2,36,32,47
9,22,41,-34,-6,30,-19,-5,11,31,32,33
6,28,41,-11,-23,46,-10,-13,5,23,18,54
-6,28,44,-23,-9,35,-13,-27,7,11,45,21
14,31,29,-28,-3,38,-22,-33,2,14,-5,32
20,44,24,-18,2,49,-35,-17,19,25,32,28
9,30,28,-34,-14,25,-29,-26,13,41,28,30
18,38,15,0,-23,19,-7,-17,6,28,36,34
-9,23,25,-24,-8,18,-23,-2,5,10,27,18
-7,30,-6,-25,1,36,-17,-29,-10,35,26,32
19,40,12,-25,7,16,-22,-14,6,8,23,37
26,36,33,2,-15,28,-4,7,2,22,30,34
21,27,24,-26,2,8,-30,-13,6,23,14,11
24,26,24,-12,22,24,-7,-29,11,25,37,26
1,44,1,-44,0,39,-31,-5,3,29,42,25
-8,32,18,-26,8,38,-9,-3,-1,17,38,17
1,41,15,-33,-4,37,-15,-15,9,44,15,1
0,17,42,-33,-19,8,-22,-29,14,42,27,24
17,42,35,-13,-15,17,-27,-4,11,-4,13,37
-4,37,19,-33,-15,-5,-17,-15,3,13,30,15
25,49,28,-9,0,15,-55,-16,0,15,29,-1
23,31,8,-16,11,10,9,-33,2,21,54,19
27,26,23,-12,-1,31,-15,-7,17,26,7,19
5,35,3,-28,11,43,-21,-17,16,29,41,14
2,33,18,-30,-10,21,-15,-16,10,12,32,16
35,44,36,-20,-13,45,-19,-30,4,14,15,24
11,50,25,-7,-14,44,-26,-31,-2,34,21,25
2,59,13,-41,-1,45,-21,-31,-2,13,22,39
17,23,29,-34,3,5,-22,-20,32,12,49,38
-12,34,14,-13,0,31,-41,13,12,29,53,17
8,43,39,-8,6,19,-18,-27,26,39,39,29
24,45,10,-23,3,45,-33,12,9,35,26,38
9,39,22,-27,9,23,-25,-2,11,11,44,22
-9,34,41,-31,-19,51,-4,-15,22,28,38,20
6,42,16,-25,-6,10,-38,-5,20,61,23,28
2,61,34,-38,-21,38,-32,15,21,28,24,36
36,56,22,-22,-12,32,-42,-11,50,34,39,28
-15,45,40,-43,-21,47,-45,-8,2,30,35,40
-8,22,24,-29,-18,43,-19,-14,32,38,47,34
27,43,41,-11,2,38,-37,-16,1,34,25,19
0,21,55,-31,3,29,-21,-13,18,30,40,27
16,57,17,-41,6,34,-38,-26,30,30,24,23
26,29,27,-40,-11,25,-32,-13,28,50,47,46
10,61,16,-37,-11,17,-12,-15,-2,21,33,42
7,40,29,-31,6,27,-10,-31,0,34,39,38
28,43,22,-18,-4,29,-19,-11,6,35,29,29
4,26,28,-34,-22,24,-32,-16,15,38,52,39
25,40,39,-42,-5,28,-33,-10,26,22,32,24
21,64,23,-41,-16,34,-20,-3,-9,34,34,3
17,37,50,-29,-2,38,-18,-1,33,21,47,29
21,29,59,-26,-5,43,-8,-24,27,29,38,40
11,34,55,-20,-9,38,-28,-38,38,39,36,37
28,52,19,-18,-11,42,-31,-35,27,25,55,35
4,68,22,-24,7,38,-31,-7,8,20,65,31
22,42,28,-23,-11,64,-20,-15,29,25,41,-2
3,47,33,-41,13,33,-29,14,28,18,62,25
1,41,14,-15,17,18,-18,-9,-7,16,34,42
29,49,38,-28,-25,37,-16,-28,-5,36,25,39
7,47,34,-9,-5,28,-36,-37,32,44,55,42
27,38,41,-32,-10,50,-13,-19,-2,56,37,41
-6,37,30,-42,-14,31,-11,-16,23,42,44,31
21,33,32,-20,-11,38,-1,-28,20,35,61,34
-5,54,34,-42,-14,24,-34,-33,10,20,44,40
8,47,13,-21,-21,21,-25,-23,22,35,22,53
13,54,37,-31,-7,38,-17,-3,11,50,27,18
12,33,27,-44,6,47,-32,-28,2,24,42,45
30,44,33,-49,-21,37,-42,-17,3,32,15,30
34,60,-7,-31,18,36,0,-39,8,11,44,36
12,50,49,-13,-10,60,-4,-26,34,55,68,44
31,82,8,-40,-36,29,-33,-44,15,34,50,44
32,34,35,-30,-18,30,-40,-17,2,44,39,33
18,27,28,-33,-4,27,-26,-48,16,30,30,37
20,55,34,-19,-28,66,-13,-20,29,32,62,22
14,47,30,-10,10,29,-29,-26,9,66,54,50
9,59,41,-37,0,30,-40,-9,21,40,61,31
12,28,40,-41,-8,34,-17,-12,4,16,65,26
10,45,29,-35,-18,59,-38,-30,18,43,39,16
28,61,35,-35,0,17,-32,-38,29,64,44,44
14,82,25,-22,9,44,-30,-30,22,29,24,32
40,56,40,-38,-14,37,-47,-17,13,24,63,46
17,80,19,-19,-21,37,-15,-34,-8,34,49,31
36,50,63,-32,-10,50,-29,-29,21,17,53,45
25,43,29,-50,-38,27,-19,-30,3,34,46,37
26,63,20,-19,5,41,-53,-18,0,46,37,33
22,53,58,-43,-11,24,-33,-23,21,29,41,46
-6,53,57,-16,-8,55,-22,-40,13,59,41,39
23,54,34,-27,-14,27,-43,-33,2,32,53,62
28,69,26,-35,3,59,-23,-10,17,42,50,54
39,66,40,-31,-13,44,-41,-20,5,47,56,19
13,60,31,-47,-6,66,-31,-23,36,44,47,54
19,67,47,-47,-21,58,-56,-22,25,41,52,68
12,75,47,-16,-12,53,-24,-16,10,48,37,28
33,59,28,-29,-14,50,-49,-9,11,54,38,48
19,57,38,-43,-11,67,-35,-22,5,45,43,42
27,50,35,-20,-13,37,-25,-7,25,36,52,49
28,71,43,-39,-27,46,-25,-49,33,25,45,45
-1,55,41,-38,-21,49,-22,-29,40,63,61,31
10,72,43,-32,-8,52,-33,-13,12,70,64,49
27,44,51,-39,10,68,-49,-24,29,49,56,61
34,68,74,-38,2,64,-43,-28,23,57,68,51
14,74,57,-44,-1,62,-28,-26,22,45,62,39
5,71,35,-56,-19,46,-49,-28,27,59,63,49
37,90,48,-55,-32,65,-50,-39,13,37,74,62
29,65,69,-35,-19,63,-42,-20,14,60,90,42
8,68,54,-60,-14,82,-55,-51,48,60,68,49
24,76,65,-50,3,66,-62,-25,35,42,86,79
26,95,42,-76,3,83,-50,-23,23,47,85,54
33,92,60,-55,-19,102,-48,-67,26,109,61,59
38,76,63,-96,-3,75,-22,-40,49,66,84,72
42,94,72,-66,-30,95,-63,-37,34,78,88,66
41,79,46,-86,-34,82,-52,-60,14,63,94,79
39,106,72,-81,-28,100,-62,-31,14,94,98,89
63,114,74,-83,-15,77,-80,-60,52,80,74,62
34,142,84,-83,-56,87,-69,-53,52,58,101,89
54,128,71,-95,-19,96,-74,-64,38,82,132,75
35,118,85,-89,-6,94,-53,-37,36,107,115,101
68,136,74,-120,-13,111,-55,-49,48,80,125,92
39,161,94,-87,-31,111,-94,-48,48,86,131,93
57,153,91,-85,-11,138,-93,-59,60,120,136,118
72,169,103,-89,-5,137,-97,-67,46,147,135,115
55,175,107,-123,-34,132,-90,-57,44,123,151,126
60,162,104,-117,-32,137,-90,-78,47,141,160,142
45,197,132,-135,-32,154,-99,-75,48,125,174,125
74,191,115,-133,-36,169,-82,-93,58,134,171,154
60,221,139,-130,-54,163,-109,-98,73,166,172,139
59,219,146,-149,-38,177,-131,-77,51,168,213,147
74,222,125,-148,-42,175,-105,-87,74,163,212,148
71,218,171,-143,-39,177,-114,-100,46,167,201,166
77,246,162,-155,-48,198,-152,-76,50,179,216,157
81,244,159,-156,-18,216,-114,-86,80,190,234,171
78,234,164,-163,-40,221,-143,-116,47,198,243,177
80,247,164,-194,-34,208,-148,-106,68,192,223,178
99,283,168,-172,-30,227,-124,-99,100,216,218,172
111,279,160,-198,-57,240,-153,-125,89,227,254,185
99,299,178,-213,-47,262,-168,-111,99,203,249,210
95,288,193,-169,-53,226,-158,-99,101,209,271,216
114,315,220,-217,-35,257,-168,-142,97,218,280,237
128,292,190,-195,-59,264,-167,-129,78,245,275,184
108,304,211,-193,-54,257,-164,-135,77,233,296,184
94,319,221,-217,-25,264,-174,-138,91,247,275,210
111,332,205,-221,-49,280,-178,-139,85,243,285,213
127,325,186,-218,-38,268,-189,-112,72,230,292,214
102,319,217,-237,-48,263,-149,-127,90,243,315,225
120,330,227,-223,-52,267,-177,-151,75,232,297,200
112,354,228,-235,-55,290,-163,-126,145,243,285,224
95,322,199,-229,-45,243,-184,-115,87,253,283,245
112,346,225,-244,-47,282,-190,-130,115,251,280,210
131,307,224,-222,-62,285,-171,-140,88,245,309,233
114,342,218,-226,-50,259,-196,-104,110,227,302,224
114,310,214,-232,-56,296,-166,-131,99,252,311,232
116,337,217,-222,-61,267,-189,-132,105,254,302,231
123,324,204,-212,-47,264,-170,-133,108,246,284,252
85,314,225,-214,-23,250,-174,-136,109,240,273,216
88,321,207,-225,-68,254,-170,-121,94,222,282,225
122,273,200,-190,-45,257,-171,-134,82,227,261,223
95,313,203,-208,-48,270,-185,-127,110,221,276,204
81,279,188,-199,-53,259,-156,-120,76,225,274,176
149,280,171,-201,-38,218,-168,-120,86,233,267,204
102,288,188,-206,-37,242,-166,-123,90,195,253,214
101,266,177,-166,-41,229,-148,-102,64,203,235,192
96,258,159,-191,-21,237,-144,-106,70,214,232,177
96,236,167,-165,-41,217,-140,-105,77,216,229,172
77,244,184,-169,-34,194,-135,-86,68,155,238,206
75,239,154,-171,-36,188,-110,-122,65,147,216,174
57,241,145,-141,-24,178,-120,-71,63,162,198,146
75,207,124,-166,-36,179,-120,-74,59,135,198,164
64,219,115,-143,-33,179,-119,-74,67,152,183,137
80,196,140,-148,-31,175,-111,-80,58,151,183,144
83,188,137,-144,-28,189,-128,-96,61,136,178,108
55,159,123,-147,-25,163,-104,-56,37,127,176,136
70,216,136,-128,-28,145,-101,-68,35,129,155,122
71,160,129,-108,-27,140,-89,-53,42,133,152,123
48,144,119,-113,-25,131,-79,-84,38,111,128,102
69,147,97,-116,-30,140,-66,-57,39,132,136,106
45,140,119,-103,-18,119,-90,-73,43,108,116,102
44,127,83,-110,-20,109,-94,-41,37,84,141,110
73,126,53,-116,-47,105,-90,-65,54,108,120,98
32,135,98,-84,-36,114,-69,-31,40,84,118,76
30,129,101,-96,-18,104,-61,-60,46,95,106,93
26,114,78,-95,-20,112,-80,-43,34,82,101,69
34,118,67,-45,-9,78,-64,-47,33,114,85,101
40,100,78,-85,-1,84,-41,-41,18,65,103,89
41,104,89,-70,-18,65,-72,-18,31,66,80,68
33,101,63,-78,-23,49,-59,-35,17,60,67,70
22,101,47,-81,17,102,-63,-33,18,59,84,70
34,84,78,-80,-23,92,-47,-44,32,69,93,53
36,95,18,-59,-2,88,-37,-57,5,69,100,63
27,91,64,-67,-15,86,-58,-24,14,54,75,75
47,93,67,-30,-23,83,-34,-41,12,65,84,56
39,101,21,-52,-19,62,-37,-26,38,51,70,61
12,67,46,-63,-11,65,-45,-29,45,66,64,45
27,49,53,-52,-20,55,-56,-27,20,37,75,41
27,77,58,-45,-22,68,-54,-35,35,69,45,70
31,83,49,-66,0,66,-32,-15,21,32,80,54
16,94,48,-54,-9,63,-32,-34,5,41,82,59
22,52,34,-50,8,55,-41,-16,4,53,56,46
15,80,19,-51,-19,52,-42,-14,36,49,50,50
13,62,61,-23,3,42,-39,-14,39,38,49,36
32,55,55,-22,-5,14,-3,-17,9,30,41,10
10,62,13,-34,12,14,-4,-11,17,26,33,33
-3,43,28,-29,13,29,-36,8,8,8,33,8
-13,6,-4,-6,9,25,-24,-26,0,-1,37,7
-1,8,31,-2,10,12,-14,4,10,25,23,1
8,7,18,11,4,21,-12,-22,12,2,-2,-2
26,-5,-29,3,21,5,7,6,23,0,13,13
0,-12,-38,10,10,-40,22,4,-10,-25,-32,-29
-17,-19,7,27,-5,-49,18,-4,3,-28,-40,-28
-29,-41,-45,22,14,-40,21,4,-5,-33,-64,-40
-37,-68,-30,28,-1,-57,23,4,-5,-38,-38,-49
-23,-76,-28,48,-3,-50,27,38,-13,-49,-75,-53
-28,-63,-16,65,-3,-82,13,43,-21,-56,-77,-75
-36,-101,-64,66,15,-80,44,39,-14,-67,-73,-54
-38,-121,-81,67,12,-85,63,56,-29,-94,-94,-51
-23,-102,-46,83,9,-64,42,65,-29,-81,-95,-90
-45,-89,-78,78,13,-95,57,38,-42,-90,-103,-67
-39,-99,-64,88,-1,-75,47,45,-24,-68,-90,-56
-38,-78,-69,65,9,-75,72,40,-44,-66,-83,-55
-9,-56,-33,6,-3,-52,16,14,-14,-48,-59,-25
-10,-5,-36,24,-3,-39,2,4,-2,-40,-21,-25
11,-4,-1,-2,-19,-8,-28,-3,8,12,17,13
3,42,32,-45,-28,45,-39,-44,24,35,38,27
51,115,75,-74,-16,115,-66,-36,35,94,85,85
50,194,117,-110,5,152,-104,-69,42,127,145,145
83,228,186,-187,-28,209,-133,-113,73,190,237,179
125,330,209,-240,-55,268,-179,-141,113,276,326,227
151,415,277,-300,-80,334,-226,-161,138,336,379,310
174,514,343,-350,-73,451,-278,-209,147,413,488,385
211,640,403,-420,-88,513,-345,-253,177,478,569,451
239,748,461,-479,-113,599,-411,-278,219,561,636,524
280,841,543,-564,-123,680,-472,-320,242,613,736,574
313,899,584,-594,-133,782,-493,-387,270,666,817,646
349,1000,659,-675,-138,805,-526,-381,314,731,897,699
380,1049,697,-727,-165,891,-584,-432,305,807,951,731
389,1112,705,-754,-157,922,-619,-436,327,832,990,772
407,1139,720,-758,-173,945,-624,-456,345,857,1005,786
405,1126,745,-796,-190,932,-629,-466,348,872,1008,818
383,1114,721,-767,-172,925,-618,-448,347,843,989,795
372,1080,719,-729,-185,909,-605,-457,326,810,981,765
354,1050,688,-685,-174,855,-594,-411,323,771,925,689
354,974,631,-678,-134,777,-516,-396,310,722,857,673
320,901,577,-579,-128,716,-481,-344,244,685,806,619
256,784,507,-545,-104,635,-445,-324,235,578,695,544
244,687,463,-473,-101,565,-381,-280,208,523,625,493
205,578,372,-406,-100,495,-324,-235,145,419,501,396
163,466,302,-319,-53,381,-237,-185,142,346,417,337
135,366,232,-244,-50,287,-199,-150,118,265,340,242
106,269,193,-161,-56,221,-152,-116,89,202,240,200
61,178,101,-113,-24,144,-109,-59,47,129,146,108
36,95,64,-75,-23,76,-70,-26,22,76,90,73
14,25,-4,-20,21,31,-5,5,28,11,8,16
-12,-40,-15,16,-3,-39,8,40,-22,-20,-52,-31
-35,-91,-72,76,28,-67,44,52,-25,-79,-90,-63
-38,-141,-98,90,10,-111,61,56,-51,-111,-122,-88
-39,-172,-95,117,10,-146,91,67,-73,-129,-149,-116
-68,-179,-129,123,32,-163,107,80,-48,-145,-170,-128
-92,-202,-140,126,43,-156,98,77,-52,-139,-184,-117
-70,-200,-134,142,29,-141,87,88,-35,-135,-168,-147
-75,-166,-121,129,36,-157,98,78,-39,-140,-155,-118
-60,-181,-94,134,42,-144,95,67,-65,-107,-162,-131
-57,-168,-80,91,11,-121,87,55,-40,-109,-134,-111
-56,-135,-91,93,36,-111,78,50,-33,-88,-117,-95
-61,-129,-96,79,26,-96,62,36,-32,-93,-96,-94
-37,-94,-56,76,39,-103,57,49,-25,-59,-98,-86
-23,-59,-52,54,38,-66,57,43,-13,-71,-82,-61
-28,-61,-45,52,-20,-49,51,15,-36,-37,-54,-54
-19,-39,-24,28,11,-35,34,29,-22,-31,-6,-19
-10,-16,-25,18,10,-15,18,-7,-8,-8,-13,13
-12,1,31,-12,-10,-16,11,-3,16,4,4,-12
30,9,2,2,1,22,6,-19,15,25,13,5
-2,10,19,-6,-37,10,-29,-7,13,21,26,31
15,31,22,-52,4,33,-25,-11,26,20,13,26
29,27,16,-31,-7,43,-23,-16,18,33,40,42
35,31,7,-25,-2,32,-28,-31,5,59,28,24
5,60,30,-26,-3,36,-25,-8,11,36,36,44
31,69,20,-54,-25,42,-19,-10,12,36,55,56
17,63,19,-42,-20,53,-19,-14,19,51,59,48
32,60,54,-31,-20,35,-40,-33,28,44,56,59
12,73,41,-47,-6,63,-45,-40,23,36,42,24
26,109,42,-42,-5,72,-30,-15,38,57,56,38
36,62,69,-33,-2,75,-50,-31,15,59,74,73
28,69,41,-60,-15,44,-34,-26,21,38,57,54
14,86,77,-55,-15,39,-51,-46,12,50,61,49
22,75,46,-59,1,69,-46,-19,20,82,81,44
21,62,60,-44,-2,38,-37,-25,23,59,64,52
7,78,42,-59,6,67,-19,-32,9,44,67,40
15,68,51,-38,-18,56,-24,-50,2,37,39,61
26,88,6,-55,-28,70,-33,-31,36,28,69,73
46,81,40,-68,-5,67,-42,-32,9,40,75,27
60,95,49,-49,-30,62,-25,-36,15,62,63,66
56,81,61,-41,-23,68,-57,-21,30,67,83,58
52,74,50,-63,-14,86,-35,-42,-1,61,73,60
38,117,58,-68,-19,92,-45,-41,36,55,88,82
10,91,73,-63,8,56,-66,-23,24,73,82,45
38,88,64,-61,-32,78,-55,-35,27,61,98,58
38,112,87,-87,-6,100,-55,-47,50,68,82,81
52,100,51,-88,-9,68,-78,-48,51,80,86,53
28,113,76,-75,-17,86,-43,-37,27,89,101,67
46,109,60,-59,-2,92,-67,-25,24,89,102,82
22,115,81,-85,-9,95,-55,-61,19,77,87,74
53,94,70,-71,7,99,-88,-49,49,73,105,69
54,118,61,-77,-24,92,-60,-63,43,95,120,87
44,144,69,-79,-8,108,-77,-74,41,90,127,102
39,118,79,-84,-15,99,-69,-47,35,74,111,106
58,142,79,-98,-20,83,-91,-58,37,87,80,64
59,123,93,-104,-28,123,-58,-50,36,103,121,103
49,114,105,-102,-6,122,-88,-45,45,87,123,106
58,142,89,-94,-14,80,-74,-52,50,112,125,112
64,121,100,-107,-25,127,-94,-46,32,118,143,71
72,162,95,-104,-39,127,-94,-64,30,103,137,128
56,158,83,-112,-42,126,-77,-79,41,112,155,121
41,183,100,-124,-34,145,-88,-60,49,126,139,130
60,149,121,-134,-40,133,-83,-63,65,104,149,105
32,169,115,-127,-29,148,-100,-66,66,132,157,122
100,185,104,-123,-26,156,-113,-62,58,120,184,133
82,219,117,-133,-26,158,-99,-76,80,132,160,115
59,193,146,-141,-14,159,-108,-79,28,173,186,137
77,200,141,-144,-19,175,-96,-83,70,169,180,138
66,206,122,-138,-30,175,-108,-76,52,152,194,118
99,200,143,-156,-35,177,-119,-64,61,142,199,154
73,225,160,-163,-23,177,-128,-92,67,175,198,141
68,234,139,-142,-21,196,-99,-91,92,175,200,173
101,249,150,-182,-31,225,-138,-105,77,190,230,170
94,239,163,-166,-42,208,-145,-94,51,208,245,160
108,239,158,-171,-44,223,-153,-93,85,191,224,195
82,272,162,-184,-59,205,-132,-108,96,211,251,188
98,282,175,-188,-57,224,-139,-104,75,195,232,188
102,274,177,-208,-44,231,-155,-111,81,217,255,193
85,294,194,-195,-47,236,-163,-108,61,203,269,212
102,331,180,-205,-54,222,-167,-136,92,237,265,201
134,325,213,-212,-59,258,-171,-102,99,247,278,209
115,316,199,-223,-42,258,-166,-139,96,233,270,227
105,328,193,-204,-64,279,-184,-134,106,253,301,234
115,337,188,-255,-23,287,-183,-148,102,267,300,225
148,353,234,-251,-53,293,-197,-142,84,252,322,253
117,360,210,-260,-62,283,-217,-144,94,267,305,251
133,359,242,-262,-51,316,-205,-129,112,272,318,250
130,353,249,-250,-67,298,-212,-141,115,283,327,252
115,377,224,-264,-66,307,-215,-140,122,254,335,261
141,376,253,-244,-50,313,-210,-132,84,296,341,270
146,403,252,-278,-61,340,-215,-142,115,292,347,271
155,398,257,-265,-56,315,-225,-157,103,329,348,285
131,409,247,-261,-55,355,-227,-193,110,291,367,286
169,413,294,-285,-88,349,-230,-172,141,293,382,287
168,418,277,-283,-64,347,-224,-171,121,302,368,303
146,440,276,-269,-43,342,-250,-184,130,336,384,301
156,441,296,-296,-70,344,-249,-169,101,323,393,311
151,446,273,-299,-59,372,-250,-176,126,323,399,301
152,447,260,-322,-45,365,-241,-173,148,342,396,318
146,430,283,-310,-74,373,-250,-153,135,345,420,316
137,473,286,-305,-58,367,-243,-192,133,323,413,317
151,454,301,-284,-77,369,-259,-175,122,358,410,312
164,475,303,-331,-84,412,-255,-194,135,362,412,302
148,471,314,-320,-69,383,-246,-197,119,335,433,322
145,475,293,-309,-49,364,-264,-193,122,379,431,321
149,459,303,-320,-81,397,-276,-192,161,365,446,341
163,468,305,-326,-89,384,-263,-192,153,354,409,336
168,458,315,-340,-58,383,-263,-191,142,361,419,316
180,464,306,-317,-65,396,-262,-182,150,367,443,337
163,476,334,-314,-72,393,-266,-155,143,372,418,343
169,463,300,-312,-76,401,-238,-183,128,346,423,329
191,492,297,-325,-66,389,-260,-200,153,365,427,319
196,454,305,-317,-80,379,-246,-176,144,387,439,331
185,463,313,-308,-60,389,-274,-196,126,345,436,350
160,463,301,-313,-91,401,-282,-207,151,353,416,328
174,476,309,-336,-80,398,-266,-212,145,353,430,332
164,464,288,-292,-70,373,-248,-170,147,347,416,324
158,446,300,-294,-77,367,-250,-201,134,329,414,320
177,441,307,-298,-69,375,-258,-179,143,335,410,311
160,456,302,-324,-77,374,-246,-163,147,345,409,319
150,456,294,-314,-61,365,-238,-192,153,351,403,328
161,476,310,-297,-50,364,-240,-185,121,358,412,308
145,454,268,-295,-58,363,-237,-173,135,330,381,318
123,418,272,-310,-72,375,-260,-176,117,332,386,318
155,417,268,-299,-82,347,-236,-170,130,319,394,284
147,425,261,-278,-81,318,-234,-176,120,323,366,299
143,384,260,-262,-63,360,-229,-157,137,304,379,314
129,410,252,-267,-71,347,-226,-140,124,282,369,291
140,395,267,-275,-74,330,-216,-156,104,314,355,272
137,374,261,-248,-83,330,-209,-143,87,277,350,251
122,390,221,-236,-51,307,-223,-142,128,307,331,273
156,375,241,-245,-38,305,-227,-152,110,273,325,258
125,358,227,-249,-61,300,-201,-150,101,273,343,229
126,349,247,-242,-44,268,-179,-160,114,242,314,245
135,332,227,-231,-40,276,-192,-141,101,259,312,242
114,338,229,-241,-82,272,-180,-154,117,259,313,209
102,334,222,-232,-50,283,-167,-135,115,265,290,218
107,303,199,-210,-42,269,-182,-116,94,250,283,229
103,322,197,-198,-18,256,-151,-114,104,223,287,229
96,303,220,-213,-42,251,-143,-124,75,208,250,217
99,283,188,-184,-19,220,-162,-134,92,213,257,208
99,290,187,-189,-40,252,-158,-96,80,217,251,194
100,272,169,-193,-54,225,-127,-97,78,207,235,185
83,252,168,-183,-30,208,-139,-104,81,214,237,155
90,256,171,-196,-23,207,-128,-101,77,208,244,169
76,255,176,-166,-31,201,-141,-87,75,194,227,166
75,214,152,-158,-40,187,-111,-101,73,170,193,171
76,237,147,-175,-36,196,-131,-92,92,146,198,162
82,233,146,-124,-46,174,-128,-72,69,147,204,152
100,224,138,-163,-35,161,-106,-92,54,166,178,132
72,210,116,-145,-30,174,-97,-81,62,155,145,137
82,200,146,-139,-26,126,-121,-79,42,155,182,142
56,188,111,-129,-12,137,-86,-75,51,129,170,128
74,168,115,-121,-33,160,-109,-80,66,121,138,124
78,169,132,-126,-44,151,-114,-75,55,138,173,133
65,170,123,-115,-36,126,-103,-83,50,105,153,119
70,161,102,-114,-19,137,-82,-85,34,113,121,88
36,138,93,-91,-13,126,-88,-79,53,127,140,89
35,140,92,-80,2,122,-69,-70,26,121,136,85
45,142,99,-83,-29,118,-76,-43,55,98,128,80
55,125,79,-98,-21,90,-75,-58,35,87,111,94
38,120,74,-77,-14,102,-70,-56,38,103,105,92
46,109,93,-80,-11,100,-65,-34,25,97,92,92
45,127,76,-86,-12,82,-58,-46,21,65,85,91
51,101,67,-80,-19,79,-71,-26,49,77,100,59
29,103,77,-67,-16,69,-36,-51,33,73,98,66
34,104,54,-78,-17,71,-36,-40,31,97,78,77
30,87,67,-79,-16,111,-55,-42,41,68,82,66
43,92,84,-68,-10,73,-38,-57,34,59,90,47
31,65,35,-58,-26,69,-25,-24,34,73,68,51
31,90,31,-52,-17,55,-29,-21,14,47,62,58
16,68,53,-38,-2,72,-46,-35,22,54,59,68
34,87,51,-31,-18,71,-63,-28,1,56,84,62
30,76,61,-30,-17,45,-28,-28,10,50,71,49
24,77,53,-47,4,31,-24,-32,38,37,54,43
31,66,35,-52,-18,69,-48,-39,16,48,69,38
27,51,52,-22,-23,40,-34,-9,5,20,44,18
29,42,20,-35,-35,50,-25,-38,29,48,52,26
15,58,27,-38,-5,50,-12,-21,1,66,56,51
10,54,38,-43,-33,18,-20,-34,23,34,41,38
19,42,34,-20,3,41,-33,-31,19,52,55,54
0,59,45,-32,-10,41,-18,-30,15,31,37,41
11,47,20,-44,1,32,-27,-13,-10,24,53,44
14,49,30,-26,-2,42,-29,-10,8,6,56,31
29,5,42,-18,-10,49,3,-12,30,53,47,25
23,37,32,-15,-10,29,-11,11,18,48,53,38
12,48,28,-37,12,15,-1,-40,19,20,40,31
28,25,24,-16,-25,24,-16,-13,11,25,32,-5
5,45,34,-14,16,26,-14,-15,24,7,29,29
0,24,-1,0,-7,17,-19,-20,-9,20,30,29
20,31,27,-53,-17,36,-28,-41,13,10,44,14
29,32,24,-24,-20,27,-24,-28,17,14,29,14
5,41,19,-33,9,23,1,10,19,12,22,19
11,38,11,-20,4,43,-9,-8,-2,13,24,25
14,40,13,-30,0,14,-30,-5,6,12,37,2
13,30,28,-6,-16,15,3,-19,12,42,6,20
0,7,24,-23,-26,25,-14,-19,8,31,24,31
12,23,10,-19,-11,21,-23,-13,8,30,38,34
5,19,29,-10,17,2,-2,-21,21,8,26,17
7,37,33,9,-12,40,-27,-5,25,30,13,16
26,16,6,-26,-16,21,-14,-12,35,45,43,15
16,33,25,-4,5,-3,-12,-16,21,24,40,30
27,22,9,-20,-24,29,-8,-21,-2,20,37,23
6,25,13,-26,5,16,-11,4,-17,18,26,25
-6,40,23,-8,-10,28,-17,-24,8,28,14,7
8,27,4,-12,-20,21,9,-19,11,7,47,22
6,29,4,-14,-8,27,-12,-17,-2,22,18,25
25,22,2,-27,-9,24,-13,-28,20,4,38,1
15,28,30,-8,-7,46,-4,-18,-6,42,17,-1
-17,30,35,-3,-27,-2,-2,-2,20,20,20,4
-2,24,25,-10,5,4,-16,-5,32,24,14,-6
4,19,21,-26,-12,25,-19,-24,7,33,16,21
-9,43,14,-22,-6,-1,-13,-12,5,19,-2,29
10,45,27,-14,9,21,-7,-4,-6,36,35,13
7,2,17,0,-4,7,-6,-7,-7,27,24,1
27,31,11,1,-11,30,7,-5,23,20,18,31
9,2,14,-19,-9,15,13,-26,-4,27,33,7
8,7,37,-27,-3,-11,-3,-7,3,13,9,11
4,34,26,-5,-22,15,-2,-26,-4,22,-5,19
20,39,13,-31,-9,31,-8,-6,12,19,17,52
19,21,-4,-29,-17,2,1,0,12,12,27,10
-4,36,18,-21,8,50,-36,-6,11,-3,30,7
6,17,25,-1,10,36,-19,-12,17,25,24,5
-22,-2,4,-26,-1,8,-16,-4,14,-7,22,3
18,40,9,-35,11,22,-24,-15,22,24,1,26
12,38,-2,3,-14,29,4,-10,6,9,29,7
14,28,11,-15,2,12,-1,-44,24,13,18,35
-8,25,16,-6,0,34,-15,-11,22,14,13,15
17,5,7,-8,-4,16,-2,-28,9,45,33,6
-7,30,20,-21,-13,25,9,6,4,-14,23,4
26,17,15,-35,-14,12,-12,-16,36,16,21,17
7,33,29,-13,-14,32,-34,16,17,4,26,26
6,22,28,-43,-5,14,-1,-21,9,22,19,-7
12,19,8,-18,4,21,-31,-13,10,15,30,19
4,23,-7,-14,-17,18,-33,-7,15,42,35,-1
6,-1,7,-24,2,34,-8,-20,-3,30,13,30
33,20,17,-29,-10,32,-12,-10,44,14,42,29
0,39,29,-12,-6,21,-6,-33,-14,20,21,6
10,26,18,-14,-10,21,-26,-22,19,10,31,19
-2,17,4,-16,3,-5,3,-15,-1,3,20,9
2,40,28,-9,-3,34,-13,-14,22,21,7,22
18,10,13,-16,3,28,-3,-16,6,-4,32,27
-16,36,3,-15,9,7,-17,-42,10,14,17,35
-10,23,11,8,11,35,-7,-16,11,22,26,19
11,50,24,-30,-28,46,-22,-9,4,16,20,39
14,11,-8,-18,-15,31,-24,4,3,5,28,3
0,33,15,-9,-13,5,-19,-20,-9,22,16,25
-7,32,-2,-32,6,34,5,-2,19,4,29,11
1,38,9,-29,-7,28,13,-26,-14,17,19,26
23,12,33,-20,-4,13,11,-7,18,16,18,10
-2,8,19,9,-9,20,-17,-7,29,28,27,22
8,36,-9,-40,1,-3,-37,-27,24,19,10,6
-5,27,12,-14,25,30,-23,6,15,19,14,8
10,29,9,-25,-17,61,18,8,16,14,27,11
23,3,20,-26,3,13,-6,-5,7,8,28,34
8,32,8,-15,6,28,-13,19,10,23,29,24
22,12,6,-7,-11,27,-22,-14,-2,8,2,22
5,26,8,-2,-7,-6,-22,-9,-3,31,11,23
6,24,8,-30,-27,21,17,1,6,30,2,7
-4,25,25,-21,-13,13,2,-12,20,11,12,-1
20,23,29,-17,-15,29,-10,-8,-6,32,4,24
12,15,18,-26,5,6,-8,4,-3,9,-3,30
6,12,19,-24,15,18,-15,14,11,23,10,10
15,16,24,-15,6,0,-33,-19,25,-13,26,11
8,24,10,-10,7,15,-24,3,23,15,12,7
12,44,12,-11,4,1,-4,-13,28,17,30,-2
-6,21,23,-35,-7,41,-14,-15,13,9,23,1
12,19,26,-14,10,11,-7,-6,3,13,15,4
-4,15,-6,7,-2,3,-2,-23,4,25,27,2
-4,2,22,-37,-21,18,2,0,5,26,31,30
9,28,0,-18,-7,24,10,-13,10,10,10,29
-4,26,18,-17,-27,11,-15,-9,-1,23,14,26
-4,21,19,-19,3,5,-1,-8,17,-9,14,10
8,36,14,-5,-5,11,-24,-15,-14,19,0,21
6,-2,-13,-23,8,22,-35,-19,9,22,7,21
10,27,16,-27,-4,45,-20,9,24,42,23,10
26,28,18,-2,-1,6,-19,-17,-2,14,26,16
6,16,11,-22,-13,14,9,-23,15,7,48,8
17,35,23,-18,-27,21,-12,8,20,44,3,7
4,32,0,-4,-5,35,-10,-46,11,22,11,11
30,38,6,-18,5,14,-27,-21,6,24,3,9
17,25,1,-17,-4,-1,-19,0,4,27,32,10
17,18,22,-39,-9,29,-31,2,27,18,17,10
-13,44,38,-22,-2,42,-19,-25,8,7,20,31
1,28,26,-19,5,21,-28,2,9,21,36,17
13,48,17,-24,-20,22,-19,-14,-10,31,9,17
9,38,18,-28,-14,18,2,1,7,30,32,10
26,30,26,-27,8,38,-20,-14,33,21,42,13
16,24,23,-28,-6,38,10,-5,7,23,36,43
37,50,27,-34,24,12,-52,-7,26,42,22,29
23,39,32,-18,13,38,-20,-15,4,23,45,6
11,37,29,-41,-19,22,-32,-6,16,8,51,20
16,22,10,-27,25,25,-16,-3,10,20,35,20
2,33,31,-5,16,33,11,-1,-5,32,44,35
9,46,21,-15,4,45,-25,-27,20,16,37,41
16,40,25,-33,-3,27,-37,-17,19,47,38,41
3,45,17,-30,-19,39,-42,-32,8,28,26,41
32,41,25,-44,12,36,-23,-9,7,15,35,22
23,41,57,-28,-9,54,-32,7,3,22,49,65
13,79,17,-29,-22,61,-37,-19,31,48,66,21
32,46,43,-38,-14,56,-52,-34,12,66,76,52
7,70,43,-26,-18,43,-39,-10,23,44,59,60
30,56,49,-36,-4,54,-17,-16,28,69,65,29
34,83,40,-34,6,56,-55,-17,4,59,59,46
35,78,46,-47,-8,69,-61,-38,11,74,53,31
29,105,65,-61,-8,71,-64,-36,21,74,100,57
35,110,55,-51,-11,66,-58,-15,21,48,89,64
28,104,73,-58,-16,76,-51,-48,34,61,87,91
12,102,62,-60,-18,91,-71,-52,24,67,109,57
24,76,47,-66,20,95,-54,-42,43,87,107,82
27,131,83,-85,-11,117,-87,-64,42,108,100,74
73,138,65,-99,2,105,-78,-61,34,109,125,95
49,141,90,-101,-6,113,-52,-47,31,90,147,86
40,155,107,-93,-31,129,-80,-60,53,123,112,95
57,167,118,-106,-4,111,-93,-50,61,93,148,100
42,170,97,-97,-25,168,-69,-68,38,82,147,108
73,164,92,-101,-28,155,-98,-57,42,143,164,137
55,200,110,-97,-32,166,-89,-67,61,135,175,145
55,175,139,-123,-19,146,-121,-91,69,125,159,125
75,208,112,-135,-16,164,-100,-55,49,162,159,139
78,216,125,-151,-10,165,-92,-60,75,153,189,122
68,184,147,-141,-22,185,-114,-91,75,147,192,159
73,226,153,-147,-27,186,-120,-88,68,172,206,159
90,240,146,-147,-51,196,-105,-91,73,180,209,157
81,226,143,-136,-28,183,-134,-87,72,177,207,178
85,248,158,-154,-28,213,-136,-96,59,192,215,173
101,241,181,-155,-37,196,-127,-91,82,213,203,177
108,258,164,-160,-63,214,-137,-84,77,181,201,180
97,250,166,-163,-43,212,-116,-116,87,193,220,200
96,277,180,-194,-57,230,-165,-113,77,202,232,189
108,280,188,-170,-48,195,-138,-111,81,201,252,193
98,292,177,-209,-57,223,-160,-123,81,217,250,185
108,277,180,-178,-14,242,-164,-101,104,204,228,194
100,290,192,-196,-37,236,-154,-106,82,220,271,201
97,301,182,-184,-37,232,-157,-115,86,206,245,183
110,297,149,-199,-35,228,-168,-125,80,188,248,202
115,289,186,-175,-48,240,-153,-77,101,216,257,206
118,276,185,-215,-47,231,-160,-113,79,199,268,217
124,284,198,-198,-36,237,-159,-107,88,208,241,195
90,269,179,-194,-30,246,-165,-106,67,182,233,193
105,290,173,-176,-62,265,-153,-114,72,211,214,188
97,264,160,-189,-56,227,-142,-112,57,208,221,197
106,247,193,-185,-33,223,-150,-123,91,187,250,190
83,260,170,-181,-28,212,-150,-89,81,201,254,183
93,266,175,-165,-41,204,-140,-114,88,206,213,198
90,255,175,-165,-60,197,-153,-92,63,177,244,179
85,240,166,-153,-35,181,-148,-94,70,144,209,190
61,224,159,-144,-30,200,-119,-88,71,179,193,150
89,228,154,-158,-36,197,-137,-87,72,189,201,154
75,216,151,-140,-27,183,-131,-70,65,182,201,145
75,197,135,-118,-5,187,-107,-96,73,182,182,153
74,222,127,-139,-30,161,-119,-59,54,163,172,169
70,180,121,-125,-40,153,-122,-79,58,136,194,127
63,193,123,-113,-20,173,-104,-64,67,121,169,127
58,156,132,-116,-8,130,-71,-68,44,125,160,133
59,152,121,-106,-11,131,-99,-72,23,120,151,117
50,139,111,-116,-18,124,-69,-64,65,122,145,127
59,132,88,-93,-20,123,-81,-47,49,102,108,110
39,148,78,-96,-3,138,-87,-77,34,91,107,78
59,116,117,-83,-34,120,-93,-52,44,111,124,79
52,122,76,-63,-42,100,-62,-51,64,87,129,75
38,111,74,-77,-10,89,-65,-39,25,77,88,65
40,135,80,-63,-4,81,-65,-43,30,55,105,84
23,102,59,-64,-24,86,-52,-33,51,53,124,58
44,81,52,-79,-26,85,-54,-31,41,68,61,47
17,86,80,-51,-18,72,-50,-44,22,68,70,61
14,80,55,-54,-1,52,-38,-18,15,55,48,68
32,71,49,-59,-4,41,-49,-19,9,52,46,52
12,57,46,-53,7,56,-50,-37,36,84,50,36
7,74,39,-11,-5,40,-11,-41,16,29,55,39
1,62,41,-50,10,54,-33,-12,16,40,53,54
4,47,24,-26,15,23,-23,-1,7,38,39,33
23,42,19,-37,-10,33,-26,-20,23,25,45,38
-6,36,23,-3,-18,30,-22,-20,12,22,37,25
5,45,10,-31,-3,23,-12,-22,32,31,35,28
22,62,14,-33,-11,27,-41,-8,10,26,50,27
18,29,21,-28,22,18,-14,3,31,6,42,33
3,46,36,-18,-8,42,-5,-10,31,11,34,22
16,29,28,-28,-26,26,-22,-27,28,12,3,14
2,25,15,-7,-12,16,-3,-12,4,24,53,1
19,20,20,-27,-7,41,15,-14,5,24,8,12
-13,26,-7,-21,-5,10,-13,-36,5,-11,-4,32
22,21,6,-9,20,6,-18,-16,7,-14,27,3
3,13,-6,-27,2,20,-19,-8,12,-5,7,16
20,3,-4,-1,2,6,-14,-15,4,3,-1,-8
-1,11,0,-5,0,6,-13,1,-7,21,7,-14
-8,-4,-9,-3,-9,-4,-27,11,5,-16,-4,-7
-7,23,0,1,-8,-19,-16,-21,4,-17,5,7
-5,3,0,6,-18,18,35,-6,3,-11,7,-7
-16,-19,-27,-5,1,-14,21,-23,6,-9,-36,-2
-9,-17,0,-3,-1,-3,11,15,8,-14,-19,-5
-4,-27,-17,18,-5,-15,12,23,1,-3,-13,-40
-25,-17,-7,28,-1,-39,38,38,-12,-26,-39,-21
-8,-44,-38,58,19,-41,44,16,-29,-28,-18,-44
-20,-54,-39,40,-7,-34,33,10,1,-76,-73,-38
-27,-81,-36,45,33,-69,57,13,-26,-68,-61,-43
-20,-84,-38,36,40,-59,67,35,-35,-69,-82,-59
-71,-82,-80,55,-9,-95,47,36,-33,-95,-96,-67
-32,-110,-101,71,20,-94,68,53,-62,-103,-103,-99
-65,-134,-83,83,33,-106,85,27,-48,-94,-118,-119
-62,-126,-97,84,47,-110,90,66,-36,-109,-140,-91
-49,-128,-95,100,21,-126,83,55,-54,-94,-116,-93
-68,-143,-88,100,7,-127,81,60,-43,-120,-124,-118
-45,-149,-89,98,7,-113,101,48,-63,-107,-135,-104
-54,-138,-105,87,24,-105,93,47,-24,-85,-144,-98
-45,-136,-74,70,22,-118,73,40,-53,-112,-112,-88
-24,-95,-84,57,-2,-92,82,38,-48,-85,-97,-66
-31,-78,-58,51,19,-86,48,7,-32,-59,-72,-75
-14,-34,-27,37,21,-26,24,21,5,-25,-18,-43
10,9,15,-8,-1,8,19,2,-18,5,-5,29
9,69,39,-76,-6,64,-38,-13,11,65,59,52
43,154,80,-88,-5,118,-90,-57,51,89,124,95
73,217,127,-146,-35,197,-125,-81,78,157,192,161
110,289,201,-197,-36,245,-180,-109,81,216,285,225
144,371,240,-287,-42,336,-210,-145,115,300,374,286
171,480,336,-339,-80,406,-258,-188,160,375,457,359
232,603,399,-404,-94,468,-328,-232,188,461,524,414
246,665,440,-467,-85,596,-377,-263,182,488,608,483
259,785,485,-540,-114,634,-423,-305,244,562,720,522
287,857,577,-567,-115,731,-462,-351,237,635,766,595
341,932,590,-621,-141,792,-504,-377,290,694,817,634
331,1002,641,-690,-132,819,-535,-409,294,720,897,710
340,1015,673,-682,-160,875,-564,-403,314,753,918,707
350,1059,710,-724,-148,893,-595,-431,318,796,950,742
384,1068,703,-724,-164,882,-605,-420,308,813,950,734
380,1033,678,-711,-155,865,-568,-417,338,768,920,732
319,1007,650,-678,-139,834,-533,-390,290,753,897,694
349,940,604,-642,-155,808,-524,-380,268,701,848,662
299,853,553,-578,-143,725,-465,-344,249,650,765,606
257,781,525,-518,-108,629,-436,-304,238,587,692,558
243,660,443,-447,-97,551,-359,-269,209,499,624,468
196,589,377,-410,-77,480,-324,-227,162,434,509,404
149,464,309,-308,-71,406,-251,-188,130,349,432,330
128,359,256,-232,-56,310,-190,-151,97,255,327,260
77,260,176,-169,-21,224,-146,-105,86,201,248,195
59,178,85,-95,-26,133,-99,-65,54,150,145,106
27,67,44,-28,-1,59,-43,-25,33,55,70,49
1,-23,6,16,-9,-11,-4,-3,-13,14,-8,-6
-11,-106,-72,53,18,-67,50,40,-15,-47,-83,-62
-59,-124,-99,97,13,-138,75,38,-39,-97,-130,-99
-67,-199,-137,135,45,-155,102,66,-44,-147,-164,-155
-96,-228,-134,159,41,-202,127,79,-75,-177,-200,-151
-76,-254,-169,179,42,-208,156,110,-54,-190,-226,-185
-111,-269,-179,190,41,-234,162,130,-90,-187,-251,-181
-115,-308,-165,194,41,-233,152,91,-69,-214,-244,-183
-89,-276,-181,192,19,-241,162,103,-87,-195,-251,-213
-91,-292,-179,195,48,-258,166,113,-78,-217,-270,-206
-113,-270,-159,193,33,-239,147,116,-85,-223,-258,-203
-113,-274,-173,176,54,-226,166,109,-80,-183,-231,-199
-83,-248,-144,163,48,-205,131,82,-58,-182,-226,-173
-85,-230,-147,151,9,-190,129,83,-69,-152,-219,-154
-42,-211,-137,145,32,-171,110,81,-65,-162,-184,-144
-68,-158,-130,107,22,-144,124,84,-32,-145,-162,-128
-55,-159,-105,87,16,-125,91,64,-34,-133,-128,-133
-40,-154,-107,86,14,-136,69,76,-64,-110,-133,-101
-47,-110,-88,95,16,-122,82,57,-27,-100,-92,-91
-47,-107,-62,65,13,-71,49,52,-14,-88,-104,-67
-36,-109,-58,56,8,-88,67,39,0,-69,-107,-50
-42,-92,-65,76,22,-66,45,-8,-15,-44,-83,-43
-26,-82,-40,36,-5,-45,41,35,-18,-61,-73,-46
-4,-43,-29,51,2,-38,51,13,-25,-67,-54,-32
-9,-41,-28,47,15,-41,35,29,-29,-66,-54,-36
-11,-41,-41,33,13,-17,33,15,-9,-29,-39,-45
-25,-39,-43,12,14,-29,1,8,-8,-33,-27,-22
-12,-42,-25,1,14,-44,18,10,-11,-32,-42,-38
-2,-50,-35,27,1,-17,37,5,1,-22,-39,-27
-22,-30,-15,-9,-6,-13,23,25,-6,0,-36,2
-13,-38,-30,7,15,-20,16,45,-21,-37,-17,-12
-36,-41,-39,33,9,-18,13,32,1,-21,-35,-23
-8,-23,-27,12,14,-36,31,12,-13,-32,-31,-6
-33,-40,-33,17,8,-11,18,5,-15,6,-19,-4
-4,-16,-8,15,-23,-37,13,30,12,-12,-20,-8
-4,-27,-10,19,16,-26,20,24,-11,0,-5,-19
7,-39,-36,-4,-14,-19,29,-1,-32,-3,-18,-29
0,-55,3,30,-14,8,16,6,3,-14,2,3
-3,-13,-23,-4,27,-31,12,-6,-7,-17,-38,3
-7,-8,-7,35,-24,-4,7,11,-15,7,-25,-25
-9,-22,-15,18,5,-25,32,-2,-23,6,-26,4
6,-14,-5,25,4,0,9,5,-2,-10,-2,-4
11,-5,-24,13,0,-19,5,3,-6,-22,-4,5
-2,-16,-23,4,5,-13,3,-21,4,-10,1,-17
20,-5,-4,-4,-16,5,0,11,-4,7,14,3
-1,-14,1,8,-18,-19,3,-1,-5,21,7,-6
-16,25,-9,-5,-13,0,-12,-16,2,-4,-10,-2
-26,-9,17,15,18,-5,3,-22,12,-6,17,22
-1,-13,-11,-11,17,9,8,9,-16,18,27,-13
8,13,15,6,-7,-1,7,8,-2,18,29,19
-12,13,3,1,-5,20,-17,5,-7,25,15,4
-10,21,-2,-1,-4,7,0,10,13,24,2,31
8,40,24,5,-14,6,4,3,-13,35,15,28
22,22,11,-15,-12,38,-5,-24,-1,15,33,14
-2,10,21,-41,3,20,-11,-18,5,23,42,14
5,7,23,-18,-2,33,8,-23,16,4,40,5
24,39,15,5,-9,24,-12,8,13,36,28,40
25,36,16,-25,-6,46,-24,4,10,20,29,30
21,49,29,-16,-14,48,-11,-26,8,36,41,4
42,47,19,-38,-20,50,-18,-18,4,16,63,37
0,66,36,-28,-6,30,-33,-12,32,44,49,60
9,58,21,-51,-25,56,-27,-34,35,39,66,31
3,76,65,-40,-5,42,-61,-24,19,37,39,29
39,63,19,-57,-2,48,-42,-35,26,79,56,40
28,92,38,-42,-2,72,-52,-7,10,61,85,53
33,83,74,-48,-15,86,-60,-43,14,55,92,73
33,84,69,-55,-2,74,-39,-25,37,58,88,70
43,89,78,-65,-20,88,-57,-44,31,67,107,63
43,90,59,-90,-14,87,-63,-39,36,76,90,52
22,126,73,-78,-33,86,-51,-46,19,97,91,64
47,127,84,-95,-33,104,-82,-48,51,80,96,66
62,117,82,-92,-38,106,-66,-47,33,95,118,75
48,127,87,-98,-16,86,-64,-61,27,98,136,86
53,154,100,-92,-19,128,-109,-75,52,85,133,107
47,129,104,-95,-41,89,-84,-57,38,107,117,108
30,149,107,-99,-21,124,-63,-54,43,120,126,85
53,153,102,-105,-22,124,-67,-76,32,118,143,104
60,165,103,-100,-29,155,-78,-71,56,127,160,108
76,195,107,-111,-23,151,-114,-82,18,123,185,125
81,196,111,-113,-30,164,-97,-87,75,144,177,141
79,190,143,-124,-30,166,-94,-66,49,149,157,134
85,213,153,-126,-19,187,-128,-69,74,164,192,147
65,234,134,-137,-28,168,-133,-96,54,131,188,163
101,221,147,-161,-44,176,-120,-98,55,171,192,146
85,224,137,-158,-40,171,-101,-97,64,171,196,140
92,237,149,-171,-42,202,-109,-89,89,184,195,157
67,209,154,-164,-31,193,-138,-94,71,171,212,173
95,230,158,-179,-43,225,-140,-97,74,185,229,170
106,261,165,-188,-34,227,-121,-119,89,197,230,186
71,254,160,-179,-51,217,-157,-101,95,210,238,184
106,269,181,-197,-42,236,-151,-115,82,222,247,185
95,267,183,-191,-37,245,-142,-121,86,195,249,196
117,289,190,-188,-41,260,-158,-112,94,232,266,210
112,294,199,-203,-38,238,-174,-132,97,212,268,214
119,283,218,-207,-46,261,-168,-115,106,231,263,208
111,304,198,-224,-81,258,-191,-124,99,236,270,229
132,311,212,-221,-58,247,-183,-119,124,240,300,229
118,349,206,-214,-27,260,-204,-132,129,245,312,219
121,348,218,-230,-65,270,-183,-125,131,256,307,235
108,341,242,-233,-52,275,-198,-132,89,257,307,223
106,344,239,-249,-60,277,-190,-111,93,276,318,230
125,337,227,-248,-33,297,-193,-147,125,275,346,232
126,352,212,-248,-80,294,-188,-135,114,252,319,257
115,360,246,-243,-43,270,-188,-137,108,264,340,256
130,371,254,-274,-84,314,-218,-133,133,292,312,244
144,345,225,-253,-55,305,-193,-124,129,280,326,258
119,379,225,-288,-51,309,-194,-143,84,269,316,258
132,393,239,-267,-104,286,-205,-153,115,274,344,264
134,403,262,-246,-57,304,-205,-137,109,293,346,272
121,390,235,-271,-67,294,-226,-171,113,293,348,247
131,381,245,-255,-55,308,-202,-152,119,306,350,259
143,359,239,-248,-40,324,-204,-151,127,296,350,248
153,380,236,-280,-55,339,-199,-131,111,297,352,288
130,372,228,-282,-55,310,-214,-149,113,286,340,267
138,378,242,-251,-66,297,-218,-138,113,298,348,263
125,389,242,-252,-54,290,-199,-135,127,275,359,284
143,371,234,-265,-50,316,-208,-155,116,276,341,240
133,383,247,-257,-48,310,-227,-136,129,289,353,254
126,374,220,-248,-66,292,-211,-151,102,262,326,268
133,376,260,-264,-63,317,-192,-129,128,258,331,257
143,378,250,-241,-42,303,-211,-118,124,265,339,271
114,343,249,-226,-54,295,-214,-124,106,251,303,267
133,352,225,-252,-56,296,-219,-151,103,280,343,256
126,361,235,-218,-58,307,-182,-125,99,264,319,249
126,341,239,-244,-56,293,-176,-144,119,256,310,227
123,349,226,-242,-43,297,-197,-146,97,266,286,236
124,356,211,-226,-72,284,-203,-153,106,263,303,261
130,325,188,-210,-47,263,-200,-132,92,249,304,244
110,311,216,-209,-55,256,-171,-104,91,230,283,225
121,311,200,-225,-54,261,-157,-142,76,250,287,212
90,299,195,-212,-31,239,-167,-101,108,250,276,209
112,284,213,-210,-34,251,-166,-137,81,206,252,208
105,284,212,-178,-43,240,-163,-132,96,218,243,195
120,303,191,-194,-15,250,-153,-99,76,210,258,208
79,270,188,-223,-38,243,-135,-114,73,208,235,197
86,289,165,-173,-66,219,-129,-124,80,212,238,200
107,264,166,-200,-21,199,-125,-106,79,175,249,190
98,246,167,-181,-24,202,-142,-81,78,188,210,186
86,232,156,-163,-17,193,-120,-95,66,169,212,152
76,226,168,-143,-31,208,-134,-89,68,165,206,168
97,222,155,-142,-43,180,-130,-80,65,166,209,167
86,229,143,-147,-24,198,-112,-95,61,162,206,152
54,224,141,-160,-14,150,-112,-75,54,153,187,143
81,176,121,-146,-60,178,-115,-98,74,152,173,162
69,201,140,-139,-29,163,-106,-69,50,128,163,154
46,162,136,-129,-11,157,-105,-66,43,132,164,103
58,169,104,-98,-5,134,-89,-82,45,127,145,126
64,152,87,-116,-17,127,-102,-64,53,125,161,112
43,152,110,-90,-36,124,-85,-66,27,114,144,105
45,164,113,-94,-27,136,-64,-53,36,121,138,125
58,142,88,-111,-30,122,-58,-47,54,106,127,81
51,136,91,-81,-21,110,-71,-40,48,101,134,85
34,114,92,-50,-9,119,-45,-52,45,98,104,94
65,107,84,-76,-26,54,-53,-47,38,70,96,76
47,89,70,-80,-10,73,-43,-67,24,69,117,72
16,108,58,-60,-23,82,-25,-33,45,62,67,75
15,97,51,-37,1,56,-53,-37,17,57,59,82
20,72,45,-60,-20,74,-64,-25,20,59,61,46
33,56,49,-51,-10,63,-64,-48,25,18,75,44
4,71,38,-36,4,50,-31,-37,33,29,75,51
28,54,16,-34,0,45,-31,-29,-3,31,29,43
26,56,26,-24,-16,47,-43,-35,12,45,24,46
3,37,27,-36,5,23,-24,2,7,35,50,35
6,29,7,-20,-3,16,-23,2,-1,49,42,33
15,40,27,-31,3,39,-18,-2,-3,8,29,10
11,29,21,-56,-1,23,-10,1,6,22,20,12
3,13,3,-34,-15,-1,-17,1,15,10,6,-2
3,19,13,-6,-13,14,-2,-2,3,5,4,17
20,7,7,6,-17,-1,24,10,22,13,9,-9
-11,-9,12,-28,-11,-5,24,1,2,9,-12,5
0,-14,5,1,-2,-11,12,9,-29,12,-22,21
8,-8,-16,12,-1,-12,17,0,-1,3,-4,-3
-2,1,-8,17,-3,-27,13,15,-19,-8,-7,-13
-17,-35,-15,-1,21,-22,-7,13,12,-9,-27,-33
-17,-54,2,28,4,-31,10,23,2,-5,-9,-32
-4,-30,-29,12,-8,-16,11,-18,-21,-38,-19,1
10,-49,-33,27,9,-10,-3,12,3,-21,-58,-21
-13,-25,-43,32,-8,-32,13,11,-7,-24,-34,-17
-7,-33,-40,39,7,-43,25,17,-15,-24,-60,-28
-41,-38,-16,18,-13,-28,20,0,-25,-37,-55,-49
-9,-40,-18,51,3,-11,23,25,-25,-22,-41,-49
-20,-42,-31,34,14,-29,22,5,-11,-29,-50,-43
-25,-47,-17,33,-17,-38,54,44,-9,-24,-50,-16
-6,-69,-55,29,-7,-67,31,25,-11,-24,-57,-29
-27,-68,-36,48,20,-27,23,31,-34,-27,-44,-50
-43,-52,-43,26,11,-30,35,14,-22,-40,-53,-44
-32,-78,-29,41,13,-46,33,6,-29,-60,-45,-49
-30,-61,-41,44,13,-41,35,16,-4,-69,-47,-45
-31,-65,-60,62,22,-41,40,41,-23,-39,-73,-42
-34,-71,-59,22,-5,-43,32,40,-13,-45,-58,-52
-42,-85,-42,39,7,-69,19,11,-25,-49,-66,-37
-19,-79,-44,55,18,-68,21,43,-29,-27,-57,-36
-37,-65,-35,46,15,-84,35,5,-35,-47,-52,-52
-24,-77,-35,35,-23,-65,37,29,-19,-50,-69,-45
-47,-78,-57,72,12,-71,61,36,-25,-73,-53,-57
-23,-79,-60,70,21,-50,57,23,-28,-26,-79,-51
-32,-61,-56,38,4,-53,46,38,-31,-43,-88,-53
-29,-70,-45,13,16,-84,25,33,-6,-62,-63,-64
-21,-73,-45,54,18,-62,44,26,-8,-71,-55,-56
-17,-74,-59,45,28,-80,53,37,-25,-49,-57,-36
-36,-88,-55,75,19,-52,37,29,-20,-50,-86,-33
-13,-84,-43,70,11,-43,26,34,-25,-50,-64,-62
-60,-73,-65,54,10,-93,41,15,-32,-66,-48,-66
-11,-86,-38,70,17,-53,61,28,-36,-58,-60,-52
-26,-61,-51,70,-3,-58,35,25,-13,-59,-67,-76
-40,-91,-47,61,14,-55,59,44,-44,-66,-92,-54
-44,-91,-79,48,17,-58,51,25,-46,-61,-80,-45
-39,-100,-50,79,12,-56,42,18,-23,-64,-67,-67
-20,-54,-61,63,28,-73,44,23,-27,-81,-95,-71
-45,-88,-57,54,-1,-76,47,29,-4,-49,-100,-72
-34,-66,-61,60,11,-64,53,31,-37,-54,-62,-59
-19,-86,-51,62,5,-96,49,35,-1,-58,-82,-52
-58,-90,-44,36,-1,-89,51,30,-22,-76,-75,-45
-47,-87,-61,77,28,-69,21,28,-30,-73,-74,-42
-47,-72,-41,55,4,-84,44,14,-38,-66,-82,-65
-17,-75,-70,50,15,-74,38,37,1,-78,-85,-61
-22,-61,-47,54,17,-76,43,19,-27,-36,-50,-67
-31,-98,-59,68,-2,-79,69,32,-15,-62,-90,-64
-29,-82,-56,72,30,-53,65,34,-20,-39,-97,-44
-43,-59,-41,69,17,-66,19,29,-43,-71,-77,-72
-35,-91,-46,62,3,-82,46,35,8,-58,-85,-68
-31,-99,-72,58,17,-51,50,49,-25,-69,-80,-63
-39,-78,-69,56,-14,-56,69,46,-22,-76,-80,-61
-21,-85,-50,61,10,-89,54,46,-44,-72,-91,-72
-41,-82,-64,49,16,-80,53,31,-12,-75,-70,-61
-20,-76,-57,55,12,-57,53,22,-30,-72,-68,-83
-44,-94,-64,58,13,-70,57,10,-18,-64,-79,-55
-13,-69,-63,92,12,-68,34,38,1,-65,-83,-69
-34,-73,-66,39,24,-83,56,23,-38,-64,-70,-81
-32,-72,-56,49,18,-66,46,19,-15,-79,-76,-62
-28,-75,-62,53,12,-78,51,30,-21,-58,-83,-61
-28,-79,-73,61,15,-59,62,51,-34,-86,-81,-56
-16,-94,-61,62,6,-68,53,58,-38,-65,-89,-73
-42,-75,-73,62,32,-78,40,33,-36,-60,-74,-78
-41,-90,-71,44,15,-97,56,36,-24,-60,-87,-66
-36,-99,-57,66,18,-70,30,27,-23,-72,-83,-40
-20,-81,-71,44,9,-69,48,44,-28,-63,-76,-51
-30,-80,-65,70,18,-66,51,16,-27,-60,-65,-52
-27,-87,-39,63,10,-54,42,33,-44,-65,-72,-65
-18,-83,-36,65,19,-63,39,29,-11,-48,-81,-71
-38,-82,-35,55,24,-61,58,50,-19,-55,-95,-65
-21,-88,-44,55,34,-82,35,55,-38,-69,-80,-50
-25,-84,-54,68,18,-80,59,55,-16,-75,-73,-58
-13,-92,-63,70,4,-76,63,41,-24,-71,-76,-88
-26,-89,-39,53,2,-69,46,31,-16,-67,-77,-49
-60,-79,-75,63,26,-82,60,39,-28,-65,-69,-75
-41,-93,-80,54,24,-67,63,7,-1,-64,-46,-59
-27,-73,-38,46,5,-91,55,10,-24,-76,-84,-64
-31,-89,-48,44,1,-77,63,41,-48,-66,-64,-60
-39,-89,-57,80,17,-66,55,38,-29,-49,-74,-49
-16,-57,-75,70,33,-73,51,55,-30,-61,-77,-61
-49,-64,-61,64,13,-67,39,21,-41,-60,-70,-51
-52,-101,-35,54,8,-81,39,31,-6,-58,-59,-77
-38,-63,-42,45,18,-49,40,38,-34,-83,-69,-61
-31,-82,-60,49,9,-84,52,29,-27,-69,-73,-62
-7,-94,-45,72,18,-80,33,27,-34,-93,-73,-71
-20,-106,-71,59,31,-67,57,30,-14,-77,-81,-52
-26,-63,-41,65,16,-87,46,12,-35,-68,-86,-33
-48,-81,-43,53,27,-67,60,46,-24,-73,-72,-44
-27,-94,-58,53,34,-81,53,37,-30,-71,-83,-67
-46,-94,-48,46,18,-77,54,62,3,-34,-85,-55
-35,-65,-44,34,12,-71,29,41,-11,-61,-98,-53
-50,-89,-60,44,23,-68,62,33,-51,-66,-73,-73
-15,-90,-53,52,16,-79,40,42,2,-73,-57,-76
-32,-108,-47,65,9,-80,47,32,-5,-65,-74,-71
-21,-82,-37,62,19,-96,48,30,-36,-63,-75,-49
-13,-73,-65,44,23,-74,49,14,-20,-75,-84,-48
-25,-78,-48,66,21,-56,25,24,-20,-72,-67,-70
-18,-75,-50,63,22,-74,42,45,-8,-29,-70,-51
-26,-70,-56,82,15,-85,46,34,-4,-58,-83,-67
-51,-69,-33,49,11,-86,45,48,-27,-58,-75,-49
-43,-76,-56,65,13,-77,30,50,-18,-81,-91,-58
-33,-73,-66,50,11,-37,43,9,-33,-53,-64,-73
-39,-68,-54,47,12,-87,42,32,-20,-46,-83,-47
-24,-96,-56,46,-13,-81,50,29,-29,-48,-56,-42
-24,-73,-64,60,20,-52,45,27,-3,-64,-82,-66
-34,-75,-42,63,4,-90,50,25,-48,-99,-54,-35
-24,-87,-59,54,12,-74,55,49,-50,-55,-74,-50
-33,-94,-69,66,13,-64,53,30,-31,-49,-74,-61
-34,-89,-57,21,7,-40,35,44,-21,-72,-57,-75
-21,-71,-45,50,15,-85,38,30,-19,-55,-73,-40
-33,-80,-53,50,24,-49,47,25,-48,-43,-72,-56
-53,-86,-35,39,14,-56,30,13,-32,-41,-85,-77
-17,-59,-44,54,20,-69,42,41,-10,-49,-83,-71
-23,-91,-54,66,-15,-74,50,23,-22,-66,-90,-51
-32,-57,-46,49,-19,-67,75,28,-32,-52,-82,-51
-30,-64,-38,60,24,-56,51,26,-3,-63,-86,-68
-22,-85,-38,38,12,-90,42,28,-42,-53,-103,-68
-47,-79,-39,56,-1,-69,55,32,-34,-50,-72,-40
-37,-89,-57,53,1,-52,30,37,-54,-40,-75,-48
-24,-61,-62,38,-5,-72,32,17,-18,-65,-76,-44
-28,-68,-58,38,27,-56,29,49,-27,-51,-50,-49
-7,-79,-44,65,19,-60,20,19,-9,-47,-62,-54
-36,-103,-49,63,12,-47,37,20,-38,-60,-87,-50
-59,-85,-49,55,5,-65,29,14,-3,-46,-76,-57
-29,-53,-46,71,23,-52,39,46,-30,-69,-71,-37
-41,-68,-28,41,26,-56,41,22,-28,-50,-75,-53
-47,-53,-48,53,14,-67,21,30,-10,-55,-61,-53
-19,-76,-30,40,24,-40,41,33,-5,-37,-92,-53
-30,-61,-36,37,18,-45,51,39,-21,-67,-50,-49
-14,-45,-35,59,15,-45,16,32,-12,-40,-54,-42
-8,-51,-28,37,8,-53,35,26,-16,-53,-16,-38
-18,-44,-47,55,8,-14,11,25,-29,-59,-73,-36
-4,-45,-32,40,13,-45,33,1,-24,-44,-64,-42
-37,-40,-45,33,21,-38,4,8,7,-33,-62,-25
-11,-38,-34,52,-2,-21,45,13,8,-20,-46,-9
-8,-17,-20,34,0,-33,23,10,-11,-41,-6,-10
7,-20,-29,20,27,-16,17,-2,-12,-33,-45,-25
-9,-13,-21,25,2,-31,1,22,-13,-14,-32,-26
-17,-26,-10,44,9,-40,-12,26,-25,-24,-18,-26
-1,-14,-13,0,17,-32,-2,16,-1,-7,-27,3
5,-33,6,3,31,-6,26,-8,-11,-13,-8,14
12,-14,-2,26,3,-17,2,0,-1,-3,2,-17
-10,-5,-16,-10,0,-3,1,-4,-15,8,-9,-10
20,6,22,-3,7,16,6,12,11,-6,19,13
11,1,-9,8,-7,16,-26,2,-1,9,-5,19
6,10,4,-28,-14,19,2,-26,10,14,14,0
-6,23,9,-18,-16,27,-20,-31,7,7,33,24
25,40,21,-28,14,35,-34,10,4,18,15,28
15,43,26,-45,-5,30,-14,-16,2,44,34,23
23,59,37,-12,-27,47,-35,-4,15,11,66,26
22,44,42,-51,-18,55,-20,-36,8,50,41,35
27,57,47,-53,-12,52,-49,-40,50,39,93,63
31,40,54,-52,3,91,-29,-30,28,67,72,73
35,84,46,-73,-27,84,-48,-44,34,77,75,46
29,93,78,-58,-10,80,-62,-16,44,74,92,60
55,117,65,-70,-13,74,-58,-25,22,90,80,91
18,107,75,-105,-19,109,-81,-53,57,66,112,95
28,131,75,-80,-34,91,-68,-54,38,91,121,91
61,153,93,-101,-14,128,-77,-44,48,78,104,73
66,147,86,-89,-35,119,-71,-32,36,106,108,100
50,168,93,-117,-21,119,-71,-71,44,109,118,123
44,156,98,-115,-34,149,-79,-59,25,122,127,129
47,172,112,-111,-17,133,-77,-57,47,126,135,95
56,186,97,-133,-24,161,-86,-48,65,123,165,100
56,173,126,-125,-19,141,-89,-48,54,124,178,125
54,185,109,-124,-37,129,-119,-60,64,134,171,138
55,203,135,-122,-23,135,-114,-79,54,120,156,121
47,191,115,-145,-39,142,-112,-67,48,140,164,119
64,180,131,-111,-45,157,-131,-55,62,128,180,142
59,201,112,-129,-9,157,-112,-96,51,147,186,133
57,222,144,-130,-24,163,-106,-81,82,153,186,134
74,206,128,-116,-52,185,-105,-50,33,145,189,119
75,192,129,-144,-37,161,-97,-78,55,146,175,117
60,220,106,-153,-31,177,-125,-87,65,140,188,153
65,201,136,-163,-26,154,-89,-66,57,131,177,136
82,188,130,-121,-34,174,-118,-95,58,148,166,150
76,189,131,-151,-48,167,-122,-74,40,135,195,150
73,200,126,-151,-12,144,-102,-83,63,131,180,145
40,186,129,-139,-50,154,-102,-84,52,142,163,123
64,184,127,-130,-14,164,-123,-87,50,113,147,136
53,198,113,-116,-23,150,-93,-76,66,112,132,145
66,182,117,-92,-30,137,-112,-55,39,143,168,116
47,178,87,-106,-4,132,-107,-62,52,117,123,124
75,160,87,-102,-24,147,-91,-74,76,127,157,126
62,157,81,-97,0,115,-101,-52,48,87,137,94
47,140,104,-80,-7,118,-86,-75,48,95,144,118
53,113,97,-97,-30,120,-66,-37,44,105,125,100
79,144,101,-91,-42,118,-77,-73,14,115,122,87
52,121,102,-63,-14,109,-67,-46,23,89,112,63
11,106,39,-77,-29,90,-44,-33,33,69,97,75
18,86,66,-61,0,75,-52,-39,29,71,84,58
46,84,33,-70,-20,88,-46,-37,40,64,98,61
40,77,44,-46,-1,50,-42,-38,33,56,85,66
11,79,35,-41,-33,63,-19,-33,38,58,55,65
13,65,46,-40,-12,65,-40,-22,22,31,60,45
25,26,25,-42,9,39,-25,-27,-5,40,31,29
16,43,10,-41,-18,35,-48,-29,23,29,42,34
8,44,5,-29,-18,26,-9,-19,0,26,27,21
11,41,21,-23,0,38,-16,-8,12,22,25,16
39,15,18,0,-13,22,-7,-1,11,0,12,1
-7,16,12,-9,-21,-4,6,-4,6,5,26,16
0,9,-10,-16,2,-6,-12,-4,3,-2,-15,0
12,23,0,25,-22,-11,5,-12,5,17,-18,-1
-4,-4,-18,-7,-2,6,-3,2,-8,-11,10,17
-14,-15,-6,6,-6,-6,-18,1,-3,4,-11,-21
-3,-14,8,19,-8,-12,0,2,-4,-13,-27,-17
-13,-14,-21,20,15,-20,16,-4,-24,-22,-38,-6
-2,-70,-38,20,-17,-32,10,-15,-8,-16,-5,-8
10,-30,-42,20,-5,-39,30,21,-14,-30,-36,-16
-28,-40,-30,34,21,-41,11,22,-30,-41,-46,-44
-10,-61,-48,28,8,-42,28,21,-21,-30,-50,-27
-13,-58,-58,34,7,-10,29,13,-1,-23,-55,-27
-11,-57,-30,32,-11,-34,28,26,-19,-66,-43,-34
-28,-70,-38,27,1,-46,29,10,-7,-60,-53,-17
-30,-57,-42,51,-7,-64,29,24,14,-31,-66,-22
-7,-61,-46,31,10,-52,47,21,-13,-37,-36,-46
-28,-59,-27,27,15,-58,50,17,-8,-42,-60,-47
-15,-69,-24,29,14,-56,47,36,-56,-39,-42,-60
-16,-66,-55,51,16,-39,57,37,-14,-57,-48,-55
-17,-63,-38,41,14,-64,39,16,-26,-53,-72,-48
-31,-60,-49,46,9,-44,34,21,-10,-44,-54,-68
-26,-90,-47,40,5,-87,26,7,-20,-64,-50,-50
-17,-91,-56,62,3,-58,71,32,-3,-52,-71,-56
-52,-71,-27,61,22,-74,56,11,-22,-65,-91,-67
-25,-68,-38,57,-14,-65,40,35,-43,-55,-81,-61
-37,-98,-58,62,11,-84,47,31,-14,-70,-85,-46
-34,-95,-74,66,27,-91,56,40,-19,-79,-92,-51
-33,-102,-63,49,28,-92,42,35,-30,-80,-92,-55
-40,-114,-72,55,13,-99,69,44,-36,-76,-99,-72
-40,-130,-89,86,4,-103,62,31,-52,-83,-94,-74
-67,-143,-69,89,29,-92,83,50,-21,-91,-113,-84
-56,-152,-102,112,28,-115,68,61,-41,-127,-141,-92
-50,-142,-109,104,23,-111,73,64,-35,-135,-119,-118
-72,-168,-132,122,31,-157,81,80,-69,-118,-156,-131
-65,-190,-140,132,19,-147,93,71,-40,-147,-183,-131
-59,-201,-139,117,36,-158,110,76,-90,-139,-166,-146
-58,-184,-144,149,25,-176,126,84,-73,-164,-185,-131
-86,-228,-162,164,27,-194,145,87,-70,-205,-198,-155
-98,-226,-149,149,44,-237,105,93,-82,-174,-209,-148
-87,-231,-150,149,32,-196,141,105,-49,-157,-218,-179
-88,-221,-170,180,54,-207,140,88,-68,-190,-217,-163
-95,-228,-145,140,20,-180,125,87,-67,-181,-207,-151
-92,-231,-158,144,15,-179,120,69,-67,-163,-192,-162
-70,-195,-129,141,31,-174,106,85,-48,-147,-178,-151
-49,-169,-105,125,29,-149,107,68,-48,-127,-156,-138
-45,-155,-111,92,24,-135,63,48,-44,-134,-149,-104
-27,-101,-66,64,2,-95,61,17,-23,-73,-100,-83
-17,-40,-45,57,-23,-41,32,19,-17,-51,-30,-21
-13,13,-2,-7,10,8,-9,-32,-4,24,9,10
30,82,43,-50,-11,81,-59,-18,37,48,82,68
71,161,111,-110,3,135,-88,-58,44,137,134,92
102,252,161,-171,-21,213,-145,-109,74,194,251,185
108,330,229,-208,-44,269,-204,-139,95,274,311,255
136,438,270,-310,-81,357,-220,-177,125,322,375,298
157,523,352,-352,-96,459,-293,-207,149,411,483,367
221,648,411,-435,-137,528,-359,-245,186,478,565,448
228,719,477,-477,-109,612,-403,-307,212,561,637,487
288,793,546,-568,-129,686,-432,-311,241,616,718,554
314,883,573,-601,-105,739,-466,-352,271,658,788,612
338,960,622,-643,-132,793,-544,-377,287,707,842,685
333,982,636,-678,-176,809,-544,-395,313,746,867,696
360,1018,649,-686,-136,830,-560,-395,297,766,906,730
339,995,636,-659,-131,848,-557,-398,298,732,902,693
365,965,658,-660,-136,825,-527,-386,294,719,872,683
309,917,586,-646,-136,770,-538,-374,282,674,853,617
303,860,559,-597,-137,717,-484,-325,285,651,766,594
280,778,510,-548,-100,659,-426,-344,240,593,726,545
247,711,474,-482,-87,590,-368,-286,220,528,645,512
209,620,398,-428,-81,512,-328,-260,173,468,560,427
182,528,329,-339,-61,439,-289,-200,143,389,486,343
146,409,279,-264,-48,326,-212,-159,123,305,366,284
112,284,197,-188,-30,255,-147,-115,101,219,273,224
59,181,130,-116,-1,172,-98,-87,48,156,150,128
40,72,56,-66,15,75,-53,-31,22,55,81,63
-8,-6,-13,-9,-13,-6,5,5,6,-2,-33,6
-11,-63,-62,58,20,-70,27,19,-30,-73,-81,-63
-50,-144,-93,109,19,-128,66,53,-71,-117,-156,-95
-100,-196,-146,143,27,-183,112,73,-64,-169,-199,-139
-92,-282,-194,196,43,-200,168,126,-89,-207,-252,-198
-123,-322,-221,234,63,-259,187,138,-104,-272,-298,-203
-106,-325,-242,244,43,-277,193,129,-90,-262,-310,-263
-120,-367,-226,252,61,-305,199,140,-92,-285,-315,-253
-132,-387,-238,255,33,-321,219,147,-114,-268,-336,-288
-137,-384,-239,272,66,-326,213,174,-117,-281,-371,-287
-148,-391,-248,284,70,-335,216,152,-128,-314,-331,-293
-121,-376,-226,261,55,-322,211,160,-93,-272,-312,-275
-132,-377,-226,268,69,-327,186,163,-119,-289,-324,-251
-128,-343,-220,256,48,-293,205,120,-85,-272,-304,-257
-103,-342,-217,220,67,-273,193,126,-99,-241,-291,-241
-122,-300,-195,212,47,-249,177,118,-109,-220,-276,-201
-75,-267,-176,189,43,-240,153,110,-77,-198,-242,-180
-109,-264,-167,173,32,-216,132,109,-67,-201,-234,-196
-94,-255,-156,170,58,-200,118,102,-78,-187,-214,-174
-82,-219,-150,160,23,-187,101,76,-89,-175,-195,-161
-76,-198,-131,126,31,-191,100,63,-59,-158,-168,-162
-49,-202,-119,130,13,-160,116,71,-50,-133,-160,-123
-62,-174,-107,142,36,-154,112,79,-45,-137,-151,-135
-55,-170,-108,114,19,-123,58,46,-50,-113,-152,-97
-62,-156,-87,102,28,-126,70,61,-52,-112,-136,-92
-75,-141,-83,82,9,-94,72,57,-13,-113,-127,-85
-55,-120,-92,94,17,-116,61,44,-67,-105,-133,-85
-38,-136,-77,69,1,-86,61,33,-53,-101,-109,-97
-26,-98,-68,90,16,-90,51,34,-28,-102,-88,-78
-49,-114,-74,77,16,-106,57,60,-23,-99,-101,-79
-34,-94,-61,81,6,-105,75,51,-53,-90,-112,-92
-39,-136,-63,76,17,-86,43,51,-18,-92,-105,-72
-36,-104,-101,95,32,-91,49,45,-51,-81,-115,-89
-44,-138,-82,99,25,-97,66,48,-22,-77,-88,-70
-36,-98,-81,93,50,-85,60,50,-31,-76,-95,-72
-54,-122,-70,82,22,-111,66,41,-15,-82,-99,-66
-18,-99,-77,76,15,-74,52,58,-10,-79,-103,-92
-34,-116,-60,80,16,-81,72,72,-34,-74,-104,-88
-48,-89,-81,80,16,-81,45,19,-43,-70,-102,-77
-6,-94,-65,59,26,-94,41,32,-39,-79,-99,-76
-41,-103,-44,94,16,-51,45,41,-9,-96,-83,-94
-20,-91,-46,83,38,-80,78,72,-22,-56,-95,-73
-23,-99,-47,68,6,-89,57,29,-1,-80,-64,-75
-57,-98,-63,67,-6,-76,69,49,-1,-81,-94,-64
-28,-104,-51,51,-3,-82,74,29,-3,-73,-88,-74
-34,-100,-76,59,13,-71,43,10,-37,-85,-71,-65
-27,-94,-36,49,10,-86,38,42,-30,-70,-90,-57
-32,-96,-56,50,10,-58,40,24,-16,-43,-57,-61
-16,-75,-57,70,22,-61,33,18,-39,-55,-82,-90
-27,-88,-59,45,12,-43,22,49,-53,-72,-69,-38
-27,-78,-69,70,16,-64,25,44,-34,-58,-57,-57
-7,-58,-53,44,26,-47,41,42,-37,-64,-69,-47
-34,-89,-40,27,20,-51,47,28,-21,-50,-55,-40
-39,-71,-43,36,15,-79,30,23,-39,-58,-72,-67
-12,-52,-30,34,1,-55,28,30,-22,-53,-42,-47
-6,-41,-8,30,-4,-47,46,26,-27,-49,-59,-38
-27,-49,-32,35,-12,-23,39,28,-4,-37,-41,-47
-10,-36,-51,38,-21,-68,25,25,-17,-24,-50,-38
6,-77,-38,37,4,-46,34,0,-13,-23,-24,-33
-15,-41,-20,12,-5,-52,28,27,-7,-36,-35,-20
-7,-45,-32,30,-4,-33,18,20,-15,-44,-13,-24
-6,-44,-18,15,3,-28,11,11,-1,-21,-15,-22
-7,-23,-27,15,0,-13,45,4,-18,-14,-29,-10
6,-20,-22,-13,0,-25,7,-3,-5,-32,-25,16
-8,-20,-20,18,6,-9,28,8,-4,-29,0,-8
-15,-12,-1,-2,-8,-19,7,2,17,-31,5,-13
-4,-6,-2,-15,-6,16,30,-1,7,-13,0,6
7,13,-13,-14,5,7,-22,-21,-14,3,17,12
-11,30,-2,-15,-7,5,-32,11,-5,22,43,2
-9,2,3,-22,10,10,-6,-26,-10,22,-3,-8
9,46,33,-24,0,6,-11,1,14,25,27,6
15,20,4,-35,-6,21,-35,-10,18,32,35,34
33,32,19,-31,-3,46,-31,-8,-1,32,48,36
27,35,27,-29,0,40,-45,-27,1,36,40,31
12,27,19,-61,-30,43,-26,-5,13,52,55,20
26,44,42,-28,-28,50,-35,-3,7,45,51,28
17,79,47,-36,4,66,-44,-39,32,63,68,57
10,85,66,-62,-18,69,-38,-32,38,69,93,62
45,85,22,-68,-5,74,-42,-41,40,66,89,56
27,94,28,-84,-7,81,-54,-44,19,63,93,83
32,112,60,-72,-15,78,-64,-48,21,62,93,76
31,112,63,-65,-7,90,-52,-37,38,77,107,79
48,130,77,-71,-1,113,-82,-69,41,85,93,84
59,129,89,-108,-18,100,-73,-48,24,87,88,86
46,140,102,-108,-13,126,-84,-59,64,102,131,93
41,161,97,-85,-7,130,-58,-30,41,104,123,95
46,149,114,-102,-17,133,-99,-70,40,116,135,112
66,155,97,-107,-45,141,-86,-52,54,143,143,120
75,180,119,-106,-16,139,-93,-77,52,123,137,121
61,175,126,-129,-42,153,-103,-73,53,133,169,132
74,184,118,-87,-51,183,-106,-87,67,158,173,115
46,198,126,-137,-51,154,-119,-78,66,144,178,138
85,213,119,-119,-13,183,-124,-91,67,165,197,154
68,241,132,-136,-40,184,-138,-94,56,175,195,154
65,209,148,-162,-48,190,-124,-81,57,197,195,157
71,228,141,-165,-16,204,-120,-89,57,203,216,146
72,240,157,-139,-51,201,-130,-102,73,194,215,175
89,263,168,-159,-18,205,-138,-93,70,203,221,190
91,260,180,-153,-37,209,-125,-102,80,203,251,171
111,277,179,-196,-39,221,-123,-99,67,225,228,197
111,252,152,-207,-39,205,-151,-115,65,205,234,196
95,270,175,-177,-29,234,-148,-88,80,226,250,204
81,279,183,-179,-53,238,-156,-82,76,214,267,188
111,269,181,-210,-47,239,-144,-120,71,200,280,211
120,304,165,-206,-63,232,-172,-127,82,223,267,210
120,317,185,-191,-29,252,-180,-125,94,230,264,202
91,315,205,-209,-37,256,-173,-137,97,221,273,199
117,323,200,-224,-21,263,-173,-116,81,237,279,221
100,325,194,-185,-47,252,-163,-117,77,230,278,220
105,348,210,-219,-23,247,-166,-113,79,252,304,237
112,326,213,-236,-52,269,-172,-133,90,219,286,203
110,306,210,-225,-60,266,-165,-129,83,219,295,221
119,333,199,-215,-49,253,-208,-148,100,240,304,213
136,331,235,-222,-45,266,-194,-125,102,253,296,219
115,331,213,-230,-67,301,-175,-122,88,256,294,220
117,347,219,-222,-55,292,-185,-132,118,237,285,230
118,332,217,-241,-70,256,-184,-115,113,248,305,234
119,350,214,-231,-71,278,-187,-155,84,250,286,227
111,333,221,-207,-49,303,-191,-118,85,245,282,227
107,326,209,-237,-49,304,-182,-131,97,252,319,244
107,355,214,-229,-58,295,-195,-145,79,252,293,245
132,308,197,-239,-47,275,-183,-118,114,240,308,213
116,343,208,-216,-76,259,-191,-136,101,228,291,214
111,330,228,-212,-44,260,-175,-134,105,250,297,215
96,301,204,-231,-51,259,-185,-145,96,236,314,203
128,329,223,-227,-60,265,-165,-103,63,243,287,244
102,308,198,-224,-53,241,-159,-114,96,244,276,214
108,294,182,-214,-45,239,-179,-131,90,235,287,209
110,317,204,-210,-51,253,-174,-152,75,214,249,194
93,300,188,-201,-44,244,-171,-125,91,232,265,221
88,287,196,-188,-45,247,-173,-112,90,226,252,220
96,281,188,-207,-60,239,-148,-109,94,228,270,200
103,275,183,-212,-44,235,-153,-110,116,228,243,167
92,271,155,-190,-43,230,-168,-110,75,190,235,196
100,263,160,-195,-45,239,-142,-114,97,194,235,188
104,242,155,-165,-23,200,-173,-106,83,174,231,168
96,266,158,-144,-24,220,-129,-101,63,217,238,169
76,254,177,-167,-36,178,-123,-108,62,164,212,171
85,248,148,-156,-36,191,-130,-91,75,202,200,169
80,233,157,-163,-28,206,-115,-85,64,174,198,165
69,217,148,-143,-50,177,-110,-89,63,151,206,168
77,196,167,-138,-15,192,-114,-80,65,159,198,136
74,196,138,-155,-41,152,-130,-115,71,144,170,135
67,187,128,-114,-35,173,-101,-78,37,137,150,148
70,192,132,-101,-30,166,-116,-90,56,123,173,137
63,182,107,-138,-38,133,-98,-89,39,129,158,126
60,178,123,-108,-22,142,-81,-76,53,136,146,126
48,164,131,-123,-21,119,-81,-61,34,126,152,101
57,141,94,-112,-28,115,-83,-66,44,123,128,119
69,137,86,-115,-3,141,-83,-81,54,107,137,88
59,125,95,-101,-13,126,-45,-50,17,97,136,84
25,132,75,-105,-18,79,-58,-54,35,94,137,96
46,126,80,-77,-11,82,-85,-71,27,103,82,70
29,115,78,-73,-26,85,-46,-46,23,75,132,80
50,113,82,-54,-16,91,-50,-55,47,69,91,62
38,92,78,-62,-42,57,-53,-20,15,59,73,81
37,106,60,-56,-35,85,-63,-29,30,86,79,76
30,71,39,-72,9,66,-45,-46,40,53,73,31
46,77,20,-60,-32,59,-45,-29,13,52,67,30
25,51,54,-38,-39,44,-40,-29,4,46,53,33
8,48,47,-24,-20,40,-39,-10,25,47,48,34
3,16,22,-28,6,30,-12,2,42,37,26,25
7,36,24,-30,12,12,-3,-22,4,11,28,7
20,20,21,-22,-11,29,-23,-5,-6,13,34,9
7,38,17,-20,-9,18,4,-18,6,10,10,16
14,26,9,0,-9,-1,5,10,6,5,23,12
-16,-1,-16,-15,-3,5,-14,0,17,0,9,15
17,-5,1,12,-20,17,-24,1,9,-16,9,5
-23,-8,-7,9,-20,-2,2,-15,12,-4,-41,12
-3,-30,-26,12,-21,-9,5,6,-5,-8,-17,-20
-18,-38,12,8,-2,-34,14,21,-11,-38,-19,-23
-45,-26,-21,28,-5,-12,23,18,7,-5,-21,-30
-20,-15,-1,45,5,-29,19,6,-3,-14,-41,-24
-21,-27,-35,10,1,-21,40,-9,-18,-40,-32,-4
-26,-42,-35,28,10,-7,23,0,5,-30,-46,-41
5,-37,-24,20,24,-46,15,22,-3,-27,-37,-28
-15,-62,-36,31,-11,-62,27,25,-10,-37,-18,-34
-11,-79,-32,19,4,-40,23,23,-3,-41,-59,-22
-15,-58,-50,11,-10,-37,36,20,-23,-60,-42,-18
-12,-64,-50,19,0,-49,58,4,-33,-42,-61,-57
-28,-73,-46,27,3,-71,29,23,-18,-55,-61,-46
-24,-59,-37,49,7,-69,55,29,-29,-33,-46,-51
-17,-65,-52,42,5,-56,33,18,-14,-63,-73,-57
-32,-70,-62,48,-6,-76,37,35,-21,-51,-73,-51
-20,-81,-76,59,30,-66,55,36,-21,-66,-71,-56
-36,-58,-38,60,18,-67,61,36,-26,-69,-80,-73
-40,-88,-63,43,33,-84,32,39,-45,-51,-80,-61
-41,-94,-43,71,-5,-101,24,29,-20,-73,-76,-58
-20,-62,-45,90,12,-70,40,40,-20,-83,-77,-62
-22,-79,-75,48,42,-70,47,27,-38,-61,-70,-64
-44,-94,-43,50,13,-67,59,19,-26,-80,-82,-66
-30,-102,-54,54,17,-72,46,17,-34,-65,-90,-60
-38,-84,-39,79,26,-71,60,37,-20,-75,-102,-66
-39,-101,-83,81,11,-85,28,46,-47,-67,-90,-73
-24,-96,-70,69,-4,-53,68,53,-10,-84,-85,-48
-30,-107,-72,85,14,-78,41,59,-49,-81,-112,-61
-27,-97,-89,65,16,-85,55,50,-10,-71,-88,-59
-27,-101,-79,60,27,-71,44,44,-46,-90,-69,-83
-27,-85,-90,73,21,-86,79,31,-33,-57,-102,-90
-22,-99,-80,64,39,-95,67,45,-49,-86,-89,-73
-21,-110,-73,68,1,-84,59,29,-40,-93,-78,-67
-29,-108,-71,63,28,-78,49,30,-40,-74,-99,-69
-45,-111,-51,96,-1,-93,62,70,-40,-77,-84,-74
-39,-95,-57,68,5,-93,46,33,-33,-78,-91,-87
-16,-92,-55,84,12,-85,40,46,-39,-88,-110,-77
-54,-100,-73,69,16,-91,76,45,-30,-95,-102,-90
-20,-98,-85,59,-1,-115,61,49,-30,-94,-89,-81
-37,-103,-46,80,32,-94,60,41,-22,-85,-87,-73
-27,-101,-73,52,31,-93,43,48,-21,-76,-100,-77
-13,-112,-70,63,20,-109,65,48,-49,-82,-100,-70
-33,-106,-62,70,19,-82,42,25,-30,-96,-78,-64
-34,-124,-79,60,3,-105,46,44,-37,-70,-93,-94
-40,-106,-66,48,4,-102,58,31,-26,-90,-107,-88
-51,-109,-48,65,10,-93,62,42,-17,-93,-101,-84
-42,-120,-80,75,51,-84,60,24,-46,-74,-70,-71
-47,-92,-53,61,27,-96,60,38,-45,-97,-78,-77
-49,-107,-74,69,20,-77,47,32,-33,-74,-85,-64
-33,-107,-58,70,15,-93,66,27,-18,-88,-103,-49
-49,-130,-44,74,15,-109,56,23,-27,-81,-110,-86
-46,-88,-74,73,11,-89,83,53,-5,-84,-96,-59
-52,-103,-80,58,19,-72,65,19,-44,-86,-82,-80
-37,-92,-47,71,2,-96,72,39,-20,-76,-80,-58
-48,-103,-88,74,8,-94,77,54,-9,-70,-108,-50
-39,-97,-67,63,-1,-96,75,70,-24,-93,-79,-97
-26,-102,-69,62,46,-88,50,37,-39,-78,-78,-98
-40,-103,-63,75,15,-94,74,37,-27,-69,-90,-70
-43,-89,-63,66,17,-86,54,35,-35,-74,-78,-69
-34,-92,-60,72,20,-76,48,33,-53,-80,-79,-69
-21,-99,-64,66,11,-95,36,48,-24,-97,-88,-66
-32,-103,-63,72,6,-84,59,43,-32,-105,-92,-67
-38,-119,-67,73,21,-64,43,44,-48,-81,-94,-66
-42,-104,-55,100,31,-76,68,56,-41,-69,-92,-84
-51,-110,-54,66,24,-98,59,38,-12,-78,-93,-80
-32,-117,-66,67,9,-108,76,31,-44,-78,-92,-80
-19,-90,-60,58,6,-101,82,67,-37,-74,-81,-83
-26,-102,-62,57,4,-84,31,52,-23,-78,-92,-83
-16,-105,-72,79,13,-62,48,24,-29,-86,-100,-70
-49,-121,-61,61,20,-72,48,40,-25,-70,-89,-80
-44,-93,-81,76,6,-97,56,62,-49,-81,-106,-42
-18,-95,-60,74,8,-82,57,21,-22,-79,-99,-66
-42,-96,-51,75,19,-71,52,28,-18,-85,-81,-46
-25,-98,-78,76,15,-94,36,50,-32,-72,-103,-82
-32,-96,-42,69,9,-66,57,18,-42,-94,-91,-53
-46,-93,-80,57,3,-109,45,42,-29,-106,-76,-72
-27,-88,-62,86,14,-105,56,54,-32,-49,-89,-77
-43,-84,-83,84,20,-70,75,32,-31,-78,-100,-65
-24,-100,-53,65,7,-65,60,46,-17,-72,-80,-75
-43,-96,-43,69,10,-78,54,46,-55,-85,-103,-70
-36,-98,-55,65,42,-85,63,45,-22,-81,-91,-76
-20,-102,-62,74,39,-89,47,30,-21,-65,-76,-78
-43,-111,-53,71,5,-91,47,29,-29,-103,-91,-56
-31,-89,-45,55,12,-93,31,44,-13,-87,-109,-57
-26,-100,-45,60,17,-85,58,51,-37,-49,-110,-72
-22,-104,-64,69,21,-75,69,43,-35,-58,-102,-68
-8,-107,-80,77,12,-93,41,46,-17,-74,-96,-70
-3,-86,-35,72,16,-89,60,35,-21,-79,-82,-70
-34,-103,-65,66,6,-81,40,56,-25,-85,-70,-51
-41,-77,-59,52,21,-72,62,44,-25,-67,-94,-76
-25,-104,-47,75,2,-94,30,38,-19,-70,-93,-47
-37,-95,-68,56,11,-83,51,35,-33,-70,-92,-76
-37,-85,-46,62,8,-57,60,29,-26,-56,-92,-62
-20,-98,-67,59,20,-56,22,47,-7,-70,-92,-73
-26,-97,-51,64,26,-75,38,67,-28,-89,-94,-64
-10,-97,-52,73,2,-70,40,44,-15,-68,-67,-49
-13,-88,-64,70,23,-73,59,29,-46,-67,-97,-75
-38,-94,-66,74,22,-69,64,28,-35,-80,-62,-74
-41,-73,-65,39,3,-80,42,44,-53,-51,-108,-65
-37,-104,-83,62,0,-74,49,34,-26,-48,-92,-72
-39,-60,-52,88,2,-72,65,28,-23,-87,-65,-52
-32,-63,-55,65,14,-57,57,36,-52,-63,-88,-64
-26,-115,-48,52,13,-60,43,34,-35,-77,-78,-65
-24,-89,-67,75,25,-51,63,34,-36,-65,-101,-65
-35,-82,-94,41,15,-86,73,17,-26,-59,-78,-53
-38,-91,-46,69,-4,-65,43,23,-30,-72,-71,-74
-35,-86,-63,67,10,-51,34,40,-23,-58,-64,-63
-28,-84,-61,49,17,-84,30,41,-45,-66,-93,-50
-19,-86,-48,55,8,-85,37,23,-33,-47,-94,-57
-12,-96,-53,38,13,-61,45,35,-14,-55,-85,-54
-49,-81,-50,59,16,-89,37,11,-35,-63,-73,-75
-27,-63,-47,76,16,-80,51,34,-13,-55,-95,-51
-9,-95,-54,64,10,-82,41,47,-37,-34,-92,-74
-26,-78,-40,61,43,-71,43,28,-12,-50,-55,-63
-20,-61,-41,39,6,-66,48,13,-31,-61,-61,-54
-29,-82,-56,50,4,-86,22,25,-22,-47,-94,-47
-27,-68,-55,44,16,-59,38,20,-10,-52,-76,-57
-19,-96,-52,52,37,-61,30,27,-13,-73,-79,-52
-42,-90,-56,31,1,-52,47,18,-41,-68,-64,-42
0,-78,-59,57,24,-46,34,20,-25,-40,-98,-44
-21,-81,-43,49,24,-68,50,20,-22,-55,-72,-62
-34,-77,-67,40,5,-63,45,15,-31,-61,-67,-55
-26,-87,-49,50,34,-62,57,49,-32,-72,-56,-56
-33,-75,-54,75,5,-68,32,34,-43,-51,-79,-46
-20,-101,-51,19,10,-67,53,22,-13,-65,-64,-45
-24,-74,-38,41,18,-85,43,41,-27,-66,-58,-38
-16,-72,-38,44,5,-45,45,46,-36,-58,-51,-58
-34,-78,-52,22,34,-73,31,25,-11,-38,-79,-68
-27,-64,-27,32,8,-59,39,23,5,-49,-89,-38
-7,-65,-39,74,5,-39,23,17,-26,-29,-73,-44
-23,-68,-30,30,5,-61,32,31,-12,-49,-61,-44
-9,-93,-38,44,21,-53,47,35,-22,-43,-48,-44
-29,-83,-31,30,13,-24,46,31,-30,-26,-58,-43
3,-66,-30,34,6,-16,29,21,-19,-55,-60,-32
-16,-61,-37,58,37,-58,1,37,-22,-32,-55,-41
-13,-37,-42,38,2,-52,21,38,-11,-35,-67,-42
-32,-48,-37,44,-8,-26,46,41,-15,-40,-25,-23
-20,-34,-36,28,12,-51,45,22,-12,-29,-69,-70
-23,-39,-43,37,22,-62,23,22,-26,-42,-46,-23
-18,-47,-21,45,13,-33,30,16,-6,-42,-36,-42
-19,-36,-43,21,8,-23,35,1,-11,-44,-31,-32
-24,-42,-44,29,25,-26,24,28,-11,-36,-36,-39
-5,-10,-41,23,3,-13,33,-2,-28,-41,-32,-24
-7,-40,-26,45,-23,-25,27,28,-18,-20,-17,-18
-21,-44,-25,31,0,-12,-6,29,-17,-16,-7,-32
-7,-27,-8,16,2,-31,-15,11,-21,-30,-21,-25
20,-33,-15,3,32,-7,5,4,0,-20,-38,-8
1,-15,13,3,-9,-24,10,13,-24,-38,-15,-19
-8,-10,-16,19,14,-23,0,12,-2,-4,-4,2
5,-9,-11,10,-5,-3,-12,9,-9,-19,-19,2
6,-3,-9,6,10,3,-7,1,-17,2,4,-6
-10,12,-14,8,11,-1,-17,3,18,-12,19,9
7,2,7,24,-3,5,1,1,0,19,-10,-3
17,13,-6,24,-8,-3,1,-11,12,17,18,3
13,1,32,-9,10,23,3,3,26,14,33,24
4,11,48,-10,-24,5,-5,-9,25,26,17,27
21,37,30,3,11,29,-34,-17,2,30,62,17
22,64,37,-25,-31,34,-21,-16,10,45,56,46
3,57,16,-37,-17,37,-16,-22,19,20,44,24
19,46,53,-46,-7,44,-32,-41,15,27,46,31
34,83,42,-37,-1,63,-39,-32,9,56,67,28
22,94,51,-49,-10,70,-48,-18,1,50,57,55
25,89,56,-57,7,78,-42,-50,43,75,68,65
42,97,52,-85,-21,56,-49,-33,28,80,99,62
22,124,79,-58,-7,76,-47,-23,24,99,86,63
39,96,90,-90,-14,80,-64,-32,47,93,120,63
46,122,82,-103,-21,115,-80,-44,26,84,134,104
58,127,76,-104,-9,116,-68,-81,23,92,100,100
55,169,99,-106,-20,136,-73,-85,38,121,115,93
46,137,124,-92,-28,131,-82,-66,67,112,124,100
52,154,117,-116,-12,125,-85,-58,65,95,124,131
64,180,88,-120,-26,145,-108,-80,43,110,159,102
74,198,100,-123,-25,142,-92,-77,69,118,154,115
66,217,103,-131,-1,164,-95,-71,55,142,147,130
81,194,114,-114,-29,151,-98,-49,63,162,156,131
51,201,132,-126,-15,154,-104,-86,57,131,162,142
78,202,117,-133,-39,179,-113,-89,68,160,168,130
55,215,134,-136,-38,169,-122,-73,57,164,208,148
78,202,153,-133,-29,166,-131,-86,71,180,191,132
84,210,144,-162,-44,168,-139,-72,66,137,174,157
92,207,140,-148,-36,166,-98,-84,69,145,202,162
91,236,149,-155,-42,211,-109,-104,63,163,190,171
68,231,167,-150,-20,179,-121,-79,68,173,208,161
93,213,157,-155,-35,183,-134,-97,77,175,200,167
51,227,149,-152,-33,194,-114,-90,54,193,211,149
92,236,170,-157,-43,206,-125,-112,59,161,192,129
67,230,154,-158,-15,199,-120,-104,76,166,202,172
83,232,147,-144,-48,171,-129,-92,65,146,204,147
92,218,149,-134,-38,182,-126,-77,54,179,195,172
72,201,148,-155,-24,194,-114,-91,87,190,213,160
75,241,155,-141,-31,169,-118,-90,78,159,190,146
77,208,151,-142,-14,161,-136,-85,55,163,181,154
76,197,119,-151,-39,162,-122,-91,72,160,197,125
59,219,120,-140,-20,175,-129,-93,47,148,177,149
61,210,108,-141,-53,143,-101,-76,72,138,180,141
43,204,116,-126,-15,150,-116,-91,59,133,181,124
45,192,114,-127,-13,158,-86,-72,62,136,135,117
74,185,106,-93,-41,158,-109,-46,56,133,143,133
40,177,111,-96,-3,155,-100,-58,55,126,161,111
59,135,86,-92,-41,134,-89,-79,53,129,158,105
41,139,92,-83,-17,112,-87,-35,53,105,138,104
60,145,97,-88,-3,123,-85,-47,54,82,111,108
41,117,86,-63,-17,99,-79,-62,19,89,122,80
51,100,80,-92,-28,104,-51,-25,19,98,103,73
25,90,71,-92,-32,94,-64,-52,35,65,104,82
23,101,85,-59,-15,74,-60,-67,10,77,96,89
26,81,65,-74,-24,72,-58,-42,44,75,87,56
30,91,68,-53,-8,59,-32,-40,29,69,95,59
28,79,47,-46,-26,76,-61,-40,35,50,63,54
25,76,81,-38,-13,59,-55,-32,44,60,50,31
12,76,53,-37,-5,44,-29,-19,28,37,50,42
12,42,46,-45,10,23,-37,-15,13,43,48,24
10,30,34,-11,6,28,-17,-13,24,23,26,12
-1,17,25,-32,-29,45,-27,-27,3,11,38,14
4,31,17,-32,21,18,-25,-11,-4,10,17,21
-1,19,12,-10,17,18,-21,2,9,15,22,39
2,18,-3,-12,-12,9,-8,-22,5,5,17,25
1,15,20,-14,-1,8,-10,3,25,19,15,2
1,-20,-2,-3,-10,-2,-4,-12,-19,-7,11,6
-20,5,11,7,-2,15,17,22,10,27,-23,-6
-3,3,-17,19,-11,-9,3,2,-13,2,-19,-17
9,-1,-17,16,1,1,25,1,-14,-22,-4,1
-20,-10,-10,-11,-46,-12,15,14,-2,-47,-26,-15
-1,-4,-2,9,11,-27,12,-5,-14,-27,-31,20
-6,-44,2,22,9,-32,16,28,-22,-34,-36,-32
-12,-36,-18,30,-5,-19,16,31,-8,-14,-18,-2
-1,-33,-21,15,9,-9,31,1,-9,-33,-11,-40
-8,-31,-25,1,15,-10,35,23,-5,-33,-41,-32
-5,-37,-18,39,0,-32,29,17,6,-35,-26,-14
-17,-57,-17,59,-5,-21,10,3,-22,-40,-19,-40
-8,-48,-34,39,5,-49,22,31,-7,-20,-22,-31
-19,-28,-23,33,-6,-40,29,18,8,-41,-46,-42
-25,-55,-54,52,14,-51,38,15,-16,-38,-22,-44
-17,-54,-42,42,-1,-50,33,17,9,-40,-33,-25
-17,-42,-47,68,12,-53,23,21,-14,-46,-48,-40
-17,-50,-45,21,4,-44,27,18,-29,-36,-51,-51
-49,-41,-70,26,-3,-52,31,16,-21,-33,-53,-62
-41,-70,-47,59,17,-41,42,19,-18,-38,-50,-28
-6,-56,-38,45,12,-63,42,22,-37,-58,-68,-49
-34,-79,-47,76,10,-46,46,-1,0,-48,-59,-36
-38,-81,-47,26,8,-65,19,18,-12,-70,-48,-62
-30,-75,-54,72,1,-46,56,24,-39,-66,-77,-77
-25,-84,-60,62,13,-78,51,15,-22,-50,-83,-88
-28,-98,-73,89,17,-84,69,51,-28,-61,-76,-72
-39,-118,-63,78,33,-106,62,40,-33,-87,-91,-76
-42,-120,-88,81,11,-106,63,39,-16,-94,-95,-89
-43,-143,-81,88,32,-111,79,72,-30,-104,-133,-90
-56,-187,-88,80,21,-133,86,43,-71,-107,-145,-113
-69,-163,-107,118,28,-128,77,66,-47,-139,-157,-102
-52,-179,-113,112,22,-134,65,70,-59,-127,-153,-104
-70,-192,-141,133,54,-163,96,80,-60,-134,-159,-116
-90,-208,-151,140,22,-176,106,91,-76,-172,-185,-130
-58,-221,-146,157,32,-183,117,71,-49,-147,-202,-148
-77,-219,-152,146,29,-174,119,96,-86,-150,-214,-156
-103,-204,-143,156,38,-169,116,89,-57,-154,-212,-163
-58,-209,-163,137,23,-191,137,100,-78,-178,-164,-128
-82,-229,-117,156,16,-186,119,85,-61,-171,-205,-153
-69,-193,-129,134,33,-161,117,84,-69,-122,-200,-143
-56,-183,-108,124,26,-140,73,62,-56,-137,-164,-132
-55,-128,-87,93,12,-107,98,59,-38,-115,-124,-91
-51,-90,-50,82,11,-54,64,27,-35,-72,-80,-67
-7,-47,-28,39,18,-32,36,11,1,-21,-35,-19
22,32,5,-4,-19,3,-5,23,5,21,12,19
56,87,51,-60,-14,72,-54,-19,27,57,77,52
53,186,100,-89,-25,129,-108,-62,65,126,141,118
82,249,176,-182,-43,191,-153,-79,87,200,221,167
112,364,225,-242,-36,282,-204,-142,109,273,312,223
140,440,282,-306,-64,354,-226,-171,120,311,379,296
204,533,351,-373,-74,458,-280,-225,151,404,482,370
216,637,398,-433,-94,543,-336,-238,179,497,547,457
264,709,478,-499,-107,615,-412,-285,216,526,638,498
270,822,518,-566,-124,697,-438,-331,217,613,737,572
316,888,583,-611,-136,763,-509,-358,257,675,815,637
347,981,622,-666,-125,820,-538,-381,292,748,862,667
331,1031,681,-701,-157,859,-559,-415,330,782,916,718
378,1056,677,-704,-169,889,-582,-407,310,795,954,754
387,1071,704,-721,-170,872,-595,-428,321,796,975,758
379,1065,682,-729,-168,889,-579,-417,310,806,962,729
356,1040,669,-707,-155,842,-558,-423,303,786,935,709
328,977,670,-687,-151,844,-545,-392,305,742,886,666
318,932,606,-611,-126,758,-500,-359,270,701,831,640
295,836,540,-554,-128,691,-458,-343,248,633,754,584
272,724,479,-505,-124,616,-413,-293,233,564,668,493
223,630,426,-450,-102,516,-345,-248,167,486,560,418
209,543,366,-356,-72,463,-286,-223,144,399,482,381
143,407,294,-285,-55,342,-220,-166,114,330,385,302
90,295,194,-218,-50,263,-193,-121,106,245,282,233
80,211,124,-145,-27,175,-124,-83,79,171,210,125
42,115,83,-64,-7,93,-51,-53,20,103,109,63
18,40,24,-55,1,25,-11,-5,-13,8,25,19
-8,-42,-38,24,4,-27,9,27,-9,-44,-49,-15
-44,-118,-69,77,17,-83,63,50,-39,-99,-92,-66
-68,-170,-113,119,14,-127,106,64,-70,-111,-160,-134
-86,-223,-142,118,34,-177,131,88,-45,-159,-198,-167
-81,-250,-153,167,55,-212,148,97,-67,-221,-215,-175
-117,-269,-172,167,69,-220,123,107,-81,-197,-251,-206
-95,-285,-182,201,33,-241,134,122,-84,-209,-260,-218
-101,-268,-205,211,48,-238,152,127,-111,-215,-264,-193
-83,-292,-195,200,71,-264,150,109,-66,-201,-252,-202
-108,-289,-221,197,56,-229,168,130,-93,-200,-272,-201
-94,-260,-168,183,32,-242,172,85,-87,-198,-246,-182
-75,-261,-174,181,40,-206,150,104,-59,-200,-235,-185
-76,-240,-163,146,39,-222,137,105,-80,-220,-214,-148
-71,-190,-128,163,43,-188,107,65,-52,-165,-209,-169
-48,-176,-123,137,57,-138,130,72,-56,-152,-174,-137
-54,-175,-91,135,-7,-136,80,96,-34,-141,-165,-128
-71,-149,-100,79,32,-120,66,48,-43,-90,-125,-95
-24,-138,-64,97,1,-122,60,37,-24,-88,-108,-85
-7,-86,-77,82,26,-100,73,50,-22,-79,-106,-74
-28,-97,-36,77,36,-65,50,32,-26,-66,-66,-79
-22,-48,-45,63,13,-71,27,38,-16,-58,-100,-83
-5,-64,-42,55,-6,-50,20,16,-16,-50,-57,-35
-7,-48,-40,37,-7,-51,25,37,-15,-37,-52,-58
-34,-66,-37,14,-17,-43,15,10,-24,-20,-45,-28
-20,-47,-20,28,0,-31,29,0,-25,-7,-7,-31
-5,-34,-16,24,-6,-13,3,17,-5,-44,-35,-22
-11,-29,-31,10,-8,-22,15,1,-11,-39,-26,-30
-10,-17,-18,23,14,9,20,40,-6,1,-21,-9
3,-21,-11,16,-1,-21,4,1,10,-38,-34,-17
1,-33,5,2,12,-5,12,24,-10,-25,-9,-12
-4,-35,-21,2,11,-6,-12,6,-17,-8,-11,-18
-16,-26,6,8,0,-33,8,6,2,-9,-21,-16
28,-6,-13,0,6,4,23,-1,-10,-11,-25,-28
9,-12,13,-12,6,17,9,21,-5,-7,-12,-24
13,-28,9,-9,-6,-27,14,10,-2,-2,-28,-1
-8,-8,20,17,8,9,12,10,-11,6,3,-16
2,-14,18,15,-3,1,11,16,0,0,-6,-15
13,17,5,2,13,-11,15,5,-15,9,-1,16
19,-3,-3,-11,19,-12,-17,-53,2,4,-7,-21
-4,16,13,14,-30,-17,-8,4,11,6,-4,0
-19,21,3,1,4,9,-4,-12,-11,0,21,5
18,-5,11,0,9,25,-10,-2,-4,7,-4,-4
-10,-6,-2,-12,-1,19,16,-33,-2,-12,-11,28
-6,16,-14,-8,-10,1,-11,-7,-4,11,1,7
4,4,8,-18,16,8,16,-3,10,4,7,1
-10,23,-4,-4,-13,1,-27,-2,-2,-7,-4,30
-3,6,19,-37,3,7,-14,-37,3,15,11,7
-1,25,9,-33,-16,-3,-27,-10,2,13,2,0
-3,29,14,-30,-9,13,-14,-11,22,16,24,28
9,35,16,-4,-7,16,-19,-10,38,7,38,39
44,27,20,-31,-4,20,-11,-3,14,23,3,23
23,27,40,-4,-9,26,-27,-6,-1,17,31,28
18,35,55,-12,-9,27,-7,6,3,37,18,33
7,31,29,-33,5,23,-12,-19,2,35,42,43
23,42,29,-17,-14,32,-40,-16,18,33,43,52
-1,38,26,-43,-9,37,-5,-18,10,40,50,35
33,66,12,-40,6,34,-17,-14,25,48,55,24
32,53,34,-37,-24,54,-47,-11,23,27,40,50
43,71,34,-52,-5,50,-48,-28,22,58,58,48
10,70,29,-43,0,45,-63,-26,17,44,57,46
16,74,70,-39,-17,54,-72,-36,0,59,50,26
36,86,68,-51,-28,58,-45,-46,24,73,76,64
20,80,54,-48,-23,85,-33,-12,14,65,62,63
41,108,45,-49,-13,62,-51,-44,14,76,88,71
45,102,58,-54,-16,45,-63,-44,15,87,112,83
33,117,51,-84,1,82,-35,-56,43,91,107,73
31,108,75,-84,-6,101,-56,-45,20,75,112,89
45,130,82,-71,-23,97,-67,-55,28,100,109,99
56,127,69,-95,-14,107,-64,-49,30,76,118,79
62,135,87,-107,-24,107,-83,-66,30,97,113,81
42,140,82,-117,-32,130,-101,-66,43,89,120,81
53,158,101,-115,-11,131,-77,-62,44,109,133,99
48,158,97,-118,-33,121,-90,-76,21,118,122,108
66,170,115,-82,-30,135,-106,-60,58,145,148,124
51,174,121,-117,-53,154,-92,-58,48,129,149,126
51,169,96,-118,-18,115,-104,-67,54,134,161,128
67,208,131,-120,-22,174,-119,-106,33,147,183,135
102,187,145,-138,-39,170,-105,-72,55,147,174,127
77,216,130,-153,-30,172,-138,-111,66,156,174,169
70,216,130,-164,-43,168,-128,-79,56,156,199,151
71,220,143,-151,-24,162,-156,-90,60,168,215,150
69,232,158,-167,-39,183,-123,-75,67,190,207,168
106,255,171,-161,-51,218,-131,-108,86,177,227,165
94,258,161,-158,-37,202,-143,-89,66,184,236,168
94,261,166,-161,-33,223,-149,-98,65,203,203,189
93,254,165,-161,-31,220,-146,-109,107,218,233,173
116,269,172,-196,-28,217,-116,-107,90,210,251,193
120,299,193,-205,-53,239,-145,-118,78,224,260,186
100,284,178,-199,-51,234,-171,-121,85,230,266,206
86,301,189,-209,-65,259,-179,-138,100,231,269,213
99,309,190,-212,-40,270,-189,-120,90,254,282,231
82,317,212,-207,-47,258,-169,-146,90,231,295,220
112,331,222,-217,-43,275,-179,-134,86,237,319,221
113,338,207,-230,-74,283,-193,-156,100,220,289,222
114,353,212,-233,-54,280,-177,-146,95,265,309,241
126,344,237,-245,-48,288,-189,-154,113,255,323,260
113,357,222,-246,-78,310,-209,-154,131,252,306,258
106,376,240,-284,-55,283,-212,-143,104,281,336,241
135,370,235,-247,-79,313,-196,-167,122,287,318,249
116,364,242,-243,-42,303,-215,-176,96,293,335,252
130,387,268,-254,-60,311,-229,-150,128,295,358,281
123,371,253,-274,-55,314,-227,-140,125,316,339,265
129,416,248,-261,-43,305,-222,-185,97,290,384,277
136,405,256,-279,-61,322,-224,-136,121,291,339,282
129,401,256,-270,-63,304,-207,-156,110,286,358,297
141,415,274,-269,-73,342,-220,-159,124,309,371,269
140,403,253,-276,-81,334,-236,-173,114,294,373,254
152,406,275,-286,-60,345,-217,-152,106,326,367,282
139,389,261,-271,-63,368,-237,-156,118,329,371,299
145,430,275,-290,-65,339,-233,-153,113,337,379,303
148,406,288,-282,-52,366,-201,-166,141,314,380,304
147,421,286,-287,-69,381,-237,-166,134,305,388,276
143,430,276,-307,-50,345,-226,-188,153,327,380,318
158,421,286,-309,-65,333,-228,-167,134,318,373,286
170,389,283,-271,-68,358,-216,-149,113,314,385,295
149,440,260,-297,-75,329,-210,-125,135,312,383,304
151,413,290,-296,-81,375,-232,-171,117,333,367,317
166,409,262,-277,-62,365,-241,-146,126,309,360,289
152,416,280,-316,-54,350,-247,-182,142,292,358,305
159,401,267,-269,-62,336,-237,-162,123,325,373,294
134,417,274,-294,-43,356,-224,-159,119,312,381,298
138,407,255,-295,-54,345,-215,-166,110,294,350,287
130,404,283,-275,-74,333,-224,-149,121,307,378,296
116,405,267,-267,-37,337,-226,-171,120,318,346,287
142,398,263,-273,-75,323,-222,-135,105,300,346,303
140,378,261,-251,-73,325,-224,-136,137,266,340,265
113,388,243,-279,-60,303,-206,-134,130,262,338,272
119,389,237,-262,-68,311,-190,-145,87,280,351,284
130,365,232,-265,-65,298,-196,-150,108,256,333,246
118,371,237,-249,-60,301,-208,-147,109,296,323,260
102,352,233,-242,-37,292,-207,-149,112,275,318,253
131,330,237,-240,-59,291,-164,-127,96,239,305,234
135,345,218,-222,-28,281,-174,-134,97,268,297,241
119,328,214,-237,-47,283,-207,-143,119,233,290,257
98,338,201,-241,-27,261,-149,-128,87,239,300,216
93,327,202,-200,-58,265,-187,-148,77,236,288,198
106,312,193,-211,-43,264,-170,-105,104,234,292,197
94,305,215,-191,-49,259,-170,-118,106,252,283,218
93,304,207,-193,-58,244,-150,-111,91,198,267,219
87,292,175,-183,-16,222,-153,-96,81,205,268,191
97,250,198,-167,-48,249,-146,-123,89,200,253,183
89,273,169,-194,-36,216,-138,-105,74,204,236,184
117,280,161,-198,-53,223,-115,-99,80,200,230,190
92,259,167,-146,-28,200,-135,-97,75,172,214,171
86,231,159,-162,-43,173,-131,-119,74,181,222,176
56,212,157,-186,-44,206,-148,-85,75,151,218,157
75,225,142,-183,-26,176,-126,-86,69,174,215,155
58,206,130,-141,-13,197,-115,-82,58,155,181,133
72,200,131,-146,-35,164,-115,-85,70,164,201,134
75,203,129,-154,-28,165,-122,-91,60,133,166,150
72,193,115,-147,-12,158,-114,-64,62,147,158,127
64,180,113,-107,-9,151,-92,-88,49,149,156,116
52,172,119,-106,-17,127,-92,-58,45,123,165,101
48,169,107,-91,-28,150,-85,-47,46,116,167,114
52,150,92,-88,-24,132,-76,-78,46,125,138,90
60,172,102,-102,-40,118,-82,-56,43,98,149,99
48,147,114,-93,-15,140,-104,-43,48,109,113,101
19,117,90,-93,-29,101,-58,-59,41,129,134,106
42,141,70,-91,-31,99,-73,-57,40,96,108,120
44,115,78,-87,-18,79,-80,-40,47,92,115,75
31,100,82,-65,-7,79,-71,-39,34,74,104,90
41,91,71,-80,-32,74,-48,-46,45,65,102,70
22,109,40,-68,-10,70,-85,-55,14,84,99,91
33,100,67,-88,-17,75,-32,-44,40,76,71,71
49,79,49,-46,6,71,-52,-41,44,44,55,62
37,71,44,-62,1,68,-38,-23,24,57,67,79
26,63,41,-39,-18,58,-39,-5,5,41,68,37
42,38,34,-46,-17,53,-30,-38,24,79,79,71
12,76,37,-35,-11,52,-34,-20,32,51,56,48
15,52,27,-44,-12,61,-44,-8,20,21,48,33
18,62,31,-28,-20,54,-30,-35,17,26,38,51
30,51,35,-21,-20,30,-29,-12,7,37,46,18
33,41,37,-39,8,42,-15,-41,38,13,20,35
28,29,38,-10,-9,58,-13,-27,-1,38,38,16
25,41,1,-43,-3,18,-10,-16,9,41,24,21
6,22,32,-15,-25,22,-18,-15,15,34,22,36
22,11,27,-18,17,24,-32,-1,-2,29,37,41
3,20,7,-27,6,13,-20,-9,10,3,1,25
12,3,-2,-14,20,15,-19,-3,16,11,17,22
14,0,17,-12,-12,-4,-28,-30,4,2,14,25
-10,6,4,-9,-10,8,5,14,-12,-10,23,-6
-20,31,1,-15,4,27,-15,-6,2,30,7,24
-8,23,8,10,-4,8,-16,-9,-27,-2,-3,3
-6,-10,2,-6,-3,-7,17,-3,-7,15,17,-3
-5,-2,9,-20,22,5,5,-4,3,-3,18,9
-12,-13,-5,-22,-18,-18,-13,13,-1,-5,3,21
4,-15,16,3,-15,-4,4,0,-7,-14,3,7
8,-4,5,-4,13,11,30,-1,16,-9,-18,-22
-13,4,-1,-3,2,-21,20,-28,-10,0,4,-2
2,-8,-22,14,-15,-8,-7,-5,3,-20,5,-32
26,0,-21,9,-11,-12,1,-20,3,-7,-1,-8
2,26,-16,18,21,-10,8,10,17,16,-14,1
1,-22,-18,13,12,-4,-15,4,-21,-16,-8,15
1,7,1,-5,-4,-32,-16,10,-6,-3,-5,-10
-15,-13,11,15,-4,-2,-4,-19,-7,2,38,-11
-9,-25,-3,21,-18,-6,23,16,-14,-14,-1,0
-24,-13,-14,10,-1,-10,22,8,12,5,-35,-3
-10,-27,12,11,-3,-15,3,1,-20,-7,-15,-16
-2,-21,14,10,15,8,6,2,8,-3,-3,-3
-8,-16,-6,11,14,-11,-2,6,-17,9,-15,-14
0,-3,-19,9,-34,6,-10,9,-15,16,-32,2
16,4,-12,24,-6,-10,10,4,14,-7,-32,-8
-9,-11,-9,7,-2,-5,-14,-8,-24,-15,-6,-12
-4,-13,-10,0,11,-16,2,14,3,4,-34,-10
-2,-26,-18,18,14,-12,13,8,-15,12,-26,8
5,-7,11,39,-5,-4,4,6,-6,-11,-18,-15
-28,-25,-2,19,-19,4,0,-4,3,-5,-12,-21
2,3,-7,-1,-5,-14,17,-2,1,-25,-26,-11
-5,-12,-21,-4,1,15,-3,-20,2,-36,-20,-4
9,-1,-10,14,0,-18,-2,-10,0,-16,-11,2
-11,-20,-1,8,6,-13,-2,-6,8,-6,-19,-13
14,-19,5,-5,9,0,11,24,-2,2,-7,-9
-14,-28,-18,-4,17,-21,6,1,21,-13,-10,3
19,-8,2,-16,-17,-34,6,35,5,-3,-29,-30
6,-32,-35,36,0,-13,12,10,-16,-16,-15,-30
4,-19,-26,8,11,-33,20,-2,-6,-7,-6,23
-5,-18,-18,8,12,-11,10,0,-11,-7,-30,4
7,-9,-22,-7,-2,-24,8,-5,3,-2,4,-8
-11,-12,-14,8,-18,-8,-6,18,-1,6,-25,-22
13,-31,-15,7,6,9,16,20,-3,-24,-21,-20
-27,-11,-15,15,1,-9,10,15,9,-19,-11,-13
-8,-25,-17,12,-3,-27,12,6,-12,-14,-12,12
-5,-19,-16,10,-9,-7,20,7,8,-24,-22,-4
2,-22,5,15,3,-10,0,24,5,-10,6,-19
0,-13,-23,-2,-4,2,9,-20,-1,-24,-20,-11
-5,-38,-28,6,-2,-6,7,-5,-14,-19,-6,-6
18,-18,-16,1,-19,-11,6,-1,-2,-28,-4,-5
-3,-5,-4,18,-17,-27,-3,7,-5,-2,-5,-10
-3,-27,-3,-14,-7,-3,-3,24,1,-29,-14,-11
-7,-18,-5,-4,15,-7,8,9,7,-16,-14,-23
4,-18,-15,0,3,-22,4,-1,-7,-6,-10,-4
6,-22,-11,1,-13,-16,21,10,1,10,-6,4
-15,6,-5,0,-12,4,3,25,-9,-4,1,-17
15,-21,13,-13,-15,4,4,10,-9,-18,1,1
-14,-23,-10,-6,-7,-31,25,17,5,-10,3,-27
-9,0,-7,4,-4,-1,16,-10,0,9,-9,-17
-13,2,-12,19,13,-6,39,10,-5,-9,-12,-16
-9,10,-22,30,-16,-21,-25,-24,0,1,-9,-4
7,-16,-9,12,3,4,-22,7,3,-3,-10,7
15,-9,10,22,-5,-2,0,-5,-13,3,-15,-8
-11,7,-5,-13,0,-16,27,5,-21,-13,2,-3
-9,-5,-2,0,21,9,-7,15,8,-8,-11,-9
-22,-15,16,4,-2,4,2,4,11,-18,6,-8
-36,-14,-10,0,-4,-7,25,-9,14,4,4,-23
-1,-34,6,17,4,-24,-6,-3,-15,1,2,-8
-4,-19,-2,19,8,-5,-6,0,-9,0,-43,-7
-12,-5,7,2,20,-12,22,3,-2,3,9,-8
15,-3,-6,2,20,10,24,-2,5,-3,5,8
-21,-10,-2,7,11,-16,20,2,15,5,-1,10
-12,-2,13,17,10,-7,-15,11,2,-8,1,11
-11,-15,-11,12,-16,3,6,4,-14,5,10,-13
1,-19,-13,0,18,-15,-12,29,-1,4,-3,0
-4,1,-12,20,2,16,1,-8,-5,-11,17,10
6,-11,-14,6,-5,3,-27,-5,-1,-12,4,0
0,-15,12,3,15,-5,5,-10,-15,12,-17,-5
-1,-1,-9,-13,4,25,2,0,-14,-6,11,10
-5,12,3,5,1,-12,-1,8,-12,16,0,2
-8,17,0,4,3,38,-9,17,4,1,-1,2
16,-11,13,-16,0,-16,1,4,9,22,11,1
2,8,11,2,-15,6,-12,-29,-1,3,-3,25
-8,-9,13,-17,-37,10,-7,-10,8,18,3,18
3,8,6,13,-27,4,-17,8,2,14,14,7
-9,-3,7,-14,2,-9,3,0,13,-12,6,5
8,15,-7,-13,7,9,-11,-9,3,13,7,27
20,-3,-32,-4,-21,7,-3,7,9,8,-5,-10
16,20,-1,-3,9,13,-4,10,21,1,-10,7
9,16,10,-6,-3,1,-9,-41,30,7,-2,21
5,7,-32,3,-22,9,-16,-20,-5,15,-9,7
-6,2,8,9,-7,14,-12,-6,-11,2,25,-21
5,7,21,20,11,-3,-17,-17,0,24,10,30
4,9,3,7,14,14,2,-11,-1,-2,26,-2
9,16,3,-15,-6,17,-11,13,-6,-25,-14,-3
10,33,29,-16,24,3,11,2,-23,-3,2,-1
-1,17,10,8,15,-14,-13,-9,20,6,1,3
23,18,1,2,1,12,18,-24,12,-10,22,9
-6,31,19,-12,-18,1,3,-3,25,-1,10,31
20,29,-6,-11,3,23,-20,7,-19,8,25,5
8,23,1,7,-12,9,-26,-1,-9,3,36,-8
1,18,1,-41,1,-7,2,-8,6,-1,-2,20
8,7,0,3,6,31,8,6,18,7,-3,20
10,8,6,-23,-10,-1,-13,-33,9,-4,31,10
7,11,9,-17,8,-5,-18,15,-27,3,24,27
26,3,21,-2,-9,19,-2,-13,-12,25,-3,1
-5,12,-1,-13,1,20,-24,-9,11,14,12,27
9,11,17,-14,7,10,9,-4,-3,3,22,-6
6,7,13,-7,6,2,2,-22,-4,-7,21,10
10,6,8,5,-1,17,-21,17,22,28,18,3
26,19,0,-12,2,19,-17,-22,9,12,15,19
14,33,27,-14,10,7,-20,-3,14,18,11,14
21,31,7,-5,-28,26,-8,-22,-5,14,24,10
35,13,10,-3,-6,-6,-33,-4,1,11,31,5
26,50,27,-25,-10,33,-32,-30,20,0,4,46
-3,11,26,-9,8,45,-13,-3,-2,10,-13,5
3,35,16,0,3,8,-20,-12,-4,-10,22,38
10,28,23,-3,-4,40,-22,-9,6,33,12,12
29,32,17,-15,-12,12,-5,10,0,29,9,6
-13,53,38,-34,-17,24,-32,-4,-16,33,48,6
-6,25,26,-9,1,28,-34,-27,22,20,20,-5
1,28,40,5,-5,25,-23,-4,6,12,25,-2
-6,45,30,-42,-16,34,-26,-28,17,35,18,14
17,60,30,-40,-16,22,-12,-39,1,15,38,20
38,35,20,-13,-1,61,-33,-22,-13,22,26,32
29,44,48,-28,-16,44,-29,-17,1,24,30,9
34,49,19,-40,-1,32,-6,-29,19,35,44,13
39,66,34,-36,-22,34,-55,-10,28,49,44,15
23,50,50,-27,-11,60,-43,-25,15,54,38,34
11,62,42,-37,4,34,-19,-30,19,32,59,59
46,64,29,-37,-8,58,-47,-8,21,51,66,29
13,56,27,-33,-25,50,-27,-39,31,49,57,65
8,62,58,-52,-18,39,-24,-29,1,38,60,56
31,60,49,-50,1,52,-35,-30,8,70,69,54
15,72,57,-42,-7,87,-43,-39,33,54,91,56
23,77,67,-58,-12,67,-44,-31,20,61,68,76
28,96,62,-38,3,87,-61,-22,34,63,78,58
47,109,52,-67,-28,82,-71,-40,30,52,92,54
29,102,64,-80,-21,73,-70,-58,20,86,95,96
50,108,104,-87,-35,104,-59,-74,41,80,100,80
57,115,74,-92,-22,87,-45,-60,42,100,111,85
29,128,79,-80,-3,99,-69,-80,18,84,122,91
23,130,66,-89,-18,112,-68,-48,26,98,117,92
29,159,96,-114,-9,121,-86,-49,78,93,131,105
53,165,82,-120,-15,100,-74,-67,49,105,143,107
66,177,116,-113,-26,122,-90,-80,34,117,149,111
57,194,129,-124,-27,135,-97,-76,51,134,123,121
72,158,119,-108,-32,149,-77,-65,50,137,172,122
62,198,146,-124,-52,151,-103,-84,60,154,171,105
54,197,136,-133,-19,172,-96,-76,47,137,187,125
82,198,123,-139,-35,154,-123,-82,62,137,186,137
52,210,133,-143,-20,177,-113,-97,77,173,190,143
87,208,139,-146,-38,182,-115,-77,74,181,185,175
65,230,156,-147,-48,192,-130,-88,68,148,203,145
96,243,135,-174,-57,197,-135,-99,77,180,218,176
97,247,167,-178,-35,214,-144,-130,89,185,222,182
87,244,170,-165,-58,208,-154,-114,46,197,243,186
104,259,187,-181,-46,195,-162,-104,55,197,241,176
91,264,182,-188,-38,224,-137,-106,83,223,253,205
105,279,194,-173,-52,225,-153,-121,64,192,241,182
94,295,182,-188,-40,240,-134,-139,85,206,236,186
96,299,192,-182,-41,244,-160,-133,103,215,281,204
95,271,175,-202,-35,251,-171,-121,75,230,253,207
90,290,201,-190,-52,219,-152,-131,102,237,278,203
93,291,210,-200,-55,241,-176,-110,80,219,274,199
99,312,201,-211,-61,251,-178,-110,95,236,285,219
94,311,199,-187,-30,269,-170,-142,94,204,277,199
133,319,182,-194,-58,249,-173,-131,91,226,247,221
85,288,196,-207,-69,244,-148,-130,95,232,274,224
95,319,199,-196,-48,251,-179,-125,92,222,273,227
87,321,196,-202,-61,270,-145,-91,91,234,272,218
81,286,198,-204,-28,260,-177,-129,81,230,274,209
111,269,199,-198,-46,247,-165,-105,79,215,279,192
99,290,210,-191,-29,260,-137,-79,76,233,258,215
85,283,198,-190,-39,241,-169,-113,86,209,240,191
102,271,182,-212,-43,225,-153,-98,86,234,258,225
89,283,169,-171,-53,224,-156,-118,78,213,242,195
108,282,180,-151,-23,257,-134,-119,85,205,236,187
106,246,153,-175,-33,223,-148,-97,93,200,244,173
85,259,167,-168,-31,212,-127,-107,92,204,221,181
95,242,164,-157,-13,194,-121,-102,79,188,231,171
105,226,152,-177,-48,193,-135,-106,59,173,230,174
74,228,144,-173,-39,213,-118,-90,63,157,207,173
59,219,154,-155,-30,203,-136,-95,78,180,211,162
91,199,130,-157,-41,179,-99,-86,58,169,207,172
83,219,137,-158,-12,190,-103,-98,71,177,186,133
84,201,127,-140,-36,175,-99,-70,75,134,175,142
51,200,131,-134,-16,146,-128,-65,57,145,182,110
76,192,123,-132,-71,155,-99,-71,54,117,152,153
63,164,129,-128,-7,158,-82,-45,46,135,151,106
55,168,118,-114,-42,160,-86,-64,58,116,142,106
56,175,92,-113,-25,128,-89,-52,59,134,144,111
40,130,79,-125,-26,130,-70,-52,41,126,131,108
49,134,97,-103,-21,120,-88,-42,39,115,121,93
67,142,93,-125,-18,92,-96,-45,42,78,123,102
52,117,93,-99,5,126,-59,-57,20,89,104,78
37,142,81,-86,-11,106,-44,-47,55,101,119,73
28,92,78,-73,-27,110,-72,-55,27,86,77,77
57,125,56,-75,-16,89,-48,-56,20,58,89,69
32,105,66,-73,-24,86,-72,-41,12,84,94,77
55,98,70,-70,-8,66,-44,-41,13,79,72,67
21,85,50,-54,-11,70,-42,-43,21,42,83,80
1,79,60,-59,-6,78,-36,-23,15,72,68,65
10,67,49,-51,-11,51,-42,-21,23,30,56,53
6,76,31,-58,-9,48,-26,-47,31,59,84,67
31,81,70,-64,-17,44,-31,-27,20,70,83,43
38,67,28,-53,3,39,-42,-14,-2,37,54,73
28,70,24,-32,3,59,-43,-5,15,63,59,33
5,55,29,-64,-20,69,-5,-15,2,59,60,45
12,46,50,-38,17,57,-37,-58,12,61,69,42
21,57,7,-54,-16,51,-45,-25,-5,36,48,43
31,30,38,-44,-9,63,-5,-24,15,22,68,39
6,76,20,-24,-14,42,-34,-23,27,64,35,24
19,50,24,-54,6,51,-20,-12,12,37,49,22
21,49,47,-31,-6,46,-14,-25,15,48,42,27
27,59,29,-63,-16,51,-8,-48,6,45,39,23
42,35,19,-29,8,40,-12,4,9,27,31,40
21,37,16,-19,0,31,-18,-7,25,33,35,25
14,51,18,-23,-8,20,-34,-27,5,29,40,26
2,40,34,-13,-12,23,-2,-26,25,14,33,25
9,34,38,-23,-1,9,-3,-9,1,22,22,20
14,25,16,-31,-21,-2,-17,-4,21,27,10,9
15,1,19,-3,14,14,-13,-12,2,16,22,-3
-9,17,-5,3,-4,5,-4,26,-1,12,11,11
-9,3,-4,1,4,2,-9,2,-22,-4,22,-7
2,-25,-6,-6,8,-32,8,8,-32,-34,6,-19
-11,-29,-10,20,15,-10,8,22,-7,-2,-39,-17
-23,-23,-35,22,1,-19,17,16,-13,-32,-28,-30
-17,-39,-39,34,-2,-44,19,2,-16,-52,-40,-18
-32,-55,-42,31,-3,-52,27,42,-18,-40,-60,-22
-43,-86,-50,52,16,-56,26,17,-24,-50,-63,-40
-39,-62,-64,81,16,-99,53,55,-19,-43,-52,-88
-17,-86,-50,53,24,-83,73,37,-46,-56,-64,-71
-37,-106,-76,82,8,-98,64,55,-42,-75,-102,-73
-29,-132,-61,65,25,-88,65,65,-32,-81,-100,-85
-49,-127,-67,85,36,-97,81,58,-24,-88,-119,-54
-24,-116,-91,73,20,-110,77,51,-28,-97,-126,-95
-42,-125,-82,65,12,-92,64,49,-26,-99,-75,-99
-31,-102,-68,71,22,-69,59,37,-26,-97,-107,-84
-42,-96,-64,80,5,-70,59,65,-43,-66,-77,-71
-39,-39,-22,31,13,-59,43,22,2,-32,-39,-26
12,-7,-3,26,21,-28,6,-26,4,-41,-32,-25
-10,39,2,-14,-5,10,7,-12,-7,28,14,3
36,86,41,-57,21,45,-52,-23,10,35,73,41
56,148,100,-110,-17,116,-68,-38,40,97,119,55
88,203,116,-131,-34,166,-134,-96,54,173,180,169
81,273,182,-229,-52,249,-152,-122,90,211,286,197
139,361,244,-289,-63,311,-224,-153,138,285,325,278
165,463,315,-315,-98,391,-267,-196,143,357,418,321
219,567,352,-390,-92,479,-297,-229,161,426,522,423
232,646,447,-454,-125,551,-346,-271,180,507,606,451
264,757,525,-521,-115,629,-435,-332,229,579,687,530
310,847,565,-578,-118,708,-467,-340,264,645,785,611
336,942,613,-621,-134,774,-515,-379,294,713,859,647
352,1005,651,-702,-163,859,-545,-403,312,753,922,710
384,1087,715,-742,-157,904,-573,-405,338,802,963,767
393,1122,746,-758,-180,934,-605,-436,342,831,1004,771
403,1149,728,-767,-153,962,-638,-465,342,839,1020,774
396,1151,730,-753,-169,956,-609,-416,354,835,1009,797
390,1122,713,-761,-168,893,-621,-440,341,821,1001,772
387,1060,675,-736,-158,894,-611,-429,312,785,960,717
352,1002,639,-681,-152,798,-572,-391,286,748,890,705
321,919,599,-633,-134,739,-499,-362,289,704,818,628
310,817,552,-569,-130,687,-454,-314,255,632,769,580
241,740,467,-495,-106,609,-387,-302,218,546,669,505
205,639,419,-438,-81,511,-359,-245,187,468,588,443
187,526,330,-338,-106,434,-252,-192,148,359,453,381
149,410,258,-287,-56,340,-232,-173,121,295,364,276
113,308,188,-192,-53,252,-185,-121,96,249,274,229
69,216,129,-144,-15,168,-119,-89,48,154,178,145
43,118,87,-68,-38,89,-68,-41,44,78,91,93
29,43,49,-34,-13,42,-28,-15,3,52,33,29
-5,-43,-8,6,-6,-4,8,15,-23,-16,-31,-4
4,-75,-28,56,19,-79,61,19,-29,-59,-61,-50
-50,-121,-77,75,9,-101,51,27,-39,-92,-94,-72
-51,-144,-108,82,27,-116,55,56,-49,-128,-136,-93
-62,-178,-129,123,27,-139,103,59,-51,-123,-158,-115
-62,-179,-123,127,41,-148,103,75,-68,-149,-158,-148
-64,-170,-103,128,46,-158,98,81,-76,-144,-180,-135
-42,-182,-128,137,10,-154,85,61,-52,-140,-153,-124
-70,-169,-115,129,27,-162,87,72,-49,-127,-166,-106
-53,-161,-115,109,33,-139,79,61,-36,-118,-162,-109
-74,-156,-98,73,6,-116,84,64,-46,-119,-133,-109
-39,-120,-104,68,11,-112,65,63,-30,-110,-110,-95
-39,-108,-56,67,-6,-77,69,38,-47,-72,-102,-89
-23,-78,-54,55,0,-88,43,29,-17,-78,-83,-64
-21,-53,-35,27,10,-69,16,15,-36,-50,-71,-19
10,-47,-37,-2,5,-20,-6,18,-17,-12,-32,-22
10,-13,-1,9,-6,-31,31,10,-8,-18,-8,-28
-2,8,-7,3,21,-5,7,1,15,-2,4,-7
5,15,17,-16,-7,-4,-3,12,1,-2,11,3
-15,29,27,-27,-19,11,-13,13,-13,18,7,9
6,54,21,-17,-2,14,-29,14,24,24,16,25
3,41,29,-26,21,20,-1,-38,-5,35,44,37
9,48,13,-35,-8,36,-38,-12,12,43,44,28
10,80,24,-58,-15,43,-18,-20,17,50,44,48
32,67,42,-42,6,46,-55,-5,21,30,50,32
55,57,51,-40,0,47,-56,-15,21,44,52,56
31,39,44,-4,-6,43,-45,-30,32,40,55,31
32,86,60,-47,-10,64,-22,-32,-11,60,66,52
24,59,45,-36,3,63,-49,-17,33,39,61,42
23,54,50,-41,1,39,-25,-25,32,41,79,55
43,78,59,-57,9,50,-30,-24,36,65,85,54
23,89,41,-55,-8,76,-41,-36,-6,59,66,44
36,76,53,-52,-8,75,-33,-39,0,47,47,45
23,57,52,-47,-4,65,-48,-11,32,56,67,50
31,83,59,-49,-41,69,-37,-26,15,52,46,46
29,86,66,-68,-23,53,-17,-19,25,66,69,33
23,61,40,-78,-11,66,-53,-39,17,63,76,49
15,72,37,-58,-2,92,-48,-33,29,65,77,52
20,89,60,-82,-3,83,-50,-42,20,84,61,38
28,95,52,-81,14,64,-49,-50,26,66,84,61
22,78,71,-59,3,61,-62,-27,32,67,80,88
32,89,59,-75,-14,104,-41,-34,25,84,86,63
56,115,53,-63,-12,82,-66,-40,-7,75,78,41
53,121,85,-67,-25,80,-81,-24,51,64,104,45
9,104,70,-78,-30,80,-64,-36,36,94,103,76
38,133,47,-79,-25,88,-57,-59,24,102,104,70
25,120,74,-88,-25,106,-74,-38,21,86,111,72
41,121,53,-85,-22,80,-55,-31,50,125,89,96
29,106,69,-87,-16,114,-71,-54,32,75,98,74
71,109,101,-81,-15,109,-63,-51,29,77,120,66
46,139,69,-81,-14,89,-71,-53,24,89,136,67
39,147,82,-85,-5,123,-62,-42,50,96,94,84
21,130,87,-95,-7,99,-64,-57,35,97,102,117
58,129,110,-84,-8,115,-71,-64,51,113,122,95
36,147,92,-104,-16,125,-58,-59,52,97,159,74
61,143,99,-94,-21,117,-99,-55,20,108,142,108
66,164,89,-95,-26,147,-82,-68,41,110,145,109
47,159,95,-102,-31,142,-99,-73,54,122,132,109
81,155,117,-127,-6,123,-79,-59,64,91,152,110
54,167,105,-117,-14,147,-123,-73,50,126,136,97
85,182,129,-136,-16,122,-88,-45,43,125,127,128
53,190,125,-129,-32,173,-105,-76,62,139,155,116
75,167,106,-135,-20,152,-94,-71,47,121,169,113
73,204,109,-126,-17,164,-117,-93,46,141,160,146
82,191,140,-130,-41,151,-116,-100,43,144,185,112
55,209,122,-135,-37,171,-115,-100,49,146,192,137
69,209,130,-148,-29,165,-98,-100,53,142,195,157
77,209,143,-138,-40,163,-123,-78,42,174,210,154
63,221,140,-155,-29,181,-113,-81,78,174,233,153
84,242,157,-162,-36,197,-101,-89,64,201,225,179
78,269,168,-168,-34,206,-133,-106,43,228,206,164
90,257,169,-182,-16,235,-138,-78,86,181,249,178
99,270,169,-195,-33,218,-146,-108,80,206,220,179
93,266,191,-198,-28,229,-140,-95,61,213,231,178
106,276,163,-188,-33,234,-168,-86,86,198,254,210
109,291,183,-218,-46,231,-129,-99,87,246,263,215
86,301,220,-175,-39,229,-153,-123,103,217,287,217
136,295,209,-207,-34,255,-161,-110,98,245,279,235
114,320,201,-212,-39,243,-197,-134,91,223,293,234
120,318,203,-209,-53,269,-190,-140,108,236,292,232
141,326,230,-220,-33,265,-192,-122,105,266,289,260
111,320,226,-248,-59,303,-189,-124,85,255,286,256
118,345,233,-217,-79,276,-176,-108,105,271,308,242
135,352,236,-232,-56,288,-202,-138,102,268,344,274
122,369,244,-246,-40,309,-209,-138,88,248,343,245
126,381,232,-265,-56,332,-219,-166,115,289,355,267
141,380,273,-262,-52,339,-219,-130,106,263,360,266
134,385,258,-248,-82,342,-219,-156,134,297,353,262
161,391,280,-267,-50,342,-242,-137,112,303,381,270
153,417,262,-286,-40,348,-219,-180,124,297,362,277
137,408,266,-275,-61,343,-212,-183,132,312,401,295
143,398,278,-300,-43,363,-232,-159,124,321,372,292
143,422,288,-309,-48,341,-242,-179,118,322,366,287
144,426,265,-282,-76,371,-255,-179,143,342,388,285
164,447,287,-298,-72,364,-263,-174,163,324,392,296
167,454,301,-300,-66,362,-231,-179,127,332,410,319
158,464,284,-308,-84,386,-261,-179,149,339,401,316
149,454,322,-314,-78,392,-226,-193,139,338,402,325
154,481,286,-323,-56,376,-251,-196,127,341,413,340
195,471,298,-320,-79,383,-256,-188,135,343,412,319
166,461,311,-329,-52,407,-286,-203,160,363,433,316
162,467,296,-318,-78,401,-280,-183,138,358,433,344
167,489,322,-334,-90,423,-279,-194,141,359,441,316
167,475,294,-325,-55,399,-279,-195,147,365,438,336
172,474,313,-325,-62,416,-263,-193,156,352,458,335
181,475,339,-330,-85,397,-268,-181,133,369,453,336
148,505,323,-326,-46,419,-269,-197,159,369,434,340
177,493,309,-352,-91,394,-274,-190,145,373,431,336
182,477,309,-339,-81,404,-267,-192,150,359,418,353
187,467,316,-323,-84,403,-277,-199,111,357,444,332
181,488,319,-347,-89,387,-277,-205,144,387,455,350
159,512,324,-354,-70,412,-280,-183,139,366,420,335
170,472,335,-345,-107,408,-247,-186,174,366,417,335
167,486,295,-312,-61,405,-253,-197,175,363,439,338
166,496,298,-304,-53,389,-272,-207,155,386,445,330
158,466,312,-332,-71,402,-245,-187,141,364,426,322
162,470,305,-343,-76,395,-253,-183,129,355,448,323
154,480,327,-329,-78,387,-238,-160,106,356,421,337
176,473,318,-324,-57,362,-252,-190,126,356,414,315
162,479,279,-322,-66,395,-246,-178,121,338,420,323
161,484,296,-308,-69,377,-248,-202,121,358,397,343
161,439,296,-295,-87,348,-243,-189,152,332,390,329
167,436,293,-295,-69,367,-250,-157,126,340,416,311
130,443,283,-299,-69,350,-250,-181,138,331,402,319
150,428,271,-302,-84,363,-261,-134,125,324,389,308
148,419,269,-284,-56,340,-243,-172,102,323,393,291
162,427,275,-302,-60,352,-223,-146,128,323,384,287
159,410,262,-274,-64,351,-206,-173,104,307,362,286
137,395,257,-262,-55,327,-233,-171,111,301,342,277
137,386,261,-254,-48,327,-229,-162,119,289,357,287
118,367,264,-278,-72,324,-232,-123,115,303,341,270
135,367,257,-257,-63,288,-204,-158,90,275,349,270
139,345,251,-260,-57,315,-201,-124,102,273,330,251
117,357,215,-237,-25,301,-174,-148,112,275,316,253
107,342,229,-262,-47,274,-190,-141,94,238,312,235
131,318,224,-230,-23,278,-172,-129,119,258,320,226
111,340,207,-222,-46,276,-172,-130,103,244,264,232
104,302,211,-213,-51,251,-164,-139,95,237,303,184
106,306,176,-201,-40,242,-146,-142,110,213,273,202
102,279,192,-208,-52,235,-171,-97,102,208,261,190
90,309,193,-201,-42,224,-188,-127,108,194,256,202
97,293,194,-196,-49,206,-159,-103,80,222,240,190
87,285,173,-175,-47,192,-147,-87,79,208,236,190
92,276,173,-182,-57,216,-149,-126,85,204,235,184
91,257,136,-179,-57,198,-137,-99,80,194,235,179
81,264,167,-162,-41,201,-134,-114,86,197,212,185
68,239,163,-164,-50,184,-109,-96,77,183,212,173
85,227,152,-162,-32,195,-121,-70,86,170,227,138
80,225,150,-149,-25,171,-125,-85,90,161,217,162
73,200,124,-142,-46,155,-125,-92,66,171,206,144
58,221,118,-125,-33,165,-103,-67,56,155,186,149
49,204,116,-113,-25,158,-131,-69,55,134,159,127
72,209,133,-128,-43,138,-112,-68,67,159,168,135
61,198,92,-110,-19,132,-115,-84,59,130,163,116
49,164,101,-95,-15,165,-93,-59,53,122,128,107
55,166,100,-139,-28,145,-106,-77,44,117,155,96
44,176,86,-97,-29,133,-80,-72,68,114,150,119
57,165,108,-104,-23,123,-81,-62,48,107,132,106
33,131,92,-93,-28,103,-86,-69,30,96,140,92
44,138,103,-107,2,113,-96,-46,34,103,125,99
23,128,80,-78,-12,106,-66,-69,47,107,114,105
36,119,84,-107,-13,107,-61,-48,37,96,132,75
45,125,79,-75,-27,107,-70,-35,46,94,101,87
38,108,68,-87,-6,97,-62,-60,22,102,92,84
32,93,98,-74,-30,92,-74,-27,30,77,102,63
30,123,53,-77,-25,103,-47,-33,37,83,85,63
16,95,50,-62,-13,67,-47,-30,33,77,113,78
41,100,59,-74,-20,92,-55,-41,28,68,93,63
41,95,63,-66,-31,74,-38,-39,31,74,74,106
40,75,79,-54,-3,69,-56,-54,16,62,97,68
29,103,71,-53,-44,67,-48,-27,13,62,73,58
27,102,62,-65,3,72,-51,-12,29,53,82,44
42,71,46,-58,1,70,-40,-30,12,69,49,56
8,61,29,-48,-19,32,-60,-43,13,67,46,63
31,91,45,-41,-19,43,-49,-27,14,46,44,48
34,77,46,-42,15,84,-39,-40,25,46,75,31
28,73,50,-6,-12,74,-37,-30,38,41,49,23
36,73,28,-38,6,50,-25,-32,24,37,60,47
27,70,44,-44,-21,47,-27,-23,22,48,54,60
17,79,38,-30,-22,51,-36,-34,3,43,42,29
29,43,62,-39,10,40,-32,-41,7,34,44,64
18,67,52,-54,-12,74,-48,-22,21,61,61,38
5,42,35,-25,-25,33,-28,-34,7,37,57,27
24,65,14,-42,17,35,-58,-17,6,38,66,30
15,54,54,-42,0,57,-39,-38,32,37,46,20
10,37,39,-40,-9,23,-38,-3,13,26,47,40
6,42,19,-21,-12,33,-22,-21,12,37,29,35
19,68,28,-17,1,62,-31,-21,24,31,44,31
-7,45,29,-39,-18,33,-44,-5,7,48,38,33
35,75,9,-40,-3,46,-17,-31,0,26,74,33
29,60,36,-24,-9,71,-45,-8,22,29,34,48
2,52,33,-25,-13,47,-39,3,25,49,23,42
19,44,35,-25,-21,35,-48,14,28,37,55,53
-1,50,30,-12,8,47,-39,-47,16,22,44,17
13,60,29,-41,0,34,-29,-16,-4,11,32,38
6,61,23,-38,-7,28,-30,-24,18,41,37,40
14,44,19,-22,-20,22,-23,-32,-5,31,35,53
20,64,16,-17,-22,28,-35,-24,12,29,46,55
24,62,37,-26,0,24,-32,-23,25,25,55,48
17,60,69,-23,2,32,-21,-25,15,57,17,22
-8,43,19,-57,-12,22,-29,-27,-9,18,44,32
14,63,39,-53,-1,40,-42,-24,-1,24,56,45
14,32,45,-28,-1,31,-7,-22,17,47,39,50
43,45,20,-4,4,21,-22,-17,-3,41,29,33
11,51,46,-23,-16,30,-27,-17,1,61,66,44
21,44,36,-31,0,34,-16,-33,18,38,38,23
21,60,22,-44,3,32,-19,-11,15,32,43,31
9,43,27,-44,-4,39,-14,-21,2,45,50,28
-1,48,16,-39,-3,21,-16,-25,9,38,37,29
24,48,49,-23,-3,31,-27,-28,25,31,39,18
21,26,24,-24,-5,24,-22,-21,18,31,85,40
12,57,34,-25,-5,36,-26,-7,18,24,49,22
7,40,23,-39,-20,51,-44,-41,-2,44,40,43
16,49,32,-33,-32,24,-23,-12,32,22,20,36
7,59,24,-24,-14,34,-20,-8,9,29,50,40
5,39,39,-28,3,36,-21,-5,26,24,33,46
15,71,35,-53,4,57,-42,-30,25,50,42,39
19,37,49,-58,-19,27,-54,-10,26,45,31,27
1,60,54,-29,-22,32,-2,-14,17,50,62,34
26,61,15,-41,-24,34,-25,-27,0,33,58,53
35,51,7,-35,-1,48,-29,-26,19,35,43,19
7,40,18,-21,0,58,-38,-4,0,48,34,28
30,61,29,-38,-16,28,-27,-5,24,56,48,45
26,47,44,-53,9,50,-27,-21,7,38,74,27
26,65,17,-33,5,40,-18,-21,10,20,39,41
-4,50,25,-30,5,42,-34,-31,28,28,45,18
44,37,33,-40,-16,50,-35,-8,17,26,45,56
10,48,28,-48,-5,54,-2,-37,9,49,56,40
5,43,17,-35,-7,33,-27,-11,35,48,44,38
49,60,27,-39,-4,45,-22,-24,11,35,57,34
13,51,30,-38,-8,41,-5,-27,27,70,45,34
9,44,37,-36,19,52,-38,-22,9,48,39,40
20,87,25,-36,1,41,-25,-13,22,37,44,26
30,71,40,-57,0,42,-40,-22,16,43,48,40
15,83,21,-32,3,43,-41,-20,14,23,53,18
-2,76,52,-60,-20,41,-7,-11,24,61,44,59
26,52,32,-39,-16,42,-52,0,21,59,39,37
1,56,39,-36,8,39,-47,-17,11,60,53,46
41,68,35,-55,8,51,-19,-43,16,63,47,44
19,41,22,-42,-15,42,-28,-28,25,41,68,48
22,66,38,-40,-20,59,-40,-26,19,58,62,43
43,53,64,-31,-14,38,-34,-15,19,40,49,55
8,73,49,-45,-26,45,-17,-13,32,43,53,28
30,63,42,-38,-22,45,-36,-35,41,49,45,58
5,68,50,-37,-18,35,-36,-28,20,50,49,68
24,71,34,-32,-2,55,-35,-16,21,41,29,39
19,63,33,-64,-10,75,-34,-7,21,48,46,32
6,62,62,-46,-5,38,-18,-29,22,36,61,54
35,54,76,-73,-15,31,-26,-24,5,47,42,48
21,53,48,-31,7,48,-35,-25,17,52,61,38
29,67,33,-60,0,51,-46,-25,22,45,65,34
17,46,43,-29,-32,57,-56,-36,36,42,78,44
34,56,71,-21,-29,56,-23,-16,14,59,56,39
15,62,53,-36,-10,65,-26,-31,26,36,48,44
5,60,61,-27,-19,34,-26,-33,30,36,69,38
20,64,50,-48,-15,69,-17,-34,22,40,73,46
16,58,42,-42,-15,50,-44,-39,38,44,52,27
6,73,47,-58,-24,71,-35,-47,16,41,63,32
7,52,48,-43,-4,60,-34,-11,-12,50,67,59
32,69,51,-39,-7,51,-49,-45,2,43,63,56
1,70,47,-32,-17,60,-55,-9,18,53,59,35
8,71,39,-49,-15,62,-47,-40,23,60,44,53
19,68,30,-49,-15,59,-37,-28,41,63,69,45
3,74,56,-35,10,49,-31,-16,37,49,70,33
10,71,52,-46,-5,63,-25,-33,8,41,39,35
19,57,19,-37,-34,37,-33,-24,15,55,59,45
34,73,72,-57,7,67,-59,-15,34,62,76,39
30,75,49,-55,-12,53,-39,-17,19,67,66,21
7,58,46,-50,2,38,-25,-24,7,37,69,54
24,55,55,-31,-39,52,-21,-12,30,57,84,44
22,68,41,-40,-16,59,-58,-32,24,39,58,44
7,83,48,-52,-25,59,-38,-20,39,63,48,43
36,77,29,-41,-19,52,-30,-30,42,31,46,36
23,81,61,-59,-10,52,-62,-4,7,68,53,52
6,89,31,-49,-33,51,-49,-35,2,34,50,34
14,75,58,-51,-6,58,-43,-10,18,43,70,63
26,78,46,-50,2,59,-46,-10,32,35,60,55
12,92,55,-11,-11,61,-31,-20,28,34,58,57
19,65,41,-65,-20,46,-26,-10,12,36,86,55
17,79,49,-41,-15,61,-31,-33,37,40,74,48
26,66,74,-37,-22,48,-39,-35,17,52,59,49
18,75,37,-39,14,76,-47,-33,26,61,67,35
42,75,42,-57,-8,64,-43,-24,20,27,54,45
31,74,43,-69,-15,73,-33,-31,26,58,59,44
3,76,65,-32,11,66,-28,-28,6,45,78,49
29,68,49,-29,-9,46,-47,13,33,46,69,59
24,75,61,-55,-34,65,-25,-37,25,53,42,61
44,51,49,-42,-10,59,-33,-30,17,71,66,58
41,76,37,-60,-2,78,-35,-35,38,72,66,68
41,64,57,-51,-32,69,-31,-37,10,58,84,50
57,66,66,-43,-12,48,-39,-41,30,59,89,68
18,89,66,-36,-18,66,-54,-36,38,57,73,64
33,93,72,-45,-17,72,-28,-38,31,63,85,55
30,90,70,-71,0,57,-64,-21,23,68,75,67
34,103,61,-55,-18,80,-35,-25,30,66,93,65
19,112,62,-59,-5,76,-46,-46,55,68,73,65
40,105,52,-85,-7,76,-65,-44,46,68,89,71
28,117,65,-90,-26,110,-62,-32,22,67,111,89
10,95,92,-62,-19,88,-43,-52,21,109,94,69
52,104,72,-91,-28,101,-52,-49,22,70,108,95
42,122,76,-74,0,102,-62,-44,36,83,124,108
39,128,81,-99,-17,104,-81,-30,43,90,107,84
56,130,77,-77,-19,111,-66,-71,29,94,90,98
30,147,80,-70,15,107,-68,-65,59,110,121,86
51,147,99,-108,-25,112,-101,-52,40,109,130,97
67,167,98,-94,-10,126,-77,-49,55,106,132,105
57,164,115,-123,-16,132,-78,-90,57,101,136,111
37,187,110,-120,-36,137,-94,-70,60,157,141,114
57,181,107,-126,-39,151,-100,-76,60,133,168,117
83,171,113,-126,-36,168,-99,-89,63,145,160,134
54,209,155,-115,-32,149,-125,-82,67,125,167,125
40,179,122,-117,-19,174,-118,-96,47,151,193,142
87,222,136,-140,-4,167,-118,-88,50,149,203,147
87,209,155,-142,-50,176,-106,-97,83,165,183,151
74,216,136,-154,-20,197,-99,-99,80,171,189,163
77,244,144,-164,-39,191,-138,-103,48,179,201,152
96,246,150,-172,-45,224,-131,-78,64,167,244,160
97,246,159,-172,-47,205,-136,-118,70,208,217,177
95,244,184,-159,-53,217,-137,-94,49,198,245,179
100,278,167,-203,-30,223,-150,-116,62,207,240,178
98,286,170,-187,-20,241,-142,-115,78,200,275,194
96,291,177,-184,-34,223,-151,-98,85,198,265,192
107,293,198,-192,-41,237,-163,-111,74,210,251,196
126,282,183,-207,-48,240,-151,-94,97,243,266,195
107,323,178,-190,-47,246,-167,-128,101,229,272,201
99,337,188,-209,-47,242,-205,-118,95,226,268,215
105,341,230,-235,-34,258,-154,-127,84,226,281,217
106,308,188,-196,-42,264,-166,-145,88,235,299,214
109,296,193,-202,-47,272,-154,-151,82,242,287,216
112,323,238,-209,-52,279,-199,-109,81,235,301,220
110,319,206,-221,-57,272,-175,-143,105,251,305,227
116,322,224,-231,-54,257,-182,-143,88,269,290,238
105,324,220,-200,-54,285,-176,-119,85,244,290,221
97,317,215,-230,-61,283,-181,-129,85,224,304,226
91,328,209,-215,-38,293,-184,-136,87,234,265,217
126,342,205,-228,-67,257,-182,-131,104,264,303,220
126,305,177,-232,-60,264,-179,-94,93,240,292,231
128,327,219,-191,-36,253,-177,-138,77,226,272,233
99,322,200,-223,-57,249,-176,-129,104,244,301,209
104,329,209,-199,-42,244,-178,-122,77,230,290,218
108,320,188,-202,-38,253,-172,-133,102,224,255,207
115,302,202,-191,-38,245,-170,-101,93,220,264,188
95,297,205,-216,-37,233,-135,-130,93,221,258,212
86,267,171,-207,-45,237,-144,-117,95,184,241,185
88,265,176,-188,-47,220,-156,-125,79,211,254,179
103,260,180,-176,-49,212,-131,-118,58,194,226,172
95,248,150,-141,-44,225,-145,-109,65,176,218,182
100,248,157,-170,-48,215,-146,-103,75,173,235,184
78,225,164,-160,-47,217,-105,-102,51,189,211,182
83,209,152,-161,-34,186,-115,-97,73,162,203,176
70,245,133,-119,-24,203,-108,-83,52,185,195,148
93,197,150,-157,-32,165,-109,-76,54,144,183,110
64,195,132,-120,-50,167,-110,-86,70,172,196,154
81,199,102,-124,-42,147,-132,-75,62,126,172,140
50,177,104,-123,-23,138,-104,-70,70,124,165,115
40,152,131,-122,-8,166,-101,-53,28,116,133,124
48,145,98,-81,-34,126,-89,-52,57,116,157,110
53,153,96,-115,-32,122,-98,-72,49,117,140,103
59,143,85,-111,-21,138,-69,-46,59,96,134,108
36,141,84,-78,-47,122,-87,-66,45,119,123,95
55,119,77,-73,-21,92,-91,-45,55,122,111,75
31,141,83,-86,-28,86,-91,-56,52,94,119,90
39,124,96,-96,-26,75,-50,-38,36,89,118,88
37,127,77,-88,5,84,-62,-46,29,85,81,88
48,107,73,-95,-11,70,-68,-75,53,91,108,69
32,93,63,-60,-18,60,-68,-65,28,63,94,70
45,104,53,-54,-14,78,-55,-62,50,84,91,66
27,107,47,-73,0,83,-57,-43,16,56,75,63
11,80,61,-60,-18,69,-59,-34,31,49,58,74
28,84,49,-68,-4,89,-45,-13,31,62,59,51
7,62,39,-59,-4,57,-38,-31,27,46,76,56
22,62,47,-48,8,64,-46,-47,23,64,73,41
20,62,49,-45,-6,53,-45,-35,29,53,75,9
18,60,51,-18,-31,47,-37,-30,-2,42,79,60
32,83,49,-34,0,57,-26,-42,24,80,55,42
11,71,44,-22,-7,61,-36,-15,10,29,34,60
15,53,54,-35,2,52,-11,-29,9,53,53,34
32,59,49,-56,-11,60,-40,-29,36,41,73,49
43,69,32,-52,-7,49,-55,-19,14,36,54,62
10,51,28,-39,-26,38,-24,-28,35,24,58,48
-5,62,30,-15,15,80,-28,-9,12,30,41,53
5,21,38,-33,6,50,-8,-17,28,31,24,49
2,39,45,-36,4,42,-40,-33,4,20,35,13
30,45,35,-24,6,32,-14,-7,9,26,23,6
17,35,29,-9,0,20,-38,-5,20,29,29,6
7,18,14,-39,5,33,1,-8,-1,35,20,6
19,32,22,-4,12,27,7,6,-16,26,32,18
9,-2,7,-24,11,11,-7,-29,2,13,18,12
5,5,7,-2,-5,4,11,-13,-1,-14,3,9
2,14,5,13,-10,1,25,6,9,-11,14,0
-9,-11,-1,1,6,-6,12,23,2,-35,-6,-33
-21,-32,-22,23,14,-31,13,15,-14,-11,-42,-11
-20,-30,-20,44,9,-39,30,33,-15,-24,-42,-23
-24,-49,-49,20,11,-44,27,34,-8,-46,-50,-54
-33,-73,-56,54,1,-47,43,24,-20,-68,-69,-50
-38,-75,-42,34,37,-97,53,20,-21,-58,-67,-52
-38,-88,-94,57,39,-79,65,37,1,-72,-72,-84
-60,-91,-57,68,2,-84,35,50,-37,-66,-90,-86
-38,-101,-73,70,2,-81,57,44,-41,-86,-112,-95
-50,-107,-83,64,12,-73,78,33,-51,-83,-100,-60
-17,-109,-49,53,8,-71,67,32,-12,-38,-73,-64
-30,-93,-51,60,9,-54,61,41,-20,-53,-56,-78
-6,-79,-47,51,16,-28,16,6,-8,-39,-44,-48
-15,-10,-7,11,15,-30,24,16,-12,-28,-29,-33
24,4,14,-10,-9,15,-14,-8,32,-5,-4,11
34,75,49,-40,0,57,-39,-40,27,44,51,64
47,132,79,-103,-10,119,-82,-74,22,89,125,92
58,194,123,-132,-23,166,-99,-92,74,151,168,151
100,259,193,-198,-55,240,-140,-123,77,194,257,206
142,354,250,-245,-47,297,-194,-157,111,307,337,278
146,448,298,-300,-49,364,-259,-166,151,355,444,305
186,559,373,-391,-97,465,-317,-232,161,425,495,412
247,654,433,-461,-116,555,-371,-261,186,497,604,450
267,726,509,-522,-116,607,-387,-322,233,564,685,514
286,846,550,-601,-128,711,-466,-350,251,617,766,562
320,947,596,-641,-156,787,-513,-358,275,662,837,651
332,987,657,-701,-144,832,-569,-403,315,744,899,699
367,1057,709,-729,-165,886,-585,-446,329,771,938,727
369,1095,715,-728,-163,915,-606,-447,338,829,976,776
397,1106,720,-760,-151,918,-602,-450,364,816,994,778
377,1085,726,-755,-176,896,-628,-445,332,794,990,755
377,1095,684,-746,-167,902,-594,-434,310,779,992,737
346,1033,675,-694,-165,837,-558,-404,306,777,926,718
351,959,619,-650,-147,805,-520,-388,289,709,862,679
308,891,598,-610,-114,725,-482,-333,276,671,771,604
272,775,512,-559,-117,643,-441,-330,227,594,712,561
226,671,430,-455,-84,563,-361,-279,180,518,621,474
185,559,389,-401,-83,469,-300,-236,169,428,503,403
194,450,298,-302,-96,379,-258,-196,145,345,425,320
140,355,232,-243,-52,304,-189,-135,123,264,324,252
91,267,152,-171,-19,215,-140,-113,75,188,261,177
54,140,111,-128,-14,145,-92,-52,62,122,131,90
24,74,39,-71,-10,43,-43,-47,10,67,80,63
-11,-19,2,14,-32,-3,12,-10,-10,22,2,1
-27,-79,-44,44,21,-46,47,4,-11,-60,-69,-55
-47,-111,-67,68,51,-101,78,47,-36,-89,-112,-74
-45,-137,-130,99,20,-124,95,77,-34,-121,-163,-124
-75,-191,-125,122,21,-183,111,87,-60,-140,-172,-133
-82,-230,-145,156,44,-192,134,56,-45,-186,-193,-143
-94,-240,-143,171,49,-198,118,97,-64,-187,-221,-161
-75,-246,-175,164,45,-166,134,83,-79,-167,-217,-178
-75,-236,-141,139,22,-197,126,117,-74,-178,-225,-162
-77,-236,-159,162,33,-187,119,96,-64,-188,-218,-168
-74,-197,-134,135,18,-188,135,90,-66,-161,-208,-146
-48,-219,-111,162,40,-157,121,95,-57,-168,-186,-114
-51,-190,-129,126,23,-150,109,74,-43,-153,-141,-157
-68,-160,-113,103,19,-142,62,47,-63,-122,-163,-119
-40,-157,-84,91,20,-119,91,52,-38,-95,-135,-106
-30,-134,-72,95,10,-130,71,30,-31,-94,-106,-87
-21,-99,-74,79,29,-92,44,34,-30,-80,-84,-75
-39,-100,-53,67,20,-64,52,26,-26,-59,-62,-69
-12,-67,-34,76,27,-71,21,15,-17,-51,-66,-39
-25,-43,-55,51,-4,-48,47,30,-8,-53,-50,-31
-14,-37,-38,17,14,-32,42,12,-31,-20,-31,-26
-10,-24,-10,9,6,-24,-12,3,-26,-25,-25,-38
-3,6,-7,10,10,-19,38,10,-8,-6,-15,-7
-12,-10,-10,16,5,-1,18,-4,-11,-23,-14,-27
-12,12,-21,4,-7,-9,-1,7,-18,-5,9,-12
2,-22,-12,-8,13,7,1,9,-23,-11,-3,-5
-22,5,6,-4,-9,-1,-3,-8,-1,11,6,15
15,16,7,-5,5,4,5,18,-15,-3,36,9
20,10,21,0,-18,25,-13,-16,-9,35,20,28
-9,8,-1,-30,-14,17,-3,16,-26,9,-7,28
13,14,21,-15,30,15,4,7,19,22,8,34
12,27,3,-17,-2,-5,-25,-20,-1,18,17,-3
10,-3,6,-36,-12,27,-20,-17,13,11,19,-2
19,11,12,-11,-5,41,15,9,9,-4,-2,13
11,-4,2,-3,4,4,-8,-12,-24,37,17,24
7,26,4,9,-13,-2,17,-11,6,14,20,2
4,14,31,-33,-19,-9,-21,-3,8,10,13,33
26,27,8,6,6,21,-4,-15,15,-4,24,-1
3,23,24,-7,-1,7,-26,-6,-4,14,40,15
26,29,13,-33,-12,21,-14,5,4,34,4,50
8,33,1,-24,-2,24,-14,-22,8,15,10,8
-5,25,24,9,-3,31,4,-17,-2,21,20,-3
20,26,21,-14,14,27,-6,4,20,22,25,18
-3,45,14,-14,-8,12,-28,-13,32,7,19,24
4,22,15,-3,-5,24,2,-19,9,23,34,18
14,18,43,-12,-5,30,-11,5,-4,29,20,1
31,66,28,-26,0,36,-29,-13,-10,23,23,12
-3,40,30,-26,-1,42,-36,-17,-9,30,21,26
21,54,16,-27,4,21,-35,-15,4,19,48,26
16,52,8,-25,1,45,-17,-26,3,19,35,19
-16,43,34,-30,1,35,-13,-31,14,31,50,47
12,46,35,-43,-7,51,-15,-10,10,28,46,57
28,62,41,-29,-5,41,-25,-26,-10,37,41,17
20,40,44,-35,-5,71,-42,-12,37,65,69,41
7,58,32,-24,-7,60,-14,-22,17,37,25,42
7,58,48,-65,-24,55,-37,-21,29,64,48,59
16,77,46,-54,2,24,-43,-40,18,45,45,44
21,62,50,-60,-32,72,-55,-50,17,50,80,72
53,76,44,-41,-10,63,-51,-35,48,45,85,54
36,88,77,-46,-10,53,-33,-24,14,74,56,69
17,93,66,-58,0,64,-59,-50,1,82,91,61
46,101,64,-55,-13,78,-40,-33,41,70,56,85
44,104,56,-72,-7,83,-47,-23,24,96,100,79
35,119,82,-81,-4,88,-54,-62,36,82,94,85
53,113,82,-98,-31,70,-65,-59,15,86,89,83
28,139,69,-73,-11,124,-71,-50,31,77,93,99
41,117,73,-80,-39,115,-46,-20,34,101,109,91
29,131,77,-106,-23,120,-60,-27,44,103,116,71
68,143,102,-107,-14,110,-94,-71,31,110,114,95
51,135,99,-121,-45,110,-101,-52,63,110,125,96
31,162,121,-121,-30,135,-99,-62,26,127,132,119
52,158,115,-108,-21,111,-71,-72,52,126,161,124
55,157,127,-116,-23,169,-94,-72,49,131,133,121
66,181,108,-143,-26,153,-98,-77,56,149,155,130
77,198,112,-115,-42,145,-100,-96,73,133,154,119
80,193,130,-117,-58,170,-109,-84,64,131,198,154
80,217,126,-154,-42,166,-122,-87,67,128,180,145
81,209,131,-141,-36,170,-109,-98,49,151,186,158
74,229,143,-167,-50,190,-118,-89,98,166,194,149
63,239,144,-151,-56,187,-113,-81,79,157,193,166
104,228,134,-156,-56,189,-123,-81,91,186,225,174
77,229,150,-159,-28,204,-122,-105,64,176,229,168
84,262,162,-166,-37,205,-147,-103,73,215,256,187
92,270,164,-164,-48,227,-132,-100,68,187,232,188
101,264,169,-185,-53,221,-136,-114,76,206,245,193
92,292,178,-176,-35,244,-151,-130,71,210,236,203
85,284,172,-187,-26,258,-146,-142,87,240,253,197
94,301,181,-209,-41,245,-151,-119,93,237,262,214
107,308,229,-207,-47,256,-177,-129,88,250,259,214
107,303,208,-237,-44,258,-170,-128,105,222,286,216
120,326,201,-229,-56,252,-165,-126,100,226,265,206
116,322,222,-223,-47,274,-189,-121,115,266,316,222
113,325,235,-221,-41,276,-190,-141,108,242,299,242
137,377,214,-223,-29,286,-173,-141,112,266,297,244
129,325,225,-246,-57,310,-206,-146,96,272,315,251
102,342,240,-258,-43,294,-211,-126,111,269,329,236
131,357,245,-240,-60,298,-193,-155,116,276,340,249
146,378,244,-251,-61,291,-228,-159,118,275,343,255
140,369,245,-256,-39,311,-220,-163,114,289,342,263
142,376,252,-278,-50,319,-188,-166,112,290,353,275
139,395,240,-275,-48,332,-201,-142,129,302,357,275
121,406,238,-281,-73,312,-207,-163,104,309,349,271
153,400,272,-275,-47,336,-219,-160,123,282,341,286
127,393,263,-289,-61,313,-223,-161,123,302,352,284
133,390,254,-289,-67,328,-225,-166,113,295,359,275
156,401,268,-271,-66,353,-232,-162,137,321,381,299
133,407,254,-252,-70,329,-225,-148,106,321,369,297
149,420,305,-278,-59,341,-219,-162,122,305,357,296
153,423,293,-278,-55,363,-213,-169,135,294,372,274
148,419,261,-266,-44,343,-213,-162,118,320,368,271
135,419,258,-274,-82,349,-233,-162,110,301,363,296
135,427,273,-268,-73,357,-248,-182,125,313,374,296
146,405,283,-282,-66,371,-205,-163,110,330,389,281
148,407,293,-279,-73,357,-228,-161,135,297,378,301
138,387,255,-292,-38,344,-211,-170,141,316,369,293
145,415,242,-284,-70,338,-222,-162,120,316,365,301
157,419,246,-272,-47,364,-220,-162,123,295,365,295
155,383,273,-284,-42,341,-221,-153,110,297,397,283
147,393,271,-259,-82,349,-205,-154,121,302,356,269
137,397,272,-285,-42,328,-214,-155,138,325,360,298
125,392,264,-272,-57,322,-220,-168,113,276,382,303
125,381,244,-238,-63,319,-226,-152,153,302,371,277
122,363,247,-276,-73,319,-223,-156,111,268,340,271
144,350,249,-269,-49,325,-208,-177,102,290,350,278
111,339,238,-280,-61,318,-199,-167,124,295,340,276
127,383,227,-272,-45,297,-215,-166,107,257,323,251
138,346,273,-237,-27,316,-196,-137,109,281,317,258
122,340,190,-235,-49,301,-196,-147,131,255,343,260
133,354,209,-239,-56,277,-198,-146,124,238,306,248
105,328,231,-222,-63,292,-192,-131,107,262,323,237
121,331,226,-220,-55,285,-171,-144,106,226,315,240
108,347,205,-205,-63,280,-179,-163,89,223,296,225
115,290,202,-221,-42,237,-185,-120,96,230,287,215
109,318,183,-202,-57,262,-174,-116,96,230,280,224
110,309,206,-199,-32,229,-144,-144,89,225,288,215
98,288,195,-195,-64,230,-171,-118,83,192,281,198
95,304,169,-180,-27,224,-158,-120,84,229,262,192
88,285,202,-185,-47,217,-142,-103,79,201,237,202
89,266,167,-185,-50,213,-150,-114,69,184,249,187
102,252,158,-156,-46,212,-146,-91,78,183,222,183
96,260,163,-175,-27,210,-158,-103,74,194,226,161
89,241,145,-155,-23,189,-123,-95,84,170,217,159
70,217,157,-170,-39,189,-148,-74,64,149,178,155
79,217,140,-155,-26,184,-103,-73,55,159,208,144
81,201,157,-137,-36,194,-122,-73,67,174,169,144
90,192,139,-159,-36,182,-98,-94,94,135,174,154
75,186,126,-150,-15,157,-93,-83,69,142,143,143
81,189,112,-140,-30,137,-93,-60,42,150,174,132
68,150,122,-111,-15,146,-101,-67,49,145,157,119
65,159,104,-106,-25,139,-82,-57,55,130,136,81
71,177,96,-107,-8,126,-91,-53,67,90,141,102
20,149,97,-95,-6,116,-89,-69,20,129,129,113
43,135,91,-107,-29,117,-94,-40,32,98,130,105
23,129,94,-75,-19,99,-69,-62,38,102,123,115
7,109,73,-107,-52,119,-50,-31,41,93,115,64
30,119,75,-105,-12,99,-63,-50,33,77,97,80
57,101,60,-65,-26,73,-69,-39,18,79,98,70
47,86,62,-76,-8,86,-46,-31,45,57,85,63
47,103,69,-57,-19,68,-33,-31,15,78,96,66
17,92,69,-65,-40,65,-41,-20,32,35,68,49
31,85,74,-59,-27,35,-51,-31,11,60,85,37
25,82,32,-48,-24,46,-34,-41,15,59,67,79
11,80,55,-35,13,61,-42,-53,20,41,76,60
13,48,44,-44,-9,22,-29,-25,6,43,40,19
19,56,45,-62,16,49,-27,-30,16,55,38,17
18,74,38,-40,-6,42,-18,-27,14,36,54,35
20,61,26,-25,2,23,-20,-39,-9,27,32,37
33,34,39,-18,-6,33,-25,-36,-6,24,52,49
35,13,24,-36,-3,33,-22,-28,15,29,13,25
26,45,9,-45,-39,22,-24,-20,8,38,27,25
24,8,-1,-6,-26,22,-20,4,22,19,27,12
29,17,21,-10,1,31,-7,6,-3,36,32,11
8,16,15,-33,31,4,-17,-12,17,23,22,26
-14,-4,-6,-23,-1,15,-13,-5,8,18,3,-8
20,16,7,-1,-3,12,7,10,30,-17,17,5
-9,26,12,-12,-2,31,-2,-2,-8,6,11,3
-4,0,16,-11,1,-18,7,-14,-1,-4,7,14
-2,12,-8,10,-5,-17,1,22,-12,-11,-1,-7
-3,-4,-3,-10,19,-2,6,-20,-11,3,2,-4
-9,-19,10,4,-5,0,14,0,6,-3,-14,3
1,-3,12,20,9,-7,23,9,-8,-19,15,-1
-18,-27,3,-7,-4,-5,-9,19,1,15,-7,-20
-4,-5,4,4,-5,-14,-3,4,-10,-23,-8,4
-12,-13,-7,9,14,-6,-16,14,6,14,10,-15
0,0,-18,8,-19,-5,2,15,-5,-19,-3,-38
12,-40,16,22,-1,-14,22,14,-10,-17,-23,0
3,-19,-18,13,-11,-7,15,14,-8,12,-39,-30
-12,-21,-8,17,-5,-11,13,34,-26,4,-26,-20
-13,-30,7,10,12,-27,9,-16,-12,-13,-30,-32
-12,-9,1,6,8,-6,11,25,-9,-19,-5,-21
-13,1,-17,17,0,-7,-10,1,-4,-13,-27,-9
3,-7,-48,21,14,-11,0,8,-13,-17,-21,-4
-20,-36,-12,1,9,-32,-20,13,-15,2,-15,-19
-6,-25,-37,40,8,-30,14,12,-11,-27,-15,-25
11,2,6,22,-22,3,5,14,-2,-30,-33,-27
-14,-34,12,19,6,5,27,1,-24,-16,-19,-31
-5,-43,-9,16,3,-7,14,5,-5,-26,-28,-6
-11,-21,-4,21,3,-17,14,-2,-16,-13,-10,-35
-10,-37,-43,15,-14,-21,5,-2,-2,-10,-12,-3
-32,-25,-31,14,11,-40,21,20,-5,-27,-18,3
-21,-37,-31,9,19,-40,28,12,0,-35,-22,-17
-6,-29,-20,15,21,-15,29,9,-4,-28,-28,-22
-21,-43,-32,25,9,-26,-2,-8,-24,-22,-29,-23
-6,-46,-24,14,1,-24,18,-13,-10,-39,-22,-32
-9,-48,-17,-7,16,-21,26,18,18,-22,-29,-24
-26,-27,-24,10,1,-38,19,0,-2,-27,-28,-12
-6,-22,0,33,-9,-20,4,36,16,-17,-13,-20
-11,-29,-19,24,25,-43,15,-5,-11,-43,-58,-39
-11,-17,-28,-6,6,-26,32,11,-14,-26,-19,-40
2,-38,-17,23,16,-33,13,15,-4,-31,-33,-19
7,-21,-49,25,-7,-23,32,11,-6,-18,-7,-9
-13,-55,-20,12,-9,-15,42,15,-21,-44,-34,-25
-6,-31,-23,23,26,-25,10,27,-20,-8,-28,-19
-29,-14,-30,22,-1,-19,18,13,-1,-29,-48,-17
-8,-40,-16,11,-13,-34,28,1,-5,-20,-48,-27
-21,-34,-8,28,8,-34,18,-5,-12,-10,-23,-7
-6,-60,-15,27,3,-5,10,18,-9,-37,-28,-28
-11,-27,-10,47,11,-38,30,20,-31,-7,-3,-14
-17,-33,-31,30,14,-39,8,14,-20,-4,-21,-42
-19,-22,-16,50,10,-20,11,20,0,-54,-26,-27
6,-39,-22,37,2,-39,39,23,-14,-11,-24,-36
1,-25,-9,18,13,-28,21,4,-19,-15,-22,-4
-14,-26,-48,8,-1,-29,20,11,-8,-26,-19,-11
-11,-27,-29,17,8,-26,-3,21,-24,-27,-31,-17
-16,-17,-2,41,-6,-26,15,17,5,-39,-34,-14
-37,-41,-18,39,3,-11,12,6,-2,-16,-13,-25
-3,-38,-21,45,3,-28,16,7,-16,-26,-17,-9
1,-50,-21,21,-15,-37,-3,16,-8,-26,-24,-32
-13,-50,-28,26,0,-33,15,-6,-11,-45,-34,-24
2,-35,-18,15,-11,-33,24,44,-9,-24,-24,-30
-47,-28,-26,37,20,-6,32,26,9,-32,-47,-19
31,-43,-18,23,13,-1,24,21,8,-15,-53,-18
-13,-33,-23,13,-1,-25,18,12,-17,-10,-25,9
-8,-41,-29,41,-10,-27,30,20,-40,-32,-48,-24
-2,-38,-42,22,-2,-34,31,10,-19,-34,-34,-38
-2,-61,2,52,-4,-20,19,2,8,-21,-30,-44
-20,-33,-26,44,-22,-28,8,-4,-33,-31,-30,-22
-12,-29,-33,13,5,-36,13,1,1,-12,-32,-29
-8,-30,-33,23,16,-35,8,28,9,-41,-44,-4
-34,-25,-5,36,11,-32,17,8,1,-26,-23,-19
-2,-42,-34,-8,15,-21,27,22,-13,-20,-15,-18
-33,-17,-9,10,20,-19,0,25,4,-24,-21,-29
5,-29,-18,25,9,-23,11,-10,-15,-30,-21,-31
-8,-38,-35,37,-3,-28,29,21,-7,-34,-14,-36
7,-33,-24,27,5,-18,4,10,12,-37,-24,-11
3,-41,-27,30,13,-49,10,16,-26,-16,-20,-38
7,-17,-9,34,1,-25,5,-26,-6,-39,-36,-34
-3,-47,-11,30,34,-35,13,-1,5,-19,-23,-40
-1,-37,-53,19,8,-2,9,18,-10,-28,-31,-20
3,-49,-32,4,12,-34,36,36,-18,-39,-45,-30
3,-30,8,25,-4,-30,7,42,-26,-38,-28,-41
-13,-45,-16,49,6,-39,31,-4,-14,-32,-34,-9
-18,-63,-17,1,-4,-43,46,11,-4,-18,-29,-21
-20,-31,-27,35,2,-28,27,4,-3,-1,-28,-17
-24,-48,-25,39,-3,-32,48,12,-25,-21,-26,-27
6,-51,-22,19,30,-32,10,-1,0,-19,-42,-5
-22,-25,-29,39,-3,-23,1,27,-27,-17,-47,-29
-27,-22,-22,37,24,-21,25,6,3,-24,-17,-47
-9,-54,-38,25,14,-36,22,15,-13,-25,-47,-40
-9,-30,-30,23,19,-32,22,26,-27,-32,-34,-19
-19,-21,-18,29,4,-17,35,31,-25,-55,-40,-33
-9,-32,-57,38,26,-11,42,1,-22,-18,-40,-13
-18,-44,-43,23,10,-31,15,21,7,-20,-35,-32
-19,-52,-24,34,-12,-35,23,27,-11,-47,-14,-28
-11,-37,-39,34,16,-21,25,22,5,-41,-35,-37
-17,-34,-18,28,0,-27,26,29,0,-23,-35,-45
-30,-16,-16,25,15,-35,16,18,-14,-21,-56,-13
-22,-29,-19,36,23,-6,3,21,-10,-43,-45,-19
-32,-50,-22,39,-5,-15,27,8,-26,-34,-44,-22
-19,-38,-14,46,0,-21,5,31,13,-31,-26,-31
-20,-44,-19,32,-1,-33,43,-12,-5,-26,-36,-19
0,-46,-23,-5,0,-31,19,29,-20,-49,-27,-15
-16,-11,-40,13,-5,-47,29,15,-35,-23,-41,-17
-18,-46,-16,42,-15,-52,31,8,-16,-33,-25,-36
-13,-37,-24,22,28,-43,12,1,-15,-27,-52,-39
4,-40,-29,24,-9,-54,14,39,-41,-23,-34,-38
-35,-50,-34,30,-4,-36,21,11,-32,-30,-18,-24
-27,-56,-33,35,7,-35,36,21,-1,-40,-20,-48
4,-42,-23,11,12,-34,23,13,2,-38,-18,-29
-21,-30,-24,18,-11,-26,26,4,-26,-28,-40,-17
-36,-35,-18,30,1,-16,14,8,-5,-26,-16,-28
-32,-42,-20,28,10,-31,14,10,-17,-29,-27,-32
-13,-33,-23,29,-4,-37,21,10,-24,-27,-35,-11
-9,-29,-18,15,21,-20,39,-17,-19,-40,-60,-11
11,-36,-36,26,11,-20,21,19,9,-6,-49,-23
5,-30,-13,20,-5,-41,-2,14,-29,-32,-32,3
-19,-39,-18,7,-8,-41,33,22,-1,-48,-26,-23
5,-42,2,33,2,3,10,-1,-9,-18,-32,-3
-10,-49,-25,33,2,-25,7,17,8,-13,-30,-32
9,-20,-41,9,5,-24,5,12,1,-26,-31,-24
0,-21,-37,3,13,-39,27,6,5,-29,-50,-32
-18,-10,-35,0,19,-50,24,40,4,-30,-9,-16
6,-23,-36,23,10,-34,28,8,-13,1,-20,-31
-13,-15,-24,25,2,-35,19,17,-12,-28,-25,-13
-25,-19,-29,29,7,-19,33,-13,-6,-29,-46,-19
-15,-21,-3,24,-1,-28,11,1,-19,-28,-5,-14
-28,-25,-32,21,2,-11,6,18,-3,-14,-32,5
2,-16,-2,18,13,-2,19,14,3,-25,-24,-7
-27,-11,10,3,-1,-14,1,11,-9,-42,-15,-19
-22,6,-14,13,-2,-9,7,9,-16,-6,-24,-1
-22,-24,-20,7,-4,-14,-8,4,1,-1,-27,-22
-18,-3,-18,12,26,-1,3,21,4,3,-2,-9
-10,0,0,-7,29,-12,2,2,-8,-5,7,1
-7,-16,-4,-3,-2,12,-3,-15,-6,-16,0,39
13,-9,14,-13,3,16,8,13,17,15,14,14
1,30,10,4,-22,-7,-6,-21,7,-1,14,8
-8,20,1,5,-17,20,-5,9,8,3,31,-10
11,39,16,5,13,13,-10,6,6,28,3,19
30,14,20,-41,-5,6,-25,-15,-7,44,29,2
3,26,24,-9,-12,12,-12,6,6,38,36,-5
2,52,22,-9,5,38,-33,-21,12,30,14,15
20,44,23,-25,-23,46,-11,-20,34,26,36,28
-7,38,47,-31,1,34,-43,-11,17,26,37,16
18,49,26,-35,3,33,-14,-29,35,45,38,62
32,57,41,-26,-15,65,-31,-20,35,33,77,29
27,67,55,-41,-22,67,-39,-48,20,58,56,21
26,77,59,-34,5,57,-33,-36,16,58,83,50
43,100,63,-48,-15,71,-51,-4,20,71,73,53
36,108,57,-60,1,59,-64,-53,33,83,94,70
32,120,71,-75,-50,90,-56,-29,52,77,79,67
33,115,92,-79,-25,110,-58,-58,32,88,99,75
55,112,76,-70,-12,89,-75,-41,34,94,95,84
59,129,88,-97,-51,120,-75,-57,44,128,113,104
60,130,109,-105,-7,125,-52,-53,66,108,124,83
76,142,92,-111,-6,122,-72,-76,49,117,137,88
58,147,122,-117,-7,138,-85,-63,62,119,151,106
67,170,108,-117,-38,150,-96,-65,57,128,140,115
51,177,100,-102,-9,108,-95,-61,43,105,167,142
76,182,125,-111,-21,152,-85,-51,83,122,149,124
59,188,129,-108,-27,137,-92,-65,81,132,160,135
63,209,120,-121,-26,147,-130,-72,56,150,160,148
66,208,127,-141,-15,170,-101,-75,64,126,169,141
68,221,143,-156,-32,188,-100,-71,80,162,177,135
54,205,139,-129,-25,181,-144,-86,89,168,171,163
94,202,150,-165,-34,183,-100,-78,77,183,184,151
75,190,137,-138,-25,191,-122,-100,70,157,184,153
82,211,119,-138,-42,203,-136,-77,56,156,191,150
112,207,131,-152,-20,186,-126,-84,84,141,218,137
91,242,156,-150,-21,192,-123,-91,60,182,206,159
65,241,152,-136,-46,174,-140,-103,63,199,199,168
76,229,173,-166,-22,186,-138,-97,58,141,198,148
80,224,136,-157,-30,198,-121,-66,78,197,205,169
89,197,150,-150,-26,179,-150,-92,56,162,232,149
84,224,141,-148,-32,171,-121,-86,73,152,199,152
99,238,173,-175,-41,167,-116,-65,60,147,185,151
75,196,134,-131,-38,171,-95,-83,65,147,185,161
56,221,148,-132,-28,188,-99,-83,68,164,171,151
90,224,109,-166,-34,158,-120,-77,63,144,188,147
78,193,128,-141,-27,171,-107,-66,59,145,190,131
88,175,146,-139,-11,142,-115,-53,62,153,168,137
54,190,111,-137,-27,167,-86,-69,47,140,179,127
60,181,122,-124,-10,153,-97,-59,58,139,153,128
62,142,115,-119,-18,148,-72,-51,41,135,150,109
45,172,126,-98,-23,123,-94,-49,65,124,157,88
56,130,85,-98,-8,130,-97,-54,32,90,150,84
54,159,84,-90,-62,124,-88,-38,37,100,131,107
37,140,89,-102,-36,102,-97,-51,36,91,104,118
27,115,61,-89,-15,110,-47,-47,41,90,137,101
30,108,71,-89,-11,102,-72,-38,27,88,109,72
45,119,60,-61,-7,89,-47,-53,56,79,88,81
27,107,38,-79,-11,77,-71,-43,6,73,93,67
29,90,90,-65,-29,89,-71,-57,12,78,92,64
30,98,58,-65,-13,64,-24,-35,14,36,81,44
10,87,45,-48,5,50,-41,-33,18,64,57,56
12,86,65,-39,-11,52,-47,-57,28,23,56,50
23,57,23,-54,-11,60,-7,-9,20,26,44,55
17,41,30,-27,-12,56,-41,-28,15,41,48,19
26,53,40,-21,-24,37,-4,-16,-2,27,16,27
4,33,23,-21,-16,25,-35,-14,3,25,30,30
21,17,16,-10,-25,-6,-9,-14,14,29,21,10
11,26,30,-23,-25,-2,-20,-7,6,20,-2,0
-2,9,14,-22,13,2,-20,-27,5,7,32,27
-9,-2,16,14,5,1,-22,-10,-1,-12,-4,-3
1,9,6,10,0,-5,8,-16,-6,2,-8,-1
3,-28,0,10,-8,12,0,-7,7,-7,-10,-13
-25,-6,-4,5,14,2,18,5,10,-12,-2,-4
-3,-23,-7,19,-9,-2,5,11,-18,-25,-11,-30
-8,-15,-25,18,-5,-19,6,0,-2,-30,-21,-14
-21,-31,6,12,2,-15,12,3,-21,-10,-17,-2
-18,-41,-18,3,0,-34,14,1,-19,-30,-23,-26
-7,-27,-15,38,21,-4,18,3,-9,-8,-30,-41
-17,-40,-11,53,13,-12,-5,25,-33,-40,-44,-20
-14,-32,-27,19,-9,-24,0,-4,-2,-31,0,-30
-4,-23,-32,27,19,-37,10,5,-9,-36,-27,-24
-7,-38,-33,24,21,-46,18,26,1,-1,-21,-24
-12,-37,-35,14,4,-34,7,13,-17,-25,-23,-30
-16,-55,-41,20,4,-40,30,9,-22,-39,-39,-22
-3,-17,-53,34,5,-61,39,-1,-4,-15,-49,-31
-34,-56,-52,12,-9,-45,8,13,-1,-27,-38,-35
-20,-55,-36,32,0,-40,30,20,-22,-49,-38,-26
-8,-56,-28,43,-10,-51,55,19,-20,-43,-59,-19
-18,-58,-54,50,16,-45,19,41,-7,-55,-46,-35
-24,-49,-56,30,21,-51,31,21,-29,-53,-57,-44
-4,-65,-54,34,13,-48,42,31,-19,-67,-60,-48
-30,-74,-52,48,-6,-52,50,28,-24,-42,-48,-58
-12,-96,-54,48,26,-74,37,13,-33,-40,-62,-59
-22,-81,-68,67,22,-95,29,29,-46,-54,-89,-39
-44,-95,-68,55,28,-95,50,37,-7,-72,-104,-65
-45,-117,-59,71,19,-95,57,37,-24,-90,-88,-72
-49,-134,-80,78,15,-115,86,43,-49,-97,-116,-87
-45,-150,-79,94,24,-110,72,67,-52,-89,-125,-91
-60,-158,-103,99,16,-135,92,70,-55,-130,-130,-121
-46,-175,-111,103,10,-155,82,55,-61,-120,-139,-125
-71,-203,-128,109,1,-161,77,63,-38,-149,-154,-123
-83,-203,-124,133,40,-169,102,78,-36,-135,-179,-138
-80,-210,-145,130,15,-150,116,94,-54,-166,-183,-130
-79,-224,-125,139,17,-162,118,79,-73,-173,-201,-143
-89,-199,-137,138,45,-173,110,87,-48,-140,-187,-150
-68,-192,-131,137,36,-198,100,82,-71,-148,-214,-140
-71,-187,-133,136,40,-145,90,87,-45,-157,-173,-143
-52,-167,-123,113,26,-131,100,70,-58,-135,-176,-122
-72,-168,-107,114,21,-130,77,50,-51,-122,-143,-121
-39,-117,-65,73,3,-107,74,60,-42,-84,-119,-78
-48,-89,-68,61,8,-71,37,15,-19,-67,-59,-50
-4,-39,17,27,9,-42,35,14,-20,-29,-13,-17
28,31,17,-24,-5,12,-14,-12,-11,29,36,4
47,111,85,-62,-6,88,-60,-29,55,64,83,56
41,165,119,-96,-42,164,-106,-62,55,133,184,113
95,268,173,-167,-34,220,-161,-84,81,212,256,177
135,343,242,-243,-32,301,-214,-158,120,290,335,216
170,459,282,-317,-67,370,-251,-188,143,351,402,314
197,545,354,-366,-82,454,-296,-202,147,425,489,400
236,649,421,-431,-93,521,-345,-250,188,491,585,463
251,730,481,-513,-96,625,-404,-282,214,525,660,530
300,845,568,-576,-133,709,-443,-325,243,647,714,570
311,930,577,-613,-147,750,-508,-353,273,685,805,630
328,960,615,-648,-152,799,-524,-375,289,718,891,668
355,985,650,-696,-131,829,-562,-401,312,754,887,699
371,1031,680,-693,-131,846,-562,-428,303,758,919,736
339,1044,661,-692,-145,845,-533,-404,311,767,900,722
346,982,638,-686,-136,829,-554,-399,282,762,889,723
305,940,612,-642,-138,794,-519,-379,283,728,878,697
309,912,571,-615,-138,742,-490,-366,261,669,806,622
300,829,522,-535,-133,686,-461,-311,268,622,740,559
261,736,483,-507,-132,608,-377,-309,214,553,653,499
239,637,412,-414,-115,517,-356,-263,178,476,562,437
194,546,361,-343,-66,432,-267,-218,153,412,463,384
131,433,269,-293,-71,357,-244,-168,139,316,381,278
121,323,209,-218,-51,261,-171,-143,113,255,305,222
81,220,140,-159,-36,194,-99,-58,68,145,187,173
21,129,97,-72,-17,114,-57,-59,45,85,113,83
5,20,27,-17,16,26,-21,-21,9,5,32,12
-31,-78,-44,50,23,-45,7,52,-16,-60,-61,-48
-39,-130,-90,99,36,-123,85,56,-45,-90,-122,-100
-69,-195,-102,141,47,-172,131,80,-46,-141,-191,-140
-83,-244,-158,162,39,-199,130,87,-60,-191,-226,-164
-115,-309,-196,200,26,-252,162,107,-86,-202,-282,-196
-133,-340,-186,225,41,-277,178,146,-115,-237,-276,-218
-128,-365,-218,228,52,-276,199,163,-108,-249,-333,-259
-124,-373,-247,253,36,-308,203,158,-116,-290,-337,-262
-141,-362,-252,255,64,-306,212,132,-113,-273,-334,-259
-130,-359,-264,238,63,-302,210,167,-102,-263,-352,-292
-140,-372,-244,248,86,-320,215,164,-96,-299,-328,-275
-131,-354,-241,244,68,-304,182,148,-100,-259,-349,-234
-118,-353,-215,223,46,-278,186,149,-99,-253,-329,-263
-81,-329,-195,206,36,-285,163,120,-78,-252,-291,-239
-95,-315,-179,217,22,-234,185,145,-88,-214,-251,-189
-74,-277,-173,188,38,-249,162,94,-73,-240,-245,-195
-103,-248,-168,163,53,-217,140,127,-71,-176,-236,-182
-90,-226,-160,160,67,-218,110,105,-69,-166,-196,-169
-100,-208,-134,139,37,-149,103,97,-76,-140,-174,-170
-71,-200,-112,122,13,-156,107,97,-59,-157,-177,-135
-40,-173,-129,120,44,-156,116,49,-45,-129,-151,-121
-87,-177,-121,103,18,-106,88,73,-58,-144,-156,-112
-59,-152,-83,84,15,-119,79,44,-41,-121,-148,-99
-42,-141,-90,96,9,-92,85,51,-65,-88,-128,-125
-34,-113,-77,99,22,-112,53,47,-45,-109,-116,-104
-44,-130,-98,83,0,-99,73,59,-50,-96,-131,-95
-55,-124,-70,80,4,-89,70,72,-57,-97,-95,-85
-39,-139,-109,105,16,-83,70,53,-23,-91,-75,-70
-45,-109,-85,73,18,-94,79,48,-32,-98,-84,-89
-42,-120,-84,78,19,-100,59,31,-40,-89,-88,-74
-48,-92,-85,74,19,-76,58,53,-10,-77,-113,-69
-29,-91,-53,68,18,-88,49,18,-43,-50,-86,-71
-52,-116,-43,59,6,-61,58,27,-37,-95,-61,-77
-31,-110,-63,75,36,-69,42,57,-63,-94,-77,-83
-39,-89,-62,54,26,-71,46,50,-31,-75,-101,-76
-52,-100,-47,72,11,-87,45,26,-41,-66,-80,-56
-45,-94,-46,56,9,-85,57,33,-30,-68,-51,-42
-35,-98,-76,50,22,-81,44,42,-29,-80,-106,-55
-31,-123,-62,51,6,-66,54,61,-56,-67,-76,-81
-26,-89,-74,63,15,-72,55,53,-4,-74,-68,-71
-35,-87,-75,44,15,-59,29,29,-22,-70,-85,-45
-41,-110,-59,36,14,-73,36,38,-36,-43,-79,-58
-26,-78,-60,68,3,-59,39,14,-22,-76,-78,-66
-34,-83,-54,78,42,-73,34,28,-30,-54,-80,-69
-24,-78,-49,48,-4,-44,40,59,-31,-56,-71,-59
-18,-77,-39,49,32,-56,48,36,-27,-51,-76,-57
-28,-71,-52,37,12,-67,34,39,-10,-63,-64,-52
-34,-58,-51,53,5,-53,48,47,-22,-39,-53,-38
-7,-81,-34,45,5,-65,44,19,-44,-44,-56,-29
-14,-48,-58,43,22,-60,33,2,-8,-51,-75,-54
-19,-65,-36,54,28,-41,49,27,-11,-62,-58,-24
-13,-50,-34,50,24,-38,35,32,3,-37,-45,-39
7,-70,-29,46,-1,-45,24,33,-24,-26,-49,-41
3,-35,-47,34,38,-50,11,0,-12,-40,-53,-16
-16,-72,-27,32,1,-28,22,25,-11,-33,-43,-29
-24,-49,-32,38,-5,-39,36,39,-19,-18,-38,-27
-23,-44,-42,14,-1,-23,29,11,-10,-12,-23,-30
-14,-34,-17,50,9,-39,-3,10,-29,-14,-46,-22
-22,-42,-32,31,14,-28,11,-8,-11,-39,-27,-17
-34,-16,-36,33,7,-28,11,22,-29,-24,-37,-22
-14,-15,0,32,24,-12,21,-3,-5,-23,-30,-26
3,-27,-15,35,13,-16,16,-2,22,-8,-2,3
-17,-18,-5,15,-7,-12,19,17,1,2,-9,-19
18,13,-13,-5,10,-13,-6,2,-14,3,-24,-32
6,-19,-23,18,-2,-4,-16,8,-5,15,-30,-23
1,-13,5,-2,-9,-17,3,16,2,-23,-14,-9
-23,-7,12,-9,-4,14,-8,10,-1,22,29,15
7,5,10,-11,0,-12,-4,-17,4,23,14,-5
29,9,30,1,1,36,10,-10,2,32,18,-2
3,25,20,-5,0,19,-18,0,-3,-11,25,11
-5,28,15,-26,-6,30,-20,-23,8,39,36,46
23,46,5,-32,-17,49,-10,-15,-5,33,40,15
35,45,36,-36,-25,36,-10,-17,15,35,34,37
22,31,31,-37,-3,31,-49,-29,15,40,56,32
7,73,42,-50,-9,54,-45,-4,38,37,60,27
21,66,36,-46,-18,50,-33,-31,33,61,64,66
35,83,60,-57,-28,58,-51,-18,36,49,72,62
37,107,59,-56,-37,72,-23,-45,-1,56,91,59
24,99,50,-62,-20,98,-61,-30,35,82,82,93
31,96,72,-59,-20,95,-25,-42,27,74,102,84
11,112,86,-53,-22,91,-55,-45,28,86,98,64
47,128,88,-92,-16,97,-61,-39,31,82,112,63
48,124,85,-83,-2,119,-65,-38,20,98,116,82
30,149,102,-72,-39,123,-73,-72,37,95,130,96
51,147,90,-86,-27,106,-75,-34,25,103,126,105
69,164,125,-85,-14,136,-102,-75,41,131,131,115
63,159,89,-105,-10,124,-61,-81,36,139,146,118
67,181,101,-125,-25,127,-94,-53,51,123,150,112
65,185,103,-128,-28,141,-101,-74,65,143,179,113
63,165,155,-130,-8,154,-89,-69,36,130,169,160
71,193,121,-121,-32,171,-129,-102,25,150,180,126
69,211,111,-154,-41,157,-121,-101,69,161,201,151
68,217,135,-158,-24,161,-113,-85,55,167,187,148
72,226,153,-152,-49,183,-127,-85,56,178,209,173
58,237,160,-166,-32,172,-137,-66,77,172,186,174
101,215,140,-161,-27,186,-130,-91,68,189,211,189
87,257,177,-175,-25,195,-131,-102,88,195,229,175
86,242,168,-165,-69,218,-134,-89,75,200,225,149
79,242,155,-169,-39,230,-150,-94,79,198,239,164
75,264,170,-179,-45,200,-167,-92,89,207,232,182
99,272,177,-172,-57,232,-141,-96,70,231,248,208
107,280,170,-198,-40,243,-154,-119,101,227,245,185
103,262,181,-207,-37,236,-152,-107,92,212,275,229
103,295,193,-196,-48,241,-163,-115,69,228,277,206
118,297,200,-193,-50,274,-158,-121,86,220,294,190
106,312,185,-209,-28,259,-171,-116,78,208,269,203
104,296,200,-214,-24,257,-175,-123,95,235,253,207
122,306,230,-220,-36,263,-169,-122,107,241,291,215
101,308,208,-223,-34,247,-165,-142,102,252,289,235
106,346,213,-246,-49,276,-181,-133,86,233,292,231
116,332,193,-246,-58,260,-157,-143,69,237,282,223
111,328,233,-198,-55,280,-183,-136,83,238,318,226
104,347,217,-213,-61,282,-197,-127,105,237,295,208
118,339,200,-221,-73,289,-175,-126,102,247,291,235
109,325,206,-238,-41,282,-200,-106,113,252,290,222
107,340,211,-243,-49,274,-211,-107,104,218,312,229
107,354,219,-223,-35,288,-198,-124,111,238,284,252
106,360,221,-235,-41,264,-203,-124,104,238,312,245
106,326,225,-227,-41,260,-166,-136,94,268,307,255
94,352,213,-243,-50,282,-170,-136,100,249,314,224
97,330,203,-237,-40,273,-178,-125,93,252,277,232
117,333,228,-217,-54,265,-181,-132,86,244,278,243
110,327,234,-237,-33,276,-178,-116,112,231,296,232
119,308,204,-208,-59,286,-180,-132,91,209,284,227
129,307,195,-223,-53,263,-178,-127,91,255,277,208
128,310,198,-236,-40,282,-182,-115,105,244,285,193
94,315,180,-207,-37,285,-171,-144,79,215,280,198
125,314,193,-218,-28,265,-165,-122,91,224,269,233
108,302,169,-205,-46,248,-158,-114,116,226,274,189
117,297,181,-202,-58,244,-169,-112,86,222,253,205
95,279,180,-214,-29,272,-146,-130,77,232,264,203
100,284,178,-202,-49,243,-162,-105,79,207,258,204
81,286,186,-190,-41,226,-156,-128,87,198,253,184
111,275,181,-198,-53,219,-165,-114,81,207,230,184
93,275,179,-175,-45,203,-153,-123,79,196,243,172
92,257,169,-144,-39,210,-150,-105,81,196,245,172
101,246,160,-167,-59,210,-127,-116,74,184,222,168
90,239,167,-149,-29,182,-147,-71,90,176,204,173
84,256,150,-149,-39,188,-137,-85,71,181,196,162
80,221,146,-139,-11,188,-122,-78,57,165,198,155
60,225,143,-139,-52,162,-104,-101,59,159,206,159
53,194,125,-139,-25,182,-112,-83,52,158,189,159
56,179,133,-127,-23,146,-119,-83,65,135,175,163
35,195,114,-141,-31,135,-86,-78,66,147,184,130
73,174,119,-131,-2,138,-105,-83,59,147,181,126
77,174,112,-111,-26,137,-95,-65,44,130,141,151
59,193,72,-126,-21,133,-88,-85,62,122,152,113
54,152,100,-93,-47,117,-95,-78,37,107,132,103
54,128,105,-106,-34,123,-90,-49,43,100,137,98
62,125,88,-95,-19,107,-69,-49,23,95,121,106
32,130,84,-82,-28,121,-68,-42,23,94,94,82
43,119,75,-80,-20,97,-58,-36,33,83,107,81
45,111,63,-88,-22,99,-59,-46,36,86,89,78
23,93,55,-73,-17,86,-49,-43,32,70,112,96
24,99,18,-68,-10,57,-47,-38,8,76,107,67
22,87,48,-62,0,65,-40,-31,8,68,102,49
28,75,66,-43,-5,55,-33,-26,28,39,55,54
12,58,66,-58,-6,60,-34,-11,5,44,29,65
44,51,67,-34,-27,52,-38,-22,22,50,37,45
11,73,40,-23,8,36,-22,-20,32,22,30,43
24,32,16,1,-19,18,-2,-1,21,13,43,34
-4,59,25,-33,-13,18,-19,-17,30,19,44,37
11,26,19,-15,-13,9,-4,-15,21,23,15,23
6,14,13,5,-2,-9,-28,-7,-12,28,19,19
-8,13,-22,-7,4,18,-13,-22,19,2,7,4
0,17,-2,-18,10,10,-7,-5,-9,-18,2,-2
15,-3,-8,17,-21,11,-8,45,4,-4,-37,1
1,3,-1,17,1,-2,6,5,7,-9,-24,-11
6,-10,-19,35,-2,-15,6,18,16,-37,-6,-24
-25,-12,-3,7,17,-32,9,19,-5,-63,-16,-18
-12,-10,-11,37,7,-17,39,-4,8,-27,-7,-21
-27,-30,-22,38,-5,-46,28,21,-12,-14,-54,-24
-18,-40,-55,42,-26,-45,21,19,-1,-18,-37,-49
-23,-34,-35,50,21,-55,16,24,-27,-49,-69,-44
-20,-69,-44,22,24,-26,39,30,0,-20,-59,-58
-26,-69,-45,39,37,-49,23,40,-8,-57,-44,-42
-38,-66,-52,27,0,-43,41,27,-32,-44,-72,-78
-29,-66,-49,50,54,-39,36,38,-27,-52,-59,-60
-24,-69,-61,59,33,-59,23,20,-11,-54,-51,-41
-35,-61,-35,51,-12,-69,47,26,-16,-75,-90,-54
-28,-82,-58,44,19,-61,59,23,-12,-52,-79,-27
-11,-87,-25,46,4,-80,45,48,-6,-73,-78,-65
-26,-93,-38,51,34,-66,40,52,-1,-59,-79,-78
-32,-98,-58,76,9,-91,50,33,-24,-65,-98,-57
-19,-92,-54,38,1,-75,63,39,-27,-45,-88,-51
-31,-115,-67,75,30,-80,70,42,-33,-78,-89,-92
-42,-87,-71,74,24,-98,59,24,-41,-64,-85,-61
-30,-103,-77,77,35,-69,48,52,-53,-57,-92,-57
-27,-95,-46,54,16,-80,57,13,-14,-62,-108,-85
-36,-80,-57,77,6,-60,83,55,-20,-73,-100,-72
-33,-111,-48,73,21,-85,80,34,-38,-92,-97,-98
-24,-115,-68,82,13,-104,61,46,-35,-91,-89,-81
-46,-138,-63,73,13,-76,59,34,-42,-80,-100,-85
-36,-115,-58,78,2,-90,76,53,-50,-89,-102,-65
-34,-117,-75,75,23,-101,84,42,-28,-97,-92,-60
-27,-112,-97,73,2,-99,68,60,-12,-75,-113,-87
-29,-118,-86,86,13,-95,67,43,-26,-77,-115,-73
-33,-104,-83,85,34,-123,66,47,-43,-95,-117,-81
-35,-142,-63,113,36,-78,83,46,-37,-109,-118,-84
-64,-125,-85,100,15,-83,72,69,-40,-80,-130,-84
-52,-115,-67,71,1,-126,71,34,-35,-114,-119,-64
-58,-123,-92,64,7,-109,46,47,-33,-97,-109,-90
-49,-134,-89,114,0,-99,81,53,-58,-108,-114,-56
-51,-127,-92,70,16,-106,66,34,-35,-86,-121,-78
-33,-124,-73,95,10,-103,64,55,-48,-105,-111,-69
-49,-134,-89,84,26,-92,73,72,-41,-99,-125,-87
-54,-127,-91,92,12,-108,50,59,-38,-103,-99,-105
-46,-127,-114,102,44,-109,62,55,-30,-108,-117,-75
-54,-133,-113,101,30,-98,82,50,-62,-110,-117,-73
-65,-128,-87,80,20,-123,78,68,-37,-101,-118,-78
-43,-121,-71,91,1,-104,65,57,-42,-90,-131,-109
-55,-128,-98,71,44,-115,63,57,-44,-96,-98,-96
-59,-128,-103,108,32,-110,68,52,-41,-109,-145,-108
-64,-135,-87,105,-7,-130,64,48,-42,-115,-135,-94
-46,-131,-62,88,45,-141,52,53,-39,-101,-107,-111
-38,-154,-83,88,26,-103,76,45,-57,-115,-154,-114
-62,-131,-75,87,35,-112,90,54,-45,-82,-131,-68
-55,-126,-76,72,15,-112,57,53,-33,-72,-117,-106
-51,-119,-101,83,4,-132,84,70,-38,-107,-132,-99
-30,-141,-73,78,18,-118,78,46,-40,-115,-124,-88
-33,-115,-79,75,31,-113,92,55,-59,-101,-118,-97
-58,-117,-96,117,27,-87,82,55,-44,-100,-105,-107
-53,-158,-63,90,8,-114,72,41,-26,-115,-115,-68
-43,-150,-83,79,17,-108,65,46,-44,-80,-112,-79
-35,-139,-107,86,11,-106,67,21,-54,-100,-118,-97
-30,-124,-82,83,18,-81,78,34,-54,-110,-108,-67
-31,-146,-81,99,23,-113,74,24,-22,-80,-118,-87
-45,-141,-85,72,13,-81,51,58,-31,-86,-120,-100
-50,-126,-85,82,15,-106,66,62,-34,-115,-104,-102
-60,-138,-88,84,7,-112,65,52,-31,-93,-105,-94
-50,-122,-94,94,25,-132,58,62,-45,-92,-115,-87
-22,-129,-71,83,26,-89,94,68,-52,-74,-101,-100
-48,-132,-90,75,30,-99,48,35,-25,-83,-108,-88
-53,-127,-65,85,5,-97,79,46,-32,-110,-104,-96
-62,-124,-118,76,28,-97,86,69,-28,-97,-92,-77
-48,-117,-81,89,28,-112,90,53,-44,-83,-111,-103
-30,-134,-76,71,28,-81,74,56,-22,-101,-126,-90
-51,-112,-88,97,37,-111,68,57,-44,-96,-123,-85
-40,-132,-79,82,24,-103,91,50,-37,-103,-95,-90
-22,-120,-88,104,24,-112,75,55,-28,-92,-99,-87
-42,-108,-91,83,9,-106,79,66,-26,-110,-118,-93
-22,-136,-85,85,23,-106,65,74,-33,-99,-122,-90
-45,-132,-75,69,5,-115,56,53,-29,-83,-108,-94
-43,-113,-76,69,23,-116,66,38,-51,-107,-103,-66
-35,-119,-65,74,-4,-76,48,37,-48,-90,-126,-74
-32,-137,-83,85,19,-101,32,59,-38,-81,-124,-101
-43,-136,-76,66,10,-113,74,30,-30,-90,-113,-51
-41,-118,-99,92,9,-111,61,41,-25,-104,-108,-64
-58,-114,-66,80,35,-101,68,36,-12,-63,-95,-106
-41,-125,-67,81,8,-118,58,54,-37,-87,-92,-87
-39,-107,-86,83,20,-96,78,23,-43,-86,-86,-75
-42,-102,-91,90,11,-105,51,32,-28,-98,-117,-83
-23,-122,-69,82,12,-100,54,22,-35,-91,-145,-100
-38,-120,-63,77,9,-115,85,56,-23,-83,-111,-75
-62,-105,-74,80,-1,-83,71,46,-26,-108,-92,-87
-29,-102,-72,94,27,-110,43,35,-47,-68,-111,-78
-49,-94,-76,81,11,-114,68,23,-47,-91,-91,-66
-38,-103,-69,87,12,-90,63,57,-38,-92,-101,-68
-44,-104,-66,78,21,-101,72,56,-46,-94,-99,-101
-26,-93,-64,80,19,-99,66,43,-30,-85,-120,-100
-49,-116,-79,81,13,-90,49,43,-41,-69,-98,-92
-46,-103,-75,86,9,-96,81,51,-25,-94,-104,-72
-29,-108,-68,88,23,-108,75,47,-28,-81,-124,-104
-59,-122,-92,72,38,-95,78,41,-34,-76,-96,-91
-40,-110,-66,71,17,-93,67,57,-37,-101,-92,-57
-66,-106,-66,69,27,-74,76,44,-16,-81,-110,-76
-15,-118,-72,53,23,-84,46,49,-53,-74,-100,-91
-27,-117,-50,67,14,-76,75,59,-42,-70,-96,-69
-34,-99,-55,76,19,-94,51,37,-15,-56,-90,-69
-19,-106,-56,67,31,-102,47,46,-42,-78,-108,-85
-54,-88,-68,83,9,-101,75,21,-33,-84,-100,-92
-45,-116,-73,37,5,-82,42,35,-20,-97,-86,-72
-36,-120,-54,51,11,-88,63,38,-17,-89,-86,-76
-20,-97,-78,51,14,-81,69,28,-35,-105,-84,-73
-42,-115,-67,74,33,-95,66,33,-47,-86,-95,-71
-33,-110,-72,74,2,-76,88,55,-51,-72,-89,-80
-32,-96,-70,69,-2,-87,45,40,-45,-69,-97,-64
-24,-148,-85,60,5,-109,65,63,-23,-73,-93,-71
-42,-115,-76,73,27,-87,61,50,-12,-77,-101,-53
-48,-116,-89,77,2,-99,72,16,-29,-63,-101,-65
-31,-98,-53,78,-6,-74,67,42,-29,-69,-116,-73
-41,-97,-68,59,32,-78,47,60,-42,-77,-69,-90
-34,-95,-82,37,12,-84,65,47,-42,-80,-106,-70
-45,-108,-73,84,-6,-75,62,37,-27,-69,-92,-56
-49,-107,-82,78,26,-90,76,33,-48,-68,-96,-83
-41,-97,-64,73,14,-97,48,22,-32,-96,-82,-65
-21,-90,-31,59,9,-88,69,36,-22,-83,-98,-73
-44,-108,-75,65,34,-93,43,45,-38,-84,-102,-74
-13,-107,-86,60,30,-97,52,14,-38,-74,-110,-73
-22,-112,-61,67,19,-70,53,32,-14,-61,-104,-82
-39,-127,-70,66,6,-78,38,23,-12,-77,-107,-74
-52,-98,-57,68,42,-92,32,40,-26,-69,-81,-75
-39,-92,-74,90,6,-86,37,23,-22,-72,-84,-63
-25,-109,-64,57,31,-94,46,21,-14,-99,-84,-81
-32,-93,-65,56,27,-80,64,51,-34,-81,-110,-77
-39,-79,-71,90,1,-74,52,41,-30,-83,-97,-86
-40,-99,-59,74,9,-98,59,29,-28,-86,-77,-78
-47,-90,-70,52,2,-83,42,27,-16,-80,-68,-44
-26,-74,-55,56,-2,-89,33,21,-29,-89,-83,-51
-33,-83,-60,60,18,-72,61,70,-25,-81,-114,-62
-16,-109,-36,65,7,-74,64,29,-35,-72,-91,-61
-16,-85,-90,49,41,-80,43,43,-31,-51,-99,-71
-36,-91,-72,59,17,-72,46,17,-45,-64,-84,-50
-29,-98,-74,21,-8,-66,55,39,-46,-71,-106,-60
-34,-71,-64,62,6,-95,53,32,-29,-77,-78,-67
-39,-84,-51,53,12,-56,45,35,-30,-38,-75,-54
-6,-57,-56,50,10,-75,55,43,-51,-51,-71,-76
-20,-76,-40,62,1,-85,57,22,-7,-60,-72,-56
-36,-72,-49,45,18,-72,41,33,-36,-40,-75,-51
-29,-63,-66,64,11,-80,40,24,-22,-14,-72,-90
-27,-78,-44,17,16,-54,51,22,7,-52,-71,-51
-2,-56,-61,46,18,-35,38,31,-11,-52,-51,-54
0,-99,-53,42,22,-47,32,28,-9,-60,-64,-36
-36,-64,-25,56,11,-59,31,4,-31,-74,-35,-62
-24,-48,-29,38,10,-56,18,30,-19,-62,-70,-18
-20,-45,-44,55,-8,-49,47,39,-7,-48,-63,-38
-38,-59,-18,47,-4,-26,17,37,-22,-27,-41,-32
-20,-52,-33,27,13,-35,38,27,-35,-40,-48,-69
-19,-43,-7,1,4,-31,37,27,-18,-41,-26,-56
-23,-49,-16,36,39,-36,48,26,-24,-32,-37,-26
8,-21,-20,14,-22,-23,20,11,-6,-55,-21,-19
-17,-34,-8,5,17,-6,35,16,0,-10,-18,-14
-16,-5,-30,21,-5,0,12,18,-12,0,-29,-6
-5,-9,-1,14,22,5,11,0,7,-11,-34,-25
-14,-8,23,8,5,4,3,23,-4,-22,-17,19
4,-24,-13,-17,20,29,2,12,0,-6,15,22
16,-10,33,-9,-24,18,-21,-8,0,9,16,15
-15,12,-3,3,10,13,-11,-3,5,20,-1,11
11,22,-9,-27,-8,21,-14,-9,24,29,48,23
14,38,-4,-17,3,43,-35,-6,7,44,32,33
26,61,43,-7,-7,38,-32,-13,-5,31,54,31
19,59,30,-39,-23,33,-14,-46,1,45,56,41
28,58,52,-41,-21,58,-18,-4,5,41,63,31
17,84,52,-53,-4,64,-39,-29,-1,60,46,32
43,85,48,-53,-3,79,-31,-31,31,80,53,44
50,82,58,-59,-23,86,-42,-24,12,79,74,103
23,102,84,-82,-34,86,-56,-52,30,62,75,50
31,117,45,-70,-35,103,-63,-31,34,73,106,70
50,117,56,-75,2,108,-60,-36,42,84,88,71
22,111,87,-99,-16,93,-63,-45,37,77,104,72
37,143,86,-102,-21,108,-60,-45,58,100,97,87
39,158,86,-100,-19,88,-75,-45,38,81,123,93
54,130,87,-91,1,125,-86,-53,42,118,127,102
32,165,92,-102,-17,118,-79,-53,39,108,142,131
58,161,78,-118,-32,136,-56,-71,32,107,137,107
58,192,95,-111,-24,148,-91,-82,50,115,148,128
65,168,101,-102,-28,145,-72,-64,33,125,155,137
74,169,99,-118,-27,147,-88,-62,30,139,160,108
47,185,138,-123,-34,163,-110,-62,51,131,166,111
57,189,126,-137,-26,152,-102,-69,62,148,188,137
64,174,146,-142,-35,145,-102,-76,75,135,202,130
73,190,116,-127,-37,167,-104,-85,40,127,172,136
67,181,119,-146,-25,165,-92,-73,58,115,184,130
87,203,125,-158,-19,149,-99,-67,66,147,184,132
61,192,110,-119,-16,146,-100,-73,74,134,166,121
55,185,142,-117,-40,148,-129,-85,36,141,197,117
34,181,131,-137,-6,147,-105,-79,51,166,161,138
66,191,150,-128,-47,152,-92,-62,58,156,152,122
50,199,122,-115,1,154,-111,-61,43,139,148,133
57,177,117,-115,-13,149,-89,-83,70,137,144,108
51,169,116,-106,-42,113,-100,-77,48,141,166,140
86,189,94,-121,-21,128,-122,-97,44,115,160,133
80,167,119,-117,-29,135,-73,-44,52,139,140,126
63,158,95,-105,-33,132,-104,-61,35,129,153,116
56,164,105,-103,8,136,-99,-71,46,101,155,100
53,139,98,-84,-24,133,-75,-71,47,102,120,120
50,157,97,-86,-11,109,-71,-47,52,133,120,71
53,136,79,-96,-45,112,-67,-56,54,112,109,103
56,132,58,-116,-27,114,-50,-33,22,107,110,86
32,111,93,-75,4,84,-46,-42,39,91,92,88
9,110,71,-66,-11,81,-75,-52,25,64,99,89
33,86,63,-68,-7,94,-71,-45,29,97,102,69
34,109,75,-78,4,68,-34,-13,2,63,58,65
28,68,61,-58,-12,84,-44,-13,19,53,59,43
42,67,70,-30,4,70,-56,-27,22,41,74,53
6,85,51,-61,-25,56,-26,-37,21,75,54,34
9,42,58,-50,-22,58,-40,-19,6,48,43,29
4,47,31,-29,-9,22,-39,-33,8,44,32,33
28,52,44,-42,-35,-1,-7,-21,7,13,52,10
17,28,32,-33,-21,39,-20,-7,13,37,38,26
3,26,-5,-21,-8,31,-6,3,13,13,20,30
8,35,-5,-10,-1,7,-9,2,9,13,36,22
14,-9,-14,-23,4,4,11,17,-11,8,17,1
1,20,28,-1,21,0,-16,12,1,-11,2,-16
-15,-9,-13,25,-14,-9,8,7,-8,9,-11,5
-8,-8,-17,20,-13,-14,17,17,3,-6,-3,14
-13,-1,-22,7,1,-14,-6,28,1,-16,-47,-5
-5,-26,-33,5,22,-41,2,-18,7,-36,-5,-10
-4,-10,-1,21,4,-35,25,6,-11,-24,-41,-48
-14,-43,-17,15,9,-42,27,1,-11,-36,-46,-51
-27,-36,-18,28,15,-28,14,43,-12,-29,-30,2
-25,-42,-40,32,6,-29,27,17,-1,-39,-47,-18
-5,-57,-44,47,1,-39,23,17,-9,-32,-64,-49
-32,-34,-43,50,-4,-48,24,8,1,-37,-40,-45
-20,-50,-23,26,4,-52,42,22,-23,-38,-49,-45
-27,-53,-42,37,9,-69,15,20,-19,-35,-40,-43
2,-61,-33,32,-11,-52,-2,-8,-21,-36,-57,-13
-21,-37,-47,27,-11,-53,27,37,-9,-32,-71,-44
-24,-47,-32,55,-13,-54,32,18,-6,-57,-67,-57
-11,-70,-31,56,19,-58,25,26,-21,-67,-44,-50
-24,-55,-41,40,26,-43,43,37,-3,-25,-58,-58
-12,-70,-73,30,2,-67,49,35,-28,-52,-54,-48
-26,-51,-47,39,25,-57,41,13,-39,-69,-63,-47
-25,-60,-57,57,-1,-62,54,42,-28,-62,-91,-50
-14,-66,-60,56,17,-68,41,31,-40,-77,-63,-50
-39,-56,-68,63,3,-71,38,35,-15,-90,-90,-54
-30,-73,-58,62,-9,-74,48,43,-39,-64,-75,-60
-19,-77,-74,66,8,-68,38,38,-38,-76,-80,-65
-38,-111,-53,73,35,-75,76,47,-17,-74,-80,-41
-52,-98,-78,71,17,-93,35,53,-18,-74,-90,-70
-45,-91,-54,70,11,-73,50,47,-78,-82,-101,-75
-51,-113,-70,82,16,-116,69,44,-50,-73,-98,-73
-45,-111,-62,90,33,-100,55,43,-49,-80,-107,-99
-40,-119,-82,86,20,-110,74,54,-32,-104,-106,-98
-53,-148,-79,120,7,-108,73,51,-50,-122,-143,-98
-52,-126,-112,95,17,-127,82,58,-63,-124,-128,-124
-90,-161,-102,123,37,-123,80,51,-67,-122,-144,-130
-72,-179,-106,110,19,-133,103,99,-38,-139,-163,-124
-55,-185,-121,123,33,-168,107,73,-38,-137,-186,-118
-79,-201,-138,139,33,-202,125,89,-53,-165,-182,-147
-96,-203,-154,145,43,-178,115,92,-72,-171,-194,-159
-83,-225,-159,153,0,-187,140,121,-71,-162,-208,-162
-79,-250,-156,152,45,-195,134,91,-88,-189,-211,-185
-60,-230,-147,165,27,-211,121,92,-72,-194,-206,-183
-86,-242,-162,169,43,-191,132,88,-85,-191,-213,-182
-86,-236,-139,159,60,-190,104,79,-58,-161,-204,-162
-75,-235,-141,125,40,-178,106,102,-82,-160,-199,-154
-41,-209,-135,145,30,-159,94,77,-32,-157,-178,-125
-83,-193,-112,108,35,-134,100,50,-70,-125,-146,-119
-54,-131,-90,84,28,-120,85,55,-38,-98,-125,-83
-18,-83,-65,55,18,-53,60,21,-15,-59,-69,-63
-8,-21,17,31,16,-30,30,-10,-31,-37,-30,-15
5,47,11,-38,-6,48,-19,-28,0,62,44,36
24,119,63,-88,-23,111,-46,-63,35,98,106,86
49,181,111,-126,-39,149,-123,-78,57,156,158,136
95,300,192,-189,-35,241,-120,-112,82,213,261,205
141,370,265,-261,-64,312,-205,-162,101,262,334,283
182,477,316,-321,-100,405,-269,-203,140,392,455,322
206,604,363,-410,-89,493,-308,-232,163,464,517,407
244,687,483,-452,-82,584,-390,-295,210,518,606,475
280,797,506,-510,-115,661,-425,-305,222,582,724,526
285,840,580,-583,-132,717,-459,-348,247,635,786,624
321,914,599,-604,-142,781,-522,-398,295,702,851,629
347,965,646,-663,-150,816,-532,-396,285,712,886,669
353,1018,649,-689,-149,857,-563,-404,285,786,915,712
359,1036,678,-711,-129,845,-555,-401,324,800,935,707
374,1031,668,-706,-169,861,-570,-396,324,794,923,724
355,1021,657,-696,-157,845,-542,-416,307,754,916,695
341,982,626,-677,-144,817,-517,-387,300,738,885,674
323,924,579,-616,-128,742,-499,-356,284,683,840,661
291,846,546,-570,-123,721,-478,-335,245,635,765,600
262,753,483,-513,-113,651,-410,-291,211,591,669,527
242,659,430,-440,-107,549,-356,-264,222,502,587,482
186,561,361,-389,-71,451,-299,-222,169,435,499,389
146,445,289,-303,-57,366,-237,-182,141,340,415,317
126,323,214,-213,-32,277,-185,-133,117,278,307,251
73,232,172,-180,-54,216,-123,-81,58,176,213,150
55,159,93,-90,-27,108,-56,-55,66,104,104,101
3,42,30,-18,-19,51,-41,-27,5,40,34,36
-23,-34,-26,32,-12,-33,14,6,-28,-17,-21,-34
-43,-139,-82,63,17,-104,54,46,-15,-97,-75,-77
-73,-194,-116,127,7,-150,112,84,-73,-127,-160,-95
-84,-221,-150,152,31,-187,156,80,-45,-165,-206,-145
-85,-279,-170,178,32,-225,141,107,-79,-208,-214,-199
-120,-287,-212,191,55,-266,175,128,-117,-236,-289,-235
-122,-334,-223,215,54,-257,178,139,-112,-236,-280,-238
-129,-355,-233,237,58,-251,178,137,-88,-249,-319,-236
-121,-337,-245,223,86,-282,186,127,-114,-273,-317,-250
-120,-340,-208,215,58,-297,175,127,-123,-235,-318,-258
-111,-339,-212,198,44,-287,182,141,-89,-246,-305,-218
-118,-325,-212,211,50,-288,167,142,-100,-225,-273,-248
-101,-311,-203,212,39,-253,174,135,-75,-239,-268,-194
-97,-279,-187,196,49,-228,153,101,-81,-217,-262,-193
-78,-288,-164,201,40,-221,136,108,-68,-189,-232,-171
-72,-262,-134,152,52,-196,134,103,-54,-180,-207,-167
-93,-221,-145,175,28,-191,120,75,-76,-168,-179,-167
-76,-185,-123,131,15,-157,98,96,-58,-141,-178,-143
-55,-173,-115,105,19,-144,99,93,-50,-153,-164,-126
-45,-166,-95,95,48,-127,96,97,-19,-126,-144,-126
-51,-133,-81,73,21,-126,65,49,-50,-120,-144,-104
-47,-135,-70,74,16,-109,78,27,-63,-90,-101,-93
-31,-72,-51,83,16,-107,57,30,-26,-72,-86,-77
-9,-95,-36,61,4,-87,80,57,-25,-77,-104,-55
-25,-108,-58,41,0,-103,44,69,-28,-62,-81,-71
-26,-96,-70,58,17,-86,42,64,-20,-68,-88,-67
-56,-95,-80,68,-9,-63,47,29,-18,-75,-93,-41
-21,-87,-56,34,20,-77,45,22,-13,-61,-81,-44
-40,-76,-39,57,35,-60,42,22,-18,-67,-74,-56
-12,-80,-47,48,16,-80,55,33,-20,-52,-75,-46
-23,-60,-47,50,14,-50,41,23,-22,-43,-76,-29
-10,-69,-29,50,-6,-48,23,52,-14,-43,-54,-47
-16,-59,-35,34,37,-60,21,25,-25,-65,-41,-32
4,-85,-47,56,14,-55,4,26,-12,-53,-89,-63
-19,-62,-34,48,11,-46,33,30,-18,-23,-32,-30
-19,-66,-37,32,6,-33,39,15,-13,-41,-64,-43
-27,-69,-25,54,8,-51,34,47,-20,-55,-66,-48
-27,-47,-34,46,14,-60,1,21,-33,-19,-56,-49
-31,-65,-49,34,20,-65,39,19,-18,-62,-69,-33
-6,-56,-22,55,-8,-34,32,37,-34,-42,-33,-39
-17,-64,-39,41,11,-38,22,31,-10,-47,-46,-53
-27,-40,-28,39,-13,-37,25,23,17,-48,-58,-14
-13,-55,-25,56,-4,-24,33,13,-11,-48,-52,-57
1,-39,-28,6,7,-29,42,32,-24,-17,-46,-29
-10,-41,-28,27,4,-40,22,13,-41,-45,-41,-26
-9,-36,-18,34,18,-20,31,24,-11,-35,-33,-45
-18,-40,-38,11,13,-37,37,28,-22,-26,-44,-12
-14,-29,-26,24,15,-55,7,18,14,-38,-53,-46
-16,-41,-19,23,2,-22,7,43,-24,-40,-16,-31
-15,-28,-1,13,11,-43,15,22,-6,-28,-36,-14
-19,-7,-32,36,-2,-11,18,-9,-11,-47,-27,-3
-17,-29,-41,4,-35,-25,26,31,-20,-7,-27,-19
3,-25,-14,10,-4,-12,25,7,-27,1,-16,-1
-23,1,0,16,-8,0,12,12,-16,-12,-8,-34
-14,-15,-7,7,-7,-2,-3,3,13,-9,-9,-34
-17,-19,4,0,-11,-21,22,10,-19,3,-1,4
4,-39,-17,-10,5,1,22,-15,-10,3,-14,-11
0,3,18,-5,6,7,27,-10,3,-11,5,18
12,14,9,-9,0,-6,-8,14,-6,1,-5,1
7,30,22,-7,-5,15,15,4,5,-2,-17,-7
7,24,14,-7,-2,13,-1,-2,-3,27,24,21
-16,-4,-1,3,-2,7,-19,-14,11,21,3,16
10,49,22,-28,5,12,2,-22,34,33,33,22
12,28,41,-6,-13,4,-4,-14,19,44,33,6
-11,27,23,-12,-9,9,-18,-12,-3,23,26,25
19,21,28,-27,-2,30,-17,-18,8,15,39,40
18,42,16,-16,0,10,-20,-13,10,37,41,34
-3,65,40,-34,-12,29,-23,5,23,30,37,44
22,69,64,-15,-5,42,-35,-19,37,38,57,31
25,64,35,-52,15,72,-32,-24,39,51,38,60
26,72,64,-39,-28,77,-37,-27,33,49,85,35
44,92,49,-47,-28,57,-41,-27,17,89,84,60
30,64,49,-64,3,65,-63,-45,26,68,100,74
61,101,52,-66,-22,74,-35,-43,35,86,87,90
31,112,66,-73,-35,68,-54,-26,2,89,80,71
50,113,86,-80,-3,93,-39,-40,34,77,98,88
26,131,72,-92,-8,110,-55,-48,21,95,85,91
22,141,78,-90,-3,99,-58,-57,31,81,116,98
39,124,84,-87,-43,113,-73,-62,49,102,139,93
51,137,98,-105,-22,130,-77,-57,55,116,135,104
45,163,99,-100,-27,112,-89,-58,44,125,140,119
57,160,100,-100,-31,125,-90,-60,68,124,158,119
55,162,120,-105,-45,141,-104,-51,69,111,151,122
64,167,105,-118,-28,133,-94,-69,60,151,164,142
81,183,138,-125,-20,167,-112,-55,60,127,185,142
69,183,118,-149,-28,177,-129,-75,65,158,178,127
50,223,129,-131,-33,191,-90,-79,52,170,195,142
89,220,142,-161,-46,179,-97,-72,91,153,195,181
61,210,146,-152,-33,191,-114,-78,67,176,211,164
71,239,169,-140,-35,166,-134,-108,74,170,212,171
87,232,168,-173,-36,215,-115,-83,83,197,213,165
104,252,146,-178,-46,208,-139,-102,82,196,217,170
93,266,173,-180,-23,240,-141,-95,84,190,231,187
117,271,169,-182,-18,230,-156,-98,105,193,265,176
123,260,152,-178,-42,230,-129,-105,97,203,254,201
105,288,193,-192,-42,250,-166,-115,92,221,267,177
97,283,178,-228,-54,235,-152,-130,81,221,256,218
124,319,198,-186,-65,267,-175,-116,79,227,261,225
120,303,191,-211,-56,259,-174,-102,96,240,278,231
108,321,201,-216,-65,254,-149,-128,87,235,290,223
109,295,201,-231,-78,281,-179,-132,106,235,280,222
126,318,215,-227,-39,281,-189,-127,88,249,284,236
133,356,215,-220,-52,284,-172,-137,76,244,272,223
126,340,224,-239,-48,270,-172,-151,115,246,296,231
142,345,247,-229,-70,281,-188,-130,77,270,325,237
123,353,208,-255,-35,302,-185,-143,118,272,324,259
133,330,252,-253,-46,271,-189,-156,116,261,306,225
116,332,239,-263,-28,308,-191,-152,110,267,330,231
140,352,241,-256,-56,325,-205,-154,115,285,318,240
136,372,253,-249,-76,295,-229,-147,108,279,346,268
137,370,236,-268,-59,321,-177,-141,93,260,319,248
119,383,239,-281,-55,290,-222,-155,117,265,331,264
129,354,238,-257,-55,296,-205,-163,141,262,341,265
133,357,262,-260,-41,323,-198,-145,111,277,339,252
135,378,276,-249,-47,287,-215,-145,125,289,353,267
147,381,246,-261,-52,310,-222,-142,100,297,331,261
140,384,275,-248,-32,315,-203,-143,111,264,345,276
139,394,249,-257,-68,319,-178,-156,128,280,343,290
130,371,242,-260,-54,319,-200,-153,93,278,383,254
138,396,241,-258,-53,313,-208,-125,134,264,330,274
115,373,229,-235,-57,299,-215,-140,112,273,327,265
126,362,258,-260,-43,292,-187,-151,108,268,318,258
118,383,244,-252,-76,316,-198,-150,113,265,339,256
146,356,252,-258,-49,330,-184,-125,125,265,327,264
104,344,219,-249,-61,320,-196,-142,109,274,335,262
111,366,242,-255,-54,289,-218,-157,107,270,327,241
111,379,232,-237,-68,307,-195,-129,93,279,309,237
99,339,231,-237,-61,284,-206,-135,103,258,317,250
105,338,230,-249,-57,288,-170,-149,97,238,310,210
127,356,219,-233,-50,290,-181,-149,115,258,296,240
129,331,231,-226,-53,264,-192,-128,104,249,305,215
117,297,213,-222,-54,269,-190,-134,119,244,307,203
104,316,209,-238,-47,276,-160,-126,109,230,256,246
102,306,197,-205,-54,253,-176,-116,69,233,287,214
99,309,210,-199,-36,257,-164,-123,78,228,277,197
90,289,181,-211,-48,244,-159,-122,94,200,260,186
88,288,175,-198,-38,228,-157,-102,100,216,269,207
103,265,166,-199,-49,239,-138,-116,86,200,277,191
113,270,176,-174,-42,225,-150,-98,84,194,248,182
93,245,188,-178,-58,225,-146,-102,78,203,264,192
88,261,157,-170,-35,217,-160,-98,70,196,243,198
87,271,161,-158,-34,203,-144,-115,66,183,217,176
95,233,154,-144,-28,207,-115,-97,93,165,212,181
94,237,148,-172,-32,197,-130,-80,65,159,199,153
84,232,142,-135,-46,199,-149,-72,55,172,197,153
62,187,134,-154,-35,164,-115,-93,74,169,192,164
71,194,142,-165,-24,181,-120,-73,63,151,198,161
70,196,135,-116,-22,160,-80,-95,65,170,181,139
82,173,113,-140,-23,168,-88,-81,57,147,177,129
52,184,112,-113,-34,129,-97,-68,61,126,162,124
59,160,108,-105,-29,137,-113,-78,52,120,169,111
44,175,98,-102,1,137,-98,-52,59,134,137,107
52,173,86,-113,-26,131,-93,-79,48,113,150,89
53,145,66,-94,-25,122,-65,-67,75,99,109,97
23,163,89,-99,-24,110,-72,-63,51,108,126,110
51,113,86,-77,-22,94,-47,-45,44,108,116,93
62,142,80,-79,-16,109,-51,-66,23,89,115,93
49,103,72,-54,-34,96,-61,-31,34,82,108,76
33,116,76,-66,-11,88,-60,-29,17,88,95,62
29,99,69,-58,0,92,-62,-42,29,78,83,67
40,107,54,-65,-6,64,-58,-35,33,74,70,75
16,73,38,-53,-26,70,-47,-21,5,72,82,59
36,79,40,-75,-17,74,-48,-44,18,48,64,34
55,82,51,-18,-26,43,-45,-14,31,55,58,64
18,80,62,-36,-25,34,-19,-19,44,53,59,41
9,40,45,-46,-4,25,-26,-20,25,39,49,30
8,44,19,-43,1,46,-13,-20,13,35,81,29
25,43,11,-29,0,51,-16,-19,20,47,45,15
24,40,13,-15,-5,19,-8,-10,25,48,33,43
-5,31,21,-20,-3,33,-14,-16,5,14,29,25
4,47,6,3,0,25,-27,-16,31,21,19,-1
21,21,10,-30,-11,13,-17,-34,-9,17,15,18
16,6,21,-8,-3,24,-2,27,-9,-4,5,15
7,4,10,-13,10,-3,3,-4,-6,7,-7,-15
-1,-1,21,0,-1,3,17,3,-9,-10,-1,-2
10,4,9,4,-15,-3,-9,13,-4,22,23,-2
4,10,-15,24,-6,-18,9,25,2,-15,5,3
-3,-2,26,7,-8,3,17,-1,-12,-20,-15,-20
5,-31,-5,-2,5,-12,-10,6,13,-11,15,5
-8,-7,-15,13,-9,-6,-4,-1,5,-29,-32,-4
-4,-12,14,-1,-3,-28,14,4,13,-39,-15,-11
-7,-10,0,9,-6,-13,20,20,2,0,-25,-20
-26,-18,-8,39,-1,-30,0,-4,1,-29,-38,-12
-18,-21,-22,17,-1,-24,26,29,-6,-32,2,-2
-6,-24,-32,9,7,-25,26,13,-7,-43,-32,-17
-19,-31,-19,34,18,-29,25,7,1,1,-47,-14
23,-37,-16,31,9,-21,23,10,1,-24,-44,-26
-20,-34,-53,32,25,-30,31,2,-4,-34,-35,-35
-18,-28,-28,25,21,-21,29,23,-26,-35,-24,-2
8,-34,-23,29,-2,-42,23,23,18,-22,-46,-14
-10,-52,-15,30,3,-16,36,14,-22,-47,-41,-21
-27,-33,-31,45,7,-53,18,42,-36,-43,-43,-35
-6,-35,-20,54,-2,-23,26,3,-8,-42,-52,-29
-20,-44,-42,30,10,-54,14,4,-27,-52,-40,-35
-3,-25,-49,43,2,-28,20,21,-12,-49,-51,-36
-5,-43,-38,32,0,-48,25,34,-2,-42,-40,-26
-13,-26,-58,37,6,-35,38,36,-15,-30,-55,-33
-12,-80,-21,37,-7,-44,29,-1,-20,-48,-58,-64
-24,-59,-33,41,30,-41,33,41,1,-58,-52,-40
-6,-52,-41,34,9,-49,54,11,-5,-59,-37,-48
3,-47,-29,39,14,-30,39,28,-10,-36,-39,-35
-27,-48,-25,36,10,-28,37,14,-5,-29,-57,-20
-7,-45,-44,29,-9,-45,45,16,-23,-41,-51,-44
-31,-52,-36,42,26,-45,46,28,-16,-32,-30,-50
-14,-58,-45,38,10,-35,21,18,-24,-35,-34,-11
-25,-47,-27,56,-8,-54,49,4,-4,-32,-45,-37
-18,-61,-28,46,17,-32,38,24,-25,-45,-68,-57
-23,-72,-32,40,18,-50,30,19,-21,-31,-56,-33
-20,-78,-39,41,15,-69,53,32,-38,-26,-38,-46
-31,-59,-37,22,27,-40,33,36,-25,-49,-68,-37
-18,-29,-23,41,-7,-38,56,40,-18,-37,-65,-21
-20,-55,-48,31,-12,-61,26,41,-6,-25,-50,-27
-17,-46,-51,24,19,-34,27,-5,-24,-30,-57,-25
-46,-65,-38,42,1,-31,25,35,-21,-45,-47,-44
-32,-74,-30,55,18,-54,40,23,-12,-39,-55,-40
-34,-84,-25,42,27,-64,40,38,-5,-42,-68,-52
-29,-55,-26,36,-1,-50,41,40,5,-31,-60,-45
2,-50,-23,44,-2,-44,34,17,-23,-28,-42,-45
-17,-67,-23,44,-6,-32,49,33,-10,-16,-68,-55
-26,-50,-37,27,9,-27,39,18,-41,-54,-75,-40
-9,-38,-39,52,2,-40,31,31,-12,-58,-42,-52
-6,-39,-52,36,28,-65,31,3,-25,-51,-41,-35
-27,-60,-41,56,-4,-25,27,10,-12,-80,-56,-39
-22,-61,-34,12,25,-40,40,22,-19,-49,-64,-53
-20,-53,-65,31,-2,-38,30,14,-23,-50,-74,-39
-21,-53,-41,56,4,-63,17,13,-23,-49,-50,-56
-22,-60,-37,47,-4,-45,53,15,-25,-27,-42,-17
-5,-48,-37,36,4,-32,43,33,-17,-46,-46,-28
-13,-68,-30,16,3,-37,44,15,-9,-26,-64,-28
-15,-67,-34,31,22,-34,22,23,-44,-33,-45,-29
-25,-68,-32,36,5,-60,33,25,-24,-39,-56,-16
-28,-62,-21,37,7,-40,39,11,-24,-61,-53,-40
-24,-40,-27,24,25,-56,14,16,-4,-38,-64,-55
-26,-59,-13,4,6,-31,21,39,-41,-39,-43,-35
4,-61,-24,48,14,-37,31,32,-5,-35,-48,-57
-27,-46,-30,27,8,-34,38,31,-20,-20,-13,-12
-21,-46,-33,42,16,-51,11,18,-27,-44,-48,-27
-26,-46,-8,32,3,-40,17,31,-19,-39,-58,-28
-5,-43,-31,36,-10,-51,31,24,0,-46,-53,-62
-36,-55,-35,41,13,-32,26,51,-3,-48,-41,-19
-9,-55,-50,30,9,-16,26,8,-2,-34,-53,-20
1,-56,-35,25,-9,-48,12,9,-5,-25,-54,-32
-15,-43,-39,24,1,-60,22,30,-41,-28,-52,-52
-22,-59,-44,17,20,-33,16,34,-11,-46,-37,-39
-8,-58,-33,41,9,-48,23,40,-14,-59,-62,-23
-3,-48,-35,34,-4,-34,20,-16,-3,-39,-39,-25
-23,-35,-25,34,4,-44,27,38,-41,-29,-38,-30
-30,-45,-18,40,17,-42,30,7,-17,-35,-36,-34
-22,-20,-30,51,12,-26,34,20,-3,-44,-19,-48
-26,-46,-20,18,-3,-35,5,26,-1,-33,-60,-61
-20,-57,-24,34,1,-13,20,48,-35,-53,-29,-29
-25,-50,-25,50,-10,-55,7,29,-20,-23,-45,-17
-40,-52,-32,30,1,-32,31,11,-13,-16,-44,-29
-16,-29,-17,23,19,-43,35,27,-11,-33,-30,-19
0,-38,-29,26,34,-36,4,-3,3,-33,-58,-30
-8,-48,-35,45,-7,-24,7,10,-22,-27,-55,-29
11,-45,-27,32,18,-29,26,11,-25,-29,-40,-54
-10,-35,-21,13,3,-34,5,-1,-14,-44,-24,-33
-22,-42,-47,2,-5,-30,15,31,1,-41,-41,-14
-17,-21,-3,32,6,-39,19,46,-52,-33,-43,-48
-18,-35,-23,23,12,-36,20,12,4,-29,-13,-51
-8,-33,-29,22,-4,-36,9,9,1,-26,-32,-43
-5,-51,-34,42,-14,-29,19,59,-1,-42,-41,-17
-32,-47,-18,25,-7,-37,42,17,13,-20,-30,-34
-5,-31,-33,28,10,-30,16,6,1,-26,-29,-26
-25,-36,-23,14,23,-8,7,-1,-11,-40,-30,-23
7,-63,-22,7,-3,-36,24,22,-20,-34,-39,-31
-23,-49,-16,22,5,-12,22,28,-21,-46,-47,-1
2,-28,-4,48,-5,-30,24,6,-17,-32,-36,-19
-32,-34,3,37,3,-5,37,23,-26,-35,-5,-24
-15,-32,-2,14,0,-31,5,5,14,-32,-44,-27
-23,-50,-14,-9,-8,-23,16,3,-17,-8,-43,-30
-31,-53,-23,18,20,-20,14,29,-11,-26,-27,-15
-18,-32,-26,24,15,-38,1,12,-19,-38,-14,-9
-13,-64,-36,35,-6,-17,14,8,-31,-20,-28,-16
-7,-35,-16,41,16,-43,17,17,0,-23,-48,-26
-12,-12,-26,20,9,-33,23,26,-7,-26,-28,-36
-7,-44,-2,18,2,-30,19,11,-26,-32,-33,-7
-12,-28,3,25,17,-18,21,11,9,-20,-32,-26
-13,-5,-14,14,0,-21,15,21,-20,-18,0,-2
-3,-33,-20,17,17,-1,20,12,-10,-27,-26,-5
31,-7,-19,13,-1,-43,27,-12,10,-19,-16,-10
4,-30,-9,26,-7,-40,15,11,-23,2,-18,-9
19,-18,-6,14,6,-20,39,8,-37,-15,-23,-11
-19,-6,-8,22,4,-34,19,22,-4,-14,-22,-13
-28,-47,3,21,0,-24,-9,3,-6,-30,-50,3
-8,-16,-15,39,-2,-19,4,3,9,-19,-18,-6
2,-21,-40,30,17,-27,23,5,-17,-35,-26,-24
-17,-41,-12,16,0,-43,13,10,-17,0,-13,-43
9,3,-37,26,-15,-20,30,8,3,-10,-19,-11
-12,-42,-11,25,-15,-22,1,-9,-27,-30,-33,-30
-6,-40,0,13,9,-22,30,-6,18,-8,-42,-14
-2,-17,-2,2,0,-22,-2,3,-9,-16,-24,-9
-22,-32,-13,10,-11,-20,17,2,4,-19,-5,-8
9,-35,4,9,-8,-20,7,13,8,1,-30,-8
-22,-25,-1,26,-7,-15,11,27,-3,8,-20,-25
-13,1,-17,14,-7,-23,-2,16,-2,-25,7,-3
-22,-8,-15,28,-7,-17,1,4,-24,11,-16,-7
-15,-24,0,3,5,-10,22,-15,-5,-19,-16,-12
6,-4,-22,-11,36,7,-2,-8,-8,-7,-13,-17
-14,-26,-12,16,-9,-20,10,-18,-25,16,8,-2
3,3,0,8,-5,-12,14,11,1,6,-10,-29
-19,0,-15,12,9,-32,11,32,-6,-24,11,-18
16,-25,-11,4,-7,-1,-6,15,2,-21,8,-12
-5,3,-4,3,-4,-10,10,2,-8,-17,-1,-17
-24,2,-19,7,2,9,2,-4,14,-7,-10,-12
-2,-9,-15,-21,4,18,-4,-26,15,19,-4,14
2,-11,4,5,-17,6,-22,8,-10,-2,-23,-6
0,-16,21,-7,-10,8,-4,-5,10,9,35,7
3,-2,-5,-2,8,7,13,25,12,17,-3,-7
8,27,-3,-18,-5,15,6,12,29,-2,42,-10
-5,32,9,-21,-4,10,-8,-23,7,8,1,18
8,22,-22,-4,-9,25,-7,-15,-14,27,15,38
36,0,18,-2,-15,16,-16,-2,6,24,10,10
6,27,5,-41,-25,25,-21,1,21,17,20,31
23,26,16,-42,18,47,-28,-29,20,27,7,15
8,43,8,-37,-21,48,-9,-10,11,31,25,20
0,42,47,-23,-14,23,-9,-27,-3,32,21,37
28,45,24,-53,4,52,-16,-37,25,32,44,21
22,41,29,-46,-11,52,-13,-9,10,27,56,25
18,71,44,-61,5,60,-58,-36,30,77,49,47
24,81,47,-52,-14,55,-34,-41,30,67,62,30
39,52,54,-65,-28,78,-20,-25,39,53,65,36
18,107,58,-65,-11,64,-37,-44,31,56,71,70
26,98,65,-70,-24,93,-43,-40,22,56,89,72
23,119,70,-83,-21,71,-49,-44,35,101,100,82
29,116,57,-80,-26,95,-54,-49,7,68,97,84
48,90,94,-87,-15,109,-54,-33,22,80,97,96
59,116,68,-89,-21,114,-86,-80,32,108,112,105
37,133,89,-98,-18,114,-73,-61,45,111,139,72
45,152,101,-106,-19,115,-85,-92,55,137,149,105
63,150,114,-112,-15,128,-89,-80,49,103,161,97
77,154,105,-108,-42,127,-78,-72,56,122,143,100
64,180,121,-119,-34,142,-101,-67,40,140,147,111
37,178,128,-118,-21,153,-100,-76,63,135,139,121
68,205,127,-107,-16,160,-98,-73,72,137,168,115
54,217,125,-132,-40,167,-75,-73,64,143,184,145
70,217,142,-117,-12,180,-114,-105,80,154,187,164
78,212,144,-154,-17,175,-118,-87,67,168,211,172
69,237,147,-167,-50,178,-131,-116,83,189,183,172
82,243,134,-151,-30,184,-123,-111,57,161,198,163
60,247,159,-138,-22,192,-136,-90,65,195,204,146
68,235,150,-149,-56,199,-137,-102,55,195,233,169
80,236,165,-158,-32,203,-151,-92,76,197,243,171
64,246,173,-178,-37,209,-127,-100,74,189,230,170
88,243,166,-175,-48,218,-156,-97,56,205,232,159
82,269,200,-182,-24,227,-142,-118,97,195,243,185
87,259,175,-201,-34,235,-136,-94,70,209,241,196
91,262,173,-194,-17,211,-143,-111,91,191,235,182
110,255,181,-195,-32,212,-130,-97,90,204,248,186
101,264,154,-180,-27,208,-138,-104,85,202,242,176
99,262,162,-170,-51,215,-117,-122,110,197,224,186
100,306,180,-191,-46,235,-159,-102,73,191,256,196
97,278,191,-197,-35,208,-154,-125,70,190,254,193
92,266,179,-179,-39,219,-148,-88,77,195,238,180
101,252,147,-175,-26,238,-147,-126,85,203,231,165
91,253,162,-157,-19,202,-144,-111,84,195,220,163
103,257,157,-176,-32,218,-120,-115,72,199,223,168
77,243,166,-178,-32,216,-152,-108,81,197,227,148
72,242,149,-180,-36,210,-134,-101,108,173,188,167
62,222,145,-149,-30,183,-133,-100,64,191,174,161
88,208,146,-166,-38,217,-119,-97,49,185,201,154
87,235,162,-150,-15,187,-111,-86,54,166,196,134
90,225,128,-145,-41,185,-122,-94,53,157,192,144
66,197,142,-160,-17,163,-94,-67,66,162,182,158
74,195,111,-129,-47,148,-110,-72,51,176,195,150
58,191,123,-149,-59,151,-93,-54,55,112,178,142
57,173,113,-133,-24,157,-99,-67,68,122,161,126
53,166,107,-88,-19,139,-94,-43,61,120,157,147
59,163,123,-112,-31,135,-89,-75,24,129,156,97
49,129,92,-88,-37,122,-92,-62,42,113,151,106
44,172,76,-100,-34,140,-72,-69,55,117,122,90
68,118,90,-88,-41,114,-56,-56,42,113,119,96
40,128,82,-76,-7,110,-46,-42,23,84,110,84
26,107,60,-85,-24,97,-65,-33,44,76,102,90
48,118,68,-86,-39,83,-39,-39,42,78,97,82
47,76,80,-97,-29,98,-41,-53,19,86,76,60
54,91,59,-55,-2,86,-58,-34,25,68,85,69
37,116,66,-59,-4,100,-72,-55,-3,62,82,60
35,76,40,-55,6,62,-49,-19,40,52,59,68
34,74,53,-52,0,74,-32,-42,40,48,67,58
27,73,45,-49,-5,74,-35,-44,31,44,57,43
28,64,36,-38,3,36,-36,-41,40,47,64,47
8,70,69,-32,-1,44,-36,5,28,39,78,41
11,69,28,-32,14,62,-29,-13,9,37,45,34
5,51,28,-64,-2,15,-26,-33,18,37,38,29
18,31,24,-37,-11,33,-10,-11,0,46,46,29
17,59,-7,-4,-10,35,-30,-10,21,10,60,32
11,5,14,-6,-4,17,-40,0,20,19,43,4
15,46,30,-11,-24,43,-10,-24,6,17,38,25
-2,24,33,-35,6,18,-9,-2,6,7,6,27
-2,43,28,-26,-5,13,-3,-5,4,17,22,27
-34,6,2,-10,15,13,6,-7,13,4,18,12
-4,-2,25,-4,-12,28,-19,-6,6,17,31,8
-10,33,20,3,-13,8,-23,-3,3,0,7,3
-11,8,-10,-1,-6,21,-11,-21,18,19,13,13
5,20,3,8,-5,18,15,30,25,2,18,-2
13,3,6,10,-3,14,-19,8,-16,8,24,5
-18,26,-14,-2,6,22,-16,-16,-3,22,8,3
21,-11,9,-1,17,27,-15,13,-3,4,-14,7
15,-2,22,-4,-6,-5,20,-4,-10,-19,-3,0
5,-9,0,27,10,5,-2,7,0,12,3,0
-6,13,1,5,-3,-23,-3,3,-9,-5,3,5
13,-4,-1,10,8,14,20,4,-12,0,-18,-13
-4,-9,-14,23,17,-2,9,20,20,0,-7,-15
15,2,-17,14,18,-35,-13,-17,-13,-7,-15,-6
4,-27,-33,3,-17,-17,21,15,-28,13,-13,-12
-14,-20,-3,50,-6,-22,36,-13,-19,-11,-24,8
4,-26,1,26,1,-18,26,10,-21,-18,-44,-26
-26,-50,-22,45,4,-21,6,16,-15,-18,-35,-19
-23,-71,-26,51,12,-55,29,32,-12,-45,-50,-23
-20,-59,-48,35,9,-69,16,25,-34,-46,-60,-52
-30,-82,-66,31,0,-74,52,34,-20,-61,-86,-63
-42,-93,-46,51,9,-86,71,37,-41,-72,-72,-70
-44,-110,-62,77,27,-84,57,41,-27,-76,-93,-82
-44,-120,-91,74,19,-101,75,46,-43,-68,-113,-81
-44,-136,-95,86,52,-125,71,59,-29,-111,-124,-102
-44,-148,-91,94,30,-152,90,70,-41,-125,-133,-99
-45,-146,-89,132,23,-119,75,38,-47,-102,-123,-67
-37,-154,-121,89,19,-135,79,58,-41,-108,-138,-107
-79,-129,-97,110,19,-143,79,79,-30,-89,-127,-135
-46,-142,-83,116,4,-129,84,80,-39,-106,-118,-99
-67,-137,-93,109,4,-126,79,47,-41,-122,-116,-104
-43,-111,-56,62,26,-70,53,41,-35,-96,-114,-88
-24,-89,-80,68,12,-74,45,25,-30,-70,-68,-70
-11,-51,-41,18,10,-47,27,41,8,-29,-30,-40
-3,-5,-6,-4,-5,-4,1,-8,-11,9,-10,-2
40,49,48,-37,-9,55,-16,-17,19,21,45,32
41,120,69,-72,-29,97,-63,-42,33,71,105,98
46,206,134,-157,-26,146,-95,-88,54,150,192,124
83,296,187,-186,-36,236,-165,-96,78,195,242,218
102,357,233,-264,-53,319,-195,-156,106,269,333,255
167,448,297,-313,-69,381,-257,-191,138,374,431,317
188,548,355,-400,-85,477,-314,-222,170,439,511,393
214,663,405,-437,-96,561,-370,-286,181,501,585,468
282,767,503,-508,-117,624,-411,-290,222,581,699,520
306,849,561,-584,-145,721,-463,-344,247,636,770,612
318,948,598,-648,-137,768,-506,-382,305,707,854,640
346,1020,654,-710,-163,836,-555,-385,307,747,908,698
381,1064,679,-733,-157,875,-590,-445,312,794,958,740
398,1114,714,-752,-163,928,-619,-437,332,842,988,776
387,1134,728,-770,-172,908,-650,-440,335,824,1004,789
380,1145,730,-793,-180,924,-621,-438,357,859,1020,784
377,1116,712,-756,-179,917,-612,-427,331,830,981,785
386,1043,695,-716,-176,873,-571,-432,323,808,968,741
340,1002,658,-701,-168,810,-549,-403,301,759,892,709
324,932,595,-648,-125,793,-502,-373,273,714,848,652
291,817,559,-561,-150,699,-451,-347,238,625,754,587
248,752,470,-504,-104,613,-403,-281,231,556,668,528
211,639,432,-413,-106,519,-336,-263,203,481,554,437
200,516,366,-359,-73,448,-287,-203,174,403,473,385
149,412,293,-278,-76,344,-235,-167,124,318,386,288
125,300,209,-200,-34,289,-177,-138,103,233,263,231
71,225,130,-130,-29,166,-143,-87,69,155,204,158
55,116,80,-90,-6,122,-59,-65,29,79,119,106
38,56,28,-64,-19,39,-21,-22,29,43,61,51
8,2,2,11,12,14,13,9,7,-9,-25,-16
-38,-77,-38,45,-1,-62,54,5,-32,-61,-59,-64
-25,-115,-69,104,2,-96,65,30,-26,-65,-109,-97
-63,-153,-103,109,14,-137,79,55,-31,-117,-141,-108
-70,-151,-117,118,44,-140,120,79,-68,-132,-155,-133
-67,-211,-122,147,35,-154,124,78,-48,-157,-187,-142
-70,-211,-134,107,10,-177,115,81,-55,-142,-199,-118
-79,-185,-136,133,16,-152,122,81,-83,-151,-170,-139
-59,-192,-140,134,44,-149,114,100,-42,-152,-204,-116
-59,-174,-132,116,5,-148,96,73,-66,-134,-164,-112
-62,-166,-104,93,21,-115,80,61,-61,-137,-125,-112
-68,-150,-100,103,6,-113,82,43,-50,-118,-122,-99
-49,-119,-68,73,23,-106,69,34,-48,-103,-84,-105
-12,-106,-58,62,3,-72,53,25,-19,-94,-67,-77
-46,-72,-30,53,9,-78,52,32,-11,-64,-79,-73
-33,-42,-43,59,36,-49,36,38,-25,-30,-50,-65
-4,-47,-49,41,20,-41,5,32,16,-21,-41,-18
-18,-7,-23,9,0,-26,-1,4,-1,-28,-15,-25
-1,-1,-25,6,0,-2,5,9,0,22,9,-20
8,8,-5,10,2,4,-21,-13,1,2,0,2
20,31,8,-15,22,17,-6,-32,14,22,10,12
12,24,8,-13,-16,28,-17,-32,18,49,21,20
11,20,44,-25,-3,56,-19,-1,33,25,55,-2
23,44,42,-27,-22,10,-6,-23,30,15,61,48
13,42,38,-40,-19,46,-22,-19,26,19,32,36
-22,55,29,-33,6,46,-37,-11,2,44,57,19
25,49,34,-36,-15,48,-26,-15,-2,39,39,49
5,52,52,-47,-7,50,-20,-24,32,43,54,57
25,69,49,-63,1,65,-27,-23,-1,65,58,36
-10,75,32,-12,-3,67,-32,-14,11,38,74,42
67,78,44,-29,-23,69,-63,-21,26,48,47,60
32,47,84,-38,-25,54,-41,-9,38,35,35,40
34,84,67,-55,-13,74,-57,-35,1,46,71,54
22,73,27,-45,1,62,-48,-14,21,37,55,56
11,88,59,-46,-12,56,-19,-25,31,49,49,26
2,70,48,-39,-17,60,-54,-20,19,69,53,50
36,79,40,-49,5,73,-50,-45,12,44,83,80
23,75,50,-53,-8,59,-32,-14,22,38,72,38
20,47,47,-70,-18,58,-50,-12,36,52,76,66
15,78,43,-46,0,72,-34,-31,23,55,75,60
-10,81,68,-64,-15,61,-51,-39,16,63,96,43
46,60,63,-72,-5,57,-59,-16,26,68,73,72
35,94,67,-80,-7,68,-32,-17,23,43,90,33
54,86,50,-43,-9,58,-49,-38,3,88,87,75
9,84,77,-60,-5,108,-62,-35,34,68,98,52
35,102,44,-69,-25,76,-69,-20,42,100,111,55
28,104,66,-81,-28,85,-61,-26,32,80,102,56
39,105,55,-66,10,76,-54,-58,47,83,76,67
33,120,67,-58,-39,85,-61,-17,39,74,104,71
35,97,79,-67,-29,90,-67,-37,29,65,86,79
45,84,75,-91,-17,84,-45,-37,41,88,119,66
41,106,62,-83,-7,101,-70,-44,41,80,103,95
37,106,69,-78,-18,93,-61,-45,26,80,106,67
39,130,62,-80,-22,84,-64,-44,17,96,98,113
41,126,70,-98,1,118,-89,-54,30,89,127,102
42,131,80,-69,-30,124,-86,-61,40,84,104,95
33,156,99,-106,-21,115,-75,-41,29,109,125,95
44,146,97,-85,-7,115,-62,-55,34,99,136,112
47,142,99,-112,-28,115,-82,-58,25,97,149,126
40,149,117,-111,-2,117,-70,-71,45,146,140,123
37,169,77,-105,-23,127,-85,-76,32,105,158,117
51,161,94,-129,-26,130,-90,-93,36,123,142,121
61,173,127,-102,-33,157,-101,-64,60,109,148,137
63,173,94,-115,-45,148,-95,-75,47,128,146,121
77,183,111,-115,-36,131,-108,-70,61,141,166,117
57,200,132,-125,-34,147,-109,-81,70,135,165,150
56,215,133,-132,-22,165,-121,-92,69,153,151,133
75,185,130,-130,-38,166,-96,-90,47,170,182,139
69,204,139,-151,-58,199,-113,-75,58,165,192,163
83,196,144,-150,-28,178,-109,-78,44,158,202,155
96,233,148,-171,-31,189,-129,-97,74,158,189,163
84,243,177,-194,-43,202,-142,-96,65,182,214,165
78,270,167,-159,-46,200,-130,-98,97,183,212,170
86,240,148,-169,-52,201,-139,-110,58,201,214,174
134,250,175,-168,-29,216,-127,-72,79,192,229,204
103,267,163,-214,-30,248,-156,-94,75,215,263,189
105,262,187,-162,-37,226,-142,-114,90,222,249,166
76,273,169,-194,-66,208,-146,-105,83,217,247,205
104,298,178,-210,-43,225,-164,-114,95,231,246,212
113,273,196,-193,-39,249,-179,-110,110,242,270,221
126,321,207,-216,-55,262,-177,-120,79,215,281,194
79,311,203,-213,-46,247,-157,-118,90,241,293,226
92,317,191,-237,-57,288,-170,-149,97,226,278,241
95,335,213,-226,-52,288,-200,-124,131,269,320,228
128,352,242,-247,-48,290,-170,-143,118,256,306,235
120,352,197,-245,-37,313,-203,-141,105,270,335,239
130,355,228,-249,-48,296,-203,-130,96,276,334,258
131,347,240,-247,-59,331,-187,-167,131,293,324,240
100,387,240,-259,-61,329,-202,-136,122,287,338,263
146,382,257,-255,-41,329,-206,-133,128,287,347,286
131,382,256,-263,-58,320,-194,-165,126,284,371,273
145,410,262,-276,-79,325,-211,-149,133,308,383,260
137,400,263,-276,-53,312,-207,-179,102,318,353,311
149,416,251,-281,-58,342,-231,-181,125,321,367,299
162,412,282,-308,-52,354,-215,-170,122,303,387,311
142,411,274,-292,-49,350,-239,-171,103,336,362,318
141,424,284,-296,-55,347,-250,-182,129,345,388,306
138,427,287,-304,-57,366,-224,-193,140,332,400,302
156,442,286,-297,-54,363,-242,-191,121,323,400,303
183,449,287,-292,-61,362,-228,-181,140,338,391,322
153,449,309,-314,-75,391,-257,-182,135,340,415,326
148,465,286,-315,-71,396,-237,-171,155,351,420,321
173,464,312,-315,-71,394,-257,-174,116,334,418,325
171,480,288,-305,-62,370,-250,-184,135,343,393,318
174,489,321,-314,-89,368,-258,-187,134,332,426,331
174,482,302,-322,-75,387,-268,-191,141,374,418,298
175,475,309,-302,-65,380,-277,-198,142,351,397,339
151,470,319,-322,-83,362,-270,-201,166,376,443,338
178,457,317,-347,-93,382,-264,-196,136,348,423,315
161,472,304,-335,-86,408,-240,-180,139,361,444,345
164,488,306,-328,-63,393,-258,-179,167,362,417,319
172,466,324,-337,-63,364,-259,-185,153,364,441,328
167,488,296,-321,-69,411,-269,-162,160,358,434,336
156,479,305,-323,-64,379,-265,-204,147,362,420,338
149,466,308,-299,-76,396,-244,-202,139,365,419,347
169,460,311,-299,-73,383,-254,-186,151,362,445,326
148,464,306,-315,-62,391,-257,-169,152,345,419,323
159,460,306,-323,-57,386,-230,-183,128,341,427,337
156,458,290,-306,-64,387,-240,-185,120,349,435,293
168,461,312,-297,-69,381,-274,-194,127,325,428,319
162,468,288,-315,-80,381,-243,-156,142,333,405,315
153,456,272,-295,-77,382,-262,-187,146,363,411,321
137,441,270,-305,-49,366,-239,-178,120,312,394,293
150,420,287,-299,-70,364,-254,-169,115,337,394,287
132,435,286,-315,-50,356,-241,-179,145,330,410,328
157,424,257,-269,-74,348,-207,-170,138,309,393,304
151,417,251,-279,-67,348,-235,-163,121,319,365,284
142,396,288,-288,-65,353,-231,-154,137,294,345,295
135,411,267,-272,-56,340,-221,-153,129,293,335,270
130,393,242,-274,-60,320,-222,-131,94,280,340,269
142,363,244,-271,-58,329,-200,-138,106,271,349,268
118,354,243,-262,-56,316,-177,-140,109,271,353,240
135,358,232,-241,-46,302,-194,-125,99,273,313,255
97,348,242,-249,-54,302,-186,-153,104,263,345,253
128,362,215,-246,-60,294,-188,-142,99,264,302,273
105,349,213,-221,-63,276,-191,-149,107,258,314,239
108,363,216,-228,-52,280,-168,-134,124,255,301,241
127,342,220,-207,-56,249,-210,-138,111,241,268,234
91,314,198,-208,-75,241,-160,-130,64,243,262,198
132,300,199,-192,-35,256,-159,-106,78,224,285,220
110,299,199,-204,-38,234,-175,-110,91,214,281,209
83,279,177,-191,-61,229,-150,-111,78,203,268,187
78,281,168,-177,-51,238,-157,-104,54,208,271,184
106,294,184,-163,-25,225,-153,-131,96,179,234,191
91,238,159,-175,-49,208,-139,-100,80,209,235,174
92,258,168,-166,-26,215,-140,-116,52,184,230,178
85,239,150,-180,-47,199,-148,-82,59,171,205,144
103,239,148,-146,-45,201,-140,-79,77,166,212,176
96,247,138,-148,-32,212,-118,-111,50,167,214,162
82,226,137,-164,-37,177,-131,-79,76,166,182,118
93,205,115,-148,-40,168,-126,-84,73,170,216,151
74,214,142,-135,-22,184,-134,-98,57,167,180,131
73,187,140,-146,-33,156,-108,-79,80,172,187,154
43,190,128,-129,-27,171,-97,-87,39,154,155,125
67,163,110,-154,-37,152,-106,-64,58,143,167,121
61,149,127,-148,-24,135,-71,-73,49,116,153,147
74,170,87,-132,-26,128,-66,-64,60,133,142,115
47,151,111,-105,-5,123,-76,-77,56,108,136,98
59,158,85,-117,-28,136,-94,-68,54,103,146,118
50,149,86,-104,-21,120,-92,-65,37,111,127,104
33,156,79,-109,-19,122,-76,-34,28,110,144,98
40,134,81,-91,-35,98,-51,-82,57,101,125,80
58,131,107,-103,-18,97,-60,-40,57,95,109,109
51,114,81,-96,-20,129,-36,-49,53,95,132,79
53,122,91,-88,-12,117,-54,-49,53,67,108,92
38,107,78,-81,-35,102,-65,-28,25,91,100,105
50,112,71,-75,-22,86,-63,-28,33,61,122,91
17,93,86,-60,-23,77,-47,-59,33,76,99,101
18,91,65,-64,4,82,-32,-53,45,84,98,79
41,99,77,-82,-11,80,-76,-47,16,78,89,74
33,106,61,-64,-8,61,-55,-42,30,69,61,63
43,90,71,-53,-13,87,-53,-31,26,71,98,50
46,89,70,-83,-13,67,-61,-44,5,51,91,80
26,72,55,-59,-38,49,-47,-24,22,67,70,43
34,77,41,-43,-14,59,-48,-21,9,42,63,45
14,82,50,-60,-14,67,-31,-20,24,43,69,61
35,71,68,-30,-39,77,-44,-57,14,64,52,40
31,101,41,-55,-17,52,-29,-19,-3,71,61,19
11,49,31,-49,-7,69,-37,-47,11,50,87,43
28,89,18,-52,-16,61,-44,-26,3,47,74,64
13,66,53,-59,-26,49,-21,-36,33,50,67,52
21,64,17,-58,-5,59,-45,-33,29,40,89,42
11,72,45,-54,-16,68,-41,-39,-3,51,65,40
10,62,38,-39,-19,43,-25,-20,39,32,66,63
26,42,30,-42,-12,69,-30,-30,18,62,33,59
20,62,51,-48,-14,48,-22,-30,27,63,45,62
11,65,17,-47,-13,48,-37,-34,22,50,61,50
16,63,62,-52,-10,64,-57,-16,23,45,54,48
7,41,38,-15,5,51,-31,-4,53,38,54,61
6,64,29,-45,-13,53,-33,-20,20,37,58,38
33,49,52,-79,-3,58,-30,-9,6,58,56,34
-2,66,36,-38,8,13,-38,-21,5,9,71,49
27,64,55,-43,-14,42,-34,-24,16,56,58,54
16,56,27,-25,2,42,-45,-23,18,25,64,43
32,61,47,-24,2,60,-37,-26,20,30,43,48
24,66,52,-35,-14,39,-45,-29,2,56,56,21
26,60,46,-25,7,30,-34,-21,28,30,30,40
4,59,23,-32,14,40,-14,-10,23,32,53,46
31,52,48,-25,-12,39,-13,-22,6,38,41,44
24,55,8,-45,-1,40,-11,1,10,47,38,29
18,54,14,-27,-12,32,-35,-20,25,64,64,16
21,71,34,-37,11,46,-29,-28,-1,32,41,34
20,66,41,-48,-22,48,-34,-9,9,15,58,61
17,47,24,-48,-18,44,-7,-36,28,50,58,49
29,44,46,-52,-11,49,-37,-21,26,27,53,48
6,57,46,-22,-4,62,-44,-17,33,52,40,42
29,52,51,-27,-10,31,-35,-35,3,43,43,55
6,57,34,-28,-17,64,-55,-14,36,20,52,39
10,48,30,-24,-16,27,-33,-11,29,37,54,53
27,33,15,-38,5,42,-27,-20,39,44,57,35
29,62,47,-5,-10,30,-16,-15,2,40,35,46
23,47,33,-32,-9,41,-27,-24,5,41,49,31
2,46,19,-35,-10,56,-33,-21,13,22,38,35
9,43,47,-36,-9,52,-27,-27,-1,20,44,28
26,68,32,-37,-2,61,-36,-22,22,26,24,36
34,74,43,-48,-4,48,-45,-31,19,42,52,52
18,39,31,-34,-14,23,3,-13,10,64,28,44
18,49,25,-27,-7,51,-23,-31,44,41,68,19
-9,52,49,-56,-20,35,-1,-26,33,52,53,39
12,45,22,-49,-19,32,-26,-30,29,47,60,34
40,63,61,-45,8,43,-24,13,5,36,69,33
31,68,38,-46,1,47,-49,-21,6,49,46,25
2,70,16,-37,5,57,-23,-15,8,39,48,30
23,51,24,-26,-3,52,-36,-32,18,28,54,29
7,61,30,-44,8,43,-60,-23,12,16,37,45
27,67,40,-47,-16,51,-3,-34,17,30,47,34
9,73,27,-30,-18,34,-26,-2,5,44,36,30
20,70,56,-34,-2,44,-32,-13,21,36,39,21
25,59,45,-9,-25,64,-32,-12,11,34,52,34
20,53,44,-35,9,39,-50,-23,35,43,56,60
11,53,60,-44,6,49,-36,-20,20,47,31,20
18,67,29,-55,10,19,-39,-33,17,35,48,43
20,47,38,-52,-5,34,-44,10,-5,57,63,56
6,64,46,-24,-12,49,-24,-26,23,35,54,46
19,58,45,-31,-16,50,-42,-20,38,50,68,44
31,47,51,-61,-7,45,-37,-40,18,41,70,55
15,75,46,-45,21,84,-22,-27,4,37,61,37
34,44,26,-29,16,61,-47,-28,13,47,69,53
24,54,50,-44,-21,53,-37,-10,13,44,45,36
24,56,36,-53,-1,39,-25,-31,34,29,48,49
15,66,37,-18,-3,32,-37,-38,25,25,55,10
25,36,37,-40,-12,50,-48,-23,16,52,51,43
7,61,3,-39,-16,48,-18,-36,6,42,64,39
18,68,45,-27,-7,54,-27,-30,37,45,55,39
8,53,50,-42,-21,37,-8,-23,18,60,49,44
14,54,12,-38,-2,55,-47,-28,16,60,41,31
35,44,39,-48,-21,30,-50,-13,11,69,69,18
12,59,45,-34,-28,51,-22,-14,34,47,35,38
24,51,37,-35,-18,61,-23,-16,7,31,60,48
24,52,42,-32,-5,60,-21,-47,7,52,57,32
19,51,39,-22,-10,34,-41,-14,16,24,62,65
20,38,30,-56,-13,69,-33,-13,24,57,66,40
35,65,42,-52,1,41,-38,-20,27,41,48,52
9,61,56,-41,0,37,-12,-12,19,47,66,45
6,54,47,-42,1,33,-26,-10,28,53,55,42
32,52,31,-64,-9,55,-42,-17,13,52,76,48
18,50,59,-33,-23,40,-33,-29,5,32,60,51
51,63,26,-45,-17,61,-23,-16,31,44,42,26
25,61,42,-46,-10,44,-35,-29,24,42,56,60
31,55,18,-60,-17,45,-46,-8,28,42,40,30
7,59,15,-51,-22,44,-26,-45,12,36,84,28
24,73,48,-64,-22,67,-38,2,23,78,49,64
27,62,30,-48,8,50,-20,-34,11,19,31,44
20,61,30,-55,-19,74,-29,-28,7,48,43,30
32,76,47,-26,-19,44,-35,-15,33,67,39,44
6,76,52,-38,-27,53,-42,-30,25,16,47,41
14,60,50,-49,-12,37,-49,-12,30,29,68,58
53,45,73,-31,3,66,-41,-24,14,44,59,52
47,72,12,-38,-14,51,-42,-35,21,51,57,48
34,47,17,-32,-18,53,-24,-39,31,57,58,39
12,72,32,-61,-3,46,-28,-29,-6,55,54,49
19,77,41,-38,-10,47,-46,-18,40,45,59,31
7,61,35,-63,-5,60,-21,-20,35,13,65,34
28,67,25,-43,5,58,-31,-23,34,48,63,23
28,59,43,-52,-14,64,-6,-18,21,49,69,50
47,79,39,-38,-4,53,-36,-22,12,49,66,38
20,50,50,-39,-1,43,-22,-18,33,52,44,62
27,69,30,-48,-1,48,-46,-38,15,54,54,46
26,57,51,-42,8,61,-51,-25,23,41,66,59
9,68,31,-56,-7,51,-24,-9,0,70,57,53
21,49,59,-42,18,63,-20,-3,17,68,70,31
39,65,56,-66,-6,69,-36,-28,31,22,50,61
32,75,40,-28,-23,48,-52,-29,28,57,48,34
31,69,39,-46,-10,59,-31,-19,2,52,47,45
18,61,53,-48,-24,54,-36,-26,22,45,58,46
18,75,44,-62,-12,53,-30,-37,37,43,80,40
29,58,53,-49,-11,43,-43,-52,16,57,73,44
25,73,60,-50,-19,73,-24,-31,36,66,77,54
16,72,58,-59,-34,44,-57,-54,36,70,89,74
14,96,40,-55,-9,77,-30,-33,16,72,51,55
38,68,35,-49,-5,78,-40,-51,43,49,53,90
37,72,56,-55,-4,63,-36,-6,12,75,60,59
9,90,61,-43,20,70,-41,-21,-9,60,63,55
51,67,77,-58,-26,82,-45,-19,9,58,66,65
32,78,55,-70,3,89,-60,-49,30,63,74,72
22,102,49,-60,-29,66,-57,-25,27,64,74,57
27,75,47,-37,-17,85,-54,-27,18,48,76,61
35,86,60,-50,-13,79,-57,-39,32,82,89,85
44,97,50,-58,-15,76,-38,-35,27,87,89,49
38,98,56,-61,-30,89,-40,-47,25,79,80,63
31,115,74,-57,-10,73,-59,-40,14,83,82,96
41,121,75,-82,-3,91,-61,-34,50,88,104,70
29,110,85,-68,-32,104,-75,-53,26,96,109,91
23,88,67,-81,-22,104,-59,-65,45,117,107,89
43,114,95,-92,-32,94,-81,-30,46,107,113,77
60,130,91,-79,-20,124,-85,-43,46,85,135,102
50,130,82,-86,-24,131,-84,-82,52,103,117,118
33,160,97,-96,-9,115,-68,-40,54,106,127,104
69,140,85,-97,-26,105,-77,-40,31,111,120,128
48,171,105,-111,-22,143,-74,-57,26,130,146,110
69,148,99,-99,-24,150,-90,-77,54,119,152,117
59,175,113,-114,-37,156,-84,-62,29,117,160,119
91,174,105,-110,-13,141,-103,-61,73,133,167,135
53,188,128,-107,-32,153,-105,-50,54,147,172,152
81,208,139,-114,-35,174,-103,-72,72,147,176,143
65,211,138,-163,-43,178,-108,-97,61,166,174,155
40,229,157,-142,-39,187,-121,-92,63,157,205,153
79,225,142,-153,-40,186,-117,-69,81,177,190,172
77,236,160,-154,-38,195,-160,-111,85,165,214,178
108,247,163,-172,-39,220,-146,-101,61,180,218,179
97,250,162,-174,-34,222,-145,-86,81,194,228,175
90,272,158,-161,-43,213,-162,-111,87,172,232,193
95,289,160,-182,-38,222,-178,-106,76,215,242,187
91,289,181,-196,-30,229,-171,-119,86,196,235,175
88,277,211,-209,-67,255,-163,-85,97,211,265,195
103,301,184,-188,-35,241,-165,-121,83,229,261,194
94,293,206,-217,-40,250,-173,-115,100,232,273,199
107,317,210,-220,-62,243,-174,-112,70,234,287,184
107,314,220,-222,-52,257,-175,-137,106,240,281,219
110,329,208,-230,-40,282,-173,-142,91,245,282,230
122,345,206,-219,-38,268,-196,-151,98,234,293,243
118,334,210,-242,-61,278,-174,-116,77,248,291,243
109,355,210,-227,-72,281,-193,-109,108,262,305,231
123,314,207,-251,-52,273,-193,-138,126,281,281,209
112,334,218,-225,-56,271,-172,-117,108,264,305,231
103,325,214,-221,-54,286,-197,-119,99,255,296,216
109,343,218,-236,-37,291,-208,-175,102,239,280,247
108,337,212,-249,-39,307,-185,-121,91,238,302,229
110,341,206,-228,-68,282,-180,-127,125,268,310,249
115,351,230,-226,-48,290,-191,-140,82,250,329,254
114,342,203,-231,-56,290,-150,-139,103,254,306,256
103,323,213,-230,-60,279,-182,-145,103,255,295,226
90,338,224,-247,-53,255,-175,-120,85,248,305,226
123,320,229,-233,-39,262,-196,-126,97,246,281,199
96,314,187,-213,-46,272,-155,-123,86,239,295,224
121,307,190,-218,-23,262,-165,-137,75,236,288,211
110,317,174,-206,-62,247,-142,-123,75,219,289,214
96,310,221,-195,-23,225,-176,-139,90,219,276,183
105,282,173,-199,-34,227,-162,-111,87,219,252,202
105,279,161,-187,-46,242,-167,-121,107,209,275,194
82,241,174,-154,-38,242,-160,-100,74,202,246,205
99,263,165,-189,-39,226,-147,-100,78,206,233,172
88,247,174,-185,-33,226,-144,-94,72,190,228,181
74,244,193,-168,-21,217,-137,-89,72,203,253,164
80,253,155,-165,-54,208,-156,-109,61,186,209,162
69,246,151,-165,-25,184,-121,-83,60,169,217,173
48,215,136,-167,-22,201,-122,-82,65,169,209,144
49,213,118,-154,-35,198,-130,-87,78,164,200,139
71,200,121,-144,-52,153,-117,-61,78,155,174,142
83,195,112,-119,-43,137,-113,-76,68,157,177,169
57,206,124,-121,-28,153,-105,-86,68,131,202,148
69,187,104,-134,-26,149,-83,-90,52,171,174,118
58,166,106,-126,-38,139,-90,-65,70,130,145,112
60,164,100,-129,-45,120,-95,-47,66,114,166,99
72,145,110,-91,-14,123,-71,-60,49,134,144,119
54,168,97,-99,-18,146,-94,-56,26,112,136,125
23,166,110,-107,-10,119,-78,-68,28,111,132,82
29,135,83,-87,-2,120,-83,-58,46,84,127,102
32,145,74,-112,-12,127,-97,-56,24,87,117,100
58,135,57,-93,-5,108,-70,-36,43,79,138,110
33,111,89,-83,-7,104,-69,-29,24,129,119,92
41,121,80,-44,-16,100,-78,-49,37,93,85,78
36,91,69,-89,-23,86,-62,-66,25,75,105,66
31,100,56,-71,4,75,-82,-31,40,77,116,67
36,93,75,-88,-51,88,-37,-57,40,61,88,66
45,100,63,-71,-2,94,-46,-29,31,88,74,96
43,120,72,-72,-12,63,-37,-25,8,68,85,76
33,87,57,-36,-13,80,-38,-42,28,57,81,63
51,117,60,-50,-15,88,-51,-33,12,63,70,56
43,79,74,-58,-22,88,-45,-30,22,92,52,35
37,75,68,-41,-7,72,-27,-52,44,43,80,50
21,70,48,-60,-3,61,-26,-50,18,74,81,31
17,83,74,-77,-12,53,-56,-30,24,75,77,69
37,64,26,-33,6,54,-42,-50,8,67,77,67
30,95,54,-59,-21,51,-39,-22,26,51,61,57
33,59,50,-57,9,73,-25,-23,15,56,78,45
19,72,26,-66,-23,54,-52,-42,19,47,73,55
23,66,32,-67,-8,34,-42,-41,15,65,42,31
27,68,35,-59,-26,66,-30,-1,43,41,64,43
7,55,44,-30,-1,68,-26,-29,21,45,49,42
12,49,15,-43,-13,64,0,-21,23,24,52,44
8,43,11,-38,4,44,-16,-6,25,40,30,16
17,39,20,-31,-5,40,-36,-7,0,45,54,16
-3,41,22,-25,-16,24,-2,-29,8,18,12,35
6,16,-4,-11,10,15,-1,-25,-27,15,26,1
-15,-2,17,5,-3,-5,-6,3,-2,17,-11,-15
-4,-22,-18,11,-14,-21,6,20,1,-16,-12,4
-19,-27,-19,1,16,-41,35,5,-20,-29,-7,-17
-29,-51,-28,28,6,-53,-10,26,-15,-40,-34,-38
-12,-61,-46,37,28,-56,24,28,-9,-47,-47,-43
-28,-64,-58,31,13,-64,40,34,-20,-46,-70,-45
-33,-93,-15,48,12,-53,23,31,-11,-62,-72,-55
-46,-77,-54,40,-13,-63,60,42,-15,-52,-80,-71
-25,-88,-64,65,-8,-81,48,22,-41,-59,-59,-52
-28,-89,-75,60,4,-46,52,25,-31,-64,-84,-59
-37,-54,-68,58,14,-70,37,14,-26,-48,-56,-51
-11,-47,-51,57,-8,-53,6,25,-6,-39,-64,-57
-19,-64,0,25,-4,-33,32,11,12,-6,-17,-39
-5,-21,2,-4,8,-7,14,19,-30,-21,4,-17
18,37,24,-37,4,31,-5,-12,29,22,40,15
9,91,62,-84,-22,59,-51,-63,25,66,84,49
37,144,87,-96,-25,111,-67,-65,29,114,101,91
80,217,156,-151,-44,179,-101,-90,33,170,177,138
100,298,173,-205,-41,242,-162,-126,69,216,278,198
136,396,250,-250,-38,298,-201,-142,119,299,333,258
165,460,307,-316,-74,413,-236,-181,136,368,434,350
205,569,356,-382,-95,472,-331,-239,169,427,511,402
247,669,454,-465,-111,569,-372,-272,200,500,621,466
243,770,496,-511,-108,617,-407,-298,224,566,697,540
327,871,551,-582,-130,726,-473,-365,264,645,791,614
333,961,616,-646,-154,774,-504,-366,265,716,872,660
355,1044,660,-697,-136,843,-594,-421,291,756,923,728
379,1097,689,-727,-188,901,-596,-419,327,807,982,768
398,1114,755,-758,-157,921,-617,-455,330,849,1005,792
395,1152,733,-777,-172,950,-634,-446,334,862,1025,784
384,1155,724,-756,-153,942,-640,-458,342,836,1013,810
400,1107,714,-721,-161,914,-595,-442,352,836,989,786
370,1066,689,-741,-156,888,-571,-426,323,804,960,755
355,1012,664,-666,-154,824,-563,-404,316,747,898,712
343,921,580,-635,-148,763,-517,-387,267,712,834,667
312,830,541,-580,-146,712,-451,-328,258,646,761,587
250,741,478,-516,-100,635,-429,-300,226,566,670,523
237,642,429,-445,-111,509,-346,-247,195,461,574,419
193,538,356,-388,-70,447,-307,-202,148,414,488,379
152,427,277,-290,-42,315,-226,-152,134,330,362,295
122,303,222,-215,-23,267,-155,-132,107,234,299,222
79,218,166,-176,-49,181,-106,-116,69,185,214,159
57,128,89,-89,1,97,-58,-59,32,80,134,79
18,66,42,-45,-12,41,-28,-23,0,47,57,36
-10,-13,-5,-6,-10,6,-16,-12,-8,7,1,-10
-27,-78,-46,59,3,-51,16,21,-19,-43,-68,-50
-42,-111,-85,75,8,-94,65,42,-40,-96,-103,-69
-71,-165,-89,102,36,-127,73,73,-49,-133,-148,-98
-75,-187,-139,120,12,-153,129,74,-21,-119,-169,-130
-78,-174,-141,125,35,-162,75,78,-52,-128,-185,-163
-54,-183,-116,134,40,-173,99,72,-72,-148,-207,-143
-81,-194,-141,148,44,-141,115,94,-73,-156,-180,-113
-68,-192,-124,127,31,-145,84,87,-56,-154,-144,-130
-67,-204,-134,105,26,-152,80,63,-46,-140,-165,-134
-38,-165,-103,108,3,-123,80,63,-29,-122,-138,-118
-50,-113,-103,76,16,-117,77,65,-29,-116,-111,-88
-37,-122,-52,106,28,-86,89,48,-46,-101,-100,-131
-18,-64,-62,64,24,-58,45,3,-8,-74,-82,-64
-43,-83,-38,37,21,-52,38,31,-27,-47,-49,-51
-9,-47,-25,53,6,-34,15,15,-9,-50,-45,-44
-17,-32,-10,28,13,-35,6,7,-13,-28,-31,-26
10,-14,-16,13,-8,12,-12,-28,-4,-15,-16,12
-11,23,-2,-10,-1,-6,18,-4,1,-17,11,-2
-2,4,-5,-22,13,19,-22,-15,-1,32,9,-4
16,11,22,-8,15,24,5,-21,22,28,32,1
0,42,33,-15,-20,28,-28,6,17,16,35,19
9,31,23,-26,-23,26,-45,-21,13,37,39,6
23,33,12,-26,-18,29,-10,-18,26,45,55,49
22,37,34,-43,-13,36,-43,-45,26,28,52,32
29,60,49,-18,-8,60,-28,-21,21,40,75,40
17,64,53,-42,-15,39,-27,-39,6,53,72,49
25,35,28,-36,-12,40,-32,-9,23,62,33,47
28,74,30,-25,-19,76,-44,-14,11,50,54,48
17,70,50,-81,-20,50,-37,-24,17,64,61,45
15,68,33,-59,-18,60,-34,-48,23,73,59,42
14,77,64,-38,4,56,-24,-15,-6,47,80,41
17,58,52,-52,-5,68,-49,-17,20,52,63,38
17,61,34,-75,-18,86,-36,-21,9,53,71,54
18,62,45,-34,8,59,-44,-43,30,39,90,44
39,60,43,-42,13,53,-51,-32,30,55,67,57
35,90,44,-37,-14,63,-34,-33,16,36,78,68
-2,76,49,-63,-20,44,-51,-44,24,65,51,49
38,82,78,-45,-23,40,-56,-24,22,55,59,61
30,82,60,-59,-15,61,-31,-34,-7,53,65,36
29,82,51,-59,-19,67,-43,-36,15,63,58,56
39,84,64,-59,-12,70,-34,-24,34,69,47,86
31,81,76,-80,-26,66,-55,2,19,79,90,74
42,88,57,-57,-8,71,-42,-36,12,70,106,73
18,93,46,-60,-24,62,-62,-25,18,75,66,60
51,86,55,-64,8,66,-28,-38,8,70,75,51
34,119,51,-51,-13,84,-40,-43,46,70,91,69
23,85,82,-60,-36,65,-47,-40,52,72,81,62
37,108,56,-67,-16,97,-56,-22,46,103,82,76
8,127,37,-59,-44,100,-66,-51,23,58,108,68
48,93,89,-98,-14,93,-64,-52,44,100,95,60
30,113,68,-85,-13,100,-37,-61,7,111,113,72
47,116,70,-75,-27,83,-59,-43,43,92,96,81
49,116,83,-78,-34,127,-80,-60,10,103,96,82
44,135,87,-91,-4,101,-74,-57,34,103,107,94
53,122,79,-86,-3,103,-70,-58,33,97,102,87
35,113,91,-90,-3,109,-57,-46,49,112,131,89
40,144,97,-97,-37,131,-76,-47,30,109,123,105
55,150,90,-91,-18,119,-77,-68,44,116,115,100
45,130,94,-129,-13,124,-80,-58,47,106,139,107
54,175,98,-96,-23,115,-76,-55,71,113,147,112
38,154,111,-105,-13,136,-89,-82,67,122,161,125
73,194,100,-104,-51,159,-76,-82,42,145,159,124
59,168,116,-128,-26,168,-75,-64,45,141,157,116
47,201,89,-140,-12,137,-89,-66,68,132,158,133
47,191,129,-124,-37,158,-101,-69,71,146,143,133
65,212,131,-139,-27,189,-106,-76,67,141,185,136
68,209,129,-151,-30,190,-107,-83,47,169,185,124
68,209,99,-143,-24,189,-119,-76,66,148,190,142
78,215,150,-149,-44,173,-134,-83,65,159,220,180
