I,II,III,aVR,aVL,aVF,V1,V2,V3,V4,V5,V6
345,979,671,-677,-162,810,-528,-387,297,737,881,692
340,962,648,-661,-141,798,-543,-389,312,734,895,679
324,918,574,-657,-123,775,-506,-357,280,694,856,640
313,848,559,-590,-117,718,-451,-344,239,637,797,594
267,756,501,-519,-113,629,-414,-306,228,584,711,531
219,659,432,-454,-108,551,-373,-263,194,504,594,450
192,536,328,-358,-82,438,-291,-213,171,410,484,377
141,422,262,-287,-74,359,-226,-141,149,305,361,285
113,283,196,-188,-27,232,-158,-119,97,228,261,216
52,184,124,-127,-28,134,-104,-74,49,139,158,135
28,57,34,-55,-18,55,-35,-39,12,61,84,52
-2,-25,-28,-21,-11,-24,22,5,25,-32,-10,-6
-37,-89,-86,75,15,-67,43,39,-31,-93,-86,-87
-63,-184,-109,120,37,-129,107,45,-57,-139,-161,-143
-90,-218,-137,167,38,-196,101,94,-71,-195,-210,-199
-94,-253,-164,167,46,-219,159,104,-71,-216,-244,-186
-106,-282,-196,203,44,-247,161,132,-117,-214,-246,-194
-115,-304,-200,204,39,-260,160,129,-99,-228,-277,-230
-134,-307,-188,210,32,-229,157,140,-95,-233,-288,-206
-107,-289,-188,218,66,-238,156,119,-98,-241,-263,-226
-82,-297,-192,215,23,-230,167,105,-96,-219,-254,-205
-78,-288,-155,175,28,-227,131,109,-70,-201,-225,-185
-80,-251,-153,172,43,-209,110,108,-55,-168,-233,-173
-69,-223,-141,133,56,-188,134,84,-70,-173,-193,-155
-92,-157,-123,137,44,-149,113,81,-59,-136,-165,-132
-51,-162,-123,84,33,-127,89,71,-58,-120,-161,-107
-38,-151,-76,78,3,-143,57,52,-39,-100,-123,-96
-45,-135,-76,83,29,-97,28,40,-45,-76,-120,-90
-35,-103,-78,82,25,-96,48,41,-22,-75,-95,-60
-37,-97,-50,70,24,-85,33,50,-13,-91,-107,-72
-30,-72,-50,43,1,-72,57,11,-22,-51,-88,-70
-36,-78,-23,47,17,-65,23,42,-22,-36,-59,-32
-29,-54,-21,44,21,-35,40,9,-9,-45,-62,-24
-28,-67,-38,31,0,-48,34,14,-9,-28,-39,-62
-36,-50,-26,41,4,-40,16,5,-20,-32,-28,-43
-13,-35,-19,39,-13,-18,44,1,-22,-36,-30,-7
-4,-30,-40,5,-5,-25,38,27,-8,-27,-47,-16
2,-40,-9,23,11,-33,0,9,6,-36,-46,-15
28,-26,-37,40,-3,-53,3,24,-7,-29,-21,-30
-1,-13,-51,26,-1,-17,11,-11,-29,-26,-13,-37
-16,-23,-13,-2,2,-13,-4,11,-9,1,-36,-12
-25,-29,-20,-19,1,-28,0,4,-26,-26,-19,3
-4,-30,-21,18,9,-6,1,-16,-3,14,-7,-25
-1,-27,-14,16,1,-21,-18,37,2,-6,-10,-19
-22,-10,1,1,17,3,16,-9,5,-18,-15,2
-7,-1,-13,22,5,0,0,-8,-2,-23,9,-5
10,-15,3,2,1,-13,5,-3,-6,-24,-4,0
-6,-6,-3,-13,16,18,-9,10,-13,-6,-2,27
6,14,1,-23,-12,27,-5,-21,-9,-16,20,-2
2,9,13,-7,-2,9,-13,-14,20,2,6,8
-9,21,31,-17,-14,-4,-23,5,4,2,6,34
-3,8,15,-16,-10,4,-44,-8,12,14,27,24
-9,9,22,-19,-2,2,-9,-5,11,3,18,25
18,51,25,5,-14,23,-18,-9,30,45,60,40
20,38,32,-24,-9,55,-38,-14,29,36,45,25
26,40,35,-55,-21,37,-29,-24,27,13,61,34
13,70,16,-35,-3,31,-9,-23,4,41,44,26
18,92,47,-58,-7,38,-38,-24,26,51,48,57
25,78,45,-74,2,54,-54,-30,22,61,63,42
30,80,45,-78,-15,79,-40,-23,49,48,66,41
35,84,44,-63,-6,86,-67,-35,16,66,78,57
42,70,41,-70,-28,78,-42,-44,11,69,89,61
29,127,90,-89,-22,85,-58,-54,33,91,98,81
47,121,94,-82,-17,89,-73,-43,0,87,81,93
55,127,84,-84,-8,107,-42,-28,29,118,97,82
40,129,69,-94,-25,124,-65,-85,38,94,128,91
59,141,96,-89,-14,111,-92,-81,58,97,121,99
52,170,109,-85,-26,124,-98,-70,52,108,142,108
46,156,93,-115,-28,144,-102,-85,68,123,155,119
50,180,124,-115,-45,142,-82,-61,46,139,167,130
67,187,109,-126,-24,145,-93,-85,84,141,175,144
73,193,127,-141,-27,179,-99,-90,49,134,165,138
77,211,141,-137,-5,167,-109,-70,71,182,189,153
70,201,124,-151,-32,183,-119,-78,72,156,191,152
90,229,164,-160,-31,174,-115,-77,86,178,209,146
88,236,158,-167,-32,185,-133,-98,64,176,201,158
67,249,181,-160,-48,215,-131,-101,86,182,230,164
91,261,183,-190,-23,208,-147,-95,75,173,239,192
78,249,198,-156,-35,206,-132,-103,88,219,231,184
96,275,169,-214,-56,247,-140,-116,68,197,252,186
91,279,201,-183,-13,238,-162,-94,94,213,252,215
101,273,189,-202,-33,257,-166,-84,97,215,259,215
102,300,193,-204,-38,248,-148,-117,81,239,270,196
105,311,184,-191,-66,282,-159,-119,82,216,259,226
116,327,192,-205,-38,255,-174,-136,96,220,290,252
128,326,206,-221,-53,267,-172,-116,114,227,287,202
117,336,224,-232,-67,262,-185,-119,89,266,292,206
111,337,219,-240,-55,267,-187,-124,81,262,296,231
120,335,223,-218,-42,286,-191,-138,115,269,278,247
111,323,228,-246,-54,280,-191,-150,89,268,302,237
119,347,235,-257,-64,285,-202,-159,100,266,307,248
131,363,234,-216,-44,295,-193,-164,110,262,330,246
125,366,232,-255,-82,297,-200,-161,107,269,309,248
122,366,219,-271,-69,291,-209,-165,116,280,323,246
147,368,240,-237,-54,306,-193,-123,131,276,345,262
126,376,238,-283,-28,291,-189,-126,113,260,316,254
128,369,261,-241,-62,323,-216,-162,121,269,326,242
135,357,242,-258,-60,301,-206,-133,108,260,336,240
118,361,259,-247,-70,296,-200,-140,115,276,325,236
154,378,214,-246,-29,303,-205,-153,123,278,339,273
137,352,226,-280,-61,290,-210,-129,85,272,333,240
115,345,254,-237,-55,314,-195,-157,105,253,312,260
116,350,218,-255,-50,290,-179,-140,103,274,334,264
135,349,229,-259,-54,303,-190,-150,103,277,334,252
111,354,227,-228,-48,318,-197,-137,90,268,307,246
126,337,228,-219,-44,307,-187,-146,120,289,327,245
133,342,204,-242,-58,261,-189,-148,106,242,298,214
102,352,212,-236,-58,257,-199,-133,90,251,311,231
121,326,211,-230,-50,250,-178,-126,97,233,296,230
108,336,196,-223,-33,274,-184,-134,112,233,278,228
115,318,202,-210,-54,258,-185,-133,103,249,282,221
101,301,193,-211,-67,235,-158,-134,72,219,294,216
84,281,180,-195,-37,227,-162,-126,101,202,296,212
106,287,186,-211,-54,268,-163,-106,91,226,254,205
109,256,177,-202,-68,225,-156,-98,96,217,256,201
120,243,186,-187,-26,228,-162,-106,85,202,217,159
88,232,167,-165,-51,230,-154,-117,93,192,229,161
79,265,161,-144,-39,219,-163,-113,71,189,229,173
77,233,148,-161,-52,194,-148,-116,97,178,220,174
75,230,134,-167,-40,197,-112,-110,52,180,197,159
83,222,137,-158,-24,171,-147,-91,69,194,210,154
89,197,154,-157,-36,154,-116,-85,59,159,174,164
72,191,138,-153,-37,155,-127,-78,50,145,180,133
72,201,132,-119,-22,148,-77,-81,33,125,181,147
64,169,125,-103,-43,146,-114,-69,58,124,159,106
65,169,123,-96,-18,118,-62,-58,36,126,176,133
62,161,91,-100,-20,150,-98,-53,53,112,146,110
26,156,95,-96,-29,128,-82,-36,49,112,145,107
61,133,67,-108,-7,121,-69,-41,38,102,149,105
53,123,93,-85,5,116,-72,-54,38,105,112,102
39,147,72,-94,-22,99,-75,-40,24,123,77,81
47,104,80,-52,-6,97,-47,-28,26,81,107,72
20,95,63,-62,-25,61,-65,-31,40,73,101,86
31,75,76,-68,-3,77,-52,-63,23,61,80,60
23,76,62,-42,2,73,-36,-41,19,61,46,52
28,70,45,-53,-2,58,-39,-21,28,47,42,56
32,51,49,-66,-26,69,-43,-12,-7,43,82,51
8,48,18,-33,-15,26,-38,-27,30,37,78,6
27,48,14,-38,-24,34,-16,-13,10,37,38,26
-6,29,38,-44,-3,24,-22,-5,-1,31,36,29
29,34,31,-33,-21,26,-34,-21,2,30,43,13
-5,30,18,-21,-9,30,-10,-20,-10,32,37,32
-14,37,17,-3,-8,15,-14,13,24,24,19,5
-19,18,19,-5,2,-1,7,1,10,2,16,25
-17,10,5,-2,-7,-10,-5,11,18,18,28,10
-34,20,1,36,-12,-5,-6,22,4,11,7,-19
-5,10,2,-3,-10,-3,-7,7,18,9,-23,6
-21,18,-3,-2,2,-9,7,26,10,-17,-10,-18
18,-13,-2,0,8,-12,24,6,-12,-5,-5,-28
9,-31,-11,6,30,-4,18,11,-5,-8,-22,-21
3,-16,-18,-11,0,-10,18,8,-15,-5,-16,-15
18,-36,-23,14,-30,-10,21,-3,-13,-1,-34,-14
24,-39,-22,17,5,-23,6,19,2,-16,-28,-2
0,-22,-17,34,-6,-23,6,-4,-20,-7,-24,-8
-27,-66,-16,41,11,-42,28,11,-3,-18,-21,-31
-8,-55,-26,15,13,-32,29,3,-40,-33,-25,-30
21,-33,-23,15,19,-29,29,-11,-1,-10,-16,-47
-33,-41,-16,18,7,-41,26,35,-15,-27,-45,-16
-6,-22,-28,46,-8,-35,21,31,-22,-42,-23,-36
-25,-33,-53,22,-14,-38,16,0,-17,-48,-25,-25
-37,-52,-49,38,16,-33,21,25,-8,-35,-39,-17
-22,-42,-24,16,-12,-34,21,20,-16,-55,-53,-8
-41,-50,-23,15,4,-60,17,24,-18,-12,-53,-45
-10,-58,-37,21,11,-27,37,37,-30,-50,-39,-13
-9,-12,-46,32,30,-25,15,15,-35,-38,-34,-46
13,-44,-16,20,23,-40,39,19,-21,-30,-33,-36
-31,-50,-31,63,8,-38,34,53,-17,-40,-64,-30
-23,-53,-16,47,17,-36,20,14,-4,-34,-31,-24
-26,-30,-27,30,4,-58,17,35,-19,-38,-35,-51
-40,-53,-21,30,44,-55,32,18,-46,-35,-55,-35
-13,-44,-45,13,19,-42,36,24,-6,-33,-58,-52
-17,-72,-37,46,-7,-39,29,30,-9,-51,-26,-26
-24,-54,-5,37,3,-36,4,28,-41,-50,-49,-35
-5,-57,-25,36,-4,-30,30,38,-31,-29,-55,-29
-5,-55,-40,24,9,-25,29,18,-25,-41,-38,-12
-29,-57,-19,44,-2,-44,23,24,-31,-66,-13,-22
-27,-57,-12,43,8,-41,38,15,-18,-43,-59,-33
-27,-47,-40,19,7,-58,17,24,-14,-37,-44,-36
2,-69,-47,13,4,-60,48,34,-5,-52,-59,-23
-33,-42,-40,32,-4,-78,23,48,-24,-44,-46,-37
-27,-40,-9,43,12,-53,20,30,-13,-54,-54,-34
-27,-40,-32,39,10,-53,-1,11,-37,-33,-43,-53
-30,-53,-43,52,6,-49,51,31,17,-40,-56,-38
-20,-39,-36,30,22,-50,41,11,-23,-39,-63,-17
2,-59,-45,22,27,-51,35,17,-19,-44,-48,-42
-18,-54,-15,39,-16,-36,29,19,-31,-54,-49,-43
-29,-44,-52,23,-10,-65,37,37,-35,-55,-16,-35
-31,-45,-46,16,4,-55,7,21,-7,-27,-61,-25
-13,-60,-40,21,5,-50,13,26,9,-52,-42,-39
-2,-58,-33,42,-1,-38,10,2,5,-25,-27,-16
-44,-66,-11,18,23,-49,33,13,-4,-42,-33,-47
-10,-28,-20,29,-13,-32,43,-3,-4,-44,-24,-29
-13,-44,-20,31,-2,-43,20,25,-12,-38,-50,-30
-25,-21,-28,36,19,-51,30,14,-14,-41,-34,-37
-13,-51,-12,52,17,-37,31,10,-30,-7,-30,-39
-14,-28,-37,13,-5,-55,25,31,-10,-35,-37,-28
-19,-50,-28,36,5,-57,41,11,-2,-27,-33,-42
-12,-39,-32,37,7,-23,29,33,-3,-29,-21,-29
-22,-41,-16,23,-10,-39,20,15,-27,-37,-51,-40
-11,-58,-33,24,9,-50,20,5,-18,-15,-59,-36
-14,-32,-31,31,26,-36,1,15,-6,-27,-25,-36
0,-49,-30,29,-23,-33,30,-2,-34,-40,-28,-7
-6,-30,-7,29,14,-23,27,31,-8,-12,-31,-16
-10,-8,-25,-5,-9,-17,40,0,-4,-17,-57,-34
-17,-44,-34,7,-2,-24,30,-2,0,-22,-25,4
1,-5,-17,16,-5,-43,30,6,-31,-4,-14,-2
-8,-28,-15,9,16,-33,14,14,-8,-18,-22,-6
-12,-32,-13,27,0,-12,37,30,-1,-42,-23,-10
2,-25,-27,21,-11,-12,16,8,-5,-16,-15,-6
-20,-6,-15,8,1,-13,7,12,-5,-10,9,-8
-2,-35,-4,19,-4,1,3,-11,-16,-25,-13,-11
-23,-19,-3,38,-3,6,24,-14,-9,5,-17,6
2,-30,-10,-6,12,-5,6,3,-16,-2,-7,-10
11,-26,11,5,13,-13,-1,-7,5,1,1,-4
7,-7,-6,-6,23,0,-6,17,-9,1,12,3
16,10,7,-26,-8,-2,-26,-18,-10,-5,17,18
7,17,27,-11,-14,-5,-20,-27,-6,27,44,14
24,16,23,-22,10,21,-25,-11,6,7,12,9
-8,30,35,-35,4,41,-5,-29,3,15,32,14
37,63,34,-31,-19,49,-6,-6,8,1,37,18
26,40,33,-36,1,29,-25,-35,20,19,45,26
38,72,23,-21,-12,38,-9,-49,18,55,50,28
34,68,19,-48,-11,54,-27,-35,22,45,58,58
15,78,44,-62,-5,74,-45,-34,15,73,67,37
36,70,52,-51,-8,66,-30,-33,25,63,68,75
33,112,52,-53,-25,65,-64,-30,37,60,94,64
38,96,85,-67,-24,96,-61,-37,21,78,75,59
35,117,80,-86,-22,106,-53,-38,42,92,89,62
45,134,78,-73,-29,90,-76,-29,43,108,94,77
41,144,77,-98,-18,112,-83,-43,50,104,128,97
47,156,113,-91,0,108,-78,-54,46,128,137,96
64,178,109,-120,-2,132,-113,-65,33,132,147,124
63,162,117,-110,-15,114,-90,-75,41,127,161,113
74,179,99,-117,-37,161,-93,-70,54,124,154,138
56,212,117,-126,-25,145,-91,-70,69,129,167,132
70,189,139,-136,-26,162,-102,-57,39,155,171,143
85,189,129,-142,-24,167,-112,-81,65,173,188,130
80,204,153,-127,-31,171,-106,-93,66,153,193,145
112,225,127,-129,-27,193,-124,-87,63,176,199,156
102,200,134,-152,-35,157,-118,-82,51,164,197,155
92,221,152,-148,-42,169,-119,-92,56,181,209,164
94,243,138,-157,-34,180,-133,-104,47,181,193,141
70,233,156,-138,-23,195,-127,-80,80,182,206,159
100,223,150,-147,5,195,-135,-86,69,169,212,151
88,221,169,-171,-33,183,-111,-90,77,184,205,168
76,226,150,-152,-30,160,-126,-102,70,179,187,151
76,226,153,-179,-51,196,-143,-104,58,163,223,159
80,234,133,-148,-37,218,-121,-82,78,166,190,156
85,220,155,-156,-36,154,-111,-72,57,155,203,124
54,228,141,-167,-32,172,-113,-98,66,160,183,147
60,213,119,-140,-42,168,-127,-89,71,142,170,161
81,176,130,-142,-37,167,-118,-62,51,150,190,129
69,184,142,-134,-41,177,-108,-79,60,155,174,142
58,200,110,-130,-46,156,-97,-69,51,114,163,131
49,172,113,-144,-22,142,-93,-87,64,141,166,127
55,169,88,-109,-41,158,-95,-71,48,117,145,103
53,152,106,-109,-15,147,-110,-57,46,119,133,129
64,152,91,-91,-22,111,-76,-67,46,119,134,104
33,142,88,-86,-42,115,-68,-71,26,106,113,108
55,144,80,-88,-11,125,-72,-51,32,119,122,78
45,109,68,-90,-8,96,-52,-42,25,83,110,101
43,123,71,-97,-22,80,-55,-48,17,84,76,75
35,108,66,-73,7,65,-49,-44,14,77,96,67
27,89,33,-51,-28,87,-25,-47,39,71,67,54
26,79,52,-52,-7,83,-59,-47,24,69,58,58
11,65,49,-23,-17,60,-34,-34,17,63,70,37
21,80,35,-48,-9,49,-35,-25,6,53,39,21
32,65,44,-50,-17,54,-17,-8,13,41,73,51
2,57,34,-12,-16,29,-35,-19,4,25,27,19
26,28,20,-29,-6,39,-25,-10,24,21,31,22
17,25,28,-23,-4,15,-28,-25,19,22,-1,10
23,14,19,-17,13,10,9,-7,-13,8,28,23
11,10,23,-22,8,29,6,-9,-16,4,2,-9
8,12,20,-10,-3,24,-7,-25,-6,28,26,-12
1,-15,11,23,-9,1,-5,12,1,0,5,20
-1,7,-7,11,-4,3,10,-7,7,5,18,4
-21,0,-5,15,-21,-3,7,-11,28,1,0,-9
1,-1,-21,6,-5,-32,3,1,14,-18,-3,-10
5,-6,17,-6,25,10,10,-1,-5,-33,-16,-12
-22,-9,2,26,-2,-5,12,13,-16,-13,-33,-9
10,-39,-14,13,14,5,30,5,-21,-6,-16,-22
-8,-45,-21,29,12,-43,8,16,-14,-13,-12,-30
-23,-36,-9,45,16,-21,39,1,-12,-23,-20,-40
-17,-41,-21,22,-1,-25,33,18,-8,-41,-34,-30
-32,-63,-15,19,18,-30,23,4,-18,-43,-61,-45
-21,-72,-32,60,10,-49,40,22,-16,-41,-73,-38
-26,-90,-28,45,-3,-71,23,38,-15,-54,-72,-53
-42,-94,-52,63,14,-59,38,53,-15,-66,-100,-57
-34,-121,-51,96,4,-90,52,20,-34,-77,-108,-65
-23,-141,-81,79,17,-103,79,46,-58,-97,-111,-92
-57,-138,-104,97,24,-117,64,62,-37,-103,-116,-93
-72,-162,-89,113,38,-147,78,52,-21,-122,-138,-104
-57,-163,-82,111,27,-146,90,66,-52,-116,-155,-121
-68,-179,-115,117,37,-162,91,69,-53,-146,-170,-140
-66,-175,-113,132,37,-145,123,69,-51,-128,-166,-118
-71,-163,-114,123,48,-139,100,83,-50,-119,-160,-109
-57,-175,-122,116,10,-115,74,61,-39,-115,-164,-106
-44,-144,-66,96,30,-120,79,53,-60,-109,-113,-81
-45,-87,-62,92,25,-56,56,22,-23,-67,-61,-57
-11,-56,-44,21,-10,-34,13,27,-7,-22,-44,-37
-9,4,20,-8,-6,17,2,-6,8,8,-14,7
42,90,63,-84,-14,56,-59,-51,20,58,61,70
43,182,124,-132,-28,155,-113,-56,52,139,163,101
94,289,165,-199,-47,224,-174,-109,100,208,261,184
157,383,264,-267,-50,349,-223,-175,134,295,351,273
187,512,319,-343,-73,422,-279,-218,150,381,448,372
205,615,398,-422,-90,513,-336,-274,186,481,560,435
254,732,448,-491,-101,605,-392,-284,207,545,647,509
277,833,534,-560,-127,690,-439,-333,243,631,730,563
311,908,586,-601,-128,729,-479,-357,264,689,819,650
333,946,613,-654,-109,808,-533,-382,284,716,848,670
348,981,662,-682,-143,832,-553,-392,298,724,899,697
351,1045,653,-674,-152,845,-551,-393,305,744,905,719
363,995,665,-674,-147,837,-542,-385,290,759,911,716
324,946,608,-659,-143,798,-529,-390,276,706,848,664
310,897,583,-597,-133,728,-480,-343,242,659,788,626
267,792,512,-529,-114,659,-451,-330,242,569,696,561
241,674,464,-471,-113,567,-351,-286,215,489,602,459
208,577,356,-363,-85,446,-297,-239,160,442,528,407
163,474,292,-306,-64,368,-263,-150,130,329,423,283
129,327,217,-201,-60,254,-175,-136,119,235,310,232
92,205,124,-120,-34,177,-109,-101,66,164,193,173
38,89,59,-77,-32,109,-62,-19,15,58,94,74
-11,-5,18,-9,-13,10,-9,13,3,1,-20,33
-40,-79,-32,43,-2,-63,27,37,-10,-58,-84,-49
-49,-163,-102,87,32,-136,78,62,-28,-123,-139,-115
-80,-207,-127,141,18,-150,135,71,-52,-157,-181,-147
-69,-227,-163,168,28,-204,139,106,-68,-173,-228,-175
-75,-261,-174,206,10,-243,129,101,-59,-188,-227,-170
-105,-281,-203,187,30,-240,137,93,-84,-190,-258,-185
-102,-278,-182,187,42,-231,162,122,-92,-219,-263,-209
-99,-275,-195,182,40,-245,150,113,-103,-204,-256,-200
-105,-262,-193,177,27,-222,139,98,-70,-192,-218,-185
-77,-249,-176,152,37,-196,136,99,-64,-182,-226,-161
-81,-225,-147,168,39,-185,133,100,-56,-149,-228,-178
-75,-224,-136,121,5,-177,90,78,-61,-136,-186,-160
-81,-185,-124,131,-4,-158,104,67,-40,-143,-170,-143
-40,-183,-88,108,14,-120,72,47,-51,-110,-138,-115
-52,-127,-81,78,29,-98,63,59,-31,-85,-102,-91
-54,-97,-82,73,19,-70,52,52,-48,-71,-87,-92
-38,-80,-53,57,26,-49,59,27,-4,-71,-74,-44
-30,-55,-56,45,23,-70,32,27,-26,-41,-40,-47
-20,-66,-41,49,-12,-35,25,33,-26,-51,-36,-25
-22,-25,-24,45,4,-48,17,-2,-17,-45,-36,-66
2,-50,-27,10,25,-42,28,22,-20,-9,-15,-11
-3,-39,-36,6,-29,-47,9,39,-2,-30,-21,-27
0,-6,4,5,10,-21,-15,-10,-27,-8,-11,-12
-24,-26,-10,7,-7,-41,7,-3,-17,-27,-21,-3
-12,7,-18,17,18,-26,0,13,-3,-29,-9,28
-34,6,-16,12,-2,-18,13,12,2,-16,-36,-5
3,-19,2,5,-16,-13,-7,9,-1,-14,-14,-24
-21,-12,-17,10,-4,-16,3,5,-12,-21,3,-10
13,-14,-13,41,-21,1,8,13,22,1,5,-15
8,-11,-1,-10,-8,16,-8,-20,9,8,-31,7
-14,-5,26,4,3,12,-7,-11,-6,-7,2,2
8,-11,2,-12,2,15,5,14,6,1,-1,14
6,-2,20,19,-29,15,16,-4,2,0,21,16
4,10,0,5,19,-9,-19,-11,12,-10,1,13
32,8,5,-5,-4,38,-16,-23,11,-7,8,20
-3,36,1,-25,-28,8,-9,-10,-13,5,32,21
-3,41,15,-3,-21,30,-28,-9,1,20,46,38
16,40,23,-36,11,16,-22,10,7,16,12,12
9,75,24,-44,-7,23,-42,-7,15,16,49,19
33,30,19,-40,-1,47,-8,-21,2,49,18,9
6,36,9,-32,-18,56,-26,-11,5,35,39,29
22,31,27,-55,-19,50,-22,-3,11,44,48,32
25,81,35,-37,3,41,-58,-28,19,41,44,69
-10,78,56,-24,-21,58,-43,-18,43,60,62,42
36,94,59,-41,-9,88,-52,-31,12,51,49,59
50,86,52,-67,-20,49,-56,-33,23,69,69,52
29,89,54,-59,-14,72,-33,-40,19,90,78,44
53,97,68,-65,-2,83,-61,-20,21,83,93,51
47,115,45,-78,-23,83,-65,-61,19,91,129,100
24,115,79,-71,-24,103,-77,-37,57,109,105,77
25,126,96,-72,-54,115,-59,-38,32,103,117,98
64,138,91,-76,-19,108,-71,-71,27,89,111,95
35,120,123,-94,-23,126,-85,-62,38,113,126,107
63,162,115,-86,-36,131,-77,-69,45,125,143,100
38,183,104,-114,-28,139,-91,-79,40,125,152,111
84,181,95,-129,-27,165,-104,-73,59,124,158,125
55,197,110,-125,-13,149,-111,-83,47,150,145,141
60,204,127,-147,-38,155,-119,-96,68,130,174,153
55,181,132,-134,-21,189,-125,-80,50,169,190,138
67,225,134,-156,-14,177,-131,-94,78,161,202,166
68,217,145,-155,-8,192,-119,-83,64,173,201,144
90,213,134,-153,-37,198,-119,-98,71,179,229,152
73,246,140,-167,-9,188,-151,-103,66,185,202,167
72,254,136,-151,-44,219,-152,-110,81,180,224,176
117,258,171,-176,-41,215,-153,-121,80,195,251,180
90,261,185,-189,-45,253,-157,-110,76,205,251,205
105,275,173,-205,-51,255,-156,-121,64,226,249,201
121,295,192,-190,-48,238,-145,-113,92,215,266,209
110,312,209,-196,-42,247,-184,-112,101,195,281,217
100,304,201,-204,-30,270,-164,-136,101,226,285,239
111,322,174,-209,-48,256,-178,-115,88,258,305,223
114,345,216,-229,-25,277,-171,-137,87,226,294,253
85,335,215,-223,-58,265,-178,-118,101,263,299,232
116,343,228,-247,-77,284,-187,-127,95,241,343,264
142,338,229,-242,-65,308,-195,-151,107,275,302,245
123,347,220,-238,-48,283,-184,-146,125,256,306,262
110,349,227,-249,-75,300,-225,-137,112,278,313,233
115,360,226,-240,-53,299,-216,-166,126,273,338,273
137,377,247,-256,-59,325,-217,-158,103,274,336,274
114,375,260,-275,-55,313,-204,-162,103,282,332,265
161,377,246,-269,-76,332,-226,-158,110,299,361,277
151,368,260,-269,-61,335,-228,-181,127,291,352,273
163,406,237,-266,-51,327,-217,-161,149,307,359,275
145,391,258,-285,-48,344,-226,-165,107,288,373,277
135,416,249,-255,-53,348,-228,-174,120,297,392,280
123,399,270,-254,-61,347,-213,-136,126,305,365,263
147,425,275,-262,-82,346,-216,-151,125,299,353,297
142,398,267,-277,-52,336,-219,-151,131,293,361,285
131,401,263,-268,-62,347,-218,-147,115,285,368,266
137,406,240,-286,-53,322,-207,-145,137,289,370,262
146,405,254,-263,-51,346,-232,-154,136,289,333,273
127,391,254,-274,-44,326,-193,-181,136,305,352,267
152,391,239,-245,-34,306,-216,-162,117,294,357,237
139,393,231,-239,-63,323,-216,-170,93,274,360,263
112,385,258,-243,-45,333,-231,-146,131,304,341,248
114,372,236,-263,-66,315,-188,-147,111,275,351,258
121,377,248,-252,-44,310,-228,-166,114,286,334,268
133,375,230,-257,-49,320,-196,-141,101,253,328,282
131,365,224,-228,-32,273,-194,-140,143,273,309,243
108,335,235,-227,-56,307,-197,-141,103,265,307,263
126,326,228,-246,-74,306,-183,-130,107,260,324,259
105,343,202,-217,-65,295,-164,-158,100,220,288,228
94,329,228,-245,-39,265,-181,-144,96,265,276,227
98,325,198,-215,-36,266,-185,-130,96,250,287,218
118,297,214,-197,-37,252,-147,-114,105,228,291,220
106,289,206,-221,-31,238,-173,-85,103,203,253,218
104,276,179,-180,-62,216,-166,-102,93,197,252,208
132,276,183,-201,-50,223,-154,-104,54,224,257,192
100,256,157,-192,-60,211,-141,-132,70,220,245,208
89,280,166,-175,-24,210,-137,-105,76,205,231,179
80,259,156,-178,-48,195,-137,-115,68,185,238,167
87,216,155,-146,-7,193,-113,-88,74,187,181,153
85,245,134,-150,-35,181,-135,-101,60,163,237,161
79,206,150,-138,-18,174,-116,-76,41,154,167,159
65,231,153,-138,-23,184,-104,-76,73,157,180,134
70,201,133,-133,-40,159,-104,-60,72,129,190,123
69,198,107,-140,-39,158,-114,-72,49,119,165,121
57,161,111,-125,-33,144,-90,-54,50,118,148,126
63,151,111,-117,-29,162,-92,-101,60,119,130,127
63,151,94,-96,-19,122,-81,-47,43,122,133,114
41,164,86,-109,-36,123,-72,-47,65,99,120,99
51,143,79,-88,-11,107,-58,-41,47,98,149,87
37,125,94,-96,-25,95,-69,-49,46,86,113,94
39,118,57,-88,-15,96,-73,-42,51,99,89,90
35,107,78,-75,-10,89,-24,-54,25,58,99,96
49,108,57,-55,10,90,-55,-56,45,47,87,80
65,84,74,-64,-16,74,-49,-10,28,85,78,55
27,75,60,-84,-16,74,-48,-22,28,47,93,65
16,61,67,-78,-12,54,-42,-31,20,53,59,51
24,79,36,-44,1,68,-51,-35,12,53,56,43
7,67,11,-54,-19,63,-45,-28,36,70,55,40
18,40,32,-35,-20,38,-53,-18,8,40,49,51
5,46,37,-31,1,46,-24,-20,25,57,65,28
26,51,41,-49,-10,52,-38,-15,5,28,45,35
21,34,24,-18,0,37,-13,-27,8,54,32,29
9,36,32,-44,3,45,-21,-4,11,21,36,48
5,40,28,-23,0,37,-22,-3,6,39,36,25
-1,50,26,-27,5,26,-14,-16,5,28,15,17
11,22,22,5,11,16,-27,-32,21,13,11,17
14,27,14,-5,-14,24,-7,-4,11,-1,7,1
26,3,25,-27,-12,42,22,1,-14,2,20,-1
26,-6,12,3,1,18,-1,-10,-8,5,20,23
-5,16,8,5,-3,16,15,14,3,9,11,22
-20,6,19,-3,11,22,-4,2,11,14,12,15
-34,26,-6,-13,-8,27,20,14,14,26,28,-5
10,0,-30,-10,12,-4,-9,-10,4,1,8,-2
8,1,-4,-3,-4,-17,3,24,-8,10,-11,-5
9,6,9,-4,7,9,-15,18,4,-11,6,-30
-2,-16,-5,14,9,5,-3,19,-5,-15,-12,5
-4,-17,-2,17,0,-6,2,1,1,-8,3,-18
-13,-17,5,-1,15,-13,8,14,0,2,13,-6
-5,-13,-11,16,5,-2,19,9,-11,-1,-7,-19
-6,-23,-16,3,6,-9,-1,3,30,3,2,-11
0,-26,-10,19,-3,-9,16,-16,-17,-12,-22,1
-6,-10,16,20,-3,-4,11,15,-2,-12,5,-7
-16,-15,-24,-4,5,-27,14,18,19,-27,-8,-3
18,-20,-21,14,18,-20,8,20,2,1,-22,11
-6,-5,-13,3,3,-13,9,4,-5,-1,-10,-19
-15,-6,-13,22,9,8,-15,7,1,-28,-24,-22
18,-3,-6,14,-8,-19,7,14,-9,0,-23,-34
-6,11,-20,20,-13,-14,20,-12,-21,-28,-7,-6
-25,1,-25,9,4,-32,12,0,-15,-4,-35,1
1,10,1,-7,0,0,0,-6,-9,14,-24,-11
-8,-15,-30,35,1,-20,30,-20,-27,-16,-17,-24
-22,-34,-25,8,8,-26,37,13,-20,3,-23,-16
-21,-8,-19,0,23,-22,-8,6,-5,-14,2,-25
20,-10,-10,-2,9,-18,14,18,15,-16,-13,-19
6,-10,-20,20,12,-33,7,14,9,-27,-7,-14
-10,-2,0,14,-8,-18,11,-14,-31,-24,-23,1
4,-34,-10,5,-16,-14,13,15,-19,-12,-16,-26
-17,-31,-18,13,-2,-13,-11,-7,9,-26,-9,-25
-12,-26,-4,7,3,-30,18,26,1,2,-9,-17
12,-9,-10,31,-13,-15,-1,14,-5,-4,-9,-8
-16,-33,7,16,-4,-7,-7,20,-23,9,-2,-18
-7,-31,-5,-5,15,-26,-4,19,-3,-1,-25,-22
-10,-15,2,8,25,-1,21,17,-6,-20,-16,-16
7,-28,16,5,14,-28,-18,-10,18,-18,-5,-8
-8,-11,-19,13,-13,-11,-6,12,-4,-8,13,-17
2,-7,3,-9,-12,-22,10,-4,-2,-15,2,-19
1,-15,-25,-4,-22,-13,-1,14,7,-21,-2,11
-9,-11,10,13,7,-19,-6,-18,-17,-26,-11,-3
4,-13,4,-6,-8,9,-9,17,-9,-30,-31,-13
-18,-10,-3,13,-19,-23,18,-11,-10,-3,-9,-11
12,-2,-10,7,2,3,12,13,-16,1,6,-11
-24,-23,-22,25,-23,-6,2,-6,7,-6,-13,-13
-1,-28,10,-8,-4,11,-12,14,-2,-2,-15,-22
0,-10,-6,-9,0,-4,-10,3,7,4,-4,-14
6,0,2,9,10,12,18,-14,-6,14,1,-12
-17,-15,-9,15,4,-14,-10,9,4,-6,8,31
4,-2,-2,24,-7,-16,23,2,-2,-4,-9,-16
-18,-7,10,-6,14,9,32,23,-19,-23,8,-20
6,-2,4,-11,-12,18,17,12,-1,4,-4,13
13,-5,-3,3,2,-2,-16,-11,3,4,-21,-11
3,0,-13,-4,-10,21,16,-17,4,0,-19,7
1,9,9,-4,18,0,26,3,-19,19,-2,19
15,-5,11,-10,14,8,-9,-4,3,-9,11,13
13,-14,1,3,1,28,-5,9,7,-8,3,-8
11,1,20,-10,4,12,-2,-1,3,13,20,-9
-5,6,-14,3,6,6,17,-9,-3,8,14,19
7,-8,23,-14,1,-2,-17,-25,26,17,20,-6
16,35,6,-21,3,17,-5,-5,14,12,22,12
4,35,32,4,0,10,10,-9,-12,7,36,29
13,34,14,-40,5,19,-9,-2,11,25,27,27
11,52,55,-39,-13,44,-13,-3,15,37,18,23
3,31,24,-38,-7,34,-28,-16,17,45,30,26
22,49,28,-40,-2,61,-27,-11,12,41,45,21
32,44,30,-32,-5,62,-33,-21,-3,26,62,38
18,67,49,-39,-25,49,-27,-32,37,35,59,51
26,49,53,-62,-19,74,-30,-23,25,66,67,59
21,81,47,-49,-5,48,-28,-31,22,46,46,55
30,78,53,-45,-6,68,-57,-51,24,57,52,58
15,84,54,-80,2,84,-51,-15,52,75,50,57
49,107,68,-61,12,85,-49,-51,20,70,97,75
55,109,55,-63,2,109,-55,-47,35,80,121,86
40,107,82,-86,-8,98,-70,-36,51,93,87,114
38,118,79,-104,-16,139,-87,-48,35,73,117,94
65,150,92,-106,-12,105,-94,-57,60,101,110,126
61,165,105,-105,-47,115,-69,-48,57,105,157,100
70,175,93,-116,-34,141,-106,-75,54,116,164,97
41,181,115,-111,-33,142,-90,-74,51,133,141,107
48,190,88,-134,-41,130,-103,-69,53,153,158,124
61,198,126,-146,-34,175,-108,-86,44,142,165,123
67,223,127,-143,-37,196,-118,-105,53,154,191,148
81,227,128,-142,-43,163,-123,-72,82,151,183,149
114,204,124,-145,-26,178,-123,-90,84,168,194,165
63,227,176,-163,-30,199,-137,-90,63,182,206,170
76,249,156,-176,-35,197,-128,-107,69,178,232,157
89,266,182,-179,-25,213,-132,-97,77,193,227,181
93,248,162,-172,-40,221,-148,-105,75,190,236,163
102,269,154,-167,-30,201,-135,-108,73,174,250,183
90,250,176,-179,-74,230,-156,-108,68,187,235,176
101,251,181,-178,-49,212,-143,-106,70,210,241,185
96,255,189,-180,-39,202,-142,-101,81,210,247,167
84,249,167,-177,-56,215,-137,-132,80,191,254,185
98,279,198,-200,-49,221,-151,-100,65,194,235,193
88,255,174,-173,-33,230,-137,-109,51,199,224,180
101,274,167,-195,-39,252,-150,-111,79,219,248,170
99,262,190,-182,-16,222,-158,-125,68,189,249,190
103,254,173,-198,-40,207,-140,-83,84,198,241,190
90,256,171,-163,-46,199,-146,-80,64,185,229,175
86,262,169,-162,-54,223,-141,-96,61,215,244,167
79,232,169,-165,-49,195,-146,-78,76,197,232,163
65,221,153,-163,-20,207,-132,-79,69,175,229,176
85,226,156,-153,-36,188,-130,-71,83,160,218,145
64,221,144,-167,-38,212,-142,-90,66,178,181,165
109,211,128,-158,-38,202,-129,-80,93,164,196,164
70,207,160,-137,-42,160,-108,-75,71,149,166,158
47,207,118,-144,-52,167,-114,-67,52,153,195,131
59,179,117,-150,-33,157,-75,-80,48,127,157,138
81,170,95,-98,-34,172,-68,-49,31,131,150,110
72,140,126,-108,-14,143,-96,-46,52,118,145,104
74,161,110,-111,-30,126,-95,-45,49,91,153,124
49,139,104,-84,-32,126,-78,-55,45,91,125,104
57,139,75,-76,-12,106,-60,-43,36,111,122,112
36,136,79,-86,-9,101,-48,-49,37,101,111,116
53,118,80,-43,-9,77,-39,-29,25,106,101,73
39,125,64,-77,-42,103,-55,-34,32,89,93,90
44,123,72,-59,-20,78,-34,-43,38,84,85,57
22,79,44,-79,-9,80,-50,-26,13,88,74,66
25,77,56,-64,-15,94,-75,-24,31,63,75,57
35,88,53,-53,-19,47,-57,-8,10,50,82,40
9,81,29,-32,-3,59,-41,-25,6,34,51,59
34,83,59,-56,-8,57,-20,-34,7,36,13,42
14,59,26,-45,12,31,-25,-20,22,55,51,40
28,64,23,-43,-8,51,-12,-21,7,66,50,22
11,23,30,-39,-15,51,0,-4,35,30,64,30
21,53,26,-36,-7,45,-4,-25,18,12,41,22
20,26,31,-42,2,17,-30,3,14,12,39,11
1,29,9,-17,5,9,-24,-16,4,14,32,24
5,14,29,-24,-22,25,-16,-13,5,17,38,13
10,13,-6,-16,27,18,-16,3,-24,6,21,6
8,21,4,13,-12,1,2,-7,11,4,26,8
7,21,-12,-13,-4,5,-6,-9,11,2,-1,-10
2,-6,-11,13,-2,-9,-5,3,-1,-28,10,4
27,-7,-3,20,-2,-12,4,-18,-18,10,-37,-3
-8,-40,-13,14,12,-38,5,13,-9,-4,0,0
-5,-27,-16,41,17,-31,7,32,-6,-37,-22,-27
-10,-41,-12,43,13,-35,30,-11,-25,-19,-41,-31
-16,-55,-46,41,-14,-30,37,16,-9,-43,-41,-37
-37,-64,-54,39,28,-64,26,22,-22,-70,-41,-56
-30,-112,-55,69,14,-75,60,46,-32,-56,-74,-85
-53,-110,-45,82,-2,-78,48,48,-37,-76,-101,-81
-44,-129,-83,104,34,-124,55,32,-35,-100,-120,-91
-39,-135,-70,87,23,-100,68,27,-30,-91,-111,-116
-52,-150,-84,110,26,-115,90,60,-26,-95,-113,-98
-40,-123,-103,79,23,-141,69,33,-44,-114,-154,-100
-51,-155,-81,88,23,-125,84,50,-38,-98,-111,-90
-49,-116,-63,68,24,-78,48,34,-34,-70,-87,-82
-20,-101,-70,55,14,-98,57,37,-12,-59,-75,-57
-31,-72,-12,34,10,-25,36,15,-32,-35,-48,-33
5,-8,16,0,-2,-5,-10,0,1,-9,-9,6
27,83,51,-54,-11,65,-31,-40,5,50,58,61
62,148,98,-104,-59,110,-97,-54,61,119,132,106
72,241,149,-164,-50,204,-128,-124,61,173,215,170
130,334,209,-239,-45,280,-184,-128,75,255,315,255
159,457,285,-306,-74,370,-255,-174,145,338,413,309
203,560,343,-383,-95,463,-336,-224,185,415,505,388
226,664,435,-474,-97,542,-357,-265,194,492,583,450
266,782,504,-532,-112,653,-412,-302,235,595,711,533
291,894,583,-599,-147,757,-468,-352,271,662,787,608
350,954,649,-641,-158,784,-523,-374,279,720,854,656
349,1020,681,-706,-152,837,-561,-439,302,768,927,713
347,1077,684,-716,-143,872,-589,-404,316,799,949,731
350,1079,708,-719,-172,901,-553,-418,334,814,963,752
384,1036,674,-704,-150,855,-555,-414,297,780,937,728
346,993,651,-671,-173,825,-535,-402,285,758,880,675
333,910,600,-607,-165,753,-517,-382,275,707,830,638
325,835,517,-563,-117,673,-452,-349,240,620,758,565
260,745,479,-485,-124,610,-394,-285,206,527,651,521
215,591,397,-421,-92,501,-339,-227,181,458,528,411
194,502,315,-326,-89,406,-256,-189,135,369,439,348
120,366,255,-246,-38,323,-198,-136,79,274,319,258
86,254,155,-169,-37,211,-134,-95,58,185,235,188
55,143,97,-88,-31,116,-71,-56,44,115,147,89
20,25,26,-26,-8,36,-40,-23,18,23,35,32
-42,-48,-30,10,31,-36,7,20,-20,-23,-53,-27
-13,-101,-61,53,28,-91,52,29,-14,-94,-87,-66
-52,-157,-129,107,34,-128,72,52,-40,-104,-120,-115
-76,-186,-146,127,24,-180,117,65,-68,-125,-170,-134
-64,-225,-151,169,22,-188,120,91,-57,-178,-197,-142
-83,-246,-155,190,35,-206,156,100,-90,-207,-204,-179
-79,-241,-171,175,35,-216,131,103,-55,-195,-213,-158
-97,-227,-134,166,51,-194,138,88,-51,-167,-215,-174
-71,-247,-164,166,49,-179,130,88,-88,-149,-208,-149
-64,-200,-133,142,48,-184,128,74,-49,-159,-172,-143
-34,-184,-124,130,27,-164,72,83,-71,-133,-188,-120
-69,-158,-122,106,18,-137,97,85,-56,-114,-145,-120
-55,-134,-93,73,25,-93,68,55,-32,-105,-117,-92
-41,-114,-89,68,-3,-94,40,35,-38,-72,-92,-94
-35,-87,-40,58,0,-68,44,41,-23,-45,-64,-62
-31,-75,-12,53,-13,-60,40,49,-38,-37,-56,-37
-13,-32,-26,28,30,-45,40,6,-27,-64,-32,-32
2,-11,-26,28,11,-24,18,-20,6,11,-36,-29
-19,-22,4,5,5,-17,12,-3,-2,-23,-10,-18
-3,8,-1,5,7,-7,20,20,-17,-27,-19,6
4,10,2,2,-7,-12,1,-3,2,20,-4,-6
-11,-4,4,-19,10,-8,-8,-13,-8,31,19,-9
-4,20,24,-14,4,6,-20,4,-15,24,12,6
24,27,22,3,5,2,-11,6,8,0,-22,-1
11,31,44,-11,4,32,15,-13,9,11,15,34
11,15,15,-17,-7,5,-1,2,15,9,28,30
25,40,8,-32,9,24,-15,-21,14,28,26,11
16,29,10,-26,-4,24,-20,-23,16,3,27,23
-5,44,1,-21,-9,31,-5,-37,3,28,39,30
19,39,8,-24,-6,7,-36,-6,3,25,10,39
3,46,20,-33,6,19,-21,-37,-5,22,33,7
11,24,41,-7,-3,45,-42,-18,-10,31,50,24
-4,53,26,-36,-22,9,-19,-28,16,31,48,32
35,61,41,-20,-1,46,-36,-6,28,45,46,29
19,54,61,-44,14,47,-29,-35,24,15,49,21
18,62,55,-37,2,64,-27,-19,12,36,73,68
4,51,36,-49,-10,65,-44,-39,24,29,50,50
28,56,39,-45,11,72,-17,-32,5,58,58,50
38,80,51,-34,-4,49,-39,-31,23,66,59,14
29,97,36,-75,-9,61,-51,-46,36,54,79,62
15,74,56,-52,-5,59,-53,-51,9,60,94,55
41,96,55,-58,-16,106,-41,-37,17,81,79,59
19,103,86,-57,-32,81,-27,-48,28,66,80,73
47,101,71,-71,-29,84,-51,-45,22,84,86,80
45,132,63,-77,-28,83,-72,-28,40,92,94,76
35,113,76,-84,-8,91,-58,-54,40,99,102,91
38,125,90,-107,-33,99,-51,-41,58,99,119,92
46,145,91,-92,-27,132,-83,-39,50,87,132,86
27,146,116,-112,-41,86,-80,-55,39,117,148,86
43,157,88,-106,-51,128,-52,-29,43,89,129,94
58,153,117,-120,-12,127,-76,-58,38,123,119,120
54,167,126,-123,-22,152,-94,-53,55,130,151,112
52,172,128,-138,-35,140,-114,-71,49,117,150,115
69,186,117,-129,-20,170,-114,-89,69,150,167,112
51,178,133,-141,-31,144,-110,-78,61,158,167,129
80,203,121,-139,-20,191,-123,-72,68,188,200,148
80,234,118,-144,-43,179,-115,-108,51,176,176,167
81,226,138,-151,-33,201,-142,-85,50,172,190,155
74,224,169,-155,-39,188,-123,-91,54,175,230,149
87,261,177,-156,-38,204,-119,-98,55,191,226,181
86,260,162,-185,-35,219,-150,-125,85,200,220,175
101,274,155,-198,-62,217,-161,-106,94,202,238,192
88,294,191,-175,-42,231,-166,-122,87,215,240,180
121,301,192,-196,-57,223,-152,-101,72,223,240,210
82,298,185,-193,-73,246,-168,-148,84,225,253,208
103,313,193,-192,-35,254,-172,-105,100,231,275,208
117,319,200,-221,-39,256,-193,-122,110,260,308,219
142,316,209,-238,-56,259,-195,-132,89,237,305,218
125,347,233,-246,-50,287,-179,-132,102,246,291,221
134,340,226,-228,-60,299,-167,-118,77,266,298,232
122,352,233,-249,-52,298,-189,-141,82,279,315,268
115,367,237,-253,-73,300,-197,-157,113,262,331,244
131,375,245,-264,-40,313,-184,-154,120,259,338,282
145,393,246,-256,-56,298,-234,-171,114,267,342,273
142,396,247,-283,-76,317,-214,-150,123,284,337,270
132,375,256,-262,-42,324,-212,-159,111,283,337,277
143,396,236,-270,-71,331,-200,-161,131,301,357,296
158,406,265,-279,-57,335,-226,-156,129,282,374,282
146,429,258,-274,-79,331,-208,-167,111,323,338,265
156,428,264,-284,-69,323,-238,-170,120,297,343,285
152,414,297,-290,-56,333,-218,-172,161,297,390,287
136,423,271,-296,-57,352,-232,-171,131,327,393,298
153,427,286,-274,-67,339,-230,-181,128,331,395,296
148,434,270,-293,-71,384,-243,-166,129,340,411,285
162,413,275,-289,-53,344,-247,-187,102,309,388,299
167,429,287,-300,-69,358,-231,-168,136,329,386,290
151,423,266,-302,-53,351,-249,-177,148,342,393,291
158,437,267,-284,-54,362,-222,-164,110,322,396,310
160,422,289,-302,-47,367,-217,-176,117,318,372,298
156,423,302,-295,-40,387,-218,-194,126,333,387,288
164,436,287,-287,-66,355,-259,-162,124,317,394,292
139,451,284,-265,-57,368,-230,-170,113,323,383,293
142,441,290,-284,-75,348,-243,-178,125,318,365,270
128,430,270,-284,-58,342,-244,-149,125,297,367,298
135,398,276,-286,-86,347,-227,-150,110,311,360,300
152,389,256,-285,-55,328,-233,-159,132,297,349,282
143,403,263,-261,-64,319,-211,-160,127,310,360,291
148,390,243,-263,-70,348,-210,-167,120,295,366,287
120,378,253,-267,-78,332,-201,-164,126,266,340,287
140,365,252,-264,-51,301,-220,-166,84,315,332,252
124,388,211,-243,-55,307,-213,-143,131,273,328,235
135,369,220,-241,-47,295,-211,-146,106,272,330,269
125,360,217,-227,-42,301,-198,-147,108,284,323,258
132,338,239,-221,-48,276,-178,-144,94,246,302,232
126,330,211,-251,-76,292,-191,-145,94,262,328,238
118,301,230,-232,-42,288,-182,-148,88,226,273,215
108,311,211,-242,-37,276,-174,-128,100,213,259,201
112,313,211,-224,-36,247,-165,-105,79,238,273,221
85,293,182,-211,-45,227,-165,-128,95,216,286,186
113,287,185,-199,-32,235,-163,-95,90,215,259,211
88,284,176,-186,-40,209,-151,-121,81,206,259,194
85,282,193,-190,-36,223,-153,-117,78,215,250,181
98,264,171,-180,-28,227,-136,-111,50,201,214,190
97,239,145,-158,-54,208,-139,-107,68,187,235,170
86,209,131,-170,-29,210,-125,-73,83,196,221,162
89,220,140,-130,-60,192,-124,-108,54,181,195,157
79,243,160,-164,-44,190,-121,-102,78,156,198,138
68,201,112,-136,-19,169,-99,-79,66,161,188,146
70,186,120,-137,-16,153,-113,-77,41,144,202,123
69,196,127,-132,-39,150,-110,-54,50,158,152,136
41,182,98,-124,-19,137,-106,-65,58,139,155,124
62,175,119,-84,-25,131,-93,-48,58,138,154,126
43,169,94,-104,-39,134,-85,-69,35,120,175,111
51,163,105,-97,-33,133,-89,-61,60,132,142,117
52,165,110,-94,-18,126,-79,-55,13,130,145,98
59,143,87,-81,-29,110,-81,-58,45,99,144,105
57,146,70,-79,7,111,-77,-60,39,112,115,73
52,107,68,-75,-24,90,-66,-68,39,92,109,79
26,103,87,-67,-10,109,-69,-44,61,84,96,85
63,102,48,-42,-23,73,-70,-28,16,81,98,86
41,88,43,-56,-16,73,-73,-59,24,67,101,57
28,90,54,-48,-2,72,-49,-37,53,66,81,63
29,99,50,-57,-21,53,-46,-46,1,61,77,50
27,97,59,-60,-1,61,-59,-18,41,60,68,72
15,85,44,-57,-15,77,-28,-38,16,57,97,58
32,109,65,-54,-19,59,-29,-46,20,52,38,61
25,63,25,-49,-13,67,-22,-41,9,58,42,46
33,66,59,-56,-13,38,-53,-42,25,47,52,43
26,55,40,-45,-22,48,-43,-24,21,35,61,56
7,48,37,-39,-3,52,-22,-50,10,35,59,34
1,46,36,-42,-44,20,-44,-22,28,29,52,53
26,41,13,-17,-24,39,-24,-35,-5,42,39,23
-13,33,35,-27,0,13,-33,-25,29,31,29,44
10,22,45,-34,-29,32,-46,2,2,22,35,21
-5,42,34,-20,-16,28,-6,-22,19,41,38,31
8,31,34,-28,-5,22,-18,22,1,10,12,10
4,47,16,-29,-6,20,-8,-23,12,18,30,5
5,26,15,-35,-6,40,-16,-19,18,27,27,27
-2,-5,11,-35,6,20,-20,-2,28,13,20,17
18,13,22,-9,-22,24,-36,-8,-11,20,26,40
-3,39,10,-34,9,21,12,-5,12,8,40,8
-7,16,1,-6,-21,34,-29,2,10,25,60,-7
2,21,10,-9,-8,43,-7,10,6,0,-2,6
-10,13,13,-15,14,5,-28,-12,15,16,9,5
-8,35,7,6,-8,31,-8,14,-6,29,11,27
20,16,14,-14,7,19,-13,26,8,13,18,15
3,5,22,-12,-8,4,-7,-1,28,-3,11,-4
-7,10,-3,-24,-8,11,-25,-19,25,14,22,9
0,9,6,2,-16,7,16,-12,20,3,18,-18
5,19,17,-10,-14,0,0,-31,-17,1,10,3
13,10,31,-23,-3,0,-13,19,7,15,19,13
-5,34,2,-11,-11,1,-4,-15,10,2,37,2
-8,13,35,-17,-4,0,7,-7,-1,3,30,19
28,12,-2,-12,3,-15,-3,-2,-2,-6,19,11
-3,23,9,-4,-7,9,-14,5,9,-6,9,6
0,-1,7,3,-8,28,-5,0,-9,29,12,31
7,7,6,-23,12,44,4,-14,10,9,8,17
-3,14,-6,-10,17,-3,-1,2,4,4,29,1
11,11,12,11,-6,24,-2,-16,9,27,16,3
22,18,10,-13,7,40,0,-8,0,4,0,3
5,18,6,-1,-20,31,-13,-25,13,25,20,-5
22,21,-9,11,-8,12,-12,-21,8,24,-8,7
21,0,18,-13,8,5,-4,-3,4,18,24,-7
11,31,-12,-3,-4,-1,18,-8,1,-8,25,11
10,16,10,-13,11,25,-12,0,14,20,10,0
9,3,-11,19,19,2,9,-5,13,0,27,-5
5,16,9,-2,-12,2,-5,2,-7,20,19,-10
11,25,-4,-6,-3,14,1,7,15,-4,8,21
-9,20,28,-4,3,7,-2,-8,-12,19,15,-10
-3,27,-1,7,-20,12,-24,1,19,17,1,-3
17,17,-1,20,8,20,-19,-7,-1,9,4,6
8,7,-6,-20,-7,33,-11,-22,10,-11,-1,-4
5,7,0,-17,6,14,-15,5,13,3,12,12
4,35,-8,-13,5,7,-3,-13,16,27,32,11
0,32,-14,-21,-21,12,-14,9,-2,32,12,5
22,7,17,6,23,28,-7,-14,-1,0,5,-11
4,35,22,-1,3,8,0,-21,-1,0,31,0
-2,15,10,3,11,-5,6,-11,0,23,18,11
0,17,0,12,6,12,-15,8,4,16,35,8
-3,21,-2,-11,-17,14,-14,-6,0,-15,0,8
6,28,3,-3,-24,-4,-37,-11,14,18,17,-5
6,10,-1,-7,-1,28,-13,17,8,27,18,16
19,6,25,-18,-12,-12,-11,-4,-13,29,34,5
9,27,8,-13,-14,21,-3,-34,5,27,4,14
-2,27,9,-6,15,3,-4,-2,-3,-4,11,16
5,22,29,-23,-19,11,-17,11,20,10,19,33
-1,24,-14,-12,-17,4,-13,-8,8,11,33,8
0,31,20,-40,-12,27,-23,-6,3,21,27,44
39,19,40,-15,-10,28,3,-11,32,-1,27,20
20,46,35,-16,-18,37,-21,-18,-11,33,34,34
3,45,12,-26,-34,18,-11,-21,8,42,24,13
10,29,19,-37,-25,20,-42,-4,13,32,24,20
22,33,31,-37,-26,33,-16,-30,-11,36,43,44
22,63,38,-44,-9,52,-11,-12,1,34,42,36
24,54,48,-33,-15,62,-54,-42,16,44,58,35
41,49,24,-45,-5,49,-43,-38,21,57,62,47
15,66,65,-51,-31,56,-29,-32,13,44,49,49
20,67,41,-40,-27,73,-43,-40,10,37,64,64
28,88,60,-67,-16,75,-34,-32,24,67,96,58
42,102,74,-55,-31,57,-46,-37,26,53,85,39
22,114,71,-82,-26,77,-49,-33,41,77,101,68
31,128,45,-67,-15,76,-66,-63,20,78,93,63
50,100,66,-78,2,116,-71,-26,44,72,95,85
43,109,81,-94,-8,102,-68,-36,42,70,110,105
65,125,68,-76,-24,110,-50,-54,58,89,129,105
65,149,77,-84,-25,107,-82,-53,32,118,135,106
52,154,116,-111,-6,128,-91,-55,57,108,135,98
59,165,103,-106,-24,139,-86,-82,53,128,137,121
52,135,113,-126,-23,136,-86,-65,45,131,154,119
61,190,116,-111,-18,133,-97,-65,47,127,163,121
65,188,113,-132,-51,144,-114,-80,48,144,185,143
72,214,113,-141,-5,162,-112,-91,65,152,179,137
77,209,132,-153,-35,170,-141,-91,78,159,183,161
81,225,137,-147,-45,187,-121,-93,45,171,203,157
71,222,154,-148,-39,227,-139,-104,66,166,191,165
90,247,156,-141,-39,195,-143,-69,50,181,198,175
86,240,151,-153,-42,189,-130,-95,81,173,201,163
71,253,163,-162,-44,188,-132,-95,64,179,224,153
113,276,155,-155,-29,220,-122,-110,79,201,252,177
82,275,172,-179,-56,207,-155,-121,70,185,249,183
76,235,163,-188,-30,214,-126,-104,81,213,232,208
82,281,180,-189,-59,203,-143,-119,109,207,230,189
92,258,207,-171,-36,202,-166,-110,92,226,237,191
85,269,181,-176,-55,224,-142,-110,91,192,269,206
102,291,190,-200,-42,225,-161,-114,57,207,259,185
110,289,198,-188,-30,238,-159,-110,96,194,254,199
96,276,174,-187,-32,222,-140,-123,96,208,220,198
107,259,198,-174,-35,241,-150,-95,94,191,226,192
76,284,175,-178,-31,226,-155,-109,69,206,237,206
69,273,189,-181,-67,202,-158,-105,84,204,246,199
71,269,187,-187,-33,229,-134,-127,72,199,225,185
89,253,155,-186,-35,235,-142,-86,87,195,224,190
88,246,149,-185,-49,203,-141,-84,89,201,232,174
86,259,157,-174,-47,190,-119,-84,88,177,219,179
80,224,161,-162,-41,166,-134,-108,65,164,183,151
88,220,135,-132,-23,163,-144,-96,72,156,190,165
83,205,135,-147,-25,175,-108,-88,69,145,201,186
82,189,125,-127,-35,200,-104,-74,50,134,186,145
68,214,93,-144,-24,135,-123,-73,53,142,175,136
62,180,137,-128,-15,143,-100,-52,60,119,174,130
65,189,102,-102,-15,126,-100,-68,45,140,157,129
57,147,103,-125,-7,135,-91,-89,38,137,157,123
25,147,89,-111,-20,123,-98,-31,62,118,140,113
45,134,96,-57,-9,126,-82,-72,53,110,119,70
45,123,95,-71,4,100,-92,-47,46,107,124,86
54,156,97,-104,-8,93,-57,-28,28,99,121,108
50,120,79,-79,-25,88,-60,-69,18,101,124,89
35,106,54,-77,-10,81,-68,-42,16,98,111,66
55,75,68,-73,-18,67,-51,-60,23,70,77,70
42,81,75,-67,-1,94,-57,-26,22,78,71,50
22,64,45,-74,6,65,-51,-56,23,40,92,49
25,76,61,-55,-17,90,-31,-28,24,59,64,33
44,82,49,-62,-24,69,-31,-16,25,43,74,48
5,90,42,-69,-15,49,-28,-43,32,34,49,59
14,50,24,-49,6,44,-32,-40,1,39,59,23
15,31,8,-36,-19,47,-31,-32,34,31,36,19
29,52,28,-32,25,30,-31,-8,19,28,35,42
9,61,26,-33,3,27,-44,9,8,52,39,8
10,11,19,-53,-25,26,-19,-21,2,9,22,25
-6,46,13,-15,-19,8,-22,9,-9,32,43,28
3,25,9,-34,-23,9,-14,-9,11,17,36,15
1,34,5,-15,-9,13,-12,-30,7,23,31,10
-5,-3,10,6,-9,9,-17,-9,-1,27,20,-3
-1,4,-18,2,-10,-4,-15,4,4,9,6,3
-12,4,-4,-8,7,11,-3,-7,8,-8,3,-12
5,4,-10,3,2,-8,5,10,-13,-11,-9,-2
4,-14,-11,24,5,-10,22,17,-9,-27,-20,-13
-11,-53,-19,42,-6,-42,2,11,-20,-44,-29,-16
-5,-53,-35,33,17,-42,30,19,-24,-20,-53,-33
-34,-84,-39,30,34,-56,40,39,-21,-40,-49,-18
-37,-71,-56,74,25,-61,49,40,-20,-52,-71,-62
-54,-116,-58,76,15,-47,53,39,-18,-66,-71,-42
-33,-129,-73,66,13,-98,48,49,-41,-89,-94,-68
-45,-139,-87,66,20,-102,74,47,-35,-87,-122,-90
-32,-142,-91,96,16,-91,67,54,-39,-106,-134,-108
-48,-152,-102,94,14,-116,82,48,-49,-110,-139,-105
-35,-140,-111,100,31,-133,77,39,-44,-101,-114,-89
-45,-114,-80,97,44,-125,95,36,-60,-94,-132,-104
-42,-126,-81,85,0,-87,52,30,-8,-88,-112,-88
-28,-98,-62,43,15,-76,56,29,-37,-52,-99,-56
-19,-51,-18,51,19,-40,21,6,-16,-27,-56,-57
-4,-7,18,2,-2,-3,2,8,0,1,3,17
45,56,56,-58,2,42,-51,-16,12,43,58,34
30,117,103,-87,-6,126,-73,-61,51,102,138,102
85,224,156,-177,-43,208,-157,-88,65,159,198,173
121,346,245,-242,-63,284,-170,-151,103,255,288,226
158,409,284,-313,-88,376,-231,-184,111,334,399,329
210,560,381,-398,-79,455,-306,-232,180,418,515,384
224,659,443,-468,-115,573,-344,-260,218,490,611,462
284,779,525,-544,-104,641,-410,-295,239,575,696,539
304,883,570,-604,-133,731,-496,-355,265,647,778,617
327,956,603,-643,-134,763,-550,-368,270,712,871,681
335,1013,673,-700,-158,829,-580,-414,287,721,908,710
367,1015,690,-713,-162,878,-606,-432,316,784,947,746
375,1083,702,-716,-188,882,-573,-448,303,787,969,754
391,1071,692,-713,-155,865,-571,-427,328,789,936,724
328,1015,646,-692,-145,820,-530,-410,283,733,875,701
333,918,596,-644,-138,759,-499,-373,265,693,815,648
293,797,524,-543,-114,693,-452,-333,249,592,735,563
262,724,480,-505,-100,604,-382,-298,212,548,664,487
196,618,350,-395,-92,492,-334,-249,164,484,565,421
169,470,309,-339,-65,394,-277,-205,156,352,423,356
114,372,235,-234,-67,309,-185,-151,105,251,325,244
94,229,174,-156,-24,201,-143,-88,49,182,203,168
53,146,110,-107,-21,120,-95,-40,27,77,123,103
-5,75,20,-39,-8,28,-8,-18,32,33,45,22
-15,-23,-42,39,19,-27,25,29,-16,-52,-40,-32
-31,-119,-29,37,7,-76,70,36,-62,-92,-92,-74
-68,-151,-101,109,19,-123,80,42,-58,-110,-139,-98
-99,-179,-140,123,17,-148,122,96,-48,-145,-167,-132
-93,-226,-136,144,32,-177,119,104,-67,-172,-164,-125
-92,-227,-134,137,42,-184,131,106,-59,-159,-212,-169
-68,-223,-143,163,43,-180,137,103,-85,-159,-191,-148
-69,-225,-158,138,23,-181,117,83,-68,-158,-200,-171
-78,-225,-133,138,49,-188,128,56,-64,-160,-166,-127
-68,-168,-119,143,20,-177,92,61,-43,-143,-155,-139
-39,-147,-101,112,41,-125,96,50,-45,-128,-142,-88
-25,-130,-99,91,15,-124,64,44,-53,-104,-135,-100
-39,-97,-61,57,14,-93,39,29,-26,-70,-110,-47
-27,-62,-52,58,24,-53,53,31,-21,-56,-62,-73
-19,-50,-39,39,2,-67,35,20,8,-51,-43,-29
-19,-29,-34,26,15,-39,15,39,-26,-44,-8,-41
18,-28,-1,10,1,-5,16,28,-13,-30,-16,0
-19,-26,6,16,8,-21,14,4,1,-14,21,-9
-2,4,21,-15,-2,23,-15,-17,11,1,8,16
-1,36,13,10,15,16,-20,-15,-1,5,19,11
32,20,20,-18,7,8,-21,-30,7,24,41,18
7,21,9,-37,0,33,-14,-18,14,17,20,42
21,11,32,-15,4,-1,-16,-13,1,24,22,32
10,18,5,-28,9,55,-35,-20,1,24,41,46
-4,40,31,-28,-5,30,-13,6,-1,18,33,17
23,48,19,-30,-19,56,-22,-8,19,38,13,28
-7,49,26,-34,-3,40,-35,4,4,52,39,29
18,51,39,-33,-13,52,-55,-28,14,43,43,27
5,57,31,-55,-3,58,-47,4,15,56,40,58
37,66,29,-18,8,49,-18,2,27,41,55,36
25,66,38,-48,-20,45,-29,-29,40,30,40,51
5,58,45,-50,-26,39,-24,-43,19,49,76,47
31,59,55,-53,-15,62,-42,-34,25,28,71,28
7,79,64,-47,-14,62,-15,-23,8,45,69,44
16,79,43,-46,-35,63,-37,-29,7,57,55,38
32,89,48,-47,-3,58,-33,-45,27,74,93,54
40,88,56,-56,-5,47,-38,-48,27,38,86,80
43,82,58,-67,-8,81,-79,-15,29,60,77,47
2,112,75,-77,-29,60,-60,-42,36,72,94,55
37,103,81,-84,-9,67,-62,-40,15,74,78,70
13,118,66,-67,-15,99,-78,-35,38,82,95,82
61,105,68,-79,-27,89,-46,-21,8,85,110,71
60,145,82,-79,-47,104,-61,-65,25,56,92,87
46,135,90,-99,-2,102,-64,-61,25,91,131,114
70,140,96,-101,-43,126,-88,-63,38,114,133,106
57,137,67,-108,-14,130,-76,-62,23,131,131,95
52,159,71,-95,-16,116,-64,-87,23,126,134,109
63,161,94,-104,-11,129,-91,-62,55,132,154,100
68,180,100,-124,-36,156,-95,-94,63,147,160,115
49,162,92,-140,-11,154,-72,-49,54,123,141,134
57,182,107,-133,-27,143,-110,-74,81,157,161,110
71,176,107,-112,-31,150,-94,-86,62,147,174,128
66,200,153,-136,-16,167,-119,-88,37,132,183,143
79,195,137,-133,-20,169,-128,-85,65,151,196,138
68,212,151,-144,-53,174,-137,-80,71,173,196,145
68,236,173,-153,-41,199,-113,-70,61,150,190,165
77,233,169,-154,-23,209,-128,-86,71,176,231,157
103,239,175,-193,-31,195,-134,-92,81,166,226,170
101,279,154,-172,-32,204,-134,-110,84,190,239,206
104,261,158,-178,-57,215,-134,-87,80,178,235,181
103,285,205,-191,-61,237,-167,-129,86,226,240,206
121,283,180,-185,-47,232,-169,-117,84,235,259,201
90,288,209,-199,-56,224,-182,-120,104,202,276,214
115,314,194,-224,-55,251,-189,-113,100,222,283,219
110,327,216,-222,-48,269,-171,-143,76,224,279,219
108,358,205,-208,-65,272,-195,-142,93,245,290,214
110,342,206,-219,-50,279,-189,-137,93,251,292,243
145,352,203,-252,-42,290,-177,-137,122,239,317,233
115,356,243,-233,-58,303,-213,-139,133,272,323,247
133,360,222,-245,-47,296,-192,-142,109,270,330,256
139,378,239,-248,-42,320,-205,-138,109,268,335,251
118,381,221,-262,-68,315,-211,-159,107,313,333,262
140,374,242,-260,-50,321,-219,-156,101,300,351,275
145,387,254,-282,-49,325,-215,-123,120,290,351,288
147,412,278,-267,-50,354,-230,-169,110,282,345,268
151,414,263,-287,-51,322,-232,-157,117,298,375,279
148,409,278,-248,-72,351,-217,-158,146,315,362,284
136,412,250,-299,-76,361,-237,-181,135,329,357,307
158,420,272,-261,-57,338,-236,-180,114,314,387,297
143,410,288,-295,-67,339,-237,-175,117,324,402,302
143,420,289,-297,-59,344,-238,-152,144,302,410,300
157,439,266,-287,-70,368,-249,-174,148,302,373,291
173,422,252,-289,-86,355,-246,-172,118,308,371,303
147,434,291,-286,-76,371,-241,-197,129,330,407,312
138,428,283,-278,-65,353,-231,-161,129,297,411,311
118,450,260,-298,-53,365,-233,-177,132,340,408,304
166,439,270,-284,-75,336,-241,-153,137,327,402,298
129,417,277,-305,-50,333,-227,-169,137,320,379,279
153,417,288,-298,-71,361,-251,-148,123,310,367,292
140,410,272,-281,-60,344,-219,-159,145,326,375,282
140,406,278,-283,-45,344,-233,-166,136,316,367,278
164,411,252,-277,-54,333,-224,-171,116,330,383,296
156,401,260,-265,-59,356,-231,-165,122,325,394,289
128,388,258,-291,-64,342,-215,-160,106,275,367,303
151,386,267,-262,-47,335,-211,-164,112,302,337,277
119,377,241,-268,-52,324,-215,-170,89,295,345,256
125,370,244,-268,-69,333,-233,-176,121,305,339,250
119,376,224,-236,-71,324,-181,-161,107,287,334,271
127,363,243,-252,-38,309,-232,-146,110,258,338,244
136,346,230,-249,-82,302,-199,-143,94,266,302,254
129,332,228,-251,-56,265,-181,-140,107,265,313,252
108,325,225,-241,-65,285,-183,-128,93,261,300,221
107,318,182,-217,-46,251,-180,-139,109,233,329,240
144,315,193,-215,-27,283,-175,-127,126,239,274,230
104,280,199,-206,-27,274,-194,-124,81,226,272,194
101,301,195,-221,-33,242,-185,-113,82,210,272,221
117,264,179,-193,-45,253,-143,-91,83,206,262,201
76,288,163,-192,-43,226,-130,-118,90,209,266,200
61,283,172,-168,-46,236,-150,-94,75,205,244,201
92,270,191,-172,-58,227,-141,-109,77,204,229,181
78,239,175,-168,-35,202,-123,-104,75,199,213,174
83,251,151,-152,-41,198,-121,-96,93,189,202,164
71,228,156,-156,-46,207,-129,-100,56,170,213,162
85,213,167,-120,-47,164,-109,-86,69,174,201,155
77,218,135,-151,-28,155,-119,-65,62,152,169,142
85,188,107,-146,-22,174,-80,-64,86,152,181,131
73,189,133,-120,-41,161,-114,-78,56,141,181,115
61,196,120,-111,-19,136,-97,-62,48,118,193,136
70,178,99,-144,-8,140,-95,-72,41,130,154,124
46,136,94,-96,-16,100,-87,-61,63,120,109,108
53,147,108,-103,-7,103,-69,-65,33,123,139,106
52,122,91,-107,-30,119,-80,-60,32,92,106,95
34,131,80,-80,-23,121,-88,-53,41,108,123,65
31,131,77,-93,0,96,-81,-44,30,119,108,99
49,117,93,-73,-14,79,-86,-53,35,63,88,72
43,89,30,-64,5,94,-68,-36,35,95,89,86
30,89,65,-56,-12,86,-35,-26,36,64,95,77
38,80,86,-71,-14,74,-52,-37,35,77,80,62
14,89,34,-57,1,85,-33,-28,52,60,88,76
41,64,59,-41,-16,73,-39,-46,16,78,68,43
15,85,63,-49,6,80,-46,-41,20,38,46,58
20,60,50,-39,-15,52,-27,-18,22,46,60,34
4,52,24,-49,-14,69,-38,-47,19,54,64,39
45,67,35,-8,-6,55,-29,-2,19,46,43,54
33,46,28,-26,-20,41,-6,-37,13,30,41,42
18,57,19,-26,7,33,-44,-8,24,13,49,20
18,58,31,-24,15,46,-34,-8,13,52,31,8
22,44,20,-20,-16,16,-10,7,-1,38,51,43
11,26,18,-28,-24,40,-25,-14,24,33,26,-1
16,35,8,-18,4,23,-7,-16,-5,38,38,17
28,22,3,-23,1,33,16,-17,-14,19,15,25
-5,21,7,-55,7,6,-27,-28,17,22,20,11
4,37,23,-16,-9,28,-27,-5,-20,20,28,20
-15,14,7,-12,-13,8,-8,1,-6,25,-6,8
18,14,2,-1,-16,25,27,-13,3,10,-1,39
-1,11,-5,-23,-10,5,-7,-21,-4,9,21,16
-17,24,17,-18,-10,-3,12,-2,15,25,8,18
-4,12,-2,-13,16,-5,-12,4,14,21,17,10
-3,8,0,-4,-19,13,-4,-3,19,6,-7,2
22,7,11,0,11,-7,6,5,14,-9,3,-7
-3,10,14,19,5,2,14,8,-3,-3,12,7
-2,32,3,-14,-13,5,-13,-9,19,15,21,-10
-10,-16,19,0,-19,3,0,-15,5,-3,-15,10
-12,17,-8,19,12,-4,-15,4,14,-4,-4,5
-3,0,17,-8,9,5,8,6,4,4,34,-18
-1,29,-3,-14,-6,14,4,-17,6,-9,0,-1
10,-1,-2,-12,16,-6,-17,-12,-3,6,-7,-2
12,-13,-2,-3,2,-23,9,0,5,-1,9,7
10,4,0,4,4,11,-7,1,-12,-7,-24,-7
-20,-2,-14,21,-4,-22,25,-4,20,-1,-3,7
-15,-5,-22,3,-3,6,-7,13,-22,-22,-15,1
-14,-11,-1,-1,8,-6,-1,3,17,4,12,-5
-17,-6,-18,9,10,-4,14,-12,12,-16,3,-6
-3,-3,5,15,-1,-9,12,-2,25,-4,-8,1
-2,5,3,26,1,12,13,20,1,-9,-1,3
20,7,7,17,-2,16,41,25,11,7,-13,-3
2,-2,-28,22,16,-18,6,18,-19,-2,3,1
9,14,-7,8,18,-7,5,0,-17,25,-15,14
-26,2,-18,26,-5,-14,-7,17,-7,19,-9,5
-15,-6,0,-15,1,11,-9,17,0,-20,-8,0
7,-1,-2,11,-2,2,0,-11,-8,10,-4,-28
9,-14,5,16,13,-17,13,-10,-18,2,-3,28
-5,-2,0,-2,-1,-4,24,-4,-6,2,5,-39
-1,7,-25,-16,-11,-11,-8,-9,-5,-17,3,-13
-19,15,-27,10,9,-12,-18,1,-8,9,-1,-12
-22,5,-33,5,9,-13,-25,9,1,-2,-6,0
-19,-11,8,-10,-15,-21,-3,-9,-15,-9,-11,-6
23,1,12,-3,-7,-10,-9,19,-4,-26,-1,-10
-10,10,-2,-2,-15,-8,6,-3,-7,-3,1,22
8,-9,-39,-11,38,9,14,20,-1,-21,-14,-12
-12,3,2,2,-12,-19,-4,-1,13,4,11,15
-29,4,14,4,-13,11,-4,-1,3,-6,-10,-2
0,8,-13,8,0,-4,4,25,-11,8,-12,-24
13,-3,-14,10,6,3,-12,-2,-7,9,-8,-17
15,-20,-1,1,12,-12,-8,13,11,-18,-20,24
5,-2,-12,11,-4,1,3,8,-14,-14,-4,1
10,11,0,32,-8,-14,-3,21,-13,4,-7,-9
0,29,2,-7,-3,-11,-1,-10,7,10,-6,-1
3,-1,-20,6,16,-20,-5,4,-14,-9,-14,-13
18,5,-18,18,0,3,2,-11,10,19,-15,-5
27,19,5,-11,-34,-18,4,-11,-21,4,8,0
-8,4,22,18,-3,-12,-9,25,10,-4,5,-19
11,5,8,5,-5,7,6,2,-1,7,-4,-2
-2,-10,-5,-4,-3,3,-1,-2,14,16,20,13
-9,0,25,0,12,11,-7,5,5,2,10,-5
13,-3,3,11,-13,2,-6,4,6,-7,8,19
10,-4,-5,22,1,16,-2,-3,-1,26,16,11
15,0,12,5,-27,5,-30,-23,-4,-1,20,14
-2,28,8,-8,12,43,8,2,-1,4,-1,15
16,3,-9,-11,-7,12,-13,-8,0,26,12,7
-6,9,32,-27,-11,3,-14,8,12,47,35,33
14,45,11,-38,18,5,-21,-25,0,8,43,43
20,26,8,-35,-6,27,-34,-30,25,10,40,21
10,43,34,-36,6,37,-46,-24,14,38,24,35
22,47,35,-55,-1,46,-37,-35,23,37,37,18
20,60,25,-41,13,30,-26,-22,17,29,19,38
28,49,19,-41,-28,64,-35,-23,38,30,68,45
30,60,62,-44,-8,75,-20,-14,21,59,59,78
23,86,58,-67,12,87,-42,-31,48,63,71,64
32,86,68,-48,-21,65,-44,-36,19,73,72,54
55,82,73,-89,-15,68,-51,-38,59,70,75,66
22,103,50,-68,-25,84,-45,-47,9,90,99,78
54,132,93,-68,-1,102,-74,-64,12,88,102,96
46,143,88,-77,-55,101,-52,-57,43,95,105,102
46,125,84,-118,-23,121,-71,-51,27,82,128,78
43,133,84,-125,-12,107,-74,-51,61,80,125,94
33,148,99,-93,-20,141,-79,-83,35,122,129,129
67,187,109,-112,-45,159,-85,-66,51,136,164,141
62,176,117,-109,-30,138,-93,-88,47,113,167,131
70,189,134,-123,-16,152,-102,-80,92,132,175,115
62,196,117,-141,-16,175,-103,-81,66,141,195,136
55,198,129,-128,-37,157,-119,-93,49,156,192,128
76,221,134,-173,-32,184,-128,-87,62,177,201,139
64,227,155,-154,-32,166,-121,-73,74,184,209,165
84,225,135,-136,-35,167,-119,-73,85,191,208,165
65,243,143,-173,-27,218,-153,-90,50,177,216,150
76,258,146,-145,-37,179,-135,-91,80,172,200,169
93,247,157,-182,-36,207,-135,-107,78,205,219,154
95,248,145,-149,-26,210,-147,-117,67,170,225,160
92,252,152,-181,-37,198,-143,-88,64,197,210,182
93,248,148,-175,-37,196,-141,-79,73,198,223,170
83,253,171,-150,-42,203,-124,-112,79,194,226,178
101,242,164,-146,-41,200,-149,-99,76,180,226,169
89,251,174,-178,-44,196,-124,-104,61,190,225,178
92,238,135,-170,-44,180,-125,-86,66,168,211,183
72,258,132,-152,-45,194,-140,-83,54,170,225,173
76,238,151,-167,-20,210,-135,-97,79,170,196,168
81,208,142,-139,-22,177,-127,-86,73,156,212,155
88,233,149,-149,-21,166,-108,-91,73,160,196,178
61,187,133,-145,-38,172,-98,-77,40,171,204,125
65,204,157,-160,-29,164,-112,-76,56,152,164,137
80,195,134,-138,-27,178,-122,-75,41,132,181,130
77,163,114,-145,-39,151,-116,-36,55,130,160,138
76,167,121,-108,-31,159,-122,-72,58,133,161,119
60,170,100,-95,-24,139,-90,-68,55,108,150,114
51,160,106,-94,-40,128,-87,-65,56,97,138,146
45,151,109,-108,-31,110,-70,-60,43,109,122,109
50,146,68,-75,-28,117,-75,-52,43,104,110,74
44,131,86,-84,-37,96,-63,-47,37,94,107,74
17,114,66,-75,1,106,-43,-46,22,73,103,96
43,91,75,-69,0,87,-59,-52,41,85,85,70
22,91,71,-71,-8,76,-53,-33,31,54,57,63
26,99,61,-89,4,70,-57,-29,9,58,87,57
25,93,41,-61,-3,62,-14,-31,23,46,69,28
20,62,61,-41,-21,63,-42,-38,25,54,40,63
9,39,66,-27,-4,44,-51,-20,30,60,54,37
10,62,35,-26,-18,43,-34,-4,10,33,53,26
20,51,32,-20,10,57,-13,-15,15,18,37,56
-3,32,-8,-33,-3,31,-6,-52,0,18,44,12
20,28,34,-12,-12,21,-1,-7,2,28,11,29
-13,40,6,-36,-11,2,-25,-21,17,46,23,29
14,11,24,-15,-5,15,0,-13,16,1,36,2
1,0,-1,-6,-5,2,3,2,-7,8,38,17
-4,7,-4,-9,1,9,5,-5,2,37,-5,20
-1,10,7,16,-5,10,-9,-19,-8,-3,23,-12
-4,13,-4,-22,-18,-7,17,5,30,12,6,9
-12,-1,4,0,-5,-8,15,6,9,-6,-3,-5
2,-7,7,11,-3,-22,-8,4,-8,0,6,-5
7,-14,-20,6,5,-12,30,35,3,-17,-29,11
-15,-13,-20,17,-3,-18,12,9,5,4,-11,-20
-29,-36,-31,10,4,-17,31,21,1,-21,-41,-14
-9,-30,-28,37,10,-54,42,12,-13,-49,-59,-38
-1,-65,-29,40,28,-59,29,24,3,-45,-41,-38
-33,-63,-32,62,5,-68,37,46,-23,-36,-45,-43
-42,-73,-50,67,3,-64,45,46,-32,-64,-65,-35
-27,-92,-73,73,27,-88,77,26,-36,-81,-103,-67
-55,-128,-86,85,7,-109,67,50,-24,-94,-114,-82
-34,-131,-100,85,32,-93,67,43,-36,-115,-115,-87
-44,-158,-118,98,8,-117,101,54,-34,-117,-137,-94
-69,-149,-119,117,29,-123,90,64,-43,-107,-148,-92
-68,-186,-107,138,17,-141,106,65,-49,-135,-153,-104
-72,-187,-111,123,28,-157,91,65,-58,-136,-162,-127
-50,-197,-111,104,30,-133,75,64,-58,-140,-152,-116
-66,-171,-86,117,30,-135,67,62,-42,-109,-144,-104
-48,-129,-86,84,16,-100,67,42,-32,-82,-103,-93
-24,-78,-53,73,6,-63,74,47,-30,-37,-85,-81
-2,-19,-53,15,3,-5,17,12,7,3,-31,-43
16,32,20,-38,-6,49,-22,-28,8,24,38,22
63,126,71,-87,-13,97,-62,-42,23,69,105,88
52,220,140,-156,-19,176,-106,-88,67,159,184,140
114,319,196,-198,-52,237,-164,-120,100,230,290,202
162,418,271,-280,-60,336,-231,-166,125,311,356,291
177,529,355,-345,-69,442,-278,-214,140,392,479,356
230,652,426,-445,-80,554,-356,-251,189,477,582,440
301,743,491,-497,-105,624,-420,-297,241,551,689,535
278,852,564,-602,-122,717,-459,-333,252,638,770,589
330,928,606,-627,-153,766,-530,-374,300,701,849,665
354,1008,657,-664,-149,810,-559,-393,302,734,875,698
341,1020,675,-689,-155,856,-576,-414,313,766,912,718
367,1030,681,-712,-153,847,-558,-396,287,785,935,703
340,1001,641,-687,-149,807,-549,-426,285,749,893,696
330,937,608,-650,-154,765,-519,-382,268,723,848,652
298,865,559,-602,-125,725,-473,-362,266,648,777,600
261,758,503,-542,-112,624,-404,-325,230,571,681,531
224,656,427,-426,-99,551,-362,-263,189,501,587,453
170,545,382,-392,-88,451,-320,-228,167,405,478,387
156,397,287,-316,-40,345,-228,-166,126,327,388,278
128,296,197,-206,-54,248,-162,-118,101,214,278,202
66,188,111,-134,-24,157,-102,-66,74,148,170,118
51,69,53,-47,-1,74,-31,-21,8,45,68,66
10,0,0,14,-9,-4,21,-6,17,-10,4,-14
-27,-95,-45,47,9,-80,39,31,-20,-57,-79,-44
-53,-152,-96,102,13,-127,66,51,-44,-119,-141,-92
-78,-187,-116,155,35,-139,98,71,-65,-143,-164,-146
-86,-216,-154,149,42,-208,143,84,-77,-188,-190,-175
-99,-246,-172,166,18,-188,133,88,-62,-181,-194,-159
-89,-275,-148,172,45,-215,158,114,-64,-195,-214,-184
-83,-260,-174,157,47,-219,118,103,-86,-191,-222,-187
-79,-230,-176,148,22,-185,102,93,-59,-164,-216,-161
-71,-204,-157,129,30,-178,96,69,-68,-168,-213,-160
-68,-191,-134,124,44,-142,113,75,-50,-141,-195,-168
-35,-168,-102,104,21,-136,78,68,-51,-140,-154,-131
-66,-156,-113,117,16,-126,81,83,-42,-134,-118,-96
-51,-101,-78,81,40,-100,60,54,-42,-85,-111,-73
-25,-84,-41,92,7,-84,59,22,-38,-59,-85,-52
-41,-67,-57,63,8,-62,46,30,-26,-52,-75,-55
-13,-65,-41,35,10,-60,43,24,-26,-38,-44,-21
-23,-58,-37,18,-7,-32,19,16,-33,-49,-56,-37
-15,-8,-50,32,29,-37,-5,18,-29,-37,-37,6
-1,-23,-8,18,4,-13,6,8,-5,-24,0,-35
-9,10,-8,3,-5,-10,15,7,11,-12,-2,-14
-10,-7,14,-5,11,-11,12,16,29,5,-28,4
23,4,-19,22,13,-3,-23,17,-13,0,-10,14
3,14,-11,2,-10,-15,4,-6,6,-15,10,4
15,-3,14,3,-2,25,2,0,19,2,12,28
-18,25,22,-18,8,14,0,-18,0,-7,-14,8
5,13,-7,0,-10,-21,-3,-10,-20,17,9,27
-13,12,28,-18,10,-13,0,-15,-18,33,9,-4
8,-9,4,-22,17,4,-13,4,28,28,14,-6
2,1,17,6,-8,10,-34,-9,22,7,-1,30
-3,21,9,-5,1,28,-10,-6,13,33,25,18
-5,16,11,-17,-1,-3,22,-20,7,-1,15,23
7,29,16,-15,-1,4,-16,12,17,30,37,13
10,38,7,-20,11,27,10,-19,20,3,45,19
2,24,24,-21,-13,30,-32,-17,8,23,18,6
10,7,16,-29,-21,32,-6,-23,40,26,27,17
47,41,33,-21,-6,37,-10,-14,5,47,60,13
14,30,9,-17,8,40,-33,-19,20,52,52,31
4,54,42,-37,-27,56,-35,-8,4,39,43,35
27,52,34,-48,16,45,-7,-39,14,60,35,32
18,73,47,-48,-18,54,-37,-41,28,48,57,37
28,66,56,-43,-9,58,-37,-17,26,38,47,38
12,108,57,-57,6,62,-43,-9,20,54,66,50
14,70,67,-53,-40,83,-27,-20,34,68,69,50
21,105,74,-64,-20,67,-61,-40,24,76,74,47
21,98,63,-73,-16,80,-73,-35,30,70,86,67
29,105,55,-86,-6,104,-47,-32,28,71,85,87
29,87,88,-87,-23,96,-68,-58,24,97,98,47
35,119,84,-81,-13,97,-53,-56,-3,103,146,55
63,122,84,-79,-1,104,-85,-52,48,94,109,84
36,135,72,-84,-21,116,-46,-69,18,90,114,90
43,140,75,-86,-20,103,-102,-50,23,86,140,93
57,159,83,-109,-32,108,-59,-66,52,104,132,111
68,150,111,-119,-25,140,-90,-67,47,133,161,120
52,186,129,-110,-15,150,-100,-43,68,125,165,118
70,183,104,-125,-29,170,-105,-71,56,151,172,120
67,183,118,-125,-12,136,-106,-62,64,142,178,142
73,200,110,-127,-21,163,-122,-86,87,133,194,133
91,201,163,-153,-46,182,-111,-70,65,167,182,154
75,221,141,-140,-22,159,-140,-94,68,180,209,165
83,231,137,-157,-10,201,-115,-63,68,160,215,164
61,239,154,-158,-39,222,-125,-90,74,190,223,180
94,260,184,-171,-49,207,-127,-84,89,192,216,164
100,262,161,-181,-40,216,-117,-119,63,196,244,199
89,263,186,-183,-35,204,-159,-108,102,176,270,188
97,275,161,-191,-45,230,-134,-110,77,231,263,175
122,269,197,-190,-34,233,-166,-124,95,198,259,210
98,297,204,-200,-45,255,-141,-132,85,229,258,219
108,309,202,-212,-63,247,-184,-127,98,221,278,215
111,312,223,-207,-43,256,-172,-102,87,238,281,230
118,348,238,-233,-54,256,-196,-145,97,241,264,221
114,322,205,-210,-36,263,-179,-140,104,244,300,240
132,320,199,-236,-58,284,-173,-114,109,243,303,207
105,352,228,-242,-41,294,-172,-126,98,252,317,242
124,370,249,-258,-57,290,-205,-149,91,246,312,236
127,361,215,-244,-62,306,-202,-156,114,271,304,246
122,363,238,-262,-86,300,-201,-153,82,250,320,241
128,381,233,-247,-63,322,-232,-145,97,289,335,260
121,375,237,-262,-60,305,-204,-126,107,277,348,259
140,352,250,-246,-50,316,-209,-143,97,264,337,234
125,382,247,-256,-45,289,-225,-170,114,251,333,254
132,385,249,-254,-61,325,-189,-141,112,282,333,265
135,385,258,-284,-42,331,-222,-151,103,276,344,271
138,394,240,-247,-59,315,-217,-164,115,267,341,260
116,372,261,-241,-48,317,-214,-125,108,281,346,278
140,390,237,-243,-50,319,-202,-164,93,306,333,265
112,378,241,-264,-65,304,-200,-174,126,278,343,273
133,369,258,-252,-82,322,-205,-164,110,277,342,275
149,390,265,-250,-67,310,-197,-145,112,267,350,232
121,371,223,-232,-63,297,-211,-153,111,289,326,243
123,369,245,-264,-58,295,-219,-147,120,265,330,271
123,318,230,-225,-44,305,-218,-142,111,263,326,255
139,361,218,-255,-55,299,-191,-172,103,265,323,256
133,352,235,-230,-66,300,-171,-130,121,260,323,246
113,347,224,-231,-37,281,-184,-132,139,262,308,240
110,330,245,-232,-53,284,-190,-162,120,252,299,245
109,336,203,-232,-36,272,-214,-132,99,237,331,242
111,336,209,-188,-49,281,-164,-125,99,233,277,209
100,331,197,-213,-41,261,-170,-142,81,231,274,212
102,296,193,-184,-44,236,-167,-135,85,254,293,223
113,291,185,-210,-49,257,-166,-123,111,234,261,203
90,296,185,-190,-48,251,-124,-120,92,225,256,194
95,290,190,-196,-41,231,-140,-97,85,210,235,186
84,282,166,-183,-42,229,-154,-96,76,197,213,182
57,236,186,-165,-38,219,-135,-95,72,174,234,169
69,263,158,-151,-34,193,-129,-110,60,196,226,158
72,232,144,-171,-50,204,-151,-95,77,157,189,167
77,248,149,-163,-32,205,-120,-94,54,175,202,133
72,184,138,-139,-45,171,-115,-90,51,129,205,139
79,185,134,-128,-5,182,-116,-79,54,163,168,137
62,182,107,-116,-31,140,-94,-63,64,138,176,146
59,168,99,-118,-24,142,-111,-62,62,129,172,146
61,171,107,-106,-12,149,-94,-79,55,124,157,114
54,132,106,-105,-36,124,-94,-74,53,111,130,114
60,145,94,-93,-27,126,-73,-66,38,118,127,110
59,141,84,-75,-4,119,-76,-58,47,102,95,88
36,137,72,-92,-10,104,-70,-50,58,114,119,86
47,138,82,-66,-26,110,-69,-59,37,76,97,91
43,109,73,-80,-35,110,-47,-41,38,92,115,80
50,114,53,-46,-24,87,-38,-38,39,64,111,59
27,92,63,-73,-8,67,-33,-25,54,66,67,73
18,61,52,-60,-4,67,-58,-47,13,46,76,81
22,79,34,-32,-13,79,-34,-16,23,53,51,42
16,66,72,-16,4,63,-44,-38,27,26,72,63
15,59,41,-57,0,55,-17,-24,19,40,42,43
36,33,12,-33,-12,53,-22,-35,25,36,32,33
-17,41,39,-22,-27,16,-18,-14,27,14,44,44
27,50,12,-38,-11,36,-21,-14,23,32,43,57
9,27,22,-30,12,41,-11,-7,-8,23,37,21
8,13,22,-8,-24,12,-5,-14,-1,33,30,9
-3,27,19,-19,3,24,-32,-9,-2,15,24,-6
25,10,1,4,1,18,23,4,-21,28,14,13
8,-23,-22,-3,-13,41,-7,-6,-11,-10,3,-7
-13,-9,0,-14,4,5,-2,-3,-17,11,-2,-9
4,6,2,10,14,-1,0,5,-12,3,-27,-30
12,-23,-2,-7,-2,-10,33,5,-1,-12,-11,-12
-34,-6,-2,8,-11,7,-3,22,1,-12,-18,-12
-12,-28,-21,12,5,-22,-1,5,-2,-38,-12,-6
-11,-21,-22,19,-9,-16,11,34,-1,-11,-27,-21
-16,-25,-13,18,-22,-20,31,22,-10,-16,-18,-22
-12,-17,3,13,-15,-24,7,-7,-11,-20,-34,-30
3,-32,-35,24,-7,-39,15,35,-8,-29,-40,-24
-11,-49,-28,43,10,-18,34,4,8,-24,-27,-36
-21,-31,-17,13,13,-36,31,8,20,-23,-38,-29
-20,-41,-15,29,10,-44,28,30,-17,-34,-29,-23
-12,-35,-27,20,-9,-29,28,19,-21,-55,-39,-41
-12,-65,-42,19,-16,-34,46,29,8,-35,-44,-37
-26,-41,-44,28,-4,-38,38,0,-5,-32,-48,-42
-28,-66,-42,32,7,-41,18,20,-37,-37,-50,-37
-28,-43,-51,28,7,-65,29,16,-29,-36,-76,-31
-17,-29,-38,38,16,-26,22,0,-3,-44,-53,-27
-15,-54,-39,50,-1,-56,43,20,-8,-18,-40,-29
-5,-60,-10,36,2,-63,41,35,-1,-40,-43,-19
-2,-65,-46,32,17,-42,26,38,-20,-16,-41,-42
-20,-60,-37,37,-2,-42,40,20,-30,-45,-36,-50
-25,-55,-37,41,-18,-32,32,11,-24,-42,-40,-46
-25,-52,-43,35,16,-37,44,40,-9,-45,-63,-32
-14,-58,-36,19,-11,-63,40,3,-3,-47,-54,-28
-35,-59,-26,31,-4,-41,21,17,-3,-58,-63,-34
-17,-60,-25,30,16,-63,26,23,-10,-60,-53,-26
-32,-53,-60,40,-1,-57,21,35,-17,-39,-57,-46
-8,-35,-36,75,7,-48,28,24,-9,-36,-63,-23
-15,-66,-24,43,6,-53,8,30,-32,-34,-50,-48
-19,-88,-42,27,13,-44,39,40,-27,-44,-52,-32
-20,-56,-33,16,7,-48,33,46,-4,-59,-41,-39
-17,-52,-23,45,14,-56,31,14,-43,-52,-53,-44
-34,-35,-42,56,4,-36,25,39,-27,-28,-72,-41
-31,-66,-26,40,5,-66,23,9,-13,-28,-64,-46
-1,-54,-39,43,17,-56,36,34,-12,-47,-59,-20
-34,-61,-45,45,2,-56,40,33,-11,-63,-55,-66
-21,-61,-21,37,-1,-29,31,12,-3,-30,-56,-50
-25,-81,-61,72,-8,-41,20,18,-32,-36,-53,-47
-17,-55,-61,36,5,-58,14,8,0,-51,-39,-52
-35,-52,-42,26,17,-34,19,22,-20,-41,-51,-38
-32,-66,-40,28,25,-44,26,28,-15,-42,-67,-55
-10,-63,-41,35,23,-32,18,25,-8,-43,-54,-63
-15,-71,-31,36,-17,-50,38,56,-17,-37,-38,-33
-18,-64,-37,42,-14,-40,22,40,-4,-36,-26,-21
-33,-48,-42,32,7,-66,10,18,-3,-53,-53,-28
-30,-54,-36,32,15,-42,35,15,-9,-48,-34,-58
-46,-61,-30,51,3,-40,52,37,-27,-8,-48,-59
-23,-49,-34,23,10,-36,23,9,-11,-46,-42,-49
3,-67,-39,36,11,-40,24,-2,-21,-40,-57,-53
-26,-38,-30,50,17,-45,35,19,-26,-29,-44,-41
-11,-64,-24,42,22,-51,26,10,-13,-59,-39,-38
-26,-62,-45,43,16,-46,21,34,-19,-27,-61,-45
-18,-54,-35,19,7,-40,14,33,-24,-57,-52,-47
-18,-34,-39,38,14,-64,1,23,-11,-31,-54,-28
-17,-77,-35,31,7,4,61,19,-6,-31,-41,-41
-4,-38,-37,24,11,-32,13,14,-29,-27,-43,-27
-34,-29,-21,35,26,-27,16,32,11,-43,-37,-25
-24,-45,-36,28,-10,-22,10,15,-29,-42,-50,-23
-5,-49,-35,15,24,-37,29,13,-26,-42,-9,-21
-3,-38,-23,27,3,-39,27,22,-7,-49,-36,-14
-25,-26,-13,13,6,-10,19,4,-31,-41,-21,-5
-21,-46,-10,26,8,-21,12,14,-6,-33,6,-22
-11,-5,-12,35,10,-37,24,10,-10,-32,-15,-19
-3,-17,-33,15,7,-5,-14,18,-20,-11,-15,-19
-20,0,-11,-17,13,0,8,0,-1,-20,-2,9
10,11,-17,23,-4,-13,-7,-15,-16,-22,-4,3
-24,-9,-21,5,17,-28,1,7,0,-10,-7,-13
3,17,-5,19,4,-9,0,3,-26,4,-20,3
12,29,12,-14,10,4,1,7,-31,3,-6,27
1,22,30,-23,-2,19,-7,7,16,29,16,-14
0,26,21,-14,0,5,-12,-1,2,25,51,19
22,46,33,-7,-34,32,8,-12,24,31,50,36
17,29,26,-30,9,33,1,-17,14,30,43,39
16,53,45,-27,-8,36,-27,-19,3,39,23,31
10,70,57,-25,-10,65,-29,-33,19,33,54,34
39,67,19,-59,3,54,-41,-23,12,66,53,48
25,98,27,-47,-21,85,-28,-33,5,53,75,52
38,116,64,-68,-16,99,-39,-18,18,63,66,67
28,91,78,-77,-10,98,-57,-37,40,83,105,77
9,97,46,-73,-22,90,-47,-51,44,82,99,79
33,131,87,-63,-33,104,-65,-55,35,101,101,80
58,138,79,-80,-1,114,-80,-40,39,97,116,87
51,131,67,-98,-21,113,-80,-61,28,108,119,102
53,169,93,-95,-2,96,-105,-37,53,114,127,129
45,156,94,-114,-29,109,-109,-48,47,118,143,105
58,146,86,-97,-18,124,-82,-60,41,142,137,132
54,177,98,-121,-28,140,-83,-83,43,138,146,111
91,186,130,-118,-51,150,-87,-90,53,114,178,131
59,180,124,-119,-11,161,-96,-70,55,133,152,128
90,192,119,-134,0,148,-94,-92,48,131,183,140
56,193,122,-136,-22,159,-103,-63,55,136,171,136
85,175,125,-124,-39,164,-108,-90,63,168,162,163
47,200,150,-144,-29,169,-105,-72,64,154,186,140
82,201,151,-123,-32,151,-99,-88,66,168,171,165
68,209,131,-123,-17,199,-114,-88,38,145,174,134
82,189,131,-128,-27,162,-133,-70,66,157,183,117
47,184,141,-135,-24,178,-105,-85,52,132,184,125
80,201,141,-119,-33,171,-101,-85,55,149,168,133
69,197,136,-146,14,166,-91,-78,69,141,162,130
66,186,123,-139,-19,153,-95,-76,32,151,168,141
67,179,107,-118,-22,164,-92,-63,57,125,157,144
66,153,119,-115,-28,118,-85,-62,47,124,157,112
46,167,101,-128,-38,125,-86,-86,58,129,160,126
47,140,121,-102,-52,143,-88,-67,35,134,126,99
46,153,93,-116,-24,126,-101,-72,60,126,145,125
64,149,80,-119,-30,108,-96,-35,47,83,131,101
30,133,71,-86,4,111,-70,-44,73,83,104,97
49,103,74,-77,-10,116,-52,-51,37,96,118,79
51,94,74,-65,-1,75,-45,-29,18,78,100,75
47,108,53,-81,-23,77,-44,-51,31,87,69,48
42,70,55,-33,8,70,-46,-21,26,44,63,48
31,68,53,-24,-26,42,-39,-22,36,38,64,37
29,61,42,-30,2,48,-12,-21,37,36,57,39
21,51,46,-25,-5,66,-41,-38,-11,32,37,25
16,47,32,-47,-20,48,-33,-3,11,37,41,40
23,27,9,-12,-12,22,-10,-8,-4,22,-2,21
7,29,24,-29,-12,16,-35,-3,23,30,33,12
18,10,8,0,-38,13,-16,-31,11,3,-11,7
3,18,5,18,-6,5,-13,-15,5,18,14,-20
-5,7,5,9,-10,-4,2,-2,0,-1,-27,4
-8,7,-18,-3,20,-4,7,-20,-10,5,-11,-10
-17,-31,-18,7,13,-18,14,-4,10,-12,-22,-1
-6,-13,-2,8,-9,-23,-8,3,-5,-6,2,-32
-14,-37,-14,21,18,-1,32,8,1,-17,-31,-24
-1,-15,-21,12,-7,-36,15,9,-9,-28,-38,-3
-3,-39,-19,33,5,-30,15,14,-17,-18,-37,-8
-34,-28,-32,28,27,0,16,21,8,-39,-52,-23
-28,-47,-23,17,-3,-23,23,24,0,-38,-43,-29
-25,-53,-27,33,5,-64,24,27,3,-37,-31,-32
-35,-46,-47,46,4,-30,-1,21,-36,-30,-45,-47
-25,-53,-74,42,-8,-57,15,43,1,-49,-72,-31
-17,-79,-41,69,-2,-42,45,15,-30,-59,-59,-45
-34,-85,-58,64,10,-62,50,23,-10,-50,-79,-51
-37,-79,-70,67,10,-75,58,42,-29,-77,-87,-75
-49,-96,-64,56,7,-55,53,45,-34,-66,-84,-43
-47,-124,-92,63,19,-90,76,38,-23,-71,-111,-75
-43,-127,-70,72,21,-114,52,37,-40,-111,-108,-96
-39,-133,-98,77,24,-121,93,59,-31,-113,-145,-105
-76,-181,-85,124,36,-122,63,67,-36,-111,-158,-99
-66,-166,-103,136,1,-123,87,84,-80,-153,-143,-122
-73,-181,-132,128,31,-150,87,69,-53,-168,-158,-123
-77,-216,-129,133,8,-147,130,90,-75,-157,-180,-166
-76,-197,-146,139,29,-178,127,73,-82,-166,-185,-150
-78,-219,-142,166,45,-163,111,95,-75,-175,-203,-151
-69,-224,-131,129,37,-169,130,101,-67,-165,-201,-163
-55,-181,-129,101,32,-185,115,82,-64,-159,-183,-135
-61,-182,-89,131,28,-141,113,82,-65,-146,-153,-125
-52,-146,-95,122,14,-119,89,72,-64,-138,-137,-96
-35,-104,-62,63,33,-86,42,49,-47,-88,-84,-61
-7,-35,-30,28,12,-20,22,17,-26,-3,-47,-33
22,53,26,-47,-16,41,-24,-29,22,22,40,34
54,138,62,-83,-20,114,-78,-59,52,93,100,82
91,242,163,-152,-26,192,-123,-93,59,188,208,176
103,316,232,-216,-55,270,-173,-127,110,258,294,222
145,455,275,-286,-45,373,-250,-168,120,353,396,296
210,548,361,-363,-79,471,-326,-193,176,422,521,410
231,692,428,-463,-112,563,-362,-274,210,487,598,458
282,767,487,-515,-132,635,-405,-303,233,584,690,541
300,857,564,-575,-113,708,-460,-331,259,657,791,621
328,913,591,-620,-121,759,-497,-379,280,678,829,646
347,951,652,-633,-137,807,-504,-372,282,709,865,665
326,941,646,-654,-131,788,-509,-384,309,721,851,654
350,905,612,-625,-146,766,-522,-394,284,706,846,681
324,898,591,-613,-145,730,-482,-352,262,664,804,618
274,796,534,-547,-121,660,-440,-319,241,609,712,577
263,723,489,-477,-98,584,-389,-290,221,547,646,491
196,576,378,-389,-85,497,-305,-246,162,454,534,420
163,466,308,-307,-65,401,-254,-167,139,364,435,342
123,355,212,-238,-45,305,-193,-147,116,263,309,237
53,225,147,-159,-27,198,-116,-119,62,171,216,162
52,130,84,-87,-27,107,-79,-60,47,93,116,62
4,29,8,-15,-10,23,-30,15,0,3,16,16
-38,-53,-36,34,21,-59,52,42,-35,-48,-74,-68
-73,-153,-98,108,22,-151,96,58,-51,-118,-139,-101
-61,-197,-160,159,22,-174,107,83,-42,-149,-198,-139
-110,-263,-172,184,49,-217,149,85,-73,-193,-242,-186
-87,-295,-204,185,49,-256,169,120,-76,-203,-262,-192
-111,-314,-192,187,32,-233,154,115,-97,-242,-292,-209
-121,-300,-191,228,23,-279,176,119,-89,-228,-293,-214
-94,-288,-204,216,50,-248,166,141,-87,-219,-288,-194
-92,-273,-201,193,72,-252,169,107,-75,-215,-264,-219
-101,-274,-155,206,63,-216,140,108,-76,-211,-228,-192
-93,-276,-157,183,23,-210,153,91,-93,-192,-226,-171
-79,-261,-153,162,27,-183,105,101,-75,-181,-216,-171
-81,-211,-139,146,29,-177,127,102,-78,-165,-204,-179
-70,-192,-109,120,21,-177,112,99,-27,-150,-166,-123
-75,-170,-109,109,40,-140,96,72,-30,-111,-129,-99
-28,-154,-80,106,-1,-117,79,71,-39,-106,-154,-75
-53,-129,-77,58,16,-99,82,43,-52,-84,-126,-87
-61,-133,-67,87,7,-83,64,34,-25,-67,-104,-71
-34,-88,-62,51,19,-81,46,44,-49,-67,-68,-79
-27,-70,-48,45,13,-77,56,50,-34,-83,-85,-76
-37,-85,-48,44,16,-72,16,28,-18,-53,-67,-42
-30,-59,-54,33,9,-54,55,29,-33,-34,-55,-37
-50,-68,-41,53,22,-64,36,35,-37,-53,-72,-69
-23,-65,-40,45,1,-55,49,47,-21,-64,-80,-31
-25,-58,-41,38,6,-50,40,27,-12,-52,-51,-59
-5,-64,-32,25,-2,-42,5,6,-27,-38,-68,-12
-21,-27,-36,24,16,-37,18,22,-7,-32,-38,-29
4,-53,-40,41,16,-52,35,17,-12,-42,-71,-53
-13,-64,-25,24,21,-53,27,35,-19,-42,-62,-55
-22,-45,-42,34,-4,-35,32,25,5,-24,-33,-22
0,-42,-30,34,-7,-32,33,16,-3,-26,-47,-19
-8,-40,-12,12,-9,-46,5,-3,14,-34,-33,-37
-30,-58,-29,25,6,-33,13,4,-20,-42,-62,-32
5,-37,9,25,2,-15,44,30,-18,-30,-36,-40
-7,-19,-9,-4,5,-17,14,-4,-20,-13,-30,5
-12,-25,-10,26,-26,-25,10,10,12,-18,-21,-12
-7,-4,-12,35,-4,-17,19,10,-13,-3,-38,-6
-11,-10,-2,-4,-25,-13,-13,1,-17,-24,-6,11
8,-11,-20,-11,8,-7,12,-10,6,-17,-22,-16
15,-23,-12,0,-21,-9,7,-5,-7,-5,17,-8
6,10,20,9,-13,22,13,-13,-11,32,-5,1
8,12,-12,-19,4,15,-1,-1,30,18,28,-12
-28,2,-2,-11,3,32,-17,-11,3,39,7,13
23,29,21,-8,-22,26,-9,-4,28,16,42,11
25,11,1,-33,10,26,-34,-9,-3,29,42,12
14,35,19,-12,-32,30,-21,-13,19,41,30,20
9,37,30,-24,-16,45,-23,-38,17,42,49,49
2,30,41,-49,-21,43,-27,-3,5,42,26,34
12,61,25,-33,-1,58,-36,-24,5,52,88,46
25,72,51,-52,-21,60,-41,-17,32,56,56,59
36,78,47,-64,-2,60,-59,-16,22,49,57,53
2,106,73,-67,-4,66,-40,-23,44,58,84,74
39,75,57,-78,-21,54,-52,-30,18,58,97,72
21,125,65,-89,-24,91,-61,-56,29,84,82,99
50,114,89,-83,-25,89,-84,-24,23,117,108,87
31,126,75,-83,-18,111,-66,-50,36,106,123,92
46,129,76,-98,-16,112,-77,-46,37,121,114,99
51,145,104,-85,-27,114,-86,-53,48,120,137,101
58,147,97,-89,-47,109,-85,-75,46,108,154,104
56,193,119,-126,-34,135,-82,-70,33,141,151,134
75,185,137,-142,-51,155,-99,-99,53,134,168,149
70,204,121,-161,-20,154,-103,-93,60,142,150,141
69,213,139,-141,-28,165,-127,-68,67,145,182,130
98,214,111,-135,-30,157,-128,-87,68,151,194,137
59,221,148,-141,-39,187,-109,-84,67,177,197,158
78,260,131,-144,-42,187,-129,-91,84,166,219,171
68,230,161,-179,-45,206,-122,-107,74,175,201,171
64,236,147,-169,-17,214,-124,-87,88,182,207,179
69,238,158,-163,-52,219,-146,-103,80,193,224,184
90,262,167,-168,-36,219,-153,-93,84,184,240,188
98,262,159,-179,-30,225,-156,-93,87,204,240,180
91,276,172,-196,-31,229,-150,-126,80,224,230,197
106,272,187,-195,-51,237,-149,-123,58,195,272,194
111,309,200,-219,-36,237,-146,-119,88,218,256,202
102,317,223,-214,-35,239,-176,-129,99,240,253,194
113,303,180,-220,-53,256,-163,-108,88,238,281,225
102,305,203,-219,-57,261,-169,-120,107,232,275,212
110,319,197,-190,-65,277,-153,-124,93,240,291,235
109,327,216,-213,-71,253,-186,-108,84,245,291,226
102,339,238,-221,-45,268,-167,-122,111,242,291,238
104,329,226,-201,-50,252,-181,-113,88,244,297,232
101,318,229,-211,-41,259,-199,-125,86,243,296,231
108,337,216,-202,-60,263,-177,-125,102,246,292,231
117,326,208,-202,-74,275,-167,-139,92,265,305,230
115,314,222,-219,-34,280,-210,-145,110,259,299,216
126,334,209,-226,-47,279,-200,-144,96,224,278,208
128,344,226,-226,-54,268,-197,-141,109,221,312,230
106,311,215,-212,-25,275,-158,-136,106,235,300,211
100,336,204,-232,-40,279,-160,-110,96,248,285,207
116,316,190,-217,-46,260,-174,-156,94,232,294,243
123,332,202,-220,-40,281,-156,-137,88,247,288,220
117,314,197,-221,-12,267,-165,-119,98,219,289,210
123,317,190,-211,-43,277,-201,-137,84,250,261,224
114,301,204,-209,-28,258,-172,-127,94,226,277,189
92,299,197,-205,-25,255,-161,-117,77,204,281,216
104,297,202,-190,-61,238,-134,-115,87,213,263,202
89,269,186,-170,-55,236,-152,-137,76,214,257,203
76,258,160,-187,-26,235,-130,-95,89,186,235,215
95,269,179,-177,-45,210,-145,-117,94,202,237,171
112,241,173,-156,-38,223,-138,-123,84,174,215,200
97,260,143,-169,-31,213,-130,-98,76,169,226,184
96,214,159,-146,-39,193,-134,-113,59,189,213,176
101,235,146,-153,-30,196,-133,-101,58,179,218,166
83,227,116,-173,-29,192,-134,-77,40,177,197,160
77,208,150,-129,-43,155,-99,-76,77,149,163,143
82,198,114,-136,-33,158,-122,-92,59,147,191,140
58,173,135,-136,-19,149,-109,-52,67,130,159,117
49,173,116,-128,-12,128,-99,-66,68,127,147,118
46,174,109,-92,-11,145,-71,-42,65,119,152,105
65,142,99,-87,-27,112,-99,-69,64,122,126,91
21,147,96,-93,-24,102,-74,-69,49,116,142,114
54,137,75,-116,-20,104,-82,-46,29,116,120,87
59,109,79,-80,-6,97,-75,-42,46,109,112,94
53,133,90,-67,-23,112,-65,-49,38,76,79,89
33,100,74,-53,-21,78,-60,-27,7,60,86,54
19,89,66,-57,-2,85,-58,-46,35,65,103,61
38,61,44,-47,-9,67,-45,-32,8,59,81,81
21,65,39,-47,-26,81,-43,-52,16,51,76,59
35,55,34,-47,-11,66,-51,-19,12,55,53,46
35,62,50,-11,-46,57,-22,-10,-11,53,34,38
5,54,15,-43,-10,45,-11,-18,3,22,74,44
18,17,36,-15,-17,7,-13,-25,-6,19,18,22
14,42,10,1,-12,26,-23,3,27,10,26,13
17,12,6,-10,1,5,-22,16,17,16,10,34
11,18,9,-17,-9,-10,3,0,23,-1,3,5
-11,-13,-12,11,2,1,-4,9,15,16,-14,-1
25,-16,-13,-1,2,-4,9,-15,-25,-13,-16,-17
4,-10,-27,6,0,-13,11,0,-8,-15,-21,-30
4,-28,-15,38,7,-9,-6,6,-5,-15,11,-23
6,-49,-15,7,-3,-21,21,25,-25,-19,-15,-24
-12,-49,-22,21,-19,-37,21,24,-2,4,-20,-17
-20,-37,-26,28,-5,-32,38,-9,-16,-14,-28,-29
6,-45,-18,32,-17,-27,47,17,7,-23,-20,-4
-35,-53,-41,33,29,-24,35,8,-14,-33,-58,-48
-32,-48,-11,48,-16,-51,32,32,-15,-45,-25,-30
-2,-53,-46,34,7,-35,27,31,-7,-28,-9,-51
-30,-63,-37,45,31,-24,28,46,-12,-34,-61,-70
-39,-70,-41,43,1,-33,22,17,-20,-54,-69,-46
-22,-61,-31,59,13,-70,42,34,-27,-65,-86,-50
-12,-61,-52,69,27,-63,39,36,-42,-49,-43,-37
-17,-96,-32,48,4,-50,30,21,-23,-69,-63,-30
-18,-55,-32,56,4,-84,55,7,-17,-64,-62,-71
-30,-86,-47,60,7,-63,44,36,-29,-31,-98,-48
-19,-85,-59,40,8,-58,50,31,-18,-48,-66,-67
-41,-92,-48,50,19,-58,52,41,-44,-57,-61,-53
-11,-94,-50,48,28,-86,28,45,-15,-68,-106,-66
-27,-109,-62,48,9,-77,49,29,-32,-61,-94,-61
-23,-100,-67,54,23,-74,67,51,-27,-69,-89,-50
-25,-88,-50,45,19,-50,58,21,-32,-69,-69,-69
-37,-100,-48,56,-2,-71,49,27,-20,-64,-88,-63
-42,-113,-77,63,22,-81,28,44,-20,-74,-90,-68
-22,-88,-51,66,8,-76,52,38,-50,-101,-78,-63
-44,-81,-40,61,3,-89,42,54,-40,-82,-79,-58
-25,-104,-63,69,24,-74,42,40,-10,-82,-77,-78
-35,-102,-59,80,32,-79,88,38,-30,-77,-61,-65
-35,-81,-76,81,-13,-80,29,25,-42,-65,-87,-66
-44,-104,-88,81,37,-77,33,30,-37,-97,-82,-68
-34,-107,-81,81,13,-77,57,29,-15,-79,-70,-68
-47,-115,-72,53,18,-88,63,29,-31,-105,-109,-63
-24,-95,-71,67,12,-79,58,44,-18,-70,-92,-57
-21,-111,-74,82,16,-87,74,29,-30,-81,-73,-81
-47,-92,-82,79,28,-75,43,55,-31,-75,-80,-75
-43,-93,-82,75,32,-105,62,27,-28,-71,-88,-81
-54,-92,-40,56,5,-79,58,26,-23,-69,-106,-69
-37,-111,-36,71,13,-70,63,33,-28,-68,-101,-67
-39,-116,-82,51,16,-100,51,22,-34,-80,-94,-72
-45,-93,-54,69,21,-76,54,47,-19,-57,-84,-66
-30,-93,-76,72,18,-82,71,42,-31,-86,-91,-53
-36,-98,-70,92,24,-77,72,41,-35,-82,-89,-63
-36,-120,-64,73,31,-89,53,53,-25,-71,-81,-49
-14,-91,-60,51,11,-77,40,16,-19,-64,-76,-71
-8,-104,-55,62,30,-81,49,36,-24,-72,-89,-62
-24,-109,-55,63,35,-65,51,48,-26,-89,-83,-70
-21,-87,-73,56,12,-61,67,32,-38,-57,-78,-82
-31,-86,-61,72,5,-95,56,35,-35,-95,-94,-65
-41,-116,-68,80,18,-79,63,26,-35,-100,-100,-63
-30,-91,-60,49,7,-81,34,26,-27,-60,-90,-64
-22,-107,-62,64,38,-56,63,41,-12,-77,-78,-81
-17,-90,-65,77,33,-70,62,38,-48,-56,-99,-54
-29,-101,-50,71,19,-67,73,37,-26,-52,-57,-75
-23,-92,-80,58,12,-80,38,32,-36,-57,-71,-55
-32,-93,-50,63,9,-87,58,42,-39,-86,-75,-76
-29,-90,-71,82,10,-66,51,37,-35,-80,-72,-46
-21,-87,-60,90,12,-64,68,22,-22,-56,-87,-49
-36,-97,-54,39,22,-45,65,45,-16,-65,-80,-47
-41,-92,-49,71,21,-86,50,52,-16,-67,-71,-74
-28,-83,-72,33,10,-89,49,48,-30,-85,-92,-81
-26,-100,-68,70,36,-68,37,36,-27,-73,-76,-71
-22,-95,-59,56,7,-70,52,43,-28,-67,-85,-61
-38,-81,-34,63,9,-57,27,25,-33,-48,-56,-41
-42,-85,-64,63,0,-71,41,37,-10,-63,-76,-66
-8,-70,-62,56,18,-66,61,36,-20,-67,-86,-45
-10,-82,-56,46,27,-56,67,15,-17,-24,-84,-63
-14,-74,-41,20,19,-55,37,46,-14,-67,-69,-37
-15,-50,-45,52,25,-71,46,29,-20,-55,-51,-63
-44,-50,-33,31,32,-57,45,4,-7,-44,-49,-37
-13,-66,-66,37,0,-57,23,25,-26,-55,-71,-63
-12,-95,-34,23,4,-37,12,41,-26,-37,-40,-20
-20,-61,-21,39,1,-35,36,19,-3,-42,-39,-39
-8,-39,-34,44,5,-47,52,21,-14,-41,-51,-41
3,-44,-32,50,-1,-27,33,36,-3,-41,-46,-18
-1,-26,-14,9,-6,-20,21,-14,-7,-18,-36,-11
2,-45,-11,27,-6,-5,27,26,-4,-17,-8,-8
-4,-22,1,34,14,-6,3,5,-17,-19,-2,0
5,-13,-11,26,-20,-22,17,-3,0,6,9,4
-9,-12,19,13,0,6,2,14,-24,15,-10,0
8,10,-2,-15,8,0,2,-4,4,15,2,-14
30,37,31,10,-9,21,7,-11,11,-11,13,27
9,30,38,13,-5,32,-1,-14,-1,36,2,40
18,58,33,-11,0,28,-18,-14,0,51,25,52
8,31,13,-45,-30,43,-34,-18,23,48,61,28
38,49,41,-46,-2,33,-39,-29,-1,54,52,56
26,67,44,-51,-22,54,-41,-34,16,49,71,43
11,65,52,-60,-27,44,-52,-36,24,65,53,41
9,93,57,-40,-9,81,-63,-48,43,57,82,81
32,71,54,-59,-24,69,-34,-58,43,62,86,70
30,116,59,-60,-14,90,-53,-17,40,93,99,55
64,106,72,-102,-13,84,-60,-43,43,73,124,63
45,135,62,-69,-20,100,-71,-66,39,81,109,80
52,132,69,-89,-33,98,-74,-45,45,101,122,112
48,135,107,-100,-6,107,-50,-53,19,105,147,105
57,136,95,-97,-39,109,-78,-63,56,82,134,89
48,161,95,-96,-31,124,-87,-54,20,121,135,84
64,140,104,-89,-13,127,-102,-87,67,113,141,97
60,157,119,-111,-31,136,-77,-73,57,109,133,119
28,169,132,-118,-25,144,-89,-81,63,113,148,99
59,151,91,-119,-17,118,-100,-56,41,120,157,118
50,167,111,-102,-8,124,-88,-65,56,98,153,110
69,165,101,-120,-34,109,-105,-73,62,122,167,118
47,150,121,-107,-14,129,-93,-55,62,116,158,108
51,174,122,-103,-18,134,-108,-65,43,120,148,100
68,183,104,-115,-13,123,-116,-81,66,110,143,107
58,136,97,-107,-31,140,-92,-70,38,136,123,122
45,148,74,-80,-30,115,-65,-57,31,121,114,96
64,135,103,-85,-15,116,-69,-57,22,99,148,107
50,145,89,-86,-30,109,-100,-62,55,114,141,83
38,120,63,-83,-10,105,-57,-67,31,82,103,99
35,121,79,-91,-23,101,-59,-55,52,96,117,83
34,102,86,-64,-7,87,-47,-55,20,91,105,89
44,112,90,-87,-16,78,-49,-43,53,75,94,68
24,83,55,-42,-17,69,-50,-46,23,57,76,49
48,91,69,-65,-8,74,-31,-40,31,25,60,33
12,66,49,-58,-21,46,-42,-46,13,69,36,40
21,48,27,-49,-10,55,-22,-18,2,62,63,71
5,60,14,-39,-29,50,-21,-12,35,48,47,17
6,21,38,-23,-19,34,-24,-22,24,20,28,46
0,52,21,-16,3,24,-7,-1,32,33,12,25
1,5,34,7,13,-4,-5,-16,3,28,22,22
-4,8,21,-18,-2,38,5,13,16,24,-2,-27
27,2,4,-11,-7,-9,-8,-4,-16,-7,15,15
7,-12,-16,3,2,-3,-12,-13,-1,3,0,13
-17,-33,8,-11,6,-29,12,-5,10,-5,-31,-19
-11,-29,-1,29,9,-17,26,-2,-23,-28,-42,-20
-39,-23,-28,39,10,-45,38,11,0,-31,-23,-38
-5,-31,-19,20,21,-29,28,14,-29,-38,-39,-20
-9,-38,-33,37,8,-41,23,13,-12,-51,-43,-2
-29,-33,-33,52,-6,-41,31,12,-7,-42,-39,-30
-24,-61,-56,38,-4,-41,15,52,-11,-51,-37,-41
-26,-70,-43,27,34,-41,27,46,-1,-45,-65,-56
-27,-80,-25,66,1,-63,26,31,-30,-34,-55,-45
-42,-68,-38,47,7,-70,37,36,-11,-36,-75,-59
-16,-90,-49,74,22,-32,35,9,-36,-60,-65,-40
-22,-81,-23,54,19,-50,37,31,-48,-69,-70,-62
-44,-69,-53,57,8,-57,39,27,-29,-75,-86,-70
-42,-83,-54,57,19,-91,35,51,-28,-62,-98,-74
-36,-101,-63,67,-4,-107,61,58,-46,-91,-107,-75
-45,-113,-54,85,18,-110,77,33,-28,-102,-101,-84
-49,-114,-74,98,14,-101,45,46,-53,-75,-105,-93
-49,-136,-77,89,28,-121,81,43,-38,-100,-134,-75
-56,-167,-99,114,14,-119,83,49,-60,-125,-131,-105
-59,-174,-134,101,34,-142,101,68,-48,-99,-145,-106
-48,-156,-136,126,28,-132,88,90,-54,-148,-176,-135
-86,-203,-124,134,18,-165,115,62,-50,-151,-201,-136
-81,-191,-121,136,40,-181,93,78,-67,-151,-194,-146
-56,-238,-140,147,7,-178,136,86,-60,-167,-224,-159
-84,-233,-160,160,20,-186,122,110,-68,-190,-202,-171
-64,-273,-166,175,34,-204,130,103,-87,-190,-250,-182
-96,-272,-167,186,40,-215,161,109,-70,-174,-245,-186
-87,-250,-170,186,43,-187,132,98,-65,-200,-207,-187
-85,-238,-151,156,38,-211,129,94,-50,-174,-243,-177
-72,-215,-152,127,50,-167,117,105,-45,-165,-184,-135
-71,-172,-113,97,41,-152,88,65,-26,-121,-159,-138
-40,-114,-72,69,23,-97,64,53,-32,-89,-109,-93
0,-49,-49,43,6,-38,34,36,-28,-48,-61,-29
14,27,-3,-3,-3,27,-13,-3,19,-12,21,14
30,86,44,-68,-21,61,-53,-59,24,65,87,67
77,180,150,-134,-27,153,-127,-82,50,143,175,131
116,310,195,-204,-36,237,-165,-124,84,222,264,213
143,395,271,-294,-69,355,-228,-143,133,316,375,320
184,544,350,-351,-100,440,-308,-213,163,388,498,369
211,653,416,-443,-97,535,-354,-248,193,478,584,458
234,744,488,-530,-106,624,-410,-291,208,568,679,506
292,821,548,-553,-103,699,-467,-326,228,637,743,586
324,891,589,-598,-111,734,-497,-368,274,675,801,601
329,927,620,-620,-129,759,-505,-371,262,697,816,639
327,918,594,-610,-142,784,-505,-384,260,672,809,646
314,901,581,-601,-121,733,-491,-394,266,663,780,634
294,846,545,-593,-118,703,-461,-316,248,645,757,612
265,772,511,-527,-119,652,-422,-334,228,590,700,538
212,656,456,-467,-106,580,-380,-272,203,531,619,474
226,565,393,-385,-90,474,-318,-221,154,449,511,414
154,464,311,-315,-44,359,-241,-185,134,326,407,311
111,318,205,-233,-68,268,-153,-109,94,238,280,218
75,208,150,-136,-36,176,-106,-74,60,140,188,154
47,87,54,-71,-17,73,-26,-34,28,73,90,72
-3,-11,4,41,2,-15,-4,4,11,3,-8,-23
-54,-113,-68,69,34,-94,50,37,-24,-74,-83,-92
-84,-195,-97,136,33,-140,103,74,-39,-137,-157,-151
-97,-242,-158,169,42,-214,133,116,-80,-186,-212,-164
-116,-311,-176,190,49,-262,170,126,-102,-232,-260,-216
-121,-339,-219,235,20,-273,199,113,-105,-251,-293,-240
-153,-337,-247,251,57,-290,194,168,-99,-266,-337,-256
-121,-355,-210,227,60,-298,216,154,-102,-272,-312,-269
-125,-377,-252,235,48,-300,201,164,-95,-257,-331,-241
-145,-326,-239,251,41,-286,206,125,-90,-262,-335,-247
-126,-331,-211,238,45,-260,190,140,-94,-251,-290,-235
-124,-318,-213,190,51,-259,186,113,-89,-234,-268,-216
-90,-288,-182,207,40,-256,178,114,-102,-223,-277,-207
-94,-263,-166,171,29,-230,157,120,-77,-192,-251,-191
-85,-273,-165,162,37,-195,130,98,-82,-179,-232,-175
-65,-232,-141,146,30,-174,118,89,-74,-159,-191,-165
-76,-213,-130,111,31,-147,113,62,-77,-153,-163,-142
-56,-170,-101,97,8,-133,96,82,-61,-117,-171,-114
-53,-160,-103,109,20,-127,106,77,-56,-119,-161,-110
-53,-147,-100,88,36,-128,83,76,-56,-120,-110,-127
-72,-135,-78,91,27,-139,80,61,-26,-118,-130,-99
-41,-115,-95,77,21,-120,77,48,-28,-93,-112,-75
-33,-114,-98,76,33,-98,78,17,-28,-105,-87,-83
-48,-104,-85,53,19,-87,52,44,-26,-110,-78,-86
-30,-113,-62,63,36,-53,80,35,-14,-84,-98,-76
-47,-108,-67,58,10,-87,63,29,-48,-71,-88,-73
-58,-88,-60,59,21,-76,49,43,-30,-80,-100,-69
-28,-106,-53,72,11,-89,60,41,-29,-72,-88,-67
-35,-76,-69,50,27,-98,44,34,-27,-60,-64,-53
-33,-96,-65,43,28,-59,50,21,-26,-71,-62,-51
-39,-102,-51,44,15,-65,22,28,-14,-68,-69,-63
-18,-76,-45,69,29,-91,40,32,-3,-62,-60,-61
-22,-79,-41,67,28,-73,35,21,-30,-76,-60,-51
-28,-77,-66,56,7,-75,42,28,-37,-34,-82,-50
-1,-99,-45,41,3,-56,47,47,-43,-63,-63,-47
-9,-52,-33,41,-6,-46,40,36,-20,-60,-68,-17
-15,-59,-44,45,10,-34,26,18,-19,-39,-59,-50
-29,-25,-23,67,7,-44,41,31,-7,-41,-53,-24
-35,-53,-51,20,6,-27,39,-1,-25,-43,-66,-35
-21,-50,-24,41,-7,-59,30,-1,-18,-23,-49,-20
-3,-48,-31,17,-1,-29,25,16,-7,-19,-37,-3
-18,-47,-13,36,5,-41,20,15,-10,-21,-14,-35
3,-51,-18,-10,6,-29,1,-13,-2,-13,-44,-9
7,-12,-14,3,-4,-22,24,6,-25,-17,-48,-17
-1,-18,12,17,12,-3,1,-1,9,-6,-19,-15
-2,-17,-12,-23,10,7,-3,0,12,-11,-15,-10
4,21,1,-1,13,-13,3,-1,-11,-15,2,1
-5,-3,-4,4,-3,-16,-1,-27,3,10,25,4
0,5,30,-20,4,44,2,-10,9,-1,7,16
-9,7,25,-17,-23,29,-27,-6,15,34,40,37
-11,35,35,-18,9,34,-12,3,7,15,27,29
19,41,42,-26,19,32,-31,-41,36,43,32,20
23,58,38,-35,-13,21,-35,-17,28,38,53,23
12,67,39,-41,-6,63,-23,-19,27,66,23,26
17,90,46,-36,1,49,-46,-48,19,44,80,48
36,80,51,-58,-3,51,-48,-48,15,54,54,44
40,87,45,-63,-25,69,-38,-35,20,79,67,59
28,89,44,-53,-9,86,-66,-32,39,86,63,79
31,95,63,-86,7,84,-54,-55,50,90,86,70
54,129,68,-79,-23,131,-41,-24,47,110,91,57
41,121,90,-59,-15,134,-84,-74,63,93,104,95
48,151,105,-87,-29,122,-84,-61,59,123,138,111
44,141,106,-89,-8,105,-79,-80,58,100,131,83
44,164,105,-93,-24,116,-75,-75,42,114,143,110
59,168,122,-132,-15,142,-109,-67,38,104,171,104
58,177,127,-120,-28,136,-87,-99,45,151,159,145
58,193,109,-99,-6,142,-90,-72,41,144,185,105
72,183,120,-112,-33,176,-121,-77,58,155,152,145
87,201,137,-135,-33,162,-122,-79,60,164,168,136
76,227,112,-150,-37,177,-128,-72,59,162,189,142
77,253,149,-163,-46,204,-138,-107,74,173,199,156
83,230,156,-153,-64,198,-135,-99,71,176,193,162
92,231,169,-146,-38,177,-136,-101,68,173,203,150
88,252,183,-188,-30,224,-143,-99,92,197,203,179
67,267,180,-188,-46,228,-160,-111,80,198,228,154
96,256,168,-164,-57,221,-159,-125,65,202,225,207
77,295,193,-179,-44,209,-147,-109,76,210,233,207
102,274,153,-187,-60,239,-170,-120,80,209,247,199
77,295,205,-208,-58,241,-151,-147,82,200,251,200
114,273,183,-209,-17,231,-187,-133,73,210,277,203
100,289,198,-178,-43,267,-163,-130,88,228,262,188
118,282,169,-173,-33,235,-170,-116,84,215,258,213
111,310,213,-189,-48,253,-171,-123,111,231,268,214
94,292,199,-224,-34,251,-191,-123,91,233,267,206
125,290,211,-202,-61,267,-170,-129,87,238,272,199
107,304,204,-182,-64,254,-170,-132,118,231,263,214
104,301,192,-208,-45,245,-180,-135,73,228,294,215
135,315,185,-214,-49,247,-176,-122,102,250,264,207
124,290,196,-191,-73,269,-171,-128,113,250,280,205
93,319,217,-197,-52,269,-178,-101,77,235,259,225
91,318,164,-188,-55,255,-170,-132,106,231,238,217
103,292,208,-192,-73,261,-151,-114,104,224,273,233
85,286,200,-181,-57,228,-157,-113,95,220,263,235
105,287,178,-192,-40,268,-161,-135,85,213,254,223
127,299,186,-184,-30,252,-164,-137,77,197,256,206
105,285,186,-217,-57,251,-169,-103,76,216,252,225
94,285,184,-204,-63,235,-130,-120,63,196,240,182
101,261,186,-184,-38,248,-150,-118,79,215,217,184
107,255,177,-182,-43,192,-142,-115,73,202,247,208
109,259,161,-190,-48,233,-136,-101,98,177,251,183
87,255,164,-167,-41,213,-119,-94,85,185,231,162
112,235,156,-157,-50,205,-138,-84,76,194,222,168
77,209,136,-149,-37,218,-129,-98,72,179,228,139
89,204,166,-158,-42,187,-105,-96,88,163,194,140
81,225,134,-147,-29,173,-118,-110,48,180,182,153
80,201,142,-150,-22,195,-135,-96,67,157,208,144
60,191,114,-115,-14,140,-123,-65,57,156,170,159
69,217,110,-141,-40,160,-105,-77,58,138,155,146
67,192,106,-121,-7,177,-113,-84,50,125,162,116
91,162,104,-129,-25,138,-83,-58,47,125,132,109
52,150,121,-96,-8,144,-63,-66,38,110,136,120
56,143,99,-111,2,129,-70,-69,53,108,121,95
63,148,89,-96,-37,125,-80,-43,37,105,120,77
37,114,96,-93,-20,103,-72,-63,32,86,99,52
22,111,61,-88,2,101,-67,-77,63,75,110,71
46,103,82,-75,-8,96,-54,-40,23,80,82,68
22,80,62,-77,6,96,-30,-36,18,85,89,54
43,77,50,-44,0,63,-48,-48,28,63,86,52
22,49,38,-37,0,46,-40,-22,34,53,73,88
28,87,41,-15,-18,21,-39,-24,19,37,55,43
18,72,67,-60,9,41,-34,-19,-7,49,69,49
19,48,36,-38,8,22,-23,-42,32,43,43,32
-1,27,32,-26,-8,36,-7,-37,32,35,32,27
28,15,29,-18,-24,11,-14,-11,5,37,43,13
7,35,24,-26,-11,7,-1,-15,8,25,22,19
-10,33,31,-1,-9,7,12,21,-14,10,-9,0
13,-10,8,-16,27,6,-18,-10,-11,11,20,15
4,-13,-6,7,6,5,-2,-29,-17,-5,-15,-20
-19,-7,12,0,-8,-18,19,-17,-13,-8,-6,-15
-8,-10,-19,25,14,-1,14,2,-4,-18,-16,-6
-7,-31,-8,12,-7,-14,2,17,-6,-22,-24,-17
-2,-23,-15,9,13,-18,6,4,-16,-34,-43,-31
-5,-52,-19,20,8,-34,24,33,-20,-51,-38,-28
-34,-60,-49,36,6,-54,40,14,-17,-14,-40,-18
-11,-40,-36,32,24,-43,22,8,-26,-43,-35,-22
-4,-57,-46,49,25,-33,34,22,-24,-28,-36,-14
-3,-52,-41,54,23,-33,44,37,3,-46,-57,-49
-26,-77,-51,32,-18,-42,44,34,-21,-65,-47,-68
14,-86,-22,50,14,-56,38,21,-16,-57,-72,-35
-24,-65,-46,34,13,-48,42,40,-14,-49,-84,-40
-27,-49,-45,46,17,-51,60,17,-35,-76,-67,-57
-42,-49,-40,36,11,-81,41,41,5,-50,-77,-30
-8,-83,-44,45,11,-70,32,32,-40,-82,-73,-63
-37,-88,-41,69,18,-59,41,31,-20,-39,-79,-57
-23,-92,-51,46,15,-60,51,29,-33,-62,-70,-71
-53,-83,-75,49,9,-58,58,21,-29,-63,-66,-63
-34,-93,-33,64,11,-85,44,34,-31,-61,-80,-67
-24,-97,-70,75,9,-68,62,34,-29,-53,-59,-76
-25,-86,-72,66,20,-81,54,37,-20,-84,-74,-64
-40,-67,-69,53,17,-84,34,59,-25,-78,-72,-67
-29,-93,-70,76,-12,-87,48,21,-12,-71,-79,-90
-43,-86,-71,82,36,-71,72,21,-38,-78,-66,-84
-31,-90,-46,69,14,-92,55,36,-32,-50,-78,-60
-39,-100,-68,71,17,-98,44,44,-14,-68,-91,-61
-39,-87,-67,60,25,-75,51,42,-28,-57,-102,-68
-28,-80,-51,62,7,-76,54,52,-40,-79,-66,-59
-27,-89,-72,61,7,-89,63,34,-43,-77,-102,-48
-21,-125,-83,72,23,-108,42,34,-23,-80,-97,-48
-32,-92,-70,50,25,-90,59,33,-21,-79,-76,-69
-28,-78,-61,55,21,-62,66,17,-41,-54,-89,-64
-15,-106,-65,84,24,-72,38,32,-41,-64,-117,-89
-36,-102,-65,75,18,-85,52,47,-29,-75,-114,-72
-44,-100,-60,55,7,-83,51,50,-31,-80,-98,-76
-34,-112,-64,47,8,-75,51,35,-28,-61,-112,-65
-30,-99,-81,63,9,-93,40,26,-11,-81,-97,-57
-25,-109,-60,81,27,-99,46,32,-58,-59,-88,-76
-47,-88,-49,43,28,-70,50,38,-42,-86,-77,-77
-32,-108,-66,67,10,-68,53,48,-24,-69,-117,-73
-45,-99,-68,64,12,-87,50,35,-26,-96,-85,-78
-46,-97,-79,74,13,-83,47,20,-37,-58,-72,-66
-45,-106,-55,59,36,-95,37,21,-29,-94,-83,-82
-41,-90,-68,61,29,-93,38,38,-44,-72,-77,-88
-30,-101,-87,51,11,-71,63,35,-39,-73,-78,-55
-19,-114,-51,39,-11,-95,53,26,-14,-63,-73,-51
-51,-93,-64,57,-6,-117,47,22,-30,-72,-109,-95
-31,-107,-51,45,-12,-92,52,56,-27,-81,-67,-62
-44,-102,-55,72,19,-68,40,22,-29,-77,-68,-65
-26,-83,-40,65,22,-76,37,28,-28,-55,-93,-55
-26,-82,-58,66,20,-69,60,36,-13,-66,-84,-69
-52,-101,-59,75,30,-91,54,21,-20,-69,-71,-58
-40,-85,-52,70,-4,-93,64,29,-52,-48,-78,-55
-35,-89,-51,57,15,-73,64,46,-51,-59,-91,-79
-27,-103,-61,60,11,-81,43,50,-31,-60,-75,-53
-35,-76,-49,40,18,-68,66,49,-12,-69,-82,-58
-38,-82,-59,52,18,-88,36,25,-41,-71,-78,-55
-41,-78,-54,71,17,-62,34,28,-26,-66,-94,-66
-25,-71,-60,50,21,-74,13,32,-23,-60,-94,-58
-32,-68,-61,87,41,-58,34,7,-32,-91,-83,-59
-17,-87,-62,70,31,-69,64,52,-31,-52,-64,-48
-39,-90,-51,48,-8,-64,52,51,-30,-75,-90,-59
-37,-62,-66,39,-18,-66,36,38,-11,-76,-77,-59
-21,-70,-70,68,13,-69,43,48,-33,-45,-66,-41
-37,-80,-59,59,27,-78,52,14,-28,-47,-70,-59
-29,-61,-26,48,9,-61,44,0,-27,-54,-61,-52
-31,-83,-32,47,7,-55,68,54,-6,-43,-75,-48
-38,-89,-37,57,7,-61,37,41,-32,-53,-71,-44
-20,-78,-34,60,2,-68,35,32,-10,-41,-49,-58
-21,-83,-48,43,12,-62,21,7,-42,-33,-56,-25
-34,-79,-40,54,2,-67,13,28,-12,-45,-61,-19
-6,-66,-41,50,16,-58,23,32,-37,-47,-60,-38
-52,-64,-4,33,-10,-49,33,5,-13,-35,-43,-45
-25,-38,-39,42,5,-22,38,38,-17,-44,-40,-40
-22,-52,-28,10,3,-49,14,13,11,-17,-38,-37
-28,-34,-11,25,-6,-14,21,29,-25,-53,-29,-21
-8,-42,-18,21,-6,-49,25,17,-18,-34,-25,-33
-2,-39,-33,28,2,-14,18,14,-11,-8,-11,-24
-1,-2,-25,7,6,-17,11,27,-9,-20,-46,-31
-9,-5,8,6,31,-27,22,8,-25,-22,-8,-5
-13,-21,-20,12,1,-26,24,-1,0,-8,-5,4
-2,-5,-2,15,-3,28,4,-23,3,-13,4,3
-2,10,4,-10,-14,42,12,-3,8,8,31,1
9,12,7,4,-6,32,-10,-2,-19,31,-5,6
4,23,10,-4,-2,22,0,13,21,10,46,37
22,61,34,-19,19,42,-15,-23,5,17,16,26
10,47,35,-42,-22,40,-18,-26,0,30,23,40
17,64,27,-38,-29,35,-26,-20,11,36,65,17
10,47,43,-53,-16,54,-40,-26,21,61,75,43
11,68,61,-52,-2,60,-37,-7,32,45,69,36
16,62,71,-50,-10,84,-66,-52,38,81,59,69
35,128,58,-55,-23,84,-31,-48,38,78,90,87
28,123,72,-58,-28,103,-38,-45,22,96,87,66
48,118,82,-75,-9,96,-66,-42,27,63,107,85
41,133,72,-83,-3,90,-44,-55,42,81,134,89
40,132,94,-90,-22,90,-79,-62,24,85,123,70
47,141,89,-112,-41,101,-83,-50,57,86,114,81
64,156,93,-92,-40,124,-62,-46,48,107,149,97
59,143,101,-93,-11,134,-94,-45,45,115,153,102
34,163,114,-86,-34,135,-74,-57,52,120,139,115
84,142,98,-117,-11,126,-89,-54,49,129,166,105
69,171,102,-136,-42,143,-100,-70,60,109,153,135
53,186,109,-145,-39,142,-110,-80,57,129,136,116
49,173,120,-110,-39,138,-73,-81,43,127,142,128
91,176,128,-122,-28,160,-85,-73,29,132,156,132
67,168,107,-122,-20,132,-95,-93,54,135,156,145
56,165,116,-134,-30,144,-94,-74,59,118,145,127
60,176,118,-108,-21,141,-90,-76,26,125,130,115
37,160,108,-128,4,137,-88,-61,51,120,171,125
47,170,93,-94,-34,136,-85,-71,73,121,133,101
72,128,86,-117,-14,131,-73,-72,69,131,134,106
68,148,108,-115,-9,140,-76,-51,35,121,127,109
47,158,88,-112,-20,134,-73,-76,53,134,129,121
56,160,70,-97,-12,117,-75,-54,38,114,118,115
49,123,91,-96,-9,112,-77,-49,53,98,119,106
36,133,99,-95,-31,122,-68,-58,18,102,101,88
33,131,44,-86,-26,106,-56,-48,40,84,85,72
45,126,57,-94,-2,70,-55,-33,19,73,95,81
27,100,54,-50,-31,74,-44,-35,32,78,75,78
30,80,59,-47,-32,98,-42,-24,39,69,90,77
20,49,42,-57,3,64,-48,-26,22,62,34,51
-2,75,26,-48,1,60,-19,-1,32,47,60,32
3,82,39,-25,1,27,-31,-3,15,30,50,16
2,46,34,-35,-6,52,-35,-22,17,52,16,33
25,30,16,-20,-16,33,-32,-33,-6,43,21,35
5,13,27,-20,-5,39,-20,-12,8,29,23,29
8,2,-6,-11,-5,11,-20,-16,1,31,27,4
8,-7,16,-9,2,4,-2,-15,7,-15,4,10
0,-14,15,-8,1,0,21,-7,0,-8,1,0
28,-3,3,8,-15,-12,0,-3,7,-5,-24,-7
-32,-40,-29,17,1,2,-8,-6,-7,-27,-30,-16
18,-41,-12,19,4,-4,20,8,-9,-1,-25,-12
-17,-37,-5,42,37,-20,30,16,-20,-14,-33,-12
-24,-57,-35,34,-2,-57,29,7,-11,-36,-18,-8
-30,-53,-30,9,16,-49,26,32,-16,-48,-38,-18
-13,-28,-28,37,-1,-41,32,27,-29,-34,-35,-33
-18,-63,-36,33,39,-39,17,10,-25,-48,-41,-40
-26,-73,-24,14,11,-61,34,17,-14,-21,-27,-25
-23,-81,-51,55,35,-45,35,34,-19,-31,-48,-43
-16,-78,-41,57,7,-45,33,11,-16,-30,-81,-31
-21,-65,-39,47,18,-42,27,26,-18,-42,-57,-50
6,-63,-55,75,21,-57,30,27,-21,-51,-85,-50
-36,-88,-41,55,18,-87,40,31,-18,-70,-74,-48
-15,-86,-59,51,30,-77,49,30,-19,-78,-76,-74
-43,-79,-70,78,33,-38,51,35,-25,-63,-82,-64
-28,-120,-80,73,2,-99,46,39,-49,-81,-97,-88
-60,-109,-85,83,16,-75,74,48,-36,-95,-115,-82
-67,-142,-95,93,32,-128,68,64,-20,-80,-112,-84
-52,-145,-70,112,16,-116,72,77,-53,-125,-133,-109
-93,-163,-100,95,51,-127,80,77,-39,-120,-147,-102
-47,-154,-133,124,45,-153,99,83,-59,-130,-161,-102
-104,-210,-128,128,25,-148,106,85,-47,-148,-185,-140
-76,-208,-152,162,18,-152,122,69,-52,-167,-189,-180
-89,-245,-138,172,57,-196,122,79,-70,-172,-199,-145
-103,-219,-138,141,43,-210,126,103,-71,-166,-227,-177
-78,-247,-145,148,42,-206,131,90,-64,-181,-232,-160
-87,-218,-152,170,28,-189,134,90,-58,-151,-208,-150
-68,-212,-143,131,39,-198,114,80,-59,-163,-203,-159
-98,-201,-142,133,30,-169,115,106,-66,-142,-172,-130
-52,-118,-111,95,22,-122,73,74,-50,-119,-143,-105
-52,-86,-76,96,26,-89,54,57,-25,-110,-106,-69
2,-28,-9,26,9,-30,14,-6,-37,-38,-7,-37
24,33,30,-33,1,24,-8,-16,1,40,40,35
42,121,104,-83,-5,83,-50,-66,47,71,108,90
83,223,157,-137,-40,197,-146,-95,43,168,169,136
136,329,205,-235,-56,267,-181,-130,108,253,293,244
153,456,290,-281,-68,367,-234,-179,122,353,422,317
224,548,336,-377,-67,457,-294,-230,163,402,492,370
243,682,430,-457,-111,541,-371,-283,192,490,585,461
261,768,489,-518,-122,622,-426,-278,251,588,670,566
291,843,537,-565,-136,713,-470,-326,262,639,769,596
320,930,590,-629,-160,751,-493,-385,286,684,829,644
324,946,615,-656,-146,823,-528,-366,301,708,850,682
353,979,634,-646,-130,814,-539,-393,281,724,867,674
309,950,623,-628,-119,798,-539,-383,297,732,863,662
309,916,568,-628,-146,742,-499,-359,269,686,829,644
308,846,542,-593,-136,704,-466,-338,275,641,748,572
264,771,499,-522,-124,615,-405,-293,226,564,673,540
234,637,412,-440,-98,536,-372,-257,194,492,578,429
176,551,331,-348,-83,424,-298,-196,133,396,494,382
129,407,278,-282,-58,355,-216,-170,139,296,351,283
114,293,191,-188,-46,229,-173,-104,98,217,264,217
64,190,104,-114,-34,125,-95,-72,76,143,136,111
27,64,43,-31,-34,74,-16,-24,46,44,41,44
-15,-37,-32,35,4,-22,43,30,-1,-36,-37,-10
-22,-105,-95,66,8,-112,84,73,-27,-111,-106,-89
-59,-177,-126,139,28,-166,100,65,-80,-156,-188,-147
-79,-237,-159,175,48,-200,116,88,-80,-190,-219,-173
-101,-313,-172,194,47,-252,160,105,-94,-227,-263,-211
-112,-288,-194,212,65,-266,174,143,-110,-232,-298,-213
-128,-352,-215,204,45,-288,160,135,-92,-250,-295,-229
-120,-341,-219,226,56,-284,206,124,-104,-294,-313,-255
-116,-330,-232,239,35,-274,172,142,-93,-253,-301,-211
-126,-298,-207,228,64,-264,178,133,-98,-244,-307,-236
-133,-301,-185,218,50,-249,176,120,-84,-230,-270,-222
-107,-274,-192,212,60,-213,145,91,-105,-219,-274,-194
-79,-250,-163,191,30,-209,136,117,-84,-188,-246,-189
-74,-199,-163,147,26,-210,145,107,-73,-166,-215,-152
-48,-227,-160,130,34,-168,96,99,-72,-174,-181,-134
-86,-177,-108,122,26,-147,95,91,-50,-139,-169,-133
-55,-168,-116,129,41,-136,88,64,-51,-126,-138,-98
-58,-153,-102,94,26,-118,86,45,-65,-109,-136,-93
-56,-138,-105,99,14,-104,51,33,-33,-114,-112,-94
-23,-116,-80,77,-9,-104,73,54,-21,-80,-101,-72
-36,-105,-59,76,13,-79,81,33,-28,-67,-86,-63
-19,-97,-75,46,12,-87,71,47,-12,-75,-91,-64
-33,-103,-83,65,37,-82,56,16,-27,-82,-60,-59
-30,-62,-63,65,1,-73,65,42,-35,-76,-72,-58
-35,-99,-55,57,4,-74,33,35,-22,-61,-80,-76
-24,-68,-64,60,13,-57,42,20,-45,-56,-51,-49
-48,-75,-53,46,5,-68,55,36,-13,-46,-56,-37
-20,-50,-46,41,22,-53,29,59,-18,-61,-57,-40
-41,-66,-25,40,7,-52,29,37,-4,-48,-44,-52
-11,-59,-26,55,-5,-68,40,24,-21,-41,-64,-28
-2,-42,-24,61,15,-33,29,7,-15,-58,-38,-57
-38,-51,-42,54,4,-81,37,38,-3,-67,-40,-44
-6,-63,-22,24,35,-41,40,13,-13,-36,-40,-58
-41,-53,-38,30,-7,-29,46,37,-4,-32,-51,-37
-9,-54,-44,48,18,-17,24,0,-17,-36,-47,-32
-11,-45,-35,16,5,-58,23,20,-27,0,-14,-32
0,-36,-24,21,40,-21,17,1,8,-44,-22,-31
14,-14,-25,24,7,-39,7,27,-3,-10,-31,-13
-12,-24,-21,20,6,-28,24,19,-14,-18,-26,-7
0,-27,-23,36,5,-7,0,16,-13,-9,-6,-22
-9,-9,-28,5,8,-4,-1,39,13,-5,-18,-7
-2,-19,-19,-5,5,-16,10,15,-9,-4,-9,-2
-11,-13,-3,0,0,1,-16,10,5,8,4,1
-4,9,27,7,0,10,11,6,-2,-10,-22,11
17,10,-6,-20,8,11,-20,-6,-8,17,14,42
29,12,25,-15,-23,10,-7,-22,14,24,17,5
13,37,9,-9,6,8,-11,0,15,12,27,37
11,32,15,-44,-13,16,-34,-15,-1,28,20,40
38,52,9,-20,-13,25,-36,-29,20,29,44,6
7,64,43,-16,-7,50,-12,-7,19,10,45,32
9,59,49,-30,11,50,-33,-32,30,83,55,55
13,83,73,-36,-15,50,-34,-45,36,49,72,64
33,88,44,-48,-2,61,-38,-28,32,38,66,70
38,97,32,-95,-21,80,-55,-39,32,55,86,61
22,114,60,-69,-13,88,-76,-24,28,74,83,75
25,101,71,-82,-20,73,-44,-46,25,84,98,69
53,112,64,-96,-16,99,-80,-62,51,96,101,71
41,121,68,-93,-24,112,-84,-42,34,107,113,83
61,118,82,-92,-18,105,-72,-59,46,108,117,92
44,154,87,-94,-16,128,-76,-62,36,103,132,99
70,164,95,-93,-24,141,-70,-40,62,120,154,108
36,169,99,-115,-39,139,-82,-61,53,129,151,103
36,182,116,-118,-28,139,-107,-78,50,158,183,139
82,188,128,-138,-5,149,-101,-82,51,131,163,154
55,182,123,-154,-39,167,-109,-92,53,157,176,145
61,191,159,-141,-50,175,-110,-94,65,137,198,165
75,229,177,-140,-59,189,-104,-97,59,183,199,175
79,237,140,-150,-31,193,-100,-85,80,168,222,173
65,249,174,-160,-39,201,-116,-100,66,168,204,192
91,251,155,-177,-27,217,-141,-110,59,176,191,165
92,271,163,-170,-48,215,-144,-108,74,192,237,196
79,270,176,-181,-39,204,-153,-122,70,202,230,170
109,286,154,-185,-32,245,-149,-99,62,221,247,201
90,268,188,-186,-32,230,-157,-123,85,208,261,191
98,300,182,-210,-28,242,-148,-133,99,225,279,205
100,316,190,-209,-38,256,-174,-116,126,221,286,197
114,311,183,-218,-44,222,-174,-136,104,237,268,236
108,324,202,-215,-52,268,-176,-127,111,228,285,209
125,321,210,-220,-62,275,-182,-102,98,225,283,204
110,323,197,-215,-43,287,-165,-110,87,259,293,244
102,324,224,-223,-54,259,-180,-142,79,248,314,221
117,337,207,-260,-54,267,-178,-118,83,249,296,221
116,357,237,-237,-47,281,-207,-139,111,256,289,247
132,362,218,-232,-45,286,-193,-130,86,245,279,233
108,344,241,-245,-38,286,-187,-151,115,269,294,239
115,350,232,-233,-72,301,-186,-158,91,290,276,229
129,353,231,-249,-24,288,-193,-150,127,264,306,255
118,340,225,-258,-75,297,-189,-145,94,248,306,245
125,350,199,-250,-56,313,-186,-136,99,264,306,246
112,358,237,-228,-45,299,-208,-136,127,247,323,246
125,348,200,-234,-57,282,-186,-129,114,278,323,251
104,354,214,-241,-39,302,-210,-133,109,243,322,253
129,338,219,-239,-52,282,-196,-131,98,231,309,257
116,342,206,-234,-33,303,-177,-139,87,239,315,253
134,332,223,-241,-50,282,-201,-135,108,253,294,251
100,336,217,-220,-56,268,-181,-134,88,255,280,238
140,329,197,-212,-37,277,-185,-145,101,256,288,239
101,318,198,-219,-61,254,-158,-133,117,250,268,211
107,310,192,-226,-43,273,-198,-133,78,235,272,215
104,299,207,-218,-56,230,-183,-126,105,216,281,202
129,273,172,-208,-46,232,-158,-137,105,225,268,222
116,301,185,-193,-41,258,-149,-124,111,234,249,181
79,302,199,-198,-55,238,-172,-145,95,198,255,189
94,268,182,-177,-48,228,-149,-107,77,208,257,208
92,262,182,-159,-35,225,-135,-108,86,207,248,185
96,249,175,-178,-30,211,-134,-94,74,187,220,171
81,252,161,-168,-32,190,-155,-88,70,198,222,161
74,233,153,-168,-34,177,-131,-96,52,178,236,141
61,220,148,-137,-41,190,-148,-93,86,153,222,172
82,203,147,-158,-42,185,-122,-86,54,173,184,139
59,209,135,-125,-39,172,-136,-99,66,141,201,166
66,197,129,-136,-24,177,-122,-95,76,149,200,153
71,195,129,-117,-22,161,-117,-109,53,125,167,148
68,191,96,-141,-40,171,-94,-76,70,124,148,125
68,172,110,-105,-20,146,-124,-62,25,96,155,107
49,143,96,-84,-30,130,-93,-58,52,144,144,116
65,179,77,-127,-38,119,-52,-78,57,91,127,92
45,141,97,-81,9,115,-90,-48,42,107,150,110
45,135,105,-89,-13,108,-74,-62,30,108,114,87
25,107,82,-73,-1,101,-80,-22,25,102,103,82
31,94,57,-67,-10,109,-66,-28,37,97,90,73
19,102,74,-65,-22,89,-59,-34,32,72,100,79
51,94,59,-80,-4,53,-55,-19,2,78,75,66
22,65,80,-59,-34,41,-29,-40,17,47,70,51
30,86,74,-69,-21,49,-63,-7,26,43,58,56
29,61,30,-43,-11,62,-25,-11,27,67,87,55
26,47,25,-29,-10,40,-47,-43,26,64,65,33
11,45,22,-35,-32,50,-13,-29,1,47,54,35
34,38,35,-34,-36,35,-32,-20,21,13,64,35
11,33,28,-6,5,42,-18,-13,8,24,16,18
1,31,36,-39,-2,33,-12,12,1,27,33,26
13,28,14,1,32,20,8,-16,10,10,5,-1
-2,22,23,-11,-1,14,-6,5,-8,7,8,11
-8,11,-1,1,-9,1,-2,-20,0,22,6,-1
15,-9,-13,13,12,-1,14,0,17,4,14,-6
-2,-21,-14,11,-11,4,2,-4,8,-17,5,-20
-9,-23,-7,-6,-8,-21,2,2,0,-6,-3,-21
-11,-22,-6,12,18,-14,6,8,-13,-15,-20,7
-2,-21,-3,-3,1,-6,-17,10,11,-19,-14,-15
-15,-23,-23,23,-13,-4,21,2,-27,-11,-19,-16
5,-21,-3,9,19,-15,10,36,-23,-34,-23,3
-42,-26,-2,36,34,-18,29,5,-20,-12,-40,-30
-4,-46,-27,17,10,-24,28,-3,3,-19,-26,-45
-6,-46,-27,8,12,-27,25,18,-6,-14,-42,-28
-11,-58,-35,21,3,-39,20,33,-5,-28,-34,-46
-24,-53,1,13,6,-31,22,21,-17,-16,-48,-25
-5,-51,-33,35,2,-51,9,14,-1,-22,-40,-31
-8,-55,-31,20,0,-45,53,9,-20,-29,-32,-34
-28,-56,-28,54,-4,-38,30,38,-17,-47,-40,-37
-7,-54,-23,39,18,-54,28,41,0,-43,-47,-33
-4,-75,-31,41,0,-50,18,31,-27,-32,-50,-41
-9,-27,-24,30,14,-48,29,34,-40,-62,-48,-22
-15,-52,-38,41,7,-75,39,21,-8,-42,-41,-45
-31,-52,-24,38,9,-59,29,8,-8,-59,-36,-49
-10,-89,-34,28,-18,-59,48,42,-21,-70,-34,-17
-42,-83,-36,25,47,-41,53,49,-16,-32,-65,-40
-20,-73,-46,55,15,-47,39,11,-22,-45,-64,-44
-1,-81,-39,42,6,-51,44,21,-17,-48,-48,-45
-16,-50,-50,38,27,-43,45,24,-12,-37,-83,-53
-48,-62,-37,49,15,-42,30,42,-26,-41,-57,-61
-25,-82,-27,55,33,-42,45,4,-33,-48,-71,-33
-19,-79,-36,57,21,-49,33,21,-11,-62,-36,-43
-23,-54,-37,63,9,-68,45,33,-30,-41,-58,-42
-15,-62,-28,33,-15,-40,41,4,-15,-59,-45,-45
-31,-67,-34,40,20,-62,39,9,-12,-55,-53,-35
-1,-59,-51,48,9,-71,52,23,-10,-62,-52,-46
-32,-67,-47,36,14,-70,47,27,-20,-66,-49,-35
-22,-47,-45,36,12,-35,39,22,-19,-62,-79,-54
-16,-66,-25,47,12,-54,28,28,-20,-36,-58,-69
-38,-67,-45,45,22,-50,10,38,-29,-36,-80,-60
-9,-66,-25,30,16,-50,46,14,-20,-76,-62,-58
-8,-79,-53,41,18,-46,26,10,16,-55,-34,-48
-6,-55,-61,42,8,-46,40,33,-24,-33,-46,-47
-21,-69,-52,52,11,-59,29,23,-8,-37,-60,-68
-26,-65,-39,47,4,-45,47,41,-8,-54,-73,-41
-22,-47,-44,37,0,-45,23,14,-6,-41,-50,-24
-13,-65,-37,30,-2,-35,46,38,3,-61,-42,-48
-22,-60,-27,34,9,-63,43,19,-38,-62,-54,-58
-27,-62,-70,53,8,-61,52,23,-22,-41,-62,-33
-10,-75,-35,34,9,-49,25,13,-16,-56,-45,-52
1,-74,-35,44,6,-47,28,3,-13,-31,-43,-36
-26,-39,-48,26,15,-39,30,38,-25,-34,-59,-42
-26,-51,-18,42,19,-57,33,1,-22,-51,-54,-36
-25,-67,-68,35,37,-44,25,43,-37,-65,-47,-15
-22,-71,-36,58,3,-38,30,19,-25,-52,-45,-39
-18,-64,-47,23,-11,-44,30,42,-13,-71,-22,-30
-13,-47,-33,51,21,-53,18,27,-8,-41,-52,-51
-31,-47,-18,31,6,-52,32,10,-4,-47,-42,-49
-22,-55,-12,55,10,-55,19,10,-11,-35,-70,-38
-18,-61,-6,45,12,-59,9,35,-39,-35,-45,-40
-12,-70,-35,38,-10,-43,38,15,-20,-35,-31,-19
-36,-38,-19,23,-10,-43,36,19,-19,-36,-50,-32
-41,-53,-45,34,15,-36,32,15,-21,-38,-55,-34
-7,-39,-36,31,5,-42,24,19,-14,-23,-37,-43
-11,-31,-29,21,7,-14,32,14,-6,-29,-36,-22
-8,-28,-7,38,7,-24,28,8,-7,-14,-20,-19
-3,-35,-37,26,-4,-23,6,1,-9,-11,-23,-16
7,-40,-25,22,7,-47,18,23,-20,-16,-9,-17
-14,-59,-10,7,11,-55,4,30,-18,-16,-30,-33
-41,-30,-30,42,33,-40,7,-15,-13,-26,-41,-31
-27,-22,-24,5,20,5,9,-1,9,-20,-29,-24
-24,-38,-2,31,1,-36,10,10,-5,-26,-35,-18
-32,5,-11,21,10,-9,28,23,0,-15,-19,-6
-20,-24,-25,11,-2,-16,-3,-9,-13,-3,-35,5
3,-14,1,0,4,-4,-6,-1,6,-1,-18,-32
-7,-13,-1,26,11,18,6,18,-8,2,-11,-17
14,1,-27,4,13,2,10,17,-8,8,-1,-5
16,-7,8,15,-2,14,-2,-4,16,-8,3,14
3,17,20,-4,5,12,4,-1,-3,6,-1,28
-2,10,4,-20,26,9,-8,-13,10,0,24,10
20,18,10,-14,7,29,-17,2,-5,35,15,10
8,39,13,-36,-8,5,-4,-12,31,35,8,25
-1,43,18,1,3,31,-15,-23,23,17,19,12
18,62,33,-58,-9,44,-26,-31,23,52,34,46
20,43,30,-18,-9,41,-27,-11,-1,61,70,50
28,66,52,-48,-17,55,-31,-39,16,53,62,34
31,91,65,-50,-22,67,-57,-24,10,53,79,72
35,103,48,-62,-7,74,-44,-11,22,59,77,72
25,82,73,-76,-11,79,-41,-36,15,49,95,29
36,131,79,-90,-4,94,-60,-53,39,104,92,61
15,116,73,-59,-36,99,-52,-49,44,84,80,108
49,147,90,-85,0,86,-80,-52,60,92,98,98
51,144,77,-101,-36,99,-78,-67,46,96,126,101
59,142,82,-95,-13,122,-73,-54,48,104,124,117
60,160,96,-92,-41,130,-76,-47,58,139,135,119
78,182,102,-134,-33,144,-75,-66,43,150,143,110
55,178,116,-89,-34,147,-85,-66,41,123,167,109
35,182,125,-146,-27,157,-96,-68,53,139,184,118
76,197,122,-133,-22,176,-98,-64,69,127,161,116
48,208,119,-148,-20,171,-114,-75,61,170,178,135
82,178,134,-148,-36,158,-93,-90,62,139,176,156
78,207,135,-117,-36,165,-111,-87,62,135,181,142
78,240,132,-153,-24,166,-108,-81,76,148,180,178
81,235,127,-135,-45,169,-113,-80,58,153,208,173
65,210,144,-145,-39,192,-108,-81,60,171,185,141
72,230,139,-161,-34,199,-127,-85,56,190,206,168
67,216,145,-150,-19,178,-110,-83,74,142,196,168
63,204,139,-159,-41,200,-142,-82,85,153,187,140
77,244,155,-144,-35,193,-117,-68,66,146,204,171
91,212,163,-167,-19,188,-128,-80,77,168,212,159
88,220,147,-140,-24,178,-96,-79,48,155,202,155
78,207,134,-153,-26,190,-126,-60,61,166,183,176
78,196,123,-158,-58,168,-136,-69,71,132,202,145
77,209,142,-149,-41,166,-118,-91,71,158,184,132
83,173,123,-131,-40,154,-102,-55,65,153,178,134
51,196,127,-127,-16,169,-107,-63,61,136,195,145
48,169,121,-123,0,161,-87,-79,62,137,155,114
47,160,98,-116,-39,138,-101,-77,42,140,160,116
42,173,77,-114,-34,157,-87,-56,46,124,141,99
53,142,90,-102,-9,126,-110,-64,67,132,141,100
53,130,100,-95,-14,130,-78,-88,28,110,108,92
50,133,81,-90,-25,127,-81,-34,35,118,126,97
54,129,79,-73,-21,99,-48,-32,59,79,120,96
34,117,89,-81,-10,88,-110,-52,30,71,109,73
46,89,66,-71,-24,80,-62,-37,10,74,69,65
29,113,57,-60,0,86,-67,-38,24,75,93,80
21,74,58,-57,17,71,-41,-31,0,79,71,39
20,76,61,-52,-22,39,-28,-16,22,47,69,59
20,58,23,-44,25,46,-34,-20,18,70,67,32
26,63,49,-56,-21,47,-9,-28,21,47,61,29
14,67,22,-25,-26,53,-36,-46,42,38,54,47
22,24,27,-24,-31,24,-45,-18,22,24,38,15
32,13,27,-15,14,24,-31,0,24,36,31,10
10,20,10,-25,-13,-6,-15,-6,0,20,25,10
-2,20,32,3,-8,15,-17,-12,-21,21,34,11
2,29,24,-16,-12,6,1,-16,5,-3,37,-2
-15,-7,20,7,13,4,-13,-15,12,9,12,15
-16,2,-5,-5,15,7,13,-14,3,18,3,-12
-4,-21,-23,-8,11,21,6,6,-9,12,-19,9
26,-17,-10,7,28,-25,0,0,-28,3,-2,1
-18,-6,0,18,-15,-49,16,3,-25,0,-19,2
-7,-26,12,10,14,-17,15,8,13,-14,-31,-15
6,-4,-16,22,4,-3,8,17,-31,-8,-8,2
-20,-25,-25,14,-11,-13,23,45,4,-34,-27,-1
-3,-1,-16,19,11,-32,-2,25,3,-15,-36,-38
-16,-41,-43,37,5,-44,26,7,10,-38,-43,-35
-23,-33,-30,44,12,-49,39,25,-29,-23,-34,-55
-31,-48,-26,33,8,-43,42,26,1,-8,-50,-56
-13,-77,-44,47,-5,-71,41,27,-41,-44,-61,-51
-39,-93,-23,50,8,-76,45,19,-16,-67,-53,-33
-34,-91,-59,54,4,-75,61,36,-18,-68,-93,-79
-42,-119,-79,90,22,-101,45,18,-44,-93,-117,-81
-57,-106,-93,101,26,-122,81,64,-22,-101,-93,-82
-56,-128,-104,76,1,-111,91,57,-39,-112,-128,-94
-56,-162,-99,106,21,-141,101,75,-52,-144,-129,-105
-63,-188,-109,109,9,-148,101,71,-53,-127,-135,-121
-60,-158,-143,111,16,-153,76,54,-25,-136,-152,-137
-65,-180,-127,130,23,-130,118,58,-65,-127,-169,-141
-70,-173,-133,114,34,-153,97,47,-70,-113,-151,-123
-47,-178,-93,141,7,-141,102,61,-45,-130,-166,-113
-45,-135,-100,87,28,-126,95,81,-34,-113,-132,-115
-73,-99,-79,64,26,-93,64,21,-35,-102,-119,-100
-21,-86,-58,40,2,-54,49,36,2,-51,-95,-59
23,-29,-11,9,4,-4,-10,-9,8,-20,-7,6
8,52,60,-43,-8,46,-31,-16,15,57,39,35
50,132,104,-115,-39,117,-71,-67,39,90,108,75
79,243,148,-155,-27,184,-107,-92,45,164,203,141
105,318,179,-230,-44,241,-176,-129,93,259,312,212
152,444,265,-305,-74,353,-244,-174,114,324,400,305
199,539,349,-371,-92,447,-302,-215,154,417,487,380
226,676,428,-447,-112,559,-381,-251,187,511,587,465
296,771,521,-499,-120,642,-438,-290,222,589,699,546
297,873,562,-606,-131,724,-477,-332,240,655,782,608
338,955,622,-643,-152,763,-524,-390,276,703,858,630
367,1007,648,-695,-155,835,-555,-396,276,755,902,702
363,1039,673,-707,-161,840,-560,-400,297,775,939,744
365,1048,684,-692,-159,866,-574,-443,308,770,913,706
372,998,677,-671,-154,846,-544,-378,301,751,914,696
361,910,630,-623,-143,785,-527,-394,283,703,857,663
301,879,576,-618,-134,749,-478,-361,246,678,775,620
312,771,496,-518,-128,663,-434,-303,243,591,694,542
248,705,441,-460,-117,562,-384,-255,190,490,596,467
190,572,369,-397,-91,481,-298,-227,159,437,511,392
145,423,296,-294,-58,368,-221,-167,136,329,422,305
120,323,207,-217,-35,245,-163,-112,84,216,265,223
73,184,128,-144,-36,170,-98,-66,69,146,190,126
26,84,68,-91,-7,78,-33,-57,21,80,80,52
-10,-3,8,-19,6,-8,35,-23,20,4,9,27
-33,-81,-50,51,14,-90,40,26,-49,-66,-62,-56
-55,-141,-106,98,11,-113,76,50,-36,-118,-123,-111
-90,-192,-125,133,45,-179,98,83,-80,-152,-173,-154
-71,-239,-139,159,40,-180,130,88,-93,-168,-199,-178
-71,-267,-138,182,31,-228,137,112,-98,-204,-228,-178
-100,-286,-187,187,38,-204,158,104,-75,-204,-241,-200
-100,-281,-176,194,57,-226,135,106,-81,-188,-243,-189
-113,-255,-159,183,46,-217,138,114,-65,-208,-231,-180
-64,-244,-146,155,22,-197,135,85,-80,-190,-236,-177
-71,-216,-159,160,32,-202,116,83,-78,-171,-219,-139
-57,-182,-146,143,49,-167,110,96,-52,-156,-193,-140
-45,-156,-111,93,28,-149,92,84,-40,-155,-159,-110
-50,-149,-84,118,18,-136,85,66,-53,-95,-132,-101
-50,-122,-93,99,5,-90,73,56,-53,-80,-139,-74
-51,-104,-78,65,0,-80,29,20,-23,-87,-102,-73
-22,-61,-71,47,4,-51,45,35,-2,-57,-91,-39
-32,-72,-55,34,-5,-48,32,9,-33,-55,-61,-48
-24,-20,-23,38,8,-39,26,45,-15,-22,-43,-26
-29,-25,-14,28,-15,-30,15,20,-28,-32,-32,-16
-7,-49,-31,14,4,-28,7,30,-10,-22,-22,-16
-9,-32,-1,9,3,-15,10,-6,2,-35,-25,-14
-17,-18,-11,0,4,7,22,-9,25,-14,-16,-3
-10,-17,0,12,-1,2,-11,1,2,-2,7,2
-7,-4,-10,8,-1,17,-4,15,-4,-21,0,-2
-5,2,14,-15,6,-6,4,3,22,-7,14,-3
-13,23,4,-13,-2,-24,-26,-12,0,3,7,12
11,16,10,-9,-2,26,-15,-9,-7,-4,0,3
24,21,-29,-29,8,9,1,1,24,4,6,6
5,33,10,-12,-17,13,-49,-4,8,14,26,18
-15,12,-10,0,9,11,-22,-2,-16,8,13,14
19,15,26,-17,-14,23,-25,-21,9,26,5,13
6,31,18,-31,10,20,-38,-12,8,24,-5,27
0,14,4,-10,-25,27,-35,-9,-20,16,49,28
16,46,2,-37,-7,14,8,7,15,21,17,2
40,46,34,-37,-11,30,-19,-20,22,35,26,18
-14,51,38,-49,4,47,-25,-23,6,37,29,5
38,33,31,-37,-14,41,-36,-10,0,24,34,54
-2,71,40,-39,-10,29,-43,-34,13,55,50,42
9,57,52,-46,-1,38,-14,-15,13,43,44,53
1,74,31,-48,-15,59,-37,-17,-3,57,75,52
2,68,56,-47,2,51,-45,-20,9,43,66,55
4,88,56,-56,-7,51,-51,-3,18,59,75,52
10,85,55,-75,-1,61,-71,-39,35,49,78,42
11,78,62,-52,-11,70,-60,-17,10,72,88,38
25,83,61,-62,-33,67,-46,-35,17,71,67,65
49,93,89,-64,-24,101,-74,-37,33,68,94,62
27,118,78,-90,12,90,-46,-50,47,100,114,72
49,129,74,-76,-20,103,-50,-56,25,83,116,91
21,117,103,-87,-3,106,-68,-47,47,96,114,90
59,132,87,-60,-46,115,-61,-64,43,100,121,81
46,141,77,-97,-18,113,-81,-56,54,104,108,104
43,137,111,-107,-17,106,-66,-77,47,123,104,121
54,154,120,-99,-31,133,-91,-69,54,110,150,103
47,186,95,-97,-40,145,-93,-73,44,123,146,139
50,165,120,-124,-41,148,-90,-65,35,144,189,149
73,213,127,-118,-23,140,-102,-65,64,136,162,130
86,197,141,-133,-48,169,-116,-72,72,155,201,124
58,186,143,-122,-38,183,-127,-43,68,171,193,147
79,223,153,-147,-32,174,-130,-66,60,172,200,146
89,217,150,-148,-32,178,-117,-96,67,180,209,154
54,255,141,-165,-24,192,-119,-98,77,195,210,155
100,257,182,-172,-41,197,-139,-110,75,174,243,169
76,256,162,-174,-53,218,-153,-104,77,229,218,171
86,268,189,-184,-28,217,-154,-120,89,181,253,187
91,275,170,-199,-45,233,-168,-104,84,193,257,207
81,293,199,-204,-49,227,-138,-122,93,208,269,210
114,305,195,-207,-44,277,-168,-128,105,221,276,205
112,296,206,-194,-59,245,-164,-103,96,237,285,226
93,333,216,-213,-57,288,-165,-143,105,242,290,227
100,322,229,-233,-65,289,-190,-148,104,248,293,231
135,321,200,-211,-44,277,-168,-130,121,254,296,240
124,339,217,-229,-63,251,-190,-146,115,260,306,231
119,355,215,-222,-50,283,-190,-132,132,261,322,247
122,368,213,-243,-47,305,-206,-139,95,275,330,271
127,360,242,-251,-55,296,-196,-149,110,264,327,253
112,373,227,-235,-61,305,-202,-152,119,306,319,261
144,374,258,-254,-43,313,-223,-147,121,298,361,249
120,379,254,-250,-54,325,-200,-149,124,305,350,279
128,404,269,-252,-66,323,-206,-143,119,303,347,270
145,377,275,-267,-69,313,-211,-155,129,291,352,274
133,393,267,-270,-48,334,-216,-157,118,293,353,284
129,413,273,-278,-26,337,-222,-148,129,275,354,276
156,404,268,-279,-58,345,-214,-162,113,286,358,275
144,412,261,-263,-63,309,-236,-160,126,304,363,292
131,409,272,-266,-54,353,-209,-160,130,301,393,287
142,436,279,-263,-69,367,-221,-155,117,328,381,298
143,411,256,-268,-63,355,-226,-177,144,328,373,306
145,416,262,-271,-38,341,-234,-169,112,315,372,275
141,406,253,-270,-58,348,-226,-164,121,292,390,305
128,418,272,-273,-61,338,-218,-158,108,282,353,276
141,410,275,-283,-47,336,-253,-158,118,305,368,292
137,394,249,-274,-74,329,-231,-168,131,315,362,284
158,387,267,-259,-73,329,-212,-174,88,312,342,302
125,389,240,-257,-62,325,-227,-146,118,284,350,293
114,386,259,-272,-56,328,-229,-155,107,333,335,283
130,391,258,-261,-45,294,-195,-157,92,294,359,258
137,379,252,-247,-65,307,-216,-141,123,281,309,278
122,368,245,-253,-50,302,-195,-146,116,278,331,265
139,354,226,-231,-52,323,-203,-149,120,265,324,228
143,339,209,-260,-46,286,-196,-141,98,276,322,243
119,312,216,-228,-64,284,-199,-139,109,252,313,236
88,342,234,-215,-63,297,-176,-145,107,241,304,221
134,357,223,-216,-48,256,-204,-135,94,249,298,242
114,319,228,-223,-44,252,-162,-87,91,253,286,223
115,319,215,-218,-39,281,-169,-134,89,220,262,210
113,299,167,-220,-30,258,-155,-121,97,224,277,206
99,283,194,-183,-54,241,-165,-106,109,232,268,192
115,276,198,-189,-44,228,-165,-124,98,213,252,186
85,273,182,-199,-54,227,-163,-102,75,194,252,213
94,266,167,-183,-44,214,-148,-88,92,188,215,192
100,256,161,-178,-20,192,-107,-110,78,185,200,165
86,232,150,-182,-52,185,-128,-109,69,163,215,160
79,228,153,-152,-44,191,-126,-92,73,196,211,155
76,235,165,-149,-34,186,-127,-106,71,179,202,145
71,212,137,-151,-35,174,-118,-71,71,150,192,148
93,202,136,-133,-37,176,-114,-74,72,148,192,142
57,203,126,-128,-21,156,-101,-80,41,156,179,144
46,184,108,-128,-21,150,-120,-66,40,140,149,129
60,191,133,-123,-10,162,-105,-65,46,130,161,135
71,187,107,-125,-30,137,-99,-61,61,125,139,126
51,158,76,-107,-41,133,-88,-73,48,118,157,109
56,150,87,-92,-30,131,-112,-61,32,103,139,100
54,144,84,-95,-22,104,-81,-57,41,85,110,105
62,107,83,-79,-24,96,-75,-53,31,81,115,101
40,97,95,-68,-4,116,-76,-45,38,72,103,84
28,100,65,-62,1,69,-68,-41,40,85,103,71
44,93,61,-75,-14,76,-59,-51,16,95,94,74
43,95,35,-80,-32,64,-49,-40,21,59,91,66
35,67,46,-55,-18,70,-41,-26,22,65,91,64
52,68,54,-56,-13,61,-40,-22,21,44,72,55
15,52,44,-46,-34,65,-45,-23,-2,55,64,71
28,54,31,-56,-16,74,-63,-30,-3,72,68,45
21,57,24,-30,-4,48,-34,-27,39,25,47,28
37,54,37,-35,-10,32,-31,-18,20,57,62,36
16,52,22,-38,9,51,-41,-24,11,39,47,33
21,25,40,-24,-13,40,-36,-16,24,38,23,12
20,46,28,-24,0,50,-20,-15,10,36,34,18
-8,45,25,-33,-11,32,-13,-37,12,30,47,23
0,18,48,-36,-1,9,-42,28,-22,41,36,5
14,21,23,-33,-20,10,-37,-21,2,19,32,36
-24,37,11,-47,10,27,-30,13,17,28,14,16
5,30,1,-25,2,28,-3,-19,12,16,20,23
-7,4,-5,-23,-5,13,-3,1,12,10,42,17
17,8,13,-12,-11,-1,-35,-7,-3,-1,12,31
-10,19,-21,-25,16,25,-10,-19,-4,14,6,0
0,8,1,-8,-8,-4,-8,-8,0,19,10,7
7,-5,-1,6,0,6,-1,-16,-12,7,-1,14
0,15,13,0,14,19,2,-1,-9,2,12,18
28,27,-5,-2,-12,14,12,-11,-1,7,-12,-6
6,8,9,-3,4,-17,-11,-10,-8,-5,1,20
18,-5,-8,-4,2,18,-5,1,12,5,14,-17
-10,-14,3,-9,-2,14,1,-1,4,-12,-28,10
-8,-13,9,-21,3,-16,-2,-8,4,-19,8,6
-24,-3,-3,16,-12,-16,0,-1,-3,14,-15,-8
11,-4,-15,5,6,-1,21,-12,-1,-18,-6,-15
-9,2,9,1,10,-10,32,23,-16,-6,-12,-1
2,-6,5,-15,-4,-10,9,-12,8,-20,-28,-9
-19,-7,6,9,2,22,-12,-14,-14,-11,-12,5
6,2,-3,4,9,-10,-2,4,-3,3,10,-4
-8,-8,4,-2,11,-4,-6,17,8,0,-16,3
9,-29,-1,6,-5,-8,9,-13,2,-7,-18,17
-15,13,1,1,-6,-1,26,-1,3,-5,2,14
2,-8,-2,22,14,-14,4,-12,-9,1,6,-15
-10,0,-15,11,-1,-2,8,-5,8,3,8,-15
-27,4,0,5,-19,-2,12,4,-31,-5,-22,-9
-10,-12,-11,1,-14,-1,25,9,-16,-3,-22,-7
7,-4,15,-2,-6,-1,-13,9,5,1,-35,-5
26,-14,-23,-19,16,-6,9,1,4,-12,-8,-13
-7,-9,-25,-10,-14,-14,3,-7,-19,-6,-30,15
3,17,-19,28,-17,-8,1,1,8,-8,-15,-1
9,-11,8,0,2,4,-2,8,24,11,-23,-1
0,-28,-11,-1,-22,1,21,8,-3,3,-21,-3
-3,6,-6,-12,-8,7,-5,-11,22,14,-5,-18
-12,8,-17,-4,-2,11,-7,-17,-9,-21,-16,-7
12,6,17,-6,19,2,0,-13,-23,-5,-10,-7
-4,-5,8,-17,-12,-12,-1,2,-7,1,-4,-8
22,10,-14,-6,-16,-17,1,17,17,13,-4,16
0,-4,-4,10,-4,11,-1,0,-27,-18,-23,-13
-7,-12,-4,17,6,4,-11,-24,1,2,-9,9
-12,-15,2,19,-20,-4,-18,21,-27,11,-10,-16
-20,-6,0,-5,-8,16,5,17,12,3,-21,11
11,14,14,-6,7,-4,-23,-18,10,1,23,-10
-13,1,14,18,-5,18,-11,-6,13,0,0,-6
-10,2,-1,-16,-11,3,9,-8,-2,1,-2,14
7,-14,22,-24,23,9,12,23,16,-17,6,10
5,0,17,-17,13,32,5,11,10,-5,4,-19
-13,23,4,-10,-11,18,-7,-17,2,13,14,-3
3,11,-17,-15,-2,7,5,-7,-22,-8,18,20
25,11,2,4,-7,38,-8,-18,11,2,11,-11
-15,4,-15,-17,30,2,8,-18,6,8,5,-4
13,12,8,4,8,8,3,-22,2,4,15,3
14,6,8,-11,-24,14,-11,-10,16,7,-13,9
20,19,-9,-31,5,25,4,-1,11,4,-3,10
10,12,18,-12,16,22,-15,10,12,13,-12,13
24,23,10,-2,-2,1,12,-21,12,10,22,17
26,22,14,-29,-10,12,6,-41,0,3,5,37
-15,16,28,2,-22,41,0,-16,8,15,16,19
22,19,29,-20,-17,35,-5,-13,14,29,5,23
-3,32,8,3,10,17,-38,-18,35,31,40,-2
11,56,34,-23,6,28,-26,0,-4,7,2,13
18,47,11,-27,-3,32,-29,5,27,32,20,20
9,38,24,-12,-3,33,-33,-20,9,47,34,14
29,58,31,-24,21,50,-38,-26,3,36,39,27
23,40,29,-36,13,57,-30,-2,12,31,41,31
12,32,14,-32,-13,27,-33,-12,17,28,39,46
16,74,39,-39,-18,51,-49,-38,11,37,51,33
10,59,35,-37,-7,79,-43,-10,-2,36,62,34
51,54,42,-44,1,67,-26,-34,25,46,66,46
20,68,42,-47,-30,67,-50,-21,22,31,48,47
-5,89,54,-57,-21,75,-29,-20,13,57,79,65
34,73,60,-92,-9,91,-37,-71,32,58,86,62
41,113,62,-56,-23,77,-47,-65,42,65,99,81
31,116,68,-70,-1,105,-43,-68,26,82,102,75
27,118,67,-79,-10,116,-67,-56,8,84,88,79
37,114,84,-64,-28,91,-63,-72,35,84,114,84
15,134,91,-97,-13,95,-84,-53,35,99,118,107
49,149,99,-97,-29,118,-75,-46,35,108,135,109
40,145,117,-101,-23,108,-98,-76,47,103,140,114
50,150,118,-125,-15,144,-104,-57,35,129,155,115
62,177,116,-103,-2,141,-99,-68,50,121,153,117
73,164,115,-136,-27,138,-114,-89,67,145,163,109
59,199,130,-113,-27,167,-91,-67,55,166,165,134
80,204,141,-136,-45,185,-127,-93,68,154,195,149
74,224,129,-141,-31,193,-121,-79,71,164,176,158
74,238,164,-146,-17,197,-115,-83,63,157,203,168
111,234,148,-177,-46,203,-126,-101,73,174,220,152
98,247,146,-157,-24,212,-126,-93,72,169,242,147
90,241,158,-170,-30,202,-151,-107,70,172,227,190
93,260,151,-152,-28,227,-119,-85,79,193,228,188
87,256,156,-193,-67,219,-146,-99,75,221,247,179
105,280,189,-171,-36,231,-159,-106,63,211,251,176
97,279,183,-198,-47,209,-147,-118,81,199,257,187
104,277,192,-180,-42,215,-143,-115,95,197,238,199
106,260,199,-189,-38,237,-134,-113,95,191,257,196
91,299,188,-185,-26,230,-154,-107,79,223,257,188
102,301,186,-194,-47,231,-148,-121,94,203,247,180
99,297,169,-184,-52,218,-148,-98,113,220,243,196
89,255,166,-183,-52,254,-154,-114,100,202,261,201
97,282,171,-182,-51,220,-147,-110,79,203,234,169
75,269,174,-203,-43,237,-140,-138,72,206,229,192
96,281,167,-186,-41,212,-150,-109,77,212,246,188
89,259,182,-182,-46,196,-141,-109,80,197,206,192
88,236,173,-175,-27,201,-144,-92,71,186,234,190
78,227,172,-154,-36,208,-132,-108,74,182,223,150
75,230,154,-168,-43,204,-122,-87,76,159,203,163
67,243,142,-165,-10,173,-147,-81,82,174,198,172
71,228,134,-143,-23,171,-103,-85,60,166,182,157
82,179,110,-133,-34,160,-99,-79,68,170,200,129
63,173,144,-138,-41,149,-122,-61,56,168,155,158
54,182,100,-135,-18,155,-100,-78,63,151,172,126
49,166,118,-116,-33,148,-94,-89,53,142,164,113
60,140,84,-138,-44,136,-95,-69,48,121,149,111
27,176,94,-115,-34,138,-96,-74,46,119,134,145
62,155,84,-89,-9,113,-93,-68,48,98,124,102
29,144,67,-102,-33,108,-68,-82,37,112,128,102
39,132,69,-105,-2,100,-61,-59,43,106,105,110
54,109,91,-79,-40,105,-65,-67,60,66,116,59
23,113,61,-86,-24,99,-48,-34,24,80,127,59
45,84,43,-65,-9,76,-67,-35,41,58,78,63
26,88,62,-56,5,74,-56,-44,28,80,63,71
22,81,75,-61,-1,71,-44,-50,38,77,63,57
34,81,63,-61,-17,75,-72,-37,26,75,77,63
3,70,54,-46,-26,69,-57,-30,9,40,64,38
43,59,32,-29,-9,42,-49,-12,-5,52,49,42
27,74,37,-47,-3,43,-29,-36,26,55,40,36
41,54,12,-43,-8,60,-22,-15,7,39,87,69
19,44,48,-19,-6,48,-1,-6,13,34,61,27
13,35,62,-30,4,31,-24,6,26,20,23,18
11,43,30,17,-7,17,-25,-33,-17,50,21,36
13,41,46,-33,9,23,-10,-17,3,30,32,8
-2,14,27,-51,-2,30,-37,-9,9,20,35,23
-7,34,25,-1,-1,-1,-31,14,4,10,23,30
8,14,5,-23,14,3,2,-15,4,2,26,-1
1,8,-5,-20,-12,12,-19,0,2,36,-2,7
9,2,25,0,5,24,17,-24,-1,-2,7,1
22,-9,-15,4,-3,0,10,-3,-2,0,3,0
6,-18,-2,26,-32,-14,28,6,27,-2,-18,-38
6,-48,-13,20,1,-30,11,6,7,-17,-36,-39
-11,-52,-38,24,5,-33,59,24,-23,-42,-41,-51
-9,-69,-36,50,-1,-60,42,27,-4,-66,-62,-59
-37,-93,-44,65,7,-66,63,25,-9,-62,-77,-58
-27,-105,-61,62,4,-81,52,35,-32,-50,-93,-65
-28,-125,-47,60,33,-90,59,48,-42,-71,-93,-81
-44,-125,-77,86,15,-114,65,75,-33,-90,-123,-101
-50,-150,-102,86,17,-126,87,38,-35,-130,-101,-93
-70,-173,-96,133,22,-106,69,73,-48,-105,-136,-84
-60,-157,-102,119,15,-143,79,73,-54,-106,-139,-98
-42,-157,-89,94,24,-110,84,54,-37,-111,-110,-106
-35,-142,-82,81,17,-98,74,49,-51,-112,-119,-101
-28,-106,-68,79,8,-99,38,30,-52,-80,-107,-47
-14,-78,-23,59,8,-51,33,15,12,-28,-60,-49
3,-7,-14,17,5,-14,4,-17,4,-17,7,1
4,33,23,-30,-30,61,-12,-24,31,41,43,54
49,127,85,-116,-20,102,-53,-53,43,112,114,112
82,245,148,-151,-28,200,-140,-63,77,182,197,172
108,314,206,-220,-66,256,-174,-130,95,254,298,231
130,427,287,-285,-70,366,-230,-178,143,338,390,304
171,530,372,-371,-81,466,-306,-209,165,414,473,391
233,644,435,-439,-97,550,-346,-273,197,493,585,449
288,756,502,-541,-125,649,-418,-302,258,554,674,535
314,844,566,-581,-123,722,-489,-339,260,640,785,612
325,943,651,-660,-139,795,-516,-369,289,724,869,669
357,1011,652,-678,-141,824,-555,-422,274,778,905,694
371,1064,683,-732,-150,891,-590,-413,306,799,960,749
394,1071,700,-755,-163,879,-606,-440,314,773,968,748
379,1067,680,-724,-145,889,-574,-449,336,794,953,725
392,1058,654,-690,-167,836,-562,-415,312,734,912,702
324,959,604,-659,-149,806,-510,-363,290,719,860,667
287,872,558,-578,-135,719,-497,-348,277,642,753,578
279,761,502,-514,-127,601,-415,-304,225,570,691,530
240,636,419,-424,-90,545,-335,-252,196,466,570,421
188,524,342,-358,-75,415,-271,-218,150,405,479,344
132,387,246,-271,-72,344,-211,-155,135,294,340,269
77,272,151,-181,-61,233,-141,-110,109,207,225,175
86,163,95,-131,-34,140,-77,-62,48,111,177,130
16,72,41,-54,-9,88,-74,-30,27,57,61,52
-27,-21,18,15,-10,-15,42,10,-28,-3,2,-2
-28,-65,-58,57,20,-74,70,23,-28,-77,-82,-55
-60,-147,-93,92,42,-123,99,41,-55,-112,-130,-82
-82,-175,-77,117,32,-130,88,90,-54,-128,-153,-127
-67,-204,-139,138,37,-180,130,68,-54,-157,-189,-149
-88,-211,-130,159,35,-186,126,88,-70,-156,-197,-121
-92,-204,-121,140,40,-187,117,92,-56,-150,-213,-132
-65,-227,-152,150,35,-174,120,78,-64,-166,-186,-152
-63,-192,-115,126,28,-168,97,84,-80,-127,-189,-134
-67,-184,-112,132,32,-146,95,62,-56,-139,-171,-116
-69,-143,-97,106,9,-119,91,67,-57,-127,-145,-95
-59,-140,-68,66,5,-89,76,27,-39,-92,-125,-88
-17,-87,-51,73,23,-76,61,38,-30,-74,-84,-58
-43,-95,-73,43,13,-66,57,26,-31,-83,-84,-63
-12,-56,-30,45,8,-56,16,38,-24,-48,-76,-24
-31,-74,-14,11,-2,-57,26,-2,-38,-24,-45,-26
5,-32,-10,23,5,-7,14,14,-11,1,-34,-11
-1,-9,-5,7,2,-3,-3,2,-10,-2,-5,-13
-11,7,4,-24,-9,-5,-15,-15,-17,4,0,21
6,5,17,-42,-26,-6,6,-3,7,-1,4,-1
11,35,23,-5,-6,32,-13,-15,1,20,37,16
7,44,15,-20,-38,3,-27,-21,11,6,9,7
-8,32,23,-46,-16,23,4,-20,-2,14,15,33
0,58,30,-17,-15,39,-34,-23,13,50,21,6
22,47,16,-42,-7,43,-34,-13,8,32,36,49
14,35,29,-39,6,49,-35,-15,16,51,58,42
15,60,37,-41,-27,44,-32,-25,44,58,59,61
12,54,64,-32,-15,27,-47,-29,21,48,47,52
15,79,32,-43,-6,57,-35,-7,18,52,50,67
36,90,40,-30,-33,36,-28,-29,23,37,73,52
29,81,26,-61,-6,62,-41,-28,12,36,75,51
10,83,68,-72,-3,64,-33,-17,17,46,67,40
44,84,50,-65,-8,59,-47,-53,-2,59,67,29
48,71,52,-60,-6,62,-36,-22,9,59,86,43
12,93,49,-60,-20,66,-57,-47,43,79,70,79
30,102,72,-43,-11,64,-63,-47,23,51,71,51
38,96,55,-67,-19,81,-40,-30,51,77,62,47
25,99,58,-60,-8,74,-52,-56,40,84,93,62
40,103,62,-59,-9,69,-29,-44,56,76,87,99
36,93,84,-59,0,90,-58,-35,22,81,95,81
37,124,84,-89,-1,102,-48,-45,52,83,88,90
32,116,86,-82,-29,101,-63,-22,53,101,114,86
35,114,82,-88,-24,105,-76,-57,19,118,118,105
50,134,80,-109,-26,121,-92,-67,47,91,120,69
85,166,89,-99,-23,131,-73,-55,54,111,126,112
40,135,95,-91,-10,138,-61,-58,30,114,152,132
61,151,90,-109,-34,135,-93,-66,70,121,125,112
54,154,106,-94,-29,140,-68,-64,39,99,156,107
50,166,128,-138,-13,110,-79,-80,54,126,163,120
60,194,135,-124,-33,153,-103,-87,72,143,133,128
57,198,102,-137,-31,162,-116,-95,61,149,175,150
87,185,132,-146,-45,167,-130,-60,50,138,198,138
95,234,132,-126,-38,169,-114,-85,75,150,187,162
80,221,143,-162,-39,179,-117,-84,53,155,179,152
72,218,150,-147,-28,191,-133,-83,69,184,223,124
75,242,161,-172,-58,199,-145,-99,61,170,206,162
75,246,171,-177,-31,210,-161,-94,57,200,219,184
67,248,172,-163,-41,226,-163,-114,54,202,247,166
103,286,164,-178,-35,220,-141,-99,77,213,237,184
94,268,196,-188,-43,230,-157,-118,74,204,238,211
92,277,201,-200,-27,245,-164,-128,74,202,260,217
106,314,180,-195,-58,254,-147,-140,75,237,285,215
99,287,226,-213,-43,268,-177,-126,112,223,257,200
117,305,203,-217,-37,293,-210,-117,110,237,292,238
106,320,202,-204,-30,291,-182,-114,113,257,295,227
109,337,213,-244,-41,282,-189,-149,104,261,309,245
116,358,208,-235,-53,294,-196,-110,95,263,308,251
153,363,239,-244,-25,304,-194,-151,110,257,348,254
103,377,241,-257,-41,298,-206,-130,125,276,331,235
131,372,231,-239,-51,306,-212,-161,107,286,318,277
132,369,248,-264,-51,316,-204,-172,118,292,339,267
107,391,251,-253,-72,322,-206,-154,100,300,334,275
138,395,265,-277,-32,331,-240,-134,139,299,354,288
136,391,254,-276,-58,347,-223,-135,110,308,369,293
151,406,270,-273,-86,324,-231,-170,103,295,369,276
148,394,266,-273,-54,344,-252,-174,112,317,359,289
144,414,281,-278,-65,355,-230,-188,118,333,372,294
150,409,267,-280,-68,335,-241,-163,162,345,379,276
133,444,290,-293,-104,361,-238,-178,160,326,405,308
152,436,274,-281,-58,369,-250,-169,153,318,392,293
152,435,260,-296,-52,359,-253,-176,134,324,381,304
175,449,302,-294,-46,375,-223,-180,113,308,406,320
152,452,266,-292,-83,355,-255,-185,127,341,393,305
162,467,271,-308,-72,371,-230,-185,147,310,417,305
165,443,291,-282,-72,365,-246,-178,144,324,401,318
146,448,309,-318,-67,370,-236,-157,131,336,391,323
160,427,274,-304,-57,371,-241,-188,140,339,397,321
164,441,283,-292,-69,370,-234,-188,142,332,387,304
135,465,284,-294,-47,375,-235,-177,139,336,398,321
136,445,276,-300,-78,362,-249,-155,135,334,396,306
165,454,268,-293,-64,340,-249,-174,116,298,404,308
159,427,286,-291,-65,356,-234,-182,141,329,390,299
171,402,273,-299,-72,358,-235,-161,117,298,378,290
151,416,274,-290,-77,355,-230,-166,120,338,372,293
140,399,253,-264,-58,326,-237,-174,143,303,376,266
139,384,280,-264,-56,357,-226,-153,130,325,365,292
137,392,261,-285,-51,354,-212,-179,115,297,344,267
155,389,248,-258,-47,326,-213,-169,122,310,355,274
105,391,250,-259,-65,324,-205,-137,117,288,325,266
121,357,236,-253,-64,314,-194,-147,136,280,333,263
145,376,248,-242,-60,304,-191,-132,120,262,323,235
140,356,247,-264,-83,285,-200,-128,92,277,312,245
113,347,250,-218,-39,290,-214,-133,103,260,312,256
110,352,200,-252,-66,280,-191,-145,73,242,299,234
112,315,206,-224,-49,282,-176,-120,96,244,306,235
125,329,217,-198,-53,250,-159,-101,86,246,274,198
86,308,214,-213,-39,249,-159,-121,96,235,291,222
103,277,198,-188,-47,257,-137,-122,90,212,269,205
115,282,214,-192,-47,257,-145,-105,72,225,245,183
81,269,215,-219,-36,229,-148,-107,93,214,243,196
96,254,181,-210,-29,225,-155,-99,69,219,225,192
92,284,147,-185,-29,219,-131,-100,62,178,232,157
61,254,157,-163,-16,229,-125,-88,67,184,218,169
78,222,140,-156,-48,173,-116,-96,102,179,215,170
84,237,154,-150,-42,187,-114,-84,66,140,213,148
77,209,138,-124,-37,177,-105,-69,53,160,183,156
67,219,147,-132,-7,169,-110,-87,60,153,185,149
85,204,144,-131,-43,149,-96,-79,74,143,156,111
58,177,129,-123,-19,139,-111,-72,53,146,176,134
58,179,128,-115,-40,168,-86,-77,43,120,145,131
65,177,109,-115,-26,114,-99,-58,47,115,163,126
63,172,104,-94,-15,158,-83,-68,50,117,146,118
55,136,105,-103,-5,125,-78,-84,46,102,133,83
78,133,77,-87,-45,115,-68,-36,31,107,130,116
42,134,84,-93,13,101,-65,-53,19,81,131,85
23,111,91,-78,-15,91,-74,-43,16,91,112,81
40,104,96,-83,-5,83,-43,-59,14,81,105,90
62,100,63,-67,-6,103,-57,-53,26,82,117,87
25,99,69,-58,-22,98,-49,-52,24,68,92,75
21,74,73,-58,-19,76,-50,-42,24,67,108,70
29,95,55,-50,-16,68,-53,-36,28,81,67,32
29,102,58,-69,-19,35,-48,-11,38,83,69,76
10,77,46,-51,-15,69,-7,-35,34,65,74,50
28,71,27,-59,1,61,-35,-33,25,64,76,54
25,63,41,-43,-6,63,-14,-23,32,51,51,42
29,57,33,-51,-24,50,-31,-15,15,44,40,40
17,76,47,-31,-14,38,-15,-16,21,63,46,46
17,42,47,-32,-9,46,-31,-25,19,44,38,29
25,35,34,-41,-25,33,-27,-42,23,32,35,38
28,38,23,-25,7,38,-15,-21,9,47,61,46
12,52,19,-39,-19,15,-16,-4,6,27,30,43
2,57,21,-29,-10,38,-20,-19,9,16,13,45
12,29,11,-20,-2,18,-15,-20,23,32,28,35
17,48,38,-23,-10,44,-14,-10,11,57,33,10
-2,6,25,-25,13,12,-27,-8,8,18,22,16
21,53,26,-11,-6,20,-20,-14,5,25,36,29
21,-6,33,-8,9,27,-4,9,-3,14,28,24
3,24,15,-17,-9,32,-19,-1,3,15,32,20
13,16,2,-34,-12,16,-16,-13,-5,23,31,-10
12,23,1,-10,-8,6,-18,-4,18,17,9,27
-13,35,8,-17,-2,26,-8,-23,7,13,10,11
3,25,15,-17,-6,8,-11,-8,14,11,21,21
9,23,-6,2,-5,1,-2,7,13,8,0,1
13,11,-1,-12,7,16,-1,6,16,8,7,20
32,37,23,0,-23,16,-8,0,4,15,34,29
-4,15,-3,-4,-1,16,3,3,14,23,19,3
-1,26,6,-4,0,29,1,0,-33,4,15,13
-4,5,19,-25,5,8,14,-22,-9,3,-14,18
17,5,28,-17,-1,-4,-17,-29,6,28,4,10
11,0,8,-2,1,8,10,-7,31,11,23,-17
21,-5,21,-3,-1,15,14,-18,16,-5,21,-1
-29,15,27,8,-12,4,-2,16,16,13,4,11
-1,5,5,-7,-10,33,1,4,9,10,15,1
12,14,2,21,-4,16,8,-22,-13,7,-10,40
-3,-10,4,18,1,10,3,-18,-6,15,-12,36
21,-8,2,-26,2,3,1,-12,-3,16,-11,7
-3,5,-16,-9,-8,8,-7,-8,-13,10,-5,2
-8,12,-3,-6,-1,27,3,-18,-7,9,12,3
12,-16,18,10,20,7,-33,3,9,-3,11,-4
11,-2,1,17,-22,-10,1,-7,-27,9,3,0
-5,-8,0,-20,-25,6,-17,-1,-9,-12,28,19
14,10,9,-2,-1,15,19,13,-7,-12,7,20
-15,-8,0,-11,-11,14,-6,-16,-6,25,26,-6
8,-5,11,-14,-34,12,-2,-8,-6,-2,13,33
-1,12,0,-30,6,10,7,9,-20,-4,22,8
0,22,0,-11,2,7,-13,-13,-7,16,18,-10
-11,18,7,2,13,12,-4,9,4,2,17,1
1,13,10,-11,-15,1,-10,-2,16,13,7,15
5,18,7,4,-9,9,-12,8,18,-1,9,37
12,16,10,-18,2,29,-9,-14,-2,13,-2,0
-10,5,5,-5,16,-4,-17,0,-5,27,4,19
-4,5,16,16,-10,-14,-13,-15,12,12,14,22
25,23,17,-13,-4,20,-19,-13,-9,11,10,9
-21,28,-4,0,-15,-8,-8,1,-8,5,-11,7
-3,26,15,-22,9,-2,4,-6,1,5,9,1
6,16,15,11,-3,20,-22,-39,2,0,-7,18
-6,15,4,-4,23,24,6,31,0,28,26,10
7,35,16,-18,-10,15,-6,-20,0,18,23,11
-13,20,-2,-11,11,12,-21,-13,25,7,4,26
9,31,17,-12,23,6,-34,-39,10,9,6,15
3,-3,7,-36,12,-6,-8,-14,-6,25,27,11
11,3,14,-28,-11,5,-6,-5,-5,38,17,20
10,27,26,-10,-5,22,-17,-24,6,26,6,31
10,29,41,-16,-11,11,-47,-14,14,8,27,41
12,38,30,-34,-9,21,-11,-21,16,24,24,15
27,21,4,-33,-9,18,-24,-20,-5,25,32,29
12,49,12,-21,15,31,-13,0,22,16,30,47
1,53,-4,-45,-5,20,-25,-10,0,56,46,39
17,54,41,-28,-9,32,-13,-17,14,27,51,42
20,59,1,-30,-10,37,-15,-35,29,41,66,42
7,33,48,-33,-7,56,-37,-1,8,57,50,40
-3,52,31,-37,-9,37,-15,-5,18,57,57,28
10,40,28,-53,-6,52,-4,-30,26,54,65,56
16,65,61,-39,-12,59,-41,-39,22,64,60,46
24,79,61,-62,-1,57,-27,-34,5,55,89,56
18,95,50,-63,-20,64,-45,-34,29,61,64,67
20,79,37,-59,-1,74,-47,-27,26,49,86,67
48,85,66,-60,-38,82,-48,-25,17,58,108,64
3,110,53,-82,-13,102,-52,-55,18,73,128,65
41,97,61,-95,-4,102,-81,-60,52,92,93,70
45,112,81,-73,-6,108,-60,-66,46,89,107,97
43,136,79,-94,-16,79,-72,-65,50,101,112,111
24,156,96,-108,-30,106,-77,-51,55,98,139,97
39,151,96,-90,-36,115,-76,-63,29,107,145,119
71,161,85,-106,-29,150,-110,-63,53,115,139,110
50,162,103,-114,2,139,-102,-73,35,143,160,112
67,183,116,-84,-32,146,-96,-78,76,136,155,139
80,186,162,-116,-11,171,-94,-101,50,135,181,141
60,208,138,-122,-14,169,-92,-79,73,169,184,134
69,215,115,-142,-30,199,-122,-90,66,156,178,133
81,220,142,-155,-45,168,-105,-89,69,162,184,158
73,194,142,-155,-37,190,-115,-86,64,143,208,143
90,220,170,-171,-48,224,-136,-87,53,179,230,176
100,254,156,-173,-38,208,-138,-124,53,178,237,166
102,256,168,-156,-48,219,-116,-82,68,192,241,175
69,272,171,-166,-49,214,-136,-97,82,175,223,179
108,248,190,-175,-39,218,-146,-104,97,215,261,185
101,274,162,-181,-36,218,-151,-97,70,204,253,207
103,271,177,-189,-57,222,-156,-129,90,217,222,196
84,255,172,-175,-36,241,-164,-114,85,205,250,186
80,273,195,-168,-47,224,-144,-109,87,200,254,195
105,291,184,-180,-58,210,-133,-112,90,214,221,194
77,305,166,-188,-36,241,-160,-133,93,225,250,192
86,276,186,-188,-41,230,-146,-89,79,205,267,185
94,284,174,-193,-20,235,-139,-90,100,219,247,199
102,287,168,-175,-46,243,-154,-102,83,194,249,184
91,274,169,-182,-48,213,-133,-98,67,201,253,171
104,253,156,-176,-35,206,-137,-106,78,190,232,189
97,262,166,-170,-27,215,-139,-115,68,190,220,193
82,222,156,-155,-55,199,-136,-104,61,191,218,142
91,243,153,-146,-41,185,-141,-103,73,192,196,169
75,215,139,-163,-48,185,-113,-94,71,168,213,157
91,207,148,-136,-27,174,-114,-113,48,151,186,153
87,204,131,-117,-27,181,-142,-78,56,149,196,125
82,212,129,-132,-17,142,-112,-73,47,151,155,134
46,179,124,-130,-37,164,-94,-79,52,152,163,121
60,176,112,-125,-30,168,-91,-67,65,142,140,124
47,166,89,-110,-43,144,-91,-96,72,134,147,112
39,166,101,-101,-22,129,-89,-53,38,119,129,103
30,153,96,-83,-22,115,-85,-59,29,102,117,105
46,146,94,-107,5,98,-65,-45,44,89,105,108
51,114,84,-87,-16,105,-40,-60,48,82,96,81
50,113,83,-103,-12,106,-63,-68,33,104,94,90
36,93,64,-94,5,63,-37,-42,33,73,104,81
30,94,66,-64,-4,79,-60,-19,29,68,95,74
23,108,45,-54,-16,63,-49,-17,21,63,76,86
20,93,67,-37,-29,68,-39,-31,29,55,87,49
22,71,43,-63,-14,51,-55,-22,30,50,43,68
9,63,54,-41,-14,62,-19,-34,23,45,72,53
25,52,31,-58,-8,45,-39,-15,24,36,58,38
3,44,16,-44,5,57,-45,-40,9,46,48,31
30,47,35,-28,5,51,-27,-6,23,40,54,16
8,39,20,-26,-14,47,-15,-37,-19,38,39,23
13,23,37,-19,-12,31,4,2,13,25,35,13
58,40,7,2,-21,32,-27,-6,8,14,28,25
10,28,13,-11,-27,38,0,3,20,21,35,-2
21,35,36,-9,13,24,-4,-29,-4,36,49,35
19,17,33,-3,-13,6,-10,-19,7,24,13,-12
-1,18,22,-37,2,6,-6,19,6,-8,23,9
9,6,-8,-3,-12,0,-4,11,-12,0,2,1
-18,6,5,-5,1,-1,-6,3,1,-1,29,8
7,-14,-21,-13,2,-11,9,-19,-12,-8,-21,-16
5,-45,-28,-16,15,8,13,-3,-20,-15,-12,-15
-15,-52,-14,14,-13,-9,17,6,-13,-13,-40,-34
-28,-47,-50,22,-7,-38,33,20,-24,-30,-34,-48
-35,-55,-42,65,13,-52,23,14,-7,-52,-67,-79
-41,-81,-49,58,1,-80,48,35,-34,-86,-96,-68
-33,-120,-99,71,28,-63,64,63,-13,-103,-77,-66
-68,-104,-65,51,10,-113,93,44,-31,-88,-115,-96
-47,-124,-87,114,34,-100,87,63,-50,-114,-128,-104
-70,-136,-102,96,27,-115,80,73,-36,-105,-125,-93
-34,-161,-116,120,30,-130,75,69,-55,-122,-146,-116
-21,-165,-87,110,33,-107,103,58,-32,-133,-161,-105
-36,-155,-107,106,2,-105,65,48,-42,-93,-133,-96
-34,-114,-94,78,21,-93,80,41,-29,-82,-109,-91
-47,-73,-53,72,-3,-60,41,38,-16,-56,-62,-70
-1,-49,-27,33,-6,-52,27,11,-21,-57,-50,-51
6,15,-3,-13,11,10,-17,16,0,0,5,-1
31,97,52,-56,1,80,-46,-17,30,59,70,50
48,145,122,-123,-11,160,-75,-43,56,150,143,109
97,261,174,-171,-35,196,-147,-80,70,197,256,196
142,398,262,-257,-74,289,-182,-150,108,266,335,274
169,472,292,-316,-77,405,-246,-178,144,356,432,334
234,586,376,-405,-93,489,-332,-236,188,442,529,413
254,711,452,-451,-89,574,-385,-280,210,525,644,507
296,813,527,-551,-141,682,-439,-324,237,618,703,555
300,902,576,-619,-149,773,-477,-368,283,673,800,655
343,967,618,-666,-155,808,-553,-371,293,757,869,678
372,995,657,-689,-165,862,-562,-413,308,769,922,714
353,1049,680,-706,-137,876,-565,-419,315,794,938,733
354,1044,689,-704,-142,876,-563,-429,316,786,943,712
351,1009,659,-673,-156,831,-539,-403,291,755,902,701
341,959,608,-646,-124,793,-531,-377,282,702,839,685
288,857,566,-576,-142,726,-483,-335,233,641,760,591
265,735,472,-526,-108,614,-434,-280,228,569,679,517
215,644,386,-439,-87,520,-358,-245,209,486,561,456
171,497,369,-334,-76,418,-281,-207,177,372,439,362
149,400,258,-260,-42,322,-224,-152,126,297,352,266
106,267,191,-185,-43,205,-143,-116,76,206,224,172
51,176,105,-85,-36,150,-85,-73,44,132,147,117
24,68,54,-33,-18,77,-42,-45,11,32,43,49
-13,-27,-10,19,-6,-37,24,25,-19,-14,-18,-5
-39,-99,-73,59,15,-69,45,32,-28,-69,-83,-75
-36,-160,-103,110,11,-126,75,38,-50,-101,-129,-93
-71,-189,-119,97,44,-149,98,87,-65,-143,-152,-130
-66,-220,-143,147,19,-185,116,98,-65,-156,-204,-165
-80,-226,-142,149,32,-182,115,88,-68,-165,-226,-151
-78,-226,-156,144,40,-187,132,95,-60,-145,-175,-160
-105,-216,-154,164,46,-185,108,79,-74,-181,-204,-141
-41,-194,-134,135,38,-148,113,63,-54,-169,-169,-133
-84,-173,-110,129,44,-158,106,84,-63,-139,-170,-112
-70,-152,-97,122,48,-154,110,64,-59,-146,-144,-112
-44,-135,-82,105,25,-125,95,69,-42,-126,-124,-84
-43,-111,-90,73,18,-110,92,46,-26,-85,-119,-69
-16,-112,-69,73,15,-51,51,50,-32,-63,-65,-65
-40,-81,-44,37,8,-65,14,23,-43,-45,-81,-53
-29,-45,-47,30,34,-45,40,39,-26,-16,-39,-25
-31,-38,-17,24,4,-29,-12,10,12,-27,-30,-31
-17,7,-7,18,15,-33,16,-10,-16,-10,-15,-21
-8,-36,-1,17,-3,-19,2,20,17,-26,-6,0
-9,-7,9,-1,11,-8,12,7,-9,5,13,-31
-2,13,-3,-20,17,19,-3,-24,4,17,3,-23
18,26,26,-6,-9,14,0,-15,7,7,16,6
17,15,12,9,5,15,-8,-15,8,31,24,16
3,-1,32,-14,14,-2,-8,-6,-20,5,20,9
8,14,50,-30,-23,10,-32,-9,12,28,20,30
6,32,29,-15,-4,31,-2,5,6,-11,-2,15
13,17,7,-15,-30,33,-38,7,18,25,30,-9
-4,36,46,-29,-4,25,-16,-23,10,28,42,6
8,15,19,-11,3,50,-3,-33,10,12,29,21
15,38,19,-43,-12,23,7,-5,18,64,27,41
14,48,6,-14,4,47,-1,0,12,40,41,28
12,75,11,-35,-13,52,-23,-29,35,42,40,34
9,53,22,-36,15,50,-20,-4,18,25,34,29
9,45,31,-40,0,32,-36,-2,26,29,52,38
12,64,41,-35,-27,51,-18,-25,17,39,58,45
47,59,49,-28,-13,49,-32,-26,8,49,40,45
33,63,56,-43,5,57,-43,-8,19,54,59,53
14,67,25,-44,5,66,-41,-25,33,40,83,61
35,77,57,-52,-15,45,-54,-19,16,52,54,61
25,62,77,-32,-25,73,-29,-28,37,53,76,68
8,88,50,-40,-30,84,-54,-40,10,78,67,63
30,96,51,-68,-21,79,-58,-30,17,51,74,50
39,84,68,-100,-10,92,-43,-48,9,64,78,61
34,114,82,-63,-21,111,-84,-35,14,56,97,80
42,116,68,-77,-10,99,-101,-40,17,73,88,74
39,101,84,-70,-25,89,-52,-53,29,71,115,95
58,143,92,-93,-20,126,-58,-60,38,111,101,83
56,124,86,-116,-26,114,-80,-76,66,95,130,97
58,134,83,-93,-34,116,-97,-60,26,119,128,100
61,157,93,-102,-20,110,-92,-42,36,105,128,98
70,132,117,-105,-31,126,-96,-80,59,129,152,130
64,157,97,-116,-22,148,-84,-74,62,135,143,138
94,184,133,-137,-35,148,-96,-82,60,151,173,125
46,192,121,-119,-23,158,-104,-85,47,169,179,123
63,194,144,-107,-47,190,-135,-81,34,141,193,168
97,212,125,-155,-39,173,-122,-61,80,170,189,185
73,218,134,-141,-16,187,-111,-97,62,159,200,155
94,226,160,-149,-23,179,-132,-83,78,188,197,162
79,244,148,-145,-13,210,-132,-82,72,204,224,164
69,256,162,-170,-41,217,-141,-96,74,179,217,167
102,257,158,-182,-14,197,-126,-105,77,196,216,168
70,267,195,-184,-40,240,-156,-105,98,190,229,170
81,276,170,-193,-39,228,-160,-124,76,212,270,194
108,277,184,-198,-52,239,-184,-102,83,201,244,170
82,285,196,-201,-44,258,-156,-113,94,236,261,198
123,310,208,-203,-56,260,-161,-121,91,220,270,220
96,292,201,-213,-43,248,-175,-117,108,252,294,206
118,326,208,-209,-54,287,-178,-113,88,238,289,234
109,334,239,-221,-81,301,-180,-121,89,271,303,244
128,352,226,-216,-70,298,-193,-129,94,266,313,261
127,351,214,-233,-58,299,-179,-113,107,271,340,234
130,334,233,-237,-49,316,-197,-153,108,265,320,227
144,376,220,-250,-50,297,-177,-137,96,281,345,250
106,370,231,-274,-74,305,-224,-177,110,266,327,268
119,370,240,-238,-76,317,-211,-150,113,274,331,248
124,388,265,-262,-62,294,-202,-165,107,274,361,287
158,385,271,-246,-41,327,-208,-141,116,283,340,270
130,380,278,-246,-72,329,-232,-154,120,280,384,272
146,406,242,-270,-76,312,-233,-164,111,293,354,281
134,393,263,-278,-69,345,-246,-190,118,310,360,273
141,378,247,-254,-61,331,-211,-180,111,314,373,277
132,412,261,-259,-67,340,-224,-168,122,304,341,259
154,397,285,-265,-65,340,-210,-155,108,321,362,293
154,398,278,-269,-75,349,-215,-157,113,321,337,283
139,416,247,-276,-72,342,-208,-196,120,285,375,292
153,392,259,-272,-48,341,-222,-163,106,309,382,280
128,408,249,-267,-29,361,-240,-148,124,304,373,285
137,401,272,-259,-78,338,-225,-159,118,309,365,282
148,401,239,-287,-51,323,-224,-163,123,286,350,281
141,372,252,-270,-64,319,-201,-136,133,288,357,288
136,382,251,-257,-57,334,-193,-171,108,278,354,280
127,380,274,-254,-55,323,-214,-144,97,278,353,285
113,387,254,-265,-57,302,-196,-162,111,273,334,266
126,371,242,-257,-68,310,-213,-170,126,282,326,252
123,381,229,-255,-48,333,-215,-158,89,283,314,281
120,352,250,-240,-64,288,-204,-132,99,260,322,258
118,368,219,-256,-56,283,-188,-137,93,270,333,237
114,331,231,-212,-58,307,-170,-147,117,245,322,252
116,338,233,-210,-36,266,-169,-135,120,249,295,236
132,335,218,-234,-38,271,-192,-125,81,231,291,231
101,293,187,-233,-52,280,-166,-110,77,251,283,217
78,317,207,-206,-27,241,-164,-114,102,216,303,214
115,290,193,-199,-58,252,-156,-121,87,211,253,178
105,299,166,-193,-49,243,-163,-105,89,206,269,210
88,256,167,-172,-33,249,-164,-103,71,212,239,179
87,273,148,-184,-25,226,-146,-82,63,210,224,196
116,238,150,-149,-33,209,-158,-99,73,207,214,168
72,246,144,-175,-45,202,-123,-101,80,187,220,192
75,244,160,-154,-38,192,-136,-95,60,178,209,158
91,247,154,-147,-33,186,-126,-86,64,175,212,156
74,214,143,-138,-37,188,-110,-49,77,140,180,161
85,223,148,-121,-36,167,-78,-94,49,155,174,148
56,207,123,-131,-17,147,-110,-62,79,133,186,121
74,170,136,-120,-8,157,-89,-102,63,140,166,126
48,178,111,-141,-47,143,-73,-79,57,127,130,129
51,160,125,-105,-37,156,-60,-59,49,129,155,108
63,141,108,-101,-24,111,-89,-62,11,165,126,93
49,137,121,-94,-25,101,-79,-74,44,104,124,102
51,148,75,-105,-7,106,-77,-67,66,100,115,93
48,113,65,-85,-30,112,-65,-63,24,107,122,82
42,108,79,-85,-8,111,-84,-43,35,103,113,68
40,124,88,-71,-35,87,-71,-22,40,74,84,86
33,99,88,-64,-22,107,-52,-48,20,71,99,63
23,101,57,-58,-31,76,-58,-39,13,69,69,75
33,89,38,-69,-4,68,-43,-49,28,55,89,56
8,103,64,-48,-27,60,-47,-25,38,51,77,53
52,67,55,-32,0,67,-34,-15,27,74,46,57
13,81,51,-39,-17,69,-36,-30,29,56,62,49
3,41,57,-37,-29,64,-28,-23,13,38,50,48
23,55,35,-13,-19,46,-23,-11,15,45,38,44
28,27,41,-26,13,54,-29,1,18,18,60,35
7,33,36,-24,-5,39,-25,-3,5,38,30,0
21,24,15,-11,-21,59,-16,-6,8,27,17,26
-9,16,12,-43,1,10,-18,-21,12,18,21,6
-7,30,10,-5,7,47,-19,-12,7,29,-4,14
22,7,19,-6,3,24,-8,-24,4,0,5,24
27,30,-11,-23,-13,25,-20,-17,11,29,28,0
1,9,30,-12,-9,22,-14,-18,8,26,15,-2
-5,16,-9,21,2,-7,1,5,4,14,6,-6
-11,14,11,-4,-5,0,-5,3,-2,0,12,11
3,-10,19,-12,26,1,-3,-3,-2,-3,16,-2
-9,-19,11,-11,-20,-7,-10,-30,8,37,-2,9
-18,14,14,9,0,1,-3,-3,17,8,3,11
-3,-6,12,0,-25,15,-4,8,-11,-7,5,-4
-2,-2,11,-7,-5,-17,9,20,2,9,-8,-1
-5,9,-1,-6,-4,9,14,13,7,20,9,-2
-13,-20,1,17,-9,-26,0,7,-4,-11,-8,-9
-16,-4,-9,2,15,-9,23,-2,-1,11,-18,14
1,-8,-12,13,27,-17,-2,17,-26,1,-12,-21
-21,-10,-3,9,-25,-17,32,-2,6,-17,11,2
-4,-24,2,16,1,-34,-5,5,-5,-5,-2,-20
11,-10,-3,26,-8,-13,-5,20,-3,-19,-4,-1
15,-20,1,18,18,-12,6,0,5,-8,-17,-26
6,-32,9,22,-9,-26,13,-1,-7,-1,-33,-17
-7,-17,-7,8,19,-19,-10,-3,9,-37,6,-8
-2,-21,-12,23,-13,-29,6,20,2,-22,-36,0
1,-13,0,3,-7,-17,20,9,-7,-25,-32,11
10,-2,-9,4,11,-11,7,10,-6,-8,-1,-12
-41,-20,-41,19,15,-23,18,1,-14,-14,-18,-5
-19,-38,-23,19,12,-29,10,10,-14,-17,-31,-18
-3,-15,-19,10,-5,-13,37,0,-25,-18,-29,-24
-16,-13,-24,6,-7,-11,17,16,-18,3,-5,-6
-7,-18,-27,12,-4,-21,0,24,-16,-15,-23,9
-18,-50,-10,20,6,-22,19,17,-10,-20,0,4
-12,-26,3,17,5,-33,33,6,-14,-9,-5,10
5,-55,-12,-2,-6,-8,30,24,-19,-12,-44,-13
-14,-14,-21,-14,-4,-23,34,21,-10,2,3,-27
-2,-10,-9,12,10,-34,-4,13,1,-4,-27,-8
-13,-20,-19,8,22,-10,11,22,3,-23,-35,-21
-1,-18,-20,16,5,-12,24,7,1,-5,-9,-8
-7,-24,-9,31,-6,-5,-5,26,-12,-23,-13,-32
-19,-8,-18,2,-9,-3,30,27,-5,-24,-12,2
1,-24,5,6,-4,-21,18,1,-10,-16,-19,-41
-17,-19,-13,21,-15,-24,6,10,-3,-4,-29,-11
-11,-33,-9,15,-4,-45,2,7,-12,-32,-15,-30
-10,-5,-5,28,16,-2,12,5,-13,-22,-40,3
-7,-10,-20,10,-4,-26,10,11,-16,-3,-42,-27
-4,-22,-26,1,10,-6,14,-2,-16,-30,-41,-23
-8,-24,-24,10,11,-22,15,-12,-4,-11,-6,-17
10,-21,-15,5,3,-14,20,4,-15,-9,-17,-20
-11,-29,-15,17,3,-32,20,-25,-3,-30,-6,6
-14,-16,-41,14,2,-29,18,9,-16,3,-5,18
-13,-32,-16,26,22,3,-12,3,-17,-33,-22,1
10,-9,-36,32,-11,-16,12,13,-19,-20,-4,-2
4,-26,-3,12,2,-17,10,-7,-20,-24,0,-28
-7,-28,10,2,27,-17,3,16,2,-15,-2,-13
-14,-24,-31,8,-1,-10,10,5,-10,-23,-36,-22
-23,-18,-1,17,5,-23,29,-8,-5,-6,6,-4
-8,3,19,1,-12,-6,-3,-6,-11,-20,-16,-24
-13,-6,-26,-22,-15,-22,18,18,3,-34,-29,-12
-9,0,-2,9,29,-18,6,32,-4,-20,3,-9
8,-24,-13,-10,-8,11,3,5,-8,-4,7,0
11,-20,-26,21,-14,5,14,-9,-5,-15,-1,0
-24,-9,6,5,4,-2,-1,9,-18,-8,-24,-33
17,-5,6,8,-1,7,-5,-21,8,-2,5,-3
4,9,-11,-4,9,11,-22,-14,-24,2,6,18
3,-3,-16,-18,12,6,1,-8,-8,15,-3,3
6,6,-19,-9,-27,26,-17,-3,16,8,22,8
17,12,6,-19,-25,-7,-1,-4,14,6,11,-2
-3,18,11,-39,-22,38,-17,-3,-6,14,38,31
17,23,32,-14,7,16,-12,-27,-5,6,34,18
-1,32,28,-24,11,35,-21,10,-7,19,45,26
20,44,44,-42,-17,35,-42,-39,-16,15,31,32
30,59,40,-34,-15,56,-30,-36,1,39,38,27
24,69,39,-33,9,29,-31,-37,5,40,25,60
11,68,34,-38,-16,44,-27,-25,17,41,57,51
41,79,52,-31,-33,57,-25,-20,29,71,36,68
27,81,57,-71,-11,82,-41,-39,26,73,85,66
53,68,61,-42,-22,70,-57,-42,25,71,78,34
44,109,75,-69,-26,84,-37,-54,21,55,59,73
32,86,58,-107,-1,100,-48,-40,33,84,105,71
33,122,83,-77,-6,99,-47,-42,34,102,96,76
39,124,87,-90,-2,106,-80,-60,39,107,107,79
55,132,72,-112,-22,99,-77,-47,41,108,127,76
69,169,106,-121,-39,109,-82,-50,52,116,110,133
34,152,100,-104,-18,127,-79,-51,46,122,132,81
52,143,95,-105,-17,139,-91,-63,65,124,138,98
59,180,121,-117,-40,150,-98,-58,46,119,156,137
66,197,95,-124,-29,153,-126,-56,55,127,157,137
69,174,129,-138,-18,167,-94,-61,37,143,165,114
68,217,138,-140,-22,159,-97,-85,81,145,174,145
59,197,134,-140,-39,158,-90,-87,63,152,172,127
76,208,120,-148,-35,166,-115,-82,42,155,199,144
70,218,147,-148,-18,172,-101,-92,55,164,177,153
74,201,113,-148,-39,169,-119,-108,44,157,201,150
92,222,132,-128,-30,198,-118,-95,79,153,186,158
76,204,130,-143,-2,157,-110,-91,67,146,204,138
66,236,142,-168,-17,160,-105,-105,65,157,210,169
79,226,137,-144,-16,152,-114,-75,96,174,196,131
76,216,141,-149,-6,155,-103,-87,54,170,187,155
76,214,148,-155,-9,177,-111,-89,53,144,208,154
70,175,138,-127,-27,164,-112,-68,74,161,208,149
63,191,129,-122,-48,167,-117,-78,59,166,174,137
94,185,114,-131,-19,185,-92,-75,74,130,164,125
65,188,122,-125,-27,158,-113,-70,47,143,172,99
50,192,119,-120,-14,144,-112,-77,56,124,152,142
64,181,110,-113,-37,117,-108,-81,71,133,155,134
43,146,118,-104,-26,132,-75,-80,68,148,138,124
38,171,91,-95,-23,135,-99,-41,46,118,129,113
42,139,71,-102,-7,133,-80,-59,24,90,112,73
59,136,107,-77,-19,115,-74,-53,44,94,127,122
56,120,78,-68,-14,95,-74,-42,28,95,109,111
44,123,71,-79,-28,108,-48,-33,26,89,85,70
23,74,52,-69,-28,89,-57,-17,24,67,80,65
23,68,66,-47,-23,42,-54,-20,36,58,89,64
28,64,67,-54,-54,70,-30,-20,23,65,94,60
14,63,60,-47,-7,48,-42,-22,33,44,68,35
42,50,32,-27,-32,67,-32,1,36,53,29,49
4,45,52,-45,-23,38,-15,-9,25,21,48,40
12,45,31,-27,-18,40,-16,-11,-3,48,24,16
20,39,39,-53,7,30,-13,4,9,28,31,17
14,11,-5,-19,0,39,0,3,10,27,17,20
19,23,13,-31,-10,12,10,-15,12,22,-5,23
-10,1,24,-16,-1,12,-5,3,20,-8,18,-10
3,-7,17,-7,17,-15,5,-27,15,-6,-10,24
-10,-15,-1,-7,-10,17,8,-11,-3,-6,1,-4
0,-19,13,2,-1,-7,-4,-1,-25,3,-12,-2
-27,-3,-16,3,-2,-22,-8,19,-1,-12,-6,-15
-17,0,0,11,14,-12,10,-9,2,3,-11,-32
-15,-16,-7,5,3,-31,17,6,-18,-23,-12,-9
-6,-30,-7,22,3,-11,23,14,-10,-30,-6,-12
-26,-26,-16,37,-13,-33,27,-9,10,-42,-27,-34
17,-35,-18,18,-3,-42,46,17,-30,-42,-37,-28
-31,-64,-20,34,5,-27,18,3,-2,-29,-41,-36
-17,-53,-22,35,8,-36,31,37,-36,-30,-29,-32
-21,-81,-51,34,3,-45,46,8,-35,-29,-69,-38
-33,-33,-59,25,11,-67,15,28,-19,-49,-38,-43
-30,-81,-47,53,-11,-46,40,23,-25,-79,-83,-87
-35,-93,-79,56,25,-80,47,44,-39,-73,-86,-72
-8,-79,-71,60,21,-102,55,56,-29,-94,-100,-66
-31,-114,-75,89,7,-98,61,43,-46,-81,-96,-71
-47,-147,-89,87,19,-105,71,52,-56,-80,-133,-80
-41,-147,-89,82,25,-132,96,64,-39,-100,-144,-97
-58,-151,-91,118,24,-126,121,73,-60,-118,-139,-106
-59,-199,-85,118,39,-157,101,103,-44,-159,-175,-143
-35,-185,-129,151,22,-162,111,73,-59,-148,-157,-141
-61,-199,-114,98,27,-146,80,90,-45,-164,-174,-119
-50,-178,-130,136,20,-154,115,95,-58,-150,-164,-126
-44,-165,-122,101,42,-149,130,57,-58,-135,-168,-138
-67,-167,-113,100,34,-122,108,70,-38,-107,-138,-114
-53,-117,-92,81,36,-117,64,64,-47,-103,-100,-101
-28,-58,-60,71,1,-67,61,40,-38,-70,-79,-48
-3,-21,-7,30,-11,-45,46,27,-19,-21,-39,-30
19,31,28,-38,23,34,-27,-17,-16,38,30,19
37,109,59,-85,-17,86,-50,-54,32,90,110,79
64,235,129,-142,-32,182,-131,-105,56,161,184,142
122,329,229,-233,-46,288,-182,-113,95,252,301,203
144,458,287,-284,-62,368,-247,-166,143,350,411,315
193,565,370,-387,-79,470,-308,-208,172,396,508,408
224,661,440,-467,-111,557,-370,-266,202,499,594,456
312,776,518,-512,-110,657,-430,-302,209,575,692,531
296,842,580,-597,-129,721,-473,-348,263,637,783,587
319,923,578,-610,-153,779,-505,-362,243,677,824,639
314,981,621,-653,-140,813,-515,-388,283,720,858,673
323,973,618,-644,-139,794,-550,-409,289,718,879,687
336,968,620,-669,-123,807,-541,-396,283,695,858,670
331,958,591,-631,-138,766,-503,-367,278,686,805,629
287,850,539,-573,-125,705,-465,-356,281,623,790,598
273,766,492,-521,-124,623,-423,-310,218,564,705,554
218,635,420,-461,-119,543,-356,-246,188,495,593,469
199,551,335,-387,-87,448,-308,-216,148,406,502,385
152,405,295,-286,-66,343,-245,-187,142,316,401,282
112,302,194,-195,-56,257,-184,-114,95,216,263,209
74,185,132,-128,-32,167,-108,-91,64,153,173,124
23,101,41,-58,0,45,-59,-50,26,42,87,51
-10,-20,-27,12,3,-20,17,14,-13,-13,-25,-16
-23,-108,-65,85,21,-99,69,38,-35,-83,-106,-78
-58,-169,-107,117,19,-154,80,45,-60,-133,-157,-127
-64,-209,-156,161,39,-181,130,76,-68,-161,-217,-162
-73,-257,-184,176,34,-230,140,88,-109,-209,-243,-182
-97,-278,-192,206,51,-223,164,124,-82,-211,-236,-202
-113,-316,-191,188,42,-225,146,124,-80,-209,-252,-209
-114,-296,-191,219,34,-244,154,120,-84,-214,-258,-221
-75,-292,-191,201,54,-241,157,116,-71,-212,-255,-193
-85,-269,-171,165,15,-234,142,108,-73,-201,-255,-199
-84,-218,-171,151,35,-235,123,90,-56,-186,-210,-170
-79,-233,-141,169,56,-174,138,87,-78,-160,-193,-159
-71,-175,-127,137,20,-145,96,89,-73,-159,-173,-163
-58,-187,-98,123,37,-151,99,58,-49,-111,-163,-120
-68,-140,-109,111,15,-115,71,77,-38,-106,-123,-129
-45,-151,-74,87,17,-96,60,59,-49,-91,-109,-71
-33,-103,-78,84,13,-88,69,40,-17,-56,-116,-79
-25,-90,-82,63,-6,-75,49,44,-31,-68,-76,-68
-31,-63,-55,50,5,-47,38,12,-8,-36,-94,-44
-7,-46,-42,44,21,-39,55,11,-30,-58,-74,-58
-16,-55,-27,48,-4,-47,32,7,6,-41,-42,-48
-21,-53,-20,26,20,-64,37,26,-20,-29,-41,-36
-38,-62,-39,12,-10,-30,13,43,-2,-28,-38,-33
-12,-33,-32,29,15,-38,38,31,-15,-36,-32,-36
-6,-54,-46,21,14,-42,28,1,0,-15,-59,-33
-7,-50,-12,32,2,-28,21,0,-4,-23,-12,-16
8,-29,5,21,18,-27,14,33,-16,6,-15,-30
-24,-13,-38,12,6,-29,13,18,1,-18,-26,-19
5,-17,-11,18,17,-23,18,6,4,-16,-9,-45
-6,-43,-24,39,-24,-19,0,21,10,-27,-17,-8
-8,-47,3,-8,3,-15,23,-11,12,-9,-50,3
-19,-18,-19,17,1,-20,9,25,-12,-13,-36,-27
-16,-15,-21,16,-4,0,-4,12,-19,-29,-26,-6
-11,-22,1,8,0,14,22,9,-9,-14,-7,4
-8,8,6,0,-20,-33,15,10,4,1,-11,-23
-5,-3,10,-12,-7,8,12,4,-19,-15,0,9
-11,2,0,19,-8,-18,-7,-17,6,-10,16,10
10,3,13,-5,-1,0,17,12,-21,25,10,4
16,8,5,-16,-3,-5,-1,-17,6,-1,-5,15
-3,18,23,-9,3,-8,-5,-15,-21,10,17,-1
16,22,17,-7,-8,31,-19,-14,17,-1,32,9
29,31,24,-28,-7,4,-26,7,5,33,31,18
-6,24,23,-26,9,12,-24,-20,25,24,20,45
2,50,10,-37,-2,37,-34,-32,23,22,20,35
8,35,26,-36,7,30,-19,-19,21,33,45,20
-7,53,30,-27,-17,39,-39,-8,17,52,45,47
31,81,38,-46,-15,71,-32,-32,24,45,61,61
20,76,46,-58,1,66,-39,-45,11,48,37,61
31,80,46,-51,-29,65,-45,-43,28,42,75,58
36,90,51,-64,-7,71,-36,-30,31,50,75,76
39,65,71,-42,-15,82,-53,-40,16,78,90,94
37,66,66,-71,-17,90,-38,-41,39,84,79,77
42,111,87,-90,-36,79,-62,-38,55,85,117,64
51,118,99,-89,-7,103,-60,-43,46,87,100,81
66,120,68,-87,-13,114,-88,-60,47,84,119,116
42,150,90,-101,-19,132,-78,-68,51,99,115,107
40,150,95,-104,-23,127,-85,-57,35,123,101,111
43,144,101,-90,-14,139,-92,-70,54,130,155,121
63,169,121,-128,-23,143,-83,-62,46,130,147,131
59,170,106,-133,-20,139,-102,-78,79,132,177,142
72,181,131,-134,-5,141,-109,-101,78,145,172,120
86,208,130,-132,-40,167,-100,-73,71,142,171,141
95,207,119,-156,-58,165,-116,-79,67,145,167,139
68,205,162,-136,-42,172,-116,-99,86,165,170,131
87,212,155,-161,-40,190,-114,-73,64,183,187,149
74,248,146,-140,-55,196,-142,-112,62,157,212,199
83,238,131,-159,-33,202,-134,-98,77,193,210,174
95,255,151,-190,-42,229,-111,-117,73,179,242,181
106,267,150,-189,-43,219,-132,-98,76,213,245,190
95,297,182,-201,-49,194,-146,-117,87,207,241,221
93,291,175,-211,-70,219,-156,-105,85,225,247,199
91,299,175,-194,-46,232,-137,-112,93,215,255,212
119,305,186,-225,-40,241,-171,-119,96,227,268,197
81,280,203,-214,-50,241,-163,-135,83,242,277,228
101,277,191,-192,-44,257,-166,-115,106,239,249,221
131,307,203,-212,-42,287,-170,-132,92,260,281,218
91,285,193,-204,-38,267,-154,-149,77,254,298,217
98,333,209,-243,-44,271,-168,-134,88,234,293,250
89,332,220,-210,-66,277,-170,-130,69,243,292,239
139,323,207,-236,-51,269,-178,-121,106,237,287,224
124,330,224,-218,-53,262,-169,-136,115,238,298,229
116,334,211,-212,-44,282,-196,-152,112,274,293,242
123,350,213,-225,-56,294,-192,-122,100,251,305,232
108,321,232,-228,-67,294,-160,-135,87,269,303,226
113,336,190,-230,-59,289,-187,-116,91,268,305,218
121,330,200,-240,-51,291,-196,-145,100,264,285,231
132,337,197,-223,-55,286,-191,-138,86,242,297,239
122,343,206,-215,-68,261,-166,-124,108,235,317,237
106,327,213,-239,-29,261,-186,-134,87,241,288,219
114,306,223,-231,-46,284,-180,-130,98,251,315,249
104,300,212,-206,-46,268,-172,-124,66,247,292,228
106,328,192,-216,-43,280,-190,-120,98,232,293,233
107,327,212,-225,-71,231,-163,-138,106,242,279,216
111,314,200,-200,-43,258,-156,-125,90,243,277,233
115,317,174,-196,-66,270,-158,-108,122,226,264,214
103,288,179,-197,-51,255,-162,-114,95,200,264,198
87,274,186,-207,-61,235,-188,-115,69,231,262,201
104,281,166,-176,-45,240,-150,-111,95,187,261,205
85,264,179,-177,-43,213,-159,-104,77,193,253,207
117,239,179,-177,-30,215,-132,-99,76,207,231,212
75,253,166,-162,-52,200,-134,-88,64,205,225,182
81,238,136,-146,-12,216,-135,-87,77,198,212,181
91,244,135,-151,-30,183,-112,-94,79,184,217,178
67,228,148,-171,-18,180,-127,-80,73,170,212,165
82,201,130,-147,-18,183,-109,-87,78,158,214,148
77,208,122,-137,-31,178,-119,-94,66,162,207,136
60,192,112,-108,-42,163,-119,-66,40,152,184,146
55,181,120,-126,-16,149,-87,-61,72,152,149,138
61,168,121,-112,-23,146,-83,-60,55,155,146,117
81,176,116,-104,-26,143,-75,-82,59,124,157,117
34,136,94,-105,-26,124,-84,-54,46,110,137,96
51,144,71,-116,-48,114,-73,-56,46,103,137,96
54,143,100,-84,-22,95,-81,-62,38,110,116,78
41,124,75,-88,-10,101,-62,-53,31,101,109,85
38,96,65,-97,-29,89,-86,-47,49,65,85,74
28,100,76,-50,-13,65,-60,-38,36,79,88,78
25,110,63,-70,-8,76,-71,-38,37,54,67,87
18,83,55,-23,-22,74,-53,-46,27,46,89,44
5,73,28,-45,-12,58,-28,-37,37,66,77,29
25,51,29,-59,-11,55,-41,-33,24,54,54,41
18,49,20,-32,-9,54,-40,-16,18,44,30,41
15,51,33,-55,-2,35,-34,-25,23,50,29,57
0,14,51,-17,-22,51,-20,-27,-10,26,28,23
20,24,-7,-36,3,19,-10,-3,5,40,39,42
21,10,25,-22,6,4,-8,-16,-10,30,15,11
28,31,3,-6,-9,18,-12,-4,16,9,-10,31
-12,-16,8,23,21,-13,-23,1,-1,-19,7,1
-7,-20,-18,-5,-1,-13,20,5,-15,7,13,1
-3,-10,17,-3,3,-3,-13,4,8,5,-3,-21
-31,-17,-13,31,5,-38,10,11,-6,-27,-24,1
-7,-17,-8,13,20,-28,18,22,-7,-10,-15,-12
-26,-34,-13,22,6,-27,6,16,-1,-10,-30,3
-16,-6,2,37,1,-28,9,33,16,-25,-22,-24
13,-37,-23,15,4,-13,19,7,0,-44,-54,-29
-12,-42,-6,38,16,-11,20,27,5,-30,-42,-34
-20,-10,-14,26,2,-17,21,7,-11,-50,-44,-21
-18,-53,-55,36,16,-37,21,23,6,-17,-55,-45
-7,-65,-43,47,34,-37,38,37,-45,-13,-59,-37
-21,-61,-45,55,21,-46,39,28,-17,-60,-29,-32
-18,-73,-46,26,44,-52,24,24,-18,-49,-57,-48
-10,-71,-41,44,12,-53,27,8,-15,-47,-62,-42
-24,-58,-36,33,16,-64,44,13,-22,-43,-62,-42
-40,-66,-29,45,1,-42,41,34,-41,-80,-83,-33
-26,-86,-56,59,4,-57,38,48,-36,-43,-64,-39
-26,-57,-39,63,13,-72,65,37,-42,-67,-63,-40
-22,-83,-66,55,32,-64,60,36,-27,-62,-83,-58
-15,-79,-43,66,10,-61,43,37,-41,-66,-55,-65
-35,-80,-52,48,29,-54,67,35,-44,-44,-99,-70
-40,-83,-63,44,27,-67,31,32,-9,-40,-73,-64
-17,-53,-46,86,20,-54,38,27,-28,-63,-69,-62
-24,-82,-53,50,23,-69,30,33,-42,-55,-85,-56
-40,-85,-80,49,21,-78,38,33,-18,-59,-93,-68
-35,-65,-70,59,14,-76,51,53,-30,-79,-94,-52
3,-65,-60,56,18,-77,37,16,-30,-68,-84,-69
-49,-106,-46,45,18,-69,44,47,-27,-53,-95,-60
-51,-86,-58,72,9,-78,55,40,-34,-57,-86,-57
-18,-81,-54,55,35,-95,45,42,-9,-64,-94,-48
-60,-97,-67,76,25,-72,48,25,-44,-69,-54,-78
-40,-83,-61,54,8,-80,46,43,-40,-57,-94,-79
-27,-95,-65,59,11,-92,40,43,-9,-82,-75,-67
-28,-96,-57,83,9,-88,47,32,-30,-77,-82,-69
-29,-95,-63,57,29,-66,72,50,-44,-78,-67,-59
-23,-89,-49,70,-4,-75,49,38,-23,-78,-96,-58
-47,-94,-69,60,7,-64,43,29,-26,-91,-90,-69
-25,-103,-64,57,18,-76,56,52,-19,-85,-86,-69
-47,-86,-60,67,5,-95,37,44,-1,-69,-97,-76
-18,-122,-84,64,10,-67,61,35,-42,-74,-71,-83
-27,-103,-73,68,19,-67,69,47,-25,-57,-58,-56
-39,-78,-56,67,-16,-62,38,33,-21,-69,-68,-66
-24,-96,-57,63,15,-77,50,33,-23,-70,-76,-71
-66,-91,-54,60,9,-71,56,55,-37,-59,-104,-77
-52,-97,-56,54,2,-91,33,14,-12,-75,-83,-70
-44,-109,-53,95,10,-91,29,23,-30,-77,-100,-88
-16,-92,-67,78,15,-95,48,55,-11,-69,-80,-74
-29,-102,-45,68,30,-77,57,39,-41,-94,-85,-87
-49,-85,-47,71,18,-76,22,51,-44,-66,-70,-72
-41,-98,-54,77,43,-94,66,41,-12,-55,-76,-64
-21,-80,-66,58,31,-80,53,46,-35,-69,-80,-67
-8,-92,-53,42,15,-66,56,28,-40,-80,-89,-78
-25,-107,-56,64,24,-74,54,42,-32,-52,-88,-22
-36,-96,-71,73,21,-87,36,40,-19,-63,-105,-70
-23,-112,-68,37,-6,-71,61,40,-52,-73,-80,-85
-39,-86,-41,79,-3,-64,40,42,-33,-68,-80,-70
-28,-105,-30,89,7,-78,46,41,-43,-75,-81,-70
-38,-95,-70,68,16,-82,44,26,-13,-90,-91,-74
-21,-87,-51,61,22,-83,49,25,-34,-68,-81,-79
-43,-68,-55,58,22,-62,46,22,-35,-66,-65,-83
-32,-98,-50,75,18,-95,44,29,-17,-75,-78,-50
-40,-82,-43,71,7,-60,26,45,-2,-61,-87,-65
-42,-93,-51,50,9,-70,31,42,-50,-61,-75,-69
-38,-91,-19,67,22,-81,37,18,-43,-53,-50,-46
-43,-85,-58,59,27,-55,38,19,-27,-82,-77,-68
-32,-93,-21,48,37,-79,68,24,-13,-65,-80,-53
-3,-69,-43,63,-1,-76,34,32,-13,-54,-61,-56
-23,-76,-32,24,1,-66,11,33,-20,-39,-76,-58
-32,-59,-45,47,29,-64,52,25,-27,-47,-58,-43
-42,-73,-36,27,-3,-54,35,28,-19,-48,-61,-65
-5,-81,-30,36,6,-52,27,24,-8,-38,-57,-47
-13,-63,-40,51,20,-57,29,36,0,-22,-36,-35
-20,-65,-28,35,21,-7,28,29,3,-24,-24,-24
0,-59,-23,18,14,-19,32,22,-13,-38,-41,-41
-3,-50,-38,16,27,-24,21,20,-8,-39,-39,-36
-11,-18,-47,22,-10,-5,2,4,18,-35,-55,-22
-6,-24,-9,35,12,-16,22,35,4,-28,-17,-25
-9,-46,-26,-7,-7,-25,18,-5,-10,0,-27,-3
3,-2,2,10,-6,-6,13,6,3,0,-3,-9
-8,7,3,-11,8,-17,1,-17,18,22,-1,5
17,-13,5,-31,-6,-13,-1,-3,4,12,-2,-1
17,14,10,-25,0,9,-5,-31,-2,11,5,31
9,25,2,-13,22,35,-27,2,-8,1,13,24
12,35,17,-26,-9,29,-25,-26,17,27,22,16
22,41,43,-45,-25,37,-11,-11,-8,30,58,22
16,64,32,-45,1,37,-20,-24,6,57,48,43
4,67,49,-66,-26,73,-29,-24,47,70,76,69
22,84,44,-74,-9,83,-63,-52,24,64,50,55
40,86,72,-73,-3,79,-58,-47,25,85,95,24
49,95,44,-69,-1,105,-43,-60,52,101,74,96
36,104,98,-88,-19,100,-56,-48,12,74,93,62
76,114,72,-93,-13,105,-71,-54,41,87,116,65
48,126,65,-95,9,99,-60,-48,19,94,114,100
41,156,73,-82,-23,115,-73,-61,55,109,109,102
49,148,83,-81,-15,93,-75,-50,46,107,126,86
15,158,81,-110,-7,122,-86,-60,49,95,113,92
31,166,112,-121,-27,108,-100,-65,46,138,117,111
48,167,82,-105,-65,128,-90,-55,46,115,147,121
64,164,106,-114,-23,149,-96,-52,54,118,132,113
43,155,96,-110,-21,141,-79,-61,45,149,137,122
65,169,103,-110,-25,133,-85,-90,48,119,157,119
62,170,107,-111,-21,130,-95,-76,59,121,162,110
83,177,101,-103,-26,144,-105,-68,84,101,136,137
40,159,90,-125,-36,147,-76,-74,25,138,147,135
62,150,109,-89,-18,128,-79,-67,47,115,152,101
59,165,89,-131,-25,126,-86,-73,50,133,130,112
53,137,107,-101,-22,100,-97,-47,21,92,127,91
54,142,109,-109,8,127,-59,-64,15,114,131,103
51,148,78,-102,1,106,-84,-70,41,107,111,86
57,130,89,-108,-23,101,-88,-54,55,101,115,103
39,94,100,-83,-28,96,-68,-55,45,87,107,94
48,97,56,-83,-26,64,-65,-49,42,75,116,66
30,91,71,-58,-52,80,-64,-29,43,71,101,57
50,94,60,-64,-3,78,-38,-32,45,72,85,73
46,76,62,-68,-6,69,-41,-46,43,74,79,52
13,70,69,-58,-12,55,-34,-18,12,61,63,47
36,54,43,-46,-1,50,-32,-21,45,33,46,34
18,64,38,-43,-6,58,-29,-16,26,29,63,32
5,77,30,-19,-8,29,-24,5,17,31,30,32
1,43,24,-8,-5,37,-8,6,1,17,38,21
9,34,-5,-3,20,17,-22,29,2,15,19,20
-21,16,7,7,6,17,-34,5,0,15,9,19
3,27,11,-5,-13,33,-23,-22,14,-1,3,8
1,-12,0,1,-2,3,13,-5,-2,9,0,0
-17,-27,-17,1,-11,-13,6,-2,6,-19,-6,-16
-9,-15,-7,10,6,-11,27,-8,11,-16,1,5
-7,-16,-29,-3,-1,-32,34,9,-5,-9,-23,-41
-27,-44,-28,12,2,-34,25,7,-8,-29,-41,-33
-1,-46,-13,26,18,-27,8,14,-3,-16,-44,-51
-9,-31,-39,43,13,-18,30,18,-26,-22,-52,-18
-11,-50,-35,36,16,-12,32,42,-13,-36,-48,-58
-3,-35,-42,62,26,-62,25,45,-17,-33,-45,-54
-43,-46,-38,31,6,-53,44,20,-9,-42,-52,-37
-30,-47,-56,54,36,-74,16,42,-52,-47,-54,-51
-36,-71,-45,53,3,-53,33,38,-11,-68,-72,-44
-17,-79,-69,67,4,-47,32,32,-10,-67,-74,-59
-43,-93,-76,45,8,-73,37,56,-20,-64,-64,-63
-44,-85,-66,45,24,-56,65,40,-42,-59,-70,-61
-31,-92,-75,67,24,-67,67,42,-27,-50,-82,-78
-44,-108,-58,79,-1,-82,79,35,-26,-59,-87,-60
-34,-103,-68,94,27,-76,49,44,-45,-84,-118,-71
-7,-105,-95,74,10,-103,74,43,-49,-94,-123,-75
-61,-131,-88,98,31,-101,88,51,-52,-127,-137,-91
-63,-138,-117,122,24,-135,111,64,-37,-134,-151,-113
-61,-192,-121,111,29,-151,83,67,-47,-138,-152,-125
-76,-208,-135,136,37,-184,115,88,-32,-124,-170,-144
-103,-217,-142,145,48,-184,115,95,-72,-166,-186,-159
-85,-232,-126,158,27,-184,126,90,-73,-154,-215,-159
-77,-229,-188,172,13,-200,137,121,-74,-186,-191,-172
-87,-227,-150,166,42,-195,135,114,-72,-177,-231,-166
-77,-253,-175,162,26,-195,126,98,-92,-173,-222,-185
-105,-230,-148,154,45,-209,128,81,-64,-184,-198,-185
-63,-234,-167,146,21,-186,124,104,-77,-161,-203,-160
-62,-192,-128,141,33,-158,93,91,-64,-127,-171,-123
-65,-149,-109,94,15,-134,89,57,-62,-121,-140,-141
-41,-101,-74,89,7,-95,64,43,-29,-92,-86,-79
5,-39,-50,62,24,-51,24,32,-24,-30,-27,-39
36,-8,6,-21,8,16,-16,-7,18,19,37,15
57,110,60,-90,-14,78,-35,-30,18,77,87,42
65,198,152,-123,-12,155,-123,-86,74,167,171,132
102,307,186,-196,-31,255,-140,-117,96,198,256,215
148,408,277,-254,-77,332,-206,-185,121,318,372,277
196,514,321,-352,-79,411,-298,-208,152,386,461,353
235,631,402,-425,-96,522,-330,-247,180,460,570,445
265,722,469,-511,-130,593,-396,-316,246,559,657,504
289,824,546,-571,-118,684,-432,-331,252,619,713,588
307,890,588,-595,-138,748,-487,-357,279,672,811,610
336,924,615,-615,-129,769,-518,-375,269,674,832,623
310,919,610,-634,-142,791,-544,-400,294,705,858,652
311,918,607,-623,-144,760,-497,-376,291,700,831,641
311,876,548,-618,-131,733,-482,-357,264,659,793,601
269,810,509,-547,-133,665,-439,-315,265,608,727,559
243,713,455,-474,-118,568,-392,-295,193,545,653,479
220,613,383,-402,-96,510,-328,-213,192,468,530,398
205,486,309,-350,-65,391,-272,-171,139,349,437,323
107,364,234,-242,-52,287,-230,-144,114,268,323,244
64,232,136,-180,-50,198,-120,-101,73,166,227,178
46,154,91,-88,-32,108,-51,-67,38,86,107,85
16,14,26,-2,-15,26,1,-21,-4,6,41,29
-41,-76,-51,37,5,-73,49,39,-42,-64,-60,-59
-72,-153,-81,116,30,-139,74,54,-36,-135,-152,-95
-88,-257,-137,160,11,-200,105,96,-64,-180,-207,-138
-95,-294,-175,201,44,-202,158,114,-94,-216,-247,-203
-95,-308,-225,205,60,-253,176,129,-83,-245,-284,-218
-121,-342,-201,234,66,-257,179,141,-143,-265,-304,-253
-116,-358,-248,255,41,-279,200,128,-107,-288,-298,-260
-135,-350,-240,246,66,-292,204,146,-118,-283,-324,-255
-124,-326,-227,249,37,-290,207,148,-108,-263,-287,-223
-132,-311,-209,222,49,-262,184,109,-81,-250,-327,-227
-104,-310,-210,217,39,-267,177,137,-84,-243,-269,-204
-112,-297,-179,204,67,-245,143,113,-98,-208,-256,-195
-82,-261,-201,192,50,-215,140,113,-80,-183,-239,-189
-83,-215,-132,157,27,-214,130,98,-81,-167,-213,-150
-95,-199,-145,162,36,-168,110,87,-73,-148,-189,-145
-48,-177,-122,125,19,-148,87,71,-54,-149,-157,-131
-68,-167,-117,116,25,-135,107,70,-51,-123,-143,-118
-49,-174,-105,104,14,-139,98,63,-38,-119,-122,-91
-31,-132,-91,108,10,-121,71,61,-51,-85,-113,-91
-32,-106,-67,90,10,-101,71,42,-51,-93,-100,-89
-49,-121,-72,75,11,-92,60,51,-19,-65,-103,-81
-52,-93,-91,90,17,-90,60,28,-28,-44,-68,-74
-45,-96,-28,56,9,-80,39,63,-22,-75,-75,-93
-49,-84,-50,60,42,-81,47,31,-38,-68,-84,-92
-2,-82,-68,65,19,-80,42,44,-29,-65,-79,-73
-17,-97,-67,53,5,-73,30,41,-31,-74,-81,-62
-31,-91,-61,60,2,-66,37,34,-44,-72,-55,-64
-32,-52,-41,44,28,-49,46,26,-55,-61,-82,-41
-27,-108,-45,38,-12,-59,41,36,-41,-67,-64,-30
-25,-53,-45,31,17,-55,44,21,-22,-56,-50,-61
-30,-97,-32,53,6,-58,47,41,13,-70,-78,-64
-14,-54,-48,49,31,-55,26,36,-13,-42,-78,-26
-9,-62,-58,38,8,-65,43,30,-18,-59,-63,-38
-19,-62,-20,35,18,-44,37,42,-6,-58,-60,-36
-24,-58,-36,18,38,-59,36,36,-21,-45,-54,-29
-11,-48,-21,32,7,-35,14,15,-20,-35,-43,-26
-12,-47,-56,44,-24,-47,21,25,-19,-42,-56,-26
-9,-45,-29,63,13,-19,9,26,-12,-34,-46,-44
-14,-52,-33,40,-4,-47,32,3,-3,-22,-13,-36
-18,-55,-13,38,25,-40,14,31,-9,-29,-31,-7
-9,-21,-39,23,10,-19,32,7,2,-21,-27,-35
-4,-12,-27,34,31,-29,16,16,-19,-12,-11,-15
-16,-37,-19,2,-22,-19,13,-13,0,-29,-30,-8
-20,6,8,3,-1,-1,3,-9,0,-28,9,-20
-17,8,16,3,24,10,11,13,6,8,-4,25
22,13,2,-17,-16,-12,7,6,23,-4,-8,5
10,10,4,-12,-6,-11,4,-5,31,21,3,2
5,27,40,-6,-12,35,-5,-15,7,24,31,13
34,35,20,-27,-6,30,-13,-7,0,34,16,24
-2,24,14,-20,-10,32,-16,-21,26,32,28,36
30,23,41,-23,-4,50,-17,-36,21,42,34,29
37,60,32,-41,-4,27,-37,-7,37,28,44,30
27,65,35,-48,6,43,-38,-41,12,59,49,55
32,73,51,-68,-11,71,-32,-23,23,66,48,40
16,101,78,-58,-24,74,-47,-26,17,86,78,72
27,88,42,-69,-25,74,-48,-20,24,82,84,67
23,106,52,-73,-24,48,-46,-20,27,73,91,82
49,134,73,-67,-20,90,-62,-19,62,84,89,97
55,117,95,-63,-31,101,-95,-62,60,60,87,91
61,134,63,-82,-34,103,-79,-45,26,95,112,101
70,123,82,-104,-21,122,-98,-53,48,116,141,96
42,153,107,-107,-13,130,-85,-61,56,108,122,117
56,168,83,-100,-3,140,-96,-75,51,124,140,113
51,173,102,-114,-31,137,-94,-88,54,138,151,113
70,189,125,-106,-30,141,-113,-73,47,148,164,120
60,201,122,-144,-35,171,-98,-102,57,134,183,137
72,197,140,-145,-22,177,-106,-79,40,155,158,123
84,197,128,-151,-35,182,-132,-96,74,155,191,154
63,223,152,-144,-5,188,-114,-88,46,169,199,172
77,235,127,-147,-33,187,-119,-70,62,162,205,139
103,251,177,-133,-23,181,-138,-84,72,172,216,171
111,267,170,-187,-29,188,-152,-86,52,200,238,164
69,255,172,-180,-46,242,-143,-109,102,207,184,184
59,270,165,-172,-62,219,-146,-114,74,193,237,169
98,252,164,-170,-32,222,-151,-102,67,192,245,184
113,277,179,-205,-32,219,-143,-96,75,228,231,185
105,294,175,-183,-23,249,-159,-96,73,194,247,183
85,296,187,-182,-61,240,-156,-126,91,224,245,214
99,298,181,-200,-53,244,-152,-138,92,220,280,197
85,297,218,-204,-48,221,-171,-118,93,209,263,204
94,320,220,-208,-33,252,-165,-132,96,223,286,207
105,299,201,-197,-42,243,-160,-116,94,217,294,218
117,318,212,-206,-42,273,-143,-110,107,227,271,233
93,280,203,-192,-53,259,-199,-109,98,202,249,203
120,306,208,-209,-64,258,-155,-113,102,232,299,210
105,326,219,-242,-37,247,-181,-134,100,230,282,201
92,300,201,-202,-33,229,-165,-141,120,228,270,202
123,317,194,-195,-37,262,-170,-98,99,233,292,204
113,297,192,-197,-73,245,-167,-137,77,250,290,225
104,312,204,-185,-51,261,-179,-100,88,228,265,218
119,284,192,-224,-26,244,-160,-95,84,205,261,204
115,280,204,-188,-41,250,-165,-107,89,198,269,231
101,299,204,-216,-55,239,-137,-104,84,224,247,197
94,289,190,-198,-43,244,-169,-108,101,186,236,212
108,288,174,-197,-56,236,-154,-101,80,211,265,204
105,277,184,-179,-51,239,-160,-99,71,208,239,202
107,280,184,-180,-49,222,-157,-110,91,205,233,181
82,255,147,-199,-26,225,-128,-110,67,196,212,181
94,245,172,-166,-53,205,-149,-98,77,191,240,175
89,260,166,-162,-45,207,-141,-106,76,194,215,165
85,215,168,-161,-48,203,-140,-97,82,185,220,158
78,228,154,-141,-41,202,-124,-78,62,159,217,157
90,214,154,-143,-51,187,-127,-109,59,160,202,158
71,212,121,-166,-44,171,-116,-97,83,156,208,145
63,198,142,-142,-37,165,-112,-86,61,149,187,143
76,190,121,-130,-31,175,-121,-62,44,129,173,129
69,197,119,-112,-30,140,-122,-76,65,154,161,126
36,169,129,-109,-10,128,-111,-69,61,114,155,122
48,179,109,-101,-19,138,-88,-71,60,134,145,124
39,156,112,-98,-22,149,-90,-51,25,100,137,95
45,133,99,-106,-24,122,-61,-43,48,116,121,101
43,139,83,-77,-15,110,-67,-53,35,95,128,99
30,128,64,-99,-12,105,-45,-76,36,88,120,79
38,112,84,-78,-16,67,-39,-32,34,88,114,97
28,111,82,-68,-18,78,-55,-35,30,65,78,86
26,105,72,-67,-16,50,-56,-40,40,71,67,58
27,93,63,-66,-23,68,-37,-34,24,81,64,64
15,75,43,-65,3,65,-51,-7,48,60,70,34
14,70,49,-38,-10,74,-51,-40,2,38,48,48
13,43,31,-29,6,55,-39,-29,23,31,75,47
20,49,38,-26,-25,41,-33,-9,13,35,32,14
7,21,15,-40,-10,17,-24,-21,17,23,54,37
2,40,21,-6,32,18,-28,-17,3,31,16,-3
-4,11,18,-13,4,3,-2,-18,3,5,14,24
-13,28,20,-23,-24,11,-34,-19,-6,-4,4,31
12,13,11,-6,-8,0,-12,8,-16,21,-4,10
2,-1,10,0,18,-6,7,5,0,-1,25,5
-3,-2,-3,2,5,-11,22,-6,-4,-26,-27,-3
0,-5,-16,23,6,-7,-9,17,-9,-16,-9,-13
-12,-11,-26,17,-3,-11,-3,24,-13,-13,-17,-18
-26,-48,-19,32,6,-21,45,10,6,-21,-42,-38
-8,-2,-15,28,41,-7,6,6,-7,-18,-22,-37
-14,-40,-33,29,-6,-5,41,-12,-15,-25,-24,-59
-12,-40,-41,40,7,-51,24,24,-5,-43,-43,-8
-7,-58,-39,45,13,-34,46,8,10,-42,-65,-45
-14,-57,-22,15,10,-69,52,23,-12,-35,-75,-62
-15,-69,-37,45,3,-56,29,10,-17,-59,-59,-38
-20,-37,-49,36,6,-56,34,23,-12,-48,-50,-30
-22,-67,-51,39,-8,-62,37,32,-26,-45,-55,-49
-42,-58,-43,23,11,-46,72,25,-36,-53,-59,-37
-37,-68,-40,34,-12,-71,41,38,-23,-36,-59,-44
-36,-96,-60,66,20,-65,33,37,-16,-61,-71,-51
-30,-95,-71,53,-4,-53,31,40,-5,-61,-69,-45
-35,-71,-56,61,18,-65,37,27,-14,-74,-70,-54
-20,-99,-58,62,19,-90,52,50,-34,-70,-89,-47
-9,-102,-49,60,11,-75,78,32,-19,-49,-83,-68
-18,-77,-47,52,9,-76,21,39,-28,-51,-54,-61
-46,-94,-66,71,4,-67,67,31,-19,-69,-88,-42
-34,-93,-47,44,-9,-62,64,34,-20,-68,-111,-67
-33,-90,-67,40,14,-82,87,50,-22,-65,-95,-56
-25,-98,-46,74,35,-84,42,16,-22,-69,-99,-79
-58,-101,-71,64,22,-107,26,43,-28,-84,-72,-66
-47,-93,-58,49,19,-84,50,18,-25,-74,-84,-62
-38,-97,-67,74,17,-87,38,21,-52,-62,-91,-76
-28,-108,-61,46,27,-86,19,48,-43,-84,-70,-54
-28,-107,-78,71,19,-55,44,29,-26,-62,-73,-56
-22,-107,-76,62,23,-81,73,38,-35,-77,-102,-78
-6,-114,-65,76,5,-66,49,38,-18,-87,-94,-73
-49,-100,-42,73,16,-105,28,15,-41,-78,-101,-56
-22,-99,-62,88,10,-58,34,32,-31,-72,-95,-61
-40,-106,-81,68,-4,-86,45,27,-47,-76,-75,-89
-50,-94,-44,71,-7,-60,54,44,-20,-78,-93,-75
-50,-115,-77,64,22,-80,45,41,-14,-77,-99,-72
-60,-121,-63,86,25,-97,84,50,-44,-88,-86,-71
-27,-83,-65,88,17,-81,63,22,-30,-62,-106,-81
-40,-103,-67,71,1,-97,31,27,-29,-65,-98,-93
-55,-104,-55,59,35,-65,57,49,-50,-64,-100,-91
-44,-101,-74,98,28,-67,53,25,-29,-75,-88,-79
-31,-85,-55,82,-2,-71,57,58,-14,-87,-87,-81
-23,-99,-52,43,24,-98,67,48,-32,-80,-79,-66
-35,-115,-55,71,12,-117,55,56,-16,-77,-81,-67
-33,-121,-64,70,21,-90,66,46,-28,-64,-55,-65
-52,-99,-60,85,13,-52,60,35,-44,-63,-113,-90
-40,-92,-53,79,25,-95,60,27,1,-84,-83,-78
-54,-89,-78,69,24,-64,47,61,-25,-94,-82,-72
-28,-88,-65,65,10,-74,81,50,-39,-50,-91,-81
-47,-84,-74,64,27,-92,44,38,-44,-69,-100,-75
-49,-94,-27,53,9,-79,46,15,-40,-76,-88,-84
-35,-86,-38,57,18,-99,67,38,-42,-66,-94,-84
-37,-95,-72,88,23,-76,48,21,-19,-74,-94,-79
-49,-103,-84,83,-11,-82,64,35,-31,-73,-95,-60
-67,-80,-44,57,21,-66,43,30,-9,-78,-104,-76
-41,-82,-50,81,-7,-67,40,49,-60,-47,-94,-65
-44,-81,-67,52,7,-78,60,43,-23,-74,-82,-54
-44,-90,-58,67,13,-76,49,54,-25,-75,-93,-54
-30,-90,-59,75,1,-65,52,41,-19,-65,-94,-60
-34,-78,-70,64,14,-64,85,33,-25,-75,-76,-77
-38,-62,-71,98,9,-71,49,36,-11,-74,-85,-57
-22,-88,-41,72,22,-62,36,20,-18,-68,-73,-65
-58,-73,-64,83,-3,-80,40,38,-28,-63,-74,-64
-24,-85,-38,49,15,-59,22,43,-17,-46,-74,-77
-58,-86,-41,52,14,-87,60,35,-31,-80,-79,-43
-40,-103,-87,71,16,-86,48,24,-15,-87,-82,-59
-22,-57,-57,50,8,-65,23,11,-14,-71,-86,-56
-25,-71,-58,46,26,-57,42,31,-20,-71,-76,-47
-36,-85,-53,61,3,-57,59,28,-25,-67,-63,-51
-37,-75,-31,63,17,-63,25,38,-55,-54,-59,-69
-25,-56,-57,66,22,-64,42,16,3,-33,-57,-58
-28,-80,-19,48,22,-37,23,30,-41,-56,-42,-52
-22,-50,-36,55,23,-56,24,30,5,-57,-74,-40
-4,-47,-44,16,22,-57,31,23,-27,-70,-53,-43
-28,-51,-64,25,24,-31,16,33,21,-43,-40,-39
-16,-33,-29,33,6,-36,34,38,-8,-24,-49,-29
-4,-10,-32,29,12,-33,63,30,-44,-24,-32,-50
-24,-22,-17,19,19,-29,2,27,-9,-37,-32,-21
2,-27,6,11,13,4,22,9,-8,-27,-40,-45
-1,-32,-14,28,13,-6,6,15,-9,-41,-16,-25
2,4,10,4,-10,-12,-7,-1,-18,-24,2,-18
-11,-7,-8,42,-23,-3,5,18,2,-24,-8,-13
-23,20,-24,-8,22,4,19,3,5,11,3,12
-5,36,23,-16,7,18,11,0,14,26,30,17
3,14,18,-19,4,19,-26,-16,17,23,25,27
19,41,4,-38,-20,28,-2,-17,36,25,15,37
2,46,22,-39,17,24,-19,-11,36,45,66,8
36,74,5,-26,-23,34,9,-8,8,49,42,27
30,74,31,-34,-15,46,-20,-35,34,41,70,36
22,42,30,-58,9,66,-28,-33,20,51,60,71
49,99,52,-41,19,67,-35,-28,29,63,82,52
5,95,56,-62,12,76,-53,-47,41,76,71,60
35,93,57,-73,-21,97,-53,-37,9,72,85,54
26,125,111,-53,-12,82,-74,-38,15,92,97,75
37,124,43,-69,-32,77,-90,-66,53,90,92,71
34,149,73,-89,-25,94,-89,-58,28,71,135,95
64,122,64,-93,-25,132,-72,-56,43,101,109,92
56,143,81,-107,-21,134,-60,-30,38,93,109,108
51,161,89,-92,-17,128,-83,-60,50,117,113,107
48,161,111,-79,-36,125,-82,-60,49,120,127,110
64,139,96,-84,-20,128,-93,-75,34,104,121,105
70,178,109,-105,-27,133,-84,-43,57,112,133,110
48,166,94,-95,-34,129,-113,-74,39,117,131,119
61,160,93,-119,-36,128,-105,-62,53,124,127,105
55,155,97,-109,-30,132,-89,-37,69,116,151,126
41,174,115,-129,-37,124,-107,-62,48,90,137,112
60,163,107,-103,-42,104,-82,-55,38,121,161,99
55,154,89,-107,-36,148,-80,-71,62,115,141,100
51,161,108,-94,-30,127,-70,-63,66,126,147,101
68,167,111,-112,-20,151,-91,-37,43,123,136,96
59,142,110,-94,-34,101,-82,-68,35,97,171,109
20,112,100,-115,-23,92,-78,-49,60,123,140,100
46,130,80,-97,-24,105,-67,-63,73,93,132,97
49,129,100,-83,-30,111,-76,-36,43,106,107,82
52,130,86,-75,7,97,-63,-43,31,78,96,71
42,108,68,-84,-33,81,-60,-28,39,70,84,69
42,103,79,-73,-15,81,-57,-58,32,52,98,80
65,92,54,-49,-16,66,-54,-17,24,66,78,56
48,71,57,-32,-20,61,-62,-47,37,63,72,71
37,67,49,-64,-18,47,-42,-18,16,58,58,48
8,71,30,-51,8,50,-29,-23,13,36,47,54
14,48,40,-24,-16,40,-36,-22,34,27,67,37
3,36,41,-16,-10,33,-21,-4,29,24,27,49
24,33,28,-17,-7,23,-10,-23,27,41,20,22
4,19,17,-5,-1,35,-37,7,6,2,24,23
13,3,14,-8,4,3,10,-15,19,22,5,5
7,-6,-12,15,15,3,-11,12,1,21,-5,3
-5,7,14,-4,3,-13,-5,0,7,-5,-5,-4
8,-12,-2,18,-1,-21,-11,6,-9,-32,-11,-12
-23,-14,-24,34,-15,-18,8,-7,6,-22,-15,-15
-23,-36,-38,31,16,-39,37,11,-6,-27,-14,-16
-21,-44,-20,34,-7,-22,23,6,-16,-41,-46,-22
-22,-47,-11,51,20,-31,21,-8,-24,-37,-34,-37
1,-57,-32,38,14,-63,7,15,4,-39,-44,-60
-27,-73,-46,46,-16,-47,39,14,-26,-51,-41,-34
-13,-52,-18,49,1,-41,32,20,-27,-64,-63,-66
-16,-39,-32,13,14,-55,29,25,-9,-39,-34,-55
-26,-57,-42,68,16,-64,45,12,-27,-36,-69,-34
-17,-69,-49,35,3,-45,46,36,-53,-47,-74,-48
-29,-68,-30,55,15,-69,57,44,-23,-69,-75,-49
-25,-67,-83,50,4,-71,51,21,-48,-71,-87,-45
-44,-92,-80,65,6,-60,45,70,-23,-88,-93,-62
-22,-92,-52,62,24,-90,52,42,-18,-69,-102,-87
-29,-113,-79,55,5,-102,45,67,-42,-108,-96,-76
-49,-139,-73,68,32,-111,49,73,-36,-120,-119,-96
-63,-115,-93,83,49,-115,43,56,-34,-109,-132,-108
-43,-163,-108,104,23,-138,78,50,-45,-125,-147,-104
-45,-167,-107,115,19,-141,81,46,-42,-124,-140,-109
-74,-159,-131,125,35,-132,103,86,-45,-140,-170,-120
-65,-180,-138,120,3,-180,92,83,-54,-135,-184,-135
-65,-211,-134,126,25,-186,112,70,-57,-167,-177,-161
-81,-216,-138,172,29,-212,114,87,-54,-164,-194,-165
-70,-254,-158,167,67,-212,116,82,-76,-177,-238,-168
-75,-275,-159,163,45,-207,145,106,-78,-198,-223,-181
-88,-269,-162,174,39,-228,155,130,-81,-195,-232,-192
-91,-254,-165,166,31,-217,140,121,-78,-174,-229,-182
-76,-259,-163,181,27,-225,134,79,-58,-172,-204,-163
-56,-233,-142,132,41,-196,112,98,-73,-156,-228,-165
-80,-207,-105,128,28,-137,96,73,-50,-152,-171,-133
-40,-142,-93,109,27,-118,84,54,-17,-119,-137,-104
3,-89,-61,48,18,-70,29,36,-18,-53,-61,-79
30,-20,16,-2,12,-14,25,-7,-11,-27,-11,-6
29,80,59,-51,-3,69,-35,-22,42,71,62,47
62,165,115,-121,-25,117,-105,-69,47,129,179,113
101,297,179,-182,-51,241,-137,-117,116,214,259,194
134,398,259,-257,-59,321,-232,-153,128,282,362,285
163,501,330,-362,-70,408,-262,-210,158,356,454,349
223,622,405,-430,-89,492,-348,-220,203,464,550,442
247,717,478,-486,-131,597,-395,-282,251,538,664,522
299,816,515,-537,-129,665,-434,-311,251,600,723,582
294,881,613,-604,-160,751,-512,-339,262,658,785,609
323,921,604,-629,-135,779,-477,-378,299,720,832,665
305,957,635,-631,-135,780,-535,-381,314,735,849,663
322,948,627,-630,-121,796,-525,-376,287,711,825,663
299,921,582,-636,-147,749,-489,-372,262,679,818,636
300,833,547,-557,-113,693,-440,-343,272,644,741,592
266,766,486,-523,-123,636,-413,-300,216,593,687,516
222,646,418,-444,-69,538,-379,-248,174,501,591,444
200,532,353,-357,-79,437,-289,-226,165,401,503,371
162,424,258,-293,-75,342,-265,-177,143,318,369,293
87,294,197,-215,-59,234,-164,-132,115,237,261,207
71,178,127,-120,-29,152,-99,-59,39,136,170,132
7,67,64,-27,-14,42,-58,-9,5,67,71,65
-19,-46,-18,29,-4,-33,6,13,-2,-30,-23,-26
-63,-109,-69,78,-11,-84,66,45,-37,-91,-111,-76
-58,-201,-131,136,21,-139,120,74,-47,-159,-180,-131
-87,-252,-155,175,47,-212,137,101,-78,-193,-225,-184
-91,-309,-216,200,28,-246,161,125,-89,-216,-281,-214
-97,-316,-234,230,53,-263,176,112,-74,-260,-285,-245
-121,-337,-232,236,46,-293,190,132,-114,-257,-317,-239
-135,-364,-229,253,40,-303,206,123,-91,-252,-328,-259
-131,-347,-208,237,41,-290,211,135,-108,-272,-306,-235
-106,-342,-226,229,40,-286,193,144,-108,-253,-292,-248
-118,-301,-210,224,51,-261,180,116,-107,-231,-289,-234
-101,-289,-193,201,37,-223,161,117,-106,-224,-271,-192
-80,-281,-202,185,35,-212,151,125,-109,-201,-250,-204
-83,-244,-144,159,18,-216,138,87,-80,-182,-230,-185
-59,-219,-156,140,25,-191,132,93,-69,-182,-213,-153
-41,-204,-146,140,20,-182,126,73,-52,-142,-174,-119
-66,-172,-117,127,15,-156,98,63,-53,-132,-160,-148
-63,-153,-94,115,17,-143,65,70,-63,-132,-146,-130
-39,-138,-95,87,25,-110,104,54,-29,-81,-140,-97
-40,-116,-103,85,25,-93,72,44,-53,-103,-110,-73
-43,-122,-54,87,32,-114,44,39,-21,-75,-112,-81
-47,-135,-58,81,19,-111,51,64,-47,-69,-114,-96
-14,-116,-57,62,4,-84,41,42,-51,-77,-113,-54
-24,-90,-61,59,2,-75,34,33,-26,-82,-74,-55
-39,-68,-82,74,6,-80,69,38,-57,-84,-71,-56
-31,-95,-44,73,17,-110,47,29,-40,-68,-48,-60
-34,-79,-38,50,23,-62,41,39,-16,-51,-68,-71
-19,-90,-58,44,21,-71,47,26,-21,-70,-68,-61
-36,-81,-58,61,21,-59,27,45,-21,-47,-56,-58
-30,-76,-41,40,33,-68,43,27,-13,-41,-72,-37
-30,-69,-46,40,8,-69,36,50,-46,-40,-57,-52
-23,-69,-49,48,9,-33,38,39,-8,-33,-71,-62
-25,-53,-47,48,18,-57,42,20,-22,-46,-59,-47
-16,-46,-35,46,19,-40,24,20,-33,-44,-44,-37
-15,-61,-24,36,2,-55,15,16,-29,-49,-49,-35
-24,-68,-48,34,33,-43,16,12,-11,-62,-67,-39
-21,-47,-58,27,20,-48,32,18,-40,-17,-47,-24
0,-39,-17,28,3,-35,8,13,-34,-49,-46,-35
-17,-31,-18,26,21,-23,21,32,-13,-24,-24,-22
1,-20,-9,12,17,-35,10,23,-16,-14,-21,-27
-12,-39,-3,11,6,-24,23,9,-28,-3,-10,-16
-28,-22,3,19,6,-19,3,15,-9,-11,-21,-13
3,-9,2,2,-2,-37,-2,-11,7,-17,-17,3
0,4,-15,6,10,-18,2,18,-11,-10,-12,1
5,6,-16,8,2,-28,-11,2,14,3,-10,-4
20,4,-11,-19,1,0,-25,-5,-5,-7,20,20
4,13,-11,-15,-3,28,-11,-7,7,14,9,4
7,19,11,-13,2,16,-35,-19,-9,0,10,18
31,24,24,-34,-5,32,-2,-2,8,30,27,-16
-27,56,24,-29,1,38,-41,-25,8,32,39,11
4,47,22,-23,-13,43,-20,-14,31,17,24,21
16,58,48,-26,3,53,-38,-42,26,67,44,26
21,82,60,-55,-20,53,-39,-30,25,44,51,42
29,43,54,-49,-17,67,-34,-29,40,48,80,63
17,76,47,-48,-8,70,-35,-20,24,67,66,58
28,82,44,-63,-19,78,-37,-2,45,34,77,50
27,80,58,-68,-7,81,-72,-18,4,68,103,68
7,115,61,-65,-35,77,-77,-61,31,67,101,86
55,135,90,-76,-22,105,-48,-36,35,79,96,72
43,132,71,-90,-24,125,-46,-40,42,98,113,90
40,137,91,-85,-26,110,-47,-56,47,112,141,91
45,140,85,-82,-11,109,-77,-61,33,112,132,106
46,164,83,-110,-31,118,-79,-80,31,118,154,109
70,176,127,-120,-41,124,-80,-75,63,128,140,98
62,184,115,-124,-45,155,-92,-86,64,166,174,120
89,197,116,-121,-21,156,-86,-83,51,124,144,129
76,199,114,-139,-21,165,-99,-59,70,151,187,155
96,193,132,-131,-29,185,-110,-94,74,148,172,140
61,224,127,-125,-22,185,-121,-86,71,172,210,165
94,215,151,-144,-41,190,-127,-103,67,167,211,152
85,246,150,-157,-49,171,-131,-82,35,166,191,166
103,265,171,-179,-47,215,-133,-99,79,192,233,171
85,250,174,-174,-43,214,-130,-101,68,194,205,173
93,259,169,-184,-46,215,-147,-106,91,172,229,171
120,291,183,-169,-47,232,-149,-105,77,183,237,185
112,262,170,-187,-49,234,-131,-129,85,170,265,184
96,276,196,-197,-43,234,-152,-113,92,229,255,210
111,288,200,-209,-45,238,-152,-109,84,194,272,198
122,313,200,-196,-40,263,-171,-125,106,205,266,198
116,308,186,-210,-35,250,-129,-128,91,217,263,219
122,311,174,-214,-59,253,-156,-109,85,227,279,197
120,298,206,-195,-57,238,-161,-110,105,241,273,206
104,307,211,-212,-40,254,-186,-119,84,225,282,234
103,313,206,-202,-48,264,-170,-147,101,244,261,222
117,318,209,-215,-51,267,-197,-114,126,240,272,209
92,306,195,-198,-43,283,-170,-132,90,237,270,228
127,333,206,-229,-51,261,-176,-140,103,233,286,232
108,333,209,-211,-46,274,-176,-114,97,268,288,221
110,348,190,-209,-41,276,-187,-137,114,234,285,225
118,310,212,-240,-59,275,-165,-112,93,234,295,213
133,334,186,-219,-63,275,-181,-130,106,246,299,225
128,322,217,-215,-55,279,-152,-125,79,238,301,228
110,305,222,-202,-56,257,-163,-131,81,234,300,234
87,305,193,-212,-58,277,-145,-97,74,232,288,209
103,289,231,-223,-23,252,-178,-129,104,219,277,196
110,308,187,-200,-51,222,-182,-126,100,241,276,207
94,285,177,-197,-53,244,-164,-116,68,216,272,204
94,296,188,-184,-46,251,-134,-115,87,225,260,205
95,279,176,-193,-40,230,-171,-119,103,196,257,193
100,285,180,-169,-35,214,-151,-89,87,201,249,190
73,246,171,-191,-42,214,-148,-102,98,201,251,181
88,246,170,-174,-51,225,-156,-114,83,219,226,149
79,249,161,-176,-56,227,-150,-118,78,186,212,164
75,239,138,-168,-36,222,-114,-121,75,180,205,165
83,255,118,-161,-35,178,-122,-90,64,181,199,136
65,235,145,-158,-41,189,-95,-95,78,200,202,152
94,215,133,-139,-32,177,-123,-97,76,158,192,158
68,230,129,-139,-39,163,-94,-92,50,141,200,138
75,184,130,-147,-20,167,-102,-82,58,136,189,117
46,209,150,-137,-34,158,-105,-86,81,139,166,123
52,168,129,-120,-33,165,-104,-76,56,140,152,113
77,163,118,-121,-35,129,-78,-83,30,119,154,124
81,138,103,-97,-37,126,-66,-72,48,120,143,112
54,131,99,-92,1,142,-72,-58,26,94,144,88
52,137,86,-96,-11,118,-76,-83,44,114,119,111
56,132,71,-75,-12,98,-57,-68,47,103,120,102
44,112,86,-69,-27,104,-68,-45,36,81,117,99
46,109,59,-63,-46,96,-47,-16,32,99,93,92
25,80,66,-76,-36,97,-40,-30,46,71,92,80
47,93,52,-66,-16,80,-56,-31,30,66,77,63
37,92,64,-44,4,53,-53,-33,36,94,70,64
40,60,45,-50,-22,72,-58,-20,10,46,75,23
35,72,28,-36,-23,45,-26,-29,15,56,49,29
14,61,19,-35,-5,54,-28,-9,17,46,28,33
20,63,-2,-31,-12,46,-54,-22,24,29,42,30
12,28,27,-36,10,21,-33,-15,16,16,21,19
6,7,9,-28,1,37,-10,3,15,6,25,8
-7,4,-13,-32,-15,22,-25,-4,27,28,5,18
4,11,9,-23,15,41,-33,1,2,17,13,16
2,4,19,4,-5,10,-6,1,-1,6,-13,-12
-2,1,0,-14,-6,16,-7,5,-5,-12,-1,12
4,-1,6,2,8,7,16,18,3,1,4,9
12,-22,-22,-15,9,-29,-2,15,-1,-12,10,-22
-7,8,-21,-8,12,-20,12,10,8,-4,-32,-23
1,-39,-15,11,12,-26,13,18,-1,-9,-46,-13
-8,-37,-29,8,8,-31,1,30,2,-30,-32,-31
8,-31,-35,21,-8,-28,4,12,-17,-27,-27,-13
-6,-40,-32,8,26,-44,-8,14,-26,-20,-44,-16
-14,-41,-28,40,-38,-32,25,20,-10,-34,-38,-31
1,-73,-7,39,13,-65,14,5,0,-63,-59,-23
-32,-42,-21,33,14,-39,43,7,-18,-54,-37,-48
-20,-44,-22,33,-1,-29,13,28,-25,-49,-65,-45
-30,-65,-54,53,-19,-56,27,19,-27,-53,-49,-45
7,-73,-47,42,19,-41,20,24,-39,-58,-43,-45
-34,-56,-50,23,14,-67,40,21,-33,-73,-73,-43
-28,-69,-46,45,4,-65,43,7,-19,-70,-62,-60
-46,-100,-52,38,28,-45,44,11,-29,-38,-64,-54
2,-79,-68,22,23,-47,30,21,-40,-55,-71,-40
-27,-80,-49,54,11,-51,48,38,-50,-58,-74,-64
-34,-75,-40,50,22,-54,28,22,-28,-40,-87,-49
-26,-101,-50,35,6,-72,53,16,-34,-62,-54,-47
-33,-76,-61,64,8,-65,37,25,-12,-52,-65,-52
-2,-71,-73,51,13,-30,46,41,-53,-56,-88,-52
-19,-88,-56,81,11,-64,63,26,13,-46,-50,-70
-28,-63,-80,62,9,-68,49,29,-34,-73,-73,-71
-42,-111,-65,55,25,-67,61,19,-32,-66,-70,-65
-28,-72,-49,80,26,-82,34,32,-21,-74,-82,-70
-54,-53,-58,60,7,-80,50,55,-44,-75,-77,-57
-37,-102,-49,73,-10,-82,37,11,-37,-59,-70,-74
-26,-80,-48,52,12,-56,23,28,-31,-84,-81,-63
-41,-82,-51,43,28,-72,52,29,-36,-69,-69,-64
-24,-77,-55,59,12,-71,32,12,-20,-62,-59,-53
-38,-78,-41,64,18,-59,35,49,-42,-81,-51,-58
-17,-71,-57,46,21,-69,45,31,-29,-51,-83,-50
-42,-66,-51,51,8,-84,27,26,-18,-82,-65,-69
-27,-87,-56,80,-21,-82,65,46,-47,-53,-93,-62
-23,-71,-55,48,6,-69,62,29,-39,-61,-83,-86
-22,-68,-45,68,19,-67,49,32,-17,-62,-75,-57
-39,-110,-81,52,21,-45,34,40,-35,-60,-62,-37
-42,-110,-88,47,13,-62,56,47,-20,-50,-82,-59
-43,-81,-62,61,31,-78,29,50,-34,-78,-86,-58
-26,-81,-57,59,-1,-64,25,9,-37,-57,-77,-68
-20,-86,-57,47,10,-56,54,26,-35,-66,-55,-51
-29,-76,-63,55,-1,-79,44,46,-13,-42,-93,-48
-25,-68,-45,60,27,-66,31,38,-14,-63,-85,-43
-22,-94,-52,71,5,-90,52,41,-46,-64,-88,-83
-45,-88,-19,69,14,-65,47,18,-33,-59,-61,-45
-27,-80,-53,72,5,-58,39,49,-32,-59,-79,-69
-20,-98,-39,39,18,-73,28,16,-27,-55,-85,-60
-16,-109,-69,60,29,-52,21,35,-44,-67,-105,-42
-22,-79,-44,62,25,-65,31,39,-24,-71,-62,-29
-16,-105,-34,40,26,-34,43,44,-17,-68,-68,-52
-46,-97,-49,36,18,-90,32,34,-44,-59,-86,-57
-28,-73,-65,49,-5,-79,28,48,-21,-63,-71,-58
-30,-81,-63,21,19,-73,64,44,-32,-86,-74,-55
-48,-81,-66,35,0,-79,36,24,-19,-48,-72,-58
-41,-67,-51,65,15,-60,47,16,-30,-72,-62,-74
-35,-74,-26,45,24,-74,23,36,-23,-46,-100,-29
-3,-93,-37,54,9,-79,47,23,-26,-52,-54,-53
-16,-59,-45,49,18,-56,38,26,-19,-46,-83,-64
-38,-74,-32,45,6,-55,50,46,-26,-85,-56,-54
-36,-94,-59,48,8,-43,35,31,-17,-44,-76,-27
-33,-65,-41,41,-3,-54,69,40,-30,-64,-66,-49
-13,-64,-41,37,22,-61,52,50,-17,-65,-52,-49
-31,-86,-35,64,-5,-44,49,26,-1,-61,-54,-32
-42,-78,-59,49,27,-45,46,7,9,-45,-54,-53
-16,-57,-42,41,18,-56,17,18,-23,-59,-53,-39
-17,-42,-50,60,3,-72,41,32,-9,-50,-50,-32
-23,-47,-39,42,38,-53,35,36,-15,-47,-38,-32
5,-49,-31,31,-21,-48,24,6,-8,-26,-56,-52
-32,-40,-47,43,13,-44,13,44,-27,-47,-37,-47
-27,-68,-37,18,-3,-29,15,17,-12,-26,-30,-32
-44,-42,-18,24,16,-34,41,36,-17,-52,-29,-24
-8,-40,-6,15,10,-37,30,16,-19,-24,-30,-28
-4,-26,-31,7,31,-23,42,32,-2,5,-30,-17
3,-34,-14,8,1,-29,12,-6,0,-8,-19,-19
-47,-13,-7,15,5,-17,12,5,-20,11,-37,-40
0,-13,-22,28,-3,-4,17,7,0,-5,-15,-16
-8,-20,-5,22,-2,3,-2,2,5,2,-29,-5
-11,-3,-1,1,-6,10,-9,-1,-3,13,-5,20
-7,17,-26,4,4,17,-2,-13,-4,-2,-3,22
-3,6,-8,-7,1,18,8,-1,-27,15,27,-1
11,34,35,-25,-9,18,2,-5,-4,33,26,10
16,26,26,-8,-9,18,-30,-25,16,25,35,3
19,29,18,-32,2,25,-28,-10,7,34,11,38
13,50,47,-40,-10,36,-14,-32,13,42,47,27
47,42,39,-40,-8,56,-40,-16,5,44,63,45
23,55,41,-32,-21,60,-47,-48,25,56,75,68
16,77,59,-38,-34,64,-37,-26,36,50,84,57
55,86,62,-56,-29,87,-61,-45,13,86,88,53
31,99,73,-58,-7,68,-71,-38,15,89,82,70
53,98,90,-94,-2,95,-64,-45,52,93,101,73
64,118,88,-102,-11,102,-80,-29,28,104,107,75
47,154,107,-63,-11,102,-83,-68,56,99,123,100
55,148,55,-103,-5,138,-80,-67,50,122,135,87
68,168,101,-103,-20,137,-85,-84,45,145,128,108
64,144,102,-109,-18,127,-93,-71,68,127,145,106
56,170,110,-125,-27,144,-75,-62,36,122,145,108
40,168,135,-142,-23,162,-119,-93,69,124,153,129
79,191,125,-155,-35,172,-110,-79,74,134,178,142
61,194,105,-133,-6,147,-100,-75,47,111,166,125
80,199,130,-138,-19,180,-104,-62,42,143,181,145
80,166,129,-123,-28,177,-105,-85,62,146,170,133
61,193,132,-148,-14,156,-99,-55,60,159,172,138
59,192,139,-144,-30,167,-92,-53,58,150,195,138
75,192,145,-125,-44,162,-128,-97,60,163,171,146
85,199,121,-136,-37,187,-130,-83,77,166,169,147
72,208,130,-158,-29,172,-96,-93,63,147,183,144
73,202,125,-122,-17,171,-106,-80,48,150,206,154
64,188,153,-115,-35,170,-108,-83,69,144,184,114
70,174,133,-147,-42,178,-103,-76,75,152,172,145
73,175,130,-115,-33,178,-79,-71,49,126,184,135
62,174,100,-104,-38,148,-100,-88,41,144,160,118
73,168,100,-105,-28,157,-84,-65,41,162,136,147
66,182,108,-113,-24,140,-87,-55,49,119,158,111
50,175,106,-96,-25,133,-78,-86,59,122,155,105
58,157,111,-98,-39,112,-65,-57,38,126,136,109
49,137,121,-99,-16,97,-96,-42,47,105,109,112
46,135,68,-122,-16,105,-98,-43,40,84,127,100
31,108,88,-62,-19,105,-56,-45,37,93,98,74
52,94,80,-66,-26,93,-83,-53,23,93,108,72
37,118,73,-68,-30,92,-46,-38,53,81,95,81
34,92,52,-37,-18,80,-42,-41,31,77,103,71
40,80,54,-53,-7,66,-52,-18,31,78,69,69
40,71,51,-44,-44,54,-43,-31,31,58,51,61
25,63,19,-32,-12,64,-36,-17,22,55,71,24
24,43,18,-41,-9,33,-33,-17,8,39,51,53
13,48,40,-45,-23,34,-41,-9,-5,28,44,36
13,34,25,-23,5,27,-14,-19,20,25,24,12
12,25,35,-30,-26,11,-10,-14,20,32,25,24
-2,-23,6,-17,-18,33,2,-29,6,0,-2,22
-11,9,-6,-15,-1,1,-9,-24,-9,-5,16,-3
10,14,0,-8,21,0,-11,-11,2,9,3,9
26,2,7,1,-10,8,3,15,18,0,4,-5
11,-7,6,13,7,11,26,-3,-23,12,-16,0
2,-16,-6,-5,-3,-4,0,17,5,-9,21,-14
-25,-13,-16,10,24,-19,-4,20,-14,-10,-13,-23
-11,-11,-26,-4,12,-10,10,11,20,-5,-1,6
-23,-14,-26,5,7,-6,6,25,-22,-10,-44,3
-6,-24,-16,25,9,-22,14,20,0,-12,-28,-9
-21,-36,-19,31,-11,-59,17,24,10,-22,-10,-29
-15,-30,-19,6,-2,-20,32,17,-31,-29,-40,-29
-18,-46,-29,35,13,-33,47,18,-10,-39,-43,-37
-36,-51,-29,22,10,-33,28,13,-24,-49,-62,-30
-29,-81,-46,29,4,-59,28,15,-1,-57,-67,-43
-28,-68,-55,40,14,-47,27,17,-3,-62,-71,-28
-41,-97,-41,64,19,-78,49,33,-45,-68,-75,-54
-33,-88,-74,50,21,-71,41,16,-36,-52,-72,-84
-40,-105,-67,57,17,-81,65,54,-35,-74,-92,-77
-38,-123,-77,82,18,-90,74,44,-39,-104,-122,-84
-27,-153,-97,101,-3,-94,78,59,-61,-106,-127,-99
-55,-155,-91,98,22,-123,83,83,-43,-109,-143,-98
-34,-178,-87,113,-8,-131,101,72,-43,-128,-163,-158
-74,-166,-107,91,26,-156,92,86,-70,-148,-172,-134
-96,-193,-148,117,24,-150,104,87,-60,-170,-180,-126
-76,-229,-125,122,17,-162,101,98,-61,-170,-178,-147
-61,-198,-134,135,36,-175,128,64,-58,-151,-169,-144
-51,-197,-129,146,34,-160,110,68,-65,-169,-194,-135
-67,-194,-112,125,10,-192,98,49,-59,-149,-174,-124
-55,-166,-102,114,32,-150,83,88,-39,-125,-150,-121
-23,-130,-81,93,21,-82,79,51,-41,-79,-88,-82
-29,-79,-62,63,23,-30,27,19,-9,-28,-56,-50
-9,-9,-8,21,-12,-15,-24,-15,2,-12,-6,10
12,55,45,-37,-21,39,-63,-16,36,33,52,30
43,148,95,-113,-23,147,-69,-58,54,123,139,118
95,248,153,-170,-39,225,-142,-102,70,179,242,165
118,348,218,-225,-50,309,-181,-152,129,254,346,254
159,458,305,-298,-62,396,-233,-185,114,344,409,330
214,599,372,-370,-88,496,-323,-230,168,425,526,403
239,677,464,-475,-88,586,-388,-282,214,504,626,479
291,784,507,-550,-111,633,-436,-303,225,577,706,562
292,878,594,-594,-117,724,-499,-352,274,662,799,609
340,958,646,-633,-144,785,-536,-372,293,705,867,673
345,991,660,-654,-154,811,-552,-384,291,753,870,693
339,1020,654,-708,-161,839,-550,-409,280,758,915,713
352,993,653,-687,-152,846,-556,-390,302,744,894,692
318,964,616,-653,-135,793,-539,-395,307,734,849,683
312,886,584,-617,-144,782,-488,-335,256,656,805,615
276,802,517,-552,-121,664,-432,-317,228,602,712,563
247,726,464,-505,-98,588,-365,-295,198,515,640,496
199,584,372,-405,-98,496,-311,-233,172,458,544,407
144,474,285,-347,-98,405,-253,-180,144,354,395,335
130,341,229,-249,-37,289,-184,-130,103,266,306,231
82,234,129,-174,-28,197,-138,-97,68,201,198,170
42,138,62,-87,-19,98,-54,-61,24,96,109,83
11,-3,22,-12,-15,10,-14,0,-17,2,25,29
-19,-69,-61,49,10,-67,36,24,-25,-58,-74,-62
-61,-151,-101,105,32,-122,92,63,-40,-105,-117,-115
-70,-199,-106,131,44,-146,116,91,-81,-162,-181,-126
-79,-245,-181,175,25,-213,137,106,-93,-205,-205,-173
-79,-258,-173,189,33,-226,134,122,-72,-219,-254,-184
-93,-263,-200,196,37,-237,158,111,-83,-217,-266,-197
-95,-285,-189,207,50,-242,151,115,-63,-208,-259,-206
-92,-286,-181,185,30,-237,163,101,-97,-219,-237,-229
-122,-288,-168,188,40,-238,151,109,-97,-202,-253,-207
-93,-265,-181,166,30,-207,155,103,-83,-206,-237,-184
-71,-233,-166,179,37,-186,145,91,-61,-156,-192,-173
-83,-211,-154,162,39,-175,132,85,-64,-154,-192,-146
-74,-197,-142,126,22,-163,89,91,-50,-139,-170,-126
-42,-139,-94,112,35,-147,108,72,-61,-125,-164,-108
-63,-132,-115,122,17,-114,25,38,-38,-114,-111,-109
-46,-118,-86,69,20,-85,92,50,-32,-88,-105,-70
-42,-109,-71,82,25,-71,47,32,-33,-69,-113,-71
-25,-103,-44,62,25,-78,65,37,-29,-63,-91,-50
-8,-78,-24,52,3,-58,53,35,-20,-60,-53,-39
-21,-67,-71,59,0,-59,45,26,-37,-46,-75,-63
-6,-60,-38,55,6,-26,32,18,-28,-30,-37,-28
1,-42,-54,41,-18,-26,25,8,-14,-45,-39,-27
-2,-45,-26,40,8,-47,5,30,-11,-47,-32,-35
-14,-28,-36,21,-1,-35,5,0,-9,-21,-42,-44
-1,-36,-28,27,-2,-21,11,21,-24,-50,-26,-9
-19,-41,-29,10,6,-13,18,-1,-32,-11,-34,-21
-11,-21,-11,25,19,-30,1,12,19,-25,-21,-16
-20,-6,9,8,14,-23,8,6,2,-6,-13,-17
-8,-20,-6,9,-12,-30,11,7,-14,-4,-2,-27
-14,-4,6,11,1,-14,20,6,-12,-13,-13,-21
13,-16,3,10,2,-5,-18,-3,19,-21,11,-3
0,3,10,-1,-6,-6,7,-8,-24,8,-10,-22
-6,8,14,3,-1,-5,-3,13,-15,-18,-12,9
-1,-18,3,7,-5,2,-12,10,-17,-12,-4,-11
-8,0,5,3,5,4,2,-1,-5,-3,6,-6
-16,-20,7,-14,1,0,-1,20,-6,-18,-3,16
-8,13,10,-6,10,36,-7,-17,-6,29,7,14
16,37,21,-4,10,15,-17,4,4,16,8,-10
-4,32,31,-19,4,7,-12,6,34,18,38,14
-1,25,48,-16,7,15,-6,-17,8,27,27,22
2,31,18,-11,8,20,-26,-13,-2,21,41,51
-4,37,27,-27,18,5,-25,-45,16,35,56,28
24,63,24,-37,13,19,-46,-32,11,39,43,17
46,48,45,-48,-20,24,-27,-36,20,82,59,20
8,69,56,-51,14,33,-46,-21,9,62,39,60
33,52,45,-37,-4,44,-51,-19,34,47,69,53
-9,83,30,-53,13,70,-48,-27,27,68,59,29
23,76,46,-44,-14,60,-48,-38,32,45,67,37
50,88,58,-53,-29,70,-46,-18,11,74,81,48
17,88,65,-72,-10,93,-53,-18,22,81,84,57
34,109,78,-70,-15,83,-35,-54,35,89,90,78
51,119,78,-68,-7,71,-83,-53,40,93,92,81
28,106,77,-99,-37,111,-44,-45,34,101,84,73
29,133,76,-100,-24,106,-88,-38,37,81,122,83
40,144,96,-119,-50,112,-74,-48,48,95,120,89
64,155,89,-107,-31,139,-79,-75,49,137,124,134
61,151,89,-112,-18,134,-84,-75,55,117,125,120
65,148,121,-135,-31,129,-104,-59,32,117,157,117
64,198,116,-98,-37,172,-103,-89,29,124,177,123
44,194,109,-155,-27,169,-119,-111,48,149,173,132
64,198,103,-132,-37,152,-113,-77,79,124,190,146
85,218,129,-131,-26,169,-119,-84,64,170,201,186
93,216,141,-145,2,167,-112,-90,81,187,200,146
97,227,146,-174,-15,197,-125,-105,80,158,193,158
76,259,174,-145,-57,212,-148,-92,39,178,218,182
72,254,164,-192,-45,196,-127,-112,73,153,229,173
95,257,163,-181,-34,213,-139,-90,74,214,219,202
100,261,166,-172,-56,229,-141,-119,73,193,243,206
111,287,190,-206,-68,223,-160,-121,92,228,241,205
93,287,177,-189,-48,236,-157,-103,88,224,251,200
125,297,199,-219,-41,243,-157,-109,90,210,256,202
109,321,193,-190,-37,261,-162,-134,89,226,290,225
120,317,212,-221,-54,248,-178,-120,101,222,273,242
138,325,202,-215,-40,277,-188,-103,112,232,297,242
104,343,203,-212,-55,263,-177,-131,100,247,313,222
138,346,225,-246,-33,291,-157,-130,93,250,304,222
111,364,232,-240,-64,315,-219,-135,109,267,315,238
116,366,244,-232,-59,284,-205,-131,112,271,331,245
130,361,222,-238,-31,292,-200,-145,112,283,337,248
140,349,245,-250,-80,281,-193,-135,102,283,342,256
128,360,258,-258,-46,293,-212,-161,115,262,335,268
144,351,232,-266,-76,300,-206,-152,110,279,331,266
124,368,252,-253,-60,335,-187,-144,122,292,325,262
150,391,244,-270,-52,316,-212,-146,130,254,322,261
116,391,255,-262,-27,309,-209,-152,120,283,351,279
134,401,255,-263,-53,311,-204,-150,107,287,354,262
130,380,254,-270,-53,294,-233,-166,120,283,334,266
109,384,242,-267,-47,345,-187,-132,118,289,341,263
148,391,260,-255,-74,318,-192,-143,117,293,347,266
137,387,253,-264,-83,329,-197,-152,90,246,365,269
128,398,235,-259,-66,335,-204,-156,121,273,329,259
146,381,252,-259,-32,349,-211,-158,106,300,341,252
110,366,238,-263,-68,308,-209,-145,122,275,328,250
137,368,231,-249,-63,294,-188,-164,114,275,334,264
132,362,251,-243,-66,299,-204,-152,104,260,324,243
138,354,224,-242,-61,283,-190,-123,112,263,331,250
115,333,237,-233,-40,309,-211,-158,109,285,318,243
124,328,204,-249,-42,294,-189,-151,108,240,324,254
113,320,231,-221,-27,295,-189,-126,104,259,305,248
110,307,202,-239,-44,279,-177,-148,103,252,294,233
91,320,221,-232,-40,264,-175,-141,104,245,285,242
102,307,214,-217,-53,239,-191,-132,84,225,279,212
115,319,186,-199,-61,264,-165,-118,92,232,275,198
100,299,186,-211,-54,269,-159,-142,77,227,264,222
94,300,195,-205,-60,258,-148,-108,87,233,266,218
116,270,173,-184,-34,253,-168,-88,66,227,242,194
96,285,166,-187,-38,218,-196,-125,90,205,240,197
74,250,170,-193,-51,227,-158,-109,87,200,256,198
86,245,183,-192,-43,223,-144,-93,75,191,235,155
81,254,164,-164,-57,187,-130,-94,78,191,237,179
85,230,148,-180,-45,219,-129,-81,63,176,196,180
80,242,153,-180,-31,190,-127,-98,73,187,204,161
68,213,147,-159,-35,191,-125,-85,69,155,170,175
52,209,149,-137,-38,174,-135,-92,54,149,181,148
88,206,111,-124,-22,160,-110,-70,87,107,190,159
41,184,120,-131,-25,161,-102,-78,64,136,177,126
53,199,142,-137,-13,159,-100,-70,61,149,160,134
53,167,109,-110,-37,140,-98,-71,64,135,128,113
44,163,101,-103,-31,147,-88,-70,68,122,153,105
55,161,101,-116,-32,124,-95,-65,39,135,147,101
37,154,72,-88,-20,103,-89,-67,63,116,115,98
53,109,67,-78,-15,104,-78,-54,51,92,148,86
69,139,65,-84,-12,126,-75,-43,51,73,111,99
24,123,97,-70,1,106,-53,-39,23,99,87,56
35,103,67,-77,-17,97,-64,-52,20,88,101,72
40,102,54,-64,-24,89,-51,-48,12,62,88,58
34,81,60,-54,-12,67,-58,-27,32,72,89,54
49,100,60,-56,1,80,-40,-36,9,63,74,59
16,102,48,-46,-28,66,-50,-26,3,59,51,47
14,69,37,-39,-36,53,-36,-25,29,57,59,28
39,60,46,-50,-4,75,-34,-25,7,47,57,50
18,75,39,-42,-7,37,-18,-29,16,32,43,33
6,33,28,-46,-22,48,-44,-17,11,50,39,53
21,54,23,-41,13,32,-14,-19,4,10,27,41
3,34,22,-20,12,29,0,-4,12,23,26,39
27,37,14,-27,-5,12,-16,-18,-18,23,36,22
9,23,17,-29,3,28,-11,-14,9,3,59,31
12,18,30,-39,16,23,-9,-18,18,-1,11,3
17,18,17,-26,-7,12,11,-8,-14,7,-10,1
-10,3,21,-3,-2,37,-24,5,-9,-5,18,10
2,3,19,-3,-1,-16,-20,2,27,24,34,24
-15,10,3,-2,11,3,13,-10,9,5,-8,-3
-17,15,-5,15,-3,14,5,8,12,2,4,10
1,2,-12,-21,-11,7,3,19,6,4,-10,-19
-10,-14,11,-8,5,-16,15,13,-19,-21,2,-23
-4,-2,-9,7,4,-8,1,-11,-16,-5,10,-9
7,-7,-1,6,20,-13,-5,16,2,-25,-5,-2
-27,-3,7,7,-4,-2,0,-3,-11,9,8,-5
-1,-21,6,7,-3,-15,-6,-6,-10,6,-21,-29
-5,-5,-14,20,3,-10,-14,3,-1,-12,-5,2
-15,-38,-24,14,14,-16,1,9,-20,-12,-9,-23
-15,-25,-22,22,-11,4,20,12,6,-49,-16,8
-11,-19,-33,13,-7,-28,13,-1,-15,-12,-37,-10
-6,-34,-18,15,5,-9,-12,5,-14,-21,-27,-11
15,-28,-28,39,1,-25,32,12,-6,-24,-12,-3
-28,-36,-38,28,4,-40,-1,-11,-1,-42,-23,-49
-18,-18,13,35,7,-25,8,7,-12,13,-33,-34
-26,-18,5,8,5,-39,14,-17,-6,-11,-26,-17
2,3,-17,30,-11,-38,24,8,-29,-17,-31,-31
-4,-7,14,42,-2,-5,28,43,11,-26,-42,-26
0,2,-37,30,-6,0,33,-4,-37,-26,-17,-21
-15,-30,-19,17,11,-31,9,10,15,0,-18,-22
-26,-22,-36,26,1,-29,25,7,-21,-16,-25,-16
-17,-34,-20,17,-16,-23,23,4,0,-9,-34,-8
-20,-36,-14,6,34,-20,42,1,-14,7,-16,-7
-2,-15,3,5,-6,-25,4,-6,-13,-35,-46,-22
-13,-35,-17,8,16,-23,20,9,-11,-19,-29,-24
-8,-30,-10,-7,9,-41,34,26,19,-12,-27,-17
-9,-52,-4,21,-10,-10,28,15,-4,-23,-47,-2
-21,-29,-33,21,16,-44,21,17,-5,-17,-20,-11
17,-28,-13,25,12,-29,29,-1,-10,-20,-3,-13
0,-13,-42,20,-15,-33,27,23,-2,-36,-22,-11
-10,-38,-19,13,11,-15,13,15,3,-40,3,-21
-9,-16,-6,18,-12,-37,2,4,-10,-34,-43,-14
-20,-25,-32,27,14,-27,20,17,2,-28,-15,-23
-2,-31,-15,47,-12,-35,4,-5,-32,-25,-26,-27
-33,-28,-38,22,-12,-32,14,6,-5,-27,-17,-24
21,-32,-12,26,6,-27,30,14,-7,-28,-22,-27
-19,-34,-33,31,26,-3,42,3,1,-11,-2,-26
-21,-1,-11,21,13,-20,26,9,-4,-6,-19,-21
2,-35,-30,10,22,-27,-2,16,-2,-6,-30,-27
-10,-24,-45,19,15,-21,16,20,-3,-9,-14,-7
-28,-10,-26,7,9,-20,21,0,-5,-35,-18,-47
5,-32,-11,17,9,-34,-11,18,-30,-23,-13,-31
4,-31,-30,10,33,-32,1,9,-23,-13,-7,-21
5,-29,-2,18,-22,-27,22,26,5,-19,-25,-16
-5,-38,-5,-1,10,-12,12,-7,-14,-2,-22,-29
-11,-12,-8,7,-3,-16,24,18,-3,-23,-40,8
-11,-26,-18,10,21,-9,-2,-6,-1,-11,-25,-4
-7,-20,-15,9,-4,-10,-5,-9,4,-12,-14,-22
10,3,-24,-1,-9,-10,28,11,-4,-3,-20,9
-13,-30,0,-7,5,-2,-1,2,11,-11,-16,-9
28,-5,-2,18,-3,-1,-1,18,-13,-17,-3,-13
-15,-3,18,12,11,-27,4,5,5,-1,5,-5
-10,0,-7,5,-14,-9,18,19,11,-17,-30,5
3,4,-18,12,-11,-4,4,-21,-32,-20,-14,2
17,-5,-1,11,22,5,15,2,-1,-5,7,5
-19,-11,16,12,15,3,20,2,6,-8,6,-8
-3,21,17,16,13,14,0,-9,-31,8,4,19
-5,19,16,-2,2,-6,2,-3,5,-6,-19,-13
-1,-30,4,-25,10,-6,10,8,9,18,-2,36
2,-5,13,-19,2,-21,-17,8,-3,22,16,6
17,46,-5,-31,-5,-12,-1,-16,-12,24,-3,20
13,2,-2,-16,11,32,-37,-23,-23,4,5,18
14,28,28,-19,-20,30,-9,-14,40,32,16,30
27,22,16,-26,-2,35,-39,-7,28,29,36,44
16,65,8,-15,-22,20,-26,-32,-1,17,60,19
20,43,37,-33,-9,37,-24,-27,20,23,34,46
10,57,28,-46,-9,40,-9,-10,31,47,53,27
23,83,30,-44,-24,43,-38,-13,15,47,46,21
20,77,53,-49,-2,74,-34,-33,12,57,68,58
46,77,54,-65,-22,65,-30,-31,23,65,75,75
26,103,55,-82,-19,58,-39,-42,28,50,96,54
52,92,84,-45,-7,69,-53,-33,30,74,85,50
47,79,67,-89,-2,96,-56,-53,58,84,84,75
24,137,81,-89,-16,91,-61,-45,39,95,95,80
63,148,86,-87,-8,112,-65,-63,8,101,112,96
44,152,87,-80,-19,125,-67,-58,65,96,124,98
43,132,93,-109,-12,126,-92,-61,35,127,136,96
60,184,118,-111,-21,138,-99,-67,68,105,153,99
60,190,104,-127,-38,114,-100,-66,63,126,156,107
77,181,113,-105,-22,147,-110,-69,39,122,162,137
82,191,115,-138,-43,160,-95,-81,80,119,168,123
88,190,121,-129,-29,163,-93,-75,59,161,192,139
65,214,113,-147,-40,172,-108,-71,58,180,184,145
68,225,117,-162,-31,182,-151,-87,66,175,193,137
92,231,153,-143,-41,173,-125,-78,75,187,202,169
104,243,156,-147,-34,186,-140,-115,53,172,203,168
83,233,160,-177,-22,189,-128,-102,74,172,206,183
88,249,152,-166,-52,206,-124,-74,47,179,227,146
91,260,173,-174,-48,194,-135,-92,86,180,225,164
102,251,157,-174,-31,190,-135,-97,82,188,212,180
95,257,175,-169,-63,206,-135,-85,60,190,224,177
87,263,182,-168,-27,208,-156,-105,78,200,248,182
91,237,172,-184,-41,237,-130,-112,71,184,243,185
87,254,185,-195,-37,247,-142,-110,80,171,227,187
80,261,169,-186,-53,236,-136,-85,70,184,217,169
101,268,157,-159,-38,226,-140,-119,59,193,239,186
89,241,195,-171,-30,198,-118,-130,76,216,215,185
93,238,168,-170,-46,206,-124,-110,95,191,232,210
96,255,178,-156,-27,209,-116,-97,77,202,244,168
90,231,165,-155,-57,204,-119,-94,74,171,222,166
73,242,160,-173,-5,199,-131,-107,69,182,234,157
65,248,159,-168,-59,199,-127,-93,76,178,196,166
95,209,138,-162,-19,191,-143,-104,55,162,218,163
74,199,131,-131,-47,199,-120,-75,53,179,187,145
62,192,133,-135,-16,177,-106,-94,80,141,187,135
68,186,121,-135,-10,163,-106,-75,49,140,183,123
54,171,134,-128,-22,138,-94,-81,42,136,160,131
58,173,138,-113,-30,149,-95,-76,58,132,156,108
77,180,107,-84,-24,144,-69,-72,32,119,126,136
55,147,101,-105,-34,131,-106,-82,52,109,152,107
71,142,102,-102,-10,120,-75,-55,39,134,137,102
56,138,71,-84,-8,125,-69,-66,52,106,139,102
54,123,77,-86,-15,106,-75,-57,29,100,92,82
45,145,58,-57,-21,85,-62,-31,47,92,95,62
26,116,77,-38,-14,66,-57,-39,45,76,96,61
35,97,61,-76,-14,71,-53,-40,-3,63,83,88
53,76,57,-71,-15,90,-50,-23,18,61,62,69
28,93,37,-60,-14,71,-57,-46,4,76,78,60
5,60,62,-57,-17,32,-41,-53,22,21,51,46
26,71,40,-57,-10,50,-27,-8,35,46,61,40
23,51,36,-31,-16,38,-41,-23,-12,28,58,33
2,56,23,-37,-8,26,-22,-5,4,60,30,18
12,39,-7,-40,-21,33,-24,-5,17,34,31,55
2,34,47,-20,17,26,-26,-27,1,51,51,28
11,45,34,-26,8,45,-10,15,-1,13,29,20
-6,35,20,-9,-19,44,-21,-24,27,44,23,25
0,15,15,1,20,18,-3,-11,12,28,34,7
16,15,22,9,15,23,-23,-1,-9,7,28,12
17,-3,27,-29,3,2,-7,8,-6,1,29,-4
22,-8,-9,-2,-13,5,-7,-3,-5,11,12,24
16,-4,-6,22,-5,0,-22,7,-12,-7,17,-4
14,-14,-21,20,-2,0,22,3,-6,2,-7,1
-4,-23,-6,-1,11,-25,15,8,-3,-31,-31,-28
0,-18,-27,8,13,-13,30,-13,7,-16,-10,-14
-36,-28,-36,28,21,-59,20,12,-12,-31,-34,-4
-9,-61,-39,27,29,-24,25,8,-27,-26,-52,-31
-19,-60,-34,26,-5,-64,28,5,-23,-62,-43,-45
-24,-70,-41,37,4,-73,37,29,-9,-75,-60,-47
-49,-102,-43,51,2,-75,40,52,-48,-84,-79,-61
-38,-114,-65,47,15,-99,67,48,-23,-88,-115,-69
-48,-123,-89,67,29,-94,81,37,-44,-67,-127,-79
-32,-127,-85,85,18,-131,82,54,-45,-111,-122,-101
-59,-133,-116,100,22,-139,78,65,-67,-120,-147,-118
-49,-161,-110,103,17,-122,58,39,-52,-124,-133,-89
-62,-141,-78,113,45,-138,100,64,-55,-103,-141,-114
-53,-166,-123,120,15,-117,89,64,-56,-102,-146,-116
-56,-130,-87,90,17,-105,88,45,-37,-105,-109,-72
-56,-104,-68,88,19,-99,53,38,-34,-75,-85,-86
-25,-86,-38,39,6,-51,25,32,-8,-52,-63,-56
-19,-3,-14,27,10,-9,12,20,-2,3,-12,-17
18,47,24,-16,-20,37,-36,-12,27,57,35,32
44,132,72,-89,1,112,-71,-57,34,82,139,83
58,224,138,-131,-37,172,-107,-94,50,186,190,169
108,305,200,-202,-56,256,-196,-122,75,240,279,203
153,428,294,-290,-65,326,-237,-143,127,316,381,253
184,520,345,-361,-55,419,-290,-192,167,389,481,373
231,675,423,-448,-99,548,-343,-245,181,498,571,461
259,767,495,-486,-127,636,-415,-324,238,561,680,517
305,873,543,-597,-132,723,-483,-332,262,638,766,594
313,930,617,-635,-145,770,-512,-381,284,708,863,660
359,1011,638,-695,-154,845,-535,-408,302,733,890,671
383,1053,682,-713,-171,880,-564,-418,326,782,931,745
361,1038,712,-697,-160,870,-585,-415,293,802,956,756
364,1042,666,-710,-162,894,-579,-415,312,778,961,744
323,992,659,-684,-149,847,-561,-384,312,753,904,689
329,935,595,-630,-116,779,-494,-367,310,685,854,652
287,835,536,-573,-120,690,-458,-339,244,642,758,588
236,702,477,-496,-117,605,-416,-270,234,564,658,518
207,633,420,-432,-90,508,-343,-255,193,473,544,436
180,492,321,-341,-84,407,-283,-204,131,374,429,339
145,360,253,-228,-45,315,-211,-185,110,280,346,249
107,235,182,-177,-36,205,-108,-103,80,205,223,177
36,149,105,-93,-26,99,-69,-53,24,101,147,96
24,56,46,-19,-3,24,-17,-24,5,31,31,41
-20,-43,-19,14,-3,-43,31,13,-5,-20,-15,-13
-30,-93,-66,78,6,-90,59,59,-57,-87,-95,-83
-50,-173,-92,108,9,-126,91,83,-44,-127,-172,-119
-89,-178,-117,161,20,-178,122,58,-58,-130,-175,-117
-87,-233,-129,167,25,-179,93,96,-66,-165,-189,-177
-56,-242,-151,157,17,-208,137,80,-58,-193,-222,-147
-81,-226,-163,159,28,-218,125,108,-64,-200,-233,-153
-65,-229,-150,153,29,-206,127,120,-81,-174,-222,-151
-75,-201,-148,145,30,-182,109,61,-59,-181,-204,-154
-65,-203,-116,149,36,-174,95,73,-67,-145,-164,-147
-51,-167,-121,122,34,-123,108,54,-41,-118,-150,-111
-44,-153,-67,78,22,-121,94,66,-51,-101,-154,-108
-45,-120,-76,93,-6,-103,66,36,-53,-80,-122,-78
-24,-96,-77,48,9,-76,65,37,-31,-81,-75,-70
-48,-90,-64,68,18,-38,27,21,0,-53,-79,-58
-15,-61,-44,46,1,-49,25,-1,-11,-31,-68,-35
-1,-45,-27,18,-8,-19,18,5,-39,-31,-44,-27
-14,-16,-20,11,6,-50,18,12,15,-29,-17,-23
14,-27,-17,0,-11,3,12,-2,-5,-23,-3,6
-26,-2,24,-2,-20,-5,2,-22,-32,25,7,15
-5,5,-6,-10,11,10,10,-2,-4,-8,6,20
4,14,10,-1,-29,11,6,-3,14,6,8,6
2,36,10,3,12,7,7,-12,20,2,14,-4
13,33,-5,3,-1,-5,-22,-34,2,12,44,15
14,16,34,-30,-13,19,1,-8,21,30,28,-11
4,31,41,-7,-4,11,-24,-1,-7,6,33,19
-1,41,23,-15,-21,30,-9,-6,13,42,41,32
-3,29,11,-19,16,24,-23,-22,11,20,27,26
32,33,23,-40,-9,14,-22,10,21,29,26,25
18,36,31,-17,-5,13,-11,1,31,28,34,22
4,44,36,-47,-8,51,-24,-13,22,29,63,22
17,28,3,-37,-10,40,-23,-29,16,42,49,20
28,39,11,-39,-27,33,-21,-37,22,29,73,55
30,63,43,-43,19,50,-41,-47,3,26,50,43
43,59,42,-39,-25,65,-40,-34,61,56,57,48
30,72,28,-52,-12,55,-51,-36,15,56,80,41
29,63,71,-34,0,73,-38,-26,21,46,62,44
19,73,45,-62,-4,54,-56,-13,16,47,66,70
25,84,62,-66,-38,48,-46,-52,29,41,75,50
51,77,45,-76,13,66,-68,-23,16,92,77,65
32,87,73,-70,-5,69,-41,-49,54,66,99,75
35,85,55,-70,-16,72,-51,-36,23,80,105,60
44,102,82,-85,-42,77,-39,-35,29,74,98,71
44,110,74,-73,-24,106,-53,-36,33,79,80,68
19,117,69,-79,-11,90,-54,-55,28,94,108,76
48,132,74,-103,-36,116,-58,-57,64,120,116,124
48,124,85,-89,-14,103,-86,-52,30,90,122,103
42,137,100,-108,-7,122,-85,-64,32,110,144,118
57,148,81,-89,-23,121,-111,-51,48,110,124,89
58,137,125,-115,-21,157,-95,-74,54,121,152,103
70,189,107,-139,-11,138,-83,-48,62,132,159,129
52,181,107,-125,-18,149,-112,-79,45,126,161,125
75,174,108,-117,-32,149,-117,-77,51,139,178,113
72,193,136,-126,-18,167,-98,-85,81,153,172,155
65,206,125,-167,-26,164,-108,-87,63,131,204,122
75,204,133,-155,-12,180,-106,-79,52,161,179,139
69,205,164,-140,-36,194,-113,-107,84,179,207,150
74,233,151,-179,-42,185,-124,-88,99,175,215,155
100,229,153,-185,-42,199,-141,-102,64,173,228,176
99,252,153,-182,-23,202,-145,-86,99,175,215,168
111,271,177,-178,-27,226,-161,-117,76,194,257,192
116,266,162,-186,-57,239,-146,-122,85,186,248,209
100,281,189,-189,-57,250,-149,-118,82,226,263,208
104,309,202,-196,-57,237,-176,-105,79,215,269,193
100,313,201,-202,-26,247,-180,-96,118,219,266,211
128,315,199,-236,-44,288,-158,-122,104,231,283,220
110,330,202,-226,-19,268,-186,-136,78,221,308,239
123,328,239,-244,-44,246,-172,-132,90,228,313,254
100,347,208,-237,-55,307,-208,-146,103,252,293,237
140,379,231,-252,-62,308,-187,-140,111,289,330,242
135,392,232,-232,-50,317,-188,-154,113,269,323,246
152,371,238,-272,-50,308,-210,-152,110,300,340,238
125,362,240,-268,-85,318,-213,-162,103,293,342,274
131,390,243,-250,-64,328,-209,-164,105,298,346,279
122,395,241,-268,-63,330,-229,-177,109,306,355,282
144,409,280,-252,-54,346,-232,-144,108,294,359,306
135,390,295,-255,-62,335,-234,-157,131,298,374,297
140,402,267,-265,-66,334,-244,-158,133,322,375,302
139,441,268,-270,-86,350,-235,-183,125,326,375,294
146,415,269,-289,-53,336,-231,-157,129,320,378,281
148,426,266,-281,-50,353,-229,-163,130,315,394,291
137,426,279,-294,-66,335,-231,-158,111,314,394,292
160,420,266,-282,-53,329,-221,-183,125,302,403,299
145,420,303,-306,-102,351,-258,-201,147,325,408,313
167,434,275,-303,-76,337,-230,-178,134,345,385,294
142,438,300,-302,-39,369,-244,-174,128,321,368,312
162,411,279,-277,-61,373,-243,-153,136,333,407,301
159,436,286,-282,-68,354,-227,-187,104,321,385,281
150,440,247,-303,-69,371,-241,-186,119,321,393,313
165,435,267,-299,-60,356,-249,-177,138,309,379,309
132,412,272,-274,-55,331,-245,-180,113,309,384,294
143,413,262,-278,-80,341,-203,-150,126,303,382,294
148,436,263,-280,-69,377,-223,-157,118,337,380,301
146,414,268,-291,-69,347,-224,-175,116,301,377,309
135,396,266,-278,-56,353,-237,-172,134,304,370,291
126,395,263,-279,-74,333,-217,-159,112,293,361,275
128,382,249,-270,-55,332,-203,-152,124,284,351,284
132,391,263,-266,-81,322,-212,-136,102,302,347,276
129,381,252,-255,-37,328,-236,-147,124,300,345,265
140,386,235,-258,-44,314,-193,-163,105,267,346,254
115,373,239,-256,-67,325,-231,-119,106,262,321,248
109,348,229,-246,-60,305,-204,-127,99,270,327,230
131,347,222,-233,-53,289,-207,-139,123,272,315,235
123,330,218,-213,-26,285,-191,-130,126,224,298,215
122,336,209,-213,-59,272,-173,-127,78,249,306,219
108,333,209,-200,-32,262,-167,-105,78,229,281,221
106,282,206,-204,-63,259,-197,-133,84,216,259,219
105,295,208,-194,-53,240,-162,-122,99,193,275,204
86,290,186,-197,-42,255,-148,-118,64,210,258,191
99,274,180,-175,-46,232,-179,-117,107,200,250,192
76,252,180,-187,-46,256,-131,-94,72,197,245,189
99,253,162,-175,-34,225,-134,-131,77,163,231,176
77,263,156,-182,-45,211,-135,-103,91,191,230,180
99,232,141,-162,-29,206,-138,-107,64,179,211,188
72,227,156,-154,-29,213,-118,-96,74,169,213,162
74,226,125,-135,-33,173,-120,-83,71,171,187,163
91,203,117,-143,-8,189,-101,-72,51,143,176,135
43,149,107,-106,-36,187,-129,-79,53,172,194,148
61,179,129,-130,-14,153,-109,-90,46,151,174,130
42,174,99,-120,-14,139,-94,-79,48,161,159,146
80,154,102,-110,-42,143,-91,-94,46,132,127,131
65,153,103,-93,-28,122,-83,-76,46,113,158,125
54,158,86,-102,-18,125,-100,-55,46,150,152,96
37,144,86,-104,-16,118,-79,-57,32,112,113,103
58,145,82,-109,-8,103,-71,-65,26,107,135,80
50,115,85,-78,-18,105,-64,-43,34,106,107,89
34,130,81,-93,-37,114,-69,-48,26,99,104,109
22,122,59,-88,-30,71,-50,-52,51,92,107,61
33,106,61,-62,-12,89,-63,-25,31,91,80,66
41,79,65,-78,-23,69,-35,-38,26,70,77,61
28,90,53,-38,-22,51,-50,-45,20,59,98,58
27,88,49,-42,2,82,-28,-42,26,46,73,62
33,96,73,-65,-18,61,-47,-48,40,48,55,37
25,60,55,-73,-23,68,-62,-36,22,33,77,60
35,53,25,-23,-32,59,-47,-15,35,54,38,51
14,58,28,-45,8,40,-29,-28,41,43,43,49
33,48,50,-39,-23,52,-26,-40,13,39,52,44
4,52,38,-40,7,45,-39,-19,34,27,73,32
21,48,24,-25,1,36,-23,-20,12,47,53,24
0,61,28,-31,-14,27,-17,-23,15,47,55,46
7,26,21,-49,-4,17,-22,-12,6,31,58,25
21,31,22,-34,0,66,4,-15,23,31,13,21
6,32,27,-26,1,44,-28,-18,8,28,36,30
9,37,37,1,9,16,-18,14,30,26,22,29
33,34,5,-32,-21,12,1,-23,1,11,25,19
7,26,1,-16,-30,30,-11,-43,-7,18,29,12
14,30,4,-13,5,16,-19,-18,4,6,13,-3
12,23,1,-27,6,11,-25,-3,-2,-5,19,17
26,19,13,-32,-10,12,-20,-17,23,9,18,2
12,34,-3,-18,19,18,-24,-3,6,15,26,29
-8,22,23,-13,2,34,4,-21,8,20,20,18
4,31,19,14,-2,-4,-6,-23,16,5,-9,13
17,33,9,-5,-14,3,12,8,14,21,18,7
4,8,13,-21,5,16,-22,4,31,24,14,3
-18,5,12,-14,-12,11,-31,-17,-17,40,2,13
14,4,12,2,-2,7,-23,-19,8,5,3,12
-6,-2,26,-1,8,18,-21,-8,-3,29,3,-6
9,-6,14,13,15,5,-2,-12,-13,10,16,17
12,7,-4,6,3,15,-27,6,-3,-16,-13,8
-2,18,13,-19,10,23,-1,-12,-14,-13,16,1
-9,-4,22,-6,-18,6,3,12,5,5,-19,15
8,2,-9,1,-2,6,-10,11,-20,14,-4,7
-3,16,-13,-11,-19,6,19,-3,2,-1,10,4
-26,8,1,11,11,28,7,8,4,6,10,1
-9,22,-16,-14,10,12,-2,14,-8,-1,17,-2
-12,-2,-5,-22,-22,18,0,9,0,-3,-10,14
15,29,12,-16,10,0,17,10,11,0,-24,13
1,-3,-5,-7,-4,8,-7,-15,1,-3,11,0
30,12,13,5,0,1,8,0,-13,4,18,-18
-11,11,-22,20,-4,7,2,0,9,8,19,5
-12,-1,43,4,10,23,-18,-12,15,-21,5,10
1,2,-5,0,-6,4,11,-23,-8,2,11,10
1,-1,27,-8,8,3,-1,-24,18,29,17,-4
-9,-5,-9,-1,0,8,-10,-20,1,0,31,-7
11,5,6,14,-8,10,15,-4,-4,9,2,9
9,2,13,-13,27,-2,-10,24,-3,3,4,16
-3,4,11,-28,7,-12,4,-23,2,26,-12,-12
-6,3,-12,5,-5,14,-4,-7,-21,14,5,8
3,16,8,14,-2,11,-5,-4,-6,0,17,3
-14,31,-2,-17,-13,9,1,-8,-28,15,7,25
-6,15,-3,5,10,14,-13,-12,13,15,1,3
2,-14,26,-4,6,21,-16,4,17,-7,7,-23
-18,2,4,-7,-1,6,-1,13,0,12,-2,13
-1,31,12,1,9,-7,15,-17,5,12,9,16
8,27,9,-9,-19,2,-11,3,4,18,16,3
-15,25,14,7,7,17,-6,-3,7,13,-16,3
7,5,1,11,-8,26,-2,-5,-11,15,9,17
0,-3,20,-31,8,19,17,-21,10,17,17,8
14,27,23,15,1,6,-23,1,-7,0,-6,2
26,22,23,-19,32,32,1,-7,-2,4,8,13
3,18,12,-14,13,20,-8,-15,19,21,39,3
0,12,19,-8,-12,13,-10,-13,-18,-2,3,9
16,17,7,-10,-8,15,-2,5,-6,4,26,7
2,42,-1,-25,-6,4,-12,-7,21,28,21,26
7,42,0,-2,-15,8,-10,11,1,32,14,12
0,29,38,-26,-5,20,-41,-9,5,18,33,20
15,19,21,-36,0,23,7,-13,27,7,32,40
4,41,49,-12,-6,24,-12,-15,15,60,18,32
10,29,25,-39,-18,43,2,2,13,21,35,39
27,19,16,-29,7,26,-9,-20,-4,25,54,40
15,51,8,-52,-10,40,-44,-9,13,15,46,33
16,41,30,-39,-17,46,-23,10,20,46,24,50
22,64,26,-31,-3,54,-15,-27,1,57,47,44
35,48,49,-38,-7,46,-44,-29,25,40,47,38
30,77,49,-57,-2,66,-48,-24,42,38,60,48
23,59,63,-89,-17,67,-49,-30,38,43,75,62
27,82,52,-67,-33,59,-51,-19,17,48,83,57
9,103,54,-67,6,61,-55,-22,16,65,92,62
47,109,73,-68,-3,92,-47,-45,9,84,85,89
23,118,49,-67,-10,110,-51,-65,32,64,96,78
23,132,67,-77,2,120,-49,-31,53,79,86,85
36,115,60,-101,-20,121,-70,-55,42,64,102,72
36,118,76,-86,-33,112,-89,-42,34,94,122,84
62,128,94,-87,-19,126,-99,-47,21,117,144,100
73,160,114,-109,-38,112,-71,-72,49,98,139,129
54,163,101,-106,-15,136,-84,-63,19,123,153,145
43,163,92,-122,-24,136,-101,-63,48,135,153,111
66,160,125,-125,-39,125,-116,-66,56,127,185,115
73,192,137,-133,-34,145,-103,-92,56,142,183,130
78,209,128,-136,-21,190,-115,-85,77,161,171,137
54,223,147,-139,-50,172,-99,-80,68,159,201,139
92,225,153,-146,-31,184,-138,-93,69,157,205,151
91,231,131,-158,-23,190,-123,-98,67,164,195,166
82,235,160,-144,-32,181,-141,-100,71,186,206,185
65,243,163,-166,-42,213,-124,-95,62,177,230,166
88,258,166,-184,-45,199,-141,-102,58,188,228,163
87,263,149,-149,-40,212,-147,-100,72,190,255,178
96,240,145,-191,-26,222,-158,-110,100,186,235,209
81,276,190,-171,-44,220,-149,-90,84,199,252,185
81,266,170,-204,-33,235,-148,-111,76,207,244,197
104,263,184,-173,-20,251,-157,-100,99,222,254,184
101,277,178,-195,-32,218,-147,-117,88,203,250,202
106,275,173,-179,-44,235,-173,-85,91,200,254,201
102,281,193,-188,-72,241,-144,-136,91,180,213,181
93,277,177,-184,-39,220,-140,-116,83,204,238,185
105,262,177,-177,-42,228,-155,-105,74,213,239,178
106,252,166,-174,-10,202,-147,-110,95,215,256,189
88,250,190,-172,-61,215,-151,-94,93,211,233,186
89,252,157,-173,-48,184,-119,-117,67,175,241,180
71,257,155,-158,-30,219,-129,-93,89,194,228,180
85,229,140,-176,-32,199,-133,-105,60,182,206,144
94,215,145,-160,-42,182,-122,-93,60,166,196,153
102,195,147,-172,-24,160,-121,-99,73,182,197,162
92,186,133,-159,-44,202,-112,-106,72,162,193,137
69,192,125,-125,-50,200,-103,-73,67,179,174,139
63,187,106,-117,-33,165,-105,-89,53,151,179,139
78,175,111,-126,-43,158,-115,-64,75,128,149,150
48,163,101,-117,-49,134,-81,-49,66,123,148,122
63,173,109,-125,-8,129,-96,-62,55,114,142,112
62,156,108,-117,-10,148,-97,-53,46,108,132,100
46,119,77,-105,-29,130,-72,-54,55,118,144,95
68,141,103,-100,-10,112,-61,-50,38,105,108,106
25,131,74,-81,-29,80,-65,-48,25,88,96,96
49,105,59,-85,-24,101,-91,-52,24,80,89,110
48,114,64,-69,-20,99,-50,-38,42,107,108,86
38,107,62,-69,4,68,-51,-55,27,62,96,54
19,93,54,-76,3,76,-51,-42,45,73,64,46
33,79,59,-78,-3,54,-31,-22,12,50,80,44
50,69,57,-53,-5,60,-31,-22,32,61,77,31
24,75,18,-30,9,46,-20,-19,5,53,73,53
16,50,12,-63,-10,58,-24,-13,4,63,73,42
28,28,42,-26,8,42,-44,-20,10,35,26,27
-2,50,21,-36,-15,37,-33,-37,26,59,29,45
9,41,25,-40,-7,30,-34,4,18,14,35,13
19,54,2,-46,-16,19,-8,-12,16,51,39,35
-2,35,25,-25,8,17,-30,6,6,24,26,2
-3,33,11,-17,-5,11,-34,-7,21,26,31,1
17,37,28,-18,-12,33,-19,-15,-5,18,26,-4
-1,26,13,-17,9,-9,-9,-10,8,14,2,43
-13,12,-5,-9,-15,17,26,5,11,5,11,-4
-22,-1,5,-6,7,7,1,-13,11,17,-9,0
-4,-13,-10,3,6,12,6,12,13,-29,-17,9
-8,-31,-8,10,10,-15,12,17,4,-30,-1,-18
11,-19,-11,15,7,-20,17,3,-31,-2,-32,-24
-15,-45,-32,20,14,-30,15,12,-22,-23,-30,-24
-16,-68,-25,31,-4,-29,32,2,-5,-53,-41,-30
-18,-57,-22,39,6,-31,47,30,-7,-32,-38,-44
-30,-93,-26,52,9,-66,56,26,-32,-67,-88,-69
-17,-103,-80,77,28,-99,60,55,-32,-62,-107,-68
-40,-95,-70,88,-7,-86,77,52,-43,-77,-92,-63
-47,-113,-82,78,22,-122,90,57,-45,-86,-109,-80
-84,-118,-99,73,6,-120,72,27,-67,-115,-108,-69
-47,-131,-78,96,7,-96,87,66,-38,-96,-138,-123
-67,-137,-127,98,19,-113,86,51,-73,-112,-133,-114
-41,-134,-79,100,21,-108,84,55,-32,-97,-126,-109
-38,-129,-72,73,20,-109,81,52,-31,-99,-132,-68
-28,-104,-45,57,29,-86,53,45,-32,-46,-92,-55
-9,-52,-39,32,1,-47,23,27,-6,-49,-49,-55
-2,9,-3,2,11,1,5,13,10,-3,-11,2
26,83,40,-53,-22,74,-42,-23,27,57,95,34
49,149,77,-104,-36,147,-88,-77,32,105,109,111
96,242,155,-148,-45,197,-119,-88,89,177,241,165
145,367,207,-227,-40,279,-183,-147,100,265,312,213
142,461,282,-321,-89,366,-238,-170,130,322,402,327
191,565,380,-383,-79,475,-320,-239,196,439,502,400
212,669,425,-471,-96,564,-372,-268,200,521,611,463
279,784,524,-535,-135,656,-394,-309,237,595,707,533
297,882,569,-596,-130,741,-482,-356,274,667,794,595
336,959,625,-637,-123,785,-527,-386,311,709,862,672
367,1014,653,-684,-179,826,-568,-415,327,774,907,733
373,1025,682,-711,-154,860,-592,-392,337,784,942,735
372,1029,694,-731,-147,864,-561,-418,320,798,958,740
348,1019,671,-689,-150,849,-537,-399,323,773,954,731
354,955,637,-658,-151,809,-546,-398,290,735,896,678
314,896,603,-595,-145,751,-509,-365,263,687,800,627
237,803,525,-539,-114,672,-455,-320,248,624,733,560
266,707,437,-480,-94,591,-380,-306,211,526,629,489
197,569,373,-406,-96,477,-331,-235,182,415,521,405
155,444,281,-304,-65,365,-241,-178,136,336,372,323
114,324,196,-232,-40,265,-193,-136,123,240,310,227
76,223,143,-114,-31,194,-114,-80,70,164,196,152
34,118,58,-103,-30,110,-33,-48,40,80,110,67
0,6,20,-1,-6,24,-10,-9,11,22,35,35
-29,-37,-53,53,6,-50,48,38,-25,-48,-59,-54
