I,II,III,aVR,aVL,aVF,V1,V2,V3,V4,V5,V6
341,981,646,-661,-140,818,-525,-400,279,755,883,683
311,970,624,-660,-145,818,-542,-385,271,746,859,665
321,915,604,-636,-123,792,-508,-357,291,719,847,667
317,878,576,-598,-126,729,-489,-352,272,666,788,599
278,806,501,-546,-101,662,-437,-325,240,598,726,534
243,723,479,-481,-93,582,-382,-297,227,543,646,510
217,633,424,-439,-98,524,-355,-248,190,489,575,442
199,522,350,-352,-90,448,-283,-229,146,391,486,371
151,412,289,-301,-58,364,-250,-169,121,319,382,313
115,320,201,-226,-54,264,-157,-86,83,239,297,224
73,187,144,-134,-23,154,-126,-88,63,154,183,139
52,117,50,-106,-19,69,-58,-54,42,84,110,96
32,16,5,-31,19,21,-10,-25,14,1,35,10
-27,-45,-20,19,21,-17,-3,20,0,-58,-29,-29
-56,-135,-76,62,16,-93,55,44,-22,-93,-79,-79
-63,-169,-106,126,17,-122,107,79,-57,-155,-164,-118
-87,-202,-134,150,18,-194,113,101,-46,-157,-200,-141
-90,-260,-157,169,49,-212,158,113,-92,-178,-221,-175
-104,-282,-195,217,42,-206,156,91,-79,-208,-239,-187
-102,-280,-177,199,43,-239,175,102,-88,-204,-245,-183
-108,-303,-160,216,54,-255,157,115,-103,-233,-282,-211
-91,-289,-187,198,39,-238,162,109,-98,-197,-289,-194
-105,-271,-161,197,55,-220,160,127,-67,-221,-263,-195
-86,-272,-168,205,27,-218,144,109,-88,-201,-213,-186
-95,-271,-163,170,31,-198,136,101,-51,-166,-221,-168
-83,-236,-170,157,38,-196,113,93,-51,-179,-216,-144
-58,-206,-153,150,29,-148,103,89,-63,-151,-166,-151
-44,-205,-110,139,21,-145,100,87,-69,-124,-183,-133
-57,-153,-112,95,-5,-136,115,51,-57,-128,-149,-107
-72,-135,-97,96,14,-117,69,57,-53,-109,-112,-115
-43,-118,-61,70,27,-109,72,62,-42,-89,-106,-77
-51,-85,-71,75,-1,-97,55,48,-51,-73,-108,-65
-29,-96,-49,70,10,-70,70,61,-39,-62,-91,-69
-24,-84,-48,55,15,-68,29,38,-25,-58,-73,-44
-42,-83,-44,57,6,-46,19,39,-26,-62,-67,-36
-9,-78,-37,52,24,-58,36,38,-13,-46,-34,-32
-17,-51,-26,55,8,-66,40,35,-15,-40,-57,-36
-22,-64,-35,25,3,-42,30,35,-12,-50,-52,-18
-23,-52,-24,12,7,-46,22,26,-3,-27,-47,-10
-24,-31,-24,41,26,-17,16,5,-17,-46,-36,-50
-22,-18,-24,39,-6,-31,6,24,-11,-11,-66,-38
-11,-31,-28,25,17,-24,18,12,-4,-34,-37,-9
5,-17,-18,29,-3,-20,11,8,-14,-14,-51,-5
-6,-42,-8,17,12,-31,13,19,-35,-2,-31,1
-18,-7,-32,41,0,-30,27,18,-9,-40,7,-18
-15,-37,-52,36,9,-28,16,2,-19,-19,-21,-37
6,-16,-24,5,-15,-10,-1,6,8,-25,-34,-14
29,-31,-14,16,16,-21,2,0,-8,-19,-20,-18
-13,-33,-31,16,8,-11,14,17,9,-27,-3,-3
-15,-26,-22,19,-6,-8,7,-4,11,-45,-23,-25
-26,-12,-4,16,15,-17,15,3,1,1,-14,-24
5,-25,-4,4,-12,-12,-9,6,-3,-13,-27,-4
13,-26,-17,20,18,-18,13,18,-9,-8,-5,-23
-3,2,11,-6,-2,-22,21,7,10,-9,-19,-9
-2,-7,17,-3,14,-25,-10,0,-15,-7,-14,-14
5,-1,6,-2,1,-4,-11,1,-14,-14,-27,-10
-6,-18,0,-5,16,-12,4,15,6,-13,-29,-13
6,0,11,-8,-8,5,19,-8,10,-2,-4,-6
13,3,-1,8,-12,3,-17,-5,-18,-11,11,15
4,11,-8,11,-8,3,0,1,-22,30,19,9
3,-3,32,-13,8,-2,-19,-7,14,-5,25,14
-3,26,-11,-7,14,14,-12,-4,19,4,6,4
3,19,23,-11,8,1,-10,-20,12,12,-16,4
22,30,8,-22,25,19,-26,-11,35,13,24,11
8,23,23,-30,-3,11,-13,1,10,23,33,19
28,10,36,-27,-1,7,-15,-18,12,11,25,25
3,41,27,-39,-8,51,-19,-6,17,30,41,20
14,54,12,-23,-13,37,-22,-5,41,26,56,41
22,55,18,-33,-9,45,-35,-19,18,32,39,18
9,61,39,-23,-3,40,-32,-10,5,35,31,42
-3,54,18,-33,17,57,-35,-27,11,34,45,32
3,44,27,-41,-8,47,-28,-58,33,51,62,23
27,55,65,-33,-17,60,-45,-33,15,48,76,52
30,81,47,-42,4,52,-47,-40,24,32,73,58
21,64,60,-41,-11,48,-63,-37,3,57,82,63
34,88,57,-57,-19,81,-57,-34,26,80,65,63
22,93,60,-86,-6,87,-50,-34,29,71,83,69
34,112,47,-80,2,92,-66,-50,33,82,98,61
46,108,71,-97,-8,95,-40,-65,48,78,108,93
49,119,64,-89,-15,90,-56,-51,53,63,92,99
46,119,65,-64,-15,111,-73,-54,45,86,122,88
48,158,78,-74,-23,115,-78,-39,21,98,108,86
44,133,108,-91,-37,120,-74,-32,47,110,107,75
44,150,89,-96,-19,111,-61,-50,44,96,132,108
77,157,105,-108,-9,131,-106,-54,45,119,123,101
71,161,127,-116,-5,129,-97,-68,57,96,144,144
65,173,139,-142,-36,147,-81,-87,51,136,152,103
66,168,115,-124,-7,142,-106,-68,55,139,156,128
63,189,109,-141,-30,146,-116,-108,60,132,183,140
87,200,135,-128,-18,163,-128,-97,50,147,181,139
78,208,133,-152,-32,183,-133,-95,61,170,188,170
101,212,137,-140,-41,166,-132,-108,61,168,171,167
66,241,148,-144,-27,175,-123,-74,59,179,209,167
62,240,167,-145,-40,189,-109,-105,65,170,212,142
95,262,160,-155,-31,188,-148,-100,67,175,230,198
97,254,195,-172,-19,233,-146,-105,64,210,240,181
94,264,177,-170,-27,214,-142,-115,85,200,235,199
98,283,155,-217,-45,225,-144,-131,72,201,252,196
94,268,182,-178,-30,247,-152,-104,91,201,242,189
105,282,190,-205,-34,239,-143,-109,111,223,267,199
112,285,185,-208,-31,246,-154,-126,84,225,268,218
95,305,222,-221,-32,258,-160,-112,101,208,266,199
121,293,198,-220,-23,264,-176,-125,86,243,300,218
107,300,214,-227,-38,277,-156,-113,114,238,278,231
113,342,200,-235,-49,254,-180,-133,72,237,272,223
113,323,215,-230,-28,226,-167,-143,83,253,306,219
110,361,209,-227,-37,281,-181,-154,104,252,284,226
116,347,223,-230,-61,274,-158,-127,116,243,293,242
127,351,239,-236,-55,290,-181,-159,99,267,274,243
110,337,216,-244,-58,301,-190,-165,107,262,337,257
108,353,232,-227,-53,302,-206,-165,95,273,317,247
123,342,213,-236,-49,285,-177,-146,96,252,327,271
144,357,246,-257,-48,321,-192,-159,117,277,349,248
136,361,218,-248,-40,305,-202,-142,95,285,341,269
126,364,229,-239,-33,321,-192,-133,108,276,327,261
107,361,259,-263,-80,306,-193,-145,116,260,345,274
111,363,255,-241,-70,322,-199,-128,108,282,354,249
123,363,237,-251,-55,294,-184,-142,107,290,327,241
134,381,249,-273,-61,315,-213,-149,94,295,329,246
136,362,245,-255,-56,308,-227,-165,105,281,333,267
130,363,217,-236,-49,302,-206,-162,116,271,319,254
126,397,215,-240,-33,291,-193,-150,118,296,322,237
141,359,261,-267,-60,332,-194,-158,130,298,319,240
130,386,237,-252,-57,295,-218,-153,98,273,327,277
118,357,243,-248,-55,310,-213,-161,98,279,315,275
113,347,230,-229,-78,293,-194,-144,115,274,328,260
127,338,265,-246,-75,295,-207,-146,109,280,314,247
126,361,234,-240,-56,303,-184,-113,93,271,316,246
130,330,219,-242,-64,298,-174,-155,104,258,304,266
138,336,229,-230,-76,299,-175,-145,91,238,303,237
122,347,224,-224,-40,278,-201,-133,95,266,282,251
109,320,200,-200,-60,286,-180,-130,112,262,288,229
128,319,188,-221,-46,275,-178,-133,118,237,285,251
112,297,212,-223,-30,253,-172,-136,98,255,288,234
121,305,219,-230,-45,270,-161,-107,86,235,271,229
97,311,198,-209,-50,259,-154,-124,81,230,282,212
102,283,208,-223,-42,250,-158,-111,97,219,282,198
101,284,160,-193,-43,230,-142,-104,80,216,252,196
110,268,181,-183,-69,239,-127,-94,101,217,250,186
87,282,165,-185,-40,227,-167,-98,100,206,248,188
108,268,178,-173,-61,200,-135,-97,89,221,225,184
93,259,157,-158,-29,222,-160,-116,80,203,219,167
92,246,140,-174,-31,208,-140,-119,74,167,227,172
63,236,142,-160,-53,196,-127,-78,82,179,219,159
81,214,156,-145,-37,195,-135,-104,82,191,225,173
89,241,160,-138,-37,180,-106,-97,72,150,223,141
67,221,157,-157,-28,181,-101,-87,77,173,157,151
78,209,134,-152,-30,149,-123,-62,81,162,178,117
79,218,134,-134,-23,139,-119,-61,73,138,171,148
59,176,147,-150,-7,148,-81,-68,35,162,171,96
71,200,119,-146,-19,155,-101,-84,41,114,162,140
59,172,116,-108,-32,139,-80,-54,55,144,153,112
80,195,102,-105,-23,153,-87,-70,65,114,155,118
50,148,100,-101,-21,135,-89,-57,48,109,125,111
42,124,107,-104,-27,132,-76,-58,43,115,115,99
39,128,70,-122,-31,94,-91,-33,26,114,126,107
49,134,99,-87,-38,101,-71,-62,38,95,113,92
33,123,70,-81,-13,90,-71,-36,29,84,96,84
27,121,57,-83,-20,77,-48,-50,36,71,96,86
18,99,85,-72,-18,90,-77,-63,24,81,77,75
39,94,74,-64,2,76,-45,-42,36,75,95,69
21,88,48,-48,-14,73,-42,-19,30,69,76,67
21,95,80,-63,19,70,-51,-27,36,55,96,67
2,101,30,-48,-20,46,-35,-30,14,54,34,66
40,75,62,-42,-4,52,-33,-16,22,50,77,48
16,39,45,-35,-2,29,-44,-44,8,35,57,57
24,31,45,-59,-3,33,-47,-29,18,60,59,23
20,38,45,-40,2,45,-31,19,23,37,18,18
14,58,34,-17,-8,34,-1,-1,5,40,42,31
19,32,37,-24,-10,44,-11,-26,5,41,33,33
27,43,10,-8,-17,12,-29,-11,10,47,12,12
22,19,3,-3,16,17,-19,-17,11,6,13,24
5,16,7,-3,-4,26,-33,-1,21,18,34,13
29,29,13,-14,10,4,14,19,8,21,6,-5
-19,-13,29,-23,30,-6,-9,-4,7,16,4,17
8,25,18,-18,3,16,-31,13,-8,-13,-15,10
-10,14,-8,-2,7,13,-13,-8,13,-14,17,6
11,1,17,-2,2,-3,14,1,6,-3,-25,-22
-13,8,-2,4,3,16,4,3,-2,-12,-29,-2
6,-51,-11,7,-4,-23,-1,-1,1,15,-2,7
-6,-17,-11,1,-5,-31,22,4,3,-14,-18,-23
-20,-23,-15,18,3,-28,0,-3,-17,-22,-13,-11
-2,-35,-14,-16,12,-21,25,-5,0,-3,-1,-8
4,-36,-7,9,12,-24,15,14,-5,-17,-5,-15
-14,-31,-28,19,5,-27,34,12,-18,-2,-25,-23
3,-25,-20,20,-8,-9,11,1,-14,-18,-29,-4
-12,-34,-22,35,-9,-30,15,14,-11,5,-36,-17
-3,-27,7,48,11,-23,16,3,14,-17,-36,-28
1,-45,-27,-8,20,-22,7,35,-24,-54,-2,-33
-16,-45,-23,9,-27,-11,1,10,-26,-26,-49,-32
-20,-14,-21,22,26,-21,31,3,-9,-16,0,-19
-22,-14,-17,-1,0,-20,6,12,-5,-20,-46,-15
-11,-62,-13,53,22,-35,23,21,-10,-17,-30,-10
13,-10,-34,15,2,-16,29,24,-21,-24,-51,-44
-6,-40,-9,37,23,-23,33,4,-20,-31,-38,-20
-3,-43,-16,36,8,-22,34,24,-36,-42,-15,-25
-27,-37,-29,5,6,-21,33,11,-22,-33,-41,-38
-10,-42,-23,25,12,-10,23,5,-19,-38,-37,-34
-18,-51,-18,36,-1,-29,38,10,-12,-33,-32,-20
-7,-31,-43,15,3,-33,9,9,5,-32,-27,-34
-11,-58,-39,9,14,-28,8,26,-13,-33,-50,-11
-37,-25,-37,32,10,-20,25,9,-1,-43,-37,-43
-19,-57,-39,24,4,-29,38,12,-12,-42,-37,-44
-12,-95,-42,23,-17,-48,8,-14,-16,-43,-61,-47
-6,-17,-28,18,6,-32,23,4,-19,-37,-41,-27
8,-46,-35,25,-20,-13,23,25,-21,-23,-47,-14
-14,-41,-37,39,4,-37,28,15,-2,-25,-45,-32
-15,-45,-35,20,6,-23,24,16,0,-25,-26,4
0,-44,-36,56,15,-21,34,-1,-18,-30,-31,-49
-7,-23,-15,17,-5,-35,23,12,-9,-34,-16,-26
-12,-67,-27,33,-13,-42,27,29,-19,-33,-44,-43
-30,-57,-18,35,8,-32,32,22,12,-29,-41,-53
-8,-7,-48,49,-9,-28,15,14,7,-39,-16,-42
-1,-34,-20,12,-3,-64,23,8,-16,-16,-49,-29
-8,-41,-12,30,5,-39,26,7,-31,-29,-9,-26
10,-37,-27,18,19,-14,21,16,-14,-38,-49,-56
-11,-32,-44,30,-15,-10,14,7,-5,-33,-45,-31
-20,-66,-20,40,5,-20,-1,15,-22,-41,-37,-22
-7,-34,-25,8,-2,-21,25,-9,-31,-31,-44,-49
16,-59,-22,31,9,-43,14,25,-4,-21,-43,-6
-19,-30,-4,47,18,-13,0,-4,-2,-26,-40,-34
-12,-43,-20,4,12,-22,8,6,-7,-19,-13,-35
-8,-53,-28,18,-9,-25,39,22,-34,-20,-55,-32
6,-30,-12,34,20,-38,40,14,3,-19,-34,-50
-13,-23,-11,37,13,-48,7,2,-24,-33,-37,-5
-35,-41,-24,21,9,-36,21,12,5,3,-49,-13
-5,-29,-46,9,26,-45,15,-5,-6,-15,-29,-19
-28,-31,-6,33,2,-14,17,17,-8,-26,-35,-25
-16,-37,-20,26,20,-29,-18,30,-13,-13,-32,-34
-16,-38,-14,18,-8,-12,7,35,-28,-15,-23,-31
-18,-21,-18,28,3,-18,22,21,5,-28,-24,-29
-31,-34,-21,10,8,-17,15,11,-11,-30,-12,-14
2,-39,-16,10,5,-23,0,28,-11,-20,-27,-37
-13,-25,-27,7,10,-25,14,22,-7,-47,-28,-6
-5,-22,-37,4,14,-39,29,10,-6,-12,-32,-8
-25,-42,-9,9,-10,-15,4,-8,-9,-22,-21,-32
-34,-33,-6,16,8,-24,4,0,-20,-30,-21,-18
-2,-26,-14,1,13,-40,16,11,-16,-31,-62,-35
-28,-32,-28,19,-10,1,-2,-11,-7,-10,-31,-5
25,-28,-7,10,-7,-7,-8,22,-10,-18,-38,-33
-24,-23,-22,-5,-2,-10,11,22,16,-15,-32,-34
-17,-39,-11,22,-5,-24,22,6,-25,-11,-29,-16
-21,-41,-16,42,14,-13,24,25,-28,-3,-26,-14
17,-9,-12,21,-4,-30,17,1,-5,-14,-16,-43
-9,-31,-15,6,-10,-54,0,0,-7,-28,-10,-11
-1,-20,-18,-7,-5,-9,14,25,-2,-21,-16,-31
-2,-32,-16,1,0,-6,23,-7,-3,-16,-8,5
-3,5,8,31,-2,-5,20,-13,-3,-12,-11,-26
-41,-16,-20,24,2,-9,24,17,-4,-2,-17,-7
-25,-23,-18,-2,-5,-15,9,9,-9,-14,-21,6
27,-14,9,-3,2,1,6,3,-16,-18,-34,-4
2,-20,4,2,-21,-32,1,21,-15,-20,-24,-12
-2,-20,5,25,-3,-15,-5,-4,-5,-4,-25,-29
6,-40,-25,8,-12,1,4,0,-7,-25,-8,1
-15,-8,-12,11,3,-2,1,6,7,-6,-10,-3
-14,-1,-10,7,6,-22,1,7,-17,-7,-12,-1
-10,-17,-11,26,7,-15,18,21,-17,6,-33,-30
11,-14,-27,-4,6,-31,2,8,7,-32,-5,-30
12,-12,-3,31,1,-21,2,17,9,-25,-26,4
-36,-21,-13,11,4,-35,3,-20,-4,-21,-25,1
-12,-23,-16,10,-3,13,5,14,1,-11,-34,-18
19,-11,-28,-23,-9,-25,-6,8,-2,2,6,-19
-11,7,-5,6,-3,7,3,-1,-6,6,-21,-6
-6,-1,-5,19,-13,-21,-13,10,-4,-13,4,-22
-27,-14,-8,36,-6,4,21,-10,-3,-4,-17,-17
8,-1,-3,4,19,-10,4,-5,-30,-37,-41,-2
-4,-5,-12,13,-3,-38,9,12,-22,-3,-14,11
-11,-10,-10,-16,22,-6,5,-13,3,-19,4,4
1,-20,9,4,-18,3,15,10,-20,0,-10,3
17,-6,-24,3,1,-10,8,11,3,-4,-45,-18
-4,-26,-19,2,5,-1,11,4,2,-13,-19,-5
-12,-20,-26,17,10,-18,0,-12,-16,0,-16,-15
1,-3,1,11,-21,-13,24,18,-22,3,-26,-8
15,-30,-8,-2,-2,3,-1,7,3,-10,-24,-9
8,3,-12,4,11,-3,-14,22,-26,-9,2,4
9,-6,-16,9,-2,5,-34,-7,-11,-11,-17,-9
-18,-8,-8,-8,8,-3,25,5,6,-5,3,-21
-1,-18,-5,16,3,6,2,19,2,-8,-18,-12
-23,-33,3,12,0,1,20,-5,-37,-14,-33,-30
0,-24,3,3,15,1,5,5,-1,-9,-4,-6
29,3,-10,-4,-2,3,-17,1,-20,5,-6,4
-5,-3,-3,26,25,-9,-9,9,18,-18,-13,4
-10,23,-2,-15,18,24,-8,-4,6,23,-9,-14
20,-10,10,-6,5,17,-17,-4,-17,9,5,-4
10,3,-6,-8,10,32,21,-31,5,4,-7,-4
2,-4,13,8,7,3,-1,-5,-24,-18,14,23
11,-3,-6,-4,-7,-15,-2,-21,14,20,26,16
13,14,10,-1,-8,-14,2,-11,7,27,6,22
-11,6,5,11,7,1,-2,18,-1,32,12,-29
28,31,48,-23,-8,0,-26,-1,8,6,12,-1
3,44,8,-5,-1,44,-32,3,-1,21,7,2
-9,1,6,0,-12,13,-2,-17,12,30,6,26
22,51,25,-33,2,13,-17,-8,3,15,9,10
18,35,17,-12,-19,8,-12,-20,-2,4,14,8
27,30,15,-36,6,44,7,-21,41,42,47,11
8,45,2,-26,-14,23,-2,-17,4,32,23,19
18,59,48,-29,8,42,4,-4,9,30,44,38
17,58,34,0,4,37,-31,-15,30,63,54,44
19,49,43,-21,6,63,-28,-27,12,38,47,31
19,63,38,-51,-30,39,-38,-35,0,33,43,43
27,70,46,-21,3,48,-49,-11,7,73,64,38
41,77,44,-37,-31,64,-39,-31,36,54,59,63
18,68,58,-41,-27,63,-39,-38,52,44,81,59
22,86,51,-59,-15,74,-45,-43,41,67,86,53
53,97,61,-67,-14,97,-55,-45,15,70,81,81
34,103,75,-64,-9,85,-67,-33,23,84,92,83
37,107,36,-99,1,112,-60,-38,19,80,109,79
45,111,65,-73,-39,108,-48,-46,48,75,108,76
58,137,75,-96,-19,120,-96,-65,24,83,132,121
61,140,76,-89,-22,126,-68,-93,23,108,108,83
52,133,91,-110,-38,107,-98,-66,49,111,125,103
73,157,115,-102,-17,122,-76,-69,42,108,137,92
72,163,108,-118,-39,130,-87,-68,51,115,131,121
65,154,132,-119,-4,128,-116,-62,37,148,165,128
60,162,114,-114,-31,149,-81,-43,71,119,149,124
68,158,123,-111,-13,148,-91,-93,90,153,172,133
93,188,124,-144,-39,168,-91,-83,60,136,204,148
78,205,127,-150,-37,167,-116,-84,46,133,170,139
69,225,147,-147,-35,165,-91,-90,43,157,199,148
58,191,119,-156,-16,158,-119,-81,64,140,189,144
83,236,142,-159,-49,186,-117,-89,71,181,192,163
83,225,162,-164,-54,208,-101,-93,72,181,222,151
79,235,161,-168,-35,179,-117,-96,67,198,230,179
74,245,152,-134,-38,201,-118,-87,47,171,221,166
93,245,144,-165,-23,193,-153,-116,71,179,207,181
82,246,169,-153,-23,212,-128,-114,68,169,205,168
74,256,172,-167,-35,206,-143,-98,70,177,215,183
62,260,161,-188,-28,207,-125,-98,94,210,229,171
75,245,170,-159,-43,217,-143,-115,68,193,242,169
84,250,171,-167,-34,191,-149,-84,87,186,213,173
88,233,147,-180,-32,201,-155,-116,69,207,218,192
89,258,155,-171,-39,213,-124,-96,73,194,226,162
89,233,165,-188,-52,192,-148,-107,64,185,213,167
57,234,159,-191,-25,181,-113,-91,79,191,210,156
96,243,147,-159,-31,200,-138,-107,100,171,225,171
87,243,141,-137,-40,187,-141,-87,74,169,208,170
91,230,143,-153,-47,187,-130,-82,53,170,192,157
79,208,153,-152,-37,193,-124,-93,39,156,196,165
82,228,140,-144,-29,167,-145,-77,52,155,190,154
58,196,141,-137,-42,166,-121,-86,73,165,189,143
56,190,140,-141,-24,175,-121,-74,65,147,161,140
62,172,115,-139,-18,164,-116,-72,45,133,157,138
58,196,113,-135,-34,131,-117,-61,75,155,162,126
44,176,93,-135,-37,122,-106,-63,54,121,141,121
83,161,110,-109,-19,134,-91,-69,60,138,136,133
53,167,108,-105,-35,123,-91,-75,25,111,144,106
68,172,98,-97,-31,136,-93,-65,26,125,121,91
76,141,74,-87,-35,119,-79,-50,51,107,118,102
39,131,62,-103,-14,106,-67,-74,29,103,125,107
55,104,73,-85,-11,87,-67,-69,32,105,108,94
38,95,84,-70,-18,83,-70,-34,8,82,86,90
40,107,64,-68,-49,86,-77,-57,42,83,98,64
18,108,47,-60,-7,83,-66,-54,14,66,94,68
26,93,47,-38,-24,58,-41,-21,25,61,54,61
59,69,56,-63,-4,70,-34,-23,37,63,74,45
22,77,44,-49,-13,67,-49,-31,26,58,65,52
39,56,35,-45,-19,51,-32,-20,22,70,62,51
25,85,52,-39,-15,43,-43,-35,29,32,62,26
18,65,49,-46,12,64,-19,-18,20,35,48,39
17,53,25,-27,1,22,-40,-8,-15,24,34,57
1,75,23,-26,-2,49,-24,-9,14,37,52,45
8,45,-1,-24,-5,34,-18,-4,6,36,22,23
2,32,26,-33,-17,24,-11,3,17,16,55,36
5,33,29,-16,-8,43,-29,-16,17,19,40,5
29,23,8,-49,-1,44,9,-30,3,31,29,14
9,36,18,-11,11,1,-4,-14,1,7,30,18
28,20,13,-1,0,16,-19,-11,-12,11,27,26
14,24,36,-17,-8,13,-2,-27,17,23,34,28
16,0,41,-12,-25,1,11,-2,4,23,12,10
1,18,17,-8,-4,22,-18,-14,12,-5,33,10
4,4,6,-9,13,31,11,-4,24,5,29,-6
-4,10,-17,-4,20,7,-14,-5,5,-11,14,0
32,-7,21,4,15,-10,3,-19,4,-10,-7,-14
19,-25,7,-14,10,2,-26,21,17,5,-4,7
-6,6,-19,5,-14,-14,6,3,17,1,-9,-20
1,-17,-8,14,-3,13,-8,15,-9,4,-7,0
20,2,-12,-15,-8,-8,-18,0,-2,-18,-12,-9
-28,-10,-22,13,10,3,1,11,9,3,-12,-22
-3,-10,-1,19,15,-28,8,5,-15,-8,-11,-16
-32,-26,-14,8,15,-3,-5,21,10,-1,5,-11
-7,-25,-11,31,0,-28,22,22,-9,-38,-17,-47
-12,-50,-44,30,5,-39,37,7,-10,-36,-22,-17
10,-56,-32,43,22,-66,35,44,8,-51,-55,-41
-11,-71,-22,38,-2,-41,33,39,-37,-40,-62,-47
-12,-78,-66,57,36,-66,18,41,-7,-57,-52,-47
-17,-71,-77,47,19,-98,58,58,-30,-71,-63,-62
-44,-96,-65,70,3,-83,57,28,-14,-86,-89,-73
-33,-120,-71,84,37,-110,86,47,-15,-86,-97,-100
-45,-144,-91,100,43,-130,88,49,-45,-121,-129,-111
-28,-156,-107,113,2,-133,91,44,-47,-111,-134,-123
-42,-184,-114,116,35,-124,98,72,-41,-124,-142,-111
-74,-162,-122,134,18,-132,98,83,-48,-122,-140,-127
-52,-173,-114,116,39,-141,81,75,-49,-109,-145,-128
-45,-162,-86,93,7,-131,116,74,-43,-108,-144,-111
-61,-151,-79,93,21,-123,83,37,-45,-120,-124,-100
-49,-101,-87,86,15,-81,62,52,-59,-88,-114,-77
-1,-72,-60,60,16,-61,38,27,-41,-56,-59,-70
-10,-28,-20,14,-12,-47,28,24,-7,-20,-41,1
-8,-5,25,-18,-13,14,-9,-8,-2,-3,26,-2
49,89,62,-51,-10,83,-41,-39,37,53,74,42
45,179,107,-101,-22,106,-75,-69,49,118,151,81
68,232,149,-129,-22,174,-130,-93,83,175,191,151
90,289,206,-214,-59,245,-152,-101,87,225,278,227
147,393,271,-291,-41,368,-208,-166,123,298,385,274
195,503,327,-353,-88,400,-305,-202,142,377,432,336
205,585,379,-383,-91,476,-312,-212,181,430,520,418
242,693,451,-452,-113,557,-376,-275,224,510,618,487
261,781,513,-553,-101,638,-433,-320,265,563,710,537
283,867,538,-580,-132,690,-489,-339,262,652,764,611
317,929,617,-635,-139,775,-528,-362,298,690,854,649
384,977,633,-668,-162,829,-529,-403,304,721,891,678
365,981,664,-707,-153,825,-568,-421,329,771,915,707
359,1033,694,-694,-143,839,-578,-418,314,771,908,728
361,1001,682,-678,-153,867,-548,-406,301,781,928,693
360,1018,655,-703,-156,834,-529,-380,273,744,881,709
327,926,593,-629,-121,776,-504,-365,284,710,851,643
303,872,580,-588,-136,727,-481,-354,270,671,793,618
272,806,522,-527,-118,649,-457,-329,221,584,725,567
241,702,455,-489,-102,573,-379,-309,208,515,620,488
222,608,374,-404,-92,492,-344,-247,172,432,541,419
193,479,316,-326,-65,390,-283,-202,150,402,438,339
125,404,251,-247,-50,341,-207,-165,117,295,325,276
99,270,197,-200,-33,254,-148,-111,93,222,249,197
51,193,129,-126,-23,162,-124,-66,67,127,187,147
36,70,55,-81,-14,78,-45,-72,38,87,94,75
-2,20,12,-12,-12,14,-15,10,-2,23,-12,13
-16,-74,-43,42,-13,-42,39,11,12,-34,-24,-46
-51,-123,-67,99,2,-93,73,37,-46,-81,-109,-80
-62,-158,-100,120,24,-150,109,59,-44,-124,-163,-114
-80,-202,-122,126,33,-187,101,75,-70,-149,-191,-147
-68,-214,-129,142,40,-187,115,79,-70,-168,-222,-142
-97,-250,-166,177,48,-208,141,90,-76,-190,-238,-185
-89,-262,-147,179,40,-197,146,93,-81,-192,-254,-184
-88,-270,-152,144,36,-238,110,92,-99,-189,-231,-162
-103,-236,-164,171,22,-218,137,91,-74,-173,-206,-196
-79,-247,-157,131,40,-169,125,98,-78,-177,-231,-179
-79,-223,-129,162,28,-193,123,60,-79,-154,-210,-144
-70,-203,-115,140,43,-176,95,103,-72,-136,-182,-144
-59,-154,-116,125,31,-152,93,52,-67,-129,-169,-117
-48,-138,-113,110,-5,-128,98,76,-43,-121,-153,-101
-45,-135,-97,95,47,-105,45,73,-69,-130,-151,-107
-43,-129,-62,70,-1,-102,72,47,-14,-92,-99,-62
-28,-113,-93,74,30,-86,49,41,-38,-73,-96,-73
-30,-91,-39,55,8,-83,51,19,-22,-68,-67,-63
-23,-70,-42,68,15,-55,16,32,-2,-46,-89,-40
-12,-44,-33,27,6,-52,30,42,-13,-38,-41,-28
-15,-48,-19,31,18,-31,30,10,-13,-43,-58,-19
-9,-32,-26,9,-10,-26,27,-8,-22,-33,1,-22
1,-37,-20,23,4,-3,18,4,-24,-12,-8,7
13,-17,-37,5,16,-27,16,21,11,1,-21,1
-6,7,-6,16,-15,-2,17,-10,-7,-13,-16,6
2,-5,10,-2,3,1,5,9,6,1,-7,11
-8,23,-13,7,-14,-12,19,26,-5,7,4,-2
-4,-21,-9,-1,12,-17,-17,16,-9,15,17,18
-9,-5,-15,7,5,-6,-8,-15,4,-17,17,13
2,-16,8,-8,2,-19,-6,-21,14,19,20,-9
-18,1,12,-2,-3,26,11,-16,26,7,30,6
12,31,2,-17,-25,-2,-5,1,13,11,19,-6
6,40,-5,-7,21,12,27,-2,3,25,19,7
-5,23,9,-27,7,0,2,-1,0,5,12,-7
-7,-13,-2,-20,2,0,-10,-16,20,25,13,12
-12,11,16,-28,-8,9,0,-22,18,-11,29,3
0,9,13,-13,-19,-10,-18,8,-6,24,-3,20
-1,44,-6,13,-13,19,-4,3,8,15,18,34
-6,48,4,-24,9,21,-2,-20,-4,45,11,24
3,31,10,-43,9,22,-11,-16,3,28,28,-2
15,31,6,-22,4,6,-28,-20,5,34,21,2
17,20,20,-18,-12,2,-15,-21,27,19,28,-10
22,48,20,-25,-4,28,-30,-25,-3,27,33,21
22,46,27,-38,0,12,-7,-10,17,48,45,11
27,32,20,-51,-17,61,-16,1,10,14,12,12
18,56,29,-38,-28,31,-26,1,36,46,33,59
21,51,32,-48,-16,26,-29,-28,32,38,60,25
-4,63,31,-18,4,50,-29,-28,36,46,50,29
19,51,30,-53,-30,37,-45,-49,5,47,33,43
29,73,47,-28,-11,54,-36,-44,16,44,52,49
22,51,58,-43,3,69,-31,-32,29,52,66,60
25,51,45,-50,-11,34,-32,-22,7,47,53,52
18,79,78,-27,-10,84,-36,-18,21,41,73,61
41,82,35,-49,-12,46,-62,-24,4,51,80,57
55,80,36,-49,-6,64,-61,-36,31,65,83,61
16,106,86,-61,-10,91,-69,-42,26,62,67,82
29,86,76,-90,-16,85,-40,-41,40,58,99,54
33,115,57,-75,2,92,-47,-71,44,83,95,67
56,92,65,-75,-18,116,-83,-57,36,74,120,74
46,101,92,-95,-5,112,-64,-55,36,100,111,76
48,124,93,-73,-9,101,-73,-66,29,85,112,97
67,91,71,-108,-22,103,-56,-75,24,93,119,104
49,143,93,-104,-26,120,-81,-49,48,100,130,93
53,148,94,-109,-23,123,-75,-60,41,101,113,70
54,146,103,-103,-35,146,-88,-68,50,109,155,102
58,159,97,-117,-18,129,-63,-79,42,112,146,110
50,148,114,-115,-19,117,-81,-64,51,110,129,97
54,165,113,-110,-17,160,-90,-82,29,141,170,102
75,166,105,-120,-28,144,-108,-84,44,124,147,141
74,195,133,-98,-18,143,-93,-60,66,132,173,119
63,187,119,-134,-21,169,-111,-79,36,122,170,144
80,190,96,-155,-25,182,-110,-84,70,141,185,142
74,241,145,-152,-38,203,-112,-97,61,168,193,161
76,212,135,-155,-25,171,-124,-85,62,151,217,170
67,241,175,-156,-40,172,-137,-115,87,169,210,142
79,244,165,-156,-29,199,-138,-92,65,189,217,177
76,235,142,-170,-31,209,-145,-92,84,187,221,182
64,238,178,-175,-23,222,-140,-108,69,198,235,185
95,273,159,-170,-51,231,-157,-105,60,198,229,197
94,296,166,-189,-39,223,-159,-92,95,215,236,194
105,285,188,-202,-46,218,-142,-104,102,227,252,184
91,278,204,-209,-61,239,-149,-110,83,210,276,212
116,316,172,-186,-37,261,-164,-119,87,246,270,200
96,304,208,-229,-61,268,-174,-154,102,232,273,217
140,310,202,-210,-68,255,-167,-115,94,229,295,220
126,324,220,-202,-48,275,-174,-139,104,255,301,214
119,334,246,-217,-34,287,-195,-115,109,254,297,240
129,347,241,-223,-39,285,-198,-164,88,271,330,263
127,354,225,-249,-32,298,-206,-148,117,250,309,250
99,380,240,-247,-57,291,-191,-136,90,272,337,250
135,356,222,-273,-67,311,-186,-145,120,275,325,260
121,380,235,-269,-51,315,-199,-148,128,297,346,282
130,398,240,-240,-71,301,-221,-154,103,280,342,257
149,372,265,-258,-40,327,-188,-169,117,289,365,257
133,411,259,-282,-44,307,-212,-152,102,276,337,265
138,387,252,-262,-72,331,-227,-164,101,327,367,255
134,419,262,-278,-54,336,-215,-147,141,289,353,291
143,395,251,-289,-81,350,-256,-163,114,284,356,285
149,427,265,-274,-54,329,-251,-154,120,309,382,281
137,422,253,-261,-60,338,-262,-151,129,307,375,294
139,440,285,-270,-80,341,-228,-154,124,295,394,304
156,419,276,-274,-49,348,-223,-160,122,301,377,290
149,421,268,-272,-35,345,-248,-166,119,311,381,289
133,409,276,-276,-74,350,-253,-182,125,329,384,301
149,437,268,-307,-78,359,-261,-161,134,332,367,273
152,438,263,-312,-74,341,-222,-159,142,323,391,295
160,422,278,-259,-60,346,-240,-184,113,318,396,294
129,428,281,-305,-44,353,-258,-170,144,328,390,301
151,427,270,-277,-67,360,-231,-159,112,315,390,284
151,422,275,-269,-86,348,-224,-166,127,329,385,304
151,443,276,-275,-76,349,-215,-167,144,351,367,290
172,426,261,-286,-72,343,-256,-150,106,302,367,287
136,402,279,-290,-61,372,-224,-160,120,308,369,293
124,429,255,-273,-44,341,-221,-167,128,304,368,279
151,418,266,-263,-66,334,-206,-158,128,322,360,287
135,405,267,-278,-59,321,-225,-160,118,306,368,277
130,406,255,-278,-70,340,-219,-163,110,309,373,277
141,400,237,-268,-55,356,-208,-148,125,292,345,266
145,391,256,-283,-52,306,-216,-169,128,292,343,290
119,394,267,-261,-53,317,-211,-148,111,286,352,257
124,375,260,-255,-49,329,-228,-181,99,264,341,253
134,366,234,-249,-44,294,-190,-153,98,300,337,251
137,361,269,-224,-70,287,-193,-140,118,282,327,281
110,356,215,-222,-59,310,-203,-127,109,262,301,228
135,344,243,-245,-50,285,-205,-145,119,258,309,259
145,330,201,-257,-46,286,-174,-142,93,257,305,250
119,337,210,-215,-51,271,-178,-112,90,264,282,229
111,330,209,-204,-55,280,-177,-147,101,214,314,228
107,315,182,-204,-50,276,-180,-125,65,231,289,252
125,312,205,-213,-74,259,-164,-122,84,232,278,224
93,279,194,-185,-38,243,-176,-111,76,239,273,209
94,284,181,-193,-54,245,-120,-97,75,221,266,199
85,291,173,-186,-57,230,-168,-116,92,205,265,196
107,263,184,-180,-54,218,-147,-105,83,212,244,180
111,283,162,-190,-37,218,-136,-125,66,203,250,187
87,246,175,-186,-34,215,-146,-109,99,199,227,189
96,253,176,-190,-50,194,-124,-83,83,199,230,172
85,246,167,-149,-38,187,-138,-89,61,195,221,183
78,242,153,-166,-44,181,-115,-101,70,165,211,169
66,201,156,-148,-42,190,-109,-106,63,179,220,139
79,199,131,-144,-43,174,-113,-88,48,135,187,149
79,188,115,-129,-32,146,-120,-80,75,150,214,157
64,212,123,-131,-29,160,-95,-79,77,147,176,138
63,181,131,-141,-40,169,-103,-73,43,143,157,145
61,180,134,-161,-21,133,-107,-67,59,114,177,107
62,156,120,-119,-29,137,-95,-50,57,121,155,111
44,148,98,-80,-22,141,-99,-78,38,106,160,116
52,141,100,-83,-31,133,-94,-65,42,123,148,117
64,163,93,-114,8,112,-80,-70,61,90,137,91
45,136,85,-91,-37,129,-57,-60,39,125,123,94
61,159,56,-90,-23,122,-87,-47,38,100,115,91
30,135,68,-109,-9,109,-50,-70,33,95,110,79
43,98,83,-82,-18,76,-49,-49,45,102,120,55
50,101,71,-58,-16,66,-63,-64,27,89,91,91
30,90,62,-72,-14,90,-33,-45,21,85,88,65
11,83,75,-73,-11,78,-74,-53,36,51,87,76
30,78,78,-42,-2,68,-57,-31,25,72,100,45
9,70,52,-76,-14,64,-42,-8,30,58,70,66
20,71,39,-56,-18,64,-24,-34,22,33,83,70
53,82,40,-48,-3,65,-57,-30,41,38,77,72
33,38,38,-56,-16,55,-42,-27,22,47,59,75
7,64,33,-73,-4,57,-39,-39,22,67,71,42
12,66,30,-31,-30,64,-8,-22,19,42,53,27
20,61,44,-38,-12,59,-43,-23,24,56,50,49
21,76,51,-47,-15,38,-25,-10,34,36,48,37
17,33,25,-15,-9,40,-48,-20,10,49,35,42
36,47,40,-26,7,14,-17,-20,42,36,36,62
21,31,8,-41,-1,47,-30,-11,3,39,30,24
18,27,23,-29,5,31,-3,-43,16,16,28,50
1,43,25,-44,-11,37,-14,-18,10,39,44,16
21,33,21,-23,-1,33,-4,9,19,14,48,6
5,24,-9,-27,-10,29,-27,-14,3,35,13,15
16,33,8,-22,7,34,-4,-18,9,17,24,24
12,30,8,-9,4,31,-6,-32,11,19,34,34
4,8,11,-26,-15,19,-30,-10,15,11,33,21
14,23,11,-8,10,6,-25,-7,5,15,14,26
-27,22,6,-32,-9,19,-11,-1,8,0,23,19
-23,26,38,-25,-23,11,1,-29,0,22,14,34
3,17,1,1,17,-2,-27,-30,-15,34,-2,7
-5,24,5,-12,-3,1,-21,-17,-10,1,6,9
9,-17,18,-20,-1,-1,-9,-2,17,11,13,12
14,30,18,3,1,18,-21,14,19,12,11,16
20,2,-11,-16,2,10,27,-21,-4,24,13,-5
-16,6,-5,-13,15,-3,-4,-4,8,34,28,6
-16,13,4,-5,16,-4,2,-20,14,23,18,24
5,2,17,-10,9,2,-23,5,10,9,19,10
4,0,8,-4,-12,-14,-5,-5,17,-3,15,20
-4,-14,5,6,12,-7,-19,-4,25,1,22,20
-6,13,29,-12,-1,17,-34,-8,6,20,28,1
-3,14,3,-5,-5,-6,-19,-15,-1,6,14,10
-20,6,-8,-6,-10,7,-24,-19,17,11,21,4
10,27,38,0,2,11,-7,-11,-10,28,-2,43
4,23,-9,-14,-2,-2,-4,-10,15,12,25,16
4,18,-9,0,18,21,7,12,21,-15,17,18
4,20,17,7,-11,-2,-21,0,15,14,20,11
9,24,8,-22,-2,18,-6,-3,-11,-15,0,1
-2,22,24,-17,-17,30,-3,9,17,0,12,0
17,4,10,-6,11,0,-28,-2,-21,30,5,9
0,9,-11,-13,-20,22,-10,-12,-2,5,-2,21
4,7,1,-10,10,12,-3,-3,6,-5,25,32
15,16,13,-3,17,8,12,8,-8,-8,22,-13
8,13,6,-32,-15,-7,-27,-15,16,-6,1,-8
-11,23,4,1,-2,-1,-12,-17,39,9,24,5
1,38,1,-20,-12,-13,-15,-30,4,3,9,1
-1,-2,7,-18,3,0,-12,-7,4,33,46,-6
-9,5,10,-17,-16,10,0,-15,7,16,18,9
1,27,10,-13,-25,9,-28,-11,32,11,3,30
-4,11,15,3,-6,3,-4,-21,7,-5,32,4
11,30,17,-11,-1,9,4,7,6,23,25,14
-2,16,14,-17,-15,3,-19,-16,-6,34,28,-24
-15,28,18,-8,8,5,-34,-5,7,-17,31,22
-4,-1,6,-25,-1,11,-26,1,7,8,29,5
6,31,11,-11,-7,23,0,2,11,-10,10,21
20,23,29,8,-7,17,-28,-3,30,16,13,4
-9,26,0,-10,-10,25,-7,-9,18,21,16,12
-12,18,16,-9,-23,26,-6,1,0,24,-3,16
-3,4,7,-28,-16,18,9,-15,-8,34,-4,7
-5,31,20,-25,2,31,-23,-19,-3,14,9,-1
5,11,20,-19,-17,17,9,-26,-9,20,4,26
5,27,9,-29,1,26,-28,-10,4,5,9,18
9,9,17,-11,19,13,-20,2,3,19,32,-1
11,26,10,10,-9,9,-10,-1,-11,-3,-5,1
11,17,3,-15,5,15,3,-20,4,29,31,21
-11,7,31,1,4,26,-28,-17,0,15,35,11
11,27,1,-25,-7,18,-28,1,24,3,39,21
-7,29,8,-38,19,23,-32,-12,-4,22,12,-9
15,4,26,-29,-11,15,10,-29,-13,33,24,30
10,27,10,-21,4,32,-15,6,22,-3,15,19
8,17,21,-27,5,24,-19,2,5,24,14,17
6,18,7,-13,-13,28,-1,0,7,-2,19,6
12,25,6,-19,3,19,-40,-8,21,18,32,8
17,12,19,-20,-13,24,2,9,11,28,5,16
3,44,1,-16,-1,-12,-2,-20,-7,35,24,11
24,5,38,-25,6,45,-19,8,5,23,2,12
25,24,7,-9,1,0,-16,-23,2,18,22,25
5,26,8,-12,-4,30,9,-14,22,-3,35,19
13,37,18,-15,4,13,-11,-21,29,16,28,19
5,32,41,-28,-9,17,-18,1,-27,10,38,16
-2,41,18,-23,4,4,-26,-18,3,4,21,16
15,23,-13,-10,-4,28,-11,-23,-4,13,20,28
7,29,35,-5,8,32,-12,-6,11,18,40,21
23,33,23,-15,-1,26,-34,-52,10,26,35,9
5,31,11,0,2,25,-29,-7,10,9,16,16
24,34,19,-27,20,8,-19,-1,2,32,25,32
25,32,33,-20,0,20,-27,-7,29,34,23,6
13,24,32,-24,-33,9,-20,-8,-17,16,36,-4
32,17,33,-20,-12,20,6,-15,-6,16,24,43
16,20,18,-26,-20,30,-1,-3,0,21,26,23
12,36,24,-29,-7,12,-26,-20,31,14,20,30
34,39,31,-16,-7,12,-44,-9,3,24,26,18
18,31,14,-13,-14,19,-16,-12,5,26,14,15
20,35,0,-13,-3,27,-18,-19,16,27,18,12
28,17,31,-5,3,22,-29,-9,0,37,26,23
30,18,12,-31,0,15,-22,-21,0,30,35,32
18,37,21,-31,-4,17,-13,-23,18,21,19,24
-7,11,12,-26,5,7,-25,0,-3,23,29,28
18,26,1,-14,1,10,-11,1,0,11,23,37
14,42,12,-33,11,33,-16,-14,19,14,18,27
13,42,15,-5,-4,23,-23,-8,15,32,8,9
10,25,24,-23,-42,20,-16,-35,3,14,33,12
16,34,16,-37,-4,17,-15,-12,-3,34,34,3
2,42,25,-11,-10,30,-1,-29,16,31,39,23
27,54,5,-35,5,20,-9,-1,7,33,38,4
-24,27,20,-1,-5,38,-46,-6,6,5,41,16
49,12,17,-25,-1,20,-24,-10,28,16,18,17
11,46,25,-8,2,36,-9,-14,7,12,31,-10
4,40,29,-19,6,29,-21,-9,3,31,37,19
13,43,45,-28,-18,24,-30,-41,-7,18,41,37
1,39,26,-20,-17,36,-17,-25,8,17,37,2
9,46,23,-5,-6,33,-17,-5,-5,20,42,49
9,45,14,-23,-21,31,-21,-15,18,33,38,26
5,60,31,-67,-9,34,-5,-25,11,18,54,26
22,49,42,-32,-18,31,-28,-31,14,54,46,14
15,18,45,-30,-27,24,-32,-12,2,52,26,9
8,27,21,-50,-25,34,-19,-26,-5,35,52,31
35,59,25,-29,-5,53,-31,-22,14,37,38,19
22,49,28,-34,3,30,-14,-53,13,47,55,30
7,51,17,-27,-8,53,-29,-19,31,38,42,15
13,59,44,-34,0,41,-35,-21,21,43,50,34
44,45,38,-47,-30,60,-20,-14,21,61,61,41
16,60,34,-61,-6,52,-23,-23,28,49,80,48
41,87,51,-58,-16,44,-46,-46,10,71,65,45
27,93,68,-59,-3,78,-29,-18,32,35,64,72
42,76,51,-50,-19,70,-38,-30,15,73,91,39
5,84,51,-60,-13,71,-72,-18,28,50,75,84
50,101,83,-68,0,80,-27,-38,22,81,72,57
23,91,50,-80,-27,64,-59,-13,-4,62,87,85
26,90,87,-69,-22,105,-69,-51,21,69,72,62
37,120,70,-74,-13,89,-56,-27,22,103,85,58
52,117,72,-97,-4,79,-75,-54,41,62,80,86
55,126,85,-85,-21,98,-60,-66,32,80,107,87
57,117,96,-94,-15,109,-46,-41,36,103,115,102
52,129,89,-81,-6,84,-62,-44,55,100,113,83
33,148,91,-87,-26,118,-66,-52,57,117,131,99
71,146,92,-100,-9,123,-71,-41,58,103,128,99
67,160,87,-96,-3,128,-110,-66,45,142,137,122
54,137,100,-115,-13,141,-89,-65,45,122,139,115
62,199,112,-121,-15,154,-95,-59,78,137,157,122
72,181,100,-142,-19,140,-91,-83,38,148,170,139
54,192,139,-129,-26,139,-95,-79,52,154,180,141
58,214,133,-135,-35,170,-118,-91,60,149,177,172
60,226,160,-141,-35,165,-130,-91,73,139,172,130
76,200,143,-145,-38,214,-128,-71,69,149,197,135
73,204,148,-149,-10,202,-135,-81,69,167,192,156
91,221,147,-129,-34,177,-124,-105,70,183,211,163
84,252,169,-185,-55,220,-141,-114,62,162,215,165
86,259,154,-168,-37,196,-127,-118,69,208,224,160
90,251,157,-180,-21,208,-134,-98,92,193,209,184
114,278,166,-185,-36,223,-150,-112,81,195,240,193
83,287,180,-178,-39,221,-141,-85,67,201,241,183
74,292,181,-177,-34,228,-150,-116,61,215,272,202
94,273,202,-189,-52,225,-155,-116,67,205,264,195
78,299,188,-206,-47,228,-157,-108,72,191,300,201
114,294,197,-204,-64,245,-183,-112,91,232,237,193
101,293,195,-194,-37,227,-169,-130,79,213,261,218
111,283,190,-215,-31,233,-160,-123,81,227,272,211
87,305,181,-184,-65,254,-161,-112,76,215,271,200
96,282,196,-179,-74,227,-170,-127,86,205,253,213
94,311,228,-204,-32,241,-161,-112,98,236,263,233
125,297,209,-209,-69,243,-153,-117,97,229,278,215
94,297,191,-195,-47,217,-156,-122,83,220,291,214
95,294,193,-207,-9,262,-174,-131,101,207,266,217
102,275,186,-195,-47,252,-163,-135,114,212,236,208
93,295,203,-198,-38,230,-142,-105,94,210,266,199
104,283,191,-197,-26,246,-152,-108,78,202,247,181
95,290,172,-176,-33,223,-156,-111,76,212,249,207
93,274,178,-194,-57,221,-179,-107,88,206,270,178
101,267,184,-192,-30,211,-138,-128,81,189,251,192
83,255,156,-176,-38,236,-142,-103,78,203,240,181
100,241,170,-185,-59,199,-130,-90,73,177,233,186
70,240,151,-146,-46,202,-120,-86,86,185,204,190
93,246,159,-161,-41,185,-120,-98,87,160,230,167
97,221,148,-149,-35,186,-132,-76,66,165,205,189
72,220,145,-154,-29,171,-90,-127,45,149,208,159
65,209,160,-132,-11,172,-107,-91,64,151,179,160
62,196,152,-135,1,135,-102,-96,47,143,179,154
66,185,118,-114,-48,152,-95,-90,72,132,167,127
61,154,109,-132,-48,157,-88,-62,49,143,177,117
81,162,126,-133,-24,134,-99,-88,42,154,152,123
48,176,103,-116,0,134,-84,-83,39,122,146,134
68,159,106,-97,-21,117,-91,-88,48,121,156,113
62,148,84,-111,-17,126,-76,-73,34,126,124,96
52,149,74,-101,-10,92,-83,-78,52,98,140,103
46,140,87,-96,-5,111,-81,-36,51,95,131,92
46,154,69,-71,-8,122,-78,-50,29,78,111,86
77,129,76,-83,-19,116,-45,-63,43,92,92,77
5,115,62,-54,-31,84,-46,-29,33,62,85,86
39,96,78,-65,-3,95,-52,-60,38,98,95,66
58,96,55,-87,-13,88,-74,-41,37,49,95,93
32,94,48,-62,-6,65,-40,-40,38,60,105,62
34,93,70,-73,-34,69,-43,-28,18,66,85,68
42,85,75,-62,-19,57,-47,-32,44,50,54,52
26,73,29,-51,-23,69,-37,-29,42,77,89,58
35,63,45,-59,-13,76,-60,-16,9,71,53,69
31,95,55,-37,-18,48,-46,-17,18,38,55,50
9,65,40,-34,4,54,-29,-46,23,44,60,52
29,46,19,-53,-2,52,-38,-29,17,44,49,23
29,66,33,-52,3,48,-24,-5,36,47,58,44
22,56,33,-53,-5,58,-31,-12,-8,46,35,16
-1,77,15,-38,22,46,-36,-21,25,21,59,50
28,61,36,-35,11,44,-20,-26,22,24,66,26
23,50,14,-29,-10,40,-31,-6,27,66,61,33
18,35,30,-31,-9,51,-39,-2,16,34,17,40
13,43,39,-28,-6,47,-16,-32,20,37,30,26
-5,43,31,-49,-2,36,-27,-9,26,29,28,23
-7,54,25,-17,2,12,-10,-34,9,37,28,30
26,35,33,-14,19,33,-12,-19,32,19,14,8
22,34,38,-25,-8,25,-21,-36,4,23,-5,14
13,-1,12,-16,8,0,15,12,8,25,0,29
-11,13,4,-4,4,22,6,-19,5,16,5,34
20,-12,1,12,-2,5,8,-10,-6,16,14,16
-1,-14,6,7,-8,23,-9,9,7,-12,-6,-3
-7,1,-13,20,-18,-21,9,9,6,12,-3,-6
0,-13,-27,6,-7,-16,40,13,-18,-16,-28,-13
6,-45,-29,32,-13,-41,15,10,-21,-34,-8,-33
-34,-52,-38,43,-6,-74,4,16,-13,-50,-36,-24
-35,-61,-23,42,0,-46,27,20,-29,-43,-53,-47
-12,-70,-45,65,21,-37,26,33,-21,-54,-71,-54
-28,-80,-45,59,-3,-68,44,37,-37,-77,-80,-44
-42,-115,-69,72,0,-90,37,40,-56,-89,-102,-76
-44,-119,-64,96,24,-102,81,49,-17,-97,-106,-103
-52,-127,-84,85,20,-106,71,32,-48,-98,-122,-73
-49,-121,-85,77,15,-104,60,70,-49,-98,-99,-75
-31,-130,-94,83,17,-104,58,28,-51,-91,-115,-94
-38,-132,-68,77,35,-88,57,63,-43,-99,-100,-62
-30,-108,-87,84,18,-71,66,42,-44,-58,-112,-62
-15,-78,-40,40,-6,-41,33,5,-26,-28,-32,-45
-24,-26,-1,11,-13,-26,12,-7,13,-25,-13,-28
6,25,18,-21,-7,-1,-26,-5,-2,20,24,13
29,85,62,-48,-11,68,-72,-29,28,73,68,47
53,146,104,-110,-17,119,-87,-68,47,118,145,114
93,221,151,-154,-23,194,-102,-96,60,173,213,139
95,302,190,-221,-27,256,-174,-118,88,233,265,224
148,397,253,-291,-45,329,-204,-148,119,288,362,281
175,493,319,-334,-75,416,-262,-198,142,366,417,344
222,577,367,-378,-76,484,-312,-228,169,424,519,404
214,668,434,-479,-98,560,-387,-256,191,506,601,490
253,779,494,-539,-112,652,-427,-311,225,597,696,536
305,859,567,-582,-107,707,-472,-347,268,645,774,608
338,946,608,-669,-138,789,-496,-378,277,685,853,663
357,984,673,-695,-141,835,-551,-410,305,757,909,708
359,1045,696,-721,-149,886,-578,-419,322,788,954,743
377,1060,698,-735,-150,873,-586,-419,325,794,949,747
369,1091,702,-752,-168,886,-587,-447,333,821,975,760
389,1049,685,-714,-166,908,-591,-422,321,784,951,735
369,1010,675,-683,-152,853,-580,-384,305,763,911,706
339,952,629,-671,-157,810,-542,-377,321,728,877,662
316,877,602,-607,-150,740,-495,-350,271,682,811,630
296,815,504,-561,-132,661,-448,-329,227,609,729,563
275,695,468,-477,-115,579,-392,-275,203,521,645,500
192,608,409,-401,-75,506,-345,-241,172,465,573,418
168,517,332,-344,-65,418,-274,-214,161,358,452,377
129,371,268,-259,-53,355,-224,-141,128,294,360,264
87,286,203,-205,-51,246,-166,-126,96,237,242,205
67,189,126,-129,-38,160,-116,-95,58,133,185,164
18,96,79,-84,-33,94,-48,-47,22,86,91,74
-2,22,42,7,0,32,-10,-22,-8,8,41,29
-23,-48,-16,33,22,-23,35,20,-25,-42,-27,0
-56,-89,-74,65,2,-76,62,35,-37,-58,-78,-84
-57,-162,-72,116,23,-108,63,20,-36,-95,-141,-103
-59,-174,-106,131,23,-161,106,78,-49,-114,-154,-119
-69,-199,-121,134,34,-156,130,75,-57,-158,-174,-112
-84,-232,-131,167,29,-171,120,112,-61,-157,-189,-144
-72,-239,-146,143,50,-164,123,98,-66,-173,-205,-159
-58,-206,-143,167,31,-169,139,83,-62,-165,-187,-161
-65,-210,-137,127,51,-183,102,74,-59,-159,-193,-135
-66,-208,-130,136,46,-148,108,96,-67,-148,-196,-166
-58,-169,-132,124,28,-163,86,79,-60,-139,-166,-124
-41,-165,-98,104,17,-137,93,71,-36,-126,-133,-116
-56,-121,-98,103,14,-116,63,46,-52,-115,-129,-106
-28,-110,-101,58,9,-108,61,54,-38,-103,-104,-86
-43,-118,-68,77,-3,-68,69,48,-30,-84,-78,-55
-36,-96,-60,47,9,-64,71,35,-27,-51,-91,-45
-7,-66,-40,36,27,-61,41,16,-27,-28,-64,-56
-9,-30,-24,14,-1,-39,22,10,-1,-4,-35,-25
10,-61,-29,18,6,-28,17,14,-18,-49,-22,-31
-6,-20,6,27,7,-2,3,-12,7,-13,-18,-12
4,-21,24,0,9,10,0,8,-13,5,-11,-16
-3,6,-2,5,1,-16,13,5,-11,-5,-6,16
15,9,27,-5,-13,-1,-7,-1,9,18,38,4
0,32,16,-15,22,20,-4,-13,13,7,10,5
-2,29,20,-26,-5,25,-18,-2,23,39,31,29
-3,33,28,12,-2,24,-20,-32,1,42,46,30
28,43,20,-31,-9,17,-28,-22,14,21,9,11
14,39,7,-25,9,20,-37,-27,1,1,23,23
8,28,13,-19,14,35,-20,-18,9,39,36,21
6,32,34,-36,4,31,-20,14,21,20,42,19
-10,35,25,-28,-17,46,-32,-17,-2,31,52,38
16,64,50,-35,-31,42,-10,-12,29,21,21,8
25,30,17,-27,-24,50,-36,-6,19,38,51,44
13,32,27,-35,-8,45,-32,-22,4,30,57,48
13,42,42,-36,0,39,-24,-39,25,40,28,64
26,57,25,-34,-31,39,-43,-10,15,49,34,43
11,73,27,-39,-23,38,-8,-13,7,30,42,55
-7,43,33,-57,-3,57,-44,-18,24,33,32,35
12,47,53,-49,-21,53,-23,-41,44,31,66,50
39,33,31,-42,-1,55,-36,-25,19,46,75,53
35,62,36,-29,4,41,-33,7,26,31,50,36
6,62,27,-37,-21,56,-41,-7,15,38,61,47
43,69,43,-60,-19,34,-38,-6,15,50,53,35
25,52,65,-42,5,38,-21,-32,32,36,75,43
6,72,47,-44,-23,55,-29,-28,23,63,65,19
15,66,24,-48,-9,69,-27,-31,38,35,42,77
46,70,56,-35,-5,79,-22,-23,23,52,78,51
49,62,53,-51,-22,64,-57,-26,17,53,86,31
36,89,58,-59,10,95,-32,-28,15,62,70,66
36,92,83,-70,2,92,-59,-29,29,49,78,52
32,72,59,-52,-10,82,-54,-47,10,51,90,66
28,112,58,-69,-7,85,-34,-64,39,71,90,76
40,85,85,-55,-38,90,-58,-42,10,82,89,77
24,103,58,-58,-24,83,-54,-31,42,76,122,81
21,86,49,-71,-23,92,-59,-47,32,80,74,90
5,136,85,-90,-29,85,-66,-49,24,80,120,87
34,132,90,-82,1,94,-75,-56,39,80,108,55
34,133,70,-79,-19,92,-83,-53,32,126,120,81
20,113,71,-91,-35,101,-64,-58,40,103,122,110
55,133,91,-95,-26,103,-86,-70,41,116,105,115
41,147,91,-106,-16,120,-104,-71,52,100,126,86
66,152,105,-87,-9,142,-88,-73,64,130,122,103
62,169,102,-106,-7,154,-81,-68,58,129,159,130
60,181,122,-115,-49,136,-86,-79,31,107,123,147
65,162,98,-109,-36,126,-90,-47,38,133,159,118
91,197,123,-109,-16,144,-113,-72,63,134,164,109
70,196,122,-139,-37,155,-102,-66,65,136,148,151
77,188,144,-133,-11,161,-102,-81,64,123,178,122
61,186,134,-158,-14,167,-101,-75,62,154,181,123
61,219,120,-153,-46,173,-124,-95,70,148,181,134
76,199,150,-149,-46,172,-128,-70,75,173,182,141
72,221,129,-169,-52,189,-111,-94,34,181,219,171
59,247,160,-134,-29,186,-133,-88,59,171,201,161
78,254,167,-163,-48,200,-135,-94,77,183,224,186
101,250,175,-170,-52,210,-140,-77,65,207,240,172
66,269,148,-189,-23,227,-147,-107,86,195,230,180
93,262,188,-175,-50,230,-153,-101,74,179,216,186
85,262,175,-174,-16,234,-148,-109,66,214,246,201
98,259,178,-175,-44,216,-140,-115,80,218,250,203
92,285,181,-195,-53,245,-157,-141,70,225,276,222
107,301,194,-184,-16,240,-184,-127,81,207,278,223
89,318,218,-207,-45,257,-178,-114,96,231,269,223
99,339,217,-218,-50,254,-160,-129,88,232,278,235
122,342,211,-248,-56,275,-186,-116,106,247,298,239
119,322,229,-230,-57,272,-206,-140,97,213,304,235
125,367,234,-222,-68,308,-207,-139,110,278,306,229
144,384,244,-243,-60,293,-218,-145,100,287,316,256
119,350,230,-256,-32,300,-197,-130,116,267,334,238
134,379,242,-250,-61,310,-194,-151,124,286,340,283
150,362,255,-244,-49,310,-209,-152,104,290,342,266
131,378,254,-268,-42,318,-200,-148,131,298,345,249
128,385,241,-283,-72,339,-202,-136,106,279,360,284
130,381,255,-283,-58,332,-223,-175,118,297,335,299
150,416,266,-266,-71,319,-216,-162,123,324,388,301
144,407,279,-282,-40,326,-221,-159,132,274,374,290
157,410,263,-274,-65,335,-254,-171,115,312,388,290
139,433,274,-303,-57,344,-245,-174,138,318,354,298
140,420,281,-299,-66,341,-230,-188,124,334,400,309
170,447,288,-293,-71,347,-213,-159,139,317,365,285
154,436,289,-292,-62,368,-248,-203,120,322,383,295
142,454,276,-295,-59,331,-243,-186,130,337,409,296
180,431,293,-311,-58,347,-258,-185,126,312,402,313
154,436,294,-315,-59,379,-250,-186,135,341,417,317
138,452,273,-302,-81,351,-239,-169,120,324,398,318
152,438,276,-299,-81,360,-233,-177,108,335,401,319
147,443,284,-300,-71,379,-241,-180,111,346,398,324
169,431,291,-294,-61,357,-245,-171,120,334,403,316
160,449,285,-316,-69,354,-233,-159,138,336,408,313
160,425,283,-297,-65,389,-245,-162,150,320,423,322
157,446,292,-298,-59,361,-246,-168,120,322,394,334
152,448,295,-296,-62,375,-237,-179,132,330,390,296
164,447,286,-318,-69,385,-223,-181,128,323,391,304
154,440,307,-290,-51,366,-238,-172,119,323,410,319
147,446,283,-297,-67,353,-246,-154,136,341,392,295
160,415,272,-298,-62,372,-237,-178,129,334,402,289
144,421,281,-296,-42,339,-239,-169,135,322,380,296
149,428,286,-291,-52,339,-243,-159,118,298,369,312
157,406,247,-281,-77,353,-213,-166,108,297,377,298
135,419,255,-273,-75,329,-222,-158,134,320,365,269
136,402,280,-271,-54,337,-214,-176,125,300,345,285
122,379,219,-297,-74,343,-222,-137,120,310,334,290
125,375,240,-277,-59,309,-212,-156,116,306,336,279
135,380,249,-261,-51,318,-207,-148,104,287,344,256
130,396,239,-271,-35,301,-186,-156,106,274,348,249
138,361,245,-253,-39,294,-196,-162,122,286,318,259
130,352,240,-264,-60,302,-223,-172,109,247,340,273
124,347,212,-229,-41,280,-204,-123,98,247,313,243
95,341,235,-234,-67,278,-169,-133,117,255,304,226
117,325,211,-220,-70,269,-184,-138,105,230,296,225
115,358,207,-230,-47,250,-177,-117,90,243,281,219
117,329,203,-202,-40,269,-169,-105,101,226,279,204
93,335,201,-236,-27,240,-148,-109,100,215,277,223
110,298,184,-222,-27,236,-148,-121,104,216,281,193
106,299,201,-211,-72,232,-157,-127,81,201,254,207
110,258,179,-194,-47,217,-169,-103,92,229,256,217
123,262,193,-180,-31,243,-173,-117,86,212,241,196
103,245,159,-168,-38,208,-139,-112,68,203,228,197
104,234,178,-180,-31,211,-135,-109,85,197,219,171
93,247,154,-161,-37,185,-142,-98,75,171,226,169
70,244,163,-167,-41,182,-127,-94,72,184,221,195
91,247,135,-154,-43,180,-108,-87,87,163,189,158
81,200,147,-147,-37,175,-122,-72,42,165,201,147
74,205,153,-126,-16,171,-128,-84,75,143,205,161
74,203,134,-124,-39,179,-133,-83,76,154,172,141
77,201,118,-127,-47,155,-99,-68,46,160,164,134
65,156,141,-119,-30,152,-100,-75,48,150,175,138
76,169,112,-118,-20,143,-95,-76,61,115,145,117
58,160,117,-108,-2,136,-91,-54,68,118,148,118
60,141,110,-116,-41,140,-62,-62,25,131,141,117
60,155,84,-101,-8,92,-86,-95,46,106,142,121
40,122,96,-89,-19,106,-94,-76,52,105,139,101
35,127,95,-103,1,104,-70,-46,28,88,120,105
37,128,85,-69,-40,127,-64,-48,54,101,96,97
61,124,70,-79,-34,95,-71,-30,42,70,104,89
37,117,69,-90,-13,102,-69,-52,11,112,101,99
30,123,74,-66,-33,87,-59,-49,26,55,106,67
58,102,61,-61,-13,72,-52,-40,45,73,92,60
27,103,60,-62,-33,89,-42,-43,38,67,94,68
43,89,73,-58,-7,61,-43,-27,34,75,98,54
20,79,64,-34,-22,50,-52,-52,18,81,62,55
38,79,43,-61,-1,62,-25,-37,65,54,62,45
31,88,44,-48,-20,67,-30,-28,14,76,79,33
27,65,30,-48,-25,64,-38,-23,11,73,56,36
28,75,26,-49,-2,79,-46,-28,10,36,52,37
36,78,39,-78,-7,47,-37,-34,11,69,54,35
44,61,28,-45,-16,47,-37,-16,6,66,50,32
6,60,16,-35,-15,35,2,-31,16,33,34,30
20,40,28,-16,-20,37,-7,-27,1,42,46,26
25,48,15,-41,6,55,-10,-18,21,33,59,36
22,36,17,-22,-6,25,-27,-25,40,14,48,25
22,38,22,-35,9,44,-3,-26,11,27,15,25
36,42,23,-20,-11,39,-8,-24,19,43,14,46
-2,38,30,-40,0,14,-31,-11,-1,36,15,-8
18,7,26,-1,-5,33,6,2,-11,23,14,20
-3,39,22,-22,-1,9,-2,3,1,29,46,14
17,15,5,-4,-25,24,-11,-4,30,31,30,25
3,10,4,-3,-28,14,-6,-10,16,13,29,13
-4,32,5,-8,-15,18,0,-16,15,5,-2,24
6,38,14,-10,-8,45,-4,2,0,-5,25,17
-4,5,-9,-10,-4,-3,-22,-19,10,13,18,22
-7,0,15,-21,1,15,-13,7,-19,15,10,2
13,11,3,-21,-5,8,14,13,-2,12,8,21
-11,14,-19,11,-3,20,1,8,-7,16,17,25
0,7,7,7,20,21,-31,13,-12,0,15,14
21,20,-9,-12,5,4,-4,-17,-9,14,5,-17
-14,9,6,-7,11,14,-7,-4,1,11,12,13
-8,22,-18,-12,-15,10,-32,-5,14,3,-12,12
0,-1,15,-18,3,-17,19,9,5,-2,22,-16
-7,-7,9,22,-24,-2,-1,-10,-3,-4,-3,26
-26,35,11,-11,-14,5,-4,-4,3,8,1,-5
13,-4,1,-10,10,-1,-15,-15,3,-1,1,29
6,10,7,-11,1,17,13,-7,-4,7,29,19
-1,-5,8,-10,-13,-1,-20,-11,-2,14,15,12
-10,12,15,-7,17,6,-19,1,6,-8,21,10
-3,-9,-16,0,23,-13,-12,-7,8,14,4,-1
6,-5,8,-1,-18,15,-19,13,16,-2,-15,7
4,3,-1,16,-19,13,-16,-12,18,10,11,12
-3,13,17,12,13,1,-13,16,0,12,-17,3
1,17,-10,-8,-29,16,-13,-2,-17,9,17,5
25,11,-1,-6,-2,2,-13,14,1,-7,17,20
-11,8,2,3,-5,9,21,-17,-3,8,29,24
2,2,16,-12,35,6,3,-3,7,1,14,-1
0,5,2,-16,-4,0,-4,12,-3,-15,6,8
0,12,11,7,17,1,-34,-6,-15,16,20,-17
6,-5,1,1,-7,-1,-13,-11,6,16,9,25
-7,13,19,0,-1,-2,8,-18,0,-2,22,-14
1,24,-5,-15,-19,12,1,-5,-24,2,6,2
-8,16,9,9,-7,-5,-11,0,14,-20,-8,2
-6,10,-18,3,-14,33,-3,7,-15,13,18,11
-7,9,15,-8,6,26,9,-15,20,7,1,-3
15,22,34,-15,-6,-20,4,-7,3,18,23,-10
24,14,-4,3,-12,-5,-5,-21,10,-7,17,15
37,33,3,-41,5,11,-20,-9,-10,-2,-9,16
-5,-13,0,7,-17,4,1,-6,-30,-9,8,6
20,-6,3,-18,-17,11,15,5,15,-13,-10,11
11,11,4,-12,-1,17,8,-1,7,-4,4,-5
16,35,14,-6,5,0,-26,-6,11,-12,13,13
-11,22,14,-28,-4,11,0,-6,20,8,-7,2
-8,22,6,-17,-10,24,-9,10,-21,47,-3,20
1,3,2,-13,-9,22,-6,-6,4,2,16,-23
-6,1,10,-5,-25,-10,-8,2,-8,23,12,2
-7,10,-7,-1,2,11,-21,-10,15,5,1,7
24,20,-10,-31,2,-15,-11,14,16,7,15,0
10,3,56,22,4,0,-8,-33,-3,5,7,37
4,-2,-3,4,-5,11,-13,-19,8,-5,7,10
4,17,9,12,-19,10,3,-29,0,2,-13,-2
-3,30,1,-12,-4,30,3,-8,-17,24,10,10
-6,6,-4,13,-20,45,-31,13,12,0,-8,7
-6,13,23,-20,3,30,-1,9,10,5,-3,6
15,16,1,24,-6,37,-17,-4,10,22,-12,14
-5,11,20,-17,10,3,15,-15,1,12,6,26
1,33,32,-12,6,18,-10,-15,-2,-27,16,1
4,3,-7,3,-8,5,-1,-7,14,29,11,1
-1,9,16,-17,-12,17,-10,3,20,4,-3,16
-16,14,-12,-4,-6,-2,15,3,0,21,-2,-2
12,17,2,-5,-10,-16,0,-26,4,20,5,14
4,11,1,1,1,-1,-5,3,14,1,5,6
16,0,22,3,-7,0,-34,-19,2,10,17,19
10,36,28,4,-6,9,-20,-20,17,10,36,22
-11,5,23,-6,-33,9,-7,-9,-20,4,-17,34
-6,19,18,-17,-27,20,-19,12,10,18,20,4
-3,2,15,-30,6,14,-13,5,8,-6,12,9
27,6,-14,4,-11,3,-2,0,3,-1,27,-4
15,15,8,-8,9,6,0,-6,-15,12,-16,17
-11,20,24,-20,-9,-2,-13,-8,-9,-1,22,-6
-5,-24,13,14,-12,35,-3,-19,4,-2,12,-7
3,6,10,0,-13,24,-2,-12,6,-6,7,9
-18,23,25,9,9,-7,-2,-14,-1,9,27,-11
-13,29,24,2,6,-10,1,-9,4,19,22,18
22,-2,21,-35,16,-3,-14,-18,3,-4,-7,22
3,19,4,-15,0,11,5,-6,-6,35,7,8
4,3,-4,4,-7,25,-9,-1,21,3,17,18
-7,31,8,-11,3,-5,2,-33,13,24,-18,-1
-22,5,14,-13,22,-8,-39,17,4,-8,16,19
3,17,-4,-10,4,1,-6,2,-1,35,-5,1
-10,21,8,7,-5,-10,-3,1,-2,2,-6,20
7,-3,-2,-1,5,0,-8,-7,-6,-4,-6,13
15,3,6,-14,-19,22,-13,10,12,4,-4,14
8,1,15,-13,25,-1,-4,-13,-11,28,22,1
6,4,23,-10,33,12,-28,9,15,29,7,-11
-11,28,8,-10,5,-1,-12,-14,22,-10,18,4
7,3,-6,10,19,17,0,5,12,9,-7,20
11,3,-6,3,-4,18,1,-37,29,23,-10,19
1,40,15,4,10,17,-3,13,-2,22,32,28
-3,10,13,6,6,15,5,-2,6,2,13,-3
22,7,1,-18,12,-6,-16,-6,20,4,3,12
-4,10,1,-8,18,-4,5,1,-3,-8,0,18
26,24,25,-5,13,-8,-12,-32,7,1,18,33
-27,26,15,12,-1,12,-22,-4,-5,13,-14,37
8,2,6,3,-10,-19,-1,8,-4,7,-5,9
15,13,19,9,-24,31,-4,-4,-8,6,11,14
21,26,23,-7,1,52,-4,-19,0,14,38,14
-13,16,33,2,-15,0,-5,18,30,16,6,16
6,39,27,-15,-12,1,7,-24,12,13,16,12
22,0,-14,-5,-21,10,-24,3,-3,7,8,18
22,13,10,-36,-8,19,-20,-10,11,7,23,18
1,40,16,-11,17,13,-14,-12,5,17,11,8
-5,33,8,-12,-3,29,-36,-30,4,15,30,27
14,35,36,-30,-4,6,0,-7,-2,21,11,0
5,22,-8,-5,-2,7,-18,-12,17,27,30,23
37,36,38,-20,-11,39,-21,-2,-2,21,3,23
33,48,7,-13,-20,40,-32,-12,9,23,23,14
4,31,17,-18,-6,33,-39,-25,4,29,41,12
1,45,21,-37,-6,43,-22,-5,17,23,50,27
34,37,17,-38,-12,27,-25,-10,-15,48,41,22
18,42,21,-25,8,30,-42,-19,2,49,53,27
22,67,18,-54,-14,38,-36,-23,33,38,42,30
33,94,25,-39,-13,46,-33,-26,25,63,41,33
27,88,33,-39,8,59,-44,-23,15,61,67,42
28,67,44,-20,-16,56,-32,-50,25,40,59,38
24,84,76,-68,-3,64,-52,-53,18,53,60,87
16,98,34,-40,-5,72,-41,-44,19,67,88,81
39,92,68,-72,-6,74,-60,-57,12,90,80,52
21,111,65,-64,-41,77,-59,-45,38,63,93,62
23,106,60,-80,-3,96,-87,-23,31,61,109,95
39,109,101,-83,-2,116,-61,-42,16,85,103,75
51,125,98,-75,-21,93,-65,-59,33,71,111,85
37,144,98,-93,-34,92,-58,-75,47,79,117,85
36,126,92,-87,-7,107,-83,-79,51,101,95,93
35,169,100,-118,-44,117,-106,-63,35,85,117,120
50,168,131,-123,-26,133,-91,-70,45,132,137,120
54,174,94,-104,-19,150,-82,-66,58,123,180,110
85,160,123,-124,-41,151,-81,-68,38,146,150,121
68,194,130,-130,-23,149,-112,-71,44,136,167,114
67,193,143,-147,-46,158,-92,-83,84,149,169,113
70,187,141,-122,-16,161,-127,-76,69,172,186,135
59,211,136,-101,-28,148,-122,-95,46,140,198,165
56,211,148,-142,-43,157,-136,-84,43,153,180,164
73,226,129,-142,-25,176,-117,-90,66,147,198,148
78,245,174,-151,-65,198,-99,-77,87,154,213,149
82,223,139,-173,-44,193,-124,-76,72,179,199,153
73,253,169,-169,-10,185,-137,-108,78,186,215,168
77,270,179,-174,-45,193,-135,-86,61,192,209,180
95,254,151,-160,-25,212,-143,-96,79,210,232,180
106,252,171,-183,-54,214,-132,-110,81,164,214,179
103,267,172,-181,-48,207,-138,-109,58,182,246,191
107,250,175,-189,-15,213,-157,-98,56,186,239,197
98,261,163,-186,-52,209,-123,-120,69,207,235,188
119,261,189,-154,-23,230,-160,-109,77,177,249,182
98,259,172,-182,-35,214,-139,-110,62,196,249,180
87,267,177,-164,-29,214,-124,-98,96,200,229,191
99,271,177,-203,-39,246,-156,-93,95,222,243,168
101,263,158,-190,-48,208,-131,-112,77,178,239,209
87,276,166,-188,-31,213,-145,-95,88,205,237,180
87,244,177,-190,-50,200,-124,-109,69,199,223,169
73,275,162,-164,-26,181,-137,-101,78,210,222,166
103,257,168,-182,-38,190,-102,-110,57,178,229,173
84,262,159,-156,-45,197,-113,-85,71,183,206,180
82,233,163,-150,-41,221,-123,-107,73,169,212,156
90,218,139,-155,-24,190,-112,-97,57,166,224,137
80,210,164,-140,-20,149,-130,-120,56,154,203,148
69,187,129,-145,-40,167,-141,-68,59,157,178,153
74,195,132,-130,-25,176,-100,-79,56,167,213,143
76,184,130,-113,-15,152,-94,-69,48,140,179,142
58,184,131,-129,-21,145,-96,-72,49,138,162,149
56,193,98,-105,-12,150,-94,-44,48,155,162,140
82,163,115,-102,-33,136,-73,-75,55,118,118,110
63,169,94,-106,-42,132,-97,-67,41,104,161,119
39,174,89,-107,-23,109,-60,-73,29,96,139,103
36,124,69,-116,-27,84,-63,-66,33,102,122,96
67,132,83,-96,5,125,-67,-60,27,81,108,81
42,134,99,-84,-6,115,-85,-43,46,100,104,93
40,122,88,-85,-23,106,-27,-56,26,112,116,56
46,94,92,-69,-51,77,-74,-40,29,73,86,62
35,71,54,-80,-16,93,-53,-44,49,69,71,60
50,91,56,-66,12,81,-38,-25,14,63,70,82
35,74,42,-77,-3,87,-62,-46,38,43,76,85
40,64,40,-72,-2,49,-42,-32,42,87,77,53
45,56,53,-58,3,44,-37,-36,24,68,40,41
8,42,25,-36,13,53,-37,-23,41,37,60,44
31,70,14,-62,-18,47,-30,-35,4,40,15,39
21,50,34,-27,3,51,-45,1,3,32,44,43
13,65,36,-15,6,23,-25,-11,25,13,62,13
-2,29,59,-41,-3,26,-15,-13,18,12,34,47
9,27,37,-9,-22,28,-11,-11,1,43,48,7
7,16,12,-26,17,3,-21,-2,6,10,19,9
2,16,14,-24,-14,9,-9,0,-8,5,22,11
-27,9,6,-28,-17,15,12,-19,-5,18,26,14
29,28,-2,-23,-1,7,-8,-13,-1,43,15,-2
10,19,10,-6,-7,16,-33,2,-3,16,-1,10
-1,-6,9,1,0,4,2,-9,4,16,9,17
-19,11,7,-33,9,6,8,-22,-12,14,-3,-11
3,3,-8,-18,2,10,3,31,12,2,26,-9
-2,17,-3,-14,-12,-4,-8,15,10,-9,1,-1
-16,12,-10,-6,-5,-19,7,11,11,15,1,6
2,6,-2,-5,1,5,6,-1,-11,-8,14,-4
8,3,14,6,8,6,14,7,18,-15,-10,-1
14,-7,-16,-22,10,-7,10,3,15,-5,-9,1
5,-26,-11,19,19,-3,19,-6,-5,-6,-20,-5
-30,-31,-1,2,-5,-12,10,-2,-5,-24,-4,-14
-2,-14,-4,29,-8,13,16,6,-10,-19,-11,2
-19,-32,5,19,-26,-33,28,15,-3,-23,-10,-9
-14,-49,-39,31,6,-36,10,31,-13,-54,-30,-25
-1,-34,-24,31,-4,-34,44,34,-20,-28,-52,-22
-21,-43,-43,40,15,-66,54,23,-7,-72,-47,-20
-35,-77,-44,42,17,-42,49,6,-24,-20,-55,-23
-41,-81,-71,52,7,-65,40,40,-19,-51,-67,-59
-27,-107,-46,70,0,-63,65,12,-42,-56,-82,-57
-43,-131,-86,63,7,-85,51,35,-44,-76,-93,-84
-47,-121,-66,67,22,-91,70,52,-20,-88,-120,-88
-58,-125,-93,81,4,-94,75,57,-46,-89,-125,-90
-49,-149,-95,132,28,-119,69,68,-40,-111,-131,-119
-83,-153,-104,99,15,-141,71,75,-20,-119,-163,-109
-46,-148,-103,108,1,-142,52,72,-39,-123,-125,-101
-35,-151,-92,103,28,-125,94,52,-65,-95,-149,-105
-47,-180,-85,104,41,-138,79,38,-31,-102,-139,-98
-79,-115,-104,107,22,-107,90,67,-28,-93,-128,-97
-18,-114,-84,72,19,-97,62,51,-40,-89,-105,-66
-30,-99,-67,78,5,-91,61,34,-48,-72,-88,-66
-25,-51,-28,46,12,-53,33,4,-22,-39,-59,-45
-21,2,-24,4,-4,3,27,-10,-10,-5,-12,11
13,42,38,-22,-17,39,-19,-42,25,32,40,10
37,108,67,-69,6,90,-60,-42,28,89,96,68
66,196,92,-109,-25,166,-97,-68,67,148,159,105
79,273,174,-189,-55,219,-123,-110,59,199,253,198
124,349,244,-250,-43,284,-212,-137,131,282,315,242
164,449,285,-294,-92,357,-256,-192,123,342,405,321
202,559,351,-372,-75,437,-297,-229,165,420,510,401
216,653,452,-432,-92,508,-351,-269,223,467,583,454
253,752,473,-521,-102,623,-392,-288,224,555,668,523
289,846,557,-549,-115,692,-450,-342,226,641,759,580
317,899,569,-622,-138,756,-485,-347,265,688,826,658
334,968,627,-673,-147,788,-529,-382,288,727,852,671
380,1002,651,-696,-128,847,-548,-400,317,777,921,703
370,1039,671,-699,-134,848,-591,-400,319,760,927,723
342,1056,680,-724,-160,866,-581,-423,310,790,927,720
352,1043,669,-724,-169,845,-560,-419,294,768,938,719
345,1000,652,-670,-145,805,-530,-389,301,755,868,699
321,926,589,-633,-135,787,-505,-372,277,689,828,638
275,874,553,-577,-126,704,-464,-352,279,649,766,604
300,744,518,-497,-113,656,-404,-303,234,578,695,551
251,654,431,-458,-101,544,-371,-256,185,493,606,471
195,559,353,-381,-98,455,-324,-202,169,422,502,403
170,473,283,-298,-81,358,-245,-187,131,360,418,294
131,358,232,-256,-59,275,-204,-136,109,260,303,236
95,246,153,-168,-65,214,-159,-94,68,211,224,166
32,149,117,-87,-16,119,-90,-66,37,97,141,107
23,84,48,-43,-17,50,-30,-48,25,45,51,66
15,1,3,6,-17,-11,21,-2,2,-3,0,10
-39,-86,-50,52,5,-73,37,45,-34,-37,-46,-66
-65,-159,-88,87,24,-95,77,46,-34,-88,-135,-87
-32,-167,-109,113,28,-138,88,62,-46,-128,-160,-140
-89,-223,-143,165,26,-162,118,92,-51,-146,-204,-146
-112,-266,-155,158,44,-204,141,95,-97,-177,-211,-177
-87,-268,-151,155,39,-221,116,98,-80,-191,-240,-166
-99,-265,-185,183,36,-220,135,107,-69,-226,-223,-184
-83,-267,-160,185,52,-216,132,97,-90,-163,-239,-180
-96,-241,-158,165,45,-208,152,107,-78,-183,-230,-165
-89,-245,-153,173,10,-202,137,102,-71,-184,-205,-155
-82,-233,-153,127,10,-181,120,90,-64,-128,-203,-146
-73,-190,-125,126,51,-153,129,77,-48,-151,-200,-129
-60,-185,-123,108,34,-161,107,67,-68,-125,-142,-114
-30,-149,-87,128,26,-114,91,67,-60,-106,-129,-109
-42,-140,-115,84,18,-147,80,51,-53,-91,-110,-88
-54,-107,-72,68,36,-88,68,66,-41,-80,-101,-78
-23,-83,-48,66,7,-86,61,51,-17,-57,-107,-44
-20,-87,-50,56,22,-75,52,17,-22,-55,-60,-55
-31,-73,-50,35,8,-55,35,19,2,-46,-56,-51
-46,-52,-26,47,12,-43,31,4,-16,-49,-52,-48
-13,-22,-26,22,8,-44,25,22,21,-22,-24,0
-30,-35,-24,23,4,-14,18,4,0,-42,-37,-30
-13,-5,10,-14,-6,-21,24,24,-5,-5,-35,-14
-10,-10,-2,23,13,0,8,-15,15,0,-13,-16
-2,-5,15,1,-5,-7,16,21,5,-20,-7,-8
4,-15,14,6,14,12,20,-13,-25,-25,-28,-12
-11,-5,-8,-7,-28,1,4,-16,-1,-7,-12,-10
-15,-13,19,14,0,2,15,-1,-22,11,-4,-18
-18,-22,11,16,0,-15,0,-10,-26,-13,-7,-8
-3,-9,1,8,2,-5,-1,2,1,-9,-13,-12
-14,-5,4,9,22,9,-5,-14,-22,-9,-13,4
11,18,9,-22,-8,-3,30,15,-17,-1,3,8
8,-15,-26,-11,-8,17,5,1,-2,3,-28,3
12,3,-15,-10,13,1,-3,8,2,6,-23,5
15,0,12,7,13,2,-11,-2,2,-13,-6,-1
7,11,-3,-5,-10,-9,15,-8,-15,3,-5,-16
11,0,-14,1,10,8,-15,6,1,-1,6,-11
0,38,-1,-9,15,-2,-3,-10,-8,-7,-3,-18
-3,14,-6,7,7,-17,-11,5,5,7,4,7
5,21,6,-3,-19,7,9,3,-11,22,1,12
14,10,6,-19,15,8,-20,-1,10,-14,-16,1
-8,27,5,-2,-9,5,-4,-10,19,-9,6,-6
1,6,2,-20,-11,1,-2,1,11,13,9,-4
5,20,4,-5,-1,-6,10,-20,2,-6,15,16
19,9,6,-41,-2,-4,-8,-33,-3,9,22,24
-11,44,12,-25,22,25,-30,-17,5,10,30,35
21,44,13,-29,-13,45,2,-25,2,26,18,19
7,25,0,-16,-12,35,-12,-4,4,30,35,27
-5,20,22,-22,-4,20,-21,-24,0,32,17,3
7,26,29,-32,0,31,-16,-17,3,35,59,17
1,36,55,-20,0,16,-21,-6,-12,29,18,49
15,34,31,-34,-25,42,-25,-41,17,25,35,32
23,58,24,-29,19,27,-25,-11,2,22,58,46
9,49,21,-52,22,54,-29,-26,12,37,39,53
36,58,45,-42,-27,52,-7,-9,7,51,54,22
21,65,42,-57,-14,50,-46,-17,2,67,23,46
12,55,61,-53,-19,67,-32,-42,44,46,77,68
18,83,33,-42,-8,56,-38,-46,14,61,74,61
25,79,48,-49,-25,65,-60,-3,27,67,63,53
22,99,43,-39,-8,64,-50,-36,13,55,57,41
36,81,55,-50,-9,70,-50,-47,39,58,80,71
44,93,63,-39,-17,92,-38,-22,32,75,65,79
47,89,59,-77,6,83,-50,-49,45,77,84,72
40,94,65,-77,-14,81,-53,-26,8,86,82,87
38,133,73,-78,3,117,-71,-30,28,82,111,82
35,149,73,-79,-34,74,-49,-47,47,83,83,60
42,135,77,-74,-32,109,-69,-64,31,108,118,91
50,142,82,-108,-24,130,-74,-54,48,112,117,85
33,117,80,-72,-7,122,-71,-52,43,105,126,94
52,154,137,-104,-27,106,-74,-65,44,111,129,106
73,155,107,-122,-49,122,-79,-75,41,140,148,130
81,196,108,-114,-43,114,-82,-73,23,131,163,115
69,176,103,-129,-36,135,-90,-52,51,148,162,124
52,165,123,-142,-35,134,-123,-87,45,147,165,116
75,191,119,-133,-30,142,-106,-77,55,149,161,137
53,186,116,-125,-41,148,-113,-85,58,142,186,145
96,215,124,-109,-37,184,-126,-95,55,163,179,137
63,220,158,-129,-45,196,-116,-98,66,167,206,158
85,215,131,-157,-30,173,-124,-84,74,163,207,135
76,239,157,-153,-45,204,-132,-89,50,175,217,166
89,236,176,-177,-28,205,-127,-91,62,166,230,174
96,241,160,-168,-20,194,-142,-58,67,182,215,160
110,252,174,-181,-48,209,-152,-98,83,201,229,169
88,278,164,-169,-57,227,-150,-115,77,188,218,167
81,285,164,-194,-48,253,-147,-135,79,190,265,184
89,282,182,-168,-45,236,-145,-134,82,208,262,188
97,277,189,-170,-35,234,-169,-118,100,229,247,206
100,284,198,-202,-38,248,-162,-114,96,203,279,203
100,307,189,-183,-36,264,-164,-123,99,221,285,222
120,300,211,-235,-25,244,-193,-132,86,237,259,222
112,321,210,-218,-58,247,-158,-106,97,244,287,228
100,335,225,-219,-62,261,-157,-117,109,243,305,236
102,321,198,-261,-57,294,-189,-137,80,216,292,227
118,351,199,-215,-43,284,-186,-116,98,265,312,235
113,346,207,-245,-54,292,-172,-135,109,260,287,207
101,345,234,-237,-61,279,-198,-156,98,253,291,235
116,338,211,-232,-75,289,-195,-123,112,261,337,240
133,342,236,-243,-61,289,-185,-121,95,250,321,244
125,348,247,-253,-51,307,-170,-150,104,262,336,259
121,359,248,-271,-42,298,-189,-138,110,254,327,271
119,369,259,-262,-44,319,-236,-148,108,262,314,261
118,351,249,-251,-41,322,-214,-149,93,292,344,263
140,388,250,-251,-51,304,-229,-148,92,281,343,261
142,373,228,-243,-56,288,-200,-162,121,251,336,266
129,385,224,-257,-48,306,-193,-144,114,255,315,286
147,367,242,-252,-46,323,-213,-149,88,269,326,255
133,385,245,-254,-28,311,-198,-140,127,275,326,256
122,378,246,-260,-55,343,-203,-170,109,274,332,247
139,358,259,-253,-67,313,-204,-154,117,264,340,252
113,386,216,-242,-62,292,-207,-127,119,282,349,249
141,357,243,-244,-62,305,-223,-152,114,287,316,245
137,361,238,-260,-57,304,-163,-166,125,288,326,233
117,357,250,-262,-68,309,-203,-122,130,304,324,249
147,362,260,-243,-69,311,-199,-177,86,279,304,253
118,375,228,-238,-53,293,-195,-177,96,248,303,245
141,348,240,-244,-38,295,-194,-146,97,277,299,259
90,337,231,-250,-41,301,-186,-136,99,277,328,253
120,326,206,-230,-41,258,-181,-146,120,263,303,230
118,348,199,-209,-74,270,-188,-148,81,239,280,229
113,321,226,-215,-26,273,-173,-142,77,257,288,219
131,322,218,-234,-44,254,-195,-134,87,230,286,216
100,322,198,-210,-55,266,-199,-120,90,254,282,201
107,306,189,-203,-64,253,-151,-116,68,225,262,219
100,286,209,-212,-34,251,-149,-131,97,236,280,178
108,299,174,-204,-40,246,-154,-136,76,236,266,196
101,279,176,-186,-46,216,-148,-99,103,185,241,191
78,280,168,-201,-47,228,-136,-117,87,214,244,147
100,267,170,-175,-43,218,-133,-115,89,199,233,190
94,261,161,-171,-44,216,-153,-97,70,203,242,195
105,257,161,-173,-50,198,-148,-82,78,179,233,165
101,252,184,-177,-19,199,-111,-100,94,178,203,174
81,217,157,-166,-57,189,-117,-106,77,179,208,160
99,218,159,-164,-28,213,-117,-91,63,172,221,163
71,237,171,-146,-53,170,-130,-86,44,157,199,156
74,199,138,-144,-15,169,-108,-51,37,169,197,147
71,193,130,-132,-6,177,-125,-108,54,167,172,148
59,190,112,-130,-28,160,-108,-78,59,162,179,120
68,187,119,-119,-34,163,-119,-80,46,131,153,117
61,171,132,-120,-38,144,-100,-83,62,107,156,120
52,172,105,-107,-32,148,-116,-64,48,112,137,118
66,157,81,-98,-23,120,-100,-74,35,110,156,118
60,141,98,-115,-37,115,-87,-41,27,104,103,109
73,134,96,-105,-18,105,-82,-49,45,88,126,97
54,114,55,-75,-20,102,-87,-46,36,94,125,97
46,123,64,-89,-23,81,-73,-48,52,97,106,73
38,90,78,-82,2,104,-54,-41,46,78,88,67
48,98,56,-81,-7,92,-79,-38,41,88,74,72
26,74,52,-69,-4,75,-49,-38,47,62,100,67
12,77,52,-65,-16,62,-51,-34,31,72,78,44
-1,69,54,-45,-10,73,-49,-50,12,71,72,58
30,75,41,-31,-11,65,-21,-31,32,52,45,60
28,58,48,-36,-23,41,-21,-36,32,66,58,49
12,67,43,-51,-17,39,-43,-24,15,49,57,48
35,47,24,-20,12,46,-23,-27,29,43,51,38
-1,52,17,-40,-10,34,-30,-16,24,19,40,43
20,29,39,-27,-1,51,-54,-15,14,16,28,42
17,40,10,-24,-30,19,-13,-4,9,6,33,12
15,35,12,-19,-12,28,3,-18,0,26,32,9
9,33,7,-5,-5,33,-5,-30,5,-12,36,15
-1,6,18,0,-2,17,26,-13,-4,18,-11,-2
-17,-9,5,-14,-4,17,27,-9,21,3,3,-11
-9,3,-5,-8,-16,-10,-9,-17,6,-6,10,-10
-6,-6,28,9,-4,-24,8,0,16,-7,-4,1
-11,-16,12,15,-5,-16,-15,-10,8,-31,-17,-18
1,-3,14,15,13,-19,23,25,3,-6,6,19
9,-44,3,16,8,3,25,27,4,-17,0,-5
-12,4,-2,16,2,-7,2,11,11,-6,-33,-13
14,-32,-25,30,5,-14,19,17,-8,-23,-17,-22
-11,-42,-2,25,2,-41,22,-6,5,-40,5,-19
-8,-42,-13,9,5,-51,22,4,-23,-36,-45,-24
-34,-45,-27,27,-7,-24,14,11,13,-28,-26,-18
0,-38,-19,25,-14,-41,16,3,-19,-25,-28,-41
-26,-34,-28,36,-2,-42,0,7,-13,-14,-28,-52
-15,-30,-35,12,4,-20,23,7,-21,-15,-72,-26
-22,-37,-28,37,25,-33,41,-2,-17,-33,-52,-34
-22,-21,-27,33,2,-46,31,39,5,-29,-34,-32
-29,-48,-38,52,-8,-40,21,2,2,-41,-60,-52
-9,-44,-63,42,17,-39,13,32,-26,-56,-44,-36
-22,-34,-33,40,11,-46,20,15,-9,-25,-53,-26
-23,-52,-14,33,26,-50,47,19,-3,-38,-36,-40
-19,-54,-14,39,4,-64,30,26,-19,-46,-45,-58
-10,-39,-41,17,9,-50,42,3,-13,-24,-52,-44
-18,-45,-33,34,5,-39,36,29,-48,-49,-63,-26
-17,-26,-29,31,12,-40,26,7,-9,-46,-34,-43
-11,-50,-47,25,3,-60,34,33,-45,-28,-68,-51
-46,-52,-16,29,-2,-71,35,22,0,-58,-73,-51
-23,-50,-37,51,-4,-49,26,55,-20,-40,-68,-69
-21,-62,-53,60,1,-59,32,20,-32,-46,-83,-45
-18,-68,-56,53,0,-70,46,22,-24,-27,-65,-46
-24,-48,-21,37,-2,-60,54,12,-20,-58,-54,-42
-8,-45,-38,49,-10,-38,39,56,-23,-45,-53,-52
-43,-57,-44,47,10,-53,58,36,-10,-58,-58,-31
-30,-62,-31,32,-3,-50,54,11,-13,-52,-58,-41
-41,-96,-24,42,8,-44,38,43,-7,-46,-79,-72
-15,-69,-78,27,7,-78,51,14,-25,-61,-64,-34
-7,-79,-46,75,-11,-50,26,25,-16,-47,-66,-48
-22,-73,-34,72,14,-53,38,21,-22,-59,-45,-51
-21,-63,-47,38,9,-49,19,30,-22,-45,-59,-33
-38,-60,-43,37,13,-65,48,29,-20,-38,-83,-55
-7,-70,-57,48,14,-50,46,19,-30,-47,-59,-54
-33,-84,-45,41,10,-59,36,12,6,-56,-88,-55
-22,-63,-33,39,19,-78,44,28,-33,-56,-77,-35
-33,-58,-54,67,10,-62,44,9,-11,-22,-62,-60
-20,-58,-52,42,-1,-59,43,37,-11,-41,-57,-41
-26,-76,-52,49,11,-65,38,42,-6,-63,-59,-81
-21,-81,-62,62,-9,-57,38,35,-22,-54,-63,-61
-18,-55,-41,48,-12,-67,55,40,-16,-41,-72,-55
-32,-61,-44,56,2,-76,55,34,-34,-57,-84,-50
-20,-75,-35,40,3,-58,50,36,-21,-60,-74,-67
-30,-62,-68,54,-9,-61,41,21,-23,-44,-35,-46
-6,-71,-55,56,1,-70,34,21,-22,-71,-71,-60
-11,-74,-80,47,6,-91,29,21,-10,-65,-55,-46
-18,-87,-48,51,2,-58,26,8,-21,-38,-73,-58
-26,-52,-76,51,-12,-70,61,21,-42,-30,-65,-42
-17,-78,-39,36,4,-66,28,19,-33,-43,-52,-44
-1,-53,-36,40,18,-75,31,40,-40,-74,-61,-60
-19,-80,-31,51,-23,-87,44,6,-21,-73,-87,-51
-21,-61,-29,41,13,-53,48,12,2,-43,-72,-50
-33,-59,-69,64,18,-57,52,21,-27,-49,-78,-71
-41,-65,-68,45,14,-52,25,52,-12,-62,-42,-46
-39,-66,-38,40,26,-72,70,39,-16,-50,-56,-17
-46,-97,-44,40,-5,-41,43,28,-23,-40,-92,-39
-40,-91,-52,19,4,-38,48,49,-13,-39,-65,-61
-8,-96,-58,44,22,-63,41,46,-1,-66,-64,-49
-12,-50,-43,43,0,-47,42,47,-18,-33,-64,-60
-30,-69,-42,41,35,-60,39,33,-16,-40,-59,-54
-22,-72,-58,39,9,-75,52,41,-19,-50,-62,-37
-29,-64,-56,47,14,-59,45,14,-16,-78,-42,-53
-24,-90,-35,60,15,-59,39,15,-43,-50,-50,-61
-14,-59,-35,47,17,-43,14,13,-13,-68,-64,-64
-41,-79,-58,47,16,-76,52,16,-41,-50,-49,-51
-27,-72,-61,38,-1,-56,33,18,-23,-35,-44,-46
-23,-66,-44,34,19,-60,42,17,-31,-54,-42,-56
-21,-81,-50,53,35,-59,35,13,-30,-49,-70,-33
-16,-51,-50,61,10,-36,35,29,-15,-44,-65,-57
-23,-70,-28,33,4,-52,20,28,-10,-50,-40,-49
-33,-76,-31,34,3,-62,29,21,-5,-74,-89,-37
-19,-63,-49,73,17,-56,32,25,-30,-66,-58,-43
-47,-56,-36,40,5,-66,70,23,-6,-42,-80,-39
-36,-58,-42,59,7,-61,41,28,-3,-47,-53,-46
-23,-69,-44,30,19,-50,36,1,-30,-52,-68,-53
-7,-83,-52,47,27,-75,32,21,-12,-64,-60,-63
-39,-61,-50,35,18,-44,40,40,-38,-32,-51,-50
-21,-85,-47,54,19,-50,59,29,-9,-53,-60,-55
-17,-92,-54,42,12,-56,0,25,-5,-23,-72,-68
-26,-88,-45,31,23,-51,25,54,-16,-52,-76,-61
-27,-51,-21,45,24,-52,42,31,-9,-43,-70,-33
-28,-60,-28,37,0,-66,46,48,-7,-58,-87,-35
14,-71,-48,41,-7,-71,32,48,-4,-54,-66,-32
-37,-56,-46,59,3,-42,16,8,-21,-53,-59,-37
-21,-50,-39,41,31,-71,42,15,-22,-31,-59,-36
-45,-77,-55,40,8,-55,45,42,-21,-54,-51,-42
-10,-60,-36,39,22,-46,28,26,-23,-38,-74,-56
-23,-81,-43,62,13,-60,37,18,-7,-34,-60,-44
-28,-61,-26,55,15,-50,5,28,1,-51,-50,-43
-23,-45,-51,39,7,-47,34,18,-34,-59,-51,-66
-3,-76,-34,45,17,-48,50,31,-23,-42,-55,-57
-36,-65,-59,46,17,-54,30,46,-1,-37,-62,-64
-13,-76,-35,40,8,-48,42,22,-27,-79,-46,-67
-25,-53,-26,36,8,-37,29,18,-31,-54,-46,-56
-34,-64,-32,36,4,-50,54,14,-2,-19,-51,-30
-38,-33,-40,44,15,-36,16,25,-27,-63,-65,-57
-33,-71,-43,46,5,-43,30,16,-34,-41,-75,-41
-28,-70,-33,51,19,-32,14,33,-23,-61,-46,-49
-30,-75,-24,27,3,-42,37,29,-4,-50,-73,-48
-37,-64,-36,21,3,-64,46,24,-22,-51,-55,-53
-21,-73,-13,12,11,-47,19,12,-24,-61,-40,-43
-3,-32,-23,62,9,-35,17,22,-15,-36,-48,-62
-29,-47,-33,38,21,-53,31,28,-31,-43,-45,-16
-4,-53,-62,31,25,-37,35,34,-5,-33,-60,-53
-25,-57,-3,17,15,-58,37,12,-42,-44,-65,-43
-17,-37,-28,50,11,-56,33,14,-2,-37,-61,-22
-19,-49,-49,39,23,-40,11,0,-24,-40,-58,-29
-27,-60,-31,52,8,-49,57,42,-1,-38,-36,-40
-13,-84,-14,35,-3,-56,26,33,-8,-66,-32,-34
-9,-49,-22,30,-9,-41,36,26,-15,-29,-30,-32
9,-30,-35,14,6,-52,22,9,-34,-35,-48,-22
-22,-29,-20,40,-8,-32,36,4,-20,-32,-26,-35
-15,-41,-13,34,-8,-56,14,23,-23,-37,-29,-44
3,-43,-29,41,18,-27,44,-12,-9,-32,-44,-13
-7,-55,-14,11,14,-39,0,22,-11,-42,-21,-11
-27,-3,-28,28,10,-28,32,-11,-23,-27,-14,-33
5,-12,-19,34,6,-2,33,16,10,-18,-27,-45
-19,-32,-13,0,-2,-18,8,22,5,-17,-19,5
-12,-21,-17,19,-5,4,0,2,5,-11,-17,-15
-27,-16,-16,10,4,-20,11,4,3,-15,-16,-15
-3,-7,-13,37,13,-19,2,0,4,-7,-22,-4
-11,8,18,-5,-3,-4,-14,-12,-11,13,-19,-14
2,4,-1,-4,0,-4,13,3,4,20,5,-11
-9,7,1,-7,-3,13,2,-18,-8,15,15,2
-15,21,6,-10,6,-8,-8,-24,13,0,-2,13
12,34,29,-4,1,-14,-22,-16,0,25,16,18
-11,32,24,-22,9,20,-29,0,3,11,35,53
14,28,1,6,2,61,-4,0,3,36,36,20
33,44,30,-41,-13,9,-11,-21,9,36,54,19
1,49,9,-30,-29,21,-19,-28,9,51,44,20
29,66,50,-40,-10,65,-34,-23,22,49,51,48
44,66,25,-39,-5,64,-39,-11,31,62,63,9
27,81,55,-43,-5,72,-50,-11,13,63,71,44
69,91,72,-52,-9,69,-40,-34,29,58,60,62
53,110,62,-62,-30,89,-58,-35,40,68,103,75
42,99,66,-68,-9,76,-46,-29,31,79,82,68
41,117,79,-67,-33,85,-68,-39,29,54,142,82
57,108,105,-89,-7,100,-57,-22,29,88,94,91
47,139,112,-97,-14,113,-85,-39,51,92,118,108
35,136,77,-84,-11,112,-78,-62,45,110,108,103
41,147,108,-98,-28,125,-94,-56,28,100,125,95
38,157,111,-112,0,130,-79,-57,54,114,123,113
71,168,108,-116,-27,140,-76,-67,46,131,118,110
63,183,138,-102,-34,150,-93,-41,48,139,163,115
88,176,117,-112,-41,152,-86,-68,54,133,160,113
83,183,91,-127,-31,158,-80,-63,55,104,162,123
74,184,142,-123,-49,162,-89,-89,54,127,170,116
69,174,129,-124,-2,132,-104,-86,38,140,164,121
63,208,126,-129,-44,170,-121,-70,60,141,170,139
61,191,111,-117,-28,149,-88,-81,75,166,175,140
74,200,100,-134,-53,154,-89,-84,72,161,178,133
92,213,134,-126,-31,180,-114,-75,49,143,199,135
88,218,123,-126,-48,170,-111,-91,62,147,176,136
61,212,117,-120,-24,173,-132,-97,77,154,185,138
72,199,135,-138,-58,163,-114,-92,44,145,203,143
79,182,134,-131,4,156,-111,-61,73,130,184,125
58,200,115,-137,-37,173,-120,-63,40,141,153,150
91,193,120,-125,-36,151,-112,-82,65,159,183,142
69,187,117,-133,-23,170,-124,-70,74,143,178,165
52,185,127,-127,-12,159,-76,-80,61,156,168,144
49,180,116,-100,-44,173,-88,-60,53,141,166,132
55,168,108,-116,-27,152,-102,-66,51,138,167,111
67,146,117,-118,-45,126,-85,-63,54,151,170,114
51,168,114,-105,-33,133,-80,-68,38,127,138,140
49,168,87,-121,-67,117,-76,-74,62,114,150,100
53,165,97,-98,-40,125,-84,-64,58,108,143,111
41,140,86,-119,-22,124,-92,-64,68,111,124,98
30,142,101,-103,-25,106,-68,-68,35,77,102,83
44,119,90,-82,-9,109,-71,-38,25,75,106,86
35,121,35,-53,-19,111,-62,-28,32,87,111,76
36,100,82,-75,7,101,-48,-52,53,76,98,73
42,89,48,-78,-23,64,-51,-40,35,63,73,69
22,100,75,-60,-18,86,-49,-29,10,50,70,71
35,65,69,-47,21,66,-38,-45,18,46,74,53
26,58,50,-72,-21,54,-27,-21,3,62,54,47
27,47,40,-48,-31,41,-43,-17,5,48,45,22
35,59,26,-23,0,39,-9,-30,31,44,53,16
19,29,20,-11,-10,10,-18,-13,2,4,46,37
-9,46,20,-8,-4,26,-19,-5,-1,9,29,20
9,25,12,-24,2,9,-17,-5,16,9,18,18
5,-14,5,7,6,30,-8,2,20,14,27,17
9,23,27,-11,12,10,-5,-6,12,10,18,-2
5,-1,-3,-6,10,1,3,5,-8,13,3,11
1,9,10,-18,-32,-16,8,8,7,-12,-18,14
11,-17,-5,0,12,-20,-6,17,-1,2,-13,-1
10,-6,-8,-4,1,-2,-3,9,-7,-16,-8,-24
1,-9,-32,32,3,-19,4,5,-21,-8,-4,-14
-1,-10,-19,17,27,-9,22,-7,15,-19,-7,-5
-8,-32,-14,15,4,-23,13,-1,-9,-32,-60,-28
-36,-51,-28,3,15,-12,17,9,-3,-33,-24,-36
3,-35,-34,9,-2,-28,23,-9,-20,-10,-44,-42
-24,-53,-39,55,8,-53,32,12,-13,-30,-58,-33
-9,-69,-35,42,3,-44,17,-5,13,-36,-32,-36
-42,-70,-17,41,-9,-52,50,26,-7,-27,-18,-39
-25,-30,-31,23,2,-38,21,3,-17,-49,-47,-6
-9,-48,-6,20,15,-53,9,11,5,-24,-30,-49
-23,-33,-31,31,7,-80,24,23,-5,-23,-50,-45
-11,-55,-29,36,-1,-53,40,20,-20,-40,-44,-38
-19,-58,-50,47,31,-46,44,25,-2,-50,-40,-36
-20,-58,-45,48,28,-47,44,41,-39,-36,-66,-45
-10,-29,-51,45,33,-62,29,45,-17,-56,-68,-36
-19,-63,-54,42,22,-45,41,47,-26,-58,-76,-40
-27,-85,-55,40,-1,-65,32,19,-16,-20,-58,-35
-35,-80,-50,55,11,-34,62,26,-29,-45,-81,-48
-24,-87,-57,65,31,-48,37,49,-12,-38,-64,-83
-36,-96,-97,61,-9,-73,60,33,-19,-70,-63,-56
-21,-102,-77,84,-6,-94,53,28,-36,-73,-94,-73
-28,-96,-60,78,20,-97,61,46,-9,-82,-95,-64
-29,-117,-89,86,23,-103,60,58,-60,-102,-131,-90
-26,-148,-99,103,35,-114,78,30,-25,-89,-128,-93
-44,-137,-107,99,36,-114,100,63,-50,-103,-117,-102
-70,-153,-111,109,20,-133,114,53,-30,-121,-150,-117
-63,-173,-111,115,46,-187,88,82,-67,-132,-164,-132
-41,-190,-117,145,31,-151,116,87,-66,-132,-173,-114
-85,-196,-97,133,22,-171,109,78,-64,-145,-192,-148
-45,-207,-142,128,22,-174,121,81,-67,-154,-198,-144
-87,-254,-147,153,22,-202,107,79,-66,-161,-206,-135
-99,-216,-147,168,6,-192,122,101,-60,-156,-203,-166
-84,-243,-142,143,46,-177,134,109,-77,-178,-206,-159
-94,-233,-149,158,19,-186,102,83,-59,-162,-202,-154
-70,-227,-156,141,32,-163,94,85,-83,-159,-182,-141
-67,-165,-117,134,45,-146,81,72,-61,-118,-142,-127
-68,-131,-96,106,17,-134,88,59,-48,-106,-129,-87
-46,-86,-81,71,3,-77,58,46,-27,-87,-78,-56
-10,-58,-46,25,26,-42,45,14,-9,-54,-58,-30
-8,10,15,10,6,-3,2,24,8,-5,-1,-20
25,83,79,-15,2,34,-44,-23,31,41,52,47
60,151,115,-105,-1,112,-83,-69,61,129,149,112
87,235,143,-155,-16,183,-98,-73,79,168,206,183
110,326,208,-203,-50,248,-167,-140,103,244,316,240
143,413,264,-277,-57,345,-237,-163,139,309,375,295
167,522,334,-342,-84,422,-271,-210,162,398,444,355
211,606,406,-395,-89,523,-350,-235,182,462,546,433
244,714,464,-479,-107,573,-387,-250,227,534,632,492
285,792,512,-532,-129,660,-434,-320,250,606,684,547
307,842,549,-597,-141,697,-478,-343,236,620,796,602
328,937,597,-603,-146,746,-503,-358,302,693,809,633
322,948,624,-649,-138,796,-512,-383,310,708,835,633
330,979,637,-667,-155,818,-507,-397,286,725,861,679
338,970,618,-659,-143,812,-539,-386,271,729,883,672
314,947,613,-628,-139,768,-524,-383,283,712,838,664
320,905,586,-621,-150,744,-486,-352,260,652,796,616
284,843,534,-557,-140,696,-456,-335,231,617,749,571
277,773,493,-508,-112,631,-429,-289,232,561,690,539
239,647,446,-460,-98,544,-362,-269,186,487,587,454
181,566,367,-386,-85,476,-321,-227,140,393,492,386
153,479,290,-302,-61,377,-244,-186,130,340,409,288
103,348,247,-249,-60,261,-200,-141,102,262,301,259
99,249,161,-177,-40,206,-125,-109,71,193,199,168
49,151,96,-86,-15,124,-75,-59,44,104,127,98
8,61,45,-47,-11,20,-62,-38,7,51,55,41
-6,-34,-21,24,6,-35,19,8,-9,-33,-19,-32
-34,-104,-66,66,14,-90,36,56,-10,-43,-93,-58
-44,-150,-104,126,34,-143,104,66,-46,-132,-150,-143
-70,-239,-157,144,40,-190,113,87,-52,-176,-173,-150
-107,-254,-156,157,31,-218,119,99,-80,-199,-241,-202
-104,-284,-176,190,55,-218,146,119,-87,-207,-255,-217
-111,-304,-201,240,44,-270,193,116,-115,-241,-299,-236
-124,-322,-207,228,70,-283,153,149,-122,-251,-287,-206
-132,-321,-215,214,56,-260,170,136,-96,-246,-272,-234
-101,-309,-199,216,56,-263,175,130,-83,-243,-271,-208
-113,-298,-198,221,42,-261,174,131,-83,-230,-285,-220
-105,-318,-193,210,24,-251,155,114,-96,-230,-281,-190
-115,-280,-180,191,32,-238,136,119,-98,-201,-259,-200
-96,-265,-177,175,27,-217,143,97,-63,-218,-243,-173
-101,-234,-160,161,55,-224,155,68,-64,-165,-228,-191
-95,-220,-134,158,26,-202,123,79,-39,-159,-197,-146
-72,-192,-149,141,9,-182,121,86,-78,-162,-186,-125
-63,-190,-124,129,30,-132,103,85,-69,-163,-162,-143
-64,-155,-98,103,25,-160,78,84,-60,-129,-162,-132
-56,-161,-118,86,14,-124,83,59,-60,-124,-131,-110
-44,-121,-115,107,19,-128,79,80,-23,-108,-132,-120
-55,-140,-105,83,-11,-97,75,60,-39,-119,-99,-80
-39,-134,-56,79,9,-100,72,49,-37,-74,-101,-107
-18,-114,-74,81,20,-106,39,21,-55,-81,-97,-75
-40,-101,-73,53,18,-88,54,34,-14,-89,-102,-62
-20,-121,-83,70,17,-90,26,44,-20,-72,-87,-92
-25,-94,-75,46,12,-76,42,35,-28,-85,-82,-65
-39,-90,-54,55,-1,-66,47,37,-43,-75,-69,-69
-38,-84,-82,44,-2,-91,59,26,-19,-60,-55,-62
-34,-74,-40,66,19,-67,70,17,-36,-59,-88,-49
-7,-74,-42,85,-14,-79,41,61,-15,-65,-59,-61
-1,-65,-24,61,15,-63,33,21,-17,-71,-78,-67
-31,-55,-35,50,13,-83,47,46,-32,-66,-73,-41
-31,-53,-74,51,21,-68,41,30,-33,-56,-77,-66
-13,-86,-46,46,29,-54,29,58,-32,-54,-77,-62
-24,-71,-45,68,20,-65,31,27,-16,-45,-67,-49
-3,-83,-51,70,16,-53,30,27,-28,-61,-43,-36
-24,-60,-39,25,18,-60,40,25,-32,-68,-68,-33
-17,-33,-32,47,-10,-38,53,51,-20,-44,-71,-25
-20,-83,-38,39,14,-51,23,39,1,-53,-44,-40
-21,-82,-16,45,20,-36,16,18,-22,-52,-36,-22
-11,-69,-25,23,-9,-41,29,48,-22,-41,-56,-61
0,-42,-37,39,-7,-54,35,-3,-11,-55,-48,-51
-23,-61,-24,23,10,-23,29,15,-10,-46,-63,-13
-6,-44,-35,34,-12,-38,36,46,-4,-29,-63,-43
-23,-55,-42,32,3,-49,60,-9,-29,-49,-51,-40
-29,-47,-32,35,-3,-47,32,2,-3,-56,-37,-42
-28,-28,-31,11,5,-36,22,16,1,-41,-54,-39
-15,-24,-48,28,11,-38,14,28,-10,0,-46,-26
-20,-15,-23,30,8,-38,30,25,-21,-27,-39,-32
-10,-38,-18,2,3,-22,26,29,-27,-28,-26,-15
0,-27,1,22,15,-16,26,6,-15,-49,-42,-33
-18,-4,-31,18,16,-22,29,10,-2,-26,-33,-25
-2,-14,-44,22,8,-8,2,22,-16,-16,-13,4
-13,-15,-12,4,6,-23,-5,-19,-1,-15,-33,-9
-23,2,-24,1,31,-27,0,5,-2,-14,-10,-13
27,-13,1,-5,-15,0,13,2,7,-16,-14,-10
17,21,14,18,3,-34,-22,6,23,-12,7,12
22,14,13,-1,-10,7,-2,14,7,-8,14,16
8,6,2,9,-8,42,-13,-14,10,-5,17,3
8,25,10,-13,1,15,-24,-1,8,17,32,7
4,35,12,17,-2,22,-23,16,-14,1,33,10
3,10,17,-37,-9,18,-13,-9,10,23,27,1
20,17,41,-21,-9,42,-31,-14,26,30,46,7
9,43,20,-10,-3,42,-22,-20,-2,39,31,22
14,32,28,0,4,54,-7,-20,11,51,51,14
33,50,47,-42,-12,51,-29,-33,22,61,37,-6
36,95,35,-30,0,44,-32,12,-2,76,61,55
31,68,51,-53,-1,39,-30,-39,16,46,61,53
30,70,45,-36,-2,62,-37,-58,20,56,88,43
45,103,59,-41,-26,77,-51,-36,27,57,101,64
25,67,64,-50,-4,63,-56,-44,28,75,66,49
31,106,62,-80,-21,49,-38,-50,32,68,81,61
39,130,50,-82,-24,67,-68,-71,61,72,90,73
38,123,71,-87,-45,99,-70,-39,46,89,127,78
27,146,61,-93,-24,120,-67,-9,35,87,116,95
24,134,106,-75,-16,119,-79,-51,41,101,127,86
38,138,96,-91,10,115,-59,-56,39,92,115,97
73,141,88,-99,-32,110,-92,-71,48,112,132,99
49,136,110,-93,-31,159,-91,-43,46,112,159,87
27,181,98,-132,-28,152,-102,-74,46,101,169,133
48,169,118,-96,-35,138,-113,-81,77,131,161,120
69,191,116,-139,-44,173,-111,-101,30,140,162,130
79,203,139,-123,-34,152,-101,-76,53,165,164,150
65,196,146,-146,-31,154,-108,-86,65,150,194,148
74,218,130,-156,-41,175,-115,-75,43,175,171,150
59,223,152,-149,-16,172,-123,-68,84,161,192,165
81,214,143,-175,-38,181,-123,-89,56,161,215,148
71,224,153,-144,-29,190,-142,-61,78,208,221,141
115,266,156,-145,-37,199,-139,-90,85,178,196,189
77,264,168,-145,-21,211,-123,-94,75,185,229,176
87,281,157,-171,-45,198,-139,-93,86,176,233,167
91,277,182,-173,-46,214,-135,-122,75,170,258,191
90,281,187,-188,-39,227,-116,-107,74,198,235,188
93,279,190,-179,-24,234,-142,-108,86,221,267,175
81,260,197,-208,-47,240,-154,-105,68,216,235,207
87,280,189,-193,-47,245,-149,-103,90,218,261,215
111,286,177,-210,-35,236,-150,-126,101,218,282,209
84,303,212,-216,-58,240,-189,-134,96,214,273,235
118,309,201,-216,-41,245,-182,-95,105,215,280,201
98,306,205,-211,-29,263,-171,-90,106,239,273,230
88,313,193,-205,-53,259,-180,-77,97,252,295,199
110,305,205,-203,-45,268,-166,-123,105,241,269,222
111,322,220,-229,-81,267,-176,-148,127,237,277,212
107,329,201,-212,-48,266,-174,-124,82,232,306,240
113,325,217,-219,-46,262,-183,-113,113,224,305,243
109,319,213,-222,-33,277,-178,-123,83,240,289,237
130,319,228,-228,-45,263,-185,-142,90,221,296,199
113,322,244,-225,-35,269,-170,-114,118,246,302,232
107,311,208,-234,-60,283,-178,-118,102,233,269,233
114,319,216,-205,-41,271,-175,-133,71,241,300,236
106,318,218,-220,-31,276,-187,-132,75,238,290,251
101,325,236,-225,-40,268,-163,-127,103,236,283,219
97,323,206,-216,-63,290,-154,-132,88,242,290,224
106,328,203,-215,-51,281,-204,-133,111,216,288,217
107,310,218,-214,-39,254,-163,-149,70,217,259,234
90,311,236,-207,-38,252,-170,-111,82,243,280,224
114,330,212,-212,-44,263,-154,-139,100,242,266,210
96,303,172,-211,-55,270,-158,-112,87,219,271,203
97,297,212,-216,-43,252,-157,-130,79,224,254,202
133,292,205,-212,-48,226,-153,-124,66,235,280,203
113,284,183,-191,-45,231,-146,-118,94,203,263,196
90,280,179,-188,-47,228,-143,-142,96,222,247,197
84,281,175,-161,-59,220,-144,-112,69,216,249,188
95,273,176,-173,-24,219,-149,-108,71,208,245,210
83,263,164,-191,-41,202,-143,-100,86,202,241,179
101,246,175,-191,-13,222,-154,-105,73,173,209,161
80,241,136,-163,-44,205,-128,-100,79,195,234,143
67,259,155,-157,-71,173,-129,-94,60,164,230,169
74,214,158,-154,-48,193,-128,-96,73,187,213,172
82,203,143,-132,-18,171,-135,-80,61,152,190,163
71,204,149,-131,-44,177,-125,-90,63,156,189,165
64,228,160,-134,-47,180,-105,-93,71,154,178,139
82,208,129,-136,-40,180,-106,-87,65,158,201,131
59,172,110,-105,-20,159,-92,-59,71,143,168,148
57,169,103,-137,-31,160,-98,-64,60,118,151,136
51,188,111,-130,-7,138,-115,-55,36,138,142,126
49,156,102,-108,-10,126,-99,-68,49,135,163,120
78,146,93,-92,-27,131,-89,-61,34,108,122,123
57,167,98,-104,-46,111,-80,-61,42,113,129,94
33,132,96,-87,-32,104,-73,-50,36,110,117,93
51,136,81,-89,-32,109,-85,-53,41,95,137,76
51,116,72,-77,-17,93,-40,-38,51,92,116,84
51,108,62,-81,-32,100,-66,-48,28,74,88,88
13,96,64,-73,-15,64,-57,-55,11,92,72,69
33,83,62,-49,3,74,-56,-29,46,55,78,65
40,86,56,-55,-26,68,-56,7,15,58,73,69
23,68,61,-73,-2,56,-56,-14,28,48,76,44
35,52,43,-57,6,56,-32,-33,35,41,54,58
4,62,40,-50,11,43,-32,-16,9,48,51,38
9,74,43,-46,-20,43,-8,-22,3,22,26,34
2,24,17,-33,6,42,-16,-25,-9,46,28,12
25,31,18,-32,10,31,-26,-23,10,28,42,31
-1,46,0,-5,-24,37,-12,-23,-3,8,46,14
23,24,36,-1,8,28,-27,2,14,24,19,35
22,15,10,3,-3,-17,-13,-5,28,7,4,2
8,10,3,0,-17,-2,-3,-14,11,-10,19,2
0,-7,15,4,-4,-7,-7,4,-11,3,-6,17
3,-8,-14,-3,-2,-10,-20,-3,-13,-33,-7,-4
-8,-16,5,10,7,-1,-5,-10,12,-14,-19,8
-9,-11,-19,5,18,-29,6,-15,-2,-21,-11,-50
15,-37,14,24,3,-26,10,6,-11,-28,-20,-14
-11,-51,-6,14,-2,-17,32,21,-8,0,-37,-26
-12,-14,-18,1,11,-27,33,-6,17,-28,-47,-32
-23,-33,-35,46,15,-48,32,39,-22,-31,-23,-32
-9,-33,-17,34,8,-29,39,29,-15,-40,-37,-19
-21,-28,-50,29,-14,-42,37,25,-24,-50,-47,-47
-2,-49,-17,38,8,-42,28,24,-14,-50,-60,-7
-18,-58,-44,43,17,-55,25,32,-8,-42,-33,-34
-29,-51,-41,53,12,-67,57,30,-8,-60,-56,-26
-12,-65,-40,13,6,-70,41,14,-11,-64,-70,-29
-37,-88,-61,30,-13,-40,42,24,-17,-53,-70,-29
-25,-71,-36,50,0,-72,38,19,-30,-55,-44,-33
-18,-75,-57,38,-2,-61,49,16,-29,-76,-70,-58
-2,-80,-54,47,17,-70,42,28,-27,-46,-67,-45
-24,-109,-46,62,18,-63,47,42,-28,-49,-46,-48
-2,-76,-36,61,27,-58,40,34,-36,-82,-67,-69
-28,-85,-61,42,7,-78,34,58,-34,-66,-68,-46
-19,-90,-56,49,24,-81,76,31,-26,-57,-74,-60
-36,-97,-64,45,23,-52,51,25,-37,-86,-61,-64
-42,-110,-35,40,20,-98,51,27,-10,-77,-96,-69
-30,-95,-69,68,-10,-69,27,15,-14,-66,-69,-66
-14,-82,-77,65,31,-86,27,44,-30,-75,-73,-51
-22,-88,-65,62,21,-75,71,52,-43,-71,-81,-59
-32,-91,-72,54,15,-95,91,66,-28,-75,-97,-66
-43,-106,-86,65,11,-73,45,27,-46,-74,-92,-53
-27,-78,-53,71,1,-82,46,47,-43,-81,-72,-65
-27,-125,-73,84,12,-62,53,32,-15,-64,-96,-68
-41,-88,-67,54,11,-88,60,28,-32,-49,-87,-57
-24,-105,-66,84,17,-92,59,23,-10,-69,-87,-71
-49,-134,-74,61,26,-80,66,36,-28,-95,-110,-58
-35,-91,-74,67,20,-82,52,49,-15,-72,-78,-72
-38,-118,-61,88,1,-88,53,59,-39,-67,-70,-57
-29,-122,-88,79,2,-77,51,44,-35,-88,-90,-83
-53,-101,-64,85,34,-105,51,32,-40,-70,-98,-75
-31,-100,-73,69,15,-110,44,33,-54,-79,-101,-62
-39,-98,-65,71,-7,-89,53,53,-40,-84,-81,-73
-62,-107,-80,73,15,-89,59,31,-49,-94,-80,-79
-51,-113,-64,77,21,-73,60,61,-35,-86,-104,-63
-21,-92,-49,51,16,-91,59,58,-25,-89,-85,-55
-31,-97,-77,82,17,-106,51,40,-38,-64,-99,-61
-42,-101,-67,89,19,-89,58,50,-10,-84,-73,-67
-32,-108,-68,58,21,-76,42,65,-39,-73,-83,-80
-49,-97,-46,86,9,-86,28,50,-30,-62,-71,-71
-33,-116,-59,80,14,-91,55,55,-35,-72,-98,-80
-33,-126,-86,62,8,-106,80,58,-32,-75,-83,-83
-12,-104,-38,69,15,-66,53,40,-37,-85,-109,-61
-37,-116,-83,75,37,-86,65,29,-22,-61,-115,-53
-29,-102,-63,75,23,-79,56,34,-9,-78,-109,-80
-28,-100,-77,60,23,-87,54,43,-27,-69,-103,-63
-38,-105,-82,59,12,-69,34,36,-34,-68,-100,-78
-27,-91,-48,67,25,-109,47,28,-43,-48,-91,-78
-41,-129,-63,74,18,-89,54,56,-31,-72,-91,-79
-47,-131,-67,74,12,-86,51,67,-24,-80,-79,-77
-31,-91,-37,78,34,-88,64,43,-20,-86,-79,-76
-27,-113,-52,62,13,-100,40,62,-35,-90,-84,-74
-27,-95,-65,66,28,-60,49,42,-14,-94,-79,-74
-28,-99,-64,83,26,-83,45,43,-50,-73,-85,-57
-30,-99,-85,77,12,-75,68,62,-32,-89,-84,-66
-8,-98,-90,77,28,-97,39,57,-41,-84,-91,-68
-10,-114,-49,73,1,-95,41,48,-56,-110,-94,-63
-32,-105,-59,58,3,-73,50,40,-10,-63,-76,-61
-20,-113,-50,99,46,-65,58,31,-19,-67,-85,-83
-32,-129,-69,58,31,-82,82,35,-34,-80,-95,-56
-18,-108,-70,66,-13,-90,54,31,-13,-68,-78,-82
-38,-116,-48,70,-4,-89,29,56,-28,-89,-64,-54
-27,-95,-72,71,17,-93,39,48,-29,-91,-99,-76
-25,-115,-52,62,22,-100,56,66,-25,-48,-97,-84
-52,-79,-67,70,26,-67,61,42,-55,-68,-98,-80
-43,-117,-82,48,17,-93,38,26,-21,-88,-96,-80
-32,-93,-49,90,11,-78,64,69,-60,-61,-92,-58
-34,-94,-63,62,14,-74,57,25,-38,-79,-70,-81
-42,-112,-47,73,4,-68,32,54,-18,-83,-96,-59
-44,-121,-66,58,20,-97,70,25,-24,-67,-89,-78
-45,-101,-71,70,31,-71,74,25,-24,-97,-91,-80
-41,-100,-79,50,17,-91,33,35,-55,-66,-76,-83
-34,-95,-68,57,15,-75,54,32,17,-67,-119,-74
-15,-90,-53,68,31,-73,54,40,-22,-82,-78,-73
-21,-88,-34,68,30,-77,40,30,-29,-74,-114,-58
-11,-95,-58,72,40,-91,66,37,-50,-72,-86,-65
-30,-105,-59,54,3,-97,38,26,-21,-64,-101,-71
-34,-106,-61,77,30,-85,34,65,-5,-75,-76,-87
-55,-88,-65,94,-1,-73,80,28,-25,-68,-69,-54
-25,-101,-83,78,47,-95,63,23,-40,-62,-84,-69
-37,-95,-71,72,19,-95,53,25,-25,-72,-103,-61
-19,-81,-69,78,0,-52,51,39,-49,-59,-89,-78
-38,-106,-61,63,-3,-80,56,40,0,-74,-89,-63
-27,-107,-52,86,2,-48,50,29,-46,-82,-61,-61
-56,-98,-93,78,45,-85,76,42,-28,-71,-92,-70
-33,-84,-78,97,10,-97,43,38,-12,-59,-79,-70
-40,-90,-67,70,32,-87,40,23,-27,-74,-84,-81
-39,-78,-76,63,23,-80,62,37,-27,-64,-99,-89
-32,-80,-71,80,9,-85,85,62,-33,-57,-89,-75
-51,-121,-72,73,35,-75,62,41,-24,-89,-89,-80
-48,-76,-59,55,18,-83,59,50,-10,-97,-78,-65
-26,-58,-52,72,19,-79,33,37,-27,-40,-89,-68
-38,-106,-60,71,26,-84,49,33,-12,-52,-90,-50
-46,-79,-67,82,21,-76,51,4,-24,-69,-75,-92
-18,-95,-58,61,31,-93,48,31,-25,-53,-87,-68
-20,-88,-50,66,-3,-83,56,37,-19,-66,-93,-62
-30,-79,-87,46,-10,-80,58,14,-52,-59,-79,-87
-42,-91,-51,57,2,-86,63,54,-19,-68,-79,-41
-10,-100,-79,75,24,-68,50,47,-10,-56,-96,-62
-32,-100,-63,73,31,-76,52,35,-40,-71,-70,-53
-26,-79,-76,51,22,-72,24,57,-9,-39,-73,-41
-27,-70,-64,73,30,-51,52,49,-37,-66,-65,-79
-18,-104,-51,66,11,-65,42,62,-18,-77,-77,-48
-19,-89,-25,77,1,-70,50,41,-25,-70,-56,-57
-32,-87,-40,43,14,-55,58,14,-34,-84,-45,-70
-40,-72,-78,55,26,-51,44,23,-2,-62,-75,-57
-26,-89,-71,64,15,-67,42,30,-22,-43,-66,-56
-33,-79,-48,71,27,-84,43,44,-18,-52,-53,-49
-31,-75,-60,47,18,-67,13,38,-34,-62,-55,-53
-16,-92,-65,32,13,-46,47,29,-37,-62,-70,-50
-22,-75,-44,42,39,-69,49,31,-24,-46,-91,-50
-29,-57,-68,41,-12,-55,35,13,-31,-46,-69,-50
-28,-62,-40,48,24,-52,60,36,-22,-62,-61,-24
-3,-62,-41,39,-1,-86,40,33,-11,-60,-70,-32
-38,-79,-46,74,17,-65,23,33,-11,-53,-50,-41
-17,-64,-33,61,-8,-27,35,16,12,-61,-73,-42
-34,-51,-32,48,3,-54,30,26,-36,-61,-67,-46
-14,-42,-27,49,8,-25,36,18,-24,-42,-66,-22
-26,-65,-42,39,1,-47,26,30,-20,-29,-53,-45
-26,-38,-27,21,29,-48,42,25,-17,-46,-67,-42
-3,-52,-25,15,20,-38,1,19,1,-41,-37,-30
-20,-62,-22,40,22,-54,15,20,-4,-11,-48,-16
-23,-38,-32,-1,7,-47,35,18,-19,-55,-39,-33
-11,-31,-30,48,-4,-23,24,34,-6,-45,-74,-25
6,-48,-11,23,48,-33,22,3,-22,-40,-16,-32
12,-34,-43,37,11,-29,51,-1,-19,6,-33,-30
-1,-11,-15,25,17,-34,10,6,-9,-6,-16,5
-18,-27,-13,-12,-3,-10,20,-4,-24,-14,-20,1
-28,-6,-24,0,5,9,1,15,-2,-18,-20,-19
-17,-5,-35,8,1,-4,-14,18,-9,-20,-12,1
13,1,8,-2,12,-9,-1,19,16,19,8,-6
1,-13,9,3,-7,1,3,-18,-6,-18,32,-1
5,28,24,-10,-14,18,1,-15,9,33,25,11
8,16,25,-14,13,28,-16,5,-1,7,9,37
4,25,26,-18,-14,40,-24,-10,1,22,22,47
11,41,35,-16,4,47,-8,-1,6,28,59,1
15,52,14,-34,-5,51,-40,-41,22,27,65,28
26,66,20,-31,-7,52,-35,4,11,41,66,26
13,46,43,-36,-3,80,-42,-33,30,17,59,59
33,83,56,-39,3,59,-38,-39,9,46,75,81
22,71,62,-63,-8,85,-68,-49,43,55,60,60
27,92,46,-63,-20,61,-37,-21,32,82,82,58
60,102,44,-52,-17,89,-72,-61,18,68,89,98
56,98,43,-64,-10,83,-58,-70,31,89,112,105
60,131,57,-79,-35,96,-66,-42,46,94,114,86
51,129,59,-73,-26,99,-70,-55,29,99,107,87
59,114,97,-109,-15,124,-84,-55,36,87,107,114
54,126,97,-92,-16,138,-67,-61,42,71,138,93
55,160,105,-94,-30,144,-68,-61,29,106,115,97
42,140,96,-110,-39,135,-93,-50,46,109,131,121
57,147,144,-88,-29,161,-78,-82,46,122,153,127
56,149,114,-99,-35,143,-96,-73,70,121,160,125
56,175,99,-127,-29,157,-102,-70,60,129,164,123
54,178,116,-118,-33,167,-90,-69,57,130,171,112
46,169,137,-111,-23,161,-83,-87,54,150,156,129
39,203,125,-119,-42,167,-107,-59,68,126,154,143
77,163,129,-111,-61,142,-102,-53,57,156,162,104
74,199,133,-148,-29,151,-105,-66,59,150,149,118
83,172,96,-136,-40,177,-120,-69,55,140,180,135
85,188,119,-120,-35,154,-119,-77,61,159,171,131
66,187,130,-134,-22,164,-118,-66,40,114,175,131
50,197,108,-119,-26,148,-111,-84,65,154,177,123
59,180,112,-109,-14,154,-95,-63,75,136,158,125
80,178,114,-102,-24,146,-106,-73,41,124,175,125
60,182,125,-112,-38,130,-93,-92,44,163,171,138
70,176,131,-116,-19,133,-104,-71,59,139,159,106
47,165,119,-109,-28,125,-112,-67,36,137,153,96
61,171,103,-99,-6,124,-105,-78,48,114,145,125
62,152,100,-104,-25,132,-105,-83,49,109,137,86
47,145,86,-100,8,123,-64,-50,55,106,128,112
37,129,106,-79,-25,109,-85,-87,31,102,126,99
43,110,96,-104,-30,89,-69,-36,48,114,121,90
60,107,64,-69,-4,107,-87,-66,42,91,122,99
41,91,75,-110,-8,88,-58,-51,19,78,95,75
25,100,65,-74,-6,101,-63,-37,40,70,105,77
39,103,54,-66,-22,74,-56,-63,24,82,91,72
40,81,62,-44,-16,72,-57,-38,44,69,81,63
22,87,43,-58,-39,87,-63,-39,7,55,68,50
15,68,43,-47,-11,58,-38,-40,25,41,88,50
18,74,50,-45,10,53,-24,-17,-6,50,44,59
21,61,33,-47,-27,31,-43,-37,16,45,43,35
32,60,33,-36,-18,29,-34,-22,11,35,24,48
26,22,51,9,-15,39,-22,-44,-10,21,46,19
30,27,15,-2,-29,13,-20,-4,15,30,13,37
-3,38,-9,1,-7,35,4,-4,3,2,17,19
2,46,14,-7,2,-20,-11,-4,14,18,19,22
22,24,14,-3,4,2,1,1,21,-1,1,12
-34,25,0,7,-2,12,7,-12,-6,-9,0,-9
8,-5,15,12,-17,3,-13,10,-4,11,-25,-29
17,-36,-6,9,4,-11,36,6,-14,-2,-15,-16
-6,-21,-16,17,4,-11,17,9,3,-34,-7,-13
-7,-30,-26,23,16,-10,9,12,-6,-7,-35,0
7,-43,-5,16,10,-12,2,11,-3,-31,-26,-6
-5,-20,-2,20,-13,-52,7,28,4,-16,-24,-42
4,-26,-10,21,16,-36,22,24,-4,-18,-16,-48
-25,-24,-26,29,-3,-54,8,19,-16,-38,-30,0
-24,-32,-36,36,-3,-39,30,19,-11,-47,-28,-6
-25,-47,-24,41,10,-39,22,-3,2,-38,-17,-23
-2,-46,-47,32,-5,-44,29,33,-14,-24,-49,-48
-37,-58,-38,43,-3,-26,10,-9,-24,-57,-33,-75
-33,-57,-22,33,11,-45,18,20,-9,-46,-38,-17
-20,-52,-42,52,24,-24,10,14,-14,-48,-75,-37
-20,-65,-28,42,16,-58,51,29,-28,-46,-35,-30
-37,-65,-42,37,-6,-30,11,31,-19,-38,-49,-54
-23,-51,-51,36,-4,-47,20,16,-25,-47,-57,-49
-20,-66,-38,45,-2,-50,49,27,-34,-53,-61,-50
-20,-86,-45,37,9,-57,24,7,-20,-57,-61,-51
-19,-63,-52,51,15,-50,16,35,-35,-61,-64,-45
-27,-77,-48,35,16,-73,37,29,-16,-75,-56,-73
-22,-79,-52,78,2,-82,53,37,-33,-70,-95,-69
-28,-96,-67,64,36,-76,56,30,-9,-54,-74,-75
-35,-109,-52,53,-4,-63,53,21,-8,-66,-101,-36
-23,-101,-76,54,15,-71,56,36,-26,-89,-103,-65
-10,-112,-60,59,-4,-87,56,32,-33,-82,-82,-65
-63,-121,-73,82,8,-106,52,36,-55,-83,-118,-84
-37,-139,-83,100,37,-118,68,63,-44,-107,-133,-98
-46,-150,-111,125,30,-125,88,66,-56,-124,-146,-98
-85,-174,-97,110,3,-161,93,63,-75,-132,-163,-123
-62,-173,-114,141,27,-170,102,86,-62,-157,-169,-149
-69,-181,-127,146,30,-164,108,64,-58,-161,-181,-150
-76,-217,-114,142,42,-181,126,82,-71,-151,-174,-153
-98,-220,-171,148,44,-193,132,98,-66,-163,-230,-138
-59,-244,-144,149,16,-199,127,94,-65,-161,-203,-183
-64,-232,-149,145,17,-205,122,87,-76,-153,-211,-155
-50,-213,-141,152,29,-188,124,94,-75,-167,-188,-146
-79,-192,-124,138,27,-183,95,75,-67,-154,-191,-151
-55,-185,-136,101,39,-142,111,64,-54,-110,-171,-143
-63,-136,-115,128,24,-127,87,61,-29,-107,-130,-116
-41,-123,-80,98,20,-68,32,41,-38,-71,-77,-83
-38,-36,-32,41,14,-49,12,29,-29,-31,-67,-51
-2,9,-11,25,2,6,0,3,-44,15,5,-1
29,88,30,-28,-9,45,-33,-27,42,29,56,38
38,136,96,-89,-29,128,-78,-55,28,90,118,99
78,198,140,-121,-24,192,-122,-79,63,172,183,133
119,294,199,-198,-42,255,-179,-119,70,222,261,230
149,369,253,-265,-56,324,-200,-152,116,305,337,274
173,505,293,-352,-85,392,-275,-204,133,383,436,335
206,572,370,-411,-93,496,-320,-243,180,467,547,401
240,666,444,-467,-117,592,-388,-258,202,527,616,469
267,771,503,-525,-132,648,-423,-330,246,581,698,523
305,854,550,-567,-121,722,-471,-350,254,630,770,571
325,915,592,-609,-163,768,-497,-348,279,662,831,634
342,969,599,-639,-128,801,-547,-381,268,750,863,660
345,970,642,-669,-149,806,-544,-385,286,721,872,709
331,996,629,-674,-128,824,-561,-400,271,731,886,705
337,967,613,-648,-153,787,-528,-383,291,739,884,692
325,949,618,-628,-160,783,-504,-367,281,701,839,657
297,867,554,-612,-118,720,-489,-369,262,665,803,626
289,815,541,-541,-129,673,-463,-334,254,629,732,578
268,731,466,-496,-112,614,-378,-257,213,546,646,503
212,607,423,-443,-97,534,-334,-235,200,499,579,423
193,533,343,-346,-85,415,-313,-225,162,393,490,367
144,431,286,-274,-67,342,-233,-171,135,333,393,295
121,333,211,-213,-62,244,-157,-131,107,217,277,226
79,237,133,-147,-14,187,-124,-100,49,155,215,151
42,99,86,-94,-31,94,-63,-42,49,84,118,82
10,11,37,-2,-20,35,-15,3,11,27,1,14
-36,-36,-17,40,7,-29,23,8,-16,-37,-52,-38
-39,-114,-70,98,6,-95,77,50,-38,-78,-111,-84
-68,-183,-117,89,32,-158,108,74,-48,-133,-167,-112
-79,-229,-143,145,36,-200,110,104,-72,-167,-209,-152
-81,-259,-185,176,36,-218,145,99,-89,-195,-244,-193
-112,-284,-187,201,38,-235,150,133,-105,-218,-248,-205
-125,-287,-220,212,51,-250,169,118,-89,-231,-270,-213
-97,-282,-203,227,48,-248,184,128,-77,-239,-287,-196
-95,-299,-189,240,44,-251,157,118,-115,-238,-271,-226
-114,-282,-201,188,37,-229,172,119,-80,-231,-264,-207
-93,-287,-186,196,47,-258,162,112,-75,-210,-253,-192
-108,-271,-173,177,54,-225,161,115,-106,-210,-217,-194
-105,-268,-155,166,42,-225,141,88,-70,-207,-220,-185
-87,-242,-141,150,26,-185,122,93,-73,-174,-226,-168
-64,-217,-130,148,43,-193,112,100,-60,-145,-192,-171
-68,-197,-128,147,33,-158,116,87,-75,-142,-174,-134
-62,-162,-104,94,24,-127,90,57,-57,-153,-153,-125
-55,-166,-94,101,21,-137,74,65,-37,-126,-123,-106
-61,-128,-103,102,19,-111,66,18,-63,-100,-139,-90
-46,-119,-77,83,18,-97,62,46,-21,-98,-120,-82
-35,-118,-78,76,19,-107,52,29,-46,-80,-110,-69
-42,-96,-55,58,9,-63,45,23,-9,-46,-95,-71
-11,-99,-66,42,9,-61,76,28,-29,-61,-90,-64
-17,-79,-69,41,3,-65,11,42,-34,-69,-78,-59
-11,-66,-23,46,4,-59,41,25,-30,-62,-71,-44
-14,-73,-32,49,16,-56,37,28,-28,-44,-50,-70
-15,-75,-32,28,16,-55,57,31,-31,-39,-52,-53
-21,-50,-47,57,13,-59,25,8,-22,-25,-49,-42
-18,-46,-26,20,2,-54,15,33,-13,-42,-36,-47
-22,-47,-34,38,12,-38,25,38,-30,-38,-41,-5
-14,-28,-41,17,1,-37,14,21,-23,-39,-23,-24
-9,-41,-45,38,10,-45,9,47,-11,-43,-58,-24
-9,-17,0,54,-13,-32,26,20,-26,-57,-32,-45
-33,-60,-7,42,-2,-51,6,27,4,-32,-45,-29
-1,-54,-25,49,18,-37,21,26,-2,-28,-45,-27
0,-43,-31,26,8,-45,48,4,-7,-40,-30,-15
-11,-31,-23,51,7,-39,16,22,-8,-14,-59,-32
-9,-48,-25,39,17,-47,21,23,1,-9,-37,-43
-18,-26,-12,12,7,-17,23,30,-18,-37,-46,-20
-36,-48,-10,15,10,-7,-14,10,-4,-20,-31,-27
-12,-22,-20,5,1,-17,24,14,-1,-29,-19,-11
-17,-20,4,16,-26,-36,18,-3,-15,-32,-18,-18
-15,-27,-17,13,22,-28,13,18,5,-21,-26,-4
-28,-14,-9,9,3,-31,8,27,-4,-6,-28,-10
10,-21,-24,5,-5,-24,16,-6,14,-15,-20,5
-23,-35,-28,9,15,-3,28,15,-19,-29,16,0
4,-9,4,14,21,-16,16,15,19,-7,-11,-9
-4,-10,14,-1,-1,9,-15,5,1,-51,-15,3
-40,-15,7,23,-7,18,10,3,-11,-5,8,-21
-6,22,10,21,6,12,29,-8,-20,0,10,-11
6,-8,-7,-18,17,4,-6,-5,3,-5,-3,-2
8,12,10,-4,21,8,-8,8,-2,7,17,-7
14,11,-14,-12,7,8,-16,-2,17,1,-21,-2
13,4,4,-10,-6,3,1,-6,6,8,7,22
18,12,2,-3,-22,7,-1,2,-13,17,16,20
17,18,35,-17,-7,10,-41,-19,-3,10,28,19
14,22,24,-20,8,20,-3,-8,33,26,17,29
26,25,-4,-16,10,36,-18,-14,10,1,16,14
53,49,34,-29,-8,28,-47,-19,24,50,41,15
23,62,44,-37,-6,38,-23,-11,13,37,41,13
16,42,39,-13,1,50,2,-25,27,44,39,42
33,52,49,-55,-12,39,-65,-37,32,43,42,50
30,57,42,-36,0,48,-22,-28,6,33,72,49
20,50,49,-43,-29,56,-53,-30,31,63,58,60
31,79,59,-67,-5,52,-46,-1,33,44,70,67
15,77,74,-48,-30,78,-36,-22,29,92,87,83
45,107,56,-64,-30,48,-39,-25,8,68,101,59
36,113,64,-72,-3,76,-62,-65,52,66,101,80
44,98,52,-65,-29,92,-34,-19,41,70,101,70
30,117,74,-62,-7,82,-69,-70,57,64,108,86
49,100,68,-69,-7,116,-68,-58,49,100,109,91
44,148,88,-94,-31,93,-70,-61,50,89,113,97
66,148,90,-94,-6,111,-59,-42,50,84,141,90
35,163,103,-96,-37,114,-101,-76,32,109,132,115
55,145,81,-112,-31,144,-89,-59,28,99,139,115
48,153,99,-117,-37,158,-106,-91,68,129,128,128
60,185,134,-114,-23,144,-87,-72,52,125,153,124
46,169,132,-103,-21,163,-120,-88,56,141,170,113
78,203,139,-140,-30,152,-88,-92,68,153,189,130
77,199,120,-114,-19,165,-103,-66,53,145,173,152
76,178,124,-158,-38,157,-123,-76,52,155,219,143
87,214,138,-149,-40,166,-124,-89,66,177,207,150
96,235,141,-147,-47,172,-124,-81,78,161,214,150
70,244,160,-154,-52,181,-144,-99,72,171,227,196
67,251,172,-164,-49,221,-129,-102,88,180,216,177
103,281,172,-172,-15,204,-127,-100,93,189,223,155
119,264,188,-186,-32,200,-147,-102,67,202,241,174
104,274,203,-175,-45,245,-146,-119,78,202,252,198
92,289,196,-175,-54,229,-153,-119,89,200,254,186
57,283,187,-191,-54,233,-167,-111,83,226,258,199
115,299,195,-175,-44,235,-133,-122,77,227,256,195
95,296,202,-227,-21,242,-163,-132,110,227,261,204
106,306,204,-216,-68,278,-186,-113,91,238,275,209
118,315,200,-198,-58,262,-176,-122,94,246,288,237
116,307,193,-222,-62,281,-167,-130,116,243,280,236
121,330,222,-216,-40,275,-182,-113,96,243,277,222
143,324,225,-231,-49,271,-150,-140,106,241,305,233
130,331,192,-240,-50,267,-177,-126,111,249,304,256
131,322,210,-236,-73,282,-188,-119,118,243,305,237
135,350,228,-236,-54,288,-196,-123,107,233,326,257
117,369,243,-242,-26,283,-196,-141,93,272,310,240
108,346,208,-233,-60,302,-185,-132,103,273,323,242
144,335,239,-239,-93,282,-213,-166,94,276,312,251
121,371,238,-244,-44,314,-186,-122,112,269,334,248
111,348,232,-242,-47,305,-215,-145,115,242,320,232
134,353,224,-216,-45,302,-225,-136,102,254,319,254
130,369,247,-238,-62,308,-210,-150,117,294,313,263
130,352,242,-240,-43,292,-202,-140,77,260,338,264
105,354,234,-251,-68,293,-205,-137,94,273,317,222
140,381,227,-260,-60,295,-179,-161,104,279,319,262
138,372,232,-258,-37,293,-186,-158,129,289,316,250
129,362,248,-255,-46,302,-188,-134,107,276,342,250
120,350,210,-264,-52,300,-198,-126,84,266,307,239
126,357,223,-244,-33,297,-182,-132,90,285,323,247
126,367,218,-237,-60,304,-215,-133,121,281,326,246
114,381,246,-255,-46,300,-188,-149,105,254,315,273
136,350,215,-245,-51,293,-178,-137,106,259,308,233
113,343,199,-243,-69,279,-173,-153,98,252,314,237
135,337,228,-239,-35,281,-177,-143,99,271,319,245
111,323,208,-227,-72,270,-186,-146,98,274,296,224
94,347,225,-225,-57,274,-165,-146,114,265,308,227
96,315,211,-197,-54,269,-178,-128,107,233,303,217
118,340,208,-225,-40,265,-186,-123,85,253,300,216
115,327,235,-224,-56,257,-180,-155,93,245,274,215
119,300,197,-201,-53,242,-165,-141,75,234,290,219
91,320,194,-204,-31,245,-170,-128,89,226,276,214
97,308,193,-199,-24,249,-179,-94,87,234,289,186
99,276,169,-210,-56,222,-161,-99,72,227,251,196
110,293,192,-185,-47,238,-142,-108,87,199,250,193
88,272,172,-193,-40,227,-172,-105,58,193,228,185
100,250,167,-197,-34,218,-158,-97,84,218,218,164
80,259,183,-165,-36,179,-122,-95,57,183,222,176
78,246,141,-172,-19,242,-137,-96,82,192,204,165
84,234,153,-163,-35,213,-136,-91,59,192,198,159
82,239,150,-164,-48,236,-136,-91,75,148,199,165
90,222,158,-147,-54,199,-132,-86,80,158,199,170
51,216,129,-138,-22,169,-115,-96,56,166,194,145
72,199,115,-122,-24,150,-119,-68,66,152,181,150
72,169,134,-138,-40,165,-118,-82,45,123,175,151
87,191,107,-135,-46,161,-98,-89,64,119,151,119
18,171,114,-113,-7,157,-124,-60,77,137,151,126
62,167,106,-109,-12,149,-81,-49,40,109,147,127
55,152,101,-89,4,116,-95,-56,45,124,156,127
49,122,109,-109,-23,142,-68,-45,46,103,119,76
44,160,85,-94,-37,124,-62,-53,38,105,129,94
37,123,82,-80,-24,115,-70,-39,33,75,126,105
38,117,82,-86,-17,97,-85,-58,28,83,119,86
33,107,77,-81,-21,108,-54,-47,30,75,107,79
42,124,82,-72,-34,93,-88,-30,17,67,80,50
35,61,61,-65,3,94,-61,-30,16,74,95,63
51,82,47,-63,2,101,-49,-46,38,71,79,90
32,98,51,-67,-15,77,-61,-31,8,74,77,61
21,79,64,-45,-11,60,-58,-15,33,34,51,59
31,61,68,-39,-19,73,-28,-40,23,55,85,43
13,68,43,-37,-12,36,-20,-33,13,68,63,77
15,43,47,-39,9,59,-31,-24,36,39,71,71
-4,54,31,-38,19,41,-39,-22,27,29,47,62
7,39,30,-54,-11,25,-29,-35,11,46,48,36
39,50,19,1,-13,51,-27,-37,6,19,34,34
16,38,18,-36,-16,29,-19,-13,13,31,21,28
-8,36,33,-25,3,17,-21,-18,33,19,24,19
23,26,-5,-36,2,17,-20,-17,12,23,12,20
8,25,29,-13,1,14,8,2,7,29,7,21
-7,34,18,6,7,1,-4,9,17,2,7,18
-10,-8,10,-29,-16,-12,-33,-12,17,14,12,7
15,8,9,-10,24,19,9,8,14,4,-13,-30
7,-5,-10,6,-10,15,14,11,-3,1,-7,-13
10,1,-7,15,-6,6,-1,-38,8,-15,-17,1
10,-15,-2,-18,-14,-2,12,0,-1,-5,-11,-13
17,-15,4,28,10,-11,17,1,6,-3,-3,-7
-15,0,-14,4,-8,9,2,0,4,1,1,0
-15,-28,-5,-4,0,4,-1,-13,7,4,9,-2
23,-21,-28,25,1,-22,-3,-5,2,-12,-26,-10
-6,-36,-10,18,8,-20,24,-8,-6,-29,-9,1
-3,-10,6,10,16,-14,7,2,-2,-15,-11,-24
15,-47,-43,22,-5,-30,14,12,14,-20,-26,-18
-9,-31,-6,7,6,-17,37,19,-3,-16,-18,-20
8,-40,-8,13,-3,-44,44,-5,5,-18,-23,-18
-1,-14,-16,20,3,-25,6,-1,-31,-28,-35,-13
-28,-32,-13,3,13,-40,23,24,-19,-8,-23,-28
-25,-43,-42,20,9,-34,35,18,-4,-27,-40,-50
-8,-40,-27,41,16,-53,28,-1,-11,-34,-46,-25
0,-51,-24,46,17,-15,15,16,-19,-42,-30,-43
-20,-42,-13,36,11,-4,36,25,-11,-15,-44,-19
-8,-28,-30,27,9,-53,23,44,-8,-21,-43,-44
-28,-60,-21,40,6,-31,19,36,-11,-40,-22,-43
-22,-54,-23,37,16,-22,12,3,-21,-21,-48,-45
-10,-50,-28,22,6,-38,30,22,-8,-34,-38,-15
-15,-52,-43,13,20,-41,14,8,-20,-44,-29,-21
-28,-61,-37,11,6,-50,23,31,-9,-48,-44,-8
-4,-38,-32,45,5,-41,31,16,-18,-59,-30,-20
-27,-40,-40,13,10,-16,26,9,-17,-41,-54,-27
-10,-50,-40,19,-1,-44,36,23,-38,-28,-54,-46
-22,-37,-28,32,12,-32,36,-11,-2,-43,-33,-40
-6,-55,-45,30,-12,-36,14,15,-17,-47,-30,-23
-22,-52,-33,46,-2,-24,31,39,-26,-43,-50,-42
-17,-56,-20,20,4,-29,17,9,-5,-38,-32,-31
-16,-39,-43,22,1,-39,29,5,-20,-57,-29,-37
-4,-51,-36,36,18,-41,42,5,-27,-28,-65,-35
-29,-39,-57,33,3,-40,35,12,-17,-37,-43,-51
-11,-67,-30,8,4,-40,30,17,-11,-32,-69,-47
-29,-58,-42,19,2,-42,14,27,-12,-49,-64,-32
-29,-42,-19,21,-15,-32,18,19,-15,-22,-39,-34
-28,-57,-45,31,4,-49,31,11,-18,-41,-33,-27
-27,-51,-33,32,12,-49,23,54,-11,-47,-46,-16
-43,-35,-27,24,16,-25,15,37,-1,-55,-36,-26
-7,-40,-43,24,12,-38,23,7,-28,-49,-57,-48
-37,-50,-44,31,-24,-31,12,45,-21,-14,-24,-35
-31,-54,-45,28,15,-54,29,26,-21,-34,-50,-46
8,-44,-18,27,-14,-36,37,34,2,-43,-42,-33
-14,-55,-24,25,5,-31,33,46,-38,-43,-57,-38
-2,-59,-15,26,0,-63,38,-9,-21,-40,-55,-62
-2,-71,-39,56,11,-28,9,21,-23,-24,-37,-24
-30,-39,-26,48,5,-39,26,29,-13,-61,-69,-62
-18,-42,-59,21,-22,-34,38,3,-20,-37,-51,-51
-13,-48,-28,29,6,-49,20,10,-9,-39,-30,-55
-15,-58,-45,43,8,-34,31,25,-9,-20,-33,-46
-18,-45,-35,30,12,-32,33,17,-8,-54,-42,-31
-33,-61,-27,36,-27,-55,16,34,-3,-32,-49,-16
-8,-57,-39,20,-14,-48,17,11,-27,-57,-57,-51
-31,-42,-33,44,-4,-40,25,15,-23,-21,-67,-18
-38,-52,-29,61,11,-26,28,20,-29,-28,-37,-18
-14,-47,-31,47,-2,-63,24,7,-20,-20,-62,-27
-7,-46,-57,28,8,-57,18,24,20,-37,-33,-25
-15,-52,-40,29,-8,-36,20,29,-26,-45,-37,-39
-12,-55,-47,5,10,-38,26,41,-28,-12,-42,-41
-17,-53,-40,42,-19,-8,23,2,13,-36,-46,-35
-14,-65,-27,18,31,-43,39,18,-26,-47,-17,-22
-3,-35,-41,21,1,-32,8,14,-29,-52,-55,-52
7,-59,-38,11,5,-44,18,19,-19,-63,-32,-24
-17,-67,-29,32,-7,-32,11,29,-26,-41,-33,-34
-13,-52,-29,29,14,-31,27,17,-31,-11,-35,-18
-17,-64,-16,27,-4,-32,42,31,-28,-34,-40,-43
-7,-44,-33,28,12,-58,19,51,-7,-58,-43,-8
12,-39,-51,34,0,-29,13,20,-23,-27,-31,-18
-1,-45,-19,7,9,-19,36,40,-10,-6,-59,-13
-48,-31,-22,29,4,-34,16,30,-22,-35,-48,-9
21,-27,-23,24,15,-54,19,26,-8,-23,-26,-7
-27,-54,-29,7,-1,-38,8,-13,-5,-43,-39,-16
-14,-33,-19,45,6,-53,11,22,3,-14,-32,-15
0,-35,-39,25,3,-28,28,5,2,-16,-55,-19
-8,-49,-28,6,1,-19,22,6,-34,-15,-43,-21
-5,-38,-33,24,8,-5,28,16,-18,-29,-33,-39
2,-46,-18,30,-13,-25,28,9,-48,-27,-32,-32
-11,-30,-19,18,6,-30,29,13,-15,-33,-18,-27
2,-65,-28,5,15,-6,30,-1,-3,-49,-13,-22
-10,-48,-17,43,-25,-31,32,31,-19,-34,-49,-46
-6,-39,-30,17,9,-54,41,7,-9,-30,-15,-24
6,-44,-23,24,26,-20,21,31,6,-29,-38,-41
-12,-29,-20,38,4,-46,12,-6,-12,-32,-18,-32
-5,-38,-28,15,19,-21,15,22,10,-48,-37,-22
-20,-46,-8,20,14,-40,30,13,-13,-35,-39,-28
-4,-25,-16,3,30,-12,30,11,14,-19,-25,-30
-15,-21,-19,7,-3,-26,22,5,-9,-37,-18,-29
-10,-46,-31,18,6,-21,18,24,17,-39,-38,-29
-3,-13,-21,1,38,-19,16,5,-5,-19,-27,-17
-15,-20,-20,29,-9,-33,26,13,9,-28,-50,-15
-3,-41,-12,31,11,-22,25,25,-21,-30,-11,-17
-24,-17,-27,23,16,-30,38,29,9,-8,-27,-26
18,-34,-23,19,13,-10,7,24,-6,-35,-26,-9
1,-38,-4,35,7,-37,24,28,-5,-17,-20,-35
-11,-54,-1,19,0,-23,-5,31,-14,-35,-54,-24
-14,-14,-28,13,20,-2,43,21,-6,-26,-41,-39
-8,-28,-12,16,2,-12,15,5,-3,-14,-40,-27
-6,-36,-35,12,10,-18,13,7,16,-18,-26,-15
-4,-46,0,-3,-5,-27,31,-2,-10,-36,-7,-30
-18,-45,-13,26,-1,-33,19,19,10,-11,-21,-9
-16,-33,-19,28,9,-22,18,20,8,3,-18,-1
-17,-23,-11,12,-13,-42,19,-1,7,-22,-31,-3
2,-13,-22,16,-5,-9,20,22,1,-8,-12,-14
15,-5,-26,12,-4,-25,9,20,-7,-7,-17,-1
-18,-17,-19,17,-8,-7,13,11,-2,-11,-26,-12
-2,-9,-17,19,-5,-1,8,6,-4,2,-14,0
7,-31,7,-13,2,12,0,4,7,-3,-20,-26
-4,-2,8,28,17,8,-5,1,-6,-1,-14,3
3,-1,8,26,10,-21,5,10,-15,-8,10,-2
-10,-19,17,18,5,-22,-14,-1,3,-10,0,-5
1,-14,6,7,9,13,10,-10,-4,-6,-15,-10
-16,0,-1,4,-5,-27,2,-8,25,-11,-16,-17
-19,4,-25,15,-5,-9,-5,-4,19,-7,-13,-7
2,4,-8,-22,4,-7,11,12,7,1,-8,8
-17,-10,-26,-22,-6,-5,-20,14,-14,2,20,-8
-7,21,-16,-5,13,-23,-22,-12,20,29,9,0
12,1,4,11,1,9,-2,-6,-6,10,18,29
-13,9,17,-16,7,7,-39,-21,0,-8,20,27
20,-8,-10,-19,10,2,-7,-9,-4,9,16,9
4,36,28,-4,1,1,-27,-14,-1,38,43,4
-8,37,14,-35,-9,33,-32,-15,2,26,18,23
5,39,57,-29,-8,26,-6,-4,8,23,19,39
27,39,34,-54,7,18,-30,-17,18,53,49,32
25,45,50,-18,-15,26,-29,-24,22,38,41,46
9,39,12,-28,-2,33,-25,-39,27,56,65,30
32,43,24,-42,-11,26,-4,-11,18,47,55,39
15,72,40,-66,-11,50,-57,-21,24,50,56,65
37,78,65,-52,-12,48,-34,-48,28,81,65,48
16,71,53,-55,11,67,-47,-33,33,47,79,52
40,113,58,-69,-18,70,-33,-34,22,60,68,65
33,70,83,-48,-14,85,-68,-26,37,93,86,72
32,105,71,-79,-29,69,-55,-42,15,61,107,90
21,141,75,-79,-9,90,-50,-36,3,76,109,96
54,128,53,-86,-22,104,-78,-52,32,90,102,105
53,145,89,-88,-17,127,-60,-55,57,84,101,91
36,143,95,-80,-15,105,-89,-73,38,124,134,126
67,140,91,-121,-7,104,-66,-15,37,118,119,89
50,152,101,-98,-33,141,-93,-56,46,133,148,102
51,155,99,-103,-34,148,-95,-74,45,110,137,118
48,189,121,-126,-35,160,-101,-92,50,138,159,138
69,189,110,-127,-58,150,-96,-79,51,127,193,101
58,216,137,-114,-19,156,-100,-94,75,145,155,143
84,204,133,-140,-34,178,-107,-86,61,153,187,152
77,237,139,-131,-27,166,-113,-88,61,168,184,151
65,209,145,-159,-51,193,-139,-99,81,174,197,151
92,252,150,-171,-43,184,-127,-88,59,154,207,155
88,266,143,-145,-51,207,-126,-95,68,168,239,187
99,240,150,-163,-47,212,-126,-113,88,169,217,195
100,228,173,-176,-47,212,-152,-98,52,173,213,167
84,248,190,-164,-46,191,-132,-96,78,183,220,171
97,242,182,-160,-38,222,-124,-95,68,192,236,181
86,266,187,-179,-36,212,-136,-92,81,203,220,178
96,293,164,-172,-41,220,-147,-111,77,208,240,203
97,261,175,-174,-28,187,-135,-119,69,198,230,180
105,257,165,-170,-22,224,-153,-110,85,205,233,204
95,264,142,-183,-41,200,-150,-88,78,211,238,187
78,247,165,-150,-37,204,-132,-106,51,189,250,157
102,243,168,-201,-53,238,-144,-118,98,205,231,179
97,281,160,-195,-31,224,-159,-77,59,201,206,175
105,273,143,-191,-35,183,-129,-110,92,182,211,182
80,249,162,-178,-39,199,-118,-103,53,186,238,189
79,261,163,-184,-43,202,-142,-122,70,179,221,167
82,243,162,-162,-44,205,-151,-91,79,192,170,183
100,252,153,-166,-24,199,-146,-100,60,188,182,173
81,246,167,-153,-64,179,-135,-112,84,177,205,175
85,203,145,-165,-32,199,-94,-87,75,166,210,155
62,224,159,-161,-43,177,-116,-88,58,157,208,140
75,229,128,-147,-40,182,-98,-99,78,151,191,126
73,198,132,-147,-34,170,-104,-104,47,140,184,137
46,200,135,-131,-22,159,-112,-69,62,146,180,126
76,207,129,-124,-41,157,-105,-55,49,132,169,140
67,196,90,-130,-26,144,-116,-52,61,146,153,106
69,180,104,-93,-39,146,-101,-80,75,120,166,133
60,167,95,-93,-46,111,-80,-78,45,106,136,109
45,148,99,-119,-18,142,-86,-55,57,125,124,108
54,141,89,-87,-19,121,-66,-34,42,122,123,108
49,132,93,-86,-20,137,-78,-66,41,93,122,103
65,115,86,-86,-19,104,-67,-43,39,107,113,105
44,125,80,-92,-8,105,-86,-34,27,84,116,107
12,132,79,-85,-23,103,-64,-37,44,82,113,68
42,112,84,-58,-8,80,-78,-43,41,72,94,72
8,98,56,-53,-16,75,-42,-51,23,58,97,71
27,95,65,-46,-6,70,-51,-49,24,61,102,51
20,86,74,-54,-8,71,-42,-25,6,54,63,52
18,47,58,-50,14,59,-48,-53,23,59,73,41
46,58,41,-39,-32,76,-29,-40,0,30,51,53
8,70,34,-48,-1,46,-52,-27,17,32,58,49
19,61,51,-15,-14,53,-44,-29,8,26,68,53
17,52,40,-31,-4,56,-23,-18,4,34,47,54
12,66,39,-40,3,42,-31,-12,17,41,30,22
19,39,17,-37,14,29,-35,-15,40,30,21,31
32,36,40,-27,11,38,4,0,-3,35,46,24
8,41,29,-31,2,30,-24,-11,8,35,62,7
9,42,17,-25,-33,17,-25,-10,-2,33,35,30
-3,33,17,-15,-3,20,7,-33,0,17,42,23
-6,19,18,-12,11,3,3,-19,1,40,9,37
-7,37,34,-2,-2,24,-23,-4,3,17,38,32
-11,19,2,-8,1,35,5,-34,23,28,20,3
15,29,-10,-32,-4,15,-3,-2,-19,2,16,14
13,26,11,-27,-13,25,4,-13,-9,18,43,23
-8,24,16,-3,-5,7,1,-14,-5,28,13,10
-7,12,0,-17,-22,8,13,-22,19,-5,1,14
-11,9,9,6,-4,1,3,-28,19,6,-1,17
0,-13,9,0,-16,-9,6,14,-9,-1,14,-4
19,0,1,-1,3,34,10,-6,10,-3,-17,12
-23,-31,-39,18,-11,-1,-3,-4,-12,-1,-8,-20
-15,-10,8,29,21,-31,19,0,-3,-1,-22,-17
-25,-30,-12,19,8,-34,0,1,-26,-13,-22,-8
-36,-46,-23,39,1,-37,17,21,-7,-12,-22,-56
-20,-26,-14,41,14,-48,40,3,-8,-33,-52,-44
-8,-55,-50,30,-5,-64,57,26,-15,-49,-50,-34
-26,-79,-36,54,-19,-49,40,41,0,-67,-67,-45
-29,-92,-75,63,6,-73,42,29,-25,-68,-64,-61
-34,-99,-89,55,-3,-66,79,46,-28,-51,-77,-61
-56,-116,-66,58,41,-74,42,38,-44,-78,-83,-76
-28,-85,-94,98,19,-88,70,55,-44,-89,-100,-85
-49,-140,-80,118,53,-115,54,73,-47,-103,-106,-83
-38,-149,-99,66,27,-111,72,44,-19,-122,-118,-107
-63,-148,-86,119,18,-128,90,88,-42,-109,-118,-102
-52,-171,-101,116,19,-122,101,56,-37,-94,-151,-106
-68,-198,-122,105,22,-144,104,36,-60,-101,-152,-105
-21,-164,-93,89,34,-142,85,83,-42,-130,-138,-106
-51,-150,-91,87,25,-119,62,69,-33,-99,-122,-111
-36,-130,-75,96,21,-104,70,64,-45,-82,-113,-86
-31,-91,-51,68,7,-89,46,25,-44,-77,-74,-60
-38,-54,-33,41,-7,-42,33,17,-4,-47,-57,-34
9,4,4,11,-23,-8,9,-3,1,9,12,-1
30,64,29,-21,-17,56,-33,-22,16,37,87,36
52,149,89,-96,-1,114,-91,-80,30,89,125,107
80,224,164,-144,-20,161,-109,-80,49,171,177,141
96,280,174,-219,-57,235,-175,-112,100,223,262,195
126,377,260,-280,-66,328,-208,-137,115,304,338,256
193,483,326,-337,-78,393,-275,-217,140,368,445,329
220,578,390,-392,-84,484,-316,-241,181,438,526,396
223,662,452,-472,-112,567,-362,-268,222,504,570,476
288,769,495,-523,-127,648,-404,-304,240,575,704,540
286,862,535,-586,-136,703,-472,-342,251,626,773,593
321,953,588,-625,-157,782,-508,-358,272,706,827,641
330,991,636,-674,-128,826,-543,-388,288,753,892,684
345,1022,664,-659,-141,868,-567,-395,304,751,935,710
385,1061,693,-724,-148,874,-590,-418,329,778,960,743
391,1076,684,-735,-142,871,-591,-405,316,787,965,748
371,1042,660,-690,-161,858,-585,-419,317,795,949,725
358,1005,663,-656,-151,830,-550,-382,323,770,911,695
337,927,622,-649,-136,781,-522,-381,277,712,852,652
308,873,572,-585,-95,710,-462,-339,273,667,778,586
276,777,522,-538,-119,643,-434,-315,242,584,703,559
262,678,441,-474,-103,570,-380,-266,210,491,618,451
216,556,387,-394,-79,474,-306,-229,165,430,517,400
176,462,290,-308,-79,397,-262,-176,132,366,421,316
119,381,228,-233,-45,308,-180,-135,96,262,317,245
90,257,169,-191,-30,207,-147,-96,82,201,241,198
55,162,103,-101,-11,154,-102,-58,60,129,171,100
34,82,38,-68,-32,77,-49,-47,9,77,88,63
8,15,13,14,1,35,-20,-10,18,-2,8,35
-16,-50,-38,24,5,-54,18,43,-25,-39,-24,-44
-42,-129,-93,54,13,-107,72,51,-22,-47,-91,-77
-47,-156,-94,98,8,-133,86,66,-51,-114,-159,-107
-77,-179,-126,146,9,-140,127,79,-79,-143,-152,-119
-48,-201,-137,158,34,-174,101,80,-75,-147,-174,-149
-75,-212,-133,175,24,-193,104,85,-63,-167,-190,-160
-73,-222,-138,150,30,-182,115,101,-68,-141,-191,-162
-54,-240,-152,146,35,-162,107,89,-67,-150,-196,-169
-74,-215,-134,132,28,-185,130,86,-46,-150,-197,-139
-72,-218,-133,152,17,-155,103,83,-39,-158,-182,-124
-68,-182,-134,110,30,-160,76,56,-61,-128,-161,-117
-65,-159,-87,105,30,-119,86,54,-49,-108,-125,-113
-44,-127,-96,101,44,-121,77,52,-71,-114,-112,-97
-60,-123,-75,68,19,-101,55,56,-34,-89,-77,-77
-37,-61,-48,47,19,-61,47,13,-6,-76,-67,-73
-34,-66,-38,46,-5,-53,31,15,-28,-59,-69,-45
-9,-53,-8,16,19,-39,29,27,-13,-33,-59,-27
-10,-24,-1,11,8,-31,11,7,-17,-8,-26,2
-24,-5,-1,-1,7,-7,5,7,-5,-5,-23,-17
-5,-19,0,9,4,-21,19,-11,3,-7,5,-6
-23,2,9,-37,-5,13,-14,-13,-1,-4,-8,1
-2,21,14,17,9,11,-20,-9,2,19,12,5
14,9,21,-26,-20,21,-4,-8,-1,-3,18,7
10,12,0,-11,3,8,2,-37,10,30,39,10
5,42,22,-23,-4,26,-25,2,-13,41,22,21
22,22,49,-6,7,56,-26,-29,11,4,44,39
5,46,-4,-15,8,42,-15,-18,10,20,28,10
26,46,34,-24,-22,19,-6,-20,38,21,36,19
-5,44,31,-10,-10,21,-15,-5,2,34,30,20
16,43,26,-32,0,34,-20,-9,6,29,42,20
5,27,58,-24,3,26,-23,-26,33,43,50,47
-1,66,38,-24,-5,29,-27,-33,7,15,46,36
-5,41,30,-28,4,38,-22,-21,0,17,44,19
24,74,24,-42,-18,55,-36,-33,7,22,37,34
38,67,46,-33,-13,55,-24,-16,24,46,59,59
17,78,8,-18,-5,59,-57,-45,9,47,50,41
15,46,38,-31,-10,47,-13,-28,-3,39,61,36
38,62,57,-20,-8,35,-31,-42,14,51,37,49
27,66,35,-29,-1,48,-23,-44,5,37,34,51
41,52,36,-50,-17,62,-48,-46,24,29,60,20
34,58,25,-42,-32,68,-43,-33,31,31,53,12
28,58,56,-23,-17,27,-28,-34,25,53,66,42
24,90,39,-45,2,65,-23,-31,10,68,68,34
23,75,39,-81,-11,43,-37,-35,54,60,79,45
33,85,61,-61,0,64,-55,-31,21,77,85,55
13,93,49,-67,-6,97,-59,-33,31,69,72,63
43,83,48,-40,-21,79,-41,-24,11,53,69,67
2,87,74,-50,-7,80,-82,-38,5,73,54,71
35,80,52,-55,-35,67,-36,-17,18,60,92,59
45,92,92,-66,-24,89,-47,-36,17,90,108,61
54,100,51,-45,-30,92,-43,-64,29,64,87,82
56,127,65,-86,-5,94,-78,-52,26,96,98,75
52,111,41,-80,-28,104,-56,-64,25,93,116,88
39,123,86,-81,-24,101,-48,-47,35,84,118,64
60,131,73,-76,-19,114,-65,-71,38,101,104,89
42,127,87,-75,-28,88,-71,-56,19,93,109,94
57,115,95,-79,-28,97,-84,-56,33,121,98,91
61,144,90,-89,-10,130,-69,-61,29,82,113,116
33,159,117,-108,-28,143,-87,-45,41,104,110,94
75,149,86,-89,-27,139,-83,-46,59,103,131,97
42,163,107,-95,-20,141,-96,-78,44,112,131,86
38,179,101,-109,-36,153,-85,-82,69,114,128,123
73,166,105,-107,-29,150,-111,-74,58,148,147,128
73,177,111,-136,-14,162,-81,-84,73,135,160,120
69,190,86,-123,-7,143,-105,-67,46,146,170,112
85,186,128,-152,-31,168,-118,-66,70,162,177,114
64,193,130,-138,-44,163,-108,-99,56,172,183,143
82,216,139,-139,-32,173,-129,-76,61,137,186,148
58,210,142,-154,-49,185,-118,-81,68,151,203,149
57,230,167,-155,-27,179,-132,-89,57,172,208,163
68,221,146,-185,-21,206,-136,-102,46,172,217,172
99,223,175,-172,-25,197,-139,-102,84,191,241,176
98,244,161,-186,-40,196,-133,-104,95,181,245,172
89,253,167,-189,-46,236,-154,-117,87,209,236,205
128,274,166,-172,-38,253,-166,-118,83,223,242,197
76,281,188,-186,-35,213,-132,-125,87,199,255,195
100,292,181,-183,-62,233,-177,-117,74,208,273,202
108,282,194,-190,-45,243,-159,-117,83,228,267,220
118,332,186,-192,-34,253,-163,-146,90,235,253,205
90,309,214,-200,-36,260,-164,-130,87,248,251,215
129,311,195,-231,-44,260,-145,-123,107,235,295,225
116,317,203,-221,-53,260,-193,-138,85,257,283,241
111,328,224,-232,-57,276,-175,-133,107,251,299,224
114,345,226,-213,-45,303,-191,-154,94,261,326,224
126,354,234,-253,-83,281,-195,-160,118,257,300,246
121,370,231,-250,-81,303,-191,-108,92,247,325,249
129,370,224,-255,-47,310,-200,-183,93,276,300,226
138,390,238,-250,-34,328,-204,-141,114,304,340,270
128,383,249,-274,-64,310,-203,-158,122,276,345,268
140,399,246,-269,-39,331,-213,-157,133,288,364,281
121,396,255,-287,-70,327,-215,-153,113,295,359,266
151,387,254,-273,-64,336,-226,-166,147,309,357,295
129,409,258,-270,-54,341,-229,-164,125,296,376,258
152,384,240,-305,-71,337,-237,-164,126,302,371,289
146,428,283,-285,-67,357,-220,-168,139,307,362,301
153,416,280,-299,-57,343,-218,-146,114,316,390,309
140,420,269,-298,-72,348,-230,-159,128,312,407,306
164,411,278,-290,-49,347,-252,-175,143,323,386,303
154,413,279,-281,-65,359,-243,-181,113,325,367,316
127,433,280,-300,-73,372,-237,-202,135,325,403,304
154,462,256,-294,-54,350,-248,-175,138,346,404,291
152,436,284,-324,-69,350,-260,-194,129,328,394,317
142,457,289,-299,-69,337,-234,-181,136,329,394,309
159,443,259,-302,-79,357,-258,-183,122,333,397,304
156,437,302,-279,-67,375,-243,-185,133,334,430,302
152,436,281,-279,-74,352,-232,-172,133,323,407,300
148,449,268,-287,-59,354,-245,-149,128,314,419,310
138,439,288,-308,-66,376,-246,-177,126,318,396,325
148,455,314,-296,-50,357,-246,-168,147,327,414,305
131,433,276,-290,-77,362,-233,-163,117,329,375,308
145,427,301,-282,-49,377,-227,-184,129,328,385,304
163,444,279,-284,-64,346,-261,-177,129,336,400,302
155,436,274,-283,-65,378,-240,-161,121,324,391,289
144,418,273,-303,-57,364,-219,-169,132,323,369,291
156,414,265,-276,-69,352,-245,-166,144,311,376,297
144,438,276,-278,-53,337,-190,-153,139,329,395,281
113,412,274,-268,-63,324,-230,-163,102,306,383,295
122,420,273,-271,-68,335,-222,-165,120,308,355,292
142,393,249,-285,-65,332,-195,-147,119,292,359,292
130,386,263,-260,-65,329,-222,-141,115,314,352,260
111,350,244,-240,-69,319,-209,-140,124,284,341,268
146,370,232,-254,-33,306,-231,-159,117,298,350,240
124,372,226,-243,-42,305,-221,-161,144,291,329,262
140,341,236,-249,-71,316,-179,-142,86,285,328,214
117,366,228,-233,-52,325,-193,-143,114,259,322,245
132,352,230,-227,-44,281,-186,-135,108,257,320,242
116,362,221,-248,-34,295,-197,-138,113,251,294,248
109,348,217,-224,-56,276,-184,-146,105,266,306,233
114,327,222,-204,-55,273,-174,-119,117,222,282,204
102,329,210,-218,-47,255,-178,-136,114,255,298,222
107,299,188,-216,-45,266,-146,-129,77,226,275,221
100,310,186,-203,-42,239,-159,-135,99,234,259,206
97,290,185,-226,-40,243,-167,-114,90,240,258,210
96,271,203,-194,-42,228,-143,-89,81,213,249,193
92,276,164,-197,-32,211,-138,-106,71,213,232,186
107,274,190,-167,-58,226,-147,-117,87,198,250,186
101,247,168,-188,-45,217,-164,-106,62,178,220,178
74,225,161,-181,-17,196,-134,-89,79,169,242,172
78,230,161,-155,-19,179,-137,-75,64,193,214,177
65,227,169,-136,-48,188,-148,-82,76,172,209,168
71,200,128,-148,-45,186,-133,-107,88,162,206,149
64,221,147,-154,-15,169,-131,-89,67,169,175,132
82,210,119,-125,-25,174,-102,-85,45,155,173,126
57,193,112,-123,-52,154,-105,-67,43,176,184,138
54,178,118,-133,-19,161,-114,-84,28,166,163,145
62,191,107,-141,-25,139,-95,-77,63,115,184,111
55,160,77,-107,-15,151,-80,-60,31,127,154,111
52,167,135,-108,-15,144,-76,-72,32,117,148,118
61,155,91,-86,-23,119,-90,-68,45,110,143,120
54,172,92,-84,-24,135,-67,-37,35,95,144,111
41,144,109,-92,-35,104,-81,-60,56,107,129,117
25,141,78,-95,-47,126,-73,-54,35,99,137,80
55,151,92,-96,-10,107,-99,-50,31,104,133,96
40,142,94,-84,-19,109,-54,-54,28,105,120,99
19,119,83,-101,-28,94,-71,-54,17,91,85,77
49,102,61,-97,-20,97,-60,-27,51,106,104,69
25,109,81,-90,-3,94,-30,-39,36,85,85,81
34,101,49,-87,-25,79,-44,-53,29,46,51,52
3,86,67,-64,6,82,-66,-58,23,68,51,75
30,96,57,-65,-15,64,-49,-44,22,90,91,64
33,72,61,-64,-14,66,-53,-34,40,83,99,58
27,81,42,-50,-5,91,-27,-32,28,60,60,56
26,59,57,-63,-11,56,-48,-26,19,47,70,43
36,77,40,-69,1,63,-17,-20,2,40,72,59
35,70,56,-41,-35,47,-36,-22,9,49,58,57
23,66,37,-31,-8,74,-32,-57,17,66,54,26
23,51,50,-40,-21,51,-36,-28,16,27,66,54
7,38,50,-55,-2,70,-44,-40,12,50,46,39
20,54,40,-18,6,67,-33,-19,25,33,56,47
17,47,52,-23,-7,74,-27,-27,22,35,35,24
27,57,41,-28,8,29,-33,-12,33,22,49,32
15,47,14,-28,-16,26,-37,-7,17,24,43,45
15,37,32,-26,5,45,-26,-28,15,34,27,40
8,44,34,-25,-22,14,-28,-3,-7,19,56,22
2,20,28,-41,-5,26,-7,1,14,47,16,26
16,33,40,-20,-1,33,-6,0,12,29,57,33
35,32,-12,-4,13,36,-37,-6,18,16,19,21
18,41,7,-10,-10,42,-35,-7,-1,3,29,11
14,39,29,-19,15,60,-8,-23,-21,-1,16,25
12,20,42,-22,-23,26,-39,-14,11,27,14,33
11,34,19,-10,-9,5,-1,-30,16,21,19,27
7,40,21,-29,9,19,-27,-15,-3,17,32,29
21,25,14,-30,0,16,-25,-6,-2,20,26,6
-17,38,21,-20,-13,27,-25,5,-3,27,44,28
11,24,27,-24,1,35,-15,-14,3,28,25,4
15,25,30,-29,-6,25,-5,-18,2,18,25,11
2,17,-9,-11,7,56,-11,-9,18,16,24,4
22,23,-2,-27,-16,33,-13,-4,7,10,35,-12
0,26,29,-11,-6,31,-13,-18,20,27,21,18
-9,8,33,-41,12,14,-25,-14,13,-4,35,39
11,35,40,-36,-6,24,-20,-21,2,-1,21,15
31,13,6,-16,15,17,-5,-8,3,16,23,6
21,37,-4,-3,16,10,-17,-24,3,17,40,28
6,18,30,-11,19,12,-43,-2,22,23,14,6
1,5,2,-31,-19,7,-29,-4,6,20,18,6
8,16,40,-18,6,27,-17,-16,17,6,15,2
1,24,-2,-24,11,-8,-1,-12,-21,18,13,33
-1,10,19,6,19,19,4,-29,12,9,25,12
-5,6,34,-21,-2,6,-11,-4,-6,20,18,25
-8,0,16,-26,-14,20,-18,7,5,-2,22,24
10,38,14,3,-14,15,-9,5,-3,10,9,-8
1,37,25,-14,26,35,3,-9,-17,9,10,6
31,25,23,-11,-9,9,-1,-12,2,17,7,11
17,5,15,4,-4,18,-18,-4,-13,9,11,7
5,14,7,-10,7,13,-6,-4,13,10,32,24
1,25,22,-31,-24,1,-21,-16,14,17,2,18
-1,27,14,-14,-10,13,-20,4,2,18,21,10
12,25,14,-8,-18,-2,-23,-23,9,17,7,15
11,15,20,-16,-7,11,-29,1,13,5,17,18
4,7,4,-28,1,34,-23,-24,-11,2,24,19
10,25,39,-24,-9,24,-19,-1,-8,4,11,16
5,26,35,-25,1,11,-15,-11,-2,32,20,20
-3,36,42,7,2,20,-25,-8,0,14,37,5
-2,30,8,7,-19,24,-10,-10,27,19,22,25
8,37,33,-38,4,40,-9,7,-14,21,51,-5
1,21,10,-7,-17,24,-1,4,10,15,20,25
0,17,13,-40,16,2,-23,-6,9,5,19,3
26,32,16,-1,0,4,-14,-6,13,33,17,24
-12,16,8,-13,15,-4,-4,-10,3,5,22,16
15,28,11,-30,8,11,-21,-12,3,4,30,16
14,24,12,-9,7,37,-29,-13,22,2,6,13
2,47,30,-27,-4,30,-15,-16,13,18,14,35
-6,22,1,-18,-6,15,-18,-2,0,18,21,12
-2,9,21,-25,-24,36,-8,6,7,8,40,17
7,18,15,-24,3,42,-1,-14,11,39,3,15
7,24,3,-23,-13,16,-22,-25,10,29,29,14
-11,20,33,-12,12,2,-28,-1,29,-2,-1,23
1,68,-3,-36,6,14,-4,-25,9,15,2,16
7,7,8,-6,-8,19,-36,-28,0,27,29,55
32,15,24,-11,-11,11,-3,-13,11,22,26,17
3,40,13,-15,-1,20,-21,-19,1,39,36,7
12,1,34,-39,-14,21,-8,-14,8,23,38,29
24,26,14,-31,-8,3,-1,-7,21,36,-6,-2
23,29,47,-18,1,19,-23,14,14,3,32,6
27,29,21,-29,4,26,-30,-34,-1,33,7,11
21,17,-2,-25,-14,20,-25,-6,11,29,16,37
20,35,23,-11,35,37,-29,-13,-5,6,7,28
18,34,31,-41,-11,40,-11,-14,-6,-4,37,-6
3,36,13,-27,-2,19,-39,-22,3,31,19,13
10,8,16,-5,11,14,-15,-22,3,42,16,12
-3,31,21,-32,-17,16,-23,13,-7,51,9,10
6,30,-4,-18,-17,9,-41,-11,15,33,28,23
0,46,10,-38,-9,18,-13,-34,6,25,20,12
12,49,32,-7,-20,23,-11,-2,16,41,26,13
25,38,32,-8,-5,24,-25,-32,9,33,27,22
16,17,10,-3,-21,31,-20,15,-7,32,31,13
5,30,27,-8,0,17,-39,2,8,28,18,45
23,24,19,-45,5,39,-31,-27,30,22,41,23
4,60,-1,-16,-6,20,-4,-16,15,34,32,39
7,31,50,9,-6,16,-21,-4,11,4,53,27
18,69,19,-30,-9,30,-26,-6,5,21,24,34
3,16,46,-28,27,11,-20,-9,15,28,12,34
2,34,43,-24,-11,23,-19,-5,18,15,36,47
11,30,26,3,-10,23,-19,-37,12,16,44,27
12,40,11,-25,-25,21,-19,-11,-2,13,21,38
22,47,12,-45,-11,33,-16,-20,14,35,-1,17
3,48,42,-9,10,25,-4,-29,20,33,52,8
10,55,22,-23,-7,37,-19,-11,-14,31,45,22
27,36,17,-19,14,19,-22,-8,16,24,13,7
15,43,28,-9,-7,35,-50,-9,5,46,26,8
9,33,39,-69,-7,34,-22,-26,18,46,43,28
18,60,1,-13,-13,51,-27,-22,-3,32,41,36
-10,33,29,-42,12,42,-39,-30,-1,29,40,13
4,37,8,-30,-16,51,-23,-8,22,29,42,30
21,40,36,-31,-9,33,-36,-36,22,34,55,52
22,43,37,-26,2,42,-20,-27,21,46,43,33
4,43,20,-27,-5,50,-23,-4,34,25,40,29
-4,46,1,-36,-8,33,-12,-23,-2,18,52,32
27,52,45,-37,-2,45,-27,-15,-2,41,77,20
14,43,53,-65,21,59,-28,-26,16,48,38,36
27,37,43,-39,-5,60,-19,-42,12,49,79,25
38,47,59,-57,-17,62,-34,-29,1,40,41,59
26,52,53,-22,-18,50,-45,-23,5,45,51,57
11,69,47,-34,-13,43,-20,-14,26,48,58,59
21,61,36,-44,-24,64,-33,0,20,35,49,41
16,70,31,-43,-2,60,-33,-26,28,58,57,40
21,86,65,-41,16,69,-38,-19,9,57,55,51
14,78,51,-52,-11,63,-50,-49,21,69,74,63
19,88,51,-61,-11,45,-39,-50,22,83,68,49
23,103,45,-56,-3,55,-50,-34,15,46,83,43
28,92,30,-64,-10,68,-43,-45,22,46,95,30
10,100,68,-48,-2,76,-59,-26,17,83,68,56
21,125,59,-53,-17,97,-51,-50,43,73,110,66
45,110,68,-80,-28,82,-36,-50,22,64,92,77
20,107,104,-59,-35,94,-64,-44,52,93,123,64
35,123,79,-71,-19,106,-48,-49,50,88,107,71
39,112,112,-79,-2,85,-67,-57,32,83,101,96
31,111,91,-80,-16,87,-70,-54,40,88,106,86
26,119,71,-88,-25,98,-103,-35,35,103,113,98
52,123,81,-114,-33,116,-95,-51,36,105,133,90
67,157,84,-92,-22,122,-73,-42,44,94,141,111
45,149,95,-116,-22,127,-107,-76,34,132,132,99
55,145,91,-122,-11,127,-69,-76,70,132,150,101
57,163,128,-109,-58,149,-91,-69,57,141,141,115
57,172,120,-120,-36,155,-121,-80,25,114,165,133
83,209,108,-119,-40,150,-84,-94,48,156,170,137
91,205,131,-148,-35,154,-112,-88,38,136,188,156
89,208,141,-139,-22,151,-113,-78,66,159,197,152
70,230,152,-168,-39,186,-134,-84,51,163,171,155
86,243,156,-160,-24,192,-125,-88,74,184,198,172
69,263,158,-179,-50,184,-125,-93,73,177,201,167
100,253,162,-173,-39,208,-142,-86,50,192,210,166
91,251,155,-180,-38,207,-143,-113,53,182,238,168
109,250,172,-162,-37,219,-134,-109,102,198,231,153
77,262,178,-188,-31,217,-135,-119,92,182,251,210
79,272,190,-181,-38,225,-152,-90,81,221,252,195
95,274,178,-219,-38,227,-134,-125,70,200,257,207
109,294,170,-192,-42,229,-153,-130,84,210,255,185
90,284,195,-197,-35,240,-151,-110,114,202,269,213
95,297,184,-207,-35,232,-166,-111,100,236,271,208
105,285,205,-214,-55,228,-176,-106,79,226,262,197
109,318,197,-197,-33,261,-147,-134,100,222,266,214
106,319,204,-190,-28,247,-175,-112,69,263,271,193
113,309,221,-210,-40,247,-159,-145,112,234,299,215
89,303,202,-215,-41,245,-150,-130,78,197,292,203
92,280,184,-200,-52,233,-171,-121,92,228,262,205
105,306,192,-214,-48,233,-167,-138,87,223,276,211
96,301,212,-200,-49,262,-163,-114,96,227,298,221
94,297,184,-192,-45,270,-162,-120,76,221,280,202
97,309,216,-220,-50,235,-178,-125,100,214,262,193
94,302,188,-188,-42,224,-158,-118,86,227,270,203
110,285,183,-193,-60,252,-163,-117,92,224,240,210
80,291,188,-181,-50,221,-162,-114,71,199,280,208
81,266,198,-190,-49,202,-139,-111,88,221,253,221
106,252,159,-180,-37,241,-145,-111,81,205,252,178
87,262,164,-179,-33,238,-147,-98,81,194,223,192
84,262,166,-167,-23,216,-148,-117,73,199,229,165
87,237,160,-177,-38,208,-142,-103,77,189,206,159
85,229,155,-163,-42,198,-133,-74,82,189,206,163
82,236,141,-156,-27,215,-134,-97,78,163,213,166
85,225,135,-149,-49,170,-123,-84,67,158,199,152
68,243,134,-126,-26,165,-107,-107,46,145,189,143
68,185,120,-140,-35,182,-113,-96,47,142,184,135
82,191,130,-132,-38,169,-100,-88,40,153,161,150
48,197,102,-121,-49,158,-91,-78,51,133,150,127
64,169,113,-120,-41,137,-105,-88,61,120,149,136
62,175,119,-133,-34,138,-91,-62,55,109,156,73
44,157,120,-91,-32,137,-66,-53,52,119,134,127
53,165,100,-87,-47,112,-86,-62,51,116,125,119
56,147,107,-90,-20,127,-97,-59,32,96,127,110
44,117,76,-101,-24,124,-100,-57,50,104,151,69
32,141,72,-83,-22,114,-93,-56,45,85,109,91
42,100,73,-68,-51,89,-43,-38,41,76,111,82
69,107,62,-75,-8,61,-65,-52,23,121,98,79
50,117,75,-65,-15,102,-65,-31,37,93,96,63
34,116,89,-67,-5,84,-67,-30,14,73,94,62
19,106,61,-42,-11,86,-43,-43,20,49,91,51
5,93,31,-37,5,79,-22,-19,43,73,77,68
37,83,42,-52,-7,66,-46,-41,4,52,53,46
52,69,31,-75,-9,53,-45,-45,26,69,60,42
50,59,48,-20,-12,58,-55,-16,42,63,67,57
21,69,51,-41,4,70,-39,-15,12,49,54,58
23,68,49,-27,-15,63,-38,-22,45,27,53,38
18,33,19,-37,-18,52,-43,-13,27,50,22,52
38,57,22,-37,-21,51,-29,-39,33,40,48,47
11,59,30,-29,-8,44,-24,-33,26,44,47,46
29,44,26,-59,-30,43,-35,-24,12,51,71,43
25,35,27,-32,-31,47,-3,-47,18,31,43,45
-11,29,32,-32,-18,78,-25,-24,11,10,37,27
18,38,19,-36,-20,32,-23,-16,33,27,37,19
34,52,24,-47,-22,48,-24,0,13,31,24,14
19,45,24,-39,1,31,-4,-2,23,29,30,39
12,44,16,-31,-4,21,-11,-21,7,44,51,41
12,32,27,-25,5,20,-10,-6,25,-1,44,20
-11,8,35,-21,-7,21,-24,18,27,14,43,-2
11,10,23,-17,-7,0,-28,-9,9,23,13,-1
14,24,22,-2,-11,2,-3,-18,11,-1,21,1
12,-2,-1,13,16,11,1,2,-14,2,-6,3
-21,7,-32,-24,11,14,-6,-7,0,-6,-4,9
-19,-32,-17,-1,-5,-11,-2,12,-5,-27,-25,-18
8,-21,-21,18,20,-15,18,8,-14,-17,-21,4
-1,-41,-44,40,0,-42,17,5,-12,-42,-27,-41
-20,-52,-40,24,0,-52,20,31,-8,-18,-72,-35
-24,-64,-50,67,3,-37,38,38,-11,-54,-77,-54
-19,-88,-58,64,1,-74,38,45,-13,-84,-80,-61
-55,-112,-70,63,13,-56,35,57,-47,-82,-81,-62
-42,-65,-67,77,27,-93,51,40,-2,-63,-100,-52
-43,-91,-85,64,0,-68,48,41,-43,-75,-105,-77
-35,-113,-79,91,34,-89,69,39,-36,-57,-90,-90
-39,-121,-71,73,22,-68,61,41,-23,-90,-100,-71
-28,-102,-60,71,8,-88,52,25,-40,-74,-83,-73
-41,-89,-42,53,16,-91,44,51,-40,-70,-78,-38
-22,-57,-49,37,21,-43,51,27,1,-54,-69,-54
-1,-13,-1,11,23,-23,1,13,-2,-16,-31,-12
25,21,13,-3,-2,32,-11,-2,-8,17,18,24
28,105,55,-37,-8,60,-58,-30,26,54,71,51
51,130,86,-87,-30,141,-57,-55,39,105,131,93
80,193,135,-135,0,164,-103,-95,78,128,180,140
89,285,166,-183,-36,232,-137,-107,97,202,263,189
133,359,227,-261,-70,310,-207,-139,123,274,352,257
174,462,289,-345,-53,395,-247,-182,145,369,432,318
211,545,353,-384,-92,466,-311,-241,174,422,518,405
217,647,415,-458,-84,553,-382,-285,208,521,603,467
271,776,502,-506,-116,633,-435,-307,233,572,691,555
310,838,551,-593,-126,706,-446,-343,254,640,758,590
345,930,582,-631,-136,780,-486,-383,271,698,844,642
332,1004,652,-673,-147,811,-543,-397,290,756,899,690
383,1029,653,-716,-165,886,-580,-413,312,767,927,720
369,1063,702,-707,-170,879,-589,-403,327,819,956,756
367,1067,713,-722,-162,879,-577,-409,315,792,936,730
358,1071,695,-711,-142,872,-570,-416,303,793,929,725
360,1011,658,-698,-151,843,-561,-401,308,747,906,711
332,945,649,-653,-145,794,-539,-388,307,702,869,683
294,897,584,-603,-136,742,-481,-326,255,671,794,606
283,785,509,-534,-119,664,-424,-324,244,604,720,575
272,703,447,-479,-133,586,-393,-259,215,533,661,490
232,616,394,-386,-85,497,-323,-235,176,441,521,423
162,503,323,-335,-88,408,-233,-205,143,362,458,343
153,394,232,-256,-64,313,-215,-156,117,276,345,250
133,285,167,-181,-56,224,-153,-105,94,228,243,188
75,194,119,-121,-39,161,-75,-85,45,147,167,143
29,104,62,-61,-20,81,-65,-56,42,93,109,69
5,14,31,-15,-10,30,-20,9,6,24,33,6
-9,-46,-36,8,3,-38,18,25,-27,-16,-11,-38
-32,-99,-80,43,-3,-74,52,39,-25,-81,-68,-55
-64,-119,-87,90,30,-116,72,45,-40,-86,-112,-106
-65,-154,-117,112,21,-121,64,63,-52,-129,-156,-95
-61,-194,-99,135,33,-133,101,88,-55,-145,-139,-145
-75,-186,-111,130,37,-160,102,79,-54,-167,-170,-134
-67,-194,-153,136,28,-140,122,77,-60,-137,-173,-130
-51,-213,-123,127,32,-166,116,70,-62,-147,-173,-127
-81,-192,-135,117,18,-165,100,61,-66,-134,-157,-133
-58,-180,-112,105,25,-137,113,96,-54,-146,-153,-118
-72,-131,-119,104,12,-128,95,67,-24,-93,-141,-123
-59,-125,-98,98,13,-103,42,53,-30,-120,-109,-90
-59,-112,-49,52,18,-111,81,50,-28,-90,-80,-86
-24,-78,-58,58,15,-77,49,33,-6,-74,-79,-61
-34,-44,-49,47,-4,-60,15,34,-9,-48,-66,-35
-17,-33,-36,50,-5,-42,48,29,-10,-30,-43,-31
-15,-3,-20,22,20,-13,14,8,-29,4,-34,-36
7,-6,-7,4,9,-17,3,-12,-2,3,-5,-6
11,6,-10,-6,-3,-12,-20,-6,5,-8,-2,-11
9,3,1,1,14,11,-24,11,15,-5,26,4
-11,29,28,-14,-25,18,19,-10,-2,2,11,17
-2,48,3,-25,10,14,-33,-24,5,2,10,3
18,41,28,3,4,42,-26,0,22,34,28,40
2,46,27,-6,-5,38,-26,-22,33,51,26,21
-2,65,24,-38,-8,25,-28,-10,-7,46,27,29
19,53,33,-16,0,25,-48,-10,5,24,19,47
20,54,31,-37,-15,16,-15,-7,19,45,40,35
30,72,42,-32,6,41,-23,-21,31,36,47,27
-5,57,61,-38,2,24,-18,-13,8,38,52,41
4,66,48,-24,-9,45,-38,-17,27,36,43,42
42,67,47,-41,-17,47,-53,-30,24,46,51,56
15,42,48,-23,-6,50,-6,-13,17,39,68,28
14,63,47,-57,-30,56,-25,-44,27,16,80,63
21,73,49,-37,-6,72,-34,-19,27,21,41,67
23,53,59,-40,-22,53,-19,-28,9,47,57,34
34,66,22,-25,3,34,-36,-30,18,30,58,48
11,69,35,-35,-9,70,-37,-25,35,65,49,41
5,71,65,-33,19,70,-24,-45,11,44,59,44
10,102,31,-39,-16,60,-38,-16,7,51,61,33
13,107,56,-59,-20,45,-28,-23,13,32,69,29
11,82,38,-49,17,66,-37,-33,22,54,67,49
40,70,55,-71,-14,59,-45,-35,29,35,70,58
34,104,58,-67,-5,49,-51,-32,31,53,77,43
39,97,56,-51,-22,53,-47,-33,16,59,86,74
13,82,45,-68,-4,83,-47,-29,18,50,83,53
41,71,58,-57,-33,81,-32,-34,30,74,86,68
31,104,68,-82,-2,67,-31,-33,30,63,67,62
30,87,74,-58,-33,87,-40,-44,25,70,92,51
41,93,76,-72,-12,94,-42,-15,30,52,93,73
41,106,46,-83,-31,69,-58,-39,32,76,88,80
36,101,81,-65,-11,90,-62,-27,30,98,111,75
55,133,101,-79,-25,108,-63,-45,20,86,92,69
53,135,94,-93,-22,100,-65,-51,41,109,107,71
45,126,80,-91,-24,107,-83,-40,32,100,98,81
44,101,55,-99,-19,78,-86,-35,36,108,109,91
45,107,75,-106,-39,120,-71,-64,39,87,148,73
34,141,66,-94,-18,134,-79,-64,35,117,123,78
61,146,98,-93,-37,129,-89,-61,58,98,140,99
57,153,109,-108,-28,119,-89,-77,50,114,127,117
55,162,121,-122,-31,129,-70,-83,27,110,129,119
67,136,115,-123,-23,137,-90,-48,48,128,137,98
59,176,114,-131,-24,144,-93,-74,47,132,149,125
84,156,114,-123,-14,132,-102,-56,60,133,159,112
61,184,120,-117,-22,155,-97,-51,45,131,181,102
40,181,123,-133,-8,159,-95,-69,38,132,170,156
73,211,130,-125,-31,155,-106,-63,58,150,177,138
64,209,125,-126,-24,171,-117,-85,72,164,184,146
80,211,152,-146,-31,167,-119,-92,33,179,201,155
61,216,152,-174,-22,180,-122,-98,71,168,205,156
69,227,152,-152,-30,190,-118,-82,51,162,231,151
81,258,138,-169,-56,176,-144,-96,82,194,215,193
88,250,161,-173,-55,206,-125,-102,60,164,224,186
100,238,167,-169,-34,217,-152,-106,79,174,228,185
95,274,152,-191,-4,220,-162,-105,75,196,256,194
103,285,168,-182,-30,223,-159,-129,82,198,221,201
100,276,173,-188,-37,223,-172,-146,86,224,267,188
107,284,171,-192,-40,235,-161,-109,112,192,266,214
100,294,164,-206,-55,252,-163,-114,84,227,240,189
93,327,213,-171,-48,251,-177,-110,98,242,270,217
91,298,204,-191,-58,253,-178,-135,83,220,280,230
132,325,186,-224,-62,271,-190,-121,105,238,296,219
121,336,220,-230,-45,282,-167,-130,102,252,323,216
123,351,224,-210,-34,279,-201,-149,109,256,304,207
105,332,219,-233,-42,298,-198,-161,106,284,308,240
104,366,250,-258,-64,278,-199,-129,106,290,306,251
111,345,250,-214,-55,301,-199,-140,86,257,324,254
103,351,252,-272,-43,301,-181,-138,121,286,338,256
139,340,264,-271,-46,307,-205,-135,108,295,324,268
127,367,248,-273,-73,310,-220,-159,127,293,340,276
132,393,272,-271,-56,332,-227,-150,118,298,349,286
134,377,240,-275,-44,323,-224,-189,108,286,335,285
132,403,269,-277,-60,335,-217,-155,128,295,336,278
132,397,255,-277,-67,335,-232,-169,118,321,367,274
129,405,266,-259,-67,340,-222,-164,136,294,394,304
146,411,276,-291,-70,353,-234,-169,126,313,374,275
147,410,272,-291,-58,345,-225,-171,111,328,373,304
161,429,258,-286,-34,363,-216,-176,118,311,387,296
165,411,265,-291,-75,372,-225,-175,132,337,354,284
166,438,282,-306,-60,326,-222,-183,109,329,388,291
148,442,280,-290,-71,355,-227,-179,116,323,378,306
162,444,284,-295,-73,354,-239,-172,129,340,405,329
166,428,268,-291,-46,360,-220,-171,138,326,398,314
137,412,298,-278,-91,357,-236,-179,125,340,393,308
146,438,280,-288,-86,355,-257,-196,136,328,395,302
150,438,292,-295,-78,341,-262,-169,129,322,399,294
164,452,271,-279,-50,375,-261,-172,133,320,400,314
156,439,278,-311,-82,381,-228,-178,103,331,375,296
159,438,281,-306,-47,362,-232,-177,117,334,405,308
155,434,268,-291,-57,350,-268,-169,144,324,392,308
138,424,280,-306,-62,367,-238,-165,142,322,389,292
174,438,271,-291,-73,356,-251,-184,135,333,369,300
123,422,279,-285,-49,347,-238,-165,115,312,382,285
147,423,282,-270,-81,339,-222,-157,116,321,397,284
153,420,285,-267,-75,343,-241,-165,147,322,369,287
152,421,255,-257,-45,343,-224,-158,139,321,370,272
145,395,280,-285,-60,344,-219,-153,113,303,356,273
132,397,257,-257,-81,338,-223,-156,122,307,379,261
139,392,274,-287,-44,321,-225,-167,126,297,365,273
113,385,244,-245,-71,302,-208,-170,101,295,342,279
144,377,247,-251,-72,320,-191,-134,92,283,343,288
117,373,247,-241,-30,313,-188,-140,130,298,354,261
135,344,241,-254,-37,292,-230,-146,125,261,323,255
146,349,266,-248,-72,292,-210,-143,115,252,331,232
120,360,205,-218,-49,283,-186,-142,120,239,314,260
103,339,234,-247,-47,281,-183,-126,125,253,319,215
118,317,219,-218,-49,261,-179,-137,117,273,274,231
122,311,209,-191,-36,272,-157,-139,113,229,300,241
116,313,193,-195,-42,259,-173,-123,101,218,277,220
105,278,208,-209,-41,248,-172,-117,90,205,278,224
101,319,198,-216,-53,240,-187,-129,90,229,271,224
113,289,202,-209,-50,243,-146,-113,78,237,271,205
100,286,188,-175,-28,222,-167,-104,99,197,272,194
105,249,153,-191,-46,219,-118,-105,70,183,228,200
93,253,165,-182,-43,230,-135,-97,76,191,230,163
75,261,153,-184,-28,219,-139,-104,78,196,221,175
78,244,145,-160,-44,202,-147,-98,85,187,206,155
105,216,161,-133,-35,192,-141,-92,58,163,206,165
87,231,162,-176,-52,173,-110,-86,75,162,193,128
63,219,129,-157,-41,188,-112,-89,64,152,214,149
70,192,133,-134,-32,172,-104,-67,71,149,166,172
76,187,133,-150,-33,144,-115,-76,81,166,165,149
74,176,114,-140,-27,170,-106,-61,46,160,142,124
64,179,107,-120,-32,139,-96,-74,69,125,140,129
65,162,115,-118,-37,138,-96,-64,52,126,155,133
63,181,109,-111,-57,136,-106,-80,50,135,144,104
58,164,110,-112,-28,155,-86,-78,65,115,151,117
54,148,93,-105,-3,122,-70,-47,42,99,132,144
40,154,79,-74,-15,113,-74,-58,47,112,138,96
52,132,80,-111,-24,101,-71,-44,34,91,129,89
33,133,75,-73,-12,100,-66,-51,34,101,106,100
37,140,104,-67,-7,93,-55,-41,48,99,96,95
44,134,74,-108,-26,95,-76,-69,21,106,104,83
44,117,87,-69,-3,93,-66,-23,32,86,101,86
47,118,49,-88,-15,69,-61,-27,58,53,63,67
27,100,77,-78,-14,56,-37,-45,11,84,79,56
26,88,57,-57,-23,81,-38,-39,19,59,92,66
13,80,32,-56,-6,57,-37,-19,40,53,85,38
40,62,61,-45,-7,64,-55,-22,48,56,84,46
27,85,61,-64,-41,83,-36,-48,16,47,61,56
10,72,52,-45,-5,42,-35,-18,37,60,58,64
20,65,26,-60,-28,51,-38,-21,-2,68,43,61
28,52,34,-28,-1,41,-20,-31,20,38,70,36
33,72,6,-40,-5,31,-24,-8,22,45,54,41
1,36,50,-49,-14,56,-47,-13,-17,39,28,49
17,39,8,-23,-10,46,-38,-32,14,47,40,30
15,38,20,-28,-12,34,-25,-11,10,52,43,11
17,33,32,-14,-3,43,-20,-20,6,23,21,42
22,23,-6,-30,8,51,-11,-11,2,20,43,17
27,40,55,-30,12,31,-28,-22,-6,17,13,24
26,39,17,-28,6,21,-10,-14,21,22,21,0
31,31,23,-31,-10,21,-24,-6,6,27,43,20
20,14,-11,-34,-16,29,-19,-4,27,28,40,15
11,1,16,-23,9,18,-12,9,0,25,20,29
19,32,29,-29,-5,9,-7,-3,6,10,17,19
18,11,8,-4,4,28,-13,-16,-8,9,28,-1
11,11,32,16,-14,2,-21,-4,19,16,22,29
17,24,21,-9,-32,27,2,-7,13,14,24,5
0,27,3,-11,-2,14,-17,5,-1,13,-6,-8
-3,4,-4,-14,3,6,-1,-18,22,16,29,-2
20,14,-11,-11,-10,-16,-22,-6,-7,9,4,21
12,6,30,-15,3,16,-14,-3,21,11,31,3
5,25,1,3,-3,27,-9,11,13,-1,11,13
-2,11,-6,6,-32,8,3,-18,-13,5,1,12
8,19,0,-13,-6,18,12,-8,26,19,23,1
7,8,14,17,5,26,-9,-7,24,12,7,3
-2,11,-1,-9,18,-5,-5,-23,3,17,3,16
1,4,11,-19,-20,-12,-9,12,3,9,7,10
16,-7,-7,7,0,10,-3,-18,13,-20,3,11
-1,-5,14,-36,-4,-1,3,-21,10,-15,-1,17
25,-2,8,11,26,-8,-11,4,-19,-5,9,10
7,4,3,8,-12,-9,1,4,-9,18,-7,-4
-2,-13,3,-8,-2,6,11,9,11,-12,-6,2
-5,-4,13,-15,-14,-1,13,4,17,17,-5,8
-5,0,-3,0,6,-16,-2,4,6,3,9,-25
20,3,5,-8,-6,-17,4,16,26,-5,1,2
-7,-7,-13,17,12,-6,15,2,-5,1,14,1
4,-3,6,-16,12,22,-16,3,-2,8,9,-14
6,-3,-19,12,-17,10,-8,-35,-7,7,-7,-16
-14,-6,-10,-15,-7,3,1,11,4,6,-2,26
5,-16,-4,21,-23,23,1,26,-7,11,2,15
-9,6,-6,-5,20,-3,-1,16,4,4,-4,-10
22,18,-1,-9,-11,3,19,-1,5,-6,-10,12
0,-10,7,0,-7,23,-20,2,-12,-9,-15,13
4,6,-14,2,-9,1,-10,-1,2,-1,-7,2
-4,-20,1,36,-15,-12,-1,3,-2,-6,31,-20
-5,5,-4,7,12,6,24,-6,-6,-8,-21,2
4,-11,-6,-27,-12,-4,-14,5,2,-4,1,-13
-4,6,-2,-2,-25,-8,-19,15,4,-22,8,0
-14,19,27,10,7,10,-14,-21,23,-2,-8,4
5,13,19,-15,4,1,-2,-14,14,-9,18,-16
13,-3,9,7,-13,7,-12,2,13,4,-3,21
-15,13,-5,-1,14,-1,-25,-15,20,0,5,3
-3,-7,0,-15,-2,-9,-9,15,-9,5,-13,6
-8,-12,2,9,-20,-2,21,9,5,20,2,5
2,-11,-6,-16,-15,12,3,2,-14,-16,16,-6
-3,-11,15,19,-2,0,-20,-5,10,-15,-22,12
16,9,13,21,-18,-5,3,-18,3,-9,-3,-11
-19,-8,0,11,-2,-8,-4,-14,13,0,2,-29
-8,4,-5,-4,14,-18,-1,-3,16,-17,11,6
28,20,15,10,5,-8,4,-20,5,10,27,4
7,15,14,-1,-8,0,-18,42,4,6,-11,-1
12,2,2,10,4,22,3,-10,12,-7,-9,0
-18,-12,37,0,-4,-8,-15,1,-1,19,19,13
-5,2,-7,-1,-14,1,-19,-11,-4,17,12,-6
9,-18,3,19,9,-17,-7,0,3,-8,-1,-1
23,18,-16,-2,-15,22,21,-8,3,-2,-16,10
2,0,19,-8,0,2,-1,16,0,13,-8,18
-6,3,27,0,-1,15,-23,4,-2,10,-4,13
2,6,17,-4,14,1,-3,1,-37,7,14,5
-4,-1,21,3,5,-18,8,7,11,15,-9,11
5,-16,24,26,-25,22,6,10,8,6,5,3
-6,-18,7,7,-22,5,10,-19,4,-1,20,-5
17,2,-7,-11,-21,7,-5,0,-5,5,30,-11
19,16,10,11,1,8,-2,0,-2,8,-2,7
10,8,15,-10,-7,10,-2,-2,-16,-6,17,-13
24,4,8,27,-8,-14,-4,-11,-4,-2,-4,-8
3,6,-5,-21,-5,8,-25,-9,-14,1,-1,-1
5,4,-15,-9,15,5,-3,-34,-2,-12,-12,-5
6,8,1,-1,-18,12,11,1,-11,11,-22,10
7,5,2,11,10,-2,-14,17,11,11,3,-3
4,7,2,3,0,29,-4,22,5,-9,3,-4
6,19,20,12,-15,16,-8,16,16,-8,-14,15
10,-14,-1,18,-2,8,-23,-22,6,-5,7,14
-1,-9,12,11,-2,-8,-5,11,-11,7,-3,32
-2,-1,16,-5,1,-3,-5,-8,24,-15,-7,-14
9,-8,9,17,5,-7,0,24,-18,11,6,-4
7,20,15,12,-20,7,3,-9,14,-12,3,-9
-12,6,17,-12,-8,12,-21,6,15,-1,13,-12
14,-13,-15,12,-6,1,-4,11,-7,-14,5,9
6,8,20,-7,7,5,-23,14,-4,15,-5,33
-6,15,10,1,24,-2,3,-8,-14,31,0,10
0,6,11,-17,-13,22,1,-16,1,15,29,12
19,16,6,22,-22,-28,7,2,16,1,2,-6
5,11,-21,-12,27,-7,1,-10,5,-2,0,-8
19,5,-5,-8,6,-23,12,-8,-8,-10,-10,13
1,8,-10,7,18,-21,-16,1,-5,11,14,9
7,4,-6,-21,21,21,-6,-6,15,-2,-1,16
10,3,24,-4,6,-21,-11,10,-4,-6,2,14
11,18,25,2,-5,25,23,10,-8,28,25,-1
-3,8,0,-7,9,4,-24,-6,1,-9,6,-7
-15,27,33,-23,1,1,2,9,14,17,21,-4
14,2,12,-6,-6,-12,-24,0,-7,2,30,1
-4,9,-10,-17,0,-15,-14,-27,-2,-8,16,14
1,-8,6,-21,17,13,-2,9,-5,11,-11,7
18,8,-5,-13,3,1,-14,24,-6,23,14,24
2,23,-3,-15,-7,10,-27,0,14,11,-3,14
12,16,28,-31,-4,-12,2,-2,6,4,15,20
31,22,16,-10,5,15,-3,8,-1,30,24,23
-1,10,37,-24,-4,25,-23,-12,10,-3,27,6
13,29,34,-19,-12,35,7,-16,5,7,39,18
13,19,10,-28,0,30,-9,-10,-1,6,15,14
13,22,11,-30,24,17,-24,-4,10,23,21,-7
2,27,24,-1,6,5,-21,-25,17,21,27,37
8,50,23,2,-3,45,-30,-28,13,14,36,-1
2,34,14,-42,-15,25,-12,-11,25,40,33,24
14,57,5,-27,-6,39,-13,-36,17,55,37,17
15,27,31,-37,0,15,-34,-44,5,27,24,45
12,41,28,-47,-12,58,-31,2,15,39,51,-3
39,46,40,-45,-7,47,-26,10,13,19,64,33
21,43,45,-28,-20,62,-33,-35,34,29,63,45
16,41,41,-52,-7,64,-46,-24,23,42,51,42
28,68,34,-34,-25,76,-26,-21,6,61,50,45
4,64,47,-44,-1,71,-35,-30,21,56,79,38
14,82,61,-49,-13,65,-31,-33,45,58,72,58
41,80,36,-66,-9,68,-36,-41,26,59,79,70
27,90,65,-70,-22,71,-39,-55,23,70,81,69
55,111,75,-57,-2,80,-70,-41,5,69,102,67
18,109,67,-69,-23,97,-65,-47,49,68,95,71
33,120,65,-76,-34,85,-60,-34,9,77,92,66
57,115,75,-69,-30,103,-67,-61,43,89,109,73
55,141,100,-84,3,91,-54,-44,46,79,120,93
48,122,100,-80,-7,112,-70,-64,52,100,139,90
46,117,83,-86,-13,117,-65,-63,38,106,156,118
66,150,115,-98,-24,127,-80,-64,46,121,125,113
54,192,105,-134,-46,137,-106,-77,35,138,144,133
77,161,110,-136,-17,157,-112,-55,48,128,161,113
52,188,126,-124,-10,135,-88,-53,55,139,158,121
35,159,119,-111,-46,158,-98,-59,69,152,188,130
70,194,120,-171,-31,161,-96,-68,74,167,185,128
85,219,135,-137,-36,173,-125,-76,74,155,194,140
98,220,140,-154,-35,185,-119,-77,59,155,187,174
76,214,169,-149,-23,181,-118,-77,64,158,184,154
82,208,155,-182,-17,141,-113,-116,78,186,185,147
94,245,133,-157,-35,186,-139,-77,65,189,199,158
88,247,171,-153,-27,197,-122,-92,81,184,230,172
103,266,148,-179,-47,218,-134,-100,89,163,208,176
84,237,158,-157,-20,213,-149,-105,92,200,232,168
72,243,178,-182,-54,205,-135,-89,83,175,217,161
64,243,161,-186,-42,213,-130,-113,86,205,237,176
96,245,171,-168,-51,214,-147,-115,89,209,251,171
81,249,183,-176,-34,218,-157,-96,78,206,251,179
86,252,166,-191,-58,219,-170,-121,59,181,233,183
106,284,160,-193,-44,202,-145,-84,70,180,212,163
97,266,152,-178,-35,221,-153,-104,66,202,241,188
82,232,166,-159,-38,217,-138,-109,63,183,244,167
91,268,156,-166,-29,200,-120,-102,75,191,240,149
74,253,161,-170,-34,207,-136,-80,64,189,231,189
89,259,192,-161,-27,199,-127,-96,78,195,217,168
91,238,163,-177,-47,213,-132,-85,60,196,189,192
87,232,167,-175,-36,196,-127,-108,80,162,207,160
99,204,148,-153,-42,198,-121,-98,56,159,200,151
64,238,150,-127,-20,180,-114,-101,84,164,198,137
102,217,158,-139,-23,178,-105,-96,77,152,170,174
85,209,139,-134,-42,174,-112,-95,56,152,196,134
56,200,125,-133,-38,160,-93,-73,65,169,160,157
64,178,127,-110,-31,151,-75,-66,62,148,184,136
47,181,136,-120,-29,149,-107,-62,68,138,174,132
66,169,124,-85,-12,149,-86,-54,64,126,160,140
42,171,119,-116,-27,129,-87,-74,47,117,163,106
59,137,91,-110,1,122,-77,-72,56,93,135,110
49,158,89,-98,-22,109,-82,-47,45,121,153,100
31,123,74,-95,-29,116,-56,-55,45,118,100,89
37,129,76,-105,-36,123,-70,-68,28,105,104,68
34,118,76,-96,-17,79,-41,-34,20,84,100,90
43,98,78,-73,-23,80,-72,-45,10,70,88,62
28,97,51,-54,-12,81,-46,-44,40,66,90,72
15,95,68,-36,-29,63,-54,-6,15,80,92,79
46,79,45,-55,-14,72,-51,-25,22,63,84,79
22,70,56,-56,-19,61,-59,-31,27,37,68,52
42,79,44,-44,-34,43,-23,-48,16,65,69,58
31,56,56,-40,-13,47,-24,-17,-1,40,33,49
40,49,47,-32,-17,70,-47,-41,17,48,21,24
20,66,38,-24,-10,36,-29,-20,30,33,41,24
18,74,41,-25,9,49,-22,-22,7,20,23,30
10,24,2,-25,-25,40,-19,3,17,32,43,40
15,11,23,-14,-6,23,-18,4,4,19,19,17
4,17,24,-32,-12,12,-4,-10,-8,18,11,10
30,32,24,-13,-35,34,-11,-12,8,33,16,58
-10,32,25,23,31,9,0,-14,5,14,18,-2
6,6,1,-5,-2,11,-10,9,-2,7,15,15
-3,20,22,3,8,9,-3,13,2,4,22,8
-15,11,9,0,4,-9,-8,-2,-7,6,19,16
29,9,-2,-2,-13,28,2,-14,2,16,-6,7
3,21,-9,-6,-3,-20,-25,4,-7,-4,14,-16
1,4,-2,22,-11,4,-3,7,-7,-12,6,-11
13,-10,5,5,16,-8,-7,4,17,-25,-17,-3
4,-7,-6,-2,-4,3,-13,5,-20,-21,-17,-6
-12,-2,-12,-14,9,-6,-6,-1,9,-23,-10,18
-14,-9,-22,-10,12,-21,46,26,-5,-13,-22,-6
-10,-19,-7,7,15,-15,7,9,-23,-22,-5,-15
-14,-15,-29,17,8,-44,8,16,-22,-28,-13,-16
-27,-19,-40,19,-5,-31,35,17,-7,-17,-26,-37
-39,-50,-22,18,-1,-48,5,27,-6,-22,-27,-28
-10,-57,-40,46,11,-29,43,23,-27,-45,-43,-18
-19,-56,-54,31,8,-13,58,15,-15,-17,-54,-22
-23,-69,-50,49,20,-39,26,6,-24,-26,-54,-44
-20,-94,-50,60,9,-61,52,38,-15,-35,-91,-40
-25,-81,-53,53,28,-59,43,36,-22,-49,-87,-61
-44,-98,-46,69,2,-78,65,45,-26,-59,-81,-77
-61,-118,-85,76,33,-115,62,55,-47,-103,-124,-88
-55,-104,-58,95,18,-112,60,53,-38,-111,-124,-111
-54,-150,-97,91,31,-130,85,60,-42,-125,-137,-112
-50,-150,-116,117,3,-139,91,91,-38,-146,-162,-143
-45,-156,-119,126,6,-131,80,47,-54,-111,-144,-129
-55,-167,-90,117,30,-127,106,66,-64,-137,-128,-127
-41,-167,-101,111,23,-164,113,65,-59,-113,-144,-131
-57,-146,-92,118,7,-133,98,64,-65,-130,-149,-93
-27,-160,-103,112,12,-112,86,47,-56,-103,-126,-90
-39,-121,-102,87,24,-110,75,39,-45,-100,-97,-112
-53,-92,-70,59,-7,-80,32,33,-40,-77,-86,-75
-23,-24,-21,38,10,-51,48,27,-16,-41,-35,-38
-3,-2,-2,16,3,-4,-7,-5,8,-29,-15,20
30,49,35,-42,3,38,-48,-37,17,46,28,31
44,129,86,-75,-25,94,-66,-51,24,80,124,82
68,203,130,-139,-38,153,-98,-84,100,156,208,144
102,298,172,-190,-33,231,-148,-116,86,220,265,208
176,379,255,-271,-42,304,-190,-159,106,296,324,285
163,493,320,-316,-72,404,-263,-181,137,366,453,352
196,560,378,-392,-82,469,-317,-232,150,435,542,407
230,678,423,-477,-93,555,-388,-283,214,490,602,472
278,766,495,-514,-128,628,-420,-313,210,566,686,507
284,833,544,-580,-118,699,-460,-348,267,602,755,555
322,881,576,-608,-132,759,-485,-365,249,666,801,635
344,919,615,-642,-126,778,-507,-387,301,720,843,651
336,979,631,-639,-177,827,-544,-399,287,735,894,686
331,1006,630,-666,-128,826,-526,-391,277,725,899,684
336,958,632,-676,-157,824,-546,-400,298,729,877,671
341,955,602,-632,-160,780,-512,-365,299,697,845,655
302,875,567,-609,-140,743,-471,-353,265,668,774,620
266,802,526,-544,-142,682,-456,-312,251,628,718,557
254,750,492,-496,-90,603,-390,-311,234,538,646,518
211,626,411,-420,-116,526,-348,-254,203,494,593,437
175,522,348,-372,-62,437,-302,-204,152,409,457,359
151,412,272,-283,-49,355,-238,-163,114,329,381,290
110,315,186,-206,-49,267,-174,-123,96,239,285,219
90,224,140,-145,-44,179,-122,-100,71,170,175,184
44,123,90,-95,-42,117,-63,-44,32,83,94,84
35,38,17,0,-14,33,-17,-1,33,26,16,8
-9,-30,-15,19,13,-38,22,1,-19,-46,-54,-38
-41,-124,-79,90,25,-102,77,40,-47,-85,-99,-85
-44,-153,-91,122,36,-140,85,68,-48,-139,-161,-118
-90,-208,-152,132,8,-200,130,82,-64,-171,-198,-156
-84,-240,-160,183,41,-207,124,122,-80,-197,-223,-196
-96,-276,-176,174,41,-218,166,116,-84,-212,-256,-188
-114,-273,-174,211,48,-251,161,116,-102,-209,-258,-207
-100,-301,-197,193,21,-236,139,106,-92,-235,-282,-208
-98,-287,-191,208,50,-262,164,112,-87,-225,-269,-221
-86,-290,-195,207,33,-267,155,140,-80,-224,-284,-196
-93,-296,-187,202,34,-228,160,134,-95,-224,-280,-186
-114,-263,-170,185,52,-231,153,96,-106,-204,-256,-205
-94,-242,-167,172,36,-202,134,104,-79,-176,-223,-176
-75,-236,-137,171,45,-182,112,110,-78,-169,-202,-149
-84,-185,-138,164,56,-169,110,78,-66,-182,-186,-140
-71,-178,-118,133,28,-141,110,60,-63,-112,-165,-142
-71,-161,-107,114,31,-155,90,56,-62,-120,-152,-114
-36,-141,-100,101,10,-123,104,46,-56,-110,-125,-109
-28,-138,-58,62,38,-104,63,38,-51,-90,-121,-92
-49,-96,-83,83,12,-90,56,65,-8,-85,-107,-75
-38,-110,-69,68,9,-82,64,28,-8,-73,-100,-62
-20,-87,-55,69,8,-82,68,23,-16,-54,-92,-81
-22,-92,-63,41,14,-60,61,38,-17,-58,-95,-62
-21,-57,-50,48,8,-61,68,20,-17,-33,-74,-60
-14,-90,-63,26,4,-49,40,22,-25,-55,-54,-57
-32,-77,-40,50,8,-40,29,17,-30,-48,-53,-45
-21,-48,-35,32,-14,-38,19,25,-19,-41,-58,-63
-14,-41,-43,34,-2,-37,34,34,-5,-48,-51,-42
-40,-65,-41,38,39,-32,31,30,-7,-13,-39,-41
-57,-43,-34,50,-7,-37,28,14,-25,-43,-37,-51
-33,-45,-33,30,1,-24,33,24,-16,-45,-38,-48
-14,-57,-30,45,-10,-31,24,28,-3,-15,-15,-33
-26,-47,-14,44,-3,-12,38,10,-24,-33,-51,-29
-10,-37,-33,34,8,-42,23,19,-16,-20,-46,-34
-26,-25,-24,46,2,-39,23,11,17,-23,-50,-59
-31,-63,-23,20,12,-47,14,3,-11,-33,-59,-31
-29,-41,-7,49,31,-47,25,33,-14,-24,-26,-37
-34,-20,-27,24,14,-36,14,11,-21,-29,-46,-33
-6,-32,-3,19,7,-34,10,-9,8,-26,-26,-28
-29,-34,-38,25,15,-32,17,10,-5,-4,-2,-31
-5,-17,-19,4,13,-16,19,15,-4,-38,-10,-2
-31,-24,-18,27,-22,-28,28,-6,12,-13,-19,-25
-1,-36,-40,22,22,-28,23,-2,-5,-36,-6,-9
-20,-31,-10,-2,-10,-27,23,13,-18,-4,-39,-20
-3,-8,12,-8,11,-21,11,7,-8,-27,-32,15
-7,-9,-11,7,19,-26,12,2,6,-15,-9,-6
-15,-2,-19,31,8,4,-6,14,-25,1,-25,-20
30,-7,11,15,17,26,14,4,4,2,10,-12
3,17,4,11,11,-5,20,-6,-12,5,-17,-3
-5,3,0,-3,-8,10,-6,2,-2,0,2,13
17,6,-10,-24,-3,7,-4,15,14,-13,-10,-29
-8,-2,0,26,-18,4,-5,2,-10,10,-11,5
-27,19,10,7,3,18,6,-9,4,21,14,32
31,4,-3,-14,16,15,-2,-16,12,16,17,23
14,21,28,-15,-11,17,12,-3,8,33,7,18
16,4,36,-6,3,11,-16,-5,22,27,29,23
3,28,-2,-25,-4,35,-21,7,24,19,24,34
30,61,31,-22,6,17,-26,-20,10,5,15,17
26,43,23,-12,0,44,-26,-32,13,36,31,40
11,48,31,-2,-3,29,-32,3,16,34,58,37
11,42,39,-35,6,54,-42,-21,19,41,61,28
27,63,36,-39,-20,49,-15,-19,9,41,46,33
8,68,29,-38,-18,67,-34,7,48,69,65,33
11,85,40,-40,-5,84,-24,-11,29,48,76,62
38,88,49,-54,-3,37,-37,-40,7,73,60,61
34,81,70,-75,1,62,-34,-30,19,78,87,42
39,95,49,-53,-1,95,-66,-34,39,68,69,59
37,100,50,-73,4,109,-38,-42,36,58,89,73
45,100,63,-72,-2,72,-58,-63,41,70,91,87
46,116,79,-67,-21,106,-56,-53,29,83,107,83
30,120,84,-81,-12,106,-40,-47,44,69,111,93
35,124,79,-73,-18,107,-68,-49,40,82,127,84
47,140,101,-92,-30,112,-105,-49,39,91,124,90
70,155,90,-112,-14,123,-80,-63,46,102,140,94
55,173,92,-113,-33,127,-77,-55,67,111,149,109
57,159,99,-105,-30,147,-90,-95,54,114,176,106
82,149,121,-113,-9,147,-80,-63,31,128,154,109
63,188,122,-124,-33,168,-112,-78,65,141,163,114
75,177,133,-122,-19,145,-96,-62,63,132,180,133
58,214,136,-152,-42,149,-102,-82,39,141,179,137
69,182,135,-141,-37,170,-130,-71,69,146,201,142
91,201,141,-158,-32,182,-124,-97,67,164,200,138
71,243,134,-149,-24,183,-120,-92,73,178,208,151
70,229,139,-150,-27,199,-149,-106,68,187,216,167
88,238,153,-150,-44,210,-153,-100,79,169,204,152
107,249,160,-166,-34,194,-146,-94,87,197,232,169
97,281,161,-187,-35,204,-124,-85,81,183,238,162
111,277,183,-170,-38,222,-154,-81,72,209,234,195
103,274,160,-184,-42,222,-136,-120,89,187,243,186
92,276,179,-201,-43,230,-136,-99,64,192,269,208
107,313,197,-211,-41,231,-176,-102,79,207,272,207
97,307,214,-206,-52,259,-189,-127,83,213,241,214
121,309,197,-208,-35,238,-162,-134,101,217,260,214
103,309,188,-205,-35,233,-129,-136,88,205,273,209
122,309,196,-239,-56,252,-158,-126,85,230,291,217
101,325,217,-200,-51,260,-179,-115,99,248,294,232
110,317,198,-207,-31,268,-186,-138,106,252,282,213
124,342,216,-231,-71,266,-182,-129,93,216,296,234
103,319,220,-229,-36,276,-185,-113,93,253,305,239
102,333,240,-242,-47,284,-163,-136,98,255,277,232
110,360,214,-206,-40,281,-170,-149,118,220,328,227
113,345,228,-236,-29,276,-181,-155,91,243,305,229
112,333,219,-210,-72,264,-203,-123,103,242,312,227
123,370,221,-234,-58,296,-192,-127,87,247,306,243
105,336,242,-232,-31,262,-204,-151,103,249,290,253
119,349,221,-230,-52,298,-185,-149,112,259,302,231
117,369,225,-244,-56,279,-206,-143,97,275,321,269
106,353,248,-250,-58,290,-192,-134,98,272,334,236
132,337,243,-241,-56,269,-185,-143,103,253,312,241
123,346,224,-217,-35,276,-181,-118,104,250,314,223
126,354,228,-236,-46,290,-199,-124,83,236,304,248
119,321,224,-255,-42,286,-192,-119,103,240,296,234
113,337,236,-209,-51,301,-199,-142,113,258,305,224
112,358,200,-222,-39,265,-168,-138,107,262,291,254
108,330,217,-226,-51,256,-183,-124,125,248,290,229
110,340,217,-234,-69,257,-185,-120,93,235,297,228
122,324,228,-219,-37,262,-178,-150,106,250,271,227
114,310,191,-222,-45,251,-180,-133,104,253,290,255
106,304,196,-205,-45,259,-166,-123,111,231,283,210
110,316,192,-199,-70,256,-162,-105,100,205,282,226
119,324,206,-208,-26,222,-173,-127,95,226,260,213
111,299,191,-207,-53,242,-135,-120,69,220,286,229
96,291,181,-195,-50,208,-163,-108,82,208,268,210
102,270,193,-187,-48,235,-145,-111,99,215,242,194
95,286,175,-183,-44,213,-149,-102,82,203,241,191
78,272,182,-162,-39,232,-142,-94,114,185,256,189
108,247,187,-163,-37,205,-139,-93,80,178,227,167
81,245,134,-156,-38,220,-121,-64,53,186,229,188
78,242,148,-174,-32,199,-143,-105,75,173,228,170
69,230,134,-149,-28,168,-144,-82,56,197,219,157
86,221,134,-146,-32,193,-115,-96,68,171,207,150
94,207,127,-163,-41,177,-113,-97,73,161,165,140
70,196,124,-137,-26,173,-112,-92,50,148,173,141
49,203,130,-149,-13,171,-98,-70,68,143,181,150
48,199,135,-120,-40,166,-108,-74,80,176,176,148
54,183,124,-135,-34,143,-96,-81,31,134,144,114
53,178,132,-116,-28,101,-107,-80,56,126,167,126
40,167,96,-102,-26,131,-83,-81,58,137,132,106
47,150,98,-106,-11,144,-98,-73,66,105,134,127
45,150,85,-85,-18,152,-86,-56,37,87,125,83
45,145,97,-79,-15,124,-74,-46,39,100,126,77
48,131,78,-77,-12,102,-69,-41,20,95,98,78
63,121,65,-70,-15,98,-62,-52,37,81,116,92
39,128,55,-57,-25,94,-51,-37,58,68,90,81
32,95,84,-60,-9,75,-31,-3,39,81,80,91
38,95,65,-48,-28,71,-45,-33,27,60,102,74
28,81,46,-31,4,53,-35,-43,34,72,65,50
-5,69,40,-48,-33,51,-46,-2,12,67,55,54
32,36,55,-40,-9,78,-55,-25,35,59,60,48
28,61,40,-18,-7,40,-42,-29,18,54,39,37
21,70,29,-32,5,49,-48,-9,37,37,34,38
29,24,26,-30,8,37,-10,-24,18,46,67,43
18,30,24,-24,-19,33,-23,-28,16,45,38,38
23,0,26,-17,-27,22,-14,3,19,22,37,28
10,23,5,16,-4,20,-12,-9,23,7,4,9
14,10,17,-18,5,21,5,-5,15,34,-3,-9
-8,0,-4,8,-1,2,-28,-15,-4,23,12,3
-15,8,-11,-4,-6,9,16,-9,-6,11,6,-8
12,-24,4,-7,4,5,1,13,-4,11,6,-15
-19,-3,-2,11,3,-19,20,26,-8,-11,-22,-7
0,-7,-30,26,2,-23,29,-9,-7,17,-26,-2
-4,-16,-21,1,1,-9,4,-1,10,-15,-8,15
-7,-18,-13,9,18,-15,22,15,2,1,-13,-17
8,-45,-35,2,-16,-13,-2,9,0,-36,-18,-13
-11,-29,-17,9,5,-30,39,18,-19,-34,-16,-35
-9,-33,-11,14,-1,-30,1,7,-8,-33,-45,-12
-10,-61,-33,11,16,-18,18,13,-13,-31,-16,-47
2,-30,-49,30,13,-48,47,37,-9,-25,-37,-37
-22,-64,-44,29,8,-59,37,30,-27,-45,-36,-41
-7,-62,-34,61,29,-54,33,19,-39,-54,-47,-47
-14,-70,-35,35,-1,-53,42,13,6,-39,-77,-37
-20,-54,-45,33,-12,-49,34,35,-25,-50,-44,-31
4,-39,-31,36,-8,-60,41,11,-44,-31,-48,-60
-17,-45,-51,66,-19,-51,32,22,-27,-63,-59,-52
-36,-65,-40,42,2,-68,41,43,-20,-62,-56,-54
-24,-74,-43,59,21,-38,32,38,-6,-65,-50,-16
-20,-70,-51,55,13,-51,32,32,-33,-52,-57,-47
-15,-68,-17,30,20,-76,48,35,-15,-56,-72,-33
-28,-72,-46,53,-1,-71,43,39,-25,-53,-56,-52
-28,-52,-47,60,9,-76,30,49,-14,-60,-52,-51
-9,-90,-65,55,7,-42,48,28,-27,-49,-59,-54
-30,-88,-46,71,8,-90,55,39,-26,-64,-84,-61
-21,-54,-53,67,25,-65,37,44,-24,-63,-63,-64
-15,-80,-62,62,37,-57,40,35,-32,-54,-70,-62
-1,-67,-48,46,11,-70,34,25,-13,-45,-66,-47
-37,-93,-42,49,22,-69,38,50,-24,-30,-65,-51
-40,-97,-78,71,9,-78,43,37,-7,-34,-90,-47
-47,-90,-74,52,17,-73,39,30,0,-81,-86,-55
-33,-105,-26,62,11,-71,70,41,-10,-61,-101,-59
-43,-108,-54,60,23,-94,51,17,-20,-76,-71,-60
-33,-100,-34,60,10,-88,51,20,-40,-66,-75,-45
-44,-98,-57,88,34,-86,46,26,-49,-74,-73,-82
-31,-96,-71,43,36,-76,49,53,-48,-73,-80,-66
-43,-84,-40,73,22,-63,58,42,-33,-69,-110,-76
-16,-103,-50,63,17,-63,66,24,-29,-86,-104,-73
-44,-72,-61,38,32,-82,81,33,-35,-69,-81,-62
-39,-87,-44,40,9,-69,54,49,-8,-65,-69,-82
-51,-91,-44,57,36,-86,47,26,-32,-62,-90,-56
-44,-95,-52,73,-5,-63,44,23,-29,-65,-92,-55
-7,-108,-58,50,-4,-94,69,44,-15,-80,-93,-58
-23,-67,-68,98,-13,-83,42,56,-39,-71,-79,-64
-39,-85,-56,81,21,-77,39,41,-44,-74,-90,-59
-38,-91,-59,60,28,-78,63,32,-6,-59,-96,-67
-37,-99,-37,73,13,-73,42,29,-38,-66,-90,-76
-36,-74,-65,71,0,-102,71,35,-14,-48,-77,-61
-28,-92,-50,57,19,-77,56,41,-30,-84,-92,-49
-29,-105,-77,70,6,-87,60,41,-26,-81,-63,-64
-24,-86,-60,57,12,-74,68,49,-46,-49,-85,-59
-39,-78,-80,55,48,-96,59,47,-37,-84,-89,-76
-30,-99,-65,73,8,-81,60,37,-8,-65,-70,-69
-43,-113,-59,58,15,-66,39,32,-25,-101,-90,-77
-20,-106,-58,75,20,-77,49,7,-19,-60,-76,-56
-29,-99,-62,80,8,-101,59,18,-31,-71,-104,-70
-28,-82,-66,69,11,-63,39,25,-27,-47,-101,-58
-37,-108,-69,69,22,-83,62,35,-33,-64,-77,-59
-43,-103,-83,63,22,-74,61,60,-24,-77,-90,-67
-31,-101,-56,64,15,-75,49,32,-25,-61,-92,-71
-29,-109,-69,60,37,-97,53,36,-19,-81,-68,-41
-44,-89,-48,81,17,-81,48,43,-36,-70,-90,-59
-29,-103,-78,70,8,-92,36,42,-31,-77,-83,-86
-49,-77,-60,70,-15,-68,69,47,-39,-67,-91,-75
-48,-60,-49,73,-1,-85,65,46,-33,-60,-73,-70
-33,-93,-49,43,23,-93,53,23,-30,-84,-86,-66
-34,-100,-60,57,41,-82,63,8,-44,-61,-81,-60
-47,-97,-76,57,27,-103,45,11,-22,-65,-76,-69
-56,-94,-69,49,7,-96,46,36,-29,-74,-118,-56
-70,-106,-67,65,17,-86,54,38,-13,-83,-93,-59
-32,-98,-72,60,28,-77,22,12,-32,-63,-68,-71
-29,-112,-74,70,1,-76,44,40,0,-66,-56,-43
-46,-102,-76,85,20,-78,67,40,-50,-69,-68,-70
-40,-80,-54,75,31,-102,35,35,-22,-78,-98,-80
-32,-85,-75,81,30,-64,54,58,-30,-53,-77,-78
-48,-87,-65,75,5,-77,67,25,-12,-61,-66,-55
-30,-104,-61,55,12,-87,43,50,-33,-69,-87,-82
-33,-101,-68,92,28,-70,56,49,-23,-75,-86,-61
-39,-98,-63,67,-3,-73,50,51,-14,-91,-79,-58
-32,-67,-69,67,21,-74,39,16,-35,-62,-63,-86
-18,-100,-49,65,-4,-67,37,40,-12,-78,-68,-58
-37,-84,-74,47,2,-75,36,37,-4,-75,-87,-59
-50,-71,-68,66,11,-80,41,48,-32,-54,-65,-64
-16,-89,-74,58,15,-61,58,45,-30,-73,-82,-60
-13,-102,-62,36,14,-73,53,38,-46,-68,-75,-70
-43,-78,-58,69,35,-70,68,42,-55,-58,-65,-75
-45,-124,-59,54,15,-70,47,31,-16,-65,-88,-86
-42,-97,-61,60,25,-57,68,64,-7,-71,-88,-82
-51,-77,-47,52,10,-61,54,49,-4,-67,-77,-70
-48,-100,-48,65,46,-85,53,51,-32,-54,-96,-66
-30,-93,-68,46,18,-72,57,28,-22,-49,-105,-64
-44,-84,-65,71,20,-69,48,44,-12,-59,-73,-75
-5,-98,-62,60,16,-51,49,40,-41,-65,-81,-87
-13,-80,-77,56,12,-73,57,45,-37,-55,-114,-73
-30,-85,-62,58,10,-69,45,39,-37,-82,-78,-79
-48,-109,-47,63,20,-82,51,42,-19,-94,-81,-59
-29,-88,-53,63,17,-90,29,37,-33,-58,-77,-64
-25,-85,-74,27,-2,-66,50,32,-16,-69,-77,-73
-25,-97,-58,64,18,-61,44,53,-25,-63,-51,-61
-44,-59,-54,45,10,-58,44,30,-28,-74,-103,-76
-15,-97,-39,64,-6,-77,21,20,-46,-61,-86,-64
-41,-84,-60,70,-13,-59,38,32,-24,-73,-64,-48
-39,-78,-48,51,3,-77,39,26,-30,-65,-88,-44
-27,-96,-67,64,29,-98,38,37,-36,-67,-76,-73
-13,-83,-69,43,5,-98,54,46,-9,-75,-69,-76
-29,-87,-78,63,29,-63,47,42,-41,-55,-56,-82
-50,-49,-63,61,-11,-72,45,38,-50,-82,-88,-68
-26,-84,-66,31,17,-75,52,35,-16,-70,-70,-65
-13,-100,-48,44,4,-46,55,25,-23,-42,-72,-58
-31,-79,-55,50,-11,-53,51,45,-52,-78,-65,-64
-13,-79,-45,49,0,-55,41,35,-5,-65,-62,-65
-33,-77,-45,71,4,-42,36,32,-13,-58,-60,-65
-23,-78,-46,39,-2,-60,22,24,-27,-61,-62,-72
-26,-75,-50,62,12,-75,55,22,-33,-45,-62,-64
-13,-76,-71,64,1,-76,27,38,-33,-41,-72,-32
-19,-83,-52,49,15,-67,38,38,-25,-48,-53,-39
-11,-67,-70,65,-7,-58,57,39,-13,-34,-57,-45
-21,-83,-53,45,24,-37,42,27,-33,-56,-58,0
-26,-94,-67,43,4,-61,-9,40,-24,-56,-73,-43
-8,-72,-23,36,9,-42,28,24,2,-48,-60,-47
-2,-61,-31,26,-2,-50,41,37,-11,-44,-24,-57
-28,-40,-61,55,3,-76,41,40,-15,-44,-73,-36
-36,-65,-31,46,11,-35,39,21,-35,-50,-49,-50
-12,-44,-31,32,4,-35,49,27,-27,-63,-37,-36
-17,-43,-24,50,32,-41,23,27,-31,-30,-35,-43
-35,-55,-38,29,11,-42,24,9,-18,-29,-33,-38
6,-39,-37,5,0,-43,-6,24,-18,-24,-50,-31
11,-41,-7,30,-7,-34,10,13,14,-29,-38,-27
-14,-3,-21,12,16,-45,12,-1,-26,-19,-12,-21
-2,-21,-24,8,20,-28,14,20,-8,-34,-44,-24
11,12,-14,-19,4,-8,17,18,-15,-1,-32,-4
-19,-17,-8,18,-11,-28,4,9,-10,-7,7,-15
-4,-2,-2,20,7,5,13,24,-6,15,-2,-13
-22,-3,2,-6,-5,-8,4,4,-4,-5,-2,-10
5,1,10,-5,15,16,5,-6,1,12,10,8
-3,17,24,-7,13,14,-9,5,14,7,11,1
15,24,32,-10,-12,5,-10,10,-2,18,19,6
23,18,3,-33,0,24,-36,-38,10,33,5,17
-2,51,10,-29,6,24,-28,0,-12,24,20,33
16,34,27,-15,-27,42,-29,-14,-19,32,40,31
-5,66,44,-40,-9,58,-47,-39,31,32,51,34
24,47,51,-53,-22,66,-43,-10,26,51,65,30
24,77,45,-55,-21,68,-45,-10,9,57,54,45
14,75,63,-47,-4,68,-27,-24,22,67,80,64
32,86,58,-54,-10,80,-32,-28,34,70,70,57
37,88,53,-51,-5,65,-45,-40,26,60,95,63
9,103,71,-81,-13,73,-52,-23,17,69,99,77
43,113,66,-69,-27,106,-73,-42,41,80,130,88
42,110,73,-91,-32,102,-90,-41,59,77,120,92
27,144,89,-75,-16,107,-78,-52,51,68,137,76
46,124,85,-116,-17,125,-68,-62,32,112,110,98
66,155,91,-108,-10,114,-79,-49,33,116,149,109
42,164,99,-90,-25,112,-84,-68,47,111,158,95
42,134,122,-94,-33,152,-79,-72,44,139,163,96
70,165,111,-114,-20,120,-69,-83,67,101,146,115
48,153,86,-105,-23,119,-97,-77,39,116,134,110
56,167,108,-112,-25,137,-94,-77,36,129,148,106
53,168,113,-137,-39,133,-88,-75,57,135,161,127
53,189,123,-126,-21,149,-118,-63,52,114,156,110
70,176,101,-96,-37,152,-97,-59,48,137,159,141
66,180,118,-124,-32,155,-107,-71,64,130,167,140
53,203,98,-118,-24,162,-110,-74,58,147,139,126
48,187,119,-127,-16,158,-109,-52,44,133,174,114
77,161,115,-140,-11,147,-76,-77,55,135,152,131
73,202,104,-117,-25,136,-90,-62,55,136,170,136
62,158,124,-116,-33,148,-94,-62,59,119,143,115
68,166,106,-138,-21,136,-97,-68,55,108,156,113
75,146,115,-128,-18,125,-105,-62,42,147,172,107
71,170,85,-117,-27,132,-68,-72,28,129,135,115
63,147,100,-88,-20,128,-80,-69,54,119,129,114
32,133,101,-114,-14,106,-63,-66,39,121,127,82
39,130,82,-95,-17,126,-74,-47,24,106,123,85
22,142,85,-80,-25,92,-47,-47,40,116,134,84
50,124,84,-75,-15,94,-69,-55,39,96,125,80
33,119,68,-92,-16,126,-82,-56,22,82,119,85
42,123,66,-59,-14,102,-70,-37,33,61,89,101
40,95,100,-78,-28,78,-63,-46,38,90,100,66
29,95,52,-55,-21,95,-28,-47,34,71,80,67
7,87,51,-47,-22,83,-42,-18,27,64,86,76
25,88,46,-63,-18,72,-37,-19,-1,68,53,63
22,71,45,-32,-13,40,-29,-22,23,48,54,47
14,62,20,-55,-10,40,-26,-38,0,56,69,45
4,52,-2,-18,-18,26,-18,-26,8,33,42,25
12,35,23,-4,-23,23,-6,-3,5,29,31,9
9,38,47,-5,-3,21,-17,-7,19,8,23,9
43,26,25,-17,-4,34,-26,-12,7,23,7,32
-7,6,7,-3,-7,-16,2,-6,1,-10,38,8
17,35,-16,3,9,9,-10,9,-2,27,21,-12
15,4,-11,-1,-32,-2,-4,-17,7,-5,5,-10
-21,-36,-5,11,27,-9,-1,-9,3,8,-32,17
-2,7,-7,-5,9,3,38,-20,1,-1,-12,-25
-20,-34,-30,17,-19,-10,41,-4,-4,-8,-17,-35
-12,-17,-29,30,-20,1,30,20,-33,-17,-32,-8
2,-46,-34,47,9,-14,14,7,-12,-32,-23,-35
-15,-38,-24,25,33,-52,18,11,-14,-24,-52,-27
-22,-46,-45,24,34,-58,17,9,-7,-30,-46,-38
-22,-53,-42,44,11,-58,41,8,-33,-24,-51,-12
-10,-50,-32,36,-5,-45,28,18,-24,-31,-61,-33
-15,-58,-40,35,13,-43,28,21,-19,-34,-58,-51
-16,-56,-38,30,-10,-38,37,11,-15,-49,-60,-31
-33,-76,-40,46,-2,-44,51,18,-22,-52,-79,-65
-29,-61,-48,26,19,-44,21,15,-12,-40,-48,-53
-23,-62,-59,41,31,-69,50,31,-31,-42,-48,-42
-44,-81,-61,44,17,-69,48,34,-25,-67,-64,-42
-11,-98,-50,44,25,-77,44,17,-29,-54,-83,-73
-24,-81,-68,49,19,-63,34,40,-35,-47,-112,-42
-36,-62,-45,48,31,-69,26,17,-29,-51,-57,-54
-37,-85,-71,77,11,-89,62,46,-17,-64,-62,-66
-42,-68,-48,75,11,-84,53,24,-37,-61,-67,-55
-32,-88,-54,60,6,-85,39,27,-42,-93,-84,-60
-38,-98,-46,46,31,-80,67,35,-6,-64,-88,-65
-47,-112,-69,70,7,-72,30,61,-23,-87,-94,-73
-25,-97,-65,74,3,-114,51,35,-23,-80,-125,-56
-46,-102,-83,80,15,-86,65,38,-24,-81,-107,-68
-37,-133,-79,76,19,-100,64,38,-46,-100,-110,-69
-57,-101,-87,78,14,-98,83,57,-47,-69,-130,-102
-66,-148,-76,92,33,-115,59,44,-46,-102,-130,-94
-56,-173,-99,90,29,-142,73,75,-56,-121,-143,-130
-55,-177,-114,133,20,-158,101,71,-63,-137,-162,-117
-94,-194,-138,116,37,-163,120,89,-57,-128,-204,-126
-87,-224,-148,156,29,-183,127,72,-80,-140,-200,-158
-93,-248,-148,181,36,-199,125,102,-69,-169,-203,-156
-66,-279,-170,170,38,-204,143,105,-75,-188,-226,-181
-99,-269,-180,197,40,-197,141,82,-101,-185,-258,-187
-88,-255,-182,167,46,-217,150,104,-75,-193,-261,-184
-93,-279,-172,165,35,-225,123,110,-114,-205,-236,-197
-83,-251,-149,177,49,-202,155,110,-95,-186,-240,-185
-78,-231,-172,162,36,-211,130,109,-91,-181,-224,-173
-71,-222,-158,144,20,-165,125,85,-50,-188,-218,-148
-58,-189,-110,127,10,-164,77,80,-43,-149,-164,-113
-39,-156,-107,109,20,-117,102,71,-51,-111,-145,-99
-42,-106,-70,57,14,-78,73,31,-16,-60,-82,-77
-9,-41,-26,50,-16,-33,19,12,-19,-48,-33,-25
1,29,23,-14,-9,26,-28,-18,14,-6,8,12
30,74,56,-62,-14,84,-26,-30,36,68,96,62
45,152,118,-108,-29,155,-78,-57,36,135,131,124
105,252,146,-182,-37,204,-145,-68,69,174,217,184
101,333,219,-227,-47,278,-181,-111,112,233,296,225
149,422,294,-293,-76,359,-212,-171,115,307,390,297
176,518,346,-352,-73,405,-274,-189,146,401,473,354
200,615,389,-428,-90,513,-330,-242,180,456,551,440
265,698,448,-470,-83,583,-371,-299,206,528,646,492
276,786,496,-535,-119,648,-417,-335,250,587,689,558
297,870,552,-581,-120,699,-477,-358,244,649,773,622
309,897,585,-617,-149,772,-505,-371,267,677,815,633
350,940,614,-645,-146,776,-520,-375,292,707,854,668
349,967,609,-663,-171,786,-522,-392,279,728,859,678
352,970,632,-657,-167,794,-515,-374,308,706,851,668
327,920,598,-610,-156,779,-511,-365,268,691,831,636
305,874,586,-601,-128,736,-466,-340,253,653,825,628
288,824,519,-548,-113,675,-437,-339,247,620,746,570
273,736,492,-510,-107,622,-406,-298,221,537,670,504
232,621,439,-423,-107,556,-347,-280,195,497,586,452
178,532,331,-376,-80,447,-296,-230,158,384,477,375
160,442,282,-297,-63,368,-256,-199,131,332,411,310
119,350,208,-227,-42,255,-174,-144,95,245,283,229
80,228,158,-161,-40,190,-151,-79,68,175,220,194
61,136,73,-83,-40,121,-61,-70,26,89,99,92
1,52,41,-36,-6,30,-10,-5,1,23,47,33
-8,-28,-35,37,-16,-30,36,13,-14,-36,-26,-20
-31,-123,-89,67,25,-103,63,35,-31,-110,-121,-73
-66,-189,-105,123,11,-149,93,92,-51,-129,-187,-125
-95,-262,-161,145,34,-214,125,113,-64,-169,-208,-160
-92,-285,-197,188,21,-239,163,99,-81,-233,-258,-185
-113,-333,-230,205,55,-267,165,114,-116,-244,-273,-218
-113,-352,-232,226,58,-286,184,150,-103,-247,-307,-218
-144,-358,-241,239,50,-287,201,135,-94,-257,-320,-251
-124,-349,-221,246,70,-301,196,119,-111,-275,-321,-248
-119,-316,-215,248,56,-299,204,166,-117,-257,-336,-251
-116,-341,-196,224,57,-251,185,130,-117,-257,-335,-245
-105,-333,-206,223,59,-243,186,132,-89,-249,-317,-242
-105,-306,-194,203,47,-281,167,108,-122,-242,-302,-210
-86,-315,-181,209,41,-241,161,126,-92,-221,-253,-202
-100,-266,-169,179,38,-238,142,101,-101,-204,-251,-193
-73,-253,-181,170,49,-202,128,98,-72,-180,-218,-194
-93,-228,-154,138,35,-194,141,107,-77,-185,-238,-149
-80,-197,-155,145,31,-165,136,79,-61,-154,-192,-132
-54,-175,-141,145,53,-169,99,97,-54,-161,-163,-128
-45,-144,-112,124,5,-127,88,77,-60,-134,-171,-105
-65,-146,-111,91,22,-134,97,76,-57,-114,-152,-92
-60,-152,-80,81,53,-120,76,79,-36,-112,-141,-113
-51,-129,-96,94,16,-118,87,70,-19,-98,-135,-116
-51,-108,-79,89,20,-89,59,56,-43,-77,-109,-84
-44,-119,-87,80,26,-87,47,56,-40,-101,-103,-84
-41,-102,-52,72,14,-110,47,49,-41,-82,-117,-74
-13,-96,-78,73,17,-97,48,37,-36,-92,-103,-70
-21,-97,-62,86,22,-78,40,47,-50,-77,-112,-62
-33,-99,-45,72,7,-82,68,31,-26,-53,-100,-69
-17,-97,-66,45,27,-70,52,32,-25,-72,-95,-82
-44,-109,-64,70,23,-73,62,34,-42,-83,-88,-67
-16,-108,-49,70,31,-75,46,41,-47,-80,-95,-71
-36,-86,-46,71,27,-78,47,29,-28,-71,-94,-61
-29,-96,-64,46,17,-68,33,27,-32,-75,-66,-77
-39,-74,-53,45,17,-68,71,25,-16,-51,-67,-70
-34,-63,-64,50,18,-73,64,33,-11,-60,-73,-62
-17,-86,-46,46,41,-81,53,44,-25,-75,-103,-51
-47,-86,-59,56,35,-46,43,16,-17,-67,-83,-68
-23,-74,-53,55,24,-62,52,21,-12,-51,-52,-46
-50,-86,-69,53,21,-82,41,22,-1,-92,-82,-59
-23,-93,-55,70,30,-55,52,25,-30,-54,-73,-75
-37,-82,-33,40,25,-78,45,35,-34,-55,-74,-35
-9,-81,-43,41,16,-52,37,39,-16,-66,-46,-56
-35,-66,-42,48,7,-39,50,29,-25,-61,-60,-61
-19,-64,-44,41,4,-38,32,14,-22,-58,-83,-33
-7,-51,-45,49,20,-61,31,31,-26,-54,-55,-45
-33,-68,-32,47,-3,-36,47,18,-26,-52,-56,-26
-34,-61,-29,32,25,-14,18,27,-10,-42,-42,-57
-20,-42,-32,41,-5,-68,15,22,-8,-23,-59,-34
-18,-41,-32,51,-2,-36,22,16,-43,-39,-61,-54
-27,-48,-17,40,4,-30,16,31,-2,-26,-43,-43
-10,-34,-17,35,6,-35,21,14,-12,-51,-52,-28
-28,-54,-19,39,-4,-31,22,30,2,-31,-39,-34
0,-59,-32,17,-17,-31,27,6,-8,-55,-50,-50
-2,-55,-16,25,-9,-49,15,23,-17,-10,-30,-41
-22,-31,-23,13,7,-18,3,7,-7,-19,-11,-33
-4,-23,-25,8,14,-10,11,21,-10,-28,-40,-15
-12,-13,1,5,-12,-1,13,-13,-14,-26,-25,3
1,-12,-16,5,6,5,4,31,-20,6,-20,8
-2,-22,4,12,11,-16,9,15,14,-9,-4,4
-13,-1,2,17,-3,-19,6,3,-3,3,0,-8
15,-7,-3,3,-16,-13,0,-7,-6,11,4,-2
-1,37,7,7,5,6,-15,-14,16,8,-13,10
13,1,26,-24,-1,1,-20,-23,-4,21,15,27
20,29,26,-3,16,55,13,8,14,44,35,25
5,32,1,-28,-11,20,-7,8,13,5,31,37
-10,56,20,-10,3,31,-9,-13,2,30,34,15
30,47,15,-33,1,34,-12,-15,-9,40,40,18
42,37,43,-64,27,47,-24,-29,15,47,32,37
2,55,47,-44,-2,36,-37,-26,10,38,64,18
27,67,54,-57,-8,40,-24,-43,15,59,72,26
35,73,39,-74,-2,60,-23,-44,21,65,58,26
40,89,53,-50,9,61,-53,-16,19,50,70,64
9,90,76,-58,-22,80,-68,-31,17,89,73,91
-2,98,51,-61,3,91,-43,-37,21,66,82,81
36,78,74,-59,-19,87,-63,-30,25,48,109,72
49,127,84,-57,4,115,-76,-41,32,90,86,86
51,131,85,-85,1,91,-61,-58,33,103,101,97
57,147,61,-88,-33,111,-73,-62,28,114,139,118
52,120,83,-104,-15,104,-52,-57,48,97,137,117
62,154,108,-113,-25,109,-68,-50,45,142,122,87
56,155,126,-76,-28,144,-92,-64,26,110,148,113
83,172,113,-87,-21,120,-99,-67,73,114,134,113
54,166,109,-108,-23,103,-92,-60,23,123,163,120
60,191,102,-114,-18,161,-115,-79,49,135,183,97
102,187,129,-148,-40,168,-94,-62,59,143,163,122
87,200,113,-152,-51,167,-104,-74,59,159,182,150
78,202,161,-153,-31,189,-94,-93,63,169,195,142
74,220,137,-159,-42,172,-119,-72,67,175,190,153
71,224,149,-131,-25,193,-136,-76,46,191,197,169
71,193,129,-160,-37,216,-130,-108,58,171,215,166
81,226,145,-174,-9,217,-150,-84,69,177,219,168
83,228,165,-169,-31,183,-117,-95,86,201,209,162
94,248,159,-177,-43,216,-167,-107,75,202,245,180
93,238,177,-180,-38,218,-122,-117,83,207,217,199
85,276,165,-185,-35,240,-146,-111,94,203,254,180
82,274,187,-188,-36,224,-154,-122,86,189,227,197
92,288,165,-198,-59,209,-160,-114,65,202,284,194
88,267,197,-172,-37,227,-147,-131,91,204,273,214
90,274,161,-203,-28,227,-162,-147,97,217,280,183
104,286,202,-192,-32,226,-166,-113,87,227,278,183
104,292,202,-191,-42,267,-167,-108,101,209,278,224
84,314,210,-203,-53,250,-170,-102,88,250,245,202
101,293,200,-202,-36,248,-161,-117,103,221,277,231
106,298,203,-214,-30,249,-165,-128,84,243,288,204
108,308,209,-194,-56,246,-170,-134,85,236,280,218
107,330,240,-218,-55,286,-173,-103,98,242,268,225
118,331,190,-224,-45,249,-165,-111,81,222,271,224
92,307,209,-232,-35,272,-162,-152,101,244,271,244
96,324,208,-187,-49,240,-174,-131,102,236,286,205
88,325,205,-216,-75,260,-152,-129,98,244,277,221
107,305,215,-212,-35,281,-195,-132,93,248,305,217
103,304,205,-223,-50,262,-172,-109,99,258,278,229
119,318,207,-190,-49,276,-170,-135,113,229,275,241
116,314,214,-214,-51,243,-161,-131,84,245,299,224
122,326,216,-236,-54,266,-153,-127,84,219,280,210
119,315,195,-224,-52,267,-168,-110,91,229,266,200
85,285,184,-211,-43,247,-166,-119,93,238,280,183
102,306,210,-218,-46,255,-151,-124,98,233,268,201
94,283,184,-194,-36,233,-178,-103,99,224,265,216
91,272,191,-196,-37,244,-147,-124,80,203,267,198
115,271,174,-200,-54,223,-160,-138,93,223,261,226
89,278,181,-193,-48,228,-145,-117,80,186,257,196
90,270,170,-190,-41,237,-166,-121,114,213,264,179
106,278,175,-189,-26,229,-130,-92,84,210,231,190
95,258,182,-172,-54,227,-143,-108,94,187,237,188
68,259,178,-175,-37,200,-138,-100,90,196,242,190
99,266,162,-179,-53,227,-148,-89,84,191,229,149
102,241,156,-159,-40,208,-169,-83,85,176,207,174
86,235,152,-160,-25,180,-134,-101,79,176,193,160
98,213,156,-142,-36,212,-119,-111,67,175,191,156
95,199,142,-163,-29,186,-103,-77,66,170,203,176
80,195,124,-156,-13,188,-130,-91,54,164,186,164
56,211,149,-148,-42,161,-119,-88,49,140,203,148
70,188,100,-152,-34,169,-105,-85,41,162,198,121
62,192,131,-110,-33,135,-106,-66,50,152,161,125
71,179,127,-126,-41,161,-114,-75,63,132,146,131
63,165,102,-117,-10,126,-105,-88,32,127,162,118
56,174,109,-127,-41,137,-96,-85,43,107,140,123
56,153,117,-111,-28,129,-100,-39,54,119,117,105
64,129,87,-83,-34,105,-119,-76,34,129,142,99
60,134,83,-79,-40,117,-65,-52,21,103,131,80
36,133,96,-88,-54,111,-63,-61,21,91,116,95
42,117,58,-72,-27,76,-74,-37,49,96,112,74
33,120,49,-64,-18,86,-64,-60,54,87,122,76
33,101,49,-66,-9,78,-56,-40,13,58,94,69
26,96,69,-72,-28,65,-49,-59,28,80,94,55
15,101,43,-66,-26,82,-48,-35,4,66,87,70
6,70,55,-81,-28,80,-41,-37,32,57,71,43
32,100,44,-49,9,44,-39,-17,20,50,49,59
10,51,44,-28,-24,50,-31,-45,19,41,58,37
7,34,5,-49,18,49,3,-4,7,68,50,51
29,32,29,-32,-28,34,-28,-15,-4,32,47,49
27,43,36,-12,-15,21,-35,-10,11,42,40,19
-11,38,22,-26,4,21,-2,-21,23,37,19,21
3,13,18,-15,-9,14,0,-5,-12,17,1,20
7,8,-13,-12,36,4,-6,-9,24,19,-15,14
6,14,-13,-9,-8,4,11,-24,7,8,15,9
2,5,24,-1,2,12,9,-8,-3,14,17,-7
12,-4,2,-7,-2,3,14,-8,7,-13,6,-24
-6,-14,11,27,8,-15,-4,6,5,-7,-37,14
-20,-7,-19,16,3,-4,12,3,-19,-8,-17,-23
2,-12,-8,20,-1,-5,19,10,-13,-15,-6,-24
-12,-20,-22,26,-7,-29,23,4,-1,-15,3,-17
-22,-29,-13,32,-13,-29,34,17,-2,-26,-18,-13
-21,-42,-16,23,16,-34,29,1,-41,-31,-32,-24
-45,-69,-20,36,18,-39,29,20,-4,-40,-17,-61
-5,-58,-19,30,13,-42,38,23,-5,-38,-52,-24
-21,-59,-25,34,6,-17,18,30,-25,-40,-31,-22
-36,-54,-48,71,-2,-47,31,18,-15,-22,-60,-19
-39,-74,-49,72,22,-37,36,36,-28,-36,-54,-53
-14,-59,-32,35,4,-46,26,18,-22,-49,-25,-22
-39,-62,-34,48,3,-46,59,16,-15,-81,-59,-50
-8,-58,-25,38,5,-57,44,40,-17,-37,-58,-22
-18,-54,-46,57,21,-66,46,17,-7,-43,-42,-36
-24,-74,-55,34,5,-59,39,20,-45,-38,-74,-53
-13,-64,-64,52,7,-48,42,45,-25,-38,-65,-54
-17,-71,-59,67,1,-75,32,36,-23,-75,-75,-35
-19,-70,-56,63,2,-70,39,10,-30,-62,-77,-51
-24,-86,-53,62,9,-65,31,38,-14,-68,-65,-52
-10,-90,-73,57,5,-67,61,23,-28,-67,-78,-70
-14,-92,-53,48,5,-56,49,8,-55,-51,-75,-41
-29,-86,-65,50,40,-77,58,25,-26,-40,-71,-64
-37,-97,-69,66,37,-75,49,47,-24,-51,-92,-73
-18,-94,-64,36,43,-66,37,45,-14,-76,-91,-71
-36,-69,-51,61,16,-47,42,27,-32,-63,-72,-86
-48,-104,-57,64,6,-97,66,28,-44,-69,-105,-58
-25,-83,-80,65,14,-99,42,22,-19,-63,-97,-71
-38,-88,-67,68,1,-87,68,52,-26,-100,-80,-73
-32,-81,-44,67,7,-88,58,39,-18,-79,-80,-55
-43,-89,-71,60,33,-80,59,47,-43,-72,-90,-74
-42,-114,-84,69,23,-97,36,33,-18,-100,-75,-69
-42,-94,-71,70,13,-82,48,35,-30,-78,-81,-65
-26,-120,-59,89,24,-80,58,38,-47,-47,-97,-81
-38,-104,-76,71,24,-80,58,33,-17,-74,-96,-72
-24,-101,-60,72,2,-100,56,22,-41,-82,-75,-79
-26,-89,-70,92,6,-99,38,18,-31,-79,-80,-64
-28,-98,-54,66,15,-86,63,50,-36,-79,-83,-92
-19,-113,-74,88,4,-96,71,53,-13,-57,-106,-93
-34,-105,-72,73,9,-81,58,53,-24,-84,-97,-78
-61,-126,-54,82,15,-96,71,22,-29,-65,-85,-61
-40,-119,-72,53,15,-93,60,44,-13,-91,-99,-87
-26,-95,-52,93,10,-83,55,39,-25,-62,-86,-69
-29,-117,-71,63,0,-93,61,38,-44,-93,-84,-62
-38,-114,-54,54,24,-86,49,16,-32,-65,-96,-85
-21,-103,-61,93,-12,-82,52,33,-42,-99,-92,-61
-40,-110,-63,68,9,-113,72,41,-28,-78,-96,-90
-45,-120,-68,68,24,-95,64,47,-23,-58,-107,-73
-12,-96,-72,62,9,-89,63,47,-13,-75,-87,-90
-39,-123,-65,77,53,-91,36,32,-36,-57,-93,-73
-52,-96,-67,98,23,-96,62,43,-26,-84,-102,-70
-31,-89,-60,67,7,-93,50,40,-35,-99,-100,-63
-26,-81,-71,48,30,-94,40,20,-26,-79,-115,-74
-22,-106,-66,75,6,-86,65,29,-29,-89,-85,-64
-53,-100,-58,68,2,-106,30,39,-17,-88,-93,-95
-42,-110,-65,76,2,-70,45,52,-28,-70,-76,-68
-46,-97,-53,67,12,-85,42,24,-38,-86,-87,-74
-38,-108,-85,81,5,-91,50,33,-33,-57,-104,-56
-48,-107,-72,77,14,-70,48,48,-18,-62,-108,-85
-54,-99,-52,77,32,-85,70,60,-26,-79,-117,-57
-28,-101,-79,52,18,-100,69,43,-20,-71,-96,-92
-36,-121,-77,101,37,-80,55,19,-29,-65,-88,-63
-51,-110,-76,67,8,-82,49,32,-32,-66,-106,-43
-26,-113,-65,78,20,-62,51,46,-31,-92,-70,-67
-46,-120,-87,100,24,-78,59,52,-38,-78,-99,-78
-41,-127,-57,68,19,-82,54,44,-35,-71,-93,-81
-37,-118,-54,70,16,-79,62,43,-30,-72,-85,-67
-55,-88,-64,78,22,-88,59,63,-39,-57,-95,-76
-39,-103,-76,74,6,-85,31,33,-9,-68,-91,-68
-49,-108,-74,74,15,-84,50,40,-41,-79,-105,-61
-27,-103,-59,81,42,-109,57,39,-34,-79,-106,-79
-40,-90,-57,56,22,-59,46,66,-28,-86,-90,-81
-28,-84,-73,66,4,-70,53,15,-24,-81,-87,-59
-25,-103,-60,57,5,-107,45,41,-29,-78,-85,-70
-60,-112,-51,76,21,-95,55,44,-40,-51,-83,-81
-48,-106,-44,83,29,-83,39,48,-23,-63,-83,-64
-48,-110,-53,78,2,-83,65,40,-32,-65,-83,-55
-51,-103,-61,66,-10,-56,65,64,-18,-73,-106,-53
-33,-113,-60,65,24,-92,57,46,-52,-89,-86,-65
-39,-101,-64,70,18,-71,57,32,-40,-66,-90,-93
-19,-97,-65,66,14,-93,45,32,-29,-66,-97,-79
-33,-105,-31,84,12,-81,54,32,-32,-95,-82,-65
-33,-109,-43,71,10,-96,45,33,-29,-76,-113,-78
-18,-77,-57,66,26,-72,52,47,-34,-81,-77,-70
-36,-94,-80,58,24,-82,68,32,-29,-75,-83,-78
-41,-134,-46,73,15,-92,46,40,-32,-82,-95,-88
-27,-105,-60,79,-1,-74,38,40,-16,-76,-69,-62
-35,-78,-53,59,8,-82,50,31,-28,-79,-107,-84
-50,-108,-52,61,9,-71,60,42,-32,-81,-93,-57
-32,-90,-65,67,19,-85,51,25,-36,-93,-87,-43
-30,-72,-81,69,20,-66,57,28,-42,-77,-84,-71
-21,-80,-58,67,28,-75,52,44,-5,-59,-93,-80
-39,-104,-54,72,14,-93,61,40,-15,-58,-96,-59
-58,-87,-55,53,15,-94,48,58,-50,-71,-80,-84
-44,-116,-72,75,2,-73,32,62,-36,-58,-88,-62
-39,-82,-75,67,9,-102,41,27,-36,-65,-82,-60
-30,-100,-69,61,20,-78,50,33,-26,-69,-81,-83
-40,-109,-50,71,-5,-89,57,26,-36,-68,-94,-52
-40,-92,-62,71,-14,-81,40,28,-20,-86,-84,-56
-27,-108,-83,64,8,-79,52,2,-37,-71,-88,-63
-25,-105,-68,47,18,-71,67,30,-37,-55,-94,-56
-26,-96,-51,53,18,-113,38,25,-21,-41,-81,-60
-25,-72,-45,66,7,-73,42,40,-18,-73,-69,-52
-30,-81,-49,58,18,-94,50,43,-18,-89,-78,-65
-8,-87,-70,58,17,-64,51,22,-4,-89,-80,-63
-40,-84,-89,47,16,-72,65,36,-27,-75,-74,-57
-38,-90,-66,69,24,-67,44,33,-21,-69,-87,-59
-11,-88,-43,48,6,-83,31,50,-38,-86,-88,-71
-40,-100,-63,64,19,-81,67,32,-21,-76,-74,-52
-25,-103,-40,104,0,-68,48,48,-27,-76,-88,-42
-32,-91,-58,61,14,-64,47,52,-48,-72,-82,-57
-39,-85,-56,52,18,-72,35,30,-17,-60,-85,-59
-36,-75,-34,28,26,-79,36,16,-25,-62,-81,-56
-12,-79,-50,54,24,-43,24,38,-40,-61,-77,-47
-17,-99,-52,67,9,-78,56,41,-16,-68,-59,-28
-28,-79,-41,35,15,-64,17,19,-15,-42,-74,-61
-2,-73,-45,67,2,-84,22,6,-20,-54,-83,-70
-39,-72,-71,40,27,-58,47,-8,-27,-38,-74,-45
-7,-74,-50,49,27,-54,44,37,-13,-45,-69,-47
-10,-64,-29,44,8,-54,34,28,-24,-63,-56,-52
-45,-67,-39,56,-3,-59,48,28,-13,-53,-75,-44
-26,-78,-46,44,-11,-40,58,28,-35,-48,-56,-61
-23,-94,-69,60,3,-64,57,29,-30,-66,-52,-45
-36,-62,-41,58,11,-75,77,29,-28,-48,-60,-42
-10,-43,-47,60,29,-37,47,36,-31,-32,-51,-35
7,-41,-40,14,15,-51,29,31,-30,-21,-41,-31
-33,-31,-47,43,8,-56,23,9,-28,-30,-63,-56
-15,-57,-29,25,25,-28,21,14,-17,-43,-46,-51
-22,-30,-26,35,12,-49,13,16,-25,-16,-47,-34
-20,-30,-37,28,19,-35,25,26,5,-24,-26,-56
-12,-27,-16,36,-7,-24,13,-4,-24,-34,-35,-34
-10,-41,-8,26,14,-18,11,7,-18,-51,-6,-34
-16,-34,-16,35,-4,-41,8,15,-22,-32,-59,6
-1,-23,-28,0,21,-20,11,14,-28,-18,-25,-21
0,-33,-8,32,5,-26,15,10,-21,-26,-15,-31
2,-30,-9,28,7,-7,31,3,0,-17,-4,-8
-8,-1,5,27,5,-1,19,11,11,-29,-5,8
13,-9,9,10,11,-2,7,-5,6,3,1,9
-5,14,-1,-8,-11,25,-8,9,-5,-9,-1,6
27,-4,5,-25,12,3,-6,-3,2,-3,21,24
26,25,16,4,13,21,-16,-12,3,24,20,25
11,39,32,-46,-30,17,-3,-20,21,18,-3,0
21,33,42,0,-1,34,-9,11,-5,46,37,35
18,62,24,-38,-18,37,-39,-10,18,-1,73,25
43,55,20,-47,0,57,-15,-41,24,35,58,29
33,56,40,-55,-9,39,-27,-20,22,55,51,60
27,71,53,-53,6,51,-37,-30,32,50,81,68
45,79,57,-40,-15,67,-34,-27,25,50,109,74
29,69,49,-52,-24,76,-61,-25,29,75,90,50
25,121,62,-51,-8,61,-28,-61,15,74,69,63
47,123,78,-72,-21,99,-62,-47,15,73,68,83
42,117,65,-70,-12,74,-71,-40,47,113,113,72
49,140,89,-75,-11,96,-63,-48,14,82,113,84
54,120,82,-88,-19,113,-73,-85,38,100,120,90
40,142,86,-90,-21,121,-68,-80,52,111,127,100
26,155,93,-95,-22,113,-68,-58,52,114,105,104
64,150,91,-115,-9,139,-79,-44,50,125,131,103
39,143,105,-112,-27,147,-101,-63,56,140,156,112
73,164,98,-89,-4,128,-107,-50,48,133,133,125
57,171,125,-125,-42,155,-95,-64,58,127,155,118
80,181,99,-120,-10,151,-92,-74,52,140,160,105
65,193,109,-126,-17,141,-109,-77,47,143,182,113
51,186,116,-147,-22,163,-85,-55,45,127,168,129
74,169,124,-119,-42,174,-111,-73,61,142,178,128
68,196,109,-142,-47,177,-93,-98,59,145,164,151
92,220,129,-125,-15,162,-97,-99,55,148,198,160
65,176,112,-124,-33,162,-124,-56,85,141,167,135
77,197,111,-116,-17,176,-93,-74,56,146,175,121
67,195,139,-124,-36,148,-99,-100,57,146,183,116
79,196,123,-144,-17,155,-104,-71,74,150,183,146
70,194,123,-128,-24,161,-95,-97,35,148,173,139
59,189,125,-128,-52,159,-71,-66,41,142,186,146
77,179,138,-126,-49,148,-103,-68,61,134,161,137
64,175,86,-124,-37,151,-123,-71,38,130,147,133
53,171,126,-131,-23,138,-86,-64,51,120,172,141
41,165,96,-116,-37,135,-66,-92,47,127,150,111
35,180,95,-110,-19,127,-100,-71,20,100,147,122
36,146,95,-108,-21,117,-86,-40,37,94,132,69
74,146,105,-105,-28,127,-76,-51,48,122,138,95
42,149,85,-80,-17,135,-70,-65,53,84,134,77
72,137,82,-80,-19,115,-58,-69,50,105,128,75
36,143,106,-64,-19,108,-79,-52,39,68,126,70
37,119,79,-79,-13,98,-63,-34,49,79,98,76
19,99,66,-80,-10,95,-37,-42,26,74,102,82
26,103,63,-56,-16,92,-57,-37,35,94,92,76
27,78,52,-87,-32,54,-49,-35,23,70,62,64
16,85,79,-50,8,65,-36,-32,31,53,80,73
0,54,42,-52,-26,86,-39,-45,17,55,60,46
21,61,45,-46,1,45,-22,-31,10,64,59,36
0,50,29,-48,-11,34,-21,-39,32,50,46,44
25,58,36,-41,14,49,-37,-3,41,32,48,52
14,37,23,-28,-15,21,-23,-16,12,28,7,28
23,17,2,7,24,23,-12,-8,1,16,27,1
5,9,24,-13,1,9,-22,-3,7,6,7,12
10,-3,8,-10,-8,-3,-12,-4,-11,22,22,10
-7,18,-7,-20,-12,9,6,-12,-9,-11,-14,-1
-3,-14,1,2,-20,-2,17,19,-9,14,-2,4
-9,1,9,18,-8,2,-13,8,-4,-10,21,-2
-22,-16,-12,4,-9,-25,17,11,-15,2,-10,-13
-8,-22,-8,25,9,-38,-1,4,0,-23,-15,-19
2,-21,-5,38,-12,-13,9,18,-8,-19,-25,-22
-12,-43,-25,12,2,-31,13,9,-6,-40,-36,-29
-6,-30,-30,3,-4,-26,9,29,-23,-27,-40,-43
-14,-36,-17,10,-24,-35,-2,14,0,-24,-34,-37
-26,-42,-20,11,14,-39,10,-1,-7,-55,-42,-28
14,-47,-17,32,-6,-48,20,5,-15,-39,-23,-35
-33,-57,-25,54,20,-56,29,26,-20,-42,-34,-39
-31,-37,-29,30,-12,-39,25,6,-2,-22,-40,-47
-25,-58,-37,34,-2,-46,29,26,-16,-65,-39,-58
-27,-76,-47,24,12,-55,36,25,-10,-40,-48,-50
-22,-53,-27,50,7,-69,47,50,-21,-55,-35,-36
-35,-64,-24,27,5,-60,31,19,-33,-44,-54,-49
-15,-60,-53,49,14,-46,43,51,-11,-43,-76,-43
4,-74,-42,22,5,-34,27,49,-34,-54,-67,-53
-23,-45,-39,65,14,-75,40,22,-21,-49,-71,-44
-8,-60,-44,38,7,-54,48,23,-7,-58,-81,-49
-27,-78,-46,35,6,-68,42,37,-10,-52,-97,-54
-7,-69,-49,42,4,-63,33,51,-36,-57,-71,-58
-38,-95,-70,46,5,-79,40,33,-20,-84,-80,-84
-31,-106,-48,51,20,-71,54,43,-41,-72,-92,-59
-33,-101,-50,64,21,-99,41,57,-28,-75,-92,-75
-40,-120,-71,84,29,-86,52,36,-32,-96,-92,-86
-35,-129,-90,105,25,-109,63,49,-56,-70,-83,-107
-38,-146,-93,111,39,-116,87,74,-45,-123,-124,-110
-45,-154,-111,120,39,-139,113,62,-77,-134,-149,-103
-65,-191,-113,110,15,-153,97,53,-39,-138,-165,-117
-53,-199,-122,144,29,-162,99,87,-60,-168,-146,-138
-66,-216,-143,136,37,-181,134,67,-60,-163,-199,-159
-93,-215,-175,144,42,-176,132,71,-60,-157,-214,-164
-94,-233,-143,156,34,-171,116,101,-59,-186,-226,-166
-81,-237,-158,183,40,-197,112,80,-88,-177,-205,-160
-81,-240,-149,177,33,-204,141,102,-71,-188,-203,-138
-98,-232,-164,155,58,-193,110,92,-68,-170,-223,-174
-94,-238,-132,144,55,-171,121,101,-91,-153,-211,-154
-77,-196,-134,151,32,-155,103,81,-48,-151,-183,-138
-71,-183,-107,106,35,-142,101,70,-46,-129,-142,-95
-55,-152,-100,88,46,-110,88,68,-57,-107,-126,-92
-46,-93,-81,93,9,-70,65,45,-41,-87,-106,-78
-19,-99,-37,45,-4,-34,24,8,-12,-53,-45,-52
-3,-4,7,0,8,6,8,-8,-23,-15,14,18
26,69,52,-41,-5,58,-25,-35,25,58,57,40
30,148,45,-86,-26,104,-105,-73,32,96,124,123
73,215,131,-142,-15,157,-114,-83,58,169,187,168
99,301,189,-213,-46,254,-172,-109,78,225,279,217
130,367,247,-275,-53,312,-230,-164,87,292,337,272
154,467,321,-322,-64,386,-276,-216,145,361,419,333
226,586,362,-402,-88,474,-295,-220,187,426,520,391
249,679,426,-461,-88,582,-376,-254,202,521,596,460
280,745,500,-512,-130,668,-417,-293,216,546,678,542
289,840,545,-576,-102,698,-461,-332,256,630,765,591
307,930,607,-623,-138,761,-502,-362,306,680,821,650
337,967,623,-656,-148,804,-522,-384,298,717,843,672
367,1021,664,-685,-149,838,-544,-413,283,724,879,693
345,1004,641,-693,-150,834,-562,-409,305,757,920,694
343,992,643,-675,-139,826,-532,-399,283,763,892,706
341,979,630,-655,-147,811,-530,-377,285,738,862,666
322,913,607,-622,-134,777,-492,-380,277,670,830,653
290,857,555,-576,-147,723,-472,-327,245,632,761,602
261,774,503,-528,-108,649,-417,-323,213,577,712,534
234,668,441,-458,-92,567,-379,-268,193,496,597,464
189,589,365,-384,-99,494,-307,-223,183,425,509,418
167,476,325,-319,-67,394,-260,-214,158,366,435,309
133,386,248,-247,-31,310,-179,-146,99,267,345,286
99,278,179,-164,-21,230,-158,-121,70,182,238,187
82,184,109,-93,-24,142,-97,-80,53,119,132,123
31,63,48,-50,-13,52,-48,-17,17,21,54,68
-8,-4,-1,3,6,-16,-5,-11,9,-17,-18,-4
-44,-76,-52,51,10,-62,16,34,-1,-49,-84,-75
-66,-133,-78,96,12,-105,73,66,-49,-113,-128,-102
-72,-180,-116,119,19,-170,108,99,-80,-172,-200,-127
-80,-233,-148,169,32,-173,138,94,-80,-147,-215,-176
-75,-250,-173,189,26,-213,157,121,-75,-203,-222,-184
-85,-283,-189,173,45,-214,162,112,-87,-196,-249,-202
-99,-294,-185,197,34,-238,152,88,-86,-217,-266,-189
-113,-279,-174,192,39,-250,177,126,-91,-200,-236,-186
-100,-300,-184,190,39,-237,134,100,-92,-188,-247,-188
-81,-274,-160,182,52,-220,148,123,-60,-190,-272,-169
-83,-241,-169,161,31,-222,144,112,-54,-195,-218,-184
-88,-246,-163,172,32,-191,121,105,-61,-193,-238,-173
-72,-211,-131,145,30,-187,104,98,-58,-181,-191,-151
-77,-209,-105,114,28,-137,105,76,-57,-151,-195,-133
-64,-182,-100,129,23,-133,95,74,-56,-116,-166,-101
-32,-154,-89,99,16,-128,68,41,-39,-126,-140,-117
-43,-138,-76,90,15,-120,76,57,-15,-107,-131,-83
-33,-111,-91,62,7,-74,61,52,-38,-100,-102,-75
-34,-100,-74,63,40,-50,61,37,-45,-72,-95,-76
-15,-79,-64,67,14,-69,43,10,-21,-72,-66,-59
-29,-100,-43,57,14,-56,31,30,-27,-60,-63,-50
-42,-60,-38,38,16,-57,48,25,-41,-56,-80,-45
-14,-62,-46,46,18,-35,34,4,7,-39,-40,-21
-12,-70,-7,33,0,-37,27,37,-14,-22,-39,-43
-8,-24,-23,7,-1,-33,33,2,-30,-29,-58,0
-19,-25,-34,62,7,-37,24,27,-17,-33,-24,-45
-9,-17,-38,22,22,-27,23,4,2,-3,-28,-7
-12,-36,-10,21,15,-40,28,19,-17,-13,-35,-31
7,-15,-28,14,7,0,19,21,-26,-30,-29,-20
-5,-57,-10,23,-1,-32,12,10,0,-17,-19,-25
-18,-53,-30,8,1,-29,18,5,36,-10,-12,-22
16,-23,4,2,-7,-23,2,-4,-17,-13,-18,10
-13,-26,-31,12,9,-23,-1,28,-11,12,-15,-19
-23,-5,-10,16,2,-22,1,22,3,-29,-19,-15
-9,-20,-19,5,5,-28,8,8,-19,-25,-19,-14
18,-28,-20,16,6,-26,-4,-2,0,-5,-18,0
2,-14,-2,3,3,-20,-16,-33,-7,-44,-5,9
-5,-20,-14,15,-2,-6,6,23,-10,-5,-36,-8
24,-14,-10,7,-2,-3,-22,10,23,-25,-9,-15
5,18,12,4,-3,-14,11,10,-28,-10,-21,-12
23,-26,-8,5,-6,-7,3,10,6,-7,-11,3
21,5,13,26,0,-1,23,2,14,-15,-12,17
-5,-7,-12,-7,8,-20,-14,11,21,19,-7,-1
3,-2,-2,-22,1,19,-6,-10,6,5,21,19
-5,15,-17,25,-5,-12,-9,3,0,12,-4,3
12,-7,26,20,10,11,13,5,7,1,-7,14
2,18,10,-13,3,-1,-18,-5,17,0,29,-28
7,15,7,-23,-16,20,-10,-8,-4,23,16,0
-10,33,6,-19,2,22,2,-8,20,15,2,-12
29,2,28,-16,-9,29,-7,-23,-8,14,25,19
-9,31,19,-10,-8,37,-26,-23,21,6,37,5
9,32,19,-3,-5,13,-10,-31,-9,24,37,37
20,56,35,-47,-6,30,-35,-18,-10,20,33,11
13,37,15,-31,-31,40,-34,-12,14,13,45,22
1,44,33,-27,-8,70,-17,-29,-3,38,47,30
15,64,37,-36,-2,71,-20,-19,-1,40,43,62
9,73,38,-41,-21,40,-29,-25,29,42,45,34
33,61,45,-47,0,55,-37,-19,20,48,69,41
21,77,52,-51,-16,76,-37,-38,7,50,71,38
11,81,38,-39,-2,49,-22,-26,19,52,56,57
25,97,30,-67,-32,68,-35,-26,46,57,85,67
46,80,81,-85,-3,56,-41,-49,33,63,65,67
25,86,43,-75,-32,81,-49,-52,32,68,70,65
28,98,80,-70,-45,73,-61,-44,20,57,97,65
27,123,56,-89,-16,114,-58,-40,45,80,116,94
43,132,65,-74,-31,86,-75,-61,38,82,114,87
35,102,77,-75,-7,115,-80,-39,68,105,125,94
65,124,70,-86,-6,105,-68,-43,54,96,114,79
63,131,91,-94,-15,100,-61,-64,36,84,97,97
59,151,79,-121,-19,125,-64,-80,29,102,145,113
53,153,109,-116,-41,130,-80,-43,38,133,146,92
61,156,113,-111,-33,122,-84,-47,53,125,154,104
44,193,114,-127,-32,136,-82,-77,31,124,165,120
73,175,141,-111,-32,163,-97,-58,19,138,159,138
64,201,125,-131,-24,139,-126,-90,67,130,175,137
64,197,122,-137,-41,146,-115,-86,68,132,180,134
86,206,144,-143,-18,161,-115,-95,57,180,191,126
83,193,146,-137,-57,175,-107,-98,65,178,193,163
97,241,137,-163,-38,179,-124,-81,64,160,174,152
93,241,154,-163,-37,210,-131,-98,60,187,208,168
108,231,166,-163,-36,204,-133,-106,72,191,216,163
82,242,166,-177,-56,202,-143,-89,102,183,238,186
81,285,155,-189,-46,214,-139,-101,80,202,230,182
68,271,175,-170,-64,218,-158,-104,87,189,248,211
85,283,179,-214,-56,234,-144,-95,93,202,255,190
108,276,165,-180,-40,234,-158,-105,81,211,263,193
96,291,196,-212,-45,238,-153,-110,89,183,252,217
115,305,202,-198,-49,263,-150,-109,67,224,254,213
99,317,190,-190,-9,267,-173,-111,106,232,289,229
100,316,208,-216,-42,275,-175,-122,86,210,305,213
124,337,243,-202,-44,266,-156,-140,87,247,277,223
99,330,215,-229,-64,275,-187,-120,88,239,319,250
116,348,232,-222,-47,271,-190,-127,120,261,305,231
105,339,234,-229,-65,280,-179,-124,89,258,295,237
146,354,243,-224,-65,285,-183,-142,104,233,317,223
106,351,232,-252,-52,292,-186,-163,102,276,299,259
144,349,239,-261,-45,297,-199,-140,97,267,320,266
142,370,240,-237,-23,320,-208,-151,132,285,322,258
124,377,247,-252,-65,322,-198,-152,123,278,315,276
127,374,256,-251,-53,321,-224,-156,132,282,329,268
148,389,228,-287,-58,301,-200,-159,99,312,321,278
136,380,247,-269,-73,325,-196,-162,126,291,355,262
121,365,253,-271,-57,328,-204,-157,130,273,355,282
144,374,244,-262,-62,307,-223,-168,117,303,316,289
151,371,238,-254,-66,329,-212,-155,123,294,348,270
132,395,238,-287,-55,341,-196,-152,130,302,361,274
141,371,264,-259,-63,341,-201,-148,112,290,360,277
128,394,250,-268,-65,323,-235,-180,117,277,359,294
138,392,269,-277,-50,336,-234,-164,126,295,349,266
149,379,252,-274,-66,339,-222,-164,98,319,349,300
155,392,246,-292,-72,310,-189,-167,134,292,340,275
118,393,266,-279,-59,338,-217,-148,105,275,348,264
151,398,247,-254,-52,323,-208,-151,114,289,309,300
144,385,254,-279,-69,307,-189,-139,117,289,355,276
144,384,248,-261,-39,328,-205,-138,122,276,333,270
160,367,262,-223,-56,314,-196,-149,114,296,316,258
117,366,272,-267,-43,302,-212,-162,107,272,354,250
135,372,233,-245,-78,302,-181,-172,130,273,340,254
128,346,234,-239,-62,312,-189,-125,98,271,342,246
113,345,237,-252,-66,297,-224,-140,87,254,306,264
117,370,235,-218,-42,311,-188,-120,109,257,296,247
124,329,235,-235,-36,281,-159,-116,112,252,314,242
123,332,231,-228,-54,283,-184,-129,113,252,277,247
101,310,226,-220,-51,258,-171,-150,99,240,295,238
121,335,197,-213,-83,258,-159,-137,87,247,290,221
109,300,211,-224,-44,273,-170,-132,100,254,292,218
92,303,189,-201,-39,247,-142,-123,84,235,279,217
101,306,194,-202,-38,247,-167,-123,71,238,266,204
87,292,186,-192,-56,242,-168,-89,94,213,259,179
78,293,180,-187,-33,254,-150,-106,93,195,258,199
121,282,174,-198,-40,243,-161,-111,67,198,258,181
107,263,166,-191,-37,228,-158,-92,96,193,235,176
101,255,176,-147,-44,218,-133,-115,95,189,239,164
77,276,172,-160,-56,222,-158,-108,83,197,226,166
71,229,154,-163,-34,190,-151,-83,74,205,218,152
68,232,146,-176,-38,206,-131,-95,74,141,207,175
89,216,156,-170,-39,188,-148,-96,69,176,219,160
83,228,157,-148,-38,174,-130,-79,76,164,184,147
68,216,134,-139,-23,166,-107,-80,77,157,169,146
79,185,136,-137,-30,166,-112,-111,76,136,178,150
68,203,124,-124,-40,155,-105,-66,47,147,176,156
66,172,116,-118,-13,143,-93,-59,62,146,177,135
72,171,110,-122,-22,157,-97,-59,67,142,168,126
55,156,103,-102,-45,140,-78,-79,29,120,147,131
59,163,109,-127,-36,126,-85,-53,55,129,146,92
47,158,84,-100,2,119,-90,-78,28,101,136,98
70,128,89,-93,-4,130,-80,-22,49,100,120,99
37,148,97,-47,-4,119,-64,-78,39,128,118,105
29,117,93,-86,-35,115,-63,-53,34,80,121,92
48,119,79,-96,-16,103,-68,-59,32,79,104,72
47,110,94,-76,-32,81,-67,-27,52,78,92,67
58,96,87,-64,-18,70,-57,-53,49,88,94,65
29,94,73,-73,0,88,-74,-28,55,68,103,76
39,82,72,-69,-7,86,-47,-46,47,60,76,58
-3,83,63,-66,-11,65,-45,-32,41,57,75,70
27,77,37,-46,-6,46,-40,-25,45,57,72,39
15,88,46,-20,18,63,-29,-27,16,48,42,55
32,67,29,-24,-4,46,-57,-15,29,59,71,37
23,59,27,-43,3,30,-38,-16,24,47,59,44
16,56,42,-20,-4,55,-36,-18,12,17,47,49
20,41,29,-36,1,28,-50,-22,27,48,55,28
9,43,11,-25,-11,34,-30,-6,3,24,35,14
21,55,13,-39,-4,33,-23,-16,19,4,37,27
20,21,23,-8,-28,25,-30,-26,15,2,7,39
24,43,35,-8,-9,-2,-11,-16,-2,29,22,31
12,27,-1,-5,-5,30,-21,-20,19,34,24,8
3,17,10,-19,-10,39,1,4,-10,6,24,17
25,-3,23,-20,-3,15,17,-6,12,17,4,43
4,21,-8,20,-17,4,-13,0,20,12,-5,8
20,11,-16,-30,-6,0,-34,-14,8,3,13,1
24,-8,4,17,-20,-7,-24,-10,-6,-4,-11,31
-7,7,-1,2,15,16,-10,-3,8,0,-11,3
-9,3,0,1,8,8,-3,5,27,3,6,28
-22,4,4,-11,-20,-3,7,-13,19,-3,1,-11
-8,1,-4,-11,6,9,11,5,6,3,0,1
-10,-13,5,-1,7,9,-9,-14,-9,6,-2,-1
-1,-15,26,15,-2,-4,16,0,8,-8,14,-20
3,-2,5,-4,5,4,-4,15,-13,11,-20,-11
-1,1,-19,-6,-5,4,-4,4,-11,-18,4,2
-21,-6,3,8,-2,-13,10,20,-8,-4,-21,-3
3,-16,-11,6,22,-22,17,20,-20,-11,-10,-11
-19,-25,7,25,-11,8,23,10,-7,-27,-19,-35
-7,-26,-24,28,2,-24,6,6,-2,-15,3,-5
-6,-27,-9,16,-9,-2,9,25,-31,-12,-14,-9
-33,-10,-23,-26,3,9,-1,-4,3,-29,-13,-15
6,-26,-26,40,15,-8,15,10,-7,-8,-6,-33
-17,-26,-28,7,-9,-14,4,14,-9,-32,-13,-9
3,-17,-28,21,32,5,14,7,-10,-31,-44,-7
-8,-22,-35,28,14,-14,17,-2,10,-20,9,-27
-10,15,-19,9,21,-7,4,-1,-4,-10,-24,-8
-15,1,-9,1,-7,-1,4,17,-2,-16,-6,-17
-9,-21,-25,4,-17,-36,-13,-18,-1,-11,-10,-46
-2,-13,-10,23,-13,-3,17,27,-1,-26,-26,-23
-19,-37,-9,-9,-1,-9,18,3,-13,-2,-20,-5
-2,-17,-4,20,-11,-2,1,5,-16,-24,-18,5
-12,-17,-4,16,-11,-1,10,21,8,-6,-60,-14
-19,-29,-19,10,-24,-28,0,21,2,-6,-22,-43
-19,-27,-20,4,25,-13,21,19,21,-14,-44,-4
-20,-34,7,11,-1,-25,27,4,-7,-17,-28,-15
-2,-38,-11,-14,-4,-30,24,-1,0,-29,-35,-2
-12,-28,-24,23,-3,-34,22,12,-12,-4,-24,1
5,-25,-12,2,-12,-12,19,8,8,-17,-43,6
-35,-16,-7,18,6,-13,32,16,-8,-10,-36,-30
-12,-31,-26,21,9,2,23,24,12,-22,-32,-23
4,-16,-4,12,13,-25,32,-22,-19,-32,1,-12
-19,-13,-34,17,0,-11,5,23,-16,-7,-27,-19
-17,-18,-6,9,8,3,-15,-5,-10,5,-22,-7
-13,-7,-17,23,15,-10,18,14,-13,-15,-22,-10
4,-16,-3,18,-3,-18,-3,1,-23,-4,-19,-13
-2,-40,-35,17,0,-1,-13,2,-11,-18,-15,-27
6,-6,-8,-9,-5,-16,-3,-5,-2,-35,-4,-14
-4,-33,6,2,10,-20,31,1,-5,-10,-1,-20
-8,-2,-12,2,15,-1,17,1,5,11,-20,-17
-32,-46,-7,28,-8,-14,-6,-5,-6,-14,-17,-28
-10,-36,7,19,20,-6,10,15,-2,-33,-3,-17
-22,-34,-32,34,0,6,38,-15,-1,-7,-6,-25
1,-27,-7,23,12,-22,2,12,13,-15,-31,-21
-10,-17,-29,46,9,-29,5,7,12,-9,-12,-6
-6,-12,0,20,13,13,0,11,-2,-6,-5,18
-15,-5,-11,6,5,8,-5,7,-10,-38,-28,-2
-13,-12,-7,-9,17,-28,27,-4,-2,-7,5,-18
-14,6,7,-5,-17,-23,-1,5,-6,-21,-22,-4
-14,-16,-5,19,4,-51,1,10,-11,-20,-7,-21
-9,4,-14,10,4,-22,19,11,11,-18,0,19
3,-5,-10,18,13,-13,28,-1,9,-36,-24,-2
0,-7,-4,33,6,-8,7,-4,3,-17,0,-12
13,-18,-32,22,-6,-19,7,2,-4,-7,-14,-35
-2,-18,-22,6,-1,-21,-4,29,23,5,-4,-22
-3,-21,-21,-1,3,-37,-6,-6,3,-14,-12,-37
-12,-13,-20,13,-13,23,0,9,-9,0,-11,-5
-5,-29,20,2,2,-10,0,-6,3,-6,-1,-1
-7,-2,3,5,0,5,-18,8,-12,12,-9,-8
-20,3,4,13,-3,-5,16,-3,16,7,-8,9
-17,8,11,8,-4,5,9,-18,-32,-6,-14,11
-25,-36,-17,2,18,5,6,3,-23,7,1,-16
-8,-1,-9,7,17,-9,-3,24,4,-8,-10,-32
8,-21,-22,10,-3,-6,4,27,-13,-5,-29,6
10,-7,-10,8,-12,2,-14,10,4,0,-11,-5
-2,-17,11,6,-12,-5,17,-4,3,7,-22,-21
-1,-4,-10,-1,4,-1,3,9,3,8,-12,2
3,-1,5,2,3,-22,33,6,19,0,-5,8
13,-31,18,15,13,0,8,18,16,-16,-4,-14
-8,-20,-16,-5,10,21,17,21,-9,-2,-1,-9
3,-2,-4,4,-10,18,-7,13,9,-1,-8,28
6,-29,-14,1,-2,-20,5,0,17,16,-9,-6
-14,17,-4,-7,-7,-17,-8,5,-4,12,1,4
8,3,-7,7,12,-4,-22,-18,3,6,2,7
-21,-16,-5,-10,-5,-9,-5,2,16,-8,0,15
5,1,-13,-1,5,6,5,6,-12,-16,3,23
-21,-18,-15,-4,28,14,7,-2,24,10,-8,4
-15,27,26,6,-7,8,-2,11,-7,4,-28,-6
5,-12,-4,7,-14,-13,-2,13,21,-3,-8,14
6,0,6,11,5,10,14,-9,-1,7,-5,-10
0,-10,10,-11,-1,6,27,6,-1,-10,18,2
-21,19,7,-1,7,23,6,-17,-14,10,-10,-26
8,9,-11,-19,2,17,19,-9,-22,-6,-8,-11
-19,4,3,8,1,2,7,-22,5,0,1,22
23,-9,-1,-8,-10,-8,-3,-26,8,-33,-6,5
-9,-1,25,-17,-4,10,-6,4,17,16,26,-20
22,10,-1,-10,-3,-15,25,12,-11,-3,16,-12
-19,-10,-3,21,-4,10,-8,3,10,6,0,-12
7,7,-15,-6,-14,22,-11,-6,21,13,11,-9
12,6,-12,-19,8,-3,4,-1,13,-2,13,1
15,7,-3,7,-1,4,-28,0,6,6,10,-13
-7,8,5,-27,1,-2,-14,-7,6,3,19,-3
10,25,0,14,-2,7,2,5,-14,34,17,-6
-25,19,-4,12,-4,4,-10,-29,-1,13,20,-15
25,17,-6,-5,-15,5,-7,11,-9,29,13,28
13,17,18,-9,-13,10,3,19,8,-2,15,5
20,-5,12,-13,4,-1,-26,-23,0,13,12,9
11,-4,7,-12,-17,0,4,-33,-10,-3,10,19
31,26,36,-15,15,15,3,-14,19,29,7,1
-7,11,13,5,22,-4,20,11,17,12,24,24
14,3,-15,2,-20,7,-11,-7,-2,7,5,11
1,8,21,-13,10,18,-9,0,3,25,6,16
-15,29,12,12,-16,25,15,-1,29,19,26,51
17,27,13,-18,-1,10,-4,-3,15,12,10,18
-2,2,29,-21,-13,35,-13,-25,5,10,13,-7
30,37,3,-9,2,5,-35,6,14,1,30,10
14,36,22,-18,11,17,-33,-28,-7,31,12,18
0,7,27,-20,-3,41,-26,-3,17,19,36,3
34,26,32,-34,14,44,-23,-9,-5,16,19,12
27,45,23,-17,-29,-11,-36,-18,5,28,4,36
16,52,10,-44,2,21,-24,5,2,32,48,7
18,41,26,-32,-26,30,-20,-19,11,31,46,38
7,17,23,-32,-1,40,-23,-48,1,38,42,50
19,45,28,-10,-20,40,-38,-13,13,39,44,37
23,76,38,-53,10,58,-45,-12,30,45,77,66
11,55,36,-37,-1,61,-40,-34,9,65,70,68
24,80,43,-27,-21,67,-47,-31,19,39,58,62
27,93,35,-54,-6,75,-42,-23,9,46,82,25
16,77,59,-78,-20,71,-25,-18,24,76,83,70
34,119,56,-41,-14,64,-42,-36,31,76,57,56
35,81,76,-51,-11,69,-64,-30,30,67,92,60
33,111,77,-69,-24,51,-52,-50,27,61,91,63
30,109,71,-70,-3,99,-54,-53,34,70,101,78
51,108,90,-86,13,97,-52,-30,49,72,99,77
49,146,89,-112,-35,124,-56,-37,54,112,130,101
45,144,87,-71,0,116,-85,-43,61,92,110,86
71,136,112,-109,-29,101,-66,-58,29,118,149,96
56,158,86,-111,-16,134,-77,-44,56,122,136,105
48,154,82,-108,-28,147,-105,-57,37,132,153,134
62,182,127,-122,-30,137,-93,-66,36,115,171,121
71,201,112,-109,-36,167,-94,-72,61,138,162,124
51,217,121,-148,-29,163,-114,-79,74,149,177,150
62,200,136,-148,-20,165,-125,-87,75,164,193,128
82,198,128,-162,-58,200,-112,-101,39,154,172,126
58,201,131,-153,-32,179,-126,-102,50,148,196,147
76,216,158,-173,-19,184,-125,-62,50,183,197,159
71,227,156,-148,-21,183,-115,-83,77,185,210,174
106,237,143,-159,-46,199,-131,-95,80,191,202,200
80,241,156,-164,-43,203,-157,-83,62,193,234,158
87,248,161,-177,-59,199,-128,-113,72,181,230,173
87,255,151,-155,-25,202,-135,-107,95,192,230,183
85,253,164,-171,-70,213,-144,-118,60,179,248,182
74,285,186,-195,-34,202,-130,-119,87,199,267,175
113,285,174,-172,-49,219,-139,-107,77,203,258,195
95,258,198,-185,-57,215,-135,-112,77,212,253,187
81,270,187,-193,-23,225,-166,-98,64,218,236,178
77,279,175,-176,-18,206,-156,-111,81,214,223,206
103,260,200,-195,-37,233,-133,-108,78,222,257,181
80,282,194,-177,-48,228,-163,-100,87,196,246,178
106,275,180,-194,-41,229,-163,-124,79,204,260,199
95,291,187,-182,-63,236,-153,-116,85,204,232,196
89,286,192,-188,-48,244,-157,-114,105,219,247,173
86,253,182,-178,-36,203,-153,-92,88,188,256,181
107,275,169,-201,-53,220,-128,-99,62,190,253,200
73,254,176,-173,-33,237,-138,-114,60,162,246,170
74,249,155,-166,-18,222,-123,-118,62,176,237,184
80,248,171,-170,-56,213,-142,-106,82,171,225,159
79,234,163,-164,-34,192,-125,-97,65,200,219,161
60,248,157,-168,-18,187,-131,-109,70,171,216,183
77,233,163,-176,-28,207,-127,-111,72,190,192,169
92,215,146,-132,-37,189,-124,-80,64,164,186,166
51,201,132,-138,-38,172,-105,-68,64,154,193,137
65,195,133,-155,-34,178,-111,-91,59,147,176,121
68,208,133,-138,-43,154,-93,-77,65,125,172,161
54,166,128,-128,-32,155,-96,-84,58,163,181,132
70,195,110,-125,-27,156,-88,-46,66,133,148,132
73,166,107,-102,-6,153,-89,-91,28,137,148,110
55,160,94,-98,-14,128,-90,-90,53,113,161,130
43,157,100,-106,-14,139,-84,-58,38,112,120,100
27,143,99,-80,-5,114,-99,-57,36,101,132,112
41,135,98,-83,-34,117,-79,-52,46,87,128,106
30,152,92,-92,-34,117,-87,-51,25,141,119,86
47,133,37,-71,-14,106,-61,-28,30,76,138,65
31,133,56,-63,18,81,-54,-53,46,80,110,84
52,99,58,-47,-36,95,-67,-52,12,79,59,53
27,117,65,-56,-8,83,-61,-25,43,93,63,90
12,97,76,-38,0,70,-57,-42,15,75,80,48
42,76,72,-51,-13,55,-66,-58,23,66,79,54
37,77,51,-55,-15,78,-30,-12,42,59,66,32
40,72,52,-36,-2,49,-35,-30,28,67,59,33
34,52,35,-61,3,65,-31,-28,52,55,52,57
24,46,42,-40,-19,38,-40,-27,17,50,79,43
16,30,51,-53,3,60,-54,-15,14,39,58,52
21,45,38,-56,-13,29,-13,-22,10,22,42,38
34,63,49,-33,-29,37,-16,9,15,42,59,55
4,35,34,-38,-4,29,-40,-39,17,27,37,16
25,32,31,-22,-13,40,0,10,14,28,29,16
28,46,8,-41,11,34,-23,-21,11,33,23,33
26,45,16,-35,5,25,-13,6,21,29,22,33
11,21,42,-36,0,26,-18,-20,7,21,36,15
6,30,23,-16,3,43,-49,-23,5,42,33,37
7,44,20,-36,1,30,-14,-13,13,36,37,21
8,10,-4,-40,0,39,-23,-6,22,37,22,29
18,25,10,-40,-16,29,-30,1,36,18,31,24
4,19,18,10,2,32,-9,-21,22,27,22,34
-2,18,22,-28,9,11,0,-27,5,7,26,25
16,11,3,-13,8,12,-11,0,2,-1,12,25
3,24,14,-11,0,14,11,-1,-8,7,20,-8
13,-14,5,-4,-1,7,10,-8,14,-10,8,-9
-13,12,-4,-19,15,0,9,-3,23,-20,-17,18
-16,-29,-18,3,8,3,-5,6,-17,-11,-11,-3
-15,-10,-3,2,-26,-20,14,37,-7,-23,-26,-4
-23,-38,-40,1,-5,-26,1,31,-6,-12,-32,-27
-13,-34,-15,21,10,-41,27,23,-4,-65,-32,-30
-28,-59,-52,27,14,-42,35,17,-4,-48,-56,-30
-35,-60,-50,32,36,-41,19,12,-10,-29,-54,-39
-8,-90,-41,72,21,-52,42,5,-28,-47,-38,-61
-20,-103,-54,96,22,-76,49,38,-7,-65,-88,-74
-22,-101,-45,84,12,-95,37,35,-48,-99,-115,-75
-21,-117,-74,59,4,-118,70,33,-30,-92,-87,-80
-32,-130,-61,98,19,-130,89,38,-66,-105,-117,-104
-34,-116,-114,86,9,-115,78,69,-30,-98,-108,-114
-55,-166,-83,81,0,-116,87,63,-35,-127,-142,-122
-51,-152,-89,100,50,-130,72,58,-43,-105,-145,-96
-62,-124,-96,96,33,-102,63,95,-43,-112,-139,-90
-31,-106,-76,77,21,-100,50,55,-46,-88,-113,-78
-22,-81,-54,75,31,-63,51,39,-18,-61,-99,-60
-27,-47,-12,23,27,-41,48,20,-8,-18,-46,-30
-3,-13,-22,-9,-17,2,-2,12,-7,-28,8,5
44,56,47,-40,-4,74,-33,-13,4,49,39,33
73,124,103,-81,-15,99,-64,-55,40,99,126,104
70,202,136,-151,-17,163,-109,-82,61,136,204,140
79,293,191,-188,-44,239,-159,-98,60,221,277,189
120,368,249,-236,-61,322,-197,-160,113,267,340,276
174,479,289,-321,-80,392,-279,-192,129,353,433,301
201,580,370,-373,-85,467,-308,-226,180,410,509,397
220,666,418,-452,-93,567,-365,-263,188,501,600,467
279,775,506,-497,-113,629,-408,-305,217,561,682,525
282,828,561,-581,-112,688,-455,-329,248,647,768,591
326,933,603,-641,-155,777,-484,-343,262,691,831,645
332,992,646,-670,-141,851,-560,-417,287,740,884,697
364,1034,674,-690,-155,860,-568,-421,328,790,953,734
365,1061,700,-719,-140,880,-594,-419,304,802,958,746
374,1094,693,-722,-149,879,-577,-421,325,795,968,775
394,1076,721,-711,-157,879,-586,-416,328,803,979,753
334,1029,685,-710,-135,852,-577,-415,318,758,931,715
355,991,623,-690,-156,812,-550,-398,308,738,862,674
323,901,589,-615,-139,756,-512,-339,287,671,796,626
299,804,543,-577,-101,679,-450,-335,270,618,740,570
221,731,462,-476,-111,583,-397,-288,233,567,644,532
232,620,387,-440,-106,503,-354,-265,182,469,545,446
200,514,344,-363,-83,406,-276,-197,148,377,456,342
142,413,253,-277,-45,332,-235,-154,138,313,368,274
141,320,190,-230,-35,254,-179,-138,108,231,276,219
70,213,145,-152,-6,178,-116,-104,51,144,206,141
57,130,79,-100,-17,90,-82,-54,24,108,123,86
9,16,43,-41,-8,42,-14,-33,2,61,36,36
-10,-27,-17,8,12,-30,10,3,2,-7,-24,-14
-51,-77,-42,30,10,-60,34,45,-12,-49,-75,-63
-11,-127,-72,73,4,-95,78,64,-49,-105,-99,-93
-56,-153,-93,94,29,-124,69,59,-52,-99,-135,-112
-73,-177,-111,131,19,-161,82,65,-41,-126,-156,-101
-80,-182,-121,165,31,-155,85,64,-49,-134,-179,-113
-46,-162,-125,132,22,-169,119,67,-59,-145,-178,-124
-67,-191,-129,109,13,-127,101,61,-56,-144,-164,-121
-32,-173,-122,107,42,-156,102,88,-57,-117,-156,-119
-71,-156,-103,113,16,-134,108,54,-33,-131,-135,-114
-51,-149,-83,101,17,-114,79,85,-20,-87,-127,-106
-32,-130,-72,83,24,-86,61,68,-44,-113,-125,-88
-51,-77,-53,69,23,-90,62,44,-32,-64,-108,-57
-34,-68,-40,58,-4,-59,38,22,-32,-59,-72,-65
-18,-60,-26,36,12,-47,26,29,-6,-50,-45,-50
-18,-46,-21,25,-3,-24,4,27,-20,-13,-49,-24
-13,-15,-2,11,0,-7,32,-8,-7,-26,-19,-16
2,7,-6,4,-15,-7,6,2,-27,13,27,1
21,25,25,-21,12,10,-26,-3,5,29,2,28
13,21,-12,-8,-14,27,-6,6,-6,1,33,18
29,49,22,-40,-11,28,-26,16,-6,18,37,34
19,53,34,-34,-6,52,-30,-7,6,35,31,25
22,35,37,-52,-1,49,-59,-27,14,19,50,66
15,83,31,-15,3,45,-22,6,20,47,66,35
15,59,56,-25,-15,62,-26,-32,16,41,72,27
21,79,45,-55,-11,55,-23,-34,17,38,63,39
34,56,30,-58,12,51,-45,-51,45,81,60,44
25,81,66,-63,-19,85,-43,-19,23,42,77,59
52,104,51,-44,-19,78,-32,-34,21,61,71,48
41,82,55,-52,-26,38,-15,-15,29,60,75,69
20,80,43,-25,-17,92,-32,-32,22,65,58,60
21,52,52,-64,1,61,-45,-48,10,59,56,54
37,97,54,-46,1,45,-67,-33,12,52,73,50
35,80,50,-57,-15,55,-47,-37,22,65,85,46
44,88,32,-61,-5,72,-43,-52,14,72,64,62
33,83,62,-58,-11,78,-37,-54,18,59,67,65
11,85,60,-81,-33,49,-55,-60,7,60,77,55
27,109,67,-58,3,80,-64,-55,37,71,64,48
50,84,73,-67,8,64,-55,-36,35,69,84,61
13,73,66,-66,-3,78,-82,-32,14,61,94,54
57,99,86,-64,-16,72,-46,-48,33,63,102,68
19,101,70,-55,-11,83,-66,-52,32,69,88,76
46,106,71,-51,-15,101,-63,-48,40,99,76,102
43,96,90,-55,-16,91,-46,-59,8,99,104,84
34,119,87,-73,-25,94,-59,-50,30,77,104,85
34,131,83,-63,-15,90,-70,-30,58,84,123,59
26,110,80,-83,-14,106,-60,-41,19,90,122,70
65,115,67,-90,-21,78,-55,-42,39,89,117,102
55,140,68,-69,-14,107,-74,-53,39,111,113,87
43,122,98,-99,-33,104,-63,-47,32,103,101,83
58,128,97,-94,-34,104,-71,-53,58,99,129,98
42,133,95,-81,-24,129,-89,-47,56,81,140,102
36,134,91,-98,-28,133,-60,-47,63,100,115,97
39,147,102,-123,-14,130,-66,-47,64,113,146,104
53,136,116,-104,-14,137,-79,-59,33,105,158,111
58,167,117,-115,-26,147,-83,-61,45,101,150,108
65,160,129,-132,-27,138,-75,-61,40,120,158,94
59,179,109,-109,-9,114,-92,-74,73,115,142,119
66,170,113,-135,-26,134,-90,-71,58,160,182,106
76,197,106,-125,-23,148,-125,-68,52,139,166,136
74,177,126,-165,-17,165,-98,-76,57,146,169,142
83,190,127,-128,-32,175,-116,-72,46,167,188,140
92,227,139,-150,-14,170,-124,-100,65,118,182,148
68,217,151,-146,-44,165,-105,-87,61,123,211,174
54,188,154,-151,-17,180,-117,-66,62,176,213,160
95,235,152,-153,-29,177,-138,-90,56,185,199,165
69,238,151,-168,-44,209,-133,-94,84,196,218,158
82,243,166,-173,-36,225,-134,-95,72,180,217,158
91,256,166,-160,-31,205,-136,-74,89,208,238,180
82,245,162,-188,-26,240,-141,-111,92,210,245,187
103,269,178,-201,-54,233,-160,-113,103,201,244,192
76,294,189,-201,-45,222,-151,-113,104,187,251,193
111,295,209,-191,-50,237,-182,-112,83,184,259,216
112,293,193,-196,-33,253,-160,-103,93,196,243,203
105,311,208,-212,-48,251,-168,-108,95,217,283,217
111,302,209,-191,-39,270,-182,-132,93,247,276,223
121,328,187,-206,-53,264,-197,-123,109,234,274,206
127,296,205,-223,-60,267,-206,-116,91,263,320,253
130,341,221,-220,-55,288,-210,-127,104,258,294,253
117,337,206,-256,-54,300,-173,-141,108,282,298,236
115,351,222,-240,-55,300,-199,-123,98,269,323,234
132,373,241,-244,-46,297,-194,-135,106,278,323,253
139,373,246,-268,-35,311,-174,-161,109,282,331,259
142,386,249,-245,-52,314,-213,-161,122,288,324,266
123,385,246,-254,-42,329,-223,-166,111,308,336,272
133,400,241,-278,-40,331,-222,-145,124,292,351,282
145,399,269,-277,-69,313,-209,-162,147,302,342,279
133,395,264,-257,-61,330,-226,-140,127,292,365,270
135,425,260,-306,-64,372,-230,-151,129,322,376,278
143,427,272,-284,-56,342,-226,-178,121,308,359,274
165,440,260,-311,-52,367,-229,-177,135,303,378,302
142,428,305,-301,-63,355,-262,-182,109,306,385,289
166,441,274,-303,-61,390,-252,-160,123,310,383,300
141,447,301,-286,-81,396,-253,-175,136,321,376,303
164,444,318,-309,-67,363,-252,-172,148,333,409,330
139,452,287,-329,-65,373,-231,-168,161,340,409,296
161,438,275,-316,-72,383,-268,-188,145,328,420,329
139,474,288,-311,-75,377,-236,-196,133,353,410,332
163,447,321,-314,-61,359,-250,-187,137,352,421,336
179,474,329,-294,-76,397,-276,-191,117,364,406,322
148,439,298,-334,-105,389,-263,-186,137,343,414,336
171,436,286,-310,-79,359,-255,-199,152,347,448,322
144,465,302,-324,-74,388,-256,-199,154,354,418,306
150,460,290,-334,-74,388,-267,-194,135,348,424,353
161,485,322,-319,-81,385,-267,-193,149,338,425,315
159,476,310,-310,-59,399,-259,-188,129,355,428,338
150,456,315,-307,-77,386,-242,-182,134,364,439,321
146,474,292,-311,-60,396,-261,-192,130,350,442,312
144,475,314,-305,-46,373,-252,-205,130,346,402,320
185,445,318,-314,-72,371,-251,-186,136,346,412,320
153,454,292,-325,-79,374,-256,-157,135,348,412,307
148,471,295,-311,-74,359,-246,-182,116,338,408,337
164,459,285,-324,-80,355,-246,-166,128,337,409,311
165,452,296,-322,-60,385,-246,-190,145,345,408,310
150,452,290,-325,-62,386,-229,-186,135,318,375,311
127,423,289,-287,-61,344,-236,-167,141,347,405,302
173,418,293,-278,-75,358,-228,-172,132,305,378,293
143,434,261,-286,-56,340,-237,-134,123,340,380,285
155,416,256,-281,-70,337,-237,-162,113,299,369,291
134,425,275,-289,-60,299,-221,-153,133,278,366,276
143,396,257,-267,-56,320,-232,-177,106,311,351,277
142,396,266,-258,-64,347,-199,-181,143,292,333,265
128,405,244,-272,-53,325,-214,-150,122,281,344,278
142,372,252,-252,-65,335,-229,-143,100,280,330,257
134,365,215,-234,-29,293,-212,-154,119,274,337,277
140,370,231,-268,-82,301,-193,-115,101,270,331,252
131,338,225,-232,-53,292,-188,-125,119,279,294,231
129,323,212,-227,-54,292,-188,-123,95,268,308,240
99,333,235,-221,-60,268,-182,-126,108,260,317,246
102,331,218,-211,-42,272,-174,-127,95,249,270,229
115,333,210,-203,-54,262,-171,-108,94,232,293,233
101,313,186,-202,-35,246,-165,-118,98,222,279,204
94,302,197,-205,-44,254,-159,-130,84,204,290,200
94,304,185,-209,-78,253,-159,-131,72,226,266,185
94,283,180,-195,-37,219,-167,-125,84,226,272,164
84,275,169,-181,-40,237,-148,-101,82,211,230,181
105,236,171,-169,-46,221,-145,-101,75,202,250,195
73,254,150,-142,-33,204,-127,-84,69,169,220,194
53,231,186,-158,-25,202,-134,-106,87,187,198,153
80,230,157,-161,-42,200,-144,-86,80,170,233,182
88,228,146,-179,-56,196,-123,-97,79,172,192,160
71,213,148,-129,-29,179,-114,-89,57,169,201,157
82,193,133,-164,-18,193,-121,-80,75,162,209,167
72,188,118,-141,-9,161,-117,-88,71,174,182,136
99,190,130,-132,-28,193,-93,-84,52,150,185,142
82,202,118,-131,-32,134,-115,-67,32,126,177,116
59,169,128,-104,-31,151,-89,-78,30,130,169,126
45,186,119,-117,-22,137,-94,-65,68,109,180,116
73,166,126,-106,-22,147,-87,-64,46,117,159,126
73,173,97,-96,2,116,-90,-53,42,121,135,106
51,131,91,-90,-35,139,-94,-67,40,109,133,109
48,142,98,-80,-41,124,-98,-71,29,125,165,106
41,144,100,-90,-26,120,-66,-40,30,87,142,82
41,141,95,-83,-26,116,-99,-47,28,113,124,95
37,134,68,-108,7,124,-72,-64,40,92,117,80
33,115,75,-89,-13,123,-70,-41,74,112,134,83
36,118,91,-78,-18,107,-71,-30,71,96,117,97
23,127,73,-102,-23,117,-78,-56,31,85,111,91
38,111,50,-57,-20,92,-67,-55,14,81,98,77
44,100,69,-88,-15,67,-76,-17,45,58,96,54
32,96,62,-66,-31,89,-60,-41,28,85,103,70
28,100,74,-55,-22,78,-40,-20,12,66,72,77
19,106,46,-72,-24,75,-59,-22,22,80,66,77
36,93,56,-94,-4,76,-46,2,29,37,57,60
61,80,54,-62,-21,57,-28,-37,32,46,41,45
50,79,60,-60,-15,76,-54,-55,20,68,64,61
41,69,20,-63,-17,86,-47,-50,26,56,64,55
31,63,41,-54,6,42,-45,-38,13,44,60,63
25,98,57,-51,7,60,-38,-55,37,68,70,45
4,79,63,-37,-13,54,-31,-20,41,54,80,58
14,63,42,-54,-38,42,-37,-17,13,61,51,53
27,73,24,-39,-17,76,-41,-47,-10,48,69,35
36,73,40,-57,4,55,-42,-24,20,32,60,28
17,63,29,-41,-14,45,-34,-18,22,54,56,21
14,76,55,-42,-20,57,-32,-14,21,49,66,39
15,82,44,-32,-37,26,-30,-23,31,43,69,55
21,61,45,-45,-27,46,-43,-23,6,33,52,40
24,29,35,-69,-17,70,-43,-11,47,53,59,31
14,47,28,-53,10,54,-33,-10,26,32,42,47
8,62,34,-67,-12,40,-54,-30,12,36,56,24
6,50,9,-41,17,55,-21,-29,38,50,59,51
14,52,45,-36,-4,38,-19,-47,22,39,43,30
19,42,38,-48,0,53,-37,-21,16,32,30,46
3,47,32,-26,5,32,-31,-10,12,38,70,43
0,62,16,-34,-2,40,-38,-18,8,20,45,47
-7,77,45,-29,9,47,-37,-43,25,36,39,8
12,64,16,-55,-1,37,-34,-19,30,37,50,27
18,46,34,-16,-11,48,-44,-24,-19,43,41,28
19,31,27,-38,3,29,-32,-15,15,38,59,15
10,70,39,-18,-20,30,-30,-23,7,25,29,40
21,68,32,-46,-12,43,-24,-24,-10,28,51,42
14,64,42,-33,-2,41,-22,-5,22,46,46,22
15,50,12,-14,-1,31,-28,-35,14,43,43,13
8,24,38,-21,-10,37,-24,-18,21,24,42,33
-7,64,27,-38,-6,52,-51,-33,10,25,51,15
18,45,27,-39,-8,20,-31,-31,7,26,31,43
30,63,37,-26,-7,59,-25,-13,4,53,31,27
12,20,38,-21,0,33,-22,-11,-9,33,53,29
0,56,38,-42,-1,36,-22,-16,-20,15,57,36
16,49,40,-18,20,44,-31,-35,32,14,17,56
5,24,41,-31,-16,38,-23,-17,26,24,49,25
0,42,22,-41,-19,49,-50,-8,11,46,48,24
24,70,57,-26,5,56,-28,-26,15,33,13,21
2,46,19,-58,5,56,-9,-19,16,38,58,33
14,56,20,-25,3,54,-35,-13,9,39,40,39
0,28,54,-26,-6,22,-42,-48,7,14,53,-2
12,48,27,-25,24,51,-30,-18,2,39,24,4
26,37,26,-15,11,29,-3,1,21,43,54,38
16,39,45,-29,-22,36,-5,-37,22,24,29,40
12,47,31,-35,-7,34,-17,5,28,30,33,37
8,57,28,-25,-18,37,-34,-35,17,59,25,35
12,37,36,-15,-4,41,-29,-18,-1,50,59,38
7,37,29,-28,-4,27,-3,-24,-2,46,44,46
24,60,17,-40,-24,30,-20,-16,16,29,36,28
13,42,14,-31,-10,30,-13,-37,15,53,64,20
30,56,32,-24,-14,27,-39,-18,-3,45,30,43
21,49,32,-28,12,43,-14,-12,-2,27,41,29
32,44,52,-35,-6,29,-35,-27,6,38,46,17
31,35,18,-43,-17,31,-14,-19,24,30,37,21
15,39,29,-53,-14,54,-25,-21,24,15,44,27
-2,68,17,-41,-8,54,-13,-39,20,50,43,29
9,46,26,-23,-8,19,-5,-51,26,16,30,43
37,49,40,-22,0,42,-29,0,12,29,35,32
4,69,28,-48,-8,57,-56,-40,2,50,46,66
18,46,23,-32,9,52,-20,-21,20,21,22,46
9,54,21,-42,9,49,-25,-42,4,22,15,38
21,33,46,-21,-16,44,-21,-3,6,17,44,52
25,64,23,-4,10,41,-23,-20,4,40,40,30
14,68,47,-32,-10,57,-34,-6,19,23,30,46
24,60,68,-27,8,55,-18,-17,17,10,50,27
11,44,60,-42,4,19,-8,-14,33,58,31,35
34,69,63,-30,-1,53,-17,-23,32,36,49,40
2,26,42,-18,-18,36,-26,-11,10,49,51,24
-3,27,15,-40,-6,34,-5,-26,25,43,61,36
0,34,28,-32,-5,48,-17,-26,23,46,11,13
6,51,41,-57,9,33,-17,-2,26,46,39,43
35,70,27,-31,4,56,-33,-9,20,40,41,33
37,45,42,-16,5,53,-31,-6,4,38,55,39
5,60,26,-19,-19,55,-24,-30,16,21,61,18
24,50,49,-35,1,51,-43,-25,19,51,41,58
56,60,25,-27,4,63,-32,-10,17,34,45,39
33,54,37,-14,-15,32,-13,-37,17,38,39,45
38,77,29,-15,-12,22,-29,-37,-11,42,44,40
6,55,52,-14,-17,50,-30,-32,7,53,59,42
0,53,27,-22,-22,36,-30,-26,23,34,54,30
22,48,19,-38,1,8,-28,2,14,51,39,43
16,49,15,-41,-4,35,-45,2,23,29,29,9
15,48,20,-34,-15,64,-21,-27,18,30,60,21
52,48,36,-42,-7,69,-26,-14,7,47,37,33
5,49,28,-50,-7,37,-12,-13,19,51,34,25
12,53,11,-54,1,66,-19,-16,8,40,48,19
12,37,38,-14,0,19,-20,-9,15,25,31,32
3,34,31,-43,-22,36,-39,-40,12,38,52,47
27,35,24,-33,-5,22,-35,-17,21,40,49,39
24,51,27,-31,-20,40,-35,-21,39,41,52,18
40,49,35,-38,-8,30,-31,-11,32,47,18,35
22,35,42,-57,-19,36,-20,-8,27,45,52,36
0,60,35,-24,-11,22,-14,-10,10,51,59,35
17,49,42,-36,3,40,-20,-22,12,39,44,54
14,35,64,-32,-27,49,-18,-23,14,38,51,43
17,53,26,-37,-10,17,-44,-11,4,35,58,45
16,74,21,-25,7,49,-33,-17,20,28,61,30
21,49,28,-56,3,40,-32,-29,24,38,61,50
14,45,41,-42,-10,71,-14,-46,38,39,37,33
24,52,40,-52,-6,42,-36,-4,8,31,46,56
14,52,48,-23,-12,40,-35,-46,21,42,56,10
35,76,45,-46,-17,53,-34,-32,1,71,47,41
-2,54,57,-45,-33,70,-42,-36,9,56,62,46
22,67,34,-62,-9,40,-34,-41,42,66,57,38
26,50,41,-52,22,59,-55,-17,40,68,65,57
40,70,59,-60,-7,56,-49,-18,4,49,75,62
30,88,84,-46,-36,58,-41,-16,19,60,54,27
18,80,46,-48,-16,68,-49,-28,28,65,76,62
8,54,61,-92,2,57,-66,-23,3,67,75,43
41,97,71,-68,-25,61,-25,-31,29,63,77,58
26,90,80,-56,13,74,-38,-44,14,85,64,62
19,86,64,-69,-13,67,-46,-42,33,76,73,70
30,85,62,-69,5,85,-29,-40,51,79,101,61
13,100,61,-73,-46,91,-49,-26,36,77,74,58
30,95,75,-76,-15,81,-71,-34,39,92,83,78
53,121,50,-75,-32,75,-55,-25,26,77,102,95
25,130,74,-85,-38,100,-67,-41,35,90,89,80
40,146,75,-103,-7,104,-80,-30,25,111,98,93
30,126,102,-87,-11,134,-59,-44,31,81,120,90
54,151,66,-96,-21,108,-58,-53,33,125,113,91
39,130,81,-97,7,127,-64,-61,42,106,129,84
31,144,91,-98,-36,119,-84,-62,47,104,137,93
38,155,107,-109,-32,137,-93,-36,41,113,139,115
56,154,118,-120,-37,142,-97,-54,51,145,146,123
52,187,133,-115,-15,137,-112,-51,46,115,150,125
64,183,138,-150,-38,139,-97,-79,64,130,176,119
66,184,138,-104,-16,135,-116,-88,64,146,150,130
84,203,117,-114,-52,164,-104,-96,30,146,172,138
77,210,136,-148,-27,178,-114,-92,75,165,200,144
84,212,138,-162,-52,189,-109,-78,71,165,202,163
74,241,147,-149,-41,171,-140,-84,82,188,202,169
65,247,140,-162,-13,188,-135,-90,89,192,207,173
116,250,142,-162,-20,192,-128,-108,72,176,217,183
85,237,150,-151,-47,198,-152,-79,80,211,239,178
86,243,174,-182,-34,214,-137,-108,81,185,235,186
104,276,180,-211,-37,233,-156,-137,100,186,233,153
69,270,166,-184,-27,244,-144,-119,90,202,235,205
119,288,189,-162,-46,245,-132,-106,78,198,272,186
81,276,174,-182,-42,258,-161,-114,89,208,264,198
84,303,193,-212,-41,249,-153,-102,87,219,267,195
86,304,191,-212,-68,236,-154,-142,78,229,268,224
98,297,198,-198,-56,251,-160,-143,118,206,257,206
113,312,208,-204,-52,266,-155,-118,99,244,287,220
118,314,213,-188,-23,236,-155,-117,103,232,297,220
125,327,194,-219,-38,241,-175,-128,88,242,264,215
108,336,211,-194,-45,260,-183,-151,101,228,262,214
139,302,198,-223,-55,251,-177,-136,89,258,285,232
95,303,210,-219,-56,261,-178,-139,119,237,280,207
104,308,212,-209,-51,251,-179,-121,93,255,300,220
117,307,195,-213,-35,254,-165,-109,97,241,290,224
105,297,200,-235,-34,256,-201,-117,124,207,263,219
120,295,200,-199,-24,254,-153,-138,91,221,281,208
99,295,214,-217,-32,253,-160,-111,81,212,267,235
82,294,186,-204,-35,240,-164,-115,88,216,269,200
101,296,185,-182,-47,238,-173,-117,89,222,257,177
108,258,193,-196,-31,238,-154,-109,86,213,268,203
100,252,179,-189,-43,232,-176,-117,62,185,249,197
110,292,168,-168,-42,215,-165,-104,71,225,251,191
81,250,158,-169,-33,207,-151,-101,85,198,242,190
96,247,173,-177,-38,208,-147,-102,86,195,219,194
90,241,155,-156,-33,166,-135,-101,90,211,225,172
74,246,178,-180,-43,195,-145,-100,34,186,223,184
65,225,151,-174,-18,172,-135,-94,67,183,226,182
78,209,150,-150,-18,161,-108,-91,76,157,210,156
77,212,134,-122,-19,177,-112,-84,66,151,201,177
89,173,142,-126,-37,170,-103,-67,49,154,191,132
57,197,123,-136,-32,170,-120,-97,52,161,177,122
55,183,100,-133,-29,155,-111,-71,48,127,157,121
55,171,92,-138,-12,152,-101,-58,41,134,162,136
73,175,109,-131,-13,135,-93,-61,74,133,148,136
69,160,89,-96,-35,143,-78,-77,57,105,133,108
51,150,104,-98,-21,138,-98,-56,59,115,140,127
68,145,93,-87,-20,121,-95,-66,36,101,130,111
46,124,82,-91,-12,107,-72,-61,44,85,128,86
42,127,79,-83,-24,96,-73,-47,55,79,145,92
47,137,72,-62,-39,97,-63,-42,58,85,124,78
59,128,47,-84,-14,95,-52,-58,29,95,100,79
61,108,49,-65,-28,97,-48,-54,37,74,104,73
43,105,65,-82,-14,89,-40,-54,33,60,101,77
27,120,47,-56,-22,94,-59,-39,44,63,104,83
35,87,70,-52,5,93,-72,-27,34,63,97,57
35,77,44,-55,-31,68,-67,-27,36,69,100,59
33,80,68,-81,-12,80,-33,-29,32,58,63,55
45,57,43,-44,-33,55,-55,4,34,39,69,42
22,82,57,-40,-23,53,-50,-33,24,71,60,67
11,84,66,-56,6,50,-29,-31,14,36,69,40
34,85,46,-42,1,45,-47,-20,27,58,64,40
9,64,61,-34,3,50,-36,-25,38,36,61,23
23,70,51,-46,18,44,-27,-41,2,44,76,32
21,71,22,-50,6,60,-10,-23,13,27,50,63
25,42,35,-34,-24,24,-16,-38,7,41,32,48
34,63,33,-40,-11,35,-12,-10,3,21,9,60
24,53,57,-53,-8,46,-45,-19,14,48,37,26
30,44,36,-24,-14,41,-46,-21,20,14,45,25
5,55,23,-13,3,48,-18,-15,17,45,39,27
7,31,26,-13,5,20,-9,-22,14,14,18,-8
22,50,32,-18,4,24,-29,-19,9,24,43,28
15,35,11,-26,2,12,-26,-11,19,2,17,32
10,43,10,-12,18,9,-10,-10,40,9,29,1
9,-4,19,-1,-10,22,7,-3,-10,-3,11,10
6,14,-21,2,-1,3,-1,10,6,-16,-8,-8
-8,-16,10,0,0,20,14,15,-21,-21,-21,-9
-1,-4,-28,24,3,-23,25,22,-14,-26,-14,-21
-15,-36,-19,23,5,-41,18,6,-21,-44,-23,-33
-16,-62,-50,26,-3,-48,9,11,-34,-60,-32,-54
-28,-68,-33,64,27,-66,47,42,-35,-37,-81,-50
-30,-63,-51,64,-1,-35,62,7,-12,-78,-89,-61
-22,-79,-28,73,8,-77,63,52,-34,-74,-81,-69
-28,-106,-61,79,22,-93,60,39,-13,-77,-75,-81
-45,-110,-74,45,28,-84,46,58,-36,-83,-89,-66
-58,-86,-50,66,25,-90,45,35,-11,-87,-85,-80
-35,-77,-57,70,2,-62,50,19,-30,-57,-101,-58
-38,-75,-51,78,9,-88,55,29,-40,-67,-79,-59
-40,-42,-31,28,14,-17,28,27,18,-45,-33,-23
25,-24,-24,5,24,-17,18,12,-4,-17,-25,3
13,4,20,-11,12,-9,23,-20,16,35,28,30
48,79,52,-56,-16,60,-46,-32,35,68,60,50
60,124,102,-68,-40,112,-69,-36,61,106,118,108
66,225,122,-133,-44,163,-110,-108,75,162,195,149
112,279,174,-215,-28,240,-132,-127,91,214,261,191
119,389,230,-282,-75,307,-200,-131,109,278,341,241
153,478,315,-319,-75,391,-281,-207,157,361,437,333
190,566,379,-380,-88,464,-330,-220,187,425,507,394
223,656,442,-448,-75,537,-365,-267,204,469,588,472
256,755,493,-504,-109,640,-419,-284,224,569,681,527
314,840,545,-580,-122,692,-446,-331,260,629,769,605
327,942,607,-641,-129,756,-509,-382,297,689,838,656
344,1000,650,-693,-146,820,-545,-378,288,738,884,703
348,1051,670,-700,-150,839,-571,-411,296,792,934,729
