I,II,III,aVR,aVL,aVF,V1,V2,V3,V4,V5,V6
354,1008,680,-687,-164,848,-561,-403,330,763,904,729
354,1030,656,-673,-177,820,-565,-433,304,758,909,716
336,964,660,-665,-136,818,-535,-411,283,732,900,677
317,925,589,-626,-122,788,-503,-387,271,694,844,638
298,861,562,-589,-143,734,-445,-344,261,672,774,610
264,796,504,-530,-113,675,-446,-324,228,560,696,586
240,679,456,-467,-112,581,-372,-287,215,531,649,495
219,597,391,-388,-109,509,-350,-257,186,460,550,437
196,522,338,-337,-107,436,-266,-207,145,388,470,347
154,412,270,-305,-69,359,-230,-147,124,325,386,318
107,334,229,-223,-40,259,-164,-128,112,236,263,250
70,228,144,-167,-63,189,-133,-105,59,169,210,155
59,160,79,-90,-35,117,-79,-44,42,90,138,101
-1,48,30,-33,-27,70,-18,-32,23,54,65,47
-13,24,-15,20,-26,0,-4,18,28,-14,-15,-26
-36,-107,-44,44,31,-65,41,43,-14,-70,-64,-39
-47,-119,-105,105,22,-102,74,39,-57,-82,-113,-107
-66,-157,-124,95,36,-153,107,78,-55,-161,-168,-127
-67,-205,-141,152,44,-207,124,80,-67,-191,-209,-146
-93,-256,-180,169,51,-206,151,99,-95,-206,-223,-181
-82,-277,-184,195,24,-220,165,112,-77,-202,-243,-198
-105,-309,-199,214,32,-237,166,128,-103,-238,-254,-223
-112,-284,-197,183,34,-263,182,122,-108,-249,-260,-223
-116,-297,-191,202,62,-253,167,112,-105,-237,-262,-202
-112,-289,-182,206,45,-252,157,128,-83,-227,-277,-186
-107,-285,-194,186,37,-240,173,108,-75,-200,-270,-203
-90,-273,-184,176,51,-222,148,112,-71,-168,-243,-191
-100,-246,-168,167,37,-198,112,82,-76,-173,-222,-182
-71,-225,-139,152,30,-180,121,92,-65,-185,-191,-168
-52,-209,-118,142,30,-165,116,73,-76,-149,-184,-159
-72,-181,-131,116,35,-156,104,80,-63,-143,-186,-140
-58,-168,-110,102,17,-115,87,72,-50,-135,-140,-106
-35,-143,-99,97,6,-128,87,48,-38,-113,-132,-106
-37,-125,-71,90,-7,-109,76,68,-30,-106,-97,-88
-42,-110,-82,73,-6,-78,62,31,-30,-80,-105,-69
-54,-78,-53,77,26,-96,59,26,-24,-68,-72,-84
-40,-93,-48,65,29,-75,63,-2,-18,-73,-65,-34
-28,-97,-23,49,7,-47,22,13,-16,-55,-54,-65
-23,-66,-41,46,24,-65,24,21,-29,-66,-58,-43
-24,-67,-31,30,4,-45,18,23,-26,-48,-55,-44
-16,-51,-32,34,5,-42,34,12,-14,-20,-34,-16
-4,-34,-22,31,-6,-55,20,27,4,-35,-41,-30
3,-59,-31,32,0,-29,22,33,-4,-39,-46,-13
-30,-36,-19,41,3,-34,13,28,-16,-43,-29,-26
-13,-17,-30,42,16,-46,15,13,-11,0,-26,-41
-5,-27,-24,21,9,-27,22,18,-16,-20,-44,9
-39,-12,-28,2,15,-31,13,19,-12,-34,-17,-13
-29,-40,-18,-6,-5,-18,18,9,6,-22,-39,-4
-30,-28,-21,30,20,-29,3,15,9,-29,-21,-22
1,-22,5,30,10,-29,13,20,-1,-43,-18,1
-23,-42,-37,15,-8,-11,29,6,-21,-11,-20,-27
29,-28,-9,26,18,-22,12,-20,-8,-26,-12,-20
-3,-21,-34,-1,-17,-26,23,-2,-20,-16,-43,-34
24,-34,-25,18,4,-25,42,17,-24,-14,-19,-18
4,-10,1,3,-6,-13,6,-3,-21,-2,-12,7
15,-24,-15,19,11,-30,6,13,-8,-19,-28,-18
-20,1,-29,15,6,-18,4,2,-17,8,-4,-3
10,-4,-11,-1,11,-1,32,11,-24,-5,-18,6
2,-27,11,4,-16,-19,5,-9,11,-43,-24,10
-19,-5,-17,17,-16,-2,0,7,-10,-9,-7,-22
-20,-14,-20,7,15,-36,-3,-8,-15,-15,-7,-1
1,-16,8,5,20,12,-9,-16,-11,-12,3,-40
1,-29,11,22,-15,14,8,21,-11,-13,-7,4
-14,-4,-14,11,-9,3,13,-18,4,-16,14,-12
-6,-27,0,7,-7,-28,6,-10,-25,-1,-15,-29
7,-7,4,-5,9,-30,7,6,1,6,-21,8
27,19,9,10,-23,-34,-12,-14,3,25,-16,-5
-5,-12,9,16,-2,20,-6,-1,-5,-13,17,-2
-18,6,1,3,9,7,9,-7,-15,-6,-10,-1
-3,-6,-6,27,17,1,-7,-15,-3,-7,13,-11
2,7,4,5,0,16,8,-12,-17,9,22,19
2,5,-7,-4,31,4,0,-8,14,24,5,-6
-12,27,11,-11,-14,-4,-12,12,7,11,9,14
1,4,10,-5,-12,6,-7,-2,0,17,-3,-2
8,16,-2,-2,8,19,-19,0,-8,14,25,-12
-13,21,12,-24,-5,31,-30,-9,-9,16,24,-9
2,24,14,-22,7,26,-37,-15,2,15,6,14
6,9,17,-31,-6,18,-17,-21,13,4,0,39
7,10,27,-31,5,27,-11,-15,-1,45,15,41
20,47,31,-25,-1,37,-5,-14,3,34,29,26
3,36,10,-26,-2,29,-12,-42,2,38,22,24
-6,54,-1,-27,22,31,0,-2,7,40,44,28
15,42,24,-31,-17,41,3,-16,-2,42,55,32
11,47,19,-27,-11,43,-41,-15,-13,42,33,62
30,47,25,-37,-8,63,-25,-41,21,49,91,49
11,63,30,-42,10,43,-41,-25,23,56,62,57
40,72,63,-53,-2,73,-28,-27,22,30,70,65
18,82,60,-51,-9,61,-54,-38,31,64,47,45
33,80,38,-39,-11,60,-47,-27,27,54,70,63
21,108,60,-55,-25,64,-46,-35,28,53,66,68
43,101,57,-53,-29,70,-57,-48,18,68,88,52
28,107,78,-77,-37,76,-38,-43,46,60,73,57
23,95,48,-75,-13,82,-53,-49,26,76,89,56
40,130,44,-77,-29,88,-71,-37,30,85,94,88
60,128,85,-76,-31,102,-76,-65,23,97,99,100
37,115,68,-91,-15,75,-68,-37,39,62,103,93
51,137,76,-69,-22,94,-79,-51,38,83,113,97
39,138,90,-92,-29,102,-94,-73,34,94,134,97
18,133,100,-115,-10,112,-70,-40,36,97,140,107
46,166,101,-110,-38,119,-108,-58,46,131,143,109
55,163,101,-112,-14,141,-92,-60,46,114,170,107
49,165,114,-113,-19,126,-96,-61,73,122,166,119
69,168,116,-114,-13,142,-95,-79,57,140,157,115
70,168,150,-129,-22,161,-96,-82,34,126,155,142
80,193,113,-136,-23,171,-112,-70,60,145,170,141
59,202,125,-123,-40,165,-91,-85,76,158,185,149
89,211,128,-163,-22,188,-119,-77,57,136,174,142
79,222,110,-118,-37,163,-125,-76,56,176,182,142
65,228,141,-153,-54,179,-140,-97,83,151,184,134
83,234,169,-154,-32,201,-124,-80,74,164,207,142
86,230,145,-159,-13,200,-120,-110,87,165,215,152
81,247,154,-147,-45,211,-166,-101,64,196,226,179
107,254,166,-166,-28,211,-153,-108,95,193,212,193
86,252,167,-202,-42,215,-151,-127,93,204,249,187
82,272,161,-188,-39,242,-152,-120,76,191,252,185
115,272,188,-197,-34,209,-157,-124,79,197,238,197
100,275,168,-212,-40,250,-131,-113,75,197,272,197
104,297,166,-204,-26,240,-160,-140,107,204,250,209
115,290,188,-204,-32,257,-151,-120,79,225,248,221
95,311,192,-214,-35,273,-161,-112,89,242,275,202
122,331,216,-220,-45,233,-169,-121,90,229,290,223
148,321,209,-202,-53,263,-170,-124,103,230,267,220
95,328,207,-240,-48,287,-172,-116,90,253,303,213
102,337,212,-222,-51,262,-175,-135,107,235,298,226
147,316,213,-232,-67,271,-176,-129,102,257,308,209
129,335,206,-227,-44,279,-178,-128,108,274,304,257
143,351,218,-224,-48,262,-199,-151,100,260,304,245
119,368,225,-270,-59,296,-176,-137,121,283,310,251
110,351,220,-250,-51,308,-216,-137,115,273,313,234
122,365,224,-247,-55,298,-187,-158,112,287,322,230
122,357,234,-260,-63,297,-199,-157,119,277,334,259
131,359,228,-258,-59,337,-205,-150,115,265,334,236
121,367,236,-233,-79,300,-208,-151,100,258,340,268
139,372,259,-241,-54,295,-214,-160,125,282,334,259
119,382,238,-250,-50,316,-240,-178,131,307,330,275
141,387,273,-272,-76,308,-191,-156,119,289,348,256
140,370,242,-286,-76,319,-211,-151,108,275,358,258
131,414,260,-241,-39,354,-207,-166,105,304,337,263
137,394,259,-265,-54,329,-213,-157,114,295,335,292
112,393,247,-277,-41,321,-233,-152,114,295,356,284
138,385,269,-269,-56,316,-215,-183,127,285,336,265
119,400,259,-278,-64,327,-202,-168,95,274,364,277
128,369,259,-249,-43,318,-197,-163,121,291,350,249
108,389,262,-264,-62,328,-213,-137,90,315,334,292
136,387,234,-263,-70,306,-212,-180,130,298,350,271
140,388,236,-274,-72,323,-189,-164,97,282,353,284
133,372,252,-251,-55,301,-203,-143,112,251,363,305
141,384,231,-255,-63,321,-188,-160,106,296,342,289
133,359,232,-264,-41,306,-212,-153,119,296,341,264
125,352,231,-247,-50,286,-203,-152,117,287,353,270
118,361,225,-261,-54,303,-188,-134,95,267,343,252
126,372,238,-243,-73,307,-197,-143,90,290,309,233
129,364,228,-254,-60,290,-221,-174,124,287,327,255
113,328,250,-223,-28,280,-187,-141,104,285,297,268
119,348,238,-221,-43,318,-190,-140,98,271,313,240
118,340,210,-217,-28,285,-182,-154,81,242,295,259
122,335,190,-245,-44,277,-193,-137,99,267,312,242
97,321,219,-219,-63,273,-162,-154,87,250,287,235
108,311,220,-197,-37,263,-151,-133,98,243,278,227
103,321,225,-231,-24,254,-178,-130,96,265,301,217
115,295,177,-212,-45,264,-164,-120,59,225,286,232
112,315,199,-205,-57,251,-146,-118,74,230,269,234
123,290,182,-204,-35,247,-171,-138,89,202,260,219
106,291,206,-201,-51,248,-188,-111,76,233,237,200
82,268,192,-185,-49,234,-157,-108,87,209,245,216
94,271,164,-178,-40,243,-143,-126,87,199,265,200
101,265,159,-160,-32,236,-171,-114,91,195,240,186
99,262,172,-158,-43,194,-133,-98,70,181,201,173
95,227,169,-175,-36,209,-150,-91,109,182,228,170
75,252,170,-170,-46,208,-148,-93,69,197,233,159
77,246,179,-164,-43,204,-128,-99,83,161,203,181
84,210,151,-166,-14,181,-128,-89,36,163,204,192
84,215,123,-154,-35,184,-109,-86,63,177,204,169
42,195,117,-134,-22,198,-141,-96,82,154,188,146
86,208,135,-154,-27,165,-89,-64,42,156,176,139
93,213,129,-119,-34,162,-111,-67,55,147,181,144
67,198,122,-107,-36,140,-116,-68,53,165,176,105
75,181,124,-119,-12,149,-92,-43,65,132,152,98
35,170,81,-127,-27,134,-97,-68,45,147,155,128
54,146,120,-102,-33,143,-82,-63,30,104,136,89
67,124,97,-124,-11,130,-90,-50,35,112,121,107
64,141,88,-101,-11,105,-62,-73,55,130,120,105
51,136,89,-75,-25,100,-78,-52,46,116,141,97
45,128,81,-115,-39,83,-64,-59,26,94,107,78
19,132,55,-85,-21,93,-63,-65,43,73,84,81
49,96,69,-84,-31,107,-69,-32,16,83,96,85
59,147,76,-64,-34,79,-48,-35,20,74,97,74
22,90,61,-82,-13,78,-49,-44,14,59,90,55
39,78,69,-63,-17,84,-45,-39,9,29,75,57
9,66,48,-42,-1,92,-30,-31,23,62,82,57
-1,77,42,-65,7,44,-49,-33,25,51,49,76
53,79,40,-44,-5,65,-48,-27,1,56,49,46
25,53,58,-57,-17,49,-18,-14,27,39,52,49
22,56,41,-38,-6,30,-30,-30,14,35,51,27
15,42,39,-40,2,56,-28,-16,-4,53,57,41
11,47,58,-9,3,34,-54,-19,9,52,28,42
25,46,23,-23,-21,35,-35,-7,13,41,31,18
20,15,17,-28,6,39,-12,-29,35,7,30,31
18,37,25,-21,0,28,-4,-16,31,27,27,19
21,20,25,-19,-4,35,-23,-17,0,15,29,23
7,6,-5,-9,-4,29,-13,-5,-23,36,0,7
21,20,27,-11,-6,-1,-4,-19,2,30,27,10
9,2,1,0,3,19,20,-5,1,18,13,9
7,40,19,-12,-14,-5,-27,-19,2,16,13,-1
9,11,22,16,9,-1,-17,-10,-10,-4,5,9
6,-4,12,9,-4,4,-2,6,-14,-12,8,8
-17,3,2,-6,7,-4,-5,-14,-5,-11,3,10
-5,7,-7,-4,-1,18,27,-4,9,6,12,11
10,4,-4,-1,1,-6,-15,8,-5,-4,-4,-3
-6,10,-6,2,-2,14,-18,-12,-11,6,-5,0
-3,13,1,-19,11,-12,-8,16,8,-12,-1,10
-1,-10,-10,-6,7,4,16,5,7,-36,-18,-8
-6,-27,-12,2,-6,-25,4,17,5,4,-8,-13
15,-7,-7,0,-8,-35,-14,14,2,-18,-33,-9
12,-26,-12,14,-7,-20,-15,-4,10,-24,-17,-30
16,-30,-5,21,-25,-5,22,33,-10,1,-7,-30
-9,-34,-29,13,7,-11,15,0,-18,-12,-14,-30
-19,-33,-22,17,-5,-19,-3,1,10,-15,-22,-18
-1,-48,-34,17,1,-27,-2,36,-22,-14,-31,-28
4,-49,-20,17,8,-13,2,-2,-2,-5,-3,-17
-7,-43,-28,20,23,-47,13,-5,-22,-20,-6,-22
-14,-35,-33,13,10,-25,7,-25,3,-35,-48,-26
-18,-15,-18,36,-5,-23,31,25,4,-29,-18,-33
-15,-26,-14,12,7,-20,27,15,-25,-25,-40,-49
15,-31,-17,11,5,-19,46,18,-16,-43,-5,-41
-14,-25,-30,20,12,-38,-1,23,10,-45,-29,-10
-24,-42,-29,16,2,-24,26,22,11,-7,-41,-4
-24,-37,-21,23,-12,-23,5,20,0,-18,-34,-31
-30,-37,-43,16,5,-31,25,19,3,-10,-18,-11
-14,-48,-25,37,9,-13,25,5,-15,-32,-40,-21
1,-40,-33,23,-10,-20,-1,16,-17,-39,-4,-18
-13,-23,-19,19,-24,-22,13,30,-12,-31,-30,-33
-13,-29,-8,33,-4,-55,25,19,-29,-30,-33,-40
-14,-19,-39,28,31,-38,18,7,-11,-32,-37,-26
-10,-17,-22,15,9,-44,11,19,-10,-16,-34,-17
-13,-39,-23,27,6,-24,39,5,-5,-10,-34,-34
3,-52,-14,28,6,-18,27,7,6,-34,-15,-35
-15,-42,-23,-2,0,-15,25,12,-18,-14,-45,-42
-27,-35,-19,21,-5,-39,24,2,-30,-32,-56,-31
-6,-44,-13,11,6,-40,17,-1,-15,-44,-19,-30
-7,-47,-7,50,20,-12,38,13,-9,-32,-35,-46
-8,-32,-24,25,-5,-49,33,18,-4,-23,-23,-42
-3,-18,-25,21,22,-40,2,12,-4,-34,-15,-27
-26,-46,-32,4,23,-47,-5,32,-17,-19,-26,-26
-20,-46,-5,36,-6,-22,10,17,-18,-14,-44,-20
-28,-37,-47,25,-3,-41,9,43,-12,-36,-30,-30
-9,-30,-25,42,-7,-37,56,1,-30,-22,-32,-37
-14,-31,-21,9,4,-27,-3,17,-5,-11,-22,-24
-25,-27,-25,22,-9,-12,4,4,0,-35,-31,-24
1,-26,-27,22,-3,-58,25,18,-44,-16,-28,-42
-2,-43,-32,24,-2,-31,27,24,0,-33,-43,-13
9,-29,-34,12,-8,-24,15,28,-4,-20,-35,-18
-24,-12,-20,29,10,-26,14,37,2,-23,-41,-23
-20,-31,-16,14,1,-28,0,0,-28,-32,-33,-28
-19,-23,-30,28,4,-23,29,1,-2,-27,-44,-25
-20,-23,-12,20,-2,-28,21,4,-21,-18,-43,-35
-7,-28,-23,20,10,-28,38,15,-16,-17,-54,-18
-15,-44,-17,14,21,-40,33,-17,-20,-36,-35,-38
-4,-34,-22,11,-7,-20,20,18,-15,-23,-45,-23
-21,-26,-7,25,-1,-41,31,16,-3,-17,-29,-25
-9,-23,-34,17,3,-12,14,12,-21,-26,-26,-55
-31,-44,-21,34,-1,-34,8,29,5,-21,-19,-36
-9,-16,0,30,-10,-23,26,2,-17,-9,-8,-25
4,-45,-23,24,13,-46,21,-13,-11,-13,-13,-22
-6,-39,-8,13,-1,-22,-1,6,-24,2,-20,-36
4,-34,-32,0,10,-52,10,28,8,-43,-18,-13
-1,-17,-20,9,8,-20,25,10,-22,-22,-49,-38
-14,-41,-11,-6,6,-20,25,14,-13,-41,-21,-20
-21,-30,-35,16,-18,-26,49,14,-1,-48,-45,-24
-19,-8,-24,-13,18,-37,0,-3,-2,-24,-15,-1
9,-12,-41,0,14,-44,2,-13,-3,-24,-42,-13
-12,-42,-28,37,2,-23,7,22,-23,-6,-21,-13
-31,-19,-15,4,17,-16,-4,0,4,-27,-43,-19
-22,-23,12,30,12,-18,9,21,-5,-13,-22,-2
-14,-37,-34,26,1,-17,14,2,-16,-14,-11,-14
4,-28,-5,11,0,-3,15,6,-9,-4,-29,-21
-5,-38,-21,7,-9,-32,18,12,-10,-17,-32,-27
-11,-34,-3,19,-20,-14,37,18,-4,-7,-23,-9
-22,-30,2,16,-16,-19,10,15,-5,-24,-20,0
-26,-28,-28,28,9,-12,22,11,1,-31,-37,-20
-4,-9,-10,10,21,-32,16,30,-21,-21,-24,-23
-4,-11,-42,12,-14,-17,23,0,4,-18,-20,-42
-23,-41,-40,26,5,-11,38,18,1,-20,-25,-3
-33,-31,-22,-6,0,0,5,7,14,-25,-20,-23
-8,-29,-20,13,-3,-29,21,-1,-13,-35,-24,-5
-14,-24,-17,21,0,-13,11,34,-17,-6,-5,-14
8,-30,-11,25,-5,-40,-3,8,-12,-24,-18,-33
2,-31,-39,10,4,-23,25,-2,-2,-18,-36,-23
5,-16,-9,9,-13,-22,2,11,-5,-29,-16,-25
-11,-21,-13,22,14,-12,-2,-7,2,-22,-24,-10
13,-8,1,23,9,-58,-8,6,12,2,-32,-30
-2,-35,-8,8,23,-43,14,0,-20,-32,-13,11
-21,-17,-25,15,-6,-17,25,23,23,-14,-31,-43
-25,-27,-6,14,1,-14,4,11,-5,-24,-9,-20
-16,-27,-10,24,4,-40,-11,-7,-7,-22,-23,-4
-20,-11,-8,10,21,-16,18,28,9,-8,-35,-42
3,-28,-15,12,7,2,15,30,-9,-24,9,-12
-24,-18,-4,11,9,-28,7,14,-2,-13,-9,-4
-26,-43,-20,15,16,-17,-2,-20,-32,-7,-17,-6
-9,-29,-7,19,-16,-15,21,7,-6,-9,-20,-23
0,-29,-21,15,9,-15,8,16,-22,-18,-19,-25
14,-22,-34,20,11,-17,27,-8,-19,-6,-15,-14
7,-16,-12,33,-9,-33,30,-3,5,1,-33,-16
0,-13,-11,27,19,-37,17,0,-2,8,-18,-10
-26,-32,-28,15,-30,-44,10,13,-28,-13,-64,-13
-8,-3,1,12,26,-26,-19,35,0,-9,-8,-30
-18,-16,6,10,-15,-31,47,12,-6,-6,-13,-21
-5,-6,-17,-2,6,-15,-4,-2,2,-31,-24,-11
9,-15,-23,17,21,-4,5,3,-17,-10,-18,-16
2,-33,-25,29,0,3,-9,19,-17,-23,-28,-13
4,-25,-8,24,-14,-30,-5,2,18,-28,-2,-2
3,-34,-13,10,15,-4,-7,2,7,-14,-13,-25
-17,-39,-8,7,4,-18,1,0,-10,0,-1,-16
4,-11,-16,32,5,-19,-10,3,-20,-7,3,-26
11,-26,-19,-11,9,-7,13,6,20,-22,-23,-28
5,-4,3,2,3,-35,12,9,-3,-22,-23,-8
-12,-18,-11,17,-22,2,5,-10,-21,-6,4,6
-10,-9,-11,17,-6,2,13,1,-4,-31,-20,-16
3,-17,-6,18,-14,2,5,-5,-12,-12,-1,-7
9,-23,-9,25,11,-21,17,17,-25,-12,-24,-24
-24,-3,8,13,-19,-12,14,22,-16,-2,17,-19
17,-13,4,8,-9,-11,7,7,1,-18,-2,-9
-22,-29,-13,31,-7,-3,1,-18,9,3,11,-4
-5,-33,-15,31,-5,-11,28,6,8,-3,-38,3
5,-27,-12,15,-21,0,-2,-15,-24,8,-15,-13
24,10,-34,0,-32,-31,29,-1,-14,-12,-15,-15
-8,-6,-12,2,17,-15,-7,-20,13,-24,-30,-8
-10,-9,19,4,-8,-7,-8,3,0,-16,-1,11
-2,-14,23,18,9,-18,26,0,-31,2,13,-12
1,-24,12,37,3,13,6,8,-30,-10,-26,2
-9,-6,1,20,5,-3,3,3,-10,-8,-8,-33
-11,-20,-5,14,-2,13,22,-1,-20,-13,-6,-16
-27,7,11,8,-5,-3,3,11,2,-6,-11,-20
-16,-16,-10,5,4,-4,16,12,2,-14,6,25
0,-7,-3,-1,2,4,-4,4,-8,-10,11,-7
-8,-15,1,-1,-2,-5,-4,-3,3,-2,16,-20
-9,-19,-18,-1,-1,-19,-8,-4,18,2,-26,-12
-16,-22,-27,-3,-4,7,23,-22,17,-4,11,-7
0,-33,-14,-2,-11,-7,16,25,-8,-26,-19,-16
5,-5,8,-9,5,4,-1,-20,2,-14,-2,19
-2,-8,-11,-16,-5,-9,-9,-12,-21,12,-10,-1
1,-11,0,-4,7,2,0,18,17,0,-9,-26
-4,-1,-5,10,8,-15,12,27,16,18,-17,-10
0,-15,11,-5,18,-10,-10,12,-16,-7,-24,1
2,-15,7,-3,-5,7,-23,3,-3,0,-3,23
16,-5,-6,-7,-7,6,7,4,-2,19,-5,-6
3,1,-20,16,-5,33,-3,24,13,13,-35,-21
7,0,7,6,-12,-5,11,26,-10,9,-12,-1
4,-8,3,-24,11,13,5,31,-11,1,4,-6
-4,11,-19,3,-8,-9,-14,14,-3,-2,18,19
-3,-6,14,-5,8,11,8,-18,-6,11,-23,6
2,16,15,2,3,0,-10,-1,-3,4,-3,0
-6,3,10,-3,-5,-8,9,1,14,-2,15,1
-2,32,-18,15,0,3,-25,8,-7,-14,-6,-4
10,15,9,-10,-19,-3,1,-13,0,-7,-5,-6
13,9,-5,-15,-4,-2,-9,16,0,3,1,2
4,-5,15,1,9,-3,3,-8,12,2,-6,10
15,-12,10,0,-8,26,6,-8,-18,0,-5,0
-5,-20,-6,-14,-4,-5,11,4,-3,-1,8,24
6,7,5,-17,-4,13,10,-6,2,1,9,19
6,-5,21,0,-35,-1,2,11,16,14,9,12
9,6,-3,-18,-13,-8,-14,-3,-8,22,11,-1
-7,-1,13,4,11,18,-18,-21,-18,24,2,-1
5,16,-5,-12,-12,12,6,-10,3,9,12,12
3,-7,13,18,-12,16,-4,-17,-3,-2,24,-3
-8,25,-14,-21,-12,24,-2,-1,12,-3,13,1
-8,-9,19,-12,-6,11,-18,-11,-15,-5,23,12
0,8,13,-23,3,10,6,-4,24,-2,27,8
11,26,19,-8,-1,15,-8,-8,-2,25,27,19
30,23,13,-32,0,9,-19,-12,20,4,40,28
2,15,34,-24,7,23,-22,-1,0,33,46,10
7,21,26,-16,6,39,3,8,17,9,21,29
29,16,24,-36,11,13,-27,4,30,26,33,24
9,37,19,-19,5,30,-18,-8,16,1,5,39
25,34,22,-11,0,10,-7,-4,-7,27,33,31
9,49,39,-22,0,24,-42,-6,18,8,33,18
24,42,43,-28,-17,41,-14,-2,-4,35,32,29
10,38,22,-27,-4,24,-26,-28,39,24,29,38
5,54,38,-16,-10,51,-38,-35,2,25,48,51
40,35,43,-26,-3,37,-41,-12,1,32,37,24
18,66,43,-38,-16,61,-33,-15,21,56,43,46
56,66,36,-36,-18,57,-33,-17,26,46,47,50
7,67,31,-19,2,64,-27,-34,42,42,55,48
26,95,46,-61,-2,47,-11,-24,19,41,55,47
34,92,47,-50,-8,45,-42,-55,13,50,62,62
22,66,72,-72,-10,60,-45,-24,20,51,89,58
9,91,60,-51,-26,75,-42,-24,30,68,87,52
41,94,53,-74,-1,71,-58,-33,22,64,87,48
34,81,69,-56,-11,96,-51,-43,28,83,103,62
44,80,57,-70,-33,90,-73,-34,27,81,97,93
49,138,53,-70,-28,84,-61,-19,35,75,108,89
35,126,82,-104,-17,93,-62,-49,35,83,102,95
37,142,84,-101,-40,115,-67,-45,41,95,108,101
63,149,92,-84,-28,141,-88,-71,53,99,121,86
57,148,90,-94,-9,114,-80,-43,42,89,140,92
59,158,111,-139,-28,113,-96,-61,51,111,156,92
65,188,100,-132,-26,130,-85,-77,41,124,146,133
41,174,114,-117,-42,117,-79,-69,51,130,147,130
54,174,116,-134,-30,132,-115,-78,47,139,176,112
59,177,122,-117,-33,139,-102,-75,61,138,172,106
68,199,123,-113,-16,170,-87,-60,66,146,184,137
69,191,121,-151,-48,160,-110,-66,51,161,186,131
87,213,119,-136,-53,174,-113,-89,64,146,185,132
70,240,146,-147,-44,195,-137,-111,58,154,186,157
96,219,135,-151,-23,203,-130,-79,82,164,202,168
75,235,139,-165,-54,190,-129,-92,96,189,221,163
90,242,150,-170,0,213,-121,-87,57,181,241,171
107,235,164,-180,-50,214,-160,-104,63,192,218,168
58,268,194,-152,-44,203,-146,-90,93,200,228,171
79,262,157,-178,-38,197,-126,-109,79,199,243,163
97,257,172,-176,-33,218,-146,-107,63,212,257,169
112,268,152,-180,-49,226,-135,-121,42,188,225,191
96,280,177,-179,-43,248,-163,-112,87,208,224,194
69,274,200,-184,-47,229,-152,-109,81,194,251,189
97,291,186,-214,-27,238,-153,-112,88,210,259,199
104,281,179,-203,-35,235,-167,-127,82,201,282,205
95,285,199,-194,-43,226,-144,-142,80,201,241,216
123,294,190,-208,-53,244,-147,-125,85,201,236,195
120,285,183,-194,-33,242,-137,-115,68,222,272,210
112,274,192,-190,-65,253,-138,-117,67,214,255,178
123,286,194,-181,-51,227,-152,-137,98,191,263,206
111,283,187,-187,-47,238,-154,-111,94,216,249,191
74,271,180,-195,-19,223,-164,-125,103,238,234,200
90,272,192,-188,-29,221,-170,-138,69,191,244,202
98,287,195,-172,-19,255,-140,-106,78,223,250,182
75,267,172,-173,-35,235,-137,-102,85,183,243,157
82,269,165,-173,-35,212,-140,-122,88,191,237,191
86,264,156,-166,-43,216,-149,-75,68,196,229,189
94,238,157,-181,-48,186,-119,-80,85,199,217,172
92,240,150,-173,-41,220,-128,-107,61,178,215,187
78,241,155,-160,-26,192,-134,-91,82,170,209,167
76,231,150,-152,-42,184,-117,-112,52,178,209,150
83,203,148,-166,-32,176,-115,-111,60,159,213,136
61,231,135,-157,-21,201,-104,-98,58,179,200,147
75,184,146,-131,-38,189,-97,-95,35,154,187,133
79,205,147,-123,-23,187,-126,-74,64,153,196,139
71,179,115,-136,-30,169,-126,-88,42,148,151,149
71,171,109,-126,-21,160,-83,-55,61,125,164,137
52,171,98,-121,-30,168,-101,-83,52,130,143,110
70,158,122,-94,-15,130,-89,-62,40,132,151,119
48,152,100,-106,-13,103,-76,-59,34,109,127,116
67,154,104,-100,-31,115,-67,-67,78,126,123,101
54,133,78,-92,-20,104,-77,-49,32,108,126,96
67,146,78,-94,4,93,-87,-45,40,121,102,100
46,116,67,-85,3,112,-91,-39,54,93,128,88
47,111,72,-84,-13,112,-75,-43,45,95,114,88
41,119,53,-70,-16,134,-70,-64,40,81,85,96
42,108,76,-89,-11,89,-52,-37,27,85,98,72
43,87,55,-41,-17,82,-43,-44,18,61,87,78
47,89,62,-73,4,69,-54,-15,42,90,81,59
6,87,53,-41,-25,63,-28,-11,13,65,93,52
28,76,47,-65,8,62,-45,-36,35,51,69,62
14,85,43,-50,-17,75,-40,-27,27,60,67,48
13,80,58,-61,-5,63,-24,-11,24,72,71,43
14,69,48,-51,-7,58,-46,-35,34,35,67,41
16,81,35,-35,-24,36,1,-20,41,43,42,40
33,63,12,-41,-4,57,-25,-19,11,44,27,46
0,58,26,-18,-11,58,-11,-21,27,32,32,27
26,20,25,-30,-3,47,-29,-10,26,31,29,19
2,40,7,-39,-8,22,2,-9,-3,34,34,19
8,36,34,4,-15,26,-20,-23,16,12,58,15
4,47,11,-24,7,39,-5,-25,37,34,30,26
23,23,26,-19,-9,27,-16,-12,8,32,42,33
-6,24,21,-20,-14,21,-13,-8,20,13,26,23
22,31,48,-33,13,24,-27,-13,16,16,35,34
0,13,20,-38,-28,18,-27,-9,14,4,28,41
-5,24,32,-25,-24,17,-28,0,16,24,40,4
12,24,30,-12,3,33,6,-14,12,19,17,11
-20,28,3,-18,0,40,-2,-10,13,43,34,6
-6,21,-5,-36,2,-9,-1,-9,19,22,21,6
18,25,32,-21,36,45,-14,-16,-13,23,25,27
-9,18,2,-20,2,13,2,-12,22,22,43,7
-3,28,17,-9,2,35,-13,-20,9,34,-14,21
-23,10,23,-10,19,0,15,-4,-3,7,22,10
11,16,34,-1,-12,25,8,-8,-6,5,14,14
-5,43,0,-23,6,24,6,-17,-3,12,12,31
-3,4,16,-7,4,-2,-6,-2,30,7,-5,2
1,-17,2,-7,12,15,-8,-9,26,18,6,15
13,10,18,-19,-5,11,-3,-1,4,7,17,-1
7,-7,-30,4,23,16,0,10,-2,-10,-2,-3
-6,-26,20,1,-5,9,27,-12,5,-14,-11,0
-6,14,-11,-18,-7,4,-1,18,-2,-12,-13,-13
-4,-11,-13,-9,9,-12,-6,22,-17,-31,-2,5
-22,-8,-5,1,-13,-22,6,-1,3,-18,-23,-20
-24,-35,-23,17,9,-17,22,17,-16,-44,-49,-9
-24,-43,-27,37,2,-52,19,34,-5,-58,-43,-44
-31,-48,-52,51,22,-55,41,11,-14,-37,-51,-55
-37,-63,-34,67,12,-53,38,19,-36,-49,-70,-44
-17,-103,-63,45,-6,-71,41,32,-15,-61,-60,-72
-56,-101,-49,58,32,-85,62,19,-39,-67,-73,-65
-28,-117,-49,72,28,-83,54,16,-15,-82,-100,-65
-48,-96,-80,82,23,-89,71,56,-29,-105,-112,-78
-38,-130,-77,82,22,-93,76,55,-28,-92,-122,-91
-40,-126,-82,94,24,-129,64,47,-58,-106,-154,-83
-22,-134,-89,88,12,-131,82,55,-51,-81,-123,-97
-44,-142,-90,101,35,-120,62,44,-61,-97,-111,-57
-42,-139,-74,96,41,-93,76,52,-32,-83,-107,-75
-50,-130,-65,69,16,-87,63,55,-10,-86,-95,-66
-47,-90,-61,70,38,-62,51,41,-44,-56,-94,-71
-23,-67,-36,59,2,-35,23,36,-31,-75,-49,-56
-4,-38,-28,29,9,-27,6,11,3,-22,-19,-15
-13,35,19,-10,17,28,10,-36,4,4,-3,-6
15,62,60,-30,10,72,-41,-23,9,64,68,63
41,134,94,-95,-32,101,-68,-51,66,100,90,114
54,195,121,-134,-25,166,-119,-54,79,164,188,136
93,273,181,-180,-21,254,-145,-119,69,210,253,189
154,366,236,-261,-42,318,-186,-142,101,269,327,255
134,444,295,-311,-98,385,-248,-184,136,333,422,306
207,532,341,-383,-71,469,-303,-236,159,407,483,380
232,654,416,-427,-96,527,-339,-251,203,469,567,441
262,720,471,-495,-123,587,-407,-287,212,543,638,507
285,811,525,-559,-100,672,-452,-343,249,611,728,583
315,872,607,-627,-140,738,-490,-333,261,679,792,635
334,960,639,-656,-139,800,-538,-384,273,718,861,676
361,1005,648,-676,-127,832,-557,-424,289,766,906,690
395,1083,671,-699,-166,882,-577,-418,311,800,945,748
372,1084,712,-739,-151,891,-610,-402,316,807,977,758
367,1109,704,-756,-163,902,-605,-437,330,807,967,775
378,1076,706,-731,-160,908,-586,-437,301,802,969,742
354,1053,682,-729,-125,868,-571,-416,320,780,954,698
329,985,647,-678,-138,820,-538,-409,282,727,893,706
322,933,616,-630,-139,801,-512,-372,274,699,861,667
298,878,578,-612,-118,726,-480,-327,277,645,782,590
270,772,481,-520,-114,665,-447,-310,241,595,708,536
238,705,442,-452,-111,566,-382,-296,202,520,636,487
200,603,386,-403,-109,487,-338,-229,182,446,517,425
175,506,328,-348,-74,399,-272,-174,162,387,461,332
125,410,257,-264,-76,349,-230,-156,131,318,349,278
117,308,202,-217,-36,273,-153,-141,85,204,288,220
63,196,122,-135,-17,174,-120,-117,69,168,189,145
35,122,63,-86,2,103,-59,-56,30,90,107,104
28,45,22,-24,0,25,-7,-18,19,36,27,44
-14,-27,-28,10,7,-46,26,34,-25,-17,-33,-27
-50,-125,-57,79,28,-89,54,14,-33,-50,-107,-57
-54,-140,-118,113,6,-113,106,85,-46,-123,-143,-109
-55,-179,-126,120,35,-160,128,76,-54,-140,-178,-134
-99,-236,-158,153,32,-182,109,95,-60,-170,-202,-160
-102,-255,-171,196,35,-212,148,77,-56,-193,-241,-188
-81,-302,-163,173,47,-244,168,108,-74,-188,-261,-212
-79,-280,-188,200,45,-232,161,109,-85,-241,-295,-177
-108,-292,-179,207,54,-239,158,127,-86,-216,-281,-209
-123,-302,-188,194,31,-230,174,118,-97,-214,-260,-181
-98,-278,-182,208,41,-238,181,129,-59,-206,-250,-205
-101,-271,-176,187,36,-220,143,85,-85,-200,-244,-195
-91,-253,-181,168,41,-238,134,100,-100,-209,-230,-209
-61,-242,-157,167,29,-187,140,106,-48,-179,-234,-160
-98,-208,-163,157,29,-180,149,77,-60,-173,-204,-151
-62,-201,-129,123,48,-179,96,76,-57,-171,-177,-163
-56,-169,-100,121,2,-144,105,37,-44,-146,-164,-121
-48,-171,-110,97,32,-146,92,73,-59,-128,-117,-116
-55,-132,-106,103,34,-123,63,50,-56,-108,-140,-81
-37,-125,-85,82,2,-100,77,62,-59,-89,-108,-87
-26,-101,-78,72,18,-73,62,38,-37,-80,-89,-92
-49,-90,-54,60,16,-78,77,32,-22,-80,-97,-56
-17,-82,-61,47,6,-79,36,55,-31,-54,-69,-58
-24,-63,-50,40,11,-57,54,31,-23,-58,-48,-58
-32,-57,-17,36,-9,-48,28,46,-23,-63,-52,-43
-33,-55,-6,41,-3,-34,33,14,9,-50,-56,-29
-23,-15,-49,11,6,-41,15,40,-10,-31,-24,-44
-21,-56,-3,21,-1,-30,25,21,-17,-32,-52,-10
-40,-42,-36,12,-6,-35,18,7,-10,-43,-35,-10
-6,-34,-13,11,-6,-34,7,11,-3,-36,-4,-13
1,-35,-15,35,-6,-2,9,22,-12,-18,-31,0
-9,7,-18,2,25,-29,20,-20,5,-28,-30,-22
12,-20,-2,-8,-1,-1,19,-2,20,-9,-16,4
9,-15,4,7,4,5,-8,18,1,-17,-14,-5
-1,-18,6,5,-3,-5,1,22,5,-2,-6,-16
-9,-18,-24,21,-20,-3,-2,15,3,-16,5,-7
13,-10,-3,-4,15,-26,15,18,-1,-19,1,-4
2,0,-11,24,1,-1,4,8,13,19,-14,-11
7,8,-1,21,5,1,-10,11,6,14,15,-16
-12,-6,8,12,6,-6,7,18,-13,-10,-9,-21
-13,-2,-15,4,-4,-1,17,-9,12,-6,3,-14
-31,-7,-11,9,20,-29,18,8,0,-13,2,-1
-17,-17,-3,-4,-3,-3,7,7,-4,-7,-6,-4
18,10,3,1,-13,6,10,-3,-3,13,1,-14
8,-6,-9,15,-20,-2,14,-5,14,-21,4,-13
8,4,0,-6,8,-10,-15,6,-6,6,21,-3
15,15,17,-15,10,17,-9,5,9,-4,-18,9
4,-12,4,-12,6,4,11,-5,-3,-3,1,-12
7,4,12,-7,5,-19,0,-2,-20,-8,-11,5
-10,33,2,-15,9,17,12,-22,-2,-16,11,6
6,15,8,18,9,-11,5,-8,-13,-5,2,-3
24,10,-13,9,-7,-9,-9,-10,10,13,8,1
-5,0,19,-15,13,-4,-16,-1,1,35,-1,24
-8,12,0,-13,-1,18,-12,4,6,18,4,4
17,17,-13,-21,18,18,-12,-11,5,17,16,29
23,32,15,-5,18,27,-2,14,-2,16,0,14
10,14,27,-17,-3,13,-35,-25,17,2,23,16
6,20,16,-9,-16,13,-13,-15,-7,9,15,34
-5,17,11,-28,16,35,-15,-9,-10,32,24,25
7,40,18,5,-2,40,-15,-16,24,18,31,25
8,34,38,-30,6,34,-9,-30,7,28,25,36
2,30,39,-39,0,31,-9,-23,13,44,53,21
21,46,26,-34,-3,18,-31,-30,4,18,32,25
15,42,35,-36,7,26,0,-30,40,41,31,16
4,48,27,-27,-6,59,-25,-5,23,49,39,35
-8,30,26,-40,-3,41,-41,-25,39,41,32,18
17,70,51,-29,-12,39,-30,-27,18,54,30,72
2,86,21,-38,-25,67,-27,-10,24,32,74,24
32,57,27,-43,-14,47,-40,-26,45,47,68,40
30,58,54,-39,-17,51,-40,-23,27,62,77,47
15,88,50,-53,-10,35,-42,-37,41,63,67,78
24,77,49,-27,-14,75,-5,-21,29,53,74,46
38,70,60,-36,0,66,-71,-29,35,64,81,62
48,88,60,-71,-12,81,-37,-32,5,71,74,58
37,99,46,-74,-7,74,-45,-26,33,70,75,73
48,79,64,-51,-22,75,-66,-30,22,57,79,93
36,102,73,-59,-20,67,-52,-53,28,83,89,84
52,103,46,-62,-42,90,-50,-44,18,76,94,72
23,104,79,-72,-16,98,-70,-31,35,93,94,69
49,120,71,-64,-8,107,-55,-40,52,96,97,77
57,138,71,-99,-35,97,-66,-62,22,96,132,91
26,138,72,-84,-11,98,-51,-53,48,97,112,89
54,155,96,-86,1,122,-75,-68,57,121,116,119
48,161,109,-124,-15,123,-66,-82,54,103,122,103
71,155,82,-90,-4,123,-93,-63,44,127,163,107
53,161,111,-115,-38,116,-86,-67,48,139,146,104
53,175,138,-119,-21,139,-109,-48,40,117,124,93
53,180,102,-110,-23,129,-98,-55,51,128,155,123
64,180,141,-131,-23,142,-103,-65,60,134,159,123
51,163,133,-118,-14,160,-109,-66,43,126,160,139
41,187,114,-127,-17,173,-116,-83,52,166,166,123
86,192,123,-164,-51,156,-112,-67,42,155,197,151
62,202,149,-132,-40,197,-113,-81,63,164,181,152
82,234,132,-151,-29,171,-122,-93,68,167,191,142
75,219,136,-174,-41,173,-138,-95,80,175,192,166
88,228,173,-170,-39,195,-141,-102,79,189,218,181
73,250,160,-154,-23,190,-113,-82,101,183,231,190
87,257,166,-182,-43,211,-153,-116,72,185,233,182
96,261,179,-170,-51,209,-142,-95,72,186,248,182
98,249,178,-180,-30,223,-155,-102,70,212,249,184
111,273,201,-193,-40,245,-131,-124,79,212,239,179
107,293,171,-222,-53,245,-156,-104,59,224,239,205
116,294,187,-206,-58,245,-140,-133,79,239,264,208
117,292,189,-203,-44,251,-162,-110,78,242,268,199
104,341,197,-209,-32,276,-166,-112,94,219,258,236
106,341,222,-192,-62,267,-193,-112,83,220,279,218
144,304,224,-215,-47,270,-202,-116,89,267,281,216
121,319,241,-204,-68,266,-195,-134,87,250,276,239
119,352,203,-238,-37,275,-175,-120,82,257,284,237
130,363,215,-243,-33,298,-213,-131,123,245,322,241
111,337,227,-254,-42,305,-197,-126,109,272,307,249
124,359,240,-247,-46,308,-210,-153,126,271,324,248
125,344,240,-244,-60,299,-189,-151,130,278,311,264
122,372,259,-236,-50,322,-207,-154,101,272,341,265
108,386,253,-274,-63,335,-191,-173,125,283,337,253
140,395,249,-270,-47,322,-220,-147,116,287,343,279
162,399,227,-261,-64,326,-196,-153,112,317,353,265
130,405,256,-264,-57,340,-220,-151,120,294,340,267
136,402,262,-287,-55,339,-218,-166,116,309,384,284
151,407,281,-287,-69,359,-213,-136,105,310,356,289
151,419,266,-269,-67,337,-228,-168,129,322,370,275
153,377,282,-256,-42,360,-234,-163,137,305,374,303
155,380,275,-280,-69,352,-242,-161,114,300,383,291
139,434,287,-272,-67,372,-228,-174,138,321,385,309
151,422,272,-300,-46,351,-243,-186,121,288,371,285
179,434,261,-304,-57,353,-241,-174,118,326,388,310
146,420,279,-283,-58,348,-209,-185,141,316,375,299
156,426,296,-290,-61,361,-265,-176,151,327,400,310
144,445,276,-287,-89,349,-243,-176,95,322,383,305
146,424,292,-309,-69,365,-245,-153,146,323,391,311
152,437,284,-274,-60,352,-247,-180,148,331,381,296
170,428,275,-293,-57,354,-237,-187,128,327,404,309
138,439,271,-295,-66,365,-237,-161,117,341,401,302
177,423,312,-305,-83,358,-242,-193,142,322,379,309
161,432,288,-305,-74,382,-236,-187,133,313,384,296
166,415,315,-291,-47,382,-233,-178,132,329,401,288
148,449,289,-291,-49,340,-232,-164,133,306,384,289
153,453,310,-282,-56,357,-227,-189,141,346,389,286
143,421,275,-272,-72,372,-236,-184,120,305,387,300
168,428,277,-259,-69,360,-237,-166,104,325,380,283
147,435,280,-257,-68,334,-237,-162,124,340,385,290
150,426,265,-288,-81,351,-249,-171,108,312,371,305
142,418,268,-277,-57,336,-224,-143,129,308,359,280
150,405,259,-270,-79,357,-228,-153,103,290,376,277
130,398,247,-289,-34,342,-230,-165,133,314,374,270
155,390,248,-276,-36,329,-201,-160,115,303,344,288
157,403,248,-279,-54,352,-208,-120,121,300,362,284
155,389,245,-266,-44,334,-209,-175,96,293,351,267
139,380,238,-249,-50,308,-194,-136,97,280,332,286
160,364,258,-277,-30,300,-199,-153,111,288,345,260
122,375,229,-263,-44,308,-191,-153,111,263,313,257
122,381,236,-231,-58,288,-220,-144,93,288,315,252
121,336,245,-212,-41,292,-196,-132,82,264,326,260
105,347,225,-235,-47,311,-192,-158,105,260,312,253
135,343,231,-231,-53,272,-173,-139,102,280,296,230
98,339,228,-210,-40,259,-187,-125,106,236,296,247
119,317,216,-218,-54,266,-153,-137,109,254,302,212
122,308,221,-217,-70,275,-170,-114,101,238,290,229
97,310,209,-209,-63,273,-151,-139,121,238,292,225
110,291,188,-201,-27,253,-178,-126,85,228,264,227
88,294,188,-211,-35,231,-150,-120,81,216,258,195
119,290,174,-196,-54,220,-151,-100,88,215,255,199
92,286,191,-190,-59,227,-147,-121,94,212,254,212
84,282,166,-189,-43,231,-143,-87,83,194,245,184
89,249,152,-174,-41,210,-151,-127,86,211,242,184
107,235,185,-152,-21,242,-140,-115,68,178,218,186
99,252,168,-178,-44,223,-136,-102,57,210,202,179
91,242,140,-169,-42,197,-140,-93,74,159,189,169
75,230,141,-164,-58,182,-126,-98,87,167,191,158
67,226,155,-134,-26,178,-114,-89,59,157,205,174
83,203,122,-159,-22,159,-135,-81,73,157,215,142
60,220,135,-134,-45,173,-124,-54,73,160,175,163
75,216,104,-130,-8,149,-109,-89,60,136,171,133
56,189,135,-111,-9,170,-122,-80,40,152,168,124
68,183,120,-138,-35,132,-97,-89,68,121,174,115
67,160,106,-114,1,141,-66,-59,61,133,153,107
42,165,111,-116,-13,132,-79,-81,59,131,163,134
55,171,101,-110,15,117,-78,-85,39,89,135,107
54,151,89,-79,-48,124,-98,-71,40,112,128,98
47,144,88,-107,-23,125,-60,-55,45,103,116,85
61,144,96,-102,-8,113,-66,-58,48,88,129,111
37,141,93,-77,-37,113,-71,-54,11,113,121,80
47,138,79,-95,-9,93,-66,-53,25,78,106,91
42,122,67,-67,-4,75,-70,-61,48,89,107,90
35,100,57,-77,-24,89,-67,-38,45,66,92,68
19,74,70,-76,-41,73,-48,-34,21,63,111,68
30,113,71,-54,-26,73,-56,-39,39,70,97,69
30,75,49,-48,-22,76,-33,-45,31,79,97,52
5,79,72,-47,10,70,-46,-30,34,51,82,66
15,71,59,-57,3,60,-49,-47,11,56,62,62
11,82,65,-51,-9,73,-43,-29,13,31,55,37
24,89,41,-50,-2,65,-28,-38,11,54,48,29
7,61,31,-32,-28,44,-32,-28,11,56,44,72
25,71,30,-33,8,56,-38,-19,15,10,49,24
20,68,41,-27,-13,21,-19,-5,3,33,58,47
16,58,33,-23,-1,50,-3,2,17,25,40,25
29,34,28,-50,1,20,-27,-22,19,13,48,16
14,33,24,-23,-13,17,-16,-19,29,61,41,31
22,46,30,-19,12,39,-14,-13,19,28,29,29
41,10,28,-20,-12,32,-11,3,14,13,18,25
31,13,6,-26,-1,20,10,-26,-11,9,41,26
17,24,7,-34,13,12,-16,-16,-3,1,26,11
0,5,18,-30,1,14,-27,-12,7,36,38,5
15,20,25,-23,-20,38,-5,-27,16,5,25,39
0,38,18,-17,2,9,-26,-11,10,14,33,11
11,24,-1,-16,2,12,-6,-7,0,8,11,-6
4,11,3,2,-1,9,-13,-21,17,-2,-19,1
9,17,0,10,5,13,14,-5,21,30,24,11
18,-8,6,-10,-13,1,-17,-14,-16,10,12,2
-19,3,-27,-15,-5,1,-9,-2,2,11,8,10
7,13,-1,4,0,-10,-2,14,27,18,-8,10
-4,-9,-15,7,-13,17,-5,-31,-17,-2,-13,-7
-13,6,-28,-4,9,-9,0,-16,13,-7,1,-2
-2,15,-8,-9,-6,0,8,-24,8,7,4,-7
-7,1,5,3,-7,0,-8,8,-10,-9,7,9
3,-16,-11,19,14,8,-4,-14,-15,-2,9,-26
-8,9,-8,4,3,4,-7,26,-2,-11,-1,-2
-12,-8,-5,11,-12,9,24,-1,9,2,9,-2
-24,-3,0,-22,15,1,-7,6,7,-24,-20,-6
-32,20,-24,5,27,-2,14,-4,-8,-16,-25,-22
-17,-5,-4,6,4,-3,18,-23,-16,6,-1,-16
-21,10,-7,15,14,-15,-5,0,6,-6,1,9
-7,-11,14,30,-8,-3,-4,0,-10,-8,6,6
12,-12,-5,2,7,-14,6,-6,17,15,5,2
-13,-17,-13,7,17,-14,5,15,-3,-5,-5,-10
-20,3,-22,4,-4,-10,7,-4,12,-31,-23,3
-8,-17,-14,3,-12,-18,-7,13,24,5,3,-10
-10,-3,-14,22,4,-2,4,8,-13,4,-21,-23
-6,-9,-2,8,16,4,2,13,-25,-10,7,-11
-5,5,-13,-7,11,-17,22,10,-31,-20,-30,-13
-11,-18,-29,4,8,0,25,-14,-5,-3,-7,-7
-2,-16,-18,24,-16,-32,12,4,29,-5,-10,8
-13,-29,-2,-2,1,-21,12,-5,2,-2,-22,-24
5,-23,0,5,-25,-18,4,2,-3,-32,-30,-18
15,-7,-44,-11,5,-17,20,10,1,-20,-29,-35
4,-20,-21,6,5,14,-1,5,7,-20,-19,-15
-3,-47,-11,-8,-7,-2,-2,-2,10,-3,3,-5
-1,-22,-9,1,-8,-7,20,-15,4,-28,-40,-3
-4,-5,-9,5,4,-12,-24,11,-4,-4,-22,-8
4,-12,-13,-4,-16,-23,-16,0,-21,-8,-3,-24
-8,-24,-14,11,-21,0,-5,1,-6,-32,-11,-19
-23,-30,-21,27,23,-18,9,18,10,-9,2,-15
-6,-17,-14,14,7,-12,0,1,4,-5,-31,5
-8,-32,-1,27,-13,-15,21,1,-22,7,-2,4
-21,-26,1,13,-7,-22,2,-2,-5,-3,-13,-9
-3,4,-14,6,28,-13,15,0,-25,-27,10,-21
4,-29,-6,0,19,-12,13,0,-7,4,-12,-22
6,-32,-17,0,10,-8,12,3,4,-10,-40,-10
-14,-17,-13,5,-19,-24,22,-5,-8,-18,-39,-10
-7,-11,-11,15,-4,-5,5,0,10,-13,-14,-18
15,-8,4,-8,9,-14,13,14,-7,-35,-28,10
-13,-36,-6,12,16,-15,16,14,-7,8,4,-11
-6,-45,5,5,24,-13,6,-10,-8,-34,-5,-6
-2,-14,-2,1,7,2,33,20,-6,-29,-19,-22
-4,-11,-16,6,3,-16,5,-3,16,-37,-5,3
3,-7,-19,12,-4,-18,10,-11,-12,-1,-7,-9
-5,-27,-16,-1,17,-20,12,10,19,-6,-18,-8
10,-5,-11,-5,8,-28,14,25,8,-10,-27,-19
-3,0,-30,5,11,-13,-2,12,11,-23,-10,-1
12,-14,-3,26,13,-8,-2,5,8,4,-17,-6
-2,-28,-14,6,11,-20,3,8,3,-19,6,-13
8,-12,-12,-10,6,16,29,13,20,2,-8,-20
0,-14,-16,-12,-1,-8,10,22,2,-5,5,-2
-15,0,-11,-6,7,-23,3,25,-6,-8,-9,-2
-5,-7,-24,26,20,-15,14,9,12,-5,8,-10
2,3,-4,1,-15,-10,-4,15,4,-3,-8,-16
2,-10,-21,10,3,-18,6,26,-14,-22,-1,17
14,-27,-13,28,9,7,30,-15,-11,-1,-14,18
-14,-36,10,3,-7,9,0,5,14,-15,-15,-7
-19,-15,0,-11,-2,-5,-8,2,-5,-2,5,-32
0,-28,-10,-9,-21,5,-3,-3,-15,-11,-12,1
-1,-12,-39,12,18,-3,0,-3,19,-18,-13,-11
-24,-17,-17,27,-6,-27,3,11,14,-4,-4,-4
0,-24,-4,4,7,4,6,-15,-3,-16,-39,-25
-1,-16,-14,-9,21,4,13,-4,5,-31,-6,-20
1,-10,-10,6,14,-24,-9,27,-2,9,-27,-3
-10,-1,-19,-3,-2,-17,16,-17,13,15,-10,-4
4,-5,8,24,11,-4,21,26,-2,-13,-4,2
-10,3,-16,-19,-21,-16,6,4,6,-19,-21,-10
-2,-12,-14,-8,1,11,19,11,-10,-17,-6,-4
-5,-2,-32,-5,14,-10,-4,17,-19,-21,-38,-7
-2,-23,-6,7,-22,-25,9,0,6,-1,9,1
6,-1,18,2,16,-2,5,5,8,25,9,6
-3,-28,1,27,4,-3,22,-15,-9,5,4,-5
-11,10,15,8,-3,-1,11,9,4,-8,-14,2
-2,-7,-23,-4,1,3,9,-7,7,13,-2,-21
-9,8,-13,-3,29,-22,-14,-3,2,-14,0,-11
-2,-1,-15,3,-7,-27,-8,8,3,7,-4,-19
27,-23,-5,6,-14,10,5,-1,-12,12,8,17
7,-23,-16,6,2,-7,1,10,3,15,-17,11
2,-4,2,-4,5,-19,-12,-6,1,-7,-23,2
-19,-27,20,6,17,-11,20,1,12,-46,3,-2
6,-8,2,-15,-11,-10,3,-1,8,-2,-19,-11
-2,-13,5,0,10,-9,-6,7,-4,10,11,26
-13,7,19,0,-8,-6,-3,-2,5,-15,-10,4
-5,-15,-19,10,-9,-23,0,15,34,-8,-3,-9
22,3,-12,5,-1,-23,2,-1,4,-7,-7,11
-16,-16,-1,21,3,18,-6,-6,-8,-12,13,-15
24,-23,-3,5,-5,0,4,13,-13,-11,12,-6
14,5,3,-5,-2,-13,7,35,12,-12,10,13
3,17,-4,12,-15,-4,14,-24,-2,-2,6,-9
-19,-7,-11,21,2,9,-10,1,0,-7,-14,-8
-12,17,3,1,19,8,25,-14,-4,2,-9,10
17,13,10,7,16,-6,-18,19,-7,-1,11,25
7,17,1,2,-1,-4,-2,5,-12,-1,17,1
-10,-10,3,2,14,-17,14,14,5,-2,6,6
0,14,28,1,-20,18,12,3,6,5,8,23
-9,9,4,-19,-15,-11,16,6,-10,-21,14,-11
-8,-5,-12,-14,-14,14,2,2,-26,11,1,35
-9,13,11,7,-5,8,-17,-28,2,1,13,-1
6,9,-26,-9,8,4,16,-12,-5,-18,4,15
-9,11,6,27,-5,-4,-2,13,-4,7,3,-6
-9,30,-6,14,0,-5,14,-28,13,0,5,20
6,-4,11,-12,6,7,0,4,9,-16,19,-30
12,10,13,21,0,0,-14,3,1,-11,23,7
-2,9,6,-3,10,-1,-8,2,6,29,4,2
-20,21,21,-1,-17,-21,-22,-11,-15,-1,21,8
8,5,7,5,1,-5,-7,-5,6,33,-6,-9
-27,5,7,-12,-16,16,-19,-20,-9,24,18,1
4,4,1,-3,7,-25,6,-22,-1,6,-16,15
46,4,15,-13,9,16,-4,-15,-1,-12,19,-14
13,7,3,-19,-1,-15,-4,-3,9,19,18,-6
15,9,-9,-4,-17,4,-5,-14,11,2,10,-1
5,16,18,4,0,11,-7,-10,-13,7,11,11
-11,5,19,-21,4,7,-8,-10,13,8,6,9
3,16,-2,-6,-18,-10,-29,1,17,10,6,14
0,25,18,17,-3,24,-27,-2,1,-10,11,21
14,21,-22,-16,-14,3,-8,-8,9,13,7,6
-18,21,2,-26,-9,31,-13,3,13,15,-3,-5
22,-4,5,-8,10,-2,6,1,5,-13,30,10
-10,18,15,-7,-18,27,-11,11,-17,29,16,-22
14,28,23,-11,-12,6,-12,-14,11,13,14,6
14,16,18,-2,-5,30,-13,-19,-11,26,6,21
25,28,17,-3,17,6,-4,-4,-22,22,4,15
12,24,2,10,7,-5,-10,-10,-16,-7,-21,-7
-2,10,23,-14,-14,-4,-8,-1,-7,1,20,4
7,13,-1,-20,-7,11,-14,7,7,2,1,16
2,23,12,-2,-9,-4,12,7,4,11,18,-14
7,30,-26,-7,-3,16,-4,35,8,15,-5,1
20,3,24,-14,-14,24,-22,-23,2,15,11,19
28,16,7,4,-12,-2,3,-7,-2,3,15,25
28,25,10,-9,-3,22,-14,-5,22,-11,33,-12
3,-1,10,-30,20,1,-8,-23,2,5,33,-10
6,11,25,-5,-8,3,7,0,-2,21,30,21
14,24,16,-27,-3,9,-7,-5,-8,18,10,16
-2,27,12,-6,9,26,-35,13,17,22,27,3
0,3,-11,-7,-6,-12,0,-4,-5,-8,24,12
8,30,31,-13,0,19,2,-12,4,36,13,20
-4,31,6,-9,0,11,8,-17,9,-2,0,25
22,21,13,-8,10,42,-15,0,13,27,27,38
-4,-6,16,-19,12,20,12,-22,-2,0,18,15
12,14,22,10,-16,3,-22,-10,8,29,19,-7
15,8,14,-8,-16,15,-21,-21,12,9,15,14
14,12,20,-13,-18,20,-2,0,18,8,29,7
-11,17,29,-17,-9,16,5,-2,11,29,39,-5
-20,34,17,-14,0,14,-20,10,-11,8,6,9
17,6,32,-17,20,14,-9,-7,30,24,24,12
9,10,-18,-1,14,18,-32,-8,-2,4,-7,16
0,-1,14,-11,0,25,-5,-31,13,21,31,10
10,15,20,-29,0,38,14,-12,-9,25,17,17
3,28,32,-25,1,19,-10,-8,2,24,7,24
27,20,9,-17,-12,25,-23,-12,-7,24,22,-8
15,-2,-7,-31,11,57,-8,2,-2,27,30,25
-4,24,1,2,-1,16,-21,-12,3,26,22,18
-2,15,34,-7,-7,-2,-22,-32,-4,42,34,13
-11,33,24,-26,-8,24,-2,-24,6,8,10,0
19,20,24,-43,-8,21,-31,-21,20,55,-3,20
25,9,22,-36,-1,16,-30,-20,-4,26,38,26
34,15,16,-18,1,30,-12,-17,-10,40,26,6
16,24,16,-16,4,25,-13,-22,22,30,31,4
-13,37,15,-11,-4,33,-17,2,11,18,22,6
6,45,10,-27,-12,37,-34,2,18,15,43,7
-5,59,42,-19,5,26,-25,-7,7,32,38,23
21,29,21,-14,9,25,-34,-33,12,38,44,22
8,24,34,-20,-4,39,-39,-21,3,23,32,31
13,74,14,-19,-24,37,-39,-26,26,52,34,32
36,37,23,-34,-17,52,-37,-3,27,33,53,8
16,46,38,-27,-23,49,-15,-29,14,46,40,35
13,48,48,-43,-16,42,-32,-30,25,42,31,57
24,50,39,-30,23,56,-38,-16,1,50,57,38
-12,88,46,-49,-15,58,-51,-33,6,53,75,36
2,57,33,-43,-10,56,-33,-24,25,64,58,39
32,70,58,-66,2,55,-34,-24,14,74,72,48
27,51,68,-60,-6,51,-22,-37,35,54,55,48
31,84,29,-45,-15,63,-60,-19,28,73,46,37
23,102,40,-59,-26,70,-37,-38,44,75,73,47
41,109,57,-61,-18,72,-76,-18,30,52,98,67
3,98,58,-81,5,71,-46,-36,33,64,95,81
33,110,78,-88,-14,63,-51,-35,38,81,104,67
18,118,73,-70,-7,85,-55,-47,44,76,86,75
58,112,58,-69,-44,88,-80,-52,28,70,102,70
47,108,65,-78,-10,95,-69,-43,51,78,91,94
46,123,80,-86,-11,105,-64,-69,63,99,107,74
28,109,89,-100,-10,110,-56,-38,37,103,90,92
66,150,104,-87,-6,125,-74,-57,42,82,124,92
61,165,86,-108,-11,132,-84,-62,62,114,119,83
34,177,112,-104,-31,101,-90,-67,62,106,143,100
28,158,87,-110,-11,118,-69,-66,20,127,149,118
58,180,124,-108,-25,143,-92,-77,31,115,157,110
66,176,105,-117,-40,156,-98,-84,70,116,145,126
57,182,110,-124,-32,148,-116,-80,40,134,167,139
73,175,113,-117,-37,156,-108,-59,82,141,177,122
73,187,149,-122,-19,168,-110,-51,40,148,170,146
78,219,115,-139,-25,179,-111,-111,59,148,190,151
69,223,138,-139,-36,168,-112,-100,59,160,197,162
96,243,155,-147,-32,170,-118,-107,67,164,198,154
80,243,150,-164,-44,187,-135,-84,69,165,210,161
89,223,158,-174,-33,184,-126,-92,54,176,225,154
88,262,146,-183,-43,192,-143,-92,70,190,224,184
83,253,165,-167,-36,221,-151,-88,61,195,232,182
104,259,164,-154,-19,230,-129,-99,99,203,232,176
108,280,192,-169,-57,218,-152,-97,75,210,236,192
104,288,182,-169,-40,220,-142,-119,66,198,236,200
109,266,169,-185,-52,213,-150,-111,61,205,242,182
92,294,184,-180,-51,224,-128,-84,82,225,276,221
96,280,183,-200,-45,248,-143,-110,67,205,254,197
103,295,203,-197,-51,247,-159,-128,93,234,271,198
120,314,198,-183,-54,265,-173,-116,79,238,264,197
102,294,194,-203,-34,252,-162,-134,84,219,275,204
123,296,199,-200,-31,260,-158,-127,80,229,256,204
100,292,204,-207,-35,261,-185,-109,69,229,244,206
96,305,196,-218,-37,254,-159,-125,101,241,270,213
88,307,198,-213,-38,259,-172,-102,79,231,273,209
127,293,202,-190,-52,248,-172,-113,84,227,277,213
98,314,193,-205,-43,263,-162,-105,81,202,264,219
107,305,195,-195,-41,223,-150,-123,97,214,248,213
117,311,183,-208,-22,251,-123,-119,83,234,252,199
110,275,200,-205,-53,252,-160,-131,103,202,264,198
118,278,180,-184,-57,242,-178,-100,82,223,277,200
118,275,181,-191,-43,238,-176,-109,86,225,267,205
102,300,169,-188,-41,260,-160,-100,64,194,258,188
119,276,177,-184,-51,233,-132,-115,85,203,241,209
92,270,168,-189,-34,225,-151,-133,64,210,250,197
86,252,175,-169,-44,206,-146,-101,65,221,243,179
99,250,152,-169,-42,231,-149,-82,86,183,228,188
113,244,166,-176,-43,197,-149,-97,62,208,214,168
77,270,158,-184,-33,205,-137,-103,82,172,240,169
73,227,158,-154,-2,197,-116,-88,78,163,211,154
67,238,140,-138,-26,188,-137,-109,74,174,193,171
75,209,150,-181,-63,166,-105,-100,56,160,202,152
83,196,131,-150,-14,178,-117,-97,42,168,173,157
67,214,114,-139,-44,160,-94,-86,53,120,177,149
81,213,122,-120,-48,149,-109,-83,70,144,184,113
77,190,124,-149,-39,162,-120,-55,47,153,147,141
44,195,137,-120,-12,153,-102,-73,61,135,154,125
58,149,106,-128,-12,166,-101,-75,60,139,150,121
47,164,129,-119,-34,126,-77,-62,44,126,146,110
69,151,104,-103,-29,118,-81,-27,48,100,174,109
64,181,91,-75,-20,115,-71,-67,45,99,132,109
43,155,88,-84,-7,116,-92,-42,51,117,108,106
49,123,81,-66,-24,100,-83,-56,42,81,127,90
45,135,99,-75,-17,119,-62,-43,36,89,102,90
30,138,81,-63,-27,75,-39,-48,48,92,109,61
36,113,70,-68,-11,69,-74,-35,12,113,105,57
19,108,48,-64,-19,89,-51,-38,23,85,88,85
44,101,77,-56,-7,80,-43,-42,25,98,90,75
38,118,60,-47,9,45,-65,-55,23,61,83,67
43,90,63,-73,7,74,-40,-39,51,56,74,58
9,72,37,-53,-3,62,-52,-28,7,76,87,56
39,64,31,-68,5,77,-41,-26,25,46,55,54
9,58,35,-39,-13,52,-27,-25,16,57,66,23
40,68,27,-41,-25,65,-46,-27,10,63,48,43
24,74,42,-39,-4,34,-30,-4,25,45,44,43
29,64,51,-60,-24,56,-23,-10,23,49,50,37
28,40,31,-32,-23,31,-35,-9,29,34,47,29
17,41,43,-31,-23,57,-31,-29,8,22,38,34
26,46,2,-37,-12,37,-34,-3,18,35,36,27
3,56,20,-26,-8,27,-24,-11,4,26,47,19
20,16,45,-35,11,18,-28,6,12,11,30,41
26,49,7,-26,11,35,-28,4,2,15,32,50
20,27,17,-17,-5,33,-10,2,15,3,24,52
-2,29,14,2,-2,19,-31,-27,35,11,40,30
15,38,20,-32,2,47,-17,-26,-6,33,23,21
-3,32,15,-24,-9,21,-14,8,10,24,32,15
31,19,13,-22,10,15,-23,-7,15,27,20,6
-1,28,13,-12,1,33,1,-14,4,20,26,23
16,4,30,-24,-7,1,-7,-28,9,32,13,0
0,17,15,-39,3,28,10,3,32,18,3,3
3,-2,9,-41,-13,17,-9,-11,14,1,3,9
25,17,10,-9,2,13,-28,-12,-2,3,17,22
-7,12,3,-5,15,-12,-15,6,22,19,39,8
8,21,14,-9,-5,-2,-11,17,-13,0,27,23
5,38,33,-6,6,12,-12,-2,12,-4,-5,10
-19,14,9,18,-2,3,-20,4,8,17,-14,6
-8,15,7,28,20,15,-10,-2,-9,-3,-23,8
-17,10,0,4,-4,-9,10,-13,0,-12,-17,-3
-1,0,10,-19,19,-11,-1,-8,17,-22,6,-28
-16,13,-14,-9,14,-34,17,15,18,-21,-17,7
3,-21,19,-12,-2,6,2,15,-8,-2,-28,-20
-16,-10,-24,18,10,-29,31,4,1,-9,-31,-18
3,-12,-27,18,-7,-13,19,26,4,-17,-8,-6
-21,-44,-9,56,6,-44,0,26,-34,-24,-17,-25
-18,-67,-29,43,7,-38,35,38,-20,-25,-61,-36
-21,-46,-45,28,14,-48,54,29,-22,-41,-55,-54
-31,-66,-32,50,23,-52,55,3,-26,-52,-58,-60
-31,-103,-48,78,25,-69,59,22,-22,-42,-82,-60
-21,-95,-76,72,17,-70,24,47,-16,-101,-85,-81
-29,-139,-69,89,0,-89,72,26,-18,-73,-102,-85
-47,-125,-90,89,-2,-96,60,35,-49,-112,-112,-56
-19,-145,-73,94,27,-110,62,25,-58,-105,-122,-86
-54,-145,-100,92,26,-127,85,47,-41,-116,-141,-88
-64,-152,-109,99,37,-130,80,42,-48,-113,-140,-122
-52,-144,-84,92,23,-113,86,63,-71,-105,-147,-112
-63,-148,-101,81,33,-113,65,67,-66,-89,-120,-118
-84,-133,-85,82,27,-115,81,57,-21,-104,-114,-105
-37,-119,-63,89,28,-119,59,67,-20,-85,-114,-101
-55,-126,-69,94,24,-94,40,56,-25,-80,-125,-92
-49,-91,-67,41,22,-68,44,51,-27,-60,-69,-56
-24,-47,-37,57,23,-45,20,17,-15,-50,-42,-41
-12,-10,-15,17,1,21,2,-6,-16,-32,2,-10
-1,25,27,-23,8,42,-6,-7,-6,13,20,27
33,97,65,-57,-25,70,-35,-55,24,50,71,62
49,158,99,-90,-23,105,-80,-58,60,122,143,99
85,239,120,-157,-11,197,-135,-72,53,167,211,153
109,303,208,-212,-50,240,-166,-100,93,202,270,226
151,373,235,-255,-64,309,-236,-161,133,279,350,268
172,469,289,-329,-52,393,-257,-184,133,348,440,338
190,552,378,-379,-109,461,-319,-226,172,438,501,396
218,688,420,-464,-100,568,-367,-270,186,486,606,486
243,746,491,-513,-106,620,-413,-320,219,574,659,530
270,823,546,-543,-119,702,-464,-355,266,633,761,590
321,926,580,-615,-147,749,-486,-372,280,697,819,641
326,1001,610,-668,-148,822,-513,-412,298,726,864,716
355,1023,683,-706,-170,843,-574,-419,337,780,924,728
385,1108,701,-745,-179,911,-607,-416,303,793,972,762
387,1111,747,-767,-149,917,-599,-437,327,831,1015,781
384,1115,722,-764,-163,921,-613,-475,334,841,1002,782
386,1101,724,-745,-167,935,-608,-445,326,823,988,776
386,1084,706,-737,-167,894,-592,-432,326,825,987,764
368,1050,696,-708,-155,880,-570,-407,297,785,906,744
333,992,625,-677,-140,819,-555,-413,302,742,864,670
330,926,594,-629,-144,781,-505,-366,251,699,820,640
299,844,547,-575,-119,695,-451,-345,232,634,746,598
284,734,488,-519,-123,617,-423,-313,225,572,663,516
226,644,439,-462,-103,512,-346,-263,208,491,591,461
197,564,358,-361,-80,459,-315,-204,170,408,492,371
161,442,271,-306,-80,381,-274,-193,141,332,421,327
140,383,242,-258,-67,310,-187,-152,98,279,303,252
110,274,177,-175,-37,240,-131,-122,74,198,248,178
57,178,98,-110,-21,166,-92,-80,55,129,148,111
43,127,36,-50,-9,80,-55,-19,51,48,80,57
7,22,13,-3,-9,12,-9,-4,-6,15,30,17
-34,-46,-40,23,5,-54,25,17,-27,-17,-12,-26
-39,-96,-82,75,11,-85,57,31,-21,-59,-109,-77
-41,-142,-119,97,5,-118,78,69,-49,-129,-140,-118
-73,-198,-118,148,19,-166,88,92,-64,-132,-171,-147
-89,-222,-136,148,29,-167,141,100,-77,-175,-221,-168
-88,-249,-174,170,61,-205,143,108,-87,-192,-229,-159
-101,-285,-182,186,40,-239,169,128,-84,-201,-249,-173
-103,-272,-177,176,51,-220,153,112,-82,-208,-247,-184
-111,-260,-181,187,47,-258,136,125,-84,-218,-257,-202
-81,-287,-161,171,44,-243,138,108,-78,-207,-239,-193
-110,-283,-176,184,39,-224,175,103,-72,-200,-258,-189
-82,-270,-171,175,59,-219,133,76,-65,-200,-225,-182
-88,-233,-182,151,18,-193,132,96,-70,-184,-201,-171
-74,-224,-128,148,31,-165,125,97,-79,-156,-216,-174
-79,-219,-141,144,34,-174,95,73,-42,-131,-197,-159
-72,-197,-103,122,31,-142,106,57,-70,-146,-184,-136
-67,-190,-111,102,17,-131,109,75,-35,-126,-145,-104
-52,-147,-87,106,16,-108,75,58,-44,-112,-134,-102
-34,-126,-95,86,7,-109,84,41,-24,-110,-116,-99
-36,-111,-83,90,20,-89,62,31,-13,-80,-106,-68
-29,-101,-78,94,10,-74,30,33,-53,-66,-89,-73
-22,-91,-72,56,19,-74,66,20,-19,-67,-74,-52
-25,-89,-46,42,-11,-70,48,19,-21,-63,-65,-45
-31,-73,-25,58,20,-68,35,13,-14,-62,-47,-25
-12,-51,-32,40,8,-47,23,-6,-5,-35,-54,-62
-20,-35,-31,50,8,-35,22,28,-10,-30,-29,-30
5,-23,-18,17,10,-16,12,27,-17,-31,-41,-24
-6,-10,-22,12,6,-38,20,-3,-7,-2,-29,-37
-11,-19,-16,5,8,-29,20,8,-1,-8,-18,-23
-4,-41,-20,11,12,-19,5,14,-2,-10,-35,-15
9,-29,-1,15,8,-28,24,-12,-7,-26,-25,0
3,-15,-8,2,-9,-18,-2,11,-5,-30,-9,-7
20,-17,-7,0,4,-14,-2,5,-6,-13,-1,-8
-4,-13,-10,-3,-9,-10,6,2,-17,12,-22,-19
11,-23,-25,-1,3,-1,6,1,-2,-12,13,-14
5,-3,11,-3,-4,-14,4,-10,-20,-4,-33,-3
-10,-11,1,11,-1,2,17,-10,3,-13,-29,-15
-19,-7,-3,10,4,-15,13,-9,0,-14,-38,-9
0,-13,-7,25,9,-30,0,1,19,-22,-24,3
-24,10,2,28,-4,-9,-4,-8,-10,5,-8,-19
8,-4,-6,-2,8,-19,-8,12,-6,-4,-29,-26
17,4,7,-10,2,7,6,18,15,-8,-12,-24
-1,24,4,-4,-2,-12,-19,6,17,-3,-2,-12
13,15,-1,3,-2,-4,-14,1,3,-11,-4,-6
6,-21,11,7,10,20,2,7,-20,7,-4,-6
-11,-5,-13,-15,4,4,-2,-12,-12,9,-4,-9
-18,-2,2,1,-7,11,-14,-4,4,-19,-5,8
17,11,-4,8,14,-15,-3,-13,13,-2,-19,-17
0,4,14,-10,-18,-5,-21,-1,-18,-8,23,-5
9,-4,-1,-1,12,13,-9,-22,7,-1,-1,23
-17,16,5,6,-14,15,-9,26,2,-6,-21,-4
4,13,-17,-23,3,11,5,-11,-8,3,10,-6
-27,1,3,-25,-15,-1,-16,-1,5,1,19,-14
5,-11,22,-1,-8,-4,-10,-7,5,4,11,14
37,17,18,-8,7,12,18,1,6,14,18,16
36,19,14,-11,-7,12,-9,-16,24,10,10,18
0,19,12,-8,2,5,20,-20,-24,14,8,6
12,21,5,-11,-20,27,-23,-18,10,12,37,4
-3,19,-22,-23,-22,26,-12,-14,9,29,27,36
26,8,1,-18,6,25,-21,-28,0,23,25,-1
20,31,25,-10,1,20,-11,11,27,11,26,54
5,23,25,-11,-4,26,-4,-11,23,11,35,19
9,43,51,-33,-8,35,-35,-4,1,17,35,12
3,47,23,-22,2,36,-33,-13,8,40,39,18
19,24,20,-24,0,25,-28,-18,12,42,54,25
28,53,29,-36,8,39,-16,-27,-2,29,49,33
31,30,18,-46,-1,41,-23,-10,40,47,48,6
5,45,45,-37,-5,60,-11,-28,8,9,45,22
32,74,26,-32,-3,30,-38,-32,13,56,52,29
11,62,47,-22,3,40,-48,-3,7,46,53,32
20,50,50,-44,-12,55,-30,-27,14,38,47,21
10,50,32,-37,-6,57,-45,-23,22,51,59,41
13,97,39,-41,-2,60,-29,-17,16,37,52,38
7,70,38,-63,-13,81,-42,-47,43,44,52,51
37,89,58,-66,-34,85,-48,-40,19,53,60,51
47,64,72,-75,-34,68,-37,-16,31,69,84,41
22,85,61,-95,-4,70,-49,-56,30,87,78,66
38,106,46,-49,-27,94,-58,-42,31,48,81,72
37,98,63,-72,-10,65,-48,-25,43,79,88,80
43,110,79,-92,-42,105,-65,-31,25,74,103,83
33,95,87,-77,-11,79,-42,-43,39,87,88,87
39,125,88,-99,-21,95,-55,-52,27,93,71,90
44,121,74,-95,-27,96,-53,-37,39,85,119,110
32,126,97,-71,-29,124,-79,-49,48,91,123,87
43,138,92,-85,-12,120,-62,-33,40,97,122,97
76,158,93,-88,-11,140,-75,-56,37,129,128,102
28,161,100,-106,-15,144,-70,-56,55,126,148,121
44,132,102,-94,-36,153,-77,-67,36,101,143,101
59,139,82,-109,-24,156,-102,-67,51,111,137,123
53,159,110,-111,-6,143,-70,-68,66,107,129,126
56,174,119,-127,-27,155,-111,-55,50,157,152,124
48,188,104,-114,-31,152,-97,-49,55,133,154,122
64,179,132,-118,-32,153,-122,-85,35,150,146,141
61,173,135,-157,-22,175,-112,-69,45,159,162,146
74,195,132,-159,-37,159,-126,-102,65,172,213,141
64,237,169,-139,-46,164,-104,-75,63,178,199,141
73,235,115,-147,-55,192,-132,-111,70,161,193,146
86,241,138,-165,-48,179,-128,-82,74,165,202,163
81,246,173,-147,-19,188,-120,-102,55,189,225,157
85,240,141,-164,-17,207,-153,-112,61,179,246,182
86,234,158,-164,-34,183,-132,-96,68,170,226,173
100,255,152,-178,-49,218,-157,-115,79,186,241,181
97,265,188,-186,-40,202,-157,-108,94,215,225,162
94,273,170,-177,-19,234,-149,-111,52,204,256,189
106,287,207,-200,-48,232,-156,-131,75,195,243,203
104,300,195,-211,-39,232,-154,-108,111,205,280,203
97,328,191,-204,-48,243,-176,-123,106,225,269,205
118,305,214,-193,-37,259,-165,-109,79,216,290,201
121,310,205,-207,-57,246,-188,-111,103,240,278,219
112,301,209,-228,-41,279,-178,-123,102,243,275,235
108,323,223,-205,-64,271,-178,-141,109,245,281,223
113,321,197,-232,-65,277,-193,-127,111,259,284,257
121,351,240,-236,-46,289,-175,-141,99,263,314,252
140,344,222,-240,-45,308,-188,-128,113,252,300,264
140,336,219,-235,-40,299,-190,-160,101,254,335,244
108,370,222,-232,-50,306,-216,-153,107,293,341,251
130,349,230,-251,-68,291,-237,-159,144,265,306,281
142,355,232,-249,-41,303,-199,-138,115,283,343,269
131,359,248,-255,-57,299,-196,-151,132,268,353,291
158,387,243,-270,-87,325,-218,-158,109,272,333,271
114,373,258,-275,-71,334,-224,-130,134,305,367,256
137,376,250,-267,-65,327,-245,-165,129,279,360,256
153,388,263,-270,-55,327,-217,-150,102,282,347,279
139,384,271,-279,-53,315,-205,-152,114,309,362,301
136,421,239,-268,-76,317,-203,-161,119,282,360,259
142,377,258,-265,-54,323,-223,-146,137,299,365,303
144,411,293,-279,-67,351,-233,-146,127,313,363,295
139,424,264,-270,-42,347,-232,-167,124,301,393,289
136,409,257,-263,-55,323,-223,-163,139,314,363,279
146,415,276,-279,-63,319,-230,-163,125,310,388,284
149,414,290,-276,-52,341,-219,-175,117,306,363,287
130,419,285,-283,-68,340,-226,-169,118,321,381,276
156,387,272,-298,-71,322,-211,-159,114,331,380,281
154,412,273,-261,-67,327,-234,-165,133,318,370,297
141,405,272,-283,-45,340,-246,-177,139,299,378,302
161,413,282,-294,-53,347,-225,-129,135,328,365,283
130,423,261,-276,-62,349,-209,-178,104,292,382,273
160,412,275,-299,-77,343,-236,-153,125,314,359,291
145,403,278,-270,-61,344,-231,-153,105,303,367,263
161,410,250,-281,-75,345,-226,-158,143,308,359,303
127,398,255,-282,-56,311,-232,-166,137,307,364,285
143,397,274,-284,-59,328,-218,-173,126,293,354,272
123,389,254,-275,-63,333,-221,-143,118,306,378,288
140,404,279,-272,-62,321,-212,-129,109,320,365,269
146,389,222,-264,-61,320,-232,-175,122,305,351,274
122,391,225,-262,-36,303,-194,-136,101,300,352,274
119,372,238,-272,-70,315,-209,-138,123,285,311,261
115,383,263,-254,-69,322,-180,-142,109,290,313,268
140,397,252,-241,-57,299,-213,-158,112,265,322,259
126,380,215,-238,-54,280,-193,-132,99,292,346,264
150,366,219,-238,-37,288,-193,-121,127,277,338,222
110,351,224,-249,-49,302,-198,-154,104,260,312,239
109,334,224,-230,-59,311,-194,-135,86,265,294,227
114,322,227,-221,-54,269,-186,-136,102,251,300,245
128,325,195,-207,-64,267,-206,-140,92,228,311,254
98,328,180,-219,-38,264,-189,-129,106,250,286,234
104,302,210,-197,-73,265,-169,-98,88,229,269,218
169,300,196,-204,-56,237,-180,-131,104,235,272,212
105,287,178,-202,-44,259,-186,-140,91,219,258,230
105,298,161,-187,-52,250,-141,-97,93,205,272,208
99,266,173,-185,-43,222,-154,-102,86,222,214,182
81,261,182,-182,-43,217,-139,-116,87,199,236,185
124,242,159,-181,-52,221,-141,-110,86,191,237,164
85,272,155,-164,-27,207,-118,-105,94,174,232,169
82,240,156,-170,-35,221,-119,-105,97,167,220,184
80,233,139,-149,-25,180,-122,-80,76,197,209,159
89,225,153,-157,-44,196,-121,-90,62,170,204,155
59,238,130,-127,-19,182,-117,-71,58,155,214,154
45,211,152,-157,-21,166,-124,-80,84,159,186,154
63,192,127,-143,-31,174,-96,-63,53,129,182,162
60,185,115,-131,-21,162,-107,-71,62,113,199,158
66,187,131,-101,-29,155,-96,-63,74,139,185,125
32,184,132,-134,-19,138,-102,-73,43,133,138,124
45,166,95,-110,-43,153,-101,-76,48,145,144,122
36,149,103,-113,-38,124,-75,-48,64,128,126,111
51,151,121,-93,-26,152,-96,-56,58,107,143,103
57,126,86,-94,-35,116,-87,-60,54,110,106,115
22,137,95,-75,-18,93,-93,-48,38,83,127,83
47,115,91,-94,-11,121,-55,-74,14,81,109,59
39,121,109,-93,-24,114,-69,-68,26,113,87,98
22,110,80,-76,-16,76,-45,-46,53,83,107,67
44,108,69,-57,-29,90,-73,-62,34,89,87,65
32,105,54,-84,-9,75,-69,-31,53,79,87,65
40,105,49,-57,-8,51,-40,-44,16,54,85,58
11,78,51,-62,9,83,-40,-48,18,83,53,67
41,70,64,-32,-8,62,-57,-43,23,56,62,51
29,66,33,-69,-16,58,-56,-16,31,66,63,45
39,75,44,-60,2,58,-25,-13,14,47,50,32
12,72,34,-47,3,22,-22,-12,9,36,40,51
27,29,46,-21,-13,43,-29,-20,39,13,38,37
20,39,22,-31,6,17,-3,-28,-10,17,58,42
-3,18,22,-37,-2,36,-11,-17,10,24,35,19
-10,27,14,-37,16,6,-13,-23,6,40,27,30
16,28,-5,0,-14,5,-14,-21,13,24,19,15
11,-3,9,-11,-4,10,-24,-10,20,28,16,29
-5,-2,16,3,-2,23,0,3,-2,1,0,4
-10,-4,-10,-6,3,1,-3,-9,0,7,-5,15
16,-6,0,0,-4,9,19,14,13,8,38,10
-7,9,23,-10,-13,-2,7,1,-5,-3,-10,-4
-34,25,-13,15,-28,-13,28,7,-12,-8,-18,-4
-1,4,8,12,-7,-18,11,31,-15,0,-1,-6
-28,10,-13,14,14,-6,15,-4,0,-6,2,4
-6,-13,-5,18,4,-17,21,6,-6,-15,-28,-9
-24,-27,2,-1,-1,-22,18,-13,-5,-26,-2,-24
-24,-24,-26,21,-9,-3,6,31,2,-50,-25,-10
-8,-18,-11,29,11,-45,-1,0,-37,-32,-35,-30
-10,-6,-12,32,20,-36,27,32,-8,-7,-15,-35
-27,-28,-34,16,7,-50,16,16,-19,-7,-13,-24
-20,-26,-17,46,20,-36,29,7,-14,-37,-39,-17
5,-14,-45,9,7,-44,24,7,5,-24,-37,-32
-30,-45,-31,24,12,-36,10,15,1,-15,-38,-35
-18,-33,-56,31,16,-24,10,5,0,-58,-51,-8
-4,-52,-42,26,-2,-42,13,25,-9,-53,-21,-21
-32,-49,-33,26,-2,-59,44,2,-20,-18,-59,-43
-7,-56,-25,7,15,-46,17,10,-27,-10,-25,-17
-14,-43,-33,61,3,-56,32,36,-5,-41,-67,-4
-17,-66,-28,31,-5,-25,44,16,-3,-44,-54,-54
-29,-35,-51,25,-2,-60,26,13,-4,-36,-64,-21
-22,-73,-33,43,19,-46,29,6,-16,-60,-53,-32
-10,-80,-42,41,-20,-52,42,21,6,-46,-52,-42
-2,-60,-41,41,8,-56,39,15,-17,-63,-57,-39
-14,-52,-49,37,9,-49,24,32,-14,-43,-62,-57
-21,-39,-29,37,11,-52,42,14,-9,-49,-69,-16
-36,-39,-58,53,7,-62,28,16,-23,-49,-60,-51
-15,-68,-54,28,10,-24,23,33,-20,-23,-69,-34
-18,-76,-38,34,12,-50,41,31,-23,-57,-54,-35
-43,-66,-45,57,9,-74,31,38,-10,-50,-33,-41
-31,-69,-45,40,24,-58,34,19,9,-47,-64,-45
-34,-89,-47,54,11,-61,29,20,-27,-37,-70,-52
-35,-75,-42,60,21,-82,48,43,-19,-47,-38,-60
-40,-52,-43,66,-10,-49,15,43,-7,-63,-80,-52
-36,-60,-56,43,28,-67,48,37,-18,-58,-67,-59
-15,-64,-71,40,1,-80,40,35,-20,-65,-34,-19
-33,-63,-40,53,16,-58,52,23,-29,-56,-54,-48
-32,-66,-43,41,15,-60,44,33,-37,-49,-53,-52
-49,-60,-40,46,7,-60,23,25,-16,-64,-59,-48
-20,-70,-54,42,9,-43,35,33,-8,-45,-74,-48
-33,-98,-38,35,1,-61,30,47,-16,-47,-67,-45
-13,-90,-47,74,14,-47,40,35,-24,-47,-52,-60
-16,-80,-57,37,-4,-66,61,26,-10,-58,-67,-60
-43,-53,-39,45,0,-68,47,37,-24,-86,-81,-49
-27,-72,-59,37,18,-53,64,15,-26,-33,-53,-38
-20,-84,-42,82,12,-38,35,53,-19,-62,-77,-60
-25,-87,-70,49,9,-48,34,33,-1,-60,-66,-37
-35,-86,-49,57,6,-55,27,14,-13,-52,-81,-44
-41,-79,-48,23,8,-51,41,34,-27,-53,-56,-73
-37,-73,-52,53,10,-54,41,39,-19,-50,-63,-50
-14,-60,-36,55,3,-106,44,45,-22,-37,-87,-43
-29,-82,-43,56,15,-60,58,31,-31,-65,-69,-36
-45,-62,-42,60,-11,-63,23,47,-30,-34,-72,-57
-17,-93,-32,56,24,-51,49,6,-26,-49,-37,-57
-16,-77,-62,74,13,-55,27,21,-34,-43,-43,-56
-41,-96,-64,54,-3,-84,29,23,-24,-42,-68,-57
-26,-59,-51,46,-1,-68,20,38,-32,-49,-79,-61
-19,-78,-59,67,12,-63,43,14,-2,-58,-80,-63
-5,-81,-38,47,18,-79,44,20,-24,-52,-51,-46
-40,-79,-33,49,8,-57,25,36,-1,-52,-71,-43
6,-84,-60,32,1,-59,57,37,-23,-47,-54,-41
-23,-68,-44,49,2,-56,37,41,-28,-70,-79,-56
-34,-79,-75,50,33,-47,31,31,-20,-79,-60,-48
-39,-89,-40,57,8,-48,55,32,-25,-46,-90,-44
-24,-69,-58,42,28,-60,44,20,-25,-19,-79,-42
-7,-80,-51,51,19,-49,31,35,-22,-50,-70,-45
-29,-57,-61,54,13,-71,47,28,-34,-43,-57,-34
-18,-69,-42,58,13,-62,46,48,-22,-51,-70,-58
-33,-66,-52,41,19,-75,44,26,-24,-70,-85,-54
-24,-70,-57,51,1,-79,27,33,-21,-50,-72,-75
2,-69,-38,56,10,-51,60,42,-29,-73,-77,-54
-28,-73,-48,61,25,-68,47,41,-26,-65,-62,-47
-23,-90,-62,36,14,-50,41,43,-10,-63,-105,-49
-42,-74,-59,61,16,-53,37,20,-27,-66,-53,-45
-6,-56,-72,52,11,-56,36,48,-29,-43,-85,-66
-13,-83,-42,50,26,-71,57,38,-34,-45,-62,-57
-19,-92,-44,50,4,-46,41,30,-37,-76,-81,-62
-25,-59,-40,82,19,-61,39,14,-17,-63,-66,-53
-22,-80,-60,43,21,-49,43,31,-24,-61,-69,-63
-12,-74,-55,38,18,-51,54,47,-46,-57,-86,-78
-13,-66,-55,44,-3,-56,49,38,-22,-88,-56,-41
-20,-66,-31,66,26,-55,46,33,-28,-44,-65,-36
-15,-76,-41,54,26,-38,59,28,-15,-40,-81,-43
-23,-77,-57,62,14,-77,49,31,-32,-50,-64,-58
-14,-74,-65,60,20,-65,35,7,-27,-73,-43,-66
-38,-96,-64,47,-3,-60,47,34,-37,-39,-58,-67
-26,-66,-49,34,19,-60,39,32,-19,-63,-92,-51
-4,-93,-57,62,21,-68,27,36,-26,-63,-59,-62
-39,-80,-59,63,12,-64,31,31,-31,-58,-64,-56
-25,-86,-54,36,11,-42,55,33,-17,-39,-84,-43
-52,-78,-40,62,7,-72,54,39,-28,-60,-73,-75
-20,-76,-73,55,24,-55,51,24,-39,-57,-70,-71
-31,-67,-72,52,16,-57,47,29,-28,-78,-76,-58
-23,-78,-45,50,6,-45,40,33,-22,-82,-74,-51
-35,-78,-39,68,12,-71,31,21,-39,-47,-78,-51
-31,-85,-50,48,29,-64,22,11,-10,-58,-66,-51
-30,-80,-46,54,29,-59,24,7,-25,-48,-69,-46
-8,-72,-40,61,12,-60,7,15,-33,-52,-67,-69
-26,-92,-46,42,9,-51,44,38,-42,-75,-62,-57
-33,-72,-52,48,22,-83,61,18,-24,-61,-57,-60
-12,-70,-39,35,1,-79,50,47,-9,-58,-51,-48
-34,-58,-42,68,-9,-69,58,45,-30,-54,-49,-35
-32,-64,-63,43,3,-53,55,23,-15,-58,-70,-49
-28,-77,-31,60,14,-46,35,35,-25,-46,-67,-52
-29,-89,-60,47,17,-72,33,33,-12,-52,-89,-30
-11,-62,-77,51,6,-65,20,24,-13,-49,-82,-58
-29,-64,-26,42,21,-72,50,22,-35,-61,-60,-33
-34,-85,-22,35,15,-61,53,19,-33,-33,-72,-64
-25,-80,-38,37,12,-41,55,50,-35,-52,-92,-43
-24,-67,-33,54,19,-80,53,42,-16,-74,-48,-47
-22,-77,-44,32,-12,-42,50,16,-38,-52,-71,-71
-17,-61,-57,43,12,-57,38,43,-1,-34,-84,-44
-28,-86,-56,26,-2,-45,49,11,-14,-65,-53,-32
-23,-78,-41,16,6,-55,38,-1,-4,-48,-74,-48
-18,-53,-51,47,-12,-64,55,20,-21,-52,-71,-61
-28,-61,-40,44,-17,-42,38,27,-20,-43,-63,-27
-34,-61,-34,54,-24,-67,41,15,-7,-29,-66,-41
-19,-63,-40,44,-19,-51,39,24,-26,-53,-63,-24
-8,-60,-42,34,12,-54,31,20,-25,-48,-51,-42
-27,-54,-51,19,20,-47,37,30,-4,-50,-71,-23
-19,-69,-62,40,22,-65,40,13,-24,-41,-69,-56
-37,-59,-39,51,18,-47,41,16,-32,-56,-61,-51
-13,-76,-41,54,-8,-49,16,-6,-1,-51,-51,-53
-32,-58,-34,53,2,-34,51,9,-32,-59,-50,-48
-19,-59,-54,53,-5,-35,53,37,-46,-37,-61,-46
-8,-54,-48,40,-4,-46,22,46,-22,-60,-66,-59
-7,-90,-31,42,9,-47,28,13,-20,-36,-74,-43
-17,-57,-32,14,29,-62,44,30,-19,-46,-39,-41
-25,-73,-51,65,18,-90,45,30,-7,-38,-71,-21
-24,-65,-24,49,13,-51,32,51,-29,-31,-65,-44
-17,-56,-46,20,3,-47,36,34,-27,-52,-37,-34
-20,-45,-27,63,-15,-46,27,24,-15,-48,-51,-56
-11,-49,-40,50,17,-56,17,10,2,-46,-74,-57
-25,-72,-43,41,-4,-47,47,26,-12,-67,-45,-38
-10,-62,-25,39,1,-38,22,32,-3,-38,-33,-41
-6,-50,-34,61,2,-50,33,9,-31,-35,-23,-45
-33,-45,-44,41,8,-41,48,35,-22,-75,-79,-44
-6,-70,-32,43,9,-55,42,21,-16,-39,-49,-37
-9,-67,-29,30,2,-30,42,13,-21,-54,-32,-56
-12,-58,-29,46,8,-43,42,49,-38,-37,-53,-26
-26,-48,-35,46,-10,-42,35,47,-24,-17,-54,-40
-9,-78,-44,51,4,-50,32,18,-17,-36,-40,-42
-3,-43,-27,40,15,-51,44,8,-18,-37,-64,-49
-19,-76,-42,30,23,-62,29,31,12,-23,-64,-50
-25,-75,-37,45,23,-57,22,8,-37,-59,-45,-48
-23,-47,-38,28,-6,-55,27,18,-15,-35,-46,-33
-13,-63,-40,27,3,-51,24,38,-25,-36,-47,-30
-31,-43,-49,47,15,-52,45,44,-9,-68,-31,-34
-12,-59,-16,36,34,-41,24,20,-28,-15,-34,-33
-16,-48,-45,42,14,-47,27,24,-17,-42,-30,-46
-9,-66,-31,43,23,-59,5,13,-29,-33,-40,-34
-28,-58,-49,44,15,-39,34,0,-29,-39,-58,-62
-22,-63,-49,41,7,-31,38,24,-18,-56,-53,-39
2,-55,-29,33,19,-53,12,14,-22,-47,-61,-31
-17,-44,-33,21,12,-50,36,31,-33,-37,-39,-30
-28,-32,-33,37,-4,-45,20,11,7,-22,-55,-52
-20,-54,-67,20,25,-44,27,15,-35,-17,-47,-15
-24,-58,-17,38,1,-37,38,31,-14,-44,-40,-19
-18,-75,-33,31,-2,-41,17,25,-7,-37,-47,-44
-22,-68,-20,32,25,-50,44,16,-28,-56,-40,-23
-12,-42,-34,37,7,-49,22,21,2,-24,-45,-24
-10,-56,-24,34,-13,-39,32,21,-25,-58,-63,-18
-17,-48,-17,22,-6,-53,36,-17,-16,-47,-43,-32
-7,-73,-19,21,10,-35,34,22,0,-25,-56,-34
-37,-46,-31,57,15,-49,46,13,-9,-53,-45,-13
-26,-43,-38,46,5,-45,15,27,-50,-33,-54,-21
-12,-46,-28,38,5,-16,11,17,-14,-44,-71,-45
-12,-54,-29,35,3,-41,20,24,-2,-27,-30,-39
-10,-57,-30,31,16,-32,46,23,-11,-33,-49,-39
-16,-70,-42,42,9,-49,23,28,-26,-47,-23,-50
-31,-49,-52,41,14,-59,20,6,-3,-21,-57,-44
-1,-52,-31,33,19,-35,27,17,-37,-53,-35,-16
-8,-66,-15,54,-4,-44,44,7,-3,-40,-52,-13
-19,-49,-14,16,25,-28,27,38,-18,-31,-40,-25
-34,-51,-43,19,6,-37,29,-4,-22,-46,-40,-50
-3,-47,-47,52,-14,-25,35,1,-27,-35,-43,-41
-48,-48,-17,30,-1,-29,26,26,-6,-37,-35,-32
-3,-46,-42,15,6,-15,21,22,13,-41,-56,-21
-33,-31,-21,27,-9,-56,20,10,-17,-31,-50,-19
-7,-48,-31,9,14,-51,26,9,-18,-52,-20,-35
-7,-43,-25,27,-2,-33,36,11,-5,-44,-27,-48
-22,-36,-10,11,10,-29,18,31,-32,-18,-24,-35
-11,4,-26,11,19,-24,36,16,-16,-33,-35,-27
-8,-49,-31,28,12,-26,28,-6,2,1,-17,-3
-17,-23,-14,18,6,-32,36,20,10,-20,-36,-11
15,-33,-37,40,-4,-18,23,10,15,-17,-27,-21
-13,-26,-15,17,7,-18,5,38,-23,12,5,-1
-6,-21,-22,35,-3,-21,38,12,9,-22,-39,-14
7,-24,5,7,35,-14,40,19,-7,-7,-40,-27
-2,-14,-9,-4,0,-2,1,10,-3,-20,-24,-19
-7,-13,2,-1,15,-30,-8,12,8,4,13,-5
-8,-25,9,0,-11,15,24,-11,-14,10,3,-1
5,2,-8,7,-4,-12,3,-10,24,-13,16,-5
-3,1,-16,-4,14,-2,4,18,2,10,-1,-18
-3,5,24,-8,8,10,4,1,1,0,15,10
1,10,3,-14,-8,12,-9,-4,-7,-9,2,11
6,22,8,-1,22,10,-4,-3,10,10,12,5
14,21,20,-14,10,26,1,-10,22,19,35,5
6,17,25,-23,-29,12,-5,1,18,29,27,18
2,42,7,-21,3,35,-17,-16,14,32,23,34
10,51,37,-4,5,33,-28,-13,21,14,26,28
21,72,30,10,-11,33,-8,-25,22,37,45,26
36,59,48,-44,-8,53,-15,-31,19,38,40,21
26,57,35,-46,-1,39,-26,-37,19,54,41,14
30,79,29,-35,1,50,-19,-52,8,65,53,38
18,72,44,-41,-1,72,-31,-22,17,40,57,63
46,62,48,-62,-10,70,-51,-57,0,53,78,44
28,113,54,-72,-20,83,-72,-38,32,40,88,51
21,103,72,-83,-21,75,-79,-45,27,76,96,95
44,99,63,-62,-22,66,-58,-57,54,54,106,72
42,132,74,-76,4,85,-43,-49,6,73,128,93
43,115,68,-74,-42,88,-74,-37,55,100,110,78
55,117,80,-113,-21,108,-76,-51,65,84,102,94
39,119,76,-122,-19,123,-91,-70,67,126,121,90
75,166,100,-105,-28,128,-91,-42,57,119,136,110
61,156,116,-125,-40,93,-70,-60,56,141,129,134
44,163,114,-94,-53,115,-86,-75,30,116,140,109
46,172,100,-127,-1,145,-91,-56,43,124,139,137
60,169,107,-101,-45,130,-100,-69,68,121,179,121
81,179,134,-114,-32,158,-103,-78,58,141,183,138
64,190,119,-130,-55,149,-108,-82,49,160,158,150
73,190,131,-147,-29,183,-98,-81,75,134,179,134
69,181,119,-131,-12,151,-125,-57,47,145,168,106
79,212,136,-135,-38,170,-96,-68,58,159,191,147
69,187,141,-136,-50,168,-125,-102,64,149,183,150
70,215,124,-141,-36,158,-107,-77,60,153,196,153
64,208,157,-148,-40,181,-141,-94,71,152,187,143
69,217,135,-146,-50,171,-105,-88,76,163,210,152
94,222,148,-162,-30,184,-101,-79,66,176,197,143
92,217,136,-164,-28,179,-98,-112,61,161,199,149
72,223,155,-156,-34,187,-123,-91,59,168,203,139
96,209,142,-152,-41,193,-103,-103,56,171,194,160
96,219,142,-144,-39,183,-101,-84,76,149,229,149
64,226,125,-127,-26,169,-128,-74,68,146,203,163
76,207,111,-141,-18,167,-137,-72,62,158,185,145
72,215,128,-140,-23,168,-122,-76,78,151,177,145
78,211,147,-138,-47,170,-116,-87,48,183,166,159
65,206,144,-151,-23,171,-105,-89,61,142,194,151
67,210,134,-130,-30,134,-97,-70,66,155,174,162
53,203,125,-143,-23,162,-83,-67,41,124,161,149
48,198,143,-112,-20,148,-101,-87,64,162,182,110
47,182,101,-127,-25,151,-72,-74,37,132,164,122
80,170,115,-119,-10,130,-83,-59,43,129,130,138
63,153,101,-109,-28,167,-110,-52,49,123,154,131
60,164,122,-106,-37,119,-73,-78,41,112,128,120
49,138,104,-103,-17,106,-78,-64,46,116,153,104
52,128,65,-95,-30,111,-90,-46,37,119,134,116
46,132,91,-103,-24,99,-66,-57,51,94,142,112
64,148,74,-128,-18,116,-82,-41,32,91,138,90
54,118,77,-68,-3,78,-64,-32,29,80,93,98
37,109,83,-78,-18,68,-67,-76,15,71,110,62
35,105,75,-56,-13,75,-66,-39,34,72,91,94
29,92,56,-65,-32,61,-70,-19,16,82,94,55
44,78,50,-64,-22,63,-42,-26,28,61,87,54
30,82,34,-39,-5,46,-44,-48,29,37,64,61
18,60,39,-45,-16,31,-29,-17,9,46,48,38
31,51,39,-34,-18,27,-52,-26,13,61,47,50
11,59,30,-44,37,81,-46,-19,15,30,57,60
5,51,42,-25,-3,38,-18,-30,2,26,44,27
-4,51,16,-34,6,33,-26,-28,-14,45,30,10
5,26,39,-17,-9,17,-2,-14,5,4,28,22
14,40,3,-24,2,23,-20,-5,-6,31,27,28
9,-1,-9,-31,-9,12,14,-2,-4,16,20,13
13,3,-2,-19,-5,0,-12,15,8,-6,17,20
1,1,23,20,11,-2,1,5,-16,5,2,11
-8,-13,4,26,5,7,-2,7,5,-11,1,6
-20,-7,-2,-1,-16,-11,-8,16,0,-29,5,-12
-6,-19,-15,23,20,-21,12,23,-13,11,9,3
-15,-17,-6,13,-2,-29,17,7,0,-13,-8,-15
8,-46,-13,18,-8,-12,4,18,-15,-17,-46,0
-26,-36,-16,32,4,-25,15,11,2,-68,-28,-26
-2,-51,-23,31,10,-54,36,26,-44,-45,-31,-30
-33,-63,-22,7,23,-19,42,23,-12,-39,-34,-31
-18,-44,-23,28,1,-22,37,0,8,-44,-28,-51
-28,-56,-44,22,-3,-30,26,31,-7,-24,-47,-30
-3,-58,-28,26,27,-73,26,18,-32,-59,-32,-22
-18,-49,-31,45,6,-61,34,23,-8,-36,-50,-39
-32,-71,-22,45,11,-36,45,35,-29,-39,-57,-42
-16,-58,-30,43,18,-54,30,34,-21,-50,-79,-36
-20,-52,-31,48,11,-76,41,13,-18,-39,-59,-40
-17,-56,-49,22,-13,-46,22,26,-17,-46,-77,-40
-16,-69,-41,66,16,-59,37,33,-30,-50,-72,-42
-26,-84,-45,41,5,-52,37,21,-13,-39,-46,-64
-22,-77,-49,35,10,-76,41,47,-24,-34,-71,-61
-29,-89,-34,84,7,-92,49,22,-45,-68,-48,-39
-51,-90,-63,67,27,-73,52,36,-34,-53,-54,-48
-20,-83,-63,36,-1,-71,70,32,-3,-47,-84,-50
-17,-58,-57,83,27,-72,46,22,-3,-48,-57,-66
-47,-91,-48,50,-2,-60,53,37,-26,-55,-62,-30
-14,-99,-40,63,-1,-56,69,36,-35,-52,-82,-46
-23,-88,-69,74,14,-77,44,9,-26,-55,-79,-61
-30,-80,-50,43,15,-79,53,43,-19,-68,-68,-83
-19,-68,-66,52,13,-61,52,25,-36,-58,-75,-75
-23,-106,-71,50,0,-91,58,25,-3,-67,-81,-69
-31,-107,-73,61,7,-63,68,33,-13,-51,-81,-51
-17,-89,-60,83,22,-79,59,46,-40,-88,-88,-48
-36,-99,-69,65,37,-98,63,43,-8,-93,-94,-52
-39,-116,-65,62,9,-76,57,38,-32,-67,-105,-72
-46,-112,-66,82,41,-102,58,41,-58,-92,-91,-86
-32,-117,-83,97,19,-90,77,54,-37,-98,-109,-84
-45,-156,-79,81,8,-117,94,45,-28,-102,-111,-99
-51,-145,-83,118,16,-128,93,50,-17,-102,-128,-95
-48,-159,-116,106,14,-127,100,70,-44,-126,-149,-101
-73,-197,-119,102,20,-152,91,78,-38,-133,-133,-109
-66,-164,-119,119,28,-149,105,72,-51,-125,-169,-118
-65,-178,-132,139,14,-174,93,69,-59,-155,-193,-135
-68,-209,-114,145,39,-173,124,67,-67,-148,-178,-146
-82,-203,-156,156,46,-170,118,89,-55,-161,-185,-146
-86,-219,-145,155,46,-191,111,108,-83,-171,-198,-149
-77,-248,-158,166,56,-198,134,68,-75,-195,-212,-188
-85,-234,-167,169,26,-209,127,87,-91,-149,-197,-182
-80,-246,-151,175,45,-202,106,76,-65,-202,-232,-164
-76,-222,-162,139,41,-217,142,95,-85,-154,-222,-195
-72,-240,-148,139,22,-212,126,99,-69,-199,-204,-172
-72,-227,-153,136,9,-185,137,78,-66,-181,-224,-177
-74,-213,-144,155,32,-188,143,92,-71,-173,-207,-166
-77,-192,-156,133,65,-164,131,91,-52,-170,-180,-122
-60,-140,-105,113,36,-127,90,72,-60,-120,-140,-106
-45,-124,-73,99,12,-103,56,48,-45,-106,-97,-97
-49,-112,-28,50,-10,-65,43,31,-10,-60,-82,-66
3,-44,-22,14,2,-36,25,13,-16,-27,-32,-33
18,18,-14,-21,10,11,-36,3,21,3,39,32
16,103,77,-83,-37,99,-38,-12,38,59,90,92
68,183,109,-112,-20,132,-110,-75,61,112,165,119
100,250,180,-164,-65,213,-141,-93,87,184,249,177
117,329,225,-216,-57,276,-176,-144,95,265,295,228
162,428,256,-279,-68,358,-232,-153,130,335,378,304
176,497,338,-345,-73,417,-295,-205,166,399,474,376
206,611,397,-421,-92,488,-341,-258,172,479,558,426
244,693,434,-439,-91,572,-362,-265,194,541,631,491
282,743,514,-533,-119,647,-416,-311,236,590,687,539
291,870,547,-571,-109,715,-453,-348,266,644,763,596
320,927,602,-627,-133,762,-524,-371,281,681,833,654
371,955,641,-665,-151,819,-534,-394,265,726,883,679
345,1012,639,-676,-153,845,-553,-404,320,777,911,700
363,1017,686,-689,-136,863,-568,-419,314,776,916,728
368,1036,656,-700,-159,860,-570,-414,338,767,932,726
359,1038,665,-707,-163,842,-543,-403,299,775,909,712
359,1013,652,-678,-166,817,-552,-396,312,747,881,704
332,942,623,-640,-147,793,-514,-388,284,716,850,668
283,871,560,-598,-111,726,-500,-341,252,639,790,632
280,769,495,-533,-111,640,-428,-319,248,586,713,576
276,683,453,-456,-96,577,-395,-272,233,533,638,491
228,609,387,-393,-83,479,-323,-258,164,437,521,386
167,480,315,-338,-70,392,-264,-176,136,374,444,320
142,390,255,-256,-57,318,-222,-152,108,275,346,264
119,285,194,-191,-37,249,-148,-123,85,207,238,208
76,176,127,-115,-34,162,-107,-68,63,151,174,115
14,90,69,-77,-14,77,-53,-19,40,68,95,63
-2,20,15,1,-12,23,-29,-9,8,4,-21,11
-16,-51,-46,46,15,-46,69,29,-48,-33,-51,-41
-74,-115,-92,96,19,-109,66,69,-45,-88,-120,-87
-77,-188,-120,127,49,-145,96,94,-75,-122,-153,-135
-97,-234,-163,166,34,-203,152,86,-63,-169,-226,-177
-90,-290,-181,175,40,-226,162,106,-85,-224,-252,-200
-95,-291,-195,222,53,-258,172,121,-103,-238,-270,-201
-118,-328,-233,233,42,-243,190,129,-80,-238,-311,-247
-160,-349,-251,225,71,-277,213,155,-82,-263,-311,-234
-118,-331,-226,234,39,-307,192,150,-116,-250,-305,-245
-136,-343,-237,242,42,-300,196,144,-96,-282,-313,-268
-127,-341,-231,233,68,-289,180,162,-98,-247,-322,-239
-103,-341,-210,217,57,-288,202,146,-129,-264,-302,-246
-106,-315,-207,229,41,-273,176,145,-109,-247,-302,-245
-116,-308,-204,190,46,-260,179,125,-86,-255,-293,-208
-79,-277,-178,186,30,-220,173,120,-78,-221,-261,-227
-103,-270,-174,203,51,-213,144,107,-89,-200,-236,-197
-71,-255,-142,155,32,-221,139,104,-64,-189,-211,-180
-80,-201,-142,160,33,-180,148,83,-66,-173,-207,-160
-84,-199,-144,129,26,-166,134,98,-60,-153,-172,-155
-72,-177,-140,140,34,-159,124,85,-79,-136,-170,-127
-71,-167,-117,135,37,-149,90,56,-46,-119,-147,-142
-52,-155,-90,104,9,-144,108,67,-47,-127,-138,-111
-44,-160,-84,93,15,-124,48,67,-29,-134,-125,-126
-64,-130,-81,112,16,-124,66,63,-25,-104,-107,-110
-23,-118,-89,97,9,-112,61,72,-38,-101,-127,-108
-49,-112,-72,87,13,-105,84,77,-34,-77,-116,-90
-60,-116,-68,51,12,-98,62,51,-44,-87,-126,-85
-37,-113,-76,89,46,-112,70,43,-38,-89,-97,-65
-22,-104,-67,72,10,-96,34,33,-27,-89,-92,-70
-32,-109,-69,82,0,-85,44,47,-37,-79,-75,-73
-43,-70,-56,62,26,-84,51,25,-16,-85,-97,-75
-36,-96,-59,58,6,-98,65,40,-57,-79,-94,-45
-26,-86,-55,73,21,-88,23,16,-30,-64,-82,-80
-39,-90,-63,46,27,-78,54,53,-24,-80,-83,-67
-30,-94,-58,88,-9,-75,47,22,-37,-67,-98,-77
-28,-86,-63,31,30,-83,70,10,-28,-46,-80,-53
-33,-93,-59,58,19,-64,32,47,-25,-61,-78,-81
-46,-97,-47,63,19,-89,45,53,-29,-99,-96,-69
-22,-84,-54,51,12,-61,64,41,-47,-51,-86,-59
-25,-98,-62,56,9,-89,49,36,-34,-47,-63,-68
-35,-92,-65,68,17,-72,36,49,-37,-72,-86,-58
-17,-90,-37,65,-1,-86,53,31,-33,-69,-101,-65
-39,-76,-52,50,18,-72,37,31,-36,-57,-66,-68
-40,-63,-39,71,12,-64,45,45,-13,-52,-87,-74
-50,-60,-33,59,18,-74,71,51,-35,-71,-60,-48
-55,-86,-42,57,24,-60,34,25,-24,-54,-67,-48
-12,-77,-44,45,15,-72,51,33,-38,-70,-67,-58
-39,-67,-56,70,-11,-65,36,38,-29,-65,-85,-64
-26,-67,-57,67,13,-66,60,33,-14,-54,-52,-39
-27,-60,-20,58,24,-74,52,23,-17,-69,-77,-60
-37,-79,-49,45,-2,-73,35,21,-40,-59,-63,-53
-28,-104,-44,44,7,-55,43,19,-33,-50,-63,-43
-16,-78,-50,48,43,-75,45,8,-21,-55,-77,-49
-15,-72,-44,18,11,-67,23,-1,-45,-49,-77,-37
-13,-58,-43,31,19,-46,33,24,-3,-48,-79,-52
-27,-52,-51,47,12,-34,33,27,-34,-38,-59,-32
-7,-43,-28,41,27,-53,44,11,-13,-39,-53,-14
-31,-76,-33,51,25,-53,24,29,-37,-44,-62,-27
-17,-71,-32,29,15,-59,26,28,-3,-42,-60,-41
-20,-46,-34,46,3,-38,33,13,0,-60,-41,-24
-24,-56,-46,27,-3,-45,27,9,-7,-20,-49,-36
-33,-53,-17,37,-2,-29,34,-12,-18,-32,-55,-28
-38,-41,-50,36,20,-12,16,11,-14,-42,-30,-24
5,-19,-22,26,1,-28,6,24,-18,-20,-47,-7
2,-16,-14,45,19,-32,14,8,-13,-11,-15,-7
-14,-28,-26,33,19,-35,37,8,10,-18,-29,-21
-11,-23,-26,8,4,-16,18,0,5,-34,-29,0
-27,-10,-18,6,6,1,40,2,-21,-17,-16,-22
-9,-24,1,17,19,-28,10,-4,-13,-20,-14,8
-13,-38,0,21,11,-25,3,-5,0,3,-5,-22
27,-8,-15,28,2,-5,-13,1,12,-3,-24,-29
21,13,1,11,24,-1,9,-3,-13,-5,-10,-5
4,-7,6,1,13,0,2,-11,-17,16,-4,21
16,6,12,-6,7,10,-3,-4,-4,3,32,-7
9,26,2,-17,12,37,-8,-14,5,17,22,16
13,26,23,-21,-12,19,-3,-36,-13,12,22,16
12,22,16,-7,10,-1,15,-14,0,26,21,27
22,16,37,-17,-22,18,-44,-25,1,13,30,20
5,28,31,-20,-20,26,-25,-16,6,25,45,28
31,45,19,-23,-6,22,-14,-44,-5,49,21,18
20,70,29,-66,2,27,-22,-30,4,54,36,51
15,47,30,-30,8,30,-30,-7,26,55,32,31
42,60,35,-32,-8,55,-35,-5,16,42,64,45
13,62,48,-41,-17,68,-37,-29,27,65,56,56
44,76,55,-64,-13,61,-57,-38,35,65,76,49
43,85,57,-53,-21,72,-60,-23,19,56,70,61
37,94,27,-51,-2,77,-45,-51,12,68,108,59
33,81,62,-73,7,73,-69,-42,47,70,83,63
26,98,56,-80,-16,99,-72,-39,38,88,93,79
45,96,53,-63,-27,76,-62,-32,31,75,94,93
53,126,74,-88,11,94,-73,-63,49,85,120,87
45,136,89,-106,-9,109,-76,-40,34,91,141,102
55,129,88,-99,-12,94,-63,-76,26,97,108,118
38,162,102,-108,-19,133,-65,-86,44,110,128,96
43,141,115,-81,-37,132,-89,-49,53,108,148,112
65,169,115,-116,-29,139,-69,-77,35,132,121,127
45,172,117,-113,-12,158,-107,-77,57,125,171,104
78,180,138,-142,-25,140,-104,-61,50,143,165,135
63,171,134,-119,-23,139,-81,-78,60,125,168,141
59,188,120,-129,-28,155,-128,-70,66,149,163,131
56,202,153,-134,-42,151,-111,-79,59,156,175,132
97,214,138,-161,-12,156,-114,-114,89,163,186,157
70,237,123,-136,-21,173,-99,-101,81,177,207,139
82,242,148,-173,-48,185,-146,-100,62,181,202,158
85,223,167,-147,-31,180,-119,-98,60,202,227,145
93,255,142,-189,-48,202,-130,-78,58,179,212,174
93,253,177,-166,-26,205,-140,-97,57,196,223,153
96,247,154,-152,-31,211,-154,-88,98,184,229,178
103,261,147,-168,-37,222,-134,-109,85,198,230,177
106,251,163,-185,-23,222,-160,-110,94,190,236,184
89,279,181,-189,-51,220,-164,-118,76,209,265,197
114,262,191,-186,-37,228,-183,-112,110,190,272,196
105,294,197,-176,-47,239,-160,-110,76,229,251,214
111,265,194,-199,-31,244,-142,-127,70,232,250,217
107,300,207,-210,-39,240,-179,-134,75,221,265,193
101,289,197,-194,-42,224,-160,-147,89,246,273,233
121,303,208,-203,-47,239,-170,-126,111,221,282,218
110,316,187,-216,-47,242,-186,-111,101,230,273,220
114,309,217,-217,-60,216,-182,-135,102,246,289,210
99,313,195,-197,-66,276,-192,-142,97,238,287,223
98,324,218,-212,-45,279,-188,-135,91,232,312,230
122,341,210,-219,-35,285,-157,-141,117,211,292,219
131,332,189,-230,-69,249,-177,-129,95,251,283,251
112,332,197,-230,-41,267,-173,-118,112,257,309,243
104,323,199,-209,-43,261,-191,-144,94,230,319,232
97,330,211,-214,-38,273,-175,-123,104,259,301,228
102,349,212,-226,-67,287,-192,-119,91,253,297,229
107,340,174,-209,-41,272,-186,-147,118,235,295,216
106,337,198,-216,-59,267,-170,-123,114,252,296,225
145,343,215,-233,-52,289,-161,-122,111,240,314,270
105,335,205,-208,-35,253,-191,-127,88,264,289,216
101,327,208,-236,-58,283,-169,-135,106,245,301,241
119,313,213,-226,-69,293,-170,-121,117,242,302,229
120,307,206,-225,-58,268,-172,-131,94,257,294,219
103,320,216,-207,-57,251,-167,-138,112,246,303,219
88,320,195,-222,-61,265,-157,-132,88,229,287,193
104,302,209,-222,-39,261,-188,-125,86,215,280,210
126,312,204,-208,-47,244,-175,-118,80,229,289,223
110,308,198,-201,-52,255,-193,-99,82,215,287,224
113,311,222,-232,-31,253,-168,-115,87,221,275,198
103,289,183,-203,-60,261,-156,-139,62,225,251,202
89,300,205,-200,-62,275,-157,-129,114,223,279,232
105,290,207,-200,-24,235,-152,-122,91,206,260,201
103,280,185,-184,-33,248,-165,-129,56,212,254,179
102,272,202,-182,-48,242,-166,-114,87,216,243,181
83,274,180,-176,-36,236,-137,-91,80,187,243,183
90,243,168,-169,-45,208,-130,-112,87,192,226,167
87,261,157,-155,-41,231,-134,-107,89,202,229,177
59,266,157,-174,-38,201,-117,-115,89,181,206,168
79,244,151,-148,-27,196,-126,-79,69,194,215,186
83,249,161,-134,-31,197,-128,-100,42,170,207,148
80,239,146,-152,-25,205,-132,-118,67,179,219,170
84,229,133,-162,-35,174,-124,-94,50,150,211,160
84,198,143,-143,-26,175,-123,-108,61,151,188,151
65,193,128,-143,-22,166,-125,-69,55,155,199,126
73,212,135,-145,-37,156,-113,-60,46,120,194,132
56,176,135,-124,-40,158,-110,-81,69,142,170,126
66,193,105,-103,-36,153,-106,-69,72,133,148,105
54,165,114,-117,-17,143,-101,-40,58,123,141,117
56,163,98,-109,-17,134,-93,-48,41,100,137,101
42,143,112,-118,-25,103,-102,-75,57,114,129,102
44,159,96,-106,-20,122,-84,-64,49,104,133,104
71,138,61,-85,-16,125,-64,-64,48,111,132,99
38,109,82,-80,-18,124,-63,-47,32,115,112,89
50,134,73,-79,-13,101,-60,-40,27,90,91,95
43,85,81,-62,-4,68,-49,-50,26,98,108,86
22,111,71,-68,-28,75,-20,-23,16,84,74,73
24,110,56,-75,-30,66,-64,-65,17,70,95,83
34,94,64,-73,-8,81,-48,-68,30,60,63,51
38,81,67,-59,-35,60,-44,-44,18,72,87,55
18,68,49,-65,-5,61,-32,-18,23,59,52,70
6,71,49,-55,-12,81,-34,-23,-8,62,46,52
10,66,47,-40,13,64,-33,-10,36,51,54,56
0,53,20,-42,-9,39,-39,-16,28,37,42,30
3,29,36,-29,-16,22,-34,-18,23,24,44,23
4,43,24,-42,5,0,-25,-15,18,12,59,45
2,23,15,-19,-8,38,-17,12,18,19,28,-2
14,24,22,-26,-28,4,-5,9,3,-17,1,42
-10,28,16,-1,-16,22,-23,-30,-2,8,13,-6
-11,-8,8,-9,14,25,-9,14,13,27,2,11
-2,3,-13,-14,-7,5,1,12,9,-2,-2,-16
-6,-17,-4,15,22,3,-27,14,0,9,1,-9
4,-2,-13,-3,-6,1,5,25,0,13,-13,-11
-4,-19,-30,21,-6,7,6,6,-14,2,-11,-19
-10,-13,-24,34,-23,-4,11,-5,-2,-16,-18,-3
-15,-29,-14,5,13,-7,22,-6,-26,-8,-12,-19
0,-17,-25,46,12,-15,15,-5,-14,-23,-41,-29
-7,-41,-14,21,-1,-17,26,21,0,-30,-44,-29
-17,-47,-10,14,3,-34,-4,42,-13,-29,-36,-50
-19,-52,-23,44,-12,-26,8,16,-17,-43,-31,-44
-27,-40,-46,24,8,-59,10,19,-13,-37,-29,-32
-25,-57,-30,33,31,-28,12,26,-3,-36,-46,-58
-19,-31,-69,46,13,-45,32,18,-17,-27,-57,-37
-5,-78,-44,49,3,-50,33,32,-17,-41,-26,-47
-20,-77,-43,49,8,-59,26,17,-19,-45,-53,-44
-42,-79,-37,50,38,-62,48,34,-38,-60,-69,-50
-34,-71,-59,55,17,-58,60,44,-11,-38,-68,-61
-28,-68,-52,17,-10,-54,60,25,-25,-71,-64,-68
-36,-62,-56,58,4,-52,25,37,-46,-27,-72,-72
-37,-71,-68,55,30,-81,43,60,-29,-57,-58,-38
-46,-100,-52,57,-2,-60,27,22,-18,-69,-73,-40
-28,-67,-37,58,11,-65,37,21,-24,-78,-70,-72
-35,-70,-80,66,14,-53,35,44,-24,-68,-76,-66
-43,-86,-68,79,23,-66,41,33,-21,-46,-78,-41
-45,-88,-58,68,9,-82,47,44,-10,-56,-100,-70
-36,-91,-55,72,15,-58,49,28,-41,-78,-96,-63
-51,-84,-48,57,13,-88,31,40,-33,-71,-81,-69
-37,-99,-72,65,23,-88,60,23,-17,-92,-96,-69
-54,-108,-64,68,19,-81,45,16,-20,-79,-62,-46
-33,-89,-73,81,30,-67,57,21,-34,-93,-92,-78
-13,-107,-61,80,12,-76,56,35,-5,-53,-98,-45
-23,-102,-59,65,17,-82,62,19,-28,-76,-90,-65
-40,-98,-79,56,13,-88,21,41,-35,-71,-76,-81
-32,-99,-70,76,38,-94,42,49,-44,-83,-87,-85
-15,-103,-47,50,27,-96,72,44,-19,-80,-94,-65
-52,-116,-52,73,25,-75,59,56,-26,-77,-101,-75
-47,-104,-93,84,10,-106,53,32,-25,-79,-87,-75
-51,-101,-82,60,2,-91,58,53,-39,-63,-80,-76
-46,-106,-78,46,29,-109,49,47,-43,-98,-104,-65
-27,-93,-71,100,15,-105,58,31,-31,-76,-98,-57
-39,-110,-75,60,21,-80,69,30,-5,-76,-98,-74
-46,-98,-77,61,35,-96,57,30,-41,-65,-83,-73
-34,-111,-83,77,5,-111,64,42,-56,-60,-123,-71
-44,-122,-79,80,19,-88,63,42,-30,-88,-81,-72
-36,-108,-65,63,19,-98,54,35,-38,-101,-102,-55
-54,-106,-64,71,4,-84,65,29,-31,-64,-109,-75
-33,-82,-41,82,8,-83,62,52,-33,-85,-102,-70
-50,-106,-56,80,3,-80,83,46,-36,-88,-96,-74
-22,-93,-75,89,25,-93,84,37,-33,-64,-97,-76
-35,-125,-85,71,17,-94,80,26,-12,-82,-84,-66
-64,-137,-85,74,25,-73,62,46,-38,-110,-96,-79
-39,-91,-58,63,0,-87,50,44,-23,-66,-87,-64
-46,-108,-52,64,7,-96,42,45,-48,-84,-103,-87
-40,-121,-62,90,36,-117,43,22,-24,-69,-98,-67
-29,-118,-74,110,28,-95,58,30,-42,-59,-95,-86
-18,-98,-58,72,16,-84,62,46,-59,-87,-97,-108
-28,-90,-81,65,1,-111,55,30,-36,-81,-98,-70
-63,-111,-73,68,22,-110,71,48,-35,-96,-96,-64
-50,-115,-58,63,12,-78,43,37,-38,-81,-99,-78
-55,-104,-63,63,19,-72,72,53,-43,-114,-76,-51
-28,-118,-89,63,34,-104,72,58,-49,-75,-91,-84
-45,-109,-73,72,13,-89,52,53,-27,-74,-124,-74
-55,-120,-84,90,23,-77,59,41,-40,-80,-111,-73
-33,-113,-60,86,2,-90,67,38,-36,-83,-118,-49
-15,-108,-72,54,14,-92,59,35,-39,-71,-49,-96
-32,-111,-63,51,1,-73,81,67,-48,-92,-94,-71
-38,-92,-59,75,-2,-102,51,41,-28,-88,-103,-78
-49,-117,-74,82,44,-84,75,48,-27,-109,-97,-75
-45,-132,-62,44,5,-93,80,56,-49,-70,-118,-86
-13,-97,-70,75,-2,-79,71,57,-24,-88,-95,-66
-27,-103,-78,77,31,-97,46,47,-23,-85,-103,-66
-36,-103,-82,85,8,-84,48,37,-32,-66,-113,-72
-38,-107,-64,74,42,-79,54,20,-34,-65,-121,-78
-40,-115,-50,64,25,-95,64,49,-40,-69,-88,-91
-41,-98,-92,69,-8,-96,56,58,-56,-81,-97,-80
-52,-113,-59,70,-2,-98,38,52,-47,-57,-107,-62
-44,-112,-64,73,9,-102,69,42,0,-94,-98,-85
-52,-107,-77,65,19,-95,57,30,-60,-115,-103,-72
-53,-113,-68,76,23,-75,46,27,-25,-106,-99,-68
-44,-108,-87,61,37,-83,53,32,-34,-96,-93,-71
-55,-89,-75,85,4,-117,47,46,-21,-70,-108,-64
-37,-106,-51,50,24,-87,20,63,-29,-70,-67,-93
-45,-120,-62,68,14,-83,63,56,-33,-83,-80,-86
-4,-108,-73,74,25,-90,48,24,-18,-79,-99,-87
-59,-106,-54,76,13,-110,47,37,-34,-90,-101,-76
-48,-122,-78,81,20,-89,58,31,-38,-82,-89,-75
-32,-114,-90,79,19,-62,75,27,-32,-77,-104,-72
-46,-93,-73,88,23,-67,56,61,-6,-88,-80,-81
-31,-98,-87,54,41,-83,60,57,-33,-110,-97,-94
-33,-108,-69,62,21,-94,73,30,-40,-83,-93,-76
-36,-124,-48,91,8,-86,56,50,-17,-72,-106,-87
-42,-109,-65,55,11,-82,55,53,-24,-64,-86,-73
-33,-121,-83,66,11,-93,52,48,-58,-68,-117,-77
-32,-110,-87,78,11,-76,48,39,-52,-71,-90,-88
-27,-75,-73,58,20,-87,35,57,-42,-82,-97,-75
-25,-109,-75,81,24,-94,61,53,-35,-77,-110,-86
-37,-95,-84,75,19,-51,59,42,2,-71,-101,-79
-7,-86,-81,67,27,-78,43,45,-31,-74,-77,-56
-33,-118,-59,77,32,-69,34,61,-31,-87,-83,-70
-25,-101,-67,75,14,-85,63,49,-28,-83,-98,-66
-34,-120,-86,75,31,-74,59,41,-36,-75,-81,-62
-19,-90,-80,75,14,-77,56,32,-24,-70,-92,-95
-12,-106,-84,62,22,-96,49,47,-46,-90,-90,-59
-37,-103,-66,53,3,-110,70,35,-41,-95,-81,-71
-44,-89,-67,69,19,-89,50,41,-56,-72,-99,-70
-51,-96,-74,74,10,-70,59,19,-44,-79,-81,-73
-27,-133,-79,54,20,-92,47,15,-50,-83,-83,-76
-60,-113,-74,76,-3,-97,65,23,-25,-82,-86,-73
-24,-101,-69,68,15,-83,65,42,-42,-98,-67,-68
-29,-119,-76,64,12,-81,50,21,-15,-93,-114,-68
-24,-129,-82,58,27,-92,77,40,-30,-55,-97,-81
-23,-123,-58,78,20,-92,55,36,-26,-105,-89,-73
-50,-98,-71,97,15,-87,66,54,-37,-70,-97,-78
-30,-93,-53,59,34,-98,51,41,-3,-88,-110,-77
-41,-104,-48,69,24,-96,59,29,-32,-77,-80,-69
-51,-104,-72,51,11,-65,73,67,-22,-79,-89,-63
-57,-93,-70,68,40,-102,52,67,-28,-72,-80,-92
-29,-103,-86,58,5,-98,66,34,-31,-57,-91,-71
-39,-107,-92,74,11,-66,57,39,-20,-69,-92,-76
-52,-81,-61,31,-12,-70,65,43,-21,-63,-82,-77
-33,-91,-50,67,17,-78,58,35,-23,-79,-81,-68
-32,-118,-52,64,32,-86,68,49,-38,-72,-94,-39
-40,-114,-50,75,7,-86,55,65,-45,-67,-103,-79
-28,-93,-80,54,9,-93,43,46,-27,-93,-80,-88
-28,-107,-61,68,19,-92,66,33,-19,-74,-91,-76
-47,-100,-67,55,23,-73,45,38,-30,-80,-90,-61
-52,-91,-59,78,16,-68,75,54,-30,-72,-102,-72
-21,-98,-51,57,26,-75,54,56,-38,-79,-95,-74
-8,-90,-58,43,9,-93,41,33,-14,-101,-85,-69
-20,-82,-55,63,20,-78,50,36,-29,-94,-81,-80
-42,-93,-85,78,8,-96,66,39,-54,-58,-100,-62
-43,-107,-64,60,10,-99,67,43,-15,-61,-64,-75
-48,-103,-72,77,-6,-86,50,58,-15,-82,-89,-52
-14,-80,-76,57,1,-75,72,30,-45,-63,-75,-72
-31,-99,-64,62,9,-79,45,14,-22,-78,-79,-64
-16,-71,-47,60,-3,-69,78,40,-24,-66,-72,-66
-36,-114,-60,67,19,-75,57,36,-36,-46,-80,-58
-46,-116,-73,69,14,-77,59,33,-52,-75,-96,-73
-26,-74,-86,63,12,-88,55,56,-4,-48,-87,-72
-19,-93,-52,57,-3,-73,56,39,-24,-90,-83,-69
-19,-81,-48,77,2,-63,51,33,-17,-64,-91,-78
-30,-84,-43,76,21,-87,19,40,-36,-75,-76,-65
-38,-85,-53,72,28,-66,50,43,-6,-76,-108,-75
-34,-87,-51,48,40,-77,61,31,-23,-66,-92,-57
-35,-95,-66,66,14,-74,65,22,-31,-75,-75,-60
-48,-103,-58,47,6,-60,55,26,-53,-71,-84,-62
-8,-103,-59,49,-1,-75,49,24,-18,-81,-96,-77
-58,-98,-72,40,10,-84,49,34,-25,-63,-74,-86
-24,-107,-70,83,5,-74,31,49,-23,-75,-85,-83
-47,-88,-42,82,20,-74,73,34,-37,-65,-87,-48
-34,-91,-52,50,9,-78,43,19,-32,-73,-76,-64
-17,-74,-42,64,19,-46,55,9,-33,-58,-75,-59
-35,-84,-34,48,8,-76,63,39,-27,-82,-92,-55
-28,-106,-56,38,13,-73,43,55,-12,-54,-78,-68
-26,-71,-56,71,6,-74,56,34,-22,-69,-84,-79
-42,-104,-48,74,5,-81,54,53,-8,-79,-74,-66
-40,-89,-67,63,15,-80,44,43,-24,-45,-88,-63
-32,-115,-33,71,17,-80,51,42,-32,-54,-75,-80
-12,-72,-52,71,14,-69,30,30,-19,-73,-88,-44
-41,-92,-69,53,-6,-82,54,30,-36,-47,-84,-38
-22,-98,-43,66,-4,-71,51,36,-18,-57,-76,-69
-15,-64,-59,70,-1,-46,58,39,-48,-65,-72,-62
-45,-88,-46,35,15,-41,41,49,-60,-57,-82,-53
-26,-90,-70,53,-8,-66,31,54,-11,-35,-66,-65
-26,-94,-52,62,21,-71,60,35,-9,-62,-63,-66
-22,-87,-67,71,39,-65,54,53,-8,-84,-67,-74
-31,-96,-66,78,30,-65,31,28,-49,-59,-95,-71
-24,-66,-65,73,16,-76,42,43,-35,-31,-88,-42
-27,-74,-53,63,4,-69,33,36,-4,-61,-88,-42
-44,-83,-42,59,19,-59,34,40,-28,-34,-58,-63
-27,-75,-60,50,16,-66,53,36,-25,-72,-94,-52
-27,-103,-46,57,-1,-76,48,50,-9,-61,-78,-56
-25,-84,-62,70,4,-66,32,37,-42,-83,-60,-59
-19,-76,-54,51,4,-79,41,38,-31,-45,-68,-53
-23,-73,-42,58,17,-46,36,43,-22,-61,-78,-61
-34,-78,-43,60,21,-73,49,39,-36,-49,-58,-62
-54,-92,-30,45,8,-70,18,16,-22,-49,-61,-45
-25,-67,-52,71,46,-53,40,25,-9,-54,-62,-48
-22,-72,-34,50,18,-62,18,30,-18,-43,-80,-23
-41,-67,-45,55,12,-54,48,22,-17,-56,-82,-61
-23,-74,-46,32,19,-77,69,0,-29,-44,-61,-50
-4,-73,-77,40,20,-41,29,23,-26,-66,-67,-61
-14,-78,-52,27,19,-47,23,41,-11,-38,-52,-58
-27,-76,-51,52,34,-43,52,11,-9,-39,-65,-40
-14,-55,-60,35,22,-29,23,15,-23,-28,-63,-25
-46,-78,-27,26,0,-53,26,23,-16,-43,-54,-47
-22,-49,-40,52,18,-46,6,28,-41,-51,-41,-51
-11,-40,-55,71,9,-53,45,26,-13,-22,-50,-39
-9,-54,-42,47,-4,-23,42,19,-6,-38,-34,-45
-13,-36,-40,40,18,-17,31,19,4,-26,-31,-39
-32,-32,-11,28,-4,-55,42,14,-16,-33,-46,-32
3,-30,-24,38,1,-16,21,7,-16,-31,-31,-17
3,-4,-16,12,2,-42,19,6,11,-23,-39,-10
-22,-41,-20,26,32,-16,-1,13,-45,-32,-19,-2
-17,-21,-15,16,-3,-30,-1,-19,11,-19,-18,3
-10,-10,2,5,-8,-8,14,-10,8,-12,-29,-1
-3,-18,-18,18,15,-6,17,27,-15,-13,-27,-25
1,-6,-3,13,21,-4,-12,8,13,13,-7,1
0,-7,2,-8,-17,-7,-13,-12,7,-9,-9,-17
-16,3,15,-16,-28,12,15,-7,7,-14,-2,24
-5,13,20,-19,1,21,2,0,10,-1,-11,21
-12,5,12,1,3,8,4,-13,6,13,11,16
-10,23,42,-23,2,15,-12,6,20,27,27,15
27,38,21,-27,-19,37,-32,-2,-6,26,35,1
-6,26,30,-42,-18,43,-35,-15,4,23,50,28
6,36,31,-29,-25,21,1,-35,17,24,23,41
34,53,58,-57,-6,53,3,-20,4,51,52,39
22,70,43,-30,-19,58,-31,-14,10,47,59,32
12,69,79,-48,-18,58,-36,-52,48,33,92,41
45,85,73,-64,-20,41,-28,-10,63,63,79,49
35,78,63,-86,1,68,-41,-46,43,96,80,36
32,91,44,-70,-28,75,-44,-26,8,78,69,67
23,105,49,-71,-7,100,-50,-43,33,77,112,45
21,98,64,-72,-28,106,-54,-56,36,100,109,91
40,133,66,-97,-9,100,-66,-65,39,97,103,95
41,158,94,-68,-41,106,-67,-66,31,112,115,96
66,137,99,-122,-24,127,-98,-67,49,126,111,94
33,124,98,-106,2,133,-86,-51,23,103,125,91
66,153,96,-102,-29,143,-79,-68,43,121,138,108
42,148,98,-110,-9,121,-97,-58,28,110,148,121
40,161,114,-136,-32,135,-92,-75,48,112,142,136
58,159,99,-131,-19,146,-84,-57,40,134,139,130
61,186,119,-111,-15,143,-95,-58,43,139,159,121
36,185,106,-107,-7,172,-97,-65,45,133,179,128
66,204,125,-147,-31,162,-113,-79,53,159,156,138
85,200,118,-120,-37,147,-122,-69,51,130,162,126
60,174,132,-122,-28,161,-118,-49,46,134,181,125
48,183,130,-123,-27,164,-123,-72,79,164,187,145
61,202,118,-120,-45,158,-129,-89,44,167,179,154
62,193,114,-118,-40,166,-102,-64,59,159,190,131
75,209,143,-134,-40,187,-122,-95,54,141,175,156
61,209,124,-117,-36,148,-108,-83,61,124,200,142
54,209,142,-123,-25,165,-111,-79,77,142,183,129
76,201,125,-137,-22,146,-91,-82,52,164,185,143
61,189,134,-125,-20,174,-116,-80,51,144,178,128
70,189,139,-123,-24,156,-97,-84,54,158,167,116
66,185,111,-132,-39,156,-84,-66,68,137,153,117
69,193,132,-117,-36,171,-101,-65,56,167,171,145
40,175,115,-114,-39,156,-83,-71,53,148,179,116
69,170,114,-122,-9,139,-76,-66,45,141,159,126
65,169,108,-126,-28,138,-105,-69,75,139,183,114
48,158,121,-105,-22,129,-90,-52,60,140,152,119
72,183,103,-107,-24,118,-89,-56,51,129,145,126
62,140,100,-115,-9,132,-100,-68,49,87,136,94
54,157,85,-94,-22,128,-88,-69,65,96,138,79
33,138,87,-111,-33,112,-95,-55,37,113,133,94
68,112,81,-65,-24,98,-73,-50,37,71,108,86
60,128,68,-93,-15,96,-67,-50,26,85,110,79
53,116,78,-59,-4,90,-54,-55,49,66,108,90
40,111,64,-47,3,80,-68,-54,48,75,91,77
12,99,77,-52,-8,77,-69,-33,22,80,77,64
42,77,61,-72,-13,89,-38,-40,25,62,95,86
27,77,55,-62,-17,84,-56,-37,16,53,71,43
29,52,46,-69,-21,69,-66,-7,23,64,73,60
36,90,50,-37,-8,68,-38,-20,21,18,44,54
1,72,44,-56,-12,50,-29,-21,12,51,43,53
26,20,31,-33,5,49,-18,-31,37,39,54,49
3,36,23,-17,-2,39,-37,8,-1,23,64,29
-5,55,7,-24,-2,38,-38,-12,18,23,25,18
20,25,24,-33,32,7,-33,-5,-4,15,24,1
11,9,18,-12,-2,36,-9,-3,-12,12,2,11
10,12,7,19,5,18,-12,-10,35,12,6,9
25,16,16,-4,-15,11,-15,12,-7,16,25,2
-9,13,7,9,15,3,12,-3,14,15,3,-1
-4,8,-26,-2,16,-8,0,8,6,-4,8,-18
3,-14,-16,9,-22,-7,-2,15,2,-3,1,-1
4,-19,2,36,-5,-15,14,-13,-4,-15,2,-9
-24,-22,-16,23,5,-7,12,4,7,-34,-23,-32
-12,-23,-9,-3,21,-25,12,-3,0,-29,-11,0
-26,-35,-10,8,-1,-23,15,26,-16,-33,-34,-3
-17,-31,-3,18,2,-21,6,18,-4,-39,-35,-17
10,-23,5,26,3,-16,13,9,-12,-29,-34,-14
-2,-30,-37,36,-9,-35,19,22,-37,-45,-30,-11
0,-48,-32,33,12,-55,5,23,-10,-24,-29,-33
-33,-41,-28,45,15,-64,35,11,-16,-24,-63,-27
-15,-43,-20,49,-5,-37,11,15,-17,-37,-55,-21
-25,-51,-40,25,3,-22,35,27,-8,-32,-47,-33
-14,-57,-13,41,1,-54,18,10,-6,-22,-48,-34
-29,-44,-66,41,-9,-36,12,27,-21,-46,-64,-42
6,-51,-45,48,1,-48,6,13,-6,-50,-55,-21
3,-43,-26,38,12,-55,29,4,-7,-62,-48,-40
-22,-53,-20,38,7,-55,47,17,-8,-44,-38,-62
-18,-61,-35,38,11,-69,38,15,-5,-54,-66,-42
-6,-92,-44,28,0,-60,51,43,-32,-50,-67,-41
-16,-80,-47,62,7,-29,49,16,2,-52,-48,-38
-20,-51,-31,47,0,-52,12,17,-21,-31,-48,-49
-5,-70,-49,42,20,-52,51,32,-29,-56,-70,-34
-19,-69,-60,65,-13,-62,34,30,-30,-63,-41,-49
-42,-63,-51,35,25,-58,22,37,-15,-58,-64,-42
-19,-74,-37,57,20,-69,54,3,-19,-45,-63,-46
-11,-77,-33,59,-6,-61,37,46,-24,-57,-71,-43
-38,-61,-57,48,29,-39,22,36,-17,-57,-63,-62
-33,-78,-66,66,7,-73,18,44,-2,-53,-78,-61
-14,-93,-62,47,19,-71,40,22,-21,-47,-59,-38
-21,-98,-44,56,10,-71,44,43,-32,-58,-95,-58
-11,-86,-58,75,17,-60,77,30,-47,-80,-82,-84
-32,-115,-57,82,17,-73,55,58,-51,-79,-103,-63
-51,-126,-73,55,6,-87,38,32,-31,-96,-97,-67
-53,-127,-115,64,24,-116,70,37,-36,-62,-117,-75
-61,-103,-95,87,17,-128,79,68,-44,-78,-121,-94
-59,-143,-81,112,30,-124,60,61,-42,-98,-134,-89
-56,-136,-93,130,40,-114,96,58,-39,-128,-142,-122
-28,-178,-112,113,15,-123,63,73,-63,-122,-156,-112
-70,-206,-123,116,26,-154,107,66,-62,-130,-158,-122
-74,-199,-121,142,38,-167,98,90,-38,-138,-167,-124
-80,-217,-128,131,0,-179,127,78,-55,-141,-165,-130
-64,-213,-133,136,37,-183,118,81,-74,-176,-186,-158
-72,-223,-139,146,25,-179,119,79,-75,-157,-189,-138
-70,-211,-140,150,8,-156,132,94,-73,-146,-216,-135
-65,-208,-118,164,11,-190,104,93,-77,-179,-190,-146
-61,-200,-114,144,7,-175,99,98,-74,-148,-176,-142
-45,-200,-108,117,40,-159,117,92,-67,-136,-167,-116
-74,-155,-108,128,23,-157,95,62,-52,-134,-151,-127
-54,-142,-75,95,20,-104,102,61,-46,-113,-127,-89
-63,-110,-70,63,3,-87,55,48,-46,-66,-96,-93
-35,-39,-43,35,3,-67,22,25,-26,-28,-63,-20
-4,-21,-6,18,0,-17,2,0,-11,-10,9,11
18,39,28,-47,7,44,-46,-6,19,44,65,56
56,131,78,-82,-18,107,-72,-65,18,84,111,100
60,188,123,-155,-28,162,-107,-88,74,161,200,138
114,283,172,-194,-39,231,-161,-100,70,195,244,194
123,366,251,-242,-58,303,-198,-164,107,272,313,249
171,463,285,-298,-84,362,-230,-213,133,315,397,315
200,563,359,-393,-101,410,-308,-219,157,422,465,384
225,637,407,-419,-111,519,-347,-253,205,479,569,444
244,717,465,-507,-95,599,-391,-283,196,520,639,506
286,810,517,-556,-124,672,-448,-328,244,579,709,550
329,868,566,-605,-112,725,-487,-365,261,667,791,607
327,931,636,-618,-148,771,-531,-383,270,697,858,650
323,974,610,-682,-152,824,-544,-377,290,734,897,689
346,1019,667,-678,-139,835,-553,-414,326,767,888,706
355,1028,646,-715,-158,843,-564,-391,297,778,921,720
338,1002,649,-694,-134,815,-549,-398,314,764,921,725
326,979,618,-669,-151,833,-547,-383,282,746,885,718
345,964,632,-632,-160,787,-513,-385,267,716,831,638
302,886,577,-611,-122,730,-505,-352,267,669,790,622
292,813,514,-547,-109,679,-434,-341,228,594,717,543
260,763,469,-507,-110,616,-405,-314,229,543,653,527
232,649,424,-463,-95,545,-376,-233,191,468,584,448
200,562,380,-393,-69,469,-299,-219,163,417,507,376
175,466,309,-313,-73,378,-259,-173,136,339,432,325
132,353,234,-246,-57,301,-195,-145,109,293,340,254
75,262,175,-173,-43,221,-142,-101,73,208,237,192
47,167,82,-120,-31,180,-96,-57,46,145,143,118
23,89,47,-58,-5,67,-48,-27,15,71,51,61
7,-5,15,-12,3,5,0,-16,-23,9,14,15
-32,-70,-45,47,23,-69,33,20,-24,-77,-79,-32
-39,-134,-93,113,29,-116,63,30,-40,-100,-109,-99
-64,-169,-134,128,43,-145,107,73,-44,-145,-171,-107
-79,-224,-156,151,48,-204,114,81,-64,-172,-202,-168
-90,-285,-150,189,36,-206,163,113,-73,-173,-240,-198
-113,-303,-199,203,48,-233,140,87,-90,-211,-266,-189
-119,-310,-199,202,54,-251,170,128,-89,-231,-273,-220
-109,-336,-217,197,48,-255,159,109,-101,-252,-296,-213
-122,-329,-206,219,32,-295,183,114,-86,-246,-274,-221
-112,-330,-219,203,73,-276,196,112,-83,-231,-289,-218
-117,-306,-188,187,42,-238,163,117,-101,-226,-276,-222
-132,-296,-200,213,43,-231,188,133,-92,-215,-281,-221
-102,-280,-184,186,40,-237,162,108,-72,-213,-263,-183
-103,-269,-165,168,28,-223,144,112,-68,-227,-219,-185
-84,-226,-170,173,14,-213,111,102,-73,-173,-240,-175
-79,-214,-143,157,29,-204,125,120,-54,-165,-193,-156
-82,-192,-145,134,21,-178,110,85,-67,-144,-192,-158
-70,-200,-138,121,20,-153,83,81,-51,-119,-170,-134
-69,-170,-94,111,12,-117,79,61,-40,-124,-145,-120
-32,-134,-112,104,15,-113,63,82,-60,-133,-127,-97
-42,-122,-106,103,1,-105,103,60,-42,-110,-134,-90
-37,-109,-67,93,12,-100,69,43,-23,-93,-111,-81
-33,-88,-54,81,4,-70,59,44,-37,-78,-90,-62
-13,-102,-66,58,16,-78,73,34,-18,-91,-71,-79
-19,-80,-51,44,29,-91,48,19,-37,-81,-74,-37
-22,-66,-46,60,4,-59,43,24,-30,-51,-65,-63
-24,-61,-65,48,26,-62,33,21,-16,-50,-69,-52
-13,-54,-46,49,-4,-58,53,28,-28,-33,-40,-50
-20,-54,-52,74,21,-71,39,29,-31,-75,-80,-37
-52,-48,-25,45,29,-56,19,21,8,-50,-54,-66
-26,-71,-52,53,1,-57,44,31,15,-52,-37,-17
-24,-54,-46,51,-17,-54,34,36,-6,-52,-37,-33
-7,-56,-42,21,7,-41,27,27,-12,-31,-42,-11
-29,-71,-26,39,8,-47,29,40,-14,-27,-46,-32
-24,-50,-24,28,3,-44,22,32,-20,-34,-61,-29
-20,-56,-44,23,-10,-44,27,46,-31,-47,-58,-21
-10,-49,-16,53,3,-37,14,24,-23,-62,-49,-43
-26,-46,-36,41,-16,-62,14,36,-11,-52,-38,-27
-27,-40,-32,33,8,-44,2,6,-28,-52,-55,-34
2,-41,-22,21,0,-48,25,30,4,-40,-33,-18
-6,-35,-41,28,0,-36,24,23,-16,-31,-16,-40
-8,-48,-37,42,11,-37,2,11,-5,-66,-38,-41
-20,-56,-23,30,29,-24,37,17,-18,-23,-59,-25
-10,-53,-19,40,18,-22,30,19,-33,-39,-22,-24
-12,-66,-29,29,4,-41,21,34,-15,-36,-28,-23
-28,-41,-1,34,28,-35,6,45,6,-40,-34,-30
15,-43,-29,15,-1,-42,31,2,-15,-15,-44,-23
-28,-68,-21,40,6,-34,34,41,2,-5,-19,-29
-1,-34,-18,33,-2,-32,-1,10,-16,-22,-36,-37
-4,-32,-14,5,12,-31,19,41,0,-29,-14,-24
7,-15,-6,31,-3,-49,10,24,-22,-8,-23,-21
4,-38,-5,8,10,-34,23,3,-4,-28,-42,-19
0,-30,-22,22,4,-7,1,28,-19,-4,-7,-34
-24,-44,-25,31,19,-10,23,30,-8,13,-33,-2
-12,-14,-8,11,5,-38,13,26,-4,-7,-31,-3
4,-17,-1,8,13,-24,7,4,-4,-38,-27,-27
-5,-26,-20,18,5,-10,-23,19,13,-13,-13,-13
1,-11,-21,29,18,-9,4,12,-17,-24,-9,-5
-8,-3,-10,9,-10,-38,16,6,-14,-5,-32,6
3,-13,-14,-1,6,-17,9,-3,-10,-2,-15,27
-4,-15,-23,3,9,-12,-15,11,-14,-1,18,-29
16,-16,-4,2,13,-5,18,4,-30,8,18,4
19,-9,10,-4,17,-16,2,-27,9,-4,-6,12
6,11,4,-2,-20,18,20,-17,-11,4,26,24
8,16,0,-17,20,-13,-25,-13,-13,-6,8,10
19,-1,10,-6,-20,0,-6,-36,26,3,33,8
12,17,0,-8,-20,-4,-8,-1,10,-3,28,14
19,30,2,-17,-13,1,-20,-4,1,17,16,21
2,20,17,-5,-25,24,-21,-5,-10,16,16,46
23,41,32,-1,4,20,-25,23,12,30,18,29
16,46,42,-43,0,25,-3,-6,9,42,41,25
34,34,38,-59,-19,43,-13,-3,19,48,56,46
7,26,40,-30,-7,43,-38,-13,35,18,43,28
5,56,36,-26,-10,47,-25,-14,5,37,40,42
-2,83,16,-52,-17,46,-14,-36,28,48,54,46
19,36,41,-30,-10,53,-15,-31,14,54,62,45
17,63,28,-28,-1,37,-43,-39,14,51,67,35
33,86,58,-50,-12,71,-54,-12,14,59,69,36
22,83,37,-70,-21,70,-37,-34,49,63,82,42
22,77,56,-58,8,80,-73,-45,21,52,81,64
30,91,60,-56,-18,79,-70,-54,27,65,106,50
41,98,58,-65,-26,89,-70,-42,36,89,78,61
39,110,73,-113,-20,72,-67,-36,17,82,95,49
42,113,72,-63,-10,96,-66,-55,17,88,96,86
40,124,80,-67,-16,116,-56,-55,37,99,101,109
60,131,89,-99,-16,128,-63,-26,44,89,117,91
43,146,88,-93,-20,148,-81,-65,44,123,149,105
39,144,119,-110,-38,119,-85,-34,43,106,113,113
67,138,80,-102,-27,127,-69,-81,50,113,146,89
61,143,120,-118,-24,127,-77,-72,43,111,134,120
52,182,100,-142,-31,146,-79,-91,46,125,136,127
26,187,122,-112,-23,150,-94,-57,65,147,149,137
76,207,135,-123,-22,130,-96,-82,48,127,173,126
63,207,132,-132,-37,148,-111,-106,62,145,165,142
65,218,140,-145,-15,149,-114,-56,55,162,168,142
61,216,127,-147,-46,164,-122,-81,82,144,185,126
97,223,147,-144,-36,172,-124,-67,72,179,202,149
77,212,153,-156,-40,180,-119,-97,54,174,208,150
76,249,168,-163,-22,169,-117,-89,69,168,213,160
83,244,156,-165,-52,215,-117,-116,65,170,224,199
97,264,161,-158,-46,203,-140,-95,62,184,214,186
93,252,157,-209,-45,198,-158,-100,79,188,238,182
84,270,166,-190,-33,252,-147,-106,80,207,254,202
62,283,170,-195,-35,227,-154,-138,64,197,252,188
101,293,187,-203,-47,224,-159,-125,85,206,263,216
93,293,181,-192,-34,238,-161,-114,63,236,258,201
96,299,215,-193,-39,253,-138,-121,98,224,251,228
113,310,199,-216,-29,264,-158,-114,97,212,284,216
121,316,198,-207,-27,258,-170,-133,83,233,249,215
95,348,185,-226,-61,242,-173,-143,101,231,269,223
122,318,214,-230,-38,255,-184,-119,90,258,284,215
114,315,217,-210,-57,286,-181,-128,91,253,316,243
103,339,219,-202,-45,293,-193,-129,117,267,313,254
132,338,227,-238,-40,297,-177,-145,98,246,312,224
127,365,222,-228,-42,285,-172,-132,106,254,319,257
133,356,216,-248,-50,305,-183,-135,97,261,320,260
121,357,219,-238,-67,309,-200,-138,102,280,314,245
122,368,236,-224,-55,309,-207,-154,97,287,332,247
140,367,240,-233,-45,326,-195,-139,116,282,345,255
120,388,230,-259,-45,293,-200,-155,116,304,339,266
121,356,232,-281,-56,309,-209,-158,103,301,333,252
143,391,241,-247,-59,339,-202,-144,109,264,347,280
130,386,225,-237,-83,318,-194,-160,118,289,333,290
143,388,259,-266,-65,327,-202,-167,142,285,347,261
119,389,258,-254,-48,334,-226,-151,132,282,357,268
133,381,255,-268,-38,320,-209,-165,128,289,362,251
141,385,229,-255,-49,325,-212,-156,116,280,341,252
128,391,265,-257,-76,334,-202,-162,90,302,350,264
141,406,253,-261,-90,332,-226,-162,112,283,341,274
133,402,256,-246,-60,319,-220,-138,125,307,368,270
135,389,252,-263,-63,308,-219,-156,127,293,359,263
125,410,238,-284,-65,305,-211,-155,119,315,346,274
138,393,223,-276,-62,325,-201,-152,105,272,359,285
131,391,284,-292,-55,327,-196,-161,125,286,356,257
131,367,255,-272,-53,335,-237,-162,117,280,338,247
121,392,247,-259,-60,310,-205,-163,111,285,340,261
116,375,230,-249,-84,292,-208,-155,85,270,341,279
120,363,258,-257,-72,326,-208,-171,111,264,352,251
128,388,249,-256,-34,332,-193,-136,133,256,342,242
117,358,265,-248,-48,306,-201,-143,95,268,315,274
125,355,244,-255,-60,316,-200,-143,103,266,306,266
129,367,240,-246,-72,300,-199,-125,113,262,319,235
112,343,228,-235,-61,282,-182,-163,102,275,312,238
123,348,229,-251,-50,283,-192,-147,113,242,308,267
119,338,236,-216,-61,271,-193,-158,105,250,318,208
119,357,207,-229,-45,299,-165,-134,109,259,297,248
128,328,225,-210,-63,265,-189,-116,81,229,301,229
120,315,206,-211,-48,294,-161,-118,79,245,268,213
113,324,207,-206,-50,262,-203,-136,90,260,290,230
104,319,203,-224,-33,264,-172,-122,66,223,282,226
108,291,203,-210,-44,255,-166,-131,96,251,272,215
93,290,194,-201,-55,250,-161,-132,84,228,277,223
81,290,182,-194,-56,243,-162,-101,91,225,254,191
85,272,186,-189,-39,234,-156,-102,93,208,250,193
93,270,187,-189,-66,207,-163,-120,89,211,244,197
77,275,179,-182,-45,206,-144,-95,74,190,252,190
85,253,169,-179,-36,219,-140,-117,67,176,230,175
105,265,186,-166,-48,211,-138,-117,75,184,254,159
64,244,132,-155,-32,191,-135,-101,79,197,203,165
88,219,168,-158,-31,179,-129,-79,66,160,159,154
73,237,137,-157,-50,192,-130,-83,80,148,171,170
92,201,126,-127,-24,159,-106,-98,71,149,181,151
65,218,106,-139,-16,162,-124,-80,56,156,178,150
82,199,171,-140,-42,164,-108,-71,70,157,170,149
62,218,114,-129,-33,162,-102,-74,74,140,165,139
54,188,110,-124,-12,158,-91,-69,53,111,180,108
57,180,99,-108,-23,153,-99,-74,67,129,160,111
68,164,121,-106,-47,106,-94,-46,50,136,148,120
64,159,101,-103,-27,140,-77,-58,51,123,140,121
72,154,83,-106,-33,115,-86,-54,37,102,149,107
53,116,84,-99,-10,125,-75,-59,51,117,120,100
33,122,87,-98,-37,104,-70,-50,30,103,131,92
36,128,89,-84,-7,106,-71,-45,47,102,115,79
33,135,55,-88,-31,101,-79,-42,37,96,114,107
65,100,59,-68,-50,89,-64,-42,21,70,107,91
24,104,67,-84,-25,89,-58,-32,48,63,84,56
49,95,56,-61,-29,80,-37,-59,30,73,87,78
22,83,60,-57,-31,91,-68,-44,39,87,94,50
17,100,39,-49,-15,96,-59,-21,36,49,85,62
40,80,39,-49,-10,75,-34,-11,26,67,83,64
2,74,54,-49,2,59,-33,-37,22,67,56,57
18,62,43,-38,-17,58,-15,-47,6,25,75,19
5,46,33,-49,-1,42,-27,-17,31,29,62,36
26,54,46,-46,-28,31,-28,-41,25,49,61,27
-12,62,19,-23,7,48,-37,-33,33,41,42,27
14,49,36,-42,-13,29,-10,2,34,24,31,39
-3,58,23,-25,-8,43,-12,-20,15,53,33,28
6,29,26,5,-1,31,-20,0,-7,36,26,20
-11,29,27,-25,-6,13,-12,-2,-5,25,32,26
15,38,11,-8,-1,15,-1,-13,15,19,28,22
11,19,29,5,-10,-4,-9,5,-13,38,24,7
-6,6,35,-19,-2,33,1,5,7,19,26,-3
8,17,30,14,-16,42,0,-6,8,8,5,20
17,20,-5,-22,1,37,-10,14,10,19,5,10
6,13,6,7,-21,4,3,-13,35,14,-31,10
-5,6,-4,2,-15,2,-3,-30,-26,-4,4,8
16,4,2,1,-13,5,-27,-13,0,11,1,18
-26,21,11,1,-9,14,-15,-6,6,8,1,5
3,3,4,-30,4,-6,0,13,2,0,-20,-3
3,27,9,5,-3,-24,-8,3,-2,-1,-17,5
-6,-9,-5,15,2,14,15,28,-12,-19,1,-8
-14,-29,-4,-8,9,5,23,-16,9,-7,-23,-5
2,-26,-21,-8,0,-11,2,5,-12,0,-21,-26
19,-40,5,6,-5,5,3,-5,-8,-12,-20,1
-7,2,-4,-1,13,-31,31,13,12,-7,-27,-2
-15,-17,-4,16,7,-48,2,8,-10,-13,-19,-8
-13,-9,12,1,3,-15,4,20,19,-8,-23,-15
-10,-14,-10,25,-1,-16,27,7,-8,0,-1,-13
-8,-34,-10,27,16,-8,-2,21,-11,-17,-28,-29
6,-33,-6,7,-11,-10,13,2,0,-8,-6,1
-4,-32,-31,13,17,-6,9,8,-5,-24,-3,1
9,-9,-26,27,14,-21,15,35,-21,-30,-1,-22
-1,-32,-6,15,4,-25,45,6,-6,-20,0,-15
-20,-22,-26,5,-14,7,15,0,-27,-24,-26,7
-15,-35,4,20,-8,-22,6,30,-6,-47,-35,-18
-8,-32,-20,18,-6,-11,14,15,-5,-18,-41,-27
-7,-8,-29,52,8,-27,9,-7,-13,-40,-32,-20
-18,-40,-18,21,2,-6,13,-15,-25,-22,-41,-14
-14,-34,-34,39,8,-42,20,18,12,-30,-41,-14
-18,-22,-21,24,-8,-19,18,-7,-14,-25,-18,1
-14,-35,-16,14,10,-30,21,16,28,-11,-38,-21
-22,-22,-12,18,-9,-30,17,20,8,-32,-37,-30
-13,-38,-9,26,24,-52,10,14,-25,-31,-52,-24
-15,-20,-30,30,15,-26,15,-7,-19,-23,-22,-13
-4,-52,-30,28,-1,-32,29,3,-12,-9,-28,-28
-4,-36,-21,9,-9,-39,21,3,-6,-31,-55,-6
15,-30,-28,0,22,-30,31,16,-5,-14,-42,-41
-8,-10,-41,16,1,-11,29,0,-11,-25,-28,-11
-12,-15,-10,-12,20,-27,0,17,-2,-17,-4,-33
-11,-54,-21,28,10,-50,12,3,-29,-32,-4,-6
-31,-36,-7,36,16,-22,-3,2,0,-18,-55,-23
-6,-27,-9,27,-15,-8,29,-5,-32,-52,-18,-38
-14,-21,-39,16,8,-24,12,3,-16,-22,-15,-25
-20,-46,-21,31,3,-42,15,13,-7,-16,-38,6
-17,-38,-12,26,11,-29,9,27,-24,-16,-35,-20
-1,-29,-34,31,10,-1,19,0,-6,-34,-11,-29
-1,-23,-18,21,0,-40,17,0,13,-17,-29,-35
-31,-28,-5,-3,3,-39,17,18,-25,-37,-48,-7
-7,-32,-16,31,6,-17,22,9,-7,-43,-40,-26
-23,0,-27,6,2,-17,-4,14,-16,-18,-19,-5
-15,-35,-24,23,5,-29,19,19,-2,-6,-46,-14
-18,-29,-30,5,1,-26,28,9,-13,-37,-33,-29
-9,-36,-15,34,-8,-25,16,19,10,-2,-14,-7
9,-33,-33,12,9,-23,-17,6,-9,-29,-25,-8
-23,-34,-26,-15,13,-19,-13,20,-7,-40,-16,-12
-21,3,-20,28,1,-25,33,3,6,1,-32,-14
5,-12,-3,28,-3,-35,7,11,-2,-2,-27,-28
10,-29,-5,2,-6,-27,17,12,-8,-15,0,-32
-22,-44,-29,20,20,-14,30,11,-11,-27,-24,-33
-5,-2,-20,13,12,-15,14,8,0,-22,-52,-30
-9,1,-12,14,7,-18,-5,11,-8,-14,-24,-11
10,-31,-8,25,-12,-12,22,-8,-4,-13,-36,-38
-5,-9,-12,16,35,-29,5,40,15,-15,-22,-29
-9,-47,-13,20,10,-13,26,12,-12,-18,-21,-23
-4,-24,5,27,11,-16,3,-14,0,-29,-44,-20
-12,-32,-24,32,-6,-31,19,7,-4,-24,-20,-22
3,-7,-17,13,21,-15,14,5,-10,-27,-27,-30
-7,-26,-27,38,16,-36,12,-2,5,-14,-13,-16
-25,-17,1,31,-12,-22,39,13,1,-16,-21,-17
-4,-11,-12,16,1,-5,-2,24,-14,5,-7,-19
-16,-10,-2,16,14,-33,15,9,-18,-33,-15,-8
1,-34,-24,15,-7,-20,9,15,-2,-14,-25,-29
-1,-13,-29,6,16,-23,10,15,14,-17,-22,-3
0,-36,-18,15,-3,-25,-10,17,-6,-29,-16,-8
6,-14,-22,13,29,6,12,18,3,-23,-9,-7
11,-28,-29,36,-1,-32,14,2,-2,-8,-31,-25
-22,-1,-12,36,-9,-29,14,-10,-1,-35,-9,-23
-3,-13,-17,25,29,-16,22,32,-7,-21,-13,-12
2,-2,-18,13,12,-17,8,-4,15,-5,-28,-27
-14,-7,-23,1,10,-2,12,6,-8,-21,-38,-15
-8,-10,4,20,1,-9,11,-14,3,-14,-12,-16
17,-17,-1,7,1,-7,26,30,4,-19,-18,-12
-8,-12,-1,20,1,-21,5,11,-17,-5,-5,-15
-11,-18,3,-7,7,-10,14,-5,8,-30,-13,-16
-11,-21,-11,-6,9,-11,35,14,-10,-1,-8,-21
-7,-24,-1,-1,9,-16,4,22,3,-41,-8,-12
-11,-30,-14,15,22,-9,17,9,5,-10,-19,-25
-9,-7,-18,-8,2,-19,25,-4,0,-5,-5,-6
-4,2,3,16,14,-17,6,16,-1,5,1,-10
9,-12,-11,13,-1,-5,14,-8,-12,-4,-7,3
8,-20,-6,2,-12,-7,17,21,9,-2,-15,-4
-2,-3,3,26,21,-9,-8,15,-5,-17,-21,-21
-12,-14,-30,29,-19,-6,-15,-17,6,-26,0,-11
-8,-25,-26,3,5,-3,-3,11,2,-14,-9,-48
-6,-36,-27,10,3,-20,3,3,16,-6,-7,-26
-2,6,-12,26,10,-24,14,16,-3,-19,3,-8
12,-35,-22,3,12,5,-1,2,-18,1,-11,-27
-14,-15,-7,-10,-4,-11,11,17,8,-17,-11,-5
-12,-26,4,-1,-8,-38,14,18,-23,-4,-18,-7
-12,-31,-19,19,-34,-9,-12,-6,-19,-28,-2,7
-16,-5,-28,5,17,-27,6,17,-15,-2,-20,-17
-13,-19,7,33,-5,-10,-14,24,-26,7,-13,-3
-16,-19,-12,28,-6,-4,-1,-15,7,-21,-13,4
-5,-19,-39,-8,16,-5,-6,6,-1,-21,-24,-19
9,-16,-3,20,8,1,5,22,-3,-14,-27,-2
2,-19,20,32,-14,-19,28,7,-14,-20,-18,-17
-24,3,-9,-10,4,-26,-8,8,5,-2,2,-11
-14,-28,-10,20,-7,-8,-6,11,-13,-15,-38,-6
5,-8,-13,10,-27,-24,7,-4,10,-15,-31,7
-12,-4,0,6,4,-6,-6,6,23,-10,1,0
-12,-1,-12,7,0,-15,5,12,-14,3,-18,15
11,0,-27,24,17,-18,-10,-5,-14,-15,8,-22
-12,-9,11,0,-3,-18,14,13,-13,-2,-6,-6
-9,15,-16,14,-5,5,-18,-11,2,4,-6,-14
-36,14,-9,-4,15,-13,-4,-13,9,-1,-9,2
12,-10,1,-3,-14,1,9,20,2,-12,7,-20
-11,12,8,7,-2,-1,15,9,2,-1,-12,-4
-1,-7,-13,6,9,-7,11,5,4,-17,6,7
16,-1,-42,7,-18,-5,5,1,-7,-28,8,-9
8,-6,-15,18,-2,-33,3,4,-4,-13,12,8
9,9,1,-7,14,-1,1,7,10,12,-6,6
10,-1,-10,26,5,-23,-2,-2,-4,-9,12,1
2,-24,-12,10,3,4,7,-4,-4,-18,-13,-7
-8,1,-11,25,-4,8,12,5,25,-11,17,21
-5,16,-6,-1,14,3,16,17,-6,-6,-15,-20
-24,-7,9,-3,-1,-3,-9,24,-5,16,-7,-10
-15,-7,4,15,10,-14,-12,2,-8,1,-12,8
9,1,6,15,4,1,4,7,0,-2,7,-18
0,19,15,0,-9,15,-15,14,9,-1,5,-2
12,9,-8,2,-5,9,32,7,8,9,3,12
15,13,-11,6,8,-19,-17,7,4,-5,0,-6
10,-5,4,-10,6,-24,11,-11,11,-6,-18,23
9,1,-17,-20,-11,-3,-4,13,5,10,-7,1
-10,-9,10,-5,7,5,13,0,13,11,-3,-6
1,-6,-7,-21,19,-17,4,11,6,-17,-8,1
5,15,20,10,-14,-6,9,-9,14,4,-18,24
-2,19,-7,-16,0,21,10,-15,2,-9,-16,-11
13,20,-2,-1,5,2,19,13,-16,-15,-4,6
15,-8,-8,4,16,2,-11,-2,-14,5,-1,-9
9,-10,12,9,-20,3,15,-19,3,13,-16,-1
-9,20,-7,12,-11,-13,25,22,2,6,-3,13
-10,12,-3,-21,-6,8,-12,-14,-11,5,5,25
10,15,0,-11,-14,1,4,1,-2,6,19,10
-10,-19,-6,-22,16,8,-2,-2,15,13,6,-2
2,1,-21,-10,-11,3,13,-14,-4,-13,8,9
15,-3,3,20,-8,-6,0,-7,-14,-2,3,26
-18,2,-10,-5,0,10,1,-23,-2,6,-9,-1
5,9,-8,0,-8,11,-11,4,3,7,24,-28
24,0,9,6,3,7,11,2,-24,-17,7,-14
-1,24,9,-6,7,-9,-3,8,9,-12,30,20
-2,6,5,-8,-9,1,-5,-24,16,13,11,1
11,20,-10,31,5,10,-6,-7,-31,-8,-8,-5
5,17,-24,-14,29,7,-15,-5,2,18,-4,-12
7,5,-8,2,9,2,-3,3,-4,10,35,0
12,1,-1,0,25,11,4,-11,0,-10,-10,-8
3,12,19,-4,-5,-9,13,6,4,13,-18,4
18,18,17,11,-3,8,-29,-22,7,-11,-3,11
6,17,-6,-11,-15,1,-24,0,16,-2,21,13
0,9,-7,0,-17,16,-15,-11,30,13,11,14
15,-2,12,13,-3,-1,-14,-13,-3,8,11,-7
-15,33,-14,16,6,16,-18,10,-4,1,18,-36
1,29,26,-20,-9,10,16,10,28,8,22,-11
0,21,-2,-33,-8,1,-4,-28,-3,2,29,10
5,9,-4,-9,-8,11,-28,-35,8,20,8,12
-3,36,29,-12,-17,-4,1,-8,24,-2,16,11
-23,8,0,-26,10,2,5,3,-3,-8,23,32
-24,33,14,-6,13,27,-1,6,12,-21,5,-1
0,13,10,-17,-11,11,-29,-13,18,-1,32,6
-4,36,-3,-3,-1,14,-17,-5,16,17,27,-13
7,17,6,-13,13,-10,6,-8,21,20,6,25
14,51,13,1,-5,35,14,1,-17,22,22,27
13,11,26,-31,-11,14,-11,-7,14,12,24,17
2,52,17,-20,15,36,-25,-25,7,18,28,28
24,37,12,-11,-23,28,-28,-10,17,29,46,9
5,20,21,-26,-15,14,-14,-17,18,24,25,37
20,12,19,-33,-11,55,-27,-16,15,27,27,22
12,30,16,-37,-5,20,-28,-12,20,12,45,19
23,16,10,-26,-3,41,-4,-23,-7,29,37,24
9,41,18,-8,2,54,-42,-13,14,34,43,14
25,67,52,-15,6,44,-17,-24,19,15,56,37
14,48,39,-27,-15,46,-22,-47,11,54,42,26
28,68,33,-38,-28,49,-30,10,23,56,31,26
20,62,38,-28,-16,35,-43,-33,18,38,80,37
32,64,51,-45,-15,50,-42,-23,6,47,69,32
42,60,38,-57,-7,54,-53,-33,22,43,63,38
5,72,37,-33,-12,60,-54,-32,5,48,66,58
31,57,68,-75,-14,65,-30,-35,29,47,44,31
27,86,63,-63,-21,87,-57,4,30,93,79,48
35,92,60,-54,-28,61,-48,-37,19,73,74,73
41,96,64,-50,-21,72,-46,-42,18,77,91,82
17,89,83,-45,-5,73,-64,-34,58,81,90,63
16,104,73,-64,-26,103,-56,-60,33,77,118,91
77,103,59,-88,-35,77,-51,-67,44,100,111,100
52,121,81,-102,-9,130,-66,-67,46,99,121,64
37,137,77,-88,-16,102,-92,-71,38,79,126,106
44,139,75,-100,-25,128,-82,-69,37,120,154,99
61,162,98,-102,-23,102,-77,-63,50,111,130,100
54,157,111,-105,-20,111,-104,-77,30,117,146,115
63,159,99,-112,-21,157,-92,-53,44,128,144,130
53,188,120,-121,-23,149,-104,-58,50,117,138,87
62,171,116,-126,-10,139,-107,-71,50,109,153,130
35,175,130,-118,4,161,-102,-86,58,152,187,141
75,226,135,-155,-18,157,-112,-83,64,159,167,145
84,225,142,-135,-21,169,-107,-77,61,177,206,150
99,206,125,-158,-33,179,-109,-71,70,153,215,149
93,199,114,-149,-51,193,-111,-90,49,186,208,142
84,233,166,-163,-28,196,-141,-96,56,177,197,172
72,220,161,-172,-33,196,-144,-60,71,174,210,174
76,244,159,-163,-48,203,-155,-97,82,195,243,184
75,250,159,-197,-37,214,-122,-94,92,181,218,161
73,250,156,-171,-24,230,-137,-119,78,180,256,198
104,261,172,-192,-40,217,-162,-101,81,211,246,186
101,269,164,-177,-33,210,-146,-99,96,193,260,164
86,293,150,-191,-65,225,-150,-112,79,184,246,194
107,254,189,-192,-39,236,-172,-104,84,208,265,203
110,317,202,-183,-49,227,-172,-117,73,218,258,175
112,284,205,-180,-32,235,-171,-102,109,223,272,202
110,287,204,-203,-37,252,-160,-95,75,197,272,204
95,285,199,-198,-37,253,-159,-114,76,209,275,189
107,311,188,-186,-61,228,-181,-142,116,214,243,205
101,292,177,-215,-27,247,-163,-97,86,204,272,230
109,301,191,-216,-59,234,-164,-118,106,242,264,230
98,306,195,-218,-65,260,-163,-120,79,225,244,206
97,294,201,-224,-31,233,-144,-105,93,214,280,211
89,322,173,-204,-30,241,-166,-126,97,221,254,250
108,294,180,-179,-40,214,-155,-117,97,200,285,206
100,279,174,-174,-27,222,-136,-134,88,210,266,190
104,290,183,-185,-47,221,-143,-120,92,191,263,196
99,273,178,-195,-54,223,-155,-102,64,194,235,200
104,268,169,-170,-30,228,-182,-116,92,231,232,190
92,295,158,-199,-24,223,-134,-105,82,207,250,198
97,254,185,-172,-48,221,-159,-98,52,203,238,192
101,256,179,-162,-37,239,-146,-98,66,208,242,186
74,255,162,-176,-36,217,-140,-90,85,192,210,193
107,248,163,-182,-33,208,-138,-111,85,150,227,160
70,240,141,-139,-52,188,-171,-120,63,168,225,166
80,246,154,-153,-23,184,-119,-79,54,171,201,172
90,220,146,-152,-31,195,-127,-94,64,170,201,160
82,192,148,-137,-51,186,-125,-108,58,145,193,139
70,194,123,-161,-17,156,-125,-74,48,149,166,138
62,197,113,-136,-50,147,-109,-90,45,178,167,113
67,199,100,-120,-20,141,-100,-56,75,137,168,144
80,182,104,-138,-18,140,-105,-73,51,128,177,128
57,162,114,-114,-29,147,-99,-74,54,120,137,110
56,144,115,-119,-4,131,-99,-61,19,105,154,92
72,154,87,-103,-38,141,-101,-74,46,104,136,123
64,136,95,-95,-9,107,-99,-48,54,100,135,91
46,118,90,-105,-29,111,-81,-59,53,111,121,109
33,165,83,-96,-23,107,-95,-47,31,91,116,82
52,135,71,-88,-26,113,-61,-53,40,81,106,89
36,126,70,-67,-31,78,-73,-38,37,70,102,77
25,123,81,-80,-28,105,-56,-45,46,86,103,70
45,106,78,-66,-33,94,-63,-58,29,79,89,81
13,107,56,-46,-22,91,-58,-41,32,71,94,80
41,102,73,-58,-21,89,-45,-52,35,69,102,58
22,79,70,-60,-33,81,-54,-27,31,61,85,55
21,81,50,-50,-16,72,-57,-39,19,73,70,58
29,92,54,-53,-31,68,-46,-38,21,58,79,65
13,59,33,-56,8,56,-36,-35,25,54,79,47
42,76,42,-52,3,76,-19,-31,34,52,48,57
20,53,42,-50,-8,69,-49,-48,7,57,62,47
7,76,38,-36,-21,60,-56,-38,13,26,54,66
8,63,24,-41,-14,51,-13,-33,17,52,59,40
-3,80,27,-32,-18,36,-15,-40,35,46,34,25
3,49,32,-50,1,47,-39,-32,-2,40,51,39
24,69,41,-20,-11,33,-23,-32,14,18,40,45
23,44,39,-46,6,30,-27,-37,-6,48,37,29
22,35,33,-42,-6,31,-11,-21,21,37,37,21
11,47,27,-35,3,24,-1,-28,3,29,32,33
0,61,41,-32,-9,52,-18,-26,20,34,64,27
2,45,19,-23,4,17,-13,-32,13,28,48,29
16,14,54,-3,-5,47,-7,11,-3,17,14,18
41,24,37,-27,-11,31,-44,-8,-17,30,28,32
19,42,22,-2,-3,45,2,-16,7,7,27,37
19,21,34,-17,8,30,-39,-16,-2,17,39,24
12,49,4,-13,-26,11,-17,1,14,20,11,20
17,-12,37,-11,0,11,-13,-1,2,12,8,25
-6,33,27,-16,-34,47,-14,-2,16,28,30,27
-6,5,13,7,-20,34,-13,-2,18,14,30,28
-5,-3,5,-15,6,13,-8,-2,-5,30,18,11
4,33,-7,-19,-21,14,-11,-5,13,-5,23,5
-6,12,-4,-4,-17,29,-36,-1,-8,0,26,23
-2,-6,12,2,8,28,-14,-15,9,13,9,16
17,3,18,-9,5,2,-41,-6,15,5,5,12
-19,5,6,-16,5,-4,13,-7,-2,11,-7,20
29,-16,0,-24,-3,6,11,-10,20,8,-10,3
27,-7,-13,6,5,6,21,4,16,-20,-9,-25
-19,-13,-15,22,31,-29,-10,30,1,-13,-20,-15
-8,-27,-25,20,11,-45,36,30,-15,-33,-17,-12
-38,-32,-33,56,-13,-45,23,15,-28,-54,-48,-41
-24,-56,-25,44,14,-19,29,20,-26,-33,-51,-30
-15,-58,-41,43,13,-58,47,21,-46,-55,-62,-29
-22,-93,-39,67,13,-47,40,16,-17,-71,-85,-50
-14,-87,-71,53,8,-88,45,22,-26,-57,-72,-70
-41,-95,-59,54,8,-77,62,19,-26,-95,-108,-82
-34,-115,-62,77,27,-91,56,40,-26,-88,-101,-84
-48,-141,-68,63,33,-98,69,47,-46,-104,-102,-95
-38,-125,-80,101,24,-90,59,54,-38,-102,-112,-98
-40,-136,-79,73,10,-117,67,55,-41,-120,-104,-92
-50,-134,-62,79,10,-127,59,52,-32,-89,-121,-85
-55,-115,-81,66,15,-92,58,58,-20,-95,-115,-69
-33,-90,-67,82,18,-85,58,36,-17,-69,-109,-65
-18,-85,-56,58,-7,-79,79,36,-42,-75,-69,-53
-33,-64,-36,65,-1,-43,31,22,-27,-39,-66,-42
11,-13,-25,19,-14,-22,12,12,-9,-29,-40,-11
-6,7,-2,-9,-17,14,0,-6,9,18,26,14
39,63,48,-40,-26,61,-10,-26,-2,55,57,29
24,113,77,-68,-7,100,-49,-37,78,101,111,74
58,209,101,-115,-37,144,-105,-87,68,114,168,134
90,234,175,-169,-35,222,-147,-116,89,192,227,183
119,339,240,-261,-52,264,-204,-124,103,262,293,226
162,435,257,-313,-77,351,-221,-174,111,312,395,305
190,508,328,-341,-85,422,-292,-193,167,399,466,358
185,588,405,-401,-82,491,-345,-259,183,443,554,432
242,700,446,-496,-71,588,-397,-283,207,523,624,485
285,797,529,-537,-139,666,-423,-309,241,582,713,573
301,884,560,-579,-130,736,-475,-337,263,668,806,604
313,947,601,-667,-141,784,-522,-382,278,745,857,664
360,1012,640,-680,-181,813,-561,-424,307,771,913,732
399,1069,705,-713,-185,878,-587,-410,310,780,939,725
380,1098,716,-724,-172,918,-599,-424,299,813,963,762
411,1116,728,-756,-168,930,-614,-452,334,844,1014,774
376,1099,721,-742,-177,911,-600,-437,346,838,993,775
372,1065,712,-741,-155,917,-601,-442,311,817,972,772
364,1044,680,-711,-162,865,-591,-397,298,800,938,744
339,1014,632,-698,-146,818,-548,-395,292,737,883,702
339,945,588,-648,-126,766,-516,-377,272,707,836,654
297,861,567,-571,-147,709,-475,-316,255,665,786,610
268,774,525,-524,-133,629,-412,-328,237,574,689,529
239,702,428,-475,-121,577,-357,-264,223,512,626,480
198,592,379,-391,-65,482,-319,-242,182,444,516,424
166,487,311,-322,-89,379,-275,-183,139,359,439,343
138,374,249,-266,-55,325,-215,-161,118,296,339,259
99,273,194,-196,-56,225,-145,-120,85,223,246,199
90,189,133,-121,-33,178,-91,-78,22,154,160,126
55,130,51,-81,-5,116,-81,-41,12,68,112,72
17,51,26,-12,-14,27,-12,4,24,23,24,16
-1,-25,-9,27,14,-62,12,10,-13,-29,-28,-21
-42,-86,-80,79,10,-86,58,27,-9,-53,-67,-68
-61,-129,-75,88,13,-127,73,45,-18,-113,-101,-102
-53,-164,-135,114,15,-174,76,95,-51,-136,-142,-132
-83,-191,-147,153,24,-184,117,67,-42,-158,-194,-138
-60,-233,-142,145,23,-212,125,106,-83,-168,-204,-150
-86,-235,-154,161,47,-201,131,113,-69,-182,-218,-186
-85,-255,-127,156,33,-222,137,131,-35,-178,-227,-188
-87,-248,-168,164,63,-215,133,93,-65,-205,-239,-181
-96,-239,-152,165,45,-194,125,93,-81,-200,-218,-172
-76,-220,-134,179,46,-181,114,88,-63,-155,-215,-166
-49,-216,-142,151,46,-196,131,98,-75,-158,-200,-173
-75,-214,-158,172,44,-176,98,85,-49,-180,-165,-137
-68,-185,-123,131,14,-168,120,88,-57,-147,-164,-134
-57,-176,-121,100,38,-156,76,50,-41,-129,-161,-106
-74,-158,-100,94,36,-120,88,73,-62,-129,-147,-90
-51,-131,-84,89,32,-85,60,57,-29,-124,-130,-103
-48,-129,-94,87,4,-107,66,43,-24,-79,-119,-86
-40,-107,-77,66,15,-76,40,26,-30,-69,-69,-66
-19,-62,-52,56,-2,-60,50,14,-44,-48,-94,-73
-21,-68,-31,41,-3,-52,20,40,-4,-48,-63,-54
-40,-44,-51,41,-4,-39,29,27,-21,-44,-55,-27
-18,-19,-21,17,-4,-44,44,6,-13,-31,-39,-32
-3,-30,-3,21,2,-4,14,25,-16,-26,-24,-35
13,-7,-21,-6,5,-27,12,2,-18,-20,-13,-14
22,-13,2,21,1,5,-18,30,-17,-26,-14,-5
-4,-21,11,4,-1,7,2,13,3,-18,-6,0
2,12,-3,16,5,-9,14,8,11,1,1,1
-10,-2,4,-11,-8,-10,-7,-12,6,5,-4,6
8,-8,12,-9,13,-12,-8,-2,-13,8,13,7
0,2,4,-20,-11,-2,10,28,-7,12,22,13
2,-2,3,16,7,-6,10,-1,15,16,-3,11
-9,0,-2,18,6,-13,-16,-12,5,18,1,3
-12,17,-10,-7,7,18,-19,7,11,10,4,13
15,18,15,-7,-13,21,9,-11,12,-8,12,-5
24,23,5,-14,-12,27,2,-3,-9,9,-10,9
-5,20,27,3,-9,22,-16,-18,-17,5,17,30
1,19,31,8,-12,15,-12,-8,12,3,5,1
-14,25,23,0,-4,33,-31,7,24,42,14,42
4,0,20,-22,4,17,-14,-16,-10,16,42,28
12,33,3,-18,-12,11,-24,3,6,12,27,5
24,30,20,-9,-2,24,-1,-3,19,7,32,23
8,38,26,-16,-1,6,2,5,-3,34,15,17
34,21,13,-33,2,23,-22,-2,1,39,33,18
20,45,12,-28,-9,32,-30,-6,3,23,10,23
14,21,22,-27,-8,37,0,7,-11,25,34,24
25,39,25,-35,8,9,-31,-28,6,12,27,16
20,23,-6,-35,-3,24,-2,-8,11,23,78,19
2,25,20,-17,2,44,-26,-25,13,38,34,2
-6,27,21,-21,-5,21,-31,-13,-14,22,15,9
14,42,30,-5,22,36,-9,-9,13,12,23,35
5,48,12,-11,2,40,-19,-22,9,23,51,15
23,47,28,-12,-19,34,-47,-13,30,47,35,23
36,40,13,-43,-1,37,-28,-13,23,40,38,30
16,36,19,-28,-4,48,-30,-45,40,30,44,49
2,65,45,-46,-19,48,-24,-24,16,44,19,37
30,46,34,-4,-15,49,-12,-17,24,39,54,29
46,52,41,-39,-30,38,-20,-14,23,53,36,55
5,63,34,-38,-4,31,-39,-18,9,35,27,39
40,58,13,-20,-10,50,-27,-27,24,31,66,51
32,58,29,-63,-7,74,-57,-17,13,49,67,50
6,86,30,-60,-8,65,-27,-24,12,61,76,49
37,61,54,-46,-16,25,-33,-18,19,56,40,64
22,67,54,-47,0,58,-41,-29,29,42,87,62
47,64,55,-61,-18,73,-47,-47,-11,57,46,74
3,85,40,-62,1,78,-64,-17,14,21,63,47
25,96,36,-56,4,47,-60,-53,8,60,81,74
12,93,50,-54,-16,67,-53,-30,27,76,96,73
37,95,55,-73,1,43,-51,-40,28,65,62,48
24,105,72,-51,-13,81,-66,-39,11,53,78,67
26,112,84,-57,-8,73,-82,-43,30,94,108,76
48,114,45,-65,-1,84,-72,-29,35,75,100,67
25,94,61,-75,-28,87,-56,-48,48,83,88,81
26,122,71,-76,-12,98,-78,-38,34,76,105,93
39,106,79,-57,-23,102,-57,-56,22,96,124,93
52,130,78,-115,-9,108,-91,-49,52,101,121,76
66,148,96,-110,-30,103,-50,-55,18,101,125,59
33,132,85,-126,-25,127,-58,-60,49,96,128,97
69,142,96,-91,-22,114,-76,-72,37,118,127,121
81,125,127,-106,-20,134,-88,-78,75,114,131,88
80,172,120,-115,-29,120,-81,-68,53,117,153,111
54,166,123,-131,-48,143,-84,-65,71,139,164,104
37,153,114,-107,-18,128,-111,-66,58,140,163,113
61,185,128,-123,-31,128,-102,-71,40,150,149,142
64,185,120,-138,-15,149,-103,-59,45,142,188,138
78,179,145,-137,-30,164,-109,-89,66,126,184,134
80,196,128,-129,-16,173,-116,-85,54,141,180,126
75,190,134,-137,-29,175,-113,-64,69,152,177,159
96,209,147,-146,-27,181,-129,-80,80,149,216,170
62,215,121,-155,-44,200,-126,-97,77,167,213,147
96,237,127,-155,-23,190,-126,-76,68,170,206,149
92,221,138,-138,-38,188,-114,-70,86,185,225,158
81,235,149,-149,-45,199,-152,-113,65,166,237,169
87,262,167,-175,-32,234,-139,-108,72,195,245,186
69,258,168,-193,-34,226,-138,-82,70,214,217,208
101,259,168,-187,-47,232,-117,-101,53,204,243,182
100,277,155,-177,-55,224,-156,-105,71,203,264,181
105,308,207,-205,-35,222,-170,-110,96,214,243,186
125,298,202,-193,-53,230,-182,-132,75,218,258,213
98,327,200,-193,-66,264,-160,-118,93,238,268,210
99,302,202,-203,-41,260,-180,-138,93,220,290,221
100,325,217,-225,-63,249,-167,-123,98,210,282,213
107,327,198,-207,-67,256,-173,-111,96,240,287,224
124,344,226,-239,-33,274,-193,-113,119,258,294,203
115,353,231,-219,-42,274,-164,-129,108,246,301,247
135,337,213,-236,-65,289,-202,-135,101,260,303,219
115,344,236,-232,-58,299,-189,-145,105,256,313,265
144,356,255,-251,-56,294,-211,-152,121,280,322,279
108,383,239,-284,-78,303,-186,-164,108,279,298,264
134,384,208,-246,-73,295,-215,-149,112,302,336,277
137,386,259,-240,-60,313,-215,-150,138,285,367,273
141,384,252,-258,-74,319,-217,-151,128,256,349,287
126,381,258,-259,-87,339,-229,-150,133,299,338,270
142,381,278,-259,-61,324,-218,-173,122,300,353,272
158,423,268,-275,-72,327,-201,-150,123,306,367,284
155,409,263,-288,-70,355,-236,-165,113,295,367,275
155,428,277,-273,-68,353,-234,-178,111,300,396,297
142,445,288,-274,-76,338,-213,-154,124,299,399,288
132,451,269,-291,-60,358,-244,-179,130,342,379,323
147,438,267,-283,-67,379,-214,-170,117,332,384,273
146,438,306,-271,-56,383,-248,-171,135,322,376,307
145,439,307,-298,-69,361,-245,-186,125,334,389,313
172,450,293,-310,-90,408,-255,-168,145,343,401,307
155,445,290,-314,-80,371,-246,-197,128,331,394,304
150,462,277,-315,-84,380,-248,-165,121,315,410,307
163,449,288,-311,-73,366,-243,-178,143,330,418,315
155,462,302,-311,-72,374,-249,-162,113,339,414,314
154,450,303,-296,-92,380,-261,-181,140,336,417,315
158,446,287,-315,-75,372,-271,-183,150,335,418,317
157,450,297,-313,-80,358,-237,-177,122,327,409,317
167,456,297,-305,-48,369,-247,-181,129,337,404,301
173,432,292,-312,-44,373,-249,-191,135,351,396,301
167,442,290,-324,-73,375,-248,-216,155,335,412,311
153,456,278,-284,-75,355,-244,-178,137,340,396,299
176,441,289,-300,-75,373,-263,-183,141,298,406,318
168,429,287,-311,-61,382,-266,-178,134,331,422,333
161,456,291,-330,-67,362,-244,-190,138,338,391,306
139,445,274,-286,-73,367,-238,-167,149,321,420,294
150,423,283,-293,-50,362,-236,-188,129,318,393,289
176,428,283,-287,-48,359,-224,-178,139,330,391,310
156,430,266,-307,-68,355,-249,-157,137,322,373,297
153,423,276,-307,-53,359,-238,-189,130,316,377,283
168,408,285,-267,-77,360,-234,-176,121,292,373,289
144,418,263,-257,-84,328,-263,-158,129,313,366,294
135,422,239,-283,-56,330,-215,-166,119,310,368,276
131,399,263,-280,-53,347,-221,-136,117,293,372,289
127,394,266,-285,-70,334,-186,-162,121,302,363,278
114,402,243,-275,-69,332,-217,-167,130,301,356,265
124,409,243,-258,-76,321,-225,-152,108,295,342,284
122,368,264,-243,-55,319,-215,-137,121,278,360,271
126,374,256,-272,-67,307,-182,-137,127,294,331,265
123,363,253,-246,-61,312,-193,-149,107,284,336,257
118,358,212,-260,-31,280,-202,-140,95,251,306,261
111,361,236,-245,-40,293,-195,-160,123,279,312,243
154,333,252,-240,-65,296,-163,-153,112,260,316,255
120,325,224,-216,-40,270,-197,-146,101,232,298,242
125,336,257,-229,-55,276,-191,-126,98,247,301,244
110,302,196,-215,-60,247,-187,-111,75,245,269,231
108,317,197,-208,-38,249,-189,-120,99,255,290,215
101,307,202,-237,-43,244,-165,-138,80,243,270,225
114,306,203,-209,-20,268,-141,-122,95,231,253,238
80,284,195,-192,-43,225,-150,-105,86,216,258,183
87,278,191,-176,-55,211,-148,-101,91,228,241,190
100,263,187,-183,-30,227,-137,-94,73,189,269,185
88,266,169,-169,-36,213,-128,-107,76,187,233,180
75,244,165,-148,-45,204,-133,-85,63,203,205,166
90,261,153,-166,-51,201,-147,-112,67,181,210,173
77,241,155,-169,-56,191,-130,-77,52,170,209,164
89,214,135,-145,-32,176,-111,-98,74,170,194,153
88,194,155,-143,-27,161,-133,-79,83,153,197,161
77,203,131,-127,-23,181,-122,-68,64,144,190,167
86,198,120,-134,-32,160,-130,-77,75,142,174,157
63,186,116,-155,-36,144,-98,-74,54,137,195,141
71,186,125,-121,-36,170,-108,-90,34,129,149,134
72,183,107,-103,-25,128,-80,-59,47,128,163,128
73,165,116,-100,-17,152,-86,-61,51,125,152,146
49,157,106,-88,-3,151,-82,-74,20,130,132,110
60,142,127,-100,-28,106,-72,-76,68,139,130,95
44,162,102,-89,-29,120,-69,-72,46,103,135,104
69,125,90,-80,-7,103,-57,-66,61,90,127,92
46,140,82,-96,-11,107,-72,-61,61,112,127,92
34,106,49,-95,-5,109,-66,-53,29,82,134,102
57,88,60,-58,-4,103,-66,-37,44,87,125,67
47,97,59,-81,-8,94,-63,-45,14,86,129,84
38,105,42,-83,-6,97,-66,-41,33,79,101,67
43,89,46,-69,-19,96,-64,-43,26,87,90,66
44,121,36,-75,20,52,-49,-59,32,56,99,47
41,83,69,-84,-16,77,-57,-40,16,54,86,54
24,77,35,-55,2,76,-51,-34,18,55,66,42
1,81,54,-53,-12,35,-41,-33,21,60,56,63
36,60,71,-51,-24,49,-50,-21,3,59,67,52
51,50,38,-30,-2,39,-45,-8,37,22,88,55
28,70,51,-39,-12,64,-52,-28,13,46,64,42
34,64,50,-54,-21,68,-48,-11,3,46,60,38
16,50,36,-37,8,42,-32,-34,29,34,53,55
36,43,31,-51,-16,34,-15,-29,24,51,31,54
11,35,21,-25,-15,41,-29,-12,36,39,40,46
27,38,6,-26,-1,47,-35,-10,8,11,24,35
14,44,-2,-7,-9,32,-16,-21,40,31,39,34
11,63,19,-15,-2,0,-25,-9,3,33,11,35
5,26,47,-2,-8,37,-17,-12,10,23,42,46
17,23,15,14,17,16,-22,4,32,17,13,0
2,14,24,-23,6,26,-16,-18,3,14,24,35
15,43,19,-7,18,28,-10,-6,4,30,24,-4
17,-14,47,-11,-4,9,-17,-19,6,16,26,10
11,32,22,-11,4,0,5,-17,0,3,29,27
-5,26,-6,-15,0,32,-18,-22,10,33,43,35
12,21,24,-5,-9,2,-21,-15,20,7,26,19
7,12,-7,-8,-15,18,11,-5,5,34,23,7
-1,25,31,-1,11,10,32,9,10,11,21,-1
0,-16,-6,-22,-9,15,-14,-15,6,20,-5,5
1,25,13,9,0,9,-18,-11,-13,3,21,8
-10,4,-12,17,-9,7,-17,6,0,-3,26,-1
-32,-9,-6,3,-4,5,-9,-15,-5,4,23,9
-3,13,-8,4,28,-4,11,-8,-2,15,2,5
9,-10,7,4,-19,16,15,-9,-2,13,8,-20
3,8,-2,10,-10,-3,6,-22,-8,9,6,18
11,3,10,0,8,-8,3,11,15,0,-3,20
25,0,-11,11,-4,-3,-13,5,-3,-16,-13,13
-11,-19,3,3,8,-8,-5,10,-13,-3,8,-8
5,-2,-13,-8,13,1,-24,-1,-8,1,4,-1
7,-9,19,3,27,-10,-4,2,-6,15,16,-9
0,-8,-2,-11,-28,12,-8,-11,17,1,1,-2
-24,6,-14,-3,-29,16,6,11,13,6,19,10
-22,30,4,-3,8,6,4,5,-20,2,-9,6
-14,-7,10,19,-9,-15,-19,13,6,16,6,1
-5,-7,2,18,-11,1,4,3,-24,-12,2,13
-4,-6,-5,-14,-15,21,-13,3,12,7,-12,-4
-14,-19,2,-12,15,-11,6,25,-2,-5,-9,4
-2,8,-3,-7,23,19,-13,6,-3,3,-14,-2
-11,10,6,23,24,8,14,20,-1,4,9,-5
-4,-1,7,6,4,15,5,9,-12,-17,-8,17
-2,-13,6,9,3,1,5,31,3,4,-9,-2
7,-16,2,-10,-25,2,-4,-3,15,5,-2,-8
8,16,-29,-4,7,13,8,-6,-10,-4,-6,-9
-14,17,6,18,27,8,-17,4,-3,0,-14,-2
-2,2,-4,6,-8,-18,28,-13,0,8,5,-6
1,3,-15,-2,12,8,12,-4,-12,15,-16,-19
2,-13,-2,-1,1,10,10,-10,-15,9,21,2
-6,9,5,-18,-9,-14,-16,-3,2,-30,-6,2
-10,-8,-7,-5,-8,-2,-14,2,2,-1,0,-3
3,2,11,7,0,-7,4,-15,24,-13,-9,6
7,3,13,7,-1,11,11,16,9,1,1,11
-15,-2,14,6,34,-4,11,8,12,0,16,18
-3,-3,14,-11,4,-7,-4,-1,4,25,20,-17
5,-6,-5,4,25,13,-32,7,11,1,7,-3
-4,-3,12,4,7,1,14,21,-8,-4,-3,16
5,13,-9,1,18,-20,-10,-4,4,5,-19,-10
-14,-3,12,-2,-8,21,6,-12,-3,32,-13,-3
-10,-3,-6,-8,4,-2,-3,6,-1,-26,9,-1
-21,18,-11,-2,2,23,0,6,20,14,10,18
7,2,6,1,-3,-8,7,7,8,0,11,-6
19,1,-23,-39,3,-19,0,-5,3,21,10,-16
8,26,12,8,15,5,-14,19,-10,-10,-4,-3
7,-12,18,0,10,12,-8,13,1,-6,-21,-8
2,0,3,-9,15,-11,-2,-14,-6,-9,-17,8
9,4,14,-3,-13,12,-15,4,-6,16,7,-10
-12,4,-23,-10,0,11,-3,-17,-11,2,10,-16
-10,-14,-6,6,-8,-16,12,-6,4,-15,-4,2
-1,-24,0,-13,-20,2,-1,-7,2,-2,-22,16
-5,14,15,-23,-5,33,-9,-14,-21,-23,-20,3
-26,-16,10,2,-7,-13,-3,16,19,-5,-7,14
10,-14,-7,-3,17,-1,1,-13,-15,-2,6,1
16,15,-11,-8,22,3,-20,7,-9,-14,5,-20
-3,7,12,12,-11,4,-19,-12,4,-3,-10,0
16,-3,4,-2,7,12,5,4,5,-1,14,-24
24,-5,23,9,-22,-1,-7,0,-5,-6,10,19
-18,9,12,-12,-10,13,-1,4,23,-5,-4,15
9,1,-16,-27,-12,-1,-3,0,18,-16,-5,18
-8,-5,-3,9,17,18,-11,-5,-22,-1,17,2
17,2,7,-2,3,12,-23,5,25,3,-6,6
-22,4,12,11,6,-9,-1,10,15,-19,4,6
2,19,6,12,-13,4,10,-2,10,-14,-15,11
-20,-1,11,4,-8,-4,-4,7,-19,-7,-1,13
25,-11,2,7,-6,-4,6,0,-10,-8,25,26
-20,36,24,-16,-3,9,5,-8,-3,0,10,-21
-12,16,-8,-18,-5,-7,-2,-6,-4,15,-2,20
10,19,0,-1,7,-14,-10,2,6,3,3,-7
6,-2,11,-17,-22,14,-10,-10,-11,-7,7,-9
2,10,-3,4,-12,1,-13,-33,3,14,0,24
-9,19,-11,-7,-9,9,4,11,17,-6,22,4
-3,10,15,13,-19,2,4,-22,-1,18,-15,-8
21,7,17,-9,-5,6,10,-31,5,4,10,-9
-10,2,-2,-13,-1,5,-12,0,-4,-1,7,26
-2,-7,1,-2,-25,2,-3,-13,10,28,-14,16
1,2,-8,10,9,-1,-5,-20,9,2,-7,15
-2,22,9,-16,-11,12,16,-4,11,-6,5,13
-3,-1,7,-10,-20,5,-1,6,3,-1,0,1
-13,-7,13,-16,14,-5,1,-13,9,-9,15,4
-2,3,4,19,-15,2,11,-15,4,2,13,11
-19,8,16,-12,-2,-2,12,-3,-1,22,13,-8
-11,2,6,13,3,-13,-9,-8,-1,7,7,-7
-5,6,-5,6,4,6,-14,4,-1,1,6,-3
-8,2,-22,-10,-4,6,-8,-12,-17,34,23,-19
-13,13,21,-20,-10,2,7,7,-9,11,13,-4
1,4,-10,-7,-6,-1,-8,8,-17,-4,0,-13
-15,4,-15,-7,0,25,-21,0,-11,15,-5,15
12,-2,-9,-15,5,35,-9,0,9,5,-8,-17
-11,-12,-9,-17,19,-4,17,-8,12,16,7,8
-15,20,3,-24,-7,15,10,-14,13,13,-2,-1
-6,-1,9,-6,18,-7,5,-15,12,22,-11,20
-10,33,-2,-8,16,-25,-13,-2,-2,16,20,-11
22,1,10,-6,10,9,10,0,2,29,0,5
-11,30,7,6,8,-8,-13,-5,-9,-5,6,-17
-10,-9,26,13,2,2,7,2,5,9,20,10
-23,-16,11,-7,17,1,-17,-18,8,-10,-3,7
-2,26,-5,-8,10,15,-1,-13,11,-10,23,-2
2,13,-13,6,-10,9,-14,-2,13,14,12,-24
5,-3,-23,-13,2,4,-9,-20,-7,9,5,0
-8,9,-6,-3,-3,24,-14,-7,10,12,2,20
21,10,26,-5,11,-6,-8,0,-9,-2,17,10
7,30,14,-14,-10,4,-15,3,9,12,17,16
10,3,11,-2,3,12,-7,-6,-8,16,-5,3
13,-14,-14,8,18,-5,-16,-16,-5,22,7,12
2,7,16,-14,-7,17,-19,-25,-2,16,8,3
5,35,1,2,18,20,-20,1,8,-1,2,19
4,21,13,-18,4,8,-8,2,-2,8,3,11
11,16,-9,19,4,14,-3,-11,4,-2,5,9
-14,8,30,25,10,22,-6,-2,3,8,20,0
1,1,-4,2,7,-6,-30,-14,-4,1,18,-1
4,-1,5,-11,2,-5,2,10,13,10,-21,-5
-7,20,-7,1,-2,22,-7,3,8,10,-3,-19
-8,20,25,-10,-10,4,11,-18,28,-14,11,-4
28,5,11,-16,0,22,-16,-4,0,22,18,9
11,6,19,-16,1,20,9,-14,-7,11,-13,9
2,6,12,-47,-14,14,-22,-16,13,14,6,0
26,17,7,-11,7,25,-11,10,2,40,18,11
-4,-4,8,-10,5,20,-10,-13,-2,6,5,1
5,-5,-11,6,-29,9,-12,-4,2,16,16,29
-2,15,-1,-17,2,1,-8,-16,19,6,3,24
22,22,14,-20,-30,13,1,4,11,19,23,10
-11,29,20,-31,-11,-17,-17,-16,-1,1,14,16
-5,9,1,-18,-12,8,-24,-7,-7,-13,23,19
13,-13,-3,-19,-16,17,-15,-10,12,8,8,14
-6,14,22,-1,1,23,14,-13,14,27,-4,21
10,5,-9,-1,-12,14,6,-17,-3,22,12,-4
5,13,12,-11,-14,2,-18,-15,14,21,20,4
38,9,15,-23,5,18,-20,5,12,-15,26,14
19,21,17,-8,-22,2,-3,10,-22,27,3,22
1,-18,1,-13,-10,7,-9,-16,5,-2,32,-2
-1,27,19,-1,8,2,-20,-9,20,8,12,28
-5,32,16,0,-9,13,-4,-2,7,8,0,-1
-2,8,30,-10,14,8,-9,-6,1,25,35,2
-6,26,3,-7,0,7,10,-16,28,-1,21,4
-4,16,7,-12,-6,3,-13,-15,-6,22,10,26
-12,22,9,-20,-1,5,11,5,3,38,14,10
4,-3,26,-11,-10,13,1,9,1,11,-1,-1
-8,16,19,5,-6,8,4,-4,9,19,-1,11
-9,-2,11,2,-1,16,-16,-24,12,3,29,-1
28,40,39,-22,-4,13,1,1,1,18,17,9
-18,23,-1,5,-4,14,11,-11,-1,11,24,14
-8,18,6,19,-25,7,-19,19,7,20,33,6
8,30,-6,-12,-9,-1,-28,-9,32,33,20,27
9,-8,30,-8,15,19,-23,0,17,10,3,28
24,-7,-13,-15,-15,35,12,1,16,6,21,17
-4,0,9,-5,5,10,-8,-9,15,41,33,17
11,17,-3,-31,-4,20,-15,-16,12,18,17,18
12,21,29,-16,-29,-7,-14,-27,-10,21,17,16
11,41,14,-14,-24,23,-8,-25,-10,28,9,-4
18,22,2,-34,7,26,-20,0,19,22,16,12
-11,16,6,-18,-29,36,-16,-19,15,11,26,16
26,25,30,-5,-5,34,-24,1,12,4,23,9
11,22,14,-26,-9,13,-18,-4,5,19,40,22
6,8,13,-23,-13,13,-11,-34,20,15,34,24
11,40,-9,-3,9,24,-17,-25,20,42,27,16
-3,36,9,-26,-3,15,-17,-15,3,13,40,35
1,44,22,-34,1,45,-1,-5,5,27,11,16
5,40,15,2,-1,35,-33,-11,10,17,20,12
46,32,13,-17,13,16,-5,1,21,36,39,11
33,38,16,-7,-1,6,10,-14,15,25,57,31
12,65,28,-6,-14,39,-44,3,26,21,27,41
0,23,20,0,-1,58,-32,-18,10,19,31,1
33,58,32,-19,4,36,-28,-14,14,29,44,35
20,41,37,-19,-6,47,-30,-26,7,30,37,27
9,46,33,-17,-29,57,-36,-31,28,38,31,49
19,44,29,-43,22,38,-15,-21,-3,39,30,37
18,62,27,-27,-8,42,-8,-25,20,49,30,36
31,46,17,-14,6,27,-25,-40,25,43,47,27
-2,67,31,-40,-7,73,-37,-25,42,33,59,23
31,63,39,-20,-2,37,-31,-12,26,51,54,45
20,70,37,-18,-25,64,-43,-7,17,34,55,24
37,64,18,-56,-16,57,-63,-35,20,47,67,39
9,80,56,-63,-6,63,-50,-58,47,84,66,59
38,77,48,-65,-22,63,-42,-29,11,76,75,67
17,96,62,-54,-5,68,-43,-45,20,68,91,55
24,102,58,-72,-26,79,-62,-40,45,75,76,57
36,103,66,-78,-9,76,-50,-20,25,92,95,78
62,96,48,-72,-10,89,-66,-35,26,108,84,84
29,113,84,-91,-30,96,-52,-70,62,86,114,69
48,124,91,-94,-31,95,-75,-73,14,95,133,65
39,120,103,-94,-33,116,-80,-40,25,87,102,89
52,120,97,-102,-12,106,-68,-58,53,101,108,100
51,148,75,-98,-19,113,-78,-45,58,93,142,107
59,151,111,-115,-8,115,-103,-51,45,118,143,129
43,155,85,-113,-30,134,-74,-55,49,127,125,123
64,173,102,-107,-56,134,-88,-72,43,132,151,124
56,186,92,-123,-33,141,-80,-83,71,124,146,110
37,177,106,-105,-38,167,-81,-73,62,157,143,119
66,196,124,-124,-41,176,-98,-72,52,152,175,122
81,178,106,-123,-16,158,-111,-83,45,161,165,132
51,209,133,-145,-35,152,-122,-88,64,157,164,152
94,219,149,-140,-30,170,-118,-90,43,150,193,160
65,230,155,-139,-30,172,-118,-87,52,147,208,161
112,234,171,-160,-58,201,-135,-97,60,179,211,160
106,228,178,-155,-27,210,-130,-73,73,188,214,161
74,248,155,-166,3,224,-155,-90,67,190,224,174
110,250,165,-187,-37,218,-134,-94,74,183,211,171
89,252,180,-173,-31,198,-138,-99,55,217,219,181
75,269,152,-172,-38,211,-162,-105,98,202,244,186
93,263,167,-189,-24,232,-138,-129,42,192,219,179
89,270,180,-202,-33,239,-129,-118,92,187,267,206
94,281,160,-190,-42,212,-147,-106,80,209,228,182
98,276,192,-196,-35,218,-145,-98,87,207,267,186
109,288,203,-210,-51,225,-165,-106,92,216,250,213
81,285,197,-214,-49,249,-150,-129,90,208,259,203
100,273,187,-186,-37,245,-158,-98,82,218,271,203
85,288,188,-202,-29,261,-150,-127,86,227,254,211
106,308,190,-212,-66,227,-161,-113,104,226,256,215
119,314,184,-194,-37,245,-166,-93,103,241,250,203
110,325,193,-206,-52,215,-146,-120,91,233,269,191
90,283,179,-194,-12,245,-155,-113,91,241,257,219
91,283,180,-202,-31,257,-146,-83,76,223,260,217
109,278,177,-201,-44,237,-152,-135,82,191,269,198
82,257,181,-181,-15,241,-176,-105,65,213,259,228
96,263,173,-181,-51,227,-151,-96,88,209,241,193
92,300,184,-180,-53,237,-155,-134,98,205,261,174
101,270,193,-194,-24,222,-143,-110,85,200,264,203
97,253,163,-197,-45,218,-160,-89,83,188,247,201
106,261,146,-187,-39,228,-137,-93,89,189,226,182
99,263,154,-170,-36,199,-127,-95,91,174,207,161
87,237,138,-175,-55,215,-140,-92,81,187,213,165
88,213,164,-154,-29,201,-130,-84,78,158,219,182
76,254,132,-137,-31,207,-125,-72,56,166,216,158
87,219,127,-148,-35,172,-131,-113,73,177,222,171
86,218,130,-156,-14,188,-141,-92,69,170,215,171
70,224,149,-138,-19,164,-96,-71,70,151,187,140
62,218,129,-147,2,175,-86,-91,66,139,210,125
72,199,120,-146,-13,145,-76,-94,58,156,165,145
39,163,139,-127,-47,158,-79,-79,74,124,131,133
84,175,125,-131,-25,139,-105,-68,45,141,151,109
64,174,118,-110,-45,158,-105,-57,56,116,148,115
46,154,90,-114,-18,134,-101,-67,55,129,145,126
60,156,88,-99,-27,121,-75,-65,58,105,137,103
33,143,91,-113,-9,106,-91,-70,49,96,107,80
42,146,87,-88,-19,96,-66,-62,47,104,98,94
48,105,93,-75,-27,100,-63,-46,35,76,96,96
60,136,81,-74,-31,109,-32,-54,21,80,107,59
19,99,54,-64,-10,84,-47,-51,30,81,93,78
38,113,36,-59,-32,85,-45,-47,30,69,79,55
8,77,72,-82,-17,78,-35,-45,38,49,98,83
27,82,49,-56,-18,75,-38,-37,29,84,76,78
30,72,53,-55,-18,62,-26,-22,25,36,70,62
33,69,44,-53,-2,50,-34,-19,25,42,64,52
31,81,50,-26,-21,48,-47,-13,17,51,59,64
15,86,44,-20,-22,52,-36,-12,8,48,54,39
10,45,42,-71,-8,50,-49,-38,-2,77,40,34
22,49,35,-35,-28,45,-15,-5,0,57,37,22
13,37,39,-30,-14,23,-33,-24,21,29,39,45
16,36,14,-19,-9,30,-26,-24,20,19,33,26
-16,25,17,-24,-6,21,-22,-5,11,44,61,12
7,20,26,-36,2,30,-16,-6,8,30,32,21
21,35,19,-19,-6,36,-21,-19,8,38,39,31
26,33,5,-12,-19,31,-24,-23,10,3,41,35
11,45,17,-11,-12,6,-9,-1,0,19,15,12
-11,27,15,-11,-8,25,-7,-9,-5,17,21,5
11,28,-13,-12,-23,32,-12,-17,-35,-6,-7,21
10,18,-1,-5,24,20,-7,-11,3,6,34,36
-2,14,17,0,4,15,16,-4,2,8,5,7
-7,3,0,13,4,9,-15,-28,-10,3,6,25
12,2,-26,-20,-10,17,-1,-10,-7,-14,16,-8
22,-3,14,-8,-2,13,9,11,4,9,9,22
16,26,-10,-3,-21,16,-6,26,-13,22,15,0
0,24,1,-6,9,5,3,-27,39,11,-1,14
-13,11,0,-18,-1,13,-3,-22,11,7,10,24
-6,10,-12,-4,-10,2,9,1,9,10,-6,8
-4,-5,13,25,-19,10,17,8,17,-9,6,5
-10,1,11,7,0,9,-10,-12,-12,-1,-20,-9
10,6,7,8,8,-13,0,-23,-21,-7,-3,10
6,4,26,20,-1,-1,15,-2,6,0,-4,10
-15,0,-5,-12,20,-2,9,-4,15,-8,3,4
5,5,-3,17,-18,3,2,-5,-16,-5,4,-11
-2,-11,-4,13,11,-27,6,-9,-12,-6,-20,-9
-2,-16,3,4,16,-14,16,15,-14,4,-24,-24
-3,-21,-13,15,20,-13,16,23,0,-7,-34,-18
-7,-19,-28,8,-16,-23,48,3,-21,-25,-39,-41
-10,-26,-20,15,13,-50,29,25,-32,-31,-39,-41
-25,-68,-49,43,-3,-27,10,31,-15,-37,-58,-29
-27,-66,-21,44,24,-85,35,37,-21,-42,-40,-48
-22,-99,-35,36,-11,-59,47,18,-17,-52,-40,-71
-31,-81,-53,54,3,-62,34,47,-17,-62,-67,-66
-32,-101,-55,63,9,-69,65,17,-14,-72,-95,-52
-35,-114,-61,65,21,-108,75,45,-42,-80,-110,-101
-58,-108,-86,73,24,-111,63,37,-50,-105,-109,-57
-20,-124,-81,87,11,-127,91,45,-29,-112,-124,-84
-50,-139,-83,100,20,-109,71,52,-39,-88,-129,-120
-57,-156,-98,92,31,-114,75,37,-57,-111,-143,-110
-51,-165,-103,105,13,-137,91,72,-37,-137,-154,-109
-69,-162,-128,119,30,-127,103,61,-54,-117,-138,-105
-52,-157,-101,114,22,-143,92,83,-41,-116,-138,-111
-72,-148,-103,99,20,-155,82,76,-57,-119,-148,-90
-63,-128,-105,99,2,-119,80,67,-46,-135,-133,-80
-53,-130,-65,90,16,-86,68,47,-53,-94,-117,-83
-49,-103,-58,72,2,-78,50,24,-33,-83,-73,-82
-30,-73,-33,17,3,-67,23,31,-40,-55,-83,-58
-9,1,-15,16,7,-22,2,-13,0,-24,-19,-3
12,31,29,13,-21,20,-43,-18,22,8,10,15
38,87,38,-54,-18,74,-72,-37,12,55,81,53
57,141,106,-87,-26,124,-80,-60,32,112,132,115
57,202,124,-146,-29,209,-128,-102,66,169,201,172
104,296,203,-204,-43,253,-160,-116,89,216,241,222
146,390,265,-259,-66,306,-195,-147,132,287,367,252
168,461,321,-319,-73,376,-255,-196,145,331,412,322
193,537,361,-378,-70,491,-293,-233,179,424,515,397
225,656,426,-451,-114,537,-352,-254,216,476,586,452
274,727,486,-505,-97,626,-401,-306,231,561,657,527
273,824,528,-566,-101,684,-446,-336,239,614,744,570
308,890,612,-602,-126,767,-499,-363,260,692,801,628
358,965,620,-662,-156,815,-545,-385,262,723,886,678
363,1021,649,-689,-153,836,-568,-417,301,769,931,711
377,1058,688,-733,-151,897,-564,-425,342,793,951,738
372,1090,704,-723,-145,908,-601,-422,341,810,967,771
380,1102,721,-728,-168,894,-593,-446,339,825,977,764
379,1052,691,-720,-143,889,-595,-443,312,787,978,754
347,1043,665,-718,-172,860,-567,-427,304,774,937,723
356,1001,637,-673,-136,841,-545,-377,312,739,895,699
346,952,620,-639,-151,799,-502,-370,272,722,846,672
309,835,559,-591,-132,717,-482,-346,270,638,799,598
288,827,516,-552,-109,652,-434,-320,230,594,702,555
252,718,453,-468,-110,611,-393,-292,204,544,612,494
210,604,385,-441,-92,479,-342,-247,191,451,557,429
170,500,328,-352,-95,419,-285,-188,162,374,454,367
140,426,270,-286,-61,342,-250,-152,118,307,382,283
116,302,209,-199,-70,253,-187,-122,86,247,283,232
87,223,121,-152,-36,203,-110,-100,65,172,225,169
42,139,94,-110,-20,108,-84,-49,32,82,121,70
23,47,45,-47,-2,52,-29,-9,14,28,76,30
-7,-2,-5,4,8,-32,1,18,-22,13,-16,-32
-26,-92,-46,66,15,-77,37,26,-36,-61,-51,-62
-44,-123,-85,94,50,-93,80,61,-27,-98,-117,-104
-56,-179,-98,107,22,-138,113,55,-68,-144,-183,-142
-92,-205,-133,150,37,-182,105,66,-66,-167,-179,-134
-84,-222,-167,162,48,-204,134,98,-69,-182,-221,-163
-103,-257,-170,180,51,-215,147,113,-97,-202,-223,-186
-117,-275,-166,207,40,-224,129,85,-80,-201,-259,-177
-113,-266,-171,212,37,-233,177,100,-93,-210,-247,-209
-86,-271,-168,174,29,-219,132,132,-80,-200,-234,-192
-105,-280,-179,176,46,-211,171,131,-70,-208,-235,-196
-90,-254,-160,195,28,-222,142,103,-62,-213,-226,-203
-91,-232,-167,172,42,-195,152,104,-72,-187,-209,-161
-68,-228,-149,156,23,-203,105,82,-57,-158,-203,-168
-33,-208,-118,136,28,-190,104,95,-44,-154,-212,-149
-62,-206,-106,136,29,-157,100,56,-64,-130,-163,-125
-71,-153,-113,125,17,-159,80,70,-33,-121,-156,-100
-49,-145,-113,95,9,-105,72,66,-39,-104,-143,-101
-27,-138,-63,90,6,-84,81,59,-11,-90,-121,-106
-42,-112,-98,85,18,-95,47,49,-45,-74,-117,-74
-32,-100,-65,69,21,-78,53,25,-26,-72,-73,-63
-34,-75,-47,41,3,-54,38,43,-19,-60,-67,-61
-26,-56,-52,43,5,-50,21,46,-6,-40,-79,-54
-21,-42,-14,59,15,-50,25,14,-10,-48,-34,-43
-15,-59,-26,38,0,-36,37,2,-14,-22,-40,-29
30,-58,-12,15,-3,-22,31,6,0,-32,-31,-45
-11,-27,-19,12,16,-34,23,15,-21,0,-43,-37
-1,-14,4,6,-1,-31,10,16,-19,-23,-28,-22
-21,-22,-16,7,-7,-14,23,15,-14,-14,-8,-15
0,-16,-22,4,-2,-18,5,20,-22,-13,-24,-15
-14,-24,-11,14,-2,-12,22,24,-4,-22,1,-5
-5,-29,-13,29,4,-14,8,-8,6,-7,-25,1
5,1,-9,-15,-6,-6,10,-12,-11,-25,-17,-27
-17,2,10,40,1,-28,4,13,10,-4,-13,-35
4,2,-1,33,0,8,11,28,-22,-5,-27,-25
-3,-15,-11,30,-19,3,16,12,1,-6,-13,-14
-12,-23,-4,-11,4,-19,-7,-11,11,6,-10,6
-15,3,-4,-1,3,-18,-16,-1,20,-14,-17,-7
-5,-16,0,-24,18,5,17,6,2,5,-5,-15
-15,-6,7,11,-6,4,-13,5,16,11,-39,-3
-27,-3,4,-27,-12,0,9,21,-5,5,-13,-13
6,-2,5,15,-6,4,-9,-19,8,-22,-29,-2
4,-24,-6,-5,6,4,2,-3,6,28,-18,-13
9,-32,8,-14,-8,-20,-7,-8,2,1,21,-19
-11,-22,-8,-4,19,12,-4,7,2,-5,-10,-11
-19,-2,-1,0,-15,8,-19,15,8,4,-12,6
-13,-25,-19,3,-13,-4,1,14,9,-6,-26,-18
-4,-9,22,-15,-17,3,12,-5,15,-18,-11,-15
1,-8,19,9,-1,-4,10,4,7,7,-4,-6
-25,-24,-1,3,-12,-9,-4,-6,-1,2,15,1
12,24,30,24,1,5,-23,-7,5,7,6,-2
7,20,18,0,17,0,-25,1,-3,-5,-5,4
22,14,-18,16,-8,-4,-14,16,3,21,-13,-24
-18,16,23,-27,9,4,10,13,11,23,-10,35
17,7,5,-2,-20,-1,-13,8,-7,14,-34,14
6,14,24,-7,1,7,-16,-11,-13,2,8,15
14,23,9,-7,-1,10,-30,12,7,-16,11,10
15,-5,10,-14,20,41,-1,-4,6,33,16,6
30,27,16,-12,-19,-16,-16,-13,13,15,3,0
6,18,21,-10,1,8,-10,-23,-2,9,18,17
13,18,33,2,2,12,-9,-17,-7,38,18,6
3,40,30,-12,25,32,-3,30,-2,11,19,6
4,22,18,-15,-2,25,-13,2,-3,14,32,3
-9,23,19,-40,6,20,-13,-18,9,1,20,26
26,39,30,-23,-19,66,-18,-7,22,30,27,29
23,45,9,-14,14,32,-23,-53,8,43,38,8
-6,53,33,-33,9,45,-25,-13,-1,26,43,40
13,32,21,-26,-6,21,-47,-7,21,32,39,43
16,58,6,-39,-18,26,-20,-19,19,44,35,62
20,70,56,-59,15,21,-26,-28,25,45,29,39
22,48,31,-42,13,54,-18,-26,14,35,43,39
32,48,56,-54,-4,47,-28,-24,20,48,58,54
39,69,30,-48,2,73,-39,-17,23,77,69,40
37,85,37,-36,-14,76,-25,-51,19,68,60,61
32,79,58,-52,-5,69,-44,-46,29,72,76,63
23,70,50,-24,-7,74,-35,-21,20,53,74,51
42,100,44,-34,-22,82,-39,-35,8,53,68,62
37,102,66,-60,-2,94,-59,-21,31,94,92,50
53,99,58,-39,-1,86,-57,-42,19,92,103,91
3,129,65,-63,-27,92,-63,-43,23,97,95,64
57,89,66,-82,-3,76,-60,-61,38,96,120,87
14,126,66,-93,-2,91,-48,-56,32,92,109,59
31,115,82,-81,-29,119,-67,-40,55,86,103,78
39,139,94,-94,-17,110,-64,-55,24,111,118,103
64,140,100,-100,-20,105,-88,-59,29,109,150,81
80,156,88,-108,-13,148,-81,-56,52,102,140,85
65,148,110,-107,-37,98,-79,-38,51,107,157,104
65,143,101,-124,-34,119,-85,-64,53,106,132,111
57,168,99,-97,-16,150,-89,-79,55,143,160,102
81,181,100,-123,-31,159,-99,-63,30,134,164,108
46,184,130,-128,-19,163,-94,-68,83,140,157,150
50,198,149,-133,-23,171,-125,-57,47,141,179,143
51,213,130,-124,-36,151,-115,-74,53,143,156,171
85,195,139,-130,-51,166,-110,-71,68,131,189,127
81,196,157,-154,-36,192,-105,-95,48,169,186,171
68,217,140,-141,-26,183,-121,-72,87,159,194,145
70,221,168,-166,-48,189,-124,-87,62,177,227,119
106,229,151,-148,-19,206,-141,-94,69,159,216,156
91,249,168,-154,-41,219,-135,-98,70,192,210,170
97,256,165,-191,-34,221,-150,-88,53,201,250,166
95,260,174,-178,-41,220,-121,-109,79,186,246,186
97,278,148,-183,-27,227,-129,-132,66,204,212,160
111,263,183,-200,-53,220,-157,-118,73,195,240,181
100,276,169,-188,-30,240,-141,-117,98,231,255,184
84,286,188,-190,-28,241,-166,-115,114,230,260,187
101,292,203,-202,-46,259,-166,-139,86,230,263,192
97,297,198,-190,-31,242,-153,-120,99,220,282,222
119,298,202,-208,-63,249,-180,-116,61,235,275,201
119,316,197,-224,-40,268,-174,-128,109,245,279,212
107,327,226,-222,-46,271,-202,-139,81,253,286,219
122,311,208,-229,-42,272,-182,-140,117,252,286,233
130,337,223,-234,-59,267,-198,-129,70,235,300,223
102,338,226,-241,-34,302,-175,-147,113,269,315,232
129,354,226,-247,-57,277,-191,-152,99,245,329,222
137,341,231,-246,-55,287,-188,-119,92,259,325,249
131,365,239,-250,-42,315,-197,-108,119,265,303,282
122,375,227,-247,-51,303,-203,-153,119,257,338,278
135,370,225,-259,-56,316,-211,-156,94,271,347,251
110,373,250,-275,-61,311,-226,-139,109,305,351,274
145,380,263,-271,-53,322,-195,-144,123,289,346,272
126,394,247,-249,-69,318,-215,-136,127,292,328,273
156,386,256,-266,-61,328,-226,-146,114,302,327,277
140,381,248,-267,-50,360,-227,-162,114,319,344,261
122,409,239,-245,-62,337,-211,-158,117,300,350,274
149,400,252,-290,-66,320,-230,-147,139,317,343,286
133,376,246,-262,-56,326,-212,-154,114,305,350,282
148,400,242,-267,-37,326,-233,-159,119,297,356,270
122,382,259,-266,-57,324,-207,-141,133,293,378,287
142,395,272,-263,-50,338,-212,-175,114,302,347,298
147,394,254,-261,-54,343,-231,-173,81,302,365,272
156,393,260,-274,-75,340,-225,-164,109,305,348,270
153,395,255,-274,-69,328,-217,-163,111,298,357,282
150,417,248,-253,-46,324,-219,-166,104,304,351,294
127,413,221,-271,-60,342,-236,-154,131,298,345,261
147,378,234,-276,-58,289,-248,-158,128,290,367,269
146,408,261,-241,-52,352,-240,-166,110,298,344,269
131,378,261,-255,-33,328,-228,-146,118,284,351,247
132,373,234,-277,-35,338,-225,-145,118,280,336,277
125,376,226,-267,-42,308,-201,-176,109,281,332,264
135,365,259,-252,-56,310,-220,-145,145,296,339,247
152,358,241,-260,-50,337,-212,-147,110,273,314,265
123,365,245,-254,-59,320,-190,-140,118,271,331,267
141,371,246,-229,-65,298,-214,-136,97,289,327,268
121,379,249,-261,-64,288,-214,-149,105,259,327,255
118,344,225,-232,-49,292,-184,-126,107,260,330,249
109,343,222,-238,-38,268,-200,-153,124,267,303,234
118,356,242,-223,-48,290,-186,-127,87,264,309,234
138,355,211,-248,-69,270,-201,-147,126,259,311,257
124,327,203,-216,-29,264,-182,-120,100,250,304,234
105,330,217,-212,-52,282,-193,-137,60,260,300,224
106,351,208,-215,-60,248,-177,-123,102,218,273,227
123,282,207,-214,-66,266,-178,-117,90,225,291,226
116,311,209,-201,-56,222,-147,-123,84,239,263,211
92,297,177,-226,-67,244,-174,-127,104,209,273,209
95,284,188,-190,-47,259,-119,-134,89,224,234,208
132,286,193,-184,-36,218,-179,-117,72,214,242,198
80,276,178,-195,-30,226,-137,-98,94,211,246,182
86,254,160,-191,-15,228,-125,-103,72,216,240,190
89,239,181,-169,-51,200,-169,-107,70,191,228,196
101,248,154,-169,-49,197,-144,-94,105,200,215,177
82,231,171,-155,-38,173,-133,-96,83,185,219,167
108,229,159,-163,-51,204,-123,-86,71,201,206,162
63,222,144,-140,-31,173,-104,-88,58,170,208,144
101,219,146,-164,-35,185,-135,-86,55,162,180,156
72,189,134,-170,-21,170,-118,-85,54,159,150,142
63,183,116,-99,-55,156,-121,-69,46,154,190,138
46,182,121,-128,-36,151,-123,-74,51,144,169,141
77,165,126,-110,-27,150,-112,-78,40,117,168,136
49,169,93,-129,-28,135,-89,-58,65,131,144,91
52,161,107,-110,-19,161,-68,-61,69,120,132,129
50,157,102,-110,-31,114,-84,-74,39,112,123,96
66,158,99,-101,-19,104,-92,-81,30,108,135,98
54,136,95,-85,-28,115,-69,-47,23,91,116,116
52,123,90,-66,1,122,-43,-31,44,94,110,74
53,103,83,-90,-25,96,-48,-42,24,72,108,91
10,122,74,-95,-35,96,-43,-68,34,83,83,72
52,116,70,-52,2,84,-56,-41,28,72,75,73
39,118,53,-71,-16,69,-48,-31,15,89,97,70
33,60,55,-60,-7,60,-56,-33,27,63,74,65
41,89,44,-51,3,66,-46,-18,16,46,96,53
10,57,47,-66,-7,70,-29,-38,55,57,90,53
26,65,38,-69,4,56,-22,-51,28,49,69,41
42,76,35,-23,4,42,-6,-28,19,29,80,56
11,47,47,-42,-28,37,5,-44,15,37,58,40
-1,57,25,-43,-5,44,-42,-30,1,40,30,36
10,19,13,-41,-9,34,-23,-4,14,39,39,25
35,35,32,-27,-16,17,-11,-24,6,9,29,21
14,13,21,-9,8,32,-36,-12,17,23,25,14
6,43,14,-21,3,16,-10,8,13,24,19,4
10,14,18,-11,-8,28,-15,-10,6,17,24,-15
13,4,-4,1,18,20,-29,-13,8,6,14,3
-16,11,18,-7,-7,4,-20,9,17,37,13,27
-12,-1,12,-17,-3,-8,2,7,3,-18,-16,2
-16,-16,5,-7,-22,-7,14,-2,-12,5,-14,-2
-19,-15,-13,12,-14,9,-12,13,-4,-10,8,8
-2,-11,-7,12,-1,-21,1,5,-22,-16,-14,-3
-14,-16,-18,-2,4,-15,-4,17,3,-27,-16,-3
-7,-21,-14,38,1,-3,-16,-1,13,-12,-34,-27
-10,-14,-12,-19,0,-18,10,20,-4,-6,-21,-12
3,-43,-2,-2,10,-32,17,25,7,-23,-13,-30
-8,-3,-27,36,9,-9,1,3,-4,-27,-29,-31
-16,-54,-8,20,29,-28,19,6,0,11,-39,-15
3,-54,-25,28,4,-37,19,15,6,-23,-31,-11
-6,-18,-29,32,18,-37,9,5,-33,-48,-24,-23
-6,-31,-18,36,17,-20,20,7,-11,-24,-27,-21
-8,-60,-29,18,13,-46,23,22,-30,-43,-35,-16
-27,-56,-28,14,-18,-42,29,17,5,-37,-56,-44
-19,-64,-7,45,9,-15,12,20,-13,-23,-46,-13
-13,-56,-36,22,-10,-60,5,25,-25,-32,-35,-46
-23,-51,-27,42,4,-47,23,25,-17,-39,-43,-28
-24,-68,-43,38,5,-33,27,21,-9,-33,-45,-18
-25,-64,-48,43,-5,-40,0,22,-37,-46,-42,-48
6,-65,-26,51,27,-48,18,36,-3,-33,-53,-46
-30,-59,-47,52,5,-39,34,30,-2,-39,-65,-37
-26,-55,-43,28,-8,-55,43,19,-42,-23,-56,-33
-24,-82,-30,26,-5,-42,51,26,-16,-62,-54,-38
-23,-63,-35,25,0,-52,23,18,-26,-41,-50,-55
-12,-63,-31,46,28,-43,33,26,-12,-52,-42,-23
-16,-66,-62,47,11,-49,27,18,-20,-31,-54,-30
-27,-81,-23,51,26,-43,24,25,-10,-46,-67,-56
-27,-58,-39,46,7,-43,42,33,-8,-58,-73,-38
-11,-73,-36,61,26,-59,55,21,0,-65,-90,-43
-6,-55,-46,68,14,-79,51,15,-33,-64,-67,-52
-1,-75,-24,52,28,-79,54,23,-8,-50,-65,-43
-13,-66,-42,57,43,-60,27,15,-23,-52,-88,-46
-32,-47,-52,32,-17,-85,48,42,-7,-59,-87,-32
-22,-62,-64,54,9,-83,30,33,-9,-52,-71,-25
-17,-81,-44,68,8,-67,42,30,-25,-55,-50,-44
-21,-88,-44,58,5,-67,54,11,-19,-39,-62,-48
-25,-96,-68,45,-8,-60,38,24,-21,-48,-66,-56
-21,-83,-37,58,13,-50,27,39,-31,-41,-65,-47
-40,-87,-21,51,5,-74,47,24,-31,-73,-64,-63
-61,-89,-44,72,7,-69,28,46,-23,-43,-56,-60
-47,-78,-54,49,25,-47,59,25,-16,-71,-61,-67
-34,-56,-52,36,2,-89,50,25,-22,-64,-63,-62
-29,-78,-46,59,10,-57,43,15,-32,-53,-58,-47
-37,-91,-43,45,31,-64,46,17,-25,-50,-85,-42
-21,-83,-25,48,12,-89,61,27,-29,-70,-73,-71
-62,-81,-32,40,7,-45,73,41,-18,-52,-86,-56
-48,-79,-42,59,5,-59,35,23,-50,-42,-78,-73
-10,-76,-51,51,4,-65,57,35,-39,-59,-75,-54
-17,-81,-53,61,-7,-57,43,39,-22,-61,-73,-53
-38,-77,-59,84,30,-41,51,30,-20,-61,-73,-48
-30,-102,-60,33,21,-79,44,62,-34,-61,-90,-66
0,-70,-47,60,10,-76,44,6,-18,-81,-90,-59
-11,-100,-50,48,10,-69,34,27,-2,-50,-63,-32
-35,-92,-44,43,13,-90,28,36,-6,-74,-73,-58
-27,-76,-41,39,3,-92,41,23,-20,-58,-72,-50
-35,-59,-61,37,15,-62,33,46,-17,-70,-65,-70
-11,-62,-39,57,34,-45,33,17,-45,-55,-84,-41
-26,-74,-47,62,12,-80,52,61,-13,-55,-81,-41
-8,-81,-35,51,9,-72,46,29,-12,-31,-72,-53
-40,-64,-68,54,16,-60,43,23,-1,-57,-49,-65
-30,-76,-70,56,-2,-67,52,47,-49,-51,-59,-62
-3,-103,-59,69,19,-60,47,35,-35,-73,-69,-50
-40,-63,-50,44,16,-57,43,31,-34,-62,-81,-39
-28,-85,-61,41,17,-74,45,23,-29,-56,-75,-80
-32,-92,-44,56,34,-84,58,23,-34,-76,-84,-42
-33,-65,-36,54,16,-67,28,7,-33,-41,-91,-44
-41,-81,-43,41,7,-76,52,59,-13,-86,-61,-56
-42,-89,-53,44,32,-47,44,31,-33,-57,-93,-63
-35,-81,-54,59,9,-63,47,23,-27,-57,-62,-39
-24,-75,-64,58,-3,-77,48,23,-37,-73,-75,-43
-45,-46,-40,55,5,-91,54,4,-25,-74,-86,-51
-35,-93,-54,55,7,-72,48,32,-50,-53,-63,-67
-26,-84,-39,54,11,-51,45,26,-36,-57,-79,-44
-16,-97,-58,46,27,-52,63,42,-29,-32,-66,-37
-24,-75,-68,49,35,-75,45,38,-21,-51,-93,-57
-27,-107,-39,62,-8,-56,48,29,-24,-48,-54,-60
-27,-79,-59,58,21,-69,48,50,-32,-41,-65,-55
-12,-83,-61,46,24,-71,55,21,-51,-61,-84,-46
-29,-103,-59,46,18,-45,44,29,-37,-59,-80,-66
-43,-83,-44,55,17,-86,37,34,-26,-52,-57,-56
-19,-74,-50,52,-4,-72,68,15,-12,-76,-55,-51
-33,-71,-50,45,12,-67,43,26,-13,-50,-84,-53
-19,-87,-55,77,37,-64,37,30,-27,-65,-69,-54
-7,-80,-41,29,18,-72,41,45,-6,-40,-83,-50
-23,-70,-35,59,22,-62,60,41,-7,-64,-92,-43
-32,-70,-48,40,3,-75,25,19,-5,-56,-58,-42
-45,-104,-40,71,20,-74,38,36,-16,-62,-68,-33
-25,-65,-44,36,15,-55,38,44,-20,-70,-57,-70
-50,-77,-65,79,0,-51,29,33,-23,-63,-65,-67
-37,-78,-15,51,12,-63,22,33,-13,-63,-65,-64
-32,-86,-82,36,18,-58,32,25,-16,-49,-70,-43
-27,-77,-44,12,18,-55,48,21,-33,-65,-71,-48
-43,-70,-55,47,17,-75,54,40,-12,-48,-61,-43
-22,-75,-58,49,13,-44,42,33,-2,-58,-65,-64
-29,-76,-48,42,27,-85,33,54,-22,-65,-80,-51
-19,-76,-54,54,26,-46,21,14,-13,-76,-70,-53
-18,-74,-28,29,17,-57,59,54,-43,-53,-70,-30
-26,-72,-72,47,13,-90,50,32,-31,-45,-52,-46
-37,-71,-29,44,5,-63,45,28,-30,-80,-67,-53
-25,-71,-55,36,13,-63,40,32,-4,-35,-58,-72
-32,-66,-39,36,19,-49,52,40,-22,-54,-70,-45
-42,-95,-48,56,30,-54,34,22,-26,-71,-60,-49
-33,-70,-52,46,8,-66,28,53,-17,-57,-64,-74
-39,-63,-32,63,8,-71,51,47,-19,-64,-49,-62
-20,-85,-48,41,12,-65,56,46,-12,-38,-52,-70
-13,-91,-49,74,28,-50,12,28,-28,-48,-65,-44
8,-74,-24,36,12,-55,44,33,2,-58,-56,-37
-8,-74,-50,44,9,-64,48,14,-21,-47,-73,-19
-9,-71,-55,49,24,-62,37,24,-12,-41,-84,-43
-16,-82,-41,49,16,-62,36,46,-22,-59,-77,-61
-23,-91,-54,36,13,-61,47,15,-32,-65,-51,-57
-31,-56,-64,69,23,-65,73,24,-18,-62,-81,-53
-4,-90,-44,55,20,-59,33,41,-32,-56,-57,-43
-21,-103,-58,52,0,-54,41,33,-39,-65,-60,-18
-47,-73,-21,55,19,-51,45,32,-12,-57,-70,-70
-39,-76,-60,49,7,-72,57,40,-48,-44,-61,-45
-29,-80,-68,52,19,-43,25,36,-22,-80,-68,-37
-25,-68,-47,45,15,-62,61,19,-20,-61,-54,-43
-22,-69,-19,39,1,-51,53,34,-34,-71,-63,-26
-50,-90,-30,56,0,-39,34,22,-29,-58,-68,-54
-32,-84,-44,39,10,-67,13,21,-35,-56,-63,-42
-19,-86,-58,79,6,-62,32,55,-7,-52,-73,-62
-14,-48,-42,50,24,-64,43,23,-18,-78,-67,-57
-25,-81,-32,40,42,-35,43,38,-18,-67,-64,-34
-39,-56,-40,42,23,-64,29,35,-8,-58,-54,-44
-35,-72,-40,42,5,-56,24,22,-29,-67,-39,-32
-28,-66,-47,49,5,-57,25,45,-21,-40,-65,-66
-35,-77,-24,57,14,-56,29,51,0,-61,-44,-45
-42,-84,-41,41,24,-58,43,15,-6,-37,-64,-57
-33,-65,-27,42,21,-55,51,26,-32,-43,-64,-40
-18,-60,-38,47,-7,-71,34,29,-18,-64,-68,-56
-23,-63,-30,52,10,-56,39,16,-2,-53,-60,-33
-32,-73,-66,47,-4,-62,41,17,-21,-45,-85,-61
-45,-51,-49,50,10,-81,50,28,-8,-45,-40,-50
-11,-66,-60,57,33,-35,25,7,-21,-37,-46,-38
-16,-73,-46,43,3,-64,56,38,-18,-43,-69,-44
-48,-65,-57,41,5,-53,38,12,-28,-42,-78,-53
-40,-62,-49,32,3,-63,68,9,-9,-59,-53,-36
-10,-51,-65,43,-1,-59,48,24,-3,-41,-68,-47
-13,-67,-53,48,14,-74,34,20,-16,-47,-50,-40
-51,-79,-53,64,23,-50,53,44,-27,-58,-51,-61
-19,-63,-19,42,16,-58,27,36,-26,-64,-57,-24
-24,-72,-41,21,-12,-67,48,42,-21,-65,-63,-45
-21,-68,-42,64,3,-41,51,21,-18,-54,-55,-40
-3,-86,-40,25,-5,-47,21,22,-26,-52,-59,-39
-19,-69,-69,51,20,-53,39,25,-44,-18,-63,-68
-36,-35,-30,64,11,-57,55,34,-21,-54,-74,-56
-37,-66,-40,23,21,-53,28,42,-14,-41,-56,-48
-34,-43,-41,43,18,-40,33,25,-34,-61,-66,-66
-49,-66,-39,32,36,-45,23,38,-20,-52,-57,-33
-46,-63,-50,38,-1,-42,36,36,-4,-47,-51,-36
-22,-83,-31,50,9,-54,50,15,-24,-55,-53,-52
-28,-46,-55,44,-11,-54,46,6,-32,-46,-46,-41
-17,-63,-47,58,15,-51,50,22,-30,-54,-68,-51
-52,-73,-62,49,-16,-59,51,32,-20,-77,-57,-42
-21,-62,-24,40,21,-45,43,25,-16,-46,-36,-52
-28,-71,-43,28,17,-52,26,14,-31,-35,-52,-42
-7,-69,-26,15,0,-58,47,11,-20,-64,-45,-47
-20,-62,-64,28,18,-56,26,22,-27,-40,-53,-44
-14,-79,-41,63,-14,-78,33,14,-10,-38,-49,-49
-16,-56,-43,30,24,-39,30,64,-15,-48,-38,-41
-7,-74,-28,43,6,-45,37,24,-22,-38,-61,-31
-35,-71,-23,50,13,-39,35,18,1,-45,-51,-48
-26,-60,-64,42,3,-57,29,18,-13,-32,-47,-59
-32,-66,-71,21,18,-67,36,30,-24,-34,-45,-24
2,-67,-27,47,8,-49,17,13,-50,-35,-51,-30
-23,-78,-23,58,11,-51,26,22,-25,-37,-61,-39
-25,-57,-45,50,12,-48,37,-11,-28,-29,-55,-41
-4,-90,-50,47,0,-73,8,35,-11,-16,-53,-46
-11,-65,-29,57,-2,-57,9,40,-35,-54,-47,-49
-24,-65,-24,33,-6,-52,38,28,-8,-29,-36,-41
-11,-38,-57,43,18,-30,40,23,-4,-67,-33,-54
-5,-64,-21,36,18,-46,37,11,9,-24,-72,-30
15,-51,-43,21,11,-31,18,15,-38,-40,-44,-31
-2,-56,-27,39,-1,-44,52,19,0,-47,-25,-45
0,-51,-23,23,33,-58,15,31,-3,-39,-39,-24
-9,-54,-30,54,-15,-40,11,19,-5,-32,-33,-26
-31,-42,-39,19,0,-23,14,18,-27,-29,-54,-42
-21,-49,-37,32,1,-19,24,14,-8,-30,-42,-45
-19,-29,-13,17,23,-53,20,5,-6,-29,-35,-15
5,-14,-25,29,-6,-29,34,-5,4,-3,-60,-23
0,-27,-6,8,5,-21,5,-4,-4,-17,-47,-17
12,-17,3,40,2,-34,12,-6,0,-16,-36,-25
3,-30,-23,33,0,-27,19,7,-5,-29,-21,-16
10,-14,-5,25,-5,-12,17,29,11,-33,-23,-6
-19,-11,-21,1,2,-12,5,4,-16,-47,-39,-16
-9,-8,-1,15,7,-28,4,2,-7,6,19,-9
18,-7,-17,14,-13,-9,-2,5,-11,-8,-9,-12
-5,-6,4,0,15,-9,27,0,-35,-11,9,2
17,9,42,6,20,-25,-21,-11,6,8,4,-9
-21,-6,7,-13,-13,4,14,-8,15,10,6,1
14,18,21,-34,-3,8,0,15,-5,-9,23,3
4,23,18,-2,24,7,-6,-5,8,11,21,24
25,22,13,-30,10,21,-30,9,10,8,8,-3
22,13,52,-40,-5,12,-11,-29,20,20,40,15
22,43,18,0,3,12,-20,-4,5,22,24,56
20,22,33,-29,-1,41,-22,-13,5,20,39,20
6,64,43,-40,-3,59,-38,-2,18,33,50,44
28,62,38,-27,-15,48,-46,-58,9,38,47,43
20,76,42,-35,-13,42,-26,-18,42,43,54,54
24,65,55,-49,22,64,-46,-24,22,41,55,54
38,70,48,-34,-24,86,-68,-24,26,54,75,78
26,81,60,-54,5,92,-62,-30,21,83,97,82
33,100,54,-48,-1,109,-54,-27,29,94,67,51
18,107,73,-38,-28,86,-61,-75,27,81,91,63
23,123,82,-67,6,104,-60,-39,39,93,106,86
62,142,92,-88,-24,104,-72,-65,32,111,116,91
56,126,98,-70,-6,98,-67,-54,29,118,127,74
59,133,83,-113,-32,75,-57,-34,29,90,97,102
64,125,103,-72,-17,148,-83,-53,46,99,151,108
44,167,63,-88,-29,105,-69,-42,29,103,123,95
67,172,104,-117,-5,120,-81,-53,55,125,153,105
57,155,106,-111,-49,155,-91,-45,57,103,144,109
68,173,93,-103,-26,149,-93,-60,37,118,145,121
69,186,112,-116,-29,143,-69,-65,49,137,156,128
69,186,95,-130,-24,140,-78,-75,62,118,165,114
69,178,134,-120,-10,168,-101,-90,60,145,206,107
70,197,130,-138,-24,151,-78,-66,54,156,192,117
70,172,121,-118,-26,153,-92,-93,69,142,162,154
83,184,128,-133,-48,171,-118,-72,48,138,167,114
72,171,135,-133,-34,175,-70,-79,45,129,178,123
75,195,119,-132,-22,152,-126,-65,29,148,177,150
79,181,131,-133,-42,138,-102,-71,82,143,187,148
61,226,108,-121,-14,151,-108,-99,80,152,168,139
58,213,113,-126,-28,159,-113,-84,55,156,184,144
111,191,147,-132,-25,177,-129,-78,69,143,168,135
53,199,109,-134,-15,169,-80,-70,63,157,169,122
67,194,113,-124,-47,166,-89,-59,73,169,147,147
68,184,128,-119,-13,160,-108,-66,52,153,153,133
80,206,119,-111,-30,172,-102,-73,52,150,158,125
85,188,122,-136,-27,143,-105,-74,76,148,146,166
75,183,101,-144,-58,150,-105,-65,61,129,162,122
40,194,120,-78,-24,145,-109,-89,58,136,164,107
70,162,107,-122,-29,130,-69,-97,48,116,129,116
60,168,103,-89,-38,136,-108,-57,54,129,156,119
57,134,105,-100,-23,129,-85,-54,36,135,122,108
51,160,102,-90,-30,113,-91,-64,10,118,145,94
62,134,88,-101,-37,117,-75,-55,55,104,125,99
46,123,91,-85,-22,104,-75,-60,24,108,130,97
66,128,77,-93,-10,95,-53,-56,24,78,101,93
56,111,92,-69,-21,100,-38,-60,39,80,74,87
31,93,49,-69,-23,75,-54,-59,32,99,97,65
32,104,49,-69,-1,69,-50,-65,36,77,80,84
43,94,73,-79,-27,96,-75,-34,22,61,85,91
34,69,51,-79,-8,66,-41,-41,39,49,95,79
35,88,40,-62,-27,68,-29,-34,19,60,84,60
39,73,40,-52,-2,49,-27,-25,45,51,66,46
10,62,67,-44,0,37,-26,-3,31,65,39,35
32,46,36,-33,-9,49,-39,-19,11,36,37,42
14,50,10,-19,-14,44,-31,-32,12,43,44,14
28,19,32,-21,14,27,-44,-11,19,5,27,28
4,36,24,-12,-4,29,-19,-14,4,29,32,14
32,26,48,-23,0,23,-15,-5,20,33,9,22
-4,11,16,1,1,35,-34,-10,10,1,32,15
0,-13,7,-5,-13,7,5,7,-23,-14,1,-2
6,19,-2,-2,-1,9,12,-8,0,-6,-5,-3
-2,-9,9,5,11,5,10,6,20,-6,-15,10
-17,-5,-21,3,-6,-10,28,16,-18,-17,18,-18
-1,2,-21,8,-1,10,30,10,4,-21,-3,1
4,-35,-25,18,-1,-15,12,27,6,-15,-46,-13
-11,-44,-15,11,6,-25,3,8,-8,-19,-10,-23
-10,-22,-23,21,-5,-36,6,-8,-20,-23,-31,-7
-11,-50,-6,23,-11,-22,35,-19,3,-21,-25,-21
-8,-48,-42,29,1,-20,50,24,0,-34,-27,-44
-11,-49,-28,23,-6,-42,49,17,9,-33,-28,-34
-9,-51,-8,43,-8,-35,28,6,-10,-48,-55,-41
-18,-27,-31,43,15,-63,23,26,-34,-47,-45,-38
-32,-59,-40,20,25,-68,30,25,-7,-45,-41,-50
-8,-55,-24,36,-4,-45,16,15,-6,-64,-67,-39
-4,-67,-29,23,8,-36,25,16,-7,-44,-65,-54
-6,-60,-33,28,35,-51,27,30,-21,-41,-29,-39
-12,-52,-48,32,5,-53,47,45,-23,-32,-48,-44
-32,-66,-21,37,17,-70,16,26,-35,-43,-53,-25
-12,-78,-37,48,36,-41,14,17,-16,-60,-54,-44
-10,-68,-44,44,9,-42,34,37,-5,-62,-42,-74
-12,-63,-61,56,14,-52,22,31,-6,-61,-48,-41
-42,-58,-41,37,12,-52,21,32,-29,-55,-77,-44
-27,-81,-40,51,-14,-56,35,25,-39,-64,-42,-50
-34,-64,-34,53,-1,-63,49,26,-31,-73,-60,-67
-24,-61,-48,56,17,-88,43,26,-8,-63,-68,-63
-18,-102,-28,28,13,-57,52,25,-21,-78,-74,-61
-31,-79,-33,61,13,-71,43,22,-22,-62,-89,-67
-46,-76,-59,51,6,-59,33,38,-1,-57,-76,-61
-36,-77,-60,54,-1,-73,53,30,-37,-65,-100,-66
-26,-95,-61,59,4,-76,52,31,-35,-59,-89,-71
-2,-103,-59,66,18,-78,72,57,-20,-88,-104,-87
-48,-108,-64,60,28,-81,66,20,-54,-97,-95,-58
-17,-103,-50,66,20,-86,60,41,-11,-85,-77,-79
-29,-122,-85,81,9,-75,57,48,-42,-92,-105,-75
-43,-127,-67,84,25,-88,58,61,-30,-94,-101,-101
-33,-147,-82,72,29,-130,75,40,-43,-99,-113,-77
-58,-130,-96,79,20,-115,82,51,-76,-84,-136,-78
-65,-160,-97,126,23,-114,73,82,-37,-101,-126,-109
-21,-134,-129,90,-1,-109,73,66,-44,-109,-143,-97
-45,-165,-87,117,3,-144,80,67,-65,-127,-166,-128
-63,-177,-97,128,12,-144,109,67,-56,-124,-147,-129
-38,-180,-109,144,15,-161,109,82,-44,-139,-167,-150
-65,-190,-100,145,28,-162,103,67,-71,-163,-183,-133
-65,-209,-132,122,3,-188,105,86,-70,-149,-176,-148
-73,-227,-135,143,29,-184,114,101,-52,-164,-210,-145
-73,-266,-155,165,46,-226,149,99,-97,-178,-204,-152
-80,-261,-170,145,39,-193,130,96,-62,-173,-219,-150
-98,-230,-178,179,40,-216,132,103,-82,-171,-233,-177
-128,-240,-167,175,40,-198,128,102,-113,-186,-208,-167
-86,-245,-155,142,54,-223,122,99,-79,-170,-187,-154
-79,-231,-143,151,13,-180,107,65,-69,-160,-201,-152
-84,-223,-152,151,17,-179,137,89,-52,-145,-201,-144
-52,-184,-137,136,47,-160,79,74,-49,-134,-147,-100
-51,-156,-83,120,48,-123,74,50,-49,-95,-126,-111
-31,-109,-67,66,18,-88,69,53,-13,-85,-93,-88
-16,-65,-33,38,26,-48,21,23,-16,-47,-57,-50
-13,-14,17,7,-6,11,0,17,-9,-12,5,8
23,51,36,-39,-15,49,-32,-12,11,44,63,40
64,133,88,-85,-18,98,-80,-40,27,104,113,81
69,198,126,-134,-28,170,-102,-94,70,155,209,130
103,299,198,-200,-54,238,-152,-110,110,232,240,189
142,346,245,-253,-63,322,-214,-153,121,282,348,271
179,488,308,-319,-71,395,-273,-174,146,350,436,336
212,567,339,-379,-80,462,-322,-239,174,409,488,387
219,638,434,-447,-85,531,-354,-276,188,486,596,436
248,763,490,-506,-101,622,-400,-293,234,577,664,496
296,831,544,-564,-134,728,-436,-317,258,609,737,600
296,875,576,-606,-136,746,-490,-351,253,674,794,628
346,940,626,-661,-150,774,-523,-375,282,705,852,676
343,979,640,-664,-138,827,-549,-398,282,721,889,687
358,1012,653,-690,-156,838,-560,-386,303,750,904,706
354,1018,652,-693,-150,844,-545,-408,314,769,923,714
390,987,633,-696,-156,814,-541,-416,288,742,905,706
355,970,657,-666,-154,842,-545,-370,312,725,899,687
349,946,605,-639,-136,768,-521,-360,290,700,862,651
305,874,549,-608,-125,741,-495,-349,260,651,783,614
279,819,507,-537,-120,658,-433,-322,238,611,727,573
256,714,483,-481,-109,602,-387,-276,215,539,658,513
213,654,427,-427,-94,532,-373,-232,191,454,567,422
185,550,330,-361,-92,445,-310,-212,161,407,473,375
161,445,269,-298,-85,359,-248,-177,121,321,381,297
104,344,233,-226,-51,286,-188,-133,102,246,296,243
72,233,160,-173,-30,183,-127,-97,58,167,214,193
74,163,92,-95,-31,93,-105,-61,33,92,119,112
8,58,23,-32,9,72,-45,-26,33,51,54,49
-18,-30,0,11,9,-11,33,15,-8,-31,-36,3
-20,-73,-67,52,27,-61,37,39,-40,-64,-90,-79
-65,-166,-84,98,13,-114,88,65,-38,-108,-141,-134
-73,-194,-115,151,44,-171,116,61,-54,-169,-196,-162
-95,-272,-178,202,52,-219,138,106,-73,-197,-244,-186
-109,-290,-214,220,63,-261,164,117,-78,-224,-268,-236
-115,-344,-222,214,46,-264,184,133,-109,-243,-300,-222
-130,-357,-233,231,48,-290,182,149,-114,-276,-314,-232
-130,-348,-207,251,50,-299,201,165,-95,-286,-322,-232
-124,-346,-233,251,46,-304,203,132,-114,-274,-337,-258
-147,-365,-238,264,55,-300,208,136,-128,-295,-302,-251
-102,-363,-231,249,59,-296,187,146,-136,-268,-345,-256
-128,-365,-219,247,90,-276,198,145,-114,-267,-276,-254
-103,-347,-223,217,78,-269,209,130,-91,-257,-286,-232
-99,-324,-211,206,49,-258,174,127,-96,-232,-289,-214
-115,-311,-193,203,54,-240,181,121,-97,-235,-252,-208
-98,-270,-177,204,53,-223,138,118,-83,-190,-255,-183
-68,-262,-165,175,34,-235,156,105,-88,-191,-228,-181
-79,-230,-177,181,46,-188,122,70,-85,-174,-244,-165
-90,-213,-140,140,24,-177,113,101,-46,-175,-201,-148
-53,-237,-148,123,40,-179,127,76,-66,-147,-179,-142
-77,-180,-119,136,31,-163,94,77,-55,-141,-195,-115
-69,-134,-117,108,47,-145,102,78,-58,-117,-177,-96
-40,-166,-116,104,38,-111,105,88,-34,-113,-138,-110
-67,-155,-82,98,12,-88,111,55,-65,-123,-139,-101
-59,-149,-93,98,17,-126,54,27,-47,-110,-135,-81
-42,-121,-103,88,2,-91,70,52,-41,-97,-130,-91
-21,-142,-81,76,16,-101,75,39,-52,-98,-91,-93
-47,-115,-56,60,14,-97,89,54,-45,-68,-108,-112
-52,-117,-57,87,21,-74,40,44,-46,-92,-128,-80
-50,-120,-67,82,3,-106,61,47,-23,-62,-82,-88
-45,-111,-79,73,-21,-90,62,38,-37,-87,-100,-106
-43,-100,-72,63,28,-83,55,58,-29,-71,-98,-82
-34,-92,-68,77,13,-105,55,37,-49,-76,-107,-87
-36,-83,-49,54,-2,-84,70,33,-23,-82,-88,-70
-28,-103,-69,75,-9,-69,80,27,-26,-79,-115,-65
-32,-100,-55,50,17,-80,68,23,-29,-77,-95,-77
-25,-96,-23,60,14,-86,48,52,-38,-80,-106,-63
-43,-107,-61,67,11,-73,40,35,-26,-60,-100,-62
-45,-126,-69,71,-4,-74,46,43,-19,-65,-83,-74
-40,-92,-42,67,9,-75,73,17,-29,-54,-86,-58
-35,-80,-41,64,9,-72,65,29,-20,-69,-99,-78
-36,-94,-71,62,27,-89,31,43,-33,-68,-81,-62
-18,-91,-53,48,40,-91,38,20,-17,-72,-85,-49
-40,-99,-64,60,36,-86,45,33,-22,-68,-85,-78
-24,-91,-57,60,26,-77,54,35,-33,-80,-101,-41
-43,-80,-62,76,-15,-77,41,54,-30,-77,-73,-67
-31,-82,-65,57,0,-75,26,36,-7,-77,-74,-46
-12,-72,-46,31,5,-63,40,28,-14,-47,-77,-77
-12,-74,-50,46,16,-52,25,32,-22,-67,-65,-64
-51,-74,-37,70,21,-57,36,37,-16,-67,-99,-58
-27,-55,-51,49,1,-67,31,44,-34,-68,-74,-64
-29,-99,-46,48,17,-70,66,35,-22,-74,-60,-57
-47,-98,-59,55,16,-51,48,42,-20,-40,-73,-51
-28,-58,-48,39,0,-53,42,19,-18,-48,-56,-68
-21,-74,-53,60,11,-47,37,38,-14,-72,-60,-54
-19,-43,-25,43,5,-62,29,38,-17,-63,-80,-54
-30,-64,-44,33,19,-80,36,34,4,-63,-55,-55
-13,-63,-48,33,24,-46,22,25,-37,-63,-65,-28
-16,-76,-37,57,27,-50,43,7,-24,-30,-54,-42
-24,-60,-46,26,-24,-64,38,23,-24,-42,-73,-32
-8,-62,-28,43,18,-49,23,32,-29,-52,-57,-14
-11,-50,-24,46,13,-33,6,19,-23,-33,-48,-34
-25,-48,-37,43,7,-39,54,12,-13,-34,-46,-41
-11,-55,-37,15,-8,-31,36,25,-14,-29,-41,-32
-15,-42,-41,14,-2,-22,2,6,5,-18,-38,-27
-8,-48,-40,28,16,-32,19,25,-8,-28,-26,-57
-5,-29,-5,32,19,-27,13,11,-14,-14,-9,-27
-17,-55,-20,36,11,-57,33,46,-22,-31,-18,-34
-1,-30,-4,12,8,-15,8,13,-24,-34,-33,-17
-9,-25,-11,14,7,-13,12,14,17,-25,-23,-17
-3,-16,-34,8,9,-6,2,-6,-5,-6,-13,-8
17,-30,-6,-21,-6,-25,-7,24,5,-35,-28,-4
-7,-18,-8,9,12,-6,17,-3,-4,-9,-7,3
0,-5,-22,-19,13,3,9,-5,-9,-14,-11,-4
-4,22,-1,8,9,7,12,-2,6,16,3,-7
-11,2,5,11,-5,-2,-10,-6,0,7,4,-17
5,4,20,10,-4,6,-12,18,13,15,25,-1
22,28,-2,-26,-17,-6,-17,-1,0,-1,2,7
16,18,2,-15,-25,14,-7,12,11,2,9,1
0,6,-4,-31,5,13,-26,-30,2,14,24,-5
-7,45,7,-32,12,32,-38,-29,-1,38,21,18
9,34,15,-41,-9,31,-30,-10,4,38,19,40
9,50,33,-30,-21,41,-30,-1,16,53,42,35
9,60,14,-26,-14,24,-35,-30,18,22,52,29
7,61,17,-36,-9,46,-14,-26,10,69,59,50
26,70,43,-48,-5,41,-35,-16,5,45,60,62
4,81,44,-69,-17,64,-29,-24,14,34,55,51
32,96,48,-52,-19,87,-38,-31,33,59,92,58
43,98,76,-47,-11,79,-38,-15,16,63,76,62
37,126,66,-68,-11,74,-59,-40,22,72,87,55
39,107,69,-51,0,71,-66,-68,44,65,98,84
53,98,69,-67,-26,60,-51,-44,46,95,86,46
57,117,77,-83,-21,80,-81,-34,46,123,118,77
37,133,75,-91,-19,119,-69,-62,33,96,120,79
34,111,83,-82,-37,122,-97,-47,39,103,109,84
57,146,89,-88,-25,104,-71,-55,48,129,132,81
43,124,97,-109,-32,140,-84,-43,28,96,140,106
57,177,93,-119,-14,142,-67,-58,44,123,131,99
43,182,108,-138,0,137,-93,-66,35,123,136,113
80,162,105,-123,-18,138,-84,-71,50,123,145,101
66,184,111,-116,-22,169,-96,-68,49,134,169,150
58,205,124,-122,-18,162,-101,-71,61,148,177,122
83,219,116,-118,-4,170,-112,-56,69,165,165,124
75,195,132,-150,-45,160,-88,-78,64,162,202,169
77,215,138,-147,-35,182,-104,-66,47,158,193,158
49,220,144,-165,-25,178,-120,-96,80,180,187,162
75,246,142,-154,-41,194,-118,-95,62,170,206,169
74,247,137,-159,-33,172,-129,-83,74,179,227,162
89,223,161,-155,-40,204,-126,-93,55,154,225,165
90,269,175,-186,-34,189,-147,-98,60,188,209,162
102,283,153,-176,-26,205,-143,-110,76,170,252,194
121,258,175,-162,-15,196,-150,-96,86,199,225,178
102,284,189,-184,-30,203,-148,-86,76,212,260,187
98,273,158,-178,-35,215,-153,-117,86,214,243,215
126,272,161,-195,-44,250,-170,-125,97,206,252,192
104,283,177,-168,-44,242,-163,-102,75,225,280,202
113,313,197,-190,-33,240,-145,-112,86,218,266,215
112,298,188,-193,-25,231,-173,-134,84,209,272,204
101,304,175,-208,-32,260,-176,-118,97,233,281,232
101,298,211,-227,-42,251,-160,-107,103,238,269,212
112,321,190,-196,-39,270,-168,-131,80,235,291,212
96,323,200,-219,-65,256,-159,-138,106,242,280,231
91,320,229,-212,-57,271,-157,-123,101,232,287,207
106,336,201,-199,-54,256,-160,-119,71,267,288,211
127,323,224,-242,-58,259,-173,-138,89,248,308,207
109,343,203,-238,-28,285,-166,-131,107,257,319,238
139,309,209,-207,-47,281,-160,-122,100,257,312,234
111,323,226,-211,-51,273,-168,-134,108,248,289,220
123,358,196,-230,-48,294,-181,-111,93,264,302,220
111,319,206,-230,-67,259,-188,-111,90,268,304,217
109,345,199,-207,-36,287,-196,-126,105,289,302,232
122,334,220,-239,-45,278,-188,-143,94,269,303,246
104,348,213,-219,-57,279,-191,-137,98,231,301,234
133,344,214,-235,-53,256,-194,-115,100,243,314,213
120,343,237,-225,-35,285,-203,-118,87,260,306,249
109,336,221,-237,-55,275,-179,-155,110,259,306,225
115,350,238,-232,-50,282,-179,-112,97,263,304,227
103,331,206,-230,-63,286,-186,-125,102,255,300,219
127,318,201,-230,-48,256,-194,-133,111,232,285,222
111,324,219,-223,-30,282,-184,-136,104,256,307,234
114,339,220,-208,-52,269,-159,-137,93,237,279,228
91,312,206,-230,-72,248,-181,-113,101,231,267,210
93,319,238,-223,-59,261,-165,-146,95,222,271,218
95,349,187,-202,-69,274,-159,-111,87,234,297,210
107,321,200,-205,-46,231,-179,-125,81,241,271,224
104,298,174,-188,-55,246,-163,-118,100,216,270,220
110,313,205,-202,-36,244,-166,-93,81,212,229,225
118,291,180,-189,-44,225,-154,-114,97,221,257,194
97,278,182,-178,-51,231,-139,-107,64,205,279,225
83,261,172,-186,-43,238,-158,-95,97,206,246,188
83,278,193,-174,-33,228,-147,-92,57,206,243,190
95,257,163,-171,-42,221,-132,-88,89,198,234,185
98,251,173,-186,-28,234,-163,-105,61,186,265,186
69,248,183,-165,-31,215,-125,-108,80,186,221,171
96,261,161,-172,-32,191,-131,-102,61,185,232,171
75,231,165,-160,-29,178,-122,-80,37,168,227,162
63,229,142,-161,-43,187,-110,-69,58,164,204,150
72,216,150,-146,-33,182,-126,-84,50,156,206,155
51,187,131,-180,-36,183,-107,-90,50,174,181,157
51,183,122,-150,-27,146,-116,-86,63,126,181,145
73,194,136,-123,-25,149,-89,-95,69,147,166,121
71,182,132,-127,-36,147,-105,-62,55,122,146,140
68,177,119,-137,-17,125,-103,-49,61,105,169,118
64,174,112,-101,-40,137,-81,-78,50,124,176,115
57,145,96,-98,-11,130,-96,-72,54,117,112,124
39,165,106,-107,-29,107,-75,-88,26,78,124,89
48,130,101,-79,-17,147,-81,-59,50,104,129,90
17,124,103,-95,-31,125,-70,-62,50,107,115,109
47,104,97,-93,-4,131,-85,-62,26,119,103,87
29,98,63,-63,-46,96,-58,-43,17,85,87,83
20,89,84,-69,-39,82,-75,-45,35,76,87,90
25,102,52,-71,-31,63,-57,-24,24,76,88,61
43,72,64,-53,-15,68,-36,-48,16,69,97,67
46,89,37,-44,-14,41,-48,-37,49,68,73,34
12,89,60,-39,-1,70,-8,-42,16,72,63,47
24,57,36,-48,10,61,-29,-29,20,52,45,52
37,87,40,-49,0,41,-35,-6,44,33,44,17
5,59,33,-12,13,39,-25,-31,42,24,63,42
31,44,33,-37,1,44,-25,-28,16,36,48,28
31,33,0,-10,4,29,-11,-32,13,23,33,19
20,34,7,-15,4,11,-23,-21,7,17,35,-3
-5,14,0,-37,-1,6,-8,-8,12,21,14,-5
21,10,0,-22,-9,-6,-16,22,25,17,8,15
4,11,24,-8,-4,23,-22,-3,0,0,13,-3
-11,8,13,10,5,-4,-24,-23,13,17,-13,5
22,-4,2,16,3,10,-28,-8,-6,11,4,11
2,4,-6,19,-5,-27,15,6,-10,-23,-19,-5
9,4,-14,6,12,-27,-5,-20,10,-12,13,-13
-5,-43,0,9,6,-18,15,20,-3,1,-13,-20
-24,-39,-20,28,3,-7,32,4,-34,-22,-22,-17
-8,-9,-24,47,0,-32,10,2,6,-10,-59,-39
-22,-34,-27,46,22,-11,23,3,-22,3,-23,-30
9,-38,-16,37,8,-48,9,33,-11,-45,-31,-19
-3,-52,-22,25,6,-36,21,24,7,-26,-50,-46
-14,-29,-32,25,29,-24,66,28,-14,-29,-30,-60
-31,-46,-46,37,4,-46,30,14,-19,-56,-40,-40
6,-37,-29,53,-11,-52,23,16,-5,-55,-69,-49
-15,-51,-33,25,9,-26,24,43,-13,-66,-62,-49
-44,-88,-44,48,9,-57,28,10,-29,-37,-62,-40
-26,-68,-43,53,35,-31,20,9,-20,-38,-54,-29
-40,-54,-49,52,3,-63,42,31,-15,-53,-45,-20
-20,-83,-45,71,-1,-50,44,48,-23,-63,-76,-62
-23,-67,-54,48,24,-48,53,35,-31,-43,-38,-60
-30,-109,-41,69,0,-65,54,46,-24,-54,-70,-56
-28,-85,-55,40,21,-72,61,13,-25,-33,-72,-49
-40,-91,-56,59,8,-81,35,49,-34,-64,-93,-58
-46,-84,-50,75,1,-77,63,35,-22,-43,-78,-47
-43,-74,-53,60,29,-77,44,53,-33,-85,-90,-77
-34,-119,-67,69,28,-82,58,32,-21,-89,-73,-63
-38,-108,-71,58,10,-58,32,43,-21,-72,-98,-74
-29,-102,-48,56,26,-109,42,37,-40,-86,-99,-73
-40,-83,-55,52,16,-72,42,62,-21,-83,-92,-87
-32,-82,-70,74,22,-79,69,50,-27,-58,-86,-62
-31,-109,-62,83,6,-70,65,39,-40,-78,-64,-66
-43,-95,-63,76,18,-83,54,50,-29,-67,-60,-69
-49,-110,-42,64,19,-115,56,44,-26,-78,-97,-73
-36,-108,-52,70,41,-77,74,35,-32,-80,-86,-88
-37,-134,-61,83,20,-88,59,53,-38,-93,-98,-64
-64,-102,-60,60,8,-83,69,56,-16,-92,-73,-58
-34,-103,-65,69,28,-108,76,40,-42,-75,-95,-90
-16,-102,-78,61,-1,-102,47,21,-39,-78,-95,-92
-12,-121,-77,70,-5,-83,57,43,-28,-73,-113,-78
-38,-123,-74,76,9,-95,68,42,-43,-93,-106,-83
-35,-120,-66,86,37,-100,49,61,-28,-90,-95,-69
-30,-116,-65,71,16,-99,93,37,-37,-88,-119,-80
-52,-93,-82,86,4,-107,42,27,-51,-64,-80,-99
-59,-118,-46,80,31,-114,72,36,-30,-92,-94,-86
-43,-121,-74,85,22,-77,72,34,-48,-72,-103,-87
-36,-119,-63,74,18,-88,59,44,-27,-87,-95,-72
-34,-127,-77,86,13,-63,48,37,-39,-75,-121,-79
-27,-120,-45,86,22,-82,53,38,-34,-73,-99,-82
-30,-111,-62,80,7,-92,65,23,-27,-80,-97,-87
-42,-99,-82,83,19,-120,65,44,-33,-108,-80,-109
-42,-114,-68,72,23,-91,70,39,-24,-91,-109,-80
-51,-126,-79,71,19,-85,66,49,-25,-88,-99,-77
-28,-124,-77,89,6,-102,48,55,-19,-81,-74,-87
-40,-110,-84,72,12,-83,64,60,-50,-108,-94,-101
-42,-102,-81,88,25,-93,56,71,-41,-99,-95,-66
-48,-94,-65,79,33,-68,46,31,-39,-83,-107,-72
-46,-121,-60,53,17,-82,56,62,-36,-61,-120,-86
-64,-120,-85,63,34,-95,60,62,-45,-64,-99,-74
-35,-106,-70,81,3,-96,71,48,-25,-87,-110,-73
-38,-105,-71,76,43,-41,65,49,-35,-73,-115,-87
-49,-116,-65,92,15,-78,59,45,-33,-87,-116,-60
-45,-118,-63,75,19,-94,87,22,-38,-79,-85,-78
-9,-106,-79,73,24,-104,81,44,-44,-79,-99,-59
-38,-95,-68,96,8,-80,65,51,-57,-83,-93,-72
-65,-96,-77,87,4,-102,45,24,-47,-87,-101,-79
-46,-127,-82,68,-1,-99,53,53,-36,-83,-103,-58
-46,-90,-64,90,25,-89,49,53,-15,-86,-108,-70
-39,-129,-42,79,14,-83,56,41,-16,-80,-77,-58
-29,-113,-50,93,24,-93,72,54,-23,-97,-84,-87
-51,-125,-61,65,15,-105,62,33,-26,-64,-95,-84
-11,-102,-68,70,-4,-108,72,68,-33,-71,-97,-73
-37,-113,-70,67,18,-92,76,36,-37,-82,-110,-75
-47,-123,-84,75,-4,-97,71,54,-50,-92,-83,-79
-47,-105,-58,61,2,-76,52,63,-18,-105,-101,-74
-31,-110,-68,75,2,-105,51,53,-43,-93,-109,-71
-24,-92,-76,73,46,-106,79,48,-46,-80,-115,-78
-46,-86,-70,64,13,-115,56,67,-35,-85,-92,-76
-26,-122,-72,93,20,-75,65,45,-27,-106,-74,-77
-45,-107,-54,68,11,-83,63,52,-27,-84,-98,-83
-19,-100,-71,58,23,-83,75,43,-30,-82,-82,-80
-25,-91,-58,71,19,-99,65,38,-31,-74,-86,-100
-23,-113,-91,60,8,-108,59,37,-52,-59,-87,-82
-57,-104,-62,36,25,-85,44,33,-48,-112,-79,-78
-39,-95,-73,77,3,-80,64,66,-22,-94,-85,-78
-40,-111,-71,83,26,-82,49,56,-49,-60,-80,-61
-33,-110,-66,78,41,-98,70,54,-30,-66,-109,-72
-49,-93,-62,88,1,-73,66,45,-42,-99,-96,-85
-39,-123,-60,63,-11,-81,53,15,-17,-73,-96,-75
-31,-102,-75,62,23,-90,62,42,-60,-92,-96,-82
-55,-88,-78,53,24,-90,55,44,-32,-63,-90,-60
-21,-88,-68,49,5,-72,65,56,-50,-82,-81,-78
-41,-111,-68,61,8,-86,29,26,-11,-80,-103,-56
-29,-86,-86,60,25,-73,38,70,-44,-58,-97,-68
-24,-90,-68,65,10,-76,28,31,-34,-61,-91,-90
-28,-97,-57,90,13,-93,70,57,-29,-87,-76,-67
-37,-102,-71,76,14,-83,42,33,-31,-89,-102,-81
-56,-106,-62,70,22,-82,48,38,-13,-79,-100,-67
-44,-106,-68,78,16,-87,57,24,-38,-98,-101,-53
-41,-121,-51,68,7,-92,68,37,-29,-78,-77,-80
-37,-83,-64,60,7,-91,65,36,-38,-71,-89,-54
-41,-83,-74,57,20,-88,43,60,-45,-57,-81,-78
-32,-109,-56,72,29,-75,39,45,-21,-60,-70,-63
-59,-94,-70,76,17,-80,56,47,-34,-65,-94,-96
-49,-97,-69,49,14,-73,54,34,-37,-73,-89,-84
-21,-92,-63,67,10,-80,49,43,-39,-74,-91,-64
-45,-97,-43,72,16,-73,41,28,-32,-44,-94,-69
-50,-91,-55,44,13,-72,46,42,-41,-65,-83,-46
-37,-87,-52,79,6,-85,41,24,-42,-84,-99,-72
-35,-97,-66,59,20,-103,76,42,-6,-100,-93,-53
-8,-97,-67,63,0,-74,60,39,-15,-54,-73,-61
-16,-107,-61,59,5,-78,47,36,-5,-53,-103,-81
-44,-68,-61,77,23,-90,30,42,-14,-58,-83,-59
-43,-85,-65,93,3,-86,49,30,-42,-86,-92,-74
-37,-85,-65,61,4,-85,37,43,-42,-74,-70,-61
-37,-105,-83,56,15,-85,32,27,-21,-68,-83,-61
-34,-102,-66,69,17,-74,53,53,-18,-56,-81,-90
-56,-103,-70,42,4,-78,33,38,-43,-83,-94,-65
-37,-104,-54,64,19,-84,45,34,-44,-67,-78,-76
-33,-83,-50,50,10,-82,38,38,-36,-63,-80,-80
-29,-131,-34,55,28,-68,45,46,-24,-73,-79,-64
-41,-83,-64,58,19,-74,60,35,-32,-56,-82,-72
-29,-106,-44,76,8,-71,27,13,-28,-85,-87,-40
-55,-87,-64,74,23,-79,47,50,-20,-66,-73,-63
-35,-100,-79,50,32,-73,63,38,-24,-76,-71,-64
-55,-88,-66,65,16,-77,61,37,-41,-83,-72,-53
-12,-73,-67,67,13,-92,52,13,-36,-72,-89,-61
-30,-84,-58,73,3,-105,64,36,-20,-61,-97,-55
-28,-77,-66,50,7,-83,42,22,-1,-78,-83,-59
-30,-95,-61,67,24,-69,52,36,-17,-50,-108,-75
-34,-69,-66,57,5,-80,58,41,-49,-45,-88,-71
-25,-88,-45,63,17,-70,78,38,-39,-75,-72,-77
-29,-88,-61,50,11,-62,52,43,-44,-59,-56,-57
-34,-83,-41,43,-3,-67,38,41,-19,-76,-66,-64
-27,-87,-38,40,24,-83,59,26,-49,-61,-91,-67
-31,-91,-47,64,6,-62,37,18,-19,-72,-82,-52
-16,-91,-67,68,36,-92,29,45,-42,-52,-63,-45
-5,-97,-81,71,8,-75,67,35,-21,-62,-81,-62
-18,-94,-64,72,0,-56,57,43,-28,-70,-86,-52
-17,-97,-54,74,19,-60,42,36,-36,-91,-59,-64
-35,-97,-47,70,36,-56,42,33,-32,-67,-80,-60
-8,-76,-50,64,18,-61,60,34,-24,-74,-70,-74
-16,-67,-35,63,3,-55,34,45,-29,-65,-60,-68
-27,-87,-48,59,-13,-72,41,35,4,-90,-59,-63
-2,-81,-51,68,7,-57,59,29,-36,-71,-81,-43
-40,-84,-70,56,33,-48,50,31,-23,-67,-70,-55
-29,-84,-73,62,-3,-59,36,44,-18,-64,-70,-77
-50,-104,-41,38,-6,-71,63,49,-24,-61,-73,-44
-46,-81,-53,55,-6,-80,46,44,-42,-46,-84,-58
-34,-90,-76,40,22,-73,56,31,-23,-71,-77,-55
-28,-102,-54,75,-6,-53,79,29,-24,-62,-70,-47
-24,-76,-56,52,9,-73,41,29,-11,-57,-80,-61
-32,-94,-61,68,36,-85,11,38,2,-81,-61,-65
-29,-94,-46,53,11,-56,47,30,-41,-89,-62,-63
-2,-83,-61,65,25,-77,45,49,-11,-59,-87,-54
-18,-81,-60,42,18,-73,50,46,-21,-70,-69,-37
-29,-66,-65,57,12,-66,51,35,-29,-69,-71,-58
-16,-60,-81,75,22,-64,34,43,1,-81,-79,-64
-51,-62,-17,31,37,-57,47,35,-17,-64,-62,-52
-49,-67,-40,52,30,-80,52,42,-42,-56,-56,-63
-40,-81,-41,44,-10,-57,47,23,-28,-50,-66,-87
-24,-64,-47,75,2,-54,54,32,-18,-45,-68,-75
-23,-81,-50,54,7,-70,34,22,-22,-67,-72,-73
-37,-71,-60,50,-10,-69,23,27,-24,-53,-64,-62
-24,-105,-64,40,-4,-77,48,22,-1,-50,-67,-63
-40,-66,-45,46,18,-52,62,31,-16,-44,-66,-47
-40,-64,-47,42,-3,-56,38,30,-21,-43,-68,-59
-20,-88,-73,45,1,-56,8,29,1,-73,-48,-63
-39,-68,-29,52,5,-53,48,7,-30,-43,-61,-38
-16,-82,-63,54,10,-70,29,32,-21,-58,-70,-55
-22,-84,-58,65,-4,-80,50,28,-21,-63,-74,-62
-22,-60,-52,64,26,-53,42,29,-33,-64,-74,-54
-16,-83,-38,40,5,-52,51,46,-31,-62,-64,-72
-41,-48,-32,73,14,-44,48,59,-35,-54,-73,-49
-23,-64,-46,52,18,-78,51,44,-30,-53,-67,-56
-5,-71,-26,45,13,-85,48,19,-17,-46,-41,-58
-40,-82,-51,58,4,-70,41,2,-16,-55,-96,-47
-28,-71,-36,55,22,-62,50,45,-13,-45,-54,-52
-33,-83,-34,69,5,-26,32,42,-43,-35,-38,-56
-30,-68,-26,48,8,-52,35,47,-18,-59,-39,-39
-7,-65,-64,45,2,-41,40,29,-24,-52,-45,-48
-24,-68,-23,52,19,-58,19,33,-20,-40,-71,-49
-8,-62,-37,37,9,-57,27,22,0,-35,-46,-26
-35,-74,-55,35,14,-60,48,31,-18,-60,-55,-26
-42,-65,-51,35,10,-50,33,3,-35,-50,-39,-30
-29,-42,-33,25,8,-55,26,19,-18,-47,-45,-43
-7,-42,-28,67,-5,-48,41,27,-8,-70,-69,-47
-26,-71,-39,15,10,-40,26,10,-19,-32,-53,-46
-25,-54,-54,30,16,-43,13,30,-24,-24,-49,-20
-19,-36,-34,15,8,-62,17,6,-19,-46,-56,-40
-18,-43,-32,44,5,-54,26,24,9,-40,-24,-31
-22,-64,-29,38,13,-58,41,10,-24,-37,-27,-1
-19,-39,2,25,7,-44,21,20,-34,-13,-31,-25
-6,-27,-45,42,1,-54,21,8,-11,-26,-21,-14
13,-43,-25,31,-9,-30,28,-2,3,-26,-49,-18
8,-46,-13,8,10,-39,9,29,-1,-32,-25,-14
6,-49,-11,1,-3,-9,13,-7,6,-34,4,-30
-14,-18,-15,14,10,-42,8,11,14,-21,-36,-18
-2,0,-15,27,12,-22,5,30,-13,-11,2,-30
-15,-25,-6,16,19,-13,19,14,8,-20,-11,-14
-7,-12,7,19,-12,-22,18,-4,4,3,-24,8
-9,-1,-16,-31,-3,-12,-6,23,-14,1,14,-9
11,-6,8,13,-3,20,-10,0,-12,-10,-3,-4
-6,5,23,-17,-1,16,5,-16,-2,-1,20,11
0,2,19,12,9,4,-22,-16,1,-19,7,8
8,16,31,-8,-6,27,8,-14,-14,-8,22,25
4,8,40,-19,-12,43,-19,7,19,32,28,20
30,24,11,-18,-12,10,-6,-22,-4,6,46,9
4,30,44,-9,-4,36,-21,-12,29,37,35,15
34,36,52,-41,-15,10,-14,-14,32,49,37,23
24,74,38,-41,1,65,-33,-14,1,26,42,16
29,67,26,-45,-8,79,-19,-47,35,63,64,42
49,86,50,-44,-32,94,-48,-44,13,69,70,68
44,72,49,-57,6,31,-54,-15,18,74,69,49
43,93,75,-53,5,89,-49,-39,16,56,64,47
14,100,62,-51,6,47,-41,-32,25,58,68,67
24,73,63,-61,-12,81,-74,-41,10,80,77,58
35,116,60,-89,-17,83,-53,-38,12,73,110,91
45,103,78,-93,-16,92,-43,-55,23,81,114,79
52,118,74,-65,-3,99,-84,-38,27,95,112,92
43,106,102,-76,-22,114,-94,-46,40,95,122,100
39,136,105,-87,-1,122,-72,-66,44,113,124,103
46,167,99,-98,-32,122,-79,-64,54,120,138,94
54,160,87,-91,-23,138,-97,-64,34,123,135,119
75,165,106,-121,-13,166,-99,-68,58,109,135,102
80,171,115,-136,-29,136,-79,-66,53,129,139,112
61,179,126,-144,-33,164,-91,-59,45,129,154,119
56,176,121,-151,-42,163,-89,-90,45,154,162,138
76,204,112,-138,-34,188,-124,-92,70,140,186,125
74,208,129,-137,-34,161,-110,-98,56,145,185,144
69,208,124,-146,-12,169,-93,-83,60,166,170,133
72,208,141,-125,-28,173,-108,-78,82,148,208,138
57,207,155,-137,-16,165,-133,-74,61,141,193,149
75,205,129,-147,-18,172,-95,-107,62,143,216,171
87,232,136,-139,-56,181,-137,-82,76,167,188,162
88,218,156,-130,-25,174,-131,-87,79,177,206,152
63,236,131,-161,-38,199,-138,-88,79,179,216,149
98,228,136,-138,-47,203,-114,-95,87,158,198,150
103,219,133,-168,-28,182,-136,-108,68,196,219,174
70,220,165,-134,-27,175,-106,-111,70,182,211,141
95,219,127,-164,-25,187,-105,-88,73,159,217,128
80,214,147,-139,-27,188,-124,-84,80,150,197,147
92,200,140,-142,-22,186,-124,-93,54,185,188,167
50,222,134,-152,-33,155,-122,-106,57,158,186,133
64,218,151,-144,-57,159,-132,-82,59,176,202,145
65,225,133,-139,-52,162,-94,-108,68,157,187,154
75,212,125,-155,-27,170,-105,-81,89,156,199,159
69,199,130,-135,-32,135,-121,-65,63,152,176,102
74,208,127,-118,-31,168,-108,-95,57,144,172,141
62,178,101,-121,-10,172,-116,-67,74,148,187,134
48,195,112,-129,-22,155,-91,-92,53,147,179,131
71,165,117,-134,-45,136,-122,-54,32,141,142,127
54,163,103,-103,-2,139,-81,-61,66,102,152,128
50,183,136,-110,-31,132,-101,-70,45,114,148,100
54,154,109,-105,-26,138,-98,-61,51,118,148,102
63,152,98,-98,-16,126,-76,-51,46,112,138,85
60,138,93,-79,-14,121,-71,-63,56,106,126,107
48,136,97,-79,-4,117,-69,-56,44,91,126,96
50,124,80,-65,-14,90,-57,-39,35,99,108,61
28,110,82,-62,-20,99,-79,-47,41,72,99,90
63,115,78,-73,3,89,-57,-58,43,67,97,83
35,75,64,-66,1,56,-36,-42,28,68,71,73
18,96,68,-69,-15,91,-50,-38,27,61,99,58
22,82,59,-53,-9,62,-40,-33,24,61,72,58
25,84,81,-52,-28,61,-40,-12,2,54,83,71
38,56,39,-39,-23,50,-42,-19,19,65,72,49
27,61,38,-64,-35,36,-32,-28,22,47,76,47
38,39,23,-30,-8,57,-54,-36,11,27,59,35
7,71,15,-19,-7,64,-22,-17,17,42,42,34
-3,50,35,-34,-6,25,-11,2,21,36,37,26
17,37,22,-36,-17,4,3,-29,6,19,16,20
22,25,28,-21,3,35,-3,-19,19,23,21,6
4,11,16,-41,-11,17,5,-10,-16,8,15,31
-2,29,5,-3,-10,23,-6,-16,1,0,39,-1
8,-3,11,-5,3,-5,2,0,-5,2,19,5
-10,0,1,-10,14,10,-2,-3,16,-7,-7,15
-24,0,-15,21,6,-7,5,-7,-8,-11,-4,-8
1,-6,2,-20,1,10,-15,-13,-2,-5,-12,-9
-7,-34,-19,-15,-7,-24,-17,-10,3,-9,-4,2
-3,-13,5,-15,-14,1,-1,16,-24,0,-24,16
-15,-25,-2,8,16,-10,4,22,-9,5,1,0
2,11,-11,-4,-5,-11,19,-4,-22,-11,-16,-10
16,-45,-5,18,7,-25,-10,-3,-19,-24,3,-18
-9,-30,-18,31,10,-7,13,48,-5,-39,-22,-27
-17,-27,-30,31,1,-23,31,1,-1,-28,-22,-20
8,-29,-7,11,12,-33,32,-1,3,-9,-20,-25
-18,-35,-37,12,9,-36,16,14,3,-44,-19,6
-14,-41,-13,22,-21,-52,14,5,-26,-20,-22,-19
-10,-16,-27,26,10,-34,10,16,-18,-32,-46,-36
18,-43,-27,27,4,-35,33,4,-12,-35,-18,-21
-17,-43,-37,14,14,-45,15,11,1,-31,-34,-18
-13,-55,-20,31,17,-37,15,14,0,-30,-26,-17
-26,-40,-3,34,18,-23,21,-1,-9,-40,-48,-17
-33,-32,-12,5,10,-14,28,25,-11,-44,-49,-10
-15,-26,-42,29,11,-44,32,9,-19,-18,-9,-46
-24,-53,-43,19,19,-28,36,4,2,-22,-45,-24
-17,-19,-31,17,-14,-35,31,24,-27,-27,-51,-4
-21,-40,-40,16,9,-34,41,35,-11,-13,-42,-41
-9,-29,-45,24,3,-47,35,39,-15,-23,-38,-32
-22,-62,-41,34,-9,-30,10,31,3,-23,-61,-45
-20,-52,-54,17,-1,-44,31,32,-16,-36,-67,-34
-1,-44,-25,43,26,-48,31,20,-16,-41,-48,-19
-10,-54,-43,27,20,-59,22,20,-22,-36,-59,-30
-16,-74,-27,65,40,-61,57,31,-13,-41,-68,-43
-37,-91,-59,52,19,-62,42,8,-27,-47,-65,-53
-12,-90,-48,58,1,-72,42,44,-23,-73,-86,-56
-35,-89,-45,69,43,-52,44,40,-28,-71,-93,-55
-20,-103,-74,77,17,-83,54,35,-43,-91,-86,-76
-34,-104,-83,90,22,-109,55,52,-25,-97,-109,-107
-34,-148,-93,83,23,-114,85,38,-49,-91,-103,-86
-59,-138,-82,111,15,-122,105,72,-37,-103,-132,-95
-50,-165,-98,106,18,-113,87,34,-52,-121,-136,-115
-43,-177,-87,118,25,-143,74,80,-57,-128,-162,-105
-58,-177,-115,133,41,-148,99,76,-57,-134,-147,-112
-75,-179,-112,131,29,-154,129,75,-70,-157,-157,-123
-65,-198,-107,130,-10,-186,91,100,-50,-143,-186,-151
-72,-213,-133,129,24,-165,130,71,-69,-156,-188,-139
-83,-213,-113,129,57,-164,113,81,-56,-150,-210,-140
-53,-189,-157,126,29,-179,112,66,-71,-134,-192,-160
-80,-204,-133,146,39,-172,86,94,-64,-148,-187,-132
-49,-180,-118,111,43,-151,93,86,-44,-123,-180,-136
-38,-177,-118,97,14,-134,88,78,-51,-112,-160,-117
-53,-144,-80,81,9,-98,71,56,-25,-97,-138,-66
-30,-85,-85,60,-6,-65,58,30,-14,-51,-90,-74
-24,-73,-42,10,13,-31,14,5,11,-23,-37,-22
6,11,9,0,-7,-10,-2,-2,-8,-4,-10,-7
13,58,36,-42,-8,34,-28,-19,10,62,41,36
25,109,73,-79,-37,93,-74,-47,25,129,122,99
81,223,90,-146,-34,163,-109,-74,60,141,152,153
99,297,187,-179,-32,221,-150,-111,72,216,235,193
116,369,216,-244,-64,283,-217,-142,88,277,317,248
177,448,289,-306,-81,380,-244,-183,128,353,401,326
170,547,376,-348,-83,449,-283,-190,143,404,499,371
226,652,394,-419,-92,513,-340,-246,192,485,578,448
250,709,475,-478,-119,618,-419,-294,207,532,641,500
277,790,523,-524,-120,684,-451,-303,253,593,718,569
306,887,580,-612,-133,704,-488,-347,284,655,792,625
324,965,623,-650,-135,793,-538,-395,295,708,836,665
353,1016,648,-678,-147,861,-550,-414,305,751,914,686
362,1054,677,-694,-164,856,-600,-422,303,786,949,732
393,1053,690,-730,-153,890,-593,-419,329,804,967,747
381,1084,709,-710,-171,895,-569,-427,318,799,968,755
386,1042,676,-719,-147,884,-574,-424,324,810,946,731
341,1020,671,-666,-164,851,-567,-394,312,792,945,712
346,972,623,-662,-141,832,-548,-385,301,742,902,687
316,917,569,-636,-135,780,-486,-375,286,694,827,629
282,846,542,-583,-129,688,-461,-340,252,651,773,601
279,756,485,-534,-115,644,-434,-312,237,558,685,541
227,672,445,-456,-106,543,-361,-248,219,494,602,466
204,552,370,-390,-81,486,-306,-225,160,419,546,382
157,456,328,-312,-53,392,-270,-181,143,327,432,357
107,367,259,-239,-39,312,-214,-157,127,285,355,272
104,280,180,-186,-33,234,-158,-117,64,203,249,190
74,182,128,-128,-21,158,-113,-78,54,144,163,141
44,104,68,-70,-6,97,-59,-28,20,89,95,69
4,34,29,-19,-7,24,-8,-15,-3,18,3,33
-31,-58,-37,5,3,-24,41,25,-12,-39,-55,-28
-35,-119,-64,75,20,-85,72,34,-30,-91,-86,-70
-45,-149,-115,100,18,-139,88,50,-57,-118,-135,-115
-85,-196,-129,158,28,-187,115,95,-67,-173,-194,-161
-79,-244,-153,155,44,-208,127,78,-55,-172,-234,-173
-100,-268,-180,190,44,-230,143,108,-94,-207,-231,-213
-109,-285,-201,178,32,-214,156,108,-87,-215,-250,-203
-80,-302,-181,201,34,-251,176,116,-104,-211,-263,-199
-93,-283,-190,207,60,-250,151,97,-67,-222,-263,-198
-90,-302,-189,204,44,-235,180,109,-102,-188,-258,-208
-92,-290,-201,189,38,-239,150,124,-56,-215,-239,-216
-104,-275,-179,188,16,-212,150,115,-97,-176,-227,-195
-90,-254,-150,161,26,-206,138,93,-64,-188,-205,-164
-89,-234,-152,175,53,-188,125,116,-76,-166,-204,-171
-64,-193,-152,131,32,-165,129,104,-42,-161,-201,-140
-73,-194,-135,147,30,-157,103,81,-54,-151,-177,-135
-62,-176,-110,122,34,-147,90,81,-53,-123,-159,-110
-64,-160,-134,99,6,-128,81,72,-53,-108,-136,-103
-53,-150,-96,106,26,-129,97,61,-39,-116,-139,-94
-44,-129,-61,84,14,-113,77,59,-37,-90,-112,-95
-41,-131,-64,76,8,-103,53,50,-20,-94,-105,-88
-29,-91,-33,49,21,-92,48,36,-21,-58,-74,-80
-42,-90,-62,50,13,-73,47,24,-38,-36,-42,-50
-34,-56,-40,35,11,-46,37,22,-15,-68,-71,-25
-29,-54,-51,58,-23,-38,26,35,-33,-67,-35,-40
-20,-57,-40,48,-3,-51,51,26,-26,-23,-39,-48
-9,-54,-38,25,8,-52,6,30,-26,-68,-36,-29
-9,-34,-56,27,18,-41,31,15,-28,-34,-39,-15
-9,-51,-41,33,-25,-25,24,11,-23,-34,-38,1
-23,-35,-3,32,-8,-43,37,7,-20,-38,-27,-32
11,-49,-19,26,22,-45,10,2,-24,-14,-25,-13
-6,-50,8,33,19,-32,16,3,-18,-43,-48,-27
-34,-33,-7,15,8,-13,16,20,-9,-36,-32,-29
10,-28,-18,6,14,-9,37,26,-18,-11,-48,-29
-8,-40,-21,29,27,-20,22,18,-3,-35,-36,-25
-13,-38,-23,27,-30,-27,14,18,-9,-22,-21,-12
-4,-45,-20,-3,0,-43,0,19,-8,-22,-25,-8
-17,-25,16,13,2,-19,22,18,11,-15,-36,-15
-25,-20,-11,29,-18,-32,24,16,17,-32,-19,-18
-9,-20,-20,10,4,-15,10,-3,-7,-24,-7,-25
-2,-13,-44,-3,11,-20,36,23,-21,-25,-36,-21
11,-33,-11,33,22,-20,-5,-10,-11,-12,-14,-32
5,-19,-18,14,1,-14,20,-3,-9,-7,-22,-16
-15,1,-8,6,-12,-19,5,1,-5,-20,-40,6
1,-17,-25,2,0,-18,7,16,-3,-3,-12,-22
-15,-30,-17,-7,10,-28,40,3,11,-37,7,9
-33,-24,-8,-4,-4,-10,21,13,11,8,-9,-2
-4,-7,-13,21,-9,-29,0,-3,-5,-8,-9,-3
-11,16,-4,-2,12,-19,-9,12,7,-30,-10,9
1,-20,-18,1,-14,-2,3,2,-6,0,2,-1
11,3,9,-5,0,-4,1,8,9,12,-3,-2
-8,-28,-5,19,9,-10,23,13,-18,-16,1,-2
0,-10,-19,-4,-8,2,-18,-5,-11,9,2,3
17,38,-4,-7,-9,-5,-2,-10,-6,-17,-23,-5
-7,3,-6,-18,4,-9,0,-1,8,8,-12,16
-24,-5,9,16,4,12,7,10,16,15,2,-14
-12,-8,10,-16,-2,10,22,-1,-5,13,20,12
-8,-2,-7,16,8,-8,1,-10,1,-7,14,-1
21,-10,4,-1,-24,22,6,-12,14,1,0,-5
-7,0,8,-2,16,-15,-3,-2,13,13,17,0
15,17,31,-11,14,2,-10,-10,10,7,9,13
7,33,16,-30,-16,18,-12,-12,13,7,11,22
-18,9,3,-5,10,17,-17,-19,17,16,16,12
-11,-7,-1,-7,2,31,6,-19,-3,15,27,14
9,25,18,-36,-9,23,-25,-7,14,28,27,9
12,11,11,-42,-8,25,10,-7,7,28,34,23
14,33,40,-19,-3,31,-46,-14,17,7,29,43
11,25,38,-33,5,22,-45,-16,14,49,63,21
16,37,49,-33,39,35,-31,-16,1,26,37,23
12,69,22,-57,9,34,-59,-26,7,27,52,21
-6,74,44,-37,-9,36,-5,-21,34,40,36,62
16,55,48,-27,-8,54,-26,-15,14,57,37,51
41,69,39,-57,-19,44,-47,-37,13,56,59,18
19,73,59,-22,-2,74,-35,-35,21,36,59,67
4,73,51,-54,-9,78,-32,-33,27,81,93,61
36,49,64,-55,-10,77,-38,-48,27,38,84,79
38,87,46,-54,-14,60,-80,-56,15,36,84,83
11,127,67,-56,-5,73,-47,-25,15,56,80,69
43,103,57,-66,-13,67,-67,-29,43,47,104,100
48,120,52,-64,-32,77,-65,-36,25,91,109,79
65,119,80,-61,-14,106,-64,-29,54,111,100,79
46,103,52,-67,-38,84,-60,-44,24,79,99,92
43,139,83,-86,-23,78,-35,-42,40,89,126,88
43,109,100,-89,-3,97,-72,-60,31,101,106,112
49,159,79,-65,-24,111,-90,-50,32,83,135,76
54,107,120,-78,-26,113,-69,-49,23,91,139,85
43,160,111,-114,-18,103,-99,-57,25,104,127,111
55,155,84,-112,-30,132,-107,-66,58,138,147,95
62,183,109,-114,-38,138,-76,-57,42,117,161,108
65,162,106,-112,-46,174,-97,-54,58,130,158,134
67,187,120,-120,-37,167,-99,-75,72,125,166,118
71,193,130,-149,-53,159,-116,-58,51,145,159,146
85,196,124,-138,-45,180,-116,-92,46,149,165,156
57,191,145,-144,-26,169,-104,-81,39,168,194,147
90,216,137,-156,-26,169,-131,-128,49,161,187,138
93,209,144,-151,-25,183,-129,-93,63,175,224,145
80,218,167,-162,-36,200,-123,-100,89,168,218,170
84,248,168,-159,-46,197,-127,-82,53,201,208,187
98,265,173,-187,-31,210,-163,-107,61,192,222,163
76,265,170,-176,-21,232,-159,-121,73,201,228,190
91,290,178,-195,-62,227,-144,-103,96,209,239,175
95,276,173,-198,-51,235,-172,-105,84,210,248,195
95,264,193,-201,-49,218,-151,-132,81,231,257,205
115,299,185,-221,-35,240,-140,-125,104,238,256,205
111,287,208,-197,-22,247,-184,-125,95,238,286,226
106,304,181,-182,-36,257,-179,-125,89,228,283,213
108,307,203,-197,-41,245,-175,-137,92,254,258,202
125,323,226,-194,-43,257,-156,-122,90,247,291,219
109,326,194,-222,-46,266,-183,-137,102,251,290,229
105,331,216,-234,-42,264,-178,-128,110,256,304,237
118,343,227,-262,-57,284,-188,-119,107,287,296,244
131,351,240,-244,-53,309,-190,-147,110,257,323,243
90,359,236,-247,-47,300,-202,-139,96,265,320,262
125,366,248,-255,-63,298,-201,-147,105,271,336,251
139,364,242,-247,-54,326,-195,-159,103,269,322,284
129,372,227,-255,-68,301,-203,-170,86,283,335,264
147,367,255,-243,-39,329,-216,-150,122,289,325,257
118,411,252,-252,-53,316,-191,-151,132,290,329,287
158,406,266,-286,-61,309,-226,-151,127,294,342,271
128,409,267,-251,-57,339,-204,-179,106,290,358,278
140,391,244,-278,-70,339,-213,-161,112,298,358,280
130,412,259,-291,-33,336,-221,-169,117,318,382,283
136,401,273,-264,-60,348,-223,-163,126,332,367,284
164,400,257,-282,-60,331,-235,-147,122,280,370,296
145,397,289,-288,-62,336,-230,-178,119,300,374,296
160,417,273,-276,-55,355,-234,-135,137,308,359,293
144,409,259,-295,-55,352,-247,-144,133,329,375,286
170,408,276,-274,-74,345,-263,-173,151,307,368,324
130,421,278,-290,-47,357,-239,-159,122,327,361,290
158,428,275,-289,-72,346,-224,-174,120,298,387,267
145,406,273,-285,-58,366,-213,-143,125,312,384,311
148,430,290,-283,-61,351,-230,-183,138,323,380,300
117,431,280,-260,-76,364,-225,-145,114,283,368,314
155,423,267,-277,-78,340,-232,-164,129,300,378,279
160,419,252,-274,-61,363,-232,-190,139,314,397,271
133,416,282,-280,-83,351,-237,-172,107,317,384,305
136,398,274,-302,-74,339,-229,-174,112,303,376,281
154,413,260,-289,-64,321,-217,-177,127,319,375,288
136,388,268,-263,-65,303,-201,-169,124,328,389,285
130,408,277,-254,-70,320,-216,-189,96,329,379,306
137,421,245,-283,-61,315,-202,-161,117,300,388,275
134,393,273,-269,-45,342,-210,-146,133,330,364,300
126,396,254,-271,-51,342,-218,-155,131,308,361,273
139,359,264,-263,-56,322,-244,-151,122,287,344,252
129,383,248,-264,-59,324,-208,-146,114,278,354,252
131,358,239,-256,-53,308,-212,-158,109,277,344,247
119,372,243,-251,-41,311,-242,-153,103,296,322,270
109,374,230,-254,-40,295,-202,-153,125,265,353,271
119,382,233,-248,-55,307,-201,-148,102,272,309,233
133,349,236,-257,-56,302,-181,-143,103,276,312,250
120,319,221,-223,-48,284,-175,-149,92,265,306,233
123,335,209,-219,-59,277,-185,-137,126,248,308,240
104,353,213,-231,-58,284,-171,-121,102,241,273,237
117,318,196,-228,-8,268,-159,-134,92,250,284,247
118,324,210,-205,-82,263,-178,-131,80,242,299,215
94,326,201,-214,-53,264,-188,-145,98,258,270,203
127,291,214,-198,-33,278,-179,-106,107,222,260,194
95,306,186,-181,-52,259,-144,-114,87,222,272,204
111,292,164,-198,-56,249,-155,-116,105,206,270,204
99,268,183,-194,-40,223,-161,-135,77,222,264,191
116,275,181,-179,-17,220,-154,-106,85,197,241,196
87,274,177,-178,-35,226,-150,-122,76,213,235,207
88,232,177,-155,-38,195,-120,-106,79,187,217,199
77,237,157,-157,-18,203,-126,-104,76,193,209,177
91,232,142,-181,-47,192,-131,-86,89,209,200,196
91,245,132,-146,-35,200,-128,-115,39,174,210,163
71,223,150,-138,-31,184,-130,-116,58,147,199,144
78,214,160,-130,-50,185,-123,-94,77,160,214,156
62,211,137,-150,-55,164,-124,-89,63,160,169,144
87,217,127,-132,-43,174,-111,-87,55,155,187,142
43,202,94,-125,-15,159,-100,-92,52,149,160,136
65,187,126,-129,-39,140,-90,-66,48,131,176,115
68,174,114,-111,-36,156,-108,-68,61,133,158,129
58,172,122,-125,-5,127,-98,-80,42,127,144,98
53,170,122,-116,-40,131,-99,-65,58,109,146,90
53,162,88,-97,-30,139,-81,-66,49,117,140,99
67,134,110,-98,-22,113,-86,-55,37,119,120,97
41,144,88,-90,-39,124,-81,-50,61,118,131,114
51,121,95,-73,-27,113,-73,-49,54,99,116,96
46,111,76,-91,-27,105,-59,-53,30,112,121,98
32,136,76,-89,-18,99,-61,-47,28,96,93,93
18,116,60,-85,-23,96,-74,-47,40,99,105,70
46,114,60,-71,-20,93,-70,-21,28,71,113,69
43,116,74,-57,-8,93,-55,-58,33,94,77,67
45,102,63,-63,-7,66,-55,-57,37,72,93,63
58,80,50,-70,1,90,-55,-38,38,70,80,56
41,73,50,-42,-9,75,-39,-28,27,61,56,47
26,67,40,-32,-27,64,-53,-27,44,80,70,46
5,66,76,-49,-29,49,-61,-39,23,58,45,72
34,80,51,-37,-1,47,-42,-14,12,49,47,59
5,73,57,-44,-21,32,-41,-42,26,59,35,39
19,55,53,-44,7,53,-28,-16,-2,61,34,38
23,64,22,-21,7,30,-39,-22,39,55,38,42
23,48,34,-52,9,17,-23,9,18,43,36,30
9,18,22,-9,7,23,-11,-18,4,38,35,58
5,41,31,-40,3,28,-8,-5,-14,35,48,27
-13,28,29,-43,11,20,-18,-12,5,32,57,28
6,22,23,-22,-10,39,-36,6,10,25,34,34
14,33,11,-34,2,22,-8,-25,31,1,34,3
8,16,36,-19,26,21,-2,13,23,38,7,16
19,9,33,7,24,25,-22,4,6,20,14,-16
8,10,22,-14,-20,10,-18,3,-6,29,22,37
6,9,18,-11,13,3,0,-7,0,-2,30,28
12,21,13,-34,-21,40,-14,-45,8,10,28,17
12,13,23,-9,10,27,-14,3,6,31,16,21
-6,28,5,-23,-15,7,-3,-1,10,19,-1,28
-9,25,3,-12,11,22,4,2,-4,-11,9,10
-4,3,19,-8,3,0,-13,-16,4,8,27,9
2,25,7,-25,-20,1,-14,-8,22,0,29,4
13,-13,12,-16,4,5,-9,8,-6,14,-25,-2
8,-2,11,1,-14,3,16,-5,6,17,1,27
13,0,1,-14,-5,8,-13,-6,13,1,4,-1
2,6,-6,-9,-2,-12,10,-7,9,-7,-14,-12
13,9,3,9,-18,-4,-5,17,2,20,19,5
2,5,-5,-13,-3,9,6,-18,-7,14,-3,4
-2,-4,1,-8,11,8,-1,9,9,-19,-8,19
0,-6,2,13,-5,-7,12,7,-15,1,-7,-22
-5,5,19,19,0,-2,-18,-9,-1,-7,-4,8
-3,19,-1,-8,7,-13,24,-4,23,-7,14,15
11,-21,5,22,-12,10,12,0,0,-11,-8,8
-10,17,3,-11,-2,-12,10,-3,1,6,-16,-17
11,-13,-11,-7,4,-7,18,-9,-4,-2,-19,-14
-5,-14,3,13,2,4,-11,-4,3,5,0,11
-30,-6,15,11,-5,8,-27,2,25,13,-31,-17
-4,-19,13,15,-8,-17,19,-6,1,-8,3,-17
3,-13,-7,29,17,-24,-1,19,-19,6,-18,5
3,-19,1,13,9,-4,0,-2,-5,-6,-8,-4
-2,-16,6,0,7,-12,-8,11,-10,-15,-10,-15
4,-23,-2,1,7,5,-4,2,11,-19,-29,7
21,-8,4,-1,-12,4,-9,3,-5,-1,-3,-2
11,-16,-24,16,12,-5,5,1,1,-12,18,-8
1,2,5,2,1,10,-7,5,-13,10,-14,20
-5,-23,9,-7,-3,-10,3,8,-11,-19,-7,7
-4,-15,25,19,4,-14,19,-9,-14,-6,-24,-3
19,-8,-14,-11,9,-23,-17,-1,-8,-1,4,12
7,7,-11,20,-3,-4,12,-10,-19,-6,-17,5
9,-5,-20,8,-5,-9,6,21,-12,9,7,8
3,-19,8,-9,-7,-1,16,-21,1,-6,-11,-1
14,-22,-8,5,8,-10,11,-12,-7,-19,11,1
3,6,5,-3,30,-9,-2,28,5,-8,9,-24
8,-23,-21,-4,10,-3,8,12,14,-7,-16,1
-6,-14,3,14,-10,-11,20,10,2,-23,3,-16
19,-11,-3,10,-7,-25,-3,-12,-9,-9,16,0
7,2,-1,5,12,3,17,23,18,-3,-20,-18
-15,-6,-19,10,5,-8,8,3,-1,-6,2,-11
4,-26,-15,17,-11,-11,-1,10,7,-3,7,-17
11,2,-12,-4,-18,0,1,23,-13,4,-18,-17
-17,-9,-33,-5,-1,-14,-5,9,-4,-18,5,-8
-2,16,-16,-5,4,-8,-13,2,1,6,-9,3
9,-24,16,20,-6,-6,13,6,-16,-2,-9,12
-16,-11,10,-7,-15,13,-11,10,-5,18,-23,-12
21,-5,-17,-9,-2,-12,8,-1,-2,-8,1,-6
4,16,5,3,-23,0,8,-10,4,2,-12,-18
-7,-2,-15,12,-18,-15,25,-2,7,-16,30,-2
-13,-4,10,-6,-4,17,20,10,-7,-3,14,-10
-6,-7,14,-2,-4,-29,-2,4,11,-3,19,-12
4,16,-20,-8,2,-10,11,-7,12,18,2,-17
-5,0,14,-14,-2,-16,8,20,-14,-4,-3,-8
8,4,-4,9,33,-5,6,-11,-5,14,6,6
-12,5,-5,4,-12,7,0,-4,-15,4,7,-14
19,-13,-17,-2,1,14,-1,13,13,9,-26,14
2,22,-12,-9,-12,-2,-13,-2,-4,-32,-19,15
22,5,-11,-13,-10,11,-24,6,-19,11,-1,8
-11,2,14,12,23,-22,-2,6,-2,7,16,1
12,0,-6,10,8,-18,14,-15,12,13,-6,-5
4,8,-4,-8,9,-13,21,-6,-13,-23,4,-15
13,3,1,15,-10,-10,12,19,-31,-15,-15,2
11,-13,-9,20,-5,13,-30,6,2,16,2,11
11,-5,2,-17,-19,-6,-5,-4,-1,8,9,-2
7,12,1,-7,0,10,-17,-11,-5,-18,4,17
-3,14,-10,-10,6,-1,-6,-9,-4,0,-27,33
10,-12,15,-22,19,-17,-2,-26,-18,11,-11,24
21,16,5,-13,-7,-3,7,-5,-21,12,21,-4
-9,5,9,10,-12,26,-13,15,-29,5,-6,41
26,8,17,-9,2,14,-3,-17,2,-19,5,-1
48,20,6,-5,6,4,-10,-1,-7,10,-6,-12
8,4,-6,-5,13,9,-13,3,10,3,33,2
11,-10,-13,-3,6,-18,12,10,-6,20,-9,-4
23,-17,1,-3,3,-1,22,-2,19,-15,7,0
-7,10,-2,-20,10,9,-11,5,2,-13,1,7
7,19,-11,6,-19,9,-9,2,5,13,19,-8
7,11,26,-18,5,10,-4,6,-11,-4,-6,-4
10,-1,-2,21,-6,21,-23,3,11,8,-11,21
-27,14,13,2,1,-1,-23,-29,-17,9,11,20
13,-2,23,-10,8,11,14,-11,4,7,1,1
7,9,12,-8,2,24,-13,-12,-15,8,13,17
-23,8,29,13,-6,10,0,5,4,-19,24,6
10,4,-1,-17,3,25,-18,35,1,4,-3,12
20,9,0,-1,5,30,-4,-13,-11,0,-5,-2
-8,2,-14,5,-1,-7,8,20,21,-6,34,2
-26,6,1,1,-1,2,6,-28,6,-20,-16,10
-2,6,3,-18,-13,30,-16,-7,15,-7,24,-2
-7,6,-12,-2,-10,11,-17,-32,8,-5,17,15
16,19,12,-7,4,11,-13,26,-3,23,7,-19
4,8,9,-17,9,21,10,-7,23,7,6,8
-4,14,6,-6,15,22,-15,-1,12,17,27,-13
-9,8,14,17,-14,21,-13,2,2,16,21,-19
22,-10,24,-7,25,17,9,8,5,13,3,-5
-6,6,11,0,-16,10,-5,-16,3,8,13,-6
1,27,25,-25,1,10,-8,-21,12,19,21,0
2,13,-11,-25,2,-22,-8,11,-18,24,6,18
-7,5,11,-2,-24,0,-17,3,15,15,13,-1
-21,5,15,10,7,0,-9,-13,-10,28,35,20
1,-3,10,10,14,21,-17,-8,1,29,14,4
-15,3,18,-24,-18,27,-24,-8,-4,17,25,12
3,38,12,12,-21,5,0,-21,-5,-1,15,16
17,-1,13,-10,-6,1,-5,-30,9,7,8,-7
-23,25,2,-4,-21,-3,-6,5,3,6,18,25
13,36,18,-22,10,7,-7,-9,-5,17,17,5
5,18,1,-44,16,1,-13,-3,27,9,19,6
4,20,0,-45,-22,26,-3,-28,-10,12,14,17
8,16,-2,-26,8,7,-24,-7,-6,16,14,40
-4,2,26,-36,-20,30,9,2,17,30,18,3
0,22,0,-26,-11,22,4,-12,9,-1,3,-1
4,22,16,-32,4,26,-27,-4,14,21,31,13
0,-9,-6,-13,-6,16,-12,-11,-9,17,43,-12
7,37,-2,-11,12,2,-36,8,1,3,-7,17
2,5,4,-10,-3,5,-12,-10,11,34,34,13
7,12,17,-9,-19,23,-9,4,4,21,4,18
-6,34,-11,-11,-7,15,7,3,21,28,-7,-5
1,13,17,3,17,9,3,-4,4,-1,25,9
18,32,2,-13,-9,-1,-19,-11,23,7,11,29
17,23,21,-26,-24,27,-15,-13,-4,-2,34,31
16,47,20,-7,16,25,1,1,-5,15,8,-10
-1,23,30,-16,1,12,-24,-2,2,44,23,33
26,17,-3,-33,10,7,-20,-16,17,12,34,21
21,41,11,-3,4,36,5,-29,-7,0,31,13
-14,34,21,3,6,28,-22,-15,-3,9,18,15
3,42,-2,-28,-21,12,-19,-6,25,5,31,31
23,18,36,-5,-3,20,-10,-31,9,-7,12,13
2,21,1,-20,21,44,-2,-44,1,13,37,37
25,33,19,-20,-15,21,-2,-29,-8,30,2,25
12,31,-2,-9,-22,24,-33,0,-1,9,29,17
-5,9,9,-26,1,25,1,-22,19,23,18,16
28,25,9,-42,1,10,-29,-19,17,29,16,17
-1,7,9,-25,-12,26,-29,10,26,43,50,37
-10,13,6,-7,-28,-4,-14,-16,20,20,7,2
7,24,2,-31,-14,41,6,-18,-5,16,28,20
-4,37,26,-41,1,22,-13,-4,37,27,31,27
26,17,14,-25,-7,27,-22,-20,9,30,11,16
11,20,13,-36,7,23,-17,-6,0,27,5,17
9,45,2,-23,-10,12,-8,6,-1,36,35,27
45,35,21,-19,18,25,-23,-18,36,11,27,18
32,36,18,-11,-7,60,-16,-26,14,6,41,19
5,38,25,3,8,10,-21,-27,27,20,19,28
14,51,25,-42,-5,11,-31,-15,0,5,46,6
19,8,34,-45,20,22,-34,-13,7,12,12,37
-4,27,38,-35,0,18,-44,-7,16,27,36,23
19,35,18,-19,-7,20,-1,-16,9,23,35,10
23,40,12,-36,-18,26,-2,-4,8,25,35,32
26,17,21,-22,-30,21,-15,-3,4,46,21,30
24,37,42,-24,-7,7,-18,-13,3,35,13,38
-7,30,26,-36,-14,20,-7,-8,16,26,49,24
6,50,37,-42,-18,13,-18,-23,7,38,21,12
10,44,20,-41,-9,17,-21,-31,17,34,36,22
12,32,24,-21,-24,22,-3,-15,7,27,31,25
6,34,36,-13,-7,35,-40,-4,16,13,39,13
19,33,14,-20,-9,12,-32,-7,25,32,14,31
15,36,-2,-23,-14,5,-15,-22,2,25,24,5
27,48,19,-10,-5,29,-14,-19,18,19,33,32
25,53,27,-49,9,29,-34,-11,13,39,20,27
14,45,43,-19,-16,46,1,-29,16,44,56,25
18,37,42,-31,-5,16,-16,-15,11,20,49,13
15,41,15,-33,-12,58,-16,-32,-6,18,52,61
25,25,36,-41,-8,50,-25,-7,4,25,41,29
37,27,18,-35,2,46,-20,-40,6,33,46,27
5,52,32,-27,-11,32,-40,-1,1,37,30,27
8,36,20,-9,11,37,-22,-21,16,50,45,22
28,32,46,-15,-9,28,-24,-8,21,16,52,17
2,37,35,-19,-7,25,-35,-12,-5,34,60,33
8,63,45,-46,-25,47,-28,-29,9,22,52,38
12,82,47,-44,5,72,-63,-47,8,22,73,49
13,71,44,-44,-6,39,-33,-36,-3,52,49,31
7,66,40,-62,-24,54,-30,-21,47,50,70,30
27,67,50,-42,-10,69,-45,-31,40,46,43,43
26,79,30,-56,-9,71,-57,-24,21,59,41,49
65,72,72,-53,-2,52,-52,-29,-2,46,67,51
29,76,52,-62,-23,73,-60,-26,32,75,96,55
12,64,62,-65,-8,78,-29,-34,19,71,84,57
35,108,34,-72,-22,52,-45,-44,-1,86,77,72
40,78,86,-52,-21,80,-57,-28,15,68,83,69
37,95,48,-51,-11,75,-40,-40,33,88,93,75
54,95,44,-55,-18,94,-44,-47,40,72,76,53
66,116,85,-67,1,78,-54,-49,43,74,110,78
49,100,77,-70,-9,71,-58,-57,44,80,109,64
47,101,72,-86,-21,94,-60,-50,25,82,102,65
54,132,101,-78,-21,110,-60,-43,30,96,108,92
32,124,83,-92,-34,103,-67,-52,31,94,107,80
44,153,72,-78,-31,98,-76,-68,31,106,148,107
37,152,94,-80,9,104,-71,-61,59,91,144,93
30,153,109,-94,-15,115,-76,-54,47,123,123,103
50,159,84,-116,-18,127,-85,-44,45,139,159,99
73,154,99,-82,-27,126,-91,-82,43,119,138,121
64,171,103,-142,-21,134,-82,-66,51,138,162,125
55,201,122,-102,-21,168,-105,-76,55,126,144,139
62,190,123,-112,-37,160,-93,-104,53,127,173,147
82,192,124,-133,-34,155,-115,-66,73,150,165,139
97,194,158,-147,-27,157,-96,-76,71,151,178,137
65,210,130,-139,-16,192,-124,-89,60,145,193,137
72,209,149,-164,-33,191,-122,-105,61,172,213,142
77,223,135,-161,-19,179,-113,-84,62,163,171,158
78,232,155,-159,-43,198,-119,-114,88,194,216,179
105,278,192,-174,-43,189,-145,-95,68,198,220,176
100,253,181,-175,-53,225,-144,-101,72,184,235,171
71,267,182,-164,-29,211,-141,-87,83,189,242,168
94,268,179,-178,-18,220,-146,-104,68,196,224,195
97,281,166,-176,-52,246,-157,-100,79,195,245,194
98,282,173,-204,-49,232,-139,-110,86,221,225,204
88,294,190,-189,-42,235,-155,-104,96,211,260,194
87,294,197,-234,-58,265,-143,-106,76,209,269,209
104,297,202,-183,-60,256,-155,-116,89,213,284,220
99,312,204,-195,-48,255,-202,-111,78,198,281,217
108,315,192,-206,-43,233,-177,-121,85,236,276,231
107,273,206,-196,-36,257,-197,-111,89,237,282,189
117,299,173,-230,-44,259,-172,-127,95,245,299,226
118,300,203,-224,-51,240,-174,-120,88,232,273,229
111,325,216,-234,-28,266,-172,-110,94,245,293,227
125,309,211,-205,-28,273,-178,-115,76,260,283,228
90,305,172,-221,-44,245,-179,-118,96,225,281,244
101,323,193,-231,-40,267,-185,-119,79,241,284,240
123,313,192,-218,-38,273,-180,-132,104,224,266,207
102,319,189,-210,-59,269,-178,-118,91,249,270,223
112,306,227,-213,-32,261,-183,-124,85,217,275,208
101,303,190,-222,-40,248,-147,-141,81,233,298,214
96,320,186,-223,-52,240,-172,-113,81,227,262,204
114,296,212,-220,-56,261,-173,-108,89,224,287,195
128,288,187,-189,-48,239,-170,-111,95,233,271,218
107,284,205,-194,-50,252,-176,-127,74,212,265,207
98,296,194,-187,-37,240,-162,-102,92,220,262,208
120,287,213,-188,-33,230,-137,-99,84,208,262,178
116,295,161,-192,-35,209,-155,-129,94,211,243,186
108,275,158,-183,-42,225,-127,-113,82,191,230,180
70,237,157,-186,-45,198,-157,-113,78,210,235,207
93,252,164,-182,-26,207,-156,-84,79,180,204,183
106,253,188,-190,-39,208,-108,-98,91,176,249,182
92,231,158,-155,-33,197,-107,-95,81,195,206,161
85,235,141,-158,-35,202,-104,-86,87,165,221,167
69,233,151,-167,-42,192,-119,-78,58,159,196,145
60,228,121,-152,-31,213,-107,-83,71,148,197,139
71,185,145,-108,-23,184,-111,-92,73,158,190,140
86,177,112,-136,-32,154,-102,-81,68,143,167,121
69,174,123,-134,-19,163,-103,-71,55,141,162,138
51,199,114,-117,-7,169,-94,-83,71,133,148,129
62,161,107,-107,-22,147,-105,-70,54,146,157,124
54,169,111,-122,1,127,-84,-67,57,128,159,110
60,150,97,-92,-18,119,-88,-70,44,136,128,108
40,164,84,-97,-28,113,-74,-57,61,108,117,106
45,157,88,-92,-28,128,-81,-50,36,99,134,70
58,161,113,-74,-33,121,-73,-46,46,106,121,102
31,130,93,-91,-5,123,-81,-54,52,92,128,99
58,130,92,-70,-15,122,-60,-51,35,106,104,94
38,110,70,-59,-41,72,-50,-54,37,97,90,86
48,107,67,-72,-3,93,-68,-61,52,78,117,88
30,88,76,-91,-36,85,-52,-38,20,70,97,69
20,106,68,-68,-7,96,-64,-44,25,79,68,49
28,94,74,-65,-8,74,-28,-18,29,91,90,64
60,92,69,-74,-6,86,-72,-42,27,73,92,64
42,95,60,-49,-24,69,-29,-45,16,63,77,69
22,97,49,-66,3,74,-44,-43,21,61,71,55
21,67,32,-51,-10,62,-37,-16,31,56,76,63
33,77,47,-23,5,38,-26,-25,36,53,62,38
45,82,44,-42,-16,80,-25,-42,21,48,75,54
30,60,50,-51,-32,57,-24,-20,21,46,65,58
15,42,63,-83,-3,41,-42,-28,24,36,73,29
2,56,35,-52,6,60,-39,-16,16,46,74,67
22,66,60,-27,-11,40,-14,-12,25,43,69,62
14,54,30,-46,-16,54,-33,-38,10,67,48,67
34,63,31,-43,6,52,-38,-43,11,56,55,63
21,51,43,-43,-19,38,-26,-38,6,36,58,38
-11,46,26,-43,-3,42,-29,-48,-4,50,70,47
9,75,23,-27,-6,37,-25,-22,16,35,35,21
12,43,42,-49,15,64,-37,-33,8,42,62,14
31,49,41,-34,3,60,-33,-18,14,41,34,38
22,35,18,-34,6,47,-11,-18,13,16,62,24
16,45,4,-38,-3,43,-25,-23,25,34,32,13
20,44,9,-39,-5,47,-37,-28,23,31,47,32
19,34,50,-11,27,44,-11,-7,22,36,34,50
28,37,23,-33,-4,24,-10,-14,32,34,40,31
-8,63,19,-23,2,49,-40,-11,3,21,20,43
30,45,32,-48,8,11,-6,-19,-7,21,23,3
35,44,10,-22,-5,27,-23,-6,-6,33,38,24
7,26,35,-26,-2,12,-24,-24,15,35,42,15
-3,33,19,-23,-8,27,-19,-4,10,6,4,8
19,9,-1,14,-10,32,-1,-13,7,32,22,2
15,20,1,-35,-3,26,-9,-3,-6,7,15,3
-2,-7,1,-9,-27,9,15,-5,3,32,21,-9
-2,1,-10,-9,-19,-4,14,-8,-13,-6,-4,-26
-15,-3,-23,2,33,-29,33,35,9,-22,-12,-19
-28,-25,-8,15,13,-26,10,4,-15,-28,-23,-26
-13,-41,-30,8,-10,-26,24,11,-24,-30,-34,-21
-23,-57,-32,37,4,-18,46,33,-7,-40,-46,-29
-19,-69,-36,29,28,-33,24,36,-8,-59,-80,-35
-39,-92,-48,42,8,-62,55,34,-37,-65,-74,-21
-43,-91,-57,61,27,-61,52,14,-41,-71,-114,-52
-21,-108,-73,44,-6,-90,56,22,-17,-91,-72,-62
-28,-134,-71,81,20,-90,57,46,-14,-84,-104,-66
-36,-133,-62,61,29,-98,71,46,-40,-84,-105,-89
-48,-120,-62,77,23,-93,46,53,-37,-90,-94,-91
-42,-115,-75,88,15,-89,70,53,-67,-116,-127,-83
-26,-104,-91,70,21,-69,72,59,-34,-81,-110,-79
-19,-119,-53,59,-4,-86,45,43,-25,-66,-86,-61
-11,-74,-37,65,6,-62,49,21,-22,-61,-78,-51
-24,-74,-20,49,12,-39,23,23,-21,-37,-57,-42
-11,-12,-27,9,0,-1,5,24,-8,-26,-5,-10
-14,21,12,-32,-1,25,-22,-2,15,2,41,38
31,84,54,-54,-17,71,-49,-27,-6,57,87,47
42,161,92,-86,-15,105,-91,-57,39,106,120,108
61,198,137,-132,-53,158,-109,-63,72,148,192,162
100,283,163,-182,-50,229,-150,-109,88,191,268,215
112,343,219,-251,-64,313,-173,-159,121,289,321,237
149,444,295,-314,-77,350,-249,-181,122,329,419,290
190,528,351,-365,-68,447,-284,-220,189,385,492,372
222,644,423,-428,-72,527,-318,-248,192,468,554,448
251,695,469,-467,-105,568,-416,-289,203,541,620,516
263,818,538,-536,-122,680,-453,-326,264,616,727,551
319,895,577,-617,-157,734,-491,-345,282,667,795,623
327,960,624,-645,-125,788,-531,-359,291,751,886,669
356,1024,675,-704,-168,854,-573,-417,301,778,939,744
375,1083,712,-734,-160,914,-599,-427,337,805,975,767
394,1137,744,-738,-153,928,-618,-453,348,828,1003,780
390,1158,765,-788,-148,958,-637,-439,339,872,1020,786
399,1125,741,-781,-197,947,-620,-471,319,862,1027,794
398,1130,748,-784,-168,935,-620,-442,338,835,1015,790
404,1103,704,-735,-174,918,-602,-457,321,812,963,780
374,1068,673,-745,-166,871,-590,-401,304,786,929,758
344,947,617,-667,-125,833,-532,-395,299,739,902,686
296,911,577,-616,-130,761,-481,-347,281,672,836,635
288,816,524,-563,-114,677,-454,-328,246,644,750,588
258,729,481,-493,-119,592,-401,-293,207,534,667,509
225,647,385,-417,-61,535,-355,-266,178,486,567,437
181,550,337,-354,-66,452,-306,-215,189,392,483,413
162,449,290,-302,-71,367,-234,-181,147,335,399,322
105,351,230,-227,-24,290,-183,-119,101,260,317,231
97,267,163,-144,-31,209,-132,-89,72,201,250,178
50,164,97,-118,-23,118,-89,-61,59,120,167,107
6,93,55,-36,-23,61,-47,-16,33,46,104,74
15,27,6,-11,-7,25,-20,6,-10,16,4,21
-21,-41,-23,50,2,-15,22,19,-13,-39,-33,-24
-42,-104,-64,41,-8,-76,72,65,-27,-49,-81,-58
-36,-122,-102,96,23,-106,65,53,-60,-115,-97,-86
-72,-160,-118,93,8,-133,97,60,-56,-103,-142,-98
-58,-186,-108,126,12,-151,89,81,-49,-140,-160,-122
-59,-180,-112,154,7,-157,123,98,-54,-154,-190,-157
-81,-202,-137,145,51,-173,120,102,-52,-172,-170,-152
-74,-200,-150,137,44,-173,108,80,-61,-158,-198,-145
-68,-212,-137,152,28,-162,118,90,-62,-157,-177,-145
-66,-217,-131,122,28,-170,111,92,-42,-166,-186,-140
-52,-190,-124,122,22,-142,99,89,-38,-142,-165,-109
-44,-160,-103,105,29,-152,84,76,-50,-99,-132,-105
-28,-165,-98,100,40,-120,75,59,-38,-122,-128,-109
-66,-155,-52,67,22,-82,76,56,-35,-100,-94,-88
-39,-106,-67,59,-19,-68,71,43,-29,-90,-110,-53
-36,-78,-38,59,-1,-75,43,19,-12,-52,-100,-68
-19,-41,-28,37,12,-41,42,24,12,-50,-53,-34
-9,-49,-41,43,0,-40,19,14,-36,-32,-23,-12
-18,-14,-23,10,18,-17,8,16,-24,-49,-30,-44
-22,-9,-10,-2,-8,-15,1,12,-15,5,-17,1
10,10,-7,7,-7,6,5,0,13,15,19,-3
-7,11,7,-19,16,3,-10,10,-6,-4,3,13
4,12,12,-21,8,11,2,-15,-5,16,15,14
6,19,30,3,-30,23,-5,-10,29,14,38,26
15,27,25,-39,-13,55,-42,-3,5,25,29,25
26,36,36,-34,3,31,-15,-17,8,31,42,36
33,20,15,-8,-14,25,-21,-18,34,36,30,32
17,61,27,-33,-21,36,-16,-10,32,28,44,33
23,47,21,-40,-12,24,-27,-17,13,46,45,39
27,49,48,-47,-10,46,-23,-19,25,26,24,36
-5,50,26,-31,8,53,-31,-28,1,25,58,59
26,44,28,-44,17,49,-30,-10,0,63,42,29
16,55,40,-28,-1,45,-33,-6,6,5,55,55
30,50,32,-35,-1,45,-18,-6,5,37,64,53
31,42,61,-23,-16,40,-21,-19,18,28,53,55
12,42,38,-23,-20,69,-31,-18,-2,42,35,58
21,27,39,-67,2,35,-40,-8,18,68,62,43
11,53,29,-24,-17,44,-31,-24,9,37,81,47
36,73,40,-45,7,46,-12,-2,6,38,62,38
4,46,22,-53,-16,43,-52,-4,33,45,60,41
16,42,51,-62,-20,63,-47,-15,15,50,60,71
49,52,19,-44,-8,56,-36,-45,36,45,65,44
18,26,56,-45,-3,50,-32,-16,22,63,58,52
22,61,23,-52,-14,62,-43,-39,38,53,63,26
15,71,50,-50,-14,43,-28,-28,23,46,52,63
38,67,63,-33,-18,68,-22,-38,18,57,79,52
25,76,44,-61,7,57,-47,-31,34,61,40,54
34,69,57,-11,-5,72,-43,-40,7,44,76,54
21,102,32,-34,-16,39,-61,1,29,53,57,69
12,73,45,-62,2,72,-31,-25,24,49,67,41
32,80,53,-48,-9,71,-40,0,27,55,79,66
28,66,51,-55,-9,75,-43,-40,30,49,66,76
13,79,57,-65,-15,47,-47,-42,22,72,67,49
40,89,51,-59,3,57,-66,-52,22,59,79,76
38,91,61,-80,-5,70,-53,-12,35,71,61,49
25,90,55,-63,-10,79,-28,-39,21,53,92,71
41,91,57,-73,-8,88,-82,-44,17,69,72,65
35,114,47,-55,-30,84,-33,-41,36,68,90,88
19,92,69,-68,-8,88,-46,-56,28,83,79,58
44,84,52,-66,1,83,-43,-53,43,69,91,47
38,93,64,-64,-17,73,-51,-52,28,82,86,76
29,111,76,-76,-25,70,-74,-59,40,89,90,82
43,108,59,-85,-1,84,-66,-44,42,95,99,93
38,117,81,-68,-26,96,-78,-62,45,87,113,98
36,108,71,-77,-11,113,-63,-58,38,94,129,76
37,106,60,-87,-22,87,-79,-43,29,92,110,51
66,140,72,-81,-17,88,-46,-54,29,86,106,88
39,112,103,-68,-12,113,-84,-53,43,116,110,87
40,127,103,-119,-7,113,-81,-60,55,101,99,94
52,149,95,-103,-15,94,-83,-71,33,80,132,110
36,136,83,-104,-8,107,-83,-58,47,108,135,82
61,146,88,-89,-28,131,-84,-77,45,101,116,116
60,185,89,-130,-13,113,-83,-64,49,120,133,120
50,164,119,-115,-33,146,-73,-42,31,107,147,113
58,165,116,-132,-36,115,-82,-68,57,114,141,107
57,200,103,-102,-27,147,-92,-61,51,129,163,114
49,184,109,-131,-33,160,-122,-60,52,146,170,123
66,189,118,-131,-14,142,-115,-81,64,124,151,132
70,167,114,-113,-17,173,-98,-92,53,154,188,124
89,191,132,-132,-36,174,-104,-77,59,146,173,136
50,225,132,-130,-52,164,-95,-96,53,164,204,139
76,188,128,-162,-20,165,-129,-100,91,176,190,146
71,220,145,-147,-18,184,-115,-87,67,183,194,156
76,225,149,-154,-29,169,-101,-82,76,161,205,155
94,230,155,-150,-16,203,-136,-100,62,160,205,160
83,243,158,-146,-34,202,-110,-119,71,175,205,160
75,238,150,-155,-41,197,-145,-119,76,202,216,161
113,236,158,-164,-18,189,-125,-113,74,179,221,176
54,272,172,-198,-21,210,-154,-94,91,191,226,180
78,280,194,-154,-24,224,-147,-124,80,210,255,208
90,268,174,-207,-30,240,-126,-122,94,216,251,192
108,278,193,-202,-28,238,-156,-104,100,201,251,210
95,316,190,-212,-38,246,-156,-115,110,225,263,202
98,300,155,-212,-42,237,-171,-120,83,236,276,201
109,311,210,-210,-24,263,-164,-111,74,219,258,209
113,304,216,-204,-75,255,-157,-114,85,246,280,235
90,339,195,-232,-47,287,-144,-129,110,230,296,242
124,349,222,-244,-38,311,-175,-115,105,269,303,212
117,362,222,-241,-54,283,-174,-145,95,256,310,233
109,364,227,-242,-57,302,-193,-137,97,262,313,245
133,337,236,-237,-66,299,-205,-138,103,272,300,227
136,353,231,-244,-36,319,-216,-134,108,283,341,257
125,363,227,-244,-67,305,-201,-158,123,256,317,247
139,383,267,-256,-60,316,-212,-161,109,278,336,246
141,397,256,-267,-50,305,-220,-163,114,258,355,280
148,401,257,-290,-48,331,-219,-167,129,314,375,276
119,409,273,-251,-50,339,-212,-157,122,297,355,270
150,431,270,-286,-73,339,-215,-153,112,309,355,282
151,411,258,-276,-80,349,-222,-171,125,298,383,269
134,418,282,-277,-68,345,-225,-170,118,327,372,294
137,435,275,-294,-73,352,-234,-182,129,303,383,306
142,418,281,-289,-78,353,-244,-185,138,332,383,295
132,432,288,-297,-39,355,-230,-185,127,334,381,304
146,428,292,-300,-86,347,-227,-169,120,343,378,311
143,431,289,-285,-68,371,-239,-169,118,348,397,317
169,450,286,-313,-54,376,-256,-193,134,339,412,310
159,456,299,-300,-59,381,-247,-209,135,329,409,313
149,451,315,-319,-50,375,-235,-180,150,338,405,327
165,433,324,-293,-77,381,-260,-188,150,348,409,337
165,458,294,-334,-73,399,-260,-191,124,320,410,323
170,457,302,-321,-65,376,-285,-183,127,357,432,338
166,476,326,-331,-42,396,-250,-182,138,343,432,325
160,463,298,-327,-51,402,-251,-198,130,345,425,334
185,481,314,-314,-67,364,-252,-207,130,368,420,340
201,469,299,-333,-89,385,-261,-178,119,375,386,320
168,464,307,-321,-54,418,-258,-175,132,346,427,323
162,463,316,-303,-54,402,-251,-192,155,333,406,319
173,486,296,-310,-48,389,-258,-193,130,346,438,326
168,475,295,-327,-92,390,-267,-181,151,380,426,327
171,468,315,-299,-75,388,-253,-203,135,360,422,367
170,453,329,-314,-63,392,-245,-184,141,354,446,318
160,471,296,-331,-48,396,-290,-197,144,342,441,334
169,466,294,-308,-91,374,-265,-190,137,356,418,329
164,475,311,-321,-62,359,-266,-197,150,354,413,318
173,453,295,-334,-65,387,-262,-200,142,331,415,324
177,452,288,-309,-70,387,-242,-162,122,332,408,327
153,468,301,-307,-53,367,-239,-182,139,349,412,298
169,446,289,-311,-79,395,-248,-161,120,323,409,321
168,442,276,-297,-77,373,-239,-186,130,318,406,284
156,452,275,-319,-61,356,-237,-187,155,336,406,305
124,443,270,-301,-79,381,-236,-195,129,317,381,303
141,439,279,-285,-87,345,-249,-172,125,318,394,299
133,436,253,-295,-62,363,-222,-153,123,311,390,292
148,420,279,-286,-49,345,-229,-175,114,342,399,269
152,419,261,-272,-41,321,-228,-144,151,316,365,292
144,382,262,-281,-41,350,-220,-140,124,298,368,283
132,384,257,-261,-58,312,-219,-133,129,289,341,274
126,395,236,-272,-45,325,-238,-132,105,298,348,277
135,365,218,-240,-51,296,-226,-156,96,288,311,282
122,383,253,-260,-70,332,-182,-169,120,278,341,236
113,364,245,-258,-38,299,-204,-140,88,297,337,259
117,352,238,-243,-43,302,-208,-140,112,281,333,270
106,353,233,-249,-41,323,-202,-155,109,260,303,250
104,363,213,-232,-75,281,-188,-139,101,255,295,243
89,344,219,-230,-63,288,-171,-107,97,233,299,247
111,333,171,-238,-42,259,-175,-145,79,233,287,209
94,299,198,-209,-41,248,-187,-116,106,243,292,235
120,302,208,-196,-36,245,-163,-130,103,231,283,225
95,301,196,-207,-32,265,-150,-122,74,243,261,227
94,297,194,-191,-29,250,-144,-111,107,218,253,194
77,298,200,-171,-33,218,-131,-113,74,196,253,218
102,287,184,-168,-55,211,-140,-136,66,214,260,167
89,282,168,-168,-62,212,-135,-98,67,206,241,191
85,275,171,-163,-11,218,-134,-90,70,199,241,160
107,245,174,-182,-38,219,-136,-93,87,169,246,190
75,231,163,-184,-15,184,-135,-92,67,192,223,167
83,225,156,-167,-29,188,-136,-96,76,157,207,169
86,212,125,-151,-37,203,-128,-103,46,175,192,156
62,230,136,-142,-43,170,-124,-73,57,154,207,158
64,198,135,-137,-24,171,-108,-62,76,157,195,148
69,227,135,-121,-37,173,-108,-94,57,163,174,150
88,203,95,-117,-13,136,-101,-82,38,152,174,133
50,197,115,-109,-5,158,-109,-57,46,134,168,133
68,147,106,-140,-38,153,-87,-96,69,118,156,131
56,161,94,-105,-14,124,-124,-61,65,109,161,131
72,163,117,-130,-25,140,-74,-69,55,110,149,115
31,134,114,-109,-27,117,-103,-74,37,100,135,96
58,136,112,-109,-11,131,-76,-78,37,123,138,87
53,129,91,-101,-19,124,-77,-47,58,120,128,91
47,121,88,-99,-41,104,-85,-56,27,119,103,101
41,136,90,-94,-22,101,-72,-61,35,91,124,74
