I,II,III,aVR,aVL,aVF,V1,V2,V3,V4,V5,V6
320,938,589,-645,-138,784,-520,-386,273,710,830,649
329,928,624,-646,-137,767,-504,-368,315,690,827,667
325,912,594,-611,-131,758,-510,-373,273,689,810,646
306,864,556,-619,-143,743,-500,-338,264,636,788,615
274,843,535,-564,-117,682,-467,-326,267,623,734,573
270,763,494,-529,-142,657,-441,-310,254,573,698,523
241,694,466,-490,-113,594,-388,-286,214,546,632,494
202,649,398,-436,-120,546,-346,-264,194,468,566,441
205,565,355,-373,-77,475,-327,-222,169,430,518,421
176,480,328,-316,-73,398,-280,-189,147,374,434,332
157,407,275,-271,-56,334,-206,-157,135,310,383,273
114,351,204,-223,-25,267,-167,-137,83,263,287,218
98,250,169,-157,-32,211,-140,-101,76,214,226,169
72,173,99,-110,-24,127,-84,-72,68,133,155,126
19,98,67,-52,-20,67,-58,-43,41,64,88,57
1,9,33,-11,-8,6,-19,-5,-2,20,18,1
-24,-27,-18,18,2,-44,36,25,-18,-37,-39,-29
-35,-98,-60,71,48,-108,37,14,-20,-57,-92,-47
-61,-154,-105,100,25,-128,75,89,-50,-136,-134,-113
-88,-192,-124,149,39,-170,119,93,-69,-159,-172,-124
-84,-250,-163,164,21,-210,140,99,-84,-184,-228,-169
-97,-277,-192,178,41,-237,147,112,-79,-214,-245,-177
-99,-287,-186,183,44,-239,171,133,-90,-221,-273,-220
-126,-303,-212,213,48,-270,157,132,-93,-249,-291,-223
-116,-326,-239,229,58,-280,177,135,-84,-234,-332,-266
-137,-343,-212,225,70,-290,196,115,-95,-256,-328,-236
-123,-347,-245,258,43,-287,221,135,-110,-261,-329,-258
-143,-359,-237,234,69,-296,207,125,-124,-244,-318,-254
-111,-351,-249,216,66,-311,190,154,-77,-251,-324,-238
-117,-355,-227,231,43,-296,166,145,-99,-272,-313,-228
-110,-320,-220,248,59,-294,209,143,-94,-247,-298,-220
-102,-334,-220,230,31,-268,166,133,-90,-233,-273,-224
-117,-325,-186,217,52,-244,185,133,-91,-244,-284,-208
-145,-292,-187,199,40,-230,155,109,-98,-211,-279,-186
-94,-293,-213,199,38,-222,155,100,-95,-217,-241,-178
-86,-263,-163,177,35,-202,142,119,-72,-184,-238,-228
-91,-229,-152,148,26,-180,130,101,-97,-181,-206,-182
-77,-222,-137,148,36,-205,116,91,-77,-181,-222,-142
-103,-201,-154,155,40,-172,123,74,-66,-143,-186,-148
-59,-183,-120,118,22,-175,108,73,-59,-155,-177,-132
-60,-180,-122,119,34,-163,107,74,-54,-153,-165,-140
-63,-160,-102,107,46,-163,104,53,-29,-147,-170,-110
-36,-159,-87,113,25,-134,93,79,-51,-112,-136,-106
-62,-142,-115,93,16,-120,51,72,-52,-109,-120,-103
-26,-155,-73,100,3,-132,83,47,-43,-113,-114,-89
-45,-128,-70,101,1,-125,72,38,-20,-116,-121,-92
-35,-119,-90,87,9,-117,68,49,-17,-98,-122,-95
-53,-125,-61,81,29,-89,65,60,-27,-92,-102,-80
-40,-116,-86,61,30,-114,68,63,-36,-94,-120,-81
-30,-123,-90,79,43,-99,75,53,-36,-92,-118,-85
-50,-153,-65,75,36,-87,72,28,-34,-73,-111,-100
-16,-114,-83,60,32,-98,57,58,-42,-90,-99,-74
-19,-94,-97,67,6,-102,58,67,-20,-79,-117,-78
-41,-109,-83,62,5,-69,68,55,-5,-87,-110,-69
-47,-102,-69,77,24,-79,66,48,-38,-82,-95,-100
-43,-82,-80,61,16,-89,75,30,-33,-72,-88,-95
-44,-96,-69,69,12,-89,66,59,-30,-88,-107,-58
-32,-79,-63,60,17,-96,67,29,-21,-85,-103,-89
-41,-108,-72,68,13,-83,73,48,-49,-93,-80,-77
-36,-111,-44,62,15,-102,79,63,-12,-97,-89,-40
-56,-108,-76,76,7,-85,53,40,-16,-90,-105,-71
-51,-105,-58,74,2,-65,72,40,-35,-68,-92,-49
-40,-116,-58,62,-3,-76,61,25,-22,-75,-98,-79
-44,-96,-71,64,24,-78,71,49,-49,-47,-91,-49
-37,-90,-52,78,9,-74,66,33,-16,-60,-90,-45
-20,-108,-61,70,15,-68,68,36,-45,-89,-101,-71
-36,-94,-84,75,25,-92,71,44,-39,-76,-97,-69
-29,-92,-82,45,20,-80,47,36,-35,-87,-115,-52
-32,-85,-75,72,5,-86,46,21,-9,-74,-87,-63
-28,-94,-63,76,8,-58,53,35,-36,-43,-105,-73
-29,-108,-74,55,-4,-73,45,29,-31,-73,-72,-70
-24,-100,-47,64,13,-55,53,33,-24,-84,-65,-44
-24,-68,-74,53,21,-67,72,16,-33,-67,-89,-57
-31,-96,-52,69,20,-91,60,42,-12,-68,-65,-55
-16,-70,-47,57,13,-86,51,26,-17,-52,-90,-71
-39,-86,-40,72,19,-81,52,10,-32,-52,-82,-44
-27,-69,-62,66,22,-64,66,47,-13,-72,-81,-64
-54,-74,-51,37,22,-52,54,20,-20,-83,-77,-89
-40,-71,-47,89,8,-78,46,47,-47,-64,-96,-60
-40,-92,-49,48,42,-88,31,36,-18,-75,-48,-49
-22,-105,-57,46,27,-72,68,32,-29,-60,-84,-63
-33,-91,-53,58,7,-45,47,16,-26,-72,-51,-52
-24,-79,-32,49,17,-44,49,26,-46,-55,-99,-46
-53,-61,-71,42,12,-50,38,21,-12,-62,-61,-38
-28,-63,-74,50,-4,-43,36,41,-11,-62,-67,-49
-23,-72,-57,37,9,-72,29,32,-26,-58,-53,-70
-26,-80,-43,53,23,-74,47,24,-49,-55,-81,-41
-30,-81,-37,31,-25,-76,44,26,-36,-66,-62,-40
-13,-75,-35,32,11,-45,28,30,-28,-52,-63,-31
-14,-73,-34,47,11,-53,57,22,-16,-23,-60,-47
-15,-55,-25,35,30,-68,30,22,-30,-53,-62,-36
-6,-55,-12,30,14,-40,37,28,-8,-60,-68,-45
-3,-42,-43,53,5,-27,25,24,-6,-56,-22,-34
-20,-58,-29,51,10,-32,16,24,-30,-48,-39,-28
-24,-58,-16,18,0,-53,24,16,-3,-58,-37,-18
-2,-49,-14,20,5,-57,22,6,-40,-31,-50,-50
-18,-73,-25,47,-13,-56,5,28,-32,-35,-45,-25
-9,-36,-11,26,-3,-39,25,-7,-14,1,-45,-39
2,-31,-34,28,22,-40,6,7,-6,-30,-28,-17
1,-38,-44,47,3,-43,9,18,-28,-35,-35,-19
-5,-44,-17,16,30,-30,35,-2,-18,-27,-39,-37
-22,-20,-10,19,2,-38,2,13,1,-34,-20,-34
-4,-19,-47,15,1,-25,16,19,-23,-16,-16,-16
9,-21,-7,-2,-11,-40,-12,6,-41,-19,-20,-4
-39,-6,5,23,6,-12,7,2,-2,-14,-6,-21
-6,-23,-9,2,1,5,23,10,-12,-6,2,-6
14,-18,-15,12,10,-6,-13,6,7,-10,7,-23
-9,-8,18,10,5,6,-19,3,1,-7,6,-9
5,1,-3,13,-7,-7,-9,-11,-9,11,-21,-10
-5,-3,-27,22,10,3,-10,10,-15,9,-7,-14
16,16,8,8,5,-1,-3,3,-1,0,-14,-2
-7,12,10,-14,13,15,-11,-19,9,22,9,12
17,32,16,13,-16,-4,-10,-15,18,18,20,16
19,18,23,-22,-5,10,-15,-6,-3,10,-6,-9
31,42,16,-23,-3,23,-18,5,4,-4,32,34
23,40,38,-23,-3,23,0,-24,-3,28,31,0
1,60,31,-30,-8,23,-14,-1,34,13,29,28
3,21,53,-20,-5,34,-16,3,24,1,39,21
16,31,22,-42,-4,49,-41,-4,26,36,29,43
8,38,33,-43,-36,42,-51,-26,-4,23,56,36
37,80,39,-16,1,48,-56,-13,12,30,65,65
23,72,66,-41,-37,36,-41,-25,14,34,47,76
20,71,37,-54,-15,73,-51,-8,-3,70,67,54
17,75,25,-47,-31,78,-21,-27,17,36,85,46
30,87,37,-53,-31,78,-62,-54,37,27,86,50
13,93,39,-63,5,79,-56,-11,22,66,78,65
40,103,58,-78,-7,76,-52,-20,45,96,90,69
38,99,72,-67,-6,79,-56,-34,9,62,102,67
13,96,89,-67,-23,71,-59,-44,42,84,100,61
27,102,48,-72,-8,89,-62,-66,25,80,129,76
46,95,83,-79,2,108,-55,-40,29,87,89,84
58,140,81,-85,-18,106,-80,-23,52,84,137,84
56,125,89,-69,-22,95,-78,-60,37,96,100,91
17,145,79,-95,-26,111,-50,-35,54,103,138,91
62,161,77,-102,-28,102,-96,-64,53,110,137,102
43,156,100,-103,-29,117,-71,-68,66,112,150,96
64,144,116,-96,-20,119,-103,-61,50,119,126,106
68,150,118,-132,-29,151,-93,-68,39,117,152,112
44,167,120,-134,-34,152,-89,-78,70,126,158,116
51,194,120,-112,-40,161,-104,-78,67,125,160,118
74,168,125,-126,-36,140,-125,-91,80,118,153,146
93,170,129,-114,-31,161,-118,-65,60,162,194,133
60,215,118,-135,-24,161,-90,-92,44,156,196,127
93,193,151,-150,-28,171,-131,-61,79,171,182,152
82,225,155,-130,-35,161,-112,-89,49,160,215,150
72,220,155,-148,-14,195,-122,-86,78,175,170,129
79,216,140,-167,-45,213,-111,-100,71,176,218,160
80,214,133,-137,-41,211,-133,-96,63,179,184,161
97,235,153,-170,-26,168,-119,-105,70,160,226,167
62,230,160,-148,-41,209,-129,-89,79,176,239,167
95,255,145,-182,-51,224,-134,-98,68,198,236,174
83,268,174,-170,-43,197,-139,-95,62,170,198,199
79,262,188,-189,-58,231,-140,-91,94,185,218,175
91,254,168,-196,-47,219,-150,-104,82,206,231,167
113,274,155,-175,-47,202,-140,-113,79,192,254,193
97,285,172,-175,-39,225,-127,-106,99,194,239,196
90,285,190,-190,-53,226,-161,-127,78,222,275,194
83,283,199,-181,-45,240,-154,-135,104,215,239,205
78,293,194,-210,-53,265,-168,-124,88,214,247,178
102,277,180,-201,-46,247,-160,-98,95,222,263,198
87,296,190,-204,-59,249,-165,-124,91,223,287,214
89,308,188,-195,-44,255,-157,-85,104,233,275,200
97,303,177,-211,-60,246,-154,-108,87,226,292,197
102,314,208,-197,-36,259,-166,-139,105,233,273,204
116,320,192,-216,-38,260,-158,-126,120,260,280,225
102,303,187,-239,-54,260,-175,-116,68,226,287,242
109,330,226,-193,-30,261,-189,-111,105,247,274,245
123,325,203,-203,-54,273,-184,-133,108,237,300,227
124,309,230,-230,-57,277,-177,-149,87,244,298,212
106,303,214,-224,-50,263,-171,-144,93,245,300,216
92,308,230,-230,-40,262,-186,-117,72,234,309,214
137,311,223,-233,-52,292,-181,-151,75,245,282,226
111,330,195,-228,-55,274,-189,-105,73,260,292,227
106,326,230,-228,-53,254,-193,-133,95,261,318,240
111,320,237,-223,-60,271,-186,-135,82,238,269,255
131,333,198,-238,-37,262,-175,-134,100,262,301,255
119,306,227,-226,-23,269,-180,-130,94,259,292,226
129,339,209,-220,-63,265,-189,-117,92,246,295,251
108,325,215,-210,-44,271,-177,-125,105,240,331,255
96,320,209,-222,-54,282,-178,-126,108,240,304,214
127,334,212,-225,-54,276,-204,-138,88,250,281,239
98,308,230,-213,-68,274,-167,-112,103,236,316,219
95,333,225,-227,-62,277,-178,-125,118,230,284,223
117,311,219,-209,-53,270,-161,-112,90,260,297,221
102,297,184,-203,-28,259,-188,-119,80,259,290,218
111,291,193,-208,-51,246,-194,-110,81,236,292,218
108,306,218,-220,-58,264,-180,-128,93,240,277,247
124,306,203,-203,-49,246,-163,-114,97,241,270,216
116,317,175,-206,-48,245,-179,-136,96,253,267,200
76,299,178,-203,-54,244,-160,-150,76,224,252,221
94,289,191,-202,-52,244,-171,-125,97,220,266,214
111,287,174,-181,-22,224,-156,-99,94,217,255,202
111,286,189,-190,-48,249,-170,-143,106,204,263,209
108,258,167,-184,-54,233,-171,-88,71,203,255,166
92,267,180,-178,-30,223,-150,-99,89,183,268,159
87,277,185,-188,-38,226,-153,-122,92,217,231,196
79,261,170,-162,-48,207,-165,-103,79,218,232,178
115,249,173,-157,-45,221,-166,-112,88,211,226,178
73,256,153,-183,-24,216,-137,-96,90,196,240,161
74,233,171,-175,-24,231,-149,-109,70,173,211,160
65,260,154,-152,-39,196,-130,-109,73,181,206,163
82,241,153,-151,-15,192,-131,-79,54,168,237,151
83,208,136,-183,-27,213,-117,-85,76,148,220,158
68,218,156,-162,-35,189,-136,-92,67,155,202,155
80,220,144,-164,-24,178,-120,-102,52,176,168,149
70,224,116,-143,-27,190,-126,-85,71,154,189,158
57,189,135,-137,-48,174,-102,-98,68,154,177,166
81,204,125,-139,-40,165,-109,-83,84,134,182,148
54,180,113,-131,16,165,-98,-79,69,159,183,147
38,199,134,-109,-15,160,-118,-78,75,129,185,126
73,213,124,-145,-37,156,-92,-75,63,132,154,125
56,174,114,-105,-31,156,-82,-54,43,141,154,146
58,164,122,-117,-26,137,-92,-66,49,130,142,121
53,180,101,-106,0,129,-86,-64,41,123,142,114
49,143,130,-96,-33,105,-75,-48,50,132,149,112
54,151,98,-129,-17,132,-108,-53,47,103,128,81
48,122,104,-87,3,100,-69,-53,32,103,126,98
30,95,87,-88,-15,122,-79,-54,57,92,100,113
30,132,101,-93,-26,96,-86,-49,24,109,121,97
28,112,87,-79,-22,103,-59,-62,35,121,115,68
60,83,75,-79,-33,106,-73,-64,34,105,121,58
19,94,69,-97,-18,69,-68,-43,35,71,70,79
26,127,65,-56,-8,92,-52,-51,10,56,80,50
35,105,54,-68,-10,78,-48,-45,38,64,83,80
49,84,58,-49,0,99,-29,-56,30,53,71,50
37,62,41,-49,-11,56,-38,-21,26,93,70,48
37,66,53,-45,22,54,-56,-25,49,59,64,56
24,82,38,-56,-10,71,-32,-23,19,54,69,41
39,69,77,-45,-18,46,-35,-21,15,64,61,52
19,60,61,-37,-30,37,-40,-24,12,67,28,62
11,72,29,-35,-28,37,-23,-8,28,41,71,36
14,47,37,-62,-27,33,-20,-7,22,35,45,37
-5,32,30,-37,-6,56,-40,-31,11,32,48,26
1,50,28,-18,-20,29,-33,-2,5,33,26,27
3,44,18,-19,-20,31,-28,-15,7,20,48,48
13,19,4,-6,-3,37,-26,-20,-4,41,20,54
12,49,10,-3,-8,9,-16,7,10,25,2,17
-5,42,27,-11,-19,16,-2,-7,-6,40,34,5
19,9,12,-19,-13,29,0,-26,-2,-5,10,15
19,-9,22,-11,-3,-1,-12,-12,7,6,5,-10
13,13,21,0,-3,10,-3,8,-10,3,-4,-3
2,4,3,-13,13,29,7,0,-8,0,11,10
6,18,6,-1,-7,-6,5,-7,-5,4,-8,27
20,-18,15,8,9,-17,5,-12,17,-31,-1,-7
5,-17,-25,9,10,-3,11,22,-1,1,-9,-10
15,-19,9,15,-3,-20,12,2,6,-12,15,-11
-11,-29,-1,24,8,-7,5,-1,0,-21,-28,-8
-6,-20,-14,3,9,-6,18,10,-10,-29,-28,-23
13,-13,-15,32,-13,-38,-8,10,-4,-9,-7,6
-4,-29,-42,19,-8,-25,16,-8,21,-18,-6,-32
-20,-8,0,14,14,13,14,26,-11,-38,-22,-23
-7,-19,-15,19,17,-27,5,-3,-20,-33,-16,-39
-14,-9,-26,29,29,-14,9,28,-6,-35,-32,-14
-15,-37,10,26,9,1,19,15,-30,-18,-22,-24
-8,-31,-15,38,1,-39,28,38,-11,-36,-49,-35
-7,-53,-21,10,8,-46,15,28,-22,-23,-59,-27
-23,-38,-44,37,25,-44,17,-20,-17,-24,-32,-24
3,-48,-23,33,5,-30,5,22,-14,-11,-56,-28
-17,-56,-31,40,13,-36,26,9,-23,-28,-38,-38
-18,-49,-34,21,18,-18,40,31,-16,-22,-32,-25
-6,-49,-31,33,6,-25,28,19,-26,-45,-61,-21
-19,-55,-39,44,30,-46,31,15,-10,-43,-41,-36
-15,-47,-49,38,2,-49,25,20,-16,-29,-53,-31
-22,-54,-45,55,-16,-47,23,30,-3,-33,-29,-35
-7,-68,-48,40,8,-45,29,45,-24,-38,-63,-59
-13,-68,-41,32,-13,-20,40,54,-26,-49,-68,-44
-12,-58,-45,41,-21,-34,18,32,-26,-49,-50,-57
-28,-74,-50,47,-9,-63,51,17,-8,-55,-56,-59
-41,-60,-29,39,18,-47,30,11,-17,-46,-67,-38
-24,-63,-37,44,28,-58,22,16,-5,-57,-65,-36
-39,-66,-48,36,-7,-53,29,6,-19,-42,-56,-43
-28,-83,-37,32,23,-51,20,49,-32,-46,-59,-39
-32,-76,-26,39,8,-63,19,22,-26,-48,-32,-47
-19,-67,-37,36,-11,-71,46,38,-10,-65,-73,-29
-8,-69,-25,37,1,-61,34,44,-26,-19,-77,-40
-29,-70,-63,41,15,-48,33,4,-15,-62,-51,-39
-31,-75,-45,48,15,-66,42,19,-23,-41,-67,-36
-24,-65,-50,48,7,-55,37,36,1,-41,-68,-33
-47,-79,-16,44,0,-78,43,32,-34,-35,-57,-55
-48,-72,-43,40,13,-48,31,11,-30,-33,-62,-41
-29,-63,-42,50,15,-70,30,25,-14,-38,-67,-57
-52,-74,-38,58,23,-64,34,25,-12,-27,-74,-49
-18,-60,-40,51,11,-36,36,29,-31,-76,-43,-39
-32,-65,-62,53,30,-51,51,37,-31,-29,-71,-30
-18,-73,-47,41,8,-64,38,20,-23,-64,-65,-45
-33,-58,-62,32,11,-50,47,34,-7,-54,-59,-23
-24,-76,-47,41,7,-62,41,28,-25,-47,-69,-51
-30,-51,-46,47,7,-57,58,32,-15,-55,-75,-59
-28,-80,-38,69,8,-54,47,50,-36,-75,-67,-53
-10,-65,-28,18,37,-76,60,22,-12,-44,-57,-42
-29,-60,-55,56,5,-45,25,35,-8,-54,-67,-61
-39,-82,-45,59,17,-82,30,21,-10,-52,-81,-40
-15,-63,-74,48,0,-56,44,38,-28,-53,-66,-54
-38,-75,-58,39,14,-61,32,49,-7,-42,-55,-61
-29,-82,-17,46,30,-68,41,26,-35,-61,-43,-56
-51,-70,-49,62,13,-73,52,8,-16,-56,-58,-62
-24,-49,-39,45,1,-65,32,15,-51,-55,-45,-58
-43,-69,-40,28,1,-76,35,47,-35,-58,-61,-34
-27,-63,-54,43,17,-56,30,6,-30,-72,-55,-46
-30,-76,-65,75,6,-60,41,30,-6,-63,-44,-32
-22,-84,-49,36,-1,-55,13,30,3,-51,-83,-63
-18,-82,-51,25,9,-45,48,17,-1,-64,-62,-56
-31,-69,-68,49,21,-42,29,43,-36,-48,-80,-43
-37,-52,-29,35,-5,-63,41,33,-19,-42,-61,-43
-48,-68,-32,56,15,-48,28,18,-33,-60,-57,-46
-41,-66,-28,34,28,-61,28,23,-35,-45,-66,-47
-33,-60,-38,43,20,-58,60,23,-26,-58,-69,-36
-30,-78,-45,33,9,-39,28,44,-16,-48,-53,-25
-36,-71,-55,52,13,-70,37,38,-8,-44,-81,-37
-11,-79,-44,55,-1,-61,26,35,-46,-60,-51,-64
1,-68,-51,67,6,-53,36,23,-20,-59,-73,-52
-15,-85,-54,44,48,-68,32,18,-27,-33,-69,-37
-35,-60,-43,39,26,-80,37,23,-18,-45,-80,-36
-1,-76,-39,51,16,-56,54,35,-21,-32,-40,-39
-56,-79,-37,41,16,-65,16,36,-28,-58,-47,-37
-39,-68,-32,53,4,-45,43,18,-37,-55,-40,-28
-22,-62,-38,40,-9,-59,40,39,-38,-78,-45,-42
-36,-78,-49,51,19,-46,33,18,-14,-62,-48,-50
-39,-78,-41,60,22,-43,54,26,-24,-60,-47,-39
-23,-72,-47,68,4,-50,36,30,-15,-71,-49,-48
-22,-54,-52,61,-17,-56,33,8,-33,-38,-52,-27
-27,-77,-15,37,13,-56,37,11,-21,-46,-61,-48
2,-30,-26,65,6,-44,12,25,-9,-43,-43,-51
-19,-60,-53,27,39,-47,26,6,-41,-42,-58,-55
-34,-73,-40,42,3,-57,26,19,-31,-42,-38,-25
-54,-56,-42,24,5,-44,53,22,-4,-40,-58,-46
-16,-85,-43,31,26,-59,30,29,-19,-47,-35,-42
-27,-64,-25,36,12,-65,31,36,-31,-36,-38,-35
-34,-48,-49,32,34,-56,27,9,-19,-50,-49,-59
-36,-73,-42,71,11,-40,54,19,-10,-38,-39,-36
-22,-59,-35,39,1,-71,34,32,-10,-19,-71,-28
-5,-45,-31,22,-2,-65,22,23,-15,-38,-60,-34
-31,-54,-47,34,19,-51,44,26,-33,-30,-54,-44
-26,-70,-53,15,3,-58,36,22,2,-48,-69,-49
-25,-71,-37,33,12,-60,34,15,-18,-61,-36,-35
-1,-58,-48,30,8,-43,20,28,-26,-46,-55,-56
-27,-60,-25,36,23,-32,24,9,-44,-72,-64,-55
-30,-60,-17,53,27,-54,40,25,-14,-38,-44,-53
-23,-60,-19,29,2,-47,17,31,-5,-46,-37,-65
-20,-41,-41,33,8,-25,12,29,-17,-53,-59,-22
-21,-46,-54,35,-17,-60,32,26,1,-25,-46,-39
-31,-36,-36,12,23,-56,48,17,-35,-26,-50,-46
-30,-66,-34,40,-6,-52,7,19,-16,-41,-74,-48
2,-53,-65,50,4,-46,18,32,-42,-42,-43,-58
-23,-80,-35,25,26,-57,31,23,-50,-47,-13,-22
-11,-40,-29,37,2,-32,25,16,-23,-36,-51,-22
-5,-42,-53,23,10,-37,40,14,-17,-55,-47,-30
-20,-64,-26,24,-4,-55,36,15,-6,-29,-38,-47
-16,-87,-36,23,-13,-34,9,7,-16,-33,-38,-40
-32,-30,-18,55,4,-55,28,11,-9,-26,-56,-39
-21,-54,-43,25,21,-45,43,17,-11,-24,-52,-44
-29,-49,-36,36,20,-60,17,12,-27,-57,-53,-35
-26,-57,-22,46,8,-22,5,26,-16,-41,-52,-47
-28,-39,-29,22,7,-38,15,8,-23,-38,-49,-37
-23,-55,-9,22,16,-48,15,24,-17,-40,-42,-23
-17,-47,-9,48,2,-18,30,24,1,-53,-44,-29
-23,-59,-29,20,22,-53,44,14,-18,-42,-53,-43
-26,-43,-19,23,18,-12,41,26,-17,-49,-36,-36
-25,-49,-40,40,0,-32,26,25,-6,-42,-43,-38
-28,-50,-30,6,-3,-37,19,15,-15,-31,-36,-32
-31,-52,-37,45,3,-39,45,21,-33,-39,-39,-20
-26,-45,-31,12,19,-58,48,14,-21,-25,-24,-22
4,-52,-25,32,13,-43,42,2,-17,-48,-32,-21
-4,-50,-29,18,12,-39,23,1,-13,-48,-21,-51
-24,-48,-13,22,12,-60,23,0,-13,-31,-33,-41
-25,-59,-40,50,10,-51,26,5,1,-23,-52,-36
-17,-45,-30,30,2,-31,11,14,-31,-45,-32,-23
-25,-37,-54,29,18,-21,33,9,-6,-46,-45,-23
-23,-50,-28,37,-16,-43,40,29,-9,-15,-50,-16
-18,-28,-45,29,22,-42,-2,25,-39,-38,-29,-35
6,-13,-37,15,-5,-44,13,10,-7,-33,-30,-55
-25,-42,-47,21,14,-27,13,8,-14,-38,-26,-54
-25,-59,5,8,-1,-3,13,39,-5,-9,-29,-27
-27,-33,-36,38,17,-39,35,17,-18,-37,-35,-32
-11,-28,-3,13,28,-21,24,24,-3,-30,-33,-22
-24,-44,-37,32,2,-38,25,30,-12,-36,-46,-40
1,-57,-23,24,-13,-38,0,34,-17,-36,-24,-46
-6,-35,-40,21,5,-33,8,31,-8,-5,-26,-35
16,-37,-41,5,-5,-18,14,16,12,-12,-15,-72
-16,-43,-23,44,1,-10,24,4,-23,-17,-35,-7
-36,-38,-30,6,-2,-39,21,-4,-9,-37,-49,-39
-12,-28,-36,27,4,-51,15,19,-29,-20,-39,-36
-38,-54,-9,5,-5,-2,9,-4,-10,-27,-61,-15
-21,-40,-15,33,-8,-40,-4,20,3,-40,-15,-25
-24,-38,-12,28,25,-9,13,25,-8,-24,-25,-30
-1,-37,-20,12,2,-44,23,17,-1,-29,-28,-20
-40,-41,-19,27,5,-18,33,10,-12,-10,-35,-45
-26,-40,-15,13,0,-25,33,19,-8,-8,-35,-25
-4,-45,-39,20,9,-14,49,1,-19,-19,-18,-33
12,-3,-30,11,9,-22,43,22,7,-19,-49,-27
2,-42,-6,20,-10,-29,33,10,-5,-25,-17,-27
-24,-48,-19,12,-15,-33,2,26,-2,-46,-20,-35
-6,-39,-37,24,-11,-29,-4,5,-51,-16,-31,-14
-2,-36,-10,24,24,-39,34,14,2,-13,-31,-26
0,-31,-19,27,19,-21,22,5,-20,-30,-28,-7
-30,-28,-5,17,4,-16,9,3,7,-39,-23,-16
3,-14,-7,39,15,-37,21,4,-28,-16,-26,-19
-4,-19,-28,22,1,-30,25,16,-14,-17,-22,-25
-3,-27,-10,24,8,-12,10,19,13,-22,-20,-17
-13,-26,-35,9,7,-12,44,-12,-14,-13,-21,-15
-20,-16,-13,23,-5,-34,2,36,-15,-2,-46,-18
-13,4,-10,26,18,-8,5,18,-6,-12,-29,-17
-4,-10,-14,3,11,-18,13,13,-12,-30,-35,-40
-5,-38,11,14,-24,-16,5,13,-4,-17,-41,-41
-19,-34,-15,35,-3,-29,11,11,7,-7,-26,-16
8,-34,-6,3,-9,-22,6,14,17,-13,-20,-8
-3,-40,-8,17,16,-9,15,22,-20,-26,-21,-27
-2,-22,-11,6,-14,-18,18,-4,15,-20,-25,-13
-11,-42,0,0,8,-8,3,3,-10,-16,-25,-22
5,-1,-24,14,5,-15,20,1,-33,-4,-21,-17
0,-31,-26,16,4,-19,14,2,-18,-26,-27,-11
-14,-19,-14,14,3,-6,-1,29,-7,-24,-29,-27
-2,-19,-9,30,-4,-18,4,-11,-28,-20,-3,-22
-31,-30,-10,28,-15,-18,27,25,-12,-29,-25,-10
-27,-20,-6,8,6,-20,2,6,-3,-17,-6,-12
10,-10,-9,14,-16,-13,14,17,-12,-7,-3,-19
1,-11,-2,9,-8,-20,2,14,-4,-15,-10,-12
-12,-18,-3,-1,1,-28,13,-12,8,-19,-9,-10
12,-18,-6,29,2,-10,16,10,10,-14,-35,-1
-5,-28,-19,3,-1,-10,6,8,29,-35,-18,-20
1,-19,-5,19,-15,-34,23,-16,6,1,-11,2
-12,-13,-9,5,8,-24,-17,12,-19,-10,-33,3
-23,-4,-18,7,19,-15,14,20,-23,-5,-7,-7
-11,-27,-19,19,-1,-23,22,9,-8,-25,-13,17
-3,-12,-21,18,15,-29,11,5,-10,14,-42,-39
6,-19,-12,14,30,-14,20,28,5,-22,-2,-2
24,-26,-18,6,-10,3,21,-10,-19,-21,-20,-19
14,-20,-8,-7,30,-6,7,-9,1,-22,-25,-4
5,-30,-2,17,23,-9,10,-5,0,-25,0,-9
-17,-23,-5,7,25,-37,10,9,11,-18,8,-8
-6,-23,-24,18,-9,-27,2,16,25,-33,-9,-19
-7,-9,-21,14,-4,-14,-4,-7,10,19,-3,4
10,-52,12,7,2,-15,-4,4,13,-7,-12,-8
-14,-32,-31,20,-27,-12,34,-11,4,-24,-25,-25
6,-16,-1,19,8,-1,-15,10,8,-4,10,-19
2,-16,-6,16,-9,-5,-2,5,0,-23,-12,-19
-5,-24,20,5,-3,1,3,-2,-2,-5,-15,1
16,-11,-19,-5,5,11,6,32,-10,-20,-15,1
7,-1,-26,11,2,-20,-16,-21,19,1,-7,9
0,7,-10,-13,10,-4,1,8,-1,-18,-10,15
-14,-5,-25,14,-7,-1,4,13,-4,-7,-24,1
0,-16,7,0,4,-15,19,-7,17,-1,-24,-13
0,-7,-14,8,24,-14,20,5,13,-7,-12,-6
-7,-8,-21,12,1,-13,19,4,-8,-13,-18,-21
-14,-3,2,25,-7,6,5,-5,-12,-1,0,6
-19,2,6,4,26,-4,20,2,-13,3,-6,9
8,-19,-22,-2,2,-15,10,-9,10,0,1,2
-17,4,-26,20,-19,-1,6,18,-12,-30,-3,-9
14,1,-5,4,-9,-16,4,10,-2,6,-8,-18
-6,-16,10,-1,-3,-17,12,-9,-15,-17,6,-16
-5,-1,-3,6,10,-15,-28,15,15,1,-11,4
6,6,-9,-3,-1,11,29,3,-12,-16,6,-1
-3,-8,6,-2,-7,-21,16,5,4,-4,-9,-12
-41,9,14,-5,-13,-18,-2,-10,10,-9,-10,14
-6,-2,-24,-4,-6,6,18,0,2,-6,-28,-3
2,-13,-9,18,-27,-8,28,-9,-12,-7,-8,-26
11,6,-6,-3,0,4,13,-22,-8,1,-15,-22
-3,-7,-14,11,1,-16,7,-6,-2,-3,-13,4
0,14,-1,-6,15,0,11,19,5,1,-16,1
6,0,-6,8,-4,-31,-22,18,-7,24,19,-16
-20,-9,0,-16,0,-10,4,15,13,1,7,1
-2,28,-16,-4,3,-5,13,19,9,6,-8,-3
5,-6,-13,10,8,-11,24,-17,10,7,-2,-9
-5,-27,3,1,0,2,13,-6,-3,-4,-15,13
-10,-11,-12,3,0,11,-4,-3,14,6,-30,4
-8,-8,-4,-4,3,1,-1,-6,-12,-13,-3,11
-2,5,-22,-5,-13,17,5,0,-12,10,-3,10
4,-6,18,-25,15,-15,17,4,10,-22,-3,-6
8,17,15,5,9,-4,-11,-13,13,-5,14,-14
4,9,2,-13,5,-6,18,-10,5,0,-15,-25
-8,1,-2,5,-11,-21,8,8,-19,1,-11,-4
9,11,20,6,-5,10,9,-14,-3,7,7,9
2,-13,7,8,19,-2,-25,-6,11,-2,-21,24
-4,3,1,-7,-8,6,7,2,-6,-2,2,1
-2,-17,-12,-19,-12,-9,10,-6,16,-9,-3,16
1,-6,-3,-2,-18,-9,5,11,-27,-20,-10,-1
-5,0,-10,19,8,-23,9,-4,-12,1,-12,8
-4,-9,-1,8,5,18,1,-16,11,-26,-9,-9
10,14,4,-7,-4,4,3,4,-11,20,-2,3
9,0,-2,-18,-1,13,0,23,25,13,-14,-9
3,-10,16,-8,-7,-9,1,-18,-2,8,2,6
-18,12,21,-17,1,3,7,2,-9,9,1,17
13,8,7,-13,30,0,-15,-18,0,1,8,-6
-8,9,-3,24,-8,5,8,4,-9,6,19,7
11,-10,-11,-4,-8,-14,-20,-8,-9,10,7,13
23,13,1,-20,11,-14,10,5,-7,29,5,12
4,1,21,-9,-14,13,-8,10,-3,-13,17,17
-3,5,2,4,13,-7,-6,11,-5,27,6,1
18,9,0,-7,-35,-10,-3,-8,-11,13,24,12
1,-20,19,0,3,21,0,4,1,11,13,-2
-6,11,8,-3,3,-4,-6,-5,8,11,9,6
11,8,-19,-19,22,20,-10,-8,1,11,21,16
3,2,9,-10,-4,-3,2,16,-3,7,31,27
3,23,19,-13,-6,4,-1,21,21,-2,28,21
17,12,6,-15,-11,21,-5,-9,7,13,7,5
-13,33,11,-11,-6,14,-4,-9,7,24,12,-3
18,1,20,-11,-27,22,5,-22,5,23,23,6
23,35,0,-17,-18,37,-11,-20,-11,23,19,32
-1,11,24,-35,0,26,-7,-16,-5,25,14,12
25,14,24,-28,-6,37,-12,11,-16,16,11,27
-5,8,10,-12,-13,31,-22,-17,26,8,33,11
4,41,33,-14,-25,17,6,-4,-10,26,15,31
22,39,19,-21,-1,40,-16,-8,-5,34,20,5
5,18,30,-29,-8,26,-7,-10,25,31,22,40
6,33,23,-32,-21,30,-20,-16,13,39,32,2
17,62,39,-45,-23,28,-10,-29,10,27,56,32
8,43,34,-35,-12,59,-26,-26,21,3,30,45
33,42,48,-35,-6,30,-25,-22,29,46,51,32
8,47,38,-40,-6,27,-41,0,15,26,40,28
2,74,59,-41,-34,44,-37,-10,15,49,61,41
22,56,63,-49,-11,57,-52,-12,-5,66,58,50
17,54,55,-37,-8,58,-27,-19,25,55,59,30
18,71,55,-60,-8,65,-36,-38,26,50,81,54
31,56,73,-42,-11,78,-27,-14,35,62,76,75
30,76,57,-43,-9,59,-53,-40,19,85,72,52
9,73,56,-24,-31,81,-32,-43,43,66,86,26
30,92,69,-58,4,75,-42,-29,48,67,94,59
59,93,52,-46,-6,63,-54,-30,30,72,85,55
12,79,56,-75,-14,98,-54,-44,45,81,81,48
35,87,83,-60,-19,90,-60,-37,49,85,73,50
37,114,69,-78,-24,87,-65,-20,15,76,88,56
30,117,64,-81,-1,92,-78,-49,42,64,89,89
47,114,67,-82,-18,97,-56,-47,36,90,101,99
30,140,87,-87,-17,114,-60,-39,61,91,93,94
32,135,86,-98,-15,118,-86,-43,56,123,112,101
55,137,119,-90,-14,112,-67,-59,32,74,132,111
60,137,103,-99,-22,123,-84,-62,41,100,133,117
29,151,86,-104,-7,106,-98,-53,69,117,132,92
47,151,100,-114,-17,102,-85,-56,57,115,158,113
63,167,102,-133,-32,157,-78,-70,71,126,124,123
53,171,103,-109,-18,118,-72,-68,29,132,164,106
63,191,117,-121,-23,132,-95,-76,70,139,171,112
56,167,113,-117,-25,160,-92,-97,46,138,176,107
64,189,134,-144,-34,164,-106,-71,55,154,181,138
62,229,133,-142,-9,169,-108,-99,40,158,171,144
67,201,126,-147,-29,183,-99,-84,52,177,165,132
60,230,133,-123,-15,181,-128,-77,58,145,176,183
77,228,145,-137,-24,194,-139,-86,54,158,185,159
67,213,159,-140,-6,193,-129,-110,51,147,229,154
84,244,159,-152,-15,189,-130,-101,80,155,216,172
89,248,143,-155,-16,183,-136,-70,83,179,194,167
75,244,152,-193,-26,197,-118,-108,81,208,223,179
101,247,156,-167,-53,198,-145,-90,79,186,224,170
80,278,186,-179,-22,214,-162,-105,72,217,219,198
105,244,173,-175,-44,218,-129,-124,50,172,225,183
92,247,184,-181,-25,218,-155,-97,78,200,214,174
113,268,167,-159,-35,228,-157,-79,70,184,243,201
113,273,177,-165,-42,222,-155,-113,62,205,238,177
99,289,154,-177,-49,220,-158,-99,78,229,232,167
61,269,161,-190,-36,214,-149,-117,73,215,259,186
81,298,176,-173,-38,238,-160,-71,81,191,262,190
94,275,194,-177,-32,232,-145,-102,76,189,244,201
106,269,189,-185,-17,233,-171,-115,78,212,262,198
96,267,211,-183,-30,243,-155,-117,85,203,251,195
85,275,154,-169,-26,214,-151,-95,71,201,247,199
79,282,187,-181,-39,224,-163,-114,91,212,259,211
88,278,185,-192,-45,253,-169,-113,102,189,232,165
78,287,176,-200,-55,217,-158,-102,88,197,256,178
92,281,147,-179,-34,239,-149,-109,80,194,258,207
116,267,193,-183,-30,243,-155,-109,84,188,244,205
94,266,179,-181,-52,229,-135,-103,77,207,214,175
90,264,171,-199,-53,218,-126,-120,74,188,228,190
85,263,175,-177,-45,215,-140,-107,76,173,255,198
108,257,192,-175,-30,205,-132,-111,63,192,229,182
106,252,194,-174,-41,207,-149,-95,77,199,236,180
83,255,148,-173,-33,185,-143,-116,90,202,228,168
72,248,173,-167,-25,218,-120,-97,90,181,213,172
74,233,138,-151,-27,195,-117,-81,77,174,197,146
74,236,151,-178,-43,194,-124,-84,63,158,204,168
82,217,144,-172,-29,198,-115,-81,73,182,212,168
70,225,156,-132,-23,195,-142,-83,72,149,190,152
98,213,114,-170,-22,196,-123,-100,65,140,202,141
72,198,129,-128,-23,177,-120,-89,59,166,202,151
73,212,141,-127,-5,159,-138,-79,83,159,180,142
63,175,127,-106,-26,176,-100,-87,74,134,172,138
84,207,130,-145,-22,156,-81,-60,60,128,169,138
72,205,104,-122,-38,157,-101,-67,52,126,138,139
63,184,110,-135,-21,146,-109,-63,47,132,151,121
84,195,98,-115,-32,157,-89,-70,46,129,145,128
60,171,98,-97,-33,137,-79,-81,59,103,155,111
49,146,131,-112,-33,151,-85,-61,40,132,123,119
40,155,106,-95,-24,127,-74,-91,34,118,124,121
63,128,80,-84,-23,126,-76,-74,48,102,108,90
61,133,98,-99,-30,117,-75,-33,50,97,146,100
39,130,70,-81,-30,101,-81,-65,49,112,128,82
23,124,70,-82,-22,90,-57,-36,52,97,106,94
38,115,73,-88,-32,103,-63,-60,22,82,106,104
38,117,46,-67,-20,84,-77,-49,31,53,99,86
4,92,62,-60,-16,79,-46,-48,25,78,82,80
39,107,49,-85,-29,71,-46,-17,47,72,101,62
25,110,50,-96,-16,85,-47,-3,44,59,83,45
40,96,68,-57,-22,54,-43,-24,27,66,67,94
19,73,60,-61,-3,69,-56,-34,37,66,90,54
17,80,44,-56,-32,61,-23,-18,21,69,56,59
40,63,36,-52,-7,45,-45,-29,18,69,49,49
40,57,54,-47,-13,74,-41,-40,13,48,54,60
26,81,54,-37,1,57,-30,-31,36,68,45,43
36,75,33,-51,-15,40,-35,-60,-7,55,68,31
11,63,48,-65,0,61,-15,-31,9,48,50,39
34,46,29,-38,-15,52,-30,-27,27,44,36,24
3,50,36,-21,-8,34,-19,-14,20,41,65,38
2,74,28,-51,5,22,-44,-22,5,42,54,26
17,68,28,-22,-8,44,-29,-23,7,43,55,11
27,33,29,-45,-25,28,-4,12,28,29,37,25
38,37,4,-26,-20,41,-31,-17,-2,55,34,30
28,40,27,-30,-18,55,-22,-18,8,13,44,29
13,52,31,-11,12,29,-11,-10,23,19,40,17
23,32,52,-27,-12,35,-22,-12,27,45,43,23
12,49,32,-34,-9,40,-30,-12,-2,21,35,18
0,28,36,-27,-8,38,-19,-23,7,17,15,16
7,42,23,-10,0,7,-25,-10,17,18,39,23
28,32,-3,-17,0,29,-15,-6,-2,-9,32,25
9,38,0,2,-15,33,-26,-24,6,26,34,27
1,34,21,-28,22,6,-21,-4,2,19,19,28
22,42,6,-13,5,3,-25,4,-1,25,12,29
-5,33,14,-21,12,28,-25,5,29,-2,32,23
27,22,20,-28,-16,15,-22,3,6,22,12,-20
-7,14,1,-5,-19,9,-16,-4,-10,35,10,12
12,27,0,-13,3,21,3,-22,18,29,39,34
3,37,12,-6,-18,23,0,-27,8,19,17,-11
-1,20,24,-30,-20,9,-24,-8,20,15,44,28
16,37,37,-18,-4,21,-20,1,18,-2,12,10
12,19,-14,-18,-2,22,-25,-1,9,22,22,18
32,32,4,-11,11,10,-46,-21,21,26,38,7
-3,39,12,-37,10,4,-14,-10,12,14,-1,-3
16,13,11,-14,35,8,-11,-13,0,-2,15,-11
-10,8,6,-28,-6,20,-30,6,7,-4,-2,-1
-14,2,-17,8,11,3,-13,-10,-1,5,8,20
15,12,6,-22,-19,22,-4,-22,4,18,-21,5
2,13,-10,-13,-3,-1,-14,-15,9,24,5,11
8,-4,14,-11,-8,-8,-13,-10,9,-2,6,2
-10,1,3,-2,-11,0,12,1,2,-18,2,3
5,-6,15,6,3,-8,2,5,9,7,11,-7
19,-11,0,4,28,-16,8,8,-3,0,2,-19
-1,-20,-10,-4,13,-19,7,2,-3,-15,11,-11
-10,-10,1,24,-2,-24,11,-24,0,1,7,-8
7,-13,-11,10,-6,-12,15,9,-16,-12,6,-12
-9,-31,-31,19,41,-29,2,4,-11,-24,-21,-29
-4,-42,-16,26,18,-33,2,14,-26,-49,-51,-28
-23,-21,-19,24,6,-30,27,13,-17,-35,-54,-21
-10,-45,-19,36,25,-33,52,19,4,-37,-36,-24
-39,-73,-32,27,12,-51,22,29,-21,-46,-52,-48
-37,-65,-58,60,-1,-39,44,5,-2,-71,-60,-46
-20,-69,-39,73,17,-55,17,22,-13,-49,-78,-33
-15,-77,-44,49,25,-67,66,41,-35,-63,-68,-61
-39,-85,-76,66,20,-94,51,46,-19,-80,-88,-71
-21,-77,-75,79,11,-86,59,42,-43,-76,-88,-88
-45,-116,-68,76,-1,-83,65,35,-60,-85,-104,-86
-50,-131,-59,76,30,-95,51,42,-36,-103,-128,-87
-43,-139,-89,95,22,-106,73,54,-50,-113,-87,-81
-51,-122,-87,89,18,-113,54,32,-60,-119,-144,-98
-52,-145,-87,97,23,-99,65,40,-44,-115,-120,-105
-32,-133,-63,97,17,-131,69,36,-43,-90,-98,-115
-49,-127,-64,94,13,-98,65,66,-32,-107,-105,-94
-49,-101,-80,73,22,-99,53,52,-38,-87,-93,-87
-13,-85,-47,60,38,-67,48,14,-21,-59,-89,-50
-28,-80,-24,56,5,-51,30,19,-8,-40,-51,-45
-22,-9,-21,31,-9,-46,29,7,-7,7,-52,-22
0,2,-4,2,-6,-8,-4,-15,8,9,2,-2
23,37,22,-21,-5,27,-24,-16,11,45,40,32
41,101,34,-74,-12,66,-36,-47,8,95,82,63
66,162,86,-106,-27,119,-76,-67,46,113,142,99
61,216,155,-142,-12,193,-114,-73,76,164,186,145
110,286,180,-184,-38,224,-147,-124,84,213,239,178
100,317,213,-222,-51,294,-168,-116,114,251,299,261
148,401,270,-266,-57,332,-221,-165,132,318,371,308
167,467,319,-318,-82,401,-267,-172,144,366,448,341
186,550,375,-386,-71,453,-303,-221,171,407,499,396
244,631,421,-433,-98,512,-327,-256,175,487,584,450
224,719,423,-499,-112,580,-397,-283,201,526,646,504
295,793,511,-509,-104,636,-434,-320,243,565,679,538
301,829,552,-579,-136,704,-451,-329,248,625,765,580
323,901,604,-612,-137,761,-498,-362,280,683,821,624
330,952,616,-648,-176,792,-522,-362,269,712,876,672
356,1016,656,-678,-161,824,-557,-392,305,754,920,696
370,1052,674,-690,-156,861,-569,-418,306,804,937,741
366,1068,685,-732,-178,881,-591,-422,327,807,952,744
356,1060,725,-706,-166,891,-606,-445,336,811,989,762
373,1088,723,-740,-147,913,-606,-439,312,806,980,762
375,1081,699,-725,-152,866,-598,-422,307,794,944,730
376,1041,661,-709,-159,867,-567,-401,323,784,928,732
332,999,666,-684,-151,835,-558,-392,283,751,930,713
345,962,628,-639,-155,777,-514,-396,275,713,847,667
320,898,574,-608,-123,708,-488,-357,267,671,784,614
288,843,536,-567,-139,678,-439,-327,231,597,745,585
272,762,505,-502,-114,660,-412,-312,213,559,684,518
220,659,448,-458,-109,549,-365,-259,191,499,585,484
224,607,405,-384,-78,487,-336,-262,176,444,526,427
171,512,325,-337,-62,418,-273,-204,138,395,452,346
162,437,277,-289,-65,353,-234,-167,129,314,397,299
114,346,223,-240,-55,287,-204,-141,116,245,304,238
104,286,184,-209,-31,218,-137,-95,82,219,254,194
81,207,130,-148,-44,168,-86,-94,52,139,179,135
28,156,98,-86,-22,126,-80,-77,49,101,117,118
12,80,47,-55,-14,70,-55,-30,30,69,82,60
15,32,26,-30,-6,34,-8,-18,28,37,26,13
7,-4,15,-17,7,-24,2,-3,16,-8,-4,-11
-26,-14,-26,27,0,-29,32,26,6,-36,-45,-35
-12,-79,-53,72,-2,-81,33,24,-17,-67,-56,-72
-34,-94,-91,87,5,-109,66,42,-37,-67,-104,-82
-37,-120,-88,80,27,-92,64,58,-23,-94,-122,-105
-34,-124,-78,107,25,-102,57,59,-46,-85,-141,-106
-50,-140,-104,72,35,-119,56,61,-68,-116,-104,-104
-40,-141,-80,87,16,-105,76,49,-50,-96,-124,-100
-65,-136,-80,91,34,-106,79,59,-32,-93,-117,-78
-62,-130,-104,95,6,-77,63,48,-25,-103,-113,-108
-25,-124,-78,56,9,-72,51,39,-23,-70,-101,-64
-39,-93,-68,112,0,-101,62,36,-37,-84,-84,-76
-40,-40,-36,64,11,-61,49,40,-50,-74,-90,-68
-12,-54,-38,53,4,-51,43,43,-22,-61,-72,-60
-6,-56,-34,11,-1,-55,20,38,-18,-29,-46,-35
-28,-47,-28,33,8,-38,6,8,-12,-19,-45,-34
-2,-26,-9,32,8,-8,11,14,-11,-10,-15,-15
-5,11,-7,-7,7,5,0,-15,-13,-7,6,5
-10,18,-3,9,-7,2,7,-6,-9,-2,-1,16
14,17,14,-7,-12,17,-39,8,26,5,2,9
8,44,25,-18,-11,24,-12,-2,25,-1,25,19
21,31,27,-30,-17,26,-28,-29,39,15,43,11
-6,39,44,-40,-5,36,-22,-26,24,65,38,42
12,54,22,-29,-13,38,-22,-32,0,60,65,25
26,85,47,-35,-18,47,-27,-42,18,57,69,24
15,74,34,-43,-19,62,-35,-27,22,38,65,46
9,72,53,-42,-16,69,-34,-21,45,45,71,55
24,69,76,-56,-12,86,-48,-29,26,65,78,48
17,95,48,-69,-24,75,-33,-27,28,41,86,52
47,96,81,-63,0,47,-51,-63,48,61,72,54
39,86,76,-48,-4,55,-57,-40,17,74,82,68
27,80,34,-71,13,81,-57,-53,7,79,102,67
4,97,52,-71,-22,66,-48,-29,28,68,72,64
18,116,49,-73,-23,71,-51,-52,43,58,82,58
47,72,82,-69,-16,65,-57,-31,42,77,80,67
9,108,52,-85,-14,94,-62,-51,38,77,99,74
50,81,68,-70,-33,100,-67,-37,50,59,88,87
32,87,67,-47,-11,87,-65,-25,23,67,96,67
30,92,72,-68,12,62,-46,-58,41,64,78,74
48,122,52,-56,-19,81,-54,-49,44,61,73,35
62,96,65,-65,-13,71,-35,-63,40,86,82,76
34,107,78,-62,-24,65,-36,-44,2,90,96,90
17,102,69,-70,-15,75,-41,-47,34,67,97,74
37,90,39,-72,-10,85,-64,-39,34,77,84,78
32,88,68,-79,-14,85,-40,-24,29,64,105,68
62,106,70,-83,-47,79,-48,-48,40,74,74,90
48,90,48,-58,-2,100,-57,-44,22,81,104,69
34,91,83,-89,-6,93,-57,-52,22,71,81,81
19,121,60,-88,-23,109,-65,-22,22,64,99,82
34,117,67,-88,-15,76,-78,-61,22,72,87,86
20,87,55,-84,-18,90,-72,-20,24,70,96,52
50,96,83,-68,-25,91,-55,-34,22,71,70,56
18,102,60,-49,-18,90,-75,-62,17,72,109,62
15,107,72,-54,-19,91,-53,-45,30,79,85,83
53,101,69,-76,-19,96,-44,-63,37,97,78,69
42,119,74,-91,-17,106,-35,-23,37,90,104,76
33,113,66,-73,-37,112,-47,-40,34,94,107,80
52,119,85,-89,-15,89,-66,-45,1,71,113,79
63,97,88,-71,-11,89,-57,-32,50,87,97,72
34,131,77,-89,-14,105,-60,-43,16,66,104,80
45,120,74,-95,-7,112,-46,-34,32,89,109,82
31,118,57,-69,-21,90,-49,-48,41,108,104,81
21,117,78,-69,-29,89,-62,-40,46,105,110,93
64,116,84,-91,0,115,-51,-49,61,103,125,90
36,118,96,-85,-20,128,-70,-33,25,97,125,72
18,119,92,-60,6,89,-76,-49,27,90,118,89
51,125,82,-96,-16,97,-42,-52,39,88,110,75
48,149,77,-76,-19,108,-67,-56,49,83,123,73
23,113,90,-94,-12,123,-80,-52,60,113,99,83
36,126,84,-96,-22,83,-64,-41,30,100,133,97
52,145,96,-96,-41,140,-89,-69,14,102,120,79
59,145,93,-103,-30,124,-72,-49,30,97,125,94
61,157,86,-85,-28,106,-56,-60,39,118,131,87
39,144,102,-100,-35,83,-67,-78,36,117,129,78
66,164,78,-98,-35,116,-74,-43,53,100,130,78
52,148,95,-127,-48,127,-71,-75,64,120,131,91
61,156,133,-90,-33,116,-69,-63,22,124,134,95
61,151,102,-101,-20,118,-100,-83,65,112,145,105
64,149,118,-105,-39,134,-102,-70,66,109,145,95
45,172,117,-115,-11,120,-82,-74,37,117,124,101
60,174,103,-118,7,157,-83,-70,72,136,154,117
65,164,110,-117,-40,143,-108,-61,46,136,150,109
51,167,118,-111,-5,131,-80,-84,59,140,153,106
64,203,124,-122,-17,162,-101,-77,58,137,160,144
50,191,121,-123,-20,143,-107,-61,68,136,172,112
51,204,129,-108,-44,142,-104,-73,54,140,143,128
70,195,129,-115,-16,161,-90,-71,67,154,171,136
71,185,127,-170,-36,164,-92,-95,47,147,162,114
60,214,115,-121,-33,151,-106,-47,31,135,171,120
47,193,117,-147,-41,164,-109,-73,55,148,175,157
76,194,131,-134,-30,171,-102,-63,66,149,194,151
75,221,143,-121,-26,177,-112,-80,81,154,183,146
63,200,119,-152,-24,189,-135,-84,52,176,188,134
66,229,121,-138,-18,181,-133,-113,72,170,190,167
71,215,164,-144,-33,157,-132,-87,47,160,174,153
90,233,147,-145,-18,187,-149,-55,53,182,202,155
76,225,155,-138,-24,194,-120,-82,71,169,221,153
94,229,184,-175,-42,215,-130,-110,62,174,201,180
75,244,176,-162,-19,206,-132,-113,61,178,218,184
101,231,171,-165,-38,213,-135,-86,73,196,232,164
92,238,185,-164,-23,208,-118,-125,83,200,224,191
60,271,196,-177,-30,208,-145,-98,75,230,233,196
109,295,172,-172,-24,203,-160,-116,89,218,235,191
95,270,177,-178,-21,215,-144,-108,85,217,251,219
102,292,172,-194,-43,227,-143,-94,95,190,239,186
95,281,199,-200,-52,243,-165,-104,104,214,237,196
81,302,192,-205,-26,235,-172,-126,76,199,269,217
119,305,178,-198,-50,264,-181,-119,87,216,269,184
95,308,220,-197,-49,245,-163,-119,89,228,289,212
113,300,198,-219,-59,255,-177,-122,84,230,289,199
111,300,201,-212,-34,264,-199,-125,90,270,281,213
113,319,193,-236,-55,288,-177,-131,98,235,300,218
115,322,219,-257,-85,266,-170,-149,85,254,300,234
106,365,242,-220,-50,276,-189,-128,104,262,302,229
136,361,229,-231,-20,297,-185,-135,90,268,316,250
134,339,215,-241,-36,293,-197,-148,90,264,316,255
152,366,243,-228,-49,300,-202,-134,101,265,315,244
132,376,234,-256,-53,311,-195,-145,104,267,324,264
114,363,229,-264,-59,311,-211,-167,120,293,344,272
140,384,262,-261,-38,327,-209,-141,96,274,343,263
125,368,246,-253,-57,322,-212,-153,105,281,347,262
103,393,254,-255,-41,319,-215,-129,117,280,358,272
157,392,261,-263,-65,301,-206,-140,140,292,358,263
143,389,245,-279,-59,345,-229,-166,134,294,366,262
151,394,269,-268,-50,321,-230,-185,131,297,363,273
136,428,291,-281,-53,323,-202,-158,127,320,366,285
140,434,247,-275,-64,368,-236,-170,113,305,367,304
141,450,273,-286,-74,360,-245,-167,123,304,356,300
152,398,290,-288,-73,343,-247,-160,124,338,378,282
153,421,282,-284,-53,389,-233,-197,135,316,375,290
149,451,304,-285,-71,343,-239,-171,129,320,389,301
133,442,277,-293,-88,354,-243,-153,135,322,391,331
168,441,291,-317,-74,366,-245,-181,125,325,393,303
146,456,271,-305,-60,373,-264,-188,140,323,408,309
174,432,291,-294,-71,376,-256,-178,130,346,396,308
183,456,312,-305,-65,371,-258,-186,118,343,409,318
159,437,306,-324,-76,397,-256,-186,126,341,411,329
186,447,292,-316,-79,378,-241,-171,131,334,408,320
166,486,282,-294,-76,378,-260,-189,153,336,394,329
156,446,302,-330,-68,389,-244,-180,139,339,407,332
173,475,286,-321,-60,420,-259,-179,146,360,431,311
152,479,296,-317,-67,375,-275,-180,139,327,410,348
155,469,314,-296,-87,390,-248,-219,150,337,427,318
158,479,326,-308,-67,367,-254,-159,145,375,429,327
133,482,315,-318,-65,394,-246,-191,127,369,427,332
166,471,319,-324,-79,372,-255,-194,151,359,401,311
155,457,304,-310,-72,406,-245,-174,130,368,413,342
158,483,296,-318,-46,367,-274,-198,146,345,422,295
160,467,308,-323,-78,385,-260,-184,133,357,414,346
156,459,300,-299,-67,388,-245,-192,142,352,412,341
146,472,284,-337,-76,378,-250,-174,144,346,424,314
155,450,286,-311,-78,385,-250,-199,145,358,429,319
165,463,313,-306,-61,374,-253,-157,147,364,419,321
148,469,305,-307,-67,394,-240,-203,136,346,404,308
157,450,277,-330,-65,379,-251,-194,138,339,422,336
166,440,299,-310,-72,370,-262,-179,124,331,400,324
173,456,290,-296,-74,375,-258,-190,123,331,414,307
125,434,275,-326,-64,367,-249,-169,138,346,407,324
149,461,314,-296,-70,361,-256,-194,139,340,394,326
147,445,268,-291,-42,375,-255,-175,134,328,382,280
155,431,281,-281,-66,340,-237,-159,132,318,374,280
154,451,290,-310,-65,346,-214,-173,121,315,380,303
159,440,288,-282,-57,349,-252,-172,133,305,380,264
126,402,282,-292,-81,365,-243,-180,133,308,368,296
154,414,280,-285,-47,359,-231,-169,98,301,379,267
123,417,271,-282,-57,340,-222,-187,129,330,339,292
153,418,268,-268,-67,339,-217,-150,110,289,386,281
137,383,253,-294,-48,322,-235,-165,127,297,367,279
127,398,234,-269,-65,329,-219,-160,107,278,348,265
132,378,252,-252,-42,320,-212,-150,130,273,373,276
142,368,264,-255,-60,296,-207,-155,105,293,332,244
139,360,260,-249,-45,293,-220,-162,121,261,328,256
147,347,213,-259,-58,301,-198,-146,126,280,335,246
98,359,238,-253,-63,293,-198,-137,109,302,315,245
136,352,225,-258,-56,289,-215,-147,107,246,323,247
112,333,212,-232,-15,274,-199,-133,114,268,296,232
120,322,217,-229,-53,304,-203,-155,116,276,306,219
117,317,205,-228,-31,251,-185,-147,97,253,297,219
114,328,216,-233,-54,276,-180,-137,92,249,285,212
133,291,218,-216,-42,267,-177,-146,105,237,275,230
100,322,224,-226,-36,255,-155,-123,55,246,250,221
91,298,193,-211,-55,248,-167,-97,73,219,265,223
99,314,187,-223,-51,250,-177,-109,85,205,273,198
111,280,203,-187,-39,262,-144,-139,72,204,263,203
90,264,179,-162,-57,242,-167,-107,89,200,226,203
109,276,173,-188,-25,224,-158,-95,67,188,240,206
104,290,156,-185,-52,236,-148,-117,82,170,256,201
69,290,159,-174,-50,206,-134,-104,77,189,235,167
88,236,172,-160,-40,213,-135,-104,82,203,197,169
114,249,152,-158,-13,190,-136,-90,45,191,225,172
66,230,132,-164,-43,203,-146,-96,81,172,226,161
114,216,163,-146,-4,180,-122,-75,64,173,203,145
70,212,148,-133,-47,192,-120,-85,58,147,200,143
66,216,131,-143,-21,188,-128,-92,74,149,174,153
61,202,132,-146,-10,180,-122,-73,49,140,178,153
58,193,149,-141,-23,171,-97,-105,70,157,170,115
105,213,114,-140,-17,168,-83,-66,57,138,162,136
54,188,118,-142,-32,161,-116,-66,53,150,159,119
66,182,95,-125,-35,167,-87,-84,57,153,170,110
76,169,96,-104,-27,160,-84,-83,65,137,152,133
47,174,123,-115,-27,146,-97,-81,64,130,150,130
28,168,124,-102,-5,154,-124,-56,62,135,128,105
51,174,110,-106,-28,122,-106,-76,50,118,168,123
55,138,99,-104,-25,112,-105,-71,65,123,132,120
69,163,87,-111,-24,106,-72,-58,51,133,150,103
31,144,102,-78,5,119,-92,-46,71,123,138,106
50,146,120,-95,-20,129,-80,-52,19,109,114,101
61,137,106,-70,-25,109,-79,-38,37,108,109,77
60,130,70,-100,-2,118,-55,-44,44,94,125,93
38,126,90,-101,-3,104,-64,-52,34,107,112,98
51,110,95,-81,-25,93,-81,-44,30,93,123,84
34,129,92,-89,-29,80,-65,-36,44,75,67,79
37,118,69,-85,-22,93,-74,-55,33,79,99,77
31,115,91,-69,-23,94,-57,-44,49,99,97,87
25,112,58,-65,-21,89,-67,-35,30,68,105,70
18,109,61,-63,-3,66,-78,-50,32,84,95,60
32,93,76,-96,-25,95,-56,-38,30,70,81,63
22,97,63,-77,-18,67,-70,-40,26,87,83,61
6,116,81,-51,11,80,-71,-62,36,97,99,54
33,86,63,-48,-18,60,-58,-47,28,61,81,70
48,93,73,-63,-24,79,-54,-44,29,65,89,68
30,82,56,-38,-12,82,-67,-26,30,51,86,52
30,85,59,-42,-14,60,-50,-41,21,62,74,56
25,92,65,-40,-31,62,-36,-56,21,58,63,69
33,81,55,-52,-11,83,-46,-44,23,58,70,66
31,83,53,-53,3,69,-43,-15,31,47,90,45
21,69,51,-48,-13,58,-61,-2,25,66,71,51
32,67,53,-68,-20,39,-30,-18,5,38,82,41
38,79,53,-36,2,69,-50,-30,36,40,85,56
22,84,49,-42,-4,71,-36,-35,39,57,74,34
27,57,58,-51,1,43,-67,-26,33,62,60,42
56,74,53,-30,7,63,-12,-22,29,58,49,41
25,64,36,-40,-4,36,-34,-11,16,65,56,54
40,44,39,-41,9,52,-35,-15,22,49,66,49
38,52,41,-37,-21,59,-30,-26,33,22,74,32
37,58,33,-27,-30,38,-54,-29,24,17,49,58
32,61,75,-24,-2,52,-52,-25,19,30,55,30
12,53,48,-53,16,36,-23,-23,14,36,77,43
7,44,23,-54,1,25,-13,-32,24,32,61,44
41,67,44,-26,-23,51,-51,-14,2,39,39,29
2,34,35,1,-12,60,-24,-7,5,42,39,44
42,60,17,-49,-1,50,-31,-20,1,29,64,50
23,49,-2,-40,1,36,-35,-24,5,31,61,63
24,67,38,-37,-12,26,-34,-24,19,33,39,41
31,49,43,-28,1,36,-17,-13,5,40,54,54
17,37,42,-3,-4,53,-24,-38,29,46,47,37
9,44,48,-39,-6,20,-39,-22,21,30,55,24
11,40,31,-32,-10,37,-46,-24,13,45,50,20
10,43,24,-26,-8,60,-38,-22,24,25,64,36
32,63,23,-61,-9,38,-25,-21,-15,59,59,27
-8,41,23,-36,9,53,-19,2,18,32,28,40
13,53,24,-44,-15,58,-17,-16,22,29,91,27
23,43,27,-42,-9,49,-33,-32,25,42,30,53
30,46,22,-29,-10,43,-16,-21,-10,45,53,29
4,38,30,-44,-28,55,-26,-31,13,20,27,39
19,68,43,-36,-4,27,-27,-12,10,25,45,35
6,41,25,-33,-5,24,-53,-15,17,12,29,16
7,27,37,-42,-6,51,-2,-20,24,21,36,19
22,48,30,-25,12,60,-30,-18,0,50,64,30
14,62,22,-38,-5,38,-13,-42,32,35,60,47
23,48,43,-7,10,16,-35,-15,27,40,47,27
28,62,38,-14,-13,32,-9,-24,3,39,28,30
3,52,74,-31,-9,31,-5,-26,11,33,41,22
28,56,36,-36,-22,17,-38,-29,3,37,38,12
16,41,25,-33,-7,42,-38,-21,-2,46,27,28
16,65,30,-32,-20,24,-36,-20,-9,31,38,8
15,50,39,-29,-22,42,-20,-13,12,26,44,45
18,40,48,-33,-10,50,-15,1,-5,47,45,46
15,45,30,-41,-32,21,-47,-18,18,27,48,43
20,53,34,-32,-9,44,-35,-29,-3,19,41,36
7,49,26,-21,-25,33,-10,-22,19,39,51,44
34,58,41,-37,7,41,-14,-43,1,46,44,32
19,40,17,-35,-7,45,-35,-18,13,41,39,35
16,46,15,-27,-3,59,-22,-14,22,32,49,17
21,41,36,-24,-3,44,-3,-14,27,40,47,31
35,54,26,-25,0,44,-36,-6,7,40,57,31
16,60,26,-38,-8,61,-21,-25,32,22,42,24
10,40,49,-45,4,57,-15,-30,31,36,57,35
-3,54,33,-22,-28,25,-4,-30,15,40,29,15
38,57,47,-30,12,52,-18,-9,5,20,38,20
29,51,21,-15,-11,36,-30,-34,17,18,45,41
-1,49,52,-21,1,31,-34,-26,19,33,30,40
37,45,24,-39,-12,29,-26,-21,17,32,63,17
18,47,35,-34,20,37,-21,-11,15,28,46,39
17,44,45,-49,11,34,-33,-4,19,31,39,42
20,40,17,-42,-6,36,-22,-18,27,39,45,21
12,35,32,-18,-10,48,-28,-12,-6,39,31,32
-3,52,41,-32,2,35,-24,-25,36,35,53,49
2,48,47,-34,-7,32,-22,-29,21,38,45,29
24,41,58,-21,-29,35,-45,-4,19,33,76,29
12,60,31,-12,-6,22,-29,-23,23,14,47,13
11,57,33,-37,-17,44,-17,-12,8,33,34,14
19,51,23,-34,1,63,-25,-16,13,58,38,54
18,33,47,-52,-10,40,-39,-17,17,30,56,41
14,67,23,-33,10,20,-8,-10,6,41,40,26
36,28,43,-46,-7,30,-27,-33,14,27,39,42
24,32,27,-41,-21,48,-40,-18,1,11,27,48
19,48,8,-46,-2,33,-16,-36,11,44,46,33
11,52,24,-34,-27,38,-16,-24,19,20,43,19
43,55,17,-29,-15,54,-10,-15,26,50,50,67
22,79,42,-38,-19,41,-33,-9,11,36,47,37
28,62,24,-48,3,58,-18,-30,25,33,36,18
18,62,48,-38,-18,45,-33,-9,6,36,28,52
13,57,36,-67,-27,40,-26,-24,15,42,36,27
30,61,22,-21,-13,42,-29,-10,7,40,50,69
7,59,34,-38,-5,54,-6,-18,9,34,42,45
23,69,32,-28,-23,39,-32,0,6,55,37,39
9,57,31,-31,-11,56,-28,-10,9,41,55,49
29,39,28,-52,-18,35,-25,-3,21,35,33,31
8,61,20,-39,-12,27,-24,-33,0,44,63,31
31,59,-1,-33,-39,38,-44,-24,11,48,40,32
20,27,32,-39,-14,58,-30,-7,8,41,26,51
-2,54,35,-37,-3,30,1,-19,0,36,57,35
29,59,44,-20,-33,47,-22,-19,0,41,34,37
21,53,34,-23,-14,47,-13,4,28,21,40,32
14,59,50,-41,-5,45,-20,-19,7,31,43,41
5,52,33,-39,-5,45,-46,-26,14,66,43,54
20,49,58,-17,-21,29,-23,-35,6,31,37,13
46,77,49,-52,2,41,-4,-24,41,30,64,33
24,63,28,-68,9,41,-23,-11,13,29,47,54
9,78,23,-46,-11,37,-34,-1,10,67,69,35
15,53,44,-62,5,40,-19,-6,44,49,61,65
10,54,37,-36,-9,31,-49,-35,21,42,60,36
7,40,39,-32,-14,37,-26,-36,17,36,38,38
26,72,33,-39,-23,50,-53,-33,23,48,65,54
41,73,35,-23,-8,33,-20,-10,7,37,44,40
25,53,53,-41,-2,52,-40,-1,19,34,33,33
1,30,29,-32,-6,46,-37,-25,9,50,50,46
25,45,27,-30,-24,39,-38,-26,25,54,50,10
34,40,35,-33,-19,47,-37,-17,4,25,42,39
-1,69,29,-38,4,42,-13,-4,17,66,50,53
21,56,59,-48,1,18,-10,-3,-2,33,44,34
23,63,31,-39,-12,50,-44,-17,17,50,38,33
17,62,30,-48,-17,52,-34,-30,37,31,36,34
37,63,32,-32,-15,65,-41,-17,20,39,73,42
1,57,28,-20,-3,50,-42,-34,11,52,68,27
25,58,41,-42,-14,46,-35,-38,-1,49,72,35
-2,39,27,-13,-32,25,-21,-24,8,52,63,46
27,49,32,-55,-13,32,-17,-27,42,63,53,32
5,42,38,-54,7,71,-10,-23,-14,50,49,49
11,68,48,-26,-18,47,-27,-12,8,44,43,27
-4,46,42,-19,-7,41,-25,-11,15,53,45,50
29,20,33,-35,-7,50,-50,-22,22,43,38,35
20,50,-1,-37,2,53,-37,-1,1,54,38,41
31,36,51,-48,-5,46,-32,-17,36,47,24,34
24,57,58,-46,-13,39,-43,-46,30,33,52,40
23,81,41,-40,-38,52,-27,-18,24,48,72,25
10,55,50,-26,0,53,-46,-23,2,47,42,42
42,66,43,-51,-10,39,-35,-10,5,35,28,57
20,61,32,-6,-18,42,-53,-23,-7,30,50,44
21,72,45,-37,2,50,-47,-12,1,56,27,37
10,51,54,-22,-27,41,-24,-25,1,24,66,38
20,61,54,-45,-28,41,-39,-11,24,55,46,25
18,96,28,-30,6,46,-37,-18,37,51,55,63
33,53,27,-35,-11,50,-37,-24,23,43,60,43
37,54,35,-44,0,49,-22,-20,32,32,69,55
7,51,29,-20,10,47,-31,-28,38,45,51,49
12,58,25,-37,-14,41,-33,-11,29,43,54,46
18,73,35,-52,-9,55,-28,-22,14,23,48,44
14,50,46,-33,-7,51,-21,-35,29,44,42,23
-1,47,33,-37,-1,31,-15,-16,35,30,50,43
32,65,26,-28,-6,49,-37,-1,1,32,39,31
31,66,33,-18,-16,77,-27,-25,37,41,44,47
27,49,50,-60,-14,39,-22,-3,28,40,44,50
52,37,42,-48,-16,42,-27,-17,9,46,50,50
33,52,25,-47,1,40,-25,-4,7,31,35,40
19,45,37,-37,-1,67,-15,-31,18,64,50,43
8,52,56,-46,6,65,-25,-10,37,50,51,53
10,51,44,-41,-5,44,-47,-24,2,25,64,34
20,61,44,-32,-10,27,-23,-15,8,49,61,37
19,55,47,-36,-3,56,-36,-18,24,57,47,31
48,48,31,-41,4,37,-26,-20,34,40,53,47
39,67,33,-34,-3,36,-25,-48,8,49,41,53
19,58,34,-51,-29,43,-39,-22,28,47,30,63
30,69,26,-36,2,25,-40,-15,15,39,66,35
23,70,64,-54,-8,37,-25,-27,14,40,61,58
4,59,36,-53,-18,37,-14,-23,15,58,63,37
-3,65,31,-44,-13,57,-21,-33,29,35,38,49
23,47,36,-37,9,66,-30,-25,1,28,52,59
46,64,24,-36,-10,37,-37,-10,2,52,57,46
13,48,70,-26,-19,47,-51,-20,30,53,57,54
13,60,36,-47,-1,34,-43,-24,30,28,67,50
0,68,34,-46,-18,42,-36,-23,-5,38,45,28
28,65,38,-46,-4,59,-40,-28,-2,44,49,43
22,54,31,-34,-9,37,-34,-10,30,42,39,32
12,52,11,-29,-9,52,-54,-33,32,40,50,46
27,77,37,-48,-13,48,-34,-39,-8,36,62,37
13,64,49,-36,-17,28,-37,-29,25,63,66,50
16,52,24,-32,-19,47,-36,-32,31,58,49,72
19,62,61,-36,-6,29,-28,-18,35,36,55,51
11,64,48,-25,-31,45,-28,-23,2,57,68,41
37,62,28,-39,-26,58,-25,-14,17,61,56,50
33,69,46,-39,-22,56,-7,-22,25,39,70,52
21,61,45,-24,-2,47,-42,-37,6,54,52,53
35,33,30,-29,-7,25,-34,-19,12,44,46,36
19,67,32,-57,-10,44,-39,-52,15,48,62,57
41,68,35,-32,-20,69,-26,-39,6,17,53,39
20,68,41,-64,5,50,-31,-23,19,44,45,39
15,70,15,-50,-19,38,-53,-36,2,66,56,32
-2,60,28,-56,-32,46,-35,-14,32,42,42,31
16,63,25,-42,-6,51,-54,-42,5,54,36,49
31,49,39,-49,-15,50,-37,-48,14,38,56,40
36,62,38,-48,-18,49,-37,-13,22,50,56,52
52,49,48,-39,-16,31,-30,-36,48,53,38,29
6,48,44,-37,-3,65,-42,-29,19,25,33,39
22,49,37,-30,-28,16,-21,-18,3,59,69,13
17,61,35,-49,-15,30,-48,-28,22,57,59,58
22,57,53,-31,-8,60,-36,-28,31,44,49,21
42,62,38,-57,-14,44,-41,-33,9,36,62,18
-9,52,23,-35,-14,28,-37,-34,22,40,24,51
8,56,55,-45,-6,51,-11,-36,15,49,58,56
18,55,46,-51,-14,72,-32,-31,29,12,69,54
14,77,42,-38,-7,38,-32,-22,17,37,56,21
15,49,38,-50,-5,56,-46,-17,-15,48,47,37
23,62,47,-56,-15,58,-17,-8,25,30,72,20
9,66,37,-39,-4,60,-38,-22,10,64,42,21
3,51,45,-39,-8,57,-35,-4,12,42,43,29
34,54,30,-40,3,66,-46,-8,-3,33,55,36
46,65,34,-42,-8,38,-31,-27,20,35,54,27
12,57,57,-51,-4,55,-38,-11,11,52,68,46
0,61,18,-58,-25,63,-31,-67,28,56,51,46
11,54,61,-41,1,44,-34,-14,35,45,52,48
21,37,53,-67,-4,64,-54,-14,22,52,57,49
12,60,30,-40,-17,51,-43,-17,6,47,70,52
27,70,40,-24,-26,41,-39,-29,18,54,73,38
30,63,54,-62,-13,74,-40,-36,20,22,71,25
24,51,37,-41,-5,45,-26,-24,43,37,57,26
39,53,38,-47,-7,61,-19,-34,19,21,48,54
37,73,43,-24,-3,75,-50,-16,22,55,69,37
12,51,38,-33,24,62,-35,-18,9,50,60,32
12,81,44,-31,-4,51,-21,-14,37,31,38,67
15,73,75,-41,2,32,-23,-19,-2,34,72,48
12,84,43,-45,-10,54,-26,-17,0,40,53,37
23,55,35,-49,-22,62,-8,-24,4,43,36,41
26,63,38,-9,-5,69,-40,-26,18,24,51,53
33,62,32,-41,-4,54,-38,-40,25,41,53,52
19,56,47,-49,-5,67,-37,-21,23,52,82,22
25,62,42,-50,-6,33,-40,-41,33,46,56,33
19,57,50,-62,9,51,-29,-18,15,46,63,35
38,46,38,-42,-40,45,-19,-5,34,53,65,62
7,41,50,-64,-22,54,-40,-37,25,41,50,48
24,60,47,-28,-19,46,-40,14,20,17,58,9
32,48,45,-51,-7,55,-42,-21,9,62,62,38
22,68,47,-55,-19,49,-38,-38,7,21,71,35
31,70,26,-38,-4,59,-30,-13,38,59,55,62
22,75,56,-56,9,45,-39,-22,21,33,43,57
36,66,28,-48,-5,64,-15,-25,30,51,55,44
19,71,27,-53,-19,56,-41,-37,30,44,71,66
6,59,36,-41,-2,46,-47,-16,2,73,56,42
31,83,48,-25,23,58,-38,-17,33,69,54,46
13,88,42,-64,1,78,-6,-10,32,60,79,51
29,72,58,-47,-8,73,-17,-28,14,41,69,54
31,75,48,-58,-2,64,-65,-21,25,68,49,40
5,72,40,-26,-17,53,-38,-49,25,65,67,49
38,79,13,-37,9,76,-46,-36,36,57,73,64
27,80,57,-60,-3,66,-53,-38,10,55,75,57
29,92,51,-66,-8,71,-34,-7,13,68,98,65
37,80,56,-26,4,88,-71,-22,23,62,94,32
33,99,85,-64,-16,70,-63,-43,31,75,86,54
14,86,84,-54,-1,67,-48,-20,29,80,60,68
24,120,65,-55,-13,69,-47,-29,20,72,81,45
47,83,69,-51,-61,53,-54,-42,37,81,89,65
39,105,52,-86,-7,107,-64,-31,28,107,62,63
46,94,68,-60,-9,113,-53,-41,16,100,91,58
41,127,67,-61,-15,99,-57,-41,45,93,79,82
25,120,84,-65,-18,100,-45,-41,32,93,110,80
31,126,55,-81,-23,111,-77,-47,44,79,115,88
50,119,82,-87,-1,113,-50,-61,34,113,102,67
51,128,63,-63,-25,121,-88,-41,27,81,114,86
49,112,96,-92,-24,128,-59,-56,35,107,129,100
46,140,82,-66,-10,128,-52,-59,32,100,148,82
22,139,102,-111,-15,124,-73,-68,18,110,129,105
41,162,104,-102,-29,132,-90,-61,26,117,125,101
54,152,101,-115,7,131,-63,-52,58,111,135,101
51,156,107,-117,-17,133,-79,-68,59,122,132,92
61,165,101,-130,-41,124,-91,-82,36,140,148,130
47,173,100,-120,-38,120,-86,-52,58,137,170,115
70,173,108,-127,-32,162,-96,-75,35,116,143,98
70,158,128,-133,-37,148,-86,-67,68,115,171,144
65,193,134,-119,-36,133,-108,-92,51,145,180,138
64,182,114,-120,-38,163,-96,-64,66,163,184,128
77,221,140,-132,-35,162,-123,-88,61,161,173,142
55,229,150,-129,-32,162,-118,-69,48,170,206,155
92,231,116,-174,-29,174,-121,-75,39,176,198,172
82,216,137,-137,-27,177,-112,-76,89,158,213,177
57,217,150,-156,-41,197,-125,-94,59,161,210,168
72,237,162,-169,-43,189,-109,-99,61,171,208,166
88,222,156,-176,-21,233,-116,-105,74,173,217,155
87,230,173,-192,-56,192,-129,-115,76,200,204,196
94,258,182,-160,-58,208,-144,-90,78,203,226,183
92,243,179,-160,-40,202,-142,-113,106,209,231,177
106,251,164,-188,-43,200,-142,-136,71,204,234,184
101,272,168,-188,-37,235,-140,-121,83,178,221,187
85,254,184,-172,-59,201,-148,-114,100,194,232,191
110,282,178,-193,-18,235,-147,-126,92,187,247,210
91,268,169,-197,-66,218,-154,-112,75,190,270,197
95,271,195,-190,-48,230,-162,-120,83,206,242,194
112,282,180,-194,-37,258,-146,-108,68,219,250,197
99,272,184,-181,-33,248,-162,-111,89,226,260,188
92,270,161,-193,-64,234,-161,-112,95,221,254,210
76,268,194,-199,-19,236,-155,-111,92,203,261,199
86,275,202,-186,-47,233,-142,-148,86,189,260,201
108,306,204,-224,-37,245,-166,-101,97,234,251,199
106,275,188,-212,-48,236,-153,-113,88,220,264,214
96,279,202,-198,-40,245,-169,-122,96,234,267,199
92,260,199,-194,-40,241,-156,-113,91,202,271,190
113,273,160,-220,-62,232,-149,-94,66,239,260,193
91,279,179,-199,-50,239,-155,-96,83,205,264,207
102,277,160,-194,-21,238,-161,-107,99,223,229,176
101,279,198,-187,-35,211,-157,-104,86,217,255,189
75,272,177,-176,-20,234,-124,-105,107,188,228,203
69,267,167,-190,-39,208,-147,-124,77,209,226,204
103,266,181,-199,-52,237,-165,-88,70,196,233,180
72,247,162,-171,-9,229,-163,-104,55,205,238,193
44,258,172,-170,-29,215,-133,-106,92,202,226,198
99,234,170,-181,-40,226,-130,-106,88,174,247,174
61,234,158,-163,-43,196,-127,-103,88,196,210,184
78,221,131,-164,-27,196,-133,-100,56,186,204,177
66,205,155,-136,-28,183,-127,-109,66,154,192,175
64,227,136,-163,-38,163,-136,-105,75,153,198,168
72,208,154,-125,-39,159,-117,-86,61,173,172,163
65,214,166,-129,-25,145,-112,-94,53,154,183,131
69,214,137,-133,-22,162,-91,-98,78,156,183,128
46,191,108,-140,-26,165,-98,-81,61,179,181,128
79,178,123,-115,-17,153,-122,-85,59,103,162,132
72,190,107,-119,-26,161,-98,-73,51,136,166,119
68,178,115,-120,-22,149,-88,-82,41,123,156,133
46,153,99,-105,-19,132,-87,-67,48,139,149,124
67,164,103,-91,-12,137,-91,-86,65,122,133,115
66,153,97,-113,-15,122,-68,-62,24,105,141,96
49,143,82,-98,-33,154,-74,-66,42,113,115,89
65,141,100,-103,-24,114,-76,-46,17,118,137,120
39,125,84,-100,-26,133,-68,-74,61,84,130,76
34,80,64,-73,-25,94,-71,-50,22,86,103,81
48,123,87,-69,-29,89,-55,-69,9,89,96,88
12,116,74,-86,-25,87,-46,-40,53,91,124,84
31,113,82,-85,-14,74,-63,-46,29,75,89,83
37,100,70,-40,-10,79,-57,-52,40,65,95,68
49,96,68,-83,-22,80,-62,-47,12,71,109,64
32,102,76,-69,-23,78,-59,-47,41,90,67,79
13,78,47,-73,2,77,-25,-29,32,51,82,56
23,92,37,-52,-20,75,-36,-18,27,53,59,45
29,59,53,-62,5,73,-51,-16,5,45,51,39
38,65,54,-47,-12,64,-47,-29,10,50,78,60
28,52,61,-35,-19,61,-11,-32,11,43,74,54
1,69,52,-48,-2,59,-65,-8,16,46,54,53
23,40,47,-55,0,39,-26,-34,24,41,46,21
20,61,35,-47,2,55,-28,2,-6,19,63,44
4,60,23,-48,-10,55,-30,-28,16,32,59,35
1,63,49,-26,-3,33,-23,-1,6,48,55,24
37,55,20,-30,-4,48,-31,-33,33,41,39,55
17,36,33,-12,-14,25,-35,-37,29,32,48,44
0,62,29,-28,-19,43,-27,-14,20,27,52,44
22,50,32,-22,-6,17,-30,1,23,46,35,5
37,48,13,-16,-1,21,-34,-27,7,5,20,24
11,38,28,-31,-22,37,-32,-28,-12,40,38,40
6,34,36,-16,-3,32,-3,0,-9,25,23,41
9,15,0,-19,2,46,-23,11,16,21,-3,16
11,11,20,-42,14,20,-41,-18,8,34,24,21
-6,14,34,-21,1,18,-28,-5,6,6,21,28
18,14,1,-19,14,35,-10,-11,-6,29,35,15
2,19,27,-20,1,30,-4,-25,0,30,7,12
7,25,38,-10,35,18,-13,-8,-3,18,12,23
3,17,12,-45,3,30,-32,-33,6,20,24,17
7,15,18,-20,-5,25,-32,-17,11,19,18,20
9,21,12,-33,6,29,-19,-18,13,13,16,11
20,19,-6,-22,-33,17,-11,-2,-3,37,17,7
25,12,32,-3,-12,22,-21,-18,26,26,10,28
-3,18,18,-6,24,11,-16,-9,-7,15,15,21
3,17,25,-14,-8,9,-26,-4,21,34,3,3
26,9,30,3,-13,10,1,-12,4,14,18,0
20,25,2,-37,-5,8,-22,16,-5,7,2,15
5,9,8,3,-4,14,-17,-9,11,15,18,3
18,6,4,1,-16,7,-16,-30,-17,-18,23,9
4,9,18,-10,-5,28,-16,0,12,-9,15,8
-3,23,10,8,-8,8,-15,3,20,-15,9,3
-3,15,11,-8,13,-25,5,-3,18,-1,-10,-1
-22,-12,-4,16,1,-2,9,3,-14,3,11,-9
15,-7,-9,26,-24,-17,-11,7,22,2,-14,-24
-14,-21,3,18,0,-25,1,-5,4,-13,-15,-17
-2,-12,-4,14,21,-23,-4,7,-10,-5,-27,-8
-7,-34,-14,19,-14,-12,34,-8,-10,-18,-25,-16
-13,-39,-21,40,5,-15,36,34,-3,-27,-26,-36
-11,-44,-47,31,2,-43,38,14,-29,-43,-31,-33
-31,-69,-29,34,-4,-35,31,17,-17,-35,-51,-33
-2,-47,-53,38,20,-38,47,22,-39,-36,-49,-29
-41,-58,-62,61,14,-79,41,18,-29,-77,-72,-64
-37,-83,-36,70,-3,-88,67,37,-13,-69,-90,-40
-17,-69,-68,87,4,-72,51,19,-17,-63,-101,-61
-44,-120,-76,71,9,-96,65,44,-16,-87,-90,-83
-41,-113,-69,64,4,-102,77,25,-43,-72,-88,-79
-50,-94,-88,78,33,-123,64,44,-34,-86,-116,-95
-39,-117,-83,82,22,-87,67,32,-71,-81,-108,-94
-42,-121,-80,99,31,-126,64,56,-51,-106,-110,-83
-26,-103,-89,110,24,-100,70,27,-32,-77,-114,-62
-37,-132,-79,65,22,-89,44,42,-39,-68,-110,-90
-18,-112,-77,72,8,-78,68,48,-19,-80,-95,-81
-37,-102,-43,82,14,-79,75,25,-24,-80,-85,-46
-22,-88,-45,51,-8,-55,40,20,-49,-80,-66,-50
-4,-41,-38,37,-7,-34,22,-6,-31,-42,-27,-42
-14,-13,-12,31,10,20,10,3,-13,-15,-3,-18
0,31,2,-54,-23,35,-3,-15,3,23,19,19
22,99,31,-27,-8,58,-46,-53,0,47,62,33
53,129,80,-102,-14,100,-69,-70,45,114,99,79
79,196,126,-136,-40,135,-100,-49,42,130,153,128
81,225,169,-143,-28,204,-134,-109,84,182,218,156
116,295,204,-195,-24,271,-177,-113,104,249,277,212
105,378,224,-260,-87,317,-214,-162,124,272,320,255
132,450,268,-304,-65,389,-277,-177,128,368,401,291
180,525,341,-355,-70,434,-287,-205,141,392,462,363
236,578,378,-393,-85,499,-332,-234,190,434,521,416
229,686,427,-459,-84,554,-354,-257,190,510,587,461
255,747,497,-481,-123,612,-398,-292,202,529,635,521
271,823,529,-537,-124,678,-440,-328,238,615,711,555
290,879,565,-574,-134,705,-472,-348,246,648,766,615
313,899,591,-624,-128,758,-490,-371,304,697,820,633
337,943,635,-651,-118,775,-518,-392,289,742,849,674
348,980,629,-653,-139,806,-529,-401,286,734,886,679
356,982,647,-678,-144,809,-528,-399,259,750,879,691
358,1008,648,-661,-152,819,-519,-390,285,758,876,705
328,954,639,-669,-149,788,-524,-381,278,733,866,675
324,910,623,-649,-130,784,-512,-374,269,709,846,641
306,914,584,-621,-142,726,-485,-382,267,681,802,630
294,846,518,-570,-137,701,-477,-335,257,647,759,600
258,786,517,-524,-126,664,-429,-336,231,604,735,553
242,743,470,-504,-106,612,-423,-302,225,549,656,525
231,662,423,-439,-88,548,-362,-249,194,503,604,456
205,564,376,-380,-91,499,-321,-207,175,425,508,400
173,496,328,-319,-75,399,-274,-193,130,372,469,330
148,422,286,-289,-61,354,-229,-156,131,305,377,286
124,337,222,-199,-23,287,-182,-139,101,238,303,245
77,247,168,-186,-56,213,-135,-92,72,190,235,189
52,163,116,-135,-34,145,-109,-71,61,140,171,127
22,105,48,-76,-20,104,-38,-26,45,57,84,98
26,43,19,-14,-11,28,4,-7,32,58,20,39
0,-24,-13,3,4,-32,8,4,12,-27,3,-17
-27,-64,-61,22,25,-55,45,45,-15,-31,-85,-32
-45,-129,-68,88,32,-95,77,64,-38,-64,-94,-76
-32,-139,-94,109,27,-127,87,20,-63,-107,-144,-108
-75,-192,-124,140,29,-133,79,78,-38,-119,-170,-132
-73,-222,-120,132,29,-178,111,75,-74,-171,-193,-148
-80,-241,-157,147,61,-182,119,87,-76,-183,-201,-155
-89,-244,-175,134,31,-211,140,89,-81,-192,-237,-178
-98,-246,-164,170,30,-206,138,107,-68,-203,-229,-174
-103,-266,-154,202,41,-212,137,106,-75,-203,-202,-162
-102,-247,-169,149,58,-205,122,87,-73,-186,-231,-188
-78,-253,-160,165,26,-212,101,109,-68,-190,-229,-165
-76,-201,-158,191,40,-203,123,100,-70,-165,-224,-147
-98,-219,-168,143,28,-190,153,80,-51,-183,-215,-182
-80,-218,-125,140,45,-161,92,96,-68,-155,-190,-179
-61,-200,-109,144,4,-154,114,83,-58,-140,-171,-140
-65,-181,-136,121,9,-137,92,90,-81,-116,-165,-125
-49,-167,-125,120,25,-137,93,80,-52,-131,-143,-117
-58,-123,-104,87,28,-101,76,79,-46,-129,-131,-113
-59,-133,-87,66,22,-107,92,89,-44,-90,-100,-108
-45,-115,-77,84,6,-92,54,19,-37,-80,-107,-91
-37,-106,-45,54,21,-82,44,38,-46,-77,-93,-45
-27,-107,-68,75,31,-68,53,68,-30,-52,-81,-58
-44,-101,-29,53,9,-69,38,17,-21,-46,-73,-48
-32,-64,-59,60,30,-50,26,26,-27,-67,-63,-62
-29,-56,-29,67,-11,-32,39,2,-5,-28,-28,-11
-29,-37,-42,39,4,-33,25,34,-13,-22,-47,-15
-21,-36,-38,12,18,-29,29,20,7,-48,-49,-40
4,-19,-19,33,16,-54,25,24,-32,-39,-16,-17
-4,-58,-26,9,14,-26,18,7,0,-14,-36,-14
-31,-27,-29,1,6,-43,-1,9,-5,-15,-32,-20
-35,-41,-10,9,29,-30,22,33,0,-19,-4,-19
6,-29,2,38,18,-9,33,14,-10,-29,-22,-29
-15,11,-37,1,9,-13,19,-1,-4,-37,-29,-7
4,3,-18,0,15,-12,10,31,-13,-9,-34,-1
-8,-34,-27,15,3,-26,-3,16,-13,-23,-6,-34
22,-39,-22,32,6,0,12,3,-9,-7,-17,-11
-13,-6,5,20,18,-33,29,18,-10,-22,-12,-4
23,-16,-13,21,-18,-11,8,30,4,-24,-11,15
5,-32,-11,11,15,-13,26,9,-2,-17,-35,9
-6,-7,-13,-2,11,-19,17,10,-34,-5,-14,-19
-1,7,-17,8,0,-16,2,-2,-6,-13,-35,17
-12,-19,-2,17,18,-18,18,0,-2,-10,-27,-28
-32,-17,-32,21,-8,-24,18,5,-5,-10,0,-16
-1,-19,-19,23,-7,-16,-24,3,4,1,-29,5
-10,-17,11,16,10,-27,-33,4,1,-11,-25,-15
-5,-29,-20,5,0,-1,20,5,-18,4,-19,-15
-4,-18,-15,11,-11,-15,-7,15,26,-3,-17,-21
-19,-35,5,19,-9,3,18,-5,1,-1,-19,-14
-14,-37,7,20,-3,-23,22,3,4,13,-33,-4
7,-5,-42,15,1,-11,-1,-2,-15,-19,-6,7
-21,-5,-19,13,-31,-14,-14,2,-15,-10,-25,-8
-17,-32,-6,12,2,-2,11,19,-17,5,19,-1
-12,-3,-6,0,3,13,-4,8,18,-11,-5,0
-2,-1,-23,20,15,9,6,11,0,-10,-31,9
14,-18,15,-2,17,0,2,-9,-9,-17,-13,-15
-6,6,-13,4,-20,-2,11,8,-36,2,-3,-11
0,4,-7,-1,-3,-14,12,-5,1,1,3,3
-5,-8,2,18,17,-34,2,-3,-21,-3,11,-4
2,-9,-2,11,5,15,7,2,-3,10,-14,-21
-6,-11,12,11,0,25,11,5,-14,17,-10,-9
2,-26,-3,14,-13,-9,-18,-24,18,-29,6,-20
5,-13,-2,-2,-3,25,1,8,-13,-2,14,-17
0,11,22,5,14,9,-21,6,-9,-7,-7,-2
-2,6,-3,-4,-4,-11,9,-5,-15,18,-4,-10
-11,-18,15,2,-7,-3,-9,-19,16,-11,30,8
16,7,-3,3,9,0,1,11,16,1,-3,-5
-4,11,-25,1,1,25,18,26,-12,4,-14,10
19,28,-1,-23,-3,8,4,-6,-35,8,8,-14
-3,-9,-8,-31,-18,5,-21,-4,2,13,4,4
7,3,14,-7,-2,35,-15,11,10,-7,-7,13
-4,3,13,-25,0,1,-10,-6,10,9,6,6
2,2,-2,-7,-4,10,-20,-5,26,12,25,29
12,27,8,-2,-10,3,-10,9,-28,24,32,3
-3,24,20,-13,1,20,-3,9,-9,10,8,8
10,33,10,-30,-17,9,24,-12,-9,5,14,13
14,57,11,-9,7,31,-14,-1,-12,31,21,11
10,36,19,-24,-12,21,-18,5,4,23,17,4
0,34,17,-22,-9,22,-2,-11,18,16,29,24
8,34,26,-28,-7,22,-21,2,-9,1,30,24
23,23,30,-13,-20,17,-48,-25,15,43,20,21
1,46,23,-14,4,15,-16,-17,14,14,37,50
3,57,24,-36,-21,29,-15,-10,31,14,30,35
23,45,43,-39,4,43,-24,-12,18,34,13,42
20,58,18,-5,-28,34,-36,-8,-7,53,29,52
10,51,35,-32,5,44,-31,-39,-1,37,55,36
36,57,44,-64,-3,44,-23,-16,-2,33,63,26
46,58,49,-46,22,47,-28,-37,21,41,40,42
22,51,14,-53,1,41,-46,-31,3,51,68,46
26,76,57,-54,0,52,-50,-22,14,58,68,47
31,78,31,-43,-23,55,-40,-35,38,73,72,52
20,92,48,-19,-4,52,-53,-22,28,80,43,32
17,75,49,-44,-13,84,-26,-55,31,45,79,59
-2,69,55,-65,-29,70,-28,-44,38,51,92,58
26,105,53,-57,-4,95,-49,-33,30,52,71,94
1,85,68,-61,-2,66,-59,-35,18,66,100,61
39,115,44,-53,-31,69,-50,-19,35,74,80,70
22,103,91,-69,-25,100,-68,-36,30,76,106,83
37,100,79,-94,-21,82,-53,-43,42,71,106,104
52,118,63,-62,-28,106,-86,-42,25,98,113,101
37,124,92,-93,10,110,-89,-29,24,63,104,95
21,134,76,-88,-7,124,-69,-59,59,105,94,71
34,144,89,-98,-11,124,-64,-59,61,110,133,71
51,173,69,-73,-23,135,-44,-20,17,103,141,101
50,146,87,-115,-8,125,-85,-58,35,106,133,105
41,151,86,-116,-44,110,-82,-47,32,113,137,108
51,149,105,-113,-37,140,-86,-43,41,107,133,104
65,150,105,-108,-9,138,-89,-71,51,124,169,103
58,169,92,-119,-49,158,-82,-67,46,138,137,118
70,197,131,-120,-9,162,-90,-52,61,139,150,129
61,182,103,-91,-30,170,-96,-53,63,138,198,134
54,183,117,-133,-19,147,-113,-54,42,136,177,134
45,197,133,-136,-21,162,-88,-86,72,126,167,142
80,202,142,-116,-53,192,-94,-60,41,140,185,134
57,207,140,-149,-14,169,-99,-76,48,172,186,147
87,214,136,-134,-25,170,-100,-75,66,133,182,133
88,186,168,-141,-30,165,-116,-88,71,168,191,175
78,240,149,-148,-27,168,-113,-117,61,163,219,166
72,212,149,-161,-53,205,-144,-115,63,165,215,162
87,239,136,-163,-5,181,-125,-105,92,172,194,174
96,238,155,-153,-31,209,-108,-116,86,176,236,177
88,226,160,-189,-29,203,-149,-107,60,176,223,156
80,261,172,-179,-44,210,-140,-109,91,174,214,174
85,258,186,-206,-37,213,-166,-97,87,190,229,175
100,271,176,-173,-17,217,-153,-100,70,200,247,187
108,291,195,-186,-36,227,-152,-116,93,207,240,180
78,269,172,-178,-51,240,-153,-111,62,206,248,172
107,282,185,-198,-54,246,-141,-111,66,208,272,187
84,302,192,-185,-51,227,-131,-114,87,220,266,197
94,293,186,-202,-45,245,-168,-111,84,199,271,215
83,307,185,-187,-68,252,-156,-137,100,229,269,210
111,300,216,-211,-49,233,-141,-124,87,235,286,197
114,304,205,-226,-48,257,-168,-106,98,236,287,218
108,315,183,-216,-51,277,-168,-129,68,248,262,220
117,322,212,-200,-65,249,-161,-127,105,237,277,221
122,302,193,-206,-70,261,-184,-128,93,238,284,244
110,322,213,-222,-52,270,-190,-139,93,226,300,230
103,333,217,-208,-38,293,-183,-152,83,256,305,209
102,337,222,-227,-43,252,-176,-136,117,267,287,239
101,330,206,-233,-66,271,-186,-135,99,249,310,234
133,338,213,-237,-40,297,-167,-106,99,259,312,232
105,337,217,-237,-46,286,-176,-112,88,242,310,241
121,355,235,-219,-54,315,-209,-163,108,264,325,243
128,321,229,-209,-54,286,-177,-140,91,251,304,221
125,349,216,-235,-78,281,-203,-144,103,270,319,254
149,348,232,-243,-30,292,-211,-151,101,260,316,249
110,357,231,-256,-36,276,-189,-139,106,263,307,244
116,336,242,-234,-41,296,-203,-172,116,268,326,261
134,333,212,-218,-64,278,-201,-106,106,248,299,251
119,333,225,-254,-73,312,-212,-139,99,262,305,245
119,342,225,-222,-45,283,-197,-142,118,248,296,266
121,354,226,-231,-44,293,-198,-126,85,234,306,245
136,345,223,-225,-50,293,-199,-160,103,269,306,232
122,344,235,-239,-56,299,-190,-132,97,237,314,259
113,341,212,-231,-57,283,-183,-145,80,266,285,251
122,335,241,-230,-71,282,-197,-136,84,264,316,236
108,342,193,-237,-67,286,-213,-142,107,257,300,239
128,344,236,-224,-73,276,-210,-143,113,256,311,237
103,338,225,-232,-41,280,-182,-140,105,265,285,230
116,330,231,-232,-25,265,-169,-128,130,235,301,246
126,327,220,-230,-57,269,-183,-111,88,256,305,241
108,321,218,-228,-48,254,-175,-101,91,258,288,237
98,333,204,-233,-66,280,-181,-145,97,255,280,218
99,317,218,-204,-51,278,-187,-128,102,230,268,228
111,306,198,-217,-37,261,-185,-128,92,245,295,200
119,307,211,-196,-54,258,-153,-141,102,215,291,207
107,329,183,-230,-52,250,-161,-121,84,243,279,225
106,304,178,-200,-37,240,-151,-133,102,221,267,241
111,287,190,-224,-43,247,-160,-109,66,215,277,220
97,297,197,-200,-45,234,-178,-125,76,234,278,200
95,276,185,-182,-50,258,-162,-116,83,204,276,212
88,295,181,-189,-45,217,-133,-97,110,226,250,210
79,274,186,-199,-33,222,-143,-111,77,195,242,188
82,275,190,-179,-53,228,-149,-99,65,187,249,199
103,260,173,-174,-27,223,-158,-103,52,211,252,192
91,262,163,-167,-32,196,-129,-108,58,179,226,189
79,239,168,-171,-30,210,-127,-112,85,195,228,189
93,267,141,-171,-29,185,-140,-107,77,195,226,183
81,232,156,-141,-6,213,-136,-95,77,168,202,178
51,239,158,-179,-32,200,-125,-63,44,182,209,171
80,226,156,-147,-28,181,-130,-84,92,154,198,137
80,214,137,-144,-23,184,-139,-94,68,165,183,147
100,197,154,-149,-43,163,-126,-73,63,148,176,156
72,213,138,-154,-4,170,-130,-74,27,145,186,128
92,182,129,-140,-43,173,-107,-82,69,140,160,135
77,178,123,-114,-25,164,-99,-71,62,131,176,152
45,171,125,-131,-36,145,-121,-59,49,147,189,142
37,172,105,-116,-28,131,-102,-64,43,138,158,126
55,152,75,-114,-40,147,-90,-68,49,121,123,123
51,149,102,-128,-14,108,-55,-69,64,113,131,118
62,160,87,-78,-19,118,-75,-61,36,127,140,93
51,128,76,-100,-41,113,-84,-71,30,106,127,71
59,144,106,-90,-9,104,-85,-32,30,119,134,81
37,127,82,-82,-11,92,-66,-65,41,63,113,115
42,120,81,-91,-13,89,-88,-63,24,73,98,80
48,108,85,-92,-2,91,-76,-24,17,95,107,71
35,113,85,-82,-18,86,-87,-60,34,89,104,60
37,106,53,-88,-6,107,-52,-55,23,69,82,57
7,84,69,-69,-12,80,-51,-20,32,73,95,78
17,88,50,-48,-20,61,-67,-26,26,30,61,64
26,85,39,-52,-3,67,-48,-1,36,59,76,61
23,87,51,-27,-2,66,-44,-31,21,55,92,71
15,65,5,-17,-7,45,-38,-36,11,35,38,31
6,29,37,-35,0,34,-29,-45,25,52,42,41
25,52,36,-58,-17,65,-36,-26,8,52,67,68
2,87,34,-28,-13,30,-23,-23,19,23,59,40
5,38,18,-22,14,32,-41,-14,19,39,36,49
26,37,24,-22,13,20,-21,-15,20,30,27,21
23,28,11,-12,11,40,-43,-27,15,36,27,20
20,37,24,-10,4,12,-28,-17,13,23,8,8
0,20,14,-19,-13,20,-7,9,0,6,15,5
18,5,31,-21,5,36,5,-19,0,7,20,13
16,32,4,-9,0,2,2,-10,19,-8,20,1
-17,8,-13,-10,-8,13,13,-21,17,8,16,20
7,-2,1,24,-1,11,11,-7,16,1,17,-8
-19,5,0,-1,7,-7,-5,20,-16,-3,-4,-19
8,-2,10,4,11,-5,-17,10,-16,-12,11,7
-19,-9,-13,0,-33,-4,15,7,11,9,-30,-14
-13,-11,21,9,9,-1,4,12,24,-8,-18,-5
-13,-3,-6,11,-11,-9,12,-2,-27,-21,-22,-10
-1,-11,-28,33,14,-27,5,-3,-29,-6,-17,-5
-13,-17,-17,-3,-14,-18,17,12,7,-7,-21,-23
-34,-41,-15,12,11,-17,16,4,0,-19,-26,-13
-21,-37,-34,45,-15,-34,21,31,13,-14,-1,-6
-20,-30,0,8,4,-21,26,0,2,-49,-43,-17
4,-24,-21,17,4,-25,29,-13,-13,-28,-6,-6
-12,-24,-8,31,15,-15,17,6,-4,-32,-44,-18
-25,-60,-27,29,-2,-33,30,-5,-13,-38,-46,-32
-14,-42,-13,34,20,-13,28,1,-1,-20,-28,-29
-1,-45,-36,25,16,-29,16,25,-6,-29,-48,-32
-27,-58,-35,34,-6,-48,25,-6,-10,-37,-11,-21
-32,-42,-40,37,-1,-55,30,24,-33,-40,-48,-51
-14,-59,-19,61,19,-42,36,11,-9,-50,-17,-39
-5,-48,-42,40,5,-42,32,9,-28,-36,-59,-43
-13,-69,-33,42,21,-44,41,27,-30,-48,-43,-27
-35,-53,-32,49,11,-68,26,42,-28,-29,-41,-28
-41,-63,-33,45,23,-43,46,15,-39,-58,-49,-40
-8,-52,-60,48,12,-38,26,40,-25,-37,-58,-49
-28,-44,-36,50,17,-52,32,37,-20,-53,-45,-43
-19,-64,-45,34,18,-66,51,19,-25,-19,-74,-43
-11,-52,-52,41,15,-52,38,22,-42,-58,-58,-28
-25,-70,-42,35,7,-54,30,38,-14,-36,-56,-53
-39,-76,-44,68,9,-52,23,20,-25,-50,-58,-39
-36,-44,-50,66,27,-63,49,38,5,-39,-74,-54
-24,-84,-23,52,33,-66,48,11,-11,-38,-77,-47
-2,-71,-66,50,9,-78,55,7,-27,-44,-46,-56
-29,-60,-48,59,-12,-60,43,21,-21,-65,-72,-53
-31,-87,-56,17,30,-82,29,32,-15,-54,-60,-69
-32,-59,-41,61,20,-80,38,19,-38,-54,-78,-51
-57,-67,-67,62,8,-82,24,22,-30,-55,-55,-52
-19,-64,-34,59,23,-67,47,9,-3,-49,-60,-56
-6,-80,-52,52,22,-70,44,30,-20,-68,-59,-61
-40,-97,-53,52,12,-54,42,33,-20,-59,-59,-74
-28,-70,-81,40,-10,-57,45,27,-26,-52,-78,-49
-44,-67,-39,30,23,-71,37,30,-35,-52,-65,-57
-9,-73,-41,43,2,-62,67,35,-42,-49,-68,-49
-33,-71,-46,52,5,-56,17,34,-21,-74,-36,-50
-46,-48,-50,47,32,-77,36,44,-34,-55,-62,-47
-28,-81,-82,54,-4,-46,41,38,-17,-59,-67,-48
-25,-71,-25,41,28,-65,27,42,-26,-50,-49,-61
-9,-78,-58,81,11,-58,55,35,-20,-60,-73,-52
-39,-66,-48,47,17,-87,27,49,-12,-73,-73,-31
-37,-83,-33,50,8,-71,43,38,-29,-53,-53,-55
-2,-66,-24,39,13,-57,73,32,-9,-74,-72,-59
-43,-82,-44,63,-24,-57,41,19,-11,-44,-76,-61
-14,-89,-46,54,3,-78,48,23,-18,-45,-82,-68
-37,-83,-37,68,2,-79,50,33,-27,-59,-76,-36
-35,-58,-36,54,23,-52,25,44,-37,-49,-48,-54
-42,-78,-33,39,16,-59,52,25,-34,-80,-82,-53
-23,-61,-68,72,22,-67,30,50,-7,-47,-87,-44
-31,-68,-38,49,19,-91,35,46,-35,-47,-68,-61
-38,-57,-64,50,10,-53,62,11,-50,-68,-79,-30
-24,-67,-71,45,16,-28,39,44,-32,-47,-66,-61
-62,-67,-63,52,12,-54,19,24,-23,-75,-74,-56
-39,-73,-46,58,-5,-68,49,34,-24,-56,-71,-57
-17,-82,-37,43,12,-59,21,39,-23,-51,-66,-28
-38,-87,-52,28,17,-75,44,47,-34,-49,-73,-44
-5,-56,-33,51,18,-70,28,18,-50,-65,-75,-47
-8,-86,-65,36,7,-50,55,41,-25,-58,-83,-50
-37,-67,-40,23,11,-66,42,35,-28,-33,-64,-40
-35,-69,-31,40,13,-56,31,31,-28,-47,-78,-64
-30,-90,-66,48,-5,-42,40,43,2,-81,-68,-44
-54,-62,-47,65,7,-54,43,31,-19,-44,-70,-55
-34,-87,-48,29,7,-71,43,13,-19,-32,-72,-56
-19,-87,-40,35,38,-56,25,24,-29,-51,-71,-74
-10,-68,-47,76,0,-59,55,27,-8,-56,-66,-52
-37,-57,-56,42,21,-58,35,30,-48,-69,-81,-49
-20,-53,-50,55,12,-79,44,34,-34,-71,-66,-44
-19,-74,-56,47,4,-63,21,28,-39,-55,-71,-62
-12,-70,-42,63,16,-68,15,32,-25,-62,-73,-39
-37,-100,-47,50,-2,-72,45,45,-13,-74,-79,-58
-15,-61,-46,46,1,-65,36,39,-14,-55,-72,-79
2,-68,-56,53,17,-59,53,38,-43,-52,-71,-55
-12,-77,-30,61,2,-69,45,29,-25,-69,-64,-55
-23,-71,-45,63,11,-61,43,25,-26,-32,-79,-57
-32,-77,-48,50,28,-56,63,53,-55,-74,-45,-48
-31,-76,-44,52,19,-72,58,19,-22,-67,-62,-48
-16,-92,-26,54,13,-66,34,24,-29,-56,-62,-44
-28,-82,-66,45,13,-65,50,10,-14,-72,-65,-56
-23,-93,-52,61,20,-66,47,34,-28,-60,-72,-63
-37,-79,-55,48,16,-55,39,14,-18,-61,-48,-46
-22,-72,-64,58,29,-80,59,24,-28,-40,-85,-39
-53,-65,-44,56,-5,-63,38,34,-19,-56,-80,-41
-16,-107,-47,70,16,-60,51,44,1,-67,-88,-75
-38,-76,-54,71,-8,-61,47,33,-15,-51,-49,-41
-17,-93,-53,56,9,-71,28,18,-26,-53,-102,-62
-20,-65,-59,46,4,-45,51,27,-35,-38,-64,-42
-33,-80,-72,60,22,-78,42,29,-9,-56,-68,-67
-54,-78,-45,36,10,-82,59,38,-43,-49,-78,-69
-30,-83,-68,24,20,-69,34,28,-15,-71,-83,-45
-22,-64,-23,38,18,-75,39,14,-43,-62,-79,-54
-37,-100,-56,50,18,-77,54,63,-38,-65,-81,-55
-11,-62,-55,34,-4,-49,53,37,-27,-56,-54,-55
-16,-83,-40,25,3,-27,37,28,-39,-59,-102,-49
-19,-75,-51,47,20,-69,35,16,-16,-53,-48,-73
-31,-84,-53,44,27,-66,39,40,-47,-80,-43,-60
-29,-59,-37,59,5,-67,28,27,-30,-55,-72,-43
-15,-74,-59,80,18,-76,45,41,-18,-52,-42,-47
-38,-78,-63,36,-8,-56,59,27,-30,-45,-63,-54
-13,-64,-48,79,-1,-61,37,43,-19,-32,-49,-34
-20,-77,-38,60,-1,-62,44,28,-46,-55,-83,-65
-28,-103,-51,55,25,-59,48,23,-27,-72,-92,-52
-39,-35,-34,51,22,-62,52,27,-36,-42,-64,-56
-23,-67,-59,46,5,-60,52,56,-12,-66,-55,-51
-39,-74,-49,56,10,-68,45,44,-31,-53,-81,-69
-37,-77,-53,45,12,-61,34,22,-19,-59,-103,-61
-34,-66,-46,51,30,-75,37,7,-32,-33,-66,-68
-37,-76,-54,36,12,-65,56,8,-13,-46,-63,-79
-29,-88,-35,60,-12,-82,33,47,-21,-55,-72,-64
-21,-76,-72,12,25,-76,40,19,-17,-37,-52,-41
-32,-75,-38,54,12,-48,39,43,-25,-42,-63,-27
-8,-77,-38,55,4,-65,45,22,-31,-52,-80,-58
-25,-61,-54,46,13,-68,51,27,-5,-54,-78,-49
-16,-78,-51,47,0,-56,38,38,-14,-74,-104,-49
0,-105,-58,47,12,-51,53,12,-29,-70,-86,-64
-31,-73,-30,54,7,-74,45,40,-18,-58,-54,-45
-48,-69,-65,53,1,-74,48,25,-9,-48,-49,-67
-25,-71,-42,53,11,-70,48,11,-7,-39,-58,-53
-28,-75,-13,63,-17,-46,47,27,-9,-28,-58,-69
-19,-73,-45,49,0,-82,40,13,-21,-59,-92,-61
-7,-56,-30,44,24,-72,44,29,-19,-69,-55,-46
-17,-56,-53,45,13,-56,37,26,-36,-46,-52,-65
-18,-70,-45,65,-12,-79,46,18,-14,-71,-79,-38
-14,-68,-47,50,20,-67,28,37,-31,-57,-66,-50
-50,-68,-45,35,1,-73,64,32,-15,-76,-43,-49
-41,-70,-46,34,10,-66,37,37,-15,-60,-74,-57
-15,-77,-48,54,-1,-78,47,26,-23,-78,-59,-50
-24,-84,-54,42,-26,-60,56,21,-25,-45,-66,-53
-33,-45,-51,50,0,-61,37,17,-10,-28,-59,-36
-30,-68,-61,40,11,-53,41,43,-19,-75,-70,-54
-46,-78,-63,54,-8,-57,40,9,-7,-40,-42,-57
-16,-57,-48,32,4,-51,35,22,-31,-48,-48,-42
6,-94,-49,54,-6,-52,47,38,-24,-53,-58,-32
-23,-77,-50,38,1,-72,24,49,-26,-51,-56,-47
-39,-79,-51,41,-8,-50,42,30,-38,-67,-72,-32
-23,-68,-43,50,25,-48,46,21,-15,-36,-75,-53
-23,-71,-57,35,28,-59,55,66,-16,-55,-48,-38
-33,-74,-59,63,20,-82,38,32,-18,-33,-70,-51
-17,-67,-61,43,15,-57,47,25,-21,-61,-66,-61
-29,-92,-51,67,4,-20,26,46,-23,-56,-62,-73
-54,-64,-54,49,15,-47,73,34,-38,-68,-61,-41
-15,-55,-23,43,20,-67,25,21,-32,-41,-52,-43
-35,-88,-53,24,3,-71,32,37,-9,-61,-70,-53
-45,-64,-51,33,6,-72,33,32,-55,-46,-87,-57
-35,-67,-40,46,-24,-60,28,40,-22,-51,-60,-59
-11,-76,-44,66,2,-70,39,25,-32,-61,-46,-53
-50,-62,-37,40,-15,-85,29,27,-7,-57,-42,-40
-34,-82,-38,57,22,-64,43,32,-21,-77,-47,-39
-23,-64,-52,39,-6,-66,41,33,-8,-56,-58,-33
-26,-70,-16,52,-5,-49,38,15,-11,-42,-66,-41
-4,-82,-50,51,15,-53,39,22,-14,-48,-79,-45
-31,-89,-42,40,13,-53,50,33,8,-65,-80,-42
-34,-86,-50,55,13,-60,32,36,-40,-45,-67,-44
-28,-88,-59,51,0,-61,54,49,-21,-67,-52,-63
-27,-79,-45,38,26,-65,21,21,-2,-44,-57,-29
-17,-77,-47,40,4,-62,33,37,-18,-51,-56,-21
-45,-54,-43,35,5,-42,48,-2,-21,-61,-60,-57
-19,-68,-51,36,-4,-56,33,29,-17,-36,-64,-41
-19,-67,-33,33,3,-49,8,24,4,-55,-64,-43
-23,-58,-41,48,6,-62,37,42,-18,-31,-49,-44
-36,-63,-48,55,10,-49,28,17,-36,-55,-59,-52
12,-72,-51,43,19,-65,40,44,-35,-36,-58,-44
-26,-68,-61,50,22,-76,36,35,-4,-54,-41,-39
-2,-74,-22,43,9,-52,39,33,-9,-47,-61,-61
-38,-75,-57,59,12,-47,19,39,-25,-65,-58,-41
-13,-71,-51,58,19,-60,27,29,-32,-53,-81,-34
1,-48,-33,47,2,-56,35,9,-18,-57,-59,-58
-40,-54,-36,38,8,-52,27,30,-14,-55,-46,-34
-33,-93,-37,34,-2,-52,44,37,-13,-61,-43,-48
-9,-64,-18,66,25,-69,47,38,-14,-53,-56,-53
-20,-65,-31,73,21,-49,42,45,-26,-74,-51,-38
-39,-54,-46,48,38,-53,49,31,-3,-74,-56,-39
-41,-71,-32,29,25,-57,30,41,-19,-41,-55,-66
-41,-80,-50,11,20,-66,25,35,-52,-39,-66,-50
-11,-75,-62,53,8,-75,39,34,11,-50,-41,-69
-34,-59,-55,40,19,-63,25,37,-16,-43,-38,-53
-12,-71,-54,32,29,-47,23,26,-24,-44,-69,-45
-46,-56,-48,51,16,-49,35,21,-11,-55,-65,-57
-36,-59,-48,32,-3,-62,25,32,-22,-53,-59,-46
1,-78,-36,38,7,-47,30,47,-13,-38,-57,-21
-37,-50,-36,53,29,-36,6,24,-31,-58,-54,-42
-37,-68,-46,35,18,-41,23,17,-21,-37,-32,-47
-33,-51,-58,57,7,-39,39,32,-15,-58,-45,-51
-12,-67,-54,44,12,-57,38,33,-6,-45,-39,-28
-18,-65,-51,31,8,-70,31,39,20,-56,-61,-16
-10,-49,-75,55,11,-42,31,30,-21,-47,-37,-51
-8,-72,-34,40,4,-58,25,6,-9,-62,-55,-55
-29,-50,-54,58,17,-69,32,3,-9,-52,-44,-43
-24,-69,-5,32,18,-47,26,0,-23,-67,-53,-25
-28,-73,-42,45,16,-53,14,-3,-14,-40,-64,-59
-13,-55,-32,48,-4,-26,31,58,-12,-43,-75,-44
-11,-59,-50,37,10,-37,22,14,-31,-56,-73,-35
-21,-60,-41,39,3,-71,38,17,-10,-27,-64,-27
-35,-74,-54,31,-9,-34,43,31,-18,-30,-67,-60
-18,-51,-56,25,8,-48,31,22,-12,-33,-50,-53
-29,-69,-32,45,6,-50,43,24,19,-42,-49,-46
-12,-69,-27,42,15,-16,51,49,-12,-38,-33,-35
-27,-50,-52,37,13,-60,26,25,-6,-34,-63,-52
-10,-63,-39,36,6,-32,50,35,-2,-29,-32,-24
-32,-74,-59,38,8,-60,40,28,-3,-56,-48,-45
-31,-62,-36,29,3,-56,28,31,3,-56,-67,-49
-42,-55,-28,40,13,-47,24,44,-31,-50,-64,-72
-16,-88,-53,40,-1,-44,45,24,-24,-51,-42,-33
-22,-46,-22,43,-21,-41,13,43,-21,-63,-64,-48
-15,-52,-28,39,15,-67,35,54,-19,-34,-47,-43
-26,-42,-66,37,-5,-46,53,28,-15,-45,-56,-22
-15,-77,-36,43,4,-44,21,15,-12,-40,-56,-25
-18,-57,-40,25,11,-63,30,21,-31,-37,-46,-45
-35,-41,-38,40,-7,-72,41,48,-31,-51,-51,-38
3,-41,-58,60,20,-62,22,30,-29,-62,-18,-45
-34,-63,-34,25,15,-22,29,25,-19,-59,-60,-50
-2,-89,-49,45,4,-62,34,27,-28,-55,-30,-59
-7,-72,-26,43,-7,-59,40,25,-29,-47,-47,-39
-9,-43,-31,30,16,-34,38,26,2,-47,-43,-38
2,-81,-38,39,-8,-42,9,32,-8,-55,-30,-35
25,-52,-39,36,7,-61,23,13,-22,-63,-42,-16
-9,-55,-31,48,-4,-46,52,34,-1,-51,-48,-35
-21,-41,-41,27,17,-39,46,29,-3,-30,-45,-35
-15,-74,-39,36,6,-39,59,34,-22,-40,-58,-45
-7,-65,-30,28,0,-36,35,2,-11,-35,-60,-33
-23,-59,-32,18,14,-71,16,9,0,-42,-73,-25
-16,-25,-42,54,11,-46,11,50,-40,-30,-58,-41
-4,-47,-28,36,13,-62,50,12,-5,-43,-66,-40
-12,-58,-41,39,30,-44,25,27,-21,-15,-62,-33
-17,-34,-33,34,-5,-56,12,26,-19,-55,-27,-24
-27,-30,-36,46,5,-56,33,49,3,-56,-58,-44
-35,-58,-34,42,-7,-44,43,35,-17,-17,-38,-50
-16,-49,-28,32,-7,-41,13,32,-35,-29,-40,-37
-16,-59,-65,26,27,-22,30,16,-4,-15,-40,-24
-4,-51,-52,17,22,-27,33,15,-20,-35,-49,-28
-33,-48,-20,31,9,-50,41,27,-2,-24,-55,-46
-22,-54,-34,40,6,-54,28,25,-8,-45,-40,-22
-21,-28,-22,50,-4,-42,-9,24,-42,-42,-40,-34
1,-34,-40,19,-10,-45,35,42,-2,-33,-41,-39
-31,-56,-17,52,17,-40,33,2,-7,-46,-38,-40
-7,-41,-19,11,17,-27,-2,20,-9,-42,-51,-21
-28,-67,-35,54,-13,-40,18,28,-3,-22,-34,-46
-4,-23,-38,43,-3,-52,22,21,-7,-21,-68,-24
-18,-33,-28,20,9,-37,18,20,2,-18,-57,-48
3,-34,-11,28,32,-34,30,10,-16,-29,-48,-2
-4,-62,-30,26,3,-48,27,31,-15,-44,-45,-26
0,-47,-25,15,-17,-39,21,14,-12,-31,-34,-18
-10,-27,-31,19,13,-26,7,24,-27,-14,-53,-37
-24,-29,-29,35,19,-27,8,0,-4,-11,-23,-16
-3,-46,-13,38,-7,-5,21,4,-4,-21,-46,-21
6,-46,-9,29,-9,-25,-11,20,-12,-14,-41,-42
-9,5,-9,-4,10,-7,13,14,6,0,-21,-14
-11,10,6,5,18,-17,1,-3,15,-35,-27,-12
-18,-18,-31,33,8,-15,-1,1,-18,6,-25,-13
-21,-6,-19,-2,1,15,0,-24,-17,-8,2,12
4,-10,-1,12,-4,-7,21,2,0,1,-29,-7
-11,-3,-13,2,2,-2,5,17,5,0,-13,-32
2,3,0,-13,-6,-7,6,3,-14,-11,1,21
36,-18,2,14,-16,-6,19,2,-21,5,0,9
24,14,9,-5,1,3,-3,-12,15,4,-5,-5
-1,9,2,0,14,23,8,-25,8,-14,4,-26
-3,28,-2,16,0,-5,-8,-5,3,14,7,10
9,34,14,0,-39,-1,-16,-11,6,29,3,23
-12,14,6,-16,-4,38,-11,-31,21,29,27,11
13,56,16,-12,-10,48,-11,2,4,16,30,1
18,19,33,-39,-21,25,-29,-11,21,31,21,21
13,42,43,-34,-12,43,-24,-37,0,34,39,42
1,42,40,-29,-28,26,-22,-29,13,52,56,42
14,52,14,-38,-10,92,-30,-28,13,48,57,40
29,64,55,-42,-11,60,-22,-31,17,47,38,18
9,67,57,-46,-25,62,-36,-23,23,62,57,54
25,80,50,-24,-9,63,-75,-57,32,69,74,34
24,84,45,-48,-17,69,-36,-48,30,59,65,44
28,81,48,-61,-15,71,-42,-14,19,58,82,60
23,101,76,-75,4,59,-41,-32,29,66,88,75
23,108,43,-52,-28,91,-58,-34,38,72,81,81
50,104,65,-69,-11,95,-68,-24,43,82,85,78
25,99,62,-75,-18,87,-47,-38,24,83,105,86
31,137,72,-78,-15,93,-67,-62,26,105,99,66
52,123,87,-79,-31,114,-78,-47,56,90,118,78
27,124,74,-103,-5,123,-78,-42,50,112,87,97
22,152,101,-111,-24,127,-89,-78,35,99,136,82
52,155,103,-100,-24,131,-69,-76,37,103,156,86
61,126,74,-113,-24,105,-83,-60,50,122,129,117
55,160,95,-121,-19,110,-112,-61,48,144,141,113
50,170,110,-92,-46,134,-104,-78,12,108,147,102
58,157,124,-120,-29,133,-86,-63,49,132,174,118
47,148,113,-131,-16,143,-99,-61,45,117,133,103
35,188,118,-111,-31,135,-100,-74,62,132,147,117
79,143,124,-119,-16,143,-101,-56,65,146,160,112
51,201,121,-106,-13,155,-101,-67,32,122,167,120
47,191,107,-134,-37,161,-99,-82,57,133,172,117
68,177,97,-147,-37,176,-120,-64,43,127,191,140
81,191,109,-122,-10,153,-99,-58,74,139,176,132
83,190,121,-130,-19,126,-106,-67,50,149,149,110
71,210,113,-126,-9,151,-104,-84,55,135,169,126
80,181,133,-129,-47,170,-96,-93,50,148,200,143
74,155,117,-123,-23,141,-97,-65,59,119,174,133
41,201,99,-130,-29,146,-83,-63,44,149,177,130
47,176,136,-133,-19,154,-96,-64,37,118,173,119
68,160,130,-116,-21,177,-90,-65,61,150,190,145
57,185,99,-104,-47,135,-102,-67,54,121,171,139
69,194,99,-117,5,150,-94,-49,45,131,158,102
70,176,107,-99,-15,146,-86,-78,25,129,161,122
47,159,108,-118,-40,150,-110,-63,47,120,145,129
47,162,125,-117,-14,132,-106,-57,51,115,141,117
41,173,108,-80,-10,140,-104,-69,41,115,141,115
43,165,107,-115,-16,140,-70,-58,58,122,152,125
64,149,109,-108,-29,128,-90,-70,38,118,144,110
43,154,97,-95,-10,123,-68,-68,46,111,108,120
52,132,87,-110,-12,104,-93,-82,58,98,109,99
41,132,102,-88,-10,123,-74,-47,53,83,108,99
66,150,77,-75,-8,108,-59,-60,45,97,117,96
37,122,77,-71,-31,94,-77,-43,35,100,103,87
28,114,82,-68,-19,114,-94,-33,36,81,109,77
24,116,66,-85,-14,93,-56,-44,37,83,84,95
41,113,66,-58,-14,91,-52,-45,27,71,74,52
30,95,64,-67,-15,95,-43,-60,41,66,84,81
26,91,71,-72,-27,71,-37,-38,44,73,85,46
21,87,49,-57,-3,79,-55,-31,25,56,70,57
38,94,66,-61,-25,56,-44,-23,8,48,45,74
19,79,44,-41,-2,47,-46,-8,4,48,59,24
26,53,53,-46,1,53,-18,-24,14,49,44,46
21,50,27,-42,-23,40,-35,-29,32,67,79,32
30,41,8,-28,-21,14,-14,-6,22,48,54,40
11,32,29,-21,12,30,-18,-25,14,48,46,29
14,53,-6,-11,-16,45,-9,-23,29,26,44,26
-1,26,34,-36,8,8,-16,-25,19,43,17,18
18,11,9,-22,-5,-3,-8,2,17,23,17,10
14,4,-1,-5,-11,13,-12,-23,-10,17,11,21
-17,22,8,-6,1,19,-33,-14,27,10,2,10
3,-6,0,-16,-10,-15,-8,7,4,-9,17,3
-4,5,7,-4,1,10,-17,-22,16,16,-5,-17
-17,0,10,8,23,-4,1,4,14,-13,-10,-5
-12,-2,-2,8,3,-15,9,-1,-6,11,-3,-15
-13,6,-3,13,2,-8,5,-4,-2,-20,-35,-19
-15,5,-4,0,11,-19,3,4,-13,-20,-26,3
-1,-16,-24,-2,-15,-23,18,37,-2,3,7,13
6,-18,-32,8,11,-17,42,21,-17,-12,-11,-16
-3,-25,-28,18,-7,-2,17,9,10,-25,-36,-24
-16,-36,-30,23,11,-36,13,37,-16,-30,-27,-18
-8,-21,-12,25,-19,-26,-1,29,-7,-24,-36,-7
-20,-26,-17,12,24,-23,9,17,-3,-7,-31,-34
-18,-26,-44,10,2,-38,34,8,-37,-24,-16,-37
-6,-58,-24,23,11,-37,19,20,-8,-17,-50,-8
-10,-35,-33,32,8,-40,18,31,-7,-43,-49,-34
-21,-63,-15,49,-8,-20,54,25,-9,-52,-47,-43
10,-44,-29,47,14,-47,31,7,-20,-35,-42,-32
-17,-68,-52,45,16,-47,24,6,-1,-36,-53,-43
-22,-58,-34,46,4,-62,14,2,-6,-39,-30,-47
-9,-55,-22,49,-1,-41,45,16,-13,-33,-59,-30
-26,-49,-46,32,10,-47,52,21,-2,-51,-65,-42
-10,-51,-39,34,24,-42,36,5,-23,-53,-42,-41
-28,-65,-36,32,-4,-51,22,23,-23,-46,-40,-22
-23,-61,-38,44,-5,-25,18,52,-8,-30,-38,-61
-30,-31,-4,33,18,-38,41,7,-34,-51,-60,-33
-24,-47,-16,40,19,-58,23,5,-29,-39,-69,-36
10,-55,-45,35,0,-42,45,11,-32,-43,-59,-46
-27,-48,-40,36,4,-49,48,17,-14,-48,-53,-28
-13,-62,-42,27,6,-30,19,18,-14,-37,-54,-32
-22,-49,-35,42,4,-32,25,30,-8,-39,-42,-40
-16,-58,-31,32,16,-68,19,15,-8,-43,-49,-84
-33,-78,-28,44,30,-65,52,23,-14,-44,-71,-43
-18,-63,-49,34,13,-51,43,21,-19,-61,-45,-49
-13,-65,-38,32,8,-48,54,24,-23,-47,-26,-41
9,-90,-44,47,0,-55,26,25,-11,-39,-68,-29
-25,-59,-42,50,21,-55,48,17,-43,-81,-57,-38
-28,-68,-39,32,17,-63,25,22,-23,-62,-71,-38
-25,-48,-40,36,19,-43,59,40,-7,-56,-61,-42
-17,-69,-41,53,13,-48,15,33,-3,-55,-75,-50
-28,-74,-47,48,-10,-39,40,49,-7,-78,-70,-52
-19,-81,-65,62,19,-78,40,40,-21,-59,-60,-58
-33,-73,-54,53,16,-90,59,28,-8,-67,-53,-55
-38,-76,-36,43,-2,-79,49,19,3,-52,-94,-90
-48,-89,-59,59,22,-64,67,28,-14,-66,-97,-61
-27,-113,-54,75,3,-89,80,61,-41,-78,-98,-86
-26,-108,-69,65,10,-70,82,24,-44,-51,-107,-68
-43,-126,-94,92,27,-120,70,28,-20,-98,-93,-97
-60,-131,-98,75,19,-108,73,61,-20,-92,-129,-74
-47,-156,-92,94,36,-119,61,63,-38,-82,-136,-77
-57,-124,-93,86,45,-110,82,49,-28,-96,-133,-95
-63,-143,-89,107,18,-149,94,64,-67,-107,-146,-110
-75,-158,-107,150,20,-157,82,82,-54,-128,-150,-116
-81,-165,-106,114,24,-130,100,56,-24,-126,-140,-133
-71,-190,-103,123,33,-139,120,86,-66,-152,-177,-139
-63,-191,-131,127,26,-167,86,64,-51,-127,-171,-146
-59,-202,-135,131,37,-175,110,57,-70,-159,-197,-129
-59,-212,-137,150,26,-189,106,74,-53,-151,-195,-108
-93,-206,-151,145,44,-138,105,65,-43,-164,-192,-132
-73,-222,-135,144,25,-169,113,84,-64,-163,-173,-162
-78,-203,-118,140,34,-157,93,95,-48,-130,-172,-147
-54,-196,-111,134,12,-141,119,63,-58,-139,-162,-148
-42,-159,-93,136,13,-147,99,89,-68,-101,-156,-111
-50,-135,-105,103,35,-150,97,50,-43,-126,-134,-105
-38,-129,-76,91,9,-126,58,33,-48,-90,-105,-77
-15,-76,-45,66,15,-68,44,30,-50,-72,-92,-68
-12,-38,-32,16,-10,-21,55,19,-15,-42,-44,-10
-11,2,6,-3,-19,-4,-20,-11,-16,14,-2,22
32,63,29,-55,-5,49,-38,-29,18,26,47,34
39,131,95,-73,-15,115,-78,-55,54,74,130,89
35,216,103,-133,-11,155,-116,-92,61,141,175,131
90,267,165,-177,-31,209,-161,-114,66,212,231,179
140,339,215,-217,-44,262,-185,-137,107,257,288,207
134,406,270,-255,-81,324,-198,-144,116,298,359,287
152,486,293,-316,-83,406,-241,-190,126,355,417,329
199,562,352,-378,-95,472,-295,-209,159,421,495,387
224,626,436,-419,-86,510,-329,-234,175,453,564,431
242,674,444,-470,-81,579,-378,-283,216,542,623,467
261,736,495,-510,-98,611,-412,-311,248,543,696,545
300,821,546,-560,-127,680,-451,-327,235,607,715,575
302,885,560,-563,-117,727,-483,-355,251,658,763,596
312,904,599,-616,-138,742,-503,-364,271,707,797,617
316,925,600,-649,-132,762,-496,-383,290,705,851,663
317,938,630,-641,-156,790,-541,-387,274,695,845,658
314,934,619,-656,-118,784,-501,-367,296,720,836,675
333,938,602,-629,-121,785,-520,-388,280,697,825,645
319,911,588,-624,-127,755,-498,-383,282,668,798,624
302,846,572,-587,-121,726,-457,-355,284,632,774,632
269,803,514,-559,-122,681,-464,-348,245,603,714,590
250,748,514,-505,-111,631,-400,-284,225,546,682,524
249,692,473,-493,-102,567,-375,-274,197,489,599,496
218,591,404,-415,-83,515,-337,-253,182,449,562,425
174,525,347,-348,-59,428,-297,-207,156,417,484,396
153,454,286,-285,-79,372,-257,-153,137,339,402,297
141,375,241,-253,-46,293,-212,-146,117,284,336,275
80,282,190,-187,-56,250,-145,-135,98,219,253,195
87,217,149,-144,-35,173,-110,-64,67,164,176,144
56,117,101,-96,-4,130,-73,-61,46,109,131,105
36,68,52,-66,-31,67,-40,-50,1,59,59,26
6,-1,-4,18,-4,-1,-19,17,14,-3,-1,7
-15,-58,-40,46,11,-46,44,31,-35,-65,-70,-39
-18,-116,-70,78,12,-74,62,37,-35,-89,-99,-89
-42,-171,-126,126,23,-125,100,77,-36,-136,-150,-106
-52,-216,-124,137,39,-167,122,75,-45,-147,-182,-156
-67,-246,-154,179,14,-212,125,125,-82,-170,-209,-149
-98,-288,-150,172,53,-220,160,112,-88,-195,-233,-184
-81,-299,-189,178,32,-249,159,123,-75,-233,-265,-219
-135,-311,-196,224,41,-251,146,116,-116,-223,-270,-239
-122,-320,-219,209,43,-263,157,133,-108,-239,-286,-221
-102,-332,-190,218,42,-263,172,112,-99,-263,-302,-250
-109,-330,-197,207,74,-274,169,138,-97,-244,-291,-233
-132,-339,-210,221,55,-264,192,124,-100,-238,-283,-234
-123,-325,-197,212,55,-262,182,103,-105,-239,-272,-227
-99,-309,-207,214,36,-239,170,115,-93,-251,-279,-208
-85,-279,-193,188,27,-232,162,124,-67,-213,-253,-192
-93,-277,-183,182,49,-248,150,92,-96,-223,-237,-192
-121,-261,-157,179,47,-218,128,107,-95,-188,-226,-194
-66,-256,-146,168,36,-189,139,125,-54,-211,-198,-182
-69,-239,-164,134,39,-194,120,84,-75,-214,-208,-150
-75,-203,-161,170,4,-161,119,99,-66,-172,-211,-158
-58,-170,-121,126,33,-162,111,49,-65,-166,-173,-136
-53,-172,-121,113,29,-141,104,62,-50,-153,-149,-122
-61,-173,-114,110,19,-155,100,78,-62,-124,-163,-105
-55,-145,-97,87,14,-114,71,68,-47,-111,-142,-96
-61,-142,-94,120,18,-106,78,20,-42,-123,-129,-78
-63,-139,-96,69,12,-99,66,24,-39,-73,-120,-93
-36,-117,-67,85,31,-124,59,58,-53,-90,-107,-92
-31,-135,-70,70,39,-108,46,39,-65,-90,-97,-75
-32,-116,-75,72,25,-100,63,48,-16,-60,-80,-71
-44,-93,-59,63,22,-72,48,54,-18,-70,-77,-66
-53,-110,-66,72,5,-82,76,49,-35,-79,-82,-73
-57,-86,-44,70,11,-85,39,41,-32,-62,-82,-59
-26,-92,-53,58,11,-79,17,52,-36,-75,-68,-38
-23,-81,-72,60,14,-81,45,65,11,-60,-80,-60
-37,-82,-50,50,11,-81,56,38,-31,-63,-62,-65
-9,-91,-31,66,3,-83,45,24,-26,-71,-69,-71
-30,-71,-51,64,26,-52,65,24,-23,-67,-82,-59
-1,-82,-40,57,8,-79,30,29,-22,-53,-74,-47
-40,-80,-57,40,9,-57,27,32,-13,-54,-63,-58
-5,-73,-33,60,-5,-55,48,-4,-19,-65,-80,-70
-54,-85,-69,43,-15,-64,11,27,-40,-52,-59,-55
-62,-63,-53,40,6,-70,44,60,-35,-47,-61,-57
-2,-88,-58,52,12,-76,52,29,-23,-58,-60,-39
-33,-63,-59,37,7,-60,35,32,-33,-70,-75,-35
-23,-70,-51,62,13,-52,40,41,-17,-61,-74,-55
-13,-80,-34,54,2,-75,59,36,-23,-39,-62,-51
-37,-83,-54,44,19,-65,33,43,-8,-60,-81,-62
-14,-64,-52,40,23,-61,53,41,-10,-51,-67,-69
-39,-70,-36,55,1,-67,36,32,-35,-56,-65,-69
-14,-63,-32,61,32,-59,43,36,8,-74,-58,-82
-2,-77,-65,25,15,-59,26,20,-42,-56,-49,-33
-12,-75,-55,56,-5,-75,24,15,-25,-45,-64,-56
-33,-60,-42,28,19,-87,23,8,-20,-34,-70,-34
-37,-44,-37,49,39,-45,54,17,-21,-47,-62,-63
-23,-71,-63,60,11,-46,25,21,-39,-63,-27,-46
-35,-80,-57,38,8,-51,18,25,-20,-29,-44,-48
-35,-68,-32,50,9,-62,45,14,-21,-34,-42,-59
-5,-56,-46,31,4,-65,38,9,-27,-33,-57,-42
-12,-71,-45,33,11,-78,36,23,-7,-39,-53,-63
-19,-63,-61,34,2,-53,33,27,-28,-39,-62,-45
-30,-53,-32,47,27,-56,36,15,-18,-35,-30,-28
-32,-53,-29,36,6,-52,48,32,-27,-55,-53,-47
-37,-55,-54,15,3,-48,34,25,-15,-47,-55,-41
-26,-64,-33,34,11,-52,51,15,-22,-33,-26,-19
-3,-45,-34,37,12,-29,35,16,-37,-46,-34,-28
-9,-61,-52,47,-3,-40,21,8,-17,-42,-50,-29
-28,-50,-16,31,18,-42,27,24,-13,-30,-44,-22
-21,-44,-32,29,24,-53,14,16,6,-37,-29,-28
-5,-61,-42,37,-2,-44,18,26,-5,-26,-48,-35
-20,-23,-23,29,22,-38,26,-8,-8,-38,-35,-10
-23,-47,-33,43,-16,-23,50,12,-2,-31,-28,-36
-3,-21,-22,43,12,-41,15,0,-16,-36,-40,-6
-11,-37,-5,31,10,-20,12,12,-2,-27,-36,-37
-10,-31,-22,22,12,-5,4,6,-24,-18,-40,-20
-4,-49,-31,36,10,-8,10,3,4,-17,-22,-43
-2,-20,-31,28,9,-15,35,-8,-31,-13,5,2
2,-14,-18,18,7,10,30,-7,9,-27,-41,-25
-21,-30,-6,4,7,-27,3,22,-24,-21,-27,-20
-12,-28,-18,11,3,-26,19,10,0,-21,-33,-17
-28,-17,-19,13,16,-12,3,-15,-13,-17,-28,-17
-3,-23,-18,26,-7,-28,25,1,-5,2,-12,-8
5,-19,-12,20,-5,1,-5,36,-9,-11,-11,-2
-9,-4,-8,18,7,-39,2,-22,2,1,1,-19
-13,-3,-19,-11,11,4,0,-27,-5,-4,12,-10
-14,-6,13,17,-11,4,-4,6,-7,9,-15,-12
1,-9,3,12,-32,13,0,24,-3,3,-1,15
-10,-2,21,-10,-15,2,-2,-5,14,-8,2,21
0,20,5,-3,0,-9,-6,-7,6,-10,12,9
-4,1,19,-8,1,-3,-1,-18,-12,7,25,29
20,34,-9,-37,-7,15,4,-30,8,12,22,-10
30,36,16,-37,-17,13,-13,13,2,51,33,17
10,5,39,-20,5,38,-14,-17,0,-7,25,7
0,44,30,-38,-4,13,-13,-13,14,7,36,6
5,27,35,-36,-6,38,-7,-10,5,40,30,34
24,25,7,-25,-6,50,-16,-22,30,34,17,20
0,51,22,-25,-10,40,-22,-19,5,35,49,26
15,49,43,-19,-3,69,-25,-47,28,41,55,30
-6,16,33,-29,-10,29,-24,-9,38,41,36,39
37,82,43,-64,-28,56,-56,-28,14,46,69,47
34,62,40,-23,-8,65,-42,-10,34,61,77,48
21,64,49,-51,-3,53,-39,-24,23,52,74,24
33,87,52,-62,-16,65,-56,-4,12,31,62,34
46,98,33,-75,-24,61,-36,-33,46,56,76,54
27,79,40,-58,-3,70,-48,-19,24,93,81,58
57,98,66,-68,-20,75,-39,-31,15,62,108,80
44,129,91,-73,-23,71,-53,-36,45,76,65,64
36,95,62,-63,-10,88,-38,-44,13,48,92,85
42,99,83,-76,-15,106,-81,-43,48,93,96,63
59,104,68,-85,-38,93,-64,-56,13,95,109,71
39,140,84,-95,-8,98,-73,-50,53,124,125,116
78,135,94,-100,7,106,-49,-67,62,110,111,84
47,127,87,-95,-11,113,-81,-41,37,111,125,100
62,173,115,-95,-26,115,-91,-56,51,104,126,118
62,148,100,-96,-7,132,-103,-36,57,108,153,93
71,156,116,-105,-32,107,-90,-50,54,136,142,128
33,162,108,-110,-24,142,-75,-77,51,121,146,120
71,183,125,-108,-15,149,-99,-74,52,131,150,102
64,188,118,-111,-19,158,-92,-70,54,129,162,131
61,194,120,-132,-39,156,-110,-61,52,143,172,118
51,206,137,-143,-17,160,-101,-62,60,149,171,127
52,195,148,-139,-22,174,-115,-73,71,126,196,141
60,219,135,-146,-51,171,-115,-83,54,155,198,162
103,217,129,-155,-4,155,-95,-84,50,148,174,126
64,210,164,-162,-29,183,-108,-112,57,149,198,153
74,191,134,-163,-24,149,-141,-82,58,172,200,147
75,224,150,-142,-31,201,-125,-90,60,191,228,161
86,226,171,-171,-22,193,-132,-101,66,169,210,151
95,248,170,-145,-5,214,-137,-89,70,162,214,162
91,243,156,-157,-23,208,-111,-88,77,194,221,181
76,260,177,-164,-36,215,-136,-100,71,190,232,177
102,244,170,-173,-18,210,-139,-114,56,182,229,189
94,257,206,-160,-31,185,-124,-102,84,192,239,172
95,292,176,-188,-42,231,-133,-118,82,190,240,196
97,235,178,-196,-51,215,-160,-112,88,205,240,197
87,293,178,-192,-26,228,-154,-110,72,220,225,189
111,308,177,-187,-41,224,-149,-112,63,221,260,154
82,275,183,-188,-46,236,-166,-112,77,222,252,214
109,301,195,-205,-56,245,-163,-125,78,227,270,181
102,303,202,-191,-40,269,-184,-124,108,215,273,210
118,320,188,-198,-61,244,-181,-131,72,218,291,212
137,301,180,-216,-33,255,-165,-115,87,259,273,224
96,304,196,-213,-39,256,-174,-144,72,247,289,212
103,319,225,-217,-49,272,-179,-144,95,237,273,216
128,309,221,-230,-36,281,-168,-112,103,237,303,250
101,337,198,-201,-55,283,-172,-130,97,247,292,228
108,311,200,-216,-51,276,-161,-118,95,247,285,225
113,316,206,-230,-53,285,-177,-127,110,227,270,233
123,305,197,-213,-58,271,-176,-148,92,244,285,230
119,320,209,-227,-56,290,-196,-133,99,276,303,221
91,345,214,-207,-48,272,-170,-130,113,243,299,232
115,329,210,-212,-43,293,-183,-124,93,249,309,233
106,343,211,-225,-39,271,-192,-145,70,244,297,227
111,350,235,-244,-47,278,-174,-142,108,249,301,235
110,331,207,-219,-40,284,-177,-135,109,256,303,253
120,330,208,-208,-48,253,-183,-138,111,254,327,232
127,329,220,-210,-36,285,-202,-143,94,241,283,237
102,319,214,-213,-26,287,-185,-141,91,256,300,227
130,339,221,-233,-29,278,-208,-125,110,248,336,247
113,354,225,-227,-51,266,-181,-139,103,266,276,242
107,308,209,-222,-43,263,-172,-114,90,248,303,241
97,359,214,-244,-46,271,-222,-138,111,250,284,239
120,322,197,-224,-52,251,-189,-151,101,244,300,227
101,319,192,-222,-48,273,-186,-144,80,226,281,226
119,343,209,-228,-64,260,-211,-128,88,248,302,257
123,326,230,-191,-56,260,-179,-98,123,243,286,220
112,304,218,-208,-52,266,-179,-130,86,239,310,230
121,330,201,-209,-37,272,-161,-126,114,234,305,242
106,307,200,-230,-37,267,-182,-132,92,235,244,228
103,320,212,-206,-67,247,-190,-119,84,215,302,221
110,314,179,-199,-43,266,-164,-122,87,232,285,216
111,315,198,-204,-20,254,-174,-133,92,234,281,195
118,287,185,-195,-46,230,-163,-121,73,204,264,214
115,290,161,-222,-34,237,-150,-120,95,213,265,191
99,293,206,-206,-48,245,-152,-120,81,233,256,192
102,295,189,-191,-43,247,-189,-122,85,205,262,205
90,279,168,-177,-47,221,-152,-88,86,221,265,211
96,277,188,-194,-27,229,-141,-91,74,209,246,212
100,270,182,-182,-37,239,-124,-108,94,207,245,200
99,267,185,-173,-46,199,-144,-99,74,184,207,166
89,267,166,-164,-70,233,-132,-117,78,193,231,163
77,246,163,-165,-45,213,-132,-117,75,193,220,192
95,264,152,-172,-37,220,-129,-90,66,198,206,155
79,224,159,-158,-18,212,-123,-98,66,187,206,168
99,252,145,-170,-6,199,-115,-99,63,155,205,156
65,223,148,-144,-46,185,-124,-102,57,203,203,159
86,206,138,-131,-31,186,-121,-82,46,173,187,132
79,207,142,-156,-23,171,-119,-80,56,159,180,112
58,224,130,-141,-34,172,-135,-77,40,145,176,132
54,203,132,-129,-20,161,-103,-74,55,162,180,132
72,219,126,-122,-25,144,-88,-83,69,144,170,143
67,198,120,-119,-7,139,-94,-84,59,144,165,141
57,169,134,-118,-14,142,-109,-74,55,132,155,117
52,189,129,-90,-20,145,-85,-59,51,143,162,140
51,166,117,-110,-24,144,-99,-75,43,127,161,113
43,168,101,-101,-26,137,-70,-71,26,102,133,108
16,150,96,-105,-25,132,-92,-52,42,106,142,93
53,157,81,-65,-20,119,-79,-65,44,122,125,78
39,152,93,-88,-7,139,-97,-72,29,116,140,92
39,137,71,-95,-9,140,-70,-74,46,119,130,75
39,125,91,-79,-13,98,-54,-40,34,95,109,61
38,110,90,-94,-1,91,-79,-61,38,99,102,80
59,135,81,-88,-4,91,-53,-51,37,91,93,85
58,116,68,-62,-44,105,-32,-67,29,91,117,64
17,91,59,-71,-3,74,-56,-33,11,82,109,92
30,85,66,-68,7,87,-61,-43,33,59,111,63
31,92,78,-56,-30,80,-47,-35,14,75,84,65
20,71,49,-66,0,68,-39,-28,19,68,76,41
21,75,47,-57,-24,64,-80,-16,30,44,68,35
24,73,63,-37,-14,50,-39,-28,4,64,60,55
37,59,45,-57,-5,37,-22,-22,26,53,44,35
4,68,39,-28,-17,50,-39,-41,17,44,63,50
12,56,32,-45,-18,43,-41,-16,9,25,44,47
15,23,17,-39,-19,33,-11,-33,7,19,29,47
2,24,31,-19,-18,19,-11,-16,15,23,39,32
3,38,25,-35,-18,30,-39,-10,12,33,40,20
-2,51,10,-19,-13,19,-16,9,18,37,26,31
29,18,33,-28,6,15,-19,-9,34,10,21,44
-3,14,27,-27,10,15,-20,-12,13,-1,34,22
2,37,28,-13,-6,18,-6,-4,6,8,28,32
15,-8,15,-5,-6,4,11,-17,11,17,7,10
3,-2,5,-16,-6,35,-5,-24,19,-1,13,5
-12,11,-16,-14,-14,25,-16,-11,-23,-8,1,13
24,2,-14,2,-8,8,12,-2,1,4,1,4
7,-26,-5,2,3,-4,0,-6,-1,-6,-7,-11
-13,-8,-8,-3,-19,0,1,-11,-9,-5,-13,5
-11,-17,8,23,1,-1,-15,7,-13,0,-10,-14
9,-4,-29,-7,-30,-10,3,23,-7,-13,2,-12
-4,-13,-6,11,6,-1,2,10,-1,-4,-7,15
3,-33,-17,-13,7,-11,14,25,-9,-5,-26,-1
-11,-48,-22,22,10,-28,-2,8,-2,-20,-23,-6
-20,-29,-13,18,12,-43,12,-2,-15,-13,-21,-25
-29,-38,-28,27,7,-17,12,7,6,-17,-21,-33
-1,-49,-19,35,3,-22,15,13,20,-28,-28,-16
-29,-23,-22,36,2,-23,7,6,-15,-37,-35,9
-21,-39,-25,33,-20,-26,19,14,4,-27,-25,-24
-4,-31,-18,32,17,-31,40,16,-4,-17,-54,-28
-7,-40,-11,24,-2,-45,20,43,-17,-31,-44,-5
-24,-44,-27,27,9,-24,30,8,-17,-23,-30,-49
-42,-33,-20,36,12,-49,30,7,-6,-26,-40,-32
-12,-41,-22,36,25,-28,24,14,-7,-55,-40,-33
-27,-32,-38,44,20,-60,7,24,-23,-60,-39,-28
-13,-49,-19,49,9,-51,10,32,-6,-35,-54,-23
-26,-46,-34,19,3,-46,34,-12,-13,-42,-56,-39
-22,-51,-18,42,19,-38,11,18,-10,-15,-42,-42
-15,-56,-11,37,11,-46,4,12,-29,-52,-41,-36
-10,-82,-32,27,24,-64,30,24,-13,-6,-33,-37
3,-63,-21,17,16,-47,46,39,-26,-42,-56,-37
-33,-60,-47,24,-2,-42,31,30,-29,-37,-66,-29
-29,-40,-44,30,28,-57,12,27,-13,-44,-38,-36
-23,-39,-22,58,26,-48,44,26,-21,-37,-53,-37
-7,-42,-26,53,1,-35,40,16,-10,-35,-58,-35
-19,-76,-34,25,2,-40,39,48,-28,-39,-48,-43
-17,-44,-63,44,4,-57,28,14,-25,-25,-54,-18
-33,-73,-44,51,4,-58,57,35,-1,-57,-49,-39
-19,-85,-33,46,-13,-55,42,14,-28,-57,-66,-43
-38,-83,-36,27,0,-47,38,38,-21,-29,-50,-32
-17,-28,-39,35,13,-62,36,11,9,-55,-63,-46
-24,-63,-52,36,5,-43,37,34,-20,-59,-57,-53
-29,-36,-33,45,21,-40,14,18,-13,-42,-68,-43
16,-47,-29,16,3,-65,13,26,-19,-44,-33,-48
-31,-76,-31,39,-3,-34,24,33,5,-54,-57,-25
-1,-48,-32,28,16,-52,45,18,-21,-59,-54,-40
-38,-76,-35,48,11,-42,31,43,-3,-52,-66,-39
-4,-49,-42,57,17,-53,29,25,-7,-54,-56,-34
-10,-66,-37,58,13,-45,27,14,-12,-52,-69,-33
-18,-76,-24,42,40,-49,39,5,-36,-49,-55,-64
-24,-56,-53,51,16,-73,51,4,-26,-57,-64,-64
-43,-67,-46,38,1,-67,39,30,-6,-76,-42,-53
-22,-76,-27,64,9,-50,18,11,-29,-37,-42,-58
-19,-71,-42,41,22,-60,18,19,-12,-46,-62,-44
-19,-71,-49,34,16,-56,49,34,-27,-49,-74,-40
-16,-69,-43,30,12,-54,22,10,-13,-61,-27,-32
-37,-47,-21,27,26,-61,35,37,-10,-55,-37,-58
-18,-67,-44,43,26,-56,46,23,-18,-43,-67,-36
-17,-78,-64,49,20,-67,21,42,-18,-40,-61,-52
-23,-56,-37,39,13,-56,47,30,-10,-43,-63,-36
-24,-45,-39,69,21,-64,27,24,-23,-41,-81,-42
-13,-65,-26,43,8,-62,34,4,-36,-27,-71,-51
-7,-59,-65,43,4,-41,7,28,-30,-46,-72,-43
-31,-67,-16,22,11,-51,19,13,-14,-40,-54,-57
-29,-75,-25,44,12,-52,67,25,-23,-49,-49,-69
-6,-60,-37,55,8,-44,31,16,-17,-45,-60,-55
-38,-47,-51,40,18,-44,34,17,-12,-32,-65,-40
-16,-47,-25,48,-4,-62,28,39,-4,-51,-66,-59
-28,-73,-37,26,-15,-30,31,30,-9,-44,-60,-35
-7,-74,-31,37,10,-42,30,24,-11,-53,-74,-22
-31,-59,-38,28,19,-52,44,11,-17,-49,-46,-36
-23,-61,-29,43,17,-57,43,16,-27,-27,-59,-43
4,-60,-26,8,13,-62,32,53,-6,-48,-49,-44
-4,-47,-54,53,12,-40,45,14,-8,-30,-40,-54
-17,-55,-26,54,33,-55,29,40,-12,-43,-52,-53
-27,-69,-35,20,8,-64,24,38,-10,-68,-60,-38
-6,-33,-40,40,-5,-30,34,11,2,-42,-51,-50
-30,-60,-33,33,-2,-39,9,30,-12,-51,-63,-51
-11,-56,-44,40,-9,-59,38,30,-28,-7,-65,-37
-43,-63,-43,42,-15,-44,19,19,-14,-31,-67,-33
-12,-58,-36,35,20,-32,24,28,-11,-52,-58,-30
-15,-71,-40,32,5,-46,32,21,-8,-49,-81,-15
-24,-48,-38,3,-5,-41,40,17,-47,-18,-47,-37
-34,-76,-45,42,8,-41,-1,26,-17,-61,-34,-19
-11,-73,-17,40,11,-59,24,18,-17,-22,-63,-16
-20,-51,-25,34,5,-43,29,22,-12,-37,-52,-29
-34,-72,-44,32,12,-31,14,15,-20,-42,-51,-40
-25,-65,-54,35,1,-38,26,17,-18,-34,-39,-27
-19,-63,-24,47,1,-34,40,10,-12,-33,-32,-31
-44,-46,-31,11,-3,-39,29,25,-19,-37,-60,-37
-21,-48,-33,48,3,-27,29,13,-24,-27,-55,-19
4,-34,-47,26,13,-50,35,26,-40,-41,-50,-27
-11,-45,-17,24,-9,-22,36,41,-21,-33,-47,-27
-22,-56,-43,47,22,-42,43,36,-23,-30,-43,-42
-39,-54,-46,60,12,-51,34,6,-10,-39,-30,-28
-22,-41,-41,39,-2,-33,33,19,-20,-64,-48,-45
-16,-34,-37,57,33,-27,35,-16,-3,-32,-47,-25
-18,-41,-27,26,-6,-64,22,19,-24,-40,-37,-35
-22,-15,-31,11,-16,-47,26,39,-9,-20,-47,-38
-12,-38,-41,24,2,-13,18,1,-9,-26,-67,-39
-18,-43,-57,37,10,-38,35,11,-22,-34,-35,-39
-5,-52,-25,35,13,-46,36,30,-13,-38,-53,-35
-11,-52,-33,45,9,-32,29,3,4,-50,-49,-29
-23,-47,-28,31,0,-45,24,15,-14,-27,-50,-34
-27,-58,-41,45,-11,-34,13,13,-22,-30,-53,-26
-37,-49,5,30,10,-23,23,24,-23,-34,-32,-31
-28,-48,-33,17,23,-46,35,17,-12,-38,-16,-27
-2,-39,-38,17,17,-23,40,28,-19,-33,-41,-31
-22,-36,-21,23,0,-33,57,31,-13,-37,-20,-40
-22,-43,-30,49,9,-27,18,20,-6,-42,-37,-42
-22,-71,-19,58,0,-33,8,23,-20,-33,-19,-37
-12,-22,-17,38,10,-27,25,14,2,-48,-41,-40
-16,-40,-30,34,14,-36,22,0,2,-34,-52,-36
2,-39,-14,38,9,-36,-1,36,-6,-37,-54,-21
-13,-39,-29,18,10,-53,0,11,0,-43,-64,-36
-10,-32,-41,29,18,-35,27,17,0,-53,-29,-6
-7,-46,-16,18,-2,-37,35,-4,-12,-29,-39,-45
1,-27,-17,52,12,-35,39,8,-7,-38,-43,-26
4,-60,-23,25,4,-27,28,25,-22,-31,-46,-18
-3,-12,-16,4,5,-36,15,16,-17,-49,-26,-39
3,-27,-14,34,10,-21,49,3,-34,-38,-36,-31
-25,-45,-43,19,9,-28,29,23,-12,-22,-34,-44
-38,-63,-16,34,5,-14,41,-6,-28,-30,-58,-20
-2,-40,-40,15,22,-27,45,19,-13,-25,-36,-39
-28,-31,-38,33,10,-48,23,-17,9,-30,-29,-19
-4,-54,-39,27,2,-32,25,1,10,-31,-26,-17
-7,-48,-31,19,-4,-40,31,13,-29,-23,-22,-10
-25,-34,-27,33,9,-36,12,10,-6,-10,-18,-33
-14,-35,-38,29,11,-18,25,23,4,-33,-34,-30
3,-50,-14,46,8,-42,40,32,-20,-35,-25,-54
-15,-48,-30,28,9,-32,12,33,-8,-13,-33,-46
-9,-50,-27,19,-1,-55,22,-7,3,-5,-44,-23
-20,-31,-19,13,30,-24,10,22,-12,-47,-32,-18
-25,-40,-19,12,-1,-19,29,-7,9,-22,-33,-19
-31,-16,-1,26,11,-20,0,18,-31,-11,-31,-21
-18,-53,-16,44,-30,-23,7,8,14,-10,-29,-20
6,-35,-25,32,-3,-29,12,35,-11,-23,-22,-36
-30,-22,-30,25,-1,-38,29,2,-26,-29,-33,-17
-19,-35,-24,38,-7,-11,7,25,-9,-18,-22,2
-18,-10,-29,18,24,-35,39,-1,-14,-25,-44,-34
-19,-43,-26,40,21,-26,32,11,4,-27,-50,-19
-6,-47,-38,2,22,-33,21,25,-15,-32,-16,-25
-3,-50,-26,19,5,-13,30,13,-9,-23,-21,-19
-15,-16,-23,21,-1,-26,13,23,-15,-29,-5,-1
-29,-19,-34,10,12,-25,9,27,-2,-25,-11,-29
-29,-57,-29,10,23,-29,24,23,1,-45,-15,-42
-17,-42,-17,43,9,-16,-2,16,-7,-46,-13,-4
-11,-39,-9,28,26,-11,44,38,0,-26,-25,-31
-48,-14,-25,1,10,-23,7,-9,-14,-25,-34,-29
6,-33,-33,21,3,-21,12,-11,-32,-43,-3,1
-2,-20,-26,16,-28,-38,10,6,-24,-13,-29,-21
-10,-32,-8,26,-5,-21,7,26,3,-26,-32,-9
-10,-17,-11,19,0,-19,6,21,-22,-18,-26,-30
-13,-27,11,22,-7,-26,7,9,-14,-27,-2,-21
-15,-39,-32,32,7,-33,2,22,-18,-16,-27,-17
-28,-35,-7,24,13,-25,15,30,-24,-20,-16,-12
-9,-10,-13,14,3,-30,0,24,4,-38,-37,-14
-11,-41,-20,39,-18,-18,12,13,-15,-5,-50,-43
13,-7,-28,20,12,-20,18,3,0,-20,-34,-26
16,-14,-17,14,6,-13,19,-3,-19,-16,-20,-16
5,-8,-19,41,1,-5,33,2,-19,-26,-20,-28
-22,-37,-28,37,37,-18,12,20,-9,-35,-46,-28
-8,-24,-15,31,13,-44,12,-22,-13,-9,-12,-32
-2,-16,-14,14,-26,-16,-2,-3,8,-6,-15,-40
-3,-45,-8,21,2,-16,24,6,-2,-29,-12,-7
-12,-24,9,5,-3,-21,13,20,-18,-6,-4,-25
12,-23,-21,10,18,-32,13,17,-12,-24,-9,-16
1,-35,-23,19,15,-4,32,-20,-18,-5,-28,-20
0,-37,-12,1,4,-38,11,-2,1,-9,-23,1
-14,-35,-7,21,-13,-11,15,10,-4,-2,-21,-27
-22,12,-33,21,-9,-16,18,0,-3,-11,-3,2
-8,-1,-5,10,18,-16,-8,4,-4,-33,-40,-4
-31,-26,3,3,-2,-10,14,8,-2,-20,6,-6
-16,-18,-21,22,7,-8,31,-22,-9,-20,-29,-20
-35,-34,-12,27,16,-24,2,22,-9,1,-8,5
12,-8,-13,18,-1,-12,-12,1,2,9,-23,-14
3,-12,-18,34,7,-18,-4,18,10,-26,-12,13
-3,-45,-5,18,-1,-12,12,-16,2,-7,-18,-10
-13,-15,-10,-2,-4,-14,24,23,1,-29,-8,-16
-5,-3,3,16,-8,9,9,20,-8,-10,-2,-24
-2,-19,-24,6,-9,-20,18,3,-20,-17,-4,-1
1,-37,-7,35,27,-8,20,-21,8,-13,-9,-5
-11,-10,-23,32,-6,-14,29,14,6,-36,6,-28
23,-22,13,-5,-15,-14,0,-5,7,10,-7,-7
14,-21,-13,14,3,-28,14,15,-10,-3,-8,-7
-7,-21,-36,26,1,-15,4,28,-18,12,-24,1
9,-22,-32,3,10,5,5,10,-9,-18,-11,-13
22,1,-16,2,-4,-26,9,10,-27,-15,2,-23
-14,-27,-21,-12,5,-25,2,13,-20,-11,-2,-4
3,-33,20,-19,7,-11,3,4,-12,-19,-12,-2
-14,-32,2,-2,-5,-10,-3,2,2,-5,-24,-15
2,0,-17,5,3,-10,-9,-11,7,-10,-14,9
-1,0,-9,3,-16,-24,13,17,-7,-14,5,2
-2,-28,-13,3,-8,11,9,-5,-3,-12,16,-7
-14,1,-17,10,7,10,17,-4,-1,15,-29,-6
-22,-7,7,-13,-4,-10,28,1,29,4,-2,-6
-6,8,-9,-22,-2,-8,-9,8,-14,11,-3,-24
-6,-21,1,-6,11,-12,19,15,-21,-17,14,6
-28,-21,5,20,22,-16,3,15,-1,-1,-7,19
18,-27,-13,-2,-2,-10,17,-8,0,7,2,-2
-3,-3,-6,-2,1,-26,-20,11,-6,-27,-18,-17
15,-1,-1,-9,3,-8,8,9,8,-6,-7,18
5,3,-1,11,-9,-12,-20,2,1,8,-21,-32
2,-13,21,12,3,-8,23,1,-9,8,-29,-8
-6,5,-34,13,-13,0,9,-13,-24,-7,4,12
1,-15,7,28,-6,-16,2,-13,3,-1,-9,-20
8,3,-7,-2,5,-4,-12,14,-11,4,0,10
-4,15,-7,0,17,-21,7,-21,-9,9,-6,2
-3,-18,0,-20,13,-15,-3,-9,-17,9,-15,3
3,-25,21,13,-6,-2,-9,-9,0,-9,9,-3
22,4,27,-7,22,-1,-16,-25,-7,6,-3,0
8,14,-14,1,5,1,-3,19,-3,-20,-8,20
-36,2,-4,3,-4,-6,-1,-13,-24,9,-15,-9
-15,-5,-9,8,4,-6,2,-11,-12,1,-15,-11
-7,-12,0,1,5,8,-14,20,-15,-4,-7,-3
7,10,2,-10,3,-23,-10,1,-29,-4,-11,3
-9,-11,-29,6,1,2,-15,15,-6,16,15,-15
2,20,-15,-11,9,1,24,-2,-7,3,-11,-1
4,3,-7,4,-1,-6,-4,1,18,0,17,-12
11,-13,-6,0,21,3,16,-1,-12,-11,0,11
12,-17,-1,12,-5,-3,-5,-13,-16,0,12,12
8,-28,-9,-8,-21,2,-7,-11,15,15,0,9
17,7,19,-14,-19,-1,-10,1,18,9,-11,-1
7,-3,11,3,17,-7,-10,-2,-13,1,22,-15
14,-4,-2,-6,-12,4,-17,14,-6,9,-5,-22
-10,-12,9,-22,10,22,-2,-1,-1,7,-5,0
-7,-15,7,3,-15,-6,-13,-1,14,0,3,4
17,-5,-2,-14,26,22,-2,-5,-28,4,-13,-6
23,11,10,-8,-17,-8,-10,-6,24,25,-13,29
-3,-12,-12,2,2,5,8,12,-21,-1,12,-7
36,16,-7,24,0,3,1,-6,4,-13,-18,7
26,-3,1,8,-5,2,22,-2,-2,14,13,2
4,22,8,-5,4,-27,-21,-27,12,9,10,2
-7,-24,9,0,3,19,14,3,11,3,-24,8
-11,26,27,10,5,2,-8,16,14,12,-7,-21
-6,29,-5,-23,-16,22,-20,6,2,4,4,27
6,4,-1,12,6,-4,-29,6,25,-13,13,-20
1,-4,5,5,5,13,-1,-14,5,0,14,17
-2,12,4,-17,14,-2,-11,23,14,4,9,20
-13,-8,3,-3,-12,-5,-21,-2,-5,13,25,10
-26,7,2,-14,0,16,23,-17,10,6,-1,9
13,20,-1,4,1,13,-9,-39,-9,-7,10,10
-4,8,11,-18,-8,11,-10,-5,23,8,3,-12
-12,15,19,-17,-9,12,-10,3,1,25,4,-2
10,7,-2,-7,1,4,9,11,-23,23,21,25
9,21,10,-6,-24,-15,13,-8,16,15,20,13
-10,15,30,-21,-17,15,24,-3,17,32,17,10
-16,34,-1,-25,-6,5,-15,-8,16,14,11,18
9,14,3,-1,-19,21,3,-18,1,18,24,11
10,11,-27,20,10,8,-7,-13,-4,21,8,23
6,25,3,-16,17,1,-3,7,5,0,0,9
3,33,45,-10,1,1,-20,-11,-1,19,14,0
18,-7,16,-7,21,-3,-21,4,13,44,11,4
6,17,11,-14,-1,7,-35,0,30,29,5,-21
-5,22,18,-1,-8,12,-10,-3,20,29,4,25
2,27,11,-18,-24,16,-6,4,4,31,18,12
16,32,13,-10,-1,10,8,0,-5,24,-3,-3
15,18,24,-2,1,14,9,-24,17,10,21,22
-17,20,23,-12,14,23,-33,-25,6,22,23,14
-2,11,50,-36,11,27,-17,-13,1,20,28,18
6,32,26,-9,2,34,-33,-36,9,11,28,16
-1,47,26,-28,3,42,-31,-28,-4,48,8,16
3,55,28,-8,-17,44,-24,-7,4,46,20,27
34,44,42,-25,-2,23,-14,-8,-6,30,38,-3
13,41,38,-21,-8,45,-17,-21,8,36,42,32
26,63,25,-19,-14,42,-26,-23,25,42,-7,18
21,44,23,-20,-9,63,4,-39,26,59,51,26
25,43,-4,-46,-24,69,-7,-11,6,63,64,40
45,58,30,-28,-19,49,-32,-1,14,24,53,45
17,63,44,-44,21,55,-38,-32,26,31,30,33
2,69,52,-41,-37,50,-56,-29,31,49,60,37
21,65,46,-44,-25,52,-33,-35,28,56,59,56
29,70,42,-40,2,55,-27,-27,-4,39,59,41
14,79,43,-55,-24,67,-37,-35,33,59,68,40
61,81,58,-61,-30,56,-31,-27,40,41,86,53
44,79,60,-51,-30,69,-45,-29,30,73,75,68
22,109,77,-67,-27,79,-72,-34,9,85,72,65
43,103,76,-62,0,90,-50,-49,33,74,103,70
29,75,70,-65,-17,91,-50,-37,55,90,117,74
58,118,77,-79,7,94,-53,-48,34,75,122,70
19,112,45,-80,-12,66,-62,-52,23,99,123,84
31,133,111,-104,-1,108,-87,-47,17,107,99,110
42,134,88,-99,-16,100,-82,-36,46,117,105,86
52,136,82,-101,-23,86,-76,-68,42,101,134,109
46,136,78,-75,0,119,-78,-67,38,110,131,92
48,151,114,-100,-24,135,-99,-69,62,130,130,110
38,162,93,-91,-24,129,-88,-70,44,142,156,102
50,156,106,-92,-1,139,-104,-62,55,139,151,119
36,172,99,-117,-42,134,-104,-65,47,126,190,123
77,202,117,-132,-17,141,-108,-76,65,119,161,125
57,179,92,-119,-43,171,-109,-87,36,151,167,129
76,207,124,-134,-31,167,-128,-90,38,133,172,143
58,195,109,-126,-18,175,-123,-78,55,168,177,142
87,206,149,-132,-36,151,-130,-94,55,144,183,165
79,193,150,-165,-51,180,-133,-94,69,144,201,165
87,236,161,-160,-34,186,-114,-75,55,176,188,149
67,191,120,-149,-24,197,-141,-81,54,190,233,154
65,232,154,-152,-38,188,-109,-63,81,187,184,173
80,227,142,-148,-45,196,-123,-91,65,178,219,164
89,250,149,-191,-45,194,-126,-100,77,178,228,185
95,232,159,-182,-37,203,-138,-124,76,196,215,155
92,235,166,-189,-48,206,-132,-105,70,181,220,173
94,255,141,-188,-55,204,-145,-110,84,178,218,168
91,258,154,-164,-32,222,-150,-125,77,202,229,184
72,241,170,-173,-34,227,-141,-82,82,180,246,197
79,272,160,-180,-22,240,-116,-91,97,205,258,195
94,239,184,-169,-29,222,-126,-109,84,191,229,185
81,281,174,-187,-38,219,-131,-98,74,215,245,181
83,253,191,-177,-39,227,-141,-109,72,197,234,187
85,287,185,-188,-48,245,-161,-100,87,212,249,181
97,274,183,-165,-40,232,-157,-87,78,208,228,163
77,258,176,-188,-45,233,-147,-118,88,188,249,189
110,256,172,-171,-43,219,-141,-104,68,217,239,181
68,247,193,-172,-32,216,-150,-121,63,213,233,158
101,273,171,-190,-42,229,-142,-122,69,231,212,178
95,240,198,-188,-33,198,-131,-119,97,193,222,191
93,272,171,-170,-37,225,-128,-99,69,200,248,175
77,253,164,-178,-29,203,-132,-125,71,178,222,193
98,245,183,-166,-47,190,-126,-91,72,205,218,169
112,225,153,-177,-47,188,-139,-90,73,200,228,154
102,239,161,-147,-29,187,-131,-97,64,186,229,172
93,223,155,-171,-46,186,-123,-95,80,187,215,160
114,232,151,-159,-34,183,-135,-91,57,160,210,165
93,235,130,-144,-47,178,-130,-81,67,162,210,159
81,245,149,-157,-50,196,-148,-78,48,187,198,165
80,225,142,-165,-22,174,-122,-87,75,176,216,154
80,249,127,-148,-31,187,-110,-96,86,179,210,161
86,214,152,-131,-40,157,-133,-80,70,156,180,146
75,225,124,-123,-44,177,-124,-70,71,151,190,132
63,186,150,-129,-41,161,-104,-91,48,152,175,104
56,184,119,-132,-28,160,-115,-72,46,134,166,129
105,193,101,-120,-41,157,-124,-69,31,146,163,146
44,151,112,-117,-45,140,-91,-56,27,135,158,115
55,190,118,-118,-27,147,-116,-63,56,131,148,141
64,160,111,-114,-37,138,-92,-69,59,105,162,112
47,157,97,-98,-19,139,-69,-65,35,125,145,119
51,151,99,-103,-36,145,-83,-78,20,133,129,95
50,137,92,-104,-22,107,-80,-51,50,97,127,97
54,137,77,-88,-14,114,-50,-65,45,76,132,112
31,125,96,-86,-15,114,-87,-41,43,109,133,94
60,134,73,-78,-23,121,-65,-44,41,97,102,77
37,138,81,-74,-8,96,-78,-60,39,91,91,83
46,124,75,-52,-5,107,-93,-43,27,90,92,76
36,119,70,-71,-39,97,-64,-33,26,96,100,85
28,76,63,-79,-5,93,-49,-33,38,68,92,70
8,113,64,-52,-34,80,-52,-36,17,62,68,51
34,109,66,-62,-26,75,-36,-39,15,57,85,39
39,67,64,-55,-18,61,-38,-32,26,55,64,32
54,95,60,-68,5,77,-49,-36,26,76,88,34
17,55,52,-56,-19,54,-66,-23,23,64,82,45
41,63,32,-45,-20,58,-29,-25,33,52,48,46
52,78,32,-39,-9,74,-25,-35,12,31,49,18
27,68,58,-35,-6,46,-52,-18,25,59,54,50
32,59,48,-67,-17,52,-50,-27,23,43,45,33
25,64,30,-40,-23,49,-29,-19,7,23,60,43
20,65,65,-32,-4,52,-28,-14,18,28,51,41
17,29,38,-28,-1,45,-42,-23,26,49,18,26
9,31,5,-3,-20,16,-27,-14,14,47,38,-4
38,68,18,-23,-6,33,-16,-25,26,42,36,35
33,42,21,-26,-12,28,-27,-9,-1,43,27,17
27,19,2,-30,-5,32,-18,-16,3,21,45,27
16,38,29,-36,-3,26,-25,-12,5,26,30,31
-1,73,19,-41,12,31,-33,-30,0,1,51,48
20,30,22,-18,-1,29,-5,-30,-8,18,22,31
2,34,48,-26,9,33,-19,-16,10,42,30,21
18,15,6,-13,-15,30,-16,-23,-1,37,30,33
14,38,-9,-15,-18,37,-24,-18,9,32,46,16
1,13,26,-39,-15,15,-14,-22,22,38,17,1
1,41,23,-6,-9,14,-24,-35,5,21,23,34
-10,27,29,5,-28,12,-14,-10,-8,7,26,29
25,17,22,-24,5,8,-19,-12,-6,3,26,16
-13,29,8,-17,3,26,-16,-18,3,38,24,34
-14,27,26,1,-31,16,-17,-13,8,35,11,13
9,21,15,3,-18,33,-35,-20,10,18,38,33
8,18,2,-13,-8,11,-11,-27,11,15,0,22
5,29,20,-27,-2,-18,-9,3,-4,21,22,7
7,19,31,-14,3,32,-4,-11,1,5,41,11
19,30,25,-13,4,-6,-25,-2,-10,35,34,10
15,35,-3,-17,-18,9,3,-3,-6,4,14,21
6,15,11,-14,3,38,-17,10,3,15,7,27
20,38,23,-8,3,-15,20,20,6,29,26,25
14,12,4,-26,-6,16,5,-24,-15,16,11,5
26,0,13,-6,4,-2,-2,-17,14,33,4,2
32,13,18,-15,7,19,-17,-6,6,-2,-10,36
-15,1,12,1,-19,43,-31,7,10,7,16,14
11,4,19,-13,-16,11,18,-8,16,12,3,-12
-4,-11,16,20,11,10,-10,-1,-11,-2,-7,40
-5,2,-14,6,11,12,12,-14,-20,-5,5,11
0,5,-5,-5,-15,-9,2,5,11,3,5,-5
-6,-5,14,29,7,0,22,-11,-13,4,-32,9
14,-14,-7,4,-10,-7,15,17,6,-13,-10,-16
8,-25,-1,21,10,-29,20,10,-5,-4,-16,-1
17,-22,-10,14,1,-5,30,24,-13,-18,-38,-3
1,-36,-20,12,-6,-48,15,17,-15,-13,-18,-8
-5,-55,-34,30,10,-34,11,17,-14,-49,-24,-37
0,-40,-27,33,25,-60,6,22,-20,-41,-46,-21
14,-61,-22,51,12,-45,36,35,-13,-54,-43,-19
-17,-78,-32,46,-10,-61,35,33,-34,-58,-63,-58
-21,-72,-60,70,3,-73,51,37,-26,-69,-79,-51
-35,-88,-67,68,18,-83,64,17,-40,-72,-101,-54
-24,-101,-83,76,11,-92,42,59,-8,-68,-85,-58
-35,-112,-83,79,19,-110,75,52,-38,-72,-89,-78
-63,-123,-81,103,18,-99,86,51,-17,-95,-114,-113
-34,-121,-73,88,27,-118,94,29,-27,-87,-101,-76
-30,-126,-86,92,19,-105,58,53,-36,-102,-96,-87
-58,-111,-76,81,20,-87,65,34,-57,-73,-115,-85
-58,-91,-76,92,21,-105,31,42,-42,-71,-99,-67
-34,-121,-80,86,11,-63,64,68,-35,-66,-91,-71
-36,-95,-84,57,23,-63,52,49,-7,-51,-78,-61
-37,-76,-56,24,21,-79,34,28,-3,-61,-72,-37
-5,-29,-29,39,10,-29,29,15,-15,-10,-50,-35
2,-5,-1,11,-2,-13,16,6,-15,-6,-8,-4
28,34,15,-15,-10,26,-10,-5,26,26,6,27
27,68,40,-33,9,36,-18,-9,34,58,49,48
57,99,77,-86,-19,77,-66,-44,65,67,93,56
61,161,88,-106,9,139,-89,-75,52,111,145,104
111,230,145,-183,-19,170,-139,-94,60,175,189,158
93,279,201,-195,-64,239,-156,-108,87,202,262,212
124,354,216,-244,-68,332,-202,-141,104,254,320,252
128,420,266,-303,-63,355,-246,-180,116,311,391,309
154,508,363,-339,-86,406,-270,-195,160,394,453,368
194,567,376,-409,-98,486,-303,-222,178,422,504,409
236,649,439,-444,-113,548,-342,-270,206,492,602,448
265,720,456,-491,-110,597,-417,-308,238,530,649,519
270,777,525,-533,-110,658,-417,-331,237,583,707,560
310,832,562,-582,-143,696,-473,-336,273,645,759,590
319,897,601,-611,-129,749,-528,-358,257,682,829,648
341,950,616,-653,-150,785,-543,-382,297,732,877,659
356,978,649,-692,-144,809,-540,-422,311,750,882,671
369,1023,658,-707,-130,868,-548,-407,308,781,921,712
384,1042,667,-709,-158,850,-571,-399,297,780,917,714
373,1062,659,-692,-148,864,-581,-409,316,787,944,739
368,1022,674,-697,-138,875,-557,-412,318,765,925,730
347,1005,647,-695,-158,833,-533,-396,301,749,914,716
336,963,614,-684,-149,803,-523,-402,298,702,861,658
323,915,570,-615,-128,756,-500,-359,280,703,833,619
303,875,550,-600,-129,718,-454,-342,244,636,750,579
276,772,514,-552,-116,617,-426,-308,238,577,710,554
267,711,444,-472,-93,585,-378,-287,213,539,653,481
219,648,406,-434,-89,508,-370,-275,184,500,565,441
201,554,371,-373,-83,467,-313,-242,169,431,481,419
176,477,345,-332,-68,383,-260,-173,153,356,443,330
159,412,271,-285,-66,309,-215,-160,149,291,366,284
104,317,214,-213,-34,263,-162,-138,100,251,308,231
78,223,173,-179,-33,197,-150,-111,47,195,206,181
76,173,105,-123,-38,151,-85,-71,36,124,194,121
42,102,87,-76,-10,95,-60,-56,26,98,105,71
21,55,27,-26,5,17,-23,-22,39,24,41,24
-6,10,-9,-15,8,-11,-9,18,-9,20,-4,-12
13,-54,-39,25,22,-61,43,-6,-12,-58,-52,-27
-37,-95,-83,71,-18,-93,69,44,-18,-77,-79,-63
-35,-125,-75,99,24,-89,56,58,-35,-93,-131,-74
-44,-141,-91,113,19,-112,83,63,-67,-127,-139,-87
-75,-171,-115,105,4,-139,104,94,-31,-144,-168,-114
-51,-197,-107,125,25,-149,93,70,-43,-131,-175,-108
-74,-187,-133,128,11,-182,111,81,-82,-137,-170,-130
-68,-219,-130,132,37,-167,107,77,-75,-153,-187,-121
-68,-185,-146,123,11,-165,108,76,-73,-154,-165,-152
-82,-189,-148,123,26,-149,109,70,-45,-144,-187,-160
-61,-200,-108,120,28,-151,88,79,-56,-143,-161,-141
-56,-192,-113,121,39,-157,89,62,-60,-141,-152,-119
-64,-142,-126,100,15,-130,98,70,-18,-129,-151,-116
-70,-135,-88,88,18,-123,95,63,-52,-110,-113,-117
-50,-143,-99,84,24,-108,84,57,-18,-103,-112,-82
-51,-107,-83,81,12,-122,53,43,-53,-95,-99,-95
-27,-101,-61,75,21,-72,39,48,-45,-73,-87,-50
-51,-86,-62,53,15,-34,53,33,-51,-74,-65,-64
-22,-79,-31,49,-1,-40,46,45,2,-38,-62,-43
-17,-49,-34,19,-16,-30,31,-6,-4,-43,-50,-38
-12,-39,-36,19,32,-38,24,37,-10,-15,-19,-33
-3,-35,-21,15,16,-22,13,2,8,7,2,-21
-22,-7,-4,17,-6,-18,28,26,-10,25,-12,-15
1,-18,9,3,-7,-25,1,-4,8,12,1,14
7,11,1,16,-10,22,-34,27,-29,-5,6,-7
14,7,15,-17,7,-4,-13,-30,25,30,0,18
15,0,7,-6,-17,23,16,-15,1,17,8,7
23,16,23,-21,11,18,-15,11,11,28,22,9
7,50,38,-21,10,8,-13,3,24,14,51,40
7,28,37,-35,-2,35,-10,-27,-12,-4,28,-2
31,35,14,-36,-9,24,-40,-12,12,45,23,30
17,4,47,-34,-11,18,-14,-18,-12,35,17,44
24,24,16,-35,-18,25,-23,-1,30,34,54,23
-5,30,34,-21,8,62,-31,-19,25,15,26,30
9,42,26,-36,8,52,-37,2,-6,26,66,58
26,29,35,-27,0,31,-23,-25,10,32,44,44
30,35,19,-21,-10,45,-29,-31,10,12,48,37
29,51,21,-27,-13,20,-30,-27,14,29,42,41
13,46,33,-31,-5,37,-32,-6,9,24,39,29
17,57,28,-30,-28,47,-48,-11,31,34,50,39
12,27,26,-33,-3,38,-24,-18,14,34,53,33
12,53,23,-40,15,28,-21,1,20,30,40,38
-1,40,27,-12,-12,35,-37,-13,7,56,50,26
53,65,42,-25,2,41,-41,-19,23,44,40,43
22,40,39,-41,-5,60,-51,-5,24,58,47,46
21,46,27,-27,-4,38,-39,-25,13,24,27,46
31,32,14,-39,-19,40,-43,-29,13,24,23,26
11,43,32,-40,-6,53,-13,-17,18,21,58,51
13,52,52,-42,-7,32,-30,-13,25,71,50,12
28,46,42,-40,-31,32,-9,-3,8,57,66,20
9,55,64,-36,4,27,-36,-16,19,58,68,44
24,71,23,-27,3,66,-19,-21,24,46,46,77
16,66,41,-33,-19,32,-12,-20,-5,66,55,16
20,65,41,-27,-8,45,-30,-23,-1,50,48,28
11,47,41,-37,4,50,-9,-20,1,57,42,24
8,49,37,-25,-24,76,-23,-17,11,53,54,25
38,30,37,-27,-9,54,-48,-16,13,45,43,40
16,52,25,-44,-3,57,-33,-27,34,46,59,22
25,85,68,-63,-16,39,-13,-17,14,55,40,56
13,47,31,-67,-8,53,-30,-53,23,57,39,56
20,61,38,-35,-22,35,-46,-27,34,43,42,34
15,90,57,-57,-12,53,-39,-25,50,58,61,33
39,67,55,-37,-13,43,-57,-59,14,40,84,51
22,51,32,-61,-15,62,-51,-19,3,55,71,38
9,77,49,-55,-18,62,-30,-34,22,43,49,53
19,71,45,-52,1,98,-50,-14,20,38,65,48
27,70,47,-61,-21,54,-61,-30,10,67,69,51
34,72,61,-23,-22,65,-44,-25,46,62,53,47
37,71,62,-70,-7,100,-42,-49,30,50,70,54
-8,61,52,-41,-16,52,-48,-18,34,48,65,71
53,98,73,-44,-15,43,-51,-41,21,56,85,73
40,89,51,-69,-24,66,-41,-23,27,62,86,64
29,80,64,-70,6,92,-42,-25,24,66,82,77
20,79,53,-56,-16,70,-46,-38,28,80,118,50
21,102,82,-65,-9,80,-63,-52,7,70,95,62
39,106,56,-71,-4,95,-42,-35,51,98,73,58
33,102,72,-74,-10,97,-53,-34,11,79,99,83
44,128,87,-70,2,87,-68,-35,34,82,102,66
21,95,79,-57,-27,70,-67,-56,19,72,120,65
49,114,56,-80,-34,107,-64,-37,19,86,82,75
39,104,51,-86,-13,106,-72,-27,49,84,109,90
56,131,92,-65,-19,126,-36,-68,38,92,99,79
15,113,92,-63,-9,95,-59,-32,17,91,124,81
66,93,79,-92,-15,115,-55,-49,37,89,84,95
33,126,103,-102,-17,123,-66,-62,41,87,112,85
51,133,75,-82,-25,118,-107,-60,41,78,132,104
55,154,96,-96,-29,121,-75,-69,59,108,126,98
67,145,89,-100,-39,130,-76,-28,25,113,111,96
49,148,80,-100,-28,127,-79,-66,31,113,142,106
51,148,78,-115,-28,119,-100,-59,40,131,125,92
41,149,106,-132,-36,136,-99,-66,42,152,139,95
66,152,95,-102,-25,150,-91,-56,41,131,130,115
60,174,121,-115,-17,134,-96,-70,57,112,145,123
73,163,93,-125,-20,147,-92,-79,30,125,149,127
62,156,107,-103,-23,142,-68,-64,40,103,158,128
59,191,131,-137,-16,154,-109,-70,65,129,154,117
49,182,120,-138,-36,146,-95,-75,64,123,176,126
71,189,129,-125,-24,162,-113,-67,61,137,153,161
75,180,131,-140,-27,174,-123,-87,38,139,192,130
54,191,126,-149,-28,166,-112,-73,58,143,198,146
60,229,141,-154,-18,151,-103,-65,56,171,198,141
63,208,127,-142,-21,178,-123,-90,72,161,183,156
81,224,161,-156,-28,175,-106,-104,65,133,218,154
93,223,132,-150,-25,205,-141,-79,61,172,192,146
97,227,140,-154,-33,200,-140,-101,70,157,200,152
73,237,170,-145,-42,204,-117,-96,80,181,212,163
92,237,154,-153,-30,202,-130,-116,92,182,210,177
104,230,147,-161,-14,214,-145,-90,59,195,224,151
96,238,161,-166,-42,207,-149,-106,70,182,210,169
88,244,184,-188,-41,195,-165,-111,93,204,241,181
77,270,160,-182,-38,221,-145,-113,75,200,250,181
94,276,168,-193,-25,219,-147,-96,91,229,227,193
73,286,184,-196,-51,230,-127,-126,92,214,254,210
116,293,187,-196,-59,252,-149,-101,80,219,259,212
92,282,182,-209,-27,244,-160,-120,81,222,275,197
94,288,192,-223,-32,245,-180,-102,113,224,270,207
103,289,197,-199,-53,256,-157,-126,62,205,266,213
99,317,186,-217,-46,243,-166,-124,82,240,274,197
122,316,201,-214,-58,255,-167,-113,97,242,290,224
117,344,213,-233,-58,266,-194,-132,121,235,297,219
99,318,231,-236,-59,261,-171,-129,90,235,293,231
114,340,229,-235,-46,294,-192,-130,97,254,300,228
128,335,219,-235,-55,283,-170,-136,91,283,320,246
123,357,226,-239,-69,283,-199,-151,88,275,312,232
136,350,250,-237,-49,296,-203,-142,103,249,321,248
125,344,251,-239,-66,281,-190,-164,118,267,322,268
130,371,245,-248,-73,297,-195,-131,102,269,341,267
141,349,241,-250,-84,295,-204,-142,116,256,328,255
122,392,268,-263,-75,318,-198,-151,112,299,355,256
151,378,261,-270,-71,335,-202,-170,109,300,378,275
140,387,261,-234,-55,318,-227,-132,98,323,351,296
150,370,254,-273,-64,317,-204,-152,112,326,349,287
139,404,276,-272,-52,331,-220,-161,132,287,363,276
146,386,258,-294,-47,340,-234,-164,120,288,374,270
141,400,278,-274,-57,333,-218,-184,141,304,380,281
143,416,248,-290,-69,351,-235,-176,119,305,367,285
156,412,251,-266,-51,348,-248,-181,111,314,368,307
127,409,279,-270,-67,357,-219,-170,124,306,379,287
156,418,237,-297,-76,348,-257,-160,112,323,378,293
137,433,263,-295,-62,357,-228,-184,114,318,381,304
152,441,274,-291,-81,374,-212,-179,139,310,406,303
137,430,267,-302,-57,330,-253,-178,135,327,388,303
156,424,294,-308,-66,342,-258,-165,156,310,378,295
152,437,279,-308,-61,368,-251,-174,148,315,399,329
167,419,273,-302,-80,369,-216,-178,145,332,407,297
139,449,259,-308,-52,345,-226,-167,123,338,379,321
162,427,289,-290,-75,338,-240,-149,123,337,390,319
172,431,290,-291,-56,362,-219,-162,133,328,399,321
164,435,283,-304,-74,380,-235,-185,126,328,412,302
151,441,301,-301,-69,377,-260,-180,118,314,423,318
156,439,283,-274,-68,352,-246,-187,147,332,395,305
156,426,291,-289,-82,359,-248,-155,142,330,389,308
162,426,293,-294,-57,353,-237,-157,138,311,386,316
135,433,273,-309,-61,353,-236,-163,128,308,385,317
144,434,292,-301,-70,383,-246,-192,147,336,411,315
138,429,293,-290,-38,351,-242,-183,142,333,381,309
159,449,278,-299,-63,351,-229,-177,132,313,385,319
145,421,283,-294,-52,374,-229,-162,136,307,379,300
144,429,261,-290,-60,359,-234,-170,108,295,389,297
150,408,277,-297,-63,362,-260,-141,152,327,384,295
165,429,265,-288,-76,343,-212,-180,120,314,388,288
156,430,253,-279,-53,342,-216,-170,142,328,376,304
150,421,262,-292,-60,358,-229,-169,134,314,374,281
140,404,258,-267,-62,328,-203,-171,142,299,347,287
144,414,279,-283,-41,350,-221,-153,110,309,372,276
130,389,255,-263,-57,333,-220,-164,137,311,371,292
151,382,257,-247,-48,326,-224,-164,109,283,332,282
116,401,251,-303,-68,326,-245,-158,133,302,345,280
138,379,253,-250,-74,325,-197,-154,145,317,339,272
144,382,238,-248,-53,287,-219,-155,125,271,336,274
118,369,255,-246,-66,324,-218,-140,102,284,324,276
129,368,227,-267,-71,303,-198,-133,108,263,321,265
118,360,232,-259,-65,301,-194,-146,121,267,323,264
134,361,235,-235,-31,292,-194,-148,107,270,324,251
139,367,223,-246,-51,291,-191,-146,91,257,313,246
137,349,199,-224,-49,271,-181,-149,103,265,303,231
108,345,229,-217,-42,298,-181,-129,97,252,303,228
117,350,219,-222,-44,311,-169,-154,102,237,290,240
131,329,209,-214,-56,273,-191,-134,95,244,290,237
109,320,200,-213,-50,272,-181,-142,93,241,301,212
120,300,197,-224,-53,259,-160,-122,91,239,263,209
102,296,197,-182,-55,259,-163,-118,106,229,274,219
115,293,196,-197,-46,258,-160,-139,104,236,268,186
96,277,179,-196,-23,243,-172,-110,65,210,241,217
111,291,172,-215,-37,250,-158,-122,87,211,257,192
106,276,169,-187,-56,225,-151,-102,87,204,229,205
95,264,188,-197,-56,210,-157,-118,69,189,225,194
76,264,196,-181,-36,217,-129,-94,99,204,225,190
97,247,166,-170,-41,214,-132,-96,75,199,238,161
96,242,166,-167,-37,208,-136,-77,87,177,219,174
94,243,143,-167,-37,192,-148,-98,67,187,218,169
104,226,152,-153,-51,205,-158,-80,59,151,227,158
44,217,152,-148,-25,209,-111,-93,70,178,200,176
74,224,136,-166,-7,171,-124,-98,87,159,208,156
89,205,139,-138,-55,194,-116,-88,46,152,216,156
69,214,150,-128,-45,173,-118,-68,78,163,176,145
79,193,109,-123,-16,161,-108,-71,66,169,175,153
52,190,122,-131,-44,138,-140,-69,41,170,172,142
77,183,128,-123,-15,132,-123,-86,72,152,177,133
78,154,129,-129,-30,163,-82,-80,41,145,165,136
64,179,124,-119,-33,146,-102,-75,25,122,162,132
53,185,106,-94,-32,132,-91,-77,52,126,155,125
64,184,81,-104,-19,120,-90,-45,48,127,127,120
44,138,105,-91,-29,143,-69,-69,36,126,119,99
56,172,106,-96,-34,151,-74,-15,39,110,136,106
37,142,108,-108,-31,130,-77,-52,53,112,135,97
49,127,104,-109,-10,130,-69,-73,47,111,103,95
53,145,79,-83,-17,116,-104,-64,25,106,130,113
36,118,97,-109,-21,109,-57,-41,35,92,121,89
57,137,95,-100,-17,112,-69,-54,65,99,101,105
55,130,79,-77,-25,104,-50,-46,12,75,112,67
46,114,74,-72,-24,93,-78,-63,32,94,104,87
55,126,76,-70,-14,104,-65,-51,40,79,87,67
50,104,87,-95,5,76,-71,-50,32,74,87,75
37,124,85,-87,-24,79,-65,-36,57,84,90,78
23,93,55,-39,-37,62,-94,-33,30,71,90,72
35,95,28,-75,-41,72,-52,-46,16,89,92,70
44,79,64,-69,-10,66,-64,-54,39,80,80,71
22,98,49,-58,-18,87,-37,-39,34,83,105,65
16,99,48,-37,-28,63,-37,-47,26,47,90,77
29,54,46,-35,-2,60,-61,-40,1,71,75,63
22,73,28,-41,-20,53,-22,-16,20,67,69,63
50,69,71,-57,-21,56,-37,-51,28,82,65,42
31,74,48,-43,8,59,-31,-35,16,46,63,46
5,74,51,-39,-22,72,-48,-38,35,55,85,60
19,67,44,-59,-17,60,-43,-33,3,54,50,44
5,64,20,-22,-8,52,-39,-27,27,51,54,48
26,54,30,-51,-3,72,-41,-36,16,55,63,48
18,47,52,-22,-1,66,-39,-22,17,35,65,49
26,41,26,-32,-19,19,-17,-1,0,25,43,26
21,72,50,-35,-16,46,-35,2,17,36,46,31
23,65,25,-31,-2,34,-12,-27,3,37,44,46
-3,52,48,-26,-3,23,-28,-26,12,29,69,23
10,41,36,-30,7,37,-20,-15,27,23,42,19
23,39,37,-30,-13,43,-31,-1,4,47,66,22
-5,52,8,-33,-9,41,-35,-4,13,20,28,16
2,54,25,-27,-24,23,-29,5,16,15,35,19
12,45,29,-26,1,13,-28,-44,14,30,45,45
20,58,14,-20,-14,27,-9,-18,18,40,47,17
0,42,23,-9,-14,22,-22,-27,-3,4,30,39
20,46,26,-31,-13,42,-19,-18,13,30,35,35
26,20,5,-39,2,20,-29,-8,-2,22,50,27
23,28,5,-37,22,34,-25,-9,9,26,28,9
-5,30,22,-35,-28,48,-16,-10,-9,37,24,19
26,40,10,-31,-9,35,-36,-9,6,10,32,34
1,9,9,-19,3,17,-28,-26,16,10,-3,26
10,33,13,-15,-2,29,-38,-5,-2,21,29,15
-1,29,-3,-19,-5,15,10,-10,18,20,39,10
21,44,49,-31,8,28,-7,-8,15,23,8,-13
26,46,5,-6,6,19,-20,10,2,7,45,17
6,18,32,-31,-10,15,-17,9,10,18,20,21
-9,29,16,-13,-7,19,-20,-16,-3,-8,15,20
36,36,29,2,-16,24,-18,-30,13,4,26,4
5,29,10,-35,-10,9,-13,-7,9,20,18,19
38,35,5,3,-11,5,-23,-12,8,37,19,5
-3,12,10,-26,4,45,-18,-21,22,25,41,6
4,28,6,19,2,21,-25,-4,-10,18,48,7
7,34,16,-9,-17,20,-36,-18,12,6,20,9
7,9,30,-17,1,5,-2,-3,-8,26,49,39
6,10,4,3,-10,28,-11,-5,14,13,-10,3
-9,9,17,-4,3,12,-3,-5,9,22,21,28
24,19,19,-33,-28,22,-24,-14,7,22,33,14
2,34,22,-18,-12,13,-5,-24,35,21,30,1
-9,20,22,-20,-51,15,-1,-23,6,1,12,-2
3,12,26,-24,14,30,-7,2,22,-4,7,5
-9,32,8,-24,-15,27,-19,-3,15,42,8,5
-10,47,5,-28,-13,6,-10,2,11,33,16,19
9,26,9,-12,-43,15,4,-3,44,14,11,0
-15,4,0,-15,-20,35,2,-4,-7,10,13,22
6,19,11,-4,0,21,-14,-7,19,21,29,38
13,11,39,-4,14,22,-1,-18,-2,35,18,18
-15,0,7,-24,-16,20,5,-40,4,9,9,22
-3,27,22,-24,-6,34,-29,9,14,35,21,26
7,3,8,-13,8,20,-17,-2,7,27,-1,2
8,29,34,-14,-9,35,-1,6,7,16,31,-7
14,34,-4,-18,13,8,-9,-19,9,9,25,6
2,8,29,-6,-1,35,-21,-11,14,12,17,14
-2,17,5,18,-1,32,-4,-14,20,13,51,-1
13,45,-2,-2,12,24,24,-22,4,24,5,9
-4,35,18,-14,9,10,9,-4,-2,26,6,17
-1,22,-6,-23,-10,38,-22,8,5,19,11,24
-9,-4,32,-11,-7,-1,-32,-3,-1,16,35,23
23,31,24,-12,-16,16,-24,-1,1,22,13,1
4,10,17,-9,-5,23,-10,-5,11,23,30,3
3,21,-2,-7,6,26,-3,-10,2,3,13,17
-16,16,12,-33,10,10,-18,-7,-1,6,28,23
4,28,5,-12,-4,0,15,-3,-22,21,7,35
3,27,21,-8,9,24,-5,-6,4,7,35,33
1,31,5,-9,-24,29,-11,-2,16,12,29,30
16,31,26,-22,-9,35,-14,14,-12,24,21,-5
6,14,0,-15,-23,7,-19,-15,18,33,29,17
10,-18,3,6,-12,6,-29,-11,-3,16,-1,5
-2,42,11,-16,-3,26,-10,-10,-17,12,43,18
2,37,1,-16,3,8,-25,-17,5,-4,9,19
-6,29,11,-2,-8,12,9,2,1,14,29,13
-11,27,11,-12,0,13,-27,-20,-6,31,35,9
-9,4,20,9,11,21,-11,-9,7,5,23,12
28,36,12,-1,-11,34,2,-13,16,18,25,34
-2,21,26,-11,-5,24,-8,4,5,1,24,22
15,42,30,-15,2,25,-21,-23,6,16,5,21
4,40,4,-10,-12,9,-3,1,50,13,20,18
11,13,14,-34,-16,34,-4,-34,19,29,20,6
11,43,13,-34,-27,16,25,8,-8,27,21,18
-6,29,15,-26,-19,4,18,-8,12,19,25,-20
13,4,23,-6,-14,11,-4,1,17,-5,12,24
38,16,7,-28,-23,12,-22,-10,-8,-2,16,37
23,35,27,-35,-2,7,-20,-17,8,8,24,12
20,17,8,-4,-10,40,-7,-25,4,9,25,9
-5,31,15,-8,8,13,-17,-6,4,45,4,38
-13,27,18,-29,14,40,-18,-5,18,20,14,22
-3,23,24,-9,-3,25,-9,-20,8,23,50,20
23,35,4,-3,-3,21,-36,9,-2,15,32,31
19,34,11,-17,5,16,-25,-39,-1,18,21,8
4,24,19,-19,1,14,-28,-20,10,11,10,29
41,17,21,-1,0,19,-4,2,13,22,31,22
12,22,21,-4,10,42,-15,-29,-11,16,21,15
15,11,29,-22,-10,7,-19,-15,7,12,24,41
17,38,25,-29,-6,21,-30,-23,12,0,32,11
18,58,20,-12,-16,10,-24,-7,-1,16,13,29
15,38,4,-31,-12,29,-2,-13,17,13,29,34
31,20,20,-8,-15,20,4,-44,-19,23,39,-11
1,19,15,-23,-12,46,-13,3,-1,35,14,12
10,15,0,-12,-3,33,-31,2,-4,23,13,13
-4,29,17,-25,-12,25,-28,-3,-6,19,8,28
25,20,17,-35,-10,13,-24,0,19,21,6,19
13,33,12,-37,-7,24,-4,-26,-14,18,22,18
35,33,32,-7,-17,19,-17,6,6,12,32,37
16,21,4,-12,16,19,-6,-22,45,39,12,37
9,11,26,-11,11,3,-12,1,26,14,33,-1
-1,49,28,-17,-3,18,-18,-15,3,20,29,44
18,37,38,-26,-3,16,-8,-13,9,34,31,23
3,14,-14,-19,1,24,-19,-3,26,35,33,14
-12,46,9,-21,-31,27,-16,-22,16,21,23,13
28,16,29,-12,-6,21,-11,-17,35,31,7,33
18,32,16,-36,-6,38,-13,7,15,-11,31,3
18,51,24,16,-22,40,-25,-24,12,18,17,-1
21,17,13,-29,6,25,-25,-14,14,16,2,15
6,39,15,-23,-8,20,-25,-17,5,31,2,18
-1,41,34,-25,-19,24,-19,-1,-6,20,25,25
5,45,9,-22,1,35,-20,-23,4,11,38,43
21,31,17,-8,-12,36,-13,-12,13,28,22,38
9,40,32,-32,3,21,-24,-1,13,30,36,36
-4,27,-3,-8,-7,21,-22,5,-4,42,19,35
14,22,19,-17,-23,34,-33,6,4,21,13,16
3,18,19,-31,-3,24,-23,-15,21,9,17,21
-3,29,23,-27,-15,27,-31,-21,-12,37,32,25
38,24,13,-28,-19,28,-21,-20,8,17,31,12
1,22,16,-18,-4,28,-38,2,27,24,21,7
17,39,33,-14,-13,-3,-20,-16,24,26,14,35
24,30,7,-17,-13,13,-20,-5,14,11,30,11
-8,30,10,-16,6,35,-5,18,6,16,28,29
2,48,29,-24,0,20,-21,-4,8,32,35,32
5,17,25,2,-10,3,-27,-1,13,36,21,7
-12,34,9,-24,-8,46,-1,-15,16,18,14,28
20,25,15,-13,14,20,-24,-3,1,17,42,44
12,50,11,-22,9,40,-11,-36,10,25,24,18
10,25,28,-38,5,16,-31,5,8,19,21,19
3,19,45,-7,-4,30,-18,-16,9,6,47,42
8,15,33,-13,-9,49,-26,-8,24,38,26,4
36,21,35,-12,-3,15,-11,-10,14,32,22,27
14,17,17,-32,-20,12,-30,-28,12,30,20,19
17,27,17,-19,-3,35,-15,-7,25,7,27,26
0,34,5,-24,6,25,-24,-11,6,29,28,16
-8,28,18,-31,6,26,-12,-12,25,22,27,14
9,36,18,-40,-4,32,-9,-10,24,27,45,21
5,38,8,-16,-23,27,-14,-18,34,53,32,14
11,34,-4,-17,-6,25,-16,-4,8,31,40,14
-8,46,26,-30,-7,34,-4,-4,-3,18,25,10
17,44,13,-30,3,31,-4,-18,19,17,31,31
22,43,18,-16,-3,15,6,0,25,10,47,29
24,44,25,-19,24,15,-6,-27,19,25,25,26
14,21,13,-17,-6,40,-32,-7,19,16,43,27
21,34,11,-37,-8,43,-9,-34,-14,15,39,37
31,35,-1,-33,-16,15,-22,10,27,23,32,16
20,27,28,-23,18,56,-25,-7,30,13,52,28
-13,38,6,-9,-1,43,-28,2,-1,33,43,29
7,28,32,-21,-20,29,3,-11,0,35,4,12
10,30,16,-12,-8,42,-28,-4,16,25,13,1
13,35,4,-17,-14,7,-5,18,-7,28,38,31
21,29,18,-28,14,20,-13,-28,20,38,31,25
19,50,8,-31,-5,35,2,-19,9,6,16,30
25,30,30,3,-12,24,-26,1,41,14,23,31
24,32,27,-41,-35,35,-44,8,-4,10,21,4
23,47,22,-11,-8,42,-48,2,10,30,41,26
3,33,32,-40,-6,28,-27,-41,-7,11,22,27
-11,28,32,-31,-16,-13,-17,0,-3,22,35,26
-4,46,28,-12,-14,40,-24,21,-5,16,26,22
11,43,15,-33,6,30,5,-7,6,12,27,31
3,35,31,-25,0,29,15,-36,6,33,25,29
18,23,31,-30,-2,45,-35,-16,12,33,29,40
-6,28,11,-13,-3,42,-43,8,4,38,12,18
24,17,11,-25,-16,14,-32,-10,16,32,30,12
7,34,28,-20,12,45,-28,-22,6,17,27,32
22,34,33,-33,0,33,6,-11,24,42,28,33
3,33,22,-11,0,33,-21,-22,10,28,26,14
-15,27,30,-35,-1,28,-28,-17,19,51,24,45
9,41,18,-3,-3,34,-6,-15,22,30,26,19
29,22,13,-12,-16,18,-28,-15,9,39,25,10
17,35,29,-24,14,17,-5,-16,26,41,29,20
10,35,22,-20,12,33,3,-14,29,23,25,16
36,46,26,-34,-3,16,-25,-18,6,1,35,18
23,36,31,-14,5,36,-17,-16,-4,28,29,28
9,42,34,-17,-3,20,-3,4,18,33,32,34
-1,28,19,-16,3,15,-19,-37,26,-2,34,17
4,26,9,-11,-12,15,-13,-2,7,44,43,8
6,40,-4,-23,-24,21,-24,-21,8,34,19,8
7,27,-3,5,-14,27,-41,-15,-3,17,30,53
24,31,15,-34,-11,55,-15,-38,6,32,20,25
7,34,15,-18,-16,1,13,-32,31,23,44,51
10,31,36,-15,-1,47,-15,-14,-7,11,32,15
36,34,27,-23,-18,23,-37,-18,25,12,3,10
-1,20,6,-6,-18,34,-13,-11,35,30,7,25
19,13,14,-28,4,40,-21,-18,-3,23,45,16
24,34,20,-24,2,17,-49,-29,-3,23,37,18
19,45,23,-14,-20,20,-21,-4,3,35,31,3
7,25,16,-9,-13,20,-18,-12,30,9,1,16
0,50,23,-17,-9,1,-28,-1,16,31,34,20
3,49,19,-38,-1,47,-15,-8,23,12,12,26
-3,21,8,-21,-2,22,-16,-13,11,16,35,20
10,42,13,-16,17,12,-16,-30,27,20,14,12
-10,25,17,-35,5,23,-13,-23,12,14,18,22
15,37,12,-18,-20,26,-40,-19,28,6,18,34
6,27,27,-12,-18,21,-24,-25,15,17,16,27
-10,29,44,-21,10,28,-17,-35,16,-4,28,18
-6,29,3,-24,1,29,-6,-33,5,31,25,12
14,13,28,-37,-29,43,-34,-19,-4,13,7,16
24,26,26,-10,10,20,-7,-15,20,19,36,-2
-6,13,18,-18,6,11,-25,-1,-8,1,13,-5
7,15,17,-28,2,10,6,-11,5,20,28,1
-2,34,-2,9,7,9,-26,-6,12,26,33,23
-30,35,5,-42,3,28,-22,4,16,15,6,38
21,32,31,4,-3,26,-14,-10,19,10,6,48
10,22,28,-18,-1,11,-17,-2,10,17,27,19
2,44,14,-22,-2,27,-9,-15,18,47,31,5
21,28,43,-4,-9,27,-12,-16,9,13,36,26
0,39,22,-6,-11,27,-27,-3,12,24,26,24
-5,29,24,-42,5,41,-14,-23,8,6,13,24
12,34,13,-34,-20,21,-26,-16,-1,26,35,9
-1,30,26,-18,-17,18,-34,-8,-2,7,1,18
17,48,30,-8,-25,8,-23,-34,49,10,25,23
25,10,7,-11,5,42,-6,-29,14,21,12,26
-16,40,10,-13,-28,22,17,-4,15,28,32,49
10,13,11,-24,3,23,-20,1,6,6,47,35
31,18,25,-18,-6,43,-12,-33,5,19,33,43
17,37,27,-1,-8,4,1,0,28,26,28,17
-11,40,5,-30,-2,25,-18,29,12,40,20,21
25,28,43,-21,3,42,-10,1,1,19,39,3
10,29,21,-19,-9,10,-1,-8,6,12,32,32
13,38,12,-5,-29,34,-6,-14,28,9,11,51
34,24,33,-36,-5,61,-24,-18,8,13,31,28
12,44,36,-35,-14,35,-26,-7,27,27,51,19
13,47,39,-33,0,29,3,-19,25,15,15,31
24,46,40,-26,8,42,-15,-21,9,13,20,42
15,27,4,-27,5,39,-5,2,1,20,33,35
0,42,19,-37,3,45,-41,1,21,27,39,43
35,36,22,-29,16,33,-21,-20,-8,28,9,17
35,64,14,-35,-11,36,-46,-18,17,33,45,43
12,60,25,-15,6,18,-28,-24,23,25,38,13
31,39,24,-35,-19,39,-32,-11,15,28,43,45
38,57,46,-19,-5,18,-34,-1,-11,43,31,34
-4,44,36,-16,-6,60,-27,-17,7,41,41,15
13,46,28,-31,12,29,-18,-23,0,55,22,34
16,64,33,-33,3,37,-34,-32,31,36,24,45
-6,47,48,-66,2,30,-27,-29,36,35,61,30
5,56,46,-12,-5,56,-50,-27,32,34,53,48
17,68,30,-34,-15,25,-36,-19,17,41,45,27
18,60,37,-54,-14,27,-21,-10,1,51,57,39
23,56,31,-30,-11,39,-54,-31,19,68,74,40
21,81,40,-40,-5,55,-38,-20,43,44,81,43
21,82,26,-46,3,34,-24,-35,34,41,49,53
20,72,42,-77,-16,71,-22,-17,19,52,54,34
26,81,64,-41,-12,79,-39,-11,-8,49,68,72
49,83,52,-49,-20,71,-38,-35,19,58,65,32
3,94,49,-59,1,69,-19,-24,25,52,79,53
45,98,76,-65,-26,84,-44,-29,26,62,77,43
46,102,74,-61,-20,64,-71,-26,30,65,66,78
39,118,56,-49,3,95,-29,-48,13,79,80,71
47,110,66,-70,-16,83,-35,-37,21,75,91,47
43,103,78,-90,-28,122,-53,-60,23,71,77,81
41,121,65,-56,-11,84,-71,-43,21,92,107,75
31,122,73,-83,-26,74,-52,-42,35,79,110,86
47,140,68,-83,-20,106,-89,-36,25,96,99,81
26,120,85,-96,-5,101,-80,-77,44,98,114,110
58,140,84,-97,-16,130,-61,-74,53,114,118,88
41,140,72,-113,-24,140,-53,-65,27,103,130,106
51,125,94,-121,-27,132,-91,-48,34,113,130,84
81,160,98,-123,-18,146,-97,-51,43,120,153,112
66,145,114,-120,-10,128,-94,-61,31,118,138,93
72,183,106,-120,-12,144,-90,-75,34,112,162,117
59,167,98,-113,-35,169,-94,-51,51,140,164,124
51,169,123,-116,-25,153,-86,-77,35,120,169,130
71,196,119,-123,-24,183,-91,-78,51,163,161,116
53,212,102,-125,-15,150,-98,-54,55,129,167,141
69,212,122,-137,-15,158,-116,-88,57,144,190,150
57,226,146,-145,-38,182,-114,-64,69,146,200,140
63,217,143,-127,0,206,-120,-88,44,140,192,158
69,232,151,-147,-41,183,-121,-89,72,170,188,157
68,222,147,-163,-39,191,-120,-100,84,187,185,176
66,238,140,-187,-27,212,-137,-88,72,173,183,177
81,219,151,-142,-28,198,-111,-82,81,173,229,145
93,236,156,-170,-22,192,-117,-90,73,203,216,179
92,241,162,-170,-45,207,-125,-104,75,170,226,189
74,266,164,-152,-21,226,-145,-98,58,210,221,151
85,256,168,-160,-41,201,-143,-86,95,194,242,184
76,242,162,-155,-50,224,-144,-107,84,175,243,186
98,259,167,-163,-33,214,-121,-90,88,210,242,195
90,262,186,-195,-50,223,-129,-119,70,197,241,195
103,280,177,-202,-35,226,-135,-106,84,198,243,189
90,277,188,-175,-60,234,-159,-110,82,198,234,190
90,281,183,-167,-43,225,-138,-92,85,225,232,197
99,290,156,-179,-72,230,-137,-87,100,228,268,188
97,275,165,-172,-60,223,-151,-111,75,203,246,203
92,279,185,-194,-37,229,-157,-129,78,200,260,196
104,275,169,-188,-49,235,-135,-123,92,205,250,199
110,270,196,-192,-41,225,-150,-120,91,210,253,196
89,267,162,-196,-35,223,-161,-119,75,215,246,204
99,265,190,-184,-45,194,-145,-127,88,192,263,196
87,290,174,-189,-49,219,-150,-101,85,200,238,181
94,275,172,-200,-66,223,-155,-93,72,208,252,196
82,293,188,-186,-37,214,-159,-110,70,219,217,188
80,254,174,-170,-55,213,-146,-104,76,200,229,166
79,271,158,-196,-24,195,-145,-88,77,169,220,176
86,243,156,-163,-35,208,-144,-105,63,200,221,156
87,271,161,-177,-42,213,-154,-96,85,185,248,193
73,230,156,-161,-62,207,-125,-122,76,184,204,164
78,241,183,-161,-28,204,-132,-121,70,177,209,178
106,238,111,-165,-32,218,-158,-79,74,191,204,177
86,230,155,-154,-29,160,-131,-105,49,181,200,147
75,219,143,-157,-34,195,-138,-68,79,163,182,150
90,215,123,-148,-8,182,-120,-83,61,147,199,144
53,207,142,-148,-19,172,-138,-82,62,169,168,156
67,191,148,-144,-30,208,-111,-94,70,140,188,157
80,193,133,-101,-12,178,-122,-67,80,136,180,116
66,171,116,-122,-28,151,-96,-70,56,136,169,127
66,183,116,-111,-26,158,-85,-59,38,137,148,133
51,189,112,-131,-22,149,-69,-80,62,126,166,129
68,163,104,-110,-29,140,-89,-86,54,113,155,127
54,154,78,-104,-18,122,-102,-71,35,133,116,86
40,148,111,-114,-25,125,-78,-46,41,111,136,119
44,163,102,-120,-30,123,-79,-69,32,102,139,115
70,138,74,-102,-14,119,-82,-61,44,87,96,101
39,136,85,-111,-33,112,-81,-52,46,108,123,93
51,113,81,-80,-14,110,-80,-49,33,113,99,72
45,116,85,-76,-26,86,-77,-33,37,99,109,77
57,94,63,-70,-14,94,-73,-38,18,88,126,79
37,101,83,-81,-22,82,-47,-54,36,97,62,60
32,101,70,-64,-17,74,-55,-52,28,68,73,59
40,92,38,-66,-34,80,-50,-44,17,73,96,58
16,93,50,-60,-4,49,-44,-33,35,59,108,60
13,77,43,-55,-8,96,-58,-32,8,66,63,43
6,92,59,-51,-8,84,-32,-25,13,43,71,45
36,77,49,-57,-21,64,-52,-30,27,66,71,50
31,63,48,-48,-12,58,-36,-33,6,53,64,62
35,84,44,-40,-18,74,-55,-8,21,56,63,40
25,69,26,-28,-15,52,-30,-37,28,63,58,41
23,50,33,-51,-5,55,-36,-15,14,71,80,35
13,48,40,-62,-4,43,-38,-13,24,44,48,38
15,57,26,-36,-16,21,-39,5,45,45,68,39
24,40,47,-27,-1,29,-31,-10,31,33,39,45
15,51,31,-41,2,49,-3,-7,21,39,30,52
0,48,45,-36,-26,25,-36,-16,27,39,33,13
43,51,28,-35,19,36,-23,-20,18,12,33,22
24,19,7,-27,0,22,-13,1,3,24,55,8
17,40,19,4,0,27,-35,-5,16,22,19,29
8,35,12,-21,0,28,-31,-16,10,29,56,20
-4,27,16,-11,15,37,-14,0,4,17,25,20
-7,39,13,-18,-3,30,-23,12,14,38,26,16
11,14,14,-49,19,20,-33,21,10,20,32,16
-1,9,14,-22,-13,27,-27,-32,21,15,22,-13
17,22,34,-8,6,11,-26,-15,15,15,20,7
10,34,31,-28,-2,24,-29,-13,2,-6,17,16
15,19,14,-19,38,25,-9,5,1,31,18,-7
11,21,10,-8,21,20,1,-9,-3,34,19,17
10,24,29,-6,-14,38,20,7,-5,8,25,14
20,25,15,-14,13,6,-21,-3,12,-7,22,21
15,17,5,-42,-9,8,-7,-5,7,21,14,6
15,14,8,-19,9,24,-14,6,8,3,24,-1
11,6,11,21,-3,20,-5,8,7,3,21,41
3,12,18,-5,8,10,-10,1,5,-16,36,16
4,16,-1,-10,-7,21,10,-3,7,30,3,16
1,0,16,-22,7,16,-16,6,32,5,25,7
6,4,26,5,-10,17,-13,1,22,8,13,7
6,20,19,6,3,31,-5,-10,7,31,1,0
7,-5,28,8,-3,16,4,-13,13,5,13,15
6,9,10,-9,12,10,-5,22,-18,10,12,9
-4,-2,2,13,-13,-1,-7,-8,19,-8,-3,5
10,10,-5,2,-4,-6,10,-21,4,0,10,-9
34,18,-7,-1,-3,27,-23,10,-9,5,-12,26
-5,7,5,18,-3,-4,-4,6,19,-10,-5,18
10,7,-1,6,2,-24,-12,6,-19,-16,16,20
-17,-13,-7,0,25,-14,19,9,0,-23,-16,-9
-24,-2,-4,13,5,-19,14,6,-2,-6,-12,-17
-18,-39,-41,25,13,-23,10,14,-2,-13,-9,-30
-15,-28,-41,18,-2,-11,34,22,13,-23,-21,-27
-29,-31,-15,37,22,-37,44,8,-5,-12,-18,-16
-13,-48,-31,43,8,-46,23,15,-22,-33,-20,-31
-25,-62,-45,35,34,-50,27,26,-21,-36,-56,-28
-33,-54,-44,22,14,-22,25,21,-13,-53,-74,-43
-32,-74,-42,57,15,-61,42,23,-17,-52,-67,-52
-34,-109,-55,77,20,-77,59,27,-40,-74,-70,-63
-26,-88,-84,78,-6,-82,61,44,-28,-78,-75,-68
-35,-128,-76,67,3,-81,50,57,-32,-88,-83,-62
-29,-122,-77,101,16,-89,58,43,-36,-98,-108,-90
-41,-123,-101,69,-3,-100,56,44,-30,-113,-137,-61
-51,-125,-97,84,17,-106,70,30,-41,-103,-137,-100
-46,-127,-75,79,19,-120,67,44,-45,-91,-133,-70
-41,-124,-76,70,-7,-116,68,49,-47,-80,-103,-93
-26,-133,-85,69,20,-90,70,39,-51,-76,-105,-94
-57,-108,-62,85,17,-94,81,59,-49,-103,-98,-77
-37,-81,-52,61,22,-114,67,43,-12,-72,-102,-66
-33,-88,-53,67,-3,-86,57,38,-39,-66,-82,-52
-53,-88,-43,55,4,-52,44,37,-13,-66,-86,-52
-30,-35,-6,19,12,-64,32,21,13,-31,-33,-11
10,7,0,12,-10,-23,-8,24,-10,-29,-34,-15
1,17,5,-24,-23,20,-28,13,6,23,52,30
38,81,36,-34,-25,82,-27,-39,17,47,32,67
40,117,88,-100,-12,95,-67,-56,33,90,125,72
74,193,114,-104,-35,161,-107,-84,47,127,172,117
89,226,166,-144,-51,195,-138,-87,86,167,214,173
117,324,185,-233,-68,253,-169,-106,78,243,286,224
131,364,249,-267,-67,305,-175,-168,108,286,349,261
151,465,307,-329,-79,391,-263,-203,134,339,431,329
211,521,361,-370,-65,412,-299,-212,147,393,471,376
202,589,391,-424,-90,525,-335,-230,174,457,536,423
238,676,446,-463,-78,571,-372,-261,210,496,616,466
269,733,495,-495,-114,625,-408,-292,239,565,661,538
314,821,520,-549,-115,691,-457,-332,234,596,714,573
309,862,551,-596,-129,726,-492,-354,244,674,795,604
319,923,586,-622,-144,764,-514,-384,274,697,814,661
327,969,621,-652,-150,795,-542,-371,308,722,848,674
351,973,634,-646,-152,822,-535,-382,286,724,917,699
355,985,653,-677,-133,811,-558,-424,276,773,909,688
352,967,656,-689,-170,836,-535,-418,304,759,905,697
354,1004,650,-660,-136,842,-525,-402,313,754,870,702
337,973,601,-665,-146,789,-540,-390,285,719,872,683
346,907,603,-629,-132,772,-509,-364,269,689,846,669
314,862,557,-605,-140,731,-481,-351,266,671,813,600
270,817,545,-558,-121,694,-456,-312,257,607,749,566
270,752,481,-516,-103,624,-427,-310,222,571,682,546
257,703,457,-467,-117,549,-361,-260,193,515,624,473
215,614,399,-394,-94,519,-339,-246,197,446,569,442
180,514,350,-364,-84,440,-301,-202,166,398,478,355
120,429,297,-280,-70,371,-239,-200,105,332,389,301
121,359,213,-245,-93,295,-185,-121,87,265,323,256
107,281,187,-171,-29,230,-144,-110,90,207,265,221
73,193,126,-123,-35,177,-135,-81,39,139,180,142
49,126,108,-65,-29,113,-60,-58,52,118,113,78
37,33,42,-69,-17,75,-38,-35,21,46,57,33
2,20,10,-17,3,-1,-6,-12,-4,-13,8,11
-19,-53,-47,33,-7,-21,46,24,-9,-51,-41,-52
-25,-95,-52,65,12,-92,72,53,-23,-92,-85,-78
-60,-145,-88,88,33,-112,85,61,-31,-107,-139,-84
-55,-180,-95,97,10,-152,97,73,-65,-112,-171,-121
-86,-226,-131,122,15,-185,104,60,-88,-157,-162,-168
-102,-225,-150,155,17,-185,129,86,-67,-164,-222,-161
-109,-239,-170,180,53,-192,103,91,-74,-194,-209,-168
-103,-284,-157,177,38,-210,147,95,-66,-181,-225,-171
-75,-257,-171,175,59,-224,164,102,-59,-187,-222,-198
-86,-245,-167,147,44,-193,153,98,-73,-166,-226,-138
-75,-253,-155,170,51,-182,134,96,-57,-169,-205,-177
-83,-249,-152,174,23,-200,148,99,-80,-198,-217,-186
-87,-233,-145,164,50,-179,127,100,-86,-178,-232,-170
-75,-236,-144,155,12,-206,88,108,-57,-183,-188,-149
-83,-206,-137,122,37,-139,126,55,-61,-151,-172,-139
-72,-176,-122,111,14,-152,97,85,-54,-152,-158,-134
-87,-189,-119,111,25,-147,92,74,-51,-142,-141,-110
-40,-167,-90,111,31,-114,72,55,-51,-93,-151,-101
-36,-143,-94,93,27,-110,86,65,-20,-101,-123,-121
-30,-110,-64,71,20,-82,56,58,-36,-107,-103,-91
-45,-96,-74,92,28,-74,54,48,-43,-92,-86,-82
-21,-85,-64,54,11,-74,54,37,-14,-80,-75,-59
-32,-89,-41,38,4,-80,29,36,-8,-52,-70,-24
-18,-81,-52,61,28,-49,46,23,0,-45,-65,-37
-33,-58,-49,48,16,-83,54,17,-34,-36,-37,-35
-6,-37,-49,28,3,-40,41,10,-25,-32,-49,-23
-6,-39,-32,25,15,-45,24,23,-29,-21,-39,-49
-26,-29,-22,26,18,-46,23,25,-26,-19,-38,-20
-9,-22,-7,23,2,-10,37,23,-11,-8,-48,-32
-21,-31,-30,14,9,-21,26,12,3,-18,-37,-21
-10,-31,-10,34,-17,-7,21,7,-9,-15,-19,-14
-32,-44,-28,13,13,-17,11,18,-1,-33,-10,-26
-20,-35,6,-4,3,-13,2,29,1,-24,-31,-9
21,-28,-14,35,-18,-33,13,1,4,1,-9,-38
-2,-26,-16,2,-13,-6,-9,-11,9,-11,-19,-13
5,-27,-22,31,-4,-7,25,26,2,-35,-16,-25
-13,4,11,8,-9,-9,16,12,1,-3,-22,-32
-14,-10,-15,10,26,-10,10,11,-3,-14,-7,-11
-23,-7,-8,-5,21,-7,4,3,-6,-1,-8,-12
-11,-24,-1,9,16,-25,2,11,4,13,1,-13
-10,-13,-19,4,-20,15,21,16,-10,-1,-8,-29
-13,-26,-7,30,-9,-13,5,-11,1,-25,-17,-6
-10,-15,-2,2,-4,-17,5,23,-14,5,-20,-10
-11,-12,1,1,-12,-26,-1,6,-6,-15,-8,-2
-2,-4,2,2,8,-23,25,14,9,-23,-4,-21
-2,-14,-3,0,8,12,21,10,-11,-5,-18,-13
-5,-19,-26,9,-21,-7,-25,7,-13,-7,-41,-4
-5,-11,1,13,-8,-7,17,-6,-5,-9,2,-11
-12,3,-22,-1,7,-15,2,24,-7,-21,-17,5
-5,-18,0,6,-11,22,-10,13,5,-10,-7,0
-8,6,3,-1,-7,-5,9,5,4,22,-29,-20
-16,7,5,-12,-15,-4,5,7,16,-1,15,5
-3,-11,5,-8,-35,-20,-4,12,-1,4,-8,-23
-4,-16,-6,-15,3,-25,-6,1,-14,-15,9,26
6,11,1,10,8,-15,8,26,-12,6,-3,-3
-29,-15,-14,-12,8,11,20,-17,-20,-16,13,-16
-4,-14,8,17,2,-1,-3,5,14,0,-1,23
8,-13,-5,15,-7,1,0,-5,-2,7,-11,-19
10,-2,-6,-17,11,-3,4,-7,-15,-7,-1,2
6,27,-19,0,-3,2,4,-2,-17,-10,-7,1
-9,3,-18,-3,-35,-9,6,25,2,-15,-13,6
-5,6,3,1,-6,11,-15,-12,-11,3,-12,-15
1,-8,8,5,19,-18,-11,-2,-4,3,-5,0
-4,3,-7,-5,-4,-1,18,4,-10,21,25,-10
10,-1,-13,7,-8,-5,-17,-14,9,13,17,15
9,-2,5,-31,-15,8,-4,1,7,4,14,0
-9,12,17,-11,-6,-12,-19,7,13,1,6,-9
3,-1,7,-6,-2,11,-15,7,0,-8,3,-11
0,8,5,-26,-16,-15,-11,5,-1,15,13,2
10,10,-1,-14,-4,4,1,5,19,-20,5,9
25,10,21,-38,25,-7,-1,-11,-7,28,12,20
-5,18,-13,-14,-4,39,9,-18,34,-7,14,7
-6,-1,31,20,-4,38,-19,-5,-3,-7,12,-9
14,9,3,-12,8,1,-25,17,9,3,6,26
29,13,-13,8,-12,12,-19,-26,3,11,24,21
17,10,2,-10,-12,12,-10,-10,8,0,14,26
-21,21,25,-8,5,18,-23,-1,3,22,18,14
17,11,5,-23,-4,3,-29,-14,-4,19,28,13
19,26,23,-2,-22,32,-13,-12,36,24,22,12
-2,18,17,-25,2,0,-16,-1,22,34,30,-3
20,60,23,-21,-3,12,-48,-14,16,26,22,13
13,37,18,-21,-26,10,-15,-20,2,39,24,18
14,34,28,-40,-2,34,-30,-3,11,48,27,28
13,51,32,-15,9,28,-32,-9,27,28,19,26
20,34,64,-29,-20,52,-15,-44,3,18,34,21
5,39,34,-29,1,46,-19,-10,28,50,51,50
44,52,44,-55,0,42,-32,-2,14,28,58,19
21,53,36,-31,-1,46,-15,-22,10,24,44,47
29,62,37,-60,-13,32,-35,-29,5,52,45,47
13,71,63,-42,1,65,-40,-25,0,58,47,45
25,90,39,-30,-5,53,-40,-39,36,38,52,47
26,65,51,-52,-10,57,-42,-23,20,51,77,22
41,90,52,-53,-19,46,-55,-27,38,47,74,73
20,71,60,-58,-2,44,-49,-26,22,68,79,59
26,91,40,-36,15,61,-52,-53,32,62,87,53
39,86,71,-57,-6,66,-56,-37,45,67,72,67
14,94,61,-69,-32,59,-59,-46,57,59,83,61
34,108,49,-56,-7,95,-57,-41,19,78,109,63
40,84,59,-61,-19,68,-52,-36,16,92,86,68
35,125,73,-88,-36,78,-47,-36,19,106,94,79
30,94,79,-87,-12,102,-47,-24,29,104,105,79
55,142,100,-90,-26,100,-69,-37,33,95,121,78
48,130,77,-98,-20,106,-78,-55,31,82,110,82
68,122,81,-75,0,132,-81,-49,50,90,123,93
53,136,92,-77,-21,116,-74,-41,40,98,114,89
49,135,68,-95,-23,121,-74,-64,28,105,141,89
56,159,104,-94,-40,118,-94,-48,67,119,143,102
74,146,113,-103,-22,106,-101,-55,46,123,131,93
41,174,101,-98,-46,150,-74,-72,55,110,146,85
56,191,115,-105,-51,141,-115,-72,46,137,159,128
38,157,128,-128,-41,143,-115,-65,53,125,132,97
54,186,120,-121,-20,147,-92,-74,47,124,160,113
47,188,130,-145,-30,177,-125,-65,36,154,151,116
48,199,152,-136,-14,147,-127,-64,89,137,186,137
77,199,120,-126,-28,166,-122,-82,62,146,167,150
64,202,134,-159,-31,165,-118,-81,54,142,206,171
76,234,168,-142,-35,183,-110,-84,70,152,194,133
76,216,144,-134,-45,181,-122,-85,65,170,206,133
78,230,145,-158,-25,212,-136,-107,71,183,212,176
89,210,156,-171,-21,201,-133,-89,58,188,194,154
76,255,157,-161,-35,207,-113,-109,71,185,222,188
97,238,144,-162,-37,200,-128,-108,52,191,212,184
71,261,156,-186,-51,218,-142,-104,88,179,239,169
89,254,161,-184,-35,238,-122,-121,67,188,238,180
111,256,176,-175,-41,237,-158,-118,96,206,235,179
86,283,165,-196,-37,226,-175,-103,89,211,227,190
107,278,186,-191,-23,239,-161,-125,92,221,235,172
119,277,183,-177,-40,240,-142,-96,93,200,246,190
107,275,185,-191,-15,240,-159,-107,69,216,257,204
114,330,195,-199,-54,242,-161,-102,94,216,260,207
103,296,194,-191,-31,257,-141,-112,94,231,283,208
80,296,188,-199,-43,254,-179,-150,94,244,276,200
123,305,189,-199,-46,248,-187,-130,73,228,280,198
110,314,190,-217,-43,245,-167,-124,82,220,281,207
124,333,209,-205,-53,244,-193,-126,90,242,285,215
114,335,227,-226,-29,254,-174,-128,99,230,289,229
116,320,225,-210,-56,280,-199,-115,108,268,296,199
119,319,234,-243,-85,278,-184,-131,107,229,297,225
102,332,223,-234,-52,261,-209,-136,87,245,296,227
117,342,240,-234,-44,267,-194,-136,84,251,306,235
109,331,232,-213,-54,287,-172,-126,111,251,316,245
131,346,229,-224,-34,277,-189,-120,99,274,320,229
114,349,227,-243,-26,312,-184,-151,112,253,321,228
110,344,218,-229,-55,290,-193,-139,132,275,329,231
124,330,241,-227,-48,291,-198,-151,112,268,314,255
110,366,226,-230,-42,288,-185,-137,105,274,303,238
100,360,252,-238,-41,280,-179,-156,100,261,324,234
123,357,229,-241,-66,318,-187,-148,118,272,308,248
105,368,225,-238,-39,287,-191,-155,95,282,315,263
133,368,218,-241,-31,302,-190,-134,106,283,339,252
130,359,208,-264,-42,279,-192,-164,107,259,332,246
127,370,219,-244,-64,300,-215,-159,86,280,313,248
121,349,240,-245,-42,270,-188,-144,117,301,335,261
126,342,228,-234,-57,278,-231,-134,91,266,324,219
115,358,235,-234,-51,284,-176,-134,107,261,298,248
120,333,227,-251,-56,291,-202,-133,106,283,325,232
133,347,229,-241,-78,293,-223,-142,106,279,314,260
126,354,241,-276,-63,291,-186,-146,122,275,310,233
121,351,212,-263,-52,285,-203,-151,94,265,313,257
142,341,241,-234,-56,278,-173,-131,91,270,315,259
108,350,223,-232,-53,264,-198,-135,106,249,306,220
104,339,232,-241,-38,288,-184,-145,122,276,306,221
122,345,223,-208,-69,268,-197,-139,104,256,293,233
114,333,206,-235,-24,269,-173,-133,121,255,297,230
127,332,225,-218,-47,263,-161,-129,98,237,297,248
114,330,214,-231,-46,244,-184,-141,95,230,286,237
100,316,222,-209,-49,275,-188,-129,89,267,290,221
113,298,201,-216,-31,271,-169,-119,65,231,278,224
84,327,195,-216,-53,264,-187,-123,110,230,282,217
116,304,200,-201,-55,229,-168,-110,90,227,278,210
104,300,185,-219,-63,235,-165,-95,106,225,272,206
101,285,216,-216,-31,249,-157,-117,84,237,261,214
104,274,202,-203,-61,223,-167,-122,90,217,251,211
110,279,184,-189,-39,249,-153,-106,94,216,263,218
108,281,189,-186,-45,227,-148,-114,102,229,264,202
105,267,161,-158,-26,233,-139,-123,80,203,262,189
97,256,207,-200,-37,224,-139,-121,85,198,253,178
86,243,173,-194,-33,209,-135,-99,78,193,233,185
89,242,147,-154,-42,217,-160,-100,76,196,235,181
98,252,171,-168,-35,212,-114,-116,60,183,244,167
65,250,149,-143,-33,182,-132,-102,82,190,223,155
74,231,139,-151,-23,196,-127,-104,58,187,196,166
98,222,127,-163,-31,175,-121,-112,57,169,204,156
70,225,162,-146,-52,183,-121,-98,75,157,191,142
66,219,150,-134,-55,166,-111,-94,68,166,201,160
60,205,120,-133,-45,172,-112,-71,60,165,196,139
75,189,91,-137,-30,184,-97,-87,45,153,176,153
77,221,101,-120,-23,158,-104,-57,44,152,183,147
71,201,135,-117,-24,150,-109,-57,37,134,162,122
58,171,85,-116,-5,148,-117,-75,41,140,161,100
49,207,108,-101,-20,133,-113,-89,47,123,161,124
61,168,108,-97,-30,117,-91,-52,47,118,143,108
66,146,129,-96,-2,114,-104,-99,71,129,114,105
50,145,116,-101,-32,119,-71,-55,55,129,134,101
29,148,95,-84,-10,133,-71,-62,58,97,149,95
64,147,94,-90,-2,117,-71,-43,34,102,110,70
43,126,97,-103,-4,115,-59,-46,38,90,123,83
39,116,71,-78,-21,105,-79,-47,15,106,107,98
28,120,68,-77,-11,112,-56,-46,40,78,98,84
44,126,64,-78,-36,84,-54,-42,20,55,72,85
23,86,47,-71,-18,72,-55,-37,48,71,78,82
39,101,51,-50,-15,80,-57,-43,36,65,84,59
38,112,52,-83,7,51,-59,-37,14,61,88,66
17,98,49,-46,-6,78,-51,-18,35,78,46,55
41,64,50,-34,-30,42,-28,-39,40,55,81,61
25,64,37,-54,-8,33,-29,-29,18,57,64,33
16,76,51,-41,-1,39,-42,-30,14,62,35,57
27,53,37,-40,-14,33,-26,-38,10,32,64,36
15,44,34,-29,-30,28,-30,-32,17,23,51,50
-5,32,29,-12,-4,45,-33,-8,11,22,16,43
2,43,38,-21,-17,25,-26,-8,-15,36,30,22
36,28,13,-20,20,6,-7,-11,-5,25,19,10
-10,29,21,-13,-31,43,7,-22,6,7,27,27
-7,-17,14,-26,2,20,-15,-36,-6,26,18,5
8,0,17,-26,14,17,-27,-26,15,6,8,37
14,23,23,9,14,22,-1,3,18,9,0,15
11,14,16,-11,8,16,-16,-18,7,-1,3,2
-1,23,-25,-21,-4,-6,-7,-10,-15,3,13,20
4,-1,-2,-6,-4,22,9,20,1,-20,4,-5
11,-6,5,-9,2,5,-17,3,2,-9,-1,-6
-7,15,3,0,-9,-8,17,4,5,-10,5,-1
1,-5,-16,1,10,-8,-13,7,-7,-14,-26,0
0,-1,-22,-5,-13,-30,24,19,-31,4,-18,-24
-22,-25,-8,31,20,-2,5,8,-23,-37,-7,6
-9,-28,-9,38,-21,-4,10,12,-14,-27,-26,-8
5,-39,-28,23,16,-42,20,18,-19,-21,21,-9
-16,-42,-21,26,-2,-3,9,8,4,-12,-21,-27
-10,-40,-1,14,-4,-28,23,9,-11,-24,-37,-24
-16,-47,-31,26,-13,-38,23,54,10,-22,-29,-19
-28,-53,-13,29,7,-29,19,13,10,-17,-47,-35
-27,-28,-26,22,-13,-35,11,14,3,-23,-54,-26
-12,-53,-30,22,30,-35,32,24,-17,-26,-52,-25
-16,-29,-42,27,16,-32,15,22,-21,-51,-28,-32
-20,-37,-21,21,17,-61,42,13,17,-46,-13,-31
-8,-42,-20,32,14,-50,37,14,14,-20,-55,-34
-18,-53,-36,34,-2,-38,24,24,-18,-36,-65,-35
-11,-61,-36,34,-4,-36,16,29,-15,-58,-44,-23
-16,-54,-37,26,18,-68,32,5,-22,-6,-56,-40
-26,-82,-34,17,2,-43,44,11,-13,-38,-46,-50
-41,-76,-19,46,27,-36,28,8,-18,-43,-34,-41
-25,-90,-34,43,-3,-38,30,10,1,-49,-53,-28
0,-74,-48,51,20,-42,36,25,-7,-49,-68,-32
-24,-41,-39,21,0,-62,50,35,-30,-54,-64,-39
-42,-66,-38,39,5,-46,39,15,-20,-42,-67,-22
-37,-79,-40,44,21,-73,34,20,-26,-16,-55,-54
-26,-81,-36,31,12,-66,20,14,-39,-44,-76,-25
-37,-68,-50,51,19,-55,8,28,-13,-64,-39,-55
-11,-76,-44,30,17,-34,59,30,-21,-53,-48,-38
-30,-65,-30,61,22,-49,46,-7,-42,-45,-50,-46
-39,-55,-44,44,17,-58,32,30,-14,-36,-66,-54
-29,-85,-68,54,23,-59,53,69,-13,-51,-73,-51
-34,-51,-27,30,3,-62,64,25,-27,-64,-91,-76
-11,-64,-56,49,-1,-72,33,53,-11,-70,-42,-55
-15,-52,-17,51,0,-65,10,14,-38,-87,-65,-36
-32,-82,-53,48,0,-85,40,20,-51,-58,-60,-49
-33,-85,-40,39,23,-58,68,18,-17,-48,-58,-59
-32,-95,-57,53,18,-52,30,5,-20,-52,-51,-51
-25,-75,-37,55,35,-63,69,49,-4,-57,-53,-42
-25,-80,-63,44,-5,-77,46,27,-11,-69,-51,-58
0,-68,-49,28,40,-48,34,25,-21,-45,-66,-51
-38,-65,-48,52,7,-66,43,52,-26,-41,-68,-61
-12,-81,-57,44,-4,-36,40,42,7,-71,-73,-34
-27,-63,-47,30,20,-91,53,43,-17,-62,-67,-57
-25,-69,-32,38,9,-77,34,35,-9,-58,-62,-41
-28,-73,-52,55,17,-43,53,21,-35,-36,-90,-62
-25,-80,-52,57,8,-50,41,23,-32,-58,-54,-71
-21,-65,-36,51,19,-58,45,49,-18,-63,-52,-47
-24,-87,-65,76,15,-38,24,41,-34,-59,-99,-57
-30,-89,-31,47,3,-47,39,33,-22,-52,-58,-61
-37,-62,-28,70,20,-76,36,3,-26,-89,-62,-51
-36,-76,-72,61,2,-77,47,47,9,-52,-66,-62
-21,-65,-43,43,18,-65,44,33,-11,-51,-66,-39
-19,-75,-48,67,17,-45,40,29,-4,-67,-95,-76
-13,-74,-44,65,4,-59,54,30,-9,-61,-62,-70
-29,-102,-56,40,8,-67,25,36,-17,-61,-64,-70
-21,-88,-61,58,23,-63,49,50,-29,-68,-62,-63
-15,-71,-47,60,20,-72,44,28,-36,-56,-76,-57
-41,-79,-64,61,20,-82,38,19,-24,-67,-67,-51
-58,-67,-34,64,0,-48,49,44,-34,-43,-83,-85
-31,-81,-51,55,7,-46,40,33,-24,-67,-56,-35
-33,-88,-90,57,-9,-50,55,21,-24,-63,-73,-50
-30,-59,-56,48,9,-51,28,43,-24,-70,-61,-52
-24,-62,-54,47,11,-67,51,46,-14,-58,-61,-42
-60,-67,-56,51,18,-66,48,34,-33,-58,-74,-48
-40,-60,-48,44,16,-71,32,23,-10,-49,-88,-70
-33,-82,-34,19,9,-65,17,50,-20,-43,-67,-15
-21,-87,-51,65,11,-73,47,21,-23,-65,-73,-59
-24,-82,-69,33,8,-71,51,55,-26,-74,-63,-60
-28,-78,-44,55,27,-72,34,13,-3,-76,-73,-56
-33,-97,-48,61,32,-48,49,25,-1,-70,-73,-47
-36,-88,-49,37,12,-61,38,8,-23,-80,-75,-49
-36,-73,-66,63,24,-57,52,36,-40,-47,-63,-59
-14,-93,-40,49,11,-60,45,18,-5,-50,-65,-46
-24,-78,-61,28,-21,-53,31,41,-35,-57,-57,-56
-13,-71,-58,46,9,-60,18,19,-26,-48,-66,-63
-31,-81,-38,37,40,-62,41,43,-28,-48,-75,-44
-12,-58,-25,71,1,-65,49,12,-21,-64,-73,-69
-2,-95,-53,64,6,-52,48,26,-15,-67,-62,-52
-39,-56,-53,44,15,-56,42,37,-32,-21,-69,-63
-8,-60,-29,54,17,-40,32,37,-21,-65,-89,-24
-20,-93,-22,50,-9,-77,35,6,-37,-51,-81,-73
4,-74,-46,55,31,-48,39,15,-36,-44,-72,-71
-25,-90,-60,49,1,-70,28,33,-4,-57,-80,-71
-32,-77,-41,44,8,-53,42,20,-17,-59,-54,-77
-5,-77,-36,44,17,-77,55,36,-13,-61,-54,-58
-9,-102,-54,72,22,-52,25,15,-27,-54,-62,-40
-7,-78,-48,39,15,-51,54,28,-33,-42,-76,-40
-22,-64,-58,54,19,-54,31,31,-25,-63,-86,-33
-31,-63,-36,47,11,-57,34,44,-16,-71,-83,-56
-11,-75,-36,54,30,-71,34,42,-14,-66,-79,-54
-19,-94,-49,50,8,-73,15,22,-31,-59,-71,-59
-36,-53,-54,61,6,-81,30,31,-12,-73,-85,-52
-21,-64,-38,33,1,-75,48,63,-17,-40,-70,-36
-37,-54,-25,50,-2,-38,39,31,-44,-45,-78,-47
-1,-65,-47,32,6,-57,51,24,-30,-62,-67,-48
-23,-79,-49,32,5,-69,57,26,-35,-75,-57,-53
-31,-65,-50,64,-3,-58,37,12,-10,-58,-60,-51
-50,-68,-44,40,-13,-66,47,17,0,-67,-62,-58
-42,-79,-29,75,18,-46,52,15,-2,-51,-50,-31
-18,-79,-51,55,10,-69,57,33,-27,-82,-76,-66
-33,-74,-35,27,9,-62,33,39,-7,-58,-86,-56
-8,-74,-40,74,9,-78,32,31,-16,-69,-59,-36
-32,-87,-33,70,11,-60,54,21,-36,-47,-69,-56
-2,-103,-27,17,4,-61,52,23,-31,-58,-78,-44
-19,-82,-47,49,8,-54,27,42,-25,-45,-80,-60
-32,-66,-30,58,10,-50,40,13,-13,-62,-60,-58
-7,-48,-29,38,17,-51,35,37,-12,-79,-52,-64
-30,-96,-51,61,-12,-71,55,18,-27,-40,-75,-74
-23,-52,-62,47,19,-66,36,20,0,-22,-33,-57
-22,-52,-35,51,5,-73,38,32,6,-50,-73,-50
-30,-80,-51,37,0,-55,14,37,-27,-65,-66,-43
-18,-96,-63,46,-6,-81,57,28,-15,-49,-50,-51
-17,-77,-40,43,13,-55,48,31,-1,-80,-85,-60
-35,-67,-42,43,35,-63,26,22,-35,-52,-71,-37
-18,-68,-57,54,9,-77,40,19,-5,-54,-57,-61
-33,-47,-53,40,28,-73,16,31,-29,-32,-34,-52
-16,-69,-57,49,20,-52,37,43,-19,-56,-81,-39
-21,-71,-48,44,6,-88,7,27,-31,-52,-69,-66
-46,-76,-67,29,-2,-50,45,50,-19,-42,-73,-70
-37,-64,-60,60,1,-68,41,36,-30,-31,-84,-73
-5,-78,-42,39,14,-86,44,27,-11,-61,-79,-42
-22,-61,-48,46,9,-60,52,19,-22,-62,-76,-49
-40,-78,-44,52,37,-72,55,43,-21,-48,-77,-60
-33,-60,-40,33,16,-51,23,64,-37,-63,-68,-47
-40,-67,-50,49,0,-66,34,21,-35,-56,-58,-58
-34,-60,-42,41,27,-69,32,21,-38,-60,-71,-53
-31,-85,-39,67,9,-67,37,27,-38,-54,-74,-51
-38,-58,-20,52,13,-56,37,18,-9,-54,-61,-55
-32,-73,-44,44,-1,-70,32,39,-25,-66,-71,-55
-39,-86,-30,44,6,-44,45,31,-16,-36,-50,-59
-14,-81,-35,63,20,-59,35,28,-17,-67,-66,-46
-20,-57,-43,44,13,-61,43,31,-13,-53,-73,-45
2,-38,-50,60,21,-73,39,15,-16,-60,-52,-47
-51,-85,-41,22,13,-66,38,42,-27,-46,-76,-41
-37,-109,-50,43,2,-56,25,36,-4,-52,-71,-40
-48,-49,-58,57,1,-40,47,36,-18,-55,-67,-62
-1,-77,-44,53,1,-80,53,4,-30,-46,-66,-38
-43,-74,-51,47,-2,-36,26,11,-4,-48,-62,-50
-17,-74,-63,69,24,-72,47,22,-22,-56,-62,-49
-39,-60,-33,68,11,-42,50,23,-30,-58,-71,-67
-8,-60,-58,52,23,-58,31,35,-30,-61,-44,-34
-13,-41,-46,56,0,-45,39,11,-21,-39,-75,-46
-37,-67,-83,54,17,-45,53,18,-6,-78,-76,-49
-42,-45,-57,42,42,-69,34,17,-25,-72,-75,-45
-10,-68,-21,53,2,-56,32,20,-47,-66,-48,-66
-1,-47,-46,57,15,-57,49,27,-35,-24,-56,-69
-17,-84,-75,61,19,-64,56,40,-26,-49,-73,-43
-25,-71,-32,45,13,-54,34,21,-21,-58,-40,-52
-40,-58,-73,35,-2,-55,34,26,-19,-51,-51,-38
-26,-88,-60,31,8,-53,44,30,-17,-79,-48,-42
-25,-72,-43,45,-2,-46,39,15,-19,-36,-51,-37
-26,-82,-39,55,7,-68,39,31,-12,-57,-64,-42
-18,-57,-44,54,-19,-73,29,9,-28,-69,-69,-24
-24,-67,-60,53,15,-67,40,7,-16,-64,-60,-40
-24,-68,-10,47,4,-65,18,29,-11,-53,-71,-47
-25,-55,-50,71,-3,-62,22,18,-32,-69,-43,-64
-1,-85,-34,46,4,-63,11,5,-20,-53,-73,-48
-24,-68,-52,36,12,-46,7,18,-22,-35,-71,-34
-15,-77,-43,31,14,-48,12,10,-14,-52,-71,-52
-22,-67,-33,45,10,-54,42,34,-18,-59,-76,-27
-16,-67,-36,32,34,-62,29,37,-31,-28,-60,-32
-17,-62,-79,59,12,-47,23,39,-35,-33,-64,-56
-14,-58,-64,34,16,-64,31,14,-17,-50,-78,-67
-36,-63,-49,37,-6,-73,37,4,-22,-45,-69,-51
-22,-57,-40,38,8,-44,31,31,-31,-56,-60,-38
-19,-61,-42,59,-9,-52,39,25,9,-51,-58,-25
-19,-58,-17,44,-21,-49,40,39,-31,-61,-74,-65
-20,-72,-35,43,8,-71,23,36,-32,-46,-59,-40
4,-63,-38,26,2,-51,43,26,-15,-42,-55,-25
-23,-71,-53,32,24,-43,51,25,-12,-58,-49,-55
-40,-53,-71,67,-16,-49,33,21,-8,-58,-75,-61
-29,-63,-49,48,-2,-53,25,18,-20,-58,-71,-39
-25,-45,-36,58,5,-58,33,32,-39,-51,-52,-52
-22,-52,-49,52,16,-69,39,16,0,-66,-52,-52
-29,-53,-43,28,14,-56,20,34,-4,-45,-79,-56
-18,-90,-28,70,9,-60,18,3,-26,-44,-35,-55
-16,-82,-39,52,22,-60,27,24,-23,-47,-53,-54
-17,-61,-38,32,-2,-62,25,23,-41,-44,-63,-47
-15,-62,-36,42,4,-48,33,42,-27,-36,-59,-43
-21,-48,-64,41,10,-50,29,23,-22,-54,-51,-37
-9,-49,-33,49,-6,-65,48,24,-6,-56,-47,-53
-28,-52,-49,50,7,-49,7,34,4,-40,-56,-34
-34,-51,-43,25,22,-67,32,26,-18,-79,-67,-35
-28,-51,-39,59,17,-71,29,35,-29,-37,-69,-41
-11,-68,-29,56,21,-75,49,17,-23,-45,-54,-44
-38,-66,-40,37,-4,-48,21,16,-13,-35,-55,-48
-2,-56,-40,45,17,-66,43,24,-14,-30,-44,-40
-10,-55,-51,54,18,-48,20,26,-35,-23,-47,-59
-30,-66,-48,38,-15,-33,29,20,-35,-47,-71,-41
-12,-53,-54,42,9,-53,58,33,-26,-53,-48,-76
-12,-65,-54,56,6,-30,19,37,-16,-56,-56,-33
-37,-64,-42,32,19,-59,35,29,-33,-47,-47,-50
-11,-69,-44,32,-8,-45,33,44,-18,-54,-56,-37
-24,-51,-46,51,10,-67,42,28,-22,-31,-58,-33
-8,-51,-38,57,-1,-56,27,38,-26,-48,-60,-39
-5,-53,-36,31,19,-43,44,48,-23,-44,-51,-47
-27,-53,-55,54,-7,-43,31,28,-44,-71,-48,-38
-25,-72,-48,54,-11,-85,51,22,-26,-13,-47,-57
-36,-50,-62,43,26,-66,24,28,-26,-32,-68,-28
-26,-76,-48,26,2,-28,38,2,-17,-49,-51,-54
-11,-60,-40,49,-5,-57,28,13,-35,-47,-72,-33
-16,-67,-35,52,23,-35,42,30,-23,-70,-70,-45
-7,-69,-16,47,-4,-25,31,14,-14,-35,-51,-37
-4,-70,-42,45,4,-75,23,34,-32,-52,-50,-47
-7,-72,-16,35,-4,-61,30,31,-24,-38,-66,-41
-9,-54,-41,29,11,-57,15,11,-48,-44,-55,-39
-14,-67,-34,27,-8,-48,41,21,-27,-52,-64,-55
-21,-50,-21,31,7,-45,45,2,-16,-61,-65,-32
-21,-78,-56,29,13,-45,52,24,-17,-54,-84,-63
-41,-64,-38,34,13,-41,19,18,-27,-31,-54,-58
-29,-55,-44,46,8,-63,36,42,-4,-25,-63,-45
-25,-61,-45,31,4,-53,30,22,-36,-52,-43,-41
-20,-56,-38,47,27,-61,44,32,-26,-59,-51,-39
-27,-76,-26,56,29,-31,13,30,-21,-42,-56,-22
-12,-39,-50,35,8,-41,17,16,-22,-61,-73,-48
-27,-60,-18,43,-4,-55,58,43,-32,-38,-57,-68
-18,-67,-28,64,1,-71,19,24,-12,-55,-70,-31
-29,-51,-46,54,5,-56,25,13,-29,-53,-67,-39
-1,-59,-10,61,16,-39,54,21,-35,-51,-46,-37
-14,-61,-36,35,31,-36,35,36,-27,-47,-29,-54
7,-64,-43,17,31,-57,38,29,-8,-58,-82,-31
-29,-61,-49,54,26,-51,29,24,-18,-45,-36,-48
-32,-80,-53,66,27,-68,10,29,-28,-40,-42,-51
-34,-64,-41,47,-3,-64,32,13,-1,-65,-64,-48
-35,-78,-54,48,25,-41,32,19,-9,-45,-25,-32
-15,-71,-24,52,20,-46,21,9,-15,-48,-44,-27
-9,-53,-40,53,23,-71,25,15,-28,-52,-52,-38
-17,-64,-10,40,16,-35,36,47,-4,-43,-53,-19
-43,-65,-43,52,-2,-46,30,18,-2,-63,-65,-40
-5,-71,-37,45,3,-48,25,18,-25,-36,-55,-36
-39,-52,-37,36,20,-52,8,19,-18,-44,-36,-39
-43,-80,-31,42,9,-50,31,27,-15,-38,-57,-29
-21,-69,-28,49,7,-49,12,20,6,-32,-32,-45
-16,-50,-24,26,22,-51,45,9,-15,-36,-58,-38
-15,-38,-32,28,2,-55,34,21,-4,-45,-47,-34
-16,-49,-31,47,5,-26,29,11,-28,-55,-55,-32
-14,-57,-26,35,-5,-69,28,35,-10,-44,-59,-51
-10,-55,-42,30,35,-55,30,19,-1,-32,-41,-57
1,-68,-38,40,27,-34,46,20,0,-25,-65,-9
-35,-39,-19,33,9,-37,28,22,-15,-40,-57,-31
-22,-51,-19,47,15,-45,37,1,-28,-23,-32,-56
-23,-50,-23,22,14,-40,22,48,-16,-34,-34,-46
-11,-31,-20,30,30,-47,36,31,-5,-53,-41,-25
-28,-48,-37,8,5,-60,15,14,-21,-23,-44,-32
-11,-49,-31,42,-5,-39,22,20,5,-21,-44,-37
-23,-36,-28,24,-12,-37,24,36,-26,-44,-44,-42
-14,-25,-21,30,1,-10,26,7,-16,-39,-33,-2
-27,-34,-27,26,8,-37,29,-2,-5,-20,-18,-31
-2,-28,-31,29,9,-15,25,19,9,-39,-37,-8
-19,-41,-23,34,-16,-24,18,21,-10,-14,-30,-35
-27,-28,-25,19,-2,-37,24,16,-13,-31,-36,-6
-5,-33,-37,14,7,1,27,14,-16,-18,-24,-20
-16,-13,-15,26,-4,-28,26,-8,-8,-14,-15,-8
-6,-14,-19,19,-2,-12,18,6,6,6,-22,24
-4,-22,-21,40,26,-45,14,20,10,-4,-34,-16
-6,-18,-20,29,-8,-4,-3,13,0,-28,-2,-25
23,-20,-6,-3,15,12,8,-17,5,11,-3,-17
11,-8,11,24,-6,-17,-1,-3,15,-12,6,-5
0,-8,-24,10,17,9,-27,-19,-1,-7,-16,-11
-20,2,-12,-21,-7,-25,-5,-2,-20,-34,-1,-19
15,4,5,-19,3,-27,-9,-8,21,22,20,21
6,14,12,-17,1,23,2,-11,3,22,5,19
-1,3,13,-31,10,6,-5,-2,12,14,14,4
13,33,7,-8,-8,2,-8,1,10,4,11,28
-2,45,4,-15,3,16,21,-11,13,20,16,13
33,2,41,-26,-3,26,-9,-1,30,30,27,31
14,46,27,-18,0,37,-37,-3,25,50,15,18
21,62,46,-40,-14,31,-19,-17,31,35,46,18
36,58,-8,-57,-4,37,-39,-20,29,38,41,43
13,58,59,-42,6,32,-36,-36,28,43,38,42
25,55,34,-24,7,50,-27,-23,27,51,43,31
17,76,51,-40,-17,38,-26,-36,24,31,64,62
30,70,36,-53,-9,47,-37,-39,16,51,55,50
34,79,55,-67,-8,76,-61,-57,37,47,75,72
15,85,47,-49,-21,64,-40,-4,37,75,76,66
40,99,42,-62,-15,60,-43,-25,29,64,94,76
50,96,62,-68,-18,82,-72,-52,23,85,89,60
38,106,69,-79,-23,109,-65,-23,47,99,108,71
37,114,95,-71,-40,94,-47,-29,24,101,120,93
48,119,78,-87,-22,94,-52,-70,28,88,102,94
42,142,91,-103,-11,114,-68,-70,52,99,112,72
55,131,85,-106,-18,108,-69,-67,42,108,114,82
64,166,102,-106,-50,117,-64,-59,54,103,119,105
56,148,108,-112,-10,127,-88,-50,44,106,144,91
41,135,88,-98,-13,98,-82,-45,35,120,149,95
50,150,89,-94,-37,156,-108,-48,39,109,159,130
53,158,117,-113,-51,130,-85,-53,40,140,139,111
52,168,114,-98,-15,143,-80,-89,49,104,161,113
29,168,98,-128,-41,160,-109,-46,66,119,155,109
69,175,129,-109,-25,152,-103,-81,47,138,146,131
57,179,122,-118,-48,158,-102,-71,65,136,175,132
61,164,112,-119,-15,157,-119,-77,61,150,164,152
24,175,125,-114,-20,154,-114,-54,78,136,179,145
69,174,114,-121,-27,147,-112,-70,64,133,178,126
53,206,121,-138,-47,158,-107,-66,51,174,185,127
72,199,129,-136,-22,151,-104,-93,40,138,185,145
54,184,133,-121,-32,177,-114,-69,57,127,179,141
70,179,138,-158,-17,143,-101,-84,75,156,175,142
67,196,133,-127,-31,170,-98,-84,60,137,181,130
65,177,127,-109,-15,152,-115,-75,60,148,156,132
48,193,132,-162,-22,167,-101,-78,52,131,175,150
76,181,113,-121,-13,148,-103,-76,57,161,163,132
62,207,119,-149,-25,141,-102,-82,42,129,147,140
79,197,132,-135,-21,172,-98,-60,65,129,156,133
66,174,119,-126,-18,170,-96,-78,54,137,169,123
52,182,119,-107,-50,131,-116,-69,58,136,153,120
72,196,113,-109,-36,165,-89,-65,47,134,161,128
64,184,109,-110,-20,136,-101,-66,47,128,138,133
60,152,114,-125,-18,128,-80,-53,42,123,147,121
63,167,97,-111,1,141,-77,-80,63,104,144,115
61,146,112,-101,-42,136,-77,-74,27,134,132,107
56,158,82,-114,-40,135,-87,-72,33,95,153,111
69,150,119,-96,-16,120,-91,-58,25,97,133,120
44,157,123,-98,10,131,-101,-40,56,108,134,99
29,140,83,-118,-37,109,-69,-44,33,112,120,104
63,119,87,-79,-28,115,-72,-48,35,96,139,87
42,134,89,-90,9,101,-43,-42,24,100,126,93
44,104,65,-77,-24,100,-50,-45,35,88,118,76
25,121,61,-63,-11,112,-66,-28,37,92,111,65
31,130,62,-58,-33,87,-76,-43,27,90,76,82
27,105,68,-64,-20,89,-53,-51,51,68,74,74
16,97,79,-73,-7,62,-40,-44,13,60,84,55
37,90,46,-60,2,65,-65,-18,31,59,79,61
35,86,42,-47,-10,64,-41,-37,22,63,73,48
15,48,68,-30,-27,77,-28,-16,34,64,59,58
16,61,33,-56,-15,70,-31,-35,22,54,63,43
7,42,39,-31,-21,61,-32,-27,13,38,48,30
27,40,22,-38,-2,57,-32,-20,12,50,27,38
-1,46,34,-8,-24,21,-13,-14,-9,18,33,32
23,40,14,-45,-16,16,-25,3,1,45,32,32
12,35,38,-15,25,15,-38,6,-10,23,21,21
7,29,14,-28,12,20,-22,-13,11,3,42,12
17,28,12,0,-21,22,-15,-21,4,10,11,3
-12,31,28,-23,7,-2,22,6,15,36,8,3
9,2,21,-19,9,5,-10,26,-3,29,26,9
-11,9,-9,1,-11,-17,7,-11,-8,10,17,-25
8,2,21,7,14,7,24,12,4,-13,-3,-16
9,-3,-13,9,20,1,-5,9,13,-6,-16,-19
10,-39,-5,-4,-1,-18,10,14,-12,-8,-29,9
-20,-7,-7,24,6,-8,12,13,6,-8,0,-7
-11,-7,-35,7,-6,-20,6,4,5,-44,-12,-11
-34,-26,-22,22,7,-29,29,15,-21,12,-26,-29
-7,-36,-11,29,17,-31,21,17,6,-1,-44,5
-28,-41,-13,2,21,-46,11,-11,2,-24,-40,-15
0,-11,-10,2,-9,-8,18,14,-21,-32,-42,-29
-6,-42,-9,7,1,6,0,-11,-12,-23,-29,-10
-15,-53,-31,30,-4,-35,-4,24,-16,-26,-24,-21
-9,-35,-38,-2,7,-15,29,25,-21,-21,-35,-44
2,-54,-15,26,-2,-40,14,12,0,-31,-45,-23
-12,-45,-43,29,-9,-27,0,31,-6,-35,-47,-9
-6,-39,-33,43,15,-42,35,22,-22,-39,-52,-26
-30,-18,-32,28,14,-36,19,3,-14,-41,-40,-48
1,-42,-33,17,22,-55,29,6,-26,-46,-36,-26
-16,-29,-19,32,7,-57,32,12,-25,-29,-41,-50
-3,-47,-19,24,8,-59,41,15,-18,-58,-53,-16
-8,-65,-35,18,-13,-63,34,25,-18,-16,-32,-40
-14,-44,-36,28,44,-46,27,8,3,-50,-37,-21
-4,-31,-59,39,14,-57,19,35,-9,-49,-61,-48
-24,-45,-15,26,15,-51,5,23,-21,-48,-47,-23
-10,-50,-24,21,17,-40,35,10,-27,-27,-58,-30
-13,-44,-24,35,5,-44,24,43,-23,-38,-77,-48
-13,-35,-33,20,0,-51,17,25,-8,-35,-44,-64
-22,-63,-23,21,34,-28,30,21,-32,-33,-56,-57
-9,-51,-29,27,22,-46,42,31,-43,-33,-81,-21
-36,-48,-43,15,-10,-46,35,10,-41,-40,-49,-38
-27,-56,-45,27,-2,-54,30,30,-17,-39,-43,-39
-23,-41,-55,52,-16,-49,37,15,-25,-54,-60,-58
-14,-72,-22,36,30,-45,29,30,-5,-31,-61,-70
-7,-47,-22,30,20,-59,26,24,-27,-61,-65,-44
-25,-66,-36,55,12,-44,23,21,7,-34,-44,-41
-35,-58,-45,50,18,-36,27,26,-26,-46,-62,-40
-12,-58,-47,55,6,-28,28,26,-11,-32,-62,-49
-41,-42,-34,44,-4,-52,16,14,-43,-47,-51,-57
-29,-56,-64,52,38,-61,61,38,-26,-44,-39,-70
-12,-65,-52,58,-2,-62,74,46,-18,-66,-81,-57
-27,-73,-65,54,21,-79,45,32,-38,-59,-71,-72
-22,-56,-68,40,41,-60,52,21,-19,-67,-71,-46
-35,-89,-66,75,18,-104,35,31,-10,-91,-84,-76
-29,-90,-77,61,7,-98,50,38,-33,-83,-67,-58
-62,-113,-60,74,14,-110,79,50,-39,-75,-93,-76
-45,-114,-57,90,9,-84,75,45,-30,-73,-120,-89
-40,-104,-58,91,17,-128,61,41,-48,-106,-114,-62
-52,-116,-94,93,41,-96,82,54,-30,-102,-121,-103
-39,-147,-93,97,16,-122,74,65,-31,-120,-143,-113
-48,-154,-99,108,29,-132,66,69,-49,-95,-137,-114
-62,-163,-114,101,25,-139,106,88,-48,-133,-131,-114
-84,-191,-115,127,24,-145,86,77,-69,-123,-174,-96
-61,-161,-109,142,18,-162,96,73,-59,-127,-176,-131
-45,-216,-119,146,60,-147,101,80,-98,-144,-188,-150
-71,-193,-123,149,38,-172,115,69,-62,-155,-172,-148
-61,-208,-145,148,34,-169,128,93,-44,-139,-214,-118
-64,-204,-124,132,42,-195,114,75,-34,-170,-182,-145
-97,-191,-116,146,-1,-154,95,69,-73,-157,-192,-128
-74,-203,-108,124,39,-163,113,87,-60,-155,-212,-144
-61,-171,-126,139,29,-138,106,60,-52,-140,-165,-139
-60,-177,-109,124,14,-134,75,74,-46,-101,-160,-141
-52,-154,-97,105,20,-153,72,45,-29,-117,-155,-78
-53,-130,-62,84,9,-110,65,65,-48,-105,-119,-83
-25,-99,-53,50,11,-70,53,27,-35,-93,-82,-77
-28,-61,-51,38,7,-41,14,27,-18,-13,-64,-39
-4,-26,-8,12,-24,-23,21,21,-12,-4,-21,-9
-5,27,21,0,8,31,-17,-28,7,27,18,27
19,88,70,-49,-15,76,-58,-23,19,52,83,41
61,154,103,-107,-27,124,-86,-67,53,121,120,105
69,201,138,-132,-53,190,-131,-86,52,143,183,133
113,270,176,-190,-58,228,-174,-94,74,198,255,205
118,353,215,-232,-55,315,-170,-158,122,259,345,221
171,417,274,-298,-47,321,-227,-162,116,324,385,309
196,494,307,-345,-72,409,-286,-207,140,374,472,340
218,592,388,-375,-79,446,-326,-243,184,450,507,412
237,638,401,-447,-109,536,-369,-262,204,467,577,456
253,712,470,-494,-100,592,-415,-287,196,533,627,495
260,751,505,-532,-116,635,-437,-310,236,581,711,538
288,828,515,-575,-115,660,-427,-326,233,617,727,572
305,871,570,-592,-129,708,-469,-342,257,661,765,602
327,911,555,-611,-120,755,-511,-388,244,665,822,628
332,931,595,-638,-135,773,-512,-350,289,712,824,636
332,949,614,-635,-149,774,-506,-385,298,719,864,664
328,941,600,-631,-134,768,-539,-369,294,713,856,644
321,930,617,-625,-122,750,-510,-358,274,687,832,665
317,889,569,-597,-129,741,-478,-338,273,668,786,635
324,858,567,-572,-102,686,-472,-338,249,610,769,587
268,789,529,-545,-127,656,-420,-305,221,581,697,558
233,723,480,-494,-110,586,-392,-283,218,533,667,522
230,662,406,-427,-72,534,-353,-266,194,509,588,470
192,604,373,-391,-96,492,-320,-230,165,440,513,420
182,488,326,-346,-64,418,-259,-217,148,370,458,352
132,434,275,-277,-66,349,-222,-182,118,331,373,308
114,338,238,-245,-40,294,-199,-126,116,254,317,225
85,282,175,-189,-38,213,-138,-107,60,195,234,175
78,203,121,-140,-43,133,-89,-88,44,144,189,142
35,113,93,-73,-37,80,-50,-43,15,92,110,77
7,47,17,-24,26,33,-11,-14,10,46,43,6
-4,-36,-5,12,2,-39,-6,10,-21,-6,-27,-14
-46,-87,-52,53,10,-65,70,17,-13,-52,-81,-83
-43,-118,-88,93,36,-108,77,53,-43,-74,-109,-73
-26,-177,-106,127,27,-146,125,77,-59,-131,-153,-125
-76,-215,-149,144,45,-159,117,103,-52,-161,-206,-163
-93,-225,-161,141,54,-187,127,97,-93,-163,-222,-155
-83,-279,-188,185,30,-232,146,100,-83,-194,-220,-153
-109,-281,-168,201,38,-237,151,118,-112,-199,-244,-229
-89,-298,-190,194,41,-251,141,120,-84,-232,-254,-210
-101,-293,-200,195,47,-236,175,111,-83,-218,-254,-206
-97,-312,-212,194,49,-265,181,113,-93,-228,-261,-208
-120,-299,-212,203,35,-239,157,111,-97,-212,-248,-203
-104,-302,-191,187,68,-257,191,112,-93,-216,-289,-194
-110,-294,-185,188,36,-258,145,107,-65,-229,-258,-204
-97,-304,-179,167,38,-236,135,111,-90,-200,-248,-174
-95,-262,-169,183,45,-202,138,109,-110,-205,-223,-174
-64,-234,-167,158,38,-176,126,110,-72,-168,-222,-155
-36,-219,-123,138,24,-175,123,100,-61,-157,-199,-135
-86,-173,-119,141,48,-175,107,99,-72,-141,-178,-137
-61,-195,-121,124,44,-126,97,66,-69,-137,-177,-140
-50,-179,-102,118,21,-154,99,97,-50,-134,-165,-124
-58,-164,-87,95,27,-140,87,46,-42,-120,-147,-108
-26,-149,-87,109,16,-119,98,47,-56,-105,-142,-93
-62,-112,-98,92,22,-112,69,56,-50,-120,-115,-77
-35,-134,-80,81,18,-81,75,45,-25,-78,-115,-82
-48,-110,-72,66,23,-86,58,47,-24,-81,-125,-82
-32,-90,-56,80,10,-68,72,36,-28,-68,-84,-70
-35,-113,-52,72,-20,-59,51,38,-46,-89,-70,-65
-37,-78,-41,47,-2,-72,57,31,-29,-51,-72,-72
-36,-72,-40,73,8,-74,67,39,-31,-46,-86,-65
-9,-80,-61,40,-4,-59,44,29,-36,-58,-55,-67
-42,-91,-63,62,13,-55,23,30,-20,-50,-49,-54
-32,-88,-48,52,23,-65,33,16,-31,-56,-76,-59
-29,-55,-36,63,6,-54,30,35,-49,-65,-65,-72
-28,-66,-39,40,10,-75,70,11,-3,-42,-68,-53
-12,-61,-48,48,11,-56,33,30,11,-68,-64,-43
-1,-72,-50,51,-2,-45,29,14,-46,-64,-47,-59
-17,-83,-40,39,32,-66,53,46,-19,-37,-67,-70
-31,-68,-31,48,17,-58,46,11,-15,-62,-53,-37
-7,-77,-67,38,11,-61,43,22,-24,-43,-60,-43
-32,-59,-26,43,27,-77,37,20,-30,-61,-50,-33
-23,-63,-55,35,9,-43,27,19,-26,-52,-43,-63
-25,-74,-38,33,22,-51,26,26,-6,-56,-63,-40
-30,-65,-58,44,10,-67,34,24,-28,-41,-75,-17
-17,-55,-44,45,11,-36,13,17,-24,-65,-42,-51
-36,-43,-54,38,8,-56,36,23,-18,-44,-28,-45
-4,-61,-58,56,-19,-54,25,38,-25,-40,-53,-59
-3,-70,-45,30,6,-57,14,39,-37,-55,-36,-38
-6,-56,-42,34,-6,-55,39,8,3,-51,-51,-19
-6,-44,-62,47,13,-78,40,25,-13,-38,-49,-27
-16,-52,-33,33,19,-42,37,22,-2,-50,-44,-20
-18,-76,-48,40,1,-31,35,26,1,-40,-56,-43
-4,-60,-26,23,45,-57,7,32,-13,-48,-54,-32
-25,-62,-42,52,2,-59,33,19,2,-39,-55,-40
-37,-46,-57,48,0,-49,54,13,-17,-45,-46,-39
-13,-39,-34,37,-1,-29,16,27,-27,-32,-53,-54
-20,-58,-33,24,-2,-23,22,23,-8,-56,-60,-40
-31,-33,-31,35,22,-23,28,-1,-10,-36,-30,-13
-20,-40,-21,37,11,-8,24,1,-24,-45,-47,-48
-12,-21,-43,47,36,-50,48,30,-24,-50,-29,-38
-4,-71,-46,31,36,-44,30,15,7,-34,-57,-22
-8,-20,-25,34,13,-33,38,18,-22,-29,-39,-34
3,-46,-24,22,10,-36,7,19,-20,-34,-44,-37
-15,-49,-28,23,15,-23,55,11,-12,-24,-25,-32
7,-45,-41,40,5,-14,17,6,-17,-29,-42,0
-33,-35,-21,17,6,-18,18,21,5,-41,-39,-28
-6,-36,-37,42,18,-26,24,19,-10,-39,-52,-29
-27,-39,-9,10,3,-14,46,21,-14,-30,-37,-41
-3,2,-19,9,17,-8,12,12,-2,-6,-39,-40
6,-19,-15,36,-7,-27,10,8,17,-15,-12,-31
1,-20,-14,18,-15,-24,35,-2,-13,-34,-26,-7
2,-32,-27,5,-8,-24,23,23,-16,-8,-15,-25
-8,-9,-29,19,-1,-15,13,17,-13,-22,-14,-22
-1,-22,-9,14,-17,-8,17,15,-14,-13,-18,-10
13,-11,-7,6,9,-23,-1,21,-20,-9,-17,-18
5,-38,-8,20,10,-32,19,-2,-13,-23,0,-15
-12,-17,-14,5,-4,5,6,10,-9,-27,1,-11
-11,7,-4,-6,0,-21,-3,20,1,-9,2,-5
-14,-10,-28,-9,16,1,4,13,-17,-5,5,-10
3,-17,17,5,18,20,1,-3,-6,-20,-10,-9
-10,-7,-8,-5,-19,-7,-8,-2,4,-11,2,15
10,-7,9,-4,-15,-20,-6,-7,-14,4,-4,16
10,1,11,-7,-10,10,-15,-3,1,3,25,3
-16,2,22,10,-7,7,6,-11,7,1,3,1
13,15,0,-10,-8,14,-8,-10,2,0,9,27
9,53,16,-16,11,11,-11,-17,-19,40,17,33
27,12,20,-15,6,24,-18,-3,2,-6,16,26
6,33,46,-13,11,31,-13,-3,19,13,17,4
17,33,12,-9,-12,25,-11,-7,18,32,41,43
9,30,25,-22,-22,11,-5,3,7,29,32,31
34,65,13,-33,2,20,-15,-25,13,32,38,17
13,55,33,-12,8,31,-16,-11,14,13,48,59
8,61,25,-33,5,53,-31,-7,8,38,36,32
34,59,45,-33,-19,28,-44,-15,39,47,45,48
20,57,51,-34,10,47,-28,-46,16,67,39,59
39,72,32,-40,-17,57,-18,-2,32,50,61,55
35,64,26,-41,-5,31,-35,-32,3,59,84,60
44,89,55,-48,-40,55,-41,-38,22,49,93,35
14,88,54,-52,0,78,-19,-40,19,58,85,70
19,97,76,-61,-31,93,-61,-54,29,87,66,44
24,75,61,-63,-5,77,-44,-29,8,59,76,75
27,113,57,-65,-27,83,-38,-38,40,75,92,65
65,110,72,-80,-26,83,-67,-39,52,74,93,80
31,108,66,-87,12,89,-78,-32,47,71,87,86
35,133,32,-83,-18,125,-69,-18,20,92,105,91
34,124,75,-50,-24,112,-49,-56,41,97,109,95
71,146,81,-88,-13,98,-71,-56,20,106,98,91
35,143,90,-106,-2,98,-68,-73,32,102,126,84
45,148,105,-86,-36,112,-83,-41,43,121,139,88
61,152,100,-80,-37,132,-101,-72,56,116,161,110
40,152,89,-107,-39,147,-82,-76,44,128,127,125
66,173,81,-113,2,140,-92,-85,40,102,143,128
55,163,122,-116,-35,132,-86,-59,60,130,152,113
59,185,123,-135,-29,140,-103,-74,56,133,165,147
52,175,108,-151,-26,157,-92,-70,50,133,148,128
68,197,135,-126,-37,157,-102,-46,63,177,176,148
80,203,124,-148,-9,164,-111,-88,60,154,165,143
67,200,124,-144,-40,177,-146,-71,63,159,193,143
84,201,115,-138,-40,171,-126,-82,52,162,184,149
86,225,151,-129,-25,166,-113,-59,45,162,201,140
68,220,130,-152,-19,198,-130,-107,69,159,206,155
90,233,166,-164,-41,180,-121,-97,71,185,196,157
90,234,153,-166,-20,177,-129,-98,66,170,220,168
102,229,148,-160,-27,217,-120,-76,70,182,231,185
97,238,157,-172,-35,207,-150,-112,59,176,221,205
69,242,164,-186,-38,194,-148,-90,71,187,237,178
85,244,187,-181,-42,222,-148,-117,65,205,243,172
88,244,173,-170,-66,220,-159,-94,98,189,253,191
106,279,175,-188,-53,233,-155,-110,83,206,266,186
109,272,194,-207,-66,228,-158,-101,80,204,248,188
111,281,180,-212,-27,239,-157,-133,87,219,269,187
80,269,170,-202,-58,256,-162,-133,98,202,268,228
108,305,176,-207,-37,243,-169,-113,105,223,253,198
96,280,201,-211,-46,237,-170,-119,88,228,260,223
113,330,198,-218,-43,272,-165,-131,98,220,255,198
132,295,215,-202,-47,253,-174,-126,98,235,291,203
116,328,198,-229,-56,238,-182,-106,105,236,284,220
92,310,234,-227,-47,277,-170,-126,91,222,282,234
110,304,189,-203,-50,257,-175,-119,85,243,302,226
113,324,204,-230,-28,280,-163,-133,92,223,289,237
112,330,186,-210,-84,270,-168,-133,95,249,263,214
107,326,190,-228,-39,265,-184,-124,91,250,297,231
109,323,213,-227,-56,255,-192,-133,95,250,312,226
124,335,229,-220,-49,269,-170,-128,119,239,304,237
113,326,216,-236,-37,269,-179,-136,96,250,295,227
113,341,207,-252,-47,262,-187,-110,102,239,298,228
120,340,224,-231,-35,283,-188,-139,101,273,317,226
131,344,213,-240,-33,278,-192,-134,114,251,295,222
120,330,221,-250,-40,284,-181,-148,89,252,300,220
115,352,238,-227,-43,280,-182,-119,109,289,301,247
129,343,228,-230,-54,284,-203,-136,83,262,309,250
99,354,227,-220,-60,276,-185,-121,108,247,313,221
105,349,227,-244,-47,271,-184,-132,121,259,309,240
125,343,233,-235,-59,266,-196,-136,101,250,303,244
128,365,222,-219,-53,278,-205,-143,93,253,305,257
104,331,232,-217,-49,289,-184,-136,112,261,291,230
87,356,224,-217,-56,276,-186,-124,100,245,304,224
129,319,240,-239,-15,278,-188,-125,114,253,300,231
104,327,206,-218,-70,289,-182,-143,88,252,285,218
120,320,212,-226,-21,292,-182,-140,102,236,296,225
109,344,209,-229,-52,277,-202,-137,114,247,269,238
106,329,229,-234,-60,261,-170,-132,83,243,298,244
118,332,228,-212,-63,258,-176,-143,87,241,302,228
110,327,225,-212,-48,276,-149,-115,78,243,283,216
102,315,201,-211,-50,302,-191,-124,87,242,298,217
87,307,216,-222,-33,263,-165,-118,84,226,280,230
122,312,202,-215,-59,244,-155,-127,105,235,282,209
109,295,203,-210,-30,266,-175,-119,95,245,263,223
110,305,183,-201,-54,254,-161,-138,80,208,244,216
93,312,175,-205,-50,263,-158,-114,67,236,257,206
96,288,166,-205,-54,252,-138,-116,87,204,259,210
83,286,202,-199,-26,213,-147,-108,89,210,269,204
82,276,190,-183,-33,227,-146,-108,83,231,235,208
90,265,198,-187,-39,237,-146,-107,81,200,241,199
110,258,173,-169,-37,214,-150,-111,93,183,257,175
101,280,172,-181,-36,207,-141,-116,65,198,235,177
89,261,168,-197,-52,209,-136,-110,77,176,245,176
87,261,164,-175,-42,204,-132,-92,69,181,218,166
87,242,158,-175,-42,194,-130,-94,70,174,227,160
69,216,139,-152,-33,172,-109,-96,66,172,221,174
78,236,150,-141,-25,182,-126,-87,71,177,193,180
85,214,164,-145,-26,192,-125,-85,80,147,201,153
95,232,137,-159,-49,161,-101,-94,71,192,209,153
68,217,146,-145,-45,205,-112,-84,64,155,178,144
49,200,131,-139,-14,166,-94,-67,65,154,169,131
77,199,113,-123,-14,159,-111,-79,72,137,165,147
65,201,116,-109,-22,146,-100,-59,70,140,171,145
66,166,116,-140,-36,159,-98,-61,38,139,162,134
49,156,124,-123,-36,142,-90,-56,67,144,171,141
38,175,110,-101,-34,151,-105,-59,34,125,119,99
51,154,107,-127,-37,132,-72,-65,34,124,140,114
52,135,91,-93,-38,124,-105,-50,54,110,136,110
62,143,90,-79,-37,129,-81,-90,27,111,144,109
49,142,92,-92,-4,113,-92,-73,45,100,114,114
45,123,104,-94,-31,112,-97,-51,53,85,116,99
54,126,71,-79,-13,93,-86,-46,36,67,92,72
27,113,81,-76,-24,101,-75,-52,37,85,99,91
31,115,66,-75,-21,96,-49,-60,69,81,96,65
28,108,60,-62,-12,74,-42,-49,22,71,98,82
38,99,76,-75,11,87,-42,-30,4,67,109,65
33,93,72,-62,13,81,-64,-37,42,78,99,66
38,72,80,-41,-1,76,-55,-55,28,67,72,56
33,81,66,-56,-7,41,-43,-35,31,71,81,45
42,81,53,-46,-16,55,-38,-43,37,68,81,51
39,73,46,-33,-14,55,-49,-19,35,50,57,48
40,68,38,-37,5,74,-43,-4,22,61,62,55
37,52,64,-51,-29,38,-23,-39,3,72,42,37
3,59,27,-7,-4,40,-29,-39,10,58,62,14
19,53,19,-42,-16,45,-25,-33,22,31,26,35
25,28,43,-22,-1,59,-19,-7,21,46,36,43
31,39,28,-14,-19,33,-45,-21,9,21,15,39
-4,46,26,-20,-17,20,-35,-19,21,42,14,2
4,0,8,-24,-9,37,8,7,14,0,26,8
-2,50,8,-15,11,18,-10,5,15,2,20,14
11,22,5,-13,1,19,-14,3,-1,28,17,3
-21,4,3,7,-2,5,-16,-24,-11,29,2,-13
-10,17,4,-6,-9,41,-1,-5,-2,17,15,11
-9,-8,20,-14,11,4,7,9,-20,7,-5,-2
11,8,8,18,12,-11,-10,15,0,-4,2,7
2,-20,-19,-10,9,3,2,-2,16,1,8,-11
-14,-1,11,-5,-9,-2,14,-3,17,17,-13,10
-4,-8,-13,22,-8,0,16,-14,6,-17,-13,-23
-8,-23,-3,5,12,-19,15,-4,-10,-19,9,13
-4,-15,-8,2,4,-14,10,21,16,-20,-11,-28
-8,-16,2,20,1,-15,22,17,-12,-15,-29,-20
9,-13,-13,1,-17,-23,15,16,-6,-20,-17,-2
5,-21,0,14,-20,-9,6,8,-10,-19,-39,-21
0,-37,-4,14,8,4,-24,11,-5,-23,-25,-18
1,-24,-14,4,-12,-40,-4,-13,2,-23,-26,-9
-9,-27,-5,18,-6,-29,5,11,-2,-28,-22,-10
-38,-33,-3,30,-10,-30,10,37,-2,-24,-31,-28
-16,-23,-7,7,13,-21,17,15,-14,-15,-34,-27
-49,-34,-20,24,16,-30,16,28,-15,-28,-15,-25
-27,-8,-12,9,35,-24,26,20,-8,-29,-29,-33
-28,-41,-43,21,16,-29,32,12,13,-18,-43,-40
-36,-46,-1,38,11,-36,14,7,-4,-27,-29,-20
-9,-44,-16,17,-5,-38,23,14,-13,-8,-53,-19
-17,-44,-6,24,36,-34,15,-7,-37,-36,-52,-28
-28,-18,-33,33,12,-37,11,4,-10,-13,-51,-15
-19,-59,-47,31,-1,-24,32,3,-2,-11,-71,-41
-17,-51,-18,15,3,-28,37,10,-10,-19,-48,-25
-4,-33,-31,36,-17,-35,39,41,-10,-49,-49,-29
-26,-52,-34,32,7,-28,59,20,9,-20,-47,-35
8,-63,-24,37,2,-57,31,5,-26,-26,-53,-54
-29,-46,-35,24,16,-25,46,37,-20,-41,-10,-34
-5,-51,-39,24,4,-53,10,21,-4,-43,-56,-43
-15,-65,-42,35,8,-62,-2,15,-34,-32,-56,-41
-30,-53,-38,27,-8,-54,22,15,-10,-36,-58,-38
-24,-54,-51,49,12,-37,46,23,-22,-46,-50,-34
-21,-40,-2,50,-4,-29,13,20,-27,-42,-44,-66
-20,-73,-43,40,5,-37,35,12,-23,-25,-35,-19
-18,-47,-39,41,25,-76,47,29,-1,-56,-45,-25
-7,-48,-61,23,-5,-42,15,7,-30,-24,-64,-24
-12,-40,-27,51,14,-53,16,20,-23,-53,-24,-42
-1,-58,-34,47,16,-19,24,25,-9,-44,-54,-36
-10,-41,-36,47,10,-48,28,18,-26,-50,-43,-47
-7,-44,-47,31,24,-55,25,32,-17,-33,-51,-39
-9,-57,-51,51,1,-54,36,10,-22,-46,-45,-40
-7,-62,-36,25,-4,-26,26,12,-18,-38,-51,-43
-15,-37,-15,38,18,-66,20,21,-20,-34,-60,-75
-14,-49,-30,20,18,-46,36,20,-12,-43,-53,-37
-32,-65,-18,40,18,-61,26,25,-26,-39,-42,-34
-2,-43,-36,24,2,-35,31,36,-13,-41,-61,-30
-2,-49,-36,35,-2,-59,24,-9,-15,-33,-45,-9
-23,-49,-59,43,1,-47,30,33,-6,-31,-59,-20
-15,-44,-30,35,23,-45,29,28,-22,-40,-69,-18
-17,-56,-39,35,25,-57,42,38,-25,-40,-46,-14
-29,-47,-32,29,-1,-28,34,15,-27,-44,-59,-47
-9,-46,-45,27,8,-59,30,18,-7,-27,-64,-23
-8,-51,-33,23,17,-48,42,19,-10,-25,-65,-32
-32,-37,-49,57,19,-41,29,44,-11,-42,-78,-74
-26,-69,-46,43,14,-60,29,0,-12,-47,-35,-28
-22,-56,-45,31,-11,-41,18,30,-12,-29,-54,-26
-22,-58,-57,34,-29,-35,8,12,-7,-39,-11,-39
-33,-51,-26,40,9,-47,33,9,12,-31,-50,-46
-15,-54,-18,26,4,-53,25,-1,5,-34,-26,-39
-6,-62,-37,8,-9,-47,27,24,-19,-23,-47,-35
-9,-43,-22,12,9,-42,35,33,-11,-23,-43,-27
-20,-43,-20,39,4,-48,17,16,-24,-25,-45,-20
-2,-57,-19,49,41,-30,31,0,-35,-26,-23,-45
-31,-52,-24,26,9,-31,49,8,-13,-34,-20,-46
-25,-42,-33,30,10,-36,22,5,8,-39,-52,-35
-22,-55,-35,12,4,-49,23,14,-6,-35,-34,-34
-1,-53,-18,32,24,-27,38,7,-16,-35,-38,-41
-9,-32,-34,15,-7,-67,32,18,-23,-32,-37,-43
-8,-55,-22,33,8,-33,-16,23,-9,-44,-32,-33
-11,-31,-37,40,9,-15,43,-5,-19,-32,-39,-30
-13,-59,-32,38,17,-40,15,17,-11,-36,-57,-26
-26,-65,-23,6,14,-13,20,10,-19,-29,-43,-27
-26,-45,-9,32,0,-51,19,13,-3,-37,-11,-30
-22,-53,-27,28,13,-11,15,22,3,-29,-13,-25
-20,-26,-22,18,14,-26,12,36,-21,-34,-29,-15
-23,-45,-16,19,6,-30,18,5,-28,-34,-46,-33
-35,-29,-24,38,-5,-24,21,10,-31,-20,-51,-26
-16,-34,-33,53,-9,-32,13,35,-13,-32,-62,-14
-19,-50,-38,54,0,-14,1,1,-14,-28,-48,-17
-17,-59,-17,11,-8,-24,18,10,-15,-44,-34,-16
-4,-58,-21,28,13,-25,37,19,-23,-29,-41,-13
-15,-21,0,14,13,-17,30,9,1,-43,-37,-24
-41,-56,-29,24,-7,-32,49,17,-17,-22,-50,-30
-2,-38,-40,31,-5,-12,3,28,-8,-40,-32,-23
11,-38,1,22,0,-36,20,-7,4,-34,-36,-35
-28,-32,-15,38,16,-29,18,-8,10,-15,-41,-4
-7,-51,-39,36,13,-28,11,30,5,-44,-34,-16
-9,-24,-23,31,9,-33,6,1,-7,-40,-29,-11
1,-13,-9,36,11,-41,-3,20,6,-30,-36,-37
-34,-38,-19,18,22,-43,28,4,-32,-33,-14,-37
-11,-42,-12,11,-1,-24,47,33,-14,-42,-22,-16
-13,-29,-24,-1,-14,-23,26,19,15,-37,-31,-29
-17,-41,-21,31,10,-14,2,15,-3,-43,-18,-37
-7,-39,-12,10,8,-40,8,23,-7,-23,-24,-22
6,-39,-13,18,-16,-30,8,19,-26,-21,-40,-9
9,-28,-8,8,10,-18,10,20,-23,-39,-7,-12
-7,-2,-29,32,-11,-15,23,17,-17,-31,-54,-32
-14,-24,-36,27,10,-20,17,2,-24,-23,-20,-17
-7,-53,-34,25,0,-20,36,4,3,-20,-29,-22
-38,-12,1,25,14,-19,15,19,-4,-23,-40,-13
2,-14,-20,14,3,-19,8,11,-20,-21,-19,-3
-15,-11,-38,14,9,-23,9,17,10,-37,-26,-7
-12,-23,-21,34,7,-37,17,15,-42,-23,-27,-22
-21,-46,-22,1,1,-9,19,7,-18,-15,-32,-22
3,-37,-17,13,-13,-22,14,11,2,-17,-35,-16
-20,-27,-17,24,-4,-37,25,-10,3,-28,-13,9
-17,-37,-15,14,7,-48,19,7,-18,-22,-21,-21
-11,-2,-6,15,4,5,18,10,1,-19,-11,-6
4,-6,-16,21,14,-22,-1,26,-7,-24,-6,-42
14,-16,0,11,10,-28,8,-3,-15,-20,-23,-18
-10,-34,-20,23,-6,-14,17,14,-11,14,-28,-33
4,-36,-17,14,17,-12,1,9,-3,-10,-5,-19
-11,-22,-15,11,30,-13,6,2,-14,-23,-37,-32
-20,-19,-4,25,3,-8,-7,10,2,-27,3,-17
-25,1,7,31,0,-1,13,19,1,-31,-26,-37
0,-12,-23,0,-1,-16,33,39,-31,-4,-42,-14
-14,-37,-27,5,7,-7,10,22,11,2,1,0
-25,-9,-17,25,-1,-5,22,7,-9,-30,-50,-3
-8,-24,-28,7,-25,-9,34,9,-11,13,-11,-2
2,-6,-5,18,6,-23,10,-10,-14,-7,-19,-6
10,-29,3,19,-12,-63,22,16,13,-10,-28,-31
-12,-34,-2,0,23,-19,28,-1,-17,-34,-42,9
-8,3,-8,13,2,-24,7,17,32,7,-12,7
-19,-16,-6,9,13,-10,10,34,-16,-7,-20,-39
-26,-11,-29,6,22,-23,15,14,-17,-18,-12,-23
-15,-7,-14,11,1,-27,-18,28,-6,-7,-19,-15
11,-28,-18,5,15,-14,8,-2,-13,6,-5,-2
17,-43,-19,3,2,-26,-15,0,-13,-24,-11,-20
-9,-9,-2,18,13,-16,-17,9,-6,-33,-14,-24
-1,-30,-13,15,-25,-14,-1,1,14,-29,-7,-9
0,-34,-18,22,-12,-16,18,28,-13,-9,2,-1
10,-46,22,5,23,-15,31,4,-9,4,-25,-1
12,-24,3,11,9,-23,-9,4,-15,-20,-1,-33
10,-19,-4,5,-11,2,12,11,-6,-5,-19,-22
5,-28,-1,-15,11,8,18,-1,1,-20,-4,-12
-14,-33,-16,10,-16,-2,-12,-12,-25,-6,-26,-14
-19,-30,5,10,13,-8,16,5,-17,-7,-12,-16
2,-14,12,-2,23,-23,6,19,17,-34,-15,-10
7,-6,-3,12,10,-7,10,-10,8,-18,-20,-8
-2,-26,6,10,7,-24,-24,13,-23,-12,-10,2
-20,-10,-7,13,15,-14,2,12,-21,9,-7,6
6,-3,-4,15,18,-23,4,5,1,6,-30,-23
4,-18,-12,0,19,19,27,6,-15,-21,-11,10
-7,-17,-12,-3,6,5,12,6,-29,-2,-21,24
9,-26,7,12,-3,0,15,-12,-24,-31,-27,-19
-7,-43,-17,-15,-11,-1,29,5,-11,-4,-7,-10
1,-18,-7,-4,21,-22,24,6,0,-5,-24,-4
-12,-24,-10,17,11,1,-4,-6,-8,3,-25,-13
-1,-30,1,23,8,3,-15,11,13,-11,0,-10
-9,-26,6,14,18,-2,7,0,-7,-10,-5,-5
12,-12,0,4,9,-22,17,10,-18,7,-13,5
-9,1,-9,10,16,-21,-7,7,4,-14,-18,-4
4,-19,1,14,-9,0,-2,19,-7,-5,7,7
-6,4,-4,5,-11,-13,31,8,-4,13,-10,-2
-35,10,-18,8,6,-11,-21,3,-13,-3,-13,-6
-8,-16,-25,21,1,-16,-2,14,-13,-13,0,-28
-11,5,-18,-3,14,-11,6,-8,-17,-7,-4,-6
-27,-14,-11,6,32,3,-16,-1,5,-10,5,-6
2,-30,-13,-6,-9,-9,16,10,-22,-3,-10,8
0,-15,0,30,1,-3,13,3,-2,-1,4,-23
3,-10,-8,-19,-6,-1,-4,10,7,15,-23,-20
1,-10,-6,11,12,-17,10,12,3,4,-13,-13
10,-52,0,12,5,4,19,-19,-21,-5,-3,-19
-2,3,-16,25,-1,-15,10,-5,-10,7,-4,-3
-7,-18,-11,1,14,-7,9,8,-18,10,-12,8
-16,-9,-3,4,22,-11,5,-6,-11,-34,-4,-17
-6,0,8,-12,24,-9,4,18,-20,-17,6,-12
-11,8,-6,8,7,16,1,0,6,-3,15,-21
-5,-3,-8,14,16,16,8,2,14,-2,-5,-15
-12,2,1,5,-5,-6,38,6,-6,-16,6,18
-17,-15,11,2,7,-16,-10,21,4,-4,1,-4
-6,-2,-19,-1,10,-24,9,-11,17,-5,5,-20
8,-9,20,-13,13,2,5,-6,-11,0,-11,2
1,5,11,11,1,-10,-4,-4,-1,10,10,-4
5,14,-18,10,-18,0,-4,-4,8,-29,-22,-21
-1,24,5,25,12,11,25,26,-3,3,-13,-16
-5,0,17,-10,-2,-14,8,1,1,-18,-5,-20
-2,10,-8,5,15,-30,-4,-23,-33,-11,11,0
20,22,4,8,23,12,11,15,-9,-8,-15,-5
-3,-1,-18,-7,7,8,16,4,8,-3,-2,18
-17,-14,-22,30,9,6,-34,2,15,5,12,-5
12,-13,-11,3,20,-30,-5,-9,9,-13,-2,-10
11,30,-2,16,14,-6,-11,-2,17,-12,-25,-1
26,-3,4,-6,-8,-7,-9,-9,-7,-1,18,-24
12,-27,-13,13,2,28,4,3,26,11,-7,8
0,-2,-12,7,-6,1,2,10,-2,-21,0,9
-26,2,10,-12,5,-6,5,4,-10,12,9,12
-25,0,5,1,-6,10,-13,-21,1,13,2,27
6,29,-32,-6,11,-5,-15,-4,-33,34,5,-5
2,14,7,0,5,24,5,5,-22,7,-33,-9
-21,4,-17,-3,12,3,4,-4,-17,-9,6,-12
17,12,-8,8,-20,-5,20,-14,5,29,-7,1
13,12,-3,-12,22,4,2,3,6,7,28,10
-16,15,12,7,6,11,9,-2,10,38,-5,9
-2,2,20,0,-21,2,-9,0,1,21,1,14
-3,9,-11,-10,21,4,8,-13,24,7,13,13
-9,1,2,3,6,-2,1,2,10,19,1,2
15,7,5,-19,-36,7,-6,2,18,3,-2,10
-4,18,0,-3,-2,-7,11,-15,19,14,-11,7
-2,19,-3,0,-15,-13,13,-17,-15,2,9,19
-7,-14,-5,-22,-7,-5,-6,-1,-5,14,-3,33
36,12,4,-3,1,-3,15,11,7,7,10,5
-3,-6,-3,1,11,10,25,6,-5,37,-12,-14
19,1,-9,3,-14,12,-13,12,31,16,25,2
-3,27,10,-15,7,13,-1,-1,-15,4,10,14
-4,2,-21,-4,9,17,-11,-25,-6,-6,13,0
-5,17,-1,-15,-14,1,-1,14,9,10,-2,7
20,-6,-7,1,-5,6,-10,1,4,1,0,8
9,13,9,3,13,15,-20,10,12,19,3,19
1,31,22,-5,9,-5,8,0,-12,-1,22,-10
19,3,30,-26,-5,17,7,0,-13,5,12,16
-29,8,13,-3,9,9,17,-9,-6,15,16,13
-14,10,-10,-9,-15,21,14,-8,-9,18,22,0
3,1,7,0,1,30,3,-10,21,-6,27,10
20,1,11,-17,4,16,-23,2,-5,6,-4,-2
14,22,3,-24,11,14,-20,7,-14,1,12,7
6,0,16,-11,-2,14,-2,7,14,21,13,27
-15,-4,11,-9,2,12,9,1,-1,6,9,-5
13,9,25,1,3,8,8,-4,7,16,9,10
-6,13,-10,-10,-9,25,0,-19,-1,1,13,16
-18,17,4,-9,5,-20,-17,3,9,9,3,2
12,27,2,-5,-11,6,-21,-16,7,23,11,23
-10,19,15,-3,18,23,8,4,12,26,22,-14
-8,23,9,-27,-17,18,-34,10,-3,24,-8,19
6,20,11,-46,1,-3,-28,-7,9,3,4,32
-27,24,28,1,5,-2,-7,-19,1,22,24,21
13,6,-2,-7,-10,1,-2,-22,5,20,-5,28
13,15,21,-15,-3,15,-1,18,-17,15,38,7
2,35,13,-23,5,26,13,0,6,4,14,17
-5,29,33,-12,11,12,-3,-16,10,18,3,8
6,4,27,-19,11,29,-10,-20,5,37,16,16
-15,19,7,-19,20,-11,-27,-2,15,27,19,34
-7,37,22,-2,2,7,-2,-8,8,11,22,15
10,15,28,-2,0,12,-21,2,2,17,30,3
13,25,11,-35,-1,32,-19,-12,19,25,41,12
23,-7,43,-6,-13,13,-9,-9,8,13,16,-6
12,19,23,-13,22,22,-14,-9,-3,15,34,45
31,10,28,-20,-29,54,7,-13,-14,22,4,2
12,36,6,-15,3,30,-15,-8,27,21,20,17
-8,28,38,-25,-14,42,-22,-5,1,18,62,20
34,23,29,-12,-2,18,-10,-11,19,3,18,24
29,21,20,-26,-21,26,-4,-19,3,13,22,33
7,32,26,-8,-3,38,-30,-19,14,36,24,24
-5,33,14,-25,-19,15,-27,12,38,34,31,39
11,21,8,-33,-6,36,-13,-20,4,15,46,32
26,41,40,-23,-34,39,-40,-10,5,23,51,33
29,49,41,-37,15,41,-8,-14,18,30,45,4
11,56,22,-31,-1,24,-22,-18,12,53,43,39
6,40,49,-31,-5,44,-33,-30,-7,15,37,51
13,43,52,-47,-5,45,-39,-31,42,48,42,68
20,67,36,-26,-17,50,-36,3,17,47,61,23
39,60,36,-20,-15,34,-45,-23,39,41,59,51
17,64,48,-48,-12,48,-29,-37,5,45,73,43
19,49,42,-32,4,68,-42,-46,16,48,63,38
25,76,44,-63,-18,69,-30,-32,2,51,77,48
17,40,52,-74,-5,69,-23,-32,30,44,92,66
44,80,58,-32,-19,60,-56,-33,40,66,58,45
40,93,64,-51,-16,53,-59,-38,24,44,73,60
36,95,69,-67,-22,83,-60,-34,36,75,65,46
31,93,51,-74,-15,87,-69,-61,32,76,82,64
33,98,63,-68,-8,85,-44,-46,24,76,89,52
52,122,69,-72,-19,106,-60,-55,40,70,105,93
61,122,81,-66,-5,99,-51,-47,27,73,103,76
51,124,65,-78,-40,108,-77,-58,17,66,105,90
71,139,99,-84,-10,87,-78,-23,32,85,123,76
54,136,99,-85,-20,108,-67,-41,35,114,102,92
33,141,95,-126,-15,130,-81,-64,23,88,118,78
56,159,95,-101,-26,102,-87,-59,37,118,167,107
66,156,97,-105,-19,112,-89,-65,52,111,143,111
37,151,107,-92,-20,121,-76,-59,48,123,143,113
47,156,92,-98,-15,127,-78,-75,52,95,150,122
49,168,104,-122,-33,150,-98,-75,55,127,155,141
58,166,132,-123,-28,145,-108,-95,47,140,159,111
55,176,136,-113,-43,160,-94,-65,41,151,166,123
50,179,114,-148,-31,152,-100,-71,49,127,145,138
68,212,105,-149,-34,163,-122,-61,42,145,165,131
72,210,117,-146,-24,163,-101,-81,53,159,182,131
58,221,108,-127,-35,153,-114,-95,78,164,187,164
101,216,163,-150,-21,183,-107,-89,64,150,203,148
65,224,140,-136,-48,184,-132,-67,60,190,207,144
80,233,168,-158,-37,191,-123,-97,41,158,199,159
74,245,116,-165,-30,182,-121,-83,75,163,205,180
82,226,141,-183,-52,186,-132,-103,80,163,216,155
64,219,157,-165,-54,214,-154,-82,84,185,208,156
78,270,169,-179,-38,207,-133,-101,72,176,206,163
95,258,137,-160,-47,213,-135,-96,48,164,248,181
88,255,149,-182,-30,208,-141,-110,91,190,225,165
79,255,162,-184,-41,202,-143,-111,85,197,220,185
99,252,169,-188,-37,218,-141,-83,82,189,239,171
65,266,189,-183,-28,216,-147,-101,87,191,226,180
92,258,177,-188,-48,248,-162,-106,68,206,240,188
79,256,187,-204,-32,242,-155,-113,88,193,239,188
101,249,175,-202,-47,224,-129,-102,90,205,246,185
82,280,156,-185,-13,237,-165,-125,57,196,231,172
99,273,181,-203,-45,222,-137,-89,77,210,248,189
92,262,186,-174,-53,225,-145,-67,87,208,280,203
84,268,168,-187,-36,210,-151,-125,97,209,242,202
74,257,163,-202,-48,218,-169,-101,84,204,240,195
100,255,187,-163,-15,222,-144,-103,81,214,250,184
110,278,177,-191,-44,238,-132,-91,67,205,253,183
93,267,163,-195,-40,212,-145,-96,67,192,239,185
86,243,161,-191,-35,215,-129,-109,94,175,234,179
63,259,176,-178,-46,207,-171,-90,84,179,235,180
62,254,161,-174,-29,221,-148,-104,73,214,226,166
104,254,149,-181,-26,215,-137,-93,93,216,229,185
81,232,148,-176,-36,205,-124,-111,86,190,217,188
74,245,153,-157,-33,214,-123,-96,58,198,233,161
106,224,165,-155,-59,200,-143,-87,56,175,222,161
78,260,151,-147,-29,191,-122,-94,69,189,213,142
78,217,136,-119,-43,168,-128,-82,69,166,225,164
74,225,147,-159,-45,183,-122,-83,60,179,202,155
66,208,130,-166,-52,171,-113,-86,64,159,187,153
81,194,140,-138,-22,175,-81,-76,56,155,192,156
64,187,116,-128,-9,167,-98,-72,53,151,195,161
74,199,124,-124,-28,150,-103,-72,53,133,182,121
73,156,113,-134,-27,157,-120,-97,62,144,179,115
45,173,117,-115,-26,152,-104,-78,55,139,169,120
56,158,117,-113,-15,137,-100,-85,33,132,160,143
66,160,127,-113,-35,146,-93,-66,49,117,149,134
56,152,110,-122,-28,133,-92,-56,26,132,146,113
43,142,85,-105,-13,121,-84,-47,31,123,143,95
65,147,102,-95,-15,106,-86,-45,66,103,134,99
30,152,94,-103,-18,113,-69,-41,58,102,119,83
33,123,98,-67,-26,120,-91,-39,54,124,101,91
29,136,68,-69,-23,121,-76,-52,29,90,100,100
41,137,72,-68,-6,93,-76,-24,53,106,83,81
31,102,76,-59,-24,104,-71,-51,50,73,103,83
49,99,64,-85,-18,88,-81,-37,27,103,101,79
42,104,73,-71,-3,91,-63,-56,27,63,91,88
20,108,71,-53,18,77,-50,-39,14,78,89,78
52,99,58,-53,-22,74,-63,-37,43,84,80,68
41,96,48,-42,-12,63,-38,-17,34,61,67,58
12,88,59,-72,-13,76,-43,-42,21,56,81,63
28,85,42,-59,-8,52,-52,-29,14,64,81,79
17,81,46,-37,-22,52,-64,-16,18,47,68,65
27,62,27,-64,-35,33,-30,-59,-1,69,70,57
28,71,48,-44,-30,57,-47,-30,20,39,50,57
24,76,37,-38,-12,44,-55,-28,25,46,53,39
28,56,37,-47,-13,51,-23,-33,21,48,42,44
22,48,46,-20,13,14,-29,-26,7,41,20,35
25,70,32,-14,4,39,-37,-18,12,36,33,16
2,48,47,-43,-21,51,-30,-23,4,46,34,15
9,35,36,-44,8,46,-28,-26,2,46,49,45
31,25,27,-12,-22,23,-24,-24,19,37,29,21
14,37,20,-15,13,28,-4,2,20,55,52,49
11,45,33,-32,-22,54,-36,-6,19,29,40,29
27,24,31,-25,-13,28,-17,-17,13,19,38,2
23,38,23,-23,-5,35,-16,1,1,34,12,17
28,36,6,-21,-2,40,-33,-16,8,30,54,16
10,10,2,-35,-14,18,-23,-2,4,26,27,8
4,30,9,-32,1,41,-23,-2,-11,49,56,22
5,11,26,-22,-9,19,-37,-10,5,10,31,24
7,9,23,-25,-9,23,-31,-19,13,3,24,20
13,46,45,-31,-3,36,-24,-38,17,19,49,8
9,-5,21,-32,22,27,-27,-15,11,20,25,25
39,10,2,5,-21,20,-18,-21,22,15,34,23
10,40,19,-27,3,44,-19,-18,28,36,23,2
17,21,19,-33,-1,18,-23,-16,5,23,33,43
12,60,20,-48,-12,13,-5,-23,21,10,25,33
12,49,10,-34,-5,41,-12,-2,3,42,28,3
-13,25,27,-11,-24,23,-14,7,9,31,32,31
23,47,19,-40,8,33,-13,-11,-6,28,33,44
-9,38,17,-23,20,26,-6,-8,6,22,28,16
-15,12,18,-3,6,19,-6,-7,9,19,13,14
32,38,22,-22,-8,31,-36,4,5,21,5,8
16,34,-2,-4,-17,6,-15,12,0,44,16,-8
10,37,14,-36,0,16,8,-33,-7,9,22,12
43,28,22,-16,-6,30,-26,-26,-8,15,23,33
21,8,14,-13,10,28,-1,-2,12,29,22,13
20,-4,30,-16,8,3,-26,2,20,26,22,18
12,15,29,7,12,3,-17,-5,6,5,42,-1
14,-9,-4,-9,-22,9,-37,-23,-12,26,8,23
16,10,-10,8,18,-6,-2,11,-4,8,-15,5
-16,0,-6,29,-16,-20,1,-17,1,9,-8,11
-1,-11,-11,-1,20,-2,19,1,11,-5,-20,-13
-19,-20,-29,2,-17,-14,-1,6,-3,-7,-22,-11
0,-27,-22,10,0,-18,31,-4,-14,-32,-21,-13
-1,-19,-19,23,12,-23,32,10,-17,-36,-48,-20
-14,-47,-9,2,5,-52,32,14,-12,-48,-34,-21
-9,-62,-22,29,-24,-33,27,17,-3,-54,-51,-37
-53,-82,-43,43,13,-44,39,37,-24,-49,-79,-46
-19,-79,-56,62,-6,-76,49,20,-17,-75,-62,-34
-42,-85,-60,45,-19,-65,27,52,-33,-58,-89,-69
-41,-93,-79,70,19,-80,43,27,-23,-68,-88,-71
-33,-96,-76,67,1,-101,68,45,-37,-70,-111,-74
-37,-121,-92,71,15,-80,68,46,-39,-84,-77,-60
-38,-93,-64,104,6,-85,90,37,-48,-94,-106,-81
-61,-112,-69,96,21,-82,63,16,-51,-86,-87,-69
-23,-90,-57,82,10,-73,63,62,-16,-83,-108,-68
-42,-107,-66,87,4,-76,49,27,-24,-86,-95,-58
-23,-93,-46,71,37,-67,39,33,-26,-62,-81,-55
-37,-71,-59,75,-13,-47,24,10,-10,-49,-55,-58
-4,-62,-36,32,8,-22,20,13,-20,-57,-45,-35
3,-17,-31,1,13,-32,12,11,4,-11,-7,4
11,8,-13,18,5,11,1,14,24,46,0,12
34,42,36,-20,-1,58,-12,-33,13,62,45,18
33,91,79,-78,-15,73,-52,-33,30,74,83,82
44,145,90,-109,-20,138,-55,-55,57,112,134,108
93,215,134,-138,-30,183,-105,-79,46,150,181,139
88,267,160,-192,-46,215,-142,-106,44,201,258,181
123,364,242,-246,-58,278,-188,-135,122,251,295,256
154,409,257,-286,-58,373,-219,-151,115,320,354,303
170,474,319,-335,-96,404,-274,-194,139,358,444,349
204,575,352,-363,-84,465,-304,-231,173,405,506,404
216,641,430,-459,-94,528,-325,-247,192,477,590,441
251,707,460,-478,-99,588,-377,-297,203,538,648,497
266,776,492,-559,-122,644,-424,-336,241,599,717,517
297,859,546,-562,-128,695,-463,-347,233,629,755,605
320,901,589,-626,-142,746,-490,-348,283,671,790,627
324,952,602,-635,-131,798,-540,-379,310,704,851,675
350,1002,663,-664,-169,814,-551,-428,300,745,891,685
357,1004,660,-702,-168,838,-561,-380,292,758,912,699
354,1010,654,-717,-159,856,-561,-405,307,780,921,708
359,1014,657,-681,-143,875,-549,-410,312,784,924,711
352,1011,660,-662,-139,820,-546,-391,303,766,909,682
354,973,643,-684,-165,817,-547,-407,303,727,907,683
351,945,605,-651,-137,792,-493,-355,281,704,844,650
293,899,575,-588,-154,731,-475,-362,255,657,807,620
299,831,532,-572,-122,692,-457,-355,251,632,754,587
290,767,484,-521,-121,630,-418,-289,231,569,685,526
241,717,456,-483,-90,560,-389,-296,208,514,632,494
204,611,415,-423,-96,521,-346,-260,203,458,546,427
201,535,339,-346,-87,442,-298,-201,151,387,472,361
157,452,297,-326,-81,374,-248,-173,145,324,404,296
119,368,247,-245,-58,313,-169,-160,101,281,332,264
125,288,186,-207,-46,234,-167,-114,91,219,266,200
63,192,131,-135,-34,184,-126,-75,72,193,186,143
50,161,85,-98,-22,117,-101,-72,32,105,151,108
33,72,52,-59,-14,56,-21,-11,17,47,71,77
12,12,37,-2,11,23,3,-4,-14,21,-2,-4
-14,-25,-2,41,23,-55,51,27,-1,-36,-32,-33
-25,-80,-69,60,20,-68,47,29,-27,-70,-73,-39
-40,-134,-95,94,16,-92,83,56,-49,-103,-107,-104
-67,-163,-119,129,19,-137,79,48,-36,-119,-133,-113
-59,-175,-146,141,35,-156,130,88,-67,-169,-170,-141
-87,-215,-150,136,12,-179,125,96,-77,-177,-174,-156
-101,-195,-141,160,22,-169,105,75,-66,-153,-195,-174
-69,-242,-146,176,38,-186,115,108,-76,-188,-201,-157
-110,-221,-155,172,36,-195,147,92,-96,-163,-232,-158
-87,-253,-161,147,55,-191,118,105,-78,-180,-213,-198
-89,-223,-144,141,38,-201,125,98,-71,-192,-215,-157
-71,-211,-138,137,27,-187,109,105,-64,-173,-211,-153
-77,-197,-108,165,42,-163,119,77,-64,-141,-176,-130
-63,-200,-96,127,39,-162,97,74,-72,-134,-175,-117
-54,-191,-105,108,35,-133,109,62,-57,-138,-171,-127
-42,-149,-99,90,19,-156,106,58,-36,-138,-145,-126
-68,-139,-85,107,20,-130,80,46,-33,-103,-122,-98
-48,-137,-77,88,10,-120,75,72,-28,-94,-113,-92
-38,-101,-70,80,31,-109,60,39,-20,-91,-95,-73
-26,-92,-57,67,7,-78,69,39,-38,-81,-77,-54
-37,-76,-36,64,25,-81,62,22,-27,-64,-82,-83
-15,-61,-61,52,-2,-55,49,22,-4,-45,-72,-50
-14,-57,-46,36,-13,-46,42,31,-36,-43,-44,-57
-22,-56,-52,55,21,-43,23,20,-18,-15,-53,-44
-7,-49,-23,41,6,-35,-1,22,-8,-11,-52,-20
-17,-50,-12,5,2,-37,-2,13,6,-45,-34,-16
-9,-20,-10,21,-3,-4,18,13,-21,-5,-37,-31
-12,-18,-16,13,5,-19,8,8,0,0,-3,-13
2,2,-8,9,-4,-6,-10,-7,-6,6,-4,-7
-3,0,-8,20,8,-13,-7,33,-7,-6,-23,-3
-13,0,1,-5,0,25,-7,9,10,-7,-6,-23
2,12,-2,20,-1,4,5,7,-22,9,21,-1
5,25,22,2,-6,6,-3,-3,-26,-3,7,9
11,16,8,-3,1,27,3,7,-2,0,9,11
-9,-13,-5,5,-6,6,-9,25,1,10,17,17
6,14,0,-13,-1,23,-10,1,3,11,13,9
7,11,22,-13,24,10,-18,-17,-9,29,13,25
16,-12,24,-3,6,1,-11,-5,5,6,25,17
23,25,-10,-5,2,20,-3,-21,6,-8,28,25
19,19,-9,-16,-16,5,-21,-20,-8,7,4,34
-9,27,-4,-23,6,4,-22,-3,-8,8,12,-8
16,18,18,-19,-23,31,-15,15,12,20,-17,16
1,13,-1,-7,-1,21,-6,-11,2,12,18,3
16,6,12,-15,5,26,-24,-20,25,3,17,28
7,13,35,-28,-3,21,-14,-35,-13,-11,15,16
9,1,26,-6,-13,15,-18,2,31,-4,18,-3
0,53,31,-12,-20,22,-14,-11,14,12,0,28
20,41,3,-3,-7,16,-24,-5,-4,12,42,31
1,14,10,-7,22,14,-24,-25,7,31,29,1
0,27,23,-2,9,21,-5,-18,-6,31,21,5
13,24,10,-12,-19,38,-10,-15,9,-1,17,17
-6,18,32,-21,-11,26,-11,-22,14,27,17,12
12,9,25,-33,-5,28,14,-34,6,33,14,15
-10,29,9,-19,-8,16,-5,-20,22,32,33,12
10,22,18,-22,-2,12,-28,-13,8,27,5,23
10,38,42,-35,-12,15,-40,7,11,9,-6,33
-3,19,19,-17,-5,16,-15,-29,15,14,19,21
31,19,23,-39,11,44,-34,-7,22,41,25,13
-9,44,14,-25,-3,12,-26,-22,0,27,14,47
2,44,15,-12,-18,10,-5,-10,22,13,32,22
8,41,39,-11,3,31,-13,-23,17,24,40,18
11,57,48,-32,3,32,0,-24,13,42,36,11
18,38,21,-24,-2,31,-13,-22,22,33,37,29
5,35,9,-45,-1,24,-37,1,3,30,31,34
39,45,50,-18,-15,40,-51,-7,19,26,28,24
-4,42,51,-44,22,26,-28,-2,-1,34,19,38
13,22,20,-42,-12,50,-15,-17,27,40,42,35
42,60,35,-40,-24,42,-26,-24,-4,25,33,23
8,56,33,-39,-6,35,-24,-33,4,50,46,29
8,55,33,-25,0,52,-23,-11,15,31,47,40
2,52,27,-45,-15,58,-42,-2,26,24,47,60
31,57,2,-59,-23,36,-39,-22,10,41,61,28
16,46,40,-55,-29,54,-31,-23,11,36,66,41
15,69,18,-56,-20,60,-26,-41,17,33,81,39
38,56,18,-25,-6,58,-36,-34,12,41,56,37
-4,56,17,-52,-19,49,-30,-27,20,53,55,46
15,44,40,-43,-5,75,-51,-45,65,47,77,47
30,76,48,-67,-17,68,-47,-38,7,47,50,48
12,73,59,-45,-11,58,-38,-51,30,65,72,58
19,76,52,-66,-24,60,-19,-39,17,54,79,64
10,103,54,-76,-42,63,-70,-30,4,45,75,86
32,80,55,-75,-32,73,-26,-31,10,60,60,53
22,95,68,-66,-13,68,-66,-33,17,59,80,68
17,85,56,-64,-9,72,-50,-44,24,74,90,77
30,101,73,-84,-10,79,-64,-38,28,60,117,85
47,105,61,-65,-20,91,-67,-37,15,61,78,83
32,103,70,-63,-25,70,-60,-31,31,77,87,64
60,120,62,-43,5,75,-67,-37,38,78,93,73
60,111,84,-74,-19,110,-74,-28,38,95,112,75
45,98,66,-74,-14,110,-58,-52,28,76,122,75
23,140,77,-77,-18,65,-59,-49,32,99,107,89
24,122,73,-88,-25,88,-76,-56,32,96,99,86
65,142,107,-94,-10,124,-71,-61,27,87,126,99
23,116,88,-80,-7,119,-89,-47,50,91,90,94
56,160,120,-92,-18,121,-47,-67,44,129,109,94
52,145,107,-89,-35,113,-80,-84,29,127,117,93
41,141,115,-115,-12,133,-76,-59,29,124,138,102
51,143,108,-89,-22,99,-88,-69,42,123,106,102
62,172,107,-87,-30,131,-85,-71,42,126,154,94
38,168,146,-114,-16,138,-99,-77,54,135,180,123
58,163,124,-120,-37,139,-105,-77,54,122,135,112
53,177,127,-102,-31,138,-114,-72,50,134,163,122
67,166,89,-111,-32,157,-99,-69,44,128,164,145
68,201,132,-118,-25,166,-87,-59,62,126,157,154
61,195,120,-137,-16,162,-113,-83,72,140,161,122
65,190,131,-118,-31,160,-97,-73,52,146,200,116
80,210,123,-128,-39,177,-107,-78,44,153,182,139
57,202,135,-145,-15,161,-142,-83,99,166,191,136
68,221,128,-154,-21,206,-116,-102,74,174,205,150
56,206,141,-175,-56,176,-121,-74,56,163,199,165
81,248,155,-140,-18,201,-94,-99,47,164,203,160
95,229,141,-172,-40,183,-122,-78,56,197,210,151
92,232,171,-192,-36,193,-134,-92,84,196,240,170
92,253,179,-184,-31,217,-131,-110,75,180,237,177
98,252,165,-180,-30,208,-115,-90,64,194,238,170
108,273,155,-182,-29,244,-142,-119,71,218,233,201
88,274,167,-187,-40,199,-152,-120,81,183,255,183
104,295,171,-191,-79,247,-166,-108,83,200,249,202
107,266,203,-211,-52,237,-148,-106,98,231,268,194
119,302,200,-196,-38,261,-159,-99,100,219,270,201
106,311,202,-198,-37,219,-149,-139,70,237,299,212
100,309,192,-228,-60,266,-160,-133,91,228,283,204
104,313,217,-206,-43,260,-168,-116,81,232,274,222
120,307,196,-232,-45,269,-185,-141,81,259,279,215
103,333,204,-219,-47,273,-185,-140,104,254,288,241
125,337,218,-225,-23,265,-195,-125,97,253,294,238
114,351,233,-226,-41,281,-170,-142,113,279,304,241
113,354,245,-244,-61,259,-195,-141,104,253,303,236
112,336,216,-211,-53,297,-198,-130,83,276,336,240
116,360,240,-260,-48,308,-190,-148,87,261,325,242
133,356,223,-235,-53,319,-208,-144,111,249,321,250
148,377,248,-231,-29,312,-202,-164,116,276,336,236
128,374,236,-237,-87,293,-208,-127,112,274,348,259
126,391,246,-260,-73,309,-202,-134,135,280,328,260
141,396,224,-267,-59,311,-195,-146,118,285,359,285
100,371,259,-248,-43,305,-221,-162,117,287,345,281
134,394,246,-286,-54,323,-220,-149,112,289,340,265
145,400,244,-281,-86,326,-211,-177,92,287,356,293
143,391,257,-264,-55,327,-207,-162,108,283,357,265
149,398,271,-268,-64,337,-215,-162,137,285,335,298
168,401,257,-269,-33,329,-215,-154,130,310,352,277
120,385,284,-261,-34,356,-209,-182,122,290,369,288
140,398,256,-280,-69,346,-209,-169,125,306,368,293
158,392,272,-295,-84,353,-218,-185,97,307,372,283
159,399,273,-273,-61,335,-236,-164,123,307,360,312
152,434,261,-293,-49,344,-211,-179,128,304,363,275
152,433,264,-264,-48,346,-215,-187,134,310,365,273
135,428,279,-297,-69,330,-218,-181,139,331,352,284
151,404,284,-283,-79,341,-216,-163,128,307,390,289
158,428,253,-305,-50,359,-232,-172,118,304,381,293
150,445,282,-296,-72,350,-228,-172,99,304,391,289
136,413,274,-283,-74,349,-229,-158,122,313,372,290
158,386,279,-279,-73,359,-229,-159,120,302,381,300
151,438,254,-270,-90,341,-246,-161,134,323,383,292
166,413,272,-288,-61,369,-223,-176,117,316,392,305
155,425,279,-289,-79,345,-224,-178,128,286,374,291
148,418,268,-282,-44,358,-236,-186,126,324,373,306
132,433,281,-281,-77,338,-205,-175,118,297,374,295
136,400,274,-262,-82,356,-221,-183,135,319,367,280
140,377,264,-281,-62,340,-220,-150,132,303,369,290
130,411,250,-285,-66,350,-224,-146,118,300,398,274
159,379,242,-277,-67,318,-226,-172,103,294,365,296
128,418,255,-251,-54,335,-203,-157,136,305,366,286
134,416,285,-268,-76,328,-210,-182,118,317,370,292
154,389,269,-283,-44,336,-217,-150,106,321,368,291
160,397,239,-270,-73,321,-226,-170,124,294,344,272
145,388,249,-257,-43,340,-209,-169,126,297,331,288
140,376,240,-236,-65,328,-220,-149,114,294,358,273
132,377,260,-243,-49,330,-238,-174,119,290,357,253
129,383,242,-259,-70,322,-210,-172,131,292,336,270
127,372,258,-254,-37,317,-225,-127,101,275,334,271
147,353,257,-253,-55,314,-205,-140,100,296,329,242
134,337,227,-230,-58,305,-197,-165,111,285,337,252
143,364,233,-250,-49,325,-205,-136,125,273,330,251
117,352,223,-237,-78,291,-188,-142,118,260,288,255
117,355,241,-228,-38,286,-190,-137,107,272,307,252
84,358,224,-223,-67,272,-186,-129,96,247,290,267
105,319,213,-217,-41,277,-169,-134,123,273,306,236
115,345,206,-240,-39,276,-186,-125,83,251,302,240
106,293,219,-223,-28,273,-196,-152,125,252,288,227
120,318,227,-230,-47,266,-193,-140,91,230,283,215
108,285,195,-219,-12,243,-168,-119,81,249,267,205
97,309,202,-199,-22,258,-166,-142,90,237,288,204
111,283,193,-190,-47,254,-167,-131,87,233,263,213
82,309,198,-190,-38,231,-155,-117,86,216,270,215
104,281,191,-186,-43,249,-156,-110,102,213,245,194
106,280,179,-205,-39,206,-159,-125,95,194,265,224
87,291,181,-187,-14,231,-160,-105,78,182,235,200
89,258,181,-173,-31,225,-145,-100,62,184,242,181
68,261,169,-171,-34,219,-155,-81,80,206,223,171
82,235,163,-158,-56,221,-137,-100,76,164,237,162
85,235,162,-155,-48,195,-125,-88,78,162,205,157
67,240,126,-146,-23,181,-127,-84,77,161,220,175
97,203,166,-150,-34,192,-97,-96,75,137,230,163
81,220,133,-135,-27,186,-120,-98,75,178,202,141
85,193,138,-144,-42,186,-109,-93,48,157,187,154
64,214,119,-139,-25,176,-110,-110,81,159,176,129
85,210,123,-125,-52,181,-99,-60,55,127,180,138
64,169,141,-137,-39,151,-103,-83,72,137,169,128
63,188,93,-136,-30,143,-108,-45,46,131,182,137
48,190,118,-92,-29,180,-75,-53,66,109,173,133
60,162,105,-110,-36,138,-67,-62,54,125,154,147
73,180,117,-94,-26,149,-87,-58,53,133,147,120
62,142,108,-114,-32,134,-101,-42,64,124,153,113
65,146,119,-119,-34,141,-98,-50,41,114,142,128
68,141,99,-99,-13,130,-80,-74,48,128,138,106
38,150,95,-99,-51,107,-94,-68,44,92,123,100
36,133,77,-107,-6,91,-97,-62,42,77,115,75
41,130,88,-94,-16,110,-78,-23,71,107,128,76
47,114,85,-76,-25,116,-61,-50,36,74,109,75
40,143,71,-105,-34,122,-71,-48,38,97,106,75
26,108,81,-92,-13,104,-68,-53,24,75,97,71
31,111,62,-80,-24,79,-70,-27,45,96,107,85
58,101,65,-69,-11,68,-35,-34,26,94,99,92
43,75,77,-84,-15,97,-71,-51,47,86,87,63
28,94,74,-61,-8,79,-54,-35,25,83,95,61
44,105,41,-70,-23,96,-52,-39,52,69,100,79
57,72,50,-49,-26,79,-44,-51,24,90,70,66
17,81,50,-54,-6,58,-45,-28,15,59,85,75
30,63,67,-60,-1,74,-39,-26,10,47,82,45
25,84,40,-67,-5,57,-36,-35,28,83,80,52
27,48,54,-71,3,55,-31,-34,17,50,62,29
59,61,26,-65,-18,40,-16,-36,12,43,73,75
27,76,54,-75,1,46,-40,-31,19,46,70,41
25,53,37,-47,-9,90,-37,-13,11,22,62,46
7,70,48,-40,-12,39,-29,-16,31,57,50,36
29,42,40,-24,2,40,-40,-4,22,45,30,46
3,56,20,-20,8,41,-40,-25,21,49,56,49
40,47,39,-39,-11,44,-14,-4,-1,32,41,34
19,55,48,-30,0,35,-18,-6,12,42,46,25
8,41,15,-16,-2,38,-17,-25,21,33,37,47
15,60,24,-30,-15,39,-33,-13,11,35,49,27
-1,24,26,-22,-6,28,-18,-15,10,30,32,21
18,31,25,-17,-15,38,-28,-15,3,23,30,2
28,52,19,-16,1,32,-31,-16,37,23,51,8
7,23,10,-1,1,34,-10,-3,18,32,42,35
27,46,6,-37,-4,28,-16,3,13,32,19,24
7,40,33,-23,-4,26,-29,-9,7,25,15,18
17,24,9,-13,-17,13,-22,-33,-11,41,15,22
-1,26,39,-13,9,5,-32,-12,12,37,33,18
2,24,35,-27,-5,28,-1,3,-1,27,39,16
15,34,16,-41,0,5,-11,-22,-9,19,5,9
7,26,14,-18,-2,7,-34,-17,24,14,27,22
15,28,26,1,4,10,-14,7,5,3,25,12
-4,0,30,-23,-10,35,0,-22,17,-16,25,9
14,27,-15,-21,-11,3,-5,-2,24,26,16,15
7,11,12,-19,-2,11,4,-20,-11,27,5,6
5,44,13,-2,-6,17,7,-23,6,10,13,21
-4,2,-5,-10,-8,26,-18,1,22,14,9,26
16,11,-2,-9,10,-10,-8,9,-12,0,19,11
-10,29,-19,-8,2,-10,0,-16,2,31,8,-5
15,26,-6,-5,15,32,-21,-5,5,7,22,7
16,21,12,-12,0,-4,0,26,32,0,-6,8
19,28,8,-7,-9,13,-28,1,5,18,-9,-4
-7,15,5,-8,-4,-6,-11,-6,-1,-7,13,14
14,-13,15,-6,-7,16,-28,-7,-10,17,29,6
15,-11,-7,-29,22,-6,-12,-13,10,17,15,12
7,11,-12,-18,-1,21,-1,-2,-9,9,7,11
7,5,-25,15,15,-2,-16,-12,14,4,15,14
10,16,-7,-7,20,12,-7,3,0,21,10,-5
12,1,-21,1,2,4,-18,-5,24,-4,-2,-11
6,10,26,-8,5,28,-18,5,-5,7,13,1
5,11,-22,-21,16,27,9,-1,10,7,28,-1
12,8,21,-21,13,6,0,-31,-18,-4,8,-6
10,5,-10,20,-26,-9,-18,16,-16,8,17,8
23,15,1,10,12,-5,-3,7,-17,0,8,3
11,10,4,-31,1,0,-3,8,-6,-4,12,-14
11,17,14,-9,-12,3,-13,14,3,-20,4,0
-2,26,-8,10,1,4,12,2,29,-1,-5,-2
3,16,-5,-5,11,19,-27,5,2,26,22,-8
-4,31,-10,-18,5,17,5,-7,19,12,0,5
0,2,-2,2,-12,4,-6,1,9,5,11,-3
6,8,5,-1,18,10,-2,-2,-8,6,12,14
-7,11,11,-5,6,8,-8,3,-21,6,21,13
-5,8,6,-39,-41,7,4,5,-10,-14,6,17
0,-5,5,-14,12,6,-6,-7,-11,2,13,8
15,0,8,3,13,4,-6,-17,21,0,25,-4
-13,4,3,10,-11,16,-17,10,-4,9,20,-7
4,33,6,-13,-5,19,-16,-5,9,0,7,20
-3,-14,0,-6,21,-3,2,-13,-16,33,-5,32
-5,14,3,9,10,7,-8,-14,5,-14,8,25
16,18,1,-11,-16,22,-8,-19,-5,9,-2,29
0,20,20,22,0,17,1,-13,4,-7,3,2
7,17,-10,-3,-19,27,-10,3,-10,0,11,8
4,13,26,1,6,13,-21,1,13,16,22,11
13,23,10,-9,-3,5,5,-8,6,5,17,6
8,1,-6,-2,-5,7,-9,2,4,24,9,3
-15,16,5,-15,-2,8,13,7,22,15,-12,-18
2,16,28,0,16,27,-7,5,8,24,21,10
24,17,-9,-3,-9,14,11,8,28,36,32,20
-15,18,4,-4,-1,-2,-4,6,24,13,-2,14
-19,18,-14,-13,-17,17,-7,-7,-9,8,9,21
7,9,2,3,20,6,-13,-14,-9,-9,21,5
12,34,6,-6,-14,1,8,1,0,7,19,14
7,-4,-2,6,-16,6,-1,-9,4,19,28,3
22,33,20,-16,-13,20,-10,2,12,-12,8,-3
25,22,2,-12,2,0,9,-24,10,6,-5,19
29,6,2,-18,-15,30,16,1,30,7,39,4
6,5,17,6,-9,23,-2,1,10,34,8,24
-5,13,24,2,-7,-4,-11,7,18,18,12,9
10,8,-1,-6,8,9,5,-11,9,2,14,-11
-2,26,26,-8,-8,28,12,-8,6,7,29,-6
-1,16,15,-9,8,38,-8,1,4,25,8,25
16,25,24,-18,-3,21,-15,6,14,12,14,16
20,15,-16,-5,-6,16,-6,-2,-10,-16,24,14
11,26,13,-23,-20,16,-19,-23,-6,12,16,-1
-6,12,20,0,-2,15,-8,-2,6,13,17,-4
22,-7,-11,-17,-4,0,-22,-6,6,-8,11,1
1,29,9,3,-2,30,-30,-2,-7,-14,15,14
-13,16,18,-13,-2,19,-7,0,-8,23,-1,-1
-5,11,3,14,4,5,-5,13,13,20,12,27
6,24,12,-6,-13,-4,-5,-3,3,12,16,9
12,19,9,-20,13,-2,-23,-17,7,2,43,23
14,7,-1,-14,5,18,4,11,9,2,21,25
19,20,12,-3,-16,14,-4,-12,2,26,26,20
-1,33,1,-15,-11,26,-15,-21,1,9,-1,-1
-2,8,-2,-22,-4,14,-34,2,12,34,24,9
-1,24,12,-21,-7,34,0,-1,-18,15,28,34
2,23,6,1,-6,20,-3,-12,-2,11,18,36
-19,43,14,-21,-13,0,-20,-8,-9,20,11,14
14,13,12,5,-9,25,-7,4,2,13,8,14
18,29,34,7,15,10,1,-30,10,18,17,12
14,22,19,-31,2,4,-17,-10,-2,37,4,1
-2,13,-4,-12,1,6,-13,-17,12,14,33,26
-8,14,36,-24,-6,30,-10,6,-14,18,7,7
7,11,38,1,-3,13,-27,5,10,11,17,38
-11,43,19,-16,1,45,-3,-7,-11,14,9,25
10,22,14,1,11,17,-10,-3,-2,31,8,16
3,17,11,0,14,15,-5,7,-3,2,1,15
-2,17,24,2,-11,36,-20,-24,-6,7,14,-4
-1,11,3,4,-15,-2,-32,-5,1,1,9,-13
11,20,31,-17,4,4,-9,-17,18,0,13,13
-6,25,-14,-18,-29,-10,7,9,-3,-7,12,8
-9,37,9,-21,-23,19,5,-27,27,12,14,22
1,-1,-5,-14,-4,30,-1,-24,-3,10,1,29
31,38,-7,-6,7,19,-1,-18,18,25,23,5
9,21,42,-18,-7,12,-5,-19,6,5,32,28
12,33,30,8,-7,26,7,-19,4,38,12,29
-3,32,2,-21,2,38,9,-7,9,27,40,7
-9,3,13,-19,28,10,-3,-21,-10,48,3,15
-8,13,32,-28,10,17,7,-4,30,6,-11,-2
7,20,9,-27,14,4,7,8,11,27,6,27
6,33,9,-24,-7,11,11,-15,-8,17,5,25
-1,31,-3,-25,6,27,-22,-12,25,12,5,3
0,34,-10,-3,-18,9,-12,-27,-4,7,27,25
16,31,-8,7,-5,12,-35,-14,2,22,28,20
33,26,8,-34,11,35,-10,-4,14,29,18,12
3,40,24,-7,15,20,1,-12,16,25,47,25
7,29,-1,-12,10,16,10,16,-3,8,0,17
22,17,29,-4,-12,42,-2,-10,-2,20,15,6
0,20,20,-15,-16,18,-3,-8,2,29,15,28
10,27,34,5,6,5,-22,-4,-8,0,21,7
15,40,7,-12,-17,26,-35,-24,6,28,5,11
13,23,8,-10,-19,13,-9,18,-20,13,8,31
16,20,4,1,2,37,-28,10,-8,15,12,1
22,4,27,-12,-3,31,-14,-13,-24,-2,29,23
3,12,16,-3,15,7,-5,10,12,39,44,3
13,35,12,-25,-16,-3,2,-7,-5,41,12,27
-15,5,4,-20,8,36,-14,-4,-4,28,16,36
6,22,-1,-26,-12,6,4,-7,7,16,25,9
4,15,33,-32,13,24,-14,-32,22,10,29,3
11,14,9,-22,-20,10,11,-8,15,31,16,13
-3,38,14,2,3,36,-6,-4,20,4,34,16
29,32,13,-7,8,-3,-20,-29,5,8,23,16
12,37,20,-17,13,21,-35,-16,-6,29,37,10
14,49,25,-12,5,39,-27,-13,19,37,18,8
-5,35,13,-21,-6,23,-23,-7,24,38,45,29
32,43,36,-18,-16,-6,-2,-15,-13,31,33,7
29,44,29,-11,-10,14,-9,-6,0,10,8,17
21,21,5,-42,-16,10,-20,-2,-3,38,20,4
17,32,16,2,11,15,-9,3,-4,35,26,3
-5,42,31,-15,-9,24,1,-14,-15,19,14,17
18,12,12,-41,-16,33,-5,-13,-3,40,28,24
14,34,34,-24,-5,20,-34,-16,27,47,26,9
10,29,22,-22,-3,26,0,-6,2,28,38,27
35,24,33,-39,8,19,-14,-7,2,7,8,26
3,30,15,-11,3,22,-31,0,14,38,32,20
12,29,19,-20,-22,19,-31,-9,9,22,25,24
27,36,13,-13,1,17,-34,-13,-12,38,44,14
10,28,4,-13,-6,34,-49,-30,34,34,11,4
-1,22,37,-23,-31,8,-31,2,-3,20,18,-4
-2,30,17,0,-3,22,-5,5,-4,6,24,42
-10,19,5,-14,-3,28,-16,-23,-14,27,45,20
-13,39,19,5,-18,22,-36,0,11,12,29,25
7,31,18,-21,-11,35,-19,-20,18,34,23,17
8,33,19,-34,17,1,-4,-32,5,40,26,37
-10,27,17,-12,-20,39,-4,-14,-6,20,24,36
-7,34,35,-6,8,42,6,-15,3,20,26,6
11,53,18,-6,5,15,-23,-6,21,36,38,8
4,37,23,-20,-3,24,-13,6,18,13,49,8
19,19,26,-31,7,14,-23,-38,22,22,12,6
25,22,27,-21,-19,39,9,-13,-3,33,15,10
30,35,7,-8,-11,15,-15,-7,-3,28,47,27
-16,34,17,-24,14,33,-19,16,-1,-2,16,10
17,17,25,-17,13,19,-35,-7,10,13,33,31
24,58,20,-17,2,36,-10,-26,28,25,25,17
12,13,19,-16,25,31,-19,-7,-7,14,33,-8
10,38,24,-39,8,24,-27,-25,-10,27,13,27
21,5,26,-33,-7,27,-27,-18,0,5,13,28
6,25,19,-16,-6,27,-29,-15,28,34,8,22
16,40,36,-7,22,34,-11,-24,15,24,36,7
15,35,9,-21,-11,30,-13,-22,40,11,49,9
15,20,4,-24,2,24,-39,8,11,18,21,13
-3,40,36,5,-3,44,-17,-24,18,36,15,14
13,35,23,-27,-13,16,-5,-14,11,34,31,33
15,33,28,-19,-20,15,-10,-32,-1,21,35,29
16,50,-16,-37,-4,28,-2,-22,16,9,38,48
12,14,42,-37,17,6,-31,-29,32,9,4,10
29,46,0,-16,-3,26,-8,-22,18,4,48,20
11,7,36,-21,16,34,-46,-9,3,35,38,-2
