I,II,III,aVR,aVL,aVF,V1,V2,V3,V4,V5,V6
333,992,648,-665,-140,815,-547,-399,305,746,860,685
343,969,611,-647,-161,784,-539,-405,293,709,857,667
338,939,602,-647,-135,793,-501,-359,265,710,823,661
313,886,580,-584,-122,726,-491,-358,271,656,777,611
291,807,527,-560,-145,668,-442,-305,240,600,721,567
275,716,487,-501,-111,590,-387,-296,213,531,653,505
219,625,391,-426,-89,533,-370,-257,187,467,570,435
188,523,330,-357,-85,460,-292,-219,139,371,492,374
139,420,258,-270,-86,357,-229,-180,123,305,357,290
106,323,183,-203,-43,266,-189,-142,104,233,268,224
68,208,124,-169,-29,193,-118,-74,87,169,192,154
43,141,75,-89,-2,82,-88,-27,54,60,107,105
-10,32,25,-30,-32,16,-10,-15,10,45,27,18
-15,-36,-39,29,15,-43,34,23,8,-55,-36,-35
-49,-87,-57,84,21,-91,67,54,-43,-85,-107,-94
-53,-185,-107,120,37,-147,117,67,-48,-131,-170,-106
-87,-248,-144,151,46,-155,116,107,-70,-170,-194,-165
-102,-251,-158,172,20,-190,139,105,-96,-190,-240,-193
-111,-276,-172,196,41,-247,144,88,-118,-234,-270,-221
-114,-317,-218,197,36,-266,168,131,-101,-234,-277,-213
-107,-319,-243,203,61,-256,206,160,-115,-248,-292,-227
-133,-338,-214,216,44,-260,170,161,-96,-219,-285,-241
-109,-310,-230,230,47,-261,171,138,-99,-236,-302,-215
-105,-296,-194,219,22,-267,172,138,-78,-259,-263,-218
-84,-297,-180,214,54,-250,171,117,-99,-217,-261,-216
-78,-288,-169,186,29,-236,156,116,-85,-219,-263,-185
-84,-258,-164,173,42,-230,127,100,-66,-188,-233,-180
-75,-229,-151,155,36,-207,148,91,-73,-161,-208,-168
-65,-220,-124,130,29,-189,106,88,-62,-192,-191,-151
-43,-176,-108,123,24,-148,103,95,-75,-151,-168,-140
-50,-161,-91,106,40,-172,111,78,-50,-140,-159,-134
-49,-154,-94,85,39,-125,88,68,-66,-116,-122,-115
-32,-147,-66,95,28,-121,81,59,-18,-95,-117,-96
-43,-120,-86,83,7,-88,67,58,-67,-88,-119,-97
-44,-106,-70,79,19,-83,70,30,-26,-69,-94,-64
-13,-90,-79,55,-10,-87,70,59,-10,-84,-118,-81
-32,-107,-60,67,-5,-72,58,42,-45,-51,-64,-66
-50,-95,-78,67,-16,-73,31,22,-23,-80,-77,-69
-38,-67,-59,52,-14,-69,50,38,-25,-63,-87,-52
-4,-99,-62,43,27,-69,35,33,-19,-48,-63,-37
-22,-67,-52,38,13,-57,51,44,-14,-53,-52,-56
-23,-74,-42,46,10,-46,36,14,-39,-56,-39,-63
-40,-57,-38,46,7,-64,20,31,-37,-51,-52,-57
-34,-47,-47,50,17,-39,20,19,-2,-47,-67,-50
-29,-69,-38,37,16,-41,26,-2,-20,-42,-52,-33
-22,-63,-22,55,-18,-49,22,24,-20,-55,-60,-18
-18,-40,-26,39,26,-50,49,5,-35,-43,-27,-32
-14,-55,-25,37,21,-70,42,23,-24,-35,-36,-53
7,-57,-12,29,8,-37,14,23,-6,-47,-45,-41
5,-55,-41,27,7,-52,31,18,-8,-28,-41,-35
-14,-63,-49,10,-18,-31,21,28,2,-44,-25,-31
-1,-24,-36,28,7,-42,37,6,-27,-26,-51,-27
-19,-58,-46,22,13,-51,21,-5,-26,-40,-31,-42
-1,-57,-35,41,3,-31,44,-12,-4,-24,-29,-11
-7,-56,-35,23,9,-34,45,14,5,-40,-48,-39
-2,-54,-16,43,-5,-29,23,21,-7,-24,-20,-9
-8,-48,-22,45,8,-25,13,6,2,-27,-36,-43
-21,-28,-19,30,12,-34,2,-10,-6,-24,-29,-49
-16,-25,-6,8,3,-27,6,27,-2,-16,-18,-30
-15,-12,-23,38,5,-30,25,14,-22,1,-24,-18
7,-33,-10,10,-24,-11,24,-7,-1,-26,-10,-23
-9,-16,-14,23,-10,-21,30,5,10,-5,-25,4
0,-7,-30,12,4,-18,0,3,-15,-18,-36,-7
17,9,4,16,0,-16,22,1,2,-28,-21,-20
-14,-12,16,6,-3,-15,3,25,11,-6,-32,-7
13,-14,-18,-14,-9,-9,-4,-19,-31,-7,9,-18
3,-1,20,23,8,-3,9,12,6,9,-22,4
-12,6,-2,12,9,-7,-4,13,-31,5,-8,3
4,23,-1,-13,3,14,-43,-9,21,7,9,-12
-13,31,16,-22,1,23,2,-21,0,16,19,-9
-1,37,-4,-4,16,19,-9,-23,-1,4,1,11
-9,7,8,-20,1,-1,2,11,13,8,25,12
11,43,39,-25,-31,28,-28,-35,18,26,45,19
2,35,20,-7,-23,39,-26,-19,21,37,15,15
13,66,32,-7,-38,48,-21,-11,5,32,33,22
20,44,33,-9,-14,47,-37,-15,16,24,50,39
1,61,41,-15,-13,45,-29,-21,28,32,65,46
28,51,44,-43,-4,50,-40,-22,22,34,41,50
16,79,50,-55,-12,71,-39,-26,18,58,64,57
13,64,46,-47,-3,49,-56,-20,11,51,68,46
38,86,48,-59,-10,72,-43,-43,4,46,63,51
21,95,55,-59,0,63,-51,-20,45,74,101,62
49,83,67,-57,4,79,-46,-84,18,56,78,41
49,93,70,-74,-13,84,-47,-25,25,72,83,73
40,126,86,-70,4,88,-49,-47,49,75,91,79
45,111,67,-75,-33,100,-69,-42,23,74,106,81
47,118,91,-88,-22,80,-81,-52,28,103,116,81
41,139,98,-87,-28,108,-83,-69,31,111,140,101
59,146,96,-109,-19,148,-75,-49,41,109,112,82
64,165,96,-113,-23,144,-93,-53,71,123,141,115
72,164,114,-113,-23,151,-101,-64,51,131,130,118
43,166,95,-113,-52,141,-91,-72,44,136,156,126
70,171,118,-118,-9,141,-98,-55,40,124,163,116
62,170,116,-138,-45,166,-132,-61,44,170,170,155
66,208,154,-124,-11,164,-120,-70,92,161,191,128
96,184,136,-145,-32,164,-146,-80,63,162,212,129
89,222,120,-137,-25,178,-121,-108,75,182,188,171
79,235,126,-159,-32,166,-130,-95,49,169,213,163
63,237,151,-162,-50,212,-127,-114,69,180,201,125
104,235,158,-132,-50,193,-131,-79,62,175,233,191
81,238,170,-188,-39,189,-136,-103,83,180,226,158
93,241,161,-185,-37,230,-130,-81,60,193,232,168
91,274,183,-174,-28,217,-137,-103,70,194,244,180
106,268,176,-187,-38,213,-158,-111,65,168,255,194
91,271,163,-187,-57,240,-152,-120,84,228,265,199
89,280,192,-193,-50,239,-166,-121,81,212,265,206
96,289,191,-187,-52,253,-168,-112,92,205,275,225
93,301,194,-220,-52,255,-169,-131,100,234,259,197
109,294,197,-205,-58,249,-174,-145,82,241,275,232
131,312,210,-219,-40,254,-176,-128,115,247,270,241
94,325,215,-207,-60,225,-163,-123,94,263,277,223
111,331,214,-208,-56,257,-164,-123,93,265,292,247
147,315,186,-223,-42,273,-191,-143,95,245,301,245
105,337,205,-234,-56,279,-205,-125,89,249,277,238
117,341,211,-238,-60,280,-190,-134,84,259,300,256
112,329,219,-235,-43,268,-185,-133,111,266,299,232
115,339,235,-212,-40,276,-196,-129,138,261,341,220
126,355,235,-263,-58,309,-211,-136,109,270,321,232
135,355,220,-240,-39,305,-186,-151,103,271,295,264
124,340,235,-240,-44,288,-209,-132,125,261,323,226
133,351,234,-233,-43,295,-207,-151,109,270,324,282
122,361,216,-266,-55,290,-224,-126,129,257,314,262
133,358,212,-223,-74,300,-180,-131,111,266,328,230
141,351,241,-254,-65,292,-197,-149,91,278,318,238
119,343,232,-248,-57,289,-180,-137,104,263,329,264
111,349,237,-225,-49,279,-185,-161,90,254,331,248
124,363,229,-246,-58,300,-187,-118,96,258,320,253
133,341,199,-249,-55,303,-202,-140,111,262,313,256
103,345,229,-222,-93,274,-179,-143,110,254,315,249
145,346,217,-243,-42,291,-188,-142,123,250,304,237
126,359,224,-217,-64,281,-195,-145,91,263,309,236
113,334,212,-227,-43,277,-186,-137,103,256,318,228
113,327,201,-243,-61,298,-188,-150,111,244,296,271
121,319,216,-228,-59,293,-190,-141,100,248,306,235
96,328,204,-243,-53,285,-163,-111,116,243,294,222
103,329,218,-237,-39,285,-165,-121,103,244,299,240
110,323,212,-221,-40,268,-161,-143,94,231,286,228
128,313,195,-206,-42,265,-150,-134,96,243,266,220
110,297,195,-195,-60,257,-163,-127,76,203,277,185
88,279,190,-200,-52,237,-163,-135,86,221,281,240
99,290,191,-194,-20,240,-174,-116,92,225,253,195
95,288,190,-206,-40,233,-157,-94,71,218,251,194
71,274,182,-204,-17,213,-153,-104,75,211,241,195
84,283,175,-192,-55,219,-160,-90,100,196,229,197
95,268,171,-176,-46,210,-137,-94,78,194,231,177
91,245,160,-156,-34,197,-109,-91,72,167,219,162
93,236,169,-155,-17,207,-130,-74,67,195,213,157
102,257,142,-161,-42,208,-121,-90,53,161,195,170
79,223,113,-161,-33,158,-111,-93,73,153,217,159
94,224,140,-144,-29,206,-114,-62,61,164,195,160
55,209,141,-155,-32,157,-100,-90,78,167,195,142
76,211,130,-126,-22,183,-106,-75,53,154,168,142
64,186,124,-119,-36,167,-91,-78,72,127,158,119
56,171,113,-119,-31,148,-85,-61,47,142,143,126
60,148,126,-110,-32,147,-113,-50,42,127,141,113
36,136,117,-124,-31,102,-87,-55,54,145,152,100
55,149,99,-123,-14,142,-108,-50,48,144,124,110
66,148,87,-100,-38,98,-96,-45,46,100,115,89
42,138,117,-88,-39,121,-67,-77,42,118,140,92
45,128,80,-58,-16,106,-61,-41,34,87,116,93
39,96,64,-87,-15,69,-49,-51,5,113,110,76
43,119,63,-81,-29,70,-40,-37,19,90,93,77
52,107,76,-78,-2,85,-54,-32,33,99,89,71
38,113,51,-69,-12,84,-81,-39,45,56,84,62
26,120,55,-41,-12,61,-33,-29,32,53,79,54
25,77,32,-53,-24,62,-44,-28,31,55,56,25
41,47,37,-57,-30,88,-50,-35,10,45,57,60
34,71,52,-67,22,52,-53,-42,15,34,64,51
7,62,46,-36,-3,39,-29,-16,11,45,62,25
29,41,40,-53,3,31,-17,-19,10,32,38,52
25,31,33,-22,-9,62,-21,-25,14,47,28,43
5,37,26,-54,-9,29,-4,1,20,12,26,28
-4,27,22,-34,-16,9,-18,13,22,6,31,14
9,12,6,-22,-12,17,-1,-2,-3,21,20,19
-7,25,0,-37,-13,24,6,11,6,11,11,-12
6,19,3,-11,-4,27,-7,-10,-3,4,5,23
15,9,-4,-9,3,-2,-19,-5,-5,4,15,17
11,22,7,24,-6,9,-6,-14,-11,7,3,-1
-16,22,-16,-8,6,15,8,7,23,-15,-4,-1
-3,-22,-2,13,10,30,-1,-16,8,-17,-13,-4
24,1,-2,-10,-8,-1,4,-21,14,6,-15,-16
8,-27,5,23,7,-9,-1,22,8,-10,-33,-4
-9,-31,-4,-7,8,-10,3,21,19,-15,-21,-22
-9,-33,-18,-3,16,-25,10,12,0,-14,-16,-7
-5,-10,14,7,-7,-29,22,1,2,-41,-20,-23
-28,-15,-20,33,-19,0,-1,26,-22,-20,-33,-8
-10,-41,-24,24,3,-17,-2,16,-14,-18,-18,-22
-18,-59,-5,26,5,-26,23,49,12,-3,-36,-28
-9,-30,-11,2,12,-51,12,20,12,-9,-38,-28
-6,-47,-24,37,-2,-38,23,24,2,-52,-34,-39
-4,-44,-23,25,-16,-27,18,5,-6,-43,-68,-23
-31,-29,-40,37,4,-35,13,12,17,-33,-55,-20
-18,-35,-5,37,20,-24,10,18,-1,-38,-43,-32
-28,-26,-48,27,9,-34,34,47,-28,-39,-30,-29
-4,-50,-37,37,0,-34,16,16,-21,-46,-27,-20
-7,-23,-22,46,-17,-55,20,5,-19,-30,-47,-38
1,-45,-38,46,-1,-34,23,40,-11,-46,-25,-32
-6,-40,-29,29,11,-36,43,37,-20,-49,-49,-30
-21,-49,-29,26,-6,-58,43,37,-13,-48,-24,-41
-28,-62,-46,45,19,-54,18,45,-8,-52,-40,-37
-34,-55,-38,31,0,-35,46,37,-25,-43,-45,-50
-15,-55,-43,24,0,-46,1,7,-13,-41,-41,-64
-17,-62,-32,49,9,-26,16,30,-45,-48,-58,-29
-31,-53,-40,60,10,-50,12,11,-4,-47,-34,-50
-17,-53,-37,34,9,-39,48,29,-24,-49,-44,-41
-33,-40,-47,61,5,-45,18,6,-15,-47,-54,-41
-10,-59,-43,34,-9,-36,20,11,-9,-62,-46,-45
-25,-47,-54,41,5,-41,32,30,-13,-48,-42,-52
-27,-79,-51,40,13,-47,31,21,-5,-30,-72,-51
-11,-43,-51,34,24,-34,35,42,1,-47,-53,-38
-11,-64,-36,21,0,-51,30,27,-8,-27,-49,-54
-18,-46,-38,45,23,-39,54,25,1,-39,-48,-35
-18,-67,-55,26,-8,-32,22,36,-33,-49,-72,-57
-28,-46,-41,39,22,-32,43,20,-10,-64,-67,-31
-5,-70,-57,48,11,-66,35,48,-26,-49,-76,-58
-12,-52,-35,17,12,-29,60,34,-28,-55,-65,-32
-8,-42,-18,38,12,-42,29,21,-4,-45,-55,-55
-12,-38,-32,55,13,-60,46,11,-17,-49,-40,-47
-27,-74,-41,25,27,-25,44,30,-13,-64,-48,-31
-9,-61,-34,50,11,-32,28,35,-10,-37,-29,-18
-17,-65,-46,43,3,-37,29,26,-7,-43,-39,-40
-31,-43,-42,41,13,-47,17,14,-20,-35,-41,-32
-18,-68,-31,42,0,-54,44,28,-14,-37,-47,-48
3,-53,-27,22,-30,-27,24,29,-11,-44,-62,-41
-10,-60,-31,28,-14,-52,28,38,-26,-47,-41,-31
-10,-67,-39,32,19,-37,28,8,-24,-52,-58,-22
-18,-46,-21,12,4,-58,17,15,-14,-29,-39,-28
-23,-38,-32,32,15,-25,25,25,-31,-50,-30,-23
-37,-75,-32,35,21,-50,55,-11,-24,-31,-46,-25
-26,-51,-29,28,17,-33,22,13,-31,-45,-43,-38
-37,-39,-37,39,14,-36,26,-1,-12,1,-42,-42
-28,-44,-52,23,-11,-27,27,24,-6,-44,-49,-28
8,-48,1,22,18,-50,35,16,-27,-43,-51,-33
-1,-40,-26,13,-21,-50,50,33,-11,-33,-58,-49
-37,-45,-36,10,7,-48,42,21,-34,-31,-44,-52
10,-44,-35,63,8,-48,33,41,-3,-46,-37,-34
-24,-59,-20,54,2,-7,11,12,-6,-56,-50,-36
-13,-46,-33,29,-8,-31,40,37,-27,-52,-42,-29
-2,-68,-23,46,9,-32,35,16,-13,-41,-45,-39
-8,-43,-36,33,24,-41,37,42,-23,-40,-51,-16
-20,-40,-34,37,-4,-12,35,21,8,-28,-52,-42
-17,-72,-25,49,8,-52,3,39,-12,-42,-62,-26
-13,-61,-40,27,-20,-39,40,41,-28,-26,-42,-40
-24,-55,-34,34,-10,-51,28,11,-23,-38,-43,-38
-41,-25,-28,31,-1,-20,29,36,-5,-36,-42,-54
-44,-49,-34,32,9,-48,21,9,-17,-41,-50,-48
-9,-59,-22,35,1,-40,31,18,17,-36,-29,-3
-15,-69,-35,29,16,-63,26,17,-9,-53,-60,-62
-21,-55,-39,19,-8,-38,15,16,7,-13,-38,-28
-3,-39,-47,16,20,-38,30,21,-29,-43,-43,-17
-13,-43,-35,39,11,-25,11,50,-8,-23,-39,-14
-23,-39,-12,50,23,-28,9,32,2,-17,-33,-37
-24,-42,-20,29,19,-20,36,18,-18,-27,-51,-53
-16,-51,-39,29,-2,-25,34,28,-1,-45,-46,-14
-21,-39,-40,24,-1,-39,23,28,-4,-16,0,-23
-21,-44,-36,46,-5,-51,7,7,-7,-48,-43,-35
-12,-37,-29,38,1,-34,28,21,-13,-30,-43,-35
-28,-41,-33,33,-11,-41,15,23,-25,-42,-32,-10
-20,-26,-20,37,17,-37,46,28,-10,-39,-4,-8
-14,-48,-20,46,6,-61,23,13,-13,-24,-45,-20
-29,-37,-38,37,7,-28,6,21,-8,-38,-42,-27
-4,-37,-17,32,0,-33,25,36,1,-44,-13,-33
-3,-56,-18,43,19,-33,25,27,-10,-39,-32,-29
-25,-29,-34,16,6,-25,28,1,5,-50,-40,-24
-2,-30,-47,38,-21,-20,11,45,-27,-31,-42,-5
-31,-37,-10,21,23,-24,39,25,-3,-17,-39,-15
-30,-39,-4,6,17,-31,26,31,-8,-10,-51,-18
-6,-35,-45,12,10,-28,17,25,-8,-28,-28,-42
-10,-43,-34,38,7,-23,15,27,-12,-21,-45,-21
-20,-48,-26,33,3,-33,13,13,-25,-23,-42,-25
-16,-50,-25,35,8,-31,45,16,-18,-26,-34,-35
-31,-31,-29,19,-12,-31,10,8,6,4,-23,-25
-15,-47,-35,17,2,-30,3,9,-15,-8,-43,-24
-16,-51,-12,50,15,-27,27,-5,5,-18,-30,-37
-13,-12,-13,26,18,-41,22,30,-9,-32,-44,-24
-2,-27,-24,21,12,-18,32,10,-11,-23,-57,-2
23,-42,-32,11,-7,-18,11,31,-18,-43,-45,-8
-10,-58,-37,18,5,-43,2,-12,9,-33,-26,-18
3,-47,-9,9,-3,-37,19,10,-19,-13,-28,-26
0,-46,-16,43,-15,-47,30,18,-6,-16,-25,-26
-15,-45,-25,28,10,-25,19,-3,23,-17,-25,-7
-3,-27,-21,36,8,-7,25,20,12,-17,-36,-1
-29,-48,-11,9,-20,-31,24,-18,-2,-12,-35,-24
-10,-45,-20,37,14,-20,9,16,-25,-33,-8,-30
-10,-20,-29,23,-8,-20,21,11,-18,-24,-49,-4
-2,-18,-50,17,9,-35,3,7,-3,-20,-32,-26
-16,-45,-6,19,-1,-16,35,15,-5,-21,-46,-4
0,-39,-15,24,0,-40,0,-8,-17,-24,-13,-33
-25,-45,-38,10,-4,-15,1,-5,-7,-5,-45,-27
2,-34,-7,15,13,-12,5,13,-24,-35,-16,-7
-7,-31,-24,14,-1,-16,7,-13,-21,-20,-32,-14
-1,-17,-13,21,-6,-27,5,-4,-1,-28,-22,-18
-6,-18,-29,24,-2,3,13,24,2,-34,-27,-3
9,-12,-15,15,-4,-20,0,23,-2,-34,-31,-14
0,-21,-13,2,-2,3,11,41,-7,-8,-1,-20
-12,-6,-5,11,12,-13,-12,25,4,-50,-23,-8
14,-16,-2,21,19,3,6,16,-10,6,0,-27
-17,-18,-13,17,-10,3,30,-4,5,17,-24,2
-3,-11,3,31,21,-28,17,2,-6,-10,0,-16
5,-25,-23,-11,-2,-12,-17,-5,-4,-5,-18,-4
6,-6,20,13,-11,-13,-10,-7,4,-7,-39,-22
2,-22,17,-9,29,26,-1,9,10,6,-10,11
-6,6,6,-3,-12,10,-8,-7,13,26,-6,11
15,13,14,-3,16,-9,-12,-7,-13,8,19,-2
9,13,7,-12,1,23,-5,-22,-2,-10,13,10
-11,12,29,-12,2,-5,-5,10,9,-14,17,32
11,29,28,-12,9,36,-17,-17,5,1,24,8
-14,23,3,-28,13,15,-13,-1,2,22,16,16
18,29,2,-36,-3,11,-36,-13,-8,4,35,32
32,32,13,-41,-10,45,-19,-14,8,31,32,34
13,40,27,-28,-5,40,-47,-20,-2,36,43,26
23,59,19,-27,-18,34,-9,-25,10,66,53,44
38,62,14,-46,-21,60,-44,-18,37,43,61,40
23,64,49,-54,5,62,-22,-19,4,41,69,59
29,63,50,-58,-8,76,-38,-25,2,34,67,45
36,74,23,-61,-2,68,-39,-29,19,56,92,42
47,97,60,-66,-24,81,-54,-25,49,65,73,50
34,108,56,-75,-19,87,-51,-38,31,82,76,94
41,112,46,-58,-13,104,-76,-45,42,74,89,66
34,112,100,-97,-37,90,-52,-47,54,90,123,74
37,146,77,-88,3,100,-64,-43,72,98,103,92
44,135,89,-110,-19,107,-79,-62,38,111,111,71
47,145,102,-98,-12,129,-94,-63,60,96,129,94
50,149,98,-114,-29,134,-78,-42,27,124,139,113
71,158,108,-124,-40,150,-95,-67,33,129,132,128
60,199,127,-126,-42,141,-79,-70,53,136,163,106
76,184,98,-103,-27,150,-70,-73,33,140,139,143
76,164,124,-126,-30,161,-107,-60,45,150,190,116
63,186,128,-125,-52,161,-81,-90,65,148,167,152
76,180,138,-138,-42,123,-105,-79,41,145,199,163
74,211,119,-126,-26,169,-128,-73,66,149,162,132
74,206,135,-156,-46,180,-114,-73,63,172,188,149
77,223,135,-158,-22,207,-114,-102,59,196,215,175
73,206,159,-168,-59,165,-111,-107,71,170,202,156
87,248,151,-144,-47,180,-128,-97,86,167,195,161
114,223,144,-167,-43,204,-152,-109,57,170,209,167
64,245,162,-177,-28,185,-123,-86,81,196,222,188
76,250,142,-150,-52,194,-138,-113,80,194,232,163
102,255,169,-150,-39,196,-114,-107,83,177,221,184
78,245,146,-151,-22,210,-152,-102,84,186,204,166
71,239,154,-184,-53,199,-152,-88,75,186,206,175
77,254,171,-175,-39,219,-123,-105,65,176,186,179
96,235,161,-176,-44,204,-135,-103,60,178,237,198
120,262,162,-164,-43,193,-142,-96,75,185,220,168
82,241,157,-178,-9,206,-143,-105,61,169,228,189
91,207,148,-183,-51,183,-135,-113,82,171,192,166
81,235,159,-149,-34,198,-124,-99,71,205,214,164
73,232,152,-154,-42,199,-137,-91,43,161,212,174
66,234,140,-154,-38,196,-115,-86,73,170,191,175
40,213,125,-160,-38,188,-111,-75,78,160,214,155
71,221,136,-142,-21,180,-107,-82,63,182,183,150
70,210,128,-123,-21,165,-118,-79,70,142,179,149
77,208,130,-135,-32,149,-106,-91,54,149,181,159
65,187,117,-137,-36,150,-90,-81,52,130,198,135
54,157,113,-127,-15,145,-93,-62,69,131,161,142
69,172,99,-126,-40,135,-96,-89,61,135,162,112
80,152,103,-103,-43,114,-66,-77,56,132,133,125
53,168,96,-113,-7,131,-99,-48,29,110,135,107
39,134,103,-78,-15,123,-89,-55,41,125,147,75
53,131,87,-85,-20,106,-84,-65,58,85,109,101
31,142,93,-99,-7,135,-87,-66,33,79,112,102
60,125,73,-61,-14,78,-67,-50,24,61,102,79
42,117,75,-68,-17,97,-68,-41,26,74,92,74
21,102,66,-68,2,83,-70,-50,41,73,108,78
18,90,56,-89,-8,72,-55,-42,13,61,87,59
12,88,61,-59,-31,88,-52,-24,20,71,84,67
21,81,57,-46,-6,74,-56,-29,29,73,66,68
17,85,49,-51,-13,58,-58,-23,25,54,45,39
30,70,42,-47,-23,56,-54,-31,-3,62,57,38
17,64,33,-34,-20,46,-40,-12,19,47,46,41
34,60,33,-40,1,45,-15,-19,9,43,53,29
27,56,41,-40,-19,26,-13,4,6,17,9,23
20,51,16,-20,0,38,-17,-8,11,16,49,44
-2,48,36,-8,-6,53,-14,-4,2,18,34,8
0,29,20,-37,-13,29,-23,0,30,31,14,31
25,22,0,-26,17,-6,-18,2,21,28,29,8
-10,43,25,-20,8,5,-10,-15,5,24,24,26
13,21,-9,-2,4,25,-5,-2,1,16,6,14
-3,-2,14,-7,-4,13,-19,-10,-8,32,19,21
12,1,-2,4,32,27,-17,-1,2,-19,5,1
0,7,17,-1,0,14,-12,-19,9,-4,2,-7
-29,-4,-5,-4,-8,-12,-20,10,-8,-14,0,-1
-19,9,10,-14,8,0,-29,6,10,11,-26,13
8,18,8,-2,-1,10,14,13,6,11,21,-18
-12,4,11,13,11,1,1,-10,-8,0,8,-4
-13,-12,17,-7,22,-19,13,-14,-10,-17,-3,7
-2,-16,-20,25,21,-6,12,-14,-1,-4,-12,10
-3,-15,0,18,21,10,3,17,2,-15,-26,-11
5,-29,-11,21,-16,-33,18,6,0,-20,4,-32
-3,-19,-23,23,0,-13,-2,19,-23,-1,-13,5
-4,-10,-20,22,-8,-27,11,-3,-4,-10,-7,-41
-13,-29,-21,6,-13,-18,18,32,-22,-15,-22,-24
-20,-49,0,35,-4,-25,12,17,-4,-39,-30,-17
-21,-42,-26,6,24,-26,16,38,-11,-40,-32,-32
-26,-44,-53,16,7,-47,29,31,-15,-29,-59,-68
-34,-77,-62,59,7,-42,26,16,-17,-37,-54,-35
-3,-65,-33,67,13,-59,31,18,-39,-62,-63,-67
-26,-76,-53,58,15,-74,49,14,-15,-51,-63,-58
-39,-85,-52,70,39,-80,57,23,-27,-82,-57,-72
-41,-114,-51,70,18,-60,44,40,-33,-75,-101,-75
-39,-117,-82,83,1,-107,86,42,-33,-91,-122,-77
-19,-144,-72,83,12,-102,68,60,-34,-127,-114,-83
-84,-166,-96,106,36,-123,102,49,-26,-150,-146,-90
-43,-149,-106,119,-2,-131,92,68,-70,-112,-150,-122
-68,-160,-123,120,31,-170,102,68,-60,-131,-146,-130
-39,-175,-113,108,18,-149,101,83,-77,-142,-161,-123
-68,-174,-114,118,32,-154,105,52,-72,-146,-172,-117
-57,-160,-105,118,37,-120,107,74,-66,-124,-168,-113
-58,-148,-123,113,24,-131,88,72,-75,-113,-109,-97
-61,-144,-103,91,14,-125,55,46,-34,-93,-145,-97
-33,-110,-59,91,20,-90,57,44,-33,-88,-114,-50
-19,-52,-13,40,7,-47,34,22,-26,-64,-65,-44
-18,-11,-36,-11,0,-24,-12,-16,5,-2,3,-15
3,46,40,-32,-23,57,-33,-45,23,59,64,49
37,128,76,-79,-24,109,-87,-54,37,82,123,87
59,206,110,-140,-29,182,-119,-76,59,134,184,140
76,284,190,-196,-74,227,-157,-133,88,218,252,194
123,383,237,-243,-79,311,-219,-159,138,282,329,259
153,466,281,-310,-71,386,-244,-198,124,360,422,328
184,572,356,-379,-98,459,-320,-223,183,432,485,374
227,673,446,-466,-107,557,-382,-259,212,523,570,482
259,736,490,-522,-110,636,-423,-281,218,547,670,525
284,849,551,-579,-112,689,-457,-349,247,636,747,592
335,880,592,-626,-127,765,-513,-349,280,688,827,621
333,965,646,-678,-156,787,-533,-366,307,753,880,684
377,1025,659,-705,-132,854,-551,-413,315,753,912,705
355,1035,691,-696,-160,855,-558,-412,313,775,936,722
367,1062,669,-709,-145,868,-565,-407,303,776,937,749
336,1039,670,-690,-160,847,-576,-409,313,784,925,725
335,991,653,-662,-147,825,-538,-418,288,722,888,696
337,944,596,-617,-134,781,-509,-366,300,693,830,662
304,847,572,-581,-135,705,-484,-341,261,634,762,609
254,779,494,-541,-127,629,-423,-306,232,557,681,527
241,644,439,-443,-96,566,-351,-244,178,497,617,474
185,574,381,-375,-82,469,-314,-243,152,416,502,412
146,470,318,-309,-71,381,-265,-194,135,339,421,320
132,352,237,-240,-63,329,-195,-141,117,257,333,261
106,233,171,-180,-35,213,-143,-78,85,200,203,189
58,149,88,-125,-32,157,-83,-76,42,123,170,107
22,75,59,-56,-10,72,-43,-47,43,69,57,54
8,7,3,-20,12,10,-14,-5,-2,6,13,15
0,-66,-47,59,6,-70,39,29,-23,-35,-57,-59
-35,-124,-97,76,16,-107,57,51,-43,-78,-100,-88
-45,-156,-102,111,34,-119,90,73,-39,-121,-170,-106
-65,-175,-109,136,22,-147,117,88,-47,-150,-191,-151
-97,-226,-169,149,37,-169,125,105,-49,-154,-196,-154
-71,-214,-164,160,26,-196,121,103,-78,-186,-213,-159
-92,-206,-149,142,51,-185,140,102,-69,-168,-214,-163
-72,-246,-143,159,59,-199,119,98,-87,-158,-213,-143
-84,-245,-153,169,45,-188,128,82,-71,-171,-186,-179
-63,-226,-135,172,36,-172,98,107,-56,-155,-195,-152
-56,-174,-134,117,38,-164,113,68,-52,-134,-171,-131
-82,-164,-125,117,23,-152,96,75,-48,-152,-162,-86
-56,-142,-89,85,25,-105,85,88,-54,-114,-144,-132
-23,-119,-106,74,15,-109,74,43,-44,-97,-123,-104
-31,-106,-56,62,38,-99,55,49,-10,-86,-99,-68
-30,-92,-45,67,12,-79,39,37,-14,-50,-78,-70
-36,-66,-36,35,-23,-70,56,33,-9,-48,-57,-39
-16,-67,-39,30,7,-35,39,13,-27,-50,-38,-23
-1,-49,-27,28,-23,-46,40,18,10,-41,-29,-27
-16,-22,0,34,12,-42,45,-11,4,-7,-32,10
-4,-11,-11,23,2,-11,25,-31,3,-4,-8,3
-15,-7,13,3,18,-12,-6,-2,4,-17,-23,-9
-17,-1,-18,14,16,-19,-30,12,1,-5,-2,-13
-4,18,6,-5,0,-4,-2,0,16,-6,6,-8
2,13,-9,-14,1,1,-8,6,28,4,1,3
7,-5,-2,-37,-5,2,-12,-6,-6,24,34,12
9,18,1,3,-13,11,-34,-2,4,16,23,20
15,12,12,-6,-19,1,-16,-22,-6,11,12,26
20,10,39,-5,2,6,-14,14,13,10,26,7
26,25,-9,-14,-20,17,-23,-2,15,26,37,10
10,35,25,-9,-25,15,-34,-1,-19,24,12,15
-8,40,10,-19,0,18,-23,-4,18,23,29,15
29,43,39,-26,-4,15,-21,-8,-13,25,3,6
-14,27,17,-18,4,25,-24,-9,11,38,31,13
18,40,32,-7,2,46,-11,-33,10,14,35,20
16,41,43,-21,-3,40,-25,12,15,43,11,41
29,17,-5,-28,-20,14,-7,-14,14,33,31,16
28,47,37,-38,-5,27,-6,11,7,12,17,33
21,53,4,-45,12,43,-18,-17,2,13,43,23
23,32,11,-9,-16,28,-18,-24,22,14,35,33
24,56,32,-23,-24,45,-34,0,13,37,29,46
11,50,34,-31,-29,36,-4,-35,19,38,30,53
48,25,29,-30,-15,29,-40,-19,10,52,54,45
9,56,29,-62,-12,23,-45,-11,33,12,54,55
20,80,52,-47,12,46,-19,-22,0,53,57,34
4,66,50,-36,-10,63,-33,-21,33,62,66,45
15,74,45,-18,-8,39,-29,-22,8,68,56,57
20,53,68,-44,7,67,-51,-28,28,74,89,47
7,102,45,-35,-24,57,-24,-32,35,48,68,57
15,69,55,-43,6,74,-45,-31,41,58,79,42
24,120,38,-48,-24,75,-59,-27,16,47,65,54
3,97,50,-55,-22,84,-57,-31,27,67,70,56
42,94,55,-61,-10,89,-65,-16,20,76,95,59
26,112,63,-56,1,95,-64,-14,33,87,103,63
32,87,68,-72,-15,93,-68,-45,42,95,89,82
53,69,52,-91,3,83,-47,-47,21,81,102,64
66,96,43,-70,-20,92,-64,-76,64,118,104,82
34,112,72,-66,-7,109,-60,-40,41,91,117,69
42,107,94,-84,-7,123,-61,-60,38,113,116,88
60,144,81,-74,-24,112,-90,-50,38,96,99,90
40,138,68,-76,-14,120,-60,-44,31,97,112,109
48,124,91,-84,-31,121,-90,-50,36,100,142,108
80,140,120,-78,-43,127,-86,-79,53,123,154,83
59,138,90,-125,-30,120,-104,-74,62,104,153,125
64,148,107,-101,-30,150,-99,-57,49,126,146,123
68,157,98,-115,-13,128,-86,-54,65,122,160,104
60,173,121,-134,-23,132,-98,-74,52,144,184,113
72,198,122,-130,-28,152,-108,-85,48,122,165,119
74,189,121,-127,-36,175,-105,-77,45,150,169,159
69,205,147,-158,-27,177,-108,-77,66,148,183,157
57,198,119,-125,-28,179,-129,-69,71,150,188,159
84,226,139,-129,-16,186,-124,-96,53,172,194,164
90,233,153,-148,-49,161,-138,-88,63,176,232,150
84,250,161,-168,-27,187,-130,-79,80,190,213,175
86,261,151,-163,-33,210,-142,-69,89,180,221,163
88,245,161,-172,-49,214,-138,-99,85,193,225,185
85,263,164,-189,-24,213,-145,-82,80,200,231,193
122,269,176,-182,-52,219,-154,-124,66,192,249,183
86,274,188,-210,-39,253,-135,-101,82,210,252,213
87,291,182,-181,-29,231,-152,-106,89,220,250,208
94,278,193,-190,-47,236,-164,-117,98,235,254,227
123,306,180,-206,-50,248,-153,-136,101,254,283,193
115,305,194,-221,-49,252,-186,-114,91,212,264,198
88,337,208,-235,-45,265,-205,-124,70,253,289,248
125,308,206,-214,-37,270,-203,-124,87,248,275,219
116,320,214,-210,-44,271,-185,-151,112,236,292,247
120,357,226,-241,-41,295,-195,-138,78,268,302,230
119,356,231,-215,-71,296,-187,-140,106,244,325,256
135,355,232,-261,-60,310,-187,-118,128,266,321,242
115,358,253,-255,-53,283,-208,-136,114,295,330,240
123,366,258,-236,-49,317,-209,-151,110,270,340,276
139,374,257,-262,-66,325,-221,-142,110,263,350,258
138,398,260,-257,-83,322,-203,-141,121,288,363,266
139,390,266,-274,-60,339,-197,-163,107,286,362,275
148,397,248,-271,-69,323,-230,-155,118,298,377,262
148,402,270,-280,-76,326,-239,-174,108,310,362,280
139,428,252,-267,-45,327,-247,-188,117,302,345,282
131,421,278,-274,-58,342,-203,-168,139,300,384,312
138,406,274,-291,-54,338,-233,-176,146,313,376,289
162,434,266,-286,-49,357,-217,-152,125,320,409,298
168,434,276,-274,-73,345,-233,-179,107,318,379,301
175,436,297,-302,-59,365,-244,-165,117,320,394,296
169,436,283,-299,-44,368,-253,-171,122,321,397,287
134,445,293,-297,-55,358,-227,-175,131,329,384,296
162,439,300,-294,-69,359,-219,-171,139,305,367,317
168,445,271,-298,-61,366,-223,-162,111,324,389,310
158,469,290,-307,-52,378,-229,-184,140,319,374,314
162,442,273,-282,-51,391,-242,-182,132,333,379,312
141,422,281,-306,-51,338,-227,-164,148,336,368,319
159,411,276,-266,-59,364,-241,-173,104,336,408,280
158,436,282,-270,-82,372,-238,-176,149,335,403,311
164,433,264,-282,-52,356,-242,-190,124,328,359,305
139,424,264,-271,-59,338,-234,-159,94,300,390,306
137,422,294,-284,-50,338,-226,-175,127,309,400,287
138,417,265,-294,-64,328,-231,-204,128,312,360,319
134,430,276,-282,-60,336,-210,-142,135,312,363,285
162,396,252,-283,-39,335,-235,-174,120,303,361,291
136,409,272,-266,-78,346,-234,-151,116,286,364,292
131,409,263,-273,-80,343,-228,-158,132,298,365,270
120,383,256,-255,-53,350,-213,-153,111,293,341,310
124,372,236,-254,-52,301,-210,-178,109,279,336,261
120,400,238,-271,-50,306,-201,-156,100,285,341,271
149,382,249,-251,-48,318,-198,-183,93,278,332,260
119,359,231,-257,-52,288,-197,-135,87,273,310,254
136,367,233,-253,-65,303,-181,-151,125,274,307,260
121,344,214,-245,-35,309,-207,-139,96,278,299,241
106,350,229,-240,-63,276,-184,-146,106,235,318,251
129,326,217,-220,-60,287,-174,-140,102,259,285,222
105,315,218,-218,-43,273,-182,-128,111,256,300,251
105,323,205,-215,-66,283,-174,-127,85,234,268,228
93,310,197,-205,-32,274,-181,-145,93,248,268,228
100,306,195,-199,-48,244,-148,-127,99,212,278,237
105,298,192,-215,-57,264,-157,-132,85,213,287,199
91,305,190,-204,-45,238,-154,-96,70,210,270,207
103,268,184,-194,-69,228,-146,-100,76,194,259,198
89,277,171,-186,-29,219,-150,-116,83,187,242,170
98,246,162,-177,-44,231,-147,-120,64,201,240,194
71,270,159,-164,-28,197,-146,-85,75,184,218,175
95,250,170,-173,-38,191,-155,-98,99,174,250,176
80,243,144,-150,-7,203,-130,-98,70,154,209,172
93,249,136,-168,-31,192,-128,-98,66,157,205,175
82,213,149,-142,-34,198,-111,-73,55,149,212,146
96,225,112,-145,-34,148,-115,-60,87,148,179,151
64,200,137,-137,-34,198,-113,-68,64,150,199,141
52,188,119,-127,-17,161,-99,-65,54,125,197,137
62,212,125,-136,-50,168,-95,-72,46,149,160,142
67,188,91,-115,-35,160,-103,-77,58,135,167,127
65,162,112,-108,-21,144,-114,-67,54,142,175,124
44,179,97,-118,-29,147,-90,-65,42,111,148,106
42,143,93,-102,-43,126,-84,-72,45,100,132,113
49,160,103,-108,-8,129,-53,-65,51,96,149,85
72,136,83,-95,-30,113,-106,-84,40,120,127,97
60,132,78,-102,-47,118,-62,-57,34,108,119,96
22,124,79,-94,-28,105,-44,-66,38,101,96,79
43,94,104,-78,7,93,-65,-51,16,77,116,81
53,112,66,-73,6,96,-62,-30,43,81,108,83
45,111,73,-77,-40,87,-50,-38,47,70,83,85
38,85,93,-67,-11,77,-49,-29,12,66,111,66
32,87,99,-75,-18,104,-53,-17,25,59,102,67
53,94,64,-53,-40,65,-37,-24,18,87,97,75
33,108,74,-87,-14,63,-68,-42,34,88,81,52
17,95,74,-40,-16,57,-35,-40,48,81,71,48
36,76,41,-73,-5,63,-52,-20,26,73,73,49
22,75,53,-38,-19,47,-43,-42,27,65,76,50
37,57,47,-32,-16,36,-22,-31,5,64,62,60
31,68,64,-53,-3,52,-64,-22,25,59,84,46
13,83,34,-34,6,54,-32,-38,1,62,52,65
48,47,26,-52,-6,19,-34,-20,16,35,50,66
11,66,19,-10,0,67,-5,-26,0,42,70,30
30,49,45,-49,-5,63,-29,-45,-1,36,63,37
6,71,26,-43,-2,55,-24,-32,5,33,53,24
34,36,23,-43,-2,25,-27,-40,23,38,55,42
19,60,29,-30,2,51,-31,-21,13,32,23,12
24,34,36,-60,16,38,-20,-33,15,29,45,22
43,43,36,-20,-16,53,-19,-31,-8,25,31,41
9,35,32,-28,14,56,-12,-30,0,26,30,27
20,36,25,-61,2,41,-22,-9,19,23,39,40
26,43,11,-26,10,46,-20,-17,28,38,45,29
19,49,18,-37,-26,14,-22,-9,5,50,37,27
6,35,25,-53,25,24,-16,-30,34,40,18,16
8,32,16,-14,4,11,-30,-50,-11,22,16,28
11,26,21,-21,-5,8,-19,-14,-9,38,17,43
14,42,23,-28,7,25,-27,-14,31,41,29,37
11,20,19,-14,-13,35,-15,4,5,32,25,18
18,21,27,-14,17,28,-7,-19,3,40,22,25
10,10,-8,-29,-10,29,0,-16,29,16,31,37
24,32,8,-26,-12,18,-44,-24,27,16,14,-2
-11,15,12,-17,-12,23,-11,13,-1,1,55,8
-16,-5,-1,-12,-2,21,-26,5,-12,6,-8,32
-11,5,19,-31,5,-3,-15,-23,-1,22,44,12
5,31,8,-1,-11,12,0,-10,-14,-15,21,10
3,32,11,0,15,5,-12,-14,25,17,26,6
3,34,23,-24,-5,-1,-31,-10,15,4,2,27
0,22,8,-30,0,23,-33,6,6,21,22,20
7,10,19,-6,11,22,1,-21,11,6,20,36
7,10,23,-13,1,18,-15,-5,16,23,20,25
17,29,21,-19,-7,25,-26,4,25,29,37,19
7,30,-2,-16,4,22,-10,-32,28,18,28,23
-3,20,4,-6,-2,49,-4,-13,19,3,5,30
-2,9,27,-4,7,26,-17,-8,29,32,8,29
9,28,12,-6,2,14,-7,-13,13,10,26,6
18,36,21,-35,-7,9,-17,14,16,44,29,15
8,9,26,-12,-28,24,-1,7,4,17,36,7
7,22,-16,-29,-15,29,-4,7,0,34,22,32
-10,36,21,-3,-11,21,-26,-6,-1,36,17,7
-3,5,11,-24,5,36,-23,-13,19,11,27,26
-1,19,11,-2,0,10,-27,-4,11,9,-4,23
29,26,18,-16,-1,23,-1,-8,31,10,18,30
14,37,19,-23,-12,17,-19,-6,9,23,5,19
2,26,19,-39,7,17,5,-15,-7,35,4,19
-1,11,-2,-15,1,20,-4,-6,10,29,20,12
-2,9,0,-7,-32,18,-13,-8,-6,11,15,6
27,25,9,-13,-15,26,-52,-16,24,13,16,30
7,18,20,-11,-5,43,-25,-25,33,17,9,21
10,18,0,-12,7,23,-4,-4,29,22,17,-13
24,24,24,-22,-8,4,-17,16,4,9,13,29
27,50,5,-23,-8,40,-9,-15,31,4,47,26
10,9,9,-28,1,39,-11,-32,12,7,23,-1
1,33,31,3,-15,24,-19,4,6,-6,24,-4
-6,28,22,-19,-3,26,-18,1,29,29,16,21
17,0,0,-35,-3,23,-11,1,9,10,22,20
8,35,20,-14,1,7,-20,-16,4,36,31,40
8,20,27,-24,6,5,-22,-14,-3,27,32,12
23,22,8,-7,-10,20,-16,-13,12,3,26,15
30,34,23,-40,6,5,-15,-14,11,34,31,25
3,37,34,-21,-6,29,-25,0,16,42,38,37
4,31,19,-8,-6,14,-9,-10,32,12,43,13
18,15,22,-17,-18,17,-35,-4,10,26,42,17
-8,37,6,7,2,32,4,-4,14,44,23,32
8,38,27,-29,-16,47,-16,-12,13,22,27,15
19,16,30,-15,6,10,-24,-25,13,36,27,36
6,32,16,-26,-21,14,-7,-13,-12,21,26,25
5,28,6,-16,-1,29,-15,9,7,29,40,27
-8,28,37,-27,-2,28,-6,2,4,21,23,15
10,32,8,-22,1,50,-12,-20,8,27,41,16
11,7,18,-12,-11,37,-21,-8,-32,34,42,6
6,35,43,-38,-14,30,-23,-10,1,1,24,19
16,31,7,-20,-22,15,-30,-22,9,14,19,6
26,19,39,-21,2,33,-17,-7,21,20,16,13
12,38,13,-15,13,8,-30,-15,-12,26,32,20
-1,41,11,-25,-2,13,-5,3,-11,26,10,11
20,32,26,-19,-23,35,-34,-25,-7,16,37,27
16,31,33,-43,-17,21,-13,-22,11,11,29,6
34,17,28,-28,-6,34,-3,-20,28,25,20,24
-8,46,25,-31,32,44,3,-18,11,39,32,41
0,34,34,-29,-19,47,-19,-29,16,7,9,48
12,36,19,-37,26,9,-28,-9,-4,22,32,26
30,43,30,-32,13,18,-27,-3,20,27,40,9
21,49,13,-11,-9,23,-17,-3,-16,42,22,33
9,41,1,-12,-18,12,-14,-5,3,29,31,30
8,44,15,-33,-13,18,-25,-3,29,32,16,16
29,33,33,10,-1,20,-7,-54,-11,19,35,6
42,33,19,-28,-7,35,-25,-3,6,39,33,30
10,30,19,-48,8,33,-5,-18,34,21,20,37
37,35,26,-35,-13,35,-1,-16,27,37,34,32
5,43,14,-40,0,20,-4,-27,19,31,37,32
29,33,6,-35,8,42,-14,-12,2,19,31,20
4,27,27,-41,18,28,-16,-21,5,40,26,8
5,30,29,-20,-7,17,-30,-11,-2,21,29,44
17,47,7,-14,3,25,-7,-14,18,46,13,44
7,47,29,-5,16,31,-7,-6,-16,17,24,23
16,36,21,-28,-15,74,-31,-10,4,10,28,42
27,22,14,1,-6,28,-30,8,16,26,15,18
11,19,22,-13,-31,4,-20,-3,13,33,40,15
3,29,29,-36,-5,31,-6,-18,17,19,44,7
15,51,43,-34,-25,28,3,-18,24,25,18,28
11,27,26,-26,2,52,-13,3,19,29,14,21
17,43,18,-16,-14,39,-49,-22,3,29,46,41
1,39,5,-29,6,35,-18,-13,13,29,39,29
8,46,58,-44,-12,31,-29,-19,0,31,13,42
17,46,17,-32,-8,29,-19,-3,-2,36,49,15
30,24,34,-29,-11,27,-38,-28,-3,48,52,27
34,46,55,-39,-13,27,-32,-39,9,31,42,28
34,37,55,-35,-14,36,-48,-36,6,32,51,32
10,42,13,-37,2,19,-31,-35,34,41,43,36
14,52,35,-52,-22,45,3,-31,25,50,60,28
22,45,27,-46,11,63,-24,-26,22,45,53,25
52,92,26,-59,3,51,-15,-18,12,45,50,53
24,54,19,-19,2,27,-39,-39,12,49,75,27
17,72,63,-47,-19,53,-63,-8,22,36,74,43
43,71,54,-52,6,43,-37,-36,34,60,57,65
50,45,20,-23,0,60,-58,-24,24,49,53,56
12,67,34,-38,-28,42,-60,-25,31,49,58,55
13,87,43,-71,-27,60,-48,-15,10,67,47,60
25,75,63,-47,-14,67,-38,-49,27,59,60,61
7,81,45,-50,-28,78,-62,-29,36,60,99,42
46,96,58,-53,-20,66,-38,-29,29,68,83,40
26,88,80,-43,-5,71,-43,-34,27,70,79,72
43,86,79,-71,-22,67,-71,-38,19,63,98,80
9,107,113,-76,-20,87,-56,-31,29,76,81,71
37,109,69,-96,-10,73,-67,-35,22,113,113,90
42,116,67,-79,-14,113,-68,-54,19,95,129,62
40,102,86,-95,-19,110,-75,-47,40,96,98,88
50,144,96,-98,-34,118,-77,-63,35,108,100,101
67,150,70,-84,-21,111,-89,-68,48,118,144,110
74,131,122,-110,-23,120,-73,-55,56,109,128,108
49,181,109,-112,-22,138,-75,-62,35,123,142,106
65,139,93,-105,-12,138,-93,-50,43,126,166,110
64,172,122,-97,-22,168,-107,-76,22,120,184,139
76,180,138,-121,-55,178,-76,-63,65,154,162,116
57,203,118,-126,-39,151,-109,-71,61,145,182,159
77,207,132,-149,-28,164,-139,-79,49,142,169,135
62,195,132,-152,-28,186,-107,-109,57,146,168,155
70,216,139,-146,-52,189,-139,-82,72,134,199,165
92,232,143,-169,-27,178,-113,-98,61,175,194,162
85,248,164,-150,-23,190,-134,-104,79,174,222,183
72,244,172,-183,-50,209,-152,-95,78,156,214,151
83,256,153,-169,-40,190,-127,-118,84,202,216,165
91,260,179,-177,-43,214,-131,-104,71,185,234,160
77,273,174,-166,-45,219,-162,-117,76,201,233,181
119,262,159,-175,-57,219,-141,-100,82,196,231,175
101,276,183,-187,-37,209,-162,-112,88,199,249,185
97,285,185,-201,-50,225,-135,-142,97,207,256,199
101,279,172,-208,-53,224,-168,-120,86,214,256,214
90,266,191,-193,-39,251,-155,-139,85,213,265,193
88,288,192,-208,-44,220,-153,-115,97,215,272,202
103,290,207,-184,-29,225,-148,-106,84,236,276,194
80,284,198,-188,-57,258,-162,-124,105,233,283,216
106,290,222,-214,-54,250,-163,-116,97,231,275,192
111,282,189,-187,-57,232,-146,-118,88,224,283,194
99,299,181,-204,-40,256,-177,-119,66,233,262,210
111,304,177,-171,-69,259,-157,-112,103,228,267,207
115,304,181,-186,-62,262,-164,-132,111,207,292,213
110,300,201,-199,-40,253,-167,-111,66,228,262,217
119,284,184,-190,-49,244,-154,-107,84,217,245,183
104,289,183,-184,-54,221,-177,-113,92,203,246,204
87,292,165,-184,-24,238,-167,-123,96,213,253,204
107,277,192,-191,-42,246,-127,-134,94,201,246,172
71,262,183,-152,-70,227,-153,-103,70,202,251,193
97,249,151,-193,-43,235,-138,-121,86,186,224,169
70,244,187,-155,-28,213,-161,-92,100,175,240,181
71,255,190,-162,-41,204,-140,-100,69,168,213,192
73,244,157,-183,-51,182,-141,-92,59,176,236,172
65,245,119,-150,-50,176,-141,-103,87,180,196,164
85,234,144,-165,-12,204,-119,-75,88,157,207,140
71,211,127,-123,-37,158,-107,-79,32,158,185,139
71,207,141,-178,-35,181,-116,-88,70,155,196,126
69,166,121,-118,-43,163,-116,-90,56,119,178,129
66,185,133,-157,-44,152,-118,-47,57,151,179,146
39,182,134,-125,-30,148,-96,-72,62,143,156,119
49,180,111,-102,-18,149,-93,-72,25,117,154,126
40,158,99,-114,-23,126,-101,-70,40,137,145,102
54,144,89,-105,-37,117,-87,-62,55,122,121,116
27,146,107,-87,-14,115,-60,-63,39,87,102,104
55,127,97,-97,-4,112,-68,-64,20,111,121,96
42,129,90,-76,-24,120,-59,-62,48,109,123,96
58,135,95,-69,-28,120,-75,-60,49,77,131,87
29,138,69,-80,-33,100,-74,-37,42,95,95,80
24,123,74,-75,-5,109,-66,-67,23,79,86,84
32,118,49,-77,-9,69,-42,-30,44,78,77,70
50,105,68,-76,-19,90,-36,-49,5,85,79,83
39,92,40,-68,0,76,-53,-55,18,63,65,64
30,111,76,-62,-39,63,-30,-47,26,49,72,62
11,92,45,-67,-6,69,-14,-20,22,54,75,51
19,71,47,-37,-21,78,-42,-45,27,55,67,27
6,102,55,-61,-11,72,-42,-30,15,57,73,35
21,62,36,-48,11,50,-51,-5,15,39,76,61
20,78,27,-21,-22,57,-41,-8,-4,57,53,53
19,64,52,-51,-21,36,-32,-41,23,58,47,40
36,53,26,-37,7,61,-30,-43,14,63,32,41
13,70,52,-47,3,50,-44,-37,32,36,43,44
34,67,23,-51,-17,18,-38,-17,7,50,48,23
13,71,39,-9,-19,31,-19,-16,3,54,43,58
-8,31,34,-24,-2,50,-39,-36,24,52,56,53
-2,53,24,-28,-20,52,-22,-14,13,36,52,52
25,36,30,-18,9,30,-22,-19,21,18,27,23
8,51,18,-23,3,4,12,-13,9,48,35,41
2,26,6,-34,0,43,-32,-16,16,38,16,38
4,19,18,-34,-1,26,-10,-28,19,19,19,21
5,53,31,-32,-10,12,-33,15,3,34,9,-2
11,36,13,4,-1,8,-21,-18,-18,22,33,-7
3,27,8,-15,-27,8,-32,-27,-33,15,9,12
-11,-24,-1,7,-3,8,-17,-24,8,16,-7,6
12,-22,7,22,-7,-4,2,-2,-19,-18,-19,20
5,-17,-25,22,-5,-1,-6,1,-3,-17,-23,-1
-11,-13,-13,31,11,-16,-1,-16,-5,-20,-40,-15
-28,-32,-23,3,2,-27,30,7,-14,-26,-36,-9
-24,-63,-37,43,-9,-32,0,40,-8,-41,-42,-35
-45,-77,-49,48,-4,-39,53,12,-13,-42,-77,-42
-34,-78,-65,80,-6,-78,42,37,-2,-69,-76,-31
-11,-110,-61,66,-5,-83,54,36,-45,-63,-86,-66
-32,-105,-49,62,28,-75,80,52,-43,-61,-93,-76
-38,-128,-81,71,26,-96,78,39,-33,-109,-73,-85
-38,-121,-102,93,43,-100,66,59,-51,-82,-93,-75
-13,-124,-64,87,8,-99,56,34,-33,-79,-97,-69
-22,-100,-56,75,-11,-77,58,38,-41,-70,-103,-92
-20,-112,-46,61,-1,-83,65,49,-35,-60,-98,-67
-31,-58,-58,44,11,-53,40,42,-36,-60,-80,-38
-28,-38,2,42,29,-26,28,7,3,-27,-21,-43
6,-17,14,-14,15,-16,11,-17,-23,11,-12,-23
12,51,31,-1,-12,33,-40,3,9,12,22,26
33,96,62,-63,-13,74,-45,-60,35,76,104,78
48,175,110,-95,-19,133,-74,-30,50,121,157,119
66,240,137,-165,-28,202,-133,-113,66,223,240,167
120,335,216,-241,-58,275,-176,-112,86,254,292,235
120,431,281,-274,-72,337,-227,-149,132,307,362,307
187,517,334,-345,-75,419,-291,-209,140,413,465,366
215,613,389,-420,-86,506,-347,-229,162,479,560,422
250,712,470,-473,-96,580,-392,-275,211,539,656,486
274,812,501,-531,-112,660,-446,-328,246,579,720,547
293,887,577,-600,-115,734,-469,-357,241,656,790,619
336,968,613,-634,-151,783,-518,-374,279,726,851,659
333,1018,642,-672,-154,824,-533,-402,306,736,897,706
375,1023,675,-693,-144,855,-574,-417,298,774,923,743
354,1048,673,-715,-147,853,-599,-430,324,794,959,734
366,1060,692,-735,-136,860,-574,-409,319,776,934,727
376,1006,654,-697,-158,846,-564,-401,308,760,908,703
329,968,625,-650,-144,789,-523,-392,300,727,856,685
316,902,603,-620,-142,760,-485,-360,287,667,819,644
296,820,538,-560,-132,683,-474,-327,246,633,751,577
251,742,481,-515,-112,645,-407,-278,236,535,672,523
236,646,416,-451,-128,527,-350,-258,190,485,569,437
186,551,347,-383,-78,448,-291,-215,183,424,499,379
165,433,288,-307,-73,381,-227,-163,120,330,375,294
109,337,217,-246,-52,272,-180,-135,91,240,294,224
100,245,136,-161,-34,196,-138,-82,59,169,202,158
39,149,93,-102,-34,109,-94,-72,36,116,113,106
34,50,42,-41,-26,44,-32,-22,18,64,80,40
-21,-24,-39,22,-1,-2,-3,17,-15,-19,-19,-9
-22,-82,-42,75,-10,-58,64,51,-20,-70,-75,-58
-50,-135,-68,96,19,-107,61,71,-24,-100,-130,-85
-36,-183,-85,98,20,-124,82,77,-62,-108,-135,-106
-74,-204,-130,128,34,-152,108,85,-69,-138,-154,-127
-82,-206,-119,129,44,-175,95,85,-76,-177,-184,-138
-64,-212,-151,183,17,-184,132,91,-73,-148,-206,-136
-73,-212,-151,153,18,-181,125,59,-59,-186,-192,-157
-70,-244,-129,133,28,-162,126,96,-57,-178,-181,-180
-65,-200,-148,158,34,-181,113,73,-68,-165,-184,-142
-58,-189,-119,126,26,-179,118,79,-51,-143,-182,-133
-75,-147,-115,126,17,-139,102,61,-46,-125,-185,-116
-53,-128,-100,84,5,-128,93,58,-39,-111,-138,-86
-50,-146,-80,90,20,-83,64,62,-57,-89,-129,-95
-51,-128,-68,77,18,-88,36,54,-37,-74,-98,-78
-39,-87,-55,57,8,-80,68,38,-30,-72,-86,-80
-16,-63,-49,67,18,-79,56,47,-19,-54,-61,-49
-27,-60,-46,25,36,-42,-2,18,-20,-39,-33,-28
-2,-40,-23,40,5,-33,33,5,-22,-27,-27,-7
-12,-31,-8,2,0,7,17,0,-13,0,-26,-18
-2,-20,-2,8,14,-15,15,6,-3,3,-15,-8
6,7,-3,2,-8,1,7,-6,2,10,-12,-1
-15,-15,7,2,-1,18,-23,-2,1,-12,-1,-26
7,22,-6,-3,-5,6,20,1,18,1,23,17
13,25,37,0,-5,4,-26,-9,5,4,20,5
11,22,27,-9,-18,11,-21,-5,29,24,31,10
2,28,8,-16,-9,26,-18,-13,15,23,16,11
2,16,32,-11,-5,18,-22,-9,-17,17,40,9
-10,20,3,-34,-11,7,-51,-2,0,7,30,10
21,23,23,-14,5,15,-20,-25,3,-10,23,43
1,26,32,-33,7,21,-25,-19,-3,29,26,12
40,33,12,-44,-3,19,-31,-4,27,40,28,27
11,17,20,-21,6,22,-11,-12,23,0,32,29
25,28,35,-10,8,29,-45,-3,3,22,32,9
14,49,36,-34,9,6,-6,-10,-2,24,24,31
0,27,21,-44,-2,25,-28,-4,1,23,48,38
40,39,41,-46,-13,29,-5,-15,21,59,63,22
17,55,26,-28,7,41,2,-15,3,35,27,52
17,50,14,-45,-4,24,-10,-7,1,28,39,39
-2,31,22,-28,-4,30,-39,18,13,11,53,23
8,47,21,-12,-5,45,-24,-33,11,38,55,42
25,54,36,-23,-7,41,-29,-14,16,29,41,18
28,58,40,-39,-1,48,-32,-26,1,32,52,48
20,52,28,-49,4,33,-41,-6,16,49,38,31
16,44,37,-46,0,35,-58,-11,21,29,55,26
30,46,25,-46,-10,59,-41,-19,4,58,72,47
8,66,44,-45,-26,58,-55,-9,7,60,73,47
21,73,40,-30,-15,60,-43,-32,23,56,72,47
22,103,32,-58,-1,52,-36,-23,35,58,66,52
35,70,32,-50,-6,57,-50,-35,16,74,68,42
47,88,55,-41,-8,72,-29,-35,18,73,67,62
41,79,76,-48,-19,59,-68,-37,34,64,80,51
21,82,41,-78,-12,102,-53,-50,46,75,79,64
44,95,61,-65,-8,101,-44,-23,15,81,88,62
34,94,71,-73,-32,85,-54,-30,37,71,92,77
37,121,89,-80,-16,70,-67,-37,15,73,88,67
49,118,64,-56,-12,88,-72,-56,17,69,106,67
53,95,64,-67,-20,79,-50,-51,38,88,101,69
31,105,75,-93,-22,93,-60,-55,17,82,95,72
45,112,86,-66,-11,116,-75,-73,50,70,92,62
45,139,85,-98,-21,95,-84,-34,47,106,116,101
61,138,90,-66,-7,107,-74,-57,56,125,132,108
39,151,84,-108,-39,112,-92,-55,33,119,124,117
65,159,105,-100,-28,114,-92,-68,24,115,132,120
51,159,94,-110,-23,137,-111,-80,49,99,154,112
55,154,107,-99,-33,134,-106,-55,18,132,144,125
69,158,131,-126,-12,135,-88,-61,50,136,174,128
58,170,126,-121,-23,153,-90,-76,39,120,169,105
91,176,112,-126,-27,136,-89,-72,54,156,164,124
71,207,120,-131,-28,162,-114,-76,66,150,177,127
78,206,139,-152,-15,180,-109,-77,57,169,190,152
71,244,123,-157,-28,183,-107,-119,51,166,166,167
97,218,153,-177,-51,189,-119,-67,61,177,191,141
66,216,143,-155,-36,202,-117,-95,82,176,201,174
87,246,168,-168,-26,190,-143,-90,84,181,213,167
86,241,146,-139,-5,198,-125,-91,64,189,202,167
77,257,161,-173,-20,208,-149,-101,85,193,232,192
94,266,188,-184,-35,221,-145,-96,70,202,248,200
86,282,185,-185,-39,240,-122,-107,92,200,240,192
91,269,195,-194,-47,252,-137,-106,106,203,246,204
86,299,187,-178,-58,230,-167,-102,81,193,255,194
95,298,202,-223,-36,242,-162,-119,108,221,281,233
114,293,211,-209,-48,257,-158,-95,77,237,303,199
107,325,186,-213,-47,273,-185,-97,70,251,284,227
116,331,220,-202,-69,276,-174,-129,100,245,289,214
123,325,197,-220,-33,274,-189,-113,92,236,303,244
134,337,219,-247,-43,309,-184,-161,74,258,316,236
120,359,239,-241,-43,321,-186,-145,104,274,313,238
141,364,241,-234,-68,280,-213,-150,97,262,323,259
119,355,227,-238,-56,317,-184,-153,108,272,336,231
132,381,269,-258,-62,313,-203,-155,104,294,313,257
109,369,247,-256,-65,316,-191,-134,120,285,326,273
125,372,269,-261,-58,308,-215,-185,103,296,354,257
109,378,257,-270,-49,334,-222,-166,97,280,348,258
117,398,257,-275,-71,328,-245,-148,110,292,353,271
146,392,258,-268,-45,312,-234,-142,139,289,365,270
142,420,266,-282,-74,344,-216,-161,131,328,347,273
133,408,271,-278,-58,331,-224,-162,131,315,378,309
162,426,277,-291,-55,332,-233,-178,131,322,381,300
164,403,296,-282,-57,328,-233,-160,121,328,379,283
158,420,289,-283,-57,365,-232,-159,117,319,395,285
139,420,264,-289,-60,356,-247,-177,106,316,375,317
122,450,305,-279,-57,343,-228,-180,114,348,407,291
138,410,266,-293,-70,378,-243,-157,134,304,395,301
164,430,278,-283,-74,349,-208,-163,143,341,378,299
130,444,294,-298,-61,360,-239,-159,150,317,367,283
128,448,281,-304,-53,361,-223,-180,106,307,410,291
140,441,272,-296,-52,344,-230,-179,112,320,378,301
149,429,284,-306,-48,360,-244,-157,132,329,389,300
166,454,279,-290,-56,372,-231,-192,145,337,397,288
157,435,290,-294,-76,357,-241,-178,141,319,367,307
145,432,264,-291,-78,354,-244,-173,129,318,391,315
158,436,284,-297,-73,346,-216,-176,121,324,366,301
160,406,295,-282,-67,356,-207,-192,139,306,373,283
145,422,273,-270,-84,357,-237,-151,125,323,368,301
138,401,294,-284,-67,335,-221,-117,128,305,382,302
123,399,269,-273,-50,334,-237,-159,118,304,368,295
156,395,277,-289,-65,322,-238,-170,108,295,362,271
126,387,259,-265,-60,323,-245,-168,120,303,358,278
131,385,257,-269,-59,309,-222,-169,121,290,341,264
129,397,282,-275,-67,325,-230,-166,126,289,359,274
159,374,238,-256,-68,317,-206,-157,117,291,341,264
127,384,247,-259,-70,311,-214,-126,111,282,340,278
118,349,249,-259,-54,302,-201,-153,129,259,324,242
132,367,231,-241,-54,305,-201,-159,124,271,312,258
140,361,253,-251,-48,273,-190,-152,118,255,309,251
109,335,219,-222,-51,275,-204,-136,107,273,323,233
133,358,221,-225,-55,279,-193,-147,107,260,298,235
114,325,211,-248,-49,272,-192,-112,100,232,293,223
117,324,206,-217,-47,281,-156,-138,93,253,304,225
95,291,197,-221,-44,268,-181,-106,102,233,291,220
94,308,206,-206,-46,265,-172,-127,95,218,268,229
98,271,204,-183,-43,253,-150,-129,95,230,272,187
90,273,201,-190,-59,236,-147,-119,84,211,257,192
98,280,200,-167,-33,240,-139,-112,90,222,257,182
92,268,192,-174,-39,218,-155,-125,81,191,241,179
76,254,177,-167,-40,222,-154,-109,81,191,250,201
94,232,161,-183,-41,234,-133,-111,38,177,208,171
78,229,146,-169,-25,203,-118,-83,76,179,193,139
96,233,151,-166,-35,167,-127,-83,57,161,199,168
90,227,135,-150,-34,191,-138,-102,75,158,218,144
71,221,151,-152,-46,164,-102,-95,57,164,192,160
72,190,128,-143,-33,177,-88,-76,59,152,189,138
54,187,131,-143,-35,165,-115,-90,80,156,156,143
70,175,116,-128,-32,151,-93,-76,48,129,197,144
42,189,104,-127,-30,158,-101,-71,44,145,165,120
64,187,110,-128,-11,155,-88,-62,62,130,149,111
60,168,104,-92,-14,129,-90,-72,35,111,158,108
42,169,88,-116,-17,129,-80,-72,39,109,155,118
66,195,93,-99,-37,123,-71,-66,56,102,140,116
43,125,86,-114,-43,120,-95,-54,25,99,128,88
29,150,89,-84,-19,113,-96,-63,49,115,127,97
47,150,66,-101,-13,102,-68,-47,38,100,98,103
45,129,72,-84,-8,79,-62,-73,43,119,123,72
38,115,72,-104,-19,80,-72,-11,44,108,115,77
31,127,76,-87,-20,96,-66,-32,41,104,94,77
45,107,68,-86,-16,83,-48,-43,49,100,99,72
31,115,69,-63,-9,84,-57,-75,13,89,83,110
19,76,67,-58,-19,87,-46,-37,18,70,66,67
27,78,50,-66,-10,85,-43,-36,10,79,62,59
27,98,59,-34,-5,82,-55,-24,8,50,81,46
31,79,53,-47,-20,66,-53,-43,26,64,70,48
29,62,63,-54,-11,75,-47,-37,11,38,57,31
51,74,35,-46,-11,49,-50,-31,-1,45,25,54
28,55,59,-41,-12,51,-37,-4,5,49,62,35
28,95,39,-30,9,53,-20,-31,34,54,51,49
13,52,33,-29,6,47,-19,-19,15,45,34,48
26,43,30,-41,2,33,-12,-22,5,56,40,45
10,47,43,-31,-10,34,-33,-13,24,39,33,21
25,36,37,-36,-4,28,-29,-19,7,34,56,49
11,28,10,-14,3,51,-32,-33,17,52,43,35
29,33,27,-22,-15,51,-4,-32,-3,48,49,21
4,58,32,-19,6,24,-25,-39,14,11,36,39
1,54,31,-20,7,18,-23,-30,32,35,52,48
6,38,12,-22,-11,34,-21,-4,16,16,29,20
33,14,12,-12,-6,26,-25,-23,6,36,18,26
25,26,21,-27,2,44,2,-10,2,32,20,7
-1,51,22,-4,-10,11,-6,-16,4,38,11,30
11,18,7,-14,1,25,-36,-6,27,29,41,10
18,15,-11,-34,5,20,-27,-17,-4,40,37,-4
-9,33,31,-20,-14,23,-12,-4,39,33,26,34
18,24,10,-11,-13,18,6,-17,13,1,31,5
23,37,-3,3,-16,5,-5,11,-8,4,1,6
-2,31,19,-15,-23,12,-17,-12,45,29,10,11
-3,17,26,-28,-17,13,-1,-10,12,-4,19,10
-5,1,-1,-9,1,8,-3,6,5,10,10,26
-6,26,-9,-4,-4,28,-1,-9,6,8,32,21
23,28,21,-41,-8,16,3,-1,6,1,9,13
-3,1,-1,-34,3,31,20,-8,5,25,17,4
0,29,22,-5,21,9,-9,1,-5,22,26,-9
-10,9,2,-10,4,20,-17,-18,24,-11,13,-11
-17,16,24,-8,9,7,-22,8,21,12,16,11
6,19,9,-12,1,9,-7,2,4,10,10,44
25,7,-4,-3,4,14,0,-15,5,7,13,9
13,17,7,-22,11,17,-21,2,-3,5,-8,13
-9,7,13,-20,4,17,-3,-10,-2,7,12,23
12,3,19,-7,-3,35,-8,-1,1,51,36,11
6,13,-6,-22,1,-2,-12,-7,-10,6,6,12
-12,-2,17,-14,-3,17,16,-15,-12,21,-9,23
-2,26,-3,-11,2,11,-20,4,22,-3,-2,31
4,18,6,-10,6,6,7,12,-2,15,10,8
13,15,-1,4,17,17,5,-20,11,17,-9,8
-20,10,10,-17,-1,30,-33,-2,-23,-15,10,14
-2,32,12,-10,28,9,-45,-4,12,-7,20,12
0,24,7,-11,-5,16,-6,7,2,13,5,11
-4,20,-4,-3,-25,11,-23,-20,-2,36,28,14
-14,20,3,-2,-30,24,-8,-11,20,27,4,9
14,8,16,-7,8,8,-11,-28,11,-5,15,-4
2,29,-2,-22,-11,19,23,7,-9,1,1,28
-8,20,18,-21,-19,-7,-2,-5,18,38,27,10
9,34,15,-27,7,8,-8,-17,13,-4,20,19
0,4,-9,-2,29,15,3,17,9,1,-2,7
-2,17,21,3,3,26,-24,15,5,24,22,14
28,16,5,21,1,19,-19,-6,-20,28,-2,0
-1,16,-19,5,-11,14,-8,6,2,11,-4,2
-10,10,6,-5,5,15,0,-20,5,20,0,17
0,13,-1,-16,-1,-8,4,10,-7,28,8,1
2,8,-9,-17,-11,12,-14,-6,-10,8,-5,0
17,18,11,-18,-6,3,-12,-2,-14,0,-9,12
12,13,14,-9,-9,4,-8,-27,9,15,20,-7
2,12,-13,8,9,0,-7,-15,30,7,14,1
16,-5,13,5,-3,-2,-2,-11,18,15,-5,5
-13,10,0,-5,-22,24,14,-4,0,-6,13,-17
6,3,20,-2,7,9,12,-18,5,8,-3,-8
4,13,21,9,-17,0,-11,6,21,-14,0,28
13,6,-13,-13,15,10,3,-14,-8,-6,-9,-2
33,27,11,-9,-14,15,-4,-19,-12,11,29,15
12,19,-4,-12,-12,4,-7,-11,3,21,6,-2
2,31,1,-3,3,22,-16,-1,-6,24,4,39
17,14,5,-1,6,2,4,2,-11,6,13,12
2,22,-1,-24,0,14,-7,-9,-12,8,1,4
17,10,10,-20,19,8,4,-2,-9,11,1,9
-1,4,3,0,-11,3,-18,-7,15,-12,1,12
15,0,11,0,3,6,4,0,10,-8,17,0
-5,27,13,2,5,-2,12,1,3,7,37,-1
3,0,15,7,-16,8,17,9,3,2,30,-6
4,11,16,-21,-27,19,4,10,6,27,-14,9
16,7,8,-1,-24,15,-38,18,12,11,5,16
-13,9,-5,-8,0,11,-22,-2,-13,3,12,1
2,2,31,-2,-1,13,2,-5,-10,7,36,-6
16,-1,14,0,20,6,-17,14,26,-4,-4,5
-13,28,2,-14,18,-5,-10,12,2,6,-9,-18
19,21,12,-10,4,19,-8,6,-14,15,8,9
6,-15,24,9,3,5,2,-10,-9,-21,23,-1
20,14,5,16,-4,13,-1,14,-8,15,5,11
-10,4,13,-15,-7,18,-14,-4,0,14,3,8
-6,10,11,-11,9,23,-4,-3,8,13,18,-1
12,12,3,-16,-2,8,-15,0,-8,14,-4,10
22,-10,-2,2,10,8,7,-5,4,6,15,6
25,8,14,13,-22,12,-20,2,5,18,23,17
17,-3,17,-12,-7,8,-3,-4,6,-7,-4,1
25,25,6,-15,-13,22,7,-13,3,-5,23,1
-14,26,24,-22,-5,-21,0,17,-16,-13,-6,26
-13,5,13,-10,-8,15,-25,12,-5,37,2,-4
9,-5,6,-3,-3,45,-4,-14,-17,17,23,0
20,11,-5,-15,-5,32,-14,-15,11,33,8,-24
0,6,7,0,-19,10,14,-10,-2,0,9,6
23,-10,0,15,-4,-12,2,-10,-6,-15,16,-1
8,1,7,-25,-8,14,-20,-21,-1,12,16,23
-20,-15,17,-1,-15,-11,-8,-19,-6,7,3,16
2,23,11,-3,5,14,-25,-5,-35,11,8,-19
0,21,4,-2,-20,-8,-20,-20,18,7,8,-3
7,34,6,-27,-14,15,-34,-23,15,-5,-3,22
-12,32,12,-17,-1,-7,-4,-3,-1,0,26,11
12,20,17,-33,5,-3,0,-24,1,-4,3,16
-5,13,7,9,14,8,2,-1,2,23,0,-4
-8,9,27,-25,-12,12,-8,-5,-10,-7,11,6
21,-10,13,-21,-17,11,-7,6,1,14,8,26
-6,4,11,-8,9,39,-2,9,13,5,16,-10
-1,2,27,-23,4,17,-8,14,11,23,26,22
-6,13,12,0,-29,12,-18,-20,11,-6,16,24
10,6,26,-15,-7,30,13,-18,29,-3,20,22
16,27,9,-28,6,12,-32,2,22,25,25,22
-11,12,33,-11,2,10,-20,-3,3,-8,22,9
15,20,33,-30,3,19,-10,-4,19,13,32,16
-2,29,11,3,2,17,-35,-24,9,-9,28,2
24,17,4,-30,-11,16,-41,-9,19,4,43,26
-7,28,20,-7,-33,28,-26,-24,-14,-3,9,8
0,46,36,-8,12,26,-8,-22,12,36,26,31
22,38,45,-11,-19,37,-22,-29,14,26,40,-6
25,31,46,-26,-2,37,-32,-17,37,19,32,52
21,36,48,-29,-9,47,-15,-22,-4,18,16,34
29,46,23,-31,-3,22,-40,-13,7,28,70,31
20,42,35,-79,-3,41,-19,-22,17,57,45,21
3,33,35,-53,-6,54,-27,-32,15,25,55,56
17,53,44,-43,-6,52,-45,-16,25,31,63,59
5,81,38,-18,14,44,-27,-12,49,60,58,61
51,74,65,-52,-11,71,-53,-51,41,57,89,57
16,59,61,-38,-13,54,-23,-64,28,57,59,50
33,83,76,-58,1,71,-62,-47,31,52,78,49
28,91,55,-68,-22,76,-31,-41,22,76,68,68
50,93,62,-61,-28,102,-54,-31,37,86,80,71
27,103,65,-86,-10,102,-50,-32,28,54,95,75
52,136,72,-80,-30,113,-65,-26,42,100,118,69
30,98,99,-81,-33,106,-77,-58,39,97,103,79
40,107,94,-79,-31,92,-61,-35,11,85,108,76
37,140,66,-81,-1,134,-72,-56,22,94,125,99
36,136,91,-107,-25,124,-92,-37,45,117,137,100
53,159,94,-108,-25,117,-83,-56,49,121,128,93
43,154,88,-102,-23,127,-85,-60,28,128,152,120
61,169,109,-103,-16,134,-99,-64,38,134,172,114
56,178,115,-115,-39,161,-113,-78,52,123,190,136
64,161,105,-110,-29,140,-99,-78,58,130,170,123
84,175,133,-136,-44,178,-112,-62,59,169,177,141
77,195,125,-143,-1,162,-90,-64,35,171,180,129
78,204,110,-149,-32,174,-114,-61,58,161,198,162
74,213,146,-143,-29,158,-113,-98,77,174,188,158
89,215,145,-154,-36,179,-113,-82,83,185,206,142
87,222,138,-137,-42,201,-145,-87,48,166,218,146
82,261,143,-155,-43,190,-130,-101,78,170,202,152
106,234,171,-163,-51,204,-111,-82,69,177,209,187
105,244,168,-173,-36,209,-144,-87,71,184,222,181
92,254,174,-186,-26,208,-137,-117,88,198,223,186
88,262,172,-171,-39,204,-136,-110,63,198,258,166
87,246,169,-195,-33,220,-163,-86,81,189,226,169
113,266,182,-170,-36,229,-143,-114,66,207,229,199
89,273,179,-180,-17,214,-149,-118,92,173,258,191
88,258,180,-175,-34,213,-145,-125,76,186,234,191
87,266,175,-174,-42,226,-135,-108,66,183,242,173
98,275,174,-172,-48,212,-138,-122,87,177,260,186
92,247,188,-160,-26,227,-159,-112,103,197,257,181
87,276,148,-175,-42,233,-135,-112,106,201,244,179
82,258,163,-190,-21,209,-168,-95,58,198,226,201
94,287,148,-185,-33,199,-149,-114,69,197,211,177
97,259,161,-159,-38,195,-137,-84,79,212,230,164
92,253,154,-169,-47,214,-143,-78,60,177,211,188
92,226,165,-167,-23,226,-132,-105,82,173,209,169
88,244,168,-182,-52,177,-135,-105,57,180,243,157
99,207,154,-160,-52,188,-115,-94,76,179,188,145
69,224,149,-138,-32,193,-143,-92,57,149,198,176
37,209,142,-142,-33,176,-136,-98,73,151,191,141
96,215,122,-147,-46,182,-104,-84,58,169,176,142
99,179,131,-129,-24,163,-125,-57,70,136,164,139
58,188,123,-145,-33,176,-128,-71,47,146,171,95
68,173,123,-117,-47,135,-123,-83,63,131,157,135
41,170,95,-100,-20,152,-88,-57,65,118,162,123
45,171,100,-98,-24,112,-92,-56,30,90,146,111
27,149,93,-67,-28,118,-66,-48,41,114,128,110
48,160,96,-80,-16,133,-85,-83,54,127,119,65
41,124,60,-88,-13,105,-82,-41,31,101,122,101
38,134,110,-86,-12,101,-67,-62,48,108,119,97
31,122,79,-73,-17,101,-64,-48,37,103,117,79
36,115,74,-66,-28,79,-61,-63,25,61,102,74
42,97,69,-59,-10,51,-62,-51,26,79,104,67
14,72,38,-60,-28,97,-38,-48,21,66,66,64
29,75,51,-56,-34,45,-68,-4,1,80,89,51
26,64,44,-45,-18,72,-51,-31,29,51,71,62
39,94,50,-44,-19,51,-76,-8,19,31,50,58
37,74,58,-45,9,36,-33,1,5,41,48,40
33,40,29,-53,-10,25,-25,-20,12,24,35,31
9,33,34,-27,-21,59,-31,-16,25,46,53,21
19,38,35,-45,8,46,-27,1,13,40,50,29
21,25,44,-39,-33,54,-15,-13,3,29,29,30
-2,59,16,-45,-13,10,-16,-20,-8,30,40,15
9,23,11,-23,-23,31,-11,-9,37,28,26,10
-3,31,16,-23,2,29,-5,3,-11,1,20,24
9,38,21,-10,19,27,-3,-9,7,19,24,5
-3,25,38,5,7,13,-24,-35,6,24,21,19
-18,19,14,1,-3,27,6,-3,21,6,21,10
12,4,-2,-17,-9,-2,-3,-35,9,17,26,6
6,-10,0,-12,2,-15,-27,-1,1,-17,-15,25
10,37,-12,-3,9,-21,-1,13,11,-16,5,11
-9,-8,5,-25,14,3,-2,-2,-4,19,13,-12
11,-20,-5,-19,7,3,0,-11,-7,-14,-13,12
-1,-4,-18,5,-6,7,21,17,3,-2,2,8
3,-11,17,-4,7,-10,31,-11,-6,-1,8,-4
-20,-9,-18,11,-4,-21,20,-4,-17,4,-8,-5
0,-52,9,13,9,-4,-3,23,-2,-2,-12,-27
-3,-15,1,23,10,-10,3,10,-9,-18,-11,-19
7,-7,-1,34,13,-45,38,-4,-10,-13,6,-16
-5,-20,-17,22,9,-13,14,-3,-9,-27,-40,-3
-11,-18,-23,8,5,-22,14,-5,-8,-26,-26,-15
-28,-39,-33,44,27,-40,29,12,-27,-37,-38,-43
-20,-53,-46,41,8,-45,14,32,-30,-72,-49,-37
-21,-56,-43,70,-1,-69,20,42,-25,-36,-52,-58
-52,-84,-45,67,-7,-66,51,24,-15,-66,-80,-50
-36,-115,-76,71,23,-64,61,50,-29,-64,-96,-55
-46,-105,-60,85,19,-82,60,38,-59,-71,-90,-85
-28,-127,-71,93,32,-101,56,36,-22,-94,-96,-93
-38,-138,-79,70,38,-101,61,49,-28,-92,-112,-91
-64,-150,-97,91,21,-110,89,38,-35,-105,-140,-103
-46,-150,-109,106,5,-118,98,72,-34,-112,-146,-104
-61,-178,-96,108,44,-110,88,70,-54,-109,-133,-137
-54,-150,-114,93,24,-130,87,45,-35,-111,-148,-132
-40,-143,-91,97,19,-121,105,65,-45,-105,-127,-92
-57,-109,-86,100,15,-109,69,36,-39,-102,-131,-103
-55,-109,-66,98,23,-101,64,48,-47,-100,-101,-87
-24,-114,-48,52,37,-83,49,51,-38,-84,-99,-62
-30,-73,-32,44,26,-40,38,13,-34,-50,-74,-47
-13,3,-2,12,-6,-4,18,17,11,-8,-15,-14
3,53,18,-22,1,30,-51,-28,11,24,55,45
46,142,76,-97,-21,91,-70,-44,59,94,124,99
72,204,120,-137,-20,157,-120,-98,58,179,186,133
83,273,190,-202,-47,234,-147,-116,91,191,234,191
122,346,234,-268,-62,313,-196,-139,116,282,311,248
176,466,302,-331,-74,389,-236,-194,144,359,424,331
217,587,387,-401,-89,467,-313,-237,182,412,527,388
221,661,428,-443,-91,527,-372,-257,222,487,611,466
267,748,487,-525,-123,629,-417,-317,219,588,690,544
302,840,551,-563,-117,704,-475,-339,253,650,752,581
325,898,582,-625,-138,747,-480,-353,258,683,805,634
327,981,643,-635,-140,799,-516,-385,284,729,857,660
341,987,640,-672,-145,831,-548,-400,298,767,912,676
347,1025,689,-700,-157,849,-545,-418,312,758,901,691
352,1031,654,-689,-139,835,-549,-391,310,765,898,712
351,990,637,-660,-146,827,-551,-395,294,744,903,679
321,935,621,-649,-148,778,-503,-378,287,694,843,686
310,881,577,-597,-137,727,-479,-363,265,656,791,625
277,804,522,-548,-126,669,-427,-314,237,600,727,541
230,716,472,-466,-102,592,-387,-265,225,522,638,479
215,608,401,-416,-102,490,-340,-228,186,457,545,426
179,497,324,-319,-103,411,-283,-206,138,384,429,345
144,419,264,-263,-61,348,-175,-185,99,293,372,263
80,285,178,-214,-39,243,-141,-99,101,221,287,206
80,205,130,-126,-9,164,-97,-85,46,135,176,137
56,95,41,-92,-27,76,-47,-43,28,73,96,75
-13,32,-2,-9,-7,11,-20,-15,26,10,23,20
-11,-38,-24,36,-9,-49,25,20,-30,-29,-55,-39
-27,-98,-87,73,16,-103,65,42,-28,-86,-110,-84
-60,-162,-93,104,54,-139,102,63,-32,-110,-148,-128
-73,-188,-128,121,26,-180,101,83,-73,-162,-187,-162
-76,-217,-166,143,25,-199,138,86,-64,-173,-195,-133
-88,-279,-169,182,18,-223,161,119,-82,-196,-258,-186
-67,-276,-190,182,49,-210,140,92,-61,-212,-258,-174
-97,-278,-187,189,28,-231,142,122,-81,-193,-230,-190
-81,-286,-170,197,39,-215,172,89,-80,-196,-251,-171
-95,-268,-161,189,29,-217,158,104,-88,-197,-239,-174
-84,-256,-147,174,33,-197,123,83,-68,-179,-207,-189
-84,-229,-140,149,0,-186,120,80,-62,-167,-201,-156
-78,-231,-118,142,33,-168,116,67,-50,-150,-194,-153
-86,-158,-138,107,20,-170,104,76,-62,-145,-162,-141
-62,-165,-102,111,9,-144,79,77,-36,-133,-133,-122
-39,-168,-80,85,25,-115,60,53,-37,-113,-127,-92
-56,-152,-80,71,27,-100,72,44,-52,-82,-94,-93
-58,-96,-62,45,15,-75,52,38,-31,-60,-101,-100
-23,-90,-57,70,22,-96,42,32,-30,-70,-63,-68
-41,-57,-57,45,11,-50,37,41,-28,-47,-80,-35
-6,-43,-60,42,5,-76,37,24,-13,-43,-34,-47
-8,-62,-43,36,18,-28,23,0,-32,-44,-33,-42
-19,-42,-48,21,15,-26,15,-4,32,-41,-34,-30
-21,-46,-36,1,-3,-35,-7,29,8,-14,-40,5
-17,-25,-20,20,6,-37,8,11,8,-24,-65,-14
6,-32,-18,11,-1,-18,-1,10,3,-32,-26,-16
-5,-17,-36,24,-15,-38,33,38,-13,-8,-36,1
-3,-44,-24,1,5,-26,11,22,19,-6,-20,-15
-5,-37,-27,17,-7,-25,8,13,-2,-18,-22,-14
-12,-46,-24,9,-14,-2,7,21,-21,-12,10,-17
-14,-16,-11,10,10,-21,12,16,0,-14,-2,-19
-13,-27,-12,32,3,-6,26,-10,0,-22,-12,-20
6,-23,-16,8,21,-12,-3,-2,-6,-25,6,7
-15,-29,-25,22,20,-11,14,4,-14,-22,-16,-35
-20,-8,-17,6,5,-19,2,16,6,-33,-9,-5
6,-4,-41,20,15,-15,-16,24,-11,-17,3,6
-20,-28,-1,23,-1,3,3,14,7,-7,-41,-6
8,-4,2,11,-3,-15,15,15,-13,-10,2,-6
-4,-19,-18,17,6,-11,-1,10,-13,-1,-2,-10
-5,5,-21,8,-18,10,10,-8,1,-9,-3,4
0,-23,-7,11,4,-6,-6,-16,-8,-6,24,5
1,29,17,-11,3,-1,-5,-2,-4,-15,-11,7
-18,10,12,-1,3,2,-12,3,0,19,-1,8
-19,-13,16,-6,8,28,0,-26,14,9,20,-7
7,-14,4,3,-7,10,-1,-8,18,-14,-11,1
-1,-17,-2,-22,12,-3,5,-1,1,4,23,-4
3,20,12,1,-7,6,-24,-20,-29,14,11,-12
9,20,20,-6,-2,19,-12,7,2,-3,15,-9
0,47,-8,5,2,10,-32,-16,9,13,20,3
8,25,22,-30,8,15,5,-25,13,23,26,25
10,34,25,-31,27,29,-1,-24,21,35,15,27
33,49,13,-21,5,23,-18,-32,8,19,29,41
-2,38,15,-21,5,14,-3,-8,19,38,38,42
18,39,7,-33,15,29,-28,-30,18,49,41,22
26,70,41,-36,3,24,-30,-29,0,39,27,22
24,68,38,-34,-11,61,-28,-21,-17,24,34,35
3,55,47,-27,-18,53,-13,-14,23,39,65,46
16,66,17,-54,-3,55,-43,-39,25,34,44,30
30,86,48,-29,-13,42,-47,-23,3,69,60,46
37,64,57,-40,2,67,-23,-35,39,31,68,70
2,81,40,-43,-28,64,-33,-36,34,45,68,60
31,90,60,-33,-18,85,-39,-32,26,52,68,49
27,75,73,-53,-23,71,-56,-40,24,87,123,46
34,95,40,-59,3,70,-48,-31,53,74,106,60
9,97,71,-58,-28,91,-57,-27,23,75,95,66
37,107,54,-70,-25,73,-53,-30,36,76,100,84
48,118,69,-84,-10,121,-46,-44,50,84,113,77
37,109,83,-76,-8,95,-68,-40,39,104,124,88
28,136,89,-99,-1,117,-50,-64,33,101,123,84
55,145,89,-96,-39,113,-75,-53,36,117,99,103
44,141,84,-95,-27,115,-81,-66,53,100,112,124
68,159,92,-102,-24,131,-91,-39,41,115,146,131
63,180,115,-123,-19,136,-93,-65,47,126,137,98
52,173,106,-104,-18,130,-108,-56,53,133,158,101
54,193,121,-126,-44,176,-84,-63,61,154,164,119
67,182,142,-118,-20,155,-104,-90,45,146,169,138
56,190,119,-124,-38,156,-101,-73,78,148,164,154
60,215,125,-157,-31,192,-133,-61,61,178,168,118
48,224,142,-121,-23,162,-122,-87,46,158,179,146
62,236,154,-135,-14,175,-100,-102,54,155,202,148
65,231,143,-181,-17,203,-127,-96,70,167,203,159
77,239,170,-157,-46,206,-137,-84,78,172,232,185
90,244,146,-168,-29,191,-127,-106,49,179,238,181
78,256,180,-160,-41,199,-139,-84,74,194,215,168
79,276,170,-175,-36,226,-148,-115,80,203,227,183
104,246,184,-190,-55,217,-155,-111,67,207,238,178
101,279,162,-196,-51,242,-147,-90,69,196,268,218
96,301,185,-206,-33,254,-172,-104,74,231,255,202
82,283,193,-212,-49,239,-185,-112,78,196,265,203
99,299,199,-187,-49,251,-153,-139,103,230,257,201
113,315,194,-212,-32,243,-169,-124,84,237,293,227
116,309,201,-199,-37,258,-154,-133,83,227,288,224
106,307,197,-193,-52,286,-179,-107,92,253,267,221
126,328,208,-209,-59,277,-178,-124,89,247,287,228
117,321,204,-242,-60,303,-180,-136,98,255,289,250
116,325,234,-241,-43,288,-165,-142,113,257,300,238
98,303,208,-233,-24,264,-180,-136,103,245,300,245
135,351,239,-227,-36,280,-205,-135,77,260,303,235
134,323,237,-256,-39,288,-185,-136,129,277,312,235
126,340,233,-251,-42,302,-201,-154,104,269,302,248
133,362,216,-259,-25,295,-208,-126,121,274,330,254
132,354,237,-250,-52,314,-201,-156,89,287,330,263
103,362,206,-229,-52,302,-204,-137,101,282,340,257
127,356,209,-242,-73,305,-190,-163,118,291,333,236
138,379,231,-231,-47,300,-207,-144,109,295,329,263
141,372,235,-239,-40,302,-183,-158,118,274,339,259
128,383,231,-255,-70,291,-195,-145,89,282,320,254
133,382,226,-261,-42,308,-214,-143,109,269,311,242
125,374,247,-247,-58,302,-218,-146,117,274,319,244
123,364,235,-271,-70,316,-176,-156,122,282,336,241
142,354,247,-250,-52,310,-191,-128,123,269,353,262
134,349,222,-246,-57,316,-209,-142,96,254,324,251
148,360,229,-252,-48,296,-189,-148,108,289,331,241
112,336,256,-244,-51,298,-185,-142,103,289,329,255
103,335,231,-211,-45,280,-196,-143,119,253,316,244
141,337,211,-239,-45,286,-207,-164,113,267,317,259
134,332,221,-227,-48,269,-211,-116,102,266,297,244
124,342,209,-253,-28,279,-191,-148,93,253,291,220
127,321,200,-209,-34,286,-192,-131,94,251,276,242
128,345,218,-211,-62,286,-177,-138,114,262,318,222
124,319,228,-217,-51,257,-196,-132,118,253,284,222
101,327,200,-229,-40,259,-180,-126,96,266,297,228
121,292,211,-191,-51,246,-158,-137,106,221,280,242
95,286,211,-221,-31,240,-163,-128,117,239,288,226
122,274,195,-209,-27,256,-154,-111,87,202,285,212
80,291,185,-196,-39,250,-158,-85,87,212,261,208
102,274,170,-200,-44,224,-164,-108,77,209,260,196
86,294,178,-205,-11,222,-157,-92,85,209,260,176
94,273,156,-199,-42,223,-150,-104,74,199,240,201
100,246,162,-191,-36,202,-156,-107,109,157,225,162
74,263,164,-168,-35,212,-160,-83,66,207,218,168
103,251,163,-158,-23,207,-114,-111,65,192,218,161
77,247,145,-156,-5,203,-138,-97,85,173,207,148
89,235,139,-144,-39,181,-94,-90,67,162,185,160
73,225,139,-155,-45,176,-109,-86,67,159,185,133
78,190,136,-129,-28,174,-119,-95,75,126,189,126
87,184,115,-108,-14,157,-115,-90,53,155,164,152
77,197,120,-129,-14,156,-85,-94,77,108,166,148
52,186,101,-98,-20,127,-96,-61,50,126,164,125
37,165,131,-117,-34,139,-105,-63,39,129,136,100
21,171,113,-127,-32,111,-83,-72,61,117,155,109
82,157,124,-88,-17,133,-73,-81,55,117,121,115
35,171,108,-96,-46,119,-78,-60,19,99,103,92
43,135,76,-87,-37,125,-69,-53,23,108,103,107
59,116,83,-88,-18,116,-97,-34,54,78,105,94
28,116,75,-66,-33,107,-63,-67,29,69,112,100
29,118,63,-68,-4,72,-59,-40,34,75,79,86
34,105,58,-82,1,99,-41,-31,27,69,102,81
24,90,45,-47,0,78,-25,-29,13,72,78,57
26,90,55,-64,-14,60,-38,-59,16,63,80,61
1,58,50,-37,-3,76,-35,-30,4,41,91,48
26,76,43,-55,-15,68,-44,-40,28,86,54,40
18,48,45,-35,11,41,-23,-22,44,26,62,56
20,42,41,-41,-3,33,-37,-31,30,45,33,19
5,46,32,-72,-26,27,-36,-5,15,47,63,25
9,42,41,-27,3,29,-18,-6,43,35,34,33
-5,-3,33,-18,21,-2,-10,-34,19,38,15,35
5,21,11,-8,6,40,-27,-17,-14,26,18,18
12,-2,18,-18,7,13,-28,1,17,17,6,10
12,14,-6,-15,-4,8,-15,-33,13,-8,15,16
-7,1,-16,3,-4,23,1,1,6,-18,19,2
-1,-15,-3,-9,11,9,-6,7,10,-3,9,9
17,-21,1,-19,5,-38,-1,9,4,-15,6,17
5,-14,20,4,5,-16,9,5,-6,-6,-32,-6
-6,-28,-25,13,19,-20,-5,7,4,-24,-41,16
7,-19,-24,3,-27,6,5,6,14,-6,-20,-15
7,-26,-5,16,5,-31,21,-5,-10,-27,-33,-21
-9,-36,-16,16,14,-20,0,1,-22,-9,-31,-19
-41,-28,-29,31,4,-23,10,9,0,-7,-27,-28
-32,-44,-14,12,13,-41,6,17,-21,-34,-3,-25
-21,-29,-34,40,19,-30,-6,17,-27,-24,-16,-13
1,-37,-16,5,-2,-35,17,17,-6,-27,-29,-40
-10,-29,-18,34,10,-35,15,19,-18,-34,-39,-24
-2,-42,-49,29,-2,-18,-6,14,-9,-21,-34,-39
-20,-49,-16,21,1,-41,26,5,-20,-32,-17,-37
-25,-66,-24,22,7,-55,13,37,-31,-27,-45,-34
-41,-40,-24,43,12,-51,42,29,-29,-41,-49,-19
-10,-45,-33,66,-16,-44,31,17,-15,-56,-52,-15
-12,-45,-45,49,16,-56,58,15,-5,-31,-55,-43
-17,-50,-38,30,1,-41,31,-3,-11,-19,-50,-57
-45,-62,-51,31,7,-37,28,13,-26,-15,-69,-33
-25,-69,-42,53,1,-59,36,28,-6,-30,-74,-55
-11,-86,-23,39,4,-53,24,37,-20,-53,-66,-27
-21,-86,-64,42,11,-41,43,31,-25,-28,-61,-57
-17,-85,-30,36,2,-70,49,2,-21,-61,-53,-49
-40,-50,-45,36,7,-60,39,13,-37,-72,-73,-54
-17,-63,-49,54,8,-57,43,33,-10,-47,-62,-55
-30,-84,-38,30,27,-47,47,20,1,-64,-39,-46
-10,-75,-61,65,16,-71,35,36,-65,-49,-50,-33
-8,-69,-21,36,11,-36,55,38,-25,-54,-53,-59
-13,-80,-58,53,17,-59,37,17,-25,-23,-57,-57
-23,-95,-48,65,3,-47,62,37,-10,-49,-66,-28
-23,-90,-52,84,7,-50,81,24,-41,-28,-60,-58
-32,-68,-49,48,7,-58,53,47,-12,-75,-80,-43
-25,-97,-44,41,27,-71,45,33,-27,-24,-87,-49
-38,-77,-22,27,21,-69,45,32,-27,-52,-66,-52
-13,-84,-36,64,6,-45,35,32,-22,-49,-63,-83
-30,-69,-44,48,17,-58,47,11,-13,-73,-54,-58
-17,-68,-25,49,13,-84,47,42,-44,-68,-87,-72
-34,-104,-34,52,6,-62,49,21,-32,-64,-74,-68
-6,-70,-53,46,10,-52,57,44,-23,-51,-50,-57
-17,-73,-47,43,3,-69,47,27,-25,-63,-77,-66
-34,-90,-26,42,37,-75,43,47,-22,-72,-72,-64
-51,-70,-49,60,11,-57,51,17,-31,-48,-82,-42
-50,-67,-65,38,-8,-58,39,24,-10,-63,-61,-60
-9,-75,-44,64,16,-46,16,34,-6,-72,-78,-75
-41,-69,-23,68,21,-70,44,39,-36,-53,-64,-48
-24,-68,-38,45,16,-68,48,43,-36,-82,-78,-23
-32,-65,-44,45,11,-88,54,25,-21,-31,-44,-69
-26,-75,-54,52,4,-70,43,52,-14,-43,-77,-31
-38,-91,-62,54,48,-72,50,28,-21,-54,-46,-48
-24,-75,-41,47,-15,-57,53,27,-12,-61,-52,-55
-28,-75,-70,64,9,-69,53,35,-26,-72,-66,-66
-7,-60,-61,74,12,-57,79,-1,-22,-76,-67,-40
-26,-79,-59,55,25,-68,39,54,-30,-73,-56,-59
-2,-67,-68,65,4,-65,32,23,-38,-60,-51,-54
-25,-78,-62,54,1,-56,42,39,0,-69,-78,-60
-11,-71,-39,27,14,-75,53,33,-21,-45,-73,-37
-9,-74,-57,44,21,-49,44,36,-25,-59,-58,-59
-24,-67,-51,72,19,-64,79,36,-16,-49,-69,-46
-29,-63,-43,52,2,-91,45,33,1,-77,-82,-46
-38,-83,-63,49,25,-94,32,12,-15,-60,-61,-38
-6,-101,-53,60,28,-62,37,4,-21,-60,-60,-41
-14,-73,-20,66,11,-66,40,43,-34,-71,-78,-51
-27,-81,-31,46,-6,-58,42,25,-22,-59,-55,-55
-47,-67,-57,53,11,-56,52,42,-15,-41,-67,-57
-27,-84,-61,54,10,-55,52,34,-25,-61,-86,-52
-6,-76,-65,39,-7,-46,43,18,-20,-59,-65,-55
-26,-76,-40,49,19,-59,52,14,-22,-49,-83,-51
-14,-82,-72,59,0,-49,17,7,-30,-41,-67,-45
-32,-104,-54,42,7,-72,50,30,-35,-50,-77,-58
-13,-82,-33,62,15,-54,37,26,-13,-51,-58,-61
-20,-56,-52,61,15,-72,31,35,-3,-43,-56,-68
-30,-84,-55,60,28,-65,61,25,-11,-54,-64,-43
-42,-64,-20,46,36,-54,40,18,-21,-85,-52,-46
-20,-82,-51,54,7,-69,34,30,9,-50,-83,-62
-21,-84,-46,37,-9,-62,20,34,-45,-37,-56,-42
-45,-57,-45,54,27,-43,48,25,-13,-71,-54,-46
-7,-61,-45,30,15,-79,50,26,1,-40,-74,-34
-24,-64,-47,54,11,-75,41,39,-43,-77,-59,-66
-7,-69,-63,66,20,-57,54,25,-25,-50,-49,-65
-13,-67,-42,54,6,-55,39,49,-18,-66,-84,-47
-16,-87,-45,60,-8,-42,35,41,-6,-64,-68,-82
-27,-83,-40,54,21,-54,37,29,-29,-30,-77,-57
-37,-56,-31,55,4,-90,46,47,-7,-82,-59,-60
-29,-81,-51,44,21,-70,25,27,-18,-49,-69,-75
-24,-86,-66,47,1,-49,20,59,-34,-66,-48,-42
1,-64,-64,32,-3,-49,53,9,-20,-29,-44,-39
-47,-69,-27,61,16,-48,41,35,-21,-67,-70,-42
-20,-54,-70,47,-19,-67,41,32,0,-48,-75,-33
-17,-74,-64,68,10,-49,58,20,-45,-72,-68,-55
-9,-65,-42,53,15,-56,47,34,-34,-49,-89,-45
-42,-72,-44,26,25,-60,47,23,-23,-69,-62,-36
-41,-73,-39,34,6,-60,7,32,-27,-52,-83,-87
-35,-71,-44,56,10,-53,36,38,-49,-60,-73,-40
-10,-72,-34,55,16,-24,33,33,-33,-69,-55,-65
-32,-91,-39,45,-2,-58,54,27,-27,-72,-58,-47
-25,-60,-51,44,27,-44,44,42,-9,-44,-75,-53
-20,-94,-61,47,-6,-71,40,27,-12,-56,-65,-52
-29,-94,-27,55,30,-42,29,17,-11,-46,-59,-47
-14,-82,-55,65,-5,-45,39,34,-26,-49,-56,-72
-7,-68,-50,56,17,-66,33,33,-29,-66,-76,-70
-41,-73,-42,74,17,-74,48,31,-23,-54,-71,-35
-26,-80,-64,35,9,-55,25,27,-29,-58,-54,-34
-24,-83,-18,48,14,-54,24,16,-46,-53,-68,-43
-28,-51,-55,54,21,-32,40,7,-14,-53,-66,-56
-33,-76,-29,30,4,-59,38,46,-18,-54,-56,-51
-44,-73,-57,64,-1,-64,46,35,-40,-44,-58,-58
-43,-43,-57,50,26,-40,48,52,-23,-45,-59,-36
-25,-66,-54,34,26,-70,47,43,-21,-64,-64,-53
10,-63,-47,47,14,-66,45,20,-21,-40,-66,-62
-7,-56,-47,44,4,-52,47,24,-7,-45,-47,-69
-40,-69,-48,51,18,-55,32,30,-36,-66,-58,-37
-25,-63,-55,41,30,-39,46,11,-32,-52,-62,-33
-29,-65,-34,38,11,-44,51,2,-7,-36,-57,-55
-29,-76,-30,59,10,-66,11,44,-17,-49,-52,-42
-20,-44,-65,34,-9,-53,56,35,-31,-40,-65,-56
-8,-58,-34,50,13,-50,39,28,6,-54,-60,-38
-17,-64,-38,38,-3,-60,63,16,-35,-72,-60,-48
-18,-55,-29,27,5,-57,25,36,-32,-40,-68,-42
-18,-51,-49,22,-7,-44,26,7,-25,-43,-44,-52
-23,-43,-23,30,11,-46,22,27,-8,-31,-34,-52
-14,-44,-14,21,4,-28,31,40,-9,-32,-56,-32
-41,-29,-51,16,8,-45,17,21,-24,-46,-34,-43
-26,-42,-21,37,7,-36,25,18,10,-27,-50,-41
-21,-40,-38,12,4,-46,54,15,-1,-12,-34,-31
-4,-8,-32,42,-5,-35,19,10,-22,-27,-47,-36
-10,-59,-28,28,4,-34,5,6,-3,-48,-25,-32
4,-27,-17,10,-6,-6,21,0,-19,-22,-26,-35
-16,-1,-25,20,4,-21,-1,16,7,-27,-10,1
-25,5,-17,3,27,-10,5,10,5,-1,-6,-13
8,-22,8,14,-23,-11,4,-8,4,1,-21,0
9,19,-14,14,-7,-1,-2,11,4,10,5,9
-3,7,2,1,-8,-3,-6,-9,1,3,-4,19
22,14,-10,-32,8,26,13,7,-10,5,-5,19
10,18,17,-9,19,18,6,-14,0,8,4,5
6,3,16,-8,9,30,-13,4,42,26,39,7
-3,27,28,-18,-8,36,-4,-23,11,23,15,25
12,38,42,-16,6,26,-36,-23,23,29,38,36
4,40,16,-37,-4,11,-22,-22,-2,36,42,24
21,50,32,-36,-9,32,-24,-25,7,53,71,42
16,73,52,-44,1,74,-46,-20,15,49,48,65
39,75,56,-41,-19,25,-38,-22,26,42,70,37
37,90,66,-85,-1,75,-23,-42,42,62,63,42
51,90,48,-60,-22,86,-40,-25,24,58,73,63
36,116,68,-73,-15,85,-70,-41,31,84,108,69
23,121,66,-65,1,102,-64,-45,23,88,90,93
40,111,74,-92,-31,111,-74,-38,31,81,97,80
26,116,93,-95,-10,112,-68,-62,28,87,84,104
48,148,63,-82,-37,112,-72,-54,40,70,137,85
58,159,105,-93,-30,137,-79,-86,41,123,120,99
45,156,92,-111,-7,126,-99,-101,34,119,120,101
63,154,55,-103,-18,120,-70,-80,65,91,125,97
65,168,102,-101,-40,122,-86,-53,40,140,118,106
72,170,112,-103,-26,137,-75,-52,40,97,153,114
63,163,124,-100,-17,131,-100,-88,51,119,161,121
78,187,122,-109,-26,130,-112,-54,59,130,161,123
60,179,105,-115,-35,149,-71,-60,36,159,159,134
76,164,118,-123,-35,159,-110,-77,30,141,175,113
55,190,126,-141,-35,159,-87,-73,39,131,163,121
70,187,143,-108,-25,151,-106,-79,64,135,172,143
56,191,138,-116,-37,148,-109,-64,60,133,175,126
21,178,119,-125,-50,140,-85,-78,53,153,171,141
72,187,103,-121,-41,150,-111,-76,64,148,147,123
78,186,126,-127,-33,146,-89,-36,66,149,173,137
56,186,144,-118,-17,143,-104,-54,64,123,159,131
58,187,87,-129,-28,143,-89,-54,67,128,160,137
80,176,98,-113,-38,143,-65,-45,61,122,142,110
59,171,103,-122,-25,157,-99,-66,61,100,165,144
76,167,120,-117,-13,139,-96,-56,70,124,146,93
46,155,105,-131,-17,139,-86,-74,42,130,142,98
38,173,106,-103,-23,136,-104,-71,56,112,141,116
49,137,107,-82,-26,121,-70,-63,32,96,139,88
41,149,95,-100,-35,133,-62,-47,57,108,104,99
31,132,79,-94,-15,101,-60,-47,26,77,130,102
47,105,80,-96,-43,92,-75,-47,59,110,93,77
36,139,65,-95,-7,86,-67,-47,38,77,101,70
25,100,90,-58,-14,82,-52,-21,39,78,96,66
43,113,58,-79,-13,85,-38,-58,25,91,70,55
26,103,52,-81,-15,70,-49,-58,45,44,77,49
2,87,74,-48,-10,55,-29,-36,37,67,71,58
-1,74,53,-48,-11,56,-36,-51,9,49,62,47
33,82,38,-48,-27,54,-36,-27,21,23,54,26
14,42,36,-34,16,38,-29,-10,22,35,34,18
17,28,52,-17,-29,36,-13,9,-4,22,27,5
26,35,13,-20,-15,2,-28,-12,26,49,26,23
12,10,23,-31,-20,21,-38,-19,6,28,-4,35
-4,-1,16,-13,14,39,1,-12,11,-5,8,16
-7,34,0,27,-7,-13,7,9,11,-2,-9,10
2,16,-10,14,20,-2,-18,3,-3,-13,4,-11
15,3,-1,4,-2,-1,30,-3,-9,-20,-21,-19
-29,-24,-25,6,-7,-12,28,-5,-3,-14,-4,1
-21,-11,-26,9,28,-9,2,2,20,-31,-21,-34
32,-45,-20,8,-14,-27,2,-1,5,-13,-33,-13
-16,-30,-5,29,4,-44,18,12,4,3,-10,0
-20,-26,-36,3,6,-22,30,17,-15,-30,-22,-13
-13,-47,-20,34,-16,-14,25,25,-9,-5,-19,-22
-38,-69,-25,53,10,-20,19,29,-16,-32,-37,-47
-8,-61,-35,32,2,-36,25,25,9,-36,-37,-27
-9,-41,-41,29,-5,-38,41,35,5,-38,-52,-37
1,-48,-60,30,-2,-44,11,44,-15,-42,-61,-30
-7,-59,-39,31,28,-34,32,28,-8,-54,-28,-44
-10,-62,-21,42,14,-36,42,26,-18,-44,-54,-54
-18,-58,-44,40,27,-43,26,43,-14,-52,-58,-30
-25,-55,-53,49,-3,-59,38,28,-32,-49,-70,-63
-24,-56,-28,36,25,-59,34,34,-25,-55,-34,-58
-17,-50,-26,45,19,-54,6,26,-27,-57,-80,-66
-24,-65,-33,60,30,-65,50,26,-13,-59,-56,-55
-40,-80,-50,25,37,-71,41,10,-27,-52,-68,-25
-20,-65,-59,43,-8,-58,40,29,-32,-44,-73,-55
-21,-66,-44,64,21,-44,35,24,-35,-50,-86,-50
-24,-62,-41,37,20,-68,42,41,-35,-87,-86,-43
-24,-103,-40,61,3,-90,49,32,-33,-77,-49,-56
-39,-90,-57,55,19,-68,55,44,-46,-56,-78,-81
-19,-109,-71,92,21,-83,50,33,-34,-89,-92,-67
-30,-115,-74,87,7,-95,55,39,-41,-84,-100,-83
-46,-117,-86,95,5,-105,73,35,-33,-92,-109,-98
-42,-135,-111,82,25,-101,70,63,-35,-112,-109,-119
-52,-129,-102,113,3,-122,85,53,-63,-91,-142,-115
-46,-175,-82,108,24,-139,88,59,-64,-123,-176,-126
-74,-158,-117,113,28,-151,87,65,-54,-117,-161,-132
-40,-202,-144,151,14,-165,117,88,-84,-145,-155,-127
-67,-205,-117,151,26,-150,92,85,-44,-143,-184,-162
-87,-227,-121,132,43,-164,113,70,-65,-157,-214,-172
-74,-212,-152,184,23,-188,120,97,-62,-164,-192,-162
-85,-235,-139,147,53,-173,125,95,-87,-188,-207,-154
-92,-232,-150,152,24,-201,146,92,-51,-182,-213,-187
-72,-239,-146,146,15,-190,130,106,-53,-156,-242,-166
-83,-236,-136,166,40,-194,108,98,-79,-147,-219,-157
-54,-189,-113,150,35,-182,104,92,-65,-167,-186,-141
-50,-173,-114,126,17,-144,92,84,-65,-114,-168,-142
-47,-151,-82,88,25,-126,60,78,-31,-113,-105,-113
-40,-79,-77,61,14,-75,52,45,-43,-74,-73,-67
-3,-64,-47,42,-14,-6,46,15,-13,-22,-31,-41
13,38,11,-15,-5,31,-18,-23,3,25,19,26
26,92,56,-73,-14,86,-40,-45,48,70,107,60
72,149,130,-105,-24,168,-103,-59,69,141,155,129
116,266,175,-194,-42,224,-140,-118,88,215,206,165
121,379,231,-246,-49,279,-205,-140,114,275,331,244
175,429,298,-331,-87,381,-240,-191,149,340,402,321
203,538,348,-400,-108,459,-286,-220,146,429,505,403
237,658,430,-440,-107,528,-360,-270,212,496,581,478
275,717,489,-498,-117,613,-384,-308,220,570,671,533
273,821,526,-534,-106,682,-432,-336,256,614,761,564
300,889,551,-606,-134,706,-484,-361,263,663,795,605
323,927,598,-625,-147,751,-495,-377,279,685,832,663
329,955,620,-637,-148,780,-515,-370,290,717,850,660
331,960,622,-622,-149,777,-520,-373,277,730,867,672
324,928,631,-609,-163,768,-530,-368,308,694,832,666
312,894,598,-601,-146,744,-490,-348,259,668,819,625
295,842,549,-567,-117,676,-478,-339,256,620,752,570
263,760,491,-547,-114,619,-400,-309,237,591,689,534
232,718,456,-465,-123,563,-365,-284,190,530,609,489
208,604,395,-395,-90,501,-315,-234,188,440,539,419
169,498,323,-338,-55,424,-252,-209,148,368,443,353
126,391,269,-257,-60,310,-221,-143,100,283,366,280
82,276,177,-187,-64,206,-151,-87,72,196,238,197
64,196,108,-126,-1,138,-98,-92,51,125,154,112
11,107,38,-78,-21,86,-61,-40,41,51,86,76
-3,-14,8,3,-1,-7,4,-8,0,2,-7,-1
-34,-81,-44,59,9,-61,55,25,-22,-58,-43,-51
-42,-165,-107,82,17,-106,76,58,-22,-105,-139,-104
-86,-202,-128,132,12,-144,115,96,-35,-161,-183,-140
-87,-258,-180,169,10,-201,127,121,-78,-195,-231,-175
-88,-276,-206,201,75,-236,134,94,-67,-211,-249,-211
-114,-317,-192,217,59,-258,163,124,-112,-229,-298,-186
-94,-320,-217,219,48,-270,171,140,-117,-225,-270,-232
-106,-312,-203,213,35,-275,177,128,-84,-248,-293,-210
-99,-327,-224,212,25,-270,164,120,-97,-244,-257,-228
-111,-332,-181,235,71,-263,156,134,-89,-237,-296,-209
-113,-292,-202,194,46,-255,169,119,-90,-234,-271,-220
-94,-282,-171,187,46,-235,158,110,-91,-228,-272,-206
-114,-266,-168,183,58,-231,142,109,-85,-192,-250,-199
-86,-249,-147,158,28,-202,165,105,-67,-197,-235,-169
-89,-240,-144,141,32,-212,98,101,-71,-172,-215,-153
-65,-220,-124,134,25,-192,108,70,-60,-144,-175,-140
-71,-182,-97,139,16,-177,124,93,-62,-147,-187,-131
-72,-159,-103,110,29,-150,94,71,-53,-128,-179,-85
-49,-177,-105,106,34,-128,70,60,-56,-127,-134,-89
-23,-144,-107,91,23,-134,71,59,-52,-99,-136,-114
-66,-128,-97,73,8,-108,42,71,-31,-105,-93,-102
-49,-105,-91,93,38,-87,72,41,-45,-88,-114,-102
-41,-138,-81,79,22,-90,74,44,-48,-76,-93,-66
-33,-122,-76,71,10,-93,62,27,-30,-73,-78,-71
-47,-85,-70,75,12,-77,65,44,-29,-61,-97,-56
-36,-103,-67,52,7,-65,47,51,-51,-81,-81,-58
-34,-109,-65,52,9,-97,33,9,-17,-69,-73,-65
-17,-87,-61,60,20,-75,30,68,-13,-83,-81,-48
-40,-58,-55,76,11,-63,41,42,-17,-63,-86,-47
-40,-72,-69,68,-7,-78,45,49,-28,-49,-73,-53
-33,-88,-58,61,17,-54,39,28,-17,-57,-76,-57
-22,-85,-65,38,19,-54,46,26,-20,-60,-90,-42
-14,-74,-45,66,9,-75,37,55,-25,-52,-70,-76
-24,-80,-59,52,19,-69,68,23,-35,-59,-96,-61
-20,-89,-31,45,10,-71,47,21,-21,-72,-70,-57
-5,-44,-54,47,14,-57,28,17,-20,-53,-54,-31
-11,-80,-37,56,26,-64,51,16,-22,-59,-72,-81
-39,-74,-55,37,14,-52,33,0,-32,-59,-70,-71
-23,-71,-60,42,2,-55,58,16,-17,-65,-62,-49
-15,-63,-67,39,13,-53,52,24,-6,-72,-54,-61
-37,-86,-33,37,25,-59,42,8,-29,-59,-54,-47
-37,-75,-25,44,24,-48,21,19,1,-32,-65,-41
-18,-55,-37,48,-8,-59,47,16,-38,-28,-69,-54
-19,-59,-19,50,11,-69,25,31,-22,-40,-40,-21
-26,-31,-3,30,10,-43,34,26,-8,-34,-52,-28
-19,-51,-31,53,5,-26,19,5,-43,-18,-42,-23
-44,-63,-33,33,2,-65,38,34,-28,-29,-39,-40
-18,-49,-41,48,-6,-34,37,-4,-13,-30,-39,-23
-11,-52,-36,10,-6,-17,19,9,-21,-15,-26,-21
-10,-42,-21,23,3,-13,25,11,-28,-24,-27,-12
-16,-47,9,21,-7,-28,23,7,-22,-44,-20,-51
0,-29,-35,35,-3,-15,3,30,5,-33,-44,-21
-9,-42,-19,27,6,0,5,16,-1,-16,-38,-21
5,-28,-27,13,-20,-21,18,7,-3,-12,-6,-12
5,-35,-22,17,12,0,-12,30,-19,-8,-16,2
12,7,-11,18,1,-1,2,1,-23,-22,21,5
-1,8,-6,1,-5,-8,8,15,1,-5,-7,8
-2,-12,6,3,22,-3,-10,-12,10,-9,7,-9
4,2,6,-13,2,3,-7,-18,15,14,-3,9
11,18,8,25,-4,11,-1,-19,-16,7,-18,18
-2,22,11,2,0,31,6,-4,2,17,19,0
9,27,29,-15,-6,17,-5,3,23,2,15,20
6,38,28,-23,-9,38,2,-23,36,42,24,23
29,31,19,-38,-2,33,-29,-26,8,33,17,31
0,63,24,-29,-6,26,-22,-4,20,26,40,29
-4,41,14,-20,-8,38,-16,-30,13,28,38,42
25,54,25,-52,-18,39,-14,-31,22,44,53,56
21,63,51,-35,0,61,-38,-25,11,40,41,57
8,65,54,-33,-2,58,-45,-30,26,40,57,48
14,90,37,-65,-13,68,-54,-20,24,52,65,41
38,82,38,-63,-7,92,-50,-36,12,69,86,48
15,86,67,-49,-27,77,-45,-33,18,77,74,64
35,110,66,-59,-12,95,-46,-38,13,89,97,56
40,90,62,-80,-11,91,-45,-41,19,92,88,79
70,130,70,-71,-5,102,-72,-43,39,63,98,90
32,132,79,-95,-18,117,-64,-45,39,96,109,93
44,133,91,-82,-26,113,-64,-61,52,103,108,89
27,147,91,-88,-8,127,-65,-57,50,108,146,93
67,135,92,-105,-3,106,-68,-53,43,111,135,97
70,160,107,-101,-23,138,-99,-52,60,107,141,114
55,164,132,-116,-24,135,-105,-55,38,125,162,112
56,182,118,-127,-31,179,-87,-65,58,115,144,132
34,181,127,-140,-22,148,-124,-63,41,159,176,156
53,192,140,-141,-19,137,-93,-57,76,155,151,123
87,206,138,-147,-50,180,-98,-78,57,131,178,138
70,215,136,-147,-42,163,-114,-95,76,130,190,138
74,213,136,-153,-27,190,-108,-82,75,174,174,165
78,233,166,-161,-29,191,-136,-84,56,173,200,140
53,246,153,-171,-54,193,-138,-115,64,179,207,167
84,250,153,-155,-36,207,-134,-85,98,164,198,147
85,229,159,-150,-23,200,-161,-107,62,178,232,170
90,268,161,-167,-31,220,-116,-107,99,181,231,175
90,253,160,-162,-56,220,-139,-98,79,195,241,183
76,265,178,-181,-18,212,-142,-115,95,216,246,179
97,286,183,-192,-46,198,-132,-105,91,227,228,175
74,290,169,-195,-39,231,-170,-141,81,211,260,187
112,279,193,-185,-50,201,-161,-130,75,218,264,191
106,293,192,-177,-45,224,-154,-90,78,209,248,213
119,298,196,-195,-40,239,-164,-122,94,229,258,184
96,304,193,-209,-42,250,-168,-104,112,245,249,190
95,304,193,-218,-49,243,-171,-124,93,208,276,230
95,303,216,-197,-49,248,-199,-130,98,235,266,225
101,310,208,-240,-44,263,-174,-115,91,234,281,204
103,314,185,-235,-37,241,-189,-128,91,218,269,200
111,315,212,-207,-33,266,-196,-137,121,233,294,219
114,299,200,-221,-56,256,-183,-134,95,220,304,218
121,301,215,-222,-47,255,-179,-129,90,230,293,208
90,295,191,-199,-47,254,-166,-110,86,217,270,201
112,321,204,-189,-45,267,-168,-147,90,244,281,230
99,341,196,-200,-41,269,-157,-134,111,249,278,209
105,303,200,-189,-46,239,-179,-117,96,247,277,218
96,278,211,-243,-68,266,-187,-126,72,238,273,218
109,305,192,-207,-32,266,-176,-142,95,231,286,213
109,316,190,-220,-28,236,-166,-106,66,240,292,229
111,306,200,-200,-61,251,-171,-130,91,224,269,207
76,299,202,-214,-53,260,-166,-107,104,218,269,218
109,262,202,-190,-53,252,-158,-130,84,212,273,205
94,267,195,-200,-60,250,-156,-119,81,202,261,193
91,292,170,-198,-51,233,-160,-137,93,224,251,210
98,268,184,-195,-38,241,-141,-117,84,203,235,227
94,269,195,-194,-38,227,-149,-113,82,210,252,196
84,253,172,-194,-41,219,-144,-120,86,186,235,198
111,258,154,-159,-42,229,-134,-92,85,193,228,186
90,272,177,-163,-35,207,-155,-111,90,199,224,179
87,245,145,-161,-38,207,-155,-113,46,175,217,135
77,218,162,-164,-31,208,-129,-102,105,178,186,157
77,253,131,-157,-34,203,-123,-79,44,177,208,164
53,210,138,-141,-11,187,-109,-86,59,169,213,148
56,228,166,-142,-8,189,-120,-83,65,147,185,149
73,217,139,-143,-37,169,-137,-98,56,131,193,144
66,218,141,-153,-54,178,-112,-69,58,146,180,130
82,184,138,-121,-31,161,-129,-87,71,152,188,128
80,196,118,-146,-42,164,-112,-85,85,138,166,142
72,176,98,-129,-14,130,-109,-66,57,149,179,107
44,158,108,-133,-41,148,-83,-87,39,103,147,115
53,185,99,-104,-21,131,-89,-64,62,144,136,84
56,118,107,-112,-30,118,-72,-76,30,120,142,114
48,136,84,-76,1,121,-92,-71,59,82,146,100
46,122,97,-98,-26,105,-70,-55,21,93,120,97
54,118,66,-75,7,97,-79,-30,50,90,119,59
40,111,56,-74,-29,102,-61,-44,55,98,81,90
53,86,66,-79,-10,84,-57,-39,43,97,94,79
27,109,69,-66,-15,82,-67,-39,59,85,86,58
47,81,65,-61,-4,70,-67,-36,19,60,82,60
44,80,55,-79,0,64,-55,-31,33,48,82,43
19,81,52,-60,-5,94,-50,-32,39,49,57,53
32,68,43,-60,-18,54,-26,-38,39,48,46,50
4,62,28,-42,-4,54,-47,-35,-2,21,72,26
3,51,29,-32,-5,27,-54,-39,20,45,18,44
6,31,19,-39,-14,41,-51,-24,29,40,48,29
10,19,25,-25,-19,59,-19,-27,11,25,40,42
8,23,23,-20,-8,29,-34,-22,-13,50,21,15
-8,16,15,-21,-12,13,-33,8,-3,25,11,17
5,36,22,-26,-3,7,6,6,-1,-3,6,0
-14,19,-1,-9,-4,12,-7,-9,15,-1,6,8
20,-2,-7,-4,8,-14,-4,2,-12,-2,12,5
-16,-20,-9,-29,0,-10,3,-7,-25,-39,7,-5
-7,0,-1,12,6,-4,-15,1,8,-3,-31,-13
-12,-20,-10,13,13,-10,15,15,-15,-14,-28,-3
-11,-29,18,16,23,-30,22,-3,7,-22,-24,-23
-16,-9,-16,15,-1,-18,13,13,-13,-32,-23,-27
-30,-30,-11,10,18,-16,-3,8,-12,-19,-24,-37
-19,-31,-23,25,-5,-15,21,26,-18,-30,-39,11
-22,-32,-24,28,22,-36,41,23,-11,-56,-41,-19
-23,-27,-16,17,11,-44,15,7,-3,-25,-32,-25
-27,-55,-37,11,-9,-30,44,29,-13,-13,-54,-47
-24,-62,-45,42,11,-60,7,12,-7,-6,-61,-28
-24,-65,-46,74,15,-46,45,38,-46,-34,-41,-36
-15,-54,-50,40,-2,-47,32,11,-5,-43,-66,-53
-10,-48,-57,34,2,-55,14,28,-19,-35,-59,-19
-22,-67,-40,30,6,-59,60,34,-12,-24,-56,-50
-5,-70,-51,54,18,-49,31,23,-12,-48,-73,-69
4,-58,-44,45,31,-47,60,17,-16,-42,-67,-47
-19,-99,-42,36,18,-39,52,21,-32,-54,-72,-65
-31,-83,-56,71,2,-81,47,37,-27,-71,-68,-46
-16,-71,-70,82,15,-80,60,28,-32,-58,-81,-59
-1,-88,-67,52,20,-48,65,42,-33,-85,-71,-60
-7,-73,-86,81,15,-46,39,42,-3,-59,-82,-71
-38,-85,-37,44,5,-86,44,46,-17,-44,-86,-65
-26,-79,-65,65,16,-68,70,44,-28,-78,-78,-60
-31,-78,-45,76,6,-66,57,29,-34,-71,-83,-58
-19,-91,-61,62,7,-60,51,30,-25,-93,-80,-51
-19,-68,-46,56,-6,-71,65,35,-40,-86,-94,-92
-45,-86,-59,48,-6,-92,46,44,-18,-63,-91,-52
-47,-88,-69,69,-1,-83,55,23,-27,-56,-71,-53
-33,-88,-63,71,28,-65,49,38,-37,-76,-72,-67
-40,-83,-55,67,19,-76,50,65,-22,-82,-90,-82
-36,-101,-80,62,15,-60,61,21,-26,-73,-82,-46
-49,-90,-56,64,-3,-79,29,44,-34,-72,-104,-66
-31,-94,-48,67,15,-83,47,44,-39,-64,-80,-73
-28,-101,-57,70,10,-87,37,30,-29,-79,-86,-81
-36,-119,-58,71,25,-71,50,45,-20,-83,-89,-76
-25,-93,-61,66,-3,-90,62,60,-25,-79,-110,-103
-31,-99,-54,83,25,-88,55,49,-21,-65,-83,-84
-48,-97,-83,77,2,-75,48,26,-5,-72,-94,-52
-26,-99,-64,75,21,-71,55,36,-19,-98,-85,-88
-25,-92,-64,64,-2,-102,75,14,-20,-69,-103,-74
-13,-122,-80,60,21,-76,56,43,-30,-62,-87,-58
-31,-111,-74,77,8,-100,37,31,-31,-88,-90,-67
-34,-111,-63,67,35,-72,77,53,-31,-99,-78,-67
-33,-106,-73,72,24,-94,50,62,-56,-79,-79,-91
-49,-141,-72,71,11,-98,70,47,-29,-88,-85,-69
-34,-87,-48,72,25,-93,58,40,-20,-68,-113,-75
-34,-98,-69,64,24,-97,47,39,-35,-89,-97,-82
-37,-102,-87,74,33,-63,51,59,2,-78,-94,-79
-25,-97,-52,68,33,-70,54,51,-19,-71,-89,-80
-34,-115,-50,68,10,-86,68,34,-22,-61,-73,-77
-40,-96,-57,59,2,-86,78,56,-34,-76,-85,-45
-22,-112,-69,54,12,-76,41,44,-42,-63,-52,-90
-31,-113,-65,31,33,-67,60,22,-32,-68,-93,-68
-37,-119,-80,78,1,-85,69,32,-33,-94,-92,-76
-29,-110,-80,83,7,-77,42,41,-35,-77,-83,-67
-39,-108,-68,68,17,-87,32,24,-54,-93,-83,-61
-28,-77,-49,87,10,-78,57,12,-45,-61,-81,-82
-32,-113,-94,85,18,-80,46,45,-26,-83,-114,-60
-38,-101,-63,64,16,-69,66,33,0,-75,-81,-64
-29,-98,-80,54,18,-65,55,34,-50,-73,-82,-83
-26,-113,-50,53,-3,-84,48,24,-7,-74,-85,-66
-33,-98,-88,70,12,-81,55,59,2,-100,-88,-79
-52,-85,-71,58,4,-76,39,30,-26,-82,-77,-78
-25,-82,-68,74,17,-94,77,44,-30,-69,-78,-62
-25,-105,-69,70,14,-98,77,58,-22,-89,-85,-75
-35,-101,-54,60,22,-89,48,53,-48,-83,-80,-51
-39,-94,-72,69,11,-78,41,26,-48,-69,-76,-59
-33,-109,-53,75,23,-75,36,46,-29,-73,-99,-80
-30,-79,-58,62,38,-67,55,61,-32,-84,-96,-69
-43,-118,-65,76,10,-77,57,31,-30,-62,-91,-95
-44,-104,-85,64,20,-90,52,33,-30,-82,-86,-59
-49,-96,-51,69,7,-90,62,56,-15,-84,-107,-86
-39,-112,-76,71,27,-89,78,33,-35,-73,-85,-64
-47,-92,-51,57,25,-99,39,61,-13,-64,-100,-67
-25,-113,-51,85,-21,-54,76,38,-42,-89,-108,-65
-35,-99,-60,68,19,-94,34,44,-34,-61,-86,-58
-42,-83,-48,42,11,-82,44,38,-37,-58,-102,-70
-35,-103,-80,64,19,-76,44,45,-29,-65,-75,-71
-42,-78,-49,72,10,-107,50,30,-14,-83,-82,-50
-74,-95,-67,74,28,-83,37,26,-24,-70,-86,-69
-43,-74,-46,65,12,-73,63,40,-11,-64,-83,-61
-26,-107,-69,56,9,-70,44,68,-44,-97,-77,-49
-26,-90,-78,51,10,-58,67,41,-27,-66,-84,-73
-43,-97,-61,71,16,-81,62,55,-39,-58,-92,-71
-27,-119,-63,67,32,-76,51,25,-27,-65,-98,-79
-17,-85,-70,91,28,-72,66,32,-31,-79,-65,-69
-46,-76,-59,60,26,-71,64,32,-13,-73,-100,-63
-35,-87,-51,52,7,-69,64,58,-28,-88,-72,-66
-32,-111,-38,62,-5,-74,61,49,-33,-71,-85,-66
-39,-77,-81,59,16,-75,61,34,-24,-61,-75,-56
-9,-107,-43,52,22,-77,29,38,-33,-65,-92,-70
-26,-108,-73,85,18,-91,47,34,-32,-58,-95,-76
-42,-75,-38,58,43,-81,85,35,-18,-64,-63,-43
-30,-81,-42,47,12,-89,53,28,-39,-68,-91,-49
-12,-101,-59,71,15,-70,53,14,-45,-68,-72,-104
-40,-106,-60,51,11,-64,69,45,-14,-34,-109,-59
-44,-90,-74,65,-8,-71,52,27,-7,-72,-76,-55
-18,-94,-67,49,-8,-95,47,44,-46,-90,-80,-52
-32,-87,-45,74,3,-67,46,37,-18,-64,-83,-63
-31,-85,-73,52,-2,-68,46,36,-19,-28,-66,-68
-27,-75,-49,67,33,-63,92,31,-45,-58,-93,-66
-7,-88,-70,50,-4,-73,59,34,-24,-42,-77,-57
-16,-102,-66,67,21,-78,57,42,-24,-62,-89,-53
-12,-90,-55,66,17,-71,29,27,2,-56,-87,-76
-41,-91,-65,89,5,-91,36,35,-5,-58,-97,-71
-31,-79,-57,66,5,-75,60,24,-15,-66,-81,-60
-43,-69,-66,46,11,-58,69,37,-9,-57,-74,-58
-28,-65,-70,63,12,-94,61,53,-25,-71,-77,-77
-21,-89,-53,59,5,-64,50,57,-41,-71,-84,-55
-31,-99,-35,49,30,-66,48,35,-39,-54,-69,-75
-38,-105,-52,60,10,-65,36,38,0,-55,-77,-72
-12,-85,-51,86,15,-56,38,30,-25,-51,-63,-62
-36,-84,-71,58,19,-58,38,39,-18,-46,-74,-59
-17,-88,-55,63,4,-85,61,22,-48,-68,-81,-63
-41,-69,-57,51,34,-55,44,28,-51,-53,-65,-57
-26,-95,-67,44,18,-80,40,10,-27,-51,-67,-29
-23,-87,-50,49,0,-63,57,51,-45,-36,-74,-63
-29,-89,-82,37,-1,-50,28,45,-23,-52,-75,-44
-23,-82,-36,61,20,-67,52,15,13,-42,-62,-50
-46,-51,-60,67,8,-72,36,9,-17,-60,-67,-44
-36,-77,-64,68,4,-45,33,19,-29,-58,-74,-66
-50,-72,-40,66,15,-56,17,31,-26,-66,-75,-54
-12,-72,-51,70,13,-52,46,33,-43,-51,-70,-48
-10,-59,-26,40,6,-46,29,42,-16,-48,-47,-60
-2,-59,-47,73,12,-52,7,30,-24,-39,-83,-65
-1,-37,-40,55,26,-36,42,40,-27,-56,-38,-25
-40,-55,-35,36,10,-23,35,40,-37,-47,-33,-44
-31,-55,-14,28,3,-29,17,35,-7,-53,-71,-25
-16,-67,-34,25,-10,-46,24,19,-35,-32,-56,-24
3,-44,-24,32,33,-33,21,20,0,-39,-14,-34
-9,-22,-16,18,26,-22,14,13,-7,-16,-32,-45
-8,-19,-18,29,-19,-20,10,16,-35,-30,-26,-11
-18,-17,-28,12,10,-37,12,18,7,-1,-39,-25
15,-21,-14,11,-2,-21,0,21,-8,-23,-41,-12
-2,-39,-16,12,22,-14,-10,9,2,-10,-6,-11
-16,9,-40,11,8,-19,13,8,-10,-20,-3,-1
-7,-3,-4,-3,-3,6,2,-6,20,-13,4,-18
13,-1,-12,-5,20,3,-5,1,16,23,-8,-14
12,-7,16,3,2,-15,2,-2,14,-17,21,15
8,29,10,-9,4,21,-20,-26,12,9,-4,16
6,7,13,-17,3,29,-11,1,32,3,13,17
4,26,-2,-28,-2,26,-40,-20,11,9,13,35
21,32,30,-19,-19,53,-10,-13,22,21,17,15
27,57,26,-32,-14,42,-26,-12,28,39,45,20
22,44,48,-28,5,17,-32,-35,34,41,62,49
34,57,55,-35,-5,65,-28,-13,26,59,66,38
28,76,46,-68,-21,63,-24,-25,16,50,58,53
6,93,58,-84,7,52,-49,-43,25,45,81,52
41,101,66,-54,-26,83,-64,-14,37,75,95,49
23,87,73,-56,-4,59,-62,-28,28,92,101,91
31,118,65,-74,-31,84,-45,-47,47,74,111,62
45,127,86,-87,-21,79,-63,-30,20,87,129,100
36,120,69,-88,-22,91,-71,-48,42,73,140,80
55,132,80,-84,-14,104,-85,-39,50,111,127,93
54,128,96,-74,-33,120,-79,-29,41,90,125,95
29,169,94,-106,-14,126,-79,-48,44,108,124,95
31,161,92,-97,-18,136,-67,-62,59,108,134,107
59,155,92,-91,-54,114,-94,-57,46,135,138,113
25,169,96,-129,-18,139,-76,-78,61,120,154,136
55,169,121,-103,-43,138,-85,-65,55,128,159,110
55,167,98,-135,-17,149,-96,-67,78,138,175,128
63,184,135,-127,-18,140,-73,-77,46,137,180,117
72,184,127,-134,-35,149,-92,-81,64,137,167,112
37,174,100,-100,-8,116,-95,-43,73,146,149,102
53,161,125,-136,-28,146,-94,-46,47,133,168,129
66,191,123,-119,-38,156,-108,-83,55,138,168,133
81,187,132,-144,-41,139,-91,-69,31,112,173,138
48,193,154,-127,-12,151,-103,-68,35,124,156,127
73,173,119,-118,-13,143,-109,-74,50,138,145,143
63,182,108,-134,-27,133,-94,-69,50,125,164,121
53,207,107,-131,-35,125,-84,-70,39,154,160,130
50,176,115,-112,-45,158,-86,-65,75,119,147,109
54,155,107,-114,-41,127,-92,-87,65,109,146,108
72,152,104,-109,-8,143,-62,-46,46,129,161,103
64,154,99,-78,-39,123,-82,-71,56,94,149,116
59,129,65,-85,-28,99,-83,-47,46,111,132,124
38,125,89,-95,-22,134,-55,-55,38,85,124,103
38,140,97,-64,-2,92,-51,-72,63,87,115,114
37,139,77,-87,-19,103,-62,-46,19,88,116,102
26,98,88,-77,-29,97,-68,-68,47,71,87,86
45,122,53,-68,-12,104,-52,-27,22,76,106,70
47,85,66,-85,-29,87,-50,-36,30,75,90,47
10,94,62,-41,-40,81,-48,-45,38,73,85,45
32,92,48,-57,-13,71,-34,-19,6,65,85,52
28,62,49,-36,-10,48,-40,-29,19,53,83,56
19,57,50,-32,-20,46,-46,-48,1,51,55,40
30,66,27,-20,-3,41,-36,-4,14,24,38,57
21,22,25,-40,-5,46,-23,-25,21,29,39,16
21,40,30,-50,-6,32,-14,-10,16,20,19,-2
-5,34,26,11,11,2,-30,-5,13,14,18,24
11,22,26,-12,-28,19,-16,-5,7,27,-8,6
6,13,8,-4,11,1,-1,5,-1,-5,0,-1
6,0,11,4,-5,-25,11,-14,7,7,15,-13
-14,-6,0,-5,-5,1,-16,4,-9,-6,0,-10
-6,-13,-8,7,13,-3,-15,5,-5,-17,-14,-15
-23,-19,-6,9,8,-28,4,21,-16,-18,0,-8
-10,-13,-16,15,-6,-35,-8,2,-21,-11,-17,-24
-30,-27,-20,5,-20,-46,38,-4,-19,-18,-11,-23
-10,-28,-2,31,21,-38,54,13,-13,-13,-38,-12
-44,-35,-30,21,-5,-58,25,33,-18,-13,-39,-18
-22,-36,-34,30,-20,-21,29,12,-23,-44,-46,-9
-1,-54,-25,5,2,-45,8,17,-18,-32,-49,-25
6,-57,-17,26,0,-38,0,26,-11,-47,-26,-39
-28,-72,-33,13,8,-39,34,16,-18,-31,-55,-33
-28,-47,-47,42,-18,-49,24,22,-26,-43,-53,-43
2,-66,-25,43,0,-34,24,17,-22,-46,-40,-48
0,-60,-57,31,10,-31,24,22,-14,-16,-51,-63
-30,-69,-55,44,20,-52,14,31,-27,-38,-72,-35
-15,-63,-28,44,17,-58,40,28,-31,-50,-56,-47
-19,-81,-42,51,35,-44,25,14,-18,-64,-51,-38
-28,-72,-28,46,-10,-64,31,27,-29,-55,-47,-34
3,-65,-25,39,13,-71,60,33,-39,-57,-71,-54
-55,-80,-59,67,6,-78,25,15,-17,-74,-65,-56
-37,-57,-54,55,9,-38,25,37,-5,-78,-105,-60
-28,-89,-50,48,6,-64,30,29,-28,-48,-86,-67
-24,-87,-55,59,3,-73,44,27,-18,-86,-64,-75
-30,-92,-73,57,18,-62,65,32,-25,-65,-80,-71
-61,-89,-69,95,21,-102,63,59,-35,-78,-100,-78
-48,-103,-62,81,30,-114,64,57,-35,-80,-116,-88
-52,-118,-73,88,29,-99,63,67,-41,-99,-115,-91
-35,-129,-101,91,13,-114,62,48,-46,-111,-121,-83
-34,-153,-92,103,12,-106,73,56,-40,-91,-110,-104
-52,-148,-100,95,34,-109,78,64,-31,-116,-119,-114
-70,-194,-105,126,39,-137,108,90,-58,-129,-140,-113
-50,-170,-110,145,30,-152,91,88,-54,-132,-159,-142
-65,-189,-105,146,11,-157,109,70,-57,-147,-141,-144
-66,-224,-146,137,26,-186,95,87,-49,-167,-188,-161
-96,-211,-117,135,7,-161,111,92,-58,-157,-202,-169
-63,-235,-161,165,33,-187,108,92,-75,-137,-201,-166
-80,-210,-142,152,38,-172,134,87,-72,-170,-221,-140
-70,-226,-151,136,28,-180,123,98,-75,-168,-214,-169
-72,-194,-141,144,11,-183,118,79,-59,-176,-183,-137
-90,-177,-113,147,29,-151,105,72,-51,-152,-156,-141
-71,-170,-100,105,27,-131,93,60,-49,-122,-159,-108
-26,-128,-76,94,17,-138,49,57,-10,-89,-111,-72
-19,-78,-69,67,10,-83,68,16,-15,-81,-58,-65
0,-23,-29,25,25,-29,22,18,-15,-24,-28,-27
0,9,15,-36,26,21,-5,-6,-8,5,39,-2
57,101,50,-54,-13,88,-52,-27,4,72,65,88
61,184,116,-133,-40,136,-116,-72,51,127,174,123
65,257,160,-183,-29,217,-133,-89,83,195,235,191
120,357,243,-204,-62,294,-213,-117,109,252,313,244
164,456,310,-322,-73,374,-251,-173,133,342,412,313
198,577,372,-377,-68,475,-309,-216,159,423,498,393
221,627,434,-427,-109,539,-368,-265,201,509,586,448
273,740,504,-504,-118,631,-420,-306,211,569,689,525
282,828,523,-565,-111,658,-457,-341,238,614,740,586
332,901,572,-614,-139,749,-492,-369,252,675,788,633
340,932,618,-649,-122,787,-500,-374,300,698,844,656
347,973,639,-653,-151,820,-516,-377,284,724,865,667
353,982,636,-665,-125,816,-548,-365,285,719,858,672
315,945,626,-671,-150,814,-525,-380,298,714,848,682
319,956,589,-637,-130,779,-507,-361,296,694,850,655
297,883,570,-597,-128,729,-479,-340,269,645,802,611
299,791,531,-549,-94,682,-452,-344,223,601,739,557
247,722,475,-513,-119,599,-397,-305,238,559,670,505
209,640,414,-442,-98,538,-344,-271,203,495,583,418
178,537,341,-370,-80,456,-316,-219,165,393,500,386
161,425,284,-292,-60,358,-255,-181,132,336,381,300
148,321,210,-227,-49,249,-176,-109,97,247,294,237
80,215,142,-123,-31,185,-130,-75,66,169,191,154
45,134,114,-93,-19,129,-74,-58,30,108,128,102
26,41,41,-34,0,38,-28,-30,5,45,30,36
-8,-47,-22,37,11,-26,17,21,-34,-28,-59,-47
-37,-117,-80,87,10,-108,40,52,-52,-78,-93,-89
-66,-159,-131,121,31,-140,103,59,-50,-116,-163,-133
-75,-237,-153,145,30,-200,130,96,-56,-151,-216,-163
-94,-257,-171,178,27,-212,143,98,-91,-169,-254,-182
-93,-301,-172,187,51,-232,164,107,-112,-201,-265,-197
-87,-304,-190,208,51,-249,195,131,-89,-226,-266,-195
-104,-297,-224,196,48,-253,187,136,-113,-237,-284,-199
-121,-304,-217,204,31,-248,150,116,-112,-227,-267,-210
-110,-300,-199,208,64,-235,158,109,-98,-232,-261,-222
-118,-300,-196,225,21,-253,164,113,-74,-197,-254,-205
-93,-271,-163,206,41,-213,166,96,-101,-193,-251,-196
-84,-277,-164,177,42,-227,134,96,-83,-181,-254,-172
-79,-242,-145,163,31,-187,129,64,-66,-176,-195,-189
-84,-220,-144,137,32,-177,149,111,-62,-146,-211,-169
-65,-181,-156,129,29,-148,110,72,-53,-147,-185,-116
-57,-202,-111,113,17,-170,100,78,-55,-125,-150,-112
-64,-159,-98,96,19,-115,98,58,-72,-106,-133,-120
-46,-144,-84,71,38,-105,62,62,-22,-114,-119,-54
-29,-111,-96,85,21,-89,57,44,-79,-85,-91,-81
-39,-109,-84,73,3,-105,57,37,-32,-77,-68,-86
-51,-96,-80,47,19,-93,55,29,-17,-56,-83,-75
-23,-103,-39,50,-5,-79,41,21,-26,-64,-78,-57
-26,-77,-51,60,-1,-61,33,5,2,-37,-66,-62
-16,-57,-42,40,12,-51,44,24,1,-59,-78,-46
2,-57,-52,69,22,-47,52,23,-23,-32,-42,-36
-35,-39,-23,29,-7,-58,33,25,-25,-37,-54,-46
-49,-55,-29,44,12,-41,21,34,-14,-25,-61,-36
-28,-47,-24,28,13,-63,12,31,-14,-38,-42,-29
0,-37,-44,48,4,-41,28,2,-23,-27,-42,-44
-21,-70,-27,33,6,-32,36,29,-1,-32,-48,-53
-11,-42,-20,42,-18,-1,31,24,-10,-33,-51,-27
-29,-28,-31,36,-6,-47,44,43,-15,-46,-43,-35
-13,-66,-30,14,20,-40,27,27,-9,-42,-74,-54
-10,-33,-44,24,2,-46,47,17,-10,-37,-37,-47
-11,-45,-37,43,9,-32,24,19,-12,-43,-49,-15
-21,-29,-5,22,4,-27,22,10,-15,-35,-59,-35
-7,-50,-38,20,-7,-49,36,13,-21,-37,-39,-44
-17,-47,-14,43,5,-46,11,25,-6,-23,-34,-30
-7,-45,-28,27,11,-16,16,11,-14,-18,-29,-19
7,-50,-26,23,11,-42,8,18,-17,-29,-13,-39
-20,-14,-41,35,-2,-64,35,0,-14,-47,-39,-39
-2,-37,-27,24,6,-23,26,5,14,-38,-41,-17
-1,-25,-5,18,23,-10,22,20,3,-16,-24,-52
4,-28,-15,25,2,-19,13,32,9,-36,-33,-21
3,-29,-4,17,-11,-21,-3,24,-20,-11,2,22
-12,-15,-15,13,22,-26,8,20,2,-19,-21,8
-17,-13,-25,27,-7,-16,4,-1,-3,-6,-9,-17
12,-28,5,-7,-11,-7,-4,13,-15,-32,3,3
7,2,-2,24,-8,11,-35,-20,5,-17,-23,-2
13,-5,-2,7,14,-29,-3,8,11,-11,11,1
10,2,8,2,-3,4,-1,12,-2,10,-5,0
0,20,-11,8,-5,27,-5,3,-18,7,0,1
-26,6,0,-4,-15,5,-17,2,-4,9,5,-8
15,10,7,-7,4,26,-22,-12,8,-9,14,1
-2,19,-3,-14,11,9,-20,9,-10,0,-2,-3
4,27,27,-1,-3,27,2,-9,-1,12,38,14
6,25,22,-13,-22,17,-22,-22,5,41,26,4
10,44,45,-8,3,19,-20,0,5,20,54,20
9,35,10,-24,-16,32,-17,-3,-7,26,22,23
16,42,11,-30,-14,26,-35,6,26,36,38,29
17,53,43,-21,-14,37,-21,-22,11,42,46,34
17,36,32,-43,-2,43,3,-38,26,49,56,69
24,57,49,-19,-19,64,-23,-24,27,55,62,27
33,67,50,-47,-9,65,-40,-33,14,66,67,61
15,95,14,-54,-6,57,-49,-36,24,59,67,45
60,80,39,-62,-17,69,-41,-32,31,56,68,58
13,84,45,-68,-34,60,-36,-53,31,76,56,60
16,111,58,-49,8,101,-64,-30,21,71,120,53
27,98,61,-58,0,90,-48,-50,28,82,106,61
31,83,64,-83,-37,112,-74,-46,33,75,99,67
55,105,94,-92,-19,106,-62,-55,42,91,116,88
68,123,90,-89,-47,124,-87,-67,21,119,127,95
45,141,87,-115,-5,98,-53,-64,46,112,123,88
56,154,90,-90,-43,91,-79,-52,66,113,119,96
77,145,110,-98,-35,128,-68,-52,35,131,144,110
55,164,94,-93,-36,137,-101,-60,65,113,164,115
62,183,111,-108,-13,147,-99,-69,46,130,167,118
83,186,121,-122,-5,164,-87,-80,48,122,153,138
52,186,118,-113,-26,153,-103,-71,45,129,177,152
54,214,119,-136,-18,149,-115,-85,65,156,169,154
73,213,155,-153,-38,169,-105,-79,64,153,193,141
77,236,141,-151,-28,200,-126,-87,70,167,197,152
78,205,142,-173,-51,176,-131,-85,82,177,192,148
62,237,164,-175,-29,208,-136,-89,68,199,217,162
84,227,155,-149,-37,202,-141,-92,71,181,226,206
101,243,165,-172,-35,205,-143,-93,61,196,227,179
94,255,180,-167,-47,243,-134,-92,83,195,253,160
82,290,176,-173,-36,205,-135,-133,40,211,240,175
82,288,194,-187,-53,221,-143,-121,78,202,250,182
101,291,178,-198,-34,237,-162,-120,77,191,259,197
74,296,183,-187,-74,240,-158,-110,94,220,292,211
100,302,186,-209,-31,228,-161,-104,107,247,261,191
115,318,186,-210,-24,238,-166,-124,85,229,271,232
124,341,196,-213,-78,254,-174,-134,67,223,268,218
96,308,213,-206,-50,271,-187,-136,71,225,278,205
94,327,197,-235,-46,280,-179,-121,94,240,291,203
102,303,217,-226,-69,256,-178,-119,79,250,265,222
105,337,217,-220,-49,274,-168,-130,107,248,291,243
114,326,201,-220,-69,309,-169,-130,118,243,315,239
96,331,219,-223,-56,284,-172,-143,90,245,288,203
110,346,207,-240,-44,269,-204,-142,110,262,289,249
119,372,213,-230,-56,284,-176,-135,89,254,321,256
121,347,227,-227,-40,284,-199,-154,101,274,316,256
121,327,230,-231,-30,282,-204,-147,113,283,307,246
140,341,206,-235,-66,259,-193,-105,103,242,321,241
142,373,210,-241,-47,302,-192,-137,97,267,340,257
147,356,230,-254,-70,283,-192,-147,116,247,324,263
123,354,242,-233,-51,281,-193,-139,99,262,305,250
114,348,207,-238,-64,296,-184,-126,92,258,332,252
121,361,239,-220,-62,306,-207,-132,114,267,322,263
116,344,230,-244,-50,284,-186,-144,93,259,335,236
118,382,235,-252,-56,281,-209,-137,93,275,311,248
105,346,215,-244,-57,287,-190,-129,102,254,314,249
138,369,222,-213,-54,288,-182,-143,85,245,327,255
126,351,234,-243,-49,301,-193,-153,98,282,309,237
116,344,221,-257,-18,282,-196,-138,96,237,329,228
111,340,229,-216,-57,283,-184,-129,105,250,317,242
114,316,217,-245,-49,287,-184,-132,85,229,276,223
113,340,216,-244,-48,254,-189,-130,101,255,276,234
110,302,198,-214,-41,244,-180,-126,96,236,282,227
89,319,219,-203,-48,253,-181,-132,80,205,266,194
116,304,202,-203,-50,262,-166,-115,84,227,283,206
102,296,182,-219,-54,248,-147,-132,72,219,271,207
105,306,209,-207,-46,229,-167,-122,65,240,276,216
115,313,166,-209,-31,226,-150,-91,111,219,258,204
91,286,183,-181,-20,220,-166,-111,82,195,243,198
87,250,164,-178,-37,214,-136,-108,102,219,243,203
92,284,150,-189,-37,206,-145,-126,74,220,253,194
79,271,185,-176,-26,218,-156,-95,72,203,243,170
108,244,159,-149,-30,202,-128,-105,75,202,234,178
71,266,173,-177,-61,190,-137,-90,92,175,234,176
74,265,151,-157,-29,208,-138,-97,87,174,204,140
75,231,156,-143,-26,207,-142,-93,69,193,214,156
93,202,141,-138,-26,188,-125,-84,55,167,172,142
71,205,142,-145,-41,167,-110,-85,76,164,191,112
89,198,131,-128,-13,150,-113,-78,46,159,184,147
47,191,139,-122,-49,131,-84,-67,62,157,190,140
69,176,111,-142,-21,145,-123,-81,66,126,165,113
71,166,100,-121,-28,168,-113,-75,81,129,177,124
51,149,118,-105,-33,126,-89,-49,27,114,137,94
40,131,108,-97,-24,145,-90,-61,31,115,124,111
47,167,127,-98,-17,97,-95,-45,33,108,131,111
49,132,88,-87,-6,117,-62,-48,34,110,142,94
38,134,82,-103,-19,123,-76,-47,33,89,130,72
56,118,91,-78,-27,92,-76,-44,48,89,130,66
43,117,78,-66,-24,89,-69,-45,27,79,105,76
21,101,83,-74,-3,84,-57,-35,11,66,99,72
17,89,64,-84,-15,47,-55,-37,38,77,69,57
15,88,64,-67,-6,72,-37,-17,33,77,70,43
26,93,52,-63,-17,48,-45,-53,31,49,98,53
12,85,37,-62,-14,72,-52,-18,18,39,41,58
28,76,55,-33,-11,27,-32,-30,24,43,52,35
40,62,43,-45,-4,54,-40,-36,-2,27,42,37
16,48,46,-41,-53,62,-38,-23,34,34,69,37
39,61,8,-48,8,42,-23,-40,16,40,57,47
30,41,28,-15,-15,49,-48,-34,8,37,46,13
25,44,23,3,5,15,-18,-17,-7,15,33,35
26,38,39,-10,1,28,-2,1,9,29,21,37
29,46,5,10,-11,33,-19,-23,-7,16,35,-6
1,24,26,4,-18,3,-9,-13,-1,9,-1,37
5,18,36,3,-7,0,25,-1,-3,9,4,-4
6,-5,4,-18,3,4,-17,15,23,-2,-18,14
-11,0,-18,-20,14,2,-9,-5,-13,12,22,11
-1,-2,-5,-5,-6,-11,0,0,3,-10,12,24
-3,-21,-11,16,-5,16,-13,16,-22,-15,-13,-10
10,-3,9,-13,5,-11,13,-7,-2,-2,-15,-7
3,-20,3,6,-8,-20,-19,3,21,-15,7,-2
-10,-30,6,14,1,-6,4,-5,12,-14,-20,-10
-29,-10,-15,32,3,-27,22,-1,-14,-15,-22,3
-20,-36,-26,-3,13,-15,7,9,2,-12,4,-5
-3,-12,-24,21,18,-17,11,19,-19,-5,-11,-29
-10,-41,-22,9,-7,-13,17,8,-21,-26,-33,-18
14,-27,-6,11,0,-23,14,17,-11,-18,-26,-32
5,-46,-13,34,-5,-32,20,15,17,-11,4,-15
-13,-58,-9,31,10,-35,23,15,-8,-13,-42,-27
-23,-40,-26,20,16,-37,37,27,-7,-37,-54,-14
2,-47,-30,28,3,-9,33,19,15,-30,-45,-26
-4,-35,-22,27,20,-32,8,7,1,-48,-40,-21
-15,-49,-36,25,-2,-30,18,46,-17,-22,-9,-19
-12,-59,-13,28,-6,-52,32,2,-23,-24,-27,-38
-10,-40,-32,35,14,-61,14,-3,-17,-29,-48,-17
-6,-33,-18,9,9,-35,26,10,-8,-35,-46,-50
-9,-63,-20,18,13,-39,29,33,-4,-29,-27,0
3,-43,-24,40,-8,-29,30,4,-22,-52,-38,-40
-16,-45,-24,30,6,-23,26,10,-19,-28,-41,-38
-4,-53,-25,37,6,-32,33,46,-13,-31,-38,-38
-31,-43,-19,6,-10,-51,27,9,-25,-36,-41,-19
-16,-47,-30,30,2,-24,35,12,-24,-26,-29,-40
-12,-43,-48,33,11,-33,43,18,-25,-25,-54,-30
-6,-53,-27,30,15,-30,16,25,-15,-58,-42,-45
-29,-52,-44,38,20,-35,7,44,-13,-42,-57,-43
-15,-46,-34,7,14,-50,26,8,-30,-14,-39,-50
-10,-39,-16,38,8,-38,26,16,3,-67,-48,-16
5,-45,-33,35,25,-61,47,0,-7,-40,-44,-34
-6,-56,-36,28,25,-60,29,25,5,-46,-46,-13
-27,-49,-42,31,22,-19,11,1,-17,-36,-21,-46
-39,-60,-17,33,-20,-38,13,-4,-20,-51,-57,-42
-24,-29,-47,35,0,-38,32,-5,-21,-48,-31,-51
-20,-56,-27,30,1,-51,29,26,-1,-54,-26,-39
-6,-44,-14,28,20,-40,39,14,-33,-44,-40,-45
-12,-44,-34,29,33,-52,38,5,-12,-34,-32,-17
-19,-50,-23,41,16,-41,10,14,-8,-31,-47,-31
-3,-43,-17,28,-19,-35,33,1,-26,-36,-45,-9
2,-48,-33,29,0,-41,16,19,-14,-22,-53,-53
-14,-46,-19,40,14,-22,37,29,-26,-31,-16,-23
-19,-58,-11,22,20,-36,24,13,-14,-28,-44,-30
-7,-48,-20,49,-18,-51,18,22,-10,-39,-22,-10
-28,-48,-38,40,-5,-41,22,8,-25,-46,-49,-37
-19,-35,-26,39,22,-24,15,6,-25,-22,-31,-35
-13,-55,-9,27,17,-46,19,15,-61,-30,-49,-12
-9,-55,-28,26,18,-37,16,5,-4,-56,-28,-31
-13,-56,-14,22,17,-32,43,35,-21,-24,-53,-33
7,-48,-35,27,-4,-37,47,2,4,-41,-45,-45
-8,-29,-19,25,3,-45,31,13,-2,-24,-29,-46
-12,-37,-27,26,-17,-46,36,39,2,-30,-46,-46
12,-25,-15,22,0,-46,29,22,-20,-35,-33,-9
-19,-45,-50,36,14,-50,39,26,-32,-37,-46,-36
-17,-63,-48,12,10,-30,13,25,8,-33,-28,-17
-31,-53,-33,35,9,-39,27,12,-6,-44,-27,-27
-6,-25,-30,19,-3,-31,-5,-2,-7,-31,-56,-34
-5,-31,-51,38,-12,-44,22,24,-6,-49,-34,-15
4,-15,-38,29,5,-34,26,5,-18,-35,-56,-14
-24,-43,-28,21,20,-32,26,6,2,-58,-37,-27
-13,-46,-24,28,30,-36,38,9,-16,-33,-45,-30
-10,-28,-39,16,9,-56,29,25,-7,-13,-41,-12
-22,-47,-35,34,-3,-3,42,18,-6,-13,-17,-27
-10,-25,-36,23,15,-33,26,9,-7,-24,-35,-28
-17,-41,-36,30,3,-53,27,21,0,-29,-57,-16
-2,-34,-58,44,14,-10,25,30,-9,-19,-46,-26
3,-51,-28,25,5,-27,-4,9,-29,-26,-23,-12
-15,-6,-37,25,1,-32,19,17,-16,-23,-35,-20
-8,-35,-16,20,-2,-13,40,31,-23,-35,-18,-16
-6,-55,-6,20,-9,-49,31,29,-5,-27,-22,-19
-35,-27,-34,28,22,-21,-2,-6,-13,-23,-15,-13
-22,-37,-33,34,2,-40,9,19,6,-37,-47,-21
-24,-51,-11,20,12,-29,-8,13,-19,-25,-29,-43
-10,-44,-21,20,-20,-25,17,-7,7,-15,-22,-12
-21,-44,-22,29,2,-25,21,17,-4,-45,-33,-23
-11,-53,-29,25,4,-32,23,-4,-12,-28,-20,-53
-8,-53,-39,21,-1,-36,0,-14,-9,-35,-49,-21
-3,-29,-13,29,16,-26,24,19,-11,-30,-35,-35
-11,-27,-24,8,3,-22,5,15,0,-5,-28,-8
5,-45,-5,15,-20,-23,42,1,-23,-20,-49,-19
-5,-18,-28,42,2,-12,26,6,-14,-29,-6,-23
-20,-33,-9,34,-2,-30,22,7,-26,-34,-24,-20
-5,-16,-14,16,2,-13,16,13,19,-14,-25,-34
-9,-17,-19,10,-10,-36,37,33,-13,-44,-37,-44
-11,-22,-30,9,4,-28,37,19,-9,-10,-44,-18
5,-49,-9,12,-15,-34,34,9,-9,-17,-10,-41
-26,-27,-29,18,-1,-18,11,14,-35,12,-29,-35
-10,-39,-48,26,-14,-21,-1,27,-7,-9,-25,-21
-10,-32,-8,24,-4,-10,0,27,17,-17,-47,-35
-6,-19,-3,7,0,-51,0,-2,-18,-10,-33,-13
-26,-24,-22,22,-10,-14,33,10,-10,-11,-29,-22
-12,-26,-44,13,-7,-22,2,28,-10,9,-23,-10
-24,-54,-17,-19,-4,-26,22,-8,-20,-39,-25,-4
-17,-24,-8,18,-10,-20,6,18,-13,-22,-13,-39
-7,-27,-22,0,7,-31,29,3,-17,-19,-26,-31
-2,-17,-12,43,-21,-31,26,2,-33,-16,-28,-51
-12,-43,-31,3,10,-8,29,37,-16,-5,-21,-11
-24,-30,5,26,-31,-34,10,13,2,-4,-26,0
-13,-18,-20,32,-10,-26,8,6,-14,-12,-23,-30
9,-10,-25,17,2,-7,12,-6,-20,-29,-10,8
11,-20,-12,20,5,-11,-2,-5,-5,-29,-35,-5
-4,-12,-11,36,2,-1,26,16,-5,-26,-16,-14
-23,-22,-29,10,6,-19,14,7,-14,-14,-10,-7
3,-12,-17,35,4,-9,15,30,-2,-8,-1,-4
-25,-6,-7,13,12,-4,32,5,19,-24,-38,-26
-3,-18,-16,22,6,-12,16,0,15,-11,-8,-22
-3,-28,-10,-17,-14,10,-13,-4,-23,-21,-14,-34
-11,-10,-22,25,3,-16,17,-2,-5,5,-26,-5
-18,4,-21,1,7,-3,18,0,-13,-4,-34,-8
12,-4,19,15,1,-23,25,10,-22,-14,-17,-21
4,3,-4,14,3,-12,-7,-7,-10,0,-36,-5
-22,-38,23,-3,21,6,4,-26,15,-25,-14,6
3,-11,-5,-14,-10,-1,11,2,9,-12,9,-16
-8,-13,-9,-9,7,-10,-13,9,5,3,-33,6
0,-3,-1,21,5,-13,5,2,6,-4,24,-4
-4,-1,12,2,7,-21,13,-12,-12,-16,-13,-1
14,47,2,-4,-4,-2,5,3,1,15,-3,-11
5,1,5,12,-29,12,-9,16,9,3,1,-2
-6,9,0,14,-16,21,-18,1,13,9,16,16
-19,11,-9,12,-14,17,-16,-6,6,12,-18,21
16,21,2,7,-8,5,-7,-12,1,13,0,-2
-6,35,31,-40,16,30,-31,-9,12,17,26,11
1,4,10,-25,10,39,-11,-16,-6,33,32,17
7,29,5,3,-2,26,-10,-8,11,28,24,34
-8,29,12,-7,0,28,-31,16,18,14,50,22
31,53,32,-30,-6,44,-31,-12,-5,40,13,22
5,41,16,-11,-4,26,-23,-19,24,21,41,29
29,35,34,-27,-27,26,-10,-21,27,46,44,27
6,21,43,-58,-13,56,-14,-23,13,42,34,31
14,69,43,-48,1,49,-10,-21,13,37,48,34
27,66,43,-51,9,18,-32,-6,28,39,46,37
35,91,31,-68,-18,72,-53,-23,14,36,73,52
35,86,45,-61,17,100,-33,-41,25,60,63,56
27,82,78,-42,-19,58,-54,-32,14,85,92,77
39,110,64,-58,-18,66,-71,-54,56,73,107,61
32,108,70,-77,-25,111,-37,-41,44,95,95,67
46,114,71,-60,-16,97,-69,-34,29,96,109,103
30,137,60,-97,-9,118,-85,-55,37,85,122,75
46,116,96,-97,-22,120,-73,-61,39,121,132,77
41,141,99,-108,-20,113,-94,-53,58,98,139,103
52,166,112,-97,-26,124,-73,-43,36,147,132,101
64,157,80,-121,-8,127,-101,-62,23,122,141,102
44,169,164,-100,-45,134,-88,-59,45,130,151,127
34,147,121,-128,-17,136,-111,-67,68,143,173,114
58,185,115,-121,-28,150,-92,-86,79,152,174,146
62,204,130,-133,-45,164,-103,-76,68,135,163,147
64,213,128,-170,-19,171,-110,-75,31,164,168,122
73,237,128,-136,-36,158,-113,-101,89,175,199,173
74,198,148,-142,-35,190,-152,-80,57,166,180,143
85,220,142,-149,-40,184,-109,-102,61,179,198,145
82,213,144,-171,-34,178,-143,-70,80,185,195,156
88,236,169,-160,-25,188,-114,-91,71,186,220,163
82,234,159,-157,-17,186,-139,-94,62,183,209,167
97,254,147,-165,-46,210,-148,-93,71,189,203,169
99,240,152,-171,-31,190,-134,-100,74,174,222,151
80,255,184,-169,-40,208,-129,-88,70,202,212,166
83,261,171,-171,-32,216,-147,-116,53,197,213,165
111,256,185,-166,-26,222,-111,-101,75,173,231,163
81,232,183,-167,-37,212,-135,-94,54,188,209,155
70,229,180,-165,-37,211,-126,-107,87,182,245,171
77,268,180,-168,-40,186,-131,-89,56,180,223,185
93,226,157,-148,-64,187,-138,-91,70,181,234,190
96,224,177,-171,-48,210,-137,-101,68,184,224,200
87,242,158,-157,-48,205,-123,-92,78,202,203,195
81,243,134,-151,-36,190,-111,-79,77,201,229,178
86,231,130,-158,-20,199,-138,-97,47,168,219,161
79,258,153,-128,-24,179,-132,-99,66,166,203,163
81,216,131,-146,-2,188,-111,-91,69,160,202,161
91,220,156,-146,-38,176,-132,-95,46,152,183,147
68,209,122,-117,-46,169,-109,-73,65,144,178,145
69,177,136,-134,-41,162,-124,-81,62,127,158,155
82,197,101,-124,-24,165,-105,-71,51,122,176,127
61,193,142,-112,-6,178,-114,-61,50,144,158,130
38,174,101,-125,-42,146,-91,-50,41,140,153,123
95,174,119,-136,-34,125,-96,-72,44,127,156,120
52,145,105,-103,-27,133,-89,-53,45,111,162,104
52,145,101,-95,-30,134,-91,-74,32,105,144,77
43,145,90,-84,-48,115,-89,-61,35,110,110,86
37,117,97,-107,-15,99,-79,-57,43,92,107,85
50,121,88,-86,-30,111,-70,-54,38,78,110,89
46,116,60,-70,-6,98,-64,-66,45,80,99,92
49,112,74,-60,-9,78,-54,-20,42,100,68,76
40,92,46,-59,-13,71,-44,-41,24,82,81,80
36,112,22,-68,-18,50,-39,-37,20,65,91,76
27,76,55,-45,-1,61,-25,-36,24,46,70,52
30,74,40,-37,-15,44,-27,-63,13,42,62,53
25,51,49,-43,-13,70,-31,-34,29,33,65,63
28,68,34,-41,-2,47,-29,-33,22,40,67,49
19,61,37,-58,-8,49,-49,-18,-6,53,52,32
26,57,24,-29,-28,46,-38,-20,19,32,47,31
21,47,0,-36,4,35,-22,-30,14,24,31,23
23,43,8,-24,-1,50,-35,-2,22,45,25,42
30,28,19,-39,-18,54,-29,-10,9,25,48,17
2,26,19,-11,4,38,-11,-9,18,29,27,37
-17,32,5,4,8,28,5,-9,-17,15,29,26
-6,20,17,-20,0,12,7,-18,15,35,23,16
25,24,-5,-17,-7,25,12,-4,8,-1,6,27
-7,17,3,-14,-8,-12,-32,-7,13,18,33,4
44,22,-3,-17,-13,34,-10,-8,23,12,35,21
-2,-6,16,-3,-1,32,-33,20,14,-4,9,19
21,21,-15,-12,19,6,23,-8,2,2,17,-2
20,5,-4,-2,5,29,-5,-21,-12,-3,10,6
-8,6,5,11,-1,6,-18,-2,7,19,-3,5
-8,-2,-10,-4,-3,16,-16,11,21,6,-13,-14
-14,-2,24,0,-2,14,20,0,-2,3,9,9
2,-1,-1,0,0,-36,4,-14,-11,-13,0,-20
-11,-26,1,-11,12,8,-11,1,-6,-28,-22,0
0,-8,6,23,5,-2,-3,9,7,-12,7,-9
15,2,-16,0,11,-3,21,2,5,-16,-3,17
-8,-18,-1,11,7,-14,20,-1,2,-10,-31,-13
-1,-19,-15,18,10,-31,23,19,2,-30,-24,20
-10,-37,-28,18,10,-22,34,1,-20,-28,-11,-38
-14,-49,-21,17,11,-43,19,3,-8,-14,-14,-17
-12,-50,-43,26,1,-38,41,18,-21,-46,-34,-35
-5,-89,-46,48,5,-41,18,14,-21,-60,-62,-51
-22,-94,-48,41,-9,-54,31,6,-15,-68,-63,-62
-38,-86,-58,55,23,-74,44,35,-28,-77,-62,-72
-24,-92,-60,53,-17,-95,56,50,-33,-64,-82,-96
-33,-109,-83,85,23,-92,72,42,-45,-84,-135,-79
-46,-122,-82,110,24,-114,82,25,-50,-79,-106,-86
-47,-131,-84,79,12,-108,77,50,-34,-79,-138,-88
-37,-137,-106,87,35,-105,83,64,-44,-98,-146,-120
-34,-136,-114,128,9,-122,68,54,-47,-115,-134,-121
-43,-173,-103,112,3,-138,74,49,-61,-116,-141,-69
-48,-133,-96,106,10,-110,87,41,-46,-105,-154,-102
-49,-123,-68,79,12,-94,71,54,-40,-81,-122,-85
-56,-110,-64,77,41,-72,49,26,-19,-62,-96,-43
-23,-85,-52,41,3,-65,48,25,-32,-30,-68,-58
6,-34,-7,18,16,-8,19,23,-9,-19,-38,-8
-13,-2,6,-6,2,0,-13,-15,3,19,6,-11
51,97,74,-52,6,61,-40,-29,33,59,66,57
67,170,106,-91,-26,119,-74,-63,65,106,119,133
77,233,124,-161,-22,177,-120,-67,61,165,202,149
98,305,195,-203,-31,251,-166,-127,79,240,271,200
153,383,266,-275,-57,321,-230,-128,140,302,362,284
172,500,297,-332,-99,394,-254,-198,136,359,456,342
210,599,387,-380,-96,513,-298,-242,163,447,520,410
250,684,426,-472,-106,565,-369,-264,198,507,616,480
297,778,505,-513,-121,654,-435,-310,207,586,695,536
320,881,559,-598,-134,722,-482,-329,253,645,765,579
337,945,627,-635,-128,766,-515,-380,278,674,839,659
356,970,656,-660,-165,839,-534,-407,302,762,896,680
339,1042,671,-704,-157,866,-558,-403,310,770,925,739
358,1048,690,-710,-155,856,-559,-411,306,789,941,730
352,1038,683,-729,-134,873,-562,-406,320,754,918,743
348,1006,664,-689,-143,851,-543,-411,290,751,930,711
355,958,640,-635,-124,795,-525,-397,295,707,881,681
313,913,582,-599,-138,740,-501,-371,294,682,840,632
312,830,548,-553,-127,688,-463,-324,258,632,744,569
267,731,480,-504,-103,614,-409,-282,222,576,670,525
249,652,417,-408,-96,531,-350,-260,210,481,568,437
180,524,342,-376,-76,442,-290,-200,142,399,489,355
142,422,279,-267,-72,373,-242,-171,129,332,349,291
105,328,217,-202,-45,291,-162,-137,97,243,305,220
78,207,155,-161,-29,167,-153,-61,83,150,188,149
37,133,95,-92,-38,105,-75,-39,26,122,117,82
31,50,34,-46,1,41,-24,-16,29,43,61,59
16,-13,-8,28,26,-24,-8,6,5,-4,-24,-16
-59,-80,-38,58,24,-60,50,27,-29,-77,-79,-58
-56,-122,-79,96,7,-113,65,60,-43,-115,-113,-109
-65,-154,-107,115,20,-146,98,69,-61,-137,-176,-135
-75,-200,-141,121,31,-161,111,76,-75,-145,-195,-141
-71,-222,-175,188,47,-176,141,93,-72,-170,-206,-162
-74,-247,-144,171,41,-209,125,93,-66,-177,-206,-171
-87,-245,-152,177,18,-197,141,94,-63,-191,-228,-165
-88,-250,-163,185,42,-200,128,101,-69,-181,-211,-193
-64,-233,-132,138,21,-220,136,80,-57,-199,-223,-167
-81,-209,-144,150,38,-187,126,91,-74,-173,-220,-163
-72,-203,-129,136,24,-175,122,85,-74,-149,-201,-127
-58,-189,-146,133,47,-131,107,70,-69,-126,-180,-144
-39,-182,-102,126,9,-138,98,51,-35,-118,-152,-125
-54,-148,-98,70,43,-124,73,58,-39,-104,-128,-127
-16,-92,-73,79,14,-84,41,57,-26,-106,-132,-105
-44,-104,-84,73,29,-75,42,46,-31,-67,-90,-77
-42,-95,-38,62,23,-50,45,28,-20,-50,-88,-45
-31,-62,-47,45,20,-77,20,0,-13,-43,-52,-45
-29,-66,-37,36,8,-40,35,34,-34,-29,-58,-60
-21,-57,-20,38,0,-44,27,22,-12,-23,-32,-28
-21,-33,-11,26,14,-12,35,-4,-33,-24,-10,-28
1,-26,-11,-5,5,-19,10,18,-3,-17,2,-21
-2,-14,-18,2,11,-24,10,-7,3,-9,-21,7
4,16,-17,19,-11,-9,-5,-1,5,-13,-6,16
-22,1,-19,17,8,15,12,-3,4,-19,8,-4
-9,15,-6,10,17,-22,8,13,23,-16,-15,3
-1,7,7,-16,-22,1,-7,6,5,39,3,1
-3,-3,28,-8,-16,8,-23,-12,9,15,-1,2
23,10,10,2,25,-16,4,-12,-8,14,-9,2
-12,8,14,-8,15,9,-1,20,8,-11,-2,8
12,19,20,-2,-6,11,-7,-15,18,15,15,-14
12,11,19,-13,-1,26,-4,-31,-12,-1,-3,6
20,13,4,-10,5,18,-15,-17,-12,23,22,5
-3,16,9,-34,-3,-15,-8,24,7,7,36,38
27,11,13,27,8,6,4,-15,-1,18,26,19
12,18,26,-10,11,11,-23,-3,20,12,33,32
11,33,34,-18,-25,29,-11,-21,9,13,17,20
0,18,23,-26,-3,19,-12,-6,-3,22,16,24
7,46,6,-19,9,36,-21,-14,-3,16,32,14
13,18,40,-29,-31,53,-6,-18,-6,38,23,40
-1,29,22,-38,-5,22,-15,-26,19,25,24,24
6,37,21,-46,-5,20,-37,1,-1,17,43,31
11,47,28,-9,10,28,-26,-21,0,21,42,42
9,40,22,-63,-12,34,-23,-23,-2,14,48,29
19,50,16,-24,-2,24,-21,-43,18,46,46,40
11,43,19,-28,-26,29,-48,-17,33,23,33,31
14,48,30,-43,4,48,-40,-13,25,32,33,27
34,85,25,-71,1,45,-21,-22,41,48,51,44
18,70,20,-31,-23,47,-54,-21,14,40,52,52
24,59,40,-65,-12,63,-51,-2,31,34,54,48
21,37,39,-42,6,83,-46,-5,18,53,55,45
29,66,39,-30,-10,69,-41,-50,27,44,80,60
39,100,41,-71,-37,56,-50,-31,18,51,74,55
37,102,45,-55,-8,89,-48,-32,19,54,76,74
24,85,50,-39,-42,76,-50,-49,17,60,69,35
24,83,71,-63,-9,77,-49,-31,37,53,91,51
46,96,42,-75,-24,70,-38,-47,33,57,99,68
39,86,67,-77,-20,85,-47,-43,22,72,73,67
51,86,68,-67,-20,86,-54,-25,33,64,62,56
19,129,77,-44,-22,99,-35,-60,28,109,82,65
72,132,72,-80,15,97,-43,-36,9,88,127,100
52,101,84,-74,3,117,-52,-64,25,105,95,80
44,137,84,-73,-5,106,-95,-62,29,67,117,90
45,150,72,-101,-40,109,-86,-41,48,96,117,105
46,110,90,-86,-32,127,-67,-55,36,93,116,114
41,139,108,-104,-7,130,-80,-70,53,113,125,107
71,161,126,-105,-41,114,-82,-67,57,128,159,111
55,169,103,-111,-5,125,-79,-65,62,131,130,128
59,169,137,-109,-24,140,-120,-63,47,133,154,120
60,174,120,-124,-11,160,-107,-79,50,126,157,135
61,178,121,-131,-35,138,-114,-91,43,155,172,119
62,162,126,-126,-33,149,-98,-97,50,152,197,147
72,210,135,-141,-34,183,-111,-84,74,181,202,158
74,181,138,-171,-28,190,-114,-94,72,165,187,144
58,247,122,-142,-36,180,-118,-92,82,201,224,152
71,235,151,-148,-22,186,-136,-99,77,176,208,185
94,267,133,-171,-37,200,-150,-111,68,202,213,152
85,235,165,-173,-58,194,-148,-93,85,199,223,167
99,240,179,-157,-60,220,-142,-100,49,188,233,179
94,276,160,-185,-23,237,-159,-113,94,215,253,171
87,272,178,-185,-35,245,-157,-106,82,198,247,181
89,296,185,-192,-31,214,-150,-114,94,210,265,211
99,289,181,-225,-47,227,-148,-112,115,220,258,199
116,294,182,-216,-37,259,-162,-125,87,242,269,204
89,336,196,-207,-38,271,-156,-138,92,247,289,216
123,319,212,-236,-44,277,-170,-125,95,228,287,219
105,325,205,-205,-42,284,-162,-124,96,235,287,211
122,317,208,-229,-69,268,-188,-118,137,251,287,208
112,337,204,-225,-66,283,-195,-128,110,255,318,245
129,347,210,-241,-61,279,-176,-133,90,256,331,253
126,357,212,-245,-38,304,-206,-150,105,284,324,256
137,343,226,-229,-42,314,-196,-143,107,240,341,251
137,344,217,-254,-46,307,-200,-134,103,280,338,249
131,379,244,-246,-54,326,-209,-151,123,264,317,245
118,382,249,-260,-48,321,-193,-151,113,294,319,264
149,396,238,-272,-72,328,-200,-144,115,287,347,271
123,379,267,-267,-46,315,-219,-164,112,300,355,276
133,408,271,-248,-64,310,-214,-155,120,292,365,278
121,400,277,-279,-59,332,-224,-164,145,320,342,281
145,414,270,-290,-61,350,-205,-151,140,290,347,290
135,396,269,-301,-68,345,-212,-145,126,298,364,292
152,406,284,-297,-41,333,-215,-157,118,327,378,283
151,415,275,-275,-62,337,-238,-169,136,318,342,272
126,422,266,-290,-77,346,-240,-182,136,317,380,285
159,411,265,-296,-72,340,-219,-155,149,322,377,303
162,399,259,-274,-69,354,-227,-178,124,320,381,297
153,414,259,-281,-72,342,-210,-155,140,317,381,299
153,412,282,-300,-78,323,-199,-164,135,320,381,292
149,425,274,-263,-40,346,-231,-184,101,316,350,299
152,415,264,-286,-66,351,-236,-176,116,315,381,294
137,429,276,-282,-60,337,-222,-147,108,323,385,281
146,406,272,-270,-73,320,-246,-173,119,300,375,298
118,419,273,-285,-76,336,-245,-182,126,309,372,295
159,415,277,-279,-54,323,-214,-170,134,326,357,285
145,410,251,-264,-47,355,-219,-154,125,301,378,283
146,414,253,-262,-71,314,-228,-170,126,294,368,288
142,402,281,-268,-44,357,-233,-170,114,307,330,287
148,377,277,-288,-71,313,-220,-176,114,304,353,284
136,392,275,-260,-45,328,-201,-118,121,283,375,271
143,379,256,-255,-71,330,-201,-143,118,275,343,283
133,382,246,-266,-51,325,-190,-122,117,268,330,262
143,376,243,-256,-57,319,-196,-178,104,278,349,276
127,370,242,-230,-63,302,-209,-170,114,284,329,277
115,350,233,-250,-37,308,-201,-157,104,297,315,245
137,363,231,-263,-51,299,-189,-120,113,261,321,280
112,354,221,-241,-42,281,-194,-163,91,248,306,225
116,345,218,-234,-62,271,-206,-128,103,243,299,243
118,330,219,-231,-45,264,-166,-117,112,248,305,243
122,319,240,-211,-70,260,-185,-122,86,251,299,221
99,331,209,-214,-47,295,-184,-119,89,218,292,241
105,306,173,-165,-39,255,-159,-134,87,220,276,225
110,302,192,-213,-42,240,-170,-118,94,225,283,221
105,269,165,-196,-50,245,-152,-116,80,216,260,211
112,285,188,-219,-50,236,-146,-119,85,219,242,199
86,281,180,-164,-34,224,-145,-88,72,193,234,207
84,281,168,-180,-41,232,-141,-128,81,187,253,199
101,246,173,-171,-39,199,-125,-85,92,207,217,188
86,240,164,-175,-27,208,-141,-108,75,201,212,174
80,232,173,-153,-43,212,-143,-102,35,176,206,161
61,241,148,-151,-34,190,-124,-85,82,170,226,174
69,226,141,-142,-36,183,-112,-97,72,177,207,147
103,194,156,-157,-36,177,-106,-74,48,158,182,133
79,209,145,-161,-23,180,-115,-93,47,162,201,146
64,191,129,-120,-38,155,-97,-90,66,145,167,113
78,198,116,-116,-16,163,-119,-68,39,145,188,124
82,205,127,-124,-16,142,-110,-58,49,142,145,130
54,171,106,-97,-30,151,-104,-59,51,124,164,127
73,177,120,-125,-40,125,-77,-71,46,106,143,105
51,149,97,-112,-25,123,-101,-77,41,104,140,89
57,142,91,-103,-13,124,-76,-55,46,123,114,104
33,150,74,-109,-26,121,-70,-55,57,89,122,79
37,151,97,-69,-24,103,-50,-51,40,82,104,101
36,110,73,-82,-17,123,-65,-22,28,104,103,75
57,133,81,-93,5,93,-50,-43,26,90,105,97
53,101,62,-72,-9,86,-49,-37,32,106,80,105
12,103,62,-84,-19,82,-63,-30,30,78,104,88
18,89,71,-60,-33,74,-60,-43,35,53,104,67
50,103,49,-68,-1,87,-63,-21,45,78,93,79
21,86,67,-75,-14,89,-58,-18,35,75,73,60
27,89,57,-49,-32,60,-41,-12,14,40,58,64
36,69,59,-28,5,40,-59,-13,22,45,66,57
41,62,60,-49,2,49,-34,-32,31,61,75,49
16,68,36,-53,-9,35,-45,-38,10,48,52,65
31,68,36,-42,-8,48,-35,-32,26,56,48,45
42,66,21,-20,-11,36,-28,-50,12,62,65,39
5,46,39,-19,-8,60,-35,-11,41,39,50,34
10,45,35,-43,-13,65,-33,-11,13,35,36,31
8,38,24,-28,-11,54,-21,-7,5,45,43,30
24,46,40,-35,-25,37,-21,-29,23,30,28,29
30,19,28,-37,-21,43,-11,1,4,23,32,18
-9,52,22,-23,8,16,-10,-23,11,32,26,37
10,54,22,-13,2,37,-10,-20,-5,11,23,28
34,24,28,-26,-7,69,-16,-14,5,11,32,24
30,24,19,-20,-3,44,-25,-6,13,45,17,10
2,39,31,-9,-11,37,-10,-12,-9,3,24,8
14,21,16,-9,-21,15,-17,-27,10,7,9,8
14,25,25,-6,1,9,-14,-32,-4,4,13,22
9,3,8,-21,-17,17,-16,-9,-3,4,10,31
23,59,-2,-11,-3,13,-1,-18,-27,31,13,15
14,6,-10,-6,5,6,-12,-11,11,-21,16,14
12,35,7,7,-1,41,-36,-4,5,15,11,9
2,-9,18,4,4,14,3,2,-15,11,9,22
13,-1,36,-36,10,23,-18,-8,5,3,7,-24
22,18,-7,-6,0,-12,4,-16,-6,-5,7,17
13,13,3,-13,-21,17,27,-14,-10,-8,30,3
-11,8,-2,1,-1,7,-1,-12,6,9,-9,16
-9,15,6,-34,7,15,-19,-18,-11,8,14,-12
15,21,7,6,14,26,-13,-5,0,7,18,16
23,-11,2,-8,-1,-8,6,9,5,5,-8,-1
7,-1,-2,-4,6,15,11,9,19,12,10,5
19,-11,-13,29,5,10,-12,7,1,2,2,17
-10,-23,13,1,-12,7,3,-13,-5,24,12,-8
-14,16,-8,-12,2,-2,38,-11,23,1,1,1
31,8,4,-33,-14,-8,10,9,10,-1,-4,13
10,3,5,18,20,24,-7,9,-3,12,-5,-5
11,33,-19,-4,-12,-18,2,-1,9,14,10,2
3,5,12,20,15,-16,23,-1,17,-2,10,-8
-7,-4,-4,-17,16,-5,-7,5,-8,2,25,-6
8,-3,4,5,-2,-5,-23,12,9,9,18,7
18,-5,18,-13,-32,-18,-10,-26,8,5,-4,10
6,4,0,3,4,-4,18,-11,-6,28,-2,4
33,-4,5,2,-3,-5,20,-6,0,0,-13,6
-23,17,-7,0,-4,10,16,-5,4,16,-8,18
-9,1,11,-23,18,-4,8,4,-8,-12,-9,0
-5,11,8,5,6,1,-9,0,-7,7,8,-3
-12,1,-9,6,27,0,2,14,9,-13,28,-3
-2,8,8,-5,-1,-20,7,-13,-14,13,3,-11
14,-5,1,-9,-5,-5,-5,-20,-1,0,22,21
-2,14,2,-11,-4,7,-4,12,7,10,9,8
-4,13,3,4,9,-8,-6,23,28,-18,17,-14
1,-12,-21,-14,6,-9,-3,15,21,1,33,-17
-16,-19,6,18,8,19,-15,-3,-13,0,29,-13
0,-4,8,-18,-21,11,0,-1,6,18,3,-5
5,-11,3,6,9,3,4,-29,-1,15,9,-1
15,6,7,-5,-22,1,3,21,4,8,1,23
15,18,-1,-5,1,4,11,-32,20,-6,25,7
0,5,-10,-5,-4,-3,-25,-5,10,16,4,8
2,3,-7,-2,-21,19,-7,-10,2,-3,8,23
-9,-1,19,-3,-1,15,-4,-1,-6,1,11,-1
-5,32,7,-7,3,-4,1,19,-4,-12,-7,-9
13,-4,7,-8,5,13,2,-15,3,14,16,-16
10,-9,16,-6,-1,1,9,-18,0,12,4,9
7,-2,2,-18,-11,1,-3,-5,12,11,7,-8
4,-13,-4,-11,-25,23,-25,-7,-18,1,-1,7
6,-3,3,3,6,12,-11,7,13,9,-20,24
4,-2,25,-19,15,2,-13,-2,12,14,26,15
-2,25,21,-17,-10,24,-4,-2,-8,-6,16,8
3,17,7,-18,9,20,13,14,9,-5,13,9
15,8,9,17,12,10,-9,-16,-3,2,27,5
5,24,6,-13,4,-2,-4,-11,-4,-1,9,-2
-6,22,7,2,-10,24,-24,4,7,1,10,-16
4,26,-9,-3,-3,-2,-19,-3,40,13,23,11
2,0,2,1,11,-9,-30,-13,4,6,-3,-4
13,7,20,-19,-16,0,-16,-13,19,20,4,-2
1,-8,23,-18,3,-8,-4,-18,4,16,-3,-7
7,5,4,-24,-28,9,-15,-9,2,18,11,11
7,-16,14,-6,0,8,-12,9,25,3,12,21
-6,9,-2,9,-5,-1,-14,-17,18,11,9,17
23,8,12,-23,20,6,-7,8,3,5,-11,3
13,5,1,-19,-16,-9,-21,1,0,-2,13,28
22,18,26,-4,8,35,-24,11,14,41,6,6
2,11,17,-13,5,8,-14,-11,9,-4,16,18
33,-1,-1,-31,-3,5,-1,23,-15,0,2,9
10,5,-1,2,7,-6,-26,-1,17,29,21,-3
1,24,-8,-19,-25,1,-23,-18,2,11,25,21
20,40,3,-1,10,-13,-4,-9,30,-26,13,-3
9,37,12,-36,-2,23,13,-24,10,14,9,15
-13,21,29,-18,1,11,5,9,12,28,18,18
11,23,11,-11,-7,21,-2,-15,-1,25,-4,-3
23,-2,21,-1,3,17,-16,11,18,-7,9,-10
-19,22,1,5,5,11,-2,-11,-16,9,21,6
3,34,28,2,3,23,9,-24,17,22,30,-9
14,3,30,-11,6,25,8,-5,14,5,-5,26
13,-1,0,-19,-5,25,-32,-10,-4,8,3,12
7,0,14,15,-4,39,-27,-27,15,11,-1,15
9,35,16,-23,-16,22,-10,-12,-7,10,6,6
25,3,18,-26,-18,18,-44,-2,-14,5,32,-11
17,25,-7,-14,-7,-7,1,-8,22,9,27,8
16,16,-13,-14,-8,26,3,-12,-3,14,21,13
23,8,20,-4,5,17,12,-1,-7,20,19,14
22,25,24,12,1,24,-11,-3,3,27,32,5
-4,14,-1,-17,-3,24,-14,-4,-2,19,15,13
22,-6,14,-27,-15,42,-7,4,-4,28,18,6
3,42,5,-41,27,26,-15,-17,6,29,1,15
-10,32,16,-23,-13,44,-21,8,16,21,13,22
16,33,12,-25,-1,24,-11,-8,-9,1,15,4
-1,30,13,-15,3,10,-3,2,11,35,6,16
-4,12,10,-1,-13,19,0,-6,14,20,37,3
-8,31,10,-14,15,23,-15,-16,22,14,36,25
-9,30,13,-17,-6,18,-43,-3,28,14,5,1
10,30,-1,-21,-19,42,-5,-12,-15,22,29,23
5,23,22,-4,4,27,-6,-21,12,22,33,28
9,22,5,-21,7,5,-12,5,17,43,14,19
6,36,-2,-9,-8,6,3,-19,17,10,33,16
27,17,1,-17,7,17,-17,-23,2,18,-3,9
16,26,31,-24,-17,19,-2,8,31,25,16,22
27,15,32,-16,-13,34,-25,-27,10,28,22,34
15,52,29,-26,19,31,-24,15,21,13,43,51
14,24,30,-38,-9,50,0,-16,23,48,36,21
13,55,27,-12,-8,23,5,-35,11,40,44,23
-1,40,32,-21,-7,46,-20,-4,4,11,30,43
13,40,34,-33,19,50,-35,-18,5,36,35,9
16,36,41,-10,-19,58,-27,-20,13,45,17,23
23,44,35,-24,-18,33,-18,-30,21,47,31,27
18,25,38,-50,17,62,-24,-40,-12,39,58,28
24,30,34,-35,-17,49,-16,-14,47,31,67,28
32,60,37,-21,-10,47,-21,-4,34,49,44,41
27,39,56,-40,-15,59,-30,-11,18,52,71,23
28,59,24,-31,-16,66,-15,-19,28,47,62,37
38,63,14,-46,-18,56,-32,-37,45,62,69,90
34,69,31,-63,2,89,-29,-54,33,64,72,48
18,84,70,-38,-13,76,-21,-48,11,59,95,69
27,79,48,-64,-16,74,-59,-33,55,46,97,62
31,94,42,-67,-21,91,-58,-39,26,102,83,46
33,84,47,-59,-35,102,-43,-33,37,67,83,55
45,100,68,-96,-7,92,-56,-38,33,68,86,80
53,133,91,-90,-29,103,-46,-38,57,85,105,85
42,142,48,-88,-17,101,-70,-59,18,107,102,94
51,133,82,-103,-21,105,-78,-70,35,101,121,85
44,145,60,-79,-11,116,-89,-32,46,117,120,77
85,156,108,-120,-18,120,-71,-62,56,126,125,118
56,169,111,-100,-23,142,-86,-90,37,118,128,112
79,177,105,-99,4,154,-69,-77,40,117,129,100
62,170,120,-113,-31,143,-82,-57,57,120,148,126
39,167,131,-127,-29,145,-124,-85,53,137,150,115
61,172,122,-137,-32,157,-94,-76,72,116,164,140
67,191,128,-151,-29,171,-120,-57,73,149,167,117
68,202,143,-125,-45,178,-112,-62,66,163,191,136
77,209,133,-133,-38,209,-117,-83,53,162,212,169
72,205,161,-157,-29,165,-132,-72,64,161,217,138
66,218,152,-140,-26,203,-142,-80,79,159,220,165
40,238,157,-160,-26,218,-119,-98,63,191,229,161
90,244,140,-165,-33,199,-124,-81,61,178,218,188
90,252,172,-185,-27,206,-151,-111,80,152,231,175
98,268,162,-175,-54,223,-123,-104,71,192,222,190
111,256,162,-164,-25,210,-142,-108,68,209,224,196
118,251,174,-201,-43,222,-116,-120,101,185,240,187
90,253,167,-170,-27,251,-147,-115,87,206,237,170
98,283,170,-189,-40,245,-140,-112,91,219,247,209
101,274,175,-185,-58,223,-149,-104,93,210,244,199
104,306,191,-193,-39,241,-160,-105,72,213,256,194
87,288,153,-203,-52,264,-157,-110,84,232,258,218
115,297,176,-176,-51,240,-161,-112,88,182,254,192
98,286,197,-185,-41,245,-137,-107,90,218,247,202
84,282,163,-189,-73,230,-146,-121,80,196,262,204
121,274,179,-198,-46,229,-175,-110,61,226,246,201
96,284,191,-195,-44,263,-153,-118,65,226,270,212
100,292,180,-200,-45,228,-150,-83,75,206,243,187
101,272,164,-180,-17,222,-152,-110,86,201,246,186
80,264,163,-179,-63,222,-142,-114,69,213,239,178
97,271,169,-170,-38,225,-124,-107,97,166,261,202
105,261,165,-159,-47,201,-134,-101,77,203,270,185
76,261,165,-161,-38,202,-134,-98,87,183,208,187
71,255,179,-183,-32,224,-159,-88,57,183,231,175
95,234,146,-159,-42,189,-133,-98,83,199,235,159
100,223,160,-174,-42,187,-128,-95,68,197,217,145
71,246,142,-154,-44,163,-105,-92,48,153,224,155
65,238,144,-130,-44,180,-131,-91,58,155,177,154
54,203,138,-125,-40,179,-129,-77,52,134,209,154
66,184,132,-129,-31,186,-118,-81,44,137,176,116
65,179,135,-104,-19,166,-104,-62,58,153,169,131
70,197,128,-128,-11,141,-84,-63,77,139,168,120
84,164,114,-110,-23,147,-83,-56,44,128,131,125
68,151,93,-114,-34,127,-74,-83,63,106,175,100
64,155,57,-104,-27,136,-55,-71,27,106,156,117
46,130,95,-114,-11,102,-94,-62,41,98,127,89
39,136,92,-105,-22,108,-72,-41,55,117,120,96
58,141,71,-79,-16,103,-61,-53,41,104,126,94
33,119,73,-79,9,86,-64,-44,15,98,104,84
0,117,88,-80,-20,92,-49,-55,32,67,103,88
26,112,73,-72,-14,91,-56,-49,18,79,84,53
46,75,52,-69,-32,71,-57,-46,39,76,78,78
25,100,39,-62,-6,86,-60,-37,20,66,56,55
27,98,74,-60,-8,85,-27,-40,23,81,70,82
14,73,52,-49,-32,85,-35,-38,23,57,65,58
28,85,16,-50,-3,59,-60,-33,19,62,62,64
-7,53,41,-54,-12,72,-34,-27,19,55,43,43
24,49,26,-50,-15,70,-50,-9,12,41,52,31
26,61,44,-40,-4,54,-29,-7,19,39,50,49
8,47,14,-25,-16,55,-32,-38,19,35,34,35
29,60,51,-27,0,24,-34,-17,12,18,55,24
10,49,44,-38,-3,50,-27,-10,28,24,37,24
13,41,46,-46,-9,68,-16,-30,33,20,49,38
34,26,9,-20,-15,33,-34,-30,16,49,24,11
24,21,25,-21,-20,28,-15,-20,24,34,29,28
23,57,7,-13,2,46,-26,1,7,29,9,26
20,53,34,-32,-12,20,-33,-5,-1,24,15,7
10,40,26,-12,1,20,-21,-4,0,21,16,-1
12,29,16,-28,-27,8,-30,6,22,31,24,17
-3,40,18,-15,0,-1,-12,-18,2,41,5,-4
17,19,4,-19,1,45,-20,-25,10,23,36,10
3,29,6,-24,21,5,-8,-15,1,14,31,27
-19,14,-6,9,-3,19,-20,4,-20,2,22,5
23,14,17,-22,-2,-5,11,13,-8,15,-6,11
16,-1,16,2,1,-5,8,-2,14,4,29,4
-21,-4,-4,19,2,3,-3,8,1,0,7,-8
-8,-17,-14,9,-12,12,-22,6,13,-12,-4,-4
-5,2,-18,17,9,-3,11,18,1,1,-26,-17
-1,-51,-8,17,-3,-25,19,-3,-5,-18,-35,-22
-14,-39,-40,29,-5,-17,25,27,15,-29,-39,-12
-27,-25,-15,40,-11,-53,40,5,-26,-34,-61,-28
-22,-54,-69,52,-27,-52,31,16,-17,-46,-44,-57
-29,-75,-54,54,11,-41,53,25,-40,-56,-56,-49
-49,-84,-61,83,21,-70,71,41,-15,-49,-80,-66
-40,-122,-50,74,-7,-71,49,31,-12,-79,-78,-65
-53,-102,-75,91,-7,-98,66,41,-29,-109,-112,-108
-52,-116,-97,107,19,-107,72,60,-44,-104,-113,-88
-35,-139,-100,106,0,-132,77,71,-38,-112,-134,-69
-44,-139,-84,109,7,-134,50,46,-36,-96,-132,-107
-15,-144,-103,101,33,-112,97,68,-48,-134,-115,-102
-47,-122,-85,95,25,-94,82,68,-47,-78,-118,-95
-47,-115,-89,92,8,-76,70,60,-19,-88,-111,-93
-31,-83,-86,77,12,-66,76,40,-12,-71,-80,-82
-8,-68,-41,41,16,-61,30,25,-15,-34,-56,-48
-5,-16,-26,18,7,0,-7,12,-20,-35,-14,3
-12,47,21,-13,-4,48,-11,-6,10,30,47,23
31,112,67,-58,-12,63,-63,-60,17,75,72,69
53,163,92,-145,-41,133,-79,-84,49,128,149,103
89,256,146,-180,-36,194,-131,-91,57,184,223,182
110,329,210,-212,-59,279,-167,-134,92,246,293,244
156,425,272,-265,-69,332,-215,-183,133,334,363,314
195,502,340,-362,-54,431,-267,-195,143,390,460,362
214,607,395,-409,-93,502,-332,-210,164,467,541,432
229,712,460,-482,-104,568,-399,-286,223,541,639,494
273,796,507,-547,-131,654,-458,-304,229,585,723,561
290,891,568,-596,-133,727,-472,-345,251,652,779,602
327,962,614,-642,-145,775,-528,-367,267,716,861,677
344,1002,665,-699,-144,822,-544,-412,289,757,897,698
361,1040,691,-697,-143,863,-575,-406,319,790,942,720
368,1060,705,-728,-139,877,-581,-436,313,804,944,743
378,1079,684,-732,-162,878,-587,-417,297,788,976,766
365,1029,662,-716,-167,867,-576,-409,310,793,935,718
352,1007,671,-677,-154,829,-550,-381,299,744,883,683
331,948,585,-637,-147,763,-514,-379,287,692,825,648
306,830,539,-571,-130,713,-474,-337,232,622,751,593
268,772,510,-517,-142,635,-427,-309,216,565,688,536
213,665,412,-448,-111,561,-359,-256,175,479,589,463
203,560,366,-367,-82,474,-306,-234,164,422,486,390
156,445,304,-306,-83,358,-248,-180,151,329,415,299
111,349,231,-240,-57,303,-189,-136,112,255,304,249
89,245,162,-173,-18,207,-127,-118,52,188,222,156
51,147,110,-104,-27,142,-94,-67,64,134,126,129
21,83,44,-29,9,52,-23,-35,8,59,64,49
-12,9,5,-29,22,11,4,-8,-10,19,2,-24
-20,-87,-37,54,25,-67,36,24,-44,-59,-57,-29
-58,-109,-73,90,-1,-97,72,34,-7,-88,-109,-85
-59,-180,-81,134,37,-132,84,66,-46,-144,-151,-123
-64,-189,-125,136,24,-150,106,82,-60,-165,-175,-129
-84,-213,-142,130,17,-174,121,70,-73,-163,-186,-158
-79,-238,-157,152,41,-187,134,93,-74,-160,-191,-156
-66,-224,-151,155,40,-202,136,118,-50,-159,-232,-165
-62,-231,-133,143,28,-159,144,84,-81,-173,-205,-134
-86,-212,-144,119,26,-190,125,77,-67,-157,-182,-137
-47,-217,-142,142,18,-181,125,92,-63,-141,-185,-132
-72,-190,-120,140,24,-140,122,61,-37,-139,-161,-130
-52,-132,-96,113,35,-123,100,78,-34,-133,-136,-117
-54,-146,-98,110,4,-129,94,60,-45,-120,-124,-105
-13,-116,-95,67,19,-99,53,67,-29,-110,-118,-97
-14,-123,-55,70,2,-86,84,31,-33,-98,-82,-79
-34,-83,-60,41,9,-38,21,39,-39,-83,-83,-88
-29,-70,-38,23,24,-55,30,29,-18,-38,-44,-59
-20,-45,-10,57,4,-29,34,-2,-14,-1,-22,-30
-22,-30,-26,20,33,-30,16,9,-9,-22,-35,-6
0,-17,-18,29,6,6,22,1,2,-22,-15,-24
-24,-5,-19,-11,1,10,-8,4,-18,-16,-8,-25
-9,0,3,1,-1,-8,-9,1,-11,6,0,-18
12,20,12,-30,-8,-16,3,-17,12,-11,4,-1
-1,6,21,7,1,-3,2,-20,-3,11,2,37
3,11,39,-2,-12,23,-31,-2,-16,44,25,24
15,29,16,-14,-2,40,8,-19,13,19,18,12
-13,27,14,-21,13,19,-18,-7,34,27,3,29
-9,34,-4,-6,-27,19,-22,-9,-14,35,27,22
32,30,9,-32,-12,26,7,-4,-15,38,34,19
21,27,8,-14,0,50,-22,-6,7,12,46,24
23,47,26,-39,-22,29,-17,4,18,34,8,33
-3,27,27,-25,5,52,-13,-8,-7,19,45,35
11,51,20,-46,16,44,-24,-15,14,28,55,16
23,29,10,-20,-30,31,-2,10,5,18,31,23
7,16,25,-11,13,28,-26,-23,15,29,53,32
10,48,26,-20,-7,28,-28,-37,21,35,39,33
22,41,21,-26,-36,44,-5,-48,9,49,37,34
14,21,5,-21,-4,49,-38,-9,21,42,36,31
-7,46,33,-30,-23,19,-3,-19,-3,46,37,45
7,51,33,-25,-6,52,-43,-17,9,13,70,55
21,32,11,-25,4,28,-42,-22,22,15,65,21
11,58,32,-51,0,50,-39,-11,10,54,59,26
44,61,45,-42,-4,32,-24,-18,29,33,63,49
4,56,33,-39,-3,86,-53,-50,38,54,29,44
12,50,56,-28,-13,65,-41,-41,27,49,60,63
11,57,25,-34,-8,48,-25,-9,22,58,42,47
12,63,62,-40,-15,65,-48,-37,28,49,65,34
9,79,22,-76,-6,24,-44,-39,45,64,79,45
23,57,43,-57,1,68,-39,-38,20,74,51,67
40,74,45,-78,-38,36,-46,-35,23,62,66,50
28,74,49,-63,-15,69,-18,5,27,71,93,70
32,82,82,-55,-6,93,-51,-36,32,70,54,67
46,103,43,-63,-14,83,-44,-43,34,70,96,78
35,88,71,-85,-27,69,-50,-67,28,75,83,79
38,105,46,-58,-10,86,-53,-60,33,71,99,77
34,116,68,-71,-11,81,-79,-45,24,91,106,67
39,131,79,-97,-10,90,-64,-49,13,93,75,77
31,113,83,-90,-35,74,-79,-38,51,104,101,71
43,122,86,-79,-8,110,-82,-39,36,106,97,72
21,127,69,-106,-15,89,-85,-40,25,82,125,94
42,132,66,-83,-12,122,-69,-69,36,101,130,84
50,139,86,-117,-34,113,-76,-38,28,103,133,100
44,159,92,-93,-1,137,-99,-74,40,110,142,90
55,141,117,-123,-40,124,-92,-72,23,107,145,99
51,166,102,-125,-19,117,-97,-67,47,123,147,122
47,181,115,-109,-19,150,-113,-63,74,141,143,119
86,171,88,-117,-14,139,-117,-56,63,118,155,128
69,176,112,-128,-35,141,-93,-73,50,128,156,142
78,209,118,-152,-49,157,-100,-71,53,153,158,150
66,182,133,-130,-49,174,-115,-77,53,158,188,151
75,216,138,-134,-21,175,-117,-86,56,141,191,154
68,216,131,-131,-21,182,-109,-44,37,161,195,170
99,240,140,-137,-47,179,-134,-66,61,148,188,141
98,232,131,-154,-28,194,-143,-99,72,164,213,177
73,240,139,-183,-43,177,-121,-76,73,167,200,171
87,244,158,-159,-22,221,-145,-106,77,179,235,166
106,246,158,-175,-39,186,-163,-91,79,194,225,207
77,242,165,-176,-24,212,-135,-126,101,213,250,175
109,268,179,-193,-23,208,-148,-104,80,190,215,208
101,270,181,-169,-53,216,-168,-101,86,190,240,188
102,288,152,-190,-47,255,-164,-114,69,201,278,203
128,298,201,-208,-33,225,-170,-98,117,222,283,220
122,301,198,-175,-69,242,-158,-127,87,220,284,216
112,292,222,-213,-31,257,-162,-106,80,233,278,207
111,289,183,-216,-35,248,-170,-133,89,208,295,228
106,321,229,-223,-68,287,-171,-147,96,250,267,213
124,336,226,-233,-56,283,-182,-139,112,258,307,227
148,336,208,-244,-57,285,-181,-128,124,261,310,240
123,378,211,-224,-69,311,-209,-126,110,248,285,262
110,357,251,-232,-72,279,-193,-133,112,266,338,243
98,353,252,-240,-52,312,-210,-157,106,258,327,278
117,366,240,-254,-49,292,-219,-145,99,287,337,245
123,365,238,-237,-65,319,-216,-143,105,269,318,256
127,382,251,-268,-62,333,-223,-153,138,282,342,265
139,404,238,-246,-58,335,-196,-145,128,297,338,268
138,380,281,-262,-75,315,-199,-165,113,301,344,268
130,398,276,-261,-59,337,-212,-169,121,305,381,276
130,414,272,-285,-42,340,-239,-139,109,307,366,280
135,381,280,-265,-73,331,-241,-176,126,310,374,279
157,414,271,-271,-66,341,-221,-153,135,311,350,303
132,404,255,-261,-62,349,-232,-150,128,322,371,296
151,408,253,-267,-77,357,-215,-175,108,294,389,296
159,400,269,-287,-77,345,-222,-171,125,300,404,283
150,410,272,-269,-65,354,-242,-176,118,319,354,317
147,408,286,-276,-73,353,-206,-158,117,340,357,305
153,397,270,-290,-71,321,-228,-147,128,325,370,287
163,422,282,-287,-73,337,-242,-163,125,304,370,295
143,429,279,-296,-61,337,-215,-155,118,300,374,281
144,440,267,-297,-76,347,-227,-172,113,317,372,311
154,423,278,-286,-58,363,-232,-178,123,302,386,294
154,420,254,-279,-64,362,-231,-148,133,327,361,267
147,441,280,-276,-62,323,-213,-168,137,311,399,305
145,427,260,-272,-56,325,-237,-171,122,327,375,265
138,396,250,-270,-66,338,-227,-167,117,297,359,309
174,390,282,-285,-39,330,-211,-144,113,307,368,296
123,400,271,-280,-61,341,-220,-169,77,293,366,287
140,396,261,-266,-34,323,-215,-183,126,300,350,300
152,405,241,-261,-66,307,-216,-176,110,278,349,269
135,382,225,-261,-50,335,-199,-161,129,277,337,280
123,378,249,-252,-44,320,-218,-147,121,272,339,268
132,355,246,-244,-38,302,-192,-151,124,293,321,263
115,360,257,-245,-57,307,-204,-160,119,284,324,249
120,368,223,-253,-43,306,-191,-134,117,268,340,239
114,372,259,-229,-42,279,-191,-126,105,268,320,268
119,333,225,-232,-54,287,-183,-151,123,255,311,237
118,324,207,-215,-47,264,-208,-161,94,240,312,235
117,310,217,-223,-39,277,-193,-135,80,263,310,226
132,312,216,-220,-61,267,-198,-131,97,265,303,207
106,308,194,-205,-37,251,-181,-114,79,242,269,222
112,303,201,-209,-39,250,-173,-107,108,252,284,198
108,285,182,-201,-64,263,-173,-103,105,242,274,211
101,261,202,-213,-51,257,-164,-128,78,213,253,225
111,295,191,-167,-42,216,-155,-122,75,220,262,181
106,295,171,-199,-35,235,-154,-96,74,209,249,184
86,262,187,-171,-43,206,-123,-91,77,215,230,167
80,249,142,-157,-39,227,-128,-106,69,191,227,173
59,221,169,-157,-29,208,-135,-99,70,170,219,154
78,224,170,-166,-38,204,-132,-93,86,176,222,160
60,205,153,-155,-49,213,-130,-90,53,180,223,161
83,202,148,-136,-10,169,-111,-73,83,172,181,170
46,197,158,-128,-20,162,-100,-81,45,141,189,134
65,189,126,-144,-20,167,-98,-56,49,134,180,137
41,187,124,-133,-24,138,-116,-87,71,136,168,125
76,177,118,-125,-34,127,-117,-89,49,152,157,134
57,181,103,-113,-14,137,-120,-61,48,126,166,107
62,155,111,-102,-30,119,-85,-59,54,117,151,118
71,181,102,-108,-1,113,-83,-44,30,113,132,101
54,119,106,-90,-29,122,-67,-47,38,111,143,91
71,163,93,-108,-36,129,-86,-31,68,82,119,92
36,134,65,-94,-24,122,-87,-72,41,86,116,105
53,101,72,-90,-34,89,-57,-43,35,87,88,77
51,97,100,-70,-19,88,-55,-32,49,83,99,82
48,96,91,-71,-31,61,-58,-43,38,82,111,70
24,80,60,-48,-4,88,-54,-74,42,88,64,69
46,96,56,-58,-44,41,-34,-34,18,74,99,65
31,67,62,-70,-21,65,-46,-28,43,45,83,29
48,79,29,-61,3,71,-59,-12,9,86,86,75
21,72,61,-54,-13,68,-21,-32,31,50,46,81
34,76,25,-42,-10,68,-61,-27,31,31,78,47
30,87,44,-49,-18,45,-22,-21,31,52,60,38
12,53,31,-43,-46,25,-14,-9,24,46,49,11
20,57,38,-27,-12,45,-43,-29,8,47,57,43
2,42,23,-11,-19,58,-28,-15,25,26,41,36
2,41,30,-45,-15,27,-37,-31,32,36,32,33
22,45,10,-46,-3,20,-23,-24,4,65,34,24
16,46,22,-35,10,0,-32,-3,-9,14,20,32
-4,32,17,-17,-2,9,-33,15,7,9,31,41
1,39,2,-8,-9,22,-11,-26,11,43,9,33
7,18,44,-16,18,19,-1,4,-15,3,28,12
3,26,22,-2,-1,-3,-25,-22,-1,1,29,-2
14,14,4,-27,5,9,-28,-2,-2,17,28,15
-26,18,20,6,-11,8,-12,13,16,0,10,-2
10,5,3,-28,4,19,-11,9,-7,1,20,-4
1,-6,19,-11,-11,-19,-10,-8,16,1,3,15
-4,19,4,5,1,15,-7,-25,-7,14,25,-6
-4,-4,6,2,-4,29,-3,16,22,23,-5,34
0,-1,-10,-9,-12,22,18,4,1,-19,-4,14
-26,-9,6,28,-20,-9,-6,14,22,28,1,3
2,15,3,6,1,-33,22,5,6,-19,-12,-17
-3,-10,-2,2,-16,-11,12,-8,-12,-1,-13,-26
-3,-13,-8,21,15,-11,1,12,-12,19,-3,-7
2,-18,-3,21,7,2,-2,-18,12,1,-9,-31
-16,-24,10,-10,-4,-7,18,16,8,-20,-5,-23
-10,-20,-5,10,-14,-13,1,1,-26,30,-15,-18
14,-10,-1,0,18,-10,14,29,-13,3,2,-21
0,-10,-6,-6,-1,-8,11,13,-19,8,-10,-9
1,-10,-9,35,0,-36,17,8,6,-27,-14,-37
3,-7,-13,3,7,-32,14,13,-6,-23,-14,-26
-3,-30,-13,7,1,-1,30,-8,12,-16,-10,-11
3,-31,-30,16,9,-20,14,4,2,-6,-23,-35
-18,-34,2,-13,-9,18,22,17,14,-25,-3,1
-7,-50,4,7,6,-16,18,9,-4,-24,-17,-6
5,-7,-7,17,5,-11,10,-4,-15,-32,15,-10
-24,-18,-10,7,-6,-16,23,26,-14,-30,-10,-6
-7,-35,-6,11,20,-17,13,35,14,-1,11,-22
-12,-38,-10,30,5,-37,10,13,-23,3,13,-18
-3,-21,-16,11,0,-23,33,-1,-1,-16,-17,-23
4,-22,-9,6,-23,-8,43,8,-13,-22,-35,-4
1,-33,-16,30,20,-25,8,-11,29,-19,-18,-10
-14,-11,-16,22,-4,-12,15,27,-14,-30,-16,-31
-9,-7,-2,16,11,-14,19,21,-23,-12,-35,5
-8,-35,1,22,24,-19,3,14,-9,2,-14,-19
-4,-4,-34,12,2,-21,10,26,-1,-12,-9,-23
-16,-19,-18,20,25,13,23,3,8,-1,-16,-6
-11,-11,-25,27,6,-22,15,3,-10,-36,-10,2
-11,3,-16,28,3,-25,7,10,24,-25,-11,-18
-3,-18,-8,15,1,-15,14,-12,-12,0,-15,-44
-28,-36,-12,9,-2,-30,28,7,-7,-9,-22,-1
-7,-33,-24,-7,-1,-1,4,19,-35,-22,-16,-9
6,-20,-9,21,13,-17,-9,-5,-14,-5,-20,-1
-15,-30,-13,-22,-1,-6,11,9,-9,-14,-20,-33
-1,-28,-16,13,13,-28,14,-3,-3,-8,-39,-15
-15,-15,-14,20,18,-33,14,15,-18,-7,-2,3
-18,-15,-1,1,14,-11,10,10,-24,-25,6,-18
-5,-30,-17,36,-1,-14,23,-11,-31,-19,-15,-9
-21,-12,1,33,2,-26,-12,10,6,-17,-2,-25
-10,-7,-15,4,6,-14,10,13,-12,-15,-3,-16
-8,-34,-6,-4,1,-13,12,12,-2,-5,2,-20
25,-19,3,10,16,-15,-9,10,-13,-16,-46,-8
3,8,-11,5,-16,-25,-4,11,-12,-28,-13,-10
-18,-3,-15,7,10,-23,18,-2,7,-10,-18,0
-9,-27,-24,-8,-3,-16,-3,-4,-17,-24,-12,2
-14,-1,3,1,4,-34,13,14,-9,-18,2,4
-14,-25,18,-3,33,3,22,11,-9,-21,-29,-18
-6,-17,-2,-1,-21,-30,7,33,11,12,-28,-9
6,-12,-21,4,-4,-4,3,24,10,-4,4,-15
12,-5,-13,1,0,-14,16,8,-2,1,2,-27
17,-22,-21,31,11,-3,29,-3,-8,-26,-7,5
11,-13,-12,1,-5,-4,-7,-12,0,-4,-24,-1
-9,-26,6,0,22,5,15,9,-11,-10,-17,-23
-9,-20,-13,3,-1,7,33,19,-8,-28,-15,-10
1,-19,-26,21,-11,-19,24,2,-14,-4,-26,-6
9,-22,-11,14,31,-25,6,15,1,-21,-8,5
-3,-33,-7,24,-8,-11,31,6,26,-7,-12,-20
-17,-19,-6,-2,13,-16,16,9,11,8,-7,-7
3,2,-12,11,22,-23,-5,16,-2,-7,-25,-9
7,-16,-7,0,2,-7,10,9,-44,5,-21,-22
8,-18,-3,9,7,-13,17,2,-4,-13,-2,-26
-11,-2,-21,33,11,-1,14,-5,12,-24,1,6
11,-13,-9,26,24,0,7,23,-14,-26,-1,3
-23,-24,1,18,10,-5,-6,9,-23,-2,0,4
-17,-16,-12,17,11,-12,3,23,10,-2,-11,-14
-11,-16,-19,12,-27,-29,7,20,-10,-16,-16,-11
2,-34,-3,20,-23,-6,1,1,-4,-12,-13,-12
-7,-22,-18,13,-4,-34,11,15,-17,-3,-14,9
-20,-2,21,13,0,-14,15,22,-15,-9,-21,-35
-4,-13,-20,22,-1,-6,13,-15,-2,-14,-17,-15
-26,-14,-13,8,-11,-11,18,20,3,-11,-10,-10
-3,-26,-6,15,18,-27,-11,-11,-4,-10,-26,-25
-8,-19,-16,35,10,5,7,5,8,-5,-15,8
-17,-6,-12,20,8,-3,19,10,-3,-13,-5,-18
-4,-34,6,21,0,-27,4,30,-7,22,-23,-17
-12,-31,-12,34,4,-7,0,14,-23,-2,-14,-15
-2,-7,4,12,2,-1,4,1,-5,-6,26,8
1,-21,-16,10,12,-3,14,25,-13,-8,8,13
-5,-16,-21,8,4,2,31,12,6,-11,-35,-11
-1,-29,-27,8,18,-23,24,-8,0,-17,-16,-11
-11,-5,-16,-12,9,-8,-9,23,13,-27,8,-5
-19,-20,-17,26,7,-1,36,25,-29,-13,2,3
-11,-9,-27,13,7,-11,2,-6,-14,-9,7,-13
-15,-6,-4,3,5,-4,13,14,-7,-5,-44,24
-12,-24,-25,-6,-2,-27,3,4,2,-11,-5,3
8,-19,-11,12,38,-7,8,16,-8,-2,-1,-6
-12,-8,-3,22,-11,-7,14,-2,-1,-6,0,3
11,-13,6,-5,-14,-31,14,13,-14,-10,-22,-19
-6,-1,4,-1,24,6,-19,2,-2,-12,-15,5
2,1,-9,32,-23,1,18,7,-6,-26,-15,-19
-1,-18,-22,25,-12,1,9,2,-23,2,-15,-7
25,-15,-8,21,13,8,13,13,-14,-29,-33,-11
14,-7,7,-11,-3,-5,4,13,-22,2,11,-16
-15,-30,-10,16,15,-20,12,-5,-5,-7,12,0
1,-27,-9,8,11,-10,8,-2,-22,-13,-12,-11
-1,-23,-14,-4,-3,-7,-1,14,-3,-12,1,2
19,-10,-12,10,-4,-11,18,-27,15,2,-26,1
-24,-9,-18,13,3,-8,-4,16,-1,-5,-21,-9
5,2,-4,21,-9,-15,10,13,-9,-6,-3,-8
6,-11,-4,-1,5,-10,-9,23,-12,-5,2,-33
-9,0,-19,18,-34,1,4,-8,5,12,-3,-19
-3,4,0,-14,17,-19,-11,10,2,-8,5,-2
-9,-21,-12,1,10,-2,-32,-11,-4,-2,-4,-8
10,14,15,11,1,-11,10,5,-14,23,6,-2
17,6,18,-10,-16,20,17,15,14,-9,10,-3
9,4,-14,-5,-3,8,-19,-15,-8,34,11,2
10,13,-12,-20,3,21,-11,-3,4,9,28,9
11,30,5,-19,16,3,7,0,-14,24,25,5
-2,28,16,-22,19,18,-10,-34,-4,-1,16,2
2,23,23,-22,-9,-8,-17,-2,16,23,18,20
-6,22,-7,-29,5,6,-33,-7,15,25,11,20
27,22,17,-29,-36,10,-21,-2,10,5,23,20
16,46,37,-27,-4,33,-4,-11,10,31,33,8
6,22,11,-16,-12,52,-11,13,-4,38,41,30
11,38,37,-37,-28,35,-29,-26,-2,14,50,36
17,54,40,-31,-13,47,-38,-20,10,49,42,22
17,59,39,-55,-19,64,-27,-24,26,37,64,27
11,50,50,-34,-20,54,-50,-13,17,37,64,30
53,74,59,-50,-4,79,-30,-38,22,67,49,52
35,101,55,-51,-7,71,-36,-18,17,59,68,56
7,64,50,-69,-9,70,-56,-43,12,69,74,41
31,82,52,-63,-20,88,-58,-39,26,72,86,72
50,91,67,-68,-15,87,-56,-41,32,65,104,94
53,100,67,-60,-11,74,-40,-58,40,92,82,54
39,106,73,-62,-43,100,-52,-68,46,76,112,86
50,146,103,-71,-37,113,-73,-69,44,98,106,74
71,132,55,-102,-23,99,-91,-54,30,98,131,99
73,144,96,-102,-18,111,-88,-44,44,87,115,99
38,164,100,-106,-28,135,-49,-34,47,132,155,103
67,141,103,-128,-19,112,-86,-57,57,125,145,101
65,150,117,-110,-14,147,-86,-72,45,132,154,145
51,160,138,-121,-31,150,-101,-91,63,139,162,136
70,186,140,-134,-5,175,-101,-62,48,130,169,122
60,202,131,-137,-21,167,-96,-72,50,151,178,144
86,165,137,-115,-23,173,-107,-82,61,162,185,134
90,191,118,-147,-36,163,-126,-67,56,138,182,142
65,230,129,-180,-47,184,-129,-72,73,162,212,145
76,207,135,-136,-51,184,-121,-101,69,154,191,152
59,231,171,-130,-37,175,-142,-76,72,168,197,153
96,221,157,-140,-69,185,-123,-106,73,173,206,167
85,228,147,-147,-32,192,-121,-119,83,173,212,182
87,232,142,-176,-33,182,-130,-95,68,170,214,184
78,241,147,-167,-27,209,-123,-104,72,180,230,167
86,244,160,-154,-41,180,-118,-95,82,185,227,168
76,248,151,-176,-46,211,-125,-94,69,174,209,165
85,251,157,-156,-45,177,-143,-101,76,201,206,141
100,224,149,-168,-38,187,-122,-98,53,187,219,153
92,243,155,-132,-58,211,-123,-105,68,179,227,185
85,232,136,-145,-38,186,-148,-93,63,166,214,162
92,217,147,-151,-32,216,-145,-81,99,177,198,157
91,217,163,-158,-58,213,-121,-99,53,173,180,182
73,229,132,-146,-25,186,-108,-91,65,183,211,173
56,226,152,-159,-31,201,-117,-81,78,159,207,165
82,220,129,-155,-45,170,-126,-93,51,157,199,133
65,203,121,-145,-32,162,-87,-96,41,142,175,134
67,211,121,-145,-39,174,-111,-88,63,150,155,145
86,199,118,-116,-44,173,-116,-73,50,124,177,140
85,194,137,-131,-23,156,-88,-81,61,135,157,124
78,180,115,-110,-15,138,-92,-93,71,148,157,122
33,159,98,-109,-32,161,-74,-80,29,132,124,136
54,172,98,-105,-18,136,-71,-71,34,113,125,109
64,142,81,-84,-8,115,-77,-55,38,121,135,94
53,144,83,-114,-16,113,-79,-67,49,135,115,106
31,126,86,-92,-13,123,-65,-23,56,108,115,85
26,112,72,-75,-38,96,-71,-55,28,100,108,85
70,115,95,-82,-28,77,-70,-45,36,99,108,101
43,93,77,-79,-1,95,-54,-63,29,97,89,79
44,99,68,-59,-3,89,-50,-31,34,75,91,78
33,78,41,-46,-13,57,-39,-43,26,81,81,62
40,101,49,-41,-14,48,-34,-36,25,55,68,51
40,63,59,-28,-27,52,-18,-21,1,69,40,53
29,44,41,-19,-10,53,-41,-18,33,57,52,61
3,76,20,-50,-23,42,-14,-22,23,39,65,39
5,52,40,-20,-4,33,-15,-12,-4,40,46,36
18,50,22,-45,-2,34,-16,-19,-6,37,57,28
14,46,13,-50,-12,15,-24,-40,16,30,43,22
9,37,28,-32,2,3,-22,-10,34,8,41,15
8,47,2,2,-22,24,6,-1,13,19,16,2
15,39,7,1,9,24,-12,5,4,21,31,3
20,9,18,-32,-2,-11,-11,-2,13,4,19,17
22,28,18,-21,11,4,8,13,17,18,20,18
-13,16,16,-11,-8,-1,-21,2,-4,-3,3,12
11,0,-2,-16,-9,-1,20,7,-4,-1,-10,-9
1,-7,-15,12,16,8,-6,-12,-20,-3,-15,-9
-21,-8,-12,11,-19,8,-16,-4,-10,20,-4,11
16,17,-17,11,12,14,-21,10,15,16,-23,-12
-23,-6,5,-1,3,1,12,18,-17,-12,-19,-20
1,0,-12,25,-4,2,-1,12,14,-11,6,-16
-18,4,-18,-5,-9,-19,0,8,-12,1,-33,5
-6,-8,-16,23,13,-8,11,26,-20,-15,-17,-24
13,-16,-5,-2,4,-12,5,17,7,-15,-22,-8
-6,-19,-23,18,9,10,5,30,-14,-22,-7,2
0,-13,-12,-7,-16,-10,28,12,-29,-21,-31,-29
-16,-46,-17,15,10,-30,16,27,-12,-31,-54,-31
-27,-8,-26,10,-3,-32,6,12,-36,-29,-10,-15
-13,-51,-34,25,12,-34,28,14,-6,-19,-12,-47
-19,-62,-38,31,8,-39,42,26,-6,-37,-60,-43
-5,-61,-22,23,10,-34,18,26,-25,-19,-62,-37
-13,-69,-45,32,2,-52,25,15,-18,-56,-53,-50
-19,-71,-31,37,26,-42,40,65,-39,-48,-97,-46
-39,-85,-52,35,22,-74,39,35,-28,-73,-77,-50
-30,-108,-46,50,2,-83,49,42,-18,-51,-79,-69
-46,-99,-79,55,8,-77,62,40,-9,-64,-95,-55
-45,-99,-73,75,0,-94,92,49,-36,-70,-114,-79
-58,-113,-79,98,29,-114,91,64,-33,-110,-129,-86
-36,-157,-95,107,18,-109,84,66,-53,-119,-132,-107
-61,-170,-122,106,14,-122,92,73,-53,-124,-152,-98
-42,-183,-120,107,22,-166,101,85,-41,-136,-169,-138
-48,-170,-113,142,26,-167,103,59,-74,-144,-181,-132
-84,-190,-117,117,29,-150,111,88,-51,-161,-184,-134
-68,-177,-145,128,38,-150,89,92,-44,-140,-171,-164
-71,-181,-114,126,34,-156,106,70,-66,-129,-168,-132
-58,-184,-123,111,26,-136,78,79,-63,-136,-155,-133
-43,-134,-78,113,18,-126,94,52,-39,-106,-143,-116
-61,-115,-73,92,2,-103,71,30,-30,-76,-102,-68
-35,-113,-45,66,-11,-64,50,38,-34,-58,-80,-33
-4,-46,-38,3,7,-23,20,19,-13,-27,-57,-34
27,29,14,-15,24,21,-22,-4,-1,32,4,3
19,79,39,-46,-21,81,-40,-42,42,56,67,62
51,164,85,-93,-42,126,-84,-71,47,112,136,92
82,220,124,-162,-17,200,-122,-101,69,145,224,153
100,306,211,-208,-44,256,-170,-123,87,234,277,225
140,410,277,-259,-69,335,-220,-162,114,282,366,265
170,490,330,-314,-70,417,-280,-177,150,384,452,338
194,592,385,-421,-86,509,-328,-248,192,475,534,416
243,698,447,-471,-91,545,-385,-248,210,519,638,464
264,793,509,-548,-126,657,-429,-314,215,573,721,554
289,870,560,-601,-137,698,-489,-323,245,625,778,596
342,926,599,-652,-162,776,-495,-381,269,682,810,672
338,966,622,-641,-142,799,-521,-381,287,727,868,667
332,1005,649,-681,-153,818,-550,-403,288,771,901,705
340,980,635,-666,-152,821,-557,-382,290,752,900,711
349,994,636,-665,-152,816,-534,-394,300,735,877,676
328,965,618,-645,-156,806,-542,-373,283,743,844,678
309,892,588,-630,-145,752,-509,-380,253,665,802,622
314,834,527,-583,-134,699,-471,-328,278,621,740,586
284,743,483,-488,-109,617,-381,-301,233,571,657,533
235,623,399,-428,-96,545,-368,-276,198,478,591,455
185,539,348,-353,-76,440,-288,-224,160,409,458,386
144,397,284,-287,-70,364,-252,-175,122,328,413,287
123,327,218,-232,-64,273,-182,-146,110,263,307,223
88,236,147,-171,-44,197,-115,-112,70,175,218,161
45,147,87,-84,-19,101,-81,-71,27,101,124,95
25,50,28,-19,-17,35,-29,-15,23,48,46,33
-7,-24,-3,29,-3,-24,21,30,-14,-35,-39,-9
-21,-99,-57,51,28,-63,46,43,-40,-67,-79,-62
-60,-169,-103,110,38,-127,82,62,-49,-114,-139,-99
-45,-206,-129,127,40,-174,92,91,-85,-138,-172,-120
-72,-259,-145,168,22,-212,127,89,-70,-152,-207,-169
-104,-253,-155,164,38,-209,131,102,-60,-194,-219,-153
-97,-256,-191,189,28,-218,145,97,-66,-226,-254,-173
-101,-250,-176,185,38,-221,150,118,-67,-210,-230,-201
-97,-279,-168,178,36,-221,151,125,-88,-210,-241,-193
-80,-243,-157,175,28,-217,130,116,-69,-184,-250,-156
-81,-242,-161,175,33,-213,132,75,-77,-179,-218,-175
-90,-232,-152,162,40,-195,125,86,-67,-179,-201,-150
-74,-202,-142,130,1,-173,118,88,-54,-158,-189,-155
-63,-179,-124,156,30,-163,114,96,-69,-136,-159,-144
-66,-193,-118,124,-13,-146,97,72,-67,-107,-169,-117
-42,-158,-85,86,30,-138,66,82,-71,-108,-138,-106
-42,-119,-79,88,27,-98,69,49,-37,-84,-119,-99
-13,-105,-74,68,31,-118,80,37,-50,-63,-99,-94
-41,-98,-99,58,15,-88,55,37,-28,-63,-77,-86
-20,-57,-64,58,14,-72,73,21,-42,-60,-60,-81
-27,-60,-30,32,23,-53,27,-14,-28,-87,-80,-45
-21,-75,-42,40,-3,-63,28,42,-24,-49,-35,-65
-32,-39,-44,19,10,-46,25,16,-7,-27,-47,-31
-31,-38,-44,34,15,-43,16,24,-29,-49,-56,-38
-19,-31,-30,27,17,-47,12,28,-14,-35,-29,-37
-4,-25,-25,14,1,-20,23,2,-3,-29,-41,-28
-3,-12,-28,33,8,-38,33,24,-6,-37,-35,-29
-20,-40,-15,35,16,-8,17,13,-14,-13,-37,-20
-27,-19,-27,14,4,-49,21,14,1,8,-24,-13
22,-5,-22,8,2,-26,19,29,-34,-21,-14,-26
-13,-28,-34,27,2,-28,33,-7,-9,-20,-20,-8
-22,-14,-28,18,23,-11,9,-1,-27,-36,-22,-19
-8,-36,-14,6,-9,-35,34,16,8,-31,-21,-28
-6,-36,-7,1,-25,-14,29,24,-9,-20,-31,-19
26,5,-32,17,16,-20,28,-15,6,-3,-20,5
-9,-21,-3,10,32,-18,13,1,7,3,-10,-12
-7,-8,-2,14,19,-25,20,22,-4,-8,-19,-26
-1,-18,-20,21,3,-5,-8,2,16,-3,-31,-10
6,-18,6,8,6,-5,8,-3,-5,-6,-20,-17
3,-16,4,4,-3,-14,-3,20,-13,-11,-10,-12
1,-28,10,12,5,-14,11,13,4,-8,-15,-13
12,-2,4,12,-16,12,-15,13,-7,-3,-22,-25
10,-24,11,1,-9,-17,17,-12,-2,-7,-2,-11
-3,0,10,0,17,-18,-3,-3,19,-10,-20,3
2,32,-8,18,7,-7,4,3,-4,-13,-3,9
1,-30,21,11,10,-1,9,21,-31,9,12,21
0,15,-1,0,15,19,1,14,-7,6,37,14
11,4,18,11,19,-6,1,-5,9,20,1,0
19,18,5,-11,-2,29,16,-11,-15,26,12,9
7,14,6,-18,-15,30,1,-22,4,28,6,5
1,20,14,0,-4,20,-18,-2,18,17,12,33
7,46,23,4,18,34,16,3,13,20,29,5
14,17,1,-24,-14,-12,12,-31,16,21,15,34
14,45,28,-28,19,12,-5,12,4,27,27,17
15,34,24,-39,-13,24,-26,-29,17,38,49,24
14,37,16,-36,17,57,-17,-4,18,45,18,33
20,33,11,-32,-19,12,-31,-22,23,27,39,40
11,55,35,-27,-1,28,-36,1,8,33,61,14
16,52,36,-37,-12,52,-30,-28,33,66,26,34
44,84,58,-49,-9,56,-41,-18,27,64,65,43
17,70,27,-50,-25,65,-39,-22,35,65,62,62
27,79,21,-59,-1,72,-49,-31,5,71,67,46
14,77,68,-38,7,48,-48,-24,9,66,67,55
48,96,54,-49,-21,63,-24,-49,7,66,74,68
27,56,59,-59,-16,76,-53,-42,31,62,98,71
39,100,69,-55,-16,89,-41,-28,24,77,94,92
23,98,95,-75,-25,105,-65,-30,50,68,93,70
61,130,53,-88,-16,84,-43,-48,32,64,104,55
27,119,77,-87,-14,115,-52,-35,43,82,130,77
50,132,54,-83,-32,107,-73,-46,42,92,119,95
49,144,88,-94,-21,104,-82,-66,51,110,106,90
54,146,102,-128,-10,120,-76,-53,32,120,126,109
64,150,103,-89,-28,136,-101,-78,66,111,145,114
54,167,95,-96,-24,147,-81,-72,67,135,158,96
84,179,109,-100,-12,122,-82,-72,19,124,127,133
56,163,107,-116,-39,129,-93,-72,73,152,160,127
77,175,125,-133,-43,155,-110,-72,58,144,162,137
58,194,138,-144,-18,162,-112,-71,57,137,189,150
93,192,138,-146,-39,172,-93,-73,47,157,181,153
72,209,125,-139,-44,170,-122,-88,39,175,194,142
89,225,125,-165,-26,175,-118,-88,55,171,200,138
74,227,147,-155,-23,192,-134,-93,65,180,224,163
87,248,168,-170,-20,186,-126,-75,74,184,215,173
84,256,156,-170,-38,182,-122,-93,90,183,221,166
80,259,174,-149,-37,195,-130,-101,87,178,232,171
96,264,175,-156,-23,232,-141,-96,84,197,248,205
83,254,186,-184,-35,213,-164,-85,98,194,238,180
96,285,182,-177,-38,221,-135,-110,94,183,251,201
91,292,186,-186,-39,233,-151,-98,69,221,273,195
114,291,201,-205,-60,224,-128,-119,75,202,270,209
86,297,172,-199,-48,248,-176,-121,91,212,278,212
131,314,188,-193,-52,291,-165,-130,131,235,254,217
117,315,192,-214,-43,257,-176,-121,98,222,276,205
105,347,201,-206,-34,261,-162,-133,102,260,287,204
105,350,207,-210,-52,241,-186,-133,95,251,276,217
117,324,206,-203,-53,266,-207,-97,111,246,287,238
116,318,223,-237,-41,275,-175,-119,109,232,286,229
125,340,213,-222,-49,282,-175,-130,81,258,305,238
116,353,229,-238,-57,280,-184,-107,89,231,313,258
117,332,208,-225,-47,274,-197,-125,107,263,300,233
106,325,226,-207,-38,283,-194,-145,97,255,320,237
126,334,229,-239,-42,278,-172,-154,98,250,283,248
128,352,214,-242,-51,290,-177,-161,110,248,319,260
138,359,216,-220,-39,279,-195,-151,109,248,339,235
123,346,231,-255,-61,304,-200,-131,114,265,312,243
103,363,242,-262,-53,294,-215,-137,116,259,324,241
132,391,246,-229,-25,296,-193,-127,104,270,320,228
123,357,227,-242,-56,278,-178,-147,119,269,296,243
121,348,240,-230,-57,286,-167,-137,131,265,315,261
129,371,226,-246,-35,280,-181,-123,117,273,326,236
125,357,225,-238,-39,285,-212,-140,116,260,322,251
135,341,249,-225,-39,278,-194,-160,113,260,304,246
133,361,223,-214,-49,275,-163,-161,77,252,317,235
110,322,215,-255,-74,288,-180,-146,82,246,306,247
125,349,231,-228,-50,304,-192,-130,98,269,293,218
101,368,236,-241,-47,288,-162,-133,97,240,314,203
97,309,218,-233,-47,273,-188,-145,114,235,289,229
124,341,208,-225,-65,252,-191,-126,102,249,286,209
112,316,191,-201,-50,260,-188,-130,99,245,275,209
107,294,216,-240,-46,252,-176,-138,99,222,284,234
96,318,203,-204,-50,270,-188,-122,83,207,271,200
104,301,200,-206,-50,239,-167,-145,79,244,268,199
89,311,183,-172,-58,246,-185,-110,95,200,242,226
108,272,174,-193,-41,244,-179,-129,74,203,263,204
94,291,184,-195,-40,238,-160,-119,63,212,242,195
102,280,184,-196,-37,235,-150,-102,61,194,248,201
103,264,189,-157,-62,199,-130,-94,76,209,229,193
119,254,174,-165,-30,199,-149,-119,57,176,240,179
106,263,190,-172,-44,211,-160,-98,57,185,225,170
92,228,130,-167,-45,193,-132,-109,75,183,227,173
88,228,140,-154,-57,199,-130,-97,79,159,212,159
68,226,131,-150,-31,196,-108,-88,53,155,232,166
84,204,130,-107,-26,176,-129,-84,52,149,209,161
70,204,117,-132,-35,175,-122,-93,50,163,187,130
63,189,121,-133,-37,144,-108,-57,57,140,175,124
62,188,131,-135,-59,150,-91,-80,67,152,165,128
47,169,116,-119,-8,153,-90,-79,28,126,161,143
70,157,95,-100,-26,161,-101,-61,58,107,132,131
72,176,121,-131,-18,130,-84,-50,25,100,140,114
55,141,102,-102,-25,115,-86,-70,42,115,141,111
54,135,94,-113,-12,116,-62,-67,43,114,137,86
53,131,98,-100,-26,113,-68,-42,55,108,123,104
52,131,96,-72,-26,110,-59,-68,36,88,120,72
42,113,80,-80,-17,95,-71,-39,47,84,104,87
28,110,69,-66,-27,97,-40,-25,29,96,82,61
44,84,67,-63,-28,112,-47,-21,19,72,75,66
29,95,76,-66,-3,56,-44,-46,19,57,63,63
18,79,28,-58,-23,66,-56,-27,20,65,69,68
14,81,51,-49,2,63,-55,-6,14,51,89,56
36,65,45,-59,8,47,-41,-19,27,36,68,37
-7,72,30,-48,1,35,-45,-25,21,61,43,33
20,57,33,-30,-22,38,-10,-12,22,35,40,34
7,53,19,-18,-21,61,-27,-30,26,8,17,44
8,21,29,-47,-1,35,-18,-23,-8,41,10,28
10,30,39,-28,-1,25,-19,-4,17,19,39,3
33,41,1,-17,-23,23,-18,-11,-5,38,-4,35
-9,5,0,-10,-22,27,5,0,19,16,24,3
4,11,3,-3,-2,4,-22,-4,6,-4,-3,13
6,9,-11,-22,-12,2,5,8,-27,8,0,17
-18,-5,-3,-9,-5,-13,6,12,5,4,9,-2
0,-4,-14,8,-18,0,12,19,-6,-5,-26,2
-12,-35,4,-2,11,-8,12,-13,-3,8,0,-14
-49,4,-14,-9,-16,4,-12,-3,4,-16,-14,2
-1,-39,-15,6,12,-25,5,-8,0,-17,-21,-8
1,-43,-5,4,3,-30,4,12,-12,-26,-27,-27
4,-35,6,10,14,-11,26,-10,-21,-26,-10,-4
-2,-12,-3,-1,3,-28,9,33,-5,-25,-35,-8
-25,-46,-21,28,-7,-14,18,23,5,-14,-12,-28
-24,-52,-24,15,0,-28,21,11,-28,-29,-10,-15
-21,-35,-5,30,19,-46,30,40,-15,-40,-43,-25
-26,-45,-16,37,19,-39,46,41,4,-32,-54,-61
-3,-45,-18,37,1,-42,10,10,-14,-45,-32,-25
-21,-42,-57,49,7,-37,35,38,-13,-23,-51,-58
-30,-59,-18,33,16,-52,26,9,-30,-38,-39,-34
-10,-55,-21,35,2,-36,52,40,-10,-46,-33,-55
-34,-43,-40,23,14,-65,47,25,-21,-69,-49,-42
-11,-48,-40,31,-5,-57,24,29,-20,-37,-34,-58
-6,-65,-10,33,20,-42,11,20,-2,-33,-28,-42
-13,-53,-49,41,-6,-33,17,34,-8,-51,-61,-33
-16,-57,-51,55,-8,-60,34,21,-26,-40,-54,-48
-11,-57,-59,32,3,-85,34,14,-26,-38,-40,-57
-19,-70,-41,41,19,-58,34,11,-30,-47,-74,-49
-14,-62,-47,37,12,-38,28,28,-21,-33,-69,-35
-27,-76,-26,40,18,-46,12,23,2,-75,-70,-35
-49,-50,-57,51,27,-64,24,2,-17,-51,-64,-50
-38,-59,-36,18,15,-74,41,12,-26,-38,-52,-49
-42,-71,-55,44,18,-43,53,29,-33,-61,-63,-58
-15,-78,-29,31,-8,-64,37,26,-12,-37,-61,-43
-31,-64,-19,61,38,-57,32,33,-20,-47,-63,-37
-29,-44,-59,38,13,-49,27,21,-11,-51,-49,-48
-28,-94,-53,52,0,-74,28,47,-27,-69,-55,-61
-23,-55,-48,72,36,-69,48,22,-23,-53,-73,-43
-28,-69,-35,35,-2,-56,35,24,-25,-61,-54,-46
-22,-73,-46,28,-4,-80,28,13,-25,-69,-69,-39
-35,-59,-45,41,3,-80,46,29,-42,-36,-84,-51
-23,-81,-55,53,10,-73,38,34,-21,-65,-67,-44
-18,-79,-51,64,5,-75,48,13,-32,-79,-55,-50
-18,-76,-52,47,3,-60,56,38,1,-39,-72,-54
-46,-69,-33,58,11,-23,56,35,-28,-51,-59,-58
-26,-63,-48,64,10,-50,24,21,-11,-73,-67,-40
-29,-84,-54,52,3,-60,55,2,-40,-45,-64,-69
-22,-87,-58,42,30,-82,57,45,-22,-53,-67,-62
-35,-70,-77,65,24,-37,37,25,-1,-54,-58,-48
10,-74,-65,47,9,-55,15,14,-25,-47,-48,-50
-35,-58,-63,51,15,-47,40,36,-23,-45,-65,-48
-20,-80,-53,35,26,-53,44,42,-12,-48,-68,-48
-42,-69,-72,77,13,-63,28,29,-19,-57,-71,-44
-16,-62,-52,34,23,-71,43,35,16,-53,-67,-41
-15,-79,-62,31,16,-47,59,15,-4,-64,-57,-39
-43,-79,-42,56,12,-41,44,-2,-27,-52,-40,-57
-38,-66,-53,39,11,-61,48,18,-26,-58,-58,-48
-18,-80,-50,44,31,-53,53,21,-30,-46,-59,-75
-46,-86,-59,56,3,-69,36,19,-34,-41,-65,-54
-22,-77,-32,59,16,-48,7,19,-17,-46,-69,-39
-28,-70,-42,44,3,-55,68,40,-24,-51,-77,-39
-29,-66,-70,63,20,-58,39,20,-24,-51,-84,-43
-27,-72,-56,53,21,-56,48,24,-4,-66,-81,-57
-44,-62,-53,69,41,-59,19,25,-36,-67,-74,-67
-22,-73,-63,62,8,-73,39,44,-35,-76,-51,-62
-22,-51,-76,42,17,-59,59,26,-26,-55,-45,-46
-22,-73,-45,46,-5,-44,25,32,-38,-65,-77,-68
-26,-73,-36,58,-5,-58,57,33,-14,-67,-55,-59
-15,-84,-69,47,16,-73,54,30,-16,-85,-90,-43
-36,-73,-32,52,28,-63,39,39,-16,-67,-60,-48
-29,-70,-43,27,9,-71,41,42,-8,-57,-50,-50
-32,-88,-48,36,13,-52,45,38,-7,-61,-42,-69
-45,-70,-49,48,13,-78,51,16,-46,-59,-61,-43
-8,-70,-54,52,13,-52,54,35,-33,-37,-49,-63
-40,-78,-39,57,15,-43,32,35,-23,-62,-65,-60
-11,-80,-58,42,21,-56,33,1,-26,-42,-64,-54
-36,-69,-44,65,5,-66,40,26,-37,-48,-78,-61
-31,-56,-34,53,-5,-88,33,41,-40,-50,-56,-46
-20,-68,-39,55,25,-66,44,37,-7,-39,-41,-59
-33,-92,-42,66,11,-49,39,38,1,-56,-83,-51
-34,-76,-42,55,-3,-61,29,33,-20,-79,-77,-55
-46,-68,-50,62,-6,-64,28,34,-26,-58,-67,-34
-11,-56,-31,36,13,-48,32,18,-14,-51,-58,-42
-27,-80,-53,58,1,-49,54,25,-33,-50,-64,-48
-42,-66,-53,28,-3,-66,35,26,-35,-77,-63,-50
-16,-81,-38,55,8,-68,28,30,-29,-50,-64,-62
-36,-77,-28,47,12,-67,50,48,-39,-66,-62,-48
-23,-74,-53,60,26,-55,37,28,-8,-63,-74,-39
-18,-73,-71,52,19,-66,26,29,-28,-53,-48,-54
-32,-71,-37,45,2,-42,36,43,-28,-66,-79,-57
-27,-69,-50,34,14,-51,43,19,-28,-53,-69,-41
-34,-64,-54,52,-13,-61,26,14,-23,-38,-64,-26
-15,-64,-56,56,-13,-77,46,50,-19,-46,-75,-65
-31,-75,-47,18,23,-82,50,28,-27,-51,-59,-20
-26,-74,-69,54,1,-62,39,32,-17,-41,-84,-31
-14,-88,-34,57,5,-44,39,42,1,-60,-66,-33
-16,-67,-58,52,-7,-50,56,23,-35,-43,-45,-44
-19,-64,-55,52,-4,-68,45,31,-4,-42,-89,-53
-14,-71,-28,48,8,-59,31,36,-34,-73,-59,-43
-37,-80,-17,47,44,-59,55,31,-19,-48,-76,-43
-35,-62,-40,33,13,-73,47,35,5,-71,-62,-45
-16,-65,-46,47,5,-30,27,13,-18,-39,-53,-50
-29,-52,-52,23,22,-84,46,23,-22,-61,-60,-45
-43,-83,-30,62,16,-56,10,34,5,-37,-52,-32
-28,-66,-37,55,6,-43,2,24,-13,-41,-82,-46
-33,-57,-41,37,17,-57,30,51,-33,-43,-74,-45
-26,-75,-36,39,-22,-78,33,31,-43,-46,-56,-61
-32,-81,-60,58,5,-74,22,28,-23,-54,-57,-31
-43,-58,-61,52,18,-57,31,21,-10,-63,-93,-61
-31,-58,-54,48,11,-74,41,30,-32,-58,-69,-57
-14,-53,-64,42,24,-47,45,23,-12,-31,-79,-66
-22,-73,-25,44,7,-53,6,38,-9,-57,-66,-34
-21,-61,-59,70,-7,-52,14,-3,-9,-40,-55,-27
-29,-70,-50,27,26,-58,61,14,-7,-43,-72,-50
-20,-45,-25,27,19,-52,51,33,-18,-28,-53,-39
9,-63,-53,31,3,-40,53,32,-13,-30,-73,-44
-33,-72,-36,35,-15,-36,47,6,-9,-47,-59,-34
-20,-53,-45,25,23,-71,39,3,-27,-65,-64,-48
-28,-61,-34,48,1,-53,13,27,5,-39,-44,-12
-39,-66,-48,45,-9,-51,37,28,-26,-32,-72,-35
-39,-54,-29,34,12,-59,35,37,-13,-47,-62,-48
-29,-66,-50,45,-3,-50,29,24,-20,-44,-22,-41
-15,-31,-20,46,-2,-37,31,21,-10,-22,-46,-39
-22,-64,-28,42,5,-61,22,11,-29,-51,-52,-37
-27,-26,-64,30,-6,-45,28,13,-26,-42,-30,-25
-11,-52,-35,39,6,-36,34,6,-6,-30,-44,-27
-4,-47,-31,21,-11,-37,32,24,-25,-48,-35,-29
1,-34,-24,22,2,-20,10,30,-24,-16,-22,-16
-14,-26,7,43,4,-36,17,28,-4,-37,-37,-18
-27,-35,-30,16,0,-31,18,7,-5,-41,-42,-13
-10,-34,-30,8,5,-31,5,19,-17,-15,-8,-16
4,-24,5,8,34,-32,20,11,-21,-39,-38,-33
-1,-12,12,17,27,-3,-11,26,-13,-9,0,-14
-1,-29,-4,17,-4,-24,21,-8,-20,-9,-19,2
27,-24,3,4,21,11,-16,2,-1,6,-8,-16
8,11,18,-7,22,2,3,3,-13,19,-6,-19
9,-18,-17,-7,-4,-9,-11,-13,19,13,-10,0
-18,11,6,1,-6,2,5,2,-2,2,30,-7
-19,21,9,4,-13,12,-3,2,25,15,30,-6
-2,38,20,-22,19,-7,-14,-1,11,14,23,8
13,30,23,-6,-8,31,-43,-21,0,12,11,41
2,38,43,-13,-2,42,-24,-15,-3,25,28,15
17,50,13,-22,-11,45,-28,-27,13,45,17,39
-14,46,35,-33,-16,54,-45,-11,29,61,54,51
13,91,45,-48,7,27,-51,-30,28,70,63,64
23,66,60,-67,6,63,-59,-46,15,56,81,68
18,93,60,-50,13,82,-61,-32,39,44,92,66
58,71,48,-63,-18,70,-48,-24,32,78,82,71
15,104,40,-84,-11,98,-59,-47,22,81,93,55
30,113,72,-76,-12,64,-43,-50,52,88,78,91
47,104,79,-84,-16,94,-42,-57,35,81,127,68
49,127,80,-91,-32,95,-78,-57,25,81,118,90
52,114,99,-86,-5,110,-65,-68,35,88,133,88
48,160,77,-103,-10,115,-81,-60,62,122,114,83
50,142,95,-110,-14,149,-82,-56,40,118,108,94
41,144,118,-104,-16,115,-75,-47,67,114,142,115
71,162,97,-104,-8,111,-95,-70,46,119,167,128
57,175,125,-129,-30,138,-94,-53,44,130,130,107
81,174,95,-122,-37,154,-104,-50,39,116,138,131
62,187,92,-126,-43,142,-85,-66,63,127,161,121
45,176,107,-151,-33,152,-88,-75,43,98,169,106
66,184,124,-135,-19,141,-86,-71,54,151,163,129
70,195,111,-135,-40,139,-89,-80,65,149,181,131
71,168,128,-129,-30,158,-117,-62,32,130,171,111
43,167,112,-134,-43,153,-108,-64,62,166,138,153
61,191,111,-122,-38,157,-114,-76,60,122,168,130
73,176,122,-128,-30,171,-118,-64,54,132,164,137
86,195,127,-138,-12,152,-81,-66,62,156,181,131
57,186,111,-114,-21,150,-81,-79,49,148,188,150
58,181,121,-113,-19,136,-94,-91,57,126,176,110
53,178,106,-137,-30,141,-76,-87,49,143,168,141
44,182,118,-110,-34,131,-97,-67,60,131,149,121
43,177,113,-111,-31,131,-117,-66,47,99,149,109
83,164,110,-111,-25,124,-96,-42,71,128,146,117
55,149,106,-94,-17,134,-77,-38,71,103,163,100
41,141,71,-87,-17,131,-69,-63,29,96,115,116
36,132,88,-105,-15,121,-80,-59,52,90,139,63
47,119,76,-78,-7,139,-75,-56,45,100,95,66
57,132,62,-94,-26,104,-73,-25,24,66,108,97
23,144,68,-89,-26,93,-41,-41,27,91,112,69
13,109,36,-69,11,83,-60,-41,38,48,86,71
2,99,61,-50,-17,98,-57,-45,27,65,106,53
20,81,54,-47,-41,69,-29,-38,19,78,89,71
54,65,47,-70,-29,66,-64,-40,41,101,62,60
19,80,52,-64,-8,69,-43,-30,12,43,63,57
45,56,52,-30,1,39,-51,-39,36,40,54,32
24,58,33,-12,-1,38,-36,-20,21,29,27,47
29,42,38,-34,-1,15,-5,-11,22,17,32,28
6,50,43,-16,-5,27,-22,-3,11,35,45,31
-2,35,5,-22,-6,19,-25,14,5,19,15,8
-2,0,9,-21,-36,-5,1,-8,13,26,4,18
2,26,3,-30,7,19,1,0,-14,3,-1,17
-3,-2,6,-1,-2,0,2,26,-38,25,10,-11
-6,-6,-19,13,9,0,10,-10,-13,8,1,-14
-9,-20,-7,13,-8,-15,12,5,-5,-29,-33,-18
-19,-20,7,5,2,-23,-2,6,11,-14,-17,-33
-6,-15,-18,3,0,-27,9,4,16,2,-14,-18
-2,-50,-13,16,-17,-31,9,28,-15,-31,-22,-34
-7,-35,-39,34,1,-16,22,-4,-16,-19,-29,-16
-27,-36,-18,21,17,-41,27,14,-1,-37,-45,-31
-11,-54,-22,34,13,-31,20,30,0,-33,-45,-40
-11,-38,-34,31,1,-36,17,4,-14,-36,-48,-40
-21,-58,-39,20,-5,-51,34,-2,-15,-40,-41,-21
-18,-82,-31,35,18,-41,34,30,-4,-64,-64,-44
-17,-62,-30,31,-14,-43,46,24,10,-42,-65,-40
-8,-81,-62,35,5,-54,48,31,-5,-29,-36,-13
-22,-62,-57,19,25,-40,14,37,-16,-37,-58,-38
-39,-67,-51,31,-14,-55,23,11,-19,-31,-64,-31
-16,-74,-49,30,7,-48,33,16,-18,-67,-52,-39
-11,-71,-39,53,6,-49,42,37,-43,-39,-71,-38
-11,-64,-38,40,4,-53,26,18,-27,-40,-81,-64
-17,-62,-55,73,43,-46,24,23,-8,-64,-71,-48
-28,-82,-52,39,16,-54,59,46,-25,-41,-82,-58
-21,-87,-38,55,31,-64,64,46,-21,-72,-73,-69
-23,-89,-65,53,-8,-80,42,25,-25,-50,-80,-58
-15,-92,-64,65,19,-99,40,32,-28,-79,-79,-66
-25,-93,-64,74,29,-91,44,45,-27,-76,-102,-53
-41,-101,-60,81,12,-89,56,10,-34,-91,-82,-61
-41,-108,-63,82,10,-89,70,55,-28,-84,-102,-88
-27,-123,-90,90,16,-82,67,45,-29,-115,-112,-102
-58,-125,-101,95,5,-108,65,58,-54,-110,-108,-75
-32,-152,-89,106,17,-129,95,58,-51,-86,-133,-117
-53,-160,-107,107,31,-142,96,54,-43,-127,-122,-102
-62,-175,-115,127,34,-131,71,75,-50,-115,-141,-107
-56,-193,-125,142,20,-155,121,67,-39,-151,-184,-143
-71,-213,-122,129,34,-173,129,76,-80,-155,-193,-129
-81,-206,-146,147,46,-195,113,66,-77,-163,-177,-134
-60,-241,-152,155,18,-198,132,115,-94,-161,-191,-162
-86,-220,-162,165,38,-177,112,79,-66,-160,-188,-159
-85,-248,-138,156,52,-191,147,102,-63,-165,-202,-164
-84,-200,-153,128,37,-175,137,95,-45,-160,-199,-142
-81,-189,-138,134,40,-182,112,104,-53,-155,-194,-148
-80,-191,-98,125,16,-163,111,75,-49,-146,-140,-118
-57,-155,-92,114,34,-119,91,47,-44,-119,-129,-110
-31,-132,-86,64,29,-97,55,27,-44,-102,-125,-98
-24,-90,-45,41,-9,-64,50,28,-25,-54,-56,-36
-21,3,-16,9,-3,-3,0,1,2,-13,4,-14
25,42,42,-58,-38,30,-37,-17,-12,35,69,41
38,96,88,-110,-40,117,-57,-48,41,93,117,76
75,225,145,-167,-37,181,-119,-83,74,168,190,147
93,321,215,-225,-34,241,-179,-126,89,245,283,225
137,395,256,-273,-53,328,-216,-175,144,330,397,288
167,499,346,-343,-72,429,-300,-202,136,383,453,356
231,616,372,-403,-108,497,-313,-235,194,440,518,427
239,686,454,-451,-107,565,-382,-275,207,520,624,473
259,744,488,-515,-102,623,-416,-284,235,591,690,537
288,848,531,-569,-124,685,-460,-328,245,641,751,565
327,899,577,-586,-136,726,-477,-362,267,690,783,602
318,913,578,-640,-138,766,-517,-361,276,708,815,638
330,922,615,-651,-154,747,-522,-379,276,703,849,639
344,921,600,-635,-127,790,-505,-383,278,683,835,657
309,916,603,-627,-143,761,-509,-354,288,690,802,650
321,859,573,-579,-137,714,-472,-325,258,651,790,625
286,786,535,-559,-115,667,-439,-336,255,595,730,565
245,715,457,-487,-109,604,-406,-276,219,543,662,508
216,626,399,-434,-98,506,-348,-247,188,453,571,464
189,535,343,-368,-90,445,-302,-233,170,387,480,363
153,417,282,-296,-50,365,-219,-176,145,312,410,300
98,322,214,-207,-30,278,-178,-115,105,252,291,231
83,247,157,-144,-44,190,-103,-95,81,154,189,148
46,94,77,-80,-10,81,-60,-41,46,88,96,98
14,35,19,-28,-4,29,-37,-13,12,31,38,23
-9,-37,-25,34,8,-27,20,25,8,-37,-51,-31
-21,-123,-75,59,27,-89,95,48,-37,-85,-98,-97
-79,-182,-122,139,14,-161,101,45,-60,-122,-166,-127
-73,-236,-168,150,28,-187,123,103,-61,-155,-213,-166
-98,-292,-190,176,50,-220,144,107,-75,-204,-233,-199
-106,-312,-188,210,28,-238,151,118,-103,-241,-288,-200
-134,-318,-196,210,56,-264,176,110,-97,-251,-282,-243
-120,-342,-217,210,60,-294,180,132,-98,-259,-311,-240
-115,-321,-194,224,45,-273,168,141,-98,-265,-299,-223
-104,-320,-210,220,44,-271,164,120,-113,-233,-291,-225
-96,-297,-198,205,47,-259,178,131,-95,-238,-278,-193
-100,-297,-199,214,45,-254,180,109,-89,-228,-272,-184
-105,-276,-176,184,36,-233,145,132,-88,-203,-254,-202
-80,-257,-165,180,36,-238,140,124,-70,-188,-229,-199
-90,-240,-149,165,35,-212,121,86,-77,-174,-219,-150
-105,-231,-140,146,42,-164,110,89,-50,-179,-196,-157
-71,-214,-131,140,42,-191,108,82,-64,-158,-173,-133
-65,-172,-127,126,31,-155,93,73,-47,-134,-147,-139
-68,-176,-122,118,43,-130,95,74,-58,-114,-156,-116
-59,-160,-88,114,32,-111,94,80,-44,-110,-152,-126
-51,-153,-79,90,7,-128,71,65,-61,-101,-103,-107
-43,-136,-82,120,14,-94,76,53,-32,-88,-102,-78
-44,-122,-58,90,27,-88,52,49,-35,-98,-111,-68
-48,-124,-87,79,30,-72,57,44,-45,-81,-105,-86
-8,-104,-41,86,16,-72,45,58,-32,-79,-84,-75
-50,-96,-58,67,15,-68,30,40,-24,-77,-105,-49
-47,-113,-47,75,9,-115,36,18,-38,-88,-67,-60
-36,-78,-57,51,-11,-79,56,43,-21,-62,-80,-55
-52,-76,-62,63,23,-73,28,28,-29,-57,-96,-68
-18,-97,-53,64,-3,-72,63,39,-35,-36,-85,-73
-29,-102,-74,57,4,-80,46,46,-24,-76,-79,-52
-38,-62,-44,40,6,-77,51,21,-23,-68,-75,-51
-23,-82,-67,49,24,-69,42,29,-49,-75,-95,-47
-34,-93,-52,60,19,-66,24,28,-30,-70,-61,-56
-47,-90,-49,61,2,-81,49,33,-22,-68,-61,-67
-31,-93,-32,34,41,-60,57,27,-30,-24,-69,-39
-39,-59,-36,62,4,-69,56,24,-25,-69,-86,-48
-20,-73,-45,72,9,-52,35,29,-48,-60,-77,-61
-19,-67,-37,44,20,-64,43,-4,-44,-63,-74,-67
-19,-87,-43,46,15,-57,45,52,-16,-62,-91,-57
-10,-79,-64,62,-2,-74,41,22,-34,-48,-61,-43
-30,-76,-30,44,-18,-69,51,26,-33,-63,-75,-17
-16,-64,-19,56,30,-65,29,22,-5,-64,-60,-68
-38,-57,-45,41,-12,-41,26,5,-5,-39,-46,-16
-22,-62,-49,36,2,-78,13,10,-1,-33,-43,-39
-34,-40,-29,21,-6,-45,13,17,-9,-39,-62,-39
-32,-45,-26,43,28,-51,15,24,-18,-30,-46,-36
-15,-57,-27,34,27,-48,15,17,-7,-54,-37,-48
-4,-35,-37,31,-7,-33,15,37,-6,-24,-42,-33
-25,-23,-33,34,-9,-42,16,10,-14,-8,-33,-32
-5,-25,-29,33,-16,-41,40,26,3,-28,-24,-18
-14,-36,-16,21,24,-33,24,15,9,-16,-17,-21
-21,-39,-12,10,1,-5,-2,6,8,-19,-16,-15
-11,-8,-28,24,16,-13,7,21,-15,-20,-11,-36
-14,-17,8,2,-27,6,11,25,-19,15,-22,-4
-13,-17,-3,10,6,13,20,24,-12,-2,-9,-18
2,-11,-16,13,-18,5,16,23,9,-8,-24,13
-11,2,-12,12,2,-9,-7,2,-2,12,3,15
10,-20,-5,14,10,16,8,13,-10,7,15,-14
2,8,6,-7,11,-22,4,8,5,26,18,-6
-2,-8,-4,-5,-17,11,-3,1,1,11,25,20
14,23,19,8,-16,30,-23,-8,18,18,26,5
12,26,24,-26,23,31,-14,-13,-4,8,13,17
15,53,18,10,-10,27,-11,-1,1,23,23,28
19,23,21,-52,-22,19,-16,-24,24,17,17,42
22,42,16,-34,7,15,-6,5,25,48,52,49
-2,46,31,-51,-18,37,-50,-24,13,36,52,35
29,50,49,-65,-21,54,-24,-21,12,48,61,48
38,55,49,-59,-27,62,-51,-38,5,38,76,45
11,65,51,-70,-7,71,-26,-24,18,52,85,52
37,91,63,-68,-19,86,-52,-17,26,57,93,57
35,94,56,-86,8,65,-51,-33,34,65,91,79
40,112,50,-48,-15,91,-46,-31,38,59,87,85
37,95,82,-76,-16,82,-67,-51,31,66,99,109
30,133,51,-83,-41,102,-55,-42,50,102,116,82
35,115,88,-78,-32,128,-61,-76,36,94,95,84
68,135,75,-97,-31,113,-72,-27,30,103,118,100
25,140,103,-89,-16,111,-92,-52,30,113,140,106
74,150,109,-101,-31,112,-87,-44,52,123,156,109
55,153,92,-105,-29,154,-98,-52,46,121,160,100
59,192,122,-116,-32,158,-94,-59,48,136,168,125
54,168,89,-115,-21,154,-116,-83,52,129,151,118
85,201,119,-144,-31,152,-109,-67,59,155,176,140
62,191,134,-140,-35,160,-115,-87,58,120,186,139
69,217,133,-132,-24,159,-106,-86,79,140,175,109
77,229,123,-138,-33,173,-130,-86,47,171,203,162
77,227,151,-150,-48,196,-119,-92,69,167,198,176
85,218,159,-156,-29,194,-123,-86,91,162,184,157
107,231,144,-160,-26,188,-112,-101,75,165,194,145
83,231,169,-156,-33,206,-154,-115,67,183,226,167
80,241,152,-176,-37,214,-143,-100,82,189,222,172
88,278,177,-185,-58,218,-115,-101,75,211,219,201
87,253,178,-188,-47,201,-138,-107,87,209,223,199
92,248,173,-200,-39,224,-150,-103,85,203,247,183
100,268,173,-199,-40,225,-145,-118,71,202,245,188
89,273,179,-188,-38,228,-157,-115,78,188,280,211
92,273,188,-196,-38,239,-170,-129,70,231,249,182
104,281,189,-206,-63,233,-148,-105,96,211,283,221
106,290,206,-203,-17,238,-148,-97,89,207,262,215
103,299,194,-188,-28,251,-167,-92,96,222,285,214
109,300,185,-215,-46,231,-162,-142,107,225,268,198
86,306,187,-198,-42,245,-198,-107,83,230,251,214
87,319,204,-226,-40,271,-143,-126,77,222,283,205
104,291,212,-203,-48,264,-165,-126,81,236,287,206
102,319,206,-207,-67,268,-164,-109,88,241,271,230
100,336,204,-199,-52,254,-162,-122,98,247,278,202
120,325,220,-192,-30,263,-175,-148,83,250,263,215
99,318,189,-230,-48,276,-177,-107,83,233,286,210
103,301,194,-226,-54,255,-169,-144,97,215,287,211
98,310,191,-203,-39,270,-176,-123,100,236,276,214
113,321,198,-221,-49,272,-163,-111,102,235,271,205
107,298,194,-200,-48,250,-146,-128,111,233,274,210
115,304,199,-223,-27,258,-160,-115,101,227,271,215
111,317,195,-198,-47,283,-176,-127,96,216,265,219
103,290,211,-188,-33,239,-169,-131,68,227,286,199
94,303,195,-191,-55,250,-178,-115,96,223,262,209
116,284,206,-204,-53,241,-150,-141,99,208,261,200
112,297,174,-175,-36,221,-156,-142,77,202,242,180
101,288,199,-207,-39,230,-173,-105,71,197,266,194
97,261,189,-181,-42,247,-139,-114,78,205,241,169
78,268,185,-184,-40,229,-152,-134,83,204,250,217
93,270,161,-191,-53,232,-140,-118,89,186,244,204
61,257,170,-183,-42,226,-146,-137,79,180,247,195
79,243,177,-170,-33,201,-151,-122,89,183,226,174
82,258,159,-177,-35,208,-151,-114,57,183,233,167
69,256,165,-153,-20,177,-131,-79,42,172,219,163
87,223,136,-147,-32,196,-131,-102,81,182,234,160
86,236,128,-155,-25,191,-103,-101,72,166,198,151
79,215,133,-144,-33,172,-122,-63,64,141,178,123
74,212,117,-145,-34,161,-121,-90,55,151,206,135
63,190,113,-144,-43,165,-94,-70,43,132,179,139
87,195,121,-127,-6,172,-112,-73,37,147,176,141
53,160,132,-124,-13,132,-83,-76,63,133,158,127
61,174,114,-131,-42,132,-91,-65,49,146,157,105
73,170,97,-112,-26,139,-87,-68,43,130,140,132
51,144,107,-110,-34,141,-76,-62,57,107,132,124
67,132,88,-104,-6,132,-89,-58,35,104,114,84
58,143,103,-95,-6,103,-81,-31,29,91,92,114
58,108,68,-94,-18,112,-68,-59,40,105,114,105
41,129,95,-101,-11,112,-64,-55,34,89,101,114
46,119,65,-71,-23,80,-60,-44,16,70,87,58
64,112,61,-58,-8,98,-45,-44,31,73,99,76
29,101,59,-53,-20,60,-46,-34,46,66,76,64
28,70,66,-67,3,76,-52,-21,5,63,74,56
42,57,67,-56,-17,65,-39,-21,24,62,87,52
26,76,37,-28,-13,55,-28,-34,27,61,72,60
43,70,45,-36,-15,65,-35,-27,13,57,83,48
20,53,34,-42,1,42,-37,-4,6,23,52,35
8,33,46,-53,-7,38,-7,-29,30,42,31,40
24,20,36,-25,-27,32,-41,-45,6,16,34,18
3,64,19,-31,-1,34,-5,-12,-14,37,42,12
0,25,23,-21,-2,21,-16,16,-3,12,18,4
8,11,7,-12,4,4,-18,-25,11,39,19,32
-9,3,-12,18,-19,-7,-14,-2,37,17,-12,5
12,-14,30,-24,-3,6,-9,15,-9,9,0,7
-6,-5,16,-10,10,5,12,15,4,-25,2,5
0,3,-1,4,-3,-24,-1,10,-13,-2,-21,-13
4,-14,-11,-6,4,-23,19,-10,0,-1,-24,-3
-1,-28,-7,25,19,-10,15,15,-7,-7,-16,-19
-12,-17,-32,25,-34,-8,-8,-9,-4,-20,-23,-11
-18,-31,7,24,16,-41,3,5,-24,-24,-51,-20
-27,-43,-52,4,3,-20,25,21,11,-15,-22,-17
-5,-37,-22,36,-9,-53,1,7,-20,-20,-48,-35
-24,-38,-42,24,13,-31,27,21,-16,-11,-22,-38
-12,-38,-28,42,17,-29,37,34,-29,-33,-26,-29
-23,-39,-47,2,-3,-49,33,22,-8,-34,-42,-32
-17,-60,-14,24,11,-23,22,9,-9,-35,-21,-41
-16,-51,-48,29,-2,-68,46,8,3,-44,-48,-40
-24,-73,-48,62,1,-51,49,35,-36,-30,-70,-36
-27,-63,-19,28,-6,-64,42,-1,-12,-52,-73,-49
-29,-71,-33,32,15,-49,29,49,-4,-56,-42,-45
-14,-53,-77,47,20,-79,40,53,-16,-86,-76,-57
-21,-72,-36,61,-7,-53,57,17,-24,-64,-55,-34
-36,-81,-56,59,13,-72,42,36,-35,-67,-95,-51
-30,-89,-30,75,6,-79,37,35,-18,-54,-55,-51
-14,-75,-47,58,20,-62,40,53,-21,-70,-74,-62
-36,-73,-60,43,14,-42,34,37,-28,-46,-72,-45
-37,-82,-68,57,20,-71,60,33,-43,-54,-75,-71
-27,-87,-36,55,12,-66,57,15,-36,-61,-61,-50
-43,-80,-53,66,25,-62,54,64,-38,-65,-66,-53
-20,-75,-83,42,24,-55,62,28,-19,-60,-92,-80
-31,-69,-59,86,7,-89,63,32,-33,-60,-79,-69
-27,-108,-75,56,10,-75,61,39,-16,-82,-95,-51
-19,-95,-70,63,19,-85,60,37,-39,-78,-66,-45
-37,-77,-46,46,0,-78,46,34,-27,-65,-96,-70
-17,-90,-62,71,10,-66,54,35,-23,-93,-88,-75
-20,-95,-71,41,22,-80,58,68,-31,-77,-74,-74
-42,-90,-71,62,9,-92,69,32,-20,-68,-76,-61
-32,-107,-49,73,0,-60,37,31,-8,-69,-81,-54
-32,-100,-67,60,31,-84,58,26,-26,-85,-75,-69
-31,-95,-47,43,31,-89,53,53,-9,-70,-76,-56
-55,-59,-75,81,23,-87,33,36,-33,-59,-92,-62
-53,-93,-46,77,25,-75,53,31,-46,-66,-95,-54
-10,-108,-79,56,10,-106,33,35,-19,-88,-99,-90
-29,-101,-80,59,4,-71,37,54,-33,-73,-79,-74
-39,-91,-60,76,9,-73,67,6,-37,-76,-82,-36
-28,-87,-60,74,13,-82,56,49,-19,-62,-75,-83
-55,-107,-90,64,2,-91,52,32,-49,-66,-69,-70
-32,-110,-67,62,18,-78,58,31,-35,-86,-83,-65
-24,-105,-57,67,2,-89,51,32,-43,-60,-54,-76
-22,-101,-56,73,22,-76,63,44,-32,-75,-84,-43
-31,-85,-59,56,5,-76,54,25,-39,-59,-76,-45
-25,-80,-49,64,1,-68,55,29,-25,-65,-71,-61
-46,-88,-74,85,7,-91,70,44,-22,-60,-75,-63
-40,-100,-68,73,16,-67,37,37,-29,-62,-80,-63
-18,-108,-44,86,31,-87,71,33,-8,-64,-88,-72
-30,-102,-61,70,24,-79,49,40,-18,-55,-79,-63
-44,-111,-55,45,10,-102,57,50,-22,-60,-73,-46
-41,-90,-74,87,36,-67,48,53,-51,-77,-86,-60
-36,-99,-72,68,21,-76,48,57,-38,-68,-75,-59
-44,-93,-62,81,24,-76,64,42,-29,-52,-108,-55
-46,-91,-76,59,20,-76,51,39,-26,-45,-91,-53
-56,-90,-31,44,8,-73,53,44,-19,-73,-61,-89
-21,-105,-31,58,6,-68,51,66,-25,-80,-74,-46
-33,-92,-62,68,23,-89,48,22,-17,-69,-101,-82
-31,-100,-15,56,31,-62,38,27,-30,-75,-86,-64
-39,-68,-49,59,17,-77,28,28,-38,-56,-71,-90
-22,-91,-51,77,16,-62,66,44,-33,-54,-85,-80
-25,-94,-60,72,-24,-66,53,35,-15,-72,-92,-75
-35,-89,-60,66,17,-53,42,26,-21,-57,-88,-73
-24,-90,-67,84,18,-81,72,28,-17,-39,-84,-60
-19,-89,-46,56,9,-79,52,35,-17,-73,-53,-56
-44,-92,-62,63,13,-87,45,13,-24,-69,-104,-64
-13,-109,-52,60,16,-58,47,51,-26,-58,-65,-74
-22,-99,-35,52,13,-65,49,39,-23,-73,-81,-77
-27,-87,-51,81,3,-70,52,41,-27,-86,-76,-63
-34,-86,-54,88,10,-71,41,51,-35,-68,-107,-67
-34,-84,-55,81,1,-58,46,24,-26,-82,-72,-69
-19,-107,-78,40,8,-83,34,48,-23,-47,-86,-54
-23,-70,-51,49,-3,-88,52,16,-34,-58,-76,-44
-20,-111,-42,48,18,-76,68,34,-20,-58,-73,-57
-42,-82,-77,53,3,-79,42,43,-32,-68,-70,-57
-29,-91,-33,76,11,-75,19,30,-18,-78,-58,-58
-49,-96,-20,56,1,-90,64,41,-23,-74,-80,-66
-43,-93,-75,64,33,-79,26,54,-9,-88,-78,-53
-19,-86,-52,62,-1,-70,45,33,-19,-81,-78,-54
-25,-70,-44,47,30,-70,20,37,-23,-63,-60,-53
-40,-94,-58,53,3,-67,42,23,-9,-75,-89,-44
-7,-88,-76,41,16,-70,29,46,-23,-64,-80,-52
-35,-86,-74,44,-3,-67,51,36,-37,-62,-54,-54
-24,-94,-67,24,12,-71,20,25,-34,-61,-74,-48
-64,-81,-42,77,19,-57,33,19,-16,-59,-81,-45
-10,-98,-59,58,19,-57,65,43,-11,-72,-98,-50
-33,-88,-42,59,20,-82,40,35,-23,-31,-81,-44
-30,-81,-44,54,23,-61,32,48,-9,-50,-76,-74
-27,-85,-46,65,3,-74,58,41,-58,-65,-50,-57
-20,-70,-31,40,45,-83,46,21,-21,-61,-80,-49
-15,-94,-28,41,16,-56,54,21,-34,-43,-66,-48
-24,-74,-69,14,-3,-47,47,34,-36,-47,-86,-62
-23,-60,-45,58,11,-54,43,25,-26,-87,-77,-50
-43,-75,-53,50,12,-66,50,20,-12,-74,-96,-71
-38,-75,-65,66,-6,-66,29,21,-22,-61,-72,-25
-23,-81,-44,40,11,-69,45,41,-16,-39,-74,-57
-33,-71,-65,54,16,-70,52,23,-38,-82,-68,-33
-24,-73,-49,54,8,-76,64,37,-34,-40,-86,-50
-23,-92,-51,55,10,-80,25,25,-12,-82,-67,-41
-15,-101,-64,51,-14,-63,45,27,-12,-58,-57,-48
-23,-81,-47,67,19,-61,49,27,-25,-79,-87,-58
-34,-103,-29,35,21,-62,37,41,-47,-54,-99,-79
-34,-71,-44,81,24,-47,29,28,-30,-60,-57,-57
-36,-85,-63,54,14,-73,62,7,-15,-56,-56,-55
-17,-53,-54,62,-1,-78,61,13,-44,-75,-101,-42
-25,-68,-73,69,10,-91,48,36,-14,-54,-61,-56
-14,-66,-54,55,-11,-55,54,31,-24,-58,-68,-64
-25,-75,-39,47,15,-71,27,38,-23,-62,-67,-46
-36,-64,-36,35,15,-62,38,34,-13,-50,-81,-39
-55,-70,-62,52,20,-44,42,13,-27,-57,-61,-44
-18,-59,-44,46,14,-67,44,26,-27,-50,-75,-54
-4,-68,-26,51,23,-74,35,12,-18,-77,-60,-32
-31,-74,-56,50,13,-57,24,19,-46,-52,-73,-51
-4,-57,-29,41,6,-33,55,39,-7,-34,-47,-33
-27,-102,-41,53,19,-67,27,9,-10,-60,-61,-60
-12,-70,-51,50,4,-52,10,52,-10,-47,-47,-41
-4,-60,-55,44,5,-45,40,10,-38,-53,-71,-71
-9,-61,-42,42,12,-53,50,38,-32,-42,-56,-33
-34,-63,-41,49,22,-41,43,29,-13,-67,-63,-36
-44,-73,-37,23,18,-81,49,24,-31,-47,-59,-50
-29,-51,-27,41,18,-53,37,32,-21,-51,-70,-53
4,-37,-29,29,3,-46,43,37,-11,-37,-50,-36
-23,-63,-29,32,1,-44,37,9,-10,-16,-67,-41
-33,-35,-28,44,15,-40,11,9,-30,-48,-37,-21
-5,-63,-27,40,-20,-23,21,10,-18,-32,-55,-25
-2,-22,-34,45,4,-27,17,24,-24,-33,-19,-19
-13,-42,-36,41,27,-20,5,23,-21,-35,-30,-6
-14,-33,-18,32,38,-15,16,29,4,-33,-39,-34
-3,-32,-26,15,9,-32,13,9,-8,-5,-35,-31
8,-25,27,3,15,-27,21,18,-2,-18,-2,-17
5,-28,-18,6,6,-29,32,11,-12,-18,-11,-11
-19,-23,-15,6,0,-12,-2,10,14,-9,-35,-9
5,-15,10,-3,-14,4,-3,9,5,-7,-24,-16
-8,14,9,3,-10,-15,-4,-10,17,-13,-3,-24
11,10,9,1,21,15,6,-16,-5,16,-15,-27
-8,-5,-16,0,-17,17,-12,-15,-22,1,19,3
-2,17,37,-30,2,-10,-6,-35,0,20,13,11
7,35,1,-16,-5,16,-12,19,-16,36,29,37
-5,20,14,-42,-3,4,-3,-15,17,37,36,38
18,49,28,-60,15,55,-39,-10,18,24,24,22
9,60,28,-17,-7,54,-35,-8,20,50,46,50
7,47,16,-38,-13,33,-41,-32,15,44,42,37
25,49,43,-36,-29,42,-30,-48,14,53,41,42
36,74,63,-55,-14,80,-30,-50,31,34,60,47
49,89,58,-68,-20,73,-32,-40,15,63,55,37
22,107,66,-77,5,89,-45,-28,33,70,82,43
19,122,82,-88,-25,97,-75,-44,26,94,82,70
34,104,83,-77,-23,103,-57,-24,23,78,92,76
39,118,60,-71,-17,89,-75,-36,37,88,113,85
8,140,59,-90,-21,107,-67,-56,53,91,88,84
58,175,100,-102,-6,111,-81,-54,29,116,141,78
63,141,106,-77,-8,117,-68,-73,43,123,148,98
59,138,103,-119,-42,130,-100,-62,33,123,148,104
60,154,80,-103,-20,124,-92,-87,51,129,140,98
64,144,93,-123,-20,118,-75,-76,54,107,170,114
68,163,97,-117,-26,145,-87,-63,71,134,157,110
64,183,91,-104,-22,136,-83,-86,66,139,159,131
58,196,111,-123,-21,158,-127,-67,64,139,178,134
67,200,122,-124,-32,149,-109,-73,62,136,177,138
59,213,110,-144,-26,165,-122,-76,47,135,176,124
76,180,125,-137,-23,169,-99,-55,57,147,202,145
67,200,125,-135,-11,156,-92,-72,47,130,174,142
67,193,126,-143,-29,163,-105,-64,59,150,182,108
86,206,133,-119,-51,172,-99,-84,72,153,177,142
58,191,97,-131,-51,162,-108,-102,54,135,166,123
80,187,122,-129,-20,153,-111,-78,51,141,165,125
62,207,140,-138,-26,136,-104,-78,52,112,177,125
82,188,124,-119,-17,162,-113,-80,42,145,188,137
56,183,109,-122,-18,185,-103,-73,35,157,176,140
71,188,137,-125,-35,149,-89,-67,62,138,162,139
54,176,129,-126,-13,158,-84,-57,65,127,159,133
54,155,92,-100,-36,138,-92,-61,33,129,142,109
59,180,121,-92,-30,129,-100,-47,44,105,137,112
51,156,121,-113,-30,136,-92,-54,62,115,124,98
44,158,97,-91,-37,131,-73,-59,31,141,152,101
46,138,82,-93,-19,129,-71,-59,34,103,128,77
34,138,85,-92,-33,123,-85,-47,28,110,144,89
22,126,75,-68,-25,99,-66,-37,37,90,122,100
34,130,81,-78,-12,94,-60,-41,48,72,113,80
43,113,50,-81,-21,85,-57,-28,23,85,98,64
51,108,58,-63,-32,84,-37,-41,42,78,91,68
43,65,50,-69,-5,74,-43,-22,27,71,82,61
11,89,41,-53,0,65,-32,-11,20,65,74,43
29,72,41,-63,-17,74,-46,-3,26,36,46,47
21,64,56,-45,-24,38,-29,-25,21,55,67,38
12,54,51,-45,-1,64,-19,-9,20,50,53,31
18,65,37,-45,-18,47,-42,-30,12,30,51,32
9,69,11,-26,-13,39,-37,-3,18,39,44,11
25,25,18,-22,8,43,-18,-6,7,37,25,32
43,11,17,-1,-14,58,-8,-11,1,8,11,5
29,13,14,-15,-1,0,-19,-12,-1,5,25,-5
8,11,-6,-11,1,-9,-34,10,3,-5,19,5
-24,1,-1,-18,-38,12,-17,-15,11,3,4,-9
1,8,17,5,3,-1,3,-8,-21,-18,3,15
2,-17,-20,3,4,15,3,6,13,38,5,-23
10,-21,0,-20,5,-17,23,-6,6,7,5,-3
8,-16,4,-9,-5,5,4,-16,-3,-9,0,-6
-10,-16,-17,11,25,-19,1,2,-4,-25,-33,-5
-9,-4,4,14,24,-18,3,-3,-20,-13,3,-4
-11,-16,-14,-1,22,-5,21,29,-5,-21,-36,-39
-17,-40,-34,-1,12,-18,14,7,-15,-5,-14,-29
-12,-23,-22,20,24,-42,1,12,5,-8,-26,1
-49,-35,-19,26,5,-39,18,28,3,-29,-6,-20
-7,-27,-9,53,0,-27,38,14,-9,-24,-28,-25
-13,-23,-38,21,1,-36,32,27,8,-22,-38,-14
-14,-28,-36,24,1,-36,35,18,-15,-9,-30,-23
-23,-5,-7,30,12,-42,12,0,-21,-24,-52,-35
-35,-66,-45,29,3,-55,31,32,-1,-25,-35,-27
-6,-71,-43,45,-19,-39,33,3,-6,-37,-53,-55
-17,-52,-32,27,0,-38,35,3,-9,-32,-51,-51
-18,-39,-35,23,14,-58,27,40,-25,-48,-56,-30
-19,-52,-28,39,6,-49,17,33,-36,-46,-37,-42
-33,-69,-34,49,28,-86,36,53,-12,-74,-66,-28
-35,-67,-70,68,35,-70,39,36,-25,-35,-65,-57
-32,-73,-64,69,9,-79,44,5,-8,-68,-82,-66
-49,-80,-69,52,10,-70,42,43,-25,-67,-76,-60
-74,-94,-63,73,17,-74,40,53,-40,-70,-95,-62
-47,-104,-59,63,7,-85,73,30,-9,-58,-102,-71
-36,-93,-74,62,25,-99,78,40,-54,-82,-112,-97
-44,-129,-69,69,17,-103,72,64,-45,-96,-108,-95
-55,-125,-66,109,12,-105,81,56,-40,-97,-143,-101
-56,-129,-102,100,24,-146,87,59,-54,-110,-132,-96
-77,-166,-130,113,24,-143,100,66,-65,-131,-153,-127
-70,-183,-130,134,33,-155,98,67,-43,-156,-170,-133
-79,-210,-135,123,30,-163,129,74,-47,-157,-157,-152
-67,-232,-117,159,55,-189,98,73,-65,-167,-183,-167
-60,-230,-143,148,52,-201,118,94,-87,-194,-187,-129
-76,-226,-129,149,29,-184,118,95,-63,-155,-190,-162
-65,-194,-128,149,45,-172,120,83,-71,-166,-200,-140
-87,-199,-124,125,48,-190,121,99,-35,-144,-173,-141
-71,-181,-123,131,11,-168,118,80,-68,-138,-154,-129
-44,-152,-88,102,20,-95,77,74,-36,-107,-113,-96
-42,-105,-75,63,14,-77,47,51,-46,-99,-83,-72
-18,-41,-27,42,-11,-31,30,25,-23,-40,-66,-45
7,16,14,-24,-8,-3,-14,-24,1,5,32,17
8,76,21,-46,4,75,-28,-42,39,65,57,56
53,158,88,-102,-23,131,-88,-71,52,116,152,112
87,222,175,-148,-28,198,-141,-83,65,184,217,166
133,339,210,-236,-60,295,-178,-141,111,266,291,221
149,422,287,-282,-77,356,-243,-169,120,325,382,290
175,507,351,-354,-81,428,-291,-213,160,402,470,364
211,603,395,-431,-97,498,-336,-254,189,458,541,441
242,723,457,-462,-116,587,-384,-287,215,515,617,491
270,782,469,-518,-131,635,-459,-304,241,585,695,558
292,853,565,-559,-111,711,-487,-341,245,645,780,591
317,908,603,-629,-134,748,-511,-362,278,673,827,653
319,996,651,-644,-146,815,-522,-388,293,716,886,675
365,999,626,-646,-150,805,-549,-382,303,721,888,668
357,980,638,-663,-150,826,-550,-392,281,724,907,688
331,982,621,-654,-144,806,-535,-385,280,729,869,688
325,929,612,-638,-163,762,-488,-358,277,697,839,636
293,865,557,-603,-136,722,-484,-339,253,654,772,628
295,792,497,-535,-113,640,-443,-316,253,607,716,543
241,708,476,-487,-127,589,-382,-290,210,515,648,480
218,607,396,-422,-82,515,-324,-270,175,453,562,424
187,513,330,-346,-68,420,-268,-196,149,376,440,356
124,392,264,-256,-60,336,-205,-148,137,301,346,260
120,299,224,-193,-41,248,-164,-129,111,226,251,192
84,187,104,-138,-46,168,-111,-97,54,173,195,140
31,94,58,-80,-12,69,-69,-45,35,54,85,77
1,29,7,-9,-20,27,-26,-17,16,17,7,3
-27,-71,-64,39,8,-54,14,10,-9,-67,-49,-38
-46,-131,-75,83,14,-110,61,96,-56,-105,-128,-116
-73,-198,-116,126,38,-182,104,83,-57,-143,-173,-120
-55,-239,-144,175,56,-195,128,92,-77,-194,-200,-172
-95,-248,-194,165,31,-223,149,97,-65,-199,-227,-191
-100,-289,-182,192,23,-232,159,120,-84,-233,-274,-222
-105,-298,-191,206,53,-258,156,112,-95,-218,-285,-217
-94,-337,-208,206,40,-261,193,133,-113,-231,-274,-219
-126,-309,-206,208,46,-252,184,120,-107,-243,-284,-230
-110,-292,-220,215,55,-235,165,115,-87,-222,-255,-202
-96,-302,-182,195,36,-245,170,101,-68,-239,-251,-210
-97,-262,-175,183,55,-220,149,125,-102,-231,-228,-185
-66,-279,-171,178,40,-208,141,104,-93,-211,-230,-172
-93,-253,-141,185,49,-220,132,101,-67,-175,-214,-162
-79,-201,-147,154,39,-192,117,80,-56,-176,-198,-167
-54,-202,-130,142,23,-162,99,60,-62,-152,-170,-135
-67,-189,-96,97,18,-129,88,56,-42,-145,-159,-118
-49,-158,-113,124,27,-160,103,45,-27,-117,-158,-125
-56,-133,-81,89,17,-111,79,29,-56,-112,-115,-109
-53,-152,-73,97,43,-103,61,40,-20,-92,-123,-91
-39,-99,-52,92,24,-99,57,26,-47,-83,-105,-82
-30,-94,-70,71,8,-66,40,32,-26,-46,-79,-57
-37,-90,-34,73,-12,-73,63,47,-23,-44,-89,-73
-9,-86,-41,79,14,-54,7,27,-4,-46,-91,-36
-22,-91,-29,65,5,-77,34,26,0,-38,-52,-47
-25,-46,-50,48,-17,-52,22,32,-11,-54,-56,-49
-17,-71,-28,39,-8,-66,50,25,-15,-58,-50,-45
-31,-59,-21,40,2,-67,40,37,-21,-49,-55,-29
-6,-45,-29,31,-12,-55,24,14,-3,-44,-53,-30
-29,-58,-30,16,14,-46,25,19,-33,-39,-56,-48
-2,-49,-38,34,6,-32,42,15,-60,-56,-33,-51
-21,-50,-35,31,6,-47,9,44,-33,-46,-42,-16
-31,-33,-26,37,-17,-21,37,33,-19,-61,-46,-23
-39,-45,-21,20,-5,-26,34,12,-4,-35,-34,-64
-15,-70,-23,39,20,-61,16,12,5,-23,-27,-33
-36,-43,-43,33,9,-42,-1,6,-3,-30,-35,-29
-23,-21,-33,18,-23,-39,19,-1,-28,-23,-44,-18
-7,-38,-21,24,10,-32,38,22,-9,-13,-33,-31
-12,-49,-25,16,4,-35,26,1,11,-10,-39,-23
-10,-41,-29,35,24,-29,29,32,-19,-38,-23,-35
-19,-33,-24,18,4,-28,27,27,-19,-30,-3,-26
-15,-37,-27,21,-7,-15,16,22,-5,-40,-28,4
-35,-54,-31,36,-1,-7,26,35,5,-22,-21,-25
-13,-40,-31,21,29,-33,10,26,-18,-12,-29,-20
-30,-32,-5,16,-10,-8,31,18,9,-11,-32,-26
-27,-26,18,4,5,-17,7,24,4,-16,-21,-17
-15,-7,-16,0,-25,-3,30,7,-17,-14,-11,-35
-17,-44,-37,-7,7,-16,6,-4,-9,-5,-22,-27
3,-12,-3,6,-2,-13,-12,10,-12,-9,-9,-25
-32,-7,-4,-3,0,-18,1,31,29,-26,1,2
5,2,-20,3,2,-15,-5,1,-25,10,12,11
10,-13,13,11,0,26,2,45,-25,-31,-5,1
-4,17,4,-8,-14,3,1,-1,5,23,-11,2
2,9,6,-13,-12,22,-32,-13,13,4,33,1
-7,17,-11,-10,-19,20,-11,-7,-3,7,1,-19
-1,7,14,-24,-14,2,-22,-5,-8,7,40,-4
11,40,9,-22,-26,17,-11,28,-1,-11,25,-6
11,45,5,-41,19,21,-42,-18,23,29,28,38
15,22,15,-30,6,18,-29,-17,20,9,53,27
31,35,12,-15,25,19,-31,-7,7,23,23,26
34,62,26,-34,-7,32,-36,-2,11,49,47,47
14,59,31,-35,-2,40,-30,-7,33,27,64,24
32,64,51,-44,-7,58,-26,-7,6,49,44,33
19,64,42,-45,6,48,-52,-29,29,52,67,47
27,67,58,-42,-17,65,-48,-43,40,47,69,48
15,75,47,-42,10,87,-44,-43,7,56,90,46
23,82,48,-53,-15,92,-53,-24,21,49,77,80
43,115,63,-64,-6,97,-36,-40,18,80,75,76
10,95,74,-68,-23,87,-62,-44,41,97,118,91
45,118,73,-70,-26,75,-65,-60,56,79,92,70
33,110,70,-82,-18,95,-62,-62,35,77,104,58
35,118,88,-84,-10,125,-56,-41,45,93,96,80
51,116,90,-87,-43,106,-84,-45,19,90,133,107
49,153,82,-95,-19,122,-85,-66,58,113,134,84
26,151,94,-77,-11,101,-83,-65,66,106,136,118
56,137,112,-94,-18,121,-85,-57,42,113,135,105
71,175,120,-98,-26,137,-86,-63,47,125,177,136
53,175,95,-133,-25,139,-79,-65,52,117,153,109
69,190,123,-136,-12,153,-91,-99,60,132,155,139
70,188,132,-105,-16,181,-106,-88,70,138,177,139
50,202,127,-126,-38,171,-102,-86,51,158,178,138
79,210,132,-162,-18,157,-103,-95,59,150,189,159
81,223,152,-134,-32,174,-105,-94,66,152,193,177
98,212,142,-143,-55,185,-135,-97,63,178,197,149
95,216,149,-157,-1,196,-130,-82,98,174,209,174
96,238,170,-178,-33,194,-127,-84,85,208,222,158
93,232,173,-168,-42,212,-131,-81,85,187,243,170
112,268,173,-167,-43,212,-135,-117,79,173,217,185
104,241,180,-186,-39,223,-138,-116,80,207,237,180
71,287,172,-143,-40,223,-181,-99,83,214,244,206
98,283,185,-206,-45,235,-169,-111,91,219,271,189
112,277,196,-188,-43,246,-153,-129,89,215,255,245
94,282,206,-186,-51,260,-196,-134,101,229,273,214
111,306,201,-230,-57,259,-171,-130,90,226,278,222
117,311,217,-207,-43,248,-160,-133,74,238,272,228
131,325,204,-216,-42,270,-179,-123,95,233,281,218
99,334,224,-228,-20,254,-162,-135,84,254,304,231
105,327,232,-206,-74,267,-176,-122,90,245,297,248
131,321,229,-225,-66,293,-168,-124,86,270,292,227
120,359,233,-240,-55,300,-194,-112,131,271,331,240
110,346,252,-233,-51,313,-178,-150,112,258,284,237
146,367,237,-238,-59,281,-199,-138,102,258,302,254
113,355,231,-249,-58,292,-182,-137,104,250,304,248
120,364,236,-246,-55,302,-198,-161,98,264,326,245
131,355,212,-248,-68,289,-205,-141,100,245,330,245
134,365,240,-242,-56,301,-201,-140,103,296,313,249
126,368,249,-279,-94,300,-206,-139,94,251,332,273
141,378,251,-246,-54,310,-205,-149,116,261,325,263
167,385,247,-258,-49,310,-199,-165,108,268,318,248
117,381,250,-267,-74,311,-191,-141,100,271,309,249
146,381,236,-264,-62,333,-200,-149,107,259,322,263
136,360,239,-250,-44,299,-168,-153,105,288,322,253
125,345,246,-267,-58,309,-193,-137,91,284,322,272
127,381,264,-237,-73,304,-220,-139,125,275,321,253
93,366,229,-256,-44,309,-200,-154,93,265,300,238
104,366,231,-255,-47,294,-188,-146,112,238,323,238
128,348,225,-245,-30,275,-220,-125,101,240,326,258
117,355,239,-236,-51,289,-202,-136,97,275,339,240
114,323,242,-233,-54,291,-208,-127,105,251,308,242
101,346,225,-235,-33,275,-175,-144,106,274,293,237
133,345,214,-215,-42,279,-172,-130,95,257,299,237
127,340,218,-226,-36,257,-212,-160,101,281,295,233
130,345,215,-255,-33,271,-174,-141,123,233,291,226
118,323,237,-219,-30,250,-181,-124,93,250,303,207
106,307,195,-207,-48,264,-173,-142,95,245,306,205
122,318,221,-181,-36,257,-156,-119,102,240,283,216
100,292,204,-207,-46,257,-189,-124,93,234,278,211
105,302,194,-204,-52,238,-186,-122,95,239,279,212
105,301,194,-200,-60,275,-166,-126,82,235,265,202
88,278,180,-169,-24,224,-144,-115,93,208,262,211
119,282,173,-168,-67,214,-138,-118,80,189,266,189
105,266,190,-180,-66,216,-155,-118,73,220,248,182
109,272,183,-177,-39,201,-142,-102,84,187,238,183
62,225,170,-166,-45,202,-119,-105,65,187,230,180
77,244,148,-180,-29,197,-126,-65,61,189,236,162
70,224,130,-161,-29,196,-129,-109,65,186,228,178
71,235,166,-137,-26,193,-121,-107,61,186,204,163
92,226,135,-149,-49,203,-119,-65,73,145,223,152
87,209,126,-143,-20,169,-122,-102,49,157,206,152
63,197,121,-147,-16,182,-121,-76,39,117,183,161
57,181,151,-117,-25,175,-111,-106,41,146,191,141
73,183,131,-112,-25,169,-109,-80,60,134,164,127
61,179,128,-129,-9,147,-104,-36,58,142,178,124
66,187,118,-125,-34,131,-96,-56,25,113,149,135
48,161,92,-105,-28,106,-92,-65,27,109,158,97
56,125,94,-111,-30,96,-84,-65,58,111,144,119
46,171,100,-108,-13,103,-74,-71,25,82,130,114
48,130,94,-114,-24,119,-79,-37,49,100,112,99
33,126,85,-76,-35,114,-67,-58,59,92,133,96
69,127,59,-90,-9,103,-61,-46,35,93,125,89
36,122,104,-83,-27,106,-49,-38,15,92,101,71
39,92,77,-77,-43,91,-64,-39,25,113,116,101
13,108,49,-60,-29,89,-37,-46,42,67,108,71
9,74,39,-57,-7,77,-75,-37,35,59,85,82
36,74,72,-48,-3,76,-37,-19,22,82,97,63
51,84,61,-53,-55,65,-53,-32,38,63,64,74
31,78,31,-38,-18,57,-39,-31,27,68,61,66
24,77,66,-54,-11,65,-51,-36,15,46,55,32
21,65,38,-40,-11,60,-24,-5,28,47,44,16
18,31,51,-38,-8,49,-34,-26,14,70,30,44
15,29,41,-58,-14,45,-38,-25,1,36,74,41
-11,43,30,-39,-22,31,-26,-27,30,61,37,34
21,21,18,-51,-3,42,-22,11,20,46,64,37
18,50,31,-21,13,53,-20,26,23,44,23,19
15,26,29,-13,20,12,-30,-22,3,30,34,26
-5,34,22,-19,-10,20,-31,-15,7,26,13,31
-8,26,22,-4,-16,32,-24,18,9,40,37,25
24,11,16,5,-12,5,-20,-5,5,22,21,18
0,26,18,-41,-2,-5,8,-2,13,20,33,-8
5,-6,3,-23,-27,38,13,-9,0,8,10,17
-23,8,8,6,-28,-17,-6,-1,8,19,11,26
-6,-29,6,3,4,7,-8,-4,9,1,12,2
6,17,-14,-4,-3,16,-17,-11,-1,-18,7,-10
8,-12,-2,5,-3,-6,4,9,11,15,3,-8
-3,13,-29,-29,2,-4,5,-11,3,-21,16,-10
-31,-19,-13,23,0,4,7,24,16,1,-3,23
17,-8,3,14,3,7,-3,-2,1,1,-14,-37
-12,-20,7,-7,-22,-19,11,17,-1,-27,-8,-11
12,-14,-11,12,-11,-32,21,14,-1,-4,4,-23
-5,-25,-14,-1,8,-1,-2,11,-11,-24,-11,-31
7,-37,-12,20,14,16,20,5,6,-3,-13,-21
10,-7,-12,14,-6,-8,9,10,-18,-22,-20,6
-4,-39,-10,6,7,-35,44,-7,-27,-7,-16,7
4,-31,-11,2,17,-39,14,7,-18,-30,-11,-5
-9,-41,-21,12,-11,-31,17,15,-9,-6,-26,-22
-8,-32,-17,18,16,-27,13,-1,8,-28,-38,-12
-2,-36,6,24,17,-42,0,23,6,-29,-35,-24
-17,-29,-21,14,24,-22,-10,20,-5,-12,-39,-44
-16,-24,-20,30,8,-22,22,4,-19,-24,7,-31
0,-9,-21,19,15,-38,18,32,-17,-14,-46,-25
7,-33,-7,38,4,-13,28,11,-1,-22,-21,-21
-27,-22,-14,52,9,-36,14,1,-31,-14,-34,-30
-10,-45,1,21,-7,-30,26,31,0,-29,-38,-23
-2,-26,-33,15,2,-16,10,9,-8,-32,-21,-37
-2,-26,-38,26,11,-38,55,6,-12,-9,-34,-26
-16,1,-18,14,-3,-19,10,-4,-24,-46,-56,-19
10,-47,-16,37,4,-23,24,16,-10,-25,-45,-29
-13,-29,-9,35,-14,-43,37,9,-5,-14,-32,-22
-11,-37,-16,31,-5,-36,0,15,-11,-16,-49,-27
-14,-44,-16,38,0,-19,9,-12,12,-32,-42,-13
-26,-21,-31,28,17,-21,-7,-4,-26,-45,-36,-21
-13,-38,-12,23,21,-25,14,10,-7,-17,-31,-36
-16,-26,-22,26,31,-27,6,35,-15,-19,-37,-31
-11,-47,-19,21,5,-49,11,6,-24,-12,-28,-10
5,-35,-29,8,12,-43,31,4,1,-40,-10,-35
8,-43,-24,25,17,-26,21,22,-8,-29,-39,-34
-11,-31,-34,50,13,-28,29,7,-5,-22,-23,-18
-9,-48,-33,0,-12,-5,14,3,-23,-32,-18,-26
-14,-21,-6,27,17,-36,9,19,-19,-33,-32,-27
-25,-51,-38,27,8,-27,31,7,-35,-45,-33,-12
-30,-42,-17,20,11,-44,25,4,10,-30,0,-33
24,-41,-25,16,18,-44,26,1,-2,-8,-56,-52
-6,-48,-28,34,19,-36,24,29,-7,-31,-48,-32
-23,-39,-12,19,22,-33,28,33,-12,-19,-63,-54
-18,-30,-25,24,3,-9,15,29,-17,-42,-28,-33
-29,-29,-20,35,-21,-35,39,3,-33,-6,-39,-20
-7,-16,-17,32,0,-20,32,45,-5,-12,-44,-19
-22,-26,2,31,-8,-6,24,34,5,-32,-38,-25
-7,-46,-38,31,-5,-17,23,0,-9,-31,-28,-9
-23,-45,-43,11,-6,-46,17,14,-25,-26,-47,-45
-3,-42,-29,20,4,-33,31,17,1,-34,-38,-16
-14,-22,2,18,9,-20,15,31,-19,-30,-46,-32
-17,-42,-3,22,29,-36,11,-11,5,-19,-20,-22
15,-13,-19,19,25,-12,22,-5,-9,-24,-28,-40
-21,-44,-28,14,-24,-28,19,21,-1,-15,-31,-14
-15,-24,1,-3,-10,-16,28,-2,-14,-39,-33,-30
-14,-49,-35,27,12,-20,-13,22,-22,-22,-49,-32
-7,-43,-37,22,-13,-22,21,14,-40,-15,-35,-28
-1,-20,-24,27,20,-38,36,27,-3,-22,-30,-23
-2,-29,-23,21,-1,-41,15,14,4,-34,-34,-12
-4,-37,-12,10,15,-32,16,8,-2,-26,-19,-27
-30,-41,-29,7,10,-37,9,8,-14,-47,-27,-31
2,-31,-37,34,16,-41,12,21,-16,-21,-33,-21
1,-18,-17,34,6,-32,17,1,0,-8,-18,-22
-22,-31,-6,9,-3,-1,10,21,-9,-21,-32,-29
-4,-44,-7,32,-10,-36,31,10,-12,-47,-22,-8
-14,-19,-28,0,2,-29,17,-6,-14,-23,-51,-27
2,-35,-11,3,2,-27,33,9,-17,-20,-27,-38
1,-29,-2,28,13,-4,21,35,7,7,-18,-7
-3,-22,-27,31,9,-15,16,17,-21,-20,-22,-53
-14,-28,-45,22,18,-19,17,7,-6,-6,-10,1
-10,-41,-10,26,4,-25,5,18,-25,-17,-18,-21
6,-34,-38,27,10,-27,19,8,-13,-38,-19,-35
4,-24,-26,0,22,-29,1,28,0,-22,-18,-28
11,-14,-19,23,-7,-17,10,21,15,-12,-44,-6
2,-45,-38,12,-21,-4,9,11,-10,-19,-30,-34
-9,-37,-4,10,6,-28,10,8,-5,-45,-28,-28
-15,-19,-21,1,-12,-1,19,-35,-12,-23,0,-29
3,-33,-11,6,-7,-11,-14,7,3,-19,-27,-20
-3,-17,-9,4,-7,-26,15,-7,-17,-9,-27,-10
-3,-14,-24,12,9,-24,3,9,-17,-21,-37,-2
-18,-19,1,12,2,-8,1,7,-6,-25,-9,-34
-20,-20,-4,6,20,-33,8,42,-16,2,-7,-22
-28,-13,-18,3,10,-7,41,-16,14,-16,-9,-17
-17,-26,-3,5,32,-2,12,9,-23,-3,-17,-14
3,-18,-16,0,12,-28,7,3,6,7,-40,-17
-17,-5,-16,35,-16,-11,13,12,10,-9,-10,-19
-19,-50,-13,-1,8,-33,3,24,-3,-44,-29,-17
-19,-6,-18,18,12,-19,-7,17,12,-31,-14,-20
-14,-14,14,36,12,-29,-5,4,-14,11,-19,-10
-5,-18,-10,7,11,-17,7,11,1,-29,-5,-11
-11,-11,-15,34,1,-12,6,14,1,-29,-21,-13
-14,-25,2,26,-5,-7,7,8,-18,6,-8,-31
-29,-27,-5,-3,11,-32,10,-24,2,-37,-7,-31
-5,-11,-22,-7,13,4,13,-4,3,-5,-15,5
7,-14,34,22,11,-10,22,7,-16,-32,0,-18
-11,-1,4,6,8,4,10,6,-5,-7,-30,17
-12,-2,-3,-1,1,-4,0,-6,5,-15,-14,-23
10,-6,-6,-4,16,-7,-15,5,1,-6,21,-22
-4,-9,-20,17,-1,-3,10,3,-17,-4,-12,-17
5,3,4,4,-6,16,2,19,-11,-22,-27,4
-37,-2,0,1,-14,-14,-11,4,-1,8,-20,-12
-3,10,-3,21,12,-19,14,13,-2,-12,-29,6
-21,-11,20,9,10,-8,-4,2,12,-6,8,-3
-17,-26,-2,11,13,-14,1,0,-20,7,-6,-11
0,-19,4,4,33,-20,9,-7,4,4,-26,6
2,-10,-4,2,0,10,8,-21,-24,-5,-5,0
1,-7,-6,13,-1,-41,2,12,10,-16,-6,-5
-6,-25,-18,-19,-10,-14,19,7,5,-8,0,-1
-11,20,-5,-2,-23,8,-20,2,-14,-1,-7,-5
17,29,4,-8,0,12,-12,19,11,6,-16,-4
16,-8,12,-6,-17,5,-7,5,1,-7,-7,-6
-1,-20,-16,15,-12,-3,-28,-8,-5,3,4,3
17,8,24,-5,-11,11,-1,-16,2,-6,5,21
8,7,-12,0,-4,4,-4,7,-4,2,13,5
-14,3,4,-1,2,18,-7,7,-13,21,-5,1
9,14,11,-15,-8,0,-1,-32,16,-9,4,9
0,22,15,-22,5,11,-27,-19,16,12,31,7
-5,-11,18,-25,-25,35,-5,-1,3,25,28,29
23,35,31,6,-8,27,-16,-17,1,25,31,33
40,43,36,-19,-31,41,-27,-22,12,35,22,17
29,43,-7,-6,2,21,-25,-22,13,28,28,18
-10,8,23,-49,9,42,-4,-16,-3,16,42,24
10,25,17,-46,-5,23,-25,-25,12,28,36,23
11,42,19,-43,-11,44,-39,-30,21,21,47,32
30,60,25,-45,13,28,-25,-22,35,21,39,38
-2,75,25,-54,7,37,-29,-17,-7,44,45,39
24,56,34,-43,-1,67,-33,-38,14,50,63,53
8,63,55,-57,-14,35,-18,-11,15,41,82,42
30,64,65,-49,-13,94,-59,-24,43,51,59,37
34,72,47,-83,-8,62,-53,-33,37,54,64,63
32,104,63,-70,-8,82,-50,-42,19,63,78,39
45,98,66,-69,-10,76,-48,-11,36,81,107,79
59,113,67,-72,-34,107,-54,-41,23,101,78,71
53,153,62,-68,-19,77,-84,-37,22,70,89,88
50,125,74,-87,-15,100,-40,-54,37,83,109,88
61,130,99,-69,-24,112,-71,-38,44,96,107,120
56,136,107,-87,-5,123,-90,-47,33,128,138,99
59,142,96,-114,-21,93,-93,-76,43,137,135,107
30,160,98,-102,-13,133,-75,-62,46,140,137,114
71,174,113,-108,-32,126,-102,-62,61,115,152,119
75,155,114,-114,-29,156,-112,-66,45,127,151,129
64,210,108,-118,-46,159,-96,-61,61,106,144,143
64,191,121,-126,-33,147,-110,-88,32,153,184,135
56,205,113,-150,-16,156,-110,-99,89,147,167,153
67,214,124,-152,-17,168,-117,-77,53,154,208,147
86,222,137,-152,-29,183,-126,-86,62,164,200,165
83,241,157,-143,-22,191,-133,-74,99,157,209,167
61,225,149,-142,-38,196,-122,-74,57,159,204,146
106,232,146,-156,-44,201,-129,-97,80,161,221,157
103,245,138,-170,-34,179,-124,-101,73,168,226,161
102,232,159,-162,-55,186,-133,-89,78,184,224,162
93,258,149,-155,-15,219,-120,-84,72,201,208,170
108,235,166,-158,-46,203,-141,-99,87,186,233,188
107,265,159,-157,-54,199,-126,-107,49,204,227,159
87,244,165,-161,-35,212,-125,-90,58,198,221,169
87,256,146,-177,-53,212,-141,-120,65,179,216,179
90,259,168,-167,-13,205,-135,-112,81,181,242,189
87,249,188,-172,-20,202,-130,-94,70,189,221,164
91,263,169,-178,-53,202,-157,-88,98,181,237,203
104,250,157,-142,-30,194,-142,-102,75,178,224,167
93,248,158,-154,-40,213,-130,-99,77,210,219,196
100,244,161,-149,-12,224,-149,-103,71,179,195,193
94,245,170,-154,-42,199,-138,-101,68,185,222,176
63,236,150,-138,-28,194,-121,-88,76,181,226,175
84,225,138,-177,-24,194,-119,-95,57,166,192,161
78,253,163,-144,-25,197,-126,-74,79,175,197,168
63,196,123,-128,-47,181,-125,-90,77,177,204,143
84,211,130,-143,-35,193,-110,-85,48,159,185,151
68,197,146,-129,-42,174,-93,-76,68,150,200,135
47,217,114,-133,-24,149,-141,-61,55,148,172,130
70,179,85,-138,-14,164,-91,-53,49,135,164,140
81,166,113,-113,-29,163,-83,-71,49,111,151,108
68,146,114,-125,-37,137,-99,-58,39,96,156,125
47,176,112,-111,-28,158,-82,-67,62,120,160,116
37,139,116,-102,-29,120,-92,-54,27,89,146,94
57,147,95,-110,-26,97,-66,-57,47,122,136,113
58,138,110,-83,-28,107,-51,-59,47,90,112,88
63,127,95,-101,-18,94,-80,-66,63,103,125,70
44,121,81,-104,-11,110,-79,-58,26,89,112,56
44,112,58,-96,-22,102,-52,-43,38,71,99,79
61,94,75,-77,0,82,-56,-50,58,62,100,46
34,74,63,-46,-21,93,-55,-40,27,56,80,60
25,105,54,-62,-12,83,-47,-28,10,46,83,55
47,74,67,-67,-18,73,-33,-42,36,74,79,72
29,91,55,-37,-16,79,-64,-32,23,65,77,50
18,63,55,-54,-2,74,-30,-50,20,66,53,45
20,64,33,-43,-10,33,-32,-19,22,48,51,59
18,50,18,-50,-19,47,-50,-4,23,50,39,36
29,64,21,-40,19,54,-26,-18,4,28,49,7
2,43,18,-41,-6,48,-36,-29,0,31,51,23
14,35,33,-45,4,38,-42,-14,21,27,57,13
35,38,-5,-24,-2,44,-44,-13,50,47,24,32
-15,20,21,-29,-14,18,-39,-6,7,37,33,29
7,53,5,-21,0,9,-20,-31,22,4,52,32
7,18,25,-23,20,15,-30,-15,17,-4,28,11
12,9,18,-36,6,6,-16,11,4,25,44,17
19,12,7,2,25,31,-28,-2,-4,7,2,7
18,19,11,-23,-8,30,-30,-5,-7,13,0,5
8,16,0,4,3,15,-3,9,5,19,-3,18
5,7,10,5,6,-6,-17,7,-4,17,27,6
-9,15,15,-6,-5,-2,3,4,26,11,23,16
25,8,30,-17,8,19,-10,16,-4,-2,16,-8
-19,6,4,-12,-12,5,-19,4,16,-2,15,-4
-1,-12,-5,3,10,2,-9,-27,15,17,-1,-7
20,-11,0,-3,-2,-6,-4,-7,-16,-21,-7,15
-8,5,6,2,-11,-1,14,9,6,15,-13,10
17,13,11,-5,8,2,8,1,-11,2,-5,0
-3,-23,-5,-4,-19,6,9,-7,8,-16,-16,-6
-35,-10,-16,25,13,-18,-2,9,8,-4,-6,-21
-6,-22,0,-3,6,-5,22,8,-14,-23,-25,-16
-9,-28,-17,7,13,-27,3,11,-24,-13,-23,-31
-14,-37,-25,15,3,-11,14,-1,4,-30,-45,-24
-21,-57,-43,25,15,-40,50,38,-42,-35,-51,-40
-43,-63,-29,59,8,-48,63,5,-15,-46,-60,-57
-21,-75,-48,61,-3,-53,19,25,-27,-60,-73,-17
-29,-96,-78,50,28,-90,53,8,-10,-78,-85,-70
-28,-91,-65,78,-5,-77,45,36,-45,-73,-88,-65
-44,-103,-44,69,36,-83,50,40,-27,-81,-97,-75
-36,-126,-78,94,7,-103,72,31,-38,-107,-132,-105
-42,-140,-85,90,10,-123,65,62,-36,-75,-138,-112
-67,-110,-96,111,31,-128,77,57,-59,-119,-140,-93
-58,-155,-86,89,22,-142,73,78,-35,-100,-144,-107
-49,-163,-123,100,29,-148,99,42,-16,-101,-141,-104
-34,-127,-114,96,11,-143,80,41,-56,-105,-139,-106
-43,-148,-87,100,31,-134,69,46,-27,-74,-139,-97
-50,-137,-56,92,13,-95,70,47,-46,-78,-107,-73
-40,-92,-53,59,16,-65,67,47,-22,-95,-70,-68
-21,-44,-30,42,5,-31,24,15,1,-20,-29,-42
10,1,7,-1,-7,-23,-2,-2,2,4,-33,-10
23,65,55,-40,-9,51,-30,-26,43,41,51,36
39,131,77,-78,-17,83,-66,-44,42,66,110,78
57,182,105,-133,-32,170,-116,-92,52,139,165,120
81,281,165,-206,-26,223,-167,-111,91,218,236,194
141,355,231,-241,-51,299,-191,-142,92,256,313,246
140,446,280,-301,-67,374,-238,-172,139,327,397,311
189,528,360,-370,-70,471,-288,-217,154,404,519,383
224,635,410,-435,-92,516,-346,-263,202,472,560,428
248,738,478,-495,-90,611,-400,-292,234,570,673,509
301,822,538,-552,-131,677,-439,-347,244,613,770,586
328,900,594,-615,-146,738,-495,-367,274,703,798,634
338,971,630,-686,-144,807,-523,-387,307,733,871,662
354,1040,668,-703,-179,852,-556,-423,323,766,915,733
372,1058,711,-722,-138,871,-574,-420,313,785,961,743
397,1067,697,-720,-174,883,-575,-423,318,796,939,752
383,1066,707,-714,-159,886,-566,-424,318,792,950,735
351,1034,665,-682,-152,852,-568,-409,294,782,917,743
343,980,638,-667,-143,812,-545,-389,280,731,895,694
317,907,581,-623,-142,749,-492,-367,270,693,815,632
284,825,549,-554,-118,678,-490,-343,243,612,727,565
269,728,452,-504,-104,615,-418,-315,256,552,665,524
245,647,414,-437,-109,540,-340,-236,185,471,580,435
197,535,364,-340,-87,436,-276,-199,153,376,478,372
138,423,252,-268,-38,334,-224,-170,118,313,390,295
122,327,216,-213,-31,274,-183,-125,93,234,311,209
72,222,149,-149,-35,194,-131,-62,72,179,203,165
38,118,101,-80,-12,116,-69,-48,21,109,134,95
15,54,49,-48,-3,44,-34,-25,7,38,55,34
-26,-7,-13,0,4,-2,14,25,-15,-7,-9,-41
-51,-63,-52,55,-2,-62,48,33,-42,-51,-74,-39
-51,-121,-84,102,27,-129,64,30,-47,-94,-115,-74
-78,-162,-110,115,35,-148,109,72,-70,-127,-170,-130
-60,-214,-130,137,28,-167,108,96,-88,-144,-182,-153
-69,-236,-151,175,32,-191,114,98,-89,-167,-206,-168
-79,-235,-143,172,44,-192,138,81,-39,-186,-183,-147
-100,-242,-151,191,43,-191,127,93,-66,-191,-238,-172
-78,-256,-160,160,31,-196,135,97,-73,-190,-211,-169
-102,-224,-146,143,33,-200,117,101,-60,-155,-209,-143
-65,-199,-154,125,26,-187,123,97,-58,-169,-191,-152
-72,-184,-122,138,52,-187,82,90,-35,-179,-191,-141
-66,-198,-105,129,33,-166,101,52,-75,-135,-131,-130
-53,-160,-102,103,10,-136,83,57,-21,-124,-143,-125
-66,-117,-79,79,23,-106,84,54,-55,-92,-133,-102
-31,-111,-75,60,27,-81,45,72,-46,-101,-104,-75
-19,-81,-66,69,26,-72,74,32,-19,-70,-70,-67
-9,-81,-48,79,18,-71,17,24,-7,-58,-71,-45
-36,-39,-31,48,1,-34,26,30,-16,-54,-54,-23
5,-40,-26,16,14,-52,1,17,-4,-55,-39,-39
-12,-29,-11,2,13,-34,6,15,-11,-26,-12,-23
-6,-21,-11,8,8,-37,44,15,6,-32,-32,-13
0,-9,-10,5,19,-3,17,21,5,0,-21,-9
-10,-1,2,-19,5,-6,14,-16,5,8,18,4
-10,4,28,-8,11,2,11,27,20,12,12,6
16,-16,7,-19,-2,17,-11,-4,28,1,-5,2
-10,11,-8,-11,7,0,-26,-18,-1,4,13,4
0,16,16,-33,-17,-6,-17,-16,14,-1,10,4
21,22,-3,-29,12,-7,-20,10,12,24,-2,15
22,35,21,-6,-3,-7,2,-29,3,21,17,21
-5,52,34,-10,-19,34,-23,-14,0,10,39,37
9,41,29,-6,2,11,-12,-13,21,31,3,23
8,40,18,-13,-1,43,-17,7,-6,26,19,13
14,29,26,-28,-14,44,-9,-24,-8,27,30,31
30,16,27,-47,-11,17,-25,-5,15,15,13,29
25,29,17,-20,-2,34,-18,-7,7,14,7,10
0,60,31,-16,-10,12,-36,-27,24,30,19,44
1,26,10,-34,-27,35,-23,-28,7,9,40,31
10,24,42,-32,-5,4,-6,0,20,26,36,19
37,42,25,-18,-30,16,-48,-1,12,47,43,36
21,35,27,-12,-19,34,-36,-22,16,28,32,48
15,60,29,-41,-6,27,-30,-28,23,32,35,29
21,32,20,-21,5,28,-19,-15,28,41,53,26
3,65,32,-42,-10,32,-32,-49,3,57,66,23
8,60,31,-46,-2,58,-38,-24,-7,35,61,25
6,66,72,-28,-3,45,-42,-17,21,41,70,38
22,72,25,-47,-9,57,-41,-12,5,46,48,51
46,79,56,-72,-28,46,-49,-16,19,41,72,49
21,67,32,-38,-15,58,-37,-19,23,48,56,80
34,69,62,-52,-25,61,-40,-16,11,76,69,36
41,69,46,-68,-28,83,-45,-14,44,62,77,64
2,69,28,-52,10,61,-37,-39,33,71,71,68
22,86,58,-49,-28,81,-44,-36,24,62,97,69
29,98,57,-54,-8,73,-48,-27,9,55,91,53
54,100,73,-62,-7,87,-60,-21,28,63,86,44
40,90,47,-64,-15,97,-54,-33,29,94,86,61
42,122,62,-64,-20,100,-42,-69,47,73,87,81
17,106,81,-63,-24,68,-51,-16,40,66,109,69
42,115,52,-86,-16,68,-59,-46,39,97,130,104
59,121,85,-73,-19,112,-84,-43,47,72,122,87
64,138,92,-66,-12,98,-68,-80,52,100,104,94
54,148,94,-86,-41,117,-83,-39,37,111,123,82
53,159,83,-112,-5,117,-58,-55,21,94,113,94
56,150,101,-102,-15,118,-56,-67,34,116,119,99
58,151,90,-107,-23,115,-72,-68,63,97,153,79
33,141,86,-116,-37,110,-87,-57,42,92,125,94
56,173,113,-99,-29,147,-90,-50,57,95,153,109
45,189,125,-116,-23,133,-95,-67,35,137,140,111
73,182,88,-135,-31,175,-98,-70,53,112,166,115
83,184,142,-145,-22,141,-118,-72,59,128,157,130
68,181,121,-145,-48,178,-119,-65,61,142,167,135
83,223,102,-137,-28,190,-117,-92,63,149,176,139
47,238,139,-140,-29,172,-127,-70,67,151,209,153
88,227,132,-159,-14,192,-99,-73,60,168,190,164
85,218,154,-143,-19,186,-123,-84,68,175,214,147
81,218,145,-163,-41,184,-137,-94,76,176,192,168
84,245,170,-175,-43,206,-150,-81,70,193,229,167
79,264,163,-159,-22,190,-133,-110,61,179,238,200
90,262,170,-195,-55,219,-138,-90,54,209,214,176
95,270,196,-175,-49,225,-138,-122,76,192,210,187
97,278,189,-172,-43,232,-157,-102,99,202,265,204
95,273,184,-180,-29,245,-175,-110,82,221,254,203
95,294,200,-211,-42,239,-150,-116,88,207,253,233
124,316,194,-190,-28,241,-147,-114,107,215,277,199
112,288,211,-208,-39,248,-167,-127,86,250,284,220
105,315,215,-222,-70,260,-192,-128,73,227,283,229
107,332,207,-232,-39,284,-204,-116,86,260,309,235
110,351,233,-216,-53,272,-187,-140,84,265,315,219
130,353,229,-254,-69,279,-189,-141,96,239,313,244
131,357,211,-213,-66,281,-192,-144,93,277,311,257
123,358,227,-226,-77,297,-193,-146,115,271,337,247
121,369,242,-235,-50,309,-182,-157,108,276,305,270
134,368,226,-254,-46,290,-185,-156,116,278,333,251
117,358,260,-247,-46,316,-197,-145,122,282,366,264
136,365,246,-260,-40,323,-209,-164,120,267,332,266
128,381,243,-259,-84,343,-179,-144,113,296,350,257
140,398,261,-239,-53,313,-211,-136,98,300,374,276
140,398,255,-253,-62,349,-215,-138,116,290,373,270
169,418,284,-272,-57,333,-220,-154,127,303,372,271
150,400,262,-266,-56,322,-204,-181,133,319,378,289
149,403,259,-300,-60,363,-231,-170,125,311,388,296
153,408,275,-295,-59,325,-223,-171,130,326,392,275
182,424,267,-295,-83,350,-237,-177,133,314,389,288
152,424,280,-269,-61,350,-223,-170,130,328,369,293
162,416,252,-295,-86,356,-240,-168,137,300,410,306
141,438,292,-302,-44,374,-249,-174,126,307,383,297
158,441,273,-300,-49,354,-255,-190,130,317,393,306
151,427,311,-302,-91,358,-258,-169,135,327,383,289
155,450,309,-302,-69,354,-237,-178,135,325,383,298
145,421,298,-309,-66,360,-236,-161,152,328,401,310
142,457,264,-307,-72,375,-248,-180,111,324,410,322
155,441,274,-294,-70,356,-232,-179,130,312,385,293
156,443,280,-302,-70,360,-238,-161,171,334,356,304
148,438,276,-281,-62,354,-266,-146,131,327,377,294
141,426,286,-282,-72,333,-252,-163,145,302,378,287
157,443,282,-283,-68,343,-237,-140,146,332,367,317
137,422,281,-286,-54,362,-231,-168,139,321,372,274
133,428,270,-287,-81,352,-219,-173,111,299,381,294
134,411,265,-263,-59,372,-218,-151,99,320,362,275
136,427,259,-280,-45,322,-244,-175,108,297,367,317
140,419,254,-270,-42,344,-227,-152,102,291,364,296
138,404,265,-286,-77,326,-211,-173,108,310,350,273
119,391,241,-259,-62,334,-214,-154,113,299,345,249
129,394,248,-271,-47,325,-220,-147,110,272,344,297
133,378,263,-259,-49,301,-215,-157,97,304,328,284
128,384,246,-260,-59,349,-207,-139,117,259,351,244
131,365,223,-258,-47,314,-198,-139,104,278,321,259
114,353,235,-272,-48,312,-199,-133,107,291,313,223
119,353,207,-221,-80,285,-186,-140,117,254,294,257
128,344,233,-233,-47,290,-196,-151,118,268,301,226
135,326,206,-220,-25,274,-177,-135,79,250,312,250
120,316,227,-245,-40,271,-190,-112,75,253,300,213
109,321,207,-206,-32,279,-190,-131,86,240,260,216
97,321,210,-212,-38,248,-197,-126,115,238,262,221
113,315,203,-210,-43,250,-165,-97,73,220,267,214
81,297,181,-202,-35,238,-179,-100,76,219,275,225
108,282,173,-209,-51,247,-149,-137,74,219,263,214
83,269,185,-159,-45,224,-143,-96,93,219,227,183
101,285,166,-194,-48,216,-154,-129,84,211,248,190
93,239,140,-198,-39,220,-136,-97,75,191,226,164
84,261,174,-199,-34,214,-142,-108,82,190,220,177
86,253,178,-170,-27,178,-140,-92,92,177,213,162
95,222,142,-144,-77,195,-132,-83,70,141,226,147
95,239,135,-156,-49,193,-111,-100,45,176,200,151
48,218,148,-125,-10,157,-108,-102,77,163,185,152
58,222,112,-146,-30,167,-131,-100,63,173,179,155
81,190,123,-128,-28,160,-126,-68,60,156,174,148
59,224,119,-147,-18,169,-92,-94,45,135,157,156
61,170,118,-116,-7,152,-83,-77,68,148,174,152
46,185,121,-127,-1,150,-123,-48,73,132,150,144
42,164,110,-104,-44,159,-78,-43,27,114,158,109
83,156,99,-131,-36,132,-68,-69,48,99,150,118
66,153,106,-95,-22,116,-78,-72,49,119,124,95
51,143,82,-104,-21,118,-92,-67,37,109,131,96
64,143,82,-73,-14,115,-73,-58,36,115,110,81
45,136,78,-81,-45,116,-71,-30,60,99,133,90
42,149,100,-93,-21,97,-61,-53,32,91,123,94
44,145,72,-97,-32,84,-67,-63,22,92,116,68
33,105,87,-93,-33,81,-34,-44,29,74,104,56
40,113,66,-76,-30,74,-53,-46,10,89,81,89
42,113,55,-44,-24,61,-67,-43,21,73,84,61
25,104,44,-55,-20,74,-41,-8,43,58,79,76
43,89,52,-74,-6,79,-32,-38,37,66,86,63
27,87,60,-64,-4,80,-68,-42,41,69,66,72
40,60,44,-56,-28,52,-54,-47,3,62,78,55
28,74,30,-36,-5,51,-52,-33,18,80,66,44
37,50,47,-29,-20,55,-29,-37,21,67,69,41
9,67,57,-60,-14,72,-12,-32,45,51,52,54
20,64,48,-54,21,39,-35,-15,-5,57,46,38
5,50,39,-48,-18,38,-33,-26,13,47,67,44
7,44,40,-47,12,64,-30,-32,17,34,50,49
29,56,32,-33,-8,19,-34,-21,44,28,52,37
18,38,19,-19,-9,11,-27,-26,13,36,26,45
15,38,26,-52,-6,52,-37,-16,21,25,40,33
15,34,21,-27,8,17,-48,-15,14,65,34,21
22,40,40,2,-4,8,-5,-18,5,16,43,8
9,30,34,-34,-23,33,-30,-10,16,19,5,26
7,28,25,-36,6,16,-21,-30,18,33,-1,28
1,29,48,-24,-8,33,-17,-30,26,28,26,24
13,29,30,-12,-19,27,-34,17,8,12,15,-4
8,26,18,-30,-18,32,-6,-9,10,28,20,8
1,25,-6,-10,-35,8,-21,-15,-31,21,16,14
3,31,23,-20,19,15,-14,-6,-15,25,27,25
-5,18,25,-17,-2,12,13,-12,14,10,37,13
-4,18,1,-16,-19,-5,-14,-21,11,-5,-12,11
4,23,6,-1,-22,13,-11,-7,-5,8,19,12
15,39,3,6,15,30,-4,-19,9,1,23,19
2,8,6,-8,-18,6,-12,-20,-2,6,18,6
-13,19,-8,-11,14,23,-10,-7,26,26,2,12
-2,40,-3,11,3,3,-3,4,-7,12,3,1
20,1,22,-34,12,7,-11,-18,-11,11,16,11
8,28,12,-4,-11,1,-15,-16,-6,2,34,-6
23,23,7,-2,9,13,-18,-9,-1,12,13,9
29,23,7,-19,21,14,2,22,1,21,-14,12
-14,17,21,-26,7,18,-25,-18,12,-4,21,2
8,-2,-1,5,-20,18,-23,2,26,-4,-4,-3
19,-2,8,-19,-10,6,1,-22,5,8,17,17
2,19,27,-13,-2,-3,2,-20,-22,-17,-6,17
5,-11,29,-22,4,21,-13,10,-13,9,9,2
19,10,17,13,-22,-12,2,-13,-12,0,16,7
-10,27,-5,8,-10,15,-4,27,0,-5,11,20
22,5,-16,1,-1,14,-8,-11,19,2,18,15
5,-13,18,1,2,-7,-28,-2,7,12,-2,-5
13,0,12,11,10,16,1,0,-8,30,20,13
15,14,0,2,-13,13,-24,-24,-14,18,5,2
9,-8,1,-8,3,30,19,-3,6,13,0,-1
0,12,-5,-22,0,2,-3,-14,2,-5,18,13
7,-1,0,3,-2,13,-5,-1,9,-12,2,-9
30,29,8,-6,-7,14,8,2,11,-4,-14,16
13,9,-4,-10,-5,22,0,-9,21,15,4,19
15,1,3,-20,1,0,-13,2,-14,13,16,16
4,3,11,-6,0,2,-10,-16,5,13,8,9
6,24,-24,10,-20,22,21,-6,5,5,4,9
2,-1,11,-26,-17,12,-10,-2,-25,1,37,27
-4,19,-17,-13,1,14,1,-5,-16,19,19,13
14,14,18,-18,-4,18,-15,-19,20,2,22,-15
-1,6,-6,7,-1,14,6,-11,8,1,10,18
11,-4,-10,0,-4,-9,6,2,-12,10,9,-14
9,19,15,-36,29,4,-24,-5,-3,18,18,5
8,4,-9,-9,14,-2,16,-6,23,22,-5,14
22,-9,9,-8,-3,1,-6,3,3,23,15,5
8,28,13,-8,15,-11,-37,14,0,-11,13,13
12,11,9,-18,13,5,-13,9,0,-4,4,7
29,-4,12,-16,15,11,13,3,10,37,2,16
5,-8,3,-1,-11,3,2,-11,4,13,15,9
9,7,6,-4,-24,17,1,-4,-1,25,13,20
-29,16,-9,-5,-16,16,-19,-7,10,-6,39,6
1,28,-5,-17,10,9,-10,-14,-15,-1,6,16
-8,25,-3,-18,-17,21,-18,3,-7,14,1,28
20,26,-11,16,-5,13,-15,-3,12,17,4,-2
-8,2,22,0,6,-3,-15,-4,1,30,8,0
-9,28,13,-11,-5,9,1,-12,-2,16,12,19
41,9,-7,0,14,31,10,-4,-12,12,11,19
0,-2,27,4,12,13,-25,-3,9,12,12,12
29,17,-2,6,19,13,4,1,13,-7,9,21
20,-3,-7,-8,8,8,4,8,3,5,26,0
5,-29,7,-11,-6,18,-23,-23,10,14,8,4
26,22,9,-27,-11,18,-13,-25,11,33,8,-4
15,7,18,-15,-4,20,-31,-12,20,9,31,4
1,24,21,-24,14,3,7,-15,4,-2,12,25
2,2,-2,-11,-3,11,-14,8,3,3,23,9
1,20,-2,-9,0,13,-4,-3,16,19,6,17
12,26,23,-29,-10,-13,11,3,2,-7,1,17
1,-1,13,-15,0,44,-7,5,14,12,28,-3
15,22,19,5,4,6,-29,-5,-6,27,-5,17
1,22,29,-39,20,9,-17,-7,4,28,9,3
-18,25,1,-26,-5,-10,-29,-18,20,22,24,8
12,14,-7,7,9,17,-2,-5,16,21,25,20
6,8,4,-2,19,3,-17,22,1,-1,3,21
-7,29,14,-14,-3,19,-6,-12,7,7,2,20
-2,23,-16,-17,5,27,-2,-8,6,32,9,12
-4,18,2,-24,1,33,-7,-13,3,23,29,-3
-1,17,5,-10,11,10,-13,-2,-1,18,18,6
36,25,9,-19,20,32,20,6,-6,2,31,11
-7,-3,39,-10,2,23,-29,8,33,1,22,24
8,30,7,-11,-15,5,-7,-15,17,8,22,-9
24,21,13,6,3,22,-4,4,-12,12,30,6
2,11,22,-8,-1,-2,9,10,16,23,19,24
12,27,19,-14,-9,13,-29,-13,0,19,18,4
5,29,1,-20,-15,13,-24,-3,6,20,9,10
-10,-4,37,11,4,0,-14,15,10,24,-11,12
6,13,28,-8,8,2,-9,1,-2,9,16,29
3,-3,18,-7,3,16,-13,11,-14,4,-12,3
22,17,30,-14,-14,19,-4,10,2,3,-25,12
22,32,20,6,-2,19,-7,-12,-5,23,13,18
17,14,22,-8,10,24,-24,-10,-3,11,23,9
17,29,20,-18,9,-1,-13,-17,-12,-2,31,7
9,37,23,-16,-7,28,10,-38,-4,-10,26,22
-10,9,23,-9,-9,35,7,-8,6,19,12,16
3,0,16,-26,-11,20,-25,-13,7,19,25,32
0,15,21,-9,-1,15,-10,-1,3,39,24,23
-6,18,31,-15,-6,5,-20,-3,23,15,1,6
-2,44,7,-34,-4,28,-7,-13,3,29,14,18
6,24,19,-20,-3,26,-9,-3,5,15,21,4
-4,23,8,-20,1,25,-3,-4,23,15,2,29
-1,13,-17,-6,13,34,-8,-42,22,13,24,31
30,4,16,-21,4,10,-13,-3,25,16,20,6
8,39,30,-15,-11,21,-30,-5,-1,17,20,18
11,19,23,-11,-17,25,-7,-10,19,-11,1,12
30,29,18,-9,-7,34,-21,-9,-14,11,34,24
24,42,14,-32,5,27,1,-13,14,12,-3,34
9,26,31,-21,2,19,-17,-27,22,59,22,14
15,35,21,-45,-13,28,-8,-7,9,40,26,-7
12,27,11,-7,-40,17,-20,-27,33,24,30,34
31,45,14,-43,19,29,-5,9,9,28,28,55
11,43,21,-33,-6,48,-18,-24,1,48,40,35
-11,50,-3,-51,13,29,-32,-24,20,24,12,53
11,46,34,-33,-19,23,11,-20,31,20,40,27
44,63,27,-20,20,45,-19,-7,19,56,52,10
-4,41,9,-31,-8,45,-14,-12,9,52,66,14
31,65,16,-16,-10,44,-28,-5,26,31,36,39
3,56,43,-48,-4,36,-32,-7,35,77,54,26
35,70,58,-43,-17,48,-47,-21,18,40,82,47
25,79,38,-9,-2,39,-44,-29,22,45,66,43
34,93,37,-60,-8,79,-44,-20,19,45,96,44
26,82,65,-70,0,80,-41,-20,22,40,70,57
37,90,57,-59,-15,50,-28,-44,34,56,86,82
37,97,60,-44,-21,74,-62,-36,27,48,80,66
53,84,60,-59,-13,71,-50,-61,39,61,89,88
39,101,63,-67,-15,83,-52,-57,41,87,106,81
39,109,78,-55,-27,103,-63,-46,21,96,95,65
62,115,90,-64,-25,88,-54,-50,52,69,121,96
61,122,91,-97,-3,99,-62,-53,57,88,123,101
44,147,94,-93,-10,102,-79,-64,61,104,135,83
49,130,101,-102,-33,118,-65,-46,27,90,126,84
69,154,88,-101,-10,118,-64,-82,21,105,135,92
66,151,109,-115,-17,132,-81,-67,43,134,121,108
70,170,124,-102,-38,135,-84,-97,46,126,141,92
55,183,102,-115,-60,130,-97,-78,60,155,173,113
84,204,131,-117,-24,145,-103,-70,64,142,162,134
76,206,110,-158,-30,163,-97,-80,66,142,165,118
57,209,121,-144,-37,168,-109,-62,49,154,177,129
78,220,127,-141,-35,162,-113,-89,61,166,195,140
77,211,135,-159,-24,171,-132,-76,63,166,198,147
79,236,150,-134,-22,185,-120,-90,56,148,215,159
82,241,136,-153,-43,201,-132,-113,80,170,206,148
90,242,118,-163,-29,174,-133,-84,77,184,203,175
103,240,174,-152,-56,213,-128,-101,67,179,210,159
92,270,162,-177,-19,210,-134,-75,65,191,246,163
88,263,180,-180,-28,219,-147,-93,92,201,213,184
83,273,167,-180,-40,212,-138,-98,103,193,225,199
102,274,173,-164,-32,211,-162,-107,80,182,244,209
80,276,167,-191,-28,221,-164,-119,68,188,254,212
86,289,186,-212,-52,225,-113,-92,63,193,256,171
85,283,179,-185,-41,239,-154,-102,86,194,243,210
79,274,163,-202,-33,239,-145,-108,80,200,263,191
98,300,200,-202,-22,228,-151,-103,87,201,243,193
80,270,193,-189,-48,239,-148,-131,82,212,253,202
86,290,195,-194,-39,247,-162,-94,70,207,256,217
87,255,183,-215,-50,212,-150,-109,68,211,238,210
99,276,183,-194,-42,223,-150,-112,70,198,242,212
120,286,171,-214,-46,238,-163,-110,96,226,261,196
101,277,164,-183,-51,219,-169,-115,87,221,263,193
90,248,170,-194,-55,230,-149,-113,90,184,261,198
100,260,182,-168,-34,202,-166,-92,57,176,266,175
110,262,144,-190,-20,231,-128,-118,47,175,237,191
57,251,169,-177,-29,211,-152,-102,93,207,237,184
104,250,139,-171,-48,226,-144,-115,67,179,209,178
77,218,161,-152,-27,201,-153,-88,70,175,243,161
78,246,154,-150,-44,201,-123,-89,82,213,205,173
71,236,134,-151,-33,186,-144,-103,75,178,211,160
84,226,136,-149,-30,180,-121,-79,56,169,180,147
69,188,137,-129,-16,181,-119,-89,45,165,198,121
49,212,118,-137,-42,155,-126,-92,63,149,178,136
79,196,126,-132,-22,148,-97,-93,66,134,190,129
89,181,100,-123,-36,145,-90,-73,50,131,159,129
51,171,124,-118,-14,147,-117,-87,55,140,156,145
45,154,98,-130,-27,145,-103,-61,53,107,148,108
41,164,77,-105,-43,127,-73,-52,58,107,137,112
45,160,79,-104,-23,109,-77,-56,32,118,127,118
49,126,95,-68,-13,114,-89,-72,66,95,157,83
44,128,95,-86,-20,117,-68,-35,33,77,123,100
46,115,67,-94,-19,105,-56,-51,27,65,107,66
53,118,68,-95,-10,88,-80,-38,46,90,108,63
37,100,56,-68,-3,83,-33,-23,47,86,96,67
