I,II,III,aVR,aVL,aVF,V1,V2,V3,V4,V5,V6
368,1040,705,-703,-154,848,-577,-424,326,801,931,725
378,1036,652,-693,-161,855,-569,-410,332,787,925,716
351,968,662,-668,-153,839,-547,-399,298,730,904,691
315,915,578,-639,-146,780,-494,-378,261,686,828,647
274,847,534,-570,-139,686,-437,-347,241,633,749,581
259,724,482,-484,-108,626,-388,-291,204,545,655,527
223,602,388,-412,-93,531,-337,-256,200,471,559,418
176,483,334,-338,-64,409,-245,-209,157,370,450,347
137,398,224,-254,-60,299,-213,-159,120,274,341,251
76,253,171,-165,-30,224,-149,-111,80,204,239,165
58,146,89,-101,-34,119,-82,-49,38,99,132,104
20,34,29,-41,13,23,-46,-22,12,22,36,24
-30,-46,-38,60,18,-58,42,15,-18,-29,-43,-40
-37,-134,-79,97,1,-125,81,36,-55,-114,-113,-82
-77,-200,-125,146,35,-151,100,74,-49,-118,-171,-137
-82,-245,-186,166,41,-214,150,96,-53,-189,-212,-175
-88,-300,-192,213,39,-239,163,123,-88,-221,-274,-215
-126,-337,-231,231,44,-270,177,138,-91,-215,-305,-217
-121,-335,-233,249,27,-286,187,128,-88,-241,-326,-220
-135,-335,-218,235,51,-287,182,144,-81,-261,-312,-237
-113,-367,-241,252,66,-290,186,171,-127,-245,-307,-224
-111,-346,-201,242,53,-268,171,138,-96,-232,-299,-225
-99,-316,-220,213,52,-270,173,125,-104,-244,-281,-224
-109,-308,-192,214,50,-239,161,121,-81,-200,-268,-189
-95,-266,-190,179,60,-253,150,113,-75,-208,-240,-206
-87,-244,-176,170,29,-202,117,130,-79,-188,-221,-145
-59,-219,-154,148,29,-169,117,84,-85,-158,-184,-169
-66,-210,-137,112,42,-154,92,84,-64,-153,-198,-143
-78,-156,-111,125,38,-130,112,72,-43,-131,-160,-118
-38,-124,-106,107,22,-137,86,73,-41,-137,-125,-148
-51,-125,-87,96,31,-104,73,33,-41,-103,-115,-94
-39,-106,-91,86,5,-89,70,39,-28,-88,-107,-63
-26,-100,-55,76,-1,-59,44,31,-17,-58,-94,-64
-40,-92,-78,69,27,-83,51,41,-29,-80,-101,-60
-33,-85,-61,64,0,-62,65,27,-27,-47,-85,-58
-31,-69,-51,49,-5,-44,42,39,-31,-60,-78,-30
-27,-73,-65,51,33,-59,58,26,-31,-48,-56,-71
-19,-82,-52,46,24,-55,26,26,-17,-41,-54,-37
-15,-68,-56,67,7,-45,34,26,-27,-45,-63,-42
-13,-54,-40,40,24,-75,35,22,-4,-54,-52,-62
-15,-47,-29,46,21,-46,22,34,-23,-46,-48,-71
-25,-62,-33,50,7,-52,40,14,-3,-35,-34,-32
-30,-62,-45,31,5,-63,8,10,-49,-21,-66,-23
10,-50,-50,53,18,-49,20,23,-18,-45,-31,-25
-18,-51,-38,44,18,-63,34,15,-11,-32,-32,-20
-23,-71,-9,37,10,-51,25,29,-6,-32,-56,-34
-13,-56,-24,44,-20,-30,20,22,-21,-43,-32,-31
-31,-53,-42,40,-7,-31,40,12,-20,-22,-23,-35
0,-46,-30,32,10,-50,8,19,-8,-33,-29,-27
-8,-30,-22,23,-1,-32,31,-9,-20,-18,-20,-27
-28,-27,-41,1,-29,-32,25,-4,-12,-24,-29,-22
-8,-19,-15,21,5,-25,14,27,-8,-25,-21,-21
0,-15,-19,12,16,-24,-2,9,-20,13,-17,-7
-14,6,-7,-6,20,-9,7,-13,-8,4,-30,5
-20,-10,-41,14,-3,-42,5,1,5,-10,-8,9
-6,-7,-8,-4,-6,-3,18,9,-3,-2,10,-2
2,17,0,-10,-5,9,11,6,-18,-7,-1,-6
3,-11,8,1,29,9,-2,-30,8,-1,-16,16
5,1,17,-9,10,16,4,19,10,-5,10,10
8,21,20,-18,-34,28,8,-1,-19,17,29,23
15,24,40,-1,-18,-5,-21,-30,9,22,17,18
-6,8,10,-25,11,32,-9,-17,-3,13,20,12
17,32,42,-37,-36,40,4,-10,5,23,34,29
11,37,5,-44,-17,30,-40,-14,21,42,48,24
19,82,36,-29,-5,55,-29,4,4,64,62,46
21,69,36,-47,-19,54,-20,-51,22,54,54,39
20,76,42,-27,-2,48,-40,-23,12,60,70,68
17,87,55,-36,-6,54,-37,-19,20,84,29,70
17,71,49,-64,3,57,-38,-7,13,73,76,72
30,81,50,-75,-35,67,-54,-19,41,79,82,62
42,83,54,-76,-30,100,-46,-3,55,75,97,65
40,108,101,-68,-17,74,-68,-62,21,78,85,77
48,125,84,-62,-35,87,-90,-46,21,82,108,67
34,143,85,-94,-35,100,-56,-43,48,95,98,98
65,135,84,-114,-25,128,-98,-58,64,108,122,78
57,145,68,-119,-25,117,-93,-61,50,112,129,108
64,151,120,-131,-26,121,-82,-81,59,100,148,123
45,153,134,-99,-4,130,-99,-44,57,124,152,119
50,187,98,-110,-20,152,-100,-56,39,141,173,134
67,189,123,-127,-35,155,-103,-58,47,139,153,116
61,200,133,-127,-47,179,-117,-101,55,162,194,159
80,200,131,-139,-39,197,-119,-105,63,160,206,151
87,236,141,-149,-39,182,-106,-73,68,150,219,142
70,232,155,-177,-40,194,-110,-97,77,172,204,160
94,242,176,-176,-19,201,-139,-114,57,184,209,153
85,239,174,-159,-11,198,-151,-96,91,179,233,163
105,270,181,-181,-41,237,-144,-135,88,181,239,190
100,246,166,-195,-28,236,-168,-131,74,196,241,197
87,282,186,-197,-44,237,-164,-124,77,221,252,186
114,274,202,-214,-51,252,-141,-137,100,208,235,208
95,300,192,-187,-36,255,-179,-116,84,242,265,205
113,314,200,-229,-32,237,-177,-119,104,213,281,197
106,307,225,-214,-50,282,-174,-131,108,243,286,241
110,322,204,-233,-39,287,-155,-154,67,223,290,240
130,347,222,-226,-44,262,-182,-115,109,259,306,239
128,332,205,-236,-62,268,-183,-129,97,250,312,252
108,344,226,-231,-26,274,-183,-142,101,249,313,239
119,341,231,-244,-36,297,-185,-156,107,277,289,253
118,348,213,-225,-48,293,-197,-121,106,259,329,231
144,345,224,-240,-44,294,-196,-139,102,281,326,268
127,361,235,-246,-60,308,-198,-134,107,285,334,270
137,362,258,-249,-65,304,-206,-137,112,264,327,250
139,358,268,-250,-26,309,-220,-150,125,269,334,290
133,391,224,-231,-40,313,-209,-170,109,270,330,270
137,383,239,-248,-54,307,-194,-156,105,275,319,264
122,369,253,-284,-59,309,-210,-163,119,284,345,278
133,384,255,-275,-53,314,-214,-171,101,297,343,246
117,377,248,-259,-62,324,-226,-152,104,300,324,263
121,375,250,-259,-27,325,-224,-154,135,282,347,266
126,377,233,-247,-68,322,-199,-171,116,269,338,255
147,384,222,-271,-65,323,-231,-158,124,287,359,253
131,381,279,-256,-75,313,-221,-146,107,296,334,269
117,380,252,-253,-70,324,-203,-165,116,290,333,277
147,378,255,-231,-67,296,-224,-159,110,270,336,260
131,372,247,-270,-55,285,-211,-129,114,276,313,242
128,365,242,-239,-40,294,-190,-151,100,277,330,267
135,374,256,-217,-55,281,-212,-145,101,255,340,267
129,357,236,-250,-43,296,-208,-132,83,247,312,246
97,360,215,-245,-55,306,-185,-135,103,250,301,243
129,327,186,-235,-32,284,-183,-118,103,244,298,225
102,319,218,-216,-56,279,-182,-134,99,260,293,227
111,310,202,-225,-56,265,-173,-125,66,241,287,216
125,302,194,-203,-32,262,-170,-132,90,240,263,230
109,304,187,-190,-44,258,-171,-124,89,219,276,205
87,314,220,-179,-42,252,-191,-125,78,219,232,214
119,274,183,-208,-41,238,-190,-102,97,210,285,205
92,293,179,-167,-34,223,-143,-111,98,200,244,205
87,279,168,-171,-21,240,-150,-120,81,198,226,188
94,269,166,-185,-42,214,-161,-110,65,192,233,201
75,252,165,-155,-33,207,-144,-91,72,166,224,183
91,244,153,-164,-17,191,-133,-112,82,170,219,176
64,237,157,-145,-40,198,-115,-90,59,176,200,152
84,229,130,-134,-34,183,-109,-73,57,168,201,151
101,190,117,-160,-43,162,-105,-90,74,161,178,152
42,195,151,-136,-27,156,-125,-73,36,147,166,112
49,190,118,-129,-32,154,-108,-77,24,148,173,136
72,174,106,-123,-37,149,-99,-70,75,148,156,112
74,178,97,-115,-28,155,-95,-63,61,99,168,112
44,157,105,-98,-54,123,-72,-85,39,124,144,115
51,151,80,-104,-8,138,-56,-61,40,104,119,117
29,133,130,-91,-15,116,-78,-73,18,99,128,104
27,132,81,-101,-7,97,-76,-53,28,94,106,96
32,119,85,-79,-19,109,-69,-69,38,105,114,93
27,110,74,-80,-19,80,-53,-11,48,86,94,69
36,96,88,-79,-16,81,-66,-50,16,84,92,52
58,84,62,-65,-4,78,-66,-31,27,76,90,56
28,90,45,-70,-9,71,-45,-30,21,41,64,60
11,74,59,-73,1,63,-39,-30,38,60,39,32
25,60,47,-44,-23,60,-45,-33,6,38,79,59
12,72,58,-23,-14,44,-46,-10,42,28,45,33
21,64,26,-13,-8,31,-7,-23,9,17,49,41
10,28,19,-39,-10,30,-48,-14,23,36,38,4
25,64,-6,-37,-4,21,-27,-3,30,0,5,14
22,14,22,-25,-5,14,8,-10,9,44,8,16
-1,11,35,-15,12,9,-2,-18,-3,27,8,-8
19,14,-4,-11,-12,18,3,0,-5,4,8,-3
7,3,11,8,6,20,-11,-3,-17,-1,-1,-20
-16,0,-10,28,21,-1,5,-9,5,7,2,2
11,-13,13,-4,1,-6,22,-26,-7,-4,-3,-10
-28,-33,7,-4,-14,0,1,-13,-12,-14,-1,-24
24,-21,-4,35,19,-23,17,-1,10,5,-23,-18
-11,-22,-13,27,5,-19,19,25,1,-10,-35,-28
-14,-35,-1,29,-21,-19,5,-2,-14,-29,-27,-20
6,-33,-38,11,13,-30,10,34,5,-9,-33,-31
-10,-40,-29,30,10,-30,45,13,-26,-27,-17,-19
-15,-37,-25,27,1,-31,8,24,-20,-36,-26,-25
-10,-27,-31,42,16,-44,19,29,-42,-35,-47,-47
-23,-31,-46,37,-10,-39,24,8,-21,-26,-53,-55
-20,-40,-32,31,-8,-19,33,9,-11,-46,-26,-39
-22,-57,-41,50,23,-31,56,35,-35,-49,-60,-45
-35,-52,-26,16,26,-45,9,18,-23,-36,-53,-21
-7,-49,-37,38,5,-63,37,22,-21,-57,-31,-38
-16,-76,-45,62,7,-49,34,26,-12,-43,-53,-48
-11,-52,-47,34,5,-47,22,20,-11,-49,-60,-39
-37,-94,-18,28,7,-52,34,24,-33,-45,-70,-28
-34,-89,-42,46,19,-49,45,26,-6,-50,-64,-52
6,-76,-48,35,3,-65,34,26,-13,-66,-44,-43
-14,-40,-45,70,40,-59,14,37,-19,-73,-58,-71
-27,-55,-49,53,31,-75,43,19,3,-73,-51,-36
-29,-69,-60,42,22,-50,57,17,-2,-55,-54,-56
-29,-91,-57,45,8,-60,45,47,-36,-73,-65,-47
-30,-69,-52,49,7,-46,42,29,-37,-60,-73,-27
-17,-82,-46,48,41,-40,33,54,-51,-58,-69,-55
-8,-78,-62,58,-14,-54,53,25,-21,-54,-98,-49
-6,-78,-52,63,-12,-81,35,30,-22,-62,-58,-48
0,-54,-44,31,0,-60,41,14,-5,-72,-74,-61
-29,-72,-56,40,4,-70,40,55,-19,-69,-60,-58
-26,-74,-45,57,-12,-53,36,34,-42,-56,-67,-53
-30,-87,-55,56,9,-70,34,45,-22,-71,-77,-52
-36,-77,-40,59,-2,-72,36,22,-26,-81,-67,-66
-27,-66,-38,34,49,-60,42,26,-28,-63,-67,-68
-18,-85,-52,63,14,-63,26,48,-23,-56,-57,-44
-20,-66,-44,46,6,-68,39,15,-27,-43,-69,-59
-19,-75,-48,47,0,-73,48,27,-22,-68,-49,-56
-28,-65,-50,37,14,-65,45,33,-34,-69,-61,-69
-42,-70,-60,58,21,-49,32,28,-37,-63,-84,-44
-32,-71,-43,62,1,-52,43,17,-44,-48,-79,-47
-33,-60,-61,54,-4,-69,46,58,-38,-66,-62,-67
-16,-67,-47,61,0,-68,44,31,-31,-57,-54,-46
-42,-108,-36,47,10,-74,14,14,-28,-39,-62,-58
-29,-60,-33,27,18,-62,59,33,-12,-68,-63,-44
-23,-58,-61,39,-27,-76,38,31,-15,-59,-85,-36
-28,-86,-41,45,1,-68,22,17,-9,-44,-80,-46
-37,-76,-44,55,19,-58,22,40,-7,-61,-61,-38
-48,-68,-46,57,31,-58,38,23,-31,-45,-69,-42
-13,-68,-53,56,1,-62,36,50,-5,-48,-53,-67
-13,-64,-50,43,17,-38,43,40,-36,-61,-83,-59
-35,-70,-42,70,30,-30,66,32,-30,-78,-77,-56
-25,-84,-33,32,22,-51,5,13,-20,-66,-76,-53
-16,-70,-21,64,23,-55,42,28,-29,-67,-58,-46
-17,-83,-31,46,17,-67,55,36,-25,-49,-53,-55
-32,-88,-44,38,16,-64,28,27,-11,-64,-64,-28
-25,-83,-40,50,-7,-52,33,26,-5,-65,-56,-36
-21,-62,-51,59,13,-63,24,31,-24,-55,-46,-59
-30,-78,-47,55,24,-56,72,42,-6,-55,-71,-47
-20,-66,-49,58,8,-46,47,10,-45,-85,-63,-44
-15,-69,-27,46,14,-68,14,41,-30,-40,-36,-58
-27,-81,-50,48,12,-57,40,24,-23,-44,-60,-57
-33,-64,-27,49,2,-60,41,28,-31,-46,-51,-28
-30,-67,-46,52,5,-34,54,18,-32,-49,-59,-35
-24,-60,-42,37,3,-52,37,19,-25,-46,-31,-19
-10,-72,-66,45,17,-53,47,44,-29,-54,-56,-59
-17,-75,-46,27,-9,-65,34,40,3,-54,-42,-41
-18,-51,-50,14,14,-54,33,22,-17,-48,-47,-66
-8,-49,-25,39,-4,-54,31,14,-21,-41,-68,-50
-23,-66,-36,43,-2,-52,40,51,-17,-27,-59,-32
-2,-40,-17,24,14,-52,24,38,-6,-66,-42,-60
-40,-53,-60,43,-8,-45,34,26,-21,-69,-47,-33
-39,-45,-38,49,19,-37,12,28,-23,-31,-59,-35
-13,-58,-45,31,6,-62,31,-1,11,-38,-43,-30
-18,-54,-67,43,15,-7,23,28,-18,-52,-25,-53
-13,-44,-35,29,-12,-43,11,29,-8,-36,-57,-40
-17,-62,-22,30,17,-34,14,21,8,-48,-55,-41
-7,-39,-26,20,12,-42,0,-6,5,-35,-31,-37
0,-40,-47,31,3,-19,27,10,-5,-40,-45,-35
-3,-44,-37,34,-9,-38,15,8,-2,-24,-32,-24
-13,-49,-32,46,-9,-36,0,34,-29,-24,-56,-17
-22,-64,-27,13,41,-41,18,32,-17,-28,-37,-38
-29,-15,-25,23,-2,-48,10,0,-8,-22,-34,-39
-36,-29,-24,35,2,-27,3,35,15,-6,-17,-15
-14,-36,-28,27,1,-32,5,1,-22,-24,-39,-26
-29,-24,-6,14,7,-25,14,6,-15,-20,-23,-33
-9,-27,-27,51,8,-14,16,16,-35,-7,-40,-12
8,-24,11,29,15,-2,10,10,22,-11,-37,-18
-17,-41,7,28,10,16,0,-1,-21,-15,4,-17
2,-13,-18,-1,24,-5,9,19,3,-17,-24,-12
-3,-14,-11,-16,-10,-25,2,2,-12,-20,-15,-10
-2,-18,12,-5,-19,-25,5,-2,-1,-8,-2,-4
1,-2,11,6,-14,6,-11,17,-1,-5,1,-6
-10,14,-9,3,-18,17,12,-13,4,-7,-18,6
19,18,-6,-20,15,-10,4,15,-5,9,26,-3
9,17,20,-26,-4,28,-18,0,14,20,24,24
26,38,23,-9,-16,18,-31,-4,-8,16,44,38
22,38,40,-12,13,25,-4,-27,18,25,46,22
12,54,21,-27,-3,59,-26,-3,4,41,35,33
23,68,13,-24,-19,43,-32,4,15,47,47,33
31,72,30,-50,-17,30,-21,-11,11,50,41,43
8,62,29,-52,-23,45,-40,-35,35,60,74,41
34,78,54,-45,-4,67,-49,-54,18,79,76,43
51,80,55,-76,-13,61,-29,-33,-1,59,78,49
12,111,42,-60,-5,81,-46,-49,35,65,71,52
36,125,105,-62,-18,84,-82,-18,15,87,106,85
39,108,79,-71,-1,87,-60,-71,23,67,85,80
42,130,88,-96,-32,119,-94,-63,40,95,120,106
62,133,97,-80,-16,103,-74,-67,56,121,122,117
53,152,86,-117,-44,132,-59,-58,48,133,156,114
53,134,110,-122,-22,137,-108,-52,33,146,128,93
56,160,106,-131,-48,133,-103,-49,59,142,178,132
62,200,126,-119,-25,163,-104,-80,37,120,163,109
50,178,120,-172,-35,153,-96,-81,48,127,154,112
57,189,136,-117,-35,161,-130,-89,68,145,162,137
70,208,136,-128,-27,168,-112,-77,67,161,183,151
53,216,153,-159,-35,171,-108,-97,65,162,186,145
70,218,132,-160,-19,178,-116,-76,55,146,195,160
84,241,158,-161,-36,175,-136,-99,52,179,222,164
95,241,148,-176,-48,191,-118,-96,59,154,212,162
85,227,149,-158,-39,194,-126,-86,64,156,239,166
79,230,139,-165,-20,213,-117,-109,98,194,209,174
96,270,167,-163,-34,194,-132,-107,85,196,204,177
65,241,165,-181,-28,189,-117,-91,85,185,221,163
72,243,178,-166,-44,212,-127,-85,51,198,226,181
90,239,152,-154,-55,206,-138,-122,60,178,230,163
66,233,159,-166,-42,192,-140,-92,77,186,220,162
72,236,170,-158,-17,218,-115,-82,78,179,215,172
78,220,150,-157,-38,216,-112,-69,80,157,228,156
79,239,144,-166,-26,198,-162,-101,57,179,197,172
91,229,147,-158,-43,181,-110,-69,90,178,227,182
58,243,158,-154,-25,220,-124,-94,48,156,198,168
61,206,143,-135,-34,181,-102,-84,49,170,181,144
77,212,141,-156,-23,163,-145,-79,62,171,182,144
54,185,120,-161,-21,165,-105,-92,53,155,154,164
61,212,116,-137,-5,157,-100,-77,52,144,164,144
79,180,130,-115,-39,154,-98,-81,57,145,186,150
64,165,106,-147,-19,149,-101,-55,48,136,156,125
63,177,124,-98,-13,124,-119,-70,59,148,134,121
50,167,112,-110,-33,116,-70,-58,55,93,143,103
47,114,94,-108,2,107,-79,-61,25,97,105,105
63,130,69,-110,1,114,-49,-62,50,124,107,94
32,116,72,-76,-23,108,-54,-57,45,99,87,99
42,122,86,-69,-18,91,-52,-35,55,90,101,97
46,124,69,-64,-26,69,-83,-53,36,80,88,76
39,82,67,-63,-7,67,-54,-50,34,67,73,81
33,96,47,-58,-2,47,-39,-45,23,70,68,70
23,76,38,-51,-14,57,-52,-33,9,56,81,36
37,85,52,-63,-3,58,-27,-25,5,40,49,73
36,66,40,-51,-26,37,-50,-28,31,44,50,37
49,43,33,-24,-18,38,-13,-20,28,20,44,40
21,49,47,-21,-8,58,-32,-16,-17,28,30,43
47,41,42,-17,-5,59,-14,-26,-7,22,28,42
0,24,13,-17,-14,38,-18,-21,13,1,44,15
26,16,48,6,-18,17,-13,-5,4,11,24,23
0,1,33,-2,3,-4,-13,9,16,15,36,27
4,5,2,9,-5,6,3,15,-7,-2,-4,7
-1,3,-4,12,5,15,2,-31,3,-10,6,11
5,-4,11,3,-13,2,-18,-1,-9,-1,6,-12
8,-4,-2,17,3,10,-18,-4,-11,24,4,-9
5,-5,1,17,2,-7,9,30,8,2,-4,-9
-1,-22,-6,11,-3,-9,2,5,2,1,-11,-8
-3,-10,-25,35,10,-18,10,3,-3,8,-8,9
-30,-26,-6,16,17,0,20,0,-20,-10,-15,5
-2,-6,-30,37,6,-16,28,10,-5,-3,-27,-5
-2,-27,-18,16,0,-7,-9,10,-5,-18,-58,-22
-13,-53,-26,24,4,2,6,25,8,-31,-33,-20
-16,-21,-31,31,-11,-54,17,39,-9,-18,-40,-40
-19,-30,-38,33,-3,-55,35,22,-20,-5,-46,-16
-13,-61,-8,28,15,-45,26,14,-8,-45,-70,-35
-31,-59,-40,42,-5,-64,42,38,-33,-53,-37,-46
-35,-83,-65,31,12,-65,29,18,-21,-81,-54,-51
-38,-103,-60,62,3,-38,45,44,-60,-81,-81,-72
-24,-107,-84,80,32,-107,63,35,-30,-80,-109,-75
-47,-106,-92,71,5,-95,51,42,-39,-95,-115,-96
-69,-114,-72,85,26,-131,80,34,-45,-118,-119,-97
-45,-162,-104,96,5,-112,68,68,-46,-109,-130,-121
-60,-160,-107,127,47,-146,91,64,-46,-127,-159,-104
-69,-170,-141,105,37,-133,104,47,-72,-143,-160,-138
-78,-184,-122,128,27,-159,93,66,-69,-143,-174,-149
-66,-182,-145,135,43,-185,105,88,-64,-134,-167,-159
-55,-184,-147,126,41,-183,122,80,-85,-136,-174,-151
-58,-191,-127,119,23,-176,127,84,-51,-142,-186,-137
-56,-174,-128,121,5,-143,86,83,-68,-101,-149,-133
-69,-154,-90,102,22,-102,70,64,-22,-87,-111,-113
-22,-122,-48,55,17,-87,26,31,-11,-91,-93,-72
-16,-24,-38,55,-6,-31,16,21,-3,-32,-50,-57
-9,20,-7,-23,-8,7,9,-21,1,12,1,26
29,83,60,-59,-16,71,-26,-29,21,79,57,82
68,170,114,-116,-34,146,-99,-72,48,122,150,126
96,287,177,-188,-22,232,-147,-111,77,217,250,163
120,373,262,-274,-37,312,-189,-137,105,299,349,272
171,462,328,-320,-75,399,-275,-195,148,347,429,332
202,599,397,-394,-83,481,-324,-269,175,454,537,414
250,716,459,-489,-117,599,-400,-279,218,537,642,494
277,812,528,-564,-115,675,-459,-336,245,610,744,573
310,919,606,-615,-135,763,-506,-363,266,686,822,638
348,993,648,-681,-148,803,-539,-413,308,776,895,684
360,1056,690,-716,-173,869,-581,-425,309,790,960,760
384,1070,710,-771,-173,916,-587,-418,334,810,976,766
377,1083,736,-743,-174,901,-594,-431,353,815,997,776
367,1091,697,-722,-163,917,-589,-431,325,818,954,761
352,1051,691,-701,-158,862,-573,-421,326,794,944,744
335,976,623,-691,-177,816,-567,-406,289,751,872,687
324,883,602,-594,-126,744,-477,-341,267,678,827,624
290,797,503,-534,-116,659,-426,-314,264,607,713,545
221,658,425,-458,-83,561,-354,-294,208,488,596,461
204,564,344,-388,-75,448,-309,-235,182,421,504,386
128,440,276,-294,-70,346,-263,-186,126,327,408,317
110,334,225,-224,-39,277,-164,-143,102,237,279,213
81,217,134,-137,-25,157,-94,-96,32,144,187,125
26,91,56,-84,3,77,-52,-31,49,82,104,66
0,-2,-9,-18,-7,9,-6,2,-12,8,5,14
-46,-57,-72,49,16,-77,57,48,-16,-56,-53,-57
-68,-145,-75,114,11,-110,51,65,-37,-99,-122,-72
-76,-178,-113,147,23,-158,81,59,-54,-145,-160,-129
-64,-232,-125,158,33,-180,117,86,-80,-161,-206,-153
-89,-263,-164,170,32,-203,109,141,-80,-181,-227,-164
-112,-275,-198,192,41,-236,147,88,-81,-205,-244,-205
-106,-263,-171,170,42,-223,167,123,-100,-193,-223,-195
-103,-268,-196,178,55,-257,143,96,-82,-197,-232,-189
-96,-282,-157,172,31,-202,128,111,-93,-190,-236,-174
-57,-262,-151,181,27,-205,136,108,-62,-171,-202,-155
-94,-217,-124,153,20,-186,116,72,-31,-165,-197,-148
-68,-196,-101,136,37,-165,145,71,-55,-145,-187,-128
-36,-178,-128,125,27,-139,94,48,-34,-127,-141,-115
-35,-149,-106,87,41,-126,74,63,-33,-87,-119,-105
-43,-129,-80,96,4,-112,57,37,-43,-90,-115,-77
-26,-111,-42,65,23,-95,56,28,-32,-60,-96,-77
-37,-90,-52,61,-25,-61,55,34,-26,-64,-77,-48
-26,-60,-64,57,-6,-60,35,25,-9,-37,-56,-42
-31,-46,-34,34,18,-50,30,31,-17,-36,-38,-29
-29,-21,-21,52,18,-44,24,21,-16,-49,-47,-43
-7,-18,-27,24,13,-44,20,13,-16,-29,-34,-6
-34,-31,-24,23,-17,-30,10,2,-10,-22,-28,-10
-2,-30,9,14,-12,-32,-14,15,15,-12,-28,-15
-3,-2,3,16,5,-16,-10,25,1,-18,-8,-9
-8,-7,9,-8,-10,-2,-16,0,-25,12,3,12
-2,10,20,-25,20,2,-8,1,17,-27,-2,2
2,17,14,7,-29,-2,-10,1,5,-1,-14,3
0,5,-19,-10,-6,16,3,-2,-2,25,-12,1
-3,2,-3,14,-1,-1,15,-27,12,9,20,-16
23,-6,-1,-8,-37,15,-16,14,15,27,11,-15
9,9,17,0,13,15,0,-4,0,13,13,3
9,8,-2,0,-1,11,-9,-4,-9,-1,4,-4
8,4,-10,-42,-10,2,-18,-22,29,12,11,29
17,36,27,-25,-7,24,4,-33,-16,15,12,3
-14,17,31,-13,-9,18,-19,-8,1,12,29,18
3,34,8,-32,-14,23,-31,-5,4,11,8,35
35,36,18,-12,17,22,-19,-9,19,11,30,6
14,11,19,-12,-20,46,-22,-17,6,21,46,19
27,71,8,-20,9,40,-9,-18,24,22,41,24
4,50,11,-56,-7,12,6,-12,34,49,24,28
3,53,28,-35,-6,51,-16,-34,11,36,47,42
8,55,52,-44,8,17,-43,-12,13,33,67,37
-6,63,27,-36,-6,41,-22,6,24,50,60,52
8,68,45,-43,0,75,-56,-15,36,61,25,35
14,61,48,-52,-32,69,0,-23,19,63,61,43
35,58,35,-55,-4,70,-36,-27,27,54,66,52
27,82,35,-81,-33,45,-37,-16,13,70,65,60
51,75,32,-58,-16,70,-39,-40,23,87,44,78
29,98,81,-58,-24,85,-56,-25,21,74,92,72
30,104,57,-76,-32,85,-87,-50,35,60,91,59
35,112,80,-99,-29,71,-53,-50,5,90,115,66
30,112,63,-71,-14,95,-62,-64,45,78,83,85
46,137,97,-74,-27,88,-79,-70,35,79,97,79
26,124,96,-91,-31,121,-90,-41,44,115,121,102
35,125,91,-71,-13,113,-86,-63,42,99,101,116
40,133,98,-89,-28,134,-97,-45,44,106,143,92
43,154,105,-115,-22,130,-75,-73,35,106,161,107
47,151,93,-100,-16,136,-100,-75,30,154,157,134
76,180,116,-122,-19,139,-88,-91,37,126,174,123
57,197,120,-125,-16,142,-110,-77,58,145,171,132
62,211,134,-154,-27,172,-125,-87,53,139,159,134
57,219,123,-120,-23,174,-100,-84,56,165,193,127
82,205,132,-155,-35,176,-118,-81,75,160,190,140
68,215,155,-144,-39,173,-126,-76,71,166,212,162
86,232,174,-167,-48,177,-108,-100,63,159,180,189
74,236,146,-163,-54,205,-130,-108,89,170,217,170
89,240,150,-181,-39,212,-136,-103,73,192,234,187
98,257,163,-173,-26,212,-129,-99,64,213,248,206
126,282,184,-169,-53,218,-133,-115,94,179,254,207
123,267,201,-189,-68,218,-172,-103,59,213,221,190
109,299,185,-198,-31,232,-149,-153,103,228,248,188
105,311,179,-203,-44,243,-138,-104,78,228,280,192
106,327,196,-199,-50,276,-167,-138,94,226,286,229
108,329,203,-220,-43,277,-189,-147,101,248,288,199
106,336,223,-227,-42,270,-187,-139,105,228,324,241
120,353,212,-242,-55,292,-198,-144,108,245,312,256
116,357,206,-240,-55,282,-187,-152,110,261,301,250
125,353,231,-229,-68,303,-234,-141,105,268,323,256
127,399,255,-244,-59,294,-198,-134,147,292,341,261
120,375,240,-256,-40,313,-216,-146,93,273,322,260
144,388,268,-258,-54,329,-217,-159,108,288,341,269
126,389,239,-268,-71,350,-213,-154,102,279,335,285
153,392,243,-256,-69,322,-219,-151,118,296,371,265
130,393,272,-285,-51,321,-229,-155,117,312,379,271
134,439,270,-271,-59,355,-229,-168,106,316,374,287
133,404,280,-286,-50,345,-239,-191,128,313,381,294
159,427,269,-271,-69,361,-239,-163,118,319,378,300
147,437,278,-299,-58,352,-236,-179,129,313,376,312
161,434,272,-291,-93,388,-245,-156,150,323,373,293
155,442,272,-307,-65,357,-232,-173,124,335,377,289
171,435,302,-286,-69,363,-263,-182,117,335,393,311
145,433,296,-305,-58,366,-233,-180,134,305,387,304
151,420,278,-322,-85,364,-246,-179,135,325,368,305
139,441,274,-307,-61,391,-248,-169,137,329,409,309
144,435,288,-311,-72,392,-222,-197,141,342,395,318
185,445,262,-313,-82,380,-248,-164,140,319,387,321
162,432,272,-305,-61,346,-233,-175,119,343,411,332
154,461,281,-281,-45,371,-256,-179,133,352,398,298
148,428,268,-292,-77,389,-249,-168,144,315,400,302
161,421,254,-286,-67,350,-242,-178,149,319,379,298
158,422,286,-294,-59,342,-248,-154,144,318,399,314
159,430,258,-308,-59,340,-244,-178,117,312,373,303
143,427,283,-273,-38,349,-225,-185,103,321,390,306
172,407,288,-267,-63,339,-249,-178,117,326,371,297
151,425,239,-263,-68,329,-229,-179,108,311,370,258
137,407,255,-249,-48,338,-220,-171,115,316,354,272
150,388,246,-284,-63,335,-222,-146,110,292,364,279
125,402,244,-274,-47,329,-225,-141,100,297,354,315
138,383,245,-270,-53,299,-221,-146,97,284,347,275
126,384,256,-236,-34,332,-213,-144,99,277,337,247
143,368,226,-235,-51,308,-212,-150,123,271,330,263
137,349,227,-240,-64,292,-195,-135,97,281,321,263
106,328,205,-243,-46,294,-205,-118,110,238,334,222
125,318,194,-247,-53,293,-213,-149,106,258,317,245
91,311,204,-212,-75,262,-161,-144,92,236,297,234
117,323,199,-211,-39,263,-161,-113,95,256,292,220
115,338,213,-215,-86,277,-180,-126,95,230,272,217
117,307,186,-185,-55,272,-158,-117,97,231,279,201
101,280,182,-181,-48,245,-168,-121,71,212,263,190
88,278,189,-203,-40,223,-146,-122,86,212,240,202
78,261,170,-177,-41,229,-135,-100,89,187,254,203
78,262,166,-184,-34,198,-147,-103,79,221,243,164
81,272,166,-139,-32,219,-130,-113,101,198,226,177
92,227,150,-153,-36,195,-137,-111,53,176,212,170
91,231,155,-155,-25,168,-140,-104,107,191,198,146
64,228,154,-145,-22,210,-130,-61,61,170,207,173
55,199,164,-160,-44,187,-121,-105,46,190,187,142
77,207,131,-143,-24,144,-132,-80,90,173,160,119
74,184,91,-132,-20,161,-95,-88,54,154,165,128
59,187,108,-117,-26,155,-98,-86,42,147,150,160
58,175,106,-135,11,137,-115,-67,56,115,171,110
48,168,93,-95,-23,130,-82,-65,57,114,171,116
52,158,90,-105,-7,128,-78,-53,46,111,131,119
55,129,73,-99,-28,115,-76,-62,75,114,122,80
44,147,84,-92,-1,127,-62,-47,59,120,104,123
44,113,92,-109,-41,118,-57,-32,39,107,119,80
60,106,82,-76,-8,103,-68,-41,26,91,97,82
32,117,81,-96,-28,91,-36,-58,19,60,99,84
37,86,42,-48,-17,78,-56,-52,36,68,98,88
37,103,64,-53,-18,72,-71,-39,36,73,93,69
35,95,34,-75,-10,80,-56,-25,28,80,73,88
65,83,44,-49,-13,86,-69,-26,21,71,96,67
29,69,34,-34,-27,77,-29,-29,19,54,63,57
13,79,45,-51,-17,54,-13,-36,26,74,64,55
-11,46,46,-41,-2,64,-45,-19,15,50,76,60
32,58,43,-58,2,61,-17,-9,16,60,60,45
9,65,35,-40,-14,48,-35,-30,15,34,31,19
21,52,44,-36,10,50,-14,-25,18,34,41,40
24,45,20,-42,-12,22,-42,-20,29,43,51,36
13,48,22,-7,1,37,-24,-30,4,25,50,32
-7,64,37,-18,18,26,-13,-29,31,22,19,44
31,19,15,-12,-13,25,-13,-20,-15,26,36,16
10,13,24,-19,-19,39,-20,-2,12,22,31,22
-6,19,28,-1,3,28,-7,0,21,28,4,20
2,10,18,-20,12,49,-4,-4,3,33,48,30
39,33,3,-27,1,34,-20,-1,-4,7,47,6
29,26,34,-21,-2,33,-7,1,29,9,31,3
7,45,-2,-8,15,4,-5,-19,-5,10,-7,1
23,18,12,-20,-2,19,0,-17,21,29,35,12
8,23,14,-15,-11,14,-11,-5,2,-1,7,25
14,1,-8,22,-2,1,3,-27,-6,-2,2,17
18,20,-4,-17,-21,10,-15,-14,11,19,15,7
0,-1,1,19,-18,-5,1,12,3,1,6,3
9,15,-14,-11,-5,9,20,-11,3,8,6,-5
0,17,-13,6,-11,-15,6,-5,-22,-10,13,-10
19,-8,20,-3,-2,19,-5,10,-3,4,16,13
7,12,29,-14,3,-5,4,9,0,-1,12,-4
4,14,-18,-12,12,-1,-8,-3,-8,-11,-11,-13
4,1,19,2,22,-3,6,9,4,11,17,-10
6,9,3,-12,4,1,1,1,-9,-18,-7,4
7,-6,-2,18,-16,-12,-27,0,-4,-21,25,24
-4,20,13,-11,-35,-16,12,-4,-16,-19,-9,-1
0,10,29,-1,-31,7,-7,-4,-3,2,6,-15
-1,13,7,17,-12,-24,-2,11,-11,2,-17,21
-23,12,-4,1,-12,-11,18,7,14,-10,7,2
-10,-37,0,9,4,-2,-21,-13,4,12,5,-17
-14,3,9,9,-6,-19,-3,-10,-9,6,-14,-4
-9,-25,4,-5,-2,-5,7,0,0,27,1,1
13,-16,-3,18,4,9,10,18,-7,1,12,-17
-6,11,-18,12,10,3,26,3,1,-9,-30,-4
-10,-1,13,-12,6,-6,-25,11,-4,2,-10,-21
-5,-14,26,1,-16,19,8,10,-5,-16,-7,2
16,-18,-4,1,-4,-10,20,9,3,-2,-26,17
-27,-14,0,-13,-14,-2,-9,6,6,5,5,-14
4,10,-24,1,19,-18,12,8,3,14,8,9
-1,-23,4,-15,-4,12,3,-9,12,8,11,-5
-30,1,-16,5,1,3,2,-1,-11,-27,-10,-12
0,-13,6,12,-15,-13,-22,16,10,2,6,-13
-9,-16,15,4,-5,4,5,-13,-13,9,14,-11
6,-7,-1,10,-3,-8,-7,-4,-5,-8,19,19
11,15,-3,12,0,26,10,-10,-35,-4,19,-7
3,-2,-12,2,7,-1,-12,11,17,10,-2,-21
12,-3,14,-5,-7,4,-3,6,-7,10,-10,29
5,7,11,6,-5,0,20,6,2,-27,3,2
-7,-5,-5,4,-19,13,1,7,3,4,5,4
-13,-10,-3,28,18,-15,6,1,4,4,17,10
15,2,23,2,4,-3,-7,-7,21,-4,-2,5
6,0,5,7,-10,4,-21,15,1,2,-4,-1
16,3,25,15,-18,-17,-8,8,-3,11,3,20
-7,-27,3,11,12,15,1,15,-22,-18,22,20
8,-1,10,6,-17,5,-12,14,-1,13,27,5
-4,-25,-11,-16,-7,7,-9,-4,2,5,15,8
21,-7,1,-5,-14,14,2,-14,13,25,10,0
5,-10,10,-31,-2,2,-23,-2,-21,-2,1,20
8,4,13,3,-9,-6,6,9,18,8,-27,11
1,8,2,-4,6,5,10,-8,-22,9,10,0
24,6,-10,12,13,8,-3,4,1,15,2,13
6,10,17,-10,18,3,-9,-5,13,2,16,1
-21,27,6,-11,10,15,6,-17,14,6,9,9
3,14,-7,0,-21,-7,-13,-14,-25,1,8,4
4,10,-3,2,12,9,-14,3,12,26,1,5
2,9,18,-13,14,3,13,-3,0,36,3,-11
10,3,10,-34,4,17,6,-8,16,11,-2,24
-8,17,6,-5,-1,-4,22,-6,-12,4,4,6
-13,-13,0,-25,-16,-16,-12,-5,-10,11,-8,4
-9,11,9,11,2,-20,12,3,-5,1,16,-6
-8,2,-2,-1,-10,18,-13,-14,14,22,16,8
21,11,10,-24,1,19,-7,-2,17,-6,3,-3
-2,14,6,-27,-6,30,-13,2,5,7,-2,-2
-17,18,5,-8,-25,23,-13,-8,4,7,-10,-3
8,11,19,-7,10,12,-3,6,5,4,14,22
15,13,14,-21,6,1,-12,-26,1,10,31,15
12,7,-1,-16,-10,25,-9,11,12,19,3,17
1,9,2,-24,16,3,-22,6,-4,6,12,2
3,14,16,-16,2,13,11,-7,-11,0,25,39
-3,29,15,-28,-9,13,7,1,-15,29,32,24
25,27,18,-18,-3,9,-19,-13,14,39,5,6
-3,38,12,-27,-28,34,-39,-37,8,45,33,31
24,22,3,-15,4,29,-32,-35,22,23,20,25
25,15,21,-20,-23,38,-20,-16,9,-3,43,35
15,51,31,-15,-7,39,-8,-18,9,36,19,25
15,45,34,-36,-43,18,-32,-22,23,39,52,25
16,38,59,-55,-19,49,-29,-5,27,34,38,47
15,56,37,-32,5,34,-30,-25,17,28,67,31
25,70,46,-71,2,54,-27,-37,28,37,53,52
28,74,54,-41,3,44,-13,-35,-5,40,80,47
38,78,41,-48,-9,56,-38,-38,21,52,60,65
42,93,30,-78,-11,87,-28,-45,34,61,87,60
23,101,74,-36,-28,60,-41,-34,28,74,65,62
27,85,36,-72,-3,69,-46,-55,18,71,89,90
47,93,64,-63,-16,94,-74,-24,21,60,83,105
35,130,60,-68,-10,77,-63,-38,43,86,79,78
22,134,71,-91,-35,108,-74,-47,35,85,101,98
62,108,99,-94,-22,106,-82,-60,55,94,118,110
62,163,89,-82,-21,132,-78,-67,48,124,137,109
29,155,85,-123,-16,138,-101,-68,49,108,138,79
62,178,108,-111,-42,119,-76,-76,55,134,178,107
60,170,99,-112,-46,149,-94,-84,55,125,153,137
62,156,101,-110,-34,131,-106,-71,76,121,165,135
78,193,157,-116,-24,156,-120,-68,75,144,164,119
65,199,117,-152,-55,175,-136,-86,75,146,191,154
73,231,137,-173,-53,176,-130,-81,74,141,215,171
77,216,141,-156,-22,170,-129,-93,73,187,218,156
86,214,190,-161,-43,194,-124,-84,77,183,210,167
82,242,145,-178,-18,205,-135,-81,79,173,220,182
70,255,170,-175,-29,211,-154,-112,81,200,218,191
80,246,183,-167,-50,194,-139,-91,70,174,243,185
113,273,168,-176,-40,230,-156,-94,73,212,254,184
95,280,166,-182,-35,216,-138,-117,62,206,228,205
99,287,188,-210,-44,233,-167,-121,97,218,241,195
110,283,170,-193,-53,264,-156,-129,92,216,263,195
115,285,191,-207,-44,236,-143,-110,86,234,265,197
95,295,190,-210,-32,243,-185,-114,97,219,271,203
82,294,169,-188,-41,233,-165,-117,102,231,272,205
111,291,174,-209,-45,245,-197,-132,101,239,282,207
79,309,206,-189,-44,245,-186,-113,110,241,264,206
100,306,203,-193,-53,257,-180,-123,108,236,277,217
127,328,192,-196,-39,251,-173,-128,97,237,264,223
120,304,189,-209,-47,242,-156,-118,102,215,267,211
105,272,194,-214,-34,234,-168,-141,73,206,272,215
97,280,187,-207,-50,242,-166,-114,74,211,270,173
102,304,186,-201,-52,229,-164,-120,88,218,276,188
86,291,163,-187,-64,244,-160,-97,96,204,268,188
96,269,186,-168,-45,241,-142,-119,82,213,233,180
87,275,157,-202,-42,218,-131,-134,89,204,244,171
95,272,152,-172,-42,194,-144,-99,80,190,210,186
98,241,151,-176,-46,210,-135,-123,73,180,222,165
89,239,152,-151,-18,209,-125,-82,96,174,204,161
85,219,148,-144,-37,197,-126,-78,86,185,203,181
77,253,136,-152,-42,163,-121,-95,70,175,204,178
69,202,132,-165,-10,196,-117,-106,54,165,169,146
59,193,131,-142,-40,182,-108,-89,82,145,177,153
65,208,140,-150,-27,180,-105,-74,40,151,172,136
48,171,123,-128,-26,154,-93,-83,31,135,167,112
62,203,102,-91,-52,121,-82,-65,69,124,156,117
52,149,112,-120,-20,147,-93,-59,38,153,133,123
45,165,92,-102,-11,112,-55,-69,59,122,160,138
65,136,94,-87,-10,142,-111,-61,48,98,124,120
64,142,89,-77,-22,124,-91,-40,55,106,101,99
25,121,85,-77,-19,86,-63,-35,27,68,127,111
25,123,63,-84,-16,104,-58,-46,36,92,102,84
45,110,68,-67,-13,98,-64,-30,39,69,108,100
44,100,60,-66,6,66,-53,-44,36,57,74,77
25,93,69,-62,6,98,-73,-47,15,108,71,56
51,84,37,-66,-15,69,-59,-55,14,75,77,63
47,100,52,-77,-1,75,-62,-23,53,56,72,52
30,74,47,-52,-4,52,-42,-51,26,67,60,59
29,65,48,-50,-1,48,-59,-47,19,63,69,62
35,75,28,-30,-6,30,-54,-21,7,45,45,43
8,42,34,-45,-9,71,-1,-21,20,53,48,53
36,79,41,-51,-26,50,-13,-52,21,41,44,58
13,56,35,-68,20,47,-35,-44,12,48,76,38
19,62,50,-49,2,61,-14,-35,24,50,27,37
20,55,43,-43,-8,38,-26,-14,2,44,27,15
34,28,20,-19,-24,38,-11,-3,34,35,49,23
-7,37,15,-33,-7,12,-19,5,-3,24,51,23
25,28,28,-15,14,41,-23,-19,8,31,60,11
16,19,26,-4,13,29,5,-18,-3,7,5,34
0,16,22,-12,9,6,-4,-13,13,9,26,9
0,1,-21,-21,4,-10,8,16,6,10,30,9
13,-38,12,-11,7,-10,16,5,-21,11,10,2
-16,1,-23,8,10,-27,0,19,-3,-18,-14,2
-31,-24,-8,10,-4,-21,21,10,-8,-14,-6,-28
-23,-54,-36,42,7,-22,25,34,-5,-32,-39,-32
-24,-61,-43,34,20,-14,20,40,-18,-39,-59,-34
-23,-61,-56,65,4,-61,29,42,-4,-51,-64,-48
-25,-74,-54,70,15,-70,25,16,-17,-67,-70,-49
-14,-98,-36,85,32,-100,53,57,-24,-64,-103,-76
-13,-128,-58,68,4,-83,71,55,-38,-59,-94,-95
-57,-102,-72,81,16,-133,52,57,-67,-66,-130,-89
-50,-110,-67,84,20,-103,58,67,-27,-118,-129,-100
-51,-168,-72,88,18,-119,94,57,-42,-109,-137,-86
-63,-161,-104,71,10,-113,82,50,-41,-104,-128,-77
-42,-146,-84,93,31,-121,91,56,-42,-110,-112,-114
-32,-127,-83,80,27,-90,72,48,-40,-77,-109,-89
-39,-98,-42,47,16,-77,42,46,-20,-58,-82,-62
-22,-30,-24,51,-2,-56,28,13,-20,-39,-16,-25
-3,-5,19,-2,29,-1,2,1,-4,-3,-17,4
19,76,36,-45,-24,62,-40,-12,22,67,67,56
62,128,94,-98,-17,129,-68,-55,48,136,134,126
64,223,173,-134,-40,207,-140,-117,81,189,220,150
126,330,222,-247,-41,298,-177,-134,100,245,311,216
150,458,282,-326,-57,364,-242,-181,112,337,405,296
183,572,351,-365,-52,464,-320,-235,173,410,501,378
243,666,427,-436,-103,538,-368,-270,191,506,589,477
257,783,491,-517,-134,658,-447,-316,231,584,692,543
298,881,592,-590,-112,733,-465,-353,285,642,788,605
342,966,639,-677,-192,799,-519,-394,290,723,874,687
351,1048,676,-733,-171,856,-573,-442,311,792,956,733
387,1107,736,-771,-174,903,-600,-435,330,844,997,775
409,1141,750,-779,-163,963,-635,-483,313,857,1040,794
397,1152,743,-773,-184,937,-632,-466,354,870,1025,813
396,1118,741,-745,-157,917,-595,-450,345,847,1017,791
380,1077,724,-752,-147,904,-593,-422,323,831,985,766
355,979,655,-677,-150,830,-560,-408,318,757,923,716
337,915,585,-621,-161,770,-493,-361,287,686,823,653
274,831,512,-554,-129,679,-465,-325,269,617,733,562
223,687,439,-468,-100,552,-386,-269,192,518,631,509
220,576,374,-403,-92,474,-321,-231,169,450,517,390
147,465,285,-325,-72,367,-257,-178,137,332,396,335
101,337,218,-202,-20,296,-193,-120,121,255,282,212
85,235,138,-141,-34,211,-121,-108,69,176,205,142
42,128,68,-92,-3,90,-56,-70,50,73,81,93
16,43,38,-19,0,22,-25,-7,-26,31,14,40
4,-27,-22,34,-1,-45,36,42,-22,-7,-45,-33
-15,-89,-53,76,-15,-79,41,18,-47,-102,-98,-79
-26,-143,-103,91,14,-111,67,77,-52,-106,-121,-83
-74,-165,-116,107,45,-154,90,77,-41,-151,-169,-111
-65,-206,-126,130,43,-153,112,87,-58,-143,-170,-134
-58,-208,-145,139,44,-162,101,84,-83,-142,-198,-131
-85,-213,-142,143,31,-162,121,95,-61,-160,-179,-150
-72,-204,-135,137,8,-161,98,74,-75,-146,-182,-139
-69,-162,-128,115,45,-143,115,61,-64,-132,-157,-127
-52,-171,-111,110,11,-120,65,55,-46,-112,-135,-123
-20,-130,-93,81,29,-129,82,67,-43,-87,-126,-138
-34,-116,-82,58,6,-91,63,38,-29,-97,-84,-75
-14,-63,-42,54,0,-72,63,64,-26,-56,-85,-59
-9,-64,-53,61,15,-69,23,14,-35,-47,-72,-41
-16,-53,-45,31,0,-45,-2,-8,-24,-21,-39,-45
-12,-28,-22,15,23,-2,8,21,-9,4,-9,0
5,-7,-23,9,-7,6,-2,9,0,-17,1,-19
-3,24,-8,4,-12,25,5,2,11,11,6,5
3,23,20,-6,7,26,-27,-11,28,12,39,5
41,35,25,3,-8,40,4,-39,4,26,36,34
26,29,5,-14,-5,34,-39,-8,14,28,34,20
9,41,10,-22,-8,43,-60,-16,12,44,26,35
27,41,-5,-44,6,49,-13,-1,25,50,22,32
57,70,27,-27,3,59,-17,-9,24,32,63,33
39,57,21,-43,-10,50,-14,-28,32,44,42,46
22,73,52,-36,6,65,-32,-10,35,58,64,65
21,45,47,-36,-2,47,-23,-26,32,56,38,73
20,82,52,-58,-4,42,-53,2,41,53,79,47
23,69,52,-53,-6,75,-32,-43,25,69,78,47
33,94,55,-55,-21,58,-63,-25,17,74,94,76
30,78,31,-66,-16,61,-57,-39,4,48,69,65
26,83,44,-60,-25,60,-56,-21,31,46,65,75
32,99,53,-49,-5,80,-26,-29,40,55,73,41
34,96,44,-53,-16,53,-38,-29,15,71,79,67
22,73,65,-61,-15,77,-54,-19,43,55,79,45
24,94,73,-58,-29,81,-42,-25,40,69,93,62
36,122,62,-74,-14,88,-58,-23,28,87,90,54
50,108,68,-64,-20,77,-82,-54,34,81,96,75
42,119,79,-76,-9,80,-68,-45,43,67,84,80
53,120,96,-83,-26,100,-65,-71,29,86,94,68
27,95,87,-72,-20,104,-67,-31,36,97,98,70
36,123,68,-84,-29,102,-63,-52,18,92,99,88
56,129,64,-94,-27,110,-85,-47,41,61,87,72
37,147,54,-90,-23,112,-79,-49,53,86,111,93
45,123,106,-98,-6,126,-88,-58,60,108,118,87
57,125,96,-109,-22,119,-75,-68,48,104,119,81
61,162,97,-105,-38,125,-71,-47,54,107,132,111
58,140,94,-109,-38,133,-91,-57,35,115,158,92
23,181,115,-84,-32,126,-104,-74,47,136,180,111
48,177,110,-117,-21,126,-109,-79,36,130,157,118
57,163,116,-136,-30,152,-95,-97,47,129,151,142
83,175,139,-114,-32,164,-115,-63,53,146,175,126
62,196,111,-129,-40,156,-95,-72,82,134,177,141
95,202,126,-154,-29,161,-125,-72,58,157,175,145
78,209,145,-164,-51,188,-121,-81,58,143,167,145
86,211,134,-158,-35,175,-112,-87,81,173,191,172
81,232,138,-156,-16,186,-127,-110,68,188,178,153
94,211,154,-174,-59,200,-142,-103,67,155,192,165
81,262,146,-175,-54,188,-135,-95,73,191,228,170
93,257,156,-160,-50,218,-136,-96,85,173,234,180
112,256,174,-179,-32,229,-148,-123,84,211,226,190
95,281,174,-178,-34,218,-139,-105,87,190,249,174
96,281,195,-191,-50,227,-163,-96,77,225,253,202
103,276,185,-207,-53,253,-134,-127,81,237,255,205
114,307,217,-194,-43,249,-182,-134,103,241,288,201
122,304,210,-222,-14,256,-183,-131,100,222,276,213
123,328,200,-222,-50,279,-177,-150,97,244,284,225
121,320,195,-236,-53,278,-179,-142,81,250,302,240
137,340,220,-246,-61,287,-199,-149,111,244,300,225
106,326,239,-256,-62,301,-204,-132,115,257,320,251
118,376,238,-246,-65,277,-217,-122,82,258,340,267
124,358,252,-248,-49,291,-192,-155,131,301,351,262
135,392,218,-266,-59,312,-210,-148,113,273,346,266
135,379,261,-261,-75,340,-206,-149,129,295,343,269
142,411,233,-263,-53,330,-232,-149,143,299,349,292
114,398,257,-263,-45,337,-234,-147,94,315,382,266
146,419,277,-273,-68,352,-217,-174,135,329,382,319
148,425,287,-292,-55,344,-227,-162,122,317,369,314
160,433,287,-292,-66,360,-242,-175,122,316,397,315
128,456,281,-293,-75,390,-238,-199,142,346,397,321
150,461,295,-286,-81,376,-236,-162,142,331,391,304
166,446,278,-302,-48,361,-255,-181,120,355,405,318
148,452,312,-285,-54,389,-228,-193,160,345,409,329
148,454,318,-303,-75,370,-242,-184,114,369,426,320
181,457,298,-324,-75,395,-253,-188,144,360,439,332
180,482,313,-331,-88,387,-254,-199,137,355,436,342
168,477,301,-313,-63,410,-245,-215,171,376,438,343
178,473,302,-290,-87,412,-268,-201,149,358,436,320
154,464,297,-325,-82,394,-259,-200,129,358,422,337
175,494,301,-349,-65,378,-274,-188,129,388,439,329
166,473,312,-316,-69,404,-262,-205,138,345,423,347
181,472,315,-318,-94,390,-247,-211,144,346,439,331
162,470,326,-329,-72,405,-247,-196,148,347,453,359
183,497,307,-331,-83,401,-263,-212,139,372,430,330
170,500,312,-332,-90,384,-280,-219,146,365,425,344
185,465,305,-312,-70,385,-234,-186,146,345,451,320
165,478,299,-344,-66,395,-274,-201,150,351,412,342
156,472,315,-319,-78,386,-264,-179,136,352,428,329
177,483,315,-295,-67,386,-246,-177,153,354,425,322
172,460,296,-298,-56,383,-257,-181,131,351,405,320
166,461,293,-317,-41,386,-249,-194,156,355,419,339
148,434,298,-301,-55,398,-233,-168,131,354,421,316
140,445,298,-311,-67,377,-252,-194,135,350,388,315
164,428,285,-295,-63,372,-222,-172,140,332,414,320
152,430,280,-295,-67,346,-247,-170,146,328,404,301
150,441,286,-300,-62,364,-229,-171,115,315,394,313
148,443,274,-253,-72,349,-243,-173,109,310,377,287
145,421,250,-281,-74,327,-234,-156,140,306,384,293
149,387,269,-255,-59,317,-217,-175,138,316,364,293
129,382,236,-250,-64,312,-196,-162,129,306,361,274
150,394,226,-277,-75,309,-192,-143,113,311,345,261
137,391,261,-278,-60,303,-219,-154,85,289,344,249
122,371,251,-257,-49,303,-184,-141,108,247,321,252
115,358,258,-237,-68,286,-190,-146,107,243,326,248
137,313,232,-217,-69,293,-186,-146,97,259,333,269
116,334,196,-214,-53,280,-177,-130,91,261,299,259
124,330,218,-199,-53,264,-170,-125,118,242,293,223
111,295,209,-209,-59,252,-179,-107,95,240,297,217
128,322,183,-209,-58,252,-160,-97,102,212,263,205
117,289,210,-192,-27,237,-160,-108,78,201,268,197
87,293,194,-197,-40,227,-169,-107,86,208,252,206
114,291,169,-188,-50,230,-176,-112,75,196,245,193
96,260,173,-186,-33,205,-152,-94,102,200,237,185
95,253,181,-187,-23,214,-119,-117,90,193,222,151
86,228,160,-172,-15,193,-144,-104,74,192,230,209
90,241,160,-161,-28,194,-132,-92,85,187,234,153
77,213,144,-143,-16,171,-119,-93,67,187,180,148
92,195,130,-162,-27,164,-125,-75,103,153,206,155
56,208,137,-138,-35,163,-115,-57,53,150,194,154
74,170,131,-141,-13,164,-97,-89,50,129,180,119
70,166,112,-118,-16,159,-118,-52,49,130,189,134
38,183,102,-103,-20,148,-89,-63,48,141,157,119
61,177,108,-119,-37,126,-88,-54,62,125,174,97
48,152,102,-90,-42,137,-60,-75,35,127,147,121
51,172,102,-87,-27,116,-89,-64,45,103,158,106
73,132,81,-101,-20,98,-88,-49,20,102,131,88
55,137,83,-113,-46,115,-73,-49,39,84,144,94
43,137,84,-74,16,99,-68,-75,55,107,101,91
18,132,71,-84,-32,88,-72,-56,63,86,126,92
47,126,58,-75,-2,65,-89,-28,33,88,93,80
52,76,76,-82,-17,104,-64,-53,30,91,117,79
32,100,89,-68,-6,80,-51,-48,38,83,121,61
38,89,75,-82,-19,82,-46,-58,27,67,96,77
30,92,71,-78,-8,90,-43,-39,25,81,78,63
44,80,71,-62,-1,79,-50,-37,6,74,69,70
26,83,85,-60,-23,76,-44,-19,29,76,83,70
28,79,46,-69,0,67,-44,-20,28,60,78,45
25,55,55,-50,-17,61,-35,-23,18,73,54,65
19,93,29,-54,-15,58,-28,-46,42,48,65,44
21,78,47,-51,6,72,-28,-19,23,60,72,70
30,37,57,-52,0,69,-37,-37,10,62,42,40
15,54,32,-45,-8,11,-26,-15,-13,51,45,31
21,71,31,-32,-12,70,-60,-31,31,51,51,19
22,60,37,-59,-33,43,-27,-45,24,50,59,43
-3,45,28,-61,0,32,-26,-34,7,37,41,31
10,40,43,-30,-8,46,-24,-30,20,53,43,29
-5,51,50,-27,-7,48,-28,-13,2,20,37,34
35,49,27,-31,14,47,-27,-14,22,42,36,22
23,32,35,-30,6,31,-43,-16,-1,30,48,56
-18,45,17,-28,-4,50,-23,-28,1,37,42,19
25,57,22,-41,1,30,-5,-13,4,27,41,27
15,40,34,-27,-17,52,-28,-14,12,47,30,32
27,48,43,-44,0,18,-20,-19,15,31,58,1
11,44,40,-41,-3,30,-9,-37,11,13,55,2
4,27,28,-14,-33,36,-17,-17,26,26,27,26
7,16,24,-27,4,28,-8,-16,1,16,18,17
10,43,18,-33,1,26,-26,7,15,8,36,23
29,24,16,-26,-18,18,-10,-13,10,17,37,47
6,53,27,-23,-4,51,-28,-9,18,26,42,10
12,18,23,-27,-2,19,-38,-47,11,16,21,44
2,20,17,-19,-22,9,-3,3,6,31,33,14
-4,39,11,-35,-1,18,-6,-9,13,12,37,22
12,37,9,-36,-20,40,-22,-14,14,21,33,25
18,58,7,-15,-5,19,-8,-13,-5,13,49,33
28,44,37,-23,-11,43,-17,-42,-10,-2,21,3
40,40,30,-25,-1,25,-42,-38,8,23,31,18
6,26,36,-20,-19,25,-54,-6,18,29,41,7
13,41,23,-17,-10,24,-7,-4,12,38,19,40
0,60,21,-28,-40,33,-32,-14,1,21,23,22
9,56,9,-20,-14,37,-7,3,12,17,36,21
10,37,21,-10,1,8,-26,5,33,43,29,14
15,14,31,-17,12,24,-16,-30,6,26,69,30
-8,48,25,-33,-9,45,-2,-28,6,23,36,8
-8,37,24,-33,12,32,-19,6,-1,15,41,12
-6,24,9,-37,-7,29,-15,0,27,6,18,45
38,48,31,-32,-36,39,-20,-23,16,18,21,12
9,56,24,-24,-20,-1,-19,-6,10,23,21,23
14,22,-13,-10,-23,36,-2,-10,26,6,37,38
-3,60,25,-27,4,13,-19,-23,20,48,15,15
10,42,25,-31,-9,42,-28,-12,-2,26,34,23
-5,50,27,-28,-4,16,-11,-21,12,26,19,40
-3,26,35,-49,7,41,-28,-10,22,25,46,40
0,39,12,-60,-1,28,-16,-18,11,25,47,28
10,26,30,-27,-21,39,-30,-18,11,29,42,49
4,48,33,-38,-13,28,-26,-37,29,10,31,26
-3,52,19,-27,0,14,-33,-21,9,13,45,42
17,46,24,-33,-3,39,-35,-24,12,28,37,16
6,44,35,-19,-8,20,-47,5,37,19,40,29
15,47,25,-37,-3,24,-29,-34,24,26,23,21
21,49,35,-55,3,43,-20,-11,4,34,44,30
26,51,19,-20,19,44,-28,-37,25,21,34,27
13,37,24,-29,-18,37,-30,-5,35,41,38,29
2,45,12,-53,5,33,-25,-41,10,20,52,22
27,59,24,-40,-1,27,-10,-3,30,32,39,49
3,16,42,-22,1,38,-12,-46,22,30,30,23
18,35,12,-18,-7,23,-25,-12,-9,23,28,8
36,33,43,-26,-14,39,-7,-11,6,27,16,46
25,48,18,-15,-3,36,-19,-35,8,33,52,42
35,39,10,-50,-18,35,-13,-31,15,50,52,27
26,43,42,-32,-5,33,-22,-42,7,43,37,52
24,30,12,-31,-3,46,-16,5,9,26,20,44
22,54,47,-32,7,30,-21,-12,16,32,20,12
5,31,44,-14,-9,39,-20,-35,19,21,45,28
21,41,38,-33,-20,48,-7,-11,25,41,59,48
14,70,41,-36,-27,38,-32,-33,9,34,51,4
-2,53,30,-42,-12,34,-7,-27,4,51,26,24
31,29,33,-41,-12,29,-29,-18,26,33,49,41
28,49,35,-34,-14,41,-32,-23,23,43,65,47
3,62,65,-44,-1,39,-21,-14,11,46,45,61
25,46,30,-57,-5,48,-40,-26,36,24,37,69
16,76,51,-59,-11,28,-40,-16,16,34,69,43
31,68,34,-45,-11,64,-31,-2,22,56,48,67
21,72,39,-44,-16,56,-34,-32,-4,32,71,48
41,83,32,-50,0,69,-43,-43,23,51,60,69
19,80,56,-67,-3,60,-29,-46,21,71,72,48
55,68,52,-44,-17,59,-61,-19,33,58,57,48
37,63,54,-79,-20,81,-19,-44,42,36,90,69
30,87,66,-64,-15,73,-38,-18,37,67,88,35
26,85,57,-68,-11,72,-23,-41,34,87,64,55
30,105,57,-74,-38,73,-46,-35,15,63,77,68
43,107,49,-53,-33,82,-42,-45,32,76,117,90
15,92,71,-83,-14,79,-69,-41,67,84,114,82
29,118,55,-95,-4,99,-40,-45,25,99,100,66
46,138,63,-70,-20,92,-68,-57,22,76,93,54
44,128,85,-95,1,98,-55,-62,29,105,133,118
43,117,88,-96,-24,147,-68,-60,42,105,143,89
59,150,111,-110,-20,132,-66,-61,59,106,136,101
89,151,97,-98,-32,119,-61,-71,36,110,150,99
63,168,127,-118,-26,140,-89,-52,62,118,152,114
52,193,120,-132,-11,151,-69,-55,56,114,140,111
30,176,118,-110,-34,142,-95,-59,71,108,172,120
64,190,127,-130,-17,153,-123,-92,66,125,164,132
61,223,122,-131,-24,186,-105,-84,54,161,184,130
63,217,136,-147,-35,170,-113,-104,60,170,192,151
87,247,148,-159,-14,188,-114,-79,88,181,202,146
75,226,157,-172,-29,173,-138,-94,85,161,213,153
82,236,156,-154,-50,210,-133,-81,56,179,204,174
77,255,172,-174,-14,194,-113,-90,65,181,212,164
79,240,148,-168,-36,209,-127,-91,80,190,239,183
100,281,181,-182,-58,241,-133,-124,90,201,239,180
84,289,183,-185,-34,240,-153,-116,76,211,247,184
95,262,182,-173,-37,247,-156,-119,89,214,237,208
112,285,170,-183,-59,247,-173,-114,82,213,246,209
93,299,166,-199,-57,230,-161,-126,80,212,260,208
98,297,175,-225,-66,238,-167,-111,79,242,256,234
91,295,202,-217,-44,254,-199,-99,92,228,283,190
109,313,188,-209,-46,269,-197,-137,84,230,293,227
103,298,198,-212,-54,277,-170,-138,100,228,276,203
117,337,209,-223,-39,243,-192,-118,93,238,273,226
130,334,216,-206,-57,263,-161,-124,88,206,299,217
119,309,207,-209,-38,263,-160,-105,95,214,276,231
114,314,211,-205,-44,277,-175,-104,77,230,264,229
105,313,171,-228,-25,235,-173,-116,88,209,284,236
125,313,177,-192,-57,252,-184,-123,85,233,298,227
91,278,184,-212,-44,232,-181,-130,89,232,278,227
123,299,193,-204,-33,240,-141,-111,99,210,269,176
86,276,197,-191,-50,227,-163,-118,92,214,242,209
69,280,201,-188,-44,234,-168,-103,86,204,240,190
97,294,178,-170,-33,201,-149,-95,93,207,244,179
83,275,156,-190,-23,199,-145,-95,67,210,204,187
84,259,191,-175,-36,228,-136,-115,71,189,234,204
79,260,146,-160,-25,208,-146,-58,58,203,220,164
93,242,168,-151,-40,207,-149,-82,67,174,207,148
75,266,146,-144,-42,208,-127,-101,76,165,177,185
61,236,148,-153,-42,176,-123,-112,69,147,209,144
90,196,125,-139,-52,145,-104,-67,65,172,185,146
82,200,149,-133,-27,154,-112,-64,75,138,186,146
63,182,137,-138,-26,158,-104,-72,55,151,175,131
56,158,123,-117,-22,167,-94,-74,62,126,176,109
58,145,104,-107,-5,123,-81,-61,45,119,154,102
34,139,104,-103,-6,148,-78,-75,56,132,158,117
51,150,88,-96,-17,124,-100,-67,27,98,132,108
57,144,87,-92,-33,101,-82,-64,25,110,137,98
67,135,76,-78,5,97,-67,-46,21,93,105,109
41,115,75,-69,-38,101,-70,-51,39,106,79,84
41,93,77,-68,-30,86,-64,-34,42,80,115,64
46,97,59,-69,-26,100,-64,-53,37,81,87,86
38,76,51,-61,-27,91,-50,-59,31,68,92,72
60,83,32,-54,-19,64,-57,-42,21,45,69,76
23,87,50,-55,-5,65,-41,-22,40,57,88,57
23,80,33,-78,-11,67,-31,-46,11,71,61,32
13,75,53,-57,-24,73,-31,-45,36,49,45,47
22,65,42,-62,-7,51,-47,-34,20,31,71,47
23,59,27,-53,-12,48,-26,-22,23,57,60,56
30,78,41,-37,-5,54,-30,-37,22,22,58,57
11,44,26,-49,-7,38,-25,-29,-8,26,33,51
5,47,28,-44,-7,57,-11,-25,22,38,49,41
10,47,17,-35,-24,30,-24,-29,26,33,36,48
6,49,8,-39,-9,25,-21,-19,-6,34,26,23
0,16,19,-44,-11,7,-15,-18,-22,30,11,17
6,1,10,-11,9,9,-13,-24,7,28,33,13
1,15,9,-13,13,7,-22,-14,-11,4,20,32
-14,-13,3,-7,-16,0,5,-2,-3,18,3,3
-1,-7,-5,-11,-1,-11,0,17,-10,-13,-14,10
-8,-28,-12,-10,-27,-41,-9,28,3,-6,-16,-20
-27,-33,-13,16,-4,2,16,7,-15,-4,-20,-30
-24,-55,-30,14,23,-32,5,12,0,-32,-38,-19
-6,-60,-46,25,14,-41,33,13,-15,-30,-32,-36
-28,-78,-47,32,12,-69,38,-2,-26,-64,-40,-43
-41,-84,-51,69,18,-55,36,52,-47,-50,-58,-46
-44,-62,-66,60,15,-95,60,52,-31,-64,-85,-56
-60,-101,-65,63,17,-109,48,56,-65,-92,-78,-83
-22,-130,-75,69,21,-85,91,25,-22,-107,-127,-92
-62,-128,-89,92,-1,-99,76,58,-62,-104,-137,-78
-51,-127,-86,95,17,-116,77,81,-33,-102,-150,-90
-35,-125,-99,105,17,-115,74,57,-35,-123,-146,-106
-63,-146,-90,94,38,-110,82,65,-49,-93,-111,-97
-51,-144,-82,104,10,-109,71,53,-37,-93,-107,-63
-28,-76,-47,51,-1,-85,59,57,-32,-85,-80,-76
-1,-64,-17,34,11,-56,34,17,6,-50,-53,-47
4,-40,13,19,12,-19,32,9,28,-23,1,-20
39,58,40,-9,-13,46,-12,-21,29,16,50,40
43,109,85,-94,-14,92,-45,-45,35,84,97,70
76,218,156,-154,-32,177,-106,-54,44,148,193,156
115,317,203,-213,-54,249,-173,-123,86,224,281,209
130,420,271,-295,-67,342,-225,-171,132,284,380,302
187,497,331,-343,-86,449,-303,-189,145,403,466,352
236,637,400,-431,-91,508,-345,-247,217,467,583,441
264,734,491,-503,-111,634,-409,-327,217,556,655,494
295,854,550,-581,-138,734,-468,-321,256,650,772,577
337,939,630,-650,-128,806,-525,-400,267,721,864,653
358,1014,663,-693,-159,843,-555,-386,334,753,927,742
393,1090,714,-713,-157,893,-616,-428,325,816,972,735
385,1100,714,-768,-153,919,-602,-436,331,831,999,776
399,1114,715,-739,-160,910,-593,-439,337,820,1001,777
384,1094,720,-749,-151,905,-605,-431,332,813,973,759
362,1033,671,-695,-147,855,-558,-426,306,767,955,710
323,966,628,-668,-138,812,-545,-374,297,729,862,678
311,875,562,-590,-146,706,-495,-351,255,645,785,589
264,744,503,-530,-120,647,-421,-295,215,579,673,534
230,651,396,-466,-77,520,-351,-255,185,503,600,444
190,512,334,-348,-70,434,-282,-195,172,390,470,366
142,412,241,-278,-61,349,-230,-175,124,309,375,274
102,299,173,-184,-30,216,-165,-124,86,212,277,198
64,198,131,-117,-11,142,-114,-85,42,148,151,141
47,88,55,-56,-11,90,-38,-21,27,57,84,62
-8,-2,6,-7,13,4,20,0,-6,-10,9,-15
-27,-60,-26,66,33,-80,35,10,-12,-59,-85,-35
-56,-128,-53,91,29,-119,63,53,-39,-95,-111,-66
-66,-160,-117,119,30,-138,76,81,-63,-129,-164,-144
-60,-180,-135,152,27,-165,106,62,-58,-140,-186,-116
-70,-222,-117,144,33,-183,124,65,-94,-158,-185,-161
-52,-191,-145,145,52,-191,134,81,-59,-150,-198,-131
-82,-219,-131,145,11,-163,135,80,-63,-178,-192,-137
-75,-198,-125,140,22,-165,107,85,-67,-164,-175,-146
-60,-199,-106,132,22,-144,111,74,-55,-144,-175,-139
-39,-158,-77,119,23,-138,98,91,-52,-130,-175,-122
-62,-135,-73,89,37,-129,93,67,-56,-77,-116,-102
-42,-120,-94,66,18,-113,55,40,-28,-81,-93,-84
-56,-114,-58,57,35,-84,37,48,-42,-82,-83,-54
-16,-71,-58,57,20,-69,51,33,-24,-51,-58,-64
0,-60,-23,31,18,-45,37,1,-20,-22,-57,-53
-11,-49,-2,19,8,-24,44,26,-31,-6,-14,-20
-3,-40,-40,28,5,-42,14,6,-7,-36,-32,-4
9,-3,-26,12,2,-4,-12,4,15,10,11,4
3,18,15,3,-9,2,-11,-3,-28,-5,9,-5
13,19,10,-20,2,22,-1,-20,6,28,29,1
-7,36,17,-20,0,23,-15,-9,0,30,36,9
3,30,1,-25,-1,38,-22,-5,-4,22,17,13
21,26,26,-14,-12,27,-36,-4,11,17,26,17
14,22,55,-17,-14,31,-11,-12,22,21,43,6
24,41,37,-39,1,36,-40,-16,7,40,55,15
20,32,31,-33,-11,50,-26,-12,19,25,62,35
18,34,31,-26,-25,51,-32,-9,4,44,25,24
-8,46,30,-20,-5,28,-29,-46,2,33,45,12
-4,63,29,-56,6,52,-35,-36,14,27,52,48
31,38,29,-19,-25,56,-29,-29,-5,31,33,25
0,43,47,-24,-17,56,-16,0,5,31,45,26
29,62,60,-22,1,52,-18,-13,4,43,50,52
19,62,38,-49,-26,29,-20,-23,23,58,55,46
33,62,55,-56,-3,60,-56,-2,3,49,48,46
20,62,20,-63,2,53,-47,-50,27,59,69,51
23,68,43,-63,-25,63,-33,-32,8,49,62,48
27,84,63,-37,4,74,-64,-29,20,48,80,51
30,75,70,-45,-17,75,-59,-43,28,67,69,63
33,72,64,-58,-14,64,-40,-22,55,70,82,57
51,106,57,-64,2,87,-40,-33,14,48,72,91
20,88,74,-66,-18,85,-62,-36,22,72,87,68
40,111,67,-50,-33,81,-53,-31,23,102,110,69
22,88,72,-76,-9,83,-33,-35,24,97,75,52
38,117,93,-89,-5,96,-62,-43,30,73,90,92
33,103,77,-70,-12,93,-65,-47,40,61,127,85
47,114,68,-87,-23,86,-68,-47,30,86,97,89
46,131,76,-72,-46,104,-84,-61,38,65,133,103
43,128,94,-126,-12,104,-58,-37,48,125,100,91
49,133,105,-104,4,134,-71,-62,49,113,102,87
52,157,102,-99,-34,94,-90,-47,45,92,132,89
65,149,98,-103,-23,124,-99,-56,22,110,140,87
37,148,107,-105,-9,136,-85,-48,29,126,149,123
54,152,105,-121,-21,139,-87,-71,58,146,137,126
84,187,108,-116,-21,145,-103,-46,68,148,151,134
65,209,131,-105,-24,161,-89,-81,39,145,152,126
61,202,132,-129,-42,170,-105,-84,59,165,176,137
73,199,150,-143,-24,174,-93,-79,60,161,175,148
84,233,135,-141,-5,183,-106,-87,63,176,178,146
84,222,156,-147,-29,172,-117,-73,81,178,210,160
87,237,154,-166,-32,203,-136,-90,74,172,208,158
94,253,153,-165,-26,207,-126,-80,69,174,235,194
93,261,177,-162,-43,215,-137,-91,75,190,219,180
89,283,164,-141,-37,235,-143,-99,76,179,239,197
116,275,174,-178,-27,213,-151,-121,71,195,240,185
110,268,195,-200,-30,238,-176,-114,87,195,250,205
97,271,187,-202,-39,248,-135,-109,90,219,245,205
96,292,202,-197,-55,255,-185,-119,65,226,249,216
95,291,178,-242,-37,259,-167,-137,91,230,280,220
125,296,206,-242,-55,254,-194,-133,81,259,275,219
145,322,209,-214,-56,271,-161,-127,101,247,313,202
119,323,212,-199,-53,272,-178,-150,103,260,315,220
117,339,226,-229,-28,302,-204,-132,127,267,311,234
139,336,222,-249,-37,272,-200,-131,120,256,306,235
139,368,219,-251,-60,285,-218,-145,107,277,331,261
128,368,232,-246,-58,298,-174,-150,104,259,332,248
132,377,248,-250,-68,321,-187,-149,132,295,340,269
133,367,224,-242,-46,328,-218,-156,106,277,353,264
147,413,240,-269,-69,330,-237,-158,111,297,331,303
130,398,251,-251,-59,327,-213,-174,123,299,375,281
141,380,261,-280,-72,334,-210,-177,124,294,366,278
129,416,256,-281,-43,321,-222,-172,112,302,371,290
149,409,291,-283,-59,338,-220,-160,155,313,370,269
146,419,281,-295,-61,345,-243,-167,120,315,374,315
151,425,283,-304,-68,314,-227,-165,103,307,371,295
154,417,283,-298,-66,352,-224,-186,143,325,394,311
161,445,286,-303,-59,353,-228,-167,121,315,400,298
137,447,275,-290,-68,390,-261,-157,146,314,416,293
154,456,292,-292,-74,348,-241,-156,134,348,410,280
153,444,283,-317,-70,354,-225,-172,137,337,381,308
160,420,293,-290,-59,350,-246,-173,143,328,409,303
143,421,285,-302,-83,339,-219,-159,144,319,393,299
160,457,293,-305,-37,347,-232,-167,122,312,409,305
113,448,292,-297,-64,346,-235,-184,121,334,371,290
143,451,274,-278,-69,369,-238,-170,129,304,372,323
161,423,277,-294,-57,360,-243,-167,143,326,389,296
150,412,272,-298,-67,348,-233,-178,138,326,383,311
150,399,279,-307,-41,363,-221,-186,106,327,376,295
141,420,242,-276,-55,338,-235,-166,117,315,355,274
163,410,261,-289,-64,365,-235,-159,129,307,374,271
174,419,278,-269,-59,325,-211,-175,109,299,354,306
167,418,264,-266,-35,364,-225,-174,121,299,355,293
135,386,247,-269,-34,308,-220,-163,126,286,356,275
126,374,250,-281,-49,313,-214,-147,122,276,368,281
138,368,256,-266,-72,319,-226,-141,108,289,344,292
123,389,243,-242,-51,300,-212,-151,117,276,344,246
118,385,236,-258,-67,307,-176,-120,106,264,335,256
118,347,237,-218,-43,298,-180,-134,110,264,320,246
140,351,227,-231,-77,284,-190,-134,93,262,309,255
116,330,200,-213,-70,293,-188,-142,101,250,302,244
101,322,232,-235,-43,276,-164,-116,96,257,300,246
114,328,201,-209,-19,268,-191,-108,99,233,301,238
106,320,223,-196,-55,253,-154,-114,76,229,313,223
105,309,176,-204,-49,230,-168,-124,86,228,265,199
102,299,210,-210,-60,239,-159,-135,85,225,260,198
85,301,183,-224,-48,227,-140,-103,115,206,264,196
83,250,186,-172,-61,227,-131,-88,66,188,231,203
83,277,160,-173,-39,206,-141,-110,76,182,245,174
89,255,155,-159,-42,206,-142,-116,91,188,231,154
94,217,157,-150,-53,193,-132,-95,59,182,192,169
71,237,157,-171,-40,180,-118,-96,73,160,206,157
70,204,151,-161,-42,175,-99,-92,51,175,202,151
63,219,137,-138,-33,173,-104,-75,54,158,177,138
67,197,118,-142,-36,158,-86,-79,55,141,181,113
55,158,111,-117,-24,166,-105,-57,54,159,167,112
54,166,118,-98,-14,160,-99,-50,58,128,179,133
52,181,130,-97,-21,133,-101,-75,59,121,148,122
26,173,94,-100,-22,130,-91,-73,48,110,139,100
29,160,91,-108,-12,147,-77,-47,37,115,153,76
64,140,110,-61,-3,125,-93,-48,49,117,113,114
44,144,90,-90,-14,99,-71,-56,31,113,119,99
57,117,76,-84,-18,102,-64,-40,32,90,114,90
49,103,65,-80,-22,79,-75,-57,29,91,95,83
52,97,84,-90,-4,78,-69,-54,44,78,97,88
49,76,58,-82,-23,93,-74,-60,40,83,90,83
25,101,74,-55,-30,77,-40,-57,29,87,80,69
30,82,57,-54,-16,81,-40,-10,13,71,65,68
24,85,31,-68,-14,66,-38,-36,16,53,78,71
40,95,46,-62,-8,69,-15,-26,6,69,72,59
32,73,45,-11,0,46,-38,-20,35,65,66,56
38,61,31,-47,-3,68,-36,-38,34,34,50,65
23,47,70,-34,-25,46,-21,-14,23,41,56,46
13,39,20,-56,-8,47,-20,-29,18,41,48,42
4,62,40,-34,-12,46,-32,-6,24,30,55,37
9,60,32,-32,-15,35,-29,-13,-5,36,32,36
9,33,28,-14,18,30,-9,-15,-12,26,47,20
18,47,25,-7,-13,8,-41,-10,4,20,6,35
26,13,22,-32,4,28,-46,-29,5,0,24,37
37,32,27,-6,-15,16,-14,-14,-1,33,20,28
15,24,13,-25,8,14,9,-7,15,34,-6,29
-1,22,5,-5,-15,34,0,-15,4,0,8,27
16,5,21,-9,-4,22,7,8,-7,-14,7,13
16,2,26,-11,1,14,-5,14,9,0,19,-4
-3,18,16,-12,-17,-8,-26,-12,7,24,6,-14
-6,14,-12,-5,-8,8,-2,4,10,12,14,6
-2,-1,-18,-25,6,19,-4,-8,5,11,4,3
-11,0,-6,-5,8,12,-11,15,8,-6,-5,-10
-9,-8,7,2,14,-9,5,6,-6,1,5,-1
-14,9,5,20,12,7,7,-21,7,5,-9,-2
13,5,1,3,3,26,15,24,8,15,-4,2
-14,-19,-15,0,10,-18,15,-13,13,1,0,8
-16,-7,-14,-8,-4,-22,1,13,-2,-13,-10,-24
7,-22,-9,18,-12,-8,-8,27,19,-10,-1,-17
20,-20,-27,7,-6,7,10,8,-9,-1,-11,-9
0,-19,-17,12,3,-2,7,19,-18,-4,-4,-15
-21,-10,11,25,8,-20,11,3,-20,-12,7,-5
7,-11,-10,19,-15,9,-3,12,-9,-8,-10,-2
-12,-17,-24,1,15,-3,2,-1,-10,-10,-2,-6
5,-12,-5,14,14,-8,-12,12,4,-6,-11,-26
2,-6,-25,-9,4,-21,1,25,-15,-9,-17,-4
-2,-10,-32,20,35,-5,25,24,-20,9,-13,-16
-15,-9,-18,29,8,-27,14,12,-7,15,10,-32
-15,-9,-8,10,-12,-13,11,16,-6,-29,-27,-27
14,-20,-15,31,10,-23,39,-3,10,-18,-17,-34
-10,1,-27,22,-1,-20,-14,-18,-10,-15,-5,-22
-3,-2,-11,6,1,12,19,4,-23,-1,-15,25
-2,-18,-12,27,6,16,-2,16,-3,-22,-14,-13
-11,-18,-45,1,3,-22,3,36,-5,-8,2,-5
2,-23,10,-16,23,-18,28,-2,-30,-20,-19,-14
-17,-20,-20,4,-3,-34,18,21,-5,-5,15,28
-24,-7,-21,8,-13,-3,23,18,2,-32,-21,-13
-10,-13,-22,-9,-11,-13,21,42,-8,-1,-16,-12
22,-29,-9,34,8,-19,26,9,10,-22,-20,-23
-30,-15,-22,24,-8,-25,30,2,-6,-30,-3,-24
-27,-31,-1,29,7,-32,5,2,3,-17,-24,10
-13,-38,-13,19,14,-15,21,-7,-8,-29,-36,-9
-4,-35,-7,20,14,-19,4,23,-28,-23,-21,-6
-6,-27,-9,28,2,-15,16,-1,-7,-4,-36,-12
-10,-45,9,0,-12,-12,21,1,-10,-9,-52,-24
-4,-9,-17,7,19,-28,-4,4,-4,-31,-21,-32
-4,-7,6,21,13,-20,-9,1,-15,-24,-5,-10
-3,-9,-16,18,14,-23,-3,-7,-6,-12,-27,-1
-22,-25,-15,14,1,-30,-7,14,1,-19,-22,-19
-29,-30,-7,13,29,-28,21,2,-6,-28,-29,-19
-9,-8,-14,16,6,-23,27,23,-23,-23,-23,-8
-17,-33,-13,12,5,-7,16,11,-2,-22,-20,-11
-7,-26,7,6,-14,-26,19,17,-1,-14,-35,2
-4,-25,-14,36,28,-21,11,24,-19,-6,-24,-13
-22,-38,-14,19,-9,-38,26,19,-8,-12,0,-26
-9,-45,-38,20,-5,-19,-5,11,-10,-2,-13,-39
-27,-14,-30,24,14,-27,-6,15,-2,-9,-9,-15
-22,-17,-35,21,3,-30,-3,18,-6,-5,-27,-28
-8,-31,-19,27,-1,-13,19,-4,-19,-10,-20,-8
-11,-33,-14,14,8,-9,7,-2,-14,-18,-37,-4
3,-17,-16,36,-21,-30,5,6,-12,-6,-8,-11
-3,-41,-15,25,-16,-25,10,18,-26,-24,-25,-17
-17,-35,2,20,35,-13,29,-15,-10,-18,-2,-1
5,-22,-14,13,8,-37,34,12,-23,0,-42,-25
-5,-18,-21,18,24,-26,1,17,-8,-4,-19,-6
-21,-15,-13,6,9,-7,31,-3,21,-20,-22,-24
-29,-30,-22,16,-5,-14,5,23,-4,-32,-4,-12
2,-34,-44,-1,14,-11,-7,5,-19,-8,-29,-9
-17,-22,-6,-6,-1,-13,9,7,-14,-26,8,-5
-16,-19,-25,22,-16,-2,22,9,5,-6,-25,-8
9,-23,-12,-9,21,-21,3,29,19,-14,-45,-13
-5,-28,-29,14,7,-10,25,-2,-19,-28,-10,-9
-3,-4,-3,7,8,-13,-7,19,13,-4,-5,-28
12,-6,-2,-2,-6,-20,-7,15,-29,-10,-26,-9
9,-6,-12,3,-3,-8,0,15,-7,4,-2,-14
25,-2,-13,-7,21,-30,-7,3,-3,3,-4,-1
0,2,-9,-9,4,-2,12,2,3,-5,13,-20
8,28,9,-2,4,12,9,0,10,5,26,-6
-18,1,6,13,-7,7,-10,16,6,-12,-17,-4
2,10,-2,-18,10,1,-2,-7,11,3,20,2
9,4,0,27,8,-11,-12,1,14,8,3,17
-2,26,0,2,-8,19,29,-17,8,26,21,9
10,8,-6,-9,-14,18,-21,-7,0,10,9,22
26,-7,9,-13,-13,30,-13,-20,10,21,22,22
3,34,38,-38,-23,31,-28,-23,-3,10,6,17
17,38,48,-13,2,20,-20,-28,0,26,28,53
36,42,20,-23,-33,36,-11,-30,27,36,34,34
25,51,40,-39,2,56,-23,-13,26,18,27,30
26,60,50,-49,-29,74,-13,-28,9,37,60,46
13,76,58,-64,-5,56,-59,-23,3,61,51,50
21,60,58,-41,-17,83,-43,-18,31,52,86,84
34,65,72,-48,-10,62,-36,-21,36,57,65,82
23,98,69,-52,-25,94,-53,-36,55,69,103,53
23,103,85,-81,-16,87,-65,-17,35,69,110,63
49,124,75,-72,-7,73,-79,-51,16,71,101,78
59,103,59,-79,-28,87,-37,-64,40,95,96,54
31,128,69,-89,-27,120,-77,-50,31,106,131,87
57,132,107,-91,-4,115,-72,-78,32,113,113,115
52,154,88,-106,-15,117,-77,-64,41,122,129,112
58,135,96,-127,-13,130,-73,-54,52,144,151,103
79,191,98,-121,-11,145,-84,-54,42,120,164,121
69,201,118,-116,-19,159,-98,-80,41,130,161,106
82,203,117,-115,-38,154,-93,-79,43,143,165,128
89,213,134,-146,-8,183,-129,-113,49,165,192,146
70,190,136,-150,-26,155,-118,-84,78,151,202,150
65,226,137,-150,-29,167,-125,-99,65,146,186,157
86,221,143,-133,-15,177,-104,-92,64,197,185,139
79,216,146,-146,-53,189,-117,-105,56,172,187,163
80,215,153,-157,-22,190,-94,-115,62,166,212,162
79,231,131,-152,-36,191,-119,-109,67,175,218,149
81,254,172,-177,-40,180,-136,-93,71,175,223,179
72,263,144,-147,-45,195,-130,-69,66,161,222,161
101,247,155,-177,-21,199,-129,-96,75,187,225,192
73,223,163,-162,-48,200,-120,-92,72,184,201,136
75,237,143,-164,-45,198,-123,-77,60,205,224,170
98,228,155,-150,-56,197,-99,-82,67,177,193,181
88,234,149,-168,-29,205,-126,-92,69,164,204,156
74,238,157,-161,-14,195,-139,-75,67,148,202,158
71,253,135,-156,-28,207,-133,-64,66,186,217,184
76,226,158,-146,-40,194,-120,-75,71,153,200,163
78,213,139,-129,-24,175,-92,-74,55,155,190,155
64,200,131,-117,-24,150,-114,-82,56,127,173,146
64,194,128,-127,-33,140,-99,-89,54,134,161,117
91,187,91,-117,-22,156,-94,-62,76,116,180,143
74,176,124,-112,-48,130,-87,-79,37,131,161,130
18,193,101,-116,-19,132,-93,-49,60,114,122,137
48,168,103,-101,-15,146,-72,-76,58,144,140,119
26,162,108,-111,-19,139,-84,-52,37,81,142,100
52,155,101,-88,-12,122,-77,-62,37,103,110,90
67,135,65,-81,-20,106,-73,-49,31,86,123,90
33,128,67,-70,-34,82,-45,-41,46,69,112,81
30,107,42,-59,-14,60,-70,-29,19,83,95,78
32,101,30,-77,-3,76,-51,-38,26,71,84,55
29,81,48,-62,-34,74,-31,-43,16,82,80,43
37,94,53,-37,-7,72,-45,-33,35,42,49,71
20,73,19,-42,-7,29,-34,-10,34,55,71,19
34,66,42,-46,-10,44,-25,-17,41,61,55,44
8,52,18,-26,-12,33,-18,-17,27,30,55,22
-8,47,5,-39,-12,49,-23,-24,27,37,29,14
11,9,22,-41,0,22,-21,3,7,3,-1,20
22,7,23,4,-13,26,-7,-17,17,18,17,18
6,35,-2,-2,-16,1,-7,-7,21,12,35,27
-9,16,28,-10,1,3,-7,-11,18,16,11,5
-18,44,19,-15,8,3,12,-1,-9,11,10,26
-6,-12,4,7,2,-6,4,13,-8,-14,26,17
-11,25,-11,-9,-11,0,7,-9,-27,18,-6,14
-18,-7,-7,19,8,-15,-10,15,-1,3,-28,5
3,-9,-13,3,6,-18,-10,-2,-4,2,-15,-1
-13,-24,-6,10,3,-26,-7,2,8,-13,-2,-13
-6,-7,-3,23,4,-19,-7,19,-32,-21,-47,-7
8,-30,-30,-9,12,-33,14,7,11,-18,-38,-30
-8,-16,-20,13,18,-33,23,22,-20,-27,-39,-14
-12,-45,-21,42,-6,-35,20,24,-8,-13,-51,-8
-21,-38,-37,12,21,-48,32,-5,6,-21,-37,-10
-26,-28,-32,28,-6,-51,33,14,-8,-23,-61,-38
-41,-71,-34,26,16,-44,24,18,-21,-31,-75,-44
-55,-73,-24,52,14,-59,28,11,-37,-56,-51,-45
-18,-86,-57,30,1,-56,36,31,-3,-63,-81,-51
-15,-80,-56,65,19,-82,48,50,-11,-79,-79,-56
-17,-96,-77,69,20,-67,51,44,-42,-96,-81,-81
-10,-101,-74,87,19,-93,46,34,-32,-75,-88,-66
-62,-135,-71,74,15,-84,78,41,-58,-106,-125,-85
-33,-155,-99,112,32,-125,89,53,-46,-96,-136,-136
-61,-175,-110,99,25,-141,92,67,-35,-136,-144,-122
-75,-180,-105,117,21,-157,120,70,-46,-142,-139,-114
-76,-180,-136,121,33,-150,90,80,-80,-132,-176,-132
-77,-199,-118,129,31,-138,108,77,-53,-122,-187,-133
-67,-208,-121,124,40,-159,94,64,-70,-142,-166,-121
-67,-172,-100,129,18,-146,97,74,-74,-123,-152,-99
-38,-176,-85,112,5,-143,79,83,-69,-114,-151,-108
-55,-146,-73,93,18,-112,79,64,-49,-100,-114,-102
-32,-77,-80,63,36,-96,64,29,-27,-56,-70,-70
-21,-58,-25,48,-8,-33,39,31,-15,-19,-46,-47
9,16,18,-5,0,11,-10,-12,11,-14,6,17
19,100,66,-47,-9,79,-63,-37,27,81,78,67
64,160,117,-120,-11,164,-110,-75,71,142,150,101
92,290,189,-194,-39,242,-154,-99,84,176,269,203
158,387,265,-270,-71,323,-208,-166,95,307,359,265
170,497,322,-354,-67,401,-281,-216,169,382,452,356
196,627,408,-414,-92,505,-369,-253,173,458,553,425
263,732,476,-496,-93,600,-387,-285,198,534,656,499
271,802,530,-559,-120,672,-464,-332,246,612,741,566
317,890,581,-604,-122,763,-512,-368,268,664,816,636
340,966,644,-641,-135,820,-524,-390,289,737,874,671
359,1009,659,-698,-133,844,-533,-416,306,771,922,714
367,1040,658,-668,-138,877,-574,-395,302,775,928,742
342,1034,668,-695,-155,860,-559,-395,300,790,904,723
364,989,658,-677,-172,839,-541,-411,304,758,879,688
321,917,610,-653,-159,780,-518,-365,263,726,854,636
306,851,550,-563,-111,697,-472,-325,269,646,733,595
256,748,469,-500,-119,605,-411,-274,220,587,670,520
228,614,427,-423,-90,528,-359,-258,187,488,571,421
174,516,335,-344,-67,457,-294,-215,149,382,468,356
138,394,236,-263,-74,321,-215,-144,123,280,353,286
83,247,175,-183,-34,222,-146,-101,59,218,236,183
47,155,95,-108,3,127,-83,-74,54,110,139,128
16,48,28,-40,-5,32,-39,-27,4,41,42,43
-8,-38,-45,28,-14,-62,18,14,-15,-25,-37,-34
-19,-110,-57,93,16,-81,61,34,-25,-67,-87,-79
-70,-176,-126,133,26,-163,92,79,-53,-149,-161,-130
-65,-222,-156,173,34,-197,122,80,-75,-175,-213,-178
-91,-271,-193,189,26,-229,138,112,-96,-216,-246,-172
-95,-309,-174,185,41,-252,165,129,-107,-237,-261,-195
-122,-305,-205,203,60,-261,161,100,-97,-243,-270,-211
-100,-306,-209,194,27,-256,175,106,-108,-220,-259,-215
-108,-310,-197,196,65,-247,175,125,-94,-230,-253,-198
-88,-314,-178,176,45,-217,151,124,-88,-220,-245,-195
-84,-265,-147,167,17,-223,136,125,-71,-195,-228,-206
-95,-237,-126,155,50,-193,134,111,-86,-180,-210,-176
-69,-236,-120,152,20,-195,117,103,-67,-165,-194,-128
-69,-225,-117,147,30,-146,102,79,-58,-136,-173,-130
-54,-188,-120,108,46,-151,94,89,-52,-110,-154,-127
-49,-140,-77,107,21,-125,68,55,-41,-100,-148,-111
-62,-142,-101,82,42,-142,44,64,-50,-92,-126,-74
-68,-113,-54,72,9,-85,57,41,-34,-84,-97,-58
-14,-106,-60,72,11,-86,80,41,-34,-88,-96,-60
-40,-96,-43,64,14,-64,49,38,-30,-70,-89,-68
-40,-86,-56,57,0,-66,20,12,-24,-55,-76,-50
-14,-67,-65,44,14,-30,30,36,-24,-59,-77,-46
-28,-91,-40,50,8,-61,38,38,-9,-47,-64,-26
-42,-58,-55,33,12,-51,16,11,-9,-58,-44,-46
-21,-53,-32,27,18,-35,30,27,-31,-44,-35,-32
-27,-41,-51,29,9,-46,8,22,-20,-31,-43,-42
-17,-52,-12,50,-15,-28,31,29,-8,-54,-23,-23
-10,-36,-27,34,-14,-42,28,38,-6,-2,-51,-39
-13,-28,-18,46,7,-26,2,23,-14,-25,-14,-24
-21,-11,-18,39,27,-38,18,16,9,-25,-33,-45
4,-32,-44,29,12,-45,34,11,-14,-31,-61,-46
-7,-36,-21,39,3,-39,24,13,-23,-20,-33,-26
-17,-28,-15,17,-9,-21,1,16,-28,-29,-30,-20
-12,-33,-27,35,0,-22,8,21,-12,-14,-22,-25
-8,-20,-7,27,0,-15,25,21,-18,-15,-14,-39
14,-9,-24,39,5,-9,18,22,-7,-21,-18,-16
8,-38,-8,18,-11,-36,5,7,-32,-24,-30,-31
-4,-7,-2,-9,14,-15,4,19,4,-28,3,-5
-11,-5,-17,8,6,-20,6,6,-22,-37,-15,-14
4,6,-2,4,18,-16,-4,-11,-6,-29,-14,-17
-4,-6,2,14,-5,-10,5,14,5,10,-7,-19
-15,-13,-4,2,-13,-8,8,-2,10,-25,2,-8
5,20,12,-9,11,14,15,-20,-3,10,-10,9
8,-19,34,8,-33,7,-25,-10,10,14,5,14
-5,10,15,-18,6,13,-18,3,3,9,10,-4
-3,29,6,-6,-16,7,-2,-16,20,1,-8,6
7,32,7,-1,-8,16,12,-13,36,8,27,1
2,30,9,-24,-6,31,-4,-6,2,36,28,12
20,30,29,-44,-1,17,-23,-16,6,23,23,43
33,48,23,-26,13,24,-26,-7,1,34,56,26
19,46,47,-55,2,50,-24,-24,14,17,66,65
7,55,37,-66,-1,62,-9,-33,21,48,54,23
34,74,44,-21,14,42,-57,-8,14,30,48,46
25,95,54,-48,-4,51,-60,-28,6,79,61,60
27,79,37,-70,-13,93,-47,-13,17,56,71,44
31,79,40,-60,-28,70,-51,-21,17,60,61,62
21,82,59,-49,-5,69,-31,-39,23,70,83,54
18,125,40,-56,-11,86,-50,-53,38,82,67,82
44,122,84,-64,-24,93,-56,-39,22,83,84,77
42,117,96,-93,-13,103,-65,-50,35,84,117,85
41,117,94,-94,-2,124,-73,-52,8,111,122,75
48,134,72,-99,-19,127,-50,-55,51,99,110,103
59,155,86,-100,-32,104,-79,-67,56,108,135,97
41,161,111,-107,-14,145,-103,-52,64,103,136,124
52,185,124,-130,-19,151,-82,-83,65,116,160,126
48,171,108,-139,-33,149,-139,-59,47,144,162,127
60,202,139,-126,-34,149,-93,-61,66,124,176,120
86,197,133,-143,-14,157,-89,-88,87,127,169,151
53,219,136,-137,-20,195,-119,-94,42,149,204,130
85,211,133,-159,-48,195,-111,-99,95,159,202,164
62,233,142,-137,-36,194,-126,-98,73,169,202,158
72,224,147,-144,-16,200,-129,-94,87,179,225,174
75,238,182,-174,-6,223,-109,-110,74,175,222,178
114,262,184,-171,-60,219,-147,-104,76,187,242,193
104,241,165,-196,-17,237,-135,-100,79,192,225,163
105,286,181,-183,-36,226,-150,-123,86,214,240,213
114,274,173,-174,-60,246,-145,-109,94,212,256,210
104,298,204,-211,-31,233,-138,-146,75,209,283,200
103,308,217,-194,-42,253,-159,-136,99,224,274,206
125,321,196,-196,-57,283,-173,-105,90,243,277,201
129,332,197,-243,-36,248,-193,-136,99,237,285,221
101,300,213,-203,-55,270,-189,-127,86,245,283,235
117,328,199,-220,-72,256,-207,-134,105,241,313,227
118,339,250,-228,-20,292,-182,-140,118,239,305,242
130,321,234,-237,-53,281,-175,-129,121,265,327,238
129,344,215,-232,-52,289,-198,-132,104,277,302,244
99,337,233,-245,-54,274,-210,-135,103,255,322,242
118,364,222,-250,-49,276,-199,-136,105,251,317,261
140,349,227,-240,-37,289,-205,-133,105,266,289,242
140,360,240,-262,-72,306,-206,-144,99,255,331,251
134,370,221,-222,-37,299,-191,-142,102,271,319,267
114,379,234,-233,-40,309,-221,-134,115,272,326,254
144,340,232,-259,-49,290,-210,-157,111,278,320,265
134,368,224,-250,-63,300,-221,-162,110,267,329,251
142,368,244,-259,-58,313,-199,-152,105,267,332,248
119,349,225,-226,-55,297,-200,-155,117,274,323,255
116,361,233,-246,-39,307,-194,-122,109,243,347,270
130,358,219,-258,-58,289,-200,-154,111,264,325,246
121,343,213,-262,-46,307,-183,-147,132,269,303,257
118,342,215,-233,-47,307,-218,-149,89,255,281,256
128,348,235,-241,-58,268,-183,-147,93,251,298,242
138,342,221,-233,-55,290,-210,-117,94,269,300,238
92,327,218,-213,-47,264,-154,-132,95,261,300,228
122,347,203,-233,-46,250,-173,-110,100,256,289,214
105,311,188,-219,-43,266,-182,-126,97,221,277,217
125,290,215,-194,-47,254,-154,-125,103,233,256,214
122,301,205,-210,-39,256,-151,-113,88,218,277,206
74,290,198,-194,-26,266,-138,-119,76,213,245,205
85,280,169,-177,-36,238,-167,-85,121,217,263,220
91,293,179,-199,-36,217,-157,-99,50,223,268,186
76,264,167,-178,-48,223,-135,-118,86,205,248,184
104,265,177,-170,-56,188,-166,-108,61,182,270,177
109,239,144,-171,-46,215,-162,-95,60,195,217,163
77,247,127,-177,-48,202,-125,-84,106,175,239,180
82,227,143,-160,-55,167,-146,-65,91,170,180,160
87,230,151,-157,-25,196,-133,-70,76,165,185,153
72,187,139,-151,-30,181,-114,-81,57,136,189,141
86,201,149,-131,-32,177,-97,-63,45,142,176,138
69,167,125,-141,-30,153,-103,-82,69,140,164,135
78,186,124,-135,-19,158,-110,-59,59,141,150,135
36,170,111,-100,-44,152,-95,-57,52,134,163,118
74,148,100,-91,-11,157,-86,-71,73,127,134,87
46,121,88,-111,-13,118,-112,-69,53,112,128,105
49,134,70,-108,-24,93,-61,-36,29,96,121,116
32,128,77,-92,-23,121,-56,-55,43,106,121,63
35,106,56,-72,-22,102,-73,-41,47,79,106,84
42,113,87,-94,-26,102,-58,-32,27,86,84,84
25,96,56,-72,-2,81,-42,-41,29,78,91,62
35,87,56,-73,15,68,-57,-34,31,45,93,44
18,78,70,-63,-15,69,-49,-23,19,65,59,51
15,79,53,-44,-9,51,-34,-26,30,51,67,66
23,67,16,-45,-12,41,-32,-43,24,38,59,60
19,55,32,-48,15,63,-22,0,24,32,35,31
16,65,35,-49,3,10,-41,-24,26,34,27,32
15,33,25,-31,-19,21,-23,0,28,47,37,18
18,36,15,-3,2,20,0,-20,14,9,19,21
7,10,7,-17,9,17,-29,-12,11,32,8,21
8,22,28,-7,-5,7,-12,2,-4,6,8,30
3,7,12,-8,3,-18,4,5,7,16,10,2
12,9,15,-20,28,-9,-1,-7,19,31,-25,-12
-9,2,-2,4,0,-18,22,19,-19,-6,0,-8
-5,3,-1,-5,-6,-15,-9,13,9,-27,-11,-2
-22,-24,-11,4,-6,-13,38,11,-1,-14,-15,-12
7,-36,-14,29,18,-18,5,13,-16,-25,-12,-12
-10,-52,-31,38,-3,-25,23,11,-21,-18,-16,-29
-3,-33,-3,13,-12,-15,25,18,-7,-16,-38,-31
-25,-39,-12,44,7,-47,27,32,-31,-48,-46,-17
-28,-47,-43,0,2,-39,23,1,-18,-56,-46,-24
-8,-47,-31,28,2,-30,39,7,-1,-33,-40,-31
-36,-51,-59,42,1,-38,55,27,-1,-63,-48,-28
-30,-59,-40,45,2,-44,37,37,-14,-33,-66,-38
-21,-65,-44,31,-1,-57,43,29,-27,-46,-58,-16
-32,-86,-66,38,1,-35,30,21,-35,-56,-56,-38
-29,-77,-46,61,23,-40,41,33,-21,-36,-90,-36
-5,-83,-42,44,11,-64,38,27,7,-43,-53,-41
-12,-84,-51,53,3,-56,39,36,-41,-37,-57,-62
-21,-84,-63,54,10,-56,34,42,-9,-69,-57,-36
-22,-88,-55,57,7,-75,28,21,-34,-65,-63,-59
-34,-81,-60,58,13,-72,49,33,-25,-47,-69,-35
-23,-69,-53,56,23,-41,40,21,-17,-54,-56,-39
-35,-78,-62,56,8,-85,51,10,-32,-75,-59,-77
-15,-96,-59,72,19,-73,51,35,-16,-70,-73,-52
-17,-91,-59,58,23,-45,33,27,-16,-89,-81,-45
-58,-96,-46,53,18,-74,47,39,-20,-47,-72,-92
-23,-70,-36,55,6,-83,43,31,-29,-54,-69,-73
-22,-99,-62,52,30,-55,49,34,-36,-68,-99,-73
-21,-74,-58,54,18,-58,38,28,-25,-57,-83,-80
-29,-86,-46,62,19,-60,71,34,-26,-71,-59,-64
-26,-96,-81,59,9,-88,34,49,-21,-72,-79,-63
-37,-101,-53,54,32,-87,52,19,-19,-64,-74,-42
-12,-91,-87,78,8,-74,61,11,-29,-64,-79,-57
-17,-107,-48,57,18,-64,63,21,-28,-72,-90,-75
-32,-92,-45,75,36,-104,58,48,-33,-81,-85,-54
-41,-92,-63,69,24,-71,44,45,-43,-107,-70,-54
-24,-93,-70,74,11,-80,44,40,-44,-81,-52,-73
-32,-94,-66,68,-1,-94,66,68,-46,-69,-92,-60
-50,-103,-59,83,5,-82,39,36,-29,-65,-85,-81
-43,-85,-66,64,23,-56,63,31,-14,-75,-83,-72
-26,-98,-42,90,10,-73,85,27,-21,-67,-91,-79
-11,-119,-70,56,25,-75,79,7,-45,-79,-85,-62
-38,-93,-81,78,0,-91,45,51,-31,-76,-82,-79
-27,-93,-51,68,9,-83,64,29,-41,-78,-82,-74
-41,-97,-68,71,2,-97,51,49,-26,-68,-69,-63
-33,-74,-60,44,5,-75,55,42,-38,-68,-99,-56
-42,-101,-58,69,-10,-83,51,39,-28,-104,-93,-81
-36,-94,-70,80,28,-78,48,18,-33,-83,-82,-78
-24,-114,-67,50,-1,-69,42,44,-34,-84,-108,-86
-39,-101,-79,65,2,-71,41,39,-20,-94,-87,-61
-40,-86,-68,54,12,-90,65,30,-18,-84,-89,-95
-11,-103,-61,71,14,-89,51,14,-27,-76,-93,-74
-33,-96,-55,68,4,-91,34,52,-25,-81,-82,-81
-18,-94,-70,57,32,-93,41,47,-45,-106,-96,-80
-54,-81,-64,83,23,-86,59,31,-22,-69,-77,-48
-35,-107,-76,60,34,-84,59,12,-35,-70,-97,-76
-47,-83,-49,32,25,-76,40,23,-12,-79,-75,-60
-46,-86,-77,68,9,-72,53,53,-26,-58,-102,-76
-23,-92,-81,89,-1,-71,48,32,-30,-74,-94,-86
-35,-97,-62,62,8,-59,41,19,-30,-71,-71,-51
-19,-107,-49,67,11,-94,50,56,-25,-57,-120,-86
-16,-98,-65,58,22,-90,50,39,-49,-53,-112,-59
-26,-90,-70,46,1,-89,54,55,-36,-59,-75,-74
-27,-96,-81,64,17,-73,48,27,-42,-59,-88,-76
-37,-106,-62,71,-6,-93,40,46,-26,-42,-95,-51
-27,-95,-60,62,8,-85,56,32,-42,-77,-79,-57
-6,-88,-57,63,8,-82,41,45,-20,-91,-87,-60
-49,-78,-48,91,22,-66,59,32,-32,-73,-68,-48
-43,-98,-68,68,6,-80,54,34,-35,-57,-98,-68
-37,-77,-46,67,6,-75,56,37,-27,-59,-82,-62
-53,-102,-58,70,31,-79,58,48,-32,-44,-94,-73
-41,-93,-55,47,-7,-68,38,60,-30,-65,-101,-60
-23,-86,-67,65,32,-70,75,26,-1,-81,-89,-71
-32,-99,-82,64,-2,-61,58,33,-38,-76,-100,-49
-36,-80,-60,73,5,-70,54,42,-46,-54,-83,-84
-46,-97,-64,70,14,-63,61,51,-17,-72,-58,-74
-34,-97,-75,65,28,-85,56,-1,-14,-84,-68,-61
-28,-84,-30,70,21,-56,62,52,-24,-69,-82,-60
-25,-103,-27,72,9,-86,51,59,-32,-55,-88,-81
-24,-107,-39,65,13,-71,28,42,-9,-54,-81,-45
-27,-84,-58,82,10,-83,27,29,-38,-63,-63,-78
-42,-96,-67,57,12,-74,30,26,-26,-74,-68,-58
-32,-82,-36,48,16,-73,70,38,-54,-52,-58,-55
-27,-66,-60,63,15,-49,54,48,-34,-48,-82,-17
-41,-83,-44,48,11,-51,39,15,-11,-52,-60,-44
-31,-70,-39,39,11,-30,37,34,-25,-68,-67,-40
-10,-60,-21,54,24,-59,51,47,-22,-69,-83,-51
-14,-48,-56,43,26,-49,50,39,-53,-47,-48,-59
-36,-80,-30,42,7,-48,33,25,-20,-38,-45,-36
2,-39,-45,27,18,-65,36,20,-10,-43,-50,-29
-17,-29,-56,31,18,-42,47,21,-6,-32,-54,-36
-16,-58,-24,26,8,-52,35,15,-10,-40,-37,-55
-16,-55,-36,27,19,-26,39,27,-16,-37,-33,-37
-17,-27,-7,18,21,-40,19,17,-15,-65,-28,-28
3,-34,-4,19,4,-35,27,-2,-21,-11,2,-21
-11,0,-7,0,4,-24,2,18,7,-32,10,-15
-10,0,-10,1,5,-30,19,7,-3,-17,-8,-20
18,-13,22,11,-8,-7,-15,-15,-15,19,-19,-7
4,-6,37,10,2,6,4,5,-3,-4,7,16
-5,17,16,3,11,0,-5,5,21,21,-11,-5
-13,31,7,-35,-4,-5,-29,3,-23,13,22,19
23,21,4,-20,-7,29,-15,-1,12,42,33,41
20,34,17,-48,-3,23,-45,-18,17,38,44,18
-8,28,45,-30,-22,64,4,-34,32,31,16,27
12,52,22,-46,-5,39,-43,-14,-1,26,21,15
29,65,44,-56,-6,43,-27,-37,33,47,64,66
19,96,56,-41,-2,61,-39,-30,15,57,89,74
40,86,73,-52,-22,79,-43,-39,20,59,79,56
20,89,64,-100,-16,104,-30,-39,31,79,77,67
32,130,98,-60,-4,78,-48,-49,24,87,89,66
29,106,85,-103,-20,91,-42,-63,50,109,119,85
33,123,87,-71,-8,123,-61,-58,31,97,105,87
54,140,101,-95,-9,101,-84,-68,33,95,132,101
55,149,91,-98,-1,122,-88,-54,43,104,121,106
76,156,88,-96,-28,121,-100,-69,41,107,138,118
73,159,122,-106,-17,134,-77,-75,68,125,150,114
73,168,104,-83,-35,155,-96,-71,42,117,157,109
62,159,126,-109,-20,146,-105,-72,62,108,158,117
50,171,132,-105,-25,140,-85,-52,65,119,153,117
74,185,129,-138,-16,149,-79,-66,38,134,159,135
64,204,123,-111,-29,161,-99,-83,78,110,180,138
62,189,128,-125,-63,159,-94,-77,38,132,159,124
67,195,115,-129,-40,151,-106,-55,50,161,150,108
69,199,129,-110,-29,154,-103,-80,42,122,155,124
79,164,119,-106,-31,140,-116,-67,54,140,150,118
60,161,96,-124,-6,145,-116,-67,45,141,159,128
55,174,86,-102,-27,147,-95,-92,49,137,150,101
44,141,113,-109,-20,144,-92,-60,38,157,144,118
66,165,98,-110,1,127,-90,-60,39,129,132,105
27,161,115,-97,-49,126,-86,-62,65,112,132,121
70,152,103,-103,-17,124,-97,-75,52,105,127,102
40,131,81,-119,-20,119,-79,-55,20,113,128,81
38,134,91,-75,-31,114,-58,-46,39,91,130,89
37,128,78,-70,-51,91,-64,-48,10,100,92,99
48,116,60,-78,-27,87,-82,-30,33,79,108,85
11,124,80,-75,-16,89,-48,-39,31,68,88,85
28,106,71,-65,-12,74,-61,-20,16,64,73,62
47,72,78,-23,-36,71,-53,-21,36,79,75,69
27,88,54,-52,-6,45,-35,-24,31,59,53,57
36,66,42,-51,-41,26,-42,-20,20,27,33,28
18,43,13,-37,-5,40,-31,-14,15,63,66,35
8,33,6,-22,-3,31,-20,-24,13,40,39,30
-19,59,-4,-9,-9,25,-28,-20,8,39,11,22
4,21,17,-9,-4,11,-29,18,25,20,14,4
-5,11,15,-18,-5,-2,-1,2,10,18,0,13
-5,-4,2,-4,10,-19,0,13,-18,6,-4,-8
-1,-12,-20,9,30,2,-18,-13,-14,7,-22,-16
-13,0,-14,-2,-25,-1,17,-3,-39,-10,5,5
-14,-12,-9,3,11,-17,27,25,-14,-39,-20,-17
-5,-28,-26,25,15,-27,16,7,-5,-15,-6,-18
-2,-29,-17,29,24,-39,43,22,-35,-14,-48,-8
-8,-35,-10,39,18,-28,33,16,7,-29,-25,-34
-31,-19,-29,63,31,-50,19,19,-16,-42,-38,-23
-6,-60,-36,30,14,-14,37,24,-34,-45,-51,-33
-8,-44,-17,31,14,-20,16,19,-20,-36,-50,-46
-50,-69,-39,43,-6,-38,37,10,-29,-49,-55,-28
-36,-59,-33,35,3,-66,33,24,-32,-58,-79,-54
-18,-74,-45,38,8,-63,36,23,-36,-61,-46,-40
-14,-70,-42,27,23,-56,31,-1,-20,-56,-62,-44
-34,-79,-44,50,4,-72,37,32,-11,-75,-58,-62
-27,-107,-42,50,9,-63,26,32,-48,-64,-85,-53
-47,-101,-64,78,10,-86,58,56,-35,-72,-130,-62
-25,-101,-72,74,11,-84,56,62,-30,-75,-86,-69
-35,-102,-56,61,18,-118,62,42,-35,-97,-93,-65
-61,-128,-90,74,3,-113,83,62,-27,-94,-106,-67
-31,-116,-99,99,29,-111,66,70,-57,-105,-110,-80
-43,-135,-85,81,12,-120,93,56,-41,-112,-125,-96
-53,-145,-103,102,22,-131,104,66,-41,-113,-148,-109
-47,-171,-122,130,38,-158,87,82,-43,-137,-159,-112
-55,-178,-105,116,49,-134,96,44,-76,-130,-160,-132
-78,-173,-114,150,30,-154,102,99,-54,-140,-171,-129
-73,-226,-148,136,30,-156,115,79,-56,-155,-178,-159
-81,-224,-138,162,14,-200,119,92,-81,-174,-194,-159
-83,-259,-134,182,34,-191,137,87,-74,-178,-224,-186
-94,-239,-169,164,18,-221,135,112,-77,-185,-217,-178
-96,-269,-175,178,45,-226,152,76,-73,-199,-238,-199
-91,-287,-189,177,56,-236,146,116,-69,-213,-235,-162
-108,-271,-173,204,25,-227,135,112,-91,-220,-235,-171
-73,-265,-175,198,43,-214,158,118,-104,-194,-268,-196
-85,-282,-181,163,28,-214,143,102,-60,-185,-232,-193
-71,-233,-165,168,47,-215,129,94,-58,-181,-204,-157
-74,-198,-141,143,13,-155,97,79,-42,-122,-198,-148
-58,-145,-83,118,18,-121,103,60,-51,-107,-114,-96
-42,-88,-48,63,37,-60,36,57,-23,-67,-74,-37
-3,-12,0,5,5,10,2,-13,12,1,-30,-8
21,63,41,-60,-28,58,-41,-26,13,42,80,42
57,193,120,-140,-31,136,-95,-65,47,132,142,112
84,283,164,-196,-55,218,-166,-127,79,205,268,181
144,376,243,-260,-45,300,-207,-139,108,305,320,275
180,497,326,-330,-57,431,-287,-216,173,340,425,329
182,604,388,-390,-82,493,-339,-240,181,440,566,442
258,706,467,-501,-97,583,-390,-294,214,535,637,487
276,813,538,-543,-114,666,-436,-330,242,597,737,574
325,895,558,-605,-143,741,-495,-358,261,676,785,622
321,978,609,-664,-146,782,-519,-380,279,699,846,631
342,979,630,-654,-147,786,-533,-384,308,736,877,666
352,960,640,-683,-126,820,-545,-400,310,729,868,690
323,961,594,-646,-150,792,-517,-377,276,716,855,671
313,904,601,-636,-148,788,-503,-384,275,699,797,650
292,835,533,-576,-143,731,-462,-344,255,610,754,584
287,759,465,-526,-99,636,-406,-295,221,556,686,527
217,664,416,-448,-92,551,-360,-267,192,491,578,451
186,537,324,-369,-62,455,-321,-210,174,390,486,376
144,418,253,-277,-60,335,-238,-162,102,308,346,273
102,289,165,-194,-42,219,-161,-118,94,233,238,211
35,170,123,-117,-39,121,-96,-52,49,155,147,105
4,51,55,-21,1,35,-4,-35,19,45,69,0
-19,-26,-20,14,-9,-36,14,7,-18,-26,-62,-9
-38,-125,-77,87,1,-116,62,36,-37,-92,-138,-121
-63,-213,-158,133,48,-152,117,89,-78,-167,-187,-160
-110,-279,-174,189,58,-221,129,107,-73,-210,-238,-174
-88,-320,-197,209,59,-253,182,126,-96,-248,-282,-236
-107,-355,-232,240,82,-295,210,145,-144,-276,-312,-227
-125,-374,-231,258,59,-304,192,168,-120,-299,-344,-243
-132,-381,-241,273,74,-331,204,145,-118,-280,-326,-261
-131,-371,-239,270,42,-321,221,174,-114,-287,-339,-269
-130,-384,-250,267,66,-348,198,154,-127,-294,-362,-266
-104,-369,-230,253,57,-295,216,148,-106,-267,-351,-261
-119,-325,-229,251,34,-270,188,133,-97,-287,-313,-242
-117,-317,-180,230,62,-267,168,142,-87,-241,-299,-231
-91,-292,-198,218,65,-257,171,127,-76,-215,-273,-205
-88,-281,-170,180,48,-238,159,108,-86,-222,-267,-208
-74,-245,-174,168,74,-203,143,91,-77,-214,-251,-190
-61,-217,-135,146,33,-187,117,92,-59,-165,-226,-147
-82,-202,-139,154,34,-189,122,68,-75,-147,-197,-134
-56,-186,-126,144,25,-148,88,69,-41,-136,-168,-127
-57,-179,-91,120,8,-165,115,95,-36,-157,-141,-119
-61,-164,-105,117,10,-140,104,64,-53,-142,-142,-130
-60,-160,-114,101,17,-123,82,70,-52,-103,-137,-100
-50,-117,-107,90,24,-124,62,68,-32,-100,-121,-91
-25,-146,-65,73,23,-98,87,44,-21,-89,-117,-86
-63,-129,-98,101,-3,-107,77,59,-42,-94,-120,-86
-38,-117,-85,77,5,-87,57,61,-22,-92,-85,-93
-27,-128,-86,57,20,-103,63,56,-42,-84,-111,-85
-61,-121,-79,77,13,-95,61,61,-50,-88,-83,-70
-39,-101,-76,91,13,-90,43,47,-48,-92,-93,-81
-17,-101,-72,88,9,-94,57,48,-35,-66,-92,-83
-33,-92,-69,61,28,-86,49,55,-42,-67,-94,-51
-19,-107,-86,69,32,-79,70,33,-28,-87,-96,-84
-33,-113,-67,86,-1,-99,52,24,-20,-85,-99,-75
-11,-101,-57,69,6,-61,55,15,-36,-61,-91,-65
-25,-89,-61,49,-1,-49,87,33,-31,-56,-113,-82
-41,-81,-49,66,-8,-53,43,37,-26,-66,-82,-70
-13,-62,-53,62,33,-62,45,43,-8,-67,-86,-44
-9,-107,-38,42,15,-71,31,18,-12,-53,-76,-60
-31,-92,-55,48,20,-71,50,16,-16,-61,-66,-51
-16,-43,-49,43,7,-65,45,33,-42,-46,-43,-49
-19,-78,-64,57,17,-57,38,24,-12,-51,-40,-60
-8,-94,-65,52,7,-67,56,36,-23,-56,-70,-46
-6,-63,-34,42,0,-53,27,6,-7,-39,-56,-62
-27,-81,-36,36,17,-58,22,-2,-27,-48,-54,-28
-19,-54,-38,26,12,-40,45,30,19,-36,-53,-44
9,-17,-19,6,-14,-24,20,15,-20,-40,-35,-36
-24,-51,-26,41,1,-31,-1,18,-9,-28,-23,-36
-21,-46,-26,14,-3,-22,24,16,-8,-17,-23,-6
-11,-56,-21,24,1,-26,22,7,-11,-26,-39,-37
-9,-16,1,15,14,-16,15,21,1,-45,-25,-17
-17,-25,-13,45,12,-31,17,17,-14,-11,-9,-21
31,-14,-34,4,11,-24,15,6,-10,5,-6,-14
2,-21,8,5,-11,7,-1,-4,6,-13,-10,10
-3,29,3,-21,-14,12,9,-24,7,5,-17,-5
-2,8,17,-15,-9,21,-8,-19,-2,-19,11,15
-5,20,-5,-24,-12,9,-13,-37,10,34,44,21
18,23,30,-12,9,23,-26,-35,37,30,18,20
8,32,29,-13,-30,27,-6,-11,10,26,32,17
-6,49,40,-30,-11,45,-32,-15,10,35,68,39
26,45,21,-38,24,68,-48,-34,19,35,51,52
23,76,37,-33,-9,65,-57,-12,26,31,57,57
24,91,39,-59,-14,70,-47,-40,39,77,71,75
21,90,39,-64,-10,74,-57,-44,5,77,99,45
27,76,69,-59,-28,76,-51,-43,36,56,84,68
9,106,67,-65,-6,95,-49,-50,29,79,77,56
52,127,93,-85,-28,98,-63,-41,29,93,99,72
45,119,75,-81,-27,107,-68,-54,14,99,124,104
30,115,75,-94,-32,125,-76,-58,63,100,126,99
64,116,77,-104,-22,125,-94,-45,35,116,124,98
50,161,104,-102,-17,116,-89,-69,42,106,132,82
57,179,99,-114,-28,139,-97,-84,52,117,172,89
48,177,120,-122,-3,164,-85,-70,50,100,146,126
54,188,110,-109,-37,154,-102,-66,49,147,149,132
50,193,123,-135,-37,154,-105,-79,53,163,202,121
62,200,133,-141,-32,157,-129,-61,88,153,183,132
56,203,153,-142,-13,178,-130,-95,59,170,196,165
99,213,155,-140,-17,185,-124,-84,68,165,198,164
88,250,160,-166,-26,187,-124,-92,87,196,198,134
75,254,144,-161,-25,201,-138,-73,68,203,198,166
94,240,168,-182,-30,212,-139,-119,84,181,225,195
89,276,183,-168,-40,214,-132,-108,87,183,239,196
69,288,166,-168,-48,223,-129,-109,80,196,234,185
104,258,172,-200,-39,215,-155,-107,81,198,234,175
100,278,169,-178,-54,245,-155,-125,85,209,248,183
90,270,190,-180,-36,230,-160,-113,81,200,260,202
91,284,170,-200,-34,253,-163,-122,104,216,264,222
106,284,203,-219,-50,239,-165,-100,104,218,258,212
112,282,187,-201,-43,280,-160,-117,99,230,258,195
114,279,201,-199,-34,263,-171,-104,108,233,273,216
127,303,210,-219,-27,252,-173,-144,94,217,286,228
106,296,189,-214,-16,253,-168,-130,118,238,302,219
117,306,204,-249,-45,265,-167,-128,105,246,291,229
109,333,183,-225,-32,263,-176,-115,99,233,303,232
104,314,220,-217,-25,279,-191,-148,84,255,305,231
111,341,230,-211,-46,249,-184,-113,80,242,279,215
89,338,230,-189,-63,284,-179,-104,96,230,293,214
101,322,237,-208,-63,264,-179,-128,88,246,279,235
112,332,209,-213,-41,286,-184,-101,86,229,308,234
111,318,211,-222,-56,252,-161,-123,79,234,298,208
96,328,218,-251,-60,262,-191,-114,120,229,302,214
124,313,198,-210,-54,236,-159,-112,77,248,298,198
119,313,200,-213,-34,267,-166,-120,111,257,290,199
98,294,193,-190,-39,233,-144,-109,89,230,273,210
111,300,190,-213,-44,252,-205,-117,92,227,291,208
114,296,173,-196,-48,247,-166,-148,94,227,280,226
114,287,187,-206,-30,248,-168,-125,91,203,258,192
104,286,179,-208,-47,241,-155,-131,76,216,246,208
96,273,160,-201,-46,233,-157,-138,79,210,266,193
92,253,184,-193,-16,234,-137,-115,96,196,261,194
84,272,175,-197,-24,227,-143,-105,77,206,233,191
103,247,191,-166,-43,196,-136,-94,53,207,224,190
65,241,154,-166,-32,210,-144,-106,76,177,226,194
82,253,162,-132,-30,204,-129,-104,69,186,193,164
74,247,160,-156,-37,203,-125,-94,82,162,198,187
81,207,124,-142,-32,192,-132,-101,79,187,193,155
65,211,132,-134,-32,171,-95,-94,58,168,186,156
54,212,121,-148,-29,169,-102,-63,98,142,174,132
76,193,136,-131,-56,174,-102,-65,57,139,176,160
79,194,106,-134,-21,134,-109,-92,35,136,144,129
66,166,89,-115,-34,145,-104,-68,64,146,153,120
51,169,104,-120,-20,143,-79,-46,67,94,133,116
28,157,106,-104,-35,117,-47,-85,39,100,134,95
37,133,89,-117,-21,112,-53,-58,62,95,153,94
55,137,87,-97,-26,106,-56,-40,49,69,129,92
54,114,66,-82,10,91,-50,-60,26,87,107,80
42,105,78,-62,-43,94,-79,-22,12,80,97,76
27,103,69,-50,-18,83,-58,-55,40,89,93,68
32,116,45,-41,-9,66,-47,-32,30,75,66,81
23,106,61,-69,-9,58,-43,-30,42,81,76,69
4,64,48,-72,-16,49,-57,-36,7,36,53,33
12,79,11,-32,3,55,-18,-36,22,42,47,27
6,56,39,-26,-7,31,-23,-10,25,30,35,32
2,25,35,-24,-5,28,-11,-24,18,10,29,55
-9,12,35,-27,23,17,-28,-10,10,-6,37,21
12,20,17,-4,0,10,-4,-29,-13,20,22,9
-1,9,21,-24,-12,10,-14,4,20,-6,9,22
-4,-8,15,1,-15,11,-12,1,-9,7,0,7
-2,-4,19,-5,2,9,8,16,-1,6,-16,2
-12,12,-3,16,12,-13,3,13,-8,-15,-6,13
-13,1,2,-1,-3,-26,34,6,-6,-12,-6,-11
-11,-33,2,20,-14,-26,7,14,-5,-26,-39,-3
-1,-34,-14,35,11,-29,19,19,10,-17,-50,-32
-8,-49,-25,22,6,-24,18,16,-7,-27,-46,-25
-19,-34,-32,40,0,-39,34,-14,-31,-18,-36,-25
-39,-42,-27,43,-7,-48,22,20,-22,-48,-57,-12
-29,-58,-39,31,16,-60,42,7,1,-53,-52,-62
-9,-79,-36,43,33,-54,31,21,-10,-36,-64,-60
-21,-61,-42,54,23,-58,45,26,-12,-54,-78,-56
-39,-70,-38,74,12,-42,60,42,-32,-63,-64,-35
-22,-87,-50,46,18,-74,57,26,-12,-81,-63,-63
-20,-101,-67,50,10,-63,41,33,-10,-51,-57,-43
-20,-98,-46,53,14,-61,39,25,-22,-53,-66,-54
-45,-79,-55,71,9,-76,37,51,-31,-68,-68,-61
-25,-84,-79,88,27,-94,51,37,-38,-74,-97,-74
-36,-108,-47,65,12,-62,62,52,-45,-69,-55,-72
-32,-93,-79,62,4,-88,50,25,-38,-88,-107,-71
-25,-133,-64,36,10,-88,54,47,-8,-47,-67,-85
-42,-96,-72,69,27,-119,71,43,-27,-78,-97,-63
-57,-91,-74,61,-18,-75,66,51,-40,-78,-98,-58
-27,-100,-85,92,-1,-106,51,63,-9,-72,-91,-64
-45,-107,-83,91,7,-89,53,51,-55,-66,-116,-78
-42,-128,-78,64,32,-109,78,57,-29,-72,-106,-94
-29,-128,-93,83,32,-86,50,54,-35,-96,-101,-75
-28,-131,-62,82,2,-93,78,52,-38,-89,-128,-83
-55,-135,-90,90,28,-99,53,58,-7,-84,-122,-55
-30,-118,-88,89,56,-95,82,50,-35,-79,-92,-64
-54,-141,-77,101,6,-107,86,14,-41,-75,-120,-93
-54,-127,-60,105,12,-89,77,35,-18,-86,-109,-74
-41,-118,-75,73,17,-101,53,51,-42,-82,-124,-86
-37,-137,-84,92,22,-114,72,74,-46,-94,-118,-75
-38,-133,-82,68,6,-119,71,36,-25,-118,-105,-67
-53,-121,-94,78,9,-128,78,49,-37,-94,-118,-89
-54,-114,-73,85,2,-105,56,46,-32,-98,-116,-117
-39,-127,-59,94,19,-122,65,40,-29,-89,-131,-95
-32,-128,-86,83,19,-106,75,41,-4,-90,-115,-101
-44,-140,-79,89,25,-100,56,60,-31,-87,-103,-83
-41,-116,-83,78,30,-96,60,54,-45,-94,-105,-104
-28,-123,-81,76,23,-118,76,57,-42,-90,-106,-89
-35,-132,-66,89,7,-106,82,58,-35,-82,-123,-71
-57,-133,-73,78,38,-105,56,64,-38,-88,-125,-81
-33,-118,-86,84,-3,-97,73,56,-28,-104,-127,-74
-26,-108,-86,97,36,-104,73,52,-44,-109,-106,-83
-38,-117,-88,98,2,-103,64,46,-27,-94,-109,-86
-64,-131,-77,88,15,-105,68,51,-55,-85,-116,-102
-52,-113,-105,86,25,-93,74,60,-30,-95,-109,-101
-49,-119,-77,76,17,-127,67,46,-34,-109,-104,-88
-45,-125,-68,96,2,-116,55,54,-42,-94,-95,-83
-74,-117,-79,81,17,-80,57,63,-30,-85,-115,-118
-47,-156,-79,89,34,-112,89,63,-36,-80,-118,-85
-39,-130,-73,82,7,-100,63,28,-20,-95,-93,-71
-39,-122,-94,88,14,-100,62,61,-48,-67,-104,-90
-44,-135,-75,101,24,-117,69,69,-47,-96,-93,-68
-64,-139,-78,94,20,-129,59,52,-28,-92,-118,-80
-55,-103,-84,110,21,-94,54,70,-26,-97,-116,-71
-58,-116,-79,72,29,-105,71,30,-49,-67,-112,-66
-42,-122,-72,89,7,-109,67,30,-19,-108,-128,-75
-60,-124,-73,87,4,-90,38,65,-33,-96,-101,-83
-47,-111,-88,80,39,-77,58,48,-34,-96,-111,-88
-31,-126,-73,90,30,-103,63,35,-44,-83,-104,-112
-31,-137,-75,83,4,-85,70,31,-27,-95,-106,-68
-45,-137,-77,69,5,-81,59,56,-29,-92,-121,-57
-23,-134,-59,69,38,-108,70,31,-38,-104,-108,-90
-34,-141,-70,100,18,-77,70,55,-22,-84,-119,-80
-49,-135,-81,107,23,-106,65,54,-20,-90,-81,-66
-36,-108,-66,83,10,-82,58,51,-24,-108,-98,-76
-24,-96,-76,83,19,-102,58,60,-36,-78,-93,-86
-47,-112,-60,69,16,-85,34,39,-57,-68,-112,-71
-35,-114,-95,80,7,-79,56,41,-36,-87,-120,-84
-48,-117,-81,88,-6,-91,62,60,-20,-77,-87,-95
-61,-95,-64,72,17,-70,59,61,-11,-78,-123,-92
-43,-107,-46,78,36,-82,66,41,-49,-93,-126,-69
-64,-128,-54,71,13,-85,64,47,-15,-105,-79,-77
-47,-107,-58,76,21,-110,50,41,-3,-103,-108,-68
-30,-125,-52,84,4,-105,67,47,-19,-77,-97,-71
-45,-139,-52,45,4,-80,47,50,-48,-83,-97,-73
-24,-115,-62,65,40,-93,69,53,-41,-69,-87,-56
-66,-118,-52,85,28,-89,54,43,-14,-97,-103,-47
-8,-92,-76,86,10,-102,59,43,-26,-66,-118,-63
-17,-96,-77,74,20,-88,66,57,-22,-101,-91,-91
-26,-113,-71,61,30,-89,54,64,-23,-73,-82,-83
-55,-106,-74,53,19,-86,50,52,-27,-64,-88,-70
-28,-86,-80,83,14,-76,60,44,-36,-77,-92,-60
-27,-99,-70,77,6,-93,48,38,-34,-84,-99,-77
-19,-96,-74,74,-4,-80,54,46,-12,-79,-90,-94
-25,-102,-68,84,41,-94,53,39,-22,-52,-106,-76
-26,-83,-67,63,26,-84,60,31,-22,-75,-83,-77
-30,-93,-57,61,14,-66,21,55,-14,-62,-78,-43
-31,-104,-47,68,8,-72,38,27,-9,-84,-66,-63
-24,-85,-43,59,18,-74,30,47,-33,-80,-94,-55
-30,-91,-51,46,19,-70,47,26,-33,-68,-47,-71
-35,-74,-57,72,14,-68,46,38,-15,-42,-89,-58
-42,-105,-48,40,12,-50,49,49,-11,-62,-57,-68
-28,-43,-59,53,21,-64,32,48,-25,-37,-74,-24
-21,-44,-40,58,15,-70,34,22,-29,-55,-67,-43
-1,-56,-39,20,21,-46,26,3,8,-39,-55,-60
-22,-59,-38,39,2,-45,34,40,-5,-41,-65,-24
-33,-46,-15,44,11,-49,48,21,-2,-26,-21,-40
4,-68,-37,30,33,-32,24,2,1,-17,-51,-27
-28,-36,-25,20,1,-22,30,38,-29,-40,-29,-28
-17,-21,-12,13,20,-10,14,13,-16,-29,-36,-29
-5,-39,-7,2,1,-9,13,18,6,-27,-4,-19
-6,-1,-7,2,-5,0,18,-8,-22,-17,-12,-25
-13,-7,-5,-18,20,0,9,-3,-1,2,13,16
14,13,-30,-3,-3,11,-17,4,-12,17,0,1
3,27,18,11,-16,-3,0,-3,-9,7,0,16
-1,29,11,-15,6,27,-7,-19,17,23,22,10
4,11,19,-26,-9,29,-49,10,14,37,18,45
17,52,33,-30,-11,28,-24,1,26,33,41,19
-5,52,25,-33,-28,25,-9,-13,9,47,31,43
37,51,22,-51,1,79,-35,-7,4,67,49,34
25,60,54,-42,-13,48,-39,-38,44,58,67,48
42,92,43,-57,-4,70,-40,-39,41,54,81,35
33,95,49,-46,-13,55,-43,-35,33,92,113,59
38,120,52,-86,5,94,-73,-59,25,82,96,73
37,96,90,-78,-24,93,-77,-48,27,76,102,92
51,148,105,-98,-22,96,-62,-44,39,92,125,80
42,127,89,-93,0,104,-81,-49,40,74,83,88
48,143,99,-103,-49,130,-71,-48,39,99,127,106
62,156,108,-76,-44,129,-78,-48,43,110,124,110
61,168,105,-109,3,113,-67,-81,46,107,135,110
55,172,113,-104,-29,131,-83,-55,49,114,135,121
55,152,112,-125,-16,137,-98,-81,49,138,148,119
77,161,116,-84,-9,130,-96,-87,50,123,149,121
66,173,98,-132,-24,154,-87,-66,66,106,165,129
57,166,103,-143,-40,130,-85,-63,53,144,147,95
34,200,117,-124,-25,161,-98,-52,44,134,154,141
72,187,126,-128,-22,143,-95,-84,39,132,158,119
45,178,100,-127,-45,140,-89,-69,50,123,151,108
51,142,103,-119,-38,143,-86,-68,56,140,154,129
48,169,120,-122,-27,163,-104,-55,64,104,148,104
59,149,116,-144,-26,145,-87,-68,51,134,133,100
37,155,107,-98,-13,143,-82,-56,34,139,140,127
75,156,76,-104,-25,137,-92,-26,44,122,158,98
47,149,117,-111,-25,129,-81,-74,67,105,125,112
48,148,99,-104,-25,125,-93,-41,60,99,142,116
77,145,92,-101,-3,118,-83,-50,46,102,114,122
53,127,73,-96,-33,95,-59,-60,49,93,136,94
68,108,83,-95,-31,98,-46,-36,25,89,83,82
31,120,63,-95,-19,84,-73,-41,30,64,118,61
34,88,58,-78,-3,94,-49,-53,32,66,100,74
41,91,78,-49,-9,70,-78,-39,10,80,77,54
26,102,67,-66,0,80,-28,-27,30,61,70,53
25,89,26,-44,-11,54,-41,-31,29,57,59,50
7,46,49,-61,-16,50,-10,-20,23,47,61,48
25,35,40,-16,-9,46,-37,-11,12,43,61,22
5,50,30,-40,4,35,-22,-23,25,28,39,32
-12,43,17,-17,-4,44,-20,-24,4,13,8,16
9,45,15,-25,-10,7,-15,-2,19,15,14,27
-3,25,23,-43,15,18,-6,-15,-6,24,10,-6
11,11,8,5,11,-1,9,-4,-41,1,-12,3
-14,-24,5,-4,6,-9,-1,5,0,-11,-40,-25
-9,0,-5,9,5,-19,18,4,-4,-12,9,-7
-5,-8,-23,15,16,1,-1,11,8,-10,-11,-9
6,-28,-11,21,-13,-2,26,24,-9,-37,-7,-9
-31,-60,-23,21,-14,-30,13,-9,-5,-43,-35,-27
-23,-48,-26,8,-1,-32,34,33,-32,-6,-42,-35
-30,-61,-24,27,-3,-28,47,29,14,-20,-30,-25
-26,-52,-35,14,17,-58,31,47,-8,-34,-49,-39
-14,-42,-38,25,-2,-54,42,27,-23,-25,-45,-34
-36,-81,-24,47,12,-46,30,17,-20,-53,-68,-43
-31,-83,-46,43,23,-67,61,18,-33,-49,-79,-37
-10,-91,-53,47,10,-75,21,34,-8,-63,-65,-59
-18,-87,-54,64,-15,-41,48,34,-31,-58,-69,-69
-30,-80,-62,46,9,-54,41,36,-29,-48,-76,-55
-28,-77,-41,60,-3,-89,22,18,-47,-79,-62,-57
-37,-105,-31,44,10,-66,41,37,-18,-40,-72,-42
-29,-74,-36,78,27,-73,35,48,-19,-62,-99,-61
-22,-82,-54,91,-1,-79,41,22,-21,-59,-92,-63
-40,-92,-66,72,9,-77,53,34,-22,-54,-73,-74
-43,-106,-77,80,26,-76,46,34,-33,-79,-116,-49
-39,-110,-68,85,26,-85,53,24,-26,-63,-113,-86
-37,-141,-90,80,6,-100,62,37,-51,-103,-101,-85
-49,-137,-78,89,2,-106,89,76,-44,-113,-132,-90
-64,-150,-109,93,-1,-136,80,59,-50,-120,-145,-114
-31,-179,-102,96,33,-122,104,78,-64,-136,-157,-113
-57,-169,-110,136,34,-138,86,54,-60,-117,-157,-112
-80,-192,-137,137,21,-164,117,92,-67,-142,-173,-152
-93,-194,-157,140,18,-190,113,73,-89,-171,-187,-151
-95,-242,-148,161,42,-191,140,91,-70,-179,-186,-166
-113,-252,-139,166,42,-203,125,89,-84,-162,-226,-173
-75,-265,-170,173,46,-196,146,95,-95,-185,-233,-172
-118,-263,-182,180,46,-214,147,108,-82,-202,-235,-186
-80,-263,-176,174,34,-229,140,115,-92,-190,-237,-192
-95,-258,-191,192,37,-224,152,80,-104,-197,-222,-185
-69,-255,-174,164,13,-207,133,114,-76,-201,-222,-168
-77,-214,-152,145,34,-185,129,89,-54,-162,-211,-147
-70,-197,-138,116,22,-147,97,61,-61,-138,-160,-133
-42,-133,-94,77,22,-131,44,55,-47,-94,-109,-97
-30,-68,-76,69,18,-50,43,30,-34,-39,-47,-26
6,-10,6,-6,5,16,8,3,-13,-8,9,14
36,103,85,-75,-9,102,-46,-35,35,80,69,48
68,197,149,-127,-14,164,-101,-77,58,146,174,141
116,305,183,-201,-59,240,-154,-114,90,221,271,214
146,408,279,-290,-65,348,-212,-185,121,316,368,274
169,526,322,-355,-98,426,-284,-190,155,372,465,361
213,599,392,-428,-92,530,-344,-229,177,471,570,447
258,720,479,-499,-127,600,-412,-304,192,544,652,505
299,827,540,-570,-114,678,-446,-332,268,634,763,579
307,916,611,-617,-143,765,-515,-386,273,701,810,634
360,994,621,-647,-149,816,-558,-384,274,731,883,688
374,1012,660,-680,-166,828,-570,-406,313,766,909,696
360,1020,659,-687,-167,838,-549,-415,301,750,916,727
355,1000,646,-673,-169,820,-535,-405,313,740,906,710
377,935,650,-654,-149,815,-522,-390,278,717,873,660
304,904,597,-615,-131,744,-501,-345,273,688,793,649
276,809,521,-536,-136,681,-450,-330,252,630,726,566
253,699,465,-488,-110,589,-380,-296,238,531,637,496
206,586,369,-433,-92,494,-335,-259,172,446,539,435
179,487,322,-332,-73,398,-258,-195,159,359,436,328
121,345,249,-245,-75,285,-208,-142,113,287,311,230
90,231,151,-142,-34,196,-133,-96,77,177,226,154
47,124,52,-72,-35,124,-52,-43,58,96,103,93
21,41,0,-6,-18,7,-8,-4,-12,26,23,29
-20,-83,-48,41,19,-74,36,40,-8,-54,-72,-60
-50,-167,-114,134,23,-118,80,50,-43,-94,-133,-102
-74,-209,-139,152,30,-204,143,71,-55,-169,-203,-160
-93,-279,-169,181,48,-230,168,130,-78,-193,-246,-170
-112,-314,-197,229,42,-264,179,104,-84,-226,-285,-215
-120,-352,-210,248,38,-302,190,156,-106,-271,-324,-244
-122,-348,-236,250,48,-308,188,130,-108,-274,-333,-251
-133,-341,-247,241,57,-289,201,162,-105,-264,-337,-256
-130,-339,-232,242,59,-304,204,143,-117,-280,-297,-259
-103,-349,-213,232,28,-287,207,129,-101,-263,-314,-249
-116,-329,-190,215,49,-274,174,144,-116,-231,-279,-224
-87,-311,-182,198,30,-216,165,123,-86,-224,-263,-222
-77,-252,-190,200,46,-233,167,102,-83,-183,-262,-211
-83,-231,-159,181,30,-193,144,96,-76,-195,-231,-179
-75,-224,-137,148,49,-206,123,109,-64,-160,-193,-162
-84,-204,-127,149,38,-167,117,100,-68,-151,-189,-135
-58,-165,-130,112,34,-127,97,76,-57,-116,-155,-103
-40,-169,-108,112,2,-135,85,47,-53,-131,-159,-118
-49,-154,-93,108,-1,-119,65,77,-39,-88,-124,-115
-44,-118,-88,84,26,-131,77,33,-38,-115,-123,-85
-57,-119,-74,88,44,-105,45,58,-30,-84,-92,-89
-47,-92,-67,87,8,-81,47,50,-44,-87,-102,-75
-38,-96,-54,73,-1,-89,68,34,-26,-107,-87,-61
-33,-101,-36,47,34,-73,66,10,-15,-53,-67,-76
-24,-68,-56,40,-5,-99,46,41,-18,-85,-61,-67
-35,-81,-56,48,3,-50,22,35,-23,-53,-52,-51
-17,-70,-49,49,13,-37,48,33,-28,-59,-67,-51
-34,-90,-45,36,8,-58,25,24,-17,-55,-57,-48
-3,-81,-50,37,17,-55,39,-9,-32,-75,-38,-46
-10,-71,-37,44,-7,-51,22,5,-16,-44,-68,-37
-20,-39,-42,51,13,-52,28,13,-19,-46,-53,-57
-28,-68,-38,37,-13,-54,29,23,-12,-64,-52,-38
-35,-60,-25,41,11,-66,24,25,-33,-41,-45,-23
-11,-65,-40,34,2,-62,38,31,-51,-42,-54,-30
-21,-47,-30,32,3,-32,34,14,3,-32,-46,-30
-16,-52,-47,16,8,-26,33,-8,-17,-24,-38,2
-10,-14,-38,26,6,-34,29,7,-13,-46,-30,-25
-42,-36,-45,2,14,-39,33,13,-23,-22,-39,-12
-33,-29,-34,32,11,-32,31,24,-1,-36,-45,-16
-7,-27,-27,18,1,-51,46,4,-11,-36,-44,-56
-6,-27,-16,35,-7,-16,40,6,15,-37,-34,-34
1,-22,-22,18,15,-9,37,-7,-2,-18,-15,-16
-24,-1,-18,-8,-4,-19,33,-9,5,-23,-22,2
-1,-7,-22,8,20,-28,7,-4,-8,-32,-20,10
2,8,-3,6,12,9,12,16,-1,13,-8,-15
-19,-11,-14,6,-14,5,13,-6,-23,-7,8,9
4,-19,25,22,2,12,9,-4,0,-23,-8,6
3,4,15,-3,7,38,-6,7,-24,9,-11,-7
6,5,-6,-2,-10,12,-3,-4,1,6,19,27
7,10,-7,-20,5,31,-27,-4,3,22,40,24
36,26,30,-6,4,30,-19,0,7,33,11,23
17,38,27,-24,10,30,-19,-1,5,12,-3,25
-4,42,35,-45,-19,36,10,-10,32,35,60,24
20,47,14,-53,-3,41,-30,-13,20,38,45,52
6,72,46,-39,-27,46,-56,3,5,40,58,26
9,57,51,-34,-7,69,-43,-12,24,64,68,54
40,60,68,-62,-23,87,-50,-45,32,57,67,36
40,104,35,-60,-3,67,-65,-31,32,78,77,64
25,106,58,-54,-10,61,-55,-38,47,85,82,83
27,92,74,-68,-31,90,-44,-59,41,78,88,74
36,122,92,-87,-7,97,-63,-52,33,79,100,101
67,119,85,-93,17,95,-78,-36,39,89,124,98
43,154,75,-119,-21,117,-68,-64,36,134,114,87
40,157,87,-132,-24,110,-88,-49,30,114,113,94
58,147,103,-80,-7,122,-85,-86,69,131,148,98
51,150,102,-122,-14,156,-79,-81,42,119,153,107
76,174,95,-138,-28,146,-79,-59,51,139,181,105
87,171,120,-129,-60,179,-100,-74,62,150,161,127
44,175,130,-142,2,170,-103,-82,63,116,179,135
91,230,135,-114,-20,183,-88,-82,49,135,176,132
86,205,145,-170,-30,194,-121,-93,51,153,179,163
82,209,161,-135,-14,187,-119,-67,74,156,204,164
98,235,135,-149,-42,190,-130,-101,80,174,211,183
85,275,152,-174,-24,191,-147,-102,73,171,234,169
89,256,175,-168,-42,224,-115,-106,86,192,238,184
79,263,175,-170,-23,234,-159,-114,73,184,260,176
106,256,189,-195,-30,214,-156,-101,89,201,234,182
89,279,178,-202,-54,223,-167,-84,86,199,255,197
92,290,189,-181,-62,248,-155,-102,96,209,252,208
101,298,194,-202,-45,246,-165,-103,103,212,280,215
124,313,189,-195,-60,258,-161,-93,78,237,282,227
108,331,230,-231,-30,273,-162,-138,120,236,269,227
98,322,207,-213,-52,271,-181,-123,89,239,283,233
128,324,232,-229,-42,266,-179,-123,104,255,278,242
125,331,229,-228,-40,262,-191,-113,84,243,306,253
118,348,224,-258,-81,302,-185,-130,124,273,318,238
123,347,233,-244,-41,271,-203,-155,89,257,338,255
119,346,225,-242,-47,303,-197,-127,119,275,324,220
137,366,238,-243,-58,288,-197,-142,108,265,313,259
123,359,245,-261,-74,315,-206,-149,115,276,317,249
124,364,239,-226,-73,327,-217,-144,107,265,324,252
142,375,230,-240,-53,288,-192,-149,102,252,337,280
129,381,226,-236,-58,295,-213,-132,126,277,316,264
140,365,252,-283,-50,306,-218,-137,115,279,348,249
144,359,242,-245,-61,329,-196,-165,106,285,323,267
145,385,245,-246,-33,306,-180,-129,105,269,329,265
141,359,263,-257,-47,315,-206,-151,118,263,318,262
129,370,245,-253,-78,293,-213,-144,131,272,339,265
143,385,246,-254,-41,322,-184,-138,98,270,325,251
125,353,248,-239,-62,306,-205,-131,108,277,312,260
144,375,232,-240,-41,317,-189,-148,97,291,346,267
120,372,235,-261,-47,304,-206,-127,88,265,314,257
91,356,217,-231,-54,283,-190,-154,128,262,325,252
115,321,239,-230,-42,283,-207,-166,128,261,340,238
118,336,229,-244,-27,280,-194,-130,100,234,323,246
108,339,219,-223,-55,276,-191,-143,113,267,318,235
124,338,207,-239,-47,282,-166,-132,91,231,285,244
121,321,234,-242,-56,287,-166,-142,81,268,285,224
122,311,210,-202,-80,268,-190,-149,94,254,299,237
98,325,220,-212,-40,263,-156,-99,99,238,283,221
98,334,201,-206,-39,247,-164,-110,108,240,277,199
104,293,205,-218,-40,257,-161,-113,94,211,285,206
114,295,186,-205,-40,225,-170,-134,66,219,253,216
113,295,158,-181,-47,235,-165,-85,79,201,274,192
80,275,156,-174,-47,244,-146,-92,84,189,240,174
92,271,191,-186,-41,187,-132,-101,83,211,243,181
111,264,178,-176,-34,220,-124,-104,78,168,248,184
103,254,167,-176,-51,203,-140,-104,69,214,215,165
88,227,154,-158,-41,200,-122,-79,67,150,209,156
62,211,157,-152,-20,186,-143,-79,71,193,205,144
58,208,132,-160,-35,182,-131,-99,62,158,193,166
63,215,131,-147,-22,148,-97,-88,59,142,197,133
75,172,133,-111,-39,149,-121,-78,51,160,180,137
73,187,113,-110,-14,161,-112,-57,46,145,183,137
63,145,112,-120,-10,133,-91,-60,51,138,169,115
45,175,93,-99,-25,133,-76,-70,36,115,145,139
52,161,104,-111,-33,130,-70,-60,55,98,126,112
51,132,102,-94,6,91,-58,-61,44,134,129,91
53,146,71,-96,-24,110,-83,-43,41,72,124,81
47,127,81,-91,-22,101,-67,-43,33,79,106,100
36,110,86,-72,-13,93,-71,-33,34,59,78,84
28,110,74,-62,-9,75,-56,-46,30,67,111,72
23,83,83,-49,-6,69,-40,-20,23,76,94,61
21,71,63,-60,-18,77,-57,-66,30,48,87,52
18,63,49,-64,-2,68,-43,-7,12,49,77,40
31,73,46,-35,-8,48,-41,-34,15,56,80,46
53,69,41,-29,-12,38,-33,-19,16,31,70,19
42,49,45,-46,5,46,-39,-38,21,51,63,29
26,40,74,-40,-14,38,-13,-22,26,33,41,29
43,46,23,-12,5,29,-17,-10,17,45,26,25
-6,34,17,9,-1,15,-11,5,25,31,16,8
-6,22,28,-14,-17,20,-22,-7,9,26,36,35
10,21,17,-30,-4,-2,-10,3,-5,-7,22,6
-1,2,16,-4,-15,23,-10,-8,11,13,11,2
-8,-3,-5,-32,-6,5,-8,0,-6,-1,5,8
3,13,10,11,-14,-5,13,3,-6,5,8,-2
5,3,3,6,-9,-11,28,10,10,23,0,-10
10,-4,23,-6,13,6,8,12,12,-15,17,-4
-14,-9,0,30,15,-16,-10,-25,-3,-16,-19,-21
-23,-12,-13,-4,11,-7,-8,3,-6,-22,-7,-17
-15,-40,13,22,12,-10,16,0,-17,-15,-29,-9
-6,-38,-16,31,-5,-23,-3,14,-25,-24,-38,-37
-4,-27,-1,12,2,-29,20,21,-20,-26,-15,-33
-5,-42,-20,43,14,-33,18,33,-20,-39,-43,-28
-13,-38,-41,26,19,-55,17,4,-10,-29,-20,-43
-7,-60,-18,38,15,-33,26,25,-2,-23,-55,-20
4,-63,-34,47,-1,-57,13,11,-5,-52,-17,-42
-15,-42,-42,37,11,-40,15,26,-14,-20,-47,-60
-11,-53,-36,15,21,-57,22,3,-8,-43,-41,-27
10,-40,-35,19,12,-47,9,42,-27,-40,-54,-49
-39,-37,-38,36,24,-64,22,59,-32,-41,-28,-22
-26,-50,-42,34,22,-38,35,26,-10,-56,-49,-41
-28,-51,-13,43,-4,-43,22,35,-28,-53,-38,-31
-29,-39,-42,56,17,-44,0,22,-28,-62,-59,-28
-25,-52,-33,53,10,-58,44,46,-24,-71,-50,-32
-15,-60,-50,54,21,-33,31,23,-2,-75,-61,-24
-13,-49,-57,34,-7,-55,32,24,-24,-53,-70,-44
-27,-63,-46,39,9,-64,60,32,-19,-41,-63,-45
-43,-49,-46,44,11,-44,41,22,-14,-56,-61,-57
-26,-70,-26,39,-4,-84,34,12,-16,-60,-47,-36
-39,-63,-47,39,-14,-44,39,29,-24,-26,-46,-42
-10,-80,-16,52,11,-37,56,21,-13,-34,-61,-35
-12,-64,-40,53,-2,-41,38,23,-17,-48,-75,-24
-34,-59,-53,63,8,-51,26,10,-9,-40,-59,-40
-21,-40,-44,49,3,-41,44,23,-20,-51,-65,-35
-9,-75,-16,20,23,-55,41,21,-26,-47,-50,-61
-23,-52,-50,43,0,-45,40,5,-31,-70,-64,-37
-15,-61,-47,42,35,-48,42,17,-29,-61,-78,-53
-40,-73,-45,32,-2,-58,35,49,-43,-56,-56,-31
-32,-87,-33,43,6,-53,43,-4,-2,-36,-46,-41
-22,-57,-33,48,7,-39,48,47,-3,-33,-78,-38
-9,-49,-41,43,5,-67,35,22,-15,-59,-67,-48
-15,-67,-53,43,-3,-63,35,32,-13,-47,-54,-37
-23,-58,-53,43,9,-49,39,42,1,-69,-40,-53
-47,-60,-44,23,23,-51,34,37,-25,-44,-50,-39
-34,-58,-43,43,5,-21,33,8,-30,-30,-54,-40
-39,-58,-63,24,-7,-55,51,34,3,-49,-61,-46
-37,-64,-39,43,7,-46,25,19,-30,-52,-44,-57
21,-82,-68,45,3,-58,28,17,-22,-84,-46,-36
-26,-29,-37,56,17,-42,30,11,-11,-61,-66,-37
-28,-52,-27,60,8,-54,21,2,-22,-60,-80,-40
-21,-52,-52,71,-5,-31,44,8,-31,-50,-72,-59
-54,-55,-48,46,6,-67,35,33,-30,-48,-44,-36
-31,-65,-35,40,3,-31,27,12,-2,-46,-54,-47
-13,-58,-50,38,-7,-44,24,53,-3,-46,-53,-31
0,-56,-26,41,7,-51,34,20,-13,-47,-64,-41
-25,-65,-38,35,13,-54,42,47,-8,-28,-55,-40
-5,-68,-57,38,0,-47,13,14,-18,-39,-51,-54
-27,-55,-40,34,15,-61,34,34,-17,-41,-66,-46
-21,-39,-31,61,15,-53,27,18,-17,-47,-38,-32
-16,-70,-32,56,13,-63,24,19,3,-53,-43,-42
-17,-63,-38,46,8,-41,28,28,-29,-26,-54,-35
-28,-67,-12,40,-6,-45,48,23,-13,-62,-60,-18
-16,-58,-41,44,-14,-43,38,30,-7,-23,-60,-32
-23,-54,-25,56,5,-36,31,24,-13,-45,-63,-40
-23,-23,-35,54,-5,-24,41,23,-20,-32,-69,-40
-22,-56,-31,37,25,-40,6,37,-23,-27,-61,-37
-21,-83,-45,45,11,-54,22,26,-12,-18,-69,-38
2,-57,-25,46,25,-41,48,9,-4,-28,-46,-45
-3,-60,-51,36,24,-45,35,4,-15,-58,-44,-42
-18,-73,-17,30,23,-67,27,15,-51,-19,-48,-45
-16,-36,-40,43,2,-29,15,14,-13,-43,-31,-62
-27,-54,-36,20,20,-42,45,19,-13,-22,-46,-23
-29,-42,-28,22,0,-28,22,36,-30,-49,-39,-27
-7,-39,-19,24,-17,-37,30,3,-12,-27,-56,-30
-28,-59,-37,36,29,-33,60,13,-38,-29,-50,-20
-26,-56,-10,36,11,-38,-1,24,-21,-26,-56,-31
-5,-68,-22,34,1,-39,16,27,-14,-32,-54,-50
-8,-38,-28,45,-4,-11,45,30,-24,-26,-41,-23
-6,-47,-36,34,-10,-41,23,21,-18,-47,-50,-52
-18,-44,-10,26,-4,-21,37,13,-20,-45,-46,-36
-23,-54,-36,34,-8,-40,46,21,-31,-26,-33,-13
-22,-29,-19,28,10,-9,11,32,-8,-48,-41,-40
-8,-21,-19,17,22,-21,38,9,1,-30,-30,-18
-1,-40,-14,6,-11,-5,50,37,-13,-23,-31,-3
-28,-47,-23,26,-12,-38,16,27,3,-14,-17,-46
-29,-14,-35,16,-21,-26,6,4,-13,-12,-25,-21
-4,-28,-34,26,1,7,17,14,9,-26,-25,-29
-16,-12,-3,9,5,-23,-10,-20,-2,-28,-27,2
-17,-19,-9,10,12,7,2,17,-23,-17,-15,-31
-1,-29,3,11,4,-6,45,9,-7,-22,12,-10
1,12,-16,10,-9,-9,-2,4,-7,4,-3,6
-22,-24,0,17,5,12,6,5,-11,15,-5,-25
-9,6,7,-13,-17,0,10,-4,5,-3,-17,11
-12,-1,-7,-16,-14,2,0,2,15,-2,25,5
0,1,-13,-22,-15,13,-10,4,9,26,13,7
8,47,5,-10,-28,10,-6,-15,2,6,27,16
9,23,-16,-21,9,12,-4,-13,26,38,27,-6
13,15,-2,-2,-16,36,-15,-8,4,16,25,21
14,52,28,-41,-17,23,-34,-29,9,3,16,33
30,65,17,-26,17,57,-26,-4,28,23,36,33
35,73,37,-48,-8,36,-17,-23,29,39,66,58
16,51,19,-38,-11,68,-30,-43,48,58,66,24
20,71,40,-57,-16,76,-49,-42,50,67,51,38
11,76,38,-67,8,80,-67,-11,27,63,87,48
27,88,42,-71,-2,92,-55,-47,28,93,100,53
47,104,57,-71,-26,57,-63,-23,55,84,101,66
47,107,92,-82,-8,101,-52,-46,34,85,116,72
59,121,90,-124,-18,101,-70,-39,17,94,118,83
58,130,86,-91,-48,115,-74,-54,41,108,116,84
51,140,90,-90,-12,117,-71,-73,28,113,152,106
40,147,100,-113,-16,131,-92,-46,47,97,136,86
51,172,117,-116,-28,140,-86,-59,51,124,149,111
71,177,126,-106,-2,145,-115,-47,52,135,149,105
57,182,103,-128,-24,173,-104,-78,55,151,171,118
62,186,130,-126,-28,163,-105,-85,68,177,196,139
42,196,130,-133,-27,162,-103,-78,46,169,165,123
74,209,139,-120,-21,156,-97,-76,59,162,176,133
94,232,143,-135,-42,175,-96,-91,52,139,194,133
83,229,154,-138,-36,161,-100,-105,60,168,203,148
72,214,125,-149,-19,180,-119,-92,55,157,192,150
99,231,144,-163,-25,211,-131,-99,81,175,220,164
94,233,153,-155,-20,203,-138,-106,83,189,208,177
83,230,188,-151,-25,214,-148,-95,64,186,206,169
104,251,160,-157,-26,193,-123,-76,74,174,212,175
74,262,149,-176,-63,202,-120,-99,68,196,224,170
83,274,164,-179,-29,168,-133,-112,78,177,227,164
91,258,151,-192,-43,220,-146,-118,67,160,231,165
73,241,163,-169,-48,220,-124,-109,83,196,221,190
73,245,176,-157,-42,204,-131,-63,65,180,221,177
97,245,151,-177,-45,202,-139,-102,75,166,214,182
76,241,166,-171,-38,192,-118,-87,87,184,206,171
75,217,143,-175,-32,195,-104,-112,49,193,179,191
81,235,143,-155,-45,182,-130,-89,57,177,208,170
71,225,157,-173,-36,186,-124,-84,48,174,200,163
109,198,133,-136,-4,155,-118,-93,70,183,200,160
56,203,141,-144,-36,181,-111,-70,72,140,191,139
63,204,138,-135,-39,155,-76,-96,57,147,167,142
70,210,97,-117,-21,156,-104,-75,61,139,192,145
65,187,139,-95,-33,142,-105,-93,48,122,130,112
68,192,102,-110,-35,151,-100,-64,46,116,141,127
67,162,87,-89,-39,129,-69,-70,49,129,150,114
51,170,91,-100,-32,108,-57,-51,44,112,134,118
59,150,80,-103,-16,101,-91,-53,55,108,135,94
41,138,98,-107,-13,113,-58,-64,43,114,96,67
31,110,93,-80,-24,110,-71,-58,19,102,97,69
47,108,65,-68,3,101,-64,-45,29,70,92,88
43,95,52,-76,-21,101,-23,-38,32,114,85,81
9,79,70,-49,-30,58,-47,-58,17,61,88,57
30,72,44,-67,-3,77,-51,-34,18,67,70,55
18,50,62,-74,-6,47,-30,-43,37,32,60,44
37,57,22,-49,-11,54,-46,-27,-2,63,50,71
39,64,46,-50,4,42,-42,-33,23,52,43,40
46,64,44,-42,-4,50,-42,-19,22,25,54,45
22,42,38,-39,4,37,-29,-8,-7,45,47,28
7,24,14,-29,7,40,-25,-35,18,11,44,15
34,23,26,-5,5,21,-38,-28,28,36,28,14
22,37,21,-19,-6,23,-36,-23,-4,9,31,36
16,16,27,-7,11,24,-4,3,-4,28,-7,27
-3,12,2,-1,6,17,-2,-3,-7,30,-3,15
17,33,15,-21,-9,14,-26,-12,2,5,27,31
13,29,13,-5,-14,3,-4,-17,14,7,0,11
-5,1,-2,1,-16,20,-14,2,-21,15,-8,7
5,17,34,2,0,-18,3,13,-13,3,-8,24
7,-23,12,-14,15,-23,-8,-9,16,-12,-29,2
11,6,-7,9,-29,-21,6,2,-10,-9,4,15
-6,-4,-9,9,-8,-25,10,-14,-13,2,-8,-5
-19,-35,-12,19,3,-18,25,-1,24,-1,-29,-2
1,-29,-23,12,4,-24,22,33,-8,-21,-13,-18
-13,-2,-20,22,13,-25,30,18,-38,-39,-29,-30
-4,-49,-28,33,18,-40,11,8,-1,-42,-12,-37
9,-45,-42,32,23,-51,39,24,-1,-42,-36,-23
-22,-70,-46,53,5,-31,42,34,-14,-32,-54,-56
-9,-77,-62,40,19,-55,66,15,-20,-42,-58,-38
-25,-94,-55,63,22,-88,51,28,-31,-65,-72,-59
-32,-96,-60,66,12,-103,37,21,-12,-88,-77,-65
-40,-118,-92,63,33,-78,68,18,-29,-100,-101,-78
-65,-120,-79,102,10,-99,53,58,-34,-87,-125,-99
-59,-131,-89,79,10,-117,78,51,-24,-115,-121,-81
-60,-158,-94,111,29,-144,77,86,-49,-123,-141,-114
-55,-180,-113,96,5,-139,101,71,-79,-108,-156,-118
-46,-198,-105,119,20,-133,90,84,-57,-148,-183,-134
-61,-188,-122,133,35,-155,116,74,-52,-134,-143,-122
-63,-185,-113,141,34,-163,82,90,-54,-131,-177,-108
-48,-182,-136,129,18,-160,112,83,-59,-106,-141,-127
-64,-157,-96,116,31,-132,72,62,-39,-97,-143,-112
-56,-109,-55,88,32,-108,74,48,-13,-109,-112,-77
-31,-97,-50,86,6,-86,40,19,-26,-53,-61,-61
-15,-11,-15,-8,4,-21,5,19,6,-13,-7,-5
32,42,46,-43,1,47,-35,-9,32,23,18,24
42,111,81,-76,-33,111,-50,-66,38,90,132,91
83,193,114,-144,-18,174,-112,-80,57,157,196,147
96,307,181,-204,-42,267,-167,-103,101,226,251,199
129,408,254,-282,-68,360,-246,-181,145,310,372,265
202,534,340,-384,-88,445,-305,-198,145,386,473,377
236,592,416,-448,-89,513,-367,-265,193,491,585,444
272,755,498,-503,-111,632,-428,-312,208,571,653,562
329,878,557,-565,-113,708,-483,-321,266,656,759,604
324,950,611,-641,-138,816,-522,-372,288,709,842,664
357,1024,665,-695,-138,839,-543,-403,314,760,892,709
379,1072,707,-729,-170,872,-579,-427,316,826,961,740
370,1085,706,-748,-155,894,-587,-433,343,820,1003,755
355,1094,694,-757,-168,904,-605,-442,322,827,987,771
371,1060,694,-718,-164,871,-570,-439,309,799,941,741
358,994,642,-676,-153,834,-544,-409,288,773,913,730
344,930,608,-631,-136,769,-506,-378,252,711,851,661
285,845,529,-580,-126,709,-461,-350,255,628,748,584
236,725,462,-476,-100,596,-399,-313,211,529,643,501
196,620,382,-428,-81,513,-354,-244,188,471,553,423
167,479,303,-336,-78,383,-277,-208,138,360,442,357
126,367,237,-249,-55,301,-200,-159,130,264,323,259
94,248,165,-179,-16,197,-144,-108,80,192,207,185
44,157,84,-77,-13,107,-83,-62,33,108,139,96
9,50,38,-44,-5,41,-9,-38,6,27,56,22
-15,-43,-17,42,-11,-48,6,21,-7,-38,-37,-27
-15,-101,-96,79,30,-81,58,43,-26,-103,-84,-72
-60,-179,-118,115,21,-158,95,87,-58,-121,-134,-126
-75,-194,-152,149,18,-181,139,86,-89,-172,-186,-141
-74,-251,-149,160,24,-206,135,94,-78,-163,-231,-169
-95,-241,-168,181,42,-219,121,108,-76,-209,-209,-191
-67,-260,-156,175,35,-222,159,101,-104,-208,-229,-187
-92,-271,-166,152,39,-222,156,84,-77,-194,-239,-180
-93,-231,-177,151,20,-203,130,97,-68,-159,-222,-185
-74,-227,-163,159,33,-178,118,107,-64,-183,-197,-176
-67,-203,-145,141,37,-165,111,94,-61,-142,-194,-145
-83,-220,-96,145,22,-175,112,69,-67,-142,-187,-124
-56,-183,-127,118,15,-141,102,93,-30,-118,-138,-118
-60,-165,-92,98,28,-104,61,67,-22,-107,-115,-82
-44,-116,-72,79,-2,-118,48,56,-45,-91,-108,-73
-39,-105,-49,83,25,-85,48,43,-19,-56,-73,-64
-28,-78,-53,35,10,-59,32,31,-36,-75,-77,-55
4,-55,-29,43,37,-69,39,43,-1,-60,-40,-51
-8,-53,-21,59,-14,-37,7,27,-14,-43,-39,-15
-5,-29,-18,14,5,-31,40,35,-19,-13,-25,-35
-18,-37,-10,27,7,-36,23,15,-2,-6,-18,-16
-6,-21,-32,-8,5,6,24,-1,1,-6,-29,1
-15,-6,3,12,0,-3,17,0,7,8,-8,2
-4,0,-13,18,-6,1,-4,-19,10,4,-12,-13
1,9,13,6,8,1,-11,-8,-12,14,-15,-1
2,7,-4,-2,6,-3,-3,0,-18,16,1,16
6,-9,-16,-24,-29,-5,-9,-5,0,-14,2,11
4,29,12,-25,13,6,-9,21,4,-13,29,-2
-15,2,3,-10,-21,22,-10,-2,-29,25,7,17
-6,9,8,-16,3,15,-1,-7,9,10,5,18
-5,20,15,-2,13,21,-8,4,11,24,15,2
27,36,13,-16,-7,6,1,5,7,21,8,5
23,20,7,-14,8,29,-3,-11,16,35,18,15
19,27,-8,-3,16,37,-26,-28,-6,35,28,-11
5,25,31,-10,-21,33,-40,-15,1,28,22,30
22,29,42,-37,3,34,-14,-8,8,27,31,28
2,71,31,-27,-31,56,-35,-20,19,28,25,19
20,56,22,-29,-6,29,-26,-25,33,28,66,40
10,56,30,-23,-28,55,-14,-39,6,56,51,12
5,48,22,-32,-22,68,-49,-34,7,51,29,26
27,43,39,-40,-14,71,-25,-28,22,33,58,45
-2,68,39,-53,4,61,-16,-29,29,56,84,45
11,62,57,-42,7,52,-20,-14,24,41,76,71
30,74,47,-54,3,49,-36,-33,3,79,62,37
29,67,54,-52,-35,71,-69,-32,4,61,83,64
14,81,46,-46,-22,69,-32,-45,38,73,91,67
58,70,47,-69,-17,65,-31,-40,39,84,95,69
46,85,70,-79,-17,69,-50,-29,13,86,88,90
45,125,62,-65,-31,65,-62,-40,32,96,108,73
55,109,79,-80,-5,106,-69,-35,46,84,114,88
43,100,108,-55,-27,91,-72,-73,10,95,107,103
42,135,93,-80,-20,145,-67,-47,36,84,112,99
58,132,78,-94,-17,116,-60,-41,56,112,126,82
27,178,95,-104,-28,128,-66,-51,32,109,135,82
53,165,73,-74,-9,136,-88,-55,37,88,131,113
59,145,115,-111,-26,122,-90,-65,37,119,141,133
76,156,109,-115,-24,142,-88,-82,40,136,147,109
46,180,136,-111,-19,139,-104,-61,55,122,164,132
88,181,124,-118,-46,129,-129,-66,74,150,166,122
56,178,130,-130,-48,157,-113,-85,62,145,168,117
83,198,135,-152,-26,185,-104,-87,60,159,203,152
72,202,155,-172,-46,190,-116,-108,83,190,183,152
65,228,146,-165,-19,160,-115,-103,73,155,217,146
75,240,151,-139,-30,207,-148,-114,75,191,236,181
77,238,186,-141,-47,194,-147,-106,92,181,225,192
84,251,159,-172,-37,199,-133,-129,100,178,245,187
93,277,154,-187,-38,241,-164,-90,86,213,268,174
88,268,167,-171,-41,249,-181,-93,89,222,247,201
113,302,185,-202,-34,240,-159,-105,87,206,255,213
75,316,211,-202,-54,272,-190,-120,96,215,265,205
101,317,194,-189,-36,257,-159,-126,121,229,294,224
100,300,213,-229,-35,266,-167,-128,97,236,301,217
126,324,225,-230,-53,268,-184,-137,81,238,293,228
104,336,199,-223,-27,266,-179,-145,86,261,298,229
109,355,237,-246,-61,285,-179,-161,86,259,311,254
119,368,248,-260,-44,287,-187,-143,124,252,335,252
135,384,227,-259,-58,317,-198,-143,87,313,343,246
134,383,231,-266,-68,328,-212,-140,131,289,327,257
145,377,263,-279,-71,286,-206,-144,143,313,358,258
127,395,252,-267,-50,313,-213,-144,114,291,347,258
130,374,249,-264,-62,333,-226,-145,129,322,362,289
139,393,274,-280,-75,330,-241,-164,135,298,349,286
154,409,256,-311,-74,345,-222,-173,129,307,370,281
148,409,286,-289,-68,340,-213,-165,120,302,368,293
168,405,273,-297,-70,332,-226,-162,135,313,378,287
137,439,267,-315,-62,360,-242,-176,123,305,379,317
153,441,287,-287,-61,359,-224,-178,123,313,391,328
143,415,294,-300,-63,366,-262,-163,102,321,381,290
152,437,297,-306,-56,347,-238,-182,117,335,393,310
152,429,284,-311,-78,365,-254,-183,128,335,401,312
138,444,290,-316,-70,370,-256,-191,132,325,383,305
146,444,270,-309,-58,380,-249,-182,120,334,410,300
165,461,283,-317,-54,372,-266,-173,117,327,391,312
171,405,282,-316,-52,390,-239,-200,108,356,409,296
155,446,289,-307,-69,362,-250,-193,132,337,414,327
154,452,278,-304,-64,366,-241,-171,120,333,394,309
149,439,289,-290,-75,361,-247,-180,126,320,404,306
151,413,307,-278,-62,359,-228,-168,139,316,396,308
168,429,280,-291,-37,370,-225,-145,137,339,398,288
133,413,280,-287,-85,366,-251,-159,109,323,408,300
151,409,287,-292,-73,345,-241,-178,99,320,379,298
153,427,277,-297,-72,352,-218,-164,132,299,368,288
146,413,275,-290,-71,347,-226,-178,122,316,367,284
157,408,266,-267,-54,325,-206,-157,129,296,357,287
156,386,252,-269,-56,326,-231,-172,127,327,378,282
147,410,258,-283,-72,320,-216,-176,113,300,345,266
145,389,256,-272,-64,331,-218,-156,100,281,359,260
147,378,255,-258,-44,325,-212,-128,115,290,353,276
108,370,251,-254,-42,315,-225,-140,107,285,329,278
146,369,238,-225,-57,273,-205,-128,106,252,329,227
129,351,234,-254,-65,295,-191,-174,112,286,320,250
127,323,250,-234,-48,284,-204,-148,101,261,333,234
120,358,230,-226,-45,288,-193,-129,96,247,289,257
122,331,219,-210,-42,267,-193,-122,133,257,274,233
107,324,216,-188,-39,268,-185,-131,106,244,293,219
118,289,217,-215,-32,247,-182,-103,86,243,269,217
137,302,185,-194,-48,255,-154,-119,76,230,256,204
107,294,173,-178,-29,237,-161,-107,91,186,260,195
100,292,191,-182,-36,225,-166,-110,96,213,248,186
96,257,159,-169,-19,221,-155,-99,83,199,233,184
111,243,150,-178,-48,208,-122,-113,64,194,224,175
103,233,152,-197,-35,198,-122,-87,71,207,202,178
73,260,157,-161,-42,217,-148,-90,73,169,199,177
69,202,138,-149,-42,180,-114,-90,55,147,192,160
96,204,153,-135,-42,200,-100,-82,63,157,185,137
75,201,142,-114,-34,170,-109,-100,62,159,191,139
58,195,121,-143,-16,174,-132,-99,49,135,173,118
59,190,105,-130,-26,153,-103,-78,80,128,162,114
51,153,135,-113,-12,151,-99,-72,69,157,159,129
42,156,91,-122,-37,125,-84,-63,37,122,149,109
46,142,119,-117,-22,123,-85,-53,42,126,141,93
57,160,106,-115,-21,102,-92,-58,51,125,133,105
88,105,96,-105,-26,105,-70,-32,37,93,109,93
49,129,74,-84,-12,103,-76,-62,28,88,114,72
72,109,83,-76,-17,99,-57,-33,34,85,99,94
26,123,76,-66,-18,94,-58,-43,47,112,103,81
39,90,90,-78,-21,67,-47,-26,43,66,108,98
52,111,71,-85,-15,95,-52,-29,18,83,83,51
43,110,55,-66,-11,78,-43,-19,20,82,76,59
48,76,54,-43,-4,69,-54,-15,24,56,105,55
9,96,53,-44,-27,69,-51,-20,33,63,82,59
32,70,28,-26,-21,32,-24,-42,-4,69,61,67
51,60,35,-38,-9,50,-58,-33,14,47,40,47
11,72,35,-39,-21,30,-37,-29,19,44,61,50
4,47,50,-39,-1,48,-29,-32,25,58,43,75
36,31,42,-36,-2,43,-11,-15,24,49,51,45
20,44,25,-47,-3,25,-32,-3,11,43,35,45
0,31,25,-48,2,41,-7,-7,-2,51,41,23
14,35,31,-44,0,21,-4,-13,15,24,49,25
7,13,14,-20,15,11,-42,-25,-7,31,27,7
22,27,32,-27,7,30,-23,-23,12,22,29,12
24,33,19,0,2,52,-16,-11,12,9,27,34
30,27,15,-36,-14,10,8,-4,-14,28,23,12
8,26,-1,-20,11,-1,3,5,32,-1,19,23
7,-4,39,-10,-18,4,-16,-17,-8,9,41,0
-11,13,42,-9,-6,13,-13,-13,7,7,18,13
13,14,1,-20,4,5,-12,-1,2,-1,10,-4
7,2,-14,10,-13,3,1,-10,-5,3,14,22
9,21,1,-13,6,8,8,12,7,-1,-5,24
-11,-4,15,-20,-15,8,11,-8,15,-16,-8,-1
4,17,9,-7,-20,6,-5,-1,18,4,2,18
4,2,7,2,-15,17,-11,-8,-10,22,15,0
22,-3,1,9,-8,13,1,5,14,-14,-5,-1
1,8,-19,5,-2,17,-6,-5,5,4,-3,3
-22,2,-5,-6,-7,-10,12,0,2,-21,-11,39
10,4,-6,11,-26,-12,31,4,8,-13,-7,-8
1,1,-1,-4,-8,-9,18,-3,-7,-1,4,3
-25,-5,6,2,-20,-8,13,0,-22,-15,-10,0
-4,-27,-9,12,15,-12,-3,19,14,-9,8,4
18,-16,-8,-14,8,-11,16,4,4,2,10,2
10,-21,3,-5,-11,20,-14,4,-15,10,8,-20
-11,-4,-24,-4,-18,-2,10,0,-1,-12,-2,-20
-21,-18,-11,-9,-2,-5,6,-13,-15,-12,-16,0
-8,-15,-28,-18,-1,-5,15,15,19,-2,-19,4
-4,-7,-13,16,-7,12,10,4,8,13,0,-20
-8,-31,6,14,-11,-10,12,10,-1,10,5,1
-24,12,21,-10,3,-20,2,33,-9,-10,-25,-10
-5,-10,-14,5,3,-12,8,7,-6,6,7,-15
29,-6,1,3,4,-9,12,1,7,-10,7,-15
-2,19,7,17,-2,-7,7,-2,22,17,-2,11
-8,2,4,-17,4,-13,6,-20,22,-16,-19,14
7,2,-21,-4,18,-1,-2,-9,10,2,-9,16
-8,-10,-7,-2,-26,-6,-4,11,4,-26,-4,-7
-11,-10,-5,23,-3,0,-23,7,25,-8,-9,-3
-8,10,-10,16,-28,2,2,-10,16,4,1,-1
0,-2,13,-3,-10,7,11,11,-2,-4,-9,-17
-21,1,4,-4,6,7,3,-4,-6,-9,1,3
-15,-21,9,1,-9,10,4,3,-4,3,12,-10
18,3,-20,-5,20,2,-10,-1,-7,4,-7,-17
6,-4,-8,7,26,1,20,-5,7,3,14,-2
-19,35,-6,-25,-2,5,27,-16,-2,-13,-9,-5
-20,-12,-5,13,0,-2,13,6,2,-13,-4,-7
4,12,1,16,-18,9,-4,-16,16,-20,-1,-11
2,2,8,-5,-2,-30,9,0,3,-6,-9,1
-13,-4,23,7,14,27,-10,30,-1,-16,-13,-4
-1,6,-19,-13,-3,10,-4,22,14,-19,-4,9
20,10,-9,-3,-2,-4,-21,5,-4,12,1,12
-4,-4,4,4,-9,5,-15,-3,-8,-4,-15,-10
1,0,4,14,-20,12,-1,6,-5,15,2,-10
4,19,19,-6,19,8,-11,4,-23,-15,-6,2
-9,4,-5,14,4,10,-7,3,9,-14,17,27
23,4,-16,-21,-8,-30,-4,-13,10,-10,23,15
-6,18,-1,15,-2,23,5,3,4,12,-8,5
4,3,10,-12,2,-3,-11,18,16,23,19,-12
2,-12,12,-7,-9,7,-3,5,-21,3,-29,22
-3,18,4,-12,8,12,2,-16,9,18,15,14
-6,-4,-3,-20,13,-1,-3,5,0,19,-10,13
2,4,34,-12,-2,-9,2,-1,8,11,5,20
2,15,5,-9,-24,5,-22,-11,0,-21,17,8
-6,20,14,-10,0,21,5,13,-7,35,8,-5
-19,1,15,-35,0,15,-13,-5,7,11,11,16
2,6,7,-10,17,7,16,-10,-27,-7,21,7
32,31,10,-30,3,-1,-16,-6,28,-1,9,-19
2,35,-7,-17,-22,9,-13,-21,8,4,16,-3
28,8,22,-27,13,5,-12,8,9,20,8,-19
15,35,16,-5,-8,7,-13,-11,-5,35,18,17
11,31,30,-8,-9,26,-23,-14,-12,34,21,9
13,31,-28,-10,-13,21,-7,-3,-8,24,15,45
12,46,11,-13,-9,12,-23,9,12,13,15,31
24,28,39,-6,5,9,-24,-32,5,8,22,31
27,54,7,-19,-23,27,11,-14,5,7,11,3
4,31,22,-30,9,33,-4,12,24,21,52,1
14,43,25,-32,-2,27,-2,-7,13,43,3,3
-13,20,-3,-29,-6,36,-30,-13,5,29,14,14
25,48,13,-28,-13,27,-16,-3,23,32,54,15
3,42,47,-41,-33,56,-21,-3,24,39,14,46
22,58,25,-16,-12,40,-32,-13,18,32,21,15
3,38,34,-38,-8,69,-39,-1,3,34,38,23
42,37,43,-5,-6,46,-31,-43,14,22,35,49
57,70,53,-40,2,32,-42,-14,32,37,57,33
20,48,7,-36,-37,58,-40,-53,27,44,58,57
22,64,47,-40,-28,46,-45,-36,15,76,81,27
30,94,56,-71,-37,74,-56,-28,35,74,79,61
39,73,64,-29,-12,77,-33,-60,48,76,82,64
32,96,60,-79,5,98,-52,-45,58,59,72,72
39,109,72,-51,-18,85,-62,-43,35,64,78,71
38,95,90,-70,-11,89,-67,-38,39,60,100,94
27,134,78,-92,-18,82,-51,-43,32,107,100,68
63,132,92,-112,-10,93,-66,-61,42,85,111,72
32,131,80,-92,-32,129,-69,-39,30,92,107,85
66,131,91,-86,-34,107,-73,-68,37,124,131,112
42,150,100,-97,-29,135,-85,-72,59,107,134,105
51,173,110,-131,2,154,-74,-68,47,137,152,122
57,177,129,-115,-37,142,-113,-71,46,142,174,110
59,183,130,-146,-37,164,-98,-69,52,123,184,133
80,179,140,-136,-22,162,-123,-60,72,161,176,141
93,199,162,-140,-21,166,-106,-90,60,134,178,153
76,249,140,-146,-18,205,-96,-87,37,173,197,147
77,202,139,-164,-51,184,-123,-80,71,168,196,154
76,245,151,-161,-34,219,-120,-107,49,194,233,167
82,249,172,-155,-44,192,-118,-93,78,209,225,162
64,253,165,-198,-43,204,-154,-96,85,183,234,173
79,240,170,-174,-34,222,-153,-125,83,216,227,161
115,286,194,-169,-42,258,-138,-102,62,212,259,199
112,287,177,-188,-33,236,-164,-114,72,212,255,188
86,311,199,-208,-38,218,-150,-109,86,222,256,185
77,290,179,-198,-58,237,-169,-117,115,209,279,200
110,310,201,-191,-41,257,-177,-121,87,220,279,212
112,308,190,-196,-35,258,-174,-129,95,245,297,201
116,310,191,-206,-24,255,-169,-145,89,218,271,211
101,311,196,-205,-28,276,-159,-113,93,231,267,206
109,280,193,-208,-41,266,-190,-96,78,225,251,208
97,301,217,-191,-49,252,-169,-124,116,212,259,228
110,295,188,-206,-38,264,-155,-117,107,218,266,205
101,313,203,-198,-56,226,-155,-111,104,227,273,212
86,295,179,-207,-44,258,-167,-118,101,215,266,225
93,288,198,-218,-54,239,-164,-98,94,222,263,197
107,285,196,-188,-52,230,-162,-113,93,203,269,187
104,293,193,-211,-34,245,-152,-100,86,227,250,187
91,284,187,-202,-38,253,-160,-116,97,212,255,189
108,262,170,-158,-40,213,-141,-104,79,209,242,174
108,245,170,-178,-18,215,-136,-112,79,199,238,184
84,245,156,-154,-32,222,-154,-112,68,220,231,175
69,267,172,-158,-32,213,-135,-100,68,163,214,180
88,217,153,-168,-34,221,-129,-100,73,172,227,168
101,208,161,-162,-19,186,-124,-84,50,157,203,149
70,227,158,-143,-29,173,-126,-73,46,150,193,159
93,211,123,-146,-26,167,-109,-92,53,158,179,123
90,189,123,-132,-45,169,-113,-84,68,144,177,153
62,190,103,-122,-25,140,-114,-55,40,163,165,136
88,170,112,-128,-3,134,-86,-72,54,129,156,95
52,160,100,-102,-20,156,-70,-21,60,130,140,125
54,150,88,-96,-17,120,-95,-68,45,99,128,111
43,142,92,-112,-21,115,-109,-64,63,100,138,100
62,133,95,-88,-7,133,-68,-58,51,108,139,125
42,143,96,-76,-14,87,-62,-38,67,107,112,60
33,131,63,-86,-36,103,-68,-38,39,93,111,89
45,95,51,-59,-17,99,-44,-64,59,90,83,71
34,115,81,-79,-18,85,-60,-35,38,85,88,60
37,92,71,-67,-1,84,-45,-35,9,75,94,96
0,76,61,-60,-16,75,-49,-53,21,73,56,69
21,63,72,-58,1,75,-47,-4,24,37,64,75
29,90,49,-31,-2,53,-35,-28,43,46,71,54
31,86,33,-48,7,64,-33,-10,11,67,79,33
19,59,37,-65,-16,41,-47,-11,4,40,64,36
43,80,23,-27,-14,68,-36,-4,12,36,53,42
20,62,55,-33,-8,33,-31,-42,38,62,66,54
19,44,19,-28,15,62,-42,-28,17,54,56,40
10,32,30,-23,-16,38,-30,-36,29,12,55,39
23,50,25,-25,7,37,-11,-10,37,51,45,27
20,40,46,-33,-20,34,-41,-31,1,39,26,26
25,23,28,-24,-2,22,-12,-5,1,20,17,0
22,22,19,-20,-8,19,-23,-25,8,13,23,36
28,22,5,9,-15,22,-16,1,1,6,14,18
11,1,-10,7,-3,11,-12,0,-1,3,13,0
11,14,-6,-3,7,11,1,-39,2,12,11,-5
5,6,-9,9,-23,14,4,2,2,-3,2,-5
-16,-11,-5,5,-11,-19,-1,44,-9,-12,-27,-12
-10,-34,-18,-1,-15,-23,-4,5,-14,-4,-32,-32
-21,-35,-11,21,7,-45,35,20,-5,-24,-39,-19
-18,-44,-32,20,16,-50,29,17,-28,-22,-44,-51
-41,-88,-47,35,23,-81,40,27,-15,-51,-50,-46
-33,-105,-48,60,11,-87,63,27,-23,-91,-65,-53
-30,-93,-73,73,12,-95,56,51,-32,-106,-98,-80
-48,-143,-85,102,-9,-108,70,46,-28,-84,-101,-72
-43,-142,-98,77,6,-117,66,41,-45,-102,-103,-92
-45,-138,-68,86,23,-90,74,45,-28,-110,-118,-72
-41,-129,-66,94,10,-72,63,62,-36,-75,-113,-97
-42,-126,-65,65,9,-104,80,40,-50,-97,-115,-77
-7,-93,-77,73,34,-65,45,46,-23,-70,-91,-64
6,-70,-58,53,-2,-54,13,34,-30,-51,-63,-57
-12,-34,-27,38,18,-26,30,9,-14,-25,-21,-26
5,-1,-2,-21,33,-3,-12,-15,6,6,-2,14
17,88,44,-59,-20,63,-39,-34,0,46,53,60
50,150,104,-87,-12,138,-85,-78,37,113,142,109
91,245,176,-178,-27,210,-119,-81,67,183,207,167
121,323,213,-241,-49,258,-171,-145,128,268,300,241
175,444,287,-310,-61,379,-227,-180,134,333,380,307
187,546,369,-396,-91,451,-305,-209,160,416,465,382
225,665,431,-446,-89,567,-361,-262,198,500,580,457
280,778,511,-513,-118,655,-409,-297,210,551,693,547
289,874,568,-581,-111,737,-497,-358,275,660,794,610
356,984,621,-643,-172,796,-520,-398,308,711,863,661
363,1034,697,-689,-158,867,-553,-408,323,780,926,702
384,1074,712,-731,-153,906,-633,-415,318,804,980,740
384,1131,730,-753,-151,932,-631,-444,320,837,1005,776
381,1105,694,-744,-170,927,-620,-467,363,856,1002,780
398,1087,710,-722,-180,888,-612,-438,328,809,964,748
345,1037,679,-688,-149,853,-562,-416,294,774,940,717
313,965,609,-672,-149,783,-516,-384,296,678,868,668
281,850,543,-607,-123,738,-453,-344,274,652,798,594
260,718,493,-494,-100,637,-418,-305,242,562,665,517
232,630,413,-441,-110,526,-351,-221,208,474,577,467
161,483,339,-359,-61,415,-265,-192,152,379,444,336
145,408,263,-262,-70,304,-186,-166,129,290,338,261
83,259,180,-172,-36,220,-144,-113,89,205,219,172
73,148,93,-105,-19,135,-92,-70,32,115,146,98
27,68,37,-48,9,37,-36,-29,23,50,52,33
3,6,-15,30,11,-19,12,13,-24,-13,-20,-1
-37,-76,-44,83,6,-76,47,40,-3,-52,-96,-79
-41,-144,-83,118,23,-116,83,56,-46,-105,-139,-109
-64,-167,-122,108,50,-168,92,46,-50,-155,-168,-143
-73,-218,-137,138,46,-183,118,98,-44,-170,-194,-137
-69,-222,-123,151,34,-183,105,98,-82,-148,-198,-153
-92,-211,-158,151,37,-194,111,76,-85,-162,-206,-143
-88,-208,-160,161,18,-203,122,89,-76,-161,-192,-166
-85,-227,-137,148,38,-177,94,85,-76,-149,-201,-149
-74,-179,-105,128,40,-161,126,68,-43,-139,-166,-126
-68,-157,-137,96,14,-140,74,66,-64,-124,-170,-138
-44,-131,-116,101,18,-130,76,51,-48,-102,-134,-91
-57,-120,-87,73,1,-109,60,51,-37,-75,-102,-94
-26,-88,-44,66,0,-85,45,50,-50,-80,-104,-66
-7,-62,-33,41,5,-66,56,24,-46,-54,-76,-57
-24,-29,-36,25,5,-42,38,10,-9,-32,-48,-10
4,-30,-12,2,0,-26,9,10,-4,-12,-2,-22
-1,-30,-32,7,2,-21,-9,-12,-2,-8,3,-5
-6,7,-4,-3,-9,-6,-11,3,-7,-15,29,33
-13,17,12,0,-6,15,-24,-7,15,19,6,-3
12,20,28,-46,5,13,-11,-22,5,21,26,26
27,41,-9,10,-1,16,-10,-12,6,34,29,40
17,26,47,-26,-10,39,-4,-29,-7,19,38,18
36,25,17,-41,-10,20,-7,-20,25,13,25,22
18,40,37,-28,-9,37,-36,-23,15,12,48,39
43,33,44,-35,-14,49,-25,-22,-6,9,52,24
42,54,46,-24,-10,50,-34,-23,19,34,33,51
11,61,36,-19,-20,43,-35,-7,12,47,48,40
29,52,36,-56,-21,46,-28,-26,14,33,49,51
16,56,49,-34,-4,40,-36,-22,18,61,47,23
21,53,39,-67,19,50,-29,-40,0,46,82,28
23,81,37,-28,-14,36,-29,-30,2,46,60,33
5,83,73,-39,-14,53,-33,-29,22,34,76,55
19,56,40,-31,-11,62,-32,-28,16,36,59,75
18,78,47,-65,-2,34,-50,-13,41,19,65,34
32,56,41,-51,-15,61,-44,-37,19,54,74,29
25,82,55,-60,-10,57,-29,-54,16,62,59,32
29,83,44,-59,3,96,-47,-24,29,49,86,47
31,83,47,-72,-19,34,-70,-49,35,53,109,55
18,87,53,-57,-19,43,-60,-35,19,70,83,63
61,102,80,-76,0,77,-65,-37,21,68,80,59
28,108,54,-76,-16,80,-57,-41,37,52,94,73
36,85,60,-43,-16,82,-47,-37,25,87,87,78
35,104,72,-87,-9,100,-69,-53,23,80,80,66
65,116,52,-63,-1,102,-68,-53,37,86,89,73
66,127,104,-57,-45,106,-61,-51,39,99,110,102
35,130,83,-93,-22,120,-69,-63,60,91,97,90
59,124,78,-73,-23,108,-64,-65,25,94,125,106
41,145,75,-71,-49,109,-92,-48,37,117,119,105
48,147,87,-88,-24,158,-87,-68,54,123,138,86
43,149,87,-107,-23,142,-86,-56,47,126,138,120
62,185,121,-106,-27,127,-86,-75,47,114,152,124
65,160,105,-114,-28,158,-104,-61,43,114,168,97
67,165,137,-111,-26,161,-87,-76,48,133,186,139
68,178,113,-130,-20,155,-110,-92,52,129,170,129
82,197,125,-144,-49,153,-127,-57,74,143,172,133
74,238,128,-152,-29,168,-96,-73,58,152,201,175
57,233,134,-165,-35,177,-138,-83,66,167,187,138
98,234,157,-132,-26,203,-113,-61,94,170,205,148
78,221,159,-157,-34,209,-131,-101,83,178,204,179
102,250,153,-178,-33,217,-148,-110,79,182,222,166
95,259,150,-179,-43,203,-141,-89,67,178,216,170
82,275,175,-167,-62,245,-156,-117,50,182,244,183
126,302,181,-197,-59,222,-143,-101,99,195,236,190
97,278,186,-189,-39,248,-174,-145,100,233,256,215
79,300,199,-187,-41,255,-183,-114,103,217,262,216
114,295,204,-200,-51,264,-164,-117,85,224,291,225
110,334,207,-210,-53,253,-178,-121,101,228,287,206
112,314,198,-222,-46,262,-183,-138,91,227,301,225
106,346,206,-213,-64,279,-186,-128,97,262,302,238
121,319,228,-228,-45,287,-191,-128,102,238,300,241
133,357,225,-234,-40,291,-193,-149,101,256,310,226
150,387,228,-246,-59,286,-196,-168,112,265,317,261
141,370,226,-237,-73,331,-206,-138,110,273,335,274
156,383,236,-284,-51,319,-222,-141,126,288,360,281
120,369,229,-258,-80,318,-208,-153,136,287,341,258
140,385,257,-259,-47,336,-221,-176,103,270,367,296
149,396,240,-265,-77,338,-243,-160,130,301,366,284
152,405,259,-274,-68,361,-228,-159,137,292,380,301
144,429,277,-294,-62,355,-204,-158,148,318,372,262
148,426,269,-302,-66,366,-229,-187,108,337,400,292
139,430,293,-296,-83,352,-250,-189,131,332,409,307
169,425,295,-314,-47,379,-231,-190,140,331,422,298
164,448,263,-280,-82,363,-252,-177,127,329,402,330
154,426,285,-300,-62,367,-238,-188,142,330,393,290
153,443,304,-313,-84,383,-246,-178,138,342,419,310
159,443,297,-303,-69,386,-242,-178,138,331,416,317
145,466,308,-333,-73,388,-256,-185,152,351,436,312
159,465,294,-312,-73,381,-264,-173,131,338,419,333
152,468,312,-311,-73,383,-238,-184,136,337,404,327
164,460,292,-284,-88,364,-240,-175,130,332,415,335
173,446,302,-297,-78,371,-262,-205,122,346,417,318
160,464,304,-324,-83,388,-238,-186,128,335,419,332
163,469,323,-305,-53,389,-238,-180,141,353,438,326
162,437,277,-315,-48,356,-251,-181,136,348,447,345
149,467,299,-288,-61,363,-239,-161,117,342,386,314
158,440,300,-308,-84,375,-236,-170,126,335,380,343
150,450,278,-312,-58,385,-242,-174,145,354,398,321
144,441,288,-312,-66,365,-223,-179,130,335,411,297
156,431,297,-313,-60,363,-227,-171,145,326,392,327
150,449,282,-282,-81,367,-252,-156,125,299,386,306
148,414,274,-283,-52,323,-245,-164,126,322,388,297
144,420,278,-303,-53,332,-229,-165,134,314,362,261
138,428,277,-281,-55,339,-230,-176,115,323,371,271
127,394,267,-278,-67,340,-223,-170,115,303,342,282
125,390,256,-278,-71,308,-222,-155,124,297,387,278
123,394,268,-269,-45,306,-225,-156,107,277,356,270
137,392,240,-235,-58,325,-210,-146,121,287,326,271
128,416,240,-255,-57,311,-224,-143,111,278,330,252
112,351,242,-261,-52,309,-202,-150,95,280,328,243
122,372,232,-240,-48,308,-180,-122,105,260,313,232
139,350,240,-220,-38,288,-204,-136,97,237,316,234
128,353,211,-206,-47,284,-184,-131,90,235,299,244
107,322,222,-219,-70,280,-192,-108,103,258,297,231
107,312,203,-184,-35,260,-180,-117,94,225,292,219
107,310,213,-206,-38,249,-178,-168,87,245,283,205
115,303,199,-206,-39,233,-168,-122,80,213,268,212
123,286,183,-207,-40,237,-168,-120,81,203,249,208
116,276,169,-205,-53,222,-141,-99,79,191,259,187
81,252,174,-179,-43,239,-139,-103,79,213,232,200
87,243,163,-177,-36,188,-150,-83,72,192,232,167
80,225,135,-182,-19,192,-129,-96,82,184,206,180
92,234,146,-141,-53,193,-117,-99,93,171,193,168
59,234,147,-155,-29,192,-104,-93,48,172,187,162
83,200,147,-150,-24,196,-118,-86,55,159,194,152
74,212,104,-116,-10,174,-127,-81,78,153,177,115
49,205,129,-141,-30,163,-113,-88,57,154,182,143
51,196,102,-139,-28,157,-107,-87,70,146,190,114
86,157,123,-108,-23,125,-105,-65,52,128,158,131
44,151,72,-93,-7,124,-98,-63,65,129,142,111
65,159,100,-126,-36,110,-83,-60,52,116,141,127
47,168,74,-101,-26,107,-76,-47,51,105,139,98
24,144,78,-88,-39,132,-71,-44,25,96,117,95
69,142,69,-88,-3,121,-83,-54,32,95,99,77
33,115,85,-81,-31,86,-67,-32,48,96,97,109
41,100,75,-50,-21,77,-79,-30,26,92,101,91
53,96,63,-75,1,77,-67,-64,56,67,98,79
32,104,78,-53,-7,100,-51,-55,33,77,83,77
34,93,63,-89,-13,79,-34,-19,12,69,70,85
46,82,32,-59,-6,61,-52,-30,24,68,82,75
29,77,56,-45,-4,61,-71,-51,49,86,73,83
23,77,79,-56,-10,85,-58,-34,22,56,67,52
10,91,51,-57,-14,60,-44,-21,40,36,55,35
40,43,45,-57,-6,59,-43,-23,19,52,45,56
27,50,52,-24,-8,58,-36,-24,11,34,43,23
0,58,19,-49,-16,65,-43,-27,-8,41,33,55
37,43,51,-19,-10,54,-46,-23,26,50,66,34
13,54,2,-17,-19,44,-28,-16,21,48,40,51
12,56,11,-37,-6,32,-9,-46,26,37,46,25
16,57,43,-29,-13,38,-9,2,24,39,40,32
19,12,39,-37,-13,40,-17,-40,7,42,54,43
4,52,29,-25,-7,21,-11,-6,3,22,35,45
5,32,35,-34,-2,24,-18,-28,27,53,36,26
-18,34,18,-31,-10,23,-3,-28,24,21,44,5
-8,19,19,-11,-30,40,-28,-20,26,21,13,15
25,27,36,-8,5,22,-25,-33,5,37,30,2
-5,30,9,-15,12,31,-19,11,12,33,13,18
11,19,21,-10,-4,-2,-25,16,-3,31,35,2
-11,8,27,-14,-13,5,-15,-6,15,27,-7,15
4,25,15,-1,-15,13,-4,3,10,15,37,10
23,17,17,-11,-27,16,-29,1,5,21,34,31
1,35,3,3,-2,22,11,-3,-3,6,36,-9
-1,14,5,-18,3,16,5,-22,-11,20,2,7
-4,25,12,-7,-2,1,-20,-15,-3,5,30,18
17,28,12,5,15,-3,-1,-3,24,27,-3,24
2,8,8,-1,12,4,-23,5,11,9,1,19
-2,-2,5,-2,1,2,-15,-17,10,23,3,-12
16,12,28,-17,-21,22,9,-6,16,12,4,17
-8,22,18,-13,8,15,-13,-32,-5,8,17,17
3,-6,-21,-1,2,-5,20,-17,-12,6,20,18
15,21,37,-20,-2,11,1,-16,-17,10,16,9
-6,10,4,-15,-20,14,-8,5,-4,26,29,11
6,20,0,-3,-8,19,-12,16,10,28,9,-14
-6,-3,16,5,15,15,-7,-30,8,16,13,10
19,-2,26,-7,-12,-6,-11,-4,3,14,8,4
0,8,13,-10,15,13,4,2,17,-3,10,-8
-14,9,24,5,17,2,-21,-27,0,20,18,-10
13,7,-9,10,0,29,-18,-14,9,4,22,11
30,19,2,2,11,7,-2,-13,1,-16,7,19
18,40,30,-14,31,1,1,-5,22,-3,-9,16
10,19,4,8,-1,25,-4,4,8,-2,13,-14
-4,36,13,-21,3,5,-8,-14,-17,24,-11,24
-11,5,14,1,-21,6,1,-1,-1,15,19,11
-4,-2,9,-21,-11,17,8,-11,27,-3,5,-2
3,9,20,-3,-18,-23,-8,0,-16,16,29,11
13,1,2,5,-5,3,-5,-11,4,0,-6,18
-19,-18,2,-18,-9,5,-26,10,2,10,16,16
23,3,19,-15,-2,-6,5,4,26,20,20,14
10,7,-3,12,-2,5,-18,-12,-5,6,12,-5
32,1,3,-19,-1,18,18,-4,9,8,17,22
1,18,14,-8,-3,11,-12,0,4,17,2,14
2,8,8,-22,24,5,-23,-16,7,-8,21,-3
14,24,28,-7,-12,15,1,-17,20,10,26,-16
-5,-3,2,-12,-13,-6,9,-8,-2,2,22,3
18,-1,-1,-14,-1,15,12,5,28,22,15,14
16,22,34,-28,-18,11,13,5,0,15,37,13
11,-2,44,16,5,10,-17,7,-3,14,-10,-9
1,27,10,-6,0,16,-20,-4,6,20,49,4
21,29,6,-6,-17,-8,-32,21,-2,11,4,10
34,5,23,-13,-2,12,-18,-8,5,26,17,16
11,22,-3,-38,-11,-13,-4,5,17,9,-3,-13
8,20,27,0,-14,-20,-23,-26,7,2,2,24
-6,22,11,-7,1,7,9,12,-12,12,5,-19
8,8,13,11,0,13,4,-11,0,33,2,10
29,7,7,-32,-25,13,-23,-34,-5,18,30,-12
24,13,4,-9,-2,2,2,-9,-8,9,7,-6
5,-2,8,-21,14,17,-12,-3,-3,-3,18,23
11,-22,-1,0,-15,17,-13,18,9,1,27,35
-1,20,-13,-4,0,21,-18,-14,-1,-1,5,-10
11,20,30,-30,-19,30,-6,5,-9,12,22,1
33,19,18,-5,3,15,-24,13,12,25,15,-10
1,17,16,-28,12,19,-4,-9,10,10,12,21
2,-3,-9,-11,3,20,-13,-5,6,26,14,18
-14,-2,18,-26,26,-5,4,-14,3,14,33,-1
8,44,30,-11,11,34,-12,-6,22,31,45,5
30,43,24,-11,6,21,-6,-10,-26,16,6,25
16,33,21,-14,-7,31,-7,-17,-1,6,45,12
9,42,20,-1,-14,45,-14,-16,20,41,29,15
1,17,34,-16,24,2,-12,-13,21,12,38,24
26,27,37,-39,4,26,-22,-10,1,31,10,33
14,32,3,-38,-22,37,-19,-13,7,44,35,25
-2,30,25,-18,-8,33,-39,-17,20,30,47,50
12,37,28,-40,-21,40,-18,8,16,26,49,39
22,73,16,-25,15,61,-16,-29,7,39,33,25
26,50,43,-40,-20,41,-12,-22,15,58,47,22
20,44,25,-35,-16,38,-34,-15,13,39,47,37
25,72,33,-41,-10,48,-51,-39,22,40,58,45
29,58,27,-45,-6,46,-46,-26,22,29,57,39
19,75,36,-39,-6,51,-45,-49,30,52,78,66
26,93,29,-42,-11,55,-52,-12,20,54,83,30
48,78,81,-49,-5,63,-20,-55,8,52,87,70
15,97,58,-46,-22,69,-32,-49,16,81,84,71
16,91,62,-75,-1,93,-53,-46,34,74,109,62
31,100,87,-72,-5,83,-45,-41,31,83,85,36
50,113,63,-74,-8,89,-67,-41,28,79,104,85
63,131,103,-74,-23,85,-87,-56,31,82,103,84
53,118,102,-107,-13,98,-49,-44,34,118,123,100
57,150,66,-115,-36,128,-80,-35,58,97,107,86
60,149,106,-108,-24,131,-94,-69,43,111,132,105
54,153,92,-122,-22,141,-73,-82,54,135,161,117
60,163,108,-111,-41,159,-94,-76,44,137,151,123
65,164,96,-121,-41,165,-90,-41,56,150,142,141
64,191,119,-137,-23,165,-119,-49,45,163,161,129
90,200,117,-140,-37,159,-137,-98,46,126,174,152
76,218,154,-127,-23,185,-132,-84,60,142,213,151
86,239,149,-155,-12,186,-105,-89,59,196,220,175
52,247,153,-148,-25,188,-121,-108,58,164,205,162
80,263,164,-153,-33,190,-143,-82,85,178,218,183
83,242,150,-180,-30,191,-128,-88,91,190,222,185
97,270,162,-192,-29,220,-155,-97,69,196,235,172
108,249,175,-175,-49,222,-125,-120,86,211,221,178
111,287,178,-157,-20,226,-163,-98,76,210,238,197
90,271,169,-161,-50,223,-135,-121,85,225,248,172
92,254,183,-193,-44,239,-149,-89,86,202,257,195
103,266,184,-197,-49,225,-149,-109,95,212,243,193
89,278,190,-193,-48,233,-152,-107,78,219,257,210
96,268,200,-208,-43,247,-177,-112,84,210,243,195
118,280,182,-202,-23,240,-153,-112,93,223,252,187
112,276,171,-196,-42,252,-162,-134,98,205,251,221
115,283,184,-169,-53,229,-142,-97,78,243,246,206
96,286,187,-193,-26,229,-159,-99,97,205,262,205
103,249,179,-195,-48,243,-161,-109,89,217,253,191
76,277,182,-182,-53,225,-159,-106,76,196,254,193
90,273,189,-200,-37,221,-150,-121,83,210,261,198
104,276,161,-173,-48,214,-151,-108,59,188,233,162
61,249,174,-155,-46,219,-135,-104,43,168,219,172
83,261,176,-155,-33,209,-131,-111,83,165,228,176
77,257,172,-153,-55,201,-134,-99,66,199,215,168
73,251,131,-172,-21,190,-121,-92,78,163,232,152
74,219,134,-135,-32,171,-129,-105,68,154,222,156
79,208,162,-137,-15,184,-125,-74,51,163,196,142
80,224,130,-128,-32,167,-120,-101,47,159,179,135
57,220,143,-109,-33,167,-105,-96,75,148,157,148
51,182,124,-124,-32,133,-113,-50,75,134,180,108
56,171,115,-123,-30,151,-98,-67,47,119,142,103
49,152,121,-120,-37,127,-81,-66,35,99,144,118
51,158,94,-105,-34,108,-87,-56,55,101,134,108
56,144,93,-85,-10,128,-77,-59,56,96,140,85
39,123,79,-93,-38,102,-80,-56,28,86,131,98
64,123,76,-90,-20,89,-77,-59,28,94,130,96
37,106,70,-75,-27,106,-67,-53,42,58,102,100
34,106,68,-90,-17,102,-70,-45,31,78,92,96
33,85,58,-83,-24,80,-44,-37,26,83,87,56
57,86,59,-70,-1,90,-36,-35,11,74,62,46
16,65,63,-66,-10,75,-35,-29,33,47,53,69
39,71,54,-68,-8,59,-40,-23,18,50,54,61
26,65,33,-41,-7,59,-30,-38,27,11,75,41
10,60,45,-39,4,55,-33,-28,26,41,48,46
21,42,23,-16,-12,39,-24,-24,28,40,50,11
17,34,45,-56,-18,44,-32,-18,10,45,41,35
33,43,31,-24,-23,45,-26,-29,-10,30,45,8
2,43,19,-11,-20,38,-1,-23,15,39,56,24
8,42,28,-38,5,44,-9,-12,21,31,1,18
21,30,10,-26,6,33,-37,-13,0,34,33,13
10,22,9,-30,-17,24,-15,20,-8,10,32,26
16,33,16,-22,5,13,8,0,14,19,-4,14
13,3,12,4,-7,11,9,-2,14,7,18,8
-8,6,23,-19,4,15,-5,5,-4,3,24,2
-7,6,5,7,-4,-12,13,-4,-8,8,12,-11
-7,17,-28,-6,4,0,8,16,-6,-4,-18,27
-7,-35,-5,6,6,-17,-10,8,10,-8,-23,1
28,-15,-21,19,-7,-37,15,-4,-15,-3,-28,-7
16,-26,-30,8,19,-51,11,-5,-5,-30,-39,-25
-19,-22,-34,28,-10,-41,18,-4,-25,-25,-47,-44
-8,-49,-9,60,8,-58,44,26,-23,-34,-64,-24
-31,-76,-48,56,12,-60,54,51,-28,-69,-64,-41
-41,-84,-76,65,-13,-63,60,37,-32,-61,-54,-60
-39,-87,-51,68,1,-84,59,48,-39,-79,-96,-80
-45,-116,-78,97,19,-83,56,51,-23,-100,-114,-80
-43,-123,-98,94,14,-133,65,53,-34,-85,-111,-103
-37,-145,-99,117,41,-119,68,68,-53,-116,-126,-82
-51,-155,-105,126,8,-127,90,38,-58,-117,-145,-109
-66,-155,-95,112,31,-142,85,72,-35,-104,-154,-115
-68,-146,-94,110,20,-114,92,47,-49,-102,-141,-105
-54,-141,-88,106,15,-108,92,68,-50,-108,-132,-85
-29,-130,-61,63,0,-94,78,28,-21,-86,-108,-64
-15,-64,-48,58,17,-51,43,48,-25,-59,-59,-54
8,-54,-3,23,14,-42,18,30,-19,-30,-34,-33
21,31,2,-23,-7,46,-31,-5,21,40,17,12
38,91,45,-86,-20,84,-45,-49,28,81,103,76
65,161,133,-130,-25,158,-104,-63,34,141,154,137
85,272,177,-162,-56,236,-156,-97,98,229,239,193
130,366,253,-257,-42,308,-215,-136,102,292,327,252
166,511,330,-294,-67,395,-253,-175,144,370,435,332
206,597,370,-408,-77,493,-316,-255,183,454,524,422
255,683,463,-473,-104,581,-389,-303,227,530,633,496
296,814,519,-557,-124,685,-456,-328,250,613,735,595
318,906,602,-614,-148,727,-503,-364,272,682,808,650
348,980,634,-686,-163,833,-532,-385,310,765,897,682
340,1036,708,-707,-157,853,-561,-416,326,786,978,762
361,1075,717,-721,-178,876,-601,-451,305,810,976,757
363,1086,712,-730,-167,905,-600,-426,325,797,962,754
382,1074,675,-711,-165,891,-574,-429,317,811,955,726
366,1000,659,-686,-151,861,-554,-384,304,760,919,723
331,951,603,-635,-143,773,-508,-368,275,697,840,657
299,850,554,-585,-135,705,-470,-345,260,627,755,592
271,735,489,-506,-123,595,-394,-291,225,538,664,544
217,608,394,-441,-100,494,-340,-248,190,506,563,433
184,522,331,-355,-83,433,-273,-218,141,396,464,354
134,387,249,-253,-66,317,-221,-148,133,300,357,272
94,260,157,-174,-37,222,-145,-101,76,200,266,177
34,153,110,-97,-30,142,-92,-88,59,125,116,97
49,60,20,-57,-7,61,-32,-15,26,36,71,26
-10,5,14,16,26,-20,28,-13,0,-24,-3,3
-51,-112,-64,71,48,-65,59,51,-8,-79,-87,-64
-32,-152,-99,127,48,-147,79,65,-64,-122,-134,-110
-59,-205,-117,125,38,-164,114,92,-31,-151,-182,-134
-82,-252,-154,148,39,-206,118,79,-67,-170,-209,-183
-92,-238,-181,173,2,-204,143,109,-44,-200,-246,-165
-112,-254,-160,177,42,-244,145,100,-69,-177,-231,-192
-91,-259,-165,180,23,-203,141,98,-78,-201,-248,-193
-79,-255,-159,176,24,-201,142,103,-78,-192,-249,-175
-71,-256,-141,193,49,-175,140,85,-91,-175,-199,-164
-91,-213,-135,152,32,-186,133,109,-40,-152,-197,-132
-72,-195,-139,117,40,-145,114,74,-56,-144,-174,-141
-77,-152,-105,119,6,-123,79,52,-46,-109,-146,-122
-46,-134,-79,102,32,-125,81,69,-47,-78,-137,-95
-43,-116,-72,57,38,-101,71,21,-44,-73,-112,-97
-33,-97,-64,85,15,-95,58,37,-34,-82,-67,-58
-12,-83,-67,48,1,-65,44,33,-19,-62,-83,-37
-26,-52,-10,21,17,-53,39,15,-8,-29,-51,-38
-28,-44,-21,14,-1,-36,26,17,-5,-31,-41,-44
2,-37,-23,20,-5,-26,37,22,6,-25,-23,-29
-23,-28,-38,23,-1,-16,8,9,-17,-26,-16,-6
-21,1,-13,-2,12,-17,-15,0,-13,-21,6,-21
-8,-4,-30,0,5,-13,2,-6,7,-7,-16,-2
3,-7,-1,10,-15,-27,6,-7,15,25,-3,-21
15,-13,-22,-3,-18,-18,-3,-8,-11,5,1,-6
-3,-15,16,30,-6,25,-13,1,7,-1,-2,-3
10,-9,9,13,-24,12,1,-6,6,-6,14,2
19,-9,6,-8,9,0,-2,-9,-14,-13,-21,11
2,4,28,-35,5,6,-3,-1,-12,30,3,13
8,13,3,-3,-23,31,14,-16,2,22,9,10
2,37,12,-27,4,1,17,-5,19,-8,15,-8
-6,13,0,-1,-22,40,1,-4,21,6,17,-11
29,47,11,-17,-1,-4,0,-16,17,28,23,25
22,43,9,-25,-1,25,-11,-10,14,20,33,17
27,39,32,-34,3,35,-6,-3,-4,11,22,22
7,40,19,-9,-6,28,2,-27,4,37,22,20
-9,47,3,-23,-23,18,-4,-26,15,21,16,7
26,63,27,-41,-11,26,-27,-5,11,34,34,26
11,44,15,-17,-24,23,-8,-25,22,29,31,16
-5,72,21,-36,-4,36,-23,-26,15,24,34,47
25,64,27,-32,0,37,-14,3,-27,49,38,40
-11,47,46,-39,-35,31,-28,-22,38,37,48,52
13,68,46,-38,-13,56,-30,5,21,38,30,30
1,75,39,-44,-12,46,-19,-29,9,69,42,34
-10,57,35,-51,-2,44,-58,-29,15,50,52,68
45,83,35,-53,-7,77,-24,-37,28,54,52,56
21,87,13,-77,-6,61,-26,-51,35,69,68,63
25,93,70,-64,-21,68,-62,-33,11,59,92,58
25,116,67,-55,-24,97,-78,-36,37,80,100,66
49,110,54,-97,-18,86,-67,-34,36,52,101,72
23,86,69,-78,-1,104,-51,-35,52,68,84,75
40,113,78,-40,-15,88,-73,-14,63,89,87,86
59,141,65,-78,10,99,-77,-51,29,75,113,70
36,117,97,-79,-18,137,-98,-56,46,92,125,82
31,135,102,-99,-3,131,-62,-64,63,96,137,90
45,146,90,-89,-8,149,-79,-56,42,112,127,113
62,158,110,-92,-18,129,-57,-77,46,129,134,109
73,152,113,-119,-12,135,-96,-62,52,119,150,135
65,152,109,-112,-40,148,-105,-57,44,122,148,115
64,196,117,-112,-28,157,-108,-64,49,128,162,130
85,166,114,-139,-30,165,-100,-84,70,144,185,126
57,197,120,-131,-44,153,-120,-86,50,169,186,137
62,199,120,-144,-47,197,-113,-74,82,143,190,146
83,205,134,-148,-55,186,-106,-92,55,175,194,140
89,228,158,-141,-48,178,-116,-95,62,176,216,150
97,239,148,-174,-35,199,-129,-109,83,193,212,157
80,247,188,-151,-43,210,-131,-104,81,192,228,175
104,269,160,-153,-38,220,-143,-108,84,211,211,190
93,262,197,-178,-54,234,-122,-133,80,196,257,163
110,270,184,-187,-55,230,-140,-125,73,217,281,206
91,296,169,-190,-32,237,-142,-122,90,205,259,234
107,290,194,-202,-42,254,-159,-136,70,232,262,200
97,283,220,-227,-40,228,-166,-131,91,229,273,216
131,329,201,-228,-58,274,-176,-114,127,248,292,224
115,326,179,-225,-51,275,-182,-152,105,211,297,222
115,342,215,-248,-58,284,-181,-138,82,247,300,234
140,339,244,-247,-55,303,-208,-125,91,251,312,233
121,349,243,-261,-53,297,-195,-140,101,277,307,248
106,373,220,-244,-46,303,-215,-147,86,256,313,257
119,380,275,-262,-69,331,-214,-140,124,260,307,246
136,379,229,-265,-65,297,-209,-156,95,272,345,241
130,371,265,-255,-57,331,-219,-170,101,267,325,262
124,398,244,-275,-55,334,-224,-161,101,295,333,274
145,392,274,-278,-70,309,-216,-146,115,301,357,275
160,390,258,-253,-76,325,-195,-156,124,293,357,271
126,394,254,-258,-94,320,-204,-154,112,299,354,289
123,379,270,-253,-57,325,-226,-189,128,311,362,263
149,393,252,-277,-68,354,-214,-155,118,298,365,286
140,404,248,-261,-61,342,-212,-168,119,320,370,272
120,430,261,-281,-50,354,-234,-169,131,310,375,269
146,391,261,-266,-65,348,-243,-178,110,312,383,284
142,416,273,-272,-68,337,-250,-147,116,316,373,274
140,422,267,-299,-65,342,-219,-142,124,313,391,311
142,423,269,-277,-54,346,-234,-179,130,297,370,318
137,413,267,-295,-45,333,-227,-186,122,305,381,293
127,415,278,-271,-77,317,-216,-167,125,305,371,278
145,373,274,-290,-69,346,-217,-172,123,317,369,272
149,406,258,-279,-53,323,-236,-142,117,309,373,292
130,423,265,-291,-77,325,-241,-167,116,300,350,286
151,402,258,-243,-65,339,-217,-152,123,288,353,270
147,395,261,-250,-53,316,-193,-135,109,295,363,256
138,390,248,-243,-62,294,-210,-167,118,286,342,264
142,381,237,-278,-33,336,-198,-165,109,290,322,250
144,352,242,-246,-57,311,-191,-149,116,268,345,266
138,366,224,-251,-51,323,-194,-143,116,264,327,242
111,339,230,-242,-46,302,-212,-137,125,273,293,253
121,340,221,-218,-49,281,-178,-101,100,265,294,241
117,348,215,-214,-51,279,-194,-148,100,263,283,250
125,331,203,-232,-45,274,-182,-148,114,245,277,218
129,308,208,-206,-47,253,-172,-135,97,245,283,233
105,317,198,-211,-44,253,-157,-111,80,247,288,223
115,286,201,-199,-38,239,-162,-107,107,223,283,232
86,294,194,-195,-33,262,-143,-114,90,228,269,203
92,287,206,-213,-14,238,-154,-94,107,214,256,196
82,285,184,-172,-28,223,-151,-97,78,207,255,197
104,255,168,-189,-34,212,-131,-112,87,202,242,180
91,247,172,-181,-24,209,-136,-104,77,185,216,164
77,249,145,-173,-44,190,-125,-92,49,188,220,169
91,227,144,-154,-37,198,-123,-74,56,196,217,164
72,230,152,-169,-29,189,-125,-95,74,177,179,141
87,204,106,-142,-41,183,-109,-87,55,157,185,159
79,186,147,-127,-23,163,-116,-103,66,159,166,140
63,178,111,-131,-36,161,-103,-70,51,144,177,133
57,210,121,-132,-12,163,-99,-57,56,145,161,134
57,147,113,-124,-39,155,-108,-67,44,119,160,140
35,162,107,-107,-13,131,-88,-62,50,125,140,116
42,149,99,-103,-22,125,-63,-47,37,110,150,85
61,165,82,-92,-29,103,-83,-46,38,126,130,65
40,126,85,-92,-13,115,-77,-63,51,103,132,86
31,119,54,-83,-29,94,-58,-59,32,71,97,71
31,97,82,-76,-17,92,-32,-37,51,64,104,49
38,94,52,-67,7,105,-51,-44,29,67,89,57
30,86,78,-63,-7,81,-56,-38,47,92,76,69
22,89,47,-75,-6,82,-51,-28,18,68,81,50
26,70,55,-44,-8,68,-52,-28,40,61,66,40
13,81,33,-60,1,56,-41,-19,25,48,43,37
21,46,37,-57,1,51,-48,-32,15,33,23,40
20,48,63,-27,5,41,-32,-37,10,44,50,42
24,42,17,-35,-28,32,-21,-30,5,37,47,24
21,31,17,-33,8,17,-36,-14,16,28,39,61
17,43,38,-8,8,14,-36,-15,-8,41,61,26
0,48,13,-21,2,24,-20,-2,9,13,26,26
-2,7,-2,-21,0,41,-7,-25,5,20,19,3
24,9,12,-27,-7,22,-21,25,-11,0,6,42
0,25,-2,-2,-34,12,0,1,2,3,10,33
-1,3,28,7,13,-6,-4,1,-2,-2,12,6
9,1,12,-14,-7,11,-6,11,2,1,12,-1
-7,4,16,-7,-5,-14,-6,-15,1,6,13,-1
-2,-11,3,-12,20,-5,0,-16,-4,-3,-8,0
16,-1,10,4,6,-10,29,2,-7,13,-21,-11
29,-16,-19,5,4,-24,4,6,1,-17,4,9
-16,-15,-15,3,4,-25,26,4,-7,-14,-7,-1
3,-14,8,-1,3,-1,13,9,-12,-27,-16,-7
16,-24,-9,8,-29,-3,24,-11,-21,-10,-38,-18
11,-23,-20,14,-5,-10,20,13,-5,-26,-32,-10
-1,-14,-21,-1,-10,-8,5,6,-17,-13,-26,-22
-8,-27,-15,11,-13,-15,30,4,-7,-5,-43,-24
-13,-38,-29,25,-24,-16,-5,-7,-1,-23,-38,-4
-30,-17,-21,9,1,-18,20,18,3,-37,-38,-32
-7,-11,-35,23,-5,-34,7,22,-11,-28,-13,-39
-21,-41,-5,34,-23,-22,2,-14,-2,-20,-48,-31
3,-41,-32,29,3,-54,5,20,-17,-29,-14,-28
-28,-46,-17,11,-5,-29,10,16,-19,-3,-15,-33
-17,-42,-37,32,-10,-23,36,5,-8,-10,-47,-22
-28,-32,-41,48,2,-41,30,-2,-25,-26,-51,-21
-14,-44,-21,29,-15,-55,27,39,-9,-21,-39,-45
-21,-54,-34,30,-8,-7,29,30,1,-24,-58,-40
-20,-42,10,13,-7,-44,35,33,-2,-48,-48,-2
-22,-60,-32,12,-5,-41,15,6,-9,-24,-31,-27
-38,-38,-21,20,18,-23,15,28,-5,-35,-51,-38
-19,-49,-27,28,0,-21,27,1,-21,-53,-30,-31
-30,-41,-37,19,15,-40,29,-13,-8,-31,-52,-42
1,-59,-24,38,-4,-29,42,12,-23,-53,-46,-43
-19,-29,-42,26,23,-64,41,39,12,-37,-34,-43
0,-57,-43,33,5,-32,20,22,10,-64,-51,-19
-14,-48,-14,38,18,-48,17,18,-34,-30,-37,-9
-14,-69,-34,35,16,-36,35,18,-15,-35,-44,-40
-17,-40,-25,41,6,-31,43,29,4,-25,-55,-38
-26,-40,-24,39,11,-29,39,14,-1,-45,-39,-44
-37,-28,-32,13,0,-48,18,35,-17,-39,-54,-29
-18,-40,-40,44,8,-49,44,11,-28,-29,-43,-45
-18,-42,-39,18,20,-38,14,29,-24,-24,-63,-31
1,-58,-36,41,17,-23,30,20,-23,-45,-47,-44
-23,-66,-55,42,3,-43,15,32,-35,-32,-46,-44
-5,-61,-52,24,8,-39,24,41,-16,-34,-52,-11
-4,-54,-28,15,18,-16,7,18,-4,-49,-54,-27
-9,-51,-23,20,16,-41,31,13,0,-21,-43,-30
-29,-52,-47,25,16,-36,31,32,-10,-42,-37,-54
-30,-63,-37,41,7,-36,44,7,-7,-44,-30,-24
-20,-71,-35,29,21,-47,42,34,-23,-27,-49,-67
-21,-39,-21,34,18,-43,27,35,-10,-43,-51,-42
-6,-47,-31,27,-7,-61,29,2,-51,-50,-36,-23
-12,-60,-8,4,8,-46,25,21,-15,-47,-41,-41
-12,-64,-31,26,11,-32,27,19,-16,-62,-44,0
5,-44,-39,62,-3,-43,23,22,-7,-30,-43,-57
-13,-44,-52,44,4,-37,49,25,-41,-39,-51,-45
-19,-73,-25,27,7,-27,25,27,-2,-28,-39,-52
-14,-48,-24,59,-5,-45,20,5,-12,-19,-59,-24
-15,-42,-48,40,-10,-47,42,25,-15,-42,-41,-43
-22,-56,-36,22,8,-42,20,22,-20,-45,-43,-8
-15,-57,-46,40,-5,-24,5,34,-9,-32,-24,-32
-19,-56,-27,27,21,-51,22,34,-1,-25,-50,-3
-19,-52,-35,37,-11,-36,32,16,-13,-39,-24,-44
-24,-61,-36,33,11,-37,25,27,-18,-44,-44,-55
-21,-40,-46,25,4,-47,43,38,5,-31,-54,-15
-43,-32,-38,51,-9,-52,7,26,-26,-44,-51,-1
-15,-65,-41,58,6,-37,36,20,4,-21,-31,-29
-14,-50,-26,24,25,-51,42,11,-12,-41,-17,-50
-11,-62,-51,36,7,-42,24,18,-22,-48,-45,-50
-19,-43,-28,40,15,-52,42,16,-9,-43,-23,-31
-22,-26,-53,35,14,-35,18,5,0,-37,-45,-29
-3,-41,-41,32,-15,-22,34,17,-8,-25,-40,-23
-5,-37,-15,31,15,-48,28,24,-38,-22,-42,-40
0,-33,-37,21,9,-7,26,18,-22,-35,-47,-35
-3,-21,-50,24,22,-40,7,0,-48,-36,-33,-8
-18,-47,-29,26,4,-48,45,24,-13,-28,-34,-31
-45,-40,-41,26,1,-41,13,23,-21,-28,-31,-41
-9,-38,-41,27,15,1,6,18,17,-19,-43,-30
-34,-63,-1,11,25,-40,44,14,0,-39,-53,-31
-32,-39,-31,9,15,1,22,-6,-3,-33,-36,-39
-3,-18,-34,16,7,-33,24,17,7,-14,-42,-13
-10,-9,-25,22,25,-10,25,3,-11,-11,-47,-30
13,-44,-15,54,-1,-27,16,8,-7,-13,-31,-10
6,-17,-18,14,-22,-6,34,12,0,-25,-34,-20
-18,-32,-5,5,-20,0,4,8,-2,-21,-33,-21
4,11,-5,18,-2,-3,1,-12,-1,-5,-25,-25
11,-2,-22,-8,8,-15,-16,-1,-17,3,-24,-9
-10,-5,-12,12,-1,-25,18,10,-1,-12,-18,-15
-1,14,4,9,-9,-22,6,9,-14,6,-11,2
1,-13,20,-2,-10,-14,4,31,13,-15,7,13
-22,-7,-14,-8,1,2,-10,-11,-3,-11,10,2
10,35,18,4,8,33,0,-12,-14,15,4,16
-6,26,22,-11,22,3,-19,-13,42,15,0,16
17,11,18,-29,7,27,-18,-2,8,21,36,17
15,44,30,-12,18,40,-9,-24,12,58,22,15
24,32,51,-48,2,31,-30,-16,17,17,47,24
23,56,35,-40,-23,35,-43,-34,20,48,40,35
10,45,52,-59,-14,40,-20,-19,4,43,54,51
8,67,73,-25,-12,57,-38,-5,9,33,48,51
36,75,35,-61,-22,76,-54,-35,25,50,70,95
42,90,61,-60,-7,67,-59,-35,33,75,93,58
35,99,66,-63,-6,84,-41,-55,37,72,62,58
34,133,76,-57,-18,96,-78,-50,35,97,105,84
73,110,84,-84,-28,93,-66,-42,46,98,113,84
50,142,79,-74,-19,109,-59,-68,41,91,109,73
53,134,82,-98,-35,106,-92,-83,44,124,120,109
51,154,81,-109,-26,133,-63,-53,27,120,133,93
64,161,90,-87,-16,138,-97,-53,39,110,158,85
41,191,103,-121,-41,144,-98,-69,57,142,149,111
87,160,124,-94,-16,141,-107,-74,43,142,149,131
52,188,122,-112,-23,155,-94,-67,52,135,156,116
77,204,132,-128,-16,182,-97,-83,68,157,153,131
78,190,131,-126,-40,155,-90,-86,70,145,192,126
69,203,109,-117,-46,182,-132,-80,69,158,173,115
60,193,156,-153,-43,196,-114,-81,66,153,188,143
64,211,148,-139,-30,167,-118,-68,67,151,170,137
81,208,151,-135,-22,189,-115,-78,68,169,210,135
78,241,161,-162,-43,192,-148,-100,58,175,208,161
77,227,144,-142,-32,188,-114,-85,65,154,183,161
79,236,141,-137,1,180,-129,-81,68,155,194,172
80,233,126,-147,-25,188,-139,-107,68,175,192,140
85,232,128,-143,-13,157,-118,-80,60,147,203,164
68,208,133,-137,-26,209,-125,-100,52,174,181,172
83,199,151,-164,-28,185,-96,-95,76,137,199,157
76,184,134,-138,-28,167,-124,-88,57,163,178,157
73,208,117,-159,-27,168,-106,-93,65,151,171,132
73,206,116,-118,-40,144,-126,-82,64,152,160,146
53,174,110,-130,1,144,-87,-49,42,113,171,122
74,174,122,-116,-17,145,-110,-75,54,130,164,138
75,187,120,-106,-31,152,-94,-77,24,133,160,135
63,133,95,-118,-30,162,-87,-51,57,140,183,88
63,153,95,-113,-27,110,-78,-66,34,107,130,81
35,153,87,-87,-34,87,-86,-50,29,94,136,103
52,133,87,-77,-34,99,-68,-31,23,111,123,87
48,139,76,-82,-21,82,-63,-54,35,104,110,83
24,100,73,-81,-22,80,-77,-74,41,107,105,70
52,105,65,-47,-24,77,-58,-45,9,65,83,56
18,74,71,-77,-7,39,-65,-30,24,57,41,84
21,100,35,-47,-33,72,-40,-15,22,67,87,47
14,47,42,-40,-21,51,-39,-3,49,62,58,20
41,78,39,-27,-4,48,-38,-36,32,32,62,40
28,36,13,-26,-25,36,-29,-6,16,20,48,20
8,52,34,-4,-6,47,-31,-7,15,40,46,27
16,28,21,2,3,32,-12,2,8,16,23,22
-7,23,8,-28,3,38,-1,-22,6,39,30,30
26,12,-10,-12,5,21,-31,4,-14,0,-7,25
15,11,-9,19,-13,15,-12,14,3,11,-1,2
-7,-5,1,12,0,0,-3,12,7,8,3,11
-20,18,-8,-7,7,17,5,14,1,10,4,-13
9,-16,-28,11,-23,2,24,-10,-28,-12,-36,8
3,-24,6,-8,-9,-20,13,-4,-22,-13,-19,-41
-17,-24,-14,14,17,-17,-5,19,-15,-14,-15,-33
-13,-16,-25,49,-4,-33,18,23,-7,-28,-25,-22
-21,-34,-21,24,18,-24,15,0,-5,-16,-21,-11
-17,-45,-36,27,8,-12,24,5,-25,-17,-35,-40
-25,-11,-35,12,13,-37,21,17,-8,-29,-45,-18
-7,-27,-17,52,2,-22,37,28,-15,-42,-34,-31
-14,-49,-40,23,13,-47,32,29,-15,-33,-39,-26
-14,-58,-5,28,-6,-33,35,32,-15,-29,-36,-44
-9,-69,-34,65,19,-44,22,21,-26,-51,-36,-58
-25,-44,-38,53,2,-52,39,19,-9,-64,-34,-29
-33,-86,-51,57,23,-77,42,37,-31,-52,-63,-43
-11,-84,-39,40,28,-63,49,17,-14,-74,-88,-54
-25,-88,-57,51,-3,-82,44,38,-26,-63,-75,-77
-39,-107,-76,69,9,-89,52,32,-12,-74,-76,-81
-41,-139,-64,62,24,-107,57,56,-40,-73,-78,-74
-50,-145,-84,78,20,-115,63,48,-38,-103,-113,-89
-64,-123,-94,110,11,-108,59,58,-49,-85,-141,-90
-56,-166,-93,117,50,-140,109,37,-42,-127,-151,-106
-63,-175,-131,132,44,-154,108,55,-39,-153,-175,-127
-71,-195,-108,115,34,-164,109,75,-77,-148,-179,-148
-69,-223,-129,147,24,-184,102,88,-38,-159,-180,-142
-83,-230,-128,139,20,-168,120,60,-49,-143,-201,-157
-69,-220,-137,154,23,-182,118,98,-88,-167,-212,-154
-91,-234,-149,151,31,-207,128,92,-49,-173,-207,-159
-85,-216,-133,138,23,-176,130,100,-75,-171,-190,-142
-87,-190,-139,131,4,-168,109,79,-49,-154,-175,-151
-45,-165,-120,114,44,-142,92,56,-37,-135,-164,-97
-31,-107,-80,87,32,-111,78,62,-46,-93,-128,-80
-32,-89,-43,23,27,-63,51,61,-41,-66,-71,-60
-3,-17,-11,-6,-10,-21,6,20,-14,-5,-18,-19
-7,57,40,-30,-25,57,-32,-6,7,31,36,56
83,147,128,-103,-6,130,-69,-77,52,122,132,108
99,224,148,-139,-26,200,-113,-90,62,191,213,145
115,330,226,-237,-41,281,-176,-148,121,284,297,244
159,462,314,-327,-72,397,-250,-168,145,344,385,310
200,574,381,-404,-82,498,-323,-222,192,451,514,402
259,686,455,-466,-100,580,-373,-296,227,529,623,477
277,810,521,-527,-106,643,-452,-333,256,603,723,563
326,892,576,-583,-146,728,-503,-334,271,653,808,622
326,964,600,-631,-128,804,-503,-385,291,727,828,673
359,996,646,-687,-159,817,-543,-410,302,758,895,701
348,1018,648,-692,-153,823,-571,-372,306,780,927,706
370,1010,657,-694,-165,847,-557,-416,308,740,896,720
345,1009,619,-664,-158,800,-519,-394,310,740,896,699
334,907,609,-631,-116,755,-506,-372,254,705,843,640
288,847,542,-579,-149,703,-472,-318,242,640,766,607
287,769,505,-499,-132,606,-417,-283,252,559,674,515
193,650,416,-452,-89,512,-371,-251,186,469,573,458
164,518,352,-363,-91,425,-285,-213,151,388,477,378
137,423,264,-279,-50,324,-222,-156,123,300,355,284
99,283,164,-211,-58,241,-138,-99,82,224,260,190
84,181,102,-119,-47,128,-91,-78,41,122,166,100
21,68,66,-49,-24,52,-42,-23,33,45,65,62
-5,-29,-28,22,17,-25,13,0,-6,-4,-37,-38
-29,-124,-66,90,33,-95,45,63,-41,-95,-115,-91
-56,-175,-118,132,21,-163,130,61,-52,-173,-172,-132
-93,-242,-173,194,50,-220,146,105,-84,-194,-237,-198
-106,-301,-181,193,43,-248,174,123,-84,-265,-272,-206
-116,-311,-224,218,32,-289,183,115,-80,-247,-305,-228
-115,-338,-212,239,62,-293,171,123,-118,-256,-313,-247
-125,-358,-227,238,43,-290,196,144,-121,-300,-307,-261
-104,-359,-224,223,62,-287,183,172,-87,-268,-299,-264
-126,-353,-238,245,56,-280,187,149,-107,-239,-308,-219
-114,-324,-230,220,47,-262,196,123,-113,-252,-288,-246
-114,-310,-196,215,42,-251,188,148,-85,-232,-277,-196
-95,-277,-187,191,34,-240,147,107,-75,-221,-259,-208
-79,-263,-153,182,43,-210,135,124,-72,-186,-262,-187
-83,-219,-154,129,56,-181,124,87,-52,-160,-230,-156
-72,-211,-111,130,43,-182,106,96,-70,-148,-189,-142
-31,-200,-136,121,21,-156,107,56,-44,-133,-160,-121
-79,-156,-93,101,49,-137,86,73,-48,-119,-140,-114
-36,-175,-107,103,62,-99,67,66,-14,-108,-112,-99
-43,-123,-67,104,-6,-131,75,33,-53,-87,-101,-75
-13,-104,-75,78,18,-99,50,62,-20,-88,-92,-74
-48,-116,-70,100,-1,-66,79,51,-29,-73,-108,-73
-46,-105,-54,49,18,-70,52,36,-18,-70,-113,-76
-25,-73,-67,54,16,-79,65,26,-19,-63,-91,-58
-37,-110,-41,50,21,-75,52,32,-31,-47,-96,-67
-27,-91,-79,50,4,-83,35,41,-19,-88,-69,-66
-43,-87,-55,68,-2,-43,50,23,-30,-50,-76,-57
-15,-84,-58,38,32,-58,45,40,-25,-67,-59,-61
-35,-89,-49,59,16,-77,43,19,-9,-61,-73,-44
-38,-67,-42,55,-7,-73,47,4,-23,-58,-75,-47
-37,-74,-56,58,22,-76,48,41,-15,-55,-82,-50
-27,-65,-36,49,12,-76,22,31,-27,-48,-63,-40
-25,-63,-53,46,17,-58,36,16,-7,-56,-73,-46
-22,-57,-42,22,5,-66,53,16,-28,-49,-56,-34
-18,-76,-49,46,16,-38,37,31,-43,-33,-50,-51
-38,-65,-26,61,2,-40,27,21,-20,-53,-53,-20
-41,-62,-29,61,14,-61,46,39,-9,-50,-58,-31
-4,-54,-32,44,4,-40,31,38,-28,-53,-64,-37
-3,-64,-35,43,9,-39,38,23,-13,-33,-51,-22
-17,-50,-22,20,14,-48,13,24,-19,-44,-51,-50
-21,-43,-38,15,-11,-19,17,5,-13,-35,-65,-12
-19,-44,-15,10,5,-40,28,3,-6,-21,-43,-39
-1,-49,-31,29,5,-14,20,-2,-4,-30,-33,-9
-13,-27,-11,4,-13,-43,1,12,-18,-14,-26,-12
11,-37,8,9,9,-31,10,23,4,-27,-21,-22
-26,-13,-2,7,17,-24,-1,10,-11,-10,-24,-7
-1,-2,-21,-15,11,-13,0,12,13,8,10,23
-20,2,6,-14,-6,-2,1,4,-6,-17,-3,3
-28,-7,-3,-6,2,13,0,-9,3,-2,-12,-4
-8,3,15,-18,-6,1,-15,-18,-1,14,7,-5
16,8,2,-7,-13,10,-11,1,2,36,-1,-5
8,21,11,-7,-6,15,-12,8,-1,5,17,22
5,27,17,-27,-4,22,-10,-16,9,21,38,20
20,50,31,-2,-25,19,-19,-20,22,25,31,36
3,38,49,-39,-15,26,7,-21,36,27,42,11
15,76,32,-40,-23,32,-16,-27,13,12,64,27
-1,63,60,-33,-15,55,-38,-47,23,52,55,50
2,58,46,-61,-18,73,-33,-33,39,39,91,45
60,84,46,-58,-23,59,-44,-37,20,37,93,38
28,81,46,-63,-18,82,-51,-40,18,64,74,74
25,100,46,-72,-21,63,-47,-32,5,70,84,74
44,110,78,-65,-16,114,-72,-31,43,88,86,52
29,108,78,-82,-26,99,-72,-39,39,91,109,74
30,90,92,-90,-7,87,-72,-58,23,95,99,106
51,136,91,-89,-28,103,-63,-56,19,103,110,112
48,145,94,-106,-1,104,-66,-61,42,89,117,91
57,166,86,-114,-9,150,-69,-58,35,103,140,112
41,155,107,-126,-14,117,-108,-61,60,127,157,98
62,176,133,-122,-26,158,-103,-61,54,117,157,121
72,181,125,-136,-24,152,-98,-81,45,153,162,138
86,182,120,-129,-42,176,-90,-69,45,146,180,146
46,198,139,-131,-46,154,-107,-74,55,150,178,158
90,216,146,-145,-26,203,-103,-80,76,161,190,163
71,209,151,-152,-33,179,-134,-119,44,161,189,157
72,231,148,-148,-21,186,-121,-93,62,198,215,165
83,222,163,-160,-57,201,-152,-72,63,172,201,180
100,242,163,-151,-39,186,-168,-78,96,178,245,190
90,248,193,-174,-61,184,-132,-100,76,176,232,180
111,280,172,-175,-41,211,-151,-104,71,201,213,209
101,260,185,-177,-63,238,-171,-121,69,186,258,204
95,274,182,-201,-69,236,-149,-100,83,217,232,184
78,305,198,-183,-25,241,-138,-129,79,215,260,183
110,290,202,-191,-62,249,-159,-117,91,215,265,205
129,294,201,-198,-36,246,-154,-110,87,219,266,208
116,301,221,-212,-82,242,-154,-118,92,222,266,203
93,303,211,-207,-40,244,-170,-141,92,255,281,217
113,308,208,-226,-62,254,-181,-147,94,212,288,223
123,315,189,-220,-39,256,-176,-149,107,241,298,220
116,331,237,-203,-48,271,-184,-134,99,248,284,232
111,345,207,-205,-46,278,-173,-126,72,240,278,252
109,340,202,-239,-50,267,-163,-121,104,239,311,228
94,336,217,-230,-53,268,-181,-153,121,240,279,261
132,322,198,-226,-49,282,-195,-133,103,262,315,235
114,318,203,-234,-51,279,-171,-147,100,262,314,236
121,330,230,-208,-57,289,-181,-131,92,261,311,244
121,347,222,-220,-65,276,-169,-135,91,245,283,233
139,331,215,-211,-34,276,-181,-147,101,253,298,241
110,325,231,-239,-38,279,-184,-135,93,251,307,255
121,344,201,-241,-39,283,-182,-116,97,248,289,252
118,319,238,-218,-56,270,-173,-171,102,254,311,228
111,316,209,-231,-49,249,-168,-110,105,252,274,239
96,312,216,-217,-53,248,-177,-144,84,228,313,219
107,313,198,-207,-49,249,-150,-142,94,229,287,221
112,304,199,-203,-48,238,-158,-129,89,223,260,230
89,301,193,-176,-36,253,-165,-113,91,214,260,200
105,286,169,-212,-58,265,-170,-99,85,209,271,181
84,298,206,-208,-36,240,-148,-120,84,234,247,188
107,272,193,-200,-50,235,-163,-103,93,208,250,189
99,258,162,-177,-53,205,-151,-138,76,200,237,199
101,246,164,-184,-70,227,-157,-99,74,202,222,186
96,262,169,-162,-36,229,-127,-119,70,185,231,184
92,248,154,-185,-35,188,-108,-97,93,195,224,180
83,238,147,-157,-39,176,-107,-94,71,190,180,173
67,218,146,-159,-24,189,-120,-92,78,167,212,172
67,224,116,-165,-33,177,-108,-88,55,162,200,146
58,192,106,-143,-9,169,-121,-113,74,146,186,139
61,185,109,-159,-39,160,-97,-77,55,154,175,129
65,196,119,-131,-21,162,-105,-83,54,121,171,108
80,181,93,-117,-25,140,-85,-57,59,122,154,134
67,169,93,-118,-23,138,-72,-92,45,127,149,100
29,145,104,-100,-38,120,-86,-59,52,118,142,97
33,141,91,-97,-23,116,-78,-47,42,99,129,119
40,126,70,-103,-37,111,-79,-51,35,88,123,80
18,127,85,-88,-27,111,-93,-49,27,107,114,84
44,116,56,-94,-16,79,-57,-49,46,74,99,82
24,83,98,-78,-12,92,-43,-48,22,68,95,69
45,103,62,-53,-13,69,-46,-33,25,67,86,56
29,83,68,-44,-23,96,-44,-36,24,59,89,38
35,91,43,-34,14,57,-39,-30,35,63,69,38
31,74,39,-20,-2,61,-19,-44,0,56,82,32
31,50,32,-49,-8,65,-24,-23,29,70,46,30
43,47,44,-34,-5,25,4,-13,16,23,44,17
17,46,6,-24,-16,31,-21,-11,20,22,34,39
14,25,19,-7,-3,39,-10,-14,20,21,17,33
-12,-1,-3,-14,-13,25,-17,4,7,6,9,-10
8,10,6,-19,7,11,1,17,-16,-4,1,-16
-3,10,-3,-3,-1,10,9,6,-10,-1,19,-3
11,-10,-18,6,9,-14,-1,-3,-5,-14,9,-15
-8,8,-22,7,23,-29,13,12,-3,-6,-6,-16
22,-25,-15,7,4,-43,7,15,9,9,-8,-13
-19,-53,-16,16,-8,-18,18,7,-11,-30,-44,-7
-10,-35,-10,30,28,-27,11,21,0,-24,-49,-27
-5,-37,-16,48,-1,-23,30,22,-16,-5,-16,-43
-18,-54,-21,24,-9,-56,7,38,13,-45,-24,-44
-6,-52,-25,42,5,-48,19,28,-28,-52,-58,-42
-5,-59,-62,27,17,-41,19,3,-22,-30,-46,-28
-37,-63,-25,25,18,-38,38,28,-17,-36,-58,-49
-11,-53,-52,36,-3,-41,47,33,-25,-32,-63,-45
-31,-78,-41,36,7,-74,25,20,-23,-70,-61,-56
-25,-71,-56,48,1,-65,46,31,-1,-43,-72,-57
-16,-76,-70,45,22,-53,51,26,-27,-53,-70,-59
-31,-90,-60,54,13,-58,39,13,-27,-65,-72,-50
-26,-53,-50,40,21,-70,52,26,-45,-80,-87,-68
-36,-85,-51,55,3,-73,51,24,-24,-68,-98,-55
-31,-95,-49,51,18,-64,29,62,-34,-55,-65,-65
-21,-98,-44,50,7,-74,44,32,-28,-66,-90,-79
-31,-87,-81,42,35,-71,40,43,-33,-64,-101,-57
-29,-89,-57,60,18,-88,45,46,-31,-66,-92,-72
-47,-108,-64,77,21,-84,62,59,-32,-78,-82,-48
-47,-100,-64,85,25,-91,76,38,-43,-83,-89,-78
-50,-108,-64,87,36,-96,59,54,-17,-91,-88,-67
-39,-94,-92,84,24,-71,51,28,-29,-66,-107,-78
-38,-95,-55,88,31,-104,80,56,-38,-87,-106,-55
-23,-117,-76,69,14,-65,60,49,-21,-64,-82,-86
-32,-110,-64,76,5,-84,50,42,-19,-92,-93,-71
-33,-95,-81,79,32,-96,61,44,-51,-85,-99,-64
-52,-97,-63,70,-7,-87,58,53,-40,-73,-84,-73
-34,-117,-70,59,1,-93,80,48,-49,-87,-97,-82
-40,-109,-80,97,7,-96,76,49,-18,-97,-97,-89
-40,-94,-62,88,16,-98,70,60,-27,-94,-95,-70
-66,-116,-90,85,24,-104,53,48,-46,-93,-98,-61
-24,-122,-79,83,18,-88,79,61,-42,-81,-98,-67
-33,-105,-91,100,12,-94,83,59,-18,-83,-108,-73
-32,-127,-100,76,14,-97,48,64,-57,-97,-111,-67
-39,-118,-70,72,5,-102,76,47,-40,-97,-113,-55
-49,-118,-90,88,41,-104,58,53,-48,-89,-95,-100
-37,-123,-86,74,16,-92,72,48,-33,-95,-101,-110
-28,-101,-68,83,5,-94,60,39,-30,-101,-125,-76
-51,-101,-84,76,20,-101,65,41,-17,-64,-105,-84
-35,-113,-74,80,44,-109,70,65,-19,-73,-125,-89
-30,-111,-79,70,28,-96,74,38,-36,-91,-117,-98
-45,-108,-77,58,29,-106,56,51,-24,-76,-101,-94
-44,-125,-86,71,11,-95,68,55,-37,-91,-97,-55
-48,-127,-88,64,16,-124,62,41,-31,-85,-88,-90
-43,-135,-84,108,15,-93,52,32,-17,-87,-89,-84
-38,-119,-60,80,24,-109,70,45,-47,-89,-96,-85
-42,-109,-79,88,18,-116,57,27,-13,-69,-91,-84
-47,-122,-97,105,22,-103,53,52,-18,-70,-111,-91
-46,-122,-76,85,11,-81,73,51,-37,-63,-97,-82
-37,-109,-94,48,15,-84,81,53,-47,-103,-118,-85
-33,-95,-93,77,6,-110,71,34,-46,-83,-102,-84
-13,-132,-78,95,14,-122,63,34,-46,-111,-103,-82
-38,-130,-94,75,18,-96,65,39,-29,-91,-99,-84
-54,-138,-99,98,6,-96,57,49,-37,-124,-116,-83
-46,-102,-61,109,20,-104,71,31,-27,-79,-106,-63
-52,-132,-72,86,5,-115,75,36,-16,-103,-86,-85
-47,-129,-73,64,24,-83,83,39,-47,-87,-110,-91
-27,-108,-85,67,30,-91,74,31,-33,-93,-81,-74
-33,-116,-81,87,15,-101,64,29,-27,-100,-112,-78
-39,-108,-71,101,16,-110,65,32,-43,-91,-108,-74
-54,-101,-86,67,19,-96,87,36,-34,-108,-100,-85
-31,-118,-70,76,31,-105,76,36,-31,-84,-95,-81
-53,-105,-71,80,26,-111,74,57,-46,-105,-89,-91
-13,-117,-101,58,25,-101,53,50,-25,-68,-95,-82
-15,-106,-78,84,22,-72,59,39,-34,-104,-94,-72
-16,-98,-73,69,31,-97,68,47,-53,-81,-106,-78
-40,-82,-84,74,30,-100,59,32,-37,-82,-113,-66
-59,-105,-91,80,19,-85,76,40,-25,-89,-86,-91
-35,-114,-72,95,15,-92,68,59,-12,-85,-95,-103
-42,-99,-56,85,27,-88,42,51,-47,-73,-103,-82
-50,-120,-82,102,12,-75,45,39,-29,-74,-102,-76
-29,-121,-76,60,17,-85,70,41,-29,-72,-93,-85
-42,-105,-64,92,49,-97,85,28,-44,-87,-84,-69
-34,-110,-48,85,16,-81,78,61,-37,-71,-95,-67
-24,-93,-64,70,2,-85,52,46,-26,-87,-115,-69
-43,-119,-75,80,14,-99,70,35,-48,-74,-88,-91
-28,-96,-73,78,8,-80,65,29,-51,-75,-91,-82
-24,-105,-64,74,9,-82,75,33,-15,-91,-106,-74
-48,-118,-57,63,24,-87,50,37,-37,-74,-84,-58
-60,-117,-76,104,32,-107,59,53,-37,-76,-105,-75
-47,-103,-74,92,24,-61,68,32,-44,-82,-108,-72
-14,-110,-80,72,17,-90,47,14,-36,-74,-82,-60
-31,-95,-60,56,8,-113,57,36,-17,-59,-107,-62
-21,-96,-88,60,1,-63,62,44,-41,-53,-77,-69
-23,-85,-46,84,34,-52,57,55,-33,-67,-83,-57
-36,-80,-64,59,13,-55,50,19,-15,-58,-56,-54
-32,-85,-69,66,21,-55,37,51,-40,-61,-87,-41
-35,-88,-44,43,-1,-70,22,25,-26,-52,-87,-39
-29,-75,-50,51,15,-56,46,37,-41,-38,-72,-71
-26,-72,-48,63,0,-57,25,33,-39,-50,-57,-56
-11,-54,-39,55,20,-47,19,17,-22,-30,-55,-63
-14,-54,-34,33,10,-47,20,29,-23,-37,-64,-34
-6,-68,-8,58,22,-61,46,9,-5,-46,-46,-27
-16,-54,4,30,8,-32,22,39,-22,-43,-37,-14
-9,-49,-43,43,4,-6,35,15,-12,-23,-18,-24
5,-31,-24,37,5,-34,25,10,-19,-12,-43,-31
-5,-24,-5,29,9,-22,32,-1,-13,-16,-19,-39
-20,-24,-17,30,23,-33,0,14,5,-18,-22,-17
9,-24,-13,-8,22,-21,2,5,-4,-34,-32,1
10,-1,4,1,-1,-32,-7,-3,3,-7,-20,-8
17,-14,-11,-4,-11,6,18,-30,-7,-7,1,-28
1,-5,3,-4,-7,-2,-17,12,17,13,8,32
27,2,33,1,1,22,-10,-18,-18,7,28,27
-10,23,17,-43,-5,23,-22,-2,23,23,32,28
6,49,1,-29,-7,32,-35,-29,22,31,26,15
2,59,47,-53,-8,37,-36,-8,-4,29,35,40
30,69,36,-58,19,54,-44,-30,3,51,76,36
7,83,50,-30,0,58,-38,-57,29,28,80,56
1,103,44,-67,-9,57,-45,-34,27,67,86,69
39,75,53,-72,-9,101,-56,-50,7,75,75,52
30,105,41,-84,-6,82,-41,-31,36,67,115,63
18,113,84,-78,-15,83,-54,-40,21,71,107,71
55,107,63,-87,-38,123,-62,-64,32,95,116,61
49,134,61,-103,-32,95,-72,-51,17,104,118,84
59,127,79,-84,-15,103,-62,-49,36,88,114,89
25,123,85,-116,-14,103,-85,-44,61,106,131,89
72,165,119,-110,-12,109,-112,-36,57,117,152,113
72,174,85,-102,-33,123,-97,-67,34,111,139,119
58,169,99,-127,-33,115,-116,-83,32,123,137,98
36,170,98,-119,-42,140,-98,-78,36,130,147,132
71,188,94,-124,-29,129,-88,-74,45,136,163,140
66,165,115,-93,-8,133,-94,-65,38,115,162,126
60,181,128,-137,-19,172,-105,-74,56,131,168,142
61,174,108,-127,-14,153,-102,-55,67,141,181,124
75,153,113,-108,-37,147,-96,-61,57,132,153,96
50,170,121,-119,-23,147,-87,-58,50,105,155,115
60,159,101,-145,-20,140,-100,-71,55,118,155,118
62,165,111,-116,-16,139,-78,-70,73,127,145,118
50,160,79,-119,-21,129,-86,-59,73,115,125,116
33,143,115,-113,-19,123,-105,-51,39,121,146,118
47,157,73,-75,-27,122,-106,-54,37,112,146,123
43,140,106,-108,-16,112,-59,-55,42,104,129,110
53,133,88,-89,-32,128,-72,-55,44,87,135,92
16,127,69,-88,-20,95,-72,-43,24,96,115,89
37,112,82,-67,1,84,-55,-56,44,93,111,62
15,110,79,-76,3,107,-74,-44,39,76,102,82
35,113,80,-52,16,84,-41,-42,37,69,96,72
24,108,48,-58,-11,83,-45,-35,20,71,79,45
34,77,57,-68,-4,71,-43,-37,27,49,68,56
31,70,36,-51,0,54,-35,-41,17,59,66,47
25,59,43,-68,-15,36,-24,-17,17,55,56,44
10,47,22,-34,-29,24,-44,-49,26,48,20,27
7,41,5,-59,-27,17,-26,-21,14,24,18,38
26,36,30,-38,-7,39,-5,-12,2,16,31,17
20,33,10,-2,-23,2,4,3,-10,18,27,11
11,16,8,12,-13,1,-20,6,2,5,27,3
-1,-6,8,25,-11,2,-5,10,-5,-15,0,10
-30,-7,-21,11,-2,-14,-12,14,8,-17,-19,-14
3,-13,-23,19,-23,-2,32,26,-14,-11,-4,-7
-17,-28,-10,26,12,-28,0,8,-25,-23,-19,-18
-24,-22,-28,19,6,-51,-4,25,-3,-40,-36,-32
-18,-48,-15,35,-14,-36,20,10,-14,-31,-36,-40
-10,-73,-25,56,26,-58,16,10,-12,-36,-43,-33
-12,-70,-41,37,5,-45,54,46,-28,-61,-46,-42
-18,-65,-36,60,30,-64,18,10,-21,-35,-55,-37
-21,-50,-30,38,-10,-52,22,42,-21,-59,-64,-74
-33,-72,-35,58,-5,-44,23,51,-38,-52,-64,-49
-33,-83,-43,58,19,-49,18,33,-46,-38,-63,-47
-38,-70,-66,37,11,-67,56,11,-39,-61,-84,-40
-31,-86,-61,74,29,-46,56,40,-33,-43,-73,-43
-49,-82,-87,68,3,-87,47,29,-33,-65,-87,-51
-40,-105,-32,77,42,-72,51,66,-29,-61,-66,-59
-37,-110,-90,63,15,-65,40,46,-21,-74,-95,-60
-50,-102,-56,57,19,-97,37,42,-12,-84,-96,-66
-49,-105,-87,77,13,-100,65,17,-20,-60,-101,-75
-56,-119,-78,72,9,-78,77,46,-40,-79,-124,-79
-38,-123,-68,80,5,-102,61,52,-34,-100,-118,-83
-57,-134,-85,91,16,-115,73,55,-29,-108,-115,-85
-48,-156,-84,93,17,-122,84,46,-32,-85,-134,-110
-51,-159,-82,98,33,-130,88,63,-49,-102,-116,-116
-50,-173,-131,89,37,-108,86,65,-50,-116,-153,-106
-47,-162,-100,112,34,-143,97,59,-43,-157,-160,-92
-81,-178,-132,127,31,-139,108,89,-63,-141,-162,-118
-97,-207,-127,132,15,-159,122,98,-54,-167,-191,-144
-78,-222,-159,148,35,-193,130,91,-53,-158,-197,-157
-98,-259,-148,197,22,-209,142,101,-102,-192,-228,-183
-115,-276,-181,175,31,-211,135,123,-68,-179,-224,-207
-101,-269,-187,206,32,-222,146,102,-85,-196,-235,-182
-98,-273,-175,189,56,-229,166,113,-73,-207,-259,-201
-115,-293,-177,162,55,-241,134,99,-96,-230,-257,-203
-105,-277,-194,190,39,-221,131,110,-73,-212,-235,-183
-82,-248,-168,199,53,-191,130,83,-66,-188,-224,-173
-69,-208,-125,163,49,-185,122,93,-62,-169,-222,-158
-54,-187,-88,100,19,-133,102,62,-45,-122,-126,-130
-41,-122,-74,72,15,-97,35,52,-46,-78,-112,-48
-13,-25,-37,14,15,-21,18,21,-6,-54,-57,-35
21,38,13,-2,-7,24,-17,-3,0,10,39,39
43,120,89,-77,-28,68,-56,-37,44,84,112,96
64,192,131,-138,-41,164,-127,-80,57,155,155,183
113,316,206,-218,-51,273,-175,-136,101,222,281,246
143,439,278,-270,-75,374,-226,-174,137,300,368,295
189,542,323,-361,-70,471,-298,-226,163,382,492,391
237,658,416,-437,-101,530,-349,-232,177,478,579,453
256,718,489,-526,-129,637,-408,-308,226,573,674,519
293,871,534,-565,-125,695,-472,-342,239,646,742,580
327,911,611,-615,-136,741,-489,-360,259,729,826,638
358,983,632,-657,-141,821,-536,-403,304,728,875,700
357,1005,653,-689,-141,820,-538,-385,287,765,899,714
351,979,627,-679,-134,812,-545,-390,293,724,916,694
355,979,636,-651,-143,817,-522,-407,282,742,870,694
332,899,602,-628,-150,767,-508,-354,274,715,853,636
308,851,554,-563,-113,719,-472,-323,244,639,764,590
283,742,492,-512,-101,636,-404,-323,223,570,687,539
232,642,433,-415,-75,522,-355,-261,199,491,582,461
200,535,335,-362,-63,446,-285,-206,163,392,435,367
128,407,262,-300,-61,341,-208,-172,118,298,379,295
73,279,200,-195,-46,230,-161,-126,104,208,237,192
56,174,98,-102,-29,150,-98,-61,43,105,164,130
21,70,49,-51,-7,55,-49,-41,17,34,65,31
-32,-46,-25,24,4,-34,-2,17,-34,-29,-35,-23
-55,-127,-81,77,30,-113,70,42,-37,-84,-98,-90
-68,-217,-135,126,29,-158,91,83,-81,-155,-192,-124
-95,-259,-151,177,59,-222,154,84,-93,-184,-244,-181
-109,-296,-186,210,42,-259,181,137,-118,-240,-274,-188
-138,-351,-228,248,54,-288,185,137,-106,-244,-314,-234
-129,-370,-241,233,64,-324,212,139,-109,-279,-324,-259
-135,-350,-259,248,87,-311,195,152,-127,-263,-333,-258
-126,-377,-245,246,61,-307,210,139,-104,-288,-342,-260
-128,-377,-222,267,51,-293,224,140,-115,-271,-318,-261
-121,-344,-233,243,54,-275,208,148,-87,-267,-318,-239
-106,-326,-224,220,57,-271,186,128,-89,-246,-301,-223
-118,-310,-212,185,55,-243,147,88,-110,-231,-270,-220
-75,-278,-188,180,35,-228,159,93,-88,-190,-244,-214
-87,-239,-146,184,31,-206,138,110,-77,-184,-240,-156
-72,-245,-143,146,40,-152,130,92,-63,-156,-218,-149
-69,-188,-154,146,48,-167,118,99,-43,-151,-201,-161
-58,-184,-112,131,13,-137,87,64,-68,-129,-176,-118
-63,-157,-103,86,40,-135,94,69,-54,-152,-138,-127
-51,-146,-72,88,24,-102,71,65,-35,-102,-142,-86
-43,-144,-95,109,36,-119,63,50,-31,-100,-127,-89
-73,-132,-76,80,18,-103,75,58,-23,-98,-106,-101
-41,-129,-75,85,20,-89,63,57,-39,-91,-124,-99
-36,-114,-60,68,-4,-97,56,60,-35,-80,-96,-60
-36,-111,-59,62,14,-82,58,47,-15,-72,-95,-71
-48,-103,-64,71,-3,-59,32,49,-41,-64,-70,-62
-54,-76,-78,58,22,-96,47,12,-18,-58,-81,-70
-14,-82,-40,67,17,-85,45,45,-25,-57,-79,-59
-49,-78,-53,82,25,-71,51,38,-23,-61,-73,-50
-35,-88,-38,61,25,-53,40,46,-33,-23,-50,-53
-18,-97,-46,38,13,-76,47,35,-21,-68,-54,-66
-25,-71,-64,51,6,-58,42,23,-57,-76,-74,-51
-10,-80,-45,48,-3,-92,37,28,-32,-62,-53,-45
-31,-76,-44,61,0,-75,51,3,-9,-38,-74,-42
-14,-51,-47,56,15,-70,47,21,-43,-29,-77,-48
-30,-70,-62,42,17,-40,50,5,-11,-46,-59,-52
-25,-66,-31,40,-10,-60,32,43,-5,-43,-58,-49
-15,-52,-53,60,33,-46,40,29,-23,-64,-63,-23
-33,-70,-26,24,16,-38,37,35,-42,-49,-61,-15
-10,-44,-34,25,19,-50,24,34,-25,-40,-34,-49
-25,-49,-34,60,11,-25,23,7,-22,-56,-31,-29
-36,-55,-12,12,11,-32,-13,25,-24,-30,-44,-33
6,-49,-29,28,13,-41,39,32,-17,-24,-31,-43
-10,-47,-19,14,-8,-32,10,17,-10,-26,-40,-32
-11,-44,-22,11,0,-36,-1,3,7,-30,-23,-42
-10,-16,3,42,-8,-4,30,23,3,-14,-24,-9
-11,-40,-22,7,9,-16,-4,0,-26,0,-33,3
-21,-17,-22,36,-18,-12,-2,-11,-8,-14,-10,-16
-3,14,-28,-6,4,-13,-4,10,4,14,-12,-10
-18,-23,-6,-8,-1,13,7,-4,9,4,-1,-11
21,30,-11,-14,6,7,2,-15,-9,-14,-3,26
0,11,15,-24,-3,8,-24,4,9,29,-6,22
13,39,15,-20,10,25,-12,1,10,17,17,38
31,30,32,-37,13,16,-22,-11,9,47,19,15
-1,39,28,-10,-4,37,-10,-20,11,24,27,52
4,22,18,-23,-6,38,-12,-19,-11,50,37,42
18,27,18,-46,-16,47,-42,-23,15,35,52,13
8,58,31,-33,22,33,-19,-34,-1,26,67,50
15,73,32,-66,-5,45,-52,-28,11,53,79,46
19,79,43,-36,-9,49,-47,-54,10,42,65,46
36,80,74,-70,-17,70,-44,-51,20,71,88,72
26,111,54,-93,-12,52,-66,-25,37,75,90,69
15,110,65,-69,-23,73,-71,-30,28,74,96,69
39,103,80,-70,-12,90,-61,-36,53,69,103,76
64,99,64,-80,-27,83,-68,-48,16,110,87,102
51,143,85,-85,-15,125,-67,-43,45,97,110,102
71,165,101,-94,-17,119,-73,-37,49,99,112,82
53,145,108,-116,-20,113,-72,-80,67,129,132,96
54,177,104,-115,-28,127,-88,-83,61,132,140,125
53,167,123,-131,-26,126,-91,-75,63,139,164,119
84,167,118,-111,-18,142,-96,-51,54,132,184,129
49,196,136,-152,-28,155,-111,-85,47,152,160,137
72,226,117,-128,-32,151,-126,-95,79,171,171,117
73,212,129,-143,-35,197,-112,-91,71,170,194,138
73,211,156,-143,-44,174,-115,-96,73,163,208,143
100,245,147,-154,-22,195,-118,-88,63,184,213,143
114,247,172,-187,-44,213,-137,-83,77,155,219,184
86,261,148,-177,-28,207,-147,-83,78,200,227,172
68,258,180,-170,-39,206,-141,-118,86,194,214,196
86,273,174,-189,-34,220,-139,-117,84,175,252,180
86,275,166,-198,-42,222,-163,-128,85,194,258,174
98,289,182,-180,-59,221,-154,-120,86,201,253,195
89,284,186,-180,-37,223,-159,-117,92,206,267,198
109,302,191,-201,-30,236,-184,-103,86,219,285,196
123,295,191,-185,-36,245,-174,-131,92,239,286,200
112,313,225,-219,-46,280,-162,-121,80,233,271,225
133,316,196,-243,-46,255,-180,-108,93,222,296,224
122,317,194,-212,-56,262,-152,-118,106,257,291,214
107,329,188,-208,-46,257,-160,-138,110,244,296,201
114,312,208,-215,-65,264,-174,-124,89,235,286,243
104,323,204,-239,-46,278,-191,-154,99,243,298,233
133,336,197,-226,-46,256,-200,-118,100,251,285,233
112,352,203,-231,-41,281,-177,-141,99,255,308,246
111,337,194,-230,-51,257,-166,-148,89,245,283,216
126,324,201,-232,-63,269,-184,-148,93,268,285,238
113,338,209,-239,-41,293,-190,-135,102,251,305,250
108,326,201,-235,-72,278,-194,-130,114,255,302,227
128,321,236,-233,-47,268,-176,-110,95,227,260,247
117,334,224,-225,-59,284,-171,-138,93,227,284,228
133,330,208,-212,-51,266,-175,-123,111,219,281,241
84,315,215,-225,-40,282,-186,-137,111,258,286,224
109,324,202,-224,-40,284,-171,-131,81,222,294,226
117,318,217,-199,-74,266,-176,-113,90,230,279,211
126,303,219,-209,-59,267,-171,-122,91,236,256,223
110,314,176,-216,-60,233,-178,-120,98,242,259,205
100,303,206,-204,-45,254,-189,-135,96,236,275,203
96,299,196,-205,-28,244,-176,-125,86,200,266,196
117,282,199,-206,-55,243,-149,-118,69,216,253,180
92,277,177,-165,-41,241,-155,-104,84,229,258,184
115,266,163,-193,-38,225,-148,-101,95,222,248,207
91,247,156,-170,-56,212,-145,-125,77,192,232,197
88,238,149,-167,-41,216,-146,-109,73,200,218,158
76,225,156,-163,-40,194,-128,-110,86,176,242,181
96,216,159,-144,-25,170,-132,-91,94,145,198,150
75,222,167,-153,-29,173,-118,-78,60,167,211,155
65,202,140,-156,-33,177,-121,-83,42,189,196,150
55,201,138,-137,-40,150,-121,-81,54,150,187,140
72,198,137,-117,-14,164,-106,-89,47,140,170,118
76,185,106,-110,-43,112,-119,-58,38,131,161,134
75,174,144,-119,-43,149,-98,-82,28,134,151,141
75,182,109,-108,-25,138,-83,-65,48,120,154,113
48,152,122,-83,-1,111,-88,-57,40,102,138,101
52,153,82,-121,-29,109,-72,-63,13,90,149,101
36,128,88,-76,-19,114,-77,-63,57,94,131,117
40,135,100,-84,-20,93,-57,-16,34,82,121,89
63,116,81,-67,-19,90,-66,-53,16,79,108,89
26,100,59,-71,-14,75,-51,-36,25,82,97,92
58,87,40,-61,-5,58,-55,-35,23,104,79,85
46,87,60,-50,0,77,-26,-17,23,63,82,63
34,71,38,-48,14,59,-46,-14,39,33,74,43
2,59,37,-69,-15,74,-41,-40,21,64,61,48
4,39,43,-38,29,33,-45,-17,29,40,54,41
13,44,14,-55,-15,69,-22,-30,-5,50,32,39
36,23,22,-21,1,3,-7,-8,20,15,50,33
7,21,10,-6,7,27,-25,-31,-8,6,31,24
8,29,20,-9,20,23,-31,-11,-2,9,16,5
9,-2,24,0,-25,9,-29,-6,12,13,17,17
14,19,21,6,-5,-22,11,-10,10,25,-5,4
-9,1,-2,1,8,11,2,-13,-13,11,-7,-29
4,-13,13,23,-5,4,6,7,4,-23,-25,-3
-19,-4,-1,2,-20,-7,22,4,-12,-7,-2,-12
5,-11,-26,2,24,-33,11,27,0,-4,-37,-25
11,-49,2,16,-9,-34,24,3,12,-34,-15,-25
3,-36,-28,10,-3,-27,22,-4,-17,-30,-27,-9
-17,-36,-32,31,11,-32,34,32,-1,-23,-49,-34
-21,-64,-30,24,9,-43,29,13,19,-25,-32,-18
-17,-31,-22,40,20,-52,34,39,-5,-50,-43,-34
-14,-56,-39,30,-8,-45,35,19,-13,-48,-44,-30
-15,-74,-50,47,22,-69,18,14,-21,-41,-50,-32
-36,-68,-36,42,9,-50,45,33,-37,-50,-80,-41
-24,-78,-32,43,27,-42,37,40,-26,-13,-66,-46
-35,-81,-58,35,17,-52,14,31,-9,-52,-74,-55
-41,-75,-57,48,29,-71,21,21,-13,-61,-96,-47
-1,-95,-33,56,-2,-66,42,23,-24,-61,-68,-57
-50,-77,-46,59,4,-88,73,39,-22,-70,-91,-57
3,-66,-65,24,21,-81,63,44,-27,-61,-77,-51
-12,-94,-59,82,-3,-81,37,44,-25,-60,-69,-57
-29,-71,-39,57,7,-59,49,38,-20,-67,-76,-72
-39,-96,-68,57,18,-69,35,22,-36,-61,-89,-50
-54,-78,-68,65,0,-77,56,35,-41,-69,-76,-71
-26,-93,-50,83,14,-81,55,20,-19,-72,-102,-99
-19,-96,-68,78,29,-83,59,35,-14,-86,-89,-61
-44,-97,-62,49,6,-88,69,55,-32,-81,-102,-62
-41,-67,-63,72,10,-91,78,47,-31,-83,-91,-79
-32,-85,-66,76,17,-69,59,26,-45,-79,-103,-68
-33,-97,-57,80,6,-81,78,37,-17,-74,-97,-75
-57,-118,-50,73,25,-105,67,58,-4,-63,-83,-65
-41,-105,-58,46,38,-88,61,48,-47,-81,-86,-71
-54,-109,-79,71,3,-103,61,36,-43,-84,-102,-71
-31,-100,-52,62,16,-87,46,35,-38,-81,-93,-57
-49,-126,-45,74,40,-89,64,22,-31,-58,-80,-53
-63,-116,-65,66,3,-95,60,60,-20,-84,-85,-78
-44,-102,-68,77,49,-71,52,72,-34,-67,-106,-85
-26,-101,-81,85,24,-99,33,17,-31,-67,-81,-83
-33,-104,-66,69,39,-83,52,41,-21,-86,-92,-63
-37,-92,-79,75,29,-94,49,46,-40,-107,-82,-93
-36,-107,-90,73,36,-83,79,44,-24,-76,-110,-71
-33,-99,-56,71,21,-67,50,45,-14,-97,-89,-83
-28,-86,-64,81,-5,-113,59,50,-20,-80,-84,-77
-53,-100,-63,91,15,-70,66,49,-27,-78,-93,-101
-8,-84,-66,100,4,-92,56,44,-51,-89,-93,-55
-58,-107,-72,64,33,-99,68,76,-23,-78,-114,-68
-49,-113,-69,65,30,-87,56,44,-56,-88,-93,-66
-37,-110,-64,67,29,-105,70,28,-27,-72,-85,-69
-48,-96,-75,80,40,-71,56,22,-27,-78,-81,-70
-15,-113,-63,57,15,-83,58,31,-37,-77,-85,-80
-28,-113,-99,72,22,-115,34,41,-38,-88,-71,-73
-34,-111,-64,73,26,-74,46,34,-41,-87,-103,-63
-63,-80,-50,74,6,-81,46,50,-20,-79,-68,-72
-32,-94,-66,89,16,-74,75,41,-45,-85,-94,-74
-11,-107,-60,72,4,-75,51,35,-16,-77,-64,-52
-37,-127,-63,84,25,-77,50,50,-36,-69,-93,-84
-44,-99,-60,63,31,-68,48,52,-42,-79,-92,-93
-28,-107,-52,63,-2,-107,42,39,-38,-69,-88,-79
-27,-86,-56,57,19,-102,41,43,-31,-63,-90,-74
-46,-95,-63,50,19,-75,62,34,-25,-60,-83,-58
-42,-91,-68,66,3,-77,56,47,-25,-72,-80,-61
-52,-82,-64,76,8,-77,60,50,-50,-75,-77,-55
-24,-102,-49,61,21,-71,50,34,-53,-86,-80,-65
-19,-93,-73,50,18,-87,56,28,-27,-76,-100,-70
1,-94,-67,45,34,-67,68,42,-46,-81,-100,-66
-33,-104,-57,56,-6,-68,64,42,-27,-103,-78,-78
-43,-100,-37,68,7,-85,56,60,-22,-92,-95,-61
-28,-102,-67,66,-2,-80,44,57,-35,-86,-88,-76
-44,-83,-61,56,23,-84,58,22,-38,-85,-89,-59
-25,-98,-49,52,21,-79,37,57,-30,-62,-65,-60
-24,-93,-48,65,19,-78,40,59,-30,-62,-71,-77
-56,-91,-58,67,14,-80,45,57,-44,-77,-85,-79
-28,-86,-70,87,4,-69,65,19,-43,-70,-66,-61
-33,-107,-63,50,5,-87,49,36,-29,-74,-81,-58
-35,-68,-55,73,20,-89,53,30,-49,-69,-82,-52
-49,-105,-61,52,15,-95,52,45,-33,-55,-87,-48
-30,-95,-60,69,1,-84,38,53,-26,-74,-73,-78
-39,-73,-62,46,-12,-80,51,31,-46,-76,-78,-52
-15,-86,-60,77,12,-73,53,48,-11,-71,-91,-63
-33,-94,-58,54,13,-60,65,39,-32,-71,-73,-64
-46,-77,-73,73,9,-90,41,28,-16,-52,-82,-61
-32,-86,-85,71,-13,-60,76,15,-22,-76,-51,-62
2,-106,-62,68,1,-74,71,47,-29,-78,-74,-58
-30,-80,-43,71,24,-90,51,36,-1,-66,-57,-59
-42,-90,-40,40,13,-66,49,53,-38,-72,-81,-68
-26,-61,-46,66,38,-73,41,51,-7,-41,-90,-60
-20,-58,-64,54,26,-69,33,37,-39,-69,-73,-54
-4,-78,-55,46,-24,-41,33,28,-21,-82,-83,-41
-31,-74,-49,41,-11,-80,37,57,-5,-59,-83,-48
12,-76,-54,29,19,-60,37,20,-36,-61,-59,-49
-31,-68,-44,36,23,-68,34,25,-35,-66,-83,-45
-29,-69,-47,39,6,-77,48,46,-20,-62,-57,-44
-30,-72,-37,46,4,-56,20,21,-35,-31,-61,-41
-6,-62,-30,40,24,-57,25,35,-6,-45,-70,-41
-48,-60,-30,39,13,-58,25,34,-9,-24,-63,-25
-25,-65,-22,11,23,-22,15,3,-18,-25,-58,-26
-14,-58,-18,42,14,-38,22,26,-8,-52,-40,-13
-9,-42,-37,57,10,-51,20,23,-20,-21,-29,-28
-28,-38,-16,18,14,-9,17,27,-1,-21,-31,-35
6,-29,-3,14,8,-55,37,16,-17,-14,-47,-43
-15,-32,-31,20,-10,-33,15,18,2,-26,-35,-30
-4,-23,-19,17,-14,-21,10,13,-26,-23,-20,-15
-8,14,-31,33,6,1,8,2,-24,2,3,-4
8,15,-31,10,20,-2,14,12,4,-7,-16,-16
6,10,9,-16,-7,13,-4,-1,-6,7,-8,8
-20,29,-15,-3,-16,10,-8,0,1,8,34,27
4,9,2,-10,-18,18,-12,1,-3,-6,9,16
0,56,16,-28,7,47,-32,-11,30,23,19,23
17,52,33,-41,-7,41,-32,-16,33,41,53,42
7,48,26,-21,-5,45,-14,-20,43,37,63,43
27,57,35,-52,-10,56,-28,-26,16,40,68,36
20,71,33,-59,-23,60,-41,-21,26,45,54,31
23,81,66,-47,-35,86,-37,-27,27,48,75,54
30,89,53,-59,-7,75,-54,-10,24,71,76,46
25,115,72,-80,-26,61,-25,-52,59,86,65,74
24,131,102,-65,-23,84,-56,-66,11,67,120,78
44,105,97,-91,-31,108,-66,-50,33,73,100,61
23,148,84,-82,-15,95,-69,-60,22,116,130,115
88,127,78,-97,-32,104,-68,-53,26,106,109,73
46,162,113,-90,-29,122,-77,-69,47,116,125,103
55,162,95,-97,-18,119,-98,-71,43,122,150,125
63,160,116,-107,-24,125,-70,-70,65,140,128,112
73,176,124,-106,-22,137,-96,-64,63,121,153,136
51,176,105,-114,-22,155,-102,-64,49,129,150,137
65,176,108,-106,-33,157,-116,-86,58,135,177,139
64,195,140,-126,-37,150,-108,-92,57,128,174,138
50,201,117,-135,-26,164,-99,-62,34,158,186,142
62,193,136,-107,-40,175,-98,-84,61,141,164,161
70,197,131,-134,-18,135,-83,-83,68,157,181,112
76,220,132,-138,-31,171,-106,-68,39,151,211,154
76,216,138,-124,-9,159,-130,-54,58,154,163,153
56,191,127,-148,-14,178,-100,-85,76,144,167,131
65,180,126,-142,-33,157,-104,-67,47,142,163,133
83,198,141,-130,-41,163,-113,-60,68,126,194,149
63,185,107,-117,-28,140,-75,-79,50,127,188,173
53,182,110,-119,-21,152,-92,-56,62,146,165,151
53,179,112,-108,-23,148,-94,-71,71,150,154,113
48,168,103,-121,-11,135,-103,-46,29,117,134,103
62,153,111,-111,-25,119,-89,-52,61,104,152,117
54,147,86,-88,-10,107,-88,-62,48,128,132,127
48,133,104,-107,-19,113,-79,-78,36,135,138,100
42,161,97,-103,-29,149,-96,-40,46,111,112,100
53,111,70,-100,-15,114,-78,-58,46,94,112,93
40,136,95,-82,-24,94,-56,-44,36,94,109,78
31,94,98,-67,-11,90,-59,-38,24,82,119,85
25,111,52,-80,5,75,-46,-56,29,81,106,65
32,91,67,-50,-10,86,-28,-21,37,65,77,50
24,58,62,-55,-8,74,-40,-51,16,82,55,47
30,72,42,-54,4,62,-35,-17,29,50,54,44
20,48,35,-39,2,80,-37,-19,31,58,50,49
18,63,43,-35,-21,16,-18,-3,14,43,51,21
15,41,37,-20,-10,20,-20,-5,1,34,39,46
-9,45,22,-23,-3,13,-43,2,10,29,25,19
-10,27,34,-4,0,23,-4,-12,-5,11,5,21
11,13,-23,0,-10,19,-1,-21,-13,-1,-11,19
-7,4,-11,3,19,7,8,0,5,4,17,-4
-12,9,-18,6,-9,0,-17,11,1,9,-1,-5
7,7,-22,9,3,6,13,-5,1,-33,-4,-4
-6,-13,-2,9,-18,1,13,16,-8,-8,-35,-2
-3,-16,-22,14,18,-28,34,-8,-13,1,9,-8
4,-27,-36,25,23,-53,19,8,3,-28,-32,-34
-16,-48,2,11,6,-41,0,20,-5,-36,-29,7
6,-18,-43,10,17,-13,9,12,-13,-22,-21,-34
10,-39,-34,7,-2,-52,40,18,2,-14,-22,-32
-7,-46,-27,40,31,-8,30,11,-26,-26,-55,-34
-23,-43,-35,39,-10,-53,28,29,29,-29,-31,-29
6,-61,-36,25,4,-51,37,20,-2,-28,-45,-32
-21,-54,-37,28,13,-39,15,22,-31,-35,-48,-40
-12,-53,-49,26,10,-49,21,28,-19,-34,-57,-55
-14,-66,-51,44,17,-49,25,20,-17,-61,-47,-32
-23,-60,-47,58,-14,-73,35,24,-38,-55,-57,-69
-55,-50,-60,50,17,-56,45,32,-12,-45,-59,-40
-22,-80,-68,66,6,-59,33,43,7,-68,-70,-55
-38,-68,-60,60,8,-71,35,46,-20,-68,-69,-59
-29,-68,-57,66,20,-81,66,37,-18,-57,-108,-60
-35,-96,-70,69,17,-98,53,42,-39,-95,-83,-62
-52,-99,-91,67,4,-99,46,36,-50,-89,-89,-75
-50,-129,-81,106,32,-115,56,59,-51,-107,-123,-76
-30,-127,-76,105,11,-128,83,78,-61,-129,-134,-90
-35,-165,-119,102,29,-155,86,81,-35,-105,-152,-91
-55,-183,-128,140,27,-160,99,89,-38,-136,-156,-105
-82,-188,-104,145,14,-172,107,69,-53,-157,-181,-156
-75,-205,-132,163,12,-168,124,80,-50,-160,-190,-134
-61,-214,-149,141,22,-185,125,79,-82,-169,-220,-163
-80,-245,-137,153,39,-191,119,85,-72,-162,-187,-162
-81,-250,-169,130,19,-198,116,78,-52,-163,-191,-160
-81,-211,-151,169,25,-195,125,100,-50,-165,-208,-162
-85,-226,-142,121,11,-164,137,59,-80,-167,-187,-127
-57,-186,-130,120,15,-159,80,63,-48,-136,-175,-142
-38,-156,-105,101,33,-137,83,106,-60,-121,-162,-115
-45,-139,-63,62,37,-97,56,34,-12,-109,-105,-88
-31,-51,-52,28,3,-34,27,24,-11,-66,-65,-55
13,-24,6,-10,5,-3,0,17,-5,3,0,19
33,59,79,-63,-5,90,-45,-48,25,60,87,92
59,192,128,-118,-43,148,-87,-78,34,151,157,144
111,285,182,-201,-52,237,-176,-108,80,209,244,192
151,400,257,-264,-64,329,-219,-146,129,318,366,286
175,502,334,-346,-77,403,-297,-194,127,395,471,350
229,617,414,-417,-82,513,-347,-256,182,495,554,424
252,731,480,-499,-119,584,-398,-313,225,550,666,532
308,843,540,-566,-127,725,-477,-364,229,624,755,590
325,935,592,-617,-143,759,-499,-353,276,670,830,670
352,988,647,-679,-156,832,-540,-382,281,741,867,717
362,1019,666,-703,-148,854,-554,-422,312,754,937,724
376,1051,671,-709,-138,879,-565,-416,311,801,943,723
338,1026,665,-706,-170,866,-579,-418,319,770,951,752
361,1018,643,-669,-163,854,-536,-415,307,764,883,686
317,959,635,-653,-135,772,-526,-381,304,730,849,641
310,860,546,-595,-130,702,-447,-340,255,646,798,589
268,770,505,-515,-104,622,-425,-296,209,582,681,514
234,641,425,-463,-106,548,-354,-254,206,490,568,454
199,530,359,-360,-91,426,-290,-218,135,413,479,370
161,412,263,-271,-80,313,-239,-160,132,314,369,283
105,285,192,-186,-41,224,-176,-116,94,198,263,188
54,174,119,-121,-29,153,-105,-73,41,131,163,156
27,75,63,-38,5,77,-39,-50,10,39,67,53
6,-28,-6,-3,9,-31,19,17,-15,-22,-29,-9
-28,-85,-88,69,3,-92,32,35,-24,-77,-93,-71
-62,-175,-106,119,8,-147,98,75,-32,-128,-147,-136
-93,-243,-166,162,38,-184,140,83,-65,-168,-229,-155
-107,-280,-146,199,33,-235,148,128,-77,-196,-251,-205
-110,-305,-194,184,25,-236,167,97,-107,-223,-270,-214
-121,-310,-183,222,40,-266,171,161,-86,-228,-280,-231
-127,-301,-200,229,45,-251,164,140,-90,-252,-283,-236
-106,-324,-192,215,62,-256,174,113,-87,-248,-271,-230
-114,-283,-191,203,29,-240,191,108,-75,-226,-295,-233
-99,-273,-189,184,28,-219,160,109,-85,-206,-266,-193
-98,-268,-196,176,44,-218,134,103,-79,-202,-235,-186
-104,-228,-165,153,45,-198,133,94,-57,-190,-219,-179
-54,-215,-118,130,38,-170,133,79,-59,-164,-164,-155
-70,-178,-125,126,31,-135,97,72,-73,-131,-181,-147
-53,-161,-113,115,20,-157,101,95,-59,-119,-137,-148
-30,-150,-91,99,38,-118,71,36,-47,-101,-137,-92
-27,-124,-71,107,-1,-122,78,70,-65,-76,-105,-87
-25,-103,-68,97,22,-90,53,63,-30,-89,-101,-75
-22,-90,-81,68,29,-89,35,57,-39,-75,-72,-67
-27,-82,-56,51,8,-82,47,30,-28,-59,-46,-51
-31,-88,-30,70,23,-82,39,26,-38,-58,-75,-42
-14,-45,-53,51,11,-33,37,31,-29,-56,-42,-49
-9,-53,-36,40,9,-30,19,17,-31,-42,-42,-25
-5,-40,-14,51,15,-38,14,22,-15,-57,-28,-42
-3,-34,-10,39,7,-33,22,20,-9,-33,-26,-34
-19,-44,-41,39,24,-11,12,16,-17,-33,-45,-12
-28,-53,-19,51,14,-33,44,25,-9,-19,-20,-36
4,-37,-46,20,-8,-24,7,27,5,-26,-24,-23
-11,-22,-33,24,12,-32,19,15,-2,-13,-27,4
-27,-27,1,34,10,-49,9,-2,-13,-38,-25,-15
-4,-37,-25,11,4,4,19,26,-15,-41,-19,-38
-5,-25,5,13,16,-12,20,5,19,-1,-29,-8
-6,-15,-23,22,0,-29,-17,7,-25,-16,-8,-17
-7,-26,-13,8,20,-24,15,21,-5,-7,-15,-19
2,7,13,8,11,-7,7,19,4,-30,-15,-8
-14,4,-10,28,21,-6,11,12,-8,-5,2,-2
-8,-13,-1,-11,-29,-12,-11,6,22,-11,-16,-7
3,-5,-3,8,-1,-11,-6,-5,-6,5,-5,7
-2,-5,-22,13,5,-3,-4,-37,-1,-3,12,8
-3,12,-6,-9,-12,7,3,-7,-7,1,-3,0
8,-2,18,-1,-27,-10,-21,1,4,5,29,22
5,-7,16,3,-5,-3,11,14,3,11,27,9
7,14,13,-25,-2,18,-4,3,-5,-25,31,9
-7,21,36,-31,-5,42,-10,-20,-13,24,45,25
6,33,29,-38,-4,34,-21,-17,0,40,18,39
14,48,18,-18,-1,37,3,-9,36,27,23,7
10,50,34,-56,-12,42,-30,4,14,34,24,6
22,61,27,-51,-3,29,-21,-28,15,28,48,32
3,64,30,-42,-29,50,-25,-50,25,50,52,32
36,68,45,-50,-12,57,-53,-17,30,23,69,48
1,76,66,-64,-23,63,-45,-49,12,63,63,38
4,58,52,-52,-9,77,-64,-18,49,70,75,55
18,98,63,-58,-8,64,-47,-58,22,65,77,61
55,113,61,-64,-24,87,-40,-36,23,77,102,52
30,114,91,-108,-11,97,-48,-44,15,83,88,56
31,116,65,-87,-32,100,-61,-49,13,71,110,76
62,121,82,-68,-18,115,-39,-64,49,82,106,83
38,158,78,-89,-23,119,-60,-68,39,94,109,69
30,139,89,-108,-16,126,-76,-58,37,104,114,83
47,155,91,-97,-29,117,-95,-60,51,120,157,83
66,159,112,-110,-20,135,-80,-71,34,116,128,110
65,161,116,-129,-32,132,-100,-75,69,99,149,133
51,164,120,-134,-24,139,-90,-81,66,156,175,124
75,193,130,-121,-35,170,-120,-71,70,147,177,120
63,189,118,-140,-22,176,-118,-81,69,137,182,158
86,216,141,-150,-40,177,-124,-57,55,148,185,147
82,222,142,-151,-27,185,-128,-101,80,168,211,152
81,226,157,-179,-29,185,-136,-82,72,163,197,173
85,241,158,-142,-36,178,-135,-105,79,195,205,167
71,238,160,-195,-51,214,-131,-109,77,194,233,178
108,255,180,-178,-21,225,-150,-83,87,205,233,163
97,262,179,-166,-43,224,-166,-129,77,197,266,191
114,289,186,-190,-36,240,-161,-101,77,195,271,193
92,278,185,-185,-36,240,-152,-112,96,233,270,221
106,296,172,-168,-35,248,-177,-129,77,228,266,199
92,299,175,-211,-50,258,-162,-117,92,226,272,221
114,319,219,-215,-38,271,-181,-126,87,239,280,194
89,317,225,-237,-46,253,-185,-105,86,258,278,232
128,339,247,-232,-56,279,-175,-128,87,264,315,225
121,336,230,-225,-45,265,-153,-165,87,227,320,233
106,353,254,-252,-71,290,-195,-134,121,261,327,242
139,338,232,-258,-63,295,-177,-140,118,266,313,241
116,381,217,-242,-62,308,-183,-158,129,276,312,241
129,360,253,-231,-52,317,-198,-158,106,292,310,270
125,389,251,-254,-59,321,-201,-144,118,281,328,259
135,383,257,-272,-59,324,-192,-184,120,303,362,268
125,397,242,-260,-54,314,-213,-152,119,295,370,269
128,383,250,-277,-62,337,-202,-147,118,300,349,294
130,399,286,-266,-73,321,-211,-138,134,299,363,270
139,408,237,-261,-63,321,-232,-157,118,297,346,269
148,371,275,-283,-56,349,-222,-181,115,298,377,249
127,397,262,-275,-78,339,-216,-176,108,288,358,274
136,418,265,-279,-65,342,-226,-152,105,291,380,307
168,411,277,-260,-64,334,-227,-175,124,315,354,287
138,365,283,-281,-51,346,-229,-159,133,301,363,294
134,387,257,-267,-74,339,-226,-151,121,309,351,281
128,382,269,-289,-54,343,-221,-147,124,289,344,276
129,396,252,-261,-57,324,-218,-160,122,303,369,275
147,405,266,-265,-58,310,-237,-147,130,304,354,287
129,391,267,-243,-51,323,-224,-143,123,282,357,254
143,383,257,-264,-34,320,-200,-153,106,308,345,274
134,393,240,-249,-62,310,-212,-146,98,313,327,273
128,399,283,-268,-49,293,-207,-165,108,308,345,280
148,370,239,-260,-45,306,-214,-153,135,295,342,250
104,350,248,-251,-58,313,-185,-116,110,279,346,250
114,354,216,-229,-42,294,-183,-119,101,263,319,237
114,358,236,-243,-65,302,-215,-121,87,264,310,241
136,360,214,-219,-61,273,-203,-120,89,256,303,240
133,311,240,-211,-64,274,-163,-118,98,238,303,237
104,299,213,-211,-54,302,-185,-124,107,239,305,213
140,323,207,-219,-47,266,-151,-113,85,247,268,210
114,316,207,-221,-48,254,-152,-136,102,238,277,215
87,301,195,-190,-34,251,-181,-114,83,223,275,209
110,285,199,-200,-44,237,-168,-114,86,198,247,189
97,272,183,-193,-50,230,-166,-115,95,198,252,195
111,267,157,-188,-38,224,-153,-131,76,211,239,183
108,255,159,-184,-41,208,-158,-112,88,184,215,180
84,236,154,-166,-12,194,-139,-94,67,191,202,171
61,227,141,-161,-28,185,-121,-110,69,181,215,152
72,242,137,-161,-47,176,-125,-96,72,158,210,148
103,216,131,-141,-22,196,-120,-94,62,160,198,151
65,203,129,-150,-36,156,-109,-100,54,139,199,167
78,196,118,-108,-28,162,-100,-86,75,155,174,150
36,187,106,-115,-27,151,-119,-74,74,126,161,137
59,186,128,-118,-18,169,-105,-77,58,144,164,130
84,166,111,-81,-10,143,-83,-83,51,126,156,110
45,136,85,-100,-25,130,-81,-68,50,140,125,104
58,152,89,-82,-8,114,-58,-70,40,88,132,105
57,137,82,-72,-34,94,-76,-62,41,88,108,92
37,122,93,-74,-6,76,-77,-41,27,103,116,90
37,109,61,-70,-35,83,-58,-58,25,92,101,63
27,111,78,-69,-26,78,-54,-36,32,76,95,57
39,99,57,-67,-14,84,-56,-26,54,54,75,88
63,79,72,-50,-17,65,-40,-34,13,82,77,65
20,88,75,-62,-19,64,-33,-49,28,76,57,62
30,67,46,-34,-20,77,-47,-5,10,63,77,50
38,60,33,-47,-1,41,-42,-25,24,53,76,49
12,64,34,-42,9,62,-29,-7,7,56,38,18
18,31,31,-59,15,31,-33,-24,25,48,43,27
-13,44,14,-14,5,39,-3,-22,8,33,44,19
16,30,9,-16,11,12,0,-13,-12,39,22,33
12,27,12,-16,-23,38,-25,-15,12,21,41,29
11,45,20,-6,-1,20,-18,-11,-1,22,10,27
3,20,9,-12,3,6,-26,6,18,-1,0,20
2,16,-26,-14,11,3,1,12,12,15,27,20
2,-20,9,-3,0,1,-2,8,-3,8,11,-6
1,19,0,-11,-5,1,9,5,-6,-9,-3,19
6,-31,-12,-10,-14,-8,-4,17,4,5,-12,13
-8,-22,7,-2,19,8,6,11,-10,6,10,-5
-29,15,1,22,10,0,24,-1,-15,-11,-23,-10
-9,-25,-5,35,-17,-40,3,33,-6,-17,-8,-18
-15,-10,-8,20,0,-28,1,-16,-14,3,-11,-7
-4,-25,7,14,-8,-12,20,28,11,-6,-35,2
-2,-12,5,2,6,-29,12,29,11,-2,-42,2
-10,-39,-14,30,0,-23,27,-2,-13,-2,-10,-19
-29,-36,-10,19,4,-32,16,25,-18,-30,-17,-38
-27,-6,-39,32,-8,-25,13,4,-9,-15,-23,-23
-5,-29,7,31,-18,-37,22,3,-21,-28,-6,-12
10,-27,-4,14,29,-32,21,10,-2,-30,-29,-29
-14,-40,-34,19,-9,-25,4,12,-9,-47,-24,-11
-22,-41,-25,32,12,-14,12,13,-19,-46,-39,-19
-6,-39,-21,12,3,-48,10,4,-14,-29,-45,-16
-6,-35,-31,23,7,-40,21,20,-37,-32,-27,-26
-17,-36,-19,17,25,-35,9,16,-4,-47,-60,-25
22,-45,-58,29,6,-18,27,26,-20,-14,-49,-14
-12,-62,-35,29,9,-22,14,21,-1,-30,-20,-19
1,-47,-36,25,-21,-23,23,37,-20,-38,-34,-27
4,-46,-54,42,5,-69,26,-6,-14,-26,-43,-17
-3,-43,-18,9,9,-19,4,20,-10,-5,-35,-16
5,-47,-37,35,-7,-24,17,19,-6,-41,-34,-32
-35,-46,-24,28,-10,-35,46,-7,1,-32,-39,-16
-18,-47,-35,41,1,-28,28,8,-24,-13,-35,-56
-19,-56,-15,50,-16,-47,26,-2,-15,-40,-28,-28
-3,-48,-13,50,11,-35,-8,17,-15,-45,-27,-28
-16,-35,-27,59,14,-46,27,8,-4,-28,-42,-20
0,-35,-19,28,10,-33,29,26,12,-20,-56,-39
5,-34,-22,12,30,-43,28,17,-19,-50,-55,-56
-17,-42,-39,31,8,-42,7,13,-19,-57,-26,-26
-10,-42,-27,34,18,-28,45,36,-4,-25,-51,-6
-3,-36,-19,20,29,-16,-2,39,11,-34,-40,-27
-21,-28,-35,16,-7,-54,9,29,-29,-27,-45,-24
-22,-25,-11,24,-7,-36,19,17,-30,-54,-37,-28
-5,-46,-4,7,8,-33,12,11,-1,-23,-47,-20
-14,-35,-45,24,12,-43,25,16,-15,-35,-38,-38
-27,-60,-28,15,15,-42,16,12,-23,-19,-33,-16
-2,-45,-27,24,3,-18,32,36,-7,-44,-43,-36
-8,-31,-57,35,9,-51,-3,34,-15,-26,-29,-10
-21,-45,2,9,9,-13,19,27,-22,-20,-30,-22
4,-41,-55,28,30,-31,17,-8,1,-20,-29,-18
-3,-23,-35,19,8,-32,9,31,7,-14,-39,-10
11,-37,-19,9,12,-27,12,25,-4,-12,-33,-24
5,-17,-16,39,-8,-26,17,8,-8,-21,-27,-9
-17,-24,-46,28,18,-5,-5,22,-22,-20,-29,-20
-5,-9,-25,13,5,-24,37,-1,-15,-30,-23,-4
-21,-26,-23,31,6,-22,23,-4,0,-11,3,-14
-25,-25,-11,29,6,-34,4,11,-6,-36,-48,-31
-3,-40,-23,32,5,-29,28,7,-10,-33,-17,-22
2,-31,-26,34,-15,-1,29,5,-15,-9,-31,-28
-7,-46,-21,2,-2,-35,14,31,-28,-27,10,-22
-3,-45,-20,9,8,-17,-7,9,-9,-22,-38,-3
-5,-41,-20,34,7,-4,26,35,3,-40,-26,-40
-21,-23,-10,-10,18,-20,-4,-4,-12,-21,-17,-25
3,-55,-2,17,11,-14,23,21,-4,-23,-25,-12
-5,-35,5,2,-1,-15,32,20,-3,-20,-31,-20
-3,-46,-20,7,-4,-14,12,30,-2,-23,-34,-20
1,-21,-6,24,7,13,16,-6,-27,2,-3,-22
-1,-23,8,33,25,-22,9,10,-19,-10,-15,-12
-19,-26,5,12,-14,-37,10,11,-52,2,-24,-10
-7,-32,-11,17,12,-42,12,12,-10,-33,-30,-25
-5,-9,13,19,-4,-25,1,13,-18,-26,-16,-29
3,-18,-25,21,13,-16,26,8,-20,-17,-12,4
2,-27,-6,22,6,-7,2,6,-13,-25,-24,-21
1,-19,-8,24,2,-40,20,26,-10,-14,-23,-21
17,-15,-8,11,13,-7,31,1,-22,-2,5,11
-4,-20,-18,17,16,-8,0,-14,-32,-24,13,-21
3,-30,-19,-8,4,-5,15,-6,-6,2,-25,-23
1,-28,-5,3,9,-10,4,-2,-13,-16,8,-1
7,-24,-11,19,-8,-17,-2,8,-5,22,1,-27
16,-13,-42,6,10,0,9,9,-15,-27,1,-4
-14,2,-8,-1,-25,9,10,16,-7,-15,-33,18
20,-10,-37,28,12,-17,2,0,-16,-5,18,13
19,16,16,0,-19,-38,-21,26,-3,6,-16,5
13,7,12,12,-9,-6,6,15,-6,5,-13,25
-25,9,9,-8,12,-5,21,31,-27,-20,-5,-11
-9,2,-1,19,-19,-24,5,2,9,-9,7,17
-16,19,-12,-9,3,0,-10,-17,2,24,10,8
8,-4,7,2,-16,12,-1,5,-2,7,-14,13
20,24,2,-22,2,50,14,-16,0,8,11,-1
-11,4,20,-30,-3,26,-3,-8,26,19,7,8
18,15,-8,-20,-14,23,6,0,7,32,10,12
-7,32,22,-23,-1,2,-5,-11,16,22,13,23
37,45,41,-29,-14,13,-24,-19,8,34,64,33
14,20,3,-16,4,12,-9,-3,9,46,40,-7
49,60,14,0,28,25,-29,0,4,19,30,27
21,53,38,-32,4,47,-11,-32,19,41,73,29
-8,56,38,-61,-16,36,-50,-54,19,54,40,65
18,64,43,-59,-1,43,-21,-19,20,62,44,28
29,72,30,-47,0,47,-39,-29,25,62,89,38
23,78,41,-58,-11,78,-33,-26,19,77,85,39
44,83,68,-76,-23,68,-50,-27,12,58,87,54
16,103,73,-58,-8,105,-70,-25,23,78,86,74
19,120,77,-76,-18,100,-60,-32,15,102,86,50
41,119,70,-84,-38,101,-48,-66,25,103,120,85
37,119,95,-83,-12,108,-54,-46,56,103,103,107
43,133,107,-95,-35,96,-55,-51,41,103,113,106
46,131,105,-96,-23,117,-85,-62,30,120,126,98
52,143,98,-118,-7,125,-88,-78,49,134,139,107
73,151,113,-97,-42,133,-91,-68,38,125,148,115
56,178,114,-95,-40,141,-102,-71,82,107,160,128
57,182,122,-121,-47,164,-114,-70,54,156,189,131
76,171,140,-140,-34,165,-110,-82,60,175,184,126
91,196,125,-115,-41,185,-117,-78,52,148,206,133
107,219,136,-151,-38,178,-116,-94,66,149,183,133
81,208,159,-138,-39,182,-143,-83,66,176,196,141
89,237,148,-168,-25,181,-141,-103,75,177,211,165
97,248,157,-144,-28,165,-138,-90,79,194,217,167
72,253,187,-169,-14,213,-130,-94,80,177,235,190
84,273,171,-143,-26,221,-136,-108,74,186,248,170
77,247,176,-193,-18,218,-136,-98,71,170,214,206
87,255,167,-159,-45,226,-146,-117,75,196,217,177
82,265,176,-185,-62,233,-124,-128,70,201,240,157
122,256,179,-180,-50,231,-142,-112,91,203,261,198
92,289,169,-174,-33,228,-146,-133,93,199,243,171
111,269,164,-191,-23,215,-143,-89,94,197,252,195
123,272,175,-175,-30,209,-134,-129,80,193,246,192
77,276,182,-188,-35,227,-155,-92,85,191,231,176
103,280,175,-181,-50,226,-151,-110,82,207,248,198
89,280,145,-186,-37,199,-163,-97,81,181,213,183
98,254,179,-175,-38,215,-142,-102,109,197,235,189
85,244,163,-186,-11,218,-151,-111,67,174,243,170
73,254,171,-160,-50,202,-124,-98,72,199,230,180
84,247,166,-151,-36,195,-117,-80,71,186,193,182
92,238,158,-161,-44,193,-125,-106,67,178,203,193
95,237,154,-151,-42,160,-126,-103,79,151,219,164
69,206,161,-128,-31,195,-106,-92,55,157,222,141
77,199,158,-149,-38,176,-102,-73,72,154,180,141
76,201,149,-117,-44,168,-94,-80,55,157,168,127
50,191,142,-116,-15,146,-104,-85,66,134,170,138
74,193,87,-121,-7,146,-89,-77,51,135,163,100
77,176,83,-109,-6,135,-110,-50,38,131,143,103
60,155,89,-124,-6,132,-75,-68,49,117,134,109
45,151,104,-100,-26,101,-79,-55,44,94,119,88
49,125,78,-99,-10,141,-79,-51,29,99,107,91
28,119,67,-83,-29,113,-73,-33,42,112,106,95
33,122,80,-77,-40,109,-48,-29,60,94,119,71
16,113,65,-58,-26,71,-65,-29,25,90,106,91
12,96,61,-62,-29,69,-50,-12,21,66,81,57
21,88,70,-61,0,81,-55,-38,25,73,79,61
20,61,58,-59,-11,95,-51,-47,24,55,64,58
38,76,48,-63,-28,57,-64,-32,21,47,59,39
24,70,21,-59,-25,46,-37,-38,25,42,75,53
8,68,37,-41,-10,65,-39,-19,20,56,63,23
9,64,7,-25,-16,50,-41,-19,8,24,54,7
30,41,34,-33,-7,50,-46,-32,6,20,44,38
-2,29,34,-17,-12,24,-33,-13,24,34,44,27
-7,28,19,-28,-10,31,-7,-17,17,18,5,38
23,28,44,-3,-15,37,-36,4,17,40,13,36
26,41,18,-19,-13,29,-17,-4,-1,32,39,30
12,11,-3,-22,1,2,-24,-13,-5,3,30,-10
14,0,24,-38,-10,5,-35,14,-20,18,6,33
14,15,9,1,6,35,-11,-29,-14,18,-3,-2
-2,16,15,-24,4,9,-22,-12,-3,-17,22,15
8,-25,-3,-34,25,-6,3,-21,-6,47,14,4
-9,-1,6,17,-7,10,3,-11,0,-1,-12,4
0,-7,-1,-5,-7,4,22,-6,-5,0,25,-23
-8,-20,-26,20,-4,-14,1,-24,7,-34,6,-12
-29,-22,-30,-11,-7,-26,16,10,-8,-1,-29,9
-17,-24,-19,17,-6,-31,8,2,-7,-29,-12,-30
-22,-30,-14,25,10,-18,33,5,-11,-17,-23,-23
-19,-50,-8,35,-2,-40,30,27,3,-62,-7,-33
-21,-58,-37,34,6,-58,45,41,9,-43,-47,-23
-13,-77,-35,66,6,-79,65,28,-29,-35,-81,-50
-50,-98,-47,72,-2,-96,48,36,-28,-44,-65,-72
-41,-118,-52,54,12,-105,68,66,-14,-83,-99,-83
-48,-98,-72,77,19,-104,59,49,-36,-111,-86,-74
-59,-101,-94,113,15,-91,85,33,-39,-98,-122,-110
-43,-141,-112,110,15,-118,86,46,-45,-133,-141,-105
-38,-191,-102,111,15,-153,100,52,-70,-140,-147,-117
-52,-145,-104,132,5,-124,89,59,-68,-122,-150,-117
-36,-170,-96,135,28,-125,82,71,-42,-125,-152,-110
-73,-163,-104,104,-9,-149,90,44,-42,-102,-124,-111
-32,-105,-60,89,43,-115,92,36,-60,-105,-126,-61
-46,-113,-72,66,2,-56,53,28,-43,-76,-86,-92
-20,-66,-10,43,10,-53,30,27,7,-24,-60,-47
1,-14,14,27,13,13,-4,-12,5,-9,1,7
23,65,56,-54,-2,45,-50,-34,17,43,51,39
64,135,101,-97,-24,113,-74,-58,38,89,126,97
66,240,144,-164,-42,183,-126,-103,54,184,195,151
97,324,195,-213,-64,265,-185,-112,111,245,296,214
144,421,283,-307,-64,359,-232,-177,132,331,376,304
191,543,336,-388,-73,457,-304,-185,164,399,479,392
225,673,433,-441,-77,545,-363,-272,197,492,608,472
256,768,486,-518,-117,645,-411,-296,220,558,693,532
302,866,551,-599,-121,725,-473,-365,258,634,782,582
335,980,605,-647,-140,791,-530,-373,294,753,865,675
360,1024,654,-701,-153,881,-561,-419,321,783,892,731
378,1067,721,-739,-164,879,-600,-451,339,820,961,788
382,1101,703,-739,-144,922,-619,-438,332,847,991,775
380,1112,698,-756,-173,887,-606,-437,331,828,994,767
360,1094,711,-750,-126,878,-610,-429,322,828,981,751
359,1018,680,-700,-155,836,-566,-425,333,771,925,713
341,954,612,-632,-136,763,-518,-383,299,706,856,677
291,845,558,-585,-133,704,-482,-365,260,634,757,603
267,731,471,-494,-102,617,-415,-293,221,557,662,527
214,613,424,-428,-107,516,-322,-246,181,472,579,433
191,490,345,-351,-92,409,-292,-188,151,386,459,359
125,382,260,-265,-56,346,-216,-158,104,291,333,279
99,272,155,-195,-46,212,-132,-120,100,179,238,199
57,165,111,-129,-19,134,-83,-72,48,111,159,104
21,62,61,-28,-27,34,-44,-20,14,38,60,50
-4,-13,-14,13,-4,-1,16,8,-4,-29,1,-25
-18,-81,-54,44,14,-54,49,26,-10,-88,-73,-55
-33,-151,-104,92,26,-123,67,63,-54,-138,-145,-112
-74,-211,-129,123,38,-165,96,76,-68,-150,-187,-139
-94,-234,-153,153,17,-173,119,95,-73,-156,-206,-170
-72,-239,-156,167,49,-204,149,95,-72,-193,-219,-144
-105,-254,-171,183,44,-205,125,110,-85,-184,-217,-167
-92,-254,-153,155,39,-223,106,94,-95,-205,-227,-173
-67,-239,-153,152,33,-176,121,90,-62,-184,-210,-169
-77,-216,-150,157,26,-164,125,77,-69,-156,-193,-153
-72,-203,-138,150,14,-172,120,86,-55,-153,-195,-135
-61,-181,-122,114,17,-147,99,68,-57,-123,-157,-122
-24,-155,-99,107,22,-119,76,66,-63,-116,-140,-77
-50,-144,-86,78,22,-86,81,66,-34,-92,-110,-89
-18,-88,-75,62,26,-82,52,52,-49,-72,-91,-58
-31,-66,-48,62,17,-69,44,29,-30,-37,-74,-32
-33,-46,-61,31,-16,-43,16,26,-37,-56,-66,-19
3,-30,-26,26,-10,-21,23,6,-26,-34,-27,-30
-28,-41,3,31,19,-19,22,-6,10,-8,-11,-16
0,-18,-7,1,-2,-12,0,1,-9,15,-5,-22
-1,-21,-2,5,-13,4,9,22,-23,5,14,10
9,-13,-12,7,5,11,-10,-1,-15,-2,11,14
22,-10,8,-12,-13,22,-9,7,-5,20,23,11
-10,32,20,-44,16,13,-11,-17,12,7,22,23
-2,8,18,-22,-7,2,-11,-20,-7,11,42,10
16,14,13,-24,3,25,-24,-31,10,42,23,20
6,25,39,-11,16,18,-43,-38,14,6,30,8
7,-4,9,-42,-10,25,-19,-15,8,7,22,45
15,22,31,-30,-19,30,-34,0,15,48,44,22
19,60,37,-17,0,20,-24,-35,18,36,37,44
18,42,42,-45,-25,51,-19,-1,12,44,35,28
23,33,18,-24,-20,39,-22,4,15,46,39,23
-2,56,49,-42,-1,52,-26,-40,16,41,53,43
21,49,23,-28,27,42,-6,-35,14,49,43,41
18,68,39,-36,2,56,-65,-38,7,64,45,42
27,60,15,-31,-20,32,-8,-14,8,48,49,33
60,67,63,-44,-12,67,-21,-15,22,50,73,46
13,77,29,-39,4,64,-33,-18,11,37,64,34
12,76,32,-38,-8,77,-38,-19,7,48,44,59
25,70,47,-39,-7,47,-35,-39,-5,65,79,70
33,78,51,-57,6,69,-18,-48,42,51,78,28
24,65,74,-79,-15,62,-31,-18,36,60,84,68
10,106,62,-59,-3,83,-63,-18,24,56,95,57
50,90,48,-44,-19,104,-57,-44,33,53,89,95
57,106,84,-62,-32,111,-60,-51,21,82,110,74
45,127,64,-69,-35,90,-66,-44,45,77,88,63
23,112,70,-88,3,84,-56,-54,13,94,103,98
42,93,110,-101,-15,116,-70,-55,30,82,93,72
43,121,92,-87,6,99,-64,-42,38,92,119,73
28,139,81,-76,-28,111,-87,-54,44,89,127,95
56,116,72,-93,-16,118,-65,-74,47,106,113,87
43,142,91,-109,-15,127,-93,-77,41,107,149,115
44,146,137,-118,-17,136,-108,-59,43,116,137,88
67,158,101,-108,-28,136,-61,-82,52,99,150,102
57,170,122,-134,-31,165,-105,-54,40,103,144,140
53,176,117,-135,-20,142,-94,-62,63,98,151,109
67,195,124,-122,-35,167,-100,-79,57,135,168,108
82,191,129,-126,-9,187,-108,-82,68,161,185,118
79,224,147,-143,-21,179,-130,-72,50,148,164,130
77,207,146,-152,-40,171,-117,-78,55,121,188,156
84,230,137,-156,-13,205,-126,-76,78,156,195,152
59,229,145,-163,-33,177,-117,-70,76,173,202,150
65,241,151,-152,-50,178,-145,-83,64,173,233,177
94,258,178,-167,-33,223,-137,-105,82,201,223,185
88,254,177,-146,-42,218,-157,-93,104,193,197,167
98,279,186,-181,-38,211,-153,-106,97,188,235,204
100,270,170,-205,-51,248,-154,-121,92,211,248,193
112,280,198,-191,-47,239,-149,-108,67,206,256,197
121,308,176,-227,-24,250,-173,-127,94,223,263,223
113,325,206,-196,-70,231,-165,-127,81,247,281,192
96,331,193,-226,-58,281,-178,-120,107,243,270,220
107,339,195,-243,-51,264,-166,-124,87,242,276,221
117,356,242,-232,-58,280,-198,-126,97,255,290,232
125,356,224,-237,-54,285,-156,-125,105,259,305,252
116,370,205,-241,-71,285,-202,-148,101,265,319,239
130,354,225,-246,-53,306,-195,-138,98,274,341,257
143,367,229,-256,-49,284,-198,-131,111,273,314,260
156,378,238,-276,-48,324,-193,-167,105,279,369,267
142,381,260,-271,-48,298,-200,-148,123,287,326,303
135,420,251,-282,-63,339,-201,-145,110,289,356,286
153,420,274,-261,-77,347,-216,-144,134,303,355,270
137,414,277,-285,-54,312,-218,-168,115,338,351,280
147,381,266,-285,-61,342,-212,-173,108,321,367,290
153,437,278,-303,-51,319,-235,-182,133,309,362,309
147,428,312,-284,-58,341,-249,-175,125,338,379,315
150,441,271,-294,-50,358,-243,-185,125,335,389,315
154,437,274,-316,-71,360,-255,-165,142,340,387,325
147,434,286,-292,-73,377,-238,-175,141,314,414,288
167,432,282,-300,-64,360,-235,-170,118,332,390,300
160,451,290,-300,-60,362,-253,-171,128,329,414,318
149,436,283,-289,-79,364,-231,-164,146,332,402,306
141,460,294,-301,-51,366,-231,-171,133,343,411,305
180,434,290,-320,-79,357,-261,-171,119,343,391,305
159,445,299,-316,-82,359,-252,-189,122,338,385,309
169,464,309,-328,-59,357,-236,-192,126,344,398,317
164,438,304,-341,-87,386,-238,-168,137,333,402,331
153,440,286,-292,-28,363,-255,-167,107,323,409,324
133,446,293,-303,-81,369,-241,-172,125,339,405,313
134,442,287,-322,-59,374,-224,-178,118,322,406,293
176,451,270,-300,-64,349,-257,-170,103,312,398,316
146,446,295,-297,-72,362,-240,-169,132,333,385,293
138,446,261,-308,-69,353,-228,-167,121,323,398,298
138,410,258,-271,-45,346,-221,-152,124,314,370,295
162,412,282,-278,-70,345,-241,-155,110,320,373,298
124,422,274,-296,-74,335,-245,-153,128,291,344,279
120,376,278,-274,-71,343,-198,-174,122,266,351,294
154,392,243,-249,-38,328,-238,-164,118,292,354,265
134,363,262,-274,-71,332,-190,-153,98,291,346,281
123,391,237,-258,-43,312,-188,-172,113,321,328,261
140,369,247,-266,-47,323,-220,-163,108,276,321,254
121,363,230,-251,-53,289,-218,-142,108,282,316,234
120,341,221,-221,-77,266,-190,-145,102,270,311,236
129,347,215,-239,-43,275,-196,-118,116,277,316,239
99,344,205,-224,-46,279,-180,-124,104,242,313,233
104,330,207,-202,-47,268,-172,-121,99,248,293,232
105,330,205,-235,-21,252,-150,-115,123,217,273,231
87,313,200,-200,-29,265,-150,-109,91,227,277,203
115,302,219,-189,-56,262,-160,-109,94,212,271,222
86,270,203,-181,-48,267,-181,-118,78,203,250,191
86,262,188,-192,-45,232,-150,-119,75,197,253,201
87,267,196,-172,-40,231,-149,-113,80,203,223,171
83,236,189,-177,-44,218,-132,-105,91,211,223,175
94,261,147,-170,-28,178,-149,-105,66,197,230,176
83,254,157,-153,-52,200,-136,-95,58,165,211,180
62,247,148,-152,-50,188,-117,-98,87,191,222,166
73,234,139,-167,-43,171,-106,-87,68,164,208,169
90,226,157,-134,-42,151,-124,-63,59,162,196,161
67,174,142,-162,-17,176,-112,-80,64,144,181,141
68,181,138,-107,-18,166,-105,-70,81,134,183,137
40,170,133,-130,-22,145,-102,-79,60,119,157,136
59,178,99,-113,-35,133,-103,-68,48,115,169,110
54,165,107,-122,-22,113,-88,-84,77,127,160,116
88,140,100,-121,-32,126,-96,-52,62,105,163,95
55,152,91,-85,-27,128,-88,-58,45,108,151,123
28,133,67,-89,-24,103,-71,-57,41,116,86,87
33,146,100,-106,-39,110,-81,-35,40,96,119,115
27,133,75,-96,-37,87,-70,-57,36,111,101,99
70,135,64,-94,-27,96,-51,-55,38,80,107,90
42,108,52,-99,6,100,-72,-56,52,91,110,65
60,110,79,-95,-5,103,-58,-35,24,79,100,80
41,106,58,-83,6,86,-46,-27,19,77,98,70
42,97,60,-47,-11,83,-74,-32,25,59,95,68
29,82,51,-50,-14,55,-50,-22,15,63,60,67
39,84,57,-57,6,78,-55,-17,20,60,69,47
31,100,42,-54,-10,57,-16,-29,3,53,68,35
48,75,60,-64,3,67,-44,-43,21,40,65,75
22,84,33,-48,-2,61,-37,-24,17,22,61,60
41,77,52,-25,-9,67,-25,-24,33,54,79,48
31,55,40,-26,-1,45,-29,-28,5,43,61,75
39,55,28,-40,-2,54,-11,-19,26,28,38,32
18,55,45,-55,-8,42,-33,4,7,45,74,42
5,48,38,-45,-7,42,-22,-43,0,33,27,52
28,38,38,-8,-6,45,-26,-19,36,48,40,25
4,44,11,-28,-13,41,6,-24,10,29,27,16
29,43,6,-19,-19,38,1,6,15,23,44,18
9,49,6,-18,17,23,-6,-12,3,38,27,58
2,30,22,-30,-4,17,-31,-11,19,19,29,9
34,35,21,-38,8,23,-18,-19,23,29,39,35
37,28,15,-15,22,27,-35,-16,19,37,25,37
32,36,31,-34,1,13,-43,3,19,22,6,12
27,59,1,-28,-16,45,-18,6,7,26,46,30
2,36,16,-17,-25,13,-9,-16,7,31,33,28
-1,14,19,-9,6,30,26,5,8,6,16,-1
6,19,2,10,12,41,-3,3,19,13,13,4
-17,14,-3,-10,-22,14,-9,-17,17,16,20,11
9,10,10,-26,-15,8,5,-14,9,2,26,23
7,0,10,-21,11,13,-21,0,20,26,10,-9
5,-7,28,-12,-17,5,-2,-1,-4,7,0,4
-1,14,17,-21,0,-11,-11,-33,10,45,-2,28
-2,21,17,-16,-12,14,5,2,26,17,-7,6
14,17,1,11,-18,41,-22,-18,-8,17,9,6
15,29,12,-22,-7,17,6,-36,2,26,12,10
8,16,-2,11,6,7,-10,-28,19,1,24,-1
18,15,12,-2,-3,34,12,-5,9,6,15,2
-24,13,4,-23,-11,17,-10,-10,-2,26,9,3
1,-1,0,-10,-20,22,-22,-13,1,6,30,-5
9,15,-17,-13,-4,29,-13,7,4,11,18,2
9,3,-7,7,-12,21,-6,15,-7,14,3,0
-11,1,17,-5,2,25,7,7,0,-3,7,16
-8,16,-5,-32,6,-11,17,-14,14,-8,24,8
23,20,3,14,-29,-8,2,-17,-12,20,21,3
10,17,-4,-7,6,25,-1,-12,15,2,15,21
15,4,19,-19,-5,8,7,-1,-5,21,3,6
9,17,-11,-19,-9,36,-7,-1,2,-13,3,5
6,11,10,-12,-9,18,10,3,13,26,4,9
-22,17,26,-9,-11,-5,2,-12,-8,18,12,8
18,9,33,26,9,15,-13,5,1,14,12,-3
17,6,10,8,-8,-11,-15,-3,10,5,17,-4
6,34,13,-22,-34,9,-16,-11,18,0,44,12
8,3,8,-31,-11,12,-14,-1,4,3,-7,10
3,5,5,-25,-17,17,-2,-4,-1,18,1,16
7,34,31,-29,3,31,-4,6,25,-5,13,-2
0,-10,-4,-4,-18,17,-15,-3,-11,11,-11,-1
12,11,17,-1,-3,6,3,16,-5,4,-4,11
-4,8,24,-4,-21,25,-36,-4,17,-1,21,13
4,18,3,-26,-24,15,-10,-13,6,-2,22,33
-8,-2,22,5,-1,-2,-8,29,18,20,5,5
0,10,14,-5,-11,20,-22,11,-4,-2,23,6
-8,15,6,-9,0,-19,-22,3,-11,10,17,17
-1,6,8,-9,-14,3,-21,-16,4,8,18,19
-29,-7,-9,-1,-9,18,-5,-7,0,5,20,4
10,5,14,-24,-12,3,-8,-1,-14,9,-5,20
10,-6,21,7,-7,-2,-7,-7,14,11,-8,6
3,-6,17,-2,-4,-7,-2,10,20,15,13,1
-9,16,18,-8,1,17,1,-23,-13,19,24,-1
5,10,20,-19,9,9,-4,-6,17,21,2,34
18,-5,10,-9,-9,46,11,-6,2,21,24,10
-9,14,13,-12,-13,2,-13,-8,5,12,12,7
-1,4,-11,-27,17,22,0,-9,-12,15,16,-9
9,8,35,-10,-3,7,-23,0,-7,26,6,20
13,20,14,-23,0,37,-24,8,-13,27,13,12
14,22,8,-4,4,7,-5,13,5,18,32,24
24,22,28,0,12,3,-4,2,-7,4,34,36
16,27,47,3,-14,23,-27,-2,-8,33,23,11
5,5,14,-14,-4,30,-8,-4,7,25,12,25
0,22,37,-13,-3,29,-24,-13,38,29,27,19
9,38,-11,-30,-38,15,-30,-16,2,17,36,-12
8,28,13,5,-25,37,-12,-9,6,13,23,1
7,47,18,-16,4,30,-36,-21,17,23,29,11
15,10,17,-33,4,26,-24,-17,-10,4,7,21
4,19,13,-18,-20,13,-32,-10,20,40,23,29
20,36,7,-26,-16,51,-26,-7,6,43,33,30
6,43,8,-3,-18,33,-37,-3,-6,28,44,21
22,34,18,-48,-3,33,-9,-15,9,45,11,46
7,32,37,-33,16,31,-22,-27,21,37,22,30
8,51,31,-45,8,29,-16,-22,5,35,43,30
10,39,41,-22,-9,26,-37,-36,30,29,47,29
15,55,50,-21,3,49,-21,-18,26,30,51,39
19,49,32,-26,-32,66,-17,-13,34,25,57,45
34,63,30,-31,-7,51,-46,-33,-2,32,59,40
8,80,48,-50,5,55,-33,-22,11,25,34,41
29,69,54,-50,-11,64,-21,-23,20,64,46,59
34,78,39,-46,-14,54,-30,-17,13,62,61,61
36,90,33,-66,10,63,-39,-39,4,67,66,58
24,76,58,-52,-7,84,-38,-7,29,81,59,37
49,76,72,-68,-26,87,-44,-45,22,67,80,53
44,90,60,-76,-31,99,-61,-47,25,75,97,60
34,131,71,-96,-7,119,-69,-40,48,107,105,58
36,98,61,-76,-17,88,-69,-43,39,85,102,88
55,123,95,-86,-20,80,-68,-57,50,110,101,95
38,147,105,-102,-19,106,-70,-53,46,96,121,111
54,142,91,-112,-11,139,-63,-40,46,110,134,104
42,135,105,-113,-28,126,-89,-50,37,130,135,127
65,164,115,-150,-5,121,-112,-45,72,118,168,116
57,186,106,-99,-20,145,-96,-83,49,124,161,116
58,191,126,-144,-36,166,-107,-79,81,147,173,139
68,195,140,-137,-43,166,-111,-107,62,153,185,142
69,215,128,-136,-27,174,-110,-67,64,147,185,156
102,223,141,-139,-23,171,-123,-89,67,155,192,146
68,228,153,-167,-42,204,-131,-78,84,186,199,188
68,253,149,-146,-35,193,-129,-93,55,185,215,170
94,246,155,-165,-28,192,-120,-86,82,171,243,189
76,236,196,-178,-37,193,-137,-92,68,186,216,176
112,263,175,-164,-48,233,-156,-102,80,218,237,197
93,258,191,-195,-32,227,-151,-116,81,216,239,190
90,274,180,-192,-47,231,-142,-104,96,209,241,200
118,284,207,-210,-32,221,-170,-103,91,209,255,222
132,292,187,-203,-46,247,-170,-124,103,240,254,196
105,300,193,-193,-37,224,-181,-119,96,215,260,201
108,301,202,-181,-45,250,-151,-133,74,234,261,181
114,306,210,-199,-53,250,-154,-126,78,226,295,212
95,316,214,-184,-40,265,-152,-110,80,217,275,212
107,285,181,-228,-47,250,-174,-115,82,238,282,198
104,281,204,-214,-20,263,-173,-111,115,211,280,224
127,304,188,-194,-55,251,-171,-119,92,228,246,234
102,310,203,-195,-41,244,-152,-114,129,210,294,191
115,293,174,-201,-55,239,-157,-117,76,218,266,212
129,275,189,-208,-59,239,-188,-127,79,216,275,197
94,300,203,-198,-44,243,-164,-129,71,213,265,216
90,291,202,-189,-39,233,-130,-108,92,203,248,212
96,276,171,-191,-48,239,-164,-102,82,215,257,182
83,299,198,-192,-41,220,-157,-91,91,218,249,207
99,255,182,-172,-52,210,-149,-113,90,175,242,185
94,244,153,-177,-25,220,-112,-105,86,175,242,202
97,247,165,-159,-31,206,-124,-92,84,170,226,179
86,218,141,-168,-25,161,-138,-78,49,184,216,157
52,233,145,-137,-44,193,-118,-94,54,172,200,143
90,233,117,-136,-15,188,-110,-90,66,163,200,146
73,217,109,-143,-35,172,-116,-77,75,147,195,150
75,214,134,-125,-7,167,-109,-105,47,132,176,144
82,174,99,-146,-41,164,-85,-81,60,131,158,145
57,181,110,-129,-12,132,-111,-76,44,152,145,105
53,162,116,-120,-26,146,-95,-67,24,118,146,121
52,137,109,-102,-6,138,-87,-68,45,110,134,106
36,155,99,-105,-35,128,-76,-40,41,128,130,107
43,138,85,-92,-9,110,-67,-72,41,88,116,88
46,136,68,-91,-2,105,-48,-31,15,94,106,101
33,117,88,-90,-21,96,-76,-44,36,98,112,75
52,110,76,-84,-15,96,-73,-88,34,82,94,93
37,108,67,-75,-10,62,-80,-31,48,86,73,55
29,96,72,-61,-19,62,-18,-56,24,72,88,61
29,98,83,-54,-6,63,-53,-24,3,55,82,67
31,60,51,-48,-7,84,-48,-43,44,60,54,70
36,64,36,-47,-14,70,-43,-31,20,64,61,44
12,77,18,-27,-5,41,-31,-7,15,52,50,46
43,58,49,2,-7,50,-43,-8,18,57,64,53
34,40,22,-42,-15,68,-44,-31,35,44,62,20
20,61,27,-52,-12,35,-26,-35,11,57,41,52
40,40,34,-48,4,24,-6,-23,-7,41,29,22
12,29,26,-45,6,38,-20,-7,17,48,32,25
19,43,-1,-28,-10,31,-34,-30,5,36,44,57
6,55,24,-14,-27,13,-8,-26,32,38,43,35
17,30,29,-27,-3,22,11,-14,1,36,28,33
16,30,8,-10,1,18,-8,-13,-20,19,16,13
-1,29,11,-33,-9,8,-23,14,15,20,35,17
-1,-2,13,-6,-5,46,-15,-20,-7,-2,7,27
20,17,11,2,-11,1,-10,4,28,7,17,-3
-13,-23,3,2,11,-1,8,6,0,0,13,-8
-9,-21,4,26,-27,-13,-13,17,0,-2,-16,20
11,-6,-26,13,-4,-14,16,27,13,-20,-16,-33
-4,-56,-30,3,-4,-52,7,-2,-7,-4,-37,-22
-30,-45,-12,27,27,-53,17,10,-5,-43,-46,-31
-24,-65,-48,57,0,-57,21,40,-5,-38,-58,-36
-23,-92,-46,47,9,-77,44,28,-35,-82,-68,-46
-49,-95,-50,62,6,-100,55,35,-35,-69,-104,-41
-49,-120,-75,48,19,-110,61,41,-13,-89,-95,-83
-45,-120,-74,73,38,-93,74,50,-34,-92,-117,-99
-20,-128,-77,88,23,-116,70,55,-32,-112,-145,-99
-48,-130,-79,96,25,-102,54,57,-40,-96,-119,-87
-38,-133,-74,91,24,-90,75,53,-41,-84,-110,-86
-32,-102,-62,82,23,-82,58,34,-31,-65,-114,-65
-29,-74,-37,48,15,-63,44,48,-26,-57,-77,-48
-2,-56,-28,28,20,-26,22,25,-3,-27,-34,-27
-6,-6,13,-34,-9,15,-17,13,6,-1,2,1
52,71,38,-19,-34,53,-37,-30,12,39,46,68
50,125,58,-79,-8,96,-53,-40,63,100,100,95
80,207,158,-162,-16,193,-122,-80,69,168,202,150
93,299,218,-221,-45,241,-159,-100,98,217,289,213
112,413,262,-288,-61,353,-226,-160,130,288,349,319
176,513,352,-367,-83,436,-301,-224,162,410,471,386
239,655,404,-428,-94,535,-358,-244,201,479,606,443
278,718,492,-514,-102,628,-410,-299,226,573,666,506
305,848,542,-578,-126,696,-454,-332,253,625,798,590
331,952,637,-631,-139,765,-520,-371,282,669,843,653
323,999,660,-692,-162,838,-568,-409,314,785,914,721
372,1068,689,-727,-167,897,-593,-416,307,815,968,750
395,1135,743,-754,-147,933,-619,-462,341,844,995,784
387,1125,713,-770,-159,928,-588,-417,327,826,1031,776
389,1113,738,-752,-152,895,-616,-449,342,855,992,782
384,1070,675,-738,-163,888,-590,-433,313,816,956,728
348,971,628,-642,-144,811,-532,-391,295,755,882,716
301,906,582,-625,-144,729,-454,-349,264,667,805,610
243,759,526,-538,-133,649,-410,-298,253,598,701,557
253,678,438,-454,-91,557,-375,-252,201,496,602,496
181,530,351,-369,-95,443,-296,-203,154,408,483,382
146,431,270,-295,-90,363,-219,-185,124,324,397,293
86,324,201,-208,-46,284,-167,-125,107,210,279,213
59,229,132,-165,-25,169,-106,-47,64,150,169,161
32,95,68,-54,-8,92,-55,-35,31,58,97,72
10,31,13,-22,-5,15,-5,1,6,29,9,-3
-34,-43,-41,50,3,-62,44,12,6,-41,-54,-37
-59,-112,-83,72,15,-105,63,56,-31,-90,-120,-80
-72,-175,-114,110,7,-159,85,62,-45,-134,-162,-112
-77,-200,-168,125,51,-181,129,74,-57,-168,-175,-131
-77,-208,-150,147,8,-192,134,113,-62,-177,-195,-154
-91,-234,-162,172,20,-196,137,103,-79,-180,-245,-174
-70,-245,-150,166,54,-181,127,95,-69,-202,-212,-181
-86,-240,-145,160,66,-206,122,89,-76,-204,-219,-151
-76,-219,-150,157,15,-162,103,93,-73,-145,-217,-145
-66,-203,-134,137,30,-193,91,78,-50,-153,-162,-140
-57,-197,-123,98,14,-162,111,75,-53,-136,-164,-125
-57,-170,-115,112,34,-145,78,81,-66,-98,-162,-113
-51,-143,-56,74,16,-96,86,36,-31,-96,-116,-94
-24,-118,-69,64,-11,-80,36,46,-41,-86,-87,-72
-37,-76,-44,59,30,-52,46,26,-24,-73,-74,-61
-22,-59,-52,61,24,-32,52,29,-7,-36,-88,-46
-17,-27,-30,41,18,-31,38,4,-2,-20,-36,-37
-39,-21,-15,-2,-4,-33,8,6,0,-26,-27,-3
14,-19,-4,35,-4,-15,25,7,-32,-17,-20,18
1,0,10,12,6,-2,2,-2,-5,-16,24,19
15,-5,9,-2,-17,26,-16,12,4,23,7,-23
13,14,-6,-30,6,17,5,-4,17,3,15,19
13,19,13,-23,-23,4,-7,0,-8,16,6,29
-25,22,4,-25,20,20,-16,-23,-2,-9,15,10
-8,40,21,-2,17,5,-19,-8,9,41,36,10
3,31,25,-17,-10,19,-32,-10,4,30,4,14
23,30,25,-4,-10,33,-21,-30,-10,25,25,10
22,57,43,-23,-36,17,6,-14,35,23,25,28
-5,28,30,-20,-8,23,-36,-28,18,35,26,24
18,21,33,-27,5,9,-23,-13,3,59,28,17
9,43,36,-16,-13,46,-16,1,12,37,32,20
6,60,40,-22,-20,38,1,-9,26,7,37,22
15,35,31,-52,3,40,-30,-13,18,32,14,34
26,66,19,-32,-13,49,-21,-29,37,69,25,30
27,48,47,-33,-2,43,-24,-22,-1,23,58,27
32,41,31,-34,-18,46,-36,-32,26,37,38,40
12,44,41,-26,-28,43,-22,-16,21,29,52,35
34,67,40,-27,-15,48,-47,-15,29,42,56,34
17,68,41,-39,-11,57,-22,-38,-2,32,41,55
22,67,44,-44,-27,47,-48,-42,25,60,55,40
27,83,55,-56,-20,85,-52,-38,18,57,56,56
24,84,49,-67,-17,79,-55,-8,7,50,67,62
18,101,46,-31,-3,82,-56,-21,23,76,103,53
26,100,47,-38,-18,77,-52,-25,39,70,75,56
35,101,74,-66,-35,88,-58,-36,40,62,78,58
45,98,64,-73,-12,82,-57,-52,43,82,84,69
32,109,75,-71,-19,103,-32,-45,48,78,94,68
35,115,71,-76,-22,117,-51,-44,73,83,108,53
57,119,68,-79,-29,98,-62,-55,46,89,115,57
37,126,90,-101,-12,117,-55,-56,24,84,95,77
50,117,99,-101,-19,120,-60,-56,34,95,124,102
50,147,104,-104,-34,118,-75,-60,46,109,141,100
39,143,80,-117,-3,131,-65,-52,43,102,160,95
71,167,102,-120,-16,134,-101,-63,49,104,150,108
39,188,105,-124,-16,144,-78,-74,43,130,130,103
81,202,104,-126,-32,147,-84,-88,47,147,153,122
49,205,122,-149,-37,162,-114,-66,56,133,168,136
62,198,141,-134,-2,155,-122,-72,78,138,191,138
72,202,146,-151,-41,161,-119,-50,61,144,206,148
75,188,120,-132,-31,155,-111,-90,62,181,202,152
62,224,147,-145,-34,182,-120,-75,76,162,211,144
81,217,135,-150,-38,199,-112,-91,60,182,207,156
102,246,132,-171,-24,198,-134,-100,83,187,226,167
85,225,176,-161,-30,213,-116,-114,85,192,213,181
76,252,172,-202,-17,217,-131,-101,85,179,240,187
107,245,185,-186,-58,228,-148,-136,89,213,258,185
109,282,185,-200,-60,228,-139,-129,89,226,256,195
113,310,182,-191,-52,244,-176,-141,95,232,251,188
128,309,194,-229,-51,244,-172,-129,91,222,293,198
99,324,209,-209,-36,262,-154,-94,67,228,280,224
105,321,197,-226,-69,268,-165,-149,110,247,282,238
112,324,230,-205,-49,268,-199,-139,88,238,312,229
103,352,241,-240,-55,301,-189,-140,111,234,324,237
123,366,238,-236,-46,288,-186,-168,90,300,300,253
125,372,235,-261,-55,299,-199,-138,126,272,336,255
131,350,207,-247,-87,337,-211,-142,101,259,323,242
125,397,224,-262,-71,305,-199,-135,106,292,331,270
111,384,264,-260,-72,307,-201,-142,125,298,355,281
138,400,256,-248,-51,335,-199,-144,118,292,350,278
134,411,267,-254,-62,339,-234,-161,118,295,379,294
159,420,252,-281,-80,339,-242,-159,120,313,353,280
118,396,271,-288,-66,333,-218,-157,110,331,370,284
162,421,276,-277,-55,340,-246,-168,120,310,390,313
142,441,279,-304,-61,335,-217,-155,109,323,363,303
150,442,281,-288,-65,353,-243,-164,146,293,382,290
131,437,284,-292,-80,369,-261,-175,113,326,395,295
155,452,293,-279,-58,370,-225,-186,131,344,392,311
154,434,265,-283,-73,369,-253,-178,143,336,400,305
141,445,294,-294,-58,381,-225,-188,121,356,402,300
171,429,288,-312,-50,353,-225,-165,140,350,417,300
154,440,302,-308,-72,355,-254,-166,122,312,397,307
154,455,270,-317,-83,369,-247,-167,125,336,399,318
164,447,306,-308,-61,355,-254,-176,123,340,394,298
169,454,296,-293,-63,392,-247,-166,141,342,409,308
155,447,287,-300,-67,378,-252,-185,149,325,407,311
164,466,293,-339,-61,378,-224,-168,134,333,395,321
150,448,291,-293,-66,377,-241,-164,155,335,382,323
153,439,273,-306,-49,355,-240,-189,109,336,405,302
142,427,277,-289,-58,374,-250,-170,160,314,408,314
160,433,291,-290,-46,341,-227,-172,151,335,391,302
145,441,307,-300,-74,349,-241,-163,134,318,372,283
