I,II,III,aVR,aVL,aVF,V1,V2,V3,V4,V5,V6
388,1036,695,-723,-157,871,-578,-409,306,787,949,721
345,1062,668,-700,-151,853,-580,-406,304,771,932,715
345,975,649,-678,-132,830,-530,-404,291,724,901,700
339,926,591,-630,-138,775,-511,-363,270,694,835,634
296,839,538,-562,-129,699,-468,-334,248,631,748,579
239,752,502,-517,-132,626,-411,-294,233,540,683,499
216,641,418,-428,-93,508,-326,-229,195,480,554,446
193,510,352,-339,-94,434,-277,-201,144,380,437,362
137,384,266,-267,-69,336,-223,-156,98,303,358,259
98,271,162,-181,-15,211,-134,-117,71,193,243,195
53,150,108,-129,-14,127,-80,-73,51,109,136,103
19,77,33,-36,15,49,-27,-29,-7,63,36,31
7,-24,-37,29,11,-8,30,5,-10,-20,-35,-61
-34,-111,-82,91,24,-112,88,50,-22,-95,-116,-77
-50,-206,-125,141,31,-148,98,56,-57,-160,-168,-143
-88,-239,-144,180,29,-183,118,72,-90,-183,-211,-145
-116,-274,-186,182,29,-257,157,123,-82,-198,-252,-200
-133,-305,-215,219,52,-274,173,126,-102,-242,-293,-230
-112,-319,-206,222,54,-283,185,133,-78,-246,-308,-228
-120,-339,-216,237,50,-286,195,129,-90,-269,-309,-234
-110,-333,-202,236,59,-283,172,113,-122,-273,-302,-237
-105,-344,-203,194,77,-272,176,125,-99,-240,-310,-215
-92,-302,-208,204,37,-258,172,135,-96,-215,-262,-196
-93,-269,-194,197,47,-242,168,118,-86,-216,-264,-210
-76,-260,-185,166,27,-214,146,110,-92,-208,-252,-197
-78,-248,-153,160,21,-210,128,74,-55,-159,-225,-179
-59,-237,-129,159,20,-177,110,98,-67,-169,-175,-151
-88,-173,-117,138,37,-150,97,62,-68,-128,-191,-124
-44,-172,-100,124,34,-129,66,65,-36,-137,-161,-138
-33,-126,-98,105,-4,-139,68,60,-52,-86,-125,-80
-54,-115,-74,72,1,-120,69,51,-25,-78,-106,-93
-28,-119,-73,70,21,-95,58,33,-39,-98,-103,-65
-48,-108,-54,66,5,-75,59,50,-29,-59,-104,-63
-44,-84,-59,78,11,-61,59,15,-28,-84,-75,-62
-21,-77,-66,60,6,-73,33,33,-15,-76,-90,-56
-20,-70,-34,44,12,-59,55,24,-36,-70,-74,-63
-32,-53,-56,49,22,-28,33,26,-40,-43,-68,-58
-12,-67,-64,35,-5,-53,22,34,-13,-52,-69,-27
-35,-57,-47,59,28,-67,47,9,-4,-63,-55,-53
-21,-66,-47,43,4,-57,30,9,-1,-45,-33,-38
-17,-64,-28,42,19,-34,43,4,-9,-33,-69,-28
-12,-61,-30,26,-3,-49,32,7,-12,-56,-39,-51
-10,-57,-16,33,16,-38,13,2,-10,-54,-51,-42
-7,-62,-25,18,20,-51,48,26,-42,-40,-24,-40
-10,-44,-24,20,28,-46,25,9,-16,-19,-30,-26
-1,-29,-16,21,9,-25,25,30,-15,-20,-27,-17
3,-45,-15,37,-13,-15,-1,2,-4,-25,-46,-35
8,-30,-39,20,1,-27,32,5,-10,-26,-20,-15
-12,-33,-39,32,16,-29,12,36,-12,-39,-50,-27
-13,-34,-21,31,6,-15,23,9,-13,-21,-20,-22
-9,-22,0,-11,-2,-17,12,6,-11,-19,-26,-15
10,-20,-24,6,-16,-16,0,12,20,-31,-14,-15
-3,-21,-6,6,-7,-7,2,33,-2,-20,13,-1
5,-16,-18,4,0,-25,14,11,-12,-25,-3,-6
-19,-6,5,11,9,-18,12,-1,-3,-7,-8,-35
-10,4,-7,1,-7,0,18,10,-8,-22,1,-4
17,18,-7,4,-1,-1,11,-7,4,17,0,-6
-20,-8,8,-11,-3,6,-9,-8,7,4,-17,14
-6,12,24,3,3,23,-14,-3,8,8,2,19
-4,19,3,-3,0,23,-16,-9,-11,29,21,-6
0,31,14,5,1,31,-3,-14,1,12,19,21
1,26,-5,-27,-30,31,-26,-25,20,48,35,31
25,50,26,-43,-2,23,-12,-44,2,26,38,43
19,33,32,-20,-15,49,-38,-30,26,44,20,41
18,51,39,-25,3,47,-25,-16,0,52,51,22
24,41,25,-35,-14,57,-47,-6,11,54,32,51
18,63,39,-49,25,32,-51,-20,12,26,64,58
16,72,37,-55,-7,46,-29,-24,17,45,55,52
30,71,65,-58,8,73,-50,-37,11,62,73,65
17,92,46,-53,-11,69,-48,-54,24,76,105,47
26,116,74,-74,-15,99,-51,-42,28,82,95,69
41,103,52,-95,-17,67,-51,-37,15,51,114,75
29,120,77,-67,6,101,-68,-28,36,64,102,81
39,129,77,-102,-33,110,-70,-62,25,96,122,111
56,115,89,-86,-32,116,-62,-47,48,103,116,97
28,142,111,-92,-27,95,-76,-55,43,117,144,94
58,149,83,-96,-10,137,-68,-89,50,133,132,109
51,154,112,-107,-6,124,-110,-55,48,107,162,115
41,164,94,-121,-20,137,-81,-70,66,120,157,112
70,191,108,-129,-36,159,-87,-72,67,128,157,136
75,194,101,-111,-41,138,-111,-64,44,149,185,150
77,194,136,-134,-23,180,-106,-65,51,139,182,145
69,207,138,-134,-29,185,-105,-87,51,164,192,136
50,232,125,-141,-31,169,-124,-106,54,186,196,137
86,237,168,-177,1,198,-130,-99,71,177,211,149
75,236,155,-128,-40,189,-153,-76,55,170,217,161
75,266,155,-184,-29,206,-122,-76,86,197,220,166
89,248,181,-188,-56,199,-134,-91,60,207,217,158
101,252,171,-173,-55,219,-141,-104,99,201,248,196
113,288,150,-171,-50,256,-153,-115,88,201,279,187
108,294,183,-201,-39,230,-148,-110,83,213,278,203
105,288,186,-226,-47,244,-160,-112,90,203,249,188
112,295,194,-205,-63,247,-155,-113,86,231,292,226
77,318,180,-216,-49,240,-169,-119,77,244,303,235
117,332,195,-242,-53,286,-160,-128,81,230,284,229
98,304,200,-223,-63,250,-180,-125,95,255,279,226
118,348,241,-212,-40,262,-196,-123,90,242,312,236
114,333,212,-226,-44,285,-184,-149,91,262,309,236
117,340,219,-205,-35,285,-212,-147,92,244,312,218
121,366,233,-236,-65,274,-205,-159,117,264,311,241
143,329,220,-262,-69,296,-215,-131,103,245,308,245
117,343,252,-270,-55,302,-189,-155,129,262,340,236
144,381,250,-246,-64,303,-180,-136,107,268,337,252
114,347,245,-249,-65,294,-198,-149,99,271,346,244
134,366,245,-260,-50,293,-209,-140,112,284,333,240
111,370,235,-248,-46,322,-218,-160,117,281,333,279
135,370,221,-262,-44,329,-202,-131,106,310,343,286
122,372,224,-261,-65,299,-198,-124,115,273,332,261
145,362,248,-249,-58,334,-210,-151,95,292,331,267
154,379,253,-265,-39,312,-228,-168,111,271,341,275
161,370,233,-258,-58,293,-207,-162,103,265,337,253
131,363,256,-284,-87,321,-212,-167,115,271,339,268
165,404,219,-268,-61,308,-189,-163,100,278,332,263
121,373,258,-264,-44,318,-212,-158,93,296,301,248
132,362,225,-239,-84,316,-190,-155,97,296,327,268
116,375,227,-252,-70,321,-185,-145,104,302,326,247
128,366,214,-236,-57,296,-172,-133,104,255,321,261
121,354,219,-262,-41,305,-182,-128,102,267,324,232
132,348,218,-236,-63,286,-172,-156,101,253,323,240
122,346,219,-216,-56,302,-187,-163,76,248,306,240
141,337,230,-219,-49,283,-180,-134,97,271,323,231
111,334,205,-223,-43,271,-171,-126,104,244,306,227
138,307,212,-221,-57,260,-178,-119,102,235,284,213
98,308,189,-215,-46,284,-170,-127,88,227,287,220
111,314,206,-216,-28,258,-175,-139,102,238,278,229
101,306,203,-221,-30,232,-161,-111,92,223,267,210
106,302,177,-193,-52,242,-171,-120,93,219,258,201
95,302,190,-180,-40,233,-162,-115,89,196,248,203
62,285,179,-172,-50,230,-155,-131,92,213,229,208
102,289,162,-175,-27,225,-149,-71,59,182,238,160
87,256,150,-179,-31,196,-146,-93,81,185,234,174
85,252,166,-164,-40,214,-149,-86,64,177,225,189
52,221,131,-159,-32,202,-135,-94,80,185,194,172
84,233,167,-162,-34,202,-118,-96,56,164,200,168
65,198,127,-157,-42,196,-119,-91,89,167,169,163
94,204,125,-141,-36,158,-110,-73,61,152,178,152
60,210,119,-152,-58,185,-108,-78,57,132,176,140
54,178,145,-136,-28,169,-101,-78,53,138,180,142
78,187,121,-115,-35,156,-104,-66,49,155,162,129
40,169,108,-117,-11,119,-74,-61,41,118,150,97
69,158,126,-96,-28,136,-85,-61,48,123,141,95
56,140,111,-101,-15,134,-90,-43,52,117,144,107
71,138,99,-70,-23,120,-69,-55,45,104,133,101
38,125,88,-97,3,113,-57,-49,37,88,120,98
23,139,88,-89,-23,92,-53,-54,39,87,118,72
47,107,81,-87,-26,70,-64,-34,43,96,87,80
39,100,54,-53,-3,98,-54,-28,18,70,80,58
37,108,44,-48,-15,91,-59,-41,39,70,75,85
26,66,67,-52,2,47,-71,-22,10,43,68,59
25,63,70,-51,0,68,-33,-34,11,39,54,47
21,84,46,-50,-17,51,-20,-11,18,56,65,38
1,71,57,-37,-19,55,-34,-22,31,37,55,43
15,51,31,-36,3,55,-28,-13,0,45,49,55
14,53,36,-33,-19,19,-25,-18,24,15,30,46
23,41,14,-9,-10,33,-34,-11,13,30,21,13
-6,27,0,-24,17,16,-16,-10,9,12,2,23
12,11,-2,-23,-16,-6,-25,-23,-2,36,21,20
-11,21,11,-12,1,-14,-4,2,-1,21,21,16
-20,11,1,5,14,7,-12,-13,-6,20,1,13
1,-7,13,-5,0,1,4,0,17,9,19,-12
-23,0,6,14,14,6,-11,-4,-3,-17,8,-9
-20,-17,-1,26,-7,-14,-6,-15,0,-4,29,5
-5,-14,-29,20,-30,-6,1,-9,-7,-20,4,-26
-11,-25,-17,3,17,-28,11,22,0,-7,-21,-12
0,-17,-12,4,-19,-15,29,31,-6,-20,-12,-9
-24,-27,-38,17,3,-40,12,13,-31,-25,-16,5
8,-49,-30,31,9,-32,45,15,-2,-31,-36,-21
9,-25,-29,38,4,-4,-4,18,-14,-39,-15,-34
-23,-31,-16,7,-1,-12,23,11,-15,-39,-26,-34
3,-37,-22,24,15,-21,10,27,-13,-17,-28,-20
-28,-38,-22,11,0,-50,34,20,-27,-32,-37,-36
-13,-45,-37,31,-4,-32,16,38,-23,-24,-50,-38
-34,-64,-30,33,5,-46,22,8,-2,-54,-59,-49
-24,-34,-45,57,1,-30,21,35,-29,-32,-30,-30
-17,-75,-45,46,20,-32,47,9,-17,-19,-38,-26
-11,-48,-25,38,18,-48,20,29,-18,-39,-65,-28
-12,-69,-70,40,-16,-42,20,37,-2,-44,-62,-22
-16,-75,-52,32,18,-50,39,35,-22,-38,-49,-47
4,-43,-37,50,-13,-45,34,12,-29,-43,-44,-53
-41,-68,-50,23,-1,-53,43,12,-18,-52,-73,-39
-13,-72,-37,59,-22,-53,21,29,-15,-65,-37,-36
-48,-54,-42,49,5,-80,46,28,-19,-39,-64,-45
-22,-53,-35,31,8,-58,35,15,-33,-52,-48,-43
-18,-60,-49,55,13,-73,22,40,-12,-54,-57,-65
-10,-80,-62,43,-1,-67,43,31,-22,-70,-78,-38
-23,-51,-43,44,22,-48,50,33,-17,-54,-71,-65
-33,-71,-30,57,24,-65,45,25,-22,-57,-70,-61
-18,-63,-52,52,15,-50,36,36,-37,-72,-36,-53
-26,-73,-38,47,5,-70,66,21,-28,-43,-56,-32
-31,-65,-51,52,-6,-59,32,33,-44,-78,-86,-42
-18,-55,-65,71,3,-71,50,32,-9,-50,-58,-74
-26,-87,-36,45,29,-45,27,43,-13,-69,-66,-57
-30,-90,-46,48,29,-75,57,32,-23,-70,-74,-74
-18,-68,-66,49,13,-51,26,24,-29,-63,-78,-49
-26,-79,-44,63,-5,-54,56,34,-13,-44,-73,-46
-26,-65,-38,45,19,-65,59,28,-36,-57,-69,-71
-13,-74,-46,68,4,-49,20,17,-23,-39,-68,-47
-27,-45,-56,39,14,-59,50,4,-26,-47,-69,-39
-23,-73,-32,39,-3,-49,31,24,-33,-57,-88,-38
-12,-81,-50,39,5,-52,52,42,-43,-66,-54,-72
-32,-50,-48,44,26,-68,35,28,-34,-51,-66,-55
-38,-63,-52,74,15,-66,42,20,-14,-66,-42,-65
-7,-62,-50,43,7,-48,49,19,-10,-41,-82,-28
-19,-58,-53,43,10,-58,28,13,-22,-69,-57,-39
-32,-68,-33,49,11,-36,28,24,-14,-64,-45,-49
-19,-61,-59,33,7,-52,46,40,6,-46,-83,-53
-22,-75,-48,34,19,-80,43,60,-13,-66,-58,-22
-19,-59,-32,48,10,-42,43,35,-8,-58,-80,-47
-30,-73,-53,70,-2,-51,44,10,-28,-38,-66,-63
-12,-65,-38,68,13,-56,28,42,-34,-68,-62,-58
-41,-50,-44,45,34,-38,36,49,-26,-60,-50,-53
-13,-62,-45,66,7,-56,37,25,-27,-43,-70,-28
-12,-41,-49,66,16,-74,43,15,-34,-47,-62,-53
-18,-64,-44,47,4,-56,27,27,-13,-59,-73,-68
-6,-54,-54,46,14,-37,54,8,-26,-40,-66,-51
-44,-81,-35,24,18,-57,29,13,-18,-23,-66,-32
-23,-44,-45,67,7,-23,28,29,-7,-49,-62,-44
-19,-51,-32,48,15,-50,52,13,-7,-32,-66,-70
-36,-84,-34,38,30,-57,25,33,-33,-43,-58,-23
-22,-74,-54,29,9,-36,1,-8,-20,-42,-71,-59
-37,-47,-37,34,4,-44,21,40,-12,-53,-63,-33
-37,-49,-51,10,20,-52,22,36,-30,-50,-51,-53
-35,-71,-22,44,13,-49,25,18,-21,-36,-47,-57
-15,-37,-33,35,9,-38,20,17,-30,-44,-48,-56
-30,-44,-34,51,28,-27,31,15,-12,-55,-64,-45
-37,-56,-31,54,20,-41,53,30,-17,-41,-72,-44
-2,-55,-44,52,5,-62,32,18,-11,-41,-29,-31
-21,-59,-33,28,23,-28,38,4,-20,-47,-57,-24
-3,-58,-39,17,-5,-38,18,10,-16,-47,-33,-27
-3,-58,-39,56,13,-45,14,-5,-8,-39,-49,-16
-15,-43,-52,37,9,-52,30,32,7,-34,-47,-21
-13,-53,-20,25,-7,-21,14,17,-18,-58,-32,-32
0,-57,-25,30,9,-31,8,25,-32,-23,-35,-34
-25,-50,-44,35,11,-23,30,20,-2,-33,-42,-26
-5,-48,-33,29,12,-59,45,15,-5,-31,-34,-24
-11,-40,-46,33,13,-44,55,8,-17,-34,-45,-54
-30,-57,-13,13,14,-16,22,21,-27,-37,-28,-34
-33,-20,-28,18,5,-32,27,14,-16,-13,-47,-39
-1,-30,-9,33,8,-29,8,15,-12,-23,-68,-41
4,-44,-33,17,14,-28,22,21,-1,-38,-48,-66
-8,-40,-58,19,4,-46,31,16,2,-24,-51,-31
-26,-41,-41,25,-11,-27,44,14,-13,-21,-48,-22
-3,-52,-35,30,10,-23,23,10,-3,-18,-30,-23
22,-36,-5,16,18,-16,32,12,-17,-10,-35,-21
-20,-35,-13,17,-6,-34,18,11,-4,-6,-12,-20
-12,-24,-26,31,30,-29,14,7,-8,-22,-3,-28
-5,-11,-11,2,11,-22,35,-1,-12,-34,-15,-2
-11,-20,-2,25,17,-7,-4,18,-6,-40,-9,-16
16,-17,10,10,6,-3,5,18,-1,-15,6,-18
-16,-23,-10,-3,-12,-30,-7,7,-1,-17,-1,-14
16,1,-6,-5,-16,-10,20,13,-20,12,-16,-2
10,4,5,-13,-9,-5,20,-10,-10,1,9,-19
-5,-6,-2,8,-19,3,7,11,-20,-14,0,-8
-19,8,24,13,3,-8,0,7,14,21,18,10
20,5,0,-25,-25,22,-21,-4,32,28,3,22
-7,1,6,-15,1,-2,-19,-13,0,17,12,8
11,15,24,-6,2,9,-32,-6,16,16,27,27
23,43,31,-34,6,22,1,-15,26,40,2,23
22,54,27,-21,-10,25,-12,-2,-1,38,5,35
27,65,55,-35,14,39,-13,-17,17,45,57,38
34,66,46,-37,13,71,-25,-51,7,31,63,39
49,59,63,-48,-6,55,-28,-32,10,49,68,45
47,86,57,-59,-39,69,-41,-40,8,31,72,52
19,85,56,-61,-42,61,-32,-41,30,75,84,49
25,97,55,-55,-27,80,-33,-25,40,71,61,57
52,100,57,-59,-36,72,-53,-48,11,93,100,81
26,125,89,-82,-21,99,-54,-46,39,86,85,81
41,140,70,-89,-20,140,-73,-38,30,107,110,100
46,138,78,-96,-18,121,-46,-45,59,89,111,85
62,137,91,-94,-7,115,-90,-82,51,112,128,104
51,164,109,-112,-14,144,-81,-60,23,94,130,124
58,180,113,-128,-26,135,-107,-64,55,114,160,133
71,196,110,-139,-26,132,-118,-61,57,136,154,129
61,186,115,-129,-40,161,-95,-77,83,109,174,139
87,211,112,-116,-31,179,-101,-72,56,144,173,130
75,217,107,-152,-40,172,-118,-87,71,149,200,124
70,223,128,-146,-39,157,-122,-86,83,174,188,156
78,239,148,-177,-32,187,-126,-74,80,127,197,171
76,232,173,-164,-33,197,-144,-89,83,169,197,155
63,241,171,-168,-27,195,-132,-91,70,147,226,150
69,221,173,-175,-30,183,-124,-107,52,187,227,180
99,241,169,-177,-38,210,-132,-85,80,177,225,174
69,250,171,-161,-32,191,-107,-78,95,189,225,171
66,246,179,-169,-44,213,-148,-107,74,187,223,164
99,250,152,-179,-42,182,-145,-109,74,186,239,174
79,235,169,-168,-45,204,-134,-101,78,216,210,191
96,250,171,-189,-55,198,-147,-115,62,198,227,189
90,267,150,-173,-38,209,-132,-116,76,187,216,169
91,261,171,-168,-32,216,-133,-84,63,180,193,168
65,243,155,-175,-46,199,-130,-98,74,205,198,179
92,237,171,-170,-57,195,-110,-80,71,182,193,164
67,233,160,-172,-43,178,-129,-97,67,154,206,134
88,243,158,-174,-48,178,-113,-84,61,159,202,141
57,230,147,-142,-29,182,-111,-89,55,176,183,170
78,209,143,-147,-19,158,-118,-91,74,167,179,134
95,208,140,-134,-29,158,-118,-81,83,154,181,144
42,200,126,-139,-23,175,-111,-52,70,162,183,123
61,160,100,-124,-47,161,-88,-60,37,140,178,106
55,181,119,-121,-35,149,-102,-83,56,120,154,115
59,179,90,-104,4,130,-104,-42,63,128,127,117
88,142,103,-79,-13,139,-89,-60,63,119,127,97
46,153,78,-136,-14,138,-75,-48,27,109,145,117
70,125,93,-72,5,135,-97,-54,55,102,105,81
59,120,85,-87,0,149,-69,-58,53,103,102,93
44,117,67,-66,-21,115,-54,-57,48,82,122,93
52,119,78,-100,-9,84,-38,-29,35,63,100,67
58,89,77,-59,-9,83,-38,-45,24,73,102,79
11,91,40,-76,-12,73,-44,-36,22,82,83,71
8,91,54,-40,-30,77,-55,-41,22,67,65,71
35,70,63,-50,-7,54,-42,-40,22,50,65,43
17,62,45,-23,-14,57,-25,-41,25,61,60,67
32,52,34,-48,-6,46,-21,-21,23,38,59,61
18,39,34,-18,10,33,-15,-36,-11,36,36,25
14,32,15,-23,-18,22,-45,-12,20,3,48,48
11,56,21,-23,1,15,-10,-1,16,30,26,-2
3,35,40,-8,-29,18,-12,-19,16,2,8,7
24,12,15,-3,11,14,-4,-2,2,10,25,25
4,21,4,-6,9,24,-12,12,1,39,12,31
1,-4,27,-30,-9,-5,-21,-13,-10,-20,11,13
-3,0,-28,6,-7,-5,-16,-4,-1,1,3,-15
13,-12,14,-1,-7,-14,-3,11,2,2,-10,-2
-1,-16,13,1,-12,-3,-5,-2,-25,8,3,13
-6,-5,-11,-7,-16,-17,-10,-5,0,-8,3,-14
19,10,-15,22,-3,-26,24,-7,-3,-23,-1,-11
8,-15,-7,15,-23,-13,14,1,6,7,-22,-10
-8,-31,-8,-18,32,-19,11,11,0,-7,-8,-11
-9,-5,-25,12,10,-26,-13,-1,9,-3,-31,-10
-7,-18,-33,19,13,-43,19,-26,-13,-15,-11,-8
-14,-33,-30,37,1,-8,14,6,18,-7,-25,-31
-40,-27,-15,28,10,-14,18,-3,-22,-49,-13,-40
-17,-37,-29,31,-14,-48,14,7,-9,-47,-48,-26
-12,-74,-34,32,18,-41,55,37,-25,-46,-42,-38
-22,-52,-42,43,-9,-54,23,37,-3,-55,-58,-31
-43,-60,-42,67,-9,-59,24,33,-14,-42,-69,-57
-28,-96,-34,49,20,-68,56,18,-31,-69,-99,-73
-41,-94,-63,73,19,-75,45,27,-30,-94,-75,-67
-22,-118,-91,97,41,-102,66,52,-56,-90,-100,-100
-50,-141,-91,85,17,-108,81,56,-42,-95,-124,-90
-58,-173,-94,103,40,-134,87,54,-38,-116,-137,-115
-61,-156,-122,107,22,-147,101,69,-56,-126,-149,-104
-79,-187,-102,113,38,-160,97,64,-52,-141,-159,-124
-84,-177,-113,137,1,-161,81,66,-44,-151,-174,-125
-70,-192,-121,129,46,-160,105,86,-60,-151,-172,-141
-67,-201,-75,124,27,-150,103,94,-48,-138,-166,-120
-71,-173,-123,148,25,-129,90,88,-30,-122,-159,-122
-58,-136,-85,111,19,-121,108,67,-36,-111,-165,-91
-39,-129,-60,79,-2,-95,38,58,-59,-105,-100,-100
-11,-97,-52,60,26,-86,51,41,-37,-49,-79,-41
-11,-45,-38,24,15,-33,42,21,-9,-41,-41,-39
14,28,7,-12,-6,12,-6,6,-7,-3,22,25
15,94,76,-41,-26,73,-39,-38,14,82,85,51
50,185,109,-118,-11,156,-89,-67,33,108,173,125
113,282,162,-206,-15,214,-154,-118,85,220,254,187
147,383,244,-260,-38,323,-181,-160,97,281,363,280
174,498,315,-325,-91,422,-253,-203,130,379,458,344
224,608,388,-408,-77,496,-304,-234,170,444,519,402
242,713,463,-475,-115,573,-379,-290,226,539,636,483
271,819,529,-573,-118,683,-440,-305,231,595,721,578
312,901,594,-600,-140,754,-494,-375,278,668,829,641
335,1005,634,-657,-169,828,-532,-407,307,738,897,691
364,1049,671,-722,-147,884,-575,-438,314,795,932,740
371,1074,715,-744,-179,900,-608,-449,316,827,1002,761
369,1119,697,-742,-170,924,-607,-426,317,841,981,760
391,1081,702,-726,-177,910,-581,-439,313,818,979,754
381,1044,662,-708,-155,869,-549,-405,301,784,936,735
345,984,630,-681,-130,802,-539,-394,293,705,872,705
316,866,579,-602,-118,734,-499,-337,262,680,807,606
274,789,506,-543,-115,681,-443,-309,237,565,695,564
255,701,439,-482,-97,571,-378,-255,199,530,616,486
196,582,377,-372,-96,449,-325,-230,148,434,512,388
153,451,300,-297,-49,379,-271,-195,119,336,389,309
101,337,225,-235,-67,257,-176,-125,113,283,296,238
83,219,142,-151,-26,193,-129,-88,56,152,180,177
22,103,65,-76,-15,99,-40,-41,35,90,117,84
13,38,14,-4,-15,12,-25,-21,2,10,9,11
-16,-55,-41,53,2,-46,36,35,-18,-55,-56,-55
-58,-127,-86,90,3,-96,86,61,-15,-93,-105,-103
-85,-183,-115,128,35,-152,105,92,-79,-149,-170,-130
-89,-232,-137,151,37,-189,121,118,-80,-185,-212,-171
-75,-269,-167,164,39,-211,149,122,-65,-201,-219,-192
-80,-278,-165,183,59,-232,148,123,-96,-211,-245,-196
-111,-270,-186,198,28,-226,137,125,-92,-211,-246,-190
-126,-287,-167,187,30,-235,153,110,-92,-201,-239,-218
-89,-268,-155,179,32,-227,127,99,-82,-177,-233,-188
-96,-251,-155,163,37,-214,155,84,-89,-186,-212,-171
-82,-240,-156,159,25,-201,128,78,-61,-161,-220,-168
-59,-200,-139,139,17,-168,130,77,-70,-135,-168,-150
-60,-177,-126,127,38,-133,92,69,-40,-124,-128,-120
-56,-147,-88,90,19,-142,90,69,-21,-111,-129,-119
-37,-125,-93,99,13,-120,60,29,-44,-109,-105,-80
-22,-92,-56,56,10,-76,61,36,-30,-67,-91,-91
-44,-99,-69,59,12,-78,34,11,-24,-66,-71,-51
-52,-53,-51,47,8,-86,64,31,-13,-49,-69,-15
-13,-51,-48,44,11,-42,28,39,-17,-46,-64,-50
-15,-27,-36,27,20,-25,36,27,0,-29,-21,-16
-12,-10,12,32,17,-22,14,-4,-15,-18,-16,-19
-12,-13,3,13,9,-21,4,21,-18,-25,-22,6
-9,-7,-11,44,-17,-8,17,4,10,-19,-32,-1
21,12,-2,-14,13,-12,19,1,8,6,-10,15
-8,-3,-3,13,-4,-21,2,-16,10,5,8,5
-1,-4,5,-11,-6,-1,-7,-2,10,-2,13,20
8,-8,0,5,-11,8,2,17,22,11,3,18
14,-6,-9,-20,7,13,-9,-8,-12,3,-3,11
15,28,16,-8,-2,6,-10,-5,-7,15,13,11
-20,8,19,-22,-10,11,-4,-7,-8,5,35,-2
18,31,7,-9,7,27,-1,4,0,11,15,10
16,0,9,2,-20,22,-28,-6,-2,3,11,12
-1,12,2,-1,-25,18,-10,-16,15,6,10,3
5,28,11,-1,2,20,8,2,9,22,25,12
27,51,17,-36,-3,44,-15,-12,17,40,33,23
-8,54,5,-26,-2,27,-21,11,15,19,32,7
29,45,20,-35,13,21,-30,-4,21,8,38,50
5,33,30,-29,-20,27,-22,-18,16,43,17,40
2,58,28,-17,-11,25,-17,-17,11,34,37,1
43,40,21,-40,-6,52,-47,-23,4,38,63,48
5,60,32,-18,5,20,-32,-8,12,37,48,34
12,60,21,-40,-2,54,-33,-13,24,33,59,37
9,51,24,-45,13,14,-44,-24,30,40,39,75
6,46,42,-54,-21,49,-33,-28,24,54,55,49
25,55,37,-50,0,48,-46,-46,8,47,81,59
21,79,49,-51,20,64,-52,-42,30,70,67,59
40,99,72,-70,-1,66,-19,-25,15,72,94,46
30,88,67,-41,-32,65,-47,-23,15,91,69,66
56,100,66,-62,-5,89,-47,-30,19,72,92,50
32,78,62,-66,-6,93,-67,-32,31,76,78,54
19,110,76,-74,-15,83,-54,-58,51,98,89,58
24,133,92,-79,-32,79,-54,-46,46,94,102,89
38,113,71,-86,5,108,-77,-53,24,87,108,79
43,132,80,-80,-26,129,-81,-26,25,103,128,98
55,139,79,-92,-22,120,-87,-59,46,110,125,79
50,148,99,-100,-29,138,-73,-70,41,97,133,118
46,152,96,-105,-40,134,-97,-55,44,117,125,103
58,160,101,-95,-21,150,-83,-74,55,113,143,102
54,172,97,-148,-40,144,-85,-68,64,126,133,117
75,179,109,-122,-8,150,-96,-74,53,127,189,131
62,193,117,-133,-8,155,-105,-98,58,139,168,134
66,208,136,-130,-22,177,-92,-65,47,158,194,135
70,214,133,-128,-35,173,-119,-93,72,153,189,148
64,234,144,-139,-28,174,-123,-82,74,152,200,134
91,227,156,-152,-46,188,-123,-66,50,180,201,168
83,256,164,-154,-40,205,-122,-96,74,173,226,164
80,254,164,-170,-26,200,-128,-80,75,191,220,177
99,263,157,-160,-37,226,-143,-89,68,203,225,187
86,275,154,-200,-19,221,-134,-102,114,207,222,178
94,282,188,-174,-31,225,-160,-101,75,227,234,214
110,274,200,-194,-44,260,-152,-82,83,213,273,207
94,291,186,-185,-29,240,-158,-117,90,218,240,208
112,311,208,-214,-61,257,-161,-127,91,230,255,221
107,339,212,-213,-52,252,-169,-131,111,227,289,207
119,327,208,-201,-36,260,-168,-133,81,224,309,231
119,345,219,-228,-71,290,-201,-129,92,243,302,239
115,335,214,-248,-47,294,-191,-147,100,269,320,254
114,347,224,-252,-49,307,-198,-134,87,260,323,267
111,357,248,-254,-77,273,-195,-150,108,284,332,256
133,357,245,-266,-47,305,-200,-132,120,292,332,280
148,382,242,-255,-41,297,-203,-157,96,262,343,281
138,390,247,-259,-57,335,-223,-145,130,289,359,260
141,380,253,-264,-58,325,-203,-175,139,317,353,288
145,387,249,-269,-74,317,-216,-151,122,301,360,288
133,402,267,-291,-60,344,-225,-162,101,304,373,283
155,423,249,-306,-50,335,-207,-152,124,285,373,287
149,410,242,-274,-63,355,-216,-163,130,321,381,311
152,399,276,-284,-77,340,-221,-177,151,312,389,323
153,437,298,-296,-50,368,-242,-169,104,344,387,293
158,423,276,-297,-70,366,-236,-164,123,327,390,310
166,437,305,-286,-53,344,-243,-160,131,330,391,305
149,430,281,-301,-73,367,-246,-179,126,328,411,290
145,453,286,-299,-58,371,-241,-154,123,341,403,322
139,436,280,-311,-51,371,-239,-157,135,339,419,292
151,486,279,-317,-61,355,-240,-185,129,327,408,302
148,435,292,-300,-48,408,-237,-191,143,338,378,322
161,474,286,-299,-66,363,-234,-166,147,317,402,314
147,459,288,-288,-44,369,-265,-154,135,328,395,308
153,440,274,-319,-66,378,-241,-179,144,341,399,317
150,451,288,-319,-64,376,-242,-170,131,336,390,303
155,444,260,-294,-67,350,-258,-173,121,329,406,310
153,424,294,-317,-76,375,-226,-174,138,333,396,316
150,425,303,-282,-55,373,-238,-166,117,323,384,307
171,447,274,-270,-67,342,-205,-165,117,329,402,298
158,433,271,-276,-74,359,-248,-165,131,318,377,293
154,420,270,-288,-71,346,-223,-155,136,317,364,281
168,414,268,-267,-75,317,-221,-150,108,328,377,283
137,433,265,-257,-64,354,-234,-156,127,327,369,264
124,395,256,-268,-69,343,-221,-159,121,280,341,278
129,404,254,-259,-39,328,-225,-154,84,299,350,261
135,380,253,-268,-59,318,-225,-138,95,300,330,266
112,365,237,-265,-47,313,-219,-148,110,281,350,263
119,357,245,-248,-43,311,-185,-151,101,293,314,265
148,374,233,-240,-67,286,-208,-139,111,281,336,257
154,376,234,-251,-63,297,-201,-143,111,267,339,242
123,353,209,-219,-49,288,-199,-130,98,278,300,251
108,360,224,-217,-55,277,-169,-130,103,244,293,234
117,333,210,-209,-71,288,-182,-127,107,247,304,214
123,339,207,-196,-53,283,-187,-147,89,255,266,234
116,324,219,-215,-48,267,-187,-127,90,230,297,215
104,272,190,-178,-38,243,-147,-128,87,202,272,235
101,286,200,-195,-52,245,-165,-97,84,205,245,215
115,262,154,-188,-35,244,-160,-109,88,205,238,195
115,271,183,-164,-42,207,-171,-104,76,204,233,178
98,276,170,-174,-48,205,-142,-102,89,200,225,163
86,256,165,-166,-37,196,-141,-90,60,178,242,176
85,225,161,-155,-36,199,-137,-104,93,173,203,160
76,240,160,-170,-14,208,-134,-99,62,198,198,170
68,214,148,-158,-65,184,-97,-114,67,162,192,178
85,231,122,-148,-34,179,-111,-84,74,185,196,134
69,189,124,-125,-56,184,-124,-99,59,140,185,118
89,193,132,-110,-27,163,-111,-87,65,155,178,137
63,184,130,-116,-18,149,-91,-55,52,149,172,128
61,157,105,-115,-31,148,-121,-60,50,130,148,124
57,151,117,-126,-25,135,-82,-71,54,109,159,104
41,155,106,-131,-27,132,-77,-84,72,114,130,111
58,160,89,-120,-27,141,-101,-79,46,118,135,94
44,122,110,-97,4,128,-78,-64,38,115,124,105
48,123,89,-101,-14,119,-71,-45,34,84,114,88
73,134,89,-61,-37,118,-101,-63,41,89,119,100
37,107,62,-80,11,106,-65,-36,36,100,99,76
37,122,47,-87,-12,86,-57,-51,13,103,100,78
43,102,75,-88,-3,83,-83,-32,27,75,96,49
42,83,79,-90,-27,77,-74,-53,27,64,82,87
28,104,64,-77,1,77,-74,-36,20,45,66,73
20,118,65,-69,-8,76,-63,-31,30,82,88,48
17,96,31,-43,-10,74,-47,-28,33,52,64,68
19,85,57,-65,-6,67,-47,-12,10,49,70,62
40,92,55,-19,5,62,-45,-30,42,39,63,37
27,62,42,-27,-15,47,-35,-27,16,41,71,66
22,54,33,-41,0,47,-38,-25,35,72,74,33
26,25,25,-41,-5,52,-22,-26,-2,35,65,38
18,66,34,-54,-3,34,-14,-31,17,49,51,20
8,54,55,-59,-4,53,-20,-23,38,26,65,42
18,41,44,-47,16,30,-16,-4,27,38,48,45
8,37,28,-37,-20,9,-14,-16,27,40,46,29
2,40,41,-17,-19,42,-25,9,39,42,39,11
23,42,12,-27,-10,34,-9,-17,4,39,31,37
37,34,38,-29,9,31,-9,1,11,5,36,18
1,19,17,-20,13,14,-27,-11,20,38,21,35
18,30,36,-30,15,28,-13,-22,-5,13,37,37
13,35,28,-39,15,27,-6,-15,-2,29,37,54
-1,24,9,-10,4,18,-37,-24,-1,5,18,31
-13,18,42,-18,-14,12,-14,-12,13,11,20,7
-4,28,3,-30,-14,22,-7,-10,2,8,8,8
26,18,25,-8,3,8,-14,-17,-7,14,2,4
-3,33,5,-22,3,14,0,15,21,-24,14,13
-7,17,-13,-8,15,14,-21,-10,-1,23,6,18
16,14,-2,-22,4,-13,-12,7,3,22,30,16
-17,29,19,-33,0,0,-24,-2,15,0,11,-1
14,24,16,-15,-18,-2,-16,-9,-16,28,-7,9
10,12,13,-6,1,7,-7,9,0,11,17,29
26,10,3,13,9,11,-4,-11,-3,15,21,0
11,5,5,-17,-13,23,-3,-19,12,16,22,37
3,11,1,9,-16,4,-39,11,14,10,-1,11
4,6,-13,18,14,3,-4,-3,4,20,-1,16
19,-3,-14,-27,-13,20,-19,-9,0,-5,10,3
5,22,-2,-12,-8,23,-11,3,-10,-14,0,11
4,24,20,-6,11,2,-15,-10,11,-1,33,11
-2,13,3,10,2,8,0,-4,10,22,8,-3
8,9,7,-17,-12,-6,-11,20,-13,7,9,10
-2,35,-14,-21,4,-2,-3,-7,5,-3,0,-14
1,38,5,-15,-16,-2,-7,-29,7,2,12,-9
18,26,5,1,-7,3,-14,8,15,19,16,18
3,13,4,-1,0,21,-23,2,-28,8,19,-1
23,-6,12,-20,10,-10,-17,0,-21,14,15,24
1,14,6,-13,0,9,5,-11,2,7,9,13
14,3,-8,-10,6,5,-8,1,6,-3,3,10
-31,1,13,-10,-19,26,-6,-18,2,17,3,2
-21,16,12,-27,-4,24,2,-20,6,1,8,28
25,-7,1,-25,7,4,-32,-13,12,17,10,7
-3,8,5,7,-3,27,-25,16,-6,14,5,16
7,30,22,16,-8,2,-33,-20,-8,1,3,16
-14,6,-11,18,1,-4,1,-1,-19,17,-16,4
-2,2,-2,-1,11,20,24,-30,9,-6,-2,-3
2,-12,30,8,-5,14,5,-5,-9,4,13,-2
11,3,18,-16,-6,4,-6,-23,19,2,7,18
8,18,11,9,15,19,-17,1,13,4,0,15
-3,16,14,-12,13,-2,-17,18,31,12,0,4
31,-8,7,-26,-19,2,14,-4,14,-1,18,18
16,19,-12,-10,9,4,-9,-11,-12,3,34,-24
-2,27,6,-2,2,5,-6,-19,-1,28,24,-7
8,-6,16,4,0,23,3,-11,6,18,19,41
28,20,22,-14,2,28,-9,3,17,11,-1,5
-14,16,11,0,-2,4,-6,-3,38,3,12,17
3,-5,17,-17,4,-6,4,-19,-11,11,11,4
0,-4,-5,-2,12,22,3,3,17,16,25,-7
9,27,15,-9,27,2,-9,-10,-25,2,0,-16
12,1,1,-13,-19,18,6,9,17,1,10,-3
10,27,16,-13,1,17,-8,4,14,19,6,16
4,4,-2,0,5,23,-13,6,-13,15,-4,23
10,13,9,-18,16,14,-4,-18,15,0,29,4
7,8,9,-10,24,12,-12,-1,-10,-21,10,-5
-18,18,6,-21,-6,8,2,0,14,23,27,16
19,6,-6,-12,-9,7,-25,-38,8,1,-11,27
1,5,17,-10,22,20,2,-20,1,7,6,19
16,10,4,-19,13,3,-23,10,2,-2,-7,21
-3,31,0,-4,-15,29,-1,-2,-7,7,46,-6
20,8,12,-8,-3,-3,3,-14,10,18,14,24
-3,0,0,-20,-29,32,-22,-14,5,17,6,24
-9,16,11,-11,-8,5,-20,-4,2,47,14,40
6,14,19,-12,16,15,-16,-8,17,12,13,-2
18,19,18,-14,-3,15,-3,2,5,6,14,8
12,22,8,-26,-5,25,-5,-5,5,8,11,1
17,31,28,-5,-18,38,-16,2,-12,17,28,11
-1,5,-7,-6,9,47,-25,9,0,11,20,26
-15,42,18,-16,-15,32,-34,-22,-1,21,20,15
-5,23,10,-9,-12,11,-4,-24,-1,19,10,26
7,23,6,-45,-5,16,-37,-8,-9,40,29,13
-4,50,30,-22,-9,23,-23,-21,0,9,0,48
11,58,36,-24,3,27,-44,14,21,17,35,10
13,47,5,-19,-2,47,-38,-30,9,38,57,19
15,50,24,-32,-9,38,-18,-20,7,17,51,23
10,52,44,-5,-13,33,-10,-24,1,22,49,19
36,84,26,-40,-15,30,-26,-13,14,35,30,43
10,47,24,-23,-4,31,-33,-21,1,28,46,38
29,26,41,-47,-16,55,-20,-13,25,49,39,31
10,71,11,-31,4,57,-38,-21,23,56,48,48
25,61,48,-75,-12,58,-48,-12,21,72,46,56
34,87,65,-61,-11,54,-74,-27,25,50,69,58
45,74,65,-42,5,68,-23,-1,47,54,58,44
29,86,53,-54,7,71,-32,-41,-2,68,55,56
31,77,43,-58,21,92,-48,-64,25,84,85,96
43,108,45,-66,-7,44,-63,-32,13,72,82,60
34,121,76,-73,0,116,-66,-51,14,87,100,88
45,111,60,-84,-20,113,-64,-33,41,69,99,85
24,123,68,-109,-15,104,-49,-71,33,84,123,75
73,129,90,-95,-14,104,-75,-47,29,107,104,84
51,138,75,-93,-15,116,-70,-65,53,128,147,101
52,152,111,-112,-15,108,-73,-74,53,106,126,108
67,158,117,-124,-40,131,-98,-56,40,112,161,112
69,186,131,-118,-44,173,-85,-76,36,137,155,102
63,177,111,-125,-25,152,-90,-79,59,135,175,144
57,197,128,-142,-41,171,-110,-101,52,126,166,127
73,213,98,-140,-12,166,-120,-73,62,158,163,153
66,223,148,-140,-32,185,-143,-75,63,141,204,141
84,241,139,-172,-26,185,-138,-96,61,153,208,154
84,244,163,-157,-19,214,-150,-91,78,173,226,137
90,242,163,-186,-30,200,-141,-80,53,165,217,147
93,254,168,-157,-29,191,-147,-78,66,189,230,185
97,257,149,-183,-29,193,-143,-107,74,179,251,183
93,283,195,-189,-39,220,-157,-106,77,209,237,199
63,260,189,-206,-50,216,-148,-97,88,192,245,181
107,281,184,-201,-50,238,-152,-123,85,204,242,221
113,296,189,-208,-33,232,-166,-112,90,206,254,209
118,295,204,-201,-39,254,-170,-113,88,220,259,228
79,293,199,-209,-53,246,-175,-113,92,242,246,215
96,294,211,-221,-56,260,-184,-102,94,241,278,217
122,323,198,-210,-34,255,-168,-108,107,226,281,210
103,330,208,-208,-37,263,-167,-119,103,259,273,203
111,322,202,-216,-54,270,-189,-119,84,230,267,232
92,311,183,-216,-62,255,-169,-110,97,231,279,255
103,314,197,-211,-48,270,-189,-124,100,228,304,197
101,307,216,-219,-36,278,-168,-129,118,236,279,220
114,309,175,-204,-34,249,-155,-121,92,222,276,211
109,304,214,-193,-50,240,-160,-123,90,215,284,202
99,305,195,-166,-28,225,-166,-114,89,229,248,215
112,301,209,-198,-38,246,-168,-129,97,226,273,197
82,295,159,-206,-52,254,-139,-122,84,214,270,222
95,291,186,-181,-57,214,-145,-119,85,215,246,191
114,272,193,-205,-34,237,-138,-123,90,195,242,189
92,290,168,-179,-26,201,-155,-110,77,203,242,187
64,255,151,-188,-31,218,-139,-98,84,199,215,170
104,242,154,-165,-46,202,-138,-104,59,177,226,183
105,248,161,-175,-47,179,-114,-86,94,194,203,181
89,216,147,-152,-30,188,-101,-88,59,174,203,157
74,216,155,-148,2,197,-125,-63,75,173,189,152
52,201,153,-138,-5,170,-97,-98,60,148,193,151
87,220,141,-120,-26,161,-100,-91,70,160,180,157
82,200,134,-144,-24,150,-112,-81,63,126,171,142
59,190,117,-137,-22,175,-99,-67,59,122,178,134
49,160,98,-114,0,134,-90,-76,50,137,176,100
67,171,121,-102,-35,131,-87,-60,54,122,161,111
49,148,86,-102,-12,115,-95,-62,42,128,144,95
44,167,93,-119,-34,109,-97,-77,26,112,128,89
61,130,105,-90,0,103,-77,-79,52,107,120,96
57,117,72,-61,-19,102,-74,-39,37,90,124,85
57,115,88,-66,-15,99,-77,-35,19,91,97,87
30,135,71,-87,-28,91,-49,-44,17,74,88,77
26,114,82,-85,-34,73,-58,-43,40,85,109,76
36,102,70,-77,-15,83,-61,-27,49,60,95,55
24,83,23,-55,-21,93,-42,-61,32,56,66,85
46,94,64,-43,-8,70,-37,-29,20,61,51,50
33,83,50,-64,-24,59,-50,-39,27,69,87,70
9,68,55,-55,-19,49,-53,-20,3,49,74,42
19,89,16,-32,-12,46,-36,-33,15,57,74,76
15,54,36,-38,-13,40,-43,-25,13,50,56,33
20,59,39,-44,-22,57,-23,-26,16,49,56,43
1,61,40,-46,-10,39,-47,-21,22,59,58,47
15,79,45,-31,-6,61,-18,-4,2,52,45,51
8,61,16,-29,-9,49,-20,-9,8,28,29,23
17,44,22,-7,-3,50,-32,-18,15,51,29,30
12,48,28,-17,-9,13,-36,-24,40,30,23,25
10,33,17,-21,8,14,-18,-25,12,47,31,27
11,49,52,-29,-13,15,-18,-13,15,43,22,37
-8,31,12,-24,-5,26,-13,-28,9,19,-3,12
10,8,7,-15,-10,3,0,8,13,2,16,-2
-12,-9,3,-10,-12,16,4,20,-2,-5,-4,-2
-11,-1,-12,-7,9,2,7,-18,-5,-15,-4,-2
0,-10,-39,13,13,-9,22,-2,5,-2,-28,-13
2,-53,-26,17,-13,-6,15,27,-17,-40,-41,-9
-16,-41,-49,42,9,-35,17,23,-23,-56,-36,-24
-25,-61,-62,25,4,-52,38,17,-18,-65,-56,-65
-28,-71,-44,65,28,-80,19,29,-37,-64,-94,-48
-42,-96,-46,84,1,-83,41,21,-46,-67,-84,-61
-42,-116,-86,79,20,-92,62,32,-25,-68,-78,-78
-44,-121,-72,87,22,-103,59,69,-43,-92,-123,-85
-33,-153,-88,86,22,-84,71,52,-31,-82,-108,-63
-59,-114,-61,92,14,-90,70,51,-57,-77,-87,-108
-39,-106,-73,73,24,-99,62,52,-24,-70,-112,-56
-23,-87,-67,77,10,-86,49,33,-56,-62,-98,-80
-48,-58,-37,78,24,-66,23,40,-47,-56,-62,-65
-7,-23,-4,7,-8,-43,15,-13,-15,-56,-8,-15
29,34,12,2,-2,10,-1,-40,7,20,20,0
15,56,48,-56,-12,87,-22,-12,31,67,66,44
51,141,107,-62,-31,109,-103,-59,22,122,132,110
92,223,149,-144,-29,196,-125,-102,85,194,202,159
103,325,224,-220,-67,291,-184,-146,108,247,291,247
168,418,287,-288,-63,343,-236,-186,114,313,391,307
172,532,368,-372,-67,447,-283,-216,160,427,478,370
244,654,421,-451,-105,544,-370,-273,186,502,568,471
251,775,505,-506,-111,643,-431,-305,210,571,725,540
298,890,565,-600,-118,745,-474,-347,265,651,787,611
336,963,618,-680,-166,799,-531,-376,301,721,886,694
362,1057,682,-702,-159,888,-586,-410,288,788,938,738
372,1108,728,-759,-181,911,-599,-442,343,822,1005,789
400,1127,746,-783,-187,938,-633,-463,326,848,1027,803
416,1153,738,-773,-162,963,-617,-469,349,882,1030,795
395,1125,737,-765,-175,952,-610,-471,354,829,1000,799
366,1096,731,-748,-158,932,-602,-445,314,818,977,766
354,1026,659,-707,-162,842,-587,-401,316,754,951,735
321,948,609,-665,-162,801,-534,-384,273,696,851,656
291,866,529,-599,-130,738,-443,-338,274,626,761,597
244,732,473,-494,-117,596,-414,-289,218,544,642,503
205,593,386,-399,-86,499,-320,-240,176,430,536,419
180,464,299,-337,-62,399,-247,-203,142,345,442,340
153,368,223,-254,-65,289,-195,-126,85,259,315,257
76,228,174,-174,-35,196,-132,-83,58,167,225,164
39,147,74,-85,-29,124,-69,-50,39,88,128,88
40,49,18,-36,-9,30,-20,-23,18,38,54,34
-25,-30,-20,8,13,-30,20,5,-16,-25,-26,-12
-21,-105,-65,52,16,-70,69,38,-37,-57,-74,-68
-61,-130,-99,104,7,-130,64,63,-47,-105,-123,-93
-63,-186,-115,116,3,-148,81,85,-42,-134,-180,-121
-47,-188,-149,133,27,-154,128,81,-58,-126,-177,-149
-83,-204,-133,150,4,-184,117,71,-57,-163,-206,-130
-75,-196,-125,132,32,-178,119,110,-77,-168,-191,-130
-92,-220,-137,144,25,-176,128,91,-60,-151,-189,-145
-99,-205,-134,137,33,-181,122,85,-68,-152,-187,-143
-54,-185,-106,121,35,-146,85,70,-40,-145,-156,-117
-44,-134,-98,130,7,-136,75,60,-50,-119,-143,-107
-55,-128,-78,79,26,-99,83,63,-41,-95,-119,-71
-49,-93,-79,87,35,-77,46,37,-38,-60,-78,-87
-30,-62,-41,64,9,-57,31,35,-19,-55,-72,-54
-25,-47,-42,38,-4,-47,26,33,-8,-42,-60,-35
-9,-42,-28,15,10,-20,4,21,5,-13,9,-32
5,-47,1,8,-5,-16,11,-12,0,8,-10,-20
-11,7,2,1,12,2,-13,-6,21,16,16,22
17,0,20,7,-12,3,3,2,-4,12,11,9
12,36,24,-17,8,36,-28,-25,-12,24,39,18
4,23,18,-29,7,11,-13,-10,-16,19,27,17
27,40,37,-25,-14,49,-2,-17,27,19,32,29
27,62,20,-44,-4,79,-41,-23,8,40,45,19
6,50,53,-37,-15,36,-26,5,20,57,37,30
24,47,31,-51,9,56,-38,-7,-2,36,38,33
19,61,50,-24,-6,67,-10,-8,23,31,58,44
18,77,33,-36,-27,71,-18,-19,19,44,73,49
5,96,66,-60,-2,41,-20,-41,15,58,36,19
26,32,38,-50,-14,52,-42,-21,30,53,70,53
31,71,43,-53,5,63,-55,-38,14,69,47,19
16,61,35,-47,-24,66,-34,-28,29,58,62,56
23,78,41,-49,7,84,-36,-15,3,61,73,56
11,81,67,-38,-18,59,-40,-37,14,70,80,37
18,67,65,-58,-3,41,-47,-46,21,64,72,79
50,65,58,-64,-26,69,-61,-29,32,42,74,32
30,77,33,-50,2,71,-53,-65,21,65,73,68
64,79,49,-61,-9,75,-45,-38,26,66,84,77
34,96,43,-77,-19,97,-41,-42,48,76,59,65
36,101,57,-59,-13,78,-53,-40,50,78,91,80
32,100,84,-65,-7,104,-49,-48,29,95,67,80
18,112,87,-65,-13,93,-54,-60,27,64,110,89
43,121,54,-81,8,117,-43,-25,43,85,106,65
25,112,81,-89,-17,113,-73,-32,34,91,115,86
35,111,97,-90,-30,113,-70,-35,54,87,112,100
37,144,90,-71,-17,119,-87,-45,45,89,114,94
63,136,79,-73,-22,93,-89,-39,30,108,123,97
51,143,79,-69,-35,119,-64,-50,50,103,121,115
29,141,110,-118,-10,107,-71,-42,54,114,135,115
52,164,106,-106,-38,143,-69,-67,52,136,125,87
58,158,104,-109,-45,134,-82,-53,45,109,134,89
63,164,98,-127,-35,136,-83,-76,45,121,139,116
61,174,123,-113,-28,146,-119,-60,73,136,174,122
76,182,95,-121,-37,143,-101,-84,49,125,151,133
52,177,141,-119,-24,153,-88,-94,59,149,165,139
59,193,111,-129,-35,149,-123,-89,49,145,176,126
63,209,139,-140,-33,150,-91,-93,69,177,190,140
51,211,136,-139,-19,168,-111,-65,68,184,179,150
43,222,122,-149,-21,183,-125,-97,57,174,205,155
91,241,161,-181,-27,208,-136,-82,64,156,201,137
85,222,162,-162,-30,223,-134,-89,74,187,210,170
103,264,151,-176,-62,220,-131,-104,81,195,212,188
79,249,186,-161,-37,229,-148,-104,79,181,248,186
104,285,187,-178,-40,219,-147,-111,80,210,233,197
122,254,177,-185,-22,216,-147,-120,91,216,254,201
113,294,211,-166,-52,232,-143,-117,101,235,277,191
96,269,198,-208,-30,249,-165,-112,83,219,281,214
132,305,222,-189,-38,246,-163,-118,100,208,270,205
124,313,197,-192,-53,273,-185,-105,97,236,278,220
112,314,224,-216,-59,268,-188,-111,97,239,297,202
118,348,217,-229,-49,289,-202,-158,111,235,305,266
135,352,243,-245,-70,301,-175,-147,117,244,299,235
125,355,215,-239,-52,287,-182,-130,99,274,320,228
125,357,245,-246,-50,302,-191,-163,111,280,312,272
124,352,242,-280,-45,319,-190,-132,109,270,333,267
126,366,273,-268,-47,305,-229,-145,122,285,344,273
132,399,236,-285,-87,324,-226,-146,94,296,342,280
149,401,259,-277,-61,329,-212,-151,116,300,369,279
123,397,254,-296,-59,331,-231,-152,112,282,371,277
134,416,265,-291,-80,327,-221,-162,121,307,378,285
146,413,280,-274,-84,339,-226,-173,125,312,353,290
151,422,267,-301,-68,352,-244,-144,145,317,378,317
150,421,285,-294,-85,386,-229,-205,125,322,393,322
172,459,276,-321,-74,355,-258,-183,116,337,402,308
155,446,310,-341,-41,350,-252,-166,121,336,425,293
162,455,301,-306,-71,356,-233,-193,131,323,404,333
184,470,303,-320,-48,384,-258,-192,125,341,400,344
153,475,283,-312,-73,362,-268,-183,122,333,419,328
158,458,283,-320,-75,392,-249,-174,128,371,408,337
169,466,305,-314,-71,388,-256,-183,124,349,437,339
154,485,303,-307,-102,408,-270,-176,160,342,409,330
180,476,293,-314,-56,381,-256,-173,151,364,434,347
170,493,306,-312,-80,412,-258,-185,145,347,442,331
172,486,305,-315,-102,410,-259,-217,126,363,428,353
175,478,315,-349,-71,413,-264,-210,129,344,427,308
164,472,303,-304,-79,380,-255,-190,165,333,441,343
175,494,311,-319,-62,405,-257,-207,141,349,455,326
172,458,304,-338,-57,379,-256,-181,134,345,418,320
147,462,300,-317,-70,378,-248,-208,148,329,432,335
188,464,293,-335,-78,381,-264,-190,128,348,430,311
157,456,297,-312,-63,372,-262,-176,148,351,415,323
173,472,301,-326,-67,376,-255,-176,128,352,441,320
151,432,314,-322,-67,373,-234,-193,147,324,391,320
154,453,273,-296,-65,340,-231,-165,130,328,405,318
144,441,297,-295,-78,369,-238,-187,133,318,412,298
122,423,255,-277,-56,357,-219,-165,133,337,379,316
144,436,300,-296,-62,362,-245,-159,135,325,371,302
137,408,281,-294,-81,354,-244,-169,113,318,381,287
141,421,279,-307,-74,320,-236,-161,111,320,376,301
127,419,278,-287,-97,313,-232,-158,147,323,376,286
141,409,248,-262,-83,350,-205,-151,138,276,341,261
124,381,241,-254,-79,316,-217,-151,119,290,364,275
128,369,237,-263,-68,301,-199,-161,113,280,321,258
111,349,224,-267,-42,320,-202,-158,115,267,300,260
139,381,226,-230,-58,286,-192,-153,114,252,295,261
115,333,211,-227,-71,316,-205,-131,134,254,308,231
106,308,234,-247,-47,277,-191,-139,100,248,301,234
100,331,222,-218,-71,251,-173,-137,92,236,304,217
106,319,213,-210,-46,278,-182,-128,95,243,273,218
108,323,212,-216,-23,238,-170,-127,98,232,279,222
119,296,173,-203,-66,251,-177,-122,79,225,283,237
90,270,201,-172,-47,235,-154,-97,114,235,258,213
112,288,200,-176,-50,251,-160,-102,52,213,243,222
95,290,184,-184,-32,225,-139,-111,88,188,243,185
112,244,173,-170,-47,206,-134,-122,39,186,231,172
69,256,155,-180,-35,199,-134,-100,63,184,210,181
89,247,161,-167,-27,182,-137,-97,78,192,212,158
106,209,163,-136,-5,188,-123,-117,103,173,210,164
54,225,146,-151,-37,215,-122,-83,52,173,190,155
73,209,124,-135,-37,175,-110,-117,54,157,179,142
63,211,119,-130,-25,167,-96,-93,63,143,174,147
60,185,151,-128,-47,149,-100,-75,52,145,160,145
74,175,130,-128,-24,160,-109,-67,61,135,190,110
54,185,103,-104,-32,140,-72,-70,48,124,141,104
48,166,101,-109,-31,147,-94,-48,48,126,142,121
64,156,113,-113,-1,116,-72,-41,42,119,132,108
29,148,81,-105,-24,130,-97,-57,46,117,128,112
41,144,84,-95,-25,117,-92,-43,42,117,126,117
26,139,78,-88,-15,117,-67,-74,26,133,150,76
37,107,85,-92,0,106,-64,-48,45,85,107,111
42,113,70,-84,-35,88,-80,-37,46,88,102,86
33,118,56,-68,-37,97,-67,-50,26,95,95,81
35,113,70,-66,-4,97,-66,-64,38,77,75,72
32,108,74,-66,-35,66,-37,-65,33,56,78,59
25,94,40,-43,-26,77,-58,-14,25,75,62,74
34,87,48,-53,-7,78,-54,-9,28,79,67,90
28,96,52,-69,-28,47,-28,-34,32,56,88,61
29,66,50,-52,-2,75,-25,-53,43,65,69,61
36,76,62,-49,6,56,-55,-40,15,57,85,45
10,58,26,-53,-12,51,-31,-23,-3,61,58,52
25,81,35,-41,0,57,-11,-8,7,43,62,60
25,67,57,-53,1,71,-33,-36,34,58,56,35
-2,37,47,-18,-17,33,-45,-24,20,51,35,45
10,54,36,-35,-10,33,-55,0,24,27,32,44
24,72,30,-20,-3,36,-30,-6,8,45,73,51
11,44,23,-48,-22,52,-42,-8,6,32,43,34
20,54,32,-36,-15,44,-16,-13,8,39,37,21
39,47,19,-31,9,52,-5,5,12,21,20,42
24,60,25,-31,5,59,-23,-33,20,-1,32,30
24,43,33,-35,-4,0,-20,-11,21,39,19,42
25,30,24,-45,6,53,-20,-24,1,39,22,52
9,53,43,-25,-1,21,-16,-22,4,29,23,27
16,26,12,-37,-20,20,-18,-2,7,19,29,42
10,37,31,-42,-30,46,-37,-6,7,27,33,11
41,24,11,-28,-8,25,-3,-11,14,25,53,20
23,23,22,-40,-15,14,-6,-32,23,3,41,41
-1,14,22,-13,-19,25,-45,-29,18,15,43,24
-4,14,19,-17,-15,20,2,-19,-3,31,26,33
11,14,0,-14,-18,30,-20,1,25,23,28,39
14,20,19,-22,-12,26,-28,-21,2,12,6,21
14,35,21,-10,-20,30,-16,-11,-8,12,27,27
16,28,-1,-17,-13,34,-6,-15,20,35,33,-1
2,22,1,-25,-4,20,-8,0,12,11,14,9
17,20,29,-6,-17,34,-19,-19,-19,18,4,21
30,7,17,7,-12,12,-11,-2,31,12,10,21
22,28,22,-2,2,46,13,-13,-2,6,33,20
29,44,17,-29,15,23,-14,-9,10,3,30,13
0,27,26,-7,1,26,-25,-12,27,18,26,15
9,30,35,-21,-7,15,4,1,3,19,38,18
12,32,38,-25,-23,29,-23,3,-2,9,13,9
-5,33,22,-30,15,37,-10,10,22,7,12,1
19,32,15,-12,-5,-4,-28,-10,26,8,37,-5
23,25,25,-31,20,20,4,-11,16,43,30,14
-3,22,5,-13,-14,17,-2,-16,26,23,32,18
13,31,18,-13,3,37,-19,-3,18,2,21,18
9,-1,4,-26,-5,35,2,10,20,1,10,1
7,43,25,-17,-15,8,-5,9,9,12,12,6
11,20,2,-22,-28,28,-21,-11,20,-5,15,16
26,11,22,-23,0,13,-34,-8,-25,22,26,6
15,16,9,-18,-18,33,-12,-9,0,6,28,18
6,49,23,-2,6,34,-22,-19,-20,2,13,27
6,33,-10,-28,-3,14,-45,-17,10,14,5,-11
-3,33,13,-19,-14,17,-16,-13,11,24,28,26
13,10,30,-11,4,20,-11,-21,12,22,26,15
17,29,21,-28,12,19,-15,-10,16,32,49,22
-1,30,23,-32,13,17,-3,22,19,6,36,23
7,8,33,-29,7,14,23,3,-11,-13,21,1
-6,19,6,-16,4,11,-5,-21,13,15,10,-1
2,31,13,-12,-7,4,-1,-10,14,33,30,7
6,24,7,-10,-7,31,-4,-19,11,25,13,8
-1,32,21,-20,9,23,-15,1,1,11,18,21
-5,-1,7,-11,13,20,-5,0,16,22,31,30
26,16,28,-10,-11,8,3,-10,7,34,37,29
19,31,32,-20,-13,15,-8,5,15,10,20,34
4,13,18,-24,7,21,0,0,19,20,10,3
-13,28,29,-10,4,25,13,0,2,23,31,19
9,32,11,-31,-20,24,-16,-1,11,28,14,13
-16,19,50,-18,-20,15,-24,-16,2,31,31,-11
10,40,20,-24,-22,13,-17,-4,32,9,19,11
-7,25,30,-9,13,16,-22,-1,16,19,38,16
4,31,47,6,-12,30,-12,-3,14,43,6,30
3,23,28,-27,-20,24,-34,-5,-6,37,35,6
-7,14,30,-13,-10,21,-18,-31,10,31,15,17
3,45,10,-14,-16,25,-16,-12,15,26,21,-1
11,40,24,-35,6,22,-16,-18,9,12,16,37
26,12,14,-22,-18,30,-19,-4,7,33,34,24
-1,37,46,-18,-20,22,-1,-7,23,1,26,8
14,57,42,-28,-18,30,-9,-22,24,36,36,6
18,43,14,-10,-15,26,-23,-9,16,42,26,7
27,30,21,-36,3,26,-9,-41,0,36,27,29
15,33,5,-26,-8,13,-24,-16,6,14,45,5
22,44,-8,-19,-8,17,-23,-22,13,43,35,16
10,40,29,-27,-15,29,-9,6,17,39,29,42
17,37,15,-14,-15,39,18,1,15,12,42,31
2,31,37,0,0,31,-30,-31,6,42,45,40
33,47,18,-47,-11,50,-20,-16,7,54,58,20
15,59,30,-26,-15,8,-2,3,5,33,19,57
21,49,42,-36,-6,33,-20,-8,20,23,29,50
14,28,12,-40,-14,28,-55,-24,26,48,68,61
14,56,31,-42,-18,38,-11,-13,11,52,27,31
19,54,48,-41,-5,36,-22,-37,-8,44,52,36
26,58,39,-35,-6,54,-31,-19,26,33,44,31
17,41,45,-36,1,59,-33,-15,7,53,58,49
6,84,32,-45,-8,65,-16,-33,23,47,52,57
19,62,45,-37,-14,43,-37,-26,14,73,77,38
28,96,31,-70,-1,72,-51,-48,31,53,71,56
40,84,46,-38,-9,86,-50,-30,31,52,62,63
36,103,56,-63,-17,64,-45,-33,32,39,82,75
38,102,60,-71,-15,96,-56,-40,-2,85,107,75
31,91,72,-64,-1,93,-69,-33,51,87,85,67
42,127,100,-77,-26,90,-61,-64,25,97,105,78
49,118,88,-91,-26,81,-57,-47,37,77,94,84
31,120,68,-80,-32,92,-69,-59,49,100,136,85
58,141,84,-91,-30,97,-78,-58,25,114,110,100
55,143,86,-96,-43,115,-79,-64,43,130,127,86
44,164,75,-112,-34,143,-106,-59,40,155,139,98
65,171,107,-102,-20,132,-97,-75,48,121,124,118
65,170,121,-118,-20,136,-89,-65,77,142,160,128
75,194,109,-123,-44,156,-77,-48,57,121,151,126
47,186,136,-144,-19,180,-117,-96,57,136,181,133
75,204,111,-142,-35,160,-107,-81,48,144,172,132
93,213,130,-129,-33,189,-127,-90,55,170,188,169
86,237,133,-139,-29,176,-123,-80,95,165,215,161
73,230,157,-152,-23,184,-118,-109,71,157,220,154
99,227,152,-168,-33,201,-133,-93,69,198,207,178
103,247,133,-166,-19,191,-132,-99,62,171,225,175
70,268,180,-195,-54,212,-155,-119,77,178,223,177
110,262,172,-200,-41,234,-160,-109,94,206,244,194
98,278,186,-175,-44,206,-138,-100,82,204,248,190
104,266,170,-182,-51,240,-130,-103,71,213,249,199
99,270,194,-182,-34,239,-163,-130,85,230,228,191
102,271,163,-196,-18,247,-167,-118,78,231,245,214
93,310,200,-207,-45,258,-148,-125,109,223,282,197
123,326,184,-200,-25,248,-165,-123,88,246,253,193
113,285,193,-206,-45,244,-176,-120,70,220,281,220
122,303,194,-216,-52,252,-166,-132,96,216,263,213
116,273,218,-196,-5,233,-176,-132,92,242,272,211
124,307,192,-212,-45,252,-159,-128,82,239,257,227
72,311,213,-224,-31,235,-159,-122,94,247,260,190
113,304,180,-202,-55,252,-156,-116,81,225,261,196
103,296,163,-213,-62,239,-152,-132,101,228,275,202
88,297,182,-208,-36,236,-168,-129,86,230,245,210
128,240,202,-208,-47,218,-158,-131,82,215,280,200
87,250,197,-187,-13,235,-140,-110,67,201,251,186
108,259,194,-196,-31,218,-133,-103,76,195,244,197
99,276,186,-173,-41,234,-135,-93,66,170,229,163
104,243,162,-168,-43,215,-155,-100,74,172,226,189
70,228,176,-158,-40,204,-153,-96,77,182,238,171
88,200,159,-134,-14,214,-147,-96,71,168,205,162
62,226,145,-152,-47,207,-104,-92,70,165,176,151
74,204,147,-150,-23,155,-128,-84,86,158,202,166
68,201,147,-126,-9,157,-122,-79,68,129,197,141
59,210,114,-124,-13,153,-93,-85,62,160,174,144
50,192,113,-135,-34,169,-107,-47,63,137,164,132
61,189,113,-126,-26,156,-97,-76,48,157,143,115
71,153,85,-114,-18,127,-95,-81,41,137,163,138
40,150,88,-149,3,131,-75,-71,46,134,132,105
52,143,111,-90,-13,125,-64,-42,23,99,152,107
44,149,85,-95,-14,91,-71,-60,48,98,115,96
38,120,68,-97,-22,125,-57,-63,29,88,101,79
24,107,76,-78,-5,107,-52,-63,39,83,107,82
29,124,78,-63,-11,75,-54,-28,14,76,136,76
22,86,68,-76,-37,79,-73,-40,21,67,102,69
38,123,69,-60,-23,75,-32,-58,14,55,66,75
29,88,52,-65,-16,81,-51,-30,32,56,71,49
34,82,55,-58,3,87,-47,-29,17,45,55,55
17,83,50,-60,-3,59,-34,-25,38,42,69,55
21,73,57,-51,-28,59,-30,-24,24,48,60,49
31,59,45,-64,-23,38,-28,-17,20,26,59,31
33,41,44,-43,-21,52,-42,-27,43,57,32,30
26,40,53,-41,-25,59,-29,-16,32,31,46,33
3,52,36,-25,-13,21,-44,-15,47,32,53,34
42,57,33,-5,-2,18,-29,-21,19,40,47,23
31,32,24,-34,-33,22,-24,-34,19,32,43,49
16,54,7,-3,-16,40,17,-15,-17,23,30,27
1,55,19,-18,27,35,-3,-27,37,27,28,15
26,38,13,-32,3,28,8,-23,10,16,18,28
2,9,29,-20,-11,3,-29,0,-19,-8,14,12
11,10,24,19,5,2,-10,3,13,26,34,-3
8,8,28,-16,10,-1,-19,-5,-20,23,20,-17
6,14,3,-1,6,3,4,-23,4,16,0,3
4,-12,-7,6,-2,12,-19,22,-2,1,11,-16
-1,-12,10,0,8,-23,-4,26,9,-26,-10,-11
-18,-52,-12,-2,8,-28,16,20,-7,-32,-24,-16
-44,-41,-44,49,11,-51,16,5,2,-28,-38,-27
-26,-74,-32,40,5,-53,51,23,-2,-41,-54,-31
-46,-81,-64,21,13,-47,62,21,-27,-39,-65,-44
-32,-113,-56,74,19,-85,60,35,-50,-66,-72,-51
-22,-104,-71,71,24,-93,52,45,-30,-83,-85,-80
-29,-121,-78,89,45,-101,44,45,-52,-87,-92,-69
-61,-112,-89,91,11,-99,70,83,-44,-99,-93,-74
-45,-140,-85,68,26,-108,92,32,-26,-88,-106,-93
-65,-136,-94,93,14,-131,77,59,-55,-103,-122,-92
-32,-138,-104,99,22,-123,68,49,-26,-72,-117,-84
-51,-102,-75,78,32,-92,59,49,-46,-87,-74,-90
-39,-72,-54,81,-2,-79,37,34,-9,-53,-102,-62
-16,-81,-43,55,10,-81,24,21,-24,-48,-58,-38
-11,-21,-50,25,-1,0,29,-4,-1,-7,-27,-6
14,47,42,-26,2,33,6,-4,3,26,41,34
23,112,67,-48,-12,106,-67,-70,35,108,102,91
57,204,107,-119,-36,156,-96,-57,46,147,173,119
105,285,187,-177,-62,235,-139,-128,72,228,233,187
150,396,239,-248,-69,304,-200,-148,123,291,344,265
179,484,334,-349,-61,413,-287,-187,132,365,432,351
221,603,381,-413,-102,507,-331,-230,166,438,562,439
248,718,455,-492,-96,608,-398,-272,223,546,635,500
275,831,535,-588,-139,696,-459,-324,226,634,755,563
333,909,599,-614,-160,770,-489,-351,261,684,812,638
347,988,651,-693,-164,816,-533,-400,291,769,893,677
355,1060,701,-722,-152,877,-573,-421,322,794,963,742
371,1088,697,-762,-174,907,-612,-431,338,832,1017,780
396,1092,726,-769,-180,947,-605,-457,343,866,984,795
382,1123,714,-731,-171,917,-618,-462,340,815,980,761
363,1069,692,-736,-164,890,-597,-421,332,802,955,748
355,984,635,-687,-128,829,-553,-392,292,724,894,697
321,932,598,-625,-139,729,-502,-358,280,681,826,650
281,820,506,-549,-113,664,-440,-345,242,593,722,584
227,692,452,-466,-150,575,-406,-267,183,508,633,515
192,568,345,-370,-84,476,-310,-227,169,427,517,420
132,457,290,-303,-73,364,-252,-192,127,351,391,331
110,336,210,-212,-33,283,-183,-134,104,235,306,243
67,229,145,-150,-35,194,-121,-94,70,150,217,164
39,98,75,-72,-19,113,-80,-67,29,107,107,77
31,33,40,-17,-15,11,-22,-16,9,41,21,18
-24,-42,-11,32,-8,-45,26,4,-20,-32,-60,-49
-36,-121,-75,89,15,-102,45,66,5,-70,-93,-68
-36,-140,-110,120,25,-131,92,47,-53,-131,-142,-104
-66,-191,-114,124,31,-160,111,70,-56,-158,-171,-121
-69,-204,-132,143,31,-181,147,106,-73,-147,-185,-151
-70,-194,-150,163,34,-184,134,109,-51,-167,-216,-134
-78,-232,-152,162,24,-169,151,106,-72,-142,-191,-136
-79,-193,-161,142,52,-186,102,91,-64,-163,-185,-138
-76,-205,-121,119,27,-161,106,83,-52,-159,-165,-148
-80,-169,-125,117,28,-154,91,90,-58,-114,-165,-126
-45,-176,-104,79,5,-142,71,76,-19,-113,-146,-91
-35,-134,-89,107,16,-120,60,54,-41,-100,-131,-90
-33,-93,-67,79,22,-87,44,41,-38,-70,-84,-64
-50,-95,-47,70,21,-72,38,32,-6,-70,-64,-74
-16,-76,-42,51,5,-64,25,14,-25,-45,-81,-65
-29,-42,-29,28,18,-31,34,11,-8,-51,-36,-19
-6,-35,-20,19,38,-24,29,8,-20,-14,-25,-1
-9,-17,-20,19,16,-7,-5,-15,4,5,-12,-41
-11,-11,9,-7,12,8,3,9,4,13,-10,-4
10,-1,12,-9,-4,2,-22,-9,12,9,0,13
11,17,2,-23,8,4,1,-11,6,-1,18,34
33,14,-2,-46,-9,30,-21,-22,0,52,13,22
13,27,37,-36,31,37,-50,0,30,-1,29,6
-1,12,11,-24,7,41,-35,-6,7,20,15,10
5,39,21,-12,-28,36,-23,-22,20,18,44,23
8,40,23,-38,-12,18,-44,-16,51,20,54,31
18,21,20,-18,-25,56,-30,-14,4,40,37,35
2,53,40,-45,-13,54,-14,-5,30,55,29,25
26,32,10,-23,-6,47,-32,-18,24,13,33,33
13,71,37,-36,-4,69,-48,-11,28,27,54,31
21,33,38,-40,-11,47,-41,-20,28,25,71,33
4,54,54,-47,-8,36,-40,-18,3,23,57,45
25,51,52,-52,10,51,-54,-36,12,51,46,52
6,76,24,-29,-25,55,-41,-51,12,29,63,33
22,67,74,-36,-17,47,-28,-39,6,38,58,40
31,73,44,-35,-32,41,-44,-42,17,55,44,50
27,78,66,-46,-25,56,-32,-26,4,62,48,36
12,68,78,-54,-9,61,-41,-39,33,60,71,78
25,102,67,-70,-29,54,-63,-19,9,40,50,52
25,89,61,-56,-22,63,-42,-25,-1,64,75,55
25,80,52,-66,-13,72,-52,-45,25,71,83,61
1,97,56,-86,-7,71,-60,-28,40,61,97,88
43,91,60,-57,-13,93,-70,-39,23,62,100,75
29,113,79,-55,-14,86,-56,-35,12,66,87,92
39,102,78,-84,-16,103,-67,-44,29,77,89,98
35,105,73,-91,-20,108,-67,-61,10,93,99,97
24,124,73,-66,-11,103,-88,-38,61,92,135,93
67,150,84,-96,-23,100,-66,-54,16,98,120,102
57,130,85,-73,-25,131,-93,-45,60,95,99,90
67,133,91,-115,-5,108,-66,-48,40,105,124,96
60,140,78,-79,-22,109,-75,-56,36,111,110,112
33,159,95,-100,-29,126,-69,-72,41,108,125,77
47,147,108,-108,-45,112,-94,-65,48,100,130,101
73,166,127,-120,-20,142,-86,-66,48,114,152,119
53,171,127,-97,-36,131,-98,-75,87,120,167,125
51,173,128,-115,-36,139,-102,-56,47,131,171,141
86,201,130,-126,-50,151,-83,-86,67,167,176,116
76,211,106,-126,-34,175,-116,-91,64,142,192,150
79,202,132,-140,-32,174,-105,-74,65,148,198,145
67,203,143,-154,-24,170,-93,-69,54,163,206,141
74,209,138,-180,-43,195,-145,-90,54,163,211,168
62,260,161,-171,-47,204,-132,-73,66,169,222,159
85,234,163,-146,-50,201,-127,-109,78,164,209,161
98,239,200,-172,-25,210,-141,-109,84,199,219,204
69,268,163,-180,-48,225,-147,-115,82,200,245,188
88,289,177,-199,-39,217,-166,-109,90,218,258,185
92,281,164,-196,-58,218,-163,-131,76,233,255,185
84,285,192,-191,-50,242,-171,-141,78,199,256,201
84,282,189,-218,-34,279,-154,-132,74,225,279,228
123,320,215,-214,-58,250,-178,-129,80,224,278,214
132,327,222,-231,-22,274,-173,-136,96,227,313,212
110,324,212,-216,-42,272,-175,-143,92,251,293,259
130,358,239,-232,-51,267,-222,-134,89,240,319,249
97,343,216,-257,-56,287,-174,-126,105,282,291,241
118,355,240,-252,-45,289,-196,-151,130,285,310,266
132,354,241,-262,-57,320,-210,-141,153,280,336,246
142,390,270,-254,-65,339,-212,-145,117,280,343,307
142,385,260,-273,-62,310,-210,-165,124,291,360,272
113,416,241,-273,-37,308,-201,-161,108,286,362,258
139,391,234,-273,-65,310,-228,-155,134,311,353,281
156,402,270,-268,-64,335,-230,-165,109,303,384,279
153,409,270,-302,-75,342,-235,-172,116,304,377,274
159,415,280,-281,-52,341,-233,-181,126,288,376,303
155,407,271,-304,-97,357,-203,-176,126,294,370,303
147,408,262,-281,-64,352,-227,-172,117,316,380,296
164,436,269,-276,-64,330,-246,-183,122,331,362,296
160,426,295,-297,-87,360,-237,-170,120,335,379,324
147,426,263,-306,-61,362,-223,-179,118,329,378,296
157,439,298,-312,-66,369,-224,-168,145,325,407,283
173,433,277,-300,-78,371,-241,-168,132,330,400,319
132,417,300,-292,-78,369,-238,-168,111,329,405,300
149,441,293,-301,-69,350,-246,-169,132,329,404,288
185,436,307,-300,-45,366,-264,-166,131,323,390,306
172,467,283,-277,-68,366,-222,-176,122,336,413,311
166,438,276,-316,-78,357,-234,-150,156,331,391,323
170,429,291,-312,-65,389,-261,-200,118,322,356,304
154,416,275,-317,-65,353,-233,-173,137,324,389,281
167,434,264,-289,-55,369,-249,-188,114,331,370,314
164,445,291,-284,-72,346,-250,-161,135,328,370,304
147,415,275,-275,-43,375,-235,-162,135,330,386,281
133,414,267,-298,-71,364,-230,-167,125,332,380,305
158,426,266,-277,-84,320,-202,-171,116,316,368,310
133,391,274,-270,-46,316,-231,-148,103,288,375,293
135,405,266,-271,-55,325,-216,-168,123,296,357,272
125,382,263,-271,-54,317,-228,-148,113,284,339,291
141,368,243,-271,-51,321,-206,-156,108,279,339,255
121,397,229,-253,-45,323,-186,-147,96,273,329,254
120,359,251,-241,-71,323,-194,-137,121,267,321,254
132,350,231,-270,-47,303,-208,-147,94,257,314,268
117,364,211,-231,-50,288,-187,-152,88,268,312,259
120,346,227,-249,-52,263,-176,-148,87,257,306,250
133,332,231,-235,-42,284,-198,-133,90,241,289,225
117,296,208,-225,-43,272,-184,-124,76,238,278,204
123,300,210,-217,-37,265,-169,-135,88,235,281,220
90,319,205,-194,-57,251,-153,-124,105,230,266,238
100,297,193,-197,-34,226,-163,-91,80,209,244,208
105,288,190,-196,-32,231,-136,-132,82,203,253,184
113,275,183,-175,-40,221,-133,-117,94,208,241,196
102,261,169,-179,-43,206,-129,-86,82,191,249,186
91,243,188,-151,-38,203,-128,-103,66,182,213,175
88,248,163,-138,-44,207,-128,-93,56,177,192,187
81,248,125,-136,-40,193,-137,-110,69,176,197,154
60,216,141,-144,-51,195,-123,-72,59,179,211,148
68,219,128,-133,-17,190,-129,-84,44,146,174,172
72,203,139,-143,-46,143,-123,-86,70,143,197,137
61,199,101,-117,-18,169,-92,-88,57,145,182,146
45,164,102,-139,-26,129,-88,-87,75,131,152,109
51,160,115,-105,-17,139,-79,-59,50,136,151,129
40,188,100,-120,7,121,-88,-51,19,106,133,116
36,130,92,-95,-18,126,-88,-56,54,128,139,91
67,137,89,-78,-22,126,-86,-59,45,101,138,79
48,123,55,-90,-30,116,-74,-59,52,87,106,75
38,113,86,-84,-30,116,-71,-39,8,75,129,98
41,122,61,-75,-45,93,-47,-30,23,106,86,107
31,102,63,-60,-25,111,-49,-24,58,67,82,72
39,82,52,-73,-10,79,-61,-56,14,70,93,53
28,88,72,-63,-20,84,-54,-39,10,59,97,54
53,92,49,-54,-7,61,-58,-46,49,84,79,50
20,73,61,-39,-5,62,-58,-28,12,53,70,62
41,70,50,-59,-27,49,-32,-24,23,62,75,45
13,74,51,-21,-1,71,-32,-11,17,49,51,37
40,83,29,-44,22,40,-50,-31,17,51,76,35
16,48,47,-47,-36,44,-44,9,27,37,52,61
6,67,31,-45,-16,22,-38,-37,22,21,41,35
28,82,42,-37,-36,60,-33,-13,22,42,34,38
12,36,23,-29,-5,46,-37,-35,-3,33,36,33
9,28,18,-7,-2,22,-9,-24,-11,28,-1,24
14,36,34,-29,-10,27,-13,-31,-3,20,31,18
11,14,13,-13,-16,25,-33,-17,17,27,20,5
-13,21,17,-14,-3,16,-23,-13,-5,11,9,24
22,18,12,12,7,16,-17,10,0,22,29,12
-6,-9,1,-8,2,16,-18,-7,5,-12,3,20
-2,21,11,-5,-6,13,-13,5,-5,-2,3,5
-15,3,9,-7,4,5,-21,18,-1,16,12,20
3,3,1,-18,2,-9,-1,4,1,-8,25,30
3,26,5,24,1,16,14,0,12,14,-20,0
10,-3,-7,6,-5,-8,-21,13,2,-7,8,0
4,-1,-9,-15,-9,12,5,9,2,0,-6,9
13,13,8,2,4,-19,16,11,2,-7,-12,12
-5,-19,8,8,-1,1,24,-3,-4,-36,0,-5
-28,-6,-7,5,-8,-18,-8,-5,-7,-5,-8,-19
4,-4,-20,2,-1,-30,-13,4,4,-7,-4,-15
8,-11,-12,15,-9,9,9,10,-8,22,-10,-7
-17,2,2,-2,-1,-3,-7,-2,-7,-6,2,12
-10,7,-17,-6,2,-17,2,26,-2,15,-23,-17
-11,-7,8,15,-8,-20,17,-2,6,6,6,-22
-22,-31,-6,1,14,-22,19,-7,-16,-20,-9,14
5,-14,-15,21,10,-8,17,-2,-8,6,-5,-27
-32,-15,-12,5,-10,-19,15,7,8,-5,-33,-34
-7,-26,-22,41,8,-1,3,-7,-3,-21,-7,-17
-2,10,-1,19,9,-6,22,2,20,1,-29,-24
11,-9,-6,6,4,-23,22,27,-26,-1,-27,-14
-15,-12,-26,15,-13,-24,23,1,-7,-19,-30,-4
-18,-16,-16,5,5,-17,-3,28,6,-25,-41,-18
-4,-26,2,11,16,-24,6,11,-4,-25,-27,-25
-27,-21,-13,10,-2,-4,14,-6,-13,-24,-19,-18
-14,-12,-6,12,-2,-11,-7,-22,2,-10,-13,-15
4,-9,8,43,2,-19,-4,14,-14,-28,-21,-17
8,-23,-12,10,-1,-21,17,1,4,-15,-7,-20
20,-23,-20,11,5,-27,13,6,-3,-8,-16,-2
32,-37,-3,11,13,-47,14,19,7,-6,-15,-7
-5,-33,-19,24,-13,-18,0,3,-20,-12,-28,-21
-10,-16,-9,-12,2,-8,13,1,-23,-35,-23,-10
-9,-24,-30,16,15,-29,10,-18,17,-20,-24,-2
-19,-20,-30,27,-11,-18,-2,6,-8,-21,-9,-14
-40,-24,-31,13,-3,-2,19,6,-8,-18,-12,-12
-27,-21,-12,8,11,-32,10,2,29,11,-18,-37
-5,-12,-28,15,0,-11,32,16,10,-22,-35,-7
4,-46,1,24,6,-16,12,0,-5,-7,-17,-17
-23,-9,-13,0,5,-27,20,3,4,-33,-21,-24
-11,-20,-10,12,-7,-11,-13,9,-10,-9,-15,-11
-5,-3,-11,2,3,-21,18,5,7,-24,-10,-27
2,-27,-12,21,-7,-35,-10,16,-4,3,-30,-35
0,-22,-19,5,-8,-24,3,1,8,-26,-3,-28
-4,-28,10,24,7,-24,11,0,-5,6,-17,-15
-10,-35,-18,22,-4,-23,8,-3,25,-19,-34,-12
-26,-28,-28,11,8,-20,18,-5,-10,-3,-25,-26
23,-25,11,13,26,-14,14,-7,-6,-33,-4,-17
0,-3,-20,9,13,0,24,-12,10,-19,-21,-13
-10,-10,-28,18,8,1,7,18,6,-14,-8,-15
-15,-20,-4,21,7,-23,12,12,-14,-20,-34,-38
-17,-23,-14,18,2,-11,10,-4,-8,-11,-32,-21
1,-24,2,-7,12,2,33,15,0,-23,-14,-14
4,-28,-17,1,10,16,10,-2,-23,-14,-27,-3
-22,-20,-18,4,-1,-22,13,16,11,0,-35,3
-8,-20,-16,-3,22,-34,5,2,-13,-26,2,-7
6,-16,-19,44,-15,-27,14,10,9,-25,-12,-6
15,8,-6,4,-7,-11,12,16,4,-35,-19,-23
1,-34,-33,16,15,-28,22,34,-6,-2,-14,-4
-3,-23,-10,28,2,-15,8,7,-12,-18,-36,-28
-7,-12,-15,20,16,-15,23,23,-5,-5,-26,-33
-31,-33,-14,1,7,-23,1,10,-15,-20,-35,-7
-18,-11,-26,24,-1,5,16,5,-1,-10,-24,-25
-8,-16,1,10,-25,-5,12,1,-10,-21,-39,-6
3,-12,-11,5,19,-22,-5,-7,5,5,-26,-12
-24,-22,-26,-18,-4,12,10,5,-3,-6,-22,-4
-17,-3,-5,25,6,6,3,-6,-24,-15,-27,-4
10,-8,-12,13,18,-9,8,0,-15,-16,-14,29
21,-12,-9,3,1,12,9,1,-13,-6,-31,-8
-23,-18,-4,2,4,-13,6,-10,-28,24,-15,-7
1,-2,-2,11,10,2,-2,-9,-15,1,-21,-21
-13,-36,10,-12,3,-11,-3,-3,-11,6,-20,25
-6,-13,-6,5,30,11,1,1,13,10,13,1
-9,14,-5,-17,19,-19,-15,0,-22,15,-2,-4
-10,-9,-7,13,-10,3,22,2,-16,32,-11,11
-7,24,4,15,7,18,3,-2,8,16,22,8
17,24,-26,3,1,-8,-17,-23,-17,34,-4,15
-6,5,-2,-12,-1,-4,-3,-3,20,13,-12,19
19,20,4,-21,11,2,-13,-8,13,16,-4,3
-9,39,22,-10,-8,21,-7,7,2,-8,22,32
4,26,31,-15,-2,14,-21,-23,17,32,27,14
-7,35,-6,-24,-5,14,-14,-17,6,48,15,26
8,26,15,-16,12,30,-15,-11,16,17,15,23
6,33,30,-41,-10,39,-5,-4,27,15,34,22
56,51,54,-45,-17,24,-14,-23,29,25,78,24
19,64,43,-41,-16,50,-21,-28,10,47,43,50
21,85,29,-35,-3,44,-36,-40,23,47,55,61
24,65,45,-43,-35,72,-38,-34,38,66,66,45
27,59,66,-51,-10,90,-24,-38,16,46,69,51
47,76,51,-42,-24,84,-43,-28,39,84,85,35
57,83,72,-71,-4,83,-49,-56,35,71,91,44
37,92,61,-67,-4,86,-61,-35,42,70,89,71
45,95,86,-50,-9,95,-70,-72,21,85,95,67
52,118,48,-74,-21,97,-76,-63,14,102,118,93
45,141,80,-89,-12,107,-69,-50,24,99,122,104
54,154,88,-124,2,98,-83,-39,47,123,148,96
68,149,102,-105,-14,117,-75,-58,51,113,148,105
69,163,110,-116,-25,133,-98,-59,47,130,136,144
52,180,86,-128,-25,156,-110,-62,60,139,164,138
55,206,108,-126,-26,147,-81,-86,31,155,166,131
61,190,139,-130,-28,144,-100,-70,52,142,165,120
71,202,116,-160,-31,161,-116,-74,39,152,187,145
71,206,123,-135,-24,172,-128,-84,51,161,206,146
88,208,143,-144,-39,163,-107,-96,83,167,202,167
88,208,153,-141,-22,173,-144,-75,66,175,213,162
77,242,162,-147,-33,199,-111,-99,80,159,195,181
67,220,141,-170,-26,185,-128,-107,77,173,203,149
103,247,165,-174,-34,185,-132,-67,74,172,217,161
89,246,136,-172,-35,207,-161,-94,51,165,206,167
101,237,140,-138,-47,207,-144,-121,95,166,232,194
99,257,168,-165,-41,199,-138,-117,68,182,200,203
85,247,150,-158,-14,202,-145,-117,80,169,235,188
83,253,170,-194,-48,199,-152,-107,46,187,206,175
78,272,151,-190,-38,210,-160,-90,91,191,235,164
89,237,140,-160,-44,209,-129,-105,80,185,215,152
85,258,157,-143,-43,200,-148,-91,70,174,245,141
78,246,158,-173,-33,205,-138,-94,66,187,198,160
88,230,166,-159,-41,178,-129,-104,86,186,205,148
82,202,136,-142,-15,182,-123,-86,59,156,184,142
53,218,145,-153,-24,169,-102,-75,67,175,195,173
78,183,123,-135,-41,163,-111,-102,36,164,201,148
76,170,147,-128,-38,175,-83,-73,52,140,174,143
73,196,121,-137,-51,190,-90,-66,65,135,184,132
49,201,132,-134,-16,167,-111,-68,48,142,178,114
57,159,120,-130,-33,140,-89,-84,61,142,158,116
43,159,122,-105,-11,148,-76,-43,62,130,130,110
58,154,107,-100,-20,137,-81,-70,53,129,140,99
33,130,81,-113,-2,115,-58,-60,56,101,128,97
33,118,99,-103,-18,106,-89,-36,16,85,129,93
46,82,80,-74,-22,110,-68,-32,22,101,104,107
41,126,70,-65,-29,105,-62,-71,41,67,88,72
21,82,51,-84,-4,90,-64,-34,19,68,81,80
23,95,58,-60,-10,66,-69,-37,38,62,94,60
26,90,30,-52,-8,82,-57,-26,19,63,63,52
17,68,39,-57,-20,68,-53,-12,41,55,65,70
12,50,54,-33,-17,43,-41,-24,-2,66,75,57
6,71,33,-65,-20,36,-36,-27,28,40,30,67
9,49,57,-29,-3,51,-25,-8,27,41,31,33
19,26,36,-31,-6,12,-12,-23,-1,35,43,33
0,30,13,-17,-23,34,-29,-40,21,21,17,23
12,26,6,-38,-19,36,-14,-15,14,10,29,4
-5,18,17,-5,-19,22,-21,-17,16,11,23,20
16,24,29,-18,-1,-13,-5,7,14,18,21,2
19,20,18,-14,25,18,6,-8,3,11,16,14
-14,8,-10,-4,-23,-2,-6,-20,-9,5,-6,25
2,6,0,24,-4,8,13,-12,-11,3,9,3
-20,-9,3,17,-26,-4,4,2,11,20,-2,13
-14,-1,-18,27,-17,-4,-8,-6,-1,-18,-14,-20
-17,-18,-16,18,15,-13,-5,-21,-10,-22,-6,-22
-10,-10,-16,11,-31,3,-14,23,-49,-11,-13,-6
-19,-18,9,15,9,-24,18,15,-11,-14,-23,-8
5,-20,-20,2,-5,-18,34,18,-9,-9,-26,-9
-16,-39,-20,28,23,-11,15,11,-18,-27,-20,-10
-14,-23,-15,21,7,-32,43,0,-8,-23,-20,-40
-11,-56,-12,39,2,-35,51,24,-13,-13,-35,-9
-16,-32,-34,26,-1,-37,18,26,-26,-34,-52,-42
9,-47,-27,45,7,-51,37,8,-3,-49,-62,-66
-15,-58,-47,23,7,-37,34,26,-13,-58,-56,-43
-26,-83,-66,56,12,-65,35,27,-20,-57,-67,-29
-32,-94,-74,54,29,-93,72,41,-13,-76,-83,-73
-50,-110,-57,91,28,-75,71,30,-34,-73,-92,-88
-48,-124,-87,72,60,-113,64,52,-35,-89,-98,-111
-52,-148,-69,90,29,-133,107,54,-35,-124,-138,-83
-55,-163,-116,124,23,-132,89,60,-61,-137,-126,-122
-86,-182,-115,117,23,-127,107,83,-43,-120,-190,-152
-56,-192,-118,124,40,-153,88,88,-43,-136,-185,-125
-73,-207,-111,151,32,-143,95,82,-45,-144,-168,-128
-61,-198,-108,129,18,-169,104,109,-63,-124,-159,-137
-72,-186,-134,125,8,-151,86,53,-52,-106,-166,-132
-61,-137,-86,100,-5,-120,74,56,-35,-132,-136,-113
-33,-125,-95,76,6,-126,83,45,-63,-80,-109,-107
-30,-97,-49,78,28,-71,45,42,-32,-82,-62,-69
-14,-36,-28,23,18,-43,13,11,-7,-17,-28,-17
-4,38,19,-14,-21,41,-5,-4,10,16,49,17
16,99,72,-88,-17,102,-57,-32,42,79,91,84
68,195,125,-128,-33,188,-130,-70,75,129,176,140
82,308,193,-192,-48,240,-179,-100,85,245,264,196
149,421,283,-279,-58,336,-232,-159,127,308,375,279
185,510,335,-344,-65,409,-286,-206,163,390,461,371
233,607,438,-451,-50,509,-341,-238,198,441,554,442
251,724,486,-497,-125,596,-385,-278,198,544,650,521
281,823,539,-539,-111,676,-455,-343,248,606,735,580
304,923,582,-617,-143,760,-482,-346,278,668,801,622
343,984,668,-657,-149,810,-539,-372,280,709,884,685
340,1029,644,-690,-181,850,-555,-423,310,760,916,717
365,1046,691,-716,-164,867,-555,-418,290,764,933,734
382,1035,657,-697,-174,863,-574,-408,285,774,920,715
345,1010,642,-675,-127,819,-534,-399,293,735,923,685
321,926,616,-640,-123,767,-521,-389,285,695,842,679
318,867,529,-573,-141,722,-460,-327,249,631,736,608
269,746,474,-521,-111,630,-402,-294,230,551,681,521
210,628,383,-438,-88,528,-349,-246,194,448,575,448
189,507,333,-378,-73,432,-282,-214,146,385,460,357
142,374,278,-268,-47,324,-227,-162,112,294,354,269
85,286,197,-175,-49,240,-146,-133,82,232,265,186
59,156,109,-115,-34,145,-98,-77,67,121,156,109
31,62,54,-46,-11,37,-39,-49,24,48,61,44
-21,-40,-15,6,-1,-20,38,-3,-6,-23,-9,-20
-26,-84,-55,57,5,-75,62,57,-22,-78,-90,-87
-51,-179,-112,123,25,-157,110,63,-69,-122,-149,-124
-90,-241,-148,159,41,-183,119,80,-70,-167,-206,-176
-107,-260,-168,184,44,-203,139,105,-84,-197,-243,-182
-96,-284,-184,190,62,-238,165,97,-83,-229,-284,-219
-94,-297,-191,211,58,-279,170,130,-104,-243,-261,-239
-133,-328,-217,200,57,-275,186,137,-90,-234,-292,-226
-115,-312,-187,221,51,-267,167,144,-108,-248,-292,-214
-119,-290,-217,197,43,-248,196,144,-85,-238,-269,-220
-97,-285,-171,183,58,-243,160,100,-74,-221,-258,-180
-96,-257,-194,169,31,-232,146,106,-82,-190,-258,-185
-86,-240,-157,179,40,-190,122,100,-84,-192,-216,-169
-86,-193,-118,155,37,-160,103,95,-77,-164,-175,-161
-94,-210,-111,139,31,-160,109,66,-99,-151,-164,-133
-56,-139,-121,103,37,-151,89,77,-54,-122,-131,-130
-41,-143,-96,100,16,-100,82,54,-29,-97,-125,-101
-64,-125,-48,102,34,-115,82,49,-51,-65,-108,-92
-15,-98,-77,73,31,-97,51,49,-35,-69,-100,-64
-28,-90,-87,62,30,-93,57,45,-53,-87,-98,-82
-33,-97,-69,65,6,-89,45,21,-15,-66,-76,-60
-21,-75,-39,48,17,-68,41,47,-36,-45,-62,-63
-20,-52,-30,25,-3,-59,45,31,-20,-41,-57,-50
1,-76,-28,42,7,-36,46,17,0,-46,-59,-48
-23,-47,-43,24,27,-47,30,14,-9,-29,-58,-45
-23,-57,-52,36,11,-64,42,12,-21,-50,-36,-33
-18,-38,-30,29,1,-32,37,5,-18,-13,-52,-36
-27,-27,-43,29,2,-51,22,12,-29,-21,-46,-39
-15,-40,-45,40,11,-36,8,44,-23,-25,-38,-34
-26,-35,-23,32,-4,-15,39,37,-8,-38,-54,-21
-12,-31,-11,31,32,-30,9,5,-2,-50,-30,-7
7,-40,-29,14,22,-38,37,26,-6,-32,-20,-13
-23,-35,-9,33,24,-36,-1,16,-14,-25,-20,-15
-27,-51,-27,22,-9,-23,12,6,-19,-43,-14,-5
11,-40,-31,21,9,-63,20,16,-12,-28,-33,-17
-19,-47,-14,14,-13,-31,26,-2,18,-24,-23,-4
-11,-34,-12,20,-28,-30,46,-1,-14,-13,-34,-12
-13,-25,-11,3,16,-22,15,-15,-9,-5,-30,-25
-14,-19,0,19,-7,-16,30,15,-12,-9,-4,-3
0,-38,6,33,-6,-18,-3,3,-1,-3,0,-20
-22,-45,-16,-5,-9,-29,4,-3,-8,-12,4,7
19,-13,-22,-1,7,-8,-11,17,12,-27,-1,-20
8,-18,-7,-5,0,-10,-9,-6,-38,-18,-2,-14
1,-8,8,7,-4,12,-15,-22,-1,3,-7,-5
-13,7,7,1,6,-1,7,-7,22,3,8,11
31,4,7,-10,-24,16,-3,4,-7,5,6,-9
37,6,30,-13,-3,24,-7,-13,-15,-3,20,3
4,24,9,-11,12,22,-25,-37,24,20,16,10
27,38,32,2,8,32,-41,-28,8,-2,15,18
2,36,-2,-23,-8,17,-14,-6,21,52,28,36
9,56,12,-26,-15,26,-34,-28,14,42,39,27
31,46,42,-42,0,24,-37,8,-1,52,56,49
28,54,22,-55,2,37,-26,-20,17,33,52,50
40,91,57,-54,-23,36,-36,-33,47,46,55,52
24,47,38,-45,-15,62,-57,-15,9,79,56,49
26,71,61,-49,-11,59,-47,-47,27,70,54,58
36,81,46,-43,-14,65,-47,-28,33,43,54,52
38,96,52,-50,-31,85,-40,-44,20,65,89,59
28,124,58,-74,-7,89,-64,-36,34,74,123,65
30,109,91,-80,-16,79,-55,-42,34,97,88,80
38,118,68,-56,-3,108,-68,-67,30,103,107,98
29,130,74,-93,-34,98,-55,-59,53,101,125,78
32,135,67,-103,-14,108,-67,-66,39,129,123,106
49,172,82,-114,-7,134,-56,-51,36,101,150,121
41,137,97,-105,-18,129,-98,-50,50,115,116,113
31,166,124,-129,0,143,-85,-57,46,131,148,127
76,167,127,-125,-29,170,-89,-54,54,128,153,123
59,165,136,-132,-17,189,-105,-55,45,133,163,143
63,181,104,-149,-35,174,-133,-67,76,121,175,138
77,191,156,-144,-24,168,-105,-71,71,164,183,112
83,223,153,-119,-17,207,-124,-96,41,157,206,145
72,198,162,-127,-31,193,-140,-86,63,163,213,150
102,253,141,-157,-44,180,-134,-86,89,175,209,181
99,244,161,-171,-43,193,-138,-95,87,184,228,155
87,277,166,-192,-40,212,-117,-94,70,185,234,171
88,275,155,-174,-42,240,-133,-118,95,198,242,178
73,274,191,-183,-40,228,-153,-100,56,219,282,178
89,276,205,-190,-58,237,-133,-136,84,208,243,203
111,297,191,-211,-39,222,-149,-106,80,194,251,195
126,287,188,-213,-65,250,-178,-121,88,233,270,205
118,299,220,-213,-49,245,-161,-132,97,230,295,229
115,306,204,-215,-47,241,-150,-142,110,235,309,194
124,305,203,-202,-38,276,-182,-123,92,239,313,230
116,314,211,-226,-65,274,-178,-134,99,222,273,236
121,350,225,-224,-58,256,-183,-118,96,255,298,255
124,334,234,-215,-55,281,-171,-134,90,233,301,224
104,332,221,-231,-35,291,-185,-137,95,253,299,240
123,325,222,-253,-49,306,-186,-125,84,252,324,250
121,375,210,-235,-59,296,-212,-148,112,249,307,258
124,364,221,-230,-50,288,-201,-149,110,289,322,250
122,341,208,-237,-38,290,-204,-124,106,277,327,256
122,351,235,-263,-53,315,-200,-138,114,280,323,226
121,380,229,-235,-47,281,-188,-144,111,250,329,258
137,345,220,-243,-60,275,-213,-129,113,253,327,248
127,379,231,-222,-48,304,-207,-139,99,279,345,261
143,350,237,-238,-39,302,-208,-152,101,276,315,248
115,367,247,-256,-47,293,-182,-143,122,267,337,257
124,364,223,-248,-45,288,-219,-117,111,268,302,262
111,346,245,-255,-68,307,-202,-143,101,274,316,244
118,350,230,-225,-52,327,-193,-147,103,255,313,247
130,347,206,-215,-51,272,-207,-135,101,248,308,261
124,347,223,-227,-65,310,-181,-136,119,252,289,231
108,333,215,-236,-49,291,-173,-136,87,251,302,239
105,314,228,-223,-34,272,-187,-132,104,248,289,224
111,327,224,-230,-44,257,-174,-124,76,253,290,238
109,323,239,-242,-22,277,-149,-135,120,243,271,210
123,289,196,-227,-47,256,-180,-125,127,231,306,214
100,306,180,-200,-50,274,-184,-140,59,230,281,209
72,286,201,-196,-42,238,-163,-120,80,206,264,212
123,290,185,-187,-44,250,-152,-106,90,219,282,193
87,298,169,-178,-58,236,-173,-121,99,203,246,195
92,273,170,-169,-50,224,-124,-109,85,213,253,196
99,262,182,-167,-48,236,-150,-103,94,182,231,202
94,247,165,-179,-28,214,-141,-109,89,184,233,172
86,257,157,-165,-40,218,-137,-124,64,162,226,184
69,236,138,-140,-37,196,-111,-115,76,175,208,172
92,226,146,-170,-52,190,-130,-100,53,186,202,160
82,222,159,-149,-33,189,-132,-83,77,166,192,162
54,197,132,-110,-59,171,-130,-70,49,156,194,146
43,201,126,-143,-28,190,-121,-72,58,137,169,155
78,178,109,-141,-33,137,-92,-66,69,154,160,140
57,171,115,-121,-48,144,-94,-73,73,135,146,132
51,171,117,-107,-8,149,-87,-59,64,117,159,113
43,151,114,-109,-33,132,-94,-55,63,108,144,122
62,148,105,-102,-19,116,-67,-48,43,104,137,105
43,129,84,-93,-22,109,-80,-49,39,92,135,108
50,142,92,-83,-18,95,-54,-38,41,97,79,91
49,101,72,-72,-11,88,-62,-45,54,95,94,75
41,97,59,-81,-23,74,-40,-53,29,81,67,85
36,81,61,-87,-17,92,-56,-28,35,72,76,36
32,61,63,-61,-18,73,-53,-47,24,56,85,71
4,79,65,-50,-11,74,-39,-25,9,76,83,53
33,55,44,-27,-16,50,-39,-32,34,57,44,57
28,59,32,-23,11,26,-31,-28,11,48,56,41
22,76,21,-18,-11,40,-44,-23,33,21,37,18
22,48,27,-19,-7,38,-35,-45,14,32,38,35
-7,44,26,-32,-10,43,-22,-19,-25,26,22,19
-9,15,1,-12,-9,18,-10,-12,14,13,48,16
0,22,0,13,-12,-2,2,-4,-1,-1,-16,9
14,13,-8,-2,-7,17,3,-1,7,-17,-3,30
1,29,-13,-10,-26,20,14,-9,-10,12,3,1
16,7,-18,11,-14,-16,10,5,0,11,-26,-4
-2,-9,1,22,0,24,-4,-9,-18,-2,-16,-12
-6,-20,-6,24,19,-24,11,34,-9,-17,-22,-11
9,-47,-16,24,-8,-22,2,21,-6,-31,-22,-12
-9,-29,-9,4,-12,-10,37,6,3,-30,-41,-22
2,-40,-11,27,-10,-28,44,15,-4,-41,-42,-34
-7,-37,-22,37,3,-53,30,11,-20,-38,-27,-37
-22,-32,-55,21,10,-26,15,9,-11,-33,-26,-24
8,-54,-33,38,16,-23,33,28,5,-42,-23,-37
-22,-57,-11,32,-25,-45,9,11,-19,-41,-31,-31
-3,-49,-42,17,8,-33,24,14,-8,-42,-62,-39
-18,-47,-56,34,22,-49,12,-5,1,-69,-52,-40
-22,-73,-26,39,19,-33,48,26,-26,-34,-76,-17
-27,-61,-65,38,12,-67,34,26,-31,-32,-47,-30
17,-80,-37,56,-11,-65,45,18,-38,-51,-46,-42
-52,-62,-37,69,22,-63,46,27,-13,-48,-64,-55
-16,-71,-32,54,17,-54,34,18,-32,-74,-90,-56
-19,-81,-54,42,22,-59,44,32,-9,-51,-93,-34
-27,-73,-50,74,14,-66,29,24,-7,-55,-70,-64
-26,-94,-56,49,36,-68,44,34,-24,-59,-74,-55
-55,-79,-58,76,15,-44,37,36,-26,-69,-70,-63
-17,-84,-59,39,10,-61,52,46,-14,-64,-78,-69
-6,-65,-52,35,20,-83,59,38,-26,-56,-68,-58
-15,-101,-31,59,2,-66,46,59,-16,-60,-80,-65
-51,-88,-85,43,1,-77,48,29,-20,-62,-74,-60
-27,-88,-60,58,0,-99,31,40,-26,-86,-55,-75
-10,-99,-68,49,15,-60,37,39,-21,-67,-92,-61
-32,-72,-48,60,33,-71,46,43,-20,-65,-76,-85
-10,-97,-46,40,13,-76,60,43,-22,-41,-80,-56
-28,-94,-56,61,-11,-80,56,5,-22,-57,-76,-54
-7,-98,-50,70,39,-67,77,52,-43,-62,-70,-73
-21,-83,-43,38,33,-77,56,43,-32,-57,-93,-68
-13,-103,-75,85,-10,-82,40,44,-30,-57,-92,-61
-40,-96,-44,55,13,-72,34,56,-24,-62,-56,-72
-18,-92,-52,57,12,-72,47,28,-17,-71,-84,-64
-50,-76,-52,55,18,-69,48,55,-17,-59,-68,-66
-44,-79,-79,81,31,-73,46,38,-25,-67,-81,-59
-19,-79,-39,47,21,-83,46,35,-43,-59,-91,-67
-39,-100,-65,49,25,-88,47,37,-30,-88,-91,-71
-11,-102,-52,55,5,-63,57,25,-23,-82,-84,-44
-29,-70,-51,88,7,-88,42,25,-15,-66,-81,-81
-34,-108,-61,56,16,-90,24,53,-27,-67,-79,-74
-33,-77,-41,63,10,-91,56,37,-22,-59,-96,-42
-47,-85,-56,85,27,-89,64,26,-31,-70,-104,-47
-33,-106,-54,70,32,-92,76,46,-31,-83,-87,-85
-53,-88,-68,56,8,-81,63,37,-24,-68,-80,-55
-48,-96,-55,79,2,-72,24,50,-19,-54,-80,-63
-42,-108,-37,65,4,-75,61,14,-27,-63,-77,-56
-35,-92,-45,91,1,-80,51,42,-22,-94,-85,-45
-29,-83,-70,76,9,-77,55,43,-34,-76,-78,-51
-26,-88,-52,66,23,-65,54,43,-48,-54,-99,-75
-37,-91,-52,43,-7,-94,68,26,-23,-84,-78,-56
-48,-105,-51,67,0,-82,53,62,-32,-83,-96,-71
-24,-102,-93,49,8,-92,41,44,-20,-72,-88,-76
-34,-87,-87,59,9,-74,50,31,-21,-63,-95,-64
-19,-117,-40,79,-3,-99,47,32,-14,-54,-92,-57
-30,-104,-53,62,-3,-70,50,24,-5,-69,-89,-78
-56,-97,-82,66,20,-93,33,35,-35,-62,-74,-69
-42,-92,-66,75,19,-95,54,39,-11,-58,-91,-46
-31,-88,-64,46,17,-71,65,32,-28,-46,-85,-96
-36,-66,-41,73,10,-70,50,58,-7,-58,-83,-65
-15,-84,-76,86,30,-78,45,44,-31,-61,-83,-60
-38,-97,-75,70,7,-94,44,55,-24,-57,-89,-67
-46,-117,-73,61,27,-59,57,48,-50,-58,-88,-50
-46,-99,-44,66,3,-86,46,58,-24,-69,-87,-64
-23,-76,-67,82,11,-72,36,37,-17,-77,-85,-108
-37,-80,-62,71,3,-71,59,41,-52,-74,-80,-73
-17,-93,-57,84,10,-93,42,31,-31,-76,-91,-54
-24,-70,-67,59,5,-77,45,20,-24,-60,-72,-73
-25,-81,-69,79,2,-103,58,51,-13,-64,-97,-70
-26,-111,-72,52,33,-73,54,45,-27,-51,-87,-60
-18,-109,-58,72,10,-96,61,21,-19,-60,-80,-68
-38,-86,-58,60,51,-83,54,27,-21,-65,-65,-51
-26,-91,-64,62,12,-64,47,40,-30,-71,-88,-73
-36,-81,-89,71,33,-63,51,33,-10,-50,-76,-62
-10,-102,-38,51,18,-60,50,32,-24,-63,-88,-61
-18,-87,-63,60,21,-58,55,63,-30,-74,-84,-66
-35,-102,-62,33,41,-84,41,32,-27,-89,-69,-52
-11,-85,-66,33,7,-77,49,47,-27,-65,-83,-73
-11,-94,-43,49,7,-54,75,39,-27,-65,-64,-50
-31,-89,-83,60,29,-67,52,38,-9,-60,-88,-81
-24,-72,-40,40,14,-89,41,50,-16,-65,-83,-65
-23,-92,-63,75,27,-68,44,45,-17,-71,-52,-69
-14,-80,-58,50,14,-62,24,29,-28,-41,-81,-74
-46,-77,-60,55,-6,-54,53,33,-18,-54,-75,-50
-12,-90,-52,40,34,-90,40,39,-7,-38,-62,-29
-15,-67,-47,38,4,-65,26,25,-1,-28,-58,-53
-11,-62,-58,74,-21,-75,27,26,-10,-46,-64,-49
-37,-59,-44,31,-14,-58,47,20,-13,-45,-67,-68
-42,-50,-34,73,3,-56,51,35,-12,-57,-48,-28
-9,-62,-30,37,7,-57,22,30,-20,-67,-71,-33
-20,-51,-41,35,16,-23,40,21,-17,-51,-74,-52
9,-54,-37,36,13,-59,40,27,-36,-51,-53,-31
7,-53,-32,40,-5,-47,35,10,-12,-41,-33,-71
-23,-43,-16,33,-2,-59,31,18,-25,-15,-53,-45
-13,-31,-38,31,6,-22,32,19,-14,-13,-23,-30
-14,-37,-22,21,11,-30,11,21,-6,-2,-10,-21
-2,-53,-25,25,21,-10,15,0,-15,-21,-26,-16
-19,-18,-14,8,8,-19,14,6,0,-14,-2,-4
-15,-24,-23,18,2,-14,22,-8,-8,-1,-18,6
-20,7,1,-5,-1,10,4,5,7,8,-10,14
-6,-13,9,5,-7,1,-1,3,7,8,16,-6
-13,49,10,-4,-15,17,-13,2,24,12,5,14
3,21,16,-1,25,35,5,0,-8,37,19,28
15,25,20,-24,-4,33,-27,-4,22,9,52,17
22,23,22,-26,-8,15,-32,-8,14,17,44,30
16,38,23,-42,-8,50,-32,-8,17,41,64,28
26,62,48,-19,-29,41,-34,-26,32,37,53,31
5,80,58,-55,-35,51,-36,-25,30,47,63,30
42,73,53,-60,-14,85,-42,-6,14,55,54,76
20,103,42,-44,-3,57,-37,-44,23,49,95,79
33,87,67,-70,6,79,-45,-55,19,85,86,82
39,124,76,-76,-28,85,-41,-58,48,74,93,81
40,126,50,-80,-18,111,-63,-54,16,94,87,79
24,115,63,-93,-25,124,-82,-53,51,87,109,76
42,153,98,-81,-24,120,-77,-66,50,101,135,113
41,148,91,-106,-11,99,-72,-74,37,108,125,100
52,158,89,-113,-23,125,-95,-64,43,109,146,109
49,145,118,-102,-26,131,-92,-81,61,98,161,96
68,162,94,-97,-20,137,-101,-55,38,135,124,104
83,172,118,-127,-24,119,-99,-65,71,116,146,109
75,191,115,-123,-14,143,-67,-75,56,142,158,125
69,165,122,-113,-31,138,-92,-85,34,116,196,99
67,170,110,-113,-42,148,-89,-75,69,154,163,116
60,179,91,-126,-32,142,-103,-77,58,128,149,115
86,197,133,-130,-27,140,-107,-53,58,146,172,110
62,172,111,-112,-21,156,-75,-70,56,118,143,126
74,193,112,-116,-16,156,-81,-70,44,141,158,138
63,184,104,-122,-27,153,-99,-59,43,145,157,125
57,180,109,-120,-2,150,-99,-78,37,119,146,113
47,162,125,-127,-28,133,-94,-79,35,110,153,138
63,141,96,-109,-19,145,-90,-63,70,107,132,112
58,148,132,-109,-9,145,-87,-57,73,118,145,121
34,147,109,-83,-2,130,-92,-72,53,141,129,103
46,155,119,-85,-12,115,-70,-67,49,106,120,116
33,131,100,-74,-40,105,-67,-54,40,102,134,102
40,111,86,-74,-9,112,-64,-48,21,106,125,106
51,105,69,-74,-25,88,-46,-71,34,83,117,119
34,110,71,-60,-18,92,-70,-44,39,95,107,95
19,83,50,-47,-13,95,-50,-50,33,56,94,64
11,82,55,-56,-24,86,-50,-53,27,65,80,66
27,70,36,-61,-13,62,-52,-42,12,52,77,77
18,79,43,-34,-12,54,-32,-30,22,79,84,61
-12,25,46,-49,-15,51,-26,-38,13,56,78,44
5,54,20,-48,0,25,-39,-20,13,35,40,8
10,50,23,-17,-6,52,5,-8,28,39,34,40
35,37,11,-16,25,12,-6,0,28,20,9,17
-9,29,8,-15,17,29,0,-34,13,-5,13,21
-2,-3,4,-8,10,7,3,-20,5,18,12,5
-6,20,-3,-6,8,24,8,-2,-10,12,1,-9
-13,-6,-26,17,0,10,3,-11,6,-3,-5,-16
-8,-19,-21,-3,-17,-8,4,12,-8,-14,-6,-17
-15,-37,-39,7,23,-40,5,-9,5,-14,-23,-24
-8,-31,-31,31,0,-23,16,4,-6,-32,-21,-21
-8,-52,3,31,20,-45,23,9,-16,-26,-45,1
-13,-37,-14,30,11,-32,39,16,-27,-44,-55,-39
-14,-33,-2,60,3,-51,43,12,2,-37,-30,-50
4,-54,-46,17,9,-40,32,30,-34,-51,-42,-24
-26,-43,-49,36,2,-69,33,14,-4,-40,-43,-33
-20,-66,-49,52,59,-71,33,29,-19,-52,-58,-43
1,-68,-54,50,-14,-75,34,21,-27,-57,-65,-35
-21,-65,-46,34,12,-66,23,3,-17,-42,-68,-42
-39,-55,-26,58,7,-58,44,31,-10,-39,-42,-52
-22,-86,-60,49,15,-56,42,21,-29,-58,-71,-64
-27,-105,-80,58,-1,-71,47,29,-29,-74,-86,-47
-35,-88,-68,40,-12,-62,44,27,-31,-64,-60,-46
-18,-114,-53,65,20,-73,43,24,-29,-63,-76,-63
-28,-121,-64,72,6,-84,59,39,-39,-68,-80,-71
-28,-96,-62,69,26,-81,68,38,-25,-89,-106,-82
-56,-121,-57,88,21,-96,52,43,-14,-87,-104,-74
-42,-105,-80,68,15,-110,71,66,-60,-96,-102,-78
-30,-127,-99,94,7,-116,81,64,-62,-90,-122,-103
-52,-115,-85,125,0,-118,64,67,-31,-112,-122,-119
-70,-148,-112,99,27,-110,96,61,-67,-126,-153,-117
-74,-172,-74,120,42,-126,76,62,-48,-125,-151,-116
-70,-221,-105,126,31,-152,109,52,-46,-147,-167,-122
-49,-209,-134,153,21,-156,119,78,-30,-152,-189,-133
-98,-223,-128,132,52,-173,121,90,-74,-168,-209,-124
-72,-231,-155,133,42,-192,112,81,-89,-182,-213,-167
-88,-255,-140,139,27,-199,129,76,-78,-171,-220,-172
-104,-254,-175,185,31,-200,151,98,-74,-188,-225,-166
-113,-229,-153,165,21,-201,150,109,-60,-200,-237,-182
-80,-230,-162,177,43,-212,137,101,-72,-186,-217,-166
-100,-238,-171,152,55,-197,146,90,-81,-176,-218,-182
-47,-217,-142,157,39,-190,138,101,-58,-168,-187,-134
-51,-188,-132,128,34,-152,108,85,-62,-153,-169,-133
-41,-136,-90,96,27,-127,76,62,-47,-124,-139,-97
-34,-81,-61,51,12,-85,59,33,-41,-55,-72,-60
-18,-29,-31,3,2,-34,-1,-35,9,-17,5,-18
23,88,57,-38,-13,43,-39,-24,24,71,73,36
46,153,118,-133,-21,137,-77,-66,58,121,129,120
83,276,182,-168,-62,230,-146,-110,74,193,226,163
140,379,255,-267,-54,306,-210,-129,100,294,333,250
171,469,318,-314,-82,421,-260,-208,126,372,439,329
206,582,390,-402,-81,519,-326,-236,183,435,542,416
240,711,440,-492,-109,581,-402,-297,220,522,635,476
256,806,528,-538,-109,686,-422,-325,232,612,700,550
320,865,564,-591,-134,750,-476,-368,269,668,797,605
354,957,625,-658,-157,797,-540,-362,289,715,862,662
364,983,643,-663,-145,821,-528,-409,310,759,876,707
337,1010,665,-688,-136,828,-552,-405,280,739,905,716
346,991,639,-659,-155,804,-566,-374,298,752,902,687
333,937,612,-658,-155,762,-542,-373,278,723,871,677
335,903,604,-613,-127,743,-495,-343,271,641,772,624
262,777,516,-546,-128,663,-431,-315,239,602,702,572
239,701,467,-464,-91,583,-408,-288,213,520,647,478
187,589,387,-414,-94,489,-336,-229,169,430,521,413
175,491,306,-322,-71,404,-285,-185,140,346,439,336
146,363,251,-230,-51,296,-199,-133,101,284,313,228
72,226,146,-159,-34,188,-116,-100,69,177,234,162
28,127,87,-77,-13,94,-70,-58,22,90,103,81
33,19,46,1,3,-1,-30,-8,-16,14,1,9
-19,-58,-37,72,18,-65,52,38,-32,-49,-70,-59
-64,-142,-99,122,16,-126,88,70,-44,-96,-144,-124
-73,-207,-171,170,23,-187,123,91,-96,-164,-205,-140
-108,-287,-174,201,58,-242,149,126,-100,-201,-251,-187
-115,-318,-211,218,46,-269,177,138,-101,-233,-301,-215
-127,-347,-237,241,53,-290,183,147,-108,-281,-327,-259
-123,-363,-237,243,51,-316,211,149,-99,-286,-323,-259
-123,-379,-248,265,66,-312,200,138,-122,-276,-339,-253
-138,-374,-251,275,60,-318,216,147,-111,-280,-331,-272
-109,-368,-232,247,45,-293,192,133,-103,-264,-323,-251
-127,-369,-236,220,44,-288,198,132,-135,-250,-320,-251
-132,-337,-215,244,56,-271,176,127,-104,-265,-300,-249
-122,-309,-232,205,42,-249,190,135,-103,-228,-264,-214
-80,-284,-190,191,37,-228,135,127,-71,-210,-243,-205
-84,-266,-164,167,34,-219,144,105,-77,-194,-230,-187
-81,-239,-132,144,43,-176,128,87,-74,-188,-204,-166
-82,-201,-157,130,35,-180,92,60,-68,-158,-178,-123
-57,-197,-125,130,24,-144,117,73,-55,-144,-164,-155
-59,-147,-113,125,14,-152,100,58,-36,-142,-141,-123
-54,-164,-100,87,20,-112,91,36,-32,-80,-126,-105
-59,-141,-86,137,0,-133,79,37,-67,-116,-132,-80
-34,-137,-95,88,44,-100,61,43,-33,-94,-141,-80
-33,-116,-83,89,-1,-97,50,32,-33,-108,-106,-89
-39,-128,-75,74,26,-91,61,56,-35,-87,-103,-94
-40,-100,-69,84,16,-89,65,36,-39,-77,-108,-66
-23,-126,-72,91,27,-91,62,44,-21,-88,-92,-72
-41,-102,-86,76,9,-79,55,64,-27,-73,-74,-83
-48,-87,-78,73,11,-81,41,30,-33,-83,-107,-73
-45,-97,-61,56,1,-77,56,33,-18,-58,-82,-31
-34,-102,-38,49,-2,-66,74,53,-31,-79,-99,-69
-59,-92,-65,80,14,-67,53,20,-36,-79,-85,-59
-28,-99,-47,49,11,-62,63,32,-33,-75,-99,-94
-46,-90,-45,62,29,-68,44,29,-23,-63,-78,-43
-39,-76,-76,44,-7,-65,51,32,-17,-69,-69,-50
-36,-67,-72,70,-1,-60,36,52,-23,-62,-77,-84
-14,-84,-47,30,-1,-76,29,27,-11,-75,-61,-59
-16,-71,-62,55,-10,-42,44,18,-12,-66,-53,-61
-46,-110,-45,64,15,-44,45,20,-33,-58,-82,-55
-37,-81,-42,35,5,-63,53,27,-23,-31,-70,-37
-25,-57,-61,12,7,-49,41,24,-28,-50,-81,-44
-26,-37,-18,62,16,-51,30,11,-7,-48,-43,-40
-33,-72,-33,43,8,-28,14,20,-38,-41,-59,-27
-4,-53,-35,30,1,-58,21,26,-20,-41,-53,-29
-13,-57,-37,44,-15,-33,37,-6,-14,-41,-63,-19
-27,-37,-21,47,9,-19,18,18,-14,-16,-37,-36
-20,-23,-29,16,13,-27,16,-8,12,-17,-45,-6
9,-40,-20,23,-3,-34,30,10,-6,-24,-31,-25
-7,-22,13,23,-14,-7,21,9,-9,-19,-47,-22
-9,-18,-25,14,-8,-17,12,22,9,0,-34,-14
-11,-6,-15,9,-8,-5,6,11,-9,4,-1,22
-21,-2,-11,11,21,-7,20,4,5,-16,1,-14
-1,-7,0,8,-8,-19,-20,6,-19,3,9,27
-6,17,5,-39,2,-10,-15,-2,7,4,0,10
-2,-1,4,4,5,19,4,9,-1,14,-6,18
20,5,23,-24,-9,42,-21,-4,23,25,25,9
-18,29,3,-28,15,15,-21,-12,-6,40,35,0
24,40,8,-18,-24,30,-15,-8,-11,32,22,22
-10,63,31,-38,-13,47,-37,-21,36,26,58,40
17,50,19,-32,-10,36,-29,-17,22,35,66,16
30,42,38,-26,-2,43,-34,-8,3,43,35,52
29,74,43,-33,-25,54,-48,-26,25,58,56,59
13,67,50,-66,14,70,-65,-46,29,43,61,36
22,94,44,-78,-1,65,-41,-35,13,62,96,56
54,94,57,-80,-8,88,-72,-42,17,79,83,58
77,111,83,-106,-4,85,-45,-34,47,63,112,67
63,105,65,-57,-12,71,-69,-45,12,78,102,99
56,136,83,-98,-16,100,-46,-41,59,94,126,88
33,133,81,-95,-44,130,-64,-46,35,99,127,103
45,155,93,-104,-17,118,-62,-53,55,129,133,103
40,154,104,-80,-25,140,-86,-70,20,99,124,94
76,164,99,-109,-13,123,-93,-76,32,130,154,105
67,182,115,-104,-24,175,-90,-79,39,157,154,114
52,185,116,-119,-32,177,-63,-71,57,152,173,122
45,178,142,-111,-58,166,-98,-97,49,145,177,130
70,203,144,-147,-33,181,-101,-79,70,166,196,147
81,207,158,-168,-9,194,-111,-77,66,155,198,161
93,223,157,-158,-52,174,-120,-74,84,169,206,163
66,235,151,-150,-63,201,-142,-97,73,176,197,155
83,244,152,-154,-53,204,-113,-83,52,211,208,185
73,263,151,-159,-51,210,-128,-105,76,188,209,162
78,275,180,-198,-24,217,-146,-92,72,215,257,188
88,251,164,-176,-49,244,-164,-126,105,186,250,204
87,300,185,-190,-34,231,-159,-85,81,224,253,181
114,255,190,-191,-51,244,-133,-124,88,223,252,190
118,279,194,-216,-55,237,-170,-125,78,203,258,195
99,302,196,-201,-28,257,-160,-129,100,214,272,204
118,297,214,-217,-32,249,-183,-108,78,209,284,213
117,298,197,-180,-28,270,-194,-131,102,235,255,203
115,310,195,-218,-66,291,-181,-144,67,239,296,211
108,318,203,-220,-47,255,-199,-112,91,242,291,208
118,334,203,-221,-67,267,-155,-140,107,234,274,231
127,333,230,-220,-23,279,-202,-142,95,265,291,246
102,329,216,-222,-64,282,-184,-119,88,239,287,207
107,365,236,-244,-37,281,-180,-139,96,252,296,229
131,338,226,-217,-53,264,-179,-118,78,261,286,209
94,329,196,-244,-47,265,-173,-120,93,236,296,233
98,325,220,-234,-66,281,-185,-139,85,254,292,232
117,321,214,-217,-65,288,-183,-144,103,261,310,222
107,328,200,-231,-41,298,-178,-138,104,243,283,234
116,308,183,-209,-47,278,-165,-132,101,246,306,243
121,318,217,-214,-50,279,-163,-138,92,249,304,234
128,316,211,-222,-73,273,-185,-136,84,234,286,239
124,310,214,-199,-36,278,-181,-133,86,237,293,229
121,308,217,-214,-19,259,-172,-107,74,235,297,214
88,318,204,-220,-31,273,-178,-120,79,236,278,221
88,310,212,-217,-54,254,-182,-130,96,237,274,202
111,320,202,-194,-51,233,-151,-127,94,236,278,208
115,318,210,-191,-43,247,-147,-114,93,221,276,214
103,285,191,-216,-36,261,-168,-119,74,219,267,187
88,281,165,-200,-36,250,-146,-113,93,205,238,192
104,263,184,-198,-54,217,-171,-97,74,197,239,164
69,275,166,-179,-24,254,-151,-118,54,204,239,181
102,267,148,-166,-27,220,-142,-108,54,183,229,209
99,251,155,-175,-30,224,-126,-77,62,187,237,192
83,239,167,-177,-30,205,-147,-93,76,187,219,151
84,223,136,-158,-50,180,-135,-93,69,163,214,167
59,228,124,-141,-31,194,-115,-116,52,173,205,163
76,202,168,-143,-36,175,-110,-89,74,132,205,148
64,209,131,-150,-14,185,-118,-91,67,166,194,131
78,209,143,-141,-24,157,-114,-67,42,138,156,150
42,198,121,-107,-31,132,-98,-72,54,152,156,133
62,165,106,-133,-16,153,-75,-79,51,118,154,128
86,162,108,-95,-26,127,-97,-57,39,121,150,113
37,149,113,-113,0,126,-68,-83,61,94,146,128
53,136,90,-93,-15,125,-77,-47,55,116,118,93
31,139,91,-102,-23,132,-80,-43,25,110,112,102
42,116,75,-85,-28,79,-71,-62,27,88,118,59
42,105,82,-63,-14,83,-73,-44,53,81,99,78
43,100,71,-92,-1,101,-41,-65,30,101,109,74
42,98,81,-75,-5,80,-45,-36,30,70,92,60
42,71,54,-59,-24,83,-40,-28,27,59,95,71
23,68,62,-43,-15,65,-38,-46,6,73,65,56
27,80,36,-29,-6,32,-36,-26,22,39,50,46
7,64,22,-29,-13,45,-28,-35,33,45,44,41
19,60,19,-19,-25,50,-25,-7,19,40,37,52
-12,57,26,-53,-23,34,-7,-11,8,26,46,5
25,32,11,-32,-18,15,-28,-25,-19,-3,2,25
3,7,30,-13,-2,3,-2,-21,28,-3,22,-5
-2,-15,9,-10,3,12,9,-4,5,1,13,18
-1,10,-9,6,1,0,13,-12,6,13,2,-11
-2,-24,-3,-8,26,-8,0,1,-15,-11,-19,3
-5,-14,-16,15,10,-10,-3,-3,2,-16,0,8
-6,-4,-4,16,-28,-24,-3,1,-3,-13,-19,-27
4,-14,-9,37,10,-29,23,18,0,-8,-24,-16
7,-27,-18,-5,6,-44,15,-3,7,-19,-52,-18
-15,-28,-26,24,1,-18,14,-5,-14,-8,-19,-23
-12,-39,-32,19,8,-26,16,20,-18,-41,-23,-49
-23,-46,-1,28,9,-8,4,24,-19,-24,-33,-26
-19,-67,-32,15,26,-30,34,13,-23,-40,-47,-46
-17,-56,-35,39,2,-50,54,33,-21,-26,-57,-30
-13,-57,-37,32,17,-48,23,32,-33,-65,-43,-53
-15,-78,-9,24,-10,-52,45,0,-41,-41,-65,-59
-16,-57,-46,57,-9,-57,48,23,-18,-40,-54,-20
-24,-73,-60,50,27,-63,37,33,-17,-57,-76,-54
-31,-69,-51,41,16,-56,32,40,-25,-82,-79,-46
-4,-79,-70,53,-1,-82,34,49,-47,-56,-63,-48
-37,-86,-49,42,-1,-59,52,40,-36,-76,-69,-47
-25,-85,-48,53,-6,-75,29,35,-39,-68,-77,-86
-35,-82,-68,65,8,-84,39,23,-35,-78,-67,-48
-51,-82,-85,61,2,-80,48,18,-13,-71,-93,-85
9,-84,-46,90,34,-83,41,13,-18,-53,-62,-74
-31,-105,-76,49,-7,-86,53,52,-22,-93,-92,-68
-46,-109,-62,70,4,-89,65,18,-28,-68,-77,-58
-15,-92,-43,87,-14,-81,51,45,-44,-77,-107,-47
-51,-89,-65,50,17,-84,56,54,-24,-68,-73,-60
-26,-134,-61,62,15,-95,64,44,-28,-79,-98,-68
-30,-104,-57,80,16,-85,42,40,-55,-60,-81,-95
-33,-100,-75,84,11,-62,85,32,-53,-63,-107,-73
-9,-95,-57,59,-16,-94,63,47,-30,-75,-100,-84
-26,-99,-80,76,40,-86,55,35,-42,-80,-72,-86
-26,-111,-78,89,33,-85,47,29,-28,-93,-110,-69
-42,-116,-58,85,36,-81,70,36,-22,-91,-96,-71
-28,-83,-69,77,15,-78,75,64,-41,-78,-117,-81
-19,-102,-65,71,41,-71,52,48,-33,-82,-112,-83
-56,-125,-50,71,34,-85,71,38,-10,-85,-109,-82
-34,-112,-79,85,3,-94,72,30,-2,-69,-80,-76
-38,-120,-97,89,12,-92,56,55,-51,-109,-109,-96
-40,-101,-70,68,11,-100,57,55,-48,-86,-91,-61
-39,-109,-79,87,18,-125,61,58,-21,-77,-92,-75
-58,-126,-97,84,22,-104,53,40,-44,-76,-109,-64
-37,-114,-59,65,20,-77,53,42,-25,-74,-116,-85
-34,-113,-70,56,19,-87,56,49,-25,-69,-126,-96
-52,-104,-65,53,-3,-46,61,42,-50,-87,-77,-81
-34,-109,-75,81,20,-87,59,39,-52,-97,-85,-85
-25,-87,-73,56,18,-87,47,48,-21,-71,-103,-73
-60,-95,-48,65,8,-79,80,26,-31,-72,-107,-74
-45,-104,-58,70,-3,-73,62,46,-23,-67,-107,-81
-38,-113,-69,89,4,-78,43,30,-44,-89,-87,-72
-56,-111,-81,72,19,-101,52,42,-35,-85,-113,-88
-31,-133,-52,70,17,-88,44,46,-29,-84,-102,-60
-32,-107,-63,74,4,-83,44,30,-1,-69,-103,-87
-34,-94,-57,74,5,-78,44,38,-62,-77,-102,-72
-35,-139,-70,80,6,-103,68,29,-48,-81,-89,-81
-53,-107,-59,78,15,-76,60,32,-42,-100,-114,-90
-38,-86,-75,67,11,-112,38,20,-29,-65,-99,-92
-36,-114,-62,68,7,-72,68,73,-33,-73,-113,-81
-26,-106,-80,60,21,-83,67,21,-28,-75,-91,-79
-35,-97,-65,78,12,-79,60,25,-38,-77,-109,-54
-34,-108,-78,81,26,-84,69,66,-24,-72,-118,-85
-23,-95,-58,83,19,-91,71,39,-35,-80,-85,-80
-52,-103,-66,65,9,-94,39,54,-49,-90,-93,-64
-58,-114,-85,67,7,-98,56,43,-47,-77,-101,-80
-33,-96,-71,82,26,-72,53,55,-27,-66,-82,-62
-24,-113,-66,60,12,-72,75,41,-32,-71,-95,-72
-40,-108,-88,67,18,-80,47,36,-47,-62,-97,-91
-61,-114,-64,40,23,-68,60,58,-38,-75,-91,-54
-26,-95,-82,73,1,-94,64,21,-16,-64,-74,-80
-39,-96,-78,76,28,-98,52,38,-45,-80,-99,-88
-46,-118,-65,71,41,-81,59,34,-21,-75,-74,-78
-34,-109,-54,99,14,-95,55,42,-32,-84,-119,-64
-35,-93,-79,77,25,-95,60,51,-42,-81,-104,-68
-24,-92,-73,53,10,-67,47,40,-25,-87,-99,-71
-38,-101,-76,99,25,-100,52,51,-24,-93,-84,-92
-38,-99,-42,68,16,-107,91,36,-16,-90,-78,-46
-34,-92,-56,56,-18,-77,57,15,-20,-91,-82,-77
-24,-96,-58,58,27,-77,45,16,-25,-77,-103,-64
-45,-110,-61,61,17,-78,69,52,-2,-99,-88,-60
-46,-94,-73,79,13,-82,46,46,-35,-68,-84,-68
-28,-108,-58,85,33,-88,35,37,-30,-80,-74,-56
-30,-87,-74,67,12,-70,48,31,-23,-90,-80,-91
-55,-94,-65,77,39,-72,37,26,-30,-77,-119,-69
-22,-100,-80,60,16,-96,38,25,-25,-69,-91,-80
-50,-95,-21,66,-1,-81,70,34,-35,-80,-99,-55
-25,-89,-54,49,22,-89,52,22,-36,-78,-93,-50
-27,-88,-51,76,31,-81,39,33,-24,-73,-80,-81
-25,-117,-69,68,30,-63,64,22,-36,-73,-106,-47
-39,-95,-57,71,14,-66,39,49,-26,-67,-72,-85
-37,-86,-50,69,17,-80,38,21,-21,-63,-71,-73
-13,-86,-47,55,5,-63,42,61,-18,-48,-57,-33
-31,-95,-46,62,21,-93,51,25,-56,-55,-76,-62
-38,-87,-65,53,-21,-69,32,32,-2,-87,-57,-60
-36,-84,-50,59,12,-77,35,36,-19,-61,-63,-59
-42,-73,-67,50,21,-46,65,7,1,-52,-60,-59
2,-66,-52,49,19,-70,34,15,-45,-55,-78,-85
-29,-61,-26,56,30,-57,28,25,-15,-45,-82,-29
-52,-65,-26,51,-1,-58,39,44,-9,-54,-81,-56
-24,-53,-52,41,36,-48,50,41,-19,-62,-53,-58
-22,-78,-36,44,-7,-65,24,46,-7,-22,-53,-35
4,-39,-14,44,22,-49,10,36,-20,-35,-38,-30
-18,-72,-51,59,-13,-29,36,16,-30,-7,-32,-49
-11,-40,-29,34,20,-34,29,19,-19,-6,-10,-38
-26,-17,-19,25,-21,-43,18,21,-11,-41,-19,-32
-12,-23,-31,20,23,-18,8,10,-10,-32,-8,-25
-3,-9,-17,36,-1,-22,18,20,-14,5,-29,-24
-16,-9,-15,30,5,-5,2,20,-15,-8,-5,-20
-6,3,-36,-12,16,-30,-1,16,-19,-13,-3,-1
15,-13,0,5,5,4,-13,11,17,0,-8,8
-7,7,0,-15,0,-1,-6,-11,-9,24,-8,20
17,19,16,-22,1,41,-34,-14,5,10,44,18
-12,23,25,-16,5,12,-4,-26,19,19,38,29
15,58,6,-31,14,32,-47,-18,8,4,60,14
11,40,36,-23,-1,63,-31,-12,14,24,30,27
13,63,22,-32,-5,21,-37,-15,19,40,52,37
-1,88,25,-58,-5,51,-19,-16,18,58,76,45
16,67,28,-39,-18,61,-34,-61,9,76,61,53
34,87,43,-53,2,69,-38,-35,48,72,80,72
47,101,66,-68,-4,81,-61,-48,30,81,117,56
27,110,69,-69,-19,107,-57,-45,27,94,82,87
31,124,66,-91,-33,112,-56,-44,32,81,118,93
41,102,96,-76,-15,97,-69,-55,33,78,123,78
36,134,103,-100,-15,93,-50,-24,46,101,125,99
46,151,95,-81,-16,105,-64,-59,28,120,122,97
62,152,88,-98,-20,127,-88,-40,55,95,127,115
46,134,100,-116,-20,114,-91,-51,46,128,145,100
67,178,102,-112,-19,142,-92,-74,70,129,149,87
57,172,109,-97,-28,128,-97,-53,39,124,146,137
51,188,121,-108,-15,152,-108,-80,55,129,174,119
44,182,144,-135,-28,152,-100,-75,43,117,169,129
52,188,126,-109,-21,156,-97,-68,66,129,168,105
76,168,105,-107,-13,145,-100,-49,47,136,172,135
54,185,143,-120,-22,149,-109,-50,58,159,186,131
72,182,128,-121,-17,197,-111,-72,66,157,176,125
46,198,93,-122,-43,144,-115,-61,59,156,186,126
68,207,136,-154,-10,158,-84,-68,65,125,161,128
58,189,128,-151,-43,163,-73,-68,35,136,161,93
69,170,97,-126,-44,162,-90,-107,45,132,162,117
68,176,118,-91,-26,156,-109,-54,43,121,162,130
61,166,84,-121,-17,144,-91,-65,59,131,148,113
45,157,121,-113,-14,147,-74,-61,50,146,165,123
75,165,108,-114,-37,138,-90,-75,54,122,147,99
31,139,88,-98,-23,127,-109,-46,42,134,131,105
60,153,104,-90,-21,125,-90,-61,33,98,124,107
56,130,71,-109,-27,137,-82,-58,32,96,123,90
33,124,87,-83,-14,108,-81,-40,33,90,104,100
32,138,98,-74,-28,101,-70,-50,61,93,104,72
62,92,72,-78,-9,98,-81,-29,55,67,95,78
39,98,64,-72,-7,89,-58,-47,32,105,123,87
20,101,54,-65,-14,66,-34,-16,28,71,79,53
30,79,60,-74,-24,90,-18,-21,16,66,76,63
7,72,49,-50,7,51,-35,-19,18,58,77,58
30,54,42,-48,-12,45,-28,-3,24,57,44,37
15,55,41,-19,-15,43,-20,-5,28,41,34,43
5,70,14,-33,-9,38,-10,-24,8,46,46,20
8,19,11,-19,4,45,-12,-10,-1,23,19,30
6,15,12,-2,9,15,-8,-40,28,32,34,19
-1,11,1,3,21,37,18,0,9,7,-12,5
-3,-8,17,-6,4,-6,-7,-12,-1,-7,-1,14
-5,-34,0,3,-17,-28,4,3,16,-14,-22,12
-5,-28,-1,-9,-3,-18,7,-14,-1,-18,-15,-18
2,-9,-25,16,2,-20,13,24,-24,-8,-35,-12
-20,-36,-10,2,-5,-13,34,10,-2,-35,-35,-10
-7,-35,-37,20,0,-36,21,2,-10,-25,-56,-36
-7,-31,-9,17,3,-39,18,13,-15,-18,-48,-36
-12,-30,-25,35,9,-40,29,24,1,-26,-54,-24
-7,-74,-35,41,3,-45,29,26,-22,-20,-43,-51
-25,-61,-34,40,-2,-49,35,54,-12,-47,-60,-48
-24,-56,-28,47,-14,-60,29,21,-11,-42,-63,-42
-29,-63,-28,30,18,-61,37,39,-5,-43,-68,-32
-40,-74,-32,63,35,-54,53,29,-10,-40,-83,-56
2,-63,-44,47,16,-57,60,42,-34,-49,-61,-65
-36,-97,-62,43,10,-70,30,22,-9,-58,-59,-56
7,-72,-51,61,1,-88,69,36,-34,-48,-69,-55
-37,-74,-65,54,-6,-76,46,22,1,-79,-77,-56
-10,-87,-57,45,17,-101,54,26,-23,-71,-102,-59
-26,-99,-57,95,33,-78,55,34,-23,-60,-102,-65
-35,-118,-49,75,14,-89,74,47,-21,-98,-84,-82
-62,-124,-72,61,13,-97,55,45,-35,-82,-97,-69
-33,-114,-74,100,33,-100,64,44,-25,-77,-130,-65
-51,-125,-85,85,3,-85,62,62,-35,-88,-112,-70
-48,-131,-106,94,21,-111,83,68,-39,-96,-119,-99
-47,-142,-98,89,18,-137,96,40,-31,-97,-132,-88
-74,-158,-99,122,27,-132,101,71,-54,-127,-170,-129
-72,-194,-130,123,36,-150,83,51,-51,-130,-160,-136
-76,-219,-116,152,29,-177,102,70,-91,-145,-181,-163
-70,-228,-126,152,29,-173,127,90,-57,-179,-201,-159
-84,-215,-146,194,26,-201,148,87,-80,-191,-205,-157
-99,-250,-178,159,24,-210,148,118,-76,-204,-245,-167
-113,-250,-169,175,38,-216,137,121,-81,-215,-231,-172
-108,-258,-171,169,34,-210,153,111,-63,-199,-228,-173
-101,-257,-152,160,32,-207,132,107,-84,-183,-238,-163
-64,-254,-169,164,24,-215,155,97,-83,-169,-221,-174
-58,-201,-137,141,25,-189,112,74,-86,-152,-185,-143
-37,-177,-117,113,16,-150,101,58,-57,-124,-160,-100
-62,-120,-85,96,1,-114,67,44,-47,-111,-113,-97
-29,-64,-56,50,10,-50,67,22,-16,-52,-59,-70
-9,-12,-32,10,-3,-19,-8,-14,-13,-5,-20,-33
14,60,45,-40,-15,52,-10,-21,14,57,56,44
51,123,93,-78,5,117,-83,-60,53,122,133,108
105,243,154,-184,-30,200,-139,-91,78,171,232,170
119,375,245,-258,-54,307,-180,-142,108,250,331,245
171,466,293,-328,-85,386,-265,-185,151,350,426,319
191,574,387,-392,-99,488,-310,-250,194,420,523,399
223,682,442,-454,-94,573,-362,-301,197,508,611,500
285,795,524,-546,-136,653,-426,-303,242,576,701,576
335,889,582,-573,-139,742,-498,-347,255,651,812,604
350,957,610,-660,-137,768,-527,-387,271,708,861,672
334,999,643,-702,-144,825,-531,-390,312,740,882,689
339,1050,650,-705,-159,872,-581,-403,306,791,916,709
344,1028,665,-714,-169,842,-566,-422,288,768,913,736
349,1017,658,-700,-158,827,-552,-435,304,761,925,690
321,948,618,-655,-133,791,-507,-376,288,713,843,677
317,869,579,-596,-139,725,-473,-342,264,666,794,607
280,800,499,-545,-110,628,-432,-304,233,589,697,538
232,662,443,-466,-105,559,-346,-293,201,487,611,468
223,560,376,-374,-87,464,-300,-253,173,415,514,396
165,441,275,-292,-60,355,-237,-171,148,338,390,306
108,316,231,-215,-42,273,-160,-137,99,262,295,237
78,191,126,-142,-35,170,-112,-80,59,153,171,166
53,100,54,-64,-22,58,-49,-45,13,72,91,59
-6,16,9,-15,8,-17,-11,3,4,27,4,4
-41,-95,-46,60,30,-84,39,25,-27,-50,-75,-51
-55,-160,-116,130,33,-137,81,66,-26,-131,-139,-105
-73,-218,-156,145,26,-181,114,90,-77,-163,-194,-161
-112,-269,-185,181,33,-218,132,104,-92,-213,-264,-186
-136,-335,-185,217,28,-264,176,102,-83,-235,-264,-222
-107,-345,-239,232,46,-286,173,121,-90,-244,-283,-224
-121,-339,-244,230,57,-283,195,134,-93,-267,-307,-253
-112,-348,-240,220,50,-289,214,162,-112,-254,-340,-250
-127,-367,-214,233,34,-283,174,160,-91,-271,-313,-210
-118,-317,-206,223,64,-264,173,123,-91,-253,-296,-248
-107,-308,-228,207,48,-256,172,120,-71,-234,-291,-221
-98,-281,-199,199,65,-233,156,126,-109,-233,-280,-204
-91,-257,-175,187,24,-200,156,103,-85,-208,-243,-188
-70,-230,-131,178,37,-173,134,93,-54,-190,-216,-168
-68,-234,-136,145,19,-168,120,83,-62,-166,-180,-140
-43,-186,-119,118,35,-153,109,56,-58,-136,-155,-130
-56,-164,-96,144,10,-150,93,69,-38,-114,-155,-111
-46,-144,-87,74,14,-116,75,74,-40,-108,-137,-74
-20,-151,-69,107,18,-109,58,43,-27,-96,-116,-80
-58,-99,-83,88,27,-96,58,33,-35,-99,-96,-81
-42,-102,-80,56,7,-89,42,27,-51,-68,-89,-82
-38,-90,-52,32,-2,-74,70,36,-37,-75,-89,-76
-20,-95,-67,44,1,-116,36,12,2,-71,-72,-76
-27,-76,-43,61,20,-58,44,21,-49,-51,-68,-48
-27,-54,-69,44,13,-58,9,31,-32,-55,-66,-45
-18,-50,-42,53,13,-60,59,34,-21,-45,-83,-80
-41,-87,-28,53,26,-63,55,23,-20,-22,-53,-46
-26,-50,-49,31,-3,-56,55,27,-6,-39,-44,-47
-26,-61,-32,34,17,-66,38,12,-40,-62,-40,-27
-3,-67,-16,52,-7,-53,27,27,-26,-36,-42,-50
-20,-57,-25,37,16,-56,44,11,-8,-35,-43,-34
-25,-67,-37,30,-7,-22,14,14,-27,-34,-41,-41
-14,-75,-21,37,36,-29,26,7,-14,-45,-41,-28
-20,-67,-31,23,11,-28,25,16,13,-61,-38,-28
4,-59,-3,35,27,-61,28,-20,-19,-33,-32,-44
-17,-24,-43,22,16,-32,12,29,-15,-13,-48,-37
-10,-54,-23,24,-11,-38,4,7,-9,-23,-33,-39
-17,-56,-3,28,-1,-34,9,24,-12,-21,-38,-22
-2,-37,-9,40,-6,-10,-16,17,-10,-25,-21,-16
-5,-22,-9,39,-5,-11,18,4,-17,-17,-37,-24
-22,-30,-2,16,6,-28,0,-26,-10,-22,-24,-30
-24,-46,8,4,-16,-7,8,19,22,-27,-22,9
-2,-11,3,2,-1,-2,23,0,2,-20,-23,3
13,19,-1,12,-1,-13,0,-4,8,14,-10,0
15,2,7,8,14,-18,-13,5,-12,-16,-20,11
-18,12,8,-15,-25,3,-17,7,-1,15,-10,-3
-6,25,-3,-20,17,5,-3,25,16,8,27,5
19,15,9,-37,5,2,-7,-15,5,23,20,43
19,21,14,-33,-24,27,-4,-21,8,8,19,-3
9,52,6,-9,-6,19,-29,-19,-4,3,27,22
9,48,21,-30,-12,64,-18,-21,3,40,43,36
10,45,17,-22,21,25,-14,-12,26,38,11,21
14,40,29,-27,-16,37,-34,-30,-3,36,31,18
42,86,46,-21,-6,39,-37,-8,-10,59,75,56
29,84,34,-49,-31,68,-60,-40,8,55,61,52
16,83,43,-52,-19,81,-23,-34,4,56,78,64
35,66,47,-53,-5,76,-50,-37,15,46,78,66
30,87,51,-75,-24,76,-50,-36,20,80,95,63
36,77,74,-73,-18,79,-91,-40,24,72,103,58
42,121,75,-70,-8,106,-91,-39,20,81,108,83
48,125,92,-92,-41,103,-54,-46,17,91,83,94
27,132,87,-107,-13,102,-58,-60,37,119,94,90
45,123,108,-88,-21,109,-43,-37,30,93,120,87
51,147,105,-71,-20,134,-76,-91,43,109,141,116
44,153,109,-89,-13,142,-90,-66,64,110,133,138
44,177,108,-126,-20,140,-92,-80,46,109,156,119
70,162,120,-124,-41,169,-79,-85,66,131,180,120
59,189,132,-141,-18,139,-102,-71,52,154,170,133
84,217,117,-138,-33,160,-102,-95,62,135,185,144
51,196,140,-127,-25,166,-109,-63,61,158,209,134
77,220,154,-141,-22,191,-127,-92,60,151,198,152
62,233,144,-168,-20,193,-112,-81,41,182,223,159
81,242,176,-173,-27,201,-103,-100,70,198,225,137
101,231,164,-174,-27,228,-132,-91,54,192,214,170
97,238,175,-164,-41,218,-152,-103,92,171,228,161
90,273,176,-188,-26,236,-128,-108,87,195,247,193
98,266,190,-187,-16,219,-160,-100,89,198,253,204
104,301,192,-192,-53,244,-169,-107,84,200,263,201
93,300,183,-198,-58,236,-155,-119,77,237,266,227
111,311,211,-203,-9,263,-175,-121,108,225,264,241
148,329,214,-226,-51,283,-164,-114,102,250,289,221
126,324,199,-224,-74,283,-185,-110,85,256,299,219
109,339,232,-205,-39,277,-172,-128,100,245,315,240
120,344,234,-230,-47,299,-173,-132,120,265,312,251
109,341,226,-243,-51,308,-193,-138,101,264,312,233
135,354,239,-247,-18,303,-206,-135,104,270,295,254
117,382,229,-255,-38,279,-201,-155,88,286,325,274
126,389,211,-252,-65,299,-193,-150,119,265,326,253
105,381,243,-219,-54,302,-219,-145,104,282,315,244
154,393,244,-235,-75,319,-195,-153,111,293,323,288
117,384,235,-244,-62,314,-208,-145,83,280,322,269
139,384,260,-237,-54,301,-216,-147,110,288,324,253
136,384,228,-245,-58,307,-198,-167,84,289,362,268
143,377,235,-273,-58,331,-210,-146,120,289,317,280
180,379,229,-274,-66,319,-228,-145,124,293,338,259
115,392,257,-287,-48,309,-196,-173,100,298,362,270
140,386,256,-243,-46,326,-219,-175,115,286,339,260
143,405,259,-254,-45,322,-212,-167,125,326,354,260
134,415,248,-280,-75,297,-216,-159,96,280,347,279
144,361,233,-268,-56,321,-221,-166,117,308,330,280
140,383,260,-265,-42,306,-250,-167,108,263,346,280
127,393,253,-244,-52,311,-208,-134,135,290,320,262
153,386,229,-233,-44,325,-229,-159,107,289,339,259
144,376,242,-253,-40,293,-204,-160,116,278,342,258
121,362,232,-227,-39,273,-214,-144,115,280,333,265
161,368,227,-249,-56,302,-181,-140,104,263,334,245
99,356,217,-233,-58,303,-208,-149,115,271,332,265
138,362,239,-262,-57,308,-217,-150,100,252,319,273
110,360,234,-250,-54,302,-190,-156,114,248,286,226
115,360,213,-205,-52,295,-196,-145,93,235,304,242
127,326,195,-228,-60,284,-182,-136,104,236,286,226
122,302,196,-234,-42,283,-185,-114,88,251,274,222
113,309,194,-226,-22,271,-168,-101,72,230,268,199
97,322,188,-200,-32,238,-161,-113,94,218,289,211
92,295,189,-191,-46,264,-136,-126,75,218,254,218
113,265,194,-205,-53,226,-155,-132,90,222,263,192
99,284,197,-204,-47,221,-157,-133,95,222,256,189
90,273,202,-188,-56,240,-153,-114,79,225,235,197
85,260,175,-187,-50,230,-134,-77,79,197,230,177
86,247,163,-196,-49,208,-120,-101,76,180,213,157
71,269,146,-155,-47,181,-146,-84,94,182,200,170
97,234,169,-150,-38,176,-123,-85,73,182,180,158
62,222,141,-145,-43,195,-119,-97,50,179,210,158
92,223,141,-140,-46,186,-121,-84,50,165,204,124
86,218,147,-146,-13,170,-110,-90,67,153,176,133
66,190,137,-138,-11,174,-88,-78,73,159,182,145
81,168,125,-135,-31,121,-90,-72,44,144,188,134
73,194,118,-116,-18,151,-91,-51,47,127,162,124
62,157,92,-111,-49,126,-92,-66,56,105,137,92
62,155,117,-102,-13,110,-82,-50,54,104,137,112
30,137,96,-112,-16,96,-69,-59,55,104,142,84
30,138,76,-111,-15,128,-75,-37,27,103,123,107
40,134,75,-101,-22,107,-64,-51,29,95,112,121
44,85,71,-89,-3,91,-57,-58,44,82,91,68
18,110,42,-46,-22,97,-67,-57,3,70,102,91
28,96,70,-41,-17,95,-49,-40,6,83,87,58
31,94,68,-44,-6,70,-68,-38,5,61,113,55
46,68,62,-62,-5,59,-54,-23,15,54,83,59
15,71,33,-55,-4,67,-26,-43,25,59,76,39
34,73,42,-46,-16,43,-56,-46,14,45,50,39
20,67,27,-32,6,48,-33,-25,16,30,55,41
4,42,22,-48,-10,25,-52,-15,11,49,49,21
32,15,21,-15,-25,41,-26,-22,-16,18,56,20
16,18,19,-43,0,29,-23,-13,22,20,29,27
4,-4,22,-31,-5,29,0,-27,-2,20,37,-1
-6,30,8,-25,-12,40,-18,-26,4,26,0,7
-20,0,28,-21,9,17,0,-13,21,17,29,20
-1,5,15,10,-5,-13,-20,-14,-14,16,-6,14
-1,13,12,14,-8,9,-21,7,7,11,24,27
-9,8,2,-5,-7,-6,2,-6,1,8,8,-18
-5,5,-1,10,-7,16,3,20,-5,6,-2,3
-4,-1,-8,-7,24,-15,17,-3,-5,-8,-2,-9
-2,-24,-8,32,11,-32,-13,-11,-2,-12,-20,1
-7,-35,-19,20,16,-6,17,4,-13,-13,-17,3
7,-18,-24,24,0,-36,4,22,-1,-20,-13,-5
0,-40,-8,14,6,-46,21,4,2,-8,-23,-14
-16,-15,-22,14,5,-25,12,-3,0,-9,-18,-14
6,-42,-27,33,22,-2,12,18,5,-32,-25,7
8,-37,1,41,11,-22,-3,-16,-26,-28,-39,-23
-13,-23,-33,30,10,-37,29,7,-15,-21,-30,-43
-11,-57,-28,7,-6,-29,35,22,-9,-28,-22,-1
-11,-46,-35,18,26,-20,19,25,-24,-4,-27,-12
-17,-41,-46,1,-4,-48,40,18,-6,-31,-46,-46
-10,-27,-37,27,17,-35,34,32,0,-33,-27,-47
-2,-56,-20,51,11,-40,20,17,-11,-27,-39,-15
-11,-45,-12,29,14,-27,25,-4,-19,-29,-26,-31
-37,-67,-21,28,-23,-20,27,28,-25,-31,-51,-19
-21,-48,-42,31,14,-49,23,3,-11,-46,-44,-67
-29,-54,-35,22,2,-44,54,26,-12,-45,-67,-26
-28,-72,-16,19,-5,-47,4,13,9,-23,-48,-32
6,-64,-41,36,9,-76,3,13,-31,-59,-32,-38
-28,-50,-31,44,4,-32,48,26,-23,-36,-64,-24
-29,-42,-39,18,3,-70,26,18,-20,-46,-35,-45
-29,-37,-46,22,23,-55,10,33,-31,-11,-60,-46
-2,-49,-18,30,16,-50,38,29,-18,-57,-62,-21
-17,-42,-32,37,24,-49,31,9,2,-47,-56,-29
-6,-52,-52,19,6,-49,5,27,-19,-21,-73,-33
-13,-40,-34,45,-9,-43,50,42,-10,-39,-56,-44
-13,-68,-31,13,11,-28,20,31,-8,-39,-38,-25
-63,-46,-33,30,11,-36,30,22,-12,-34,-63,-33
-12,-48,-21,65,0,-57,17,-1,-28,-44,-64,-51
-4,-68,-45,43,11,-35,25,2,-3,-70,-44,-40
-10,-60,-52,46,-10,-32,27,27,-8,-29,-43,-38
-4,-65,-58,17,3,-20,20,27,-10,-62,-36,-46
-25,-45,-41,44,7,-58,1,25,-10,-50,-43,-32
-37,-49,-23,54,9,-58,25,20,-12,-40,-46,-18
-43,-28,-35,32,0,-46,23,30,-40,-50,-59,-9
-12,-48,-33,8,-13,-41,17,28,0,-33,-39,-47
-18,-58,-34,41,0,-38,39,27,-23,-24,-37,-54
-18,-52,-22,12,19,-51,29,23,1,-39,-57,-35
2,-65,-40,58,1,-45,33,15,-29,-55,-56,-31
-13,-53,-14,9,15,-31,10,35,-23,-44,-34,-41
-1,-42,-41,39,0,-56,20,8,-20,-54,-34,-52
-19,-44,-31,27,9,-50,14,38,-13,-59,-42,-29
-17,-58,-22,34,-1,-33,34,21,-13,-20,-61,-44
-37,-49,-42,39,4,-45,38,44,-14,-33,-53,-28
-4,-64,-27,22,20,-34,37,13,0,-32,-32,-49
-4,-48,-24,16,-17,-69,10,9,2,-68,-40,-34
-21,-44,-34,17,-18,-26,17,38,-23,-34,-34,-27
-16,-46,-24,25,7,-39,10,31,-21,-43,-35,-27
5,-51,-21,31,26,-40,33,21,-11,-22,-47,-36
-24,-48,-16,23,21,-42,21,14,-4,-33,-59,-37
-14,-52,-28,38,2,-43,25,13,-24,-41,-42,-28
-27,-63,-36,41,8,-7,31,31,-24,-35,-18,-20
-11,-44,-49,52,-1,-56,32,15,-6,-29,-19,-27
-27,-46,-32,9,9,-47,15,26,4,-36,-37,-33
-4,-34,-45,44,29,-41,-1,10,-25,-8,-48,-46
-11,-39,-38,39,-4,-30,8,10,-12,-14,-46,-25
-15,-40,-32,34,12,-51,5,33,-6,-41,-53,-20
5,-49,-18,43,1,-26,18,32,-26,-42,-21,-46
-8,-25,-23,35,4,-33,19,20,-29,-37,-38,-23
-21,-36,-14,38,-3,-24,14,24,-7,-42,-27,-26
4,-34,-25,17,34,-7,-5,12,-9,-41,-42,-35
-12,-24,-18,25,-7,-54,35,13,-13,-32,-27,-40
5,-31,-19,19,-8,-27,22,9,-33,-53,-28,-17
1,-33,-27,27,2,-45,26,38,10,-12,-38,-21
3,-38,-35,22,13,-22,33,31,-15,-33,-43,-15
-17,-52,-11,20,-7,-28,34,25,15,-25,-31,-27
-18,-31,-25,32,18,-19,21,33,-11,-42,-34,-18
-11,-30,-19,34,-8,-27,30,8,-4,-32,-28,-39
-30,-22,2,19,-1,-43,11,5,-4,-22,-20,-16
-18,-33,0,26,4,-13,39,16,-5,-25,-21,-18
-12,-18,-7,14,-2,-28,1,18,-19,-28,-28,-18
-15,-22,-5,15,-2,-24,13,16,-5,-15,-19,-10
-7,-26,-30,0,9,-33,20,12,-1,-2,-21,-32
-14,-30,-1,1,5,-23,16,20,-14,-30,-29,-1
12,-41,-35,19,-14,-18,15,13,-14,-9,-12,-22
21,-43,-17,20,3,-12,13,0,-13,8,-28,-15
-3,-18,-3,28,-11,-6,19,-6,-18,-24,-16,-10
-29,-15,1,11,-6,-5,20,14,-1,-3,-16,7
-3,-27,-22,29,3,0,8,21,13,-5,-20,-19
-5,-23,-11,7,4,-16,-9,4,-11,-37,-21,-4
8,-21,19,1,23,-34,-11,1,-13,-38,-17,-6
8,-17,-7,-9,-6,-6,-4,15,-29,-6,14,-13
2,-8,-9,-4,-3,13,-25,-11,-3,-13,-13,12
1,2,-3,14,-12,24,-7,10,8,-14,2,15
-3,16,-24,11,3,17,-3,24,3,-5,-5,1
9,3,23,-9,12,0,-15,-24,4,-26,11,15
-1,13,2,-22,1,12,-8,0,11,12,30,4
0,14,32,-28,-17,23,-4,-4,-8,-3,29,25
13,22,23,-15,-17,10,-23,4,2,34,19,9
11,-1,16,-23,-4,28,-18,-8,11,16,34,39
-7,35,51,-29,7,20,-33,-17,22,36,24,29
5,47,41,-31,-22,26,-29,-32,14,49,56,34
9,39,63,-47,-7,35,-42,-38,43,46,49,37
25,82,27,-17,2,49,-17,-26,15,56,46,56
11,61,43,-59,-14,53,-39,-43,13,42,46,41
33,77,46,-35,7,75,-40,-39,22,49,62,80
43,91,41,-78,-17,78,-29,-64,9,58,76,58
45,108,73,-51,-10,86,-57,-68,30,76,76,65
4,116,95,-67,6,81,-47,-44,16,79,91,63
45,103,53,-65,-26,100,-65,-25,35,98,113,74
44,125,74,-90,-8,119,-63,-46,39,86,120,86
46,114,113,-96,-26,131,-52,-32,35,110,124,106
59,155,106,-117,-16,117,-103,-72,59,125,138,85
59,160,85,-106,2,125,-92,-56,44,134,145,118
51,174,125,-94,-25,146,-113,-62,35,143,145,124
65,178,114,-107,-18,169,-102,-69,41,132,157,145
52,171,117,-130,-21,143,-97,-70,58,123,155,116
67,207,123,-122,-41,167,-109,-68,66,155,173,146
69,202,134,-157,-29,171,-82,-93,56,148,184,137
64,209,144,-121,-36,208,-111,-80,76,157,204,144
85,205,128,-165,-38,187,-126,-94,69,174,222,147
94,211,167,-153,-38,186,-134,-108,82,180,230,179
80,247,164,-157,-12,204,-136,-89,53,188,182,167
93,253,166,-167,-68,208,-133,-107,90,176,210,176
84,242,158,-155,-9,199,-134,-93,90,200,214,168
80,265,174,-171,-40,227,-144,-91,57,207,218,186
101,234,171,-178,-35,209,-158,-110,82,202,242,179
94,253,170,-170,-24,220,-139,-89,80,188,255,190
89,278,173,-177,-29,213,-143,-105,78,189,236,195
85,270,179,-160,-53,217,-151,-106,100,206,241,185
102,279,172,-173,-51,216,-148,-114,79,193,254,186
107,285,195,-180,-59,224,-148,-114,69,199,244,194
82,266,178,-180,-54,224,-147,-96,84,204,242,192
101,259,171,-189,-41,230,-157,-112,69,190,252,204
89,286,176,-181,-38,218,-141,-123,68,192,246,180
88,255,149,-184,-52,209,-147,-103,58,170,224,177
74,253,175,-172,-25,203,-151,-84,79,179,230,169
100,240,142,-155,-43,210,-140,-97,92,175,213,171
90,248,172,-162,-27,193,-139,-91,50,190,212,150
70,223,157,-164,-38,178,-153,-106,85,182,240,167
82,222,170,-164,-40,191,-116,-111,77,194,198,160
92,214,131,-162,-44,186,-124,-64,37,163,175,133
64,192,157,-154,-20,179,-96,-95,72,159,177,144
68,199,121,-134,-40,188,-105,-88,31,159,173,141
57,192,100,-131,-21,173,-107,-65,56,139,176,119
61,175,112,-117,-30,143,-77,-79,60,116,190,141
38,178,107,-129,-14,129,-75,-77,48,120,143,139
53,192,91,-99,-26,124,-87,-56,38,100,131,95
77,145,98,-112,-28,127,-91,-32,60,108,146,98
38,125,81,-102,-28,127,-74,-64,19,89,104,99
59,136,65,-96,-12,79,-76,-57,37,98,112,85
43,131,70,-84,-7,81,-69,-37,28,59,102,74
34,129,69,-66,-3,78,-69,-42,15,77,90,93
41,106,40,-71,-34,89,-48,-46,23,60,83,65
33,102,74,-66,7,88,-47,-13,37,50,99,68
38,79,48,-46,-15,97,-68,-31,38,55,78,55
9,83,35,-60,-9,54,-24,-13,1,59,87,53
12,59,43,-62,-8,60,-45,-23,25,58,66,55
17,72,33,-57,-13,45,-40,-13,22,54,53,26
13,43,64,-19,11,63,-21,9,15,39,29,40
11,48,27,-35,-17,42,-25,-41,12,52,29,25
19,51,36,-30,7,29,-47,-11,14,54,15,20
20,32,24,-32,-15,34,3,-4,-2,43,38,23
-4,31,34,-13,-7,25,-36,-14,9,20,24,12
8,41,33,-12,-21,12,14,-31,0,33,31,7
18,26,18,-33,-3,20,-20,-4,24,25,33,11
-2,16,17,-29,8,15,-2,-17,7,4,22,19
9,25,29,-5,-20,20,-5,-14,9,18,-8,38
0,19,10,-10,10,10,-14,-4,-5,19,12,10
-3,5,-1,-6,-10,3,-34,-12,13,-12,15,-4
-12,-3,-17,-5,-17,2,-22,-21,-8,19,15,11
16,-19,17,1,-2,-22,0,11,25,6,17,19
-8,12,23,-13,-19,-10,14,3,0,7,-13,18
10,11,17,-10,0,-30,-13,1,-10,0,-12,-15
-2,-11,-11,19,19,-1,25,1,1,-20,-14,-10
-10,-24,12,-8,6,-19,20,-4,-22,-18,-26,-37
-1,-9,-19,34,-2,-25,-3,18,15,-18,-44,-6
-1,-25,-51,35,2,-41,28,-5,-16,-29,-32,-29
-23,-58,-36,41,8,-38,30,21,-22,-49,-38,-41
-33,-75,-30,49,17,-71,49,16,-43,-75,-44,-54
-26,-86,-66,58,6,-60,37,32,-47,-56,-87,-59
-27,-104,-91,69,31,-60,88,47,-32,-100,-92,-59
-51,-99,-85,53,31,-88,62,56,-39,-115,-99,-70
-53,-124,-102,87,17,-107,67,76,-34,-116,-124,-93
-25,-155,-96,99,26,-108,68,46,-42,-116,-115,-114
-57,-154,-105,75,45,-124,76,68,-34,-138,-132,-114
-67,-150,-86,92,14,-135,102,44,-52,-112,-152,-127
-49,-151,-79,110,22,-145,85,53,-35,-124,-180,-107
-60,-162,-102,94,18,-139,63,54,-60,-128,-146,-111
-60,-154,-83,106,26,-133,73,66,-23,-96,-124,-97
-67,-109,-79,84,2,-65,57,50,-35,-70,-77,-90
-25,-84,-67,38,1,-52,47,40,-19,-38,-59,-61
-3,-16,-17,13,1,-5,36,31,1,-25,-44,-27
6,24,32,7,-16,11,-21,-21,6,31,43,22
19,93,63,-84,-9,102,-59,-59,43,88,100,72
60,190,120,-110,-24,147,-105,-77,59,118,182,137
99,297,186,-193,-40,241,-120,-110,78,229,248,181
134,382,232,-254,-36,330,-211,-119,107,272,335,270
158,469,300,-338,-102,391,-252,-205,175,354,424,331
206,598,382,-403,-96,501,-318,-251,184,431,531,431
224,696,431,-477,-78,588,-390,-288,227,545,640,499
308,814,536,-553,-126,688,-444,-321,261,602,724,569
314,911,568,-609,-145,756,-508,-384,277,671,835,632
336,974,634,-673,-155,828,-532,-402,304,727,861,694
355,1055,670,-700,-162,874,-589,-399,314,794,949,739
378,1104,706,-764,-148,917,-610,-438,329,841,998,762
405,1113,747,-759,-151,920,-602,-474,353,813,987,777
363,1102,709,-761,-155,920,-588,-429,337,840,1011,765
354,1044,695,-730,-169,869,-580,-416,297,790,967,722
324,1013,660,-662,-134,836,-548,-415,315,750,889,695
349,935,612,-629,-132,771,-520,-366,270,671,832,640
274,836,529,-550,-130,685,-466,-324,252,622,748,563
257,728,449,-462,-97,598,-389,-282,236,539,665,503
200,620,380,-417,-117,482,-342,-248,197,472,529,417
190,482,286,-318,-69,397,-254,-161,148,365,446,330
128,358,224,-252,-59,288,-199,-163,89,261,340,265
66,257,165,-140,-11,191,-126,-104,89,184,223,153
78,153,105,-97,-20,123,-76,-56,35,83,131,115
27,44,29,-15,6,34,-17,-28,28,54,47,18
1,-32,-23,14,17,-54,10,10,-20,-27,-22,-36
-30,-99,-45,62,45,-64,33,42,-29,-83,-87,-91
-39,-140,-103,106,27,-117,79,49,-50,-129,-143,-92
-65,-190,-141,145,20,-149,84,88,-43,-164,-192,-133
-70,-232,-133,150,21,-196,122,83,-82,-178,-210,-141
-78,-220,-169,188,2,-204,130,96,-87,-167,-205,-179
-83,-260,-141,172,56,-229,137,101,-60,-183,-218,-172
-92,-245,-149,170,43,-194,135,102,-59,-174,-221,-157
-70,-228,-124,161,23,-188,113,119,-56,-183,-226,-159
-92,-214,-140,148,27,-194,123,95,-65,-156,-211,-157
-75,-218,-149,147,18,-144,93,90,-58,-150,-173,-141
-57,-173,-121,115,42,-139,94,59,-62,-115,-160,-149
-35,-146,-96,88,50,-110,64,48,-36,-105,-117,-98
-29,-124,-80,70,14,-105,79,52,-34,-99,-118,-92
-36,-89,-72,79,29,-45,40,29,-23,-62,-87,-41
-28,-78,-52,67,6,-38,54,31,2,-42,-69,-55
-28,-53,-27,45,-6,-29,37,14,-6,-43,-24,-39
-6,-54,-12,23,5,-43,27,11,-1,-33,-38,-12
-33,-25,-6,19,-13,-13,-19,29,2,-8,-37,-7
0,1,11,9,-11,13,0,18,11,13,-1,-16
-15,0,10,0,12,-13,-7,0,10,-3,-6,5
-5,21,2,-7,-26,12,-12,11,13,5,11,25
-12,14,5,-2,-16,28,-9,-11,1,6,12,35
17,30,2,-24,-7,25,-24,-7,4,22,26,4
-32,0,6,-9,-19,19,-23,-11,-4,7,33,13
16,10,20,-24,16,10,-32,-1,1,17,10,19
24,34,16,-14,2,34,-19,-22,1,17,18,46
14,23,40,-12,-7,28,-13,6,4,38,30,20
8,25,27,-40,-10,33,-12,3,24,36,46,22
-8,24,19,-22,-2,20,-18,-40,12,29,24,5
28,54,28,-14,4,32,-16,-11,13,41,31,30
32,39,25,-28,-13,56,-27,-21,18,42,46,49
17,56,33,-24,-10,54,-53,-19,27,50,33,39
27,37,18,-32,-2,48,-27,-24,2,43,48,24
41,46,32,-48,-10,55,-16,-22,45,35,37,41
50,54,46,-43,0,50,-38,-6,15,46,55,22
29,58,35,-37,-19,37,-39,-24,1,54,52,39
40,86,58,-42,-17,42,-47,-56,0,56,54,38
31,71,31,-55,-32,43,-35,-40,27,54,49,36
26,75,67,-62,3,63,-42,-28,12,48,73,76
36,47,39,-48,-12,67,-41,-20,22,60,75,66
49,85,42,-73,-21,96,-48,-43,25,70,86,53
62,93,35,-57,-22,69,-55,-45,11,76,86,35
40,92,65,-55,-11,78,-44,-20,35,75,81,66
26,117,77,-37,-8,73,-61,-42,14,77,90,82
32,92,62,-55,-18,66,-38,-68,38,66,97,66
59,133,78,-63,-3,93,-61,-47,46,76,106,82
46,127,76,-54,-11,90,-72,-44,39,93,114,68
54,106,84,-101,-25,118,-86,-50,29,92,124,98
60,127,86,-113,-16,108,-94,-61,41,99,109,105
25,144,103,-88,-17,117,-98,-66,53,103,114,97
24,130,93,-99,-18,137,-79,-60,58,105,130,117
58,158,90,-95,-35,142,-89,-58,22,140,133,103
70,152,117,-105,-38,113,-102,-45,57,122,149,103
70,165,112,-116,-49,135,-85,-78,57,145,128,122
78,173,129,-108,-29,162,-69,-73,44,138,179,122
56,181,137,-138,-18,171,-117,-97,78,137,173,127
61,178,125,-128,-37,160,-99,-92,47,151,168,138
89,202,131,-138,-31,158,-106,-76,56,141,201,176
73,198,143,-142,-3,188,-103,-92,69,165,191,154
100,199,150,-147,-48,175,-118,-97,52,153,188,183
80,208,158,-141,-23,174,-128,-82,89,184,206,171
86,230,165,-182,-37,201,-144,-118,59,181,213,167
83,259,159,-181,-53,213,-125,-101,65,191,228,177
75,275,191,-192,-30,208,-158,-108,99,194,228,190
80,273,187,-186,-49,220,-144,-117,73,217,232,188
88,276,197,-184,-38,226,-148,-106,74,245,232,193
105,304,182,-189,-31,235,-136,-107,91,215,267,230
98,298,176,-204,-42,246,-164,-104,84,229,266,197
102,326,218,-223,-21,269,-159,-133,75,235,295,208
102,338,220,-226,-55,259,-171,-144,105,222,304,203
151,328,209,-246,-47,307,-167,-134,97,264,282,233
127,354,222,-221,-50,274,-208,-139,95,279,317,237
132,331,211,-212,-58,289,-196,-143,95,260,316,248
118,354,249,-251,-50,293,-223,-168,116,256,323,258
154,371,244,-243,-52,314,-217,-149,107,300,345,250
123,393,246,-258,-64,308,-215,-169,139,284,345,263
149,398,263,-265,-41,320,-197,-132,116,283,334,288
137,398,249,-267,-64,319,-201,-155,130,313,359,298
149,415,248,-279,-65,333,-209,-155,90,288,354,296
142,416,270,-282,-90,334,-237,-190,128,301,390,291
168,416,264,-277,-55,344,-225,-197,142,325,371,292
164,434,250,-284,-60,373,-225,-169,110,322,380,287
136,425,273,-291,-60,355,-245,-165,128,320,387,294
152,435,286,-295,-66,355,-233,-173,125,315,400,307
157,446,279,-313,-66,354,-250,-179,135,331,389,304
149,458,300,-329,-65,371,-265,-173,125,360,412,323
181,447,304,-317,-90,360,-247,-167,119,350,400,321
143,455,305,-300,-71,383,-257,-172,139,337,420,315
180,454,295,-346,-71,368,-252,-191,150,359,416,321
141,480,296,-330,-69,395,-259,-192,137,337,411,327
173,468,307,-304,-63,389,-260,-180,135,327,390,313
150,450,285,-305,-44,388,-243,-179,148,366,445,329
164,474,291,-321,-69,386,-241,-202,144,374,422,307
163,483,324,-301,-54,407,-263,-192,121,347,421,311
145,452,311,-311,-80,380,-258,-204,138,349,419,324
165,440,312,-313,-60,383,-252,-199,140,345,436,321
148,470,309,-324,-75,375,-235,-177,128,362,415,324
170,453,290,-300,-73,388,-257,-172,120,326,425,324
140,447,288,-328,-59,382,-251,-171,140,355,419,307
162,434,300,-301,-71,376,-255,-166,135,335,388,319
149,428,303,-303,-50,375,-223,-182,125,320,421,318
167,443,289,-301,-70,364,-229,-162,119,339,388,306
145,439,288,-299,-75,369,-242,-195,121,338,403,285
165,439,272,-280,-64,344,-241,-174,143,323,391,288
143,397,270,-256,-86,338,-224,-166,121,314,373,308
163,413,248,-275,-53,358,-221,-152,123,302,374,283
150,402,285,-269,-76,343,-206,-161,103,320,381,298
148,420,257,-250,-54,336,-228,-160,125,317,341,291
143,406,266,-262,-62,344,-211,-140,116,304,365,272
130,395,256,-254,-60,308,-212,-169,114,292,342,260
112,377,243,-255,-42,317,-195,-132,115,280,332,280
139,379,238,-246,-74,316,-205,-133,126,275,345,241
135,374,239,-241,-47,269,-187,-125,95,286,326,261
136,342,218,-242,-59,271,-188,-138,104,250,302,228
135,319,221,-238,-59,282,-191,-124,114,254,298,254
117,328,217,-215,-45,251,-170,-125,111,235,306,258
121,310,219,-225,-39,254,-209,-119,107,233,290,220
95,285,215,-222,-29,254,-156,-109,90,257,277,217
77,323,221,-226,-51,244,-168,-136,96,222,271,203
107,291,187,-212,-35,226,-150,-120,92,203,272,212
87,275,212,-184,-49,223,-150,-123,96,202,258,200
81,258,185,-190,-36,226,-173,-95,87,199,252,218
71,257,161,-164,-40,234,-154,-109,72,207,235,162
81,243,166,-162,-9,215,-164,-108,93,180,233,190
64,243,134,-147,-20,197,-132,-100,76,203,230,165
75,223,137,-182,-22,189,-140,-105,88,194,183,162
70,245,147,-165,-28,178,-112,-72,77,158,193,151
98,219,136,-136,-33,177,-110,-72,71,136,183,155
63,192,112,-141,-36,172,-123,-67,59,151,198,126
69,164,131,-114,-32,169,-109,-70,65,159,170,113
64,181,136,-113,-49,139,-112,-71,49,128,162,150
70,171,111,-117,-30,138,-102,-94,47,148,175,125
67,174,115,-122,-10,133,-79,-78,61,125,163,105
37,170,91,-112,-10,119,-85,-45,53,124,164,123
50,138,92,-99,-31,111,-72,-60,38,102,138,112
57,129,76,-105,-30,121,-90,-47,32,116,165,127
19,134,98,-86,6,106,-83,-48,51,87,149,97
59,115,71,-111,-24,105,-91,-54,37,109,105,59
37,108,85,-76,-31,110,-71,-59,31,96,97,78
66,105,84,-70,-23,96,-72,-30,34,70,88,80
36,101,76,-94,-5,84,-66,-36,18,88,94,61
45,94,82,-80,-8,84,-46,-49,23,78,90,77
42,98,79,-60,4,76,-40,-42,15,83,83,58
38,91,56,-75,8,79,-54,-17,8,79,75,54
36,94,77,-58,-27,78,-55,-38,14,48,61,56
10,66,58,-56,-12,67,-38,-17,28,56,73,70
48,55,54,-47,-4,54,-51,-21,4,56,52,40
18,70,37,-58,-30,77,-35,-30,26,59,47,66
49,92,51,-69,11,62,-37,-47,32,52,66,56
7,66,52,-40,-20,60,-44,-20,0,51,58,39
16,66,36,-29,-4,49,-47,-16,11,42,31,47
-6,74,30,-51,18,43,-28,-32,9,38,64,36
12,55,48,-24,4,39,-25,-44,10,56,58,30
14,54,20,-47,-14,33,-22,-22,1,28,40,24
14,30,8,-11,-16,19,-25,-11,13,45,29,53
-7,44,17,-20,-5,21,-12,-25,5,34,60,30
17,49,3,-21,-20,38,-36,-8,21,23,45,18
12,40,26,-37,7,-1,-29,-22,4,50,35,26
12,44,6,-13,-3,34,6,-35,20,14,26,52
13,11,18,-21,-9,29,-36,-28,-5,49,13,2
25,31,41,-17,9,31,-28,4,0,24,17,3
21,46,35,-29,-4,21,3,7,-4,31,5,8
23,19,25,0,-4,11,-16,9,-1,27,44,19
26,27,27,-26,-4,26,-24,9,-3,51,12,39
9,47,23,-29,6,34,9,-19,6,18,29,22
5,45,7,-44,-9,36,-7,-15,38,-20,25,18
28,23,16,-13,-18,21,-28,-26,23,37,16,0
11,-3,10,-3,5,33,-29,-14,12,16,33,18
-11,52,24,-1,-15,-4,-9,2,14,12,33,34
10,15,29,-11,-6,39,-12,-5,9,28,30,25
-4,11,10,-11,16,15,-13,-6,5,34,17,38
10,19,13,-1,-12,27,-13,-13,-25,25,23,16
16,62,22,-15,-12,33,-22,-19,14,27,16,17
37,-12,15,-17,4,5,3,-19,4,24,15,27
23,36,-4,-5,-11,22,-11,-4,-22,19,10,17
15,12,-6,-22,-10,39,-33,-18,18,14,10,16
17,37,34,2,0,28,4,-2,5,8,43,28
15,26,29,-36,-8,36,-19,-14,26,48,27,9
-8,41,15,-19,6,14,-7,-20,13,5,9,18
5,37,-5,-45,4,13,-20,-17,9,43,21,13
28,30,31,-19,-6,9,-19,-6,-6,17,48,14
-1,37,17,-6,-15,32,-3,-12,-7,9,31,18
1,27,18,-23,-24,20,-15,-2,11,12,-9,-1
5,22,12,-46,10,49,-18,2,30,-8,23,26
2,18,3,-1,-17,23,-26,-15,-1,28,23,17
25,29,11,-9,-12,17,-32,-11,16,21,16,16
6,27,27,-6,13,25,-6,-15,8,28,11,19
-8,45,13,-22,-12,1,-30,-18,-7,11,21,10
17,8,12,-34,1,29,-20,-4,-3,28,5,20
5,21,15,-4,21,18,-24,-18,-6,7,19,19
4,10,13,-10,-8,49,12,-16,-14,4,13,34
2,33,18,-17,-2,46,-13,0,19,11,7,12
-16,37,21,-2,4,23,6,21,16,11,39,23
7,6,17,-33,-15,49,4,-3,8,38,22,28
21,26,3,-7,19,36,6,-21,11,29,27,16
17,23,-6,-9,-15,32,3,-1,21,30,27,9
15,36,-4,-25,-12,18,-29,-20,-7,14,13,17
13,26,16,-26,-7,17,-43,-31,3,39,22,-7
26,26,20,-13,-4,28,-6,-15,21,23,17,6
28,33,34,-16,10,25,-1,-17,-14,21,19,-4
8,29,8,-9,4,14,-30,0,18,22,14,15
17,21,21,-19,-3,33,-1,12,7,19,24,24
16,38,16,-7,-20,16,-5,-2,0,23,30,21
11,41,32,-45,-6,16,9,6,12,17,34,23
-2,17,9,-12,19,9,-31,-21,15,10,9,4
17,37,19,-13,3,24,-30,-1,21,9,40,12
23,10,35,-30,-6,10,-9,-8,19,13,39,18
1,34,55,-25,-23,25,2,-3,0,25,31,18
9,36,-6,-10,-17,19,-42,-32,3,35,23,26
20,31,2,-31,-7,35,-22,-44,4,-16,31,35
19,40,23,-27,13,50,-10,-27,-10,30,8,19
23,31,14,-4,2,22,-18,1,16,8,34,23
13,47,38,-25,-12,35,-5,-12,6,16,24,35
37,32,10,-18,-13,42,-5,-11,10,23,47,25
4,43,30,-34,-3,30,-3,-17,6,47,13,20
20,42,26,-4,2,30,-28,-32,24,38,8,23
-4,40,47,-25,6,36,-9,3,11,21,33,-2
10,51,33,-25,12,24,-27,-15,7,40,20,44
20,37,6,-20,-30,50,-5,-12,11,36,20,8
32,38,37,-22,2,50,-31,-8,13,39,40,42
9,44,36,-35,20,38,-39,5,16,47,47,44
15,29,50,-25,4,14,-43,-31,12,17,37,15
4,25,33,-24,-2,28,-41,-21,22,44,31,24
42,37,22,-38,-2,25,-23,-9,-3,55,30,51
-3,36,22,-31,-8,53,-6,-27,33,40,31,30
39,51,46,-32,-15,26,-36,-7,17,25,46,27
15,60,22,-31,-13,55,-23,-26,32,28,35,46
39,66,31,-48,-19,39,-16,-14,36,47,60,36
24,48,29,-46,-8,43,-42,-27,29,57,23,39
24,47,38,-31,-11,60,-35,-29,7,53,61,50
22,67,57,-43,-9,69,-53,-35,16,62,66,27
24,78,73,-67,-9,58,-78,-28,20,30,67,50
26,74,50,-35,-13,16,-28,-34,18,60,58,48
35,80,48,-47,-11,63,-31,-27,48,59,75,56
0,70,71,-57,-3,56,-49,-26,-7,57,74,51
37,105,49,-38,5,65,-33,-53,20,51,75,59
27,84,65,-66,-5,94,-34,-58,28,68,67,62
26,100,62,-67,-34,84,-58,-33,37,63,79,87
27,110,70,-65,-12,81,-58,-31,42,95,85,99
41,106,62,-75,-40,82,-57,-32,31,88,95,104
41,137,94,-66,-33,100,-58,-58,30,80,115,87
40,126,78,-91,-25,115,-61,-63,51,80,123,96
39,136,110,-96,-21,105,-68,-70,43,95,123,105
62,155,100,-119,-23,103,-102,-50,32,119,134,116
58,166,95,-129,-38,133,-78,-68,74,137,156,113
56,178,111,-125,-19,141,-85,-71,58,134,142,139
43,183,130,-116,-27,142,-75,-76,69,136,143,125
57,188,125,-127,-51,163,-106,-72,55,163,167,101
44,178,134,-131,-36,167,-93,-61,52,149,175,144
49,195,134,-131,-37,168,-111,-95,62,143,194,149
90,222,141,-148,-23,176,-153,-93,59,150,205,134
88,215,152,-151,-40,188,-138,-97,74,163,198,156
83,249,159,-151,-43,192,-130,-86,78,186,203,151
83,237,162,-172,-54,194,-145,-101,79,186,236,164
75,268,161,-154,-51,200,-129,-101,75,191,213,175
96,262,160,-172,-39,207,-157,-100,76,184,247,171
110,272,154,-176,-44,202,-134,-119,64,183,251,194
95,277,186,-204,-35,261,-135,-121,85,204,233,192
136,303,180,-179,-33,223,-169,-117,75,196,238,208
91,277,175,-206,-50,253,-178,-121,87,223,255,200
107,311,172,-227,-46,248,-168,-117,89,211,278,208
79,327,203,-209,-56,252,-167,-118,94,215,265,224
101,290,210,-208,-30,236,-187,-128,92,244,282,180
125,316,213,-177,-46,253,-160,-114,103,243,279,211
102,308,202,-216,-53,246,-169,-118,90,231,298,224
108,291,212,-217,-15,253,-165,-130,90,253,291,200
120,319,198,-208,-58,253,-167,-131,100,247,272,222
103,310,179,-198,-58,257,-154,-129,97,258,297,209
119,323,189,-209,-41,257,-152,-119,81,228,268,209
109,322,195,-207,-54,265,-165,-144,90,226,254,227
109,296,186,-190,-57,254,-170,-120,77,222,267,194
100,309,200,-179,-35,273,-164,-104,78,208,267,209
89,287,199,-199,-23,252,-164,-116,94,203,268,194
102,310,174,-202,-44,213,-135,-106,84,204,258,199
124,280,180,-201,-43,225,-142,-119,78,211,275,184
108,274,158,-200,-38,211,-114,-112,80,223,239,192
80,277,179,-161,-49,223,-144,-93,97,198,239,197
97,253,166,-154,-27,219,-128,-105,83,188,226,178
77,246,149,-158,-22,186,-136,-106,71,175,234,174
102,233,155,-176,-32,200,-140,-89,69,155,225,161
82,221,141,-148,-22,201,-117,-81,50,175,235,156
72,208,148,-157,-45,188,-138,-71,56,147,179,159
60,193,149,-141,-44,165,-114,-80,65,142,210,146
55,189,118,-119,-47,177,-129,-87,60,135,191,156
69,199,120,-127,-38,146,-109,-64,60,138,165,139
63,169,122,-117,-25,162,-92,-61,72,121,145,142
70,164,83,-109,-18,139,-79,-49,64,122,174,100
45,147,135,-113,-22,131,-87,-45,55,128,140,108
51,150,107,-101,-38,145,-85,-75,64,96,127,111
33,144,75,-103,-9,126,-76,-49,47,118,136,122
30,131,82,-72,-17,103,-57,-29,37,101,133,95
25,131,71,-91,-27,84,-65,-50,28,107,107,91
33,124,80,-72,-15,98,-49,-37,18,81,106,82
36,123,60,-79,-1,68,-62,-41,40,98,93,57
29,108,60,-81,5,96,-50,-37,41,71,93,65
36,100,63,-55,-12,89,-50,-47,1,90,95,87
32,76,60,-56,-12,75,-28,-35,44,64,100,59
35,85,42,-28,-17,67,-42,-27,15,79,80,64
29,91,50,-56,-19,58,-75,-60,-4,45,68,51
25,69,58,-42,4,60,-45,-19,39,51,50,54
12,57,27,-27,-11,66,-31,-14,-8,45,57,43
27,79,34,-12,-4,55,-25,-38,14,51,67,34
23,72,22,-30,-14,46,-17,-25,17,34,54,39
16,49,7,-45,-22,47,-25,-32,1,35,53,51
27,54,35,-21,-18,46,-38,-34,23,41,54,18
5,53,30,-24,-18,24,-27,-23,22,42,28,34
5,19,27,-4,4,38,-53,9,6,16,31,43
-9,33,31,-21,-12,49,-16,-9,2,18,27,26
17,33,29,-19,17,10,-24,2,-8,16,15,28
10,11,-8,-29,-7,20,-24,-9,-1,18,28,24
8,15,11,-17,-5,27,10,-3,1,33,9,10
16,-2,-7,6,-19,-2,16,-1,4,-11,-17,7
-4,-5,4,4,-1,-20,-16,-8,-12,-3,-28,0
10,-32,-13,43,5,-6,15,12,-6,-5,9,-6
-9,-36,-6,12,3,-34,35,27,-21,-16,-23,-6
-21,-66,-24,39,16,-40,12,4,-9,-57,-37,-47
-10,-63,-43,40,23,-23,37,12,-15,-31,-43,-26
-35,-80,-35,35,16,-86,38,38,-40,-60,-77,-88
-24,-82,-54,61,11,-63,69,41,-24,-74,-64,-59
-19,-117,-70,87,32,-95,50,44,-35,-109,-101,-80
-52,-126,-87,79,30,-104,50,60,-46,-97,-121,-104
-49,-118,-79,61,55,-129,79,59,-59,-120,-140,-118
-45,-143,-83,77,25,-131,76,50,-47,-103,-134,-91
-64,-144,-97,102,20,-121,75,59,-30,-106,-129,-90
-57,-117,-87,72,15,-101,82,59,-32,-94,-124,-84
-38,-104,-78,92,0,-90,56,41,-32,-80,-100,-62
-7,-68,-51,59,27,-73,33,27,-20,-62,-62,-38
3,-11,2,16,-7,-8,15,1,21,-16,11,-11
24,41,16,-32,-8,23,-28,-28,32,45,27,17
24,118,89,-74,-36,105,-65,-35,19,94,117,80
81,228,139,-132,-35,172,-98,-89,67,150,169,152
116,296,206,-208,-32,242,-151,-109,90,206,246,223
123,410,255,-265,-58,345,-219,-160,117,270,333,281
182,489,326,-322,-94,400,-274,-195,147,349,456,341
201,603,395,-405,-101,494,-333,-230,189,454,535,434
272,711,457,-481,-92,577,-390,-302,212,547,623,522
265,811,538,-559,-132,684,-490,-341,255,617,720,582
327,940,596,-627,-132,766,-510,-355,266,687,840,638
356,1020,629,-690,-150,831,-538,-411,307,748,914,712
349,1079,695,-727,-160,883,-599,-413,326,809,964,768
383,1118,734,-780,-157,926,-603,-450,323,834,997,794
397,1153,730,-782,-172,957,-595,-470,366,871,1033,783
404,1144,737,-772,-124,934,-611,-454,343,842,1015,779
400,1094,718,-744,-154,918,-583,-445,329,821,992,778
369,1023,670,-686,-151,871,-563,-420,316,774,930,727
330,979,621,-665,-168,796,-550,-375,295,716,870,697
302,870,554,-602,-121,700,-473,-348,262,654,759,616
253,766,489,-501,-135,626,-391,-293,223,571,658,543
222,638,396,-422,-102,520,-354,-257,190,468,569,426
194,526,331,-345,-75,422,-283,-207,145,369,441,355
155,385,263,-278,-44,352,-215,-150,101,302,367,257
98,272,168,-211,-41,243,-144,-132,54,193,243,197
58,193,115,-123,-22,155,-92,-69,72,131,158,126
20,89,57,-68,-13,70,-40,-31,13,58,76,40
5,-4,19,-9,20,-3,14,0,-9,3,7,14
-32,-76,-24,52,8,-66,34,25,-22,-49,-67,-43
-64,-122,-68,101,19,-104,46,57,-3,-58,-98,-104
-75,-160,-120,125,37,-132,84,65,-64,-133,-158,-114
-66,-198,-130,120,24,-168,95,67,-67,-143,-170,-127
-82,-196,-143,133,35,-154,109,85,-66,-167,-195,-134
-56,-220,-111,153,46,-158,106,72,-67,-157,-172,-134
-86,-216,-122,153,56,-156,95,68,-65,-148,-198,-142
-80,-196,-113,138,30,-162,104,74,-55,-144,-166,-143
-67,-180,-97,110,9,-151,113,66,-54,-119,-150,-132
-85,-139,-101,91,34,-136,71,58,-38,-136,-146,-114
-49,-133,-95,95,14,-108,62,33,-52,-117,-122,-80
-46,-117,-62,59,19,-84,64,48,-39,-83,-83,-71
-28,-64,-63,74,22,-72,39,24,-11,-61,-66,-42
-33,-56,-34,44,6,-53,41,40,-10,-38,-47,-37
8,-40,-27,42,-3,-22,9,27,-25,-32,-29,-19
-8,-36,-5,2,21,5,5,4,-7,15,-27,-19
-1,12,-7,-7,-5,-3,-11,6,11,-6,-5,-3
3,18,21,0,-8,29,12,-7,9,16,24,11
-12,27,24,-40,-6,23,-17,-14,42,20,20,-1
30,45,39,-21,0,49,-19,-28,-10,26,42,19
4,56,41,-11,-18,41,-1,-12,0,27,47,23
0,69,23,-40,-23,32,-18,-13,44,53,39,53
40,62,42,-37,-23,56,-29,-20,0,54,63,42
24,73,20,-59,-12,68,-15,-11,11,50,50,26
-8,73,48,-39,-25,55,-33,-26,13,72,53,50
26,81,38,-81,2,35,-27,-33,33,33,56,61
20,62,71,-51,-13,58,-60,-20,30,49,88,37
29,66,47,-42,-33,79,-32,-35,18,61,66,53
41,87,65,-74,-3,44,-44,-22,23,60,64,62
42,66,44,-73,-15,58,-45,-34,5,65,60,66
43,82,43,-48,-20,76,-31,2,37,64,72,32
39,72,48,-45,-10,50,-54,-35,38,43,63,57
37,108,74,-49,-19,56,-51,-24,20,46,53,53
46,83,69,-78,-13,74,-63,-10,44,71,81,52
58,56,49,-59,-9,54,-56,-49,25,84,81,85
42,105,61,-62,-5,70,-40,-40,17,89,79,72
29,101,69,-88,-8,69,-30,-49,37,49,82,71
49,98,51,-82,-10,81,-61,-54,47,89,90,96
45,109,67,-69,-25,90,-49,-46,41,82,100,86
29,116,84,-89,-16,82,-58,-41,32,99,115,97
22,129,72,-74,-5,99,-46,-31,35,91,107,85
13,112,83,-66,-19,111,-56,-44,20,116,101,73
33,134,78,-100,-47,107,-58,-69,33,86,112,77
27,129,80,-89,-11,114,-68,-40,42,106,122,85
63,129,77,-93,-24,111,-84,-61,25,89,117,117
55,146,105,-100,-15,126,-83,-74,31,110,157,107
50,163,105,-97,-35,142,-84,-64,49,116,136,100
36,154,88,-85,-12,118,-82,-72,58,111,147,117
84,143,112,-110,-12,130,-81,-66,49,136,140,114
67,193,120,-121,-27,151,-90,-76,45,116,143,107
65,215,100,-112,-19,149,-118,-63,60,133,165,134
86,157,110,-120,-33,145,-97,-43,71,142,174,142
77,176,125,-130,-20,162,-115,-67,58,163,157,133
71,206,130,-130,-39,161,-117,-100,54,148,175,144
82,204,129,-142,-15,161,-134,-88,48,153,182,152
67,201,142,-133,-31,177,-107,-89,71,170,193,137
75,234,173,-158,-35,184,-119,-89,57,166,198,149
105,234,170,-159,-28,187,-134,-106,60,183,218,142
103,236,151,-164,-28,187,-122,-86,73,174,230,176
84,256,160,-155,-13,204,-143,-104,72,202,215,178
95,283,173,-168,-23,228,-127,-109,76,212,231,186
99,300,206,-178,-42,228,-165,-121,66,200,260,169
79,287,197,-204,-44,247,-177,-125,92,202,241,203
86,302,183,-191,-20,214,-156,-110,82,224,280,194
116,319,193,-209,-35,251,-170,-127,83,238,267,216
109,323,212,-198,-40,257,-180,-132,66,240,284,213
116,302,225,-226,-46,263,-172,-112,103,246,317,239
109,332,233,-214,-45,285,-183,-130,103,233,299,213
154,345,230,-252,-49,265,-162,-135,85,270,299,239
123,348,237,-226,-64,309,-208,-141,106,263,326,252
121,377,240,-236,-39,314,-198,-139,109,285,323,273
143,378,243,-262,-35,301,-221,-144,101,291,303,247
140,375,222,-272,-49,319,-213,-144,115,308,346,280
145,392,255,-292,-55,296,-221,-161,118,279,332,268
149,393,259,-264,-50,338,-221,-161,135,290,368,281
138,415,257,-262,-55,336,-202,-153,134,320,367,271
137,406,268,-286,-67,316,-225,-176,125,305,376,290
149,434,271,-293,-54,356,-232,-178,126,320,377,309
134,447,272,-280,-85,368,-240,-161,120,309,388,300
158,457,291,-298,-60,371,-227,-178,126,325,404,292
158,443,291,-311,-76,384,-225,-161,116,327,398,312
148,436,286,-326,-69,366,-256,-197,116,331,384,304
174,454,304,-307,-51,384,-257,-193,144,326,411,299
172,447,296,-308,-65,373,-244,-167,127,354,421,327
159,472,308,-310,-67,403,-235,-202,135,333,437,346
168,450,309,-314,-78,375,-249,-191,147,360,445,329
157,470,301,-331,-73,382,-249,-208,149,373,408,318
172,445,314,-322,-53,369,-252,-179,150,354,433,314
172,511,316,-295,-61,392,-269,-192,131,368,434,330
178,477,304,-320,-56,394,-257,-201,132,351,437,357
152,490,318,-331,-77,370,-264,-185,134,385,421,307
158,472,302,-342,-59,441,-274,-194,144,356,415,339
194,472,308,-321,-90,390,-252,-194,142,371,428,340
162,470,298,-308,-63,394,-259,-187,125,365,427,336
172,465,335,-324,-71,404,-273,-193,142,344,419,331
165,459,287,-320,-65,404,-258,-196,165,369,432,309
180,464,296,-328,-77,390,-245,-190,146,352,423,327
180,480,304,-296,-79,388,-257,-176,132,350,423,322
166,486,294,-308,-94,388,-262,-181,117,342,410,313
144,466,311,-316,-68,370,-249,-216,151,349,405,327
165,445,293,-300,-63,373,-247,-190,126,329,416,305
145,458,280,-294,-84,359,-240,-190,124,320,429,303
134,449,294,-292,-87,364,-239,-181,140,325,409,320
182,439,265,-307,-78,362,-259,-154,123,314,379,323
136,430,277,-272,-56,348,-254,-162,126,320,389,312
165,429,277,-297,-49,350,-210,-173,137,302,385,260
128,403,254,-269,-49,349,-226,-152,118,317,387,297
156,379,273,-277,-61,349,-208,-164,122,298,351,295
144,390,252,-254,-73,305,-226,-138,136,291,372,315
152,385,270,-255,-65,336,-213,-148,111,272,357,277
141,380,254,-253,-36,314,-206,-147,122,294,355,275
137,351,218,-250,-58,299,-207,-146,105,271,331,271
119,360,215,-241,-46,318,-209,-153,100,259,359,237
118,352,220,-241,-65,285,-183,-126,103,276,321,240
119,337,211,-228,-24,274,-177,-155,100,268,303,235
110,315,220,-228,-65,253,-201,-149,99,245,277,194
109,292,223,-233,-37,291,-172,-140,81,228,267,232
95,310,209,-211,-22,272,-171,-135,99,219,269,209
117,298,198,-219,-43,246,-163,-115,103,233,256,180
96,283,190,-204,-38,259,-175,-112,95,192,262,188
78,285,173,-195,-34,232,-168,-119,100,225,237,190
109,264,153,-199,-31,230,-147,-110,70,190,222,168
95,248,142,-182,-45,200,-126,-109,74,189,226,171
73,235,183,-171,-51,220,-120,-102,59,179,243,174
82,221,176,-164,-38,189,-134,-89,70,162,193,156
87,198,128,-155,-27,193,-127,-86,80,176,206,165
74,214,147,-130,-20,177,-115,-90,67,156,197,134
79,189,125,-135,-29,164,-119,-73,54,150,174,149
72,182,130,-155,-29,158,-105,-75,55,145,170,135
65,189,119,-134,-45,186,-118,-76,50,135,175,113
58,195,117,-129,-17,149,-114,-85,44,149,167,116
43,180,99,-117,-25,168,-96,-80,51,133,156,117
62,158,101,-105,-18,140,-85,-58,29,128,143,130
30,170,105,-90,-16,125,-82,-56,41,162,123,97
64,150,90,-99,-37,129,-65,-59,23,107,139,90
26,142,74,-90,-9,125,-63,-72,64,100,123,104
40,142,93,-88,-10,96,-82,-64,31,77,99,83
48,112,88,-85,-34,126,-59,-46,62,96,120,86
50,128,67,-75,-39,97,-55,-62,33,68,97,72
41,119,56,-51,-18,84,-58,-29,31,94,81,82
26,103,76,-88,-15,63,-67,-47,23,71,71,59
22,95,62,-49,-2,90,-56,-34,39,46,75,88
57,72,61,-51,-19,83,-66,-30,8,62,73,62
46,75,89,-57,-4,80,-40,-62,30,47,91,49
12,85,49,-53,-22,67,-44,-33,27,59,76,46
29,76,65,-46,-10,54,-44,-13,14,35,64,54
22,67,35,-46,-7,44,-37,-16,14,40,47,70
19,70,40,-48,-30,54,-22,-23,41,60,38,54
14,64,37,-33,-4,68,-45,-23,-5,32,71,35
25,75,17,-39,-3,48,-46,-30,1,58,30,53
20,41,34,-40,-3,29,-10,-18,15,34,45,30
10,67,30,-33,-2,44,-17,-21,-1,61,56,26
16,58,40,-20,11,27,-26,-14,15,20,42,29
23,34,24,-46,-3,31,-29,-3,-1,39,52,37
21,32,18,-40,-7,29,-27,-13,30,38,31,34
12,35,30,-38,-6,24,-12,-18,8,41,34,51
10,39,24,-24,-5,22,-16,-47,9,40,44,32
28,45,32,-8,23,30,-35,-5,1,41,39,25
12,32,20,-30,1,54,-20,-8,-8,34,20,21
22,26,23,-10,12,35,-32,-4,19,24,24,19
9,32,56,-28,-5,20,-26,-13,2,23,7,36
1,27,30,-19,-11,11,-8,4,9,10,22,34
12,21,31,-1,8,35,-13,-12,1,20,22,8
-3,33,35,-15,0,17,-28,6,-10,8,34,14
8,30,32,-28,-8,15,11,-29,1,6,24,38
-14,51,15,-33,-5,3,-22,6,8,36,45,21
27,23,13,-17,-18,27,-8,-27,8,-6,26,26
9,2,16,1,-15,13,-18,-5,12,26,19,12
-1,22,18,-23,5,4,-25,-7,-14,11,23,29
4,9,30,-9,-8,20,-1,-21,-7,-1,10,18
-3,18,27,-7,-10,33,-6,-18,-7,17,15,22
-17,35,16,-15,27,30,17,-6,1,25,16,22
14,30,15,-2,9,30,-15,-27,-2,-9,35,14
12,21,8,-8,-7,49,-19,-29,28,33,15,-2
11,37,21,-33,-12,24,-18,2,-8,4,24,29
7,9,14,-12,13,23,-16,-15,23,4,11,3
10,3,15,-17,-3,40,-20,1,-7,-19,1,24
-4,12,19,-13,-28,9,-12,15,12,15,18,4
20,19,2,-10,-11,15,-14,-14,16,12,28,0
20,3,10,4,10,18,-3,-26,24,27,30,9
13,32,-1,-9,0,17,1,0,23,-1,28,20
7,16,9,1,9,18,-20,-15,5,28,27,-8
6,39,12,-15,-6,20,-15,5,10,11,17,22
20,42,15,-20,1,20,-7,-34,1,38,29,32
7,1,8,6,18,18,-14,-30,13,12,9,16
4,9,22,9,11,15,4,-25,3,5,21,21
0,34,20,-19,-4,9,-29,0,-8,17,25,-6
10,40,10,-37,-18,27,-16,-7,27,0,14,14
16,36,18,-10,11,-1,3,-3,-2,36,35,-4
19,21,22,-18,-16,24,-10,9,16,1,30,30
-3,21,3,-24,15,12,-27,-15,2,13,6,15
6,36,19,-20,10,34,-3,-1,10,23,26,32
-11,30,-3,-22,-4,28,-6,-29,6,1,13,17
5,31,3,-33,-24,20,9,-32,5,12,20,12
37,35,15,-19,-7,18,-12,-23,-4,4,44,19
4,19,-2,-9,-10,6,-13,2,34,34,41,19
-3,21,41,-37,-8,7,-30,-15,25,23,9,9
10,16,16,-28,-15,23,-13,-5,21,26,32,38
7,46,18,-31,-4,10,7,-14,-9,31,25,10
-11,11,-7,-21,-10,35,-13,-10,13,23,23,14
13,35,23,13,-5,12,-17,-27,-12,44,8,22
5,19,9,-34,-11,19,0,-4,-5,22,32,29
24,12,8,-6,4,10,-9,-33,16,13,28,27
-12,7,4,-15,-6,24,-10,-24,16,11,14,21
11,56,11,-19,9,21,-9,-10,9,17,37,3
-5,26,6,-14,-12,-1,2,5,24,28,17,23
6,17,35,-34,-3,19,-18,-6,17,14,16,18
15,18,11,-27,-6,15,-35,-30,20,17,12,22
11,22,27,-12,-4,32,4,-15,12,25,27,10
15,40,21,-29,-11,34,-3,-22,24,25,29,41
17,22,42,-9,-13,16,-1,-14,0,17,30,22
13,45,29,-9,0,23,-13,4,15,18,26,6
8,25,30,-21,26,8,-22,-13,21,23,31,44
11,38,2,-31,5,49,-19,-20,12,8,27,23
0,17,7,-11,-2,9,-21,-17,4,20,25,39
-1,26,20,-34,12,14,-26,-15,5,4,34,9
22,28,32,-22,-12,22,-36,-28,9,16,28,26
-8,32,45,-19,-15,22,-10,-10,22,53,20,15
3,41,22,-28,2,19,-10,2,3,0,35,7
34,31,11,-9,8,45,-6,-11,14,52,25,22
9,26,20,-13,13,37,-24,-22,-14,35,23,19
17,60,29,-3,-4,28,-34,-10,4,35,19,25
4,44,30,-29,-26,32,-39,-18,0,33,24,24
16,37,42,-30,16,47,-9,-8,-24,34,16,36
22,38,22,-20,8,18,-39,-14,5,34,46,52
13,49,37,-47,-9,47,-30,-8,12,38,44,16
23,39,31,-53,-2,42,-25,-19,29,41,41,52
6,74,36,-21,3,31,-4,-41,4,49,52,42
43,51,20,-21,8,36,-49,-20,23,70,74,52
28,68,41,-35,6,58,-19,-24,7,47,50,44
21,56,58,-23,-28,53,-44,-20,25,63,60,52
32,58,61,-32,13,77,-20,-30,19,41,67,39
19,87,42,-58,-6,62,-47,-35,25,54,85,50
24,92,40,-48,-19,67,-60,-35,19,54,78,59
41,100,48,-49,-18,96,-55,-29,29,49,69,53
25,87,46,-73,-10,94,-38,-47,20,69,84,24
32,99,79,-72,-3,74,-62,-50,22,76,70,65
46,103,77,-47,-5,89,-64,-47,36,81,92,61
20,106,74,-69,-29,100,-69,-34,39,79,99,87
54,115,99,-96,-15,92,-101,-52,39,107,105,114
39,152,84,-85,-42,116,-80,-33,38,95,116,91
42,140,111,-100,-23,131,-70,-52,55,101,150,103
43,168,92,-112,-15,140,-87,-65,45,125,149,103
31,173,112,-105,-20,119,-81,-55,76,116,129,105
43,155,118,-113,-17,144,-88,-67,54,137,144,130
69,167,118,-108,-14,139,-108,-88,54,144,167,150
68,181,129,-131,-26,180,-108,-59,51,155,168,125
73,200,123,-128,-58,162,-97,-96,50,142,173,128
76,228,139,-142,-27,165,-109,-78,54,166,189,163
92,222,125,-157,-33,178,-108,-75,61,144,208,153
68,234,135,-155,-44,190,-124,-88,88,196,217,158
74,235,157,-170,-38,191,-146,-77,63,213,203,166
93,243,176,-175,-29,210,-168,-111,67,180,220,165
93,264,157,-173,-60,198,-144,-106,88,199,215,194
89,245,187,-156,-46,225,-137,-112,74,205,231,202
83,280,172,-184,-24,220,-158,-113,100,192,239,180
79,275,182,-179,-39,229,-145,-113,70,201,258,183
91,303,196,-190,-45,245,-158,-97,90,224,243,211
102,276,184,-217,-50,235,-161,-126,115,218,244,206
107,289,171,-201,-58,230,-171,-124,97,199,259,195
117,295,197,-231,-32,253,-147,-125,78,221,271,225
103,286,181,-197,-67,242,-167,-105,106,205,266,227
92,301,201,-192,-38,237,-162,-123,72,231,252,191
114,312,205,-214,-36,256,-161,-107,99,209,265,189
101,296,204,-205,-36,249,-150,-116,99,225,246,228
95,304,187,-204,-41,237,-174,-125,91,230,267,192
98,307,197,-208,-63,230,-142,-110,79,207,267,207
104,308,175,-186,-49,263,-136,-117,107,213,257,192
121,293,204,-180,-25,251,-162,-119,75,206,265,209
112,276,178,-175,-49,241,-185,-118,94,197,248,210
99,271,177,-173,-32,226,-152,-124,77,201,231,180
101,251,178,-184,-28,218,-152,-99,68,195,214,188
99,267,143,-186,-60,200,-134,-110,62,205,237,168
63,250,178,-168,-29,229,-116,-93,80,188,212,168
88,213,154,-157,-24,194,-134,-77,95,194,200,172
79,220,148,-165,-42,198,-109,-82,57,193,211,162
86,192,137,-160,-35,165,-124,-97,34,159,194,165
58,213,139,-137,-20,183,-124,-67,80,162,186,160
69,192,116,-131,-42,167,-124,-80,61,152,176,141
65,190,130,-151,-39,162,-81,-69,28,109,178,131
59,159,119,-121,-44,163,-90,-86,53,118,145,113
71,138,105,-109,-36,130,-90,-55,55,135,160,110
50,142,112,-108,-49,161,-81,-58,31,142,143,115
29,166,93,-95,-29,108,-88,-60,30,84,116,111
47,129,99,-89,-31,94,-78,-62,22,110,144,97
41,112,65,-111,-15,103,-59,-56,39,116,100,73
44,120,48,-87,-29,80,-72,-29,25,96,103,75
39,119,59,-74,-26,99,-53,-33,28,98,92,89
43,82,82,-74,-27,77,-49,-56,33,92,87,55
34,101,69,-71,-13,78,-57,-52,30,72,86,71
30,88,53,-74,-3,87,-58,-39,16,55,76,58
17,79,35,-55,-17,62,-49,-30,-2,60,62,53
7,56,43,-57,-24,50,-22,-29,34,56,84,33
20,83,32,-58,-27,50,-31,-1,21,75,52,17
48,63,11,-64,0,45,-31,-29,15,66,59,57
10,60,46,-36,7,34,-17,-12,8,23,48,19
17,47,15,-37,-14,47,-19,-25,12,26,30,23
-12,40,41,-47,1,34,-33,-35,12,50,44,48
21,26,29,-16,5,41,-21,0,-5,29,30,28
18,29,26,-27,-22,47,-23,-30,19,26,20,8
30,38,39,-32,14,30,-19,2,35,33,10,18
2,30,1,-15,5,33,-29,-27,14,36,37,-2
23,10,11,-5,3,-4,-21,0,-14,24,17,24
6,13,24,-12,-17,15,-14,8,-3,15,11,25
20,36,17,-15,16,15,-13,8,16,11,15,-11
-5,17,-18,-27,0,1,-3,-13,12,15,6,6
4,-15,-20,-22,24,13,7,-31,-9,-15,-14,1
-16,2,-21,1,6,10,-3,-4,-15,-26,-27,-4
0,-23,-10,25,-1,-11,7,28,12,-12,-35,-19
-41,-26,-16,33,23,-48,11,23,-17,-27,-18,-43
-17,-57,-33,33,-1,-17,26,7,-12,-24,-38,-26
-7,-82,-66,37,-1,-69,30,27,-17,-50,-53,-42
-43,-49,-63,41,-8,-63,39,11,-21,-62,-55,-66
-33,-97,-82,48,-3,-73,78,32,-27,-69,-100,-72
-36,-126,-61,74,16,-88,50,54,-51,-73,-115,-96
-35,-116,-80,76,18,-101,67,64,-30,-83,-114,-92
-45,-133,-103,92,36,-134,84,75,-55,-89,-120,-84
-45,-144,-91,112,19,-132,74,48,-48,-124,-126,-91
-43,-148,-107,110,23,-157,96,57,-50,-105,-145,-97
-60,-136,-121,88,11,-119,49,58,-37,-80,-163,-86
-38,-144,-90,86,17,-122,59,47,-26,-96,-126,-85
-49,-123,-75,82,15,-80,80,47,-38,-103,-97,-90
-18,-100,-41,69,13,-60,40,46,-30,-94,-96,-59
-25,-66,-33,28,24,-14,40,24,-39,-28,-46,-41
1,31,-8,-4,4,19,19,10,-2,-1,16,19
37,74,61,-30,-8,55,-27,-12,9,61,61,59
37,136,75,-99,-50,114,-75,-60,26,110,143,116
88,257,154,-165,-38,200,-144,-86,79,165,196,169
119,348,216,-226,-53,279,-172,-143,86,244,288,228
153,453,284,-287,-76,369,-239,-179,152,330,386,299
190,535,342,-390,-99,463,-295,-221,162,419,506,383
242,661,434,-446,-102,552,-360,-292,196,503,604,464
261,767,494,-539,-135,642,-439,-322,225,554,693,552
306,874,577,-584,-127,745,-474,-345,280,666,788,613
365,964,634,-664,-129,808,-515,-369,277,707,858,680
370,1002,682,-719,-166,849,-560,-419,328,757,924,707
372,1072,698,-734,-160,899,-590,-422,330,823,946,759
361,1094,710,-732,-163,922,-591,-430,306,812,999,745
394,1077,725,-705,-157,883,-597,-450,315,825,967,768
392,1067,688,-714,-150,881,-571,-431,324,791,958,728
336,969,667,-680,-142,827,-546,-376,307,738,910,659
320,911,601,-634,-126,740,-522,-360,267,679,835,635
279,816,540,-548,-127,702,-436,-305,246,619,750,552
248,696,459,-500,-133,594,-400,-282,225,533,606,489
203,593,406,-404,-99,485,-342,-220,178,425,526,397
168,468,318,-319,-58,385,-253,-183,119,344,420,338
131,359,237,-235,-55,293,-202,-148,100,265,338,247
75,234,128,-158,-20,188,-144,-93,76,175,216,162
53,140,70,-87,-11,100,-83,-52,50,100,138,73
18,31,18,-32,-18,43,-18,-12,8,28,54,19
-26,-31,-23,40,18,-28,33,34,-17,-26,-26,-32
-46,-123,-60,63,17,-99,52,16,-28,-87,-103,-74
-76,-179,-104,137,49,-132,88,62,-66,-143,-163,-131
-58,-205,-137,143,42,-174,121,91,-54,-152,-200,-151
-72,-229,-139,167,36,-191,119,107,-72,-160,-203,-154
-91,-235,-160,178,34,-218,141,119,-85,-182,-232,-174
-81,-267,-171,187,35,-201,133,106,-87,-202,-234,-184
-94,-265,-137,180,22,-198,159,83,-96,-182,-219,-170
-81,-239,-182,184,37,-226,131,73,-69,-188,-212,-166
-56,-220,-152,171,22,-173,117,81,-65,-171,-191,-148
-87,-214,-154,133,30,-196,109,78,-54,-142,-180,-135
-75,-184,-127,126,50,-121,108,73,-50,-132,-189,-109
-67,-166,-113,107,18,-146,80,80,-35,-109,-164,-78
-45,-141,-96,90,14,-116,71,42,-54,-87,-110,-96
-53,-100,-72,62,9,-103,75,40,-20,-86,-117,-74
-33,-92,-71,52,18,-58,57,33,-34,-61,-92,-73
-31,-83,-48,51,33,-45,27,29,-31,-59,-65,-79
-31,-45,-50,45,13,-44,22,21,-12,-49,-62,-28
-37,-61,-30,44,-2,-22,17,11,14,-29,-30,-8
-5,-27,-10,23,-1,-38,1,22,10,-35,-41,-38
9,-24,1,28,11,6,11,33,1,-29,-21,18
3,-13,-18,6,0,-4,23,24,-12,-7,-25,-21
-15,-3,21,9,7,8,1,7,-13,-23,-12,6
16,-9,2,-11,11,-3,-11,1,-15,9,10,4
-15,4,-7,-3,-11,9,0,4,-12,-2,23,24
16,27,16,-7,-3,-12,14,18,23,10,-10,21
-6,-1,-11,7,10,8,-12,-10,0,-6,12,26
18,37,4,-3,-5,5,6,18,-3,23,28,27
1,-10,6,-30,-12,-22,2,-29,-3,5,10,17
29,-14,25,-10,11,21,10,0,10,13,23,26
12,27,15,-16,-8,0,-30,10,7,8,16,-8
12,8,5,-7,-15,19,-8,20,1,1,13,14
13,45,-12,-24,-2,7,-25,0,6,18,15,32
-13,29,20,-1,20,24,-12,-27,3,17,30,11
24,24,16,-4,6,28,-30,-15,18,25,19,12
17,15,22,-23,-3,33,-4,-15,4,32,27,27
-8,48,19,2,-21,49,-28,-4,2,16,42,32
8,42,22,-24,0,29,-10,-27,17,30,20,33
10,51,25,-48,6,21,-31,-15,5,20,21,37
-5,42,40,-31,12,27,-11,-9,10,26,38,33
21,56,33,-40,-27,46,-23,-16,19,40,30,26
3,59,31,-44,-14,62,-40,-23,8,16,42,43
13,58,27,-54,-16,64,-33,-30,20,21,46,48
18,54,14,-28,0,36,-28,-36,16,32,62,57
26,62,29,-44,-11,63,-47,-18,10,56,46,52
25,52,61,-50,-15,69,-20,-20,24,42,80,56
3,72,48,-69,-19,68,-52,-31,25,48,79,46
27,65,13,-51,-37,83,-52,-42,47,51,83,89
17,84,34,-68,-5,83,-24,-34,39,60,61,58
34,98,75,-60,-14,80,-25,-29,27,60,74,53
15,80,87,-74,-8,77,-69,-47,36,55,92,83
48,112,73,-76,-20,79,-65,-46,38,77,98,84
14,105,58,-121,-11,106,-72,-38,30,97,93,85
40,125,69,-96,-24,101,-56,-70,43,95,97,85
36,127,77,-78,-24,100,-63,-63,40,103,105,102
60,134,117,-64,-11,96,-74,-62,33,114,125,102
44,143,99,-116,-27,110,-92,-70,41,114,123,86
69,160,117,-97,-25,120,-91,-61,23,109,131,109
59,173,98,-106,-26,125,-116,-68,53,106,136,88
34,167,112,-110,-13,137,-63,-64,55,154,157,135
47,185,126,-116,-41,141,-106,-84,57,112,149,108
76,188,107,-129,-38,162,-109,-73,49,138,183,122
45,204,138,-137,-22,173,-107,-73,70,155,174,163
97,222,127,-152,-27,163,-118,-80,59,148,193,165
50,231,120,-168,-31,196,-118,-95,43,178,195,164
69,231,137,-143,-48,184,-125,-83,62,158,201,168
81,220,153,-161,-54,197,-119,-88,65,201,210,135
62,244,148,-157,-36,211,-139,-102,74,192,232,183
117,236,173,-153,-21,207,-135,-119,79,180,231,179
103,252,184,-176,-24,222,-150,-106,91,203,244,198
122,286,165,-179,-52,216,-148,-103,83,216,240,202
91,291,175,-189,-44,236,-147,-126,93,214,273,189
116,300,200,-199,-35,256,-159,-112,98,224,263,205
105,307,195,-185,-56,245,-174,-116,82,229,265,204
113,286,188,-212,-42,248,-156,-135,111,240,257,220
105,334,214,-193,-40,257,-161,-116,100,245,288,227
117,336,210,-244,-59,288,-167,-128,92,240,306,242
123,338,218,-213,-50,298,-199,-129,87,251,301,233
129,353,230,-225,-35,278,-168,-134,115,259,320,263
105,340,237,-221,-59,274,-203,-148,98,275,330,242
122,375,210,-230,-38,295,-196,-142,110,269,317,254
112,363,242,-265,-52,322,-191,-147,114,295,337,254
117,386,238,-253,-59,299,-215,-155,135,286,340,233
151,379,237,-262,-40,300,-201,-152,126,270,346,250
131,376,241,-243,-61,312,-233,-177,120,268,352,270
168,381,249,-282,-68,324,-214,-147,118,291,368,283
123,389,249,-261,-59,329,-193,-131,120,306,349,266
142,404,270,-264,-55,316,-216,-152,130,303,376,283
151,411,274,-283,-56,344,-230,-153,111,292,361,271
156,397,244,-260,-66,305,-224,-145,113,281,340,303
160,398,263,-273,-55,315,-208,-172,148,308,354,300
136,398,273,-289,-76,329,-218,-154,127,293,363,298
128,411,252,-287,-73,336,-219,-167,116,299,365,279
146,405,294,-285,-47,340,-242,-146,124,333,347,277
132,400,247,-272,-58,324,-214,-159,114,303,361,282
159,387,268,-276,-66,321,-212,-140,123,308,359,296
171,407,239,-266,-65,318,-214,-153,111,302,360,292
145,389,262,-281,-70,349,-237,-159,132,301,340,309
144,380,282,-287,-40,295,-206,-157,105,285,348,266
153,381,263,-271,-68,320,-197,-167,121,281,355,270
143,375,248,-255,-54,310,-198,-166,86,290,359,240
119,380,243,-227,-66,295,-197,-156,122,262,328,257
138,368,250,-273,-50,304,-212,-130,109,277,344,278
119,347,209,-239,-46,316,-214,-153,127,264,353,266
114,366,233,-260,-73,295,-190,-144,98,276,309,261
127,354,233,-233,-35,274,-206,-127,104,289,296,249
112,371,234,-234,-65,285,-185,-160,99,282,314,248
129,344,216,-248,-65,286,-192,-139,107,266,292,250
135,363,202,-212,-61,285,-195,-128,93,237,291,261
90,337,210,-199,-59,269,-170,-129,73,240,298,233
109,307,203,-211,-81,264,-195,-134,93,265,282,208
100,303,196,-172,-19,265,-178,-106,95,223,274,236
89,297,195,-193,-28,228,-171,-122,100,219,284,190
78,310,181,-189,-38,229,-167,-125,86,228,241,198
81,284,161,-201,-52,232,-134,-105,91,209,256,194
84,280,163,-184,-45,206,-151,-101,79,199,233,185
102,260,171,-172,-33,200,-151,-110,67,227,226,184
95,244,153,-174,-51,201,-141,-87,69,193,229,173
63,242,152,-171,-19,192,-120,-119,51,173,209,144
90,214,131,-158,-25,188,-146,-98,72,153,205,158
87,208,156,-144,-53,186,-93,-96,73,143,200,129
60,184,113,-142,-8,135,-113,-86,71,145,192,143
68,165,125,-109,-8,175,-98,-87,58,142,174,148
61,179,135,-131,1,154,-92,-75,63,131,177,144
49,150,116,-103,-9,121,-111,-78,56,113,147,95
57,148,92,-124,-24,129,-69,-71,43,128,158,123
66,154,121,-106,0,114,-87,-57,38,123,134,105
52,135,89,-112,-29,113,-77,-57,12,96,128,121
39,134,86,-85,-17,94,-74,-54,56,86,121,107
46,114,57,-58,-21,87,-76,-59,30,87,108,97
49,106,57,-80,0,83,-64,-34,16,68,107,59
46,112,72,-70,-12,94,-69,-23,42,96,85,55
30,110,61,-66,18,62,-54,-27,35,73,70,89
27,97,54,-60,-9,75,-47,-28,28,57,54,42
20,81,25,-58,-32,80,-56,-13,35,43,62,50
39,74,53,-29,-29,44,-28,-31,7,44,50,57
30,52,34,-37,-23,41,-38,-8,12,57,53,64
16,37,25,-45,-19,33,-37,-22,29,39,41,48
16,71,24,-52,-17,62,-23,-16,-4,36,21,35
20,27,36,-12,-3,22,-2,2,4,31,35,11
24,25,22,-28,-5,27,-20,-3,16,32,10,24
-14,55,10,-17,-16,25,-17,5,5,20,15,5
3,28,14,-30,-15,32,-8,-15,6,-1,35,15
20,9,6,-22,13,3,-12,-13,15,5,34,16
13,28,-11,8,-2,17,16,-9,15,-3,17,7
-6,18,-40,4,-20,22,8,10,-16,-8,13,-5
-7,-15,7,-7,13,11,11,12,17,12,-18,-4
-3,-23,1,11,-1,-4,7,2,9,12,0,-20
-4,-17,-8,27,-3,-9,18,20,-3,-19,-25,-27
-3,9,-22,18,-16,-12,18,-11,-5,-36,-11,5
3,-66,-19,13,1,-30,12,24,-13,-19,-29,-6
-20,-34,-16,10,-10,0,11,27,-5,-4,-37,-12
-25,-17,8,6,-1,-36,-16,14,-24,-18,-24,-22
-13,-21,-35,17,2,6,-5,22,-2,-11,-64,-14
-21,-44,-18,-3,32,-23,47,13,-12,-7,-33,-25
-11,-26,-34,28,-4,-31,43,14,-20,-4,-31,-24
-13,-30,-23,41,3,-29,31,11,-27,-10,-28,-21
-19,-53,-22,25,10,-11,26,33,6,-27,-48,-17
-30,-45,-15,54,11,-37,22,40,-11,-35,-28,-18
-8,-53,-32,22,-5,-35,13,-2,11,-20,-41,-59
21,-53,-10,20,2,-33,34,17,-12,-37,-52,-25
-31,-54,-25,33,7,-55,28,38,-8,-23,-49,-47
-8,-47,-53,20,0,-39,28,24,-38,-40,-56,-40
-25,-45,-31,17,18,-31,33,17,-8,-55,-28,-23
-11,-75,-39,22,2,-44,56,18,1,-25,-42,-34
-13,-54,-43,52,11,-44,13,19,-37,-50,-57,-31
-9,-53,-49,43,1,-35,40,30,12,-33,-52,-35
-27,-66,-53,57,-3,-40,32,27,-21,-50,-63,-39
-58,-69,-45,30,12,-60,37,18,-9,-57,-52,-28
-24,-46,-54,53,4,-33,39,8,-10,-26,-68,-44
-19,-74,-43,22,3,-47,44,10,-7,-76,-64,-56
-35,-78,-46,45,8,-35,42,14,-26,-37,-60,-69
3,-59,-22,60,6,-39,20,8,-26,-46,-55,-28
-17,-61,-38,41,16,-52,19,29,-20,-33,-67,-60
-47,-86,-71,27,-12,-36,34,22,-31,-42,-35,-44
-10,-54,-24,38,34,-55,33,21,-14,-38,-61,-37
-20,-55,-33,47,-5,-48,37,15,-10,-57,-33,-39
-24,-68,-54,60,-4,-51,42,-3,-20,-45,-65,-54
-29,-83,-26,46,-2,-70,34,36,-26,-77,-58,-49
-23,-41,-48,38,21,-44,21,7,-27,-39,-55,-52
-41,-67,-31,33,4,-68,44,13,1,-50,-60,-60
-8,-55,-31,57,17,-33,31,20,-35,-57,-29,-50
-29,-64,-29,32,15,-59,14,23,-18,-44,-76,-54
-25,-64,-22,50,-9,-48,21,33,-16,-41,-29,-45
4,-77,-32,38,15,-44,6,34,-7,-35,-75,-39
-17,-64,-62,43,9,-79,32,21,-35,-31,-52,-44
-23,-75,-46,32,-10,-51,55,13,-27,-72,-88,-54
-18,-81,-41,34,16,-56,27,34,7,-64,-33,-32
-34,-67,-26,33,-35,-52,27,31,-26,-61,-71,-51
-16,-77,-60,52,16,-48,68,27,-3,-30,-51,-48
-31,-53,-7,25,-6,-44,29,20,-7,-59,-27,-41
-38,-43,-35,27,17,-35,37,33,-24,-39,-69,-45
-22,-60,-22,41,10,-43,23,37,-29,-71,-51,-53
-26,-55,-50,45,13,-54,31,18,-10,-41,-50,-41
-20,-65,-17,34,22,-40,77,40,-37,-66,-55,-32
-23,-75,-32,50,6,-43,41,22,-24,-30,-78,-48
-23,-57,-49,35,19,-41,24,14,-26,-57,-41,-48
-24,-54,-51,39,12,-47,47,43,-25,-41,-40,-43
-35,-35,-34,44,24,-63,39,31,-33,-45,-39,-38
-33,-71,-43,43,17,-26,41,35,0,-38,-43,-32
-33,-56,-46,47,5,-54,46,38,-14,-57,-61,-42
-10,-74,-44,40,-1,-47,29,23,-18,-43,-56,-63
-11,-61,-48,27,3,-33,27,34,-3,-37,-39,-48
-21,-63,-44,41,2,-32,25,23,-4,-55,-45,-34
-20,-47,-44,21,23,-11,27,10,-20,-32,-59,-34
-25,-45,-34,28,9,-21,30,35,-3,-63,-70,-21
-13,-69,-30,67,28,-47,38,5,-9,-40,-41,-34
-35,-55,-56,44,28,-57,10,10,-6,-56,-62,-47
-33,-43,-45,28,7,-50,44,24,2,-22,-36,-58
-23,-30,-35,39,12,-32,36,34,-25,-50,-35,-44
-22,-46,-36,31,-9,-41,36,0,-26,-43,-43,-47
-4,-23,-51,41,24,-30,34,5,7,-74,-55,-35
-24,-40,-50,42,17,-44,37,16,-25,-31,-57,-30
-20,-56,-50,20,12,-55,29,20,-35,-58,-50,-31
-21,-53,-18,34,1,-58,37,7,-36,-34,-47,-67
-30,-68,-32,20,6,-51,13,17,-6,-34,-41,-26
-28,-55,-29,23,9,-30,26,22,-16,-36,-16,-45
-4,-39,-28,33,14,-40,45,-3,-18,-30,-56,-36
-9,-49,-58,22,8,-49,53,19,-22,-25,-51,-22
-16,-46,-49,25,12,-42,26,20,-4,-37,-38,-15
-11,-34,-11,17,17,-47,19,8,-27,-39,-28,-47
-20,-35,-24,25,20,-48,18,31,-3,-39,-33,-22
-19,-21,-39,10,8,-32,29,17,-13,-42,-45,-27
-21,-41,-17,28,9,-31,22,7,-9,-50,-24,-29
-15,-55,-25,28,14,-35,13,5,-12,-17,-32,-12
-22,-29,-3,42,-20,-13,39,19,-12,-32,-35,-12
-5,-40,-24,44,15,-40,12,4,-25,-37,-19,-23
-8,-39,-18,21,14,-14,22,20,-25,-27,-18,-31
-2,-27,4,10,4,3,33,15,16,-33,-40,-30
-11,-10,-28,24,-5,-10,9,8,15,-12,-34,-2
-6,-28,4,19,5,-18,21,18,1,2,1,-25
7,9,-12,7,-5,0,23,12,8,-5,-17,-6
0,-29,-25,-7,8,-3,10,6,-19,-12,-21,0
-2,5,-16,1,-9,-7,13,12,-7,-18,-16,10
19,6,0,4,-5,-3,-15,-8,3,30,27,3
4,-6,-26,16,11,14,3,-17,4,-14,15,1
13,-4,9,-9,3,1,6,-7,23,-6,17,17
7,9,27,-15,-18,27,-6,-9,9,8,29,26
16,22,7,-19,-21,17,-11,-2,-25,17,33,19
23,28,8,-22,5,25,-24,-26,-2,20,30,11
9,58,29,-16,24,16,-22,-25,8,28,53,32
5,43,25,-56,-23,51,-38,3,42,38,33,38
33,66,31,-24,-15,53,-28,-45,-13,30,45,19
7,62,45,-42,-4,48,-31,-25,36,42,62,52
36,83,41,-64,-32,86,-47,-28,22,65,93,52
37,70,51,-72,4,86,-54,-24,18,79,40,67
27,101,92,-56,-37,54,-58,-33,30,83,72,80
38,97,72,-64,-28,81,-59,-39,41,79,110,70
44,105,74,-95,-16,91,-68,-42,29,75,120,82
58,106,88,-99,-25,92,-82,-37,31,107,145,99
37,136,86,-115,-45,121,-54,-61,28,101,135,86
39,144,104,-77,-17,119,-91,-72,47,106,134,109
71,171,100,-109,-2,124,-75,-68,49,116,160,129
51,181,80,-100,-42,156,-96,-68,40,119,147,112
54,188,107,-117,-24,132,-100,-34,44,138,168,112
56,173,108,-121,-24,141,-115,-73,35,129,164,117
90,193,112,-136,-35,158,-99,-79,59,136,169,124
55,183,116,-141,-36,176,-100,-89,57,166,187,136
57,206,115,-121,-27,160,-91,-64,65,143,162,142
78,220,174,-160,-24,163,-98,-86,48,158,180,155
70,234,134,-128,-22,173,-111,-99,58,151,205,146
67,195,130,-159,-32,160,-122,-103,54,173,169,133
82,215,127,-148,-33,172,-122,-113,67,160,192,169
83,230,151,-141,-32,199,-120,-98,66,158,186,163
75,235,136,-161,-30,190,-109,-85,79,167,208,173
51,213,132,-123,-31,197,-132,-93,74,161,198,131
88,220,148,-138,-41,173,-128,-88,62,143,188,134
77,182,162,-142,-44,180,-105,-94,59,151,197,152
74,208,126,-134,-46,186,-119,-68,59,164,178,165
87,206,152,-131,-23,174,-101,-71,41,161,194,170
59,192,128,-140,-53,169,-119,-65,41,150,200,139
61,176,135,-130,-35,159,-114,-80,34,154,142,131
63,190,130,-144,-17,176,-106,-51,51,128,146,143
59,189,117,-114,-24,141,-110,-88,58,112,147,125
55,180,101,-116,-20,143,-98,-64,39,126,144,100
46,156,100,-108,-25,153,-101,-60,50,133,139,121
69,132,94,-88,-17,121,-77,-47,61,139,129,94
62,159,100,-75,-13,125,-85,-57,42,97,134,108
36,124,89,-81,-20,100,-47,-45,20,101,114,103
36,130,118,-71,-16,119,-71,-57,32,110,117,87
19,110,71,-78,-19,89,-58,-55,31,80,94,61
43,95,64,-86,-18,75,-41,-49,27,76,72,81
39,90,51,-52,-23,91,-49,-19,40,70,79,77
43,82,44,-67,24,57,-53,-21,-1,59,71,52
26,59,39,-34,-7,60,-68,-43,40,82,68,53
15,52,30,-42,-2,54,-29,-48,18,43,80,58
20,58,18,-26,-15,48,-29,-13,45,38,57,43
16,51,6,-40,-8,33,0,-22,29,37,12,37
-5,29,43,-34,-19,27,-14,-14,22,13,34,45
8,15,37,-25,17,29,-12,-32,-1,-14,36,17
20,10,19,-19,7,36,-6,-15,22,5,-3,11
33,6,13,-13,1,13,-9,6,7,12,1,-3
-11,15,-5,14,-3,4,-13,-18,3,13,-13,-20
-8,-5,-37,17,-6,9,11,6,-8,-13,5,17
3,-23,-3,13,-11,-20,1,-3,-18,-21,-28,6
9,-4,22,11,9,-2,32,-8,-12,-3,-22,-29
27,-23,-12,13,-5,-13,21,-1,-19,-28,-28,-29
-16,-19,-18,2,16,-23,12,-6,4,-23,-28,-28
-15,-40,-21,-1,13,-28,29,35,-13,-17,-23,-43
-18,-30,-32,36,-2,-32,13,9,7,-24,-58,-13
-27,-73,-42,33,4,-19,13,15,-16,-39,-29,-36
10,-43,-35,37,4,-26,23,29,-32,-16,-28,-39
-3,-49,-30,43,13,-41,21,16,22,-39,-45,-27
-29,-60,-29,28,-1,-42,21,42,-14,-39,-51,-52
-9,-86,-48,16,20,-37,49,32,-19,-51,-42,-40
-8,-31,-42,38,-15,-44,32,17,-35,-52,-65,-57
-37,-62,-66,65,33,-66,47,0,-12,-42,-59,-81
-27,-81,-39,51,12,-65,26,48,-26,-50,-58,-57
-36,-103,-43,73,-3,-93,49,12,-22,-78,-69,-68
-64,-100,-68,65,21,-67,56,40,-40,-66,-77,-67
-28,-113,-79,78,35,-84,65,20,-28,-73,-94,-58
-31,-113,-96,90,21,-100,80,68,-20,-73,-106,-84
-26,-134,-87,111,10,-112,72,63,-38,-92,-114,-89
-42,-146,-96,96,22,-129,91,66,-48,-120,-124,-107
-56,-180,-99,82,4,-139,77,81,-46,-144,-142,-134
-61,-201,-108,135,31,-156,110,81,-62,-140,-179,-134
-72,-205,-135,133,42,-163,113,84,-31,-139,-187,-136
-93,-207,-133,142,19,-189,123,80,-54,-153,-176,-135
-74,-217,-125,179,38,-185,127,87,-76,-152,-194,-153
-73,-222,-144,147,23,-192,137,95,-59,-182,-205,-160
-75,-231,-161,151,51,-211,122,89,-68,-166,-232,-157
-90,-229,-166,156,41,-168,122,87,-65,-177,-213,-161
-68,-227,-142,156,25,-172,105,91,-48,-145,-203,-139
-56,-172,-129,128,22,-142,84,98,-33,-134,-186,-138
-48,-155,-117,121,17,-142,72,71,-35,-113,-149,-123
-56,-123,-72,68,31,-113,71,23,-50,-82,-106,-84
-14,-65,-21,37,12,-58,18,13,-18,-52,-56,-47
-10,12,-4,-4,4,-8,14,1,12,-27,8,-16
26,88,62,-54,-6,80,-65,-20,18,47,80,28
35,177,126,-127,-28,159,-93,-73,69,137,157,115
104,285,203,-197,-68,243,-170,-119,98,211,278,203
135,378,267,-250,-62,327,-217,-156,99,299,364,258
173,489,344,-317,-61,410,-289,-190,146,380,417,351
208,621,351,-411,-97,487,-340,-234,186,453,538,424
248,714,451,-506,-83,583,-399,-286,228,536,641,484
269,787,510,-534,-134,650,-443,-308,243,591,733,574
313,874,577,-592,-139,702,-485,-346,270,648,810,622
329,945,601,-633,-148,796,-535,-373,287,698,845,661
351,973,636,-673,-137,823,-543,-419,295,723,884,676
376,984,635,-670,-150,837,-548,-418,284,750,916,705
338,969,657,-677,-160,813,-549,-393,306,745,906,695
327,922,637,-672,-118,771,-520,-375,282,709,835,668
314,888,566,-603,-116,731,-497,-338,261,665,762,616
278,791,538,-550,-128,669,-431,-322,230,600,731,561
238,712,443,-488,-98,594,-380,-298,219,536,646,504
190,589,367,-416,-81,474,-297,-228,164,429,533,417
166,462,326,-308,-75,399,-246,-192,133,352,400,334
105,325,225,-227,-53,308,-187,-141,106,271,327,240
81,244,174,-174,-41,189,-123,-89,50,167,204,164
56,135,73,-99,-19,88,-69,-44,42,92,104,85
8,32,-10,-20,-13,5,-24,-20,6,-7,10,14
-26,-95,-46,42,26,-56,61,17,-17,-66,-69,-47
-42,-139,-104,110,0,-135,87,68,-47,-130,-139,-115
-73,-222,-146,146,51,-167,138,116,-57,-174,-199,-164
-70,-263,-162,186,43,-218,140,113,-86,-205,-234,-167
-116,-301,-208,205,60,-259,170,118,-94,-215,-291,-201
-132,-334,-202,223,54,-294,207,142,-101,-255,-301,-249
-127,-341,-232,230,44,-289,186,128,-111,-281,-334,-242
-141,-361,-216,230,59,-297,181,115,-98,-253,-307,-260
-127,-349,-244,250,79,-266,198,127,-99,-276,-314,-249
-108,-345,-230,239,67,-281,185,126,-104,-247,-328,-230
-104,-311,-215,232,51,-278,171,119,-79,-265,-310,-204
-90,-282,-188,223,72,-240,193,123,-90,-237,-272,-216
-117,-283,-200,190,59,-273,152,111,-70,-215,-253,-194
-76,-272,-167,182,40,-215,147,107,-72,-186,-240,-170
-74,-242,-167,152,30,-214,156,83,-82,-176,-205,-194
-76,-198,-126,131,62,-202,124,98,-80,-186,-182,-147
-47,-195,-139,133,19,-161,106,71,-72,-151,-161,-109
-58,-147,-116,101,7,-155,87,71,-45,-129,-147,-120
-74,-137,-109,93,12,-119,79,88,-56,-108,-140,-97
-52,-150,-45,93,42,-124,104,64,-41,-91,-96,-93
-51,-132,-56,78,31,-116,63,71,-46,-91,-125,-95
-38,-122,-81,67,29,-100,39,50,-41,-78,-111,-99
-35,-110,-70,63,52,-99,81,78,-44,-81,-107,-68
-43,-89,-72,72,-23,-71,47,56,-47,-73,-108,-88
-31,-107,-37,67,16,-73,65,40,-31,-79,-83,-67
-27,-98,-41,62,-12,-81,67,34,-25,-96,-68,-78
-34,-86,-58,58,11,-50,42,31,-42,-69,-85,-52
-24,-93,-56,65,15,-68,46,40,-24,-74,-94,-78
-24,-105,-47,73,17,-32,56,26,-44,-51,-70,-49
-33,-86,-53,46,5,-67,40,38,-23,-71,-106,-43
-44,-65,-54,36,20,-67,55,23,-27,-53,-57,-51
-43,-65,-25,45,1,-61,31,45,-50,-57,-51,-54
-41,-64,-46,59,12,-59,54,16,-5,-78,-70,-36
-51,-66,-70,78,21,-80,48,31,-44,-35,-64,-47
-19,-68,-25,55,25,-57,58,10,-31,-42,-43,-62
-21,-58,-46,53,5,-45,53,31,-31,-54,-51,-52
-15,-78,-36,45,12,-62,22,32,-27,-64,-56,-51
-14,-56,-29,11,-15,-31,32,17,-20,-50,-53,-29
-11,-54,-31,62,-1,-62,27,25,-15,-44,-54,-47
-10,-87,-46,37,15,-24,27,18,-42,-33,-30,-72
-21,-47,-33,43,0,-22,22,26,-17,-51,-48,-37
-22,-41,-45,36,14,-47,15,14,1,-40,-35,-30
-10,-23,-22,19,22,-26,9,22,-7,-13,-14,-48
-17,-41,2,22,11,-41,24,24,-16,-21,-31,-32
-27,-35,-21,14,3,-16,35,-1,8,-23,-5,-25
-20,-15,13,15,-5,-13,29,15,1,-25,-20,-44
-3,-26,-13,-5,33,-12,26,14,-10,-16,-24,-18
-9,-15,-10,-22,3,-32,15,-7,-6,11,-7,-12
0,-6,16,1,-10,-9,11,2,0,10,-1,10
14,11,43,20,6,6,-4,-9,7,15,1,6
-12,10,-8,-13,-8,1,1,-15,4,9,25,25
20,7,5,-19,-13,15,-18,-37,3,8,11,34
33,22,-2,-47,-19,33,-12,-6,1,-4,0,3
-13,53,4,-36,-13,17,-9,-1,-8,11,29,6
19,50,32,-52,-14,25,-23,-11,20,39,40,3
10,52,65,-46,1,31,-42,-31,10,34,49,28
51,52,31,-20,-13,50,-40,-30,8,30,42,28
21,77,45,-28,-11,69,-41,-30,16,35,36,44
32,89,58,-42,-2,58,-47,-41,5,71,53,52
28,76,50,-55,7,74,-67,-39,39,81,83,32
33,85,46,-74,-25,61,-61,-26,23,66,67,41
32,102,71,-78,-14,68,-60,-36,47,86,91,87
34,115,74,-56,-16,64,-75,-48,46,77,102,75
29,116,79,-80,-27,82,-68,-41,34,77,111,78
38,101,96,-107,-30,142,-55,-52,47,96,107,86
44,150,96,-82,-48,121,-83,-55,54,123,127,100
62,141,92,-111,-35,109,-61,-49,53,99,150,118
60,166,93,-110,-21,112,-112,-74,39,110,147,140
68,171,103,-113,-31,139,-92,-77,64,130,144,111
56,174,127,-114,-25,129,-120,-79,37,128,161,123
73,198,101,-138,-19,169,-121,-57,71,149,172,143
83,208,135,-115,-9,156,-108,-80,68,143,178,132
77,222,154,-140,-56,174,-119,-91,49,154,195,146
82,219,138,-135,-35,186,-121,-101,66,163,208,160
72,215,158,-148,-28,185,-131,-97,64,169,202,157
78,242,164,-151,-28,186,-142,-80,70,202,221,171
81,246,153,-156,-41,201,-129,-80,66,183,216,185
83,250,175,-199,-39,219,-136,-108,46,185,228,190
130,245,176,-166,-32,216,-161,-121,86,193,246,174
82,257,177,-182,-43,236,-152,-132,81,187,234,196
87,256,186,-200,-46,215,-151,-134,74,202,234,199
100,302,203,-214,-39,234,-174,-116,97,206,279,199
111,293,216,-198,-57,240,-161,-122,97,224,269,222
101,288,210,-210,-46,244,-172,-128,96,225,274,192
99,279,202,-192,-32,253,-156,-123,104,252,251,228
111,301,199,-214,-47,256,-176,-137,109,218,288,201
137,343,221,-216,-48,269,-178,-110,91,245,297,247
117,322,218,-213,-48,277,-180,-121,98,246,288,224
100,338,202,-234,-48,260,-184,-146,100,247,303,235
127,336,209,-232,-34,289,-158,-138,110,222,290,220
114,327,191,-230,-35,293,-174,-116,92,243,312,260
130,334,210,-201,-61,284,-181,-129,92,252,327,255
100,341,214,-224,-52,292,-163,-118,96,260,303,219
108,332,209,-253,-39,271,-191,-169,96,244,299,258
111,334,236,-225,-77,282,-185,-111,105,239,302,230
125,332,219,-246,-49,270,-177,-125,97,254,291,220
125,331,232,-212,-48,282,-200,-148,108,225,321,233
89,334,215,-230,-54,261,-180,-146,118,284,291,234
119,323,231,-222,-52,279,-171,-157,97,248,272,210
118,346,211,-225,-66,261,-178,-151,94,237,301,240
122,322,202,-235,-45,278,-161,-139,116,238,284,256
112,309,182,-211,-70,266,-189,-138,101,236,282,236
111,310,196,-220,-54,266,-171,-117,93,240,273,243
85,325,204,-230,-44,256,-185,-121,96,216,287,213
114,294,200,-193,-46,236,-176,-122,91,202,259,212
132,308,193,-219,-64,260,-157,-105,82,222,264,229
109,301,204,-207,-38,226,-158,-129,73,228,279,215
107,289,211,-203,-14,226,-155,-122,92,212,264,203
94,263,163,-178,-41,234,-144,-94,95,199,249,212
76,290,186,-183,-57,214,-135,-103,80,190,243,190
102,259,164,-177,-17,193,-152,-114,83,209,237,188
89,270,158,-169,-22,219,-138,-119,85,184,191,194
68,249,163,-187,-45,194,-139,-90,82,193,226,185
96,231,174,-142,-45,204,-110,-81,63,172,205,155
67,200,148,-161,-46,191,-102,-88,55,160,192,165
85,195,132,-138,-26,171,-126,-82,61,166,197,161
59,212,141,-172,-28,180,-120,-69,45,168,191,181
77,202,142,-142,-40,163,-107,-86,53,131,178,136
66,175,128,-135,-20,135,-107,-78,66,125,170,127
64,169,117,-122,-30,155,-98,-69,35,112,145,117
65,161,107,-117,-17,142,-87,-66,67,133,152,116
64,174,125,-86,-24,137,-69,-72,53,115,142,116
35,148,96,-102,-31,115,-80,-41,39,107,110,97
57,139,98,-96,-19,103,-75,-62,40,123,135,127
46,119,67,-94,-11,99,-71,-59,42,97,114,68
40,117,82,-102,-12,91,-66,-45,29,93,114,82
47,119,62,-77,-3,87,-45,-41,22,68,107,71
17,87,76,-51,-9,95,-64,-46,19,50,99,74
27,104,82,-76,-6,79,-52,-35,7,64,92,68
32,73,48,-59,-26,66,-45,-26,13,64,53,52
20,62,57,-32,-7,40,-28,-44,24,40,53,50
26,49,67,-36,5,58,-28,-17,31,54,58,50
1,67,38,3,-1,53,-46,-15,18,45,40,39
33,36,43,-34,-6,49,-13,-20,23,23,32,47
18,39,40,-20,-4,16,-23,-8,35,45,44,27
-1,24,-17,-26,4,-2,-28,-22,-5,34,30,14
11,26,4,-34,-10,28,-1,-1,3,19,21,-6
11,6,17,-18,-7,6,-1,2,1,31,-3,27
-9,22,-9,16,-5,-19,9,-12,-3,-1,4,1
1,-15,4,-9,-20,-17,0,21,14,16,6,5
-2,-29,-33,11,1,2,10,-5,-6,-7,4,-21
-6,-5,1,38,31,-19,27,17,-20,-8,-24,1
-17,-22,-15,42,6,-33,3,1,-11,-39,-20,-4
-20,-28,-39,32,8,-40,15,15,-14,-20,-31,-18
-33,-40,-20,42,7,-42,37,30,-10,-26,-30,-12
-16,-29,-30,23,16,-55,42,5,-7,-34,-54,-45
-17,-44,-30,43,-1,-61,46,19,5,-23,-42,-49
-22,-56,-45,58,20,-34,42,3,-18,-47,-26,-54
-14,-55,-15,29,8,-45,30,32,-31,-32,-68,-43
-16,-73,-35,27,-1,-27,45,23,-34,-45,-50,-47
-19,-38,-61,53,8,-70,44,16,-29,-39,-41,-61
-11,-60,-42,34,0,-47,43,14,-47,-58,-51,-62
-20,-81,-66,59,7,-63,33,46,-11,-60,-81,-75
-49,-84,-40,65,14,-64,52,43,-29,-75,-55,-80
-40,-81,-56,52,11,-52,38,41,-18,-62,-101,-66
-21,-85,-43,55,30,-65,46,38,-51,-81,-63,-47
-48,-80,-60,62,11,-86,30,18,-16,-70,-72,-45
-41,-77,-37,57,5,-57,29,22,-25,-52,-94,-57
-36,-90,-71,80,1,-63,41,46,-16,-58,-75,-46
-58,-99,-73,85,3,-74,72,41,-49,-64,-92,-44
-43,-73,-88,47,14,-76,28,56,-30,-81,-113,-60
-32,-76,-53,56,17,-77,57,75,-23,-81,-98,-73
-34,-85,-55,68,9,-99,65,35,-23,-93,-70,-67
-33,-101,-63,59,-4,-79,43,27,-37,-58,-89,-59
-32,-112,-75,75,9,-96,55,29,-20,-52,-93,-35
-30,-100,-73,64,10,-89,73,40,-41,-58,-63,-76
-36,-91,-65,76,-4,-79,52,46,-35,-77,-102,-71
-24,-94,-55,93,16,-78,37,36,-43,-80,-91,-85
-45,-116,-66,84,21,-92,53,57,-8,-83,-89,-78
-33,-103,-72,87,30,-86,53,38,-43,-68,-75,-81
-42,-96,-63,90,16,-85,46,38,-27,-78,-110,-76
-28,-132,-68,81,25,-78,71,44,-51,-100,-79,-80
-31,-125,-53,78,-7,-84,53,47,-31,-79,-102,-60
-55,-95,-58,55,7,-113,77,66,-57,-63,-103,-71
-42,-107,-84,77,24,-87,62,54,-17,-73,-96,-69
-43,-125,-53,56,27,-95,63,50,-39,-76,-77,-54
-43,-137,-78,94,12,-101,71,46,-40,-74,-85,-77
-43,-109,-46,70,-6,-124,61,41,-20,-71,-117,-67
-27,-121,-84,64,33,-84,63,32,-40,-103,-92,-100
-43,-105,-63,80,4,-95,59,22,-36,-90,-84,-83
-37,-87,-67,60,23,-95,60,35,-25,-74,-108,-74
-37,-120,-85,77,-11,-92,76,38,-30,-98,-84,-74
-32,-128,-61,74,24,-80,73,26,-34,-88,-115,-84
-31,-108,-69,71,7,-87,51,40,-24,-71,-96,-81
-50,-110,-35,77,33,-85,42,49,-39,-94,-87,-74
-38,-130,-65,73,16,-86,65,50,-35,-83,-86,-85
-57,-122,-90,82,4,-80,70,29,-38,-89,-94,-85
-2,-140,-74,70,27,-98,57,61,-8,-87,-94,-89
-26,-128,-68,83,7,-85,73,62,-20,-92,-91,-61
-35,-118,-68,56,8,-72,56,57,-31,-85,-103,-69
-21,-116,-70,91,19,-72,56,35,-32,-91,-110,-66
-31,-97,-69,68,20,-96,65,66,-31,-98,-106,-73
-35,-95,-80,69,25,-101,28,57,-45,-90,-101,-96
-28,-121,-75,100,3,-76,61,38,-22,-108,-89,-87
-42,-122,-40,93,3,-82,54,44,-34,-88,-95,-84
-18,-118,-73,75,10,-103,42,41,-26,-83,-98,-96
-38,-130,-76,83,4,-99,74,52,-39,-94,-114,-75
-32,-108,-89,76,21,-109,64,43,-33,-66,-96,-97
-56,-121,-81,71,-7,-100,69,29,-33,-88,-103,-66
-41,-104,-58,63,22,-74,48,22,-27,-67,-105,-84
-37,-112,-68,74,7,-112,71,23,-32,-81,-116,-80
-61,-111,-79,77,10,-86,50,52,-26,-100,-97,-84
-42,-111,-73,94,39,-77,56,32,-12,-60,-85,-70
-51,-114,-67,84,9,-82,64,40,-39,-95,-87,-84
-12,-96,-43,60,13,-87,40,46,-21,-78,-99,-77
-50,-114,-61,67,12,-91,69,34,-35,-84,-87,-56
-55,-101,-57,66,5,-97,52,63,-14,-85,-109,-78
-32,-100,-77,77,12,-97,55,59,-48,-70,-113,-75
-22,-82,-69,50,6,-106,50,42,-16,-85,-109,-81
-38,-109,-78,80,-3,-93,49,54,-32,-72,-89,-61
-43,-96,-70,67,-5,-88,80,62,-33,-96,-89,-65
-53,-126,-48,86,22,-91,77,51,-44,-61,-85,-65
-55,-109,-87,72,33,-90,70,38,-23,-65,-110,-73
-48,-112,-60,75,16,-108,54,47,-36,-68,-116,-58
-32,-111,-72,69,30,-99,59,45,-17,-98,-94,-87
-37,-109,-39,100,22,-88,71,37,-21,-67,-81,-70
-23,-72,-92,75,9,-88,55,32,-20,-87,-96,-74
-28,-99,-73,82,12,-100,71,53,-44,-91,-101,-80
-17,-96,-67,68,11,-86,64,37,-46,-56,-90,-89
-34,-118,-86,77,36,-89,46,36,-27,-52,-101,-61
-28,-97,-81,55,34,-69,34,14,-24,-78,-92,-85
-23,-112,-52,61,2,-72,68,43,-24,-87,-116,-61
-26,-117,-62,75,23,-76,57,31,-34,-95,-84,-43
-28,-108,-58,43,5,-51,49,56,-36,-76,-89,-87
-33,-109,-66,73,2,-68,74,46,-33,-79,-80,-54
-29,-99,-70,72,28,-69,65,45,-37,-81,-68,-77
-34,-99,-63,40,35,-57,65,37,-38,-66,-101,-60
-34,-80,-53,72,21,-67,59,39,-30,-65,-81,-87
-29,-97,-28,70,-10,-75,58,22,-22,-52,-75,-56
-29,-74,-69,63,19,-63,35,54,-1,-70,-65,-63
-37,-100,-62,55,19,-73,38,59,-20,-69,-74,-50
-26,-106,-50,52,0,-61,68,39,-29,-77,-51,-54
-13,-75,-54,50,21,-84,32,24,-27,-33,-66,-61
-34,-76,-52,55,4,-40,27,30,-20,-49,-61,-51
-25,-63,-39,46,21,-48,37,41,-20,-41,-47,-42
-10,-50,-35,28,5,-44,24,34,-32,-40,-57,-45
-42,-58,-46,23,20,-27,44,43,-15,-42,-44,-64
-21,-44,-44,42,3,-45,9,47,0,-31,-18,-4
-8,-44,-12,33,2,-38,13,37,-11,-40,-31,-36
-20,-52,-37,35,12,-36,17,3,-3,-50,-22,-22
6,1,-25,24,-8,-4,28,7,-32,-29,-40,-26
13,-9,-23,12,8,-21,32,13,-11,-16,-37,-29
-7,-8,-25,25,1,1,10,2,7,-22,-13,-21
-26,-10,-12,1,-2,10,12,10,-12,-32,-15,0
13,14,-2,1,-7,-6,-5,-8,0,-4,10,-5
0,23,17,-14,7,17,-11,-15,-16,20,18,-10
10,32,4,-21,8,35,-12,-14,4,15,11,4
-5,19,34,-23,-7,21,-25,-22,19,7,30,22
11,37,11,-22,18,54,-19,-31,-17,39,17,42
36,63,18,-22,-16,45,-33,-35,15,41,66,28
14,69,33,-47,-9,45,-59,-34,41,68,44,54
23,56,64,-64,6,56,-46,-42,41,71,64,48
38,79,62,-56,-10,62,-58,-44,41,59,65,50
27,79,62,-67,-21,67,-53,-20,22,61,76,65
50,94,74,-61,-12,76,-62,-41,53,79,75,85
47,112,75,-67,-15,93,-84,-46,21,89,90,93
46,99,84,-76,-17,90,-67,-28,45,78,120,99
43,123,112,-63,-35,120,-71,-73,50,69,93,81
47,153,103,-92,-27,107,-83,-44,66,119,116,72
42,140,64,-129,-19,126,-74,-41,35,118,125,106
70,160,95,-111,-12,137,-88,-75,34,106,140,132
73,156,130,-122,-19,144,-92,-90,67,101,141,115
87,149,112,-111,-35,150,-99,-59,45,119,149,97
90,170,104,-102,-29,132,-84,-65,47,117,166,116
59,171,114,-126,-16,173,-89,-71,51,134,159,104
67,175,107,-113,-23,140,-116,-67,58,133,162,137
60,149,122,-122,-7,154,-112,-64,52,125,151,133
69,177,115,-130,-23,152,-99,-96,52,154,142,112
50,166,126,-122,-20,161,-98,-68,48,142,151,128
63,181,109,-133,-46,152,-93,-72,48,136,155,106
64,163,109,-118,-9,143,-89,-61,52,118,168,118
62,158,126,-146,-39,140,-77,-63,58,135,155,116
66,170,89,-127,-33,139,-69,-69,47,98,148,138
74,160,102,-100,-25,119,-92,-78,45,140,147,119
68,168,108,-94,-22,122,-78,-57,18,99,124,120
66,148,92,-106,-28,107,-83,-52,35,98,155,96
56,140,96,-91,-27,110,-71,-42,39,119,109,87
39,110,79,-102,-6,98,-62,-53,48,95,141,87
38,124,83,-96,-13,94,-65,-53,22,95,110,78
28,111,67,-85,-14,105,-43,-54,25,60,102,92
31,94,78,-79,-5,78,-35,-49,16,86,119,68
43,98,61,-48,-4,83,-35,-29,36,62,92,59
13,63,47,-55,1,83,-58,-43,5,72,77,53
45,58,45,-52,-22,75,-36,-45,23,50,76,60
14,67,21,-55,-18,63,-34,-15,12,38,53,37
29,66,23,-69,-7,40,-16,-29,1,59,36,27
19,53,25,-17,-24,42,-41,-16,-13,22,32,27
18,62,22,-17,-1,23,3,-22,28,28,24,34
16,27,19,10,-4,31,-8,-2,-27,15,14,6
-6,16,8,-6,6,28,-2,-10,-9,0,19,5
-6,16,26,-12,-9,2,26,-15,3,-11,11,-20
-5,-2,-9,11,2,0,-8,12,-3,-6,12,-3
-15,-19,-18,13,-17,-16,0,16,5,9,-14,-9
11,-6,15,7,-15,-22,38,9,-4,-33,-29,-19
1,16,1,1,-17,-19,21,14,-15,-30,-27,7
-7,-45,-22,29,-12,-9,25,-3,-25,-24,-22,-22
-22,-21,-26,25,8,-41,37,24,-4,-26,-49,-41
-17,-30,-33,33,4,-17,31,22,-12,-22,-38,-56
-19,-32,-17,27,2,-44,35,33,-25,-30,-36,-48
-22,-38,-40,45,13,-62,39,7,-9,-23,-60,-35
-10,-50,-31,52,-17,-49,12,24,-13,-44,-63,-43
-37,-65,-59,36,22,-60,30,18,-8,-57,-45,-62
-26,-74,-38,50,-2,-74,40,19,-11,-62,-73,-45
-36,-87,-66,38,30,-67,25,38,-16,-62,-84,-61
-39,-75,-35,72,-1,-79,39,26,-13,-70,-77,-53
-39,-90,-68,59,21,-67,44,15,-28,-62,-86,-43
-35,-90,-57,59,12,-71,52,35,-16,-52,-56,-67
-30,-76,-50,60,2,-84,41,35,-13,-47,-72,-70
-34,-79,-79,51,29,-106,50,40,-30,-80,-68,-66
-48,-95,-68,71,4,-83,67,45,-32,-65,-87,-80
-46,-102,-66,85,28,-91,52,34,-26,-81,-114,-101
-25,-102,-56,75,14,-104,59,37,-25,-98,-86,-80
-59,-130,-84,95,9,-96,56,52,-39,-76,-121,-93
-38,-119,-71,60,16,-105,112,45,-43,-101,-122,-65
-60,-139,-88,108,21,-105,58,65,-48,-116,-138,-106
-51,-148,-119,91,14,-141,81,77,-39,-120,-129,-128
-60,-168,-119,142,5,-129,96,69,-54,-110,-157,-123
-86,-197,-113,125,21,-146,90,92,-58,-138,-178,-142
-79,-219,-149,154,41,-167,109,99,-64,-148,-209,-166
-96,-245,-153,154,38,-209,129,92,-78,-158,-217,-167
-75,-250,-158,170,40,-192,124,97,-85,-165,-216,-179
-103,-272,-182,202,9,-226,148,105,-77,-208,-245,-173
-94,-277,-177,188,30,-209,148,113,-97,-212,-254,-189
-115,-258,-160,191,27,-218,131,100,-83,-220,-237,-170
-96,-247,-181,169,37,-223,142,84,-89,-195,-237,-190
-94,-265,-161,162,39,-206,108,86,-74,-175,-204,-161
-66,-223,-134,127,23,-147,116,78,-42,-153,-197,-160
-82,-170,-119,137,34,-161,103,93,-56,-152,-166,-126
-49,-133,-97,99,24,-97,77,62,-20,-101,-101,-71
-39,-66,-65,67,8,-49,45,26,-12,-48,-94,-50
-4,-12,-5,5,-22,-7,4,9,-1,-7,-2,7
49,70,32,-50,-3,74,-48,-39,12,70,73,47
61,164,88,-99,-24,125,-105,-43,67,135,147,94
104,272,140,-163,-30,183,-144,-97,85,185,208,172
134,362,243,-231,-66,277,-194,-133,118,271,335,239
163,460,279,-339,-76,378,-263,-180,149,364,419,313
217,584,375,-377,-83,476,-312,-235,175,422,541,408
242,709,439,-488,-106,573,-385,-271,206,529,619,490
270,784,532,-547,-122,667,-453,-321,240,596,723,554
308,874,582,-611,-130,726,-484,-352,271,658,783,615
315,928,601,-647,-155,772,-514,-358,301,704,861,637
352,986,657,-666,-165,809,-562,-403,280,714,876,707
336,1013,664,-682,-127,840,-537,-399,307,774,898,716
343,1012,643,-660,-153,820,-542,-413,291,741,885,700
347,952,622,-649,-140,803,-526,-391,280,729,871,683
315,910,586,-623,-134,712,-500,-370,285,675,828,628
295,830,511,-554,-131,686,-455,-325,250,620,740,582
262,723,465,-498,-94,575,-412,-296,225,546,646,509
210,619,418,-406,-95,549,-359,-244,202,479,550,435
172,516,315,-345,-64,417,-267,-221,148,372,458,328
114,364,250,-283,-48,303,-182,-145,100,303,318,262
86,260,156,-162,-35,195,-134,-116,73,218,231,174
52,143,114,-119,-25,115,-74,-49,40,102,140,106
16,33,9,-18,13,48,-7,-17,-4,28,61,12
-44,-61,-38,33,23,-50,38,18,-22,-48,-39,-9
-46,-126,-93,84,31,-96,93,69,-44,-111,-119,-121
-71,-202,-136,147,28,-171,126,89,-70,-151,-195,-185
-91,-273,-154,174,62,-219,137,134,-69,-194,-235,-188
-109,-317,-207,194,67,-251,146,129,-89,-212,-264,-211
-110,-344,-244,217,35,-281,187,123,-92,-261,-297,-221
-129,-332,-204,235,61,-282,193,153,-91,-269,-322,-247
-146,-335,-222,257,52,-301,184,121,-99,-269,-312,-263
-143,-356,-218,220,49,-300,202,111,-112,-258,-292,-236
-122,-326,-213,221,52,-285,178,130,-90,-253,-317,-217
-113,-320,-200,237,53,-290,189,131,-96,-250,-297,-254
-71,-304,-200,175,63,-245,181,122,-112,-231,-279,-217
-84,-289,-185,192,31,-255,146,115,-101,-224,-242,-180
-90,-240,-157,158,37,-197,150,88,-88,-184,-237,-196
-55,-213,-168,134,13,-183,132,103,-90,-181,-216,-142
-87,-206,-143,133,18,-183,104,94,-51,-162,-186,-163
-70,-199,-140,143,32,-147,97,73,-67,-127,-157,-138
-53,-191,-112,136,36,-131,107,75,-36,-132,-147,-136
-57,-148,-91,99,31,-111,82,58,-29,-100,-127,-101
-46,-134,-98,98,27,-131,63,56,-33,-86,-130,-89
-79,-117,-101,105,19,-112,51,70,-46,-91,-128,-117
-43,-110,-75,92,12,-95,91,39,-25,-105,-110,-88
-33,-106,-63,85,34,-82,78,46,-36,-72,-101,-94
-14,-117,-53,77,19,-80,38,23,-30,-109,-99,-82
-41,-115,-68,59,40,-99,68,46,-27,-81,-94,-49
-20,-104,-69,66,10,-88,39,44,-35,-92,-72,-71
-41,-95,-48,57,22,-66,43,21,-27,-65,-69,-73
-12,-101,-30,67,11,-69,42,53,-19,-61,-73,-61
-41,-69,-63,61,9,-72,32,45,-27,-60,-57,-87
-16,-76,-73,51,3,-58,29,35,-33,-54,-67,-63
-14,-77,-69,33,19,-84,78,39,-11,-68,-98,-66
-32,-77,-51,57,11,-73,34,25,-15,-52,-59,-69
-19,-75,-82,70,31,-64,28,33,-31,-65,-73,-74
-20,-61,-65,41,-6,-57,10,44,-20,-67,-61,-68
-20,-64,-21,53,9,-42,40,57,-42,-62,-73,-35
-41,-58,-49,56,21,-75,31,43,-42,-51,-58,-52
-32,-59,-31,37,18,-61,62,25,-5,-77,-46,-34
-27,-45,-45,49,24,-81,45,31,-29,-63,-74,-50
-32,-70,-21,63,15,-46,27,-21,-1,-74,-54,-47
-16,-49,-32,42,32,-37,45,35,-17,-45,-31,-53
-31,-35,-32,32,22,-41,29,5,-26,-46,-59,-41
-10,-43,-32,36,-5,-36,10,11,-5,-37,-44,-35
-7,-33,-51,24,35,-24,0,23,-35,-36,-35,-27
-25,-34,-6,32,5,-20,18,27,-12,-35,-24,-35
-11,-10,-8,35,-15,-19,25,10,-15,-9,-58,-36
-3,-27,-49,15,-8,-36,27,30,-10,-16,-18,-26
7,-21,-47,33,-16,-22,28,2,-21,-33,-3,-13
-13,-34,-3,24,-12,-28,15,8,23,-1,-39,-25
17,-21,-11,16,-12,-21,31,9,-5,-15,-18,4
-7,3,5,11,0,7,1,12,-5,-18,-23,9
-1,2,-1,13,0,-8,18,13,-20,-6,-27,-1
-1,15,4,-12,-2,13,16,-4,12,3,31,10
-9,-6,5,-8,-7,-5,-13,-5,-10,3,7,22
5,-2,18,25,7,11,-22,10,-20,11,21,33
18,22,-1,-13,-5,37,-17,-23,-6,23,13,-6
16,36,35,-28,3,17,-26,-17,27,32,22,18
7,21,32,-28,2,50,-17,-24,31,27,46,42
4,54,16,-44,-5,43,-16,-18,11,32,31,39
36,67,33,-58,-6,54,-28,-28,16,56,60,46
19,56,53,-44,-11,36,-22,-28,26,40,70,53
27,80,29,-59,-4,50,-42,-26,21,62,66,37
31,63,58,-46,-11,62,-45,-45,2,46,72,73
18,94,51,-77,-3,86,-51,-31,26,64,82,77
34,108,73,-58,-15,91,-45,-53,23,82,94,80
43,99,81,-78,-9,88,-78,-42,35,87,99,76
25,126,65,-93,-27,101,-76,-36,50,76,95,84
50,107,85,-85,-15,120,-63,-69,31,102,110,93
49,137,104,-96,-23,110,-90,-67,52,111,141,114
54,160,81,-90,-17,129,-90,-58,27,98,138,105
28,163,105,-107,0,149,-83,-88,52,121,161,116
84,178,103,-108,-37,162,-83,-65,41,135,147,115
71,177,125,-139,-53,139,-73,-88,58,124,181,125
65,180,116,-127,-10,132,-107,-81,54,134,173,146
73,218,110,-144,-21,176,-116,-91,60,148,165,134
65,225,161,-162,-18,192,-118,-83,79,175,200,145
61,220,134,-144,-24,187,-148,-95,57,162,207,140
85,252,160,-156,-51,188,-124,-103,67,181,219,172
75,254,168,-162,-34,189,-143,-96,64,197,231,160
93,232,145,-160,-37,201,-134,-108,88,188,241,177
93,256,149,-167,-30,214,-134,-102,68,222,222,191
82,297,188,-162,-24,205,-177,-97,92,194,220,194
104,270,192,-190,-43,241,-163,-119,91,199,240,192
105,284,205,-193,-46,248,-160,-113,73,229,264,195
111,300,190,-189,-22,227,-173,-107,117,220,257,190
126,281,196,-199,-41,241,-159,-120,69,218,258,186
113,304,189,-223,-24,230,-180,-124,102,233,271,206
101,292,189,-219,-51,238,-158,-130,102,233,264,231
100,316,198,-202,-36,253,-184,-124,89,251,285,249
115,321,208,-230,-38,268,-158,-134,96,229,300,219
119,309,239,-221,-38,264,-165,-153,113,238,303,231
109,324,202,-222,-40,280,-170,-157,105,247,276,228
118,315,205,-222,-50,266,-167,-136,93,236,287,208
133,336,203,-235,-66,249,-171,-140,105,256,312,231
92,330,229,-225,-67,264,-191,-112,93,238,293,230
119,342,210,-216,-57,290,-170,-131,109,256,313,246
134,344,199,-244,-69,264,-192,-129,91,256,308,242
88,352,211,-197,-56,262,-203,-151,123,254,310,213
129,342,226,-231,-32,263,-178,-134,88,252,299,225
106,348,199,-222,-38,250,-171,-151,102,253,294,235
119,315,215,-215,-49,284,-197,-138,88,270,307,235
100,307,203,-232,-62,285,-168,-140,91,241,298,244
122,333,211,-219,-31,274,-165,-131,105,214,295,224
113,311,213,-226,-47,266,-178,-137,94,252,288,209
110,302,201,-196,-35,256,-168,-139,84,239,282,218
93,306,211,-190,-65,277,-184,-136,91,206,290,224
108,317,212,-197,-50,274,-177,-112,107,242,268,203
110,301,176,-205,-19,248,-162,-109,90,230,278,199
98,302,195,-189,-45,243,-148,-106,92,232,265,211
108,297,194,-205,-31,228,-142,-90,82,209,265,212
122,265,180,-181,-40,222,-143,-120,92,199,270,188
112,280,184,-167,-47,230,-158,-101,68,210,266,206
85,279,190,-193,-23,228,-142,-100,73,193,242,178
90,254,169,-164,-26,193,-164,-134,74,176,230,203
73,264,159,-144,-35,208,-148,-112,55,192,236,162
90,251,173,-158,-25,200,-149,-101,52,183,216,156
87,225,160,-173,-24,205,-122,-97,90,178,214,160
86,216,124,-146,-24,173,-129,-80,57,161,207,122
72,220,141,-156,-28,195,-120,-88,74,152,197,135
70,208,143,-132,-38,186,-140,-73,69,167,176,137
66,204,135,-116,-13,164,-98,-98,52,153,194,146
71,188,106,-123,-37,155,-102,-77,69,109,149,142
76,181,93,-110,-35,156,-100,-67,74,157,135,102
48,154,96,-98,-30,113,-94,-91,26,122,166,120
50,152,89,-106,-33,128,-66,-53,48,103,148,109
64,166,99,-104,-26,126,-71,-49,61,101,146,101
44,149,79,-111,-35,98,-63,-74,38,104,114,98
60,124,53,-79,-12,108,-99,-54,34,77,112,86
24,113,69,-62,-34,103,-59,-46,46,98,108,89
47,105,62,-68,-26,79,-30,-38,22,52,100,81
33,94,52,-40,-3,68,-43,-71,39,73,81,69
35,72,58,-54,5,79,-40,-35,19,51,71,80
40,51,30,-55,-6,76,-49,-29,22,54,59,45
36,70,34,-49,18,50,-36,-34,17,46,63,65
15,63,44,-23,-19,68,-31,-30,20,41,76,40
22,48,37,-16,11,37,-20,-5,12,33,49,31
24,84,16,-33,-32,51,-21,-8,28,20,30,29
-7,17,51,-45,-15,47,-9,-13,15,32,31,18
23,24,1,-7,-10,25,-14,-26,-2,-1,20,16
17,42,15,-32,-14,0,-26,-33,12,32,49,25
-8,8,33,-13,-2,8,-14,-3,2,9,1,28
26,12,1,-13,9,3,-7,-17,-4,5,5,-9
5,3,-4,22,-12,-8,15,3,8,24,4,-11
13,-1,-15,12,12,-3,0,6,-5,-18,0,-13
-5,-11,9,13,-12,-6,36,-9,7,5,-10,11
-11,-2,-29,16,2,-17,27,-17,4,-15,-26,-50
-5,-33,-7,15,7,-21,10,-3,-16,-15,2,-32
-1,-20,-4,28,10,-22,17,35,-11,-20,-25,-23
-7,-20,-44,33,-10,-39,21,3,-21,-6,-41,-10
14,-42,-45,39,11,-44,28,18,-1,-42,-45,-25
-9,-16,-27,19,0,-29,14,12,-27,-47,-45,-20
-6,-26,-23,18,19,-39,16,26,-13,-59,-45,-30
-39,-55,-20,15,11,-45,17,31,-1,-14,-30,-39
-9,-81,-42,46,6,-37,29,25,-11,-54,-24,-25
-23,-86,-50,48,11,-33,26,26,3,-39,-56,-27
-27,-70,-57,35,18,-29,26,17,-11,-61,-52,-39
-9,-44,-45,51,-2,-55,35,38,-10,-26,-28,-33
-14,-75,-38,43,41,-60,44,11,-15,-42,-56,-19
-12,-57,-16,48,11,-64,35,12,-35,-65,-49,-40
-7,-67,-42,54,4,-71,41,17,-5,-63,-57,-49
-28,-58,-53,55,20,-60,13,5,-31,-25,-70,-43
-35,-76,-35,60,13,-55,48,37,-23,-47,-68,-34
-34,-92,-45,49,19,-77,48,42,-33,-68,-58,-41
-14,-86,-66,34,5,-61,37,22,-32,-48,-66,-29
-13,-86,-58,46,9,-74,42,34,-33,-74,-75,-28
-22,-76,-64,44,21,-70,38,27,-35,-65,-59,-73
-32,-83,-45,59,-1,-77,53,37,-26,-71,-79,-72
-51,-80,-68,51,24,-92,42,29,-27,-74,-70,-63
-20,-77,-56,59,12,-92,53,18,7,-47,-75,-60
-38,-71,-72,66,16,-56,29,24,-29,-50,-67,-55
-18,-57,-66,64,24,-90,28,19,-32,-56,-73,-65
-33,-70,-43,62,9,-70,52,25,-42,-52,-66,-44
-22,-100,-64,72,37,-72,62,42,-24,-60,-76,-79
-30,-92,-67,59,6,-66,43,18,-15,-61,-107,-61
-8,-72,-51,84,38,-86,51,25,-12,-78,-90,-69
-9,-81,-33,41,17,-95,70,47,-45,-60,-63,-72
-32,-77,-53,60,39,-72,62,40,-20,-75,-91,-69
-36,-86,-62,87,7,-61,55,36,-14,-59,-82,-55
-32,-83,-32,70,25,-56,43,46,-32,-85,-74,-55
-43,-79,-55,55,-5,-92,40,45,-31,-64,-76,-82
-45,-78,-61,69,17,-81,72,40,-27,-53,-86,-61
-26,-83,-64,61,10,-58,29,41,-23,-66,-74,-44
-21,-88,-60,41,-9,-82,52,35,-11,-96,-63,-65
-34,-91,-74,75,27,-78,41,16,-14,-55,-72,-64
-34,-81,-44,65,16,-69,51,-1,-31,-72,-61,-41
-30,-86,-53,76,25,-57,28,35,-14,-95,-81,-48
-24,-98,-53,60,17,-65,36,22,-20,-62,-87,-65
-38,-76,-34,73,25,-71,38,24,-40,-82,-74,-63
-36,-104,-63,50,13,-61,39,23,-28,-74,-89,-51
5,-64,-49,62,14,-54,59,33,-41,-46,-80,-77
-23,-87,-55,71,12,-88,41,23,-17,-59,-66,-71
-28,-78,-53,47,-1,-68,21,39,-41,-75,-78,-49
-17,-72,-50,34,14,-96,53,50,-31,-62,-47,-62
-34,-78,-55,53,8,-79,45,31,-12,-67,-89,-38
-40,-93,-47,43,-6,-68,41,45,-47,-65,-97,-68
-27,-84,-56,62,15,-71,44,41,-31,-57,-86,-65
-41,-80,-54,55,0,-65,55,38,-18,-50,-62,-57
-5,-50,-31,59,17,-62,46,23,-11,-58,-81,-80
-43,-73,-70,51,-6,-81,50,30,-23,-73,-68,-57
-46,-67,-25,41,10,-96,26,44,-33,-51,-64,-55
-37,-72,-55,46,-20,-45,47,39,-22,-62,-64,-72
-18,-95,-52,78,23,-65,56,29,-27,-49,-65,-31
-41,-66,-72,50,8,-68,48,28,-35,-53,-88,-44
-34,-55,-33,57,13,-62,48,36,-32,-56,-59,-72
-14,-82,-34,52,2,-56,35,33,-46,-54,-87,-41
-9,-66,-36,49,7,-61,43,17,-19,-61,-88,-54
-31,-78,-59,39,20,-43,37,31,-48,-47,-75,-43
-1,-91,-56,44,13,-57,40,45,-11,-53,-75,-70
-37,-102,-67,67,9,-54,42,50,-26,-54,-81,-47
-46,-78,-49,53,-13,-83,52,24,0,-55,-92,-50
-22,-75,-35,42,8,-46,20,16,1,-46,-32,-42
-24,-81,-34,45,6,-54,42,37,10,-52,-77,-35
-26,-64,-48,47,-2,-54,46,35,-6,-50,-47,-50
-16,-105,-30,65,14,-57,37,36,-18,-77,-50,-54
-37,-71,-72,66,22,-74,53,-3,-6,-54,-57,-49
-24,-88,-53,63,22,-52,45,35,-22,-40,-55,-45
-38,-59,-40,51,8,-56,22,38,-15,-46,-43,-62
-37,-79,-54,36,14,-56,49,9,-15,-53,-73,-55
-43,-62,-67,33,3,-62,32,6,4,-65,-56,-29
-31,-49,-37,61,-9,-69,52,31,-14,-43,-51,-53
-1,-83,-24,24,3,-50,33,23,-19,-24,-58,-31
-20,-84,-25,38,8,-67,45,24,-23,-51,-59,-66
-16,-61,-30,21,-9,-52,45,16,-19,-58,-57,-26
-37,-62,-49,25,26,-66,23,18,-16,-60,-45,-42
-17,-71,-21,59,0,-47,31,24,-4,-56,-36,-28
-16,-48,-42,54,20,-65,43,8,-9,-47,-54,-49
-42,-71,-33,50,13,-43,44,30,-15,-48,-59,-48
-34,-52,-30,44,12,-54,20,38,-12,-41,-42,-28
-26,-64,-45,51,15,-41,25,18,-14,-53,-68,-51
10,-35,-48,47,7,-51,39,17,-21,-56,-45,-49
-21,-63,-27,27,4,-13,22,5,0,-22,-44,-24
2,-31,-10,34,6,-32,29,13,0,-13,-47,-28
-11,-31,-37,43,-7,-24,26,30,-17,-39,-35,-34
2,-53,-23,13,14,-14,28,9,-7,-14,-17,-17
-3,-15,-52,15,-19,-23,12,8,-17,-28,-40,-12
-19,-26,-17,48,-12,-37,9,-18,1,-27,-25,-24
2,-1,-18,16,9,-8,41,26,-6,-4,-23,-3
-5,-20,-12,10,3,11,48,25,21,-10,-9,-6
-12,-8,-1,-8,-8,22,5,-11,0,-25,-27,-2
6,-11,-5,8,8,-15,3,-16,-7,27,-5,-12
-7,9,-5,15,-9,8,14,3,27,-14,6,11
3,13,1,-10,6,8,-18,22,4,34,14,-4
-2,18,26,-5,1,20,17,-1,-11,34,18,14
8,11,4,-34,5,19,5,-22,5,23,7,8
14,34,19,-10,6,17,3,-21,10,27,41,11
19,28,26,-22,-13,34,-23,-35,27,31,49,7
-5,55,25,-35,10,26,-6,-10,23,33,31,29
-1,52,47,-31,-7,40,-47,-32,-9,49,67,24
27,55,32,-26,-3,39,-57,-43,15,44,56,51
12,92,58,-46,5,59,-39,-43,3,55,72,46
47,103,54,-64,-10,93,-42,-49,28,63,86,76
21,123,62,-45,-4,77,-36,-47,20,74,70,72
22,106,68,-83,-13,77,-71,-37,69,91,90,90
43,121,79,-94,-23,88,-85,-45,20,85,108,75
48,132,81,-92,-20,82,-65,-41,46,103,126,100
60,140,80,-100,-6,112,-98,-38,41,114,126,92
70,151,70,-101,-37,106,-75,-61,51,101,128,100
63,134,110,-107,-18,127,-70,-47,48,127,163,101
52,167,96,-111,-43,135,-100,-81,35,134,149,120
57,173,115,-104,-55,164,-92,-70,48,158,158,125
67,175,98,-125,-27,153,-107,-65,82,134,177,124
70,187,113,-123,-17,138,-137,-82,61,111,187,121
71,174,128,-102,-17,150,-119,-89,71,149,174,143
69,200,157,-128,-12,166,-98,-87,44,150,181,130
60,215,145,-163,-31,177,-124,-75,69,136,200,141
63,205,144,-140,-36,154,-105,-109,59,172,172,163
75,216,130,-143,-8,175,-127,-73,57,176,186,155
72,205,115,-157,-41,181,-119,-73,74,156,190,142
73,212,152,-156,-36,162,-121,-112,77,159,233,158
63,208,140,-162,-33,201,-120,-87,63,166,179,147
90,210,141,-151,-28,174,-106,-83,56,162,191,151
81,231,129,-133,-27,200,-110,-100,61,169,184,145
83,207,148,-135,-26,181,-119,-76,57,169,219,145
82,213,134,-143,-49,169,-117,-74,44,151,198,153
62,205,153,-155,-32,157,-111,-90,72,178,195,154
60,194,141,-140,-39,156,-82,-93,58,149,169,134
66,203,143,-126,-32,159,-130,-73,57,142,189,129
56,176,119,-131,-37,149,-100,-91,68,148,186,124
37,172,129,-120,-28,131,-98,-77,78,125,164,137
39,173,103,-114,-10,134,-87,-60,54,101,160,127
68,159,100,-109,-18,150,-98,-73,66,126,155,108
47,188,93,-103,-24,130,-69,-68,39,125,142,110
64,156,91,-132,-13,143,-47,-66,64,107,129,124
35,149,113,-108,-24,126,-60,-81,49,118,123,116
23,107,68,-99,-11,113,-66,-42,44,115,115,83
40,127,57,-66,-24,100,-46,-56,55,88,89,93
36,126,74,-66,-39,90,-64,-38,38,68,107,69
40,98,58,-82,-1,97,-65,-40,33,82,85,78
13,65,74,-40,-18,66,-45,-33,12,62,104,77
48,92,39,-33,-6,76,-44,-26,40,38,73,59
19,52,51,-24,-13,51,-49,-10,9,51,57,48
7,59,50,-36,2,64,-22,-1,6,35,63,53
32,52,46,-39,-13,51,-41,-26,34,46,34,50
15,44,21,-19,-17,41,-21,-18,21,4,48,25
2,39,26,-29,22,33,-8,-12,16,39,42,33
5,15,24,-10,-5,26,-17,11,1,1,33,-8
12,27,3,-24,-11,22,-23,-40,2,25,2,27
5,11,9,-1,-7,-5,-11,1,17,20,-8,6
-8,-13,3,1,-7,-5,-4,4,1,-12,-8,-2
0,-30,-3,-1,10,1,22,16,-5,-1,-4,-16
2,-3,16,5,-11,25,-2,15,9,-12,-5,-11
-20,-24,-10,1,16,-16,7,4,18,-21,-18,-9
2,-4,-33,1,-1,-32,15,-4,2,-30,-29,-29
9,-31,-41,9,-12,-18,12,-4,7,-20,-18,-12
-4,-42,-7,24,10,-15,13,25,-11,-17,-26,-12
-13,-55,0,21,12,-34,-5,17,-11,-8,-39,-23
2,-31,-8,32,10,-27,-7,4,-19,-26,-27,-32
-4,-33,-36,11,27,-36,18,16,-3,-52,-16,-41
-38,-7,-26,31,6,-24,22,-6,9,-33,-27,-31
-19,-40,-27,35,9,-39,18,14,-24,-43,-33,-20
-26,-28,-54,42,17,-28,19,6,-28,-37,-45,-33
-28,-55,-40,53,6,-53,40,29,-2,-37,-50,-47
-40,-67,-28,30,25,-68,33,26,-31,-37,-51,-48
-10,-92,-59,65,6,-48,42,8,-12,-35,-69,-64
-45,-79,-50,51,34,-62,37,21,-23,-55,-61,-73
-45,-89,-61,61,13,-86,70,35,-42,-61,-82,-71
-33,-109,-57,72,22,-86,62,56,-28,-77,-85,-64
-16,-130,-74,76,6,-105,73,40,-46,-88,-104,-76
-24,-120,-92,97,28,-102,66,65,-25,-86,-109,-82
-23,-144,-84,87,24,-105,71,68,-26,-90,-102,-97
-39,-151,-111,129,28,-149,78,76,-43,-134,-142,-114
-51,-193,-107,118,40,-141,113,58,-76,-120,-159,-119
-64,-188,-130,129,23,-147,101,107,-41,-135,-155,-154
-62,-222,-166,152,23,-190,129,66,-49,-157,-189,-152
-75,-219,-153,152,36,-175,130,90,-68,-172,-211,-169
-79,-223,-143,161,32,-203,120,82,-69,-167,-208,-162
-84,-232,-145,146,44,-210,118,111,-69,-174,-224,-132
-62,-207,-154,139,47,-162,112,80,-43,-160,-184,-158
-57,-173,-103,122,43,-162,77,62,-49,-129,-153,-130
-40,-166,-105,91,27,-107,74,65,-51,-122,-120,-105
-45,-109,-55,63,31,-74,51,48,-10,-96,-74,-65
-14,-34,-31,31,12,-30,27,13,-21,-3,-56,-32
10,33,3,-40,-2,42,2,-12,4,14,38,26
54,115,83,-85,-24,90,-72,-43,45,90,120,76
75,206,123,-147,-12,178,-119,-84,69,164,190,153
103,317,201,-207,-37,254,-167,-101,92,226,265,220
145,433,257,-248,-49,344,-216,-159,112,292,371,292
146,515,342,-369,-75,444,-310,-199,164,391,480,348
222,613,391,-408,-107,528,-341,-245,172,471,560,432
251,732,490,-499,-125,603,-404,-271,196,552,677,531
290,821,548,-554,-114,693,-462,-350,255,632,738,585
345,935,584,-627,-141,762,-513,-390,277,708,838,651
360,985,647,-656,-141,820,-539,-389,292,765,889,719
359,1036,686,-699,-149,864,-577,-432,313,789,930,728
379,1058,688,-735,-164,898,-587,-421,319,797,944,750
375,1041,671,-731,-169,867,-568,-411,334,791,965,737
363,1017,690,-698,-146,860,-583,-396,282,757,932,734
366,979,633,-661,-142,795,-529,-382,279,723,859,686
312,897,577,-595,-137,746,-478,-375,270,678,791,655
277,812,503,-551,-137,668,-447,-319,257,604,749,562
239,690,438,-481,-99,575,-377,-283,212,543,637,491
202,586,386,-390,-86,484,-329,-235,173,444,524,403
163,444,298,-300,-78,381,-225,-217,133,369,417,317
112,347,232,-221,-73,275,-180,-129,78,247,314,251
87,239,138,-167,-25,174,-109,-86,93,149,202,158
58,109,76,-88,-21,110,-63,-64,62,81,95,77
-1,6,31,0,14,-11,-24,-12,9,21,25,21
-19,-63,-52,45,24,-58,35,11,-12,-66,-68,-40
-44,-134,-69,98,26,-116,92,42,-43,-115,-111,-87
-73,-212,-126,144,12,-154,108,101,-51,-154,-178,-124
-73,-246,-160,162,40,-205,133,108,-53,-176,-233,-155
-107,-267,-180,178,42,-215,152,85,-102,-207,-255,-191
-100,-298,-191,210,52,-232,144,116,-66,-230,-250,-196
-109,-301,-209,217,37,-224,148,106,-95,-223,-262,-221
-109,-268,-175,224,58,-269,150,126,-93,-239,-269,-198
-93,-268,-205,197,38,-207,165,140,-84,-191,-256,-179
-111,-255,-167,163,29,-240,150,118,-79,-187,-234,-168
-102,-253,-162,173,20,-202,140,90,-57,-181,-210,-177
-69,-223,-142,159,32,-180,135,87,-71,-163,-206,-145
-69,-189,-134,131,24,-164,103,84,-30,-146,-185,-143
-56,-172,-115,104,31,-159,94,74,-55,-134,-190,-118
-42,-127,-95,97,16,-133,68,60,-37,-119,-136,-113
-29,-114,-94,57,7,-103,48,60,-32,-75,-114,-77
-34,-97,-64,60,23,-80,52,42,-18,-94,-96,-84
-35,-85,-57,36,2,-68,41,20,-34,-60,-68,-65
-30,-56,-36,39,-20,-59,67,40,-15,-46,-53,-35
-22,-77,-38,48,17,-47,39,15,-29,-68,-58,-63
-13,-41,-44,30,-3,-35,37,20,-18,-33,-41,-28
-29,-39,-2,59,3,-48,3,32,-4,-52,-24,-27
-7,-44,-8,10,20,-26,35,33,7,-30,-33,-30
-4,-43,-1,-2,22,-30,22,9,-4,5,-15,-6
-7,-10,-7,-5,-19,-29,19,-4,-7,-16,-30,-6
-18,-18,15,11,8,-8,-7,0,9,-19,-24,-24
-17,-25,-20,20,15,-3,7,2,9,-14,-9,-13
5,-24,-6,6,7,-11,15,3,-1,-15,-6,2
19,3,-23,-6,5,-10,-2,12,6,-4,-18,-12
2,11,-8,3,-16,-24,-1,16,-13,-11,-9,-24
10,-5,5,-8,4,-21,11,-7,-7,-1,15,-9
5,-14,16,7,1,-2,18,5,-19,-9,-2,-10
6,-35,-16,-5,-16,5,-6,1,-11,-27,10,-1
-3,10,22,3,-7,-3,6,11,4,-7,-4,17
-7,9,-7,-1,-1,-15,-21,13,5,26,-3,-29
13,7,-5,-9,-8,25,-12,-14,15,-4,-5,14
16,17,15,-9,-1,12,-8,-16,8,20,-1,8
-10,7,21,-4,-2,14,-17,-6,5,26,8,13
-14,7,16,-19,-4,5,5,6,-6,11,47,15
19,14,14,-23,8,15,-6,-6,-1,22,32,5
4,43,8,-10,5,19,-25,-2,-2,24,30,25
-10,25,33,-21,13,15,-24,-2,29,14,22,12
0,11,17,-27,-26,55,2,7,1,26,38,19
22,54,9,-20,-1,20,-13,-10,19,29,21,0
16,31,10,-1,-34,49,-46,-20,28,43,53,34
19,70,18,-42,-3,58,-34,-33,30,41,37,28
17,58,39,-38,-21,42,-29,-27,15,55,48,34
3,76,49,-45,-9,49,-46,-37,28,41,52,59
29,62,50,-31,-2,48,-35,-16,6,68,72,56
41,65,57,-39,-3,70,-28,-25,12,56,74,60
17,88,66,-76,-20,79,-41,-30,17,78,87,58
36,81,57,-83,-6,76,-78,-43,33,64,75,84
50,110,69,-81,-13,69,-34,-54,41,113,96,55
53,107,63,-84,-8,91,-54,-37,21,72,106,56
47,115,93,-74,-13,62,-68,-52,37,88,88,79
42,116,96,-70,-34,101,-66,-36,52,71,116,72
52,139,86,-86,-31,118,-93,-75,38,121,104,90
53,156,99,-107,-20,131,-94,-58,49,97,118,104
53,123,102,-86,-36,121,-77,-53,45,121,121,130
39,144,101,-116,-24,152,-81,-80,50,126,134,107
82,166,114,-123,-14,145,-85,-66,64,106,160,96
41,165,110,-121,-21,159,-87,-69,44,142,171,126
63,168,117,-127,-23,150,-109,-99,74,147,171,153
69,192,115,-152,-18,160,-98,-86,60,166,166,130
55,221,134,-143,-41,182,-107,-67,80,149,172,161
77,217,157,-119,-25,189,-110,-81,83,149,212,168
93,232,140,-172,-50,191,-116,-67,60,169,202,130
79,248,167,-152,-36,192,-148,-103,82,201,212,171
102,241,147,-168,-41,206,-123,-78,102,171,216,150
100,252,167,-177,-22,208,-151,-116,67,190,239,189
84,251,140,-185,-44,204,-131,-115,78,215,245,181
100,279,185,-187,-34,230,-150,-113,100,206,241,196
103,294,198,-210,-51,239,-160,-100,80,217,263,189
109,301,181,-191,-34,239,-176,-106,86,207,260,232
111,299,177,-182,-28,258,-164,-132,86,219,289,207
106,316,220,-218,-50,254,-187,-121,105,230,290,250
114,326,204,-209,-40,263,-195,-136,94,250,305,239
115,337,210,-206,-47,269,-205,-133,115,275,285,229
146,352,194,-216,-34,281,-189,-131,112,275,307,235
122,348,220,-255,-65,321,-190,-136,111,263,326,254
142,352,240,-237,-49,286,-204,-140,110,276,348,248
130,365,252,-264,-47,301,-206,-159,102,265,335,243
130,366,231,-239,-48,300,-193,-151,122,250,330,249
120,396,247,-244,-51,299,-209,-134,107,286,353,253
124,367,265,-231,-71,309,-212,-149,84,287,359,269
130,398,236,-249,-53,336,-199,-143,125,273,337,286
133,388,229,-266,-55,343,-202,-169,106,304,340,247
146,399,268,-261,-80,333,-219,-152,114,316,367,295
132,403,275,-281,-55,310,-217,-165,132,301,367,260
147,411,261,-267,-73,343,-220,-172,125,295,351,285
150,413,276,-280,-42,348,-213,-162,144,305,373,271
141,431,261,-282,-52,345,-234,-174,112,309,350,280
153,424,277,-312,-50,351,-264,-166,150,302,379,275
132,427,251,-267,-52,344,-246,-164,132,327,358,264
149,399,269,-304,-71,330,-236,-162,122,313,364,297
152,410,266,-274,-58,340,-229,-171,129,306,370,290
164,411,284,-307,-66,346,-238,-175,125,294,359,297
126,409,290,-289,-58,350,-216,-162,124,304,375,279
129,415,254,-291,-73,318,-206,-177,125,305,368,278
131,399,258,-287,-61,329,-225,-175,133,312,353,287
150,421,268,-291,-80,310,-212,-150,101,309,364,287
156,403,264,-279,-58,337,-212,-157,121,293,348,280
122,391,254,-270,-48,331,-197,-175,125,284,361,261
139,397,269,-244,-60,324,-231,-148,126,287,350,254
125,390,260,-258,-77,325,-196,-145,115,282,349,262
146,381,254,-278,-57,321,-216,-157,120,292,343,272
151,374,245,-260,-79,301,-212,-149,107,302,351,254
127,365,217,-238,-64,292,-215,-152,109,262,340,267
132,360,230,-250,-55,322,-183,-130,109,266,331,226
106,335,214,-254,-48,292,-195,-146,107,258,318,260
133,352,232,-248,-59,270,-185,-151,103,252,299,244
121,333,230,-212,-55,274,-159,-130,104,262,283,235
108,314,198,-243,-63,269,-201,-121,111,240,276,225
106,306,190,-225,-47,250,-178,-126,100,231,267,225
114,318,183,-208,-52,256,-190,-111,80,227,278,220
115,312,205,-204,-32,249,-165,-118,101,237,252,192
99,279,165,-177,-50,211,-169,-114,95,231,240,195
107,301,168,-171,-35,228,-160,-104,94,202,250,186
74,251,182,-199,-44,227,-152,-111,97,213,237,206
87,257,147,-174,-25,234,-151,-101,77,200,235,175
105,247,157,-166,-36,184,-155,-107,74,177,227,183
78,255,159,-160,-34,202,-150,-77,65,167,215,159
91,203,154,-159,-39,187,-142,-114,86,156,207,165
76,216,131,-146,-41,170,-111,-108,66,138,187,158
68,191,126,-155,-34,182,-129,-70,67,136,170,138
88,195,115,-144,-19,156,-121,-85,78,155,182,156
68,200,125,-129,-29,152,-111,-64,40,140,171,136
55,171,109,-112,-44,134,-117,-76,55,134,148,120
58,167,109,-125,-24,161,-96,-77,55,124,133,103
59,165,119,-124,-25,153,-86,-50,20,116,148,105
48,154,89,-118,-12,99,-69,-67,78,91,144,97
47,135,84,-85,-26,106,-104,-36,59,115,120,86
43,131,76,-97,-42,92,-92,-34,35,103,126,98
57,123,73,-69,-37,92,-67,-51,47,64,120,90
53,119,71,-85,0,104,-48,-40,56,85,79,87
59,107,76,-71,-10,96,-66,-37,14,80,83,91
40,118,67,-59,5,82,-44,-48,50,60,91,63
32,75,58,-58,-10,109,-45,-23,24,65,90,81
46,88,56,-55,-10,84,-36,-58,28,54,75,60
33,87,48,-43,-12,81,-23,-35,23,59,69,34
24,92,67,-45,-10,60,-18,-41,8,58,64,49
6,85,51,-47,-4,53,-35,-33,23,60,55,61
-4,67,28,-51,9,21,-9,-25,16,52,56,52
30,54,16,-46,7,55,-26,-21,33,70,58,39
27,57,37,-26,-13,46,-27,-20,13,43,55,-2
9,43,22,-27,-8,35,-28,-23,18,20,24,59
-4,40,32,-33,-19,39,-9,-24,16,15,35,22
-3,47,32,-5,-11,14,-33,-20,19,24,29,19
-6,41,18,-24,-8,33,1,-25,8,32,13,14
10,34,21,-13,6,23,-14,-11,7,-14,44,34
34,2,17,-19,-6,14,-34,-32,-2,9,16,11
7,24,13,-25,-7,16,-29,-19,11,-12,-10,10
10,10,12,-10,-4,34,-12,1,-5,9,14,29
5,22,18,-16,-1,24,1,-6,-18,5,7,21
11,14,3,-13,14,16,-34,1,-1,-2,7,26
-8,12,5,6,-26,6,-15,-27,6,20,4,6
-3,9,17,-2,-5,-10,-2,-7,-5,-4,14,-18
-4,16,4,-13,-6,-6,3,37,1,-12,-8,7
-6,16,19,4,14,-16,-3,-8,0,-7,13,3
11,21,-6,8,-3,1,2,-9,24,14,-1,-6
6,12,-16,7,3,-11,-26,9,19,-9,-17,0
1,-15,8,4,6,3,5,-5,-11,-1,-21,3
12,-12,-16,1,-21,-22,8,-19,-8,-25,-16,0
-12,-15,3,28,-7,-3,-21,3,4,-19,-5,-2
-16,-21,-12,24,1,-22,21,23,-28,1,-19,-22
-23,-3,-4,0,21,-6,20,14,-3,-29,-18,-27
2,-35,7,20,-15,-1,-5,-8,6,-10,3,-24
2,-21,2,12,-10,-6,6,-9,16,-11,-21,-14
-1,-18,-14,35,-3,-7,-4,12,13,-7,-28,-8
-15,4,-2,16,2,-15,-3,3,-8,-5,-3,-13
11,-23,-33,-1,0,-1,10,-10,0,-25,-14,-14
-12,-9,-14,6,16,-4,16,-13,6,-12,-13,-19
-11,-21,-19,17,-1,-5,-14,43,3,-1,-3,6
-30,-4,-15,5,-4,-20,27,23,-19,-9,-16,-18
19,-18,10,1,-6,-36,6,11,-27,-6,-3,-16
-28,0,-14,19,7,3,15,10,16,0,-13,-10
-37,3,-8,-3,11,1,-5,-12,-16,-24,-33,-6
-8,2,-27,-10,12,-14,11,11,-7,0,-7,-12
-8,-27,-9,22,0,-8,31,17,-13,-14,-13,-4
-20,3,-22,1,10,-13,27,7,-25,-3,-2,-25
11,-17,-1,-8,-6,-26,28,-4,-7,-14,-15,-15
13,5,-22,1,-10,-38,6,24,-10,-10,-5,-4
-13,-7,-3,8,7,-13,-23,-9,11,-7,-27,-11
-14,-1,-19,15,26,-10,16,6,-20,0,-14,-6
-25,-6,4,-2,-8,-5,31,3,24,-20,-41,-7
1,-10,-5,12,15,-5,19,7,-23,7,12,4
1,-5,-6,-7,25,-6,13,13,3,-14,-9,-8
3,-2,-33,-11,-11,-12,7,11,-1,-1,-7,-9
-6,-21,-3,20,-4,-4,-2,0,4,8,0,-16
1,-10,1,14,-2,0,-16,-5,8,10,-33,-6
-13,-5,1,22,-13,0,34,-7,-23,3,-6,-7
-3,1,-6,17,10,-31,-3,-7,-4,14,2,-16
-7,-1,-7,6,27,-20,14,9,8,-1,-1,-12
-10,6,-2,10,-4,-28,-8,-14,11,-17,18,17
-2,-6,17,-12,2,13,6,-10,4,17,1,1
-6,-21,-1,0,-9,-11,2,-8,7,25,-2,-26
2,-10,4,1,-5,-13,10,20,19,-5,-16,1
-12,-24,3,-2,-15,-6,14,7,-26,-29,5,-17
1,-7,12,-4,-5,5,-3,21,-2,-9,-2,1
-6,-8,-13,2,14,-16,8,10,-1,-5,0,-14
8,-17,-2,11,-5,-11,4,-13,5,9,-19,-27
15,-8,-9,5,9,-13,4,-16,2,0,13,28
-6,15,16,7,9,9,-14,7,3,-19,21,20
7,-1,8,0,-3,-11,-3,2,5,2,6,-11
5,-12,30,14,4,-3,-5,-7,-21,8,-10,27
1,6,-2,-4,-16,1,4,2,21,7,5,20
3,-17,-2,9,-14,-16,2,-14,5,3,-6,13
30,-4,8,20,-14,-3,4,-19,-4,-1,0,-9
20,2,1,9,-9,24,-20,8,-18,-19,16,22
16,3,2,4,-3,-6,-9,6,11,-6,-25,7
13,10,3,-7,-13,8,3,3,8,-6,5,17
14,-6,1,-6,-5,3,1,1,1,2,7,-1
4,1,0,-26,-27,6,-2,6,-8,6,19,15
14,15,8,-4,-14,-3,1,-14,7,11,8,1
-6,4,-12,3,-2,15,5,13,-7,-2,-17,30
-1,5,12,-5,0,13,3,8,-3,6,5,16
-18,17,8,-22,1,-6,6,19,-5,11,-17,-1
-11,2,-13,-7,0,0,-2,-43,-14,10,-2,14
18,12,-30,-7,-28,-1,-4,-4,5,0,-3,15
8,-3,14,-16,-4,15,9,26,-1,23,14,0
-12,13,8,-7,25,1,-10,-6,24,-3,11,-12
-1,27,-5,-24,3,6,-21,-6,19,5,18,13
-3,43,5,1,16,26,-11,3,6,22,0,32
10,4,1,-24,-8,-2,-11,-3,12,-5,37,37
-4,22,24,9,-8,-1,-9,-7,-17,1,36,26
9,21,-8,-5,-8,7,-12,21,5,20,25,38
2,50,25,-35,-13,22,-24,-16,-22,28,22,3
0,20,24,-47,-9,20,-36,-7,10,13,26,21
12,47,28,-5,19,22,-23,-16,3,30,38,37
18,43,30,-30,6,11,-9,-22,23,10,20,-1
7,25,3,-3,-8,43,-25,-18,15,25,10,32
13,29,33,-32,-18,47,-13,-12,-13,13,46,45
45,48,20,-28,4,35,-10,5,-2,33,31,30
35,40,42,-21,-8,79,-15,-25,18,21,66,30
8,36,48,-41,9,39,-24,-7,12,16,71,38
20,64,58,-40,-4,37,-49,-19,17,55,49,29
8,77,45,-29,-16,57,-31,-26,15,50,52,39
20,40,50,-49,-12,78,-32,-36,8,46,59,57
16,65,64,-31,2,63,-26,-18,29,55,53,74
55,76,54,-58,-21,62,-43,-35,19,60,76,45
30,79,47,-61,-45,74,-49,-54,40,77,66,56
18,100,70,-51,-5,84,-70,-38,35,62,97,82
28,113,76,-94,-14,88,-55,-62,28,67,92,75
53,114,75,-85,-24,88,-58,-46,19,78,111,89
54,149,75,-124,-10,102,-53,-39,35,97,122,101
48,125,97,-100,-34,101,-60,-83,41,93,111,96
7,136,88,-96,-31,99,-86,-65,34,87,135,102
42,137,97,-79,-26,143,-72,-48,47,104,132,109
39,153,107,-116,-12,142,-80,-48,46,126,150,113
78,203,117,-79,-44,144,-86,-43,50,118,163,124
47,206,139,-113,-26,147,-90,-105,52,157,162,139
69,187,130,-137,-35,142,-132,-87,84,134,159,116
71,198,157,-122,-41,169,-92,-88,80,155,188,119
73,237,140,-143,-45,182,-106,-90,80,144,178,138
73,217,165,-172,-47,205,-120,-98,71,168,200,139
92,247,162,-144,-40,185,-123,-111,79,159,219,168
79,250,138,-152,-26,228,-110,-91,96,161,204,179
80,258,148,-173,-47,205,-118,-111,79,173,252,154
71,246,163,-186,-67,219,-137,-77,73,190,242,161
89,260,179,-189,-38,223,-158,-87,83,209,262,202
86,282,197,-177,-36,238,-141,-95,89,186,254,184
94,270,176,-187,-55,225,-156,-120,89,206,245,208
117,288,177,-195,-20,248,-149,-121,65,216,251,203
93,282,201,-183,-34,245,-165,-137,67,234,252,204
101,313,185,-191,-46,253,-154,-120,90,238,255,188
104,291,192,-202,-27,218,-166,-122,76,230,265,201
97,290,194,-187,-44,252,-172,-109,99,210,267,199
102,302,200,-190,-40,238,-166,-125,89,200,287,216
110,282,181,-212,-38,242,-160,-117,71,226,271,225
97,301,182,-193,-66,252,-151,-109,93,215,277,202
74,298,205,-187,-18,241,-149,-92,78,226,261,193
119,287,178,-164,-46,225,-149,-118,82,229,269,205
104,286,182,-194,-47,241,-166,-95,85,211,264,176
78,289,190,-212,-55,215,-153,-104,68,232,243,219
90,280,166,-168,-48,233,-154,-125,92,171,242,188
84,253,184,-207,-54,226,-153,-102,72,196,260,184
99,265,152,-183,-40,228,-152,-120,70,212,243,166
105,265,190,-182,-34,208,-138,-90,58,182,239,164
92,234,161,-153,-57,204,-120,-96,80,197,222,188
77,235,140,-173,-34,163,-112,-86,69,187,206,180
100,232,148,-158,-37,188,-134,-77,68,174,215,169
88,202,127,-146,-33,171,-123,-83,60,158,188,142
69,210,134,-153,-42,187,-97,-75,64,163,201,131
85,184,116,-118,-25,170,-118,-85,46,135,191,132
66,176,134,-126,-22,181,-93,-81,79,139,168,130
52,165,126,-132,-68,158,-110,-71,46,152,178,128
59,185,124,-102,-19,141,-83,-65,36,128,152,128
63,172,95,-104,-15,143,-86,-79,41,141,113,99
37,144,86,-115,-32,114,-90,-61,51,106,144,108
27,143,68,-82,-43,127,-78,-45,48,100,103,96
30,120,86,-92,-19,114,-80,-53,46,90,113,102
31,110,64,-78,-31,109,-87,-27,19,84,100,78
52,137,73,-74,-26,84,-62,-52,33,100,91,58
34,95,85,-54,-7,88,-48,-40,57,84,65,34
31,90,71,-74,-5,89,-71,-42,15,74,93,71
18,99,41,-52,-13,87,-52,-29,12,71,87,60
17,78,57,-55,-7,67,-40,-48,-4,47,87,74
28,91,51,-65,6,70,-46,-32,8,36,60,51
11,66,40,-59,-8,66,-47,-11,14,40,67,65
9,46,44,-46,-9,45,-43,-12,37,50,71,36
21,62,23,-34,-22,62,-38,-24,8,41,59,33
27,55,19,-24,-16,51,-21,-25,5,38,58,47
22,48,23,-50,-23,36,-21,-34,22,44,53,14
38,56,16,-29,-2,52,-27,-12,3,35,42,41
24,29,25,-38,-1,32,-26,-42,6,14,39,42
27,21,7,-21,-3,44,-12,-29,1,20,49,28
-6,49,30,-22,7,41,-21,-29,19,10,34,28
20,25,19,-15,-11,29,-25,-37,15,21,39,31
22,35,22,-27,-10,22,-28,-13,13,6,34,13
-19,11,0,-2,8,7,-8,-15,34,-3,6,2
7,-16,34,-24,-5,18,-13,-8,13,12,3,9
-25,5,18,4,0,14,-6,-8,0,-9,4,18
-19,-10,-2,8,10,-11,-5,-8,13,3,26,-1
-26,-27,-26,4,9,-5,0,11,-5,7,-11,-14
-3,-19,-4,2,15,-20,24,7,-8,-25,-31,-15
-2,-41,-17,30,7,-42,31,11,-6,-34,-43,-44
-23,-48,-23,30,6,-37,13,3,-13,-42,-43,-24
-20,-60,-22,53,1,-32,42,7,-19,-40,-34,-45
-21,-65,-68,76,-1,-63,48,35,-21,-49,-65,-46
-57,-121,-94,56,22,-83,48,38,-33,-84,-93,-73
-43,-108,-48,75,27,-84,45,35,-40,-84,-90,-61
-57,-126,-101,81,22,-105,99,38,-47,-93,-112,-83
-49,-107,-86,90,46,-100,88,47,-47,-116,-137,-95
-63,-125,-91,89,20,-109,65,65,-45,-117,-113,-90
-62,-131,-68,75,12,-92,67,58,-34,-101,-120,-87
-50,-114,-88,92,-9,-115,62,36,-42,-115,-87,-87
-30,-113,-31,73,27,-83,68,33,-25,-81,-94,-65
-28,-63,-28,27,13,-65,25,23,-28,-46,-69,-60
-13,-27,-27,15,0,-13,23,10,-17,-25,-44,-28
0,2,-3,-18,-16,4,-5,-9,-13,-14,40,5
40,93,57,-74,-14,61,-35,-48,15,54,93,56
48,158,95,-116,-29,109,-90,-64,54,149,136,86
51,241,150,-162,-35,208,-146,-96,77,186,226,171
107,348,212,-240,-44,290,-192,-112,102,234,315,223
147,447,296,-302,-72,374,-247,-169,126,339,384,334
193,550,368,-369,-97,440,-276,-219,160,402,494,393
259,674,428,-470,-88,555,-368,-249,177,486,595,471
263,767,496,-525,-108,653,-440,-297,210,581,698,531
320,881,546,-581,-128,712,-480,-340,286,659,784,620
323,949,616,-666,-148,821,-527,-392,273,723,885,670
360,1050,671,-731,-178,862,-570,-424,299,773,945,705
384,1105,738,-769,-167,896,-608,-436,328,817,974,763
356,1120,728,-759,-166,914,-630,-462,338,846,1022,781
398,1101,742,-761,-164,927,-620,-435,344,847,1006,767
378,1089,710,-734,-177,901,-592,-448,325,812,978,756
373,1058,662,-712,-139,849,-576,-392,312,772,925,710
347,973,619,-660,-148,805,-526,-394,284,716,864,665
299,883,573,-600,-144,754,-478,-335,252,658,764,630
271,781,503,-521,-123,628,-410,-307,217,579,695,527
227,662,424,-452,-103,561,-355,-261,202,506,601,457
203,541,347,-376,-84,459,-308,-204,163,397,466,358
146,416,277,-280,-56,338,-228,-168,119,301,378,296
112,294,202,-224,-43,258,-146,-134,101,232,275,202
72,192,138,-101,-17,143,-114,-68,47,145,183,123
29,77,54,-62,1,61,-65,-44,45,93,82,61
-1,-7,15,-12,-22,15,-13,0,-6,-8,11,-5
-25,-88,-56,55,29,-58,33,34,-42,-47,-62,-25
-54,-133,-93,96,26,-108,71,50,-41,-101,-109,-100
-70,-162,-125,116,51,-127,97,87,-50,-120,-192,-109
-78,-205,-145,152,48,-159,146,97,-69,-150,-184,-136
-66,-233,-164,162,13,-181,133,109,-96,-177,-225,-175
-83,-254,-183,170,43,-198,169,108,-72,-195,-235,-172
-96,-231,-145,190,41,-189,141,82,-76,-201,-239,-180
-74,-264,-149,156,48,-202,149,94,-82,-184,-218,-179
-79,-227,-157,152,46,-176,108,77,-65,-183,-212,-144
-54,-220,-124,144,39,-164,78,89,-76,-154,-194,-141
-80,-186,-105,127,46,-149,101,93,-67,-148,-171,-114
-37,-149,-110,96,26,-130,92,54,-51,-136,-150,-98
-36,-135,-89,81,22,-107,72,74,-28,-83,-138,-95
-39,-92,-72,79,44,-87,60,43,-22,-82,-102,-91
-38,-82,-55,57,17,-64,28,12,-32,-56,-72,-47
-32,-53,-43,57,0,-55,18,28,-18,-48,-49,-48
-4,-38,-22,58,1,-58,7,-2,-3,-36,-44,-37
13,-11,-21,26,-9,-38,8,31,-11,-20,-36,-33
5,-16,-45,-2,7,-14,15,23,-18,-18,-23,-36
-7,-6,-5,-1,12,-8,34,6,-11,-18,0,3
-10,-14,6,2,-14,13,2,-25,15,7,32,7
12,25,-25,-34,-12,24,8,15,-13,-2,13,14
9,13,11,-24,17,29,-32,-6,19,8,4,14
-6,38,24,-20,-29,13,4,-4,11,10,7,17
-14,45,-2,0,4,8,-26,-14,4,8,32,7
-17,35,16,-23,-27,24,-19,0,4,38,21,20
-13,48,28,-32,-15,24,-23,-7,7,39,39,1
9,23,36,-32,-17,18,-18,-25,6,37,25,15
-12,33,27,-33,1,23,-15,-3,5,17,32,17
17,35,38,-21,-5,18,-14,-1,-4,28,21,14
-1,31,39,-2,-5,48,-36,-14,30,41,77,43
-2,47,29,-35,-6,47,-23,-32,4,33,49,28
24,47,27,-54,-18,27,-20,-31,-2,39,47,48
25,55,22,-52,-6,40,-38,-38,1,36,34,41
18,42,27,-31,-9,43,-29,-36,23,42,18,27
28,67,30,-46,-7,58,-28,-19,22,51,47,21
16,92,49,-39,-10,59,-25,-35,33,40,60,35
28,52,41,-43,-4,59,-53,-12,31,34,47,55
28,60,18,-54,-10,34,-49,-13,8,38,66,36
33,68,30,-54,1,46,-32,-52,23,53,54,51
19,75,41,-42,-8,46,-37,-35,9,76,67,62
32,71,49,-31,0,69,-31,-35,11,51,89,56
22,96,54,-47,3,51,-31,-11,34,46,80,56
56,116,72,-86,-31,62,-59,-19,38,69,102,66
42,94,92,-56,-13,83,-45,-45,28,92,92,76
32,106,52,-66,-30,88,-60,-40,22,79,79,76
41,100,69,-87,-15,98,-62,-44,35,81,81,90
44,123,52,-47,-22,111,-82,-48,56,80,115,89
31,115,98,-77,4,123,-50,-63,33,81,114,81
40,130,81,-80,-13,90,-60,-56,15,100,127,96
59,139,93,-88,-25,124,-98,-55,46,98,127,111
66,145,101,-79,-18,93,-72,-69,55,94,114,100
34,139,110,-106,-48,119,-89,-53,45,117,118,113
45,158,116,-83,-24,121,-95,-59,50,113,157,116
62,171,116,-93,-34,139,-98,-56,63,134,157,116
52,175,125,-123,-30,151,-107,-57,69,128,159,117
58,187,129,-118,-7,159,-109,-76,61,139,153,124
60,197,113,-101,-28,156,-89,-67,50,146,161,137
80,199,118,-130,-30,173,-117,-79,56,172,168,177
63,210,132,-125,-16,172,-98,-66,80,166,199,137
97,189,152,-138,-42,158,-129,-97,61,155,201,172
87,229,125,-151,-32,194,-117,-97,67,177,202,171
67,232,175,-150,-43,202,-128,-101,73,179,207,180
81,256,162,-159,-13,198,-133,-99,73,192,231,172
106,274,153,-167,-50,225,-118,-112,73,187,219,167
82,267,199,-191,-34,207,-143,-98,90,193,238,152
60,258,176,-189,-44,223,-148,-103,95,198,269,193
95,280,193,-196,-36,212,-169,-100,97,217,247,191
88,290,198,-214,-38,243,-178,-111,85,227,284,188
102,304,192,-193,-32,257,-175,-123,90,250,263,227
111,318,205,-203,-55,256,-170,-113,100,253,278,215
117,293,218,-226,-28,262,-186,-125,93,253,304,215
112,347,194,-241,-33,284,-166,-149,99,254,296,223
99,339,239,-245,-39,297,-193,-131,117,242,316,230
113,353,211,-239,-59,304,-207,-136,112,239,315,249
124,370,248,-245,-62,303,-210,-119,108,291,333,256
129,386,243,-251,-47,300,-215,-162,83,248,330,272
133,392,242,-271,-55,330,-192,-161,111,288,348,268
145,394,249,-256,-60,292,-209,-153,108,295,352,255
136,397,263,-261,-56,324,-206,-179,109,284,364,264
153,417,249,-296,-57,343,-221,-150,117,305,359,304
134,418,275,-288,-53,344,-216,-153,125,307,365,292
115,409,254,-300,-69,350,-221,-168,115,307,366,285
128,425,279,-303,-70,360,-194,-171,131,302,389,280
141,442,278,-283,-55,343,-213,-176,125,309,393,290
149,421,288,-299,-59,352,-241,-181,133,326,399,302
147,446,281,-287,-82,349,-242,-169,137,338,399,319
123,452,306,-300,-62,372,-247,-180,121,323,416,316
170,438,295,-299,-55,386,-244,-168,134,344,432,332
175,447,300,-330,-75,389,-264,-211,128,345,406,307
147,436,307,-296,-54,384,-252,-172,138,311,400,315
159,433,302,-319,-77,381,-259,-175,145,321,418,334
143,470,293,-303,-71,372,-260,-180,148,351,376,321
159,459,309,-312,-71,388,-260,-159,149,365,439,300
159,440,324,-304,-90,373,-251,-188,140,342,440,303
157,442,316,-324,-68,361,-263,-201,147,363,424,313
159,461,300,-307,-64,373,-265,-206,127,333,424,322
165,439,293,-321,-84,389,-244,-178,129,339,394,312
176,462,293,-315,-65,382,-247,-175,129,359,392,320
161,469,289,-313,-60,374,-253,-167,130,320,413,307
177,426,296,-317,-68,381,-236,-167,139,341,400,305
172,456,296,-303,-92,389,-251,-180,125,337,395,313
143,420,278,-298,-73,373,-259,-156,126,321,393,285
155,432,293,-292,-45,344,-250,-173,157,320,394,304
163,424,284,-302,-61,355,-240,-175,121,318,378,304
169,406,263,-289,-75,342,-253,-173,128,309,377,269
121,384,264,-291,-53,337,-210,-168,120,312,387,287
152,403,271,-284,-65,326,-226,-185,130,296,371,281
153,392,269,-273,-70,335,-219,-171,129,311,342,281
151,380,261,-277,-61,335,-243,-156,114,314,363,283
135,395,259,-255,-63,313,-207,-143,111,278,340,265
131,353,249,-245,-38,332,-202,-160,118,281,355,260
143,330,225,-262,-55,302,-217,-160,106,286,328,264
123,337,223,-258,-63,295,-192,-121,118,271,314,238
119,339,215,-236,-39,275,-205,-122,103,264,313,248
134,344,215,-231,-40,291,-181,-131,110,254,300,258
114,352,223,-209,-46,291,-175,-132,98,252,288,225
119,309,203,-210,-65,282,-170,-126,103,245,288,218
112,315,211,-219,-62,250,-172,-111,87,250,258,208
118,290,193,-204,-46,250,-161,-119,88,197,283,205
110,274,198,-209,-58,257,-155,-134,108,198,276,232
101,272,177,-211,-42,248,-148,-128,83,206,275,186
110,245,185,-185,-39,232,-136,-117,87,226,237,180
106,268,159,-193,-61,227,-150,-97,72,185,228,173
72,266,182,-173,-27,194,-137,-77,80,195,230,173
80,235,140,-148,-49,182,-128,-101,83,181,226,173
67,236,140,-147,-21,195,-137,-95,59,163,192,167
91,229,135,-138,-35,189,-105,-85,66,154,179,154
56,225,151,-153,-5,186,-94,-86,84,170,168,150
75,205,123,-130,-26,151,-108,-59,45,128,198,142
65,180,115,-144,-52,154,-92,-70,43,131,173,121
53,175,131,-117,-40,162,-107,-76,59,157,165,123
59,189,114,-117,-11,150,-80,-52,55,134,165,111
26,171,89,-110,-12,125,-71,-44,54,119,163,129
72,159,106,-124,-12,134,-93,-28,44,106,137,104
25,158,127,-97,-37,128,-82,-61,51,118,154,104
62,123,120,-80,-18,106,-60,-73,52,99,132,111
58,137,94,-73,-29,95,-81,-70,34,81,144,104
27,128,77,-67,-13,107,-73,-61,38,77,108,85
47,126,74,-75,-31,92,-61,-46,23,85,111,71
35,105,55,-88,-33,84,-78,-66,44,77,84,84
25,76,56,-75,-34,84,-53,-32,28,75,82,87
17,104,73,-70,-11,83,-44,-75,17,74,75,74
16,117,57,-75,2,99,-58,-39,40,79,77,54
25,94,64,-58,-12,72,-43,-29,41,66,90,44
38,77,71,-83,-7,69,-50,-44,28,58,85,52
-3,67,52,-48,-12,67,-23,-23,47,42,97,67
4,87,47,-53,0,56,-70,-23,34,57,71,48
8,75,44,-53,8,41,-33,-24,14,55,81,38
16,75,28,-42,-16,59,-51,-51,19,59,47,47
8,65,52,-56,-17,50,-22,-24,17,38,59,62
23,70,35,-19,12,28,-42,-11,16,52,49,51
22,54,14,-35,-6,68,-30,-28,42,9,38,45
14,48,28,-16,-15,27,-16,-19,-2,17,24,21
24,67,25,-39,-3,43,-24,-31,7,40,40,27
-4,66,28,-13,4,21,-21,-39,6,35,55,21
43,34,22,-16,-8,37,-23,-12,38,29,21,31
9,57,18,-48,-4,23,-10,-35,2,28,43,30
29,34,6,-16,10,30,-6,-25,12,50,36,41
10,32,23,-27,11,34,-34,-19,-16,43,48,17
7,29,26,-10,-21,22,-18,-17,2,21,35,17
11,35,10,-35,9,25,6,-1,-12,23,29,14
14,27,21,-40,6,37,-28,-23,16,39,33,12
7,18,29,-14,-4,22,-32,-16,-2,25,61,18
34,16,7,-29,-12,34,-32,-26,11,26,-2,16
27,29,10,-27,-15,45,-14,-36,3,13,7,35
5,25,6,10,-24,0,-15,-18,-9,19,32,23
24,38,3,-13,-13,38,10,-18,-11,24,20,-2
14,26,6,-1,0,1,-12,-17,10,11,23,16
4,3,16,-6,-25,16,-5,-8,-5,4,9,22
0,20,30,2,3,15,-34,-19,4,7,33,14
34,24,5,-4,26,22,-7,12,-9,30,34,0
-7,12,8,-24,-7,15,13,-15,17,3,-6,10
2,36,9,-17,-13,15,11,0,-12,26,32,5
14,9,7,-3,-7,26,6,-15,-5,14,16,16
20,-2,25,-22,16,24,-27,-8,-3,5,36,33
5,18,27,-2,-23,-3,-18,-14,-2,7,14,46
-1,13,16,-21,12,26,2,4,-10,21,7,19
14,14,-3,-34,-1,29,-16,-3,6,18,5,23
19,7,10,-13,-14,24,-7,1,14,12,24,20
17,21,12,3,-17,34,1,-16,2,15,17,22
3,34,11,12,-8,20,-7,-27,0,1,18,15
22,24,10,5,-6,13,-3,-11,6,11,-8,8
16,6,-5,-19,-3,2,13,7,-9,16,15,8
-14,5,41,-14,8,21,-4,-6,22,13,25,11
14,30,25,-25,-9,15,-19,-22,8,19,28,23
13,20,-2,-21,-4,6,9,-9,-7,36,13,10
27,19,13,-19,4,25,-23,-17,28,43,18,6
13,21,3,-11,8,20,-28,3,-2,21,16,3
21,26,12,-6,-18,18,-19,-2,1,23,19,35
9,20,14,13,-24,14,-11,-33,12,25,10,17
4,34,18,-24,-21,23,-15,-24,15,38,33,31
15,44,-10,-2,1,6,-5,1,16,24,17,-6
16,46,22,-25,3,30,-11,0,10,9,9,-3
10,28,24,-13,-15,25,-12,-17,-4,-22,27,-6
4,22,17,-14,11,16,-9,-20,-4,8,13,20
22,25,27,-7,-18,36,-8,-21,8,9,3,21
0,19,21,-22,0,3,14,-41,11,-4,24,13
3,22,-4,-11,-11,14,-25,-11,32,24,38,33
12,16,25,-14,-8,0,-35,-15,13,13,49,10
26,31,34,-23,-6,28,1,-8,14,25,13,15
7,39,31,-15,-14,25,-10,-7,3,29,33,13
8,26,19,-6,-8,25,-37,-3,11,33,16,23
28,8,15,3,10,16,-13,7,-18,14,19,12
7,28,6,-32,4,11,-12,-9,23,27,19,-8
32,33,3,-25,-10,13,11,7,7,23,10,15
-3,36,-9,-15,-18,42,-2,-6,4,9,23,21
11,18,21,-25,6,20,-21,-10,-2,21,8,1
20,31,32,-19,-1,23,-16,-3,17,15,16,22
10,15,14,-3,-15,47,-17,8,5,37,38,14
17,39,48,-23,-9,29,-27,17,15,19,31,18
15,24,22,-29,-10,21,-14,-39,-1,36,31,8
26,30,21,-6,8,7,4,-39,10,32,24,-8
10,27,-8,-35,3,26,-18,-7,11,16,11,22
21,24,22,-29,-4,19,-11,-26,5,26,20,20
0,37,-3,-31,-2,32,-42,-4,16,35,21,8
2,24,12,-4,-6,36,-14,2,3,11,16,15
6,28,-2,-24,2,41,-2,7,25,20,28,24
25,2,7,-11,3,54,-12,-14,23,9,7,7
21,25,30,-35,-6,34,-15,-1,20,-6,42,14
-3,41,7,-22,8,16,-42,-21,15,31,34,16
31,60,9,-19,8,53,-13,-22,17,17,39,33
9,42,16,-27,0,19,16,-35,-2,18,48,20
13,28,17,-14,7,52,-29,-20,23,51,39,0
22,36,37,-41,-8,37,-16,-26,9,25,48,38
15,49,34,-24,-3,29,-33,-22,18,44,38,34
16,49,19,-12,-2,40,-52,-7,18,22,63,26
5,65,41,-44,3,32,-3,-40,19,56,12,29
0,48,21,-42,8,46,-15,-20,9,47,40,20
20,34,16,-37,15,42,-32,-24,7,50,55,39
24,60,19,-39,7,65,-5,-15,17,52,46,58
4,64,22,-21,-13,53,-19,-11,7,50,32,36
23,64,53,-33,4,54,-28,-7,0,19,44,50
32,73,35,-40,-15,48,-37,-33,22,49,62,52
41,36,45,-70,8,48,-45,-42,16,53,68,72
33,72,42,-46,-6,79,-16,-29,21,48,85,58
22,91,36,-39,-4,57,-60,-36,23,52,68,41
30,71,53,-56,-34,74,-58,-25,47,64,68,54
33,91,49,-57,-7,83,-54,-58,4,66,94,51
21,85,83,-62,-13,52,-47,-38,16,70,117,74
41,123,65,-65,-12,70,-63,-37,54,84,86,71
22,101,68,-85,6,89,-59,-33,35,78,94,92
36,111,69,-87,-18,95,-41,-38,32,86,106,83
42,119,72,-66,-27,109,-59,-54,45,96,101,81
51,130,88,-96,-33,108,-67,-35,32,100,127,103
70,116,77,-107,-6,108,-75,-34,83,99,109,111
68,172,89,-83,-29,148,-99,-62,38,96,140,87
72,161,106,-117,-35,143,-68,-56,41,130,133,111
59,152,100,-107,-33,117,-116,-69,47,110,149,131
60,181,129,-121,-3,146,-108,-85,40,142,154,134
66,197,142,-140,-18,152,-119,-60,72,116,178,131
71,189,108,-120,-29,160,-114,-77,64,164,172,150
101,219,143,-143,-30,182,-121,-77,57,167,191,145
74,197,141,-142,-40,186,-126,-76,66,164,186,134
78,239,151,-172,-57,192,-129,-75,61,142,189,155
61,250,149,-176,-34,203,-114,-79,69,182,209,176
66,241,161,-173,-56,188,-153,-108,56,182,216,170
87,249,170,-169,-19,217,-166,-92,67,186,228,191
110,278,179,-199,-68,240,-131,-107,85,191,226,165
73,253,179,-173,-61,236,-138,-113,87,193,248,189
98,275,161,-204,-43,220,-150,-121,93,217,250,204
99,275,207,-202,-54,215,-153,-109,96,210,272,232
92,296,178,-210,-55,235,-155,-101,109,218,277,196
100,301,184,-196,-63,254,-141,-135,76,236,258,192
106,300,196,-203,-37,256,-172,-118,86,232,261,224
112,312,192,-211,-31,255,-140,-111,97,221,289,227
111,316,183,-205,-33,252,-171,-107,80,232,262,211
116,317,212,-190,-40,260,-175,-139,97,235,300,196
71,317,208,-220,-49,258,-170,-124,110,227,305,231
121,317,221,-203,-69,266,-160,-147,91,214,270,235
133,308,174,-218,-62,278,-173,-156,96,215,283,213
128,283,207,-215,-45,241,-181,-114,90,231,264,205
106,307,210,-227,-36,253,-167,-132,87,220,279,214
97,264,209,-200,-41,240,-170,-103,94,223,256,198
83,273,161,-186,-53,234,-155,-100,91,236,265,211
81,299,179,-180,-46,238,-145,-131,81,201,270,196
122,284,162,-176,-27,213,-166,-119,81,210,255,176
98,261,166,-194,-52,230,-178,-92,67,206,231,185
94,279,175,-165,-48,227,-143,-112,101,208,245,206
87,252,162,-181,-28,218,-143,-94,84,165,258,174
85,239,147,-167,-38,207,-132,-82,84,197,236,172
69,231,134,-151,-45,201,-141,-100,68,198,231,182
98,215,151,-166,-34,189,-119,-101,70,158,211,147
58,215,146,-142,-17,182,-102,-73,41,148,217,140
79,192,133,-131,-10,190,-122,-79,46,167,190,165
78,197,127,-131,-38,169,-123,-74,42,155,156,134
69,159,102,-122,-36,144,-102,-72,65,151,177,119
50,176,103,-135,-42,160,-93,-72,56,154,179,122
38,165,112,-99,-31,141,-93,-88,46,125,145,94
54,151,99,-117,-33,141,-101,-73,50,115,142,111
44,157,103,-82,-23,104,-74,-68,43,107,139,113
45,132,90,-92,-18,118,-78,-52,41,99,118,115
52,128,87,-97,-34,108,-79,-36,58,81,112,86
39,115,73,-89,-12,100,-69,-49,32,85,109,70
36,98,76,-76,-8,95,-90,-66,29,92,110,73
26,94,90,-67,-36,75,-30,-59,35,74,86,67
44,102,68,-65,-25,81,-75,-60,43,53,59,90
24,84,67,-66,-12,81,-56,-26,45,61,87,51
33,68,79,-70,-11,64,-43,-40,51,54,74,48
37,80,41,-57,12,59,-47,-41,25,61,83,43
48,86,69,-73,-27,66,-29,-19,33,45,67,39
10,70,43,-51,-7,42,-30,-38,30,47,53,72
32,69,27,-50,-16,40,-25,-31,15,55,57,55
26,48,59,-33,-5,63,-53,-14,13,26,69,31
39,59,14,-26,-5,36,-34,-32,13,50,54,55
-9,47,18,-20,14,47,-37,-21,7,33,28,51
12,50,25,-25,-19,25,-18,-27,35,42,41,36
25,48,39,-29,16,36,-36,-35,28,43,38,32
21,48,16,0,6,44,-9,-32,19,20,32,30
17,30,47,-19,-16,34,-24,-9,10,39,50,40
15,44,19,-33,-7,50,-19,-28,16,10,27,7
0,6,17,-24,-1,25,-21,-9,-3,37,12,37
23,1,-8,-26,4,-1,6,-2,-19,15,30,2
-4,-11,-5,26,-6,17,5,1,-10,21,-24,0
-7,11,3,17,0,-1,-13,-13,1,9,-13,8
6,-2,-7,26,-1,-38,-4,1,-4,0,-53,-23
-4,-20,-10,-2,15,-23,24,29,0,-41,-36,-17
-4,-51,-26,26,-13,-41,18,-1,-30,-51,-43,-30
-35,-37,-45,51,18,-39,17,25,-25,-61,-65,-49
-26,-68,-68,41,18,-71,30,35,-44,-62,-71,-44
-36,-111,-63,55,-8,-79,33,11,-13,-75,-106,-48
-28,-107,-66,79,4,-98,62,42,-8,-73,-96,-63
-58,-104,-58,75,24,-97,71,37,-34,-91,-84,-90
-61,-134,-72,91,8,-100,62,55,-35,-94,-116,-111
-46,-138,-72,103,25,-115,85,63,-37,-111,-125,-97
-24,-129,-78,103,22,-112,78,46,-52,-126,-126,-95
-59,-150,-90,88,22,-123,85,58,-43,-91,-106,-74
-30,-130,-70,63,-8,-90,69,66,-21,-90,-95,-83
-21,-106,-60,65,2,-66,58,41,-37,-52,-96,-58
-8,-40,-26,25,11,-43,45,21,-18,-45,-28,-35
-2,-11,-6,-10,-5,-13,-8,7,8,-8,2,-6
0,68,54,-32,-11,61,-45,-31,29,64,35,65
40,155,107,-94,-4,102,-55,-45,30,97,112,104
77,213,143,-157,-19,184,-135,-83,84,162,200,152
109,312,179,-207,-47,256,-171,-130,78,234,295,237
145,440,263,-270,-68,339,-226,-155,138,294,364,293
183,519,324,-347,-68,450,-287,-225,163,376,475,348
227,645,419,-429,-91,530,-341,-234,198,455,564,444
271,756,480,-502,-126,613,-429,-300,241,584,683,500
300,867,545,-566,-128,700,-467,-327,255,635,758,619
314,932,638,-636,-151,798,-529,-385,291,715,838,668
363,1028,675,-701,-140,844,-570,-407,317,775,922,718
360,1087,693,-747,-171,908,-595,-415,312,802,996,754
387,1139,740,-773,-148,923,-627,-457,344,849,1018,793
401,1135,729,-773,-169,929,-633,-439,344,870,1012,805
394,1126,725,-760,-172,928,-615,-448,338,858,995,785
388,1045,708,-716,-186,895,-582,-423,343,790,973,770
355,1016,652,-695,-154,843,-517,-403,291,761,920,692
303,934,588,-619,-137,760,-514,-349,279,680,838,623
292,827,552,-564,-106,690,-476,-332,247,626,726,601
264,707,461,-472,-114,569,-388,-279,219,521,636,501
208,583,381,-398,-79,521,-327,-217,161,439,548,415
164,477,299,-329,-52,392,-252,-194,142,372,418,306
114,345,232,-232,-51,286,-191,-161,84,277,331,245
89,243,167,-151,-40,197,-143,-106,64,190,229,141
28,120,91,-77,-32,107,-61,-43,52,115,126,84
10,34,13,-27,-9,42,-21,-33,16,21,52,40
-12,-34,-15,38,16,-50,42,5,-11,-50,-54,-13
-21,-97,-59,72,37,-87,38,46,-29,-93,-95,-63
-24,-160,-107,96,48,-123,89,85,-38,-99,-138,-104
-78,-185,-139,131,42,-165,108,89,-67,-123,-172,-132
-90,-222,-159,143,39,-171,108,61,-66,-166,-214,-160
-86,-249,-162,160,36,-198,131,93,-84,-185,-214,-181
-100,-207,-154,156,43,-199,130,102,-69,-189,-227,-169
-84,-235,-163,162,40,-195,133,77,-58,-170,-201,-165
-71,-225,-137,169,49,-199,156,92,-67,-172,-203,-172
-82,-213,-150,131,43,-168,107,65,-55,-143,-201,-153
-73,-180,-129,136,37,-157,74,77,-60,-148,-153,-124
