I,II,III,aVR,aVL,aVF,V1,V2,V3,V4,V5,V6
376,1061,682,-746,-137,853,-584,-416,291,790,947,732
352,1063,669,-696,-150,850,-588,-411,304,788,927,741
340,994,671,-665,-165,837,-566,-383,316,741,912,708
341,941,611,-642,-131,803,-514,-390,278,710,865,662
303,845,559,-603,-111,701,-456,-333,256,656,765,598
268,755,484,-490,-101,641,-407,-336,220,552,678,525
229,676,427,-440,-100,537,-357,-265,191,485,582,446
191,539,347,-363,-58,446,-287,-214,152,397,483,410
149,404,267,-293,-65,373,-241,-176,107,302,365,284
122,294,172,-204,-60,237,-175,-116,101,235,264,205
58,168,125,-130,-41,179,-110,-78,56,147,160,131
34,87,40,-56,-2,84,-67,-48,18,43,58,65
-18,5,-11,-14,-13,-7,5,27,23,-4,-22,-6
-43,-74,-60,71,30,-60,65,27,-42,-45,-74,-68
-73,-172,-118,110,20,-113,87,77,-37,-105,-158,-124
-89,-231,-127,138,16,-177,143,73,-61,-171,-178,-165
-107,-266,-193,164,49,-211,146,107,-68,-193,-230,-169
-116,-311,-184,222,35,-275,156,129,-84,-219,-275,-214
-128,-317,-209,235,34,-286,158,123,-99,-239,-283,-239
-120,-357,-236,211,47,-289,184,125,-120,-261,-326,-229
-133,-324,-204,234,49,-299,214,143,-105,-268,-285,-249
-98,-329,-200,228,34,-268,186,140,-112,-280,-298,-221
-101,-352,-208,210,50,-278,175,110,-82,-219,-292,-229
-104,-288,-196,209,51,-246,171,108,-92,-224,-247,-209
-103,-282,-169,206,53,-227,129,104,-79,-197,-252,-186
-94,-264,-157,163,36,-218,154,100,-62,-192,-223,-163
-69,-269,-128,167,38,-177,126,97,-82,-192,-225,-139
-91,-182,-110,140,26,-192,121,92,-67,-148,-181,-130
-62,-191,-115,117,43,-142,80,77,-37,-137,-171,-128
-69,-165,-118,112,27,-136,79,76,-47,-133,-155,-96
-63,-144,-88,88,34,-128,56,58,-38,-97,-140,-113
-27,-124,-69,82,-11,-103,74,64,-34,-99,-118,-81
-24,-117,-54,72,21,-82,66,43,-28,-90,-97,-89
-46,-74,-61,65,13,-103,58,55,-4,-73,-77,-34
-35,-80,-82,40,11,-69,58,51,-52,-92,-80,-38
-40,-69,-55,52,9,-39,43,16,-4,-78,-57,-80
-15,-83,-63,56,0,-51,36,47,-14,-79,-65,-56
-21,-51,-48,62,-1,-67,44,33,-36,-26,-45,-53
-14,-64,-36,49,19,-43,27,32,5,-52,-80,-24
-17,-42,-30,49,16,-69,41,24,-3,-47,-54,-48
-2,-50,-43,49,11,-70,41,34,-15,-34,-57,-17
-31,-42,-35,33,-1,-40,47,25,-38,-58,-43,-27
-24,-37,-44,26,18,-41,43,29,-18,-28,-66,-54
-28,-41,-25,45,14,-28,41,10,-4,-30,-35,-29
-21,-49,-40,16,7,-42,9,3,-15,-61,-62,-24
-27,-39,-40,31,-3,-31,40,5,-26,-50,-22,-32
-32,-55,-27,48,10,-50,42,13,-27,-36,-24,-30
-42,-42,-41,32,12,-19,11,15,-4,-54,-45,-15
-21,-44,-4,18,-14,-36,25,15,-32,-28,-44,-39
-5,-49,-23,15,10,-47,44,-5,-11,-41,-18,-48
17,-34,-36,22,25,-27,19,16,6,-29,-30,-6
-16,-18,-14,19,-2,-30,5,23,-13,-30,-35,-16
0,-36,-29,28,-9,-34,-5,22,0,-40,-39,-29
-31,-44,-12,7,10,-29,22,22,-10,-33,-39,-8
-24,-23,-28,37,7,-17,26,-15,-6,-32,-28,-14
-29,-16,-13,7,12,-42,11,15,-3,-24,-27,-36
-21,-28,-1,15,-1,-13,24,6,-11,-9,15,-6
18,-27,-3,3,-6,-5,-12,20,-27,-8,25,0
-9,9,5,2,-2,21,13,-1,2,3,7,3
-23,-2,-5,8,1,-1,-25,23,-9,21,-4,-12
1,17,-13,-20,-2,1,-24,12,-12,1,20,-9
3,5,6,-7,-21,11,1,4,0,17,15,1
13,17,33,1,10,26,-15,-28,11,4,17,12
12,27,3,3,0,22,-25,0,-17,28,17,32
21,37,21,-19,-9,25,-11,-21,-11,26,14,11
9,36,7,-27,20,23,-15,-20,8,35,35,12
7,11,17,-28,-14,20,-27,-27,4,35,17,53
4,32,4,-34,-22,27,-44,-40,5,23,36,33
-2,61,31,-33,1,52,-23,-26,32,24,66,38
28,50,40,-33,-21,34,-21,-34,25,47,62,9
28,81,56,-62,-19,62,-41,-39,23,54,77,19
26,48,59,-42,0,53,-32,-23,28,56,70,64
41,87,46,-44,7,64,-45,-52,29,51,62,46
30,95,69,-52,5,50,-41,-39,19,56,83,78
43,93,62,-78,-24,77,-32,-46,37,75,91,60
42,123,71,-58,-22,91,-35,-48,2,85,93,82
50,88,74,-80,-18,96,-73,-51,32,78,118,86
37,118,74,-90,7,101,-66,-45,30,93,108,79
60,126,103,-99,-10,109,-73,-69,68,90,129,96
46,157,103,-105,-7,131,-78,-81,41,130,128,95
47,150,99,-102,-31,122,-85,-56,50,110,119,94
45,147,103,-112,-40,160,-81,-99,42,102,150,139
39,169,101,-111,-31,147,-97,-62,54,147,154,111
52,181,114,-106,-37,155,-106,-55,43,124,158,124
87,208,112,-134,-29,150,-108,-79,57,136,143,149
93,200,121,-141,-23,142,-115,-76,42,153,189,118
87,203,133,-143,-40,176,-94,-95,57,151,181,132
73,231,142,-137,-31,186,-120,-102,37,138,174,152
81,249,134,-144,-54,205,-123,-111,68,174,216,175
91,247,148,-175,-50,187,-117,-100,63,170,217,176
86,246,173,-166,-34,203,-162,-90,53,172,213,167
74,246,166,-173,-36,200,-142,-135,59,204,215,175
82,281,169,-190,-30,215,-152,-87,65,204,238,190
97,269,188,-176,-46,201,-137,-105,100,202,258,193
89,278,182,-192,-53,214,-143,-107,95,207,258,187
109,287,192,-201,-10,243,-188,-120,104,210,265,216
86,314,196,-201,-52,251,-177,-117,119,214,279,211
100,313,188,-195,-36,252,-174,-124,104,253,257,196
107,325,190,-211,-44,266,-184,-110,102,236,291,226
100,321,238,-235,-64,252,-179,-135,101,238,307,239
133,331,212,-242,-59,292,-180,-134,92,237,304,205
125,358,219,-228,-41,286,-201,-140,115,256,313,228
109,346,216,-225,-55,275,-178,-141,99,245,301,231
133,353,223,-245,-40,306,-203,-138,97,242,330,245
115,348,243,-243,-53,289,-191,-138,128,259,322,244
152,366,247,-245,-58,298,-213,-149,106,268,343,266
117,364,239,-264,-68,308,-210,-139,112,291,346,260
135,362,253,-269,-65,304,-202,-127,126,284,317,262
136,386,234,-255,-61,323,-179,-162,104,277,320,244
134,355,260,-244,-65,309,-206,-142,104,275,360,215
136,381,236,-245,-52,306,-216,-150,111,288,351,287
119,387,254,-268,-46,307,-210,-170,102,298,351,272
131,385,241,-263,-61,334,-214,-157,113,291,357,254
122,388,249,-250,-55,319,-202,-162,111,290,347,263
145,404,246,-262,-79,339,-204,-137,126,295,350,231
145,384,261,-258,-64,300,-186,-156,106,302,354,271
153,380,258,-269,-52,313,-219,-134,110,272,362,280
146,406,260,-250,-67,307,-220,-157,102,286,369,255
134,384,247,-275,-54,312,-237,-155,124,304,352,254
123,395,262,-263,-64,313,-214,-160,105,282,365,264
144,374,246,-245,-43,334,-205,-157,98,285,361,275
117,368,230,-258,-64,314,-217,-153,102,283,329,244
159,371,231,-246,-53,315,-201,-148,105,284,316,257
124,346,228,-238,-54,316,-213,-114,104,281,326,266
128,364,230,-239,-40,286,-195,-145,110,275,330,233
132,370,234,-252,-54,290,-211,-143,108,269,305,246
102,342,241,-212,-44,264,-187,-134,113,259,309,238
130,323,202,-223,-41,306,-202,-133,108,246,295,223
94,334,220,-222,-64,291,-176,-139,105,248,294,240
111,333,194,-202,-64,268,-178,-138,116,261,287,226
95,327,185,-223,-55,238,-188,-104,116,240,297,193
98,316,198,-201,-63,256,-152,-138,74,240,277,226
132,316,185,-224,-60,253,-154,-126,98,229,257,205
101,312,187,-203,-42,222,-164,-129,83,230,254,189
86,292,185,-211,-59,225,-153,-101,92,192,239,185
96,244,168,-178,-39,227,-161,-108,88,210,226,198
98,261,169,-182,-49,224,-127,-104,73,188,241,191
92,253,144,-183,-54,223,-136,-104,64,196,230,170
100,256,179,-183,-45,216,-137,-84,79,179,218,183
70,221,135,-181,-33,182,-129,-109,80,179,213,187
100,237,162,-139,-47,197,-126,-109,79,187,198,147
82,216,141,-158,-25,180,-116,-97,89,178,194,150
68,199,142,-140,-30,162,-127,-109,71,154,164,146
40,215,135,-150,-10,154,-110,-79,70,138,171,119
82,204,120,-126,-32,156,-103,-71,43,143,153,128
43,180,114,-110,-30,131,-87,-62,65,150,148,157
59,178,113,-92,-11,127,-107,-64,61,119,143,110
54,132,95,-111,-3,124,-96,-76,41,131,145,125
62,171,81,-118,-1,127,-70,-79,59,124,137,122
43,141,97,-106,-1,115,-83,-39,56,103,122,87
73,106,93,-78,-6,124,-87,-61,26,112,119,92
31,111,81,-77,-11,103,-60,-54,26,98,105,93
38,119,90,-88,-20,109,-44,-71,15,102,118,93
34,114,56,-58,0,87,-65,-46,32,80,96,52
7,80,65,-75,-6,78,-63,-26,18,68,82,75
9,86,65,-45,-9,75,-37,-35,39,72,96,55
-6,92,30,-70,-12,80,-53,-53,62,67,91,37
27,71,49,-35,-3,52,-41,-22,-8,51,46,54
4,66,44,-49,-12,48,-18,-16,8,61,61,42
22,42,13,-30,3,46,-49,-37,33,71,50,33
23,35,25,-28,-14,59,-40,-7,11,28,54,38
48,43,15,-45,-20,36,-54,-12,24,27,40,22
8,37,20,-35,-20,24,-12,5,12,31,52,25
-26,20,8,-21,-6,7,9,-13,-10,23,23,33
4,9,16,-21,19,30,-13,-9,-4,29,14,15
12,26,-4,7,8,0,4,-1,1,-8,12,15
-18,-7,18,7,-14,-1,-15,-19,-11,29,14,9
-4,-8,-5,10,-18,2,-16,-15,7,13,5,-23
-1,27,0,27,8,-18,25,-4,15,10,-7,29
-7,-6,17,5,-14,25,26,1,6,10,3,-2
-15,-11,-15,-4,-13,-8,10,7,-14,1,-11,0
-5,-13,-23,23,24,-25,-2,20,-1,-20,-25,-16
19,-5,-24,15,25,-30,4,12,-12,-1,5,-15
-20,-17,-14,-9,9,-33,20,9,-9,-11,-31,-25
-4,-22,-6,31,26,-34,20,14,-17,-15,-27,-14
-16,-33,-28,30,-3,-14,10,9,-16,-21,-8,-29
-10,-45,-17,-1,-8,-6,41,17,-34,-22,-60,-27
11,-36,-29,33,2,-13,9,5,-19,-7,-36,-36
-15,-37,-22,27,10,-39,21,8,-12,-15,-29,-7
-27,-42,-11,18,4,-49,14,25,-25,-26,-25,-45
-35,-32,-34,18,9,-36,46,9,-20,-29,-39,-22
-28,-31,-28,33,-12,-39,39,1,9,-44,-39,-50
-23,-53,-22,44,-19,-42,46,4,-35,-33,-42,-30
-19,-53,-25,12,2,-45,32,7,-6,-46,-41,-35
-24,-60,-36,39,-21,-62,36,13,-18,-51,-52,-26
-28,-77,-43,38,-1,-38,30,29,-7,-48,-13,-44
-21,-69,-44,53,31,-35,33,21,-16,-31,-46,-22
-19,-61,-27,34,15,-34,8,29,-14,-39,-58,-33
-33,-71,-42,48,-10,-36,36,33,-16,-45,-45,-40
-21,-51,-33,27,-4,-38,46,29,-19,-40,-55,-50
-31,-45,-44,27,11,-50,49,24,-5,-63,-47,-42
-17,-68,-23,33,33,-64,34,20,-40,-64,-61,-47
-29,-60,-25,25,-1,-27,49,33,-11,-54,-67,-21
-18,-62,-34,41,1,-48,57,13,-39,-52,-70,-28
-23,-42,-59,39,29,-55,33,23,-21,-44,-65,-46
-17,-59,-69,55,26,-75,41,30,-30,-51,-51,-44
-35,-69,-39,43,23,-37,54,16,-18,-25,-57,-49
-19,-83,-34,42,-1,-42,31,19,-5,-34,-21,-33
-18,-60,-36,34,1,-31,32,21,-14,-43,-39,-44
-16,-65,-34,43,12,-51,50,15,-5,-38,-56,-69
-14,-32,-51,65,7,-63,39,14,-2,-51,-61,-45
-13,-62,-32,30,17,-49,22,22,-24,-32,-66,-45
-22,-66,-45,30,2,-83,38,33,-8,-49,-46,-48
-37,-61,-42,53,26,-65,41,19,-18,-52,-44,-60
-25,-50,-19,36,16,-47,45,27,-17,-57,-64,-43
-21,-56,-36,33,23,-63,3,31,-20,-33,-42,-37
-40,-75,-54,35,23,-53,33,28,-20,-34,-64,-39
-13,-61,-28,53,19,-77,37,20,-6,-39,-87,-46
-28,-48,-43,42,23,-47,37,67,-32,-50,-62,-51
-25,-76,-36,34,9,-76,51,5,-6,-44,-63,-38
-1,-69,-34,60,24,-70,31,41,-16,-56,-81,-55
-39,-88,-33,44,-10,-58,25,36,-18,-25,-50,-21
0,-64,-51,30,4,-78,28,24,-22,-38,-46,-41
-27,-49,-31,70,11,-60,23,32,-18,-35,-54,-42
6,-41,-38,58,-4,-52,36,24,-38,-45,-47,-11
-27,-68,-35,37,11,-44,31,45,-31,-27,-64,-49
-38,-64,-53,52,10,-57,57,18,-18,-56,-50,-58
-23,-72,-34,50,7,-63,24,48,-30,-37,-36,-34
-46,-53,-39,45,-5,-61,47,27,-17,-70,-66,-41
-32,-60,-37,41,7,-58,29,27,-17,-53,-68,-27
-5,-52,-53,34,17,-50,35,30,-34,-35,-58,-41
4,-48,-38,56,33,-54,42,33,-9,-40,-50,-59
-29,-74,-25,22,26,-51,29,24,-34,-59,-71,-39
-8,-52,-28,55,30,-31,46,30,-33,-27,-57,-24
-4,-66,-31,48,6,-30,24,33,6,-48,-59,-43
-15,-54,-46,62,2,-55,31,30,-27,-55,-45,-24
-24,-52,-31,38,22,-40,37,35,-21,-40,-59,-50
-17,-69,-28,46,22,-41,52,35,-2,-50,-36,-18
-7,-71,-51,33,12,-38,23,20,-66,-44,-42,-41
-17,-47,-29,51,-2,-46,7,31,-14,-52,-46,-53
2,-62,-36,48,-4,-55,40,-3,-18,-27,-48,-34
-24,-69,-44,54,10,-50,33,13,-12,-26,-37,-63
-19,-50,-16,32,19,-42,26,33,-44,-33,-42,-21
-46,-59,-25,31,3,-28,7,30,6,-32,-68,-32
-19,-34,-36,29,27,-41,46,16,-26,-32,-33,-34
-23,-74,-41,26,-5,-34,43,9,-3,-39,-41,-54
-31,-56,-2,34,36,-44,9,4,-28,-13,-37,-37
-12,-56,-26,24,13,-35,16,14,-6,-42,-34,-46
-2,-50,-39,34,21,-41,24,12,-22,-31,-51,-58
-13,-71,-18,20,8,-44,10,31,-14,-39,-51,-37
-22,-37,-36,21,1,-35,12,-8,-23,-23,-17,-43
-29,-52,-15,30,17,-64,19,13,10,-43,-29,-42
-29,-46,-34,8,23,-26,0,9,-40,-33,-36,-16
-13,-43,-41,45,7,-54,15,19,-20,-32,-39,-51
-9,-49,-14,41,10,-33,41,36,1,-38,-23,-60
-16,-42,-23,44,11,-44,41,41,2,-35,-37,-45
-18,-36,-51,38,0,-19,15,24,6,-33,-46,-17
-29,-31,-25,26,0,-21,30,18,-8,-23,-41,-31
-11,-41,-14,10,-5,-38,4,5,-14,-22,-18,-33
-28,-25,-34,13,1,-32,42,11,-19,-1,-44,-21
-12,-36,-17,34,21,-40,28,35,-24,-19,-48,-31
-6,-27,-23,28,-10,-5,13,9,-1,-23,-34,-4
-16,-29,-9,30,1,-40,15,-6,-7,8,-33,-34
-21,-23,-26,17,8,-41,33,33,0,-26,-36,-20
-4,-40,-22,15,15,-10,15,24,-29,-12,-32,-18
-22,-44,-15,13,13,-16,18,25,-9,-19,-26,-18
-20,-26,-19,23,26,-24,2,12,-2,-16,-24,-26
-3,-55,-19,23,2,-30,10,8,-22,-23,-51,-23
-22,0,-30,15,-3,-30,6,20,-4,-22,-39,-12
-10,-5,-15,17,2,-28,3,-1,-19,-30,-29,-22
-28,-17,-21,2,-4,-6,23,-4,-6,-4,-27,-5
-8,-16,-26,5,4,-16,34,18,-12,-8,-25,-4
-18,-46,6,-2,4,-22,14,9,-20,-3,-18,-13
0,-12,-6,-1,14,-4,24,4,-2,-4,-1,-26
8,-18,-10,-4,18,-27,25,4,5,-4,-12,-3
-7,-24,8,20,-1,-21,-14,-6,-10,3,2,-2
1,-6,1,2,-3,-7,-3,-6,10,-5,1,-19
2,6,-7,1,-16,-3,5,22,-8,-8,3,-6
-16,-18,-13,9,-4,-13,6,-24,-17,2,-4,-13
7,-4,-9,7,-6,-1,5,-9,-5,-15,1,-17
-23,-12,29,-9,-7,15,4,-16,-11,-8,-4,-5
-7,15,-4,-18,-27,1,0,10,16,0,18,1
2,17,10,-7,12,7,-6,0,-3,23,-18,35
9,16,-6,10,-5,22,-1,-6,-8,34,-7,38
13,49,21,-8,0,-3,-21,20,3,21,23,27
13,17,3,-10,17,44,-15,-13,7,50,41,16
2,46,36,-27,-13,30,-14,-21,2,27,29,29
22,56,57,-15,-13,23,-6,-7,7,34,63,30
20,51,33,-19,-9,29,-35,-27,10,38,44,34
27,49,34,-54,-5,36,-29,-16,19,46,37,47
16,61,36,-55,-10,56,-18,-25,-2,59,68,38
29,87,35,-57,-6,68,-34,-9,35,66,86,40
26,100,39,-54,-14,78,-49,-12,8,80,75,62
34,83,48,-52,-32,72,-39,-37,27,63,98,83
64,101,60,-59,-15,74,-46,-59,15,71,97,64
36,94,48,-72,-10,98,-59,-51,32,86,91,72
53,132,75,-82,-6,113,-61,-49,43,91,114,81
38,125,67,-93,-5,103,-81,-48,35,110,108,104
33,135,101,-100,-14,113,-78,-47,30,100,118,106
80,156,107,-89,-27,146,-65,-64,31,96,125,103
47,172,121,-120,-17,143,-80,-63,75,110,146,106
63,169,144,-107,-14,153,-96,-96,60,136,171,126
82,186,140,-127,-19,151,-121,-70,65,134,174,125
66,189,111,-134,-60,156,-105,-70,63,159,160,132
62,192,125,-126,-31,187,-100,-72,56,165,171,139
62,219,141,-139,-35,173,-119,-83,55,156,192,178
63,248,161,-155,-55,181,-121,-84,59,149,200,140
38,249,158,-171,-40,188,-120,-86,60,167,200,163
90,241,176,-129,-35,202,-100,-89,59,166,213,154
73,240,160,-179,-38,205,-125,-102,69,201,245,180
77,216,159,-156,-47,183,-142,-90,51,204,223,163
76,231,179,-179,-42,218,-129,-112,88,198,222,153
98,255,164,-184,-31,209,-139,-101,80,176,224,172
98,244,166,-172,-50,218,-154,-102,94,197,237,168
84,250,169,-169,-52,225,-143,-104,78,216,246,175
104,280,159,-190,-38,227,-125,-99,98,190,244,165
103,279,168,-175,-31,227,-166,-128,91,186,244,192
58,275,189,-183,-48,210,-160,-105,86,191,216,176
78,267,165,-186,-45,219,-137,-113,85,208,218,180
93,235,168,-200,-42,250,-136,-105,93,202,232,179
98,246,173,-168,-31,233,-125,-132,70,199,241,175
71,231,179,-156,-43,212,-136,-109,74,202,225,179
84,245,180,-187,-37,202,-138,-89,69,202,227,200
83,235,157,-169,-52,221,-129,-100,83,182,217,169
59,247,151,-166,-28,195,-135,-85,61,173,227,156
85,236,159,-159,-44,191,-132,-93,82,189,216,162
72,212,144,-141,-46,195,-106,-71,104,142,184,152
64,218,123,-112,-25,194,-121,-78,83,188,187,151
79,223,122,-144,-17,158,-99,-101,69,138,206,162
80,206,132,-161,-13,162,-99,-95,43,150,154,139
66,201,133,-130,-7,159,-116,-83,40,157,189,144
77,208,128,-123,-32,149,-110,-57,68,126,153,144
26,186,97,-112,-2,141,-95,-56,55,133,141,118
43,173,118,-127,-29,152,-74,-78,51,126,140,100
36,156,55,-87,-20,149,-96,-53,54,117,147,117
63,149,84,-87,-24,107,-80,-57,37,91,142,107
46,134,82,-112,5,115,-74,-27,47,75,121,101
29,126,81,-94,-39,106,-64,-35,29,76,104,87
13,116,75,-71,-28,82,-85,-37,18,93,111,76
35,129,59,-88,-8,67,-73,-55,42,72,123,81
48,95,58,-57,-24,73,-60,-54,27,66,76,68
30,89,41,-48,-25,71,-49,-17,17,79,80,65
30,97,48,-65,0,67,-48,-43,22,61,88,63
25,73,42,-51,0,86,-36,-24,15,26,66,58
1,61,23,-39,-17,36,-20,-32,17,42,60,56
23,72,53,-33,-13,57,-27,-33,28,47,34,42
22,60,49,-23,2,58,-44,-12,14,31,34,52
21,9,10,-11,-7,28,-3,-21,42,52,11,19
-9,33,40,-37,-1,31,-14,-18,-4,28,10,37
6,52,18,2,12,26,-22,-14,-4,42,29,8
12,38,28,-37,-3,39,-8,2,9,-4,7,30
3,12,7,-8,-1,54,-20,11,16,15,-11,17
8,21,9,7,10,11,-21,-2,0,30,20,2
5,5,13,-8,12,17,13,-6,-20,5,34,5
2,-13,26,7,5,2,-2,-12,3,14,18,6
11,21,14,-8,10,7,2,4,3,7,7,14
-13,2,-5,-2,10,15,-16,1,5,-15,19,9
20,-5,-16,-6,-11,-29,12,13,9,-2,12,-14
6,11,-8,-10,0,4,-5,-6,-3,4,23,-25
-1,-10,-27,-6,25,-9,3,-8,12,-14,-25,10
1,-8,-15,17,8,-37,7,3,-3,-34,-2,3
-11,-27,-9,-4,14,-4,26,-11,-3,-5,-20,1
-29,-14,-25,8,0,-17,25,-9,-16,-21,-16,-19
-11,-30,-27,27,12,-9,40,7,-28,-25,-20,-12
-10,-16,-5,17,-7,-15,4,4,-4,-29,-27,-34
1,-56,-14,-4,-9,-50,22,30,-14,-28,-45,-36
-5,-53,-24,54,12,-39,22,3,-34,-39,-53,-21
-34,-53,-41,26,9,-65,31,8,-20,-52,-33,-36
8,-57,-41,39,8,-70,42,19,-22,-52,-74,-48
-40,-108,-47,59,12,-75,61,58,-27,-86,-72,-77
-22,-114,-49,63,29,-91,50,31,-10,-54,-94,-82
-39,-113,-76,95,11,-82,68,38,-41,-68,-111,-84
-43,-124,-85,83,4,-111,72,40,-42,-90,-111,-94
-59,-157,-94,102,34,-119,69,57,-57,-124,-139,-101
-80,-167,-112,122,35,-130,97,57,-48,-125,-137,-123
-66,-165,-76,123,36,-148,91,72,-69,-120,-164,-98
-60,-179,-110,120,31,-118,107,70,-65,-128,-161,-127
-83,-184,-127,112,27,-152,83,86,-40,-125,-162,-126
-58,-159,-87,123,25,-155,86,67,-37,-112,-139,-111
-42,-137,-109,119,30,-132,91,47,-48,-97,-140,-128
-53,-131,-70,101,19,-129,67,54,-30,-113,-121,-75
-42,-111,-62,78,8,-83,61,36,-42,-79,-56,-68
-33,-62,-45,21,6,-48,61,11,-17,-64,-66,-59
-15,-13,15,0,-25,-13,11,24,2,-27,-11,-2
13,50,31,-36,1,18,-27,-11,25,39,57,51
43,122,71,-81,-18,120,-51,-38,52,109,119,76
72,219,120,-153,-17,180,-101,-72,54,151,170,149
111,295,203,-200,-53,273,-153,-107,91,232,263,194
150,415,274,-277,-51,378,-241,-176,117,317,394,301
178,516,337,-349,-72,421,-290,-210,139,401,473,355
232,617,408,-420,-89,521,-340,-241,189,486,569,439
255,735,464,-492,-121,612,-398,-311,216,544,654,510
290,840,529,-570,-119,685,-471,-331,240,635,746,581
338,937,589,-634,-138,794,-504,-356,295,672,828,656
365,992,648,-660,-147,835,-563,-408,295,757,903,712
360,1041,700,-733,-171,905,-575,-403,316,820,945,761
387,1134,724,-756,-170,901,-587,-455,306,810,981,758
407,1113,724,-775,-175,926,-615,-453,326,834,999,771
402,1108,722,-732,-148,903,-608,-451,335,835,980,755
363,1034,691,-724,-168,867,-575,-413,331,785,956,738
333,996,653,-695,-147,829,-550,-397,284,756,876,681
311,902,603,-604,-134,754,-509,-358,267,678,827,615
288,806,539,-547,-126,670,-458,-314,255,612,739,588
261,732,462,-482,-116,585,-385,-293,208,537,620,507
212,613,371,-390,-76,516,-323,-214,195,444,542,430
165,488,308,-349,-70,389,-273,-194,135,401,448,325
120,359,229,-261,-51,305,-189,-157,107,292,317,269
87,268,166,-159,-49,224,-134,-111,70,182,229,172
63,147,104,-86,-29,122,-94,-61,58,110,157,97
15,56,42,-15,14,58,-31,-28,45,41,55,15
1,-41,8,20,-12,-27,12,9,-3,-19,-21,-28
-25,-113,-39,56,6,-86,60,42,-23,-53,-92,-55
-37,-142,-105,101,11,-149,88,83,-62,-122,-128,-118
-87,-185,-125,130,34,-141,108,62,-57,-150,-171,-140
-74,-205,-164,136,43,-208,120,93,-81,-168,-193,-155
-94,-256,-136,151,31,-217,145,92,-69,-175,-213,-172
-97,-226,-155,156,23,-195,137,84,-81,-188,-207,-166
-93,-247,-152,201,36,-217,117,96,-69,-201,-243,-189
-60,-250,-159,179,20,-214,137,118,-54,-195,-232,-171
-71,-221,-142,140,39,-194,122,109,-62,-175,-204,-156
-66,-194,-132,143,46,-191,120,84,-50,-156,-203,-136
-74,-169,-118,117,52,-166,114,72,-39,-147,-167,-119
-56,-147,-109,115,39,-134,85,54,-43,-129,-136,-109
-50,-150,-79,84,29,-119,69,30,-45,-99,-115,-112
-35,-112,-47,73,7,-74,82,35,-37,-81,-97,-93
-28,-106,-53,65,23,-81,43,46,-16,-66,-73,-69
-41,-66,-34,40,-12,-58,37,16,-13,-59,-67,-53
-43,-50,-12,11,-6,-55,22,9,-15,-44,-53,-46
-6,-65,-21,27,2,-36,21,7,-16,-1,-20,-35
-12,-31,-44,14,-17,-40,14,8,-14,-20,-19,-6
-15,-11,-12,12,-6,-4,0,-23,19,-34,-4,-3
4,-10,17,11,-6,3,-3,15,-8,-26,-7,-3
-5,-11,12,-9,2,-5,6,9,13,-9,-12,-3
0,4,19,-12,-4,2,5,4,1,-9,7,29
5,9,11,-2,-12,3,1,-18,5,22,25,9
18,7,25,-20,-5,28,0,-11,-13,20,3,15
10,24,22,-18,0,-1,1,-11,-21,24,26,21
12,36,3,-15,-8,39,-10,-3,6,2,16,-4
10,27,-7,-26,16,13,-16,-17,17,21,28,40
14,36,11,5,-3,21,-32,-13,7,18,4,14
8,29,16,-28,-6,49,-8,-11,1,27,33,23
-8,33,32,-21,9,28,-32,8,16,7,31,25
-2,33,20,-29,-15,42,-43,12,19,29,35,44
18,14,19,-19,10,36,-22,-10,30,45,33,29
19,46,19,-32,-30,62,-7,-18,15,21,37,32
23,37,19,-22,-2,23,-39,-1,12,45,56,25
0,58,40,-36,-17,30,-40,-18,23,13,33,40
29,49,25,-60,-20,49,-31,7,0,27,55,48
4,52,27,-17,14,52,-26,-2,21,38,53,42
14,42,27,-25,6,71,-21,-41,12,48,29,62
16,49,40,-32,20,35,-42,-18,25,32,40,29
44,72,32,-50,-3,48,-62,-5,-11,45,57,62
5,67,38,-53,-20,45,-54,-48,11,37,45,31
13,66,50,-53,-20,52,-17,-21,20,54,70,49
32,72,59,-54,1,65,-46,-34,31,55,64,52
38,85,58,-54,-20,40,-56,-45,17,65,72,82
21,79,50,-36,-26,47,-58,-20,33,49,78,61
30,93,44,-64,-14,79,-66,-58,40,57,81,64
19,84,48,-81,-21,80,-55,-34,43,75,67,57
31,100,58,-53,-25,100,-70,-81,33,66,93,95
31,121,62,-50,4,91,-55,-43,35,77,112,66
34,132,81,-69,-1,87,-59,-29,26,79,94,79
53,127,82,-79,-26,93,-70,-6,56,75,111,72
23,121,73,-79,-14,92,-74,-64,29,101,111,94
47,130,84,-78,-36,101,-67,-43,28,108,144,72
40,133,77,-93,-6,125,-106,-49,38,125,119,97
45,148,82,-81,-15,132,-76,-59,54,112,117,97
26,159,102,-136,-17,132,-115,-52,47,119,115,114
45,157,104,-124,-28,143,-81,-78,59,126,120,110
41,163,114,-120,-20,116,-101,-70,54,130,145,127
68,158,114,-122,-22,162,-90,-72,58,142,165,140
63,200,112,-115,-33,162,-105,-73,52,143,177,134
80,198,127,-117,-16,151,-105,-82,46,161,185,141
75,212,134,-142,-16,159,-133,-91,59,161,197,141
67,217,134,-133,-10,197,-115,-58,41,168,170,161
88,244,178,-156,-33,183,-105,-99,70,168,194,147
59,234,152,-166,-54,176,-140,-100,86,172,219,155
103,241,147,-164,-54,201,-154,-121,56,175,206,168
98,250,164,-164,-52,204,-142,-95,86,190,244,172
81,254,169,-172,-34,198,-145,-103,64,203,243,174
122,267,186,-188,-57,230,-148,-105,68,202,239,167
83,279,175,-203,-53,225,-149,-120,61,199,259,200
113,299,194,-182,-32,249,-164,-123,82,223,260,190
100,290,179,-198,-42,232,-190,-111,79,216,279,207
113,295,210,-235,-41,258,-184,-120,103,223,272,228
106,321,204,-200,-51,245,-178,-133,96,246,279,232
112,332,214,-235,-27,275,-183,-124,119,261,295,223
95,327,219,-239,-40,266,-170,-125,115,261,301,262
107,354,248,-234,-56,297,-178,-167,106,249,327,242
131,363,234,-252,-56,306,-174,-133,97,261,354,228
117,350,247,-242,-49,304,-196,-157,80,257,334,262
129,393,243,-231,-69,291,-203,-146,94,270,334,264
118,386,244,-262,-58,326,-215,-160,103,307,335,277
147,384,228,-261,-56,329,-211,-159,117,281,355,279
133,415,255,-284,-69,335,-207,-154,141,311,357,269
137,417,276,-310,-70,335,-224,-160,126,294,371,298
140,421,244,-275,-72,342,-235,-164,112,304,383,284
140,419,273,-289,-57,345,-240,-172,110,326,378,289
147,443,266,-296,-57,367,-219,-163,123,313,392,310
148,424,272,-299,-62,378,-246,-194,117,321,377,293
158,421,285,-288,-68,356,-228,-148,147,337,387,296
132,436,280,-300,-52,380,-257,-167,123,333,405,308
156,458,290,-313,-79,366,-228,-180,131,323,409,314
149,466,277,-312,-47,369,-240,-174,158,310,401,309
164,446,283,-303,-35,374,-246,-168,145,321,420,314
159,438,299,-314,-76,372,-240,-173,130,339,400,324
158,463,277,-317,-82,360,-246,-179,135,344,409,318
161,437,287,-318,-77,367,-259,-168,127,334,412,312
158,481,286,-311,-70,358,-223,-186,129,354,429,330
140,461,293,-313,-77,398,-262,-171,127,336,436,331
140,463,309,-309,-81,372,-256,-199,144,349,415,333
174,463,293,-312,-79,356,-242,-195,145,356,406,310
146,438,290,-311,-90,389,-260,-161,120,314,405,316
156,446,279,-318,-59,357,-246,-186,140,343,422,310
141,436,280,-311,-64,389,-243,-180,145,350,414,298
174,444,283,-287,-56,348,-247,-169,138,343,419,318
146,436,264,-307,-51,352,-237,-173,140,342,384,290
157,430,290,-294,-47,351,-230,-171,127,299,374,305
147,431,257,-312,-91,344,-243,-177,116,322,387,309
137,431,268,-287,-61,332,-233,-166,116,331,376,284
131,430,248,-294,-59,363,-244,-165,128,302,381,298
159,405,280,-262,-40,342,-243,-163,111,306,371,287
140,403,250,-275,-62,336,-232,-151,122,319,339,273
135,380,260,-262,-53,318,-205,-149,133,294,368,257
137,366,238,-254,-61,325,-219,-150,123,294,345,265
126,381,241,-241,-42,300,-219,-153,129,278,351,264
147,357,252,-250,-41,310,-213,-161,113,275,327,251
132,358,227,-248,-67,304,-206,-160,104,268,324,245
146,342,230,-243,-72,314,-202,-150,86,257,329,247
116,335,243,-238,-60,284,-194,-144,120,250,309,249
122,348,235,-230,-51,280,-189,-134,97,243,311,228
132,338,201,-221,-38,267,-183,-123,91,247,299,215
108,304,226,-199,-23,244,-158,-126,105,232,304,231
103,314,203,-185,-58,254,-158,-141,87,228,283,206
113,300,197,-202,-53,262,-191,-115,98,236,278,206
112,302,186,-190,-30,242,-166,-126,97,218,235,206
78,253,195,-210,-38,249,-154,-106,73,215,272,201
102,284,173,-161,-33,232,-140,-121,88,233,251,190
94,287,173,-176,-40,240,-119,-103,75,221,228,181
85,250,163,-187,-22,212,-137,-106,95,198,222,160
79,252,153,-167,-26,189,-146,-90,79,176,214,173
82,233,140,-150,-29,172,-140,-102,73,185,194,146
57,245,136,-148,-33,166,-128,-91,68,172,188,152
83,234,133,-147,-49,179,-125,-63,46,154,205,155
74,208,144,-134,-41,183,-117,-68,73,152,184,138
64,189,128,-108,-38,166,-128,-101,27,151,187,144
85,199,123,-118,-40,165,-82,-75,52,138,168,138
75,174,99,-111,-57,130,-83,-87,32,113,179,120
65,162,127,-80,-33,138,-83,-79,54,145,163,108
54,141,95,-122,-28,139,-100,-72,46,96,148,107
52,150,98,-79,-19,134,-54,-51,62,115,119,95
66,145,94,-95,7,95,-90,-77,53,103,118,110
74,131,109,-116,-26,93,-77,-56,33,101,134,89
37,113,61,-77,-16,103,-76,-47,33,98,129,101
20,150,81,-94,-24,105,-71,-72,25,87,123,83
53,109,76,-69,-33,85,-46,-52,54,95,109,68
51,107,79,-95,-16,86,-70,-31,53,81,81,86
24,91,37,-58,-17,85,-55,-41,27,68,99,60
41,83,61,-63,-7,95,-64,-51,20,62,111,69
10,87,50,-59,-20,66,-57,-14,4,58,92,48
31,84,45,-57,3,91,-31,-34,21,64,68,55
33,62,68,-61,1,62,-19,-42,32,49,63,53
15,66,32,-68,-24,67,-34,-12,13,49,83,43
37,58,65,-61,-15,70,-36,-15,20,29,75,54
36,90,57,-25,-4,55,-39,-13,28,55,61,33
12,64,32,-60,5,43,-58,-20,29,41,42,56
25,44,23,-41,-15,53,-50,-36,14,60,41,32
0,56,49,-58,-14,58,-32,-9,25,77,37,43
33,55,25,-24,22,40,-29,-25,15,38,40,40
27,31,34,-3,-33,28,-30,-23,31,34,42,40
13,39,32,-25,-2,47,-40,-25,1,17,42,50
27,35,27,-33,5,46,-22,-17,21,21,47,25
25,27,27,-31,-5,49,-10,-15,0,27,46,38
19,28,27,-45,5,38,-26,5,0,20,29,19
-3,33,28,5,-11,23,-10,-10,14,33,30,38
14,25,37,-25,1,26,-11,-35,5,16,20,-5
6,21,19,-16,1,9,-37,-17,27,27,36,35
26,28,30,-15,-3,11,-32,10,12,6,11,15
17,35,3,-31,-3,35,-4,-24,23,29,17,25
1,30,21,1,18,24,-3,-9,-1,25,33,27
41,21,-11,-12,-2,20,-1,0,12,26,6,36
-6,46,21,-10,-12,28,-40,-12,-1,14,14,33
17,32,20,-7,22,-2,0,2,10,40,15,1
31,7,2,-19,-9,32,-10,-20,-12,23,36,44
7,32,11,-1,7,13,5,0,10,-13,24,1
17,37,15,-25,6,25,-19,1,3,24,24,15
44,22,16,0,12,25,-5,9,-21,13,7,3
20,56,19,-7,-32,14,-14,-23,9,-5,14,8
4,16,23,-10,-7,26,-1,4,-7,21,41,26
11,15,42,-1,-6,6,-7,11,20,13,12,22
10,29,10,-9,1,-8,-23,-28,-5,7,22,-1
13,19,28,-7,2,1,-8,-5,-4,19,-1,8
25,26,17,-3,-5,15,-4,-35,-13,27,14,15
25,21,31,-20,7,-2,-5,-17,29,20,31,6
10,14,-4,-17,-11,35,-6,-22,11,-4,3,21
27,-1,-4,-10,2,13,-29,-13,12,3,18,15
16,38,21,-16,4,16,-17,2,21,32,17,15
-4,15,9,-15,-7,31,-8,-21,11,8,30,10
16,8,10,-29,-6,7,-5,10,2,14,28,4
18,14,-6,-10,-29,27,-13,-27,17,27,-10,32
14,19,16,-18,-7,4,-19,-12,-1,9,30,24
-7,-1,-5,-55,35,8,-33,-12,8,6,37,22
16,25,16,-11,-9,25,-8,-14,-5,34,16,35
25,1,1,-21,1,23,-7,-1,-2,9,19,13
20,37,28,-6,1,32,-28,9,1,15,30,5
-21,37,37,-13,7,44,-14,5,15,30,29,30
10,29,16,-38,-14,-12,-21,3,-2,4,42,19
-3,15,4,6,-8,21,-24,1,1,17,23,-11
16,12,10,-18,-8,23,-3,-11,-18,22,29,-4
14,23,14,-13,-5,14,-15,-24,19,17,-6,22
17,17,-1,-22,-17,24,-5,-16,16,16,30,33
2,26,9,-5,-16,21,-1,-13,-5,0,30,21
16,39,10,-3,2,31,-19,12,0,6,27,11
-2,11,25,-28,10,28,-4,-6,26,36,35,26
-12,37,37,-26,11,26,-33,9,-13,22,25,10
3,22,13,-24,-19,23,-28,-21,-11,23,37,-10
3,-2,29,-15,3,31,1,-4,21,45,48,11
1,19,13,-19,1,37,-12,-39,14,9,43,54
12,32,-9,-25,7,30,-21,-18,-8,11,24,-7
16,30,-3,-18,0,46,-9,-1,16,3,11,32
21,37,18,-33,-3,10,-16,-24,1,39,25,3
31,36,23,-31,-13,32,-5,-8,9,24,65,31
27,1,22,-37,-19,3,-3,-12,-8,11,34,23
0,30,29,-23,13,38,-11,-19,5,27,15,12
21,3,29,-20,-2,13,-15,-13,-10,13,23,13
-8,13,14,-19,-11,9,-10,-14,-9,22,3,17
31,39,24,-27,-8,44,-10,-16,12,13,28,13
10,31,17,-9,15,5,-6,1,44,30,47,10
20,19,5,-24,-18,33,0,-9,33,23,36,19
-18,26,0,-20,21,39,-31,-10,20,43,43,20
12,37,12,-13,-7,5,-8,10,26,22,18,54
7,35,-5,-23,-4,22,-8,-1,-6,36,13,29
32,30,9,-25,-1,31,-20,-2,14,20,27,16
-7,15,10,-42,1,10,-13,-2,21,3,27,6
22,42,20,-11,-2,29,-23,2,-1,48,37,28
9,28,16,-27,8,31,-23,-29,18,32,30,19
15,27,13,0,-4,40,-26,-21,10,6,30,30
5,25,14,-36,-7,55,8,3,10,17,35,25
19,23,21,-25,2,32,-40,-13,-1,29,10,10
26,33,28,-29,-16,36,-27,6,40,26,8,21
32,25,19,-36,14,49,-23,-18,12,32,48,38
12,30,47,-17,-5,40,-39,16,7,53,49,24
15,43,28,-25,-15,10,-9,-20,6,10,30,32
22,49,27,-31,-19,40,-10,-9,9,29,44,29
9,41,3,-37,20,44,-15,-5,14,43,34,25
40,16,7,-33,-21,34,-17,-25,1,38,49,50
13,44,27,-29,-19,25,-20,-13,28,27,41,33
21,32,44,-25,-23,22,-22,-29,19,13,49,54
18,40,33,-40,-18,52,-30,-6,14,34,50,24
-18,40,27,-28,3,55,-25,-15,33,40,32,27
42,44,33,-35,-3,32,-6,-5,19,44,38,34
12,55,57,-24,19,51,-43,-16,18,43,34,23
14,30,21,-36,-27,47,-48,-12,27,59,49,59
13,57,29,-48,-8,56,-35,-30,7,24,40,35
31,60,41,-34,-22,37,-2,-13,16,25,40,42
11,44,28,-19,-3,57,-37,-19,12,32,42,28
36,49,49,-48,-7,56,-23,-7,22,52,35,35
20,59,33,-36,-5,31,-58,-2,27,37,55,24
22,58,42,-60,-1,46,-35,-8,7,41,51,38
34,75,63,-58,-1,50,-77,-22,24,57,51,38
39,52,34,-37,-3,68,-40,-35,23,55,48,36
29,78,43,-52,-18,56,-61,-38,30,39,42,22
10,90,40,-60,-31,80,-50,-36,3,56,59,50
33,75,52,-44,-9,69,-33,-22,18,54,83,60
37,91,72,-58,-19,70,-47,-36,32,36,82,61
37,69,54,-56,-24,71,-65,-20,28,54,64,45
44,113,65,-65,10,66,-47,-52,45,79,85,59
16,92,38,-85,12,62,-39,-36,31,74,96,77
42,94,77,-84,-5,130,-70,-47,33,83,90,67
45,129,78,-79,2,94,-82,-47,22,109,105,74
41,114,83,-109,-23,104,-81,-33,41,97,122,76
42,131,97,-86,-32,96,-78,-71,56,110,128,82
64,148,98,-109,-31,122,-87,-46,18,103,137,93
54,137,94,-84,-17,98,-84,-55,10,116,125,107
48,154,103,-86,-21,118,-80,-54,35,129,146,121
67,179,89,-129,-23,140,-88,-80,56,109,159,121
43,172,109,-140,-43,160,-112,-77,40,129,152,124
47,183,120,-128,-37,170,-108,-61,49,133,146,133
46,207,115,-132,-24,148,-109,-84,48,150,181,149
67,203,143,-132,-37,185,-112,-76,67,166,198,122
90,206,121,-145,-19,167,-124,-91,55,141,187,165
60,212,138,-162,-37,190,-115,-95,51,170,205,166
73,225,150,-149,-17,215,-153,-84,69,156,220,154
73,241,145,-173,-53,185,-142,-110,79,181,208,177
87,251,164,-177,-29,183,-128,-98,83,175,237,171
72,264,190,-192,-53,214,-136,-91,89,211,231,180
83,265,197,-188,-45,244,-140,-106,94,192,233,174
83,273,153,-202,-54,231,-148,-108,85,212,248,185
105,287,161,-170,-40,240,-154,-116,83,211,234,194
112,296,166,-201,-55,219,-171,-105,68,229,275,216
114,295,174,-202,-39,220,-163,-119,100,239,274,207
117,305,181,-202,-39,242,-150,-108,107,226,277,215
119,299,191,-207,-38,270,-171,-136,115,231,284,218
125,303,208,-223,-28,264,-173,-139,85,236,293,246
120,333,224,-220,-57,265,-149,-119,97,234,283,217
104,312,223,-230,-37,239,-166,-140,96,249,275,226
119,314,209,-210,-47,249,-147,-117,109,234,299,215
111,320,215,-216,-82,286,-180,-132,99,234,292,212
110,312,211,-220,-53,268,-180,-141,96,219,281,219
139,321,209,-198,-55,268,-195,-117,87,238,260,190
109,328,198,-211,-39,262,-177,-111,102,219,274,242
104,291,191,-203,-45,263,-162,-111,112,241,275,213
100,294,195,-200,-43,252,-165,-124,100,229,287,207
99,297,188,-227,-39,255,-165,-124,92,206,266,201
110,302,180,-187,-38,251,-159,-100,88,225,249,226
117,280,174,-175,-40,241,-154,-126,83,230,254,201
109,267,174,-183,-43,221,-144,-101,102,216,233,187
105,282,163,-193,-35,223,-154,-103,73,212,247,205
90,253,168,-149,-45,218,-151,-97,73,204,211,184
80,266,165,-188,-27,191,-132,-98,86,209,225,177
57,268,153,-167,-34,191,-142,-101,67,189,235,184
83,229,145,-180,-34,226,-133,-106,76,182,215,170
92,228,137,-135,-21,191,-120,-82,77,191,181,161
70,218,157,-138,-41,170,-116,-99,71,180,201,145
65,214,116,-153,-37,157,-105,-81,68,164,185,134
50,179,135,-136,-50,179,-121,-73,54,144,184,151
52,184,111,-122,-29,155,-116,-92,63,162,156,130
51,198,115,-129,-31,161,-116,-62,37,123,178,125
34,162,109,-100,-35,142,-103,-61,62,128,142,129
68,158,114,-112,-36,143,-84,-78,68,114,159,115
62,146,80,-98,-34,145,-87,-57,31,113,135,95
59,136,86,-95,-31,135,-83,-67,61,111,129,94
43,122,90,-100,-15,120,-59,-35,27,110,98,102
37,133,87,-73,-7,103,-74,-64,46,80,95,74
34,116,69,-72,-39,107,-87,-26,45,60,117,83
31,121,74,-69,-44,78,-59,-58,32,89,92,53
35,117,74,-51,-11,97,-46,-28,28,90,76,76
43,90,89,-80,4,75,-39,-53,14,81,95,54
43,84,60,-44,-22,50,-32,-40,56,56,82,58
29,78,63,-51,-19,73,-19,-33,27,52,64,54
21,54,54,-55,-15,73,-46,-26,41,48,75,51
32,71,20,-58,-17,71,-60,-31,29,52,65,59
30,50,20,-45,-13,66,-46,-34,36,70,54,56
21,74,34,-45,-18,49,-28,-42,3,57,58,40
22,46,18,-37,-13,52,0,-33,36,48,42,47
19,46,41,-29,-9,58,-32,-18,24,31,34,50
24,61,42,-24,-15,51,-44,-9,0,36,61,48
28,55,17,-20,23,47,-9,-10,20,51,55,28
2,50,19,-29,10,53,-34,-36,9,32,20,40
11,57,25,-30,-12,34,-17,-22,21,38,14,32
26,38,24,-30,-10,42,-31,-20,15,35,35,20
12,44,24,-25,10,35,-11,-12,17,34,52,13
11,25,11,-12,-18,28,-5,-10,17,15,21,50
20,15,10,-29,-14,25,-11,-6,-7,11,10,8
19,24,13,-21,-10,30,-3,-5,24,15,7,9
-28,15,-2,-12,15,-14,-9,-2,-5,13,10,0
12,16,4,-3,13,10,3,-12,-4,-3,-9,-11
6,11,-19,8,-10,-18,6,16,14,0,-27,-21
13,-5,-27,1,20,-15,-13,1,-26,-4,-22,-25
-40,-54,-53,42,17,-43,5,11,-18,-61,-45,-32
-14,-68,-51,64,6,-46,17,25,-11,-54,-56,-23
-36,-67,-52,64,26,-63,27,23,-24,-37,-54,-48
-38,-78,-52,69,17,-58,54,39,-28,-64,-76,-53
-28,-123,-59,62,-7,-97,59,38,-27,-56,-88,-52
-27,-110,-79,66,7,-114,63,71,-43,-70,-94,-93
-33,-115,-94,75,29,-130,74,77,-43,-93,-113,-91
-47,-124,-93,81,10,-78,68,46,-30,-90,-114,-74
-39,-99,-56,52,39,-85,46,50,-50,-99,-89,-62
-13,-117,-75,62,23,-67,60,51,-58,-81,-121,-76
-37,-74,-64,76,19,-68,58,26,-38,-74,-95,-63
-14,-65,-40,57,-6,-51,27,33,-18,-34,-62,-32
-18,-11,-19,15,-3,-14,13,25,2,9,-23,-24
0,31,5,-18,7,41,-24,-31,-1,25,23,34
28,106,50,-52,-20,52,-69,-25,4,62,83,74
55,158,112,-133,-43,134,-89,-64,31,119,136,122
111,243,161,-194,-14,203,-155,-96,80,183,231,184
101,343,219,-220,-56,287,-174,-117,96,244,298,260
150,457,293,-310,-76,349,-243,-170,152,340,410,302
197,562,370,-380,-78,455,-294,-221,174,418,480,386
216,667,452,-434,-106,516,-375,-275,194,517,589,456
279,792,502,-529,-100,661,-427,-289,242,578,719,520
327,879,570,-585,-128,712,-500,-344,278,665,801,611
340,967,614,-662,-141,828,-524,-399,313,737,874,686
358,1061,676,-704,-160,858,-577,-396,293,779,932,731
409,1103,708,-755,-171,913,-593,-455,342,814,992,744
416,1141,727,-791,-173,928,-627,-455,341,836,1017,796
378,1134,717,-773,-173,923,-618,-473,337,856,1049,806
407,1120,735,-762,-170,938,-609,-435,347,840,1003,777
385,1077,699,-742,-162,902,-588,-443,318,818,960,771
366,1022,662,-704,-135,865,-566,-415,323,747,928,731
339,913,602,-634,-143,776,-525,-357,277,715,837,654
283,841,533,-572,-127,684,-441,-322,255,630,747,587
234,708,457,-502,-101,620,-398,-284,227,542,641,498
214,606,410,-438,-100,515,-338,-239,160,455,549,415
168,468,321,-339,-73,412,-252,-217,151,348,435,344
128,373,231,-248,-61,303,-206,-151,107,277,335,269
96,246,185,-179,-20,227,-144,-117,60,188,246,187
67,156,119,-105,-15,117,-101,-72,82,119,136,122
27,56,65,-50,-7,84,-38,-32,14,58,57,75
-18,-4,-23,8,-13,22,0,11,-19,-6,-21,-3
-43,-81,-41,39,13,-73,24,35,-17,-48,-66,-58
-54,-129,-95,81,16,-109,79,53,-45,-91,-119,-110
-84,-167,-120,91,17,-132,96,63,-44,-140,-167,-114
-72,-187,-131,136,21,-169,110,75,-41,-134,-181,-136
-80,-207,-147,155,42,-183,103,64,-52,-151,-168,-166
-127,-227,-149,159,42,-180,137,67,-49,-168,-197,-179
-90,-219,-139,155,56,-180,107,82,-65,-184,-217,-129
-75,-191,-143,159,40,-167,108,66,-60,-146,-198,-145
-65,-194,-124,126,18,-164,103,92,-50,-134,-160,-128
-53,-181,-113,126,25,-126,84,74,-45,-122,-162,-128
-61,-164,-107,103,16,-108,100,63,-61,-111,-126,-111
-49,-124,-65,66,5,-124,92,64,-36,-84,-136,-118
-15,-108,-55,70,29,-83,46,49,-31,-102,-94,-84
-11,-60,-38,54,20,-75,51,43,-39,-57,-51,-57
-9,-67,-60,50,8,-57,29,4,2,-47,-58,-37
-22,-17,-25,38,20,-39,16,3,-13,-40,-47,-24
-14,-7,-29,13,-6,-24,34,-5,-14,-21,-19,-17
-1,-5,-24,34,0,-41,13,4,10,12,7,16
2,-2,21,-15,-15,9,-5,-8,15,25,-5,14
0,3,24,-18,-1,7,-10,4,-20,18,24,9
15,7,12,-17,6,19,-17,-9,6,12,19,10
10,41,17,-14,-3,7,-24,-33,11,25,36,30
21,40,14,-11,-15,31,-20,-36,-5,24,42,33
10,29,32,-14,1,19,-26,-22,27,19,26,52
33,38,30,-34,5,31,-34,-23,11,7,37,41
15,33,22,-47,-11,44,-33,-26,20,43,57,46
24,34,43,-32,-18,37,-58,-15,26,31,27,35
20,47,15,-38,-2,67,-7,-18,9,42,42,30
19,38,28,-15,-1,53,-17,-22,22,27,57,46
28,60,46,-31,-10,47,-35,-30,21,39,45,41
33,61,47,-30,-22,42,-25,-37,-4,52,55,37
3,75,46,-45,-23,56,-26,-38,14,56,55,48
13,63,23,-72,-16,57,-41,-13,24,62,29,34
35,64,37,-48,16,56,-29,-32,2,38,69,67
21,73,46,-48,-2,67,-35,-21,34,56,66,36
29,85,38,-41,-6,50,-33,-58,26,56,87,55
41,89,46,-64,21,71,-49,-58,21,36,76,51
8,73,61,-49,-15,66,-51,-37,-2,52,68,49
45,104,44,-40,-2,57,-62,-23,29,65,75,54
43,74,58,-68,-12,86,-54,-29,32,71,55,71
43,90,57,-72,4,56,-46,-47,5,76,89,50
50,85,67,-52,-1,81,-83,-26,30,72,104,62
41,73,57,-40,-23,81,-59,-52,23,75,67,49
40,96,58,-76,-16,93,-35,-41,34,85,106,61
47,103,94,-67,-12,99,-57,-61,36,87,101,93
17,118,74,-96,-1,74,-52,-38,27,89,107,99
40,101,83,-65,-31,101,-73,-62,41,106,108,85
51,138,92,-91,-16,102,-64,-56,30,84,123,79
45,134,82,-92,-1,130,-73,-49,45,91,134,86
57,122,79,-95,-28,95,-69,-49,40,106,135,106
56,133,76,-102,-8,118,-75,-16,50,148,110,90
50,135,88,-86,-21,114,-76,-57,42,117,140,103
59,145,96,-115,-20,119,-62,-97,47,104,140,119
55,143,126,-115,-32,127,-77,-61,70,130,145,129
51,155,106,-124,-25,158,-81,-67,58,130,156,120
58,181,132,-121,-35,133,-113,-68,59,127,166,129
45,181,92,-136,-4,158,-107,-78,52,146,165,121
57,188,115,-117,-33,166,-107,-87,55,148,157,124
73,216,121,-107,-14,158,-101,-81,56,165,161,140
86,203,112,-142,-38,159,-106,-77,61,148,180,137
71,208,139,-116,-43,176,-108,-86,57,156,188,146
46,224,146,-166,-41,199,-122,-83,81,162,194,153
74,219,144,-155,-56,183,-117,-90,47,196,209,149
73,224,162,-170,-45,187,-128,-105,87,179,208,180
96,264,156,-147,-49,193,-145,-105,77,198,218,173
100,249,180,-172,-12,198,-152,-96,90,205,227,175
96,270,170,-182,-43,211,-158,-100,89,186,238,203
87,273,182,-157,-52,210,-154,-105,81,201,249,183
106,292,199,-200,-40,231,-160,-126,88,221,263,208
74,271,197,-185,-45,251,-144,-116,94,207,268,175
109,279,184,-219,-61,234,-187,-114,86,227,273,203
107,332,189,-211,-41,268,-188,-131,88,265,277,238
121,308,224,-232,-45,272,-173,-119,87,233,282,239
104,333,238,-199,-76,278,-185,-135,91,266,306,242
128,323,217,-215,-30,266,-190,-135,108,272,308,218
116,338,235,-260,-70,302,-204,-136,111,263,294,251
130,359,247,-251,-72,304,-189,-144,126,266,330,269
108,365,245,-253,-57,311,-201,-146,125,299,306,272
114,385,262,-238,-54,316,-218,-150,116,307,352,271
132,375,266,-248,-66,316,-191,-152,116,287,321,279
137,390,248,-259,-60,328,-227,-156,111,273,338,293
145,386,275,-266,-54,333,-214,-151,135,298,358,272
135,402,270,-296,-51,327,-219,-142,124,304,400,292
137,407,267,-287,-61,362,-228,-190,117,325,377,281
167,406,293,-295,-58,358,-243,-151,138,328,397,309
157,421,308,-289,-60,359,-245,-166,127,321,393,325
164,450,304,-300,-72,341,-253,-165,129,341,410,314
148,455,291,-282,-79,382,-235,-167,142,353,389,297
137,457,282,-311,-60,356,-265,-194,153,330,404,327
190,459,290,-326,-63,371,-238,-199,132,339,407,320
181,434,304,-323,-70,383,-257,-184,147,328,413,314
159,448,314,-316,-47,372,-245,-191,146,348,431,340
161,465,320,-323,-45,406,-243,-186,151,370,421,334
166,474,322,-328,-75,380,-252,-188,144,361,418,314
168,467,303,-323,-83,397,-263,-207,144,353,427,320
157,464,300,-323,-65,387,-281,-193,151,369,423,334
170,478,315,-359,-84,392,-269,-198,135,352,417,337
163,495,299,-313,-53,386,-277,-182,142,363,420,331
158,462,311,-334,-68,396,-252,-195,169,360,404,328
172,453,318,-323,-52,373,-253,-192,138,348,426,348
164,463,295,-331,-56,376,-291,-200,136,351,412,331
153,470,308,-339,-91,402,-259,-189,112,350,449,350
168,483,309,-324,-90,368,-273,-176,172,352,433,321
162,459,283,-302,-56,391,-261,-178,151,355,425,295
165,441,294,-306,-78,381,-257,-171,131,349,399,321
154,445,306,-331,-78,373,-263,-164,141,351,414,318
148,463,313,-313,-37,364,-254,-187,122,333,376,294
163,437,290,-306,-65,372,-250,-199,141,347,404,337
156,474,301,-302,-72,370,-243,-193,115,316,403,305
135,446,268,-277,-54,349,-224,-171,134,344,368,298
159,433,287,-298,-55,357,-248,-177,130,305,388,302
154,420,266,-302,-68,346,-222,-163,122,312,382,291
138,409,265,-283,-48,337,-232,-172,104,317,385,295
143,397,259,-276,-61,326,-195,-167,112,297,348,290
138,381,258,-278,-50,323,-218,-147,111,303,354,279
119,389,243,-259,-37,298,-216,-151,126,296,358,269
137,376,244,-262,-54,304,-207,-154,116,274,359,249
107,357,238,-253,-57,303,-182,-170,86,264,318,248
117,370,221,-239,-60,296,-213,-138,115,267,309,235
108,349,217,-246,-47,297,-202,-131,110,265,303,244
127,321,221,-224,-38,283,-184,-147,124,263,297,244
121,333,235,-244,-36,270,-182,-105,114,251,295,238
114,326,197,-226,-45,253,-173,-145,95,237,272,221
109,328,185,-215,-35,264,-171,-137,94,240,294,240
119,303,174,-202,-51,249,-152,-127,78,230,262,187
112,269,183,-199,-66,215,-151,-95,78,220,274,229
90,254,171,-188,-32,227,-141,-129,79,188,252,197
106,258,151,-213,-38,241,-131,-107,81,186,237,196
79,265,168,-170,-30,221,-139,-82,57,193,227,201
81,245,158,-158,-25,194,-136,-95,82,182,234,154
95,235,183,-160,-37,179,-136,-104,72,177,208,184
70,224,153,-167,-40,171,-124,-101,43,165,231,154
83,221,139,-166,-39,187,-122,-102,59,167,228,157
72,220,138,-137,-39,153,-116,-96,49,145,185,132
68,208,137,-103,-10,170,-120,-102,63,135,194,128
97,164,119,-150,-23,170,-103,-59,80,148,169,123
46,177,124,-112,-33,150,-92,-92,29,123,169,117
66,180,124,-140,-33,167,-112,-83,56,158,154,126
61,189,114,-109,-10,124,-106,-53,52,120,147,119
57,133,100,-110,-27,135,-68,-63,59,100,142,101
51,141,89,-124,-20,119,-92,-55,33,116,145,120
40,145,102,-91,-20,104,-85,-60,58,95,143,115
44,144,97,-77,-12,88,-66,-42,64,118,112,96
37,117,97,-87,1,106,-61,-40,39,88,98,71
59,124,83,-82,-12,79,-54,-37,32,92,96,67
45,109,71,-72,-25,102,-61,-47,43,103,105,96
26,111,50,-78,-4,107,-42,-23,34,66,109,36
20,82,72,-74,-27,66,-28,-45,32,68,72,85
26,94,76,-52,-11,71,-41,-64,52,86,60,53
50,85,72,-56,-26,50,-38,-49,25,88,84,68
19,77,46,-43,-21,83,-38,-37,19,74,52,71
11,86,70,-58,-20,85,-47,-30,16,48,65,34
16,43,18,-49,-14,69,-22,-26,7,60,59,30
39,68,37,-47,-15,48,-18,-13,17,29,54,23
17,61,32,-37,-2,57,-29,-33,19,67,31,37
26,43,46,-46,-36,52,-28,-3,23,33,50,42
26,61,54,-22,-10,57,-26,-25,34,24,57,32
19,53,42,-8,-2,44,-29,-23,7,42,52,5
23,54,29,-31,-1,41,-32,-38,-6,8,50,9
-6,37,17,-33,7,36,-24,-20,2,26,9,38
3,42,33,-36,-27,48,-23,-28,9,29,36,30
20,31,9,-30,9,52,-18,-25,13,29,19,25
15,46,14,-29,-11,21,-34,-8,21,20,13,28
10,42,24,-41,-6,41,-33,-9,2,2,19,41
28,29,28,-21,-15,22,-12,-16,24,22,35,17
-9,49,16,-14,-5,18,-26,0,1,21,19,22
5,52,0,-7,2,23,-6,-15,12,6,18,28
9,21,33,-12,-9,-2,-52,-5,3,26,7,18
-15,9,21,1,-3,23,3,9,14,17,24,21
-3,21,7,-22,-2,27,-11,-12,16,13,15,33
17,22,16,-18,9,25,-17,-17,7,1,22,1
-2,22,-6,-1,26,17,-21,-21,3,20,25,35
8,25,14,-21,-22,7,-38,5,5,-8,6,7
12,23,3,-24,12,9,-6,-20,-10,25,29,30
14,45,4,-26,-9,19,-34,-12,14,42,-2,-22
4,13,7,1,5,29,8,2,6,4,41,-10
-4,10,-2,7,-10,-21,-30,7,16,27,-11,-1
-12,9,-7,-3,6,7,-35,13,5,-11,0,22
4,29,4,11,21,17,-5,0,8,23,13,2
7,-12,-9,3,23,25,-16,1,16,-3,20,2
2,23,2,10,7,11,-2,15,26,9,19,18
-21,12,12,-2,-20,-4,-8,-4,5,22,30,6
1,12,13,-22,-24,4,-20,20,-5,-1,32,22
-1,-12,30,-19,-14,12,-8,-13,13,20,-6,10
-2,-5,8,-23,-16,7,-16,-13,-2,6,8,18
3,-8,-5,-2,-5,20,4,-17,-6,15,20,29
-17,32,-18,-4,-16,19,-15,-7,9,-1,23,14
1,20,17,-21,-12,6,-15,15,-4,-1,6,-17
-14,9,2,-3,-4,2,-3,2,7,8,8,-10
3,18,5,-17,-3,17,1,37,-28,12,19,15
0,12,12,-3,-33,22,14,-11,7,-5,-8,2
-21,-7,34,-9,4,2,-19,-6,-3,13,16,11
-3,-6,-9,16,17,29,-7,4,-10,18,11,49
-5,-3,17,-4,6,27,-26,-5,6,-5,35,19
-19,34,3,-24,-6,2,-17,4,13,16,3,2
-10,11,-18,1,-12,17,-13,5,-13,12,-1,8
10,13,14,9,-2,3,-17,-12,5,8,11,20
5,28,-5,5,3,24,-8,-12,9,8,1,0
-16,5,-2,-15,22,14,-16,-2,-25,-9,5,4
4,13,14,-35,-29,14,-16,-18,12,4,34,15
19,10,13,6,12,14,1,5,-17,0,-15,9
-2,22,5,-34,18,33,16,4,-4,-9,19,4
3,30,13,-26,5,8,2,29,7,17,10,10
-2,19,0,2,-32,15,-13,-12,8,21,-11,12
-11,15,0,-1,-21,-2,-14,-8,-9,15,-20,18
8,15,21,-26,-12,22,6,12,-27,-2,20,11
-2,15,9,5,8,12,6,-28,-10,20,4,27
-11,16,8,0,-5,15,-15,2,0,26,18,21
3,13,28,-15,13,3,-5,-1,-2,42,23,26
19,24,3,-8,-9,23,-16,0,9,8,17,-7
8,19,12,-24,-2,25,-4,-8,-33,5,29,19
17,33,25,-28,-7,48,2,-2,26,14,-3,15
17,15,13,10,-9,37,-18,4,5,21,33,19
-3,21,13,-4,9,-6,-5,-18,6,9,28,20
17,16,11,-17,-7,13,-1,-20,11,28,23,35
-1,25,-1,-6,0,32,-29,2,16,32,13,33
-5,33,16,-8,11,18,-9,-23,-20,23,4,22
6,40,3,-29,4,30,-13,-27,27,30,1,18
1,11,3,-25,8,17,-28,4,6,43,25,20
22,20,23,-16,3,18,0,7,4,19,10,8
-2,38,-7,-19,5,5,3,-4,3,10,30,5
-10,23,8,-7,-11,7,24,-19,1,5,21,35
27,14,40,-11,19,16,-9,-1,14,26,10,-2
1,22,29,-13,7,29,2,-3,10,-3,11,12
0,35,10,-15,6,-13,-26,-24,10,20,11,32
-8,31,10,-20,-11,-6,-14,-26,-1,22,24,20
-7,19,15,-18,5,36,-21,-22,1,14,23,13
24,37,31,15,-15,43,-16,-7,1,-3,21,17
-5,20,17,-7,2,30,-12,-36,18,4,0,2
19,39,3,-9,-7,21,-22,-19,2,5,41,21
9,34,-13,-16,14,22,-26,-8,-4,34,16,14
15,14,23,-5,8,17,-27,-29,18,15,35,35
14,23,21,-26,-1,21,-32,-7,8,19,26,9
11,41,13,-23,5,24,-27,-25,7,26,26,35
15,23,20,5,-2,3,-21,-7,20,25,9,35
-5,18,16,-38,10,8,7,-3,-1,15,24,24
25,41,20,-32,1,27,-21,-20,21,16,21,18
25,41,38,-21,-6,5,-23,-16,-5,44,27,25
24,52,34,-22,-8,12,3,-18,-11,33,32,17
3,42,6,-26,-32,38,-12,-24,11,9,16,40
14,36,16,-24,0,20,-10,-15,17,1,23,26
20,50,21,-36,-22,29,20,-26,35,17,48,42
24,29,19,-29,4,23,-20,-15,17,13,59,40
25,50,53,-50,-7,38,-19,-16,4,47,25,32
18,49,40,-18,1,19,-30,-36,6,44,23,14
-12,50,25,-12,-15,36,-61,-25,-10,26,36,55
21,48,26,-23,-16,37,-15,-26,36,48,47,55
22,26,48,-8,-7,45,-25,-6,32,38,43,27
43,49,38,-34,-39,56,-11,-23,15,39,28,39
18,89,53,-27,-18,42,-25,-28,7,58,44,30
12,42,44,-31,-23,54,-38,-38,5,48,40,51
20,62,76,-55,-30,63,-35,-24,23,38,49,53
24,71,46,-47,-19,48,-46,-31,43,54,59,66
10,71,47,-52,14,48,-27,-31,37,52,60,60
25,76,49,-43,-19,74,-24,-14,57,70,75,60
45,86,46,-69,-27,58,-40,-35,35,66,63,54
24,87,72,-64,-6,59,-48,-47,12,73,70,82
30,102,52,-66,-4,57,-63,-25,45,54,83,71
48,118,68,-82,-9,100,-54,-39,34,99,89,44
28,94,58,-75,-6,87,-96,-55,43,78,105,75
49,128,77,-91,-10,107,-61,-62,33,106,110,93
36,102,95,-80,-35,98,-70,-64,39,99,113,68
50,145,81,-81,-18,86,-75,-60,40,109,113,86
35,158,89,-77,-44,122,-76,-50,43,99,119,91
43,162,102,-113,-12,98,-94,-65,26,133,114,110
50,153,103,-109,-23,136,-100,-54,54,89,150,121
65,154,120,-105,-4,145,-85,-95,57,142,145,125
78,168,155,-129,6,135,-121,-55,37,140,165,135
79,182,134,-157,-37,159,-92,-76,73,170,170,124
69,197,130,-94,-31,182,-100,-75,65,130,176,149
50,206,162,-166,-15,158,-114,-102,50,154,202,155
74,230,120,-150,-42,183,-120,-115,39,166,200,142
75,232,157,-160,-39,182,-122,-85,58,144,207,170
89,250,135,-170,-47,201,-114,-87,71,181,188,163
99,244,170,-181,-49,191,-117,-119,77,185,217,172
94,239,160,-158,-51,215,-132,-112,57,182,230,194
82,260,175,-182,-38,229,-155,-113,69,193,248,186
104,264,174,-178,-30,219,-157,-117,107,177,228,192
87,287,185,-176,-43,226,-144,-111,80,205,260,194
120,289,221,-176,-41,226,-147,-108,79,204,275,207
100,295,188,-191,-35,252,-146,-94,76,211,264,215
99,272,180,-172,-39,238,-158,-106,92,212,265,199
104,296,174,-189,-50,264,-165,-110,100,218,273,214
99,290,183,-203,-63,249,-180,-92,104,212,270,224
119,303,223,-214,-40,269,-166,-121,100,233,272,212
116,300,209,-194,-49,261,-172,-146,108,223,267,222
99,280,208,-183,-35,253,-166,-105,78,227,289,224
112,281,180,-213,-33,239,-171,-121,87,243,280,192
111,306,204,-200,-17,245,-139,-138,96,235,285,208
95,301,211,-210,-57,247,-155,-117,77,225,282,204
114,289,199,-216,-42,228,-183,-125,98,220,240,220
98,285,202,-202,-51,227,-160,-124,85,199,269,209
116,277,197,-191,-54,239,-172,-109,88,213,232,201
86,291,185,-196,-49,237,-144,-108,72,212,255,188
101,270,193,-167,-70,220,-149,-128,77,230,260,202
78,247,161,-182,-43,239,-136,-103,77,191,245,189
70,247,160,-155,-28,227,-130,-123,92,204,220,176
68,275,147,-173,-13,221,-146,-66,63,174,239,159
100,254,165,-161,-36,189,-130,-104,51,187,217,165
113,235,156,-170,-13,189,-124,-85,56,199,210,183
88,212,150,-140,-43,186,-104,-92,84,178,209,162
77,203,121,-141,-44,170,-124,-60,70,156,166,139
74,218,125,-122,-26,178,-99,-93,68,146,174,147
67,206,117,-123,-32,160,-84,-77,56,140,179,112
96,174,115,-108,-6,138,-66,-76,40,111,135,99
54,156,105,-108,-20,149,-99,-70,61,120,155,127
55,164,92,-93,-24,124,-82,-72,55,113,167,108
55,143,94,-119,-10,144,-65,-68,43,113,112,91
46,141,76,-63,-29,141,-109,-52,62,104,138,103
33,130,108,-72,-26,82,-66,-55,45,78,102,94
57,138,84,-71,-21,104,-72,-61,34,82,94,72
45,115,69,-68,-15,99,-63,-53,26,93,88,72
33,117,58,-73,-22,99,-48,-33,31,74,98,72
54,104,92,-71,-16,87,-52,-57,20,57,91,70
47,104,51,-56,-15,78,-45,-20,41,63,64,52
14,97,38,-46,-12,47,-53,-51,41,58,62,44
19,66,66,-34,-21,63,-45,-7,28,68,72,74
10,83,52,-45,-1,71,-48,-48,14,71,60,51
21,56,43,-40,-5,50,-37,-17,14,60,43,42
10,67,50,-35,-10,44,-14,-12,23,38,74,28
0,43,15,-25,0,70,-2,-1,24,28,67,19
18,70,43,-8,-1,22,-37,-1,22,30,37,39
20,52,15,-22,-17,2,-40,-33,-6,32,34,17
8,32,16,-50,-14,14,-14,-14,36,35,44,33
12,22,15,-38,-7,12,-14,-6,18,53,53,32
22,21,19,-17,20,30,-26,-21,0,14,40,15
6,22,0,-31,-16,48,-3,-23,7,12,12,13
2,34,28,-15,-19,14,-12,-11,9,31,25,11
17,37,-6,-20,-5,22,-29,13,-3,20,0,25
0,-14,2,-10,1,26,-10,-3,8,46,8,-3
-22,17,15,-30,23,25,-25,1,13,16,25,23
5,19,34,-13,15,6,-18,-5,12,5,37,-12
18,-20,-11,24,3,28,-6,4,-10,-29,5,13
8,-15,-5,-11,-18,7,11,-15,-11,9,12,-17
0,-16,-6,16,6,-35,-7,17,-34,-12,-7,-11
-4,-18,-22,26,4,-7,14,-2,-28,-22,-43,-17
-3,-39,-13,38,9,-31,40,13,6,-45,-37,-25
7,-40,-45,20,14,-43,22,13,-27,-40,-80,-55
-34,-77,-28,61,4,-62,36,35,-23,-67,-86,-42
-13,-87,-37,64,-1,-72,53,27,-25,-75,-60,-48
-13,-94,-48,47,0,-95,58,27,-37,-57,-95,-81
-26,-122,-75,93,20,-113,51,45,-30,-100,-95,-62
-58,-119,-87,77,36,-109,72,59,-66,-82,-110,-67
-32,-150,-97,91,13,-100,86,47,-44,-109,-116,-88
-62,-156,-107,117,29,-117,95,61,-54,-97,-128,-119
-73,-164,-90,98,11,-148,87,68,-46,-115,-148,-113
-63,-172,-95,106,17,-133,104,61,-25,-133,-142,-112
-52,-156,-103,110,33,-132,73,53,-41,-92,-138,-111
-51,-133,-76,75,28,-115,62,50,-53,-101,-119,-91
-55,-94,-53,84,35,-90,32,27,-23,-80,-78,-60
-29,-60,-21,39,-4,-25,34,35,-4,-21,-40,-51
8,-25,-15,8,-5,-17,12,18,7,-13,-9,17
12,49,32,-71,-13,50,-35,-33,37,59,37,34
44,125,85,-93,-19,115,-66,-38,19,98,125,76
104,219,138,-160,-23,193,-126,-73,57,170,194,165
111,308,187,-223,-48,283,-189,-122,87,221,271,218
146,413,272,-276,-61,352,-232,-175,124,306,373,279
179,529,320,-350,-85,435,-286,-205,134,384,463,339
219,619,409,-413,-93,517,-347,-236,163,453,571,448
267,748,472,-488,-101,620,-409,-299,223,562,645,473
297,856,528,-579,-118,699,-452,-350,263,625,753,590
343,941,599,-626,-150,764,-511,-402,296,691,845,667
360,992,682,-683,-150,838,-558,-392,294,740,906,712
370,1044,692,-718,-192,876,-590,-449,299,811,976,732
384,1093,716,-740,-148,930,-579,-442,339,858,995,737
368,1108,693,-760,-161,915,-616,-453,332,845,1023,782
360,1094,712,-752,-166,902,-596,-441,315,835,969,772
362,1045,691,-713,-162,880,-569,-419,324,785,964,719
363,988,645,-664,-151,833,-559,-387,293,747,902,684
297,915,584,-623,-134,754,-510,-345,267,686,824,635
291,816,516,-551,-105,697,-436,-338,265,634,742,568
245,710,471,-484,-97,567,-380,-280,195,522,653,494
191,607,381,-399,-104,479,-329,-242,189,455,538,426
149,497,292,-325,-68,394,-277,-198,164,371,429,332
116,357,231,-245,-84,305,-195,-148,137,271,317,251
82,270,147,-139,-19,186,-142,-103,60,182,207,165
64,157,94,-88,-8,121,-82,-50,35,103,152,87
8,38,36,-37,-10,39,-31,-25,-15,33,40,21
2,-51,1,34,-18,-19,25,5,23,-23,-33,-17
-37,-120,-67,65,22,-108,40,51,-43,-99,-86,-64
-59,-188,-113,110,33,-151,89,71,-66,-139,-158,-115
-73,-222,-160,152,41,-200,107,81,-74,-164,-219,-149
-99,-259,-164,201,27,-214,144,97,-73,-193,-240,-181
-92,-281,-192,174,58,-215,174,107,-64,-199,-224,-207
-102,-298,-180,183,54,-257,159,130,-93,-239,-244,-193
-107,-287,-203,179,48,-235,167,122,-77,-232,-264,-211
-98,-284,-196,201,43,-240,163,94,-103,-220,-265,-203
-106,-278,-199,182,55,-237,145,119,-90,-205,-252,-204
-100,-241,-179,176,45,-216,152,104,-67,-201,-233,-194
-63,-255,-176,155,15,-196,134,104,-113,-179,-221,-173
-67,-209,-141,155,35,-178,124,89,-51,-168,-187,-144
-66,-194,-124,134,28,-166,109,81,-45,-145,-171,-133
-59,-167,-97,140,18,-153,102,76,-47,-155,-167,-107
-53,-147,-112,106,23,-118,80,46,-35,-91,-141,-95
-58,-161,-85,83,9,-98,88,49,-31,-118,-124,-105
-34,-99,-64,96,10,-105,59,45,-30,-81,-103,-88
-38,-74,-71,74,5,-80,65,41,-37,-85,-85,-67
-35,-79,-37,50,15,-71,40,20,-29,-45,-83,-59
-25,-82,-43,49,5,-52,50,42,-33,-67,-69,-54
-34,-57,-36,57,0,-72,14,28,-3,-53,-49,-49
-24,-34,-21,18,2,-20,29,18,-17,-47,-55,-19
-13,-24,-32,21,2,-20,27,24,-12,-15,-37,-48
-25,-38,-29,26,20,-26,14,16,-27,-25,-63,-3
3,-36,-26,34,9,-13,-5,30,7,-27,-29,-16
-9,-41,-20,8,7,-42,13,23,-9,-23,-25,-10
-8,-28,-10,13,18,-15,31,17,-5,-23,-31,7
-10,-35,-8,8,-12,-18,27,21,-9,-18,-18,-23
-2,-5,-37,18,9,10,9,7,-13,-8,-21,6
-7,-27,-10,15,29,-4,3,21,2,-1,-19,-7
-36,4,-16,-8,2,-7,-15,2,-4,-25,-21,-4
7,-11,-6,-5,28,-14,26,-1,2,-8,-23,-12
-10,-11,-19,-9,2,-13,4,17,-4,-6,-9,2
-5,-28,-12,34,0,-3,2,-4,-4,-26,6,6
-2,-25,-27,20,-12,3,-1,-6,-13,5,-17,-12
-27,11,-15,8,6,-20,13,9,-4,1,11,1
4,-3,14,1,-20,12,-7,14,-11,9,4,-2
8,-20,-12,18,2,-2,6,7,-4,-1,1,17
-4,-2,-11,9,24,2,26,-9,3,-22,3,-3
-29,15,0,-18,-6,-2,-2,5,-13,3,-2,-4
1,-1,0,-14,15,24,-14,2,11,-1,-17,-11
8,6,-9,-34,19,17,-11,2,-5,-3,7,4
3,13,27,-10,2,-3,3,-32,-22,26,10,13
11,-1,25,-17,12,47,-11,-14,16,4,14,1
8,9,24,-18,-13,3,-1,-24,4,-2,5,4
31,24,36,-33,-13,22,-10,5,-12,-4,39,34
4,19,30,-8,3,41,-15,-14,12,43,12,24
19,42,18,-30,-2,7,-16,-14,-6,38,34,26
12,39,17,-26,-3,40,-21,-18,11,12,13,48
0,51,25,-13,18,32,-32,-34,6,35,30,35
31,58,9,-29,-19,27,-23,-10,-3,42,46,39
4,34,44,-36,-6,39,-18,-18,3,54,46,36
27,56,51,-35,9,44,-43,-11,29,52,35,54
31,65,56,-47,-27,68,-34,-30,31,68,68,42
30,79,71,-46,1,66,-27,-25,24,41,54,60
56,85,77,-69,-28,69,-34,-25,38,65,64,83
29,72,43,-80,-18,75,-38,-25,31,60,80,48
37,77,62,-57,-15,86,-69,-25,31,66,100,57
69,95,53,-74,-31,90,-53,-42,32,68,92,70
29,121,64,-77,-37,99,-71,-27,15,81,93,48
21,99,96,-58,-12,104,-73,-43,38,85,104,90
45,120,100,-83,-19,102,-49,-50,31,99,105,76
66,132,71,-103,-12,105,-78,-49,37,98,134,87
49,139,93,-88,-9,101,-84,-61,39,101,128,109
54,143,86,-93,-44,103,-92,-71,56,112,105,112
40,168,117,-140,-32,122,-84,-54,59,131,144,102
79,156,111,-104,-8,132,-91,-74,37,120,128,126
64,177,88,-116,-38,138,-97,-77,66,132,158,130
62,173,106,-136,-27,151,-114,-67,57,154,170,131
64,194,145,-114,-32,171,-106,-76,52,148,160,137
79,198,130,-137,-23,155,-125,-85,54,148,197,144
62,198,150,-143,-15,171,-125,-87,49,171,186,133
93,198,153,-158,-41,174,-124,-102,87,186,186,154
72,218,171,-151,-48,192,-116,-79,61,166,195,152
87,231,175,-163,-51,191,-123,-101,86,201,199,169
88,262,148,-170,-12,205,-126,-119,89,170,236,160
91,278,179,-169,-33,219,-140,-112,68,209,208,187
100,277,179,-202,-21,242,-161,-102,77,210,264,169
109,277,177,-172,-58,222,-156,-94,53,216,275,184
88,301,197,-181,-39,246,-163,-127,82,234,255,230
110,306,195,-184,-56,217,-176,-134,91,229,268,221
100,316,183,-205,-43,258,-159,-100,75,238,296,235
108,308,207,-189,-15,279,-185,-121,82,228,288,212
112,320,219,-219,-76,255,-182,-132,93,245,292,213
122,349,185,-238,-47,279,-203,-151,119,251,286,223
128,323,220,-235,-49,295,-173,-134,105,256,271,247
112,344,234,-239,-31,306,-199,-137,125,263,314,240
126,339,214,-255,-42,302,-186,-139,106,270,304,259
133,369,229,-253,-69,295,-198,-150,105,265,335,229
126,371,236,-257,-56,313,-187,-157,107,281,331,259
116,370,232,-265,-39,310,-198,-145,117,261,354,269
126,381,252,-250,-52,315,-221,-163,114,275,337,257
153,376,254,-259,-38,310,-200,-169,115,261,343,263
121,391,263,-251,-57,303,-203,-163,104,281,342,273
144,363,258,-274,-64,330,-222,-145,120,295,352,239
108,426,261,-280,-52,311,-223,-149,115,278,360,287
136,391,252,-255,-57,328,-219,-165,105,299,350,291
146,402,258,-259,-59,334,-227,-161,99,283,344,298
146,406,259,-264,-71,351,-224,-142,106,293,352,281
124,404,271,-266,-78,309,-236,-166,113,310,379,278
148,404,251,-257,-56,337,-223,-142,103,305,366,256
136,390,265,-271,-80,327,-218,-149,114,293,359,284
122,423,266,-278,-61,316,-218,-146,106,288,359,271
136,400,257,-263,-42,335,-212,-142,110,323,352,307
134,376,253,-293,-64,343,-198,-164,138,296,352,268
144,393,255,-279,-57,320,-218,-153,124,315,358,300
131,375,240,-270,-70,330,-226,-169,115,305,357,277
128,396,257,-248,-22,312,-202,-157,106,290,349,279
130,398,251,-279,-37,307,-237,-139,118,293,322,250
148,368,248,-257,-59,296,-194,-143,104,280,343,267
146,371,244,-248,-50,321,-205,-151,137,281,335,237
117,383,216,-255,-57,316,-200,-133,101,289,334,266
116,369,234,-247,-78,297,-213,-129,101,257,339,257
127,350,236,-268,-60,303,-207,-161,108,282,328,245
112,362,217,-219,-51,283,-187,-126,120,272,318,256
126,334,199,-219,-40,308,-163,-133,92,271,291,230
124,324,221,-232,-60,299,-179,-126,85,252,281,227
110,342,233,-245,-61,243,-175,-116,86,262,284,244
154,313,203,-206,-44,250,-184,-118,108,215,286,203
90,281,204,-197,-57,260,-174,-124,94,240,281,210
99,311,169,-213,-41,250,-161,-115,90,247,276,200
95,296,200,-201,-36,246,-165,-111,69,230,255,202
97,260,205,-180,-10,236,-152,-101,77,218,248,188
93,246,180,-172,-26,226,-128,-115,83,222,238,176
82,276,181,-174,-50,213,-155,-99,93,193,224,191
79,264,155,-178,-32,178,-152,-97,62,181,229,176
83,241,140,-167,-20,187,-136,-100,50,159,240,151
82,228,165,-151,-21,193,-137,-80,54,178,202,163
69,217,152,-132,-43,187,-125,-87,89,164,192,148
80,205,150,-143,-44,165,-104,-88,64,155,180,159
74,232,112,-154,-35,156,-111,-61,61,161,167,138
69,182,110,-130,-34,161,-130,-68,69,156,176,147
81,145,107,-116,-21,134,-121,-66,45,127,172,133
55,158,133,-114,-15,158,-92,-55,39,135,143,103
54,164,94,-102,-32,133,-77,-56,56,109,126,104
80,124,92,-102,0,133,-86,-63,39,121,158,129
54,153,100,-109,-34,94,-79,-61,41,105,128,98
50,127,94,-118,-31,89,-59,-55,39,99,134,81
37,119,60,-90,-20,93,-85,-24,44,74,104,74
78,119,94,-84,-12,88,-65,-32,24,72,131,102
55,106,59,-61,-8,97,-60,-23,34,62,102,87
27,94,52,-38,-34,67,-53,-38,15,81,79,60
15,63,59,-63,-8,60,-41,-34,-1,56,81,86
29,66,63,-41,8,68,-40,-26,27,58,68,64
18,63,46,-47,-12,84,-44,-25,5,45,91,52
31,84,38,-38,0,51,-32,-11,14,35,58,37
42,56,39,-51,-37,40,-31,-28,16,46,38,64
2,63,33,-30,-3,38,-20,-60,19,43,39,17
-4,52,35,-30,-2,36,-25,-27,21,9,53,35
-7,22,26,-18,-7,45,15,-11,-4,16,9,12
17,20,5,-24,-4,20,-16,5,5,27,25,1
4,29,26,1,10,20,-4,-3,-8,18,29,-4
-4,21,-7,-27,-11,17,-14,-2,3,14,-4,12
-2,6,-5,33,5,7,3,6,26,-3,11,3
-9,-9,-16,7,-3,21,1,-13,3,6,5,10
-7,0,-8,22,8,11,5,-3,-4,7,5,24
13,-21,-27,14,-2,-15,10,-1,4,-28,-14,-5
-4,5,7,7,0,-31,9,13,7,3,-32,7
15,-19,-12,2,6,-5,-4,-5,5,-15,-27,-23
-10,-23,-6,15,-3,-28,12,9,17,-17,-16,-19
-4,-11,1,16,-14,-23,-4,14,-6,-42,-3,-37
-17,-13,-30,36,-15,-39,12,24,-19,-35,-11,-7
-2,-31,-27,4,-1,-20,-3,29,-2,-17,-43,-16
-22,-38,-21,30,8,-35,29,29,-16,-26,-38,-19
-22,-47,-31,42,17,-22,55,29,-22,-22,-30,-30
6,-36,-35,26,11,-54,6,47,0,-26,-39,-18
-21,-52,-34,33,13,-64,11,16,-30,-29,-31,-54
-15,-39,-35,21,15,-25,6,26,-5,-26,-45,-26
-17,-70,-48,25,6,-26,15,13,-3,-44,-50,-11
-9,-57,-40,35,23,-41,6,21,-38,-43,-49,-31
-26,-85,-23,40,-1,-52,32,46,-7,-35,-62,-28
-26,-53,-33,46,11,-33,18,32,-6,-51,-43,-29
-21,-50,-54,40,-5,-30,34,35,-17,-36,-45,-37
-27,-49,-25,39,29,-55,44,35,-29,-43,-56,-54
-24,-48,-37,54,-6,-59,29,11,-4,-77,-71,-48
-8,-57,-53,38,13,-44,10,37,4,-36,-56,-52
-7,-51,-28,33,12,-48,52,27,-29,-60,-63,-33
-38,-59,-28,29,-7,-65,35,27,-7,-42,-41,-40
-3,-71,-28,47,-7,-58,31,43,-34,-47,-66,-51
-32,-58,-47,24,16,-63,35,32,-15,-55,-84,-29
-26,-93,-56,56,18,-74,37,38,-15,-42,-51,-65
-1,-75,-51,24,9,-74,46,32,-36,-52,-71,-40
-22,-62,-70,68,6,-33,9,38,-32,-55,-66,-44
-31,-95,-56,49,16,-63,55,41,-4,-48,-88,-58
-9,-69,-40,57,-1,-60,40,33,-19,-52,-52,-57
-28,-69,-39,66,3,-55,36,30,-17,-59,-78,-48
-20,-78,-65,62,14,-81,30,6,-21,-53,-68,-53
-27,-53,-43,60,4,-44,32,33,-31,-65,-64,-46
-39,-79,-56,70,19,-62,29,30,-15,-45,-42,-48
-35,-76,-24,51,6,-59,26,20,-13,-69,-74,-48
-50,-67,-44,73,8,-56,29,2,-9,-61,-61,-58
-32,-93,-58,55,26,-55,46,33,-13,-50,-81,-50
-16,-65,-46,48,24,-59,38,25,-27,-47,-67,-47
-20,-77,-57,60,7,-60,49,45,-26,-52,-73,-61
-39,-79,-64,57,3,-63,58,40,-10,-60,-61,-52
-37,-74,-37,41,7,-66,47,56,-39,-67,-83,-33
-1,-76,-56,65,17,-64,42,25,3,-45,-77,-71
-27,-75,-67,58,11,-67,30,22,-6,-59,-89,-47
-40,-92,-46,56,2,-59,44,-2,-61,-49,-59,-43
-19,-107,-48,70,6,-63,32,35,-8,-62,-63,-62
-33,-109,-50,54,9,-59,34,56,-28,-58,-86,-55
-16,-76,-47,62,18,-76,60,31,-28,-62,-88,-61
-15,-89,-52,49,12,-79,48,26,-33,-72,-72,-62
-34,-75,-56,49,24,-59,11,50,-30,-66,-78,-55
-23,-90,-43,52,6,-75,39,50,-36,-47,-71,-76
-43,-97,-31,67,-4,-71,74,21,-32,-64,-78,-76
-16,-75,-45,42,33,-64,30,39,-7,-48,-76,-51
-21,-80,-40,76,0,-61,46,35,-33,-74,-55,-44
-29,-76,-53,64,9,-51,43,30,-24,-53,-59,-70
5,-66,-63,58,24,-60,41,33,-14,-63,-80,-63
-34,-84,-57,44,14,-73,39,35,-26,-45,-87,-48
-17,-87,-49,64,23,-54,20,26,-22,-61,-86,-61
-14,-67,-54,46,22,-73,34,42,-43,-60,-96,-45
-21,-73,-63,43,13,-51,24,43,-45,-51,-60,-65
-33,-89,-55,49,7,-81,43,29,-23,-49,-78,-56
-8,-76,-40,49,26,-66,28,40,-13,-70,-77,-59
-31,-74,-62,61,9,-72,33,35,-22,-60,-61,-71
-42,-90,-43,55,-1,-51,65,12,-14,-49,-63,-50
-41,-70,-38,47,10,-58,53,20,-20,-76,-81,-44
-15,-84,-47,50,10,-75,38,21,-42,-77,-86,-32
-28,-79,-48,74,-9,-54,29,28,-34,-74,-69,-51
-19,-92,-59,48,19,-45,67,34,-49,-60,-91,-54
-27,-64,-75,67,11,-46,73,49,-40,-83,-68,-57
-27,-73,-64,58,5,-55,48,36,-20,-59,-79,-69
-10,-64,-50,53,20,-79,52,43,-24,-48,-61,-53
2,-52,-46,42,23,-64,33,15,-1,-70,-78,-44
-53,-57,-54,39,-14,-48,54,51,7,-66,-69,-52
-19,-78,-41,56,32,-56,28,50,-27,-46,-86,-48
-24,-76,-51,60,18,-64,55,53,-26,-53,-56,-61
-17,-83,-58,57,6,-76,57,25,-28,-65,-74,-59
-20,-86,-62,61,10,-65,44,38,-24,-64,-87,-67
-39,-73,-58,64,27,-72,55,34,-21,-48,-79,-44
-29,-79,-56,43,3,-68,40,28,-8,-63,-67,-31
-31,-83,-53,52,7,-55,21,47,-35,-94,-49,-37
-38,-63,-42,54,18,-69,50,24,-17,-48,-79,-60
-19,-49,-64,55,10,-70,54,35,-31,-41,-52,-77
-15,-56,-63,39,6,-49,38,50,-21,-62,-54,-58
-26,-80,-22,64,12,-66,51,45,-14,-57,-67,-35
-11,-78,-63,24,3,-69,24,37,-1,-69,-72,-65
-28,-69,-46,32,14,-57,16,36,1,-81,-73,-58
-10,-76,-44,47,-2,-69,49,47,-54,-62,-42,-47
12,-62,-60,40,-8,-59,62,19,-43,-70,-72,-72
-20,-81,-39,64,3,-38,72,24,-22,-41,-47,-56
-24,-68,-47,37,7,-64,29,25,-43,-60,-62,-43
-15,-78,-53,49,26,-71,49,25,2,-69,-59,-56
-35,-62,-63,44,-4,-83,24,41,-38,-38,-62,-68
-21,-75,-24,39,7,-55,51,42,-25,-62,-74,-40
-18,-78,-38,41,-10,-50,51,29,-16,-48,-60,-55
-52,-73,-33,40,34,-44,37,26,-43,-47,-58,-51
-6,-77,-54,69,25,-50,39,40,-10,-26,-75,-23
-26,-72,-44,33,5,-64,33,32,-28,-54,-56,-43
-19,-70,-26,47,14,-53,2,19,-22,-44,-50,-46
-27,-73,-40,53,22,-70,41,25,-26,-63,-49,-36
-18,-77,-30,42,29,-68,29,12,-12,-47,-49,-52
0,-50,-56,33,2,-52,28,27,-15,-70,-49,-39
-13,-72,-33,38,-4,-32,45,16,-28,-48,-38,-20
-8,-52,-6,41,-6,-46,31,11,-17,-21,-21,-36
-29,-42,-29,35,13,-9,34,21,-10,-27,-40,-34
-20,-41,-17,34,5,-34,8,14,-30,-35,-38,-29
-35,-49,-29,10,34,-52,32,29,0,-12,-20,-54
-36,-27,-19,35,7,-44,30,5,-26,-9,-38,-23
-16,-22,-11,17,11,-31,26,22,2,-30,-27,-25
-6,-27,-23,18,10,-35,-11,21,-9,-4,-17,-13
6,-11,-13,9,16,-21,16,24,-3,-13,-10,-9
-13,-12,-33,2,-7,-7,7,-6,-3,-1,-38,12
8,1,-14,-6,-16,-19,10,3,-15,-4,14,-3
27,-15,-12,-5,11,-10,-5,-1,0,-4,7,-27
15,21,-16,-14,-2,12,-6,-5,7,8,4,-2
-1,-6,39,-23,-19,29,-26,-38,11,8,0,19
-15,19,28,2,-18,34,-5,10,-24,12,22,18
9,5,31,-12,-15,31,-13,-26,23,20,26,9
29,28,38,-31,-20,35,-21,-33,4,22,29,25
17,44,36,-37,-13,29,3,-10,-4,62,46,24
23,45,45,-17,-8,48,-25,-49,-8,48,46,43
41,75,48,-32,-41,51,-25,-25,23,41,64,54
36,74,55,-34,-7,77,-45,-31,25,65,56,47
42,85,53,-73,-4,63,-46,-45,8,62,79,79
40,82,78,-81,-23,93,-60,-48,6,67,94,74
21,111,55,-67,-23,71,-79,-40,14,87,100,94
35,110,64,-80,-16,118,-44,-46,33,82,103,76
52,137,106,-92,-24,106,-80,-59,42,94,119,84
55,144,116,-107,-3,94,-59,-58,21,93,108,106
40,153,107,-110,-15,112,-78,-57,60,105,134,114
57,144,110,-99,-26,130,-84,-48,32,119,156,103
36,129,113,-98,-12,130,-101,-62,48,98,139,126
68,173,94,-95,-29,138,-102,-80,37,120,145,109
80,180,124,-110,-14,156,-105,-76,35,123,162,131
75,193,135,-109,-27,150,-93,-80,68,128,162,116
56,196,122,-120,-45,147,-106,-73,41,144,164,154
59,196,127,-135,-19,162,-114,-81,64,165,184,132
61,168,100,-135,-31,165,-114,-86,61,144,183,153
62,217,118,-132,-40,158,-121,-73,74,147,158,136
83,211,139,-129,-20,174,-124,-72,75,151,183,144
80,200,103,-160,-20,169,-126,-61,51,163,181,152
63,217,124,-124,-24,185,-126,-77,38,142,187,162
59,214,129,-134,-53,178,-106,-80,53,120,185,127
58,198,130,-144,-35,184,-130,-110,78,152,162,136
68,199,117,-139,-18,167,-118,-74,66,134,184,132
61,201,133,-112,-39,177,-105,-86,76,153,179,108
44,170,142,-151,-24,164,-94,-110,68,145,171,116
86,166,129,-125,-30,175,-104,-58,60,131,167,134
65,197,97,-108,-49,158,-114,-70,49,156,156,114
51,180,109,-136,-31,144,-103,-78,43,129,151,128
50,171,121,-133,-21,160,-89,-89,26,132,151,147
61,159,127,-116,-1,149,-94,-57,58,120,134,131
68,143,103,-106,-21,105,-97,-69,62,117,146,96
65,138,100,-107,-21,114,-87,-29,48,112,127,101
59,160,87,-80,-29,112,-63,-67,34,109,122,94
41,136,96,-91,-24,100,-84,-38,52,88,99,81
52,126,74,-65,-4,100,-54,-28,24,86,124,84
40,110,82,-74,-60,89,-73,-41,30,84,73,71
32,95,89,-45,-10,89,-49,-47,27,86,86,68
35,99,49,-44,-12,80,-46,-37,23,90,73,59
25,50,66,-64,-11,71,-60,-23,15,63,82,52
24,71,42,-59,7,71,-30,-17,30,71,74,51
21,87,32,-46,-29,56,-27,-8,16,55,56,46
11,53,24,-44,8,41,-18,-18,4,52,42,35
17,43,13,-19,-7,47,10,5,-11,40,40,31
3,40,42,-27,6,11,-32,-9,28,17,21,3
2,28,5,9,-5,6,-9,-39,8,4,17,13
-7,43,-1,1,-14,-3,-8,-9,-14,-14,3,-4
8,-2,13,-15,2,-3,-18,0,18,7,7,14
-13,-12,13,-1,-8,-17,4,11,-11,7,-19,3
17,7,-4,27,27,-3,35,-6,10,-12,0,3
-16,-18,-30,7,-2,-16,-2,21,-15,-41,-20,-17
-6,-28,-18,4,21,-11,35,13,-10,-8,-24,-20
-3,-45,-29,6,-7,-19,17,33,-10,-25,-43,-7
-14,-20,-30,16,14,-45,36,29,3,-27,-32,-26
-8,-57,-19,11,-31,-46,26,13,-16,-40,-52,-37
-9,-40,-55,49,1,-31,4,15,-13,-30,-50,-5
-2,-50,-25,48,12,-45,18,17,-16,-40,-35,-15
-18,-46,-28,27,3,-44,54,9,-30,-55,-37,-30
-16,-56,-26,51,3,-51,53,28,-15,-47,-53,-58
-45,-65,-58,61,12,-77,20,42,-18,-52,-90,-28
-7,-68,-46,51,18,-50,42,7,-2,-54,-69,-38
-24,-89,-66,49,9,-72,22,17,-36,-41,-71,-56
-39,-74,-44,55,9,-41,30,20,-17,-50,-59,-61
-28,-71,-52,64,-12,-73,25,32,-23,-36,-78,-57
-20,-58,-57,44,16,-64,66,19,-9,-63,-55,-51
-3,-99,-71,79,16,-70,27,42,-27,-66,-86,-38
-48,-97,-78,70,-3,-61,52,53,-43,-76,-77,-58
-30,-81,-68,66,10,-68,28,36,-35,-82,-86,-62
-25,-88,-64,66,11,-93,59,17,-38,-81,-103,-70
-47,-112,-61,58,34,-73,53,40,-41,-102,-98,-66
-37,-99,-103,86,14,-94,73,40,-48,-74,-93,-92
-43,-126,-90,90,23,-111,74,37,-29,-88,-100,-84
-42,-140,-81,107,26,-127,65,65,-27,-126,-119,-98
-55,-166,-105,125,35,-120,79,65,-58,-104,-127,-100
-68,-159,-106,108,37,-149,65,80,-46,-109,-155,-126
-67,-162,-112,124,21,-172,112,72,-49,-121,-161,-116
-68,-231,-114,144,26,-182,123,67,-73,-161,-187,-161
-70,-208,-165,128,46,-164,118,61,-55,-155,-209,-152
-69,-223,-160,132,45,-183,142,102,-53,-182,-211,-148
-81,-231,-142,159,30,-195,157,105,-75,-196,-218,-166
-102,-252,-166,204,50,-224,127,107,-85,-187,-238,-194
-101,-260,-160,201,37,-214,144,104,-105,-201,-244,-163
-102,-260,-176,176,50,-220,161,88,-78,-183,-217,-178
-85,-230,-153,170,35,-218,142,93,-82,-196,-232,-167
-100,-215,-137,154,47,-201,104,63,-88,-182,-189,-161
-53,-212,-126,155,22,-172,102,72,-63,-143,-163,-143
-57,-151,-120,131,32,-124,66,49,-34,-132,-135,-133
-42,-76,-74,89,27,-93,65,21,-40,-82,-74,-42
-16,-29,-37,13,5,-35,28,17,-11,-14,-45,-31
15,21,27,-23,-10,21,-12,-18,12,28,42,24
33,100,76,-77,-21,107,-69,-57,49,70,86,81
74,204,120,-162,-46,171,-96,-81,84,134,178,127
122,321,199,-196,-55,238,-178,-103,88,225,260,206
151,395,251,-264,-79,334,-220,-129,120,320,389,297
155,510,346,-331,-105,436,-281,-198,149,371,462,360
211,614,421,-429,-87,513,-332,-248,198,466,567,438
241,706,500,-503,-86,610,-394,-267,216,530,660,504
264,825,529,-562,-111,705,-446,-342,222,623,738,565
308,904,593,-608,-151,740,-470,-378,264,668,821,635
338,962,613,-670,-152,825,-522,-392,300,732,896,687
347,1038,659,-684,-157,857,-555,-397,307,774,903,730
364,1033,697,-704,-134,836,-571,-435,320,777,926,711
346,1045,683,-705,-136,848,-567,-389,331,782,927,742
354,1018,670,-684,-136,841,-551,-416,313,763,898,713
324,971,631,-643,-113,786,-527,-387,287,744,858,678
302,887,572,-603,-129,753,-490,-367,266,670,804,646
293,828,500,-535,-112,683,-446,-325,234,631,738,558
251,694,446,-480,-95,596,-399,-277,228,537,622,522
193,571,387,-404,-80,531,-325,-257,166,459,545,408
166,470,293,-317,-72,388,-274,-183,137,355,419,310
131,366,232,-238,-68,295,-211,-159,114,252,322,263
96,256,167,-172,-37,212,-137,-124,57,169,237,172
56,137,93,-91,-9,118,-83,-82,25,110,109,92
4,33,26,-4,8,37,-12,-23,11,30,12,22
-11,-67,-34,45,-23,-24,26,-2,-19,-35,-46,-52
-36,-155,-87,78,49,-125,61,64,-64,-91,-121,-82
-77,-200,-144,133,35,-159,94,69,-68,-160,-205,-143
-93,-264,-158,180,32,-220,121,114,-71,-209,-226,-188
-121,-300,-199,207,46,-251,144,105,-113,-226,-253,-222
-123,-332,-221,227,48,-248,193,131,-104,-253,-288,-240
-106,-353,-214,241,65,-285,175,159,-104,-245,-292,-233
-107,-349,-223,234,54,-296,200,149,-113,-282,-303,-240
-112,-350,-217,239,55,-273,184,146,-122,-254,-293,-254
-127,-352,-229,222,55,-269,202,136,-92,-272,-312,-245
-125,-346,-221,231,33,-279,167,124,-90,-234,-302,-222
-96,-323,-196,229,36,-273,187,148,-88,-216,-281,-205
-105,-314,-193,209,42,-223,170,126,-102,-207,-259,-226
-85,-283,-177,204,40,-234,158,93,-73,-212,-249,-198
-83,-257,-151,173,41,-233,141,122,-73,-184,-231,-181
-71,-231,-143,148,35,-203,138,88,-55,-190,-228,-172
-87,-210,-128,150,31,-160,105,92,-66,-174,-197,-139
-49,-195,-136,130,35,-135,132,75,-65,-153,-195,-140
-84,-170,-100,142,41,-147,99,90,-62,-133,-143,-133
-62,-156,-81,96,35,-140,95,59,-40,-113,-145,-112
-58,-151,-112,98,37,-114,76,54,-23,-112,-123,-109
-27,-119,-81,104,12,-115,68,41,-29,-79,-110,-78
-30,-138,-73,73,29,-86,68,50,-50,-88,-101,-110
-38,-126,-68,66,-8,-90,67,48,-30,-91,-85,-85
-19,-122,-83,98,-12,-84,67,45,-12,-77,-93,-92
-46,-97,-47,83,28,-91,61,43,-4,-83,-112,-60
-43,-102,-72,82,19,-96,39,33,-38,-73,-95,-88
-39,-101,-80,66,19,-92,51,40,-31,-56,-91,-78
-34,-92,-66,51,27,-90,44,39,-23,-64,-84,-65
-38,-77,-60,41,11,-59,56,20,1,-47,-110,-69
-25,-97,-70,73,10,-61,37,52,-23,-64,-61,-61
-21,-97,-58,85,29,-71,37,20,-17,-45,-84,-66
-47,-85,-58,66,18,-75,60,31,-32,-65,-81,-57
-22,-77,-59,51,16,-73,49,49,-24,-56,-83,-77
-22,-72,-25,42,29,-47,69,55,-30,-63,-80,-95
-18,-76,-60,73,14,-73,24,40,-13,-74,-89,-42
-32,-83,-64,56,10,-48,65,10,-37,-62,-86,-66
-12,-85,-52,55,29,-60,36,24,-18,-53,-78,-53
-26,-65,-52,54,11,-76,50,39,-29,-65,-55,-48
-24,-72,-49,31,13,-55,19,22,-14,-47,-55,-56
-29,-59,-50,30,-15,-43,13,30,4,-49,-39,-35
-51,-74,-29,59,27,-51,33,30,-5,-55,-60,-38
-5,-37,-34,54,15,-64,34,39,-29,-40,-65,-42
-10,-55,-17,52,-10,-29,49,29,-18,-40,-49,-41
-18,-63,-39,23,27,-63,17,42,-27,-45,-41,-42
4,-60,-27,53,7,-50,58,25,-19,-28,-53,-21
-24,-43,-21,44,-11,-55,27,28,-2,-36,-59,-42
7,-45,-40,27,3,-33,25,14,-22,-38,-44,-44
-17,-34,-24,39,7,-39,33,18,6,-25,-49,-35
-17,-42,-32,29,-19,-22,19,20,4,-50,-30,4
-7,-21,-15,24,4,-50,-8,-4,-9,-30,-43,-23
-2,-33,-22,0,-6,2,29,4,-18,-19,-27,-29
5,-39,-25,21,9,-25,2,27,-19,-6,-3,-23
-2,-12,9,-8,14,-29,0,10,-13,6,-15,-3
-6,13,-14,17,-30,-16,16,-11,-4,-1,-1,-14
-12,-14,-6,-4,-5,2,-1,-6,5,10,-18,6
6,9,2,2,-5,-6,-4,13,3,21,-4,11
20,-11,7,-9,-2,-4,-9,-23,-13,8,8,15
6,-1,5,-10,-36,-5,-9,-10,14,2,40,9
13,17,19,-14,-1,22,-22,-2,24,24,17,1
1,50,38,-21,14,36,-46,-12,26,26,17,13
13,43,22,-34,17,22,-18,-16,28,29,30,29
14,59,13,-12,-13,45,-20,-38,17,21,41,31
17,72,28,-30,-13,52,-35,-19,3,45,59,49
12,58,44,-53,0,45,-60,-34,20,53,46,51
24,63,54,-47,-5,88,-55,-11,27,81,73,52
30,86,62,-42,-12,63,-15,-17,24,65,75,51
25,98,68,-71,-13,71,-50,-40,11,75,86,73
38,114,47,-64,-27,91,-58,-53,14,82,83,53
49,108,74,-64,-21,71,-70,-50,61,93,79,67
46,116,63,-81,-26,85,-73,-57,36,84,112,86
49,123,80,-101,-11,108,-70,-46,47,95,102,98
55,118,92,-95,-20,113,-59,-62,44,104,113,93
65,123,123,-107,-42,131,-72,-53,41,120,124,107
68,167,93,-107,-19,127,-110,-42,54,103,150,133
49,146,98,-114,-38,140,-88,-69,38,104,173,113
69,171,94,-119,-23,137,-104,-80,52,127,157,135
88,190,109,-127,-24,173,-103,-70,66,131,180,128
65,180,107,-137,-46,156,-104,-65,53,146,187,104
88,174,120,-139,-52,153,-117,-83,44,161,194,127
76,217,137,-145,-31,174,-115,-104,57,151,211,145
60,215,139,-162,-41,187,-117,-78,69,162,197,152
93,237,162,-147,-38,207,-147,-85,62,178,212,179
72,230,142,-155,-3,195,-162,-90,86,194,209,145
91,243,150,-167,-43,194,-138,-77,94,213,213,174
90,264,153,-169,-38,229,-171,-117,67,178,236,168
102,281,171,-187,-38,233,-148,-120,90,215,240,182
90,271,169,-194,-53,219,-127,-91,61,196,238,211
90,294,186,-182,-41,226,-153,-102,88,219,238,208
102,288,216,-175,-35,242,-155,-99,80,205,270,189
82,271,199,-215,-41,241,-176,-85,83,204,250,181
104,300,179,-199,-50,239,-155,-117,91,223,263,194
110,324,191,-179,-12,261,-179,-129,89,216,264,216
109,335,207,-207,-37,265,-162,-130,68,195,287,221
106,313,194,-225,-42,274,-161,-136,87,228,285,206
136,306,203,-223,-55,266,-164,-146,98,234,282,206
130,315,213,-212,-34,283,-186,-145,91,219,289,251
101,318,205,-247,-25,282,-181,-141,108,254,286,211
146,341,218,-215,-31,285,-195,-142,105,238,287,214
132,323,241,-227,-72,269,-181,-141,118,255,298,216
127,359,207,-221,-46,282,-187,-154,110,258,278,230
126,311,217,-230,-57,275,-189,-137,95,234,300,234
116,360,222,-225,-68,284,-202,-149,99,243,285,255
94,346,229,-226,-39,268,-189,-116,111,252,305,226
116,369,225,-242,-62,268,-197,-153,99,265,295,235
115,337,225,-246,-58,245,-179,-150,78,247,303,233
116,328,223,-244,-42,275,-175,-131,118,240,303,234
121,331,223,-195,-50,282,-175,-136,94,260,282,242
120,346,210,-247,-59,275,-196,-118,98,251,311,244
117,322,186,-206,-38,284,-166,-141,105,246,277,222
106,313,190,-234,-29,273,-161,-118,92,237,283,220
123,354,209,-219,-57,271,-189,-125,81,245,290,246
121,296,190,-216,-45,252,-165,-111,89,259,278,208
92,306,206,-211,-60,243,-165,-123,89,239,263,208
100,297,193,-207,-32,241,-166,-106,90,214,266,195
87,299,206,-178,-30,251,-153,-131,80,226,254,235
107,267,167,-223,-26,224,-156,-100,103,200,282,169
90,279,170,-189,-40,205,-156,-110,62,209,246,180
101,261,186,-170,-40,209,-160,-113,80,183,246,171
96,271,183,-171,-43,224,-158,-101,65,202,242,205
95,242,153,-180,-59,199,-143,-106,83,197,230,185
70,247,178,-153,-33,201,-146,-91,72,177,238,183
96,239,151,-167,-30,204,-105,-75,71,183,218,169
91,211,162,-152,-50,201,-118,-94,56,188,213,161
84,209,147,-164,-33,166,-126,-86,61,166,209,153
55,208,142,-157,-25,189,-118,-83,67,155,188,150
81,188,123,-115,-36,165,-114,-97,75,168,183,132
89,194,122,-139,-30,163,-88,-80,56,146,155,167
60,157,106,-114,-30,148,-123,-97,73,148,179,129
52,190,100,-119,-35,140,-85,-76,55,144,139,112
43,156,118,-96,-26,112,-95,-78,68,136,154,107
56,155,105,-116,-5,142,-99,-53,49,148,156,98
65,148,67,-107,-27,131,-81,-70,23,93,120,88
45,139,84,-90,-37,111,-57,-48,44,103,117,102
34,110,80,-92,-22,112,-44,-18,38,102,112,87
21,121,68,-66,-29,73,-79,-36,31,93,107,85
35,84,66,-87,-6,70,-88,-22,33,100,87,83
60,77,79,-68,-30,67,-69,-52,26,80,97,68
47,87,63,-61,1,84,-46,-49,28,61,63,53
27,82,30,-56,-18,71,-26,-29,34,63,73,40
10,71,47,-59,-16,35,-54,-18,8,42,62,44
14,67,38,-42,8,52,-35,1,26,42,50,28
12,61,31,-24,-1,42,-19,-16,21,15,51,24
13,44,42,-40,-18,52,-13,-25,1,14,30,24
13,28,21,-20,-10,26,-21,-16,32,40,27,16
13,10,39,-18,5,20,-25,11,6,-6,27,16
14,17,-2,4,17,1,6,-30,6,-2,16,-1
-1,-2,11,-7,-6,0,1,-14,-6,0,-13,7
-18,-5,11,-17,-1,7,-11,22,-3,7,15,1
-8,3,6,3,-5,-6,27,8,-5,-11,-24,-8
1,-25,-15,28,14,2,11,4,0,-35,-22,-11
-29,-8,-16,-9,3,-36,25,7,-11,-36,-24,-18
-19,-43,-22,11,7,-15,16,16,6,-28,-11,-35
-30,-43,-36,5,-18,-30,14,25,-4,-31,-45,-41
-25,-27,-28,17,10,-41,19,28,-7,-28,-51,-23
-22,-48,-32,42,5,-24,16,14,-24,-26,-60,-33
-12,-64,-37,41,24,-41,43,19,-17,-39,-37,-31
-11,-51,-33,28,18,-57,44,16,-17,-53,-71,-39
-24,-63,-29,61,9,-46,19,17,-4,-64,-53,-34
1,-70,-37,35,3,-45,36,31,-27,-28,-57,-36
-52,-72,-54,61,20,-58,26,23,-22,-73,-67,-30
-15,-71,-47,47,18,-68,45,35,-6,-78,-39,-64
-28,-79,-68,51,-11,-51,48,41,-20,-44,-80,-53
-27,-96,-78,49,25,-60,49,32,-12,-47,-90,-59
-27,-93,-48,63,14,-96,47,30,-27,-66,-76,-60
-39,-94,-51,65,21,-79,32,22,-29,-44,-63,-59
-23,-89,-74,56,-11,-86,67,45,-45,-94,-74,-92
-32,-106,-58,48,47,-73,56,37,-23,-87,-112,-62
-24,-93,-63,54,-3,-81,63,26,-33,-84,-84,-57
-27,-103,-74,74,17,-67,58,21,-6,-71,-89,-82
-40,-92,-52,86,15,-106,48,42,-26,-65,-93,-101
-24,-94,-49,86,27,-75,49,33,-17,-71,-96,-76
-46,-125,-76,88,25,-102,36,35,-41,-74,-80,-56
-49,-115,-78,86,16,-111,74,24,-57,-83,-87,-72
-20,-112,-62,56,17,-110,78,50,-43,-91,-89,-63
-33,-124,-55,93,8,-98,74,65,-44,-78,-95,-88
-27,-104,-41,87,3,-120,68,24,-63,-86,-120,-71
-41,-125,-79,50,11,-76,81,41,-27,-80,-94,-87
-43,-112,-99,62,7,-110,51,57,-21,-91,-87,-101
-45,-115,-62,72,6,-99,84,68,-24,-76,-107,-86
-41,-120,-90,93,29,-95,66,44,-64,-93,-109,-90
-38,-113,-74,66,-3,-82,64,30,-23,-67,-100,-70
-48,-133,-68,76,7,-94,48,48,-53,-81,-119,-82
-47,-117,-80,71,-1,-83,77,51,-28,-86,-100,-72
-46,-132,-86,70,16,-87,76,48,-40,-82,-116,-93
-50,-129,-43,76,19,-101,58,55,-17,-105,-99,-75
-65,-130,-78,90,-3,-109,64,55,-48,-83,-96,-76
-43,-129,-86,102,16,-114,77,54,-26,-102,-74,-72
-17,-120,-99,91,28,-121,85,25,-1,-93,-114,-84
-28,-128,-74,88,30,-106,83,43,-38,-89,-104,-76
-44,-119,-52,78,24,-91,72,49,-28,-82,-118,-83
-45,-121,-58,74,18,-99,65,37,-50,-95,-99,-102
-44,-119,-75,52,18,-78,73,45,-36,-106,-110,-70
-51,-131,-112,84,21,-95,47,20,-28,-85,-116,-110
-51,-121,-74,99,-2,-116,53,38,-35,-94,-112,-92
-64,-93,-92,67,34,-90,69,57,-28,-97,-94,-95
-39,-122,-71,94,-4,-96,66,64,-27,-81,-108,-72
-41,-133,-93,91,9,-98,65,35,-65,-84,-111,-67
-48,-111,-96,75,39,-115,71,65,-38,-100,-98,-86
-53,-119,-89,86,9,-92,69,67,-36,-97,-126,-88
-55,-125,-74,87,25,-114,99,52,-57,-93,-98,-82
-39,-127,-53,82,31,-91,77,51,-25,-96,-119,-84
-48,-117,-100,79,27,-107,57,47,-39,-94,-105,-81
-38,-133,-100,114,30,-96,60,41,-29,-98,-101,-67
-51,-119,-68,83,13,-123,64,46,-37,-98,-111,-84
-51,-127,-83,65,2,-112,46,39,-42,-96,-128,-96
-19,-121,-63,71,8,-100,77,40,-46,-100,-95,-70
-57,-108,-85,78,28,-115,75,23,-70,-95,-108,-89
-28,-130,-85,96,28,-123,44,65,-39,-97,-106,-69
-43,-121,-61,100,39,-94,54,28,-47,-91,-101,-81
-31,-137,-69,86,15,-113,73,37,-36,-83,-108,-93
-28,-120,-69,79,22,-109,63,43,-25,-110,-98,-86
-45,-111,-65,76,17,-101,67,63,-48,-83,-104,-81
-44,-105,-90,93,16,-124,83,67,-30,-106,-125,-88
-39,-109,-88,97,8,-84,69,41,-47,-93,-107,-93
-32,-117,-67,75,18,-75,68,31,-51,-109,-97,-92
-11,-130,-64,74,9,-94,61,46,-36,-88,-116,-90
-47,-111,-95,78,11,-94,78,46,-40,-118,-106,-63
-38,-119,-53,63,10,-87,77,69,-51,-103,-87,-70
-52,-123,-72,83,30,-101,64,39,-42,-86,-132,-83
-41,-118,-77,82,29,-113,71,57,-47,-91,-129,-89
-25,-113,-58,91,40,-100,31,54,-39,-79,-108,-99
-42,-119,-82,86,30,-86,46,51,6,-96,-97,-61
-28,-126,-82,74,31,-93,75,57,0,-111,-128,-97
-31,-124,-92,59,24,-84,73,66,-33,-66,-111,-89
-40,-117,-89,83,18,-88,70,57,-42,-98,-84,-95
-39,-110,-65,76,1,-88,62,30,-28,-94,-99,-79
-34,-138,-76,68,20,-92,37,32,-47,-83,-109,-100
-13,-135,-70,58,13,-107,65,19,-29,-99,-127,-80
-56,-112,-65,54,3,-104,67,64,-43,-95,-97,-79
-47,-112,-92,91,29,-63,61,45,-37,-87,-137,-91
-47,-98,-73,103,23,-92,65,44,-38,-86,-128,-83
-30,-141,-64,65,8,-88,82,56,-27,-85,-119,-68
-47,-118,-54,86,6,-110,81,47,-32,-77,-100,-87
-35,-125,-65,64,9,-113,72,67,-15,-71,-115,-62
-39,-106,-75,77,-6,-69,50,61,-21,-100,-122,-71
-33,-100,-86,65,36,-81,65,41,-47,-86,-113,-81
-34,-110,-79,85,0,-104,70,29,-32,-82,-101,-82
-37,-117,-79,79,27,-81,80,62,-33,-104,-117,-103
-65,-124,-83,83,25,-89,69,52,-60,-95,-115,-77
-41,-113,-81,71,11,-92,53,32,-22,-99,-91,-68
-49,-110,-70,86,18,-69,83,37,-54,-97,-110,-62
-44,-108,-71,76,21,-109,63,55,-30,-104,-95,-62
-20,-103,-76,87,23,-98,61,34,-47,-85,-97,-58
-73,-120,-87,78,12,-101,65,48,-8,-62,-87,-47
-44,-115,-61,61,14,-82,45,64,-37,-93,-105,-86
-28,-128,-78,76,22,-74,72,59,-32,-66,-120,-82
-30,-109,-82,76,43,-77,59,46,-37,-92,-88,-76
-23,-89,-76,80,37,-89,52,37,-15,-97,-78,-76
-38,-101,-50,60,0,-89,60,45,-35,-92,-82,-90
-25,-104,-71,74,21,-75,57,35,-45,-79,-110,-76
-30,-101,-77,63,15,-67,58,53,-26,-103,-91,-72
-38,-104,-67,72,30,-85,37,51,-23,-79,-104,-73
-31,-95,-46,41,22,-77,59,50,-14,-84,-105,-59
-30,-104,-73,66,15,-69,54,31,-31,-60,-91,-65
-32,-97,-70,64,39,-77,53,46,-19,-82,-88,-78
-46,-115,-87,67,-10,-81,70,31,-42,-79,-81,-62
-22,-86,-51,76,1,-94,37,35,-54,-65,-98,-52
-27,-77,-64,69,24,-80,59,11,-11,-70,-82,-87
-27,-80,-58,74,19,-74,33,41,-31,-78,-75,-67
1,-65,-45,58,2,-67,46,28,-35,-85,-86,-58
-33,-79,-52,58,7,-50,50,14,-22,-71,-68,-64
-31,-82,-37,43,-8,-90,50,32,-44,-50,-83,-78
-39,-45,-55,56,4,-52,52,39,-45,-54,-54,-64
-26,-41,-39,33,7,-36,31,50,-15,-63,-68,-26
-17,-76,-53,46,12,-65,11,34,-31,-44,-44,-41
-20,-58,-46,62,2,-39,13,5,-9,-55,-69,-25
-29,-37,-33,49,13,-58,26,22,-28,-44,-70,-44
-21,-21,-33,41,14,-35,36,10,-14,-53,-47,-38
-24,-22,-28,16,-9,-28,4,25,-24,-37,-17,-18
-1,-36,-37,20,2,-39,13,-21,5,-50,-27,-24
15,-15,-18,17,-5,-42,-9,22,-22,-12,-27,-24
-8,2,-14,6,4,-18,17,1,24,-26,-24,2
-9,14,-2,-3,3,-5,-4,-9,18,-3,1,14
18,2,11,8,-1,8,-2,2,-4,7,3,2
9,8,36,-4,1,14,-2,-11,12,5,0,9
8,14,0,-30,8,26,-24,4,4,14,27,30
34,47,14,-12,-3,31,-10,-15,-18,16,23,0
38,54,29,-22,-7,33,-48,-6,34,19,29,30
19,46,40,-43,-7,41,-47,-21,5,39,47,47
15,39,63,-47,-31,44,-37,-7,32,43,70,42
43,85,35,-52,-10,59,-39,-38,14,56,44,54
22,69,51,-44,-26,78,-55,-42,27,55,103,59
28,93,52,-70,10,58,-52,-28,22,104,84,59
65,84,60,-75,-29,94,-62,-33,36,78,94,76
34,96,63,-73,-26,89,-56,-53,33,88,107,66
58,134,80,-68,-10,96,-83,-46,46,86,88,76
66,126,84,-71,-18,98,-64,-31,32,109,113,104
39,123,68,-85,-34,104,-79,-45,26,94,92,83
33,134,102,-77,-7,116,-88,-54,46,104,124,99
62,150,95,-90,-24,106,-96,-57,41,113,131,88
59,164,104,-77,-29,139,-73,-59,57,106,164,96
56,143,96,-101,-16,105,-82,-45,62,89,133,101
58,146,100,-100,-19,147,-80,-67,52,120,153,107
60,156,129,-114,-21,145,-94,-39,61,124,156,115
48,174,126,-105,-25,140,-84,-67,54,121,160,98
76,188,121,-123,-35,136,-100,-78,32,139,150,127
54,165,116,-130,-14,132,-100,-93,40,130,177,94
65,171,123,-122,-26,159,-89,-68,60,154,147,109
60,156,87,-111,-31,152,-96,-68,29,110,155,97
58,184,131,-85,-20,133,-111,-64,45,137,149,115
67,169,102,-119,-10,151,-89,-60,54,133,126,109
40,175,95,-99,-17,123,-96,-46,52,143,147,107
61,142,106,-123,-18,147,-70,-75,65,136,150,112
75,157,101,-95,-40,146,-79,-53,52,121,142,109
49,146,96,-98,-22,106,-76,-48,43,107,147,95
63,149,74,-106,-41,99,-95,-68,25,118,144,106
70,134,83,-89,-6,108,-73,-58,41,86,126,102
28,113,73,-78,-3,133,-43,-49,42,88,116,105
33,103,87,-87,-23,107,-81,-46,32,82,111,94
25,122,50,-67,-4,116,-49,-32,47,86,85,86
31,100,66,-54,-4,77,-57,-38,21,82,89,72
30,90,77,-74,0,70,-52,-46,17,69,97,60
38,84,73,-59,5,77,-77,-40,25,60,73,77
22,77,33,-35,-12,60,-33,-35,37,54,65,67
22,55,46,-61,-3,53,-39,-24,21,50,48,24
25,64,17,-31,-21,51,-28,12,11,46,41,42
14,45,24,-32,9,22,-15,-24,0,36,48,18
12,28,48,-17,-24,10,-14,-13,-6,36,24,22
2,42,-14,-25,14,23,0,-4,-11,11,24,15
-11,29,13,-15,-15,11,2,-22,1,7,6,12
8,17,8,10,-18,11,-22,-4,13,5,-4,5
20,7,-9,20,0,-5,4,-8,-3,4,-1,5
0,-17,-15,7,-10,-11,-9,18,-12,-7,-7,-14
-22,-30,-6,19,-7,-33,6,15,4,-14,-7,-3
2,-6,17,5,38,-6,39,-9,-1,3,-36,-24
-12,-23,-46,21,-7,-19,50,-3,-13,-27,-48,-24
-21,-35,-39,29,10,-51,23,8,-10,-23,-31,-39
11,-26,-50,23,23,-22,34,38,-2,-40,-44,-52
4,-91,-62,26,0,-22,12,21,-18,-39,-73,-45
-18,-61,-33,26,-4,-58,22,31,-15,-47,-49,-39
-14,-64,-33,38,34,-41,33,22,-25,-47,-52,-41
-34,-80,-55,28,27,-48,47,39,-15,-42,-50,-52
-22,-76,-35,28,19,-69,23,20,-13,-62,-54,-57
-25,-73,-51,59,-2,-70,47,29,-3,-51,-77,-37
-21,-88,-50,39,24,-65,64,18,-46,-48,-93,-80
-51,-75,-71,77,23,-64,37,26,-23,-55,-85,-60
-37,-90,-66,77,-5,-65,51,16,-42,-90,-93,-70
-26,-84,-70,76,11,-67,71,52,-24,-63,-67,-79
-55,-95,-73,99,6,-72,32,45,-39,-55,-64,-77
-34,-117,-65,82,-8,-101,60,62,-18,-71,-100,-61
-10,-108,-48,75,25,-98,69,42,-50,-69,-92,-70
-25,-105,-68,59,21,-72,59,49,-3,-68,-77,-73
-61,-98,-73,90,16,-96,89,64,-22,-99,-128,-77
-54,-117,-84,68,35,-99,75,63,-26,-99,-101,-86
-51,-127,-41,71,37,-118,59,60,-17,-90,-113,-114
-55,-127,-87,113,30,-100,82,45,-53,-117,-115,-96
-59,-154,-84,77,21,-130,68,36,-50,-124,-138,-87
-63,-155,-92,96,21,-132,82,80,-43,-92,-157,-97
-53,-164,-89,91,17,-128,88,50,-65,-121,-151,-135
-75,-164,-121,121,29,-155,102,74,-74,-116,-158,-110
-72,-191,-118,141,4,-165,101,90,-44,-131,-185,-143
-69,-187,-122,132,25,-151,106,91,-57,-148,-177,-146
-81,-234,-142,141,36,-178,120,87,-68,-172,-202,-133
-85,-222,-153,157,34,-192,126,100,-63,-184,-203,-174
-99,-251,-181,153,33,-198,117,108,-48,-167,-225,-148
-103,-274,-186,171,36,-205,131,87,-77,-185,-232,-179
-91,-247,-182,183,33,-219,179,90,-67,-201,-232,-184
-106,-246,-169,209,38,-222,162,96,-83,-218,-243,-178
-107,-283,-196,196,26,-235,142,102,-96,-201,-260,-181
-106,-274,-163,185,62,-232,175,120,-87,-207,-234,-205
-90,-279,-159,190,33,-238,150,81,-69,-188,-216,-183
-89,-235,-154,155,41,-204,137,93,-71,-201,-217,-170
-71,-207,-142,139,29,-157,107,103,-66,-141,-190,-162
-43,-165,-107,137,42,-140,113,85,-55,-117,-139,-126
-47,-110,-76,97,9,-83,48,72,-28,-102,-97,-91
-19,-50,-29,32,3,-59,22,24,-26,-46,-52,-46
5,39,10,-26,-1,-1,13,-9,29,6,17,-3
30,100,59,-39,-32,83,-73,-33,41,67,108,88
70,192,127,-127,-35,176,-110,-80,66,136,169,130
98,287,191,-201,-25,245,-185,-117,93,220,268,188
138,395,273,-257,-64,336,-219,-148,108,296,347,285
149,534,320,-344,-60,428,-287,-214,161,383,479,357
209,630,414,-431,-105,512,-353,-253,206,481,575,426
245,743,479,-509,-108,612,-385,-299,223,537,666,513
297,811,527,-568,-122,688,-467,-338,241,622,753,559
310,911,594,-623,-133,748,-481,-349,276,674,821,648
344,959,643,-660,-157,802,-525,-389,291,698,877,682
354,992,648,-676,-155,846,-544,-391,307,769,914,700
365,1031,662,-695,-170,841,-562,-414,326,771,939,712
360,1006,648,-671,-151,844,-573,-412,307,741,922,690
338,1020,653,-678,-167,828,-562,-403,290,734,877,686
318,936,602,-629,-168,778,-499,-360,264,682,832,657
302,852,553,-567,-116,715,-467,-338,266,638,783,602
275,785,509,-524,-121,651,-435,-305,222,570,680,544
231,659,436,-445,-77,560,-368,-265,194,515,584,458
178,554,350,-357,-92,435,-301,-212,161,407,507,382
174,418,300,-292,-85,363,-225,-180,113,324,374,307
144,317,215,-231,-37,261,-169,-147,93,219,281,228
73,212,133,-117,-29,188,-112,-89,49,145,171,131
22,102,76,-57,-7,78,-60,-16,37,80,75,87
-3,-29,-4,22,-19,-8,21,-2,-12,-8,5,-12
-35,-88,-44,68,12,-78,63,40,-26,-81,-73,-47
-68,-145,-115,80,30,-140,81,49,-64,-136,-148,-148
-81,-215,-159,160,43,-200,152,93,-64,-189,-218,-132
-99,-269,-189,177,40,-233,143,113,-85,-203,-219,-184
-121,-300,-216,203,48,-257,205,102,-92,-246,-267,-229
-124,-323,-233,231,46,-291,186,142,-95,-212,-315,-236
-108,-368,-232,225,55,-279,220,122,-96,-250,-304,-227
-125,-342,-229,237,56,-283,216,144,-99,-242,-318,-239
-111,-334,-244,231,52,-304,177,143,-117,-259,-308,-224
-125,-342,-245,220,52,-252,203,122,-96,-242,-287,-220
-116,-300,-211,220,39,-269,171,125,-102,-255,-282,-224
-94,-304,-201,194,40,-252,153,109,-85,-213,-278,-202
-90,-266,-157,187,32,-224,126,112,-89,-198,-238,-206
-81,-240,-142,152,47,-216,118,84,-63,-172,-225,-168
-69,-236,-151,156,48,-190,130,116,-66,-160,-198,-157
-67,-216,-133,162,41,-159,106,86,-51,-149,-198,-139
-69,-200,-107,124,12,-151,103,54,-51,-121,-161,-128
-63,-152,-127,116,18,-143,90,77,-53,-136,-129,-116
-57,-142,-90,105,29,-125,81,69,-77,-109,-153,-98
-72,-122,-98,87,19,-96,73,51,-62,-80,-112,-103
-30,-102,-67,84,32,-99,71,47,-36,-104,-121,-86
-37,-79,-82,64,11,-103,57,25,-45,-80,-87,-62
-48,-90,-45,70,-10,-80,21,60,-33,-76,-114,-70
-27,-83,-67,70,11,-93,56,16,-22,-81,-92,-72
-29,-88,-56,67,-5,-64,47,55,-36,-50,-89,-68
-31,-71,-51,48,-2,-79,46,19,-21,-53,-73,-53
-37,-80,-64,39,-7,-79,37,24,-38,-84,-75,-45
-13,-49,-70,55,16,-82,34,23,-30,-58,-61,-43
-26,-73,-35,32,29,-58,66,49,-24,-68,-64,-87
-49,-55,-76,63,7,-59,31,15,-17,-49,-52,-55
-27,-77,-61,64,32,-51,39,8,-19,-63,-60,-42
-28,-56,-54,37,8,-53,45,33,-19,-61,-57,-43
6,-75,-22,45,3,-57,29,8,-28,-70,-59,-39
-15,-53,-36,37,22,-35,53,13,-12,-41,-59,-55
-6,-75,-51,18,10,-39,24,32,-37,-33,-50,-33
-12,-41,-17,39,-23,-52,16,38,-11,-55,-52,-40
-23,-35,-37,52,5,-38,32,11,-41,-34,-45,-36
-60,-44,-43,35,12,-44,34,28,-5,-40,-57,-43
-9,-48,-28,24,15,-45,8,49,-13,-27,-39,-31
-27,-35,-38,41,-4,-35,26,6,-15,-30,-30,-48
-19,-45,-7,9,-10,-24,18,-11,-29,-14,-38,-63
-34,-41,-28,29,9,-36,7,6,4,1,-45,-40
-10,-46,-21,8,4,-34,-6,17,4,-50,-49,-14
-22,-48,4,35,3,-36,26,4,3,-35,-28,-29
-6,-20,-8,29,11,7,8,5,-20,-11,-24,-23
-12,-13,-13,1,0,-27,8,5,-22,-11,-32,-3
-24,-20,-25,-10,-8,-9,15,17,-1,-10,-34,-36
-43,8,-12,5,7,3,4,2,-10,-8,-19,5
0,-20,-11,11,-15,7,31,-3,24,6,-7,-8
0,18,9,11,-9,14,18,-11,-2,-36,11,15
12,-10,6,6,3,4,-10,-1,19,12,0,-18
-4,8,9,2,-30,-13,-19,-1,17,8,30,16
5,-1,23,-28,14,7,4,-4,9,13,3,14
-9,13,5,-10,8,35,-27,-4,4,44,11,13
-4,25,29,-15,-5,18,-10,-14,6,2,9,26
24,36,17,-8,-11,18,-22,4,-1,24,30,10
19,45,19,-17,-7,13,-25,-25,13,10,56,29
15,31,31,-32,-5,44,-28,-20,8,23,47,47
21,37,8,-76,-10,33,-36,-20,7,44,39,44
23,46,47,-45,-11,44,-17,-39,9,45,57,46
22,105,39,-51,-6,63,-33,-39,17,63,58,56
25,71,45,-52,-25,85,-25,-34,22,46,82,42
3,89,90,-58,-8,50,-44,-14,24,88,77,53
28,70,53,-92,-20,81,-67,-45,31,71,102,66
51,78,76,-109,-13,69,-41,-28,27,74,90,75
31,107,80,-74,6,82,-78,-54,37,76,105,79
39,126,82,-98,7,107,-74,-71,53,79,86,88
27,136,72,-79,-31,114,-54,-59,44,107,117,97
43,148,106,-86,-25,130,-76,-60,55,102,137,100
51,144,96,-76,-31,104,-87,-68,42,121,130,107
80,163,77,-81,-43,121,-87,-60,50,129,153,109
48,156,114,-104,-29,155,-83,-75,48,129,151,134
84,191,101,-111,-22,171,-94,-59,45,129,171,112
65,164,124,-128,-24,155,-109,-62,68,142,174,128
85,190,122,-150,-12,163,-93,-67,60,147,156,129
88,216,127,-144,-20,173,-118,-108,71,151,188,133
103,231,135,-156,-38,182,-119,-92,44,147,196,177
72,224,162,-163,-23,180,-113,-113,79,169,206,137
81,237,142,-172,-26,211,-143,-90,73,175,230,165
92,244,139,-176,-49,197,-143,-103,97,196,217,169
73,243,167,-187,-36,221,-154,-101,63,195,236,185
75,289,167,-185,-38,192,-135,-100,103,213,252,187
91,276,150,-193,-42,237,-164,-114,97,196,245,204
106,273,176,-173,-42,251,-134,-111,80,202,278,200
107,296,191,-211,-27,243,-144,-102,70,235,263,210
99,308,196,-206,-56,245,-176,-128,91,232,266,206
102,289,185,-202,-34,261,-177,-122,88,230,257,232
108,320,200,-197,-26,277,-164,-136,96,236,295,205
111,315,230,-220,-51,255,-170,-136,103,231,276,223
125,298,199,-236,-51,301,-204,-150,76,268,304,219
118,300,210,-230,-34,277,-158,-133,90,266,302,243
119,338,223,-244,-56,288,-187,-126,109,240,287,254
119,348,228,-209,-42,278,-176,-138,104,256,293,259
124,351,236,-240,-38,296,-195,-135,118,294,305,273
111,358,204,-235,-46,297,-200,-136,118,268,327,245
125,336,236,-248,-42,283,-162,-138,113,266,308,237
121,335,260,-234,-40,305,-211,-147,118,264,296,245
118,346,231,-234,-34,307,-203,-129,84,273,325,248
144,350,230,-249,-69,297,-188,-136,98,261,329,232
128,350,196,-233,-72,299,-171,-136,124,250,343,246
98,345,217,-234,-53,283,-215,-130,116,270,343,260
113,340,245,-230,-22,310,-184,-140,110,268,327,252
121,366,235,-249,-37,311,-208,-122,116,272,315,257
120,364,224,-249,-64,282,-210,-129,125,289,311,251
118,378,236,-251,-53,286,-176,-147,103,260,346,265
132,345,243,-225,-43,270,-188,-161,87,250,331,256
131,349,231,-255,-62,288,-184,-161,121,287,330,240
108,358,212,-212,-64,283,-186,-128,107,245,310,249
122,354,212,-233,-62,271,-196,-144,100,238,296,211
115,341,206,-239,-59,268,-177,-132,103,261,303,241
117,303,218,-239,-53,258,-187,-131,88,239,299,221
106,321,215,-198,-53,262,-179,-116,104,266,299,240
109,314,219,-218,-51,277,-165,-133,120,242,283,225
116,287,186,-213,-28,285,-174,-124,90,238,269,214
103,294,212,-203,-70,257,-150,-111,106,241,276,214
126,290,219,-202,-52,226,-146,-113,87,208,265,206
103,298,181,-194,-45,230,-145,-99,88,210,246,210
108,292,181,-198,-49,234,-158,-120,71,214,260,203
92,279,151,-169,-49,226,-155,-112,86,219,230,186
94,278,172,-186,-59,231,-150,-93,89,195,249,187
90,248,158,-183,-45,227,-157,-106,73,211,239,192
70,245,167,-162,-33,186,-113,-106,74,190,241,186
77,245,162,-155,-47,199,-139,-86,90,179,203,156
89,211,114,-170,-37,182,-121,-102,63,170,203,162
76,209,149,-154,-25,195,-112,-65,56,145,186,177
80,207,137,-157,-43,178,-119,-82,61,180,182,143
95,203,124,-129,-28,178,-126,-100,68,172,148,157
66,165,117,-140,-35,178,-75,-84,81,147,176,115
57,181,107,-118,-32,151,-86,-81,62,142,155,114
75,148,110,-112,-13,152,-87,-34,67,94,179,116
45,178,88,-109,-12,139,-90,-53,43,140,139,130
60,132,106,-115,-32,114,-92,-70,29,92,130,93
43,152,92,-100,-15,110,-84,-56,21,106,132,99
50,133,101,-82,-3,92,-79,-56,44,106,119,85
42,124,70,-93,-17,106,-71,-52,40,93,111,76
57,110,83,-78,-21,91,-70,-45,32,92,109,82
-1,105,61,-77,-13,78,-56,-23,31,54,113,88
49,88,41,-53,-22,82,-55,-36,31,76,78,69
29,86,59,-49,8,65,-53,-17,34,61,98,49
25,70,25,-64,-5,77,-46,-34,5,40,107,56
27,54,49,-48,16,51,-15,-16,27,19,56,36
40,74,32,-46,-2,47,-39,-44,39,71,33,45
27,52,19,-41,-4,46,-33,-21,24,46,51,41
9,35,37,2,-23,32,-59,-16,29,13,47,30
8,41,27,-8,20,39,-19,-37,-5,35,34,55
5,49,11,-21,-7,23,-12,-21,-13,43,33,22
2,52,12,-17,11,26,-8,-5,6,23,40,23
-2,36,23,-12,1,29,4,-10,1,-2,24,8
26,11,3,-3,-22,15,7,-8,8,0,3,20
1,-5,-24,6,-5,-15,-9,12,1,16,1,8
-6,-19,-4,2,-4,-15,-17,2,-1,-8,-3,-7
2,4,-20,18,18,0,-2,20,-10,-8,-5,2
2,-6,-3,4,-17,-12,6,12,20,-48,-14,-19
-2,-13,5,-8,8,5,24,10,-27,-34,-24,-21
-16,-33,-18,8,-11,-16,16,15,-8,7,-11,-26
-7,-28,-25,41,-2,-15,11,6,1,-22,-21,-34
-15,-48,-39,28,21,-32,9,7,-24,-32,-43,7
2,-33,-31,23,26,-34,23,0,-2,-28,-50,-26
-39,-42,-16,24,-10,-45,31,24,-25,-32,-36,-43
8,-62,-20,23,-5,-24,17,22,-16,-25,-27,-18
-32,-63,-24,42,8,-56,34,13,-13,-33,-63,-19
-29,-66,-46,20,-4,-22,31,17,-25,-23,-38,-36
-40,-57,-24,57,-6,-31,31,23,-17,-40,-33,-43
-41,-47,-28,29,3,-40,28,12,-40,-45,-48,-44
-9,-84,-38,56,13,-53,36,14,-24,-50,-36,-35
-24,-67,-40,47,-8,-55,48,31,-18,-34,-75,-27
-33,-60,-39,44,5,-57,44,22,-32,-38,-61,-35
-25,-59,-33,54,22,-60,38,21,-21,-57,-67,-35
-31,-71,-40,49,-2,-63,51,30,-27,-37,-47,-45
-16,-89,-54,40,30,-60,56,24,-45,-45,-66,-50
-16,-51,-44,70,-4,-56,44,24,-24,-73,-52,-37
-7,-68,-52,49,26,-48,64,32,9,-30,-62,-56
-35,-67,-47,53,31,-67,53,47,8,-56,-93,-43
-24,-56,-52,40,18,-57,66,22,-32,-53,-55,-47
-22,-87,-73,51,-18,-69,39,22,-26,-46,-60,-54
-23,-65,-44,47,-9,-88,44,47,-53,-49,-60,-32
-33,-65,-49,47,22,-85,40,44,-36,-56,-63,-72
-44,-67,-50,47,13,-80,56,11,-30,-47,-58,-48
3,-76,-63,49,15,-76,36,24,-42,-49,-61,-57
-40,-76,-69,57,22,-63,40,33,-25,-75,-76,-72
-33,-76,-45,43,1,-74,55,35,-45,-67,-73,-53
-16,-103,-71,63,2,-65,52,35,-16,-66,-64,-58
-14,-74,-53,68,-7,-82,45,41,-42,-69,-65,-44
-51,-79,-60,68,36,-56,48,23,-16,-64,-60,-52
-24,-69,-65,59,-14,-85,39,35,-25,-59,-64,-57
-29,-96,-53,71,15,-65,60,36,-13,-61,-70,-70
-53,-72,-55,54,26,-82,41,29,-25,-45,-52,-57
-41,-71,-67,76,-12,-64,33,40,-41,-48,-82,-33
-31,-108,-51,49,17,-69,58,39,-32,-64,-60,-44
-12,-92,-44,65,31,-65,40,10,-16,-64,-51,-57
-34,-71,-50,41,29,-77,52,37,-23,-57,-72,-57
-24,-94,-48,70,16,-69,28,44,-25,-54,-73,-53
-23,-92,-50,46,11,-47,55,29,-9,-68,-68,-48
-44,-76,-54,59,20,-67,27,32,-18,-71,-62,-56
-27,-65,-69,70,2,-53,58,21,-1,-78,-73,-80
-29,-79,-37,52,16,-63,18,18,10,-68,-68,-55
-41,-72,-79,47,3,-68,39,9,-15,-60,-48,-50
-3,-64,-59,75,1,-66,48,30,-19,-74,-78,-40
-30,-89,-56,58,-2,-44,45,52,-29,-54,-68,-43
-21,-78,-37,62,16,-62,54,56,-31,-63,-69,-62
-23,-95,-48,68,-5,-45,48,33,-5,-48,-86,-45
-52,-94,-53,47,-2,-59,10,35,-29,-58,-70,-67
-9,-98,-57,46,17,-83,36,34,-31,-66,-90,-41
-24,-94,-34,52,-17,-73,48,48,-25,-52,-30,-66
-32,-87,-56,76,15,-71,57,27,-30,-36,-91,-51
-28,-97,-65,41,25,-64,47,40,-37,-66,-80,-40
-32,-88,-26,61,19,-60,42,32,-39,-59,-66,-61
-31,-82,-48,58,16,-52,52,25,-36,-67,-73,-75
-16,-96,-48,63,-1,-60,62,51,-24,-87,-91,-56
-25,-84,-46,46,10,-54,43,34,-12,-64,-62,-61
-15,-81,-35,52,-5,-50,56,31,4,-46,-36,-72
-23,-44,-38,41,2,-46,42,32,-15,-51,-74,-45
-14,-76,-32,62,6,-47,29,34,-42,-51,-66,-56
-37,-75,-54,58,-6,-70,23,51,-3,-84,-66,-60
-14,-91,-42,47,17,-73,44,30,-28,-70,-63,-44
-4,-68,-52,46,5,-86,48,44,-26,-87,-67,-60
-48,-74,-30,47,23,-69,30,39,-2,-47,-76,-45
-40,-65,-51,42,11,-61,40,19,-23,-37,-64,-77
-30,-70,-62,57,12,-69,46,34,-12,-56,-82,-47
-13,-60,-53,59,46,-68,51,13,-26,-58,-74,-31
-26,-83,-54,43,23,-53,34,21,-25,-38,-57,-54
-44,-67,-18,39,18,-59,54,27,-15,-58,-66,-34
-39,-69,-32,65,3,-52,51,37,-19,-51,-72,-49
-24,-54,-43,60,12,-69,48,27,-14,-52,-62,-60
-17,-81,-50,45,1,-66,71,19,-33,-40,-76,-56
-28,-52,-71,35,19,-67,46,36,-19,-59,-57,-65
-28,-53,-47,37,-5,-59,26,10,-21,-57,-56,-50
2,-89,-91,53,4,-43,24,33,-34,-66,-55,-67
-27,-73,-47,51,15,-40,34,24,-11,-47,-62,-55
-43,-77,-31,46,8,-80,26,40,-6,-53,-71,-37
-44,-58,-27,56,14,-49,51,31,-13,-43,-45,-48
-36,-73,-50,44,40,-45,44,29,-21,-60,-58,-39
-17,-85,-51,68,19,-39,31,19,-18,-53,-54,-9
-18,-60,-40,63,19,-66,46,25,-4,-35,-72,-34
-20,-49,-32,56,9,-62,40,19,-17,-47,-59,-48
-28,-89,-48,72,-1,-66,19,5,-15,-42,-56,-43
-18,-55,-54,38,7,-56,14,13,-19,-52,-44,-43
-10,-56,-38,43,19,-58,18,24,3,-50,-58,-54
-44,-66,-35,38,13,-60,44,13,-12,-54,-47,-58
-7,-33,-44,33,-10,-42,32,26,-10,-37,-56,-41
-21,-50,-28,39,26,-55,35,-1,0,-62,-51,-37
-13,-76,-35,41,24,-60,48,34,-38,-50,-62,-25
-25,-54,-39,9,16,-40,43,21,-24,-46,-75,-53
-9,-39,-39,45,7,-25,23,9,-31,-52,-56,-49
-10,-55,-31,56,1,-47,46,-11,-28,-28,-39,-41
-31,-61,-42,47,7,-36,38,14,-1,-45,-49,-33
3,-57,-16,51,-3,-66,44,-7,-40,-44,-27,-43
-19,-52,-32,6,21,-50,20,30,-7,-37,-46,-35
-7,-47,-43,27,-1,-43,21,28,-11,-12,-62,-14
-12,-41,-30,19,-6,-31,35,26,-4,-22,-31,-35
7,-40,-12,28,3,-35,15,25,4,-14,-54,-25
-6,-44,3,20,11,-35,8,5,-13,-50,-22,-18
-19,-30,-43,42,12,-29,11,-6,-38,-36,-22,-48
-15,-37,-16,3,0,-42,21,28,-11,-9,-30,-14
-8,-14,-12,18,17,-2,31,-4,-10,-17,-14,-1
11,-18,-14,11,15,-13,25,25,-21,-38,-43,-7
15,-19,-12,8,12,15,3,17,-22,-33,-17,-5
2,1,-20,-9,3,-43,8,19,4,-15,-19,-14
-8,-1,3,32,6,-12,1,-7,-10,-2,-22,-1
-3,4,-21,-14,7,-10,-14,-5,-13,2,9,-10
-7,-10,26,9,12,-11,2,0,-9,-3,20,0
7,2,8,-20,21,5,-26,7,-8,18,2,-3
-8,33,-1,-20,13,11,-20,-6,4,-2,21,20
20,38,4,-20,-4,17,-30,-28,-13,19,24,9
27,34,38,-34,-3,26,-4,-23,20,31,21,7
9,42,39,-40,-5,20,-29,-45,-3,66,29,46
2,57,44,-38,4,33,-16,-22,30,47,32,43
15,77,57,-38,-14,27,-52,-7,16,76,50,20
41,43,55,-47,-22,70,-36,-54,25,45,54,31
35,68,54,-60,-41,80,-51,-33,41,46,67,47
36,72,62,-56,-3,68,-55,-44,20,85,81,57
39,95,43,-84,-36,70,-58,-63,32,52,92,77
28,91,80,-76,-11,70,-53,-38,26,86,107,83
33,103,72,-97,-24,104,-63,-29,36,86,116,58
30,150,98,-95,-35,93,-65,-55,26,105,113,87
60,116,97,-78,-20,110,-67,-51,31,114,130,62
32,135,94,-93,-12,124,-64,-50,46,125,130,118
66,135,118,-117,-21,115,-82,-54,37,105,133,118
41,153,109,-106,-21,131,-85,-73,71,115,153,126
52,170,106,-132,-27,155,-91,-66,57,133,192,111
61,174,126,-108,-16,156,-102,-74,59,129,170,140
80,198,117,-128,-45,176,-93,-90,59,148,179,142
59,176,136,-127,-34,174,-125,-66,52,162,171,131
60,196,130,-129,-44,187,-124,-72,66,163,202,132
75,195,124,-154,-17,187,-102,-69,72,174,195,152
79,244,150,-156,-45,173,-115,-77,71,181,189,146
97,215,129,-148,-18,184,-134,-86,59,153,203,178
82,238,144,-148,-43,203,-130,-70,82,178,210,168
66,242,151,-171,-55,200,-120,-108,57,169,209,154
83,231,168,-166,-24,195,-136,-93,76,144,225,169
75,236,161,-148,-45,192,-133,-80,82,179,193,168
89,243,157,-153,-20,175,-117,-85,72,187,197,161
77,223,130,-143,-51,168,-116,-87,93,172,207,165
77,226,153,-160,-27,203,-140,-85,76,162,195,167
73,247,147,-140,-27,177,-116,-89,85,177,208,172
74,224,141,-143,-23,176,-121,-93,64,153,213,157
74,225,135,-155,-59,179,-149,-100,63,149,198,149
80,189,159,-144,-49,165,-116,-98,64,152,203,148
70,204,142,-135,-8,163,-120,-74,63,173,197,165
56,209,135,-150,-45,175,-130,-88,54,132,173,159
64,174,142,-144,-15,161,-109,-68,54,139,154,145
64,190,92,-128,-31,146,-103,-67,60,159,157,117
61,176,117,-118,-31,156,-77,-72,32,121,161,131
67,176,104,-125,-26,152,-115,-95,32,129,161,117
60,160,121,-102,-14,138,-97,-45,59,127,155,128
71,160,118,-107,-22,112,-91,-46,52,115,129,98
61,138,99,-81,-34,114,-79,-66,52,115,151,90
33,131,87,-85,-32,131,-76,-50,28,75,125,97
71,132,62,-60,-34,96,-54,-63,61,90,124,88
44,75,62,-58,-1,103,-64,-44,45,77,115,97
25,101,84,-82,-8,89,-36,-24,44,75,84,71
36,98,55,-56,-10,89,-64,-43,12,53,108,75
66,61,48,-52,-29,50,-45,-33,40,53,79,48
23,74,50,-52,-26,60,-40,-10,19,33,70,57
28,42,52,-48,13,57,-43,-31,25,35,60,46
41,54,26,-23,-26,57,-25,-42,22,62,43,45
21,57,58,-33,-16,40,-22,-28,14,63,33,15
14,27,27,-11,9,37,-11,-35,37,42,11,12
19,33,19,-17,-14,44,-7,-10,7,23,35,19
5,23,-6,-26,0,26,0,1,36,22,22,10
11,19,-2,-4,11,27,-15,-23,4,16,27,-2
1,-5,9,-26,-5,-5,-13,-7,10,18,25,24
1,4,-1,3,22,-12,-13,-10,4,6,27,5
-3,-6,6,1,-8,4,1,25,8,-20,4,15
-6,10,3,10,14,-2,0,8,3,13,-17,-7
10,-5,16,2,5,-4,1,3,-14,1,-1,-2
2,-4,2,5,4,10,14,18,-2,-6,14,-7
13,-24,-5,13,17,-25,17,19,10,-15,-13,-10
4,-31,-16,12,-6,-6,10,20,-6,-19,-18,-21
-11,2,-10,21,14,-11,25,15,-34,-15,-23,-18
-17,-19,-15,18,30,-28,5,40,-25,-14,-33,-46
-9,-36,-25,18,6,0,35,-11,-25,-17,-34,-12
-17,-44,-8,16,5,-33,9,14,5,-20,-45,-27
-14,-33,-5,27,-1,-26,27,7,-15,-31,-19,-6
-19,-46,-21,39,4,-19,25,-11,-17,-40,-24,-9
-32,-26,-29,31,15,-41,11,12,2,-49,-23,-24
-12,-59,-16,31,-4,-37,39,23,3,-27,-61,-19
-24,-57,-32,35,6,-55,7,38,-5,-40,-38,-31
-28,-56,-37,47,15,-47,44,30,-6,-64,-48,-42
-42,-49,-55,42,1,-67,24,35,-23,-69,-68,-35
-13,-82,-49,33,37,-43,33,24,-2,-62,-68,-70
-54,-84,-52,45,-2,-56,59,25,-23,-74,-57,-82
-31,-101,-58,62,-4,-85,62,48,-42,-63,-74,-64
-44,-123,-64,73,29,-106,49,40,-25,-86,-90,-87
-45,-116,-85,71,37,-119,68,53,-38,-106,-117,-86
-47,-143,-125,93,7,-111,66,64,-42,-97,-124,-88
-53,-171,-105,108,51,-135,99,67,-50,-121,-127,-117
-47,-170,-105,118,30,-141,104,82,-47,-114,-162,-119
-64,-166,-118,113,17,-144,86,61,-40,-170,-173,-114
-81,-203,-119,133,13,-155,111,64,-36,-148,-183,-110
-66,-179,-122,118,37,-174,107,83,-56,-125,-166,-148
-67,-188,-134,122,27,-161,111,88,-50,-143,-184,-128
-58,-204,-123,142,31,-167,121,73,-59,-146,-185,-125
-42,-181,-130,120,41,-151,93,61,-39,-142,-179,-120
-50,-169,-99,98,21,-146,78,66,-44,-136,-119,-95
-43,-122,-99,84,20,-116,54,37,-5,-71,-100,-93
-27,-102,-34,56,-7,-84,35,30,-7,-63,-71,-53
-15,-22,-26,6,5,-28,22,6,-2,-10,-8,-18
18,58,21,-27,0,27,-15,-33,28,23,23,6
51,128,67,-84,-8,89,-47,-52,27,78,108,95
61,223,130,-143,-42,158,-123,-86,64,157,202,141
108,290,187,-197,-47,261,-170,-111,94,219,253,211
139,420,267,-274,-84,337,-215,-138,125,287,366,277
172,526,317,-363,-72,441,-277,-222,153,368,452,328
228,626,388,-419,-98,510,-337,-250,199,475,569,417
261,741,466,-498,-109,599,-396,-295,217,548,642,520
285,827,541,-566,-129,680,-468,-311,257,621,751,570
330,924,580,-627,-126,754,-493,-370,257,671,836,642
349,992,636,-660,-153,833,-523,-407,300,747,886,679
379,1056,674,-722,-151,854,-561,-429,312,788,946,732
364,1077,696,-758,-149,897,-562,-438,300,781,955,753
386,1076,710,-726,-165,897,-605,-414,321,800,956,763
384,1073,706,-718,-166,879,-573,-405,318,777,940,749
358,1020,664,-696,-144,838,-549,-406,282,771,919,731
317,940,569,-665,-139,776,-517,-378,271,696,853,655
288,856,555,-593,-127,718,-470,-349,262,637,774,619
262,755,487,-495,-108,630,-420,-299,252,554,678,533
221,655,416,-440,-83,549,-358,-244,183,476,576,449
186,528,340,-328,-90,434,-303,-210,147,393,463,365
136,408,249,-250,-79,309,-226,-163,121,293,387,279
92,290,182,-207,-41,240,-172,-93,91,208,250,206
50,181,102,-130,-47,164,-73,-57,54,129,176,146
1,91,22,-53,0,53,-45,-32,11,57,70,57
-4,2,14,17,-4,14,8,-4,-3,-2,-7,-16
-16,-90,-79,51,0,-89,36,33,-36,-66,-66,-61
-73,-138,-107,106,38,-123,81,66,-45,-109,-137,-98
-67,-197,-150,157,41,-182,112,67,-66,-139,-169,-146
-72,-233,-157,167,35,-223,155,73,-54,-199,-197,-166
-76,-267,-168,180,58,-221,173,119,-77,-213,-240,-181
-101,-269,-185,199,45,-221,134,105,-81,-199,-248,-195
-99,-302,-178,198,44,-228,157,108,-91,-218,-261,-216
-86,-282,-165,189,24,-199,163,115,-79,-197,-258,-201
-91,-282,-169,200,46,-229,147,127,-90,-209,-240,-182
-83,-266,-175,169,33,-229,134,107,-70,-177,-227,-185
-74,-221,-158,160,26,-204,135,102,-91,-188,-224,-154
-68,-197,-135,149,60,-172,103,105,-90,-161,-189,-136
-61,-176,-122,118,28,-171,106,82,-30,-137,-148,-135
-72,-152,-108,110,41,-125,80,66,-68,-117,-157,-114
-22,-139,-104,74,7,-139,78,39,-35,-86,-131,-103
-26,-116,-41,73,5,-97,95,56,-36,-92,-114,-75
-27,-105,-78,56,14,-66,48,41,-38,-67,-96,-58
-22,-71,-74,54,34,-51,24,44,-35,-87,-63,-41
-6,-56,-26,35,-4,-29,23,24,-21,-57,-75,-34
-2,-56,-45,35,-2,-29,40,18,-16,-19,-41,-40
-10,-49,-25,22,0,-29,42,26,-20,-31,-32,-22
-12,-41,-35,11,3,-25,6,14,-3,-22,-20,-29
-31,-40,-34,13,6,-18,15,7,6,-23,-38,-36
-40,-20,-17,-6,13,-16,7,8,-4,-6,-25,-11
-6,-32,-23,-3,6,-22,17,8,-4,-15,0,-21
15,-17,-1,18,9,-41,-3,4,-2,-22,0,10
-17,-23,-16,18,4,2,-4,-4,-12,3,-17,14
5,11,-15,-16,10,-11,16,-10,15,-10,-12,-4
26,-8,9,20,7,-2,10,-6,3,-11,-12,-32
5,-5,-6,0,-18,-13,-1,8,9,-8,9,-18
-10,2,-1,-1,8,-4,14,14,2,12,-5,-4
-2,13,3,-16,-3,2,-1,-2,14,7,-6,-22
19,-13,-11,7,9,14,-7,-7,3,-3,1,4
5,5,-9,-2,5,1,17,-9,6,8,14,19
-2,20,11,-42,8,6,1,19,4,2,-1,-20
-4,7,2,-18,-6,11,-4,-34,-5,27,4,15
-2,-5,17,-27,-7,23,-10,-27,-7,-14,47,5
3,-15,9,6,-6,19,2,19,-11,25,14,9
10,9,11,-6,-7,26,-25,-18,3,8,17,3
-1,13,21,9,6,40,-12,-32,36,26,42,7
-9,19,14,-15,-16,18,-33,-9,16,26,17,51
22,12,19,-24,-3,32,-6,-12,10,21,47,5
5,33,11,-28,-1,20,-37,-12,21,54,37,53
17,55,30,-39,6,27,-18,-30,6,29,48,25
27,37,38,-44,11,38,-50,-4,2,17,10,19
17,50,53,-23,8,31,-22,-5,12,53,60,35
15,53,40,-43,-7,83,-24,-14,2,30,58,42
25,56,40,-40,2,50,-30,-40,20,43,59,50
23,79,40,-36,-25,67,-20,-27,-12,34,77,44
46,69,52,-60,14,54,-24,-51,25,51,74,73
13,71,56,-56,-6,82,-34,-39,16,46,70,43
29,90,46,-71,-33,73,-61,-22,18,76,68,65
30,97,59,-64,-15,62,-47,-45,26,86,85,63
42,100,59,-59,9,90,-77,-48,19,60,89,74
11,112,59,-50,-26,98,-81,-31,17,87,119,69
21,91,75,-98,-12,96,-61,-54,16,116,93,86
52,119,90,-79,-29,98,-52,-42,30,97,113,68
46,115,59,-102,-13,91,-84,-77,47,104,136,93
58,156,89,-88,-15,109,-88,-60,26,131,115,111
44,141,115,-104,-19,104,-84,-72,43,127,125,103
75,166,98,-116,-12,130,-78,-59,31,123,148,95
59,156,102,-95,-39,141,-90,-55,52,117,169,127
60,178,103,-127,-23,128,-95,-66,29,135,160,117
68,193,124,-109,-38,132,-110,-86,50,142,157,127
70,193,128,-98,-35,165,-123,-68,30,158,163,147
57,213,127,-129,-15,184,-114,-53,66,151,179,151
85,196,142,-158,-55,185,-123,-91,51,166,196,172
65,223,165,-141,-29,166,-104,-96,87,168,214,151
83,227,164,-171,-44,187,-135,-96,65,178,198,165
89,253,176,-154,-35,209,-123,-110,60,173,194,173
88,242,162,-183,-45,204,-134,-112,82,189,237,161
93,242,170,-183,-40,199,-141,-87,74,191,236,183
90,280,161,-182,-45,230,-134,-106,69,199,237,193
105,272,183,-189,-47,251,-145,-115,62,204,240,201
110,288,181,-196,-28,236,-154,-121,91,211,246,199
106,299,209,-200,-46,247,-159,-108,91,242,262,212
104,308,227,-219,-45,269,-178,-121,89,217,279,230
136,311,223,-231,-59,277,-182,-139,90,246,272,218
120,323,231,-219,-60,264,-165,-124,117,258,290,251
107,329,205,-231,-56,282,-189,-133,92,245,298,232
106,374,213,-235,-33,286,-198,-138,116,273,313,229
123,367,240,-252,-67,274,-194,-152,125,273,332,229
126,344,243,-236,-66,289,-201,-154,100,266,335,250
117,395,232,-278,-52,295,-189,-143,116,250,350,222
122,386,247,-271,-61,334,-191,-130,123,277,359,289
146,381,259,-266,-43,290,-202,-144,113,275,347,274
157,391,254,-262,-54,326,-209,-173,119,306,322,286
138,405,278,-294,-71,330,-229,-160,117,303,352,258
146,415,241,-279,-73,338,-233,-157,125,329,369,303
135,382,295,-274,-51,333,-222,-161,135,297,366,283
123,412,277,-291,-71,340,-218,-174,132,295,376,293
165,396,278,-290,-44,379,-244,-172,127,301,393,291
151,424,307,-294,-60,362,-258,-162,113,311,360,310
151,416,284,-255,-67,356,-252,-186,125,311,376,293
133,432,297,-294,-66,359,-230,-191,130,328,383,321
148,419,297,-280,-64,360,-244,-179,154,335,404,308
145,435,304,-305,-73,365,-227,-168,141,327,373,286
156,437,283,-263,-52,361,-241,-177,116,321,397,293
164,437,271,-300,-57,372,-225,-158,123,322,398,300
162,448,300,-307,-67,357,-233,-169,129,354,379,297
152,452,272,-295,-56,371,-238,-134,149,326,385,299
137,436,289,-305,-74,362,-254,-165,110,305,393,298
149,429,280,-272,-79,364,-236,-183,132,326,375,305
150,422,275,-291,-84,378,-229,-180,145,318,402,298
149,432,271,-301,-95,338,-232,-173,103,312,377,287
151,403,282,-267,-78,350,-231,-158,123,324,405,290
139,433,241,-261,-70,349,-237,-166,132,315,388,301
146,410,266,-275,-50,349,-232,-177,102,297,346,309
129,401,250,-277,-64,327,-223,-179,109,310,386,303
136,411,261,-270,-87,333,-212,-148,107,307,339,275
126,393,256,-269,-62,318,-215,-153,127,290,372,277
152,403,247,-266,-48,308,-183,-157,109,294,350,271
128,360,235,-252,-53,317,-213,-151,102,261,337,266
130,389,257,-250,-31,311,-184,-146,135,273,343,276
112,361,244,-254,-31,295,-204,-151,116,293,320,262
107,329,244,-238,-60,304,-207,-161,103,274,313,251
150,352,211,-253,-58,295,-197,-124,93,265,326,237
114,350,223,-224,-69,285,-189,-118,111,264,314,233
109,344,191,-233,-61,280,-170,-110,104,247,303,221
97,313,214,-222,-46,266,-176,-144,92,224,273,223
128,320,182,-211,-36,263,-170,-126,97,232,272,222
94,327,202,-205,-45,268,-154,-113,81,226,255,212
88,301,175,-226,-64,246,-154,-104,76,222,262,213
98,269,191,-194,-33,245,-176,-132,77,237,259,194
81,282,173,-166,-64,229,-147,-113,81,200,245,183
89,263,161,-172,-30,241,-152,-128,72,199,239,201
106,248,141,-181,-45,202,-164,-108,72,181,224,172
73,247,141,-165,-34,200,-148,-98,47,173,227,160
90,236,167,-160,-25,196,-112,-88,69,172,203,173
85,236,143,-160,-12,168,-136,-95,66,174,202,174
48,221,137,-146,-36,162,-97,-82,60,166,212,129
107,198,149,-161,-28,164,-99,-81,68,143,196,167
74,215,132,-117,-40,180,-119,-85,69,154,181,118
81,170,115,-123,-33,166,-87,-90,45,144,182,142
28,184,113,-133,-39,155,-88,-74,54,137,173,120
49,151,134,-127,-31,132,-93,-75,44,125,147,126
57,157,98,-118,-22,151,-58,-62,39,114,138,108
34,152,107,-100,-18,123,-84,-63,47,136,130,109
65,121,79,-86,-12,109,-53,-48,56,96,120,84
52,132,90,-104,-31,107,-53,-58,26,112,127,82
39,126,68,-106,13,105,-52,-23,51,94,101,73
49,109,74,-67,-18,84,-65,-36,44,72,89,75
33,106,78,-81,-28,70,-46,-54,38,89,107,90
36,95,91,-64,-20,100,-28,-40,18,67,107,70
32,112,74,-57,-6,77,-50,-57,32,65,83,87
19,100,52,-62,5,71,-42,-34,33,63,84,56
49,103,42,-37,-55,84,-42,-32,22,54,61,56
14,94,35,-43,-30,46,-46,-49,10,54,70,82
21,57,45,-62,-10,44,-44,-27,17,42,70,85
13,53,36,-34,-37,57,-35,-41,13,67,62,61
18,66,34,-33,0,37,-31,-33,0,42,67,44
20,38,36,-42,15,35,-34,-17,3,32,51,51
17,48,31,-47,-20,31,2,-15,7,37,38,42
18,39,13,-33,-5,58,-49,-20,5,33,39,44
25,41,28,-19,5,45,-16,-7,20,36,39,39
-8,39,11,-15,0,40,-21,-12,15,36,22,22
22,41,27,-5,19,17,-14,-6,8,40,20,9
-11,31,38,-19,-6,-1,-15,-32,-2,10,21,1
19,38,37,-12,-31,36,-17,-8,8,11,9,22
-5,43,23,-14,-10,28,-10,-6,-3,17,12,7
-13,43,11,-41,3,0,-30,-4,26,4,21,2
9,10,-2,-25,-8,27,-7,9,-1,0,30,14
2,-3,10,15,-3,19,-7,-16,19,21,9,1
7,2,36,-13,-4,4,-11,-9,-3,25,31,17
52,9,0,-19,-18,23,-15,-15,5,8,-5,2
-5,13,8,-5,-14,0,-12,15,8,12,23,3
4,-1,20,-5,8,15,5,19,11,12,-8,2
9,11,18,-20,-7,-10,-6,16,2,17,-1,-12
-14,16,-12,-18,-4,-2,-13,8,15,-2,-4,0
8,13,0,19,13,5,-13,-2,-6,-6,2,11
-11,8,-3,4,-4,-11,-14,-11,-25,-9,17,11
13,-8,6,-3,-10,-11,2,23,2,20,7,11
-5,-5,5,7,2,15,-13,13,-9,1,36,7
-3,-14,-9,-18,-6,-5,-11,-3,-16,-11,4,0
-8,7,13,5,3,5,18,-3,7,-4,-6,5
-22,-14,-26,7,-12,-8,-1,-8,-1,2,-38,-9
-11,2,-5,14,5,11,11,-6,-9,12,-3,-10
9,-7,-15,16,-1,-3,16,38,-9,-17,7,-7
-15,-9,13,2,20,-10,13,7,2,1,1,6
-9,16,4,-5,-3,-1,4,-11,6,-10,-8,5
-10,-2,3,25,0,-3,-7,-9,0,-5,19,-25
-15,-10,-15,-26,17,1,-6,17,10,13,-2,26
9,0,8,-11,-11,-9,-12,3,-2,-3,-6,-10
9,26,9,13,-4,-3,-8,-2,-24,-13,-8,20
-28,-14,-1,3,7,-5,3,-1,3,0,-8,0
-10,-10,-5,23,0,-12,-4,-8,11,-5,-4,-2
26,5,-30,21,-8,1,12,-10,-7,-3,13,-14
3,7,-1,2,26,-25,-2,34,-1,3,-18,-7
2,1,-12,4,4,23,12,0,0,-12,0,6
29,5,1,-10,-3,-8,11,-11,3,-3,-5,-7
-7,-34,2,-9,14,17,-11,-6,-4,-2,-19,24
23,-8,-10,14,21,-14,5,-5,-13,17,18,-2
-2,-16,-10,-18,-8,-6,-20,6,-5,-14,-10,-4
13,-1,0,-18,3,-28,-23,-5,12,-9,-18,-17
24,4,-5,-11,20,33,3,-8,21,-30,7,2
3,-7,11,-4,-15,12,10,-7,14,-22,-9,3
32,3,4,22,0,16,0,10,3,0,34,-7
8,-1,2,9,-11,16,3,11,-21,3,0,0
-5,0,-2,-11,-1,13,-15,16,-31,12,-16,16
-8,0,16,9,-7,-30,-13,-5,-4,16,-11,10
-9,-19,8,16,7,1,-9,25,-12,5,-2,-2
-14,-9,29,-10,1,-1,6,-9,11,-2,-17,-7
-21,2,-1,7,0,-17,-18,-9,10,9,-9,4
21,21,1,9,20,-9,-15,-15,22,6,29,0
-3,1,-1,-4,-14,-6,4,2,-12,-7,-6,-14
16,16,-18,-2,-2,9,11,9,0,4,26,12
-14,-8,9,-2,-4,9,18,-14,10,-10,4,9
7,-9,12,17,17,18,-7,29,1,18,12,-1
39,-1,10,5,15,2,13,4,-12,12,7,15
17,17,-2,15,-22,4,4,-12,12,-10,21,-3
17,-7,10,-4,-5,24,-3,1,7,20,3,2
4,17,21,13,-23,10,-9,-9,0,-12,4,4
10,20,-6,-6,5,-10,-21,-21,0,16,6,18
-15,-2,-15,-9,1,22,-17,-24,3,10,-2,24
4,9,16,9,-17,9,-7,-1,9,-1,-4,22
15,-4,-8,6,8,15,-18,-27,-6,2,16,17
-15,0,5,0,1,24,3,-9,-11,-3,36,-19
-6,22,-2,-10,-7,17,-21,-8,-6,17,11,0
-10,-2,15,-7,-22,-4,1,-8,5,18,8,-14
3,26,27,-15,18,1,-3,-4,0,1,-1,-1
-8,1,13,0,-9,0,10,-7,-29,5,1,-15
-7,8,-14,-10,-5,14,11,13,9,28,7,12
14,-5,-2,-12,-21,35,-2,11,17,11,6,15
14,14,10,-18,18,10,12,11,-14,22,-7,11
22,17,21,-7,6,10,3,2,6,3,11,15
12,43,-12,-8,5,18,9,-1,-14,1,37,26
-4,12,13,-15,-2,41,-7,1,4,-9,0,6
10,0,-11,2,-12,-13,-26,-2,14,14,27,7
-7,-4,3,-14,-7,28,-2,-8,2,12,5,28
18,31,29,-15,-2,2,-24,-15,-6,23,25,12
16,18,5,-16,4,9,-3,-12,22,13,28,0
12,23,-7,-10,17,-2,-10,-20,11,-12,5,-9
10,24,16,10,-9,15,1,-25,6,21,14,-2
-24,26,5,-2,1,35,15,-28,-23,8,9,16
7,21,20,-7,9,7,-9,-1,-5,17,38,11
32,12,24,-13,11,15,-3,-21,8,20,-8,16
-3,-6,9,5,-19,-22,-14,-18,3,-4,15,2
-5,15,3,-34,-22,27,-12,-13,25,0,27,12
12,5,13,-12,15,4,-23,-27,-4,17,39,38
9,30,15,-14,14,3,-7,11,14,7,6,-1
34,24,12,-15,-28,22,-11,8,-4,19,45,18
-4,23,7,-23,-29,31,-11,-2,-23,14,26,26
-4,24,15,-13,-18,38,-5,11,-12,-2,29,27
16,32,14,-6,-11,28,-6,9,21,20,40,7
17,21,20,-31,-11,24,-30,-5,4,10,8,20
28,23,30,-29,9,29,0,-19,11,38,23,10
8,27,4,-31,0,34,-24,-19,-2,23,28,38
1,51,13,-40,-21,10,-22,-25,6,31,48,11
8,43,30,-28,-4,34,-3,-1,10,38,22,35
-6,63,11,-13,3,35,-56,-4,20,41,47,39
18,50,28,-36,-5,19,-26,-26,10,28,54,61
5,55,42,-25,-16,34,-35,-9,26,41,39,33
26,64,40,-26,8,68,-45,-21,13,43,52,38
12,65,61,-48,8,68,-34,-39,20,38,66,42
15,58,40,-28,5,60,-48,-21,11,58,84,55
34,66,51,-53,-11,47,-61,-55,47,48,59,62
25,55,52,-54,-8,76,-50,-25,35,64,91,58
26,86,48,-60,-9,78,-46,-30,18,54,103,62
23,71,79,-60,-34,81,-67,-55,34,61,78,78
25,100,71,-81,-19,67,-63,-52,22,93,90,85
56,121,61,-68,-16,98,-58,-61,24,78,95,86
43,106,75,-89,-11,93,-54,-66,36,90,100,81
44,155,101,-106,-5,110,-84,-63,32,105,146,105
41,134,98,-93,0,121,-79,-55,35,93,128,85
43,122,81,-98,-31,145,-77,-56,52,104,133,109
53,155,102,-98,-31,131,-73,-76,58,126,139,92
61,173,108,-128,-30,146,-86,-90,56,136,152,141
59,174,111,-120,-32,154,-90,-89,48,136,163,136
65,174,122,-120,-37,179,-105,-78,50,142,168,131
88,204,133,-140,-38,159,-107,-78,44,152,175,139
82,208,134,-148,-35,171,-121,-85,66,160,183,151
57,231,147,-141,-40,208,-92,-98,70,173,204,165
85,208,158,-169,-43,188,-115,-94,53,182,186,131
87,233,133,-144,-56,187,-144,-102,70,189,198,169
88,235,163,-173,-31,194,-136,-72,68,168,213,154
92,266,154,-164,-25,223,-162,-100,83,199,230,180
106,239,179,-158,-27,199,-160,-104,99,207,243,176
115,254,154,-202,-50,213,-123,-99,89,202,240,169
78,302,162,-200,-39,204,-138,-112,83,193,228,194
91,269,199,-200,-62,218,-175,-120,89,215,229,212
99,281,182,-207,-31,241,-135,-116,93,216,242,219
101,300,185,-208,-44,242,-157,-94,83,240,261,215
72,294,203,-199,-43,263,-150,-125,87,234,263,223
98,302,207,-211,-50,272,-156,-128,71,236,278,219
115,298,197,-186,-51,238,-133,-119,76,208,285,214
109,300,210,-203,-43,264,-166,-128,104,226,271,219
129,300,198,-198,-40,259,-163,-124,71,224,270,206
92,302,196,-213,-48,254,-154,-131,99,207,271,206
129,307,195,-201,-50,272,-172,-140,94,221,274,216
99,307,190,-195,-40,251,-162,-133,90,216,267,195
106,283,185,-211,-22,252,-174,-121,81,213,262,203
90,296,180,-196,-49,244,-157,-115,88,225,265,203
115,296,199,-177,-43,246,-128,-96,79,225,251,198
104,283,186,-200,-29,252,-147,-109,79,208,255,200
98,280,178,-181,-45,228,-153,-95,72,212,270,195
76,273,170,-170,-31,221,-146,-107,60,215,247,172
102,273,179,-165,-39,217,-137,-114,56,201,233,178
98,251,165,-186,-41,207,-145,-102,77,179,234,161
58,241,156,-176,-52,197,-135,-82,61,186,209,175
89,241,165,-179,-21,192,-128,-85,71,182,219,175
80,236,125,-139,-37,175,-113,-90,63,170,199,165
71,199,139,-140,-29,167,-99,-91,70,160,174,151
85,212,130,-145,-29,186,-103,-80,72,145,181,134
66,191,114,-139,-23,141,-109,-78,57,123,184,143
74,195,111,-132,-27,161,-127,-84,60,135,152,151
63,170,110,-131,-5,150,-108,-73,63,115,141,121
50,178,124,-107,-34,136,-103,-45,81,106,142,111
61,163,111,-102,-31,110,-100,-53,47,112,135,111
47,151,104,-103,10,137,-56,-56,47,108,150,107
51,152,102,-113,-28,100,-88,-58,40,93,123,83
56,147,107,-104,5,91,-72,-39,43,69,139,84
34,116,64,-91,6,102,-45,-81,28,96,121,90
30,96,60,-81,5,89,-66,-56,36,76,95,73
32,122,76,-67,-9,102,-65,-52,27,69,102,88
56,93,50,-56,-19,86,-38,-40,10,72,83,69
28,92,78,-83,-2,72,-59,-43,55,66,58,99
23,85,76,-67,-6,91,-56,-19,8,47,82,61
17,71,59,-56,-43,58,-37,-26,24,61,93,49
26,57,54,-49,-3,54,-50,-31,19,73,66,37
19,61,50,-51,2,46,-33,-36,14,50,37,30
28,62,60,-39,-35,59,-25,-17,21,49,51,46
25,76,26,-45,8,64,-37,-21,10,57,41,17
5,59,33,-26,-23,38,-29,-15,10,50,50,23
-4,58,33,-56,4,45,-40,-22,18,24,65,36
7,48,16,-19,-2,47,-21,-40,16,41,28,42
10,41,23,-33,-11,47,-34,-7,34,27,46,38
32,55,32,-22,2,38,-17,-23,7,38,38,32
18,36,55,-23,-7,9,-15,-26,19,36,33,21
41,52,28,-45,12,19,-5,-7,-6,32,34,45
-1,32,1,-20,11,36,-9,5,3,9,40,21
8,35,13,-10,-16,7,-15,-18,2,36,23,37
-2,41,37,-28,3,-6,-12,5,-3,57,16,-10
-11,14,-20,3,22,24,-12,-11,18,30,20,13
4,21,23,-6,-4,22,-15,-12,0,28,-3,5
-5,8,18,10,-10,19,18,-27,-3,-1,9,20
5,-7,7,13,-2,-18,18,10,-4,-1,8,-4
-7,-24,-23,19,14,-21,15,4,-14,-27,-21,-29
-2,-24,-36,31,9,-29,33,19,-16,-16,-28,-23
-19,-31,-43,39,-7,-39,20,6,-26,-39,-46,-41
-23,-67,-36,47,15,-56,24,32,-19,-67,-56,-41
-31,-110,-47,46,-7,-53,55,34,-21,-69,-73,-59
-52,-98,-56,74,34,-75,75,25,-12,-59,-108,-56
-55,-112,-64,83,7,-91,91,40,-15,-89,-98,-62
-27,-119,-57,91,15,-91,63,46,-26,-87,-108,-102
-42,-112,-72,87,14,-110,64,49,-44,-102,-97,-71
-69,-126,-80,121,33,-103,56,58,-37,-108,-98,-107
-49,-133,-79,75,22,-107,50,40,-42,-93,-109,-93
-31,-123,-75,57,20,-65,57,30,-54,-91,-59,-84
-20,-96,-47,40,24,-75,35,47,-16,-72,-50,-44
-18,-45,-31,6,13,-36,23,29,-19,-13,-51,-36
10,-20,4,17,11,-23,9,-11,6,-7,8,11
11,30,46,-32,8,58,-44,-31,27,22,92,40
53,111,72,-75,-1,103,-48,-49,25,94,87,67
71,180,140,-148,-36,180,-115,-105,52,152,182,139
105,318,212,-180,-49,236,-161,-123,86,242,264,193
151,393,272,-255,-73,333,-202,-166,128,292,375,273
175,489,330,-318,-81,418,-274,-193,138,383,433,356
227,595,378,-387,-73,489,-342,-237,192,438,530,411
232,715,472,-467,-110,602,-416,-279,198,534,662,503
288,809,520,-552,-108,657,-462,-353,221,625,729,592
334,920,576,-633,-141,786,-499,-342,281,691,816,654
360,1000,674,-657,-154,837,-531,-413,314,768,897,703
390,1050,691,-714,-146,897,-575,-436,310,817,956,745
387,1117,728,-750,-167,915,-605,-447,332,854,972,772
410,1136,751,-781,-174,949,-619,-464,365,840,1025,785
406,1118,730,-755,-171,910,-595,-441,337,861,994,790
387,1101,704,-731,-168,885,-619,-441,320,835,992,754
382,1057,658,-705,-155,878,-586,-389,303,797,974,746
341,972,620,-651,-155,805,-545,-372,312,728,879,685
304,873,557,-605,-146,724,-493,-336,270,659,780,607
275,775,499,-531,-143,626,-408,-321,235,582,707,543
245,654,420,-428,-83,531,-376,-256,208,502,586,449
184,530,364,-378,-70,440,-281,-195,172,398,478,387
145,415,265,-292,-62,351,-225,-173,132,331,370,274
125,291,200,-219,-35,245,-165,-111,98,237,267,213
58,205,116,-131,-40,173,-90,-64,67,149,180,147
32,107,43,-74,-46,89,-33,-54,60,86,89,87
28,11,14,-21,-15,25,10,-8,17,13,-4,21
-10,-50,-58,37,17,-47,14,16,0,-22,-56,-28
-50,-112,-77,84,25,-82,52,59,-15,-91,-116,-95
-64,-155,-92,123,18,-130,104,48,-60,-115,-139,-128
-72,-209,-128,132,26,-182,111,62,-77,-163,-190,-156
-67,-219,-154,147,44,-190,129,97,-83,-182,-194,-164
-88,-230,-149,174,66,-193,111,84,-73,-158,-217,-186
-84,-244,-147,177,13,-202,148,94,-51,-162,-218,-176
-77,-213,-166,166,45,-201,139,98,-80,-171,-222,-159
-61,-234,-145,148,24,-185,124,91,-68,-144,-184,-140
-59,-204,-115,152,57,-169,120,74,-62,-169,-184,-145
-41,-157,-103,132,31,-138,133,75,-36,-150,-180,-108
-44,-179,-91,119,22,-104,81,65,-36,-125,-153,-116
-32,-145,-88,77,14,-97,72,65,-32,-116,-123,-83
-18,-133,-67,71,20,-99,62,53,-6,-90,-97,-78
-12,-85,-65,39,-3,-96,36,33,-30,-62,-75,-69
-27,-73,-43,62,13,-60,60,20,-15,-40,-48,-47
4,-42,-34,38,-6,-31,40,9,10,-43,-28,-34
-2,-27,-13,0,8,-18,11,0,7,-27,-26,-52
-7,13,-5,23,-3,2,27,8,-20,-2,-9,5
-10,6,3,-6,-8,-12,-30,21,2,3,-24,-2
11,24,9,-12,-8,10,-6,13,7,10,-1,20
10,20,8,-9,7,10,-17,-10,13,17,5,32
12,18,16,-21,7,14,-14,1,-22,8,30,30
4,36,2,-24,24,-2,-24,-26,18,39,46,26
16,33,18,-5,-14,24,-31,-29,5,34,33,26
-15,19,16,-11,-21,38,-52,-40,21,32,21,22
12,38,34,-35,3,37,-18,-16,4,41,33,40
-1,44,28,-33,5,48,-27,-9,20,42,17,36
5,65,24,-12,-5,37,-18,-3,6,13,33,37
15,66,38,-33,-15,47,-27,-18,-4,25,33,50
14,44,23,-50,-22,40,-15,-13,-9,40,48,48
22,67,46,-34,-3,34,-8,-20,9,30,18,28
7,31,33,-52,16,50,-34,-2,1,35,33,29
30,48,69,-31,-9,48,-37,-17,21,27,34,63
15,98,33,-53,6,21,-31,-15,21,66,60,40
15,73,39,-50,13,25,-34,-31,24,51,37,42
20,47,35,-60,17,39,-36,-17,3,35,50,30
50,61,56,-35,-6,40,-29,-28,26,54,75,30
19,67,50,-48,-13,60,-39,-25,31,73,64,30
21,63,64,-58,-6,57,-32,-20,-3,32,77,76
24,71,55,-38,-17,54,-45,-18,7,64,85,73
23,80,48,-45,-14,58,-41,-36,32,48,73,61
38,72,68,-55,-25,72,-48,-26,49,60,62,67
15,92,62,-66,-9,81,-39,-29,23,59,90,29
9,74,44,-68,-6,77,-58,-37,18,73,84,80
36,104,47,-58,-9,77,-44,-15,17,79,86,59
22,116,65,-66,-11,68,-40,-27,30,77,93,96
38,108,62,-90,-18,98,-42,-38,47,83,94,60
34,104,63,-74,0,114,-62,-16,18,103,92,92
26,126,100,-76,-14,95,-78,-41,35,88,107,80
35,125,74,-88,-24,93,-74,-49,35,91,93,108
42,108,66,-92,-20,115,-59,-32,22,101,106,67
57,137,89,-126,-28,131,-85,-51,47,119,133,98
50,161,79,-103,-24,111,-74,-45,61,114,112,96
44,160,110,-117,-29,128,-88,-60,40,125,144,114
80,150,111,-106,-26,115,-89,-62,50,105,143,120
72,153,120,-129,-19,150,-84,-86,47,114,140,107
55,174,102,-115,-19,150,-107,-79,43,136,153,132
71,175,121,-123,-26,147,-92,-74,34,129,154,131
65,164,118,-132,-10,142,-95,-81,74,135,154,127
91,196,131,-131,-18,148,-112,-84,67,140,163,132
76,181,139,-131,-43,164,-122,-61,73,156,182,148
66,214,155,-137,-53,160,-122,-82,62,142,209,145
84,238,112,-148,-39,184,-123,-96,84,174,195,175
92,238,154,-161,-41,187,-127,-98,88,170,207,153
93,229,164,-165,-19,198,-135,-77,77,176,230,159
88,248,168,-168,-40,214,-136,-113,75,186,217,168
80,280,149,-183,-30,230,-140,-84,70,218,224,169
107,245,187,-168,-47,238,-162,-107,61,221,245,183
98,288,184,-199,-34,239,-146,-121,92,172,231,180
106,267,192,-210,-45,233,-130,-93,89,238,255,202
115,287,212,-201,-43,251,-154,-126,76,206,292,210
109,307,208,-225,-49,251,-186,-133,88,249,276,224
99,318,210,-217,-40,277,-171,-109,91,253,285,213
120,309,216,-234,-48,254,-173,-127,104,235,291,225
121,325,208,-212,-62,299,-195,-130,125,255,307,233
140,358,216,-218,-73,300,-184,-147,84,278,322,236
106,375,239,-223,-53,302,-172,-142,115,258,338,261
139,364,223,-235,-57,309,-177,-137,81,280,330,256
155,373,248,-256,-74,306,-222,-146,98,287,334,254
139,367,264,-270,-64,326,-189,-163,109,284,326,271
146,364,271,-257,-49,318,-209,-162,85,295,333,275
130,404,264,-296,-50,322,-214,-163,127,285,373,265
150,401,272,-277,-65,323,-223,-171,134,288,380,289
159,404,255,-267,-69,355,-213,-149,135,309,387,295
149,404,264,-256,-63,357,-225,-171,124,318,397,294
164,437,288,-280,-84,347,-262,-167,158,301,376,294
152,445,282,-301,-88,339,-236,-158,117,337,389,296
171,432,277,-318,-69,367,-260,-183,136,304,415,305
165,434,296,-299,-57,359,-243,-173,136,342,383,313
150,457,323,-308,-51,360,-257,-177,135,339,392,318
139,427,305,-320,-37,375,-245,-176,133,338,429,315
133,442,286,-316,-71,378,-256,-195,155,358,431,339
159,453,296,-291,-65,371,-275,-175,137,353,400,329
167,474,311,-307,-37,379,-234,-195,151,342,404,318
162,452,294,-310,-61,392,-264,-186,134,342,425,304
136,464,309,-307,-70,369,-273,-177,142,354,423,326
175,465,306,-312,-56,410,-240,-194,124,364,426,343
179,481,300,-299,-58,393,-251,-201,128,347,424,330
169,446,294,-331,-77,371,-264,-198,131,351,441,341
173,444,311,-326,-76,412,-265,-174,122,370,433,342
156,451,292,-320,-76,405,-249,-179,141,366,432,332
180,492,287,-313,-53,366,-256,-180,114,350,421,330
180,447,301,-338,-76,350,-246,-189,171,338,429,330
161,463,282,-303,-73,375,-257,-196,150,337,436,321
141,453,296,-319,-70,366,-261,-181,114,325,380,344
163,462,318,-304,-88,379,-258,-192,140,331,398,324
148,457,299,-300,-67,365,-246,-171,134,327,404,331
176,439,310,-293,-76,355,-269,-186,138,331,398,318
156,424,293,-283,-70,349,-236,-162,154,323,395,305
147,431,274,-287,-55,350,-220,-154,131,296,368,279
132,434,271,-287,-80,361,-235,-170,120,318,389,291
162,415,264,-282,-79,339,-247,-152,131,286,366,296
169,377,265,-283,-55,326,-211,-172,116,323,379,282
135,411,273,-265,-46,333,-239,-170,114,290,359,299
146,392,249,-269,-55,324,-233,-146,119,312,358,293
129,368,268,-261,-40,336,-207,-149,130,303,366,244
120,366,238,-243,-63,318,-208,-155,122,281,326,257
123,353,233,-261,-51,290,-178,-149,120,289,338,234
147,346,219,-245,-58,309,-204,-151,105,259,313,249
116,335,237,-212,-55,272,-181,-124,92,270,329,252
124,314,229,-215,-43,283,-183,-124,110,250,294,230
104,329,199,-221,-52,263,-187,-124,90,259,321,229
119,318,212,-230,-52,283,-177,-134,83,240,267,227
106,319,194,-218,-47,266,-135,-128,96,246,282,234
94,330,189,-179,-44,239,-151,-111,87,228,271,222
102,277,174,-199,-38,243,-172,-127,94,209,245,188
95,270,172,-213,-53,238,-161,-130,93,215,238,189
78,260,183,-154,-47,213,-139,-102,78,190,230,192
89,254,161,-172,-55,194,-127,-94,91,205,248,184
86,254,159,-172,-50,209,-143,-71,61,191,247,161
89,228,158,-169,-48,208,-131,-77,81,188,225,176
83,235,151,-149,-26,197,-110,-88,81,164,205,166
77,248,144,-137,-39,186,-127,-69,78,143,178,163
49,197,137,-150,-26,190,-125,-90,69,170,193,153
62,213,143,-141,-27,151,-109,-78,56,144,180,146
67,185,152,-119,-13,142,-99,-93,82,145,185,127
85,205,136,-119,-46,149,-102,-93,54,132,172,92
41,172,131,-118,-18,146,-112,-79,53,139,140,123
57,184,97,-106,-33,147,-101,-70,37,144,168,117
55,135,104,-99,-21,102,-80,-70,66,118,108,109
59,161,115,-109,-32,121,-69,-71,41,119,136,120
31,152,92,-92,-22,106,-75,-55,43,103,131,98
32,154,87,-107,-16,96,-86,-42,33,109,121,112
47,103,89,-96,-18,92,-60,-51,48,93,127,83
22,123,87,-87,-9,93,-56,-55,39,86,109,68
29,96,81,-58,-16,73,-64,-61,30,90,106,97
31,87,66,-68,-12,64,-64,-44,23,98,81,83
39,102,99,-74,-9,82,-54,-22,26,83,99,54
26,89,57,-91,-22,93,-70,-28,17,57,81,73
35,104,55,-70,-23,102,-41,-30,28,60,73,55
32,99,62,-51,3,82,-46,-36,3,59,73,56
27,61,48,-39,8,64,-48,-25,23,39,75,43
19,60,28,-67,-34,77,-29,-34,12,65,86,57
56,86,42,-38,-4,41,-43,-26,27,83,59,47
23,53,23,-27,2,74,-48,-31,10,40,66,30
8,44,48,-61,-2,60,-31,-19,12,21,46,46
13,47,42,-34,-34,44,-55,-28,15,59,64,52
25,64,42,-41,-5,35,-34,-25,35,26,67,21
26,52,34,-27,-1,26,-43,-9,17,30,32,18
8,45,30,-33,3,31,-38,-14,30,59,56,23
17,38,30,-47,-4,67,-17,-10,14,25,61,42
12,41,20,-28,-1,46,-30,-25,21,16,36,10
23,38,23,-27,-3,10,-35,-18,7,27,24,62
21,41,26,-31,-4,14,-20,-12,23,28,41,43
8,42,13,-16,-8,11,-25,-28,-2,25,20,43
16,20,17,-17,13,25,-3,-16,-5,22,39,19
7,9,15,-9,6,25,-20,-6,2,45,18,-2
23,38,22,-11,7,32,-5,-8,8,14,27,10
0,22,17,-27,-3,43,-28,-34,23,46,4,28
-8,22,14,-30,-12,22,-12,-5,10,21,-17,4
22,45,35,-14,2,22,-42,-8,19,6,21,16
4,49,8,-11,-1,42,-12,-11,1,12,16,20
7,25,4,-5,-8,0,-31,-6,-3,-4,15,13
5,7,20,-17,-14,-3,-24,-24,19,16,33,14
9,23,4,-29,-4,4,-24,-28,26,6,9,13
13,60,15,-12,6,24,-9,-11,5,4,-1,6
-7,1,29,-6,-5,24,-12,-23,9,14,10,15
-8,6,14,-7,4,27,-5,-9,1,11,4,2
0,20,26,-30,-3,16,3,-8,0,16,-4,2
-2,30,12,-15,-6,38,-6,1,-6,28,23,27
8,2,24,7,11,15,-3,2,10,22,9,6
20,10,7,-14,-2,4,-26,-9,5,21,3,26
-6,27,-6,-13,3,25,-13,1,1,16,11,9
-3,20,6,-26,-12,19,3,-17,6,22,23,11
4,21,19,4,-5,12,-21,-9,2,-2,7,25
-13,25,-3,6,2,-1,-8,-5,1,22,15,29
7,13,-14,-14,2,4,-11,-21,24,20,10,12
-26,34,5,-4,-9,-7,-11,17,10,29,13,6
-6,26,8,4,-10,21,-7,2,21,16,1,14
7,-1,12,-7,3,0,-8,-11,-3,15,25,-16
4,20,11,-14,-15,12,-15,0,25,6,-9,22
12,22,1,-6,4,0,-5,-4,-1,2,21,2
-4,-5,5,-12,11,5,-18,0,-2,18,18,15
11,19,10,12,-15,19,-10,-7,-3,2,22,4
-6,12,20,3,1,11,12,-5,-2,-8,27,23
11,2,29,-4,-11,21,-30,5,-9,-11,3,21
3,8,10,-2,0,5,-11,8,-7,2,10,4
1,18,20,6,-2,5,-24,-19,13,16,5,3
10,3,7,0,-6,21,-8,-3,2,10,3,0
-10,0,2,3,-3,14,-7,-13,5,17,27,26
-9,8,5,-15,2,17,-25,7,12,-12,23,8
-10,24,27,-20,-16,26,-13,6,4,3,-1,-7
-5,29,-6,2,23,-2,-42,-6,-9,-3,0,40
-4,13,25,-10,0,-11,-20,18,8,1,11,11
18,30,-9,-6,-5,21,0,-20,-3,-9,23,-2
-4,11,-23,-5,-3,0,-25,-27,10,5,-6,11
12,-2,13,-11,-6,4,4,0,26,12,6,-2
4,1,24,10,-4,23,4,5,2,14,10,1
13,20,-8,-3,8,19,12,9,19,9,14,6
10,18,27,-3,-9,-1,14,29,-8,23,0,23
21,33,0,-16,-21,4,-17,-10,-18,21,18,-4
5,5,-4,2,-7,3,-23,10,16,38,20,12
19,-7,12,-15,-13,28,-17,-8,6,13,15,15
8,1,4,-11,-30,35,-10,-17,33,8,17,3
-1,17,7,-7,12,38,-9,-1,0,2,10,2
-8,2,11,-1,-10,-1,-19,-10,0,19,16,-2
9,23,7,-4,9,19,-14,-17,15,7,29,-10
10,35,11,-17,-7,25,-4,2,0,-3,24,15
10,18,-1,-9,-1,22,-16,-6,4,4,16,8
12,36,8,-14,6,30,-3,-6,-2,5,9,8
-8,4,7,11,-3,25,-15,-31,-1,20,24,27
18,13,13,-5,-13,-28,5,-18,20,9,22,-3
10,18,-8,-28,-5,8,-9,5,-12,-16,0,20
-1,19,11,-23,-3,22,-10,-5,34,3,-3,0
10,44,18,-14,-8,23,7,-5,11,22,3,2
7,41,38,-34,-21,-13,-10,8,-6,16,9,-13
4,19,-6,-8,-9,3,-4,3,-9,9,12,19
-1,14,12,-5,20,17,-33,-14,7,-10,9,24
-1,10,21,-36,-4,14,-10,-3,-12,1,20,20
-2,21,-14,-9,1,13,-31,25,8,6,17,23
-3,13,9,-9,-13,1,4,-22,23,-8,15,38
17,16,32,-20,10,36,-16,10,-9,21,11,-17
-9,14,0,-12,0,-1,-22,-3,6,11,12,11
5,16,27,-12,-12,30,-16,-26,-13,46,8,6
3,24,-5,-16,19,2,1,6,-13,31,19,12
-5,12,16,-23,-8,3,-18,-12,-9,19,17,29
3,25,23,9,-19,16,-26,-18,7,-1,9,14
21,12,9,-19,-3,12,-8,-4,5,9,40,5
-7,20,4,-23,-4,22,-24,-12,-13,3,38,16
33,14,-1,-21,-23,18,-21,-10,18,32,3,23
-19,22,8,-30,-15,22,-23,-24,33,33,12,5
7,13,4,-26,-17,26,-20,-10,24,13,24,14
27,8,24,-32,-12,17,-26,-48,-9,23,11,40
12,37,27,-37,-17,25,-2,-5,13,11,18,28
33,22,21,-35,6,17,5,-13,14,5,32,4
-16,39,17,-11,-5,27,0,-23,-1,20,43,19
8,32,25,-27,-8,24,-35,-26,4,29,28,23
10,49,40,-32,12,16,-23,-10,33,32,37,25
24,42,36,-11,-12,27,5,-24,10,18,39,37
22,27,24,-24,8,27,17,-6,44,27,55,59
22,6,34,-17,-56,51,-27,-3,20,25,53,24
35,73,25,-36,-9,50,-19,-18,31,24,48,31
26,36,35,-26,-25,40,-32,-23,20,49,53,57
39,68,34,-43,3,39,-39,-8,36,30,73,57
27,48,47,-49,-31,56,-28,-20,23,61,62,54
39,82,32,-43,-27,51,-65,-13,8,58,85,35
17,99,50,-48,-17,63,-43,-31,25,48,64,51
21,79,56,-72,-32,36,-31,-29,34,50,68,71
25,81,54,-57,-27,68,-61,-32,33,82,63,64
37,112,78,-60,-25,67,-38,-25,35,77,100,46
37,102,73,-53,-14,77,-50,-41,44,87,98,68
32,99,53,-74,-13,84,-76,-19,60,69,96,73
59,96,87,-65,-27,94,-79,-29,12,72,90,91
25,126,83,-86,-25,99,-79,-71,33,103,129,87
63,152,85,-90,-14,121,-60,-50,60,99,149,95
59,142,94,-86,-44,114,-93,-41,26,93,114,93
48,151,97,-125,11,107,-90,-58,34,119,128,114
57,160,103,-109,-18,134,-81,-25,64,116,123,117
82,161,97,-102,-21,139,-96,-77,58,129,163,116
64,173,87,-105,-34,146,-94,-66,47,113,156,143
78,189,139,-147,-23,169,-94,-65,52,162,177,117
93,223,137,-123,-35,166,-114,-88,47,142,170,139
93,207,139,-133,-45,165,-123,-73,63,146,206,152
53,207,150,-135,-28,184,-119,-86,65,200,192,166
83,246,165,-154,-40,199,-129,-81,67,144,204,145
92,250,155,-174,-24,198,-124,-106,67,195,223,169
90,233,157,-165,-22,200,-118,-87,81,171,189,178
79,257,176,-158,-46,208,-145,-95,85,176,224,167
75,252,170,-171,-23,212,-141,-108,95,189,229,187
107,273,180,-183,-35,226,-143,-105,85,207,253,180
110,273,189,-187,-33,243,-168,-113,79,220,264,197
92,287,197,-194,-41,239,-143,-129,102,211,249,210
96,291,198,-208,-36,250,-160,-120,78,204,271,209
114,308,193,-191,-43,249,-165,-129,68,217,251,168
103,278,206,-190,-59,255,-153,-117,84,236,265,199
108,307,184,-211,-25,270,-176,-88,96,225,289,192
116,275,197,-182,-30,237,-162,-144,102,221,262,191
79,306,182,-193,-42,247,-152,-109,91,212,284,234
103,316,204,-187,-45,249,-177,-102,80,222,268,203
119,278,174,-217,-63,249,-157,-105,84,226,275,201
92,286,176,-185,-47,248,-175,-119,87,212,270,197
110,295,172,-204,-76,253,-156,-115,87,244,293,212
113,300,182,-198,-36,245,-161,-117,88,216,274,212
104,287,189,-166,-33,222,-154,-92,85,204,257,198
86,271,188,-202,-48,245,-159,-120,73,224,257,179
101,244,182,-171,-19,231,-146,-109,70,204,265,196
98,243,185,-178,-26,219,-147,-90,76,191,256,187
98,261,162,-187,-49,215,-149,-88,74,207,236,176
96,256,168,-179,-50,193,-133,-108,76,193,227,145
86,238,185,-169,-36,203,-137,-89,64,174,213,171
81,245,173,-152,-17,206,-141,-67,58,189,214,159
57,212,145,-163,-35,178,-156,-91,71,164,205,147
66,201,149,-146,-36,174,-123,-116,59,146,185,148
96,217,123,-141,-62,152,-124,-92,30,141,188,140
78,170,138,-138,-20,178,-102,-91,62,103,171,121
78,176,127,-144,-43,139,-99,-63,52,147,159,116
56,175,136,-116,-28,138,-72,-68,52,122,164,117
58,164,131,-104,-20,134,-97,-56,36,132,158,126
33,176,111,-109,-40,107,-100,-54,50,114,152,111
49,157,95,-88,-1,113,-83,-53,34,103,124,116
40,148,83,-79,-8,130,-70,-61,48,117,132,103
24,121,87,-95,-29,94,-72,-54,42,86,114,90
51,126,76,-70,-6,94,-49,-72,33,94,115,78
41,104,69,-84,-10,79,-68,-44,23,86,100,80
58,102,65,-79,-25,76,-50,-33,41,84,91,59
38,108,65,-62,-16,85,-39,-30,43,71,84,77
33,107,48,-72,-27,71,-67,-43,46,63,80,73
31,86,45,-61,9,102,-61,-40,51,73,80,49
23,86,53,-31,-19,67,-37,-13,17,47,72,55
25,60,41,-56,-7,51,-33,-24,33,89,44,35
3,65,44,-28,-6,48,-48,-19,19,51,64,29
6,69,12,-17,-10,42,-51,-36,31,40,64,41
24,74,18,-48,-1,44,-26,-27,17,39,43,51
43,44,39,-43,-14,40,-11,-32,12,34,58,12
7,53,28,-39,-4,42,-30,-33,-5,42,42,51
24,35,17,1,-25,39,-18,-16,-1,53,44,36
8,28,22,-31,-9,29,-14,-38,23,21,28,35
13,24,29,-10,-12,17,-47,-3,20,34,32,12
20,31,11,-42,6,39,-11,-19,23,32,40,3
-5,5,22,-16,-17,-5,-4,14,1,15,24,11
-1,33,8,-2,-5,22,-22,1,0,7,19,24
3,16,20,-11,4,8,-10,-15,17,30,26,11
8,25,32,-27,-2,14,2,-5,-38,22,-4,17
-2,4,23,23,8,-11,8,-4,10,-10,2,-24
-21,-4,-31,-3,-8,-3,-6,-9,11,-6,-11,-7
1,-7,-18,-12,-3,-25,-15,-4,-3,-17,-22,4
-8,-54,-9,19,8,-24,30,14,-1,-27,-25,-11
-23,-25,-21,27,28,-31,14,-30,8,-31,-29,-13
-15,-26,-34,38,10,-46,5,1,-7,-31,-23,-44
-22,-66,-28,42,6,-63,2,35,-32,-32,-67,-34
-4,-82,-45,65,13,-61,36,17,-46,-35,-61,-39
-26,-64,-24,46,12,-70,47,31,-31,-72,-73,-59
-37,-96,-88,77,4,-74,68,34,-17,-82,-74,-50
-35,-94,-98,74,28,-83,61,43,-20,-108,-121,-94
-50,-129,-93,73,1,-101,89,58,-49,-105,-115,-75
-34,-135,-95,109,32,-120,74,80,-27,-108,-121,-93
-43,-152,-101,102,18,-114,90,59,-50,-97,-128,-115
-64,-155,-103,83,17,-124,92,55,-44,-110,-134,-107
-66,-140,-107,120,30,-140,62,70,-33,-111,-136,-116
-41,-135,-102,84,11,-135,77,41,-25,-91,-111,-87
-47,-92,-54,103,32,-99,74,36,-15,-91,-106,-92
-30,-76,-47,60,18,-67,56,36,-35,-77,-97,-85
-17,-51,-23,33,-4,-32,30,22,-21,-41,-16,-14
4,10,6,-6,12,17,-33,-2,-6,22,36,10
41,87,78,-53,-17,76,-34,-45,20,63,71,46
54,147,93,-90,-24,128,-75,-73,47,110,129,88
72,232,162,-172,-51,209,-119,-81,75,187,204,185
113,342,223,-227,-41,268,-168,-131,93,258,307,241
145,420,277,-284,-63,360,-235,-170,118,315,393,318
191,544,353,-373,-83,437,-305,-226,153,412,476,383
217,669,441,-442,-86,547,-379,-264,197,486,599,471
272,757,494,-530,-130,644,-414,-316,225,557,718,531
326,877,572,-590,-126,712,-476,-335,235,646,790,604
320,953,632,-632,-160,803,-507,-354,274,732,868,661
365,1021,677,-694,-151,858,-577,-407,299,764,929,737
383,1102,708,-721,-164,904,-591,-423,315,822,991,766
372,1117,718,-757,-166,920,-605,-419,330,857,1013,785
365,1128,715,-760,-181,921,-598,-444,335,848,1012,799
384,1085,724,-756,-185,915,-595,-456,319,837,993,772
365,1056,693,-703,-160,880,-582,-439,315,801,955,730
337,1005,623,-670,-139,830,-539,-403,301,756,870,697
340,902,570,-623,-147,734,-502,-384,279,679,827,628
318,806,516,-544,-154,677,-444,-314,233,606,729,571
243,698,466,-460,-104,582,-398,-290,198,530,620,491
193,591,370,-392,-83,487,-282,-219,189,441,524,383
162,464,309,-325,-57,395,-252,-172,115,346,409,326
122,344,231,-198,-50,282,-194,-129,96,257,303,264
74,232,163,-147,-36,215,-135,-85,72,187,209,171
39,125,108,-78,-5,97,-76,-52,27,89,124,77
-3,69,51,-16,-7,59,-9,-16,27,27,27,46
-27,-52,-29,30,10,-28,22,-2,-13,-36,-41,-18
-40,-127,-90,78,27,-105,80,37,-32,-109,-128,-90
-54,-174,-114,114,30,-133,99,51,-53,-119,-165,-135
-91,-213,-143,141,29,-187,118,70,-53,-141,-210,-164
-106,-257,-162,149,53,-205,141,106,-82,-185,-235,-184
-90,-254,-191,189,38,-234,161,101,-77,-197,-235,-187
-95,-270,-184,179,26,-214,152,113,-71,-215,-252,-194
-93,-277,-192,204,31,-234,133,116,-97,-209,-257,-210
-97,-269,-170,178,49,-213,142,114,-94,-197,-243,-187
-112,-261,-172,175,14,-191,141,106,-69,-193,-237,-165
-97,-250,-153,150,42,-219,141,115,-71,-179,-216,-165
-72,-225,-149,155,29,-215,112,83,-53,-171,-216,-166
-98,-221,-128,132,25,-161,146,94,-83,-161,-143,-126
-46,-193,-103,114,26,-123,90,64,-46,-149,-141,-145
-52,-138,-70,84,19,-132,76,39,-48,-105,-142,-107
-42,-156,-63,76,24,-127,83,36,-35,-106,-121,-89
-32,-84,-74,88,-6,-71,50,53,-49,-71,-99,-77
-14,-88,-43,63,17,-90,58,43,-16,-73,-68,-73
-41,-85,-49,59,11,-62,38,41,-23,-69,-101,-56
-10,-48,-45,45,2,-27,28,20,-12,-64,-48,-69
-13,-41,-51,23,30,-42,35,19,-38,-29,-54,-56
-19,-32,-42,29,-1,-42,18,18,-21,-21,-49,-41
20,0,-5,16,-6,-37,23,7,-6,-6,-19,-22
-17,-21,-7,-10,2,-31,18,0,-17,-6,2,3
-7,-7,-7,-7,1,-61,18,20,-18,-15,-31,-15
-7,-7,18,6,13,2,-6,-2,-7,1,-17,-12
-1,-3,1,25,7,-7,-5,-30,-10,4,-4,15
-11,10,-22,11,-8,6,29,-5,0,2,-1,-3
-6,16,-4,21,9,-5,-1,0,-10,-12,-3,-7
-6,-9,-12,14,2,15,16,13,25,11,-16,-31
-6,6,17,-8,-13,9,-17,10,12,5,3,3
5,27,-15,-21,9,16,4,-21,4,-4,19,-9
11,-1,25,-8,13,-2,-12,-9,13,-11,-7,20
6,6,19,0,22,28,8,-14,31,20,18,-9
13,26,8,-6,7,7,-4,4,13,30,12,-12
-1,17,9,-18,-12,-3,-24,17,30,-9,4,7
8,33,8,15,-17,6,1,5,6,17,4,23
-20,39,6,-7,-18,3,-19,17,25,9,5,9
-1,34,24,6,1,14,-12,-6,21,7,14,4
8,24,13,-32,-4,41,-41,-16,1,18,22,16
34,3,30,-4,0,15,16,-5,2,19,22,43
4,21,29,-59,-17,24,-7,-18,19,24,28,28
17,39,27,-30,10,30,-15,-30,2,48,26,20
26,24,19,-37,-26,43,-22,-26,8,27,47,32
-2,26,23,-6,-26,23,-37,-25,11,35,37,4
10,34,17,-36,1,59,-9,-16,8,32,44,37
17,63,29,-14,-11,19,-33,-27,8,18,31,43
33,44,41,-33,-25,29,-38,-13,8,57,45,45
24,77,52,-52,0,76,-12,-27,25,26,52,57
31,66,45,-34,11,59,-41,-19,24,57,71,44
17,68,46,-38,-11,50,-26,-42,22,54,68,54
37,60,56,-22,-23,82,-39,-30,33,63,85,45
47,57,48,-47,-2,47,-64,-15,31,49,48,48
49,85,48,-33,-16,84,-31,-35,45,52,78,58
21,86,61,-48,9,67,-38,-20,14,72,80,69
26,95,55,-82,-30,95,-40,-40,41,76,66,72
37,117,94,-57,-10,84,-41,-47,8,72,105,91
38,139,46,-55,-28,92,-46,-44,47,98,116,93
33,95,72,-66,-22,90,-73,-64,19,77,91,97
34,122,80,-101,-12,107,-51,-56,34,97,114,86
47,131,80,-98,-24,108,-74,-39,31,113,128,90
46,157,105,-92,-11,119,-71,-60,50,90,112,84
57,147,109,-99,-25,121,-90,-58,63,106,138,92
51,160,124,-127,-28,150,-81,-68,40,125,148,130
56,163,113,-120,-13,157,-105,-70,59,132,161,105
23,174,101,-133,-52,147,-108,-94,40,155,158,120
61,179,115,-125,-14,148,-129,-76,40,148,174,116
71,203,133,-128,-5,156,-116,-80,51,130,179,143
58,203,127,-152,-26,148,-118,-66,57,149,204,163
78,201,155,-138,-40,173,-115,-74,51,156,209,150
70,220,151,-144,-38,182,-123,-78,80,151,194,156
51,242,143,-172,-45,214,-117,-96,79,167,195,161
90,252,162,-174,-36,189,-147,-92,65,158,220,163
86,234,150,-170,-17,210,-138,-93,42,157,235,189
88,261,163,-175,-35,230,-137,-116,67,194,241,165
120,266,164,-190,-48,232,-168,-91,87,185,255,181
105,257,185,-205,-45,244,-168,-98,85,196,227,173
114,292,178,-180,-38,245,-129,-116,73,223,265,207
80,302,195,-200,-43,268,-175,-109,91,205,254,195
105,297,201,-185,-49,252,-170,-136,71,239,291,203
102,314,204,-213,-58,265,-181,-107,110,235,301,218
109,336,224,-209,-43,278,-180,-126,114,248,308,243
102,316,212,-236,-51,284,-195,-126,92,268,300,225
116,346,236,-245,-43,295,-205,-140,95,264,315,236
131,353,233,-240,-68,273,-205,-132,107,271,302,248
130,366,252,-232,-64,306,-165,-145,102,262,313,227
142,361,252,-245,-50,292,-204,-133,113,269,329,252
120,355,238,-251,-41,331,-224,-159,105,280,332,266
125,371,242,-254,-28,316,-198,-159,110,266,336,266
139,385,240,-248,-59,319,-217,-160,117,291,351,259
145,391,276,-287,-67,332,-195,-171,121,280,362,271
139,388,253,-284,-51,326,-216,-124,127,290,347,274
156,406,259,-268,-60,359,-219,-153,122,296,350,284
144,396,266,-276,-55,307,-208,-172,137,316,392,279
140,417,272,-273,-62,352,-239,-189,133,319,364,307
144,400,263,-296,-65,339,-223,-170,110,296,372,280
144,414,286,-281,-71,342,-241,-168,150,310,376,293
179,400,286,-275,-58,325,-244,-174,142,296,371,290
134,426,279,-280,-51,351,-243,-178,119,309,352,303
176,422,281,-306,-45,357,-223,-177,114,322,392,286
159,431,272,-290,-63,346,-223,-166,128,331,384,297
135,440,269,-297,-70,355,-224,-179,125,341,384,280
134,418,265,-295,-67,336,-218,-169,133,331,372,298
149,427,287,-285,-102,356,-236,-150,113,318,371,277
137,417,263,-270,-71,358,-236,-166,123,310,391,303
141,419,294,-290,-68,340,-238,-184,119,304,359,308
134,413,289,-283,-61,331,-221,-169,117,306,372,284
142,418,250,-275,-45,354,-216,-160,108,286,357,283
151,425,259,-288,-52,341,-208,-145,138,287,353,288
152,396,267,-279,-41,320,-198,-161,112,294,372,264
137,410,242,-270,-56,332,-203,-166,126,276,355,284
136,391,246,-270,-65,327,-210,-166,117,279,361,297
134,383,277,-272,-67,324,-215,-152,110,293,338,270
127,388,243,-261,-40,305,-196,-150,108,271,336,259
130,378,234,-253,-58,300,-200,-162,122,271,338,283
127,376,242,-240,-54,310,-189,-160,91,286,316,257
119,341,222,-254,-33,288,-186,-145,102,267,325,266
134,362,203,-233,-57,297,-177,-142,105,258,317,234
127,352,215,-230,-68,313,-220,-146,104,262,309,236
109,316,212,-218,-52,289,-171,-133,125,264,311,245
102,322,195,-233,-48,287,-179,-124,98,224,296,228
102,338,228,-205,-41,252,-154,-122,113,245,280,233
93,314,190,-208,-34,263,-162,-136,92,232,291,210
89,314,197,-193,-35,245,-152,-100,82,223,267,207
112,289,199,-179,-47,250,-160,-118,82,215,260,196
92,283,156,-190,-38,234,-143,-117,102,196,220,199
82,259,169,-197,-43,217,-146,-100,88,210,235,192
87,249,150,-158,-50,208,-153,-88,110,208,243,195
71,237,159,-153,-52,182,-129,-92,82,202,218,184
85,243,144,-168,-39,184,-145,-111,75,160,201,173
97,226,152,-158,-27,190,-134,-90,50,175,204,129
72,216,141,-130,-31,170,-124,-89,88,164,182,160
72,200,101,-109,-43,167,-93,-47,62,146,194,116
65,211,112,-144,-26,162,-104,-77,69,136,177,128
72,184,128,-147,-23,146,-90,-96,44,138,140,140
75,153,110,-132,-28,143,-102,-68,52,148,157,110
57,154,105,-124,-21,126,-91,-47,58,98,133,115
40,147,102,-110,-13,145,-73,-56,54,121,133,95
57,123,104,-76,-39,136,-71,-20,40,104,135,105
41,119,90,-84,-25,110,-82,-39,46,116,131,106
38,130,76,-87,-4,121,-72,-47,25,111,98,93
16,106,94,-64,-12,98,-40,-60,8,83,93,76
46,96,63,-73,-27,83,-39,-44,23,91,119,95
36,103,56,-76,-14,78,-52,-33,32,85,97,77
39,81,62,-53,-23,55,-62,-36,23,49,73,66
29,79,65,-62,-18,79,-34,-9,44,61,78,55
30,64,42,-31,-4,63,-37,-32,25,42,72,56
31,52,36,-49,-9,60,-54,-31,8,53,52,44
18,61,40,-42,-18,49,-40,-29,25,28,34,46
32,55,34,-36,-1,52,-20,-38,17,27,62,38
9,47,28,-17,-1,34,-39,-2,13,56,42,28
11,39,34,-16,-12,23,-6,-37,30,19,21,51
-1,37,9,-17,-12,27,-27,-17,22,42,44,21
8,54,0,-15,-11,24,-12,2,8,32,16,16
13,10,21,-8,-7,4,-23,-8,-4,22,34,16
2,-3,4,1,12,21,-15,2,-16,-16,24,20
15,29,2,9,21,-1,3,12,-7,8,-3,9
11,3,1,-30,19,-3,14,1,-11,0,2,-29
-9,2,-24,-18,-13,-11,9,3,0,1,3,13
-21,-6,3,6,11,12,0,6,-15,-2,-15,16
28,-5,1,25,10,-36,32,1,-10,-2,-1,-19
-20,-24,-10,22,-6,-21,20,3,5,-17,-7,0
9,6,5,26,21,-15,-3,15,-11,-27,-12,15
4,-25,-11,-13,-3,8,13,-6,19,-15,-22,-6
-13,-11,-21,20,-21,-33,9,0,5,-10,-49,-30
-22,-22,-2,25,-3,11,12,11,-2,-29,-24,-18
-1,-21,-24,6,7,1,20,12,10,-36,-25,-20
-27,-27,-22,33,3,-28,-18,23,-22,-1,-10,-22
12,-58,-27,13,17,-25,18,12,-9,-26,-17,-24
-18,-43,-46,30,7,-46,34,37,15,-26,-54,-33
-5,-37,-23,20,4,-14,40,10,10,-6,-41,-31
-19,-31,-46,42,15,-31,29,20,5,-40,-37,-23
-4,-46,-33,45,-29,-13,45,11,-5,-53,-8,-32
-9,-39,-42,27,-7,-23,15,23,4,-17,-45,-12
-16,-48,-41,27,10,-42,17,9,-32,-11,-53,6
-4,-50,-19,17,8,-39,30,12,-14,-23,-39,-31
-15,-47,-52,44,7,-32,43,25,-16,-49,-43,-42
-20,-58,-40,54,6,-28,13,5,-13,-31,-20,-36
-4,-62,-17,24,9,-43,22,29,-5,-33,-30,-48
-19,-55,-36,13,12,-54,35,31,-9,-41,-55,-31
-27,-76,-19,42,0,-53,38,18,-14,-32,-60,-42
-12,-65,-37,43,11,-56,35,16,-30,-49,-49,-46
-23,-74,-46,51,18,-38,39,25,-24,-64,-56,-24
-11,-46,-38,7,33,-28,51,2,-8,-25,-50,-57
-32,-45,-42,59,15,-41,29,38,-22,-69,-49,-15
-4,-51,-41,26,12,-61,17,30,-17,-63,-65,-49
7,-48,-44,34,50,-54,31,8,-18,-38,-51,-30
-29,-72,-44,14,10,-31,39,25,-26,-45,-60,-18
-7,-53,-46,22,9,-50,26,23,-22,-28,-49,-56
-25,-53,-42,57,18,-45,37,11,-41,-56,-54,-56
-33,-55,-39,43,24,-43,25,18,-27,-46,-58,-62
-31,-83,-21,47,30,-32,25,5,-57,-48,-27,-48
-30,-47,-35,39,-3,-42,35,38,-35,-68,-55,-64
-6,-58,-49,48,-13,-36,30,7,-27,-35,-60,-29
-18,-59,-52,40,11,-53,13,32,-32,-45,-50,-43
8,-53,-31,48,11,-40,55,40,-8,-45,-40,-30
-29,-65,-46,49,-17,-52,22,28,-5,-75,-50,-40
-15,-71,-22,55,8,-49,36,26,-24,-41,-59,-37
-14,-68,-44,18,-2,-33,48,45,-25,-38,-62,-55
-11,-56,-43,36,29,-48,57,23,-24,-54,-51,-40
-9,-67,-26,32,11,-57,27,12,-14,-51,-55,-37
-26,-59,-46,49,-7,-41,25,22,-35,-45,-60,-48
-28,-69,-52,14,17,-66,17,48,-21,-46,-50,-29
-21,-74,-36,46,2,-59,57,24,-8,-41,-73,-52
-23,-38,-15,32,-5,-34,32,20,-16,-68,-67,-56
-30,-40,-29,50,-12,-50,25,32,-16,-46,-66,-34
-6,-79,-57,46,0,-63,52,8,-8,-41,-44,-79
-13,-56,-20,22,15,-64,65,24,-32,-42,-56,-32
-34,-60,-45,38,-10,-61,30,27,-32,-56,-81,-47
-8,-58,-43,37,15,-49,50,18,-17,-43,-54,-50
-24,-57,-34,42,-1,-33,20,30,-14,-65,-53,-35
-31,-59,-48,45,-1,-60,32,31,-8,-32,-38,-45
-6,-84,-42,23,4,-62,35,18,-30,-47,-59,-48
-22,-53,-41,44,12,-66,32,27,-29,-21,-54,-39
-17,-77,-40,38,7,-56,42,29,-26,-49,-65,-30
-18,-60,-32,52,25,-36,41,33,-9,-50,-63,-41
-18,-49,-38,27,14,-29,9,19,7,-45,-47,-53
-34,-62,-45,38,0,-36,32,4,18,-57,-59,-46
-36,-78,-39,32,18,-39,25,25,-4,-43,-73,-40
-31,-74,-46,49,0,-56,7,8,-22,-39,-62,-55
-7,-52,-65,50,3,-34,38,23,-14,-69,-34,-52
-14,-48,-45,16,-2,-41,22,44,-24,-40,-60,-40
-25,-20,-40,47,15,-57,24,40,3,-50,-56,-31
-30,-35,-33,48,12,-51,27,34,-22,-41,-55,-26
-16,-64,-32,37,-10,-6,18,24,-26,-51,-33,-51
-21,-71,-40,41,16,-50,41,37,-38,-55,-60,-37
-24,-52,-27,32,14,-51,19,14,-5,-42,-58,-41
-22,-63,-46,40,12,-46,44,7,-16,-40,-52,-28
-25,-44,-52,41,12,-48,33,35,-15,-45,-39,-44
-26,-65,-33,27,15,-36,34,36,15,-54,-59,-50
-29,-43,-33,41,42,-68,50,-1,-17,-64,-45,-55
-36,-73,-53,44,-2,-64,41,33,-8,-36,-67,-41
-21,-62,-58,59,-13,-32,20,16,-14,-27,-47,-25
-21,-60,-38,37,3,-43,37,26,-15,-24,-41,-34
-14,-73,-36,27,5,-39,47,-1,4,-32,-39,-33
-25,-73,-36,37,9,-52,15,55,-18,-45,-51,-31
-32,-62,-46,56,11,-54,33,16,-18,-23,-73,-45
-24,-55,-39,34,13,-48,23,17,-24,-55,-46,-59
-16,-74,-39,31,8,-53,21,27,-2,-40,-33,-51
1,-63,-23,40,2,-65,44,17,14,-28,-74,-33
-19,-54,-52,42,11,-72,38,15,-42,-19,-40,-40
-25,-66,-33,39,14,-62,33,39,-2,-30,-66,-33
-14,-71,-69,45,27,-26,15,2,-36,-35,-33,-37
-21,-61,-25,20,-5,-60,22,18,-4,-62,-52,-55
-15,-52,-33,35,37,-34,20,46,-17,-44,-39,-60
-14,-61,-52,25,4,-52,43,12,-40,-47,-35,-29
-5,-56,-27,23,30,-29,13,6,-34,-33,-47,-42
-21,-49,-28,34,8,-38,24,4,-23,-34,-49,-36
-18,-43,-19,32,24,-48,16,30,-11,-42,-29,-35
-5,-52,-34,30,33,-31,16,25,6,-41,-49,-40
-19,-45,-22,27,23,-52,24,3,-28,-13,-39,-23
-5,-54,-33,32,-5,-41,8,4,-4,-24,-46,-35
-10,-48,-16,43,-2,-33,26,19,-18,-20,-35,-18
-14,-31,-14,27,10,-33,13,-4,-20,-30,-39,-18
-3,-30,-35,38,12,-21,7,12,-27,-43,-22,-45
-22,-27,-2,24,4,-26,43,7,-16,-33,-44,-13
-24,-16,-17,45,9,-29,28,2,9,-14,-22,-23
-2,-46,17,12,-8,-29,29,47,5,-23,-31,-24
3,-40,-17,28,14,-8,9,14,-32,-7,-34,-29
1,-17,-37,10,-1,13,-3,23,-2,-23,-24,4
-17,-19,2,13,13,-16,-4,-20,-19,-38,-14,-21
-13,12,14,3,7,-26,-12,3,-18,-22,-3,-3
17,-24,-2,6,7,-5,-9,-2,-10,-9,-13,-8
24,2,5,-13,3,-3,-9,-17,6,-6,-3,-23
-13,12,23,-7,-7,7,2,-18,-5,-6,-7,7
-9,11,10,-13,-11,11,-16,-6,6,28,19,-11
23,24,21,-29,13,13,-9,-20,-4,45,18,6
-5,40,14,-15,-5,32,5,7,21,12,17,26
23,34,34,-14,-4,30,-11,-19,6,12,33,34
5,37,34,-34,13,42,-37,-29,19,35,42,5
28,47,27,-22,17,28,-21,15,15,44,47,40
11,76,55,-55,-3,44,-50,-10,30,47,38,35
25,66,63,-50,4,55,-27,-22,21,40,56,39
43,57,55,-50,-22,68,-24,-40,34,52,60,63
17,89,41,-43,-18,96,-49,-40,8,49,90,93
27,85,77,-65,-19,78,-73,-44,23,66,94,43
28,119,68,-78,-28,84,-46,-43,25,86,88,70
42,102,82,-79,-26,85,-73,-48,46,103,112,95
49,117,74,-97,-11,92,-53,-53,61,99,111,84
64,124,92,-92,-18,128,-64,-57,37,94,122,84
38,149,84,-100,-31,139,-96,-69,57,125,149,124
82,147,104,-119,-18,139,-76,-36,63,115,125,99
48,165,94,-91,-35,157,-97,-54,54,125,144,108
66,168,108,-127,-36,167,-100,-66,49,122,159,114
76,172,96,-139,-30,152,-109,-84,50,138,136,131
68,195,120,-125,-24,137,-105,-81,43,112,175,135
76,219,152,-142,-32,182,-129,-82,65,171,181,127
81,201,121,-131,-32,159,-135,-80,52,149,188,146
68,202,133,-120,-22,162,-105,-84,71,157,181,131
88,202,127,-117,-29,195,-94,-90,56,161,190,163
60,224,118,-148,-33,188,-100,-101,77,179,199,164
61,221,135,-145,-15,169,-113,-86,60,157,199,153
67,222,145,-135,-28,172,-124,-65,59,157,214,139
82,210,143,-144,-32,165,-132,-98,53,163,203,163
95,250,148,-175,-19,170,-135,-81,62,168,191,152
93,233,147,-161,-33,163,-120,-86,52,179,212,164
77,239,129,-159,-26,204,-107,-87,73,178,205,158
76,219,124,-147,-46,190,-110,-92,66,173,188,155
70,207,133,-149,-38,179,-127,-117,51,158,199,151
75,226,157,-133,-25,186,-130,-85,61,149,178,150
82,209,115,-136,-2,174,-121,-81,62,145,190,151
67,202,125,-117,-42,181,-127,-84,65,137,172,141
76,216,122,-135,-29,160,-112,-71,53,138,188,159
40,203,110,-114,-39,167,-114,-72,58,151,155,138
49,187,145,-105,-35,163,-113,-87,45,144,167,133
51,197,118,-134,-41,121,-97,-75,41,114,173,128
46,159,93,-123,-32,188,-104,-81,30,117,154,96
46,159,97,-107,1,124,-79,-48,43,112,145,114
60,143,78,-105,-31,107,-107,-63,47,106,129,96
50,157,87,-90,-16,121,-71,-69,39,111,132,92
57,132,93,-79,-28,81,-73,-56,27,115,120,101
35,119,90,-70,-23,103,-71,-66,52,82,108,88
38,117,79,-55,-42,91,-59,-40,44,65,105,70
-1,94,41,-45,-21,94,-50,-36,31,95,69,75
36,86,85,-65,-1,80,-64,-36,24,52,65,56
26,60,53,-45,-27,79,-59,-48,27,63,66,53
14,72,35,-58,10,67,-47,-45,11,60,59,56
15,61,17,-42,-5,41,-26,2,4,45,40,47
29,37,21,-43,-9,37,-29,-21,-4,51,47,23
15,32,35,-44,-15,30,-26,-36,13,18,36,35
6,33,3,-22,-30,27,-30,-13,21,7,46,48
13,2,23,-3,-25,7,-10,-14,5,16,9,6
14,36,3,-45,19,25,4,2,17,28,26,8
-11,18,4,8,-14,31,-7,-16,0,6,15,20
-19,24,12,3,-7,9,9,-14,6,-1,-11,-3
-21,1,-18,15,4,2,13,-6,0,8,-15,1
16,16,-1,4,-10,-7,-52,16,10,6,-14,-19
-20,-15,-26,-1,18,-14,-19,5,12,-6,-27,10
-20,-10,-8,16,8,-18,21,8,18,-20,-19,-18
-35,-32,-1,14,18,3,14,19,3,-12,-23,-8
-11,-15,5,22,-4,-40,-9,15,-29,-39,-31,-10
-20,0,-17,36,13,-27,20,23,15,-11,-25,-19
-10,-31,-15,23,9,-41,28,8,9,-21,-61,-29
-11,-36,-33,23,5,-31,29,12,-20,-24,-42,-40
-13,-61,-51,44,9,-45,43,35,0,-29,-37,-49
-25,-58,-21,40,17,-25,20,25,-2,-32,-21,-44
-21,-51,-11,10,16,-43,51,3,-18,-22,-54,-14
-17,-60,-26,25,34,-46,28,19,-25,-28,-42,-35
-40,-81,-39,38,27,-41,51,20,-40,-40,-56,-46
-28,-65,-39,34,30,-72,22,10,-2,-58,-61,-57
-13,-67,-53,43,28,-60,31,25,-17,-52,-54,-64
-10,-67,-64,54,4,-50,36,30,-38,-52,-50,-32
-50,-83,-42,51,10,-61,50,19,-27,-77,-62,-57
-31,-90,-56,57,2,-56,60,17,-18,-59,-76,-52
-44,-94,-78,50,8,-93,32,42,-38,-70,-71,-88
-41,-100,-73,66,20,-84,66,38,-13,-76,-106,-67
-37,-107,-86,81,25,-100,69,51,-53,-96,-111,-89
-68,-150,-87,90,4,-118,74,32,-56,-116,-147,-83
-30,-157,-80,91,13,-119,84,60,-47,-136,-112,-82
-61,-178,-117,133,19,-120,81,89,-60,-115,-169,-115
-75,-185,-123,120,39,-166,107,90,-57,-136,-156,-122
-104,-211,-137,139,27,-169,103,93,-69,-167,-205,-124
-85,-231,-140,168,24,-177,123,76,-73,-172,-200,-160
-87,-227,-142,171,55,-210,133,99,-67,-174,-205,-179
-74,-226,-153,163,45,-209,135,109,-68,-173,-216,-169
-72,-235,-146,171,44,-201,148,110,-69,-181,-214,-172
-81,-229,-144,162,41,-209,131,119,-69,-176,-212,-160
-63,-215,-147,129,48,-164,133,81,-70,-168,-206,-156
-66,-222,-96,135,40,-162,115,90,-58,-169,-155,-145
-51,-139,-102,102,36,-110,84,60,-45,-122,-145,-112
-36,-106,-68,86,14,-100,71,59,-26,-100,-121,-87
-38,-47,-47,43,11,-53,54,21,-11,-31,-59,-30
6,0,10,-15,-7,6,-19,-16,23,3,3,-1
44,96,47,-63,-20,55,-42,-51,19,30,47,63
60,141,89,-109,-1,106,-84,-88,44,127,121,103
77,247,176,-133,-42,232,-130,-96,92,192,215,175
86,374,219,-233,-65,280,-189,-134,116,266,281,244
147,449,293,-297,-50,367,-246,-161,121,345,407,299
179,543,355,-370,-82,469,-317,-223,163,406,488,395
229,681,426,-445,-108,545,-365,-286,181,501,618,445
254,783,479,-525,-141,628,-423,-300,220,594,705,552
306,838,585,-605,-123,736,-460,-343,244,680,798,620
352,960,611,-660,-137,784,-514,-363,285,705,854,650
350,1014,648,-698,-131,821,-563,-400,307,736,914,709
388,1036,679,-723,-163,859,-573,-423,296,771,947,727
360,1049,710,-737,-151,886,-573,-417,321,797,959,751
390,1063,686,-741,-139,878,-593,-458,297,779,944,734
359,1017,668,-695,-172,875,-547,-401,312,761,932,722
351,958,631,-670,-141,819,-550,-365,306,724,882,676
304,904,573,-604,-139,737,-495,-363,265,692,816,621
271,817,502,-541,-102,678,-448,-322,223,604,731,571
237,700,439,-457,-101,576,-385,-268,216,492,634,491
188,599,406,-396,-88,484,-327,-215,169,455,537,395
150,454,302,-314,-88,380,-254,-200,156,361,416,321
126,347,215,-241,-50,284,-210,-130,100,285,303,250
85,240,144,-138,-57,192,-124,-108,77,168,208,147
35,127,67,-69,-24,106,-53,-68,23,97,114,81
35,20,11,-1,-12,21,-17,-10,-2,25,-3,29
-13,-77,-70,35,13,-70,59,12,-23,-59,-61,-23
-55,-135,-98,107,6,-98,60,30,-12,-108,-144,-104
-85,-208,-116,133,44,-166,118,95,-57,-146,-185,-129
-83,-236,-159,181,42,-201,134,99,-85,-180,-226,-180
-98,-291,-204,195,52,-229,184,107,-95,-203,-271,-209
-132,-325,-229,223,39,-252,152,137,-95,-257,-288,-204
-129,-351,-204,215,57,-275,182,142,-87,-243,-299,-231
-109,-354,-227,247,47,-278,181,133,-89,-232,-291,-236
-104,-330,-215,221,65,-274,186,121,-95,-263,-293,-229
-108,-323,-199,216,45,-261,175,127,-96,-221,-301,-212
-95,-302,-196,212,43,-239,174,115,-81,-211,-267,-220
-90,-271,-189,193,28,-253,154,105,-77,-222,-266,-201
-66,-250,-148,171,50,-217,126,90,-86,-180,-222,-184
-61,-257,-150,184,43,-201,128,127,-82,-191,-226,-152
-87,-242,-141,155,22,-178,133,83,-64,-143,-203,-157
-92,-202,-141,110,24,-169,106,87,-60,-145,-171,-123
-65,-166,-113,121,24,-139,94,79,-54,-127,-156,-129
-39,-173,-93,105,23,-121,76,70,-40,-110,-139,-112
-51,-130,-61,88,24,-93,86,57,-41,-97,-136,-97
-61,-112,-91,62,11,-105,81,34,-54,-75,-115,-101
-23,-106,-64,84,2,-87,68,43,-26,-76,-77,-69
-43,-99,-47,61,26,-87,34,46,-21,-82,-94,-60
-17,-89,-52,63,17,-71,57,31,-41,-84,-92,-70
0,-105,-49,73,16,-81,49,19,-17,-65,-93,-56
-42,-76,-76,41,4,-67,41,27,-37,-56,-85,-50
-38,-80,-52,76,13,-66,80,43,-18,-29,-78,-52
-26,-90,-28,34,4,-56,36,39,-14,-38,-70,-62
-33,-67,-29,49,36,-69,39,33,-31,-38,-85,-57
-29,-66,-41,72,16,-69,29,34,-32,-54,-69,-48
-9,-71,-30,36,7,-57,44,25,-15,-53,-61,-19
-24,-62,-32,74,-9,-51,42,37,-2,-53,-58,-28
-38,-48,-25,55,-2,-30,4,25,-11,-24,-87,-47
-21,-53,-38,42,6,-42,33,43,-35,-53,-45,-43
-13,-52,-33,24,11,-37,40,6,-9,-34,-48,-46
-5,-64,-41,27,15,-40,37,19,-27,-37,-68,-25
-12,-60,-6,41,17,-46,29,17,-18,-39,-34,-45
-14,-67,-37,32,-9,-45,0,28,-5,-53,-47,-45
-1,-52,-40,30,3,-30,42,24,-24,-39,-66,-21
-25,-48,-29,12,20,-30,11,8,-10,-34,-37,-38
-33,-50,-20,30,17,-27,40,-5,6,4,-25,-25
0,-46,-21,24,3,-28,25,9,-4,-40,-45,-28
-17,-30,-16,16,-4,-12,27,16,-2,-32,-17,-20
5,-29,-19,32,17,-22,16,2,-2,-35,-30,-46
-28,-29,-45,15,2,-19,16,20,-8,-22,-36,-11
-7,-26,-21,11,-5,-22,13,9,-25,-2,-10,-8
-25,-20,8,16,12,-15,17,12,-2,-12,-1,-16
-6,0,-7,-16,7,-25,11,4,-1,9,-6,-14
-30,-28,4,9,-2,10,11,23,6,-10,4,-14
14,-1,5,18,3,-9,13,7,-4,-7,9,1
8,11,9,-13,0,-18,25,-10,-23,-20,-1,-6
-1,11,10,-5,6,-17,-10,-9,19,-13,12,-1
-13,20,-15,6,-9,1,-9,5,1,16,-12,-3
18,19,15,6,4,7,-13,-19,12,9,18,38
15,3,8,-22,2,39,-24,-24,-1,1,11,22
22,25,17,-26,4,28,-36,-14,-1,7,13,32
23,40,36,-32,5,33,3,-7,36,14,26,17
24,35,17,-19,-7,30,-24,-6,3,39,14,40
2,38,43,-45,8,25,-32,-24,35,48,59,56
-8,76,35,-32,5,56,-40,-23,2,57,41,39
39,80,30,-44,-20,51,-16,-15,16,36,29,38
14,66,63,-45,-23,61,-38,-44,2,53,60,62
22,62,65,-56,-4,57,-19,-37,6,71,69,56
34,80,49,-64,-9,64,-36,-33,24,89,89,55
33,102,60,-87,-15,87,-60,-40,41,73,88,65
37,82,47,-64,-8,77,-55,-44,21,87,100,83
55,107,66,-95,-19,94,-56,-34,23,95,116,65
49,123,90,-76,-19,103,-69,-42,33,78,104,91
35,141,79,-80,-6,130,-74,-16,49,88,86,106
52,144,80,-119,-17,115,-51,-58,57,83,127,104
50,145,108,-101,-13,127,-84,-51,52,106,173,88
44,160,110,-99,-14,138,-69,-66,39,143,158,107
62,161,100,-100,-18,134,-100,-62,39,146,128,98
69,160,125,-112,-15,140,-97,-71,61,126,171,120
73,208,135,-142,-38,157,-84,-72,32,131,175,137
76,198,153,-148,-56,159,-120,-81,50,133,155,145
70,195,116,-150,-29,163,-119,-88,56,137,195,141
103,205,132,-178,-37,171,-113,-87,65,134,195,169
80,228,136,-137,-16,208,-136,-90,85,160,214,147
90,251,168,-150,-33,205,-117,-84,77,179,186,154
94,245,146,-148,-37,180,-136,-106,76,179,213,177
88,249,162,-184,-32,200,-138,-114,69,183,224,189
58,268,175,-176,-23,207,-152,-110,50,181,232,185
75,293,176,-174,-63,220,-135,-99,84,203,228,195
101,281,156,-186,-45,229,-123,-122,82,198,264,191
95,271,186,-178,-45,243,-130,-127,91,215,237,198
87,288,191,-192,-50,232,-163,-118,95,233,264,189
74,282,218,-195,-46,258,-182,-124,94,231,254,208
105,313,199,-211,-57,258,-179,-131,94,233,273,209
117,314,227,-207,-49,253,-175,-123,95,224,287,233
119,334,214,-214,-58,271,-173,-130,99,249,283,214
123,320,210,-216,-61,255,-171,-114,116,259,308,214
123,326,232,-223,-39,272,-190,-146,84,258,278,225
118,315,208,-230,-43,271,-186,-157,104,274,294,217
131,359,219,-230,-33,270,-207,-139,81,258,305,225
121,336,221,-246,-40,274,-205,-114,101,241,310,263
122,360,235,-255,-52,267,-191,-155,94,245,315,236
129,329,230,-226,-65,303,-203,-165,110,251,310,239
117,376,220,-243,-71,291,-186,-147,110,264,302,248
124,369,215,-235,-21,311,-184,-164,109,275,333,254
128,366,234,-237,-62,302,-194,-151,115,293,321,242
135,362,258,-223,-76,288,-185,-137,104,263,306,265
102,328,227,-245,-51,277,-194,-127,106,254,324,248
107,351,245,-257,-40,303,-190,-126,101,283,324,243
128,359,227,-249,-63,302,-196,-135,105,271,330,238
107,352,233,-265,-45,291,-177,-137,120,250,330,237
111,356,238,-227,-51,315,-201,-156,97,245,325,277
89,338,241,-241,-53,305,-191,-147,85,261,319,225
113,356,208,-223,-52,299,-201,-142,102,257,341,244
123,382,219,-253,-34,282,-183,-138,112,264,326,214
134,358,214,-241,-44,271,-197,-114,87,255,315,270
125,355,209,-209,-71,283,-190,-121,110,249,299,244
113,320,205,-244,-54,272,-165,-136,93,241,300,227
94,340,201,-210,-50,276,-185,-140,120,247,274,249
124,320,217,-221,-58,263,-158,-101,97,271,270,225
119,332,201,-216,-41,277,-173,-124,107,215,263,234
107,327,189,-203,-48,256,-160,-124,111,220,268,220
97,299,182,-215,-42,244,-181,-125,95,225,269,231
118,305,218,-196,-60,241,-178,-133,101,219,270,178
116,280,181,-201,-39,230,-156,-110,96,225,267,212
83,305,166,-157,-45,224,-172,-120,93,189,223,210
84,271,180,-178,-54,211,-144,-112,87,207,241,190
84,255,158,-175,-25,217,-135,-105,52,189,214,177
85,238,156,-158,-38,195,-146,-91,78,182,213,162
78,235,142,-165,-32,189,-119,-80,88,181,207,178
89,234,148,-151,-49,175,-141,-72,50,156,211,153
64,219,135,-139,-2,171,-127,-73,68,173,201,149
64,188,142,-142,-33,147,-134,-70,62,145,209,130
65,177,129,-134,-29,162,-128,-76,77,164,185,120
54,198,124,-129,-26,155,-108,-73,46,154,168,117
65,188,103,-124,-31,164,-100,-71,53,118,150,121
55,157,95,-96,-38,136,-62,-47,45,106,159,121
98,146,95,-94,-20,121,-83,-75,44,98,142,108
44,139,75,-100,-22,127,-47,-62,44,118,141,121
50,131,89,-80,-23,109,-88,-66,29,106,113,97
26,113,59,-72,-25,109,-68,-49,33,101,122,96
30,104,82,-82,-18,88,-59,-41,34,67,93,63
32,97,51,-73,-13,83,-72,-67,44,57,85,69
35,106,67,-75,-3,85,-55,-55,45,98,94,71
25,82,55,-51,-13,72,-45,-49,25,42,87,35
18,49,66,-41,-3,78,-41,-45,23,56,66,60
37,62,37,-49,12,67,-26,-34,13,58,50,37
9,54,26,-32,-22,45,-26,-17,13,52,92,40
-4,57,32,-26,-7,36,-37,-5,21,53,48,37
17,45,39,-33,-8,36,-26,-3,11,45,15,53
16,28,10,-18,-10,24,-24,-30,-5,29,30,27
-16,35,-9,-31,-1,19,-33,-7,2,6,23,2
-5,16,-11,5,16,3,0,-6,33,3,4,12
-9,11,1,9,-8,-2,-13,-14,9,10,4,-6
2,6,-13,-5,-4,-12,-4,-12,-4,-12,-14,7
10,-25,3,0,22,3,26,-9,13,0,-12,-3
11,-9,-18,22,14,-10,1,3,0,3,-9,-12
-23,-28,2,-4,0,-20,21,2,-7,-32,-21,-11
-15,-37,-18,27,-5,-32,15,1,-29,-15,-36,-27
-9,-29,4,10,12,-22,10,-5,-21,-16,-30,-28
-8,-43,-16,35,15,-55,32,-5,-6,-38,-25,-20
-32,-51,-30,24,-10,-45,27,15,-22,-41,-37,-39
-17,-45,-42,41,33,-36,22,11,-7,-36,-52,-31
-26,-35,-36,63,4,-38,20,31,-33,-41,-52,-60
-15,-69,-38,47,8,-41,37,38,-9,-40,-56,-39
-49,-70,-45,52,21,-67,46,49,-11,-53,-52,-57
-30,-80,-38,63,5,-41,17,18,-21,-37,-45,-43
-32,-76,-46,46,6,-75,40,37,-44,-71,-58,-66
-18,-73,-45,48,28,-85,35,50,-33,-49,-65,-46
-18,-87,-44,40,17,-50,52,41,-20,-83,-79,-72
3,-66,-58,73,11,-61,39,38,-10,-54,-81,-32
-55,-94,-72,73,10,-81,37,30,-37,-77,-81,-59
-43,-66,-53,74,23,-75,49,7,-39,-61,-89,-56
-28,-100,-73,58,23,-71,43,35,-27,-66,-85,-66
-37,-92,-40,74,32,-79,46,35,-29,-83,-82,-63
-24,-104,-52,49,-6,-99,67,65,-24,-68,-105,-86
-18,-104,-57,66,11,-84,76,30,-25,-56,-112,-55
-31,-109,-67,60,18,-85,45,29,-45,-73,-73,-63
-27,-97,-54,82,19,-98,54,29,-40,-62,-86,-51
-60,-94,-62,68,33,-79,44,29,-25,-79,-79,-72
-28,-91,-77,75,-3,-112,59,39,-32,-69,-80,-78
-44,-122,-65,56,27,-112,60,35,-37,-94,-91,-56
-27,-118,-65,72,40,-99,59,55,-48,-88,-80,-86
-36,-119,-49,45,23,-88,59,46,-47,-79,-104,-90
-30,-122,-75,61,4,-92,46,55,-25,-78,-111,-77
-51,-107,-110,94,23,-99,65,23,-18,-97,-87,-67
-30,-126,-72,70,10,-113,63,35,-22,-72,-106,-79
-46,-106,-49,71,13,-74,55,44,-56,-89,-125,-88
-41,-100,-66,67,9,-93,67,23,-41,-91,-107,-82
-38,-119,-64,68,-1,-88,71,52,-34,-99,-111,-79
-56,-108,-86,86,22,-83,86,48,-27,-90,-95,-45
-39,-106,-75,88,13,-81,63,24,-48,-88,-101,-93
-39,-114,-92,74,44,-89,71,56,-23,-74,-87,-70
-51,-119,-77,55,22,-103,50,43,-42,-91,-95,-64
-42,-99,-67,81,10,-81,65,57,-38,-73,-64,-66
-41,-108,-71,80,30,-111,59,42,-58,-99,-123,-84
-35,-115,-61,90,20,-108,62,51,-36,-97,-116,-94
-24,-109,-54,83,39,-102,60,48,-23,-92,-98,-81
-30,-113,-84,94,43,-82,78,43,-34,-103,-100,-79
-53,-103,-67,64,25,-91,88,45,-32,-90,-107,-78
-55,-113,-71,90,39,-100,63,44,-25,-86,-103,-68
-55,-110,-71,87,4,-117,51,57,-23,-88,-105,-93
-38,-116,-72,74,13,-97,67,53,-35,-86,-109,-62
-45,-117,-84,88,20,-93,46,40,-18,-70,-85,-64
-45,-127,-83,65,9,-109,78,37,-20,-66,-111,-74
-35,-97,-61,101,29,-102,71,52,-30,-80,-106,-74
-38,-100,-70,80,0,-73,63,55,-16,-59,-116,-66
-33,-111,-75,89,23,-94,42,45,-56,-70,-87,-85
-40,-98,-66,74,13,-103,64,39,-50,-83,-120,-74
-26,-102,-83,93,-2,-78,64,27,-35,-78,-96,-99
-59,-87,-68,74,18,-83,73,52,-56,-78,-82,-78
-30,-125,-75,95,13,-82,51,50,-34,-65,-89,-94
-43,-95,-95,89,17,-93,58,74,-47,-77,-114,-94
-25,-120,-84,73,11,-96,62,34,-50,-84,-99,-58
-36,-103,-76,58,11,-105,52,52,-24,-73,-120,-66
-47,-96,-62,53,21,-104,56,38,-27,-83,-92,-80
-47,-117,-89,78,24,-83,73,32,-34,-95,-98,-76
-37,-96,-66,69,27,-74,32,52,-51,-67,-92,-84
-40,-103,-97,56,6,-92,44,35,-29,-47,-92,-75
-39,-118,-81,54,29,-91,70,41,-30,-77,-84,-53
-36,-113,-72,90,35,-106,68,52,-31,-73,-90,-71
-50,-127,-85,62,29,-98,59,17,-41,-80,-87,-66
-32,-97,-57,76,35,-62,60,63,-13,-68,-87,-71
-26,-90,-57,58,29,-82,57,37,-33,-81,-79,-71
-46,-126,-58,91,-13,-75,41,39,-29,-94,-103,-73
-48,-97,-76,78,8,-63,54,54,-45,-73,-97,-90
-41,-83,-68,84,23,-81,51,54,-38,-92,-93,-82
-10,-93,-62,86,19,-64,68,47,-26,-93,-113,-62
-36,-77,-63,79,-6,-106,65,47,-37,-79,-95,-77
-30,-107,-76,46,13,-76,65,43,-35,-74,-120,-59
-31,-122,-103,83,10,-80,61,64,-43,-78,-93,-70
-31,-110,-50,40,12,-88,52,41,-46,-100,-74,-64
-32,-103,-51,77,18,-87,40,43,-70,-87,-102,-61
-32,-101,-70,60,15,-102,67,44,-16,-77,-106,-55
-55,-97,-52,76,29,-71,61,29,-42,-71,-76,-80
-48,-97,-74,102,20,-74,70,40,-13,-62,-95,-65
-22,-105,-88,63,24,-61,70,43,-53,-72,-97,-63
-32,-109,-62,63,12,-82,63,39,-33,-61,-89,-82
-49,-120,-56,63,3,-95,67,45,-35,-59,-104,-85
-38,-103,-79,51,2,-113,54,51,-27,-91,-97,-82
-52,-107,-53,83,19,-72,47,44,-11,-67,-97,-82
-33,-113,-67,88,10,-94,65,49,-21,-80,-97,-75
-37,-118,-69,90,12,-112,70,33,-38,-71,-97,-66
-36,-118,-69,52,11,-98,63,38,-39,-89,-71,-54
-40,-105,-58,63,30,-99,73,49,-34,-57,-92,-73
-50,-92,-69,70,4,-56,49,30,-33,-90,-86,-57
-21,-99,-64,71,7,-97,68,38,-17,-65,-108,-58
-39,-93,-73,54,31,-67,55,28,-22,-62,-90,-79
-29,-75,-79,62,15,-89,69,31,-44,-72,-108,-72
-50,-103,-77,64,19,-82,64,43,-21,-59,-84,-53
-28,-86,-45,69,14,-84,64,20,-4,-74,-72,-63
-46,-114,-50,65,24,-73,68,43,-26,-69,-79,-76
-30,-113,-56,53,16,-87,58,42,-10,-54,-94,-69
-42,-100,-78,67,28,-79,55,46,-8,-71,-107,-59
-34,-81,-75,58,10,-81,54,52,-22,-61,-79,-68
-36,-85,-47,77,-12,-62,44,21,-27,-69,-70,-73
-33,-101,-49,52,-16,-71,65,17,-19,-43,-77,-67
-27,-57,-57,67,8,-84,46,19,-51,-64,-75,-79
-30,-70,-58,43,1,-66,46,35,-6,-47,-89,-80
-19,-77,-31,37,-13,-84,47,32,-30,-50,-65,-48
-21,-88,-52,42,0,-72,55,32,-30,-70,-71,-75
-29,-87,-55,68,13,-81,44,29,-20,-64,-103,-36
-29,-91,-65,52,6,-61,56,34,-35,-62,-61,-45
-23,-66,-70,44,14,-49,68,43,-26,-60,-68,-46
-19,-70,-37,38,18,-59,39,34,-26,-64,-63,-44
-40,-56,-31,27,17,-69,30,45,-14,-49,-48,-53
-37,-57,-34,46,25,-35,44,20,-36,-40,-63,-39
-17,-34,-45,46,-1,-55,35,30,-20,-52,-39,-44
-24,-57,-49,42,27,-42,25,13,-3,-36,-40,-40
-32,-39,-38,37,3,-32,9,16,-16,-40,-18,-35
-13,-33,-15,4,-1,-22,16,-3,12,-10,-40,-1
4,-24,-26,-2,1,-24,11,12,-15,-31,-56,-28
-11,-16,-25,5,13,-19,-3,34,-1,-32,-6,-13
-23,-12,-21,15,10,-20,-3,-5,5,5,-11,-44
-6,-21,-1,0,6,-18,21,-3,-5,3,5,-3
-1,-19,-2,-31,-4,-7,-13,4,-13,11,2,31
14,-5,-13,-12,-11,21,-3,-17,2,16,9,-13
5,-3,9,7,-9,20,-9,-10,-12,-4,8,7
5,19,15,-30,7,20,-20,-12,-3,13,12,32
1,35,29,-21,-3,49,-2,-21,-6,21,33,37
1,39,5,-39,9,34,-41,-19,8,14,53,26
19,51,41,-21,-20,42,-33,-33,-12,22,25,40
28,81,35,-47,-9,36,-22,-31,11,56,49,42
31,73,58,-25,18,50,-50,-17,24,49,54,26
24,59,48,-70,4,61,-32,-37,31,29,57,61
42,96,50,-54,-17,80,-39,-33,20,58,87,56
33,97,60,-64,-3,89,-51,-35,27,76,96,56
39,115,71,-66,-22,103,-46,-65,43,88,87,68
42,106,79,-59,-21,113,-93,-41,35,77,105,77
58,118,86,-88,-36,84,-84,-44,40,104,77,82
45,107,80,-99,-28,109,-56,-48,55,105,115,80
48,117,97,-81,-14,122,-70,-43,55,98,130,111
45,123,98,-100,-26,90,-90,-67,28,114,140,87
50,143,89,-104,-20,112,-104,-63,35,106,142,86
53,151,96,-119,-16,144,-82,-60,20,132,153,127
45,170,97,-120,-14,142,-102,-59,70,117,150,92
57,191,104,-103,-37,147,-87,-65,63,139,145,118
50,167,113,-128,-5,153,-109,-68,53,104,156,116
73,171,138,-123,-11,148,-101,-46,47,126,129,112
77,168,111,-105,-35,146,-81,-67,54,146,159,101
52,170,105,-121,-11,135,-94,-69,67,136,151,103
78,150,118,-119,-33,129,-90,-89,47,116,169,132
59,182,132,-125,-29,139,-99,-64,43,117,149,114
67,158,123,-101,-34,162,-105,-71,63,149,151,109
73,190,103,-120,-16,140,-100,-63,24,140,176,120
70,162,112,-122,-37,129,-93,-86,48,127,141,115
49,182,101,-117,-32,143,-86,-73,54,133,141,100
69,160,84,-111,-26,132,-115,-65,51,120,164,130
62,163,96,-111,-25,125,-93,-59,33,115,155,125
59,152,96,-113,-17,99,-87,-61,55,113,157,124
61,145,90,-76,-30,140,-84,-72,43,107,119,111
55,130,88,-80,-26,126,-89,-45,33,97,113,80
46,129,74,-90,-32,116,-73,-72,34,99,111,77
52,117,93,-93,-10,106,-80,-26,34,97,101,79
33,107,72,-77,-2,91,-68,-52,24,91,119,89
32,89,62,-72,-9,98,-56,-33,44,66,101,75
43,80,73,-90,-22,82,-44,-46,13,70,87,71
20,82,36,-65,-15,70,-33,-52,21,73,84,72
16,77,46,-63,1,62,-63,-28,42,53,65,52
51,78,40,-51,-13,42,-36,-23,14,29,64,18
11,26,25,-31,-21,65,-32,-10,12,29,70,29
13,53,11,-37,-11,39,-35,-35,17,26,36,29
2,56,2,-15,-5,23,9,-25,-9,25,50,17
16,42,28,-7,-1,20,-32,-6,21,10,7,37
19,15,7,-24,11,9,-9,-7,18,7,28,18
-4,7,0,-7,-3,-23,1,20,6,3,-15,9
5,1,-17,-12,-10,-14,12,14,25,-2,-3,-1
-1,-30,1,17,12,3,6,-5,-12,12,4,-16
-12,-17,-4,10,15,-13,-8,16,4,-20,-23,10
-1,-6,-5,14,-9,-14,-2,21,11,-6,-16,-8
-8,-28,-21,25,10,-16,3,21,7,-24,-24,-29
-20,-31,-32,58,-2,-39,8,25,3,-38,-54,-22
-27,-49,-24,38,0,-49,21,15,-10,-30,-28,-25
-15,-75,-17,41,16,-45,41,11,-23,-41,-52,-36
-17,-85,-55,39,-4,-54,52,24,-12,-57,-42,-38
-25,-49,-26,30,8,-49,53,-1,-1,-25,-47,-27
-26,-49,-56,41,7,-49,30,23,-8,-49,-41,-49
-16,-77,-53,40,-3,-74,47,23,-12,-84,-51,-25
-29,-63,-50,35,31,-35,27,24,-23,-62,-53,-46
-18,-90,-51,35,18,-51,38,13,-36,-33,-63,-54
-37,-93,-56,51,6,-52,36,22,-35,-92,-81,-48
-28,-83,-48,37,5,-50,28,48,-34,-55,-83,-43
-41,-105,-71,59,21,-71,35,44,-49,-83,-66,-75
-45,-96,-70,80,15,-69,68,30,-36,-70,-78,-60
-26,-78,-61,51,16,-61,43,41,-25,-63,-75,-71
-50,-110,-75,85,16,-83,43,40,-26,-75,-101,-89
-47,-111,-70,71,21,-81,60,25,-39,-81,-87,-84
-50,-104,-64,45,19,-91,57,47,-7,-70,-109,-94
-43,-113,-90,91,20,-108,83,36,-33,-107,-100,-63
-45,-119,-95,74,22,-105,66,30,-49,-93,-97,-96
-53,-137,-101,97,10,-113,57,63,-31,-102,-144,-97
-75,-135,-86,122,33,-144,78,52,-37,-131,-145,-89
-51,-177,-115,102,37,-129,98,60,-45,-107,-145,-112
-67,-181,-134,106,23,-130,78,57,-55,-141,-153,-113
-58,-191,-116,114,62,-149,110,39,-57,-131,-141,-150
-62,-210,-152,127,16,-182,116,88,-56,-135,-175,-144
-79,-207,-136,151,33,-168,137,92,-58,-141,-185,-133
-74,-228,-148,143,54,-173,121,103,-61,-174,-223,-177
-74,-237,-153,166,40,-195,118,117,-50,-183,-216,-191
-87,-248,-139,143,40,-220,145,94,-87,-187,-251,-192
-83,-277,-161,180,44,-214,153,124,-96,-189,-252,-198
-110,-292,-175,180,39,-227,129,130,-91,-198,-232,-195
-104,-259,-171,169,43,-243,152,116,-74,-186,-238,-202
-87,-273,-168,194,20,-220,132,132,-100,-191,-252,-213
-96,-261,-180,182,32,-220,143,97,-54,-164,-230,-178
-84,-246,-159,183,31,-192,118,79,-89,-175,-221,-181
-60,-208,-140,132,13,-157,115,91,-58,-156,-186,-132
-28,-168,-110,118,6,-139,97,77,-32,-143,-148,-130
-33,-126,-79,100,4,-82,58,46,-27,-93,-104,-102
-6,-47,-38,26,-9,-46,42,18,-23,-12,-55,-38
0,9,8,-6,-6,16,-6,-15,9,18,22,-4
55,100,73,-51,-24,61,-62,-38,47,79,80,67
65,205,109,-170,-54,150,-94,-71,64,164,188,140
116,290,185,-182,-54,254,-174,-100,71,213,294,199
167,415,263,-250,-48,352,-217,-151,119,274,356,296
177,518,333,-358,-72,433,-277,-200,170,397,455,373
220,603,404,-421,-112,510,-336,-250,197,454,559,429
258,722,491,-488,-111,608,-433,-307,208,549,647,507
302,824,536,-568,-125,696,-421,-322,235,617,757,568
329,927,553,-638,-139,747,-506,-367,240,683,831,631
349,960,635,-673,-134,798,-517,-376,288,732,879,670
352,1005,639,-680,-154,848,-546,-401,303,741,917,684
353,1023,648,-693,-162,874,-555,-422,310,769,938,729
345,1015,673,-701,-160,832,-546,-400,323,754,924,685
328,976,633,-660,-164,820,-540,-373,296,743,878,670
317,921,584,-623,-156,776,-507,-367,286,696,823,630
300,844,550,-605,-132,707,-455,-339,237,649,783,596
257,763,488,-505,-117,627,-428,-307,250,585,686,532
225,663,416,-418,-93,541,-344,-279,191,479,575,472
193,533,370,-363,-65,458,-311,-217,155,427,504,365
129,418,273,-285,-57,333,-219,-163,121,311,369,300
110,285,218,-218,-9,264,-150,-112,86,237,287,202
73,200,142,-125,-55,134,-103,-78,54,139,150,147
29,77,58,-33,-26,63,-31,-21,30,50,49,50
-28,-27,-3,15,35,-3,-11,6,8,-14,-19,-2
-34,-108,-54,46,23,-79,60,54,-21,-78,-100,-93
-73,-169,-109,120,34,-144,82,83,-64,-121,-144,-131
-102,-231,-168,165,20,-199,139,114,-81,-198,-213,-166
-67,-296,-191,175,46,-255,171,120,-90,-201,-265,-198
-108,-348,-188,224,59,-239,168,113,-103,-239,-278,-219
-141,-347,-216,233,42,-309,193,129,-113,-259,-325,-254
-151,-351,-235,258,44,-310,189,130,-126,-280,-296,-261
-109,-355,-246,252,39,-304,203,161,-120,-291,-334,-249
-120,-349,-218,236,76,-303,171,156,-122,-269,-315,-255
-125,-338,-240,242,56,-271,172,139,-102,-255,-308,-251
-102,-326,-234,219,41,-265,194,141,-86,-240,-298,-232
-110,-301,-201,207,56,-283,173,117,-82,-217,-267,-201
-111,-262,-200,201,67,-222,172,118,-91,-196,-274,-206
-89,-283,-181,173,53,-210,142,107,-93,-190,-220,-177
-99,-240,-148,172,50,-198,137,89,-65,-189,-221,-151
-87,-206,-133,135,11,-172,123,77,-42,-161,-216,-144
-77,-179,-126,125,27,-155,112,78,-49,-148,-172,-152
-42,-186,-110,118,12,-136,109,61,-65,-136,-156,-112
-44,-135,-101,95,15,-136,98,62,-60,-124,-144,-85
-42,-137,-94,97,28,-128,81,63,-17,-120,-140,-115
-47,-148,-94,89,30,-98,100,46,-56,-96,-129,-84
-53,-122,-60,96,14,-102,61,34,-38,-96,-99,-63
-46,-152,-68,64,12,-110,57,43,-49,-78,-80,-74
-29,-108,-51,67,50,-93,56,52,-20,-78,-86,-67
-28,-100,-53,85,0,-94,30,38,-34,-69,-84,-86
-20,-111,-66,52,17,-84,43,25,-11,-72,-63,-57
-23,-99,-69,59,17,-65,59,31,-31,-89,-67,-71
-19,-104,-57,67,21,-72,30,45,-29,-55,-54,-70
-31,-95,-48,40,12,-53,28,31,-30,-71,-77,-53
-53,-60,-53,62,1,-59,34,19,-12,-44,-66,-53
-44,-73,-57,63,2,-55,43,36,-20,-53,-60,-58
-37,-79,-55,45,30,-57,55,9,-9,-65,-76,-61
-9,-57,-43,51,13,-67,43,16,-34,-54,-79,-66
-13,-64,-57,50,-11,-72,35,29,-48,-55,-65,-49
-3,-54,-50,55,18,-48,18,3,-21,-40,-70,-46
-10,-71,-49,45,5,-47,34,36,-23,-54,-57,-34
-27,-58,-31,61,7,-37,49,43,-22,-53,-65,-36
-35,-62,-25,48,25,-33,42,14,-17,-63,-66,-40
-19,-78,-55,36,-17,-50,34,22,-10,-41,-57,-53
-27,-36,-47,29,1,-31,23,29,-6,-46,-56,-46
-43,-53,-49,44,5,-51,32,17,-27,-58,-60,-60
-17,-77,-28,56,14,-23,23,13,-14,-17,-30,-11
-8,-34,-32,5,11,-34,14,12,-18,-45,-32,-31
-21,-40,-3,24,-2,-24,15,3,-10,-50,-39,-8
-22,-58,-51,47,-4,-33,23,24,-6,-29,-48,-37
-8,-27,-30,30,20,-19,23,18,-23,-24,-31,-19
-5,-27,-4,7,17,-28,3,38,-24,-37,-26,-21
-11,-35,-9,7,-8,-22,16,24,1,-8,-20,-23
-22,-5,3,24,-19,-20,22,6,8,-19,-45,-20
-2,-20,-4,16,15,-21,22,4,-1,-8,-14,-11
-22,-27,-15,4,-14,-13,7,6,-10,-11,-4,-21
-15,6,-16,17,12,-4,-28,14,8,12,-5,-2
3,15,19,5,-14,35,-2,-17,-1,20,-8,9
-4,34,-6,-15,-1,9,8,-8,13,-8,15,2
-12,18,4,-4,6,38,-4,-6,13,7,37,6
2,31,5,-22,-1,29,-12,-11,15,4,54,12
11,25,11,-32,-10,25,-13,-6,11,11,21,5
9,64,29,-35,-15,36,-24,-32,6,42,49,31
-6,50,15,-26,-4,19,-36,-3,3,51,33,35
5,59,44,-36,-4,58,-32,-21,6,41,38,11
12,55,27,-44,4,42,-41,-29,21,41,56,38
24,61,42,-64,6,67,-25,-33,11,57,66,56
8,57,49,-41,-7,64,-32,-47,0,69,70,66
42,89,66,-44,9,93,-43,-30,13,67,93,67
39,75,55,-61,-27,79,-55,-55,26,33,75,89
18,97,63,-62,-35,89,-79,-24,43,65,108,84
23,108,77,-55,-46,105,-48,-45,25,97,85,84
40,132,100,-80,8,116,-54,-61,17,93,118,90
63,129,95,-104,-16,108,-65,-47,31,120,134,90
25,128,87,-93,-29,104,-99,-61,30,106,115,109
40,144,112,-122,-18,140,-88,-53,63,110,144,81
50,145,107,-115,-8,96,-104,-53,32,108,141,119
82,153,95,-112,-9,149,-110,-86,54,126,142,119
69,194,106,-123,-43,145,-93,-69,41,151,146,108
43,204,116,-146,-36,176,-120,-83,61,143,170,129
78,194,135,-148,-40,161,-127,-71,55,151,184,129
75,186,130,-154,-33,168,-107,-83,46,162,166,154
71,228,157,-144,-35,177,-116,-70,73,174,180,131
54,201,160,-153,-38,188,-108,-109,61,188,232,163
80,210,192,-147,-29,207,-105,-69,65,151,231,151
117,215,173,-162,-36,212,-112,-86,74,207,226,179
77,258,171,-171,-45,217,-130,-109,89,177,242,187
86,274,196,-183,-48,213,-143,-88,101,197,230,181
81,270,176,-186,-26,226,-130,-101,72,203,252,188
98,288,178,-189,-51,235,-147,-123,88,220,248,198
107,275,187,-207,-35,233,-162,-102,74,216,250,174
109,291,215,-197,-43,232,-161,-127,84,234,258,198
109,301,201,-218,-35,256,-173,-109,112,237,282,210
110,307,221,-207,-43,254,-192,-128,75,219,280,200
117,317,196,-198,-48,256,-167,-128,103,236,272,209
111,318,215,-203,-31,274,-156,-125,99,260,303,217
111,333,215,-222,-48,280,-172,-124,118,242,295,223
114,325,225,-226,-64,276,-203,-138,105,254,285,229
117,321,215,-241,-73,295,-188,-126,95,257,304,230
117,349,214,-210,-64,254,-194,-147,78,280,309,248
104,344,218,-251,-31,286,-189,-145,138,263,309,247
110,350,201,-245,-50,285,-179,-107,91,259,314,240
129,341,227,-229,-52,292,-196,-138,108,262,311,264
137,350,225,-226,-42,276,-207,-136,90,285,298,249
107,340,218,-255,-56,291,-208,-135,79,274,313,246
146,363,218,-262,-64,317,-179,-152,111,261,328,222
128,381,227,-246,-51,269,-197,-179,108,243,315,229
137,352,212,-240,-56,271,-191,-151,103,275,296,246
109,330,220,-245,-61,306,-178,-133,97,246,309,239
122,349,219,-248,-52,284,-176,-162,120,266,329,236
111,339,232,-246,-44,310,-205,-151,115,237,330,232
108,349,222,-241,-40,284,-173,-127,87,242,311,238
123,337,205,-210,-53,277,-200,-146,113,257,310,262
130,356,211,-235,-67,256,-164,-140,96,251,301,232
111,338,211,-227,-45,277,-152,-137,97,245,310,233
102,320,224,-213,-49,246,-188,-145,109,239,299,226
108,344,207,-220,-36,264,-165,-145,94,219,298,230
112,332,206,-222,-33,250,-176,-136,113,250,274,234
110,287,186,-219,-50,281,-165,-124,76,236,279,203
98,322,195,-214,-68,250,-150,-117,94,220,272,210
99,288,190,-185,-35,259,-159,-120,94,219,268,208
90,278,183,-195,-27,250,-168,-125,107,219,275,193
116,284,165,-189,-26,224,-144,-106,68,191,257,175
65,276,194,-170,-39,229,-160,-111,85,211,224,175
95,268,163,-176,-44,227,-149,-105,73,191,240,182
73,266,160,-195,-34,216,-116,-77,86,166,235,173
88,232,162,-178,-59,190,-139,-101,60,187,233,169
61,230,160,-152,-52,195,-111,-87,68,190,222,190
75,227,146,-167,-32,190,-128,-96,78,151,208,169
69,227,149,-139,-27,177,-156,-94,65,177,208,151
71,199,146,-138,-30,166,-116,-82,73,157,197,146
77,207,131,-133,-15,163,-115,-96,58,150,169,151
72,165,120,-124,-6,141,-117,-50,57,148,157,127
72,165,125,-121,-12,133,-87,-72,47,129,172,117
46,158,104,-107,-22,150,-101,-68,44,119,123,115
46,163,101,-95,-16,120,-71,-48,63,111,151,131
44,154,93,-87,-15,117,-94,-66,56,119,144,96
40,129,72,-95,-28,97,-72,-61,52,93,105,109
50,113,97,-85,-25,70,-80,-47,46,106,118,74
30,132,76,-83,-10,98,-99,-60,15,82,108,80
40,113,59,-70,-18,88,-42,-39,22,95,95,77
44,94,70,-69,-19,81,-30,-57,33,86,84,54
34,111,50,-82,-10,80,-55,-26,10,62,61,59
25,98,55,-45,-6,51,-36,-28,10,78,59,52
22,74,55,-67,-29,57,-63,-32,25,38,79,72
29,81,36,-39,-22,55,-22,-29,20,54,86,50
16,44,54,-41,-18,52,-30,-22,7,32,39,46
6,48,20,-45,-18,46,-21,-4,-5,25,46,45
13,51,36,-36,9,18,-20,-14,7,35,60,-1
23,31,7,-12,-30,20,-8,-12,-9,34,12,20
12,33,6,-34,-15,13,-9,-2,20,-3,-7,31
-13,19,8,-7,18,8,1,-10,-1,27,9,40
1,25,-20,9,-5,9,7,-18,8,-20,-1,-1
5,4,5,17,7,19,15,-14,15,12,-12,-5
-14,-4,-6,11,-9,11,8,-2,8,-25,-8,9
4,-10,-23,10,-21,-14,0,4,-16,-25,-19,10
1,-18,-8,19,2,-11,4,11,-6,-6,-25,-22
-11,-17,-4,20,23,-19,2,3,-7,-8,-11,-2
-9,-19,-27,-11,7,-16,17,23,-16,-28,-30,-32
-19,-26,-15,27,17,-30,20,25,11,-18,-26,-30
3,-28,-10,20,-8,-30,36,11,8,-30,-44,-27
-5,-7,-15,18,-2,-30,34,27,-2,-41,-28,-35
-3,-61,-18,41,-13,-54,15,30,-15,-32,-40,-15
-28,-62,-50,40,-10,-47,43,12,-3,-30,-63,-25
-12,-50,-13,45,8,-44,44,40,-6,-59,-31,-34
-18,-89,-44,9,-5,-39,23,22,5,-48,-57,-54
-16,-70,-34,35,18,-74,38,19,-19,-56,-50,-54
-27,-61,-42,47,8,-57,6,40,-8,-26,-45,-40
-9,-55,-54,44,4,-61,43,44,-24,-36,-78,-32
-30,-82,-43,31,46,-88,46,13,-21,-61,-68,-52
-21,-79,-43,50,27,-50,41,27,-24,-42,-76,-82
-25,-53,-49,56,0,-70,33,30,-40,-52,-73,-65
-32,-107,-32,75,17,-75,38,14,-31,-45,-89,-57
-38,-91,-55,67,1,-59,75,51,-29,-46,-84,-34
-33,-78,-44,47,34,-70,34,57,-15,-58,-79,-63
-27,-84,-55,83,31,-87,32,14,-29,-51,-72,-33
-16,-79,-62,62,8,-74,57,47,-14,-47,-101,-80
-49,-88,-59,68,10,-75,54,32,-40,-71,-81,-57
-22,-110,-48,84,14,-78,44,35,-21,-77,-56,-45
-33,-86,-70,62,8,-62,51,41,-35,-65,-96,-49
-29,-96,-61,63,-7,-61,50,37,-34,-96,-83,-48
-15,-77,-65,70,6,-82,61,30,-31,-59,-78,-73
-38,-120,-74,67,5,-76,38,31,-34,-71,-94,-71
-13,-98,-88,49,-4,-77,42,31,-25,-66,-80,-63
-31,-92,-81,73,25,-86,52,54,-44,-53,-80,-88
-41,-104,-79,33,8,-78,59,38,-24,-78,-85,-70
-22,-76,-68,64,16,-92,57,71,-18,-51,-83,-47
-45,-95,-63,77,23,-87,35,22,-45,-70,-103,-79
-42,-105,-66,75,13,-65,54,35,-14,-86,-92,-62
-24,-107,-64,65,12,-87,79,40,-36,-88,-90,-91
-41,-110,-67,68,14,-83,74,38,-26,-83,-90,-55
-40,-100,-63,72,18,-82,39,57,-10,-56,-88,-83
-45,-109,-84,81,14,-85,46,61,-43,-65,-78,-62
-45,-124,-85,73,41,-81,48,49,-39,-78,-101,-93
-12,-84,-39,85,24,-101,56,45,-28,-85,-89,-81
-33,-106,-67,79,19,-89,54,45,-39,-74,-105,-49
-38,-110,-80,58,14,-106,56,35,-40,-71,-101,-70
-16,-90,-79,49,6,-86,65,63,-25,-69,-100,-61
-55,-115,-86,69,14,-88,58,40,-28,-89,-89,-57
-45,-114,-81,80,26,-75,62,36,-44,-88,-76,-71
-30,-121,-61,68,20,-84,55,36,-23,-69,-104,-68
-36,-112,-86,51,35,-79,52,17,-31,-78,-78,-70
-44,-112,-74,83,-14,-105,63,42,-24,-77,-95,-69
-51,-102,-50,63,28,-97,56,22,-33,-92,-65,-50
-6,-100,-66,59,-10,-78,62,46,-27,-78,-97,-46
-14,-112,-72,85,13,-85,57,54,-25,-65,-70,-97
-28,-102,-54,84,20,-92,42,25,-3,-69,-107,-77
-21,-125,-71,65,22,-97,63,60,2,-82,-88,-69
-26,-138,-67,66,14,-83,64,34,-37,-80,-83,-73
-43,-96,-69,82,31,-91,60,24,-26,-86,-82,-83
-32,-98,-74,52,18,-82,55,38,-11,-69,-102,-67
-22,-97,-87,73,10,-92,60,39,-9,-73,-114,-76
-57,-92,-76,65,19,-77,65,37,-46,-74,-84,-82
-28,-98,-49,53,6,-76,46,38,-28,-91,-73,-77
-17,-97,-72,57,9,-105,27,62,-23,-71,-102,-67
-13,-104,-81,63,10,-75,60,38,-10,-84,-96,-71
-43,-115,-65,37,32,-90,58,42,-31,-68,-96,-54
-47,-109,-66,69,-15,-87,51,64,-22,-73,-98,-61
-37,-75,-40,60,5,-83,70,42,-16,-88,-91,-68
-39,-94,-63,75,29,-94,52,46,-31,-83,-94,-66
-45,-91,-44,63,28,-95,60,31,-31,-68,-82,-71
-15,-73,-38,60,26,-78,29,30,-41,-66,-104,-69
-25,-101,-60,69,7,-73,36,58,-28,-79,-77,-88
-44,-92,-63,77,3,-91,49,26,-30,-67,-93,-72
-35,-92,-66,65,29,-87,65,37,-50,-70,-97,-54
-29,-81,-53,50,7,-55,47,53,-7,-81,-80,-66
-26,-68,-86,74,28,-87,48,52,-46,-89,-80,-58
-62,-108,-85,66,16,-93,49,42,-46,-71,-109,-70
-29,-116,-67,58,1,-92,69,51,-10,-59,-86,-103
-29,-78,-60,81,34,-80,59,26,-25,-81,-100,-78
-24,-86,-75,53,17,-62,49,61,-43,-72,-87,-41
-29,-100,-51,55,27,-84,49,34,-40,-71,-69,-77
-30,-101,-44,75,6,-66,71,37,-17,-64,-90,-70
-42,-109,-43,75,18,-80,37,25,-19,-55,-84,-52
-30,-96,-66,55,19,-94,70,30,-21,-87,-84,-67
-26,-66,-45,71,13,-72,54,63,-20,-70,-73,-68
-24,-92,-83,72,16,-88,60,34,-28,-54,-79,-65
-66,-106,-52,48,4,-98,49,24,-20,-62,-86,-63
-36,-79,-66,56,5,-92,46,18,-14,-82,-96,-80
-31,-106,-82,74,12,-93,54,31,-25,-57,-77,-50
-25,-86,-63,64,7,-56,53,40,-32,-83,-96,-62
-44,-99,-60,55,26,-55,44,54,-33,-74,-76,-58
-28,-113,-58,57,-4,-80,26,6,-40,-68,-75,-54
-9,-101,-66,52,10,-45,51,52,-22,-89,-97,-71
-18,-88,-79,63,17,-42,30,24,-25,-44,-87,-59
-38,-74,-42,60,25,-51,60,26,-45,-55,-84,-89
-30,-78,-42,52,9,-70,79,30,-30,-54,-76,-62
-20,-86,-51,43,38,-80,40,29,-31,-78,-86,-83
-43,-75,-61,69,8,-71,62,22,-40,-55,-75,-73
-4,-63,-53,74,24,-67,35,-2,-33,-69,-79,-36
-16,-82,-90,37,16,-69,41,32,-13,-63,-61,-58
-41,-80,-65,41,17,-41,61,29,-46,-54,-77,-53
-48,-83,-37,51,11,-57,28,48,-33,-37,-53,-63
-25,-81,-69,65,-13,-45,37,30,-16,-55,-70,-72
-4,-78,-57,42,27,-65,53,44,-31,-74,-53,-40
-25,-80,-64,42,19,-38,62,35,-7,-60,-51,-45
-21,-56,-7,29,14,-65,46,31,0,-40,-59,-45
-5,-72,-30,40,8,-50,26,5,-17,-44,-57,-30
-10,-51,-40,45,20,-49,58,24,-26,-36,-34,-18
-25,-46,-44,36,4,-50,0,35,1,-31,-48,-28
-17,-34,-16,31,20,-28,33,24,-23,-38,-36,-20
-21,-29,-43,41,7,-8,24,24,-17,-24,-55,-39
-8,-42,-25,17,-2,-31,17,14,-32,-47,-22,-38
-14,-9,-14,39,-9,-42,19,19,-7,-24,-34,-20
-16,-38,-6,28,32,-37,9,24,-16,-23,-38,-15
4,-32,-19,7,-1,-22,28,-9,-33,-20,-14,-7
-26,1,-3,30,23,-36,5,11,-2,-40,-22,-17
-3,-14,-7,37,-5,0,7,7,-21,-15,4,-19
13,-5,11,14,18,4,-1,18,-17,13,11,17
8,2,-7,-8,1,11,2,11,-19,8,-20,-8
8,-8,28,-8,-23,4,-29,1,6,23,-5,19
24,17,12,-18,-14,21,-18,-15,7,11,20,15
-6,14,25,-14,14,38,-36,-18,10,17,21,3
8,38,30,-24,-4,19,-12,-2,-9,7,31,21
7,55,19,-22,-11,38,-21,-30,10,20,20,25
9,68,38,-33,-6,57,-44,-35,11,35,48,56
12,66,52,-26,-4,36,-44,-13,19,33,45,45
29,79,24,-39,-13,86,-55,-22,28,53,64,47
19,101,44,-52,-4,58,-25,-26,39,68,74,46
25,97,57,-84,-29,90,-48,-69,37,76,84,65
55,102,62,-75,-11,85,-67,-33,33,67,81,57
35,124,88,-72,-6,83,-72,-55,33,75,110,62
62,123,94,-98,-2,97,-78,-54,39,97,115,69
21,143,90,-76,-33,105,-65,-79,34,112,130,92
67,144,96,-77,-20,130,-67,-75,49,112,145,111
53,156,89,-98,-22,125,-96,-28,35,121,122,98
70,147,90,-110,-19,170,-80,-65,57,106,154,114
62,157,111,-116,-30,158,-88,-71,69,147,179,107
67,179,104,-108,-5,168,-80,-63,54,142,151,130
67,176,149,-133,-53,145,-94,-69,64,123,179,125
62,186,124,-116,-25,147,-95,-97,39,162,177,139
64,201,141,-149,-11,168,-100,-101,66,149,174,117
69,200,152,-140,-18,170,-131,-92,52,153,181,151
79,201,136,-128,-19,183,-80,-98,60,161,183,156
83,220,150,-163,-32,183,-120,-81,71,153,202,151
86,221,135,-154,-43,197,-115,-94,70,176,200,154
75,207,145,-158,-30,179,-124,-81,63,168,211,155
68,229,152,-130,-34,188,-117,-96,67,164,205,160
66,198,123,-130,-58,181,-130,-98,70,154,193,155
82,225,151,-158,-34,180,-117,-103,61,153,209,148
81,214,128,-157,-36,166,-121,-77,60,179,212,134
67,203,128,-129,-26,156,-129,-66,58,172,206,163
80,215,149,-142,-40,186,-120,-88,43,153,201,159
67,200,145,-151,-38,190,-115,-73,64,162,189,175
48,182,143,-126,-31,190,-112,-58,50,157,182,136
39,184,125,-129,-19,176,-99,-84,62,143,170,148
81,199,118,-123,-11,162,-95,-78,75,139,157,107
75,178,126,-105,-17,165,-113,-79,60,128,168,125
51,172,129,-112,-12,154,-85,-60,55,136,145,126
61,159,105,-128,-23,136,-104,-65,67,108,149,122
55,138,96,-94,-26,147,-76,-56,58,121,134,117
61,139,111,-83,-20,140,-64,-66,32,104,146,115
49,159,76,-103,-32,97,-80,-63,49,106,136,113
49,126,95,-106,-19,129,-74,-73,58,118,124,73
41,107,80,-94,-28,110,-71,-37,32,84,96,58
41,87,69,-77,-35,98,-75,-43,25,103,119,80
36,97,82,-61,9,72,-38,-77,35,64,102,53
43,126,72,-66,8,80,-51,-23,37,75,87,61
8,81,38,-40,14,83,-65,-21,44,54,72,40
16,83,50,-32,-15,55,-50,-44,29,53,55,51
14,49,66,-33,-3,43,-30,-12,-10,48,56,21
3,63,46,-33,21,70,-13,-26,23,29,64,28
8,38,27,-47,-16,19,-16,1,16,27,52,29
19,37,24,-29,-19,30,-38,-13,17,49,21,39
21,50,14,-19,18,-8,-27,-9,3,16,15,19
14,20,22,-5,11,15,-12,-15,30,-2,17,15
-3,8,23,-3,-24,0,-13,-14,11,16,7,3
-9,13,4,0,-1,-2,3,2,-3,0,4,4
9,-8,-1,-20,-24,-7,3,2,-24,-2,-25,2
12,0,2,-2,5,-15,-17,9,1,-23,-19,-26
15,-7,-19,16,24,0,-7,14,-21,6,18,-31
-5,-4,-4,-3,-2,-26,19,33,-10,-7,-16,-12
-28,-35,-32,17,-1,-32,15,-5,-3,-2,-23,-5
-24,-20,-38,14,-9,-19,17,18,7,-39,-25,-30
-8,-11,-23,-5,-1,-48,5,13,-17,-13,-40,-1
10,-23,-37,16,2,-40,15,-14,0,-21,-4,-17
-12,-71,-31,22,12,-37,12,20,-31,-22,-35,-23
0,-59,-5,23,3,-27,21,-5,-11,-19,-30,-16
-13,-45,-30,26,0,-28,17,6,1,-42,-49,-29
0,-25,-24,26,22,-44,8,27,-9,-26,-46,-12
-37,-40,-31,41,9,-46,31,29,-10,-50,-34,-56
-26,-34,-49,41,-11,-43,32,32,-1,-43,-43,-28
-15,-49,-27,27,5,-39,28,32,-5,-40,-81,-43
-38,-75,-38,30,8,-64,41,29,-8,-48,-84,-54
-25,-67,-27,25,20,-63,32,35,-14,-36,-57,-47
-20,-70,-57,49,11,-66,15,19,-30,-64,-60,-43
-20,-71,-51,35,8,-54,49,44,-28,-57,-65,-52
-41,-93,-53,40,13,-70,46,29,-59,-78,-81,-58
-48,-87,-69,80,11,-73,32,38,-21,-68,-87,-66
-35,-105,-81,84,31,-87,83,47,-33,-85,-96,-94
-36,-121,-82,100,21,-118,64,53,-41,-102,-111,-86
-54,-152,-112,98,42,-135,101,49,-26,-124,-151,-106
-59,-182,-111,125,30,-130,101,85,-57,-112,-168,-131
-61,-203,-143,149,43,-166,119,81,-57,-151,-180,-134
-78,-215,-142,132,28,-182,113,73,-70,-166,-183,-173
-51,-232,-156,137,39,-181,129,102,-67,-178,-205,-164
-90,-247,-165,179,30,-201,140,112,-69,-171,-219,-176
-108,-249,-161,161,42,-185,135,108,-68,-176,-221,-175
-72,-236,-153,183,45,-212,123,98,-77,-175,-219,-158
-84,-220,-165,158,49,-205,133,92,-68,-177,-175,-182
-49,-201,-147,157,15,-165,112,74,-44,-133,-169,-168
-45,-170,-100,104,47,-117,87,68,-52,-121,-162,-134
-41,-116,-73,86,38,-92,77,55,-29,-96,-118,-101
-31,-59,-32,26,4,-87,35,35,-31,-48,-55,-57
-7,-1,-4,16,-2,-14,-4,-14,-24,16,-6,-16
51,63,47,-44,-12,58,-32,-34,9,55,62,60
47,154,92,-101,-27,110,-75,-59,52,111,150,88
88,239,164,-173,-40,194,-122,-78,78,208,223,180
106,330,229,-232,-42,269,-192,-133,100,258,312,246
149,448,276,-306,-66,381,-234,-176,116,315,404,312
183,534,360,-366,-67,445,-311,-198,163,407,486,380
243,627,430,-456,-88,532,-361,-244,208,483,582,440
266,737,499,-512,-108,613,-404,-314,216,558,668,539
323,839,557,-558,-128,694,-468,-338,248,639,763,617
310,923,610,-641,-131,765,-520,-366,272,687,843,633
361,1003,655,-683,-151,825,-537,-425,324,747,906,711
362,1040,673,-723,-160,888,-593,-423,286,793,936,719
376,1063,683,-725,-178,894,-595,-427,335,804,967,733
396,1080,690,-744,-174,888,-596,-434,330,795,981,758
372,1054,680,-713,-158,863,-587,-398,309,793,938,741
381,1003,626,-671,-140,829,-579,-374,312,748,896,708
313,929,591,-649,-140,764,-514,-378,291,711,823,652
311,862,569,-562,-124,713,-469,-318,254,631,787,622
249,747,482,-518,-105,610,-411,-299,224,569,662,530
241,621,419,-420,-85,526,-342,-238,182,461,572,469
196,504,332,-365,-90,427,-284,-205,149,375,450,358
136,383,247,-276,-58,308,-219,-166,116,309,368,300
106,302,186,-193,-64,243,-144,-112,85,212,276,196
60,185,132,-130,-25,143,-106,-60,34,116,139,123
28,84,40,-49,-30,58,-21,-26,33,42,61,34
-4,-31,-19,4,-17,-24,15,5,-11,-20,-17,-33
-34,-95,-77,69,12,-88,43,54,-21,-82,-89,-65
-57,-159,-100,122,21,-129,86,66,-41,-117,-153,-124
-59,-223,-142,162,-6,-178,122,98,-54,-164,-200,-130
-83,-260,-161,176,33,-229,152,82,-91,-174,-224,-204
-88,-306,-171,211,32,-235,129,114,-83,-221,-248,-215
-101,-323,-181,206,54,-278,180,125,-85,-244,-257,-214
-106,-306,-213,214,55,-248,181,112,-106,-249,-263,-209
-125,-298,-179,223,51,-239,169,128,-86,-237,-282,-198
-87,-289,-197,192,49,-244,138,119,-82,-215,-282,-200
-114,-279,-192,188,45,-227,163,106,-97,-225,-256,-204
-92,-244,-161,164,19,-219,142,83,-67,-197,-235,-176
-63,-234,-144,159,47,-187,130,114,-69,-183,-192,-169
-70,-203,-120,120,20,-183,117,78,-46,-151,-185,-132
-81,-185,-124,122,27,-153,88,65,-79,-137,-163,-137
-54,-149,-97,110,26,-136,101,78,-59,-125,-170,-120
-39,-149,-90,89,12,-102,109,55,-41,-118,-124,-91
-49,-123,-74,93,41,-121,53,10,-33,-92,-95,-64
-39,-92,-59,66,18,-97,83,22,-39,-69,-91,-68
-28,-70,-62,54,-5,-71,47,25,-54,-67,-79,-61
-14,-75,-53,45,25,-75,40,27,-26,-58,-88,-59
-25,-54,-68,34,22,-52,48,20,-17,-64,-85,-51
-17,-57,-41,44,8,-24,35,36,-12,-52,-31,-53
-21,-48,-26,21,27,-49,38,16,-4,-27,-35,-36
-15,-44,-37,26,8,-40,-3,23,-6,-41,-18,-5
-22,-43,-8,12,3,-25,15,-14,-16,-17,-32,-25
-26,-37,-21,32,3,-35,11,32,-23,-14,-34,-13
-21,-24,-21,41,13,-16,10,2,-11,-20,-30,-19
-1,-38,-3,10,-1,8,10,13,-14,-18,8,-20
-25,-45,-11,28,0,3,9,-7,-5,-6,-13,-12
-30,-10,2,18,10,-26,26,10,4,-22,-12,-22
-1,-12,0,13,18,-1,24,-11,-11,-12,-15,-13
10,-37,5,-6,-16,-7,21,3,-15,-10,-19,-8
0,-24,-8,2,-17,-10,19,7,-10,-26,-17,-10
8,-13,-8,25,25,-2,0,17,-16,2,-23,5
4,-10,3,-9,1,-34,31,27,1,-7,3,5
-3,-12,-22,19,16,-14,-13,15,28,4,-19,-25
18,-12,11,7,-10,-27,-2,-11,0,-5,-3,-5
-8,-5,20,-12,0,-1,-3,-10,5,-3,-13,-2
-15,-6,5,8,-11,-21,-1,10,2,8,3,2
0,19,-14,-20,10,19,24,3,-8,5,-15,4
-6,20,-3,-14,-4,20,-2,-7,20,13,-1,9
0,4,-2,-10,5,0,3,-20,14,-19,16,11
0,12,3,-35,-10,33,-14,6,3,13,-11,-4
28,5,39,-2,-14,29,-39,-11,-2,18,8,-6
7,23,33,-5,5,21,-1,-20,15,25,15,23
12,4,20,0,-20,22,-17,-11,35,14,58,20
21,25,10,-41,-31,59,-16,0,12,49,13,20
8,26,35,-54,-8,34,-21,-28,15,41,14,27
25,47,26,-30,-8,33,-9,-9,2,15,47,33
28,47,41,-45,-12,39,-5,-18,28,36,51,17
45,55,59,-35,0,37,-58,-13,19,50,49,21
14,59,55,-23,-4,64,-30,-10,32,32,45,40
4,62,51,-43,-12,73,-41,-40,25,42,53,48
3,93,42,-59,-4,77,-33,-58,31,62,63,51
42,78,54,-45,-10,67,-34,-43,5,38,91,68
16,82,78,-44,-4,84,-51,-34,33,63,81,60
9,94,73,-63,-6,77,-63,-45,28,67,71,72
34,121,60,-67,-7,94,-44,-47,33,88,88,75
37,116,82,-88,-15,99,-57,-49,27,89,115,68
43,103,90,-88,-19,93,-64,-50,36,104,120,86
37,124,77,-74,-14,119,-72,-51,43,112,112,79
38,146,91,-93,-30,91,-72,-75,51,98,135,101
41,121,110,-90,-17,133,-84,-51,46,111,127,111
48,163,85,-112,-29,139,-88,-38,27,102,155,108
64,169,96,-135,-34,156,-102,-66,46,139,150,108
62,165,107,-115,-12,167,-93,-67,60,135,157,120
76,188,113,-127,-25,149,-97,-76,44,129,171,144
67,192,130,-151,-34,175,-118,-51,70,126,198,135
61,219,139,-140,-44,156,-140,-77,61,164,189,143
85,198,134,-129,-26,178,-114,-80,45,152,189,147
69,196,126,-176,-35,204,-111,-84,54,172,199,176
84,230,170,-147,-45,191,-121,-77,50,173,208,147
60,241,166,-153,-28,210,-132,-102,91,182,235,178
79,255,170,-147,-47,217,-141,-100,65,206,212,174
105,256,174,-172,-32,219,-158,-106,77,183,251,167
102,254,189,-176,-39,244,-126,-117,105,216,239,196
101,301,192,-185,-20,226,-134,-119,71,206,240,200
102,289,183,-186,-43,249,-155,-135,87,217,278,217
121,310,182,-206,-52,240,-163,-112,77,242,278,203
105,305,194,-226,-46,258,-166,-131,81,232,263,214
112,318,209,-224,-50,263,-178,-125,97,222,300,236
119,321,228,-232,-59,268,-168,-126,88,259,290,241
119,332,215,-252,-29,290,-191,-132,95,263,294,251
120,342,213,-242,-55,294,-187,-136,109,263,327,255
128,329,231,-229,-60,284,-192,-156,121,257,319,251
136,373,238,-245,-44,313,-212,-141,131,289,316,243
145,347,240,-240,-71,314,-208,-137,116,269,346,261
131,377,242,-259,-59,301,-190,-154,111,276,338,256
121,408,260,-282,-39,309,-187,-141,116,286,367,273
146,405,261,-271,-61,309,-207,-184,126,285,347,276
144,387,256,-259,-76,347,-197,-163,135,301,345,284
151,411,259,-279,-61,307,-223,-180,130,292,351,288
127,388,266,-288,-71,344,-224,-169,132,293,371,291
156,416,284,-287,-79,338,-217,-162,116,312,370,303
159,405,265,-294,-56,338,-228,-184,108,298,383,307
150,412,260,-278,-65,357,-200,-191,147,299,386,282
172,416,260,-272,-74,343,-225,-153,115,309,380,319
156,438,266,-283,-88,341,-263,-181,144,336,377,307
151,437,273,-286,-54,366,-216,-159,111,294,391,286
147,423,282,-276,-62,355,-236,-169,120,319,394,300
137,414,275,-280,-48,368,-241,-206,116,323,390,306
150,422,267,-316,-58,366,-237,-166,148,294,383,294
146,442,277,-298,-67,360,-238,-166,130,314,398,300
149,431,289,-285,-74,336,-243,-188,141,309,385,284
132,429,309,-300,-70,345,-225,-168,105,309,387,301
155,416,277,-283,-60,328,-234,-160,122,329,395,288
150,411,272,-293,-49,361,-231,-172,119,306,395,288
152,410,293,-274,-78,368,-239,-162,125,296,339,294
129,414,276,-266,-64,329,-210,-155,124,336,384,278
151,404,279,-262,-67,335,-208,-173,91,295,364,285
144,402,251,-250,-61,321,-223,-176,108,281,371,286
128,401,257,-250,-49,337,-210,-156,104,296,363,273
150,386,248,-263,-72,332,-226,-142,131,290,342,289
130,366,258,-246,-59,326,-221,-152,114,288,345,259
135,356,227,-253,-52,305,-208,-154,119,276,333,278
126,392,238,-236,-64,290,-218,-168,99,272,334,238
127,384,232,-236,-44,277,-195,-151,111,256,298,251
138,346,219,-231,-45,298,-188,-145,93,262,330,256
136,338,224,-242,-40,278,-197,-134,98,257,309,225
134,330,213,-226,-64,256,-158,-130,103,245,307,235
120,314,206,-226,-31,292,-154,-135,101,217,283,238
101,325,217,-223,-47,256,-166,-126,75,230,285,243
95,293,209,-228,-32,247,-162,-99,105,232,259,220
98,291,195,-192,-31,244,-156,-112,88,203,284,198
111,289,178,-188,-42,216,-157,-108,74,243,253,190
103,242,179,-184,-39,224,-152,-108,65,194,241,187
68,262,175,-188,-35,207,-139,-110,66,180,249,186
95,264,159,-157,-25,219,-135,-110,82,180,219,192
73,268,160,-173,-41,186,-136,-108,87,165,206,183
89,248,150,-137,-15,188,-143,-94,69,155,221,158
89,234,129,-148,-17,188,-108,-82,80,160,172,160
69,209,167,-155,-35,169,-103,-100,58,168,191,143
59,205,143,-132,-32,188,-122,-96,59,115,212,130
53,199,108,-113,-15,159,-118,-62,71,162,157,161
53,200,116,-137,-38,142,-101,-68,68,113,169,115
67,175,118,-99,-20,140,-86,-64,55,122,175,98
57,154,122,-122,-33,148,-110,-71,64,131,140,111
68,137,102,-106,-41,111,-101,-54,39,104,138,111
51,150,99,-82,-20,134,-64,-66,44,122,133,101
37,135,111,-111,-21,124,-71,-31,32,121,133,75
52,158,72,-72,-27,124,-73,-57,37,95,115,106
55,112,69,-105,-30,104,-72,-50,59,84,111,102
50,106,66,-85,-24,82,-86,-35,23,80,111,73
46,99,72,-66,-23,71,-70,-41,8,70,107,70
26,115,53,-87,-18,76,-40,-26,63,79,113,77
33,61,45,-52,-24,91,-46,-40,5,64,89,61
35,102,56,-62,-30,53,-44,-45,29,70,76,61
3,77,48,-59,13,71,-43,-21,22,41,78,54
28,87,55,-33,-7,65,-47,-32,23,66,91,53
30,50,39,-80,11,46,-31,-19,10,42,69,33
15,64,49,-34,3,50,-12,-30,8,58,53,38
25,40,39,-40,-10,68,-32,-32,27,26,57,22
30,55,41,-46,4,36,-23,-16,8,14,47,29
2,71,38,-32,4,49,-35,-9,14,27,52,32
12,36,18,9,-21,38,-21,-28,7,31,57,16
4,48,28,-7,-8,41,-14,-17,27,26,36,27
17,29,9,-16,-12,20,-9,-16,22,26,31,30
8,37,9,-35,1,29,-4,-29,13,9,16,20
-8,37,19,9,-10,15,-14,-10,21,12,36,15
-1,46,4,-17,-4,33,-8,-28,3,15,29,-5
-4,16,24,-10,15,-8,-25,-10,-4,26,34,35
1,4,20,-23,-12,28,-6,9,0,29,24,22
3,33,-1,7,-6,-3,-19,-24,-2,-8,15,-8
10,12,9,-2,4,9,8,7,3,15,13,34
17,21,7,19,-8,13,-10,19,11,16,6,18
-1,-3,10,6,-5,-4,-17,6,10,6,-12,-17
0,19,2,-29,-11,-2,2,2,-9,-6,2,-3
-8,10,6,-25,-5,1,5,-7,-25,-4,-10,29
8,9,-6,22,-5,-12,-2,-6,-23,-20,10,5
-18,-19,3,-13,-20,-21,-20,15,-10,-12,-15,4
35,-6,-9,31,-13,3,9,8,-2,-1,-7,6
17,-11,1,-6,22,-10,-1,16,-16,-2,-35,6
5,-3,-18,7,-8,-2,-6,13,1,-14,4,4
-17,-5,-14,-13,2,-16,-2,22,-5,-9,-8,5
6,-12,9,-4,0,-4,3,-5,-10,-6,-27,-1
-21,-17,-12,8,10,-9,5,19,-10,19,-12,-16
2,-21,-5,22,-11,-10,8,16,-16,-19,-2,-2
-2,-4,-14,1,8,-4,-4,14,-15,-21,-2,-10
0,-26,-1,22,1,-7,-4,10,-8,6,-2,-3
0,-11,-13,14,0,-19,-10,-15,-6,-4,-33,-21
-29,-11,-36,19,-1,0,3,17,-7,-13,-11,-21
-14,-8,-39,5,-1,-6,28,16,-11,-22,-25,-10
1,-11,-23,5,3,-19,6,4,-13,2,-2,-16
9,-10,-43,2,-2,-9,10,9,22,-10,-25,1
0,-32,-9,14,-8,-10,16,-7,-10,-23,-13,1
-8,4,6,17,8,5,-1,14,-19,-14,-13,-15
1,-7,-9,25,2,-9,4,10,-24,-10,-3,-8
-8,-16,-10,2,-5,-23,25,26,-18,-12,-9,-15
5,-1,0,24,15,1,2,-1,-3,-41,-26,-13
0,-26,-3,28,10,15,23,-2,9,-7,-4,0
8,-7,-12,-4,-10,-7,32,10,3,-13,-37,-4
-9,-36,5,-2,-27,-36,7,16,-23,17,-18,-21
-13,2,-19,23,-9,-30,36,20,3,-26,-24,-9
-12,-5,-30,31,-6,-3,-7,20,-8,-4,-9,-32
0,-25,-33,23,-1,-23,1,20,2,-4,-6,16
-12,-16,-8,4,1,-18,-7,13,-19,-15,-11,-29
-16,-8,-17,7,-10,-27,1,22,-16,-19,-10,-4
-3,-14,3,1,12,-20,-8,7,-10,-26,-16,14
-7,-24,-21,15,23,-12,7,-14,18,-38,-10,2
-16,-7,-11,29,27,-18,8,-7,12,-8,-16,-6
-4,-24,-1,1,13,6,9,5,-10,-6,6,0
-25,-10,-5,13,17,-22,0,1,3,-4,-9,-16
-13,-4,-7,2,7,17,-3,14,-2,-12,-20,4
-15,-7,1,-17,-2,-2,10,2,12,-15,-22,-1
-10,-19,-3,21,0,-3,19,16,4,-4,-13,-5
-11,-7,12,4,13,-7,0,-3,27,-16,-12,10
-8,11,-10,-1,1,-23,20,22,4,9,-21,6
-9,-22,-7,5,-1,28,-14,12,0,-7,7,-23
15,-23,-21,8,-6,3,11,13,-12,3,6,1
7,-36,16,13,-7,-4,-8,12,-11,-17,2,-7
7,-24,-14,19,11,-9,5,-8,-8,-27,-6,12
4,-15,-6,-5,11,-3,16,30,-19,-4,-16,-3
-12,-3,-31,-3,25,-19,7,4,-8,-7,5,9
-6,-10,-4,-2,-9,17,15,9,7,-5,-19,-14
-2,-13,-9,18,-8,0,19,0,-28,-16,-17,-6
-5,-9,-19,13,-9,25,3,-10,-10,-8,22,0
7,-25,18,6,18,-5,9,15,-4,-8,-16,0
-11,6,2,19,2,2,-12,-11,-6,-5,8,-2
7,-31,-15,9,-6,14,6,11,6,-17,2,-1
-2,6,11,11,-7,0,-2,-18,-23,-11,0,-11
-19,-22,-10,7,-17,0,-22,-9,10,-11,-18,0
27,0,-11,12,-14,-20,1,-8,8,9,-19,6
7,-2,-14,20,-25,-22,-3,11,-4,5,-11,8
12,-25,-4,1,16,-11,-7,-4,18,11,-7,1
15,-5,-37,14,-7,9,-5,7,-13,5,-9,12
-17,-15,9,19,17,-1,-9,-8,-4,-29,-2,-6
0,-15,-5,-20,4,-22,-4,-6,-19,5,16,2
0,-12,3,6,-4,16,15,-4,-4,18,-10,23
0,-24,5,-4,-4,7,16,0,2,-5,0,-22
-1,-11,1,-10,7,3,17,8,-20,2,0,-6
7,-8,-28,20,17,-8,2,-8,5,14,-1,-6
17,0,-9,15,-10,14,-7,0,-15,1,-9,19
-10,13,-3,-15,13,9,9,-19,0,13,-31,16
3,0,-10,5,7,-25,7,-10,3,11,-12,-26
3,-3,20,-10,3,3,12,-12,0,4,-9,14
-8,7,-10,6,18,4,1,3,11,-6,15,-4
-8,-35,1,11,-11,-5,-8,0,17,-5,3,-9
7,7,1,-18,-6,-6,-27,24,19,10,-29,8
-14,-5,-13,-7,0,7,-5,-6,11,4,2,6
7,2,5,-5,20,-5,-3,-16,4,3,10,5
-4,8,-9,-21,7,-29,4,-7,27,0,5,-3
4,16,-2,8,-1,9,15,-13,18,12,-1,-6
8,34,1,-22,-6,-20,-9,-6,-15,7,11,6
-6,-4,10,22,-3,24,-12,3,-17,11,22,30
-5,8,-8,-8,0,17,-7,-4,-6,1,19,21
2,4,9,4,-3,20,-4,5,8,3,26,3
9,15,26,16,17,23,-13,-7,19,30,1,11
4,33,-6,-13,10,21,1,8,-9,19,21,15
-9,9,15,-3,-3,-13,-25,11,-9,16,12,53
-6,25,13,5,8,18,-5,-17,3,18,6,21
8,16,11,-17,10,7,-23,8,19,30,14,24
-7,41,31,-16,24,14,-3,-4,8,13,24,29
16,9,0,-26,-13,21,-17,6,18,30,32,23
-2,49,18,-34,9,22,-16,-17,26,47,30,8
-11,28,33,-7,-1,28,-16,-20,22,25,42,41
15,38,30,-10,-3,19,-35,0,20,25,24,20
13,27,28,-37,2,42,-19,9,23,36,38,24
29,47,48,-42,-30,42,-33,-25,-1,42,41,31
36,58,13,-32,0,49,-10,-36,30,48,51,42
44,73,34,-36,7,75,-26,-16,17,56,81,37
4,67,43,-45,4,72,-59,-24,21,42,58,75
38,70,54,-59,-25,55,-29,-39,48,53,66,55
10,86,38,-53,21,81,-41,-28,-10,43,61,42
17,109,55,-54,0,78,-40,-46,21,68,81,80
39,83,71,-44,-18,75,-42,-36,42,53,63,102
35,114,54,-60,-13,104,-49,-39,42,68,91,60
35,104,98,-68,-6,90,-42,-56,35,87,117,71
57,137,75,-89,-33,87,-55,-34,40,78,109,101
52,147,95,-88,0,119,-70,-43,47,104,123,106
49,116,114,-102,-2,112,-62,-60,31,117,127,88
47,150,82,-92,-28,137,-87,-56,34,131,126,112
67,145,105,-88,-31,138,-89,-78,39,125,175,115
54,177,111,-91,-34,143,-93,-73,71,138,162,102
65,180,92,-114,-46,136,-110,-49,34,121,181,132
93,196,118,-137,-38,152,-108,-87,57,130,171,138
69,208,137,-133,-16,160,-105,-74,62,133,180,127
81,189,115,-133,-29,170,-105,-89,70,158,191,134
93,204,151,-170,-24,187,-144,-78,48,174,189,176
94,261,156,-160,-46,189,-128,-92,59,159,201,170
97,233,161,-171,-43,174,-140,-109,50,166,223,184
79,273,158,-160,-30,228,-138,-101,79,196,241,182
114,257,183,-173,-35,212,-143,-110,93,196,205,194
96,277,173,-167,-33,246,-136,-106,74,179,255,203
90,272,168,-193,-37,230,-169,-96,76,204,231,199
92,281,200,-213,-61,220,-166,-119,73,207,234,193
85,285,199,-199,-60,225,-155,-109,92,232,231,166
101,278,198,-211,-25,233,-167,-105,108,226,267,198
92,305,195,-202,-42,251,-144,-106,84,221,256,212
105,306,191,-197,-50,266,-160,-120,78,229,262,220
103,308,191,-217,-55,261,-173,-112,121,220,260,197
103,291,213,-189,-46,253,-170,-148,94,241,289,216
104,295,210,-215,-37,240,-163,-113,88,227,273,212
95,323,204,-205,-47,256,-160,-111,112,219,268,214
99,307,182,-202,-50,237,-154,-105,113,204,263,212
110,291,197,-195,-24,231,-163,-101,83,206,246,214
104,288,176,-199,-47,234,-167,-132,82,218,253,180
94,297,197,-192,-22,236,-159,-129,82,201,257,210
116,286,156,-211,-40,225,-141,-143,89,218,229,191
105,256,211,-175,-30,232,-138,-112,91,213,248,173
100,275,153,-177,-25,223,-133,-120,101,195,253,188
94,265,183,-178,-41,216,-152,-102,59,192,253,178
76,261,179,-171,-48,216,-166,-125,68,191,235,183
78,238,155,-148,-37,205,-138,-97,54,166,210,171
81,253,150,-179,-26,192,-144,-96,70,150,244,172
64,227,152,-149,-37,196,-149,-79,66,174,200,168
76,208,133,-152,-23,156,-115,-82,70,141,193,170
87,201,125,-162,-34,178,-117,-64,57,168,178,151
83,218,124,-126,-47,156,-119,-76,56,158,171,147
78,182,125,-119,-38,164,-116,-70,60,124,167,144
53,163,124,-112,-24,169,-87,-55,40,140,144,123
60,164,110,-114,-56,131,-115,-77,49,120,151,118
86,180,135,-110,-33,138,-70,-81,49,95,158,124
47,171,99,-110,-44,126,-91,-76,42,121,142,122
51,149,74,-80,-31,107,-81,-55,45,129,155,112
40,136,90,-84,-22,112,-90,-63,41,106,124,97
47,120,63,-91,-28,107,-62,-38,43,104,125,88
26,121,61,-89,-20,84,-63,-39,42,90,80,85
47,97,77,-83,-25,71,-70,-37,40,68,99,67
29,82,38,-64,-12,73,-55,-34,2,78,79,55
39,78,44,-66,1,72,-62,-41,38,57,59,66
36,90,79,-57,-31,77,-43,-47,5,50,71,63
21,85,45,-50,-5,87,-30,-45,11,57,53,87
13,84,55,-35,5,64,-31,-44,33,66,61,54
18,68,63,-51,4,49,-35,-42,25,49,58,34
29,45,52,-46,-24,44,-40,-18,-1,22,39,72
38,71,32,-42,5,24,-36,-48,-3,54,57,57
11,59,44,-40,-26,50,-23,-6,13,48,52,40
40,54,30,-33,-8,46,-38,-34,29,29,45,18
26,64,50,-48,2,65,-28,-27,13,44,55,36
24,46,15,-32,-7,23,-41,-20,1,41,41,43
8,65,37,-18,-5,15,-10,-9,13,29,70,30
1,50,31,-18,7,21,-36,-26,1,19,48,33
22,36,32,-12,2,27,-24,-17,10,1,21,30
22,15,6,-8,-4,15,-27,-33,14,22,32,5
-5,43,21,-51,-21,19,23,-7,8,8,26,-6
3,17,20,-4,-6,20,-22,-4,29,28,24,39
-2,34,25,-45,-7,0,-33,8,17,34,8,13
-7,-7,19,-12,4,20,4,-15,-7,27,24,0
21,16,12,-1,15,16,-6,15,-11,2,-7,16
6,8,-7,-4,17,1,12,0,-6,-12,9,-11
-5,-17,-21,14,3,6,-10,24,-17,7,11,7
-2,-14,-23,12,17,-22,19,17,-14,-9,-7,-6
-36,-44,-2,34,19,-27,35,-14,-20,-26,-39,-34
-26,-26,-26,33,6,-35,13,13,-7,-24,-40,-38
-22,-64,-42,64,20,-73,29,18,-49,-33,-74,-41
-12,-97,-60,47,27,-68,41,59,-26,-62,-54,-15
-42,-106,-63,78,1,-81,66,45,-33,-57,-79,-58
-18,-109,-67,74,-2,-80,51,53,-32,-93,-97,-44
-45,-104,-71,89,14,-100,64,45,-60,-88,-82,-79
-30,-128,-78,82,-9,-122,62,42,-27,-85,-110,-72
-71,-137,-111,102,15,-114,78,41,-26,-96,-119,-81
-60,-136,-77,82,11,-121,72,55,-35,-96,-118,-87
-34,-136,-65,65,13,-113,67,59,-46,-76,-115,-102
-33,-122,-66,66,14,-101,56,35,-29,-91,-86,-74
-30,-90,-44,43,27,-74,50,37,-23,-64,-82,-65
-25,-62,-47,40,7,-47,29,35,-31,-59,-49,-29
-3,-7,11,9,3,-11,2,0,3,10,-20,-6
9,43,39,-19,-18,19,-21,-12,10,41,39,39
31,92,63,-61,-15,91,-85,-46,25,95,120,66
57,186,147,-140,-40,162,-93,-73,77,153,169,124
101,262,161,-191,-30,225,-151,-99,75,210,255,222
151,369,229,-289,-58,310,-219,-165,109,285,348,250
158,482,332,-339,-83,397,-281,-199,180,373,435,351
212,586,381,-410,-95,486,-334,-240,180,448,522,435
247,694,462,-483,-134,584,-382,-268,207,532,623,495
282,815,530,-551,-142,654,-442,-315,259,603,728,544
293,893,601,-613,-142,749,-487,-351,277,672,802,610
346,974,644,-677,-155,802,-545,-385,297,724,876,695
382,1064,669,-719,-163,857,-548,-411,293,818,940,722
386,1109,708,-754,-155,904,-602,-426,327,808,979,751
385,1140,730,-782,-181,917,-621,-458,314,838,1033,787
410,1135,731,-772,-172,941,-609,-451,370,859,1032,802
374,1121,711,-752,-159,909,-610,-446,333,821,1010,751
372,1064,690,-745,-164,871,-585,-414,325,805,942,749
351,1010,648,-674,-135,818,-559,-399,286,739,902,681
324,897,595,-613,-125,732,-484,-356,270,670,829,620
282,794,522,-558,-122,678,-454,-336,236,612,716,567
241,688,448,-470,-101,581,-393,-279,194,509,613,497
209,576,372,-386,-84,479,-318,-250,184,422,525,420
153,468,273,-310,-85,384,-266,-183,139,350,406,321
109,357,215,-230,-48,280,-200,-147,128,269,318,222
96,230,148,-171,-35,196,-129,-82,100,155,242,153
39,135,97,-98,-25,117,-74,-55,33,88,107,108
14,43,47,-40,4,49,-15,-2,-10,33,38,12
-7,-23,-17,29,2,-40,24,13,7,-16,-38,2
-57,-111,-66,61,15,-79,58,30,-31,-62,-98,-70
-67,-122,-111,120,25,-122,68,46,-58,-115,-146,-102
-63,-208,-136,120,21,-157,85,108,-60,-151,-166,-143
-86,-229,-148,142,24,-175,115,93,-67,-151,-203,-166
-109,-233,-165,173,29,-205,130,120,-76,-192,-216,-179
-81,-234,-182,195,28,-207,138,98,-93,-197,-218,-159
-94,-279,-158,171,44,-200,138,115,-88,-205,-234,-183
-106,-244,-166,160,50,-186,120,94,-61,-182,-243,-165
-69,-228,-158,162,28,-192,130,85,-49,-179,-205,-178
-74,-207,-118,139,33,-178,100,76,-59,-149,-176,-145
-86,-179,-116,144,31,-147,129,85,-58,-123,-175,-117
-45,-165,-99,114,24,-132,87,69,-67,-113,-129,-133
-65,-151,-63,94,28,-102,80,52,-48,-114,-139,-115
-38,-113,-71,99,33,-98,63,36,-33,-84,-86,-73
-19,-83,-51,34,28,-74,34,43,-36,-65,-88,-61
-27,-102,-45,47,19,-45,46,44,-20,-37,-76,-53
-14,-40,-37,45,-9,-54,39,23,-7,-48,-44,-32
-11,-21,-11,31,-6,-36,39,5,-5,-18,-15,-19
-31,2,2,14,-14,-45,21,5,15,1,-30,-6
12,-3,2,-1,10,-8,32,17,-16,12,-3,1
-8,-7,9,-28,-20,-20,-19,-3,-12,5,2,9
14,15,5,4,-8,2,0,1,7,3,15,-7
1,-1,-7,2,-18,5,13,5,-1,8,-11,32
-1,11,-9,-4,1,2,-10,-20,0,11,22,11
-24,30,-14,2,-16,-15,-38,18,4,22,-4,14
10,17,22,-7,5,-1,15,-11,2,8,35,25
21,22,-5,2,-2,21,9,-18,7,14,18,11
-6,20,8,-13,-20,20,-21,-10,16,47,13,14
-2,49,17,-10,-5,30,-6,-4,-3,13,15,0
22,26,9,-22,4,44,-13,-8,12,44,16,26
12,31,9,-12,23,22,-20,-9,17,33,33,30
1,40,18,-31,3,38,-18,-16,19,25,36,16
13,28,12,-22,-10,13,-9,-16,27,47,27,25
2,46,11,-23,-4,33,-31,-17,-1,31,43,42
-3,75,32,-19,-9,20,-20,-21,7,31,45,6
4,58,14,1,-14,21,-26,-12,9,46,44,41
25,70,24,-30,-1,42,-22,-14,16,42,35,25
33,42,39,-49,-14,18,-46,-25,7,30,45,35
20,52,38,-29,-5,62,-22,-21,20,30,52,43
7,70,56,-17,4,31,-38,-48,15,41,49,41
21,68,63,-31,6,43,-32,-33,10,37,69,53
2,56,45,-33,-14,66,-34,-36,0,65,60,45
10,66,27,-59,-12,57,-34,-18,18,66,55,53
18,70,50,-40,-9,60,-49,-7,10,48,66,57
38,82,64,-46,-18,62,-31,-46,2,69,64,44
26,79,47,-64,-7,50,-56,-22,0,80,58,54
3,98,68,-40,-10,83,-32,-24,39,50,83,49
43,101,73,-72,-23,72,-39,-49,25,60,80,70
28,91,56,-78,1,97,-78,-43,10,63,100,84
31,96,48,-87,-24,101,-42,-35,42,77,99,114
29,138,78,-76,-30,78,-61,-47,16,99,95,63
48,119,83,-75,-18,124,-38,-50,60,82,83,83
56,123,77,-84,-17,101,-70,-57,33,93,104,96
43,126,70,-73,-23,104,-73,-49,41,91,123,56
42,152,85,-107,-24,119,-69,-50,49,111,126,93
65,138,106,-114,-45,111,-87,-65,29,100,126,103
59,153,108,-100,-12,116,-81,-72,56,95,113,89
59,150,93,-122,-37,135,-104,-50,26,107,141,123
70,179,103,-122,-43,150,-99,-58,48,92,160,114
61,182,121,-119,-12,132,-111,-70,62,119,164,120
77,193,146,-110,-23,151,-114,-68,41,159,194,133
67,191,137,-128,-34,162,-102,-76,65,140,174,145
72,194,141,-154,-38,180,-114,-75,70,148,165,145
75,228,146,-142,-65,184,-105,-86,79,174,185,149
72,231,157,-138,-33,178,-112,-86,61,154,180,179
69,208,167,-182,-53,181,-128,-88,55,162,204,174
68,224,167,-172,-42,180,-137,-114,68,168,206,157
69,236,166,-173,-39,215,-135,-119,76,193,226,206
111,252,165,-158,-26,224,-169,-84,70,185,237,172
90,267,165,-177,-47,227,-129,-98,73,205,267,194
88,260,201,-190,-59,222,-153,-92,73,209,252,178
111,275,186,-219,-43,231,-146,-135,78,191,250,209
100,287,213,-201,-36,261,-161,-123,85,231,248,200
106,300,214,-217,-58,268,-188,-120,90,224,294,210
107,311,194,-232,-59,249,-161,-132,100,238,299,232
125,327,204,-240,-12,255,-174,-118,77,226,299,233
113,333,204,-216,-58,279,-190,-136,99,256,288,236
111,344,220,-221,-49,285,-197,-133,88,263,326,236
136,353,249,-217,-32,281,-213,-136,122,244,304,271
127,351,233,-266,-39,286,-189,-156,117,277,320,256
121,369,234,-246,-55,286,-210,-160,111,270,327,266
152,358,240,-257,-52,324,-209,-158,105,288,353,239
140,390,239,-261,-67,305,-231,-164,110,295,329,277
142,405,276,-276,-55,318,-210,-148,81,307,358,269
133,390,252,-278,-62,331,-241,-155,121,294,365,301
142,397,267,-287,-73,348,-225,-175,114,322,365,286
130,416,284,-265,-64,342,-229,-155,128,321,367,277
161,424,280,-288,-81,357,-238,-169,106,296,379,311
163,420,271,-303,-71,326,-242,-176,137,309,379,299
163,423,250,-296,-62,344,-249,-202,122,321,409,306
135,438,289,-312,-51,368,-224,-183,132,328,391,310
143,445,283,-296,-57,380,-243,-172,102,343,371,283
163,468,291,-291,-53,397,-224,-185,125,337,392,323
152,432,285,-303,-59,391,-230,-190,148,329,410,320
157,478,292,-300,-65,359,-234,-193,142,356,395,305
160,478,288,-297,-74,383,-255,-186,150,344,408,327
164,459,303,-323,-71,358,-254,-198,146,353,417,325
147,459,298,-331,-72,390,-261,-194,129,337,417,323
169,451,317,-308,-54,393,-256,-185,156,366,418,313
166,463,283,-333,-73,399,-271,-204,147,338,417,331
174,458,296,-310,-52,366,-259,-188,122,332,424,334
169,448,304,-284,-72,378,-258,-180,130,325,414,326
174,453,285,-328,-80,347,-225,-184,114,352,435,310
143,448,282,-315,-69,374,-269,-167,118,348,407,299
167,461,272,-297,-52,375,-246,-167,133,355,404,306
154,437,299,-353,-57,377,-248,-160,127,350,410,321
169,444,292,-288,-52,357,-235,-179,120,333,392,293
136,427,288,-305,-85,359,-227,-182,137,345,410,312
150,438,282,-313,-60,357,-221,-155,136,309,394,315
161,431,280,-284,-62,380,-247,-161,91,325,394,276
145,418,249,-282,-57,358,-229,-169,125,332,343,311
128,414,262,-277,-36,363,-234,-175,124,305,368,309
124,415,275,-287,-60,348,-221,-175,102,298,354,266
153,377,287,-266,-65,331,-206,-166,132,291,360,266
125,401,273,-257,-57,343,-208,-168,143,308,370,271
141,392,256,-251,-48,309,-207,-142,117,292,333,259
126,365,233,-249,-70,321,-200,-153,102,270,328,254
121,361,241,-247,-52,294,-216,-155,115,285,331,249
108,352,234,-239,-42,294,-184,-141,104,270,320,266
110,365,206,-239,-63,300,-201,-130,118,256,341,257
115,339,219,-231,-51,270,-190,-132,119,263,285,243
88,344,226,-226,-68,277,-177,-128,115,244,288,236
118,315,235,-226,-48,258,-195,-133,85,248,304,228
111,341,196,-213,-57,262,-181,-131,84,226,284,213
96,309,203,-218,-49,245,-181,-111,108,220,274,211
110,288,207,-223,-48,265,-158,-120,104,222,271,199
98,281,209,-213,-39,229,-161,-113,61,243,263,204
74,304,185,-191,-36,242,-146,-113,81,188,246,204
93,287,175,-183,-31,226,-159,-137,58,189,228,191
93,265,153,-186,-30,217,-135,-93,88,214,236,189
95,238,177,-151,-38,212,-148,-103,74,181,242,180
95,224,168,-159,-37,188,-139,-103,73,184,237,176
78,214,157,-158,-33,194,-144,-94,59,164,202,126
79,224,145,-170,-6,187,-108,-68,67,169,231,148
94,190,151,-111,-24,174,-108,-106,55,161,176,132
96,219,131,-129,-40,158,-104,-75,73,145,198,129
74,179,128,-145,-37,176,-107,-76,57,144,142,159
66,176,116,-121,-25,166,-102,-89,46,138,152,120
63,188,121,-117,2,146,-89,-87,44,118,172,131
51,174,125,-120,-33,130,-91,-53,50,147,147,116
60,184,100,-120,-28,138,-80,-54,61,112,132,102
69,156,99,-97,-18,133,-78,-56,55,117,133,96
46,150,107,-77,-36,104,-75,-61,37,127,140,110
32,133,65,-80,-20,104,-65,-40,14,103,127,114
36,133,92,-74,-27,122,-51,-68,41,95,108,91
57,120,86,-92,-11,95,-67,-65,47,83,109,85
48,110,70,-66,-32,71,-62,-28,41,81,97,88
41,99,61,-71,-9,89,-59,-39,38,77,99,66
41,103,66,-70,-8,80,-56,-50,28,47,87,62
17,109,51,-44,-16,70,-63,-20,35,57,78,66
34,101,57,-70,-7,73,-60,-29,4,69,76,51
26,95,50,-65,-10,86,-50,-15,9,51,65,60
35,88,52,-83,0,66,-47,-12,32,71,65,71
29,68,68,-55,-11,45,-28,-36,12,59,64,58
0,47,39,-36,-19,67,-48,-36,18,43,52,57
9,70,64,-26,-11,52,-40,-36,7,56,75,47
34,71,36,-34,-28,46,-42,-21,2,54,40,16
19,47,44,-25,-6,51,-29,-52,6,46,40,68
34,60,38,-25,-12,42,-27,-24,3,41,70,53
11,55,32,-36,-18,32,-12,-27,-2,56,41,45
17,54,21,-34,12,45,-30,-23,3,42,74,29
26,27,14,-32,1,69,-27,-19,8,37,47,29
7,54,19,-28,-33,32,-31,-20,4,31,33,33
4,30,28,-14,8,29,-25,-8,3,18,34,49
4,49,36,-24,-10,27,-19,-51,14,40,41,33
6,43,22,-40,20,11,-17,-21,11,52,54,22
21,58,10,-22,1,24,5,-2,-3,15,33,25
11,45,17,-12,-8,35,-14,-9,4,16,52,31
-4,24,19,-26,4,35,-36,10,15,26,5,21
9,18,24,-16,1,29,-4,1,5,25,14,26
17,22,-9,-21,15,33,-21,-24,13,41,6,23
-2,56,5,-14,-13,30,-18,-1,3,36,13,25
-7,30,-9,-29,-7,30,-4,-13,24,22,20,7
19,-15,2,-19,6,21,-9,0,39,18,4,40
16,16,22,-15,-10,22,1,-22,48,20,7,24
7,25,31,-16,-11,43,-14,-4,-15,5,2,27
-17,29,6,-13,-13,39,-28,-13,21,13,30,0
12,32,35,8,-15,18,-15,24,-15,6,17,11
14,31,9,2,-15,15,-13,9,9,14,16,-2
13,14,22,-8,1,13,-17,-8,-1,-5,2,11
-10,2,-6,-20,14,9,-8,0,0,13,24,10
12,20,20,-13,15,32,-29,-25,8,20,22,30
9,26,9,-12,9,5,12,5,7,16,33,20
21,17,10,-22,4,14,-23,-18,4,31,8,8
0,19,-7,-2,-3,23,-23,-2,-2,13,13,20
15,12,-3,-1,-16,20,-26,4,6,18,11,19
6,22,-4,-15,-9,17,-18,4,-6,40,38,-7
8,32,9,-9,-6,2,-17,-20,17,12,1,33
6,9,-10,-5,0,27,-9,-6,-5,20,39,22
2,31,12,-5,-7,23,-40,-12,40,9,46,37
-2,32,-8,-3,16,23,-16,5,-1,4,28,27
0,36,17,1,8,16,-1,-5,22,12,30,7
6,24,23,-24,-1,2,-29,-30,15,23,41,5
33,38,18,-17,-16,7,-17,-15,4,18,38,38
30,13,4,-17,4,-3,-29,-4,-7,0,21,22
13,18,23,-18,-18,8,-16,-10,9,1,29,26
-1,48,6,-14,4,-18,-19,-3,3,20,20,26
25,5,15,-34,-2,32,-7,-15,-2,37,31,9
24,34,14,-3,26,10,-16,-23,-1,29,13,27
-8,41,-2,-5,0,14,6,5,5,19,44,-4
6,14,2,-11,-14,21,-13,-16,17,40,8,12
18,27,28,-15,5,4,0,4,15,6,22,23
17,25,6,-18,-10,3,-34,-24,9,22,54,12
-10,8,-10,-22,1,45,-7,-10,3,30,33,-3
5,21,-7,-29,-16,16,-8,-16,5,34,21,15
-10,36,1,-42,-1,12,-6,-3,18,-3,29,24
7,25,33,-20,13,8,-14,-3,12,22,14,-2
12,31,-1,-28,4,17,-5,4,11,32,30,6
6,38,4,-4,-12,29,-28,-8,-15,2,25,15
10,28,10,-25,-5,34,-12,7,4,14,18,-8
-4,30,16,-43,0,20,-12,7,12,22,26,13
25,13,30,-48,-23,19,-13,-6,22,22,18,14
19,9,9,-3,-4,28,-3,-16,3,6,1,36
-2,25,19,-28,-9,17,-20,-26,20,22,11,22
-17,11,5,-22,-19,18,-6,0,35,31,17,39
-2,12,-8,-22,-12,18,-11,-3,17,38,-5,25
5,24,11,-23,-4,28,-18,7,24,36,3,24
10,38,32,-4,35,14,-8,-12,30,15,22,30
17,16,42,-5,16,26,-18,-5,11,21,38,12
24,36,19,-30,-17,27,3,-21,18,41,14,20
14,13,36,1,-14,17,-7,-8,8,19,23,18
33,22,20,-10,6,10,-5,-7,-9,5,24,26
-7,16,9,-23,-2,47,-22,-22,20,29,27,11
33,17,26,-34,13,7,-2,-32,5,32,28,15
21,49,26,-10,-6,25,-15,-10,6,4,4,12
0,42,27,-23,5,24,-28,-8,17,27,4,20
0,18,11,-29,16,2,-12,-5,6,11,30,28
13,5,15,-15,-24,18,-27,-16,-7,-1,42,-11
15,34,6,-21,0,28,-21,-36,15,18,26,28
4,30,37,-11,8,23,-13,-22,7,20,11,7
24,6,43,-18,-7,37,-4,-8,18,33,28,-2
15,21,32,-8,-14,15,-22,-18,3,12,49,17
-8,34,8,-31,-4,21,-20,-11,-17,31,44,3
5,22,37,-34,19,36,-20,-8,-9,18,37,19
0,24,11,-8,-23,47,4,-30,9,22,27,17
5,9,13,-13,-9,12,-20,14,1,25,29,10
30,41,19,-25,-3,17,-29,-17,1,25,30,35
20,51,10,-8,-9,38,-19,-7,23,26,29,22
25,36,3,-24,-3,30,-35,-5,20,33,24,23
19,21,11,0,4,22,-41,-17,3,28,43,20
9,52,17,-23,7,32,-13,-21,-2,32,39,43
40,39,46,-42,-1,24,-19,-36,-5,12,27,21
14,68,16,-30,3,44,-16,-1,7,41,42,34
14,37,12,-50,3,63,-42,-18,16,11,41,30
21,56,29,-27,-28,27,-32,-18,3,27,58,30
23,41,14,-23,27,44,-9,-23,-1,23,25,27
13,32,19,-33,-12,49,-43,-27,16,20,37,19
10,27,25,-26,4,25,-14,-13,24,25,16,30
5,46,48,-22,-3,26,-27,-32,9,42,28,52
5,30,51,-47,-9,67,-26,-15,7,23,44,35
30,74,43,-37,7,46,-17,-22,17,34,50,57
19,40,40,-51,6,40,-25,-15,50,48,53,36
36,76,27,-57,-5,47,-25,-7,14,64,42,45
32,60,18,-59,-21,52,-44,-3,19,61,36,38
43,82,77,-35,9,64,-31,-3,24,66,70,51
35,78,29,-28,7,70,-37,-47,23,55,71,38
22,80,75,-79,-9,45,-29,-30,5,64,50,60
27,100,70,-59,-6,64,-41,-19,26,47,78,42
47,83,64,-36,4,66,-56,-38,16,55,74,44
25,90,52,-47,-19,58,-54,-31,24,62,99,75
27,106,63,-65,-27,91,-72,-27,25,71,77,82
46,124,74,-82,-20,66,-51,-40,15,99,79,107
50,123,79,-78,-15,91,-66,-46,30,90,97,87
35,107,58,-64,-21,74,-79,-44,33,85,116,86
57,130,87,-88,-19,97,-78,-34,49,96,121,104
43,164,105,-84,-44,125,-71,-60,39,99,102,103
53,146,94,-116,-12,120,-53,-78,51,89,111,89
51,153,101,-108,-22,124,-91,-64,23,104,118,91
48,165,112,-92,-21,118,-101,-76,39,151,153,111
71,157,121,-134,-16,147,-79,-72,39,142,158,110
49,185,114,-131,-30,153,-102,-76,44,146,172,127
55,178,127,-122,-20,161,-97,-77,50,135,173,146
63,183,128,-121,-52,162,-126,-77,62,146,178,149
75,214,147,-140,-48,175,-117,-92,60,142,177,129
69,210,160,-142,-59,190,-105,-76,55,179,193,143
96,230,147,-159,-25,199,-119,-72,66,180,183,166
109,223,169,-158,-29,189,-121,-92,85,180,215,151
65,265,166,-167,-35,206,-154,-114,79,167,230,155
90,261,184,-166,-55,212,-143,-107,69,190,231,193
94,279,200,-173,-57,212,-137,-116,99,208,253,200
76,255,174,-188,-49,246,-153,-92,78,190,261,175
121,295,193,-184,-33,214,-153,-103,83,198,251,204
99,302,198,-169,-11,234,-179,-122,98,215,263,202
92,305,201,-193,-22,272,-167,-137,90,220,251,224
102,291,166,-217,-55,256,-149,-121,94,234,268,213
106,286,206,-202,-43,248,-167,-130,97,229,276,229
118,320,196,-204,-59,250,-172,-110,100,230,280,212
101,321,231,-204,-34,240,-162,-126,110,231,289,207
125,310,203,-196,-38,276,-181,-138,92,235,274,235
108,320,209,-242,-82,260,-179,-141,89,242,290,224
136,310,225,-219,-55,260,-173,-146,96,227,283,238
101,313,210,-209,-35,263,-168,-118,101,231,282,234
101,320,206,-228,-54,264,-177,-119,98,228,270,233
105,312,187,-204,-53,244,-179,-109,102,221,290,215
107,300,198,-188,-56,253,-183,-118,78,217,282,215
120,326,203,-207,-40,255,-164,-106,105,264,288,205
116,317,197,-215,-28,245,-160,-125,101,209,254,221
118,285,192,-204,-39,257,-180,-106,78,229,281,197
115,300,205,-213,-37,244,-166,-94,86,204,260,186
106,292,186,-185,-22,240,-153,-125,86,242,263,200
81,288,179,-191,-54,226,-136,-104,90,207,249,172
69,262,175,-165,-37,234,-161,-105,69,193,228,198
72,241,165,-170,-32,215,-147,-118,90,187,223,178
88,253,166,-197,-50,204,-153,-103,60,206,214,157
74,243,142,-157,-44,196,-119,-91,52,182,210,189
87,229,146,-180,-42,190,-128,-98,31,174,226,163
83,234,149,-161,-30,178,-130,-92,50,167,191,144
71,217,139,-130,-40,196,-116,-99,75,165,207,130
53,187,135,-145,-24,136,-127,-81,57,157,172,136
84,162,107,-123,-18,158,-122,-79,38,149,165,138
64,192,125,-115,-36,161,-79,-57,89,116,175,131
53,166,117,-107,-43,147,-120,-75,52,115,164,154
62,149,102,-118,-27,147,-82,-90,55,129,134,128
66,142,92,-93,-28,119,-90,-72,44,123,138,85
47,140,106,-69,-25,129,-62,-70,34,104,129,98
40,140,80,-113,-38,96,-61,-49,42,107,105,101
43,146,88,-81,15,100,-81,-55,36,102,111,83
53,94,88,-88,-13,95,-66,-70,36,71,100,79
36,112,64,-50,-33,80,-78,-56,36,93,96,89
58,134,55,-66,-28,81,-40,-49,20,55,83,61
30,111,65,-49,-32,67,-49,-59,26,92,81,43
28,83,59,-83,-28,63,-39,-28,19,83,69,40
7,89,64,-44,-10,65,-18,-42,-6,67,76,74
23,86,44,-53,-10,80,-57,-18,31,66,61,58
22,93,60,-55,2,77,-36,-20,30,43,72,54
14,65,37,-85,-15,53,-50,-28,33,61,43,50
17,70,36,-31,-37,43,-31,-17,11,42,50,46
27,46,62,-48,-4,56,-9,-33,24,35,51,53
31,67,39,-39,-12,40,-42,-22,27,42,53,47
20,49,53,-24,10,40,-18,-33,15,43,35,23
6,33,40,-56,3,31,-26,-25,-15,46,33,29
27,24,5,-30,-21,53,-16,-13,1,28,65,31
18,46,32,-37,-13,45,-29,-12,-6,29,40,31
25,39,22,-30,-7,44,4,-27,14,10,29,16
0,34,26,-44,-5,35,-29,-21,12,10,36,19
16,13,15,-29,-7,30,-31,4,0,36,19,13
14,14,25,-9,-15,17,12,9,1,13,-7,-14
-3,19,4,-4,-7,0,-22,-5,13,6,10,13
6,-1,-10,-12,-9,-1,5,-25,0,15,-2,-6
-12,19,-10,-25,-4,10,-3,4,3,8,-5,1
-18,-8,-32,-14,17,-15,-12,9,-10,-9,-16,-9
3,-33,-7,0,13,-12,-5,15,7,-7,-16,-11
-16,-44,-45,43,-7,-22,43,25,-27,-12,-27,-26
-42,-54,-36,21,13,-35,20,38,-21,-36,-38,-25
-35,-71,-21,25,4,-84,23,38,-36,-52,-51,-46
-51,-86,-56,53,1,-70,46,29,-13,-80,-70,-51
-33,-105,-56,64,34,-76,38,25,-34,-73,-77,-83
-40,-97,-59,50,18,-93,68,47,-17,-60,-74,-85
-30,-119,-87,99,17,-111,69,71,-40,-90,-135,-81
-42,-133,-96,99,-11,-103,91,76,-41,-111,-141,-92
-56,-117,-103,61,5,-113,75,66,-40,-105,-113,-114
-41,-122,-67,69,7,-79,71,84,-49,-101,-108,-89
-32,-146,-104,87,40,-100,80,59,-23,-104,-131,-78
-49,-113,-70,74,19,-101,60,39,-36,-81,-105,-77
-21,-98,-60,45,26,-74,41,33,-29,-49,-70,-73
-30,-68,-52,54,-16,-32,9,8,16,-25,-54,-29
-14,3,-3,-24,0,-12,14,1,25,6,-24,19
15,61,3,-49,-7,53,-22,-32,9,44,53,36
50,110,79,-71,-11,86,-68,-31,37,104,99,94
62,214,123,-146,-37,158,-96,-80,79,135,184,147
109,281,174,-197,-54,240,-153,-125,89,228,262,218
142,394,247,-266,-55,324,-213,-167,130,285,351,250
172,496,320,-337,-66,396,-281,-212,145,360,435,350
208,591,396,-407,-101,516,-354,-212,175,453,529,421
229,695,485,-511,-110,589,-394,-278,195,540,630,475
269,808,531,-559,-114,677,-448,-313,230,625,737,567
311,914,586,-623,-123,744,-508,-373,282,695,815,647
347,996,647,-683,-146,825,-547,-397,308,751,891,693
364,1065,702,-711,-177,907,-582,-423,320,776,970,716
384,1109,725,-756,-185,917,-597,-431,340,822,1001,783
