I,II,III,aVR,aVL,aVF,V1,V2,V3,V4,V5,V6
316,946,616,-634,-132,777,-516,-397,308,722,867,687
326,928,595,-622,-128,767,-526,-376,276,701,829,643
315,936,608,-608,-134,758,-518,-366,274,686,805,624
314,872,570,-605,-123,731,-466,-336,271,664,803,603
282,832,552,-556,-93,681,-453,-330,244,631,765,574
237,769,511,-518,-127,644,-410,-304,232,596,672,526
246,712,445,-480,-113,587,-384,-288,215,527,621,490
218,635,378,-437,-99,530,-333,-245,195,462,553,453
197,540,359,-399,-96,449,-289,-232,153,408,476,383
147,450,299,-307,-58,399,-262,-193,135,332,418,332
133,400,265,-272,-60,319,-192,-134,89,290,343,243
97,270,176,-212,-49,238,-163,-115,77,226,292,221
77,211,130,-147,-32,187,-107,-56,74,151,202,145
57,147,111,-104,-13,102,-75,-65,53,102,119,99
23,41,52,-31,17,36,-15,-37,34,63,45,36
9,-3,5,-1,6,1,-7,-1,-1,-24,15,18
-8,-72,-39,59,3,-60,35,18,-17,-46,-59,-58
-47,-126,-70,89,11,-86,73,24,-30,-84,-108,-60
-69,-173,-89,105,45,-146,72,62,-42,-119,-162,-141
-70,-208,-124,146,25,-169,115,85,-67,-157,-168,-151
-99,-275,-155,177,25,-204,139,79,-95,-192,-226,-155
-101,-284,-155,178,27,-238,138,96,-79,-205,-247,-193
-96,-326,-193,208,54,-226,183,124,-100,-225,-278,-192
-104,-313,-194,193,54,-261,173,129,-89,-223,-267,-225
-102,-319,-209,205,35,-291,169,119,-71,-245,-262,-211
-125,-319,-190,225,30,-256,177,134,-97,-224,-293,-241
-108,-305,-207,211,49,-265,171,133,-82,-267,-285,-213
-124,-341,-208,210,38,-256,156,120,-104,-243,-260,-224
-113,-315,-200,220,52,-227,152,122,-74,-222,-274,-225
-88,-289,-192,177,25,-252,135,113,-98,-227,-270,-198
-107,-271,-173,204,41,-229,180,82,-83,-205,-257,-176
-86,-255,-169,165,30,-214,141,108,-75,-199,-227,-171
-107,-220,-149,164,36,-203,145,98,-62,-187,-223,-177
-80,-228,-129,127,35,-186,125,83,-55,-151,-181,-170
-67,-197,-135,138,31,-163,123,99,-61,-149,-201,-158
-72,-174,-139,102,8,-162,106,81,-40,-156,-170,-134
-67,-182,-105,125,24,-141,88,69,-57,-113,-167,-135
-59,-167,-124,105,29,-137,44,40,-57,-123,-128,-114
-44,-149,-79,101,17,-126,94,83,-41,-99,-143,-103
-44,-132,-91,100,27,-113,92,49,-28,-92,-129,-74
-46,-130,-49,83,17,-99,72,53,-22,-71,-127,-60
-30,-119,-53,87,5,-95,57,38,-27,-70,-96,-87
-54,-119,-68,86,15,-74,69,53,-43,-82,-80,-61
-29,-83,-58,53,8,-82,67,19,-27,-55,-57,-84
-31,-104,-52,72,-16,-62,44,32,-20,-73,-68,-62
-16,-71,-37,60,22,-80,41,35,-39,-46,-65,-57
-29,-70,-30,35,9,-79,38,59,-13,-48,-78,-29
-20,-89,-30,46,24,-74,54,32,-9,-82,-66,-61
-29,-67,-57,50,-9,-57,46,48,-34,-52,-70,-74
0,-64,-71,52,8,-54,17,30,-9,-45,-59,-55
-33,-60,-46,62,13,-27,37,29,-35,-64,-68,-51
-19,-64,-25,40,10,-76,53,42,-33,-48,-69,-50
-39,-72,-43,58,29,-62,23,25,-19,-45,-50,-42
-24,-61,-35,38,39,-58,39,30,-18,-31,-49,-28
-35,-74,-36,26,34,-57,44,30,11,-61,-62,-31
-22,-72,-19,48,-8,-58,44,26,-46,-48,-47,-47
-4,-65,-46,55,-10,-61,35,28,-16,-25,-79,-40
-8,-43,-43,36,0,-62,33,7,-22,-71,-47,-21
-14,-51,-29,46,9,-40,38,17,-6,-58,-71,-37
-43,-56,-58,28,-20,-35,19,15,-6,-53,-72,-59
-30,-61,-36,48,33,-41,55,13,-22,-49,-54,-51
-19,-67,-63,57,1,-63,27,4,-2,-20,-43,-55
-13,-59,-30,41,6,-33,22,20,-8,-38,-56,-27
-42,-54,-33,50,21,-24,36,7,-24,-35,-67,-34
-12,-72,-40,53,5,-35,37,26,-42,-38,-54,-58
-23,-63,-41,35,10,-42,36,19,-38,-64,-25,-36
-27,-65,-46,21,6,-38,40,16,-30,-36,-60,-31
-29,-55,-55,38,3,-53,46,40,-14,-21,-55,-36
-26,-46,-30,37,1,-41,26,23,-20,-29,-57,-30
-15,-52,-24,44,28,-44,26,-3,-7,-65,-41,-34
-9,-38,-46,21,10,-35,18,36,-21,-56,-48,-27
2,-35,-43,37,17,-21,23,24,-11,-45,-71,-33
-26,-53,-20,43,31,-43,28,-1,-23,-71,-40,-26
-7,-54,-29,29,18,-51,21,40,-21,-17,-40,-51
-2,-35,-28,33,20,-48,28,28,2,-14,-46,-28
-23,-44,-29,24,12,-38,33,36,-8,-27,-48,-30
-27,-34,-56,13,8,-39,13,31,1,-14,-22,-20
-3,-27,-43,8,-1,-57,13,18,-13,-33,-39,-8
-28,-40,-41,31,24,-27,13,6,-26,-50,-18,-36
-13,-11,-24,25,18,-32,18,8,5,-14,-37,-14
3,-25,-6,26,-17,-52,19,-14,-16,-29,-4,-38
-7,-40,-21,10,14,-28,32,36,-38,-21,-43,-11
2,-14,-23,31,-9,-10,-9,7,6,-13,-34,-20
-13,-15,-16,31,13,-15,4,20,15,-34,-39,-27
12,-32,-8,24,-11,-24,21,-10,-23,-32,-32,-9
-2,-31,-6,4,24,-13,16,-2,-25,-22,0,-6
-50,-22,-10,13,7,12,31,27,3,-18,-43,-23
28,-20,-2,4,10,-16,4,-6,7,-18,-3,-23
-18,-27,-25,24,-18,-11,5,20,-1,-16,-35,-5
-3,-15,-15,-11,7,-33,11,19,10,-1,-11,24
-20,-32,-4,-11,7,-11,16,-15,-2,-1,-6,14
12,-15,19,20,20,7,15,-21,-14,-12,-19,9
-15,-14,-6,-17,2,-5,-9,2,12,1,19,0
-15,22,14,-2,6,-11,0,-12,-5,0,2,-1
1,5,-5,-12,6,13,14,-23,-10,-11,4,0
2,21,32,17,-3,15,13,15,9,23,11,25
-2,5,-4,-15,1,21,-6,-9,4,30,6,-5
16,10,31,4,10,0,-15,3,-5,13,25,15
33,-1,9,-13,2,-4,-11,-10,16,25,19,17
1,35,3,-15,6,42,-5,3,2,7,20,26
27,41,25,-38,-13,24,-16,-26,9,16,14,21
20,47,20,-16,-18,26,-21,12,11,26,50,8
11,34,42,-32,-15,39,-19,-28,13,45,55,45
1,57,14,-13,15,38,-40,-28,31,42,45,18
14,44,37,-20,17,43,-5,-28,18,42,51,54
13,59,43,-50,-27,28,-23,-25,16,47,43,47
13,48,46,-23,-6,54,-18,-27,26,9,50,19
19,50,23,-53,7,53,-25,-22,22,52,59,25
27,83,41,-33,-18,58,-37,-46,30,32,83,17
30,73,51,-47,-6,73,-38,-30,26,68,60,53
22,86,30,-37,-30,78,-44,-27,4,83,74,67
28,74,47,-80,3,80,-42,-45,28,70,84,37
48,95,58,-81,-23,63,-54,-40,36,59,71,62
48,87,60,-72,-21,73,-60,-47,39,64,85,58
41,119,72,-49,-11,82,-63,-65,43,70,90,85
29,111,66,-76,-6,95,-45,-23,28,69,117,96
28,128,75,-84,-2,76,-62,-56,33,71,107,81
43,123,71,-88,-11,110,-52,-54,56,108,145,86
45,122,81,-106,-29,137,-55,-41,44,67,95,94
38,151,86,-85,-20,95,-74,-69,44,119,128,96
45,142,88,-111,-10,105,-95,-67,53,118,130,115
47,141,111,-102,-31,153,-72,-49,47,112,125,106
60,142,91,-131,-45,148,-108,-52,45,109,163,97
81,156,94,-108,-46,107,-102,-68,51,116,159,99
52,162,99,-121,-18,151,-97,-84,57,121,134,144
70,185,126,-123,-23,155,-107,-67,72,137,151,139
76,186,132,-119,-41,151,-100,-74,64,141,185,128
70,176,124,-151,-18,162,-114,-74,74,158,182,135
75,205,125,-152,-27,154,-126,-90,56,165,169,139
70,200,141,-147,-24,163,-110,-74,67,163,204,149
64,208,149,-147,-30,187,-101,-95,68,167,184,134
83,214,136,-174,-45,196,-113,-92,61,167,197,145
89,220,147,-145,-22,192,-104,-82,51,165,213,154
77,236,136,-149,-23,188,-133,-92,92,176,222,173
85,247,160,-162,-37,200,-127,-95,62,188,214,160
68,245,155,-163,-42,220,-155,-85,77,171,237,177
88,256,172,-179,-39,218,-138,-94,68,200,217,188
94,237,176,-168,-26,220,-153,-101,101,212,229,158
57,246,165,-181,-45,209,-129,-105,77,218,224,156
96,252,180,-175,-26,227,-147,-92,70,198,262,214
115,281,178,-192,-64,240,-150,-123,84,233,252,182
99,287,184,-205,-46,237,-161,-107,107,212,257,225
86,276,190,-215,-32,248,-168,-103,88,222,273,206
111,282,179,-200,-55,242,-139,-122,118,239,276,204
111,314,193,-223,-28,256,-151,-133,76,246,290,211
108,297,197,-207,-51,272,-175,-144,72,231,286,213
101,294,222,-198,-49,273,-169,-119,99,244,289,238
111,301,212,-224,-58,274,-191,-137,107,214,275,210
94,344,230,-233,-44,266,-192,-128,103,230,284,240
100,335,211,-218,-48,264,-165,-163,110,236,302,227
144,321,226,-231,-43,260,-177,-133,84,233,279,222
122,318,196,-219,-55,267,-196,-155,120,237,302,218
106,325,189,-209,-37,272,-193,-144,97,259,311,244
99,340,224,-242,-48,285,-176,-119,97,246,317,255
107,341,240,-245,-51,290,-202,-143,115,276,322,250
146,352,237,-236,-46,304,-199,-145,87,248,306,248
114,342,220,-229,-69,291,-184,-147,96,290,300,241
142,364,244,-241,-34,268,-218,-141,101,272,330,240
127,364,218,-270,-44,299,-205,-168,106,267,321,237
142,373,230,-254,-44,311,-204,-159,119,275,307,247
127,356,225,-218,-72,270,-222,-127,90,270,319,247
133,353,245,-235,-43,316,-204,-131,106,283,330,247
126,364,232,-234,-66,292,-195,-137,113,263,333,239
102,356,236,-235,-50,309,-198,-145,116,281,295,255
148,375,213,-254,-75,288,-181,-155,116,279,312,220
140,357,230,-233,-69,290,-193,-156,113,273,339,259
126,354,229,-235,-67,279,-197,-113,101,289,305,265
134,342,238,-211,-38,309,-215,-150,117,269,309,253
120,349,228,-257,-68,310,-204,-135,120,278,303,245
117,343,236,-243,-51,290,-214,-158,110,274,323,229
107,363,243,-248,-72,282,-215,-111,73,264,314,231
139,346,227,-232,-49,283,-184,-122,106,259,321,242
129,356,217,-231,-58,265,-192,-136,124,244,310,224
85,326,226,-260,-57,285,-177,-153,120,252,303,236
97,315,206,-231,-44,280,-194,-160,95,239,297,237
145,357,214,-208,-27,268,-197,-134,83,239,308,226
125,304,200,-238,-32,280,-175,-125,83,245,286,229
114,300,225,-212,-50,263,-164,-137,98,248,282,215
123,305,213,-218,-38,246,-157,-129,102,236,271,247
103,321,206,-223,-50,243,-159,-118,122,236,273,212
119,306,194,-190,-39,240,-170,-113,84,206,274,200
111,302,205,-212,-50,243,-163,-120,90,225,271,218
115,306,202,-192,-50,265,-167,-114,108,236,284,212
97,280,208,-210,-52,245,-176,-113,73,218,270,192
116,300,173,-181,-32,223,-162,-123,93,205,277,201
88,266,184,-216,-45,229,-129,-111,76,209,238,192
96,274,178,-179,-14,222,-163,-128,85,213,240,190
116,265,180,-177,-28,219,-135,-118,89,204,247,169
91,238,150,-181,-56,221,-150,-103,79,198,238,197
77,252,175,-159,-48,232,-133,-116,77,181,237,160
104,260,174,-180,-36,200,-107,-120,59,171,209,166
78,220,165,-176,-9,181,-142,-87,48,175,195,167
84,218,165,-186,-49,214,-141,-109,45,156,192,178
71,225,146,-161,-26,164,-108,-75,63,167,194,134
69,233,140,-141,-37,182,-117,-72,74,184,185,150
63,234,132,-157,-43,170,-144,-107,73,152,199,149
79,218,145,-138,-28,176,-121,-89,66,156,182,144
71,191,129,-127,-34,154,-89,-58,65,140,183,121
54,168,121,-145,-20,157,-99,-98,50,138,171,124
76,182,119,-144,-28,157,-90,-82,65,142,173,123
49,172,113,-137,-19,135,-108,-96,52,147,165,134
63,174,90,-100,-40,134,-121,-70,44,134,147,123
58,163,98,-113,-29,139,-64,-79,36,129,149,131
49,159,99,-111,-9,113,-85,-62,53,120,126,105
44,156,90,-106,0,140,-108,-56,43,97,155,122
29,143,95,-84,-13,108,-65,-50,38,93,140,107
64,144,98,-121,-22,108,-84,-61,56,98,136,98
48,112,74,-87,-27,103,-65,-45,26,87,109,78
38,142,102,-81,-19,89,-69,-40,39,88,113,78
32,132,69,-86,-10,74,-68,-56,38,90,89,63
40,106,64,-67,-3,85,-71,-54,19,76,81,58
21,112,63,-53,-21,82,-50,-44,32,71,113,61
35,107,69,-82,3,73,-64,-51,54,79,91,54
47,74,58,-53,-17,78,-61,-44,18,67,79,47
51,82,43,-42,-10,76,-49,-56,23,73,70,57
24,65,51,-58,2,83,-32,-21,39,55,61,59
40,76,61,-48,-36,59,-42,-9,19,54,78,48
21,63,51,-52,-2,57,-52,-41,18,54,76,27
17,74,26,-43,-18,63,-39,-8,-7,50,60,27
38,63,22,-25,-7,57,-13,-7,7,54,51,51
24,54,46,-36,-4,40,-51,-11,15,54,45,13
13,62,29,-26,-16,29,-10,-27,17,37,39,16
17,39,19,-4,-3,37,-49,-18,18,-2,27,26
10,42,37,-36,-11,36,-26,-12,6,42,37,-2
1,35,16,-12,-15,43,-21,-17,11,14,32,40
-11,31,-2,-22,-7,1,0,-3,30,26,44,13
12,33,15,-40,-23,11,-2,-3,-4,23,28,16
27,12,-4,-13,-15,31,-8,-16,24,0,-1,11
-1,29,0,-16,16,17,-13,0,1,-2,10,22
-6,4,18,-16,-7,24,-4,4,-4,-7,5,11
11,18,5,8,-14,22,0,-10,-4,23,20,15
7,18,13,11,-1,4,-13,14,-27,6,-25,1
2,2,4,12,2,-35,-34,7,-14,-1,8,18
-11,12,-17,-4,17,9,-2,12,-10,11,-8,-36
-3,-24,2,-1,18,0,-1,10,-3,-11,5,-5
-4,-16,-1,9,14,-3,-14,-7,9,-27,-3,-4
7,-7,-23,-7,19,-18,-20,27,5,7,-21,-9
9,-6,-11,20,-21,-20,5,0,18,-17,-10,-27
-1,-12,7,-1,5,-9,24,18,-5,0,8,-25
8,-9,-9,22,-8,8,3,7,-12,-8,-4,-16
-9,8,-13,11,-23,-6,17,-2,-3,0,-27,-19
-35,-34,-23,-7,10,-5,9,26,-11,18,-3,-51
-3,-22,-11,6,1,-18,18,-1,6,16,-35,2
-14,-41,-20,14,-6,-5,35,12,-12,-4,-59,-3
-39,-30,-26,13,9,-15,19,24,-14,-4,-11,1
6,-16,-21,46,3,-4,18,9,-22,-36,-35,-15
-14,-32,-7,24,-10,-14,12,2,-27,-12,-25,-13
-16,-31,-44,14,-9,-23,30,7,-27,-20,-35,-31
9,-22,-32,7,0,-51,28,28,-16,-34,-34,-31
-11,-30,-15,23,-2,-27,27,18,-10,-42,-53,-39
-2,-31,-30,14,37,-24,44,12,-22,-19,-30,-31
-28,-53,-16,41,17,-23,31,4,-5,-19,-27,-25
-17,-59,-23,23,1,-48,24,44,4,-34,-19,-27
-15,-47,-36,22,10,-31,35,16,-14,-28,-48,-20
0,-32,-17,42,5,-19,18,11,-13,-42,-51,-41
-4,-78,-14,35,-7,-40,57,4,-19,-39,-35,-15
-8,-65,-45,33,-8,-47,-22,7,-18,-27,-40,-11
-8,-34,-17,42,9,-44,35,10,-27,-44,-35,-52
-16,-23,-26,42,1,-42,30,20,-35,-36,-35,-32
-27,-40,-21,20,8,-21,34,28,-9,-36,-49,-39
-20,-39,-18,27,19,-46,29,33,-35,-34,-23,-2
-27,-58,-46,47,27,-48,38,17,10,-12,-44,-59
-2,-21,-40,50,20,-30,-3,12,-18,-35,-36,-23
-10,-49,-33,28,-6,-38,22,17,-14,-54,-39,-34
-18,-37,-21,1,7,-24,37,24,-11,-19,-64,-42
-3,-29,-26,30,16,-44,46,49,-13,-30,-50,-38
-16,-39,-45,35,20,-47,7,39,-16,-44,-49,-22
-18,-49,-28,38,-7,-48,44,18,8,-41,-30,-49
-32,-49,-18,45,-12,-22,22,14,-5,-25,-30,-44
-18,-45,-47,25,-6,-55,30,33,-1,-34,-41,-38
-3,-68,-25,62,-3,-48,23,8,-20,-26,-36,-24
-12,-47,-51,52,11,-62,34,17,-19,-44,-43,-56
-15,-56,-31,43,-6,-46,24,25,-33,-69,-23,-63
-20,-56,-17,43,-1,-27,20,10,-3,-24,-48,-20
-28,-47,-28,52,29,-57,19,21,-20,-46,-22,-56
-13,-48,-15,18,24,-51,38,22,-26,-46,-31,-41
-12,-49,-36,25,-16,-26,35,11,-21,-26,-26,-38
-29,-54,-42,31,14,-37,19,32,-31,-40,-50,-56
-11,-68,-45,37,20,-19,28,25,-14,-48,-59,-37
-6,-33,-40,40,7,-60,19,14,-16,-51,-48,-22
-8,-25,-39,26,8,-40,18,17,3,-29,-39,-35
-8,-45,-23,40,12,-44,17,16,-3,-33,-55,-40
-22,-53,-36,53,-20,-22,16,21,-9,-27,-61,-25
-18,-54,-34,25,28,-37,39,5,-21,-34,-43,-25
-3,-42,-27,21,-9,-49,20,13,-6,-41,-60,-36
-32,-51,-45,32,33,-56,38,28,-15,-48,-52,-40
-18,-41,-25,31,-1,-31,34,17,-23,-21,-22,-20
-31,-60,-42,31,15,-16,33,26,-12,-55,-55,-46
-19,-42,-31,36,7,-21,26,22,-22,-47,-37,-49
-27,-46,-17,46,10,-44,30,26,-3,-22,-31,-29
-13,-70,-41,40,16,-24,21,36,-31,-22,-48,-23
-29,-51,-37,36,4,-54,-2,37,-10,-42,-32,-26
-23,-50,-11,26,20,-30,37,25,-7,-20,-43,-59
-32,-42,-38,43,1,-42,15,31,-31,-19,-43,-31
-7,-58,-41,37,15,-42,26,27,-29,-48,-50,-50
-18,-32,-24,61,25,-54,27,11,-19,-45,-39,-25
-30,-39,-49,32,2,-57,26,34,-14,-24,-26,-30
6,-39,-44,19,6,-31,41,10,-15,-21,-47,-25
-37,-19,-51,32,10,-50,29,-7,-2,-31,-45,-33
-43,-45,-44,20,-6,-31,35,53,-16,-55,-44,-28
-10,-65,-19,31,18,-66,14,17,-29,-41,-43,-38
3,-62,-39,32,13,-24,27,19,-26,-22,-21,-37
-24,-30,-37,29,14,-39,30,22,11,-51,-39,-28
-13,-49,-30,9,14,-46,22,20,-4,-55,-41,-40
3,-50,-14,41,9,-58,30,28,-12,-63,-45,-8
-13,-38,-35,48,20,-47,46,19,9,-33,-62,-22
-30,-31,-19,31,-2,-29,16,28,-19,-19,-35,-46
-25,-54,-48,44,11,-27,22,25,-13,-56,-46,-62
-25,-34,-15,23,-13,-25,26,11,-17,-45,-33,-22
-21,-32,-36,29,-9,-30,30,12,7,-8,-50,-27
-17,-38,-32,24,-10,-48,37,12,-9,-22,-48,-30
-21,-44,-28,48,-9,-20,18,23,-19,-26,-71,-34
-6,-37,-30,38,-9,-44,10,24,-4,-29,-50,-40
-2,-44,-45,35,12,-42,21,36,-4,-24,-44,-44
-21,-44,-33,30,11,-46,32,28,-16,-26,-40,-36
-26,-51,-12,43,1,-40,31,22,-25,-35,-54,-19
-1,-47,-26,25,9,-28,40,20,-10,-29,-39,-42
-12,-52,-64,19,8,-44,30,23,-34,-35,-41,-47
-22,-32,-18,5,24,-38,21,1,-44,-50,-23,-50
-16,-30,-36,33,21,-48,23,12,-1,-30,-21,-35
-20,-35,-43,28,14,-22,30,2,-15,-23,-21,-24
11,-36,-56,31,9,-20,19,1,-2,-26,-29,-26
-17,-25,-53,19,-6,-30,-4,20,-33,-13,-41,-14
-20,-31,-38,31,6,-35,16,7,-9,-21,-48,-24
-18,-42,-30,17,5,-55,20,21,-5,-31,-30,-51
-14,-13,-18,40,11,-41,-3,0,-16,-27,-6,-23
-21,-23,-15,13,12,-31,29,27,-22,-7,-34,-21
-15,-34,-19,32,5,-18,21,-1,-7,-9,-25,-12
-26,-43,-22,13,25,-26,22,4,-19,-26,-27,-38
-13,-26,-41,20,10,-23,0,16,-8,-7,-28,-16
-17,-32,-29,6,22,-10,9,20,-17,-17,-42,-4
-4,-25,-30,5,-1,-30,10,1,-17,-17,-34,-48
-11,-26,-15,10,-25,-19,15,25,-16,-25,-11,-11
-9,-53,-30,18,45,-33,18,32,-8,-22,-15,-26
-33,-40,-18,26,-33,-33,21,-10,-17,-7,-24,-23
-22,-36,7,35,-15,-28,10,-1,-17,1,-28,-11
-11,-23,-21,9,4,-34,21,5,-10,2,-16,-16
-12,-46,-29,26,11,-27,3,23,-10,-34,-34,-16
-14,-32,-23,25,7,-31,29,22,13,-7,-40,-10
4,-33,-13,24,-16,-38,7,41,-2,-28,-47,-12
5,-41,-40,22,7,-31,6,-3,14,-9,-17,2
7,6,-13,10,10,-28,4,8,-19,-19,-33,-21
-21,-10,-31,0,25,-25,16,12,-11,-33,-12,-8
6,-19,-18,16,-12,-9,17,23,-4,-31,-23,-16
-13,-13,-8,-11,31,-6,31,16,0,-17,-4,4
-24,-23,-29,15,1,-41,-5,30,-25,-8,-2,-23
-15,-23,-19,4,-3,-20,15,17,-3,-2,-24,-9
-5,-19,-15,17,20,-13,-1,-15,-4,-29,-29,-18
2,-28,-16,0,6,0,39,3,-5,-17,-8,-19
-2,-3,-9,7,8,-31,53,10,-11,-17,-14,11
14,-12,-7,4,5,-17,-2,-3,-6,7,-16,-16
-6,-9,-22,2,8,-20,20,10,2,-14,-40,-7
-13,-17,-32,19,0,-34,36,10,-17,-11,-27,-3
-15,-30,-24,14,-9,-32,23,-10,-10,-18,-14,-9
-27,-8,3,-1,-4,-33,4,-1,20,-10,-18,-20
-11,-42,-14,12,10,-29,-3,1,-1,4,-14,-7
1,-23,-32,19,27,-28,15,2,-12,-21,-20,-12
-18,-2,7,28,16,-10,-4,-6,0,-23,-9,12
0,-20,-11,18,-9,-25,2,26,-5,-10,-3,-27
-4,-27,-36,0,10,-20,9,7,16,-19,-24,-19
-12,-24,-8,-3,4,-18,-1,-4,-1,-6,-25,-29
7,-5,-12,11,-3,0,1,25,-9,7,-21,-34
1,-20,-2,-7,12,6,-5,12,-9,-27,-11,-11
-39,-17,-3,24,-3,-18,2,0,-3,-25,-9,-20
-16,-17,-13,15,-8,1,-12,26,0,-21,-7,-21
-28,-7,-8,4,15,5,15,-2,3,-8,-31,-10
-17,-13,-4,20,6,1,11,4,-20,-12,3,5
2,-42,-27,24,15,-8,0,16,2,-1,17,-18
-6,-6,-17,17,-8,-25,19,24,-10,11,-8,-28
27,-18,7,36,1,-18,6,18,-30,-6,3,-22
-16,-14,-3,9,-7,-29,-17,17,10,-16,-13,-12
-10,-10,2,-19,-1,-6,2,19,7,2,3,-1
3,-6,-31,44,-2,-9,4,-1,-31,-3,-11,13
16,0,1,8,9,9,-1,-3,-1,-18,-34,-17
-8,-5,-14,29,-14,-14,-1,-9,8,2,-20,-9
0,-15,3,-12,8,-10,21,0,2,-31,-10,-2
-2,-1,7,-7,-5,-21,12,-3,17,-6,-28,-1
11,11,3,12,30,-15,-1,-15,1,-6,-30,5
5,-17,2,-1,-11,0,50,10,-2,-14,8,-7
-20,-5,-13,2,-16,1,0,-7,-7,-23,2,-13
-5,7,11,8,4,-16,-1,4,10,3,1,-22
7,-7,-11,14,-12,-11,0,12,3,6,-8,3
-4,-9,-2,-18,-2,15,-1,-8,13,-21,-17,13
-1,-10,1,-2,-10,-22,-11,8,9,-2,-15,-19
8,3,-31,8,1,17,11,7,-3,-12,-10,4
13,7,-3,-2,22,-5,-4,9,27,-10,-13,-5
21,-5,-18,18,14,-26,7,9,-10,0,1,18
17,-18,-11,2,12,-15,0,-2,-2,11,8,15
0,-6,-25,13,-5,-9,-3,-3,3,-12,1,-1
13,-27,3,25,-6,-19,0,14,1,7,-23,5
-4,12,-6,18,2,-12,2,-18,-11,-20,-5,-9
11,-6,-12,8,-21,11,13,3,5,9,-1,5
-11,8,-2,2,8,-3,-8,-15,7,-4,-2,0
-9,11,19,-9,11,9,3,2,12,-13,2,-21
16,-9,5,13,-1,4,-5,-14,-10,-12,-8,-4
-1,0,17,-8,8,-19,-10,0,-2,9,13,8
12,-3,9,13,0,14,7,-22,-4,-10,2,-5
14,-19,5,-4,16,4,0,1,-5,-19,-14,31
-10,17,-10,12,-29,-2,5,17,1,3,-21,3
3,-9,6,13,18,-2,8,-2,1,-5,-35,4
-5,14,-7,5,-10,-6,32,10,-28,9,0,7
7,-10,-1,9,0,21,3,-10,25,4,0,1
3,-4,6,0,11,-2,6,15,6,14,5,-32
5,2,-1,12,-11,6,11,-13,7,-1,24,11
-11,11,6,17,12,2,-8,-14,-20,9,14,-4
0,-2,18,7,1,6,-16,2,10,-11,-9,-2
14,6,-7,7,-17,-16,-22,17,-1,-5,6,-11
-2,7,4,3,-3,-13,-9,0,-13,-3,-9,-10
3,-3,13,-4,-22,5,-7,-3,-7,27,-26,2
19,-9,2,-2,11,-9,-6,3,-30,7,16,-18
-8,-6,15,2,-16,11,-8,-13,15,-5,-15,8
31,5,4,1,0,13,10,-4,-5,10,-4,5
-7,-16,3,-15,-6,13,-10,-6,25,-3,17,-4
-12,-15,-5,4,7,-4,5,-17,-13,-5,-4,-1
-15,8,3,0,10,17,12,-4,-5,12,12,0
-10,7,-16,3,-4,-14,1,-17,-12,2,-10,-13
-19,2,-11,-16,-6,-2,5,-13,-20,0,-7,7
4,16,-14,1,-6,21,-22,-23,-7,-7,8,1
12,6,2,4,-11,6,12,18,-15,7,11,-12
6,3,-6,-16,-3,20,-19,-25,-19,-1,3,1
-13,3,1,3,-10,-6,0,-8,11,-7,1,10
-15,2,10,-38,-3,-6,-36,4,-14,-3,11,3
4,1,-6,-3,5,8,-7,-20,33,23,20,10
23,0,9,-5,-7,0,-7,-3,1,-12,-5,8
-14,-6,16,-20,-4,20,12,17,6,-18,-7,17
4,18,7,-8,2,7,26,-23,16,2,-1,13
21,20,3,-8,0,2,1,-20,9,21,-11,-6
4,20,1,15,7,6,8,4,-18,0,10,-17
2,11,2,-1,8,0,-10,-8,2,12,6,21
2,6,-3,5,-12,1,1,-9,4,-1,-14,-3
5,24,23,-13,-5,19,-19,8,-7,-4,18,11
5,34,-3,15,4,10,-9,-9,14,-4,6,33
-7,24,19,2,17,2,-33,-12,2,24,0,-5
-2,-1,3,-3,-6,24,-41,-12,4,2,-7,23
-5,21,3,0,4,-28,-5,-14,-4,-3,-1,13
0,4,40,6,-24,6,-18,14,-2,16,22,24
13,17,34,-5,15,3,-7,-13,2,30,18,16
9,17,-5,11,9,14,-1,1,35,18,-1,22
12,10,1,-22,-30,7,-1,8,-18,-22,7,13
18,36,10,-30,8,15,-13,6,4,5,27,5
4,23,-3,-25,-7,1,-11,-22,-7,7,12,8
4,1,4,-12,-1,8,-11,-6,14,39,28,11
19,13,12,-25,2,14,14,-9,6,19,1,16
3,32,-2,-20,3,29,3,1,3,11,21,9
-8,16,-5,-16,5,-2,-39,-23,8,13,10,10
4,7,19,4,6,10,-21,-34,5,23,25,18
2,25,14,-19,7,24,-18,0,1,33,9,1
-1,11,2,-25,-4,37,7,-36,1,15,24,8
18,30,15,-10,-26,32,-5,-6,14,26,6,25
11,21,-6,-19,8,22,-6,-11,-3,16,4,22
10,30,17,-1,-5,4,1,-10,-4,11,41,12
5,16,14,-28,-34,9,-15,-11,4,21,12,8
-4,34,33,-14,-32,28,-20,-12,13,34,53,24
-4,39,11,-3,-3,19,-32,-24,11,13,23,17
5,28,17,-39,19,46,-27,-24,-8,26,26,43
33,48,27,-42,3,26,-27,-10,27,41,35,8
23,14,9,-46,5,30,-6,-24,23,45,44,31
23,39,24,-6,-1,29,-16,-8,-16,4,31,36
15,15,21,-18,6,57,-25,-17,23,27,22,46
25,70,11,-7,-2,52,-42,-12,25,57,21,60
28,48,35,-27,-18,26,-37,-12,32,22,36,42
38,65,9,-39,-15,41,-29,-17,30,39,69,28
28,58,25,-47,9,49,-39,-28,26,37,61,50
31,62,49,-45,-5,37,-32,-36,31,32,57,43
33,76,61,-37,-1,59,-23,-8,20,56,50,43
44,63,42,-52,-12,67,-38,-42,26,65,53,69
44,66,62,-30,-31,67,-30,-42,25,56,83,44
26,76,53,-59,15,79,-40,-45,34,49,59,63
19,101,48,-68,-7,71,-72,-45,33,56,93,52
38,78,33,-88,-9,66,-44,-29,32,77,115,73
43,83,66,-54,10,90,-74,-37,20,87,96,59
55,101,66,-72,-17,93,-76,-33,6,90,93,55
48,105,68,-67,-6,85,-60,-41,38,81,87,91
43,109,82,-82,-23,64,-66,-22,33,90,101,56
40,125,66,-88,-11,96,-87,-45,29,89,91,76
24,111,73,-93,-14,93,-87,-44,52,90,136,79
25,99,93,-76,-8,111,-72,-55,44,114,138,77
46,126,101,-104,-27,116,-62,-62,39,108,113,71
49,144,83,-123,-23,134,-60,-62,36,110,126,96
56,120,108,-107,-24,136,-83,-26,51,104,116,101
40,154,120,-85,-25,155,-85,-52,47,101,151,138
60,154,119,-105,-31,155,-105,-75,57,127,158,112
47,150,122,-107,-25,137,-100,-84,62,118,140,123
65,175,125,-122,-19,167,-82,-83,51,119,175,105
63,204,123,-112,-35,161,-105,-70,43,143,180,123
66,202,144,-142,-32,159,-109,-88,58,141,171,154
87,196,129,-150,-40,170,-103,-77,29,161,174,152
61,225,133,-160,-24,187,-124,-66,72,165,202,146
63,220,157,-142,-23,158,-124,-95,83,159,193,149
73,209,145,-142,-45,193,-134,-97,69,151,199,161
72,251,145,-157,-35,197,-126,-81,37,178,186,170
84,231,157,-147,-40,192,-118,-104,68,173,205,151
98,233,140,-151,-30,204,-129,-123,61,181,214,145
93,233,181,-193,-28,190,-151,-105,79,197,229,173
103,249,169,-151,-11,217,-150,-93,70,178,237,195
104,246,170,-189,-41,208,-149,-111,76,188,216,180
100,258,173,-164,-36,220,-124,-115,59,210,230,201
96,270,190,-182,-38,238,-153,-104,97,190,252,208
89,296,190,-173,-37,225,-145,-94,68,203,236,182
110,281,146,-169,-30,223,-146,-124,88,192,243,157
84,262,199,-191,-61,211,-124,-118,70,214,256,191
68,274,169,-202,-54,223,-147,-87,81,208,242,212
91,269,190,-190,-53,264,-135,-88,77,207,274,217
102,281,172,-191,-38,236,-157,-100,82,185,260,214
101,274,178,-201,-48,237,-176,-88,78,231,261,211
81,269,172,-206,-10,226,-148,-136,75,195,263,192
86,284,197,-195,-48,217,-161,-109,95,214,249,199
106,287,183,-191,-52,228,-146,-135,96,196,262,193
106,254,178,-194,-18,233,-156,-125,75,234,244,202
109,308,185,-167,-41,220,-156,-105,77,217,242,194
104,268,174,-192,-47,202,-182,-105,83,197,253,180
88,270,187,-193,-41,220,-171,-119,99,214,247,184
72,276,162,-180,-25,211,-149,-132,98,206,237,183
98,252,178,-182,-28,220,-145,-109,84,201,265,166
97,248,158,-179,-27,218,-120,-115,65,182,228,181
99,243,167,-171,-46,210,-138,-110,86,173,230,175
80,258,167,-180,-38,188,-164,-94,73,195,219,175
86,252,161,-163,-53,197,-136,-90,90,185,217,179
84,241,171,-168,-31,196,-136,-92,67,199,244,162
94,253,161,-188,-35,209,-128,-103,85,186,220,166
111,220,150,-171,-48,188,-119,-96,78,168,211,159
67,236,156,-142,-45,187,-124,-96,75,164,220,147
71,238,158,-162,-46,164,-126,-77,51,185,201,157
60,173,152,-131,-24,161,-120,-82,67,159,184,158
97,203,116,-151,-49,169,-114,-64,65,165,179,140
72,184,136,-125,-39,162,-119,-86,64,138,172,139
68,185,114,-130,-16,178,-114,-74,66,165,167,144
79,171,112,-124,-37,144,-121,-68,55,143,176,133
80,162,115,-110,-42,146,-110,-63,74,120,142,146
63,159,117,-118,-7,148,-98,-52,37,128,143,132
57,158,113,-114,-12,134,-88,-61,62,124,142,108
37,159,85,-114,-36,124,-79,-56,52,126,149,103
36,123,111,-102,-18,146,-60,-50,19,83,110,70
54,137,94,-98,-21,136,-76,-46,30,96,134,99
38,143,69,-95,-1,113,-62,-48,43,98,105,59
38,132,74,-93,-31,106,-59,-40,28,96,121,75
57,130,99,-63,-7,93,-64,-48,56,103,109,60
51,108,67,-118,0,101,-49,-62,31,72,113,83
30,104,61,-92,-4,121,-67,-44,46,80,98,82
25,111,79,-72,-9,93,-39,-48,23,79,88,83
40,100,64,-64,-9,83,-38,-27,32,72,94,51
29,79,68,-59,-15,85,-59,-25,20,72,84,56
27,83,52,-54,-7,72,-59,3,35,65,75,44
29,107,48,-50,-4,72,-67,-36,10,55,72,51
19,88,46,-34,-19,43,-28,-22,32,58,76,61
5,78,32,-45,1,60,-26,-16,16,21,89,45
40,66,62,-19,-10,42,-54,-26,19,48,52,37
3,89,54,-56,-12,59,-17,-25,18,54,52,23
31,55,45,-56,-9,45,-29,-39,20,25,42,32
23,53,30,-22,-31,59,-33,-15,23,43,56,49
36,58,34,-27,-1,73,-33,-28,26,46,39,45
8,64,48,-31,-8,48,-41,-8,31,43,44,48
19,63,35,-32,-25,36,-26,-16,21,26,62,31
23,46,38,-25,15,38,-34,-4,-5,32,65,50
1,32,10,-21,-2,66,-26,-16,12,23,65,38
17,56,20,-22,-25,38,-24,-15,14,45,38,21
25,32,53,-17,3,7,-21,-28,23,21,61,22
14,50,10,-1,-6,40,-17,-15,-18,17,41,20
21,41,35,-40,-9,47,-16,18,23,27,43,28
-2,53,40,-29,27,4,-32,-17,7,25,17,26
2,35,34,-15,12,27,-26,-20,6,9,49,45
14,30,32,-30,-16,22,-24,-22,34,19,28,6
2,17,9,-29,-7,29,-23,-14,13,29,49,20
13,41,17,-29,1,25,-23,-18,5,40,32,14
11,47,12,-16,-2,21,-7,-18,8,1,37,0
6,36,28,-35,-13,34,-19,-25,37,35,6,0
16,40,23,-7,17,24,-20,-21,21,38,29,5
14,19,8,5,-19,13,-27,-13,22,32,32,16
7,21,14,-33,-17,32,-12,5,-11,30,21,1
6,26,30,-43,1,24,-23,-18,-15,21,34,32
0,11,19,-7,-11,23,-25,-21,5,28,32,24
16,47,20,-13,-15,22,-31,6,-2,50,40,42
14,38,-1,-4,-11,25,-21,-16,20,32,8,28
14,18,14,1,8,31,-11,-31,1,14,38,25
24,24,-5,-2,-7,3,-7,-18,-7,2,15,31
34,25,25,-20,9,17,-29,-27,41,22,7,2
-17,21,24,-9,-23,8,-10,-5,16,33,27,34
-2,30,14,-20,-3,-17,-18,3,12,5,16,7
14,24,-6,-14,-18,22,-6,6,0,14,19,2
-11,17,19,1,23,4,-21,-13,12,6,22,-2
0,24,-4,-10,-6,-2,11,-18,11,9,-13,6
-9,7,9,21,4,-15,-15,5,-5,2,4,1
22,11,0,6,21,-2,5,-2,10,-11,3,-2
-4,21,6,3,8,-6,11,-9,13,15,-23,-13
10,-29,-26,22,3,-6,-5,3,-24,-17,-19,-31
9,-31,-9,16,0,-41,13,30,-20,-20,-26,-3
-20,-84,-51,36,-10,-29,48,19,5,-25,-33,-41
-28,-55,-17,21,-2,-23,21,25,-7,-44,-71,-34
-6,-45,-70,46,17,-36,26,31,-8,-42,-44,-65
-27,-70,-45,65,-1,-75,48,32,-27,-50,-66,-55
-54,-89,-54,61,20,-73,42,45,-21,-84,-74,-71
-19,-116,-77,74,14,-96,51,27,-11,-50,-85,-70
-52,-76,-66,62,33,-102,40,49,-32,-67,-78,-60
-44,-93,-92,81,19,-94,39,55,-43,-71,-109,-73
-34,-105,-62,71,13,-109,51,54,-9,-84,-99,-81
-27,-104,-78,59,9,-86,50,33,-36,-90,-86,-83
-41,-90,-79,73,7,-83,51,55,-36,-74,-108,-80
-32,-99,-54,66,-8,-97,42,54,-30,-84,-95,-74
-35,-91,-70,76,29,-80,47,26,-21,-81,-109,-55
-13,-88,-64,51,13,-69,33,27,-18,-50,-46,-54
-13,-89,-47,33,24,-52,42,28,-35,-36,-66,-45
-14,-41,-14,11,3,-24,41,1,15,-22,-43,-36
-9,-23,-27,17,17,-15,-10,3,-17,1,-19,3
13,23,20,-22,9,33,-17,-7,-2,22,21,-4
43,104,43,-30,11,67,-42,-39,20,52,67,56
46,136,80,-90,-9,92,-69,-57,30,96,119,103
63,199,133,-139,-41,166,-103,-95,53,133,163,140
89,239,154,-160,-51,212,-126,-104,87,179,228,151
113,313,197,-196,-54,274,-176,-132,109,229,281,202
114,405,235,-278,-70,317,-208,-142,105,303,373,261
166,453,297,-343,-64,406,-247,-177,116,342,401,330
194,558,357,-342,-55,429,-294,-238,142,387,482,375
222,627,396,-409,-115,527,-353,-226,195,486,572,440
234,705,437,-473,-106,575,-398,-298,197,504,628,482
273,773,508,-507,-117,640,-412,-295,243,578,701,529
283,857,544,-592,-107,717,-465,-339,273,620,737,578
330,924,589,-609,-118,733,-477,-367,269,686,817,643
321,962,636,-656,-152,794,-541,-404,295,716,852,683
362,983,656,-670,-145,841,-552,-402,294,743,908,706
353,1031,685,-705,-141,864,-564,-401,291,785,932,711
371,1040,683,-702,-147,898,-587,-423,302,801,934,733
359,1051,684,-699,-150,883,-582,-428,334,804,939,741
391,1053,700,-709,-150,870,-582,-428,342,783,940,704
348,1030,667,-709,-160,845,-562,-421,339,799,914,727
350,997,658,-682,-176,826,-553,-392,305,747,892,693
329,916,607,-643,-129,794,-517,-383,292,697,858,651
296,890,567,-618,-130,732,-494,-355,255,655,811,633
297,805,548,-572,-130,696,-453,-320,235,602,745,565
267,740,485,-497,-114,605,-389,-309,211,559,667,527
217,639,444,-443,-109,544,-360,-294,173,478,602,457
193,570,364,-366,-69,488,-338,-222,151,424,520,399
175,472,315,-336,-90,407,-244,-198,134,366,436,327
118,412,269,-261,-59,327,-211,-141,131,319,362,287
134,314,236,-202,-53,289,-184,-139,103,256,291,230
102,241,164,-189,-40,222,-121,-108,92,188,227,176
63,162,97,-114,-23,153,-113,-79,56,123,146,145
52,102,63,-82,7,102,-52,-51,38,76,104,86
27,58,22,-13,7,22,-18,-12,13,27,13,28
-3,-21,-38,12,-5,19,11,8,5,2,-18,-13
-34,-86,-51,37,31,-50,26,27,-12,-61,-78,-52
-29,-97,-59,72,25,-88,60,12,-30,-91,-84,-83
-54,-140,-76,113,49,-121,80,58,-42,-100,-133,-119
-63,-162,-118,136,22,-138,90,81,-66,-128,-141,-122
-63,-175,-130,138,36,-144,101,56,-45,-145,-170,-118
-74,-175,-147,174,26,-166,127,87,-63,-158,-194,-141
-83,-213,-144,153,26,-177,107,91,-85,-142,-204,-141
-75,-207,-146,119,33,-196,117,82,-44,-157,-206,-152
-62,-196,-137,145,54,-184,120,100,-78,-166,-194,-128
-55,-180,-151,140,50,-172,148,56,-68,-155,-181,-161
-73,-208,-143,149,21,-160,93,90,-67,-146,-199,-156
-82,-178,-92,121,15,-161,95,96,-60,-139,-164,-117
-59,-173,-104,126,17,-135,104,84,-46,-143,-147,-135
-16,-131,-131,114,48,-112,65,77,-54,-123,-154,-127
-38,-129,-67,106,13,-118,89,68,-55,-105,-121,-83
-26,-112,-59,80,20,-101,48,55,-29,-103,-83,-80
-39,-137,-71,70,39,-79,52,39,-42,-73,-84,-84
-35,-91,-63,51,5,-72,56,38,-23,-41,-95,-45
-24,-83,-65,26,8,-78,18,33,-21,-60,-67,-37
-28,-82,-44,56,16,-47,18,2,-15,-31,-56,-45
1,-29,-31,43,11,-23,34,22,-43,-31,-42,-17
-1,-19,-3,27,-9,-12,6,4,-10,-24,-41,-20
-13,0,-15,1,7,-22,16,33,-9,-21,-25,2
-5,-3,-23,0,-1,6,7,14,4,1,16,-5
-7,-6,2,-17,14,-6,10,-8,-3,10,-14,11
-15,16,9,22,1,-11,15,6,8,3,16,-5
2,36,13,-5,-15,-2,-1,-15,-6,6,8,36
-6,21,1,-25,2,11,-15,-8,1,8,12,8
17,19,25,-15,-14,14,4,-27,7,-3,35,10
-15,17,3,-9,-10,20,-31,-27,13,18,33,15
23,50,-1,-25,-25,26,12,-9,24,30,17,11
-2,9,54,-6,19,18,-14,-11,21,12,43,21
20,12,34,-9,-1,21,-13,-12,11,15,41,25
21,27,5,-29,4,36,-28,-12,-8,30,39,19
6,29,25,-15,2,36,-42,-22,25,20,40,28
24,42,19,-34,-6,9,-28,-12,7,34,41,30
12,35,13,-39,2,51,-23,-5,-5,43,25,33
21,42,7,-36,-2,46,-9,-24,8,10,18,7
30,38,6,-22,9,46,-24,-17,14,18,27,4
4,20,16,-18,2,15,-2,-25,6,53,53,25
14,31,23,-12,-18,34,-20,-20,20,27,47,32
34,36,37,-7,-6,43,-1,-23,-13,42,59,47
9,53,29,-19,-4,49,-28,-12,17,31,46,29
30,53,28,-44,-3,25,-8,-8,14,53,37,54
29,55,39,-29,-29,32,-47,-16,14,28,37,14
-5,38,16,-26,6,53,-40,-37,9,31,46,13
30,21,38,-25,-24,33,-16,-23,44,39,39,59
18,31,46,-44,19,62,-24,-31,22,58,23,46
10,38,27,-41,4,24,-27,-28,-4,12,44,49
7,69,26,-22,-6,55,-33,-40,2,31,37,29
20,29,28,-18,1,39,-22,-7,11,43,44,8
-2,34,40,-71,8,35,-24,-18,22,51,56,26
11,78,12,-50,-12,62,-27,-44,-21,46,52,37
13,71,35,-72,-38,44,-25,-32,4,45,65,34
25,54,35,-34,-10,50,4,-11,4,18,45,20
20,61,53,-42,-25,57,-37,-18,43,34,52,47
11,54,40,-46,7,48,-18,-12,11,41,41,51
29,66,42,-76,-4,37,-42,-32,22,62,65,50
19,66,36,-42,-17,63,-32,-37,7,50,48,37
15,72,57,-32,-19,53,-33,-15,27,49,81,66
35,74,42,-55,-9,69,-26,-6,12,64,70,59
13,57,60,-74,-6,67,-48,-19,25,26,69,47
28,49,19,-46,4,55,-29,-8,16,51,77,86
23,101,43,-70,-23,59,-37,-29,6,70,55,50
27,51,16,-37,4,70,-46,-23,6,38,74,52
18,88,61,-67,-12,54,-41,-18,-2,79,59,38
18,58,45,-52,-13,78,-32,-38,25,59,42,57
9,69,63,-64,-33,80,-22,-39,18,87,61,47
36,91,54,-67,-11,67,-46,-28,34,59,58,60
33,62,55,-50,-26,71,-35,-29,41,37,74,40
6,93,39,-62,8,80,-33,-42,20,72,74,48
38,72,62,-64,-25,37,-37,-42,35,70,71,53
28,102,52,-74,-5,92,-51,-24,21,57,73,58
46,110,57,-66,-29,78,-67,-36,8,84,83,81
13,93,65,-61,-23,65,-44,-48,21,71,81,57
40,116,58,-48,-10,81,-46,-50,19,63,85,62
39,94,62,-65,-13,72,-72,-58,47,66,84,69
40,120,60,-80,-14,103,-82,-30,19,93,102,90
34,120,83,-82,-5,98,-48,-46,24,67,100,85
32,123,78,-73,-21,87,-79,-59,53,87,114,73
59,125,73,-89,-46,108,-59,-49,57,70,118,86
51,147,93,-66,-33,125,-71,-56,35,88,81,89
39,150,91,-122,1,112,-95,-69,53,80,118,104
36,143,85,-110,-6,81,-84,-81,19,105,133,101
31,162,91,-83,-26,117,-84,-55,29,78,133,89
33,141,86,-98,-37,120,-83,-43,47,97,127,88
51,138,78,-102,-30,93,-93,-54,25,124,128,106
77,157,105,-116,-14,116,-120,-54,37,108,142,115
52,162,116,-96,-16,157,-100,-59,37,117,153,93
54,156,127,-103,-22,164,-101,-51,55,135,169,125
69,165,99,-126,-32,124,-101,-62,68,131,136,107
77,174,107,-109,-6,154,-88,-52,55,128,162,140
58,193,106,-113,-31,137,-92,-72,51,132,148,139
54,192,117,-139,-28,150,-107,-74,61,139,156,130
48,189,119,-122,-30,156,-80,-103,55,148,183,147
81,184,131,-137,-27,153,-97,-69,90,140,183,131
81,197,135,-150,-13,175,-138,-78,65,153,172,139
70,204,164,-142,-29,160,-120,-86,62,160,177,144
76,205,133,-161,-30,161,-135,-77,70,150,205,131
88,210,115,-143,-30,193,-120,-120,47,148,198,127
94,245,140,-150,-37,207,-124,-92,76,166,195,184
90,239,155,-169,-33,186,-124,-100,58,177,200,154
58,247,132,-161,-38,183,-138,-91,76,171,213,159
86,255,164,-179,-31,222,-136,-81,66,192,224,161
91,246,159,-195,-37,223,-123,-125,78,198,205,179
103,285,194,-168,-20,219,-144,-99,62,207,228,184
111,272,172,-170,-47,213,-150,-115,86,241,233,196
96,270,189,-170,-33,217,-163,-107,73,201,235,189
104,312,197,-215,-39,252,-162,-123,94,200,243,171
103,286,198,-184,-45,237,-148,-125,91,230,280,210
80,307,211,-189,-23,250,-159,-142,105,217,272,214
116,306,231,-198,-43,252,-173,-112,99,230,266,211
100,323,222,-215,-45,256,-182,-108,104,224,303,231
127,339,220,-222,-42,278,-173,-130,104,220,295,203
122,328,219,-209,-19,276,-171,-145,99,261,307,210
127,326,222,-213,-61,264,-175,-109,99,255,308,239
109,338,204,-240,-25,289,-188,-143,108,253,302,227
133,339,214,-234,-48,267,-189,-108,110,227,283,266
125,361,254,-244,-53,286,-192,-140,108,253,306,241
133,375,230,-242,-45,303,-194,-153,108,266,348,249
141,357,230,-245,-57,294,-196,-169,104,256,341,259
116,350,234,-241,-61,314,-210,-158,114,274,326,241
123,384,247,-228,-46,304,-201,-144,105,292,342,247
140,376,235,-271,-71,298,-210,-146,106,271,334,270
159,395,243,-272,-48,317,-214,-162,116,279,326,282
144,393,271,-284,-57,328,-208,-169,97,300,341,284
128,374,238,-269,-48,330,-223,-145,118,295,383,274
155,400,276,-273,-48,348,-239,-169,112,285,341,295
169,413,259,-255,-55,319,-222,-184,131,293,357,281
158,413,249,-285,-73,318,-214,-149,127,306,373,275
146,421,252,-276,-53,349,-244,-164,105,301,364,294
170,412,264,-288,-63,367,-233,-177,116,321,366,291
141,425,270,-263,-69,359,-230,-164,139,315,385,280
148,426,289,-314,-63,351,-260,-171,124,342,378,280
136,427,260,-277,-90,372,-245,-179,119,305,382,285
135,428,271,-293,-73,350,-227,-153,128,304,367,286
137,427,273,-301,-64,356,-236,-172,142,342,401,314
160,450,288,-298,-68,351,-251,-188,113,356,395,323
140,442,295,-308,-54,376,-243,-175,145,323,408,337
150,440,298,-297,-90,378,-251,-201,124,335,391,316
171,423,303,-305,-63,359,-233,-185,155,320,385,317
155,448,291,-324,-71,351,-232,-177,128,311,401,337
171,462,266,-295,-76,365,-243,-199,123,336,382,309
159,460,284,-292,-78,367,-244,-164,148,343,384,314
175,439,276,-296,-30,373,-250,-168,120,314,393,328
131,450,288,-300,-72,350,-233,-184,135,324,397,313
151,453,282,-300,-56,369,-244,-185,150,340,403,321
164,461,286,-289,-54,358,-250,-188,133,333,398,280
150,423,285,-275,-54,359,-245,-191,127,336,386,315
142,420,273,-293,-81,349,-226,-162,135,321,393,318
140,456,263,-320,-50,372,-239,-186,140,330,395,329
149,426,282,-279,-74,347,-231,-183,127,349,394,293
162,448,277,-301,-51,366,-227,-205,141,334,406,287
167,435,289,-298,-71,356,-227,-156,136,324,367,318
124,406,265,-282,-60,351,-236,-147,113,343,392,309
162,425,247,-272,-80,340,-236,-173,109,311,364,298
134,404,277,-283,-47,356,-234,-181,138,298,376,299
152,425,256,-282,-56,348,-217,-188,143,297,373,307
141,401,257,-259,-76,328,-218,-182,120,305,373,291
145,382,278,-295,-52,341,-215,-147,135,294,352,282
164,417,266,-280,-56,323,-231,-153,114,278,367,277
120,412,251,-246,-58,322,-230,-141,127,304,367,279
143,398,264,-268,-43,346,-194,-156,101,298,351,276
147,402,244,-251,-54,336,-218,-137,125,318,340,293
139,366,254,-254,-50,299,-234,-152,117,268,337,277
133,357,260,-264,-69,313,-200,-156,113,289,337,253
124,397,234,-251,-85,331,-204,-124,90,290,333,258
127,360,245,-269,-34,289,-204,-149,97,263,324,240
137,354,203,-234,-71,295,-202,-136,133,260,323,245
129,350,224,-259,-62,295,-199,-139,112,295,318,255
126,346,214,-250,-53,291,-194,-157,82,267,310,247
130,347,200,-220,-51,283,-203,-159,100,248,316,244
116,346,231,-226,-29,289,-191,-135,105,251,297,221
126,318,222,-221,-27,259,-183,-146,94,239,314,240
117,319,191,-210,-47,271,-150,-117,74,223,268,227
117,317,195,-214,-58,261,-183,-112,71,216,276,222
111,332,201,-212,-58,267,-134,-134,100,221,255,223
110,305,197,-203,-40,248,-152,-112,98,210,257,201
113,283,196,-192,-69,218,-158,-117,95,199,270,200
88,280,186,-205,-55,226,-145,-118,84,204,256,205
98,289,201,-203,-44,222,-145,-98,71,184,260,189
105,267,188,-191,-34,203,-147,-89,65,188,237,173
99,265,151,-184,-50,216,-146,-113,67,186,232,186
90,266,171,-174,-32,208,-145,-120,48,204,236,166
79,266,157,-169,-49,205,-133,-101,81,186,196,160
70,256,153,-156,-25,199,-125,-91,77,188,227,167
70,227,150,-142,-41,187,-123,-99,69,176,222,150
76,214,142,-161,-28,179,-124,-85,58,167,216,154
99,200,144,-134,-54,189,-117,-97,65,173,192,165
53,209,125,-134,-46,169,-118,-72,46,153,183,143
73,193,155,-120,-48,162,-126,-82,54,139,197,132
68,184,143,-137,-48,167,-125,-76,56,158,184,143
69,201,135,-129,-52,135,-86,-104,75,125,165,149
45,187,124,-134,-29,158,-91,-67,53,138,183,119
50,184,135,-120,-35,145,-95,-76,42,136,146,117
42,177,113,-128,-26,134,-91,-82,52,131,150,110
68,139,104,-107,-13,152,-92,-57,61,120,132,109
66,159,98,-104,-52,135,-109,-65,59,110,139,125
82,134,98,-102,-19,132,-91,-31,47,122,134,118
75,127,74,-94,-23,106,-68,-80,43,113,143,103
39,115,87,-73,-7,121,-78,-49,46,98,129,73
31,133,103,-86,-33,103,-54,-46,26,60,116,99
71,126,78,-71,-25,106,-83,-30,48,83,124,78
37,117,66,-77,-16,124,-57,-36,34,91,124,91
59,109,86,-91,-1,90,-76,-51,25,78,102,80
10,132,59,-74,-16,91,-72,-45,40,95,79,74
32,115,56,-89,4,76,-57,-51,16,69,97,68
52,104,39,-67,-12,75,-58,-44,36,82,108,70
52,94,75,-76,-35,89,-58,-41,23,60,97,69
48,109,55,-51,-12,70,-46,-38,17,86,84,93
41,104,77,-69,-10,69,-55,-38,48,84,82,57
35,86,58,-52,-27,66,-36,-33,15,56,76,49
43,70,51,-61,-1,66,-32,-37,55,41,77,78
38,95,49,-67,1,68,-49,-33,10,40,54,45
29,80,50,-55,-19,73,-46,-39,1,85,66,44
28,78,55,-49,-2,36,-67,-20,27,54,51,34
18,73,48,-44,-10,57,-50,-23,8,41,67,22
9,56,61,-52,3,55,-43,-28,18,58,72,46
23,62,50,-39,-13,50,-55,-30,39,55,42,39
8,60,41,-29,-3,35,-25,-29,11,23,44,35
17,65,20,-39,-21,42,-41,-23,21,61,60,50
32,52,23,-37,-15,61,-31,-31,41,28,56,53
20,62,24,-17,-27,61,-13,-20,23,35,41,25
12,46,41,-28,2,57,-16,-1,-3,33,37,37
11,55,29,-16,0,22,-22,-31,38,18,39,29
22,57,53,-16,6,38,-18,-39,-1,30,52,24
8,73,48,-38,-17,43,-34,-33,4,30,53,48
9,57,34,-27,-12,33,-15,-3,1,24,41,33
10,27,37,-46,3,25,-24,-14,8,15,58,22
15,40,32,-33,-7,27,-24,-10,24,14,25,38
6,48,21,-58,-1,20,-31,-25,-10,9,25,27
5,49,33,-23,3,25,-26,-13,10,13,37,27
2,53,-4,-18,3,21,-16,8,13,5,30,11
3,8,7,-5,2,30,-16,-20,1,25,28,5
16,41,19,-29,-5,36,-20,-20,3,24,37,49
4,30,23,-12,-8,30,-21,-17,1,58,28,24
17,31,22,-16,-8,-4,-18,-21,15,20,23,12
10,22,29,-21,-1,33,-22,-21,8,14,26,21
15,27,11,-4,-14,22,-14,-14,-13,14,40,29
15,8,16,-33,-36,11,-19,-18,17,27,9,29
26,39,16,-21,2,15,-22,-2,18,19,44,28
17,13,13,-6,-16,22,4,-11,-2,13,10,28
5,22,24,-28,-5,6,14,-9,11,14,17,20
11,23,2,-5,7,30,-29,-31,10,20,25,28
-2,35,14,-18,-3,16,-15,5,10,14,23,25
8,25,26,-20,-11,27,-11,-29,9,19,14,5
-6,31,10,-20,-9,26,-27,-7,25,28,5,28
4,19,30,-2,-11,28,-20,-18,17,30,14,7
7,34,1,-6,17,-5,-22,-3,28,6,13,49
8,22,2,-31,-8,9,-1,-33,6,8,23,12
13,-10,17,-17,-8,8,-6,-32,12,19,42,29
-8,24,35,-21,9,8,-11,8,21,12,40,-11
4,22,10,-16,2,13,-28,-4,-17,23,30,12
6,33,-3,-4,-10,13,2,-11,5,-9,15,3
-9,17,5,12,3,-5,-36,-15,20,22,15,9
10,27,18,3,1,33,-7,1,2,24,19,13
7,25,13,0,11,22,-12,-11,0,22,12,21
27,37,34,-7,18,15,-7,-19,4,-5,22,10
-13,23,15,-19,-20,15,-17,-21,16,15,22,22
7,11,26,-15,26,24,-23,-4,13,25,16,29
8,41,-8,-17,-10,-6,7,-1,6,18,24,11
0,24,8,-37,3,37,-20,-27,3,4,32,26
3,39,3,-24,-21,-7,-14,1,3,31,7,35
-3,14,-17,-14,-9,33,-5,0,13,20,13,3
5,22,21,1,12,32,-25,-8,-2,0,10,1
-5,20,14,-11,5,48,6,-6,-2,15,32,9
31,31,10,-7,13,29,-14,-10,14,37,11,20
32,14,16,-10,6,32,0,-5,-16,27,19,34
1,27,26,-24,-8,26,-11,-16,-1,10,13,11
0,33,7,-18,-7,7,-31,-9,-7,18,16,4
6,22,8,-5,-15,14,-14,-4,12,4,28,27
22,35,25,-15,5,24,-8,-10,3,27,33,32
33,23,3,-35,-3,3,-10,-20,3,19,26,24
20,14,29,-21,-19,22,-8,6,-3,27,7,20
23,7,33,-3,-5,6,-27,-24,26,16,36,10
-12,30,0,-23,1,28,-6,-14,20,27,37,18
-4,1,10,0,-10,29,3,-20,-18,-20,-5,22
27,37,35,12,11,9,-4,-35,8,11,27,23
-1,27,25,-17,-14,24,-28,6,10,5,2,39
15,11,26,-29,11,36,-8,-6,8,13,15,3
2,27,11,-27,-19,36,-6,-9,-2,8,12,29
14,44,18,-18,7,43,-8,33,19,11,6,21
3,24,17,-9,4,14,-4,3,17,27,23,26
-11,15,-2,3,-12,20,-15,8,7,20,36,29
14,21,12,-1,-10,28,-28,-7,0,20,37,34
-1,29,23,-9,-11,28,-17,-3,2,8,23,14
13,4,18,-1,-17,41,-3,-9,5,19,23,22
16,19,20,-5,-17,25,-15,12,-15,21,53,26
11,30,22,-19,2,10,-14,2,-1,34,26,-3
-1,40,-9,-17,-7,-9,-3,-2,-12,27,24,23
36,57,38,-28,-8,33,-19,-21,11,22,2,-1
9,22,19,-22,-2,33,3,-12,4,17,15,31
12,-1,21,-3,1,55,-16,-34,-8,19,35,12
-5,14,42,-19,-10,46,-11,-33,35,43,42,30
-15,31,-16,-25,3,18,-10,-16,8,36,20,6
10,24,29,-18,-2,35,-5,5,-14,34,10,22
-1,26,1,-34,-7,34,-18,-15,0,48,28,28
0,39,38,-42,3,4,-38,-15,-4,3,39,34
1,28,11,-34,-26,-3,-8,-9,19,12,7,15
31,20,18,-17,10,24,-8,-1,7,12,9,27
3,12,20,-26,-3,28,-8,-17,28,11,15,25
-22,13,1,-16,-24,16,-32,-21,-6,23,39,24
11,22,28,-29,3,33,-7,-27,14,39,15,9
34,0,46,-21,-3,17,6,-22,10,12,19,20
10,24,5,-12,-5,20,-29,-5,1,26,31,39
3,15,8,-27,-14,15,-12,-17,-4,24,44,27
-19,14,13,-28,14,24,-9,-18,-8,25,24,16
13,35,11,-26,-1,25,-27,-5,3,18,29,13
11,22,29,-21,6,34,-25,-25,7,43,14,0
-2,45,28,-8,-20,40,-28,-17,8,1,42,16
23,49,3,-33,-20,12,-25,-22,28,30,21,33
-2,24,26,-8,-22,14,-7,-19,0,24,26,33
-6,37,18,-32,4,12,-27,-3,5,7,33,20
0,41,11,-23,-16,18,-33,-4,21,19,21,34
15,17,11,-43,18,50,1,-25,8,0,33,46
24,32,27,-20,-22,23,-32,-12,15,11,28,-1
12,14,16,-2,-16,24,-24,-33,3,31,26,4
23,19,25,-35,-22,23,-27,-2,15,16,37,35
-12,36,27,-10,4,33,-23,-19,15,23,25,34
16,51,18,-32,-4,27,-13,-8,2,15,21,11
1,45,28,-8,-27,33,-24,-16,-12,24,28,21
15,8,32,-34,4,12,-22,-29,-17,8,21,32
3,26,33,-22,-5,33,-31,-17,-10,38,12,33
9,59,4,10,-5,33,-24,-3,13,17,53,4
1,28,4,-24,16,29,-27,-28,-5,19,22,19
23,23,31,-25,2,36,-7,-21,7,31,36,33
5,24,22,-13,20,32,-29,0,23,35,26,30
5,31,33,-22,-18,24,-14,-4,-8,18,36,12
10,46,5,-13,-19,23,-22,-20,2,-1,44,37
12,17,24,-20,16,-8,-13,-12,-7,25,17,23
-4,38,24,-30,2,11,-12,-4,13,17,17,19
-2,44,13,-39,-21,44,-15,-16,16,-5,38,30
3,31,9,-34,-7,23,-25,-29,17,33,25,30
29,26,46,-10,8,45,-41,-39,10,-5,42,35
10,26,26,-43,1,12,-39,-12,8,30,19,18
-3,30,15,-27,-14,43,-15,-15,3,29,30,43
9,33,20,-42,-7,37,5,-8,14,12,37,41
4,23,32,-2,-2,44,-29,-42,22,20,12,27
20,15,17,-16,16,40,-21,-30,-1,-5,38,42
4,17,15,-25,-1,25,-35,-18,-7,26,13,-2
29,27,19,-20,-10,14,-14,-14,15,18,23,40
0,49,21,-14,-6,15,-20,-1,24,16,37,12
18,39,11,-24,15,30,-37,-42,20,7,20,23
13,54,23,-22,1,2,-19,-7,23,26,22,8
15,20,22,-27,5,18,-6,-27,33,25,32,30
8,39,25,-8,-27,41,-31,8,-1,25,10,-5
12,41,37,-17,-4,32,-2,-2,15,35,38,28
-1,57,28,-29,-5,3,-5,-16,9,18,9,10
8,34,13,-16,-16,24,-20,-22,4,21,21,35
6,18,15,-43,-2,53,-27,-19,-3,46,55,26
14,31,25,-30,-7,29,-1,-2,6,22,51,27
9,60,-3,-30,2,23,-36,-19,20,36,13,19
34,42,22,-40,-13,22,-30,-1,1,14,43,16
21,32,30,-39,-8,32,-20,-35,34,20,42,16
8,20,44,-46,2,27,-34,-15,6,29,36,21
16,32,8,-19,-16,25,-37,0,2,26,37,22
21,35,35,-24,3,32,-23,-25,6,31,41,25
17,50,49,-26,-7,46,-20,-36,26,4,36,12
34,36,29,-38,-8,26,-33,-14,11,34,24,26
19,20,15,-24,5,20,-30,0,5,12,27,34
2,55,17,6,-11,1,-14,-5,10,-2,35,34
3,38,11,-25,-11,22,-10,-10,11,28,23,21
26,34,46,-6,-13,25,-13,-23,41,5,42,29
33,42,37,-27,-15,36,-17,-11,2,54,18,26
-4,30,12,-30,-11,10,-4,7,10,12,8,16
34,44,10,-44,-7,11,1,-44,11,11,20,40
12,18,47,-21,13,24,-2,-13,29,30,28,20
15,23,16,-10,17,40,-8,-19,19,21,11,14
0,37,11,-29,-16,45,-45,-13,10,22,35,24
2,46,27,-4,-12,36,-27,-1,28,28,22,14
20,27,0,-44,-6,23,-19,-9,10,19,34,20
-6,16,21,-7,-12,23,-8,-5,8,10,7,6
17,36,14,-16,-9,31,-26,-9,4,13,58,25
16,21,22,-4,4,20,-11,-26,24,33,29,13
18,34,16,-28,-5,4,-21,-22,-4,12,26,14
28,41,28,-57,-17,23,-10,-33,15,18,32,20
6,56,17,-39,8,27,-5,-11,8,42,35,30
4,56,39,-26,-24,29,-17,-36,4,28,32,54
14,24,13,-36,1,31,-6,4,4,29,32,38
2,20,10,-20,-5,13,-37,-40,39,0,43,21
1,53,29,2,-15,43,-23,-21,-10,35,21,18
5,35,30,-22,-14,27,-8,-24,27,9,14,26
20,14,14,-34,-28,47,-24,-19,19,43,30,-3
13,27,10,-4,-2,13,-25,-18,15,19,46,27
20,48,35,-41,-7,0,-18,2,13,27,49,42
8,22,21,-26,13,46,-10,-14,-7,33,28,9
7,40,3,-42,2,38,-31,-14,16,19,31,21
0,43,32,-31,-17,31,-15,15,-5,41,38,41
3,50,32,-30,-5,31,-15,-41,22,30,31,2
6,39,49,-15,14,37,-28,1,33,38,60,26
20,37,30,10,20,21,-30,-25,1,54,38,49
19,29,36,-13,4,52,-22,-38,11,40,23,18
25,18,26,-16,-1,17,-6,-4,21,30,23,30
31,28,50,-16,15,52,-10,-23,22,32,56,22
-4,31,41,-36,2,22,-43,-33,36,41,40,30
12,29,15,-38,-6,17,-31,-16,7,41,39,16
6,25,28,-35,-10,20,-16,-19,24,25,47,8
54,47,10,-3,-8,29,-24,-1,-9,25,30,20
35,34,32,-17,-23,35,-24,15,14,41,-6,14
-2,33,44,-34,-6,30,-18,-9,10,23,24,41
16,34,39,-15,8,41,-13,-20,19,28,63,34
24,35,32,-27,-9,40,-24,-1,-4,5,44,14
11,50,30,-23,-12,10,-10,-17,17,43,22,7
1,41,31,-62,-7,16,-17,-22,11,27,24,21
12,48,27,-29,23,44,-29,-15,22,1,52,35
13,46,19,-8,2,27,-19,-4,20,53,36,20
1,30,23,-17,13,25,-22,1,9,22,58,5
10,65,31,-34,6,38,-16,1,3,34,12,24
35,36,32,-16,-6,48,-15,-21,5,36,36,13
0,44,32,-17,-14,48,-18,-6,-17,50,15,13
23,26,10,-37,-4,29,-24,-29,9,-11,18,29
18,30,23,-21,-12,33,-21,-9,32,41,18,30
-5,49,12,-31,-16,44,-16,-17,8,19,27,37
5,42,20,-43,-10,6,-35,-28,-10,17,40,14
3,44,23,-4,-26,45,-12,-24,-2,25,48,30
13,54,24,-26,-40,35,-11,-26,-15,10,26,26
8,32,37,-22,-1,34,-24,-11,0,26,58,26
-8,40,29,-11,-3,19,-23,-10,1,35,32,36
12,35,0,-16,-35,37,-13,-2,3,38,60,23
9,48,16,-30,-6,39,-37,-13,19,38,46,23
32,54,23,-13,2,34,-29,-3,30,30,22,19
12,23,37,-24,11,43,-4,7,6,38,44,23
41,37,37,-44,-9,39,-36,-23,10,26,19,14
18,29,35,-10,33,42,-22,-4,9,37,67,20
52,32,11,-27,5,39,-12,3,9,28,35,18
20,40,6,-47,-21,10,-32,-4,-5,40,33,15
13,52,29,-18,4,29,-44,-22,2,13,28,9
36,56,37,-33,8,36,-22,-10,22,25,21,27
28,63,27,-23,-7,21,-29,-22,26,25,44,26
8,43,18,-14,-16,30,-26,-20,26,44,37,28
4,41,40,-41,-9,38,-18,-15,32,40,38,31
9,44,35,-50,-12,37,-36,-7,19,24,40,25
21,34,21,-34,4,54,-19,-9,6,29,34,55
19,64,48,-26,-8,38,-17,4,30,37,39,41
3,43,29,-9,-10,65,-21,-7,25,31,56,27
18,37,35,-27,-30,36,-32,-36,2,48,59,43
20,63,47,-50,-16,43,-33,2,8,45,65,46
35,37,57,-29,-5,36,-31,-12,3,35,28,27
15,44,24,-49,-9,24,-24,-23,24,33,67,51
28,38,32,-32,0,38,-17,-21,11,29,53,61
24,55,35,-20,-5,24,-22,-27,1,50,48,34
31,62,21,-41,-29,63,-43,-31,19,46,39,54
23,72,28,-55,-6,63,-52,-28,26,45,45,30
40,60,37,-56,-5,42,-20,-39,36,70,58,44
13,94,43,-41,-7,63,-46,4,34,64,58,72
6,77,54,-49,10,65,-49,-14,15,56,56,36
32,72,61,-55,-19,70,-32,-52,-6,49,66,42
23,88,50,-59,2,65,-64,-13,40,61,82,71
27,82,34,-69,-7,56,-54,-3,26,51,87,66
33,87,56,-50,-5,74,-40,-48,12,65,81,51
35,90,53,-55,-21,79,-56,-30,41,91,83,67
43,120,74,-43,-7,79,-67,-29,56,70,77,74
27,120,62,-42,-33,85,-65,-48,53,92,81,72
11,115,63,-87,-14,98,-52,-54,47,73,95,78
52,117,72,-84,-9,119,-69,-51,27,99,87,59
39,130,76,-76,-32,100,-80,-52,24,93,88,87
52,120,83,-85,2,91,-75,-37,25,102,105,101
33,115,90,-99,-13,110,-67,-49,50,123,133,98
58,129,95,-96,-21,127,-76,-43,58,103,109,93
50,136,95,-93,-32,113,-87,-67,20,89,117,117
39,152,102,-83,-16,125,-66,-40,37,109,113,103
34,161,106,-99,-20,134,-103,-38,36,99,152,90
50,151,98,-123,-12,133,-101,-76,29,115,127,114
52,169,123,-116,-8,160,-84,-62,81,130,151,106
85,163,118,-103,-33,148,-102,-63,56,138,148,125
61,193,122,-112,-40,156,-88,-98,58,142,169,143
85,188,107,-131,-21,157,-115,-72,69,127,167,142
78,190,115,-128,-33,173,-110,-71,44,155,177,131
59,207,133,-164,-33,136,-108,-77,42,123,179,135
72,201,138,-138,-13,213,-124,-87,74,153,178,144
88,229,151,-154,-19,200,-124,-82,78,148,184,176
59,221,152,-139,-50,186,-117,-108,62,158,217,137
67,228,176,-178,-33,203,-119,-98,67,167,197,151
84,234,149,-162,-30,203,-130,-105,97,176,215,165
84,239,149,-167,-35,201,-148,-111,63,182,225,168
95,267,158,-154,-31,203,-123,-108,88,201,218,193
104,244,177,-176,-52,189,-136,-92,69,178,260,168
85,263,173,-174,-22,214,-154,-87,87,200,256,172
114,237,190,-175,-38,213,-141,-130,78,198,224,188
95,254,164,-180,-55,204,-147,-103,76,182,254,205
113,273,187,-178,-35,213,-146,-79,68,199,223,181
97,247,157,-202,-43,236,-143,-106,60,202,247,189
106,260,168,-200,-48,225,-130,-104,95,189,247,193
89,278,194,-216,-28,232,-149,-125,83,205,246,207
111,285,182,-190,-29,228,-167,-131,89,203,247,180
97,284,177,-196,-31,247,-154,-108,83,207,276,196
109,295,180,-209,-41,237,-156,-98,100,211,260,211
105,277,194,-206,-40,241,-160,-109,91,215,250,203
76,295,188,-192,-34,252,-143,-106,104,208,236,182
94,292,184,-181,-39,243,-164,-111,83,217,255,204
73,303,188,-189,-36,233,-167,-135,77,223,264,190
82,299,174,-192,-47,241,-151,-104,95,219,238,209
93,268,174,-187,-39,246,-153,-99,79,211,277,191
98,284,160,-192,-36,235,-137,-142,93,211,247,199
91,281,182,-183,-37,245,-145,-83,97,219,233,217
90,267,193,-190,-42,225,-158,-108,74,191,233,203
90,276,177,-193,-46,227,-161,-109,58,214,238,191
120,276,171,-173,-33,223,-146,-95,77,206,249,179
83,256,186,-170,-27,219,-133,-105,85,182,229,182
104,243,168,-190,-39,243,-140,-103,84,191,231,167
92,265,158,-157,-50,211,-127,-118,65,212,235,185
69,240,169,-173,-18,228,-151,-116,82,189,241,182
82,253,150,-174,-30,204,-129,-92,94,203,228,180
78,269,171,-165,-33,206,-128,-122,62,161,214,154
85,242,157,-156,-41,205,-133,-112,75,170,229,154
73,191,135,-169,-20,166,-126,-85,71,171,205,154
81,225,143,-145,-40,177,-128,-92,57,135,203,153
74,183,114,-142,-14,180,-108,-80,69,128,179,141
77,190,132,-136,-51,160,-129,-103,52,140,174,154
82,185,124,-121,-5,176,-123,-73,62,135,192,139
61,196,142,-138,-42,175,-113,-76,48,166,155,121
73,158,108,-137,-28,144,-98,-56,60,111,173,132
70,167,132,-114,-16,134,-93,-77,51,125,185,113
65,171,109,-107,-24,143,-81,-28,50,153,158,105
54,176,112,-103,-36,126,-84,-71,39,106,151,127
54,160,108,-103,-17,135,-87,-61,47,130,135,101
49,162,108,-91,-35,110,-85,-68,36,115,142,110
38,148,94,-101,-23,116,-89,-55,47,120,116,83
36,141,81,-107,-6,129,-77,-64,35,114,98,93
55,123,76,-87,0,97,-65,-40,31,72,95,76
46,125,90,-101,-20,104,-78,-58,35,83,130,95
37,106,52,-92,7,79,-50,-32,30,77,92,84
38,96,80,-66,-25,86,-83,-38,44,62,86,72
41,113,50,-77,-20,112,-35,-30,51,85,77,86
34,93,76,-81,-28,107,-52,-26,5,72,63,60
16,89,43,-67,-10,76,-64,-20,28,70,96,39
41,89,59,-61,-19,67,-51,-41,15,62,75,41
30,95,59,-49,-18,73,-24,-38,10,50,73,36
34,72,58,-37,-32,38,-51,-32,22,67,55,34
17,64,34,-39,-24,64,-25,-24,47,53,65,48
7,58,33,-61,-20,28,-25,-26,41,61,52,68
7,55,39,-27,-16,39,-42,-9,10,38,49,54
28,40,25,-38,-13,47,-35,-20,27,44,22,54
14,60,6,-27,-38,71,-40,7,7,25,44,29
12,51,49,-54,-25,54,-40,-16,17,53,64,38
14,64,36,-47,2,36,-15,-22,4,28,32,36
17,50,41,-27,-4,53,-22,-25,11,41,35,27
5,34,23,-42,-5,32,-13,-8,11,34,28,12
13,43,21,-28,-17,56,-16,-34,12,10,24,25
11,24,15,-27,-6,46,12,-36,-1,13,31,13
-1,26,23,-15,2,23,-15,-6,23,35,27,15
11,24,18,-25,1,27,-22,-34,-10,20,21,30
13,22,27,-7,-18,41,-32,-24,4,23,40,4
-3,36,-2,-33,-25,17,-6,-15,-3,31,17,22
30,23,20,0,3,24,18,-8,6,29,22,49
14,11,24,-19,-13,21,-26,-21,-7,15,22,6
-25,13,28,-18,-29,4,-13,-20,13,30,27,16
10,45,5,-33,2,2,-20,-23,3,9,28,27
18,16,12,-15,5,23,-7,-9,3,35,40,41
22,19,28,-13,-8,19,-23,-16,3,15,26,-16
13,21,18,-7,-25,17,-38,10,-6,17,-3,10
10,14,13,3,4,-10,-14,-11,5,14,12,13
24,39,22,-16,2,32,-4,-13,20,29,21,16
-11,17,-26,-7,-13,21,-23,-14,19,-31,18,14
-11,34,17,-18,11,7,-17,-20,-1,25,1,17
28,27,20,-6,11,21,16,-7,17,18,0,9
14,14,8,-4,-7,42,3,-8,-14,11,40,18
20,21,18,-14,-28,12,-13,-1,-17,17,13,12
-8,-14,1,-18,19,-6,-36,-25,-12,-10,6,40
5,7,5,-11,-14,5,-21,5,-4,7,-4,20
-15,-4,23,-1,-4,-14,2,-6,20,3,-5,-11
2,-7,12,-13,4,-17,-5,-7,4,15,23,25
18,23,23,27,15,-13,27,-10,2,4,7,8
-17,-13,-5,2,14,9,-11,-13,-1,12,-1,-5
2,-29,4,-1,-7,14,1,-7,-13,-4,17,-8
-9,-19,-16,8,14,-23,0,2,-17,7,-26,3
-9,-25,-10,14,-6,-4,33,12,18,-23,-27,-9
-5,-41,-34,34,14,-25,46,22,2,-26,-18,-51
6,-54,-57,25,0,-29,-4,25,-6,-31,-43,-19
3,-40,-53,53,7,-41,42,39,-13,-37,-30,-45
-45,-59,-43,40,1,-55,33,11,-11,-49,-50,-72
-29,-48,-14,60,15,-74,61,23,-13,-38,-77,-49
-38,-77,-48,61,8,-73,36,45,-26,-58,-65,-86
-20,-88,-86,66,16,-72,45,50,-32,-82,-82,-65
-17,-127,-58,61,37,-86,58,47,-18,-89,-97,-59
-35,-118,-69,87,8,-90,97,29,-26,-72,-94,-73
-49,-112,-105,80,18,-92,65,45,-20,-96,-110,-92
-43,-147,-108,96,12,-108,79,55,-42,-107,-108,-80
-55,-112,-92,74,22,-105,69,71,-31,-112,-137,-110
-63,-144,-93,61,10,-118,78,59,-47,-99,-111,-103
-47,-148,-90,101,11,-102,66,26,-37,-115,-100,-91
-45,-124,-91,98,24,-104,85,36,-39,-107,-104,-100
-27,-81,-82,72,15,-79,62,39,-55,-82,-119,-76
-25,-71,-54,56,14,-71,39,16,-39,-59,-90,-69
-32,-69,-34,59,-5,-69,30,40,-33,-37,-61,-59
9,-35,-14,20,5,-22,26,4,-3,-12,-24,-12
-1,6,-6,14,-28,-8,-1,21,-12,6,-3,2
-1,29,31,-25,-11,33,5,-33,27,42,43,30
30,94,53,-65,-5,72,-40,-37,50,64,87,54
60,147,83,-112,-32,106,-74,-56,51,111,114,127
78,209,135,-153,-39,153,-125,-72,79,146,190,157
112,273,174,-179,-37,223,-138,-129,91,192,227,190
124,329,221,-238,-41,298,-178,-141,109,270,318,244
151,408,269,-304,-51,357,-225,-166,139,321,361,300
153,495,312,-317,-79,403,-257,-190,174,370,424,352
195,563,368,-390,-104,467,-313,-249,172,419,510,405
227,644,432,-424,-103,538,-342,-235,192,488,595,458
250,713,477,-502,-94,611,-410,-287,229,546,640,520
278,802,520,-523,-125,679,-444,-305,253,591,722,536
310,835,554,-578,-132,713,-494,-333,259,621,772,615
315,914,595,-613,-139,769,-502,-360,299,697,823,648
330,950,627,-656,-124,795,-529,-380,283,720,873,668
349,992,647,-687,-131,824,-556,-404,288,761,890,704
369,996,669,-693,-150,861,-567,-417,287,769,909,712
351,1023,656,-708,-146,842,-577,-383,329,766,938,711
351,1019,643,-693,-161,859,-558,-419,314,759,900,738
352,1000,655,-696,-147,816,-545,-416,290,764,896,688
350,961,636,-655,-156,797,-545,-378,292,721,878,684
311,899,573,-628,-133,759,-497,-372,269,690,834,664
302,864,543,-591,-137,706,-478,-329,256,653,768,594
307,807,500,-512,-115,667,-412,-308,244,586,739,579
253,713,495,-489,-103,605,-397,-291,187,537,656,499
221,652,399,-452,-106,539,-352,-267,180,470,564,453
202,559,350,-402,-73,462,-300,-232,151,432,508,395
180,482,290,-338,-75,396,-254,-170,153,377,428,310
131,384,249,-263,-65,316,-222,-139,110,290,354,275
103,289,197,-209,-53,248,-170,-111,94,241,290,216
79,241,138,-162,-63,180,-103,-109,69,170,224,167
58,154,90,-90,-19,138,-86,-69,54,116,142,92
26,87,52,-45,-13,74,-37,-36,20,71,91,76
16,32,40,-27,-6,27,-6,5,46,19,32,12
-8,-14,-7,36,20,-10,28,25,-22,-23,-44,-22
-2,-62,-67,28,3,-55,27,48,-18,-38,-67,-30
-29,-107,-95,79,10,-72,52,50,-30,-85,-79,-73
-73,-141,-103,89,32,-123,57,64,-27,-108,-116,-106
-47,-172,-110,98,22,-146,76,61,-60,-137,-122,-110
-84,-183,-98,143,29,-159,84,72,-50,-143,-162,-121
-76,-191,-130,141,27,-196,134,65,-48,-147,-167,-120
-61,-201,-126,137,31,-149,136,84,-69,-150,-173,-141
-67,-195,-131,147,32,-182,98,52,-21,-143,-176,-130
-85,-183,-124,138,48,-153,114,66,-54,-155,-181,-156
-66,-186,-142,124,24,-147,100,60,-67,-143,-167,-135
-48,-167,-125,123,7,-147,99,91,-38,-135,-141,-117
-65,-165,-91,110,28,-157,91,71,-57,-110,-153,-131
-71,-130,-86,91,11,-108,52,64,-33,-111,-131,-110
-53,-120,-102,69,10,-105,61,77,-63,-94,-121,-80
-33,-114,-76,65,8,-84,53,35,-39,-84,-108,-92
-34,-101,-50,66,10,-78,52,43,-37,-84,-96,-111
-21,-67,-51,67,-10,-54,64,2,-17,-58,-56,-68
-27,-93,-48,43,-4,-61,42,30,-38,-65,-70,-44
-12,-40,-19,52,0,-19,17,20,-7,-40,-49,-37
-12,-13,1,21,14,-25,15,24,-21,-34,-26,-25
-14,-29,-4,37,8,-35,12,10,-24,-33,-26,-6
-16,-29,-12,21,4,-4,6,16,-5,0,5,-10
-3,9,3,18,-2,6,2,14,-6,11,-30,-19
1,-10,6,10,4,1,-9,-6,29,-12,-18,-14
20,-10,27,-17,1,4,-18,-3,5,-5,3,-17
-13,14,32,5,-8,-4,11,2,11,24,13,14
29,20,0,-19,-8,5,-20,-6,10,15,13,3
-3,15,0,-22,5,10,-7,-9,12,26,14,10
23,48,23,-18,-19,13,-18,-37,-9,7,32,27
-2,32,33,-15,33,20,1,-11,29,25,25,12
-13,13,21,-29,15,9,-24,5,6,19,45,18
14,42,39,-21,-2,30,-13,-11,4,21,19,15
9,44,20,-24,-2,16,-20,-2,-7,26,29,34
2,26,9,7,-14,32,-4,-19,17,45,43,11
8,23,16,-14,-25,16,-42,-10,-15,15,29,15
1,35,14,-13,0,28,-9,-1,13,23,37,7
9,22,19,-34,6,29,-10,15,18,7,29,12
1,36,30,-27,-11,27,-17,-14,26,21,29,5
10,48,11,-23,-20,16,-2,-13,26,13,3,25
34,22,21,-26,-14,45,0,14,10,16,31,8
4,17,12,-17,-5,8,-1,2,4,23,22,25
14,55,24,-22,-9,22,-3,-12,4,15,46,2
11,47,43,-31,-16,38,-13,-4,9,30,56,35
13,21,49,-17,-7,28,-29,-24,18,15,13,23
8,26,25,-41,5,37,-21,-29,13,15,27,51
19,43,7,-21,-19,16,-15,-8,14,40,21,25
-5,26,38,-8,13,22,-33,-7,-9,17,40,-2
33,42,17,-32,14,18,-14,-21,2,13,33,34
13,39,9,-33,-15,11,-7,-13,9,29,30,23
-2,49,23,-14,-13,40,3,-21,20,41,24,43
6,39,29,-25,-12,28,-19,5,29,42,43,7
16,32,12,1,-15,26,-27,-1,11,42,29,40
7,28,19,-13,9,40,-16,-15,36,30,32,39
18,57,29,-30,0,37,-40,-4,23,32,33,36
-1,45,31,-3,-6,35,-19,-19,14,34,38,8
18,37,36,-41,-23,45,-18,-34,17,17,57,39
27,45,46,-35,0,61,-38,-6,6,25,21,23
21,54,37,-41,-7,54,-34,-17,0,29,62,37
8,46,13,-21,-21,51,-37,-15,25,41,38,21
17,39,29,-19,-2,36,-40,-37,-5,19,28,17
25,30,14,-43,-14,51,-24,-18,-7,36,58,47
20,65,42,-19,-12,49,-42,-22,15,26,60,41
-8,63,38,-49,-4,25,-55,-4,0,36,48,40
38,59,29,-25,9,21,-47,-18,10,29,32,47
-10,68,46,-46,-21,57,-38,-20,27,60,70,43
28,46,29,-50,14,39,-22,-45,34,49,55,44
31,72,50,-56,3,56,-49,-10,27,60,54,50
31,66,42,-53,-13,52,-37,-30,19,47,49,48
45,74,46,-36,-17,54,-21,-39,18,33,69,57
22,52,50,-53,2,49,-55,-32,29,53,81,57
29,65,49,-54,-25,46,-49,-37,43,38,78,29
30,89,56,-59,-10,57,-36,-25,36,49,70,70
18,81,82,-51,3,62,-41,-28,13,59,65,57
5,79,53,-72,-13,79,-33,-26,12,74,97,66
21,104,65,-57,-12,89,-47,-37,25,69,66,55
42,85,67,-52,-4,83,-64,-49,20,77,89,74
39,82,64,-72,-7,69,-69,-32,15,87,83,74
39,109,56,-56,-22,91,-59,-46,19,90,78,52
55,102,57,-55,-8,90,-78,-26,20,83,93,72
24,103,56,-73,-26,93,-41,-42,32,96,98,79
37,123,96,-74,-36,107,-40,-43,55,77,118,93
45,124,87,-87,-28,110,-63,-46,40,73,93,87
41,121,93,-72,-4,97,-63,-50,29,86,91,73
41,114,69,-90,-9,82,-67,-38,45,98,100,93
17,126,98,-82,10,130,-61,-77,25,114,123,116
29,138,89,-73,-17,124,-80,-59,50,93,131,90
52,112,93,-73,-28,96,-63,-41,37,78,119,85
32,138,93,-84,-12,108,-69,-39,55,112,122,95
53,146,100,-100,-21,140,-66,-59,53,119,141,87
57,122,95,-113,-13,117,-73,-93,37,100,118,97
46,189,108,-91,-40,133,-82,-80,50,91,135,89
35,170,108,-114,-23,150,-73,-54,47,120,145,123
57,164,107,-115,-22,119,-98,-79,42,135,139,128
64,172,108,-112,-29,160,-96,-70,60,128,166,137
43,183,136,-108,-9,141,-91,-75,64,137,167,96
80,203,123,-122,-27,127,-100,-86,50,148,191,117
63,197,121,-143,-36,164,-116,-86,47,138,171,151
78,196,125,-135,-40,173,-124,-79,67,122,180,142
88,204,128,-134,-25,177,-96,-71,77,162,196,162
72,201,125,-146,-26,175,-119,-111,54,175,203,146
95,225,156,-161,-27,202,-128,-91,74,146,199,160
83,217,146,-143,-50,171,-139,-74,63,172,204,158
68,225,166,-127,-45,189,-135,-80,70,193,203,177
90,260,154,-175,-22,215,-110,-111,64,156,220,172
125,242,160,-163,-25,214,-136,-113,50,173,206,190
99,238,156,-145,-32,197,-153,-104,63,194,230,177
110,254,147,-194,-25,230,-147,-80,93,188,210,192
95,255,193,-197,-35,229,-134,-81,95,191,226,191
96,274,172,-187,-38,248,-161,-106,79,211,260,191
84,270,198,-169,-52,220,-144,-107,85,196,229,195
121,284,179,-218,-31,236,-164,-143,101,202,246,194
107,313,185,-200,-37,262,-176,-106,80,209,256,220
102,292,200,-203,-45,242,-181,-127,99,232,258,202
104,295,188,-218,-57,242,-185,-126,105,241,245,227
109,325,197,-199,-42,262,-173,-124,97,232,275,219
115,310,217,-222,-62,265,-186,-135,79,237,297,213
114,301,206,-237,-36,262,-185,-132,84,217,297,247
119,330,202,-210,-38,262,-178,-129,95,237,272,220
108,348,232,-237,-56,284,-187,-146,78,229,295,230
125,346,215,-210,-49,302,-168,-163,107,272,313,223
116,348,227,-215,-48,287,-185,-159,97,288,307,251
105,357,230,-241,-60,279,-190,-141,99,267,290,252
125,356,234,-254,-56,273,-183,-142,131,249,307,229
125,366,244,-258,-65,282,-209,-151,89,267,328,251
149,349,241,-264,-61,300,-211,-150,130,250,333,267
118,358,234,-262,-58,297,-203,-148,95,291,337,250
128,359,218,-247,-67,295,-192,-140,118,270,316,278
139,360,242,-273,-61,316,-217,-137,103,275,338,237
128,363,245,-256,-50,286,-233,-145,108,270,329,268
120,384,223,-251,-52,316,-209,-152,104,289,350,258
138,401,251,-238,-55,315,-200,-152,107,288,339,256
118,385,246,-245,-55,333,-216,-146,111,292,348,266
135,394,242,-250,-63,324,-200,-164,107,292,347,259
134,389,225,-279,-69,339,-213,-175,98,263,341,270
131,409,269,-254,-40,310,-193,-135,116,288,360,267
126,380,258,-261,-47,320,-206,-155,132,285,347,257
128,396,263,-256,-50,309,-233,-141,103,284,330,258
142,386,249,-265,-64,316,-198,-177,136,286,354,268
124,391,261,-243,-53,336,-199,-160,117,288,352,281
151,389,260,-258,-63,334,-204,-158,104,294,356,254
121,388,242,-272,-79,320,-214,-151,111,278,337,273
134,372,235,-266,-80,310,-246,-166,128,272,344,263
147,385,239,-244,-55,326,-213,-154,132,300,347,277
143,383,234,-270,-51,324,-252,-165,109,275,336,258
128,368,236,-263,-52,305,-210,-148,126,294,326,268
131,350,232,-262,-60,323,-221,-166,117,276,346,247
160,395,224,-259,-66,298,-214,-147,118,298,335,262
127,362,240,-260,-60,343,-212,-155,89,273,335,253
92,373,257,-250,-71,325,-190,-163,92,281,340,256
131,380,248,-246,-63,294,-199,-130,101,259,319,267
139,367,233,-259,-57,282,-204,-156,110,268,347,266
151,345,249,-258,-70,307,-219,-129,110,281,322,253
144,353,236,-232,-72,285,-216,-123,104,270,349,242
103,364,212,-227,-39,312,-188,-154,102,258,326,235
132,351,222,-243,-56,284,-187,-142,117,275,316,276
126,341,225,-225,-41,273,-180,-125,82,240,284,239
102,319,217,-247,-47,268,-189,-140,110,250,307,230
128,315,198,-223,-42,274,-183,-119,92,257,307,245
102,328,194,-217,-44,275,-195,-127,81,231,286,242
133,320,207,-223,-39,247,-175,-135,97,240,304,210
130,317,203,-196,-54,256,-154,-130,110,207,276,210
92,317,205,-217,-56,252,-161,-138,60,231,269,205
108,251,192,-202,-67,242,-169,-99,99,237,270,199
102,305,183,-169,-22,229,-165,-118,89,220,271,212
79,296,173,-188,-50,245,-150,-120,71,199,268,206
79,284,179,-176,-40,235,-150,-108,96,204,243,204
87,286,194,-171,-34,226,-155,-108,72,208,250,201
111,254,185,-170,-52,231,-129,-110,78,195,229,179
87,252,173,-196,-23,188,-146,-101,73,193,208,162
98,258,165,-164,-27,202,-137,-91,97,192,211,173
67,220,139,-155,-32,198,-148,-109,76,174,231,165
92,246,150,-134,-43,208,-143,-81,76,183,198,183
66,219,154,-159,-31,189,-117,-74,60,167,186,157
79,210,126,-157,-33,177,-102,-70,82,146,196,170
71,226,156,-143,-41,140,-122,-85,44,157,205,145
91,199,135,-145,-31,188,-98,-74,73,165,185,162
76,200,112,-126,-16,195,-108,-93,46,143,189,138
77,186,118,-123,-1,155,-103,-67,54,139,163,128
71,175,120,-115,-33,163,-114,-74,61,157,177,129
54,171,119,-140,-17,141,-112,-77,44,125,144,138
74,163,108,-103,6,145,-108,-75,12,133,165,128
44,148,107,-118,-38,106,-69,-56,53,116,163,115
51,168,100,-98,-24,119,-100,-46,46,110,146,109
55,141,98,-93,-24,114,-74,-39,16,121,112,106
53,157,89,-83,-26,119,-63,-49,55,105,134,102
47,118,73,-59,-11,130,-89,-66,49,93,114,110
45,117,91,-82,-10,105,-56,-62,32,94,128,93
56,123,73,-73,-8,111,-36,-39,21,101,119,85
60,121,82,-73,-21,81,-68,-23,43,65,102,67
32,104,63,-65,-20,75,-54,-25,24,89,94,48
14,112,57,-44,-24,89,-60,-35,23,65,71,69
42,76,63,-53,-12,94,-42,-40,25,74,88,61
35,101,69,-48,6,71,-48,-29,4,64,73,89
34,92,64,-53,-40,65,-54,-36,24,73,68,71
27,71,72,-57,-18,76,-39,-35,27,44,61,49
32,86,48,-48,-2,70,-60,-51,0,36,61,50
14,58,41,-47,-5,50,-48,-49,23,31,90,39
19,74,50,-39,-11,38,-29,-33,28,46,48,57
4,46,16,-36,-18,52,-34,-32,6,44,48,34
13,54,3,-40,-4,27,-9,-7,0,42,39,42
23,36,42,-32,-8,63,-3,-22,9,38,67,24
31,26,23,-61,16,37,-25,-11,3,55,47,27
3,28,20,-8,-7,37,-51,-13,18,0,26,26
10,41,7,-24,0,23,-9,-8,1,35,19,7
19,36,14,-15,9,20,-13,-17,17,23,36,19
5,29,11,-9,-22,28,-15,-12,11,4,36,15
10,19,9,13,-12,30,7,-1,14,3,27,11
-5,12,24,-16,-13,15,-16,-11,15,6,31,12
9,27,-5,3,6,-5,-17,-11,9,10,26,19
7,27,-3,2,-16,24,-2,-1,29,29,-6,-2
2,19,19,-14,-11,7,-15,7,21,2,6,23
4,12,13,-5,-6,-13,-17,16,-24,20,-7,-17
3,-23,-30,6,-24,-11,5,9,-7,-3,-17,20
9,7,-2,15,-10,-11,1,-3,-1,-8,-23,10
10,-6,-12,21,26,-10,-2,-5,-17,3,-13,-9
21,2,-2,14,0,-2,-2,3,3,7,-27,-6
3,-14,-20,5,25,-7,-9,8,-9,8,-3,5
20,-9,-16,10,-7,-17,4,18,0,-24,-13,-13
12,-24,-10,4,-19,-57,8,12,-15,-6,-17,-14
-3,-22,-14,25,-8,-6,17,27,17,-10,-20,-25
-5,-32,-8,6,2,-12,7,29,16,-12,-24,-11
-5,-39,-18,6,-18,-19,13,31,-2,-28,-37,-32
-6,-28,-30,9,-14,-28,-8,5,-20,-37,-15,-27
-8,-25,-16,11,-24,-2,38,12,16,1,-24,-23
-6,-18,-30,-2,-5,-21,27,20,-20,-31,-18,-9
-12,-42,-22,10,15,-27,14,31,-6,-8,-33,-5
-7,-13,-10,13,-1,-28,41,-11,-17,-3,-19,-30
-18,-9,-39,-1,9,-31,7,5,-14,-20,-49,-30
-4,-28,-14,26,-17,-35,24,-13,-8,-24,-25,-15
-10,-21,-22,18,8,-33,34,22,-10,-28,-46,9
-7,-31,-13,25,20,-44,2,8,11,-44,-36,-42
-7,-35,-3,23,0,-29,1,3,0,-45,-23,-39
-2,-44,-13,37,-2,-18,16,27,-23,-35,-20,-20
-28,-25,-27,18,4,-22,34,9,-33,-45,-22,0
-19,-60,-12,28,17,-42,15,34,10,-4,-44,-33
-30,-40,-39,20,6,-59,20,16,-1,-34,-61,-16
-8,-33,-7,44,2,-50,19,4,-8,-5,-45,-20
2,-44,-28,29,10,-26,18,45,-15,-16,-29,-39
-6,-36,-25,28,-1,-47,-13,3,-16,-33,-48,-33
-1,-42,-35,51,15,-32,23,16,5,-22,-43,-22
-10,-22,-33,36,-8,-19,25,-6,-10,-28,-19,-2
-4,-34,-25,48,8,-36,35,6,-24,-47,-26,-25
-19,-47,-28,37,12,-26,9,8,-26,-21,-36,-19
-10,-39,-33,22,26,-40,14,16,-9,-40,-30,-12
-7,-29,-43,23,-7,-25,18,15,-14,-28,-48,-11
-16,-58,-37,54,21,-31,33,19,-36,-32,-34,-28
-21,-17,-43,14,6,-56,26,-5,-4,-31,-38,-26
-16,-42,-32,48,34,-23,31,-1,6,-39,-57,-34
-26,-24,-46,27,-1,-29,12,25,-12,-28,-55,-34
-11,-54,-57,23,4,-27,30,9,7,-36,-28,-41
-22,-34,-42,43,6,-42,25,8,-35,-36,-69,-36
-18,-50,-21,14,18,-27,23,25,-33,-38,-40,-25
-30,-50,-44,27,-20,-23,36,37,-18,-51,-50,-33
0,-56,-31,16,-16,-39,35,11,-25,-36,-52,-13
-12,-63,-34,22,-2,-51,32,37,-24,-50,-41,-39
-12,-39,-19,40,-8,-34,19,31,-36,-55,-35,-6
-13,-31,-41,23,34,-32,28,5,1,-22,-51,-34
-12,-43,-41,22,-9,-38,31,23,-9,-53,-36,-33
-19,-32,-28,31,11,-21,36,29,-21,-53,-45,-29
-20,-34,-33,46,6,-26,1,11,-6,-30,-37,-27
-2,-38,5,37,40,-61,29,26,20,-26,-27,-26
-18,-62,-36,38,4,-42,3,21,-17,-38,-45,-40
-28,-39,-23,20,22,-37,24,16,-9,-40,-30,-11
-23,-72,-18,29,-8,-40,19,5,-23,-22,-29,-7
-14,-32,-33,36,-6,-43,41,28,2,-44,-47,-38
-22,-44,-34,25,-12,-26,14,27,-24,-32,-44,-21
-23,-50,-10,22,26,-42,34,22,6,-50,-30,-4
-6,-61,-27,21,2,-16,23,23,-1,-52,-55,-40
-19,-57,-33,12,-1,-45,13,16,-20,-40,-49,-28
-13,-59,-50,31,7,-35,19,26,-18,-28,-35,-30
-21,-45,-13,30,14,-22,42,23,-23,-50,-29,-30
-9,-32,-18,30,6,-21,7,19,-19,-38,-33,-37
-15,-63,-41,4,13,-43,36,13,-33,-25,-45,-42
-24,-42,-43,24,15,-37,22,19,-4,-18,-21,-37
-7,-46,-41,23,0,-29,24,17,-7,-52,-60,-30
9,-54,-7,10,12,-25,34,22,-4,-34,-44,-47
8,-44,-25,49,24,-48,32,22,-2,-33,-32,-22
-17,-43,-35,38,7,-25,16,9,-18,-17,-41,-38
-20,-54,-54,16,8,-41,23,11,-13,-24,-25,-23
-16,-47,-26,36,12,-35,20,27,-5,-56,-23,-37
-28,-29,-17,39,2,-37,32,19,-29,-32,-48,-48
-11,-58,-22,48,22,-34,17,18,-30,-33,-31,-30
-20,-43,-30,36,6,-33,14,1,7,-47,-50,-26
-14,-29,-21,32,22,-46,54,25,-32,-19,-41,-50
5,-9,-24,42,-10,-61,30,21,-15,-39,-37,-16
-4,-24,-14,30,11,-50,13,11,3,-65,-36,-28
-8,-44,-34,30,-11,-9,29,28,-14,-27,-42,-24
-20,-71,-33,20,2,-47,30,4,-14,-22,-46,-48
-9,-41,-27,38,-7,-51,42,46,-10,-33,-44,-14
-9,-39,-30,18,15,-57,34,34,-17,-43,-50,-25
-11,-48,-22,22,1,-26,12,-6,-22,-27,-48,-19
-25,-44,-32,27,-1,-39,31,26,-12,-36,-29,-30
-10,-56,-37,29,-15,-25,32,-3,-11,-31,-45,-27
-23,-41,-19,32,23,-40,15,32,-20,-40,-28,-42
-18,-43,-32,30,-1,-37,50,20,-31,-45,-40,-17
-19,-32,-29,17,12,-13,26,-2,8,-43,-32,-26
8,-44,-34,33,14,-18,19,7,-5,-29,-37,-26
-12,-45,-35,26,5,-38,21,17,-20,-19,-19,-26
-23,-44,-33,28,1,-46,17,34,-24,-34,-38,-24
-19,-43,-9,25,15,-18,22,15,-7,-27,-42,-37
-12,-36,-39,24,11,-47,27,8,-25,-40,-42,-40
-15,-56,-36,27,3,-33,24,-3,-22,-41,-31,-16
4,-21,-23,37,3,-30,16,10,-6,-44,-54,-27
-5,-29,-39,47,-5,-25,43,-1,-44,-36,-33,-13
-24,-27,-30,9,20,-50,22,2,-21,-22,-42,-28
-5,-41,-34,48,-11,-15,17,7,31,-24,-37,5
-5,-36,-21,40,4,-49,34,41,14,-8,-26,-14
-2,-35,-52,41,-4,-46,9,7,-12,-44,-29,-29
-15,-32,-22,26,-14,-45,23,26,-13,-14,-28,-32
-7,-34,-52,22,4,-14,26,9,14,-42,-29,-32
-10,-27,-16,29,6,-51,22,32,1,-39,-56,-36
13,-24,-35,14,5,-31,17,21,-21,-37,-47,-30
-19,-65,-18,17,5,-46,27,14,-24,-23,-32,-47
0,-57,-25,20,2,-59,25,17,-12,-52,-28,-26
-41,-35,-9,30,10,-60,17,38,-20,-33,-19,-44
-4,-59,-48,38,-8,-18,10,18,-14,-16,-33,-31
-12,-52,-51,48,8,-58,35,26,-19,-28,-24,-31
-8,-40,-34,23,5,-29,35,21,-19,-30,-61,-24
-1,-44,-12,13,0,-44,29,6,-2,-30,-29,-10
-11,-44,-30,30,4,-21,34,34,-4,-6,-42,-29
3,-43,-27,19,9,-15,26,19,-17,-43,-32,-49
-21,-42,-24,35,16,-39,41,26,-21,-19,-19,-33
0,-26,-31,13,-12,-36,15,21,-4,-19,-14,-12
-10,-37,-18,2,12,-26,6,14,-7,-23,-39,-40
11,-49,-30,31,29,-37,12,3,-13,-22,-34,-31
-38,-29,-17,23,-2,-23,31,21,-11,-40,-30,-15
-29,-43,-7,14,-7,-18,-2,24,-16,-30,-41,-25
-33,-30,-22,37,9,-53,40,13,-8,-41,-61,-29
-25,-55,-26,31,9,-28,20,19,0,-45,-50,-7
-28,-49,-3,43,3,-33,30,12,0,-24,-40,-27
-3,-39,-38,37,11,-42,20,10,-17,-24,-45,-31
-10,-31,-19,9,5,-45,27,15,-25,-7,-21,-32
-42,-27,-22,36,12,-46,11,19,-24,-27,-36,-44
-22,-62,-50,26,-5,-25,12,15,-38,-33,-23,-42
-10,-51,-18,28,10,-28,26,25,-23,-40,-42,-33
-7,-32,-13,36,8,-24,25,21,-9,-47,-33,-30
-21,-28,-25,17,-1,-41,38,26,-21,-23,-49,-33
-13,-26,-21,35,17,-39,5,24,-5,-45,-6,-45
-39,-56,-22,35,11,-21,38,15,-18,-26,-47,-41
-8,-48,-27,56,9,7,11,50,-25,-27,-4,-22
1,-41,-13,22,3,-41,16,16,-20,-58,-44,-32
-17,-50,-21,17,-2,-27,15,23,-21,-37,-24,-11
-17,-53,-16,-9,5,-23,20,13,-9,-42,-11,-29
-7,-44,-24,31,30,-38,17,25,-25,-22,-46,-18
-20,-25,-11,16,10,-39,18,0,-3,-34,-59,-15
-3,-51,-40,26,17,-14,17,9,-8,-3,-30,-30
-11,-34,-22,31,18,-62,34,6,-8,-33,-31,-9
6,-36,-33,10,0,-34,24,0,6,-40,-39,-32
-16,-48,-30,47,19,-36,29,37,-14,-46,-44,-26
-24,-34,-41,21,9,-28,17,8,13,-35,-39,-20
-17,-48,8,20,3,-35,15,-9,4,-40,-28,-10
-14,-67,-37,8,0,-27,9,29,-10,-19,-29,-32
-18,-33,-17,32,19,-19,21,19,-7,-48,-34,-26
-29,-46,-24,25,14,-39,32,27,-24,-19,-24,-27
-17,-64,-32,8,-16,-41,4,2,-20,-15,-36,-28
-8,-25,-40,21,24,-19,16,-4,-11,-13,-30,-28
-30,-34,-40,36,13,-27,23,14,2,-22,-28,-22
-4,-43,-19,10,15,-36,12,-14,3,-44,-31,-16
-10,-50,-34,33,11,-38,25,9,-14,-27,-24,-35
-31,-26,-43,40,2,-43,34,8,-32,-21,-44,-34
-13,-44,-9,19,10,-22,35,8,-9,-13,-33,-26
-25,-35,-7,13,-6,-22,37,16,-10,-29,-21,-3
-2,-29,-28,19,-1,-33,26,8,3,-43,-45,-16
-1,-26,-39,11,15,-21,28,-6,11,-40,-18,-36
-5,-58,-29,19,12,-23,31,9,-21,-29,-28,-40
-9,-46,-11,27,-6,-27,40,37,-9,-37,-45,-38
-34,-41,-26,16,17,-33,22,32,-26,-10,-35,-30
0,-46,-12,12,6,-37,48,19,-12,-17,-59,-40
-14,-24,-17,20,17,4,26,36,-16,-28,-9,-31
1,-37,-45,12,4,-26,31,-2,3,-21,0,-25
-7,-32,-23,10,17,-24,8,28,-25,-49,-26,-22
-25,-13,-8,9,11,-50,16,16,-6,-15,-21,-17
2,-38,-9,16,20,-36,28,11,-21,-23,-24,-27
-37,-57,-7,18,10,-38,11,4,-5,-15,-29,-8
6,-59,-24,23,-8,-23,10,9,-13,-15,-30,-4
3,-38,-42,25,-3,-26,22,4,9,-35,-25,-14
6,-27,-11,6,10,-39,19,-3,-38,-43,-48,-39
-1,-42,-30,37,24,-32,30,10,-21,-26,0,-22
-7,-26,-14,30,-8,-43,19,-19,1,-31,-28,-61
-9,-34,4,28,4,-10,1,23,-12,-12,-27,-7
-15,-37,-10,22,-2,-35,14,26,-2,-5,-62,-12
-13,-38,-33,32,14,-25,24,13,-6,-39,-33,-25
-22,-27,-21,18,6,-50,13,11,-3,-40,-45,-32
-28,-51,-12,7,20,-25,-1,1,-10,-40,-35,-11
-6,-49,-29,3,-2,-27,17,14,-5,-6,-38,-36
-26,-42,-1,34,-5,-33,32,-13,-2,-38,-34,-33
-23,-27,-34,38,-17,-22,23,4,-10,-17,-30,-41
-24,-57,-18,46,-11,-31,27,15,-21,-22,-16,-31
5,-35,-25,28,-4,-42,23,10,-8,-30,-35,-32
-9,-54,-46,16,3,-37,22,11,-28,-14,-22,-19
-13,-45,-29,31,-13,-21,21,9,-16,-25,-32,-38
-17,-40,-18,44,-8,-26,23,-1,13,-33,-34,-34
-10,-47,-20,54,-6,-26,6,19,-4,-16,-42,-27
-19,-34,-34,10,4,-25,23,8,0,-18,-48,-15
-17,-50,11,24,11,-53,29,9,-4,-23,-33,-16
1,-65,-34,0,12,-39,9,2,12,-22,-29,-16
-18,-31,-26,26,-6,-19,9,16,-13,-37,-54,-3
4,-28,-23,16,7,-10,34,31,-16,-14,-31,-11
-18,-20,-13,18,5,-23,8,11,-11,-11,-25,-32
-25,-38,-46,16,1,-38,17,10,-18,-25,-30,-22
-10,-59,-19,22,-8,-41,38,-12,-16,-24,-15,-4
14,-45,-21,0,-5,-19,8,9,-2,-31,-51,-17
-14,-7,-29,34,10,-18,17,25,-17,-30,-27,-17
-13,-46,1,20,6,-25,12,14,6,-27,-12,-9
-3,-43,-15,38,11,-48,20,10,-15,-28,-25,-18
-25,-28,1,18,15,-27,21,2,-22,-15,-43,-40
20,-38,-13,18,-17,-13,16,9,-23,-16,-30,-38
-36,-25,-2,27,12,-30,15,4,-29,-15,-28,-34
-6,-38,-26,41,8,-48,25,23,-11,-27,-20,-29
-22,-26,-24,25,-22,-11,16,22,1,-34,-23,-26
-9,-38,-21,14,9,-7,18,-8,-24,-23,2,-19
-21,-43,-26,18,-4,-12,36,3,-10,-24,-26,-10
-14,-20,-11,21,12,-29,18,14,17,-13,-24,-2
-22,-25,-35,4,-18,-34,16,12,1,-17,-8,-21
5,-43,-15,13,3,-16,22,0,-33,9,-15,-18
7,-6,18,25,7,16,17,2,6,5,-34,-19
-36,-27,-26,12,3,-29,2,21,-9,-9,-29,-10
8,-30,-8,32,-1,-29,16,20,12,3,-8,-7
-7,-14,-12,14,34,-13,31,3,-1,-10,8,-7
-12,-7,-9,-6,29,-39,14,25,-3,1,-13,5
8,-7,-4,1,12,-13,7,-21,-13,-13,-6,-27
13,16,-18,8,24,-16,12,25,2,-38,-25,12
-13,11,5,-8,-10,-13,-9,-1,-29,-13,-18,16
16,-15,-8,9,25,-19,15,17,4,13,6,-5
15,-10,-17,8,3,-15,7,-6,-2,2,-4,-12
-4,-6,-6,-8,7,-19,-13,-10,-11,9,13,14
-22,-5,8,13,0,-3,-11,1,9,0,-3,13
-3,6,3,-10,-25,3,-18,18,14,-15,-18,19
10,20,6,1,3,-7,-25,-11,-1,-6,16,-4
-9,2,-3,-32,-25,15,-5,-10,0,11,15,-5
19,3,27,-1,-3,19,-18,-14,7,17,8,12
9,24,30,-21,2,28,16,-13,23,8,26,36
10,0,25,-6,-13,21,-12,-14,-22,10,16,21
15,31,26,-38,-17,12,-27,-17,15,36,16,15
25,34,39,-32,7,30,-13,-16,8,39,46,31
28,15,29,-33,-4,36,-13,-20,31,39,44,25
-10,44,31,-11,-8,26,-21,-22,2,12,32,1
20,60,33,-20,-7,46,-28,-15,1,35,53,33
18,56,48,-31,2,40,-33,-30,31,41,41,33
11,53,46,-47,-7,72,-22,-37,26,29,36,36
31,71,48,-36,-12,73,-33,-35,29,47,60,52
7,87,32,-61,28,65,-45,-32,39,71,51,77
36,83,38,-48,-26,69,-47,-30,23,71,72,73
31,91,52,-93,-7,78,-32,-40,27,55,76,51
29,84,42,-62,1,73,-41,-56,15,83,84,60
27,100,79,-70,-26,96,-44,-44,7,96,74,67
65,96,34,-82,-13,83,-53,-30,59,100,116,71
47,121,52,-84,6,131,-64,-51,41,83,115,76
66,102,64,-91,-29,107,-62,-25,42,107,107,46
50,119,75,-83,0,112,-70,-66,21,99,117,76
52,145,82,-95,-31,131,-81,-56,47,102,140,91
46,151,83,-112,-25,126,-81,-71,34,91,121,112
33,132,100,-95,-32,153,-93,-53,55,112,126,89
68,176,97,-126,-15,141,-84,-61,43,115,140,100
56,139,115,-119,-18,139,-84,-52,61,128,140,104
69,176,117,-139,-18,114,-114,-62,63,132,133,102
40,162,112,-123,-43,153,-96,-74,54,139,137,140
72,176,102,-126,-22,136,-88,-76,74,126,173,122
60,194,79,-121,-40,163,-80,-87,59,150,166,146
70,176,101,-124,-33,153,-122,-61,57,152,168,126
64,205,124,-111,-21,150,-114,-72,66,139,176,122
69,192,119,-112,-49,177,-117,-82,77,177,190,157
50,203,133,-129,-35,163,-111,-91,74,151,172,139
71,195,115,-123,-34,165,-105,-109,63,146,179,140
72,210,140,-130,-18,169,-120,-72,74,140,160,136
51,192,149,-143,-19,194,-101,-63,66,166,179,150
81,198,142,-147,-25,181,-101,-89,64,145,185,138
75,194,135,-134,-34,178,-127,-91,57,149,199,156
62,229,124,-148,-24,171,-116,-101,63,149,178,117
78,210,143,-131,-26,174,-131,-90,60,164,209,162
53,192,123,-134,-56,160,-138,-87,48,161,199,148
75,186,156,-139,-34,158,-111,-84,57,149,182,149
58,214,140,-129,-30,147,-132,-113,66,141,192,145
56,183,121,-130,-28,161,-106,-75,65,164,167,148
48,209,110,-124,-37,166,-94,-73,50,141,170,129
64,210,115,-135,-38,155,-101,-79,72,143,170,149
82,212,115,-112,-43,150,-99,-81,65,145,185,122
52,186,138,-120,-36,151,-103,-95,46,134,173,118
56,184,105,-117,-37,169,-93,-69,59,124,167,131
58,191,120,-108,-15,149,-106,-84,50,137,148,135
33,177,120,-105,-34,153,-103,-83,52,123,156,124
56,163,100,-106,-11,143,-101,-44,64,124,148,131
41,171,117,-145,-17,146,-85,-55,75,143,141,104
55,178,101,-99,-32,125,-82,-67,22,123,133,103
69,134,103,-114,-37,110,-84,-42,51,139,128,109
55,115,79,-86,-15,101,-74,-55,49,97,130,89
57,156,99,-88,-3,126,-86,-72,59,110,100,66
44,116,111,-90,-11,85,-76,-69,33,98,99,87
16,119,76,-69,-11,87,-84,-38,51,86,108,84
54,113,83,-75,-22,105,-71,-60,7,54,113,55
2,94,55,-65,2,83,-66,-40,26,93,97,65
51,102,48,-77,-7,84,-51,-44,36,94,76,56
15,87,69,-48,8,73,-43,-38,12,31,86,66
36,102,51,-87,-7,39,-26,-36,22,72,84,83
20,82,52,-65,-18,38,-35,-18,11,50,65,52
23,65,26,-45,-3,47,-28,-22,16,61,53,53
17,47,40,-39,6,42,-30,-28,12,49,36,48
26,52,35,-33,-7,50,-30,-18,13,48,40,46
28,37,23,-30,-15,46,-10,-13,11,43,64,41
3,39,10,-34,4,34,-10,-23,6,39,67,39
36,41,22,-30,-26,32,-25,-24,27,38,38,30
-9,13,20,-20,-22,41,-18,-4,9,27,33,23
7,30,18,-19,-21,19,-5,-5,13,17,20,16
9,37,15,-13,7,16,3,-6,29,16,45,19
-19,15,20,4,1,6,9,-12,15,11,13,27
12,25,-1,5,-23,-15,-8,-7,7,0,3,6
-9,21,14,2,-25,2,-9,-4,5,19,10,18
-8,-12,0,10,-28,8,8,0,22,6,12,-2
-11,-6,-28,24,16,23,18,2,-3,-13,-8,10
14,-5,5,-13,-4,-5,10,-10,-2,3,1,-10
13,-4,7,11,20,-4,29,20,10,-15,-21,-15
-15,-34,-18,-6,-6,-7,4,16,-1,-24,2,-25
2,-36,-12,13,7,-10,-1,9,-10,5,-5,-20
4,-13,-15,15,13,-24,-9,-5,3,-22,-30,-12
0,-5,-10,6,-3,-13,11,6,-7,-4,1,-21
-20,-22,-17,25,-9,-3,-3,5,-14,-29,-22,-18
-23,-40,-24,13,3,-20,15,26,-2,-29,-33,-19
-21,-26,-26,19,3,-22,7,13,-22,-37,-26,-7
-26,-29,-24,8,7,-29,22,27,-18,-26,-38,-22
-24,-23,-27,21,-4,-27,23,6,-11,-11,-41,-27
-12,-34,-26,19,18,-21,19,17,-15,-9,-29,-4
2,-23,-29,4,2,-12,17,22,-27,-54,-12,-27
-4,-27,-24,32,13,-39,21,20,-32,-21,-26,-31
-15,-28,-34,46,11,-33,4,6,-22,-33,-45,-34
-34,-33,-38,23,0,-36,33,11,11,-36,-39,-23
-52,-65,-25,14,10,-43,0,10,-23,-31,-24,-20
-27,-55,-21,17,-7,-28,15,1,-4,-11,-29,-20
-41,-21,-25,33,10,-33,31,-1,-11,-22,-34,-32
-5,-34,-7,46,6,-56,28,19,1,-33,-36,-29
-29,-46,-49,23,3,-20,16,24,-33,-30,-27,-46
-19,-57,-28,22,16,-35,38,18,-23,-45,-58,-31
-20,-31,-23,25,7,-10,25,21,-5,-31,-33,-43
-14,-43,-43,25,10,-24,16,25,-12,-39,-42,-27
-29,-30,-9,13,7,-15,32,13,-6,-51,-50,-10
-16,-42,-41,22,16,-42,14,15,-32,-39,-23,-35
-24,-80,-43,25,9,-56,31,-1,4,-32,-45,-39
-24,-66,-6,34,26,-53,37,10,-6,-40,-38,-50
-30,-39,-36,47,-9,-62,30,39,-30,-47,-47,-36
-12,-68,-45,72,16,-46,38,6,-27,-53,-61,-44
-25,-44,-32,47,-1,-43,26,5,-29,-43,-63,-29
-18,-72,-58,44,16,-79,65,40,-38,-64,-73,-43
-4,-77,-41,59,9,-64,48,28,-12,-71,-48,-42
-40,-66,-42,58,21,-52,60,44,-8,-74,-102,-53
-35,-106,-75,64,5,-91,47,55,-20,-68,-82,-62
-48,-114,-68,79,13,-95,43,42,-15,-91,-98,-76
-30,-96,-69,61,5,-79,60,43,-25,-67,-114,-70
-27,-137,-42,86,19,-98,70,45,-17,-74,-105,-84
-56,-148,-99,74,28,-119,79,50,-28,-120,-131,-87
-45,-144,-81,106,18,-87,101,54,-43,-123,-131,-67
-68,-142,-91,100,31,-117,55,70,-29,-121,-130,-130
-68,-160,-112,109,69,-134,114,68,-52,-127,-138,-102
-54,-176,-100,101,15,-133,87,50,-30,-130,-147,-125
-80,-179,-91,106,24,-155,117,81,-53,-141,-166,-128
-63,-177,-116,129,35,-170,91,76,-54,-148,-155,-140
-92,-193,-138,121,32,-148,94,67,-68,-133,-172,-132
-59,-160,-155,144,44,-142,84,89,-53,-126,-154,-130
-55,-181,-107,131,23,-147,112,88,-63,-149,-153,-127
-47,-175,-106,113,8,-139,87,67,-29,-124,-143,-115
-55,-162,-92,124,28,-148,82,66,-42,-131,-135,-107
-44,-141,-82,63,13,-129,72,57,-35,-115,-106,-96
-59,-118,-81,86,8,-95,62,46,-16,-82,-95,-86
-18,-82,-40,53,9,-82,47,30,-21,-73,-92,-66
-14,-38,-56,44,0,-28,29,27,-36,-41,-43,-32
-1,3,5,11,-24,7,-18,-8,-16,16,7,-3
34,36,37,-31,-25,50,-31,-23,31,43,37,34
19,114,82,-91,-5,87,-74,-48,36,68,103,83
54,181,98,-123,-20,146,-100,-97,70,139,159,120
69,259,146,-159,-54,215,-133,-84,66,178,222,168
116,350,218,-230,-63,268,-181,-140,95,249,292,237
117,370,255,-273,-51,346,-223,-148,105,303,360,292
166,477,329,-340,-64,408,-239,-194,139,356,440,329
203,565,357,-389,-63,482,-294,-241,194,412,499,388
208,641,430,-444,-102,555,-351,-256,192,465,573,435
259,707,470,-483,-98,592,-391,-281,220,543,650,491
274,752,516,-541,-106,612,-438,-310,237,577,708,527
305,829,525,-576,-121,696,-464,-330,205,640,738,580
326,868,575,-602,-114,722,-470,-341,268,665,772,608
331,896,588,-620,-160,767,-485,-368,263,687,819,635
319,929,583,-613,-138,768,-490,-370,305,718,838,652
329,931,618,-638,-152,782,-526,-379,261,693,831,635
333,932,613,-624,-160,764,-496,-361,282,703,835,664
334,908,584,-625,-139,762,-502,-347,279,675,816,624
309,864,550,-597,-112,724,-469,-335,260,667,775,596
282,809,535,-565,-122,667,-481,-328,237,602,742,562
273,779,494,-526,-104,649,-403,-312,250,572,685,527
246,696,448,-471,-115,576,-371,-282,215,514,632,488
199,602,390,-421,-73,523,-325,-238,185,455,554,431
183,552,328,-381,-64,446,-310,-208,170,399,487,393
161,466,313,-311,-79,402,-250,-207,132,343,414,322
132,363,249,-254,-74,319,-209,-160,111,292,328,270
80,289,182,-185,-34,240,-150,-103,66,217,242,187
56,201,126,-161,-32,162,-102,-84,38,157,186,134
29,139,86,-81,6,129,-81,-51,41,85,122,86
4,44,34,-33,-13,46,-46,-13,22,33,42,50
14,-4,-11,12,9,-15,-18,18,7,-2,-15,-10
-9,-72,-55,50,15,-85,45,29,-18,-60,-65,-46
-43,-134,-88,114,24,-123,86,48,-25,-87,-116,-67
-55,-186,-112,124,43,-132,97,64,-47,-130,-165,-135
-55,-224,-149,143,36,-181,89,86,-95,-164,-208,-153
-81,-261,-161,166,51,-194,133,89,-75,-186,-240,-182
-120,-313,-189,192,44,-246,152,107,-75,-208,-265,-202
-108,-317,-197,211,52,-239,169,139,-94,-236,-290,-207
-102,-327,-213,250,38,-255,169,119,-96,-246,-306,-235
-99,-331,-204,240,27,-274,183,122,-99,-261,-299,-207
-117,-345,-225,217,44,-263,184,121,-69,-253,-310,-244
-114,-341,-214,243,59,-289,184,117,-99,-276,-320,-238
-118,-352,-215,217,60,-278,173,137,-94,-252,-323,-227
-119,-340,-212,187,39,-255,196,141,-116,-219,-298,-237
-126,-308,-207,223,41,-281,149,126,-107,-223,-268,-191
-115,-297,-203,201,43,-246,155,134,-78,-238,-278,-216
-93,-269,-172,185,57,-232,150,119,-95,-204,-263,-185
-95,-254,-179,175,31,-217,139,61,-83,-199,-249,-180
-73,-247,-157,170,37,-207,113,87,-83,-165,-211,-187
-82,-248,-155,152,38,-180,122,96,-79,-172,-187,-167
-79,-220,-146,136,27,-170,89,97,-56,-163,-197,-126
-69,-196,-111,123,29,-167,111,77,-54,-146,-174,-123
-78,-152,-95,128,34,-162,122,67,-59,-152,-170,-124
-63,-161,-129,136,18,-143,100,62,-62,-122,-145,-120
-43,-174,-118,111,-3,-128,99,65,-35,-133,-135,-106
-65,-134,-100,92,14,-111,65,65,-49,-123,-127,-93
-55,-143,-89,97,14,-106,62,63,-48,-108,-121,-98
-43,-121,-80,87,41,-103,89,53,-20,-95,-90,-76
-36,-121,-72,68,22,-101,65,47,-19,-96,-97,-78
-50,-119,-79,77,12,-87,46,35,-42,-92,-112,-77
-52,-92,-79,67,-15,-83,59,36,-34,-68,-76,-77
-36,-110,-66,70,8,-88,70,31,-30,-80,-94,-56
-39,-99,-74,57,37,-79,53,28,-49,-84,-86,-53
-43,-109,-56,53,26,-98,76,50,-24,-71,-69,-73
-42,-95,-38,54,28,-70,55,37,-40,-80,-97,-70
-45,-93,-77,64,-3,-74,57,35,-28,-88,-83,-73
-40,-76,-76,71,18,-72,38,37,-45,-83,-86,-89
-22,-85,-64,57,34,-75,56,36,-27,-65,-92,-56
-25,-97,-66,74,-11,-98,42,39,-33,-77,-96,-63
-31,-92,-48,66,20,-78,64,36,-21,-71,-99,-55
-26,-93,-67,69,16,-61,52,37,-33,-72,-113,-49
-34,-96,-47,68,26,-90,51,30,-32,-58,-96,-53
-23,-78,-70,78,13,-75,36,38,-36,-64,-57,-68
-35,-84,-77,55,22,-84,63,21,-39,-64,-81,-43
-13,-87,-64,57,1,-96,39,50,-40,-72,-77,-50
-31,-82,-58,61,12,-60,39,31,-31,-62,-65,-73
-12,-88,-55,55,-3,-53,33,35,-39,-72,-67,-38
-46,-75,-61,54,24,-79,39,32,-5,-93,-78,-56
-58,-83,-40,55,-17,-93,48,38,-26,-63,-79,-53
6,-87,-46,58,14,-67,42,8,-27,-51,-65,-48
-29,-100,-84,62,23,-91,18,16,-27,-54,-68,-56
-9,-87,-55,48,11,-58,38,43,-24,-33,-69,-67
-25,-71,-44,48,-2,-57,59,34,-37,-63,-70,-74
-19,-64,-51,88,21,-69,39,39,-26,-64,-69,-60
-27,-83,-59,33,28,-43,51,30,-10,-64,-72,-57
-34,-72,-47,43,39,-50,28,32,-9,-50,-85,-91
-25,-78,-34,61,16,-47,22,31,-23,-48,-53,-70
-35,-87,-63,47,7,-64,11,30,-5,-62,-69,-60
0,-69,-56,32,22,-37,38,5,-40,-45,-77,-67
-31,-72,-80,47,26,-57,25,45,-13,-46,-58,-69
-30,-94,-41,56,20,-64,17,16,-27,-53,-51,-50
-26,-70,-31,22,19,-75,34,20,-16,-59,-54,-45
-25,-59,-30,41,34,-39,28,12,-7,-54,-68,-37
-44,-60,-50,46,12,-55,28,7,-11,-32,-30,-48
-18,-26,-42,38,22,-54,54,23,-24,-20,-61,-41
0,-51,-59,33,21,-68,31,9,-10,-42,-58,-44
-26,-54,-45,29,15,-43,27,29,-23,-37,-48,-25
-40,-57,-45,28,6,-49,16,20,-24,-42,-50,-22
-3,-60,-31,22,0,-44,19,2,-35,-60,-32,-39
-14,-68,-23,27,18,-16,31,38,-11,-48,-46,-35
-17,-29,-36,33,25,-26,28,12,-15,-20,-43,-50
-22,-48,-22,18,-4,-46,17,8,-19,-20,-37,-33
-2,-33,-18,18,-4,-48,32,20,-14,-38,-22,-28
-27,-43,-36,29,20,-59,1,22,-17,-29,-31,-37
-31,-26,-12,38,10,-29,5,34,-9,-23,-22,-3
-10,-28,2,8,-8,-25,22,11,-11,-47,-35,-40
1,-7,-28,19,-2,-2,13,29,-10,-18,-38,-15
8,-35,-35,27,-2,-13,5,0,-23,-13,-26,-37
-12,-4,-25,24,28,-17,6,14,7,-7,-22,-3
0,-40,-16,13,-7,14,-4,-2,7,-9,-20,-18
1,-18,-8,11,4,-6,20,-3,-22,-10,-18,-8
-10,-20,-30,10,12,-18,17,-15,-17,-19,-25,-14
-15,-16,14,12,-1,-7,-7,-4,-7,-14,-7,-5
-7,8,-9,23,-1,-5,21,7,-15,-10,-12,2
11,-12,14,7,-7,2,8,22,-8,26,-24,0
3,13,5,-1,15,6,-9,-2,-15,17,8,10
-2,-1,3,-15,-2,8,26,-6,5,31,8,6
9,19,14,4,-3,20,-15,-10,16,-1,17,10
23,22,20,-13,4,14,-22,-19,-15,19,3,24
-14,25,35,-17,3,16,16,6,1,24,39,5
16,11,12,-32,-4,8,-20,-32,-2,29,41,25
5,2,5,-21,-15,33,0,-25,29,21,13,25
10,34,20,-22,-10,34,-11,-18,2,25,50,23
6,39,21,-25,-7,45,-21,-25,3,41,44,30
26,60,56,-20,6,36,-41,-15,14,35,85,34
14,52,26,-56,15,60,-49,-37,28,38,62,61
26,58,43,-10,-15,39,-12,-27,26,60,42,35
17,78,46,-45,5,72,-38,-16,30,60,60,66
24,79,39,-46,-22,67,-55,-49,32,62,48,53
22,85,60,-70,-18,79,-53,-20,2,45,76,57
23,73,79,-53,-5,85,-47,-41,22,77,89,44
16,116,63,-78,-16,79,-51,-32,22,77,86,70
39,115,70,-39,-47,106,-43,-66,41,79,86,67
39,101,54,-56,-4,112,-78,-56,37,59,117,41
28,107,62,-67,-24,81,-31,-58,54,84,115,96
12,120,64,-90,-40,121,-64,-51,45,73,116,69
44,121,89,-82,-8,109,-74,-38,45,86,112,82
50,127,94,-91,-23,97,-61,-16,40,88,105,92
57,158,95,-81,-21,98,-86,-44,40,99,128,103
80,138,83,-102,-16,131,-80,-64,56,94,141,99
56,153,81,-95,-27,140,-69,-79,40,93,127,96
59,170,117,-94,-27,146,-80,-61,43,115,164,94
53,177,108,-105,-34,123,-98,-64,72,109,128,114
52,175,93,-131,-21,148,-101,-76,70,121,162,117
68,167,121,-127,-28,162,-98,-57,37,125,166,128
64,185,115,-149,-61,146,-112,-54,35,144,177,120
68,224,137,-135,-22,140,-96,-82,69,147,175,130
64,189,128,-124,-36,171,-95,-63,70,128,161,137
80,200,128,-133,-38,184,-116,-109,54,149,198,131
87,220,152,-146,-17,168,-137,-85,67,143,175,154
70,227,142,-148,-25,178,-109,-73,71,190,219,140
56,222,158,-159,-30,204,-131,-72,82,161,208,165
51,215,143,-133,-43,201,-103,-101,66,181,210,182
75,235,165,-181,-41,186,-134,-93,54,162,203,166
85,241,149,-182,-48,194,-144,-111,99,170,222,150
86,247,171,-175,-42,214,-116,-111,78,195,232,164
87,239,182,-174,-72,208,-126,-101,89,191,251,167
86,277,175,-199,-32,206,-127,-106,89,196,197,174
94,258,159,-188,-38,217,-147,-130,105,209,237,195
101,280,173,-188,-59,226,-176,-100,81,177,241,183
110,295,183,-203,-40,218,-155,-99,85,212,260,204
114,273,204,-190,-32,233,-170,-127,84,203,278,196
93,266,198,-194,-28,225,-160,-131,85,204,264,200
114,288,195,-208,-51,249,-150,-93,86,217,280,211
121,308,181,-214,-59,248,-170,-127,63,217,276,237
102,310,186,-201,-54,248,-153,-127,101,215,271,208
95,324,201,-204,-59,258,-180,-124,79,219,260,220
114,295,193,-199,-55,233,-171,-120,113,224,271,224
98,313,190,-216,-38,262,-169,-133,102,239,296,230
92,308,210,-218,-51,274,-183,-124,83,208,287,229
106,319,207,-209,-18,297,-173,-117,91,229,279,217
121,297,208,-208,-60,268,-169,-134,98,230,274,239
126,314,231,-220,-46,268,-180,-126,72,246,286,209
112,302,231,-212,-60,288,-164,-140,93,241,282,214
98,348,194,-215,-61,270,-164,-121,110,226,302,221
115,322,193,-233,-43,274,-193,-119,85,254,286,207
112,335,226,-235,-47,280,-172,-160,102,244,282,224
127,296,214,-207,-54,266,-209,-132,108,255,286,227
109,317,231,-199,-57,265,-152,-129,103,256,320,224
123,351,212,-215,-62,266,-179,-120,103,241,310,221
121,327,227,-215,-50,270,-179,-121,108,236,282,242
115,316,218,-215,-46,258,-163,-127,113,230,301,215
116,333,207,-255,-39,250,-172,-121,77,250,293,208
126,325,228,-221,-71,272,-192,-134,104,243,292,222
106,307,211,-213,-54,274,-167,-128,109,257,291,214
118,304,207,-207,-40,275,-191,-133,72,227,305,216
120,296,195,-211,-60,246,-185,-151,116,247,294,210
120,315,212,-211,-67,265,-164,-131,96,225,293,213
111,287,219,-218,-31,264,-181,-144,82,238,283,187
104,299,187,-207,-53,247,-159,-104,123,226,266,222
109,306,208,-201,-57,248,-168,-118,86,228,280,193
94,313,188,-191,-46,254,-155,-109,97,215,256,197
91,282,183,-171,-39,260,-176,-109,100,208,271,210
127,284,178,-161,-36,232,-156,-121,69,206,263,196
100,292,169,-210,-48,244,-146,-120,83,217,258,204
99,294,174,-172,-31,232,-148,-119,83,210,250,192
97,275,175,-193,-6,227,-162,-127,88,192,245,181
85,269,175,-177,-45,229,-143,-113,85,201,241,184
94,242,156,-175,-37,238,-147,-107,82,168,226,179
95,249,141,-173,-41,219,-136,-123,73,180,231,181
103,228,164,-175,-53,198,-129,-95,87,172,223,181
85,217,160,-158,-28,213,-141,-112,72,183,235,165
90,235,136,-173,-41,228,-136,-91,64,176,236,191
94,228,158,-154,-24,163,-135,-64,74,183,210,173
63,219,147,-149,-16,194,-113,-77,52,166,193,150
67,191,131,-159,-53,194,-123,-106,69,170,202,145
71,193,153,-127,-48,169,-113,-84,58,142,184,149
95,201,144,-123,-43,153,-124,-97,30,168,158,137
65,191,120,-134,-20,173,-95,-72,44,158,162,158
44,182,110,-133,-38,135,-112,-70,68,150,176,137
77,172,121,-113,-19,141,-105,-83,41,131,153,106
54,181,154,-120,-8,133,-78,-72,46,134,163,119
72,168,110,-116,-21,117,-94,-56,57,132,145,111
60,154,120,-119,-6,123,-92,-66,47,117,124,104
38,157,98,-106,-19,120,-83,-47,55,83,132,92
63,128,85,-73,-32,137,-59,-38,46,99,135,82
53,154,76,-106,-5,110,-83,-55,31,112,134,87
41,131,87,-84,-27,110,-79,-70,53,89,110,77
43,119,93,-73,6,83,-48,-51,41,92,95,63
29,127,84,-63,-6,125,-62,-50,23,63,114,74
45,92,62,-58,-15,102,-61,-19,29,97,100,45
18,69,82,-84,-19,60,-65,-41,48,83,107,87
57,103,90,-73,-30,78,-27,-28,28,75,97,70
31,73,62,-53,1,79,-35,-23,3,74,76,37
15,90,34,-64,-18,34,-42,-19,25,51,102,39
31,52,30,-50,-8,49,-20,-23,21,48,81,57
23,59,49,-40,7,33,-45,-34,48,46,62,34
16,67,51,-39,-10,41,-50,-31,31,65,34,45
19,51,23,-53,-11,33,-32,-4,47,31,45,42
10,44,18,-33,3,15,-36,6,28,8,55,29
-8,28,19,-21,1,36,-33,-18,18,45,38,49
31,27,14,-28,-9,39,-6,-29,-12,20,37,22
12,11,2,-14,-1,16,-8,-18,-9,27,49,26
10,29,32,-26,26,19,-11,-5,-2,21,42,10
4,12,19,-8,13,24,-26,11,-4,14,23,18
-4,10,-2,-23,-1,25,-47,-6,-10,7,-14,-16
15,14,2,-11,-5,-1,-14,-15,4,30,11,-6
4,12,3,0,5,-1,-1,-14,4,2,-2,-1
-15,7,-1,-8,11,-2,3,0,4,-1,-9,4
14,-16,19,18,10,-5,14,16,24,1,4,-5
-13,-18,-1,5,16,-3,18,6,-1,-6,-19,-20
-6,-14,-9,-3,17,-40,-9,-8,-5,-21,-32,-1
1,0,-36,-1,12,-42,17,15,7,-20,-9,-24
-8,-27,-20,17,3,-14,26,20,-11,-16,-24,-9
8,8,-18,26,20,-22,9,7,-11,-39,-36,-15
-11,-36,-20,10,-4,-28,13,21,17,-17,-28,-13
-15,-22,-23,2,0,-27,18,11,-5,-25,-33,-15
-17,-43,-10,34,17,-18,4,4,-16,-53,-36,-38
-15,-37,-35,27,16,-30,23,20,-1,-35,-34,-26
3,-41,-52,43,11,-32,29,27,-13,-40,-42,-30
-30,-54,-18,29,19,-46,17,37,-13,-47,-40,-29
-21,-49,-35,43,26,-24,17,26,-13,-25,-45,-36
-32,-48,-34,26,17,-39,24,23,-23,-39,-64,-30
-19,-37,-40,47,15,-45,35,13,-2,-25,-37,-32
-13,-64,-38,42,6,-55,48,31,1,-74,-53,-33
-13,-70,-45,37,5,-30,19,36,-44,-65,-61,-50
-36,-80,-48,26,9,-75,28,14,-36,-14,-67,-43
-32,-58,-51,31,14,-55,45,44,-30,-38,-69,-34
-20,-71,-55,22,-4,-52,20,25,-16,-51,-82,-74
-14,-84,-59,44,15,-67,58,41,-22,-46,-60,-40
-30,-85,-32,62,35,-45,46,41,-10,-30,-50,-61
-17,-73,-49,41,29,-54,35,23,-19,-70,-59,-49
-15,-82,-39,46,26,-65,40,34,-28,-81,-54,-57
-36,-58,-33,54,14,-75,45,24,-42,-64,-63,-66
-25,-71,-50,61,10,-59,57,24,-31,-65,-73,-57
-21,-85,-68,48,15,-45,35,21,-49,-69,-86,-38
-67,-74,-34,42,3,-77,59,29,-29,-46,-60,-52
-25,-86,-52,66,0,-66,52,22,-25,-47,-62,-57
-36,-82,-40,60,11,-62,33,31,-16,-72,-31,-53
-34,-57,-53,50,19,-91,30,30,-26,-62,-78,-48
-16,-90,-52,77,-3,-56,31,39,-20,-46,-80,-79
-13,-69,-54,60,7,-71,66,30,-37,-79,-67,-33
-48,-83,-33,40,0,-74,20,29,-23,-77,-65,-39
-34,-75,-41,77,11,-59,47,29,-48,-74,-66,-78
-26,-85,-61,54,-4,-61,48,55,-30,-59,-72,-48
-26,-92,-65,75,11,-68,30,19,-29,-53,-90,-49
-28,-69,-63,45,-7,-77,24,35,-30,-76,-91,-49
-17,-92,-71,60,19,-81,58,19,-17,-47,-73,-82
-20,-85,-76,38,17,-76,54,32,-52,-65,-96,-44
-46,-93,-61,49,27,-54,18,46,-23,-73,-97,-50
-39,-81,-62,48,13,-63,40,41,-43,-30,-101,-41
-52,-50,-53,64,24,-80,33,29,-31,-58,-89,-34
-13,-76,-48,31,40,-77,42,35,-30,-39,-76,-34
-55,-75,-48,67,2,-63,44,25,-16,-74,-68,-79
-15,-75,-45,46,-7,-85,65,24,-10,-82,-111,-61
-23,-88,-35,22,38,-82,35,17,-19,-68,-57,-68
-27,-76,-55,56,16,-68,45,45,-25,-74,-78,-74
-38,-74,-51,84,9,-71,58,44,-11,-71,-90,-35
-15,-85,-42,55,2,-62,53,12,-20,-79,-60,-85
-15,-86,-56,65,2,-91,53,32,-39,-63,-84,-51
-9,-79,-47,72,14,-66,40,42,-36,-87,-69,-60
-23,-63,-32,62,12,-70,50,38,-2,-68,-75,-40
-16,-88,-48,72,16,-67,42,44,4,-58,-72,-52
-32,-82,-62,56,16,-81,51,63,-39,-72,-80,-56
2,-108,-45,60,24,-84,53,51,-17,-63,-81,-54
-31,-87,-47,76,10,-44,63,14,-9,-37,-62,-71
-27,-105,-51,46,1,-70,41,18,-32,-40,-72,-61
-6,-83,-42,59,14,-69,54,36,-20,-68,-101,-60
-24,-66,-62,62,-6,-67,44,21,-23,-42,-78,-81
-23,-77,-57,47,9,-59,45,46,-16,-51,-77,-75
-8,-52,-27,65,-1,-54,50,45,-45,-54,-65,-55
-16,-83,-60,42,18,-68,51,61,-31,-63,-87,-50
-21,-108,-81,78,11,-82,44,25,-15,-56,-85,-70
-32,-68,-55,81,2,-64,59,27,-8,-73,-58,-51
-15,-89,-52,55,12,-78,56,29,-43,-53,-74,-75
-44,-74,-61,74,14,-67,46,36,-27,-72,-78,-32
-38,-75,-41,72,14,-68,35,35,-20,-60,-62,-51
-6,-77,-38,59,23,-76,52,23,-36,-66,-42,-57
-8,-92,-57,77,9,-81,39,44,-36,-44,-72,-62
-36,-76,-42,53,22,-65,31,28,-22,-60,-81,-52
-36,-69,-35,62,47,-59,67,30,-41,-68,-66,-53
-32,-80,-39,72,33,-58,36,34,-24,-51,-64,-74
-40,-68,-60,50,11,-78,53,20,-10,-78,-63,-63
-21,-78,-53,44,23,-52,51,38,-54,-67,-79,-74
-16,-90,-32,46,23,-43,38,35,3,-57,-75,-54
-26,-72,-53,38,15,-53,51,18,-10,-81,-56,-56
-23,-69,-39,55,15,-64,46,23,-37,-58,-76,-74
-21,-72,-44,42,2,-64,11,25,-11,-50,-58,-49
-29,-77,-49,34,7,-60,47,16,-6,-63,-72,-60
-38,-53,-24,77,17,-60,32,27,-26,-45,-73,-54
-28,-84,-54,47,20,-55,39,38,-4,-68,-69,-50
-35,-67,-27,71,15,-43,48,26,-36,-42,-96,-32
-27,-67,-38,59,11,-67,54,44,-29,-67,-64,-55
-17,-69,-51,46,20,-72,42,44,-15,-72,-69,-78
-15,-58,-39,66,-13,-55,38,24,0,-45,-70,-60
-14,-81,-40,23,6,-51,26,57,-15,-72,-81,-59
-47,-75,-27,55,4,-53,25,34,-20,-52,-77,-49
-24,-91,-54,56,5,-40,51,41,-22,-65,-49,-50
-32,-90,-42,57,-6,-72,50,22,-26,-38,-79,-62
-6,-74,-29,30,13,-65,39,31,-44,-81,-83,-72
-17,-90,-66,38,-2,-57,38,27,-52,-56,-45,-57
-24,-59,-50,63,16,-58,37,24,-7,-38,-72,-52
-32,-53,-46,57,-3,-52,34,66,-11,-28,-53,-68
-13,-93,-42,43,13,-59,62,22,-42,-55,-56,-50
-26,-61,-42,52,11,-63,41,24,-40,-72,-39,-51
-17,-78,-39,49,19,-47,54,34,-28,-50,-59,-33
-36,-48,-57,49,0,-57,38,29,-22,-70,-52,-31
-12,-61,-29,36,8,-62,53,21,-22,-45,-67,-43
-32,-71,-59,54,10,-61,41,44,-25,-56,-63,-29
-18,-42,-46,46,3,-49,30,16,-31,-56,-53,-50
-29,-70,-36,22,30,-62,49,37,-46,-50,-89,-57
-17,-66,-38,41,18,-48,48,27,-9,-61,-42,-34
-22,-49,-44,55,-1,-64,54,18,-23,-41,-56,-49
-24,-89,-22,29,14,-54,50,28,-14,-43,-48,-45
-25,-67,-48,31,7,-44,33,19,-42,-50,-46,-42
-32,-65,-52,54,24,-54,54,35,-11,-58,-91,-48
-34,-76,-45,43,13,-52,40,12,-33,-42,-48,-42
-22,-72,-37,37,0,-53,38,31,-7,-51,-47,-48
-7,-69,-44,56,6,-56,24,11,-25,-57,-44,-53
-33,-58,-60,60,-5,-50,17,15,-18,-41,-66,-48
5,-65,-35,8,3,-44,24,14,-20,-37,-87,-33
-14,-79,-60,46,8,-51,28,15,-5,-50,-74,-36
-46,-48,-33,25,23,-56,40,27,-19,-24,-63,-55
-22,-63,-40,42,4,-73,27,42,-5,-53,-38,-57
-38,-76,-39,31,20,-46,26,24,-26,-53,-54,-35
-20,-66,-38,58,21,-53,38,28,4,-24,-67,-41
-11,-67,-29,23,11,-58,42,17,-23,-43,-55,-19
-27,-47,-32,24,9,-63,23,36,0,-41,-45,-40
-6,-49,-42,42,8,-47,29,15,-9,-78,-53,-51
-2,-50,-32,10,-1,-40,55,4,-24,-50,-66,-34
-33,-88,-23,52,1,-58,37,1,-26,-28,-53,-17
-22,-81,-21,23,-3,-49,38,36,-3,-57,-48,-45
-12,-43,-27,45,3,-62,36,2,-2,-56,-53,-36
-36,-63,-40,31,6,-45,42,3,-17,-42,-45,-43
-11,-42,-38,59,9,-30,34,28,-6,-49,-61,-28
-58,-49,-65,42,17,-28,19,2,-2,-49,-46,-55
-15,-47,-32,22,21,-41,6,10,-16,-46,-51,-38
-20,-66,-21,38,13,-49,37,34,-27,-37,-49,-47
-24,-69,-38,29,-1,-48,30,11,-17,-41,-45,-32
4,-60,-39,15,15,-43,38,14,-3,-30,-49,-33
-32,-44,-55,47,-6,-36,21,34,-18,-34,-61,-28
-5,-39,-18,30,3,-58,31,2,-6,-49,-21,-33
-18,-61,-46,25,25,-38,12,4,-30,-24,-70,-50
-14,-44,-29,2,-10,-40,31,37,-44,-23,-49,-40
-10,-51,-28,42,7,-32,43,25,-2,-60,-54,-36
-13,-56,-19,36,1,-41,14,40,-8,-32,-47,-55
-51,-34,-30,32,-12,-50,9,14,-12,-31,-50,-36
-13,-59,-21,21,11,-31,33,24,-35,-49,-49,-37
-7,-37,-29,20,18,-56,-7,29,-13,-22,-27,-13
-8,-25,-29,33,13,-45,18,16,-16,-44,-32,-49
-2,-60,-31,9,-5,-39,30,23,-32,-40,-54,-32
-25,-49,-31,44,9,-9,22,12,-32,-48,-44,-37
-21,-39,-33,47,15,-23,5,30,-12,-55,-55,-33
-30,-54,-39,17,-2,-53,29,20,-4,-23,-37,-26
-6,-30,-44,41,16,-37,-16,11,0,-14,-40,-11
-23,-51,-38,26,7,-59,28,16,-5,-30,-41,-31
-14,-48,-28,23,3,-44,44,18,-1,-41,-40,-12
-32,-54,-17,12,-11,-18,24,15,-3,-32,-32,-30
-35,-51,-27,30,-11,-38,30,28,-26,-16,-43,-36
-18,-23,-21,34,2,-49,23,-4,-12,-23,-23,-27
-11,-27,-18,31,1,-49,5,31,-9,-15,-29,-33
-12,-41,-46,19,4,-49,25,15,-27,-52,-57,-12
-27,-36,-26,22,-1,-46,9,4,-11,-13,-33,-10
-30,-43,-27,23,9,-18,10,30,-7,-7,-47,-36
-20,-52,-17,21,-1,-43,23,20,-11,-21,-33,-24
-22,-45,-31,30,2,-19,17,23,1,-23,-37,-33
-5,-26,-34,34,-5,-21,3,27,-20,-30,-36,-42
-7,-51,-34,5,5,-46,8,0,-23,-12,-45,-19
-8,-32,-25,27,9,-47,16,24,-29,-18,-22,-20
-24,-41,-8,30,13,-27,-2,39,-24,-37,-28,-21
-22,-34,-26,6,23,-26,6,-4,-14,-26,-43,-34
-20,-20,-3,25,2,-24,7,-1,-23,-24,-30,-44
-19,-15,-22,30,-7,-32,-14,-10,-3,-44,-32,-17
-15,-27,-37,22,6,-27,9,28,-37,-31,-49,-18
-11,-28,-11,10,-2,-18,30,-1,-34,-14,-11,-23
-11,-53,-10,5,-6,-44,16,-13,-12,-24,-31,-7
-12,-37,-28,17,-19,-17,5,12,-14,-53,-17,-12
5,-47,-11,45,17,-30,26,1,-16,-43,-32,-10
-35,-27,-18,13,27,-22,14,1,-4,-21,-48,-34
-2,-14,-22,22,8,-56,29,8,-10,-38,-36,-29
3,-29,-9,14,4,-18,19,0,1,-34,-38,-28
5,-24,-29,25,3,-31,25,15,-22,-29,-29,-19
-23,-29,-22,38,-11,-35,29,-10,-7,-13,-34,-11
-10,-54,-17,14,16,-30,6,17,-10,-21,-44,-27
-3,-14,-11,9,2,-18,18,26,13,-25,-35,-19
-13,-27,-17,27,26,-42,17,38,-14,8,-25,-27
4,-17,-35,11,0,-8,15,22,-19,-33,-28,-17
-10,-32,-26,-10,4,-24,10,5,-11,-13,-29,-5
-3,-29,-12,0,25,-19,7,9,2,-13,-22,-17
-7,-36,-13,24,1,-12,34,12,-18,-26,-33,-24
-6,-17,-11,1,-15,-15,33,2,-8,-19,-25,-36
2,-39,-15,26,15,-26,13,13,-10,-15,-31,-2
-21,-27,-8,2,6,-5,-6,18,-16,-20,-39,-5
2,-30,-21,-1,-10,-27,6,-2,-21,-24,-15,-25
11,-11,-29,2,11,-31,34,-10,-21,-28,-29,-11
-9,-32,-33,17,0,-18,30,26,8,-16,-13,-17
-17,-11,-13,20,2,-22,9,3,11,-30,-12,-41
-15,-23,-8,26,9,-13,23,20,-14,-15,-36,-11
-16,-13,-9,13,9,-20,16,6,-9,-5,-38,-9
9,-34,-23,20,9,-15,12,21,12,-27,-46,-28
2,-38,-24,5,8,-32,5,13,-2,-7,-36,-2
2,-33,-9,18,13,-31,6,16,-4,-6,-32,-13
17,-51,-17,15,1,-24,21,7,9,-29,-13,3
4,-39,-10,45,13,-3,20,-1,-15,-36,-14,-18
-3,-11,-11,41,-21,10,23,13,1,-17,-19,-10
2,-16,3,22,-6,-7,5,7,-1,-27,-46,-10
0,-37,-22,20,22,-30,13,6,-8,-11,-21,-3
-16,-27,-36,9,-1,-9,12,10,-15,8,-27,-20
-30,-3,-27,9,-2,-19,7,-7,-1,-27,-21,-4
-1,-27,-41,0,14,-17,7,21,2,-18,-64,-12
-2,-34,-24,10,-11,-6,13,2,-21,-21,8,-9
-1,1,-6,9,-6,-27,5,-6,9,-33,-22,-7
-11,-35,-43,-5,-9,-5,3,2,2,-34,-21,-2
-3,-31,8,-1,17,-26,22,11,5,-25,-19,-7
-7,-37,-12,13,2,10,27,35,0,-11,-9,-7
-7,-41,-17,16,11,-21,25,17,4,-22,-4,-30
-24,-23,-6,11,5,-8,18,1,-5,-1,-42,-18
-37,-38,-34,7,14,-17,5,14,-12,-15,-34,-13
6,-29,-1,12,-1,-18,6,-6,-11,-15,-32,-8
-10,-1,6,0,2,-29,5,0,-11,-15,-31,-11
-4,-5,-27,-2,-3,-6,21,-2,-9,-10,-9,-3
-4,-31,6,14,7,-25,-3,11,-12,-28,-11,3
-18,-22,-12,6,-15,2,-2,36,-28,-18,-54,-38
-16,-28,-5,-2,15,-20,39,-9,-2,-13,7,-7
-5,-15,-28,29,6,-16,23,-1,-7,-13,-25,-5
-29,-2,-11,23,-3,-23,5,-5,8,-20,-15,11
-2,-23,-5,0,15,-9,3,-2,2,-19,-23,-15
-24,-16,-8,31,25,-22,15,5,-5,9,-17,-7
1,-33,-4,21,5,-16,13,11,-27,-23,-6,-9
-14,-38,-7,31,-7,-32,13,2,1,-13,-1,-5
-21,-8,-10,25,11,-6,6,8,-1,-14,-26,-7
-1,-5,-7,28,-6,-16,10,5,-3,14,-14,-34
5,-9,8,1,-31,-14,-2,-1,-8,-15,-11,-11
16,-3,-16,24,4,3,36,1,-9,3,-28,-15
-5,19,-7,20,-14,-11,6,-4,-17,-27,-18,3
-4,-4,-8,10,-8,-2,4,1,-15,-3,-7,-7
-7,-10,6,10,5,-10,-18,10,-1,-6,-2,36
14,8,7,17,24,25,-20,1,-7,-21,-2,17
2,2,-17,18,13,-21,7,1,-5,13,4,30
10,-7,1,28,16,-9,11,1,7,-5,-8,-5
6,-3,11,-1,-23,5,-10,-34,3,-8,-10,1
5,-4,-5,-11,14,2,-16,-16,-9,-27,-3,21
-4,3,-2,-12,-8,12,16,-12,-2,13,0,-10
5,15,-2,-8,-4,14,-2,-3,2,1,22,20
10,16,-4,-7,2,-23,4,10,-14,19,18,7
11,1,8,0,-2,14,-11,-14,11,16,-13,21
-11,9,2,-29,3,5,22,-1,-1,3,13,-2
0,25,-3,-19,-9,12,-7,-28,1,12,19,1
22,31,21,-17,14,15,8,5,26,7,18,14
-6,28,14,-23,-14,1,-24,-20,2,36,47,23
25,27,16,-27,3,30,9,-28,9,31,30,42
14,14,43,-2,19,30,-8,-11,16,39,30,48
11,51,26,-15,1,20,-21,-19,6,25,28,46
5,51,30,-35,-13,40,-25,-24,35,40,24,34
10,65,16,-26,-12,23,-14,-25,11,36,47,27
30,42,44,-22,-5,28,-31,-23,38,34,57,24
0,57,37,-46,-19,40,-52,-30,14,38,60,38
40,77,55,-34,-7,59,-35,-38,32,42,38,41
41,75,53,-49,-11,65,-27,-29,26,39,73,56
12,77,58,-45,-24,68,-44,-50,39,56,58,48
18,94,46,-40,-5,38,-9,-38,27,62,85,89
25,87,57,-51,-39,61,-60,-27,42,51,94,69
28,86,59,-67,1,77,-45,-34,30,87,83,55
56,112,60,-74,-34,78,-74,-48,12,81,93,59
55,125,88,-86,-23,120,-57,-38,39,65,114,69
45,114,74,-71,-11,75,-85,-66,36,102,110,68
44,105,105,-96,-15,101,-75,-35,46,86,116,91
36,139,97,-87,-31,99,-47,-63,53,90,123,89
33,144,88,-110,-49,100,-98,-56,55,98,126,116
45,126,86,-90,-8,127,-80,-37,41,113,134,94
48,153,89,-118,-3,139,-78,-79,31,95,148,107
45,151,103,-107,-45,126,-84,-59,48,125,144,103
76,137,132,-91,-32,124,-99,-74,62,119,166,136
60,163,98,-97,-42,139,-80,-69,61,114,162,134
68,196,115,-115,-27,149,-94,-80,38,116,168,118
68,205,117,-109,-25,152,-119,-50,60,132,170,140
42,221,123,-138,-27,126,-117,-83,38,159,164,143
66,204,113,-152,-4,167,-110,-62,47,143,174,142
76,206,144,-168,-33,160,-89,-76,78,144,182,126
89,214,130,-143,-33,184,-113,-95,72,165,193,157
63,215,116,-142,-44,162,-119,-102,46,163,180,181
105,228,147,-134,-31,166,-123,-115,71,176,218,156
80,225,153,-146,-31,187,-120,-103,76,151,203,171
56,233,165,-141,-44,187,-113,-70,46,156,192,160
89,231,134,-178,-42,202,-124,-98,53,175,202,181
85,249,142,-138,-56,192,-117,-101,92,196,224,160
76,244,155,-196,-52,207,-127,-90,93,177,220,142
72,244,158,-167,-27,203,-121,-105,75,187,214,172
86,234,150,-169,-22,214,-140,-108,75,176,206,181
99,242,139,-173,-30,207,-123,-99,82,187,237,184
89,252,179,-146,-21,187,-132,-109,76,180,213,182
82,256,141,-165,-32,231,-133,-111,62,202,213,155
90,259,180,-158,-35,209,-130,-98,91,170,217,170
77,243,191,-177,-26,204,-152,-116,75,180,240,182
79,220,176,-173,-30,240,-114,-115,78,190,226,180
79,244,158,-179,-22,203,-139,-112,74,191,256,169
75,252,168,-163,-30,203,-139,-104,75,172,199,165
87,253,158,-150,-40,209,-129,-78,82,195,202,161
68,240,149,-169,-48,181,-128,-97,76,176,199,191
80,220,162,-166,-31,178,-143,-111,84,191,194,166
97,228,116,-168,-36,187,-117,-96,71,178,212,122
84,259,143,-156,-25,196,-138,-90,65,170,209,197
91,223,142,-145,-40,212,-115,-102,78,166,201,145
95,202,144,-159,-43,183,-112,-96,49,165,207,164
73,223,151,-143,-44,181,-117,-82,58,169,210,157
71,206,134,-147,-34,179,-122,-98,58,159,174,123
87,206,151,-155,-20,168,-117,-73,50,179,192,177
56,193,111,-131,-16,157,-121,-78,71,146,173,137
72,186,114,-174,-4,182,-91,-60,58,140,167,133
69,173,125,-118,-20,170,-96,-74,48,142,168,105
65,155,120,-98,-16,161,-105,-60,50,133,143,125
59,168,94,-107,-46,160,-79,-58,49,127,173,115
58,145,104,-114,-26,129,-78,-57,47,138,159,143
31,147,90,-92,-26,134,-66,-65,50,136,132,142
23,145,88,-108,-23,143,-78,-66,37,121,122,100
40,135,92,-109,-13,123,-79,-57,26,86,135,93
39,125,85,-88,-17,120,-63,-63,27,116,134,103
45,123,96,-92,-33,91,-64,-44,42,120,120,109
20,133,85,-62,-24,91,-76,-48,19,96,120,95
31,120,76,-73,-6,89,-61,-16,64,92,130,91
13,105,77,-86,-22,89,-65,-40,44,92,89,68
29,96,59,-68,-29,74,-45,-40,27,107,99,71
34,88,61,-52,12,84,-51,-43,21,64,106,71
40,76,77,-53,-28,64,-66,-19,29,57,68,47
44,71,58,-44,-28,73,-31,-43,25,69,69,50
19,92,45,-39,-19,48,-49,-20,20,82,70,59
34,78,57,-72,16,45,-26,-30,17,59,69,55
36,76,45,-60,-19,53,-40,-35,13,43,45,65
15,64,40,-49,-6,56,-56,-33,3,68,58,45
31,43,27,-47,-12,53,-44,-36,23,52,43,71
19,50,16,-23,-10,43,-21,-47,-1,45,51,40
11,66,36,-27,1,36,-30,-36,13,31,45,31
16,50,37,-18,3,38,-25,-23,1,22,60,32
13,46,24,-15,-7,52,-27,-15,16,43,44,32
15,40,25,-37,-2,34,-27,-20,-3,48,59,39
-2,35,43,-21,-9,28,-27,-17,4,33,38,23
16,23,35,-36,3,40,4,-18,14,52,23,38
4,41,28,-26,-25,45,-32,8,24,23,41,33
-2,29,-3,-17,-10,28,-34,-13,11,22,25,26
26,22,-3,-18,5,35,-9,-24,-6,23,21,17
0,20,-5,-30,-8,31,-21,-18,-3,30,27,-4
-3,18,9,-6,-20,6,-20,-5,37,26,14,-2
11,29,2,19,24,24,-10,-3,36,29,14,14
18,43,-1,-18,-8,43,-10,-17,-2,18,12,14
10,8,5,-39,-5,-2,-1,-5,14,2,19,16
-3,8,-3,-12,-2,39,-27,-34,30,30,2,18
2,20,6,-11,-6,13,-29,-2,10,29,6,21
6,-4,7,-17,0,24,-11,-2,2,18,6,8
6,8,2,-13,-17,20,15,10,3,3,11,14
0,1,27,-20,8,24,2,1,7,13,1,10
-6,-15,3,-8,8,12,14,0,11,25,18,4
-3,15,-3,-21,-28,7,1,-6,-3,-5,13,9
-10,-1,-11,-17,-5,4,-14,4,21,12,6,-9
-9,7,9,-4,-3,22,-16,4,-4,-16,-14,6
15,3,12,0,-17,31,12,2,-27,22,-6,17
2,22,30,1,11,25,-13,3,19,4,12,-10
1,-1,17,-20,-14,8,-12,-12,-8,2,0,11
-2,0,12,-12,12,13,-13,2,3,-1,19,15
14,5,9,-1,-1,20,-16,-9,1,9,0,4
2,13,22,-12,-24,1,2,0,4,12,-7,11
1,3,2,15,1,2,-31,2,-3,2,10,-5
3,9,-5,-1,-6,1,-23,-12,6,6,14,-11
2,12,-6,9,-3,-2,-4,0,10,0,12,-15
15,16,-11,12,14,-10,18,-24,1,7,-11,-14
0,26,10,-11,-14,-10,-2,-16,-1,-13,10,-1
-11,-10,5,6,3,-2,13,12,-1,-15,-19,-6
8,-5,-23,-1,7,-7,18,2,-10,-13,3,-8
-27,-38,-17,17,4,-25,15,16,-12,-3,-14,-5
-39,-30,-18,23,17,-9,18,2,5,-20,-20,-21
-11,-37,-8,17,20,-51,30,-1,-8,-31,-42,-21
-14,-21,-3,21,-4,-20,11,14,-10,-47,-47,-15
-27,-64,-37,18,3,-35,15,10,-12,-26,-51,-27
-30,-69,9,33,6,-54,13,22,2,-62,-65,-38
-38,-71,-45,46,11,-56,20,36,-25,-53,-79,-32
-35,-62,-56,53,16,-60,40,26,-18,-53,-60,-60
-26,-83,-59,69,12,-75,42,47,-41,-37,-102,-61
-15,-106,-61,66,8,-86,59,37,-36,-82,-85,-75
-45,-119,-61,77,33,-84,48,44,-28,-83,-74,-61
-34,-109,-55,84,14,-80,58,39,-28,-89,-90,-94
-34,-116,-78,64,15,-91,71,48,-16,-102,-109,-100
-70,-140,-83,106,3,-121,72,54,-29,-75,-126,-89
-65,-144,-82,89,10,-100,64,63,-30,-66,-148,-95
-37,-113,-113,91,9,-104,74,36,-34,-79,-117,-85
-31,-124,-89,101,7,-98,69,65,-17,-92,-102,-96
-53,-124,-67,87,12,-92,65,45,-23,-75,-80,-98
-27,-78,-74,81,14,-100,40,40,-4,-70,-107,-90
-10,-74,-54,67,2,-66,51,30,-12,-56,-67,-37
-2,-68,-55,44,0,-72,9,40,-26,-25,-52,-43
-15,-19,-46,26,-1,-15,21,29,-7,-14,-13,-22
-9,15,6,-12,11,3,-27,-1,-14,2,-16,15
31,34,41,-30,-9,74,-41,-27,-6,43,62,25
33,124,77,-57,-18,77,-35,-37,29,78,117,99
64,171,86,-118,-34,130,-107,-58,78,130,138,112
74,221,124,-160,-55,166,-97,-81,67,176,185,150
83,289,192,-207,-24,235,-172,-98,96,225,266,197
153,342,251,-241,-43,308,-189,-145,106,265,324,245
145,431,297,-311,-73,375,-240,-176,133,333,389,300
189,519,322,-358,-87,432,-290,-193,158,376,480,335
213,592,377,-410,-84,490,-354,-234,157,447,531,420
230,687,436,-446,-123,535,-386,-261,186,504,616,460
250,739,500,-507,-106,614,-401,-292,245,570,676,509
263,822,527,-548,-97,668,-439,-345,259,615,742,564
323,880,578,-585,-106,753,-491,-369,260,649,792,594
334,941,610,-644,-146,782,-528,-369,280,708,842,648
348,989,638,-671,-131,798,-547,-387,278,732,891,703
349,1003,657,-691,-154,836,-556,-415,294,754,921,708
343,1036,651,-697,-140,862,-563,-422,305,766,921,718
367,1050,670,-705,-153,853,-585,-422,295,769,931,699
354,1030,670,-711,-162,843,-565,-416,323,781,921,711
357,1005,639,-677,-138,842,-563,-396,296,771,899,702
334,982,624,-643,-152,822,-538,-401,295,722,892,678
317,926,627,-622,-123,766,-517,-356,271,697,845,647
293,868,583,-572,-126,744,-494,-320,268,652,781,586
286,807,532,-537,-124,656,-443,-312,257,627,729,574
246,712,480,-504,-102,611,-400,-305,227,552,661,509
216,664,428,-435,-91,554,-345,-239,169,496,587,456
202,562,374,-383,-65,468,-320,-236,171,434,528,404
152,477,319,-333,-68,415,-247,-185,142,365,439,336
150,405,247,-270,-58,319,-206,-174,118,274,360,266
121,336,208,-193,-49,258,-150,-119,104,247,262,219
85,220,140,-130,-17,190,-132,-93,76,185,225,172
62,148,89,-111,-45,129,-78,-60,60,121,172,121
-2,99,84,-60,-30,80,-56,-56,16,76,97,51
26,29,14,-3,13,17,-29,-37,3,24,37,47
11,-39,-15,17,12,-51,19,-4,-18,-12,-38,-13
-13,-67,-55,39,-9,-56,39,21,-14,-55,-78,-51
-33,-123,-64,89,35,-103,36,51,-60,-99,-97,-65
-66,-156,-108,104,25,-129,91,50,-36,-112,-151,-116
-63,-193,-116,131,30,-170,103,75,-59,-132,-152,-134
-76,-183,-152,131,31,-178,106,82,-22,-153,-209,-141
-83,-221,-138,139,27,-178,125,87,-47,-143,-207,-154
-70,-263,-143,143,37,-182,130,103,-82,-166,-225,-161
-85,-223,-145,152,46,-193,137,92,-58,-164,-227,-190
-59,-217,-132,164,36,-191,133,92,-62,-194,-211,-165
-67,-219,-145,136,33,-171,119,76,-52,-163,-218,-152
-99,-222,-158,156,45,-189,132,85,-51,-169,-192,-170
-85,-200,-121,127,44,-167,112,79,-69,-161,-183,-157
-65,-205,-104,142,-4,-147,91,95,-29,-157,-169,-125
-52,-166,-112,122,6,-138,94,71,-40,-129,-152,-135
-61,-155,-99,120,16,-119,80,68,-44,-131,-154,-98
-30,-146,-91,97,18,-115,57,62,-35,-133,-148,-101
-45,-126,-85,90,24,-88,71,52,-29,-90,-100,-91
-14,-112,-83,74,0,-83,48,34,-35,-66,-114,-82
-14,-84,-64,64,7,-68,64,49,-57,-86,-72,-51
-27,-74,-32,52,17,-47,26,27,-33,-51,-44,-40
-6,-60,-30,33,20,-33,26,24,-15,-44,-59,-39
-19,-43,-12,18,11,-44,26,3,-13,-35,-39,-39
-9,-35,-9,25,12,-27,28,11,-3,-15,-30,-34
-12,-48,-9,8,-1,-27,13,13,2,0,-29,-31
-18,-5,-13,18,3,3,21,4,1,-21,-6,-19
8,-23,10,8,-11,-11,16,-7,5,-14,1,4
9,-8,-14,-2,2,3,-5,-31,-12,-4,20,0
-18,7,-14,-2,-17,26,-5,2,-25,-18,9,15
13,11,-5,9,-7,3,-4,-8,1,-13,-2,-9
10,18,10,-23,-3,4,7,2,4,17,-15,7
0,10,5,0,1,14,16,-17,1,21,-3,-14
21,16,20,-26,-10,12,9,-15,8,0,-9,7
-13,25,6,-37,-30,5,-17,-8,10,3,11,-3
16,8,13,-11,-2,16,-4,-12,11,1,22,12
2,10,1,-21,1,-10,-22,-17,14,5,12,13
-1,30,22,-23,-27,16,-27,-6,-12,24,1,11
-6,10,21,-10,6,28,-17,-3,4,43,3,10
-12,22,21,-18,4,15,-21,-9,3,28,9,-2
25,38,-3,0,1,5,-13,-27,-5,25,10,11
0,11,9,-24,20,32,-4,-2,29,14,40,-3
-2,28,22,-20,-17,5,2,-15,-5,4,22,35
-3,34,30,-18,2,25,-15,-4,11,27,22,-1
11,39,5,-38,-29,21,-1,-8,18,-8,14,24
12,-2,21,-41,-28,20,-26,-6,25,19,16,22
-6,9,3,-25,-1,29,-7,-1,24,10,18,25
-4,41,17,-26,4,26,-12,-17,6,9,25,31
16,24,12,-11,0,10,-27,-24,25,22,5,23
17,22,13,-30,14,35,-24,-25,19,24,15,37
4,43,37,-6,-1,35,-3,-7,-21,14,11,39
0,19,17,-24,6,32,-22,-13,12,25,25,9
13,6,21,-29,6,9,-19,2,12,23,35,19
1,33,12,-24,-6,37,-28,-19,13,24,25,15
27,59,32,-18,-19,31,-21,9,27,17,30,18
5,26,5,-44,-28,39,-24,-22,-6,19,50,37
16,31,24,-32,0,18,-25,-19,1,25,46,33
25,26,31,-26,-17,29,1,-27,18,38,40,18
11,38,4,-33,-2,42,-20,1,5,41,23,12
25,33,29,-26,11,44,-36,-29,10,44,37,14
18,55,29,-41,-17,22,-27,-14,5,33,38,31
12,49,25,-25,-20,34,-23,7,12,2,52,38
19,59,16,-21,-8,53,-14,-14,21,33,26,38
23,50,20,-19,-5,34,-6,-4,13,32,40,28
18,47,21,-25,-1,42,-21,-28,28,27,45,49
16,48,31,-36,10,48,-23,-13,5,22,39,46
31,50,41,-7,0,41,-17,-17,5,51,61,48
8,60,37,-29,-11,42,-28,-11,27,32,68,44
34,37,28,-49,-40,45,-19,-35,30,33,43,45
30,72,35,-55,-23,43,-38,-24,43,53,61,29
34,54,44,-8,-12,50,-33,-18,8,63,69,40
28,88,34,-69,0,36,-24,-35,14,27,81,29
31,59,52,-58,-16,45,-66,-24,6,45,71,60
38,87,27,-53,-15,31,-15,-32,47,48,67,58
38,53,42,-70,-8,91,-29,-5,32,39,74,38
19,74,36,-38,-27,63,-50,-45,21,93,80,42
28,67,34,-45,-14,60,-42,-23,18,36,63,56
3,69,45,-54,-15,78,-49,-29,11,71,72,57
36,77,51,-57,-8,63,-64,-40,39,69,46,83
23,85,42,-66,-4,48,-53,-32,17,54,79,60
20,97,56,-79,-29,48,-54,-75,26,76,87,44
3,94,42,-67,-8,54,-68,-40,23,67,82,62
35,88,67,-73,-31,83,-50,-32,52,89,117,72
17,117,62,-64,-32,99,-47,-31,32,96,100,71
56,101,74,-54,-40,78,-70,-36,15,82,102,65
20,91,71,-71,0,82,-68,-36,38,78,103,56
15,129,67,-85,-37,96,-49,-41,20,89,100,86
32,113,71,-91,-14,107,-61,-34,38,88,121,74
44,151,83,-93,-3,87,-61,-64,31,109,105,105
47,132,89,-78,-37,96,-75,-58,23,100,130,89
35,155,97,-103,-12,128,-67,-50,26,87,118,117
46,140,82,-94,-11,101,-71,-38,40,95,119,85
44,139,103,-103,-15,110,-88,-76,44,125,136,107
55,171,102,-112,-27,114,-88,-61,49,119,121,122
35,162,106,-118,-19,116,-99,-76,60,113,149,100
66,159,111,-115,-35,142,-91,-56,38,132,142,119
51,180,118,-110,-21,159,-98,-78,37,109,146,117
58,146,107,-106,-28,139,-113,-72,44,124,160,131
53,186,105,-123,-36,145,-113,-83,49,157,163,127
60,192,112,-132,-22,156,-104,-69,72,129,175,127
81,211,124,-132,-29,153,-110,-95,47,151,179,135
66,193,131,-141,-33,165,-121,-59,70,165,187,149
40,204,136,-142,-28,153,-123,-77,55,153,185,154
79,215,120,-161,-62,163,-119,-83,59,127,181,168
69,223,130,-150,-31,189,-114,-86,69,150,205,159
80,241,150,-170,-54,204,-100,-74,92,176,215,158
84,233,173,-147,-56,186,-125,-76,66,180,192,170
96,249,177,-165,-43,203,-111,-92,67,178,217,163
90,231,175,-186,-27,203,-136,-105,84,199,223,192
112,254,188,-159,-29,226,-115,-112,83,183,245,165
107,271,170,-185,-45,203,-131,-137,59,188,224,199
79,253,169,-191,-25,218,-128,-109,73,199,250,214
91,273,180,-185,-52,219,-175,-88,67,210,263,169
123,263,199,-208,-46,218,-164,-120,60,206,241,193
105,298,188,-184,-29,231,-153,-118,78,213,239,213
111,286,143,-209,-55,226,-150,-138,78,208,247,209
108,312,201,-217,-28,222,-187,-120,90,206,300,191
107,303,203,-207,-56,269,-168,-110,104,231,288,226
116,333,216,-196,-64,273,-160,-142,100,236,272,227
109,329,211,-219,-60,245,-176,-146,88,226,286,231
134,342,222,-226,-67,293,-196,-135,92,242,292,240
124,343,206,-239,-81,288,-197,-134,105,246,301,235
129,346,243,-242,-52,287,-183,-151,85,221,323,235
140,327,231,-236,-50,275,-168,-119,102,238,313,240
139,356,225,-243,-50,286,-192,-111,108,254,328,251
128,335,233,-242,-53,264,-207,-152,111,274,342,249
126,360,235,-260,-59,295,-199,-145,118,273,350,263
138,360,246,-266,-54,297,-206,-155,110,254,322,263
139,388,249,-265,-53,337,-209,-146,128,275,333,281
125,374,249,-276,-75,330,-204,-135,126,283,337,274
154,380,241,-252,-80,327,-208,-166,140,297,351,279
128,398,247,-269,-72,325,-221,-133,114,286,349,282
152,428,245,-271,-55,320,-209,-169,115,305,351,292
140,388,266,-284,-42,339,-212,-150,130,299,378,307
140,385,259,-283,-65,356,-231,-157,114,318,352,276
148,421,274,-275,-68,333,-227,-157,125,298,367,284
135,420,289,-289,-68,345,-227,-174,110,299,372,286
160,439,257,-272,-78,365,-242,-161,92,316,370,297
148,444,273,-292,-36,356,-221,-175,131,331,378,302
151,459,272,-284,-70,357,-233,-172,153,308,350,312
148,428,277,-277,-71,348,-226,-148,119,308,381,301
146,414,268,-280,-59,352,-236,-172,125,327,385,311
164,425,278,-276,-63,351,-205,-168,134,320,388,307
152,438,261,-296,-66,354,-216,-187,124,338,375,288
146,416,249,-308,-72,370,-234,-179,130,313,386,290
164,441,276,-296,-82,341,-246,-168,142,325,382,305
153,443,288,-291,-47,353,-254,-159,153,328,373,301
172,440,267,-273,-63,363,-239,-167,152,322,382,317
167,431,290,-296,-71,360,-231,-189,128,306,375,299
158,444,275,-290,-62,349,-238,-175,115,339,374,308
155,462,300,-294,-74,366,-223,-162,135,321,386,307
167,423,299,-300,-57,349,-227,-181,132,309,377,308
154,434,296,-276,-56,361,-246,-190,129,336,391,290
163,420,281,-290,-60,343,-234,-177,137,311,388,302
165,418,263,-294,-80,374,-240,-197,124,329,378,310
146,443,264,-305,-65,359,-224,-169,135,286,387,321
148,420,295,-274,-73,343,-229,-166,139,340,387,296
153,411,280,-279,-48,348,-228,-174,126,305,378,293
145,406,282,-277,-62,339,-236,-155,124,311,368,277
149,421,285,-280,-50,363,-229,-179,121,306,363,284
142,422,254,-287,-62,330,-234,-174,123,293,379,296
130,400,268,-291,-64,320,-232,-139,115,291,373,286
121,410,273,-271,-74,342,-204,-163,134,292,352,263
132,376,240,-289,-59,335,-216,-154,116,303,359,262
139,387,257,-272,-71,333,-239,-174,109,290,347,270
136,400,253,-278,-65,328,-207,-151,138,295,352,263
128,384,257,-267,-38,284,-220,-165,97,294,345,279
133,383,218,-271,-42,315,-219,-169,100,305,347,237
145,378,266,-269,-49,329,-217,-164,114,272,332,253
106,359,242,-251,-49,290,-202,-151,118,282,341,253
143,353,221,-262,-44,299,-197,-167,99,260,348,253
136,361,206,-216,-53,296,-192,-130,109,250,319,251
105,346,252,-237,-34,294,-194,-135,115,288,308,242
114,347,217,-229,-70,287,-177,-153,110,241,289,246
112,347,204,-193,-66,293,-182,-158,108,256,304,239
90,314,183,-229,-32,277,-169,-125,110,243,292,256
81,301,198,-219,-37,249,-183,-124,104,251,298,237
103,310,202,-223,-48,259,-164,-115,81,235,275,225
108,308,215,-208,-39,248,-178,-136,92,244,278,221
103,279,209,-209,-55,258,-185,-135,116,219,276,225
111,296,180,-201,-63,228,-153,-126,82,245,258,210
94,273,171,-224,-40,214,-167,-113,55,210,261,200
88,282,162,-182,-27,244,-154,-100,72,212,232,209
116,271,178,-175,-41,237,-136,-106,83,195,261,184
84,266,161,-176,-36,220,-145,-105,68,179,218,166
86,222,187,-177,-35,203,-144,-106,71,177,230,186
86,253,159,-152,-45,222,-133,-85,62,177,225,162
106,242,180,-163,-31,196,-118,-111,82,173,214,177
64,225,147,-178,-50,192,-103,-115,67,163,201,165
84,214,151,-127,-41,211,-119,-86,65,163,193,150
61,209,148,-168,-47,202,-99,-76,76,179,205,152
63,224,125,-136,-10,171,-117,-52,58,148,195,153
78,204,129,-139,-37,183,-98,-68,77,150,189,149
95,214,130,-168,-7,169,-111,-102,39,126,189,115
90,195,124,-125,-21,153,-108,-82,63,136,171,132
65,186,145,-126,-6,150,-83,-77,61,135,197,127
52,168,115,-119,-16,153,-111,-88,82,133,159,122
85,164,110,-114,-42,142,-99,-62,48,129,167,114
66,150,118,-132,-29,143,-101,-79,65,115,150,121
34,171,77,-106,-17,125,-104,-65,61,108,124,118
65,155,108,-93,-16,99,-92,-74,36,119,150,87
48,159,99,-86,-26,111,-85,-99,27,101,136,108
45,124,97,-64,-12,98,-93,-55,40,111,111,100
51,137,76,-107,-31,118,-71,-56,30,114,124,115
43,138,75,-109,-20,108,-73,-52,50,129,119,84
49,145,74,-88,-26,109,-62,-51,52,98,123,85
23,134,82,-79,9,83,-54,-44,52,72,112,106
33,114,74,-58,-39,94,-71,-55,30,85,121,90
31,104,44,-66,-18,102,-62,-68,26,67,85,79
32,117,60,-70,-14,118,-60,-47,30,74,102,59
34,119,56,-63,-17,86,-68,-16,44,69,121,86
28,81,63,-78,-3,61,-79,-46,18,80,95,63
32,98,85,-56,-22,95,-43,-33,42,67,107,73
32,89,78,-60,10,81,-41,-42,19,72,73,72
9,68,53,-66,-1,62,-57,-30,15,70,81,50
17,76,67,-51,-16,90,-46,-42,39,44,68,51
29,83,57,-62,-10,53,-54,-20,40,54,76,56
17,56,61,-58,1,53,-61,-16,9,32,60,48
10,68,12,-42,-10,78,-28,-20,35,56,78,50
22,67,44,-52,6,27,-29,-44,25,57,60,62
36,52,44,-49,-3,46,-28,-7,11,21,46,57
24,55,9,-54,-29,59,-32,-19,35,52,69,59
6,57,35,-43,8,24,-12,-29,11,42,25,37
11,47,39,-56,6,30,-18,-41,5,46,65,19
-6,66,52,-24,-9,20,-25,-25,11,48,39,48
24,43,56,-28,-14,51,-28,-22,-9,27,50,8
14,42,27,-17,-13,47,-36,2,-2,11,48,36
43,10,29,-25,0,32,-7,-17,19,50,23,18
32,52,34,-23,-13,45,7,-27,26,43,30,21
37,2,13,-28,5,22,-25,-2,3,41,22,16
7,21,18,-25,-13,7,-19,-49,-2,39,34,12
16,20,29,-34,-15,43,-9,-36,13,39,39,31
16,34,22,-21,-13,14,-13,-15,11,18,35,26
10,32,14,-16,-7,31,-17,5,15,31,48,29
14,37,-10,-6,-8,19,-24,-7,16,10,27,18
19,25,13,-28,25,44,-12,-22,16,11,46,6
13,6,10,-37,0,22,-30,-23,17,9,32,31
-3,33,10,-34,16,13,-21,-9,-3,3,8,17
8,36,18,-30,2,18,-14,-19,-6,37,45,15
-3,45,-2,-18,-8,-3,2,-9,19,5,21,16
-3,44,-3,-17,-5,11,-31,-21,-3,26,36,9
25,39,14,-1,-11,5,-17,-11,0,2,8,4
12,44,21,-32,-13,-3,-7,-13,-13,31,-12,40
-22,18,15,-8,-6,3,-5,-16,-8,14,23,6
-32,3,20,-14,6,12,-29,-26,-3,8,3,-3
-6,23,5,-2,1,10,-21,-1,39,47,20,0
10,15,25,-20,-3,10,-17,10,-7,14,28,15
3,11,14,-19,-11,24,-10,-4,9,8,24,17
-1,11,29,-23,-14,13,-5,-9,13,14,10,26
20,-7,23,0,-7,31,-22,-22,17,13,14,1
-4,22,20,7,11,20,11,-11,-2,-9,-11,-16
5,10,24,-24,8,35,-15,17,-4,17,15,16
-27,15,17,-20,-12,34,-6,-5,-12,27,12,12
24,9,19,-23,-8,37,0,6,4,15,14,-3
5,24,8,-5,-9,25,-3,12,19,10,3,22
-1,0,10,-17,8,-13,-14,-10,-8,22,23,36
3,31,31,9,13,13,-4,-15,17,0,20,5
-3,5,1,-7,9,19,-7,-10,-6,21,14,-8
-2,14,-8,-10,11,4,-8,-12,-1,20,20,18
1,35,19,-34,-6,19,-22,-7,5,39,12,2
-3,26,6,-8,-5,29,-14,4,12,0,38,15
-2,15,6,-14,-2,3,-4,-11,-11,6,17,6
4,11,10,-25,6,19,-28,-7,-10,-13,4,15
14,22,20,-18,-8,-4,-3,-11,5,26,25,13
16,5,16,-9,-14,14,-13,-23,3,14,8,26
-20,31,14,-27,6,20,-14,-35,11,1,16,4
18,29,8,-4,8,32,-4,-6,-3,11,15,-1
-6,17,11,-16,-2,16,-21,11,-1,7,-3,5
11,23,12,-22,-6,8,20,-3,17,5,15,3
16,17,-20,-21,-21,18,20,28,13,4,11,17
-19,19,26,-4,5,12,-7,14,1,8,30,19
13,39,16,-9,-20,-6,-20,-23,6,3,17,11
13,19,11,-6,-6,23,-4,-27,7,-2,28,11
8,20,29,0,6,24,-16,14,-11,8,9,13
22,13,12,-19,2,12,-19,-3,-13,-2,23,14
-6,2,0,-42,-1,34,-12,-24,-10,7,-10,30
20,24,18,-14,2,-1,-4,-5,22,17,18,27
14,51,14,-11,10,9,-13,-22,-2,21,13,21
-8,18,13,-13,-8,23,-17,-21,-9,15,0,18
6,41,27,-12,2,19,-1,0,8,12,12,5
5,3,17,-7,13,18,0,-13,25,6,11,6
24,17,11,-1,-25,14,-6,15,13,12,27,26
26,18,22,-31,-7,10,-16,4,-7,40,31,23
6,20,18,-15,20,14,-18,7,6,32,15,26
12,-11,18,15,1,33,-12,-13,0,10,14,3
18,15,-6,-16,-1,4,-18,-16,-10,4,28,10
12,36,23,-16,11,15,-7,-25,13,-7,22,-7
11,35,44,-15,-29,12,-8,1,17,31,30,-3
5,13,19,-52,-15,13,-39,-26,22,15,24,4
15,22,23,-23,6,12,-18,-26,14,44,33,24
13,34,-8,-7,-22,-2,-37,-33,1,26,31,25
-17,42,29,0,-2,18,-30,-4,10,26,30,14
9,3,23,-28,-15,12,-19,-16,11,25,13,20
8,25,5,-9,8,29,-31,-4,12,-2,-4,-1
7,14,22,-12,28,34,-22,-2,8,0,19,13
7,25,26,-2,-2,13,-13,-22,2,3,27,2
9,9,33,8,4,20,-27,-9,-19,18,25,20
20,33,18,-19,-13,15,-21,-17,12,18,17,9
11,27,16,-7,-9,11,-33,4,8,17,9,38
5,19,0,-28,-33,18,-41,0,-4,7,16,-1
15,53,22,-11,5,14,10,-27,12,28,36,10
20,43,10,-28,9,24,-24,13,7,26,11,9
4,31,4,-31,-4,11,-30,-1,18,10,18,32
-8,36,21,-18,7,23,-15,-4,18,39,10,16
1,37,14,-17,-27,13,-4,-36,8,12,19,13
21,9,41,-13,-13,29,-24,-26,-14,5,22,9
-3,34,2,-6,-10,21,-4,-7,-28,22,14,17
20,33,26,-9,-17,32,-23,-23,21,21,35,4
-1,23,30,-30,-9,18,-11,11,15,5,21,19
1,34,29,-11,-9,13,-32,-32,0,48,12,31
17,39,49,-22,26,53,-6,-14,18,23,63,9
-3,26,1,-29,-3,17,10,-19,31,14,18,1
0,31,26,7,-22,27,-23,-6,16,21,45,44
17,16,21,-22,-9,6,8,-12,24,8,15,31
14,45,22,-26,-12,22,-14,-12,-1,28,31,44
15,22,20,-18,-23,5,-17,-12,11,16,31,12
25,21,28,-31,7,8,-6,1,-7,1,37,43
22,32,13,-10,4,21,-24,4,-5,27,16,9
11,17,18,-7,-3,23,-21,-4,18,14,40,35
17,17,37,-16,-9,24,-13,11,-6,45,31,44
14,52,43,-17,-29,9,-8,-11,7,15,28,21
12,23,16,-16,-12,36,-4,-26,28,17,24,21
-10,24,-8,-10,3,35,-16,-22,10,16,24,9
6,41,24,-13,-11,16,-12,-25,8,32,52,11
-11,31,3,1,-6,36,-10,-9,-4,14,40,19
4,8,19,-17,7,26,-15,-8,-2,18,35,25
9,30,-5,-27,2,42,-18,-6,8,33,23,36
5,52,26,-19,-19,3,-7,-4,2,11,27,1
2,32,10,-34,-22,15,-10,-8,8,7,16,18
4,26,13,-13,-7,23,3,16,17,14,13,11
11,40,30,-1,-15,31,-8,-31,-10,42,13,23
-2,31,3,-9,-7,35,-16,-24,36,14,28,15
2,26,11,-48,-13,10,-28,13,-12,32,28,2
19,34,31,-24,5,-5,-36,-37,26,24,29,20
19,27,12,-25,5,17,-29,-8,-18,33,28,15
21,25,23,-33,-12,44,-25,8,-10,19,10,2
4,36,1,-25,-16,27,-9,-3,10,33,22,8
-1,42,34,-57,9,27,-20,-2,-3,20,38,15
-20,14,17,-19,-1,49,-7,-8,2,1,26,42
10,19,26,-35,-1,51,-27,-21,22,18,41,10
39,5,12,-39,-10,35,-21,-11,-1,20,10,15
10,52,39,-21,-6,13,-5,11,33,34,17,17
18,40,27,-14,5,10,-18,-1,4,30,35,27
4,43,27,-36,-5,31,-26,-17,8,22,30,28
-16,29,37,-30,-7,22,-16,-12,8,43,36,16
5,32,34,-22,4,42,-18,-13,2,22,11,20
0,51,14,-11,-6,30,-21,-11,7,40,15,16
16,43,28,-32,-1,28,-22,-17,14,26,34,32
12,46,47,-33,-8,49,-40,-16,-7,53,20,35
-8,34,26,-22,-21,10,-8,6,1,30,18,33
18,25,19,-30,2,15,-33,9,6,37,40,48
0,63,29,-21,2,33,-9,-26,1,11,21,17
5,31,30,-11,-12,38,-38,-39,19,35,22,11
27,24,30,-7,2,36,-20,-19,-3,2,32,20
10,30,28,-35,-22,42,-20,-24,14,34,40,33
7,20,34,-29,-20,44,-47,-14,3,28,17,48
21,41,39,-10,1,36,-24,-11,23,25,29,46
11,41,22,-36,12,16,-30,6,11,21,39,46
18,26,42,-22,0,33,-41,-39,15,39,34,29
6,36,31,-25,3,39,-15,-3,26,22,34,23
-1,60,16,-15,8,46,-27,-3,11,43,35,21
14,44,31,-23,-1,27,-16,-6,31,21,31,21
15,41,52,-22,-5,27,-14,-17,27,67,49,21
-1,41,26,-3,1,24,-16,-22,14,26,26,26
13,31,40,-14,-24,29,-21,-11,1,14,27,6
16,55,18,-48,-23,25,-15,-25,-21,37,41,4
3,42,46,-26,-18,54,-17,-18,9,34,24,25
21,44,9,-40,2,49,-19,-32,16,30,42,35
28,33,16,-57,-9,17,-19,-13,3,40,36,39
8,50,11,-20,-16,25,-13,-10,-3,48,49,38
7,57,34,-24,-18,45,-37,-20,10,38,51,44
7,41,34,-42,-7,35,-40,-25,23,54,42,21
25,74,32,-39,12,44,-42,-23,18,29,68,33
29,52,51,13,-9,27,-25,-23,38,37,25,29
11,57,21,-27,-8,31,0,-31,39,24,35,57
16,56,24,-25,-9,32,-13,-23,18,27,31,25
3,49,41,-28,-13,22,-34,-30,26,39,37,23
13,51,40,-40,-17,31,-27,-17,-1,31,60,9
19,21,46,-31,-1,25,-23,-17,7,35,58,53
19,52,40,-60,-14,44,-24,-15,3,34,69,30
37,52,14,-25,6,37,-39,-31,5,12,64,44
7,39,22,-18,6,28,-12,5,11,47,44,25
30,68,24,-51,-11,31,-43,-17,14,57,71,21
16,53,40,-44,10,42,-26,-29,10,42,41,31
40,53,31,-24,-6,45,-21,-28,0,56,61,23
16,79,15,-41,4,59,-51,-8,22,40,50,22
14,55,12,-35,0,50,-19,-15,15,46,52,36
-8,52,22,-16,-2,35,-21,-10,6,30,60,32
-8,67,9,-26,-3,54,-31,-30,12,46,52,31
7,47,25,-36,3,56,-23,-11,40,27,42,31
8,43,51,-49,-9,69,-19,-19,11,32,35,34
-4,44,33,-44,4,61,-39,-6,-20,41,57,29
34,46,34,-39,-13,45,-38,-12,16,27,47,11
22,52,22,-29,7,52,-34,0,19,39,40,33
25,53,59,-29,-8,46,-15,-28,5,30,43,25
29,87,32,-40,-14,57,-24,-25,22,15,60,57
16,40,30,-26,-27,60,-47,-18,16,46,44,52
16,60,60,-46,-13,33,-40,-25,20,39,47,8
-5,42,47,-31,5,55,-16,-5,11,61,41,40
29,33,49,-31,-25,58,-25,-16,1,61,39,45
33,62,41,-19,-25,52,-27,-27,0,44,36,31
12,35,36,-30,-3,56,0,-2,6,34,49,38
28,57,39,-34,-15,58,-30,-29,41,25,36,35
33,47,50,-52,-6,71,-43,-22,24,69,27,60
48,80,47,-39,-22,45,-24,-26,-6,44,42,43
1,37,36,-49,-15,63,-18,-10,21,42,51,45
9,53,49,-29,-15,53,-32,-18,20,25,47,49
32,61,32,-43,-16,57,-16,-31,24,59,39,41
19,42,21,-41,4,38,-25,-23,28,70,63,40
32,45,46,-42,-2,58,-48,-6,-2,39,28,47
8,66,63,-40,-10,59,-23,-32,37,31,54,38
23,47,45,-46,-10,39,-22,-16,5,22,71,43
-16,34,40,-44,3,47,-48,-21,24,46,46,35
17,46,30,-24,-6,25,-28,3,18,50,35,60
11,71,31,-43,-4,56,-35,-22,17,50,50,48
14,53,57,-45,-17,36,-35,-27,28,50,65,46
26,58,38,-32,-12,30,-55,-25,18,42,56,44
37,62,36,-16,-12,48,-33,-41,8,21,81,52
22,37,36,-42,-26,50,-42,-53,1,32,42,44
3,34,16,-29,-9,55,-16,-10,12,25,56,42
32,53,42,-25,14,46,-27,-42,29,54,38,37
4,49,34,-60,-11,53,-30,-15,31,38,42,32
39,71,28,-24,2,40,-52,-34,38,38,72,35
21,62,39,-31,-19,61,-25,-14,30,52,32,35
16,49,38,-27,-4,45,-29,-18,24,45,57,42
16,60,21,-51,-30,37,-35,-25,16,53,41,36
18,79,15,-23,-4,53,-30,-23,15,49,52,53
24,71,42,-35,1,69,-20,-29,27,39,69,30
30,60,39,-57,-5,47,-40,-27,-7,66,56,48
13,93,21,-41,15,33,-42,-19,28,58,66,41
22,50,19,-63,-2,43,-38,-42,22,38,40,43
31,57,33,-66,-14,69,-28,-27,5,25,59,27
18,63,47,-55,-22,49,-31,-12,24,43,64,39
23,80,35,-38,-3,55,-50,-25,41,64,68,14
24,74,42,-51,-14,44,-34,-37,34,36,48,66
4,75,29,-26,-1,35,-35,-36,8,37,38,42
17,53,42,-46,10,48,-48,-37,-8,67,43,68
34,54,25,-44,33,60,-30,-14,30,54,63,30
5,68,36,-32,-23,58,-17,-15,32,46,45,65
17,62,59,-30,-8,69,-52,-30,21,68,50,38
22,51,39,-18,-5,78,-55,-33,18,61,76,45
20,76,24,-40,-9,73,-23,-19,23,62,63,55
15,63,58,-57,-8,56,-33,-22,37,82,71,65
29,70,50,-45,-17,65,-48,-21,22,71,55,57
28,60,50,-57,-22,64,-48,-35,35,71,76,43
35,74,58,-49,-5,71,-32,-36,23,46,77,55
10,76,46,-79,-13,90,-59,-25,28,48,86,58
6,114,66,-64,-14,82,-37,-52,41,72,66,57
55,81,57,-67,-11,86,-45,-36,23,71,81,67
35,87,59,-83,-27,76,-46,-32,35,39,76,62
13,86,65,-63,-14,76,-57,-40,31,48,81,70
71,102,72,-84,-21,87,-49,-26,20,52,85,75
28,97,66,-86,-20,73,-42,-23,32,69,87,60
39,99,68,-75,-23,86,-61,-31,45,82,87,78
30,117,79,-93,-18,86,-64,-56,30,81,103,86
41,120,73,-66,-4,89,-55,-28,16,78,116,83
51,126,69,-84,-17,99,-54,-61,28,79,110,72
44,136,76,-68,-26,87,-68,-67,44,104,100,75
50,137,58,-83,-46,105,-67,-52,22,101,134,88
43,130,86,-72,-32,113,-78,-50,48,103,103,115
58,150,100,-94,-19,122,-73,-63,50,92,118,117
58,137,108,-90,-11,110,-79,-60,44,114,154,98
53,176,59,-122,-39,144,-87,-69,42,113,163,107
79,157,96,-127,-26,113,-94,-65,33,96,126,125
62,182,130,-111,-62,139,-82,-56,54,131,155,123
73,187,119,-109,-31,142,-67,-64,66,135,165,112
71,170,122,-132,-44,145,-100,-86,51,143,163,120
49,195,123,-115,-13,157,-89,-75,49,152,166,121
50,182,129,-140,-38,162,-92,-64,73,141,189,123
61,204,128,-168,-13,180,-121,-67,54,144,175,145
55,228,131,-116,-44,175,-119,-71,61,156,184,159
77,221,136,-142,-44,188,-101,-91,57,155,192,154
96,231,145,-143,-22,187,-129,-91,72,176,203,173
88,248,155,-137,-43,214,-121,-91,46,180,194,169
70,240,133,-167,-40,189,-131,-101,72,190,213,188
73,257,158,-179,-31,208,-141,-95,69,198,234,167
110,246,183,-178,-47,189,-148,-94,89,190,219,167
92,251,171,-182,-27,191,-127,-121,73,191,236,185
84,249,191,-194,-39,220,-140,-104,76,182,234,152
83,272,178,-181,-25,222,-166,-102,76,215,245,174
89,250,159,-191,-26,234,-152,-121,83,210,243,186
85,271,190,-198,-41,242,-160,-130,99,213,264,175
105,285,169,-174,-21,239,-132,-108,100,231,245,192
82,296,169,-198,-45,227,-164,-132,83,211,266,206
92,307,181,-187,-44,246,-170,-100,77,226,272,200
84,297,198,-190,-52,266,-157,-141,85,230,244,208
103,297,205,-197,-48,240,-161,-110,62,231,266,204
93,295,187,-212,-58,246,-167,-104,129,239,260,202
104,293,193,-211,-56,240,-143,-124,80,238,269,233
71,296,191,-195,-60,257,-163,-119,87,249,273,208
84,292,176,-212,-72,243,-171,-139,103,251,295,205
110,316,181,-205,-42,252,-178,-128,88,245,255,216
112,283,204,-200,-26,246,-153,-97,98,233,273,203
121,325,203,-218,-46,269,-163,-116,90,237,284,216
109,310,214,-229,-61,278,-189,-126,100,240,254,217
106,309,198,-193,-54,252,-154,-117,78,226,265,212
113,299,190,-211,-51,252,-158,-109,108,249,281,203
93,294,197,-196,-60,245,-171,-99,71,250,259,218
99,289,185,-206,-52,239,-154,-132,106,228,279,224
92,292,188,-204,-40,242,-176,-122,80,236,255,189
124,268,185,-178,-54,230,-159,-111,59,210,279,187
113,266,171,-198,-38,224,-170,-129,96,219,264,197
125,278,185,-195,-34,246,-164,-100,92,201,258,187
109,280,190,-188,-49,225,-154,-110,81,219,248,187
84,262,161,-196,-53,235,-160,-83,75,221,225,191
80,246,173,-184,-35,216,-138,-102,87,196,248,198
122,231,169,-166,-56,221,-149,-120,87,171,243,181
81,256,157,-175,-36,215,-156,-90,101,197,233,180
82,241,151,-152,-41,224,-129,-85,72,199,215,158
93,247,137,-168,-35,181,-137,-101,86,177,205,170
83,231,149,-175,-38,203,-124,-93,76,151,197,148
79,220,142,-143,-19,177,-123,-109,64,162,202,149
62,217,164,-156,-29,192,-136,-69,87,183,189,147
53,205,152,-126,-37,169,-121,-77,65,160,193,147
51,215,138,-164,-47,131,-104,-84,49,145,196,163
49,218,118,-130,-44,155,-124,-75,53,141,159,127
72,184,121,-126,-45,153,-101,-71,72,144,166,130
70,190,115,-138,-23,167,-107,-65,60,128,170,110
57,186,93,-115,-21,123,-97,-44,47,141,146,106
70,169,90,-119,-38,153,-99,-83,26,118,150,109
49,173,101,-106,-1,136,-94,-59,67,134,141,107
53,140,89,-109,-17,137,-72,-63,43,112,153,95
61,130,103,-102,-9,129,-80,-60,56,118,133,127
34,140,100,-105,-29,123,-58,-52,42,108,133,93
55,137,87,-98,-12,125,-63,-32,39,127,124,110
41,140,88,-71,-30,103,-64,-55,8,80,117,82
29,135,79,-79,-38,104,-57,-31,64,101,107,107
43,133,80,-88,-22,112,-50,-62,39,80,125,96
21,123,57,-84,-14,90,-64,-49,44,101,113,86
51,107,78,-86,-14,82,-76,-24,41,78,91,81
44,103,72,-64,-35,74,-63,-49,22,64,76,77
12,115,60,-79,-18,77,-77,-29,12,83,53,56
22,92,50,-67,-9,74,-64,-29,25,78,87,59
18,97,67,-36,-11,67,-55,-38,20,79,78,59
37,85,64,-58,-19,77,-36,-36,5,66,87,67
15,75,39,-51,-30,66,-41,-1,29,80,59,49
15,57,46,-52,-7,65,-38,-20,12,73,94,62
23,89,68,-32,-8,73,-45,-36,11,52,39,48
18,47,52,-49,-14,41,-40,-9,20,53,63,65
31,63,28,-34,-21,74,-33,-30,27,58,73,23
40,54,36,-51,-15,34,-30,-31,-1,32,63,38
16,75,58,-28,-4,51,-28,-22,21,49,48,56
5,66,42,-40,-10,50,-49,-15,12,28,43,51
20,63,59,-29,-5,40,-39,-4,17,55,54,36
29,47,27,-42,0,39,-18,-1,43,25,49,46
46,49,37,-45,7,39,-43,-12,21,59,52,40
27,44,31,-19,-27,77,-25,-41,11,37,44,40
32,60,32,-13,-17,49,-39,-29,17,33,56,28
2,47,6,-6,-10,40,-33,-11,8,38,54,24
14,63,33,-25,-23,28,-29,-23,16,40,51,35
22,38,45,-19,-20,41,-36,-20,0,14,27,23
19,51,25,-44,-9,62,-38,2,2,39,55,13
7,61,11,-37,-7,45,-26,-2,22,32,47,17
31,53,47,-33,-6,63,-32,-8,8,23,45,53
0,29,45,-39,-12,29,-32,2,2,53,50,41
11,40,13,-37,-3,23,-14,-6,18,43,61,39
23,11,56,-32,-2,41,-38,-15,2,39,33,28
19,30,43,-6,3,52,-23,-8,13,28,37,14
23,42,23,-35,15,30,-40,-28,22,52,38,20
26,61,29,-36,-15,15,-17,-13,22,31,50,11
-2,48,20,-2,-12,20,-3,-5,25,54,29,27
7,30,19,-6,-19,38,-19,-3,25,27,21,42
-8,27,19,-35,-14,24,-28,-10,16,41,34,26
0,27,34,-22,21,2,-25,3,17,40,32,34
24,32,23,-6,-14,11,-9,-22,-10,-3,25,26
21,30,-2,-12,-23,35,-10,-29,3,18,16,2
32,28,23,-16,-25,23,14,-7,-7,9,19,1
9,20,11,-6,-11,10,4,0,0,5,-4,5
5,0,37,10,4,2,-13,5,-10,-8,-3,5
-1,6,7,-8,8,-8,-11,14,-11,-6,10,-3
0,7,-5,8,3,-21,14,7,-13,-2,13,1
-19,-21,8,12,6,-12,8,0,-8,-13,9,-15
-16,-32,-16,26,-12,-17,23,13,-7,5,-33,-1
-38,-43,-19,38,27,-28,18,15,7,-23,-17,-20
-41,-52,-18,38,19,-45,42,21,-18,-47,-92,-20
-9,-53,-30,43,16,-53,13,30,-22,-29,-58,-50
-39,-69,-28,73,8,-77,1,18,-38,-66,-50,-62
-27,-81,-54,46,25,-79,27,33,-22,-82,-49,-56
-9,-88,-62,68,19,-53,35,42,-42,-60,-96,-82
-49,-76,-55,69,14,-95,44,22,-27,-75,-107,-60
-65,-98,-61,85,4,-90,63,39,-43,-66,-86,-77
-30,-109,-65,59,-1,-98,71,60,-37,-83,-75,-84
-26,-102,-61,76,18,-86,48,33,-32,-73,-106,-82
-51,-125,-70,67,2,-98,61,46,-19,-68,-111,-84
-30,-84,-47,66,14,-70,39,34,-40,-76,-87,-62
-16,-96,-59,58,42,-82,66,56,-42,-71,-64,-60
-45,-73,-47,40,20,-59,35,24,-1,-49,-56,-41
-9,-55,-22,22,0,-50,20,28,-25,-63,-45,-18
2,-18,-33,6,-13,-19,31,24,-17,-13,-32,9
7,9,2,-16,-7,20,-9,0,-3,2,-1,12
30,57,35,-23,-8,28,-51,-14,39,50,46,52
38,109,79,-87,-10,77,-54,-40,30,76,75,72
59,163,87,-114,-29,119,-94,-67,44,136,125,100
57,214,131,-142,-16,176,-134,-88,62,147,173,139
99,280,172,-182,-60,222,-151,-127,90,214,241,182
131,330,242,-215,-54,266,-182,-130,100,270,299,231
141,431,272,-302,-83,325,-239,-167,131,304,374,288
179,484,317,-325,-80,391,-281,-190,163,380,450,322
211,577,353,-387,-63,461,-310,-246,166,420,523,413
226,667,442,-421,-98,534,-354,-268,199,494,576,444
248,729,483,-502,-132,599,-423,-295,199,543,645,489
271,796,508,-544,-113,657,-437,-330,232,591,709,555
306,881,566,-590,-144,725,-501,-338,259,660,777,614
321,945,603,-615,-131,780,-506,-382,266,714,829,621
337,987,634,-663,-147,802,-549,-389,312,736,887,678
363,1029,637,-687,-133,835,-572,-408,294,787,938,697
364,1059,662,-697,-163,845,-578,-412,314,768,937,732
363,1060,705,-733,-145,881,-585,-419,328,796,944,742
361,1059,656,-710,-168,853,-576,-417,299,781,941,723
356,1034,671,-711,-146,850,-564,-399,301,774,928,708
349,1017,652,-670,-144,845,-548,-406,309,756,912,712
338,979,607,-657,-142,794,-523,-377,274,715,894,672
303,917,598,-602,-133,771,-487,-356,269,667,830,630
314,826,544,-557,-123,690,-455,-336,250,646,763,579
271,766,505,-518,-97,636,-424,-309,227,576,699,534
230,718,455,-481,-101,569,-389,-266,210,521,604,465
217,593,403,-443,-67,500,-334,-258,182,477,558,431
193,522,333,-341,-67,431,-296,-202,145,385,464,349
159,460,294,-302,-59,377,-248,-177,130,326,388,298
117,355,228,-218,-38,297,-197,-135,98,259,317,230
102,283,198,-170,-38,226,-137,-134,99,213,233,201
64,199,140,-128,-26,159,-108,-81,59,147,187,121
25,128,72,-119,-7,130,-75,-58,40,99,127,91
9,73,56,-34,-8,61,-24,-18,-22,57,84,28
0,0,0,-21,-31,26,-25,2,0,-2,23,4
-13,-21,-18,18,-3,-21,21,6,-17,-4,-16,-4
-46,-99,-55,34,12,-72,21,25,-26,-39,-42,-41
-14,-109,-38,71,9,-89,74,48,-33,-85,-78,-63
-25,-123,-94,96,20,-112,68,37,-42,-77,-99,-105
-49,-141,-76,68,32,-103,64,30,-55,-112,-119,-91
-40,-154,-120,94,22,-117,89,48,-59,-94,-126,-84
-39,-160,-73,101,28,-122,83,69,-59,-115,-128,-113
-46,-140,-118,100,13,-132,78,39,-55,-121,-102,-95
-48,-131,-100,118,15,-118,68,71,-30,-105,-128,-89
-50,-137,-81,86,15,-121,83,63,-40,-91,-117,-94
-43,-138,-90,71,9,-113,66,30,-54,-104,-123,-64
-37,-100,-74,82,14,-85,62,51,-29,-90,-111,-64
-49,-101,-54,46,1,-73,48,23,-28,-66,-110,-78
-23,-95,-48,50,13,-71,49,28,-18,-68,-85,-44
-16,-44,-23,30,38,-43,59,19,-14,-47,-66,-33
-12,-38,-39,21,18,-41,33,33,-5,-35,-38,-28
-7,-25,-18,23,1,-13,35,20,-14,3,-34,-34
-10,-1,-2,8,11,-15,-17,-13,-22,-6,-21,-20
6,-5,16,-4,15,-1,-4,-18,-14,-1,-3,4
-11,4,6,11,-9,14,-21,4,9,-1,27,4
43,7,9,-6,-16,10,-34,-33,6,-13,13,21
23,21,49,-30,0,26,-22,-27,-3,13,14,21
11,36,19,-42,-11,40,-21,-25,-5,23,44,25
22,31,24,-41,-2,13,-16,-26,14,26,35,46
7,43,49,-33,-1,67,-25,-21,22,30,46,61
23,103,36,-43,-14,62,-46,5,18,29,33,16
0,57,45,-48,-6,46,-47,-21,16,58,69,29
16,56,42,-49,-17,47,-20,-27,8,42,59,41
24,58,40,-62,5,56,-22,-21,28,54,70,47
17,53,39,-45,8,41,-48,-28,31,59,61,24
21,86,53,-30,-13,45,-6,-26,8,25,69,43
4,44,51,-29,2,55,-48,-19,-10,52,47,68
24,67,51,-55,-10,40,-52,-35,27,48,63,33
22,65,57,-45,5,64,-67,-27,6,59,81,37
23,71,54,-53,-17,59,-31,-7,14,48,68,48
18,43,37,-41,-20,64,-42,-33,47,51,71,58
25,66,38,-52,-7,40,-37,-34,27,67,76,43
13,48,46,-57,-9,74,-45,-31,6,56,79,59
44,65,58,-61,3,48,-35,-38,50,60,78,48
11,54,56,-39,-23,56,-60,-17,34,38,75,35
27,80,68,-49,-5,78,-42,-22,42,43,45,36
16,69,41,-44,-19,47,-38,-40,24,46,60,44
20,85,34,-44,8,31,-43,-53,31,43,48,55
36,76,25,-51,-5,69,-50,-38,23,34,66,44
33,74,51,-87,-7,76,-55,-21,21,39,74,55
20,67,47,-41,-15,37,-44,-32,24,45,58,52
47,60,46,-33,-12,57,-38,-20,14,58,77,57
42,72,51,-54,-27,59,-29,-37,31,45,69,56
12,83,53,-58,-37,62,-29,-15,20,64,78,58
24,70,53,-46,5,63,-60,-24,18,42,89,51
19,89,63,-51,-38,80,-32,-31,25,40,73,55
27,53,45,-66,-27,68,-31,-16,25,67,88,39
28,77,52,-63,-25,64,-63,-24,13,51,76,77
27,74,54,-56,-8,79,-24,-33,22,76,78,68
21,75,68,-61,6,64,-60,-15,17,85,76,38
29,93,80,-33,-2,71,-50,-54,37,37,41,56
39,76,42,-30,13,69,-52,-28,16,71,95,55
39,84,38,-64,-13,69,-47,-38,26,49,73,58
33,64,51,-52,6,56,-47,-26,5,79,74,55
17,87,54,-53,-7,78,-66,-51,40,61,121,72
35,69,57,-60,-3,80,-61,-40,22,74,93,59
36,90,65,-42,0,62,-38,-42,32,100,78,77
55,95,86,-80,-27,94,-59,-29,27,65,91,68
49,83,65,-78,-29,81,-74,-24,40,57,105,69
43,102,55,-59,-9,72,-78,-31,23,76,95,76
29,111,71,-49,-33,95,-67,-52,23,52,92,75
31,119,68,-71,-22,92,-59,-52,33,81,98,74
32,117,89,-45,-17,92,-55,-47,21,87,73,86
28,98,77,-87,-7,76,-63,-46,43,87,85,70
30,99,84,-71,-27,86,-54,-46,46,83,92,62
34,116,81,-56,-17,106,-53,-58,53,72,114,67
56,140,96,-81,11,83,-96,-57,43,108,91,93
64,129,76,-90,-25,122,-54,-63,6,81,107,98
45,133,63,-87,-28,83,-70,-58,33,61,110,73
49,122,80,-86,-12,107,-61,-73,34,101,99,86
44,123,82,-99,-17,101,-65,-47,37,93,121,81
58,130,100,-110,-17,112,-79,-65,42,112,106,81
43,106,82,-110,-9,124,-67,-79,51,93,126,100
57,147,88,-118,-23,100,-77,-40,56,105,120,92
55,161,97,-95,-1,157,-74,-67,51,113,131,108
68,140,98,-100,-10,145,-90,-59,35,136,151,125
48,152,105,-89,-16,124,-74,-54,49,127,147,121
58,159,120,-100,-39,145,-107,-61,37,118,156,95
66,150,122,-121,-37,118,-82,-53,48,112,142,97
63,178,106,-120,-33,149,-88,-59,46,133,189,109
43,190,105,-114,-20,139,-77,-46,69,150,174,135
46,194,113,-129,-13,153,-106,-65,53,147,155,140
71,175,142,-113,-56,144,-106,-60,66,167,162,146
54,196,135,-137,-15,150,-112,-59,44,145,194,138
85,219,111,-140,-19,142,-123,-113,81,125,192,139
74,215,122,-157,-37,156,-93,-87,80,140,159,131
57,194,133,-129,-48,176,-112,-81,65,179,177,149
93,204,147,-169,-29,170,-113,-98,75,176,210,142
77,218,137,-181,-32,172,-139,-68,60,167,190,145
65,225,147,-135,-11,163,-129,-99,67,191,204,155
73,245,147,-171,-63,190,-147,-95,62,173,213,150
76,237,155,-168,-37,201,-130,-96,76,165,221,168
102,272,143,-151,-44,202,-139,-100,69,180,222,144
84,243,171,-157,-33,210,-151,-117,80,183,228,167
91,258,154,-176,-36,196,-147,-114,77,191,238,182
95,263,168,-193,-30,217,-123,-111,68,188,253,209
80,256,163,-163,-41,228,-150,-91,90,207,239,191
111,294,186,-195,-46,246,-143,-114,80,182,248,190
77,288,178,-185,-26,241,-187,-110,100,210,262,203
108,284,177,-202,-44,237,-144,-125,82,215,257,201
113,286,203,-211,-49,252,-147,-118,88,225,261,213
112,312,196,-225,-38,253,-176,-145,111,244,286,216
100,321,208,-215,-40,245,-175,-125,80,234,264,203
105,314,204,-194,-45,244,-164,-98,105,256,301,215
116,325,206,-209,-45,272,-172,-125,82,233,277,236
124,325,219,-226,-46,283,-186,-119,89,239,278,229
102,327,218,-234,-47,275,-187,-116,89,254,314,225
105,344,214,-236,-50,281,-181,-150,81,258,316,223
117,342,246,-232,-50,294,-181,-143,120,249,320,251
117,348,217,-241,-56,302,-184,-113,115,265,306,262
134,363,227,-252,-47,307,-191,-125,96,278,326,283
108,361,225,-242,-82,306,-200,-150,97,284,335,252
140,351,242,-241,-59,297,-196,-142,94,289,349,258
120,375,250,-262,-64,320,-210,-142,128,287,330,272
144,393,235,-244,-71,331,-224,-155,120,280,359,279
131,381,253,-265,-52,323,-205,-161,110,292,345,297
137,387,261,-268,-53,321,-216,-175,114,309,362,275
173,405,246,-279,-53,319,-224,-144,113,291,369,280
146,413,267,-283,-85,322,-221,-158,109,316,367,266
112,406,267,-262,-65,323,-228,-165,121,285,355,286
130,400,286,-289,-48,319,-214,-173,145,289,379,283
128,394,272,-257,-51,325,-221,-186,125,314,377,297
152,392,273,-284,-39,342,-229,-152,112,299,362,287
152,396,278,-279,-49,350,-224,-153,122,310,375,308
149,427,260,-271,-51,341,-245,-191,107,311,370,298
140,414,273,-281,-56,347,-229,-166,145,296,377,300
158,424,262,-286,-79,332,-243,-180,119,318,361,302
136,413,270,-305,-54,377,-224,-156,113,296,382,295
172,430,282,-307,-68,346,-232,-180,121,314,376,293
147,437,272,-301,-80,367,-217,-166,110,307,386,333
136,428,265,-297,-65,348,-240,-174,123,324,394,294
135,406,270,-286,-57,346,-225,-180,145,306,352,279
124,406,276,-291,-50,356,-238,-178,123,333,372,295
149,419,292,-242,-66,357,-233,-177,117,294,398,298
154,423,297,-279,-71,353,-233,-189,149,300,382,293
148,407,273,-298,-73,372,-215,-163,142,315,399,298
163,406,291,-277,-58,359,-221,-158,133,319,384,290
162,410,263,-281,-53,345,-249,-129,113,315,378,289
168,417,272,-272,-50,342,-239,-170,124,321,362,283
150,392,268,-273,-69,346,-224,-165,118,307,376,293
138,415,247,-276,-64,346,-222,-167,114,288,373,299
125,398,277,-287,-65,328,-213,-169,127,309,352,290
151,411,237,-277,-53,332,-202,-158,125,307,384,283
131,396,266,-273,-42,328,-213,-173,119,310,368,303
147,421,244,-282,-45,316,-214,-184,101,305,365,291
148,395,252,-271,-57,322,-212,-162,118,296,354,269
130,368,259,-283,-69,338,-201,-161,119,305,345,289
115,382,250,-266,-47,324,-203,-176,133,309,328,271
147,370,238,-248,-48,309,-226,-147,119,296,343,275
130,374,236,-243,-33,295,-212,-160,108,281,341,236
138,383,243,-254,-42,306,-204,-152,112,286,319,247
126,352,206,-252,-59,297,-184,-147,110,267,336,241
110,358,233,-224,-70,307,-211,-135,97,266,313,266
139,344,214,-218,-49,301,-197,-147,101,234,305,235
117,343,215,-233,-76,280,-167,-136,87,252,310,251
114,340,192,-248,-59,276,-171,-128,106,216,300,239
126,323,190,-222,-69,266,-185,-113,95,229,295,229
112,302,201,-223,-55,262,-179,-136,93,251,272,217
117,309,233,-215,-47,251,-165,-138,106,243,298,225
113,307,183,-198,-68,250,-167,-126,81,226,277,216
92,303,187,-219,-37,278,-177,-138,101,213,265,210
91,288,194,-204,-29,246,-162,-123,88,217,263,195
97,274,200,-165,-41,262,-159,-114,88,205,249,216
90,284,178,-187,-27,228,-162,-98,66,220,232,192
84,263,162,-188,-38,238,-147,-116,84,212,218,183
79,244,159,-182,-34,209,-153,-85,85,188,230,181
84,247,168,-185,-39,218,-126,-87,81,186,238,178
75,225,181,-187,-28,204,-141,-88,80,179,211,150
76,240,143,-146,-16,191,-131,-83,72,167,197,168
86,231,131,-156,-42,187,-95,-117,84,171,214,157
80,242,126,-128,-19,186,-127,-99,47,179,192,177
87,214,161,-138,-46,180,-129,-81,85,168,185,145
72,190,122,-129,-19,178,-114,-83,68,142,204,158
82,210,117,-153,-16,193,-105,-70,61,135,197,120
75,200,116,-148,8,163,-98,-88,44,138,181,133
81,192,106,-94,-27,155,-114,-79,73,152,183,144
58,186,96,-110,-21,154,-124,-53,53,135,161,128
54,156,122,-119,-1,122,-81,-76,50,145,158,105
54,172,111,-117,-28,149,-88,-46,52,121,136,124
49,159,111,-124,-12,151,-107,-73,47,120,136,96
96,138,103,-86,-29,113,-79,-71,41,125,117,84
45,148,105,-101,-17,109,-79,-58,59,107,106,101
35,135,107,-99,-23,106,-84,-64,43,106,133,97
38,125,77,-80,-6,105,-66,-27,21,101,112,84
50,128,73,-93,-23,115,-86,-61,40,83,94,68
61,117,76,-77,-33,87,-85,-27,35,97,103,102
51,117,94,-80,-6,109,-52,-56,37,82,87,79
57,117,77,-66,-6,90,-62,-45,48,101,94,103
38,101,52,-82,-40,81,-28,-43,40,93,69,63
59,83,57,-66,-7,103,-71,-43,30,68,106,73
38,89,46,-48,3,78,-43,-45,29,84,90,58
27,115,50,-54,-17,73,-71,-32,25,68,93,64
33,101,72,-72,8,71,-42,-17,17,81,72,66
26,86,75,-63,-4,75,-50,-43,12,78,72,75
45,68,35,-32,-22,83,-53,-28,29,56,67,47
39,68,44,-32,-17,76,-36,-23,16,74,43,44
36,59,62,-58,-18,65,-32,-42,10,45,64,62
19,76,40,-40,-28,76,-17,-35,18,47,68,33
27,77,33,-20,0,68,-5,-33,12,64,53,73
29,40,36,-45,7,67,-34,-30,25,64,64,30
14,43,43,-30,7,41,-42,-24,15,43,34,44
19,70,19,-47,-3,49,-30,-15,27,60,48,41
40,46,26,-41,-11,48,-35,-29,16,27,37,44
15,65,22,-17,-26,50,-35,3,17,22,55,46
-7,40,40,-34,-37,54,-25,-31,14,32,53,33
5,47,37,-24,-12,41,-31,-3,20,22,31,27
20,24,32,-23,-8,15,9,-12,14,28,35,32
21,47,26,-14,5,48,-10,-28,23,39,18,37
0,1,5,-15,-27,27,-23,-9,-14,23,30,13
-2,25,20,-21,14,-6,-5,19,-2,17,7,16
-19,42,24,-18,1,21,-16,-47,6,26,32,16
8,27,-4,-8,-6,22,-19,4,8,50,20,9
4,30,20,-21,2,0,-8,-33,2,17,22,11
16,22,15,-17,-9,10,-19,1,8,12,27,20
5,38,9,-20,-19,-1,-33,14,-4,10,5,34
25,12,-2,-24,7,19,-4,4,-2,15,28,26
16,16,9,-14,-17,-4,-7,-4,21,10,4,4
8,2,8,-17,1,25,-6,-6,10,9,27,8
28,16,2,-23,-4,-4,-4,12,0,11,1,44
-5,-12,8,-34,-1,1,5,-14,-17,10,10,-8
-6,-7,9,-8,-17,17,-17,29,5,23,12,29
30,3,1,-6,20,2,1,-13,-5,2,10,3
-4,15,0,-15,-7,3,11,1,-1,21,33,12
11,15,-9,0,-12,15,-4,-2,26,7,2,11
9,21,10,-10,-7,-28,0,5,19,-9,2,-1
-24,-7,17,0,2,-9,11,-11,-1,-20,18,13
21,32,-1,-13,-6,28,-12,0,1,3,-10,0
9,-1,-15,7,11,-9,-2,-23,-5,13,5,-5
9,-18,14,2,-25,-10,-12,2,4,9,-6,-2
3,2,-11,-16,3,-4,-5,-2,-33,-7,8,-9
-35,0,-12,2,-3,0,14,-7,2,19,-6,6
9,-4,3,7,32,4,-14,-4,-4,0,-15,-7
-7,12,18,-12,-26,-11,3,-3,10,-4,-18,16
0,-4,-3,12,3,0,5,1,-11,-4,20,-19
2,-13,-13,-5,5,-16,-22,21,-16,4,3,-3
3,7,-13,18,-8,-4,-5,16,7,-8,5,9
-3,15,-14,6,1,-15,-6,-1,1,-22,-12,10
-3,-23,-3,-9,7,7,-16,-18,11,-8,-2,8
6,-8,-15,0,0,11,1,23,13,23,-5,3
9,0,14,1,-2,4,-4,7,5,7,14,8
-19,2,-4,-3,-16,5,6,27,-12,2,11,-1
11,-13,-7,19,-5,-5,4,9,-24,16,16,-2
4,-1,-3,-1,-4,-2,6,4,-9,-22,-12,14
3,-6,19,-1,14,-5,11,-14,-2,-29,3,-11
14,4,-8,-9,8,-7,13,-4,-8,14,2,9
-15,13,-14,9,-2,-9,4,-14,-11,9,11,14
-34,12,-25,29,-6,-5,-16,-4,11,2,12,16
-8,-13,-4,9,11,-3,-9,7,-9,9,-6,-6
-17,4,-10,17,-23,-20,8,-1,-13,-22,12,-9
10,-5,7,-3,16,-17,15,6,10,-7,-10,-6
-16,-4,0,4,-9,-10,-8,-16,9,1,14,13
-33,9,11,1,10,-14,-3,-18,-2,-14,0,-1
-2,7,3,28,-20,19,14,-30,17,-10,-8,-15
9,-2,8,-9,-11,-14,6,8,12,-4,4,3
-12,-5,-7,-1,22,12,2,1,-3,-23,-27,0
13,16,-8,-1,-11,10,19,-23,10,-1,-19,-6
13,-7,21,13,14,0,21,10,-19,0,-19,-42
3,0,-20,-17,2,8,1,-9,-13,-2,-19,-11
-11,-22,-10,-17,25,-31,-18,10,1,1,14,17
-11,-6,-1,12,3,-3,-4,-8,-17,-19,17,-2
-7,-18,-13,6,13,-8,8,-12,-10,15,-15,-2
2,-15,-16,3,-25,10,-5,-4,-2,-23,3,9
9,-8,14,8,6,-4,6,0,-14,-3,-18,-17
-5,-13,5,2,-5,-13,21,6,-8,0,-5,-4
-8,-8,-18,30,-9,-24,30,-7,-21,-6,4,-5
0,-6,6,6,-13,-14,2,3,17,8,-8,-5
-9,-7,-12,-4,-17,-23,-10,18,-10,11,4,11
8,-25,6,7,4,-12,20,7,3,13,-1,-10
-20,5,-15,12,3,12,5,30,7,1,-17,-17
-6,-4,-5,15,-1,-14,-9,-21,3,-4,-12,-12
6,-4,-20,17,-1,-12,-3,5,-5,4,-10,1
16,5,-19,1,6,-10,-6,10,-1,12,16,11
17,-19,-24,-9,4,-3,1,0,-15,2,5,-10
4,1,1,14,-25,-28,-10,-21,7,1,5,7
4,-7,2,6,-3,12,8,-28,-3,-8,11,9
-25,-14,14,21,-8,-12,-4,2,5,-23,12,6
-2,21,9,8,31,1,25,-4,-1,-12,1,-4
-24,-29,-10,-3,-1,-1,0,1,-4,-22,-7,-24
-11,4,-11,-3,15,-16,-6,5,22,11,-10,0
-2,13,9,5,9,-2,26,4,-22,-1,17,10
20,-13,-14,5,14,-8,3,8,6,9,-7,-1
6,-24,-13,-29,-1,0,-7,11,-8,4,-15,-7
3,26,-10,4,30,-21,2,5,-7,3,-16,5
-8,-17,6,-22,13,11,-6,11,13,-6,-2,-6
-3,-3,7,-15,-4,2,-16,26,0,-7,-4,6
-4,-18,-3,7,11,10,9,-6,-2,-21,-13,-9
4,-9,4,11,-1,-6,6,18,1,-17,-2,-15
20,-1,-8,4,-13,3,-22,11,3,-9,-3,-17
-5,-12,-16,8,10,14,-5,-20,2,-5,-13,-19
0,-18,1,-7,3,12,-7,25,11,-15,-1,-4
-7,-13,-15,15,13,1,-5,-4,-5,6,-2,-16
-1,4,-7,26,17,-22,-11,0,-10,2,5,-20
3,10,-5,9,6,-31,1,13,-17,20,-11,5
17,18,9,-15,-16,-9,5,5,0,4,-3,1
-11,5,-4,14,-16,-8,-3,7,9,3,-6,-1
-27,4,0,-18,-6,-6,6,-20,2,10,-18,-2
-14,10,-12,24,14,18,18,-5,-19,-11,-20,-8
-17,9,-33,-3,13,-11,16,-11,-2,-20,-3,-9
3,12,-16,-6,-7,-20,6,7,-10,-27,-6,-13
1,-21,-20,28,2,1,-2,1,-5,-4,-6,-1
9,3,22,1,-6,-6,-5,2,-28,-13,15,13
5,-29,3,12,-17,1,9,-6,1,-23,-14,-9
-13,6,-17,5,24,1,-19,0,-7,-4,19,-14
-15,-15,-8,15,9,-35,-11,-11,-2,-4,-17,0
-8,28,10,24,-4,10,2,8,8,-10,-9,-23
-20,-6,-7,9,1,-16,1,3,5,-10,-1,-23
-15,-1,5,15,15,10,12,-9,5,-3,-6,-11
-13,11,-12,6,-15,-3,2,3,6,1,-13,-14
-5,22,-19,8,3,-12,-3,5,15,-8,4,14
-8,-4,-2,5,12,-18,22,17,-8,-9,-37,-15
3,10,2,-14,-12,5,8,8,7,7,4,-6
7,1,7,11,-1,9,9,-5,1,-6,-2,2
6,-16,14,12,-4,-8,4,29,-3,5,-8,-8
3,-33,-8,-19,-24,4,7,-4,-3,2,6,-9
-7,0,2,8,-11,3,-11,-13,-2,-2,-12,-3
-1,4,-2,-13,-7,-4,3,-7,-6,10,10,-9
-6,7,2,6,-8,-9,3,14,-14,-3,24,-8
4,-5,7,0,8,-2,-4,12,-3,2,8,5
17,-7,-21,11,-18,-2,4,-5,-15,-11,4,-13
-17,-21,19,5,-10,15,17,-2,6,-14,-7,-2
-13,-9,15,16,20,6,8,0,-23,20,-14,-5
-16,-13,-2,-2,12,-21,0,-8,0,2,-9,0
4,-22,-11,-2,-20,-6,7,-5,0,-9,1,-14
-11,-21,-8,17,16,-10,4,5,-32,13,7,10
13,-13,1,-26,-17,-9,21,-2,0,-9,-2,-7
-2,10,36,19,-10,6,-9,-18,-12,3,-4,-16
-15,20,6,-17,-1,7,27,30,3,11,-7,-1
-1,-1,-2,23,21,3,-3,9,12,-14,-1,-5
9,-11,11,6,26,2,0,19,-20,15,8,-13
14,-1,-7,-6,-2,-2,2,15,9,-9,12,14
5,-14,-18,10,2,5,1,-8,-6,12,-37,-11
8,-5,13,12,-6,8,1,-13,7,13,-1,1
-26,-4,-13,8,-3,8,4,-30,-26,-3,6,-2
8,2,-9,-12,15,-9,26,5,17,8,-12,-10
3,-4,12,11,13,-24,-23,-16,-4,3,-5,20
1,10,-4,-9,-14,18,-16,-6,-2,-16,8,-11
-5,0,-28,-3,2,-20,-9,7,-14,-8,-14,9
10,-9,3,-10,1,-8,-12,4,2,-19,15,5
-10,-23,0,-24,9,-11,6,10,-6,-5,2,11
11,-7,-28,10,-7,8,8,-33,-14,9,0,-21
0,-9,-9,7,-3,-7,-1,2,1,-9,-1,29
-4,-26,-3,-12,-4,3,16,-11,5,5,-10,11
0,-2,-9,-1,-1,-18,-7,-9,-6,19,-1,-18
11,-14,-2,8,8,-4,-1,16,4,-7,-4,-7
-17,-10,-21,-14,15,5,1,-7,12,-6,10,-12
-16,-4,23,2,9,-8,-17,1,-3,18,8,-2
-21,-8,-10,10,7,-3,11,-9,-3,-2,13,-8
9,-11,-25,-1,0,16,24,-28,10,13,8,-5
9,15,-20,8,12,9,5,-16,7,-21,20,-10
-9,3,26,14,25,11,2,8,-2,-8,17,-23
3,-6,-36,10,16,-8,-1,8,8,-14,20,-1
17,-26,-3,13,9,-5,1,-18,6,-30,-7,-5
-17,-9,-2,21,23,-13,12,-17,-16,0,-9,-11
5,-33,-9,13,-16,6,0,17,8,-12,-9,-21
10,1,3,16,24,-18,10,7,1,7,-7,-8
-6,-28,-12,14,-4,-17,15,-4,5,-20,-4,-3
-22,-8,-25,2,-5,-10,-7,-14,4,-4,8,-9
2,-15,1,-8,6,-21,5,-14,-3,1,4,9
-9,1,-22,17,28,6,4,-2,-24,-18,0,2
17,4,24,31,22,-15,-12,4,-10,-4,-13,-2
-19,30,1,3,-3,-32,1,4,-6,-8,-13,6
-15,0,-17,-13,5,-3,-10,6,3,-9,-4,-9
-1,11,4,18,10,11,3,-14,14,-5,4,-14
-14,-18,-17,10,-14,-4,-7,-9,9,-7,-8,8
-6,7,-22,4,11,6,18,-6,11,-7,-2,-10
0,1,-8,11,5,-12,7,-5,-18,7,4,-5
-24,3,4,16,3,-1,9,12,27,-24,-17,10
10,-18,-12,10,-13,4,7,19,-6,-22,-20,-16
14,15,-6,4,-4,-9,-1,18,-8,2,3,-13
-6,-19,2,6,24,-11,2,15,9,-5,7,-19
-6,-19,-13,-9,-13,-22,-2,5,4,10,-2,-1
-3,-11,-4,1,-5,-3,3,25,-35,-4,-20,9
-12,0,-11,22,-8,-2,-12,3,-18,11,-10,-4
-13,9,-7,2,2,-14,-2,17,-27,-3,-29,10
-13,-16,1,-8,1,-21,19,-14,3,-16,-2,-3
-24,6,5,3,13,6,-7,28,-6,6,6,1
-2,-22,-1,4,0,-10,8,6,10,-2,-1,-1
7,-13,-9,19,-3,8,1,13,-11,-12,-16,29
13,2,-6,-5,-4,-6,17,13,2,-27,1,12
11,-2,12,20,-2,-24,-4,0,1,10,-5,-2
-27,5,-16,2,15,-4,1,20,-11,-14,10,-36
-1,5,0,4,-9,-8,-16,10,4,2,-7,-2
10,5,11,-18,15,-13,13,-3,-17,10,0,-10
-5,-14,-2,14,-9,5,24,-10,-18,-10,-15,-10
12,21,-28,-25,0,-9,14,-3,-6,-18,-1,-1
8,5,-14,-10,12,-6,9,-16,-15,-1,-33,-2
0,-6,-3,7,10,7,5,1,-10,-24,-15,-2
-6,-6,-3,13,-8,4,2,-6,-19,10,-3,-10
-1,-24,-16,-22,16,7,-10,-9,-9,6,6,-9
9,-6,-29,-2,5,-1,0,-4,-5,2,-7,-27
23,-15,-6,-26,12,1,10,-10,9,-6,-7,-13
-4,0,6,3,-2,2,-5,-6,7,-7,-15,-16
-6,-17,-22,1,26,-3,0,-9,12,5,-28,-9
-8,-28,-10,1,7,-17,5,0,2,-17,-7,-10
-10,-26,0,14,-5,-4,1,-1,-16,-14,12,-8
9,14,-11,-9,-20,-7,13,-4,-6,-11,-13,1
10,-2,28,3,26,3,-2,-14,10,-12,-4,2
-16,3,8,3,21,12,-17,-5,4,-22,-17,15
9,-26,-26,9,-20,-20,-4,-6,-6,5,10,-5
12,-17,-8,9,-16,-6,-5,-2,-15,-15,16,-14
-3,1,-16,1,6,-19,11,-8,-19,-5,-5,16
-5,-23,13,-11,0,-8,-5,6,8,-6,-4,26
-3,-9,-16,19,-15,12,-1,-17,-12,-12,3,2
-15,-3,1,4,7,10,-7,-17,12,-25,3,18
6,-25,-1,23,14,3,0,4,-12,4,-7,8
-10,-13,-9,-5,-24,16,-2,-17,-5,5,-2,-9
-18,11,-15,10,6,-8,-5,9,11,0,12,2
-4,21,-7,-22,-8,-16,-9,10,-14,19,-29,-5
10,7,-3,-16,5,-1,-18,-9,-10,0,-5,17
24,-6,-2,-13,0,1,-9,-2,-3,5,9,12
-18,-1,6,-44,-3,6,-16,-3,17,3,22,1
-3,15,-5,-25,1,13,1,-2,-2,16,6,-11
2,-2,12,4,-18,-4,24,-14,-9,10,-1,6
3,8,14,1,-5,6,-11,-19,16,15,17,16
3,15,16,-16,-15,-5,0,12,-1,17,15,7
-9,13,8,0,12,32,0,-12,-4,2,3,24
20,30,22,-5,-22,28,-21,-28,3,25,2,12
-2,17,40,-27,-32,20,-1,-32,28,16,41,15
34,27,20,-14,-7,1,-18,-10,21,25,38,34
-4,46,8,1,-1,35,-4,-19,14,34,19,6
-3,36,9,-16,-6,52,-37,-16,12,23,32,25
-1,51,10,-22,-16,46,-39,-20,6,35,39,21
24,32,31,-45,-14,28,-36,-17,24,24,28,41
33,56,35,-35,8,64,-11,-30,-4,11,41,38
22,83,16,-35,-4,48,-30,-45,12,27,42,19
24,75,57,-31,-13,51,-36,-34,34,58,51,41
45,64,35,-18,-17,47,-16,-17,7,30,47,32
11,59,50,-61,-17,49,-47,-10,26,34,77,58
14,83,51,-54,-12,69,-49,-21,16,71,52,78
22,69,36,-66,-2,63,-41,-34,48,65,84,83
50,98,65,-63,-32,77,-38,-48,23,57,83,64
42,90,62,-41,-27,79,-54,-53,39,78,95,58
46,119,55,-60,-13,84,-54,-62,41,98,75,71
44,98,73,-60,-18,96,-82,-49,41,77,90,94
30,103,84,-91,-39,101,-62,-51,46,96,89,78
37,115,86,-74,-35,94,-58,-38,58,74,83,77
42,128,69,-66,-31,114,-71,-68,55,99,106,109
45,136,100,-81,-18,82,-85,-51,56,103,134,103
38,135,81,-104,-2,119,-85,-34,43,78,112,101
43,142,101,-84,-32,140,-65,-45,42,100,121,92
49,145,114,-90,-18,117,-84,-60,38,102,137,104
29,162,96,-106,-35,123,-87,-72,46,109,147,119
77,185,109,-112,-39,138,-93,-70,47,126,148,124
68,183,124,-155,-37,145,-85,-65,39,164,158,110
85,173,127,-118,-19,152,-106,-74,39,142,139,120
67,192,122,-116,-29,165,-100,-44,71,141,163,160
64,183,124,-142,-30,144,-88,-100,56,164,194,140
65,218,148,-131,-34,164,-126,-90,62,149,182,144
51,193,137,-139,-23,155,-108,-82,56,133,176,145
62,222,118,-125,-42,176,-123,-88,69,159,192,165
76,205,136,-147,-11,163,-123,-81,77,143,198,159
64,185,144,-155,-32,188,-132,-74,55,145,196,147
75,205,142,-119,-33,162,-130,-103,63,171,193,135
77,223,151,-139,-38,173,-117,-89,83,182,198,151
92,218,147,-130,-36,197,-132,-82,70,172,185,156
76,222,133,-151,-28,187,-97,-123,72,152,205,151
63,211,118,-143,-36,177,-116,-94,71,151,195,161
87,219,161,-150,-28,172,-111,-102,76,168,207,137
85,212,127,-163,-26,181,-138,-84,54,155,209,177
59,234,127,-154,-33,202,-109,-100,53,173,200,155
67,212,138,-141,-42,158,-117,-88,48,172,191,144
83,224,134,-147,-48,191,-100,-92,56,152,199,159
84,229,137,-142,-26,171,-114,-78,51,160,184,166
65,206,121,-155,-29,151,-103,-79,52,173,202,146
87,183,130,-161,-36,175,-123,-82,58,162,173,156
92,222,142,-144,-40,173,-98,-90,43,160,213,146
70,219,141,-141,-35,178,-105,-97,69,139,174,136
70,186,141,-140,-21,161,-127,-84,59,123,170,136
53,211,118,-141,-26,165,-124,-59,42,143,154,157
75,193,122,-141,-15,133,-102,-79,50,152,185,129
58,214,113,-145,-33,149,-103,-66,85,143,175,141
67,191,112,-116,-35,149,-88,-64,83,147,173,123
60,156,103,-129,-28,136,-99,-61,38,125,156,127
87,169,100,-132,-17,126,-85,-80,59,117,154,131
66,157,109,-102,9,128,-81,-72,45,103,139,142
31,156,81,-91,-14,143,-72,-46,36,106,154,103
51,143,111,-80,-7,128,-80,-55,38,125,114,101
77,136,104,-111,-17,117,-62,-50,53,90,95,89
47,122,99,-93,-5,104,-48,-63,52,91,119,79
33,129,61,-72,-27,92,-66,-59,50,77,92,98
39,124,75,-95,-42,81,-82,-31,42,83,107,77
47,106,76,-67,-11,104,-64,-60,14,71,73,68
41,109,61,-72,-19,96,-44,-27,16,72,101,101
22,98,60,-64,-22,82,-51,-34,30,51,65,54
27,73,57,-81,1,76,-63,-55,9,50,83,55
14,88,48,-64,5,60,-37,-37,32,61,46,56
28,73,52,-53,-13,68,-23,-48,19,46,66,54
28,45,37,-54,14,57,-40,-10,35,38,53,28
24,52,34,-37,-21,53,-47,-26,21,40,50,35
17,53,77,-31,-13,37,-30,-13,21,47,45,30
31,42,16,-26,-7,51,-34,-18,10,28,49,28
-1,61,25,-52,15,33,-4,-18,4,28,25,22
9,46,17,-24,-5,34,-22,-17,12,25,33,29
30,28,43,-21,17,44,-26,-17,7,-1,31,33
-13,47,-7,-1,-21,28,-16,-12,0,33,30,18
-14,29,-6,-29,-5,37,-32,-9,-2,1,9,10
12,21,7,6,-7,13,-18,-1,-3,7,-12,-5
3,28,12,9,-7,3,2,5,20,-5,-8,7
0,-28,14,-16,3,-10,-3,-16,22,1,1,17
-9,5,1,3,3,0,5,-11,5,-22,-19,16
-1,-16,9,2,-3,11,-26,2,-9,-5,-9,-10
-5,7,13,-14,12,26,14,9,-8,-7,6,11
-6,-9,-3,19,2,-10,2,14,-6,-10,16,-24
17,1,-6,12,7,-11,-29,17,21,-20,-1,-10
-7,-2,1,1,1,-16,-13,0,0,-7,-12,-15
1,-24,-24,11,10,-16,-4,11,-27,-4,-21,-16
2,-1,-7,27,7,-5,-17,11,-3,-18,-12,-19
-8,-9,-17,-15,2,-10,4,17,-9,-10,-22,-16
-24,-25,-8,-4,-19,-12,-15,-8,-14,-36,-17,-15
-7,-18,-6,-6,16,-42,11,32,8,-41,-8,-50
-6,-12,-1,19,-4,-9,-3,18,-4,-25,-32,-25
-14,-32,-15,28,17,-45,15,13,4,-14,3,-9
-25,-11,-25,24,1,-11,2,26,-17,-31,-23,-28
1,-31,-24,22,1,-25,36,25,7,-23,-25,-35
-20,-35,-19,19,23,-36,26,31,3,-31,-33,8
-16,-13,-41,37,-15,-46,26,29,3,-20,-2,-30
22,-33,-26,16,26,-16,14,0,-23,-18,-19,-17
10,-15,-14,23,-5,-30,23,6,-10,-11,-31,-28
-36,-36,-23,34,13,-38,20,10,4,-9,-42,-31
-33,-32,-23,32,0,-34,17,-5,-15,-19,-30,-23
-10,-32,-19,22,32,-43,7,-3,-14,-14,-32,-20
-8,-27,-28,30,22,-20,48,15,-9,-43,-35,-20
-13,-53,-36,20,7,-40,22,1,-18,-33,-24,-22
-18,-43,-37,23,7,-21,19,-4,-21,-24,-38,-38
-24,-23,-45,15,21,-44,14,18,2,-35,-36,-15
-19,-47,-24,30,25,-26,12,-3,-17,-61,-38,-22
-39,-61,-41,30,-6,-13,29,20,-38,-36,-46,-32
-30,-50,-28,33,11,-27,39,23,-30,-31,-50,-39
-17,-79,-50,62,1,-34,36,38,-35,-38,-22,-37
-48,-69,-49,32,13,-51,22,40,-10,-39,-37,-63
-9,-43,-51,34,11,-67,26,23,-10,-54,-68,-48
-1,-70,-41,40,26,-73,37,15,-22,-50,-27,-51
-12,-93,-55,75,30,-75,38,26,-19,-55,-86,-63
-16,-73,-60,73,29,-80,50,40,-20,-56,-59,-54
-32,-90,-59,70,-2,-83,52,41,-30,-84,-81,-63
-41,-117,-81,69,28,-85,58,56,-58,-85,-126,-100
-16,-130,-78,80,12,-92,53,60,-26,-92,-122,-78
-58,-153,-97,83,24,-109,67,44,-38,-90,-106,-109
-58,-134,-113,98,12,-130,98,59,-48,-95,-141,-97
-46,-168,-109,108,28,-129,91,67,-53,-131,-158,-101
-51,-152,-131,124,32,-120,94,38,-58,-110,-138,-124
-53,-155,-114,123,40,-133,77,46,-38,-120,-172,-119
-48,-180,-133,104,11,-161,72,68,-57,-135,-145,-127
-75,-179,-126,118,39,-162,102,89,-33,-100,-143,-133
-64,-154,-115,108,21,-131,109,64,-41,-123,-145,-143
-50,-167,-109,80,36,-134,75,82,-54,-124,-149,-100
-40,-145,-88,108,17,-112,72,60,-68,-98,-141,-118
-51,-129,-94,97,7,-109,71,66,-35,-93,-100,-109
-51,-107,-69,65,20,-93,44,10,-44,-93,-90,-83
-22,-73,-29,45,18,-61,20,24,-18,-64,-68,-59
-27,-57,-11,27,17,-26,31,14,-7,-27,-28,-27
5,0,-2,-16,0,2,3,15,-5,5,22,-9
32,35,32,-42,-2,32,8,-29,21,42,47,27
34,133,71,-75,-20,94,-56,-33,26,92,96,81
52,165,99,-123,-19,148,-89,-50,57,139,144,83
97,251,150,-179,-35,191,-135,-91,95,168,210,166
90,312,224,-210,-45,258,-186,-110,81,209,268,229
140,381,236,-254,-58,332,-212,-160,104,288,344,246
170,480,286,-321,-52,381,-245,-189,157,363,404,310
180,531,359,-365,-66,455,-282,-217,158,409,488,364
199,613,368,-423,-108,521,-315,-256,185,471,559,425
235,685,428,-467,-108,557,-387,-291,206,516,616,484
257,773,478,-513,-118,635,-408,-302,233,558,683,534
294,798,528,-530,-119,676,-441,-329,244,616,730,541
288,856,553,-580,-138,706,-485,-355,262,638,776,596
315,903,585,-623,-136,752,-507,-374,265,668,819,628
324,912,600,-628,-135,763,-516,-355,274,688,822,649
334,925,616,-626,-146,764,-534,-361,273,683,844,641
336,943,613,-633,-126,744,-507,-365,273,695,825,642
325,901,593,-607,-139,758,-501,-359,258,683,808,615
295,845,557,-595,-139,705,-473,-343,285,664,778,587
283,807,519,-572,-119,675,-441,-321,243,603,722,577
259,762,490,-535,-110,617,-425,-297,228,573,706,548
227,709,448,-484,-123,586,-412,-275,197,525,627,483
231,632,419,-439,-116,527,-355,-266,198,491,541,442
193,549,361,-390,-71,438,-301,-221,160,432,523,370
157,476,298,-333,-63,363,-254,-194,138,336,404,346
131,374,242,-262,-83,310,-201,-144,131,292,341,272
105,305,204,-204,-31,254,-136,-129,97,228,282,202
88,209,163,-145,-34,180,-113,-84,70,180,176,140
54,120,61,-103,-27,111,-53,-65,46,95,100,93
26,52,47,-50,12,36,-34,-23,19,31,32,70
-5,-43,-10,23,-4,-24,-1,-3,-15,-3,-24,-28
-30,-77,-37,52,0,-68,47,29,-33,-92,-80,-66
-49,-125,-93,92,-1,-104,96,61,-42,-127,-128,-105
-76,-207,-121,128,34,-149,87,78,-58,-141,-160,-126
-84,-239,-162,158,19,-193,116,85,-72,-201,-205,-173
-110,-260,-180,191,37,-210,130,103,-72,-190,-221,-182
-100,-292,-203,196,50,-259,162,125,-83,-232,-277,-218
-128,-324,-216,218,39,-284,183,125,-118,-252,-294,-220
-119,-321,-242,236,51,-300,199,146,-106,-270,-315,-232
-127,-337,-226,258,57,-290,190,119,-95,-247,-321,-227
-97,-343,-243,248,57,-291,181,140,-105,-287,-343,-270
-151,-337,-222,234,64,-297,181,137,-115,-262,-347,-233
-127,-378,-262,231,56,-297,165,134,-114,-246,-306,-270
-130,-353,-219,239,39,-288,174,150,-127,-268,-334,-230
-117,-323,-227,250,58,-293,181,155,-109,-258,-312,-228
-98,-335,-196,227,42,-274,182,133,-82,-241,-284,-208
-96,-321,-214,208,39,-246,182,120,-79,-211,-274,-212
-82,-273,-180,198,36,-235,148,118,-74,-218,-259,-174
-109,-283,-187,203,28,-232,154,88,-72,-214,-256,-180
-88,-251,-175,163,46,-205,151,109,-94,-210,-233,-154
-74,-247,-163,157,43,-210,152,98,-60,-182,-222,-174
-99,-222,-145,153,35,-190,121,96,-58,-162,-195,-126
-68,-172,-127,135,14,-148,123,98,-34,-155,-190,-129
-62,-193,-98,136,32,-152,124,60,-65,-162,-184,-126
-62,-184,-122,117,23,-139,112,82,-68,-148,-172,-141
-51,-153,-103,109,29,-121,90,39,-59,-113,-156,-138
-49,-154,-112,110,22,-108,66,63,-80,-93,-156,-133
-66,-142,-115,93,20,-90,86,69,-37,-132,-146,-91
-38,-93,-67,95,21,-115,75,60,-50,-95,-131,-90
-17,-131,-89,91,12,-116,74,68,-24,-100,-117,-89
-62,-149,-79,83,23,-108,90,43,-45,-97,-120,-97
-26,-131,-72,103,8,-102,80,51,-41,-100,-106,-96
-45,-127,-67,67,11,-86,73,53,-46,-85,-118,-84
-40,-115,-79,79,-7,-105,70,52,-43,-80,-134,-107
-60,-113,-70,58,24,-115,60,55,-53,-119,-98,-100
-58,-90,-78,84,14,-101,65,30,-24,-115,-97,-114
-20,-115,-79,83,14,-114,59,51,-47,-94,-124,-72
-28,-111,-77,74,13,-112,72,54,-44,-125,-98,-95
-41,-113,-67,71,20,-88,75,51,-33,-92,-94,-79
-53,-122,-77,77,26,-90,54,30,-23,-92,-97,-88
-52,-94,-63,64,30,-101,46,56,-46,-83,-109,-75
-35,-121,-72,87,20,-86,54,43,-38,-91,-96,-80
-48,-117,-59,75,31,-102,56,47,-19,-88,-103,-77
-45,-115,-76,86,17,-92,66,39,-41,-86,-91,-98
-51,-100,-50,56,6,-93,77,44,-35,-81,-88,-85
-40,-76,-89,60,4,-95,93,44,-43,-91,-106,-75
-37,-117,-85,69,5,-75,67,32,-38,-79,-82,-70
-43,-121,-72,84,10,-105,59,46,-20,-71,-104,-88
-20,-98,-37,68,22,-111,11,66,-27,-63,-112,-68
-33,-90,-71,95,12,-93,58,36,-33,-80,-71,-106
-46,-95,-62,92,0,-96,69,40,-34,-77,-100,-68
-44,-107,-84,59,11,-97,51,44,-5,-94,-109,-68
-19,-99,-96,69,41,-69,71,42,-11,-66,-102,-63
-47,-110,-60,95,28,-83,43,51,-29,-79,-86,-74
-38,-115,-48,81,29,-88,53,26,-25,-98,-90,-62
-29,-94,-60,66,24,-78,73,42,-32,-94,-100,-70
-28,-98,-47,86,11,-74,42,47,-39,-64,-89,-85
-10,-85,-46,54,13,-94,33,42,-37,-84,-106,-61
-31,-106,-57,79,-16,-62,56,39,-26,-69,-78,-68
-25,-108,-78,55,10,-58,50,8,-46,-55,-85,-66
-30,-106,-82,64,12,-55,57,40,-53,-67,-79,-74
-43,-97,-72,77,6,-95,48,26,-21,-56,-82,-70
-30,-81,-88,72,25,-80,49,55,-10,-68,-78,-69
-39,-98,-61,46,17,-56,51,49,-5,-83,-68,-46
-12,-101,-47,64,4,-86,64,19,-25,-37,-92,-62
-34,-73,-67,36,11,-59,67,32,-7,-39,-70,-58
-45,-89,-58,59,-14,-84,43,48,-21,-72,-92,-72
-20,-108,-43,60,28,-74,38,27,-15,-87,-83,-62
-26,-95,-53,52,21,-64,32,33,-15,-81,-80,-60
-38,-94,-63,24,5,-63,44,5,-36,-58,-55,-60
-25,-74,-49,48,13,-68,57,38,-6,-47,-54,-67
-17,-71,-57,43,47,-60,37,18,-18,-30,-78,-58
-32,-83,-58,61,2,-59,29,40,-12,-49,-74,-62
-22,-87,-32,53,-2,-64,42,29,-20,-69,-54,-51
-7,-66,-26,29,25,-37,47,33,-8,-50,-64,-46
-20,-51,-24,53,7,-34,42,24,-8,-62,-67,-33
-28,-63,-32,48,12,-42,35,32,-28,-51,-61,-42
-2,-51,-37,44,12,-26,33,16,-14,-43,-77,-40
-33,-52,-20,52,5,-46,33,23,-20,-28,-53,-38
-19,-52,-47,24,26,-32,35,38,-6,-26,-38,-17
-7,-73,-51,43,30,-43,17,-1,-19,-71,-31,-23
-45,-43,-24,34,24,-41,17,14,-20,-20,-33,-20
-5,-34,-58,14,10,-21,33,31,-6,-10,-32,-38
-19,-52,-38,13,23,-36,30,17,-6,-31,-17,-28
-4,-45,-20,17,-6,-17,54,-20,-8,-28,-28,-6
-21,-25,-15,20,10,-17,6,-3,-5,-50,-58,-33
-3,-16,-28,26,-5,-14,-21,4,-8,-18,-35,-3
-24,-5,-26,16,-12,-8,11,-8,-24,-36,-5,-21
-23,-20,-20,12,8,10,7,15,9,-30,-13,-4
-12,-5,-4,17,-5,6,24,1,-4,-25,-21,-16
-25,-11,12,6,-5,-11,9,-10,-18,-10,5,-4
-8,-9,-3,-25,8,-8,5,7,-2,-15,-16,6
3,4,20,5,-8,4,4,0,-7,9,-24,-16
-2,-2,16,-12,-9,12,8,-16,8,25,1,14
15,40,4,-5,4,15,-2,-2,5,27,14,9
19,19,12,-19,0,20,-23,-28,9,11,20,-15
-10,15,8,-24,-7,17,-22,-19,-12,20,26,20
21,38,28,-30,-34,13,-29,-15,-4,19,29,8
-1,20,-6,0,3,36,-24,-13,1,25,16,15
32,38,26,-10,-28,22,-30,-31,16,40,39,34
20,58,32,-50,-4,24,-15,-19,13,36,65,41
29,65,68,-53,-1,51,-20,-4,18,36,38,48
14,51,52,-35,-12,50,-15,-18,14,28,43,41
18,101,58,-60,-3,64,-27,-24,-5,49,69,68
42,61,60,-56,-1,60,-35,-18,48,65,71,44
29,74,61,-79,-29,71,-70,-14,23,67,77,73
38,81,70,-56,-10,62,-38,-54,11,77,98,62
36,89,60,-92,-7,79,-59,-24,61,74,92,73
50,102,75,-56,-17,82,-45,-37,47,72,115,101
39,102,66,-64,-10,96,-69,-48,26,96,141,94
52,96,76,-70,-38,97,-86,-28,59,102,98,68
39,123,92,-85,-7,80,-78,-41,52,84,131,79
48,131,77,-110,-19,106,-84,-75,43,110,118,89
33,129,102,-114,-26,107,-91,-80,68,112,97,98
65,143,80,-102,-21,117,-60,-46,57,122,133,84
46,144,95,-122,-24,115,-97,-63,53,100,133,102
32,169,110,-101,-13,123,-78,-70,67,118,135,99
64,192,85,-119,-19,116,-99,-45,48,114,151,117
42,172,115,-106,-40,146,-119,-46,47,127,175,101
92,180,111,-103,-51,158,-115,-79,44,131,161,125
77,163,124,-104,-29,157,-100,-55,71,136,164,141
52,192,135,-116,-31,176,-102,-83,53,152,169,120
42,186,118,-131,-44,156,-101,-65,66,157,179,151
45,184,144,-124,-34,151,-119,-83,37,155,184,145
85,215,132,-140,-25,191,-107,-87,52,142,176,140
81,206,174,-160,-29,172,-121,-83,69,163,183,154
61,203,139,-142,-52,164,-118,-85,55,174,187,178
74,212,158,-151,-40,179,-128,-100,66,180,213,158
87,247,145,-151,-30,193,-155,-112,64,160,195,172
74,233,164,-160,-39,203,-114,-86,67,185,223,171
76,239,167,-174,-60,190,-149,-91,80,165,206,160
83,248,154,-173,-45,205,-135,-105,59,181,229,171
87,253,148,-191,-15,213,-130,-115,91,183,235,172
98,245,165,-191,-53,217,-142,-79,66,179,240,173
99,264,168,-180,-53,199,-135,-135,72,193,252,186
79,264,155,-152,-52,219,-134,-87,88,189,247,173
90,262,185,-203,-37,226,-128,-83,72,186,254,203
95,274,161,-184,-45,233,-150,-118,68,230,254,181
104,264,163,-202,-42,239,-153,-117,99,192,226,191
108,286,185,-196,-38,237,-140,-114,111,226,244,194
106,279,186,-198,-48,247,-125,-131,82,227,250,184
89,277,187,-180,-57,260,-180,-98,91,212,257,208
99,290,168,-230,-46,230,-129,-109,74,217,234,213
95,274,152,-198,-27,239,-186,-97,71,210,252,206
107,310,196,-176,-37,229,-171,-115,89,227,249,200
88,282,191,-196,-22,224,-164,-110,63,220,256,212
111,285,195,-191,-65,249,-159,-140,85,246,261,196
95,266,189,-216,-68,230,-164,-126,91,222,266,205
87,268,181,-202,-17,259,-161,-149,108,209,266,229
83,296,177,-191,-15,239,-149,-122,91,227,256,188
99,292,178,-193,-57,256,-163,-97,90,223,252,205
93,295,175,-190,-48,225,-138,-139,78,205,253,213
104,279,194,-195,-50,250,-170,-124,95,240,279,212
101,285,191,-204,-64,238,-169,-113,84,198,273,202
120,304,180,-190,-43,219,-151,-100,81,211,264,201
98,305,164,-207,-52,229,-164,-115,86,217,247,208
110,296,200,-175,-39,256,-162,-100,72,210,235,182
118,266,186,-178,-52,263,-161,-107,92,196,259,198
94,284,196,-197,-46,237,-136,-106,95,205,241,200
107,260,188,-176,-32,238,-158,-115,93,209,245,188
94,301,175,-190,-26,233,-160,-98,71,196,249,226
81,284,188,-164,-21,224,-142,-115,69,220,235,192
94,262,184,-186,-28,211,-128,-103,85,203,239,179
65,270,182,-197,-34,219,-147,-105,58,194,242,163
55,245,170,-178,-26,189,-145,-105,101,194,231,164
109,271,196,-143,-44,207,-137,-98,75,182,233,185
90,252,183,-177,-34,198,-122,-104,72,181,212,172
54,239,162,-172,-22,208,-130,-68,86,171,204,163
91,250,158,-173,-31,217,-115,-104,51,159,217,154
90,243,134,-152,-45,195,-145,-98,76,166,180,158
79,206,161,-173,-30,200,-119,-90,72,182,195,184
79,240,151,-157,-50,179,-117,-107,68,163,188,148
80,230,150,-145,-38,172,-118,-65,78,169,173,150
62,206,148,-143,-42,193,-120,-81,56,170,173,132
70,211,136,-115,-32,173,-72,-84,66,145,170,169
72,190,123,-139,-41,156,-105,-79,46,176,176,145
97,196,140,-133,-51,165,-117,-69,68,131,145,133
63,185,103,-126,-27,163,-99,-74,69,141,156,99
67,168,118,-126,-27,155,-100,-85,37,134,172,124
100,184,130,-118,-25,132,-86,-65,72,103,153,115
41,159,103,-120,-21,117,-92,-60,39,106,160,120
70,159,85,-95,-25,124,-99,-62,44,114,140,105
50,161,97,-87,-17,126,-67,-65,48,120,126,106
33,162,82,-78,-10,129,-78,-76,32,117,114,104
37,158,101,-107,-35,131,-89,-43,50,107,126,95
52,124,86,-87,-47,106,-61,-63,32,69,128,88
51,113,95,-58,-29,101,-65,-51,64,115,111,83
13,125,85,-69,-6,89,-64,-30,39,101,86,69
19,97,76,-81,-24,101,-67,-36,24,60,116,70
26,96,67,-61,1,93,-49,-57,27,66,72,85
32,66,69,-55,-14,72,-49,-26,34,47,75,66
21,97,52,-34,-1,78,-59,-51,24,62,86,66
31,91,55,-32,-30,59,-54,-20,36,50,80,53
50,69,50,-58,-5,65,-35,-35,34,48,40,57
26,72,23,-40,-1,26,-24,-14,39,57,45,64
29,83,52,-44,-8,70,-41,-28,29,45,40,51
4,53,37,-14,-3,52,-30,-13,27,22,50,32
14,35,20,-33,11,34,-29,-13,11,38,35,48
-8,34,28,-9,-23,28,-20,-20,27,12,50,37
4,31,10,-10,12,32,-2,-10,23,28,13,26
-27,42,24,-6,4,26,-10,-6,12,13,21,31
-10,19,6,-21,-4,6,-8,-4,12,13,36,8
11,8,9,-1,6,8,-13,8,-5,0,6,23
8,12,-4,19,-7,16,11,1,-3,13,10,4
0,-6,12,-5,19,21,-3,5,-10,11,31,2
13,1,-17,-1,24,-21,13,-11,13,5,-10,3
4,-11,0,4,4,5,12,19,-1,-29,-32,-21
-21,-18,-31,0,18,-2,17,-14,-8,-19,4,-12
0,-15,-17,1,26,-16,27,19,24,-7,-16,-20
0,-39,2,28,42,-25,3,16,-19,-11,-15,-21
-9,14,-9,37,27,-30,9,23,-15,-20,-31,4
-33,-32,-29,26,13,-25,32,19,-29,-38,-41,-31
-22,-54,-16,34,-12,-32,19,15,-34,-16,-39,-42
-4,-40,-15,35,-2,-45,24,21,-4,-30,-46,-36
-29,-63,-28,17,22,-56,25,0,-39,-51,-30,-30
-20,-62,-44,40,6,-55,58,32,-16,-28,-64,-42
13,-45,-38,72,17,-31,15,27,-3,-30,-52,-57
-8,-63,-33,27,0,-44,30,15,-23,-50,-49,-29
-24,-49,-47,51,-2,-38,38,25,-17,-48,-58,-26
-15,-73,-38,43,6,-31,34,28,-31,-54,-86,-29
-29,-84,-15,30,15,-43,51,15,-21,-65,-67,-26
-28,-63,-40,58,3,-37,22,32,-14,-51,-55,-44
-31,-81,-58,48,10,-75,49,41,-34,-48,-43,-40
-24,-99,-45,74,10,-63,42,25,-18,-75,-73,-73
-26,-77,-48,39,9,-93,40,32,-7,-45,-68,-64
-33,-104,-48,44,41,-71,38,10,-28,-76,-83,-51
-43,-97,-68,77,11,-77,42,30,-4,-79,-70,-45
-12,-84,-53,74,26,-71,66,32,-39,-57,-78,-60
-36,-114,-50,55,-2,-86,48,38,-43,-67,-75,-53
-50,-84,-49,50,14,-78,56,24,-27,-94,-92,-74
-45,-104,-59,48,-6,-70,58,23,-27,-60,-79,-69
-45,-96,-65,66,17,-78,37,46,-19,-56,-91,-77
-42,-92,-65,66,0,-75,30,43,-25,-66,-81,-50
-25,-107,-52,70,6,-84,52,41,-49,-59,-75,-65
-37,-106,-64,69,24,-92,55,28,-29,-92,-87,-65
-48,-117,-61,68,8,-82,63,39,-40,-86,-96,-65
-19,-86,-76,67,21,-80,49,55,-43,-67,-105,-88
-43,-100,-80,74,11,-74,50,52,-21,-74,-108,-74
-31,-116,-55,84,28,-78,27,69,-14,-61,-82,-92
-45,-91,-92,79,-9,-80,51,32,-40,-84,-94,-68
-36,-113,-69,64,31,-83,68,27,-34,-63,-102,-77
-34,-111,-63,71,14,-103,61,62,-26,-75,-73,-88
-24,-102,-78,58,36,-90,57,36,-45,-81,-95,-61
-21,-108,-83,60,17,-87,65,38,-44,-89,-76,-79
-22,-101,-76,63,11,-97,30,29,-20,-85,-111,-80
-42,-101,-61,71,3,-79,47,41,-30,-76,-111,-88
-21,-108,-73,79,33,-88,63,37,-15,-99,-107,-84
-43,-97,-69,88,15,-82,40,43,-31,-95,-104,-78
-63,-126,-87,64,14,-96,66,59,-46,-83,-104,-92
-42,-106,-70,68,9,-101,69,35,-24,-87,-101,-68
-43,-115,-97,78,24,-93,62,45,-35,-86,-101,-78
-40,-122,-59,59,21,-114,57,50,-34,-67,-116,-91
-38,-104,-65,103,22,-94,71,41,-50,-83,-124,-85
-37,-115,-73,91,24,-70,75,56,-29,-107,-107,-69
-37,-120,-85,43,26,-82,76,64,-45,-89,-116,-85
-46,-101,-77,61,20,-111,54,62,-33,-98,-85,-84
-50,-105,-62,94,37,-92,61,59,-39,-88,-92,-101
-41,-121,-79,80,-1,-102,52,64,-45,-95,-99,-90
-42,-117,-78,67,23,-93,55,39,-29,-78,-108,-88
-15,-133,-68,81,11,-96,62,37,-42,-98,-108,-84
-55,-126,-83,75,11,-113,96,64,-33,-69,-72,-83
-64,-115,-93,74,32,-81,67,49,-44,-102,-102,-84
-39,-102,-77,91,31,-104,54,49,-10,-75,-109,-72
-29,-115,-94,87,17,-86,74,48,-53,-88,-118,-91
-34,-106,-86,74,-2,-90,68,38,-20,-68,-96,-72
-31,-115,-70,63,28,-103,76,42,-30,-102,-121,-85
-14,-123,-78,78,25,-88,68,40,-48,-102,-106,-53
-46,-110,-74,52,27,-90,56,55,-34,-81,-101,-63
-31,-121,-68,45,21,-94,71,43,-34,-91,-76,-93
-34,-105,-55,69,42,-93,85,45,-21,-91,-101,-76
-45,-128,-89,56,-13,-89,57,55,-20,-110,-113,-91
-41,-106,-72,74,-1,-88,58,31,-25,-82,-75,-100
-56,-120,-66,75,27,-112,45,55,-45,-101,-117,-74
-34,-126,-82,75,10,-75,74,46,-17,-83,-97,-77
-61,-113,-86,61,17,-75,63,43,-45,-113,-93,-69
-60,-116,-82,92,17,-83,52,53,-38,-80,-90,-67
-54,-89,-62,70,14,-103,88,52,-55,-82,-100,-95
-42,-109,-94,56,25,-93,55,64,-50,-93,-96,-70
-51,-97,-72,79,28,-86,57,35,-38,-87,-96,-74
-23,-116,-63,85,15,-70,26,33,-27,-93,-87,-76
-25,-109,-91,58,22,-98,55,31,-39,-98,-101,-56
-40,-96,-78,56,39,-87,45,57,-11,-89,-96,-63
-35,-117,-65,94,36,-97,51,40,-17,-76,-88,-97
-28,-109,-67,100,27,-91,40,67,-35,-90,-102,-68
-21,-114,-69,69,33,-112,58,27,-26,-63,-93,-57
-18,-93,-85,69,36,-112,81,26,-18,-67,-101,-73
-52,-102,-80,78,-12,-116,75,42,-31,-64,-84,-63
-54,-100,-77,91,-4,-91,60,38,-15,-65,-106,-74
-41,-126,-83,95,25,-106,63,56,-31,-85,-99,-90
-38,-98,-80,64,8,-75,61,57,-38,-94,-82,-79
-58,-108,-77,79,37,-95,68,25,-13,-107,-95,-81
-25,-98,-52,74,3,-97,51,42,-41,-72,-96,-94
-31,-127,-70,88,10,-80,63,43,-41,-53,-99,-82
-39,-97,-92,68,19,-71,58,52,-18,-89,-104,-71
-28,-87,-76,82,24,-69,69,55,-34,-96,-95,-72
-32,-102,-69,60,23,-78,47,44,-26,-75,-99,-79
-37,-105,-54,70,3,-68,54,47,-29,-56,-108,-59
-49,-121,-74,100,33,-81,68,30,-27,-94,-82,-87
-27,-92,-91,58,6,-86,69,36,-26,-90,-113,-69
-40,-99,-79,82,2,-75,69,21,-16,-78,-86,-65
-25,-99,-56,75,16,-76,63,73,-35,-76,-86,-78
-15,-92,-84,69,16,-77,64,41,-45,-74,-110,-96
-26,-111,-56,51,21,-71,71,31,-32,-60,-114,-86
-31,-106,-69,74,14,-74,49,34,-27,-73,-117,-78
-49,-100,-63,48,9,-99,63,23,-37,-68,-85,-66
-53,-104,-80,88,15,-101,59,14,-22,-68,-90,-65
-27,-89,-67,57,22,-90,60,43,-27,-50,-83,-73
-57,-85,-66,84,3,-93,67,30,-36,-46,-87,-69
-38,-99,-54,56,13,-93,63,38,-29,-67,-86,-48
-33,-105,-44,64,10,-87,46,34,-28,-65,-111,-54
-35,-97,-71,104,11,-70,61,35,-20,-82,-98,-71
-56,-102,-60,65,22,-78,63,44,-13,-75,-103,-53
-21,-94,-77,62,17,-69,56,38,-50,-84,-84,-85
-18,-87,-49,63,22,-99,46,33,-44,-72,-93,-52
-42,-81,-70,60,8,-91,54,20,-33,-87,-84,-65
-45,-101,-51,72,11,-66,48,39,-29,-67,-77,-61
-15,-86,-60,48,13,-69,68,38,-42,-53,-86,-65
-42,-96,-56,60,36,-85,46,32,-32,-82,-76,-71
-20,-111,-60,53,4,-88,46,29,-45,-75,-91,-64
-35,-92,-46,61,24,-76,45,59,-35,-77,-92,-72
-25,-97,-60,73,21,-86,37,32,-28,-76,-100,-61
-23,-98,-51,71,13,-94,56,30,-46,-73,-68,-85
-46,-108,-60,63,-13,-83,43,37,-32,-77,-74,-61
-26,-90,-66,71,23,-68,59,34,-10,-44,-75,-78
-15,-100,-53,31,31,-72,60,27,-37,-69,-77,-75
-44,-120,-67,58,12,-96,51,42,-19,-79,-88,-55
-46,-98,-39,78,22,-64,60,26,-49,-79,-72,-78
-30,-95,-72,53,28,-77,42,43,-5,-72,-78,-68
-40,-89,-59,54,23,-86,55,31,-18,-98,-89,-75
-33,-113,-61,51,16,-102,34,38,-16,-79,-83,-61
-37,-94,-73,66,5,-80,42,50,-14,-87,-48,-64
-24,-72,-34,61,30,-68,40,26,-20,-59,-75,-65
-38,-95,-53,40,11,-85,51,39,-50,-88,-70,-47
-41,-83,-58,56,23,-76,35,33,-30,-38,-58,-57
-31,-95,-61,61,-1,-88,55,24,-28,-77,-71,-81
-20,-93,-82,61,19,-84,62,17,-18,-42,-79,-60
-6,-82,-46,68,1,-72,37,48,-7,-75,-89,-54
-28,-113,-47,66,-7,-86,36,19,-25,-61,-81,-54
-37,-100,-59,85,26,-74,25,40,0,-73,-68,-49
-22,-110,-56,48,-2,-92,42,47,9,-59,-79,-63
-30,-93,-62,66,7,-76,50,36,-29,-60,-86,-87
-48,-70,-40,65,-6,-63,73,40,-29,-64,-93,-76
-41,-91,-65,70,-5,-82,63,37,-21,-79,-67,-70
-26,-75,-66,83,21,-79,72,17,-14,-42,-107,-49
-33,-64,-49,63,20,-69,32,59,-7,-56,-72,-46
-26,-86,-60,40,3,-99,50,41,-24,-62,-91,-72
-46,-95,-41,36,13,-35,51,27,-42,-52,-60,-56
-39,-83,-68,75,24,-71,56,35,-9,-59,-74,-56
-20,-64,-47,78,9,-62,40,29,-47,-61,-81,-32
-33,-89,-59,75,27,-82,38,42,-12,-65,-87,-70
-54,-78,-51,66,-2,-86,53,22,-31,-60,-99,-54
-26,-92,-65,63,-7,-89,46,51,-35,-85,-91,-49
-29,-72,-45,60,-3,-51,52,29,-38,-71,-68,-61
-40,-88,-57,50,12,-67,45,35,-30,-68,-77,-43
-28,-82,-45,56,2,-67,33,31,-24,-49,-85,-63
-37,-101,-67,51,-10,-74,37,33,-43,-52,-75,-76
-29,-67,-57,51,17,-57,49,41,-15,-62,-70,-74
-50,-70,-61,41,13,-81,71,37,-24,-57,-51,-41
-40,-75,-52,52,14,-74,32,49,-32,-56,-69,-63
-29,-77,-69,63,6,-52,55,13,-30,-83,-81,-50
-28,-68,-44,56,37,-80,26,30,-28,-71,-86,-75
-29,-88,-65,44,25,-80,68,34,-28,-57,-89,-73
-33,-80,-40,57,26,-107,56,16,-56,-62,-81,-60
-6,-55,-45,75,21,-71,68,44,-8,-56,-60,-49
-45,-81,-59,64,28,-61,50,29,-15,-71,-88,-73
-50,-88,-66,72,2,-70,51,44,-24,-66,-66,-55
-15,-53,-57,79,34,-53,41,56,-40,-59,-82,-59
-5,-81,-78,45,22,-68,38,35,-27,-74,-84,-66
-14,-83,-61,43,7,-57,45,0,-32,-63,-82,-43
-11,-82,-61,38,18,-72,54,38,-9,-57,-75,-47
-16,-75,-40,48,20,-65,33,36,-13,-57,-53,-43
-22,-76,-48,47,20,-84,40,39,-20,-49,-98,-63
-29,-83,-59,41,4,-42,33,41,-19,-52,-85,-79
-14,-94,-52,60,-16,-58,31,45,-13,-59,-64,-57
-45,-75,-49,71,12,-42,53,26,-7,-61,-72,-51
-13,-58,-50,51,0,-68,50,35,-6,-57,-94,-75
-15,-76,-56,48,10,-74,60,23,-27,-59,-88,-60
-12,-66,-61,51,1,-53,39,26,-27,-56,-63,-62
-12,-89,-48,51,27,-69,62,4,-16,-48,-75,-56
-28,-54,-48,65,11,-65,36,30,-25,-55,-83,-47
-26,-85,-65,54,5,-78,39,30,-34,-56,-70,-58
-13,-65,-73,51,14,-59,51,31,-22,-56,-49,-50
-40,-71,-51,41,13,-45,50,36,-22,-48,-68,-64
-34,-65,-42,34,11,-56,34,39,-28,-69,-70,-68
0,-94,-43,55,25,-45,25,25,-10,-72,-48,-56
-24,-62,-28,26,-11,-53,44,-4,-33,-54,-52,-55
-41,-78,-39,34,22,-72,34,15,-6,-67,-65,-50
-29,-69,-66,71,16,-64,29,16,-5,-53,-72,-45
-20,-68,-79,61,-7,-73,28,42,-30,-50,-54,-58
-25,-64,-65,57,-7,-64,48,24,-19,-55,-73,-45
-18,-88,-37,57,24,-83,52,37,-25,-71,-70,-61
-37,-84,-59,45,30,-69,36,27,-2,-54,-67,-61
-27,-71,-55,50,41,-49,33,33,-22,-39,-62,-55
-28,-78,-36,48,14,-58,44,21,-35,-43,-80,-34
-37,-51,-36,33,-7,-73,29,22,-13,-46,-85,-72
-25,-49,-41,40,14,-51,49,37,-10,-56,-60,-52
-40,-68,-58,31,8,-74,40,24,-16,-57,-78,-51
-37,-76,-49,22,18,-68,35,27,-53,-55,-65,-55
-16,-57,-56,60,-21,-45,42,27,-41,-41,-65,-57
-26,-93,-58,55,10,-59,25,37,-47,-64,-78,-41
-36,-93,-57,58,13,-77,34,16,-23,-67,-70,-39
-27,-73,-36,59,15,-57,44,13,-14,-69,-34,-52
-2,-82,-54,39,-7,-50,35,40,-7,-49,-65,-45
-25,-60,-60,64,0,-73,38,14,-30,-40,-52,-70
-48,-62,-37,29,39,-72,34,41,-30,-58,-69,-64
-7,-63,-49,53,11,-55,23,25,-35,-45,-42,-47
-11,-56,-35,47,15,-53,36,40,-28,-48,-68,-40
-31,-60,-42,47,9,-36,33,31,-38,-46,-74,-38
-1,-61,-60,47,26,-59,40,32,-13,-41,-56,-81
-27,-67,-65,53,9,-70,26,32,-20,-49,-48,-57
0,-58,-35,59,-3,-31,43,29,8,-55,-73,-62
-7,-66,-13,47,0,-70,21,29,-38,-36,-71,-61
-15,-71,-45,37,19,-46,24,11,-28,-55,-74,-46
-37,-56,-9,57,17,-45,36,12,-34,-56,-40,-65
-22,-65,-19,62,6,-57,29,44,-7,-58,-50,-22
-2,-62,-46,59,12,-55,24,10,-17,-44,-66,-46
-32,-58,-37,59,33,-56,46,23,-22,-46,-58,-52
-12,-68,-58,43,20,-75,44,21,-7,-46,-61,-40
-36,-60,-33,48,8,-59,54,22,-25,-48,-80,-33
-16,-79,-37,52,-16,-30,33,38,1,-34,-50,-47
-10,-53,-51,36,17,-57,36,41,-39,-54,-33,-21
-43,-42,-27,53,-13,-63,32,31,-16,-73,-59,-33
2,-86,-33,47,6,-48,32,25,-16,-34,-59,-29
-16,-52,-50,39,23,-50,44,15,-7,-29,-47,-46
-41,-77,-41,37,0,-39,30,6,-19,-50,-65,-40
-24,-55,-38,42,11,-7,32,32,-39,-20,-55,-39
-19,-45,-36,30,1,-57,15,12,-32,-30,-63,-46
1,-49,-36,53,-4,-52,38,38,-19,-41,-48,-60
-18,-66,-57,39,16,-53,47,5,-35,-34,-90,-43
-14,-46,-35,45,7,-39,29,32,-17,-49,-56,-46
-23,-40,-22,32,-8,-67,19,-6,-30,-23,-67,-35
-22,-78,-35,49,-5,-43,41,21,2,-41,-55,-62
-30,-53,-38,40,5,-51,36,-1,-10,-34,-50,-32
-36,-50,-31,47,1,-50,23,23,-46,-36,-40,-31
-11,-51,-31,19,16,-51,22,15,-13,-35,-41,-28
-28,-61,-22,34,-3,-55,51,7,-23,-52,-43,-21
-24,-75,-25,32,-22,-53,38,1,-20,-8,-47,-28
-16,-55,-28,7,12,-51,34,22,-35,-22,-47,-20
-16,-49,-26,30,18,-22,45,21,-19,-15,-20,-44
13,-71,-35,21,16,-41,37,29,4,-21,-44,-33
-12,-57,-29,29,5,-31,14,31,15,-14,-42,-24
-9,-42,-15,37,7,-46,25,-6,-1,-23,-36,-28
12,-41,-30,31,-13,-49,17,3,-18,-13,-29,3
4,-27,-21,36,19,-37,20,8,-2,-20,-6,-22
-11,-16,-22,32,-2,-9,28,29,-43,-16,-41,0
-9,-53,-11,5,5,-27,18,22,-19,-17,-20,-11
9,-19,-9,29,8,-17,3,22,-11,-22,-42,-24
6,-11,-14,-5,-1,-26,27,26,-12,-10,-42,-19
-17,-8,-30,17,18,-30,-1,31,8,-18,-16,-13
0,-5,-23,29,15,-10,36,9,11,-30,12,3
-28,-23,-1,6,-19,-1,13,12,-8,-10,10,-10
22,-33,9,0,-6,-12,6,16,-3,-12,-26,-13
-2,3,12,21,12,4,-31,22,7,-26,-2,-24
-22,-1,-17,18,10,7,-2,0,10,9,28,-11
-4,-4,-2,6,-16,12,-3,-2,11,20,3,-17
-16,7,14,14,-17,18,7,1,13,1,21,-8
-4,14,-5,-23,11,7,-18,4,-4,16,20,24
7,24,31,-26,-6,-1,-12,-18,-6,0,15,19
8,11,27,-5,20,31,6,-3,11,4,9,0
24,14,29,-17,-2,17,-34,-6,23,19,29,6
17,48,-13,-37,-3,30,-11,-4,10,16,35,18
0,34,10,-44,-28,39,-32,-4,34,20,39,33
20,50,19,-37,10,53,-23,0,14,28,24,10
10,44,18,-25,-17,47,-37,-37,20,44,53,45
17,68,35,-43,-13,69,-41,-36,16,50,62,33
15,54,42,-37,-15,60,-38,-45,8,38,48,54
20,66,44,-40,-11,54,-46,-8,17,68,37,41
14,67,53,-63,1,79,-47,-30,24,49,76,55
32,92,40,-58,-12,62,-41,-48,17,57,91,38
36,80,57,-34,-23,88,-38,-36,27,55,55,77
38,105,55,-71,-25,60,-42,-30,39,95,92,74
54,110,56,-68,-12,113,-41,-65,23,81,80,64
50,110,58,-81,-14,110,-69,-49,19,67,95,63
44,116,70,-78,-44,96,-54,-43,56,76,131,70
50,136,55,-107,-10,98,-76,-45,54,106,134,93
54,128,102,-79,-23,114,-67,-52,34,100,138,92
51,133,91,-101,-30,133,-73,-64,59,103,128,86
31,156,87,-94,-23,108,-84,-34,63,114,129,109
51,165,73,-108,-28,158,-76,-88,34,134,133,95
49,163,102,-95,-38,129,-69,-62,48,116,146,114
53,174,111,-116,-31,134,-113,-49,55,136,143,128
48,172,115,-116,-25,144,-83,-53,36,113,145,113
68,163,117,-120,-11,147,-94,-72,48,150,145,112
54,183,131,-122,-17,142,-70,-77,53,152,180,126
62,172,120,-144,1,170,-107,-81,40,141,177,117
55,204,116,-136,-40,163,-115,-60,63,142,191,124
67,202,125,-140,-33,164,-89,-96,66,142,214,141
50,205,144,-131,-17,148,-93,-79,61,158,178,148
82,211,134,-141,-31,154,-104,-97,63,155,183,150
85,222,128,-138,-35,156,-106,-90,55,169,201,121
75,220,135,-125,-29,185,-88,-72,63,134,177,155
52,203,137,-143,-38,172,-119,-87,56,151,204,157
57,221,145,-109,-42,175,-120,-79,63,183,167,157
91,212,140,-162,-10,162,-103,-81,81,176,169,161
63,233,130,-142,-24,173,-111,-81,66,169,198,131
72,208,153,-147,-9,182,-124,-87,60,165,184,138
65,202,140,-146,-10,183,-113,-85,54,155,198,159
85,201,152,-159,-39,172,-125,-61,72,147,188,151
102,210,135,-132,-58,181,-124,-62,53,150,190,138
60,205,136,-144,-42,173,-111,-105,69,153,165,134
78,203,140,-128,-13,164,-84,-93,43,167,194,150
61,198,139,-122,-24,147,-119,-86,65,137,180,156
67,189,130,-124,-29,156,-119,-73,54,152,166,143
59,186,117,-128,-35,129,-94,-88,41,137,163,157
54,178,122,-125,-24,149,-106,-71,66,138,191,150
48,201,112,-136,-28,139,-122,-61,54,118,172,146
66,185,114,-136,-27,153,-75,-74,30,120,161,140
52,182,106,-129,-29,152,-99,-80,64,137,169,113
56,182,128,-110,-16,144,-85,-75,52,139,157,122
64,131,105,-100,-32,141,-109,-54,34,118,153,111
51,156,100,-102,-21,118,-101,-76,36,108,138,131
45,153,85,-111,-8,118,-73,-62,49,123,138,102
26,155,74,-98,-19,116,-79,-47,24,122,135,85
36,132,87,-111,-20,108,-78,-63,51,108,125,86
36,87,63,-89,-18,125,-105,-58,36,95,109,72
35,134,75,-83,-18,113,-71,-38,19,105,108,83
53,120,68,-90,-7,93,-46,-58,42,97,99,80
51,121,45,-74,-22,87,-34,-54,25,74,92,82
32,108,49,-73,-2,94,-83,-45,9,92,98,64
6,102,59,-56,-11,65,-60,-47,26,72,103,56
26,67,67,-59,-34,63,-54,-24,28,64,74,56
18,68,43,-41,-14,62,-49,-31,35,55,69,56
40,77,66,-40,-11,70,-40,-23,-2,49,72,33
13,93,34,-45,-15,42,-47,-32,28,47,54,31
16,61,51,-47,-1,59,-43,-16,20,44,30,16
25,58,44,-39,-12,55,-32,-40,22,30,48,38
16,57,3,-39,23,41,7,-28,22,49,52,14
26,33,38,-27,-5,40,-31,-8,7,60,38,27
-3,48,43,-9,25,35,-23,-6,25,22,29,20
12,29,4,-31,5,22,-29,-8,3,0,25,6
24,28,21,7,3,21,4,-12,1,13,40,21
16,20,26,-20,-12,25,-32,-26,1,4,24,13
13,25,-8,-17,4,-8,15,-10,19,30,15,-15
5,0,23,-4,5,11,9,-1,10,6,7,13
13,5,-5,-21,19,20,18,-2,-4,0,-5,-4
-10,8,11,2,2,6,-14,-12,-4,13,0,22
3,-3,-13,23,28,31,4,3,14,-2,-10,-4
26,18,-20,8,11,-11,17,4,-5,-2,4,-5
-10,-12,-6,-7,-31,2,0,20,13,-3,6,-12
2,-5,13,-7,-18,12,-3,5,-19,-9,1,5
6,-17,-4,20,-1,-21,14,-16,2,-11,-19,-15
-2,-11,-2,3,-6,-29,-1,-6,0,-31,-13,-1
-2,-23,-2,3,-1,-1,12,8,-3,-7,-39,1
1,-14,-8,-9,26,-5,-3,7,-4,-25,-17,5
-2,-20,-38,-1,-3,-17,30,25,-1,-17,-17,-16
-16,-50,-26,10,5,-11,12,-5,-1,-22,-32,-25
-4,-4,-18,-14,26,-26,3,7,-11,-32,-17,-13
-8,-25,-21,11,-5,-33,23,8,5,-21,-8,9
-30,-48,-11,16,13,-19,8,-13,-39,-14,-48,-30
-16,-46,-42,17,17,-18,39,17,-22,-27,-28,-37
-5,-44,-34,13,-8,-41,22,11,-9,-33,-29,-29
10,-29,-30,21,1,-13,4,29,-19,-41,-43,-22
-28,-10,-28,26,2,-12,24,-6,-3,-19,-16,-18
-15,-25,-30,36,13,-29,29,37,-19,-37,-30,-4
3,-30,-18,42,-17,-15,7,7,-28,-21,-25,-17
-4,-18,-41,20,-4,-38,-8,-1,-6,-31,-34,-19
-16,-37,-37,16,14,-23,40,8,-8,-40,-35,-13
-24,-22,-27,9,18,-24,12,22,3,-21,-46,-46
-30,-28,-24,20,-6,-39,19,9,-6,-8,-46,-21
-23,-23,-22,8,16,-23,18,3,-22,-20,-49,-30
-7,-47,-21,18,15,-23,9,28,7,-21,-23,-27
-7,-40,-38,59,23,-32,18,2,0,-25,-18,-27
-19,-27,-25,29,-6,-7,-7,26,-21,-11,-15,-10
4,-39,-35,25,-10,-31,30,23,-14,-20,-34,-38
-7,-49,-13,26,17,-23,30,8,14,-21,-25,-20
-14,-28,-30,32,9,-35,42,-8,-10,-31,-21,-25
-5,-61,-37,20,27,-44,20,14,-8,-38,-18,-18
-20,-35,-43,34,14,-45,51,10,-3,-45,-45,-25
-14,-44,-32,56,9,-34,27,24,8,-38,-51,-63
-31,-40,-42,45,14,-43,21,14,-13,-40,-46,-42
-35,-57,-30,59,-8,-47,48,30,-18,-46,-38,-47
-43,-58,-68,52,25,-81,37,0,-1,-60,-47,-57
-34,-79,-51,53,-1,-60,51,58,-19,-44,-63,-65
-32,-100,-54,41,7,-60,19,31,-35,-72,-53,-57
-28,-85,-55,63,1,-87,58,40,-44,-72,-95,-92
-41,-90,-97,78,7,-65,60,45,-31,-73,-116,-78
-43,-98,-45,91,21,-80,67,29,-39,-53,-112,-64
-35,-142,-100,97,19,-100,75,35,-29,-92,-115,-76
-45,-155,-97,91,2,-121,72,47,-40,-88,-114,-107
-60,-155,-104,93,30,-103,88,71,-39,-121,-119,-109
-78,-147,-119,98,-2,-142,71,64,-57,-115,-140,-119
-51,-144,-100,109,-9,-139,89,52,-65,-120,-144,-91
-66,-165,-107,107,9,-138,91,69,-42,-119,-145,-142
-63,-174,-119,116,34,-145,78,59,-47,-107,-160,-113
-56,-177,-90,110,18,-126,100,89,-60,-123,-131,-127
-59,-160,-91,114,31,-137,88,42,-55,-105,-141,-108
-52,-141,-108,106,5,-139,92,83,-59,-113,-148,-109
-35,-154,-75,86,-5,-112,76,49,-55,-117,-146,-99
-49,-132,-87,89,27,-109,87,55,-23,-110,-119,-82
-36,-107,-74,71,32,-76,68,32,-47,-79,-83,-60
-2,-77,-54,50,3,-61,31,30,-18,-73,-68,-55
-9,-47,-24,34,-5,-54,15,6,-32,-11,-33,-45
-13,-15,0,11,-1,13,24,-19,30,0,-23,-4
50,46,8,-9,-14,43,-13,-35,15,32,43,39
29,107,72,-40,-23,84,-61,-42,34,59,74,54
59,162,106,-112,-11,116,-120,-62,42,100,126,93
78,210,126,-158,-28,174,-113,-86,62,187,205,165
101,277,195,-215,-28,238,-157,-139,77,230,260,209
137,364,262,-269,-43,307,-190,-152,104,279,313,248
145,430,296,-312,-73,361,-262,-166,121,331,393,313
182,518,344,-363,-75,408,-300,-216,162,391,475,364
200,596,390,-413,-100,499,-318,-245,163,437,534,416
245,671,439,-469,-98,561,-361,-289,205,492,620,447
279,754,490,-515,-104,625,-404,-318,229,547,660,516
307,807,520,-552,-148,682,-449,-337,225,609,744,588
297,855,577,-607,-158,698,-490,-380,255,658,782,606
327,951,605,-627,-123,774,-511,-375,295,693,823,649
344,978,634,-657,-159,809,-531,-390,277,735,874,681
344,994,635,-674,-157,823,-558,-399,294,748,867,695
355,1011,642,-684,-129,828,-555,-381,301,746,902,694
358,1001,644,-666,-147,817,-549,-417,306,753,897,694
358,982,656,-666,-154,843,-540,-406,310,737,878,692
340,964,643,-644,-154,797,-521,-387,282,715,841,673
307,911,594,-610,-132,750,-496,-358,290,687,823,641
305,848,573,-586,-141,734,-474,-351,266,643,778,584
284,808,543,-544,-113,686,-454,-327,206,594,731,556
255,762,484,-515,-83,618,-417,-335,223,585,664,527
219,678,427,-474,-90,559,-397,-260,194,513,591,473
173,597,377,-402,-88,511,-345,-236,186,463,540,429
167,509,342,-339,-83,435,-251,-198,135,377,448,347
136,447,259,-285,-65,351,-239,-172,116,313,392,314
110,335,219,-209,-54,313,-186,-156,117,257,324,242
90,259,181,-160,-1,201,-130,-93,48,195,214,181
52,189,126,-143,-21,156,-108,-75,68,132,149,123
41,116,37,-56,-15,89,-61,-48,27,47,96,72
-8,21,26,-11,-28,7,-19,0,40,24,35,37
-27,-23,-21,36,16,-11,-8,-3,-29,-29,-32,-42
-33,-100,-65,32,12,-51,43,51,-38,-66,-77,-63
-49,-123,-43,76,23,-130,85,70,-43,-106,-109,-91
-43,-172,-109,126,21,-133,95,74,-64,-110,-172,-129
-67,-200,-132,122,55,-170,116,81,-49,-143,-187,-161
-66,-221,-148,179,22,-204,130,85,-76,-165,-227,-174
-82,-267,-158,170,37,-189,147,91,-77,-179,-222,-177
-110,-242,-179,171,28,-227,142,130,-104,-217,-259,-176
-102,-287,-189,192,54,-233,150,95,-88,-230,-257,-207
-115,-291,-202,201,57,-237,158,127,-99,-217,-269,-224
-119,-278,-200,208,49,-235,149,109,-96,-224,-271,-200
-103,-291,-175,187,49,-238,157,102,-111,-210,-238,-196
-68,-284,-174,206,38,-209,149,106,-72,-207,-237,-185
-112,-283,-189,156,31,-226,157,125,-97,-193,-248,-165
-90,-232,-166,136,38,-205,125,87,-101,-183,-214,-178
-70,-243,-156,158,18,-191,125,104,-62,-179,-200,-169
-82,-211,-135,141,33,-199,123,73,-48,-144,-185,-150
-48,-213,-129,147,31,-165,110,79,-54,-146,-171,-131
-54,-172,-116,95,16,-136,122,82,-59,-142,-156,-122
-83,-155,-120,121,16,-133,90,71,-39,-113,-139,-97
-42,-132,-97,96,17,-109,77,49,-58,-113,-145,-104
-60,-125,-77,108,31,-106,90,30,-55,-108,-119,-88
-47,-103,-71,91,8,-102,57,47,-19,-81,-96,-70
-39,-72,-78,69,30,-79,72,48,-32,-90,-90,-78
-26,-74,-68,68,19,-67,46,46,-41,-80,-75,-66
-30,-71,-55,64,17,-69,39,39,-27,-53,-70,-57
-23,-62,-25,46,-14,-34,33,16,2,-54,-75,-35
-30,-47,-29,38,15,-35,33,30,-20,-38,-41,-17
3,-74,-39,31,1,-47,33,57,-14,-32,-40,-42
-27,-36,-39,25,9,-44,43,2,-30,-29,-43,-40
-26,-43,-17,7,17,-27,30,0,-14,-22,-26,-22
-23,-42,-26,28,1,-21,19,20,1,-32,-27,-22
-3,-32,-35,29,23,-39,16,24,-19,-36,-35,-29
3,-46,-38,4,33,-23,23,40,8,-4,-31,-41
-9,-44,-22,24,6,-35,27,18,3,-4,-21,-31
-29,-30,-21,48,3,-28,32,9,-14,-38,-23,-44
-10,-27,-4,27,-25,-36,23,11,-16,-39,-37,6
-8,-46,-6,17,5,-16,8,3,-40,-16,-27,-45
-17,-56,-28,16,10,-39,1,20,3,-24,-57,-43
9,-20,-35,19,18,-18,-15,7,-26,-15,-15,-37
-9,-37,-22,30,-17,-18,16,15,-2,-13,-26,-26
-13,-41,-25,9,-5,-29,17,3,12,-7,-31,-1
-4,-23,-18,28,16,-16,18,-1,8,-12,-34,-19
-23,-24,-28,24,15,-13,-14,15,14,-6,-12,-24
9,-37,4,33,-22,-39,38,20,-12,-9,-31,-27
-8,-21,-23,26,-9,-30,15,16,-4,-13,-35,-30
1,-37,-22,14,8,-14,0,3,-6,0,-10,-30
2,-24,-14,15,8,-29,10,-1,-11,-9,-5,-10
-24,-13,-23,3,9,-32,6,33,1,-24,-18,-28
-20,-9,-19,13,5,-24,26,13,-1,-24,-35,-2
-18,-40,10,17,-3,-32,20,0,-1,-23,-14,-30
0,-16,-16,8,13,-10,7,12,0,-14,-2,-3
1,-15,-21,22,12,-35,28,16,-24,-29,-26,-30
-16,-18,-15,22,6,-9,-3,2,-8,-14,-21,-12
-15,-30,-11,3,5,-11,-5,24,-7,0,-3,-27
1,-5,-40,19,2,-30,7,-2,-16,15,-11,-15
14,-17,5,3,-3,-38,-10,-2,0,-23,-12,-15
2,13,-25,-8,-38,-28,-3,8,-14,1,-11,-26
-7,-28,6,12,13,-14,10,19,8,-18,-9,-18
10,-22,7,-2,15,-17,6,-17,10,-23,3,3
2,-15,1,7,6,-6,3,-7,3,3,-25,-9
-3,-27,-3,3,-6,5,-7,7,12,-12,-16,2
13,-6,6,-1,-8,-2,15,-25,4,18,-9,-18
5,-14,9,14,0,-1,5,8,-4,18,-7,1
-6,-4,-2,22,0,4,-1,-2,19,-1,17,10
10,-2,-8,0,-20,17,-14,13,24,24,-2,5
-8,1,2,8,14,1,11,-3,3,23,-38,-3
12,3,10,-9,14,4,5,-11,16,12,2,6
1,17,18,-19,-20,7,-8,-6,18,17,8,8
6,10,12,6,6,-15,2,-26,1,2,3,5
-9,30,13,-4,-5,14,1,-14,3,13,4,20
-11,20,21,-21,4,33,-7,7,1,18,25,26
-3,3,16,-8,-6,31,-21,5,-1,2,20,0
26,30,24,-13,-16,0,-4,-14,4,34,1,-14
9,26,19,-2,4,15,-1,-15,13,35,32,31
4,24,19,-17,1,15,-11,-3,-2,6,16,11
20,24,18,-24,-14,24,-23,-30,-10,-2,16,4
9,31,18,6,-11,15,-27,2,-4,25,44,27
24,24,11,-46,-8,29,-17,9,7,34,21,27
6,32,6,-28,5,36,-22,-6,16,15,62,16
6,31,26,-54,-16,22,-17,-19,1,36,14,56
9,50,19,-36,-2,36,-21,-54,13,56,60,18
33,35,52,-14,-11,49,-26,-10,20,30,46,37
49,52,33,-33,-12,45,-50,-26,23,74,50,38
22,51,28,-32,-4,47,-35,-18,27,54,26,51
19,74,22,-25,-16,43,-22,-4,18,92,66,66
7,64,30,-56,-13,51,-57,-25,19,52,56,57
18,62,56,-61,-11,63,-47,-22,20,43,99,70
28,71,47,-75,1,68,-39,-28,18,75,79,48
2,59,53,-46,4,69,-49,-19,28,80,70,66
51,103,48,-69,-13,91,-47,-27,34,89,90,44
44,106,55,-79,-27,73,-56,-30,50,69,65,91
25,108,53,-68,-19,67,-62,-33,36,73,71,76
36,64,73,-71,-7,87,-34,-33,42,74,73,71
53,107,67,-79,-31,87,-81,-45,41,97,113,83
44,130,77,-79,-14,92,-59,-41,46,98,97,70
22,105,44,-110,-48,94,-46,-25,36,98,114,74
53,152,87,-68,-38,118,-59,-46,44,92,112,73
65,144,95,-82,-18,108,-68,-65,39,93,116,83
59,183,96,-102,-35,104,-83,-57,39,103,108,109
45,143,78,-94,-4,116,-82,-45,72,113,129,106
37,170,97,-106,-17,109,-94,-59,46,115,131,122
79,171,105,-107,-8,134,-92,-84,60,135,151,125
85,157,102,-139,-32,153,-66,-64,30,111,139,101
72,179,113,-124,-23,174,-91,-79,48,136,180,119
60,184,107,-119,-37,155,-96,-67,64,145,170,141
74,184,141,-133,-13,163,-103,-78,41,141,173,126
87,194,132,-125,-32,164,-104,-65,48,138,170,127
88,199,119,-154,-28,168,-120,-73,58,153,177,143
81,218,141,-139,-26,197,-117,-87,72,155,192,149
86,214,143,-157,-60,195,-95,-91,75,164,190,140
76,224,146,-151,-48,204,-125,-90,47,146,201,169
92,227,164,-166,-62,182,-118,-92,65,172,195,159
99,233,158,-163,-38,203,-120,-84,58,196,220,176
74,238,158,-185,-57,217,-111,-105,85,195,208,169
95,254,182,-182,-60,200,-134,-106,77,162,236,160
95,236,153,-176,-45,203,-129,-116,70,195,232,181
67,297,154,-195,-36,226,-155,-93,79,214,227,166
76,278,190,-185,-51,226,-161,-126,81,182,238,193
102,276,175,-190,-25,219,-158,-105,78,189,263,182
111,281,195,-186,-65,241,-144,-119,104,212,263,195
117,294,204,-180,-44,238,-150,-110,88,213,282,217
105,301,198,-207,-65,248,-178,-119,96,225,292,200
100,313,197,-208,-35,235,-157,-118,107,216,271,209
114,294,196,-223,-50,263,-193,-112,104,228,292,220
125,307,202,-224,-58,277,-180,-118,73,236,320,226
96,327,199,-210,-47,265,-206,-127,81,240,278,239
115,331,219,-220,-60,265,-180,-126,111,228,294,224
98,336,210,-219,-55,284,-200,-127,106,256,301,233
127,340,225,-233,-43,293,-169,-137,110,239,296,262
137,346,230,-226,-41,273,-188,-147,130,255,318,231
105,361,238,-241,-36,316,-177,-143,95,245,317,259
117,367,216,-245,-44,283,-194,-161,91,262,317,242
120,363,223,-241,-50,298,-189,-151,109,252,306,252
109,357,210,-249,-57,292,-189,-153,109,268,312,242
125,356,239,-248,-57,317,-208,-166,119,272,331,252
135,366,232,-257,-48,299,-196,-169,94,288,323,254
137,377,239,-250,-48,300,-214,-148,98,292,327,243
111,372,255,-252,-41,303,-204,-145,120,262,342,264
140,368,234,-245,-61,298,-211,-156,126,274,366,284
140,384,252,-279,-42,330,-201,-149,114,305,344,265
150,404,259,-246,-49,336,-217,-141,128,254,343,254
121,390,250,-290,-67,320,-214,-166,134,286,364,279
130,383,233,-245,-56,326,-221,-150,112,270,362,273
114,378,245,-273,-58,324,-211,-160,128,306,342,299
133,381,257,-272,-70,325,-223,-128,143,297,349,291
124,417,263,-274,-44,334,-199,-167,117,282,354,284
146,400,242,-265,-54,328,-210,-168,113,298,359,261
148,394,257,-284,-61,341,-231,-143,127,299,349,277
128,383,247,-249,-55,345,-202,-172,110,302,350,275
150,393,266,-296,-60,329,-229,-165,98,310,329,265
169,408,242,-271,-71,316,-229,-148,103,257,352,271
140,391,237,-291,-48,348,-208,-148,121,283,346,285
136,392,264,-262,-63,327,-228,-184,127,318,362,284
125,383,255,-253,-40,319,-219,-132,116,299,346,275
135,392,262,-264,-64,316,-217,-165,136,316,352,277
119,399,270,-257,-53,339,-198,-193,105,292,344,277
141,385,273,-278,-69,333,-207,-172,104,298,366,283
140,390,271,-272,-61,318,-200,-141,122,291,352,259
126,372,245,-244,-62,321,-204,-149,125,295,351,271
132,382,233,-255,-58,331,-218,-139,134,280,336,271
137,383,258,-275,-88,313,-222,-152,124,285,341,272
129,360,248,-242,-59,316,-198,-143,122,295,340,275
104,385,234,-255,-54,311,-210,-144,92,294,332,274
129,355,252,-250,-37,300,-195,-165,115,279,315,271
120,364,235,-242,-48,304,-204,-155,118,262,321,255
117,350,235,-265,-43,312,-180,-158,112,277,290,257
131,331,214,-263,-58,270,-186,-137,130,252,301,237
109,340,242,-240,-42,282,-178,-146,96,284,327,218
130,338,223,-218,-53,292,-192,-128,102,253,285,237
113,328,231,-230,-37,257,-175,-134,84,245,287,227
120,312,207,-222,-51,274,-190,-113,112,247,287,225
110,322,196,-220,-30,250,-175,-151,98,257,296,205
117,313,186,-216,-56,278,-185,-127,94,240,290,225
116,315,206,-193,-54,249,-170,-113,101,246,283,217
90,292,197,-204,-24,257,-170,-144,88,242,274,214
114,300,208,-183,-31,223,-161,-118,80,240,263,213
92,287,188,-188,-43,252,-169,-104,79,221,247,200
112,278,176,-178,-56,250,-134,-114,94,210,271,192
95,286,167,-180,-53,230,-171,-96,93,190,243,198
105,262,177,-212,-26,239,-145,-113,88,189,247,193
81,262,154,-187,-53,221,-154,-103,65,205,259,195
80,239,166,-178,-30,209,-133,-103,70,182,246,211
87,232,154,-168,-56,216,-130,-84,84,190,210,170
100,253,171,-168,-44,214,-142,-108,81,158,205,152
122,237,148,-163,-49,199,-152,-85,75,132,218,148
83,217,131,-176,-44,197,-113,-102,83,160,190,157
63,243,133,-131,-22,182,-116,-111,50,155,194,159
82,220,128,-143,-24,174,-106,-104,83,185,180,137
92,241,127,-138,-41,170,-115,-88,69,144,183,152
72,201,137,-126,-29,166,-106,-100,58,155,180,138
46,178,117,-133,-23,167,-111,-73,72,168,162,144
68,183,123,-139,-22,192,-93,-58,51,145,179,120
60,200,120,-122,-52,138,-83,-69,67,123,174,115
71,177,103,-148,-26,160,-92,-65,35,108,136,119
66,175,91,-108,-12,145,-87,-58,40,133,133,124
55,149,103,-122,-19,123,-101,-59,25,104,165,92
46,163,123,-96,-20,121,-87,-59,64,131,130,109
27,164,79,-112,-22,119,-83,-38,66,107,133,94
57,152,74,-101,-23,108,-77,-61,56,92,122,102
40,134,85,-92,-23,114,-76,-62,34,101,146,108
20,147,90,-93,1,104,-69,-42,71,98,122,104
29,153,84,-91,-12,121,-77,-48,18,81,142,72
58,105,72,-76,-37,96,-82,-53,51,84,107,76
55,121,85,-62,-35,69,-64,-24,41,97,104,79
35,117,76,-68,-48,83,-57,-28,42,97,87,111
52,108,70,-59,-2,114,-69,-38,45,45,89,59
41,108,88,-70,9,86,-52,-43,37,73,77,63
26,90,63,-65,-1,81,-43,-28,13,55,76,69
48,74,57,-77,-29,58,-44,-41,22,37,81,58
28,80,68,-47,-26,82,-40,-51,26,77,74,54
35,80,41,-56,-11,65,-27,-19,31,53,56,23
29,62,40,-49,-1,49,-15,-37,25,54,70,75
35,77,46,-31,10,65,-46,-6,13,37,42,53
20,71,62,-27,-3,53,-53,-26,22,43,58,47
16,47,40,-35,-18,39,-53,-14,27,49,41,39
34,57,24,-27,-13,37,-18,-32,29,42,60,32
18,75,51,-54,-30,39,-29,-3,45,28,57,52
1,27,23,-26,-7,32,-28,-22,8,32,60,29
40,59,3,-23,-7,37,-23,-11,30,17,58,26
28,37,32,-33,2,40,-5,-4,16,32,11,27
2,54,19,-13,-41,49,-21,-8,12,42,38,29
27,33,13,-7,4,24,-18,-9,3,11,41,28
14,38,25,-20,-2,34,-17,-29,3,13,14,24
3,38,5,7,-29,15,-30,-2,38,21,11,50
10,18,6,-15,8,8,-17,-8,-2,12,23,17
26,12,14,-18,-3,21,-13,-5,12,10,37,-4
7,0,13,-19,27,10,6,8,-1,22,19,27
28,22,-8,-25,0,16,-29,0,-1,29,37,5
1,46,1,-12,6,-7,-18,-4,-2,17,13,9
18,-18,20,-21,-3,10,-2,-4,7,10,10,16
4,24,-1,-8,1,29,-13,-19,5,-1,-4,3
10,13,-10,-10,-28,7,1,-29,0,5,10,17
16,-2,6,-12,-7,12,-12,0,-4,1,19,20
31,23,-17,-11,5,0,-21,-6,-19,5,9,-6
7,13,13,-6,-2,7,2,22,18,18,-1,-6
13,2,18,-23,-20,11,5,24,6,-1,26,15
25,6,-12,-5,-26,-16,-13,-7,-9,8,28,6
15,-4,5,-5,-7,8,-9,8,12,1,8,14
-9,20,10,13,-5,10,-13,-17,13,-12,-7,-18
0,-9,17,8,0,7,-16,3,-5,2,-8,-5
1,-7,15,-5,1,-18,10,7,15,-1,-34,15
2,-10,-6,-22,-5,-13,9,-3,21,-6,-16,-5
0,-6,18,0,-6,2,-8,8,-35,1,12,-22
7,7,-9,10,10,4,-11,7,5,-13,-12,-17
2,-7,-8,17,-9,-5,28,-1,-26,20,-14,-7
-3,16,0,-6,10,-4,16,11,0,1,2,20
-6,-4,-11,1,-6,-12,-14,-3,24,2,3,-11
-24,-18,10,21,3,-18,6,3,-5,-10,14,-5
-18,-8,5,20,7,-28,13,9,-13,-10,-10,-12
10,-11,1,-9,-11,-14,7,3,-13,-4,-20,-8
-25,-16,-15,36,3,-18,12,-5,-1,-1,-4,-6
12,1,-24,-2,-9,-1,11,21,-15,-12,-8,14
-16,-27,-10,10,-8,-29,13,14,-7,-20,-6,-20
7,-25,-21,2,-2,-5,0,-12,-22,-20,4,-7
21,-35,-17,2,-9,-17,28,-4,-3,12,-29,-21
-3,-1,-4,22,34,-17,20,8,8,-2,-22,-15
-11,-12,-25,34,18,-22,-21,4,4,-12,-1,-1
-18,-14,-21,-21,21,-10,20,12,-11,5,-15,-2
-6,-21,-13,8,13,-27,5,30,-8,-20,-7,-13
-18,-30,-10,0,2,-6,7,15,2,-10,8,-11
-3,-26,7,12,9,-21,28,11,-7,-6,-19,-20
0,-17,-14,-2,-6,11,21,14,15,-12,-20,-16
6,-20,-6,15,26,-24,5,-13,12,-6,-24,3
18,-25,-25,10,4,-16,21,8,9,-21,-20,-10
1,2,7,16,0,-26,2,4,-4,-23,-12,-12
10,-2,-20,7,-2,-24,2,16,-16,-5,-4,-30
26,-37,-5,-4,22,-21,18,9,-16,-16,-28,11
3,-15,-11,20,22,-16,22,19,3,2,-29,-21
-12,4,-14,19,2,-1,-14,23,-11,-16,-21,-26
-23,-7,-23,20,-3,-23,6,-1,-9,12,12,-27
-9,-1,2,29,18,13,2,-6,-3,27,5,-13
-35,5,3,13,-12,19,7,-6,3,1,-9,0
-33,-9,11,-13,9,-6,16,4,-17,-5,-13,-11
-9,-23,-2,22,-5,-5,16,-12,-13,-16,-20,-14
-10,-21,0,0,7,-16,20,16,1,-6,-1,15
-12,-7,-9,0,-4,-20,13,14,10,32,2,-8
-6,-5,-11,22,-17,-1,6,6,13,-10,-7,-24
22,-3,8,25,4,4,13,2,23,-6,-18,-7
-17,-18,-13,2,-5,11,-14,8,0,-25,6,-6
-19,-22,-15,14,-7,-1,-8,9,8,-7,-4,10
-7,6,4,-3,9,5,31,13,-2,1,-14,-4
10,1,-24,5,-15,3,16,-1,-16,-9,0,-15
0,6,-7,0,8,-11,26,-2,-3,1,8,-14
-16,-2,-4,-41,-4,-6,-4,13,1,7,-8,9
13,2,-10,-20,-7,-2,32,9,6,-14,-6,-18
-2,-19,-8,14,-1,-29,-6,-18,10,-6,-10,-6
2,7,8,-7,11,1,6,-10,-16,-20,2,-14
-19,-12,9,8,3,-13,-22,-5,-11,8,2,-1
-24,-12,6,-14,-15,-3,2,-8,14,15,-2,4
-9,6,-21,8,12,-8,2,4,-3,-12,8,7
-5,2,-9,8,1,-8,-4,6,8,-14,-8,-12
-3,-2,-8,1,10,-35,-12,5,-2,-15,3,-3
-6,-6,11,-2,-2,-7,-5,-26,3,-19,6,7
2,5,-18,21,-7,-9,7,7,8,9,2,15
-6,28,14,-8,13,6,0,17,-5,-10,3,7
4,4,7,1,6,-1,-6,-20,16,-9,-5,19
5,5,3,11,8,-28,-4,7,7,-7,5,-9
-11,17,5,0,-16,-33,-16,-8,-12,-6,-7,30
-14,8,-7,20,9,-9,-7,-3,20,-12,-6,-15
-1,26,26,3,-8,-14,2,1,27,18,6,-11
-3,9,28,2,17,14,-4,7,10,23,9,4
-4,1,-7,-13,-1,3,-3,7,21,-6,5,14
-6,3,-3,6,20,-10,30,14,-19,-5,0,0
6,-15,8,5,-11,0,3,14,12,-4,14,9
-9,5,1,-12,18,-7,-11,-6,-7,-9,10,22
-2,4,19,8,14,21,-28,8,-4,-7,-4,7
10,26,-8,5,-19,-18,2,8,5,-7,22,-3
2,25,9,-16,24,2,-24,5,2,6,-7,-9
9,-18,5,-1,-17,6,-20,-8,7,1,6,-6
11,2,-7,-6,-1,4,10,-17,-14,4,-6,-13
4,4,12,-19,-4,7,-4,-5,11,3,-1,-2
-21,-2,-16,-10,5,5,-13,10,-1,-2,8,18
17,2,2,-22,10,-3,2,-4,-27,-4,9,19
-3,25,-5,-3,1,14,-1,-13,-24,-10,14,7
-4,13,16,-14,9,10,6,5,-14,20,-26,9
-21,27,-6,-8,7,11,-1,20,4,-6,22,3
-4,11,11,1,25,33,-5,12,5,9,-6,1
25,15,6,-5,1,11,-20,-1,12,26,2,-22
-18,-5,11,-22,-15,20,-16,-26,-20,18,-8,17
-18,5,12,10,7,-7,0,-9,-4,-5,13,5
5,8,35,5,-4,10,-4,1,-14,2,3,43
22,25,8,-6,2,25,14,-25,-8,12,8,12
-7,22,16,-8,-3,-4,-31,-12,-2,5,-7,10
5,22,-11,1,-5,25,-27,-1,2,26,18,14
-27,10,7,-21,-10,0,-38,-9,30,-13,4,-12
-4,21,2,-12,-14,4,-2,-4,10,14,2,28
4,11,-10,-20,-8,29,3,5,23,-1,1,3
16,16,-6,-23,-23,5,-5,15,13,28,4,-8
18,14,18,18,12,18,-24,-11,9,18,6,24
-4,19,0,-29,-3,1,-16,26,4,18,10,27
1,22,22,-19,-17,19,-7,4,17,23,-4,18
-1,16,-9,-18,6,30,13,5,-13,40,18,11
-12,16,5,-20,-9,7,-12,-15,10,18,14,14
8,-16,13,0,3,-9,15,-4,8,21,18,31
18,4,3,-27,-2,15,2,1,11,13,28,8
6,2,8,-2,-12,1,-20,9,-11,4,11,10
1,11,-10,-8,-6,14,-8,23,12,18,7,20
25,10,1,-15,17,15,-28,-31,6,6,-13,11
14,8,1,1,-7,17,-9,-14,15,-12,11,8
-6,18,-6,-25,10,0,-3,-15,-4,20,24,12
3,31,18,1,-14,1,-16,-4,-20,13,9,-3
15,10,-6,15,0,29,-19,-2,15,10,27,25
15,9,7,-22,9,21,-11,-6,0,-9,20,-7
2,20,-1,-8,-22,20,6,-16,-25,8,17,11
14,5,13,26,6,6,-18,2,14,10,5,9
13,-9,10,-9,5,3,-28,-8,-2,9,30,30
-9,7,12,-17,2,2,-10,-24,21,-22,-2,3
-5,12,0,-5,1,-12,-10,2,4,4,18,-13
2,14,11,-9,9,6,-16,-11,8,10,34,14
-6,24,11,-20,-7,2,-22,-3,11,11,28,22
-2,10,-13,-12,-18,17,-12,-4,-3,-9,10,36
3,4,9,3,1,13,-14,-17,5,12,20,8
14,3,38,-4,7,6,-9,-19,2,17,16,36
21,22,7,-16,3,36,-6,-10,-5,36,40,14
3,39,17,-15,-27,23,3,3,5,39,8,8
6,39,10,-17,-7,36,-15,-22,2,39,18,-13
17,31,24,-23,-11,6,-7,5,-14,25,27,20
-4,39,7,-25,8,-1,-21,-39,-3,3,7,2
16,24,8,-33,6,21,-15,27,15,31,22,8
12,40,4,-16,3,27,-10,-10,14,15,22,29
0,19,2,0,1,3,-16,-7,-16,9,20,20
2,6,17,-9,-4,34,-20,-2,-2,10,24,-5
0,34,25,-12,-7,15,-25,8,29,14,43,1
-5,35,14,-26,-15,4,-21,-3,14,35,32,34
26,41,-4,4,-11,9,-15,-10,10,34,35,18
10,16,19,-7,12,9,6,-6,-1,2,34,20
11,23,27,-5,-7,8,-19,-23,18,15,16,9
0,25,22,0,-15,18,-10,-15,3,-3,25,17
11,34,12,-22,-3,11,0,-14,15,50,10,20
28,13,34,-22,-2,28,-24,-8,17,9,26,15
17,10,25,-3,-20,5,-22,-5,11,23,23,2
22,41,8,-17,7,7,-13,9,23,13,26,17
-11,22,-7,-16,-30,12,-8,-12,16,23,23,32
-3,20,34,-36,1,2,-26,-7,1,6,29,22
16,17,18,-35,3,16,-24,-17,3,25,16,12
25,8,8,4,25,44,-16,-14,-1,-1,29,40
20,21,47,-22,-6,16,-3,19,8,37,11,27
-7,12,7,-11,-7,28,-11,-17,18,23,13,0
-4,46,11,-19,4,10,-20,-3,-3,14,16,9
13,35,9,-24,0,8,1,-17,0,42,14,1
-1,25,16,-17,13,28,-19,-9,-5,27,24,13
-11,17,22,-7,3,33,-24,-21,16,36,38,31
2,33,28,-37,-23,28,-7,-22,11,31,8,18
-6,39,5,-26,-18,22,2,-13,-4,16,18,16
1,34,26,-28,-3,25,-20,-18,21,19,34,15
8,18,18,-22,5,2,-14,-10,16,41,11,10
9,2,10,-21,4,13,-26,2,12,4,40,17
24,26,13,-4,-18,22,-39,-25,13,22,41,12
15,66,1,-35,12,12,-24,-5,22,23,16,27
9,30,13,-26,-1,28,-36,-25,9,23,23,7
-2,37,16,-29,-20,30,-29,-30,2,26,14,24
12,52,26,4,4,31,-28,-18,17,34,28,22
-7,28,23,-27,-11,30,-39,-24,-1,33,18,16
12,42,18,7,-7,27,-27,-9,13,26,32,22
19,53,-1,-20,10,28,-15,-11,27,11,18,33
12,35,16,-18,-8,32,-13,-7,10,20,25,4
24,34,13,-29,11,36,-19,1,13,19,34,25
5,31,26,-35,15,24,-20,-5,-6,25,44,22
33,21,25,-39,-24,11,-15,1,13,40,28,9
22,37,17,-32,-19,40,-10,-14,16,42,40,11
12,19,27,-13,16,27,-29,-22,20,39,42,32
13,28,51,-31,4,36,3,-13,10,26,20,25
10,16,33,8,1,16,-15,-18,11,17,22,26
9,36,34,-8,-2,22,-19,-15,23,22,17,34
22,20,25,-15,-10,22,-6,-17,10,17,40,27
2,16,31,-10,19,-3,-7,-27,-3,35,33,9
8,29,6,-5,-3,27,-19,-30,-8,28,14,20
40,22,19,-15,-7,32,-36,-6,17,9,38,22
16,25,26,-23,8,27,-12,-19,12,0,47,22
34,48,35,14,-9,24,-35,0,17,18,35,21
9,45,19,-24,-12,29,-22,-5,6,22,42,16
21,22,21,-18,-3,20,-9,-32,19,20,25,32
8,40,35,-33,0,57,-17,-5,12,16,20,25
12,45,45,-47,4,34,14,-16,32,8,24,12
7,51,11,-52,-8,40,-33,-28,2,52,-11,26
22,49,27,-34,-25,22,-24,-13,15,15,24,24
11,34,26,-4,-20,30,-10,3,3,32,29,28
6,47,10,-33,5,52,-31,-13,19,33,14,38
-1,15,9,-34,-9,41,-19,-7,15,39,51,34
7,35,15,-22,-4,30,-7,7,10,21,16,39
-1,29,46,-30,2,34,-36,6,16,14,34,13
3,50,17,-35,-8,22,-27,-20,-3,20,21,23
12,32,18,-42,2,40,-24,-17,33,23,36,37
16,49,28,-25,-24,32,-41,-19,-4,43,23,30
20,29,14,-41,-11,32,-44,-8,8,21,23,33
5,45,52,-12,-1,44,-18,-18,-6,29,46,34
3,34,27,-33,-30,27,4,-2,18,36,27,23
26,17,18,-3,-7,28,-37,-21,-10,23,31,35
19,29,26,-31,-18,36,-26,-41,22,55,29,48
4,23,3,-17,-8,46,-9,13,36,18,29,32
3,27,55,-36,10,25,-15,-24,6,45,27,-2
24,55,48,-34,-7,39,-31,-39,13,24,17,6
-6,42,30,-48,8,32,-13,-20,16,15,43,47
28,44,25,-5,-12,30,-39,4,20,30,30,24
13,41,45,-27,-15,24,-27,-7,27,29,48,49
13,48,5,-12,-24,34,-13,-18,13,59,29,12
8,64,32,-20,1,44,-37,-29,4,30,58,37
8,40,29,-46,-6,54,-10,-35,8,27,41,39
4,36,26,-24,-26,54,3,1,0,62,62,41
0,54,37,-48,3,49,-24,-13,26,43,44,46
22,48,18,-20,-9,36,-29,-44,32,33,33,56
31,45,16,-28,-27,37,-28,-34,19,40,31,43
24,85,29,-35,-18,47,-24,-34,28,32,44,30
20,33,53,-31,3,56,-6,-23,8,43,51,29
16,51,27,-15,-31,48,-38,-14,36,54,62,53
25,66,48,-40,-17,43,-28,-17,26,79,38,54
13,69,53,-36,-31,55,-27,-28,23,26,48,46
33,78,31,-46,0,49,-20,-21,24,41,61,52
11,61,57,-50,-17,60,-9,-42,41,37,52,60
24,77,43,-35,1,53,-20,-39,27,31,51,34
25,59,46,-72,-21,57,-31,-10,34,47,59,24
38,65,48,-32,-31,30,-51,-48,30,32,45,47
13,87,35,-31,-3,48,-50,-29,-4,56,61,65
4,65,58,-61,-7,50,-45,-30,-12,46,86,49
28,63,62,-93,-13,72,-45,-31,25,60,60,73
35,62,44,-71,-26,83,-36,-20,27,58,78,65
28,90,60,-58,-16,79,-52,-31,24,37,93,53
25,68,78,-48,-22,83,-37,-37,41,79,93,54
28,75,44,-63,-6,54,-36,-57,11,63,82,66
41,84,69,-61,1,61,-53,-29,37,78,82,85
41,106,63,-66,-11,80,-54,-35,17,99,89,93
23,115,78,-53,-11,80,-64,-49,38,86,86,74
22,107,72,-71,-36,104,-68,-50,41,63,110,66
43,114,87,-64,-22,86,-62,-52,26,85,109,67
30,97,86,-78,-5,116,-89,-14,23,102,116,103
61,150,62,-83,-8,90,-53,-50,33,85,117,100
58,105,57,-87,-25,95,-80,-41,37,94,117,84
53,141,95,-92,-15,113,-69,-65,38,116,137,95
53,138,88,-109,-33,120,-104,-25,77,112,117,112
38,174,90,-97,-30,140,-88,-61,24,106,135,98
51,160,87,-100,-16,108,-81,-54,45,124,152,116
71,160,125,-93,-17,123,-72,-59,58,116,129,133
53,156,111,-108,-7,158,-95,-78,53,116,143,130
60,181,102,-117,-27,147,-82,-73,42,112,151,107
33,196,129,-113,-33,140,-98,-66,33,126,147,127
60,201,110,-143,-31,137,-83,-88,44,127,175,122
62,222,114,-130,-52,150,-104,-76,58,150,183,138
76,196,126,-156,-35,166,-115,-71,62,142,194,118
65,201,129,-146,-26,164,-107,-100,58,161,199,135
65,207,131,-168,-34,161,-114,-69,70,154,185,168
76,223,116,-155,-31,213,-95,-113,60,160,194,150
86,222,153,-145,-34,194,-150,-106,65,160,214,142
99,238,159,-157,-32,203,-131,-109,77,165,224,176
71,246,155,-168,-43,211,-132,-127,69,177,243,180
76,250,151,-159,-26,224,-139,-100,92,188,228,181
78,257,177,-196,-50,199,-139,-101,84,189,222,188
94,249,154,-197,-43,218,-149,-127,90,192,235,184
93,276,165,-158,-37,228,-156,-106,82,197,227,181
87,276,158,-187,-30,231,-166,-100,61,217,266,191
95,277,172,-191,-48,227,-137,-117,80,205,254,205
96,283,183,-198,-32,229,-166,-114,85,182,257,191
117,295,163,-205,-58,232,-180,-114,96,221,271,208
78,308,182,-181,-30,234,-141,-113,86,196,274,199
116,310,185,-180,-39,240,-179,-128,79,210,249,210
97,303,178,-198,-46,245,-170,-107,68,210,272,216
94,299,204,-214,-54,242,-168,-130,103,258,286,222
119,281,186,-209,-61,257,-182,-136,78,229,268,201
94,314,188,-207,-39,226,-169,-122,69,248,273,189
96,311,200,-193,-47,258,-168,-130,78,221,261,215
136,303,226,-203,-51,271,-166,-116,87,233,281,207
108,292,188,-211,-52,258,-147,-111,76,216,271,202
123,292,182,-197,-42,253,-172,-110,82,229,277,213
116,285,220,-229,-42,244,-160,-121,93,235,264,221
103,306,195,-210,-53,262,-168,-131,113,221,288,223
98,307,192,-199,-68,240,-165,-110,88,210,278,212
111,288,188,-204,-34,224,-164,-117,63,244,248,189
96,276,205,-203,-33,235,-157,-121,81,210,258,188
87,303,174,-183,-36,241,-170,-109,91,225,251,204
79,266,201,-209,-53,216,-145,-125,71,202,243,197
89,280,181,-183,-36,243,-169,-111,98,215,260,188
73,278,161,-167,-29,212,-160,-107,98,196,276,203
86,277,185,-196,-42,211,-152,-102,86,197,235,196
85,283,166,-168,-64,203,-133,-76,81,182,265,187
90,262,204,-202,-14,217,-147,-103,80,186,222,161
79,247,168,-182,-50,198,-137,-88,44,167,222,153
102,243,162,-165,-36,222,-129,-105,70,181,229,139
61,250,150,-171,-48,195,-122,-79,63,200,220,159
76,239,160,-160,-26,207,-114,-108,61,186,200,150
73,216,152,-157,-29,187,-132,-84,64,181,209,153
84,212,139,-169,-24,165,-110,-98,49,166,197,147
87,196,141,-156,-39,160,-112,-91,66,160,180,134
73,207,144,-139,-43,187,-113,-79,66,148,168,147
77,189,133,-128,-35,168,-123,-93,53,158,173,161
65,177,114,-120,-24,181,-115,-66,68,126,173,142
68,186,124,-129,-25,168,-114,-62,60,135,167,117
69,187,102,-127,-16,143,-91,-48,56,109,179,135
59,172,88,-123,-19,154,-92,-63,72,145,169,126
51,167,85,-99,-22,123,-97,-88,63,116,148,106
61,155,106,-82,-30,112,-83,-94,52,126,163,110
44,143,68,-97,-28,119,-79,-45,53,121,137,102
42,136,81,-98,-27,123,-74,-90,42,98,159,101
63,141,67,-79,-14,100,-85,-51,36,95,129,96
48,111,55,-86,-18,115,-71,-60,31,107,118,96
88,122,102,-83,8,110,-72,-40,26,113,116,88
37,121,81,-70,-23,111,-60,-47,42,97,118,61
38,107,58,-72,8,105,-62,-23,26,94,90,75
54,85,74,-71,-9,97,-78,-27,32,83,89,69
13,105,54,-73,-8,89,-63,-56,52,85,127,78
22,88,68,-65,-20,89,-9,-43,9,80,105,62
37,94,44,-60,-18,102,-62,-39,37,47,76,58
47,94,83,-91,-20,73,-70,-31,30,68,78,52
29,95,50,-29,-17,70,-42,-50,2,73,88,62
17,75,46,-54,-6,76,-45,-27,6,63,84,52
22,79,53,-54,-33,70,-45,-49,7,72,83,53
31,84,47,-61,-2,67,-37,-33,16,48,64,34
14,69,52,-56,-17,33,-42,-41,35,40,71,49
13,61,8,-30,-10,56,-34,-24,15,28,50,53
13,54,47,-33,-16,64,-18,-11,4,25,68,12
25,63,37,-23,-16,50,-48,-24,10,26,65,46
22,42,19,-34,-14,30,-57,-22,17,39,68,48
35,52,40,-50,-6,37,-40,-27,31,39,49,34
16,55,29,-27,-12,52,-15,-38,2,30,46,47
9,39,42,-46,-6,25,-32,-59,22,39,31,39
12,53,38,-16,-13,42,-39,-25,34,32,28,20
36,40,17,-36,-16,52,-26,-37,27,52,52,25
-3,37,26,-13,-21,47,-26,-25,4,8,39,39
24,46,54,-18,8,29,-29,-25,25,42,41,37
17,48,41,-24,-5,26,-37,-31,18,14,45,45
5,29,30,-22,14,43,-35,-12,33,29,29,39
21,56,23,-32,1,44,-34,-10,18,16,34,31
19,19,9,-37,9,47,-14,-22,-13,38,47,13
-9,28,6,-56,-7,52,-16,-13,14,30,61,21
24,44,42,-16,17,25,-26,-8,10,38,57,46
4,37,43,-16,-12,45,-4,-26,22,40,26,38
17,44,20,-11,-25,10,-13,-6,10,27,38,37
27,30,26,-36,1,31,-20,-15,20,23,28,39
16,27,42,-33,0,44,-27,-15,19,23,31,22
0,37,3,-29,3,27,-30,-31,14,29,34,53
31,37,19,-38,13,31,-13,-25,12,37,42,30
24,30,17,-11,0,18,-36,24,-8,10,32,33
8,24,30,-27,-8,27,-11,-4,7,15,34,21
18,23,9,-3,-11,32,-4,-24,17,21,46,14
4,19,36,-16,-1,26,1,-7,-5,13,23,26
24,3,1,-32,1,14,-9,-38,-24,7,26,37
24,28,5,1,-5,34,-28,-9,15,2,6,18
4,25,6,-22,10,-8,-14,0,2,22,14,17
6,30,6,-9,5,-2,4,1,11,7,10,4
-4,15,35,-17,-7,8,-15,14,10,-6,12,10
-3,-28,-2,4,3,-9,2,-14,-30,1,-26,-17
7,-13,18,30,-3,-4,15,13,-6,-11,-8,-10
-1,-32,-14,9,-12,8,-13,-5,5,-11,-12,-9
-28,-37,-12,26,29,-2,10,13,2,-22,-31,-26
-31,-42,-18,20,25,-33,11,21,-12,-37,-44,-46
-19,-64,-43,38,-15,-38,52,31,-9,-39,-41,-31
-15,-78,-27,52,27,-45,27,15,-15,-48,-49,-27
-39,-87,-55,34,11,-49,61,13,-19,-39,-68,-55
-13,-72,-57,27,16,-64,26,26,-23,-61,-84,-59
-45,-77,-64,85,4,-69,92,26,-54,-78,-92,-52
-36,-104,-65,62,24,-90,52,29,-48,-74,-90,-63
-51,-122,-52,69,9,-77,48,56,-28,-90,-103,-60
-40,-111,-86,78,23,-98,71,21,-54,-76,-98,-83
-45,-125,-81,74,29,-99,76,35,-11,-81,-105,-58
-54,-131,-82,62,31,-103,56,48,-33,-91,-100,-91
-34,-104,-53,97,0,-74,40,35,-30,-64,-101,-63
-10,-91,-58,62,44,-88,60,27,-42,-67,-80,-70
-15,-59,-67,64,8,-48,46,23,-24,-54,-64,-76
-23,-42,-30,57,12,-46,32,20,-5,-39,-42,-29
-10,-13,-2,25,3,-22,-11,14,-12,-35,-16,12
-14,13,16,6,-15,0,-26,-2,18,5,-1,3
11,53,33,-35,24,45,-9,-13,-6,29,28,22
44,97,47,-60,6,91,-48,-35,15,90,97,67
53,142,90,-95,-26,134,-95,-57,28,127,125,105
68,187,135,-132,-30,163,-131,-96,75,161,185,164
112,257,161,-169,-44,218,-127,-104,79,191,251,187
119,347,217,-232,-58,292,-186,-144,130,241,331,240
146,400,269,-291,-72,324,-238,-172,126,328,390,297
187,464,336,-352,-68,428,-265,-203,136,346,421,344
177,547,378,-396,-87,471,-331,-208,181,414,498,407
225,624,438,-459,-110,546,-370,-271,190,478,596,445
243,717,443,-497,-131,596,-395,-276,220,548,651,518
291,789,517,-547,-104,662,-444,-323,228,593,718,566
330,879,561,-589,-128,725,-457,-358,265,640,777,615
319,920,578,-645,-141,795,-505,-372,294,699,813,656
350,994,627,-672,-137,804,-554,-367,312,746,883,687
383,1016,666,-706,-164,874,-574,-428,298,760,929,740
356,1051,701,-730,-170,875,-585,-435,319,775,949,757
367,1056,693,-742,-169,875,-581,-439,330,797,969,743
351,1077,722,-729,-172,905,-604,-433,328,797,971,740
366,1071,705,-729,-168,886,-616,-444,314,802,963,758
390,1046,696,-722,-171,864,-564,-399,318,797,929,720
351,994,659,-696,-162,844,-566,-387,310,764,915,701
344,951,625,-647,-142,806,-518,-377,280,710,861,677
304,897,607,-598,-152,753,-485,-349,270,679,799,619
304,823,547,-564,-128,694,-446,-341,245,606,745,575
259,759,486,-500,-104,607,-409,-302,224,545,677,506
236,656,429,-463,-98,548,-353,-269,201,507,600,449
205,586,380,-385,-101,467,-353,-243,181,432,536,414
174,470,312,-323,-77,410,-285,-194,142,377,452,352
167,453,266,-270,-68,356,-208,-173,107,312,357,290
103,340,210,-210,-48,268,-166,-107,80,257,315,239
89,263,156,-180,-56,200,-132,-112,85,184,230,179
80,189,130,-150,-46,158,-98,-98,56,147,171,127
28,130,73,-101,-8,92,-74,-49,51,82,126,90
30,86,64,-47,-7,52,-37,-43,30,36,55,60
14,28,9,-4,5,14,-17,3,13,16,35,-11
3,-27,-30,12,9,-20,-16,28,-25,-37,-16,-10
-18,-66,-34,51,-1,-64,9,23,-18,-40,-77,-34
-29,-91,-67,61,10,-84,33,29,-14,-88,-81,-65
-45,-110,-61,75,10,-102,59,38,-41,-89,-109,-68
-45,-120,-79,92,11,-107,88,24,-25,-118,-114,-102
-69,-130,-103,70,17,-105,74,71,-37,-94,-103,-89
-64,-140,-99,110,23,-111,75,55,-55,-102,-135,-91
-55,-137,-68,107,22,-107,84,50,-57,-125,-141,-91
-50,-143,-87,100,8,-113,84,67,-46,-120,-126,-78
-47,-139,-79,77,26,-107,80,60,-49,-104,-112,-80
-52,-112,-73,66,15,-95,88,41,-29,-91,-94,-60
-23,-99,-62,61,11,-57,30,29,-34,-55,-59,-66
-8,-61,-52,52,15,-58,43,56,-7,-91,-66,-36
-14,-61,-38,68,14,-45,31,33,-21,-44,-56,-49
-32,-28,-24,36,27,-34,21,49,-9,-39,-39,-40
1,-19,-20,18,1,-17,12,28,19,-10,-36,-25
-10,8,-25,8,-2,-6,15,1,8,-12,-9,-26
-9,22,-8,3,15,15,2,3,3,11,14,-3
0,20,-12,-11,4,38,-13,-4,15,4,24,23
19,47,28,-18,-13,27,-39,-15,16,32,31,25
57,36,46,-47,-23,51,-35,-3,3,35,42,27
14,36,19,-35,7,39,-29,0,39,22,46,44
39,48,38,-47,-18,50,-60,-31,19,44,53,51
4,56,50,-61,8,64,-51,-33,32,35,70,53
8,74,53,-43,-16,60,-60,-41,28,45,57,49
24,72,62,-41,4,79,-39,0,38,57,46,50
47,87,60,-58,-20,57,-20,-30,35,69,54,56
14,103,48,-43,-10,76,-56,-36,5,61,79,64
63,74,68,-47,-16,102,-45,-25,8,71,99,60
19,89,36,-59,-19,71,-51,-26,50,63,83,75
19,110,59,-58,6,77,-66,-29,24,59,83,61
-8,97,83,-91,-14,58,-59,-46,14,63,85,81
15,80,55,-69,-3,63,-47,-59,4,68,82,67
34,92,73,-33,-14,75,-51,-39,29,62,112,82
47,101,62,-56,9,83,-54,-40,52,77,82,61
30,92,52,-73,-11,84,-42,-33,34,73,94,56
27,67,42,-63,-1,102,-50,-60,41,82,75,64
33,108,31,-48,-12,59,-72,-42,20,103,77,75
35,92,60,-77,0,77,-78,-33,33,74,84,58
45,84,55,-74,-41,87,-69,-15,18,59,95,66
34,99,73,-78,-19,85,-40,-39,24,61,97,68
33,105,66,-62,-7,65,-51,-49,46,81,106,54
43,102,82,-58,1,78,-53,-25,38,68,101,74
50,102,86,-59,-12,68,-66,-38,57,60,51,84
64,91,66,-58,-21,86,-49,-43,61,74,106,80
40,97,59,-87,-7,88,-28,-29,38,65,91,86
32,78,56,-71,-2,107,-62,-41,50,95,99,71
36,102,90,-66,-19,70,-40,-49,40,82,89,74
