I,II,III,aVR,aVL,aVF,V1,V2,V3,V4,V5,V6
380,1078,705,-717,-157,870,-600,-401,322,794,950,734
378,1084,697,-710,-162,890,-576,-446,325,785,938,729
345,1004,659,-698,-162,833,-546,-397,265,756,906,702
334,952,606,-620,-130,785,-507,-367,289,679,821,679
322,822,553,-563,-148,674,-436,-317,277,628,734,606
244,731,461,-475,-110,580,-390,-280,208,535,672,501
194,594,373,-406,-93,488,-310,-249,175,450,539,400
165,472,280,-311,-55,362,-258,-173,120,352,404,312
109,340,193,-213,-48,270,-174,-124,108,251,281,230
63,180,125,-132,-31,138,-120,-91,57,137,169,132
19,80,46,-49,-15,89,-50,-28,28,52,74,60
-4,-43,-9,19,-13,-43,35,2,-14,-15,-17,-6
-41,-128,-74,55,4,-86,72,58,-51,-102,-115,-73
-83,-188,-112,139,47,-174,117,68,-35,-130,-180,-97
-54,-262,-176,171,66,-195,142,100,-80,-204,-243,-170
-97,-313,-208,224,44,-230,171,123,-101,-214,-273,-200
-135,-328,-223,210,45,-246,182,134,-112,-225,-307,-227
-135,-346,-245,241,56,-281,203,161,-105,-248,-310,-258
-127,-330,-211,248,62,-306,198,125,-96,-275,-335,-235
-103,-342,-213,225,42,-292,196,125,-83,-262,-309,-236
-120,-332,-206,232,40,-293,177,128,-111,-253,-284,-234
-97,-302,-176,203,54,-247,177,135,-89,-229,-290,-182
-100,-275,-187,191,33,-225,167,123,-82,-231,-250,-200
-106,-254,-162,179,43,-200,150,97,-76,-195,-217,-185
-60,-219,-147,146,34,-187,114,86,-100,-180,-203,-169
-81,-201,-133,131,19,-153,106,108,-62,-133,-162,-161
-50,-173,-112,117,28,-150,103,73,-59,-110,-155,-132
-71,-136,-95,109,17,-112,94,54,-65,-109,-129,-105
-43,-129,-71,87,14,-116,62,45,-40,-101,-123,-82
-29,-108,-72,101,18,-116,54,29,-25,-79,-105,-86
-16,-110,-70,53,-15,-84,48,43,-27,-79,-95,-67
-21,-71,-59,60,21,-74,57,42,-32,-58,-94,-57
-35,-63,-52,58,19,-69,48,52,-7,-73,-71,-45
-18,-81,-47,37,-9,-64,60,25,-15,-49,-88,-65
-10,-82,-62,59,27,-69,40,23,-26,-61,-77,-48
-25,-60,-71,41,-3,-37,35,24,-6,-42,-50,-18
-6,-68,-50,42,-1,-49,24,25,8,-50,-49,-59
-22,-55,-42,53,14,-30,41,11,-9,-35,-55,-40
-15,-37,-48,33,-11,-49,20,31,1,-58,-44,-16
-11,-64,-62,33,12,-31,15,31,-3,-34,-41,-25
-14,-27,-32,37,7,-48,11,19,-20,-38,-63,-37
-23,-56,-15,35,-13,-34,34,23,-3,-24,-60,-32
-12,-34,-29,14,10,-24,34,8,2,-37,-62,-38
-12,-40,-42,38,4,-39,16,22,-10,-36,-20,-26
-35,-27,-21,28,3,-36,19,-13,-30,-27,-46,-23
-7,-30,-35,55,4,-47,20,8,-38,-36,-9,-13
-20,-20,-6,6,9,-17,25,4,-8,-31,-40,-14
-4,-32,-10,35,3,-14,5,11,-16,-24,-21,-1
-8,-18,-15,-3,8,-5,-8,-8,11,-13,-24,-22
8,-17,-17,-2,5,-18,12,-7,6,1,-2,-12
-16,-7,2,-9,0,4,0,12,-1,-8,-7,-1
18,0,1,3,-13,4,8,31,-3,7,0,9
14,17,8,-14,25,1,5,10,-1,21,4,-24
1,9,11,10,3,27,7,-6,8,1,6,22
25,27,7,-17,-5,4,-14,-25,-8,9,14,47
-6,36,15,-7,15,38,-14,-16,3,37,25,27
8,26,23,-17,-9,9,-28,1,9,17,34,13
18,22,25,-14,-3,40,-25,-31,11,54,60,31
24,45,14,-31,1,20,-34,0,-8,35,58,43
15,42,22,-29,-2,51,-48,-16,7,43,63,35
5,76,56,-19,10,43,-26,-16,3,69,88,58
28,82,51,-46,-44,71,-23,-13,16,48,70,45
-1,81,45,-67,0,76,-22,-25,43,60,66,82
37,95,78,-57,-12,68,-57,-22,33,58,84,52
46,88,63,-74,-33,80,-74,-57,32,76,116,71
28,107,90,-68,-4,103,-77,-41,25,83,104,94
68,131,92,-76,-7,108,-66,-63,39,105,112,93
38,140,117,-98,-34,102,-85,-44,50,95,133,104
72,136,114,-93,-21,129,-90,-56,42,91,124,94
67,160,110,-105,-31,117,-76,-71,74,114,144,127
57,166,98,-142,-27,140,-84,-69,46,125,166,110
67,161,117,-117,-10,153,-107,-79,56,134,176,104
68,199,93,-127,-41,136,-100,-72,35,147,173,146
79,185,144,-147,-23,153,-108,-93,67,128,157,156
95,235,160,-152,-9,177,-119,-87,88,161,206,141
73,244,149,-152,-31,177,-119,-107,89,189,193,140
82,233,143,-162,-47,182,-117,-83,76,176,200,152
92,243,146,-167,-33,186,-138,-115,67,186,233,177
80,256,148,-166,-24,216,-143,-98,91,187,201,159
119,274,155,-171,-31,208,-140,-82,81,215,252,207
99,277,136,-176,-38,220,-137,-106,87,199,262,182
101,302,174,-204,-42,246,-148,-132,98,194,260,205
115,284,192,-216,-49,233,-159,-112,87,218,268,200
114,288,198,-219,-34,250,-186,-119,96,224,263,208
135,314,220,-222,-51,275,-182,-120,88,235,288,201
97,314,203,-212,-59,272,-175,-124,92,252,273,221
127,333,212,-220,-48,291,-180,-139,78,255,296,231
125,327,236,-224,-49,284,-217,-136,101,251,298,222
135,359,223,-220,-33,295,-193,-159,85,243,316,241
112,369,221,-253,-50,300,-194,-149,112,240,331,257
139,348,233,-254,-62,291,-217,-151,98,268,328,254
120,362,222,-255,-62,306,-232,-155,124,272,310,239
104,364,268,-243,-30,316,-189,-135,123,279,318,271
151,350,250,-253,-74,304,-200,-133,126,286,354,250
148,372,235,-272,-48,309,-218,-132,113,268,360,286
129,385,255,-266,-55,328,-189,-159,127,256,338,261
130,385,240,-257,-50,322,-217,-150,111,289,328,256
135,384,255,-275,-73,331,-213,-144,111,296,341,271
138,386,245,-251,-37,317,-221,-163,121,290,357,272
133,380,262,-286,-39,313,-213,-158,122,301,345,254
116,385,242,-236,-62,305,-207,-161,134,291,331,270
153,379,240,-267,-64,319,-201,-141,118,299,318,235
132,363,241,-266,-57,300,-194,-134,115,266,326,253
102,378,259,-263,-51,314,-207,-154,123,287,323,251
127,376,247,-249,-63,305,-190,-141,124,256,331,273
136,366,234,-225,-69,279,-198,-166,87,253,319,252
118,384,244,-251,-28,302,-199,-141,91,273,341,229
114,354,235,-248,-61,298,-183,-148,110,274,318,242
102,343,222,-239,-58,270,-196,-145,77,242,287,233
124,335,240,-221,-19,296,-197,-131,112,252,310,255
117,307,241,-206,-43,292,-194,-126,100,244,299,227
111,305,206,-217,-71,273,-186,-121,103,253,284,213
115,300,208,-230,-50,256,-163,-135,74,237,301,244
112,341,188,-183,-30,254,-165,-119,84,215,286,220
112,307,191,-212,-57,237,-161,-132,84,213,264,197
115,290,183,-183,-47,262,-149,-111,103,199,246,229
80,280,183,-181,-35,224,-158,-112,73,216,237,199
114,266,178,-185,-36,208,-146,-101,67,197,237,193
72,239,167,-176,-27,232,-126,-93,72,185,233,184
81,257,179,-156,-32,223,-131,-88,70,174,226,173
73,241,170,-171,-43,189,-134,-102,69,169,207,148
75,196,140,-129,-36,187,-136,-82,76,159,194,141
76,208,134,-152,-26,167,-129,-75,63,160,174,178
55,224,119,-148,-62,148,-112,-86,57,156,163,160
78,190,136,-125,-35,156,-111,-81,59,124,168,147
62,202,106,-108,-41,133,-96,-90,49,127,147,124
63,188,105,-95,-25,133,-98,-65,60,126,138,131
52,155,121,-112,-23,154,-82,-68,41,118,111,99
58,151,88,-67,1,128,-107,-67,36,98,127,106
59,123,83,-100,-5,116,-61,-41,53,107,111,84
50,112,89,-65,-49,112,-91,-56,49,100,110,65
20,109,74,-97,-27,82,-70,-52,36,95,129,83
34,87,85,-88,-26,62,-56,-47,30,86,80,62
39,91,70,-83,-7,76,-43,-52,12,58,86,87
29,91,49,-63,-12,73,-51,-34,20,73,73,48
55,53,24,-46,-11,81,-45,-45,17,55,62,52
21,56,33,-62,12,51,-23,-31,17,59,36,36
29,75,39,-40,-5,49,-34,-25,33,52,51,54
6,59,20,-29,2,51,-22,-10,14,58,44,31
23,38,4,-9,3,40,-32,-20,24,33,46,34
20,43,14,-11,-8,45,-38,-25,6,26,29,11
4,25,16,-16,6,22,-9,-5,19,16,25,6
10,-4,16,-5,-18,-1,-27,-28,12,12,7,-18
8,-2,-10,-3,7,1,-16,-36,4,-14,8,-13
-4,12,2,3,3,2,11,-25,-14,29,-1,-9
6,8,-1,21,-2,-8,-10,7,-9,12,10,28
-2,4,-16,-5,-26,-18,10,-12,9,-9,-3,-1
-10,-19,-1,1,-6,-15,17,1,-12,7,-14,-6
2,-34,-19,29,6,4,-5,6,-8,-33,-27,-25
4,-49,-31,-1,4,-36,8,39,-15,-34,-14,-10
-15,-49,-25,29,2,-24,10,-13,-16,-22,-25,-39
-47,-33,-24,16,12,-19,20,9,-29,-2,-28,-7
-13,-38,-9,25,3,-31,18,21,-18,-43,-35,-56
-25,-46,-16,15,19,-48,23,19,1,-39,-54,3
-42,-43,-16,49,7,-67,14,28,7,-41,-40,-19
-20,-63,-47,42,-2,-42,7,10,-29,-56,-27,-37
-24,-62,-38,47,-5,-65,5,48,-16,-37,-36,-55
-19,-53,-32,39,1,-53,40,15,-6,-35,-53,-31
-27,-61,-42,35,2,-34,14,-3,-18,-44,-82,-37
-30,-73,-52,53,25,-44,33,41,-24,-57,-45,-39
-7,-79,-35,40,10,-51,22,35,-15,-35,-32,-58
-8,-53,-64,35,11,-59,33,27,-23,-56,-62,-36
-24,-64,-37,36,1,-45,45,27,-10,-53,-81,-58
-10,-76,-50,40,17,-57,63,12,-16,-56,-67,-65
0,-54,-46,34,7,-48,54,23,-1,-44,-65,-83
2,-76,-49,36,26,-55,19,14,-34,-39,-85,-50
-24,-60,-45,67,2,-44,36,21,-13,-58,-67,-62
-35,-89,-58,64,-5,-64,27,13,-12,-55,-72,-40
-20,-56,-64,55,18,-63,29,20,-32,-44,-73,-43
-7,-77,-50,62,-5,-50,56,27,-27,-54,-60,-66
-9,-55,-66,33,17,-73,32,13,-29,-41,-63,-43
-7,-77,-52,63,2,-82,35,14,-32,-55,-53,-50
4,-67,-41,50,20,-49,26,29,-36,-68,-60,-60
-47,-77,-54,63,6,-57,47,30,-15,-61,-46,-34
-47,-71,-41,50,10,-54,38,34,-32,-60,-65,-49
-23,-75,-59,66,4,-48,45,54,-10,-87,-67,-68
-17,-72,-53,34,16,-48,36,23,-3,-51,-74,-41
-49,-77,-35,56,15,-76,46,40,-3,-69,-64,-55
-19,-58,-49,48,-9,-53,57,39,-31,-66,-66,-72
-23,-83,-55,41,13,-59,65,25,-41,-55,-77,-59
-37,-65,-58,58,21,-69,59,8,-33,-62,-57,-26
-39,-68,-49,59,-14,-66,34,52,-12,-47,-63,-58
-27,-55,-46,51,18,-76,40,18,2,-49,-65,-64
-16,-65,-32,55,9,-82,50,40,-36,-50,-71,-53
2,-72,-42,53,7,-54,34,54,-11,-43,-49,-46
-33,-80,-47,56,-2,-64,38,24,-23,-57,-85,-35
-47,-54,-57,53,2,-63,39,35,-22,-65,-59,-40
-26,-66,-68,52,16,-63,60,28,-30,-72,-85,-58
-42,-70,-24,44,19,-50,44,41,-25,-59,-63,-40
-31,-68,-64,34,2,-63,44,36,-1,-44,-56,-56
-17,-83,-45,36,12,-85,31,31,-31,-53,-68,-56
-22,-47,-28,58,12,-62,24,23,-25,-65,-60,-44
-34,-46,-65,58,24,-88,64,47,-30,-63,-53,-60
-20,-31,-29,41,-5,-46,56,37,-12,-29,-58,-35
-14,-45,-27,50,12,-41,38,42,-41,-45,-70,-42
-33,-48,-38,43,23,-54,36,40,-45,-47,-48,-29
-6,-52,-75,36,38,-49,28,31,-21,-52,-55,-27
-22,-64,-45,40,2,-70,40,23,4,-33,-53,-52
-23,-38,-32,54,23,-59,48,20,-25,-52,-65,-29
-34,-61,-33,58,4,-59,35,51,-25,-32,-44,-31
-5,-77,-44,44,-2,-72,37,43,2,-45,-55,-64
-14,-74,-28,42,17,-43,22,45,0,-43,-54,-56
-38,-75,-37,50,13,-48,44,14,-18,-80,-53,-45
-21,-38,-22,34,21,-24,33,0,-20,-52,-52,-45
-26,-59,-14,54,34,-74,33,1,-19,-38,-66,-45
-17,-59,-36,35,8,-50,43,44,-26,-31,-37,-41
-14,-71,-32,34,2,-46,37,12,-20,-57,-58,-28
-12,-47,-33,27,17,-51,34,24,-27,-35,-41,-18
-25,-46,-50,37,7,-45,14,25,-24,-47,-35,-16
-17,-52,-26,43,19,-50,58,23,1,-34,-71,-28
-12,-36,-49,27,-9,-46,43,15,-20,-20,-74,-27
-15,-37,-20,34,-2,-48,18,36,-15,-39,-28,-16
-44,-42,-32,49,19,-39,11,7,-28,-40,-35,-37
-4,-25,-30,46,15,-28,18,0,-11,-21,-21,-28
-32,-35,-20,25,4,-24,20,11,-6,-44,-40,-18
-2,-21,-28,41,17,-37,16,4,-13,-41,-51,-34
-5,-13,-33,31,-7,-32,22,5,-4,-13,-24,-35
-20,-10,-20,28,-6,-30,36,-1,-21,2,-16,-15
14,-29,-23,34,-8,-4,26,0,14,-10,-25,-9
7,-11,5,6,-5,-4,17,18,-6,-15,-3,-22
7,-12,-6,10,14,-12,5,14,5,3,24,-4
18,-3,-12,15,-8,9,23,11,10,5,9,9
17,1,7,7,-3,6,-9,7,17,-6,-1,0
-5,7,26,-20,-12,5,-8,-17,1,0,-10,11
-9,9,8,-25,-24,14,-1,-22,22,9,23,1
11,47,19,-10,15,22,-14,-24,9,30,15,16
16,56,18,-54,-19,32,-23,-37,23,51,23,44
2,57,31,-26,-7,43,-17,-11,26,14,58,13
4,64,62,-39,-14,44,-32,-11,14,48,37,50
17,55,30,-48,-6,63,-36,-22,33,62,73,50
42,72,51,-44,8,61,-44,-27,19,52,64,58
22,93,38,-67,-17,73,-53,-34,16,54,96,45
43,104,53,-83,-17,54,-81,-48,38,75,94,81
46,118,83,-70,-4,88,-45,-38,35,87,83,52
15,118,81,-63,-4,102,-54,-30,23,84,124,86
35,146,87,-67,-4,104,-87,-61,28,109,127,86
59,146,64,-89,-37,121,-68,-59,55,105,120,89
53,162,101,-130,-26,119,-64,-45,40,114,126,120
49,149,114,-119,-12,124,-96,-66,42,121,157,108
53,168,126,-123,-36,143,-102,-62,50,151,156,118
52,195,93,-112,-39,147,-97,-61,51,133,155,124
53,193,93,-118,-2,157,-109,-96,36,147,186,147
38,194,135,-123,-17,157,-107,-74,59,129,193,155
73,213,130,-152,-23,174,-124,-105,49,146,196,138
80,220,140,-121,-39,179,-113,-46,65,174,176,148
86,196,155,-152,-20,181,-114,-88,61,162,207,170
85,231,141,-149,-18,184,-134,-95,66,147,190,172
72,229,140,-147,-30,170,-113,-95,75,181,202,161
92,238,131,-159,-37,187,-112,-105,67,142,194,162
58,233,132,-137,-27,161,-134,-84,66,160,183,157
86,233,131,-144,-29,165,-116,-65,70,160,185,141
89,210,130,-143,-24,153,-130,-97,56,145,188,164
72,211,117,-130,-43,196,-122,-66,65,155,192,169
79,200,139,-157,-26,167,-130,-81,76,151,180,126
58,203,145,-138,-46,170,-115,-76,74,128,191,124
87,217,115,-131,-34,154,-108,-70,74,141,179,127
78,206,120,-141,-21,162,-139,-77,58,89,180,152
60,201,120,-111,-18,141,-90,-72,67,116,168,131
78,174,111,-91,-31,150,-103,-68,60,131,169,124
67,162,125,-109,-21,158,-81,-63,50,120,142,104
65,141,89,-101,-13,131,-57,-85,53,118,144,143
46,143,99,-104,-13,127,-96,-61,41,100,131,108
63,132,83,-122,-21,111,-85,-63,33,75,116,104
31,122,100,-89,-28,105,-100,-53,48,88,99,97
17,126,52,-81,-16,119,-67,-57,46,104,106,80
33,94,65,-66,4,100,-59,-47,32,58,88,86
40,103,60,-65,2,66,-48,-55,27,72,67,60
52,80,57,-56,-11,55,-35,-26,19,40,81,66
26,75,57,-44,-11,49,-49,-18,14,58,57,49
10,65,47,-38,-1,29,-20,-14,15,74,53,32
28,61,37,-34,-24,30,-20,-25,-2,36,67,48
35,46,11,-39,5,54,-24,-28,11,7,28,29
1,46,17,-14,8,1,-23,-17,29,24,5,21
7,40,12,-28,-10,27,12,-12,4,5,9,18
1,10,24,-4,2,21,8,-24,17,6,13,22
-7,1,8,22,-12,-1,-12,4,-11,3,-5,-22
-6,12,29,-21,-5,41,7,-15,0,2,2,3
-12,-14,-29,-2,16,-24,9,-8,2,23,4,0
-13,-27,10,5,7,-24,8,-19,-11,8,-10,-19
8,-37,10,11,14,13,11,10,-24,11,-9,-6
8,-12,-17,30,5,-8,15,-8,-1,-14,-12,-26
2,-23,2,9,24,-30,18,-2,-6,-21,-29,-33
-4,-27,-33,1,-4,-33,23,-3,7,-14,-33,-24
-25,-41,-25,0,15,-24,6,18,-26,-22,-35,-48
-14,-29,-15,22,6,-42,14,25,-3,-43,-49,-34
-44,-39,-26,11,-11,-45,11,36,9,-16,-32,-20
-8,-49,-32,16,1,-25,11,14,-26,-44,-37,-32
-25,-59,-46,40,13,-30,44,40,-10,-52,-52,-30
-32,-58,-40,42,0,-23,41,26,0,-47,-56,-48
-53,-79,-28,52,23,-44,27,19,-20,-60,-69,-42
-20,-74,-52,34,0,-59,56,30,-29,-70,-58,-68
-40,-88,-70,77,25,-70,45,13,-55,-75,-72,-60
-40,-105,-88,74,0,-83,53,62,-16,-95,-99,-63
-36,-122,-90,91,11,-86,83,68,-44,-95,-99,-64
-70,-174,-71,89,7,-122,64,55,-51,-122,-132,-84
-74,-184,-91,120,28,-124,79,79,-49,-106,-158,-112
-60,-170,-105,96,34,-141,109,70,-57,-160,-157,-109
-68,-188,-110,116,46,-164,124,88,-58,-159,-172,-136
-67,-223,-146,153,34,-181,74,88,-62,-149,-162,-135
-59,-202,-152,142,15,-183,107,63,-54,-164,-210,-146
-65,-232,-137,153,34,-175,116,78,-67,-158,-179,-142
-89,-185,-138,133,6,-188,124,56,-66,-169,-194,-163
-67,-194,-140,119,37,-166,106,85,-48,-136,-173,-150
-76,-160,-103,102,22,-146,92,81,-35,-110,-153,-101
-38,-115,-74,94,9,-110,62,45,-62,-91,-109,-99
-42,-82,-31,42,5,-43,35,-1,-19,-51,-56,-57
-5,8,-15,-5,-18,14,24,6,8,-8,-7,7
28,62,53,-56,10,72,-45,-39,5,43,52,61
76,174,130,-125,-23,143,-97,-83,64,129,146,126
95,282,191,-209,-32,239,-151,-119,75,226,244,211
146,411,271,-292,-58,345,-244,-161,107,306,365,297
196,517,315,-348,-86,432,-286,-213,192,402,484,367
239,640,442,-422,-77,524,-374,-252,197,492,584,461
265,759,493,-507,-136,641,-418,-290,244,569,695,512
309,840,557,-583,-140,726,-481,-350,262,646,788,596
329,950,645,-637,-136,777,-538,-389,269,712,851,673
377,1015,680,-709,-139,847,-576,-400,300,761,913,718
375,1097,722,-724,-175,899,-602,-422,324,787,966,736
391,1104,727,-743,-148,921,-623,-433,335,818,986,769
384,1093,723,-725,-170,890,-598,-450,341,824,973,771
372,1035,673,-722,-161,863,-583,-419,304,782,958,712
329,989,631,-660,-141,797,-540,-387,298,717,869,699
308,862,571,-603,-127,716,-484,-375,277,646,776,596
265,757,482,-517,-110,621,-405,-295,230,555,677,527
216,631,425,-436,-92,526,-339,-261,190,466,568,465
169,470,325,-331,-78,392,-295,-195,162,386,450,358
134,363,236,-268,-52,315,-206,-162,114,287,311,225
78,249,164,-157,-37,198,-153,-113,62,180,217,154
61,134,85,-90,1,106,-70,-57,51,114,94,106
-7,-1,10,-48,-30,20,-11,-3,10,16,15,16
-45,-75,-46,35,20,-47,32,40,-25,-56,-66,-46
-48,-163,-111,113,32,-96,92,51,-46,-108,-148,-75
-91,-225,-150,157,14,-170,140,103,-75,-150,-188,-144
-98,-251,-165,185,43,-221,137,109,-85,-188,-238,-193
-112,-265,-198,201,62,-238,161,129,-96,-235,-271,-220
-114,-314,-199,197,47,-280,182,113,-76,-247,-280,-206
-109,-288,-202,223,46,-271,179,110,-90,-247,-314,-227
-133,-315,-195,221,56,-243,176,118,-94,-226,-261,-204
-89,-297,-185,214,44,-235,164,124,-87,-245,-273,-207
-88,-289,-193,184,5,-215,176,127,-84,-222,-255,-202
-89,-232,-162,185,53,-232,108,109,-67,-198,-250,-177
-86,-224,-150,149,10,-195,135,98,-72,-171,-190,-165
-86,-203,-148,119,24,-180,131,67,-59,-148,-169,-123
-47,-184,-108,119,35,-131,101,72,-44,-153,-149,-117
-65,-152,-79,103,41,-125,93,42,-51,-103,-106,-91
-53,-108,-71,85,3,-111,60,60,-62,-90,-113,-79
-39,-104,-54,59,10,-107,48,41,-34,-71,-55,-83
-19,-83,-51,61,2,-64,62,33,-41,-51,-60,-62
-9,-71,-59,51,15,-50,56,44,-32,-53,-48,-52
-23,-79,-38,42,17,-28,28,52,-13,-37,-47,-32
-20,-68,-37,39,-5,-52,27,11,-16,-28,-48,-41
-23,-51,-34,25,7,-30,19,26,-29,-16,-64,-20
-9,-33,4,42,14,-28,39,36,-29,-9,-54,-16
-20,-45,-10,23,4,-36,16,9,-19,-21,-23,-18
-1,-44,-3,18,-3,-20,11,21,2,-38,-27,-44
-11,-18,-21,33,5,-26,-5,-9,4,2,-24,16
-16,-14,-24,2,6,-36,29,11,-2,-8,-28,-21
3,-14,8,17,0,-19,12,-11,-19,4,-14,-26
-24,-17,-20,5,11,3,9,9,-16,-5,-18,-11
10,-1,-23,-3,10,-23,-7,30,-2,-15,-4,-6
25,-15,-9,14,7,-11,7,-4,0,-3,-1,0
10,-12,6,10,-14,-20,-24,18,3,0,1,4
24,-10,-6,-7,-17,14,-12,21,17,19,11,2
-2,0,19,-7,-1,4,2,4,5,16,-25,5
3,9,-22,-17,-10,6,-18,6,-1,7,10,18
-3,24,19,-25,2,35,1,1,-15,5,14,38
14,29,13,-6,-15,13,-7,-21,3,13,34,14
-11,23,5,-16,-1,20,-12,-26,10,28,48,7
21,51,22,-18,-6,36,-13,-17,16,20,19,-2
2,27,28,-16,-3,22,-26,-11,-1,14,43,28
4,31,23,-23,-18,36,-26,-24,15,33,40,37
20,51,41,-20,-17,57,12,-22,13,27,36,24
33,51,29,-41,-5,35,-37,-29,9,29,54,62
33,68,38,-34,-27,60,-46,-29,-9,44,76,21
37,86,38,-44,-18,49,-40,-19,20,71,65,54
24,79,56,-57,-19,60,-42,-52,19,49,49,49
44,52,57,-53,-31,64,-28,-43,16,53,81,60
35,102,76,-87,-14,76,-58,-60,60,55,86,66
41,97,80,-68,-13,75,-62,-58,51,100,107,82
57,108,76,-71,-4,98,-97,-49,40,90,97,88
45,126,93,-79,-22,106,-78,-62,52,96,115,67
50,134,82,-116,-19,102,-90,-42,31,84,120,86
58,160,96,-82,-22,113,-68,-40,53,97,134,104
52,162,110,-113,-13,130,-90,-74,52,99,119,130
58,143,125,-107,-1,165,-87,-51,57,129,143,106
63,188,113,-117,-20,138,-97,-84,42,138,156,118
59,195,123,-129,-3,144,-110,-73,68,136,162,143
81,179,138,-118,-20,170,-124,-63,61,137,170,146
62,200,135,-135,-24,182,-114,-106,86,168,175,160
52,222,153,-165,-35,175,-119,-94,70,172,197,159
70,232,153,-146,-36,168,-117,-90,51,176,214,161
84,252,134,-174,-24,196,-143,-106,63,184,210,161
84,265,161,-174,-27,195,-141,-98,75,196,224,188
101,249,178,-166,-18,204,-131,-93,80,205,226,188
80,288,176,-177,-42,201,-164,-102,73,185,250,183
87,282,203,-196,-58,231,-160,-122,81,247,259,205
95,309,160,-190,-41,257,-182,-123,100,235,254,212
129,312,191,-207,-46,236,-174,-111,99,263,287,215
100,315,217,-214,-58,266,-194,-135,101,257,268,216
112,331,221,-221,-52,278,-162,-129,96,226,282,218
131,332,219,-237,-43,283,-178,-127,110,255,301,227
118,348,230,-248,-45,288,-171,-121,103,274,303,256
130,366,240,-234,-55,314,-208,-142,101,257,267,243
133,383,227,-255,-42,305,-181,-135,107,271,306,242
110,381,242,-249,-63,312,-190,-137,121,277,339,248
142,380,241,-275,-36,306,-192,-169,133,275,343,261
138,370,256,-226,-48,300,-216,-155,120,283,349,277
124,382,249,-271,-64,310,-209,-157,113,312,352,262
122,406,250,-289,-46,338,-209,-153,127,288,378,288
156,416,252,-274,-41,349,-211,-173,116,293,361,295
135,400,264,-256,-87,350,-217,-174,121,294,355,294
151,398,270,-292,-69,340,-226,-179,127,312,361,277
151,421,255,-272,-80,347,-218,-173,124,315,385,297
160,457,279,-287,-66,350,-230,-178,154,303,371,285
154,415,269,-294,-72,358,-235,-170,136,328,367,300
152,441,292,-270,-61,359,-236,-170,118,318,390,292
140,452,271,-293,-78,360,-231,-165,148,293,396,314
156,424,282,-285,-77,363,-227,-160,146,335,392,291
160,428,242,-276,-64,338,-235,-181,129,324,393,301
141,427,272,-287,-85,353,-238,-172,129,311,362,298
140,422,303,-306,-66,347,-229,-174,123,334,360,283
168,427,270,-276,-65,334,-230,-170,129,302,392,294
133,409,269,-283,-47,332,-232,-142,129,299,374,298
132,400,261,-275,-39,354,-235,-166,133,303,390,295
155,408,239,-286,-58,349,-213,-179,121,297,358,272
163,388,260,-276,-59,329,-226,-151,128,296,359,287
145,414,245,-261,-79,328,-212,-155,114,284,362,290
130,380,245,-260,-68,312,-227,-147,108,285,343,274
138,361,234,-277,-51,301,-198,-125,112,281,342,266
137,370,253,-242,-45,307,-215,-144,100,257,351,245
141,388,241,-245,-37,303,-173,-170,114,257,318,238
132,368,229,-235,-35,290,-191,-127,79,275,288,234
106,329,237,-222,-35,283,-193,-120,103,257,310,230
146,319,218,-221,-28,296,-184,-121,84,260,290,210
108,327,217,-205,-59,266,-150,-130,88,257,296,230
114,326,214,-217,-68,245,-161,-132,93,236,263,185
118,312,201,-200,-36,235,-179,-128,89,235,271,205
121,301,190,-204,-31,231,-151,-108,94,224,269,204
106,278,180,-204,-72,227,-142,-108,105,194,253,186
93,270,170,-193,-60,220,-123,-95,76,219,242,172
109,258,157,-184,-41,231,-159,-92,73,174,221,171
69,250,151,-171,-61,207,-142,-109,82,213,216,158
75,244,182,-176,-54,202,-115,-101,92,171,216,149
62,218,143,-157,-49,188,-136,-99,61,164,190,154
73,206,124,-138,-65,196,-101,-109,61,160,208,152
71,195,149,-122,-41,174,-105,-80,51,140,196,153
81,190,119,-107,-21,181,-89,-92,84,125,158,118
59,182,108,-114,-12,140,-86,-84,53,127,165,113
63,168,122,-112,-19,128,-101,-71,43,135,164,122
73,171,109,-116,-36,122,-85,-67,59,120,164,107
35,164,99,-112,-33,122,-90,-58,53,91,145,99
52,145,109,-97,9,106,-93,-67,61,102,120,98
46,135,82,-86,-37,112,-72,-56,39,101,125,76
27,133,66,-73,-10,123,-81,-46,35,100,96,104
31,111,54,-76,-1,90,-60,-40,25,80,99,75
45,102,58,-56,-19,97,-46,-41,26,73,99,72
31,115,45,-43,-25,70,-63,-17,23,66,107,54
36,91,68,-47,-15,75,-36,-15,32,91,70,69
10,81,50,-52,6,61,-33,-34,29,64,64,54
5,64,42,-52,-5,45,-23,-34,30,59,63,60
36,69,28,-39,-17,57,-38,-15,30,59,82,40
-7,50,36,-38,-3,44,-41,-13,24,47,42,43
25,33,45,-40,-1,33,-28,-16,23,44,57,34
18,38,29,-28,-7,34,-24,-20,35,23,47,21
16,35,37,-41,-24,40,-29,-2,42,3,23,30
16,20,26,-6,-15,25,-12,6,-2,17,26,-2
13,37,12,-14,1,31,-5,-15,3,24,16,20
3,42,15,-14,-24,34,8,-17,-1,2,7,11
-7,3,21,-3,4,0,-14,-8,2,-9,-1,20
10,23,24,-13,-10,9,-6,9,4,-2,-1,21
3,25,-7,14,8,6,-2,-15,-4,15,23,4
19,17,-6,2,-4,2,12,3,23,-11,0,-4
-16,-8,-10,4,1,12,9,-13,11,11,4,-3
-23,21,20,-8,11,-8,-12,4,-2,13,1,-14
-14,-10,-1,-18,-3,-18,18,-18,7,20,-4,-18
-3,-30,11,-8,-6,-7,16,6,16,8,-33,-18
-18,3,-2,20,-5,-9,-16,24,-5,-16,7,-4
4,5,-19,14,7,14,7,-4,-28,-22,-20,-13
-17,6,-15,1,2,-12,12,8,21,-12,12,-9
-8,-33,13,13,29,-4,-1,4,-10,-43,-10,-17
15,-13,-25,29,-7,-18,4,24,-2,-30,-21,16
-7,-7,-3,7,-5,-27,-5,-15,-7,-11,-18,-13
14,-6,0,34,-5,-43,21,-12,10,-3,-9,-25
-2,-29,-17,15,-2,-15,-8,8,10,-7,-23,-10
-12,-28,-15,0,5,-5,-1,20,10,-10,-20,-35
-12,-15,-24,15,-1,-11,29,5,5,-39,-40,5
2,3,-30,23,19,-48,5,18,-11,-35,-18,-17
-5,-25,2,9,-3,-41,17,4,11,-38,-24,4
-8,-40,-6,14,-2,-13,11,16,-3,-14,-36,-14
-26,-31,-15,28,8,-21,17,13,-24,-38,-21,-37
-5,-26,-4,1,1,-35,39,11,5,-33,-33,-25
-6,-10,-38,7,12,-17,-13,26,-12,-26,-11,-12
-7,-28,-3,11,17,-23,5,18,-5,-23,-28,-18
7,-18,-37,16,8,-30,14,-2,-19,-27,-18,-25
-19,-32,-25,36,-8,-25,3,8,2,-33,-24,-11
4,-27,-36,14,15,-20,-5,1,-5,-41,-20,-13
-18,-39,-6,2,7,-25,0,20,-11,-23,-12,-4
-23,-15,-1,19,9,-32,-6,11,-2,9,-30,-15
-27,-11,14,27,23,-30,11,29,14,-34,-27,-17
-33,-3,-27,31,-1,-25,2,-5,-13,5,-20,-20
-22,-5,-26,20,15,-31,7,11,-6,-23,-26,-6
-13,-36,-8,15,8,-10,9,25,-14,-19,-27,-38
-6,-28,18,21,-6,-32,29,24,-12,-20,-32,3
-13,-27,-5,10,6,-15,15,0,-30,-31,-8,-16
-16,-35,-17,3,0,-15,19,14,4,-40,-17,0
15,-21,-15,17,11,-11,-12,5,-8,-11,-15,-17
-26,-21,8,18,1,-12,13,19,-6,-28,-9,-29
-4,-24,-8,24,2,-16,-7,4,-23,-14,-4,-7
1,-25,14,-4,15,-14,18,12,-3,-8,-26,-17
1,-21,-7,15,-2,-13,33,1,-14,-33,-22,-12
-22,-20,5,24,4,-11,12,1,-3,-21,-30,3
-11,0,-11,19,-13,-10,7,-14,-15,-11,-22,-28
-18,-9,19,34,6,-39,21,-8,-15,-28,-1,-10
-1,-13,-1,8,12,-29,14,-2,-3,-21,-7,-8
16,-34,-3,22,0,-28,10,-11,-26,-22,-17,11
-19,-22,12,2,-5,-8,0,22,-2,-2,-12,9
2,-32,0,-21,-5,-32,3,9,12,-19,-32,-24
-3,-20,-19,15,-7,-4,-4,7,-15,-12,-6,-25
1,-16,-5,22,3,-8,22,20,4,-3,-23,-15
-21,-14,-12,13,-16,-20,28,8,-4,-10,-37,-7
11,-10,-11,19,14,-19,4,-2,8,-15,-16,-19
-12,-13,-19,0,8,-3,27,8,8,0,-25,-12
-13,-30,-25,21,13,0,1,-6,-2,11,-19,-7
-20,-48,-4,9,16,4,14,-9,0,-8,-10,15
14,-22,-19,6,-15,4,9,6,-20,28,-21,-14
-16,0,-1,-1,-11,-17,0,-2,-4,-17,-23,-10
-6,-5,10,10,0,8,-11,-3,4,-12,-6,1
5,-12,20,9,4,-2,8,8,2,-7,-2,-30
-2,-4,11,10,-3,5,-2,-8,-14,7,-13,7
-13,-3,-1,-4,-26,-4,-15,-11,1,4,-15,-12
9,14,8,22,13,11,-2,7,12,25,24,-1
8,9,-2,-3,-1,8,-2,5,-7,19,21,17
21,12,12,-1,1,23,-4,-8,-10,-7,4,27
-14,13,2,-1,0,-6,-16,-11,-12,28,12,5
14,40,18,-21,-12,11,0,-20,-9,7,31,-7
8,14,11,3,-2,6,-24,-14,-14,20,21,5
24,22,20,-20,5,27,-31,-7,15,17,49,33
25,43,26,-34,-2,21,-10,-38,-9,30,41,30
-2,51,26,-19,-15,31,-18,-12,18,31,52,38
30,53,38,-50,-21,14,-25,-53,23,48,45,39
18,57,49,-49,-19,39,-40,-32,29,29,70,59
25,45,48,-48,-19,74,-42,-38,16,63,70,48
11,76,65,-65,-16,32,-51,-10,36,51,64,64
26,84,57,-58,-12,72,-50,-48,20,64,89,52
31,98,42,-62,-31,85,-44,-66,29,106,86,80
40,118,62,-60,-13,103,-88,-49,25,65,98,83
27,120,74,-81,-32,94,-76,-66,31,74,111,52
47,133,78,-81,-14,81,-52,-52,41,97,112,106
45,137,95,-116,-17,117,-57,-64,39,75,140,92
22,151,76,-99,-7,153,-61,-73,49,107,131,107
52,163,102,-98,-28,151,-98,-51,55,110,154,120
53,162,104,-128,-29,130,-112,-63,58,120,146,118
64,191,113,-116,-18,141,-111,-76,70,132,153,119
74,192,143,-132,-26,166,-116,-69,38,167,196,136
85,185,127,-107,-41,162,-109,-86,69,166,203,163
79,221,152,-123,-27,206,-116,-84,45,155,179,160
91,244,152,-154,-27,172,-120,-88,84,168,204,125
79,212,168,-148,-33,191,-126,-98,68,189,197,165
73,244,156,-175,-44,223,-132,-97,103,178,226,172
104,264,178,-174,-33,204,-116,-117,84,199,232,168
95,281,174,-188,-24,209,-151,-112,62,202,261,174
98,243,151,-197,-37,220,-146,-104,62,179,224,194
93,277,181,-184,-33,224,-167,-92,89,202,242,191
92,276,176,-188,-29,230,-151,-100,100,218,257,185
106,275,173,-197,-32,218,-149,-116,99,223,259,202
83,288,191,-185,-42,234,-160,-97,81,222,251,199
104,273,180,-189,-27,215,-157,-108,56,202,245,202
115,262,194,-174,-46,228,-176,-117,59,197,251,208
79,268,194,-189,-26,218,-172,-112,89,213,271,202
94,274,172,-205,-44,225,-150,-114,92,193,217,199
97,262,180,-200,-33,226,-142,-88,75,173,268,195
84,285,171,-171,-42,255,-165,-140,90,201,243,163
83,260,170,-187,-26,225,-144,-101,91,195,244,187
102,257,173,-153,-32,208,-130,-94,82,213,221,200
84,262,175,-194,-18,224,-147,-83,79,187,224,174
93,244,152,-172,-38,199,-128,-99,80,168,216,157
89,231,144,-166,-58,176,-120,-100,88,169,192,153
59,235,145,-157,-40,159,-105,-82,62,149,197,148
75,199,134,-142,-33,160,-133,-95,85,172,208,126
72,189,125,-135,-24,161,-103,-82,42,148,179,128
55,150,124,-111,-27,140,-112,-70,62,142,192,128
60,184,104,-116,-31,144,-89,-70,69,136,175,120
55,153,102,-121,-43,151,-111,-57,34,107,152,112
57,157,125,-100,-6,112,-86,-69,38,108,139,122
40,134,92,-86,-11,126,-83,-58,74,93,138,100
48,134,79,-83,-9,89,-76,-80,24,108,129,83
31,110,68,-95,-33,123,-65,-32,24,96,103,88
42,107,74,-66,-19,89,-63,-21,38,70,111,79
46,106,55,-62,-18,84,-68,-55,31,50,86,70
63,103,53,-66,-35,97,-49,-12,7,74,105,70
48,80,66,-57,-12,66,-55,-53,37,55,87,74
35,75,48,-37,-7,57,-33,-23,7,54,58,55
25,85,31,-48,-22,47,-22,3,15,44,74,47
9,67,23,-32,20,30,-44,-45,15,28,42,31
23,62,47,-41,-10,46,-9,-38,26,52,56,16
7,24,51,-49,0,50,-25,-11,-14,19,46,24
13,29,32,-25,17,45,-27,9,22,32,34,54
-19,41,10,-28,-12,35,-35,-14,-15,33,42,33
13,32,13,-42,-4,22,-1,10,-14,30,22,39
-13,34,21,-26,-20,0,-15,-9,10,20,28,25
11,18,2,-22,-10,20,-12,4,-6,36,19,23
3,10,9,6,-14,-5,-28,-12,15,28,27,10
13,15,24,-7,23,4,-21,-10,18,7,5,16
-8,-4,-6,-15,6,-26,-21,2,-8,8,13,-4
-18,24,-3,-33,12,1,13,8,26,-2,-15,0
-2,-13,-41,-14,-21,-21,4,8,-2,15,5,3
9,-4,-22,9,-21,-16,17,19,-21,-25,-31,-17
-27,-26,-30,26,6,-1,26,-8,-35,-20,-33,-28
-22,-37,-49,37,-9,-37,17,31,-25,-3,-37,-43
-29,-59,-50,66,5,-47,35,16,-15,-39,-36,-18
-15,-61,-64,45,21,-69,24,51,-54,-78,-54,-55
-19,-97,-73,70,4,-58,45,39,-44,-74,-90,-62
-39,-111,-75,68,5,-104,48,79,-46,-89,-87,-51
-69,-132,-74,99,31,-112,60,22,-47,-103,-149,-74
-64,-141,-82,86,19,-119,62,59,-45,-99,-137,-97
-62,-159,-93,105,0,-138,86,50,-34,-118,-139,-111
-64,-170,-114,123,20,-120,96,60,-44,-121,-162,-114
-48,-173,-125,141,35,-141,101,79,-43,-120,-178,-112
-59,-182,-114,119,36,-153,100,69,-56,-136,-188,-130
-52,-176,-109,102,40,-128,96,63,-43,-122,-134,-101
-46,-135,-91,106,19,-118,66,69,-26,-88,-121,-91
-35,-106,-75,65,-1,-93,49,52,-22,-84,-100,-67
-5,-48,-44,37,7,-76,38,20,-17,-64,-43,-36
12,16,5,-23,-9,4,-1,-9,0,10,36,-1
39,78,51,-45,-35,74,-45,-47,9,50,70,63
60,201,77,-125,-32,119,-104,-63,44,145,134,109
97,270,151,-196,-36,214,-150,-117,73,208,244,176
133,360,269,-257,-63,320,-196,-161,125,297,356,249
190,499,319,-354,-83,405,-266,-195,151,373,423,350
227,607,387,-436,-88,496,-341,-255,173,466,558,436
265,746,459,-500,-105,600,-430,-311,236,581,676,502
293,855,562,-595,-160,721,-462,-354,256,652,771,618
347,967,634,-666,-165,812,-535,-402,298,744,868,662
365,1060,673,-736,-155,868,-585,-408,312,800,954,735
397,1127,722,-762,-155,933,-613,-442,336,841,1015,778
384,1130,740,-773,-172,963,-623,-445,343,853,1020,795
381,1142,743,-767,-176,948,-618,-469,351,847,1037,800
405,1103,724,-745,-148,912,-629,-430,331,865,1017,756
379,1072,678,-737,-148,886,-579,-432,316,781,931,745
335,954,635,-664,-136,809,-525,-385,275,741,870,670
317,871,551,-587,-132,721,-499,-366,264,646,787,608
256,749,482,-520,-99,618,-421,-284,232,536,670,515
210,607,385,-384,-94,500,-351,-234,197,461,537,431
149,497,326,-330,-79,399,-273,-197,135,355,425,333
121,321,229,-245,-34,299,-186,-135,88,277,331,259
72,221,158,-147,-31,195,-138,-79,66,163,214,174
36,100,88,-75,-24,99,-54,-71,54,80,98,66
-4,5,8,-7,12,18,-11,-23,11,-3,4,24
-60,-68,-47,61,13,-61,48,40,-10,-54,-72,-53
-48,-145,-75,105,11,-114,84,49,-39,-109,-140,-87
-59,-205,-149,143,33,-175,122,91,-55,-152,-173,-148
-61,-227,-155,162,27,-195,135,109,-69,-180,-235,-148
-76,-264,-158,186,43,-204,151,107,-82,-197,-210,-172
-115,-259,-167,185,41,-238,153,104,-78,-203,-249,-184
-108,-267,-194,137,35,-207,154,114,-79,-194,-241,-188
-87,-251,-162,161,37,-228,149,98,-81,-205,-224,-178
-94,-221,-143,158,36,-212,122,81,-63,-176,-202,-176
-47,-219,-135,163,51,-195,91,74,-45,-162,-182,-128
-61,-181,-109,109,52,-140,87,81,-66,-130,-184,-119
-60,-152,-98,117,11,-135,91,51,-64,-125,-157,-114
-39,-133,-76,96,6,-111,67,48,-23,-113,-118,-84
-45,-97,-77,72,19,-82,60,50,-30,-71,-102,-62
-24,-80,-76,68,10,-65,55,56,-11,-67,-59,-61
-23,-61,-41,65,6,-57,19,40,-29,-44,-38,-68
-1,-54,-23,19,22,-52,34,9,-7,-42,-16,-35
-32,-48,-34,-1,-18,-11,-9,14,3,-27,-15,-17
2,-16,-6,8,-23,-16,12,-1,-1,9,-8,-10
7,1,-12,0,14,-17,-1,-3,-13,-10,-13,8
4,13,-10,8,4,27,26,18,2,17,12,9
8,8,-1,-23,-18,-6,5,-5,9,23,0,11
-7,27,12,-29,-8,10,-9,0,0,9,14,-8
9,17,1,-6,5,3,2,-15,22,1,15,16
-5,6,-3,7,-8,3,-23,9,12,-2,-2,26
-2,19,12,-17,-5,-7,-21,-5,30,41,28,28
32,16,21,-49,0,23,-6,-21,1,16,23,21
3,4,0,-4,-5,13,-11,-12,12,39,24,6
25,25,9,-37,7,16,-9,-22,25,17,26,24
10,27,39,-35,-13,14,-24,-26,10,26,31,18
16,45,18,-31,-13,47,-17,-10,6,14,43,17
5,33,1,-31,7,45,-22,-21,-3,30,38,36
18,51,35,-24,-16,36,-13,-27,32,32,60,42
7,32,38,-41,-14,24,-20,1,-4,50,42,45
10,56,49,-9,-15,39,-42,-33,13,39,58,58
19,44,56,-53,10,26,-53,-36,24,47,45,39
4,67,72,-49,-6,37,-30,-31,14,52,53,74
30,90,36,-35,-13,56,-26,-28,14,70,59,50
32,76,47,-63,-25,47,-47,-11,8,50,58,46
32,92,48,-56,11,71,-38,-27,18,64,71,48
25,109,44,-68,-28,85,-59,-46,11,66,73,47
55,94,72,-63,-20,112,-59,-38,-11,81,84,60
30,118,61,-55,-19,103,-66,-22,28,91,101,73
25,107,59,-81,-10,107,-46,-64,27,72,111,49
32,137,91,-56,-11,99,-80,-34,37,83,126,69
42,128,103,-91,-21,102,-50,-45,38,97,139,110
49,133,89,-90,-30,117,-79,-50,61,83,134,114
68,148,90,-108,-7,126,-86,-26,36,105,137,102
64,168,72,-121,-30,123,-77,-76,30,118,140,98
66,171,111,-107,-24,125,-100,-63,43,124,150,113
70,166,134,-136,-46,134,-98,-81,38,127,170,124
71,181,125,-107,-42,140,-88,-85,63,132,142,130
59,194,132,-117,-17,156,-106,-55,53,113,152,102
62,191,133,-130,-35,190,-112,-77,79,146,180,128
54,208,128,-126,-8,190,-101,-78,66,133,191,149
75,221,147,-145,-22,191,-99,-99,26,160,199,171
79,236,141,-177,-16,193,-133,-88,77,175,218,175
94,253,146,-171,-18,186,-138,-87,80,187,221,181
80,249,181,-169,-35,217,-133,-92,93,200,226,178
80,267,153,-158,-32,198,-147,-108,78,190,229,198
86,276,189,-195,-21,241,-142,-118,78,213,232,184
87,292,173,-204,-55,240,-174,-105,85,227,267,183
104,294,220,-207,-56,231,-148,-125,100,200,266,222
89,318,201,-191,-55,270,-175,-130,93,229,280,214
109,320,197,-210,-46,276,-166,-129,104,225,287,224
96,341,193,-243,-47,278,-162,-135,94,253,301,236
124,348,225,-271,-29,294,-189,-129,121,239,311,251
118,352,230,-231,-65,276,-184,-152,76,252,315,262
135,372,237,-224,-52,294,-220,-138,105,257,328,251
127,386,261,-270,-73,318,-173,-146,109,275,309,270
115,373,250,-259,-58,309,-197,-148,132,294,334,297
117,377,268,-253,-58,339,-236,-160,135,315,335,286
141,416,269,-257,-79,315,-209,-164,122,291,352,268
144,426,255,-270,-43,345,-244,-177,121,302,383,275
156,408,271,-293,-58,338,-223,-163,136,344,383,282
135,424,260,-298,-83,331,-242,-172,136,293,383,300
149,430,298,-288,-57,349,-245,-172,131,299,399,301
165,454,248,-273,-83,376,-224,-173,128,338,401,318
122,433,274,-293,-61,375,-240,-178,114,329,392,281
167,452,301,-303,-43,354,-249,-170,140,328,388,302
156,445,293,-308,-70,368,-252,-174,119,346,393,303
143,448,280,-336,-64,385,-244,-197,129,342,425,309
168,483,294,-315,-75,370,-254,-163,134,331,404,311
166,447,305,-338,-84,367,-246,-172,156,373,416,330
168,448,289,-315,-86,372,-231,-134,142,346,418,327
165,456,288,-313,-72,387,-245,-192,133,336,419,322
156,474,280,-326,-69,380,-253,-171,141,356,418,277
163,465,281,-303,-75,376,-251,-197,136,363,424,327
176,472,313,-328,-82,361,-242,-186,138,341,433,320
148,456,301,-307,-79,376,-258,-196,146,355,428,320
164,453,299,-299,-60,370,-249,-176,154,335,406,318
159,452,294,-315,-74,375,-241,-171,142,334,395,316
164,446,289,-296,-62,378,-263,-192,118,321,423,302
173,442,284,-288,-72,383,-257,-191,110,334,389,302
125,424,296,-296,-60,386,-231,-171,151,322,413,291
158,400,285,-297,-54,359,-236,-164,139,335,375,324
133,431,267,-268,-63,357,-229,-153,126,319,383,290
142,410,300,-277,-63,354,-215,-174,151,301,373,292
138,414,274,-266,-61,338,-221,-187,132,320,349,304
140,390,260,-275,-80,325,-224,-155,114,295,370,257
132,386,261,-276,-60,306,-230,-140,101,271,344,272
116,401,254,-236,-59,320,-224,-164,110,262,368,273
156,389,229,-279,-73,298,-196,-147,126,295,331,256
125,381,241,-247,-49,317,-203,-149,107,259,336,271
121,354,242,-233,-44,301,-200,-133,104,269,314,241
121,346,217,-238,-53,279,-200,-135,95,260,308,233
124,346,210,-241,-48,276,-187,-138,89,269,291,249
109,322,208,-212,-56,264,-192,-133,93,249,313,219
100,317,183,-191,-46,272,-161,-116,106,248,263,240
99,295,204,-201,-25,264,-164,-115,75,220,267,209
114,306,184,-194,-30,241,-172,-111,72,216,262,175
99,289,188,-184,-27,232,-165,-111,86,203,236,196
84,289,177,-198,-44,229,-157,-137,92,196,227,189
103,250,175,-157,-23,217,-149,-113,75,213,216,177
62,241,153,-165,-43,186,-136,-103,81,208,211,173
82,219,146,-161,-26,171,-130,-84,64,167,220,175
84,233,154,-156,-55,178,-132,-100,60,183,208,159
68,212,124,-141,-38,182,-111,-97,47,151,191,122
63,168,126,-133,-41,172,-119,-97,76,171,187,124
79,177,122,-125,-44,164,-105,-94,45,137,168,121
67,179,113,-110,-46,138,-92,-93,82,133,165,116
45,154,116,-113,-39,129,-95,-72,52,121,135,127
69,154,82,-119,-46,142,-76,-73,49,104,152,108
53,134,88,-90,8,132,-107,-51,40,110,126,120
39,143,84,-100,-28,111,-82,-55,21,121,132,92
33,131,62,-102,-13,122,-49,-59,67,112,114,91
43,132,64,-87,-37,126,-76,-49,29,89,129,72
51,128,59,-87,-31,94,-99,-40,25,96,93,85
36,123,62,-85,-20,57,-73,-36,45,76,93,63
26,112,61,-62,-8,74,-52,-34,46,85,99,88
39,106,48,-76,-5,91,-37,-53,34,52,91,52
34,89,91,-66,-18,53,-68,-48,44,67,75,74
21,78,55,-97,-27,82,-42,-31,40,73,75,70
39,76,63,-61,-12,54,-59,-17,22,47,57,51
29,71,35,-24,-12,71,-33,-32,17,48,74,61
19,71,38,-35,-16,41,-31,-33,12,17,39,41
15,69,44,-62,-26,39,-52,-40,14,42,39,37
6,55,29,-55,-22,41,-34,-19,19,60,31,28
21,70,48,-24,-20,31,-46,-16,7,62,30,44
4,30,28,-43,-26,19,-19,-14,12,54,37,35
14,39,37,-38,16,35,-44,14,14,16,35,31
34,42,42,-14,-6,53,-10,-28,36,-8,29,37
5,54,13,-22,-11,26,-24,-23,6,21,26,25
2,37,31,-45,4,22,-39,-4,12,7,34,36
25,40,20,-9,-8,18,-29,-15,-6,31,42,9
18,27,11,-31,-13,7,-30,1,-8,9,40,29
-1,24,-4,-7,-4,-4,-27,-6,3,53,33,12
20,25,-5,-1,-8,-5,-3,-22,12,24,2,29
16,14,-5,-32,4,35,-32,-14,8,-8,13,7
14,43,23,2,26,15,-27,2,6,4,17,19
-9,26,10,-20,19,22,-2,-5,20,-7,8,6
-5,26,11,-14,-2,27,-10,-23,23,-2,8,-11
7,6,21,-12,1,7,18,8,5,31,-14,22
22,-17,-4,-12,-13,11,-6,-2,12,-1,8,8
6,19,6,-21,25,-12,6,7,15,-2,23,7
8,-4,11,-16,-4,1,-12,12,1,12,6,2
17,10,-13,-5,7,6,-5,1,19,-3,8,20
15,1,6,5,-8,7,-3,3,-5,25,22,1
-2,12,12,7,-12,1,-5,23,5,16,-11,18
-11,13,9,-8,-21,-18,-14,7,1,-9,13,6
8,-10,9,1,2,-10,-4,1,5,-9,10,-9
-27,16,-6,-17,-19,-11,-5,-12,-1,7,-5,-5
0,5,-1,21,-17,18,19,12,16,-18,23,7
6,11,-17,-14,10,2,-14,-19,2,10,-7,3
-7,10,8,-6,1,-9,-2,-9,22,3,-3,-2
1,10,-3,2,-2,22,-11,-26,-15,0,2,38
-9,5,18,9,-15,6,4,9,12,11,2,-3
15,-7,8,11,-7,-9,4,-3,9,-16,-7,15
28,6,-9,-6,-6,-10,-16,-11,-7,-7,-11,-10
-7,18,11,9,-18,8,13,-1,-9,-6,17,2
7,-2,-4,-21,-9,-5,6,-4,3,1,-4,-3
-7,-11,4,-19,9,1,4,3,-11,-7,19,-7
-10,1,1,-5,29,2,5,-3,-2,9,7,-13
-20,-1,-18,-3,-9,-4,13,-7,6,-7,1,21
8,-9,10,7,-5,3,1,11,17,-21,11,-12
14,3,18,12,2,-5,0,12,-1,-8,13,2
-13,8,14,9,13,-18,-20,-16,1,-2,7,23
9,14,13,-4,10,3,-31,-16,2,0,16,-1
-19,0,1,-12,-2,16,8,-10,19,-1,-26,16
-8,3,0,3,-3,-11,-1,-17,11,17,37,13
-12,-14,15,-18,2,6,-10,-22,6,5,-3,25
0,6,19,-8,-9,29,-23,-18,13,-2,-13,8
5,-1,-2,-17,4,5,13,13,4,24,-3,-13
15,0,4,-11,8,3,-18,-12,-14,21,0,27
2,0,-23,5,-10,25,12,12,15,-10,4,-7
0,32,17,-3,4,4,-13,-22,7,-7,4,13
17,-6,1,-17,-17,-8,1,15,-11,-28,5,10
-12,26,1,-18,-12,19,-5,-14,-13,8,5,13
12,6,-1,-41,1,26,-19,2,1,-8,17,-12
-3,28,16,-11,13,4,6,-28,-10,6,5,6
16,42,-1,-7,-11,29,-10,-8,21,21,-4,7
9,20,26,-12,-4,11,-1,7,-12,-8,24,11
13,19,13,-21,-18,10,-10,3,4,17,-1,10
10,25,-12,3,-8,32,-8,-29,-2,24,12,35
-10,-6,18,-10,0,10,-25,-9,3,-14,4,6
11,20,8,17,8,18,-2,-1,22,23,-2,-4
6,21,12,3,-12,-7,-12,-4,3,-1,-2,11
-2,28,20,-9,-6,23,-32,0,13,19,15,13
2,27,7,-25,-8,20,-10,-9,14,14,33,15
17,20,15,-22,-36,22,1,18,9,27,-11,32
11,34,12,-39,-5,23,-8,-19,10,46,32,14
0,39,38,-13,7,27,-8,-21,9,24,17,29
11,41,41,-5,-4,53,-31,-10,14,47,29,30
25,50,30,-27,-10,38,-25,-13,7,13,38,25
11,43,21,-35,-38,55,-28,-37,22,56,28,41
42,52,0,-35,-1,44,-36,-16,41,57,53,45
14,74,21,-37,-11,45,-27,-37,9,42,59,35
32,72,29,-53,15,44,-42,-24,-10,59,58,55
23,64,37,-48,-7,50,-39,-30,1,64,89,35
23,83,60,-42,-6,76,-41,-31,20,49,67,42
13,86,58,-49,-7,73,-43,-39,17,69,68,62
41,82,59,-57,-18,86,-54,-33,10,55,80,56
19,118,88,-79,-20,77,-33,-14,35,94,87,74
27,141,82,-56,-7,101,-52,-58,35,79,103,73
52,104,90,-78,-15,98,-75,-26,42,126,124,91
69,141,94,-65,-30,113,-75,-58,24,95,116,84
50,140,88,-113,-7,106,-81,-60,53,119,118,94
36,172,97,-99,-28,130,-84,-54,37,127,137,126
58,154,86,-110,-20,130,-80,-74,40,128,132,112
54,165,96,-125,-25,151,-91,-58,41,145,156,103
64,193,91,-116,-33,160,-112,-70,78,158,177,125
81,196,133,-136,-25,163,-107,-79,45,145,174,127
72,205,131,-147,-18,173,-114,-92,47,165,184,144
65,232,142,-157,-41,190,-136,-71,77,165,181,131
74,213,148,-168,-13,182,-123,-87,67,183,215,167
69,236,149,-183,-36,215,-138,-88,66,180,208,175
66,263,175,-151,-26,195,-112,-108,83,179,226,175
97,249,170,-184,-59,198,-123,-96,87,188,254,190
100,273,172,-182,-31,216,-144,-104,61,195,235,173
95,269,172,-192,-36,226,-132,-145,91,192,236,201
109,264,188,-201,-65,213,-143,-84,67,207,268,196
107,272,189,-178,-29,226,-178,-122,75,222,252,237
89,294,178,-190,-16,242,-153,-106,100,210,280,211
96,288,171,-204,-28,253,-161,-128,71,225,248,196
115,297,182,-203,-32,259,-152,-115,89,235,258,220
91,301,175,-202,-49,245,-156,-112,107,250,268,227
120,277,193,-201,-37,244,-147,-127,85,218,262,208
118,327,199,-201,-37,249,-173,-109,106,216,278,231
107,287,191,-212,-44,223,-164,-131,85,217,256,225
82,264,198,-201,-51,247,-137,-110,68,226,264,189
98,292,190,-205,-53,215,-168,-120,93,178,249,198
89,271,180,-185,-46,197,-173,-120,67,203,250,201
97,287,178,-202,-35,217,-156,-127,61,211,240,194
83,262,172,-178,-48,212,-143,-128,75,197,245,194
72,275,176,-169,-47,195,-141,-87,77,186,213,168
79,253,160,-175,-61,212,-139,-101,70,195,241,172
93,241,149,-138,-25,211,-141,-84,72,201,233,164
82,228,161,-166,-41,184,-147,-86,73,161,195,173
75,224,135,-126,-31,170,-129,-89,64,176,181,148
77,193,141,-117,-27,170,-147,-73,66,163,175,152
76,197,105,-127,-44,183,-98,-71,45,146,179,114
47,207,118,-128,-31,142,-102,-85,53,162,168,132
65,186,106,-102,-27,137,-82,-63,45,129,140,133
53,150,105,-118,-15,114,-88,-63,74,125,162,112
50,134,96,-120,-18,146,-73,-58,60,110,145,104
57,135,91,-107,-21,118,-88,-60,35,94,125,99
60,127,70,-97,-29,102,-51,-39,58,116,144,89
39,107,78,-69,-24,97,-78,-35,47,87,95,88
38,111,76,-66,21,97,-55,-32,44,77,80,56
66,97,63,-60,-6,78,-80,-32,27,87,81,75
26,94,63,-67,6,93,-42,-38,30,48,83,91
24,94,52,-28,11,72,-65,-52,28,52,77,62
19,61,46,-56,-15,45,-39,-57,13,73,49,39
2,76,33,-39,-7,61,-44,-44,10,57,78,45
32,56,35,-46,-28,58,-40,-21,24,44,63,51
17,78,54,-34,-17,35,-29,-27,13,43,46,19
29,35,51,-22,-12,29,-28,-31,20,19,46,42
17,28,10,-20,-21,43,-37,-21,21,14,25,41
32,31,35,-9,16,34,-14,-22,17,16,19,31
-6,27,24,-24,-16,19,0,-13,3,22,39,11
9,24,14,-21,-16,40,-28,-7,12,7,33,25
2,26,49,-16,8,25,-25,-12,17,20,6,19
26,13,-6,-8,-14,20,-34,-16,31,14,9,16
-13,-4,14,-17,-7,-15,4,-32,-1,-2,9,12
-5,12,0,-12,-13,7,17,-1,16,-27,20,3
4,-20,3,14,-10,5,-2,13,15,1,-33,17
-4,-8,10,1,0,-16,11,-4,-28,-24,-21,-38
-12,-36,-32,32,12,-21,5,5,-12,-43,-29,-11
-22,-21,-18,24,17,-59,26,20,-16,-24,-50,-12
-18,-61,-41,33,5,-40,19,-2,-18,-22,-37,-47
-27,-54,-55,44,11,-56,36,30,-20,-65,-60,-36
-45,-98,-71,53,3,-67,26,34,-38,-88,-66,-58
-35,-110,-84,80,26,-87,28,45,-33,-71,-105,-69
-51,-124,-99,105,7,-111,49,73,-45,-98,-134,-78
-34,-141,-100,79,22,-124,76,58,-54,-111,-121,-103
-54,-137,-104,101,20,-136,90,70,-56,-124,-122,-93
-50,-174,-98,97,31,-126,94,69,-47,-121,-126,-107
-66,-150,-103,100,43,-121,95,76,-28,-138,-163,-109
-71,-186,-105,89,32,-129,58,64,-29,-112,-119,-120
-53,-158,-99,71,30,-112,85,46,-61,-111,-118,-89
-44,-128,-68,86,20,-100,71,64,-49,-93,-114,-82
-26,-78,-56,65,16,-70,38,24,-58,-66,-52,-39
-3,-17,-29,16,4,-17,11,19,-13,1,-16,-13
14,55,54,-16,-4,35,-47,-19,37,33,59,33
52,134,72,-99,-9,108,-67,-33,28,90,114,98
85,195,144,-139,-25,192,-115,-104,51,173,199,148
134,325,222,-250,-13,263,-190,-144,61,255,309,219
168,430,285,-320,-60,379,-239,-170,157,350,375,306
184,569,356,-386,-94,464,-302,-205,183,412,504,409
248,689,444,-488,-101,561,-355,-267,206,500,625,474
282,804,514,-556,-110,655,-444,-321,243,632,735,570
339,913,595,-625,-133,765,-503,-349,289,695,830,672
383,1006,673,-696,-154,842,-553,-428,280,770,912,702
382,1071,686,-736,-173,900,-603,-420,323,845,970,760
402,1125,716,-768,-160,920,-622,-459,336,869,1011,797
380,1139,749,-775,-169,944,-629,-467,327,858,1027,808
391,1120,744,-749,-173,915,-611,-454,336,840,997,797
370,1085,708,-746,-158,906,-575,-419,312,797,977,754
374,978,625,-688,-160,819,-551,-398,341,760,898,697
324,914,590,-629,-157,762,-522,-357,246,697,805,629
287,796,519,-530,-116,649,-418,-321,218,584,721,555
237,676,447,-443,-114,552,-382,-274,211,510,620,480
160,558,360,-373,-66,444,-287,-213,181,411,510,399
120,432,273,-317,-55,327,-222,-152,139,306,384,271
98,289,172,-185,-39,219,-170,-115,88,217,249,179
77,173,108,-114,-4,126,-97,-61,62,129,159,100
25,41,25,-25,-1,72,-29,-8,0,42,41,29
-5,-54,-23,39,1,-26,27,16,-29,-22,-24,-24
-51,-117,-77,74,20,-90,56,51,-28,-96,-94,-91
-59,-182,-121,115,30,-135,105,64,-52,-139,-172,-124
-59,-234,-140,163,39,-185,131,85,-70,-166,-195,-170
-94,-268,-174,176,57,-223,140,94,-71,-193,-226,-172
-99,-257,-152,172,18,-210,147,120,-80,-210,-253,-205
-84,-307,-165,189,42,-240,153,116,-107,-198,-261,-216
-104,-289,-172,159,29,-242,151,111,-69,-195,-262,-213
-73,-262,-183,185,38,-228,150,88,-71,-200,-231,-175
-86,-240,-179,167,47,-203,152,125,-56,-185,-223,-159
-83,-235,-139,152,45,-175,105,76,-58,-162,-194,-163
-56,-200,-131,154,42,-174,97,80,-47,-150,-179,-122
-55,-180,-97,112,58,-139,89,62,-47,-122,-125,-127
-46,-137,-86,63,16,-123,58,59,-74,-91,-111,-88
-40,-121,-62,98,18,-76,55,35,-41,-59,-103,-78
-38,-78,-62,61,25,-61,52,29,-38,-49,-66,-65
-6,-87,-14,56,4,-43,49,26,-23,-33,-77,-71
-30,-52,-47,38,-1,-47,34,34,-37,-53,-30,-50
7,-26,-14,11,-1,-41,14,7,9,-16,-11,-29
-1,-20,-9,20,-2,-1,38,5,24,-15,-10,-6
-19,-26,-7,16,1,-8,30,-5,9,-15,-19,-10
3,-10,-22,9,0,19,-5,-12,5,-6,2,-25
5,21,16,-3,-12,21,-6,1,-13,-5,14,-13
-24,10,-13,-13,-8,-2,6,8,2,3,6,-5
18,16,21,-3,2,5,-12,-12,-22,1,-4,6
-5,0,-4,-10,-7,20,-9,20,19,15,19,22
-6,14,28,-29,8,18,5,5,4,18,14,9
-9,23,2,-7,1,23,-17,-15,-8,17,12,19
-8,35,16,-12,-4,13,-3,3,19,27,-4,18
11,37,38,-24,-5,45,-22,-11,8,21,46,24
-9,15,20,-38,-2,29,-38,0,-6,30,36,1
28,39,26,-32,-24,30,-25,3,21,28,41,43
12,45,30,-6,-19,30,-7,-34,12,47,23,0
3,31,26,-32,-20,34,-16,-24,3,40,26,38
12,70,20,-15,11,26,-10,-36,12,43,63,32
37,43,6,-19,-19,32,-32,-28,0,54,37,36
38,61,34,-61,-3,35,-30,-49,13,47,61,19
13,51,54,-37,-23,67,-21,-13,33,49,54,51
27,62,36,-53,-14,55,-26,-26,22,41,71,59
37,75,25,-26,-14,54,-51,-22,13,51,65,52
14,80,65,-67,-10,50,-33,-34,38,70,69,63
35,88,60,-52,-7,84,-36,-13,23,67,68,56
12,103,66,-60,-14,99,-52,-32,37,51,82,42
38,104,74,-77,-25,102,-57,-32,39,68,99,55
22,106,66,-71,-8,81,-48,-48,26,67,90,51
48,116,74,-90,-20,93,-73,-48,51,81,105,64
46,127,87,-61,-2,116,-78,-44,66,76,103,107
39,128,93,-80,-20,128,-71,-52,49,92,128,99
42,135,103,-86,-15,107,-80,-55,33,122,129,90
40,134,83,-114,-36,126,-73,-60,24,102,140,95
35,176,112,-118,-16,148,-86,-70,47,127,150,102
34,175,105,-104,-5,135,-90,-81,39,118,148,116
62,180,123,-107,-56,160,-121,-62,49,123,172,124
45,168,132,-116,-12,160,-100,-78,71,135,158,126
43,192,144,-113,-44,157,-118,-78,71,154,179,140
65,203,140,-146,-36,180,-104,-90,98,166,189,132
82,202,166,-141,-31,178,-120,-104,57,167,203,145
96,225,123,-156,-45,189,-134,-73,73,177,189,167
74,234,158,-130,-51,198,-131,-92,53,178,211,151
102,245,145,-161,-35,224,-145,-62,84,184,240,169
75,287,177,-180,-29,202,-134,-86,82,197,230,194
108,284,178,-193,-26,213,-152,-95,85,212,250,161
93,290,175,-197,-39,254,-166,-95,80,220,273,190
100,296,184,-203,-45,235,-175,-116,85,241,258,190
103,307,173,-206,-60,262,-170,-123,84,252,276,241
99,318,202,-216,-57,252,-182,-129,82,226,282,210
108,311,191,-230,-63,263,-174,-113,93,257,289,227
118,326,222,-218,-50,244,-177,-128,112,257,305,254
120,350,211,-240,-66,290,-198,-133,101,251,328,237
113,342,225,-240,-41,304,-188,-118,99,261,328,226
120,333,223,-243,-49,321,-224,-143,115,269,333,241
140,397,234,-270,-47,304,-191,-147,139,284,321,259
113,382,255,-245,-64,324,-188,-151,110,301,352,265
133,375,256,-275,-62,323,-215,-146,107,300,308,267
154,382,258,-276,-75,346,-219,-170,118,304,340,275
121,406,258,-269,-72,354,-218,-169,116,314,338,264
168,440,259,-277,-61,336,-223,-155,86,303,373,283
140,417,277,-270,-81,339,-223,-172,121,322,369,300
140,405,273,-304,-75,342,-226,-183,142,322,392,318
138,419,268,-276,-66,343,-252,-176,125,305,399,280
159,435,284,-288,-38,381,-232,-157,112,339,386,302
164,445,267,-290,-71,377,-249,-177,132,331,395,291
146,442,289,-299,-61,363,-223,-183,147,341,368,316
153,436,287,-292,-62,364,-218,-179,115,299,402,291
171,441,302,-296,-72,368,-236,-188,133,314,407,315
166,458,303,-320,-43,386,-224,-162,132,352,388,286
154,466,275,-321,-78,350,-247,-178,150,322,401,300
150,438,286,-293,-78,346,-225,-177,119,339,391,280
167,453,296,-302,-86,364,-248,-192,154,333,406,300
169,472,274,-312,-38,367,-244,-167,103,324,402,322
161,449,285,-308,-80,359,-241,-173,137,296,389,307
160,437,293,-301,-62,354,-250,-177,126,306,400,294
160,417,284,-291,-77,360,-239,-170,136,314,389,310
139,407,281,-265,-55,359,-246,-159,134,288,360,302
148,411,283,-290,-71,333,-240,-170,123,307,373,271
145,409,279,-267,-75,346,-216,-161,109,304,381,284
137,398,262,-282,-68,338,-208,-171,121,322,371,269
143,390,240,-287,-56,339,-229,-173,103,283,352,277
125,387,255,-250,-59,333,-218,-155,111,315,344,292
144,368,235,-248,-69,303,-200,-147,116,288,339,261
142,368,224,-248,-53,303,-176,-152,113,287,328,269
150,362,245,-257,-60,294,-183,-142,104,279,346,262
123,375,245,-249,-80,287,-205,-139,132,252,311,230
118,329,206,-245,-52,306,-185,-152,94,241,302,230
132,342,233,-217,-34,270,-192,-152,100,264,289,225
132,321,203,-230,-48,264,-192,-135,103,236,284,221
124,326,208,-230,-53,260,-179,-147,95,223,292,221
88,305,188,-214,-44,263,-160,-107,111,231,270,223
94,291,196,-220,-56,213,-157,-130,95,204,270,202
106,285,191,-203,-32,232,-153,-104,60,203,266,217
109,274,172,-187,-48,231,-155,-104,84,187,247,209
103,254,152,-177,-29,210,-146,-88,92,171,228,187
89,255,186,-151,-21,205,-122,-79,65,195,230,165
84,235,137,-149,-41,186,-118,-82,73,169,216,179
56,224,137,-152,-41,169,-118,-78,68,170,225,188
67,219,128,-130,-33,188,-132,-100,61,158,197,154
68,209,141,-140,-44,188,-127,-76,41,156,199,141
62,189,129,-125,-27,146,-96,-66,35,156,173,131
68,162,124,-119,-43,146,-110,-70,67,128,181,128
57,184,118,-108,-22,140,-121,-60,40,113,145,131
61,177,94,-103,-25,147,-72,-54,39,128,133,108
64,156,102,-76,-28,120,-54,-63,9,110,135,121
35,152,83,-102,-19,125,-77,-53,60,111,113,90
18,122,81,-73,-23,119,-65,-60,32,92,110,85
42,123,85,-69,-4,109,-73,-53,44,95,127,90
53,93,71,-65,-20,96,-78,-48,33,77,90,75
20,88,67,-61,-23,88,-50,-31,32,64,81,90
11,104,65,-67,-28,70,-40,-51,42,81,95,55
22,61,62,-46,-10,78,-56,-50,36,28,75,74
30,85,64,-62,-18,82,-44,-20,43,56,55,36
40,57,51,-45,-21,52,-31,-26,38,44,61,38
22,45,23,-26,-22,50,-19,-13,17,44,64,42
7,57,29,-22,-1,28,-44,-23,26,40,41,44
26,32,36,-28,-6,35,-32,-24,14,36,41,43
10,31,17,-20,2,20,-20,1,21,28,24,31
-4,17,33,-38,7,14,-26,-35,11,29,21,36
-10,21,33,-24,11,14,-11,-10,8,27,31,46
26,31,15,5,-10,27,-2,-19,18,11,-15,28
8,19,9,-41,10,27,-17,-4,-4,23,10,15
-8,0,-9,0,-4,4,-8,-1,7,-2,6,3
-3,3,-11,15,2,8,29,11,0,-2,10,-6
18,4,-8,-23,-11,1,-14,6,9,-6,15,11
0,23,14,14,17,10,17,-28,-11,-1,-2,6
6,-5,-8,5,-2,-4,2,-1,-15,-13,1,-12
-18,0,-5,15,-13,-24,9,14,3,10,-15,0
-24,-22,-19,34,8,-32,30,-9,14,9,0,-1
16,-35,-18,3,19,-7,14,5,-17,-21,-1,-13
1,-38,-7,7,30,-9,-2,7,-1,4,-14,-15
-11,-9,-21,23,-10,-33,37,20,-18,-26,-23,2
-13,-26,-20,34,10,-37,-30,2,-7,11,-33,-15
-1,-22,-10,13,9,-24,23,3,0,-14,-24,-17
-11,-26,-17,11,-5,-29,-6,31,13,-23,-33,-24
-21,-50,-7,41,-1,-21,16,-3,-3,-23,-42,-17
8,-16,-17,-11,35,-27,3,0,-9,-16,-31,-5
-35,-43,-22,30,6,-33,27,11,7,-11,-34,-20
-1,-25,-30,12,3,-35,15,32,-23,-42,-35,-28
-3,-62,-31,9,0,-30,12,17,-17,-24,-36,-38
6,-49,-20,1,-6,-30,25,12,6,-11,-22,-25
-26,-42,-42,14,-4,-34,19,21,-16,-33,-42,-41
-36,-25,-30,18,-3,-2,50,24,-8,-35,-28,-34
-38,-62,-39,42,1,-44,17,-5,3,-51,-41,-28
-12,-46,-28,46,17,-13,36,15,-14,-1,-22,-24
-17,-28,-13,25,14,-26,6,44,-20,-38,-43,-42
-3,-36,3,14,12,-40,18,-11,-20,-25,-32,-25
-18,-54,-16,19,12,-18,22,3,-2,-19,-26,-43
-32,-53,-33,13,21,-33,36,8,1,-29,-20,-3
4,-38,-30,37,25,-28,23,19,-30,-36,-44,-14
-34,-50,-49,33,19,-48,28,34,-15,-19,-41,-19
4,-54,-54,31,-9,-45,20,11,-14,-39,-52,-22
-30,-16,-28,14,9,-29,43,21,-9,-13,-29,-35
13,-39,-30,14,19,-29,22,17,-25,-31,-35,-45
-25,-34,-40,27,0,-40,41,14,-27,-38,-53,-28
-33,-47,-40,11,13,-24,21,22,-17,-24,-25,-36
15,-58,-34,27,24,-65,47,26,-27,-6,-50,-47
4,-57,-33,32,1,-26,28,11,-18,-48,-14,-24
-7,-47,-27,29,12,-55,11,22,-12,-27,-43,-19
-5,-50,-26,38,29,-47,35,15,-37,-47,-29,4
-13,-17,-24,24,22,-36,9,15,-22,-26,-38,-29
-17,-40,-32,46,-20,-26,28,15,-10,-37,-60,-24
9,-43,-27,33,28,-47,24,12,-30,-15,-32,-29
-30,-45,-11,31,5,-28,35,-1,-15,-24,-52,-14
-28,-56,-29,17,-10,-46,29,16,-17,-29,-40,-26
-41,-45,-7,28,2,-33,18,28,0,-22,-42,-9
2,-27,-22,15,14,-40,18,32,-4,-54,-45,-48
-1,-38,-23,53,-9,-38,11,15,-7,-41,-37,-14
-9,-51,-23,41,20,-29,36,9,-27,-44,-39,-41
-1,-67,-33,21,-6,-24,21,1,-43,-13,-27,-37
-33,-38,-29,36,28,-27,21,20,-23,-18,-58,-20
-17,-29,-27,38,40,-48,23,25,-14,-33,-49,-14
-7,-53,-47,39,21,-29,19,31,-10,-56,-35,-40
-17,-55,-47,30,12,-36,29,18,-5,-17,-16,-46
-19,-41,-14,31,13,-22,15,22,-13,-20,-26,-13
-21,-46,-38,30,-5,-22,-14,18,-17,-16,-22,-27
-6,-27,-33,22,-8,-29,30,15,-26,-18,-32,-17
15,-48,-33,9,2,-22,26,9,-18,-42,-16,-41
-32,-47,-11,24,-6,-12,16,11,-23,-14,-37,-42
-29,-32,-2,9,4,-26,19,-4,-24,-12,3,-18
-32,-30,-15,13,2,-49,15,13,10,-4,-39,-26
-3,-28,-36,3,-10,-27,28,10,-8,-17,-9,-11
-21,-18,-12,34,-6,-10,8,-14,-5,-28,3,-26
1,-15,-23,23,-9,-28,31,16,-7,-20,-8,-12
8,-22,-19,5,4,-45,14,4,-17,-6,-2,-12
-19,-4,9,29,28,-16,20,-3,9,-9,-23,-34
1,-31,2,14,5,0,12,41,-10,-13,-10,1
13,-5,-3,12,14,-23,-5,9,-15,7,-4,-28
4,-13,3,12,16,-9,19,20,2,2,-14,28
-8,5,-5,5,-11,-4,9,-22,0,-9,-2,-10
-14,-4,5,0,-7,31,-6,-11,-5,27,-1,0
-6,7,12,3,-18,27,8,3,-26,36,-1,26
4,19,7,-17,-32,19,-2,-9,-14,-7,10,13
-9,36,-6,-35,5,32,-4,-18,-4,6,21,3
11,35,32,-27,-2,53,-8,-18,11,15,32,17
33,49,32,-37,8,40,-16,-32,15,15,24,16
22,58,34,-35,-14,66,-35,-40,25,33,69,11
21,42,44,-30,-15,55,-31,-25,7,61,64,52
29,34,53,-50,-6,41,-19,-28,9,57,68,56
22,73,52,-58,-14,66,-55,-25,24,52,56,67
41,89,77,-57,-14,80,-43,-40,33,58,76,69
41,106,66,-74,-23,73,-32,-38,41,79,72,102
24,96,68,-71,-15,87,-60,-38,18,76,74,51
44,115,77,-80,-8,93,-69,-37,21,74,95,69
40,121,70,-81,-21,101,-55,-54,42,75,106,98
37,136,93,-92,-22,122,-77,-48,42,128,142,85
51,146,95,-102,-4,113,-70,-60,58,107,131,115
75,171,97,-109,-26,143,-85,-51,58,102,154,98
69,165,112,-129,-25,125,-99,-65,58,136,163,122
66,191,122,-119,-30,165,-110,-79,65,126,169,122
58,170,126,-137,-19,166,-116,-88,47,153,175,143
81,221,127,-139,-20,169,-109,-90,57,136,194,136
62,232,139,-147,-16,190,-116,-77,74,151,195,131
66,204,136,-143,-12,168,-119,-75,64,160,198,162
100,220,140,-144,-35,184,-119,-82,62,178,211,151
95,234,138,-158,-20,174,-122,-106,56,194,210,173
84,221,160,-169,-10,196,-138,-98,76,163,220,171
96,241,140,-151,-27,192,-137,-94,65,183,204,184
71,255,156,-162,-34,213,-156,-108,59,185,220,191
90,260,163,-153,-31,202,-125,-98,84,194,226,171
119,230,164,-177,-57,207,-148,-108,57,165,216,162
74,256,168,-149,-42,190,-133,-116,97,183,230,179
89,252,133,-185,-48,203,-139,-79,81,195,232,165
95,239,173,-140,-9,196,-124,-83,83,175,203,171
98,242,163,-139,-24,217,-143,-82,71,175,193,170
97,240,154,-171,-35,194,-124,-97,70,193,194,160
69,239,155,-166,-38,185,-110,-86,56,167,221,163
80,238,146,-157,-33,194,-118,-88,43,157,218,172
71,233,157,-147,-30,172,-97,-96,62,142,187,131
72,212,140,-114,-36,199,-138,-94,63,156,175,127
59,200,127,-131,-25,144,-109,-77,64,167,153,143
79,188,128,-138,-36,164,-89,-52,81,128,186,116
48,168,79,-143,-29,158,-117,-85,57,129,186,115
61,174,102,-110,-40,134,-85,-50,41,123,161,132
48,135,112,-105,-9,165,-80,-85,33,118,137,105
41,144,86,-94,-41,115,-76,-49,46,85,148,108
50,120,85,-73,-12,138,-82,-57,53,89,101,85
44,127,84,-70,-16,89,-54,-26,57,84,122,83
61,94,70,-69,-35,111,-84,-43,15,92,102,77
19,106,84,-44,-7,67,-43,-48,45,69,82,60
23,86,51,-48,-20,79,-52,-39,40,68,96,56
36,87,61,-41,-9,68,-10,-45,48,75,67,53
29,48,31,-58,-18,64,-45,-28,27,64,71,41
28,57,37,-53,12,37,-22,-31,15,47,59,59
19,44,21,-37,-4,31,-22,-16,19,36,48,42
5,45,17,-15,-20,26,-20,-32,18,23,45,24
14,30,32,-28,3,26,-14,-8,25,40,44,6
0,16,11,-23,7,30,-21,6,-16,9,27,23
-19,0,0,-6,24,20,10,-3,-8,27,0,2
4,8,3,18,4,5,0,0,-4,5,1,22
-23,0,5,-3,-7,-15,-3,-18,-1,1,10,20
1,15,11,0,5,-6,-2,37,-17,24,2,-30
17,-2,5,13,-15,7,-5,-16,6,-7,-13,-8
-23,-11,-31,14,8,-19,-19,1,8,-13,-7,-19
1,-17,-24,5,12,-7,10,7,2,-2,-21,-9
2,-23,-17,30,1,-7,39,-4,2,-29,-11,-23
-5,-31,-37,7,-4,-18,14,2,-7,-27,-19,-30
-14,-20,-21,13,-19,-31,34,19,-13,-26,-31,-31
-19,-53,-20,28,0,-22,14,7,-7,-18,-27,-40
-21,-59,-33,32,13,-33,8,5,2,-37,-42,-14
-18,-44,-32,17,15,-49,17,36,-23,-41,-53,-25
-21,-64,-49,40,9,-71,38,37,-11,-47,-32,-15
-27,-74,-54,62,39,-54,23,36,-22,-54,-83,-68
-29,-87,-38,56,21,-88,46,34,-16,-74,-68,-54
-37,-100,-76,83,34,-76,73,40,-30,-73,-120,-75
-19,-120,-92,85,21,-113,79,49,-23,-103,-107,-78
-53,-148,-96,105,27,-86,87,49,-75,-94,-118,-92
-50,-156,-107,90,-4,-126,95,61,-76,-117,-119,-133
-68,-173,-101,121,7,-153,86,57,-54,-136,-167,-114
-49,-182,-114,126,38,-151,94,57,-68,-161,-154,-140
-42,-190,-121,136,43,-179,102,89,-59,-144,-196,-143
-53,-191,-139,145,35,-178,103,84,-71,-151,-175,-148
-75,-201,-131,145,48,-165,98,102,-58,-143,-204,-130
-82,-201,-122,140,33,-168,116,65,-45,-146,-186,-155
-62,-190,-117,141,46,-141,109,56,-68,-134,-171,-116
-66,-147,-86,104,9,-109,97,67,-45,-105,-134,-84
-27,-100,-71,85,-1,-90,72,43,-24,-77,-114,-82
-30,-72,-19,58,-6,-41,19,3,-11,-53,-65,-34
-9,-3,9,19,-13,7,-14,-1,16,2,6,10
17,77,56,-67,-24,78,-62,-53,16,81,68,66
91,212,122,-135,-35,173,-85,-61,69,137,159,117
97,297,197,-214,-55,252,-169,-131,80,238,252,202
154,410,262,-277,-73,369,-212,-162,150,326,388,289
193,536,356,-368,-69,447,-300,-238,175,402,487,380
239,682,436,-451,-101,563,-347,-259,209,507,622,475
292,799,519,-523,-118,657,-446,-311,244,579,694,538
313,887,610,-629,-140,726,-486,-370,263,666,803,616
329,952,638,-657,-136,806,-549,-381,285,746,886,678
361,1031,675,-705,-151,876,-582,-442,319,781,945,718
357,1083,706,-748,-179,884,-601,-446,331,799,974,749
380,1104,703,-758,-163,937,-611,-450,350,813,978,758
391,1074,696,-743,-172,918,-582,-457,319,807,974,761
351,1053,661,-691,-163,867,-577,-415,315,779,915,718
325,950,613,-641,-129,789,-521,-398,312,739,861,676
291,853,558,-585,-143,705,-462,-350,278,633,787,607
254,741,487,-498,-110,619,-427,-303,213,565,689,508
232,613,420,-419,-95,517,-367,-263,179,459,539,430
177,495,317,-314,-48,418,-264,-192,126,368,450,343
130,360,236,-243,-44,305,-174,-137,92,245,315,230
82,232,130,-148,-15,198,-131,-75,58,166,210,150
35,109,63,-79,-8,99,-44,-44,48,101,95,84
-4,3,-9,-30,16,-1,8,-17,10,28,24,5
-29,-75,-70,71,20,-89,50,42,-17,-75,-91,-58
-69,-172,-99,112,23,-134,87,51,-47,-133,-153,-127
-82,-215,-134,172,32,-210,144,96,-64,-181,-230,-169
-92,-275,-188,201,41,-222,126,120,-94,-201,-251,-207
-117,-323,-197,221,65,-269,158,142,-121,-214,-292,-207
-106,-315,-217,243,49,-270,184,123,-117,-228,-302,-222
-134,-316,-193,186,70,-265,190,122,-90,-242,-296,-233
-106,-308,-203,226,34,-261,200,130,-102,-237,-309,-214
-126,-294,-205,217,28,-261,168,114,-110,-234,-278,-207
-121,-280,-181,190,54,-204,155,115,-112,-221,-270,-205
-99,-267,-153,167,28,-216,142,113,-80,-210,-252,-185
-90,-230,-145,156,45,-200,133,101,-66,-197,-238,-157
-69,-207,-113,135,48,-165,128,83,-76,-153,-179,-150
-62,-201,-104,122,27,-169,125,64,-52,-124,-178,-133
-36,-147,-97,111,27,-135,78,45,-58,-117,-160,-121
-62,-158,-108,102,20,-123,79,63,-43,-116,-114,-98
-59,-116,-82,76,7,-93,67,43,-19,-82,-107,-100
-37,-111,-70,57,22,-85,55,44,-46,-96,-88,-79
-26,-83,-42,67,24,-87,63,45,-15,-71,-64,-75
-54,-68,-43,67,24,-68,61,35,-41,-87,-56,-71
-30,-80,-65,61,18,-48,46,21,-18,-60,-67,-67
-36,-80,-29,35,-11,-46,22,19,-42,-56,-54,-47
-23,-72,-53,44,18,-66,45,29,-13,-52,-55,-33
-16,-69,-36,16,21,-46,22,44,6,-62,-79,-13
-25,-58,-28,23,22,-49,30,7,-26,-45,-60,-53
-22,-58,-24,15,13,-47,49,8,-14,-63,-41,-32
1,-61,-31,16,-2,-52,42,-3,-20,-17,-30,-13
-14,-33,-26,20,13,-30,18,10,7,-44,-44,-34
9,-56,-27,22,11,-33,33,32,-6,-13,-39,-47
-17,-34,-24,12,1,-23,11,32,-20,-35,-52,-20
-5,-10,-27,23,4,-34,27,-4,4,-43,-38,-28
-11,-26,-21,32,-10,-43,18,10,-3,-21,-27,-44
11,-27,-32,3,21,-16,13,1,-14,-19,-16,-9
-29,-30,-22,25,20,-16,29,18,-3,-10,-21,-41
0,-14,-16,5,3,-11,9,-3,14,-18,-6,-33
-11,-28,0,-7,-4,-28,21,3,-2,0,13,7
-26,-2,-6,17,-3,-16,5,21,10,14,4,-6
17,-6,-9,8,-10,-8,16,1,1,9,-5,-4
-10,1,4,-17,-25,3,-23,5,-20,-20,10,-26
1,3,11,-19,-5,-9,1,0,15,-10,14,4
19,-3,-3,-32,11,3,-18,13,13,25,7,-13
10,23,0,-43,15,7,-18,-9,-1,-5,-3,33
19,18,17,3,-14,53,16,-17,16,11,30,3
4,55,28,-31,20,4,-13,-22,49,16,32,16
4,58,38,-43,-36,28,-26,-11,-2,34,14,34
12,71,19,-34,-23,37,-18,-18,9,55,52,38
10,43,13,-26,-31,33,-12,-13,31,38,48,49
36,69,48,-35,-2,51,-24,-18,5,36,43,45
39,45,67,-60,-2,49,-43,-64,36,39,63,46
19,54,69,-53,-31,69,-61,-14,18,37,81,36
42,46,76,-59,-25,66,-39,-16,20,55,59,56
45,107,77,-66,-5,72,-47,-39,21,97,80,46
52,91,77,-37,-19,79,-56,-31,24,102,86,33
39,78,77,-66,-7,110,-67,-47,26,74,102,60
42,119,107,-63,9,103,-87,-72,32,108,111,79
57,137,64,-101,-37,87,-86,-51,70,91,144,93
74,133,84,-87,-23,121,-82,-52,47,101,110,86
59,165,93,-94,-30,114,-97,-70,32,122,121,126
59,145,98,-103,-33,148,-97,-67,60,144,144,136
70,183,93,-144,-32,129,-94,-76,53,128,164,129
47,192,111,-150,-23,148,-89,-56,58,139,171,126
64,206,126,-121,-33,165,-100,-83,77,145,162,150
62,188,150,-132,-33,135,-105,-70,61,163,208,131
62,210,166,-149,-30,168,-118,-77,63,145,199,138
71,204,157,-157,-36,180,-93,-83,54,156,212,166
83,219,146,-156,-27,196,-124,-104,74,179,191,167
79,232,153,-155,-29,193,-163,-124,72,165,234,177
74,246,188,-195,-34,208,-124,-94,85,176,220,182
95,266,177,-195,-29,206,-144,-103,83,200,244,164
104,255,184,-190,-41,216,-142,-108,89,212,225,204
104,277,178,-205,-15,228,-166,-114,72,212,257,204
107,287,218,-221,-56,251,-158,-110,76,213,278,212
94,295,206,-217,-36,251,-182,-139,97,233,252,216
109,317,210,-222,-46,260,-159,-92,102,232,300,220
109,318,220,-212,-50,254,-181,-99,87,226,305,230
103,338,211,-223,-59,254,-177,-122,91,244,301,213
92,322,222,-218,-40,279,-174,-127,110,244,313,236
126,324,213,-225,-53,280,-181,-134,75,263,316,232
102,364,206,-253,-53,284,-177,-139,115,248,318,239
124,331,219,-236,-51,297,-177,-141,100,306,309,242
124,360,235,-241,-50,287,-184,-144,127,266,321,260
141,354,222,-259,-42,290,-191,-126,106,281,295,246
125,372,241,-251,-34,309,-206,-131,85,273,345,243
136,354,226,-266,-36,285,-209,-151,109,283,331,270
124,372,230,-244,-74,308,-199,-157,124,276,337,258
120,383,231,-247,-57,311,-203,-135,112,268,332,262
119,364,222,-231,-56,306,-191,-140,108,280,328,261
112,360,243,-239,-55,301,-208,-162,129,274,338,250
106,356,229,-247,-74,304,-194,-162,108,275,346,243
130,352,242,-258,-43,316,-189,-164,149,260,333,256
118,361,246,-247,-63,307,-201,-144,102,256,340,272
141,379,220,-253,-33,312,-213,-151,99,273,319,239
113,349,218,-231,-36,277,-190,-133,109,266,301,245
118,360,260,-221,-63,299,-222,-152,89,257,327,254
136,359,235,-222,-50,298,-200,-139,85,257,334,249
124,356,210,-233,-58,284,-182,-150,79,268,310,222
112,324,218,-213,-57,273,-176,-126,89,260,322,222
110,318,214,-206,-54,249,-185,-120,96,246,269,204
104,307,220,-221,-57,254,-158,-125,80,245,303,223
99,308,207,-198,-53,271,-174,-126,97,242,262,219
103,299,211,-192,-60,258,-180,-128,85,230,283,224
105,301,199,-202,-31,251,-161,-114,100,227,266,206
103,280,190,-183,-37,215,-147,-117,80,222,248,207
110,297,172,-170,-41,243,-162,-129,78,220,238,186
75,260,171,-169,-44,226,-132,-99,90,200,251,193
92,254,157,-171,-25,201,-153,-113,66,229,238,184
75,233,180,-185,-44,205,-93,-95,59,194,220,148
100,230,144,-165,-35,192,-127,-100,91,167,223,160
93,232,126,-171,-24,207,-138,-105,77,165,195,147
95,195,137,-155,-39,166,-111,-70,59,188,202,174
75,228,145,-142,-42,167,-125,-81,49,146,175,136
86,202,119,-116,-14,154,-107,-72,73,147,203,133
79,180,124,-125,-55,164,-83,-61,31,141,163,124
77,157,112,-114,-16,139,-84,-75,72,137,130,117
74,146,95,-95,-13,120,-84,-42,39,125,146,102
69,138,87,-107,-11,125,-83,-64,43,111,129,103
62,127,84,-96,-49,92,-78,-38,53,91,141,106
41,122,97,-86,-18,94,-73,-33,54,92,120,101
21,81,81,-75,-17,105,-45,-46,36,74,90,74
63,121,81,-56,-10,101,-74,-56,35,80,107,66
39,83,56,-67,-6,68,-47,-19,24,76,76,40
31,75,61,-50,9,77,-44,-48,23,67,51,36
20,77,48,-50,-7,76,-23,-33,30,51,77,46
23,50,35,-53,10,49,-7,-23,32,37,50,68
-2,46,27,-5,-4,53,-2,-23,33,30,48,22
27,35,39,-44,15,46,-22,-26,-7,35,46,43
22,13,13,-40,13,11,-16,-15,26,25,28,28
4,34,4,-19,-23,6,-34,-13,10,16,26,17
10,18,24,-21,-14,11,-12,-15,5,11,3,12
30,7,12,-14,-7,6,-17,4,26,-29,-7,17
-3,3,3,12,-21,-9,-18,16,16,14,-5,-14
-17,-15,-4,23,33,15,4,0,-11,-2,-2,-21
-4,-19,1,12,-4,-22,0,7,-3,-7,-27,-10
6,7,2,16,42,-27,20,21,-8,-17,-29,-2
-15,-21,-23,18,-11,-40,28,3,-27,-6,-42,-20
-21,-36,-15,16,-3,-45,1,12,-20,-22,-40,-9
14,-33,-38,17,-1,-22,34,8,-3,-35,-22,-27
-17,-55,-11,30,7,-23,29,17,-16,-32,-23,-40
-27,-55,-27,1,6,-55,19,22,-14,-19,-48,-54
-21,-49,-38,36,22,-63,12,36,-15,-38,-72,-24
-28,-39,-38,40,14,-39,29,29,2,-41,-70,-37
-43,-70,-35,68,6,-76,26,28,-44,-46,-58,-41
-24,-68,-56,36,11,-39,21,-15,-17,-48,-46,-64
-12,-81,-47,72,3,-52,37,17,-7,-55,-79,-48
-26,-66,-44,37,19,-64,68,26,-37,-59,-72,-37
-44,-81,-62,51,33,-62,57,15,-24,-58,-66,-52
-20,-67,-67,57,14,-74,42,29,-32,-49,-72,-60
-45,-88,-42,36,18,-61,65,30,-12,-55,-78,-67
-42,-94,-68,67,14,-67,65,15,-22,-67,-87,-58
-36,-108,-54,58,-15,-54,41,35,-17,-69,-70,-44
-14,-98,-47,63,29,-70,34,48,-39,-67,-83,-78
-40,-114,-60,57,17,-86,37,45,-33,-61,-97,-71
-54,-91,-57,74,20,-95,48,23,-38,-68,-79,-78
-14,-121,-64,66,37,-91,46,23,-34,-80,-85,-82
-31,-89,-55,62,-5,-90,29,33,-31,-95,-77,-51
-34,-110,-55,70,27,-107,73,39,-28,-69,-87,-56
-12,-113,-89,57,25,-59,65,41,-12,-78,-75,-59
-21,-89,-70,63,14,-92,70,24,-8,-87,-82,-74
-39,-103,-72,98,22,-91,52,8,-42,-83,-87,-52
6,-106,-68,74,13,-73,63,45,-42,-79,-96,-73
-34,-101,-76,54,12,-87,62,43,-26,-69,-104,-73
-51,-99,-43,55,27,-82,46,46,-25,-83,-108,-53
-48,-98,-96,54,25,-91,65,29,-33,-72,-96,-79
-58,-84,-70,73,9,-87,54,37,-24,-96,-91,-81
-57,-95,-71,82,27,-99,56,53,-41,-73,-77,-82
-34,-116,-74,66,-16,-101,34,36,-25,-72,-92,-78
-24,-121,-58,74,10,-95,54,35,-44,-84,-92,-65
-63,-115,-72,83,-7,-99,55,33,-42,-88,-116,-72
-28,-95,-99,80,25,-78,69,37,-47,-71,-117,-85
-42,-125,-74,78,29,-93,56,51,-17,-89,-118,-63
-24,-117,-90,70,22,-85,59,74,-36,-69,-116,-78
-47,-104,-55,86,22,-95,58,22,-36,-87,-105,-88
-49,-116,-54,59,23,-92,60,31,-43,-79,-86,-76
-25,-115,-83,76,21,-100,62,44,-41,-82,-94,-87
-30,-111,-69,99,22,-98,70,43,-27,-85,-111,-78
-45,-88,-74,71,5,-105,34,63,-45,-75,-90,-74
-27,-126,-82,47,5,-124,65,44,-26,-96,-102,-81
-39,-103,-70,81,21,-95,50,35,-16,-86,-90,-89
-40,-98,-69,79,9,-88,32,41,-35,-67,-107,-68
-42,-110,-64,61,31,-95,46,40,-44,-99,-69,-82
-32,-112,-94,59,31,-93,57,56,-36,-87,-117,-71
-32,-125,-52,86,16,-102,64,24,-24,-90,-112,-73
-51,-114,-60,81,26,-81,52,65,-30,-68,-94,-78
-51,-103,-99,78,10,-93,44,23,-40,-77,-113,-88
-35,-118,-71,58,11,-114,54,49,-35,-72,-116,-101
-38,-109,-60,76,8,-79,61,44,-19,-86,-108,-78
-39,-85,-67,76,9,-102,62,56,-37,-94,-114,-72
-31,-115,-69,73,13,-83,83,57,-47,-78,-88,-64
-50,-102,-59,70,15,-88,48,46,-51,-86,-94,-74
-46,-101,-60,67,19,-90,62,34,-34,-68,-99,-78
-50,-121,-83,77,10,-87,52,32,-22,-81,-98,-57
-37,-101,-93,95,21,-89,76,36,-46,-82,-98,-89
-43,-95,-67,89,15,-100,36,28,-17,-82,-102,-74
-30,-112,-88,89,-8,-99,74,61,-37,-71,-94,-71
-32,-94,-83,64,7,-93,60,46,-28,-59,-103,-91
-40,-119,-47,73,9,-89,52,38,-23,-71,-91,-80
-28,-93,-44,83,22,-85,78,38,-26,-58,-112,-64
-25,-86,-58,65,-1,-84,45,24,-35,-54,-104,-75
-38,-103,-74,54,30,-87,62,38,-24,-94,-94,-54
-19,-99,-69,55,19,-74,58,57,-8,-85,-106,-63
-22,-106,-70,76,-15,-99,50,40,-36,-85,-83,-69
-38,-98,-68,53,-3,-71,48,32,-17,-73,-90,-74
-31,-94,-67,57,6,-55,46,39,-26,-68,-70,-66
-33,-92,-75,48,24,-83,66,27,-24,-58,-95,-76
-36,-97,-48,60,21,-72,53,31,-19,-66,-97,-54
-19,-73,-51,55,20,-88,50,28,-10,-63,-68,-55
1,-66,-46,30,-5,-42,66,26,-12,-62,-65,-60
-37,-57,-44,40,-5,-50,48,40,-18,-35,-46,-31
-12,-73,-36,50,16,-43,25,36,-27,-60,-51,-45
-1,-46,-34,48,24,-44,42,31,3,-42,-64,-50
-34,-63,-29,75,10,-52,11,1,-14,-62,-54,-56
-23,-55,-26,36,-9,-29,36,12,-18,-29,-43,-26
-15,-52,-11,15,-5,-16,32,9,-31,-19,-24,-34
-25,-22,-21,8,-9,-13,9,24,-13,-29,-46,-18
-15,-25,-11,9,10,-10,4,18,-6,-37,-20,-8
-8,-6,-28,5,-10,-12,12,31,-3,-2,-12,0
11,4,20,-7,-24,4,5,-20,-3,-1,8,31
2,-14,-7,-23,-4,8,-22,19,22,24,-7,12
12,26,18,-25,-4,22,-12,-24,-1,7,14,1
13,35,32,-25,-7,41,-14,-3,11,-3,13,19
18,30,39,-28,-20,50,-39,-34,15,18,43,53
21,62,24,-31,-7,45,-31,-11,9,39,40,27
11,74,44,-21,-12,79,-27,-39,28,35,55,45
4,57,46,-29,2,67,-29,-36,-5,62,59,56
32,95,44,-68,-28,65,-60,-30,21,84,78,83
46,98,86,-56,-19,73,-49,-36,23,93,64,58
27,85,68,-76,-14,101,-59,-22,39,67,111,79
45,116,79,-65,-25,84,-41,-38,24,97,112,97
39,112,78,-83,12,118,-71,-62,45,114,119,70
51,117,108,-102,-8,107,-93,-52,58,124,123,94
67,125,76,-99,-2,106,-86,-34,43,102,140,94
50,150,115,-113,-14,109,-76,-71,52,88,143,109
48,166,99,-88,-25,136,-91,-50,43,109,144,128
41,155,97,-118,-37,133,-81,-61,38,98,150,79
52,177,103,-109,-38,133,-99,-55,71,130,158,124
65,173,114,-154,-14,143,-109,-68,50,114,149,123
50,182,133,-129,-25,149,-93,-71,44,128,136,133
45,180,108,-126,-17,143,-92,-76,59,123,164,129
81,164,126,-121,-32,141,-97,-67,45,119,159,127
43,160,132,-112,-13,123,-89,-72,48,125,159,132
49,161,80,-126,-28,140,-101,-59,55,126,171,102
37,165,101,-120,-7,140,-99,-39,42,108,141,124
71,154,108,-104,-20,118,-102,-69,42,126,139,112
55,147,106,-113,-12,96,-63,-73,49,96,148,105
60,162,108,-95,-20,132,-71,-51,10,119,126,90
40,151,91,-106,-25,118,-86,-75,46,107,119,114
52,133,73,-110,-40,101,-69,-63,49,133,110,114
41,131,71,-88,-23,102,-51,-36,39,88,117,82
25,124,49,-75,-20,89,-64,-49,27,86,124,75
34,67,70,-87,-13,103,-70,-51,40,67,86,53
44,107,87,-75,-36,40,-44,-31,35,89,97,81
19,82,62,-63,-7,57,-34,-30,8,63,66,35
41,62,58,-28,-34,47,-30,-25,21,57,81,39
19,62,68,-59,10,65,-28,-11,19,44,46,39
43,61,17,-19,-17,38,-19,-26,-6,52,39,37
38,21,17,-13,-17,55,-36,-27,10,55,12,20
-3,31,-5,-14,-6,11,2,-3,12,31,29,24
5,19,7,-8,3,14,-4,-5,13,12,4,13
-1,15,14,-11,15,-2,4,11,-22,1,25,2
7,-11,-22,-17,-13,-5,17,-9,12,1,0,9
-5,-21,-11,4,2,0,25,15,2,-6,-5,-6
-22,-17,-18,14,26,-35,26,6,3,-25,-32,-7
-21,-39,-5,43,19,-34,11,-19,-1,-31,-35,-26
-1,-42,-31,13,8,-35,33,36,13,-34,-30,-28
-30,-54,-27,12,-6,-57,22,25,-10,-27,-27,-13
-13,-31,-34,31,24,-47,18,17,-30,-61,-42,-27
-36,-47,-35,38,-2,-59,50,16,-5,-68,-85,-61
-21,-75,-64,55,11,-55,53,27,-2,-42,-53,-46
-16,-78,-45,48,0,-60,20,27,-31,-47,-50,-57
-27,-77,-46,45,10,-66,22,33,-15,-67,-76,-99
-41,-88,-63,72,15,-94,67,38,-30,-65,-76,-48
-33,-85,-61,67,9,-59,51,57,-7,-80,-79,-69
-41,-108,-56,64,36,-93,67,37,-33,-66,-105,-80
-33,-104,-52,61,8,-87,65,45,-31,-61,-103,-78
-47,-107,-58,74,44,-98,67,40,-40,-58,-79,-74
-37,-105,-64,71,36,-92,70,40,-38,-73,-94,-68
-29,-112,-79,71,5,-101,61,30,-30,-58,-102,-90
-50,-127,-82,110,21,-99,69,32,-31,-79,-121,-65
-63,-104,-91,84,19,-132,66,48,-34,-90,-139,-102
-44,-160,-118,81,6,-125,79,57,-39,-123,-141,-74
-52,-165,-104,119,55,-126,95,65,-45,-120,-150,-138
-61,-178,-143,134,29,-157,105,49,-52,-139,-159,-127
-82,-174,-139,111,10,-164,73,85,-72,-154,-180,-132
-77,-203,-140,149,45,-168,121,99,-78,-150,-184,-161
-94,-229,-151,153,44,-194,131,86,-79,-180,-216,-180
-88,-254,-171,164,33,-233,147,92,-48,-190,-221,-180
-105,-260,-179,184,54,-237,137,100,-72,-201,-241,-180
-100,-274,-176,196,47,-227,153,102,-74,-219,-256,-204
-127,-312,-196,215,32,-263,158,117,-59,-234,-281,-196
-112,-292,-174,194,47,-240,155,117,-95,-235,-289,-207
-94,-307,-174,184,39,-247,137,93,-84,-205,-258,-200
-94,-294,-205,205,45,-221,152,121,-108,-217,-253,-212
-96,-262,-149,170,30,-199,105,110,-89,-182,-253,-195
-82,-220,-142,170,22,-164,111,79,-65,-178,-207,-152
-62,-165,-98,129,23,-144,90,57,-53,-133,-167,-137
-44,-111,-83,91,15,-106,67,40,-21,-83,-82,-99
3,-33,-21,41,8,-31,20,14,4,-18,-38,-22
27,61,25,-48,2,36,-35,-11,28,42,71,45
47,156,101,-120,-19,132,-88,-59,55,123,139,112
68,251,190,-194,-39,239,-164,-125,82,209,232,208
156,397,244,-261,-66,326,-195,-144,124,266,349,261
195,517,330,-342,-82,438,-289,-219,151,366,453,372
222,661,397,-416,-66,527,-348,-224,197,465,565,432
271,748,497,-507,-124,649,-414,-311,187,572,679,531
298,842,566,-571,-109,697,-465,-342,250,663,774,609
320,926,616,-644,-123,776,-525,-385,307,719,838,651
337,1002,643,-690,-142,827,-549,-396,270,759,894,698
366,1021,681,-710,-169,873,-549,-426,307,779,933,723
351,1018,676,-706,-155,858,-572,-400,314,762,932,740
336,977,665,-664,-143,808,-558,-381,298,726,914,680
315,924,606,-623,-148,773,-517,-364,292,713,834,660
290,849,549,-552,-109,700,-477,-333,257,623,782,599
253,760,480,-499,-117,600,-379,-309,201,541,661,526
219,622,380,-406,-75,495,-336,-257,174,463,547,414
179,467,325,-325,-61,412,-284,-199,159,343,430,337
126,361,242,-269,-55,300,-186,-146,120,265,302,248
61,213,146,-146,-48,201,-118,-87,66,152,194,159
14,89,76,-91,-40,64,-63,-36,30,76,69,70
-19,-38,-23,1,9,-25,27,1,-18,11,0,-11
-53,-124,-56,56,19,-70,64,67,-35,-86,-112,-78
-63,-196,-114,143,26,-151,102,60,-78,-151,-153,-156
-78,-267,-178,194,37,-225,150,87,-83,-203,-224,-183
-102,-318,-197,211,60,-251,162,129,-84,-238,-281,-212
-130,-357,-237,249,45,-291,222,152,-100,-255,-328,-232
-123,-383,-245,244,42,-308,211,151,-122,-295,-349,-263
-136,-393,-225,261,54,-309,201,141,-114,-283,-328,-256
-123,-345,-255,228,81,-314,221,139,-119,-295,-363,-250
-141,-372,-247,234,54,-291,201,166,-93,-274,-329,-259
-127,-340,-223,226,43,-288,199,141,-107,-273,-310,-260
-102,-355,-219,200,36,-283,180,124,-112,-231,-281,-230
-115,-292,-182,188,59,-217,165,105,-106,-212,-267,-203
-77,-273,-163,177,47,-211,177,98,-69,-199,-254,-170
-71,-251,-158,170,21,-192,121,103,-63,-205,-209,-146
-60,-220,-131,165,22,-192,123,84,-72,-166,-209,-175
-49,-205,-126,123,39,-175,130,77,-56,-153,-170,-143
-66,-175,-130,125,50,-153,100,71,-57,-153,-189,-116
-56,-171,-86,95,18,-126,84,69,-54,-109,-141,-98
-55,-133,-106,93,29,-130,76,75,-45,-112,-125,-102
-56,-140,-81,90,26,-113,62,50,-37,-98,-115,-84
-60,-118,-71,88,7,-123,47,48,-46,-102,-92,-85
-62,-101,-77,78,-6,-102,54,42,-45,-81,-102,-85
-46,-95,-67,75,55,-108,84,34,-32,-102,-96,-67
-44,-92,-55,76,15,-85,60,62,-52,-105,-83,-74
-40,-96,-70,96,27,-108,53,40,-41,-72,-86,-85
-37,-116,-88,77,11,-65,48,35,-37,-52,-90,-58
-34,-111,-48,69,7,-65,53,43,-48,-76,-95,-59
-13,-86,-47,69,28,-80,42,33,-54,-60,-91,-53
-22,-74,-45,78,30,-63,47,30,-43,-74,-93,-56
-30,-59,-44,65,3,-78,44,21,-16,-86,-92,-67
-37,-86,-68,38,1,-93,51,23,-13,-73,-59,-76
-53,-63,-59,59,21,-58,62,31,-15,-41,-87,-55
-8,-72,-84,33,5,-77,57,38,-20,-47,-83,-65
-34,-87,-55,50,23,-54,48,11,-18,-65,-77,-85
-28,-83,-55,30,5,-72,41,35,-16,-44,-76,-41
-19,-59,-62,37,12,-55,45,29,-28,-62,-55,-36
-17,-62,-46,30,23,-64,11,20,14,-40,-64,-27
-15,-59,-43,18,2,-48,39,17,-17,-37,-63,-25
-16,-38,-10,41,23,-35,40,31,-26,-25,-53,-44
-34,-27,-23,17,5,-40,26,12,-14,-14,-40,-20
-17,-42,-21,8,7,-10,19,17,-11,-38,-19,-29
4,-49,-32,24,26,-24,4,9,-10,-24,-11,-9
13,-36,-9,21,9,-19,3,20,16,-48,-11,-20
-22,-10,-42,10,26,-8,9,-2,-16,-8,-21,-5
-14,2,-28,19,3,-2,2,17,-15,-19,-19,-23
-1,-2,-10,10,18,-1,7,20,26,14,3,-9
-19,2,9,10,-11,-14,18,-4,20,20,-1,3
1,17,9,5,11,23,-5,-16,7,6,26,-3
-2,11,17,-22,2,-21,-13,-7,23,-3,16,17
0,28,27,-8,-20,21,-24,0,10,13,15,35
13,46,25,-20,5,16,-8,-11,17,34,46,32
10,43,24,-41,-2,35,-29,-6,20,37,53,21
18,53,39,-27,-1,53,-32,-47,-2,35,33,27
8,96,53,-35,-24,75,-20,-31,7,47,70,41
20,74,70,-41,-18,46,-48,-43,29,69,90,54
58,78,53,-72,-6,84,-41,-24,27,60,83,50
43,114,73,-57,-10,70,-46,-21,27,72,98,84
40,96,75,-70,-24,92,-54,-28,39,88,114,71
29,103,81,-71,0,74,-73,-60,41,97,122,97
41,128,66,-90,-43,97,-63,-78,36,84,121,79
53,140,96,-77,-7,113,-77,-52,46,116,139,99
42,148,102,-112,-33,120,-70,-44,52,118,146,99
56,162,101,-97,-36,140,-79,-59,52,112,119,96
58,164,111,-116,-18,139,-95,-49,53,131,135,115
49,192,109,-112,-25,156,-90,-64,31,150,153,132
49,193,145,-131,-39,168,-96,-87,52,141,175,153
76,206,120,-132,-22,163,-120,-76,35,130,194,150
61,205,160,-167,-26,165,-104,-75,73,169,204,142
73,223,153,-160,-35,175,-121,-100,59,178,187,173
75,247,183,-170,-23,186,-129,-88,79,201,222,173
87,235,174,-163,-35,206,-120,-115,90,191,221,185
57,252,175,-146,-36,204,-138,-100,83,182,223,156
98,269,172,-168,-11,210,-132,-91,75,199,238,189
88,266,187,-198,-50,231,-139,-90,76,201,262,190
117,268,181,-200,-48,239,-150,-116,83,215,241,197
93,301,196,-198,-39,227,-143,-83,81,202,262,226
99,303,173,-186,-69,240,-173,-130,90,212,261,209
116,290,183,-202,-40,225,-172,-129,97,222,262,219
107,317,214,-187,-46,257,-185,-133,90,232,297,205
85,319,196,-204,-39,249,-164,-122,96,218,310,208
125,329,194,-204,-45,276,-181,-100,90,229,269,202
131,312,204,-232,-59,266,-172,-133,88,244,306,228
110,329,242,-215,-39,267,-169,-132,96,239,302,214
98,333,215,-211,-34,297,-179,-119,93,229,291,231
123,337,217,-256,-27,281,-166,-134,111,254,297,226
116,342,216,-231,-44,298,-195,-144,123,232,294,224
125,332,215,-226,-60,272,-183,-118,92,253,315,235
110,348,196,-211,-45,265,-191,-136,95,230,282,241
91,347,231,-235,-48,266,-202,-166,107,264,300,223
100,326,222,-221,-58,260,-177,-144,111,241,306,237
111,330,206,-221,-51,259,-171,-139,97,229,279,225
121,329,205,-228,-40,267,-158,-143,93,255,275,239
106,316,198,-223,-73,265,-181,-109,98,237,296,220
102,319,209,-207,-33,259,-176,-143,103,231,274,221
104,318,200,-238,-60,252,-182,-133,87,234,283,205
94,309,187,-198,-59,272,-169,-122,94,213,275,204
124,325,181,-212,-18,255,-153,-139,99,233,264,191
117,282,182,-189,-39,250,-152,-108,82,208,256,232
106,294,170,-215,-29,218,-171,-80,112,208,229,203
84,285,175,-181,-37,227,-178,-103,97,207,270,200
99,254,171,-174,-42,205,-132,-95,49,235,221,182
111,273,169,-194,-49,211,-133,-104,71,182,229,199
74,270,167,-155,-38,223,-145,-92,77,190,221,184
80,249,144,-184,-46,191,-139,-109,57,161,224,172
86,231,145,-175,-46,203,-123,-76,60,155,198,168
78,241,142,-142,-51,186,-115,-93,68,166,221,175
80,212,146,-157,-28,187,-109,-84,70,137,173,145
82,184,127,-131,-38,172,-123,-72,60,143,173,146
74,182,118,-132,-27,132,-104,-77,56,153,166,116
52,165,118,-118,-21,135,-89,-89,53,120,141,130
53,185,91,-101,-29,137,-94,-82,72,124,151,102
48,137,107,-104,-29,115,-78,-81,48,124,144,122
58,149,113,-105,-21,124,-86,-46,35,100,147,84
51,129,87,-90,-6,99,-81,-43,19,96,126,83
35,143,75,-98,-25,98,-65,-54,47,92,102,96
29,103,72,-72,0,96,-47,-63,45,59,98,77
10,95,57,-73,-20,94,-43,-36,30,51,91,73
38,96,60,-72,-16,87,-51,-27,48,60,82,49
18,84,38,-50,-4,76,-52,-37,13,35,69,48
29,78,40,-48,-21,41,-36,-24,6,33,44,48
34,52,23,-31,-16,41,-8,-29,13,47,53,42
2,32,77,-18,-4,59,-15,-4,0,23,43,30
14,36,42,-20,-17,33,-19,-11,19,38,22,42
25,26,13,-43,-19,19,-12,10,-3,0,6,47
10,32,37,2,4,-2,-34,-23,-3,29,19,23
-9,11,20,-5,2,8,-5,7,-1,-20,33,-15
17,-6,22,-27,-9,6,-1,0,11,24,-17,1
-10,3,1,17,4,-8,13,-5,-14,17,-34,4
-17,7,-23,22,-7,-18,7,10,-21,-4,-16,-6
-25,-27,-10,16,1,-32,15,8,-10,-12,-29,-12
6,-37,-12,18,-19,-44,26,-8,5,3,-6,-22
-6,-32,-36,26,6,-40,25,21,-23,-26,-57,-19
-39,-28,-15,46,-5,-50,31,25,-5,-20,-41,-41
-16,-33,-6,37,15,-22,20,29,-18,-40,-42,-40
-23,-72,-34,40,8,-26,20,25,-8,-30,-56,-54
-21,-59,-50,61,6,-42,44,42,-19,-45,-53,-56
-11,-78,-49,38,22,-52,50,26,-34,-63,-73,-46
-16,-73,-38,66,28,-62,39,24,-33,-53,-84,-50
-29,-76,-57,61,-15,-54,43,57,-23,-41,-59,-58
-47,-59,-50,64,22,-64,35,31,-27,-57,-62,-77
-26,-69,-49,87,10,-94,65,35,-13,-68,-69,-64
-34,-102,-58,52,19,-83,52,14,-38,-85,-81,-52
-42,-122,-75,49,10,-84,53,27,-17,-76,-95,-55
-34,-76,-87,74,-3,-92,50,31,-25,-90,-96,-70
-25,-96,-79,80,15,-80,58,36,-22,-65,-73,-80
-29,-89,-58,64,8,-90,65,37,-25,-61,-80,-70
-17,-105,-85,68,22,-76,53,68,-25,-87,-86,-85
-32,-113,-62,77,16,-100,58,68,-43,-106,-87,-97
-19,-101,-81,88,13,-90,36,38,-25,-95,-124,-113
-24,-133,-62,72,-1,-107,60,69,-47,-75,-97,-98
7,-101,-69,63,23,-102,66,55,-39,-76,-105,-68
-55,-127,-74,65,12,-107,59,42,-35,-81,-122,-58
-37,-115,-64,87,27,-93,66,68,-37,-97,-119,-78
-35,-119,-78,90,4,-112,72,59,-24,-114,-85,-109
-42,-141,-83,68,5,-91,63,66,-62,-87,-107,-70
-45,-114,-91,94,29,-115,50,68,-27,-99,-103,-78
-42,-122,-90,80,8,-99,81,53,-48,-101,-92,-86
-32,-129,-95,76,0,-89,77,40,-33,-94,-134,-89
-38,-140,-79,75,19,-104,72,52,-63,-84,-125,-74
-47,-128,-86,83,15,-109,81,59,-45,-95,-126,-84
-41,-135,-87,64,-2,-122,54,52,-30,-68,-103,-71
-38,-112,-96,83,34,-96,48,42,-9,-96,-124,-97
-32,-134,-83,70,35,-109,65,38,-29,-109,-120,-84
-39,-135,-86,84,-6,-77,68,55,-28,-114,-90,-84
-41,-132,-93,89,19,-103,96,46,-54,-82,-108,-95
-53,-123,-82,94,23,-115,70,53,-31,-110,-118,-96
-45,-134,-84,98,15,-114,75,50,-59,-103,-130,-113
-49,-92,-84,104,50,-90,71,55,-43,-76,-109,-70
-54,-129,-64,83,2,-110,55,81,-40,-103,-122,-83
-26,-133,-98,72,23,-98,87,56,-57,-91,-125,-100
-46,-131,-89,93,9,-100,71,62,-26,-102,-101,-89
-21,-113,-73,65,14,-113,68,38,-49,-117,-130,-81
-47,-134,-89,101,19,-117,64,65,-49,-99,-116,-87
-33,-126,-96,99,27,-86,69,44,-35,-79,-127,-97
-57,-125,-101,83,8,-114,68,64,-32,-86,-114,-108
-46,-148,-104,83,25,-116,80,79,-49,-122,-128,-85
-54,-130,-98,100,5,-110,84,58,-34,-109,-134,-81
-48,-143,-79,88,30,-105,70,63,-17,-98,-142,-108
-31,-140,-56,116,14,-98,61,66,-33,-117,-109,-104
-30,-119,-82,79,33,-144,103,38,-42,-110,-113,-74
-32,-133,-69,81,27,-109,76,37,-44,-102,-123,-83
-44,-128,-77,92,6,-90,66,50,-41,-101,-98,-110
-40,-124,-86,79,-16,-132,43,65,-41,-72,-123,-96
-43,-129,-94,80,10,-96,54,48,-21,-76,-92,-80
-36,-124,-66,60,33,-113,94,47,-42,-93,-120,-111
-68,-132,-64,112,-8,-112,53,55,-47,-107,-120,-88
-33,-125,-83,110,5,-117,59,57,-56,-85,-117,-115
-61,-133,-68,106,25,-105,73,59,-40,-87,-127,-96
-60,-112,-77,86,33,-125,59,60,-50,-75,-109,-82
-48,-117,-96,75,27,-120,54,53,-31,-104,-100,-89
-54,-118,-77,74,32,-104,85,55,-44,-92,-118,-87
-38,-111,-71,84,8,-115,96,65,-43,-99,-113,-92
-46,-125,-76,83,19,-99,70,60,-23,-94,-132,-93
-41,-126,-93,98,-1,-85,34,63,-51,-92,-130,-95
-45,-115,-103,82,-2,-101,62,62,-34,-80,-103,-80
-34,-124,-74,94,14,-112,49,48,-37,-81,-100,-81
-65,-133,-82,80,23,-100,43,54,-23,-92,-88,-92
-32,-97,-68,84,13,-106,68,58,-31,-92,-89,-82
-47,-110,-80,90,33,-97,71,24,-41,-68,-92,-82
-45,-130,-67,80,7,-84,47,31,-39,-66,-84,-55
-48,-115,-75,92,16,-101,47,25,-15,-108,-105,-62
-38,-111,-62,89,18,-77,56,66,-24,-104,-114,-77
-34,-88,-77,64,36,-79,74,47,-46,-69,-91,-57
-18,-107,-75,76,19,-94,25,42,-42,-70,-99,-79
-54,-91,-56,70,41,-80,56,44,-22,-80,-80,-99
-25,-101,-48,55,22,-87,76,54,-47,-92,-86,-56
-29,-83,-74,50,19,-71,56,37,-35,-62,-56,-53
-18,-90,-57,65,7,-60,62,40,-26,-79,-88,-59
-22,-76,-48,74,6,-52,41,33,-26,-48,-49,-38
-16,-59,-37,51,-10,-75,33,13,-43,-39,-61,-47
-33,-65,-37,31,20,-33,20,9,-35,-48,-78,-27
-29,-60,-50,32,14,-35,16,16,-1,-41,-67,-40
-2,-42,-38,24,-13,-28,28,32,0,-23,-28,-31
-2,-55,-27,14,32,-20,22,0,-11,-30,-45,-17
-17,-12,-19,32,-11,-26,24,18,-1,-13,-8,12
-4,-17,4,5,1,-12,3,18,-3,-1,-11,7
-22,-8,0,2,-23,-1,1,-5,0,-12,-5,-5
17,-3,6,-5,-5,-13,-29,-19,10,21,0,-12
-7,32,5,-6,-13,10,3,-12,19,6,10,24
-6,22,24,-2,-10,32,-35,2,-8,18,0,32
33,31,26,-37,-36,18,-6,-19,18,18,46,7
13,42,37,-50,-28,32,-22,-13,26,52,41,1
22,65,36,-36,-12,72,-36,-24,22,55,41,29
27,68,53,-56,-5,77,-43,-3,0,59,64,55
30,61,51,-53,-22,60,-42,-51,44,66,56,62
37,93,57,-69,-11,63,-46,-33,35,54,78,55
43,103,55,-63,1,68,-56,-49,18,89,93,78
44,99,43,-54,-26,62,-66,-58,54,103,100,62
39,101,78,-93,-22,91,-68,-56,37,99,110,73
63,116,74,-83,-6,96,-84,-37,25,69,92,62
36,122,81,-88,-18,146,-76,-43,23,93,117,85
41,136,57,-92,-2,102,-75,-65,27,94,116,106
43,153,79,-80,-34,96,-61,-42,44,107,110,85
43,143,88,-84,-10,128,-83,-27,33,90,124,86
63,147,106,-103,-34,111,-83,-77,69,109,156,105
59,146,120,-91,12,118,-116,-42,52,113,120,126
23,169,95,-93,-16,128,-65,-56,33,112,148,99
63,156,84,-106,-27,150,-83,-76,42,144,146,110
48,150,110,-110,-18,126,-54,-45,36,112,137,113
42,149,100,-107,-28,131,-77,-41,58,108,124,103
46,144,89,-116,-10,131,-94,-42,55,104,135,107
42,143,82,-100,-30,124,-65,-56,33,108,119,107
45,129,100,-102,-17,97,-82,-49,31,93,141,97
45,114,86,-87,-21,118,-65,-64,46,85,123,82
35,123,88,-94,-17,118,-96,-63,39,97,131,98
45,105,86,-66,-7,96,-60,-34,21,110,133,74
31,108,62,-67,-22,84,-55,-46,24,86,87,76
23,105,64,-77,-25,72,-61,-46,7,83,105,47
44,85,84,-80,-6,105,-39,-31,25,54,59,68
36,89,57,-48,-29,60,-63,-35,20,54,81,73
29,75,45,-54,2,37,-30,-44,22,54,66,50
18,79,31,-30,-20,53,-47,-22,9,60,61,48
24,55,10,-58,-14,30,-37,-21,-5,26,36,33
24,26,29,-49,-16,43,-17,-3,10,31,35,47
8,32,43,-4,16,11,-17,-16,15,40,-5,25
14,11,25,11,-11,11,0,11,5,0,20,16
-8,3,22,13,7,0,-20,-9,0,15,2,-1
13,-2,-14,8,17,6,9,6,-15,6,-3,-2
-9,-13,0,15,22,0,-1,-6,9,-8,-4,-36
-17,-31,-29,16,21,-25,20,21,29,-17,-23,-15
2,-26,-39,34,13,-43,4,25,-18,-28,-23,-14
-15,-55,-41,33,-1,-36,24,11,1,-47,-61,-38
-11,-43,-20,36,6,-49,13,4,-7,-29,-44,-36
-30,-77,-39,30,5,-19,35,27,-36,-38,-46,-39
-39,-77,-46,54,23,-38,13,28,-22,-52,-45,-43
-34,-79,-40,41,33,-65,26,23,-20,-63,-53,-33
-9,-67,-66,42,40,-68,32,22,-32,-66,-68,-65
-29,-81,-44,45,21,-34,50,31,-32,-45,-65,-67
-27,-80,-50,59,3,-77,36,36,-27,-76,-84,-65
-22,-97,-61,62,8,-71,43,29,-25,-83,-68,-79
-36,-113,-72,52,16,-72,55,55,-17,-89,-73,-49
-30,-124,-52,86,18,-96,38,25,-26,-78,-90,-70
-30,-116,-71,81,3,-99,73,30,-31,-72,-87,-68
-47,-110,-73,68,2,-85,57,46,-20,-84,-113,-89
-42,-135,-76,106,20,-99,52,39,-20,-87,-116,-70
-38,-131,-80,108,25,-92,92,51,-41,-91,-99,-73
-31,-138,-84,100,19,-130,63,51,-45,-116,-101,-113
-55,-150,-104,119,35,-121,88,81,-28,-111,-149,-86
-87,-163,-121,128,11,-128,110,67,-40,-136,-144,-129
-66,-191,-141,132,28,-133,97,75,-40,-128,-156,-129
-82,-212,-157,131,63,-173,131,86,-40,-152,-177,-149
-82,-216,-143,134,28,-161,98,76,-47,-136,-203,-163
-79,-220,-164,172,19,-199,129,100,-81,-191,-215,-160
-112,-248,-153,169,34,-201,145,95,-50,-159,-227,-184
-80,-256,-167,187,41,-220,140,119,-89,-207,-261,-197
-82,-287,-194,174,17,-241,141,110,-80,-214,-248,-189
-114,-295,-211,171,29,-249,165,128,-89,-210,-250,-215
-107,-301,-210,220,53,-259,149,145,-82,-203,-271,-221
-109,-300,-227,216,63,-231,171,104,-85,-242,-261,-188
-113,-278,-155,208,22,-257,173,124,-85,-220,-267,-219
-109,-289,-172,173,75,-233,141,136,-68,-202,-265,-204
-88,-272,-163,175,42,-210,138,122,-66,-186,-261,-175
-76,-211,-153,154,19,-183,125,81,-89,-174,-179,-151
-46,-174,-90,113,27,-151,105,81,-63,-124,-129,-97
-63,-98,-62,62,28,-78,29,62,-28,-69,-92,-63
0,-18,-22,16,9,6,5,21,-2,-9,-10,-8
25,86,45,-24,-14,64,-26,-31,18,46,59,40
68,177,91,-112,-38,141,-90,-97,54,128,156,140
102,298,202,-191,-47,255,-170,-123,74,195,274,181
161,398,263,-271,-45,352,-201,-155,125,317,402,289
192,545,345,-345,-70,438,-278,-206,148,417,499,377
228,677,429,-451,-94,535,-348,-256,204,496,604,475
293,768,496,-530,-112,650,-429,-314,219,565,679,525
293,873,559,-577,-133,719,-486,-361,227,658,781,621
322,960,611,-607,-138,786,-508,-386,266,688,834,670
339,1009,644,-683,-147,840,-537,-390,308,739,866,703
334,1026,668,-687,-161,850,-530,-414,311,747,917,707
354,1003,660,-676,-163,827,-547,-409,330,741,876,700
353,938,628,-664,-152,810,-497,-383,310,722,861,690
297,874,591,-591,-119,723,-485,-376,276,687,808,633
267,803,492,-559,-117,660,-440,-323,246,584,718,569
236,684,432,-469,-111,582,-374,-298,199,491,616,466
197,546,378,-400,-97,462,-297,-238,172,405,476,371
150,425,270,-291,-58,342,-224,-165,142,316,393,300
102,291,174,-201,-27,257,-141,-97,83,223,252,220
91,156,92,-117,-28,148,-117,-69,38,125,147,99
0,51,34,-28,-12,36,-14,-30,28,49,41,25
-34,-69,-50,24,29,-28,32,30,-39,-17,-59,-49
-45,-174,-100,119,31,-121,86,59,-47,-125,-143,-92
-88,-227,-153,152,47,-191,134,76,-51,-194,-207,-168
-90,-301,-192,204,36,-231,149,109,-88,-227,-261,-202
-125,-344,-204,241,41,-291,192,125,-94,-250,-292,-227
-137,-370,-244,280,43,-283,196,146,-115,-265,-317,-261
-149,-385,-235,257,34,-301,192,153,-99,-279,-332,-256
-124,-407,-249,263,43,-307,213,157,-119,-286,-329,-273
-138,-378,-246,256,70,-298,209,165,-108,-270,-326,-258
-136,-353,-207,266,66,-286,197,143,-97,-267,-314,-262
-129,-331,-205,238,44,-302,189,144,-111,-243,-301,-258
-102,-306,-191,208,40,-279,170,134,-111,-214,-301,-228
-107,-304,-180,195,40,-255,181,123,-74,-219,-254,-211
-104,-281,-163,184,51,-234,153,95,-75,-195,-260,-199
-89,-235,-146,191,41,-201,138,106,-69,-183,-236,-147
-55,-217,-165,136,49,-181,125,87,-68,-175,-185,-147
-77,-211,-141,157,14,-164,112,94,-74,-145,-170,-122
-52,-187,-110,84,28,-144,106,87,-48,-118,-164,-110
-40,-159,-77,105,27,-128,97,58,-52,-116,-140,-110
-44,-141,-99,93,21,-118,85,72,-64,-121,-134,-97
-54,-133,-103,65,26,-105,85,29,-36,-105,-110,-90
-36,-134,-81,64,32,-121,83,43,-14,-104,-116,-85
-48,-114,-70,95,17,-110,81,44,-37,-77,-109,-76
-46,-112,-78,84,4,-96,81,36,-31,-90,-104,-95
-44,-121,-77,74,10,-87,77,40,-38,-69,-83,-80
-39,-103,-58,97,-8,-90,2,59,-40,-89,-103,-76
-26,-131,-48,49,6,-66,57,59,-23,-67,-81,-65
-39,-111,-74,70,-5,-88,53,51,-39,-73,-95,-50
-41,-98,-85,58,6,-94,55,25,-15,-92,-77,-81
-34,-85,-54,30,16,-49,55,52,-32,-71,-86,-75
-42,-96,-60,72,16,-51,53,27,-30,-54,-86,-62
-33,-99,-34,35,35,-70,65,40,-22,-55,-74,-62
-20,-82,-75,56,-9,-64,41,21,-31,-77,-91,-63
-30,-77,-59,42,27,-61,24,32,-10,-58,-95,-34
-42,-73,-44,45,21,-48,46,25,-28,-56,-63,-29
-19,-41,-73,21,-13,-66,55,48,-25,-52,-76,-34
-31,-61,-43,30,21,-53,29,25,-28,-33,-47,-52
-19,-66,-38,55,-8,-37,32,16,-31,-40,-55,-46
-19,-68,-30,40,4,-61,43,18,-12,-58,-54,-39
-19,-46,-21,28,14,-41,17,26,-26,-28,-19,-41
-14,-50,-18,48,12,-55,27,17,-18,-45,-43,-8
-30,-17,-40,20,4,-48,36,25,4,-18,-21,-31
-24,-54,-25,24,11,-19,4,-5,-14,-41,-23,-7
-3,-10,-18,-3,0,-10,20,0,-26,-16,-41,-15
9,-22,-25,10,13,-4,5,8,-8,-5,-14,-14
-2,0,-1,25,1,1,-7,5,-8,0,-41,-19
-6,-13,-26,-14,15,-18,9,5,-8,15,-6,-13
10,16,7,15,-15,15,-10,8,5,4,20,-6
2,11,21,13,-3,7,-7,2,-5,2,18,31
13,13,41,-7,-15,25,-12,-14,25,16,33,32
-2,27,31,-15,-10,31,-29,-5,20,28,52,23
7,26,38,-21,-20,38,-27,-20,5,37,28,36
5,60,22,-5,-3,56,-22,-20,4,40,37,62
22,82,39,-13,-19,63,-51,-36,36,46,63,38
25,70,40,-74,-23,80,-58,-18,6,75,47,62
45,89,65,-55,-15,78,-56,-29,24,55,73,71
32,82,69,-72,-31,81,-47,-41,35,84,93,91
67,111,56,-85,-12,66,-70,-61,16,55,89,83
47,117,75,-84,-21,94,-70,-58,39,87,130,66
47,125,82,-86,-33,107,-50,-37,22,72,114,102
47,144,80,-101,-24,132,-74,-60,45,121,118,85
28,153,92,-98,-9,121,-66,-54,32,129,133,108
60,156,104,-113,-17,136,-100,-72,40,125,150,110
68,195,112,-121,-30,145,-91,-65,71,155,156,125
75,171,120,-130,-25,174,-89,-59,68,152,161,135
66,198,116,-129,-31,170,-117,-86,74,171,186,116
93,198,132,-130,-35,173,-100,-83,59,145,173,141
79,208,153,-134,-47,205,-142,-98,67,152,189,137
75,224,149,-149,-24,183,-144,-80,67,171,207,151
95,213,156,-159,-38,203,-102,-110,77,169,203,175
95,229,165,-171,-52,192,-126,-85,47,172,211,176
71,252,175,-182,-37,211,-145,-96,86,201,221,196
94,268,174,-168,-23,204,-138,-105,92,209,246,191
93,246,181,-182,-15,247,-173,-113,92,209,240,205
95,276,177,-195,-43,223,-141,-88,79,204,241,200
93,295,186,-211,-44,247,-153,-97,94,250,258,203
105,308,191,-218,-27,244,-176,-123,98,242,246,238
104,326,186,-198,-27,244,-155,-129,92,224,270,212
96,304,204,-236,-57,237,-192,-132,122,227,253,222
110,318,208,-198,-31,268,-179,-140,90,233,280,224
124,312,233,-223,-41,269,-178,-126,89,256,279,218
106,333,204,-208,-52,278,-192,-118,93,247,262,244
133,327,201,-209,-58,274,-194,-123,88,239,309,246
93,308,215,-214,-61,268,-173,-134,110,235,304,235
98,341,217,-211,-53,274,-190,-127,87,261,283,249
134,347,215,-238,-64,285,-188,-126,103,257,280,230
111,343,208,-223,-50,258,-195,-143,114,237,295,246
98,331,202,-239,-41,306,-204,-124,86,263,293,250
125,331,201,-238,-26,271,-191,-131,91,257,297,202
95,335,217,-247,-63,296,-180,-145,77,240,299,248
120,351,214,-229,-37,265,-179,-143,104,249,295,230
101,297,209,-220,-68,261,-192,-123,95,229,284,225
112,323,197,-239,-74,268,-157,-127,77,237,306,223
115,308,205,-226,-59,273,-157,-139,121,230,284,213
118,304,204,-209,-37,263,-158,-143,100,228,256,215
118,277,216,-217,-49,265,-157,-138,102,226,268,204
103,307,180,-201,-39,243,-113,-115,90,245,280,189
96,289,189,-194,-43,239,-164,-111,98,230,251,185
106,282,161,-198,-42,232,-163,-128,83,210,264,197
78,283,169,-181,-56,228,-145,-103,94,197,242,197
86,273,185,-198,-52,238,-154,-132,75,199,235,177
101,254,173,-174,-25,190,-160,-106,85,194,241,192
72,242,156,-165,-46,207,-146,-85,82,201,210,171
76,237,174,-190,-19,195,-131,-125,75,170,218,161
76,222,154,-157,-40,197,-116,-92,79,177,202,161
83,219,144,-149,-34,152,-129,-113,67,172,204,156
90,198,124,-139,-53,162,-115,-83,79,168,188,157
57,199,126,-142,-31,181,-131,-92,40,156,193,139
57,194,125,-137,-42,160,-95,-77,54,137,177,149
50,158,125,-120,-24,145,-118,-74,54,161,184,113
74,159,108,-113,10,136,-105,-72,34,145,162,124
39,155,90,-100,-26,130,-110,-78,44,97,148,122
54,167,89,-97,-26,130,-68,-58,41,116,135,88
55,115,81,-81,-29,119,-81,-59,45,118,96,114
56,123,60,-66,-23,109,-85,-44,36,103,120,79
46,113,76,-87,-34,99,-46,-50,42,90,116,81
36,101,81,-70,-12,77,-53,-19,17,82,101,69
15,99,31,-68,-2,96,-48,-41,42,54,65,64
29,82,51,-71,-11,77,-64,-8,22,63,82,50
16,67,44,-34,-4,46,-32,-23,25,65,47,30
42,74,47,-48,-36,60,-22,-13,-5,32,51,52
39,55,35,-26,-14,43,-21,-10,-4,49,31,12
35,41,35,-48,4,54,-34,-24,-2,41,24,29
21,40,2,-10,5,32,-24,-5,18,17,30,13
36,30,28,-18,-5,12,10,12,-9,17,36,7
18,2,4,20,-5,-1,-29,1,10,22,24,9
-1,2,8,-8,-12,6,2,-4,-12,3,7,16
-10,19,1,1,32,11,21,-14,4,-17,-26,-8
-19,12,-2,19,-13,-14,19,13,-10,-2,-10,-13
-3,-30,2,4,11,-8,-1,-5,13,-10,-11,-24
-24,-35,-15,20,-3,-17,38,18,-5,-28,-10,-25
-15,-13,-20,22,3,-21,31,8,-6,-13,-27,-25
-9,-66,-33,21,-14,-59,7,30,-26,-12,-40,-28
-7,-45,-57,10,22,-53,32,19,-23,-27,-26,-27
-12,-52,-35,40,11,-30,35,47,-2,-40,-46,-43
-12,-56,-32,34,-9,-43,31,9,-12,-34,-39,-34
-47,-46,-44,40,-5,-57,43,15,-12,-39,-56,-38
-2,-101,-60,39,-10,-32,67,9,-17,-51,-68,-37
-27,-81,-45,49,12,-71,58,33,-22,-53,-36,-41
-36,-64,-54,40,4,-69,60,44,-19,-65,-79,-55
-16,-76,-66,59,-24,-57,11,27,-38,-48,-79,-72
-17,-66,-44,42,19,-65,30,26,-13,-85,-72,-68
-31,-84,-57,61,15,-69,52,27,-23,-61,-86,-65
-37,-96,-57,75,-3,-75,47,47,-27,-79,-86,-30
-43,-90,-65,54,15,-54,55,42,-19,-65,-119,-41
-28,-98,-44,50,44,-85,21,42,-23,-74,-86,-69
-36,-79,-72,61,20,-84,51,58,-24,-69,-75,-56
-34,-99,-61,50,17,-90,43,33,-30,-61,-91,-74
-15,-92,-66,59,28,-89,37,50,-11,-80,-95,-85
-24,-114,-59,65,-7,-103,79,37,-34,-84,-96,-48
-28,-91,-66,72,24,-97,74,37,-55,-73,-84,-67
-48,-101,-75,81,16,-93,60,34,-44,-69,-80,-65
-46,-93,-70,71,9,-84,60,25,-40,-82,-105,-78
-20,-113,-54,74,21,-67,28,47,-43,-63,-88,-50
-18,-125,-57,70,6,-80,80,70,-41,-85,-92,-71
-39,-109,-68,60,-10,-95,65,21,-41,-79,-81,-79
-43,-101,-66,93,10,-88,52,37,-38,-92,-103,-65
-46,-98,-66,53,23,-85,79,28,-35,-75,-80,-84
-27,-109,-79,81,27,-113,68,48,-31,-71,-85,-77
-43,-118,-57,79,6,-96,76,39,-36,-72,-83,-84
-57,-124,-79,86,19,-93,58,44,-56,-87,-107,-82
-38,-113,-57,93,28,-83,50,34,-51,-101,-77,-56
-51,-108,-81,50,33,-99,48,37,-35,-75,-105,-85
-30,-116,-71,87,3,-88,54,36,-42,-93,-101,-70
-27,-128,-74,85,4,-95,79,35,-26,-78,-124,-84
-41,-113,-78,79,20,-105,49,56,11,-95,-94,-84
-53,-98,-62,79,2,-77,72,37,-47,-94,-105,-62
-29,-110,-65,79,20,-98,82,54,-1,-80,-124,-79
-39,-111,-73,83,20,-105,55,45,-39,-102,-109,-70
-52,-123,-78,106,26,-80,50,60,-30,-69,-106,-102
-46,-97,-85,82,15,-106,69,46,-27,-85,-90,-60
-55,-130,-79,84,13,-95,40,55,-6,-70,-113,-79
-18,-111,-66,52,23,-82,57,36,-33,-73,-86,-86
-49,-136,-64,71,1,-95,85,42,-51,-87,-107,-70
-33,-112,-78,94,6,-119,76,42,-38,-96,-90,-64
-58,-124,-68,67,1,-107,59,65,-49,-93,-113,-68
-42,-132,-72,95,7,-98,56,43,-23,-48,-97,-65
-79,-95,-76,64,5,-75,47,53,-37,-83,-94,-92
-45,-107,-85,90,18,-92,50,45,-25,-75,-82,-73
-27,-121,-62,61,11,-89,62,23,-35,-87,-116,-72
-40,-125,-58,87,39,-78,48,39,-21,-63,-112,-76
-26,-110,-70,84,19,-124,59,42,-44,-76,-100,-73
-40,-100,-57,78,7,-95,62,61,-26,-95,-93,-62
-53,-129,-86,86,8,-93,52,57,-40,-102,-87,-66
-46,-106,-63,70,13,-90,35,65,-27,-81,-95,-87
-23,-94,-62,47,5,-84,80,73,-31,-78,-120,-84
-36,-87,-75,81,20,-95,70,63,-42,-72,-110,-85
-44,-109,-103,69,19,-78,32,41,-28,-72,-115,-70
-33,-87,-79,66,35,-77,78,32,-19,-100,-100,-60
-23,-117,-68,58,17,-116,47,39,-25,-96,-110,-57
-32,-84,-78,67,17,-108,47,49,-25,-66,-94,-88
-44,-85,-46,77,-14,-68,62,37,-47,-82,-100,-75
-17,-98,-57,66,12,-81,60,10,-38,-70,-72,-79
-44,-84,-52,48,7,-76,42,33,-20,-78,-110,-60
-15,-101,-46,60,30,-72,56,42,-40,-62,-80,-67
-56,-101,-72,71,-13,-71,56,47,-38,-55,-91,-76
-22,-86,-62,74,42,-64,52,31,-30,-77,-91,-61
-42,-99,-67,81,21,-80,38,50,-31,-71,-73,-54
-17,-89,-73,76,15,-71,50,48,-11,-94,-74,-86
-31,-51,-62,76,13,-91,33,40,-2,-52,-63,-49
-38,-89,-44,41,6,-69,45,29,-18,-55,-54,-25
-16,-60,-41,44,29,-59,59,0,-23,-49,-62,-64
-13,-86,-32,26,-2,-55,41,18,-26,-43,-50,-51
-28,-62,-58,46,15,-48,33,21,-40,-51,-63,-58
-22,-39,-28,56,14,-34,21,38,-20,-50,-61,-49
3,-66,-36,46,13,-62,13,26,-19,-68,-39,-25
-30,-41,-12,22,-3,-28,23,24,-5,-30,-37,-41
-19,-41,-18,33,12,-36,14,38,-35,-48,-39,-34
-33,-36,-21,17,15,-2,39,22,-13,-32,-9,-20
-4,-28,-16,7,-7,-27,15,8,-1,-24,-41,-33
-8,-16,-6,18,20,-25,18,-11,4,-12,-7,-6
6,-13,-15,8,4,3,15,3,20,-11,-2,8
-20,20,-11,-10,-8,-13,-22,7,-6,14,23,-2
23,3,19,-20,-1,10,-23,5,12,-14,20,-6
0,23,-5,6,-2,16,13,0,5,13,12,19
12,56,5,-23,10,34,-21,1,13,18,10,22
13,54,11,-34,-13,23,-10,-29,7,24,46,29
39,64,20,-26,-4,49,-37,-11,20,62,26,30
25,57,62,-45,-21,46,-33,-48,44,40,57,48
29,74,60,-40,-8,56,-48,-41,28,58,64,53
21,66,51,-54,-2,44,-35,-43,48,78,58,61
15,88,71,-53,11,93,-48,-45,45,76,94,67
28,100,96,-87,-6,99,-56,-49,29,95,94,85
39,131,68,-79,-27,110,-63,-47,39,82,107,82
44,135,79,-90,-8,105,-92,-71,57,85,121,114
45,150,83,-90,-37,112,-102,-53,30,77,129,86
40,152,112,-78,-11,117,-75,-71,50,113,127,115
46,151,100,-107,-2,120,-80,-52,43,104,157,101
64,150,126,-100,-28,156,-81,-63,57,123,137,113
57,185,121,-139,-24,130,-95,-65,36,129,179,117
62,158,115,-111,-30,150,-85,-94,62,150,137,112
54,183,127,-128,-32,172,-116,-73,66,134,152,137
53,199,116,-144,6,179,-97,-60,57,154,151,122
52,190,118,-117,-26,148,-101,-68,70,131,158,147
50,186,103,-138,-5,148,-93,-76,60,133,180,132
51,184,125,-128,-58,154,-114,-77,70,153,175,137
71,196,124,-136,-23,147,-104,-64,37,144,165,142
72,188,123,-124,-32,151,-92,-78,50,159,172,130
68,187,110,-122,-3,153,-100,-56,60,142,180,154
48,163,119,-85,-40,160,-92,-66,56,125,153,104
64,167,118,-123,-15,146,-129,-53,69,142,137,135
60,161,101,-103,-7,145,-82,-50,34,148,153,128
56,168,114,-112,-12,155,-98,-52,82,131,129,126
46,140,109,-92,-28,121,-93,-53,34,121,150,108
38,143,85,-87,-17,119,-64,-39,40,106,131,75
41,141,101,-89,-22,142,-88,-48,39,91,124,109
45,131,64,-79,-17,101,-62,-35,49,96,101,62
23,123,60,-71,-32,86,-59,-45,29,98,99,69
41,94,63,-76,-4,68,-70,-48,40,81,94,74
28,97,46,-61,0,79,-60,-29,25,58,108,76
49,96,51,-60,-8,83,-43,-40,31,59,67,57
16,66,65,-59,-8,70,-49,-36,10,44,65,50
26,49,16,-40,-6,47,-26,-6,9,36,60,48
11,75,15,-29,-2,72,-35,2,17,36,27,42
20,38,17,-32,1,24,-11,-1,8,42,44,43
-4,35,11,-23,-7,12,-12,-3,33,38,28,14
13,23,11,-33,27,10,-4,2,-5,35,20,10
33,16,7,-13,-5,-2,7,-15,-1,1,-6,16
-16,1,-6,-17,4,-6,-2,23,-15,-6,-2,18
-9,-13,-8,4,20,-8,-1,7,2,2,-1,-5
11,-23,7,20,10,6,31,16,-21,-19,10,-5
4,-25,-19,25,-9,-10,29,4,-6,-16,-6,-4
-15,-29,-42,8,-7,-38,20,2,-10,-19,-15,-23
-15,-30,2,25,-9,-38,45,33,-5,-25,-64,-30
-19,-45,-35,13,-10,-45,9,16,-9,-37,-24,-32
1,-53,-39,46,14,-42,45,34,-7,-43,-57,-41
-13,-71,-43,55,-3,-37,25,24,-23,-46,-28,-40
-24,-47,-31,42,2,-36,17,16,-23,-44,-58,-52
-15,-58,-34,61,21,-57,18,23,-7,-57,-46,-24
-24,-66,-56,53,32,-59,35,41,-41,-61,-53,-47
-26,-58,-50,35,6,-59,22,15,-23,-42,-81,-36
-38,-75,-36,62,35,-62,44,51,-46,-69,-63,-64
-27,-90,-28,54,17,-76,63,36,-4,-46,-75,-42
-42,-95,-69,52,24,-98,68,30,-19,-78,-92,-80
-33,-101,-69,96,31,-83,37,31,-21,-76,-75,-58
-25,-100,-64,86,17,-80,75,41,-55,-82,-103,-103
-29,-150,-52,73,20,-102,64,47,-26,-92,-115,-106
-41,-152,-82,117,41,-91,64,57,-42,-112,-127,-122
-50,-161,-106,130,31,-108,82,57,-44,-123,-130,-100
-55,-178,-107,94,13,-151,95,76,-32,-144,-156,-133
-79,-191,-119,124,36,-165,102,74,-37,-147,-160,-161
-86,-220,-133,138,31,-165,130,60,-60,-148,-197,-129
-67,-216,-139,150,12,-185,126,88,-72,-164,-181,-166
-75,-221,-139,165,20,-182,128,100,-80,-169,-219,-171
-98,-231,-150,141,33,-200,127,94,-88,-194,-218,-182
-65,-259,-154,176,37,-199,132,101,-68,-182,-223,-176
-78,-239,-164,176,40,-199,148,134,-43,-183,-219,-181
-74,-213,-137,133,55,-174,136,95,-72,-178,-214,-140
-84,-208,-138,119,43,-125,111,85,-63,-151,-185,-126
-34,-202,-83,78,16,-143,81,34,-60,-90,-132,-100
-56,-84,-64,77,6,-67,59,59,-33,-91,-89,-64
-18,-1,-7,46,16,-24,13,4,-21,-14,-16,-27
35,48,34,-55,-7,46,-29,-9,1,30,45,25
69,153,91,-91,-26,133,-68,-54,47,133,110,95
108,268,165,-172,-45,220,-145,-98,87,178,223,174
128,354,249,-260,-73,299,-194,-152,117,286,306,239
178,497,354,-330,-73,410,-255,-206,149,392,454,345
237,609,402,-425,-98,525,-336,-223,202,456,542,430
244,757,480,-503,-118,623,-390,-291,217,562,666,528
296,867,562,-575,-132,718,-450,-321,254,636,773,577
323,934,608,-631,-135,783,-516,-393,281,695,854,654
356,1001,661,-682,-133,838,-573,-404,311,761,901,678
369,1053,665,-704,-133,871,-563,-407,318,786,916,734
370,1053,679,-697,-144,858,-569,-421,314,800,926,751
353,1039,680,-711,-168,841,-568,-404,319,766,912,705
340,990,635,-656,-157,821,-507,-381,313,727,885,681
342,926,596,-641,-135,754,-494,-356,260,685,819,627
271,794,497,-548,-121,649,-440,-329,260,606,700,558
244,683,454,-478,-100,565,-370,-263,211,498,631,464
163,567,359,-363,-74,452,-325,-227,177,412,489,398
140,419,276,-296,-72,352,-251,-175,150,342,394,291
92,291,172,-202,-85,245,-180,-117,93,226,281,207
74,180,94,-99,-34,122,-80,-77,50,123,166,111
29,50,44,-29,-24,44,-37,-39,17,38,55,37
-34,-29,-37,37,0,-13,8,16,-10,-36,-47,-37
-40,-148,-103,103,29,-78,76,58,-45,-95,-145,-122
-62,-225,-168,153,39,-158,119,87,-49,-136,-175,-149
-109,-273,-176,175,19,-223,162,108,-77,-207,-231,-192
-83,-319,-206,203,50,-231,183,91,-87,-219,-289,-199
-124,-309,-218,223,71,-270,146,120,-80,-246,-291,-218
-132,-340,-216,207,53,-291,171,113,-99,-265,-297,-253
-127,-340,-213,215,67,-280,182,134,-97,-251,-289,-241
-134,-308,-216,225,51,-248,166,145,-103,-248,-297,-234
-93,-315,-210,215,61,-257,179,131,-107,-223,-285,-214
-99,-290,-198,187,58,-247,155,102,-94,-198,-249,-205
-95,-248,-142,193,30,-203,144,100,-86,-191,-240,-191
-91,-234,-146,157,37,-192,139,88,-79,-174,-229,-155
-50,-208,-150,150,50,-193,127,75,-72,-152,-200,-159
-66,-177,-103,105,13,-147,96,73,-54,-136,-168,-132
-63,-150,-110,109,32,-128,105,68,-47,-103,-141,-138
-42,-120,-79,80,19,-88,65,44,-58,-108,-121,-95
-35,-129,-61,103,38,-110,73,46,-44,-73,-101,-84
-31,-91,-65,83,16,-99,61,9,-36,-67,-81,-76
-10,-93,-58,63,9,-65,47,23,-24,-75,-64,-42
-25,-75,-40,45,10,-57,41,22,-34,-68,-63,-76
-21,-70,-45,28,15,-59,39,35,-32,-71,-63,-53
-29,-64,-47,32,24,-81,35,35,-10,-56,-76,-51
4,-49,-34,12,17,-54,46,37,-3,-40,-53,-15
-30,-51,-8,29,-3,-38,54,38,-3,-44,-51,-42
-10,-35,3,36,17,-45,5,32,-3,-16,-34,-43
-9,-60,-42,51,10,-32,44,23,2,-32,-52,-1
1,-50,-16,29,-3,-29,27,15,-13,-37,-43,-50
-13,-54,-34,14,3,-4,23,11,-1,-31,-36,-24
5,-30,-23,34,4,-62,22,-14,14,-22,-58,-30
1,-28,-26,24,17,-12,17,5,-7,-17,-16,3
-23,-16,-29,18,-2,-16,10,7,2,-38,-43,-19
-32,-20,-38,18,4,-27,9,16,-13,-9,-20,-20
16,-16,14,12,-26,-20,9,10,-12,-1,5,-27
-15,-18,13,1,21,-26,9,14,-3,-5,-22,-3
7,6,-33,15,-1,-14,4,-3,-1,3,-19,-16
-8,9,11,11,1,-9,1,15,0,18,-21,6
-2,-8,4,-1,-3,1,0,-2,13,0,6,12
14,3,-6,20,1,3,8,-5,14,29,-8,19
23,7,13,-5,-15,-8,2,-16,-26,2,-5,9
-14,11,13,-26,-5,-6,9,-11,-1,41,-5,10
-11,35,25,-24,33,21,-1,5,19,21,9,39
4,25,13,-15,4,44,-8,9,8,32,14,21
14,39,27,-15,-15,33,-32,-25,10,30,46,35
-2,62,45,-23,25,31,-28,-15,18,10,41,18
-4,56,31,-64,13,31,-27,-32,11,63,72,11
9,43,49,-51,-16,55,-56,-34,33,41,48,38
34,62,48,-35,0,61,-13,-37,13,38,63,41
14,83,52,-63,-35,59,-40,-29,23,48,72,55
28,88,76,-68,-21,68,-76,-42,29,42,78,40
29,95,54,-83,-23,74,-50,-37,28,62,83,83
47,100,75,-83,-30,85,-50,-53,42,61,92,60
29,118,93,-88,-22,95,-44,-52,25,79,99,80
53,139,69,-95,-24,102,-73,-47,45,108,118,97
60,160,107,-98,-15,104,-71,-70,30,107,128,82
55,175,105,-92,-27,130,-61,-76,56,119,132,108
52,145,96,-112,-16,126,-93,-82,59,137,142,108
51,197,109,-113,-2,168,-104,-72,56,109,167,132
62,179,118,-122,-35,163,-75,-62,75,139,169,130
79,181,124,-142,-11,157,-81,-97,64,157,161,137
60,195,133,-148,-22,167,-138,-80,50,153,186,122
49,223,146,-135,-49,167,-116,-82,73,165,201,155
66,230,128,-149,-22,175,-129,-89,75,185,204,164
76,236,158,-163,-35,198,-130,-104,76,189,219,167
83,226,166,-155,-36,216,-136,-92,78,161,226,161
90,270,169,-195,-53,218,-142,-93,91,193,242,164
89,274,202,-166,-46,230,-150,-106,81,223,251,187
109,290,185,-207,-32,258,-132,-114,83,191,251,184
103,272,188,-196,-38,262,-169,-122,85,250,269,223
131,295,205,-198,-18,249,-160,-107,112,214,269,235
115,317,212,-213,-29,263,-169,-118,94,239,282,209
106,303,196,-229,-49,263,-174,-118,82,228,286,226
129,315,208,-206,-72,282,-195,-131,99,238,302,231
92,341,237,-230,-30,271,-202,-126,127,251,293,255
134,365,229,-234,-33,276,-184,-148,92,254,286,215
130,364,229,-248,-46,286,-187,-128,109,275,329,257
123,364,234,-252,-53,307,-200,-149,102,262,322,257
138,366,217,-248,-40,308,-199,-140,116,264,317,244
113,376,236,-248,-70,303,-200,-132,115,274,317,291
122,374,242,-232,-52,319,-198,-151,126,288,324,254
139,405,275,-254,-58,330,-212,-167,122,286,357,266
137,389,268,-254,-58,341,-194,-136,128,305,333,275
168,397,258,-262,-75,328,-225,-157,114,312,336,280
150,390,242,-265,-45,325,-209,-147,110,295,368,284
147,399,271,-277,-59,306,-210,-162,135,297,342,276
135,382,281,-250,-53,324,-239,-161,108,296,372,275
136,382,253,-270,-65,332,-213,-168,131,297,327,263
148,400,263,-280,-52,319,-220,-159,114,279,362,288
128,409,266,-260,-67,323,-210,-187,117,291,358,266
142,385,257,-270,-71,336,-216,-169,109,286,322,259
121,415,260,-245,-65,327,-206,-152,128,297,351,265
119,378,257,-251,-67,319,-196,-157,97,272,324,270
148,381,226,-272,-64,305,-224,-155,122,276,315,278
130,384,281,-265,-44,291,-200,-156,111,290,337,250
151,345,239,-245,-62,295,-196,-149,111,276,337,267
130,374,231,-227,-50,318,-199,-139,98,255,313,257
124,340,236,-241,-74,304,-202,-150,91,265,314,243
106,362,239,-239,-29,295,-196,-132,110,244,319,251
114,340,224,-206,-72,272,-193,-128,106,234,297,223
111,345,208,-221,-43,271,-173,-139,96,247,319,238
103,309,193,-221,-43,231,-173,-116,109,250,291,233
111,306,202,-215,-48,258,-171,-132,89,235,291,233
121,288,209,-210,-34,249,-179,-153,99,221,279,201
91,272,191,-210,-52,241,-143,-106,67,230,258,187
103,284,174,-194,-41,235,-150,-108,92,224,268,189
102,266,168,-191,-12,199,-138,-135,79,206,254,204
101,240,167,-173,-25,198,-155,-103,74,203,212,198
95,252,172,-178,-45,206,-125,-107,65,187,225,161
80,247,145,-164,-33,199,-136,-88,74,198,224,182
65,241,153,-149,-24,169,-136,-99,81,178,196,162
68,217,147,-169,-38,175,-136,-100,68,179,212,139
93,184,135,-172,-31,174,-112,-89,73,170,172,139
62,179,137,-122,-35,154,-127,-77,66,139,164,156
42,196,118,-135,-24,141,-82,-74,60,166,165,112
56,168,106,-144,-31,126,-101,-55,33,110,163,125
40,178,114,-116,-16,125,-91,-59,50,105,157,110
52,125,115,-96,-6,122,-80,-79,42,117,151,95
55,152,84,-76,-34,99,-61,-54,38,99,145,94
42,123,97,-95,-28,116,-73,-49,41,94,103,94
24,122,96,-72,-25,97,-74,-44,39,80,101,91
49,137,78,-92,-11,101,-57,-56,40,74,80,69
35,95,55,-72,-27,81,-72,-21,22,94,96,79
13,94,81,-88,-29,65,-36,-42,10,48,91,77
23,93,51,-84,2,59,-30,-37,27,68,87,43
29,49,67,-41,-37,58,-51,-33,30,53,52,42
32,90,30,-36,-4,42,-24,-33,20,64,62,21
42,82,49,-61,8,64,-35,-30,24,43,34,55
32,57,42,-36,-18,55,-31,-19,9,33,42,42
4,37,17,-21,-34,41,-31,-6,15,25,24,25
12,36,22,-24,-29,40,-14,-6,-2,4,25,4
7,37,17,-50,-13,37,-21,-14,1,11,15,3
-11,20,5,-6,-11,16,-33,-7,5,24,22,21
12,17,31,-2,-19,6,-19,5,-1,-4,38,2
13,32,9,-10,0,12,-3,-14,-2,11,18,-10
6,-7,-4,-11,12,10,5,-10,-3,-4,0,-14
-3,-12,-12,20,17,-2,44,0,-22,0,5,7
0,7,-1,-5,5,-10,2,1,2,-20,-16,12
-10,-4,-16,2,-11,-17,25,2,8,-9,2,8
-7,21,-42,-5,-3,-1,30,22,7,-15,-3,-7
-8,-27,2,-6,0,-19,20,3,11,-1,-1,-18
-6,-18,-21,16,30,-35,18,4,4,-27,-26,-30
-32,-25,-26,17,10,-42,10,-1,-21,2,-11,-9
-4,-23,1,24,-20,-31,26,-10,-27,-14,-25,-7
-14,-48,-13,25,23,-44,30,12,-10,-12,-35,-12
-3,-36,-19,7,-20,-36,41,14,-15,-40,-28,-39
-18,-40,-5,20,15,-40,23,15,-17,-48,-38,-33
-15,-41,-25,36,22,-9,23,30,-25,-32,-45,-29
-12,-54,-35,45,20,-38,15,15,8,-34,-35,-30
-17,-36,-17,28,-8,-29,28,12,-34,-44,-23,-39
-31,-44,-24,41,16,-28,44,5,-5,-18,-45,-32
-23,-53,-37,21,9,-39,37,27,-19,-27,-34,-38
-19,-40,-20,37,15,-40,43,12,1,-45,-53,-26
-47,-44,-9,42,2,-34,28,-12,-34,-32,-40,-51
-46,-50,-40,31,1,-34,21,13,-19,-63,-35,-22
18,-19,-18,17,23,-46,41,35,-14,-24,-56,-40
-5,-68,-43,31,10,-35,22,30,-10,-37,-29,-40
2,-85,-41,45,7,-61,29,15,-5,-40,-25,-47
-27,-54,-40,47,-5,-65,30,10,-26,-21,-48,-48
-27,-44,-31,59,10,-48,25,27,-12,-38,-43,-47
-29,-52,-34,35,12,-41,62,16,-31,-61,-22,-34
-24,-59,-54,37,-18,-34,14,23,-36,-45,-52,-47
-10,-67,-41,26,9,-45,35,30,-21,-71,-58,-53
-22,-71,-40,33,30,-47,19,14,-2,-55,-51,-42
-18,-43,-23,40,-8,-40,34,2,-14,-54,-50,-30
-25,-31,-22,29,6,-36,54,45,5,-35,-43,-39
-22,-80,-30,27,15,-56,56,14,-20,-52,-56,-41
-16,-53,-31,36,15,-58,46,-3,-17,-29,-38,-40
-10,-68,-28,50,15,-43,33,46,7,-50,-61,-27
-11,-80,-32,19,11,-33,35,37,-26,-45,-51,-48
-17,-56,-29,43,16,-64,32,8,-19,-44,-55,-48
-9,-49,-18,60,5,-59,31,18,-7,-68,-62,-34
-15,-71,-43,38,24,-82,39,20,12,-27,-51,-39
-19,-46,-45,25,2,-54,47,38,-29,-43,-43,-36
2,-68,-34,32,-2,-48,41,24,-10,-30,-32,-35
-36,-30,-28,29,13,-37,30,35,-15,-40,-52,-17
-17,-52,-11,27,9,-27,15,12,-10,-55,-28,-34
-9,-59,-42,26,11,-39,22,37,3,-52,-60,-36
-10,-60,-33,59,19,-52,52,36,7,-37,-37,-33
-22,-46,-27,19,23,-31,25,-5,-7,-46,-36,-40
-35,-79,-46,37,-10,-18,33,17,-29,-32,-26,-21
-17,-40,-20,28,13,-43,27,18,-3,-52,-46,-25
3,-46,-25,34,8,-29,23,9,2,-63,-49,-29
-18,-31,-26,27,15,-31,45,3,-13,-32,-34,-42
-26,-45,-32,41,-29,-58,26,4,-17,-28,-40,-45
-28,-66,-4,27,20,-57,47,25,0,-43,-71,-36
-24,-53,-12,34,3,-57,44,15,1,-25,-46,-43
-37,-55,-28,32,32,-52,5,12,0,-32,-39,-30
-6,-45,-26,33,4,-48,49,11,11,-52,-31,-38
-22,-29,-35,7,13,-29,14,29,-22,-46,-27,-58
-6,-34,-18,47,18,-21,17,30,-27,-26,-42,-28
-13,-38,-22,24,2,-7,35,22,-14,-27,-44,-30
-10,-23,-21,28,1,-40,35,24,-21,-26,-27,-33
-22,-45,-17,33,6,-14,9,13,-35,-21,-39,-34
0,-17,-18,23,7,-26,12,26,-12,-35,-36,-19
-23,-23,-9,40,6,-23,19,8,-5,-33,-30,-22
1,-42,-33,37,14,-29,5,2,-2,-32,-39,-32
13,-18,-25,-16,37,-29,48,5,-9,-27,-50,-28
16,-27,-16,21,9,-9,34,5,-12,-19,-4,-8
-6,-33,6,23,4,-14,0,3,-25,-22,-24,10
-13,-30,-2,6,-3,-18,10,-7,0,-25,-1,-7
-2,-1,15,4,3,-21,1,7,0,1,-14,-18
-6,-8,0,9,-7,-8,3,-6,-11,-1,-14,-13
-17,0,10,-3,-5,-12,15,12,-14,2,8,-19
2,-3,5,-21,18,2,7,-1,2,3,35,-14
12,19,-6,-15,7,7,-7,6,9,4,10,-7
-8,19,12,-11,-3,0,-11,-36,-14,12,28,29
17,36,31,-28,2,18,16,-16,-3,25,8,16
13,23,26,-19,1,20,-22,-8,-10,31,31,9
22,51,20,-35,19,32,-22,-4,15,65,42,33
17,39,40,-35,12,50,-47,-14,14,32,56,31
25,60,43,-45,-13,43,-25,-46,19,46,51,41
35,89,48,-48,-28,41,-40,-25,22,59,66,49
25,93,48,-56,1,63,-29,-42,25,38,75,47
23,58,47,-52,-8,81,-48,-29,31,78,69,58
38,130,37,-75,9,84,-56,-38,37,82,73,62
57,86,74,-59,-13,89,-59,-59,37,92,80,73
47,104,101,-92,-2,103,-76,-48,41,79,101,96
42,149,102,-92,-27,100,-82,-35,56,110,125,110
47,138,106,-121,-23,107,-88,-60,36,110,140,89
50,157,124,-111,-32,144,-86,-46,42,138,152,110
41,161,139,-138,-20,138,-93,-68,60,131,141,105
39,190,111,-112,-39,148,-98,-74,41,130,162,131
61,175,123,-123,-32,145,-110,-92,42,139,175,127
69,200,133,-137,-28,166,-107,-83,64,154,175,144
77,194,153,-120,-22,165,-110,-90,64,168,188,145
86,225,146,-157,-21,158,-104,-86,50,151,197,150
78,220,144,-162,-51,175,-110,-92,79,199,182,155
67,250,164,-153,-46,184,-100,-102,92,201,215,182
94,227,157,-173,-40,195,-139,-97,89,187,219,170
84,242,168,-185,-54,193,-150,-82,110,185,208,163
101,267,188,-176,-36,207,-121,-96,91,202,223,205
96,241,168,-168,-46,197,-147,-90,73,152,229,192
98,261,151,-172,-36,206,-143,-95,54,187,194,184
82,273,142,-166,-42,217,-143,-125,99,196,238,198
89,261,174,-187,-34,212,-165,-81,61,186,233,167
94,240,143,-154,-29,225,-152,-104,61,185,233,162
83,244,162,-184,-49,214,-141,-113,92,192,245,187
109,245,184,-171,-29,186,-142,-104,90,179,226,177
87,237,155,-176,-41,199,-152,-80,55,184,228,189
92,216,145,-174,-40,191,-135,-95,57,184,227,141
105,223,158,-158,-29,178,-117,-95,73,164,204,169
75,227,134,-148,-34,184,-130,-88,75,154,199,147
82,224,129,-133,-36,183,-117,-90,45,157,211,167
83,211,128,-144,-25,180,-127,-76,62,140,194,128
82,192,123,-133,-53,163,-113,-83,81,152,164,149
67,199,135,-134,-27,151,-102,-62,54,130,158,131
67,170,113,-98,-5,150,-105,-59,66,111,148,110
60,160,122,-96,-23,138,-96,-40,41,134,136,115
51,137,86,-96,-27,141,-78,-52,48,105,133,123
45,121,76,-84,-28,141,-80,-37,66,109,105,120
50,125,85,-70,-36,110,-73,-50,33,86,119,78
23,112,64,-76,-7,80,-79,-32,11,92,119,74
61,95,62,-78,3,119,-58,-41,33,87,89,93
20,78,54,-56,-10,90,-41,-30,-1,89,102,76
10,103,61,-46,-39,65,-63,-50,36,66,81,65
39,85,50,-57,-17,55,-56,-30,29,62,58,38
39,60,32,-45,-22,62,-35,-24,23,32,79,28
22,38,9,-33,-20,54,-42,-3,33,37,67,18
18,62,45,-29,-1,53,-36,-18,26,32,53,7
2,42,8,-33,8,53,-4,-29,16,31,33,34
32,19,26,-34,-11,21,3,2,14,7,23,42
15,19,25,-21,-8,43,-29,17,0,38,13,5
28,18,19,-1,-1,29,-7,-5,25,16,8,28
-16,20,3,4,-14,15,-13,5,6,15,18,23
9,18,0,-34,9,0,-5,-14,-3,22,31,-6
-9,16,-2,-3,2,-8,3,-5,0,-10,-12,-3
-6,-4,-1,-7,-2,-8,-10,0,-3,-1,-7,-11
-16,-10,2,-9,11,-9,-12,15,3,-11,4,8
-5,15,-11,17,8,8,9,-3,-2,-1,2,-22
6,-36,4,3,-9,2,19,2,2,-48,-6,-28
-9,-27,-27,13,-4,-25,12,15,-14,-32,-31,-24
-15,-38,-14,30,8,-35,20,14,-13,-39,-30,-35
-25,-27,-19,29,10,-48,41,-5,-21,-66,-59,-20
-22,-54,-40,36,12,-30,37,25,-20,-49,-42,-24
-33,-63,-43,38,-12,-41,41,16,-9,-59,-58,-48
-22,-79,-58,47,15,-62,46,29,-28,-50,-101,-51
-14,-90,-62,68,11,-89,41,28,-20,-65,-86,-66
-40,-102,-74,77,-3,-92,56,52,-31,-76,-75,-81
-67,-125,-79,88,27,-95,75,52,-31,-89,-141,-89
-30,-133,-115,84,1,-128,79,45,-48,-118,-101,-92
-46,-170,-112,145,5,-131,101,54,-32,-118,-162,-130
-69,-184,-107,103,19,-148,119,60,-47,-125,-168,-127
-57,-188,-131,139,26,-176,107,82,-61,-134,-168,-129
-84,-200,-136,117,38,-155,111,71,-58,-147,-173,-126
-65,-221,-125,137,9,-159,113,60,-29,-141,-181,-146
-45,-171,-100,122,17,-161,117,73,-59,-143,-159,-126
-44,-143,-111,119,40,-128,96,34,-40,-98,-154,-119
-59,-112,-76,54,24,-111,62,46,-32,-87,-127,-83
-31,-66,-50,35,11,-76,36,52,-26,-64,-61,-50
3,-3,-9,-6,-4,-39,9,-4,10,0,11,20
5,54,52,-49,-27,57,-37,-36,11,70,76,37
65,154,89,-84,-35,140,-82,-40,38,124,146,106
99,255,161,-162,-47,215,-141,-124,80,205,248,176
140,342,250,-252,-64,314,-209,-142,103,292,325,272
159,492,327,-328,-86,401,-282,-189,178,372,429,361
220,612,411,-435,-83,509,-324,-249,217,463,560,413
282,734,476,-517,-122,632,-405,-291,193,550,666,528
308,867,559,-579,-135,710,-483,-332,257,633,751,604
332,944,599,-632,-123,782,-537,-388,293,726,864,672
337,1026,660,-684,-134,844,-571,-422,300,788,904,719
383,1074,721,-729,-177,907,-595,-447,332,780,980,755
389,1129,731,-751,-154,908,-605,-436,331,830,985,760
382,1088,708,-744,-165,890,-585,-441,330,831,973,755
367,1059,689,-719,-150,869,-564,-402,334,787,935,737
344,989,630,-669,-143,816,-538,-399,297,742,889,700
299,893,558,-615,-118,743,-480,-378,258,658,803,594
279,766,493,-542,-126,647,-433,-301,239,554,711,536
227,624,440,-433,-93,538,-347,-275,185,476,589,465
184,536,342,-369,-91,419,-270,-214,135,388,483,370
121,367,241,-260,-54,317,-202,-145,124,290,352,267
89,247,173,-171,-25,196,-130,-115,56,188,229,189
69,143,92,-113,-39,122,-84,-32,18,83,126,64
-1,53,12,-36,20,30,-3,-31,20,15,42,11
-9,-73,-64,53,10,-56,23,31,-25,-36,-74,-55
-60,-145,-103,108,37,-93,67,63,-60,-113,-143,-103
-78,-196,-135,129,38,-164,99,87,-59,-149,-154,-124
-85,-270,-133,167,37,-196,147,74,-55,-187,-215,-168
-94,-278,-174,193,50,-221,158,128,-83,-199,-256,-192
-107,-283,-207,183,45,-246,190,137,-97,-223,-278,-227
-119,-307,-197,199,46,-264,172,120,-92,-217,-287,-209
-99,-297,-168,209,23,-246,147,112,-62,-216,-290,-218
-94,-280,-183,196,31,-242,151,129,-64,-211,-253,-176
-90,-259,-195,167,52,-226,174,92,-75,-208,-242,-172
-47,-238,-168,163,46,-207,116,103,-73,-184,-223,-176
-59,-233,-141,143,54,-184,106,76,-82,-132,-172,-176
-69,-184,-123,111,35,-157,98,85,-66,-139,-177,-123
-45,-154,-84,114,27,-140,84,78,-24,-126,-147,-102
-51,-155,-77,76,20,-96,77,66,-45,-92,-121,-93
-32,-110,-59,62,5,-92,63,42,-14,-73,-89,-76
-45,-89,-54,57,30,-84,38,39,-23,-59,-87,-44
-12,-76,-51,52,-2,-54,44,18,-32,-51,-61,-56
-16,-55,-26,36,4,-44,16,9,-22,-30,-73,-59
3,-29,-32,52,9,-17,2,12,-47,-42,-42,-33
-17,-41,-13,21,-3,-28,27,11,-3,-25,-40,-23
-8,-12,-27,25,-1,-35,18,23,17,-20,-48,-19
-17,-36,-9,17,0,-34,14,13,-21,-32,-18,-23
-34,-10,-3,2,-12,-2,-9,-7,-32,-12,-27,-11
-17,-9,-24,11,15,1,10,2,21,-11,-11,-3
-8,-18,-14,15,0,-5,9,-16,-9,-6,-22,-4
-6,-1,0,6,-7,12,2,4,-13,-2,1,-19
2,-4,3,-10,-2,-1,7,-16,-4,-22,5,12
-6,3,4,-15,-25,13,7,-22,13,11,23,5
21,6,-5,-2,-1,-23,14,-3,15,10,13,3
-1,12,-2,-1,3,14,-14,-2,-4,-33,15,0
23,6,10,-16,-10,-7,5,-19,-15,11,17,17
27,7,-10,-13,-10,19,-10,-10,5,5,30,27
29,5,14,-8,-22,45,-16,-10,7,-6,20,18
23,22,21,-15,-2,12,-22,-19,10,10,13,27
6,37,15,-19,-13,27,-26,-26,-2,18,24,21
31,17,33,-21,-13,16,-7,-12,-17,32,43,22
14,59,36,-27,1,46,-42,-18,12,29,26,42
29,31,21,-21,-23,43,-40,-14,0,20,35,46
18,56,31,-47,-14,40,-23,-25,14,25,50,31
15,56,46,-38,-20,55,-25,-43,16,22,40,25
21,59,15,-39,-19,19,-21,-25,-9,55,40,42
48,60,51,-57,-11,51,-32,-26,-1,38,45,56
12,90,57,-55,-6,53,-28,-29,34,48,65,65
18,88,49,-79,-16,73,-52,-44,43,50,83,66
31,112,55,-51,-16,90,-37,-33,20,63,85,85
36,102,50,-62,-25,74,-43,-37,15,90,102,91
9,113,83,-80,-24,81,-48,-67,36,72,93,70
49,127,86,-77,-17,114,-85,-39,40,78,115,96
50,125,67,-78,-30,100,-87,-51,25,117,116,81
37,146,97,-99,-23,110,-63,-66,35,101,127,90
63,137,72,-104,-12,132,-94,-51,50,102,131,99
53,154,128,-108,-33,142,-79,-53,52,113,129,132
42,163,124,-129,-21,130,-112,-56,65,126,144,116
70,190,112,-93,-15,141,-90,-61,53,115,173,111
74,205,138,-155,-14,138,-90,-75,60,121,177,137
84,205,131,-143,-36,151,-112,-84,63,159,165,137
84,206,156,-132,-46,168,-136,-83,62,156,199,145
98,216,156,-131,-33,176,-121,-91,63,173,181,152
59,227,154,-154,-28,191,-137,-76,81,154,205,162
102,271,164,-174,-42,189,-113,-94,75,167,212,178
88,262,145,-138,-36,210,-150,-105,70,195,227,190
77,254,180,-194,-44,189,-145,-87,79,203,230,186
104,284,160,-174,-42,219,-145,-115,78,211,228,194
82,300,199,-188,-57,226,-177,-115,85,186,255,200
103,296,177,-210,-28,249,-169,-102,66,221,246,210
123,312,214,-207,-42,238,-166,-147,94,229,289,199
99,341,207,-229,-55,264,-165,-112,106,265,274,216
82,360,200,-214,-68,266,-182,-123,96,241,274,221
112,343,207,-229,-18,287,-201,-132,97,248,322,221
125,334,236,-237,-64,288,-174,-133,107,223,292,267
126,367,227,-235,-54,293,-201,-133,120,267,308,218
138,364,244,-266,-59,290,-177,-146,116,276,308,239
129,389,258,-253,-79,318,-213,-151,93,284,338,249
138,386,264,-259,-42,321,-212,-141,107,273,329,250
130,379,248,-272,-60,332,-215,-165,147,290,359,281
131,408,261,-267,-52,299,-208,-164,118,282,372,280
138,387,255,-264,-64,344,-199,-177,126,295,348,270
154,390,270,-268,-34,326,-221,-163,141,301,374,294
167,401,261,-271,-66,337,-229,-159,121,302,371,276
160,434,270,-282,-49,354,-218,-157,133,319,375,312
133,440,254,-291,-44,353,-239,-173,114,330,382,279
144,424,282,-278,-85,348,-236,-177,135,310,393,288
152,448,267,-301,-67,345,-240,-187,105,326,376,284
138,413,287,-281,-75,346,-230,-164,146,319,396,314
178,436,284,-288,-81,371,-230,-162,138,322,371,288
154,415,289,-276,-64,357,-237,-178,134,318,375,292
139,437,294,-305,-44,361,-232,-178,129,323,388,299
144,413,276,-289,-70,349,-224,-163,160,303,395,298
144,429,263,-302,-57,338,-207,-179,122,307,358,285
158,418,267,-294,-56,337,-241,-141,120,324,399,281
140,418,260,-274,-84,336,-269,-177,137,312,369,291
164,412,289,-290,-38,356,-232,-148,121,314,379,270
141,413,252,-278,-52,349,-224,-151,120,300,359,304
132,408,258,-270,-68,340,-243,-157,110,294,367,278
137,368,249,-264,-58,331,-210,-150,117,300,338,274
146,389,283,-273,-40,336,-206,-163,121,292,364,265
144,384,249,-268,-58,303,-215,-171,104,278,334,295
136,378,230,-252,-76,313,-193,-135,97,287,342,263
149,357,235,-245,-60,306,-192,-141,124,274,342,261
120,374,253,-247,-66,295,-194,-132,113,280,308,238
125,325,235,-240,-65,304,-204,-119,122,247,302,247
114,332,243,-230,-55,285,-188,-130,100,262,325,240
113,326,218,-208,-33,260,-192,-120,105,223,282,245
125,317,202,-227,-59,288,-163,-136,101,259,283,236
112,322,205,-248,-34,265,-157,-128,105,227,269,218
104,301,192,-192,-55,256,-164,-86,95,223,281,222
86,290,183,-184,-53,259,-181,-140,97,212,259,187
92,292,168,-177,-39,230,-143,-122,74,205,258,188
94,268,151,-178,-40,216,-148,-96,94,209,251,179
94,249,151,-173,-55,227,-139,-102,72,201,240,175
78,274,163,-165,-35,224,-126,-113,65,184,233,168
85,220,156,-156,-18,196,-133,-77,64,181,212,161
72,243,139,-138,-52,184,-138,-82,70,169,218,167
89,226,143,-166,-17,177,-92,-90,60,160,189,142
83,198,138,-117,-9,171,-120,-49,62,159,177,140
57,174,133,-119,-10,164,-111,-79,60,123,185,123
51,182,118,-125,-42,161,-94,-83,35,141,156,126
63,159,110,-127,-29,134,-82,-64,42,134,156,120
62,159,97,-136,-30,142,-78,-59,65,128,157,102
59,159,82,-89,-17,129,-101,-52,56,108,160,112
53,131,93,-72,-25,111,-97,-71,38,101,136,106
66,117,103,-87,-10,95,-60,-49,23,91,112,89
54,112,94,-86,-25,95,-58,-45,43,72,132,91
31,123,71,-79,-24,81,-51,-39,49,73,91,82
32,104,74,-63,3,95,-60,-20,11,91,91,69
44,85,67,-70,-15,54,-37,-28,0,69,101,67
32,97,70,-59,2,93,-34,-59,22,63,71,62
36,90,56,-34,-6,71,-44,-41,31,54,59,32
24,66,54,-50,6,50,-40,-12,12,46,69,39
17,51,50,-54,-15,63,-34,0,4,34,45,24
21,61,34,-36,-7,35,-29,-19,30,44,49,31
14,40,39,-41,-14,36,-37,-23,27,10,70,43
25,35,31,-10,-8,31,-6,-30,10,48,30,30
18,40,27,-24,-12,28,-14,-33,28,30,33,20
-8,32,17,-38,3,13,-4,-17,-12,17,18,28
-1,49,32,-15,12,33,-11,-13,-7,14,6,16
2,25,1,-16,-4,11,-25,-15,3,33,20,9
-18,15,15,-22,3,-2,-13,4,19,8,21,11
2,22,-8,-22,15,20,-6,4,-6,17,8,-2
4,23,16,3,5,6,-26,18,-8,6,-9,30
2,11,9,-1,16,1,-6,2,-9,-8,26,-24
5,11,9,-6,-8,-12,-1,20,18,13,0,12
-14,-5,16,10,-11,23,-9,-11,4,-6,5,7
-1,8,5,4,-15,8,8,8,-7,0,2,21
-7,10,-4,3,3,4,-6,10,-17,2,-9,0
-3,-17,6,15,-7,-14,-18,5,-15,-4,6,23
-4,1,-8,-5,-4,-10,12,8,-18,-23,0,-8
-20,-25,-10,18,23,-8,28,-9,-5,-16,-26,-22
-14,-9,16,-8,0,-26,-13,-23,-5,-13,-6,-13
6,-28,-7,13,18,-22,-5,-1,-5,-24,-12,-7
8,-36,-18,10,-3,-8,-12,26,-3,-11,-34,-6
-33,-15,-18,13,-8,-30,28,-1,-7,-28,-9,-25
18,-11,-7,7,-16,-6,13,12,4,-16,-35,9
-9,-24,-6,13,13,-16,20,-6,-12,-10,-27,-27
3,-34,-20,9,-2,-48,17,7,-1,-16,-37,-25
-13,-35,-16,-10,-3,-19,30,-1,12,-44,-24,-25
11,-21,-24,20,-1,-13,18,9,-9,-34,-18,-7
-7,-46,-26,21,-4,-11,28,13,-1,-14,-29,-13
2,-35,-20,17,22,-7,21,12,-26,-4,-19,-42
-21,-32,-13,16,20,-7,9,22,-9,-28,-28,-12
-24,-37,-17,8,-17,-37,17,28,-23,-11,-12,-17
-28,-31,-30,-4,17,-24,10,6,-7,-27,10,-17
-19,-25,-17,15,9,-25,15,13,-7,-56,-22,-17
-35,-51,-14,13,7,4,38,2,-26,-11,-21,-29
-33,-12,-24,9,18,-24,19,22,-9,-27,-29,-16
-20,-19,-26,26,3,-15,12,9,-12,-15,-25,-20
7,-23,-12,29,6,-17,8,16,-9,-25,-26,-19
-20,-51,-22,-1,-11,-25,-5,13,8,-3,-27,-16
-8,-24,-34,27,-1,-34,15,11,-14,-31,-18,-23
-1,-22,0,18,10,6,10,4,-12,1,-24,-10
3,-9,-16,19,-4,-18,21,8,0,-32,0,-15
-20,-20,-13,41,-6,-14,19,-3,4,-15,-39,-9
12,-26,-25,24,0,-25,0,18,-1,-32,-23,-15
-1,3,-1,30,13,-12,17,8,10,-19,-25,-31
-3,-39,-26,33,8,-42,18,12,5,-23,-23,11
-44,-12,-2,14,5,-14,8,18,-10,-25,-27,-4
-24,-15,-27,5,-19,-16,18,17,-8,-20,-33,-3
2,-25,-10,22,12,-21,-2,20,-16,-11,-24,4
-11,-20,13,29,-9,-29,4,3,-12,-9,-20,-13
-13,-31,-9,21,28,-16,20,0,-16,-15,-14,-8
5,-10,-19,9,0,4,3,-2,-5,-12,-27,-24
-12,-45,-34,24,8,-29,4,4,-3,-12,-16,5
3,-7,7,17,10,-25,8,16,-5,-14,-30,-41
0,-15,-3,30,-11,-19,-6,-3,-3,-8,-44,18
-10,-24,17,16,6,-15,7,-3,-7,-5,-24,-1
1,-23,-16,3,25,3,8,22,-26,-15,-13,-15
-9,-24,-4,17,5,-10,10,30,3,3,5,-30
-6,-13,-48,15,14,-8,-14,6,-28,-18,-4,-16
-9,-10,-2,1,-2,-12,-18,4,-7,-15,0,7
-4,-15,-3,12,-18,12,0,1,-35,-11,-6,-13
0,6,3,9,0,-9,32,11,-14,-38,1,-6
-11,-25,14,4,5,-39,-3,8,-8,5,-19,-12
7,-9,-16,-1,-7,-17,13,17,4,0,-11,-1
4,-11,-8,-7,24,-26,22,14,19,-13,15,16
-19,13,-11,22,-22,-18,17,7,0,-10,-16,-2
0,-1,-5,-14,3,-10,2,0,10,5,-6,-17
10,4,1,12,-16,11,3,-17,-16,-16,-5,7
18,17,0,-14,-3,10,7,1,-6,11,11,18
-16,16,11,-13,-28,-14,-20,-11,8,-2,18,-18
29,8,-7,-11,-17,-7,-23,-3,-10,4,21,15
25,0,0,-6,-10,13,-1,-2,-11,6,12,15
13,7,17,-22,12,41,-22,11,12,24,22,11
6,36,27,-22,-17,43,-39,-24,0,15,14,21
-5,30,-6,-21,5,25,-32,-3,27,30,42,21
15,38,10,-17,-4,40,-11,-9,1,20,32,22
16,60,8,-20,8,38,-40,-26,14,24,47,40
22,49,56,-41,5,59,-46,-1,0,59,11,39
35,47,20,-30,-5,48,-25,-34,19,42,58,26
42,63,35,-54,-1,49,-26,-20,-2,32,65,41
17,61,48,-49,-17,75,-47,-28,52,53,71,42
40,85,52,-63,-6,58,-25,-24,39,71,71,78
48,83,84,-66,9,85,-64,-18,26,61,61,73
31,110,49,-66,-3,79,-58,-25,53,76,103,68
39,106,76,-59,-17,92,-59,-68,22,89,88,76
40,122,73,-89,-35,101,-65,-48,35,93,113,96
60,133,108,-72,2,101,-69,-59,63,90,110,107
40,128,116,-91,-26,120,-73,-34,67,109,137,99
65,168,116,-113,-17,120,-91,-68,35,122,162,142
48,180,115,-96,-28,137,-96,-62,39,124,123,135
67,178,130,-126,-32,143,-87,-72,42,140,150,150
87,199,123,-138,-44,171,-94,-98,63,143,162,129
50,196,141,-137,-64,161,-115,-95,58,145,182,133
89,203,172,-134,-32,187,-127,-93,67,151,210,150
95,222,136,-168,-60,186,-86,-87,79,156,189,172
90,230,140,-164,-40,170,-135,-114,52,159,199,164
65,239,150,-163,-35,222,-119,-98,50,187,207,148
92,251,138,-164,-39,202,-130,-90,75,207,221,170
106,265,176,-164,-36,221,-131,-73,57,190,214,177
89,277,166,-181,-42,223,-159,-117,75,210,224,179
98,277,181,-171,-20,248,-141,-109,92,214,239,180
81,283,197,-179,-39,232,-169,-125,91,213,251,194
97,281,195,-193,-57,238,-146,-126,84,222,264,183
67,280,196,-199,-48,212,-176,-126,104,213,253,195
103,267,211,-203,-53,234,-165,-121,95,211,266,218
85,297,185,-206,-53,218,-159,-119,103,222,260,182
107,301,175,-173,-47,231,-161,-120,82,216,268,188
90,293,203,-197,-26,236,-146,-129,91,227,273,218
97,285,211,-194,-48,227,-137,-124,99,209,242,205
97,290,181,-214,-66,225,-147,-105,88,221,257,205
117,306,165,-185,-40,222,-159,-101,74,214,245,185
78,273,169,-189,-33,224,-134,-114,85,178,234,165
82,243,155,-192,-24,217,-136,-102,97,204,234,182
89,258,165,-176,-33,203,-154,-105,73,200,226,173
85,247,157,-163,-48,211,-140,-100,81,182,228,168
83,237,134,-155,-29,199,-119,-97,72,171,215,192
88,246,150,-161,-30,213,-130,-81,63,173,199,169
76,224,154,-154,-30,195,-102,-61,66,163,190,153
65,207,144,-153,-34,147,-107,-76,50,158,191,153
74,198,115,-134,-32,154,-92,-91,68,145,184,143
53,189,102,-132,-19,137,-113,-84,38,135,170,151
43,173,92,-120,-18,153,-89,-89,71,122,152,116
70,146,124,-108,-24,130,-126,-59,52,113,165,114
61,143,108,-89,-13,111,-104,-37,32,124,136,123
42,144,85,-84,-19,106,-89,-64,52,121,120,101
7,131,65,-107,0,104,-77,-56,45,97,122,104
39,114,68,-68,-24,105,-50,-44,21,104,110,69
48,125,71,-65,-32,105,-67,-19,56,81,90,86
16,91,83,-76,-14,93,-53,-46,43,67,111,82
44,91,61,-41,-28,66,-55,-39,30,47,56,83
25,71,63,-66,-14,65,-66,-36,19,53,72,78
34,92,34,-47,-2,74,-35,-35,25,67,79,62
48,79,24,-52,-2,51,-39,-22,42,32,63,61
31,68,31,-51,-1,48,-29,-21,8,46,48,38
6,63,42,-46,-15,39,-35,-36,38,24,50,26
35,31,43,-15,-13,39,-27,0,19,39,40,14
0,32,32,-24,-8,31,-19,-18,-1,19,50,28
11,38,14,-37,-14,48,-11,-21,-8,22,50,33
1,13,10,-20,-24,18,-16,-6,20,5,20,16
15,30,34,-29,6,24,-18,-12,26,24,12,20
13,-4,19,-14,-6,8,3,-2,26,21,28,24
14,43,3,-16,13,23,-19,3,-15,19,12,14
4,20,-4,-32,-23,13,-4,-10,5,16,14,1
-10,9,31,-7,-9,-13,13,2,-2,0,0,0
-33,-7,-3,1,10,3,0,-5,19,1,-1,-6
-16,-18,-18,23,12,-8,10,7,-9,-16,9,-18
-17,-21,3,25,9,-8,14,9,-6,6,-36,-27
-14,-20,-16,13,-18,-24,37,28,-11,-40,-30,-36
-7,-61,-25,44,-6,-51,21,35,-2,-50,-57,-39
-11,-65,-41,60,17,-56,33,7,-30,-42,-75,-46
-38,-71,-73,40,13,-64,48,59,-40,-67,-76,-57
-42,-106,-58,77,-8,-108,35,49,-30,-69,-94,-41
-55,-96,-78,95,22,-99,81,75,-14,-92,-118,-90
-61,-133,-99,86,20,-118,70,61,-36,-97,-126,-86
-59,-168,-131,91,18,-117,98,68,-56,-101,-135,-107
-61,-182,-105,102,42,-135,91,77,-17,-102,-131,-111
-68,-169,-111,116,37,-139,91,56,-43,-126,-151,-102
-60,-175,-107,110,26,-143,95,48,-49,-98,-124,-121
-47,-172,-78,99,26,-132,85,56,-38,-126,-151,-113
-34,-143,-69,91,21,-93,66,47,-41,-68,-114,-90
-19,-80,-45,58,21,-55,36,37,-19,-44,-85,-59
-3,-16,8,21,7,-11,13,-17,-9,-33,-29,-29
2,20,18,-22,-19,24,-27,-17,-6,25,38,10
47,125,82,-63,-32,110,-46,-42,59,95,94,97
71,200,153,-148,-56,149,-87,-89,70,129,167,155
101,301,199,-187,-48,239,-171,-125,95,224,279,200
156,403,243,-305,-78,319,-228,-154,122,286,378,279
176,524,358,-368,-82,453,-313,-218,184,412,483,385
226,678,450,-479,-107,561,-365,-249,210,507,622,481
283,815,518,-558,-120,655,-447,-313,233,597,720,591
313,880,591,-619,-115,773,-499,-360,284,687,824,636
338,1003,686,-691,-142,862,-568,-428,297,745,894,711
392,1076,710,-735,-169,891,-595,-434,339,810,962,768
389,1135,746,-763,-186,942,-618,-457,341,848,1030,788
402,1162,754,-779,-170,938,-624,-475,339,853,1032,784
407,1134,730,-768,-178,976,-640,-463,359,853,1023,810
357,1098,733,-752,-185,910,-622,-431,327,806,978,784
362,1009,660,-702,-163,840,-566,-408,291,775,899,708
316,918,618,-628,-144,772,-512,-367,268,715,841,648
277,839,537,-557,-117,686,-444,-358,244,609,770,583
267,714,453,-481,-95,556,-410,-255,201,495,604,474
192,554,380,-370,-94,472,-300,-229,161,413,523,406
147,424,275,-291,-62,359,-234,-181,117,321,389,309
102,304,194,-203,-49,239,-150,-136,112,253,281,231
58,197,109,-119,-37,149,-97,-78,46,152,152,134
38,81,56,-63,-13,68,-63,-35,6,58,62,57
-10,-15,-5,-1,5,-34,26,10,-16,-4,-6,-25
-49,-124,-80,68,13,-96,55,31,-41,-76,-89,-59
-71,-194,-110,127,21,-164,100,82,-57,-133,-147,-133
-91,-215,-148,147,41,-181,129,88,-72,-179,-221,-158
-108,-258,-151,188,54,-219,144,101,-54,-187,-228,-199
-92,-297,-192,213,39,-240,162,125,-77,-228,-248,-201
-99,-313,-190,211,73,-264,176,122,-95,-230,-280,-194
-89,-298,-194,215,33,-232,153,112,-106,-220,-286,-206
-98,-280,-198,191,61,-236,154,109,-76,-219,-277,-216
-87,-280,-167,182,30,-205,139,104,-96,-216,-238,-184
-96,-251,-134,159,50,-215,133,99,-77,-148,-218,-181
-76,-214,-146,152,29,-190,136,88,-56,-155,-192,-169
-76,-207,-120,132,32,-164,87,83,-43,-150,-171,-99
-61,-153,-110,95,19,-148,94,46,-32,-122,-136,-109
-53,-149,-79,85,0,-126,72,48,-60,-114,-148,-100
-32,-109,-78,86,30,-122,52,52,-22,-89,-100,-58
2,-107,-44,69,30,-55,43,41,-22,-61,-53,-78
-13,-38,-55,52,16,-60,41,17,-7,-62,-75,-52
-22,-52,-26,49,-8,-53,31,30,-12,-34,-51,-40
8,-55,-28,40,9,-15,11,5,-22,-48,-44,-33
-4,-37,-17,27,12,-44,15,3,1,-48,-39,-20
-19,-10,-30,7,27,-8,-5,23,-18,-36,-30,-9
0,-15,-6,15,1,-5,-8,-9,-15,-24,-29,-8
7,-7,-15,24,18,3,10,-14,-11,-4,-14,-22
12,8,-7,6,4,12,23,15,-27,-21,-11,-14
-1,-14,10,12,-7,-8,-14,8,-11,1,11,-1
6,-15,5,-5,13,-4,-12,0,19,10,19,12
7,-8,-3,5,-1,0,10,-9,-6,0,9,-3
17,15,-10,-4,5,-2,15,-2,-14,0,16,-2
-15,14,5,10,7,6,1,-22,8,-15,-11,14
17,12,-7,1,-10,1,-3,-9,3,10,1,-6
-21,15,27,-31,0,10,-6,-5,6,5,14,9
-20,16,7,6,3,12,-3,10,6,-12,13,11
2,-3,-12,7,4,31,-38,-4,4,20,25,16
32,28,15,-30,-1,8,-23,-10,19,16,24,30
13,43,-8,-4,-11,22,-34,-1,13,34,31,13
-2,58,31,-13,-4,43,-4,-6,28,7,45,8
-23,31,7,-8,-13,51,-20,-7,19,53,53,19
24,50,31,-42,-10,37,-24,-25,-9,43,31,29
20,39,21,-52,18,45,-19,10,0,43,52,33
21,65,54,-28,9,43,-42,-38,27,49,60,48
14,85,55,-34,4,66,-37,-38,18,38,50,64
25,84,20,-45,-26,66,-41,-22,36,33,53,47
15,80,27,-66,-4,64,-61,-30,21,65,69,36
31,80,46,-81,-21,45,-30,-12,23,52,71,51
27,97,52,-69,-15,73,-38,-42,16,63,83,59
29,95,44,-51,-3,57,-51,-46,37,70,96,70
41,102,79,-82,-18,87,-48,-31,19,72,115,87
23,113,89,-72,-19,67,-80,-47,28,83,100,81
35,114,96,-93,-20,106,-70,-57,48,117,99,90
36,128,105,-84,4,87,-56,-52,46,93,107,85
84,158,126,-76,-34,111,-82,-48,36,78,115,80
57,156,87,-101,-7,144,-101,-63,54,115,141,105
46,155,100,-105,-21,127,-86,-64,45,122,128,133
47,199,126,-127,-20,133,-111,-75,50,129,137,97
74,187,116,-137,-13,149,-100,-55,67,133,160,124
56,204,157,-142,-13,141,-114,-90,41,131,161,157
95,202,134,-143,-11,149,-117,-76,54,141,178,132
69,220,149,-145,-55,188,-119,-94,73,161,192,157
55,233,145,-120,-23,172,-135,-95,86,181,210,147
75,233,137,-173,-46,210,-110,-110,55,184,221,151
102,233,174,-143,-16,211,-121,-106,70,182,202,173
72,250,169,-154,-40,207,-131,-87,65,194,216,187
110,293,155,-203,-33,206,-146,-103,88,192,241,169
97,259,194,-175,-12,235,-145,-104,73,211,246,195
98,283,189,-190,-34,258,-160,-118,109,229,256,192
85,315,187,-194,-60,246,-165,-117,92,217,265,220
98,304,183,-201,-58,264,-152,-115,92,242,282,202
93,295,190,-207,-22,255,-146,-125,118,243,262,241
117,343,226,-218,-54,281,-170,-129,100,259,299,216
128,342,237,-254,-49,289,-187,-123,102,236,316,238
131,343,231,-223,-51,278,-204,-141,125,259,313,263
129,347,250,-237,-60,295,-223,-139,99,275,321,244
130,390,245,-248,-60,310,-191,-133,93,274,333,266
111,371,239,-252,-81,294,-222,-157,125,277,351,263
124,389,241,-256,-55,324,-226,-159,111,310,346,267
146,381,245,-263,-50,326,-206,-153,136,300,367,268
129,411,240,-273,-55,316,-218,-168,128,280,352,258
117,407,262,-254,-54,360,-233,-152,118,285,350,288
145,406,269,-285,-63,359,-220,-147,110,303,377,257
150,405,272,-285,-57,330,-223,-178,117,319,379,278
145,419,285,-281,-59,348,-223,-160,133,320,397,295
155,408,272,-305,-47,354,-261,-155,133,291,383,301
146,431,286,-293,-65,343,-237,-172,140,334,375,290
153,407,286,-295,-45,350,-254,-161,136,312,383,299
144,429,254,-288,-70,358,-252,-167,115,321,397,306
152,443,286,-313,-51,366,-221,-196,124,312,389,302
148,436,267,-300,-81,363,-237,-163,131,319,396,284
158,443,305,-273,-57,358,-228,-172,130,334,382,284
124,424,266,-301,-64,360,-223,-178,104,301,385,305
158,426,269,-281,-55,359,-258,-161,136,294,395,304
161,428,295,-300,-48,361,-241,-179,114,320,382,286
138,420,264,-284,-60,354,-225,-188,134,313,365,279
135,399,287,-287,-59,358,-229,-164,125,320,363,327
153,398,272,-285,-76,336,-236,-185,128,317,369,264
134,392,258,-265,-62,327,-228,-170,137,327,354,279
134,417,234,-276,-42,330,-232,-172,118,320,369,292
148,388,259,-253,-52,320,-206,-170,102,305,352,267
144,397,245,-259,-76,307,-213,-165,116,273,331,256
134,377,258,-278,-66,323,-220,-139,117,279,338,284
125,354,243,-262,-50,317,-196,-147,114,257,330,273
146,378,256,-247,-63,292,-203,-149,101,278,324,259
128,349,233,-262,-64,294,-203,-162,104,256,321,251
121,362,231,-255,-47,292,-195,-154,97,262,324,255
127,339,195,-220,-38,274,-193,-144,75,235,303,252
128,329,215,-219,-67,278,-194,-144,116,233,286,229
107,331,201,-204,-59,267,-178,-106,81,228,293,211
105,322,225,-195,-36,255,-157,-118,98,212,262,218
93,302,169,-193,-46,228,-168,-122,91,210,276,216
98,273,202,-217,-47,237,-153,-116,88,191,266,180
70,269,196,-187,-27,251,-161,-109,70,228,234,176
96,242,181,-190,-39,210,-143,-117,85,198,237,149
68,249,163,-182,-37,199,-144,-98,68,198,216,176
71,248,150,-161,-57,187,-130,-96,59,219,234,173
85,237,154,-147,-38,178,-137,-90,73,165,208,150
52,218,130,-161,-45,181,-102,-80,71,157,183,167
66,210,156,-154,-32,164,-138,-73,56,163,184,104
62,186,107,-134,-39,183,-103,-81,44,146,182,127
76,184,142,-142,-14,149,-121,-96,28,144,169,142
81,162,131,-122,-29,142,-95,-77,55,134,146,124
37,180,117,-106,-36,129,-104,-79,51,133,147,131
47,139,106,-109,-3,146,-79,-53,30,122,151,77
61,159,91,-117,-27,102,-64,-71,50,88,124,115
54,129,102,-86,-26,101,-73,-58,48,86,130,96
38,131,87,-96,-20,107,-50,-49,16,102,99,93
34,124,84,-63,0,107,-57,-55,44,86,97,72
33,106,69,-53,9,90,-59,-33,14,67,89,87
29,78,60,-50,-4,36,-58,-16,23,88,79,59
24,86,40,-53,1,75,-51,-37,25,43,89,63
26,89,35,-35,-13,60,-65,-61,9,43,71,60
9,55,35,-39,-3,47,-43,-17,0,43,59,43
10,59,48,-33,-19,50,-28,4,31,41,56,39
2,66,26,-41,-11,62,-38,-30,12,41,41,31
16,64,34,-30,-14,47,-39,-9,19,16,44,19
4,24,5,-30,-1,51,-15,-12,23,30,43,30
-6,44,20,-13,-7,24,-25,-3,26,3,26,13
-3,28,13,-27,-29,40,-3,-18,13,50,9,16
7,27,23,-14,-9,15,-22,11,-10,11,13,15
-8,17,-1,-7,4,-4,10,-14,8,13,14,15
20,-1,-2,-15,2,14,-17,1,-4,18,6,-16
-14,11,2,-16,2,-2,17,14,21,19,3,-1
8,-15,18,2,-4,5,-6,1,-21,-3,-10,13
-5,-1,-4,1,13,16,0,12,-2,4,7,-10
-1,-16,1,4,-21,2,-8,-15,1,35,-6,5
-20,-9,-15,6,-1,-46,13,32,-10,6,2,-6
-22,-20,7,0,8,-22,-10,-4,-11,-15,-19,-5
-42,-29,-6,20,4,-15,38,1,18,-3,-27,-16
-2,-11,-20,19,3,-17,35,4,7,-10,-18,-1
-2,-25,-20,7,17,-19,14,-5,-21,-14,-19,-27
-5,-17,0,18,5,-16,6,8,-16,-23,-35,-25
-10,-22,-18,19,-9,-13,8,26,7,-17,-25,-12
-2,-37,-25,0,-3,-39,0,20,-8,-25,-14,-26
-10,-32,-28,21,30,-48,21,-1,-9,-47,-34,1
-8,-27,-11,25,4,-3,17,20,-12,-52,-22,-1
-11,-31,-10,17,1,-21,17,13,-2,-12,-32,-35
-1,-26,-23,30,-18,-43,26,37,-5,-23,-37,-16
-11,-56,-26,36,-13,-17,1,22,-1,-35,-48,-15
-1,-32,-4,1,6,-46,29,-15,-29,-43,-45,-22
3,-14,-37,37,15,-19,36,23,-7,-37,-37,-36
2,-54,-23,22,5,-41,32,15,-12,-21,-32,-53
-8,-45,-28,43,10,-20,9,39,-22,-37,-34,-26
-22,-48,-24,24,-1,-26,18,-2,-37,-22,-48,-14
-11,-37,-19,32,20,-5,30,20,-15,-44,-25,-18
-21,-43,-37,27,1,-36,35,26,-19,-30,-26,-16
-7,-42,-55,58,8,-27,49,17,1,-47,-28,-28
-2,-55,-20,8,4,-54,25,15,0,-38,-44,-39
-20,-33,-13,24,18,-34,46,27,-20,-28,-42,-20
-24,-37,-18,40,3,-46,20,-3,-21,-9,-30,-48
-18,-34,-29,24,-2,-21,22,20,-8,-27,-46,-26
-9,-54,-49,27,-3,-54,32,0,9,-26,-47,-32
-15,-36,-45,31,3,-52,35,5,-15,-47,-27,-17
-18,-49,-48,47,4,-50,31,42,-14,-16,-50,-30
-23,-47,-27,43,25,-37,17,20,-36,-49,-29,-27
-28,-47,-41,24,-10,-37,30,8,-22,-39,-49,-47
-3,-61,-26,45,-4,-14,47,32,-10,-12,-31,-42
9,-39,-42,50,12,-37,31,10,-4,-52,-39,-33
-5,-59,-40,9,15,-32,35,22,-13,-33,-27,-11
-20,-56,-50,40,-6,-63,30,16,-1,-22,-50,-40
-6,-35,-48,16,2,-55,29,27,-22,-25,-70,-24
-13,-14,-47,30,8,-34,20,16,-32,-29,-19,-48
-3,-27,-28,27,15,-47,31,32,-15,-37,-26,-28
-40,-51,-30,7,-3,-48,1,12,-15,-29,-44,-28
-22,-22,-42,22,4,-18,35,23,-8,-34,-14,-40
-8,-49,-7,22,21,-32,8,-6,-24,-24,-13,-36
-11,-36,-41,13,-23,-34,4,17,-8,-17,-40,-11
-29,-29,-28,36,11,-18,21,21,-18,-48,-26,-11
-12,-53,-16,39,-9,-23,31,19,18,-26,-14,-36
-2,-30,-24,31,5,-23,31,0,-10,-52,-35,-19
-8,-30,-41,38,15,-39,23,11,-5,-14,-43,-43
3,-32,-10,72,18,-36,50,0,-23,-51,-43,-43
-16,-45,-62,27,7,-22,9,4,-26,-32,-45,-33
-7,-35,-16,24,12,-36,13,18,-24,-37,-34,-28
-22,-42,-39,16,-8,-26,24,9,-20,-43,-21,-14
-15,-48,-28,15,-6,-14,41,41,-24,-41,-14,-36
-17,-28,-39,35,24,-38,22,-8,-10,-22,-33,-36
-15,-28,-19,24,6,-25,9,27,-10,-39,-19,-28
-7,-43,-29,28,4,-3,9,-16,4,-5,-24,-24
15,-25,-32,32,26,-33,4,3,-14,-24,-34,-23
-12,-39,-11,6,10,-50,20,2,1,-39,-45,-17
-5,-12,-24,16,2,-35,24,7,-15,3,-13,-31
-6,-41,-1,9,10,-22,5,-4,-10,-9,-22,10
-15,-21,-11,12,-6,-20,-11,37,3,-13,-4,-13
-12,-13,-20,0,-11,-38,18,2,20,-18,-12,-2
-5,-12,-9,15,3,-37,-4,-16,-4,-7,-27,-2
3,1,-21,-11,10,-28,7,29,-16,-15,-9,0
-9,-11,-6,4,16,13,-20,14,-4,-22,-11,-18
-12,-4,-12,0,9,18,22,4,2,5,4,1
-13,1,4,25,12,-20,14,4,5,4,7,6
-21,-10,-10,-8,-13,-2,-6,9,-19,1,-17,-9
-5,13,-1,-17,-11,17,4,-13,0,7,37,5
0,19,20,-25,12,11,14,-4,4,7,28,-2
18,19,13,5,-7,32,-6,-23,4,21,12,20
12,48,42,-11,-2,34,-50,-39,24,41,-5,17
8,37,18,-11,-11,23,-10,-17,15,22,15,39
12,43,19,-31,-9,26,-26,-33,14,28,24,16
20,41,50,-53,-5,52,-22,-33,28,50,48,33
31,59,31,-42,12,54,-39,-25,27,44,54,48
6,67,63,-46,-18,63,-40,-32,32,52,67,49
26,93,35,-34,-2,57,-52,-10,10,68,94,60
25,77,45,-55,-22,60,-53,-37,3,69,83,89
19,75,65,-68,-3,83,-42,-29,27,73,77,70
28,116,67,-82,-28,115,-52,-38,16,115,89,92
49,116,69,-85,-15,86,-63,-42,41,86,123,100
31,119,106,-94,-17,105,-78,-58,36,99,113,110
28,137,101,-80,-21,126,-85,-64,47,97,156,110
77,151,80,-106,-18,108,-66,-77,46,117,135,119
45,170,124,-107,-3,142,-86,-56,52,125,156,110
54,175,127,-99,-47,161,-92,-64,43,120,151,128
71,200,119,-146,-14,159,-86,-76,75,125,167,144
77,182,127,-129,-31,142,-107,-70,76,154,182,152
94,214,131,-144,-48,170,-112,-83,54,141,194,148
69,242,141,-169,-36,179,-121,-73,54,192,177,135
98,214,152,-138,-31,190,-93,-107,58,171,158,133
56,230,157,-169,-39,199,-138,-92,74,180,190,154
80,246,143,-170,-26,201,-142,-103,89,192,225,176
91,233,142,-163,-42,200,-108,-114,67,173,205,176
75,256,154,-162,-34,197,-128,-85,85,194,223,184
99,255,165,-169,-41,220,-129,-86,66,175,239,157
86,227,141,-163,-38,214,-124,-106,54,198,212,173
106,239,162,-165,-22,203,-151,-108,77,205,243,173
72,269,166,-178,-47,218,-124,-94,99,177,206,166
92,252,160,-183,-45,211,-141,-118,72,187,220,188
83,243,169,-177,-39,232,-139,-87,69,192,204,179
60,228,169,-185,-26,206,-131,-81,82,195,212,182
66,242,180,-173,-53,201,-147,-75,93,169,215,176
94,230,155,-174,-23,179,-118,-109,78,183,218,150
73,229,149,-146,-26,199,-109,-102,68,174,198,152
92,236,149,-148,-36,172,-121,-65,92,139,194,155
74,236,129,-152,-30,184,-121,-95,67,142,176,144
74,200,110,-121,-12,153,-114,-96,47,165,157,144
66,186,130,-129,-33,148,-114,-60,64,144,183,126
71,176,145,-142,-32,159,-118,-69,47,144,149,141
81,197,108,-102,-31,162,-78,-70,43,145,169,121
66,164,101,-99,-30,151,-104,-59,44,115,154,121
66,159,86,-126,-12,142,-84,-81,41,105,122,109
40,137,94,-94,-26,127,-69,-55,25,90,116,112
39,121,87,-80,-3,103,-71,-46,47,104,113,92
31,127,85,-91,-14,93,-70,-46,37,93,112,81
36,95,52,-80,-20,82,-32,-45,39,100,100,57
23,87,54,-59,-15,70,-66,-45,23,80,90,85
32,81,75,-72,12,71,-41,-21,23,74,77,67
33,70,59,-36,-12,78,-28,-41,7,39,72,56
28,61,40,-32,-23,61,-53,-32,13,61,53,36
5,44,57,-34,-22,41,-37,-11,37,44,57,27
24,55,47,-36,-15,59,-33,17,6,41,33,30
15,38,38,-17,-13,49,-34,-3,12,34,24,37
2,15,-9,-43,16,25,-23,-29,0,17,27,29
17,2,21,-21,16,18,-3,-13,16,14,7,36
18,9,15,0,-10,9,7,-7,-2,1,5,7
14,4,-2,1,1,0,8,3,15,3,30,-5
-15,-3,6,4,-11,3,9,2,-9,5,-12,15
0,-8,10,4,15,-3,-13,-2,-4,-21,13,10
-11,-11,-3,34,-18,-12,22,-6,-5,19,13,-4
-9,6,-33,12,0,-28,28,15,-2,-16,-6,-33
-4,-30,-12,9,21,-10,-6,-2,1,-5,-17,-7
-19,-43,-23,10,-11,-28,3,5,-10,1,-21,-16
-4,-35,-49,19,7,-25,25,11,-16,-30,-29,-30
-13,-13,-23,30,7,-37,1,11,-13,-54,-9,-10
-3,-48,-27,27,1,-14,23,12,-10,-16,-35,-33
-28,-61,-47,38,28,-47,28,16,-17,-36,-53,-41
-21,-65,-27,29,25,-53,16,14,-32,-75,-56,-42
-25,-60,-52,51,24,-50,32,31,-17,-60,-82,-42
-37,-64,-42,55,2,-61,29,37,-27,-49,-78,-38
-32,-124,-59,71,15,-65,71,31,-22,-73,-82,-53
-45,-129,-81,102,30,-98,60,73,-65,-102,-101,-86
-44,-128,-78,102,5,-113,72,59,-46,-86,-115,-85
-42,-129,-86,114,14,-140,81,58,-58,-111,-129,-128
-48,-170,-106,103,27,-136,100,70,-49,-123,-164,-91
-69,-168,-107,111,37,-119,90,61,-77,-131,-167,-136
-84,-208,-134,145,41,-168,105,77,-70,-121,-173,-148
-90,-220,-155,163,41,-194,115,93,-63,-171,-193,-151
-88,-217,-147,150,18,-190,119,106,-54,-185,-179,-143
-74,-220,-156,149,22,-181,123,103,-61,-169,-193,-136
-81,-202,-123,147,29,-169,95,88,-70,-154,-186,-147
-77,-175,-116,128,17,-151,89,50,-36,-137,-171,-126
-60,-139,-82,103,27,-122,62,62,-67,-91,-145,-97
-62,-122,-94,78,-2,-94,59,59,-23,-69,-99,-77
-42,-36,-42,46,9,-37,2,12,-18,-32,-41,-21
-6,31,8,-22,-8,27,0,-24,-4,26,-5,17
39,113,74,-53,-10,85,-58,-23,39,66,86,66
82,227,145,-153,-42,161,-111,-87,78,184,192,158
114,309,223,-230,-51,262,-177,-130,108,239,292,210
130,433,293,-303,-73,366,-257,-178,113,353,379,300
205,571,385,-381,-82,488,-328,-240,179,436,528,398
247,693,458,-475,-101,580,-360,-255,204,506,611,461
263,810,519,-551,-129,670,-414,-326,218,612,716,565
312,914,580,-613,-123,749,-509,-373,277,662,824,617
337,979,638,-674,-153,809,-529,-396,313,740,878,698
340,1070,675,-702,-158,875,-577,-404,309,789,937,739
394,1091,707,-755,-156,902,-614,-448,305,829,970,774
363,1105,703,-761,-182,906,-601,-446,332,835,994,756
382,1089,718,-724,-167,905,-591,-435,340,823,971,761
344,1048,662,-704,-162,876,-558,-414,331,780,925,719
332,961,632,-659,-144,795,-544,-364,303,719,867,648
287,857,541,-570,-144,724,-458,-354,259,649,784,595
247,715,470,-494,-128,630,-423,-306,235,539,674,503
207,589,401,-418,-107,546,-338,-257,183,456,552,424
156,478,305,-329,-63,399,-264,-187,161,357,443,335
131,350,230,-252,-67,292,-181,-146,91,250,326,253
107,229,160,-152,-3,176,-127,-56,88,147,202,174
59,85,54,-88,2,88,-50,-39,30,77,93,49
-22,1,-23,-11,12,-5,-18,-1,-4,5,-2,-4
-22,-105,-72,50,4,-69,52,32,-42,-79,-88,-63
-48,-168,-114,122,36,-161,81,71,-50,-121,-157,-117
-77,-249,-157,149,11,-200,122,91,-75,-174,-198,-163
-112,-284,-189,208,53,-229,162,103,-56,-216,-263,-214
-98,-301,-223,230,47,-274,175,109,-94,-252,-291,-215
-114,-341,-236,242,59,-287,186,136,-112,-244,-298,-205
-118,-344,-221,231,55,-289,196,141,-79,-258,-313,-226
-114,-352,-219,228,54,-283,176,125,-109,-249,-295,-251
-125,-336,-207,222,60,-266,194,111,-115,-240,-292,-220
-102,-303,-179,217,20,-256,179,121,-96,-211,-267,-221
-95,-263,-216,187,5,-232,167,94,-92,-229,-252,-222
-78,-255,-166,188,38,-230,153,115,-68,-195,-239,-193
-87,-234,-164,160,24,-191,134,112,-85,-174,-205,-144
-68,-224,-129,154,32,-159,126,90,-63,-167,-183,-140
-40,-185,-90,136,26,-169,108,55,-50,-157,-155,-122
-54,-167,-113,103,38,-135,87,75,-44,-121,-114,-102
-36,-147,-85,97,21,-128,72,71,-29,-106,-149,-99
-49,-130,-68,81,14,-97,82,41,-45,-104,-126,-87
-53,-125,-57,79,49,-90,73,63,-21,-64,-84,-78
-16,-83,-70,65,8,-75,45,30,-28,-60,-77,-71
-43,-106,-28,50,3,-67,51,30,-22,-52,-83,-66
-27,-65,-60,60,1,-42,69,27,-36,-33,-64,-38
-14,-63,-52,61,14,-63,41,34,-17,-62,-77,-37
-14,-66,-30,26,-9,-58,28,13,-22,-39,-67,-50
-35,-74,-41,34,10,-81,43,20,-3,-25,-53,-55
-32,-57,-33,43,25,-63,32,17,-23,-27,-59,-40
-13,-72,-42,55,18,-59,27,21,-16,-40,-56,-54
-20,-40,-38,38,0,-41,22,13,-39,-32,-39,-20
5,-52,-29,43,9,-36,33,9,1,-33,-48,-49
-12,-53,-38,48,4,-42,31,14,-34,-23,-39,-37
-24,-42,-16,21,12,-41,22,13,-9,-23,-53,-16
-12,-30,-24,42,-16,-16,20,6,-4,-49,-22,-13
-18,-27,12,25,-2,-13,16,22,-13,-24,-45,-39
0,-40,-38,12,-3,-41,33,11,14,-33,-20,-53
-7,-22,-24,29,22,-29,10,35,-29,-15,-25,-35
-11,-21,-20,-6,6,-12,5,17,-19,-25,-15,-5
-9,-4,-32,13,-3,-15,11,29,0,-34,-27,-24
-3,-4,-13,25,13,-12,28,13,15,-21,-2,-2
3,-12,1,27,0,0,8,22,5,-6,10,-14
-9,-22,12,14,-12,-17,-7,8,1,8,-16,-6
4,24,1,-9,-12,-9,1,-4,8,10,24,3
3,1,-12,-10,-7,-1,11,5,-13,24,-6,4
1,24,17,-22,2,-6,-15,19,2,6,13,33
0,23,-13,-36,6,14,-10,13,22,20,9,-7
-1,28,28,-5,-4,36,-26,-7,26,34,16,35
-2,47,27,-25,9,40,-25,-8,17,23,25,23
20,42,42,-4,-19,29,-27,-6,8,27,54,38
18,43,31,-37,2,36,-24,-15,-2,43,61,29
-1,79,47,-46,-4,59,-33,-25,22,31,37,52
32,74,34,-56,5,44,-20,-37,22,43,64,36
37,53,55,-49,-8,52,-42,-12,19,39,80,69
36,84,53,-65,1,73,-60,-30,31,56,90,55
43,98,56,-72,-24,81,-40,-40,50,87,94,57
47,114,69,-66,-4,75,-62,-54,59,72,93,42
18,104,76,-81,-17,92,-65,-44,22,101,102,70
39,128,79,-71,-28,85,-70,-50,61,84,105,80
57,133,96,-99,-38,101,-59,-71,30,94,102,82
49,136,84,-92,-36,124,-77,-55,44,109,114,94
43,138,86,-114,-28,135,-72,-67,61,119,149,107
56,151,112,-109,-16,131,-108,-63,49,121,151,104
58,172,129,-140,-26,168,-92,-63,60,140,149,133
86,190,144,-138,-28,170,-94,-71,44,168,149,124
61,208,118,-124,-31,174,-113,-80,58,143,180,121
67,205,130,-145,-30,190,-121,-70,74,161,188,135
74,228,137,-143,-29,197,-90,-85,89,178,228,161
66,240,156,-145,-54,184,-118,-88,81,174,224,162
80,207,145,-184,-32,198,-145,-120,74,189,211,179
95,263,197,-158,-48,208,-130,-113,66,166,220,182
93,253,150,-199,-51,210,-144,-118,72,211,225,170
108,276,170,-185,-19,234,-142,-133,82,216,248,195
111,287,193,-200,-41,227,-158,-127,95,195,257,195
99,265,178,-214,-55,243,-177,-125,84,235,259,188
121,288,204,-199,-40,246,-165,-125,79,219,274,226
120,332,205,-202,-40,262,-161,-129,103,256,297,222
115,344,189,-215,-43,267,-165,-120,111,224,305,222
114,327,209,-233,-48,278,-182,-128,96,256,312,244
120,332,192,-227,-61,271,-206,-125,112,236,300,239
137,338,230,-216,-49,288,-169,-148,102,252,304,237
123,344,239,-237,-58,265,-206,-136,106,278,315,258
122,351,224,-253,-38,277,-212,-131,114,271,324,235
119,342,234,-257,-72,281,-211,-154,104,284,345,249
120,357,240,-243,-49,297,-215,-158,117,257,346,241
118,367,246,-253,-65,301,-199,-154,124,288,343,279
148,369,234,-235,-49,307,-211,-139,118,258,339,252
137,365,250,-274,-67,328,-200,-152,105,283,337,267
138,381,224,-272,-60,318,-200,-140,112,289,322,271
130,390,236,-267,-56,305,-211,-163,101,294,345,258
136,388,256,-268,-62,300,-207,-145,130,267,339,263
130,369,244,-253,-49,314,-222,-149,127,279,342,262
123,400,247,-251,-56,348,-225,-166,99,281,323,259
132,349,240,-227,-41,317,-234,-159,105,285,334,265
129,395,246,-237,-85,305,-212,-135,100,286,356,260
120,371,231,-248,-57,293,-188,-156,91,272,322,270
110,339,233,-258,-40,317,-200,-137,108,253,337,257
118,365,254,-246,-51,306,-206,-149,113,263,314,250
133,362,236,-232,-74,302,-192,-152,86,288,337,234
92,359,230,-249,-28,307,-177,-151,127,262,315,243
105,355,247,-222,-59,299,-173,-125,100,261,324,252
121,346,206,-248,-63,306,-206,-120,122,236,304,224
108,325,209,-251,-57,265,-189,-132,121,245,291,236
131,312,220,-220,-49,284,-167,-122,82,258,278,223
134,326,179,-203,-62,273,-192,-127,80,222,290,214
117,318,207,-216,-50,242,-157,-119,97,228,291,206
112,306,204,-193,-38,276,-170,-120,99,217,280,209
103,281,189,-200,-32,250,-170,-81,78,218,245,187
62,319,187,-209,-36,246,-164,-110,78,226,272,184
98,273,176,-177,-47,230,-156,-110,80,180,260,193
95,265,163,-191,-46,225,-148,-129,78,204,262,212
80,248,173,-175,-26,209,-149,-110,81,178,245,202
75,262,179,-188,-35,203,-128,-103,74,187,200,168
91,225,177,-144,-34,187,-135,-77,77,194,216,168
100,215,147,-136,-32,194,-115,-104,70,173,206,158
39,226,133,-128,-44,167,-110,-65,71,150,172,132
65,205,135,-125,-12,166,-109,-76,55,160,174,123
51,223,121,-118,-30,142,-98,-77,57,155,164,131
53,166,108,-107,-30,137,-97,-67,51,150,169,135
53,169,80,-111,-32,128,-100,-81,69,129,156,126
41,154,97,-86,-24,132,-80,-78,36,121,148,115
57,139,93,-88,-18,129,-70,-64,53,106,123,111
42,127,91,-67,-14,101,-67,-52,41,87,137,102
42,123,90,-94,-9,84,-52,-29,18,86,111,76
18,104,90,-81,-23,105,-56,-25,34,76,93,45
37,101,47,-82,1,87,-69,-48,44,69,96,70
25,76,71,-40,-27,77,-38,-32,24,70,104,55
48,81,53,-49,-41,70,-38,-17,22,31,61,45
23,76,36,-45,-30,40,-26,-13,15,42,57,58
8,67,27,-51,8,60,-42,-19,7,41,65,56
22,65,28,-41,2,49,-17,-26,3,32,43,35
19,31,28,-26,-8,26,-14,-2,10,28,36,51
40,16,8,-9,-7,32,-8,-25,19,25,23,22
18,2,3,-1,-5,20,13,-11,9,18,12,4
12,-8,9,-27,-1,4,10,1,7,18,3,15
18,12,-20,-7,-5,-3,-9,-5,0,-25,8,-34
0,-8,-21,-5,-7,-13,-2,2,8,-15,2,7
-16,-45,-10,13,6,-11,-9,10,-8,-19,-26,-18
-22,-52,-24,12,15,-10,26,24,2,-9,-11,16
-14,-8,-25,27,-4,-15,25,29,6,-25,-36,-17
-1,-39,-12,22,8,-21,-4,22,-13,-26,-16,-22
-9,-33,-17,7,17,-44,15,6,-24,-36,-20,-45
-33,-25,-31,21,11,-50,6,9,-23,-19,-46,-52
-25,-58,-20,37,-1,-41,26,17,-9,-45,-39,-23
-5,-46,-39,32,-1,-34,30,14,-19,-47,-45,-13
-26,-64,-40,25,-1,-46,33,7,-20,-54,-78,-48
-21,-65,-21,25,35,-68,49,22,-22,-33,-66,-61
-37,-59,-30,38,-1,-72,17,45,-12,-48,-54,-59
-24,-22,-57,70,-9,-66,36,31,0,-59,-68,-60
-18,-66,-50,41,2,-69,55,29,-20,-46,-62,-53
-31,-89,-60,32,14,-95,44,48,-23,-36,-89,-60
-21,-86,-56,58,11,-62,42,34,-30,-60,-62,-76
-43,-88,-53,69,-10,-65,43,44,-53,-67,-76,-59
-22,-82,-57,49,6,-84,44,32,-26,-109,-63,-58
-32,-78,-31,67,4,-86,74,56,-23,-63,-87,-61
-36,-114,-52,65,9,-68,56,55,-24,-67,-89,-49
-30,-128,-66,54,31,-76,53,25,-42,-81,-100,-60
-42,-102,-72,76,22,-88,47,58,7,-80,-93,-50
-28,-99,-62,70,8,-63,83,52,-49,-74,-88,-73
-40,-83,-51,92,35,-91,42,44,-38,-81,-88,-51
-26,-96,-76,58,18,-74,56,38,-18,-75,-83,-80
-20,-89,-48,58,4,-99,54,48,-30,-56,-89,-90
-5,-108,-75,78,21,-92,33,54,-40,-85,-104,-72
-42,-115,-70,76,38,-94,61,55,-49,-83,-92,-75
-64,-118,-74,96,17,-91,64,50,-31,-101,-105,-59
-37,-114,-82,85,20,-89,74,45,-20,-77,-99,-70
-40,-100,-95,61,5,-100,73,35,-40,-93,-94,-73
-40,-104,-51,77,15,-91,68,61,-34,-82,-109,-53
-39,-118,-65,75,19,-81,57,42,-35,-84,-107,-97
-50,-96,-78,90,33,-78,56,53,-17,-79,-112,-75
-31,-124,-86,82,6,-100,35,50,-16,-81,-97,-106
-36,-96,-68,44,29,-101,47,41,-31,-86,-120,-79
-56,-124,-93,62,1,-84,57,65,-32,-107,-104,-64
-57,-104,-85,73,11,-80,78,30,-38,-89,-91,-83
-27,-99,-72,78,19,-91,58,58,-34,-68,-92,-75
-51,-116,-73,88,30,-82,62,54,-46,-79,-105,-89
-31,-112,-87,66,15,-84,60,40,-30,-80,-125,-84
-37,-104,-77,59,18,-114,53,37,-30,-69,-84,-62
-23,-115,-64,91,30,-78,78,44,-58,-88,-101,-75
2,-110,-58,71,40,-110,74,18,-29,-80,-93,-62
-19,-113,-63,86,15,-88,48,50,-49,-97,-91,-48
-57,-129,-73,79,19,-109,66,30,-29,-96,-106,-87
-42,-109,-78,63,10,-86,64,48,-35,-91,-111,-73
-59,-122,-68,79,12,-84,44,59,-48,-82,-95,-105
-28,-97,-80,68,10,-87,59,35,-27,-96,-101,-87
-51,-121,-57,66,28,-71,45,43,-49,-101,-111,-96
-37,-98,-78,103,35,-98,56,52,-31,-94,-96,-89
-29,-118,-75,86,16,-87,68,54,-47,-93,-89,-72
-51,-100,-58,84,0,-93,77,39,-14,-91,-85,-74
-41,-108,-67,97,5,-100,76,31,-29,-69,-74,-65
-48,-112,-66,86,23,-74,44,35,-22,-83,-61,-81
-1,-108,-61,69,7,-93,47,35,-28,-67,-110,-77
-24,-130,-52,73,27,-110,71,32,-44,-97,-98,-77
-58,-74,-91,81,26,-75,80,58,-28,-80,-101,-59
-50,-111,-68,84,17,-104,68,43,-36,-75,-91,-65
-28,-126,-85,90,15,-87,65,58,-60,-79,-102,-82
-47,-116,-76,80,30,-94,77,49,-29,-71,-95,-111
-32,-128,-58,90,28,-96,55,34,-37,-63,-90,-81
-23,-115,-68,85,33,-88,64,58,-27,-75,-84,-74
-41,-107,-60,82,13,-99,70,45,-30,-70,-90,-57
-33,-105,-68,55,16,-60,33,29,-38,-98,-71,-67
-47,-99,-50,51,24,-75,53,30,-49,-95,-106,-61
-47,-114,-81,72,14,-73,65,51,-21,-72,-105,-75
-38,-123,-58,59,16,-111,53,11,-28,-57,-95,-80
-44,-94,-63,65,18,-110,38,39,-39,-59,-97,-70
-24,-91,-73,84,-7,-75,50,29,-56,-69,-73,-85
-30,-88,-87,46,-4,-81,48,13,-4,-68,-80,-55
-19,-85,-61,60,1,-69,18,33,-30,-71,-70,-65
-49,-91,-66,70,21,-80,28,38,-21,-75,-92,-79
-21,-61,-55,56,25,-68,62,26,-6,-64,-76,-60
-27,-68,-51,49,17,-68,32,31,-22,-53,-52,-47
-26,-64,-53,44,-1,-67,29,34,-1,-53,-64,-60
-24,-73,-45,47,20,-82,37,27,-3,-62,-62,-63
-25,-59,-23,74,18,-46,52,10,-7,-46,-69,-61
-27,-69,-32,29,14,-63,6,36,13,-49,-57,-42
-12,-65,-34,30,-11,-41,37,19,-25,-48,-58,-46
-19,-51,-23,34,-4,-37,30,-6,-20,-42,-53,-45
-31,-19,-1,3,14,-60,17,34,-5,-13,-37,-28
-12,-44,-28,24,18,-39,31,9,-15,-37,-26,-16
2,-10,-44,5,12,-30,21,2,-25,-17,-1,-28
-6,-9,-18,10,8,1,6,0,-7,14,-27,-21
-14,3,-21,22,-4,-5,-13,2,19,17,0,20
-9,2,12,13,12,26,-23,-4,6,-13,4,-1
8,15,22,-6,-2,19,-11,-1,-8,16,14,-4
9,19,14,-25,3,0,-6,0,-5,6,23,12
-19,43,41,-35,21,35,-34,-33,-5,31,36,22
17,59,12,-30,-12,40,-19,-37,28,57,34,37
39,62,48,-52,8,54,-18,-26,5,52,41,32
-10,55,46,-54,-19,48,-37,-18,22,70,80,53
37,95,33,-69,-6,76,-47,-28,31,37,84,66
39,85,82,-49,-15,55,-61,-42,30,70,80,45
48,85,60,-65,-3,88,-44,-37,30,72,55,69
62,101,76,-83,-29,71,-52,-46,30,81,91,61
57,143,76,-83,-8,90,-72,-53,43,103,117,68
74,135,73,-94,-28,117,-68,-63,57,101,108,84
57,132,82,-93,-16,117,-52,-59,58,110,112,92
83,142,123,-91,-17,132,-84,-65,46,121,133,141
51,157,101,-117,-46,134,-88,-63,67,118,167,106
44,174,116,-118,-39,151,-85,-82,53,105,155,121
61,160,109,-138,-46,129,-110,-61,58,129,169,134
62,186,116,-119,-23,120,-105,-84,69,138,159,125
69,165,113,-125,-20,147,-112,-70,70,139,152,133
64,190,100,-107,-29,149,-82,-83,48,118,181,133
52,178,111,-107,-38,156,-112,-54,56,153,167,148
63,190,142,-123,-27,141,-107,-67,71,136,177,128
60,182,129,-122,-45,144,-91,-61,65,140,169,135
49,175,103,-146,-34,155,-122,-73,47,137,177,142
63,180,113,-130,-23,159,-97,-66,24,145,169,130
75,190,109,-123,-27,139,-119,-70,48,126,155,114
38,175,130,-123,-34,124,-99,-61,49,135,130,111
56,169,119,-110,-15,130,-76,-67,56,120,160,146
54,155,93,-111,-11,115,-99,-58,58,119,151,129
64,155,109,-104,-33,121,-98,-58,52,116,156,103
50,131,87,-102,-10,124,-99,-63,22,102,115,75
56,157,102,-85,-7,133,-69,-58,48,96,134,97
55,128,67,-83,-23,94,-70,-55,46,101,93,100
28,148,85,-75,-6,90,-72,-55,56,78,82,86
42,110,87,-90,11,103,-52,-51,17,101,121,80
40,103,66,-60,-20,105,-50,-30,16,66,97,62
29,92,80,-68,-13,64,-35,-51,56,75,60,55
25,95,54,-50,-18,93,-47,-20,37,68,67,56
28,66,25,-44,-7,50,-29,-15,32,28,62,46
16,76,62,-33,-23,33,-49,-36,32,26,55,39
18,30,31,-46,-5,38,-20,4,37,-2,24,39
38,43,0,-27,25,23,-9,-18,14,38,31,29
7,22,49,-24,13,-6,1,7,24,15,16,7
1,45,-13,3,17,13,-4,-32,8,20,35,2
-7,1,3,-4,0,-6,17,-7,13,-18,-2,-14
0,2,-18,-26,1,-13,13,11,7,-8,-24,-9
-12,-6,-16,7,6,-15,14,9,-11,-17,-15,-9
-5,-25,-25,0,14,-24,2,-15,26,-2,-23,-19
-39,-42,-26,16,14,-12,28,1,-10,-23,-30,-13
-14,-49,-40,33,22,-20,24,24,4,-33,-41,-27
-31,-40,-50,46,12,-29,11,11,-18,-25,-40,-19
-25,-52,-28,52,13,-52,28,-5,-20,-54,-48,-57
-3,-69,-38,23,11,-28,22,32,-28,-49,-83,-58
-22,-92,-63,36,-2,-40,38,60,-30,-54,-61,-30
7,-51,-59,41,12,-59,33,25,-19,-58,-86,-58
-38,-52,-44,46,7,-64,42,20,-45,-55,-56,-67
-32,-89,-42,49,43,-78,42,27,-33,-52,-82,-65
-63,-115,-39,48,16,-54,62,31,-30,-55,-85,-57
-38,-88,-55,48,24,-63,57,38,-29,-45,-79,-51
-40,-89,-76,78,-19,-80,55,43,-20,-81,-91,-52
-24,-105,-58,58,-3,-99,57,23,-20,-64,-98,-70
-42,-102,-47,91,5,-89,49,42,-49,-79,-95,-82
-39,-113,-73,75,36,-103,42,47,-48,-99,-109,-95
-47,-123,-90,93,44,-126,74,66,-17,-108,-101,-78
-70,-146,-89,85,18,-130,79,78,-55,-118,-106,-92
-55,-135,-97,115,31,-128,112,33,-52,-123,-131,-96
-58,-163,-105,112,3,-154,100,83,-64,-119,-182,-118
-64,-194,-107,120,30,-163,95,79,-65,-163,-170,-124
-70,-204,-149,145,42,-186,116,65,-55,-174,-178,-128
-92,-231,-127,148,62,-177,129,80,-85,-154,-203,-167
-89,-243,-166,155,18,-177,158,104,-75,-170,-220,-164
-94,-264,-170,166,32,-221,159,107,-71,-204,-240,-160
-90,-239,-169,186,38,-232,157,103,-68,-210,-251,-197
-118,-268,-169,199,38,-222,155,119,-99,-227,-255,-195
-109,-303,-219,176,58,-250,160,107,-109,-217,-271,-204
-99,-279,-167,189,62,-217,160,127,-98,-203,-242,-182
-79,-269,-174,180,19,-221,142,105,-64,-186,-235,-184
-78,-243,-129,161,19,-179,144,80,-43,-154,-203,-149
-55,-187,-132,113,12,-143,85,50,-54,-117,-153,-152
-48,-106,-91,71,36,-84,84,24,-34,-102,-115,-76
-13,-50,-40,31,10,-55,28,21,-16,-36,-31,-29
9,34,31,-20,-21,25,-24,-24,19,38,44,11
53,135,84,-86,-2,130,-69,-63,24,98,115,91
91,249,152,-172,-42,190,-137,-94,63,159,224,168
140,345,236,-240,-53,288,-194,-159,104,282,335,259
179,475,297,-333,-85,389,-278,-185,135,347,438,336
197,597,399,-412,-110,509,-334,-239,206,450,537,407
247,729,470,-482,-106,601,-385,-276,230,550,636,513
281,830,541,-577,-127,688,-456,-321,287,617,748,578
328,934,603,-623,-121,781,-516,-368,287,689,820,645
325,1008,640,-679,-145,813,-549,-420,289,727,883,699
389,1033,674,-723,-162,864,-570,-407,318,780,916,732
400,1091,689,-712,-147,877,-597,-424,310,806,960,748
365,1060,691,-705,-172,875,-565,-429,333,799,956,721
359,1012,659,-665,-168,841,-540,-383,308,743,912,708
337,938,607,-639,-139,772,-505,-397,266,718,834,642
275,836,564,-567,-141,704,-487,-358,241,643,778,584
274,741,464,-482,-131,629,-421,-300,208,568,672,535
207,628,392,-395,-106,517,-338,-252,201,446,558,421
160,477,292,-317,-70,426,-257,-189,159,376,433,333
124,352,232,-248,-63,283,-199,-151,93,261,331,246
74,209,145,-149,-38,184,-136,-98,70,172,177,148
20,82,47,-50,-11,91,-67,-30,25,64,105,71
-9,-6,-21,-19,-10,1,7,20,7,-20,-23,-6
-24,-112,-59,81,2,-84,51,44,-36,-87,-85,-73
-80,-187,-113,127,19,-145,128,100,-52,-146,-164,-160
-88,-267,-181,175,39,-220,126,116,-89,-194,-223,-173
-114,-309,-215,214,60,-239,151,124,-106,-253,-290,-211
-117,-339,-236,224,53,-279,181,135,-121,-247,-304,-252
-139,-354,-223,259,25,-299,216,136,-113,-269,-330,-258
-145,-369,-241,249,50,-300,209,142,-120,-266,-355,-291
-124,-362,-262,237,68,-303,209,137,-128,-258,-330,-274
-141,-340,-262,240,45,-287,193,143,-106,-285,-316,-241
-113,-356,-213,218,68,-283,193,147,-84,-252,-290,-236
-101,-321,-197,214,38,-268,188,111,-88,-227,-289,-220
-112,-306,-192,203,40,-245,148,102,-94,-235,-267,-191
-87,-267,-166,175,23,-204,142,114,-53,-202,-246,-187
-94,-247,-153,164,30,-196,137,108,-72,-175,-222,-181
-56,-204,-134,138,27,-177,124,90,-69,-178,-210,-130
-54,-195,-122,119,15,-164,105,80,-47,-156,-167,-111
-59,-172,-108,129,22,-122,91,65,-53,-137,-135,-89
-46,-129,-95,98,27,-141,93,64,-31,-120,-143,-93
-47,-155,-78,86,13,-122,77,69,-40,-116,-118,-75
-66,-118,-69,81,17,-101,77,57,-42,-99,-106,-79
-28,-120,-83,63,13,-101,67,50,-39,-94,-99,-76
-29,-138,-63,71,9,-83,48,55,-32,-72,-118,-112
-44,-74,-82,83,22,-62,35,38,-21,-83,-89,-89
-49,-94,-59,73,-10,-74,59,52,-35,-57,-77,-72
-28,-72,-60,67,15,-64,41,45,-31,-81,-74,-76
-64,-101,-79,57,4,-57,31,19,-26,-68,-83,-87
-20,-91,-51,54,27,-54,41,22,-33,-74,-56,-71
-31,-95,-53,59,15,-52,63,42,-20,-70,-71,-64
-34,-98,-58,59,14,-81,51,56,-35,-49,-38,-49
-30,-52,-56,54,11,-70,57,26,-31,-82,-59,-73
-27,-65,-59,59,18,-64,70,31,-4,-48,-62,-47
-15,-68,-40,29,26,-55,31,10,-13,-39,-72,-51
-8,-50,-26,58,24,-56,28,36,-16,-46,-73,-35
-34,-70,-41,35,7,-55,10,16,-20,-34,-46,-32
-16,-77,-46,53,21,-18,20,11,-16,-21,-54,-41
-2,-68,-28,60,9,-42,30,10,-13,-38,-48,-55
-12,-64,-57,42,13,-44,29,26,-10,-36,-42,-29
-18,-23,-39,36,2,-6,26,0,-13,-33,-60,-30
-12,-14,-8,25,13,-27,20,19,-4,-2,-19,-24
-14,-36,-24,14,6,-31,29,17,-9,-26,-33,-32
-11,-31,-14,22,-18,-11,24,32,-20,-21,-17,-25
0,-30,-9,7,-7,0,0,17,1,-8,0,-20
-4,-45,-31,15,15,-17,9,-5,23,-10,-12,-8
-18,-16,-10,3,10,-14,-10,2,3,0,-24,-26
-9,-4,-9,-4,-9,2,-5,9,-17,-6,-4,-17
8,5,6,-9,17,14,-11,-18,-7,-1,25,-4
8,8,22,-1,-7,25,9,29,-16,-9,12,25
-3,14,20,0,8,25,-5,-26,21,5,20,4
4,26,20,-23,-14,37,-36,-2,-7,22,13,23
-7,29,26,-39,4,11,-24,-6,13,56,35,10
-7,35,31,-37,-14,58,-20,-24,-9,37,37,31
13,73,46,-50,-11,66,-22,-45,18,40,45,39
20,38,42,-21,-5,52,-29,-43,22,40,60,45
-5,85,49,-38,-6,63,-26,-29,10,46,62,35
21,82,61,-55,-25,83,-35,-49,13,73,91,53
35,112,56,-49,10,62,-52,-29,26,70,86,82
43,113,50,-46,-25,101,-49,-59,29,66,114,84
34,109,81,-60,-21,83,-62,-44,41,79,111,76
53,117,85,-105,-21,96,-49,-44,45,86,123,93
49,143,80,-72,-14,112,-55,-34,46,95,128,84
49,149,70,-86,4,102,-89,-58,54,119,123,119
40,131,92,-74,-19,141,-66,-67,47,83,131,91
70,164,109,-129,-8,115,-99,-59,64,108,157,140
71,181,83,-128,-16,147,-113,-86,19,152,157,126
82,193,113,-142,-34,160,-106,-66,53,135,170,146
68,215,126,-119,-18,165,-108,-83,64,150,176,153
60,218,137,-144,-27,173,-119,-80,70,142,193,146
78,257,134,-127,-29,176,-101,-84,74,156,207,157
68,245,144,-150,-38,205,-123,-77,69,174,207,171
93,256,167,-182,-11,232,-127,-82,76,170,228,163
100,262,175,-187,-42,199,-138,-102,71,179,213,191
100,269,134,-157,-57,233,-156,-93,82,190,247,178
100,292,172,-184,-22,242,-145,-99,97,193,241,193
92,264,176,-201,-53,238,-131,-109,72,207,243,199
75,302,193,-190,-44,229,-168,-116,79,201,262,184
82,307,202,-177,-48,237,-167,-115,84,221,261,200
109,289,198,-210,-30,279,-178,-100,96,198,275,202
113,291,214,-221,-60,240,-157,-124,59,212,276,207
122,320,219,-201,-27,251,-192,-115,81,244,303,205
112,329,224,-202,-36,288,-180,-132,116,236,285,233
121,337,197,-211,-40,280,-176,-137,87,245,287,220
107,341,202,-228,-36,287,-175,-130,84,250,284,221
142,307,210,-224,-41,277,-170,-155,91,253,290,232
115,341,223,-217,-43,296,-182,-135,89,245,308,243
103,329,234,-247,-33,270,-194,-132,103,265,318,241
115,333,217,-237,-48,290,-184,-144,117,242,309,249
113,330,209,-225,-51,260,-184,-140,95,265,307,235
139,331,222,-218,-40,278,-190,-129,103,259,290,258
100,359,213,-225,-48,276,-185,-144,135,247,312,235
128,345,228,-224,-43,293,-188,-134,87,260,321,237
116,343,206,-224,-54,293,-224,-137,94,252,312,229
109,328,225,-228,-46,290,-200,-131,85,252,290,198
120,338,209,-226,-67,254,-196,-135,95,234,304,220
134,339,212,-211,-53,265,-183,-133,87,207,292,233
80,315,206,-210,-59,267,-201,-112,107,253,291,215
115,307,219,-216,-43,248,-148,-113,76,236,282,232
93,301,206,-215,-46,247,-175,-129,80,224,259,212
105,271,202,-195,-60,249,-161,-110,96,210,288,201
97,298,202,-181,-36,252,-180,-128,81,223,259,189
111,263,175,-185,-48,224,-136,-104,87,187,270,194
102,288,177,-183,-46,234,-144,-113,66,198,265,180
109,252,180,-184,-18,202,-153,-103,71,207,237,186
78,254,168,-166,-42,234,-157,-102,90,211,219,174
83,250,175,-166,-41,209,-157,-112,68,181,232,177
102,256,165,-159,-54,228,-119,-91,83,172,210,157
90,226,143,-171,-31,190,-114,-108,59,194,202,161
77,216,137,-156,-9,181,-122,-81,74,165,212,143
59,190,124,-141,-21,175,-117,-84,66,155,187,147
72,202,137,-136,-15,162,-128,-84,61,169,177,154
61,206,127,-124,-26,171,-81,-84,35,147,168,130
56,174,124,-123,-17,145,-84,-65,67,148,159,121
64,165,109,-109,-20,139,-93,-76,66,127,153,122
49,154,76,-111,-27,138,-71,-64,50,138,139,113
53,140,84,-91,-11,108,-78,-59,34,106,138,96
58,139,90,-59,-18,115,-69,-35,22,90,121,105
55,92,104,-95,-7,112,-74,-48,27,88,100,96
30,103,81,-61,-34,105,-63,-48,35,99,106,96
31,110,79,-71,-34,75,-58,-53,33,62,99,49
39,102,47,-44,10,58,-85,-36,28,48,71,58
23,54,79,-83,7,67,-8,-43,11,36,63,43
2,61,46,-37,-27,51,-26,-29,26,55,60,44
2,64,41,-43,3,59,-48,-19,14,49,45,49
28,39,23,-35,-11,35,-31,-26,-4,36,60,24
16,29,38,-18,4,35,-44,2,13,44,22,10
8,32,15,-37,16,1,3,-1,11,13,15,27
8,-9,19,1,7,12,-6,0,10,14,10,22
20,4,-7,9,-1,-11,-12,-2,-10,7,11,14
-8,-10,-26,-12,14,2,-8,0,-29,1,1,6
2,5,-10,15,10,-4,0,-7,5,-18,-18,-13
-13,-18,-3,-3,7,17,15,10,-47,0,-13,-16
-23,-36,-8,16,2,-29,28,15,-14,-44,-32,-9
1,-32,-6,27,0,-25,19,15,-4,-19,-10,-30
-30,-45,-28,21,-9,-39,33,12,-3,-32,-34,-31
-8,-79,-27,48,2,-41,13,18,-27,7,-56,-31
-26,-60,-40,42,-3,-52,21,14,5,-33,-49,-46
-18,-55,-33,44,-6,-44,29,22,-12,-30,-52,-50
-33,-59,-36,42,12,-47,46,20,-32,-49,-60,-46
-36,-69,-28,42,26,-60,59,29,-5,-66,-71,-56
-72,-83,-36,64,2,-48,34,35,-13,-68,-71,-55
-45,-84,-66,60,4,-48,44,35,-43,-70,-73,-54
-21,-96,-47,61,20,-72,49,26,-21,-78,-83,-54
-52,-90,-74,76,17,-90,51,25,-24,-80,-87,-50
-45,-99,-56,56,-2,-79,71,27,-46,-82,-91,-68
-45,-99,-67,88,27,-74,47,54,-29,-71,-97,-73
-34,-90,-51,62,23,-76,57,42,-25,-83,-93,-61
-44,-93,-68,83,12,-90,56,31,-26,-84,-103,-71
-44,-112,-39,75,37,-105,42,46,-33,-89,-111,-68
-48,-118,-93,74,19,-89,56,54,-38,-96,-114,-88
-53,-97,-84,79,-4,-93,53,44,-35,-94,-83,-69
-46,-103,-62,62,6,-79,54,44,-21,-121,-81,-70
-23,-124,-88,61,24,-90,54,77,-21,-80,-108,-91
-46,-126,-73,69,26,-83,58,35,-51,-95,-94,-78
-52,-123,-84,114,44,-94,79,63,-65,-84,-126,-79
-35,-125,-74,94,24,-96,60,58,-34,-89,-113,-98
-34,-137,-59,98,16,-82,46,50,-32,-81,-126,-94
-29,-121,-65,96,8,-98,80,57,-39,-108,-94,-91
-26,-124,-83,82,4,-92,63,35,-43,-114,-111,-90
-47,-114,-77,87,17,-102,76,54,-42,-105,-131,-84
-34,-133,-67,69,33,-115,77,63,-40,-76,-99,-94
-50,-147,-90,76,10,-107,73,61,-52,-99,-105,-87
-50,-134,-96,88,6,-110,70,36,-57,-78,-108,-66
-52,-119,-88,88,15,-120,78,41,-34,-98,-125,-58
-58,-144,-83,75,23,-134,77,70,-26,-97,-92,-75
-34,-121,-91,93,39,-99,58,44,-44,-108,-121,-96
-47,-137,-82,110,9,-104,82,57,-32,-116,-119,-74
-25,-112,-80,92,0,-126,79,65,-44,-79,-113,-101
-31,-129,-48,85,33,-91,77,54,-48,-97,-130,-102
-67,-137,-87,101,15,-112,84,42,-53,-87,-126,-80
-57,-132,-83,95,9,-125,75,50,-40,-92,-105,-100
-32,-143,-63,100,10,-101,100,61,-34,-82,-124,-78
-36,-129,-78,84,13,-100,84,42,-12,-108,-93,-91
-64,-98,-86,88,21,-100,79,56,-46,-108,-140,-92
-58,-140,-93,82,1,-136,83,67,-30,-75,-136,-81
-43,-137,-90,106,34,-112,70,36,-32,-90,-107,-93
-61,-141,-89,98,22,-115,78,53,-29,-99,-97,-83
-54,-132,-91,101,35,-124,68,50,-49,-114,-147,-88
-47,-121,-79,102,18,-101,72,60,-48,-94,-143,-97
-54,-119,-76,83,25,-122,60,64,-30,-90,-145,-84
-70,-118,-75,98,21,-107,83,72,-67,-119,-122,-97
-34,-124,-82,82,9,-102,72,60,-36,-123,-126,-96
-42,-131,-91,100,35,-108,55,33,-29,-94,-115,-105
-36,-150,-75,86,27,-98,82,50,-55,-103,-108,-89
-37,-127,-85,100,-2,-79,66,45,-45,-107,-112,-94
-48,-113,-103,99,19,-121,70,37,1,-109,-116,-82
-67,-106,-103,52,18,-110,74,50,-54,-101,-116,-95
-51,-132,-96,73,36,-109,80,63,-23,-95,-118,-91
-38,-115,-90,93,10,-119,66,54,-45,-108,-116,-87
-60,-140,-76,93,23,-122,62,22,-48,-82,-133,-87
-34,-112,-84,78,21,-120,83,51,-34,-99,-106,-93
-32,-129,-81,83,5,-101,76,44,-51,-78,-115,-103
-61,-115,-90,76,10,-124,63,59,-47,-105,-128,-92
-46,-145,-88,76,8,-102,67,60,-43,-121,-126,-99
-48,-135,-81,108,37,-95,74,41,-24,-109,-108,-74
-40,-133,-72,81,12,-127,72,41,-34,-91,-123,-90
-37,-140,-84,88,15,-98,90,48,-49,-113,-96,-84
-37,-106,-87,67,2,-115,56,28,-41,-87,-116,-105
-59,-121,-92,79,10,-108,63,29,-44,-94,-103,-95
-43,-100,-91,93,31,-88,73,37,-27,-96,-105,-102
-47,-124,-75,73,13,-106,65,40,-36,-87,-113,-90
-28,-117,-91,65,45,-114,62,44,-30,-94,-83,-71
-63,-122,-64,72,12,-92,72,64,-32,-80,-114,-75
-48,-116,-55,72,24,-72,60,37,-41,-105,-112,-60
-26,-105,-43,78,15,-97,67,48,-26,-95,-97,-74
-43,-113,-56,63,0,-91,48,37,-28,-72,-90,-94
-35,-99,-78,82,6,-58,60,61,-31,-78,-75,-55
1,-105,-56,67,8,-72,54,31,-35,-76,-67,-46
-49,-81,-71,53,9,-67,54,45,-31,-60,-95,-45
-25,-83,-65,66,48,-72,49,42,-11,-51,-88,-42
-32,-64,-57,73,9,-55,20,10,-29,-51,-75,-85
-27,-65,-59,66,25,-70,37,35,-32,-56,-66,-66
-51,-76,-29,53,18,-68,30,45,-27,-77,-67,-48
-24,-48,-57,27,10,-48,24,56,-11,-33,-50,-63
-26,-49,-49,30,30,-60,37,10,-13,-41,-41,-29
-34,-48,-15,34,-17,-36,31,11,-6,-31,-42,-54
-7,-32,-43,16,-26,-31,-9,-6,-33,-31,-45,-25
-34,-29,-8,38,7,-30,21,-17,-11,-14,-47,-20
-1,-28,-17,12,4,-17,34,11,0,-13,-41,-13
-5,3,-14,6,-3,-16,-13,18,13,-26,-15,3
-3,-16,24,-9,9,3,18,-15,17,-9,12,-12
4,6,9,-10,-35,7,-8,-10,-10,-10,19,1
8,35,-18,-33,16,22,-15,-14,-5,32,15,10
23,39,6,-23,-24,24,-9,2,-3,22,33,1
10,60,43,-27,19,33,-33,-19,29,38,19,48
23,63,20,-47,2,44,-26,-22,21,43,50,21
17,70,53,-54,0,42,-29,-26,17,44,57,43
22,58,52,-31,-1,57,-28,-23,3,34,59,55
39,83,22,-82,-19,58,-23,-25,56,63,59,55
32,96,44,-63,7,92,-64,-30,9,91,96,64
39,103,67,-59,-21,94,-56,-33,39,77,111,71
40,127,77,-56,-19,106,-71,-70,37,82,122,87
51,123,69,-68,-8,101,-45,-83,28,84,114,73
62,125,98,-64,-24,117,-87,-34,66,113,121,104
50,145,102,-86,-30,110,-74,-77,53,108,116,83
40,158,107,-87,-19,133,-99,-69,34,132,119,105
56,138,95,-105,-38,120,-68,-75,36,122,113,111
42,135,110,-104,-4,140,-102,-50,60,110,145,127
48,174,102,-107,-9,124,-102,-77,61,112,128,112
43,142,106,-96,-28,141,-72,-77,66,140,138,118
44,172,90,-94,-11,132,-98,-70,57,133,127,94
62,141,122,-121,-24,138,-99,-61,39,125,138,108
45,144,89,-116,-8,109,-85,-71,38,115,155,115
55,144,96,-103,-38,120,-71,-66,63,121,158,91
44,152,93,-101,-52,108,-54,-55,37,141,123,103
68,149,90,-95,-26,107,-78,-61,32,106,132,103
75,136,88,-85,-2,119,-88,-75,48,122,133,97
30,133,82,-92,-25,102,-74,-45,43,115,123,104
34,119,72,-82,-20,90,-70,-46,38,94,100,77
28,121,75,-83,-26,112,-61,-34,40,90,124,100
49,103,86,-64,-35,111,-73,-46,32,103,87,105
21,104,64,-77,0,73,-55,-48,42,66,102,82
9,110,53,-67,-18,51,-40,-38,20,49,83,68
39,102,19,-53,-20,65,-37,-28,13,61,94,68
34,77,43,-48,-25,52,-46,-40,25,56,72,69
10,51,28,-42,-11,59,-46,-21,24,56,43,40
17,36,47,-37,-23,39,-3,-22,5,39,53,51
11,48,26,-12,0,21,-20,-20,1,22,16,41
22,12,13,-27,-7,20,-13,1,1,31,33,23
-8,32,-1,21,-24,4,-6,-13,-6,0,9,5
6,-16,14,3,2,10,3,-4,-10,-16,16,-4
-24,1,20,9,7,13,-3,-8,-22,2,-21,-22
-20,-29,0,-1,13,-14,28,19,2,-10,-7,-12
-12,-23,-33,38,1,-34,26,12,0,-7,-22,-7
-21,-37,-32,-6,18,-25,18,27,3,-32,-42,-26
2,-47,-29,40,-3,-28,43,20,-2,-51,-40,-29
-23,-46,-27,33,28,-45,29,37,-12,-36,-68,-41
-22,-78,-31,38,4,-48,44,38,-11,-21,-68,-52
-14,-55,-47,43,7,-33,25,32,-34,-57,-49,-38
-7,-84,-45,70,-10,-38,19,17,-4,-73,-69,-49
-22,-89,-57,45,5,-70,57,41,-6,-48,-91,-76
-10,-111,-42,49,5,-76,39,41,-38,-60,-74,-62
-33,-108,-72,57,28,-57,41,44,-26,-56,-90,-70
-32,-91,-80,67,-1,-80,69,33,-49,-87,-80,-50
-27,-100,-68,78,6,-73,61,34,-32,-72,-90,-51
-48,-126,-75,71,1,-68,63,49,-31,-65,-97,-77
-18,-101,-64,61,8,-79,57,37,-36,-94,-83,-101
-41,-103,-65,78,2,-87,88,60,-18,-78,-105,-75
-51,-113,-73,67,18,-100,64,47,-39,-84,-90,-84
-34,-114,-100,69,24,-107,57,38,-60,-91,-109,-62
-62,-123,-75,92,16,-128,64,60,-56,-97,-100,-98
-65,-160,-86,103,14,-121,91,53,-54,-101,-117,-80
-50,-167,-103,99,32,-137,105,57,-29,-112,-151,-85
-67,-185,-112,126,28,-133,122,68,-54,-141,-170,-121
-61,-193,-125,120,39,-147,107,53,-57,-170,-160,-138
-56,-211,-126,134,42,-171,118,99,-64,-153,-199,-153
-83,-226,-139,159,35,-195,136,86,-56,-165,-202,-161
-75,-256,-156,165,16,-219,111,79,-57,-179,-237,-163
-97,-276,-176,188,43,-224,123,90,-79,-196,-232,-179
-94,-280,-197,204,38,-209,156,108,-80,-205,-266,-199
-87,-298,-186,187,53,-241,159,124,-78,-207,-266,-209
-118,-281,-180,196,47,-238,174,126,-116,-222,-282,-217
-93,-285,-198,205,47,-250,163,111,-98,-211,-254,-195
-97,-300,-206,183,66,-227,156,114,-93,-223,-270,-208
-68,-283,-175,189,48,-226,160,116,-105,-203,-264,-190
-86,-245,-154,158,27,-199,127,106,-46,-183,-226,-171
-65,-229,-134,166,27,-179,115,89,-66,-147,-185,-153
-52,-142,-99,114,37,-137,102,58,-39,-92,-141,-119
-9,-93,-59,54,3,-93,49,53,-11,-63,-85,-62
13,-1,-6,3,0,-23,17,27,-6,3,15,-3
28,103,78,-74,-9,90,-54,-45,5,89,79,81
63,216,137,-137,-24,176,-121,-76,49,126,171,136
112,331,216,-215,-39,253,-174,-124,107,218,273,245
163,427,290,-302,-84,355,-238,-165,133,329,392,298
198,549,351,-387,-89,460,-305,-228,155,397,495,394
248,682,450,-448,-107,577,-361,-267,213,508,626,494
295,774,510,-530,-142,662,-419,-315,230,598,707,559
312,883,582,-623,-129,732,-484,-368,272,667,817,608
347,965,615,-665,-142,810,-529,-361,287,728,895,661
341,1017,660,-699,-161,824,-557,-397,305,761,902,711
369,1029,651,-696,-164,861,-577,-414,297,771,926,712
355,1005,656,-692,-148,850,-560,-416,324,773,930,691
339,975,635,-657,-142,796,-528,-370,303,736,865,688
301,902,582,-612,-139,745,-485,-367,274,682,800,645
273,788,506,-558,-113,641,-438,-325,248,596,715,572
227,688,471,-484,-106,575,-375,-247,201,530,625,473
201,566,353,-371,-79,462,-294,-231,191,423,518,389
127,417,297,-292,-61,352,-247,-162,135,314,391,286
113,292,227,-212,-37,245,-155,-106,89,226,264,212
62,156,90,-130,-33,155,-89,-57,49,113,152,113
36,41,14,-46,-4,40,-34,-15,9,53,32,19
-3,-58,-38,21,25,-59,23,19,-12,-44,-56,-27
-36,-149,-96,92,7,-111,73,63,-55,-103,-146,-102
-84,-234,-151,164,26,-181,115,86,-63,-163,-197,-160
-92,-258,-196,188,32,-222,162,120,-95,-228,-247,-178
-87,-325,-248,233,35,-283,184,136,-101,-226,-290,-223
-125,-341,-236,238,47,-309,182,111,-100,-268,-322,-262
-144,-372,-206,244,55,-293,200,155,-109,-294,-332,-253
-154,-372,-228,247,56,-320,197,154,-116,-270,-340,-248
-129,-370,-231,250,59,-306,201,159,-97,-266,-339,-242
-130,-344,-213,222,63,-295,159,153,-96,-259,-309,-245
-100,-335,-186,192,42,-261,182,140,-106,-237,-298,-224
-92,-282,-185,214,46,-249,161,125,-98,-221,-272,-206
-96,-271,-181,194,43,-234,167,112,-75,-196,-267,-179
-91,-247,-181,171,21,-193,145,86,-98,-203,-215,-170
-92,-213,-163,139,51,-207,150,106,-84,-158,-210,-149
-80,-187,-129,145,34,-180,127,67,-83,-163,-187,-144
-60,-166,-120,102,14,-122,84,66,-63,-126,-166,-138
-45,-157,-100,108,16,-161,120,72,-45,-126,-135,-103
-48,-143,-110,109,46,-126,64,67,-45,-100,-122,-81
-56,-144,-83,85,30,-112,61,31,-41,-116,-122,-84
-48,-117,-73,93,-3,-92,73,58,-26,-92,-117,-91
-32,-119,-94,51,5,-90,67,61,-57,-65,-93,-76
-36,-99,-68,61,18,-82,50,59,-32,-73,-89,-66
-25,-107,-60,56,23,-97,39,27,-1,-59,-111,-70
-13,-96,-62,65,12,-88,59,56,-20,-66,-108,-72
-35,-79,-83,82,34,-73,57,17,-39,-79,-90,-59
-31,-76,-52,63,14,-57,41,39,-25,-65,-78,-49
-15,-98,-29,67,34,-71,45,46,-16,-57,-71,-64
-34,-80,-57,45,18,-43,60,40,-13,-56,-78,-63
-6,-71,-44,46,16,-52,47,35,-23,-55,-65,-41
-32,-61,-54,51,-4,-66,7,30,-40,-55,-67,-33
-45,-56,-62,52,18,-32,36,4,-8,-42,-49,-5
-33,-60,-49,57,0,-45,37,19,-16,-52,-57,-42
-13,-76,-23,26,-7,-60,39,10,-18,-48,-52,-35
-40,-64,-38,38,-4,-30,29,21,9,-47,-49,-42
-18,-67,-50,47,-17,-58,6,27,-11,-28,-28,-42
-17,-46,-41,32,-4,-39,24,5,-23,-43,-47,-30
2,-56,-30,29,7,-44,21,24,-33,-29,-37,-13
6,-41,-8,31,9,-24,17,17,-2,-26,-27,-14
-9,-24,-14,7,5,-22,21,0,2,-13,-36,-37
-21,-13,-16,2,9,5,14,-2,8,-18,-35,-17
-10,-29,-22,20,0,-10,15,2,0,-19,5,-4
-2,8,-8,1,2,-40,9,-8,-11,-6,-41,-10
-14,-10,-5,18,5,-21,6,-19,7,-23,-10,4
-20,1,8,7,23,0,-19,-6,3,16,16,-2
2,-5,-9,-10,6,-7,-11,-13,19,12,32,6
12,17,10,-28,-21,28,-9,3,-10,34,13,18
5,28,19,-20,-1,9,-11,-10,2,20,39,29
33,29,29,-22,-14,35,-33,4,14,16,33,37
10,45,35,-37,19,30,-25,-32,21,41,41,35
3,50,24,-32,2,40,-22,-19,8,42,26,30
17,55,31,-39,-9,43,-65,-32,12,44,68,32
35,82,73,-45,7,62,-31,-44,29,40,35,48
34,83,63,-69,0,37,-34,-47,-11,64,63,66
51,100,81,-70,-23,75,-44,-41,29,72,77,68
39,88,51,-78,-20,82,-57,-48,21,83,74,71
42,104,72,-74,-13,83,-63,-35,55,94,106,79
31,119,81,-73,-13,100,-81,-31,39,93,100,92
57,123,72,-79,-23,118,-76,-86,49,97,122,86
31,149,78,-85,-11,128,-72,-74,43,105,149,106
51,175,100,-119,-17,130,-80,-67,53,109,114,109
61,166,90,-110,-16,126,-94,-40,41,139,125,125
75,188,105,-122,-14,163,-89,-58,55,130,180,107
53,179,111,-113,-32,147,-102,-68,42,136,152,142
68,207,128,-140,-18,169,-98,-88,59,144,197,129
84,206,125,-144,-26,157,-105,-61,66,153,165,136
68,225,142,-163,-38,192,-136,-101,66,167,211,139
68,246,162,-150,-32,191,-111,-74,64,188,223,163
87,262,148,-181,-29,199,-121,-99,64,186,195,149
94,232,149,-174,-30,197,-123,-113,72,200,223,175
82,271,177,-139,-59,205,-127,-103,90,187,260,164
86,292,168,-171,-37,223,-152,-105,96,211,225,188
96,265,172,-172,-41,220,-162,-107,101,174,227,190
104,301,193,-202,-33,227,-148,-106,62,217,264,188
93,282,174,-198,-54,241,-163,-113,107,208,250,190
106,313,208,-199,-67,259,-173,-115,78,228,248,205
113,314,194,-195,-70,256,-160,-127,76,228,292,221
116,313,204,-216,-50,258,-158,-111,86,223,288,195
124,307,233,-205,-48,256,-181,-136,91,243,299,215
98,319,205,-213,-45,280,-178,-146,103,241,286,238
117,313,223,-206,-70,277,-186,-133,113,262,287,220
117,335,225,-222,-49,287,-203,-114,72,227,287,242
118,344,230,-217,-82,285,-197,-143,99,253,289,234
136,324,206,-242,-40,268,-188,-136,114,269,298,220
113,333,215,-239,-64,270,-180,-155,104,245,301,239
125,329,224,-239,-37,276,-186,-144,92,239,310,251
112,349,225,-239,-49,292,-190,-124,105,257,304,232
140,345,188,-233,-61,287,-174,-122,102,258,317,218
133,341,219,-235,-60,298,-166,-157,105,251,308,232
92,349,227,-240,-41,286,-169,-143,90,234,287,218
127,338,214,-212,-30,282,-159,-160,116,260,272,233
116,317,208,-225,-46,273,-194,-137,107,249,281,229
105,332,199,-213,-51,265,-186,-114,106,248,286,238
127,320,201,-219,-62,282,-196,-129,96,266,259,236
118,321,211,-217,-37,287,-167,-106,72,236,268,228
132,321,195,-218,-35,250,-151,-117,96,233,270,187
86,307,210,-218,-65,266,-150,-122,69,236,267,192
90,279,181,-216,-46,237,-157,-98,108,255,275,204
83,296,198,-188,-35,229,-151,-121,76,220,274,213
112,273,191,-195,-43,245,-147,-119,86,220,265,182
88,253,175,-187,-33,218,-152,-95,57,204,243,197
76,270,177,-183,-31,222,-128,-107,77,213,250,197
93,268,155,-173,-63,226,-144,-85,69,205,224,168
90,255,135,-163,-51,202,-129,-113,61,190,205,174
65,232,152,-162,-40,202,-118,-98,64,174,214,176
85,228,161,-140,-25,184,-137,-83,58,169,221,166
101,224,129,-151,-33,170,-91,-75,60,180,184,144
77,204,121,-138,-31,169,-109,-88,84,145,177,130
64,195,127,-126,-54,171,-94,-87,44,146,164,119
64,172,122,-130,-26,161,-125,-53,54,140,172,116
56,163,83,-122,-31,149,-101,-54,35,123,161,138
59,179,99,-119,-18,134,-89,-57,40,113,135,92
55,149,93,-117,-36,110,-88,-53,35,98,124,99
65,139,85,-79,-16,100,-88,-71,38,114,90,93
37,128,80,-82,-6,118,-53,-55,27,92,103,89
25,116,82,-66,-19,78,-65,-64,58,106,92,84
47,112,71,-69,-17,87,-52,-33,34,67,89,66
42,91,62,-68,-28,68,-31,-9,39,66,51,67
24,56,50,-54,-35,70,-38,-20,22,74,93,75
22,63,29,-57,-21,45,-31,-22,38,46,75,37
19,54,48,-25,-16,39,-42,-31,3,37,49,26
31,35,37,-28,-20,22,-34,-16,0,43,45,41
6,46,30,-28,-20,28,-14,-23,34,48,36,6
19,45,33,-23,0,24,-31,4,-2,16,39,18
-10,31,7,9,-15,47,-27,-15,4,28,25,31
22,21,14,-1,16,25,-6,17,-7,9,4,-6
-7,-11,27,9,-1,-6,7,4,6,31,7,16
-4,14,-21,11,15,-11,-3,-18,3,-4,-5,-3
1,-7,-13,13,14,-4,5,-7,-15,10,-13,-22
-14,-9,-12,4,14,-25,4,12,-8,-14,-35,-14
-10,-13,-27,-2,-16,-8,15,5,1,-7,-31,-27
-7,-37,-15,27,3,-4,12,15,-5,-19,-32,-5
9,-43,-19,17,7,-33,16,23,-4,-18,-46,-28
-10,-58,-14,46,-10,-45,36,19,-1,-27,-21,-35
-25,-52,-28,53,2,-40,34,42,-15,-31,-77,-31
-24,-51,-51,33,7,-56,27,35,-1,-46,-41,-32
-47,-66,-24,35,11,-52,32,15,-24,-37,-59,-47
-20,-72,-42,49,7,-55,23,38,-31,-46,-62,-32
-32,-93,-69,29,0,-63,48,32,-34,-48,-68,-41
-39,-50,-62,59,7,-46,50,17,-28,-53,-47,-41
-38,-63,-63,53,17,-73,29,35,-31,-60,-66,-57
-27,-81,-67,72,11,-59,54,34,-21,-68,-66,-50
-10,-85,-28,59,9,-72,55,43,-20,-57,-79,-55
-35,-95,-82,65,33,-84,60,24,4,-56,-96,-76
-40,-90,-69,73,3,-79,37,36,-14,-57,-63,-43
-43,-114,-48,52,20,-55,74,42,-61,-90,-72,-74
-28,-72,-72,62,11,-78,37,53,-22,-54,-80,-79
-47,-92,-64,41,20,-76,54,35,-5,-88,-79,-79
-19,-99,-49,74,20,-75,54,46,-43,-61,-78,-62
-44,-78,-41,71,-6,-99,57,42,-26,-62,-77,-72
-38,-114,-54,68,16,-76,62,32,-37,-79,-96,-92
-30,-121,-66,67,19,-86,61,64,-22,-57,-93,-96
-63,-104,-55,77,22,-89,49,23,-32,-105,-102,-75
-28,-100,-73,77,29,-112,67,52,-35,-66,-94,-49
-56,-132,-81,61,1,-98,65,27,-35,-78,-94,-79
-39,-97,-73,88,19,-94,56,38,-38,-84,-112,-72
-43,-109,-51,69,13,-102,80,23,-12,-81,-102,-71
-54,-101,-66,84,15,-82,87,53,-59,-104,-106,-82
-31,-122,-63,84,26,-91,57,20,-36,-96,-71,-86
-40,-117,-76,79,9,-88,76,28,-19,-99,-106,-70
-41,-107,-70,51,50,-109,62,55,-48,-103,-94,-101
-54,-109,-77,57,30,-93,79,40,-59,-91,-91,-71
-24,-99,-78,97,19,-125,70,60,-37,-84,-112,-75
-26,-128,-76,72,25,-94,77,43,-1,-94,-109,-64
-28,-131,-81,65,4,-88,60,53,-43,-95,-106,-86
-38,-116,-62,79,3,-109,41,43,-29,-77,-117,-83
-45,-100,-67,84,12,-89,54,47,-53,-65,-116,-81
-18,-115,-77,77,12,-115,66,64,-33,-89,-106,-80
-52,-116,-72,75,9,-94,76,55,-42,-98,-133,-93
-42,-128,-49,84,26,-98,66,45,-27,-87,-88,-85
-23,-122,-66,105,11,-92,69,57,-37,-93,-142,-80
-22,-121,-61,90,0,-103,61,40,-41,-81,-93,-104
-83,-130,-62,69,24,-99,72,54,-42,-86,-102,-71
-71,-109,-79,85,45,-95,42,46,-30,-85,-83,-55
-32,-114,-95,91,25,-92,69,32,-7,-102,-95,-98
-44,-98,-72,65,23,-69,60,34,-49,-90,-119,-83
-50,-126,-84,97,-7,-60,53,55,-11,-68,-86,-64
-45,-112,-89,74,23,-106,69,60,-36,-105,-95,-81
-58,-123,-88,77,15,-94,35,27,-38,-94,-106,-95
-39,-118,-53,80,17,-105,75,69,-27,-99,-107,-77
-48,-100,-70,72,18,-101,71,51,-23,-89,-99,-95
-43,-119,-86,91,15,-92,52,49,-44,-93,-90,-88
-32,-134,-54,97,27,-82,60,48,-24,-77,-93,-84
-39,-101,-84,75,15,-99,51,31,-34,-72,-96,-71
-55,-96,-66,88,16,-81,74,47,-43,-101,-113,-72
-37,-113,-80,88,10,-81,73,45,-29,-74,-96,-79
-37,-124,-73,79,-6,-97,90,49,-30,-80,-113,-78
-41,-107,-69,105,34,-82,55,36,-16,-63,-97,-73
-15,-93,-74,71,8,-76,73,24,-31,-90,-104,-57
-17,-116,-79,70,18,-110,43,43,-23,-70,-100,-72
-59,-110,-75,73,26,-81,50,65,-17,-76,-78,-54
-35,-114,-53,86,10,-98,67,53,-4,-70,-103,-67
-25,-98,-68,73,13,-76,44,50,-28,-62,-96,-86
-35,-104,-62,59,16,-77,77,54,-47,-66,-87,-74
-35,-111,-60,67,19,-90,67,54,-26,-81,-77,-82
-56,-92,-62,70,0,-88,47,38,-30,-64,-86,-46
-29,-86,-40,47,19,-72,48,36,-33,-65,-113,-70
-36,-85,-54,74,18,-51,59,32,-28,-68,-84,-57
-30,-92,-79,45,15,-83,40,18,-33,-60,-59,-70
-33,-73,-62,57,19,-77,47,18,-41,-67,-83,-59
-39,-68,-64,37,15,-71,48,28,-16,-65,-74,-56
-8,-68,-39,59,17,-44,37,15,-25,-81,-43,-63
-13,-69,-49,60,26,-71,51,24,-17,-43,-76,-56
-10,-66,-54,45,0,-68,48,28,-36,-54,-70,-63
-46,-54,-32,35,16,-32,36,25,-26,-28,-51,-45
-36,-50,-24,38,-4,-46,11,19,-2,-35,-40,-38
-4,-45,-40,37,3,-41,44,19,-10,-42,-53,-55
1,-39,-31,52,22,-45,36,27,5,-18,-37,-27
-11,-46,-24,49,-3,-26,11,-3,8,-26,-36,-15
-9,-43,-10,27,21,-31,-6,-4,-15,-2,-34,-36
-9,-1,-13,26,-6,-15,14,-2,-7,4,-29,-24
-11,-11,9,20,0,-1,-9,-14,-9,-17,6,2
3,0,-5,-19,-9,-21,2,1,5,9,1,7
-9,6,5,-9,6,-1,3,-8,-9,0,11,-6
24,10,-15,-9,-19,11,-18,-22,2,11,34,10
12,45,2,-13,13,32,1,-4,-5,22,24,11
-2,42,12,3,15,36,-19,-15,22,45,31,58
-4,46,31,-28,-21,54,-22,-14,26,25,61,32
16,39,40,-55,-7,61,-38,-25,10,33,65,43
6,63,63,-40,12,61,-29,-21,41,23,65,58
35,86,59,-51,-4,76,-38,-41,1,87,82,95
49,103,47,-63,-30,85,-39,-53,46,81,77,63
7,103,80,-81,5,79,-68,-30,37,99,115,100
40,110,86,-74,-23,116,-70,-33,18,78,115,63
41,88,99,-73,-21,113,-71,-39,41,98,115,84
52,139,96,-86,-12,103,-63,-52,18,133,143,96
49,131,95,-115,-35,111,-70,-56,57,97,117,102
50,136,91,-115,-29,118,-72,-67,48,123,136,117
61,157,92,-98,-21,149,-77,-68,52,125,155,107
59,164,113,-116,-28,128,-91,-95,22,124,143,128
64,191,114,-114,-42,137,-97,-64,42,123,173,116
66,153,109,-124,-30,160,-106,-85,52,141,174,125
64,198,118,-122,-32,141,-92,-82,38,131,147,147
48,177,137,-124,-53,145,-107,-79,54,128,171,134
43,182,118,-96,-21,155,-95,-63,62,104,172,127
76,158,116,-145,-21,169,-89,-70,54,121,169,120
66,175,120,-132,-29,140,-104,-51,10,144,177,132
80,189,127,-112,-7,159,-81,-71,49,120,169,114
46,164,126,-136,-48,162,-109,-64,53,140,152,125
44,162,121,-124,-24,147,-85,-49,70,139,158,132
67,165,96,-115,-19,146,-90,-46,64,132,139,107
79,170,120,-103,-19,140,-87,-39,54,119,147,124
53,139,111,-98,-18,115,-80,-58,38,104,117,119
68,149,88,-70,-17,103,-79,-47,38,115,123,129
46,139,91,-95,-8,91,-84,-59,37,99,126,92
58,127,106,-80,-38,95,-69,-58,46,71,122,90
37,105,76,-86,3,83,-52,-25,19,89,100,79
50,109,68,-70,-8,107,-58,-49,14,82,94,69
35,84,70,-71,17,60,-52,-46,36,83,95,46
49,92,40,-75,-6,70,-43,-34,35,53,66,58
25,75,63,-61,-5,45,-55,-40,15,43,70,47
34,44,57,-43,-5,61,-11,-40,29,66,45,34
28,52,25,-29,13,47,-27,-18,3,43,47,23
9,51,29,-14,3,27,-12,-17,1,40,44,43
17,32,10,-3,4,32,-20,-40,2,6,17,9
-5,33,18,-33,9,-4,-9,-12,23,14,6,17
-2,23,6,28,-12,0,-19,-2,11,27,18,19
8,17,24,16,-1,-1,-3,4,-15,4,8,-2
-8,-9,-4,9,15,-9,2,3,0,-33,-14,-13
5,-6,-18,-10,-6,-2,10,-5,11,9,-18,-17
-13,-44,-30,6,10,-10,22,-2,-4,-31,-29,3
-9,-37,-31,12,-2,-28,26,16,-12,-39,-17,-6
-32,-55,-53,28,7,-25,6,-3,5,-53,-36,-37
3,-30,-34,47,6,-16,21,33,10,-64,-44,-35
-5,-59,-20,35,6,-53,28,14,-28,-14,-47,-58
-19,-47,-37,47,5,-70,35,25,-11,-18,-52,-27
-47,-53,-20,53,7,-47,57,25,-1,-59,-29,-52
-28,-82,-32,34,30,-36,55,18,-15,-43,-46,-33
-20,-72,-40,43,18,-59,49,18,-32,-65,-57,-49
-40,-59,-68,52,6,-41,58,5,-40,-66,-66,-35
-18,-86,-61,54,12,-68,44,25,-29,-62,-96,-70
-47,-83,-57,51,9,-39,64,18,-50,-66,-68,-44
-28,-86,-30,80,27,-78,58,30,-26,-83,-112,-65
-42,-117,-63,69,5,-100,58,41,-44,-76,-66,-67
-44,-128,-61,95,2,-106,51,63,-47,-83,-98,-69
-59,-109,-81,64,26,-106,85,67,-59,-82,-107,-91
-72,-156,-124,91,20,-109,63,45,-36,-86,-109,-79
-77,-138,-120,114,17,-106,88,69,-61,-113,-139,-99
-57,-186,-110,105,36,-148,105,74,-68,-120,-142,-137
-50,-183,-121,121,22,-172,79,76,-59,-149,-181,-154
-93,-190,-116,156,39,-177,115,75,-75,-170,-184,-137
-74,-204,-149,137,30,-176,117,91,-72,-151,-199,-159
-81,-252,-159,145,36,-209,139,88,-64,-178,-203,-158
-71,-269,-161,165,40,-192,134,105,-88,-195,-217,-189
-79,-258,-170,194,31,-211,134,116,-70,-195,-231,-198
-103,-266,-179,191,25,-222,133,104,-57,-182,-253,-191
-88,-237,-174,168,25,-219,149,110,-88,-206,-232,-179
-80,-243,-167,170,-4,-192,153,92,-58,-168,-224,-164
-65,-211,-143,143,52,-180,127,95,-70,-154,-192,-151
-75,-187,-100,93,40,-140,85,56,-50,-148,-155,-122
-58,-111,-80,78,23,-100,50,53,-21,-87,-97,-88
-6,-51,-40,16,4,-74,3,35,-15,-29,-48,-22
8,21,29,-4,-5,50,-37,-10,31,15,43,40
24,142,92,-82,-12,116,-84,-65,46,112,142,100
64,231,154,-160,-40,191,-125,-113,89,189,216,162
131,359,232,-241,-52,288,-190,-120,107,272,319,259
164,476,313,-332,-65,403,-271,-193,153,379,421,339
219,607,392,-419,-92,502,-336,-233,170,456,550,437
242,724,482,-481,-108,592,-403,-285,235,529,643,491
277,844,527,-579,-113,684,-468,-344,269,614,744,587
321,936,592,-625,-143,763,-498,-381,259,703,837,652
349,1005,648,-682,-149,836,-554,-375,289,751,884,716
370,1023,674,-707,-154,874,-576,-446,329,764,933,721
349,1049,688,-723,-150,872,-565,-411,307,777,938,722
365,1018,656,-696,-152,843,-575,-390,294,767,906,724
368,987,637,-655,-153,813,-533,-386,278,734,865,695
323,893,594,-617,-150,749,-485,-355,246,670,806,634
291,790,494,-546,-104,643,-432,-328,225,602,716,543
263,660,435,-461,-94,555,-366,-250,211,498,581,463
207,520,352,-362,-82,469,-321,-213,159,404,475,363
160,403,257,-285,-44,320,-232,-165,128,308,376,296
92,285,181,-196,-37,244,-155,-94,80,193,236,193
68,158,91,-130,-19,119,-91,-73,38,121,120,110
23,37,13,-29,8,31,-34,-13,29,26,52,17
-39,-59,-40,33,11,-54,33,25,-21,-56,-52,-25
-33,-161,-102,123,11,-139,76,47,-66,-96,-127,-116
-57,-224,-145,158,39,-171,172,86,-56,-197,-194,-140
-112,-268,-198,186,39,-227,143,95,-99,-199,-243,-181
-101,-322,-199,211,68,-248,187,128,-68,-214,-253,-207
-106,-338,-208,246,53,-254,203,129,-111,-249,-270,-232
-122,-316,-242,202,47,-259,187,141,-107,-262,-299,-232
-133,-341,-232,214,45,-283,190,130,-111,-255,-308,-235
-130,-320,-214,232,44,-258,167,130,-90,-251,-302,-232
-100,-312,-195,226,42,-260,156,150,-102,-233,-284,-200
-110,-295,-191,186,29,-235,152,113,-104,-205,-268,-196
-102,-241,-170,181,40,-201,158,94,-82,-192,-250,-200
-90,-220,-162,142,33,-197,142,88,-67,-183,-224,-155
-79,-227,-138,133,44,-152,106,83,-53,-155,-193,-148
-71,-183,-110,126,16,-178,117,62,-69,-138,-149,-124
-45,-167,-121,118,38,-131,88,69,-56,-118,-132,-131
-54,-131,-104,101,13,-113,73,33,-44,-114,-145,-110
-54,-131,-64,85,27,-100,78,54,-35,-99,-101,-90
-27,-96,-59,80,18,-86,49,43,-37,-66,-90,-81
-18,-96,-49,64,15,-91,37,28,-24,-82,-102,-67
-46,-81,-49,57,19,-57,25,54,-14,-72,-66,-75
-25,-60,-41,41,15,-49,38,34,-38,-36,-62,-34
-12,-65,-56,68,7,-72,39,18,-39,-63,-75,-63
-33,-57,-37,50,13,-60,49,41,-32,-51,-47,-46
-38,-61,-38,17,7,-44,27,46,-14,-41,-45,-64
-23,-67,-43,36,13,-62,36,31,-6,-11,-40,-35
-19,-54,-13,14,-8,-39,35,32,-21,-29,-55,-46
-34,-68,-32,30,14,-30,7,41,-25,-37,-62,-24
-10,-39,-50,37,28,-46,42,14,14,-18,-52,-32
-34,-31,-34,18,-2,-25,34,7,-17,-36,-42,-34
-28,-57,-13,18,-2,-50,27,25,4,-37,-17,-31
-28,-42,-25,20,34,-30,17,23,-5,-43,-38,-58
0,-29,-18,7,10,-41,17,17,-25,-15,-48,-16
-5,-43,-7,8,8,-37,17,5,-8,6,-29,10
-9,-20,-11,21,-3,-21,22,11,4,-24,-27,-28
-1,-23,-17,30,-2,-33,-2,-18,-10,-13,2,-13
1,-2,-20,21,19,-10,14,11,4,-9,-7,-15
-28,-5,-12,15,-13,-8,15,-4,-1,5,7,9
-15,3,4,-24,5,-1,-11,20,20,-22,2,-12
6,9,8,-4,-10,-12,10,13,3,14,-10,3
0,19,28,3,-14,16,4,-5,2,7,-8,24
22,-17,12,-17,-2,29,-15,-12,14,11,5,11
7,19,10,-21,-9,-4,-10,17,18,2,36,12
2,25,14,-39,-1,58,-16,0,34,28,34,5
26,40,22,-13,-19,31,-11,-14,15,27,33,27
-2,65,26,-32,-9,26,-26,-14,22,47,65,18
19,57,33,-48,-13,62,-36,-26,3,35,45,69
43,76,33,-38,-22,56,-32,-34,30,51,46,52
44,83,43,-67,-9,65,-31,-33,28,59,65,52
21,79,60,-52,-4,71,-34,-29,34,67,65,56
32,74,62,-78,-15,77,-46,-36,32,65,44,63
25,103,76,-85,-16,83,-48,-36,29,72,104,81
15,124,72,-50,-22,104,-60,-58,35,73,113,91
60,138,91,-76,-15,93,-71,-50,35,93,112,78
37,95,102,-91,-11,99,-75,-48,27,90,111,94
36,166,86,-106,-30,134,-93,-18,53,115,129,93
65,148,75,-87,-25,136,-67,-59,59,127,121,101
59,157,87,-96,-20,134,-81,-82,35,149,133,117
57,206,110,-127,-25,133,-87,-84,65,120,154,142
62,186,124,-142,-21,140,-83,-68,66,130,166,119
78,204,130,-151,-23,164,-79,-85,52,134,187,141
70,221,154,-126,-21,181,-114,-90,60,148,185,140
70,216,140,-141,-32,163,-129,-97,71,155,193,166
73,236,149,-157,-23,211,-108,-91,65,168,221,156
125,235,163,-161,-21,197,-118,-95,77,165,220,177
91,262,189,-176,-43,216,-141,-120,90,188,230,172
86,281,170,-165,-55,210,-143,-110,82,199,228,194
101,293,169,-204,-45,236,-162,-115,100,204,261,184
90,286,174,-211,-71,246,-160,-121,86,240,263,204
101,298,181,-217,-58,260,-152,-116,93,233,278,199
108,321,192,-200,-47,254,-163,-112,102,252,267,228
97,323,191,-213,-68,268,-190,-114,106,263,293,233
126,321,224,-219,-30,262,-171,-138,105,227,291,246
122,315,209,-224,-46,249,-172,-137,115,263,311,236
108,326,229,-223,-57,286,-162,-152,115,269,306,247
150,352,204,-228,-70,307,-180,-141,106,253,289,222
123,346,235,-234,-43,304,-197,-158,126,250,309,244
115,370,237,-231,-57,303,-181,-139,118,260,331,242
121,363,248,-261,-42,314,-218,-155,104,286,309,270
113,373,228,-249,-44,318,-209,-146,99,270,340,253
129,369,215,-238,-64,338,-204,-152,107,286,346,265
117,386,247,-255,-67,315,-228,-152,104,287,342,238
149,382,256,-263,-50,339,-200,-135,102,279,352,253
137,386,233,-274,-58,318,-207,-143,120,288,336,266
133,374,258,-260,-57,332,-193,-159,115,272,347,261
137,386,237,-278,-63,317,-219,-141,144,272,347,258
129,387,259,-260,-81,347,-191,-135,114,290,348,278
139,387,259,-253,-62,313,-209,-168,134,256,339,278
124,397,229,-268,-36,315,-221,-151,97,277,349,277
128,387,241,-255,-62,299,-220,-132,120,300,341,250
141,388,270,-233,-72,313,-188,-148,98,261,334,256
124,397,235,-245,-58,330,-226,-147,111,276,338,259
133,382,230,-245,-39,283,-206,-130,125,290,339,261
126,344,259,-254,-70,312,-193,-149,104,269,325,248
130,342,233,-248,-82,294,-186,-144,113,255,325,220
103,370,213,-248,-53,286,-184,-137,105,258,310,254
119,333,230,-218,-68,288,-196,-125,92,247,310,238
115,318,218,-228,-62,273,-187,-152,93,249,319,258
144,317,211,-223,-55,280,-168,-119,108,248,286,243
107,330,200,-231,-38,259,-182,-134,81,254,288,229
111,302,220,-222,-60,281,-167,-142,109,235,271,219
96,276,203,-184,-61,252,-171,-137,118,220,277,206
101,263,186,-189,-41,265,-139,-137,104,225,251,211
98,265,165,-195,-46,239,-153,-105,101,200,264,215
91,254,181,-165,-55,238,-124,-113,80,218,238,206
95,278,189,-184,-23,231,-155,-101,92,206,234,173
87,244,163,-168,-28,196,-118,-105,62,177,243,185
62,212,151,-152,-61,196,-155,-92,72,183,219,167
87,222,157,-136,-36,160,-126,-86,59,166,203,161
72,211,133,-154,-19,199,-134,-99,70,163,203,139
74,201,140,-146,-35,167,-114,-103,65,163,187,164
80,205,131,-117,-27,173,-96,-78,60,156,178,131
63,182,91,-111,-24,157,-100,-82,49,149,166,127
48,172,97,-100,-33,146,-111,-77,60,139,172,118
61,191,104,-110,-20,138,-65,-50,61,131,146,98
36,136,108,-109,-21,114,-98,-47,54,110,142,119
68,147,89,-94,-40,117,-85,-55,31,103,142,110
34,134,57,-89,-33,91,-76,-47,46,75,120,90
56,129,92,-88,-33,113,-63,-50,34,92,122,84
28,106,74,-92,3,91,-45,-42,57,83,101,90
37,90,42,-60,-27,90,-69,-22,43,65,97,60
35,71,61,-38,-33,79,-64,-61,25,55,90,62
12,85,54,-66,7,52,-33,-21,25,64,76,42
36,81,59,-66,-25,50,-60,-34,15,42,44,65
21,48,30,-40,13,30,-39,-34,34,-10,54,55
10,34,35,-44,3,34,-41,-12,10,39,31,24
29,44,44,-33,-16,20,-42,-9,22,36,43,34
27,30,30,-31,17,36,-5,-4,12,30,60,18
-12,21,22,-4,-11,46,-30,-5,7,34,32,23
23,27,18,-29,-17,27,-16,-18,-10,29,29,7
4,32,39,-23,-5,20,-24,9,26,6,4,15
-6,14,4,3,4,0,-31,-14,-8,14,5,11
13,-5,-20,2,10,16,-16,-15,-2,-11,-13,-3
23,9,6,-16,-11,-9,-20,-9,-10,4,-8,-28
1,15,-24,-8,22,-14,9,-5,-10,4,-23,-12
-8,7,-17,2,11,-10,8,-4,-6,3,-12,-5
-7,-6,17,19,-10,-5,-16,9,-23,-20,0,-14
4,-20,-22,41,-11,-38,17,16,-5,-17,-59,-18
-5,-20,-20,23,14,11,21,17,-5,-23,-24,-51
-2,-23,-32,37,-1,-32,16,1,-10,-18,-34,-16
-16,-37,-6,35,10,-39,12,-3,20,-13,-27,7
-7,-34,-10,29,11,-30,20,42,-1,-33,-27,-21
-2,-29,-4,30,4,-39,25,41,-29,-22,-34,-13
-23,-47,-23,44,22,-37,-4,30,13,-16,-34,-7
-17,-55,-12,40,-6,-31,14,26,-7,-35,-45,-52
-20,-36,-35,41,11,-46,36,14,9,-46,-34,-27
-13,-54,-48,44,12,-32,23,5,-10,-11,-57,-28
-27,-43,-30,32,-10,-51,21,13,-19,-45,-61,-26
-16,-60,-36,17,1,-24,32,25,-28,-39,-39,-34
-21,-49,-27,34,34,-25,17,6,-10,-39,-31,-33
-6,-52,-37,42,0,-63,43,31,-11,-34,-44,-44
-20,-33,-46,33,21,-35,20,13,-9,-56,-48,-43
-27,-41,-29,21,1,-37,44,28,-18,-34,-67,-36
-20,-46,-27,19,14,-66,28,10,7,-56,-50,-56
2,-76,-36,48,3,-52,38,8,-29,-38,-56,-48
-53,-47,-42,39,14,-44,41,23,-26,-43,-60,-49
-42,-48,-33,32,25,-43,22,21,-24,-65,-65,-44
-23,-68,-60,59,23,-56,26,3,-1,-48,-21,-54
-37,-73,-32,64,1,-46,37,27,-3,-36,-62,-66
-21,-58,-39,34,24,-59,28,20,-3,-70,-66,-25
-30,-60,-31,32,-3,-72,48,24,-11,-37,-37,-38
-7,-72,-33,27,1,-52,-2,36,-23,-45,-57,-48
6,-58,-22,47,16,-56,45,59,-39,-42,-54,-38
-22,-36,-31,41,21,-38,44,38,-24,-44,-36,-27
-7,-60,-29,44,28,-55,39,43,-21,-32,-61,-36
-24,-74,-21,46,3,-61,43,44,6,-44,-53,-53
-20,-46,-16,38,4,-62,24,30,-6,-33,-48,-53
-11,-55,-50,59,11,-60,43,22,-30,-39,-74,-31
-20,-57,-46,25,-9,-60,32,25,-14,-39,-55,-40
-31,-35,-26,17,-18,-50,30,17,5,-21,-60,-38
-28,-69,-46,35,2,-48,29,12,-12,-64,-50,-42
-30,-59,-28,31,9,-39,45,22,-12,-68,-59,-41
-26,-45,-33,50,3,-56,26,45,-14,-58,-42,-36
-34,-61,-30,31,9,-34,29,38,-3,-44,-67,-42
-5,-41,-28,62,-12,-68,35,17,-15,-36,-54,-47
-14,-63,-35,35,-5,-41,33,9,-32,-33,-56,-37
-23,-71,-35,21,-13,-42,41,48,-10,-43,-35,-37
-25,-60,-29,43,12,-43,-1,5,-24,-37,-62,-27
-36,-32,-48,41,-11,-34,47,33,-17,-27,-58,-40
-21,-50,-49,52,5,-50,35,24,-24,-48,-47,-40
-9,-74,-9,38,8,-53,12,28,-30,-44,-60,-36
-32,-49,-23,39,-27,-55,30,33,-38,-35,-53,-32
-21,-49,-45,24,1,-48,44,20,-44,-55,-45,-33
-12,-60,-20,14,15,-47,21,16,-24,-40,-39,-21
-23,-32,-12,5,23,-62,31,-2,-12,-33,-41,-45
-9,-31,-24,37,21,-26,29,9,-10,-31,-53,-37
-11,-64,-47,37,0,-19,19,17,-22,-31,-47,-55
-5,-23,-25,13,4,-39,19,12,-2,-41,-41,-29
7,-52,-24,24,23,-31,23,21,-19,-45,-14,-34
-28,-41,-27,32,11,-41,6,8,-17,-27,-51,-26
-11,-40,-31,30,-10,-28,13,13,-14,-36,-23,-9
-10,-57,-23,10,-1,-40,12,9,-14,-40,-44,-40
-21,-64,-10,23,25,-38,16,15,-16,-58,-38,-23
-5,-46,-32,36,19,-35,16,0,-16,-58,-24,-18
-5,-35,-22,32,4,-28,24,5,-23,-31,-19,-22
-6,-21,-1,15,7,-24,28,13,2,-33,-20,-20
-22,-28,-43,30,8,-23,29,8,20,3,-20,-32
3,-44,-11,10,-17,-21,1,4,-9,-17,10,-14
-10,-44,-22,14,-1,-30,3,3,-10,4,-48,16
-11,-26,1,10,11,-5,10,-16,-11,5,-12,1
-12,-7,-7,13,16,-21,5,3,-6,-6,-9,-7
10,-12,-6,-2,1,-12,31,-5,27,11,-4,-12
-14,6,-11,6,14,-7,0,-6,19,-2,-1,5
-17,10,0,-7,-17,26,4,-2,-5,0,7,9
5,2,30,-20,11,-3,5,-13,4,-16,4,20
8,33,21,-16,-4,14,-15,-21,3,-15,17,0
17,8,8,-17,6,14,-27,-17,17,17,6,36
23,34,19,-23,14,52,-1,-25,23,14,27,34
14,45,30,-18,-13,20,-32,-9,21,25,55,0
44,34,23,-36,-11,56,-10,-33,7,24,58,33
32,71,38,-45,-1,71,-17,-13,19,26,49,43
27,71,44,-50,-23,52,-41,-42,23,41,50,31
30,70,41,-30,-5,63,-49,-17,5,56,49,59
27,88,67,-68,-11,80,-66,-25,27,68,84,51
52,137,69,-63,-15,89,-54,-48,40,89,103,87
52,113,59,-79,-12,93,-68,-42,16,99,90,57
56,113,74,-79,-31,117,-68,-49,37,107,117,105
57,139,96,-97,-13,131,-68,-63,37,98,120,106
50,147,86,-98,-20,115,-76,-34,54,114,130,110
60,131,96,-101,-44,122,-89,-54,59,120,125,100
53,169,105,-126,-15,139,-106,-53,63,108,154,114
70,160,100,-133,-40,149,-102,-74,39,133,162,136
58,198,125,-135,-16,167,-114,-63,75,131,180,125
58,205,132,-143,-27,181,-109,-78,72,141,177,155
62,203,130,-138,-35,172,-129,-64,84,174,171,144
62,213,132,-150,-36,162,-112,-96,62,171,226,131
81,230,149,-151,-26,175,-112,-88,65,196,200,176
96,224,157,-172,-20,211,-128,-91,63,173,233,171
81,207,153,-143,-48,192,-136,-99,91,177,204,154
68,265,136,-167,-23,187,-141,-79,71,173,229,172
85,242,174,-181,-41,203,-138,-106,82,167,222,160
93,255,150,-160,-41,210,-148,-125,61,186,239,150
90,260,150,-155,-35,215,-108,-92,64,166,230,155
92,236,174,-159,-37,218,-137,-108,90,185,213,182
83,255,147,-155,-40,214,-125,-111,67,177,228,173
75,240,161,-165,-45,178,-150,-115,62,189,206,161
77,224,139,-156,-19,199,-139,-108,88,158,204,147
87,240,166,-149,-21,207,-117,-112,61,165,179,173
79,230,131,-152,-29,179,-143,-93,57,165,189,140
83,232,146,-162,-17,167,-111,-73,101,158,185,167
67,223,121,-149,-29,175,-130,-91,48,180,181,153
76,211,155,-144,-29,180,-110,-96,68,174,197,163
53,172,124,-137,-37,168,-110,-56,61,158,183,154
66,191,120,-131,-17,156,-82,-64,65,141,163,128
66,179,117,-119,-13,139,-96,-71,67,150,163,117
33,171,101,-114,-17,116,-114,-53,47,124,127,104
46,168,118,-91,-14,128,-66,-43,34,96,140,103
68,146,89,-95,-19,132,-86,-71,46,90,111,112
42,152,85,-88,-22,119,-74,-39,42,87,144,100
41,107,80,-88,-19,109,-87,-66,38,85,97,84
33,105,69,-72,-10,108,-40,-34,34,86,95,91
23,87,76,-66,-15,86,-57,-35,14,66,98,78
40,94,59,-68,-15,77,-45,-47,41,58,73,40
11,69,63,-37,3,67,-30,-35,13,63,77,45
16,80,36,-49,-12,66,-33,-27,4,64,62,30
19,79,37,-42,6,59,-38,-40,16,47,61,31
9,53,19,-26,3,37,-46,-37,20,51,46,35
16,34,18,-14,-11,41,-13,-3,42,37,58,27
1,33,35,-33,-19,9,-18,-11,10,31,23,17
6,29,20,-25,-3,-2,-32,-16,-8,19,29,6
3,22,19,-1,-5,26,-18,2,30,22,22,20
-14,18,-7,0,27,28,-9,-6,13,24,19,16
3,-23,15,9,3,2,-6,4,-1,2,16,7
16,-4,15,-7,13,-14,2,12,-4,5,8,-5
-3,-9,-7,-18,-7,7,21,11,-3,2,19,-1
8,3,-8,14,22,-4,3,16,5,-19,13,-6
-4,13,-9,-5,-17,-5,7,7,-30,-5,-14,-16
-3,-12,2,-16,-13,-9,24,5,4,-15,-2,-14
-1,-37,-16,24,13,-7,32,24,4,-28,-21,-6
-1,-28,3,22,-1,-27,10,17,-20,-16,-19,-13
-21,-23,-22,20,12,-30,17,7,-29,-27,-56,-21
-29,-35,6,18,-17,-56,40,20,-21,-26,-34,-20
8,-61,-31,60,3,-34,21,17,-10,-40,-27,-33
-10,-77,-42,24,2,-54,24,26,-18,-16,-53,-57
-19,-62,-33,47,-8,-50,50,42,-8,-57,-72,-61
-19,-115,-83,60,25,-70,54,31,-25,-73,-52,-58
-49,-120,-82,75,37,-97,55,60,-18,-70,-76,-61
-38,-139,-72,92,23,-101,59,54,-24,-83,-107,-62
-75,-131,-88,111,19,-130,65,36,-35,-115,-113,-113
-63,-149,-108,95,21,-128,73,48,-56,-122,-144,-106
-61,-172,-116,104,16,-153,85,74,-82,-119,-158,-123
-71,-182,-124,128,6,-163,90,71,-70,-127,-158,-112
-74,-195,-129,122,26,-167,107,94,-89,-137,-185,-147
-78,-191,-117,124,21,-152,107,100,-67,-154,-162,-153
-66,-200,-115,125,23,-143,107,78,-46,-133,-172,-143
-73,-178,-102,136,39,-120,94,66,-70,-119,-150,-138
-37,-135,-78,93,14,-125,67,63,-22,-85,-127,-124
-25,-88,-53,41,-18,-66,50,17,-25,-63,-93,-61
-3,-30,-20,41,-5,-26,23,61,-19,-9,-21,-28
13,43,11,-27,-29,28,-40,-11,9,39,42,36
57,127,93,-93,-29,106,-81,-51,48,103,139,78
62,240,149,-155,-47,168,-137,-102,54,179,216,157
137,341,228,-220,-51,286,-190,-135,96,267,317,216
146,505,296,-339,-73,410,-257,-199,145,343,439,322
213,618,414,-401,-104,482,-348,-247,185,467,530,419
272,726,496,-491,-111,617,-403,-262,216,546,653,511
287,833,552,-561,-130,690,-476,-324,239,651,750,580
330,918,607,-652,-131,781,-517,-363,286,688,863,664
351,1011,639,-693,-154,840,-545,-423,288,753,916,698
370,1053,693,-718,-150,872,-586,-413,331,782,968,749
391,1077,711,-750,-160,887,-596,-440,340,835,979,733
366,1076,713,-712,-166,902,-579,-436,326,785,976,751
337,1042,673,-711,-159,862,-569,-419,310,776,945,727
354,997,637,-659,-142,830,-534,-374,291,734,894,713
301,878,575,-612,-141,748,-494,-356,279,671,809,624
266,774,492,-519,-106,640,-431,-300,256,587,680,555
240,645,423,-468,-70,542,-376,-265,189,504,571,438
185,527,335,-379,-90,430,-311,-221,147,386,461,374
133,378,264,-267,-57,326,-221,-157,119,286,351,261
111,269,199,-193,-38,225,-126,-85,56,206,219,196
43,139,75,-99,-11,118,-76,-55,63,111,127,90
16,23,35,-23,-2,-6,-6,-3,9,12,23,23
-27,-53,-55,38,10,-45,36,33,-4,-66,-49,-23
-39,-141,-105,129,30,-131,79,60,-38,-119,-156,-118
-62,-203,-152,140,50,-185,96,102,-60,-168,-168,-160
-80,-248,-156,191,45,-222,123,99,-74,-180,-225,-169
-104,-307,-196,217,64,-257,147,125,-78,-217,-265,-212
-95,-298,-197,203,60,-256,160,120,-91,-231,-274,-236
-129,-324,-224,237,38,-263,173,113,-84,-248,-293,-223
-108,-304,-195,205,24,-228,174,134,-97,-236,-267,-230
-111,-296,-187,156,57,-248,179,141,-79,-222,-247,-215
-101,-266,-188,194,64,-239,155,108,-82,-188,-254,-202
-82,-239,-163,171,63,-204,155,104,-56,-202,-230,-197
-86,-227,-150,157,62,-180,114,79,-68,-175,-199,-153
-70,-199,-124,123,37,-170,133,96,-66,-139,-169,-150
-35,-177,-91,130,51,-134,79,86,-75,-112,-155,-135
-47,-147,-101,102,30,-155,88,58,-43,-113,-139,-93
-40,-109,-74,106,15,-113,65,55,-34,-107,-100,-82
-33,-102,-62,59,33,-69,40,26,-38,-68,-87,-71
-31,-83,-56,71,17,-57,24,25,-14,-77,-58,-56
-20,-87,-39,45,8,-29,45,23,-17,-65,-64,-61
-22,-73,-51,40,18,-70,36,35,-14,-52,-63,-38
-31,-41,-57,31,1,-54,21,28,-36,-44,-64,-41
-1,-36,-22,49,-6,-37,28,29,-20,-22,-60,-46
-8,-50,-12,31,11,-16,22,16,-9,-36,-24,-3
7,-37,-29,26,-2,-39,31,35,-5,-29,8,-25
-8,-28,-38,-8,23,-29,13,1,-25,-38,-31,-29
-8,-33,-16,36,-3,-23,-21,18,-42,-11,-27,-25
-4,-4,-6,23,8,-29,-1,-3,11,-19,-14,-2
-2,-36,-20,24,-14,-24,-1,27,-4,2,-24,13
-24,-17,-8,12,-11,8,-10,16,-10,-24,0,-14
-6,-7,-13,-6,8,9,8,16,-8,-15,-25,-14
16,-7,-17,-8,13,-7,2,13,-4,-9,-18,4
-6,-5,14,-1,14,-8,1,5,14,-6,-5,11
-5,11,-8,11,8,-5,13,11,6,-9,7,-7
-8,15,10,5,9,30,-5,4,21,-15,-1,19
1,20,-8,-28,8,1,-7,-10,10,5,-7,12
9,16,-4,-23,16,20,-12,6,25,12,10,8
-23,29,24,-8,0,26,-10,-4,-4,10,6,15
2,12,0,-38,19,18,-38,-15,14,-3,36,29
-9,31,30,-48,-7,-4,-22,-19,-8,27,21,-8
3,32,34,-47,-3,17,-8,4,-20,27,25,22
7,34,36,-27,7,40,-37,7,17,24,8,58
13,26,49,-37,-2,21,-15,-36,30,26,24,42
-1,62,49,-34,-13,47,-11,-23,14,37,48,33
16,48,48,-32,-14,56,-32,-11,29,51,44,41
23,80,56,-64,-10,66,-54,-26,6,50,38,35
25,73,41,-52,-7,78,-56,-27,2,39,56,35
29,78,57,-49,-9,72,-62,-40,-3,55,86,53
42,112,61,-87,-38,92,-54,-48,11,66,89,66
0,92,71,-77,-25,76,-58,-23,55,85,81,90
47,119,62,-78,-35,107,-65,-56,28,75,113,80
24,130,65,-87,-15,119,-80,-57,38,92,100,75
14,130,74,-114,1,115,-63,-39,31,79,106,120
54,144,77,-102,-15,112,-82,-43,42,115,120,83
51,158,119,-106,-25,130,-99,-82,52,113,152,111
79,166,95,-121,-37,149,-106,-61,42,120,163,112
63,171,108,-114,-18,149,-98,-106,52,151,163,122
75,178,124,-122,-24,124,-99,-74,45,137,155,130
73,195,107,-154,-49,183,-101,-80,64,164,178,133
91,192,154,-146,0,179,-108,-76,50,160,177,161
98,213,139,-125,-48,191,-108,-84,78,151,192,144
73,258,157,-145,-49,192,-116,-96,61,179,204,171
74,250,132,-148,-45,202,-124,-101,68,188,226,137
99,246,155,-175,-66,223,-137,-90,75,175,244,177
87,263,161,-181,-44,229,-160,-104,83,215,248,174
84,266,177,-187,-44,226,-142,-111,75,218,252,179
93,292,163,-206,-46,219,-163,-98,95,214,261,216
117,300,172,-199,-29,237,-158,-121,96,224,266,228
106,306,196,-208,-69,224,-171,-150,84,235,277,216
123,309,194,-216,-57,280,-167,-124,89,243,300,225
108,341,235,-221,-25,272,-188,-140,98,247,289,221
113,360,220,-240,-56,296,-184,-119,90,277,312,215
123,344,228,-246,-50,293,-193,-157,94,258,313,249
135,363,242,-234,-39,296,-179,-149,98,268,343,253
135,371,240,-276,-66,297,-196,-172,112,281,322,273
124,369,256,-265,-34,307,-198,-149,98,281,362,283
124,396,245,-275,-72,314,-207,-157,104,284,340,264
158,375,257,-259,-69,314,-208,-171,115,274,352,256
138,400,246,-268,-52,315,-219,-155,144,280,332,275
149,378,250,-268,-67,345,-226,-154,109,298,344,282
140,374,273,-284,-57,334,-210,-164,127,287,367,293
148,393,282,-278,-49,341,-226,-165,138,319,358,274
133,430,267,-273,-52,354,-234,-168,137,308,371,295
134,427,259,-290,-70,360,-236,-159,121,331,366,294
159,414,256,-261,-65,366,-219,-181,116,313,394,293
158,410,286,-288,-70,355,-248,-184,133,298,354,301
132,437,282,-278,-48,372,-226,-174,134,325,403,293
159,441,262,-284,-67,364,-232,-165,127,326,379,308
145,436,278,-290,-58,341,-239,-168,132,319,364,300
165,422,266,-284,-68,349,-223,-163,124,303,378,302
180,411,251,-295,-61,357,-235,-182,127,321,370,292
135,434,278,-276,-46,350,-234,-177,133,305,372,285
129,416,266,-309,-62,353,-212,-149,129,308,373,279
148,384,254,-281,-67,373,-223,-169,143,291,362,273
142,413,276,-288,-43,340,-210,-148,128,291,362,270
151,420,269,-273,-76,324,-237,-159,115,295,367,280
143,375,254,-273,-52,326,-236,-155,107,320,375,277
124,380,240,-276,-64,317,-229,-158,103,288,334,268
134,352,249,-233,-34,305,-198,-141,110,269,344,269
104,372,250,-253,-70,297,-195,-149,109,263,336,284
148,353,233,-217,-55,303,-193,-143,87,283,341,238
110,373,243,-264,-74,308,-177,-139,130,277,307,256
106,351,212,-221,-48,276,-202,-155,111,256,299,267
115,341,231,-228,-43,285,-188,-133,93,251,314,238
101,331,212,-219,-28,253,-156,-117,110,246,287,231
109,327,211,-221,-56,252,-179,-122,82,233,265,257
100,288,193,-210,-29,237,-172,-119,84,225,268,199
84,286,195,-195,-42,233,-165,-130,75,211,270,216
92,279,182,-215,-53,222,-156,-110,84,204,249,203
92,271,174,-179,-48,236,-131,-117,79,205,237,208
109,271,164,-178,-24,201,-137,-116,101,186,229,174
82,226,165,-176,-33,201,-125,-96,67,172,207,158
77,252,168,-153,-32,192,-151,-92,72,161,214,174
73,241,150,-137,-54,178,-138,-105,68,181,199,148
96,180,147,-158,-40,160,-111,-78,71,143,191,153
81,197,151,-128,-21,164,-118,-78,51,171,194,145
74,192,111,-152,-12,166,-101,-80,68,131,179,152
72,152,106,-135,-19,158,-96,-69,55,136,149,137
39,165,95,-129,-3,154,-91,-54,56,123,146,118
58,173,87,-105,0,144,-95,-61,33,110,148,109
39,150,117,-88,-30,118,-70,-52,42,119,132,99
46,157,78,-101,-9,106,-62,-61,36,97,124,92
70,147,64,-69,-26,103,-46,-65,34,80,97,87
25,125,72,-78,-14,103,-68,-48,35,113,98,96
52,120,78,-60,-3,93,-62,-30,38,69,124,82
46,80,52,-83,-5,80,-51,-37,27,79,107,55
31,54,50,-63,8,67,-61,-48,40,89,52,65
-3,98,57,-58,-3,57,-52,-41,37,64,78,50
26,72,20,-57,-10,68,-28,-25,6,56,80,67
28,68,54,-44,7,63,-30,-18,-2,56,55,30
20,55,29,-18,2,42,-16,-27,29,63,34,44
22,41,56,-53,15,24,-27,-16,30,35,39,42
36,45,32,-14,5,30,-15,-20,2,1,49,24
26,7,27,-10,13,28,-13,-23,-10,20,34,24
7,18,22,-39,-8,15,-27,-27,13,16,11,24
6,10,19,-4,-4,24,-16,-11,28,25,24,45
-17,34,1,0,4,5,-9,-10,12,2,42,-3
-6,7,19,1,-7,5,6,16,-3,6,21,0
-2,6,25,-12,9,20,8,10,0,-12,11,1
9,-6,-20,-6,-1,18,1,1,10,26,-12,26
-18,-4,0,-9,-5,-14,18,15,-10,-9,17,-3
-17,-27,-9,9,-2,-5,-4,4,5,-19,9,-2
10,-3,-10,11,-31,15,21,10,-4,-13,2,-11
-10,-2,-22,9,-1,-17,17,21,1,10,-1,-7
-1,-16,-23,6,-13,-3,7,0,3,-24,-33,-12
-35,-25,2,20,-3,-3,-9,2,-25,5,-32,-16
-25,-31,-25,20,12,-20,18,7,5,-25,-6,-4
1,-22,6,1,5,-7,6,23,-13,-28,-30,-20
1,-25,-19,0,3,-29,31,-6,-3,2,-11,-2
-8,-33,-5,25,20,-20,5,1,25,-31,-14,-13
-18,-30,-25,4,-7,-40,36,1,4,-1,-50,-43
-7,-38,-22,27,6,-22,18,18,0,-29,-28,-47
-5,-42,3,26,1,-12,-3,7,-21,-22,-17,-42
-23,-49,-12,31,4,-18,14,-10,-16,-27,-21,-16
9,-1,-47,17,21,-23,13,21,10,-32,-52,-31
-33,-15,-3,25,-6,-14,48,25,2,-16,-30,-25
12,-61,-16,40,2,-8,23,19,-18,-40,-35,-2
-30,-21,-31,29,3,-37,19,-4,-20,-41,-23,-1
-2,-48,-24,55,7,-37,26,16,-14,-28,-26,-44
-21,-24,-35,22,-9,-31,18,30,-3,-32,-47,-8
-2,-32,-39,49,-7,-29,16,-17,-7,-30,-25,-17
7,-44,-51,38,-2,-32,27,-3,-7,-32,-40,-43
-11,-26,-17,44,19,-5,33,11,-11,-44,-30,-32
4,-45,-9,58,1,-32,7,28,-6,-20,-38,-44
-9,-25,-6,40,6,-46,18,16,-6,-22,-32,-14
-17,-40,-38,21,-7,-14,32,17,2,-16,-27,-39
4,-27,-23,50,8,-21,22,29,-21,-21,-27,-26
-7,-59,-29,15,21,-41,17,20,6,-35,-39,-36
-12,-39,-16,50,13,-32,26,10,-14,-37,-49,-27
-12,-42,-27,8,11,-44,25,27,-19,-11,-22,-44
-30,-29,-35,7,12,-24,13,14,-13,-14,-39,-12
-7,-29,-24,26,-6,-24,29,8,-38,-14,-32,-37
-36,-46,-28,32,10,-19,15,-8,-1,-12,-48,-33
-17,-42,-62,23,-1,-20,18,28,-16,-15,-35,2
-16,-49,-9,37,10,-24,18,30,-19,-9,-45,-16
-33,-40,-8,17,17,-14,24,27,-12,-11,-28,-18
-4,-21,0,34,2,-13,21,22,6,-23,-32,-3
-13,-35,-35,17,13,-24,18,11,10,-24,-19,-42
15,-22,-31,1,4,-45,24,36,-19,-30,-30,-34
-3,-45,-26,14,0,-10,8,15,-6,-26,-27,-17
-16,-21,-25,4,-6,-12,3,24,-24,-16,-35,-30
8,-47,-18,6,3,-1,12,0,6,-48,-37,-19
-14,-24,-23,26,13,-17,8,25,4,-14,-15,-22
-19,-9,-27,15,17,-13,14,16,-3,-15,-33,-24
-11,-21,-17,26,0,-13,21,12,-7,-25,-19,-9
-9,-17,-4,3,12,-15,33,11,-4,-30,-16,-2
-18,-23,-4,-2,-6,-15,6,-5,0,7,-2,-17
-25,-27,-28,1,8,-14,16,-2,-21,1,-14,-25
-4,-26,-27,13,-12,-37,3,13,-7,-22,-22,-31
-9,-36,-21,18,-2,-4,-4,-6,-13,-26,-21,4
-9,-18,-28,7,12,-8,25,-6,-1,-14,-13,-14
1,-6,-13,4,-11,-17,-4,7,8,-30,-31,-18
-15,-10,-3,8,-8,-11,10,2,-7,-8,-10,-14
17,-50,-15,0,-22,-1,12,-2,13,-18,-9,-21
-2,16,-8,-16,23,-12,-10,3,16,2,-21,-9
21,-11,7,-7,9,8,2,-22,-6,-11,-10,-5
4,5,-18,16,-9,-24,4,-6,6,-19,-5,3
-21,-4,5,3,-5,-15,1,-13,-5,-14,-7,11
6,8,-5,11,9,12,8,-6,-3,-6,15,11
7,-10,28,-15,21,2,-6,-5,8,-5,35,-21
-6,30,14,-12,3,5,-3,-8,0,28,4,-12
-6,11,-5,-10,-16,23,-36,-10,11,-9,14,11
-13,16,-3,-5,8,19,4,-5,-1,7,4,17
5,14,-9,6,-3,0,-3,-6,18,14,7,9
-3,31,12,-18,-5,20,-11,-4,4,25,37,26
10,24,23,-26,13,24,-26,-42,13,47,-6,17
9,37,25,-19,-9,28,-14,-24,26,17,16,30
26,36,36,-30,-6,51,-8,-8,21,19,24,34
18,65,46,-41,4,25,-27,-22,12,34,43,49
33,70,38,-32,-7,43,-42,-40,5,36,46,37
25,80,36,-32,-13,65,-38,-31,22,47,76,23
16,66,57,-60,-26,53,-67,-60,15,59,53,39
31,71,53,-72,-9,47,-30,-52,13,42,72,85
33,98,72,-57,-2,84,-63,-18,51,77,100,69
31,119,63,-92,2,93,-51,-35,46,101,84,77
34,103,89,-91,-28,89,-84,-39,40,85,118,87
27,118,82,-102,-8,123,-86,-54,41,94,117,93
44,145,72,-82,-8,101,-65,-52,41,113,114,87
31,154,82,-99,-10,131,-67,-51,41,119,133,104
43,176,99,-109,-19,138,-57,-50,65,107,152,121
53,158,119,-104,-50,140,-95,-68,56,152,149,119
58,163,112,-127,-26,141,-106,-80,55,125,166,111
68,178,114,-136,-30,149,-114,-68,58,139,163,134
77,200,124,-140,-48,175,-105,-82,76,164,184,142
63,221,113,-146,-33,173,-98,-110,69,152,180,150
74,209,155,-163,-24,170,-123,-82,79,166,186,153
64,238,151,-161,-26,201,-115,-87,56,146,201,147
85,232,163,-158,-32,196,-137,-115,53,160,217,161
101,253,147,-170,-47,192,-133,-84,78,195,220,159
61,255,153,-173,-37,189,-117,-106,80,197,234,167
113,264,166,-157,-51,203,-128,-112,59,179,230,205
73,270,164,-163,-61,217,-141,-107,68,214,254,174
105,266,163,-196,-36,200,-146,-146,93,199,254,168
95,265,177,-197,-26,201,-154,-91,107,223,266,202
79,285,179,-184,-50,220,-147,-100,97,215,249,180
93,283,178,-152,-42,226,-156,-104,86,215,249,167
101,286,192,-189,-32,217,-180,-118,95,212,244,209
98,270,209,-192,-59,229,-152,-107,81,214,230,212
92,276,176,-187,-35,218,-174,-103,57,209,241,188
102,279,152,-189,-48,219,-162,-99,91,201,218,165
79,262,174,-174,-46,212,-137,-99,64,195,231,179
97,240,177,-172,-24,220,-142,-99,57,199,234,177
88,236,166,-182,-17,199,-138,-90,61,210,237,173
94,231,166,-156,-36,217,-143,-98,103,198,231,169
71,237,144,-151,-26,192,-135,-95,47,190,224,172
82,229,150,-153,-46,184,-129,-90,66,173,208,166
88,236,146,-151,-39,198,-95,-117,63,161,177,169
68,192,134,-139,-25,170,-103,-91,55,157,185,148
89,187,112,-143,-22,174,-117,-104,57,149,181,152
57,194,114,-135,-19,144,-107,-93,20,112,201,134
57,173,120,-115,-35,134,-96,-52,37,127,141,123
71,159,108,-116,-25,143,-76,-59,28,116,162,117
51,187,109,-121,-39,136,-78,-57,45,107,103,113
68,152,91,-114,-40,144,-93,-37,65,113,123,87
48,126,79,-75,-23,91,-92,-70,41,97,115,99
50,135,84,-112,-20,103,-65,-34,40,88,127,92
43,99,92,-72,-23,105,-57,-30,30,91,99,70
30,94,43,-75,-10,79,-38,-42,32,65,93,71
57,113,51,-74,-26,64,-52,-70,47,71,90,61
47,71,43,-75,-21,52,-30,-36,42,41,67,41
39,95,61,-48,-2,67,-56,-33,29,47,80,57
30,61,54,-39,-17,62,-21,-37,11,51,57,41
25,72,28,-35,-20,43,-26,-33,22,19,33,60
34,59,14,-16,5,42,-39,-43,-10,18,32,22
-23,48,14,-40,13,27,-16,-20,17,18,37,33
0,48,20,-36,-12,39,-22,-13,-6,23,51,29
41,48,43,-3,-29,18,-18,-7,0,24,40,43
32,16,6,-21,-7,32,-13,-26,32,2,23,20
-1,16,36,-18,-21,23,-11,-13,33,38,28,17
6,29,24,-49,8,22,-5,-9,6,28,21,10
-5,23,1,-10,-16,6,4,-1,-5,29,3,10
5,3,0,-4,-21,-5,-6,-3,-1,21,8,-1
-11,6,-8,-7,15,-13,4,-3,-10,-9,-13,16
18,11,-31,18,-28,-9,5,7,-8,1,-10,15
-18,-4,-12,21,-9,-15,-3,9,-3,-8,-9,-13
-3,-37,-16,27,-2,-22,13,-1,-2,-9,-23,-27
-7,-16,-21,35,7,-33,28,10,-25,-23,-47,-22
-28,-52,-40,22,2,-41,34,25,-17,-29,-57,-60
-28,-63,-56,42,10,-70,46,42,-26,-47,-70,-45
-40,-73,-41,64,29,-54,33,23,-23,-46,-82,-60
-32,-92,-56,68,16,-82,56,30,-16,-55,-92,-53
-48,-106,-82,77,6,-81,61,19,-29,-84,-97,-75
-31,-132,-97,90,12,-104,73,67,-43,-92,-102,-89
-60,-133,-90,92,21,-121,75,48,-47,-122,-150,-127
-48,-166,-97,104,18,-156,79,52,-55,-114,-149,-121
-78,-143,-111,98,21,-132,90,73,-48,-114,-151,-112
-65,-173,-105,147,24,-156,86,85,-57,-148,-171,-139
-62,-176,-121,140,25,-152,68,48,-48,-133,-177,-126
-50,-169,-114,115,57,-124,91,63,-59,-130,-134,-108
-66,-139,-113,77,34,-138,79,53,-14,-124,-146,-112
-43,-131,-67,64,27,-84,74,55,-36,-82,-112,-73
-28,-80,-34,53,14,-46,23,50,-35,-62,-44,-45
-10,-6,-7,7,13,-7,17,-8,-3,-3,-4,-3
32,56,31,-39,12,43,-33,-34,28,22,37,32
54,143,107,-104,-26,131,-85,-50,61,122,140,99
109,253,189,-175,-44,219,-134,-95,77,172,207,175
135,360,211,-248,-78,302,-223,-133,114,277,327,266
185,473,325,-325,-89,419,-264,-200,137,366,428,310
209,593,406,-412,-85,509,-313,-257,152,443,557,398
276,711,475,-494,-83,588,-381,-284,210,538,657,512
284,881,544,-562,-136,678,-476,-341,239,615,745,579
339,956,616,-648,-153,781,-528,-369,290,723,865,660
345,1015,658,-697,-151,847,-553,-418,318,764,911,718
375,1104,717,-736,-157,900,-589,-437,319,827,982,746
394,1150,741,-773,-176,928,-607,-462,336,843,1011,773
414,1155,734,-762,-151,930,-633,-464,326,846,1011,817
386,1085,712,-757,-165,922,-602,-464,326,846,992,764
367,1041,687,-705,-167,856,-592,-412,304,804,944,726
343,950,662,-661,-138,816,-503,-388,278,736,860,693
286,842,559,-594,-121,721,-487,-355,249,644,769,593
256,728,506,-489,-101,616,-388,-301,221,564,659,513
205,618,373,-412,-80,513,-336,-219,191,444,544,451
171,489,293,-318,-63,413,-266,-188,148,346,437,349
114,358,227,-222,-50,284,-193,-125,112,260,308,252
73,218,131,-151,-48,168,-120,-93,49,162,193,162
14,111,54,-54,-14,84,-64,-27,15,84,70,72
22,-7,0,-6,-2,16,-17,-5,-18,0,10,3
-6,-93,-59,61,7,-84,48,31,-21,-67,-81,-65
-62,-158,-123,100,36,-134,101,67,-18,-114,-142,-123
-77,-235,-144,131,25,-171,140,85,-71,-162,-207,-147
-66,-254,-169,191,30,-209,132,94,-70,-207,-246,-194
-104,-301,-179,201,46,-249,157,115,-104,-220,-250,-192
-119,-305,-181,195,61,-264,180,112,-83,-229,-258,-225
-113,-271,-196,214,65,-269,178,125,-100,-240,-286,-209
-92,-311,-195,184,54,-235,181,103,-71,-212,-261,-227
-101,-292,-168,179,31,-249,154,123,-93,-206,-265,-202
-101,-264,-148,169,26,-203,123,90,-58,-176,-235,-178
-86,-228,-147,176,29,-203,113,86,-62,-191,-214,-160
-71,-224,-136,166,21,-189,118,101,-72,-155,-183,-140
-78,-190,-111,127,30,-137,111,57,-51,-150,-138,-135
-67,-145,-81,97,6,-146,88,40,-38,-118,-164,-78
-43,-142,-95,72,4,-116,74,36,-21,-85,-120,-82
-33,-97,-65,65,40,-85,27,29,-36,-68,-95,-69
-44,-84,-52,73,11,-80,42,55,-39,-72,-89,-47
-39,-49,-27,53,-21,-41,38,14,-29,-32,-66,-76
2,-47,-21,36,3,-53,41,26,-14,-26,-66,-61
-10,-38,-29,48,-15,-68,30,11,-28,-31,-34,-33
21,-56,-31,33,0,-47,10,22,1,-15,-2,-15
17,-23,-12,21,-17,-36,3,9,0,-25,-32,-17
9,2,-6,0,4,-3,-8,-10,-12,-13,-14,11
-18,-41,0,15,18,-10,-4,1,-8,-9,-8,-16
3,-4,-11,2,-12,-1,4,28,-20,8,-14,-4
-14,12,-18,6,-15,-3,9,16,-2,2,-21,-33
-7,-11,-43,-13,-5,-8,-10,8,1,7,-17,-20
-5,-22,6,4,6,-5,7,-2,1,-7,4,-15
-9,-24,9,-21,23,12,1,-7,16,-4,-8,17
3,-5,11,-3,7,-1,-25,-16,-16,-22,-1,3
3,10,-6,-3,11,0,-3,-9,15,7,-1,-7
1,-16,15,-14,-9,27,-21,-7,-13,3,4,33
17,42,5,12,18,12,-14,28,6,8,9,1
-12,24,-8,-14,3,34,-26,2,-17,5,28,15
-6,34,19,-4,5,5,-24,-18,14,7,43,15
18,33,32,-7,-16,15,-31,-10,9,15,55,-5
9,29,8,-43,6,38,-24,12,-1,18,23,8
17,36,24,-21,9,41,-12,-20,18,30,18,39
10,56,42,-18,-17,38,-37,-23,10,26,44,10
13,67,60,-54,-29,45,-41,-36,14,35,40,29
8,70,55,-20,-14,44,-23,-13,10,47,53,50
18,76,56,-36,-16,35,-22,-32,19,52,45,45
55,59,70,-57,6,49,-35,-27,59,41,66,45
37,63,61,-46,-21,56,-55,-29,23,54,63,57
11,93,66,-39,-8,69,-41,-40,30,57,95,72
49,109,42,-75,-6,60,-42,-58,13,79,79,55
31,115,93,-72,-22,107,-56,-50,42,86,85,74
32,105,41,-68,-10,89,-61,-39,32,82,86,67
51,120,60,-73,-8,83,-83,-59,40,77,90,97
39,112,93,-91,3,109,-67,-15,32,84,103,97
47,146,100,-85,10,114,-95,-43,48,94,99,88
49,149,87,-103,-23,121,-71,-54,28,95,148,93
69,167,118,-82,-16,124,-85,-66,37,120,137,112
50,171,107,-105,-12,122,-102,-79,53,117,139,138
69,187,120,-135,-13,143,-114,-82,56,128,168,115
71,187,132,-132,-24,122,-92,-74,51,133,149,134
70,206,104,-136,-27,167,-99,-56,46,145,170,152
81,216,135,-148,-30,176,-96,-72,60,148,181,151
79,221,161,-152,-45,184,-124,-78,57,163,211,152
79,235,141,-157,-40,197,-119,-95,55,174,205,153
81,229,167,-171,-27,203,-118,-90,75,190,216,150
87,253,156,-177,-51,198,-119,-93,77,189,213,176
106,250,173,-207,-21,203,-146,-126,110,200,240,182
78,275,167,-143,-37,231,-130,-109,110,188,245,188
115,294,182,-182,-43,246,-149,-108,82,215,250,214
119,293,182,-195,-26,234,-177,-125,91,229,266,198
97,315,203,-199,-53,227,-175,-104,95,220,271,212
115,319,209,-225,-53,258,-173,-135,85,233,275,230
116,348,214,-206,-35,270,-182,-115,99,221,260,247
112,335,222,-247,-46,266,-205,-152,108,237,308,221
99,320,225,-219,-50,282,-183,-142,100,289,304,251
106,348,214,-233,-55,290,-211,-120,92,271,314,252
144,350,249,-242,-59,288,-203,-139,90,263,337,269
114,358,222,-280,-44,304,-189,-138,99,290,329,270
129,354,255,-279,-50,305,-209,-162,104,264,347,270
154,392,243,-267,-40,320,-198,-140,121,288,359,260
112,408,246,-270,-65,323,-225,-153,128,292,372,276
137,396,255,-272,-64,314,-243,-152,108,318,352,302
149,422,265,-282,-61,331,-220,-136,141,319,375,277
167,414,270,-291,-69,342,-225,-160,109,316,367,275
181,440,257,-294,-57,358,-233,-174,124,306,399,286
166,426,259,-277,-73,369,-244,-168,139,311,404,259
143,419,296,-289,-42,347,-245,-157,105,322,353,302
142,404,267,-268,-88,344,-267,-186,125,307,385,315
163,416,280,-304,-61,341,-261,-180,131,315,375,304
163,440,292,-315,-53,343,-234,-160,146,328,398,323
163,421,296,-282,-69,385,-244,-167,132,327,399,316
163,433,296,-307,-73,366,-236,-157,133,318,394,303
155,428,286,-304,-50,367,-257,-182,113,339,394,295
143,436,293,-301,-72,352,-247,-177,125,339,396,303
159,425,281,-297,-81,347,-246,-155,119,336,427,333
177,407,276,-314,-63,365,-236,-174,118,332,355,298
137,397,278,-295,-69,361,-236,-172,118,313,385,320
139,426,271,-278,-68,353,-231,-176,137,307,374,291
120,404,286,-313,-46,362,-218,-162,131,328,390,295
144,424,276,-292,-58,340,-235,-133,131,320,370,273
129,407,247,-295,-63,350,-212,-150,128,324,374,297
155,414,241,-276,-57,321,-200,-184,115,294,344,271
113,389,251,-277,-59,311,-208,-139,119,317,361,275
138,410,277,-249,-55,325,-211,-151,116,294,349,272
116,362,249,-257,-44,311,-197,-134,127,286,341,269
148,357,236,-265,-45,318,-195,-128,122,265,313,260
129,342,212,-242,-46,285,-191,-144,93,274,324,255
125,320,218,-228,-70,311,-186,-119,102,264,314,249
128,349,219,-245,-42,287,-203,-161,97,255,307,219
113,327,214,-211,-39,262,-188,-152,112,233,296,225
119,307,216,-230,-48,274,-187,-138,89,246,290,241
111,317,194,-218,-33,251,-164,-114,99,234,285,225
106,288,175,-193,-47,252,-172,-128,94,216,262,225
100,272,156,-202,-67,209,-161,-129,83,224,273,212
98,274,189,-199,-34,247,-183,-96,89,213,251,202
108,286,167,-166,-32,205,-134,-110,72,217,234,179
104,253,162,-184,-22,215,-130,-108,83,184,237,172
97,245,148,-161,-15,205,-137,-88,76,169,221,163
105,228,140,-163,-54,186,-133,-116,57,156,194,175
89,210,137,-141,-63,184,-127,-97,58,181,184,157
59,195,139,-143,-42,179,-119,-69,75,156,219,154
77,214,120,-133,-22,163,-120,-84,56,139,166,125
81,206,120,-127,-16,166,-90,-85,50,123,155,131
42,180,114,-110,-32,154,-114,-63,52,159,153,130
81,178,124,-130,-28,134,-98,-42,58,139,158,129
45,141,122,-113,-25,131,-86,-48,58,120,128,110
36,148,89,-108,-18,129,-85,-64,38,109,147,115
73,124,102,-127,1,122,-80,-36,18,83,123,84
57,116,74,-90,-41,112,-58,-48,30,65,129,97
36,136,69,-78,-25,91,-80,-66,30,74,117,63
42,104,59,-82,-34,103,-60,-55,23,64,101,82
-3,104,85,-72,-4,82,-47,-46,26,89,112,80
37,83,53,-65,-3,50,-46,-31,19,82,84,61
41,84,62,-52,3,72,-26,-34,16,51,76,38
22,49,59,-53,-7,76,-47,-35,32,56,64,65
31,77,36,-51,-21,45,-56,-6,26,72,75,42
35,60,38,-48,-13,38,-44,-19,36,26,54,38
11,60,25,-23,5,28,-29,-17,27,44,55,29
5,44,16,-35,1,27,-17,-36,10,44,25,41
15,58,22,-49,-8,41,-2,-1,10,32,37,34
13,43,28,-20,-5,17,-10,-11,4,20,50,37
16,23,14,-6,-4,11,-35,15,-9,15,21,13
33,2,50,-10,-3,23,-9,-17,-10,28,2,45
15,12,11,-10,-2,15,-1,-1,13,16,21,37
26,28,-4,0,7,26,11,-5,-9,14,29,30
8,-6,7,2,2,-2,-2,-6,13,-6,18,3
-1,10,12,-10,18,-2,-18,-10,16,-10,-5,0
4,0,-2,16,-5,1,0,-8,9,-8,-4,11
13,11,-3,-9,16,-8,18,-19,3,-20,12,16
-7,-25,15,-10,2,19,4,32,-3,11,17,-1
-8,16,9,10,-13,-1,-6,15,1,-16,-16,-22
14,1,-5,-11,-3,-1,1,19,-28,-14,-16,-5
-3,2,-1,6,7,-8,-10,22,-19,-8,6,-16
-1,-20,-10,21,6,-6,16,31,3,-16,-20,-9
-26,-3,-7,3,-1,1,5,-12,6,12,7,-22
-3,0,-21,33,10,-20,30,16,4,-20,8,-19
-8,-39,-31,22,11,-30,12,1,-14,-26,-18,-17
-9,-19,-24,18,18,-4,19,-10,-3,9,-19,-14
-17,-1,-26,37,-13,-30,37,-11,0,-23,-14,2
-6,-25,-12,20,2,-14,2,16,9,-5,-5,-20
-23,-43,-28,22,23,-23,1,19,3,-25,-18,-13
-18,-12,-24,23,13,-47,3,33,23,-20,-10,-29
-7,-25,-29,21,16,-3,15,11,3,-36,-27,-2
-11,-29,-34,2,16,-22,3,-11,-27,-12,-37,-30
-30,-30,-16,54,-1,-32,14,23,-12,-42,-24,-28
3,-24,-29,7,-8,-13,29,1,-3,-16,-32,-22
-9,-21,-19,21,6,-12,13,10,-30,-27,-32,-25
-8,-11,-41,7,-5,-26,12,31,4,-29,-46,-23
-6,-41,2,29,25,-16,4,18,-10,-20,-26,-10
-26,-52,-35,9,-8,-30,30,11,-6,-14,-21,-32
-15,-29,-23,27,18,-23,3,21,-15,-22,-13,-29
5,2,0,27,13,-31,-5,14,2,-7,-9,-18
-19,-34,-26,41,4,-38,12,23,-9,-46,-43,-3
-10,-21,-14,14,-15,-37,5,12,-21,-22,-37,-32
-24,-51,-25,24,4,-49,9,40,-12,-6,-39,-22
-29,-41,-27,36,-14,-32,26,27,-24,-45,13,-10
-3,-34,-22,14,8,-20,20,12,-6,-41,-32,-23
-20,-29,-23,32,20,-35,19,18,0,-49,-17,-18
-26,-26,-9,11,22,-15,11,6,-14,-32,-11,-41
-2,-31,-26,31,-3,-6,1,17,7,-24,-30,-21
7,-5,-45,22,-14,-12,-7,4,-10,-8,-24,-43
-18,-33,-44,21,26,-14,15,14,-1,-12,-36,-25
9,-45,-40,28,14,-16,15,34,4,-27,-31,-22
-9,-33,-15,-4,-25,-12,24,-4,-35,-25,-9,-43
-6,-43,-30,38,2,-20,17,20,-10,-14,-32,-18
3,-33,-13,11,-3,-21,22,18,-2,-25,-11,-18
-16,-18,-31,4,-13,-29,23,-4,-12,-22,-46,-32
-24,-28,-28,40,23,-24,5,9,9,-23,-25,-41
1,-18,-10,-10,13,-24,14,-6,1,-33,-29,-11
-3,-28,-25,18,5,-50,46,15,-13,-23,-5,-11
-18,-29,-44,15,9,-34,23,27,-6,-10,-24,12
-23,-28,-29,23,-6,-18,15,-14,-30,-22,-32,-8
-10,-38,-25,19,1,-11,31,-7,-3,-9,-22,-23
-18,-30,6,10,11,-21,24,38,-1,-14,-44,-9
-21,-33,-19,24,14,-28,5,4,-1,-32,-8,-11
-8,-22,-11,5,21,-24,27,18,-9,-16,-16,-35
1,-24,-22,38,-8,-14,11,11,-5,-19,-19,-28
-25,-50,-16,9,9,-29,20,7,-27,-50,-22,-15
-17,-26,-7,23,-35,-32,11,6,0,-9,-28,-35
-1,-31,-22,27,-10,-25,3,5,0,-11,-19,-23
-24,-6,-24,19,-13,-33,25,28,-6,-9,0,-13
12,-20,-32,36,3,-22,11,-1,8,-3,-36,-29
-2,-36,-3,10,-5,-23,21,14,-19,9,-20,-16
12,-1,-8,14,-10,-23,10,12,-7,0,-4,-37
12,1,2,15,1,-22,10,29,3,-12,-16,-12
-9,-25,-16,-8,7,-15,-2,-3,-1,3,-20,-26
-4,-25,-13,5,17,-11,21,17,-7,-12,19,5
-10,-17,-2,8,-8,-8,13,11,-8,-2,-10,-9
-2,5,10,8,12,-1,-5,16,-10,5,-2,-4
-2,6,14,-12,-11,2,14,-10,-13,-5,1,1
9,-1,11,8,-14,22,18,-18,11,-18,-3,2
8,4,-6,-10,-3,-13,-9,0,-14,8,9,-2
-1,22,23,-5,-6,-2,-9,-18,15,24,2,9
14,18,29,-15,-6,24,-25,-4,0,24,7,-9
-2,36,30,-11,6,25,-10,-25,8,49,41,23
30,44,1,-13,11,8,-16,-5,-8,22,31,39
18,50,43,-50,-11,58,-19,-18,9,39,62,37
7,45,38,-54,-16,38,-46,-32,37,36,64,34
29,61,57,-44,8,33,-63,-22,7,32,61,40
30,74,51,-37,-13,42,-40,-34,15,33,55,48
19,112,67,-45,-5,87,-32,-28,23,58,54,60
41,85,54,-51,-7,74,-50,-29,22,72,104,44
43,104,57,-67,-33,70,-40,-48,26,61,82,55
53,88,67,-76,-21,75,-43,-26,40,71,99,56
38,110,92,-87,-16,116,-62,-37,52,88,104,99
35,128,85,-69,-4,103,-69,-56,62,105,114,88
56,132,94,-96,-23,141,-76,-65,29,87,149,95
53,154,117,-99,-37,120,-83,-42,41,106,127,98
52,168,92,-117,-6,124,-63,-62,43,138,139,122
67,172,145,-92,-29,137,-107,-68,51,108,163,125
60,172,122,-116,-38,148,-112,-75,47,144,166,127
84,204,129,-119,-40,178,-112,-95,52,135,198,135
62,186,123,-130,-33,172,-123,-71,56,134,178,118
50,190,135,-152,-41,162,-121,-78,44,140,169,155
