I,II,III,aVR,aVL,aVF,V1,V2,V3,V4,V5,V6
335,1000,649,-671,-158,815,-563,-383,321,746,893,708
354,1001,635,-676,-150,817,-523,-409,291,748,877,710
338,926,625,-645,-138,785,-528,-370,290,696,838,646
314,880,593,-586,-125,737,-482,-340,282,656,784,610
279,787,509,-535,-124,665,-432,-319,234,592,730,535
230,688,447,-470,-93,569,-383,-286,211,510,617,479
199,571,387,-388,-83,486,-351,-219,183,444,549,400
181,465,286,-334,-58,384,-254,-185,144,373,435,341
133,348,241,-250,-63,291,-200,-164,101,260,344,244
86,261,164,-164,-34,199,-133,-125,67,169,223,155
44,146,85,-117,-19,124,-85,-59,35,117,121,87
14,40,16,-33,16,38,-38,-12,22,48,35,46
-16,-18,-15,19,4,-44,17,13,-14,-24,-32,-20
-48,-119,-76,70,41,-78,57,49,-46,-91,-82,-61
-74,-174,-100,116,35,-149,99,85,-45,-129,-164,-104
-66,-217,-134,157,22,-170,121,99,-71,-146,-183,-161
-86,-256,-160,186,28,-206,127,93,-65,-192,-210,-158
-78,-271,-177,191,34,-219,145,99,-93,-208,-245,-187
-109,-249,-156,194,44,-231,152,111,-94,-215,-246,-212
-111,-282,-184,193,32,-231,132,101,-80,-209,-254,-188
-86,-268,-189,160,30,-195,148,86,-71,-189,-226,-212
-88,-260,-173,170,18,-214,149,106,-82,-183,-250,-186
-81,-220,-144,182,37,-184,148,94,-62,-172,-238,-158
-72,-195,-141,143,32,-189,139,111,-86,-146,-173,-145
-75,-193,-118,138,36,-152,84,78,-66,-152,-149,-148
-62,-183,-84,107,24,-142,100,60,-39,-113,-147,-130
-64,-149,-82,107,14,-137,101,53,-45,-98,-129,-116
-33,-116,-81,54,0,-116,62,35,-60,-80,-128,-104
-41,-81,-60,87,5,-87,54,45,-34,-89,-88,-69
-30,-83,-73,67,-12,-73,54,51,-25,-66,-85,-54
-15,-57,-43,52,6,-64,35,39,-29,-49,-72,-48
-27,-62,-51,44,18,-61,23,14,-3,-50,-36,-35
-25,-24,-40,23,19,-42,47,36,-28,-43,-45,-41
-10,-63,-16,27,18,-33,24,19,-25,-20,-37,-30
-12,-22,-19,19,16,-12,21,13,-10,-23,-25,-15
-25,-22,-25,12,-8,-13,23,-2,-12,-22,-23,-25
-13,-28,-54,26,15,-22,33,7,-8,-26,-42,-45
-9,-12,-24,28,15,-11,11,12,-13,-29,-23,-22
4,-27,-2,8,11,-22,23,-7,-16,-38,-4,1
-24,-18,-25,-1,-9,-5,48,8,-22,-26,-11,-16
-15,-29,-21,23,11,-19,5,-1,13,-17,-21,-20
-21,-7,-2,9,-13,-14,16,14,-7,-19,-16,9
-6,-27,1,-2,-7,-21,10,-4,-6,-25,-24,-33
2,-24,-4,4,1,-7,12,-20,3,6,-6,-24
6,0,-5,0,-8,31,-3,9,-19,-16,-13,-8
-12,-35,8,8,-24,-10,-3,-6,2,1,-2,1
-7,3,7,-4,17,12,-3,10,-15,1,-10,-5
3,10,15,9,1,7,-15,2,13,27,-11,-8
-1,5,27,-10,-16,22,14,-6,-2,-8,-6,7
12,16,-1,0,24,17,-9,10,-4,-13,9,22
-3,11,1,-14,-2,14,-12,-8,6,30,4,-5
3,-2,0,-33,8,29,-12,0,5,17,2,9
-6,22,30,-2,3,17,-16,-8,-4,14,15,1
25,21,25,-40,-6,12,1,-12,2,18,26,10
9,-2,11,-33,6,22,-37,-1,1,37,25,2
-7,27,29,-11,-6,30,-9,-15,15,31,26,21
17,37,33,-43,-29,27,-26,-21,24,27,30,29
17,14,30,-23,-23,42,-43,-20,3,23,33,-3
48,62,17,-43,1,50,-35,-16,11,30,39,15
26,61,11,-37,-4,50,-32,-13,21,62,35,38
27,65,39,-51,4,54,-58,-25,32,56,51,46
17,50,54,-66,-19,73,-50,-41,30,44,85,47
42,98,38,-55,0,61,-49,-52,20,48,73,52
37,84,57,-55,14,66,-27,-35,11,34,100,52
9,70,50,-50,-22,63,-66,-50,42,56,78,66
34,97,75,-44,-3,65,-73,-61,51,100,101,71
45,119,55,-84,6,84,-60,-27,34,84,86,69
35,118,83,-83,-45,93,-63,-52,29,83,116,86
48,96,63,-61,-19,118,-59,-48,39,111,123,104
46,109,82,-95,-26,108,-62,-61,54,84,119,87
40,111,90,-91,-50,117,-81,-64,46,117,145,78
65,168,96,-111,2,117,-79,-31,42,104,135,108
31,152,90,-98,-36,134,-39,-43,49,123,117,119
55,175,118,-97,-37,146,-84,-73,39,130,133,108
60,174,90,-135,-39,173,-81,-68,24,118,170,107
42,200,110,-122,-34,146,-97,-84,45,140,164,121
77,197,136,-129,-7,179,-119,-84,44,156,157,147
62,190,123,-150,-30,167,-96,-71,54,141,182,131
59,198,145,-137,-56,173,-108,-95,56,172,197,122
95,192,137,-142,-39,164,-126,-107,81,163,213,155
73,258,143,-160,-20,199,-136,-91,62,179,223,129
77,221,167,-169,-37,204,-120,-99,69,169,227,160
87,245,172,-186,-28,211,-135,-104,65,179,227,186
93,253,164,-175,-35,209,-147,-115,89,199,237,166
63,266,165,-197,-29,218,-141,-84,83,199,249,193
118,265,200,-175,-35,231,-163,-110,78,202,233,203
96,299,175,-177,-30,223,-163,-102,98,199,260,206
113,302,200,-194,-35,236,-159,-117,91,203,268,193
105,303,208,-180,-37,247,-161,-101,97,221,288,234
135,291,178,-231,-39,255,-173,-148,91,252,277,230
122,316,188,-237,-54,252,-171,-132,102,234,284,216
119,331,208,-223,-64,257,-182,-129,113,248,296,209
113,320,194,-233,-74,271,-170,-141,108,231,317,236
112,339,234,-233,-54,295,-200,-129,101,261,289,228
110,358,221,-220,-50,283,-197,-137,108,259,299,221
99,334,217,-243,-34,301,-184,-150,119,273,316,235
104,373,204,-242,-59,307,-183,-141,106,273,330,240
112,342,233,-262,-65,313,-197,-136,122,270,323,236
126,337,230,-268,-61,286,-207,-159,97,274,337,246
137,373,261,-249,-76,302,-218,-155,126,281,324,252
138,369,242,-261,-60,300,-193,-145,108,278,331,254
120,362,237,-248,-78,302,-220,-146,104,290,344,258
131,378,222,-248,-59,328,-199,-161,90,271,345,277
128,368,257,-257,-36,313,-197,-146,115,273,331,274
91,383,248,-259,-70,303,-211,-139,114,287,346,252
122,392,263,-242,-42,310,-216,-157,115,291,356,261
138,408,235,-241,-48,321,-213,-144,122,276,338,273
121,359,242,-258,-67,298,-198,-152,112,279,337,253
129,389,256,-262,-54,319,-193,-141,114,272,323,266
135,348,244,-226,-58,304,-207,-133,96,272,357,257
114,368,253,-249,-43,294,-191,-142,105,272,344,258
148,363,242,-258,-39,305,-184,-143,102,303,331,258
133,362,236,-243,-62,292,-180,-151,108,261,324,251
119,351,237,-237,-52,258,-177,-134,114,239,320,234
108,359,231,-224,-58,301,-187,-149,64,251,305,248
126,328,221,-239,-44,286,-214,-133,83,294,322,231
117,334,213,-240,-46,291,-196,-121,104,241,311,226
108,320,215,-224,-58,269,-176,-148,102,253,290,225
105,322,207,-241,-51,281,-145,-153,93,239,282,238
115,294,210,-225,-51,270,-172,-122,112,230,270,210
107,325,214,-207,-31,233,-166,-150,95,245,266,212
106,312,207,-204,-49,247,-146,-117,97,222,273,219
95,297,183,-187,-58,250,-146,-130,84,218,264,222
89,289,179,-220,-43,203,-150,-129,90,214,228,217
119,280,159,-173,-53,217,-139,-115,84,212,242,189
82,284,176,-168,-46,228,-144,-99,85,203,230,188
97,255,174,-174,-45,212,-144,-104,65,198,249,178
68,259,159,-167,-59,222,-144,-106,75,204,252,196
92,256,153,-144,-37,195,-135,-114,57,168,225,161
79,222,156,-139,-36,182,-121,-89,73,174,199,175
99,225,125,-169,-38,207,-130,-97,82,175,202,166
60,203,140,-157,-29,184,-102,-76,55,147,181,152
87,220,138,-155,-32,165,-110,-85,42,171,188,143
57,193,119,-130,-20,168,-123,-69,77,140,184,137
66,183,113,-142,-47,160,-94,-63,55,134,148,119
44,156,105,-137,-20,143,-108,-60,34,135,159,129
51,149,109,-112,7,140,-82,-65,61,138,144,92
46,131,92,-114,-38,115,-83,-72,40,117,145,91
49,152,77,-97,-8,105,-104,-75,31,100,152,116
57,139,96,-87,-1,109,-76,-75,55,107,122,97
67,140,107,-90,-9,88,-70,-57,31,94,118,96
29,153,65,-76,-13,83,-73,-68,42,78,113,90
43,115,84,-75,-13,99,-49,-45,42,94,85,85
33,111,69,-51,-4,82,-71,-48,43,75,91,61
10,78,62,-66,-11,92,-44,-40,30,86,101,54
44,99,49,-64,-12,70,-50,-49,24,64,80,67
15,58,60,-49,-16,56,-27,-38,23,63,80,44
42,80,41,-70,-30,47,-52,-7,31,43,63,58
14,69,45,-60,-14,56,-53,-17,31,20,55,54
27,50,51,-33,-13,59,-22,-19,25,52,62,40
10,66,28,-31,-9,47,-25,-34,30,37,46,54
21,53,26,-26,3,42,-23,-7,33,24,31,38
8,27,25,-20,-6,27,-39,-21,4,38,20,31
5,35,31,-19,-17,50,-35,-20,5,25,29,47
25,34,35,-9,-9,7,-18,-11,3,14,33,40
1,30,0,-10,-25,28,-3,5,13,7,37,31
-6,26,0,9,0,5,17,-6,-2,13,32,8
-9,8,7,-40,-11,24,-6,-24,-1,3,22,4
4,27,17,-20,7,3,-16,-7,-4,16,7,-6
-10,-6,3,-15,13,45,-2,-4,28,25,10,-9
14,-3,16,1,-8,7,-3,5,12,17,3,-3
3,-2,6,-8,-2,11,-1,-8,-27,12,10,-6
12,-5,-17,-21,-3,-11,13,11,-6,12,-12,4
-3,-18,-9,1,2,-25,-3,-1,-20,13,2,10
10,-23,-15,-22,16,2,4,-19,0,-3,-12,21
-23,-10,18,16,-4,-25,1,11,-2,1,9,-42
33,-40,-7,24,1,-14,-4,20,-11,7,-4,-29
-12,-14,-15,0,9,-6,3,-4,-9,-17,-27,-18
-6,-1,-3,-4,-11,0,-1,-4,-11,-14,9,13
-20,-17,-26,14,2,-1,21,16,-2,-8,-27,-17
-2,-11,4,30,11,-31,6,1,-10,-28,-19,-20
-28,-1,-3,10,5,0,9,23,-8,-5,-7,-7
-11,-39,-9,5,4,-14,20,4,-15,-14,-10,-31
21,-30,-3,19,-14,-19,-1,-2,-22,-7,4,-11
-16,-13,-8,25,-14,-28,16,-6,9,-35,-39,16
-11,-43,-11,14,0,-3,0,4,-8,-19,-13,-14
8,-1,-12,19,32,-9,-11,13,-11,-16,-24,-12
-7,-23,-27,0,13,-36,1,16,5,0,-30,-6
-11,-16,-25,3,4,-46,-6,-1,18,-14,5,-26
-28,-33,-1,33,10,-27,8,6,-5,-25,-32,-29
-9,-37,-24,24,8,-29,32,3,-2,-24,-27,-5
-18,-32,-19,42,1,-33,32,11,-11,-24,-4,-23
-16,-37,9,19,3,-23,26,25,-2,-37,-11,-9
-31,-14,-9,24,-26,-27,10,14,-30,-25,-42,-33
-6,-46,-10,14,11,-10,14,-7,-1,-17,-29,-32
10,-40,-4,19,3,-8,-3,20,-4,-13,-35,-26
-6,-33,-44,7,11,-7,15,-4,-22,-30,-25,2
2,-9,-4,32,-15,-10,18,19,-14,1,-35,-41
-20,-53,-16,21,6,-28,24,15,-20,-12,-22,-20
-6,-29,-17,7,9,-15,7,16,-8,-7,-23,-21
-13,-24,-26,9,2,-21,15,-11,-17,-26,-37,-9
-19,-41,-16,22,15,-9,25,12,16,-7,-20,-13
-5,-31,-3,26,23,-39,4,21,7,-20,-26,-8
-12,-25,-14,6,5,-23,22,16,4,-23,-44,-38
-21,-27,-18,20,25,-25,43,12,-15,-17,3,-7
6,-38,-18,29,4,-32,2,15,-23,-33,-12,-18
8,-37,-14,11,-23,-19,8,28,-3,-22,-5,-15
-11,-23,-15,16,13,-20,11,2,-13,1,0,-41
1,-15,1,26,0,-39,35,1,4,3,-28,-24
-10,-39,-16,12,-17,-5,-3,47,-17,-21,-24,-2
21,7,-29,15,13,-27,20,6,-21,-7,-26,-22
-20,-18,-4,20,-7,-27,28,1,-29,-2,-12,-32
18,-32,-26,30,3,-30,25,26,1,-26,-30,-27
-5,-25,-10,11,11,-13,16,-6,-5,-23,-20,-16
10,5,-9,37,7,-25,-2,20,-13,-21,-19,-12
-15,-40,-30,19,19,-26,-6,19,-11,-16,-31,-24
-11,-32,-11,-8,15,-20,20,-7,-12,-29,-17,-25
5,-17,-16,-13,15,-29,9,7,6,-7,-7,-13
2,-17,-10,33,-16,-26,2,10,-9,-14,-22,-28
8,-39,-14,-1,9,-45,15,26,-7,-19,-19,-7
-11,-12,-27,10,30,5,20,4,-5,-16,-28,-25
-18,-30,3,28,-4,-21,7,8,0,-8,-15,-20
5,1,-23,9,-4,-20,13,6,9,-25,-5,-11
-13,-42,-8,6,-9,-27,-4,30,0,-18,-14,-16
12,-42,-8,20,0,-27,24,10,-7,-14,-28,-9
14,-31,-9,15,14,-21,13,11,25,-14,-13,-18
-13,-1,-20,12,10,-31,-3,-2,5,-26,-13,-19
14,-20,-9,15,11,-23,-9,9,-13,-7,-5,-12
6,-18,-3,17,22,-2,4,9,3,-29,-30,-14
12,-31,5,34,18,-1,17,5,-8,-5,13,-10
-12,-19,-9,1,-16,-5,-3,13,3,-13,-2,12
23,-14,-25,5,3,-27,19,5,-20,-18,2,-11
-10,-30,24,16,11,9,2,11,-23,-27,-16,-19
6,-29,17,10,-12,-22,7,26,4,-16,11,-7
-15,-5,14,26,10,-11,11,24,3,-8,-20,21
19,-24,-5,27,1,18,-8,16,2,-12,-3,-17
-11,-10,-17,-4,-14,-2,16,-5,-13,-3,-11,-34
-5,-1,-7,24,-1,-15,-17,-22,14,-15,-3,3
10,-39,-16,-13,4,8,-15,22,3,15,-6,0
1,-2,8,14,-6,3,-3,1,-7,-3,-3,-22
1,-12,20,5,-12,15,23,2,13,4,-17,9
22,-1,-12,7,20,-6,-10,-11,2,25,-8,-9
3,3,-2,-21,12,-17,-14,-9,-3,1,-2,6
2,-19,10,25,8,13,-15,-4,9,3,-7,9
-8,1,-17,-7,-13,-16,-4,-3,0,2,-9,1
-1,11,10,-2,-34,4,-12,-7,-2,1,-14,3
-5,-21,-12,-20,-6,-3,16,12,8,6,-1,3
18,-9,7,-16,-14,-1,9,-8,14,9,27,4
6,25,27,9,9,9,-9,-8,8,17,19,18
7,-8,5,-5,7,13,-4,-13,6,8,24,31
-19,35,14,-8,11,-10,-13,-16,-14,25,14,12
41,22,16,-39,0,16,0,-23,7,28,18,26
31,28,25,-4,6,25,-3,-2,1,29,11,36
4,29,19,-10,-44,38,-26,-16,11,36,38,20
17,51,29,-19,-24,45,-27,-11,23,23,30,39
15,43,23,-27,4,38,-30,-1,20,16,65,34
18,78,21,-37,3,47,-29,-12,16,52,54,40
30,75,39,-60,0,52,-41,-14,1,56,59,35
25,65,54,-41,6,58,-40,-26,2,63,67,54
42,97,49,-53,-4,97,-32,-40,28,60,98,46
26,103,55,-41,-15,83,-41,-42,39,55,78,67
24,86,57,-59,-21,80,-47,-39,21,85,93,62
42,119,79,-76,-23,95,-57,-37,51,85,104,90
40,112,65,-98,-29,101,-89,-40,43,74,79,67
13,135,60,-95,-5,104,-82,-52,20,85,106,97
23,134,104,-106,-37,94,-67,-65,44,103,107,78
51,142,91,-96,-9,140,-73,-65,39,122,142,87
58,156,111,-94,-13,142,-78,-62,37,108,141,104
59,169,107,-97,-45,149,-95,-74,68,117,151,114
71,165,99,-110,-17,147,-110,-70,66,141,136,134
69,166,124,-126,-18,151,-89,-73,61,142,160,135
71,175,122,-117,-8,178,-117,-73,69,135,167,131
89,217,117,-140,-44,164,-117,-85,50,157,170,130
79,235,140,-135,-26,166,-130,-81,38,162,157,148
83,217,127,-137,-38,187,-127,-86,53,165,186,153
71,209,129,-150,-41,167,-115,-99,70,171,212,160
90,239,150,-158,-38,214,-144,-86,61,162,206,166
92,227,144,-148,-8,202,-117,-88,81,161,213,165
85,245,175,-162,-51,197,-132,-88,78,181,208,164
80,246,159,-147,-25,194,-130,-78,74,180,227,166
90,262,175,-159,-59,220,-145,-98,81,191,236,190
76,258,169,-171,-49,195,-136,-91,77,194,222,167
94,256,163,-171,-36,213,-144,-107,90,214,227,164
86,247,154,-174,-39,216,-161,-92,82,179,227,188
74,282,148,-176,-34,215,-171,-96,85,195,249,179
96,244,171,-150,-46,204,-134,-114,72,195,224,182
85,247,170,-174,-17,215,-120,-125,91,185,233,158
97,251,187,-176,-23,212,-146,-70,73,188,236,151
109,255,169,-189,-52,201,-144,-100,59,159,221,182
73,240,146,-156,-56,191,-160,-107,75,186,220,172
103,228,159,-161,-45,192,-141,-75,53,170,220,165
84,218,157,-151,-37,183,-136,-70,102,155,187,152
79,218,149,-146,-35,180,-116,-77,82,152,206,151
79,227,149,-155,-17,204,-114,-88,58,148,188,160
72,206,127,-142,-33,172,-103,-66,71,142,198,139
72,196,120,-142,-35,162,-114,-67,66,147,193,139
64,182,126,-127,-25,162,-102,-91,58,131,175,122
60,185,110,-118,-38,137,-97,-71,61,140,170,119
62,169,100,-110,-40,122,-117,-55,48,144,150,136
66,147,93,-109,-12,148,-95,-59,57,97,151,99
49,125,91,-95,-25,112,-83,-41,40,104,142,109
36,128,95,-100,0,86,-84,-51,57,95,134,102
42,123,75,-94,-25,110,-68,-62,41,87,87,99
36,103,79,-98,-27,110,-45,-68,27,102,112,96
52,99,76,-61,-15,90,-71,-37,28,85,103,73
37,84,62,-84,-27,73,-49,-42,32,90,91,78
11,115,54,-55,-14,63,-72,-49,22,47,100,70
51,55,43,-62,7,70,-48,-49,29,47,55,54
45,94,66,-56,-21,61,-55,-27,20,55,66,44
37,80,41,-36,-11,52,-34,-21,32,49,28,33
16,56,26,-39,-18,54,-22,-15,7,46,78,19
12,55,39,-69,10,16,-44,-1,41,33,49,29
6,51,-4,-42,11,42,-20,-29,15,37,38,49
27,44,28,-12,-1,57,-18,-26,27,31,61,15
8,26,20,-44,-3,21,-26,-20,-3,35,42,41
13,24,35,-23,-16,15,-17,-7,5,33,45,23
18,39,8,-45,-4,25,-20,-24,2,28,28,16
-8,7,5,-25,-22,39,-16,-6,42,37,27,26
-9,28,18,-29,-3,28,-49,-22,11,6,24,24
11,11,6,-12,-16,38,-33,1,8,28,19,20
21,29,-8,-9,-20,6,-16,0,24,9,10,11
1,23,7,2,-15,24,1,6,6,-14,4,14
18,7,2,-4,-13,-12,11,-18,-5,15,-7,10
-5,-7,21,8,-15,13,-25,-17,-1,-19,-12,7
21,-9,6,10,14,36,-11,-27,-24,4,-4,6
-16,-15,14,18,-16,-14,16,13,-7,-19,-23,8
7,-3,-5,-3,2,4,3,3,-19,-6,-16,-1
-9,-36,-36,4,-16,-10,30,9,3,-30,-17,-21
-12,-27,-11,17,4,0,33,25,1,-14,-3,-18
-17,-51,-19,44,-14,-45,15,17,-1,-16,-68,-40
-31,-25,-37,41,21,-48,56,31,-23,-38,-56,-37
-5,-104,-53,38,4,-54,42,25,-31,-38,-53,-55
-37,-79,-49,41,5,-81,49,31,-38,-70,-89,-43
-17,-87,-60,76,-12,-75,82,64,-25,-75,-65,-60
-43,-111,-77,75,20,-104,82,45,-37,-95,-101,-76
-34,-141,-77,91,28,-103,83,52,-23,-81,-107,-89
-55,-134,-90,84,35,-96,73,53,-64,-89,-132,-95
-40,-132,-97,102,33,-103,76,62,-45,-138,-130,-106
-23,-153,-77,92,22,-131,85,70,-45,-96,-125,-100
-46,-146,-112,99,17,-119,76,63,-50,-109,-125,-100
-42,-136,-105,84,31,-99,53,67,-53,-100,-114,-111
-49,-112,-58,74,25,-91,51,61,-58,-86,-120,-57
-21,-57,-55,61,1,-88,60,33,-34,-43,-80,-42
-13,-46,-18,31,4,-52,19,18,-19,-32,-22,-11
0,18,24,-4,-3,6,7,-6,5,11,-5,-4
37,69,55,-34,-21,56,-58,-30,33,60,72,60
45,137,92,-107,-44,104,-82,-56,26,115,138,96
85,249,160,-178,-23,186,-146,-89,62,167,212,165
114,341,224,-228,-59,261,-202,-127,113,273,306,219
155,420,307,-298,-67,368,-235,-192,123,333,408,307
186,543,342,-355,-84,459,-292,-217,162,391,462,351
226,648,398,-446,-95,526,-366,-260,208,490,573,440
267,769,497,-503,-123,621,-404,-291,227,563,674,498
286,811,565,-558,-119,704,-470,-316,277,628,764,596
320,907,598,-618,-157,777,-512,-375,281,687,810,628
348,972,625,-675,-148,802,-563,-384,295,745,896,672
378,1031,650,-689,-155,839,-559,-403,305,794,937,684
357,1044,635,-722,-163,839,-558,-427,320,767,927,708
343,1015,659,-679,-142,821,-560,-403,286,782,913,690
331,988,636,-675,-156,798,-550,-387,292,720,873,692
332,908,579,-624,-139,748,-509,-363,283,685,806,650
295,829,533,-567,-112,691,-454,-322,229,603,730,579
239,727,466,-507,-113,612,-385,-311,206,562,654,498
204,631,406,-421,-108,530,-353,-248,184,457,555,443
166,514,339,-348,-63,424,-280,-221,157,397,466,341
148,390,249,-274,-58,336,-217,-148,126,296,355,271
77,279,186,-200,-39,238,-182,-128,94,217,256,205
64,203,133,-116,-2,159,-96,-47,48,156,152,122
19,84,37,-57,-33,82,-27,-8,31,55,85,48
-6,-6,6,-9,-7,5,19,-8,3,-4,-5,8
-7,-70,-52,38,14,-56,30,16,-29,-36,-51,-40
-37,-131,-83,103,8,-106,80,48,-46,-107,-102,-109
-74,-179,-102,119,8,-150,102,68,-33,-129,-163,-136
-79,-221,-118,135,26,-189,111,74,-61,-134,-198,-146
-72,-247,-141,176,37,-182,125,87,-79,-194,-194,-139
-78,-230,-155,163,19,-201,118,108,-59,-180,-216,-155
-60,-228,-170,155,30,-195,156,115,-86,-180,-210,-165
-84,-240,-154,159,20,-185,155,118,-64,-180,-209,-158
-91,-221,-128,175,40,-184,92,91,-59,-170,-204,-173
-58,-198,-124,126,16,-151,101,98,-64,-146,-177,-136
-88,-187,-108,127,14,-159,97,79,-68,-121,-148,-103
-72,-150,-91,104,14,-122,94,45,-61,-137,-127,-101
-46,-139,-68,73,23,-107,71,47,-30,-109,-128,-90
-30,-136,-70,57,19,-110,30,29,-29,-90,-91,-78
-23,-76,-58,59,4,-79,36,37,-33,-60,-91,-73
-40,-72,-54,36,2,-56,12,20,-5,-40,-43,-32
0,-28,-47,56,14,-26,35,5,-18,-41,-46,-26
-19,-41,-26,7,27,-24,36,0,-28,18,-30,-18
-23,-14,-32,18,18,-12,34,-1,-12,-18,-31,-24
16,3,7,30,-10,-26,11,7,-13,-11,-7,9
-17,9,7,22,22,10,-6,20,4,11,13,-6
-5,4,-2,14,1,-6,-4,-4,9,5,18,22
-23,22,4,-14,-3,-13,-18,-29,-4,21,9,17
2,17,19,-19,2,18,-13,22,-10,24,40,17
-4,12,12,11,-13,23,13,1,27,9,18,-3
13,19,34,-9,-9,36,-20,-12,11,25,24,15
18,34,20,-12,2,22,2,-18,12,10,22,17
13,21,27,-6,-16,7,-9,-18,8,11,12,12
21,28,15,-18,-16,44,-20,-18,4,5,8,35
18,65,14,-13,6,20,-17,-4,28,21,17,13
7,15,27,-47,-11,35,-39,-24,-12,23,26,27
17,34,30,-36,-6,20,-32,-19,9,26,35,34
21,47,27,-37,-6,32,-25,-21,14,30,26,31
0,19,43,-30,-22,31,-29,-21,7,39,47,43
17,44,32,-50,7,37,-23,-28,23,42,22,11
31,55,32,-6,-8,33,-37,-14,12,27,40,28
22,57,45,-47,21,25,-31,-27,33,35,48,40
18,54,38,-33,-24,44,-54,-15,27,63,44,40
28,76,22,-41,0,59,-30,-17,25,44,67,63
25,68,45,-60,-23,56,-34,-42,15,47,53,76
28,77,45,-46,-20,67,-31,-51,23,65,72,65
5,65,60,-40,-8,54,-35,-4,35,60,77,79
30,87,58,-60,-3,41,-60,-51,56,54,75,49
52,83,40,-58,5,65,-35,-27,34,70,71,64
48,76,71,-61,-7,79,-66,-37,29,64,76,66
51,122,70,-66,3,81,-49,-46,37,59,107,76
47,101,67,-83,-32,97,-57,-40,43,81,103,81
29,133,75,-59,-8,75,-74,-42,23,72,95,77
45,112,79,-70,-15,102,-72,-50,51,98,102,67
30,114,71,-85,-1,102,-75,-50,51,101,136,71
22,123,121,-98,-36,121,-93,-46,47,68,127,100
60,143,92,-100,-20,107,-76,-54,29,118,131,84
78,148,94,-98,-14,118,-77,-69,42,110,136,103
49,163,118,-126,-20,103,-70,-57,42,111,169,119
61,172,101,-112,-34,119,-87,-79,74,141,133,101
76,179,113,-133,-27,153,-102,-69,43,130,147,102
69,169,99,-123,-25,138,-74,-70,44,140,158,129
59,190,112,-134,-35,156,-93,-98,68,144,176,115
67,207,142,-140,-22,168,-95,-83,64,148,199,131
69,207,118,-138,-37,179,-127,-83,62,149,184,141
45,215,142,-163,-44,171,-124,-119,74,153,209,170
102,208,141,-152,-23,194,-118,-76,63,161,223,151
77,244,150,-168,-20,196,-116,-92,60,171,225,145
82,253,137,-169,-40,223,-132,-110,59,192,205,167
75,245,157,-182,-44,229,-116,-104,79,194,238,158
66,253,159,-157,-40,218,-139,-119,76,202,233,181
103,280,194,-176,-45,234,-133,-100,90,199,236,190
113,280,164,-193,-26,244,-160,-122,85,214,245,207
92,296,201,-196,-48,243,-164,-86,83,219,277,203
103,318,169,-206,-33,266,-163,-114,69,243,262,193
100,303,209,-210,-41,247,-190,-113,94,199,276,189
100,299,207,-220,-46,267,-160,-154,115,221,291,226
125,303,209,-221,-45,290,-155,-144,99,253,276,244
103,323,234,-212,-59,304,-156,-130,73,252,289,241
123,341,212,-240,-36,266,-200,-137,99,258,306,225
112,342,207,-252,-41,282,-180,-148,110,264,328,270
123,358,240,-227,-49,279,-197,-140,118,282,321,250
114,369,225,-251,-62,301,-217,-147,101,284,338,242
127,378,251,-256,-66,318,-208,-141,106,306,341,255
133,372,244,-255,-28,310,-193,-126,125,282,350,281
140,384,259,-247,-54,309,-212,-166,134,303,356,267
123,411,238,-263,-62,331,-209,-136,111,297,333,265
155,404,261,-275,-60,350,-191,-152,110,299,350,275
143,393,256,-292,-73,330,-218,-142,131,321,359,287
154,430,250,-255,-71,352,-221,-161,136,306,373,298
146,433,250,-283,-74,330,-235,-177,135,309,381,278
129,403,263,-312,-67,346,-221,-159,147,309,366,303
158,408,267,-287,-41,337,-251,-180,122,308,391,301
149,422,254,-299,-54,352,-224,-165,121,341,383,300
136,431,300,-279,-70,359,-234,-174,133,308,382,326
159,435,283,-300,-82,353,-250,-177,115,324,398,306
168,417,291,-295,-65,385,-240,-164,121,297,354,303
146,392,273,-277,-61,355,-233,-161,136,323,383,308
161,420,298,-289,-66,349,-258,-183,126,324,379,299
132,444,270,-298,-49,376,-248,-171,116,329,368,301
182,442,274,-297,-49,342,-253,-174,130,321,390,309
143,410,272,-289,-33,356,-234,-160,132,319,365,307
152,423,286,-312,-71,333,-240,-168,120,302,393,297
156,394,241,-272,-82,336,-254,-145,122,316,367,300
181,422,281,-258,-55,335,-229,-168,129,302,355,296
151,390,274,-274,-59,334,-212,-155,124,295,367,284
144,419,244,-282,-40,342,-193,-171,105,298,357,271
135,399,243,-262,-67,327,-220,-177,99,306,349,278
112,380,255,-251,-65,335,-213,-145,119,266,359,267
125,368,242,-267,-63,311,-206,-154,103,284,356,246
129,385,235,-233,-51,310,-195,-140,129,282,320,271
119,365,232,-257,-58,286,-208,-136,80,281,337,244
124,342,223,-250,-40,300,-195,-123,112,254,315,256
107,331,237,-233,-72,299,-183,-131,102,290,326,250
114,348,219,-238,-61,302,-186,-131,96,261,327,250
113,339,187,-235,-63,279,-178,-148,101,259,284,239
120,334,219,-232,-44,257,-189,-114,92,216,304,218
113,321,191,-224,-50,265,-187,-130,102,236,299,226
109,309,194,-195,-29,257,-184,-133,93,230,299,215
86,297,211,-179,-55,219,-177,-133,106,225,253,204
115,303,198,-212,-44,238,-168,-115,92,210,251,210
102,274,184,-210,-39,216,-164,-110,76,193,244,215
95,290,158,-151,-55,239,-178,-112,79,195,248,201
69,264,161,-165,-20,237,-150,-104,77,206,209,211
118,239,179,-176,-34,206,-146,-124,83,203,248,165
78,255,166,-173,-45,191,-134,-106,87,170,245,160
69,227,169,-144,-33,204,-131,-93,91,172,207,165
90,223,116,-176,-29,179,-109,-94,62,165,219,152
75,214,136,-137,-21,195,-132,-98,59,167,190,150
79,216,141,-147,-30,184,-116,-80,62,154,168,131
61,215,111,-131,-35,157,-110,-88,75,151,173,140
58,179,100,-118,-23,159,-112,-77,60,138,159,140
64,178,126,-139,-12,141,-110,-68,61,106,162,127
48,167,122,-117,-34,148,-105,-58,40,121,141,130
72,160,100,-101,-33,129,-76,-52,26,141,142,122
24,147,100,-78,-26,138,-102,-45,39,107,126,119
34,137,101,-99,-31,135,-82,-78,39,123,149,111
25,137,99,-84,-17,106,-83,-54,44,120,120,102
41,120,91,-75,-26,86,-82,-45,50,107,128,112
58,119,76,-89,-26,90,-81,-64,38,74,140,80
46,110,59,-70,-29,85,-102,-42,28,87,96,66
45,125,76,-74,-4,98,-82,-59,32,66,94,84
40,88,61,-63,-21,104,-59,-30,54,89,99,82
18,86,47,-79,-9,69,-46,-54,20,65,98,49
34,86,46,-52,6,67,-26,-22,28,92,102,57
16,63,61,-76,1,63,-51,-40,33,61,78,58
23,66,58,-89,-13,69,-46,-38,6,73,64,61
38,75,46,-44,-5,69,-17,-9,18,48,70,59
17,80,72,-51,-18,62,-46,-26,16,62,49,60
13,81,60,-22,-20,50,-30,-28,16,45,86,43
22,54,41,-52,-1,60,-41,-16,11,72,50,31
15,40,40,-51,3,38,-19,-35,13,52,63,65
32,42,24,-24,-9,20,-17,-48,24,38,42,39
32,48,39,-33,-19,42,-19,-27,8,29,63,25
15,40,24,-23,-1,36,-49,-27,15,27,51,41
16,42,29,-28,-11,21,-6,-24,12,14,29,48
24,60,13,-22,3,39,-28,-26,1,22,38,36
28,29,33,-7,-9,25,-31,5,20,27,41,44
12,32,15,-23,-1,24,-11,-18,7,15,57,32
2,29,25,-13,3,35,-5,0,21,19,30,21
12,53,4,-16,-19,40,-8,-24,-7,18,25,13
19,12,21,-28,-13,38,-34,-10,15,31,27,6
-3,33,5,-19,2,31,-34,6,17,26,28,7
-2,24,10,-12,-20,36,-26,-33,8,16,25,12
18,22,26,-27,-22,21,-28,1,6,30,29,26
9,40,13,-32,-1,25,-1,-4,11,36,23,1
-3,33,1,18,0,9,-14,-24,-4,35,18,16
-9,21,17,-25,21,16,-6,-14,-10,18,36,1
6,40,23,-19,15,34,-25,-8,-17,3,14,16
-8,34,21,-7,-12,18,-15,-15,5,10,5,21
1,32,20,-1,-15,10,-22,-10,11,19,22,18
1,23,8,-15,-4,23,-9,-24,2,37,36,-3
12,37,-4,-20,-14,33,-12,-6,10,21,21,14
-2,33,29,-45,-6,4,-36,-22,8,17,10,15
-3,36,12,-23,-8,32,-20,11,-3,5,28,40
5,52,31,-21,4,25,-28,4,4,9,22,21
4,9,19,-16,-4,14,-10,-20,14,33,16,14
22,2,-1,-24,-6,27,-16,7,8,35,28,14
31,31,27,-16,9,29,-19,-10,23,8,12,11
31,36,11,0,10,-15,-13,7,-14,31,35,10
-17,42,0,-38,10,7,-34,-25,-7,49,41,6
11,17,28,-34,-10,28,-21,-8,4,19,7,12
0,-4,20,-26,3,38,-17,-12,-2,37,19,6
21,22,1,-44,-14,8,-22,-7,24,-5,42,14
21,16,20,-10,13,22,-9,-6,12,32,35,18
23,42,19,-11,-11,11,1,9,-9,22,7,35
-2,21,20,-31,1,29,-2,-6,-9,10,13,14
4,37,10,-11,1,23,-12,2,10,20,36,-6
23,24,26,-11,-12,29,-5,-2,-3,0,25,21
3,13,19,-25,21,41,-9,-11,7,33,21,3
0,22,28,-27,-9,28,-29,-27,-18,13,10,14
9,21,9,-33,11,21,-6,-2,21,33,44,-5
23,47,31,-17,1,21,-17,-11,-6,28,25,32
9,32,-1,-5,11,50,-21,-29,17,25,29,22
-9,21,15,-20,-13,29,-12,-1,-5,4,29,6
4,33,18,-11,7,33,-22,-17,7,37,18,34
4,50,17,-32,-22,-10,-54,10,19,13,12,16
5,23,8,-27,-15,35,-23,-10,7,25,25,21
-21,14,18,-3,-13,27,3,-24,21,18,33,25
22,29,5,-28,-8,28,-6,-3,31,8,28,22
7,27,35,-23,19,25,-7,1,-3,27,21,23
6,25,23,-8,11,48,-36,13,0,29,20,19
32,41,19,-19,-16,19,-9,-24,9,9,16,0
13,33,15,-31,14,25,-15,-16,16,6,37,15
8,41,15,-35,-14,20,3,-38,13,35,19,22
19,40,35,-15,6,28,-12,-9,18,12,38,22
19,38,25,-17,-21,29,-23,-21,8,16,51,30
39,47,44,-17,-2,7,-33,-18,9,36,18,28
3,39,19,-20,-3,25,-19,-26,4,9,29,18
14,37,6,-19,-4,35,-19,-20,13,24,21,17
12,40,35,-28,3,21,-18,-9,17,4,25,0
8,27,17,-23,-17,21,-38,-2,3,7,24,20
11,62,15,0,-40,36,-13,-27,11,27,34,10
21,11,17,-29,8,25,-28,-3,13,12,18,22
26,55,26,-35,-5,44,-18,-25,-15,33,32,4
8,51,17,-29,-18,35,-11,-12,5,21,48,44
23,32,18,-17,-12,45,2,-4,22,35,30,29
4,22,25,-31,-6,34,-28,-23,17,37,36,26
25,33,29,-30,-12,36,-19,-34,5,9,16,58
5,41,15,-39,-22,10,-29,-21,-1,30,43,37
15,17,20,-14,-8,43,-12,-28,13,31,33,43
16,36,22,-26,-14,19,-29,-1,21,39,46,33
3,54,21,-32,-16,23,-11,-31,28,1,32,46
-5,71,32,-6,-21,31,-27,0,-2,27,53,21
1,41,23,-48,-10,42,-52,-20,5,37,26,36
18,47,49,-45,-8,24,-19,-24,1,32,21,26
29,63,34,-42,-11,62,-30,-26,0,40,48,15
25,65,36,-18,-1,50,-42,-16,33,39,38,40
25,37,34,-20,-15,26,-31,-16,8,35,53,27
28,57,40,-44,10,73,-36,-29,13,40,55,40
19,71,36,-56,-29,52,-46,-28,17,50,42,45
15,52,30,-40,-7,42,-42,-15,10,39,58,66
32,78,39,-57,-6,50,-52,-3,49,30,67,62
23,56,39,-39,12,76,-35,-20,9,46,54,43
22,61,35,-47,1,71,-73,-32,48,39,77,54
35,79,38,-55,12,99,-36,-23,51,60,76,64
20,86,44,-64,-19,69,-48,-51,16,55,87,89
9,104,77,-37,-6,63,-54,-46,30,67,69,78
24,95,59,-63,-5,87,-76,-37,11,62,116,62
32,121,55,-71,-1,88,-60,-39,25,91,100,66
28,86,55,-84,-31,92,-83,-25,48,74,106,90
55,130,90,-92,1,104,-66,-61,35,101,131,92
76,114,77,-101,-4,124,-64,-57,41,62,116,81
65,110,84,-87,-18,108,-54,-65,62,83,108,118
53,142,100,-99,-22,113,-75,-69,65,122,137,110
59,174,102,-107,-2,134,-85,-48,54,108,124,132
78,176,108,-112,-9,122,-98,-75,30,137,149,117
36,157,102,-106,-31,152,-78,-48,51,154,138,115
87,186,129,-137,-27,155,-82,-81,70,134,171,124
71,196,111,-126,-33,165,-106,-92,72,142,172,127
78,206,134,-181,-22,182,-119,-74,55,146,173,145
69,212,145,-135,-21,179,-113,-87,58,153,191,162
72,204,145,-165,-20,207,-112,-104,58,174,187,146
97,234,159,-175,-34,202,-132,-104,73,179,217,160
105,244,164,-168,-24,221,-145,-76,61,211,197,169
75,269,153,-164,-26,199,-140,-81,76,193,216,193
97,254,145,-183,-52,225,-155,-92,69,203,228,175
99,273,158,-191,-45,214,-171,-122,60,187,263,189
93,269,171,-197,-44,235,-131,-111,74,213,238,185
81,267,172,-193,-27,243,-144,-96,97,207,232,213
120,266,189,-213,-34,232,-148,-113,80,217,245,197
111,291,196,-212,-71,250,-155,-114,97,225,245,192
93,310,172,-191,-63,255,-175,-107,78,200,249,210
101,296,196,-224,-43,253,-139,-123,87,222,251,209
108,309,203,-204,-21,246,-143,-116,80,245,263,194
81,279,174,-205,-31,240,-170,-132,88,224,276,224
113,292,184,-216,-46,230,-174,-129,106,231,257,211
136,295,175,-212,-31,234,-174,-117,88,232,272,214
102,300,186,-212,-41,217,-168,-112,83,209,264,221
90,288,185,-212,-42,249,-169,-117,75,224,242,186
97,300,202,-197,-46,237,-136,-120,84,184,262,213
107,296,195,-206,-22,223,-172,-137,82,224,251,184
106,284,180,-193,-50,213,-162,-120,100,187,234,203
91,274,187,-197,-53,229,-149,-122,78,206,240,205
74,271,154,-191,-51,221,-173,-104,94,205,255,171
92,235,148,-167,-57,228,-131,-84,70,194,234,175
83,249,156,-169,-51,209,-147,-128,63,184,219,172
89,244,174,-154,-47,193,-147,-110,50,176,222,171
78,217,159,-167,-24,191,-129,-115,51,168,209,157
81,237,152,-146,-45,183,-121,-100,65,168,193,153
78,213,137,-159,-30,166,-120,-78,64,162,206,160
48,204,131,-137,-29,173,-124,-86,57,146,200,144
60,193,132,-129,-39,172,-119,-79,60,152,160,126
84,200,113,-126,-30,163,-110,-91,53,125,159,120
81,170,110,-113,-43,171,-116,-60,56,117,181,110
70,175,109,-122,-30,156,-79,-58,35,134,164,120
55,163,104,-119,-42,105,-106,-53,46,113,132,108
56,181,109,-104,17,132,-67,-56,63,115,142,112
48,140,104,-103,-22,141,-73,-40,45,108,157,95
63,129,89,-97,-27,114,-71,-38,53,94,92,105
46,115,74,-101,-35,105,-54,-62,30,92,121,106
50,109,83,-89,-11,76,-63,-61,54,85,114,79
34,113,65,-90,-20,86,-67,-51,51,74,105,80
41,89,68,-85,-12,109,-62,-44,41,89,97,76
42,103,76,-81,-1,69,-49,-43,26,77,78,69
36,91,84,-65,-16,70,-28,-56,43,73,88,75
23,99,60,-73,-10,54,-62,-55,5,69,75,49
19,78,27,-78,-7,75,-33,-12,34,52,85,68
9,72,42,-70,-5,82,-25,-8,7,53,81,57
17,84,48,-62,-13,63,-43,5,-2,59,54,47
2,50,29,-29,-19,73,-32,-34,28,55,61,57
11,73,35,-38,-16,72,-54,-32,17,45,50,29
14,52,36,-48,-12,52,-34,-39,15,39,75,44
2,86,39,-27,17,55,-36,-25,18,46,71,45
33,46,15,-52,-11,53,-25,-7,-10,47,43,35
30,44,45,-56,-16,43,-11,-38,6,24,28,22
13,59,27,-26,-26,40,-14,-17,14,22,58,12
30,41,27,-9,-17,23,-15,-7,-11,48,36,17
12,22,15,-27,-19,18,-4,2,1,15,19,13
6,24,14,-35,-24,33,-19,1,8,19,17,22
13,30,14,-7,-3,15,-5,-7,1,5,26,8
-1,34,-2,-18,-20,10,13,-3,-19,12,2,-9
-14,6,-26,28,-22,-2,-11,8,7,-23,3,-5
7,-18,-27,7,7,-6,5,23,4,-9,-30,2
-13,-16,-16,19,-4,-16,38,0,-8,-34,-21,-33
-5,-20,-42,15,9,-44,39,0,-10,-39,-54,-26
-28,-77,-39,41,14,-46,43,12,-25,-61,-58,-46
-16,-90,-45,39,14,-59,55,5,-18,-73,-64,-58
-36,-96,-60,69,2,-68,60,66,-34,-61,-61,-68
-40,-92,-51,47,-12,-78,56,27,-27,-69,-96,-80
-27,-101,-70,56,9,-84,52,33,-36,-71,-90,-75
-36,-101,-77,68,-2,-88,73,16,-33,-94,-99,-51
-30,-106,-50,68,25,-78,57,43,-44,-65,-87,-74
-51,-67,-36,49,38,-59,52,11,-22,-65,-74,-46
-15,-62,-53,30,26,-45,61,14,-16,-65,-53,-35
-2,-47,-12,10,3,-32,-7,27,9,-16,-28,-15
19,11,-7,-15,9,32,-9,-9,11,17,18,2
43,93,51,-41,-5,69,-53,-18,33,75,55,30
55,177,75,-112,3,143,-79,-52,49,83,147,98
77,238,136,-163,-38,212,-153,-91,67,166,205,164
96,310,210,-229,-45,270,-175,-107,102,258,310,210
134,425,265,-289,-51,352,-232,-163,108,309,364,295
165,528,345,-380,-75,453,-302,-235,178,378,480,363
218,631,414,-405,-83,543,-343,-228,186,486,599,437
243,745,472,-531,-119,618,-399,-293,231,541,671,544
301,860,533,-555,-148,699,-469,-343,257,630,748,574
326,905,608,-611,-146,764,-479,-375,273,693,832,640
341,979,634,-675,-141,831,-539,-406,295,753,892,681
360,1034,664,-728,-141,851,-569,-419,309,776,947,746
373,1063,680,-721,-146,870,-581,-430,310,803,961,750
399,1072,692,-716,-174,893,-587,-424,323,815,971,752
360,1038,682,-688,-144,859,-558,-404,301,760,948,725
335,999,639,-670,-144,836,-571,-413,301,743,882,701
308,927,595,-629,-103,751,-521,-356,273,707,816,651
299,844,540,-554,-128,702,-432,-337,256,641,748,602
240,732,477,-506,-117,605,-404,-308,215,540,666,520
199,630,415,-438,-93,524,-340,-250,211,474,552,438
164,472,333,-349,-69,436,-287,-218,141,373,448,347
134,383,259,-257,-55,325,-240,-164,122,277,369,283
85,267,198,-167,-35,228,-185,-111,75,205,260,183
63,185,113,-119,-44,146,-87,-69,57,111,175,142
30,75,49,-62,-1,67,-51,-30,24,75,84,68
7,-13,3,-23,-2,6,-26,-11,13,11,21,-4
-14,-52,-45,24,-1,-38,32,38,-6,-47,-43,-21
-47,-138,-89,84,12,-101,69,33,-16,-93,-100,-74
-57,-174,-113,106,44,-120,88,68,-45,-120,-144,-106
-59,-191,-119,140,19,-132,69,87,-68,-157,-162,-109
-79,-185,-142,143,35,-145,122,80,-58,-147,-183,-123
-57,-209,-124,140,36,-187,115,72,-76,-159,-181,-162
-70,-198,-109,169,40,-178,124,73,-72,-152,-166,-143
-89,-186,-141,132,11,-151,90,86,-86,-136,-187,-133
-53,-182,-107,129,26,-161,98,90,-77,-119,-156,-110
-35,-154,-137,95,45,-128,85,53,-51,-121,-161,-119
-57,-156,-94,90,4,-117,80,70,-56,-131,-141,-112
-41,-115,-80,85,40,-108,75,70,-35,-101,-77,-70
-40,-100,-69,72,22,-70,49,47,-14,-80,-84,-78
-18,-74,-40,46,20,-51,62,38,-6,-51,-84,-63
-5,-48,-32,30,-8,-31,43,35,-18,-38,-24,-40
-21,-29,-4,34,22,-26,18,16,-12,-23,-52,-33
-3,-2,8,0,-3,1,1,-9,-15,-12,-47,-7
0,1,25,-13,-5,23,10,5,19,-6,10,3
-6,1,17,-4,-16,10,-27,2,-2,16,-5,11
12,3,20,-7,-8,7,-12,-14,4,0,29,-2
14,25,13,-20,-17,27,-5,2,9,24,21,16
6,25,43,-38,16,37,-32,1,15,10,10,33
21,32,40,-30,-8,40,-43,-47,14,30,51,23
33,38,26,-35,-25,57,-21,-19,23,53,33,32
13,56,41,-34,20,24,-18,-10,5,49,45,53
32,35,18,-48,-17,45,-30,-30,15,60,48,41
30,64,36,-40,-18,35,-18,-20,39,34,37,28
4,61,35,-43,-9,55,-22,-28,16,47,41,40
6,52,41,-42,-9,40,-62,-35,19,47,38,45
1,41,35,-36,4,62,-35,-28,11,25,41,36
47,69,32,-30,-28,22,-38,-36,25,57,42,55
44,72,38,-46,-10,66,-28,-18,9,59,66,44
23,50,61,-51,-15,55,-50,-48,18,50,29,65
14,58,35,-46,-1,65,-45,-11,13,31,49,45
23,67,28,-49,-3,42,-35,-23,24,54,58,57
24,74,48,-45,-26,49,-28,-29,14,58,87,51
21,55,40,-51,-32,70,-40,-21,28,53,88,46
33,97,38,-28,-9,85,-64,-20,14,40,87,62
31,88,63,-52,-6,85,-47,-26,29,61,89,71
24,69,61,-54,-13,70,-44,-32,24,59,75,58
34,97,86,-74,-9,88,-58,-27,30,76,102,55
43,106,71,-46,-18,96,-56,-21,59,78,71,53
28,88,84,-63,-23,93,-38,-22,45,92,82,75
29,82,86,-83,-37,82,-48,-38,55,102,84,64
45,104,81,-70,-14,97,-47,-47,32,79,92,86
41,127,92,-74,-9,113,-89,-45,33,102,114,76
31,128,60,-85,-2,96,-68,-57,47,108,98,82
32,108,86,-95,-27,92,-67,-35,33,69,105,100
42,128,77,-84,-26,100,-58,-48,45,111,109,77
53,152,96,-83,-33,132,-88,-51,34,103,119,84
43,142,107,-114,-17,143,-61,-50,40,125,151,99
38,154,93,-105,-39,150,-71,-65,45,116,126,99
61,160,98,-119,-38,120,-93,-81,66,129,140,110
49,194,130,-117,-29,135,-91,-79,67,118,162,114
73,184,118,-119,-25,142,-107,-76,75,126,141,124
52,177,122,-120,-19,186,-95,-76,46,140,181,130
75,207,156,-127,-33,174,-94,-63,70,142,169,106
54,198,136,-127,-17,160,-107,-102,60,148,178,125
88,198,122,-144,-23,190,-97,-79,75,160,202,130
72,216,146,-167,-45,191,-143,-96,68,161,212,138
81,217,142,-158,-29,181,-117,-88,66,159,213,154
93,232,146,-145,-35,220,-133,-100,78,159,206,162
82,256,163,-188,-40,212,-145,-121,75,181,237,169
111,261,141,-192,-28,215,-143,-103,78,197,237,191
96,265,156,-174,-41,229,-160,-121,96,208,230,195
120,278,165,-199,-32,245,-150,-97,79,217,247,203
119,292,172,-207,-35,251,-158,-112,99,230,273,200
111,309,193,-208,-51,256,-163,-131,87,238,257,201
106,294,208,-190,-25,254,-157,-120,83,211,280,194
110,330,226,-207,-47,266,-170,-133,87,246,283,237
122,329,224,-244,-68,280,-166,-91,101,237,273,221
107,322,207,-233,-31,256,-198,-134,91,258,328,262
134,337,239,-229,-55,280,-192,-118,108,268,317,226
112,353,230,-236,-54,311,-197,-158,118,257,303,234
114,356,214,-253,-70,286,-203,-140,130,271,316,249
129,378,226,-256,-60,312,-192,-149,116,277,352,267
129,386,236,-237,-63,310,-205,-144,109,286,356,275
138,384,250,-273,-58,297,-225,-142,103,306,330,267
139,397,237,-260,-72,326,-215,-141,105,296,338,270
126,391,250,-280,-64,330,-215,-149,110,296,363,274
152,408,262,-269,-66,345,-229,-144,106,297,353,282
154,418,253,-281,-62,343,-228,-175,128,300,392,308
154,422,283,-281,-57,334,-226,-159,125,325,374,297
160,422,275,-294,-56,350,-247,-162,121,317,375,311
180,433,281,-303,-66,350,-238,-159,123,338,405,294
144,429,288,-286,-69,361,-235,-172,116,324,393,291
181,443,274,-303,-53,331,-220,-179,128,325,402,308
153,418,276,-309,-74,345,-259,-171,133,345,411,306
163,453,286,-307,-60,364,-258,-195,120,353,388,327
168,448,273,-324,-76,359,-233,-192,134,332,393,307
156,446,282,-309,-75,377,-244,-168,142,321,405,311
149,442,268,-293,-52,369,-240,-170,127,355,402,303
151,441,277,-300,-72,372,-255,-174,152,329,405,316
148,436,316,-288,-54,356,-269,-177,145,337,404,338
164,441,290,-323,-74,357,-253,-154,146,328,392,304
147,444,277,-284,-67,368,-251,-200,129,321,397,332
173,448,292,-277,-72,355,-255,-175,124,334,381,293
152,432,294,-292,-65,350,-241,-185,122,335,384,300
163,434,304,-300,-51,325,-218,-185,151,324,392,289
138,418,302,-296,-55,349,-225,-175,147,307,375,299
137,436,266,-300,-78,361,-221,-146,127,330,382,292
153,431,266,-290,-66,357,-231,-166,117,321,365,285
142,433,256,-262,-63,333,-209,-167,98,313,371,291
142,404,275,-289,-68,341,-240,-148,112,337,377,276
147,393,283,-286,-74,356,-251,-166,118,282,366,257
132,406,251,-278,-62,315,-235,-152,116,278,363,262
149,386,238,-255,-52,324,-220,-136,105,306,351,281
139,375,246,-232,-48,320,-201,-150,108,285,339,283
153,378,241,-251,-55,312,-207,-165,128,293,366,258
133,362,238,-243,-68,312,-194,-166,96,256,321,270
116,367,256,-236,-49,288,-175,-172,107,278,325,235
122,349,218,-238,-58,302,-196,-122,91,267,319,241
136,349,238,-224,-43,282,-186,-142,103,250,319,245
136,343,199,-214,-40,274,-192,-134,95,220,301,225
119,315,222,-255,-45,250,-191,-123,92,236,296,222
78,327,206,-209,-48,256,-152,-106,86,239,266,222
96,306,205,-215,-42,244,-141,-130,91,225,271,191
140,307,192,-183,-39,233,-170,-118,95,223,276,223
87,320,179,-208,-28,211,-159,-105,76,206,235,199
87,258,167,-180,-38,205,-137,-96,89,199,238,195
82,276,191,-176,-53,207,-118,-89,80,207,248,197
80,225,165,-182,-37,212,-166,-122,64,209,230,172
108,253,161,-172,-22,213,-145,-101,73,187,240,144
72,237,145,-179,-31,205,-134,-110,71,212,211,164
91,234,143,-145,-26,214,-95,-87,85,151,216,165
94,224,144,-161,-14,194,-118,-87,47,142,179,157
58,211,118,-164,-43,200,-119,-87,69,150,199,130
80,189,130,-126,0,160,-102,-94,46,154,154,144
65,206,146,-129,-33,152,-100,-68,46,148,165,122
74,171,133,-132,-26,153,-91,-85,70,133,179,153
57,162,128,-127,-22,158,-108,-74,58,126,117,111
60,171,94,-117,-7,135,-109,-62,40,129,127,116
57,155,110,-120,-36,125,-78,-64,50,110,174,113
77,144,102,-109,2,104,-82,-53,56,96,121,118
62,138,94,-105,0,141,-93,-62,24,115,99,104
43,140,77,-66,-18,88,-81,-45,33,110,121,101
46,129,71,-107,1,126,-51,-55,23,90,116,77
40,119,91,-101,0,96,-63,-50,34,99,101,85
40,111,68,-119,-16,67,-64,-73,45,73,91,87
38,116,70,-75,-31,97,-61,-47,41,80,112,76
55,96,64,-74,1,66,-46,-60,19,69,88,67
31,114,77,-57,-17,84,-45,-35,50,53,76,53
55,96,49,-58,-10,64,-55,-33,25,96,79,85
28,74,76,-55,-7,71,-25,-29,31,43,88,77
12,86,11,-61,3,73,-22,-26,22,67,84,79
23,79,39,-40,-18,71,-54,-48,41,62,72,35
12,65,46,-60,-19,71,-30,-27,10,50,68,48
41,69,46,-32,-12,59,-24,-17,20,61,51,62
37,75,34,-41,-13,75,-41,-41,15,47,49,18
8,50,37,-42,4,58,-45,-38,29,56,66,36
23,59,32,-43,-8,57,-47,-14,3,53,33,52
0,44,24,-30,-11,64,-32,-29,15,47,51,38
13,44,45,-20,-4,52,-41,-24,21,35,48,49
20,36,47,-49,-11,39,-37,-13,34,12,44,48
10,47,26,-41,-4,37,-25,-38,15,31,55,49
16,49,27,-20,-2,35,-32,-20,15,47,26,21
24,47,26,-43,-14,22,-28,-3,7,45,35,44
-10,31,24,-18,-14,17,-16,-12,7,28,30,30
5,42,24,-51,-17,43,6,-22,9,29,35,42
-10,64,-1,-27,-18,37,-34,-19,12,24,37,19
27,63,3,-39,-14,53,-10,-24,-8,19,25,25
21,32,20,-10,-14,41,-11,-29,11,43,35,22
19,35,-1,-13,-20,11,-27,-33,23,48,38,24
9,48,29,-31,1,17,-12,5,23,40,31,16
15,49,24,-21,-12,30,-5,-13,-5,36,26,23
7,47,24,-31,0,37,-23,-6,18,18,24,12
17,34,-2,-3,-6,10,-29,-9,-4,36,22,3
-11,62,27,-3,-2,28,-7,-20,23,33,45,25
21,9,7,-15,-24,39,-2,-7,16,28,36,-6
25,12,11,-43,6,25,-29,-19,17,27,37,31
-9,26,22,-26,-14,21,-18,-12,-2,8,35,21
13,32,38,-18,-25,10,-3,-13,10,40,31,25
-3,8,26,-1,-28,18,-32,-6,27,42,36,20
-4,20,21,-15,-19,24,-24,-4,22,27,21,20
0,25,17,-19,0,32,-29,-12,28,38,14,26
23,22,32,-26,7,24,-28,-19,23,26,24,21
0,34,1,-33,-12,22,-3,-6,10,19,11,7
-1,19,33,-29,7,26,13,-32,2,26,19,25
-16,14,3,-16,-16,32,-16,-4,-17,15,25,21
22,22,42,2,-18,43,-22,8,16,26,1,22
10,21,35,-32,-23,32,-22,14,-10,31,38,-9
33,16,5,-27,-13,33,-28,-16,20,28,39,34
20,37,11,-8,-7,14,-15,-39,16,20,31,16
13,30,5,-2,-11,26,-48,-4,14,15,21,-4
16,24,7,-39,-18,47,-3,-17,14,33,16,45
-25,36,21,-15,-1,9,-21,-30,17,31,23,34
16,21,29,5,-20,27,-33,-13,-15,20,22,12
11,36,22,-17,-13,20,-23,-27,21,27,40,22
5,30,14,-31,-14,38,-21,3,-3,41,25,-23
9,33,45,-27,-16,19,-15,-26,13,47,17,7
0,41,15,5,11,18,-30,-28,11,24,14,29
11,59,32,-31,15,31,-13,-1,19,31,41,25
-4,27,32,-35,-8,30,-14,-19,10,32,17,25
8,33,19,-23,-5,21,-8,-7,21,29,39,28
20,34,19,-32,9,20,-32,-37,41,23,33,19
18,53,7,-17,-7,19,-14,-33,-12,12,30,20
4,38,18,-18,-43,30,-11,0,21,15,29,11
11,30,9,-26,1,40,-26,5,6,10,28,32
22,56,42,-23,4,19,6,-5,17,31,44,36
-8,40,14,-22,0,28,5,-20,1,29,31,15
-9,52,34,-24,-11,30,-36,-21,23,14,33,5
29,55,33,-21,-8,62,-15,-32,23,40,40,18
7,27,28,-51,6,18,-15,-12,3,6,37,38
25,38,9,-19,19,21,-20,-2,-11,21,29,30
9,32,38,-33,-11,42,-26,-4,5,50,19,21
10,20,16,-16,-5,25,-41,-10,3,14,17,38
5,28,32,-19,20,46,-29,-6,14,37,30,16
18,37,53,-14,-18,18,-35,-15,2,20,56,33
-20,62,11,-5,5,30,-3,2,14,16,34,47
13,54,34,-30,-18,40,-34,-27,8,21,21,9
8,46,40,-29,-1,29,-22,0,11,31,24,40
29,27,27,-25,-4,45,-11,-11,31,20,30,13
19,34,19,-15,8,21,-40,-10,3,36,0,29
5,40,11,-27,-26,30,-18,-24,21,26,46,5
9,48,34,-32,17,39,-13,-24,8,13,22,33
2,56,26,-26,-25,44,-23,2,18,13,7,27
18,29,31,-40,-14,16,-46,-14,13,45,19,32
11,35,36,-29,-13,31,-45,-34,14,49,31,30
-2,21,27,-32,-28,22,-22,-33,3,40,50,37
34,35,34,-37,0,40,-28,-4,16,9,48,43
28,50,21,-30,-10,23,-13,-13,36,37,39,13
31,45,42,-9,0,32,-22,-19,10,31,49,20
14,25,48,-25,5,38,-36,-20,8,17,21,14
22,68,36,-33,-12,30,-21,-16,20,33,47,17
30,61,34,-19,-15,32,-22,-15,29,36,69,56
-1,55,29,-40,-20,47,-31,-20,23,48,56,48
15,39,34,-43,-17,48,-33,-24,12,42,68,53
35,37,39,-54,0,46,-35,-27,15,42,69,47
25,93,56,-44,-15,45,-32,-26,6,58,68,46
9,44,35,-61,-13,72,-31,-25,36,57,46,50
22,99,43,-52,-15,78,-59,-19,4,44,47,44
27,112,51,-59,-30,69,-44,-35,47,58,66,31
40,72,39,-64,-25,71,-64,-26,12,63,79,55
52,100,88,-55,-16,74,-50,-29,39,49,85,55
26,87,50,-74,-24,54,-49,-68,34,75,104,58
41,117,71,-75,-20,82,-69,-34,35,51,86,70
20,121,72,-61,-17,70,-71,-59,21,85,101,48
19,96,79,-79,-37,81,-61,-40,33,92,98,98
33,116,80,-77,-4,111,-82,-57,22,78,81,77
38,123,101,-105,-11,98,-53,-50,37,82,112,86
53,129,104,-74,-12,116,-79,-57,22,112,126,89
43,156,82,-84,-12,144,-85,-72,41,115,128,103
68,179,104,-111,-22,125,-82,-62,44,122,121,113
66,166,85,-95,-25,135,-97,-73,28,116,157,138
58,181,120,-136,-17,131,-99,-90,40,139,140,127
71,187,113,-122,-29,151,-114,-94,57,145,194,106
62,192,109,-121,-48,157,-95,-73,53,169,159,137
67,204,135,-129,-43,173,-114,-70,67,160,187,133
60,203,142,-133,-20,187,-144,-78,67,160,173,140
82,201,149,-144,-11,199,-135,-65,66,179,188,178
74,233,161,-161,-24,198,-137,-94,85,157,210,145
93,237,154,-177,-36,201,-125,-69,78,165,219,174
84,224,160,-164,-51,222,-140,-97,85,175,237,174
84,250,142,-170,-40,200,-133,-108,66,180,224,161
89,256,197,-170,-41,189,-136,-89,96,206,244,174
77,254,160,-192,-39,213,-132,-114,75,216,222,210
93,275,160,-160,-24,257,-152,-117,100,182,232,204
105,279,161,-187,-48,261,-148,-107,90,209,235,205
110,294,176,-173,-45,222,-146,-103,87,195,254,197
93,295,177,-209,-58,243,-182,-105,67,218,263,211
94,306,183,-187,-42,205,-156,-119,97,207,265,193
102,295,194,-215,-48,231,-144,-114,80,215,286,215
119,278,202,-209,-43,245,-145,-122,80,233,279,195
96,269,198,-189,-65,243,-152,-98,86,195,247,202
106,289,184,-197,-35,237,-147,-114,88,242,246,216
85,279,182,-195,-18,233,-149,-128,99,206,261,184
103,291,183,-202,-29,232,-145,-95,96,211,246,187
110,266,176,-186,-36,244,-163,-117,76,187,265,191
87,266,172,-177,-42,222,-139,-107,83,176,238,197
99,254,176,-193,-50,233,-135,-105,81,222,226,184
103,268,185,-160,-55,195,-141,-83,67,193,222,172
73,244,173,-154,-53,220,-133,-99,95,198,215,176
85,245,171,-170,-41,206,-127,-90,56,175,217,193
95,236,155,-162,-34,190,-113,-74,78,177,218,168
63,200,159,-137,-39,191,-141,-77,68,176,202,138
86,228,145,-145,-32,181,-114,-84,66,154,189,168
67,201,124,-156,-17,169,-105,-85,57,164,186,144
71,193,141,-134,-27,138,-119,-104,34,156,188,138
61,171,137,-128,-26,161,-107,-80,70,146,165,129
51,187,110,-125,-19,153,-89,-89,41,124,151,123
63,197,103,-132,-34,154,-88,-68,54,113,167,148
61,177,122,-108,-21,125,-78,-83,44,136,149,106
60,159,85,-88,-5,134,-82,-64,35,102,148,103
80,137,99,-108,-17,128,-80,-66,20,105,134,98
47,121,97,-97,-25,101,-43,-50,56,96,135,84
31,134,82,-87,-6,107,-44,-45,34,89,108,77
25,136,61,-84,-17,97,-76,-43,7,99,84,62
24,117,62,-81,-11,67,-47,-41,25,89,91,81
46,119,67,-85,-32,77,-52,-42,37,63,105,62
31,101,72,-57,-11,54,-34,-26,25,59,81,76
34,75,48,-57,-4,63,-56,-21,24,67,60,47
28,84,45,-60,2,73,-42,-24,36,66,82,48
27,86,56,-70,-17,62,-42,-35,21,49,73,53
25,68,60,-36,-5,74,-34,-20,18,42,49,44
48,44,26,-32,-8,44,-30,-26,12,42,67,47
22,55,31,-46,4,53,-23,-25,31,44,46,40
18,71,11,-24,-19,58,-49,0,0,47,41,27
17,49,38,-44,-27,27,-18,-26,8,37,68,27
15,38,8,-12,-16,45,-45,-33,26,29,34,24
37,44,24,-25,-29,33,-18,-17,14,37,33,27
28,26,26,-25,0,17,-8,3,19,35,48,25
6,40,9,-21,21,15,-29,1,4,24,33,15
0,18,2,-14,3,33,-28,-16,16,22,17,22
9,26,18,-15,-20,7,-24,-1,17,28,12,0
-13,19,10,5,-5,29,-11,11,29,12,4,4
-17,13,12,-26,-23,-22,-46,-10,7,4,37,34
7,6,-3,8,-8,8,11,15,1,11,18,-18
7,-9,-24,17,-14,-39,-13,-7,7,-9,-1,-2
-19,-15,-9,36,-6,-20,0,20,11,-9,-8,-27
-14,-39,-5,3,9,-26,29,8,-2,-30,-19,-39
-33,-25,-36,29,23,-25,25,10,-18,-39,-14,-10
-23,-50,-26,22,5,-45,39,-4,-35,-36,-50,-25
-20,-54,-49,33,-6,-68,40,-2,-7,-48,-69,-35
-22,-88,-54,74,25,-56,60,44,-17,-57,-73,-64
-40,-110,-85,49,-5,-62,59,29,-40,-66,-91,-58
-37,-129,-69,78,26,-78,72,48,-66,-77,-77,-80
-42,-120,-91,65,24,-83,59,46,-32,-103,-116,-81
-46,-128,-76,81,36,-110,68,62,-28,-83,-108,-106
-58,-120,-93,105,17,-99,89,47,-36,-108,-105,-71
-58,-116,-79,75,18,-115,62,41,-17,-90,-109,-86
-39,-120,-74,104,13,-98,81,26,-23,-86,-104,-92
-31,-111,-70,66,21,-117,59,37,-34,-61,-89,-73
-19,-62,-45,18,14,-57,15,22,-12,-43,-38,-54
-16,-4,-13,15,-3,-14,6,6,-11,-28,-7,-33
10,30,12,-34,-6,51,-33,-20,2,37,54,49
32,102,49,-57,2,52,-56,-39,44,84,109,50
63,190,129,-150,-29,167,-100,-98,59,169,172,116
90,272,169,-198,-40,198,-135,-106,78,216,242,200
148,385,228,-259,-46,286,-206,-130,99,291,350,236
151,458,310,-317,-76,392,-264,-200,122,350,408,310
222,573,364,-397,-71,480,-321,-245,157,420,526,407
246,664,442,-484,-93,554,-396,-276,209,537,596,477
271,798,498,-518,-107,661,-453,-318,225,570,721,542
311,887,548,-592,-150,745,-467,-352,251,669,786,628
342,950,627,-643,-148,785,-503,-385,287,721,864,670
381,1025,662,-675,-152,823,-566,-404,313,775,934,694
376,1057,696,-711,-158,851,-568,-415,319,761,960,739
365,1062,675,-720,-158,874,-576,-411,325,803,966,736
371,1047,685,-705,-163,845,-564,-436,307,796,920,720
353,986,656,-664,-136,827,-556,-388,291,758,902,703
315,940,596,-643,-111,790,-533,-359,263,700,834,655
318,874,566,-583,-126,707,-478,-360,263,641,767,615
263,773,489,-505,-130,624,-423,-290,224,582,671,538
237,633,428,-435,-104,563,-375,-256,195,474,580,444
192,540,344,-377,-89,450,-293,-226,179,405,499,388
150,404,283,-292,-58,342,-220,-180,108,322,384,268
105,300,202,-198,-68,248,-179,-124,85,239,278,216
79,219,132,-143,-29,175,-122,-90,91,151,196,140
24,127,58,-64,-19,98,-50,-51,56,95,117,75
11,28,-1,-31,-4,25,-35,-3,5,6,14,11
-12,-51,-32,48,7,-34,15,23,-39,-41,-45,-25
-33,-109,-86,71,26,-80,65,48,-50,-95,-93,-66
-62,-190,-103,108,45,-152,97,57,-54,-133,-147,-123
-80,-198,-148,131,20,-157,75,69,-54,-149,-202,-135
-85,-234,-172,176,41,-218,130,97,-87,-156,-208,-155
-97,-226,-157,150,36,-218,141,112,-61,-194,-226,-177
-83,-247,-154,157,49,-218,138,86,-74,-202,-200,-168
-74,-232,-158,162,28,-197,119,77,-78,-190,-229,-169
-86,-245,-153,168,35,-190,132,88,-76,-163,-197,-174
-93,-246,-146,150,27,-160,125,89,-63,-150,-169,-146
-87,-206,-145,137,10,-166,103,83,-60,-129,-161,-131
-69,-170,-102,99,44,-149,102,75,-68,-119,-142,-100
-59,-134,-93,72,32,-139,69,57,-41,-114,-112,-118
-47,-123,-93,83,26,-91,63,55,-40,-119,-106,-67
-24,-107,-76,70,21,-82,64,33,-59,-74,-100,-60
-32,-71,-52,54,9,-46,37,30,-36,-61,-64,-40
-31,-49,-65,44,-12,-52,36,18,-13,-22,-33,-21
-12,-48,-21,10,-5,-30,21,27,4,-28,-32,-26
5,-23,-7,21,14,-10,39,19,-15,-16,-16,-28
-14,-3,-18,6,-9,-20,3,4,-2,-10,-20,-11
1,-10,-10,8,-9,-17,-1,11,-2,-2,-23,-12
-4,-1,23,22,-22,-3,-9,22,9,3,13,12
9,-2,-9,37,-10,12,3,4,12,0,-20,-12
32,24,0,-4,-6,29,-31,14,15,18,21,-11
4,1,13,1,-3,35,-25,6,-1,14,-6,6
14,12,24,-2,-19,17,-18,-17,-16,26,14,25
16,32,9,-24,16,-7,-9,12,13,25,9,13
10,24,23,-2,6,23,-15,-12,8,22,36,14
9,20,11,-9,2,49,-15,-5,3,23,8,1
18,18,14,-23,8,29,-24,-1,8,25,11,4
25,20,-4,-41,-5,35,-13,-30,9,6,18,34
18,57,15,-16,-8,29,-5,-7,-26,42,35,4
-2,39,9,-41,-1,16,-11,-17,20,34,31,5
0,41,21,-30,-7,23,-29,-20,16,26,-3,9
5,19,28,-28,5,16,-27,-5,36,30,44,23
1,26,55,-38,-5,5,-27,-21,33,16,52,12
29,11,41,-37,-1,18,-26,0,21,39,39,26
12,56,34,-53,12,30,-29,-39,22,43,14,33
16,56,9,-43,7,27,-33,-20,18,45,46,41
34,39,34,-41,-8,44,-37,-31,15,18,43,46
42,55,44,-32,-27,41,-37,-39,31,36,43,57
32,83,28,-44,-7,60,-25,-15,0,62,19,35
39,62,54,-56,-26,56,-38,-10,28,52,77,43
30,72,35,-33,-32,70,-44,-24,28,76,72,43
22,79,57,-41,0,77,-60,-37,10,64,68,51
32,92,64,-51,-6,79,-67,-23,11,58,77,69
24,86,46,-52,-33,73,-31,-15,7,68,83,58
33,96,58,-74,-23,90,-39,-40,30,68,79,59
42,114,88,-74,-40,103,-65,-31,31,68,98,76
38,112,78,-78,-1,64,-42,-42,23,67,84,76
30,123,67,-80,-1,114,-57,-36,25,74,107,75
51,128,63,-81,-20,100,-85,-53,24,95,100,106
48,140,90,-85,-29,120,-57,-42,33,87,129,91
56,128,58,-84,-29,107,-80,-54,53,96,109,92
47,134,94,-110,-48,110,-55,-56,39,111,97,96
32,145,88,-102,-7,129,-78,-45,43,117,128,86
58,165,98,-132,-46,136,-92,-60,63,123,151,111
51,160,107,-103,-21,134,-75,-49,38,127,143,100
46,174,104,-133,-50,138,-86,-73,33,149,167,132
59,186,121,-92,-7,162,-93,-53,72,144,164,124
91,181,132,-119,-14,166,-103,-77,45,150,171,136
55,208,116,-135,-13,169,-135,-87,59,144,174,141
77,215,149,-143,-38,160,-128,-79,67,141,164,148
75,198,148,-151,-43,159,-118,-74,53,176,179,145
75,222,152,-172,-21,187,-132,-107,66,165,196,163
81,212,143,-157,-46,191,-120,-116,77,171,207,167
86,236,165,-151,-32,189,-146,-94,62,164,213,175
93,237,167,-170,-32,214,-119,-113,80,193,234,193
95,270,160,-184,-62,248,-154,-106,84,225,250,199
73,273,167,-172,-32,229,-155,-112,57,200,246,182
99,295,172,-174,-53,233,-142,-127,94,229,260,173
114,274,186,-199,-44,236,-144,-128,83,206,245,217
127,275,196,-224,-38,242,-153,-114,86,235,261,220
94,301,210,-186,-42,263,-166,-131,89,222,297,215
103,317,198,-187,-50,280,-187,-128,104,222,281,207
117,350,207,-229,-49,269,-162,-152,107,232,291,226
89,328,219,-229,-54,300,-167,-155,100,254,288,257
144,345,220,-229,-85,294,-171,-133,77,260,298,238
128,362,207,-235,-52,304,-187,-152,107,255,324,227
122,343,227,-223,-55,307,-190,-162,112,285,310,239
148,352,228,-251,-57,324,-203,-143,128,259,334,254
140,364,251,-238,-55,313,-219,-149,98,278,334,252
139,389,259,-241,-41,313,-220,-163,119,288,334,271
132,378,238,-246,-43,292,-224,-149,123,286,329,278
129,374,266,-272,-58,327,-198,-165,115,279,340,273
142,395,243,-267,-63,317,-220,-158,126,274,357,264
133,400,279,-254,-61,324,-195,-177,99,303,359,255
132,391,264,-272,-60,326,-199,-161,112,295,374,298
133,389,276,-270,-55,353,-230,-165,102,319,369,291
121,427,280,-280,-48,339,-207,-166,106,302,392,273
146,429,276,-274,-70,358,-241,-149,125,289,367,286
142,403,261,-266,-54,344,-237,-160,115,312,372,276
144,424,253,-283,-82,347,-204,-142,109,301,340,284
138,400,249,-282,-92,328,-229,-156,107,307,377,286
150,418,258,-273,-71,316,-238,-144,131,338,373,268
150,410,275,-282,-78,343,-221,-174,128,301,376,284
148,407,276,-272,-79,325,-244,-193,128,311,368,292
153,400,265,-286,-61,331,-235,-173,116,309,352,272
145,377,271,-253,-49,340,-212,-162,131,304,383,276
147,407,272,-261,-69,339,-219,-164,115,302,383,303
141,412,264,-284,-67,322,-210,-172,158,296,363,277
108,395,242,-259,-46,340,-250,-157,117,295,353,253
143,388,267,-256,-47,310,-217,-158,117,307,366,257
164,375,243,-250,-44,312,-214,-153,104,290,342,277
137,364,225,-284,-57,312,-209,-131,122,303,342,277
120,374,235,-245,-56,291,-206,-137,124,278,328,252
127,362,252,-247,-46,289,-200,-120,103,279,335,274
123,353,248,-239,-60,295,-178,-162,108,263,317,244
126,352,204,-242,-42,283,-195,-141,89,244,333,244
111,361,242,-239,-44,271,-179,-116,119,259,318,231
131,327,223,-224,-45,254,-183,-134,113,244,288,211
121,327,194,-214,-35,256,-172,-116,94,245,284,221
124,301,201,-226,-48,254,-167,-121,97,247,271,220
89,304,211,-197,-38,249,-184,-128,84,236,275,206
90,296,208,-222,-34,242,-177,-125,90,238,283,197
104,290,191,-206,-30,233,-174,-101,72,219,259,199
119,270,192,-202,-34,234,-163,-117,85,215,258,196
91,278,188,-175,-49,216,-162,-93,58,218,227,187
91,241,146,-169,-41,188,-134,-125,82,188,229,180
104,269,171,-172,-44,199,-134,-77,89,178,232,189
93,227,155,-178,-39,202,-144,-92,57,187,214,171
96,212,152,-149,-31,195,-132,-104,54,180,207,160
89,234,149,-169,-59,181,-127,-98,47,148,196,159
63,205,158,-131,-46,151,-109,-78,71,151,182,145
81,206,120,-136,-18,182,-126,-68,78,151,174,143
63,176,125,-133,-37,153,-95,-78,50,144,176,128
55,189,97,-128,-43,153,-85,-75,59,128,169,127
69,176,114,-132,-47,126,-85,-72,36,136,158,135
41,180,102,-115,-41,131,-82,-66,47,134,126,127
47,139,90,-112,-1,138,-70,-57,47,116,133,113
71,141,74,-102,-21,128,-93,-63,46,115,148,98
41,149,76,-89,-12,110,-96,-50,62,116,126,116
51,112,83,-99,-20,110,-54,-50,25,99,103,81
39,133,61,-73,-6,111,-79,-33,57,91,118,86
51,122,70,-89,-12,102,-73,-48,22,102,85,91
45,107,62,-60,-24,98,-63,-39,23,95,80,79
26,78,60,-36,-29,62,-57,-35,36,63,91,53
33,89,63,-84,-7,80,-39,-27,32,57,94,58
40,78,37,-49,-26,70,-43,-21,27,64,84,54
25,55,49,-45,4,61,-43,-21,34,63,52,40
40,51,36,-57,-24,48,-79,-25,4,50,59,58
32,73,53,-38,-6,56,-50,-30,24,45,42,52
4,65,18,-34,-8,54,-40,-15,14,39,50,49
16,78,25,-20,-4,35,-11,-16,19,31,40,56
11,48,43,-45,8,44,0,-2,21,36,49,13
-1,31,23,-21,-5,28,-7,-26,10,24,43,24
19,28,14,-14,6,41,-30,-9,-9,36,49,17
19,10,20,-7,0,26,-23,-21,0,24,27,24
18,48,34,-14,-16,8,-24,-7,0,24,19,19
8,13,9,-18,8,37,-5,-26,-8,21,16,2
1,37,14,-4,-4,11,-7,-2,9,11,44,17
12,16,18,-31,-10,33,-29,-17,1,11,24,-4
6,-4,27,-15,2,15,3,22,-5,12,11,13
-7,17,21,-39,-17,32,-19,21,-4,9,-6,4
-5,28,10,22,9,4,-3,14,-7,-8,28,-7
10,7,6,-8,-3,18,15,0,1,-5,-3,0
15,6,-2,-8,-20,-7,17,8,16,2,-14,1
-1,-10,14,-16,-7,-16,-5,13,0,-10,-1,-20
-21,-3,-4,-9,12,12,-3,12,11,-2,-15,-7
-1,-15,2,18,-14,1,-7,25,3,2,-7,-10
-12,-7,-38,16,9,5,16,-7,6,-17,-15,10
-6,-8,16,0,7,-11,3,5,-18,-15,-14,1
17,-27,-28,21,7,-13,13,7,15,-1,10,1
17,-22,-3,15,-14,-7,13,0,7,-1,-9,-23
-1,-14,-10,-16,16,-8,22,18,-20,-5,-20,-25
3,-39,-14,6,-8,-31,-17,0,-23,-34,-39,-9
4,-13,-9,3,-18,-22,11,24,-29,-24,-18,-1
-11,-22,-23,18,4,-8,17,4,0,-18,-32,-20
7,-22,6,-3,-21,-29,16,19,-11,-11,-44,-25
-7,-25,-26,30,-9,-41,19,14,-14,-8,-7,-13
-7,-1,-16,13,-4,-13,26,17,0,-4,-10,-11
5,3,3,-7,-18,-22,-3,8,-3,-18,-9,-14
-6,0,-8,8,-2,-13,2,21,-3,19,4,-22
-5,-7,-3,27,14,-30,5,10,-25,-32,-15,-15
0,-19,-12,18,0,-31,-14,-4,-11,-28,-53,-8
-22,-22,-5,1,-6,-16,21,25,-10,-13,-29,-29
7,-15,-7,15,8,-6,8,7,-12,-5,-21,-19
-1,-10,-21,5,-1,-17,23,5,3,-2,-30,7
-14,-20,-27,2,20,-20,12,15,-15,-21,-23,-20
6,-28,-13,14,2,-34,26,3,-23,-16,-24,8
-17,-20,-43,23,23,-38,16,24,8,-6,-42,-10
-10,-16,1,30,-9,-29,18,14,-23,-30,-21,-5
-9,-21,-16,17,-1,-29,25,6,13,-27,-26,-30
2,-21,-8,24,6,1,12,-9,-10,-19,-18,-18
-27,-38,-14,35,-14,-28,25,4,-11,-25,-49,-3
-10,-25,-17,31,11,-20,7,0,-2,-24,-39,-17
1,-23,-13,9,14,-24,16,-7,-25,-33,-30,-24
-5,-32,-20,31,5,-29,22,-2,-18,-24,-11,-28
-6,6,-30,6,2,-22,20,5,-10,-16,-25,-25
3,-11,6,14,-3,-26,14,4,-12,-4,-18,3
-22,-26,-8,6,-22,-9,14,8,-11,3,-18,-24
-7,-10,-9,-5,-14,-1,27,11,-10,-12,-9,-18
-18,-45,-2,37,4,-21,25,12,-6,-23,-35,-22
-4,-21,2,11,-14,-17,16,25,-15,-26,-22,-12
-23,-11,-12,33,3,-16,15,16,-4,-29,-20,-11
-9,-25,-17,12,3,-17,27,9,-5,-15,-8,-11
-19,-21,-13,-12,17,-37,8,23,14,-10,-18,-9
-30,2,-26,1,19,-13,4,13,-16,-15,-11,-14
-3,-31,-8,3,4,-22,25,18,-22,-19,-11,6
-24,-41,-16,-5,-15,-26,-15,-5,2,-37,-16,-30
9,-17,-15,32,-30,-31,14,-1,-12,-12,6,-2
-27,-33,-25,16,-6,-10,14,2,-15,-1,-30,7
-30,-31,-7,14,-1,-30,18,-6,-2,3,-34,-33
-3,-38,-13,27,8,-9,24,-4,-30,3,-15,4
-9,-28,5,10,10,-32,0,9,-5,-29,-13,-19
1,-32,-14,17,2,-16,3,14,-26,-10,-27,-31
5,-24,-7,29,0,-17,5,29,-23,-35,-29,-38
10,-17,-17,3,2,-41,15,3,-11,-5,-25,-26
-11,-42,-11,20,-23,-8,22,-1,-21,-16,-30,10
-11,-23,-11,15,38,-22,25,13,-22,-43,-19,3
7,-8,-7,27,5,-35,10,18,-1,-13,-29,-22
-1,-21,-9,28,11,-33,1,7,-1,7,6,-14
-4,-15,-12,-12,4,-16,16,7,-7,0,-32,-21
7,-26,-22,16,8,-9,8,-7,19,-4,-27,-4
-9,-9,-20,9,1,-7,15,23,-24,-19,-9,-12
-6,-32,-37,15,-4,-11,14,12,14,-5,-24,-17
-8,-37,-13,23,-8,5,11,20,-24,-29,-15,-30
-22,-21,-19,6,-17,-12,4,-7,-9,4,1,-26
1,-21,2,4,-30,-6,20,4,-4,-14,-17,-18
-15,-27,-6,-8,17,7,18,7,0,-28,-23,0
-1,-38,-25,-2,10,-1,26,-12,-23,-3,-15,-17
2,-28,-3,28,6,-1,22,0,-15,9,-4,-8
-6,-35,-2,12,-13,-15,-2,-7,4,-1,-5,3
-8,-16,-11,26,11,-11,3,10,7,8,-17,-34
3,-16,8,-5,-4,-16,3,2,9,-28,-15,-1
-4,-20,-10,-2,25,-7,-10,-2,-4,2,-7,-10
-15,-29,-12,28,10,-4,-5,20,-4,-20,-9,0
-16,-12,-5,12,16,4,-23,22,3,-5,-3,-23
-25,19,-11,-12,0,-4,-6,0,-22,-8,-8,-7
5,6,-1,1,-12,0,-9,3,-12,15,0,-5
-34,-2,13,-12,7,3,0,-20,5,-10,4,-14
9,28,-3,3,4,-3,1,-8,14,9,7,4
0,13,24,-24,-4,13,-17,13,-3,12,17,22
4,22,20,-20,-5,9,-17,-10,24,24,29,14
-5,26,26,-20,-21,25,-33,-35,10,32,5,13
4,43,26,-42,-3,38,-4,1,12,27,28,39
-5,46,24,-35,19,22,-32,-4,-2,17,37,24
6,26,18,-32,-1,24,-11,-35,18,41,45,37
24,59,31,-29,7,35,-36,-22,21,49,49,35
37,53,61,-39,-6,44,-51,-29,27,47,58,31
18,79,38,-41,-7,61,-45,-21,28,60,52,46
47,97,59,-43,-4,54,-27,-37,20,44,64,53
25,56,36,-44,-34,67,-42,-54,26,56,89,78
26,63,14,-38,-12,74,-41,-22,27,44,82,51
34,111,47,-72,-13,70,-61,-53,27,89,81,65
32,128,79,-62,-6,94,-51,-22,33,71,91,65
32,97,80,-80,-28,98,-61,-57,39,82,116,96
34,92,84,-96,-32,106,-53,-62,39,88,102,97
42,138,102,-86,-16,102,-68,-61,45,88,108,87
47,142,103,-82,-28,122,-62,-39,44,108,118,81
36,143,101,-93,-10,121,-62,-46,50,111,129,128
65,149,108,-101,-36,118,-102,-67,51,112,149,105
47,152,79,-86,-22,118,-82,-78,62,132,169,102
69,180,107,-120,-18,149,-95,-60,30,121,131,122
64,184,132,-118,-41,147,-82,-93,59,115,154,137
64,177,103,-145,-38,147,-86,-68,64,119,178,121
70,182,124,-130,-18,147,-109,-80,57,138,157,144
65,177,117,-114,-25,159,-117,-94,69,150,177,145
60,222,126,-144,-22,157,-108,-69,67,155,173,142
59,221,140,-145,-36,163,-112,-75,67,177,199,157
74,195,129,-143,-30,184,-113,-94,57,157,183,144
75,209,130,-160,-51,172,-131,-85,61,185,215,151
72,238,143,-141,-31,184,-108,-104,56,158,209,149
88,221,117,-134,-59,203,-144,-68,78,183,195,147
79,236,150,-134,-51,186,-136,-95,54,167,194,171
101,217,161,-132,-44,191,-92,-78,44,159,200,149
55,226,143,-131,-45,184,-132,-93,68,170,201,159
92,221,145,-169,-49,177,-117,-107,69,182,224,181
81,228,128,-142,-46,180,-126,-71,76,166,214,161
76,224,173,-163,-27,198,-133,-100,59,164,182,143
56,205,149,-131,-27,207,-86,-80,89,155,185,156
83,229,157,-139,-38,184,-121,-82,64,163,205,128
66,192,150,-140,-33,166,-119,-87,74,135,185,149
72,204,119,-145,-40,187,-110,-71,73,152,192,145
48,197,135,-139,-40,172,-117,-69,59,140,183,122
63,210,115,-135,-36,160,-109,-82,52,127,171,118
57,171,127,-103,1,132,-90,-72,51,117,138,124
62,163,118,-110,-26,144,-81,-55,50,136,132,133
80,154,123,-88,-17,137,-84,-46,60,115,154,104
52,137,111,-85,-17,97,-72,-60,40,108,121,97
47,116,89,-97,-16,112,-85,-58,34,99,133,62
40,120,71,-91,-21,99,-73,-55,38,90,122,65
36,118,64,-90,-18,93,-57,-61,38,87,112,79
38,124,70,-88,-22,97,-64,-42,41,73,106,95
31,81,55,-72,-22,78,-39,-61,18,61,91,73
27,93,50,-27,-7,93,-54,-57,23,63,116,75
23,85,42,-80,3,79,-30,-46,16,79,64,56
22,49,59,-52,-2,34,-43,-43,12,40,79,61
24,66,71,-56,15,57,-34,-40,23,32,70,21
27,63,32,-39,5,56,-28,-22,10,46,63,65
27,59,36,-27,-7,32,-30,-19,-5,18,42,36
21,24,30,-38,-6,80,-14,-20,17,33,44,35
24,36,29,-24,5,38,-23,-27,-18,31,24,-16
8,40,18,-18,3,12,-17,-11,2,14,41,1
21,40,19,-14,-5,3,-10,8,24,-3,-14,38
16,3,11,-32,-1,-3,-5,-2,0,-16,-14,2
-4,12,25,-18,10,-7,11,-14,9,9,17,-7
8,-6,29,5,10,11,-1,-19,16,-11,-6,-13
-7,-32,-14,4,6,8,8,0,-13,4,-11,-2
-20,-6,9,-28,14,2,22,9,0,14,-2,-4
-19,-3,-2,2,-1,0,1,-11,-8,8,-2,-10
-15,-6,15,-5,-6,-23,-3,8,8,-10,-19,-20
-22,-33,-23,24,15,-36,-6,13,-22,-26,-24,-32
-3,-22,-3,15,1,-47,11,18,-23,-36,-35,2
-28,-26,-2,46,-23,-36,13,-3,-12,-8,-29,-27
-10,-35,-11,7,14,-17,32,28,-11,-36,-45,-42
-32,-50,-6,27,6,-29,31,11,-15,-15,-39,-42
3,-67,-30,28,7,-23,24,21,5,-39,-18,-33
-15,-46,-19,32,29,-59,9,12,-16,-48,-49,-44
-34,-66,-23,33,28,-71,28,24,-34,-35,-61,-42
-2,-65,-47,50,3,-54,39,18,-25,-77,-48,-42
-22,-104,-47,77,32,-88,48,42,-16,-68,-90,-68
-45,-121,-49,84,26,-85,54,26,-25,-64,-67,-89
-26,-115,-79,29,33,-78,76,66,-16,-83,-88,-73
-31,-127,-73,95,-3,-90,72,52,-20,-89,-108,-103
-30,-114,-98,84,10,-97,73,32,-33,-95,-119,-94
-54,-132,-79,86,32,-126,72,55,-40,-105,-120,-95
-24,-155,-83,111,23,-126,79,58,-69,-133,-135,-132
-64,-162,-123,114,42,-163,97,71,-59,-135,-170,-130
-72,-187,-126,127,40,-133,126,76,-70,-138,-171,-147
-69,-210,-134,129,14,-155,108,77,-61,-152,-177,-135
-61,-215,-119,146,25,-166,129,79,-65,-148,-180,-136
-66,-204,-136,145,22,-154,124,73,-64,-141,-174,-140
-67,-191,-116,157,34,-172,116,77,-56,-150,-185,-145
-68,-176,-116,113,14,-131,114,78,-31,-126,-158,-133
-51,-153,-84,105,17,-129,82,52,-60,-99,-136,-119
-27,-123,-46,66,14,-82,45,66,-28,-88,-115,-68
-14,-58,-35,61,-6,-52,42,26,-27,-55,-69,-29
7,-30,5,-9,20,1,1,-2,23,4,-3,-1
5,54,40,-38,-35,64,-35,-24,0,42,52,51
53,152,95,-113,-39,104,-84,-48,17,122,123,85
92,215,177,-158,-43,189,-137,-107,42,181,207,163
106,331,222,-264,-43,306,-178,-130,103,238,284,226
146,434,262,-301,-62,380,-242,-159,129,319,384,303
185,531,346,-385,-70,448,-300,-233,154,432,480,383
230,650,443,-443,-123,547,-355,-267,192,491,583,469
231,750,477,-508,-113,625,-425,-309,214,546,680,537
279,842,533,-574,-114,708,-447,-338,267,632,746,591
343,901,595,-628,-153,758,-501,-366,265,710,797,655
321,952,630,-647,-139,790,-520,-397,296,740,845,664
347,1001,645,-669,-131,809,-556,-378,309,767,921,671
362,1011,619,-678,-148,842,-538,-404,294,742,893,703
332,972,624,-659,-146,822,-538,-380,301,724,876,677
324,926,609,-621,-136,781,-528,-380,271,689,835,661
303,857,542,-602,-147,694,-475,-342,267,647,775,603
270,782,519,-527,-105,623,-431,-305,235,589,700,546
224,683,441,-457,-123,533,-388,-272,194,499,595,464
207,563,374,-371,-86,491,-321,-221,181,435,508,390
154,451,296,-310,-81,356,-250,-193,130,336,412,311
120,350,226,-236,-32,278,-202,-99,99,260,288,245
73,219,148,-151,-20,208,-152,-85,62,153,210,174
56,107,68,-59,-33,105,-60,-67,39,72,107,84
10,29,29,-23,-3,25,-10,-22,4,18,22,9
-33,-54,-44,45,13,-35,36,12,-16,-41,-54,-44
-40,-131,-102,67,5,-113,80,41,-42,-86,-110,-104
-74,-175,-110,131,14,-162,77,70,-64,-171,-182,-138
-80,-247,-139,157,39,-195,111,107,-70,-175,-215,-172
-98,-271,-176,180,56,-227,154,89,-79,-204,-237,-207
-88,-271,-182,183,41,-237,161,93,-81,-232,-278,-183
-101,-286,-182,209,32,-262,155,123,-89,-226,-279,-202
-80,-313,-190,222,37,-265,161,115,-102,-214,-263,-235
-108,-291,-201,201,40,-240,151,135,-85,-222,-264,-207
-103,-281,-164,193,45,-245,188,108,-93,-195,-242,-211
-123,-255,-150,200,52,-229,145,115,-95,-203,-249,-192
-90,-265,-146,184,59,-212,132,103,-61,-161,-217,-169
-78,-212,-145,145,43,-187,118,91,-69,-146,-188,-137
-53,-198,-143,123,29,-160,90,79,-50,-140,-172,-143
-58,-164,-111,93,14,-129,99,62,-50,-119,-155,-135
-37,-147,-109,102,32,-117,104,62,-52,-111,-155,-105
-34,-137,-67,86,43,-122,73,49,-36,-110,-118,-98
-54,-96,-52,87,38,-100,57,32,-47,-76,-100,-77
-32,-121,-76,85,23,-93,64,38,-29,-67,-103,-55
-50,-72,-43,81,-11,-74,53,36,-44,-67,-78,-55
-33,-44,-52,33,2,-82,57,32,-12,-53,-46,-43
-27,-49,-53,50,10,-39,62,2,-27,-28,-51,-27
6,-77,-18,43,-13,-44,42,6,-22,-38,-56,-38
-19,-61,-33,27,9,-64,17,-12,-13,-42,-53,-57
-23,-49,-46,42,13,-31,14,31,0,-33,-55,-26
-29,-56,-39,25,1,-41,24,20,-8,-27,-29,-21
-11,-42,-21,53,9,-57,24,12,-13,-54,-52,-32
-11,-31,-20,18,-25,-36,34,2,-5,-47,-42,-12
-2,-62,-11,25,21,-35,-1,39,-4,-12,-31,-37
-16,-38,-23,41,-9,-13,22,7,-1,-36,-56,-31
-3,-42,-33,21,8,-34,10,16,6,-35,-47,-27
-7,-32,-40,39,13,-51,15,10,-20,-29,-32,-25
-8,-21,-12,42,-4,-29,-8,25,-17,-26,-35,0
-27,-28,-25,13,18,-19,31,4,-14,-22,-29,-7
-10,-50,-35,18,22,-25,9,5,-7,-27,-33,-29
16,-36,-8,-2,-6,-10,12,-6,5,-13,-7,-19
-2,-14,-16,7,-13,7,23,1,5,0,-12,-14
-23,-31,-23,-1,38,3,-11,29,-8,-12,-28,-8
4,-8,7,-3,8,-21,-17,-3,15,7,-16,-21
-6,-51,-4,10,14,12,-2,-13,-7,2,-3,-15
7,-16,-7,-3,-7,-2,12,-15,-8,5,-19,-4
1,-26,-6,-36,0,17,6,0,-1,-21,-34,-23
-12,-1,10,24,3,-8,8,-26,12,9,2,6
19,3,8,-3,-5,19,6,-4,2,10,-2,-7
20,19,-3,-20,-11,27,4,-8,-5,15,17,3
7,35,23,-3,-11,18,-18,-8,0,18,29,1
2,15,33,-25,10,37,-19,-1,-11,30,27,16
9,27,25,-20,7,16,-35,10,-1,19,41,-3
31,31,28,-14,-2,11,-29,-5,23,14,27,30
-6,48,26,-23,2,35,-56,-8,29,8,23,36
-6,47,25,-29,14,35,-18,-22,21,19,37,30
17,60,58,-40,-9,60,-36,-16,18,41,46,40
10,69,35,-44,-8,31,-17,-28,28,47,39,46
27,56,45,-41,15,48,-37,-16,14,53,59,45
33,91,50,-45,-28,74,-45,-24,-2,68,67,55
12,79,69,-36,-4,63,-41,-40,34,82,74,62
43,75,57,-74,-25,86,-49,-68,8,59,68,59
40,95,67,-67,-18,67,-62,-46,22,64,100,62
27,95,64,-85,-27,102,-76,-54,39,79,89,72
45,102,78,-82,-4,89,-46,-45,26,79,112,70
63,117,88,-105,-4,86,-58,-73,43,81,121,72
55,159,70,-83,-27,113,-64,-67,48,126,124,98
64,130,96,-86,-53,117,-91,-55,57,102,126,101
49,141,113,-104,-55,110,-83,-50,50,134,143,98
48,140,110,-103,-9,153,-83,-68,47,138,159,110
51,212,109,-100,-15,149,-90,-77,51,123,167,129
62,176,101,-112,-44,133,-104,-60,55,123,140,121
68,173,96,-133,4,156,-104,-101,77,133,177,137
84,198,112,-142,-48,174,-97,-83,37,141,188,146
92,194,137,-145,-16,177,-114,-87,60,137,201,152
88,205,130,-144,-24,172,-107,-95,52,175,190,155
118,220,137,-140,-35,197,-127,-107,82,174,208,161
78,230,158,-147,-50,190,-120,-95,61,161,207,148
61,237,152,-171,-36,196,-117,-97,68,205,201,176
106,248,170,-179,-37,218,-153,-99,82,168,208,168
77,261,183,-184,-42,215,-138,-114,88,176,228,160
99,291,165,-173,-30,223,-137,-110,99,206,225,168
127,274,175,-199,-36,229,-165,-125,72,208,237,194
81,272,178,-168,-50,259,-148,-119,81,209,253,174
108,283,183,-223,-43,235,-159,-104,93,198,277,205
122,299,187,-188,-61,239,-171,-119,72,211,261,207
111,311,181,-205,-46,251,-142,-129,93,228,289,211
102,295,188,-215,-47,266,-163,-108,93,229,291,224
108,320,197,-222,-49,254,-187,-131,101,241,270,211
135,324,193,-238,-20,273,-177,-139,110,249,282,239
113,324,213,-227,-44,274,-182,-119,102,259,298,215
109,344,227,-219,-47,265,-166,-140,124,245,294,240
128,351,221,-225,-40,284,-165,-136,110,265,300,226
98,348,222,-245,-57,292,-177,-148,119,271,289,235
102,333,221,-241,-56,275,-187,-138,102,264,326,224
129,341,213,-231,-60,288,-191,-140,116,245,334,238
120,353,239,-235,-76,286,-188,-134,112,276,317,228
112,353,219,-227,-55,281,-210,-146,97,253,304,226
118,356,225,-223,-44,284,-174,-145,95,253,333,250
128,355,228,-256,-54,276,-178,-144,123,246,299,252
112,374,225,-246,-67,294,-202,-148,89,253,306,229
113,355,224,-239,-46,285,-186,-117,93,273,315,258
108,347,240,-219,-55,302,-183,-136,110,263,327,236
125,339,230,-240,-41,287,-198,-131,117,257,308,248
138,337,219,-249,-64,273,-194,-149,108,269,316,228
104,355,222,-241,-34,278,-201,-148,105,243,317,245
126,338,211,-227,-58,269,-165,-130,100,241,289,246
121,342,211,-231,-57,274,-178,-126,107,230,277,210
118,337,221,-234,-33,263,-176,-126,99,247,312,225
88,326,227,-213,-66,250,-185,-101,113,232,298,210
122,314,209,-221,-34,281,-164,-112,124,211,286,211
95,310,190,-168,-35,250,-161,-127,91,219,256,209
92,305,213,-205,-38,255,-150,-144,80,208,270,201
102,293,193,-210,-37,235,-142,-112,89,227,254,197
83,282,164,-196,-48,257,-155,-104,91,204,247,200
91,286,153,-172,-37,216,-150,-102,76,222,249,175
105,252,164,-177,-37,179,-143,-93,75,188,226,190
93,236,169,-164,-37,199,-142,-111,74,200,254,189
60,243,153,-154,-37,193,-144,-85,46,197,210,177
87,248,139,-156,-31,192,-147,-96,65,170,203,172
64,233,152,-179,-34,192,-131,-86,86,171,202,136
68,222,141,-151,-57,193,-122,-66,71,179,216,151
59,223,136,-153,-30,179,-117,-86,69,153,176,154
72,182,117,-130,-43,180,-98,-74,68,165,179,143
58,177,124,-143,-22,145,-100,-57,53,154,181,118
74,175,134,-140,-8,158,-103,-70,79,138,169,132
52,159,109,-129,-12,125,-113,-77,36,124,139,117
69,158,102,-110,-33,130,-86,-66,29,122,132,108
50,120,110,-106,-5,116,-60,-45,47,97,131,121
68,149,107,-93,-8,118,-95,-69,45,93,146,93
48,134,86,-87,-28,101,-58,-62,26,92,121,93
33,135,71,-95,-14,89,-65,-39,36,119,119,85
48,118,65,-70,-9,104,-67,-47,34,101,78,67
21,104,81,-56,-29,83,-49,-64,25,89,80,76
25,99,51,-68,-41,70,-72,-35,17,57,90,58
30,104,47,-61,-2,77,-16,-51,52,63,76,54
9,75,45,-65,6,53,-41,-33,33,74,84,45
17,60,64,-34,-29,54,-29,-34,27,38,71,53
1,54,39,-38,-19,50,-38,-37,13,55,63,45
23,51,18,-42,-3,28,-26,-12,13,27,31,43
19,61,20,-34,0,44,-27,-12,4,33,51,24
20,34,16,-16,6,43,0,-13,-12,3,27,19
16,32,14,-18,2,26,-15,-31,13,19,43,20
18,11,9,-13,-6,20,3,16,3,15,10,26
-2,23,15,-8,13,11,-19,-15,-12,7,-1,5
15,-18,17,-7,5,7,3,-3,-1,13,7,12
11,3,-9,-4,8,26,-9,4,-14,1,-19,30
-10,-8,-26,9,16,2,-6,21,-7,18,-3,3
-5,-32,-4,22,7,-6,16,1,-2,-7,-4,-17
-1,-5,25,-1,9,-24,0,-1,-14,-20,-28,-35
14,-26,-10,10,30,-18,23,4,-6,-7,-35,-20
-4,-24,-25,16,1,-14,12,17,-18,-8,-37,-10
-29,-38,-34,10,7,-24,29,2,-7,-7,-45,-18
0,-44,-9,19,12,-38,-2,14,16,-27,-13,-40
18,-25,-52,0,-6,-15,45,12,-27,-42,-40,-50
-27,-55,-31,30,-10,-41,27,32,-7,-19,-48,-15
-31,-17,-34,25,3,-46,30,11,1,-38,-48,-21
-12,-37,-42,18,-1,-50,28,31,-18,-50,-46,-40
-18,-61,-60,54,2,-38,15,6,-21,-27,-39,-33
-30,-50,-48,35,-2,-25,29,27,-5,-25,-60,-38
-23,-81,-42,65,0,-65,38,19,-3,-31,-31,-37
-36,-69,-25,48,43,-74,7,24,-10,-57,-55,-41
-23,-85,-64,24,-3,-80,27,28,-10,-70,-60,-32
-23,-72,-33,50,10,-34,44,41,-16,-32,-57,-55
-28,-64,-34,50,-5,-53,42,24,-24,-57,-46,-42
-25,-90,-41,45,27,-48,50,5,-32,-60,-68,-51
-33,-62,-41,33,4,-53,40,36,-5,-55,-49,-69
-20,-60,-40,54,10,-64,51,32,-12,-71,-79,-44
-18,-74,-58,40,18,-64,36,28,-42,-52,-62,-67
-18,-70,-75,53,16,-87,62,42,-45,-42,-73,-52
-46,-68,-50,62,34,-73,38,28,-17,-73,-81,-44
-36,-62,-59,77,10,-63,48,38,-15,-78,-83,-24
-33,-97,-45,55,-8,-44,47,54,-15,-49,-70,-52
-28,-53,-66,48,16,-66,50,15,-16,-59,-75,-83
-15,-74,-46,49,17,-45,43,7,1,-43,-77,-61
-12,-84,-45,55,11,-70,51,31,-16,-57,-70,-57
-35,-72,-76,41,-14,-58,24,16,-24,-72,-87,-27
-25,-91,-57,54,2,-67,44,17,-46,-68,-67,-78
-16,-96,-37,58,21,-57,40,24,-10,-66,-84,-45
-28,-92,-53,46,2,-67,38,25,-33,-71,-67,-86
-38,-90,-82,38,21,-54,43,58,-34,-75,-84,-67
-25,-92,-57,53,-6,-62,60,41,-32,-64,-79,-62
-26,-71,-63,81,11,-86,59,26,-9,-55,-67,-49
-41,-66,-44,69,44,-80,70,26,-13,-54,-48,-60
-15,-102,-57,59,37,-62,28,30,-41,-60,-87,-60
-21,-98,-45,61,11,-69,40,43,-19,-64,-76,-78
-18,-99,-34,35,9,-76,28,34,-24,-49,-74,-85
-26,-66,-63,55,12,-83,22,45,-41,-64,-65,-83
-31,-87,-56,61,23,-74,30,38,-21,-74,-93,-35
-20,-89,-45,60,1,-92,32,54,-40,-71,-83,-56
-31,-87,-66,52,19,-75,57,19,-23,-58,-74,-53
-26,-76,-44,68,2,-75,55,40,-17,-43,-99,-66
-30,-86,-47,42,10,-70,42,36,-37,-66,-87,-54
-37,-81,-63,58,16,-77,49,27,-21,-57,-92,-61
-20,-90,-46,62,8,-79,39,21,-31,-56,-73,-50
-27,-93,-49,56,23,-71,47,54,-18,-72,-70,-44
-44,-83,-36,69,35,-74,35,9,-29,-78,-80,-66
-24,-67,-43,60,-3,-96,57,37,-26,-63,-78,-70
-10,-93,-62,70,5,-70,60,25,-25,-66,-78,-50
-24,-79,-37,62,14,-68,49,47,-21,-63,-109,-54
-32,-79,-58,48,-3,-94,42,13,-11,-58,-86,-57
-17,-99,-72,52,19,-60,56,43,-15,-62,-93,-58
-13,-77,-57,61,23,-70,52,44,-1,-47,-86,-36
-43,-89,-62,64,-9,-92,36,22,-20,-49,-84,-63
-9,-82,-63,62,-10,-73,40,30,-13,-47,-54,-33
-7,-74,-60,74,18,-76,37,30,-40,-59,-77,-63
-32,-69,-69,55,27,-80,36,21,-20,-81,-81,-32
-44,-72,-48,65,-2,-57,39,43,-16,-66,-80,-48
-38,-94,-53,44,23,-60,41,13,-26,-50,-72,-73
-38,-101,-65,60,0,-72,50,23,-14,-80,-79,-70
-29,-84,-53,59,27,-75,42,44,-43,-52,-69,-78
-53,-71,-80,58,8,-71,29,44,-14,-59,-67,-57
-17,-67,-31,54,14,-50,43,22,-41,-46,-69,-67
-15,-65,-46,57,2,-50,33,22,-22,-64,-54,-47
-18,-89,-56,36,15,-73,32,43,-8,-67,-83,-66
-41,-74,-44,55,23,-76,57,29,-18,-58,-57,-50
-27,-98,-68,47,18,-95,37,47,-30,-89,-77,-71
-21,-80,-60,45,3,-50,33,17,-33,-49,-48,-52
-42,-94,-68,44,24,-64,36,43,-38,-58,-96,-66
-35,-82,-54,36,15,-70,50,39,-6,-65,-63,-42
-22,-100,-72,59,14,-60,49,28,-34,-59,-81,-63
-31,-71,-63,50,12,-60,61,35,-18,-52,-76,-53
-23,-61,-76,49,27,-67,50,21,-27,-52,-72,-61
-42,-101,-39,47,19,-73,34,27,-30,-63,-79,-51
-20,-100,-73,48,14,-55,35,57,-27,-60,-83,-79
-32,-54,-48,55,12,-65,56,52,-38,-46,-72,-42
-2,-80,-44,47,13,-68,45,31,-13,-51,-57,-57
-39,-67,-41,49,-6,-68,57,29,-29,-80,-72,-60
-28,-67,-56,36,11,-49,55,46,-18,-62,-82,-57
-36,-73,-37,49,11,-66,20,30,-16,-53,-69,-44
-18,-69,-34,38,-4,-68,45,23,-20,-71,-65,-44
-18,-58,-61,35,-23,-64,52,30,-15,-58,-73,-47
-21,-75,-41,40,-6,-66,34,27,-4,-49,-61,-48
-20,-58,-45,35,7,-40,38,34,-45,-32,-68,-41
-18,-69,-44,44,27,-47,17,29,-7,-71,-62,-42
-43,-66,-38,53,10,-42,34,38,-16,-36,-48,-26
-28,-60,-45,38,-7,-62,31,30,-9,-35,-35,-29
0,-59,-49,45,3,-33,49,32,-35,-47,-34,-50
-7,-52,-21,23,13,-33,36,14,-1,-18,-28,-44
-20,-9,-56,28,8,-8,12,28,-31,-39,-57,-21
-20,-36,-10,6,6,-31,4,22,-14,-21,-49,-32
-31,-43,3,7,18,-34,21,21,4,-7,-21,-33
4,-36,-25,15,-8,-15,21,2,1,-35,-18,-41
-21,-20,-4,12,-6,-13,-1,7,3,-8,-22,-29
-15,-17,-23,11,11,-1,-1,17,-1,3,-9,-8
10,10,-23,-7,0,3,0,5,-4,-20,6,-8
-4,39,7,10,33,-7,-5,-11,19,14,-3,-1
-1,17,19,0,-9,0,-6,1,7,16,17,14
10,29,20,-3,-8,12,-4,-13,1,9,30,15
23,35,15,-9,-33,13,-14,-9,8,39,33,24
1,35,23,-32,9,19,-14,-4,20,21,28,-2
7,54,22,-40,-14,22,-31,-11,22,16,56,34
19,48,11,-52,9,53,-33,-26,3,47,51,30
37,61,33,-53,-2,57,-29,-21,3,27,69,53
11,95,36,-59,-24,50,-36,-48,31,59,65,60
32,81,55,-62,5,78,-54,-27,11,55,70,51
21,93,56,-64,-28,98,-47,-32,31,57,82,75
39,115,82,-57,-16,98,-52,-36,39,72,97,82
21,117,90,-84,-10,101,-47,-69,29,64,101,94
31,134,101,-88,-12,127,-54,-46,53,81,91,77
38,142,85,-90,-30,104,-71,-60,46,100,112,95
43,135,90,-80,-29,114,-66,-42,56,106,140,82
36,149,84,-86,-36,136,-73,-44,50,129,134,98
35,136,97,-95,-15,118,-82,-57,53,131,107,112
79,144,106,-94,0,122,-62,-82,72,114,133,108
57,156,90,-92,-34,138,-74,-77,81,134,143,108
72,162,120,-95,-49,143,-91,-52,34,115,122,106
73,159,130,-136,-23,145,-81,-67,51,113,131,128
55,169,118,-90,-38,143,-109,-83,51,105,162,125
58,197,119,-129,-26,145,-103,-68,69,119,152,109
65,187,83,-117,-30,151,-97,-42,62,126,188,104
56,189,111,-123,-30,152,-75,-62,60,141,134,126
47,185,117,-126,-36,144,-75,-46,60,118,155,123
65,157,104,-138,-29,111,-96,-88,53,150,145,108
65,165,99,-120,-33,128,-76,-58,79,135,148,111
76,163,94,-112,-11,129,-97,-51,55,118,138,111
42,180,113,-127,-27,163,-103,-69,39,106,119,109
76,154,104,-101,-11,123,-65,-68,46,101,130,127
80,147,102,-105,-11,120,-74,-61,54,102,132,84
39,121,89,-93,-26,134,-85,-36,45,96,118,105
66,131,93,-74,-18,107,-82,-46,30,99,113,95
43,117,60,-100,-26,91,-70,-63,31,114,128,85
45,132,74,-75,-4,64,-54,-48,27,94,99,82
23,73,97,-96,-26,85,-71,-61,22,63,73,75
29,88,79,-69,2,91,-58,-20,12,66,104,68
21,101,61,-68,-20,74,-54,-25,10,62,81,59
21,77,39,-63,-34,47,-38,-34,17,72,72,50
14,74,51,-57,-14,78,-34,-31,24,49,91,35
0,47,37,-48,10,43,-38,-21,5,60,56,45
14,50,17,-24,-5,67,-40,-22,19,47,46,39
15,54,23,-43,-11,42,-24,-4,20,37,30,35
23,13,32,6,-1,19,-26,-18,5,26,40,20
1,19,-5,-17,-11,28,-1,-16,15,17,23,18
40,23,18,-10,2,15,-13,7,18,14,39,7
14,15,17,-2,3,23,11,7,-3,-2,12,6
10,-5,-4,9,-27,11,16,-9,-8,9,12,20
4,-14,-1,13,-6,1,8,-9,8,15,-32,17
-34,-22,-17,2,8,-27,11,15,-8,-14,-21,-31
-7,-1,-11,1,-6,-22,9,10,-6,-24,-22,-11
-25,-48,-38,18,8,-32,13,10,-30,-25,-22,-39
-28,-7,-42,6,-1,-27,19,28,-21,-23,-54,-34
0,-43,-27,25,21,-68,25,32,-22,-23,-32,-9
-29,-70,-49,-4,1,-26,31,36,-10,-28,-48,-37
-14,-34,-27,35,1,-58,25,22,-20,-48,-17,-34
-25,-62,-13,24,-6,-41,30,14,-22,-46,-75,-35
-28,-67,-24,38,16,-34,56,33,-13,-44,-33,-30
-27,-50,-36,50,1,-62,31,20,-19,-51,-59,-24
-21,-72,-36,53,4,-60,31,29,-25,-61,-61,-40
-33,-73,-61,17,19,-75,26,22,-12,-35,-92,-51
-31,-61,-25,49,2,-55,30,20,-13,-58,-81,-45
-13,-70,-41,52,5,-59,56,29,-33,-67,-64,-55
-29,-77,-67,75,-4,-65,56,41,1,-67,-64,-59
-33,-99,-54,56,18,-88,65,31,-9,-66,-73,-52
-33,-83,-67,64,6,-60,62,33,-46,-54,-69,-94
-47,-82,-88,92,12,-63,48,29,-34,-79,-92,-59
-52,-114,-71,86,18,-103,66,44,-45,-80,-119,-67
-11,-131,-74,65,0,-79,72,52,-15,-79,-95,-97
-60,-122,-78,101,25,-96,65,68,-42,-79,-104,-97
-34,-169,-97,101,-11,-125,73,48,-46,-97,-138,-116
-54,-139,-114,128,44,-146,94,64,-69,-105,-151,-127
-63,-178,-109,126,21,-168,86,79,-56,-150,-165,-126
-60,-208,-142,127,28,-190,118,73,-56,-157,-190,-146
-76,-217,-145,153,41,-183,114,100,-74,-169,-205,-159
-90,-233,-121,152,49,-195,122,99,-77,-179,-209,-158
-79,-247,-146,175,49,-211,118,105,-89,-161,-210,-158
-89,-244,-168,168,27,-197,133,90,-70,-200,-203,-173
-89,-237,-177,150,34,-231,123,109,-72,-197,-205,-165
-75,-256,-152,164,28,-216,108,82,-88,-167,-207,-148
-69,-215,-143,139,33,-191,105,84,-62,-192,-199,-168
-64,-198,-125,126,8,-187,121,81,-64,-146,-185,-153
-54,-173,-112,118,20,-145,105,76,-50,-129,-169,-126
-31,-156,-88,90,22,-89,51,69,-32,-118,-135,-67
-45,-79,-59,68,6,-56,69,35,-23,-53,-66,-34
15,-23,-14,33,-1,-9,3,-20,-30,-15,-20,-6
11,63,39,-27,-1,38,-12,-14,41,31,45,35
21,126,96,-79,-3,104,-65,-48,16,104,104,85
74,250,133,-136,-27,161,-112,-86,76,162,153,162
96,316,208,-207,-24,243,-146,-117,97,229,281,218
152,391,249,-286,-63,330,-232,-147,122,296,348,267
187,509,360,-327,-79,447,-285,-209,164,388,456,368
221,646,406,-419,-92,499,-350,-278,183,471,549,437
261,722,475,-484,-120,588,-372,-281,204,541,655,492
291,796,536,-537,-127,659,-444,-318,242,591,740,549
294,887,566,-583,-147,696,-466,-353,275,668,785,603
331,953,606,-627,-151,762,-497,-379,281,687,841,649
305,969,639,-652,-140,799,-531,-387,307,712,841,668
329,962,599,-654,-153,785,-505,-378,287,723,865,696
344,935,628,-666,-159,784,-505,-379,296,703,827,647
322,905,593,-593,-131,745,-483,-340,278,686,795,618
291,827,540,-559,-123,691,-466,-326,247,615,736,553
244,739,468,-492,-102,619,-409,-325,232,558,687,513
236,645,421,-422,-103,519,-351,-265,187,474,572,444
179,528,344,-360,-65,417,-293,-229,157,384,464,360
163,402,251,-283,-58,342,-219,-164,112,314,360,296
96,274,213,-228,-32,248,-173,-110,72,199,263,221
57,165,123,-132,-40,148,-109,-72,36,135,169,145
54,100,65,-53,-18,89,-59,-40,18,57,64,57
-18,-17,17,28,-7,19,-10,26,-13,-4,-33,1
-46,-110,-64,58,-9,-79,64,26,-35,-49,-94,-49
-53,-142,-110,104,25,-148,82,46,-46,-109,-140,-98
-89,-229,-114,141,40,-205,115,90,-77,-182,-197,-154
-86,-261,-200,183,44,-214,121,106,-54,-192,-247,-182
-99,-277,-169,183,82,-230,163,87,-70,-225,-250,-214
-99,-302,-203,211,48,-251,160,125,-89,-225,-270,-199
-123,-308,-205,211,53,-279,173,114,-88,-241,-298,-223
-88,-320,-193,228,48,-262,178,134,-109,-244,-283,-239
-113,-308,-211,215,40,-257,165,130,-92,-254,-272,-215
-98,-305,-178,216,31,-247,173,120,-87,-227,-269,-220
-96,-285,-190,207,33,-226,171,113,-94,-223,-250,-195
-70,-236,-177,169,50,-198,155,106,-62,-200,-249,-177
-78,-248,-150,168,15,-205,118,118,-58,-166,-209,-161
-84,-212,-137,160,18,-187,92,96,-74,-178,-194,-121
-80,-192,-105,131,20,-173,110,67,-84,-159,-178,-129
-84,-169,-100,113,-2,-148,102,85,-63,-110,-183,-113
-69,-156,-100,100,15,-128,78,80,-55,-124,-127,-109
-64,-146,-75,91,3,-104,73,70,-41,-105,-117,-101
-27,-133,-68,72,35,-100,73,44,-41,-90,-114,-83
-49,-108,-69,60,12,-101,38,36,-42,-71,-72,-98
-32,-97,-38,65,27,-83,44,44,-22,-80,-105,-80
-37,-70,-57,65,4,-62,48,51,-13,-45,-75,-57
-47,-84,-77,66,10,-65,48,43,-13,-70,-78,-24
-23,-73,-56,37,6,-73,33,27,-18,-36,-34,-56
-28,-56,-44,60,-3,-55,23,13,-41,-38,-63,-69
-40,-72,-39,9,1,-44,24,24,-43,-51,-66,-32
-28,-52,-37,24,-3,-51,19,2,-11,-24,-76,-59
-18,-69,-41,48,10,-72,21,18,-17,-39,-49,-27
-18,-60,-69,24,16,-48,32,44,-7,-46,-50,-44
-31,-50,-53,53,-3,-44,32,36,0,-69,-57,-48
-25,-48,-39,31,-13,-49,13,28,-12,-57,-54,-33
-3,-39,-23,26,8,-55,37,21,-9,-52,-47,-30
-23,-48,-41,30,2,-49,36,29,-17,-32,-45,-24
-29,-26,-46,35,9,-43,49,32,-31,-45,-55,-42
-29,-20,-32,18,8,-48,32,30,-7,-33,-34,-26
-21,-32,-22,28,11,-16,11,-6,-20,-24,-48,-33
-9,-41,-5,25,-10,-37,21,22,-7,-23,-50,-32
-20,-50,-23,1,-10,-17,35,18,1,-47,-22,-12
-4,-37,-36,26,-9,-5,20,4,0,-16,-35,6
-13,-28,-16,19,11,-9,25,19,4,-21,-24,-10
-25,-16,-31,19,-15,-38,18,19,-8,-14,-10,-9
16,-10,0,-10,17,-24,2,-9,0,-12,-11,-16
-3,4,-3,-12,18,-31,11,3,3,-4,-5,-25
2,-3,-11,24,-7,-11,6,13,-1,0,-7,-8
10,-12,9,-13,6,4,-12,-6,-12,19,-25,-12
7,19,13,-10,3,12,1,9,0,5,38,-4
1,4,15,-32,-3,2,-20,8,-12,26,5,0
13,4,15,-20,0,-1,9,12,8,5,22,12
11,10,4,-13,13,8,-24,-27,19,10,21,40
4,22,25,-17,-13,33,-9,-6,-13,38,17,19
14,16,13,-27,19,45,-14,-19,20,39,18,13
20,34,17,-43,-2,34,-24,-40,29,27,44,16
3,45,20,-20,14,30,-18,-2,23,22,37,30
40,47,25,-41,-13,40,-41,-16,36,55,46,39
18,58,33,-38,-1,32,-38,-27,28,38,80,30
50,79,49,-52,-21,51,-29,-22,9,61,48,46
37,78,41,-45,-23,84,-53,-29,42,68,83,54
20,83,63,-48,-2,93,-37,-31,35,47,57,52
49,83,67,-44,-10,56,-49,-35,33,66,94,77
41,112,43,-64,-10,54,-43,-43,24,98,98,49
36,150,72,-87,-24,101,-55,-39,17,82,105,96
43,115,61,-103,-2,96,-43,-45,40,98,109,87
37,124,98,-87,-15,92,-77,-60,20,115,114,98
55,120,85,-95,-34,103,-78,-51,56,102,115,94
43,155,116,-98,-15,117,-76,-56,63,111,144,117
52,164,113,-112,-20,141,-89,-37,45,98,160,112
65,154,119,-135,-9,121,-67,-84,46,120,161,125
57,183,98,-111,-19,162,-79,-71,64,145,142,134
63,177,108,-143,-30,165,-107,-68,71,119,165,131
70,186,131,-118,-42,159,-108,-78,42,158,168,138
86,201,146,-108,-38,174,-109,-68,52,151,207,140
77,210,142,-139,-23,191,-118,-102,71,174,174,160
77,223,139,-153,-31,172,-102,-99,74,160,178,155
76,235,139,-157,-24,206,-143,-108,81,166,213,139
80,257,144,-171,-27,182,-120,-101,65,172,224,160
101,218,160,-189,-43,214,-145,-94,102,211,214,200
79,262,144,-197,-32,202,-141,-105,72,199,219,164
103,247,182,-185,-48,221,-156,-102,94,209,243,184
112,267,156,-161,-33,241,-144,-111,67,192,233,192
111,273,163,-192,-58,222,-171,-120,75,202,236,192
75,302,181,-195,-45,247,-163,-116,77,221,241,201
113,292,180,-184,-49,239,-158,-103,87,220,279,205
87,314,175,-200,-28,231,-157,-124,101,232,247,230
113,298,197,-219,-58,249,-189,-125,96,248,272,232
82,287,186,-188,-51,265,-173,-111,82,225,293,204
91,309,166,-213,-53,266,-169,-141,95,235,292,205
112,326,211,-219,-48,251,-168,-136,108,242,309,212
105,334,216,-194,-55,277,-185,-137,94,242,297,230
120,327,224,-224,-68,261,-183,-117,105,233,302,229
106,360,215,-206,-54,267,-186,-148,81,248,305,207
105,334,235,-237,-47,286,-172,-130,102,247,303,251
109,324,233,-229,-41,264,-167,-124,91,234,292,230
118,324,196,-230,-66,291,-173,-133,85,257,321,228
115,347,233,-242,-37,284,-195,-116,90,237,300,233
105,341,200,-220,-50,278,-187,-122,103,250,275,235
121,334,200,-250,-40,274,-173,-122,110,238,287,233
110,326,218,-218,-75,262,-187,-133,97,256,291,236
104,320,225,-229,-33,264,-187,-121,96,249,297,221
127,331,240,-200,-60,275,-164,-112,115,250,301,245
97,312,203,-233,-43,248,-180,-137,101,224,284,211
88,321,199,-222,-59,260,-183,-115,85,247,299,237
133,310,199,-210,-70,254,-173,-125,116,237,298,215
100,304,204,-218,-51,272,-180,-121,86,245,273,220
96,304,195,-228,-18,250,-143,-122,91,252,247,217
103,298,201,-212,-45,221,-172,-120,97,223,241,195
96,282,189,-213,-35,236,-155,-120,104,207,261,225
101,301,191,-198,-35,241,-149,-123,111,221,241,214
90,284,185,-173,-53,218,-146,-110,96,202,247,194
112,276,175,-180,-39,198,-164,-128,103,211,241,207
91,265,151,-185,-34,214,-136,-74,63,212,217,148
94,254,165,-173,-27,208,-148,-104,65,168,208,186
86,238,175,-171,-49,176,-137,-89,71,174,215,155
77,252,157,-137,-32,214,-140,-95,81,159,230,165
81,243,161,-167,-58,182,-135,-77,69,160,196,161
73,201,158,-171,-30,180,-110,-80,59,165,198,156
68,201,144,-137,-41,183,-135,-95,55,155,180,154
85,193,165,-130,-9,191,-114,-74,45,158,182,154
45,184,124,-151,-47,158,-89,-88,62,139,157,120
59,193,105,-131,-19,152,-85,-81,48,148,133,110
43,177,108,-116,-33,145,-100,-68,50,122,154,110
59,180,109,-125,-8,132,-78,-82,53,121,160,128
59,159,86,-110,-20,133,-85,-70,46,102,139,99
61,153,83,-115,-37,137,-66,-72,32,93,115,90
39,127,86,-78,-53,132,-76,-46,57,81,123,75
32,125,78,-95,-13,103,-67,-38,43,94,104,86
23,118,70,-74,-33,98,-65,-41,24,94,94,86
38,113,75,-89,0,89,-69,-33,38,81,82,82
36,89,73,-68,-8,82,-49,-22,40,42,87,58
31,107,77,-68,-1,53,-41,-34,35,81,98,65
18,76,51,-70,-7,64,-26,-40,26,64,52,58
29,88,22,-48,-12,58,-30,-16,7,46,72,50
20,57,37,-39,-20,41,-35,-16,30,34,58,33
36,46,38,-33,8,32,-31,-17,36,51,47,39
21,53,12,-56,-19,29,-43,-2,6,40,39,42
15,27,18,-3,-19,44,-47,-6,-2,26,15,-8
15,13,16,-34,2,15,-16,-26,18,29,10,28
21,17,32,-33,-14,9,-24,-28,17,20,17,23
-6,17,5,-18,-8,18,-5,-25,17,-4,-4,14
-6,26,0,-6,3,21,-11,-9,20,14,15,22
-10,23,0,20,-3,8,-12,1,1,13,8,13
-14,6,13,18,-3,-8,18,1,4,10,8,-15
-17,1,-8,8,-13,6,-8,60,-10,1,-11,-4
-18,-22,-4,18,-6,-9,-8,15,-24,-22,1,-1
-24,-23,-11,-7,13,2,17,-7,-10,-3,-6,1
-19,-3,-15,21,3,-19,5,27,11,-19,-35,7
-13,-36,-9,-2,24,-26,-4,-2,-28,-11,1,-22
-7,-22,5,38,3,-23,33,29,4,-24,-25,-35
-13,-66,-5,11,10,-38,20,12,-16,-20,-36,0
-15,-41,-15,32,0,-14,15,26,-1,-39,-54,-52
-20,-48,-32,43,15,-45,43,11,-24,-60,-37,-37
-4,-59,-31,20,2,-42,18,22,-21,-45,-39,-25
-21,-51,-37,35,-2,-67,50,-15,-4,-48,-19,-27
-18,-60,-22,36,11,-37,23,19,-23,-67,-49,-25
-39,-55,-48,41,36,-34,47,35,-28,-55,-62,-52
-13,-73,-54,48,16,-54,38,24,-25,-70,-45,-56
-13,-49,-62,42,12,-55,36,28,-20,-38,-60,-21
-25,-56,-29,36,8,-58,40,33,-35,-43,-74,-56
6,-69,-57,42,13,-73,59,25,-21,-49,-62,-45
-42,-73,-71,53,21,-79,46,37,-2,-50,-49,-58
-37,-82,-38,46,15,-67,36,11,-28,-54,-78,-46
-47,-72,-52,48,5,-65,74,48,-35,-74,-82,-59
-9,-87,-49,70,21,-63,57,29,-37,-85,-88,-64
-36,-67,-51,41,4,-78,41,31,-33,-44,-58,-72
-21,-77,-53,55,29,-66,55,28,-21,-73,-57,-67
-26,-80,-53,46,17,-72,50,17,-36,-60,-65,-52
-44,-67,-52,62,-4,-58,46,26,-6,-46,-86,-55
-37,-98,-51,62,4,-82,39,20,-25,-57,-71,-42
-21,-92,-39,41,5,-64,38,52,-19,-68,-58,-61
-41,-76,-30,57,2,-83,50,33,-29,-61,-51,-45
-47,-76,-46,68,15,-67,56,44,-21,-67,-63,-70
-26,-77,-42,37,-1,-84,66,43,-46,-91,-63,-41
-11,-87,-68,62,16,-87,45,37,-26,-47,-63,-53
-25,-96,-62,65,27,-62,64,23,-36,-51,-69,-77
-47,-83,-63,49,27,-81,24,44,-42,-77,-92,-46
-28,-85,-55,62,3,-61,38,33,-14,-59,-90,-45
-39,-115,-63,63,18,-72,35,37,-39,-61,-95,-65
-31,-96,-78,65,1,-46,52,45,-33,-98,-93,-45
-24,-100,-72,71,14,-70,51,33,7,-56,-80,-65
-30,-101,-59,59,25,-76,42,44,-27,-67,-78,-56
-38,-101,-65,62,9,-72,42,26,-44,-59,-70,-45
-43,-68,-85,82,29,-81,60,8,0,-75,-79,-57
-29,-82,-45,53,8,-64,67,4,-37,-58,-81,-40
-45,-91,-42,37,-1,-61,33,54,-25,-44,-77,-73
-21,-73,-58,82,20,-87,44,41,-17,-67,-67,-64
-7,-89,-54,51,5,-69,52,42,2,-62,-78,-72
-10,-81,-89,55,27,-68,41,20,-30,-58,-85,-47
-39,-100,-41,56,-18,-72,64,34,-15,-75,-70,-76
-41,-101,-70,69,7,-65,53,38,-22,-50,-57,-68
-47,-92,-48,54,6,-87,51,56,-13,-62,-79,-56
-44,-86,-64,71,11,-67,41,39,-39,-74,-87,-51
-52,-85,-61,46,12,-86,57,68,-26,-57,-101,-69
-27,-90,-64,78,5,-63,54,35,-44,-53,-75,-89
-22,-99,-37,67,17,-76,40,34,-31,-86,-75,-87
-29,-107,-69,54,10,-52,33,31,-35,-62,-49,-57
-26,-94,-58,62,11,-60,29,20,-41,-52,-71,-52
-19,-88,-57,49,28,-74,59,12,0,-79,-86,-74
-23,-109,-51,51,9,-104,59,30,-38,-73,-94,-47
-33,-79,-51,62,9,-80,52,31,-33,-58,-66,-54
-39,-86,-60,60,17,-64,36,37,-14,-52,-52,-64
-16,-99,-58,75,40,-61,39,35,-26,-58,-57,-78
-32,-61,-49,51,6,-54,57,32,-28,-65,-67,-80
-31,-104,-41,56,12,-91,35,19,-21,-63,-76,-65
-21,-93,-52,59,26,-88,27,7,-34,-69,-72,-65
-10,-87,-68,72,28,-60,52,21,-4,-52,-99,-51
-35,-82,-55,55,27,-85,32,43,-21,-56,-63,-60
-34,-88,-45,77,14,-73,55,27,-26,-75,-80,-58
-28,-96,-44,55,20,-77,54,25,-18,-63,-62,-61
-14,-94,-45,48,24,-57,15,20,-14,-82,-67,-54
-53,-80,-53,57,8,-74,28,46,-40,-75,-66,-57
-15,-60,-47,56,5,-74,46,6,-30,-82,-87,-56
-33,-102,-62,50,38,-66,42,47,-43,-68,-73,-47
-18,-94,-58,65,20,-62,26,8,-33,-69,-84,-39
-23,-76,-44,49,16,-82,45,8,-33,-66,-73,-68
-27,-68,-37,61,20,-81,61,41,-26,-39,-80,-57
-37,-66,-55,64,-8,-72,40,17,-61,-40,-77,-50
-8,-85,-40,78,12,-51,32,32,-18,-64,-70,-47
-43,-92,-59,29,3,-65,42,26,-14,-69,-83,-74
-21,-83,-52,57,3,-56,51,19,-27,-55,-82,-41
-26,-56,-49,50,12,-51,47,48,-28,-49,-83,-28
-4,-72,-58,43,3,-56,40,42,-28,-48,-72,-48
-38,-82,-50,34,6,-66,50,31,-15,-43,-94,-58
-18,-95,-63,50,1,-76,45,31,-18,-48,-90,-60
-40,-72,-53,32,-18,-60,35,25,-23,-55,-65,-58
-30,-91,-51,41,8,-53,32,44,-24,-61,-70,-60
-29,-82,-57,39,-3,-69,44,41,-12,-38,-68,-69
-4,-74,-51,38,17,-46,28,38,-18,-48,-61,-30
-9,-76,-35,47,10,-36,33,17,-22,-55,-67,-34
-24,-61,-48,24,-3,-36,39,16,-13,-19,-47,-37
-4,-64,-27,29,14,-48,41,24,-14,-41,-63,-30
-8,-31,-39,28,12,-43,22,43,-5,-53,-39,-22
-33,-43,-36,16,24,-31,26,12,-7,-11,-22,-19
-2,-48,-12,25,8,-42,12,1,-18,-26,-32,-27
-22,-48,-20,21,-2,-54,19,15,-37,-23,-43,-7
-7,-25,-17,40,23,-49,25,11,-20,-44,-30,-16
-27,-21,-19,22,3,-20,32,29,-15,-20,-20,-27
-1,-22,-19,9,-8,-19,18,6,-3,-5,-20,-32
-17,-15,-7,12,-2,-19,-4,-16,-1,-10,-20,-25
-19,-18,-5,-3,28,-3,25,6,19,9,-4,1
15,9,-26,-11,11,0,19,8,-3,-9,-9,-10
-17,-13,21,-3,-6,13,4,-7,-8,26,3,5
5,5,9,-27,-1,12,-3,-6,-2,-2,33,31
6,38,6,-19,0,11,-13,-6,-4,28,50,7
6,38,15,-39,-16,41,-40,-18,18,40,46,45
30,55,31,-7,9,48,-28,-2,-3,53,30,39
8,54,33,-53,-4,35,-19,-7,13,35,51,31
21,66,39,-64,-6,41,-33,-16,33,56,62,70
27,75,55,-59,0,47,-30,-29,25,66,46,66
30,74,33,-68,-10,58,-46,-49,22,61,61,50
44,100,57,-41,-7,80,-69,-52,34,80,68,85
24,91,71,-71,-14,73,-58,-63,23,53,92,91
43,107,89,-78,-7,97,-82,-52,19,81,93,64
50,112,83,-60,-21,76,-67,-62,58,90,116,98
28,133,75,-110,-14,112,-60,-47,67,96,109,111
45,114,75,-94,-26,110,-90,-56,30,81,134,104
51,153,101,-63,-17,143,-92,-63,37,111,114,122
56,135,98,-90,-47,141,-80,-64,32,118,142,114
45,150,108,-112,-24,136,-94,-53,49,134,147,98
60,174,120,-124,-36,156,-96,-50,31,124,168,110
75,174,130,-107,-40,162,-79,-101,62,142,176,140
66,185,118,-131,-37,147,-94,-82,51,160,146,143
58,182,137,-104,-26,149,-96,-85,64,158,167,144
44,176,129,-119,-46,166,-93,-72,52,141,176,141
77,183,116,-143,-47,173,-109,-75,62,125,166,130
58,198,133,-140,-17,177,-114,-76,59,147,175,155
33,174,115,-135,-25,168,-101,-75,58,146,147,125
68,197,127,-160,-38,175,-99,-85,73,142,174,129
62,198,121,-152,-21,157,-106,-78,40,145,174,149
57,184,131,-118,-32,182,-108,-66,54,158,166,135
55,170,134,-117,-46,176,-107,-72,77,132,168,119
58,180,141,-119,-9,166,-88,-92,32,130,153,111
60,165,111,-134,-36,138,-105,-72,48,129,152,115
84,181,106,-99,-51,152,-102,-78,61,131,133,134
75,157,118,-118,-33,157,-94,-44,57,131,145,105
55,145,95,-107,-46,133,-89,-70,31,112,142,121
60,158,102,-96,-31,136,-90,-67,45,115,157,121
65,146,99,-104,-39,116,-74,-61,42,104,108,102
58,148,94,-106,-20,115,-69,-60,62,87,129,99
54,117,87,-73,-23,109,-67,-51,17,110,106,98
42,126,97,-50,-23,118,-57,-43,43,107,136,73
36,109,81,-88,-9,85,-76,-7,45,97,98,68
63,93,95,-77,-20,96,-62,-47,34,80,94,82
39,128,56,-72,2,65,-56,-26,24,81,68,54
30,90,65,-62,14,59,-49,-34,31,80,68,37
9,83,57,-52,12,60,-12,-38,37,55,59,67
42,66,58,-62,-5,67,-28,-45,33,54,70,52
20,62,34,-64,-10,49,-46,-8,5,39,42,35
18,47,14,-44,13,50,-28,-20,-4,32,52,26
55,38,29,-31,-4,11,-21,-12,17,12,51,50
19,44,24,-14,-6,38,-4,-20,15,22,18,27
10,-4,16,-6,8,32,-20,-14,13,-16,21,22
10,13,-11,-21,2,-6,-8,-6,20,34,3,0
-1,2,23,14,-4,9,-15,-11,18,24,3,-6
-10,-24,1,-5,-19,1,6,19,-16,-8,-6,12
-6,3,-2,21,16,6,16,7,6,-16,7,0
-2,-15,-20,16,4,-6,5,15,-24,5,0,-8
5,-3,-10,9,19,-10,11,18,-12,-20,-30,-5
5,2,-11,10,-20,-14,17,0,-9,-23,-14,-10
-18,-23,-3,32,29,-27,9,8,-27,-30,-40,-34
-22,-29,-18,45,9,-10,12,0,-8,-29,-56,-6
-34,-45,-55,4,14,-45,20,24,-25,-40,-35,-31
-5,-56,-48,-7,10,-36,50,21,-15,-38,-29,-27
-20,-47,-39,28,19,-17,24,11,9,-45,-44,-39
-11,-30,-35,61,2,-20,22,20,-29,-45,-45,-41
-4,-65,-42,56,19,-30,35,-1,-11,-45,-43,-44
-24,-56,-13,39,5,-50,45,14,-20,-27,-65,-50
-24,-44,-29,36,15,-54,47,22,-23,-42,-68,-57
19,-59,-43,18,10,-55,41,10,-3,-52,-80,-42
-37,-96,-44,32,32,-55,43,-6,-21,-68,-59,-36
-48,-80,-52,57,12,-57,27,30,-19,-63,-71,-55
-20,-107,-50,54,13,-83,43,26,-47,-55,-67,-83
-50,-74,-63,73,15,-82,51,24,-35,-63,-77,-74
-36,-110,-66,65,19,-96,48,37,-40,-72,-96,-65
-46,-113,-87,104,23,-97,71,50,-23,-97,-116,-86
-55,-123,-92,76,27,-102,89,61,-51,-105,-112,-104
-46,-137,-82,86,29,-142,77,51,-43,-109,-131,-112
-55,-155,-105,105,19,-151,65,61,-43,-131,-129,-110
-64,-187,-113,118,44,-132,99,69,-44,-134,-160,-125
-80,-165,-152,153,30,-163,99,76,-73,-167,-191,-106
-63,-203,-111,130,13,-161,90,65,-38,-125,-184,-125
-62,-190,-132,137,31,-167,123,82,-47,-130,-188,-148
-71,-191,-141,152,26,-177,118,83,-77,-168,-196,-149
-69,-187,-151,128,18,-154,107,79,-82,-149,-189,-144
-82,-201,-140,133,40,-177,91,76,-63,-135,-156,-136
-70,-171,-112,120,30,-142,80,79,-39,-118,-156,-122
-40,-139,-103,95,34,-152,72,62,-44,-122,-131,-98
-43,-119,-74,56,11,-78,67,21,-41,-98,-93,-61
-28,-66,-18,11,11,-23,36,14,4,-53,-47,-23
16,33,35,-17,10,26,-10,14,-3,-3,32,18
41,77,63,-64,-7,68,-49,-36,30,70,84,72
54,177,124,-122,-23,144,-120,-84,65,152,173,149
111,306,192,-182,-33,221,-148,-93,81,207,238,191
131,358,243,-265,-54,314,-235,-135,110,280,335,262
157,490,313,-302,-72,404,-264,-188,138,361,424,348
199,605,369,-398,-97,495,-334,-246,161,454,514,402
254,666,446,-460,-107,557,-378,-281,204,514,607,483
272,778,494,-510,-128,663,-452,-330,244,601,703,524
302,844,561,-578,-139,733,-465,-346,271,648,767,594
349,916,588,-631,-142,768,-501,-348,272,698,829,669
333,965,604,-641,-144,794,-527,-381,308,716,852,675
339,967,630,-686,-159,799,-552,-386,293,719,883,680
338,959,622,-643,-137,785,-542,-387,280,708,849,684
316,931,582,-624,-132,749,-511,-350,282,694,811,641
273,865,556,-591,-147,706,-459,-325,251,655,780,598
257,785,496,-546,-123,669,-442,-296,261,567,735,536
237,676,458,-483,-103,591,-372,-273,213,523,631,478
231,598,382,-411,-88,483,-318,-238,175,457,520,428
145,505,306,-338,-107,403,-270,-187,143,387,459,359
145,371,233,-232,-59,300,-170,-141,124,263,332,245
100,271,184,-172,-70,223,-131,-103,86,192,247,187
48,146,101,-116,-14,125,-85,-67,49,100,123,124
33,52,31,-33,-22,37,-39,-19,7,42,52,33
-16,-40,-34,14,8,-27,25,26,-13,-36,-50,-33
-46,-127,-84,84,19,-87,63,50,-27,-88,-89,-75
-78,-192,-121,108,27,-137,82,78,-70,-136,-137,-110
-81,-222,-143,155,40,-186,115,100,-37,-171,-229,-166
-86,-281,-172,189,58,-241,113,99,-76,-175,-246,-199
-99,-295,-186,201,45,-237,174,106,-95,-203,-249,-196
-108,-295,-179,214,59,-279,162,127,-86,-236,-277,-213
-118,-309,-209,215,46,-256,174,121,-91,-224,-286,-186
-101,-301,-195,197,63,-256,165,138,-93,-204,-278,-198
-100,-278,-191,201,60,-240,174,105,-109,-232,-282,-206
-109,-259,-203,155,26,-216,139,119,-80,-212,-265,-210
-85,-259,-170,168,29,-190,154,76,-81,-199,-218,-195
-77,-233,-166,157,29,-195,136,90,-81,-182,-215,-172
-73,-223,-134,164,38,-175,110,82,-51,-152,-179,-145
-79,-171,-103,113,24,-156,115,80,-57,-136,-152,-122
-66,-161,-88,98,4,-143,73,67,-40,-116,-122,-118
-52,-151,-83,75,6,-107,78,68,-59,-93,-135,-124
-36,-140,-83,66,13,-107,53,57,-30,-98,-129,-71
-31,-100,-59,56,23,-73,51,28,-13,-83,-93,-84
-29,-86,-54,65,16,-91,65,23,-19,-51,-95,-59
-6,-81,-47,46,-1,-85,40,43,-32,-47,-60,-52
-33,-57,-23,37,-3,-53,19,18,-22,-67,-72,-63
-35,-60,-29,51,1,-38,42,31,-14,-62,-70,-49
-8,-54,-19,45,21,-31,9,30,-7,-53,-51,-28
-9,-65,-30,62,-1,-54,32,29,-19,-53,-37,-27
-15,-29,-45,31,34,-55,24,35,-26,-28,-60,-42
-14,-75,-41,17,9,-31,17,31,-30,-41,-58,-33
-2,-33,-21,31,-9,-20,12,9,-31,-32,-38,-21
5,-26,-36,27,6,-9,17,-4,-12,-29,-47,-20
-16,-41,-31,19,13,-34,15,20,-22,-39,-57,-21
-4,-40,-25,43,9,-35,6,17,10,-40,-52,-25
-22,-32,-21,20,6,-31,5,29,-18,-4,-22,-14
20,-20,-3,9,11,-27,29,-7,-11,-30,-24,-20
-8,-39,-24,15,-13,-31,17,-3,2,-33,-22,-22
-19,-19,-16,10,-13,-15,3,16,-2,-10,-20,3
-10,-38,7,8,15,-28,16,21,-18,-11,-26,5
1,0,-7,-11,15,5,49,6,1,-16,-24,1
-2,-20,-5,15,14,-6,-35,19,-4,-13,-12,-19
1,5,-15,26,19,10,2,-16,-8,-2,4,11
6,0,-20,-3,3,-5,13,0,-2,17,-11,-19
42,-7,5,14,0,-3,5,20,15,-5,14,-7
-6,2,39,-1,11,-11,-16,-31,-4,1,7,-29
4,5,14,-12,-6,20,-20,5,-3,-8,14,7
24,12,11,-45,6,-2,-4,-6,10,7,14,23
-2,14,16,-13,24,21,-17,-16,-1,30,13,20
-2,37,-6,-21,17,20,-22,-17,6,9,25,24
14,27,18,-38,0,23,-2,-11,-2,22,16,31
7,19,36,-18,2,23,-24,9,15,31,22,31
-6,56,30,-23,-10,31,-23,-14,6,32,44,22
20,70,60,-22,-19,28,-29,3,-17,18,40,52
28,51,36,-33,1,49,-22,-29,10,60,15,53
30,69,43,-44,-16,52,-35,-23,26,38,41,43
38,78,62,-69,-14,66,-32,-37,26,61,48,56
28,110,55,-47,-19,57,-28,-42,24,65,59,65
44,65,78,-56,-2,73,-28,-39,61,70,69,51
44,87,73,-67,-11,92,-38,-22,51,73,96,56
52,77,62,-48,-23,52,-61,-18,14,54,88,68
44,109,50,-59,-26,76,-40,-57,30,66,95,68
68,130,72,-62,-15,88,-47,-34,15,80,107,84
53,120,73,-87,-23,90,-56,-47,30,79,117,74
37,150,83,-95,-12,136,-64,-42,18,90,120,84
48,163,115,-123,-31,119,-83,-55,15,82,131,130
51,170,55,-111,-23,140,-114,-51,42,103,133,106
36,142,100,-139,-34,147,-85,-70,61,139,139,113
45,203,108,-120,-36,113,-99,-82,55,115,144,108
69,176,111,-123,-28,142,-131,-90,62,146,173,113
63,192,98,-136,-29,141,-95,-89,53,152,179,131
71,192,141,-151,-39,185,-126,-99,54,149,184,141
76,235,116,-146,-28,180,-91,-82,62,170,205,142
77,210,150,-160,-37,179,-96,-79,65,136,196,138
98,229,141,-170,-27,195,-120,-87,52,148,195,169
83,260,152,-163,-26,192,-123,-85,75,171,215,146
78,252,156,-174,-20,205,-148,-74,76,189,232,160
85,246,163,-185,-44,233,-149,-97,58,191,238,182
71,275,160,-173,-28,220,-153,-84,79,202,244,187
108,274,188,-184,-37,223,-169,-104,67,201,255,186
121,293,178,-201,-56,236,-147,-124,112,202,249,205
112,320,204,-208,-43,211,-165,-112,86,226,238,219
100,324,202,-214,-56,242,-138,-102,88,219,281,204
91,303,192,-203,-43,256,-179,-116,127,221,287,220
119,310,201,-227,-44,254,-186,-127,83,235,246,209
84,330,216,-200,-60,272,-173,-163,77,231,297,209
130,342,195,-229,-41,290,-172,-120,108,235,298,241
129,318,209,-234,-35,272,-174,-121,109,250,311,223
111,340,220,-223,-47,285,-189,-141,109,263,315,236
125,354,220,-243,-44,305,-197,-140,111,245,312,235
118,375,216,-242,-54,288,-174,-155,109,266,322,259
112,357,218,-237,-39,294,-200,-120,116,262,344,258
123,360,216,-247,-36,304,-180,-150,119,256,299,260
129,354,240,-251,-57,310,-198,-155,119,273,345,242
147,379,243,-247,-65,308,-206,-146,132,259,342,247
114,367,226,-255,-47,316,-191,-144,105,276,331,278
126,360,236,-280,-47,319,-216,-143,102,260,345,251
156,381,242,-258,-74,315,-204,-158,113,272,333,268
126,340,238,-244,-58,305,-203,-144,122,275,332,246
129,378,238,-267,-65,312,-207,-139,136,280,328,254
145,372,242,-262,-55,298,-189,-136,108,275,334,246
109,360,236,-262,-44,305,-222,-169,123,285,319,261
127,362,231,-256,-75,294,-198,-137,111,284,312,268
119,363,242,-239,-36,305,-223,-138,84,264,317,251
128,354,239,-251,-63,277,-190,-162,118,263,325,273
137,349,238,-255,-39,286,-213,-134,112,267,313,248
127,327,220,-261,-51,281,-191,-140,106,254,308,261
108,363,215,-239,-34,300,-201,-128,123,257,283,242
120,330,205,-236,-77,268,-172,-117,121,242,313,251
120,336,214,-226,-60,263,-176,-147,95,240,286,247
107,302,201,-221,-51,268,-182,-137,107,228,276,241
126,329,199,-221,-61,251,-180,-120,117,253,259,238
119,312,184,-209,-52,243,-167,-109,98,240,282,227
92,301,197,-217,-39,239,-178,-127,72,231,262,197
93,309,187,-192,-41,246,-169,-122,92,209,260,205
95,296,204,-191,-23,259,-155,-111,106,217,278,213
96,275,160,-193,-47,215,-162,-113,85,188,255,191
100,271,189,-186,-30,204,-158,-103,92,198,235,183
106,224,177,-178,-29,216,-158,-123,77,216,250,174
101,249,168,-170,-48,228,-115,-75,71,171,241,171
94,228,162,-188,-33,212,-128,-107,74,186,233,174
75,243,159,-163,-40,185,-135,-86,72,182,209,153
69,216,144,-148,-17,184,-132,-78,80,197,221,144
64,226,118,-151,-35,199,-114,-87,64,161,184,149
58,182,165,-130,-41,155,-103,-64,78,141,198,153
82,190,163,-115,-30,171,-124,-93,66,137,186,131
52,191,113,-150,-16,158,-106,-43,61,129,184,131
45,177,121,-149,-24,164,-87,-80,44,139,168,129
67,171,117,-133,-42,143,-91,-56,74,119,153,136
77,153,101,-108,-21,119,-105,-46,42,130,153,127
79,169,102,-106,-32,145,-78,-67,33,122,146,107
45,147,89,-109,-22,137,-97,-47,56,116,132,115
27,130,79,-102,-24,127,-58,-63,47,106,130,82
35,98,98,-95,-5,99,-68,-57,48,113,123,91
32,104,71,-95,0,96,-69,-44,22,98,112,88
52,84,69,-73,-15,92,-62,-67,36,82,87,72
50,77,67,-80,-10,97,-48,-23,18,91,91,83
29,80,64,-81,-5,85,-53,-47,18,66,64,55
26,91,63,-64,9,62,-56,-35,20,55,69,76
23,91,47,-73,-15,58,-42,-30,21,98,76,56
18,52,46,-51,13,56,-39,-47,20,52,62,41
10,71,43,-38,14,59,-38,-10,16,62,62,31
6,59,56,-24,-18,50,-41,-34,18,57,58,51
28,71,10,-35,-14,39,-25,-21,4,48,53,46
12,58,20,-17,0,26,-15,-35,-19,30,34,46
20,30,10,-34,-7,34,-25,-18,30,15,37,17
5,40,27,-32,-3,41,-36,-11,14,27,20,25
15,31,20,-27,-23,20,-20,3,14,26,29,28
3,29,20,-3,-11,29,-3,-9,2,44,29,14
-8,6,6,-12,10,13,-17,-33,5,12,21,25
25,25,2,-11,-9,-7,-15,2,5,22,8,5
11,23,17,1,8,6,-14,-13,11,6,10,13
8,19,-9,-12,-7,5,13,-23,20,4,-8,18
9,-9,-5,0,13,-3,-29,9,2,-3,-7,9
-19,-21,-11,-18,14,3,-4,-4,1,-3,-7,-4
8,-11,-6,2,-7,-7,4,-6,-5,-20,-1,-11
-20,-10,-19,-2,7,27,-17,-8,-14,-2,-33,9
-7,-29,-2,-6,12,-12,1,7,4,0,-2,2
4,-26,-6,-1,-1,-14,10,-4,-17,-16,-22,-4
5,-29,-2,15,7,-18,22,-8,-3,-10,-31,-25
-12,-34,-13,11,-14,-5,4,-3,-6,-19,-21,-13
4,-14,-6,4,5,-28,8,-2,-16,-7,-26,-10
-27,-16,-23,17,22,-42,9,-6,-18,-20,-19,-17
1,-24,-21,27,10,-38,31,-9,9,-16,-9,-13
-9,-14,-32,33,1,-26,7,1,1,-18,-13,-7
-31,-34,-21,19,5,-56,13,-2,16,-36,-7,-11
1,-36,-9,23,-1,-22,8,37,-35,-37,14,-30
-11,-37,-21,31,4,-19,6,20,7,-37,-30,-27
-30,-46,-31,25,0,-13,7,34,-24,-40,-35,-19
-19,-30,-42,39,34,-13,15,26,-20,-13,-36,-13
-15,-30,5,12,-4,-45,12,-3,-10,-60,-51,-16
3,-34,-20,17,-5,-37,27,25,-27,-10,-19,-24
-7,-35,-29,36,-6,-39,19,8,-22,-48,-45,-27
-17,-39,-36,20,-5,-24,30,31,-25,-17,-27,-1
-26,-41,-38,34,5,-28,13,7,-12,-36,-8,-18
-41,-23,-25,19,5,-34,25,10,-12,-16,-22,-36
-12,-29,-1,8,0,-16,20,18,-4,-8,-53,-34
-16,-27,-30,19,3,-32,0,6,-3,-3,-30,-13
-17,-47,-24,29,7,-40,14,11,-28,-19,-53,-40
4,-53,-38,28,14,-17,28,14,4,-30,-32,-8
-12,-52,-19,11,-9,-45,4,23,-9,-19,-53,-5
14,-33,-42,15,0,-43,35,41,26,-19,-44,-32
-5,-49,-30,13,18,-42,16,17,-23,-31,-37,-24
-19,-30,-19,20,4,-22,28,13,-32,-7,-22,-20
7,-50,-8,25,25,-36,22,22,-27,-20,-30,-51
-30,-41,-20,29,11,-52,14,31,-16,-46,-39,-50
3,-43,-38,19,-8,-44,28,5,-13,-31,-52,-28
-9,-47,-26,30,12,-29,47,22,11,-34,-47,-33
-1,-30,-26,35,11,-32,42,36,-39,-15,-25,-42
-19,-30,-22,26,-10,-64,27,30,-16,-52,3,-20
-8,-37,-16,40,17,-16,43,6,-19,-36,-28,-43
-2,-15,-7,28,-4,-25,20,24,5,-39,-23,-11
-9,-32,-5,34,17,-39,-5,26,-20,-35,-11,-28
-17,-48,-15,18,9,-12,16,7,0,-35,-33,-22
-27,-31,-37,26,-1,-43,31,7,-14,-39,-25,-17
-3,-31,-23,18,8,-44,36,-3,-6,-32,-30,-9
7,-37,14,16,-1,-32,-3,34,-10,-37,-13,-21
0,-34,-43,11,-24,-33,34,33,0,-24,-29,-3
-14,-50,1,28,-5,-12,13,-16,-22,-35,-19,-16
-28,-33,-12,32,2,-29,10,2,-22,-18,-30,-4
-3,-27,-11,12,-10,-19,9,38,1,-11,-39,-31
0,-33,-23,19,-3,-35,8,23,-24,-26,-45,-32
-12,-30,-23,20,-15,-38,15,11,-6,-29,-50,-35
4,-43,-38,17,11,-29,13,4,4,-15,-28,-23
-15,-35,-23,29,19,-12,9,14,-9,-28,-20,2
-9,-56,-18,14,-17,1,31,33,-11,-13,-34,-7
-20,-32,-27,8,1,-38,-7,-1,-18,-38,-26,-18
-12,-26,-27,26,-4,-40,13,8,13,-40,-12,-6
-35,-30,-24,24,13,-5,38,4,-13,-20,-26,-24
1,-12,-18,20,-25,-26,9,13,-21,-21,-24,-2
-10,-27,-18,21,17,-28,26,20,-7,-5,-27,-33
6,-57,6,25,-14,-8,12,-1,-1,-24,-11,6
5,-40,-21,1,20,-43,9,1,-21,-14,-19,-29
-16,-32,-17,8,32,-10,1,13,-19,-12,-21,-10
-12,-15,9,8,22,-17,16,-9,-17,-25,-44,-36
-4,-46,-13,28,-9,-38,7,28,-27,6,-29,-30
-5,-25,-7,10,-15,-23,17,8,-32,-12,-24,-9
4,-32,-31,16,2,-7,15,20,-23,-36,-2,-26
-1,-35,-30,36,6,-12,5,35,-17,-15,-45,-19
6,-10,-17,3,21,-23,11,9,-1,-2,-15,-11
-23,-32,-13,-5,5,-32,-6,15,5,-9,2,3
-9,-41,-11,9,5,3,21,41,5,-12,-22,-6
17,-2,-32,18,13,-14,28,15,-21,5,-35,-4
-22,0,-19,-2,-3,-5,22,10,-20,-12,-10,-27
-23,-22,4,10,-8,-20,6,1,-14,-1,-22,-27
9,-3,-10,12,17,-27,10,-14,-6,-9,-15,-8
-20,-11,-6,8,1,1,2,1,-14,-7,-10,-7
-18,-9,-24,21,20,0,-4,22,-4,-5,9,10
-16,-9,13,20,-6,-15,19,9,-5,-20,-8,-14
-9,-10,-22,-10,-6,-6,21,9,8,7,-15,7
0,-31,-10,7,-8,-8,-2,-3,5,3,7,-6
17,1,6,12,2,-7,6,1,-22,14,2,-10
12,-10,-14,-8,19,-4,-18,17,11,11,18,0
23,-8,-8,20,1,-16,4,-15,4,-14,14,14
-8,23,17,-4,-5,-20,-26,14,-10,1,3,-13
8,0,3,-12,2,9,-15,-15,-8,0,8,7
6,12,15,-9,10,16,-16,-4,9,-2,-13,17
10,27,20,-27,-8,19,-25,-15,4,55,23,7
21,28,15,-16,0,34,-19,-23,33,31,32,3
6,45,17,-41,-1,25,-3,-1,3,34,55,38
11,44,6,-20,-15,40,-15,4,-15,40,30,24
24,33,57,-56,-1,35,-39,-25,4,19,60,30
22,52,35,-29,17,41,-32,-43,2,48,42,36
14,68,56,-54,2,57,-28,-29,19,62,54,53
25,66,30,-62,5,64,-43,-33,12,48,69,59
36,78,71,-38,-12,53,-49,-37,23,50,72,24
46,89,61,-64,-32,68,-48,-27,29,50,88,76
48,122,75,-56,-10,76,-65,-19,27,77,80,78
43,96,70,-83,-8,113,-56,-43,29,83,98,70
23,113,79,-85,-2,81,-86,-53,14,94,102,87
51,116,84,-76,-36,115,-77,-62,27,67,125,89
41,115,78,-88,-18,122,-80,-59,35,107,136,125
57,166,79,-95,-42,136,-66,-52,34,108,126,87
72,176,102,-120,-27,143,-79,-59,26,110,155,98
51,171,108,-106,-25,144,-89,-56,38,169,165,100
61,170,120,-86,-39,134,-81,-89,66,133,145,128
53,173,122,-144,-32,151,-89,-79,61,150,163,113
63,181,119,-114,-26,145,-87,-85,45,148,175,128
73,196,115,-145,-46,186,-110,-99,59,135,185,152
59,212,131,-136,-16,182,-113,-81,73,138,199,156
75,219,138,-154,-44,169,-143,-73,45,149,188,163
83,230,138,-143,-32,191,-118,-79,64,152,213,158
73,231,141,-147,-22,176,-115,-119,80,177,197,165
78,251,140,-180,-42,189,-106,-70,63,180,219,169
85,226,160,-162,-21,202,-126,-95,71,195,221,179
76,248,156,-178,-47,193,-151,-92,89,191,218,178
82,246,156,-159,-39,212,-130,-81,74,199,207,155
69,257,131,-168,-27,193,-130,-92,68,210,229,170
81,258,164,-170,-15,223,-134,-88,67,214,232,151
97,272,147,-167,-11,207,-125,-108,90,200,230,177
78,250,180,-184,-23,222,-155,-109,80,197,206,172
71,263,169,-181,-47,218,-115,-113,82,196,260,168
92,248,174,-184,-48,209,-145,-86,77,172,232,148
88,224,157,-191,-31,217,-136,-127,79,187,212,158
82,256,152,-174,-27,211,-156,-92,55,206,220,170
113,233,184,-154,-37,191,-135,-76,66,171,211,171
82,230,135,-160,-38,200,-124,-77,54,207,214,166
82,224,166,-148,-25,205,-118,-95,76,180,199,154
59,211,163,-157,-30,186,-122,-88,87,159,190,161
59,232,125,-144,-28,183,-123,-83,73,153,157,131
68,195,133,-99,-25,176,-118,-93,63,165,193,129
62,195,108,-146,-33,137,-111,-83,65,158,162,115
61,184,102,-115,-36,132,-99,-56,71,155,174,138
66,183,104,-123,-37,139,-83,-79,51,125,164,120
73,161,105,-114,-41,142,-103,-51,34,96,146,111
39,160,130,-98,-26,130,-103,-78,33,136,134,121
39,118,75,-107,-12,117,-91,-61,55,118,142,88
53,160,105,-104,-19,132,-67,-68,36,123,122,100
57,112,76,-83,-23,94,-77,-48,56,93,116,72
44,129,76,-89,-16,104,-64,-47,47,105,97,121
30,117,73,-61,-36,86,-48,-69,38,65,105,80
60,107,55,-74,-1,71,-67,-33,48,79,92,68
28,85,64,-52,-8,87,-59,-55,36,89,94,67
18,97,71,-68,-2,91,-41,-40,10,58,78,69
24,86,31,-48,-11,75,-52,-44,23,64,51,56
31,65,58,-52,-10,46,-52,-19,39,47,59,54
30,49,54,-50,9,43,-29,-40,21,44,44,49
37,52,24,-11,16,28,-34,-37,37,52,58,31
6,48,23,-38,9,27,-15,-39,27,36,30,20
16,29,24,-30,5,26,-25,-15,20,33,41,26
13,36,36,-7,-12,33,-36,-17,22,5,45,25
19,26,17,-39,-34,18,-11,-15,18,18,39,32
20,35,20,-7,-16,31,-8,2,2,12,34,14
30,44,19,-20,-11,17,-32,-11,21,18,23,20
-6,20,4,-28,-1,2,-28,-3,-11,13,23,24
-1,15,6,-24,-27,18,-2,5,-12,8,-7,29
4,-12,20,3,-9,15,-12,8,-2,17,10,18
5,14,-5,-20,13,-14,5,-3,-4,1,8,9
1,18,10,17,17,10,-3,19,25,5,12,13
20,-2,-2,-1,-5,15,4,-12,-6,15,5,0
-20,3,-4,5,1,-22,-9,9,-11,-14,20,3
3,-22,4,16,14,-13,4,14,-4,-16,-9,-9
-15,-6,-17,2,-12,2,8,-3,-26,-9,5,-10
8,-29,-2,11,11,-27,7,-7,-10,-19,-49,-14
-2,-22,-32,31,6,-14,7,1,-9,-19,-31,-9
5,-48,-17,30,2,-37,33,11,-17,0,-39,-6
-14,-54,-23,69,13,-54,11,-8,2,-32,-42,-60
-15,-88,-44,48,13,-64,43,47,4,-45,-71,-63
-36,-87,-42,40,11,-61,49,38,-23,-76,-83,-54
-26,-102,-48,81,10,-92,42,36,-20,-79,-84,-67
-41,-92,-73,78,20,-72,39,47,-23,-61,-95,-102
-42,-132,-68,99,23,-103,65,67,-41,-75,-102,-89
-39,-131,-83,100,45,-113,76,73,-48,-86,-111,-88
-47,-129,-100,91,36,-112,69,53,-29,-111,-100,-118
-51,-144,-89,132,4,-114,66,64,-66,-103,-147,-112
-45,-151,-108,87,8,-121,96,78,-37,-135,-142,-95
-59,-145,-97,115,12,-132,46,51,-56,-110,-125,-128
-51,-131,-95,100,2,-102,67,59,-20,-69,-117,-85
-62,-110,-71,62,29,-115,42,55,-23,-77,-106,-80
-24,-85,-35,29,-5,-79,76,50,-42,-62,-55,-59
-12,-40,-9,15,20,-21,14,8,-2,-24,-10,-51
10,25,-2,-27,2,13,-10,-4,13,40,3,15
15,79,66,-66,-28,83,-37,-16,23,72,78,44
69,155,108,-97,-12,117,-100,-87,54,120,159,125
86,265,180,-202,-44,232,-145,-94,88,204,255,153
115,350,239,-236,-39,270,-200,-154,102,278,332,268
167,455,304,-328,-69,383,-238,-178,150,347,391,325
185,559,364,-383,-85,452,-314,-222,163,409,491,360
228,649,432,-458,-100,545,-362,-256,212,493,602,467
264,748,486,-516,-132,618,-408,-312,200,559,686,540
311,845,562,-587,-115,713,-477,-324,261,639,780,595
314,915,612,-633,-151,752,-504,-377,267,683,835,659
351,984,647,-683,-142,850,-541,-390,284,755,869,715
358,1043,660,-708,-159,858,-572,-440,299,774,947,725
369,1054,663,-703,-145,867,-570,-411,301,787,939,747
355,1024,652,-691,-139,845,-580,-408,310,768,910,708
323,991,637,-690,-131,825,-536,-384,301,748,873,680
322,917,591,-627,-179,753,-530,-356,268,696,834,647
275,840,539,-587,-129,689,-480,-364,258,627,756,579
268,736,477,-502,-96,638,-398,-297,226,591,652,518
223,615,421,-443,-87,523,-351,-251,186,468,563,434
161,519,358,-361,-82,423,-271,-199,146,386,476,369
151,420,285,-268,-82,357,-233,-167,147,319,366,293
106,288,180,-216,-37,239,-154,-124,76,233,268,195
39,188,114,-110,-32,156,-135,-58,63,129,182,144
30,103,65,-61,-33,77,-64,-32,30,72,84,77
-11,29,0,-2,8,29,-9,-6,5,15,9,-4
-11,-57,-25,56,36,-47,30,16,-8,-37,-65,-43
-33,-113,-70,84,37,-92,87,58,-33,-83,-119,-97
-50,-155,-140,131,18,-141,98,68,-48,-126,-164,-124
-60,-205,-139,142,48,-183,129,72,-44,-158,-182,-140
-64,-243,-140,149,33,-174,113,85,-74,-161,-219,-160
-87,-258,-173,167,24,-201,131,114,-68,-216,-228,-156
-96,-249,-147,176,40,-209,117,87,-62,-207,-223,-159
-87,-236,-133,159,44,-189,133,92,-73,-194,-222,-149
-92,-228,-145,156,25,-196,120,110,-68,-182,-203,-190
-73,-202,-142,156,42,-185,95,86,-49,-168,-201,-153
-72,-201,-128,86,47,-154,100,92,-44,-127,-185,-130
-58,-174,-120,127,29,-120,82,50,-60,-112,-158,-135
-67,-129,-79,98,30,-127,74,64,-42,-98,-132,-110
-54,-118,-54,80,26,-107,86,36,-34,-94,-92,-96
-32,-98,-59,65,12,-101,75,53,-6,-82,-93,-95
-25,-79,-50,29,-5,-50,41,-5,-23,-61,-71,-41
-18,-61,-33,48,4,-32,30,37,-27,-56,-63,-53
-14,-74,-28,11,-7,-28,33,20,-22,-42,-26,-20
-7,-51,3,15,12,-6,31,24,8,-26,-40,-5
17,-31,-7,7,14,-11,-12,0,12,-12,-23,-11
-11,-20,-7,12,2,3,16,8,1,2,-20,11
3,1,-1,12,4,16,-2,20,-23,-23,-2,-4
-27,23,2,-9,23,9,8,-5,0,-5,-12,-1
1,-2,8,-1,3,21,-19,0,-10,6,19,13
2,11,-10,-26,-13,18,-3,2,-12,6,27,1
16,15,-5,-13,9,11,-16,-22,6,-2,-6,13
10,26,26,-20,12,14,-10,-8,15,15,26,24
-4,38,15,18,-7,-13,-8,-10,-15,9,51,24
-14,8,-2,-17,4,29,-10,-4,-6,-6,19,32
11,10,18,-26,-8,20,-8,0,3,21,20,25
-4,31,38,-17,11,9,-21,-8,-7,32,27,18
9,35,31,-26,-26,29,-3,-14,0,9,33,24
25,19,6,-31,3,20,0,-33,18,15,29,33
43,29,37,-19,-34,18,-7,-6,10,17,60,22
9,30,27,-42,-6,43,-30,-26,28,32,58,-8
8,50,22,-46,-5,25,-6,15,23,1,56,26
4,52,25,-37,-20,40,-30,-25,20,25,72,31
35,42,44,-26,-17,45,-36,-34,16,34,41,40
17,53,34,-48,-9,68,-21,-3,13,16,49,41
40,72,42,-39,20,41,-36,-35,33,43,54,34
10,69,39,-42,-34,50,-41,-33,35,44,53,32
29,57,57,-48,-6,37,-37,-49,24,76,49,84
11,61,54,-51,10,65,-28,-38,21,56,66,38
31,92,56,-40,-7,72,-64,-38,28,77,41,56
34,72,58,-32,-4,83,-30,-49,31,47,76,71
11,86,28,-65,-33,76,-59,-42,45,61,93,72
36,103,57,-45,-31,65,-61,-45,49,62,74,77
28,99,79,-73,-38,73,-60,-27,25,71,85,52
54,99,52,-73,-22,66,-54,-45,36,76,94,79
30,120,52,-58,-25,82,-51,-16,34,99,128,59
52,118,97,-80,-13,100,-57,-46,32,103,104,93
42,124,75,-74,-44,116,-78,-49,60,102,110,64
58,121,81,-91,-10,110,-59,-67,50,90,125,109
38,159,128,-92,-32,139,-95,-55,47,84,131,111
44,134,103,-106,-22,143,-80,-55,45,93,117,103
60,167,107,-101,-43,140,-84,-64,25,114,128,70
51,164,129,-123,-34,117,-95,-69,43,123,155,101
51,183,101,-108,-17,164,-105,-77,39,126,149,102
49,182,114,-122,-30,136,-105,-70,61,152,138,143
69,199,122,-106,-47,148,-85,-61,68,147,180,153
63,193,121,-129,-32,152,-99,-69,78,157,171,125
75,217,136,-142,-33,174,-116,-83,60,147,181,129
82,211,121,-153,-36,168,-109,-79,71,155,180,151
86,240,147,-152,-53,161,-137,-94,52,166,198,149
67,244,145,-170,-17,203,-144,-83,78,196,206,167
60,236,161,-162,-35,214,-133,-78,97,193,231,179
106,253,150,-171,-21,208,-131,-107,96,188,227,179
83,267,187,-180,-52,221,-135,-100,82,183,223,189
80,264,177,-205,-51,229,-141,-114,73,192,235,184
102,273,171,-193,-57,244,-158,-91,81,215,244,190
82,291,186,-196,-21,227,-164,-101,91,231,233,196
97,310,219,-211,-37,253,-165,-98,85,212,281,193
105,308,182,-224,-47,261,-172,-123,95,231,269,224
131,318,193,-219,-43,267,-179,-129,92,230,286,239
102,324,199,-223,-52,285,-178,-118,107,261,279,235
138,315,203,-237,-33,295,-192,-133,95,269,321,250
142,336,232,-238,-38,275,-171,-123,86,254,322,232
120,355,245,-242,-47,312,-218,-149,119,250,322,257
154,372,254,-243,-42,296,-214,-141,121,255,317,269
130,368,244,-256,-58,300,-222,-163,103,270,333,243
147,376,241,-265,-54,320,-205,-156,115,270,331,269
107,386,255,-236,-54,319,-210,-148,134,291,341,274
125,402,276,-246,-42,326,-219,-194,117,279,362,279
130,399,259,-270,-45,331,-221,-140,112,284,362,281
143,408,265,-250,-73,325,-218,-139,136,295,362,254
139,426,248,-284,-59,342,-211,-168,133,313,372,271
154,416,274,-285,-64,343,-199,-177,137,292,369,277
156,423,262,-282,-60,339,-221,-157,118,295,357,301
145,405,293,-309,-61,354,-228,-171,136,313,384,310
160,415,274,-307,-90,352,-242,-167,125,317,395,279
150,422,266,-305,-62,366,-222,-164,142,335,363,285
156,413,266,-271,-53,331,-244,-160,131,313,376,286
149,390,285,-309,-97,360,-225,-162,133,307,388,304
158,419,274,-277,-65,340,-227,-169,145,306,371,328
127,418,290,-287,-60,331,-227,-164,121,313,389,303
151,426,274,-256,-54,360,-214,-162,151,311,388,289
140,406,276,-307,-56,356,-229,-154,139,299,383,308
141,407,266,-293,-81,351,-234,-174,113,309,377,285
151,422,262,-279,-60,364,-238,-162,126,306,375,288
161,421,277,-285,-65,339,-217,-173,125,295,368,280
134,379,267,-276,-55,341,-230,-166,103,315,382,284
137,374,264,-290,-80,343,-236,-164,103,306,363,281
158,391,263,-281,-64,337,-192,-168,124,320,353,300
128,389,265,-257,-54,322,-233,-151,114,294,365,285
140,382,237,-260,-45,316,-205,-146,103,266,356,272
122,385,248,-253,-32,340,-226,-162,92,287,316,275
130,376,229,-236,-45,322,-219,-145,114,274,338,258
123,373,249,-256,-71,289,-200,-134,108,282,333,241
123,342,235,-236,-60,295,-178,-147,85,281,311,237
134,348,250,-265,-40,285,-176,-134,111,275,342,233
113,335,233,-234,-56,306,-187,-160,97,244,314,250
116,358,213,-240,-55,269,-176,-153,97,240,293,243
120,327,194,-210,-33,262,-190,-122,110,237,289,232
102,332,185,-221,-57,286,-163,-139,82,216,305,212
107,304,200,-208,-65,264,-177,-126,95,221,282,224
108,308,206,-212,-59,249,-142,-109,79,224,254,202
104,293,184,-210,-55,269,-160,-136,99,209,250,195
119,274,218,-189,-53,261,-171,-120,96,219,239,195
103,272,198,-176,-29,233,-164,-122,88,198,240,199
83,269,161,-173,-38,230,-156,-71,67,198,236,190
83,250,169,-180,-59,207,-141,-113,73,201,227,162
119,246,154,-176,-42,198,-133,-101,76,212,228,161
88,234,153,-146,-38,187,-128,-87,70,168,232,176
88,241,139,-166,-55,172,-140,-105,62,176,199,168
73,212,141,-146,-30,191,-108,-69,57,178,207,169
68,193,145,-130,-30,174,-94,-66,69,146,215,149
71,199,127,-127,-24,156,-128,-85,59,145,163,148
71,201,125,-119,-35,181,-91,-92,62,138,180,131
47,184,114,-143,-32,151,-86,-55,71,121,184,120
66,165,130,-114,-34,152,-105,-58,37,137,156,110
46,142,126,-107,-19,133,-62,-59,41,123,158,105
65,166,102,-106,-20,104,-101,-72,48,111,134,125
48,159,83,-95,-5,132,-87,-58,41,99,141,84
56,152,89,-79,-27,113,-90,-56,39,103,122,99
27,134,69,-89,-24,92,-65,-46,62,100,127,87
16,150,63,-89,-31,92,-68,-48,27,91,108,86
33,124,110,-72,-16,109,-74,-50,37,116,108,88
40,123,56,-93,-3,100,-72,-39,58,76,102,79
35,91,71,-83,-20,88,-63,-25,26,110,99,71
18,98,71,-65,-30,53,-41,-41,16,69,92,81
25,89,71,-94,5,77,-62,-29,19,54,77,52
25,91,46,-52,-17,84,-42,-37,37,70,75,64
22,54,51,-58,9,49,-25,-18,9,50,62,59
13,73,42,-50,-27,78,-37,-37,24,69,89,53
34,78,22,-38,2,75,-46,-24,36,52,63,53
9,81,48,-38,-23,55,-38,-14,14,55,75,50
7,53,32,-43,-21,45,-46,-9,9,41,76,30
17,79,40,-45,-2,35,-37,-23,15,24,58,56
28,45,42,-55,9,45,-22,1,1,22,54,32
0,71,36,-40,8,39,-17,-14,30,30,44,29
21,33,35,-18,12,20,-10,-30,20,33,21,37
17,51,7,-23,-2,59,-5,-14,9,14,36,22
0,27,20,-17,-5,34,-18,-13,-6,28,39,34
13,32,33,-30,-25,51,-17,-26,10,40,37,24
2,42,5,-12,-2,23,-13,-7,3,22,30,33
-9,40,15,-28,-19,17,-12,0,31,37,26,18
23,25,26,-28,-15,42,-14,-3,18,21,15,16
0,22,26,-17,1,16,-19,-19,5,18,3,27
16,32,18,-12,-2,32,-29,8,12,12,21,13
22,25,3,-4,-23,28,-34,-13,14,25,19,6
27,18,12,-13,-18,36,-15,10,-6,24,-4,0
15,15,12,-10,0,24,-23,-12,13,23,4,29
-6,35,5,5,-10,12,-10,-4,-9,28,27,18
-11,18,20,-15,1,22,8,-7,8,-10,7,12
20,33,9,-12,-17,11,-21,-24,10,-3,25,20
22,4,5,-30,14,29,1,-1,7,17,20,-4
6,3,27,-34,19,34,-8,4,-6,25,29,17
-5,15,35,-7,16,4,24,18,8,7,-2,12
3,6,9,-5,0,8,3,-18,5,3,8,26
4,11,8,-22,-5,22,-13,8,20,12,6,9
9,8,11,-22,23,10,-3,1,-5,10,18,7
17,-2,2,-6,-6,16,-30,-30,-2,5,16,7
11,12,10,-7,-21,-6,-1,4,17,0,-15,-14
4,5,2,12,-11,18,-10,-9,24,-2,22,19
17,21,7,-4,-19,0,-10,1,13,3,8,26
-18,22,27,-10,18,14,-19,-19,-14,7,15,35
11,6,1,-11,-17,20,-7,-15,6,18,24,8
11,4,-3,-17,1,-9,-9,-10,3,25,34,15
13,18,-13,-11,-2,-10,-15,8,9,5,5,6
-4,18,13,9,-2,16,-4,-15,-3,26,25,5
-4,4,3,-9,1,1,-7,-17,11,-5,11,-3
0,-8,6,-7,-8,0,-8,0,22,-13,20,0
10,35,0,-10,-2,4,-1,-4,7,16,2,23
-14,24,19,15,-7,10,0,-21,1,-6,21,20
31,11,3,-13,-4,-4,0,-35,30,-5,34,1
13,17,9,-16,-16,-3,1,-5,-7,6,17,26
17,32,12,-2,-9,10,-10,-23,-5,29,15,4
13,0,17,2,0,11,-2,-1,13,10,17,3
13,28,9,15,4,24,-12,-36,5,10,16,23
27,22,26,-16,6,-3,-8,4,32,14,8,12
-12,37,19,-4,3,10,-23,3,4,10,25,16
11,37,-5,-7,9,2,-25,-12,-13,3,2,3
19,17,-6,-21,19,21,3,-10,18,16,-3,8
2,22,18,-18,-14,29,-11,-5,-8,12,13,12
-21,38,6,-23,2,-5,-4,-23,0,17,6,13
3,24,23,10,-14,34,-10,-8,8,3,0,11
-9,27,7,-24,-2,24,2,-8,20,33,31,4
10,13,15,-13,6,16,-17,-2,3,33,18,3
-23,11,19,-28,-2,12,5,-16,4,48,-2,16
3,28,21,0,-15,11,-13,-16,8,14,11,11
-18,45,14,-9,0,5,-22,0,-5,23,10,13
26,26,13,0,-21,27,-13,6,-1,16,16,-1
-8,16,22,-7,-3,24,6,-8,9,19,28,12
11,34,16,-25,32,18,6,4,25,-17,23,15
16,22,6,1,-3,23,-11,-10,2,5,4,20
5,16,20,-30,4,10,-2,-18,6,17,24,15
5,17,17,-41,19,22,-28,10,-4,23,6,15
20,27,-1,-33,-2,28,-2,-35,-19,7,33,16
21,36,19,-15,-6,41,-24,-14,-16,18,19,20
1,30,25,-17,-23,33,-11,4,2,24,18,23
-3,37,42,-13,-39,29,-26,0,15,24,22,32
-6,24,14,-26,-1,6,-20,4,21,13,12,5
29,14,9,-27,-27,20,-15,3,-7,24,-5,-5
12,16,-9,-23,-21,22,-12,-5,21,28,32,6
25,12,14,-22,1,27,-25,6,20,4,15,20
11,48,10,-18,-6,2,-9,-8,5,37,-8,34
4,33,6,-27,-8,24,-10,-3,16,21,41,26
-16,0,25,-21,-28,38,-53,-18,-6,8,50,40
21,30,13,-34,5,35,-19,9,15,21,23,31
29,35,20,-29,5,47,-7,-19,-9,24,34,26
21,39,6,1,-5,24,-39,-13,8,52,17,16
-2,40,16,-23,-5,46,-36,-10,4,7,33,28
11,59,27,-15,0,31,-6,-19,25,37,28,16
-4,32,25,-23,-9,32,-29,-15,24,19,28,35
3,50,42,-21,-6,25,-44,-29,12,46,34,16
8,47,41,-8,-13,31,-10,-4,-4,46,24,3
1,24,21,-46,-13,47,-29,-12,5,32,37,17
9,49,49,-33,-12,43,-42,-17,28,27,55,29
12,60,34,-53,-38,45,-30,-3,28,43,61,37
22,59,33,-40,-26,41,-35,-33,18,34,52,42
24,52,46,-55,-16,74,-46,-28,32,41,41,31
34,77,26,-38,-14,85,-21,-18,20,58,68,66
32,62,39,-71,-8,43,-47,-16,26,41,58,62
12,75,50,-64,-6,60,-31,-40,28,55,59,80
23,87,61,-54,-4,58,-35,-32,31,39,83,89
13,100,55,-88,-28,60,-46,-38,25,69,77,76
31,60,70,-78,-11,93,-24,-53,41,81,79,73
26,95,61,-48,-10,66,-53,-41,60,74,96,61
29,97,62,-82,-10,104,-60,-29,13,105,101,63
36,124,98,-65,-10,98,-81,-42,31,91,122,76
48,125,95,-61,-37,101,-62,-49,58,81,93,85
36,146,92,-106,-36,101,-58,-41,23,90,117,79
30,139,97,-89,-10,104,-78,-64,55,125,135,108
58,180,99,-110,-5,129,-81,-66,43,104,138,117
50,146,86,-94,-28,135,-80,-61,46,119,135,109
52,162,124,-124,-22,137,-85,-74,51,107,133,125
50,159,112,-130,-23,154,-97,-59,46,136,147,104
66,193,110,-140,-44,152,-108,-58,56,133,186,152
65,184,122,-129,-32,136,-102,-82,36,158,175,122
84,218,134,-122,-29,162,-134,-74,46,156,191,147
93,223,139,-142,-36,183,-103,-83,74,178,210,149
103,230,130,-155,-30,191,-120,-101,81,172,203,153
67,213,157,-180,-33,188,-130,-78,69,212,225,190
106,255,164,-169,-45,217,-134,-85,91,196,220,186
69,254,165,-170,-48,192,-129,-92,75,180,206,176
79,290,168,-180,-31,209,-145,-98,64,206,234,175
95,264,182,-182,-36,228,-139,-106,98,185,233,197
116,268,178,-191,-39,230,-163,-88,103,206,270,183
98,277,194,-209,-26,240,-158,-117,76,246,263,191
108,278,181,-219,-55,248,-144,-107,79,220,256,215
102,287,187,-224,-39,229,-165,-95,88,210,258,229
94,282,173,-204,-59,248,-152,-110,99,220,260,203
103,292,197,-192,-18,251,-176,-119,94,219,283,193
107,280,189,-190,-58,258,-137,-103,98,222,266,204
120,274,193,-192,-40,251,-174,-129,106,204,256,225
115,308,197,-221,-34,260,-174,-121,70,206,261,215
113,315,206,-193,-59,222,-169,-125,86,210,256,209
96,294,185,-200,-18,246,-179,-95,77,219,261,209
99,281,184,-194,-51,254,-146,-107,92,225,276,211
97,293,188,-199,-44,236,-146,-123,96,204,275,189
117,271,195,-207,-48,215,-154,-137,89,201,231,210
107,258,183,-172,-37,215,-164,-121,94,216,239,183
110,300,180,-196,-46,225,-139,-121,80,216,244,206
92,272,177,-193,-35,221,-132,-110,84,192,230,199
78,264,158,-164,-18,222,-140,-86,56,180,241,178
75,257,170,-174,-24,199,-139,-117,64,165,211,141
79,232,146,-151,-34,201,-121,-94,72,161,227,153
86,230,150,-144,-25,189,-116,-87,70,164,204,170
46,223,115,-148,-46,159,-122,-74,77,151,185,165
68,222,133,-128,-20,157,-110,-72,71,143,170,142
75,191,132,-131,-34,174,-97,-68,69,169,197,139
82,192,137,-135,-12,172,-80,-62,67,141,165,126
65,177,102,-96,-16,147,-119,-81,62,131,147,110
82,140,97,-119,-20,136,-108,-80,49,125,158,121
46,145,104,-108,-12,133,-89,-46,52,134,148,121
57,153,90,-114,-7,95,-85,-44,72,117,159,104
35,123,92,-104,-25,123,-82,-68,44,106,113,108
49,130,87,-100,-18,106,-79,-48,40,105,89,102
29,144,103,-97,-12,120,-58,-31,58,80,108,93
53,129,70,-88,-9,90,-72,-48,32,95,95,85
38,100,85,-55,-10,82,-68,-53,32,84,92,87
32,98,56,-61,-25,96,-54,-40,24,80,79,83
32,87,56,-70,3,93,-68,-51,20,74,94,65
49,109,51,-56,-1,69,-49,-38,32,54,81,54
29,104,58,-63,-14,62,-43,-38,15,55,95,64
22,76,48,-67,-30,87,-31,-38,15,46,65,42
35,52,19,-58,-27,56,-39,-20,10,53,101,20
28,79,74,-37,12,43,-67,-36,4,64,64,27
28,56,35,-55,-24,47,-48,-24,1,44,66,44
23,51,51,-29,-1,49,-35,-36,22,34,72,44
32,70,44,-44,-19,28,-34,-19,7,58,57,43
11,69,37,-29,6,64,-31,-18,13,52,39,51
35,57,46,-43,-15,42,-33,-26,-14,38,52,45
5,39,25,-13,3,46,-22,-9,20,17,50,37
12,47,27,-38,0,50,-14,-16,15,46,39,47
5,43,26,-47,11,42,-11,-6,14,35,46,15
22,31,5,-11,-1,30,-23,-3,15,34,30,13
10,0,16,-4,-17,24,-17,-4,18,11,15,51
26,23,16,-7,-12,22,-6,-19,21,37,11,16
5,24,10,-12,-9,5,-12,-5,-4,16,4,16
-5,-1,6,-14,-5,17,6,-22,5,3,8,-18
-18,-25,-13,4,11,-30,-8,-4,-8,-1,-8,-5
-7,-33,-20,31,1,-20,0,3,-16,-38,-18,-6
-19,-52,-17,41,5,-44,16,13,-8,-12,-44,-36
-6,-50,-17,19,-2,-45,14,4,-16,-39,-38,-46
-45,-58,-48,49,13,-56,49,36,-15,-67,-76,-77
-44,-55,-63,65,31,-62,61,23,-51,-63,-51,-70
-39,-79,-45,68,17,-77,54,44,-4,-61,-91,-46
-45,-106,-64,79,3,-85,36,47,-41,-78,-97,-64
-45,-97,-75,83,6,-106,74,36,-19,-95,-107,-86
-16,-103,-75,77,6,-101,58,62,-34,-94,-91,-69
-48,-110,-83,61,23,-73,52,60,-27,-75,-90,-79
-40,-104,-39,60,17,-84,50,34,-27,-56,-81,-81
-34,-64,-68,44,6,-58,31,16,-22,-69,-45,-38
-12,-54,-51,36,29,-45,22,22,3,-28,-30,-23
-4,7,29,8,17,-7,10,-10,-11,-15,-10,4
30,77,35,-59,-2,56,-32,-20,19,13,51,44
58,132,95,-84,-42,116,-68,-55,9,92,117,63
70,200,118,-161,-25,193,-131,-92,70,145,183,169
93,280,180,-196,-46,240,-184,-93,94,202,254,219
135,403,260,-262,-66,337,-217,-180,126,314,355,301
167,503,343,-338,-88,415,-280,-201,137,381,447,340
196,634,403,-429,-73,485,-330,-229,174,437,554,426
256,695,472,-491,-115,577,-392,-272,205,538,652,491
288,806,530,-580,-131,678,-430,-320,256,619,730,567
313,896,590,-591,-126,749,-498,-370,246,675,813,624
325,997,653,-647,-138,825,-553,-366,281,738,901,684
340,1041,672,-707,-160,848,-578,-402,317,792,953,716
379,1073,693,-736,-172,904,-605,-445,329,811,953,743
388,1102,690,-737,-158,920,-609,-419,336,805,975,755
394,1082,708,-715,-144,890,-590,-429,336,802,961,752
386,1029,653,-718,-162,845,-549,-395,317,771,930,719
342,964,630,-673,-132,793,-534,-378,285,726,870,701
299,883,575,-592,-134,734,-483,-345,276,689,800,618
294,796,510,-533,-113,647,-445,-337,221,593,728,549
244,702,453,-475,-114,559,-385,-297,227,509,631,464
212,547,373,-377,-85,476,-309,-224,183,405,517,399
186,463,300,-305,-82,372,-239,-200,130,352,402,306
114,350,218,-248,-41,294,-201,-139,92,245,313,253
76,236,156,-167,-28,212,-104,-89,75,164,205,144
63,141,98,-77,-4,108,-76,-57,55,109,137,94
24,54,61,-40,-6,69,-24,-25,13,47,58,35
-3,3,-7,21,17,-8,-4,15,-22,-20,2,-7
-17,-77,-42,54,13,-89,55,43,-5,-59,-80,-50
-58,-89,-66,81,-4,-119,66,43,-17,-84,-126,-96
-36,-172,-84,136,14,-147,76,62,-42,-120,-124,-104
-48,-148,-121,113,36,-136,94,85,-56,-128,-166,-134
-68,-177,-131,125,47,-157,108,55,-35,-154,-181,-119
-81,-187,-127,122,24,-176,119,69,-74,-163,-183,-127
-66,-197,-145,119,29,-138,111,78,-33,-136,-174,-128
-80,-173,-121,119,32,-145,104,64,-48,-151,-155,-129
-62,-152,-97,97,15,-136,84,59,-53,-111,-128,-111
-68,-145,-79,89,43,-116,81,49,-53,-111,-131,-123
-28,-166,-80,69,30,-76,80,34,-41,-112,-77,-82
-53,-77,-57,83,26,-90,45,39,-50,-65,-76,-77
-33,-81,-54,37,22,-48,49,29,-11,-48,-51,-52
-23,-32,-42,34,-1,-61,6,25,4,-36,-41,-24
-21,-28,-8,15,1,-1,3,7,-17,-7,-27,-11
-10,-7,-3,3,9,9,0,-19,8,-6,1,-8
0,35,3,0,-17,10,-3,-6,9,5,18,15
4,24,27,1,3,21,-44,15,14,10,15,26
9,39,18,-18,-5,46,-16,-11,25,31,25,9
17,43,19,-28,-3,30,-25,-25,3,36,37,41
21,38,15,-20,-17,44,-19,-3,3,24,35,15
5,51,55,-38,-18,43,-33,-1,8,47,60,36
35,53,39,-66,-12,46,-33,-32,9,45,43,12
25,58,41,-32,-8,48,-55,-19,17,49,58,40
-11,54,49,-44,-1,68,-33,-20,21,35,66,56
36,60,49,-58,9,54,-29,-34,12,58,82,47
-1,71,36,-72,-15,62,-23,-33,26,47,87,52
34,71,35,-57,-5,63,-61,-42,26,51,58,33
36,100,49,-56,-11,57,-53,-13,26,50,63,40
23,69,40,-44,-19,49,-43,-23,36,41,68,68
43,67,60,-45,-18,66,-57,-41,26,66,68,61
37,63,48,-39,3,68,-43,-40,25,71,58,53
34,90,48,-62,-1,72,-51,-13,29,61,76,45
13,74,49,-46,-41,54,-63,-43,38,62,82,79
45,85,56,-60,-22,90,-27,-37,6,42,48,53
43,99,57,-49,-12,66,-41,-31,40,56,88,89
17,93,54,-66,8,75,-58,-24,8,53,59,67
32,94,54,-81,9,79,-31,-34,42,63,84,45
44,107,66,-60,-6,71,-49,-55,23,103,82,40
34,89,65,-57,-23,107,-56,-43,39,74,108,57
57,90,56,-72,-32,91,-70,-50,33,89,103,77
51,108,73,-89,-1,82,-85,-51,19,104,99,103
17,113,61,-85,0,87,-71,-54,22,79,103,72
86,110,78,-93,-42,89,-68,-38,51,73,105,89
28,129,66,-106,-26,118,-62,-41,34,83,95,90
61,150,81,-110,-15,108,-103,-48,32,110,130,83
56,153,100,-89,-16,112,-57,-43,22,97,117,105
48,138,108,-98,-24,134,-82,-57,44,100,146,85
63,159,96,-84,-17,117,-80,-57,48,116,116,122
48,154,95,-96,-12,127,-91,-56,45,117,163,124
48,152,115,-95,-51,115,-80,-72,67,154,140,117
48,165,102,-112,-21,136,-100,-73,35,139,152,134
72,193,123,-109,-25,159,-97,-66,38,154,167,112
55,205,118,-116,-16,155,-104,-87,45,128,158,150
81,195,122,-123,-25,167,-89,-86,62,154,165,124
66,217,123,-122,-16,150,-99,-89,52,137,195,125
88,200,126,-128,-27,186,-105,-91,52,161,198,145
80,232,142,-153,-34,196,-104,-98,72,176,204,155
77,229,157,-168,-40,214,-119,-115,77,183,207,155
73,238,156,-152,-48,201,-131,-107,61,186,227,168
86,240,158,-171,-44,206,-135,-95,86,175,210,181
81,282,169,-174,-15,209,-141,-86,61,176,229,210
84,250,187,-175,-45,218,-153,-111,69,196,235,166
94,278,196,-193,-59,235,-165,-114,93,209,267,191
80,279,168,-192,-44,244,-165,-117,84,223,260,188
114,294,184,-199,-24,229,-173,-119,70,243,273,207
100,281,196,-201,-48,263,-153,-115,100,216,265,205
119,296,193,-209,-56,245,-158,-113,87,249,278,232
104,325,198,-209,-47,263,-164,-131,96,227,281,228
96,316,210,-225,-76,270,-179,-130,84,241,279,217
126,322,231,-214,-68,293,-180,-135,115,255,337,255
118,338,235,-220,-74,304,-178,-136,121,258,307,232
124,365,244,-223,-61,284,-197,-151,118,297,321,240
117,381,236,-238,-56,294,-204,-161,119,278,316,246
118,374,257,-248,-82,328,-202,-131,125,261,324,249
146,386,242,-256,-65,309,-208,-149,116,272,332,275
119,379,273,-269,-37,330,-196,-133,96,289,326,278
132,383,253,-275,-58,323,-213,-154,121,294,357,263
132,380,251,-263,-78,345,-210,-173,116,287,370,270
143,409,260,-281,-86,340,-211,-153,120,303,391,283
139,423,251,-277,-80,348,-248,-155,128,314,379,297
149,413,284,-274,-83,335,-233,-180,104,301,406,307
164,431,276,-291,-66,356,-233,-182,121,323,365,295
149,415,280,-304,-73,365,-236,-163,125,318,383,308
154,435,287,-302,-68,356,-226,-158,119,335,393,306
162,469,277,-313,-56,368,-229,-175,151,308,392,309
144,443,291,-274,-70,364,-254,-156,124,344,372,289
137,424,296,-296,-76,381,-238,-185,144,354,411,307
171,447,307,-298,-59,374,-273,-189,115,337,391,311
162,445,305,-296,-59,377,-254,-170,140,335,408,315
164,430,293,-310,-73,371,-248,-188,137,333,412,280
137,448,306,-306,-58,360,-255,-183,123,324,395,307
150,470,273,-325,-78,365,-235,-192,139,352,370,310
162,445,274,-282,-72,386,-247,-186,115,328,395,329
149,441,285,-299,-66,393,-243,-176,152,357,405,314
145,444,292,-305,-74,353,-249,-176,129,348,367,284
154,461,282,-317,-74,386,-233,-148,136,315,415,309
152,436,282,-300,-49,348,-204,-190,131,319,386,314
148,420,291,-299,-74,369,-239,-184,127,323,386,293
130,424,280,-298,-63,368,-231,-167,118,317,394,311
168,422,268,-301,-52,358,-229,-156,119,317,368,284
128,425,275,-273,-58,364,-209,-163,110,301,373,278
142,414,262,-288,-33,307,-223,-176,143,306,378,282
133,402,275,-255,-83,352,-224,-166,128,294,333,280
118,386,251,-261,-58,353,-211,-133,122,287,361,285
138,386,241,-277,-58,349,-217,-127,130,288,361,275
130,391,262,-255,-57,320,-207,-130,144,283,350,259
132,370,244,-239,-74,306,-215,-141,118,297,355,245
129,363,230,-236,-49,294,-198,-143,102,270,314,254
139,341,235,-243,-53,299,-181,-145,92,244,317,258
135,357,239,-221,-72,265,-188,-148,99,270,322,260
133,336,220,-231,-58,281,-213,-136,109,253,344,247
97,334,212,-221,-65,258,-171,-145,88,247,280,200
117,324,214,-206,-49,236,-180,-136,105,245,290,222
122,309,194,-238,-56,251,-170,-111,84,231,285,224
102,335,183,-186,-45,240,-182,-112,88,222,286,217
86,293,165,-193,-34,251,-165,-113,75,217,261,210
99,289,189,-181,-33,231,-179,-96,96,219,239,192
90,253,160,-190,-34,238,-139,-112,78,206,218,169
90,253,145,-189,-42,222,-143,-111,85,191,214,198
98,246,163,-172,-43,218,-140,-88,71,177,227,149
60,248,158,-165,-35,213,-123,-84,66,168,200,153
51,237,167,-171,-33,178,-120,-90,63,178,221,178
74,228,149,-144,-32,184,-114,-80,44,155,206,150
73,209,131,-164,-19,150,-124,-68,72,164,182,132
62,187,127,-129,-21,179,-127,-89,58,147,185,135
58,174,121,-136,-30,158,-121,-63,52,131,180,119
59,191,124,-106,8,157,-87,-53,61,152,157,134
63,181,101,-134,-18,117,-98,-85,69,124,168,113
69,137,85,-99,-10,143,-103,-66,36,121,139,121
36,144,105,-99,-31,142,-86,-72,60,145,141,99
49,149,68,-117,-19,128,-77,-42,29,127,139,108
44,148,97,-81,-17,133,-63,-63,37,91,129,80
57,159,98,-84,-28,121,-58,-55,48,122,117,89
60,141,83,-105,-26,95,-74,-51,40,66,97,80
38,112,66,-75,-21,95,-49,-38,26,94,117,101
38,103,59,-78,-7,80,-33,-62,19,70,87,87
28,129,50,-58,-2,73,-63,-24,9,72,108,39
39,90,85,-44,-13,100,-52,-43,21,74,88,78
35,89,52,-60,-13,105,-52,-40,34,73,94,55
7,82,59,-56,-9,85,-47,-33,24,68,69,62
30,82,37,-59,-11,59,-48,-44,19,55,77,47
13,75,43,-41,-14,40,-44,-51,-22,61,63,54
22,88,22,-36,-14,44,-29,-20,17,70,74,56
1,47,39,-26,-4,33,-20,-22,-6,59,73,49
30,48,30,-13,6,31,-37,-15,10,31,68,32
-1,57,43,-50,1,79,-26,-23,33,53,51,7
-2,54,29,-21,0,51,-24,-25,-4,36,36,35
-2,41,28,-28,-15,57,-33,-22,13,20,62,45
27,35,49,-33,6,32,-18,-40,27,43,51,30
8,40,18,-59,-14,29,-26,3,17,23,23,19
14,30,2,-20,-4,25,-35,13,-1,9,40,25
14,41,30,-29,-19,26,-4,-32,7,30,8,25
14,43,30,-20,8,18,-27,-16,18,25,12,3
6,40,14,-7,-16,28,0,-15,6,53,17,34
15,36,26,-10,4,24,-11,-24,19,21,16,16
15,37,23,-25,5,2,-2,-19,-1,46,20,29
-3,21,19,-16,7,-4,-20,-14,32,44,38,18
17,13,0,-23,-12,26,-3,10,1,21,16,4
18,10,17,-32,38,28,6,8,16,35,-17,22
-1,22,17,-8,4,20,1,1,11,14,29,22
17,23,18,-10,-12,7,-7,-39,-1,10,-3,20
8,6,21,-43,6,-1,-6,0,-1,18,7,24
16,13,36,-5,0,8,-21,-26,-6,8,4,14
-7,7,2,-10,2,6,-16,-5,3,13,16,1
0,10,-8,5,-7,9,10,-6,8,4,28,14
5,3,21,-15,4,17,-9,-5,18,21,4,-2
4,17,20,5,8,9,-23,5,10,-4,-12,15
8,-8,5,-1,-5,18,-9,-19,4,-14,7,4
-13,-1,-1,-30,20,15,-15,-3,-4,-4,21,14
8,3,5,2,-3,14,6,-18,15,-1,9,6
12,-2,-2,-6,10,9,-11,3,16,7,3,10
-1,-1,-10,-17,-7,37,-8,-9,26,8,-8,11
-5,-7,-5,-19,-24,12,-24,-5,-10,25,8,11
8,15,-2,-2,-31,17,-5,-3,1,0,-3,3
2,14,18,-18,-7,9,2,-20,-7,-7,30,29
5,-4,-2,3,-8,13,18,-18,-2,16,1,4
-6,7,13,1,-25,-5,11,8,12,-14,-2,14
-4,11,3,19,0,-7,-5,-3,14,-31,26,26
5,15,-3,-5,-2,9,-7,-13,-4,11,16,24
3,-16,-24,1,-8,4,-12,3,12,6,17,-4
-9,-16,31,10,9,-7,-1,-12,11,4,14,10
8,-5,-2,4,-26,-9,-16,-22,5,29,-3,28
9,8,1,-20,-2,13,5,-16,-7,21,14,10
-2,11,5,11,18,-14,-6,2,-6,3,21,12
-12,10,-5,-27,-7,27,3,-11,-11,-11,-11,-16
14,-20,27,16,5,4,21,-14,-16,23,5,-7
30,29,4,-5,-12,20,-27,-16,15,6,-2,24
-16,-22,7,-7,2,6,8,22,-5,15,17,18
2,17,-8,-4,1,4,-4,-23,9,8,21,-4
1,8,-2,-2,-23,-4,-33,-12,-6,1,12,20
-7,37,1,10,6,6,6,-10,28,15,-8,-4
-8,7,5,-19,-20,-7,-6,-17,2,19,44,-6
-3,15,24,-6,1,4,18,-6,-15,18,5,26
-7,2,10,-19,-9,39,7,1,-12,-8,36,-1
-5,1,7,-7,8,-34,-1,-1,-4,8,10,23
7,28,11,7,-1,2,-21,-39,-8,2,2,32
-12,29,20,-4,-7,-10,-21,-4,13,21,21,-3
12,17,8,-11,-4,34,-23,7,-11,-3,12,3
-4,8,1,-20,8,17,8,-21,-4,2,6,30
7,22,-12,-2,-10,2,7,-15,-14,1,17,6
1,21,-5,-25,27,-10,-23,7,13,29,33,4
14,20,11,-11,18,18,-2,-21,-5,11,26,22
13,29,22,3,9,34,8,-11,18,13,9,5
-17,3,21,-46,-6,4,-11,-8,22,4,20,10
-8,37,-13,-26,-24,3,-6,11,-15,-10,16,25
-7,10,0,-13,4,11,-9,-13,-6,15,25,11
-12,7,13,4,24,11,13,-4,9,26,22,10
12,24,16,-18,-9,44,1,-5,1,9,15,5
-9,15,10,5,-16,12,-5,25,27,-7,16,22
-15,49,2,-8,-11,13,-31,3,27,7,5,16
10,16,16,-23,-1,29,-14,1,-8,30,19,18
6,20,28,-28,6,-12,-6,7,0,22,23,19
-8,22,18,-11,7,18,-39,-7,-16,-4,5,25
27,16,11,-31,-1,24,-32,-5,-2,8,34,14
-6,36,4,-5,16,52,-13,-29,1,22,-7,38
27,22,12,-11,-15,26,-38,3,-17,29,19,6
14,21,27,-18,-19,6,-19,-17,-9,16,20,27
2,29,29,-28,6,11,-24,-16,40,31,47,52
6,39,11,-6,0,-1,-10,-20,14,19,24,31
21,15,4,-42,-11,28,-16,12,-15,50,21,-14
7,46,10,-29,-2,37,-20,8,-4,24,45,37
36,30,17,-4,3,27,-45,1,-3,24,33,8
20,37,16,-28,-1,24,-20,-16,4,37,16,4
-7,24,49,-25,-16,35,-24,-13,-2,13,47,43
11,39,22,-28,5,32,-6,-19,-11,32,26,29
21,45,29,-41,-2,33,-44,-38,1,35,49,44
21,52,34,-46,7,54,-17,-33,-3,47,34,35
2,59,29,-8,-11,55,-6,0,6,59,15,52
9,67,50,-55,-27,55,-45,-29,21,40,60,53
15,48,62,-43,-16,42,-43,-32,38,57,55,76
20,43,45,-27,-17,51,-38,-29,3,59,45,36
10,65,52,-54,-8,74,-36,-32,41,58,51,39
43,73,47,-42,-24,69,-36,-37,46,63,45,59
37,85,68,-59,14,64,-51,-37,6,74,67,74
34,95,76,-73,-17,84,-40,-42,23,51,95,80
1,122,53,-77,-4,95,-69,-64,18,89,107,74
51,128,63,-93,-8,72,-60,-57,37,66,98,70
37,125,69,-84,-8,97,-43,-35,23,91,120,86
50,91,101,-71,-34,100,-71,-62,43,82,107,100
60,135,102,-122,-12,90,-65,-54,60,103,132,96
41,141,82,-93,-33,140,-88,-55,64,91,114,115
52,168,103,-130,-26,135,-93,-59,48,116,145,105
39,151,108,-101,-29,139,-104,-58,28,133,151,117
52,177,122,-107,-26,157,-88,-60,76,126,151,104
42,181,134,-122,-35,167,-108,-69,47,155,147,137
62,192,131,-135,-13,127,-123,-69,72,164,178,157
71,198,115,-148,-27,158,-95,-89,46,176,198,138
73,220,156,-140,-26,162,-112,-68,72,155,180,146
75,230,132,-165,-31,169,-142,-79,68,152,196,150
92,208,137,-143,-22,185,-138,-96,96,174,202,173
77,232,171,-159,-20,197,-127,-104,57,174,221,172
90,238,146,-167,-15,184,-142,-91,72,197,222,167
74,260,156,-171,-30,234,-144,-89,80,181,206,201
70,254,164,-181,-46,192,-151,-116,82,195,232,185
89,234,145,-190,-25,205,-162,-104,72,186,242,202
101,267,154,-153,-44,230,-133,-101,73,203,250,191
97,301,179,-187,-31,233,-149,-108,70,215,235,194
86,301,171,-177,-38,209,-136,-108,74,222,259,186
92,266,182,-192,-18,235,-167,-125,90,201,237,203
107,281,169,-176,-27,213,-167,-92,78,195,236,200
86,307,183,-212,-46,237,-149,-108,89,220,244,198
101,264,176,-219,-24,237,-151,-137,84,206,250,167
108,261,191,-179,-27,231,-116,-133,74,204,247,182
108,280,194,-168,-64,241,-152,-116,94,224,257,190
80,291,185,-207,-43,233,-167,-109,59,197,241,189
83,256,175,-194,-41,217,-142,-94,79,212,239,193
111,279,173,-181,-30,234,-136,-102,88,197,255,201
82,256,179,-175,-52,203,-148,-108,53,200,218,181
81,246,172,-186,-23,213,-153,-113,75,188,231,188
92,252,145,-168,-28,197,-154,-82,87,202,223,173
89,225,162,-176,-41,197,-138,-103,70,182,211,168
94,233,160,-174,-41,217,-118,-103,60,157,218,150
74,235,136,-150,-28,196,-120,-88,64,151,195,171
88,216,142,-140,-24,177,-125,-72,54,155,202,166
80,192,118,-141,-51,170,-91,-78,61,153,179,155
77,188,140,-108,-19,156,-103,-72,70,150,184,115
59,200,123,-111,-29,165,-101,-80,70,143,184,149
89,193,128,-127,1,157,-80,-61,70,113,141,117
58,159,112,-110,-14,119,-67,-72,29,140,133,135
53,176,114,-107,-25,125,-89,-54,47,105,148,110
67,151,81,-86,-19,138,-88,-52,21,134,143,109
25,138,94,-94,-29,126,-71,-65,42,106,137,99
51,97,83,-89,-26,118,-69,-36,43,112,97,59
49,124,71,-72,-2,89,-57,-36,54,91,115,76
46,111,68,-51,-24,79,-56,-43,41,95,101,66
22,93,82,-70,-14,83,-42,-24,31,46,88,53
28,88,70,-72,11,82,-62,-48,53,102,94,41
39,104,51,-58,7,73,-43,-43,26,52,95,65
34,87,73,-52,-3,54,-60,-20,37,26,62,81
6,53,55,-43,-24,54,-41,-20,29,57,83,53
37,58,32,-48,-14,47,-32,-5,-6,38,60,51
22,34,36,-53,15,46,-37,-24,-1,51,63,49
41,62,45,-39,-7,33,-59,-2,3,14,65,44
9,50,28,-32,10,46,-30,5,3,24,25,55
10,21,14,-29,-1,24,-38,-20,10,18,32,35
2,35,16,-40,-24,27,-23,-14,9,32,43,50
31,48,11,-38,-12,35,-20,-18,16,23,38,22
11,11,-7,-26,-13,58,-24,-19,9,26,19,19
9,38,9,-18,-10,26,-28,23,2,-8,40,29
-1,19,37,-26,-1,24,9,-20,21,20,14,20
4,49,15,-21,-4,17,-37,-13,18,31,14,21
-18,26,12,-8,-15,12,-25,-12,-14,43,10,15
28,19,3,-2,17,20,3,-24,36,0,9,-5
14,8,-8,-9,5,11,14,-9,-18,-1,-11,-4
2,-7,-21,-12,-5,-7,0,-7,12,-2,-3,-20
-11,-19,-5,9,13,-15,-3,-1,-1,-15,-8,-7
-23,-12,8,20,-4,-1,-19,32,-20,-2,-26,2
-3,-27,-3,5,26,-10,12,2,-2,-14,-12,-28
-19,-29,-18,16,34,-27,7,16,-5,-32,-29,-14
-23,-47,-50,54,-1,-51,28,13,-11,-52,-40,-51
1,-72,-41,69,12,-37,53,43,-50,-40,-71,-58
-34,-76,-72,69,11,-81,53,12,-30,-56,-80,-73
-52,-101,-61,82,1,-80,49,53,-48,-95,-77,-72
-24,-118,-85,72,11,-75,70,59,-53,-85,-126,-87
-56,-130,-74,76,0,-98,85,55,-53,-85,-107,-95
-28,-132,-86,105,23,-123,58,54,-32,-97,-113,-115
-39,-126,-114,84,33,-112,78,36,-61,-117,-137,-66
-48,-138,-59,106,39,-129,89,38,-27,-109,-122,-95
-39,-127,-47,93,26,-97,50,43,-28,-104,-114,-94
-47,-115,-53,66,16,-71,78,66,-11,-100,-74,-66
-30,-57,-65,50,4,-43,78,30,-13,-50,-70,-30
-4,-45,-24,43,-4,-20,17,2,0,-21,-38,0
11,12,22,0,6,2,-23,22,-6,23,16,27
41,85,47,-67,28,61,-46,-39,9,76,75,75
25,169,117,-130,-17,130,-85,-55,25,123,137,119
80,230,159,-163,-15,214,-125,-77,85,198,214,155
131,339,223,-237,-47,245,-184,-159,127,254,322,245
142,457,259,-293,-75,367,-247,-190,115,345,386,278
211,546,334,-372,-89,450,-294,-210,149,390,492,385
238,647,430,-452,-99,537,-341,-256,205,484,581,457
272,734,475,-512,-112,629,-427,-292,229,590,675,520
291,841,538,-588,-130,681,-476,-356,272,630,776,597
327,927,616,-640,-133,754,-530,-369,287,696,846,638
347,994,640,-666,-155,831,-526,-375,318,735,905,688
358,1022,682,-702,-164,864,-566,-401,305,780,933,708
385,1047,698,-685,-158,838,-571,-408,311,784,929,754
373,1016,656,-713,-151,863,-549,-420,305,757,934,717
350,990,649,-672,-125,847,-579,-405,308,734,892,693
327,935,605,-626,-154,768,-505,-387,302,699,833,623
291,855,560,-581,-117,694,-466,-349,241,638,777,582
280,772,492,-536,-101,621,-408,-292,220,588,689,546
240,652,435,-453,-101,525,-376,-252,205,517,572,457
187,552,358,-365,-85,437,-296,-211,151,407,510,396
146,436,282,-313,-55,380,-248,-171,114,312,401,308
103,309,197,-218,-53,293,-174,-138,108,243,268,239
90,209,144,-162,-33,163,-132,-90,46,157,199,150
42,111,85,-85,14,122,-44,-45,40,76,105,55
19,18,27,-12,-5,3,-4,-5,29,6,41,0
-34,-33,-28,12,-23,-34,26,31,-12,-18,-57,-25
-57,-105,-66,102,12,-97,56,45,-27,-82,-108,-83
-46,-148,-90,111,41,-115,80,58,-42,-110,-148,-107
-73,-190,-104,125,20,-162,107,46,-67,-118,-166,-128
-75,-224,-137,171,24,-172,111,77,-62,-149,-203,-160
-78,-239,-166,157,15,-176,135,100,-57,-149,-225,-182
-79,-225,-161,148,28,-181,133,93,-77,-174,-199,-151
-81,-234,-157,161,34,-190,128,103,-62,-170,-205,-152
-103,-223,-148,149,36,-154,128,79,-58,-143,-171,-162
-87,-196,-120,114,39,-166,117,83,-52,-156,-176,-124
-58,-184,-101,122,30,-136,75,62,-56,-121,-154,-105
-47,-133,-81,102,28,-123,92,75,-36,-121,-153,-93
-34,-109,-93,54,34,-112,77,48,-23,-79,-96,-87
-30,-114,-74,50,25,-98,58,37,-13,-47,-112,-68
-35,-96,-43,76,33,-84,29,40,-28,-56,-77,-74
-28,-70,-45,35,14,-41,34,41,-24,-60,-58,-34
-24,-56,-12,33,7,-23,21,17,-19,-40,-46,-26
-19,-18,-25,8,13,-19,28,36,-2,-3,-18,-9
-30,-9,-6,8,9,-5,-5,16,-3,11,-16,-4
-20,-8,-3,-2,19,-15,9,-9,1,-2,-16,-9
9,21,5,1,-10,-26,2,6,-4,-1,14,22
5,16,-13,-21,2,8,-12,-5,-1,6,16,-2
14,4,17,-25,1,21,5,-17,-1,0,17,-13
-5,4,16,-22,9,36,-13,-14,21,12,15,22
2,31,23,-6,12,22,23,-9,11,14,30,7
16,22,18,-26,-15,28,-15,-20,5,24,13,25
-9,25,-6,-28,13,11,-12,-25,23,39,25,12
0,53,29,-32,-19,16,-3,-20,9,37,20,13
-2,36,7,-8,0,48,-31,-32,-9,21,10,45
24,24,27,-21,8,28,5,0,18,31,38,17
-10,57,9,-45,4,24,4,-24,30,44,29,42
14,47,23,-28,-24,40,-18,4,15,52,49,39
19,45,38,-32,-31,31,-29,-42,10,23,28,42
35,58,22,-36,-9,49,-27,-28,23,48,44,19
0,38,29,-25,-9,48,-13,-11,12,52,50,19
12,44,29,-44,-30,51,-41,-46,35,49,33,44
-7,48,45,-46,-7,27,-21,-36,-12,46,40,43
29,79,41,-39,-14,40,-20,-19,13,33,45,64
30,55,58,-18,-12,66,-36,-43,27,57,64,45
15,66,31,-43,-15,69,-58,-29,23,45,61,34
29,69,48,-63,17,45,-23,-44,35,59,57,56
42,73,41,-34,3,84,-54,-44,38,52,74,60
42,63,31,-60,-34,69,-38,-42,19,63,77,60
24,103,67,-61,-22,47,-47,-6,51,52,94,49
34,80,56,-69,10,84,-33,-28,32,64,67,64
49,125,59,-72,-2,65,-61,-53,21,47,84,62
40,100,55,-72,-10,87,-34,-44,39,81,96,80
5,108,73,-78,-13,109,-60,-45,31,84,111,96
36,92,50,-84,1,103,-54,-57,30,80,102,78
26,134,63,-101,-21,85,-60,-44,25,80,88,72
40,139,74,-95,-34,108,-72,-62,56,106,115,88
36,149,77,-94,-21,111,-89,-59,48,99,105,107
56,137,70,-83,-45,123,-75,-58,19,108,141,78
27,144,118,-106,-42,129,-66,-54,49,93,135,90
59,165,90,-114,-21,125,-96,-73,44,116,156,120
67,149,98,-130,-19,159,-94,-66,49,124,139,140
55,165,97,-124,-14,132,-74,-77,39,131,159,140
91,146,122,-134,-31,147,-99,-42,42,123,159,137
77,197,110,-123,-19,156,-84,-71,69,130,175,144
60,191,126,-143,-34,159,-104,-81,59,151,166,132
72,212,112,-123,-10,162,-94,-92,68,146,200,161
98,218,129,-146,-42,186,-132,-116,68,150,200,162
77,216,154,-141,-17,166,-111,-70,44,162,185,148
89,233,165,-152,-45,199,-129,-107,67,167,211,190
61,214,154,-169,-34,188,-142,-114,45,181,205,144
85,247,159,-176,-33,186,-138,-105,59,186,215,166
76,254,161,-180,-47,218,-148,-118,83,206,234,166
86,275,188,-158,-63,202,-152,-94,77,189,234,165
101,264,158,-193,-24,218,-140,-113,85,191,242,176
106,285,197,-222,-62,249,-172,-101,106,225,253,200
111,291,192,-185,-48,255,-158,-106,92,224,256,206
132,304,207,-198,-45,251,-168,-110,97,236,283,204
103,301,199,-206,-46,272,-176,-136,89,251,276,191
112,308,225,-228,-77,254,-172,-137,101,248,287,218
117,327,206,-240,-46,266,-179,-129,97,247,278,231
118,345,215,-219,-51,274,-200,-145,88,236,287,237
131,350,218,-233,-49,286,-195,-145,104,256,313,225
125,337,234,-248,-42,300,-188,-141,103,248,327,229
150,366,218,-237,-35,284,-199,-162,103,267,329,238
112,357,258,-239,-53,300,-183,-143,131,266,318,259
133,379,216,-252,-56,311,-208,-162,98,266,343,239
108,395,240,-253,-51,293,-213,-130,114,275,332,259
138,376,266,-247,-39,320,-222,-149,128,277,311,263
131,383,256,-287,-46,325,-222,-146,119,277,340,272
130,379,256,-282,-66,335,-226,-166,124,272,349,262
134,397,256,-283,-73,310,-232,-152,106,276,335,265
143,390,252,-246,-71,319,-241,-165,107,286,369,285
149,389,252,-281,-76,332,-220,-158,120,322,372,271
119,381,273,-285,-76,338,-217,-148,125,295,341,298
121,403,266,-271,-48,333,-223,-138,119,296,337,271
148,399,264,-287,-31,345,-219,-163,142,298,361,287
143,401,257,-277,-55,323,-225,-165,120,300,348,278
147,417,266,-275,-72,317,-235,-155,135,299,384,269
136,400,239,-274,-80,348,-219,-160,121,317,363,293
125,385,251,-279,-55,336,-220,-170,117,302,371,299
118,380,273,-288,-57,307,-220,-162,123,313,339,298
144,377,267,-257,-67,319,-232,-148,103,320,341,262
136,406,265,-240,-63,340,-210,-146,123,272,374,260
121,398,240,-260,-61,324,-203,-169,109,293,345,254
133,371,254,-259,-68,337,-227,-151,112,286,362,272
145,386,243,-273,-30,331,-200,-143,103,291,335,257
139,363,241,-263,-57,326,-203,-142,114,276,344,271
123,362,247,-240,-48,313,-203,-134,115,283,342,269
101,354,212,-224,-50,309,-194,-150,125,272,329,256
128,354,206,-229,-63,298,-209,-155,115,256,319,255
118,356,226,-235,-68,277,-180,-157,86,257,326,259
103,339,217,-215,-25,290,-183,-117,94,240,315,250
110,333,201,-226,-43,272,-183,-132,88,265,313,240
99,335,215,-232,-63,279,-190,-136,108,235,294,227
114,324,208,-236,-46,258,-158,-129,80,220,288,227
104,307,200,-212,-46,260,-157,-115,85,225,269,219
120,291,194,-209,-65,233,-161,-127,96,238,264,205
116,294,194,-200,-52,227,-164,-122,76,204,261,212
112,272,185,-180,-39,216,-150,-105,78,211,261,212
83,270,183,-198,-40,234,-156,-91,77,200,260,154
80,217,152,-184,-40,210,-169,-102,79,190,229,175
77,271,150,-176,-45,172,-132,-93,67,184,215,170
71,237,153,-160,-21,200,-119,-91,67,177,220,153
68,237,127,-156,-54,199,-141,-90,73,164,209,177
63,221,135,-151,-33,167,-150,-92,64,164,204,152
74,212,131,-149,-45,164,-125,-90,58,152,157,143
50,183,126,-154,-21,155,-100,-83,33,161,172,131
81,190,127,-143,-38,158,-113,-76,61,142,153,132
48,189,103,-116,-35,179,-91,-80,58,126,177,137
62,171,122,-124,-36,127,-83,-51,68,133,166,119
41,158,84,-93,-27,149,-86,-53,51,141,154,135
43,146,113,-104,-16,120,-96,-75,51,93,125,95
52,148,97,-97,-6,106,-94,-62,53,105,123,80
46,109,75,-97,-7,106,-51,-26,50,84,127,98
37,113,84,-85,-3,114,-51,-59,23,88,130,84
48,92,77,-66,-26,92,-59,-62,33,83,112,94
36,109,66,-71,-18,100,-74,-43,36,81,97,75
37,108,74,-77,-15,73,-67,-38,36,72,99,60
23,70,64,-61,-2,74,-31,-42,43,90,60,49
23,77,50,-71,5,77,-38,-47,24,61,78,41
45,76,39,-57,-4,54,-53,-19,9,53,52,63
27,82,50,-41,-11,61,-57,-36,29,25,61,58
4,65,27,-44,-6,67,-39,-25,23,16,59,67
28,55,11,-49,-5,51,-29,-19,4,28,54,41
25,41,28,-44,-7,34,-43,-37,2,44,36,33
16,38,46,-37,-24,51,-17,1,24,40,28,38
0,32,33,-16,-31,24,-9,14,12,37,35,6
-7,57,17,-10,-14,8,-19,-13,-6,19,28,29
3,28,21,-15,-3,45,-9,1,8,22,49,10
6,5,27,-1,-7,15,-7,-22,17,22,6,15
-2,19,-2,-6,-19,11,-22,-21,20,10,22,31
-4,26,7,-19,-4,8,0,7,12,7,27,7
-15,33,19,-7,3,15,8,-17,-5,19,-9,6
-9,-4,-13,4,-5,-14,7,-23,-6,-10,13,13
-18,-2,16,-14,10,-10,25,17,17,-6,10,-14
2,5,1,-10,6,-8,30,-6,2,-15,0,-18
-1,12,-9,15,7,-9,4,4,2,-19,-7,-9
-8,1,4,14,-4,-14,-29,-21,-14,-2,2,0
-8,1,-21,28,-10,-31,2,2,-1,-5,-1,0
22,-27,5,7,13,-13,35,-10,1,-22,-19,-15
-17,-40,-4,-5,13,-14,8,11,-6,-7,-13,-24
-2,-18,-16,10,5,-7,32,-23,0,-19,12,-9
-17,-33,6,15,-17,-27,17,2,-26,-9,-44,-28
-26,-37,-40,34,14,-29,17,2,2,-15,-23,-27
19,-14,-2,17,11,-29,27,11,-3,-47,-14,-39
-20,-43,-9,-9,15,3,6,1,1,-40,-17,-19
-33,-35,7,13,-17,-12,18,-15,-31,-23,-22,-10
-16,-28,-10,34,1,-28,15,-3,-2,-15,-34,-10
-8,-14,-3,13,-6,-36,3,33,0,-18,-25,-29
-18,-43,-14,17,-10,-42,11,9,3,-11,-19,-22
-17,-34,-3,12,-5,-12,5,17,2,-40,-45,-35
-10,-24,-32,18,-10,-29,26,2,-2,-9,-17,-16
-12,-45,-34,3,2,-38,28,3,-24,-33,-51,-32
0,-23,-12,2,-5,-18,39,19,-14,-23,-12,-17
-15,-25,-9,23,1,-28,20,-9,-27,-8,-19,-20
0,-22,-11,3,15,-38,52,25,-5,-20,-26,-24
7,-47,-12,13,-3,-18,6,28,-15,-14,-34,-41
-32,-42,-12,45,9,-14,20,8,-30,-29,-35,-36
-24,-15,-40,20,4,-17,27,11,-6,-19,-45,-37
-28,-48,-22,19,0,-39,11,40,-1,-24,-39,-28
-14,-48,-27,22,1,-17,30,31,-33,-24,-70,-21
-20,-41,-39,32,-28,-22,12,-9,-8,-18,-47,-15
-18,-76,-35,16,7,-35,24,20,0,-41,-26,-32
-17,-27,-14,39,9,-14,16,4,3,-32,-12,-46
-13,-57,-31,8,-7,-32,12,15,-7,-54,-36,-21
-19,-46,-25,19,0,-35,22,21,-4,-21,-21,-22
-29,-34,-26,24,6,-41,23,13,0,-44,-25,-35
-12,-39,-41,20,20,-37,39,16,0,-25,-37,-14
-28,-26,-19,27,0,-29,24,0,-14,-17,-41,-13
-10,-12,-18,37,-11,-18,5,33,-13,-12,-31,-20
-5,-49,-43,29,10,-30,19,27,-14,-32,-41,-48
-1,-31,-40,29,4,-28,18,15,-29,-54,-49,-39
-31,-38,-19,45,-4,-35,18,9,-10,-28,-36,-49
-4,-32,-19,45,-16,-38,16,1,-43,-17,-50,-43
-25,-46,-37,9,21,-27,15,3,-12,-19,-33,-26
-16,-49,-43,31,4,-24,45,25,-17,-55,-36,-56
2,-33,-32,33,-3,-34,22,13,-7,-29,-29,-33
-11,-46,-19,4,16,-51,12,21,-26,-16,-36,-14
-26,-52,-11,34,9,-30,17,9,-11,-33,-38,-31
-7,-28,-42,40,-22,-36,25,15,-12,-39,-43,-39
12,-14,-17,33,11,-57,29,22,-21,-14,-34,-29
-9,-34,-22,38,5,-29,10,22,-32,-16,-47,-21
-24,-32,-9,26,31,-53,16,28,-5,-43,-31,-41
-32,-27,-14,24,0,-45,52,21,-20,-48,-39,-22
-20,-40,-33,0,9,-32,24,-4,-31,-25,-47,-44
-4,-44,-23,24,15,-27,12,15,-13,-40,-38,-29
-10,-35,-4,31,-2,-43,13,20,-11,-58,-62,-25
-22,-42,-21,28,0,-39,1,28,-23,-31,-40,-27
1,-30,-18,22,4,-41,39,20,5,-31,-38,-22
-15,-21,-28,26,7,-35,23,27,-25,-11,-50,-30
-3,-31,-38,20,7,-52,20,9,-17,-17,-38,-45
-24,-32,-26,14,8,-27,4,2,-24,-17,-43,-37
-19,-23,-13,18,-1,-32,5,13,-22,-37,-41,-19
0,-49,-28,36,19,-39,24,4,-45,-26,-33,-33
-40,-52,-37,28,11,-38,26,8,2,-22,-42,-18
-37,-14,-34,22,7,-27,26,-5,-4,-20,-39,-32
-31,-42,-14,45,-11,-36,24,5,3,-21,-43,-12
-5,-29,-29,17,-9,-43,34,18,-26,-33,-38,-36
-37,-23,-46,32,3,-23,31,21,-33,-17,-32,-42
-2,-41,-21,26,6,-45,34,-3,-3,-40,-42,-20
-3,-52,-23,17,10,-59,27,9,-21,-34,-7,-28
-2,-36,-23,24,6,-16,19,5,-33,-6,-14,-19
-11,-10,-25,38,10,-30,21,24,-12,-21,-44,-27
-18,-52,-34,-5,16,-38,21,6,-12,-10,-33,-32
-8,-30,-15,16,-3,-30,6,-2,-22,-28,-48,-25
-11,-21,-40,25,13,-20,20,9,0,-26,-25,2
-29,-38,-23,18,-8,-34,16,20,-9,-19,-24,-29
-9,2,-13,36,7,-8,-12,15,-16,-22,-35,-3
-40,-22,-17,7,-10,-22,-10,14,10,-22,-11,-8
-8,-15,-17,5,7,-15,5,-3,-7,-9,-29,-7
-11,-21,-22,28,9,-2,3,14,7,-11,-1,-6
4,-4,-8,15,18,17,-5,-15,-10,-12,-7,9
-22,-11,13,4,0,-19,-6,6,4,-11,-3,-5
-9,-21,-3,8,3,-4,6,5,20,2,-5,18
8,-1,3,-21,16,4,-5,6,17,30,6,-14
-3,9,1,-13,0,-7,-23,1,3,10,-15,-5
-11,1,2,-5,17,15,-16,1,6,6,20,5
8,-2,2,-7,8,13,-5,13,20,1,21,2
19,11,2,-20,30,29,-1,-23,9,22,8,33
3,30,13,-12,-15,27,3,-12,-14,0,-7,23
8,36,28,-41,-5,40,-35,3,2,30,27,25
7,47,27,-34,14,24,-30,-16,20,12,36,36
11,39,44,-42,-17,44,-31,-22,23,22,52,37
-3,58,37,-61,-3,53,-38,-27,6,50,70,53
3,58,44,-57,-19,41,-21,-27,51,49,67,64
3,77,39,-53,-10,69,-17,-18,15,66,39,32
16,88,48,-42,-25,89,-58,-43,5,65,57,51
31,117,62,-79,-5,53,-54,-65,34,63,71,60
51,106,35,-84,-14,80,-44,-46,49,94,101,69
49,120,77,-78,-13,104,-78,-40,51,93,77,77
32,133,79,-109,-28,89,-72,-60,33,71,93,91
27,137,82,-97,-24,112,-60,-39,56,102,135,110
47,139,74,-91,-18,121,-102,-46,36,108,133,81
72,159,89,-101,-28,110,-86,-58,49,114,146,72
66,141,97,-107,-35,140,-64,-79,47,103,156,112
56,181,103,-108,-34,144,-68,-65,69,135,132,117
79,178,123,-143,-18,141,-99,-71,55,150,146,122
50,170,138,-124,-28,140,-84,-77,59,118,177,134
71,195,116,-132,-17,159,-102,-46,54,129,178,151
64,203,113,-128,-26,175,-96,-63,70,155,190,119
72,194,152,-118,-28,151,-100,-70,61,142,170,138
84,201,127,-140,-41,180,-113,-83,62,156,189,163
69,184,141,-140,-9,186,-103,-103,44,158,181,152
66,209,110,-133,-37,171,-121,-70,65,177,186,152
78,218,154,-141,-27,183,-114,-74,76,126,190,172
107,222,129,-157,-24,162,-134,-120,81,154,193,148
55,237,130,-140,-55,171,-111,-98,63,160,192,123
58,224,149,-157,-26,194,-117,-87,62,160,184,141
77,220,134,-136,-32,184,-119,-59,76,155,176,133
58,218,137,-161,-31,182,-116,-90,63,167,181,133
63,226,137,-141,-30,163,-120,-88,70,143,188,140
49,195,116,-133,-42,160,-84,-93,42,156,203,131
67,202,138,-150,-28,167,-118,-83,58,156,170,146
70,187,139,-105,-33,167,-93,-90,46,160,184,123
73,187,122,-136,-27,169,-107,-66,63,138,148,135
67,187,149,-141,1,154,-94,-84,48,116,169,123
62,164,105,-115,-28,129,-93,-71,44,109,165,102
52,176,114,-106,-14,126,-83,-72,59,136,163,102
43,157,90,-105,-14,129,-72,-59,54,122,127,103
52,151,81,-95,-31,119,-104,-61,47,111,139,89
50,150,93,-88,-19,124,-45,-58,59,94,142,81
43,115,78,-98,-2,123,-56,-64,58,103,117,87
42,96,82,-79,-8,104,-65,-65,19,58,121,92
54,108,57,-72,-24,84,-53,-49,22,82,108,72
49,91,75,-59,-22,73,-47,-52,37,66,86,70
21,92,47,-46,-16,68,-42,-29,23,58,80,61
31,74,67,-59,-8,70,-49,-19,28,62,77,39
16,64,58,-45,-9,73,-44,-43,12,39,53,53
6,50,34,-52,-15,65,-23,-14,5,67,57,44
5,44,62,-31,-4,37,-28,-31,17,33,39,34
-18,48,37,-5,-4,20,-27,-16,15,27,49,22
14,34,18,-24,-6,27,-9,3,24,10,18,32
4,36,26,-33,9,5,-20,-4,2,23,26,-11
-5,26,1,-15,-7,25,-15,-5,-3,17,4,18
11,24,30,-4,-21,21,-23,-28,7,-12,19,7
10,17,-5,-16,-9,10,-8,-10,0,20,-15,12
14,5,-2,3,-8,-5,-9,3,-5,-2,-5,-12
-1,-5,12,1,-6,9,4,-5,10,-7,-12,2
-11,-13,7,-20,15,-12,0,-2,-17,2,-4,-16
-9,-31,-11,10,1,-11,17,19,11,-6,-15,-12
-25,-20,-3,14,-3,5,9,-15,-5,-26,-30,-13
-4,-20,-6,21,17,4,18,-10,-13,-12,-14,-11
-20,-60,-18,17,12,-14,-6,24,-14,-42,-40,-6
-5,-24,-33,11,3,-26,-2,-1,-21,-22,-41,-37
-5,-33,-27,25,-1,-10,32,1,-29,-11,-30,-48
-16,-21,-18,30,7,-53,33,28,-13,-26,-41,-22
-12,-53,8,26,23,-51,26,5,-2,-31,-46,-54
-20,-54,-30,23,28,-26,41,30,-19,-69,-64,-32
-13,-51,-41,25,2,-45,40,30,-11,-41,-33,-29
9,-76,-33,32,4,-67,46,24,-12,-53,-61,-57
-21,-60,-72,65,15,-64,25,44,-16,-57,-42,-45
-32,-115,-57,49,2,-90,51,22,-24,-62,-69,-69
-39,-87,-59,68,-7,-64,18,40,-36,-76,-96,-70
-52,-103,-61,86,13,-74,53,38,-36,-84,-90,-109
-43,-114,-64,83,30,-110,48,51,-27,-85,-94,-70
-49,-124,-74,85,21,-108,65,41,-58,-109,-113,-91
-43,-146,-111,102,28,-119,77,65,-54,-96,-130,-122
-67,-159,-107,128,14,-131,91,49,-52,-112,-134,-91
-64,-174,-116,119,27,-143,101,61,-54,-135,-161,-123
-67,-185,-116,115,8,-159,99,85,-58,-154,-160,-114
-72,-190,-127,131,37,-179,120,65,-48,-162,-163,-129
-51,-189,-136,153,15,-151,123,83,-56,-141,-204,-157
-67,-183,-129,147,-5,-158,118,106,-55,-144,-185,-131
-47,-193,-108,128,26,-177,94,75,-73,-135,-162,-127
-52,-172,-109,122,20,-140,104,56,-50,-150,-155,-115
-65,-151,-74,106,30,-120,87,62,-43,-102,-139,-93
-34,-125,-71,64,-6,-101,45,34,-22,-87,-82,-68
-3,-71,-47,19,15,-47,27,16,-23,-24,-35,-25
24,21,9,-28,-6,10,1,-2,-3,18,15,21
33,72,58,-55,-1,64,-48,-23,35,50,70,53
47,167,109,-104,-21,135,-101,-72,30,104,154,120
110,262,172,-168,-46,221,-160,-113,100,193,244,207
116,338,242,-258,-55,290,-193,-156,107,270,332,267
156,459,298,-310,-67,396,-245,-197,150,354,398,325
214,557,362,-397,-82,462,-297,-210,188,419,501,425
253,686,412,-466,-95,563,-355,-242,207,514,609,464
287,771,501,-532,-126,629,-410,-300,218,588,705,540
295,850,569,-571,-131,715,-478,-353,248,628,755,596
315,925,603,-648,-111,773,-512,-376,248,681,827,646
318,960,613,-639,-143,806,-522,-374,274,716,890,687
342,950,643,-667,-141,811,-559,-392,285,721,865,695
362,963,630,-661,-152,823,-516,-352,275,718,864,678
325,934,611,-637,-144,766,-516,-365,288,727,849,644
315,874,575,-602,-144,735,-502,-355,258,633,797,640
280,814,522,-544,-135,675,-434,-314,236,612,724,560
256,706,485,-495,-107,591,-382,-276,206,519,657,519
218,617,375,-407,-82,504,-305,-225,186,453,545,418
199,512,327,-331,-87,412,-276,-191,146,391,455,347
121,382,255,-260,-47,312,-211,-141,101,272,324,275
97,265,159,-190,-52,206,-139,-110,84,192,244,187
37,165,99,-91,-17,111,-80,-64,36,129,153,121
34,97,29,-63,6,76,-12,-29,25,51,53,57
-1,-52,-22,5,16,-6,1,11,-8,-18,-1,-25
-45,-103,-49,64,1,-82,31,41,-48,-78,-80,-80
-52,-170,-102,90,31,-149,96,78,-73,-125,-168,-115
-74,-228,-133,175,29,-167,148,88,-73,-173,-192,-173
-105,-232,-153,175,31,-193,144,105,-83,-217,-216,-187
-88,-288,-182,195,51,-237,137,114,-91,-240,-241,-204
-118,-285,-185,191,59,-260,172,131,-68,-238,-297,-209
-104,-325,-185,196,50,-262,165,109,-80,-240,-260,-227
-116,-293,-205,216,41,-260,158,107,-86,-228,-267,-234
-128,-298,-169,198,48,-237,166,124,-86,-217,-252,-210
-114,-276,-181,179,48,-224,153,108,-83,-191,-263,-194
-81,-242,-171,154,63,-238,145,114,-64,-198,-247,-194
-91,-224,-165,148,31,-181,141,93,-65,-193,-196,-164
-84,-199,-128,137,35,-169,115,81,-67,-147,-205,-148
-65,-205,-118,109,25,-148,92,84,-53,-144,-174,-147
-51,-179,-121,122,47,-109,114,61,-76,-119,-144,-112
-32,-155,-100,128,8,-91,75,59,-45,-93,-102,-92
-45,-120,-56,98,19,-99,83,51,-56,-103,-117,-108
-45,-106,-70,48,6,-90,65,52,-48,-97,-85,-80
-26,-83,-45,50,9,-76,55,31,-29,-68,-103,-73
-16,-93,-61,56,20,-72,52,56,-25,-61,-72,-59
-52,-86,-45,23,26,-73,65,33,-5,-60,-85,-64
-30,-67,-61,54,-18,-71,31,40,-12,-55,-78,-52
-24,-71,-39,29,8,-58,29,19,-32,-47,-71,-23
-41,-61,-34,70,-1,-53,50,19,-25,-37,-54,-44
-4,-56,-18,36,14,-41,52,34,-25,-25,-67,-25
-14,-63,-46,17,10,-30,32,14,-14,-41,-46,-40
-29,-24,-30,44,-7,-64,26,22,-10,-55,-41,-41
-13,-65,-30,15,3,-41,29,12,-5,-35,-57,-54
-18,-37,-17,33,4,-39,45,5,-19,-46,-57,-34
-26,-24,-34,12,18,-24,21,28,-17,-38,-48,-26
-6,-37,-30,12,11,-28,28,29,11,-29,-50,-23
-8,-58,-39,36,9,-46,40,41,-5,-42,-57,-18
-21,-34,-50,28,12,-24,31,-2,-27,-8,-38,-30
-9,-28,-33,18,21,-29,38,18,13,-26,-41,-30
-6,-36,4,8,14,-12,19,-20,4,2,-36,-42
-30,-33,-6,0,12,-30,2,9,-2,-11,-44,-22
-3,-44,-5,14,3,-28,17,29,-18,-27,-16,-24
-4,-32,-21,5,0,-20,19,-13,-18,-16,-7,-15
5,-14,-19,3,-2,-15,2,8,-17,-13,-29,-14
-16,-35,9,-3,0,-10,-6,-1,-24,-39,-21,-33
2,-26,-1,16,7,-16,2,-17,-15,16,3,-26
-7,-2,-20,0,-5,0,-12,11,-1,5,-13,4
0,-10,9,20,9,-27,3,10,-5,-3,-9,2
-19,-15,18,14,7,-15,23,24,-17,4,-2,9
-20,13,2,1,-26,-17,21,21,-17,-3,-2,25
-3,9,21,-19,18,7,-1,-27,23,10,-25,2
12,18,1,-27,2,20,-35,-3,-29,18,4,1
5,13,30,-6,19,9,-17,-4,-21,8,11,20
33,38,22,-10,2,20,-16,-24,20,0,37,10
18,42,27,-25,-38,38,-18,-12,38,12,36,32
18,43,11,-20,-35,51,-22,0,16,21,38,41
39,45,42,-38,6,38,-18,-32,-5,54,23,26
3,36,41,-24,-6,36,-34,-30,23,36,49,43
26,46,27,-38,4,62,-25,-5,25,24,74,31
19,70,34,-51,-6,58,-39,-36,7,55,67,42
35,75,28,-72,-5,81,-29,-24,23,51,61,48
11,63,59,-54,5,72,-60,-30,26,67,75,58
38,90,72,-60,-5,73,-32,-37,25,56,75,71
31,91,39,-57,-48,58,-83,-40,46,64,75,78
55,117,58,-61,1,79,-54,-47,53,90,95,81
55,103,82,-75,-34,56,-72,-33,47,63,104,73
44,127,108,-73,-17,99,-93,-63,36,90,104,85
22,136,102,-81,-44,123,-74,-56,53,93,142,60
61,128,102,-101,-30,115,-77,-45,52,83,135,78
55,145,119,-127,-15,128,-61,-64,57,112,143,118
68,147,91,-123,-19,136,-92,-76,58,124,153,114
68,174,110,-116,-29,135,-100,-88,37,135,130,134
64,185,115,-119,-30,140,-94,-70,49,147,168,119
63,168,117,-140,-24,152,-92,-76,40,141,157,112
66,201,120,-128,-28,169,-121,-101,59,157,164,137
71,210,133,-113,-22,154,-95,-87,46,167,179,146
46,225,130,-149,-26,177,-106,-90,72,174,198,135
104,216,151,-164,-32,159,-140,-85,82,160,211,145
93,231,144,-158,-35,207,-122,-91,64,162,201,181
73,241,134,-151,-43,193,-114,-91,69,186,210,158
98,236,175,-174,-55,225,-139,-110,87,181,223,170
87,254,176,-172,-53,205,-125,-100,52,192,227,187
91,270,179,-183,-47,232,-142,-124,76,195,226,198
116,280,167,-204,-44,233,-137,-117,87,231,248,193
109,273,175,-193,-34,238,-174,-144,86,219,261,183
75,279,191,-211,-27,243,-168,-124,70,216,240,180
105,275,175,-175,-47,254,-151,-116,96,216,265,207
112,304,200,-196,-57,260,-151,-125,89,229,270,206
113,320,206,-211,-55,239,-177,-121,82,234,277,200
103,330,212,-216,-52,239,-176,-122,125,231,254,209
103,298,182,-214,-45,252,-168,-135,101,235,291,214
109,325,196,-226,-46,275,-169,-126,109,236,300,208
113,316,203,-217,-48,286,-158,-133,77,262,283,233
116,325,204,-220,-62,247,-180,-114,113,233,266,234
94,324,199,-222,-52,283,-163,-115,105,254,298,218
124,328,237,-247,-49,288,-187,-122,126,268,325,201
120,323,202,-243,-45,281,-174,-126,93,253,313,239
135,349,226,-227,-64,277,-184,-136,92,247,323,255
123,323,232,-230,-57,286,-180,-151,81,249,308,242
110,342,219,-232,-83,295,-200,-144,114,250,310,235
112,331,226,-241,-41,288,-193,-134,111,259,317,229
136,330,195,-246,-45,283,-187,-135,104,244,285,257
136,345,199,-210,-60,256,-181,-148,102,244,279,231
107,310,213,-214,-55,271,-201,-120,99,254,270,241
101,337,214,-235,-59,259,-169,-134,102,237,307,237
116,322,214,-230,-49,259,-188,-123,110,216,297,222
109,322,186,-209,-45,267,-187,-146,90,251,261,218
133,314,187,-212,-74,269,-192,-106,97,219,285,216
109,291,187,-218,-40,269,-162,-108,105,224,270,218
125,297,195,-223,-24,250,-195,-136,74,226,270,217
86,291,196,-214,-38,238,-169,-139,104,205,266,188
87,295,170,-200,-26,249,-144,-120,87,213,252,193
105,289,173,-187,-31,208,-156,-111,78,211,244,194
98,263,176,-194,-37,206,-160,-134,85,189,249,203
82,275,191,-172,-40,227,-138,-98,70,179,228,190
100,261,186,-175,-29,207,-133,-82,92,200,230,207
83,241,152,-157,-28,229,-147,-95,78,193,219,171
73,235,176,-168,-45,196,-115,-94,84,172,211,165
86,243,137,-153,-50,177,-129,-105,75,130,217,188
80,226,137,-152,-54,167,-121,-87,79,176,194,146
63,206,137,-162,-31,176,-115,-81,52,178,174,161
65,213,116,-139,-24,176,-104,-75,55,146,180,134
63,187,127,-132,-23,161,-117,-73,42,147,169,135
32,163,124,-147,-20,147,-98,-73,86,139,167,127
52,169,117,-106,-10,126,-111,-91,59,132,145,123
76,167,121,-103,-24,106,-101,-48,54,117,131,119
60,146,109,-82,-30,144,-93,-76,42,103,171,112
43,156,91,-116,-21,121,-66,-32,46,107,145,113
51,140,72,-100,-41,103,-58,-57,23,92,110,94
21,124,85,-56,-15,102,-51,-42,56,101,117,78
45,113,92,-97,-33,107,-77,-33,49,76,114,73
45,114,69,-66,-16,93,-75,-48,32,87,99,85
40,97,66,-53,-10,71,-64,-60,25,49,95,78
-5,116,64,-50,-25,66,-28,-35,33,57,88,59
6,81,66,-52,10,71,-15,-18,41,67,70,54
5,62,46,-43,-15,64,-37,-38,22,41,57,41
25,65,41,-16,3,53,-40,-30,24,71,46,30
22,46,33,-42,-11,58,-9,-22,-3,48,59,21
11,62,40,-40,-9,30,-16,-26,19,21,28,31
20,47,24,-45,-6,41,-23,-2,3,38,27,25
26,39,36,-21,-27,41,-8,-14,-11,17,48,42
5,26,17,-19,-10,27,-21,-15,0,2,15,7
-7,29,-12,-5,2,25,-15,-13,19,33,24,1
-21,9,14,-2,-16,5,-9,-14,5,18,4,8
8,1,-6,-15,-28,10,19,12,0,2,22,-7
-12,-11,12,-11,-1,14,-13,6,-2,-21,-14,-7
-5,-5,-8,-15,12,7,-6,8,7,-9,-13,-24
-18,-8,-13,8,-14,-11,-3,17,-8,-24,-39,11
-26,-6,-8,4,18,7,-4,0,-26,-35,-33,-37
-25,-12,-32,10,-15,-17,5,-11,-4,-30,-41,-10
-8,-17,-4,41,-2,-35,21,16,-14,-23,2,-20
-4,-27,-10,34,-8,-29,26,30,-20,-9,-27,-29
-17,-48,-39,9,-8,-28,32,32,4,-27,-37,-33
-21,-55,-40,49,-8,-44,36,18,-28,-42,-23,-24
-13,-61,-60,31,4,-30,14,32,-33,-28,-50,-31
-13,-38,-32,40,16,-44,18,-5,-17,-64,-52,-55
-18,-56,-48,50,4,-46,47,18,-28,-52,-41,-43
-18,-58,-33,17,5,-33,30,9,-23,-41,-58,-44
-17,-53,-55,35,23,-52,12,11,-15,-31,-49,-30
-30,-56,-41,52,19,-55,3,28,-22,-36,-73,-42
-19,-49,-26,52,-2,-52,27,19,8,-74,-50,-25
-20,-83,-52,51,35,-45,30,32,-47,-65,-54,-27
-25,-73,-48,91,15,-43,41,32,-27,-80,-72,-24
-10,-70,-44,50,14,-73,39,38,-23,-48,-61,-32
-20,-75,-27,49,24,-62,64,37,-34,-62,-58,-49
-20,-82,-43,63,-4,-69,27,30,-26,-77,-49,-71
12,-68,-62,56,-1,-76,35,1,-23,-59,-57,-38
-26,-72,-55,33,26,-74,67,19,-25,-56,-75,-71
-2,-74,-47,57,5,-75,51,48,-25,-74,-76,-67
-22,-87,-47,68,18,-61,52,25,-4,-67,-80,-72
-37,-84,-34,60,22,-61,55,33,-28,-61,-84,-54
-42,-78,-53,57,15,-55,68,18,-41,-51,-81,-78
-29,-103,-58,68,-7,-47,17,49,-31,-55,-89,-70
-12,-80,-47,52,24,-54,71,47,-21,-67,-90,-57
-35,-76,-64,41,16,-64,38,20,-22,-45,-83,-58
-23,-97,-57,62,46,-75,50,18,-19,-59,-83,-56
-39,-82,-40,57,6,-59,34,51,-12,-79,-87,-54
-24,-97,-49,68,16,-66,55,30,-7,-68,-70,-60
-23,-82,-63,59,7,-76,54,40,-21,-59,-84,-50
-17,-87,-40,69,-3,-68,46,50,-24,-59,-83,-95
-46,-102,-44,52,3,-85,39,32,-55,-77,-66,-58
-33,-98,-76,78,6,-64,41,34,-25,-64,-68,-52
-29,-100,-74,70,25,-85,34,22,-19,-63,-85,-79
-54,-100,-48,44,33,-79,55,38,-32,-63,-81,-44
-32,-74,-39,46,22,-93,63,32,-12,-76,-76,-78
-9,-72,-57,49,5,-67,43,39,-26,-92,-63,-53
-31,-76,-60,69,12,-36,66,35,-34,-69,-81,-61
-47,-73,-64,56,8,-76,47,38,-25,-51,-73,-79
-54,-98,-51,53,3,-87,50,64,-38,-51,-84,-70
-36,-84,-46,44,12,-72,35,34,-20,-61,-52,-79
-34,-112,-80,51,6,-87,62,45,-32,-61,-80,-70
-23,-103,-57,60,11,-64,32,25,-17,-77,-63,-64
-28,-72,-51,34,21,-64,47,44,-26,-79,-81,-50
-16,-53,-59,55,12,-63,63,37,-27,-66,-105,-69
-31,-93,-87,54,-20,-71,65,39,-47,-59,-90,-71
-63,-80,-66,56,10,-61,61,48,-43,-50,-81,-67
-23,-86,-67,83,17,-85,57,42,-50,-64,-89,-61
-58,-92,-51,59,29,-69,43,30,-12,-50,-83,-65
-46,-112,-59,92,18,-69,40,35,-28,-76,-93,-55
-38,-85,-43,69,36,-91,27,40,-17,-52,-96,-60
-17,-90,-48,75,0,-99,42,20,-20,-74,-73,-59
-15,-68,-65,79,0,-93,31,24,-26,-61,-79,-66
-15,-86,-53,47,13,-52,42,35,-21,-72,-77,-80
-53,-101,-42,55,8,-77,45,32,-55,-72,-81,-49
-18,-93,-58,89,24,-89,26,39,-35,-74,-77,-76
-43,-94,-81,50,-7,-66,34,24,-62,-71,-83,-56
-26,-92,-61,55,6,-72,45,18,-22,-54,-64,-49
-31,-81,-56,56,13,-77,45,31,-35,-84,-88,-57
-14,-101,-39,61,9,-68,62,24,-38,-51,-85,-47
-47,-80,-75,68,4,-68,52,13,-6,-75,-66,-66
-20,-101,-60,59,26,-87,50,25,-39,-58,-77,-64
-17,-83,-44,61,-8,-80,51,28,-30,-62,-71,-81
-18,-88,-61,55,15,-67,49,41,-16,-54,-60,-38
-41,-109,-39,32,16,-58,28,54,-9,-71,-83,-53
-13,-81,-70,58,3,-85,49,35,-26,-59,-77,-53
-35,-70,-64,60,38,-87,71,48,-24,-79,-74,-48
-28,-109,-36,66,23,-72,55,57,-31,-61,-82,-36
-40,-65,-54,77,29,-100,47,46,-19,-51,-72,-62
-28,-65,-68,69,27,-80,41,39,-35,-72,-54,-52
-58,-105,-47,56,10,-58,43,35,-26,-84,-66,-54
-18,-81,-46,68,16,-78,44,24,-38,-74,-76,-51
-50,-68,-42,59,13,-56,23,50,-26,-57,-65,-65
-7,-96,-20,74,10,-65,57,65,-13,-73,-64,-50
-24,-65,-56,49,16,-99,76,31,-35,-66,-72,-61
-41,-75,-41,43,19,-73,33,20,-18,-43,-65,-51
-19,-74,-47,56,27,-63,25,18,-33,-54,-74,-54
-37,-51,-41,58,-8,-53,33,27,-23,-39,-87,-52
-38,-74,-40,51,26,-73,49,51,-23,-45,-83,-68
-24,-74,-59,24,2,-61,46,30,-26,-69,-81,-28
-19,-71,-60,56,-24,-54,38,52,-12,-50,-30,-39
-37,-82,-51,28,18,-41,30,30,-6,-38,-78,-49
-8,-69,-53,44,9,-65,12,24,-14,-52,-89,-53
-39,-54,-45,51,11,-52,69,32,0,-49,-64,-64
-6,-74,-38,56,1,-61,43,31,-14,-46,-59,-34
-24,-65,-57,55,4,-52,35,28,-30,-29,-58,-66
-15,-56,-38,18,28,-38,17,27,-20,-25,-65,-61
-5,-65,-26,47,-27,-53,14,-4,-20,-38,-50,-41
-21,-41,-33,3,3,-69,32,38,-24,-7,-31,-31
7,-33,-44,23,9,-33,39,23,-20,-37,-26,-37
-24,-33,-29,28,29,-39,41,20,-6,-43,-31,-26
-13,-18,-11,28,10,-29,17,25,-25,-27,-4,-23
-9,-20,-9,19,18,-25,24,-11,-10,1,-26,-31
-9,-6,-7,5,-3,-19,-9,-5,-4,-13,-8,-19
-4,10,-9,0,-7,-4,8,16,1,-5,-10,-16
-12,-10,-31,8,-5,6,5,1,-11,-4,9,7
1,17,-9,0,13,5,2,-9,3,-7,14,1
23,22,-2,-7,21,27,-3,-2,17,-8,7,15
15,38,24,-26,-1,34,-23,-36,13,15,14,17
8,19,25,-26,-2,33,-13,-2,15,14,49,52
11,35,53,-10,4,35,-19,-18,3,34,41,19
27,46,34,-38,8,50,-34,-12,25,42,54,12
30,42,44,-23,-8,48,-28,-23,29,47,48,61
19,84,27,-34,14,52,-25,-42,8,51,59,60
35,68,70,-50,1,75,-44,-41,23,29,75,50
40,81,78,-51,-6,63,-57,-26,19,66,80,54
-5,94,54,-42,-13,63,-55,-11,38,82,97,58
27,110,72,-30,-35,87,-62,-49,28,78,118,86
43,116,85,-52,-14,74,-41,-62,26,104,106,88
56,132,83,-81,20,100,-88,-48,15,106,119,99
32,153,80,-85,-21,101,-54,-39,31,86,110,112
55,123,102,-99,-23,111,-78,-75,26,104,115,86
50,130,68,-99,-46,113,-39,-54,49,104,120,83
32,145,100,-99,-33,136,-77,-66,30,112,132,108
57,162,87,-91,-15,143,-67,-73,48,134,123,118
67,137,108,-129,-19,142,-108,-68,62,120,156,93
56,146,120,-126,-19,140,-68,-53,75,134,159,129
39,167,90,-128,-25,148,-104,-74,49,132,148,109
62,164,104,-121,-25,140,-106,-57,51,144,135,104
82,167,117,-136,-27,133,-86,-65,59,111,140,132
81,167,126,-102,-33,133,-96,-72,54,120,157,111
61,166,120,-125,-22,126,-91,-76,44,136,174,122
63,144,90,-101,-23,133,-104,-60,39,133,155,140
62,170,98,-113,-25,123,-105,-80,59,115,131,143
62,178,92,-101,-11,111,-103,-48,77,113,151,91
53,161,84,-112,-33,108,-108,-60,51,119,136,126
39,152,75,-114,-6,116,-84,-46,47,106,129,102
46,124,97,-109,-11,104,-78,-62,48,123,96,84
54,129,75,-68,-12,114,-66,-59,35,104,122,78
36,111,78,-85,-43,95,-71,-60,38,89,110,112
49,127,66,-92,-9,102,-69,-31,27,74,116,96
60,89,79,-64,-19,102,-68,-32,38,71,104,71
67,66,53,-58,-18,74,-54,-34,35,82,104,78
22,105,57,-72,-1,86,-64,-47,19,69,99,70
25,91,53,-70,-27,60,-68,-10,30,77,70,57
21,39,71,-34,-30,77,-53,-15,33,29,76,39
27,48,47,-44,12,53,-39,-34,15,40,52,48
7,47,48,-12,-11,13,-36,-7,10,44,56,63
3,16,35,-36,2,39,-33,-19,28,28,2,27
25,55,33,-17,-12,38,-34,-37,0,26,42,42
26,21,35,0,-14,-2,-26,19,2,3,27,6
1,12,22,6,-17,16,-1,-16,8,-1,13,6
11,5,11,16,-6,15,-3,7,-2,1,3,32
-6,5,-13,12,8,5,0,9,-2,23,25,10
-22,-1,1,2,-4,-36,9,11,-4,-8,-6,10
10,-11,-16,-1,12,-22,-7,2,8,-15,-17,-10
-7,-13,-14,16,-17,-10,14,-14,-28,-17,-30,-22
-4,-26,-7,3,6,-26,25,13,-30,-31,-21,-29
-31,-25,-28,4,14,-41,18,24,-11,-40,-42,-36
-28,-39,-31,41,13,-20,-5,-3,-29,-33,-45,-18
-17,-55,-35,18,19,-46,16,52,0,-42,-37,-36
-24,-48,-42,28,37,-12,32,18,-12,-36,-72,-50
-27,-32,-44,50,26,-35,42,5,-21,-16,-49,-58
-30,-70,-55,34,17,-39,49,27,-11,-62,-52,-25
-14,-75,-50,51,10,-74,26,19,-15,-56,-39,-33
-55,-84,-32,49,-1,-81,43,27,-11,-47,-69,-39
-50,-83,-28,55,27,-70,49,27,0,-50,-53,-48
-42,-84,-37,51,13,-66,25,27,-18,-69,-81,-45
-29,-82,-57,48,15,-90,44,21,-14,-70,-63,-58
-18,-85,-46,51,6,-76,34,20,-19,-69,-82,-66
-19,-111,-72,56,-7,-70,44,27,-17,-59,-91,-56
-19,-100,-57,42,29,-88,63,37,-38,-54,-78,-70
-61,-103,-64,75,6,-94,38,37,-33,-82,-100,-55
-58,-95,-54,83,18,-96,57,31,-38,-79,-74,-94
-38,-115,-89,82,26,-80,57,59,-42,-90,-94,-99
-36,-119,-67,75,3,-84,66,62,-36,-89,-119,-97
-52,-137,-87,104,17,-137,65,71,-35,-104,-134,-88
-33,-122,-86,113,35,-115,72,70,-40,-120,-152,-129
-44,-171,-92,114,58,-147,101,62,-36,-123,-158,-102
-71,-175,-111,134,16,-152,102,82,-46,-150,-184,-119
-68,-179,-113,143,13,-154,109,85,-29,-163,-172,-129
-64,-238,-134,134,14,-174,117,77,-62,-137,-172,-133
-74,-225,-142,177,9,-195,116,93,-73,-170,-183,-151
-83,-227,-127,152,36,-195,109,73,-62,-172,-215,-147
-88,-240,-134,186,39,-208,118,106,-84,-161,-212,-163
-92,-255,-142,146,19,-213,141,90,-82,-173,-224,-146
-86,-237,-135,156,39,-184,147,98,-58,-183,-205,-161
-84,-241,-141,145,28,-194,120,93,-48,-151,-193,-143
-71,-207,-130,127,70,-170,110,80,-65,-162,-176,-141
-60,-180,-97,111,37,-144,103,46,-43,-126,-154,-113
-35,-132,-77,101,26,-93,65,58,-44,-84,-86,-102
-24,-88,-26,44,11,-60,72,28,-23,-67,-61,-39
-6,-14,5,2,-8,-2,11,25,3,-36,12,-10
26,50,35,-59,-2,76,-24,-22,23,33,72,58
80,148,104,-94,-19,131,-75,-51,28,112,134,104
66,263,179,-156,-44,228,-141,-83,74,180,220,182
126,343,226,-235,-54,294,-209,-146,91,257,310,237
158,458,286,-310,-49,379,-248,-174,127,348,407,337
212,556,365,-387,-91,469,-315,-211,188,406,491,388
236,683,438,-454,-71,532,-364,-277,189,489,619,485
269,761,486,-520,-103,624,-411,-304,243,565,675,532
300,850,544,-590,-97,691,-461,-344,239,619,768,589
304,894,593,-606,-158,746,-479,-355,278,639,803,616
335,936,600,-659,-128,772,-521,-404,299,695,857,668
338,964,632,-661,-141,805,-523,-386,289,711,880,650
330,954,613,-653,-160,782,-515,-393,265,692,837,663
297,887,576,-625,-145,765,-494,-339,278,654,806,630
309,833,565,-571,-132,695,-470,-361,239,651,758,578
264,769,511,-528,-106,632,-400,-297,208,552,686,551
230,695,444,-443,-118,561,-369,-287,212,530,612,484
194,552,345,-402,-73,456,-312,-215,188,427,528,390
148,459,305,-295,-61,379,-255,-152,136,341,431,333
121,338,232,-222,-45,298,-170,-158,102,273,286,255
96,222,152,-168,-20,175,-121,-96,81,173,199,151
33,117,89,-84,-20,91,-52,-49,42,76,95,85
26,13,1,-28,7,41,-9,2,-4,13,17,24
-24,-59,-52,38,6,-60,19,23,-39,-55,-73,-32
-55,-160,-83,95,30,-131,82,51,-47,-107,-121,-103
-82,-206,-135,129,42,-179,107,91,-40,-144,-197,-145
-106,-251,-175,179,51,-197,162,90,-69,-185,-227,-184
-96,-272,-199,190,48,-268,170,125,-75,-247,-267,-221
-128,-310,-217,236,40,-274,167,138,-106,-252,-278,-240
-118,-345,-224,205,59,-271,192,119,-126,-270,-311,-246
-125,-338,-236,227,56,-296,195,133,-90,-240,-320,-243
-138,-343,-203,227,36,-287,214,126,-83,-250,-302,-236
-105,-315,-204,214,45,-270,176,111,-104,-241,-268,-249
-126,-317,-203,197,29,-259,181,100,-78,-245,-276,-218
-107,-265,-174,203,29,-256,175,124,-84,-218,-270,-220
-87,-266,-178,176,52,-224,126,118,-66,-206,-262,-200
-96,-248,-154,167,37,-207,136,86,-63,-178,-227,-177
-78,-222,-151,158,26,-189,143,81,-73,-156,-191,-170
-78,-187,-119,145,26,-166,110,88,-45,-167,-156,-146
-81,-174,-120,94,21,-142,98,81,-57,-136,-177,-109
-67,-157,-92,133,7,-106,84,42,-49,-108,-145,-95
-56,-115,-113,109,24,-122,103,51,-25,-117,-134,-99
-44,-160,-95,100,19,-118,68,43,-45,-84,-94,-65
-56,-122,-59,83,12,-98,55,50,-29,-90,-95,-76
-60,-122,-80,72,10,-97,75,38,-26,-78,-103,-81
-42,-99,-68,61,-7,-79,51,28,-29,-52,-96,-84
-27,-99,-69,66,5,-66,49,49,-18,-41,-74,-36
-20,-84,-32,46,15,-69,55,29,-29,-73,-75,-67
-23,-74,-59,54,29,-71,33,36,-16,-55,-56,-51
-55,-79,-50,60,22,-43,49,44,-24,-63,-61,-54
-31,-86,-50,41,22,-53,23,13,-4,-63,-76,-59
-18,-68,-66,66,6,-85,38,55,-3,-53,-70,-49
-33,-61,-42,33,6,-57,63,22,-41,-67,-53,-68
-33,-57,-52,40,-3,-39,35,26,-5,-62,-50,-40
-44,-70,-46,57,14,-30,44,27,-29,-77,-67,-42
-8,-73,-49,35,16,-55,32,11,-4,-42,-46,-55
-17,-39,-39,56,4,-76,52,34,-14,-35,-52,-41
-3,-69,-36,13,9,-70,37,19,-7,-42,-66,-37
-10,-43,-22,29,12,-44,28,-5,-5,-30,-86,-35
-19,-58,-38,14,1,-61,32,29,-6,-39,-35,-37
-21,-53,-16,48,6,-64,37,32,-17,-75,-5,-35
-10,-22,-14,27,17,-55,23,21,-20,-34,-47,-43
-17,-51,-13,18,11,-18,23,-1,-3,-21,-25,-22
-2,-35,-36,38,-1,-26,10,8,-36,-55,-17,-33
-4,-28,-21,21,5,-47,22,9,-11,7,-38,-28
-24,-49,-18,23,10,-44,25,10,-21,-18,-10,-3
-3,-12,-14,6,8,-28,11,20,-4,-39,-25,-16
-3,-18,-10,13,0,-18,5,-1,9,-11,-18,-9
-14,-18,-24,-8,1,-18,-10,3,-19,-16,-35,-6
-10,-25,-17,16,-6,-11,23,-2,9,-6,-21,-1
-17,-7,-13,7,-12,-11,-4,-6,13,-23,-13,18
5,0,-5,10,11,-19,-6,7,-3,5,16,3
-14,-11,15,-7,30,1,6,13,14,-6,-4,10
-25,15,9,12,13,32,-5,-3,23,18,-2,11
-20,10,18,-16,-17,29,-7,9,16,22,32,-4
8,38,4,-4,-15,15,-26,-16,5,17,9,23
20,52,42,-7,3,20,-14,10,18,12,47,6
18,34,20,-17,-8,24,-37,-15,-3,29,47,39
26,52,46,-40,-10,39,-14,-14,19,18,47,58
10,70,42,-33,-9,36,-30,-25,14,27,63,38
22,69,46,-38,-16,46,-33,-28,7,48,50,54
35,84,44,-39,-14,43,-44,-31,16,59,59,53
19,74,57,-81,-13,53,-41,-23,8,61,69,57
9,80,77,-50,-19,76,-39,-35,29,74,88,74
50,81,53,-68,-12,75,-48,-29,38,67,88,61
37,127,52,-51,-24,91,-50,-63,37,62,85,84
24,95,82,-67,-20,90,-61,-50,26,94,99,90
35,123,72,-96,-30,113,-83,-32,47,107,99,107
47,136,101,-82,-42,111,-86,-46,43,100,105,90
67,145,104,-106,-37,137,-82,-66,56,107,136,92
52,149,123,-94,-20,117,-96,-53,34,98,128,96
62,148,98,-122,-27,138,-83,-59,62,101,141,130
61,152,103,-113,-18,168,-107,-66,68,138,162,124
58,187,95,-110,-33,139,-94,-54,48,119,172,110
43,193,117,-134,-25,166,-86,-79,74,139,165,128
77,196,106,-118,-40,154,-106,-81,53,150,164,133
56,215,126,-149,-34,189,-125,-83,75,165,169,140
69,226,128,-149,-35,171,-122,-76,82,172,191,156
91,196,150,-147,-34,196,-142,-96,50,134,182,173
90,224,166,-160,-1,198,-134,-82,55,158,231,149
102,257,143,-167,-44,197,-163,-114,77,184,212,164
98,254,157,-176,-38,202,-150,-101,80,176,205,172
77,240,174,-172,-42,204,-163,-98,62,194,216,176
85,251,169,-152,-41,233,-132,-113,100,189,250,192
98,272,172,-205,-53,221,-123,-109,81,210,260,202
87,280,191,-182,-43,234,-130,-131,90,203,250,183
86,279,184,-184,-45,239,-155,-119,62,222,263,209
108,277,191,-186,-36,243,-137,-103,96,213,277,202
92,294,175,-214,-24,252,-157,-115,94,229,253,207
99,315,201,-226,-37,256,-169,-134,77,194,281,222
123,300,204,-202,-36,274,-156,-134,106,246,264,201
113,290,226,-213,-32,269,-165,-133,78,244,282,213
117,313,213,-212,-57,267,-149,-100,127,245,272,201
105,312,203,-221,-44,273,-178,-129,84,241,291,234
113,309,220,-224,-43,253,-186,-130,88,248,272,233
117,328,225,-205,-63,256,-179,-146,88,256,295,220
104,313,202,-227,-53,267,-178,-123,109,239,295,225
108,316,193,-218,-28,287,-176,-134,88,248,308,242
116,317,202,-217,-37,271,-174,-130,103,221,287,218
119,332,210,-229,-55,266,-198,-133,104,241,264,232
104,321,204,-220,-53,264,-173,-119,93,235,289,226
123,314,220,-215,-34,278,-178,-122,107,246,294,232
105,338,216,-191,-17,247,-161,-104,83,232,274,206
123,305,189,-225,-41,270,-178,-105,92,248,291,252
98,297,221,-201,-23,244,-139,-120,99,232,281,201
129,307,213,-205,-56,283,-174,-95,96,220,282,240
113,299,192,-220,-58,260,-154,-121,93,223,258,208
109,296,196,-202,-54,245,-170,-91,96,223,295,197
96,254,195,-190,-22,230,-184,-118,95,197,262,223
94,285,194,-186,-57,219,-131,-116,76,225,265,201
115,285,183,-187,-43,227,-126,-111,107,204,253,180
107,280,192,-186,-22,222,-138,-92,65,223,247,197
88,287,202,-182,-36,236,-132,-98,91,187,241,200
94,258,157,-185,-23,226,-155,-123,69,209,227,189
86,258,170,-173,-32,206,-125,-106,81,222,241,165
96,239,149,-175,-37,214,-137,-91,53,172,211,169
104,200,152,-151,-23,203,-122,-89,64,171,228,141
79,243,147,-155,-16,179,-139,-79,69,178,200,162
50,231,137,-165,-24,179,-99,-86,35,176,180,142
59,201,139,-146,-56,184,-136,-89,81,173,179,130
82,193,137,-124,-28,152,-105,-74,47,149,171,132
89,191,125,-141,-35,179,-89,-75,57,136,176,121
76,190,103,-137,-21,162,-98,-71,56,135,144,95
87,161,103,-104,-27,132,-83,-92,52,144,151,98
74,155,104,-123,-44,134,-94,-71,37,96,138,109
32,137,107,-105,-22,142,-61,-77,42,120,148,111
49,125,100,-98,-46,150,-96,-65,42,104,120,102
53,121,97,-97,-10,106,-79,-56,36,82,140,94
43,116,81,-83,-25,110,-81,-31,29,76,106,81
43,121,88,-75,-26,94,-62,-62,56,107,112,92
53,114,56,-76,2,69,-56,-45,20,73,86,66
41,108,70,-83,-31,72,-41,-44,19,79,87,71
22,85,70,-61,-8,81,-66,-2,17,70,73,57
20,81,50,-70,-15,48,-43,-46,43,70,83,36
23,65,35,-41,-14,57,-49,-11,25,52,79,60
27,70,31,-53,11,67,-27,-16,21,67,76,44
36,56,41,-49,-9,43,-38,-12,24,58,28,36
17,34,28,-21,-38,33,-21,-21,26,43,56,26
27,26,19,-33,-31,23,-26,-9,16,27,47,17
22,29,20,-32,3,40,-15,0,12,18,28,24
4,33,33,3,-5,-14,-27,-19,-6,22,27,10
17,19,10,12,-21,19,-7,-4,5,21,2,-7
9,14,26,-7,-24,-9,9,-12,9,14,-7,-4
-5,27,14,-17,-4,8,-9,-11,-9,2,-13,-12
2,3,10,7,2,-21,-1,0,-4,-15,-7,-3
-6,2,-28,-9,-11,-8,2,12,-12,-35,2,3
-8,6,-14,6,10,-21,-8,4,-9,-27,-4,-21
9,-17,1,36,13,-12,4,8,5,-10,-25,-11
-11,-18,-15,-8,-15,-15,10,12,-3,-21,-15,-30
-11,-32,-36,21,-1,-38,3,15,4,-21,-23,-21
-18,-25,-29,22,23,-49,37,41,16,-28,-32,-28
-15,-10,-32,19,14,-41,-1,-10,-12,-17,-35,-9
-26,-43,-37,21,20,-30,24,14,-18,-22,-35,-30
-23,-38,-31,33,-15,-38,17,38,-37,-56,-42,-37
-20,-58,-34,21,20,-60,26,6,-27,-21,-56,-1
-15,-42,-33,20,13,-52,35,16,-20,-35,-36,-21
-21,-46,-14,44,-6,-46,46,22,1,-43,-60,-59
-12,-69,-31,27,-1,-37,27,19,-13,-57,-35,-34
-37,-50,-15,28,-11,-45,29,38,-16,-38,-31,-43
-11,-66,-58,54,15,-67,37,21,-22,-35,-72,-43
-24,-64,-46,49,7,-56,45,35,-32,-49,-64,-57
-39,-71,-36,26,4,-67,28,36,-8,-44,-50,-57
-36,-78,-36,64,-6,-52,44,7,-22,-47,-93,-85
-40,-56,-50,69,6,-60,49,16,-14,-52,-76,-69
-39,-72,-56,48,21,-40,43,35,-22,-76,-66,-47
-27,-89,-51,49,25,-77,24,30,-51,-43,-79,-45
-17,-85,-35,59,4,-69,51,27,-5,-37,-68,-33
-33,-74,-59,52,-11,-83,25,20,-15,-63,-79,-48
-22,-77,-57,54,16,-74,61,17,-29,-65,-64,-70
-16,-71,-42,54,10,-66,52,9,-7,-70,-76,-69
-16,-80,-75,51,17,-61,35,38,-27,-56,-70,-61
-4,-78,-39,57,25,-60,31,40,-25,-71,-82,-64
-7,-86,-57,71,41,-64,39,29,-18,-47,-89,-58
5,-72,-52,58,40,-62,61,38,-13,-73,-74,-50
-39,-79,-67,71,31,-61,41,21,-35,-80,-76,-64
-26,-84,-62,62,9,-62,44,28,-28,-50,-93,-74
-40,-77,-64,67,15,-74,46,22,-19,-50,-81,-42
-37,-92,-57,70,10,-87,33,50,-32,-67,-71,-66
-38,-77,-46,42,15,-67,54,31,-34,-84,-51,-54
-37,-66,-37,52,0,-64,38,49,-33,-52,-70,-53
7,-98,-47,25,2,-60,33,15,-12,-65,-67,-66
-7,-80,-48,57,10,-60,53,39,-15,-66,-62,-57
-28,-101,-61,61,12,-64,49,35,-32,-68,-91,-50
-56,-89,-63,57,-4,-72,16,49,-34,-63,-62,-34
-43,-78,-41,41,17,-72,20,40,-22,-49,-82,-56
-35,-85,-43,51,8,-63,65,37,-22,-53,-59,-42
-43,-82,-40,43,-4,-71,65,21,-31,-48,-59,-72
-17,-84,-53,48,19,-66,54,45,-38,-57,-73,-57
-12,-93,-41,55,21,-101,60,45,-53,-54,-74,-72
-26,-82,-43,55,30,-70,34,43,-23,-45,-70,-66
-33,-83,-50,59,14,-67,48,38,-15,-54,-69,-52
-23,-60,-71,51,-10,-76,33,26,-19,-49,-67,-49
-6,-83,-55,37,7,-59,45,16,-24,-28,-89,-36
-43,-62,-46,63,2,-71,25,45,-8,-57,-61,-59
-4,-75,-48,41,12,-64,45,32,-17,-40,-81,-30
-30,-73,-44,56,-8,-54,40,40,-15,-47,-58,-59
-17,-74,-57,67,15,-52,39,25,-9,-66,-56,-50
-46,-70,-40,73,26,-55,56,44,-38,-70,-67,-51
-23,-56,-39,59,-21,-49,15,30,-38,-65,-69,-46
-2,-77,-47,61,3,-82,40,8,-40,-38,-65,-35
-13,-66,-57,72,3,-82,48,22,-35,-64,-64,-66
-15,-87,-66,47,3,-80,41,47,-24,-49,-70,-42
-40,-51,-70,44,5,-38,29,16,-18,-89,-58,-52
-22,-66,-57,79,-15,-43,36,28,-17,-57,-48,-67
-4,-62,-45,52,-9,-66,33,47,-26,-53,-63,-38
-29,-82,-55,20,12,-67,16,43,-29,-55,-54,-63
-26,-70,-67,50,18,-52,31,65,-29,-56,-83,-53
-18,-74,-53,53,14,-56,40,45,-31,-47,-69,-49
-16,-51,-39,32,17,-51,75,35,-31,-39,-57,-45
-27,-49,-32,48,48,-57,54,45,-30,-93,-71,-48
-5,-85,-57,27,11,-50,48,18,-23,-40,-63,-48
-18,-79,-42,61,13,-59,36,33,-29,-59,-68,-47
-4,-77,-47,41,24,-54,20,30,-31,-48,-71,-55
-5,-59,-51,56,16,-69,29,15,-6,-64,-75,-42
-31,-50,-44,66,18,-34,38,9,-13,-54,-70,-41
6,-67,-33,32,32,-64,36,14,-21,-38,-25,-39
-18,-82,-52,31,14,-70,44,25,-7,-54,-57,-33
-22,-68,-81,34,15,-66,36,26,-21,-39,-62,-56
-26,-68,-31,43,0,-37,38,23,-14,-46,-66,-31
-32,-71,-22,23,10,-53,39,30,-28,-28,-55,-49
-39,-61,-35,29,16,-66,22,28,-20,-67,-55,-31
-24,-60,-38,29,15,-47,50,31,-30,-43,-48,-26
-30,-54,-22,45,18,-39,26,28,-25,-51,-60,-53
-15,-66,-35,49,3,-34,41,21,-21,-61,-68,-40
-20,-71,-48,16,24,-38,18,22,-23,-35,-59,-53
-38,-53,-43,32,4,-49,36,23,2,-57,-43,-57
-27,-38,-5,34,-6,-41,45,23,-24,-40,-58,-30
-50,-34,-24,49,2,-49,44,41,-12,-45,-56,-48
-21,-44,-31,45,-3,-31,20,23,-30,-45,-32,-41
-14,-46,-34,40,20,-33,37,18,-10,-35,-33,-28
-24,-46,-36,34,2,-27,20,28,-19,-50,-45,-16
-4,-55,-30,6,14,-39,32,32,-9,-29,-55,-40
-6,-34,-3,20,-4,-31,7,28,-7,-40,-61,-16
-22,-50,-38,2,-4,-22,36,2,-28,-38,-21,-26
-22,-12,-18,18,1,-32,34,32,-11,-7,-19,-41
-2,-12,-31,42,18,-23,14,3,10,-19,-16,-29
5,-36,2,18,-2,-20,25,8,13,-31,-2,-26
-34,-29,-8,21,22,-29,26,12,-27,-8,-17,-17
-14,-16,-8,15,17,-6,-9,18,-7,-8,-45,-17
-27,12,-15,4,-7,-12,-11,-7,-1,-26,-8,-14
-12,-17,-18,11,-5,-12,20,-8,-19,-4,-3,22
13,-4,15,19,15,7,-4,-17,9,-10,-13,9
8,17,-2,-10,-4,9,2,11,13,27,31,13
6,22,-9,-12,-31,-15,-4,-14,22,15,17,13
-1,39,8,-6,6,21,-11,-9,-9,11,34,31
26,13,29,-11,-1,22,-26,-35,17,3,20,13
11,27,39,-13,-14,15,-32,-16,6,35,36,39
5,47,43,-18,-18,56,-43,-32,-3,8,42,45
-3,51,23,-31,7,58,-23,-38,18,46,72,36
36,84,57,-59,-12,61,-45,-4,10,58,76,56
14,83,54,-69,-8,68,-28,-35,5,33,68,39
34,74,49,-51,-5,70,-38,-55,4,69,74,50
38,99,59,-54,-16,57,-44,-8,30,67,101,66
39,114,61,-73,-35,98,-67,-34,30,83,91,66
36,136,72,-55,-1,94,-72,-51,44,79,88,67
48,121,80,-89,-15,104,-59,-51,38,76,112,73
59,128,86,-83,-9,117,-85,-42,24,109,107,63
70,118,100,-90,-22,119,-73,-44,52,91,117,96
36,153,73,-92,-2,111,-79,-48,21,119,149,99
50,135,92,-99,-9,127,-84,-74,46,117,108,111
47,174,112,-104,-36,126,-77,-91,64,130,138,121
57,161,123,-127,-27,147,-92,-59,54,121,137,91
52,177,129,-94,-29,142,-82,-70,42,126,171,115
58,180,110,-120,-48,163,-93,-86,66,133,171,132
72,179,125,-140,-11,148,-76,-62,38,130,146,150
83,198,143,-121,-37,174,-110,-65,64,157,182,125
65,178,114,-143,-46,160,-112,-90,39,130,188,132
69,187,130,-127,-28,144,-135,-70,47,152,179,135
49,208,127,-113,-39,171,-103,-61,56,150,174,144
66,193,143,-130,-45,173,-108,-82,62,161,201,134
76,193,132,-148,-52,176,-105,-88,55,149,163,122
69,212,148,-124,-27,167,-118,-86,69,132,186,172
82,201,105,-124,-53,156,-121,-90,37,137,211,154
63,211,152,-141,-41,160,-92,-105,45,128,181,133
65,200,141,-146,-23,170,-119,-77,61,135,184,154
73,187,120,-130,-21,159,-107,-78,88,150,179,147
67,205,128,-152,-29,180,-98,-69,45,155,174,111
89,171,137,-127,-13,173,-93,-73,45,113,160,110
63,185,96,-124,-18,145,-95,-91,45,135,172,102
56,169,103,-118,-21,131,-102,-68,66,129,149,113
55,175,98,-111,-37,139,-93,-68,46,119,157,119
38,157,85,-125,-6,122,-79,-45,67,131,154,102
78,157,112,-126,-27,134,-83,-56,57,119,117,120
67,143,116,-93,-43,126,-75,-48,48,94,115,105
68,120,92,-110,-14,99,-67,-56,51,93,124,79
38,128,81,-85,-26,106,-47,-23,17,87,127,108
37,102,82,-76,-34,107,-61,-57,36,79,96,95
30,85,42,-65,-44,75,-57,-62,30,60,80,80
36,79,50,-51,-31,76,-40,-48,36,92,94,57
35,79,73,-58,0,79,-51,-11,21,76,70,47
32,60,71,-44,-28,71,-57,-47,10,56,87,61
14,63,60,-45,-12,78,-34,-49,34,52,55,39
19,38,26,-33,-22,44,-34,-22,15,33,53,30
17,58,43,-33,-14,44,-17,-13,0,72,58,35
19,49,23,-10,-15,33,-23,-5,-6,57,32,48
13,36,27,-25,17,36,-29,-23,8,24,31,42
6,14,13,-11,-11,29,-22,-25,20,43,44,11
18,38,25,-8,5,11,-12,4,-4,26,22,13
13,9,23,8,1,23,-6,13,-3,13,3,6
9,-7,5,-21,-20,20,-11,-13,3,16,12,-3
-1,-22,-4,4,-3,-27,22,13,12,-21,-5,-7
16,-5,-16,10,16,-17,-6,-4,4,-13,-28,-22
-12,8,-3,-25,-1,-4,26,-14,-20,7,-16,4
1,-30,-32,0,-8,-5,7,3,-9,-25,22,-18
-3,-2,-1,4,-3,-5,14,6,17,-10,21,3
13,-13,-25,7,4,-15,7,2,-14,-23,-36,-5
14,-6,11,28,-1,-12,7,8,13,-18,-3,-19
-17,-4,-18,29,-16,-21,23,9,-43,6,-37,-28
-6,-30,-24,17,2,-8,17,2,7,-12,-38,-6
6,-37,-18,21,19,-37,3,20,-23,-20,-12,-3
-10,-30,-35,17,4,-13,5,14,8,-35,-56,-36
-17,-47,-11,50,13,-25,27,3,-9,-54,-68,-20
-26,-21,-31,42,31,-26,14,7,-21,-57,-22,-18
-36,-65,-53,39,3,-54,28,33,-15,-44,-56,-54
-24,-67,-45,55,10,-60,39,29,-17,-40,-55,-48
-30,-93,-51,47,14,-61,41,22,-27,-76,-68,-63
-26,-72,-62,79,4,-86,48,61,-22,-59,-86,-63
-35,-100,-58,83,0,-66,48,46,-9,-103,-104,-79
-31,-130,-87,76,1,-75,66,58,-37,-85,-102,-78
-59,-132,-93,90,17,-101,66,51,-48,-90,-116,-85
-56,-131,-95,98,23,-139,86,45,-60,-88,-144,-90
-61,-142,-77,125,30,-128,100,59,-51,-127,-143,-76
-76,-165,-114,109,42,-147,90,69,-60,-129,-134,-105
-53,-173,-101,113,39,-173,85,73,-52,-127,-166,-126
-70,-179,-122,138,2,-156,129,64,-58,-123,-136,-135
-58,-202,-117,116,30,-161,109,79,-79,-153,-194,-170
-56,-214,-121,153,23,-170,103,81,-54,-145,-208,-157
-84,-232,-152,130,36,-185,109,99,-52,-154,-233,-160
-77,-226,-127,143,23,-163,129,72,-57,-148,-212,-145
-72,-224,-117,153,41,-138,127,76,-57,-151,-189,-124
-49,-198,-124,120,26,-139,97,58,-52,-150,-147,-121
-40,-144,-98,97,27,-126,66,70,-62,-127,-134,-87
-29,-79,-61,72,22,-81,77,41,-19,-85,-83,-56
-20,-53,-28,17,24,-36,24,34,-16,-28,-50,-50
-3,-3,13,-2,-13,24,-1,-10,2,12,-4,4
12,92,73,-75,-21,98,-51,-41,41,59,93,63
65,163,110,-121,-11,132,-106,-51,33,139,154,141
79,275,171,-184,-47,214,-151,-94,71,198,255,189
127,395,256,-256,-58,340,-214,-147,127,259,350,279
161,479,323,-315,-84,388,-268,-180,153,334,423,325
213,592,384,-389,-85,485,-301,-233,169,435,537,402
234,712,427,-461,-100,574,-385,-268,214,496,647,463
290,805,518,-522,-135,656,-407,-322,256,603,713,558
292,896,544,-607,-125,704,-461,-353,261,625,765,614
320,926,623,-641,-143,782,-507,-368,297,706,820,642
356,989,632,-657,-137,793,-517,-383,296,749,870,659
339,1002,626,-670,-144,830,-553,-370,310,729,890,678
343,998,655,-666,-157,811,-541,-385,299,737,893,689
357,929,628,-653,-154,810,-512,-390,311,708,849,655
316,894,580,-612,-155,742,-483,-359,285,665,812,638
285,823,552,-537,-118,685,-484,-308,238,632,733,573
252,727,460,-504,-100,617,-398,-308,193,548,648,495
216,643,429,-410,-108,544,-336,-260,215,472,559,453
179,520,329,-328,-79,420,-271,-204,146,381,479,361
135,419,285,-247,-67,334,-209,-172,108,304,363,272
110,301,196,-212,-65,235,-142,-127,87,219,253,218
48,167,112,-107,-13,158,-102,-67,43,108,179,132
29,77,38,-49,-24,64,-46,-45,29,47,63,50
1,-15,-7,18,2,-10,8,-5,1,4,-40,-6
-59,-82,-47,63,18,-67,82,36,-17,-65,-103,-60
-54,-163,-119,121,26,-111,84,53,-52,-126,-133,-100
-82,-199,-140,148,51,-187,120,78,-58,-169,-181,-156
-88,-262,-171,156,4,-203,149,88,-65,-190,-236,-189
-112,-277,-178,172,20,-230,159,125,-93,-212,-256,-205
-76,-314,-187,199,35,-245,169,126,-81,-244,-266,-234
-103,-294,-190,221,39,-249,156,128,-101,-242,-296,-213
-106,-293,-221,179,31,-253,167,112,-73,-234,-257,-182
-114,-293,-163,195,55,-257,164,104,-78,-225,-256,-200
-98,-263,-184,190,55,-243,162,109,-82,-203,-240,-206
-109,-251,-158,179,27,-215,131,110,-74,-174,-228,-179
-78,-226,-138,169,36,-197,122,70,-76,-184,-202,-174
-91,-200,-124,166,26,-206,119,91,-63,-153,-201,-126
-68,-178,-142,112,47,-152,96,74,-54,-144,-179,-127
-62,-165,-115,143,30,-162,81,58,-59,-116,-161,-134
-66,-175,-96,93,22,-102,84,55,-55,-103,-138,-113
-48,-111,-96,77,18,-110,46,48,-28,-122,-123,-93
-50,-116,-71,94,24,-111,62,48,-31,-76,-95,-71
-32,-106,-67,58,22,-96,62,35,-32,-78,-73,-71
-2,-90,-68,34,30,-72,59,40,-44,-70,-78,-81
-42,-40,-51,49,7,-58,37,30,-18,-76,-63,-52
-40,-61,-30,53,3,-57,41,31,-19,-42,-63,-54
-8,-57,-34,63,12,-65,34,15,-38,-37,-40,-54
-3,-46,-42,54,9,-54,18,23,-18,-36,-66,-24
-19,-75,-25,44,8,-54,57,30,-28,-34,-40,-31
-29,-54,-44,13,14,-36,19,17,0,-28,-56,-10
-32,-50,-22,30,11,-45,19,18,-32,-65,-38,-20
-9,-55,-34,29,11,-22,10,31,-5,-47,-39,-26
8,-32,-7,16,-2,-43,26,22,-14,-41,-63,-35
-31,-27,-24,27,33,-18,34,35,-16,-42,-31,-26
-18,-23,-19,21,7,-26,-2,19,-6,-31,-35,-14
-30,-39,-17,15,1,-12,27,19,7,-10,-41,-26
-11,-28,-19,12,-1,-14,0,2,-19,-19,-13,-15
0,-17,-22,15,23,-21,13,5,-23,0,-9,-8
3,-42,-4,22,5,2,10,19,-9,-17,-13,4
-18,-13,-23,-7,0,-18,8,11,-19,-20,-26,-21
6,-11,-8,-6,-20,-7,13,9,-17,-6,-16,-25
-22,3,-14,5,13,1,-1,12,-4,-6,-5,-10
-1,-24,-5,-3,-1,5,-9,21,-2,-5,-26,-5
-1,4,-1,-10,13,7,-13,15,-19,-19,9,-23
-6,-16,-13,9,16,13,3,-27,-14,-12,1,10
14,3,13,-1,-8,-3,-14,-1,-2,-5,5,-14
21,-6,13,-22,-10,19,4,-18,11,-2,10,-16
-21,8,1,9,-18,16,1,-5,11,34,15,-17
-3,15,13,-4,-30,21,-16,2,-26,21,17,-12
8,12,33,3,-15,23,-8,-24,28,50,16,32
20,61,16,-1,-24,39,-18,-32,14,-4,28,17
27,28,4,-22,-7,38,-30,7,13,19,31,37
29,29,14,-26,1,28,-18,-9,15,39,16,49
27,35,24,-42,-15,47,-14,-22,0,45,48,36
9,58,44,-54,-10,51,-45,-24,10,40,39,37
23,41,24,-30,-6,50,-34,-34,23,62,75,41
11,81,38,-55,11,69,-39,-53,33,51,51,69
28,51,81,-54,14,56,-40,-39,28,70,77,58
47,86,64,-23,-15,68,-36,-46,19,69,52,50
45,102,44,-53,3,71,-45,-55,63,67,84,55
37,113,86,-90,17,85,-53,-45,25,81,104,63
47,100,85,-53,-32,102,-47,-71,36,94,103,66
41,150,103,-89,-18,110,-37,-55,54,102,119,81
59,141,91,-87,-13,133,-48,-43,20,96,105,66
53,124,85,-72,-12,100,-65,-63,19,119,120,90
19,162,95,-85,-12,122,-69,-47,52,110,120,101
47,136,91,-112,-39,131,-82,-57,41,99,133,111
56,167,101,-137,-15,112,-78,-55,74,123,161,116
57,165,123,-101,-23,166,-88,-73,22,133,154,109
75,168,97,-116,-23,161,-92,-52,41,131,164,137
61,164,121,-122,-39,172,-93,-77,61,130,158,161
65,199,115,-126,-26,164,-109,-80,79,142,212,148
72,208,128,-143,-40,142,-100,-82,69,167,186,141
99,229,139,-161,-43,172,-120,-85,60,168,207,157
80,215,151,-145,-1,185,-126,-101,60,182,198,159
59,248,173,-172,-35,210,-155,-114,71,171,222,163
82,259,158,-157,-38,219,-124,-90,85,179,222,165
76,242,175,-165,-40,221,-146,-87,64,219,234,181
113,267,171,-166,-54,231,-150,-99,90,202,236,185
90,288,194,-193,-59,222,-158,-120,76,199,250,212
97,296,185,-172,-61,258,-154,-104,80,198,261,208
103,290,193,-186,-61,247,-152,-122,100,215,264,216
116,305,166,-224,-26,248,-166,-106,100,239,297,219
88,332,201,-218,-17,251,-176,-124,91,227,283,239
97,293,210,-237,-57,258,-176,-122,99,232,269,234
113,303,213,-207,-59,243,-162,-125,100,262,284,213
115,324,214,-213,-51,286,-184,-128,93,256,306,235
120,317,206,-231,-40,259,-168,-129,93,240,303,245
124,322,234,-236,-47,291,-201,-131,84,248,294,236
102,352,207,-223,-47,293,-198,-165,95,273,314,250
139,347,228,-231,-49,302,-197,-122,114,270,318,266
124,356,231,-264,-36,312,-187,-129,99,260,346,256
110,372,249,-263,-73,308,-208,-173,118,278,319,264
125,364,249,-260,-61,291,-195,-150,113,288,324,259
123,368,264,-262,-56,306,-200,-137,118,282,355,269
135,349,239,-258,-60,298,-235,-153,93,281,347,259
131,376,254,-255,-65,312,-216,-165,89,274,312,235
130,372,251,-228,-42,319,-226,-160,117,301,339,245
129,398,239,-250,-61,325,-227,-162,119,280,358,277
143,379,251,-257,-56,304,-187,-124,110,274,336,267
142,380,245,-236,-67,314,-216,-164,110,294,350,261
142,394,263,-256,-54,319,-233,-161,92,260,335,253
131,370,237,-218,-36,305,-201,-129,106,252,322,271
126,373,261,-258,-36,303,-197,-136,121,286,352,273
107,365,225,-250,-44,335,-202,-140,123,280,352,271
134,373,252,-228,-53,297,-220,-153,108,270,342,275
110,379,234,-245,-65,304,-222,-144,111,267,324,254
125,354,242,-242,-60,303,-207,-159,111,250,293,255
132,339,241,-265,-56,288,-199,-126,112,262,322,242
130,372,225,-237,-74,264,-174,-142,107,249,319,212
120,347,195,-231,-64,281,-166,-148,83,274,317,229
117,325,210,-236,-45,273,-210,-126,114,262,281,248
131,325,201,-252,-39,296,-176,-133,91,245,299,258
105,301,231,-234,-47,258,-183,-147,110,240,284,241
127,336,203,-228,-50,267,-169,-100,110,247,299,229
111,304,202,-204,-51,242,-171,-126,108,249,283,202
103,285,192,-197,-63,256,-182,-115,90,235,264,225
98,285,177,-186,-47,230,-146,-125,106,218,268,201
87,290,180,-197,-26,243,-144,-102,85,222,257,179
108,281,170,-181,-51,222,-141,-134,91,222,241,193
101,258,180,-191,-43,220,-135,-118,69,196,255,180
94,259,167,-191,-38,203,-125,-121,90,178,252,177
75,245,138,-161,-45,173,-121,-107,83,198,220,161
114,217,146,-154,-12,198,-136,-103,71,201,206,166
84,229,140,-147,-46,198,-122,-106,76,156,221,173
73,235,145,-164,-16,178,-110,-86,51,172,193,155
68,203,150,-127,-37,178,-113,-62,56,168,179,135
74,187,142,-127,-15,153,-99,-84,58,127,177,146
70,214,126,-105,-26,171,-97,-70,47,146,175,143
60,173,114,-113,-38,144,-102,-76,58,124,155,117
75,152,103,-129,-39,129,-102,-63,41,127,163,99
73,160,115,-106,-11,137,-90,-48,48,115,162,102
53,136,108,-107,-11,126,-60,-53,39,114,116,100
45,148,81,-110,-7,111,-65,-56,38,102,125,99
46,142,90,-77,-6,128,-74,-47,37,105,116,91
56,113,87,-69,-23,109,-53,-38,38,103,115,96
32,126,67,-61,-26,86,-55,-65,31,95,109,81
39,118,69,-69,-26,108,-59,-46,45,75,93,74
55,93,64,-62,-19,77,-62,-41,29,73,91,69
48,87,49,-64,-20,68,-64,-52,16,64,73,52
21,71,79,-54,-2,54,-43,-21,29,67,77,50
38,53,39,-30,-16,63,-59,-32,38,67,64,46
41,71,45,-41,-10,71,-23,-18,17,77,50,53
41,60,34,-43,0,66,-15,-25,22,35,79,39
38,36,23,-39,-5,32,-30,-30,11,30,37,44
6,40,37,-49,-9,42,-32,-19,20,45,57,49
27,53,40,-39,12,37,-43,-31,14,16,40,28
27,36,33,-17,1,15,-32,-2,13,21,29,18
3,44,18,-39,2,26,-22,-2,24,28,18,24
15,16,17,-10,13,29,-24,-17,17,28,12,19
22,16,28,-13,-9,19,-21,15,5,16,8,7
25,23,0,-5,0,6,-9,-20,7,12,11,23
19,21,31,0,13,20,-15,-10,17,24,19,-8
-13,16,3,-3,-6,-1,8,-2,-3,18,-20,17
15,3,-2,2,11,1,2,-7,-4,3,9,-6
16,-4,7,18,-3,-4,14,8,7,5,-7,10
5,4,-17,-4,-1,-18,11,-2,7,-9,-5,-4
7,-41,-7,4,14,-6,-9,7,-28,-3,-14,5
-5,10,-14,20,13,-8,10,22,-22,-10,-12,-4
7,-26,9,3,11,-16,11,11,-8,-14,5,8
13,-30,-8,21,-13,-25,13,10,-10,-4,-44,-14
-22,-18,-29,22,7,-20,9,-1,-15,-14,-13,7
15,-18,3,15,18,-15,12,9,-17,2,-25,-23
-31,-29,-16,21,22,-23,30,31,7,-13,-10,-37
-18,-26,-4,50,7,-10,20,30,-3,3,-11,-27
-17,-38,-15,8,1,-11,8,16,-14,-32,-14,-27
-4,-26,3,37,-6,-18,26,21,-16,-39,-37,-12
-4,-19,-13,14,12,-23,-6,-1,-23,-11,-29,-7
8,-28,-27,18,18,-10,21,9,-7,-31,-24,-36
-5,-37,-9,9,6,-24,21,25,-10,-22,-29,2
-1,-27,-9,24,13,-40,23,29,-18,-50,-37,-26
-25,-43,-18,14,8,-1,22,18,-6,-9,-14,-22
-41,-3,-8,40,-5,-35,16,10,-1,-47,-38,-33
-26,-41,-38,26,-6,-38,0,-14,-25,-10,-51,-33
-20,-35,-3,20,10,-22,24,1,3,-34,-29,-29
-24,-47,-43,-2,4,-47,10,20,-9,-29,-44,-32
-12,-28,-14,27,-13,-39,23,-1,-4,-32,-27,-14
-21,-49,-14,27,15,-19,35,-2,-15,-45,-19,-20
-4,-32,-30,41,6,-19,5,15,-15,-32,-38,0
-11,-44,-32,30,7,-41,11,43,-2,-22,-40,-33
-12,-28,-11,42,-6,-20,20,9,-21,-26,-29,-27
-4,-58,-44,23,0,-17,9,38,-12,-34,-23,-27
-4,-29,-18,27,-5,-40,18,-3,-16,-25,-54,-52
-9,-32,-18,4,0,-34,11,8,1,-29,-26,-16
-3,-39,-28,20,6,-26,11,19,-6,-20,-17,-32
-25,-42,-14,32,-7,-39,21,-4,-16,-23,-8,-35
0,-52,-23,36,-17,-46,38,3,-14,-44,-54,-40
-16,-30,-30,26,13,-39,13,0,6,-13,-22,-34
-35,-23,-7,25,18,-7,12,4,-19,-17,-29,-2
-2,-47,-29,33,-4,-44,43,18,-6,-28,-52,-21
-19,-35,-13,2,-5,-45,14,2,-23,-22,-37,-30
-15,-39,-17,30,-7,-52,29,17,-15,-28,-50,-31
-26,-40,-10,33,-16,-22,26,7,-18,-39,-29,-10
-22,-37,-17,32,-2,-30,40,0,-16,-39,-35,-35
-17,-32,-43,8,0,-14,-7,27,-8,-46,-26,-15
-11,-18,-10,14,7,-12,35,31,-19,-53,-17,-26
-22,-34,-28,45,19,-48,13,11,-4,-15,-45,-10
-15,-45,-27,44,5,-31,39,32,-3,-30,-33,-6
6,-17,-34,21,-7,-18,15,6,-8,-17,-44,-36
-8,-37,-11,32,-12,-41,6,16,-5,-18,-9,-21
3,-33,-22,15,-8,-39,25,27,2,-20,-35,-37
-24,-26,-20,6,8,-33,18,23,-13,-44,-18,-4
-20,-42,-33,21,-5,-25,44,27,-12,-8,-27,-33
-15,-33,-13,52,4,-35,9,14,-20,1,-18,-33
-18,-3,-19,44,-6,-28,28,15,5,-4,-44,-19
-16,-19,-20,31,13,-25,36,-1,7,-9,-44,-13
-18,-32,7,43,36,-33,23,16,1,-38,-48,-23
-30,-17,-32,24,26,-31,23,12,3,-20,-13,2
-14,-31,-28,31,19,-5,23,11,-12,-18,-15,-27
-37,-28,-17,10,9,-16,15,14,1,-12,-8,-26
3,-23,-23,23,20,-25,10,34,10,-2,-31,2
-18,-23,-14,-1,7,-26,16,5,-12,-15,-10,-35
-14,3,-14,10,26,-14,40,31,-10,2,-18,-21
-23,-28,-4,18,4,-23,13,9,-22,-27,-23,-28
-13,-37,-30,20,-12,-27,20,26,0,-24,-17,-8
-25,-41,-37,13,-9,-23,22,-3,-17,-7,-2,-13
-9,-26,9,20,21,-33,-7,6,14,-28,0,-28
-24,-28,11,22,17,-21,26,5,0,-8,-29,-17
-9,-33,-12,5,14,-8,13,15,5,-17,-25,-44
-10,-31,-22,32,2,-6,-8,33,0,-13,-22,0
-23,-35,-8,-3,-8,-11,13,1,-17,-44,-38,-30
11,-25,-14,23,6,-19,41,1,-2,-32,-34,-7
-16,-24,0,13,0,-18,6,7,2,-29,-13,-6
-18,-19,-19,22,4,1,34,12,-9,-4,-21,-15
-7,-11,0,7,7,-25,14,19,10,-16,-34,-5
-18,-4,-26,-10,2,-10,15,17,-11,-12,-17,-8
-10,-22,-15,26,9,4,26,-5,13,-19,-12,8
-8,-27,-19,16,9,-28,17,7,-31,-3,1,-10
-6,-1,-4,11,1,-15,34,-22,-19,-41,-9,-8
-12,4,-8,20,-7,-9,8,11,-7,-18,-29,0
-3,12,-1,22,-2,-13,8,10,0,13,-11,-9
2,-7,-12,10,5,-5,-10,-11,0,-9,5,-3
-19,-9,-17,-6,3,-10,-2,1,-18,2,-21,6
-13,21,13,-7,-2,6,0,-1,3,0,-13,-18
-14,19,-17,-2,0,-6,-5,-11,-1,-1,4,19
11,15,10,-7,0,25,13,8,23,21,0,5
11,-8,3,-21,-6,12,-4,-9,7,-5,9,15
-4,22,5,-3,11,31,-24,-13,-17,15,15,22
14,32,11,-11,-5,22,15,-26,5,23,25,6
16,35,7,-13,3,17,0,-3,5,7,1,8
-4,44,35,0,-17,35,-29,3,12,28,14,8
23,48,2,-20,9,28,-29,-26,28,7,30,35
3,49,-9,-11,-2,31,-7,-8,34,48,30,27
24,70,55,-26,-15,47,-32,-13,26,35,55,11
18,54,50,-44,-6,38,-18,-30,12,36,63,39
30,60,46,-40,-18,51,-36,-29,13,47,59,42
47,75,65,-55,-28,58,-65,-36,43,38,64,67
26,93,60,-53,-3,64,-30,-27,30,86,82,52
4,97,65,-49,-8,82,-46,-31,22,86,81,58
36,107,67,-82,-24,79,-52,-68,41,68,84,78
22,105,59,-79,-28,79,-84,-44,38,74,108,60
58,116,83,-84,-4,91,-73,-36,22,82,118,78
61,146,76,-58,-13,123,-73,-60,30,100,124,82
66,153,90,-90,-10,122,-66,-54,49,115,143,86
76,155,118,-101,-33,115,-75,-54,34,90,129,104
52,154,86,-102,-12,127,-87,-49,56,118,143,92
72,160,104,-114,-35,114,-89,-69,47,120,135,123
67,148,96,-138,-29,140,-99,-67,41,111,176,102
58,176,131,-132,-19,140,-103,-60,67,158,165,126
55,194,126,-130,-43,166,-107,-71,67,136,179,136
70,199,125,-159,-26,184,-135,-93,63,151,195,152
81,215,135,-175,-23,188,-134,-73,37,136,186,147
76,225,130,-137,-21,178,-121,-102,53,152,204,168
94,220,155,-152,-25,181,-141,-98,62,169,207,160
79,221,118,-145,-40,184,-133,-93,72,204,200,174
79,221,166,-178,-28,193,-144,-89,54,180,221,182
87,245,160,-174,-28,206,-122,-90,71,171,215,172
81,257,154,-191,-60,197,-123,-98,74,219,217,156
95,274,160,-147,-25,206,-148,-121,63,185,231,187
97,253,154,-179,-37,217,-136,-118,77,190,239,166
64,255,164,-190,-32,213,-134,-110,79,203,234,175
83,261,172,-178,-47,218,-156,-87,105,215,225,169
116,258,193,-176,-39,216,-129,-147,83,210,231,180
123,282,170,-180,-54,214,-146,-95,65,191,244,175
72,232,165,-182,-33,229,-170,-90,75,189,230,176
111,253,164,-144,-33,203,-146,-109,71,194,232,181
78,241,166,-163,-52,205,-136,-86,86,187,231,162
85,257,167,-197,-30,218,-140,-121,64,183,202,177
84,250,159,-152,-28,209,-128,-106,71,179,193,172
49,239,163,-161,-26,190,-116,-87,75,186,219,156
79,235,158,-157,-37,191,-125,-95,74,196,212,188
77,224,108,-143,-25,197,-106,-89,99,173,199,135
85,203,141,-157,-12,183,-115,-97,56,166,192,162
82,206,128,-151,-46,156,-127,-107,80,173,191,156
54,188,121,-135,-38,154,-106,-101,61,152,177,106
71,187,115,-116,-45,155,-89,-65,64,132,169,134
70,194,135,-150,-34,152,-102,-59,51,115,142,121
73,156,101,-121,-32,124,-80,-59,35,158,155,146
28,156,107,-129,-47,129,-109,-75,57,115,153,91
31,162,88,-108,-39,129,-79,-55,26,114,141,111
34,156,93,-104,-31,94,-103,-59,52,103,141,101
46,131,82,-107,-24,115,-65,-54,51,106,114,100
43,111,71,-69,-14,90,-52,-38,36,89,116,89
24,115,78,-81,-4,92,-39,-31,17,85,118,58
29,106,53,-77,-32,91,-45,-34,9,69,105,78
52,83,49,-65,-26,75,-49,-42,21,62,66,69
9,66,69,-76,-21,68,-58,-56,46,48,72,61
44,66,29,-46,-4,67,-51,-33,6,42,60,54
20,62,42,-45,-22,56,-43,-28,7,49,66,42
12,49,63,-34,-13,64,-25,-27,17,58,74,36
9,46,23,-30,-8,44,-33,-29,18,45,32,47
28,34,34,-30,0,55,-48,-26,11,17,49,17
4,43,9,-42,-11,53,-36,-14,-2,35,33,35
32,54,25,-35,-21,31,-9,-12,33,33,47,9
24,47,26,-35,16,52,-10,-46,17,38,25,3
7,19,43,-19,-5,18,3,-8,10,20,25,26
2,28,9,-20,0,20,-23,-25,9,20,37,18
17,21,16,-20,-5,25,-15,11,22,28,40,11
14,27,24,-6,1,30,-2,-2,12,28,5,30
10,4,25,-4,-3,3,-4,-8,-10,13,17,15
19,16,6,-5,-21,4,6,-2,0,13,3,21
-3,13,19,-2,-8,18,-39,8,-8,0,17,21
-13,11,7,-10,-7,-12,-15,-7,8,13,-3,18
4,19,21,9,-3,-1,-3,-24,-1,11,5,-2
16,-20,17,-2,17,2,12,-1,-4,-35,18,-19
8,-6,-15,-1,6,-8,10,-6,-5,-6,0,-7
-3,-32,-10,-8,0,-5,-1,0,-10,-39,-14,-22
-9,-7,-11,21,13,-41,-6,22,-9,-33,-26,-33
-17,-45,-54,75,38,-31,12,14,-14,-10,-29,-28
-11,-61,-35,33,10,-33,14,23,-13,-38,-36,-30
-15,-67,-47,12,-1,-64,18,38,-17,-57,-44,-33
-29,-63,-42,53,33,-64,38,23,-19,-48,-72,-47
-24,-99,-65,73,14,-74,57,4,-10,-94,-67,-57
-31,-105,-57,83,32,-86,45,41,-27,-62,-84,-74
-44,-133,-81,75,10,-80,59,52,-60,-82,-105,-100
-67,-128,-81,89,14,-114,68,70,-28,-101,-122,-87
-49,-137,-119,93,23,-116,78,55,-27,-98,-115,-110
-53,-160,-111,93,36,-131,65,64,-31,-103,-160,-107
-43,-167,-103,90,34,-140,75,35,-37,-113,-162,-84
-62,-158,-102,98,20,-93,88,72,-55,-103,-149,-74
-35,-101,-84,85,23,-126,79,35,-25,-75,-110,-88
-40,-100,-115,74,0,-73,65,35,-20,-88,-106,-93
-31,-92,-40,57,24,-55,51,22,-27,-73,-85,-45
-3,-37,-36,30,12,-27,32,30,-14,-43,-29,-34
0,-12,7,-24,-13,14,-17,-19,10,26,15,4
44,64,33,-50,2,51,-41,-60,9,42,91,31
67,175,110,-117,-21,138,-71,-59,47,116,126,101
54,239,163,-178,-15,202,-144,-84,49,192,224,169
134,335,235,-230,-55,278,-189,-132,111,267,292,219
145,454,278,-279,-60,360,-244,-175,138,327,411,293
194,545,362,-362,-90,459,-305,-232,167,398,504,370
241,662,422,-440,-93,556,-372,-239,205,481,596,453
258,739,486,-512,-119,622,-400,-320,216,555,690,529
290,832,527,-584,-85,725,-475,-366,247,640,752,603
335,928,597,-652,-140,767,-507,-379,284,687,837,642
322,993,635,-681,-160,809,-548,-402,305,739,872,690
362,1034,654,-682,-159,845,-563,-416,308,777,916,715
387,1052,673,-724,-148,852,-557,-424,311,768,941,731
349,1021,645,-713,-155,867,-568,-419,331,765,903,734
333,1008,643,-675,-153,834,-574,-413,296,764,886,702
347,967,589,-647,-137,765,-526,-362,284,726,863,631
293,890,568,-586,-135,721,-463,-346,260,632,774,617
298,762,509,-531,-121,636,-414,-311,223,584,681,561
214,666,422,-459,-118,551,-378,-266,193,492,592,475
197,557,339,-386,-89,447,-304,-242,164,426,497,400
153,448,285,-307,-61,374,-249,-189,123,325,386,313
120,315,210,-228,-47,236,-168,-130,93,247,290,242
85,234,136,-150,-45,195,-117,-91,64,176,216,145
21,105,74,-62,-38,104,-67,-63,15,99,128,75
9,40,18,-34,-21,37,-9,-25,13,31,21,24
-16,-40,-14,12,14,-29,7,37,2,-39,-44,-33
-29,-114,-63,74,15,-75,40,30,-31,-88,-94,-53
-57,-161,-101,96,25,-108,81,48,-60,-123,-131,-116
-52,-181,-140,157,32,-153,121,56,-52,-159,-164,-118
-76,-220,-134,147,50,-162,135,69,-70,-140,-184,-134
-83,-218,-152,146,36,-177,126,63,-64,-194,-196,-139
-72,-215,-132,172,45,-180,121,87,-61,-146,-207,-154
-76,-231,-148,150,22,-193,118,102,-72,-146,-184,-163
-63,-203,-123,123,9,-148,123,71,-60,-173,-188,-150
-53,-192,-128,123,13,-156,99,82,-37,-149,-156,-125
-66,-174,-115,126,24,-148,81,49,-48,-141,-164,-113
-45,-141,-99,98,30,-123,79,71,-56,-128,-143,-87
-37,-125,-97,106,3,-81,60,66,-28,-88,-102,-89
-41,-112,-73,64,44,-73,56,43,-41,-76,-96,-70
-42,-109,-40,28,17,-77,37,34,-24,-56,-89,-72
-4,-70,-45,42,13,-53,25,18,-3,-46,-57,-41
-3,-45,-9,39,-3,-34,16,12,4,-29,-26,-29
3,-39,-12,19,20,-9,12,3,-2,-3,-30,-29
-11,-8,-2,33,-4,-12,12,17,-23,-2,-48,-11
-14,-17,-6,-8,4,-2,-9,-10,-11,-5,-30,0
-2,19,-12,14,10,8,18,10,10,3,-1,-3
-2,13,20,-9,-3,-6,-9,9,10,9,9,26
-9,27,11,1,-4,21,-4,-2,25,-4,2,29
14,-2,6,-10,23,3,0,-23,11,6,5,2
8,32,25,-8,-14,-13,-21,25,20,11,9,24
16,12,15,-32,-11,8,-15,-15,5,18,46,-4
3,37,24,-22,-19,24,-22,8,-1,3,37,14
19,22,29,-31,-6,19,-21,-15,31,11,19,24
0,50,11,-19,-3,42,-20,-5,19,21,51,26
38,41,32,-13,-5,22,-9,-24,15,13,29,28
-7,36,21,-18,-9,35,-28,-2,19,34,13,27
12,38,31,-27,-20,41,-17,-36,4,51,26,46
22,43,14,-28,-5,29,-46,-4,16,34,51,35
-2,52,35,-35,-26,38,-12,-23,5,53,43,43
13,58,35,-32,-33,57,-35,-29,31,54,38,44
26,59,37,-63,-3,46,-8,-48,-1,60,55,61
16,55,41,-38,-23,49,-53,-31,31,54,51,51
22,51,23,-41,-4,35,-48,-18,3,51,49,45
17,66,60,-49,-12,80,-46,-31,32,79,50,60
12,89,41,-47,-7,76,-46,-40,28,52,40,70
50,67,50,-40,-14,75,-50,-21,54,41,79,41
50,68,70,-47,-11,73,-37,-29,36,76,63,52
23,98,68,-69,-4,58,-57,-27,40,83,66,67
38,74,78,-83,-36,85,-47,-30,43,60,83,78
23,97,49,-74,-23,87,-53,-41,30,73,87,77
21,122,53,-69,-17,102,-65,-41,39,91,103,74
47,129,74,-83,-13,93,-54,-43,20,86,107,73
58,118,83,-73,-27,114,-82,-75,46,84,106,68
36,114,95,-79,-31,86,-70,-28,41,93,100,91
44,137,83,-79,-17,110,-64,-70,17,117,126,103
30,133,103,-93,-9,120,-75,-55,35,102,116,107
39,147,107,-96,-21,120,-87,-51,28,126,137,97
51,150,91,-119,-8,144,-102,-63,64,84,130,111
52,179,91,-107,-31,143,-88,-53,31,110,146,111
61,200,108,-113,-21,157,-77,-66,40,135,169,127
73,179,118,-144,-18,149,-102,-78,35,129,151,117
50,207,122,-123,-45,157,-99,-81,57,135,142,123
59,184,141,-115,-32,195,-123,-69,61,144,172,157
96,208,126,-149,-16,161,-107,-81,49,155,185,151
77,200,138,-143,-23,186,-119,-99,62,170,188,145
79,232,147,-150,-29,176,-109,-86,53,173,207,161
83,208,147,-153,-23,185,-124,-88,78,186,216,167
74,244,174,-171,-41,191,-122,-92,78,174,214,170
117,275,178,-170,-37,199,-135,-92,95,190,228,170
106,253,196,-177,-53,217,-123,-105,74,195,234,198
95,284,171,-187,-39,254,-158,-109,81,210,242,190
109,278,174,-177,-51,240,-136,-105,99,201,258,189
108,282,172,-201,-33,252,-168,-114,67,221,229,211
107,321,197,-213,-50,253,-165,-131,92,226,263,220
113,307,188,-199,-44,237,-172,-116,114,215,283,231
105,321,207,-238,-66,265,-153,-131,77,236,285,245
123,325,209,-229,-46,297,-174,-125,94,234,272,230
111,355,213,-217,-71,293,-199,-133,108,257,294,248
109,336,224,-229,-51,295,-200,-149,107,261,310,251
135,350,256,-236,-60,290,-213,-146,105,251,344,238
121,346,238,-251,-54,308,-189,-155,117,265,325,258
146,371,233,-270,-56,308,-215,-168,102,282,322,261
141,345,245,-245,-58,315,-223,-155,122,296,330,248
102,392,258,-283,-57,321,-211,-155,121,266,345,281
137,404,240,-270,-37,333,-231,-146,133,289,362,255
147,405,259,-267,-37,323,-211,-161,122,297,353,304
147,400,266,-288,-53,343,-231,-172,132,309,362,286
147,413,268,-286,-48,357,-243,-162,130,302,363,269
153,434,271,-296,-68,332,-233,-157,118,299,386,275
153,400,277,-275,-57,352,-223,-164,130,322,381,289
144,428,278,-301,-55,359,-233,-173,119,317,398,305
150,444,285,-298,-67,343,-222,-178,121,338,391,305
138,437,286,-297,-67,386,-224,-185,138,319,392,289
140,443,283,-302,-55,353,-241,-179,145,326,383,297
150,428,285,-310,-74,350,-256,-163,122,339,407,324
156,444,300,-294,-57,370,-208,-157,153,318,409,307
167,414,312,-306,-53,382,-248,-180,134,332,369,320
168,436,285,-284,-41,367,-271,-158,128,339,395,305
153,434,284,-297,-51,364,-230,-198,142,330,398,317
158,451,279,-298,-54,347,-242,-183,155,345,412,314
148,436,293,-319,-41,367,-254,-172,119,318,382,304
166,466,299,-284,-77,373,-252,-193,144,346,416,316
159,418,266,-313,-42,378,-243,-194,148,321,376,302
135,408,283,-304,-65,367,-231,-179,121,346,392,305
142,444,268,-261,-63,355,-246,-172,109,331,390,290
144,428,282,-272,-53,352,-225,-136,141,312,364,314
155,411,285,-280,-69,343,-226,-188,122,318,395,320
131,433,260,-274,-55,335,-238,-164,145,321,346,308
156,402,258,-280,-73,336,-232,-165,115,304,371,283
148,400,244,-259,-92,327,-227,-163,125,304,365,269
149,390,269,-282,-66,327,-220,-153,100,294,361,297
147,395,267,-270,-58,338,-216,-168,113,296,355,265
157,393,249,-281,-60,311,-178,-156,113,298,339,258
98,365,254,-259,-77,317,-191,-174,121,299,327,265
134,357,231,-224,-90,293,-217,-140,130,263,325,242
116,342,239,-243,-66,289,-206,-158,129,270,301,253
114,371,219,-241,-38,296,-180,-119,113,253,300,234
125,331,226,-218,-56,291,-186,-138,126,257,301,248
126,333,222,-233,-63,270,-180,-125,94,263,314,230
92,310,199,-225,-49,265,-181,-108,101,251,283,231
117,274,221,-200,-49,256,-182,-146,84,237,265,203
88,317,186,-208,-65,271,-177,-127,104,236,269,228
101,296,197,-208,-48,234,-144,-114,69,231,254,203
83,282,168,-202,-23,253,-149,-125,85,221,262,209
104,274,172,-201,-35,234,-154,-114,96,209,245,202
82,293,177,-174,-40,224,-155,-109,87,197,247,170
89,240,142,-186,-39,181,-133,-90,64,195,268,198
71,249,148,-157,-24,209,-132,-89,86,191,220,172
74,222,166,-178,-35,205,-148,-101,68,167,218,168
107,223,122,-185,-25,188,-126,-87,66,182,203,177
68,237,142,-149,-51,189,-121,-112,54,155,213,160
79,202,142,-137,-33,174,-116,-66,74,145,205,125
82,197,131,-144,-43,159,-123,-91,77,156,186,136
66,208,130,-152,-28,153,-107,-63,53,145,179,153
45,177,136,-132,-8,161,-108,-72,67,148,165,101
56,174,127,-102,-35,153,-108,-87,72,143,172,110
60,178,118,-114,-35,124,-88,-74,41,115,140,116
28,163,110,-95,-18,119,-108,-71,50,111,150,113
56,146,61,-88,-30,129,-86,-47,49,110,148,91
45,124,92,-97,-21,140,-93,-64,27,134,149,95
29,153,99,-85,-12,92,-81,-61,25,94,121,135
33,129,104,-93,-24,83,-41,-22,32,87,121,103
42,132,79,-85,-30,95,-59,-41,57,94,116,81
45,117,95,-95,-21,91,-52,-39,38,87,102,85
53,125,58,-74,13,102,-55,-34,35,115,71,69
30,114,78,-82,-22,105,-72,-41,33,90,100,76
52,98,70,-66,-2,100,-57,-29,26,61,93,68
38,103,57,-59,-20,76,-45,-30,16,89,112,74
35,91,59,-50,-25,74,-64,-38,31,83,84,52
17,96,47,-49,-3,87,-26,-27,36,61,84,68
9,78,46,-45,3,66,-60,-33,16,68,79,55
22,81,42,-53,-28,61,-31,-38,8,79,93,56
22,75,53,-60,-17,31,-43,-55,29,71,75,51
6,63,40,-36,-15,32,-38,-36,21,57,67,51
20,45,34,-50,-19,77,-51,-40,12,58,75,39
32,36,38,-59,-14,47,-13,-16,1,47,21,49
26,48,55,-26,-19,62,-43,-26,35,49,75,48
13,59,33,-31,-3,44,-6,-22,16,56,50,24
-1,61,41,-30,-5,47,-31,-17,4,38,60,33
14,60,16,-53,-3,38,-30,-8,14,68,69,21
3,39,14,-34,-12,30,-49,-21,2,50,31,40
5,46,36,-22,-13,23,-3,-17,-4,38,44,25
27,57,18,-38,-9,43,-30,-12,22,40,42,20
3,57,20,-12,-25,46,-35,-18,-2,41,39,25
15,46,43,-36,-7,35,-21,-36,20,13,51,8
13,31,29,-31,-1,33,-46,-15,6,36,41,11
28,38,35,-19,-19,23,-26,-14,12,44,26,13
2,48,19,-34,-39,30,-29,2,8,17,39,6
17,38,14,-25,-6,36,-3,-31,17,36,37,15
8,49,17,-25,-21,21,-14,10,19,38,17,11
-6,44,23,-22,-5,26,-18,0,5,26,17,14
4,30,14,-26,-13,24,-45,-22,14,20,38,19
12,26,12,-30,-11,39,-1,-22,11,22,60,10
12,42,23,-26,-3,30,-24,11,-3,35,28,36
15,28,26,-39,-9,17,3,-17,-9,30,8,24
-8,37,28,-43,-9,30,-35,-6,19,49,27,17
-8,42,12,-26,11,15,-22,-28,6,36,33,-4
-9,24,27,-6,-9,36,-18,-8,-12,41,19,20
12,32,9,-9,-20,19,-23,-13,35,27,9,29
6,7,28,-14,2,11,-40,1,-4,30,24,40
35,38,26,1,-8,47,-10,-5,4,46,21,23
10,7,-1,-25,-13,10,2,-19,-7,24,33,34
21,54,22,-25,-8,31,-9,-18,19,23,13,18
-4,48,11,-11,3,34,-6,-25,9,10,19,16
7,25,44,-47,-1,16,-13,-25,4,44,18,24
25,36,25,-16,-13,21,-13,-13,3,21,21,45
19,28,19,-33,-22,40,-26,6,20,1,49,36
3,16,9,-27,0,24,-12,-29,-12,13,24,9
9,3,32,-20,4,25,-2,-14,3,18,25,25
2,36,49,-29,3,4,-17,-23,6,26,34,27
7,34,7,-32,3,27,-11,-15,0,15,16,30
7,47,-8,-10,11,34,-22,-20,-6,30,20,23
-13,33,14,-15,-9,28,-7,0,0,29,31,28
9,29,27,-27,-7,25,-5,-6,8,38,39,27
12,31,14,-5,6,9,-27,-17,3,28,20,-3
5,41,46,-17,18,11,-19,-10,8,12,30,27
1,48,16,-19,8,13,-11,-12,1,29,19,25
17,15,33,-10,-15,15,-15,-8,0,13,25,17
1,28,11,-42,6,39,-28,2,-13,25,31,7
-6,41,28,-36,5,30,-33,-2,12,-7,35,22
-8,28,24,-6,-17,22,4,14,18,21,46,33
21,31,2,-12,-28,15,-19,-26,-5,39,29,15
8,21,7,-17,22,7,-22,-25,3,26,14,25
18,19,22,-18,-11,41,3,-16,8,6,42,12
10,40,17,-11,-8,17,-19,-22,13,25,37,18
3,29,17,-8,-5,32,-33,-8,8,9,39,15
18,47,1,-20,-20,11,-1,1,-2,49,4,27
1,16,27,-40,16,31,-12,-10,7,21,9,26
10,25,10,-33,-9,3,-25,-4,23,6,45,-1
-4,30,10,-14,2,24,-6,-17,4,12,16,28
12,23,16,-19,18,18,-25,-6,0,19,27,-1
22,16,9,-5,4,45,-20,-23,12,30,-2,37
-13,13,18,-18,-13,30,-30,-33,-10,31,18,33
13,12,12,-10,10,25,-20,-33,10,36,22,31
13,14,30,-12,-3,28,-35,-36,30,16,30,39
30,26,20,-25,0,28,-1,-2,10,4,33,1
15,29,26,10,15,17,-5,-3,-7,41,25,18
4,5,14,-16,-13,18,-25,-6,-24,11,3,37
7,22,31,-6,-23,33,1,-19,0,34,19,36
17,49,24,-16,-4,19,-20,-3,14,-6,35,31
-6,11,23,-10,0,23,-4,-6,2,17,11,35
10,40,33,-16,-4,18,-3,-2,-12,15,29,29
16,38,-1,1,-13,34,-17,-2,-15,28,36,22
-4,46,28,-32,-32,43,-41,-16,30,14,24,40
-5,25,19,-15,-17,39,-38,-8,23,27,28,25
1,62,24,-41,16,30,-9,1,22,38,33,53
28,46,32,-36,-25,43,-34,-7,6,25,21,43
23,52,14,2,10,15,-18,-12,4,44,42,31
29,26,52,-41,7,25,-26,-10,12,36,18,46
2,54,30,-46,-14,39,-16,-25,6,46,65,33
15,35,36,-20,-6,63,-28,-26,20,37,49,11
25,64,29,-27,-8,37,-27,-7,7,37,38,42
11,35,37,-39,-4,58,-24,-40,14,15,58,26
21,61,28,-35,-8,28,-40,-36,26,21,43,32
14,44,67,-44,-18,27,-37,-35,4,58,60,51
19,59,64,-45,-13,64,-55,-11,35,49,57,63
32,97,42,-66,-13,53,-38,-23,18,66,76,65
11,60,50,-68,-13,62,-43,-23,19,68,52,55
9,69,53,-49,-9,84,-36,-28,37,57,103,55
22,89,57,-72,10,65,-44,-21,22,62,77,84
18,108,84,-83,-47,76,-69,-43,27,60,76,79
45,94,69,-58,-25,86,-63,-37,32,69,81,69
48,93,75,-77,4,102,-81,-61,56,82,94,63
28,98,75,-75,-23,100,-81,-41,20,92,119,100
45,132,89,-100,-10,115,-89,-69,31,100,137,105
48,156,102,-91,-27,124,-73,-43,45,102,142,103
59,126,72,-107,-20,123,-70,-50,33,99,138,102
60,136,104,-123,-22,123,-94,-82,33,103,148,93
64,175,102,-112,-30,127,-83,-81,50,125,160,101
79,153,110,-119,-52,127,-83,-84,68,122,143,100
69,207,101,-126,-30,137,-113,-64,69,151,175,120
74,175,115,-135,-15,151,-103,-99,41,147,190,140
50,193,115,-129,-43,171,-104,-81,56,165,211,136
84,196,136,-149,-21,164,-131,-58,71,164,212,141
74,204,144,-165,-25,201,-133,-97,73,190,195,166
71,232,160,-153,-35,208,-139,-104,75,183,223,148
79,238,165,-181,-14,207,-124,-100,73,165,221,164
82,252,198,-157,-46,218,-118,-80,81,181,231,173
105,267,165,-178,-20,204,-164,-104,75,193,237,189
65,255,171,-165,-50,215,-137,-94,88,233,240,187
95,280,160,-190,-30,233,-137,-113,89,213,245,189
105,260,169,-188,-44,235,-158,-109,87,217,227,191
107,284,177,-176,-54,236,-165,-98,93,222,262,208
105,269,180,-192,-32,239,-169,-99,66,230,244,198
109,295,212,-210,-55,232,-154,-122,78,231,247,185
97,285,199,-201,-33,236,-154,-105,91,227,259,212
139,297,174,-185,-34,243,-161,-106,89,225,275,186
89,308,182,-206,-54,239,-167,-126,102,224,244,213
115,288,182,-194,-41,237,-143,-101,91,219,266,202
101,302,207,-187,-48,255,-186,-117,81,241,252,210
107,283,182,-206,-19,235,-151,-113,77,232,265,218
96,309,170,-186,-42,241,-150,-135,78,233,264,196
82,284,159,-191,-51,222,-144,-92,83,201,250,208
107,288,175,-181,-30,217,-170,-144,110,214,274,193
77,298,171,-183,-41,231,-165,-128,75,178,241,181
105,275,166,-187,-55,202,-157,-99,98,200,235,199
86,262,210,-187,-46,199,-139,-89,75,190,230,183
89,247,176,-176,-47,203,-150,-87,65,197,235,167
90,242,164,-187,-5,200,-135,-96,82,178,240,160
85,237,164,-150,-43,190,-130,-117,63,171,225,166
79,233,150,-137,-31,177,-91,-67,72,195,188,163
63,200,134,-143,-37,187,-106,-88,76,135,199,147
81,206,142,-149,-26,157,-105,-75,57,139,186,139
46,212,144,-141,-24,174,-90,-98,90,121,169,123
65,199,125,-129,-33,129,-116,-75,33,130,187,129
70,161,126,-127,-34,142,-103,-84,63,149,158,144
59,169,114,-119,-21,147,-101,-64,52,138,172,121
53,143,105,-113,-26,138,-76,-84,28,102,133,109
68,157,106,-100,5,128,-89,-69,47,117,120,92
53,126,94,-105,-8,105,-71,-48,36,93,127,102
56,138,78,-71,-30,123,-53,-42,43,86,120,83
44,118,70,-89,-8,108,-80,-54,62,81,111,92
68,130,81,-70,-8,103,-64,-37,45,89,102,92
53,103,68,-70,-13,92,-63,-40,33,81,96,55
52,85,68,-102,-25,91,-63,-52,23,84,101,56
36,102,62,-85,-26,83,-73,-43,32,68,86,71
35,71,75,-56,-14,76,-55,-48,40,62,56,49
21,100,71,-49,-5,64,-28,-38,9,73,81,58
49,96,58,-40,-8,74,-25,-42,11,35,75,72
51,70,54,-58,3,62,-42,-35,20,57,67,50
18,61,54,-56,-2,60,-54,-34,32,67,83,51
30,65,46,-61,8,57,-38,-42,23,32,64,32
12,63,43,-55,-5,65,-17,-11,2,58,86,33
12,55,29,-33,3,51,-42,-38,12,62,46,28
0,47,22,-39,-9,56,-27,-21,0,33,58,27
3,35,11,-36,1,64,-33,-21,34,43,47,42
28,46,35,-28,-14,24,-16,-6,4,36,42,26
1,46,31,-27,-17,50,-14,-29,14,25,28,41
10,39,37,5,16,30,-25,-20,12,13,23,23
23,14,18,-21,-33,24,-31,-17,35,24,40,24
13,32,22,-22,2,31,-27,-13,10,27,24,37
-3,11,16,3,-3,4,-13,-13,-4,17,28,-8
34,14,-8,7,1,21,-3,9,2,1,16,20
-23,-19,2,-1,-3,-4,1,15,-2,4,-13,-15
3,-16,-1,23,6,-15,-4,-2,-26,1,-5,-7
-8,-33,-26,39,5,-24,13,20,11,-28,-46,-17
-10,-45,-13,58,11,-33,22,21,-16,-27,-21,-36
-33,-67,-29,52,10,-39,21,26,-9,-51,-71,-41
-16,-51,-37,51,24,-63,45,42,-13,-53,-61,-59
-30,-77,-28,72,18,-75,57,39,-29,-88,-65,-70
-43,-114,-67,65,24,-110,43,43,-31,-79,-115,-67
-49,-108,-61,88,15,-102,61,44,-60,-88,-117,-82
-35,-129,-93,88,7,-104,79,68,-38,-112,-118,-84
-50,-135,-73,93,42,-104,56,33,-22,-90,-110,-69
-52,-123,-64,72,17,-79,97,39,-38,-84,-91,-76
-40,-79,-67,76,-17,-93,36,46,-21,-82,-79,-67
-40,-64,-46,50,-4,-60,28,55,-36,-66,-60,-50
-2,-28,-22,31,10,4,26,-7,-7,-16,-38,-34
10,17,30,-17,15,-1,-22,-32,12,18,42,20
27,98,55,-64,-18,84,-65,-34,34,61,91,36
68,173,101,-124,-36,131,-81,-76,39,125,155,131
104,220,165,-175,-46,217,-123,-114,71,176,207,175
96,342,208,-255,-31,280,-191,-145,99,226,300,235
159,439,293,-294,-55,360,-261,-198,126,315,396,311
184,531,337,-365,-68,444,-288,-220,148,408,465,385
197,622,427,-457,-105,527,-343,-261,211,488,570,443
268,761,489,-516,-122,610,-430,-288,242,572,696,512
281,866,528,-568,-139,709,-470,-332,245,620,763,594
335,930,614,-647,-146,754,-501,-367,296,694,830,663
364,995,642,-695,-150,835,-539,-386,317,748,903,694
369,1043,715,-715,-154,873,-563,-423,305,778,953,738
362,1095,703,-723,-147,889,-588,-424,309,798,960,753
372,1068,696,-723,-169,886,-587,-403,321,786,955,743
356,1043,667,-699,-175,872,-570,-429,334,759,941,688
356,971,635,-673,-142,790,-557,-385,301,743,877,691
317,884,614,-632,-150,763,-485,-346,275,701,809,648
299,797,534,-551,-139,688,-441,-332,248,632,759,557
253,696,447,-472,-111,597,-376,-278,185,524,640,511
234,617,387,-406,-88,492,-320,-257,201,438,549,425
183,479,314,-317,-59,400,-277,-207,134,377,423,318
125,365,225,-273,-33,309,-187,-150,107,293,336,274
104,272,163,-173,-37,225,-163,-98,76,205,234,169
56,164,116,-118,0,136,-77,-57,61,132,142,104
28,97,42,-85,-10,60,-30,-32,0,58,54,48
13,17,6,-18,19,17,-2,-7,1,7,3,-1
-35,-68,-35,46,5,-63,59,11,-18,-41,-57,-38
-45,-90,-71,76,23,-91,84,21,-40,-101,-99,-98
-66,-174,-94,104,13,-107,80,69,-53,-118,-125,-113
-56,-175,-108,105,28,-129,107,96,-73,-121,-167,-116
-63,-200,-118,133,29,-170,98,81,-40,-142,-152,-133
-55,-183,-115,122,38,-143,104,63,-36,-139,-187,-129
-67,-172,-121,128,23,-153,116,69,-61,-126,-146,-136
-63,-162,-105,124,30,-140,93,62,-82,-120,-167,-104
-72,-161,-84,96,20,-123,76,65,-54,-116,-127,-124
-55,-115,-96,99,25,-115,83,42,-37,-125,-112,-101
-40,-109,-59,80,16,-92,45,30,-27,-97,-89,-73
-46,-86,-62,70,24,-68,30,34,-2,-70,-105,-71
-39,-48,-50,53,14,-48,42,27,-6,-54,-34,-44
-14,-34,-29,33,21,-53,22,27,-2,-26,-38,-24
-25,-17,-11,-4,-6,-24,16,14,-12,-17,-25,-10
18,25,4,-13,-5,-3,-7,-15,6,0,-28,-13
30,-9,0,-22,15,26,-20,-5,-4,11,23,19
22,42,8,-8,3,19,-23,-15,36,22,26,9
16,18,24,-28,-6,34,-21,-19,-13,30,36,26
5,44,19,-37,-8,21,-10,8,12,25,32,13
8,43,11,-17,8,56,-30,-25,12,23,30,29
29,54,36,-39,-25,42,-20,-16,1,36,57,64
-12,46,38,-46,2,29,-23,-11,26,49,51,46
38,56,28,-40,-4,50,-22,-51,27,45,50,54
33,69,49,-29,-14,48,-52,-43,24,45,69,37
2,64,49,-40,13,41,-45,-34,24,48,49,67
-2,62,35,-74,12,74,-37,-31,16,50,53,53
16,73,49,-30,-20,56,-26,-48,14,66,82,39
15,95,74,-62,6,50,-65,-24,14,60,70,62
26,57,47,-58,-26,67,-37,-32,22,58,60,50
46,66,37,-77,-19,69,-33,-36,11,49,81,52
25,79,43,-47,-11,60,-40,-36,16,51,63,38
2,88,44,-35,-17,66,-39,-48,25,49,70,58
16,95,60,-47,-1,67,-36,-47,-2,74,75,76
44,64,55,-47,-37,93,-57,-42,37,73,75,57
20,87,44,-53,-25,77,-36,-28,21,82,84,74
21,103,70,-92,-17,73,-57,-50,38,83,90,59
35,103,49,-56,-13,106,-49,-48,38,77,95,53
45,108,54,-78,-11,63,-66,-34,28,69,69,68
36,106,69,-80,-25,96,-70,-15,40,69,57,83
41,118,80,-71,-15,102,-74,-43,31,79,123,83
65,99,64,-82,-8,85,-50,-29,57,85,108,90
38,142,95,-98,-33,107,-73,-69,28,118,118,81
32,144,72,-78,-42,96,-62,-59,43,82,90,92
46,139,83,-82,-11,127,-61,-61,55,93,115,92
41,132,101,-120,-30,106,-82,-53,30,106,115,100
45,155,109,-92,-12,125,-96,-52,30,118,125,110
35,139,86,-90,-34,141,-96,-55,62,111,122,102
54,160,96,-114,-49,137,-89,-70,68,113,139,137
41,163,99,-107,-3,148,-71,-71,54,123,159,120
57,164,131,-123,-31,135,-82,-65,60,113,149,110
69,179,118,-148,-42,137,-123,-73,51,131,164,136
74,199,116,-136,-35,156,-99,-77,58,130,165,125
51,186,136,-129,-10,149,-112,-51,60,162,182,114
58,211,134,-133,-46,166,-114,-47,66,149,179,145
55,233,129,-125,-14,192,-125,-92,69,174,194,148
77,213,153,-146,-39,188,-96,-84,78,179,211,163
65,235,164,-147,-34,188,-145,-88,62,165,218,186
73,242,160,-167,-11,197,-135,-81,59,194,201,185
88,226,160,-176,-33,194,-140,-114,88,186,205,175
66,255,192,-181,-28,209,-155,-94,84,176,223,178
105,250,166,-164,-50,213,-164,-92,83,197,240,188
86,281,178,-173,-36,222,-163,-104,93,204,244,199
117,295,173,-197,-46,250,-159,-113,83,191,264,206
113,291,201,-198,-63,223,-170,-106,79,215,270,208
114,299,180,-180,-55,257,-170,-94,83,223,280,207
105,303,208,-200,-37,243,-170,-121,84,222,280,200
125,323,193,-221,-40,272,-168,-136,83,260,305,245
121,341,217,-230,-57,262,-191,-124,130,237,306,218
94,338,225,-253,-55,281,-196,-136,107,253,304,235
