I,II,III,aVR,aVL,aVF,V1,V2,V3,V4,V5,V6
323,920,612,-633,-137,791,-544,-390,277,694,848,660
309,945,612,-632,-165,777,-522,-377,266,695,849,678
329,891,593,-629,-160,757,-499,-376,278,664,813,623
309,867,540,-566,-135,692,-459,-345,248,648,773,595
264,773,514,-530,-135,663,-411,-323,239,584,690,535
236,663,456,-475,-93,581,-379,-278,215,521,626,486
207,595,407,-410,-82,498,-315,-229,173,446,524,435
181,496,307,-340,-97,398,-286,-209,143,380,455,348
131,379,252,-285,-55,326,-210,-169,111,311,369,288
124,274,195,-200,-45,237,-160,-96,70,221,269,187
81,179,121,-122,-15,150,-91,-58,71,153,158,131
26,81,54,-71,-30,50,-69,-41,23,60,102,61
-7,-7,-12,-6,-17,25,2,3,2,-2,-9,6
-32,-45,-57,65,11,-79,61,26,-22,-62,-43,-24
-49,-155,-94,121,21,-138,70,67,-48,-93,-140,-128
-56,-225,-150,141,27,-192,98,104,-67,-142,-204,-140
-89,-254,-178,177,46,-205,159,103,-72,-197,-247,-152
-108,-306,-215,191,26,-248,164,137,-102,-240,-265,-210
-132,-348,-212,225,70,-276,185,128,-71,-277,-289,-206
-129,-359,-209,220,48,-282,201,128,-110,-254,-316,-240
-127,-377,-238,239,63,-276,196,152,-110,-269,-315,-255
-113,-362,-242,270,36,-293,203,148,-115,-257,-333,-242
-118,-360,-235,228,45,-292,192,120,-102,-257,-328,-263
-114,-309,-188,272,53,-301,171,127,-90,-250,-319,-241
-102,-332,-229,217,50,-264,195,138,-82,-242,-301,-233
-131,-294,-224,233,40,-256,175,97,-111,-229,-294,-223
-94,-288,-183,190,53,-256,170,109,-91,-210,-261,-207
-82,-247,-159,161,27,-224,140,98,-84,-174,-242,-165
-89,-228,-175,157,48,-204,150,95,-68,-183,-225,-154
-77,-217,-159,168,31,-163,118,63,-66,-127,-204,-156
-68,-199,-133,119,35,-161,123,72,-43,-151,-177,-154
-62,-176,-121,123,20,-170,105,71,-32,-135,-165,-144
-44,-170,-95,115,17,-145,97,54,-56,-114,-129,-126
-80,-150,-81,96,39,-143,99,44,-47,-113,-143,-97
-39,-103,-96,90,15,-85,73,71,-18,-90,-118,-92
-53,-144,-108,90,20,-117,54,45,-47,-111,-96,-52
-38,-129,-83,76,22,-69,57,56,-52,-104,-111,-91
-21,-112,-84,75,25,-93,32,66,-26,-91,-96,-89
-35,-103,-58,83,12,-91,64,49,-23,-77,-85,-97
-56,-110,-57,85,18,-97,63,52,-37,-54,-84,-76
-26,-112,-53,49,16,-88,52,44,-20,-82,-85,-93
-35,-91,-44,71,18,-82,43,56,-24,-72,-86,-73
-39,-95,-51,54,21,-86,31,55,-19,-76,-113,-53
-57,-105,-66,61,-9,-87,59,25,-55,-77,-76,-83
-29,-88,-77,64,25,-101,69,56,-41,-81,-69,-78
-36,-97,-54,61,3,-71,40,34,-22,-82,-84,-61
-26,-93,-52,55,2,-77,63,40,-20,-39,-88,-68
-23,-84,-54,63,33,-87,44,31,-12,-69,-65,-59
-17,-82,-56,65,38,-76,35,32,-34,-65,-55,-65
-39,-67,-59,68,21,-65,41,53,-16,-49,-58,-43
-20,-99,-69,66,7,-59,25,31,-3,-66,-90,-63
-46,-70,-48,36,21,-57,45,26,-40,-50,-52,-57
-33,-84,-54,74,13,-51,42,33,-41,-59,-62,-57
-13,-64,-41,63,6,-65,49,28,-14,-77,-53,-46
-3,-74,-48,73,25,-46,34,32,-28,-37,-80,-51
-26,-86,-36,39,8,-75,42,16,-20,-54,-59,-54
-34,-55,-36,44,13,-61,32,19,-26,-66,-68,-61
-32,-64,-28,70,26,-44,27,32,-10,-40,-66,-49
-31,-70,-41,45,-5,-58,33,39,-37,-59,-48,-30
-30,-52,-46,40,14,-40,38,15,-23,-55,-58,-22
-15,-41,-24,10,6,-40,26,19,-46,-29,-29,-33
-26,-59,-25,45,1,-38,28,25,-23,-45,-43,-26
-30,-45,-37,15,-2,-28,16,27,-10,-27,-38,-8
-2,-46,-31,19,-1,-41,34,28,-24,-28,-25,-6
-30,-56,-35,23,-4,-25,20,30,-21,-37,-10,-16
-23,-28,-25,14,6,-35,18,7,-5,-16,-20,-31
-14,-40,-15,20,-6,-22,30,-5,-5,-29,-42,-18
7,-20,-6,15,-4,-8,44,19,17,-14,-11,-31
7,-4,-8,10,17,-2,-12,-16,-19,-20,-2,-14
3,-16,-4,-6,4,20,-7,-1,-1,-2,-20,-19
3,3,-28,4,-10,-2,-3,12,0,-7,-6,-7
-9,10,-25,-13,-2,5,4,9,4,11,12,-21
-12,19,12,3,-19,9,8,-1,3,-24,10,-1
5,12,8,-16,-5,-7,-22,-25,4,22,12,7
29,6,11,-18,-9,-2,-9,3,13,17,12,46
-3,12,28,-26,1,31,-34,-29,17,15,47,21
23,36,52,-4,-18,-3,-20,1,8,51,34,27
9,38,14,-11,12,11,-30,-12,2,25,33,16
34,57,22,-41,-4,28,-33,-19,-1,54,44,26
21,41,49,-39,-17,52,-38,-9,0,41,53,27
46,68,43,-34,-33,65,-52,-41,24,43,60,57
30,96,26,-40,-14,62,-40,-36,37,36,41,57
26,83,62,-67,-7,86,-50,-13,9,54,80,70
47,104,66,-53,-30,81,-41,-49,18,54,72,54
44,92,65,-60,-2,78,-58,-36,16,80,72,84
39,114,63,-74,-17,78,-35,-40,31,70,79,81
46,115,100,-90,-7,99,-55,-46,45,91,104,87
35,141,84,-106,1,101,-71,-38,36,93,112,72
47,137,74,-109,-34,94,-80,-40,11,96,130,96
17,135,95,-91,-13,138,-76,-51,38,95,124,101
41,139,92,-104,-44,120,-84,-70,46,129,130,115
50,175,101,-116,-42,147,-76,-62,65,122,146,108
74,166,96,-143,-25,148,-101,-65,48,112,149,123
69,171,100,-121,-41,137,-93,-65,73,113,136,109
41,174,140,-117,-37,156,-103,-108,71,116,195,133
71,203,137,-122,-21,178,-93,-73,52,152,177,145
88,212,147,-144,-32,174,-112,-75,65,144,180,120
65,201,144,-139,-41,181,-114,-62,59,156,182,155
65,211,152,-150,-13,184,-104,-93,69,171,195,154
85,257,133,-152,-40,221,-119,-81,64,163,209,157
78,239,150,-181,-56,191,-139,-108,82,187,227,171
67,238,152,-163,-44,198,-136,-85,96,195,219,167
84,262,151,-158,-54,217,-142,-90,103,203,209,175
109,249,170,-172,-50,256,-154,-94,86,191,241,174
101,266,179,-168,-73,192,-159,-105,99,200,251,181
101,285,193,-187,-45,246,-149,-120,78,194,235,189
98,285,168,-161,-36,216,-151,-116,81,199,259,182
111,275,180,-222,-43,222,-146,-120,92,205,259,202
105,291,179,-202,-47,243,-151,-117,74,239,274,197
86,301,180,-193,-54,223,-176,-123,85,227,274,220
107,306,206,-211,-26,241,-155,-147,93,243,277,218
117,300,190,-204,-58,260,-177,-124,95,226,263,206
130,310,205,-204,-63,271,-177,-120,83,240,282,243
111,323,213,-208,-42,273,-165,-118,97,245,292,211
107,331,211,-218,-35,243,-197,-123,91,235,286,204
124,335,201,-214,-35,280,-188,-119,91,226,285,203
97,320,208,-228,-54,268,-183,-106,99,261,306,213
110,317,204,-216,-59,263,-182,-120,93,242,268,243
105,319,215,-218,-44,268,-192,-121,91,242,300,244
126,341,208,-243,-49,269,-179,-149,92,250,306,215
99,333,220,-212,-59,271,-203,-164,96,240,319,246
121,329,220,-233,-50,273,-188,-123,116,253,299,238
115,318,220,-221,-48,265,-162,-123,104,259,293,224
117,347,227,-226,-24,277,-194,-144,90,248,287,214
130,319,210,-218,-36,250,-185,-145,94,243,280,235
78,330,207,-211,-61,278,-191,-122,118,255,281,222
121,309,209,-203,-48,258,-171,-149,102,245,284,223
107,315,207,-208,-44,272,-183,-113,103,238,301,233
117,314,215,-210,-54,262,-169,-122,91,238,296,229
113,323,212,-237,-57,258,-181,-129,93,223,283,237
99,308,205,-213,-54,279,-177,-119,83,228,290,240
102,312,179,-201,-34,262,-160,-118,75,242,257,222
101,291,173,-215,-55,265,-180,-129,113,233,278,205
85,278,195,-237,-34,248,-170,-114,93,233,282,179
70,266,192,-189,-45,244,-179,-113,59,236,258,181
96,293,192,-206,-51,222,-155,-106,82,213,230,188
80,278,165,-187,-44,235,-161,-126,74,205,248,198
100,259,162,-167,-22,227,-140,-103,71,184,242,169
84,264,144,-179,-18,226,-163,-106,68,173,217,190
94,249,175,-147,-46,193,-135,-104,83,188,224,175
84,261,145,-163,-20,201,-125,-80,73,177,218,152
85,255,140,-166,-28,191,-120,-88,91,175,209,149
82,214,119,-158,-41,188,-129,-92,64,183,207,157
65,208,152,-161,-29,179,-123,-95,57,152,191,162
61,198,148,-164,-16,176,-104,-91,76,145,196,149
73,197,128,-150,-24,144,-110,-86,75,160,178,147
72,159,133,-117,-40,154,-90,-89,78,134,174,142
69,170,107,-106,-31,144,-90,-68,47,150,168,126
62,189,101,-126,-21,152,-89,-84,30,129,152,138
56,163,116,-109,-26,128,-101,-77,52,122,149,133
49,175,108,-94,-24,118,-93,-60,71,125,139,120
65,156,74,-117,-22,123,-91,-67,54,106,132,113
29,131,80,-98,-35,118,-68,-57,60,99,117,86
32,124,68,-87,-38,123,-91,-44,27,101,119,92
30,135,105,-85,-27,85,-53,-35,39,82,122,87
38,121,81,-67,-8,82,-41,-51,44,98,67,80
36,117,69,-75,-9,87,-44,-52,24,79,109,81
69,79,70,-54,-12,100,-72,-55,44,68,77,59
40,92,36,-48,-22,92,-34,-38,28,80,76,82
23,80,63,-57,-21,74,-44,-52,45,60,82,84
28,89,25,-31,-15,38,-47,-8,20,31,76,54
21,56,62,-51,-9,62,-27,-34,13,63,59,41
28,60,39,-20,-29,55,-25,-44,15,37,46,45
27,46,46,-19,-12,44,-11,-44,20,22,57,35
13,37,40,-33,-1,27,-37,-32,-5,20,27,43
-7,37,11,-36,-10,14,-32,-25,15,38,37,23
5,12,7,-28,-19,38,-32,-12,32,30,18,9
19,34,15,-20,24,13,-13,-14,7,12,24,29
15,16,12,8,-9,19,-15,-16,10,8,0,-6
-3,-9,8,-5,-6,5,6,-12,-9,35,-7,-9
-4,-5,-11,-18,-14,-3,-8,-5,0,29,21,11
6,-13,10,14,17,8,4,8,-20,-8,5,-13
9,-9,2,11,-12,-14,2,3,17,-11,-13,7
-5,-34,-44,7,14,-18,12,-5,-29,5,-10,-7
-5,-37,-11,11,1,0,29,11,-18,-15,-10,-1
-3,-40,-24,9,17,-43,-1,-2,-14,-29,-6,1
-20,-25,-15,16,-2,-17,22,10,-9,-19,-14,-20
-6,-22,-6,2,10,-36,-9,24,-8,-21,-34,-32
-16,-18,-17,55,17,-15,16,15,-7,-20,-31,-35
-36,-37,-57,26,-9,-30,1,10,-2,-42,-39,-33
-17,-59,-40,38,-2,-13,25,16,-2,-25,-49,-24
-12,-62,-32,25,10,-40,30,19,11,-15,-32,-33
2,-49,-34,31,-6,-27,18,19,-21,-44,-50,-53
-15,-46,-43,18,25,-41,53,16,-22,-21,-38,-31
-16,-59,-39,22,16,-67,36,33,-14,-39,-63,-47
-34,-64,-38,24,2,-57,41,43,-3,-72,-78,-29
-8,-63,-39,61,-5,-50,31,35,-34,-53,-88,-32
-40,-90,-41,48,-1,-57,46,24,-3,-39,-66,-14
-30,-54,-48,64,4,-63,46,22,-5,-68,-72,-74
-32,-64,-48,34,2,-60,36,27,-19,-48,-63,-66
-17,-83,-58,50,18,-51,30,29,-27,-51,-70,-69
-31,-67,-48,46,18,-80,51,52,-41,-58,-62,-62
-28,-80,-67,80,9,-68,40,17,9,-46,-64,-63
-23,-89,-43,60,-5,-73,39,48,-20,-41,-62,-47
-11,-90,-42,50,19,-63,26,35,-34,-64,-71,-34
-28,-91,-72,55,17,-60,63,49,-34,-54,-71,-45
-41,-67,-62,48,-6,-78,53,39,-10,-56,-79,-42
-18,-100,-38,50,4,-67,48,40,-33,-76,-68,-42
-15,-122,-65,64,30,-53,28,18,0,-47,-79,-65
-46,-69,-60,39,21,-73,67,23,-25,-62,-82,-31
-42,-116,-78,38,22,-71,48,22,-29,-53,-82,-60
-25,-86,-68,64,27,-90,62,28,-38,-76,-105,-64
-22,-69,-72,78,36,-71,62,42,-8,-63,-71,-59
-28,-114,-56,65,22,-67,46,47,-24,-60,-87,-59
-37,-80,-76,37,23,-64,79,56,-57,-64,-63,-57
-44,-89,-86,87,8,-72,42,20,-32,-73,-76,-57
-37,-83,-64,58,21,-69,52,27,-45,-74,-64,-73
-51,-106,-64,80,16,-65,54,44,-22,-72,-63,-80
-40,-107,-70,52,19,-91,49,42,-22,-90,-103,-78
-26,-97,-61,61,10,-63,73,38,-13,-57,-79,-54
-29,-89,-86,83,12,-101,55,46,-22,-55,-65,-63
-36,-99,-71,60,10,-87,66,51,-34,-65,-61,-68
-37,-109,-52,67,21,-72,78,48,-33,-66,-71,-52
-32,-102,-69,63,10,-72,70,46,-11,-56,-84,-91
-31,-92,-62,60,37,-79,48,35,-32,-78,-81,-68
-27,-108,-48,47,7,-85,41,31,-22,-71,-92,-53
-40,-86,-60,56,47,-71,79,33,-25,-68,-86,-76
-45,-111,-37,34,8,-91,41,39,-16,-79,-80,-56
-35,-101,-34,56,12,-67,49,55,-35,-64,-58,-59
-31,-65,-70,57,17,-77,53,45,-27,-82,-81,-49
-21,-94,-60,79,25,-71,44,32,-28,-90,-74,-71
-19,-75,-54,59,7,-95,47,48,-33,-65,-91,-78
-9,-89,-60,75,12,-67,49,50,-18,-67,-75,-50
-31,-86,-48,60,6,-97,85,45,-8,-56,-66,-65
-19,-91,-56,78,22,-104,55,36,-52,-74,-109,-39
-5,-81,-51,63,32,-61,41,59,-34,-57,-56,-66
-22,-98,-57,59,41,-90,63,17,-22,-62,-85,-83
-51,-93,-49,57,-2,-90,58,63,-22,-83,-71,-80
-29,-94,-55,62,5,-69,47,29,2,-71,-89,-69
-11,-49,-44,52,13,-78,52,21,-5,-73,-75,-66
-59,-70,-51,46,37,-84,47,34,-35,-62,-84,-109
-42,-73,-77,60,-4,-68,40,19,-43,-71,-81,-59
-37,-91,-42,54,21,-79,49,39,-18,-64,-79,-56
-25,-79,-64,73,43,-89,55,32,-21,-71,-72,-68
-36,-89,-56,58,-2,-66,55,20,-9,-43,-76,-49
-16,-79,-63,45,-4,-50,49,27,-29,-86,-72,-73
-31,-86,-58,54,22,-73,48,42,-20,-65,-77,-59
-28,-95,-33,60,8,-74,39,39,-28,-41,-59,-59
-57,-96,-44,43,8,-55,35,26,-14,-68,-77,-37
-35,-78,-44,44,9,-57,47,10,-36,-64,-89,-59
-29,-89,-49,63,15,-55,54,34,-19,-54,-65,-52
-19,-81,-51,50,3,-56,43,20,-27,-61,-71,-63
-6,-81,-69,59,15,-81,25,16,-18,-78,-73,-44
-30,-94,-62,40,15,-61,60,23,-29,-75,-77,-41
-30,-81,-43,56,30,-76,48,31,-44,-69,-60,-62
-36,-68,-41,56,20,-73,17,29,-24,-67,-68,-46
-24,-86,-57,38,-10,-64,47,57,-41,-60,-61,-58
-21,-90,-66,74,32,-65,41,52,1,-36,-80,-68
-15,-93,-49,47,6,-61,45,14,-23,-81,-77,-60
-24,-82,-67,44,10,-52,46,2,-28,-70,-75,-41
-44,-73,-51,47,23,-69,41,30,-27,-50,-100,-62
-18,-61,-52,50,1,-53,60,19,-44,-35,-83,-60
-16,-86,-37,41,21,-47,47,24,-2,-46,-70,-62
-17,-77,-37,54,7,-75,40,36,-40,-53,-87,-66
-25,-71,-33,33,14,-44,57,13,-10,-58,-79,-50
-38,-73,-49,42,6,-76,51,45,-6,-47,-73,-51
-20,-57,-64,62,6,-74,36,31,-28,-42,-62,-27
-33,-82,-41,42,3,-68,35,31,-19,-41,-42,-58
-31,-64,-63,55,24,-54,43,45,-24,-54,-66,-43
-9,-62,-32,48,26,-38,25,46,-29,-43,-64,-49
-23,-94,-42,51,28,-53,43,28,-19,-39,-72,-50
-18,-67,-65,39,8,-72,19,28,-23,-75,-61,-51
-29,-68,-32,50,29,-45,38,36,-11,-62,-69,-27
-25,-81,-51,53,-6,-60,34,22,-27,-33,-61,-54
-27,-80,-53,27,-2,-34,23,32,-17,-54,-59,-58
-41,-78,-67,53,16,-45,44,28,-40,-51,-67,-46
-8,-74,-38,39,9,-61,32,30,-31,-47,-62,-44
-9,-75,-45,47,1,-47,39,56,1,-58,-61,-65
-35,-82,-24,60,21,-51,37,9,-32,-73,-77,-42
-34,-83,-22,53,-2,-36,32,20,-32,-44,-77,-26
-31,-58,-52,48,26,-47,32,28,-14,-54,-57,-35
-24,-53,-66,60,4,-64,21,27,-20,-53,-67,-40
-23,-53,-57,56,20,-86,50,10,-28,-25,-64,-51
-39,-73,-53,66,14,-47,51,37,-19,-56,-66,-33
-29,-66,-46,34,-4,-86,30,30,-2,-68,-65,-25
-29,-69,-47,44,9,-54,38,24,-11,-41,-90,-42
-35,-59,-50,63,5,-23,26,8,2,-52,-46,-36
-18,-81,-48,49,25,-46,34,25,-17,-46,-77,-36
-34,-45,-55,34,3,-57,40,6,-37,-48,-59,-31
-15,-60,-47,51,1,-55,49,38,-24,-25,-46,-48
-34,-65,-25,46,12,-74,27,38,-20,-39,-49,-32
-29,-64,-33,47,5,-55,16,5,-28,-68,-81,-49
-35,-47,-41,56,12,-45,28,18,-30,-35,-44,-38
-5,-55,-32,47,1,-46,34,28,-22,-47,-70,-32
-27,-53,-43,24,-21,-37,17,29,-10,-49,-61,-35
-5,-51,-34,31,4,-65,29,12,-15,-36,-54,-38
-4,-46,-23,24,2,-44,-6,23,-6,-41,-59,-32
-27,-31,-32,17,25,-48,24,14,-23,-3,-20,-22
-10,-37,-23,26,5,-24,26,5,-6,-27,-34,-26
2,-55,-29,19,9,-13,30,13,-22,-36,-21,-39
-14,-40,-32,33,14,-32,7,31,-36,-16,-17,-29
-2,-28,-25,26,1,-39,32,-3,-19,-13,-19,-16
-1,-17,0,29,8,-1,5,14,-26,-25,-16,-23
6,-36,-38,0,16,-32,10,-3,6,-23,-18,0
-17,-32,-29,17,4,-42,17,14,-10,-32,-14,-28
5,-18,-2,6,1,-19,11,16,-7,-27,-25,-12
-7,-24,1,0,14,3,18,4,-23,-3,15,1
-9,13,-8,-14,-4,5,1,6,21,1,-16,15
2,5,9,0,-1,8,-11,3,-1,16,-5,5
-1,3,-17,-7,-8,9,0,16,7,-3,27,0
7,25,23,1,6,10,-3,1,-4,14,17,0
13,11,-8,-7,-21,32,13,2,-18,-5,17,8
11,41,25,-15,-7,35,-19,-1,35,35,-3,36
13,21,19,-24,3,52,7,-8,12,13,34,12
9,63,49,-26,2,35,-23,-19,10,28,49,-5
13,65,38,-9,-3,38,-13,-22,5,18,33,54
16,55,31,-25,30,32,-30,-12,16,31,30,37
14,77,43,-36,-5,59,-58,-27,-5,46,72,42
26,80,60,-58,-12,52,-27,-17,9,29,68,74
29,102,73,-69,-26,62,-49,-27,12,67,64,54
32,86,92,-68,-25,82,-40,-16,33,72,78,60
42,91,75,-76,-32,63,-54,-33,52,79,97,80
38,111,85,-61,-5,70,-51,-42,37,74,103,66
36,142,93,-81,-17,83,-70,-40,44,72,112,90
26,140,75,-106,-37,109,-58,-60,43,103,132,85
51,135,102,-100,-14,108,-79,-69,44,103,114,108
51,134,102,-102,-10,135,-80,-47,48,121,122,108
49,148,108,-78,-41,131,-89,-51,16,125,145,108
74,152,123,-123,-20,119,-92,-56,55,132,152,112
63,167,128,-119,-14,151,-99,-75,54,136,166,111
66,180,115,-133,-9,142,-110,-72,60,150,160,132
60,185,124,-125,-20,163,-109,-95,70,144,173,135
66,189,142,-154,-40,153,-93,-85,53,142,153,137
85,192,114,-159,-24,186,-123,-80,48,131,199,162
76,205,133,-152,-26,174,-103,-92,71,156,182,147
68,220,134,-158,-18,181,-113,-65,62,174,205,146
86,230,154,-145,-17,174,-131,-95,80,175,199,160
95,211,145,-170,-23,166,-134,-83,66,167,196,144
102,234,156,-145,-57,181,-110,-83,83,150,201,135
85,206,157,-152,-31,186,-111,-99,55,170,191,160
71,231,156,-129,-35,203,-123,-80,52,180,218,147
67,255,166,-171,-32,202,-121,-105,98,152,204,152
70,227,156,-129,-48,204,-123,-96,83,180,202,154
75,228,169,-148,-28,159,-144,-97,53,157,205,156
66,223,139,-149,-44,186,-133,-75,42,176,200,155
74,220,144,-128,-12,207,-135,-128,55,170,211,159
79,208,146,-163,-49,194,-112,-71,60,160,181,162
67,203,152,-156,-44,173,-96,-101,64,178,177,146
62,204,142,-129,-42,174,-110,-105,45,158,193,161
69,191,140,-128,-52,152,-131,-87,50,133,170,138
73,191,132,-148,-35,169,-107,-82,35,168,176,139
80,182,129,-141,-9,156,-135,-83,62,159,163,144
77,166,118,-126,1,147,-89,-89,75,140,163,133
47,198,113,-149,-46,128,-96,-90,44,146,147,131
54,152,105,-113,-34,131,-101,-80,60,132,155,122
64,155,97,-109,-23,118,-77,-61,60,127,162,130
50,160,104,-115,-9,128,-44,-72,61,99,137,112
38,133,114,-76,-13,122,-83,-56,46,98,142,90
56,119,98,-86,-19,127,-57,-28,45,92,109,66
11,126,66,-89,-4,98,-62,-44,40,91,137,103
36,123,66,-69,-9,84,-38,-53,27,59,97,92
35,108,59,-105,-35,82,-55,-57,37,96,107,70
51,99,58,-54,-13,103,-59,-60,41,87,89,57
45,88,66,-58,-4,77,-66,-18,16,90,86,68
40,84,53,-62,-15,61,-48,-33,11,52,83,57
26,80,53,-49,-27,62,-40,-19,26,48,84,32
29,72,48,-67,-6,62,-43,-42,22,49,39,46
16,44,15,-54,7,39,-24,-39,7,68,65,30
16,58,19,-39,-11,56,-38,-3,8,29,52,21
2,44,36,-26,13,35,-34,-21,2,26,37,27
21,37,22,-22,-6,25,-10,-20,1,22,45,44
8,36,18,-18,-13,33,-8,-14,6,-3,16,27
26,7,13,-31,4,14,-11,-22,2,19,42,4
26,6,10,-19,-20,28,-13,-11,4,9,10,24
7,4,26,-24,-8,27,-30,-6,25,8,-8,26
-6,1,-3,-4,2,19,-6,-1,21,8,5,13
19,-16,-23,3,-10,-1,8,-1,-16,-10,18,-11
-2,-10,7,-3,9,-5,19,-1,-4,-9,0,2
4,-14,1,4,13,-9,8,-24,-6,28,-2,11
13,-10,2,-4,4,8,-7,-4,5,2,6,4
5,-24,0,36,6,-9,-13,2,-2,-16,-15,18
-11,-28,-24,9,4,-1,34,3,-23,-5,5,-30
-7,-16,4,15,-2,-16,20,16,-13,17,-4,-20
13,-17,-20,25,17,15,15,6,-7,-31,-23,-28
-3,-5,9,5,-10,-26,-13,1,-18,-35,-4,5
-10,-42,-25,17,-16,-27,20,-5,4,-13,0,-27
-9,-39,-13,50,-8,-9,26,1,-9,-17,-25,0
-4,-43,-13,12,-9,-20,18,5,10,-9,-34,-27
2,-38,-17,2,-17,-46,21,15,-13,-40,-36,-9
-6,-43,-41,28,10,-34,15,1,-8,-32,-34,-28
-10,-36,-53,30,-5,-39,25,38,-16,-32,-37,-32
-15,-44,-41,40,20,-42,39,6,-23,-28,-48,-35
-20,-49,-58,16,-4,-38,37,14,-29,-23,-35,-43
-14,-62,-44,39,-10,-32,23,25,-24,-77,-55,-29
-26,-61,-44,69,1,-53,46,29,-9,-51,-55,-38
-31,-61,-48,64,7,-73,47,36,-16,-56,-63,-53
-28,-102,-44,51,-2,-67,46,24,-15,-42,-57,-55
-39,-111,-64,48,4,-84,52,56,-27,-68,-87,-80
-26,-97,-83,87,12,-81,67,60,-10,-78,-100,-68
-41,-142,-86,90,18,-102,93,65,-28,-111,-112,-82
-43,-151,-92,95,25,-120,72,56,-85,-111,-125,-96
-36,-168,-132,100,34,-134,94,73,-40,-131,-140,-102
-56,-163,-89,137,27,-147,116,77,-58,-137,-150,-119
-91,-172,-113,109,26,-169,89,72,-61,-139,-170,-137
-56,-171,-114,109,50,-155,111,54,-45,-144,-177,-137
-82,-201,-126,128,27,-156,109,78,-56,-155,-158,-133
-59,-174,-122,134,25,-144,86,61,-63,-140,-178,-138
-61,-186,-105,119,39,-123,115,69,-52,-112,-161,-135
-44,-180,-95,112,26,-135,87,67,-63,-124,-150,-113
-34,-133,-88,80,41,-116,76,63,-39,-92,-109,-93
-28,-95,-58,73,3,-87,74,29,-31,-89,-125,-60
-5,-59,-36,36,3,-47,37,16,-12,-41,-86,-30
-10,-14,9,-10,-13,-19,4,4,2,-15,-36,3
27,37,50,-39,1,30,-15,-19,19,22,41,33
27,96,67,-64,4,97,-79,-38,24,82,118,55
61,184,109,-122,-38,151,-91,-93,66,138,165,145
90,297,166,-182,-37,217,-161,-120,99,192,249,203
148,367,220,-254,-44,306,-183,-145,115,265,351,260
169,467,312,-321,-76,371,-254,-177,134,339,424,323
209,550,354,-362,-92,479,-308,-237,207,419,535,407
215,655,429,-445,-110,534,-372,-267,187,501,591,458
276,740,475,-516,-105,641,-416,-289,194,567,678,540
281,830,551,-543,-126,680,-467,-318,252,611,754,592
319,919,578,-612,-132,719,-502,-355,272,684,811,616
318,952,629,-643,-136,798,-548,-394,279,698,864,648
359,1000,631,-677,-162,846,-539,-416,281,748,923,674
367,1020,659,-688,-150,804,-548,-419,307,753,907,722
330,1032,665,-679,-155,839,-546,-389,297,770,907,721
342,979,624,-656,-149,818,-558,-386,285,744,894,689
323,931,591,-606,-133,777,-500,-380,282,698,852,666
288,864,573,-602,-139,733,-488,-351,262,666,763,610
283,784,506,-538,-130,687,-432,-319,245,585,715,551
249,694,453,-464,-115,567,-392,-277,197,532,632,512
217,623,404,-423,-111,487,-320,-241,187,460,526,416
176,492,314,-347,-72,424,-272,-187,142,393,471,335
152,387,276,-261,-84,345,-218,-157,100,279,369,295
89,303,191,-180,-64,262,-174,-137,102,227,275,223
67,204,143,-135,-28,166,-97,-80,84,151,168,127
27,101,47,-75,-21,81,-62,-54,18,64,80,50
15,16,28,-4,11,0,-7,-5,13,3,12,24
-17,-57,-48,41,-7,-47,23,-1,-5,-42,-18,-8
-26,-127,-103,73,6,-92,65,39,-42,-104,-100,-73
-67,-171,-101,133,32,-151,81,76,-48,-136,-156,-94
-87,-190,-134,134,0,-158,96,95,-62,-168,-179,-129
-87,-229,-139,161,35,-214,125,81,-41,-179,-188,-161
-91,-243,-154,156,43,-215,137,119,-74,-184,-210,-165
-101,-247,-168,154,48,-217,161,117,-83,-195,-222,-215
-106,-267,-171,189,28,-218,147,114,-85,-199,-234,-178
-93,-274,-180,165,41,-228,140,97,-63,-197,-234,-156
-69,-231,-156,160,50,-200,119,116,-66,-185,-223,-172
-115,-242,-149,130,39,-185,135,104,-53,-152,-196,-132
-66,-206,-138,128,19,-181,153,80,-82,-165,-186,-140
-46,-196,-116,144,11,-138,124,64,-85,-128,-152,-119
-54,-169,-94,98,15,-111,86,59,-45,-121,-152,-104
-39,-130,-81,89,43,-124,82,47,-46,-124,-136,-114
-43,-128,-87,56,10,-95,52,68,-12,-95,-106,-78
-30,-87,-58,65,25,-83,66,42,-34,-67,-124,-70
-30,-100,-67,59,16,-73,73,20,-27,-82,-63,-41
-18,-75,-42,46,23,-51,40,16,-24,-43,-55,-78
-19,-66,-54,19,18,-39,15,21,-26,-44,-33,-43
-7,-51,-20,38,-9,-18,25,5,-22,-33,-20,-43
-8,-24,-14,14,6,-34,37,9,-14,-29,-21,-26
-7,-25,-31,-15,-23,-17,7,23,-13,-14,-53,-15
-22,-21,-14,2,10,-14,21,6,12,-3,-35,-5
-34,-15,8,10,-12,-3,18,7,19,-26,-24,-13
18,-1,-3,-9,0,-7,-3,13,-21,-20,2,-21
6,-11,-1,7,6,-8,11,7,-3,-16,-20,-29
-1,-6,-8,-1,12,1,5,14,2,-14,-22,-10
6,4,10,0,24,23,14,-16,13,-19,-13,-18
-14,-28,-13,-10,-3,-9,4,2,10,6,-24,6
-2,-6,33,-24,-13,-10,7,-9,12,5,5,-6
-3,20,6,-7,0,14,-4,5,11,16,14,22
16,23,10,11,5,21,21,-6,-6,8,3,2
12,34,13,-3,-1,6,0,-14,-14,19,5,9
2,-10,9,4,-2,5,-20,2,26,8,8,14
22,32,9,-8,-19,-10,-27,1,-4,-10,25,4
-2,9,14,0,0,6,-22,5,-16,6,21,4
-3,15,28,-11,0,8,1,-20,-16,6,6,12
-10,44,34,-16,19,-1,-11,1,11,14,41,6
28,25,26,-10,7,26,-7,-6,-5,0,30,23
17,20,13,-21,13,23,5,-17,7,12,24,30
26,35,25,-9,-8,20,-7,-8,17,25,10,9
-4,46,10,-16,0,35,-18,2,1,46,31,25
-1,46,37,-5,-10,28,-8,7,54,10,21,14
17,22,19,-30,-15,38,-33,-7,5,27,41,18
41,43,21,-36,-5,45,-38,-8,17,49,36,31
4,36,28,-34,-4,33,-36,-26,32,24,42,12
27,55,31,-40,2,24,-12,-14,12,31,62,16
12,52,32,-42,-26,40,-37,-39,-13,45,44,33
27,54,19,-28,15,52,-53,-31,4,27,41,60
13,51,35,-53,11,60,-48,-33,27,49,40,41
-12,51,71,-24,-17,37,-37,-23,20,38,59,26
19,76,13,-34,-4,52,-16,-16,10,80,73,57
9,76,35,-35,1,77,-49,-39,24,49,73,60
19,88,59,-50,-13,77,-60,-21,10,76,71,54
48,71,61,-67,-1,88,-47,-41,53,56,93,63
25,81,62,-74,-8,66,-34,-31,25,78,80,88
41,101,51,-68,-2,71,-54,-24,27,99,87,66
33,122,61,-63,-29,89,-61,-34,24,77,88,69
66,94,55,-72,-16,109,-44,-52,33,86,79,74
50,124,91,-64,11,88,-57,-52,39,80,107,77
25,135,77,-87,-18,96,-63,-28,45,85,101,68
49,125,66,-84,-15,103,-102,-71,38,97,96,105
46,156,109,-114,-26,74,-90,-47,38,100,118,83
57,125,103,-97,4,98,-76,-50,53,118,103,115
61,155,68,-107,-51,116,-82,-69,27,109,148,109
52,161,106,-103,-23,133,-96,-53,26,121,156,99
70,160,123,-92,-39,141,-97,-48,33,111,141,141
53,152,115,-113,-34,162,-58,-61,55,123,132,86
72,177,103,-116,-32,154,-75,-72,23,130,161,104
76,177,139,-114,-21,169,-57,-72,83,158,168,154
79,195,131,-150,-14,155,-110,-87,49,142,175,132
76,220,122,-137,-35,173,-88,-78,77,145,170,134
84,224,113,-142,-33,183,-106,-100,79,165,203,146
82,228,173,-153,-28,173,-98,-93,68,182,181,162
78,246,153,-139,-42,197,-122,-91,64,155,215,184
85,215,169,-155,-35,185,-130,-90,86,176,227,162
89,252,175,-166,-20,196,-133,-113,85,203,235,164
114,253,178,-160,-39,211,-148,-98,77,198,216,177
109,276,181,-174,-54,232,-151,-103,80,208,255,188
110,278,194,-182,-47,220,-141,-89,71,215,253,178
94,279,180,-191,-33,250,-157,-117,99,202,293,183
102,281,175,-186,-56,234,-149,-127,71,213,260,219
92,276,177,-207,-41,277,-162,-125,105,231,254,197
126,326,215,-215,-29,251,-173,-137,81,233,276,230
98,323,200,-222,-65,262,-151,-130,94,232,280,211
117,303,206,-222,-69,271,-176,-115,87,237,266,246
121,331,224,-226,-52,273,-178,-113,94,275,308,237
139,319,233,-261,-51,257,-163,-134,95,255,291,230
121,340,226,-251,-51,284,-197,-132,122,285,311,248
133,356,226,-228,-65,297,-193,-144,125,266,314,248
115,371,236,-251,-50,289,-180,-140,109,254,333,266
118,341,255,-256,-37,281,-214,-137,89,269,310,263
124,363,216,-232,-23,310,-211,-140,108,273,320,276
137,379,249,-259,-45,312,-226,-155,124,288,323,250
132,370,233,-277,-80,306,-206,-169,122,295,343,256
118,384,261,-268,-59,326,-196,-152,99,272,377,257
141,393,254,-250,-56,349,-210,-157,106,283,357,274
137,393,278,-265,-70,317,-211,-158,102,297,368,259
131,389,255,-272,-79,335,-215,-144,118,309,365,263
123,399,270,-283,-68,323,-211,-182,120,305,329,271
133,387,248,-275,-44,326,-227,-155,134,304,379,285
144,400,266,-271,-62,321,-220,-140,131,300,347,269
133,426,262,-292,-71,343,-190,-171,127,298,369,288
129,420,286,-285,-68,319,-204,-160,113,296,373,273
150,404,269,-280,-75,328,-231,-149,119,311,365,285
140,419,246,-281,-72,341,-244,-150,147,304,373,277
160,407,276,-272,-85,334,-215,-154,122,300,379,293
157,425,249,-298,-61,347,-236,-181,122,315,374,285
147,424,261,-296,-65,331,-220,-168,122,286,363,276
144,408,250,-277,-54,349,-226,-154,137,288,373,281
139,414,265,-275,-63,359,-219,-151,128,295,363,277
142,384,259,-264,-65,314,-225,-141,101,296,362,280
139,391,258,-250,-77,325,-211,-163,124,284,351,275
114,370,237,-280,-72,323,-208,-156,116,295,345,281
146,400,267,-242,-51,320,-220,-146,95,279,342,280
130,378,235,-243,-69,306,-218,-133,118,307,345,265
139,404,253,-260,-50,305,-185,-145,95,293,341,234
101,374,250,-247,-55,295,-221,-156,131,287,316,266
152,379,244,-252,-72,281,-185,-157,101,283,329,242
152,343,215,-242,-42,301,-205,-136,110,272,320,264
129,372,209,-252,-40,312,-187,-147,101,285,285,231
100,355,230,-214,-43,254,-192,-135,95,233,290,242
120,310,200,-230,-49,270,-205,-146,94,246,285,245
108,326,212,-220,-44,275,-179,-138,101,236,286,241
119,317,204,-223,-57,260,-162,-142,92,228,296,232
110,284,197,-218,-48,264,-180,-152,103,204,297,217
105,309,186,-202,-49,242,-179,-102,79,234,262,216
105,283,190,-203,-63,228,-190,-124,85,237,259,218
97,295,173,-188,-49,216,-155,-137,88,210,258,223
100,279,163,-194,-23,241,-159,-133,93,212,248,183
115,271,179,-176,-39,232,-145,-106,61,209,237,194
91,259,146,-185,-61,223,-133,-106,75,206,237,180
97,258,175,-189,-43,211,-162,-92,89,193,212,175
79,235,151,-170,-43,201,-129,-109,88,181,216,185
90,228,148,-170,-31,184,-139,-99,79,173,232,180
76,238,142,-148,-24,200,-146,-102,97,163,189,148
79,204,135,-149,-22,199,-110,-90,48,152,206,152
65,188,104,-149,-28,185,-139,-83,45,134,174,156
68,214,137,-133,-32,179,-136,-70,80,167,159,143
65,191,113,-125,-30,156,-126,-78,56,147,165,132
78,195,138,-110,-29,160,-100,-82,64,139,153,145
72,174,114,-120,-20,129,-87,-56,60,141,167,112
51,168,116,-121,-27,128,-98,-56,37,120,178,102
34,164,104,-111,-12,147,-90,-60,54,116,152,110
50,162,108,-99,-27,123,-90,-59,63,87,118,95
53,145,102,-84,-34,105,-83,-54,69,113,120,113
78,147,90,-67,-44,102,-84,-69,12,120,113,111
35,133,91,-107,-4,102,-63,-54,33,86,116,90
57,111,58,-73,-8,107,-70,-68,40,104,111,115
29,122,88,-79,-12,123,-66,-31,46,89,134,71
57,111,73,-81,-30,94,-58,-63,37,72,105,84
18,103,61,-55,-24,105,-54,-52,34,75,92,50
36,76,55,-61,-23,77,-53,-53,44,69,77,70
17,98,62,-65,-22,84,-38,-67,45,71,82,88
21,84,43,-42,-6,57,-31,-37,27,39,70,48
18,82,30,-58,-16,64,-62,-48,21,59,69,30
31,54,42,-66,-15,53,-21,-18,23,52,45,54
17,65,45,-43,-6,64,-33,-40,19,55,64,53
33,50,17,-30,2,42,-36,-39,9,42,47,38
5,57,45,-34,-2,40,-27,-21,13,23,46,42
25,52,61,-40,11,48,-42,-20,22,63,36,40
24,50,35,-22,-5,44,-17,-32,13,36,42,26
0,65,-2,-26,-11,36,-20,-21,-16,36,32,40
25,52,44,-32,27,34,12,-20,33,38,29,19
23,42,21,-31,-4,51,-19,-15,17,24,48,47
15,34,18,-13,-10,24,-15,-46,31,33,25,24
3,48,29,-16,-14,37,-21,-32,16,9,32,4
15,42,41,-35,-13,19,-30,-30,2,29,43,-1
20,14,39,-24,-12,3,-30,-14,-5,34,23,0
13,39,20,-10,17,43,1,-27,6,4,22,37
6,39,17,12,-3,20,-23,9,22,29,22,-4
-12,11,27,-31,-5,21,-8,5,13,21,15,14
2,35,21,-10,-18,12,-20,3,10,23,13,-5
7,8,25,-14,-28,10,5,-19,1,16,16,18
-2,-15,23,-15,7,16,-10,-3,-6,10,20,14
18,20,11,-12,-6,15,-5,14,14,2,7,4
13,-5,-15,-20,-18,20,-17,4,3,-1,-6,-7
1,17,15,-33,-20,17,-8,-10,9,-12,20,-4
4,23,13,-8,2,29,-6,-17,14,6,27,-8
10,24,8,-4,11,7,7,14,-21,38,26,1
4,15,-8,-3,18,19,-4,18,-8,21,-7,15
-11,10,16,-14,-4,1,-19,14,9,12,0,-4
1,21,-5,-10,-8,-2,19,6,-13,12,-2,10
12,20,-8,0,0,3,-20,7,18,21,-11,-16
6,-1,-5,-17,1,21,-8,-15,-13,15,-5,15
25,20,15,-4,-3,-3,-7,-4,3,-13,-5,13
-1,-7,4,-3,20,3,10,4,-22,-15,0,16
7,10,-3,15,32,16,-21,-9,4,13,4,-10
9,3,-3,-3,-15,14,-7,-12,1,-4,3,14
-16,12,-5,15,-6,-2,14,4,3,7,25,-8
9,6,3,-4,-3,6,15,-20,-18,-5,2,-2
9,-7,-14,1,-1,26,-9,-35,21,24,26,11
23,6,-5,0,16,14,4,12,13,0,-2,-2
-24,26,-1,-8,8,-1,-2,0,-16,-6,29,17
-14,-13,10,-5,-8,19,1,-4,0,-2,4,5
6,4,10,3,-8,3,-2,-2,-12,2,-4,8
20,1,14,-11,0,15,-6,9,2,17,30,15
19,-4,-8,12,13,12,17,-7,16,14,8,8
17,8,5,11,-11,-8,-2,2,12,-7,-3,-4
9,20,4,13,5,3,-13,-3,2,29,-2,-4
-14,16,-6,-17,-21,11,22,5,9,-28,11,5
-15,4,-3,-12,1,-4,-25,5,-1,11,9,-16
26,23,-1,-9,-13,3,8,-3,-17,10,-4,2
-21,9,12,-17,2,-3,8,-3,-1,14,15,-1
12,2,1,7,4,8,-24,6,9,14,-19,-3
1,6,-8,-5,-11,-7,8,15,13,-8,5,12
15,2,13,-12,1,-6,10,-14,4,16,9,3
17,0,5,-2,-8,8,7,-13,-5,-6,29,18
5,8,-5,-5,22,-1,-2,-4,-2,-12,-1,21
-18,0,13,1,-12,10,9,5,-14,12,22,25
5,-6,-10,0,-20,-21,15,15,-3,31,1,-1
18,-2,28,-12,-26,20,-6,-25,-17,9,-4,9
11,-11,14,-7,15,10,-8,-21,11,4,-24,-16
-4,15,-4,9,20,10,-6,-11,8,11,22,-5
6,32,15,7,10,10,-1,4,-15,12,5,11
14,-14,8,-9,1,16,15,-8,-4,-6,5,-4
-13,-21,8,-4,26,5,11,-18,-8,3,13,-1
-17,11,0,-6,-1,-13,1,6,18,-7,11,-1
1,7,4,-1,-1,-4,-13,5,3,-15,4,1
16,41,7,17,-8,-2,-3,9,8,-10,6,29
0,13,4,1,-2,14,-10,-15,24,20,16,10
3,4,1,4,11,4,-5,-17,11,-2,12,8
20,1,12,-3,3,15,6,-12,5,15,-11,-11
-20,27,22,-12,-1,30,-33,-17,14,0,-1,10
-17,20,10,-21,-11,10,8,19,13,-11,12,25
27,19,1,-10,10,9,-7,-3,-15,10,1,20
24,11,3,2,9,22,-4,-11,-20,18,8,2
-3,15,13,-1,7,8,11,-4,7,-4,18,18
-1,-9,3,-7,-7,22,10,-14,-1,15,19,-17
8,11,29,-18,6,24,-10,-19,28,23,18,8
-8,-4,5,9,-25,30,-4,2,7,-2,28,10
12,19,5,-23,3,-20,2,-2,1,4,8,2
-15,18,15,-6,-4,19,2,0,7,-2,15,-1
9,28,22,10,6,4,-10,11,-14,15,3,16
20,9,22,-11,-8,5,2,-5,-11,12,3,2
10,17,29,-5,-2,25,-26,-25,6,10,37,25
16,12,-7,-12,5,15,14,0,10,9,25,6
3,27,13,-5,17,7,-28,5,18,14,8,13
9,11,13,-15,0,14,-7,-24,9,21,15,6
6,-4,9,8,-11,7,-25,-14,-3,5,25,11
-22,3,25,-24,-21,5,-23,-7,-2,15,17,14
8,31,-24,-28,2,4,-7,14,15,27,23,10
15,34,0,-28,1,12,-6,0,26,21,12,-5
12,-13,-3,2,-13,26,-8,-19,13,-9,10,2
14,31,0,-4,-26,21,-2,-20,0,19,13,-8
-19,20,-1,-11,-11,13,-23,-9,-9,31,5,18
5,28,-3,-3,-13,14,-5,-2,45,23,31,18
-11,11,9,-22,3,21,-19,-4,7,17,1,18
11,47,28,-23,-16,11,3,-7,-12,4,7,29
-3,23,26,11,-6,33,-4,-11,-3,35,13,-9
-4,35,10,-5,-9,19,-3,-33,1,15,13,6
6,33,12,-17,-2,30,-4,-5,4,15,32,8
-6,22,25,-2,4,12,-10,-33,7,15,20,21
9,17,17,-22,6,26,-32,-26,5,24,60,26
2,27,28,-27,0,10,-10,-18,-5,12,44,35
12,23,28,-13,2,3,-16,-1,-10,32,38,31
4,28,14,-14,8,43,-15,-1,20,12,22,-17
15,15,-2,-17,-1,17,-13,-25,2,12,7,17
8,12,16,-32,2,14,-15,14,15,17,23,20
-3,19,20,-2,-2,26,-21,-8,-8,23,26,15
30,36,38,-12,-15,19,-25,-18,4,16,25,19
19,42,-2,-18,-23,17,-37,6,7,17,13,7
1,44,30,-28,-17,25,-32,-6,-3,49,15,40
35,24,14,-17,-4,29,5,2,2,24,31,22
-7,50,23,-21,2,30,-17,-19,-4,42,21,26
10,34,25,-13,16,36,-22,-11,0,8,29,22
8,29,27,-2,-8,47,-19,-16,20,21,19,22
-8,25,17,-45,-22,31,-3,-23,16,19,38,27
16,36,33,-30,-28,25,-25,-4,10,32,42,46
17,61,32,-48,-7,16,-23,3,-7,35,28,38
18,45,35,-17,-8,35,-19,5,10,34,50,42
25,55,33,-24,-7,16,-19,-14,12,60,36,35
26,51,45,-28,-5,48,-34,-15,8,58,52,40
8,55,60,-33,-21,43,-44,-15,18,49,31,40
-2,70,32,-33,-21,42,-38,-37,21,59,43,34
18,67,41,-60,-20,50,-39,-36,19,41,92,31
39,66,66,-56,-41,69,-24,-16,24,55,62,44
25,73,38,-56,-8,57,-57,-40,21,48,59,59
27,69,48,-51,-38,55,-59,-26,18,72,48,76
33,43,43,-70,-15,59,-50,-35,43,74,80,42
33,88,38,-85,-10,80,-61,-54,28,64,82,85
28,102,57,-64,-29,86,-67,-34,3,60,86,82
37,131,82,-54,-24,93,-73,-52,14,75,101,59
40,100,43,-82,-18,91,-80,-48,19,67,103,52
28,115,70,-92,-12,111,-64,-74,21,92,113,82
59,136,85,-100,-18,76,-75,-47,39,78,113,93
45,113,84,-86,-4,102,-76,-43,51,112,116,76
30,133,100,-77,-10,120,-84,-58,40,123,130,104
34,138,91,-107,3,118,-86,-54,45,119,120,99
48,156,120,-101,-24,124,-98,-67,29,96,112,100
44,184,108,-115,-23,150,-85,-72,37,131,147,99
59,166,84,-114,-15,148,-83,-52,55,134,172,105
77,187,99,-119,-25,159,-109,-72,47,143,173,130
65,209,133,-150,-22,170,-118,-100,56,156,176,158
77,198,128,-145,-62,188,-100,-82,64,159,177,127
57,230,126,-131,-23,188,-107,-107,63,148,175,138
87,208,139,-145,-43,179,-117,-112,48,150,183,147
70,221,152,-150,-57,184,-128,-112,72,173,195,174
80,245,161,-165,-40,197,-145,-92,60,183,230,177
88,227,160,-166,-33,207,-146,-78,66,167,213,182
60,255,172,-171,-41,207,-120,-92,78,211,212,149
94,263,149,-184,-23,205,-135,-109,66,189,233,186
113,268,174,-188,-41,225,-130,-101,70,189,226,193
100,269,163,-174,-42,222,-155,-90,86,209,244,174
95,275,187,-203,-30,229,-144,-121,95,209,234,196
92,269,170,-177,-51,216,-136,-113,78,191,252,183
85,286,195,-196,-41,233,-151,-110,96,213,242,195
95,276,169,-188,-51,238,-144,-114,78,206,266,207
114,278,204,-202,-32,229,-170,-102,98,219,253,186
95,299,179,-198,-57,236,-162,-111,83,216,248,224
110,262,162,-199,-37,218,-165,-107,92,204,262,197
96,284,186,-205,-52,215,-142,-114,89,221,262,208
86,287,167,-202,-39,240,-181,-110,82,236,250,191
81,259,178,-190,-32,245,-146,-95,77,209,239,183
115,271,196,-189,-19,251,-160,-112,35,199,239,216
110,265,191,-198,-39,232,-140,-108,89,191,238,195
79,278,201,-179,-32,242,-164,-110,70,200,253,184
83,243,155,-192,-58,216,-159,-112,59,187,219,189
71,257,156,-197,-29,195,-149,-103,91,188,241,212
92,260,150,-176,-34,209,-136,-111,74,206,216,154
65,244,186,-170,-44,199,-136,-101,54,163,214,190
98,253,174,-149,-17,199,-150,-78,82,182,197,174
87,223,148,-160,-45,177,-132,-103,58,172,196,156
70,239,153,-142,-27,197,-141,-77,74,162,213,169
81,218,149,-132,-26,178,-118,-88,86,169,191,154
69,199,140,-113,-43,185,-118,-85,70,131,170,151
63,197,115,-133,-28,160,-92,-82,58,152,173,117
71,186,117,-124,-30,161,-120,-82,53,136,172,138
64,184,118,-117,-15,132,-79,-63,31,123,158,118
69,156,119,-93,-8,155,-95,-67,55,137,164,141
54,155,122,-106,-10,144,-80,-50,50,113,162,114
45,152,100,-85,-24,97,-85,-52,44,93,123,93
48,134,95,-91,-17,78,-77,-71,47,132,144,110
57,139,104,-76,-10,126,-56,-46,33,100,141,85
57,131,62,-77,-25,87,-65,-56,46,91,117,72
38,107,70,-80,4,107,-62,-34,31,103,95,83
26,107,70,-96,-29,89,-58,-54,41,86,103,102
24,104,41,-79,-14,89,-65,-52,31,88,72,80
49,96,54,-79,-8,95,-42,-43,33,71,74,97
19,106,67,-75,2,77,-63,-27,25,64,101,63
31,70,58,-68,-6,56,-54,-38,33,63,78,43
41,86,51,-59,-33,73,-32,-20,28,67,78,57
38,55,63,-24,-23,59,-61,-24,20,58,65,49
28,57,60,-43,-3,42,-34,-16,19,35,52,51
20,63,42,-54,5,42,-53,-49,24,35,77,27
14,70,42,-60,15,57,-10,-22,21,65,47,32
23,42,48,-27,-5,54,-59,-20,-2,25,32,26
39,50,34,-43,10,45,-39,-17,10,39,50,34
12,62,29,-35,5,49,-7,-25,0,18,78,43
18,56,20,-16,-5,19,-9,-15,21,40,49,22
18,40,25,-55,-24,46,-31,-21,12,18,34,25
4,42,11,-35,9,19,-16,-12,10,25,15,39
-6,11,20,-21,12,63,-13,-17,-14,12,29,21
-12,44,7,-28,18,17,-17,0,9,11,11,42
16,18,0,-18,-21,28,9,-5,24,35,5,20
9,25,15,-28,-5,32,-6,-13,-3,29,26,19
24,22,31,-10,7,22,-28,2,4,17,27,5
43,11,30,-7,23,10,16,-5,21,10,13,31
-2,22,7,-24,-5,23,-9,-7,-1,23,25,9
-8,-18,0,0,-9,-2,-9,-4,25,19,11,-3
7,5,10,-1,-13,11,-13,2,20,4,3,-14
2,6,-1,17,-9,-15,27,0,-15,-7,4,-19
1,6,-14,11,0,-13,-8,9,-13,-7,-10,10
-16,-14,-2,-8,-4,-32,-12,24,-13,-3,-21,-16
6,-30,-9,15,8,-33,3,16,8,-14,-21,-41
-2,-19,-40,18,-13,-39,27,21,-6,-24,-33,-36
-17,-69,-42,26,33,-65,42,3,-21,-47,-57,-23
-17,-88,-55,22,13,-55,45,39,-33,-49,-72,-43
-32,-91,-38,49,3,-89,35,36,-25,-58,-66,-92
-43,-81,-74,59,0,-71,38,29,-28,-69,-94,-71
-37,-104,-76,72,18,-91,55,43,-37,-63,-133,-49
-51,-130,-82,96,25,-101,54,19,-29,-79,-129,-81
-48,-122,-90,82,7,-92,89,38,-44,-84,-114,-79
-52,-92,-75,67,10,-104,87,68,-38,-83,-119,-69
-45,-138,-64,75,34,-87,68,49,-45,-76,-126,-88
-18,-111,-64,61,32,-108,73,55,0,-86,-106,-47
-47,-101,-54,63,16,-89,41,50,-31,-77,-77,-81
-40,-62,-38,43,4,-77,47,43,-31,-56,-89,-65
2,-32,-6,27,16,-39,47,15,-20,-30,-38,-21
-4,-6,11,-3,5,-3,-8,-6,-19,-8,26,-9
29,54,31,-42,-11,33,-22,-42,20,43,53,50
42,111,68,-89,-32,81,-67,-12,52,98,101,108
62,188,124,-129,-15,182,-100,-71,36,150,178,133
87,268,164,-191,-47,244,-150,-97,79,207,233,204
138,366,268,-247,-57,299,-207,-135,102,275,319,243
146,473,289,-311,-62,390,-255,-168,149,323,415,324
183,540,336,-381,-78,460,-309,-249,164,410,502,403
211,674,423,-462,-117,544,-361,-253,201,488,613,481
278,748,503,-523,-97,636,-437,-290,250,551,698,504
297,864,560,-562,-135,678,-463,-352,236,642,750,598
309,907,583,-635,-132,758,-494,-378,268,679,849,645
361,992,650,-661,-145,837,-542,-410,293,748,894,673
362,1007,647,-688,-162,864,-573,-418,319,761,924,738
374,1034,679,-704,-149,898,-573,-422,330,779,938,726
404,1047,658,-722,-191,877,-573,-420,307,762,921,707
351,1000,683,-704,-157,852,-573,-423,308,784,923,732
366,966,644,-682,-171,820,-548,-391,317,741,891,696
331,930,605,-661,-136,752,-520,-377,282,692,855,634
288,861,557,-586,-133,725,-486,-350,282,659,763,588
274,768,472,-532,-115,653,-421,-300,223,561,695,546
243,657,467,-478,-103,568,-364,-263,208,516,610,496
190,556,355,-385,-72,468,-342,-224,183,447,512,370
152,443,315,-330,-73,411,-256,-188,150,347,422,304
143,394,231,-242,-61,292,-216,-136,101,275,318,259
96,260,190,-161,-49,227,-150,-126,74,196,240,200
82,171,112,-118,-42,152,-80,-69,63,129,149,127
48,74,55,-69,-24,71,-51,-13,8,95,67,48
-20,6,-1,7,-2,7,11,9,5,-21,2,2
-28,-29,-24,34,18,-51,19,49,-35,-37,-47,-18
-49,-118,-86,86,14,-99,67,43,-50,-82,-83,-67
-50,-128,-107,115,17,-123,84,71,-47,-109,-147,-112
-74,-184,-135,123,33,-156,114,80,-37,-129,-170,-137
-72,-229,-143,140,30,-170,111,74,-57,-182,-192,-163
-65,-218,-129,132,39,-163,126,103,-84,-163,-196,-137
-49,-220,-162,145,63,-192,111,94,-72,-158,-185,-147
-58,-231,-139,146,38,-174,132,81,-43,-132,-185,-147
-87,-218,-102,142,29,-142,102,81,-36,-159,-185,-119
-54,-191,-152,112,9,-150,120,73,-72,-141,-186,-111
-62,-171,-96,94,15,-153,93,71,-48,-135,-141,-106
-53,-125,-100,93,20,-104,93,32,-46,-114,-115,-132
-32,-128,-58,85,21,-75,72,67,-38,-117,-102,-84
-15,-96,-85,83,6,-69,47,47,-45,-74,-123,-90
-26,-80,-52,55,41,-59,50,27,-24,-59,-77,-44
-9,-52,-34,55,10,-46,40,24,-14,-32,-44,-34
-20,-29,-22,11,-9,-27,29,-11,-20,-18,-34,-19
-8,-16,-13,35,21,-14,30,6,13,-37,-12,-7
0,19,4,24,7,2,4,12,-8,-19,2,0
7,6,-1,-8,-14,-17,3,14,12,5,13,9
10,32,1,1,20,4,-14,5,-9,7,6,-7
27,33,12,8,-20,23,-21,-14,13,31,27,17
9,24,24,-15,-13,21,-7,-7,-6,24,8,22
10,32,36,-8,6,23,-8,-1,34,26,42,13
-5,14,21,-27,3,29,-26,-22,16,19,42,46
27,55,30,2,-6,20,-17,-27,33,11,27,25
-2,49,17,-28,-22,55,-1,-35,3,25,28,8
20,54,8,-23,-17,45,-20,-26,28,45,72,33
29,48,30,-52,-16,41,-15,-25,1,37,45,14
-6,33,23,-47,18,47,-21,-15,-1,15,40,34
14,52,26,-37,-20,38,-23,-28,24,42,41,51
31,67,28,-21,-15,42,-33,-33,8,16,10,15
11,41,36,-37,-13,34,-30,-14,21,41,51,32
21,52,-4,-43,-5,44,0,-32,9,55,50,37
48,54,23,-28,-2,39,-22,-11,11,61,48,14
-2,62,39,-44,-13,57,-28,-30,31,61,34,34
15,66,39,-56,-44,66,-7,-22,12,49,36,36
27,60,33,-29,1,53,-22,-21,19,54,70,36
32,63,47,-49,-19,45,-35,-36,19,57,64,44
18,83,39,-64,2,50,-32,-20,39,45,73,46
24,40,75,-55,-23,84,-35,-27,23,53,66,62
37,72,25,-39,-17,46,-39,-36,46,64,59,61
49,95,48,-51,-4,53,-39,-23,22,59,74,69
43,89,57,-45,-13,82,-43,-38,12,55,63,77
48,67,47,-61,-18,74,-55,-47,12,42,88,43
30,90,47,-51,-15,55,-54,-32,3,52,80,69
21,71,74,-61,-8,61,-45,-54,39,85,75,39
24,90,72,-70,5,76,-31,-42,31,85,86,39
13,111,63,-75,-18,82,-26,-49,11,52,84,74
17,108,52,-88,-5,81,-37,-29,28,66,87,63
44,119,79,-86,-9,81,-46,-38,37,74,83,63
41,117,88,-63,-26,111,-63,-26,27,88,95,90
43,127,58,-80,-14,106,-59,-43,42,71,117,78
55,98,87,-87,-34,117,-82,-53,55,99,127,79
67,137,71,-73,3,104,-59,-69,46,102,94,100
34,132,105,-82,-49,99,-72,-54,30,104,135,81
44,125,85,-74,-15,111,-71,-44,49,93,109,95
25,135,78,-110,-13,136,-88,-35,33,114,126,83
38,164,90,-102,-22,124,-74,-49,55,110,148,112
45,158,88,-117,-10,133,-82,-77,31,112,145,126
91,168,96,-113,-36,126,-71,-71,30,122,151,97
69,195,117,-102,-23,148,-109,-73,62,145,125,131
56,178,125,-138,-46,157,-85,-58,60,111,154,133
81,164,115,-144,-28,144,-101,-77,42,132,167,138
71,200,118,-130,-22,179,-121,-69,52,146,184,133
45,198,135,-142,-16,168,-102,-78,75,120,195,141
49,209,144,-144,-55,175,-132,-71,60,182,191,130
67,224,146,-148,-43,191,-107,-89,61,147,195,170
98,207,142,-150,-32,177,-107,-80,71,168,195,166
56,240,158,-119,-33,203,-127,-86,78,174,207,164
99,254,177,-168,-32,193,-137,-90,100,196,230,163
81,242,182,-185,-45,218,-131,-103,74,184,212,175
102,243,164,-181,-35,209,-138,-72,61,200,225,148
93,264,169,-165,-54,216,-159,-115,88,227,249,172
102,277,176,-195,-25,216,-135,-93,66,205,247,198
106,281,204,-193,-48,229,-141,-102,101,206,229,199
103,284,197,-182,-45,207,-184,-108,97,241,258,199
100,306,201,-196,-43,256,-185,-119,98,236,269,204
139,308,190,-225,-38,255,-162,-123,94,207,274,221
101,302,230,-221,-45,250,-160,-127,103,221,286,231
100,334,200,-209,-57,235,-179,-127,98,244,307,229
123,355,233,-227,-40,286,-207,-124,109,247,302,234
137,340,236,-209,-66,281,-168,-133,109,253,307,234
117,339,225,-227,-42,305,-205,-153,90,271,294,255
145,375,233,-253,-49,297,-211,-152,101,273,317,259
139,355,238,-238,-69,303,-193,-147,108,274,334,254
106,390,240,-239,-73,284,-208,-145,112,275,313,270
142,369,229,-264,-76,300,-225,-161,126,279,335,265
157,369,256,-272,-48,311,-206,-126,104,287,343,262
149,373,253,-227,-54,316,-213,-160,107,326,372,270
130,372,235,-275,-64,327,-225,-162,112,300,326,269
134,383,252,-272,-51,327,-221,-165,115,303,340,276
130,403,262,-274,-78,346,-232,-157,107,312,337,262
129,422,267,-281,-62,328,-192,-157,119,286,347,284
139,401,241,-281,-73,340,-228,-170,122,317,382,285
152,424,262,-286,-32,352,-235,-157,137,297,373,288
158,409,253,-276,-58,349,-232,-158,140,318,376,302
152,417,285,-281,-38,350,-236,-169,132,327,378,276
153,422,257,-292,-78,352,-235,-173,116,297,398,276
161,435,249,-271,-74,327,-236,-175,114,311,375,306
157,428,279,-289,-99,345,-241,-164,147,305,385,293
123,424,307,-295,-65,366,-212,-158,135,307,378,305
136,427,250,-286,-74,346,-244,-184,114,316,388,302
152,411,293,-272,-50,339,-222,-171,119,335,382,310
146,431,268,-274,-59,360,-236,-153,122,305,374,285
150,436,273,-296,-71,365,-221,-183,140,340,386,305
140,427,280,-286,-49,343,-260,-201,134,331,393,300
144,409,283,-272,-74,348,-202,-152,132,327,396,312
161,422,282,-273,-50,351,-215,-158,106,313,378,289
128,402,270,-293,-64,336,-227,-162,128,291,358,279
144,403,275,-280,-58,338,-220,-165,137,305,367,301
147,395,264,-270,-78,325,-224,-164,125,322,367,312
140,409,261,-288,-70,331,-220,-152,103,306,336,282
146,395,281,-260,-67,340,-215,-155,125,281,360,279
134,397,249,-268,-77,317,-218,-166,119,281,331,267
129,381,236,-248,-71,332,-208,-155,111,289,351,261
140,380,257,-238,-62,301,-194,-137,133,278,361,258
132,362,238,-245,-41,293,-188,-135,90,282,306,250
137,359,240,-249,-57,316,-210,-146,121,271,316,260
117,349,242,-238,-58,310,-187,-143,105,274,324,241
95,335,223,-230,-66,291,-188,-136,110,251,294,234
130,346,228,-199,-49,281,-198,-138,91,247,294,246
94,324,208,-230,-60,268,-198,-142,105,242,278,256
102,331,183,-217,-36,275,-173,-131,96,243,269,225
108,316,199,-220,-41,247,-187,-136,113,241,263,227
117,299,209,-205,-45,253,-170,-136,71,213,285,233
101,293,180,-224,-31,235,-162,-114,99,219,270,222
87,277,189,-208,-44,233,-164,-127,82,206,252,199
103,290,191,-190,-42,215,-174,-120,76,218,261,173
96,263,172,-188,-30,219,-136,-115,100,196,237,181
70,271,147,-184,-31,221,-152,-96,70,194,245,185
88,244,180,-184,-41,209,-139,-80,82,186,239,201
92,265,175,-162,-26,211,-126,-106,80,189,221,174
85,239,144,-144,-50,201,-130,-76,62,175,189,162
83,206,150,-152,-32,183,-125,-87,84,161,192,144
72,204,131,-149,4,186,-120,-74,66,161,180,177
77,208,135,-153,-46,189,-97,-101,52,165,198,146
41,209,135,-110,-23,166,-117,-92,58,137,168,164
54,186,129,-115,-24,168,-92,-70,67,145,176,153
65,181,131,-144,-34,146,-119,-72,51,107,173,133
44,193,113,-131,-5,135,-81,-54,60,169,153,115
65,172,110,-104,-4,138,-112,-76,43,113,129,116
50,158,99,-107,-19,128,-75,-62,64,126,137,124
51,150,106,-86,-18,102,-99,-56,39,88,135,95
58,138,85,-85,-41,104,-84,-75,53,92,136,88
42,151,90,-74,-12,109,-84,-57,27,105,108,76
39,139,88,-94,-12,103,-81,-33,46,86,108,102
43,117,76,-105,-5,115,-69,-60,46,76,115,85
31,123,79,-95,-22,108,-61,-31,17,68,102,92
48,103,60,-57,-2,114,-59,-34,41,65,91,100
54,89,44,-85,-12,83,-60,-30,42,86,103,54
25,103,53,-61,-37,80,-54,-48,32,75,86,79
34,103,79,-64,-16,74,-38,-22,26,75,78,72
41,64,58,-60,-22,71,-51,-37,7,73,78,36
23,92,59,-67,-2,71,-45,-30,15,72,70,74
38,59,43,-46,-15,52,-37,-17,7,48,62,47
32,58,60,-19,-21,42,-46,-25,8,53,50,45
34,54,34,-39,-20,55,-36,-14,22,47,58,58
24,46,31,-26,3,42,-39,-8,38,23,50,49
37,58,40,-42,-13,41,-19,-24,19,31,60,65
42,38,31,-32,-10,56,-34,-9,32,30,47,44
-4,38,21,-34,-10,51,-33,-49,-3,18,49,21
-4,47,22,-22,24,47,-17,-4,32,56,20,20
27,20,26,-34,-22,17,-27,-26,20,52,41,28
28,40,21,-27,0,40,-18,1,34,10,28,5
24,33,20,-33,3,15,-15,-20,12,7,36,-2
-15,25,6,-26,-21,57,-29,-22,7,29,21,31
24,16,13,-33,-6,38,-35,-1,5,27,26,36
2,57,26,-26,0,16,-32,-4,4,22,13,39
4,25,20,-19,-5,10,-43,-19,36,26,19,19
-3,40,12,10,-10,7,-34,4,-18,12,28,12
3,29,11,-32,4,25,-6,-2,17,3,21,27
9,24,16,-30,-5,7,9,-3,-23,24,20,22
9,31,13,-25,-3,22,-12,-3,22,4,9,14
3,21,24,15,12,21,-2,2,14,25,12,-16
-1,19,1,-5,0,6,-10,-32,14,16,-8,7
-4,20,12,-4,-9,-1,-32,5,-20,27,34,24
28,9,13,-12,-17,4,-6,20,15,9,1,19
-17,24,2,1,-8,-7,-1,6,0,5,3,8
-8,17,12,-30,-18,11,11,-19,10,-13,7,22
10,12,-7,-8,-11,2,-14,6,27,14,24,7
-5,-1,15,-21,-2,18,-4,-8,2,-24,9,1
0,11,28,5,13,3,13,-5,21,23,1,1
-11,9,7,0,1,12,-12,6,6,16,7,-5
10,-12,10,-15,-9,-4,5,11,30,-2,-8,21
5,-1,5,5,9,4,0,-4,15,11,8,-9
-27,-1,-17,4,5,-4,-10,-15,-12,16,-5,5
16,6,11,2,-8,7,-21,23,-4,12,35,19
-13,16,22,-4,6,-15,-1,-16,13,16,-18,23
-10,6,1,-4,-11,14,-3,-14,-5,12,4,0
-7,23,8,-1,-5,20,14,-22,23,8,-10,-12
30,0,12,18,-11,14,9,-11,17,-3,-10,-8
3,7,16,-12,-11,-8,-15,14,-3,26,1,-9
-14,1,-3,-1,-20,7,10,-16,4,10,-16,17
12,-13,7,-26,6,-11,3,-12,-7,6,0,4
-6,3,10,26,9,-1,14,0,-1,-9,18,15
15,7,-5,-19,-17,6,-4,0,-18,-27,8,3
-2,9,-15,-12,-4,-26,-14,-3,-5,-7,-20,6
-11,-12,-9,1,-15,3,-35,-1,-10,18,-8,7
10,-10,1,-20,-3,-6,-7,26,21,14,7,9
8,-19,1,16,6,0,-28,1,-2,15,-2,-9
10,-6,-11,-14,-4,-14,-5,14,8,-4,5,6
-7,4,-8,0,-6,-3,-7,-6,13,-14,-8,3
-7,0,8,-3,-11,5,1,2,-10,-18,1,12
-12,-6,6,-18,10,-1,8,5,13,12,4,10
3,0,6,29,-1,-6,18,28,16,-32,6,-2
-19,3,12,12,-20,8,-25,2,4,15,3,16
24,22,0,0,-10,14,14,0,-17,5,2,6
8,-4,0,0,3,1,-23,-11,-19,-8,-4,-8
-6,-11,-18,2,-6,6,3,6,27,-11,-15,-26
-10,-9,3,2,-10,-6,-16,-6,8,15,0,10
4,4,5,-5,-13,-10,5,-5,-7,-26,4,0
-26,0,8,-17,-1,-17,0,11,7,8,4,10
-5,5,-6,-1,2,7,-24,9,6,-26,-9,0
-14,12,-5,6,6,20,16,3,-1,-2,8,14
-16,-12,-13,1,10,0,19,-11,1,3,9,11
7,3,-11,-36,-12,-8,5,-4,5,8,-10,-14
-11,-14,-15,-2,-25,-9,0,-5,1,3,13,21
1,2,-1,20,-8,1,9,2,-3,-18,-27,-5
-21,-22,4,-4,-5,11,4,-2,-15,13,-10,2
-3,-1,16,4,-19,9,-8,3,-13,-21,6,10
12,3,4,4,-4,-10,7,6,18,-6,5,-5
-1,8,5,10,0,21,19,-10,-6,6,-2,-12
19,-4,-13,0,15,1,9,-23,-29,-2,-7,23
-19,-4,16,-4,4,-4,22,-11,19,-6,-13,-19
-3,-13,-32,-1,-7,13,-8,-2,-20,-5,10,-2
16,12,15,-15,1,22,7,2,-3,-7,2,-18
8,0,8,17,19,14,-11,-3,0,0,-18,-8
12,7,0,6,-8,-3,-4,20,-16,9,8,-3
15,-19,10,6,12,5,18,15,18,-15,7,17
1,1,2,-4,-21,-4,-15,9,9,14,13,-14
1,15,17,18,6,-10,24,-3,-21,-10,1,-6
9,15,5,-20,-7,2,0,-8,-17,22,-3,-15
12,5,13,-5,11,8,-5,-21,-5,6,20,0
-9,6,4,1,1,-6,-22,3,-3,-9,18,-11
-6,21,2,-3,19,-2,-7,-6,2,12,-19,7
-4,6,-11,-14,5,-6,14,-13,-5,18,10,2
-14,0,-2,-6,1,-1,12,-6,-4,-6,-10,23
-21,14,-11,-9,6,2,-11,12,-20,-11,12,2
-17,3,-9,-15,-6,1,10,-22,0,5,-7,9
5,0,3,5,11,2,-2,3,-8,5,-7,11
-2,-14,-4,5,3,-2,7,-6,2,10,-10,20
-11,-13,-6,12,-11,-4,15,-12,15,-18,5,6
0,6,-10,-4,16,16,-16,4,-9,2,22,-6
-16,11,23,1,8,12,-5,-18,12,6,-6,1
-3,5,-2,13,1,2,12,-12,-11,0,7,-4
-12,-17,-13,-26,2,1,8,-7,4,-6,-18,4
17,-9,10,15,-15,-10,12,6,-5,12,31,8
1,3,14,21,-11,5,6,-3,15,-11,10,4
16,3,-18,3,-28,16,-14,-15,-5,10,-16,22
-7,16,31,-14,-3,-5,3,30,3,-4,-8,-1
14,-5,8,-2,3,11,11,20,7,-11,-18,-10
-13,19,7,3,-1,-6,0,25,16,-12,14,8
-9,6,-6,-13,2,-1,-7,-6,-4,-8,8,-16
5,24,-12,14,35,19,-13,-9,13,15,1,15
-10,20,-14,-22,1,-2,1,6,5,6,13,12
15,-1,1,-21,15,-14,14,1,4,-21,7,8
10,29,-3,-13,5,5,0,-28,7,6,11,3
1,1,-7,-15,11,-3,-18,-10,8,-1,-16,11
1,5,17,-13,-16,-10,-8,4,18,-19,10,1
4,12,10,-17,-14,16,2,-7,-12,-3,13,10
21,20,7,-20,0,22,-3,-20,16,5,-7,-18
-8,21,16,-14,-19,17,-24,12,15,15,22,15
8,47,8,12,14,31,-12,-26,-12,21,22,-3
1,16,-27,-13,-3,14,15,11,14,39,11,20
6,20,2,-10,-9,17,-12,-4,7,29,28,24
22,24,23,-22,-7,12,-17,-8,-4,22,-3,14
30,11,37,-13,14,5,-15,-9,1,27,18,12
21,41,42,-6,-19,16,-9,3,25,16,32,30
20,31,8,-24,-18,27,-3,-30,21,33,27,11
8,36,25,-24,-19,20,-14,-4,18,27,43,26
10,19,40,-21,14,46,-27,-13,-7,47,26,43
8,49,44,-34,-4,28,-36,-46,14,37,56,41
21,49,63,-36,-22,53,-21,-22,2,26,59,37
51,47,79,-34,6,49,-27,-34,14,47,41,27
14,90,49,-48,-7,56,-31,-26,22,37,61,43
33,68,14,-47,-28,69,-28,-43,16,27,72,56
26,82,28,-37,-26,94,-33,-34,36,53,84,52
43,84,47,-78,22,52,-47,-35,22,75,87,34
12,79,33,-65,-23,71,-36,-44,46,76,64,84
32,116,47,-55,-15,72,-55,-37,56,87,91,88
33,101,77,-74,-14,87,-72,-47,35,75,83,81
29,137,68,-81,-16,94,-67,-45,37,86,130,99
57,112,78,-102,-24,110,-55,-30,52,99,91,96
45,135,74,-89,-24,98,-54,-69,46,85,110,98
45,147,100,-95,-21,120,-86,-46,55,124,114,85
43,143,83,-109,-17,117,-75,-57,46,117,136,103
57,141,90,-102,-23,126,-73,-57,31,91,153,112
57,163,101,-120,-22,162,-100,-88,48,129,160,111
50,146,99,-110,-23,155,-79,-79,68,159,166,127
73,196,104,-134,-10,151,-88,-71,57,140,131,133
66,188,114,-119,-42,178,-108,-68,62,156,182,111
72,225,121,-169,-12,166,-89,-73,55,140,179,137
73,202,135,-162,-28,157,-113,-65,56,148,179,125
58,206,142,-142,-50,177,-135,-93,62,145,200,160
77,227,135,-135,-15,166,-99,-66,79,174,201,174
88,226,148,-156,-44,201,-122,-111,77,202,199,164
90,259,143,-155,-31,202,-123,-89,66,171,213,140
82,235,167,-163,-50,180,-121,-94,77,158,216,178
87,247,180,-164,-32,191,-118,-106,99,168,202,181
65,243,144,-173,-26,191,-138,-109,71,169,234,174
86,246,153,-181,-30,212,-117,-114,81,159,218,172
78,254,156,-166,-40,204,-155,-113,75,180,219,192
98,250,178,-177,-43,230,-139,-108,73,179,215,168
105,262,173,-174,-44,206,-137,-92,86,190,235,179
80,255,172,-171,-27,202,-137,-93,106,175,241,179
91,264,148,-163,-66,209,-124,-95,57,173,239,200
92,261,176,-154,-47,194,-125,-96,70,197,209,167
74,260,148,-165,-35,197,-150,-104,73,179,214,170
83,217,140,-177,-33,213,-125,-111,82,177,243,188
77,230,155,-184,-42,183,-143,-104,68,182,229,160
90,250,184,-161,-14,188,-120,-86,97,191,214,159
91,213,142,-166,-43,176,-115,-105,93,187,201,182
72,212,144,-144,-44,180,-114,-96,68,177,213,162
84,226,158,-152,-22,163,-118,-77,66,141,211,161
68,213,137,-139,-43,191,-113,-65,63,149,170,156
71,212,132,-139,-33,174,-120,-102,75,161,198,144
74,186,135,-120,2,187,-114,-109,54,138,163,141
65,182,112,-120,-50,165,-110,-89,65,140,164,121
67,161,124,-135,-27,133,-104,-72,51,136,148,128
45,158,113,-123,-47,138,-108,-83,44,137,165,98
76,165,81,-92,-34,128,-90,-70,51,108,159,98
55,131,91,-105,-15,134,-57,-49,40,121,124,124
36,153,84,-115,-36,116,-99,-53,37,120,132,79
37,123,95,-114,-19,110,-73,-72,38,89,128,89
47,133,79,-84,-5,110,-58,-36,44,98,110,92
61,109,61,-80,-17,104,-81,-52,23,67,115,75
38,129,54,-60,-10,107,-56,-50,22,54,114,79
32,85,78,-110,-8,108,-33,-41,54,92,91,66
31,95,34,-66,-17,81,-70,-33,26,88,104,82
26,72,48,-51,14,86,-32,-31,22,80,84,70
21,86,36,-55,-4,86,-52,-28,22,57,64,64
42,72,33,-48,4,69,-63,-25,25,43,55,25
16,50,45,-73,4,41,-30,-16,5,44,42,26
42,62,47,-42,-16,37,-34,-15,21,37,68,41
28,68,25,-37,-5,38,-28,-20,-1,37,41,39
41,45,25,-46,-18,21,-26,-9,3,32,40,37
12,54,29,-25,-17,30,-18,10,23,15,42,38
1,55,12,-36,-9,42,-15,-28,4,38,23,21
13,25,25,-22,2,24,-40,-10,13,12,29,42
0,48,43,-35,-5,31,-12,-16,9,2,26,8
8,9,18,-4,10,13,-9,-20,-15,29,16,30
6,29,14,-7,-26,6,-33,-35,22,5,9,21
-21,27,-11,-12,-11,15,18,-15,4,14,8,10
14,18,20,-12,-27,34,-5,10,11,11,27,1
11,-5,8,-14,-7,8,-14,-26,-1,7,-7,17
7,19,14,-3,5,19,-11,4,-22,14,8,-2
-17,26,-3,-6,-8,26,-4,-4,21,18,28,36
-5,16,-3,1,-6,11,1,10,-10,9,8,8
13,-22,-17,-11,21,7,7,11,3,12,33,30
-3,5,10,-5,-7,4,13,10,7,9,-11,17
6,17,8,10,10,-25,3,-4,19,0,-12,-14
-16,0,-10,-12,16,18,10,13,-11,-4,-7,-3
8,-26,-1,3,12,-20,8,-2,-14,-6,6,-15
2,-33,-6,30,18,-42,25,17,5,-17,-4,-5
8,-40,-5,17,6,-20,16,28,-4,-33,-7,-28
-25,-36,-20,49,25,-19,12,29,-16,-49,-16,-27
2,-60,-32,17,-24,-34,32,25,-17,-33,-51,-46
-22,-62,-51,51,-8,-52,37,14,1,-38,-52,-36
-32,-72,-40,52,-7,-60,32,33,-21,-38,-78,-49
-33,-69,-56,43,20,-78,32,3,-20,-87,-93,-42
-36,-110,-59,93,12,-63,69,51,-6,-61,-87,-71
-49,-118,-47,71,1,-77,68,56,-51,-76,-98,-65
-49,-118,-92,87,14,-81,52,69,-40,-95,-104,-92
-56,-149,-70,95,38,-119,82,76,-49,-114,-130,-82
-64,-164,-67,109,52,-118,82,68,-47,-127,-158,-110
-66,-157,-125,120,25,-137,98,74,-58,-135,-165,-100
-54,-172,-108,98,26,-151,98,75,-61,-131,-138,-123
-65,-166,-129,92,16,-147,82,71,-33,-108,-136,-120
-58,-161,-106,98,15,-132,82,49,-58,-98,-136,-112
-56,-114,-68,55,18,-109,90,31,-38,-108,-107,-96
11,-90,-63,72,47,-58,62,15,-29,-86,-88,-53
-22,-48,-31,36,37,-36,44,3,3,-53,-65,-33
-6,-1,22,19,-18,-3,-8,3,13,3,13,10
47,72,29,-40,-13,64,-31,-30,23,53,78,36
41,139,101,-99,-22,119,-66,-44,33,102,140,93
67,212,138,-143,-41,166,-104,-95,31,190,189,148
115,299,192,-202,-32,225,-174,-118,111,226,261,216
160,391,238,-259,-58,330,-213,-161,104,297,338,271
168,483,327,-320,-81,399,-278,-217,151,354,441,350
201,572,357,-419,-104,465,-337,-230,176,441,540,423
226,660,425,-465,-107,576,-358,-269,202,508,604,479
270,757,461,-533,-122,639,-404,-317,223,572,687,540
295,831,543,-599,-129,684,-458,-334,245,638,763,612
319,913,569,-624,-161,783,-490,-374,286,677,835,653
333,957,626,-646,-150,792,-557,-378,280,732,848,676
353,1010,650,-692,-138,827,-536,-417,286,735,900,693
341,1035,661,-665,-144,862,-545,-401,285,779,919,711
340,1018,675,-683,-147,844,-545,-399,295,766,884,698
335,990,626,-662,-137,794,-560,-390,291,739,874,696
323,920,602,-619,-127,768,-520,-364,294,670,821,650
296,834,523,-577,-136,712,-453,-341,258,614,758,605
268,772,504,-508,-131,650,-411,-294,239,580,678,548
231,672,420,-436,-73,564,-385,-254,209,520,615,461
213,552,376,-391,-86,468,-291,-211,162,403,522,388
164,459,276,-310,-58,413,-222,-176,108,314,425,313
140,337,233,-223,-41,284,-190,-123,95,260,321,245
87,265,146,-161,-22,222,-139,-96,81,185,220,161
51,143,97,-96,-13,159,-71,-59,46,128,149,115
30,90,50,-38,-15,84,-17,7,19,43,64,47
-8,-5,-14,-29,1,3,9,-3,-21,-16,-8,-6
-18,-93,-87,48,3,-46,21,12,-45,-58,-59,-37
-33,-116,-84,94,22,-109,91,71,-43,-90,-133,-112
-68,-174,-108,120,40,-153,117,51,-45,-133,-149,-141
-68,-210,-129,127,40,-193,110,105,-55,-168,-201,-154
-85,-239,-144,156,62,-230,148,83,-53,-186,-220,-153
-96,-248,-168,188,25,-203,140,110,-87,-213,-239,-166
-100,-266,-170,181,55,-226,134,107,-46,-201,-240,-183
-100,-250,-188,200,67,-214,171,108,-67,-202,-231,-188
-89,-256,-158,171,59,-213,125,97,-70,-192,-210,-184
-82,-265,-164,168,51,-219,147,80,-84,-177,-206,-150
-75,-222,-168,142,26,-196,118,95,-54,-192,-176,-155
-60,-215,-134,156,23,-182,103,79,-61,-149,-181,-141
-68,-189,-110,129,25,-162,94,80,-52,-140,-154,-130
-71,-140,-110,101,7,-128,112,76,-75,-101,-136,-125
-50,-148,-82,99,18,-107,84,38,-49,-107,-134,-78
-52,-130,-87,79,26,-100,75,19,-21,-104,-103,-97
-30,-85,-53,61,5,-94,64,51,-22,-86,-93,-68
-32,-85,-61,45,-14,-72,43,31,-34,-70,-80,-64
-22,-73,-36,57,-18,-75,35,24,-32,-51,-54,-54
-23,-41,-44,41,-12,-61,22,39,-22,-62,-58,-48
-9,-58,-44,42,25,-51,11,25,18,-29,-40,-25
-15,-45,-20,43,-1,-28,-1,39,-24,-31,-50,-34
-7,-30,-34,32,20,-47,19,28,14,-43,-52,-32
-17,-30,-13,6,-1,-39,2,12,-3,-17,-31,-37
0,-9,4,35,1,-36,21,11,-3,-15,1,-20
-4,-41,-10,26,7,-12,2,17,-16,-11,-42,-18
-12,-16,5,10,8,-17,15,20,-10,-34,-4,-12
-2,-22,3,21,-7,-31,16,-5,-6,-18,-41,-4
-15,-23,-13,12,-17,-17,8,-30,22,-11,5,11
-13,-9,-21,22,-3,-14,-3,1,0,-10,-32,-24
0,-10,14,22,8,-8,2,13,-19,-15,-26,-25
-12,0,-13,24,-5,-11,24,-8,-29,-16,-14,-5
2,-18,3,3,15,-8,6,12,3,-26,-27,-22
-12,-26,-12,14,1,-15,4,-10,12,9,-19,-29
3,-7,-6,9,-2,-12,3,10,-7,-9,-31,-11
3,-12,9,29,14,-11,24,6,24,-13,1,-2
-13,-4,4,-1,-4,0,-5,4,-5,-15,-10,-4
-12,-1,0,6,-20,-6,10,2,-8,-10,1,2
-23,-15,-11,5,-10,-20,9,-3,-6,0,-13,-36
-6,-10,1,-9,-4,4,1,1,-21,-15,8,-5
-9,10,25,18,-5,8,-7,-4,-6,24,21,-27
12,16,14,-5,12,29,-7,3,-11,-2,-10,-7
-9,16,6,-4,-19,9,-13,5,-1,29,24,3
23,-5,2,1,-23,17,-1,-3,27,-2,-6,-10
24,9,2,-28,-1,14,-31,-6,3,7,-1,-5
7,32,13,-7,20,12,-9,-11,1,11,-6,17
10,22,12,-40,-13,27,-8,15,4,11,8,15
2,20,13,-3,32,10,-7,3,4,4,23,7
11,26,11,-16,-9,14,-11,-9,-7,47,34,4
-1,49,14,-33,-8,17,-23,-13,-3,26,27,23
-7,36,25,-22,-8,27,-18,-3,20,18,28,19
1,34,20,-25,29,40,-15,-4,0,10,33,23
20,59,15,-32,15,44,-34,-29,4,49,46,28
5,44,48,-42,-21,41,-45,-34,17,40,64,35
22,61,41,-43,-11,45,-35,-24,17,55,48,32
28,46,46,-40,15,50,-23,-15,32,42,61,46
9,65,52,-54,-15,80,-43,-13,-2,38,46,61
43,54,68,-59,5,85,-38,-44,25,60,48,50
45,100,53,-70,-12,63,-31,-25,31,75,99,49
11,72,61,-56,-10,63,-35,-33,14,50,69,76
25,104,60,-61,-8,92,-62,-44,24,69,83,62
24,110,73,-81,-17,94,-51,-24,26,74,82,77
38,83,76,-99,-45,87,-36,-45,31,86,75,63
39,108,55,-81,-41,91,-70,-37,30,50,109,51
37,116,75,-93,-5,127,-53,-52,35,97,109,91
40,125,98,-102,-25,114,-63,-37,45,103,110,98
45,130,98,-95,-1,94,-62,-45,63,110,125,91
65,161,101,-120,-37,103,-53,-68,40,111,127,115
22,141,85,-96,-17,142,-96,-69,40,113,127,133
71,145,114,-129,-19,147,-100,-70,38,132,155,100
58,157,109,-95,-30,129,-96,-55,27,143,149,135
69,175,100,-113,-31,142,-85,-104,36,143,170,130
46,183,100,-128,-39,141,-110,-75,65,145,162,121
72,196,118,-137,-21,185,-80,-81,71,152,172,123
85,205,114,-143,-25,166,-104,-95,52,166,173,161
72,218,140,-163,-53,169,-125,-66,57,156,199,150
78,209,139,-161,-31,181,-124,-87,73,170,192,162
54,236,167,-155,-28,171,-123,-83,45,158,223,165
75,233,161,-153,-39,211,-132,-97,65,197,208,171
76,211,135,-162,-43,203,-111,-99,70,179,213,164
98,225,164,-175,-40,205,-134,-109,84,179,226,187
98,237,164,-145,-55,196,-110,-95,78,205,242,184
109,273,172,-178,-44,217,-140,-142,84,197,245,184
87,276,179,-190,-56,236,-161,-106,91,203,251,184
93,295,199,-194,-36,248,-166,-121,61,218,239,204
104,290,192,-204,-25,264,-151,-145,73,211,267,204
85,307,180,-208,-39,239,-177,-111,88,235,270,198
107,310,217,-199,-32,261,-189,-136,72,244,286,210
99,316,205,-223,-54,265,-171,-106,89,217,289,219
122,284,199,-219,-69,259,-186,-140,105,237,296,198
127,314,188,-246,-63,267,-157,-137,105,252,289,221
127,312,213,-230,-65,275,-182,-142,115,241,275,203
130,327,209,-218,-48,276,-193,-145,101,256,307,232
101,357,220,-237,-62,299,-176,-136,116,252,299,236
131,326,241,-222,-48,291,-182,-133,123,260,299,222
113,367,222,-231,-59,276,-190,-129,84,269,312,254
101,351,222,-242,-68,293,-183,-149,126,237,301,257
130,337,227,-240,-50,298,-183,-132,98,261,309,235
119,366,231,-252,-37,292,-190,-166,112,285,324,247
135,358,228,-261,-78,285,-185,-123,108,285,324,242
118,367,220,-247,-54,298,-192,-132,118,253,314,248
126,371,245,-246,-37,294,-190,-151,85,266,331,242
118,358,236,-248,-56,311,-234,-139,94,251,308,229
139,354,237,-227,-49,288,-198,-134,104,284,329,256
116,353,229,-257,-51,288,-191,-134,121,275,299,253
128,361,224,-251,-46,291,-188,-130,98,272,309,247
151,354,234,-238,-51,302,-192,-154,112,268,304,252
113,339,218,-260,-50,299,-188,-143,115,282,319,247
118,369,247,-245,-38,301,-191,-150,105,274,334,251
121,344,234,-251,-39,306,-195,-157,108,267,322,240
126,338,234,-247,-57,262,-188,-141,90,274,343,248
122,345,224,-252,-59,274,-172,-126,116,260,322,231
121,353,241,-225,-65,292,-194,-132,79,246,304,218
107,350,222,-224,-65,273,-195,-136,101,257,274,248
121,332,195,-232,-34,302,-182,-122,107,243,317,226
107,325,215,-215,-28,276,-182,-144,98,238,272,241
97,311,235,-216,-46,257,-179,-127,82,236,292,225
100,286,189,-209,-48,270,-143,-132,90,226,272,189
135,283,193,-221,-20,260,-155,-127,77,229,258,223
101,297,191,-194,-20,229,-167,-113,99,225,265,201
99,311,184,-191,-43,250,-171,-117,102,216,271,200
78,290,168,-189,-24,259,-152,-107,68,208,262,221
63,286,160,-176,-44,239,-155,-92,83,210,265,185
98,293,186,-170,-24,236,-133,-100,83,200,251,195
60,247,169,-165,-31,222,-130,-86,68,189,219,206
84,242,187,-184,-13,203,-143,-127,37,186,223,165
100,230,162,-155,-18,205,-114,-111,73,184,209,178
81,233,155,-159,-38,193,-127,-119,66,167,214,137
87,228,156,-157,-21,187,-124,-91,56,184,197,147
65,224,135,-144,-40,169,-117,-85,70,167,190,139
71,223,135,-154,-34,178,-129,-86,48,149,175,135
64,183,162,-139,-34,163,-115,-78,79,140,175,135
77,194,112,-131,-45,171,-107,-85,75,140,167,143
54,193,112,-122,-25,154,-99,-59,56,130,153,113
48,178,93,-109,-39,118,-92,-78,35,139,155,108
58,174,122,-101,-39,132,-106,-87,67,120,170,123
31,146,114,-117,-20,139,-112,-65,59,112,126,134
26,139,86,-90,-31,122,-87,-72,45,111,129,114
52,137,86,-84,-27,106,-74,-57,47,101,120,106
59,148,64,-101,-24,92,-61,-47,38,87,127,69
44,122,62,-72,-28,124,-63,-64,54,101,105,92
14,96,62,-77,-17,83,-57,-45,21,78,89,78
62,113,74,-37,-29,78,-50,-20,28,78,92,73
33,87,60,-66,-24,87,-48,-38,32,53,90,65
26,72,61,-36,-15,85,-35,-42,25,71,65,65
32,82,32,-43,-20,68,-39,-26,15,70,81,44
36,72,39,-40,5,41,-35,-29,2,33,67,37
4,47,35,-47,-3,60,-25,-24,41,27,71,31
22,50,52,-38,-12,48,-12,-22,-6,45,36,45
1,50,24,-35,-5,10,-36,-18,10,26,36,39
38,24,28,-42,-12,32,-18,-9,1,36,19,16
33,37,20,-18,-14,37,-29,-19,4,40,26,34
15,39,2,-23,-15,22,-30,5,-2,-13,36,11
22,20,14,-19,10,-2,-33,-18,-4,4,21,26
-2,34,17,-11,-11,20,2,15,15,20,-9,2
-9,16,18,-6,9,12,-7,2,17,-4,5,13
13,5,14,-20,7,4,3,-13,27,-10,0,-5
4,-12,-3,4,5,4,20,1,-4,6,10,-10
-12,-2,15,-5,0,-6,-4,1,11,-30,-7,25
-10,-11,-27,3,-15,-5,8,6,-21,-2,3,-1
-6,-2,2,11,-8,-12,14,-4,-7,-11,-5,-46
-26,-24,-19,-6,27,-14,20,-2,-17,-27,-2,-7
-4,-37,-19,39,-18,-14,13,22,-18,-4,-37,-42
-10,-36,-25,2,5,-44,5,18,-20,-8,-23,-18
-3,-53,-30,3,6,-27,25,2,10,-29,-21,-21
-19,-36,-37,0,12,-44,10,16,9,-34,-44,-42
-17,-24,-23,10,8,-35,21,2,-14,-36,-40,-21
-11,-40,-58,18,10,-43,29,11,-31,-10,-35,1
-7,-50,-29,24,6,-52,19,19,3,-11,-26,-26
-22,-53,-43,20,8,-42,23,34,-9,-45,-8,-40
-23,-62,-13,12,26,-27,22,14,-14,-30,-30,-37
-14,-40,-28,38,9,-49,28,-2,5,-21,-52,-38
-20,-71,-26,39,-12,-51,33,33,-5,-17,-48,-44
-8,-53,-23,39,-4,-57,35,24,0,-48,-55,-50
7,-67,-59,49,-8,-56,25,18,-16,-56,-42,-22
-32,-56,-44,44,8,-55,21,17,-18,-46,-38,-40
-32,-57,-53,41,-13,-72,41,22,-32,-59,-47,-45
-42,-62,-27,58,12,-26,34,28,-19,-53,-45,-42
-23,-72,-43,28,22,-71,31,15,-8,-47,-39,-44
-19,-53,-56,56,22,-57,25,18,-18,-60,-63,-56
-24,-58,-55,42,7,-48,22,15,-16,-45,-71,-39
-31,-53,-31,69,24,-56,48,13,-6,-46,-72,-40
-24,-90,-39,37,2,-64,20,-2,-57,-60,-53,-59
-24,-50,-55,43,17,-53,19,22,-3,-46,-61,-43
-15,-80,-46,54,11,-64,27,33,-15,-34,-50,-40
-25,-73,-50,45,14,-50,35,27,-25,-57,-48,-66
-34,-79,-44,39,9,-49,35,43,-5,-50,-40,-57
-21,-84,-43,43,13,-46,47,35,-12,-70,-58,-70
-24,-90,-25,48,8,-45,16,30,4,-33,-81,-77
-34,-67,-35,41,-3,-64,49,22,-18,-55,-45,-21
-27,-93,-61,53,21,-47,29,9,-23,-61,-68,-50
-22,-72,-40,58,14,-77,30,34,-24,-49,-86,-35
-16,-73,-42,36,-7,-45,23,47,-27,-57,-67,-45
-28,-79,-50,55,-3,-66,35,39,-38,-55,-54,-66
-23,-75,-42,64,8,-80,32,36,4,-46,-49,-45
-20,-99,-61,37,34,-51,51,41,2,-62,-41,-53
-45,-77,-59,46,13,-48,28,31,-28,-62,-64,-75
-21,-83,-69,49,2,-76,30,7,-21,-44,-65,-56
-44,-70,-46,50,28,-74,50,43,-28,-63,-63,-65
-34,-77,-51,47,25,-82,66,17,-4,-44,-55,-55
-12,-94,-57,40,18,-58,19,12,-29,-45,-87,-47
-24,-70,-65,46,15,-63,40,32,-20,-57,-78,-46
-18,-85,-54,44,24,-63,41,34,-4,-42,-78,-63
-7,-72,-38,52,16,-86,34,31,-19,-59,-57,-48
-18,-78,-57,54,19,-67,36,25,-33,-63,-70,-36
-26,-89,-55,42,12,-81,61,33,-29,-58,-58,-40
-41,-97,-26,62,3,-64,54,38,-25,-69,-64,-43
-13,-65,-46,51,16,-71,35,15,-19,-65,-53,-51
-27,-77,-56,56,9,-77,47,30,-13,-77,-68,-43
-26,-86,-30,53,-4,-74,35,44,-40,-67,-68,-36
-26,-80,-25,55,3,-56,38,37,-9,-50,-75,-50
-33,-82,-62,41,21,-41,29,48,-5,-32,-65,-57
-13,-102,-51,74,39,-69,42,19,-21,-61,-74,-72
-28,-70,-48,42,2,-54,24,39,-14,-65,-57,-69
-18,-76,-58,70,19,-58,51,44,-21,-39,-88,-52
-27,-82,-50,59,10,-73,43,25,-28,-58,-61,-62
-23,-58,-83,64,14,-40,25,36,-14,-69,-74,-51
-23,-63,-49,47,19,-65,70,15,-23,-50,-62,-46
-46,-69,-26,49,19,-43,45,48,-19,-69,-84,-56
-13,-102,-54,37,42,-38,43,33,-29,-45,-62,-54
-57,-83,-49,39,-14,-45,39,9,-27,-38,-55,-47
-27,-76,-66,51,16,-62,39,31,-32,-58,-47,-64
-40,-69,-51,48,-8,-85,52,21,-24,-75,-76,-75
-33,-61,-50,56,1,-76,66,35,-48,-48,-66,-57
-18,-58,-53,62,22,-60,38,27,-7,-59,-56,-54
-2,-59,-44,60,30,-58,18,23,-31,-56,-61,-58
-21,-65,-58,40,11,-56,39,32,-23,-85,-51,-59
-22,-72,-51,31,11,-47,34,14,-23,-56,-61,-61
-29,-80,-42,66,14,-82,52,33,-33,-55,-74,-38
-22,-64,-50,64,-4,-33,39,24,-26,-49,-77,-60
-47,-68,-48,43,13,-64,63,37,-41,-80,-82,-64
-33,-83,-18,64,23,-63,41,27,-29,-60,-66,-48
-11,-79,-52,47,4,-70,38,37,-39,-52,-59,-31
-22,-86,-40,42,11,-51,46,14,-25,-76,-73,-31
-32,-89,-33,52,27,-57,53,25,-12,-60,-75,-73
-27,-83,-41,45,31,-88,41,24,1,-48,-79,-56
-37,-70,-54,53,-6,-65,32,30,-33,-48,-64,-36
-41,-91,-52,55,2,-57,46,21,-33,-72,-68,-47
-6,-71,-67,71,16,-51,22,57,-29,-67,-75,-50
-43,-63,-55,61,22,-61,50,35,-18,-69,-50,-9
-42,-78,-64,53,19,-80,37,24,-26,-74,-61,-43
-43,-51,-57,21,27,-57,53,32,-13,-54,-64,-57
-27,-75,-70,45,30,-48,18,38,-26,-73,-40,-47
-23,-66,-56,73,8,-98,46,43,-3,-56,-66,-48
-40,-65,-50,49,1,-55,52,24,-25,-66,-67,-59
-34,-81,-50,55,13,-45,9,27,0,-63,-69,-56
-19,-85,-31,37,9,-68,45,32,-27,-67,-77,-68
-38,-91,-48,56,13,-74,36,56,-19,-39,-50,-44
-13,-57,-51,72,11,-52,30,32,-24,-59,-79,-45
-45,-94,-56,35,3,-50,32,35,-4,-54,-57,-55
-17,-93,-53,51,10,-79,37,23,-11,-56,-60,-45
-30,-65,-56,33,22,-58,30,47,-24,-69,-56,-53
-27,-66,-45,54,9,-67,41,32,-22,-53,-62,-54
-8,-53,-29,60,17,-50,59,34,-34,-53,-49,-61
-28,-64,-51,63,4,-60,31,21,-27,-48,-76,-66
-18,-74,-40,39,12,-75,28,-1,-21,-55,-78,-53
-10,-74,-71,23,10,-62,38,29,2,-52,-46,-49
-19,-67,-54,41,4,-69,42,21,-13,-43,-55,-24
-3,-72,-45,14,17,-63,35,41,-25,-45,-35,-33
-3,-79,-49,57,21,-54,27,43,-39,-67,-53,-55
-29,-69,-52,42,15,-60,42,6,-18,-36,-61,-57
-1,-74,-41,46,14,-47,45,26,-11,-48,-53,-48
-26,-72,-50,42,-2,-62,47,51,-35,-50,-54,-42
-35,-79,-43,34,21,-39,40,26,-26,-61,-59,-70
-19,-52,-32,42,-14,-49,60,32,-6,-64,-42,-40
0,-56,-15,23,-8,-34,12,12,-11,-50,-51,-46
-4,-67,-39,41,4,-31,24,19,-25,-51,-69,-32
5,-66,-35,32,11,-55,19,4,-27,-44,-54,-30
-3,-43,-12,21,-10,-55,42,16,-9,-34,-34,-22
-33,-35,-27,46,19,-48,31,8,12,-43,-36,-19
-6,-61,-19,18,26,-54,19,11,4,-55,-25,-39
-37,-40,-25,32,9,-59,27,17,-14,-28,-46,-22
-4,-25,-13,16,7,-29,38,4,-25,-21,-6,-35
-10,-35,-2,23,-1,-43,20,3,-11,-9,-15,-18
-24,-9,-22,23,-4,-61,11,10,-6,-3,-23,-13
-15,-34,1,12,-8,-37,5,15,7,-17,-10,6
-9,-15,-31,31,8,-24,5,16,-14,6,-26,3
16,-11,-4,21,0,-1,13,3,10,-15,-15,-3
-25,-16,-18,15,-1,3,2,15,-5,-6,-21,3
-19,-2,-7,-6,-3,13,9,-10,-4,-20,-17,-18
-11,14,0,-7,0,6,-27,-12,-23,5,-10,6
-6,12,-25,-16,9,0,8,-2,9,13,21,3
15,31,12,-15,-13,-6,-1,-5,8,28,20,5
6,24,8,-16,-19,34,-19,2,6,5,43,6
8,6,38,-15,17,15,-16,-22,21,24,34,33
27,36,37,-11,-28,37,-22,-35,4,34,36,35
40,46,45,-55,-19,24,-42,10,11,52,70,5
21,64,32,-43,-19,39,-15,-38,17,38,42,52
30,89,44,-37,-6,73,-30,-26,-1,50,43,27
35,55,56,-53,-1,52,-28,-27,21,65,34,60
14,71,51,-45,-26,68,-41,-25,31,49,68,40
21,103,61,-72,-33,77,-68,-30,22,77,74,63
34,105,65,-51,-15,95,-62,-45,9,45,100,76
29,123,67,-66,-34,108,-37,-24,27,78,96,73
36,109,63,-71,-23,106,-59,-62,52,99,91,87
29,118,105,-77,-14,100,-69,-57,46,86,131,69
40,118,78,-85,-16,110,-77,-52,24,73,98,101
48,131,76,-92,-19,129,-75,-64,39,106,107,100
40,152,91,-92,-28,109,-82,-68,61,97,131,120
47,152,92,-112,-16,120,-90,-68,41,121,124,109
74,145,86,-116,-27,132,-76,-61,51,123,144,121
48,157,100,-112,-23,131,-102,-42,33,103,137,102
51,165,121,-126,-10,135,-110,-74,48,127,151,136
64,164,96,-100,-32,130,-99,-70,42,113,158,98
48,178,114,-114,-40,112,-84,-64,36,107,147,130
54,181,99,-107,-31,138,-83,-42,54,132,143,114
48,179,113,-104,-35,155,-94,-70,33,122,164,126
60,180,90,-126,-36,154,-103,-57,53,110,131,124
58,189,104,-115,-38,144,-109,-65,54,140,150,102
53,170,111,-112,-14,130,-126,-48,47,120,149,128
56,184,125,-113,-39,138,-92,-76,57,101,144,132
63,176,128,-101,-33,138,-89,-59,45,127,149,115
41,139,105,-132,-29,132,-99,-50,56,98,156,94
51,162,81,-118,-17,132,-86,-63,39,105,157,107
49,133,99,-106,-30,131,-72,-47,38,128,157,90
62,145,99,-103,1,132,-69,-63,61,122,124,110
49,130,101,-88,-44,120,-76,-55,46,121,138,86
58,123,86,-93,-27,105,-75,-51,70,85,120,100
42,119,75,-61,-25,114,-54,-62,30,104,110,71
37,142,106,-80,-33,101,-72,-36,16,81,121,75
15,76,76,-66,-12,104,-36,-45,27,69,107,72
44,114,61,-44,-33,65,-53,-25,47,55,91,72
40,90,72,-66,-25,79,-61,-37,32,79,67,68
24,88,99,-66,-12,80,-57,-79,27,55,71,39
32,77,41,-58,-7,81,-20,-37,16,51,71,68
33,78,31,-42,-5,45,-18,-33,5,64,53,62
15,50,31,-23,-15,51,-25,-6,16,38,66,50
19,57,43,-29,13,41,-21,-38,15,46,58,19
23,42,20,-50,3,43,-14,-19,39,32,56,26
9,31,6,-7,25,39,-23,-26,23,30,16,7
13,23,26,-12,9,14,1,-11,14,19,13,9
2,10,-2,-5,-20,33,5,-1,1,21,25,7
4,8,10,-15,16,25,2,8,28,32,13,1
-30,-6,13,-12,-15,18,-17,4,-4,2,-11,18
1,0,10,20,7,4,7,-8,8,-5,-20,-22
-9,-15,-7,21,0,-5,0,2,-25,-16,-1,-10
4,-27,7,7,11,-16,-8,-2,0,-20,-24,0
-25,-34,-13,4,-5,-4,13,9,-6,-23,-20,-18
-28,-47,-15,8,16,-26,32,2,-14,-19,-11,-12
3,-24,-25,27,2,-37,35,-1,-19,-16,-15,-19
-19,-44,-16,13,12,-27,34,13,-4,-30,-49,-23
-7,-36,-28,30,-9,-38,9,29,-21,-35,-38,-42
-1,-31,-36,35,16,-35,36,32,-25,-38,-66,-46
-36,-56,-45,32,24,-30,51,44,4,-49,-31,-22
-24,-54,-47,46,10,-45,23,11,-53,-22,-33,-30
-17,-86,-36,35,21,-40,30,16,-10,-30,-47,-55
-45,-57,-34,51,-8,-24,12,52,-33,-30,-73,-48
-37,-64,-45,59,17,-40,40,13,-15,-57,-63,-35
-39,-69,-55,35,14,-26,40,36,-33,-46,-37,-47
-31,-62,-58,65,13,-49,35,36,-27,-54,-59,-51
-7,-75,-54,32,22,-65,22,32,-31,-33,-61,-77
-21,-64,-57,57,12,-52,50,9,-39,-41,-64,-45
-39,-81,-63,45,7,-57,52,28,-23,-52,-57,-34
-27,-70,-64,54,7,-58,31,29,-14,-73,-71,-61
-46,-108,-42,63,16,-49,55,38,-27,-45,-76,-58
-46,-98,-63,79,21,-56,28,37,-24,-66,-101,-58
-33,-95,-47,69,8,-71,63,6,-38,-71,-79,-68
-44,-118,-66,73,29,-75,64,39,-33,-79,-77,-74
-27,-115,-66,66,31,-79,48,37,-35,-95,-84,-61
-49,-127,-80,91,42,-113,47,36,-19,-117,-113,-72
-45,-122,-78,69,26,-111,60,28,-35,-99,-140,-93
-47,-132,-82,108,38,-119,72,58,-25,-88,-103,-94
-49,-166,-101,97,1,-121,72,67,-37,-123,-134,-118
-67,-177,-101,84,13,-145,80,64,-58,-130,-140,-137
-58,-186,-111,125,28,-152,89,54,-23,-128,-160,-127
-76,-162,-120,113,-1,-151,110,63,-57,-129,-185,-139
-65,-184,-134,137,59,-163,97,69,-79,-151,-185,-130
-73,-206,-126,138,23,-204,111,78,-68,-156,-196,-153
-72,-227,-154,149,27,-190,114,93,-44,-176,-209,-164
-70,-209,-147,182,42,-182,124,72,-54,-170,-192,-180
-81,-216,-146,145,42,-185,112,100,-99,-190,-213,-157
-77,-220,-152,136,35,-186,133,77,-78,-168,-204,-149
-67,-199,-130,132,41,-178,116,80,-62,-135,-198,-135
-49,-158,-99,127,22,-162,87,90,-51,-124,-164,-121
-66,-168,-103,106,36,-112,60,62,-55,-113,-134,-83
-49,-87,-62,57,29,-85,39,49,-19,-86,-93,-77
-44,-55,-39,6,-7,-51,43,29,-22,-51,-79,-65
-12,15,17,4,-11,2,16,9,-7,10,-13,8
9,69,63,-42,-10,54,-47,-29,38,70,44,44
59,149,116,-105,-16,102,-98,-41,30,120,139,122
77,216,155,-152,-34,185,-118,-101,62,180,204,180
113,316,217,-219,-73,285,-156,-140,87,243,299,247
161,437,270,-292,-59,335,-227,-172,156,326,376,299
172,513,337,-375,-104,432,-280,-206,154,402,474,345
212,632,413,-456,-80,530,-347,-246,178,489,576,463
240,716,455,-479,-112,586,-390,-290,222,547,652,498
281,796,525,-537,-133,647,-434,-312,236,582,719,546
314,867,547,-588,-125,701,-494,-334,255,637,798,603
318,927,558,-633,-137,729,-490,-352,284,688,812,655
319,953,600,-653,-145,801,-533,-390,298,688,860,650
316,954,619,-641,-117,793,-523,-380,273,685,855,653
332,918,590,-650,-142,786,-516,-365,287,712,844,655
322,898,605,-592,-144,757,-513,-375,280,668,810,637
311,837,543,-574,-140,713,-468,-336,254,645,779,593
263,768,512,-514,-104,628,-416,-313,230,587,697,532
241,689,452,-473,-108,572,-380,-269,198,544,626,490
211,578,384,-406,-82,481,-304,-256,174,445,529,426
188,492,311,-338,-71,399,-278,-188,161,383,461,339
141,377,254,-266,-43,317,-219,-135,126,298,335,269
122,285,179,-188,-65,254,-151,-115,97,228,245,177
64,182,120,-102,-22,131,-114,-58,71,138,165,121
30,68,48,-70,-4,53,-33,-25,40,51,94,60
-1,-16,7,-2,4,5,11,-11,-6,-6,-2,4
-26,-99,-48,37,12,-85,48,27,-32,-84,-76,-61
-61,-150,-105,118,25,-133,91,73,-48,-139,-145,-99
-64,-221,-150,143,29,-187,105,91,-61,-148,-191,-159
-73,-260,-161,169,22,-243,140,108,-78,-197,-235,-201
-99,-314,-209,220,40,-244,161,111,-94,-255,-267,-200
-114,-322,-221,220,35,-268,190,119,-99,-247,-276,-216
-90,-330,-235,245,49,-289,163,132,-107,-254,-303,-253
-108,-344,-238,237,39,-291,205,145,-107,-248,-312,-258
-127,-345,-241,242,72,-291,192,163,-108,-279,-315,-237
-136,-342,-234,255,42,-283,174,154,-105,-283,-295,-263
-126,-343,-227,222,58,-276,193,135,-94,-229,-291,-241
-107,-323,-211,218,67,-267,161,130,-104,-228,-292,-227
-114,-274,-191,205,54,-254,174,107,-76,-202,-254,-218
-101,-271,-192,176,37,-232,134,108,-93,-206,-234,-199
-76,-261,-168,157,35,-193,138,110,-99,-193,-246,-181
-80,-209,-164,150,32,-199,138,98,-85,-184,-208,-165
-85,-199,-144,132,32,-187,96,80,-64,-162,-211,-146
-89,-184,-119,143,39,-148,86,60,-36,-147,-177,-151
-53,-183,-108,125,16,-138,95,67,-54,-142,-156,-139
-56,-165,-125,112,37,-157,66,62,-54,-94,-172,-135
-56,-176,-100,91,24,-106,83,43,-69,-127,-126,-129
-52,-145,-101,102,19,-120,62,39,-47,-88,-108,-82
-18,-114,-75,98,10,-116,83,49,-36,-102,-120,-97
-40,-129,-79,108,27,-114,77,59,-30,-93,-125,-73
-50,-149,-95,105,20,-108,62,79,-35,-92,-103,-72
-45,-128,-78,80,-4,-104,60,39,-43,-94,-111,-81
-37,-120,-77,47,15,-80,64,36,-54,-75,-111,-79
-30,-114,-78,56,29,-80,61,22,-30,-79,-99,-80
-43,-127,-67,68,29,-102,53,46,-37,-66,-111,-56
-43,-98,-39,68,22,-75,49,44,-28,-56,-103,-86
-21,-93,-74,60,-15,-72,56,33,-29,-85,-93,-75
-19,-92,-77,57,22,-91,62,22,-37,-90,-86,-103
-41,-94,-49,62,9,-93,56,41,-37,-99,-99,-95
-20,-103,-68,68,23,-81,39,36,-23,-87,-81,-64
-35,-114,-60,62,5,-107,53,57,-45,-90,-89,-65
-22,-65,-84,78,21,-91,60,40,-11,-75,-94,-76
-35,-110,-68,42,8,-86,53,36,-51,-100,-77,-60
-38,-113,-46,44,18,-94,47,63,-11,-62,-81,-66
-34,-89,-74,49,3,-65,71,57,-32,-71,-92,-74
-49,-108,-57,65,20,-83,64,35,-39,-69,-94,-69
-32,-100,-58,65,15,-65,49,37,-43,-62,-89,-60
-42,-65,-45,70,13,-73,69,42,-19,-66,-71,-67
-27,-108,-34,60,8,-66,34,27,-36,-67,-73,-51
-23,-81,-62,64,-3,-85,40,26,-34,-61,-86,-49
-23,-69,-45,40,1,-72,53,29,-8,-47,-72,-29
-11,-96,-48,85,24,-60,35,39,-34,-39,-82,-49
-46,-75,-41,71,5,-28,46,32,-24,-62,-58,-37
-10,-80,-57,32,43,-56,23,22,-4,-55,-66,-55
-38,-53,-37,27,28,-77,44,19,-32,-31,-45,-47
-33,-67,-40,48,1,-50,29,6,-3,-36,-36,-48
-25,-68,-46,26,6,-59,46,27,-19,-37,-53,-36
-30,-58,-20,24,-5,-60,24,26,-17,-35,-35,-44
2,-43,-31,31,23,-42,37,4,-29,-36,-38,-32
-29,-34,-22,24,-4,-32,16,23,-15,-18,-24,-41
-4,-68,-30,37,14,-20,25,20,-5,-20,-40,-19
-7,-49,-29,17,-1,-7,40,22,-7,-29,-14,-14
10,-26,-24,37,4,-12,13,20,3,-26,-6,-19
-11,1,-17,16,17,-18,45,-6,2,-12,-18,-30
21,-6,-1,-2,-22,-20,13,11,9,-41,-18,-25
0,-8,19,-14,4,-20,15,-12,-22,7,-23,-3
-19,-8,-8,18,-9,2,1,12,8,-1,-6,3
8,-11,-27,-12,17,-10,-1,-4,10,-2,0,28
-1,6,6,-10,0,8,7,-2,-5,13,9,11
-7,1,-1,-19,7,20,6,-2,17,9,15,14
-1,27,5,-10,-16,12,-34,-21,-6,36,27,20
22,33,28,-32,-2,53,-1,-14,17,32,23,38
7,42,37,-26,3,29,-8,-18,18,-3,28,29
1,45,12,-37,5,35,-22,-18,56,42,70,13
13,55,28,-26,-7,30,-9,-27,-10,36,42,29
26,47,17,-20,15,54,-22,-33,23,36,52,49
32,65,54,-37,-8,58,-30,-34,8,32,62,30
20,81,42,-75,-14,74,-56,-30,20,66,70,39
21,93,73,-28,-12,70,-52,-36,36,46,78,60
57,96,58,-65,-25,78,-50,-36,28,68,88,60
35,91,65,-66,-23,69,-69,-43,30,78,103,72
40,105,45,-68,5,70,-41,-33,22,78,100,66
35,108,78,-46,-31,93,-73,-50,33,89,127,80
27,121,93,-96,-18,112,-61,-62,45,119,102,83
56,137,75,-68,-12,120,-86,-36,39,106,106,113
50,126,118,-107,-3,125,-71,-59,41,85,137,113
54,156,114,-103,-42,134,-104,-52,64,111,143,116
72,196,99,-108,-7,138,-87,-57,37,116,143,117
57,164,124,-127,-27,152,-113,-48,47,124,153,132
50,187,121,-88,-17,153,-97,-79,46,119,183,145
62,188,125,-146,-14,150,-83,-60,65,145,165,124
93,207,132,-138,-20,165,-99,-76,57,137,175,128
75,200,133,-138,-60,153,-121,-84,59,146,219,134
55,225,143,-132,-25,175,-117,-111,68,182,178,142
76,191,154,-151,-28,188,-122,-90,53,181,202,160
64,217,137,-170,-29,194,-126,-102,74,174,196,171
92,239,156,-164,-43,162,-128,-109,66,193,211,175
72,232,158,-170,-27,181,-130,-97,55,185,215,179
90,237,157,-134,-26,203,-124,-79,63,197,232,176
91,255,192,-196,-17,216,-125,-99,51,179,202,164
94,254,168,-163,-46,211,-141,-101,83,179,217,172
89,264,162,-167,-47,224,-139,-108,95,205,239,177
90,263,180,-193,-39,227,-137,-88,70,203,222,195
83,262,176,-178,-45,220,-152,-107,82,204,247,206
90,270,161,-187,-46,205,-146,-120,66,206,244,168
94,289,183,-194,-57,237,-149,-106,69,225,228,196
98,288,175,-173,-20,233,-143,-112,91,206,285,210
95,268,175,-192,-47,234,-163,-114,74,204,260,204
113,281,199,-205,-48,241,-153,-129,112,212,252,195
117,300,187,-191,-29,233,-161,-116,77,216,268,202
96,273,177,-194,-58,220,-161,-117,89,203,280,202
108,299,179,-185,-40,224,-162,-122,94,227,251,222
109,296,209,-193,-46,246,-148,-127,88,235,269,197
108,312,186,-214,-55,212,-154,-112,80,186,247,187
135,283,185,-189,-61,251,-188,-120,89,224,266,201
112,282,175,-204,-56,229,-160,-116,107,216,260,218
73,294,202,-191,-46,263,-140,-95,109,229,279,222
98,294,186,-189,-49,248,-156,-103,76,220,289,204
99,291,191,-194,-43,248,-149,-112,78,236,274,195
104,292,176,-195,-43,218,-154,-114,74,222,242,198
91,280,174,-180,-45,234,-159,-114,91,196,230,177
88,262,171,-177,-40,230,-162,-108,90,227,241,186
94,256,165,-194,-49,251,-142,-112,98,199,235,174
95,268,152,-179,-38,218,-157,-94,71,195,212,174
97,263,162,-173,-43,217,-148,-93,88,173,228,165
107,236,155,-169,-24,229,-110,-92,86,193,209,177
89,246,139,-180,-39,220,-150,-104,92,176,213,168
75,250,158,-172,-28,196,-130,-106,81,181,205,160
100,241,142,-164,-37,189,-139,-74,56,155,190,163
68,199,123,-172,-34,189,-124,-61,77,180,210,159
65,206,141,-146,-50,152,-124,-92,77,149,199,130
64,212,133,-123,-44,177,-97,-85,70,163,205,158
52,191,124,-158,-26,184,-132,-75,79,148,152,134
58,187,128,-142,-20,163,-99,-102,57,142,164,154
50,168,115,-118,-21,154,-96,-70,52,180,167,144
60,181,122,-110,0,137,-86,-64,54,120,149,115
41,172,121,-105,-11,126,-89,-49,35,110,145,98
70,158,112,-117,-16,142,-91,-87,50,109,154,106
58,149,103,-93,-12,105,-74,-65,36,109,118,120
59,165,89,-112,-21,123,-77,-45,65,114,105,97
46,147,117,-85,-3,102,-79,-76,61,78,110,81
47,115,63,-64,-33,115,-49,-46,21,85,121,71
42,117,103,-87,-21,92,-79,-58,23,82,112,56
29,99,70,-80,-32,108,-42,-49,37,81,83,63
34,105,58,-65,-26,85,-61,-34,36,77,87,49
17,83,44,-44,2,71,-63,-21,17,52,49,55
43,77,35,-53,1,62,-56,-24,27,54,72,53
42,75,33,-51,-17,72,-44,-10,46,42,77,35
30,39,62,-28,-19,43,-36,-24,31,57,51,48
23,35,28,-36,-13,66,-55,-27,30,52,44,25
11,56,33,-25,4,51,-29,-7,4,22,60,42
6,27,22,-48,-7,28,-15,-14,-10,33,43,29
-2,33,19,-23,6,22,-38,-12,7,50,37,18
3,22,0,-40,-11,0,-2,-22,22,9,23,36
-25,22,-4,-26,-13,7,6,1,33,12,11,14
11,12,5,8,7,11,-12,-11,12,-1,18,-7
4,-8,-19,-5,-9,9,-6,-4,11,9,4,-9
1,2,-13,-7,-3,-14,-3,8,6,1,-22,18
9,4,-7,1,-13,-25,6,8,-6,-34,-20,-27
-10,-8,-8,19,18,-34,-1,-11,11,-29,-9,-39
-21,-43,12,1,2,-22,4,18,-7,-28,-39,-40
-21,-7,-17,26,5,-31,43,4,-34,-43,-35,-37
-7,-32,-43,25,4,-36,19,22,-14,-10,-22,-44
-30,-72,-37,30,-5,-43,-6,22,-11,-40,-38,-24
-5,-51,-59,27,-2,-44,32,23,0,-13,-27,-44
-20,-44,-34,26,4,-52,46,20,-8,-32,-72,-53
-20,-61,-55,34,14,-38,28,23,-14,-41,-63,-46
-2,-77,-71,47,24,-50,15,26,-4,-28,-70,-50
-18,-57,-58,38,28,-58,33,1,-36,-58,-68,-31
-22,-74,-59,44,15,-52,44,29,-14,-66,-80,-50
-18,-74,-43,61,36,-86,39,29,-33,-74,-86,-50
-34,-73,-57,46,-1,-62,38,20,-39,-45,-78,-46
-24,-110,-36,52,14,-56,33,54,-30,-69,-101,-66
-40,-87,-58,52,26,-95,55,39,-17,-66,-72,-63
-37,-92,-72,67,37,-72,49,34,-16,-87,-85,-72
-21,-82,-47,57,-2,-60,35,31,-28,-66,-84,-58
-37,-84,-58,80,17,-83,49,51,-50,-46,-86,-72
-28,-94,-61,60,28,-84,66,27,-13,-93,-106,-86
-35,-83,-76,69,13,-92,45,30,-29,-78,-99,-84
-23,-109,-93,74,11,-90,47,49,-27,-83,-96,-62
-34,-101,-73,69,22,-92,50,42,-11,-71,-98,-93
-21,-108,-82,62,28,-110,75,22,-30,-53,-93,-79
-35,-96,-79,60,29,-105,76,34,-36,-92,-85,-62
-45,-110,-59,91,16,-94,84,35,-35,-84,-85,-82
-57,-108,-68,94,33,-79,58,48,-35,-79,-104,-84
-29,-133,-88,81,6,-92,74,63,-23,-90,-100,-66
-42,-131,-81,91,6,-92,71,47,-38,-86,-127,-101
-36,-142,-89,75,41,-100,84,45,-33,-96,-110,-85
-72,-115,-75,79,34,-116,72,53,-35,-102,-97,-73
-53,-123,-59,88,17,-77,87,62,-40,-96,-103,-54
-49,-115,-72,70,12,-94,52,58,-29,-85,-114,-84
-16,-121,-82,80,21,-111,83,52,-28,-88,-113,-90
-36,-123,-71,99,30,-110,73,56,-33,-95,-101,-82
-50,-115,-80,65,19,-86,59,37,-54,-77,-135,-88
-37,-141,-99,83,23,-87,88,55,-56,-115,-115,-86
-37,-126,-75,92,9,-106,66,38,-48,-98,-103,-79
-44,-124,-96,97,15,-105,47,42,-36,-85,-116,-77
-60,-123,-96,89,15,-115,85,65,-33,-87,-124,-92
-27,-114,-67,95,10,-108,65,62,-46,-85,-116,-76
-62,-130,-79,77,14,-102,57,38,-43,-68,-123,-70
-41,-97,-68,96,10,-121,63,48,-39,-71,-137,-92
-54,-140,-85,95,22,-99,55,42,-41,-90,-120,-88
-38,-141,-91,97,17,-107,63,53,-43,-111,-110,-105
-53,-127,-96,85,30,-105,54,60,-32,-80,-128,-87
-33,-140,-91,102,18,-97,81,34,-57,-119,-113,-110
-35,-152,-91,84,8,-121,83,53,-43,-118,-131,-103
-46,-129,-71,77,14,-91,88,34,-40,-86,-131,-88
-61,-119,-94,98,-1,-125,65,44,-51,-121,-116,-77
-69,-134,-79,102,17,-102,64,52,-43,-98,-128,-106
-34,-123,-74,87,22,-116,50,56,-33,-85,-126,-100
-46,-133,-72,97,37,-100,70,68,-55,-100,-140,-92
-30,-126,-86,63,31,-94,56,65,-22,-101,-123,-89
-33,-141,-88,92,-2,-121,77,44,-31,-86,-101,-78
-42,-129,-71,79,24,-95,71,61,-42,-111,-112,-95
-53,-143,-85,77,34,-112,60,47,-34,-92,-123,-104
-43,-136,-95,73,32,-120,73,68,-29,-93,-113,-107
-39,-129,-70,78,32,-88,76,50,-31,-114,-111,-72
-41,-115,-94,81,6,-108,81,32,-52,-122,-110,-77
-43,-101,-89,101,28,-96,53,75,-59,-100,-114,-84
-46,-144,-68,105,22,-91,73,52,-29,-97,-131,-66
-45,-127,-75,65,3,-100,63,77,-29,-113,-125,-92
-29,-136,-73,95,23,-90,90,27,-44,-85,-140,-109
-51,-113,-79,89,12,-97,66,66,-47,-123,-116,-93
-42,-131,-81,93,26,-86,52,25,-50,-91,-113,-90
-42,-114,-94,110,11,-116,51,53,-30,-80,-115,-75
-49,-137,-61,93,15,-91,67,50,-34,-113,-126,-80
-41,-117,-68,94,28,-65,54,43,-42,-96,-110,-68
-44,-141,-91,84,17,-110,64,60,-39,-92,-91,-102
-33,-130,-96,74,14,-109,80,55,-54,-103,-88,-77
-51,-150,-97,83,11,-105,58,41,-39,-87,-112,-68
-48,-128,-69,80,8,-89,70,42,-22,-98,-117,-98
-32,-125,-59,72,14,-92,70,86,-55,-97,-114,-77
-44,-145,-87,75,11,-84,72,50,-39,-106,-86,-93
-46,-109,-89,86,15,-125,47,91,-42,-85,-96,-78
-47,-130,-70,91,38,-100,80,52,-36,-94,-122,-83
-34,-116,-71,84,25,-84,69,62,-27,-94,-123,-66
-63,-123,-76,75,11,-112,75,41,-23,-95,-92,-65
-41,-127,-86,78,16,-89,89,37,-35,-85,-97,-67
-29,-113,-88,69,8,-105,85,36,-43,-98,-110,-91
-42,-120,-76,67,11,-102,58,50,-29,-105,-124,-79
-29,-107,-69,98,15,-96,59,50,-28,-96,-94,-59
-44,-104,-56,94,13,-108,47,61,-48,-97,-121,-69
-16,-86,-103,84,7,-104,52,63,-57,-91,-96,-94
-49,-125,-67,75,6,-107,50,47,-37,-88,-112,-75
-40,-140,-69,94,11,-107,45,48,-33,-93,-91,-87
-29,-103,-71,82,3,-92,68,50,-42,-84,-105,-79
-41,-117,-74,60,35,-109,66,41,-37,-86,-103,-81
-67,-113,-76,61,6,-99,58,43,-35,-111,-121,-74
-25,-122,-86,83,9,-85,53,46,-23,-93,-107,-106
-38,-106,-83,83,12,-98,72,61,-48,-76,-97,-93
-37,-128,-79,83,33,-100,66,33,-36,-94,-102,-79
-44,-131,-70,82,35,-109,65,60,-22,-85,-100,-84
-37,-90,-61,91,27,-96,76,52,-19,-57,-120,-82
-37,-101,-92,77,22,-120,59,48,-40,-108,-89,-99
-43,-119,-63,65,2,-84,59,62,-30,-103,-110,-84
-45,-103,-59,75,10,-81,78,38,-40,-88,-101,-73
-20,-111,-58,69,-6,-84,56,38,-19,-88,-123,-65
-41,-117,-76,82,16,-85,84,36,-34,-94,-96,-79
-36,-123,-96,72,8,-89,46,42,-49,-87,-91,-56
-48,-118,-50,44,13,-91,57,37,-38,-61,-97,-71
-49,-121,-67,60,17,-96,59,43,-17,-96,-107,-105
-31,-109,-90,63,31,-94,34,49,-32,-90,-104,-76
-43,-101,-83,83,-1,-87,48,42,-22,-91,-98,-85
-46,-102,-69,77,-1,-90,50,55,-21,-103,-92,-76
-23,-121,-75,65,16,-86,70,58,-53,-92,-89,-101
-36,-120,-73,54,18,-81,58,41,-46,-86,-78,-86
-28,-105,-68,71,21,-90,36,62,-40,-89,-95,-59
-15,-103,-87,58,17,-86,62,39,-28,-91,-103,-75
-39,-107,-106,66,6,-81,38,41,-28,-69,-95,-77
-56,-87,-68,76,-2,-91,48,48,-30,-103,-88,-69
-15,-117,-73,66,11,-87,55,41,-36,-85,-94,-63
-25,-95,-63,81,36,-68,64,53,-8,-86,-84,-85
-44,-106,-52,83,38,-85,50,35,-28,-88,-85,-77
-49,-94,-42,82,11,-83,50,31,-29,-68,-108,-54
-23,-93,-60,81,6,-69,61,32,-29,-75,-92,-80
-26,-105,-33,65,16,-85,56,34,-2,-82,-82,-77
-36,-101,-74,68,-3,-74,55,48,-25,-66,-94,-83
-36,-89,-75,61,18,-73,36,23,-26,-76,-76,-53
-31,-112,-71,31,12,-72,40,41,-38,-68,-76,-75
-39,-93,-47,57,21,-66,44,19,-28,-60,-74,-38
-40,-96,-60,59,-3,-65,60,47,-10,-49,-58,-59
-29,-97,-55,56,-5,-44,35,38,-30,-53,-67,-70
-37,-80,-49,33,24,-51,54,34,-14,-45,-62,-59
-37,-95,-58,46,11,-63,30,35,-17,-49,-74,-55
-18,-77,-33,38,8,-36,38,11,-27,-62,-60,-37
-20,-59,-45,41,9,-40,33,26,-15,-44,-69,-52
-4,-53,-54,54,-4,-54,29,34,-6,-45,-57,-49
-19,-68,-37,42,8,-33,6,23,-30,-25,-27,-29
0,-59,-41,28,13,-26,34,20,-22,-38,-41,-23
-12,-18,-13,4,10,-35,36,19,-24,-37,-36,-32
1,-19,-17,18,2,-46,-1,23,-6,-10,-33,-31
-8,-23,-9,-5,-19,-30,11,12,-21,-10,-40,-2
-27,-17,-3,10,-5,-18,-4,22,-1,-1,-58,-1
11,-10,-7,6,16,9,12,0,-6,-20,-5,8
6,5,3,-3,3,12,5,-6,-2,-21,-3,-7
4,0,-3,5,0,23,-11,-7,9,24,19,-3
3,9,15,-26,10,17,-19,-19,1,12,10,21
-22,33,6,1,-3,11,-16,-11,5,2,26,15
8,31,12,12,5,23,-21,0,17,33,30,11
14,19,55,-57,-4,25,-21,-20,15,36,41,51
27,54,27,-34,-11,25,-6,-31,23,29,20,29
21,68,37,-31,2,58,-21,-6,25,46,54,36
14,76,53,-43,-19,55,-34,-28,3,50,53,42
25,81,53,-62,-6,89,-54,13,5,43,68,57
20,82,43,-49,-20,76,-26,-24,18,79,82,77
20,96,55,-59,0,59,-49,-32,-1,73,81,77
37,81,74,-82,-21,72,-49,-30,9,58,80,61
21,119,51,-76,-10,74,-59,-32,30,113,72,51
33,122,75,-72,-30,80,-53,-48,40,76,85,72
64,141,63,-97,0,104,-80,-55,31,80,109,67
34,133,54,-84,-17,107,-66,-40,4,91,111,79
44,112,94,-114,-18,90,-74,-45,36,116,141,94
45,126,90,-97,4,96,-93,-48,42,116,124,92
57,135,86,-91,-5,112,-71,-67,48,110,133,103
59,144,89,-93,-29,124,-94,-41,37,87,132,95
72,164,106,-129,-28,121,-83,-47,45,107,147,106
58,139,71,-86,-10,128,-69,-80,33,128,130,95
52,172,103,-128,-38,131,-87,-61,48,123,134,79
69,162,100,-100,-11,149,-73,-75,37,117,141,109
37,148,96,-89,-23,154,-84,-56,27,142,138,122
53,162,102,-107,-35,133,-94,-45,68,114,146,120
40,138,111,-110,-30,123,-87,-52,35,100,141,96
30,129,79,-96,-21,134,-89,-62,62,106,120,105
51,165,73,-119,-23,132,-79,-45,46,126,121,103
42,135,97,-108,-32,94,-58,-42,51,92,149,89
67,135,81,-87,1,105,-72,-71,49,114,118,89
61,127,77,-72,-35,104,-76,-83,24,81,108,89
12,138,86,-100,-26,109,-76,-47,51,99,100,85
59,115,73,-96,-24,105,-58,-42,30,94,124,73
48,110,79,-68,-7,74,-59,-59,41,87,114,80
34,105,75,-66,-28,84,-70,-30,52,94,85,84
57,101,66,-67,-16,82,-59,-37,29,80,87,62
19,82,57,-93,-27,60,-38,-39,32,70,83,49
27,90,53,-71,-16,63,-37,-35,25,54,72,66
37,53,53,-59,-19,60,-35,-45,23,49,65,42
32,72,47,-46,5,58,-23,-25,-13,41,50,52
14,42,37,-39,-14,32,-31,-15,23,41,49,37
39,61,42,-43,-14,36,-21,-16,32,55,23,41
12,27,3,-14,9,31,-28,7,23,18,57,31
21,17,13,-24,25,51,-11,-2,5,11,29,18
32,17,14,-7,5,2,-23,-26,5,20,31,24
9,8,-7,1,-8,13,-22,-5,21,10,6,0
-6,9,0,-17,-21,-2,5,-12,11,6,-11,-9
-9,-9,-1,20,0,1,-7,1,-4,-9,-21,-21
-7,-29,-3,6,-11,-5,17,-7,-10,10,-3,2
-18,-8,0,8,18,-21,26,2,-13,-6,-20,-22
-7,-17,-32,8,15,-6,4,6,-25,-17,-25,-17
-2,-32,-16,26,25,-15,16,18,0,-21,-32,-17
-27,-36,-8,42,-3,-32,24,15,-7,-11,-42,-6
-19,-32,-28,26,0,-38,35,7,-21,-48,-28,-18
-16,-50,-35,26,5,-51,27,27,-16,-31,-38,-34
-19,-41,-34,49,0,-53,0,11,1,-31,-25,-41
-3,-74,-23,64,24,-54,39,31,-22,-39,-54,-48
-17,-74,-44,52,-9,-50,47,42,-11,-41,-78,-41
-32,-65,-46,51,26,-32,30,28,-29,-42,-68,-52
-47,-100,-50,52,37,-52,29,17,-13,-58,-59,-63
-21,-89,-46,63,8,-50,39,31,0,-89,-55,-47
-32,-93,-31,50,7,-60,3,32,-47,-60,-67,-54
-27,-97,-51,51,-9,-53,46,29,-20,-58,-74,-82
-29,-86,-56,41,10,-67,69,45,-15,-79,-79,-58
-40,-77,-66,69,26,-79,53,26,-13,-50,-90,-63
-40,-92,-48,61,17,-82,76,38,-34,-71,-66,-50
-34,-78,-45,57,28,-79,41,55,-45,-67,-81,-82
-29,-117,-50,45,40,-55,60,40,-27,-81,-95,-50
-28,-95,-63,68,9,-77,57,33,-28,-86,-79,-81
-21,-107,-58,84,16,-54,72,26,-22,-58,-85,-62
-33,-97,-75,60,21,-112,67,35,-38,-75,-68,-79
-57,-93,-72,69,14,-70,43,41,-41,-97,-90,-89
-19,-113,-73,90,32,-105,51,34,-35,-67,-108,-60
-56,-129,-79,83,19,-108,60,41,-21,-100,-119,-74
-35,-127,-81,117,20,-124,64,65,-33,-98,-114,-95
-29,-126,-88,114,33,-124,90,65,-38,-113,-126,-98
-38,-150,-79,99,18,-124,92,63,-44,-119,-123,-115
-53,-163,-77,69,32,-137,81,66,-52,-105,-133,-121
-72,-163,-127,101,39,-137,85,90,-50,-151,-151,-138
-75,-162,-99,126,21,-135,87,58,-50,-143,-182,-126
-65,-193,-125,138,22,-163,97,84,-54,-143,-163,-100
-78,-198,-116,145,40,-192,131,65,-63,-153,-199,-146
-69,-220,-154,134,33,-186,106,78,-75,-165,-207,-161
-70,-218,-152,171,21,-195,154,92,-60,-184,-209,-200
-96,-264,-144,167,50,-212,131,117,-81,-188,-232,-186
-84,-236,-163,164,29,-183,138,94,-109,-196,-207,-153
-75,-253,-161,154,35,-207,135,109,-58,-186,-211,-180
-91,-267,-147,167,22,-199,114,90,-51,-169,-220,-161
-90,-225,-131,160,40,-198,134,116,-75,-170,-207,-153
-67,-216,-132,129,37,-162,116,77,-34,-173,-197,-147
-76,-183,-117,118,36,-163,124,65,-79,-152,-170,-161
-60,-153,-99,105,27,-135,90,75,-52,-116,-162,-109
-22,-111,-74,81,18,-118,66,47,-25,-93,-124,-55
-34,-51,-63,33,9,-30,35,36,-17,-65,-68,-47
0,-16,3,12,6,-9,10,8,-9,-5,2,-6
43,66,57,-55,-2,53,-38,-35,24,49,53,40
74,148,118,-105,-28,137,-64,-60,63,148,161,109
68,255,173,-167,-26,206,-155,-118,76,169,235,163
109,349,253,-223,-20,266,-170,-134,77,254,306,250
163,433,280,-314,-73,397,-252,-183,142,355,388,310
185,529,340,-366,-88,441,-302,-210,162,406,471,387
197,630,405,-424,-92,505,-344,-254,181,463,566,431
245,702,452,-498,-96,604,-379,-279,219,531,619,484
275,800,521,-569,-114,648,-439,-322,246,588,705,533
306,860,563,-591,-121,712,-464,-342,249,657,775,610
316,891,594,-584,-129,759,-501,-378,283,683,835,646
305,947,616,-616,-137,794,-525,-362,282,698,844,665
330,930,609,-620,-162,793,-516,-362,311,707,848,671
304,909,583,-630,-137,764,-513,-358,267,691,815,645
324,884,567,-600,-143,703,-485,-353,269,649,780,615
299,811,553,-552,-135,689,-462,-302,236,628,721,577
260,725,486,-482,-113,645,-428,-311,228,559,695,515
244,652,436,-463,-108,546,-355,-286,216,479,590,463
209,556,370,-386,-92,455,-313,-235,161,434,495,399
176,476,313,-317,-64,412,-251,-176,127,352,416,333
129,374,252,-248,-54,308,-186,-134,118,274,318,253
97,239,179,-182,-57,213,-147,-109,74,196,260,180
60,155,117,-123,-16,127,-95,-65,45,120,136,105
7,70,30,-61,-7,66,-46,-29,15,51,63,27
3,-16,-18,31,35,-5,-2,5,-14,0,-4,-26
-30,-86,-76,56,-3,-84,81,47,-2,-59,-79,-49
-52,-168,-121,117,46,-138,81,91,-50,-138,-147,-105
-71,-215,-144,159,31,-180,116,84,-78,-147,-214,-132
-96,-254,-161,195,49,-220,136,94,-78,-190,-248,-204
-105,-298,-182,193,31,-250,172,132,-83,-238,-263,-203
-108,-323,-208,214,47,-265,189,121,-93,-247,-280,-223
-126,-322,-192,199,27,-300,212,161,-112,-265,-301,-224
-126,-340,-222,224,41,-281,173,135,-112,-262,-313,-239
-135,-370,-222,241,56,-287,198,131,-121,-259,-326,-249
-110,-307,-226,220,49,-268,175,135,-133,-245,-305,-221
-129,-310,-197,237,52,-262,175,116,-85,-228,-284,-219
-96,-307,-191,194,30,-263,156,144,-81,-235,-265,-216
-114,-273,-180,201,52,-236,138,124,-113,-221,-246,-174
-100,-253,-188,170,47,-222,116,84,-77,-205,-239,-186
-95,-219,-169,176,56,-205,130,104,-49,-169,-215,-152
-73,-226,-150,146,-6,-182,102,71,-66,-151,-202,-168
-87,-196,-105,121,24,-170,110,78,-61,-164,-189,-128
-60,-187,-111,143,34,-155,103,102,-72,-134,-170,-122
-63,-160,-84,83,47,-124,88,49,-54,-99,-158,-105
-49,-163,-117,108,12,-136,83,36,-41,-89,-123,-114
-33,-127,-99,82,53,-86,76,50,-23,-80,-132,-86
-58,-146,-81,81,24,-112,43,61,-33,-105,-104,-81
-47,-117,-81,51,17,-101,80,57,-48,-91,-118,-75
-35,-123,-57,84,13,-77,62,49,-35,-79,-102,-66
-46,-83,-71,78,-11,-67,41,32,-31,-68,-101,-80
-36,-102,-51,69,7,-59,72,39,-52,-56,-93,-65
-17,-103,-57,58,7,-88,54,48,-13,-71,-62,-48
-34,-83,-58,62,1,-59,50,28,-26,-90,-97,-54
-35,-103,-47,54,15,-76,55,32,-17,-75,-96,-71
-35,-62,-51,71,11,-75,50,32,-47,-57,-67,-47
-3,-98,-67,74,6,-64,66,48,-26,-57,-58,-54
-21,-75,-43,58,6,-66,24,28,-8,-77,-81,-53
-9,-68,-41,46,12,-71,59,37,-35,-44,-99,-51
-17,-70,-30,46,22,-51,50,19,-21,-52,-28,-52
-32,-66,-44,30,-3,-61,41,47,-36,-60,-67,-55
-41,-101,-30,57,17,-65,41,35,-23,-49,-61,-46
-16,-79,-47,38,-8,-74,43,35,-26,-49,-66,-45
-11,-58,-46,30,-7,-60,37,54,-17,-52,-51,-33
-34,-74,-53,33,40,-61,41,26,-42,-54,-57,-46
-32,-51,-42,36,-3,-49,50,30,-5,-59,-56,-42
-7,-58,-53,29,17,-65,35,33,6,-32,-54,-36
-10,-41,-17,36,16,-52,40,17,-38,-49,-51,-44
-25,-48,-48,69,-1,-55,39,4,-16,-31,-56,-59
-16,-56,-26,22,12,-22,19,29,-7,-25,-41,-10
-19,-76,-41,41,33,-24,31,4,-31,-31,-18,-21
-15,-59,-16,49,17,-42,42,-5,14,-25,-44,-38
-17,-36,-33,15,23,-28,20,17,-21,-35,-22,-16
3,-44,-29,15,6,-32,3,8,-14,-9,-54,-27
-5,-32,-36,20,10,-6,32,23,-7,-16,-17,-16
6,-25,-21,17,20,-39,26,-14,-14,-22,-35,6
4,-28,-26,8,7,-7,17,-3,7,-34,-12,-16
-2,-28,6,-11,7,-34,3,-4,-13,-23,7,-14
17,-1,5,1,16,-22,22,22,-8,16,-22,-21
13,3,-15,23,-6,-3,-18,24,14,-4,26,-5
-17,3,0,1,24,0,10,4,-8,-11,21,18
-9,19,-8,-29,17,10,10,-21,14,-5,-11,0
21,19,7,6,-3,0,-7,-10,23,-6,-1,9
-6,24,-3,-23,-1,2,-22,-18,20,-7,-21,21
7,19,9,-24,9,16,-15,19,9,8,17,18
10,47,22,1,-16,22,20,-1,17,41,35,22
18,6,-7,-23,17,21,7,-12,17,19,45,23
11,77,42,-22,-13,31,-14,-6,9,43,49,18
11,36,39,-40,1,50,-23,-24,40,35,35,48
25,58,48,-56,-14,28,-7,-27,34,57,52,32
43,51,39,-44,-11,26,-36,-15,22,30,56,17
16,73,35,-50,-4,33,-40,-19,23,47,51,82
14,62,39,-83,-5,54,-33,-24,6,47,68,73
37,75,57,-51,-15,74,-71,-45,25,64,106,48
37,89,51,-56,13,78,-44,-31,31,61,72,62
30,102,66,-46,-34,103,-50,-53,14,77,100,87
30,102,80,-98,-30,85,-44,-28,28,63,98,83
27,111,74,-69,-4,104,-49,-71,36,92,118,85
37,123,79,-65,-22,87,-88,-43,39,90,116,96
38,130,73,-82,-7,90,-55,-34,40,95,146,82
70,122,86,-87,-13,95,-97,-65,20,118,135,104
38,142,95,-107,-25,132,-98,-54,48,106,120,99
43,168,94,-138,-18,121,-95,-71,55,136,139,102
59,181,111,-110,-34,153,-84,-64,49,128,153,108
65,174,111,-114,-37,139,-109,-76,50,127,146,130
53,189,106,-125,-33,167,-76,-59,76,117,188,126
53,225,125,-142,-16,142,-107,-77,27,131,201,150
93,209,131,-150,-31,157,-100,-89,45,164,182,137
64,203,145,-142,-25,186,-121,-62,57,153,188,167
94,234,137,-163,-11,189,-124,-86,79,151,214,164
60,223,174,-176,-24,185,-133,-119,51,182,202,160
85,212,151,-162,-28,210,-117,-66,64,144,219,152
94,241,170,-157,-53,218,-129,-92,84,181,215,179
77,248,161,-149,-48,215,-129,-109,76,180,244,175
86,258,166,-190,-48,195,-134,-86,74,178,240,177
88,270,155,-156,-44,223,-147,-119,72,203,232,197
89,258,188,-208,-46,226,-156,-99,97,189,258,180
75,270,184,-183,-29,244,-154,-108,85,205,236,193
118,290,192,-167,-44,233,-159,-110,117,223,252,200
111,270,178,-209,-32,237,-161,-121,89,210,254,204
98,283,194,-232,-60,231,-151,-126,107,207,274,187
93,302,205,-201,-49,259,-168,-87,94,237,261,213
99,303,172,-225,-50,257,-163,-125,99,231,291,184
111,315,206,-199,-27,278,-173,-144,94,222,258,226
123,304,188,-208,-56,259,-157,-118,104,225,264,217
128,313,200,-223,-47,275,-169,-128,109,242,291,231
114,335,214,-231,-40,266,-165,-136,92,231,265,222
119,318,226,-203,-54,268,-172,-143,105,250,264,205
128,307,189,-204,-22,259,-186,-136,115,255,294,242
121,338,214,-211,-43,301,-148,-123,104,246,265,227
115,322,202,-198,-58,263,-164,-122,93,247,279,222
98,313,197,-240,-61,258,-189,-114,96,237,284,240
119,323,218,-211,-61,276,-184,-133,97,220,284,242
99,328,227,-193,-22,271,-165,-136,89,238,294,247
102,310,208,-227,-53,265,-179,-140,79,235,268,222
95,320,251,-219,-37,241,-168,-128,101,232,297,224
114,296,216,-216,-52,262,-190,-153,104,242,301,238
82,322,210,-214,-45,240,-181,-104,91,244,291,225
113,340,196,-211,-51,268,-148,-130,97,261,266,218
120,303,206,-198,-33,258,-160,-111,89,245,271,204
101,312,214,-210,-45,249,-162,-130,78,218,285,248
103,300,174,-203,-38,263,-177,-110,90,194,257,210
87,292,203,-205,-25,244,-151,-109,106,221,265,216
107,291,193,-223,-36,224,-153,-115,72,227,256,211
95,283,181,-195,-38,253,-146,-114,77,208,237,174
103,273,180,-203,-30,221,-129,-109,63,215,271,207
102,287,188,-189,-49,231,-115,-117,90,181,254,192
81,275,168,-187,-43,204,-152,-122,82,187,217,180
95,263,160,-183,-35,218,-158,-93,78,190,252,194
100,224,146,-175,-48,232,-140,-88,66,174,222,163
57,231,163,-187,-46,212,-120,-93,99,193,220,163
68,241,138,-151,-27,207,-126,-101,70,162,192,165
63,222,148,-169,-42,187,-156,-84,81,177,192,156
67,218,142,-155,-21,202,-101,-87,68,161,187,150
78,223,141,-157,-27,176,-101,-97,53,151,202,161
68,203,129,-125,-35,177,-111,-83,68,170,186,152
75,184,121,-126,-47,176,-111,-81,66,150,162,146
50,196,141,-123,-19,150,-110,-51,40,159,158,134
78,173,130,-116,-18,131,-93,-87,45,109,156,138
76,170,128,-119,-32,142,-83,-66,31,118,133,137
34,165,106,-118,-29,119,-65,-92,29,110,158,87
40,164,113,-124,-14,130,-94,-56,17,130,141,110
36,154,94,-112,-39,130,-77,-60,36,96,139,91
44,146,104,-97,-41,93,-69,-51,32,102,124,86
52,142,77,-93,-11,112,-66,-57,38,94,115,71
33,125,85,-85,-23,78,-77,-37,41,78,93,86
31,115,72,-85,-4,71,-66,-65,31,97,96,66
12,88,59,-68,-9,86,-66,-56,34,87,100,81
45,102,63,-60,-11,72,-46,-44,46,66,123,94
13,85,42,-39,-13,79,-56,-30,12,77,75,38
7,92,38,-47,-9,83,-42,-30,39,59,71,50
43,73,45,-52,-6,53,-41,-18,14,58,53,37
8,73,44,-56,11,62,-27,-22,11,75,60,42
34,64,32,-41,-3,26,-10,-15,20,37,65,57
5,44,28,-25,-12,40,-29,-3,36,33,27,18
4,38,43,-37,-8,32,-27,-22,2,16,48,26
4,8,37,-10,-16,29,-8,-4,20,12,51,25
18,17,11,-11,-7,11,-15,4,23,32,26,36
16,25,30,-24,-9,37,5,3,14,9,18,14
0,30,5,-5,7,-10,-11,-18,-15,21,13,2
-3,10,18,3,16,-1,0,8,7,17,24,8
1,1,29,-8,-10,-15,0,-2,-8,16,21,10
-16,17,-3,0,13,0,20,12,-4,-8,-7,-23
2,-14,-14,10,-17,-2,17,-2,1,1,8,-27
0,-17,-8,-7,32,-20,5,3,3,-2,-22,-9
-18,-22,-6,10,-1,6,16,13,-8,2,-12,5
-1,-21,0,-2,13,0,14,3,-22,-21,-28,-11
-6,-37,-28,26,-18,-39,18,8,-24,-25,-8,-19
-21,-15,-12,22,-1,-21,16,4,-11,-22,-22,-20
-30,-36,-27,-1,9,-39,38,12,-9,-30,-44,-8
-13,-48,-43,36,-6,-25,18,25,-8,-30,-39,-18
2,-46,-30,8,15,-23,29,19,-37,-31,-55,-39
-4,-24,-39,38,37,-41,39,46,-9,-50,-40,-24
-24,-53,-35,19,3,-33,35,8,-10,-30,-25,-37
-10,-52,-20,33,9,-43,27,33,-24,-11,-36,-48
-7,-49,-49,26,5,-39,26,-1,-17,-38,-49,-29
-20,-83,-30,37,21,-35,31,20,-41,-33,-50,-29
-32,-42,-56,30,11,-51,29,4,-17,-39,-51,-25
-15,-39,-40,48,-11,-60,29,16,-17,-26,-31,-43
-32,-66,-35,60,12,-66,44,31,-35,-59,-56,-73
-14,-40,-51,35,-14,-34,35,13,-21,-53,-66,-32
-29,-80,-43,36,-4,-72,35,24,-26,-58,-92,-50
-42,-76,-43,65,13,-69,22,25,-2,-52,-46,-50
-39,-68,-35,61,23,-66,29,24,-23,-49,-54,-53
-43,-81,-56,35,0,-76,35,21,11,-41,-57,-53
-25,-61,-57,43,4,-54,41,33,-27,-39,-74,-46
-16,-53,-46,55,2,-21,26,28,-4,-37,-73,-43
-37,-79,-50,42,22,-60,43,21,-16,-66,-49,-59
-10,-86,-50,49,32,-80,33,38,-25,-49,-78,-47
-41,-97,-32,30,-6,-77,58,19,-26,-77,-65,-47
-14,-92,-59,45,-17,-61,37,35,1,-67,-88,-50
-4,-54,-47,67,18,-80,29,56,-30,-49,-60,-50
-38,-80,-60,56,21,-76,36,30,-20,-85,-79,-69
-49,-74,-38,58,9,-64,55,33,-36,-55,-63,-50
-19,-100,-39,31,23,-57,37,43,-27,-66,-62,-60
-9,-93,-58,42,14,-71,32,43,6,-75,-88,-45
-21,-74,-55,39,14,-83,50,31,-11,-66,-36,-58
-21,-62,-61,56,35,-66,29,24,-23,-53,-91,-39
-27,-86,-63,78,5,-50,47,17,-40,-39,-74,-73
-14,-86,-61,57,21,-90,40,36,-15,-61,-67,-45
-33,-90,-54,44,19,-75,38,48,-24,-53,-63,-52
-24,-77,-55,48,-2,-57,43,22,-18,-58,-83,-43
-23,-81,-45,59,-15,-60,27,19,-28,-70,-74,-50
-13,-64,-52,49,14,-79,44,45,-21,-46,-101,-74
-35,-115,-57,58,8,-60,40,35,-22,-61,-82,-56
-15,-72,-70,62,28,-68,33,40,-20,-52,-82,-54
-38,-84,-63,68,-8,-88,52,31,-49,-78,-86,-58
-22,-82,-44,35,25,-56,25,27,-5,-37,-84,-63
-34,-68,-76,56,-4,-57,48,31,-19,-77,-69,-79
-37,-89,-63,42,-2,-72,66,33,-34,-73,-55,-49
-38,-92,-59,61,23,-62,39,41,-31,-60,-59,-51
12,-94,-42,79,-14,-38,27,50,-28,-70,-74,-50
-21,-95,-70,40,25,-54,24,29,-29,-54,-70,-54
-19,-75,-42,43,19,-76,35,29,-26,-60,-65,-44
-44,-87,-43,37,7,-58,37,20,-38,-71,-80,-69
-13,-83,-82,52,16,-86,44,38,-29,-45,-79,-56
-4,-54,-45,52,20,-74,41,29,-16,-47,-77,-47
-16,-70,-54,69,7,-83,47,44,-41,-37,-59,-69
-31,-58,-41,61,8,-68,18,13,-26,-68,-55,-56
-38,-76,-28,65,29,-68,67,26,-19,-59,-73,-46
-21,-84,-53,62,15,-66,21,34,-22,-52,-53,-37
-38,-72,-46,43,23,-69,37,34,-10,-63,-66,-45
3,-73,-31,57,-8,-57,25,29,-24,-50,-62,-41
-19,-82,-42,58,26,-73,48,32,3,-56,-80,-73
-21,-85,-43,54,-1,-56,36,37,-30,-68,-64,-67
-13,-72,-71,22,14,-70,56,25,-31,-55,-66,-36
-17,-50,-32,38,12,-64,25,50,-17,-54,-47,-34
-25,-85,-67,53,-5,-77,37,35,-18,-68,-49,-52
-24,-71,-54,64,5,-48,35,44,-17,-47,-55,-33
-31,-73,-47,62,-1,-36,29,60,-27,-44,-64,-42
-10,-82,-45,44,14,-47,36,29,-21,-56,-66,-63
-21,-64,-14,37,17,-87,36,16,-16,-39,-47,-58
-18,-82,-50,39,-3,-66,38,42,4,-64,-57,-52
-12,-57,-40,22,0,-56,39,32,-65,-25,-55,-53
-18,-60,-51,43,17,-65,38,45,5,-52,-64,-54
-11,-84,-23,63,36,-64,36,35,-27,-43,-48,-20
-15,-96,-42,54,9,-46,30,38,-39,-44,-63,-51
-37,-46,-43,26,-6,-42,48,29,11,-56,-56,-44
-23,-75,-41,56,3,-55,19,53,-28,-41,-40,-30
-24,-68,-12,56,20,-31,3,20,-8,-37,-56,-23
-25,-66,-26,68,-3,-45,46,29,-20,-47,-57,-43
-30,-73,-45,40,12,-51,43,12,-13,-57,-68,-52
-32,-45,-50,63,5,-44,16,41,-32,-60,-57,-34
-18,-55,-36,57,-3,-51,50,22,-19,-43,-58,-40
-10,-64,-31,64,6,-52,28,14,-6,-69,-64,-28
-40,-73,-33,16,-10,-46,46,20,-10,-47,-79,-56
-18,-36,-32,45,6,-70,23,48,-34,-51,-54,-57
-13,-67,-43,51,22,-50,31,21,-28,-63,-53,-63
-34,-74,-30,35,13,-68,39,8,-23,-44,-44,-21
-41,-66,-49,41,-37,-46,23,21,-36,-67,-37,-53
-36,-51,-26,44,-7,-22,30,17,-34,-54,-61,-32
-4,-55,-34,55,-20,-34,28,-6,-30,-48,-19,-51
-41,-55,-38,54,-2,-58,35,9,-9,-54,-46,-23
-26,-76,-24,49,20,-34,33,42,-9,-43,-63,-50
-35,-65,-18,32,3,-33,43,24,-27,-36,-48,-14
-23,-65,-33,45,21,-73,33,24,-22,-33,-55,-47
-31,-54,-37,29,7,-63,28,39,-24,-27,-39,-41
-18,-62,-46,47,1,-41,18,27,-32,-10,-62,-27
6,-64,-53,34,-2,-43,39,4,-1,-59,-64,-53
-28,-53,-58,25,-6,-48,36,33,-38,-35,-57,-41
-17,-68,-38,38,-3,-42,36,26,-25,-35,-34,-39
-23,-48,-26,49,23,-20,28,27,-3,-25,-49,-30
-16,-48,-45,17,4,-48,28,17,-11,-45,-45,-5
-9,-39,-27,38,3,-22,11,12,-26,-27,-55,-36
-15,-65,-15,21,8,-44,40,28,-7,-27,-52,-34
-24,-46,-34,13,-2,-35,15,22,-25,-50,-31,-29
-28,-69,-38,27,-21,-32,20,30,-3,-16,-48,-32
-17,-39,-22,37,21,-44,23,45,-16,-27,-41,-28
7,-39,-41,38,-3,-43,30,15,-19,-43,-50,-35
-4,-40,-32,40,7,-45,30,11,-18,-25,-52,-14
-19,-33,-31,38,23,-17,23,13,-10,-16,-14,-32
-18,-30,-22,25,8,-32,38,22,-37,-26,-22,-23
-19,-21,-34,12,0,-19,35,20,-32,-38,-39,-30
-20,-14,-35,10,0,-27,14,45,-25,-19,-26,-33
6,-33,5,5,6,-27,20,39,-4,-18,-23,-22
-19,-54,-20,18,0,-16,7,13,-8,-14,-29,-26
-33,-9,-35,17,-2,-44,1,6,1,-25,-7,-10
-34,-28,-17,39,11,-41,30,9,-26,-18,-8,-23
-24,-22,3,19,25,-35,6,2,-1,-12,-25,12
-27,-11,-13,24,18,-12,3,2,-11,-12,-26,-7
7,-17,-12,18,16,-4,-1,7,-30,-21,-9,-19
11,-20,-3,-5,18,-2,-2,-2,1,-2,5,-13
2,1,4,17,-2,-14,4,8,6,-10,-30,-20
9,-3,10,10,-5,-7,-18,-4,-8,-5,2,-7
-4,-5,22,-4,-16,6,12,-35,16,-11,4,4
-4,13,18,4,-13,-3,-5,-14,10,-6,5,-9
18,2,0,3,11,-4,-9,-9,6,-12,27,4
9,23,-20,-21,-14,-17,11,-8,-5,18,3,14
6,14,18,-15,-2,11,-26,-24,-3,33,21,32
24,19,36,-37,12,35,-10,-15,-10,18,40,-8
16,14,20,-14,-27,23,-4,-29,6,26,25,30
-1,48,14,-19,-12,42,-52,1,23,25,38,39
17,64,23,-36,4,20,-29,-20,13,42,46,22
20,63,43,-49,3,50,-44,-36,16,42,50,51
17,73,29,-49,-19,68,-21,-26,27,29,74,57
14,88,47,-29,2,73,-51,-32,25,60,69,38
43,62,39,-71,-18,91,-69,-37,34,68,70,52
29,97,60,-84,-20,63,-54,-37,15,60,91,61
30,67,45,-54,-15,93,-72,-45,31,70,79,69
36,103,77,-82,-31,97,-84,-43,30,106,93,82
38,120,71,-88,-27,111,-89,-52,27,68,104,78
47,121,98,-86,-4,110,-90,-58,28,101,98,102
54,150,103,-85,-15,97,-83,-39,33,98,115,103
39,136,92,-119,-23,127,-80,-73,19,100,130,99
41,168,116,-109,-26,144,-92,-74,48,106,138,115
54,166,108,-119,-30,127,-84,-46,44,124,138,102
29,166,122,-125,-32,151,-78,-75,50,151,148,137
72,175,104,-131,-29,156,-105,-79,40,135,154,134
66,175,118,-136,-9,165,-92,-55,62,156,178,112
50,219,139,-133,-25,137,-97,-67,51,130,174,148
88,196,121,-121,-17,171,-113,-83,52,135,165,145
53,208,157,-143,-40,175,-112,-62,57,155,190,129
53,211,138,-154,-38,183,-130,-103,62,165,200,143
77,210,126,-130,-53,172,-115,-88,62,146,209,140
58,197,138,-153,-11,172,-102,-85,56,155,197,162
65,213,131,-141,-31,194,-134,-85,54,161,189,171
75,201,135,-142,-23,191,-123,-91,77,174,210,144
97,218,158,-135,-24,191,-114,-80,50,157,204,166
58,223,120,-157,-45,193,-136,-103,79,170,216,146
67,232,150,-161,-21,178,-118,-94,42,164,199,165
83,219,151,-165,-34,180,-102,-100,76,159,207,151
98,217,137,-153,-32,188,-127,-65,51,168,187,159
98,197,114,-152,-39,172,-118,-90,57,151,186,152
89,224,122,-135,-33,165,-115,-89,62,158,217,144
64,194,135,-158,-32,192,-126,-83,49,163,199,149
90,236,142,-131,-42,164,-102,-85,73,154,174,142
75,193,128,-146,-11,174,-98,-60,68,168,175,129
90,181,141,-115,-39,175,-100,-72,47,157,172,123
53,175,113,-126,-24,161,-115,-73,56,133,143,108
65,182,125,-114,-33,147,-116,-74,63,123,180,138
64,163,106,-114,-26,126,-104,-58,43,143,149,137
70,184,104,-95,-26,121,-83,-68,33,119,162,98
55,146,100,-109,-28,122,-94,-53,55,123,131,104
48,149,102,-110,-29,121,-78,-59,30,108,124,100
38,128,90,-112,-14,115,-79,-62,39,113,127,89
72,112,68,-84,-24,101,-79,-32,58,78,113,89
47,117,76,-84,-28,96,-69,-70,51,95,115,94
38,86,70,-80,-29,69,-61,-13,28,83,112,86
61,111,88,-90,-23,88,-36,-40,20,62,115,88
34,87,69,-52,-13,93,-71,-32,26,70,73,64
24,70,68,-49,-7,64,-27,-35,10,84,116,43
17,65,54,-50,-30,61,-43,-34,20,55,65,73
26,70,37,-32,-7,61,-51,-42,-3,52,70,56
21,32,38,-39,-16,44,-37,-34,25,43,70,40
28,60,37,-43,-15,53,-35,-37,36,60,39,40
15,47,50,-38,5,39,-21,-11,4,20,67,27
0,35,15,-18,-7,41,-2,-12,11,25,26,46
24,40,19,-25,4,34,-28,-12,-31,35,35,20
-7,23,27,-23,7,39,-30,-33,-6,15,36,31
22,1,15,-26,-19,18,-38,-9,17,16,21,18
15,16,23,-20,-4,0,5,-30,19,4,25,25
5,17,7,-12,-6,18,10,-2,2,15,5,23
-13,13,-3,-26,-1,8,5,-21,10,0,30,0
-33,35,17,-15,-18,13,7,20,0,20,10,-6
15,12,-26,8,1,15,7,-23,15,11,-17,0
11,10,1,-9,-8,-42,23,35,-1,-16,0,1
-12,-26,-6,10,-1,27,-8,15,-1,-8,14,5
-9,15,7,0,1,-4,3,-3,-7,11,-43,-9
-1,-10,-1,-4,10,-11,4,6,-3,16,1,-45
-6,-15,-19,-13,6,-2,29,9,6,-14,1,3
-7,-14,-1,10,-7,9,7,27,-4,-15,-14,-6
-7,-37,9,11,-10,-42,8,27,18,-11,4,-4
-17,-25,-28,17,-1,-23,5,20,-3,5,-28,-3
-2,-22,-50,19,-2,-21,23,-3,12,-30,-17,-41
-25,-6,-10,19,-3,-3,30,19,-2,-9,-18,-14
0,-28,6,-4,19,-18,13,15,20,-24,2,-8
-4,-35,-15,12,17,-61,33,18,6,-33,-37,4
3,-45,-12,22,-7,-22,2,-14,1,-29,-22,-29
-5,-33,-33,14,-12,-60,28,-5,-31,-37,-30,-33
-15,-55,-54,28,34,-41,31,35,-29,-33,-56,-21
-13,-45,-47,56,-9,-49,17,19,-15,-45,-62,-19
-22,-49,-38,31,22,-58,50,29,-41,-51,-53,-50
-32,-80,-71,51,19,-40,53,27,-20,-78,-43,-50
-5,-76,-57,85,7,-82,48,34,-26,-73,-75,-65
-23,-112,-64,64,8,-67,50,41,-37,-77,-74,-70
-56,-128,-73,75,15,-95,53,91,-7,-88,-85,-66
-43,-126,-84,82,15,-107,66,68,-45,-98,-115,-106
-50,-136,-86,107,22,-135,96,67,-59,-105,-134,-101
-73,-160,-99,105,41,-132,70,74,-39,-116,-133,-121
-49,-178,-108,107,21,-142,90,63,-60,-120,-154,-107
-66,-168,-102,118,38,-149,110,64,-47,-103,-166,-114
-44,-171,-132,92,7,-151,76,57,-32,-144,-153,-121
-65,-162,-108,121,20,-120,96,52,-24,-148,-138,-122
-59,-173,-137,97,15,-136,91,83,-66,-128,-144,-104
-62,-131,-85,106,25,-122,104,78,-46,-79,-141,-107
-47,-102,-47,90,4,-91,80,33,-41,-84,-113,-73
-34,-95,-66,68,3,-84,60,48,5,-61,-75,-69
-22,-42,-12,39,12,-32,15,20,-21,-32,-56,-47
-8,4,-6,21,-17,-2,8,-16,4,-1,-14,-8
-1,54,13,-41,-7,36,-35,-33,30,72,20,42
37,124,93,-89,-31,116,-72,-61,40,90,110,76
61,218,130,-142,-41,150,-122,-56,77,135,193,133
112,290,201,-208,-52,229,-154,-120,84,232,273,200
126,369,253,-281,-83,332,-200,-163,127,282,360,289
181,483,320,-340,-56,410,-249,-196,141,356,440,353
166,574,366,-413,-108,477,-318,-249,166,429,538,420
218,682,451,-458,-90,530,-365,-280,192,500,605,455
266,762,464,-518,-113,635,-425,-303,227,564,682,542
289,822,545,-581,-94,681,-448,-325,245,626,773,586
322,910,578,-636,-144,752,-496,-362,287,675,823,622
327,980,617,-640,-142,816,-522,-399,305,726,879,670
349,992,653,-702,-146,839,-582,-412,304,731,891,717
332,1027,664,-692,-170,838,-552,-390,290,778,911,723
346,985,633,-655,-156,820,-537,-402,287,748,883,678
340,968,643,-649,-146,814,-515,-373,290,717,860,682
331,914,602,-643,-133,738,-507,-354,260,690,842,630
293,837,526,-565,-119,690,-443,-332,261,635,768,572
272,740,496,-507,-129,638,-413,-306,230,546,673,524
245,677,456,-437,-92,541,-368,-275,208,495,601,471
187,557,349,-407,-84,465,-333,-240,189,427,544,409
178,451,313,-307,-88,395,-258,-182,149,325,408,331
126,376,237,-242,-51,315,-186,-165,108,270,306,234
94,256,151,-186,-45,206,-127,-104,82,169,211,159
50,159,101,-79,-21,117,-96,-67,47,119,148,127
36,63,32,-32,-11,75,-19,-40,33,37,43,18
-16,-5,6,11,3,-23,7,-8,7,7,-24,-8
-22,-80,-55,63,16,-79,27,43,-24,-40,-54,-57
-51,-130,-102,93,25,-128,71,54,-42,-65,-132,-104
-74,-200,-119,127,44,-144,95,67,-73,-145,-167,-155
-70,-206,-135,162,39,-173,137,85,-70,-154,-175,-158
-78,-262,-152,172,62,-202,126,94,-78,-187,-225,-166
-88,-264,-169,169,31,-228,152,108,-95,-220,-226,-181
-124,-264,-193,181,41,-234,174,109,-80,-199,-219,-177
-90,-248,-181,181,32,-217,151,126,-65,-196,-254,-199
-100,-256,-180,166,49,-224,122,108,-95,-213,-239,-204
-100,-267,-158,152,36,-205,126,116,-71,-182,-213,-176
-91,-223,-161,158,47,-190,119,80,-98,-175,-209,-179
-82,-207,-147,146,50,-188,102,93,-77,-158,-182,-131
-59,-184,-110,137,23,-162,108,84,-53,-141,-178,-107
-79,-170,-93,101,23,-137,91,55,-59,-117,-169,-113
-57,-148,-98,114,21,-104,102,64,-29,-118,-116,-101
-35,-106,-79,92,12,-103,64,46,-45,-105,-107,-71
-41,-96,-61,58,19,-82,31,55,-28,-69,-99,-81
-52,-80,-67,32,15,-75,51,33,-61,-74,-46,-78
-18,-95,-38,46,-9,-68,61,31,-23,-53,-55,-49
-28,-53,-35,49,10,-56,39,23,-28,-36,-98,-56
-33,-43,-22,35,19,-32,21,32,15,-32,-55,-23
-14,-42,-35,29,7,-67,29,20,10,-30,-22,-34
-18,-26,-31,17,-20,-35,22,20,-8,-23,-39,-27
2,-5,-2,3,-14,-15,14,6,11,-13,-36,-38
1,-9,-22,5,15,-17,12,4,-8,-31,-6,-12
2,-25,-25,4,1,-20,-1,-8,2,2,-11,-7
7,-25,-6,15,-5,-10,20,23,5,-12,-7,-11
-6,-14,-21,-1,-2,-17,16,-8,-10,-8,-11,-9
-7,2,16,6,-5,-7,-5,-5,8,1,-12,4
-31,-2,-15,15,0,-24,1,27,-36,-2,-5,-10
-6,-6,11,9,5,-22,0,14,-13,-3,-5,-5
-6,-17,3,6,-31,-7,-24,12,19,-9,-12,-1
2,-4,-20,7,-12,2,13,-4,-5,-5,20,6
0,6,27,4,-4,5,23,-16,-8,1,7,8
14,7,7,4,-10,-6,10,4,12,-6,6,0
1,16,11,10,-13,-2,5,4,3,8,8,32
9,17,26,-9,-6,12,17,-18,0,25,7,28
19,6,0,-29,7,16,20,-17,18,-8,35,6
-4,10,20,-7,-23,5,-4,-13,37,4,16,25
-5,26,29,-23,12,47,0,-12,8,21,4,20
4,6,21,-13,-7,13,-43,2,-3,21,15,4
7,18,25,-6,-10,14,-8,-17,11,30,0,-12
3,25,12,-2,10,1,-28,14,22,15,16,41
13,22,18,-11,5,27,3,-13,-13,26,3,42
25,17,50,-26,-5,43,-28,-3,-12,16,17,22
30,20,10,-38,2,29,-15,-13,6,17,25,24
22,51,36,-40,-9,15,-18,-8,22,31,42,31
5,21,14,-11,-14,31,-28,-16,10,44,23,27
12,42,30,-49,-19,56,-16,-15,-7,51,45,49
0,64,39,-44,-19,39,-52,-12,27,34,39,24
24,47,29,-50,8,60,-39,-26,27,57,57,53
2,87,50,-43,-13,69,-50,-35,15,55,75,40
24,77,34,-49,4,54,-39,-16,17,44,77,33
50,68,46,-48,-22,72,-77,-30,31,50,72,79
28,77,60,-52,-33,66,-38,-48,16,59,78,64
32,71,54,-60,-34,85,-66,-40,43,63,100,60
32,108,71,-70,-9,97,-51,-42,37,58,92,62
26,103,65,-71,-27,75,-55,-47,18,69,82,74
44,102,59,-76,-2,75,-57,-40,14,96,76,76
43,119,79,-98,-18,113,-56,-55,48,84,101,73
30,111,88,-85,-21,98,-64,-57,42,101,127,86
30,140,83,-77,-14,107,-69,-33,36,96,116,83
36,136,76,-90,-5,127,-91,-47,47,116,117,100
47,147,98,-87,-26,130,-98,-56,39,97,142,110
69,148,126,-98,-10,111,-76,-72,76,142,132,87
67,146,95,-111,-5,136,-77,-53,43,131,119,100
53,180,102,-82,-22,151,-107,-92,28,112,145,98
70,178,116,-125,-51,139,-88,-92,53,150,165,122
58,185,129,-118,-9,148,-90,-79,65,134,166,110
75,205,132,-124,-37,164,-117,-71,41,128,175,122
95,213,125,-119,-12,162,-110,-64,72,149,186,140
73,196,134,-167,-36,158,-127,-70,74,133,182,153
46,198,153,-145,-37,175,-113,-88,62,171,194,151
86,202,121,-156,-41,187,-110,-89,68,166,208,134
86,222,130,-155,-26,194,-125,-93,47,162,204,164
73,248,123,-158,-27,206,-134,-117,61,199,200,148
68,262,180,-193,-25,217,-144,-103,80,197,224,193
91,253,154,-171,-49,224,-123,-108,81,211,228,184
100,252,171,-191,-31,229,-147,-111,79,189,252,182
110,269,157,-196,-54,219,-155,-112,107,228,235,182
96,283,181,-190,-62,209,-147,-121,106,238,238,188
127,278,213,-202,-35,232,-154,-108,71,224,272,196
99,291,210,-200,-38,235,-153,-100,84,236,259,221
111,311,196,-210,-37,270,-155,-116,87,214,324,210
119,308,208,-229,-57,264,-168,-132,126,228,281,212
113,333,202,-239,-35,267,-185,-137,103,249,278,217
146,341,208,-211,-37,285,-196,-140,89,265,314,244
129,351,212,-229,-79,277,-179,-107,106,242,313,218
123,338,219,-233,-38,271,-195,-150,111,236,295,235
116,340,218,-220,-48,307,-205,-130,110,245,312,241
129,360,234,-230,-65,309,-207,-148,110,278,331,258
113,364,232,-246,-42,300,-204,-153,97,289,315,225
146,363,232,-245,-61,304,-199,-120,103,287,329,259
116,374,236,-254,-70,303,-193,-129,91,268,340,273
148,379,250,-234,-54,318,-216,-149,122,286,349,266
136,390,242,-261,-59,314,-213,-149,104,291,351,263
132,378,239,-252,-63,339,-205,-137,112,297,334,269
141,387,246,-267,-55,324,-226,-143,90,315,372,269
136,377,266,-254,-80,328,-189,-161,118,306,339,291
121,397,258,-272,-78,323,-212,-147,124,299,363,269
126,391,266,-289,-46,333,-190,-147,120,301,366,264
131,407,251,-294,-49,340,-203,-134,107,285,345,261
148,388,249,-275,-73,309,-223,-167,137,280,355,286
134,392,256,-289,-45,324,-234,-162,100,309,370,303
123,402,255,-278,-85,332,-234,-155,107,294,357,279
137,410,255,-288,-86,332,-208,-151,128,294,368,289
135,409,257,-278,-65,322,-218,-144,115,308,347,274
154,405,245,-259,-60,346,-215,-172,123,317,350,282
134,392,255,-288,-64,333,-221,-154,110,289,372,299
150,400,268,-280,-54,336,-227,-165,123,288,363,273
140,389,279,-264,-50,321,-223,-141,122,281,356,270
140,384,256,-271,-69,313,-203,-166,110,296,344,269
117,393,266,-248,-61,314,-228,-149,115,306,329,263
120,370,244,-257,-40,303,-216,-148,101,296,334,261
120,357,267,-246,-42,320,-211,-136,110,287,330,254
114,365,240,-255,-40,296,-204,-150,125,264,314,289
158,376,244,-264,-74,320,-196,-146,132,255,319,221
124,371,213,-247,-51,263,-199,-141,100,263,341,238
121,348,229,-252,-48,284,-199,-152,95,247,326,238
126,346,207,-251,-63,286,-179,-145,106,269,311,238
116,348,215,-219,-48,265,-183,-132,130,253,283,248
141,310,207,-211,-60,258,-148,-143,112,249,283,223
101,334,211,-210,-31,284,-159,-119,111,247,312,204
117,302,209,-217,-51,271,-186,-122,111,242,291,210
116,295,200,-235,-37,265,-159,-128,93,225,281,211
103,299,206,-194,-37,265,-156,-97,89,235,275,209
91,276,207,-223,-71,234,-191,-107,88,202,264,218
98,284,168,-186,-9,238,-128,-104,93,222,270,187
100,267,173,-184,-38,228,-139,-108,74,198,248,194
96,261,164,-176,-30,220,-165,-134,73,210,229,194
90,256,161,-189,-36,218,-128,-107,83,184,226,198
91,260,169,-166,-40,190,-130,-103,79,195,226,195
87,249,154,-181,-16,196,-142,-113,71,184,231,188
82,258,138,-159,-24,203,-128,-94,68,179,198,188
84,247,147,-160,-35,173,-147,-96,93,177,196,151
76,224,137,-138,-70,177,-114,-66,32,157,210,155
58,203,144,-128,-32,161,-115,-55,61,125,188,141
57,197,121,-134,-26,173,-101,-75,65,163,174,136
55,192,121,-139,-27,163,-113,-68,55,147,188,119
69,198,125,-106,-33,142,-111,-101,56,146,162,140
81,167,100,-107,-35,138,-82,-52,47,122,164,104
60,167,107,-119,-30,147,-89,-76,46,104,156,137
87,153,97,-111,-24,136,-93,-86,66,114,156,118
78,163,95,-111,-15,124,-72,-67,52,118,135,105
44,148,91,-108,-21,112,-71,-48,49,105,133,100
68,153,91,-85,-25,94,-101,-57,56,95,125,94
42,113,71,-89,-8,113,-77,-66,38,105,111,95
43,109,67,-74,-44,115,-81,-60,47,88,92,77
46,124,67,-66,5,110,-75,-49,24,68,103,70
28,112,78,-72,-19,66,-60,-43,41,64,91,76
44,123,54,-61,4,93,-81,-44,45,75,84,69
29,90,57,-70,-16,71,-43,-23,39,67,72,60
55,69,62,-72,-16,78,-34,-41,22,51,56,56
32,100,35,-52,1,91,-39,-36,27,78,56,64
24,76,50,-55,0,65,-34,-32,15,70,60,62
41,81,49,-57,4,56,-51,-21,9,77,74,49
7,44,52,-37,-6,61,-25,-24,-1,22,41,46
16,57,33,-52,-11,54,-33,-36,43,52,38,53
4,44,42,-38,-13,61,-25,-12,35,44,61,38
15,57,20,-33,-16,40,-35,-21,9,32,36,28
-4,40,38,-48,-13,30,-36,-19,-3,36,50,24
9,49,45,-48,-5,33,-10,5,31,47,47,39
9,35,15,-22,-9,30,-22,-26,28,29,40,20
26,27,22,-25,3,37,-8,-26,-2,26,23,39
26,46,21,-31,-12,18,-14,-17,1,41,18,23
12,36,24,-22,-11,19,-8,-14,4,47,6,19
-2,19,18,-14,-24,6,-20,-13,14,44,43,32
32,44,12,3,-5,27,-33,4,-8,27,22,21
-9,6,7,-24,2,22,-22,-9,-3,16,0,44
-7,22,11,-2,-22,10,-2,-30,-10,9,16,27
38,1,-12,-1,-15,8,-9,-6,22,-1,18,1
26,38,0,-33,-17,6,13,31,6,8,0,24
-11,-6,-10,-32,-11,0,-3,5,1,0,7,-13
5,17,17,12,-32,8,-7,8,-10,5,19,-13
-5,-9,3,1,18,11,-11,-10,1,-3,32,22
2,0,1,-8,-6,16,-14,1,18,-2,-1,-12
-3,1,-16,-8,-13,-1,-21,10,-7,4,3,6
8,15,22,-2,6,-26,3,-1,2,-8,-1,0
-4,-17,8,20,17,9,1,0,16,3,-7,-12
15,-4,-11,-16,2,2,-26,20,-8,1,-13,2
8,-1,23,14,20,-19,1,10,-34,3,20,3
15,13,18,15,8,-6,-19,-9,-2,0,-7,-1
9,-43,-14,-4,7,-2,-1,27,-10,20,-17,21
-8,-9,-20,15,-7,-15,12,0,-39,-28,-11,-20
1,-19,13,-1,11,5,-1,6,9,0,-17,-1
0,8,-2,-14,0,-14,17,10,2,-2,-29,-23
-11,-20,4,32,-5,-8,16,6,-11,-1,5,0
1,-26,-1,11,-13,-11,-7,-11,-11,-10,-10,5
-12,19,-3,1,-10,-13,24,-15,-11,-6,-1,-15
-1,-15,-16,-30,-8,14,7,11,24,-13,3,-7
5,-18,-10,-3,-13,-6,0,10,-4,1,-7,-8
0,-17,-29,12,1,-28,19,2,5,14,-23,-19
7,-13,24,-5,13,-20,14,16,-17,-10,-2,-3
11,6,-7,11,-14,-3,-9,0,14,4,-17,-20
14,10,3,2,9,-9,-8,-9,-3,0,-1,-5
-4,-16,-33,-9,7,-5,9,1,0,5,-16,-7
15,-2,-18,-1,3,-7,10,17,6,-13,-19,-7
-18,-14,3,5,-13,-2,5,26,-14,-4,-13,3
4,-1,26,-8,13,-2,2,10,-1,-5,-3,-20
14,-17,-10,18,13,-4,0,-3,-13,-8,-6,-8
11,-9,0,2,17,-26,-7,13,16,-11,-26,-6
1,-21,-16,1,11,-6,5,20,0,-9,-5,-19
27,-15,5,5,1,18,-1,27,-7,-6,-5,1
9,-1,-19,0,2,4,14,6,-8,2,-24,22
-7,-17,-9,25,9,-18,3,2,-6,-1,-12,-30
-6,-10,0,2,-7,3,-16,5,5,-23,-11,-8
6,-10,8,26,-23,-17,6,-5,17,-1,-32,-9
-9,-9,1,-7,9,-14,10,-12,-15,-23,22,-21
-25,-12,19,9,7,-13,-18,0,-30,-27,-14,-13
9,3,7,10,-17,-16,-17,-2,-14,12,-7,-14
-6,10,-4,4,-6,4,-9,-10,7,-10,6,-8
-24,-18,-8,20,-9,-16,8,27,1,-16,3,-18
-17,27,-10,3,-11,-29,3,4,9,-11,-9,-22
-23,-1,-12,-1,3,12,0,7,2,1,2,-29
-12,-22,-18,6,-12,-8,1,-20,1,5,-7,-11
7,0,5,-8,-1,5,-6,18,-3,-6,-19,-8
-24,4,-8,11,-2,-3,-3,17,-10,17,-10,-5
10,-11,16,-15,-12,0,11,9,1,-11,-6,-9
6,1,1,-7,-3,5,0,20,2,-9,-19,5
-8,-7,5,-5,-6,-13,-7,3,1,-8,-4,-5
-9,-8,-11,9,-5,-7,-1,-28,-11,4,-3,-2
-3,-4,-5,11,5,-6,-3,-8,-2,-35,9,-2
-2,-12,-3,9,6,11,-6,5,5,2,-6,-13
-26,32,-3,-8,-10,4,-9,-17,-2,-10,9,-8
9,-6,5,-4,9,1,-10,13,-2,11,7,-19
6,-6,3,-14,12,-1,8,5,-16,-2,14,-3
6,-19,17,-2,3,-9,3,14,6,-7,-6,0
-11,-20,33,-6,-9,12,-38,6,-4,8,-12,-8
15,-3,12,-1,-5,6,-13,-12,7,-10,-5,-4
11,-1,10,-8,-6,18,-12,9,-15,7,7,7
-17,-5,3,19,-7,-2,12,7,-16,-9,-44,13
7,3,1,-2,4,-2,-3,26,-29,8,16,24
-11,10,8,2,-4,7,-14,-3,-20,7,-3,-5
-13,-8,-2,-1,-9,-7,1,0,-2,-10,6,-2
-16,-3,-23,16,-4,30,13,7,-12,-5,-26,-2
3,-4,27,8,9,3,-3,-6,-10,-10,1,-1
22,12,-20,-20,-17,1,8,8,-1,-22,10,-3
-1,30,10,1,8,5,-8,-6,1,17,-8,6
-12,7,23,6,-20,3,-24,-5,5,-6,4,-11
-29,-3,5,-2,-3,-16,-14,8,0,5,9,0
-24,-6,19,10,-5,0,-5,-16,-6,2,-14,3
-13,11,-7,-10,-23,-5,-23,30,17,4,6,13
-9,-5,-2,-18,-11,24,-1,9,-7,-7,-9,31
25,14,-3,-7,-23,7,4,2,13,17,-2,-4
3,4,22,6,4,10,-4,-3,6,-28,11,-10
21,-4,19,-18,-14,8,-8,-7,-7,0,6,-1
-4,-6,6,2,2,1,-3,4,-11,-12,-6,3
9,-2,-1,4,21,-7,18,-2,-1,-4,0,-12
1,-4,-1,-21,-6,11,-16,0,-13,17,0,-2
1,4,6,-13,-5,-10,-23,-7,4,-2,1,-14
-5,16,9,4,-9,-6,-3,-11,-16,-6,0,9
6,1,9,32,4,7,5,-5,-14,1,9,5
-3,-10,21,-6,15,2,-13,-7,-11,5,20,8
7,6,-2,-12,-15,9,-10,10,-13,-7,3,0
7,19,2,-10,-13,4,-19,-11,2,-1,-6,7
-12,33,0,-13,-1,3,-3,-3,4,5,-1,-8
11,-2,-13,-18,11,11,-10,-4,30,14,4,-9
16,12,2,-12,-11,37,-14,8,0,19,12,2
-7,30,5,12,5,17,-8,-7,2,21,-17,-7
6,42,3,-17,7,12,-24,-2,31,19,10,20
27,25,9,3,5,-1,13,-28,-1,-8,3,1
22,22,-1,-16,-10,-18,-9,-4,-14,5,26,13
17,-16,14,-5,8,20,-33,-21,-1,22,28,19
13,25,28,-19,-40,12,-15,7,2,10,0,7
25,12,-1,-16,-10,11,-3,-16,-8,17,15,17
23,11,15,6,5,20,-27,-9,-19,19,11,29
-9,27,8,-8,-25,17,-18,-18,2,18,21,40
10,24,18,-8,17,14,-1,-3,13,15,41,-10
7,29,13,-17,-6,30,-12,4,11,22,14,28
5,32,9,-47,-7,15,-30,-24,16,39,44,14
14,47,20,-9,-4,19,-25,-13,15,39,40,21
1,33,31,-20,-26,25,-21,-21,-4,38,22,20
-12,49,41,-22,6,31,-8,-35,2,19,35,17
18,22,44,-39,-12,56,-39,-41,-2,27,49,27
20,65,19,-33,12,41,-34,1,24,42,16,39
5,42,18,-35,5,15,-31,-6,16,50,28,24
32,64,41,-40,6,55,-29,-42,11,35,36,38
21,86,37,-18,9,50,-22,-26,20,45,72,57
14,35,55,-24,-29,55,-38,-33,11,40,81,42
45,91,44,-53,-8,58,-39,-40,14,49,62,47
42,87,55,-41,-24,70,-42,-8,25,72,36,49
28,70,69,-57,-10,60,-28,-38,13,61,90,50
24,100,42,-71,-4,70,-51,-43,11,85,65,84
51,104,52,-60,-10,67,-55,-21,19,69,80,81
33,122,53,-78,-12,94,-39,-45,36,66,113,61
52,111,74,-86,-18,117,-64,-57,42,90,97,92
41,109,77,-90,-12,109,-74,-53,26,104,101,69
44,126,82,-112,-21,114,-65,-50,37,116,125,88
49,149,90,-106,-24,112,-81,-59,36,110,152,97
57,149,81,-116,-25,130,-57,-65,36,96,125,108
64,155,121,-101,-22,129,-66,-61,46,122,151,98
64,172,120,-96,-23,117,-62,-77,64,134,155,109
56,172,109,-123,-36,143,-96,-80,48,139,163,127
61,200,112,-132,-39,168,-112,-95,50,131,151,114
69,181,148,-107,-22,167,-109,-72,40,140,171,121
79,179,149,-147,-30,160,-104,-78,62,168,188,128
54,189,140,-156,-24,168,-86,-75,68,160,197,161
96,219,136,-166,-59,184,-121,-77,43,169,199,125
67,214,123,-140,-40,180,-126,-88,77,176,207,154
86,239,134,-150,-51,189,-125,-101,84,156,227,161
88,238,154,-180,-38,193,-124,-86,84,180,222,157
94,240,144,-176,-39,222,-141,-96,69,179,214,194
93,228,163,-171,-36,208,-133,-123,74,189,238,183
68,237,161,-173,-46,209,-144,-94,71,202,240,176
93,256,161,-168,-45,217,-130,-111,100,198,238,197
117,290,173,-181,-21,208,-147,-104,58,201,246,183
62,266,171,-180,-22,229,-128,-127,88,186,249,204
105,302,173,-188,-48,217,-162,-116,75,204,229,202
93,280,185,-180,-60,216,-149,-115,89,204,249,183
113,283,193,-189,-80,235,-149,-121,89,203,227,184
89,272,188,-190,-45,223,-134,-115,98,218,242,196
104,285,181,-201,-44,222,-147,-103,67,216,224,183
97,282,176,-174,-21,220,-148,-108,80,202,236,189
98,271,177,-177,-31,240,-120,-126,95,208,252,169
100,258,147,-164,-59,196,-147,-110,80,214,239,204
102,292,172,-199,-52,208,-128,-86,68,193,245,216
96,263,177,-189,-39,213,-134,-101,55,213,222,171
69,253,175,-152,-39,207,-130,-82,91,201,217,162
74,259,145,-174,-40,190,-147,-77,96,196,204,182
73,230,166,-174,-23,195,-163,-109,78,174,202,174
88,232,130,-156,-27,196,-113,-65,41,166,200,189
76,224,125,-190,-42,190,-136,-96,56,179,196,146
85,237,150,-127,-48,181,-125,-80,70,154,189,136
77,191,144,-136,-51,189,-120,-87,66,150,192,152
61,208,136,-135,-46,168,-104,-104,74,187,168,128
42,188,126,-112,-20,158,-95,-72,58,121,186,134
69,162,112,-129,-3,160,-96,-83,38,138,160,122
90,178,112,-121,0,138,-93,-75,26,134,158,127
62,162,114,-144,-5,133,-94,-58,50,103,150,131
35,156,103,-110,-25,130,-95,-40,37,116,140,93
43,137,117,-83,8,136,-87,-46,67,129,121,102
30,160,84,-83,-3,128,-69,-52,59,90,136,119
55,130,65,-79,-24,130,-80,-43,41,109,132,101
45,104,81,-93,-7,94,-50,-45,49,85,107,94
22,131,78,-81,-32,92,-52,-23,42,93,102,88
47,130,65,-86,-6,76,-53,-58,36,87,94,70
32,102,67,-64,-39,97,-38,-83,41,66,89,55
44,94,65,-82,-10,104,-50,-47,31,69,86,65
34,96,57,-39,-12,53,-62,-51,28,89,88,87
39,90,31,-54,-12,68,-57,-35,31,52,73,54
26,82,55,-60,-26,71,-39,-34,32,65,81,37
22,62,36,-59,-14,59,-26,-48,19,53,55,67
25,55,43,-35,-7,55,-67,-17,20,64,56,38
12,71,40,-54,-5,51,-24,-10,32,37,60,44
26,61,22,-55,-38,76,-33,-11,1,50,55,29
30,55,22,-29,0,47,-15,-34,-7,48,29,35
30,33,31,-2,-8,39,-13,-13,7,39,37,21
9,28,27,-15,-7,40,-19,-19,18,40,39,26
9,12,15,-21,12,43,-32,7,9,52,27,12
25,38,14,-20,-8,42,-14,-13,-12,24,15,31
37,35,15,1,-9,17,-8,13,21,45,18,22
-2,41,26,-22,3,37,-21,6,-2,3,21,6
39,18,16,2,-14,29,-7,-10,21,3,32,22
26,17,13,-24,0,26,-12,-4,18,14,16,23
-2,-3,2,-17,2,0,-20,-10,7,17,4,15
10,12,-13,-22,16,25,-13,-18,-16,-6,20,35
1,7,-1,-25,-6,11,-1,-32,18,9,16,-2
2,-7,3,-17,-5,10,-9,-13,-11,-2,14,-6
14,16,3,-11,2,2,-5,-7,7,7,-10,16
-9,-10,-8,0,1,-3,-4,-10,-17,13,-1,9
8,-7,-8,-8,-2,-12,27,-16,-11,-11,16,-8
1,-44,-24,13,10,-5,26,-2,-10,2,-4,-10
-3,-20,-7,25,-10,-10,-13,-1,-28,-26,-17,-30
16,-26,-16,28,12,-22,-4,5,9,-9,-31,-17
-23,-30,-25,52,-12,-43,36,14,-6,-25,-38,-33
-24,-47,-26,40,8,-20,59,27,-4,-20,-29,-20
-38,-71,-49,56,11,-64,39,16,-14,-58,-60,-55
-14,-86,-51,70,7,-64,49,42,-24,-59,-77,-46
-25,-98,-36,41,8,-71,51,49,-9,-86,-83,-75
-28,-79,-69,60,7,-77,67,50,-39,-84,-105,-86
-41,-117,-80,86,11,-117,81,75,-52,-96,-112,-77
-39,-134,-85,74,39,-121,91,40,-49,-99,-114,-101
-59,-133,-84,74,30,-119,63,59,-34,-80,-139,-95
-51,-146,-85,71,28,-107,44,63,-52,-113,-119,-83
-52,-119,-93,86,26,-115,85,25,-47,-100,-116,-86
-50,-107,-79,93,14,-89,70,62,-34,-73,-99,-78
-51,-114,-58,59,19,-98,74,38,-35,-70,-118,-64
-21,-61,-57,53,6,-69,62,39,-43,-55,-68,-28
-22,-36,-16,43,1,-44,10,-1,-20,-43,-34,-28
-4,-1,-7,18,-9,-3,-13,4,36,29,12,2
11,67,48,-61,-9,54,-34,-18,14,63,36,36
26,138,108,-77,-15,118,-80,-33,40,87,135,99
61,208,133,-136,-59,197,-118,-80,61,160,164,149
99,289,176,-206,-49,248,-159,-106,101,237,263,218
137,377,249,-279,-75,317,-228,-138,127,284,329,283
174,472,281,-334,-88,405,-283,-187,134,366,411,339
183,574,385,-399,-74,457,-311,-224,172,416,530,404
250,696,457,-454,-103,533,-373,-262,205,501,583,481
268,776,503,-511,-131,644,-429,-309,225,573,690,533
275,863,545,-610,-132,720,-458,-355,252,631,770,586
325,936,587,-633,-136,761,-520,-367,274,686,824,662
333,1013,647,-685,-126,806,-542,-384,310,746,858,702
345,1006,663,-718,-162,851,-546,-384,309,775,929,719
375,1019,686,-715,-156,854,-575,-427,322,784,959,719
359,1041,680,-711,-178,862,-593,-423,319,784,939,724
368,1025,669,-684,-160,838,-559,-403,313,764,916,737
345,1004,607,-660,-147,805,-539,-402,316,748,897,687
331,924,616,-619,-133,752,-482,-372,276,687,823,635
332,842,547,-580,-93,693,-467,-354,274,635,740,579
268,766,478,-480,-132,613,-419,-304,234,557,664,515
231,646,412,-451,-91,547,-348,-260,178,478,576,456
205,524,359,-360,-101,434,-287,-220,173,418,513,393
147,432,290,-303,-43,377,-244,-167,135,323,386,308
105,338,227,-202,-67,292,-204,-128,100,241,292,249
87,235,172,-159,-36,187,-132,-84,56,174,214,165
36,138,79,-97,-20,122,-87,-62,49,112,121,89
24,51,34,-41,-17,32,-29,-25,15,45,71,36
12,-14,-2,16,17,-14,-12,12,9,-12,-13,-1
-25,-91,-74,65,-8,-53,53,21,-50,-60,-74,-51
-30,-116,-88,85,13,-90,75,49,-45,-109,-104,-86
-63,-148,-113,119,31,-150,102,69,-51,-125,-150,-98
-63,-207,-134,140,23,-140,115,79,-81,-159,-178,-141
-85,-205,-132,147,7,-181,141,117,-77,-146,-214,-135
-98,-245,-155,165,21,-197,128,102,-60,-186,-231,-164
-89,-235,-143,159,34,-198,124,113,-80,-162,-215,-174
-97,-228,-144,133,36,-193,129,73,-100,-184,-200,-149
-68,-206,-145,129,23,-188,117,91,-51,-156,-196,-136
-88,-180,-130,136,28,-169,101,87,-74,-145,-212,-175
-52,-175,-117,113,31,-158,78,89,-43,-136,-153,-125
-64,-174,-83,94,38,-132,115,63,-38,-110,-146,-92
-35,-140,-91,91,23,-113,74,76,-33,-115,-122,-98
-29,-111,-74,85,33,-107,61,53,-38,-88,-107,-73
-20,-84,-61,59,16,-87,43,27,-21,-78,-66,-63
-13,-30,-61,47,-8,-50,65,-4,-18,-28,-77,-60
-28,-63,-44,36,-10,-55,38,26,-8,-43,-59,-35
-25,-21,-56,23,11,-42,14,9,-13,-40,-34,-39
-34,-34,-20,15,19,-38,8,21,-12,-11,-40,-12
-5,-33,2,17,5,-25,-6,13,-12,-3,-7,-26
-29,18,11,24,11,9,16,15,-9,-1,12,-1
-2,3,-2,-6,6,19,-3,-2,16,-10,7,-8
-18,12,12,-9,7,1,-23,-1,7,-24,12,-7
-5,28,-2,-10,-6,27,-11,-19,-2,4,2,-1
-6,4,9,-22,3,-1,-12,-20,12,-13,7,23
10,21,18,-22,-12,22,10,-29,15,22,16,4
-4,0,30,-20,-8,0,-12,-20,-2,32,33,26
1,47,-4,-18,-2,18,-25,-47,21,20,20,21
9,30,10,-12,-17,41,-2,17,12,7,-1,12
-1,30,22,-30,10,10,-4,-18,15,2,21,11
11,11,19,-35,3,11,-11,-16,-4,37,35,25
18,33,-1,-27,1,24,-31,-22,32,9,17,19
-16,23,13,-29,-9,21,1,-14,25,25,21,23
17,34,25,-21,-3,22,-10,0,-5,21,20,27
19,35,20,-29,-14,16,-4,-18,6,25,35,48
11,24,33,15,14,42,-55,-5,7,30,39,33
20,41,48,-30,-22,47,-18,-12,-11,-5,25,21
16,45,15,-13,-20,46,-5,-16,11,54,36,25
12,55,18,-38,7,22,-27,0,28,32,59,38
17,43,36,-46,-8,39,-17,-27,13,22,38,54
9,33,37,-29,4,41,-23,-5,11,26,45,35
33,62,31,-37,-9,43,-45,-46,56,34,50,35
-2,57,45,-35,-14,44,-21,-16,15,48,46,18
3,69,37,-30,-2,31,-25,-28,-14,40,60,52
35,69,31,-35,-11,54,-49,-24,22,56,49,26
24,58,35,-18,-9,57,-60,-22,22,26,43,40
15,66,43,-55,-20,54,-31,-31,40,57,59,49
16,81,56,-59,-5,65,-44,-35,19,55,66,60
24,89,67,-45,-16,74,-9,-45,21,82,58,53
7,82,53,-66,-14,70,-42,-27,18,70,55,74
28,88,55,-43,-43,91,-32,-38,40,44,71,65
41,98,47,-74,-7,68,-60,-43,39,50,107,64
56,94,66,-75,-21,70,-54,-51,42,61,83,49
40,92,54,-74,-40,92,-34,-55,34,90,73,60
21,98,47,-91,-25,98,-43,-39,23,66,97,62
25,116,90,-78,-29,91,-51,-30,27,77,103,75
45,108,72,-84,-11,101,-75,-40,42,80,107,101
46,119,74,-103,-17,102,-64,-49,41,64,125,79
35,133,61,-80,-24,95,-62,-42,38,94,114,95
71,127,65,-93,-16,114,-86,-34,26,102,119,103
60,136,78,-108,-12,127,-71,-63,37,105,124,82
69,157,93,-93,-24,126,-77,-77,34,107,137,112
61,144,103,-102,-22,129,-98,-58,57,112,154,128
50,172,103,-110,-14,131,-98,-57,64,146,151,117
61,177,114,-101,-63,126,-89,-50,39,125,132,94
57,179,162,-126,-3,159,-100,-76,53,137,167,128
45,180,120,-128,-45,171,-98,-51,53,139,187,127
83,197,142,-110,-22,181,-94,-91,59,147,170,129
58,200,141,-156,-46,184,-121,-81,67,161,192,152
73,222,134,-134,-33,151,-130,-99,75,149,189,133
78,213,134,-153,-33,156,-125,-81,70,165,193,119
78,249,145,-149,-35,204,-141,-89,58,170,219,184
97,234,165,-177,-51,208,-140,-65,60,171,224,176
87,242,162,-151,-40,232,-149,-125,65,194,197,166
50,260,175,-158,-34,208,-125,-95,89,201,249,170
81,259,179,-189,-35,195,-140,-86,79,206,227,182
88,263,160,-189,-35,214,-145,-113,69,207,255,196
89,305,210,-166,-55,192,-149,-122,50,209,262,205
100,292,169,-181,-34,227,-162,-108,86,203,262,191
64,309,200,-184,-31,240,-166,-137,96,234,264,229
92,293,199,-219,-28,280,-167,-139,97,216,253,197
100,303,190,-231,-60,232,-173,-152,86,250,269,246
100,342,200,-216,-42,257,-145,-126,111,248,291,216
105,351,207,-223,-27,255,-178,-106,123,244,294,227
99,362,207,-236,-42,269,-172,-133,101,257,330,266
132,342,206,-223,-37,276,-176,-143,97,245,302,247
108,340,232,-226,-51,290,-191,-149,98,244,324,229
133,351,224,-242,-58,294,-220,-144,100,281,311,247
122,341,244,-249,-48,287,-192,-163,105,258,309,238
140,379,239,-263,-45,308,-206,-175,111,270,305,247
133,364,252,-239,-58,310,-197,-141,115,281,313,268
121,367,258,-258,-59,306,-189,-149,127,283,326,267
122,395,244,-268,-47,336,-215,-146,110,267,347,289
146,383,268,-264,-56,307,-234,-147,104,261,366,267
133,400,234,-252,-56,307,-202,-150,126,302,352,267
139,402,261,-248,-73,312,-229,-134,114,313,362,258
149,406,252,-263,-67,318,-203,-155,123,286,352,279
139,403,256,-274,-52,331,-234,-189,105,294,355,302
151,408,272,-278,-72,346,-228,-135,127,311,380,285
127,426,265,-278,-93,349,-242,-167,122,309,352,295
143,413,272,-259,-65,326,-223,-150,107,300,385,272
144,391,258,-289,-68,318,-225,-173,118,308,386,302
138,420,252,-283,-97,341,-237,-184,128,298,375,288
144,432,277,-266,-59,362,-217,-153,108,302,381,282
149,418,264,-282,-60,326,-245,-172,117,295,366,284
153,430,275,-282,-75,338,-222,-164,131,323,385,312
157,401,270,-294,-69,354,-235,-178,134,314,359,310
141,399,265,-298,-75,325,-204,-145,120,314,360,312
127,425,260,-278,-49,335,-214,-175,143,305,371,279
130,381,264,-273,-80,335,-240,-173,118,319,365,303
135,387,272,-270,-94,332,-212,-162,114,299,336,288
135,411,268,-269,-47,343,-217,-163,133,310,365,275
135,401,245,-267,-43,302,-234,-168,139,301,344,281
117,395,238,-268,-54,323,-200,-161,132,294,350,251
126,401,243,-253,-33,316,-198,-166,120,293,348,264
127,364,251,-252,-55,317,-206,-156,114,284,318,268
143,372,244,-255,-80,313,-221,-148,124,285,325,264
134,356,249,-246,-49,288,-200,-140,105,278,326,254
134,383,221,-246,-62,290,-190,-147,107,274,323,262
110,350,243,-231,-59,289,-205,-148,108,266,322,261
108,355,231,-225,-49,278,-185,-164,98,262,327,224
85,322,215,-238,-52,284,-187,-131,104,261,294,231
110,324,202,-245,-36,286,-189,-137,100,242,309,241
115,295,227,-215,-48,267,-179,-152,114,246,265,224
115,319,225,-198,-47,260,-154,-121,83,235,282,218
116,301,221,-168,-47,235,-168,-135,102,230,267,229
103,294,188,-187,-42,225,-160,-129,84,224,258,214
105,289,192,-202,-43,225,-152,-118,88,228,260,231
101,273,211,-191,-29,232,-143,-98,92,181,262,186
93,249,181,-205,-45,207,-156,-87,69,218,253,187
91,249,164,-181,-50,216,-141,-108,77,189,229,185
99,285,182,-153,-29,197,-142,-113,92,185,215,194
61,246,163,-172,-30,197,-158,-93,88,208,209,148
101,240,131,-158,-35,204,-147,-91,92,175,220,172
68,218,157,-148,-25,193,-120,-70,52,193,202,159
82,240,128,-137,-16,195,-126,-112,50,162,215,151
86,215,149,-142,-31,175,-122,-91,54,152,184,136
56,200,133,-140,-50,186,-97,-86,51,130,166,146
83,189,118,-143,-56,170,-106,-80,69,135,179,146
54,189,123,-130,-39,159,-89,-60,52,124,183,132
69,170,101,-115,-29,140,-84,-90,68,129,176,144
51,175,136,-118,-19,150,-102,-59,46,144,142,111
60,185,93,-87,-34,141,-89,-81,54,110,142,117
58,161,104,-92,-35,117,-73,-65,38,129,118,102
66,144,65,-96,-27,123,-81,-42,35,106,122,85
54,137,78,-87,-27,109,-73,-41,34,99,113,102
51,96,69,-47,-8,91,-68,-58,32,87,112,105
38,117,82,-73,-42,98,-61,-30,49,72,111,72
41,96,73,-78,-33,89,-70,-76,49,84,124,82
42,90,75,-73,-3,105,-95,-29,40,91,114,89
50,92,68,-52,-27,96,-56,-37,36,82,73,55
4,71,64,-75,19,70,-72,-28,34,71,73,45
23,76,67,-27,-19,64,-60,-32,30,64,59,63
13,78,45,-58,-27,97,-69,-28,31,61,72,43
39,83,60,-39,-13,67,-61,-33,38,45,59,32
23,71,52,-48,1,54,-53,-15,28,46,58,44
44,73,47,-50,2,62,-25,-39,4,38,42,16
8,61,39,-59,7,37,-34,-23,18,32,67,28
37,45,24,-33,-25,28,-27,-6,13,19,34,52
17,52,38,-26,-4,48,-36,-18,10,40,40,53
12,55,26,-18,-24,33,-33,-20,-10,49,47,25
5,49,17,-31,0,27,-27,-33,15,38,39,21
0,29,34,-36,-4,49,-31,-4,41,44,34,24
-2,30,18,-34,-4,26,-22,-13,27,33,22,27
6,18,19,7,18,-20,-15,11,21,19,34,19
31,30,14,-28,0,30,-19,8,21,10,16,19
-4,6,22,-9,-19,33,-4,-28,-18,26,4,31
29,16,19,-11,8,27,-8,-2,4,7,39,16
0,25,13,-19,-5,44,-23,4,8,1,16,42
13,7,19,0,5,-2,-12,1,4,3,19,35
5,23,16,-17,13,9,-3,-6,8,4,19,15
-7,-14,27,0,-10,-7,19,-5,-18,-11,2,32
-3,7,-17,24,-6,-2,-2,14,10,17,-3,4
3,1,18,25,9,-2,-1,4,-17,0,10,-4
19,25,-13,0,16,12,-21,0,1,5,-24,12
6,-2,6,-3,9,-11,-9,-4,-20,-1,-13,-6
-13,2,22,-21,20,-3,5,-13,23,-8,8,17
-10,-5,-14,-21,-11,3,-13,-9,0,-3,-24,-10
3,6,-3,-12,11,-15,-7,-8,0,1,-14,6
-21,-21,4,-1,-5,-5,-11,12,-8,-1,0,18
-23,-33,-12,4,-18,-9,30,6,5,-10,19,-4
1,-3,-12,4,6,2,-5,-9,-10,18,-16,-31
-4,8,-8,-6,-11,-8,-11,-8,2,6,-2,4
3,-12,-12,20,-5,-27,19,-10,12,-14,-17,-3
-10,-26,-3,25,7,-1,-7,7,-22,13,-4,-2
-6,3,-6,-14,12,-3,7,1,-17,-5,-14,12
-8,-4,-11,5,-13,-11,6,-17,-15,-7,14,9
12,-2,-18,31,-9,8,-5,-13,-5,-7,-31,-1
2,-8,-12,0,2,-13,22,14,-14,-17,-23,-9
-1,-19,13,36,-6,-14,-18,-5,12,4,-12,15
-5,-3,-15,3,-5,-19,-4,19,-10,2,-5,-13
9,-19,-10,-1,-6,-9,-2,-12,-4,-16,6,-18
-2,-13,2,7,14,-1,-8,5,-13,-19,-34,-6
-16,-5,-1,19,0,-22,22,-10,5,-24,-4,-35
-8,-31,-16,-11,-23,-32,25,31,2,11,-11,-5
-6,1,2,29,-21,-24,17,7,-6,-25,5,-18
-5,6,-5,13,-20,-17,-4,12,-21,14,-11,3
16,-19,-19,23,-19,-9,-1,11,15,-13,-8,-12
11,-29,-10,7,-7,-26,0,4,1,-3,-35,-8
-6,-26,-15,5,1,-19,-13,-8,-15,11,-26,-18
6,9,-24,7,-10,-24,2,17,-2,-2,-13,-28
1,-16,-27,0,13,3,-1,20,2,4,-14,0
-5,-7,-17,7,-7,4,22,13,-2,-16,-1,-9
-25,-24,-26,5,11,-22,12,7,-20,4,-22,-13
-8,-17,-18,9,39,-5,22,-2,-14,-22,-15,-19
-10,9,-33,-6,19,-7,19,-3,0,-26,-28,-24
-9,-19,0,20,0,2,17,-1,-1,8,-14,4
10,-8,2,6,7,-20,20,-3,-2,5,-29,-3
4,-13,-20,19,4,3,-5,15,-5,-5,-17,-14
-6,4,1,18,-2,-13,8,9,16,-18,-16,-7
-20,-1,0,31,-10,-30,12,21,-3,-16,-24,-6
-15,-7,-21,16,12,7,27,19,6,-4,-32,-14
5,-21,-7,24,6,-21,-7,12,-31,-7,-22,-22
8,-13,14,7,29,-26,44,13,-19,-14,-23,-16
4,-18,-28,29,-9,-24,16,25,-2,-16,-5,-24
-4,-30,2,3,6,-20,22,-16,-4,-5,-4,-10
-11,-22,14,25,7,-5,-6,15,2,-14,6,-30
2,-23,-6,21,1,14,0,24,-4,19,-4,-5
-10,-22,-12,0,9,-28,4,-2,14,-18,-16,-12
-14,-22,-29,-9,4,-10,2,5,1,-8,-2,2
-14,-33,12,11,11,3,17,7,-13,12,-17,-18
-4,-26,-1,6,-6,-16,-11,-9,5,-2,-11,6
-21,1,-14,23,16,-30,0,-13,-7,5,-7,-8
-7,-20,1,24,15,2,23,18,8,-1,-10,-22
-5,-13,-18,9,25,2,-3,-7,-13,4,-22,-8
-21,-11,12,18,-28,0,8,27,-8,-11,3,-4
10,-17,-9,-7,-5,8,18,11,-15,-8,-19,-10
-21,-14,2,3,-7,4,-6,-30,-11,0,-8,8
-4,-25,-15,13,16,8,23,3,11,3,-11,-11
1,-15,-6,13,-13,1,-5,2,1,-13,-14,-28
-4,-3,-9,-1,3,-14,1,24,12,11,-19,-6
-6,-1,-11,9,24,-4,-6,-4,-18,2,-16,-4
16,-27,0,25,-9,-16,-4,-5,-10,-6,-13,-20
-1,-5,-8,-4,21,-40,7,10,6,-15,-26,-11
10,-13,1,8,-24,7,6,9,0,9,-21,-8
-10,-18,-13,19,2,-2,20,16,-22,-2,-19,-17
1,-21,-12,9,10,5,25,3,-1,-24,-8,5
0,-4,-11,13,0,-15,12,25,11,-3,-7,-6
5,-34,0,-2,-7,14,2,-2,-1,-23,-8,4
-16,-19,-20,6,-5,-22,7,9,4,-12,-32,-15
8,-20,3,4,9,-8,-10,-14,5,-6,-17,-5
1,-15,-7,29,-17,-9,-7,-4,-24,6,-25,-8
7,-17,-12,14,9,6,8,26,8,-21,-24,15
-19,-16,-14,19,3,-7,6,6,6,-10,-33,-9
-28,-41,-1,7,8,-7,-4,2,8,-2,-3,8
1,-16,-20,3,-15,-16,8,10,17,-18,-8,-7
-5,-17,-14,16,13,-7,-1,-10,-6,3,-35,-35
12,-7,0,-12,-3,7,-3,19,3,-17,-17,-42
-8,-28,3,21,-13,4,22,5,0,2,-6,-9
-15,-20,-10,17,3,13,1,-7,-6,-12,-5,-1
2,-27,-15,21,-6,-20,-17,29,-14,6,7,-4
12,-12,-22,35,7,-22,23,16,-21,2,-11,14
-22,-22,-31,22,-17,-28,10,-20,3,-15,-22,-6
-24,-18,4,5,0,-14,-8,2,-28,-19,-10,-5
-9,-36,17,-2,6,-12,-4,12,2,1,6,-18
-24,-22,-13,12,-14,0,7,5,14,-21,-8,-9
-29,-19,-6,-8,5,-20,3,8,11,-3,3,-5
6,-28,-39,30,5,-45,8,14,-7,7,-4,-9
3,-24,-9,28,-5,14,0,5,3,0,-3,8
-21,-7,1,21,7,8,3,4,15,-12,-15,-2
-6,23,-16,24,3,-24,11,0,-20,-10,17,-18
10,-7,-26,27,-6,-15,-6,-20,4,-4,10,-16
-18,2,-14,10,-9,-5,12,24,0,-26,-18,0
-6,-10,-6,-19,-17,-3,12,-14,13,-20,10,7
-1,11,-12,20,-1,-14,-22,-4,-1,10,-5,14
-20,28,-9,-9,5,-3,24,-15,25,15,1,-6
-5,0,0,5,7,12,-17,6,0,2,10,1
-1,-11,-21,0,1,-10,9,14,5,5,-32,-15
10,11,-16,-10,11,-9,5,-3,-9,-14,22,8
14,10,-10,13,5,7,-16,9,5,9,0,-9
10,1,15,-3,-11,10,-2,4,-16,11,11,-10
11,18,2,-17,-6,-1,-16,-3,18,17,18,-7
1,31,-22,-30,-10,-3,-3,-25,16,7,14,10
1,1,19,-23,-2,22,4,-8,-7,21,19,15
4,33,4,-18,-17,15,-18,1,19,4,27,-3
10,14,34,-14,-2,-3,-18,-6,16,21,21,23
7,20,7,11,-2,33,-25,-16,-2,33,38,28
22,34,23,-37,-11,39,-6,-23,6,21,49,50
9,35,28,-32,-16,26,-28,-12,8,39,54,24
11,72,-6,-22,-13,16,-36,-33,27,39,37,25
13,38,19,-33,6,44,-22,-21,30,44,63,46
44,70,51,-58,-8,30,-29,-44,26,48,46,51
27,47,45,-38,-8,43,-38,12,16,52,70,37
16,86,60,-56,-2,54,-36,-66,21,34,52,40
-2,82,34,-55,-25,80,-64,-27,52,45,80,62
16,77,60,-76,-16,65,-65,-15,46,65,47,42
33,97,98,-67,-13,86,-54,-37,38,91,84,83
64,110,76,-69,-22,95,-68,-31,38,78,93,85
41,105,59,-94,-30,93,-51,-47,32,91,101,87
29,134,93,-79,-7,85,-75,-58,37,80,86,81
64,113,78,-96,-1,115,-68,-51,48,104,116,111
44,139,81,-92,-18,89,-77,-71,41,114,118,75
45,138,98,-113,-14,135,-87,-69,60,88,123,112
63,155,108,-93,-34,132,-83,-65,48,125,136,107
69,151,109,-122,-23,119,-108,-88,43,131,165,140
65,154,100,-108,-33,155,-104,-69,53,122,170,126
69,162,102,-108,-27,141,-91,-74,60,145,165,120
75,196,134,-105,-40,167,-111,-53,51,137,189,153
72,210,116,-114,3,187,-109,-61,64,154,190,132
55,219,134,-143,-8,168,-137,-86,65,157,180,164
75,196,145,-172,-38,149,-117,-78,64,144,187,162
51,211,142,-156,-50,198,-109,-84,76,157,197,142
92,223,147,-154,-46,175,-100,-75,74,188,202,140
63,239,164,-160,-21,181,-124,-91,83,165,206,160
91,245,172,-139,-38,184,-153,-82,72,159,219,202
75,255,167,-184,-23,243,-124,-89,83,191,210,173
103,229,167,-166,-30,177,-115,-92,92,188,210,167
79,250,174,-186,-24,188,-121,-121,77,193,237,182
76,253,165,-157,-25,206,-140,-92,75,203,205,205
100,248,164,-140,-66,194,-124,-108,76,191,227,180
84,256,144,-159,-17,216,-148,-90,93,168,229,171
84,241,144,-144,-18,211,-160,-92,58,174,198,162
93,246,166,-167,-48,207,-107,-105,73,182,225,185
95,230,160,-151,-48,205,-121,-85,59,190,196,188
94,229,137,-154,-6,182,-139,-83,56,181,208,167
70,233,155,-153,-35,190,-136,-105,63,178,199,139
67,218,138,-145,-31,173,-126,-85,73,149,180,155
70,207,146,-133,-17,201,-127,-90,44,140,175,162
80,223,150,-133,-33,164,-139,-96,83,148,184,142
69,211,142,-149,-22,174,-87,-73,32,131,193,153
60,194,131,-131,-32,170,-100,-89,69,156,175,145
64,208,119,-152,-34,166,-102,-71,45,135,175,133
71,196,112,-119,-16,139,-93,-66,60,165,164,135
59,177,104,-120,-31,127,-91,-70,60,134,150,110
74,171,117,-105,-24,149,-102,-60,55,117,136,118
46,147,90,-111,-24,127,-70,-38,69,81,151,108
47,169,96,-104,-20,125,-85,-63,50,117,112,109
56,118,80,-122,-6,114,-94,-63,46,110,130,89
61,141,66,-82,-20,114,-89,-49,35,84,102,84
57,124,89,-70,-10,75,-55,-56,21,101,124,77
35,114,73,-76,-9,90,-58,-49,43,84,102,83
40,107,67,-96,-20,95,-55,-57,34,60,76,72
39,102,54,-79,3,91,-65,-50,15,76,80,50
38,69,30,-52,3,70,-42,-11,9,68,64,65
21,70,45,-53,-8,65,-52,-22,20,59,68,49
26,78,40,-69,-5,47,-30,-46,19,42,72,54
7,77,70,-52,-6,33,-39,-2,-13,36,63,27
17,51,57,-34,-21,60,-41,-21,23,34,31,25
2,38,22,-24,-7,52,-28,-32,30,30,51,30
-4,53,10,-20,-18,12,-46,-10,10,49,42,16
13,19,28,-14,1,31,-33,-16,17,39,27,14
-20,13,8,-13,-10,27,8,9,25,12,28,25
-6,27,21,5,9,9,-7,9,-15,20,25,11
11,36,28,-26,-17,15,-24,-4,8,12,37,9
-11,30,10,11,7,19,13,1,11,12,19,14
-20,11,21,15,12,14,-4,-15,11,6,7,-13
-7,5,6,-5,3,12,-12,-5,13,-3,-9,-1
0,-6,10,15,-16,4,1,6,2,-5,-15,5
30,-14,10,28,-17,-11,-9,7,15,-2,-13,5
-17,-4,-7,-22,-10,-7,3,2,-3,-8,-8,-13
-6,-2,5,19,-6,-28,-4,5,18,5,2,13
-2,-9,16,-28,-3,11,14,14,-9,-9,-6,-15
12,0,-3,0,4,36,-13,9,1,-6,-23,-10
-10,-23,-5,30,12,-9,1,16,6,-12,-1,7
-21,-30,-14,21,12,-8,15,-2,-6,-5,7,-9
1,-33,-30,-10,5,-28,1,-5,-6,-1,-35,-5
-4,-12,-1,31,16,-48,14,10,-7,-13,-13,-5
12,-12,-16,37,-16,7,-5,0,-9,-37,-32,-19
16,-11,-33,33,4,-34,38,15,-22,-33,-40,-7
-30,-42,-29,11,-12,-21,3,47,-14,-37,-22,-32
-22,-51,-23,24,7,-41,49,20,7,-54,-37,-51
-22,-67,-60,49,11,-74,59,27,-26,-55,-51,-58
-27,-93,-61,61,17,-69,20,37,-8,-37,-80,-68
-35,-65,-46,33,7,-77,51,40,-20,-66,-68,-55
-39,-113,-44,81,35,-98,70,58,-37,-89,-94,-66
-38,-115,-69,74,11,-89,68,45,-12,-81,-96,-76
-27,-124,-68,62,16,-98,55,52,-31,-89,-101,-79
-35,-122,-101,101,14,-97,86,46,-39,-89,-115,-109
-57,-146,-87,96,22,-138,73,63,-48,-83,-154,-91
-51,-147,-90,99,23,-142,65,88,-51,-123,-120,-126
-59,-183,-112,128,14,-118,99,88,-47,-121,-174,-112
-49,-156,-115,112,28,-144,97,60,-59,-132,-159,-113
-40,-182,-128,136,45,-151,91,46,-46,-145,-178,-123
-86,-186,-107,98,26,-163,79,72,-55,-140,-170,-131
-53,-184,-112,130,26,-157,90,60,-56,-119,-170,-119
-63,-148,-83,130,32,-125,93,78,-53,-126,-122,-133
-53,-128,-82,106,34,-107,100,63,-67,-110,-123,-103
-53,-94,-76,74,12,-84,54,55,-37,-98,-101,-78
-16,-56,-30,41,-10,-53,45,15,-15,-56,-43,-70
3,-11,-12,-9,2,-35,13,6,7,-49,-15,10
-11,51,67,-9,-28,57,-22,4,27,14,49,27
40,135,82,-54,-32,73,-60,-49,50,93,97,91
42,200,139,-114,-26,171,-108,-73,47,147,164,154
106,282,175,-187,-42,225,-161,-102,91,218,260,199
136,372,227,-257,-62,286,-218,-157,118,276,345,255
166,470,309,-337,-91,399,-306,-200,139,334,439,322
205,579,348,-394,-104,445,-304,-229,170,431,508,393
245,685,453,-457,-101,551,-352,-274,203,511,590,468
264,742,482,-514,-112,640,-419,-330,239,568,688,542
304,843,561,-561,-131,701,-437,-327,241,617,792,602
293,912,568,-617,-132,741,-504,-355,268,675,805,642
336,956,605,-649,-149,799,-530,-390,266,732,850,666
350,984,638,-640,-163,813,-532,-391,295,730,884,685
340,997,660,-673,-160,826,-576,-402,309,760,902,675
347,987,657,-661,-130,835,-525,-355,297,740,894,700
326,958,633,-653,-148,790,-539,-384,281,711,838,672
311,913,597,-623,-124,743,-480,-347,283,681,819,631
278,838,530,-568,-133,705,-456,-317,258,620,739,591
259,727,482,-515,-105,625,-417,-298,233,553,660,519
217,655,402,-444,-98,561,-340,-255,204,491,589,457
189,526,366,-361,-95,458,-321,-212,163,393,514,383
143,450,274,-316,-63,380,-250,-169,111,342,399,299
133,336,213,-236,-48,272,-195,-129,98,259,315,251
84,257,156,-150,-32,191,-132,-78,70,171,229,167
51,157,104,-115,-20,96,-83,-40,57,84,123,110
36,39,30,-33,-26,43,-21,-36,8,39,36,47
-16,-19,-32,12,4,-42,2,19,-16,-13,-2,-11
-34,-114,-71,85,26,-76,54,70,-1,-57,-85,-101
-45,-155,-101,103,30,-125,77,63,-45,-111,-127,-114
-70,-223,-139,126,16,-180,121,71,-58,-169,-179,-134
-83,-240,-155,152,45,-186,139,87,-89,-185,-195,-160
-103,-259,-179,160,71,-220,147,118,-70,-190,-237,-187
-101,-285,-189,179,45,-237,150,109,-79,-203,-235,-205
-87,-286,-184,207,25,-236,144,97,-94,-219,-232,-194
-104,-282,-174,183,49,-224,130,116,-102,-210,-223,-198
-101,-268,-183,187,42,-220,137,105,-75,-205,-242,-168
-78,-252,-186,162,34,-197,131,106,-91,-194,-237,-176
-87,-243,-148,167,41,-188,131,98,-90,-159,-215,-160
-104,-224,-156,137,37,-179,133,82,-62,-177,-203,-156
-85,-202,-142,147,30,-151,102,70,-69,-150,-193,-134
-58,-165,-120,144,29,-151,92,75,-56,-146,-147,-116
-50,-144,-91,123,22,-103,83,49,-35,-132,-139,-113
-40,-145,-70,91,-12,-113,83,67,-44,-90,-121,-97
-54,-108,-64,73,2,-88,70,69,-31,-117,-94,-92
-32,-96,-63,45,18,-97,60,40,-24,-80,-100,-62
-39,-105,-84,51,7,-73,49,34,-31,-95,-80,-82
-28,-78,-54,70,0,-64,60,39,-28,-82,-74,-80
-21,-74,-52,75,16,-68,33,35,-12,-51,-62,-65
-17,-52,-59,68,-10,-43,23,19,-11,-44,-58,-57
-33,-48,-38,46,-17,-29,28,11,-31,-44,-34,-31
-20,-40,-40,32,-14,-54,26,12,-12,-49,-61,-42
-11,-41,-34,27,-5,-39,20,25,-25,-25,-27,-26
-54,-35,-43,29,12,-45,26,30,-19,-34,-38,-34
0,-29,-23,23,23,-41,10,-9,-16,-42,-42,-11
-4,-30,-25,36,17,-26,3,15,-9,-41,-47,-21
-10,-34,-40,27,-14,-11,1,11,-27,-3,-34,-11
-1,-36,-3,19,2,-22,11,8,-16,-3,-16,-24
-33,-44,-39,14,-5,-17,17,11,-5,-39,-28,-20
-9,-41,-4,-4,-2,-34,15,17,-24,-24,-41,-23
-8,-56,-32,13,14,-23,9,20,-8,-22,-32,-30
-15,-33,-38,23,26,-40,2,-14,-15,-32,-8,-26
-13,-10,-28,23,-7,0,1,33,-7,-36,-21,-15
-21,-13,-32,33,-1,-36,4,10,-22,-18,-30,-17
-32,-25,-1,16,-3,-36,22,10,-29,-28,-39,-20
-5,-12,1,22,3,0,15,8,-33,-19,-7,-6
13,-19,-5,17,2,-36,20,7,14,-51,-37,-21
-18,-33,-11,42,12,-22,12,34,-2,-29,-21,-3
-10,4,-18,2,24,-19,34,7,-20,0,-19,-6
-2,-13,-10,0,6,-24,12,-4,-13,-13,-13,-22
-6,-29,3,7,-19,8,11,24,16,5,-9,6
-3,-2,15,-25,5,-21,-4,15,-10,-16,-2,-23
-8,-16,16,16,11,-22,18,-5,-24,4,1,0
13,6,-7,12,-1,11,6,1,13,-1,13,3
-21,-3,15,-24,-17,-4,11,11,-8,-3,-4,-5
7,-9,-18,4,2,-10,-6,9,-22,24,9,-7
-11,22,-17,3,-24,28,5,42,-11,-1,21,-5
-12,42,7,-18,-3,16,-7,2,1,10,20,9
10,16,14,-6,-5,8,3,-8,5,12,6,-3
7,19,5,-25,8,8,-21,-19,11,22,15,18
6,42,13,-5,-13,3,-2,1,-5,23,2,21
7,46,38,-18,-29,17,-26,-23,-6,9,23,21
38,31,28,-30,-8,30,-18,13,16,50,29,39
27,54,36,-23,-28,31,-34,-22,13,29,37,33
31,44,39,-46,-9,46,-34,-4,20,27,29,23
4,49,5,-23,-5,55,-18,-34,2,29,63,49
27,50,34,-12,-27,40,-46,-10,33,35,48,36
36,56,45,-41,-33,61,-26,-19,19,45,54,48
11,76,49,-46,-21,81,-34,-28,21,69,85,61
18,94,31,-38,16,76,-48,-18,33,36,54,28
18,94,43,-71,-29,79,-40,-58,16,72,70,64
35,77,53,-62,-11,76,-59,-27,11,66,60,52
2,90,54,-73,-14,74,-55,-48,19,69,84,67
39,99,58,-86,-7,74,-62,-61,48,54,129,70
54,88,65,-83,-25,89,-64,-59,25,92,85,66
40,91,104,-69,-26,96,-54,-24,25,101,98,71
44,127,97,-64,-32,125,-76,-80,33,94,118,91
70,149,71,-84,-16,122,-66,-51,36,90,113,106
42,126,78,-93,-37,112,-73,-51,47,102,115,104
17,142,83,-96,-34,118,-90,-73,59,122,151,111
52,163,99,-107,-31,121,-94,-59,60,125,129,106
89,158,101,-99,-30,96,-108,-51,73,102,152,115
84,173,94,-125,-23,158,-71,-54,55,124,153,116
50,179,115,-110,-45,162,-101,-81,56,134,171,136
60,182,125,-133,-41,161,-117,-82,34,132,188,131
45,197,141,-139,-48,164,-100,-87,58,148,184,112
65,205,140,-139,-32,169,-142,-93,69,159,187,140
75,212,153,-157,-33,196,-122,-86,68,152,194,157
77,202,150,-166,-32,188,-134,-71,60,147,205,171
90,234,152,-179,-39,208,-156,-94,83,180,203,162
78,234,141,-151,-44,215,-125,-84,66,183,202,174
75,245,155,-187,-30,206,-134,-96,74,178,225,195
79,265,153,-177,-48,205,-127,-98,66,183,234,190
82,256,157,-180,-38,211,-135,-104,88,179,236,197
94,289,181,-212,-41,233,-171,-99,66,211,246,191
97,293,200,-199,-45,236,-157,-79,80,220,256,196
109,291,163,-196,-54,262,-160,-107,94,221,274,173
101,301,191,-210,-57,260,-169,-123,91,230,256,212
106,290,188,-216,-55,258,-166,-116,95,243,249,222
108,292,208,-212,-52,261,-150,-117,100,240,276,211
113,313,208,-211,-61,250,-176,-124,94,238,295,222
122,320,199,-199,-26,267,-173,-129,98,237,293,239
111,325,214,-229,-43,273,-162,-127,106,227,288,228
104,336,216,-207,-33,278,-206,-129,88,224,284,242
116,323,214,-221,-64,283,-200,-106,110,237,300,254
120,325,206,-222,-68,284,-176,-144,120,269,285,254
104,317,231,-228,-51,281,-191,-137,100,271,314,231
138,328,202,-219,-40,283,-188,-126,87,246,300,263
126,307,208,-252,-30,300,-204,-137,90,246,306,228
121,363,226,-235,-53,271,-203,-127,79,242,312,230
116,383,233,-236,-50,301,-173,-146,112,241,297,244
122,338,213,-253,-56,286,-206,-149,85,243,298,244
121,370,227,-242,-55,267,-161,-121,102,252,302,252
118,348,207,-272,-69,305,-204,-131,110,239,313,231
119,359,233,-250,-64,302,-175,-137,117,269,298,230
121,346,230,-240,-48,295,-198,-139,100,246,316,226
105,342,212,-224,-41,282,-185,-121,105,251,288,240
113,341,212,-235,-56,271,-181,-140,99,248,288,220
115,353,222,-225,-79,285,-176,-162,98,251,268,233
113,321,205,-250,-51,273,-167,-119,111,234,294,224
106,321,227,-221,-59,271,-166,-127,85,252,292,232
132,326,206,-203,-65,253,-163,-134,74,223,310,235
102,297,209,-199,-71,272,-172,-129,105,231,292,218
137,298,197,-205,-44,263,-168,-114,86,221,272,216
100,312,184,-177,-59,243,-160,-128,104,225,267,231
106,308,198,-207,-46,242,-155,-127,86,225,281,202
100,295,200,-201,-22,255,-157,-122,73,224,252,214
112,291,187,-205,-31,241,-138,-114,87,207,262,213
104,274,187,-175,-39,216,-146,-111,92,216,252,177
84,275,172,-164,-42,236,-131,-91,94,210,233,189
73,271,183,-166,-37,199,-143,-102,69,204,234,168
97,252,151,-179,-37,210,-152,-95,63,203,222,181
87,243,166,-165,-32,181,-128,-80,67,194,233,177
85,239,159,-171,-51,200,-141,-87,70,179,208,173
95,227,136,-167,-40,170,-127,-94,69,156,219,153
80,218,164,-166,-44,203,-116,-88,78,153,211,165
92,209,121,-137,-17,200,-107,-83,52,157,192,143
62,181,108,-126,-17,170,-114,-83,47,125,174,138
68,204,105,-133,-29,173,-115,-73,73,154,178,137
72,181,128,-121,-35,146,-95,-81,43,129,166,121
52,168,102,-118,-21,138,-97,-78,42,140,144,124
67,155,94,-124,-18,153,-100,-69,62,122,148,98
54,156,107,-117,-10,134,-65,-53,55,129,152,118
54,154,81,-100,-20,126,-72,-48,55,116,134,122
60,152,68,-86,-17,87,-83,-72,27,113,99,103
48,112,59,-103,-39,95,-88,-56,58,97,116,75
24,109,80,-63,-25,107,-78,-61,40,115,94,111
39,100,86,-62,-11,74,-47,-43,21,100,118,71
23,116,71,-53,-22,85,-62,-31,12,81,85,68
46,113,55,-79,-13,78,-46,-26,42,83,66,73
22,116,40,-39,-1,82,-43,-47,37,66,73,73
32,94,54,-48,-15,81,-30,-38,11,48,68,56
26,60,49,-49,-20,65,-33,-33,15,63,78,49
29,70,38,-50,2,55,-33,-30,-15,53,89,44
20,52,38,-63,-24,52,-17,-13,17,54,51,48
32,53,28,-33,15,36,-23,-21,-19,21,49,18
10,34,13,-16,2,47,0,-32,19,31,37,41
12,38,41,-13,1,33,-9,3,15,12,24,41
26,34,24,-15,9,43,-5,1,13,32,24,32
9,18,9,-23,10,22,16,-13,15,-2,38,15
0,5,18,-8,3,17,2,-26,20,12,28,-5
-15,16,-2,-2,-11,17,-17,7,-22,5,-1,25
8,16,-8,-39,15,-3,4,2,-12,0,12,-14
4,-8,2,19,-10,-6,16,8,1,-7,14,-7
-4,-21,-23,14,12,-27,20,-13,2,-22,-10,1
-11,-30,15,-1,24,-16,10,-11,1,-3,-27,-4
-20,-15,-14,-9,1,-33,14,20,-8,-20,-15,-18
-9,-32,-23,20,-7,-25,31,2,-15,-48,4,-20
0,-35,-36,22,3,-16,34,7,-19,-19,-22,-21
-27,-46,-15,13,7,-43,9,25,-10,-43,-7,-32
-5,-45,-32,19,1,-21,-2,27,-14,-9,-36,-6
-16,-50,-24,49,13,-48,27,-9,1,-38,-27,-65
-36,-50,-32,31,9,-24,22,26,-3,-23,-42,-32
-11,-55,-30,37,-7,-50,24,35,-26,-41,-25,-29
-36,-57,-28,43,13,-45,35,9,-2,-29,-59,-41
-18,-44,-38,54,9,-61,18,20,-8,-40,-40,-59
-27,-56,-40,44,-9,-69,33,33,-42,-56,-44,-24
-25,-53,-34,19,36,-47,25,40,-8,-42,-35,-15
-19,-73,-44,59,-12,-55,46,36,1,-42,-76,-53
-4,-53,-34,39,5,-54,36,9,-17,-59,-63,-24
4,-74,-39,45,11,-61,31,25,-22,-19,-60,-64
-18,-71,-60,52,12,-61,28,38,-31,-58,-61,-52
-20,-82,-39,39,10,-56,30,35,-42,-72,-38,-61
-44,-62,-47,50,-4,-56,45,43,-9,-58,-46,-25
-23,-71,-69,45,18,-62,25,37,-13,-47,-76,-36
-21,-66,-64,47,23,-62,31,20,-47,-44,-91,-36
-43,-77,-60,26,24,-64,30,36,-14,-34,-58,-47
-33,-59,-20,50,5,-70,46,32,-28,-83,-66,-54
-22,-72,-60,39,4,-49,44,18,-18,-59,-69,-67
-47,-81,-50,84,29,-77,42,33,-13,-61,-68,-51
-22,-87,-51,43,-11,-78,30,26,-31,-75,-87,-62
-12,-77,-45,55,21,-89,46,20,-31,-76,-70,-70
-36,-85,-55,69,24,-65,45,54,-32,-80,-77,-64
-31,-92,-33,53,1,-60,44,12,-12,-57,-60,-67
-5,-97,-61,55,8,-68,45,31,-25,-61,-49,-46
-38,-76,-62,66,29,-70,52,22,-23,-65,-48,-57
-40,-86,-48,69,4,-51,41,27,-20,-64,-73,-58
-37,-77,-60,34,17,-58,41,34,-40,-60,-75,-47
-19,-92,-52,71,13,-83,35,43,-33,-61,-69,-61
-34,-107,-59,59,17,-46,35,11,-16,-45,-69,-61
-39,-73,-60,64,-5,-59,67,21,-18,-56,-90,-45
-39,-77,-54,59,25,-70,51,23,-18,-62,-72,-57
-30,-81,-67,47,3,-60,53,31,-43,-62,-74,-43
-51,-81,-59,52,32,-64,40,51,-47,-58,-65,-67
-33,-78,-56,68,45,-38,41,54,-29,-65,-59,-48
-18,-92,-51,41,33,-83,49,53,-5,-75,-69,-47
-45,-87,-58,53,11,-69,49,32,-29,-90,-103,-78
-16,-77,-74,59,33,-61,47,34,-15,-76,-78,-51
-27,-82,-34,59,20,-54,43,22,-37,-64,-78,-81
-6,-88,-40,48,-2,-72,47,50,-32,-53,-75,-41
-29,-75,-58,49,9,-69,50,45,-10,-55,-77,-63
-23,-102,-55,48,-9,-78,46,21,-51,-60,-74,-73
-31,-91,-46,60,11,-53,27,24,-26,-70,-58,-77
-21,-95,-65,56,-9,-77,49,45,-31,-61,-89,-65
-13,-83,-72,50,12,-67,60,23,-36,-69,-78,-67
-28,-92,-43,59,4,-60,43,45,-22,-73,-76,-44
-5,-97,-61,51,8,-85,38,47,-36,-36,-63,-65
-12,-100,-61,57,26,-75,48,32,-8,-71,-93,-74
-38,-94,-76,56,-10,-79,40,38,-27,-57,-62,-52
-49,-96,-75,56,15,-75,43,52,-39,-64,-95,-83
-42,-82,-65,58,9,-101,53,35,-22,-91,-98,-61
-31,-101,-58,57,14,-62,43,20,-16,-74,-82,-60
-39,-103,-47,64,-12,-75,62,36,-34,-38,-78,-62
-25,-99,-70,69,23,-59,41,31,-40,-74,-90,-49
-25,-81,-49,83,8,-93,47,24,-33,-60,-83,-45
-23,-62,-56,57,5,-85,22,29,-7,-62,-87,-61
-47,-85,-53,75,-5,-79,48,33,-32,-64,-90,-65
-13,-93,-49,62,-2,-64,56,33,-13,-72,-66,-82
-40,-90,-67,67,-3,-57,51,26,-23,-69,-76,-47
-11,-84,-54,53,20,-81,42,47,-41,-49,-74,-57
-50,-69,-90,49,9,-64,29,32,-16,-43,-60,-66
-14,-72,-48,80,14,-54,59,36,-32,-62,-85,-61
-30,-88,-61,75,18,-76,37,42,-14,-62,-80,-68
-36,-83,-72,94,3,-63,69,32,-13,-73,-57,-50
-50,-64,-52,44,17,-79,57,50,-29,-55,-78,-76
-21,-98,-47,76,10,-59,66,27,-33,-67,-74,-54
-22,-70,-60,58,33,-73,76,41,-31,-55,-82,-67
-43,-93,-61,52,24,-66,49,45,-25,-49,-51,-87
-49,-92,-46,76,36,-79,38,34,-30,-64,-97,-61
-15,-82,-52,66,0,-53,57,7,-28,-69,-79,-66
-28,-105,-54,62,-19,-65,68,41,-30,-59,-67,-66
-40,-81,-75,49,10,-65,45,25,-12,-55,-80,-70
-10,-75,-61,69,-7,-86,51,9,-1,-40,-58,-58
-49,-76,-58,46,31,-62,43,32,-26,-65,-46,-49
-37,-90,-67,80,24,-88,53,50,-40,-74,-73,-54
-56,-87,-48,65,3,-94,39,37,-31,-62,-97,-51
-21,-105,-40,37,19,-64,27,27,-9,-74,-68,-57
-35,-81,-66,69,24,-100,51,42,-28,-53,-97,-72
-21,-80,-62,71,2,-67,69,35,-12,-68,-56,-66
-35,-102,-42,40,15,-92,80,47,-17,-51,-80,-76
-37,-102,-60,51,4,-84,53,40,-24,-77,-87,-55
-56,-82,-75,78,-6,-105,69,62,-46,-48,-63,-64
-36,-68,-60,74,10,-66,49,37,-28,-65,-70,-61
-27,-83,-48,50,-3,-98,40,23,-38,-67,-82,-69
-34,-94,-41,76,6,-66,55,22,-29,-60,-84,-86
-43,-100,-67,60,5,-66,28,41,-2,-62,-70,-39
-44,-82,-64,54,13,-68,45,48,-49,-77,-83,-50
-27,-90,-55,55,15,-68,42,18,-18,-78,-75,-62
-27,-86,-31,62,23,-66,59,24,-32,-75,-90,-63
-24,-94,-44,45,16,-77,42,29,-25,-68,-68,-59
-27,-101,-69,63,-1,-73,41,33,-24,-68,-87,-52
-29,-107,-49,42,-3,-73,28,21,-19,-60,-66,-47
-48,-102,-29,52,21,-47,41,28,-24,-65,-88,-63
-31,-94,-53,45,13,-77,51,51,-32,-54,-71,-48
-10,-100,-56,64,15,-57,52,38,-30,-65,-75,-52
-28,-61,-63,51,22,-69,34,20,-25,-74,-75,-77
-27,-73,-50,48,14,-77,48,33,-44,-80,-87,-86
-32,-91,-37,36,26,-73,35,27,-28,-72,-86,-81
-41,-84,-55,42,4,-71,47,22,-32,-63,-80,-55
-40,-79,-70,37,14,-42,42,9,-11,-78,-62,-55
-27,-81,-45,69,23,-70,48,29,-16,-61,-74,-63
-34,-67,-51,54,8,-76,48,45,-22,-57,-70,-43
-4,-83,-50,45,12,-75,51,24,-44,-41,-78,-65
-43,-61,-37,51,18,-58,57,36,2,-45,-70,-38
-18,-56,-45,62,16,-79,39,13,-40,-51,-75,-34
-4,-70,-46,44,-3,-41,61,29,-30,-54,-75,-58
-20,-46,-49,41,0,-59,51,12,-10,-44,-49,-57
-26,-62,-47,37,13,-51,49,47,-30,-50,-63,-44
-24,-61,-42,58,8,-55,24,32,-32,-51,-65,-53
-6,-72,-47,51,-2,-47,30,23,-1,-35,-54,-42
-34,-47,-29,21,14,-46,19,16,-22,-44,-75,-37
-28,-48,-35,34,3,-33,23,45,-27,-48,-42,-39
4,-60,-41,53,19,-50,39,31,-12,-34,-43,-38
-23,-49,-30,34,-6,-41,40,36,9,-50,-52,-18
-36,-32,-52,31,-9,-18,36,0,-22,-35,-56,-27
-14,-36,-23,34,-1,-8,18,22,-16,-16,-37,-38
-15,-31,-9,15,-5,-13,21,19,0,-14,-19,-28
-16,-38,-38,14,11,-6,28,11,-23,-24,-31,-33
16,-38,-19,43,-5,-28,2,16,-25,-14,-25,-24
0,-15,6,14,-11,-20,21,6,-8,-4,-9,-10
-11,-15,19,-8,-12,16,-27,12,-6,1,-2,-18
7,-4,-3,-12,-9,7,-12,-2,-7,-3,12,-11
13,8,-2,-10,-5,2,-15,-9,5,20,15,1
20,-3,6,-3,-33,14,-3,-4,-8,13,14,14
20,32,5,-17,12,35,-11,-21,5,12,40,27
19,30,16,-21,-6,22,-26,-22,14,30,26,26
15,44,30,-52,1,51,-29,-26,-2,27,26,9
22,57,28,-31,3,56,-21,-31,-7,38,33,68
6,60,22,-34,-24,59,-23,-38,37,41,50,54
9,72,47,-64,-4,47,-43,-22,6,57,63,43
34,73,29,-39,-13,44,-27,-44,37,78,80,68
25,88,55,-39,-23,58,-40,-35,13,56,66,69
33,105,66,-68,0,102,-54,-39,5,88,76,64
30,101,70,-78,-27,95,-79,-33,41,86,84,77
46,100,54,-70,-27,105,-78,-45,25,90,101,92
49,125,74,-95,-12,71,-60,-64,23,84,109,103
48,129,87,-83,-25,116,-69,-49,53,103,114,65
48,137,105,-58,-20,120,-59,-57,48,89,116,118
69,140,103,-87,-12,80,-91,-39,55,100,125,86
59,158,78,-106,-17,130,-72,-61,42,96,120,96
54,148,93,-99,-45,128,-58,-63,44,97,130,107
52,144,96,-107,-19,140,-76,-86,61,103,125,124
57,167,130,-129,-47,135,-73,-58,47,107,140,85
68,162,121,-102,-36,140,-85,-48,47,120,134,127
74,171,94,-114,-30,151,-73,-62,59,131,165,111
81,181,129,-114,-27,136,-86,-50,42,116,164,143
54,180,102,-112,-25,124,-83,-31,55,105,161,117
54,177,119,-134,-32,133,-89,-72,41,125,140,124
74,161,122,-111,-34,144,-94,-74,58,102,159,126
51,159,130,-122,-7,138,-85,-78,48,142,166,130
67,166,92,-134,-29,129,-60,-72,59,124,154,124
80,150,100,-93,-27,140,-114,-67,71,114,144,113
58,152,100,-106,-55,142,-82,-41,58,111,150,117
51,163,93,-103,-17,149,-93,-61,37,118,144,107
64,146,98,-93,-10,123,-91,-57,73,112,144,99
31,143,105,-93,-20,103,-74,-49,33,105,125,118
45,149,86,-77,-32,125,-83,-58,63,108,120,92
56,125,63,-82,-36,107,-84,-41,37,100,117,101
26,142,96,-91,-22,94,-71,-56,33,86,115,95
36,123,85,-68,-19,94,-69,-48,54,78,95,63
36,105,46,-67,-38,93,-36,-57,41,91,104,87
26,101,54,-87,-13,85,-50,-52,43,67,90,57
27,93,79,-67,7,75,-25,-36,17,69,66,57
25,78,25,-48,-4,71,-47,-26,30,52,59,39
10,80,46,-58,-7,105,-43,-30,23,42,86,85
37,83,46,-41,4,50,-23,-13,21,63,41,47
8,50,29,-28,-11,47,-63,-13,25,59,60,20
15,57,36,-35,-8,39,-23,-22,27,20,39,47
2,38,32,-47,4,28,-31,-24,11,30,18,39
7,40,8,-26,0,24,-1,-32,24,23,37,13
24,21,2,7,3,33,-31,6,-8,7,31,3
22,24,6,16,12,7,0,9,-5,6,19,5
8,12,-1,-1,6,-15,14,-1,-1,-9,4,8
-7,2,-2,-9,-1,10,-3,7,3,13,4,-33
0,-35,4,15,-20,-8,-5,9,14,-13,-21,6
1,-22,-29,20,12,-45,-10,16,-24,-36,-10,-23
-9,-15,-16,33,-2,-37,17,0,-8,-8,-17,-31
-5,-49,-17,13,-30,-41,13,-6,-13,-32,-27,-21
-14,-30,-27,27,1,-34,30,26,-8,-19,-39,-18
-20,-44,-38,7,-23,-15,20,22,-26,-22,-18,-29
-4,-72,-30,22,-6,-22,10,15,-36,-52,-51,-33
-10,-40,-36,4,7,-42,19,9,-2,-17,-44,-41
-16,-65,-45,23,-5,-34,37,30,-16,-59,-81,-24
-30,-52,-52,39,10,-66,43,15,-24,-60,-47,-30
-43,-71,-30,75,21,-61,45,15,-12,-45,-27,-46
-6,-76,-41,45,-12,-53,39,36,-19,-40,-71,-40
-48,-67,-31,31,33,-60,37,22,-42,-53,-79,-53
-40,-85,-45,55,14,-62,47,30,-31,-51,-57,-59
-2,-71,-36,52,26,-72,32,70,-4,-65,-69,-39
-29,-100,-34,66,15,-63,21,24,-12,-51,-60,-65
-36,-74,-49,54,12,-72,60,30,-20,-72,-71,-50
-25,-98,-61,51,25,-83,44,49,-22,-60,-76,-65
-22,-102,-44,70,20,-80,44,39,-16,-72,-72,-78
-53,-95,-58,58,3,-80,57,20,-30,-51,-103,-70
-25,-96,-64,65,7,-82,57,67,-37,-86,-111,-76
-49,-104,-76,95,-5,-88,64,25,-31,-82,-99,-87
-23,-131,-81,77,18,-107,42,40,-47,-92,-126,-61
-42,-109,-75,84,15,-91,45,52,-27,-91,-108,-79
-51,-124,-72,88,23,-91,75,49,-17,-112,-108,-89
-46,-115,-53,112,21,-131,66,54,-32,-94,-107,-120
-46,-142,-97,87,34,-127,73,54,-23,-106,-147,-97
-50,-158,-111,104,29,-146,78,71,-56,-127,-135,-119
-62,-167,-89,103,11,-140,94,86,-70,-135,-157,-124
-74,-176,-123,121,30,-144,85,57,-49,-116,-175,-136
-62,-170,-122,129,25,-152,98,86,-64,-144,-179,-114
-66,-202,-131,144,33,-159,112,79,-56,-144,-181,-163
-59,-211,-155,159,39,-188,91,96,-75,-167,-198,-166
-67,-235,-146,174,56,-189,124,99,-73,-159,-219,-162
-77,-246,-168,166,30,-198,124,92,-73,-190,-218,-179
-92,-237,-151,186,30,-194,115,91,-85,-200,-217,-185
-118,-241,-167,172,45,-202,142,96,-58,-162,-223,-167
-87,-251,-152,159,41,-215,143,100,-91,-186,-214,-157
-80,-205,-143,140,35,-188,129,59,-90,-192,-204,-159
-69,-206,-145,123,17,-172,123,88,-73,-141,-203,-142
-55,-180,-102,145,25,-141,88,76,-59,-118,-176,-134
-42,-131,-89,97,10,-104,91,42,-53,-93,-139,-88
-41,-111,-69,67,19,-83,52,49,-35,-68,-83,-67
-9,-53,-27,21,12,-64,32,-11,-10,-2,-31,-45
-10,31,29,-27,-12,24,-20,3,26,12,10,11
30,103,66,-91,-17,79,-51,-41,7,72,85,63
75,173,108,-110,-49,127,-90,-83,27,115,169,149
97,264,193,-166,-34,218,-155,-110,78,197,257,175
145,328,237,-251,-71,316,-198,-129,133,292,325,270
152,463,320,-312,-69,372,-248,-193,155,344,415,337
219,582,359,-391,-69,488,-303,-252,168,428,511,405
224,662,438,-455,-117,545,-365,-266,202,506,612,465
270,765,496,-507,-119,626,-422,-285,236,591,697,507
279,827,525,-561,-113,700,-464,-328,230,608,741,611
312,874,570,-602,-108,723,-489,-358,268,656,780,629
313,890,578,-633,-150,763,-501,-392,264,682,832,624
319,939,622,-629,-137,755,-526,-381,287,694,857,666
319,904,602,-638,-132,780,-507,-366,266,701,845,646
305,894,591,-615,-126,742,-495,-375,256,683,832,647
294,860,557,-574,-120,742,-472,-340,260,647,787,634
279,774,515,-547,-108,643,-441,-316,241,598,714,561
260,727,455,-494,-112,581,-384,-284,215,521,646,525
223,647,424,-422,-116,532,-332,-259,209,464,594,439
172,502,352,-375,-82,448,-318,-229,157,397,465,364
149,398,265,-281,-67,345,-242,-169,120,306,388,286
108,315,207,-227,-56,266,-161,-127,117,227,260,226
49,229,125,-144,-39,202,-124,-91,68,146,172,141
62,106,74,-82,-34,102,-63,-41,31,86,90,80
23,22,24,-8,16,30,-20,-25,10,5,-5,15
-31,-57,-30,46,17,-49,34,38,-36,-48,-47,-36
-56,-121,-91,85,26,-142,73,45,-28,-105,-113,-79
-66,-179,-139,162,37,-172,92,67,-51,-160,-171,-151
-102,-259,-147,169,23,-195,137,116,-92,-166,-234,-191
-97,-280,-199,182,44,-241,170,100,-91,-197,-244,-195
-137,-294,-193,200,47,-237,173,125,-109,-210,-284,-226
-130,-301,-229,216,52,-279,168,134,-99,-267,-285,-221
-103,-333,-231,238,70,-282,176,144,-97,-264,-303,-246
-136,-335,-199,229,51,-269,183,128,-101,-232,-286,-221
-118,-325,-208,214,54,-287,172,149,-98,-262,-274,-225
-111,-313,-201,222,46,-247,166,125,-110,-227,-274,-224
-95,-329,-212,177,35,-256,161,107,-108,-226,-271,-223
-94,-276,-174,176,60,-230,166,93,-98,-203,-252,-190
-89,-231,-164,175,37,-202,143,109,-84,-173,-225,-192
-63,-231,-157,160,37,-161,130,75,-57,-161,-209,-171
-68,-215,-135,150,56,-193,108,64,-64,-160,-199,-125
-65,-194,-138,131,61,-165,105,88,-64,-149,-189,-125
-63,-152,-128,115,0,-148,84,72,-42,-107,-146,-128
-68,-149,-127,78,23,-136,83,58,-61,-95,-137,-110
-52,-167,-114,95,26,-122,56,80,-32,-78,-122,-109
-39,-129,-88,66,12,-121,65,66,-20,-100,-102,-79
-40,-118,-73,84,22,-89,70,41,-42,-64,-109,-91
-41,-103,-66,63,-2,-114,50,44,-37,-91,-84,-90
-21,-87,-64,59,36,-91,56,52,-7,-57,-99,-68
-7,-125,-62,74,-4,-94,42,44,-27,-91,-96,-85
-48,-101,-52,73,36,-82,50,54,-49,-68,-85,-62
-54,-91,-54,70,-7,-63,61,48,-35,-68,-85,-101
-41,-77,-57,64,45,-86,13,35,-29,-71,-80,-70
-28,-71,-53,46,23,-90,39,33,-19,-83,-69,-60
-15,-97,-75,39,13,-59,36,52,-13,-46,-62,-91
5,-63,-68,61,26,-79,52,17,-48,-65,-66,-70
-20,-58,-41,37,8,-69,32,14,-16,-68,-68,-56
-27,-72,-65,58,-4,-56,53,35,-38,-69,-83,-62
-27,-71,-35,69,8,-55,29,24,-27,-54,-50,-76
-41,-56,-50,57,28,-48,41,16,-5,-56,-37,-48
-21,-71,-42,49,12,-56,29,12,-30,-60,-74,-51
-11,-57,-49,44,-7,-53,23,48,3,-63,-54,-45
-12,-59,-54,27,-1,-75,29,23,-10,-62,-73,-66
-27,-67,-34,28,-1,-48,54,40,-14,-54,-36,-53
-16,-55,-39,40,6,-35,47,34,-10,-45,-65,-39
-25,-57,-34,33,27,-61,56,4,-19,-41,-33,-36
-22,-40,-42,57,10,-34,48,22,-17,-64,-52,-53
-17,-76,-43,43,9,-48,42,33,-18,-49,-40,-32
-17,-63,-32,35,35,-47,26,34,-21,-65,-64,-50
-23,-66,-47,50,25,-44,37,35,-38,-41,-49,-37
-27,-44,-24,21,14,-41,20,10,-46,-45,-62,-40
-17,-64,-47,32,6,-31,2,18,-37,-45,-31,-30
-28,-50,-26,39,18,-58,17,26,-12,-21,-33,-49
-15,-40,-25,24,13,-39,7,26,-4,-14,-49,-33
-21,-29,-11,43,6,-40,1,5,-27,-21,-37,-11
-15,-39,-22,29,17,-17,28,23,-24,-32,-25,-5
3,-26,-21,1,15,-16,10,9,-2,-15,-23,-23
-35,-23,-22,31,-4,-18,23,10,-19,-25,-9,-21
16,-17,1,22,8,-24,18,21,-18,-13,-18,1
4,-17,-14,2,-14,9,-5,12,-27,-20,-6,16
-8,5,-4,18,2,-1,-1,0,-6,12,-31,3
-10,6,-2,1,31,5,7,-23,-5,-15,-8,3
6,6,16,-25,-5,-13,9,2,12,-7,-16,20
-3,-21,9,12,-4,6,-16,0,17,0,14,8
10,29,2,1,-4,30,-7,-25,-9,30,17,4
9,29,11,-30,-18,11,-14,-17,19,8,18,12
-3,34,9,-16,18,32,-41,-26,12,31,32,15
6,27,15,-34,-6,33,-38,-32,10,22,36,37
20,63,15,-20,-21,45,-36,-29,1,15,29,19
36,65,22,-30,-4,62,-40,-12,11,23,61,20
38,52,45,-72,-1,60,-44,-31,18,55,47,42
14,66,38,-44,-8,65,-22,-32,2,57,67,41
35,62,49,-60,-3,73,-61,-35,31,39,47,47
15,86,60,-71,0,64,-50,-44,10,79,78,61
27,61,60,-61,1,57,-60,-33,22,64,70,70
15,112,86,-59,-14,96,-57,-12,26,90,111,62
65,117,57,-59,5,110,-66,-46,18,99,117,85
28,107,74,-76,-23,109,-58,-41,34,88,104,99
36,143,87,-103,-16,103,-75,-69,20,94,113,65
46,155,107,-106,-40,123,-83,-71,45,101,149,96
67,143,94,-86,-24,119,-65,-62,61,109,139,98
66,157,101,-95,-14,138,-99,-43,66,122,147,109
36,163,102,-123,-23,139,-89,-94,38,121,128,116
52,171,122,-108,-40,143,-75,-81,48,105,150,110
78,184,117,-118,-41,151,-103,-72,61,135,163,119
62,188,123,-143,-14,163,-97,-74,80,139,157,114
70,199,119,-142,-28,153,-130,-68,68,151,171,131
70,201,135,-148,-38,170,-110,-92,70,163,192,131
58,198,142,-137,-40,176,-96,-89,68,170,195,164
88,214,142,-146,-19,187,-157,-74,87,168,194,168
88,223,151,-170,-34,169,-126,-85,81,164,184,162
89,233,162,-174,-52,204,-131,-102,66,145,198,148
103,251,177,-163,-53,202,-129,-98,64,187,221,160
76,234,156,-171,-34,237,-129,-103,70,187,237,181
79,239,154,-186,-11,211,-136,-82,62,187,241,204
97,254,143,-195,-31,197,-131,-109,80,211,246,188
79,273,181,-184,-34,236,-145,-97,66,208,239,189
90,281,212,-200,-27,248,-150,-117,77,240,250,196
92,284,160,-190,-53,240,-144,-119,100,206,238,198
108,271,161,-189,-44,246,-160,-124,93,205,238,188
107,289,186,-193,-33,230,-150,-117,86,220,266,193
106,277,191,-193,-60,234,-148,-134,114,223,266,212
117,313,195,-214,-72,238,-153,-136,94,223,268,190
111,285,180,-220,-56,235,-170,-140,101,216,263,203
98,304,204,-189,-46,280,-170,-121,106,227,271,209
108,289,205,-206,-62,248,-185,-122,81,251,278,210
118,312,192,-204,-48,257,-172,-127,90,225,256,224
106,293,206,-199,-49,262,-161,-127,99,224,275,223
110,334,195,-200,-51,235,-161,-128,85,231,281,225
102,316,199,-201,-36,255,-177,-101,102,228,277,216
122,302,202,-218,-35,258,-176,-117,78,238,277,207
98,276,217,-214,-49,266,-185,-137,93,221,271,205
86,298,194,-241,-58,243,-183,-123,90,229,284,207
104,321,205,-206,-34,271,-167,-127,92,239,252,211
93,296,194,-206,-57,238,-163,-124,93,242,278,225
102,290,188,-207,-56,238,-163,-148,82,220,286,210
102,308,194,-196,-58,259,-153,-92,77,206,249,192
109,288,190,-208,-51,209,-163,-119,93,207,278,194
105,283,213,-190,-39,236,-173,-111,72,240,267,217
73,298,182,-201,-46,241,-164,-120,63,219,245,200
92,273,174,-186,-51,236,-171,-96,74,214,240,197
113,279,173,-171,-40,231,-146,-100,96,180,250,192
88,251,166,-171,-9,217,-138,-118,82,181,234,180
73,286,183,-185,-22,208,-138,-96,65,183,238,173
81,252,164,-163,-29,202,-146,-106,89,183,250,165
104,229,146,-175,-25,212,-133,-90,70,183,201,188
96,211,149,-157,-39,205,-128,-118,71,159,212,159
91,215,163,-160,-11,177,-129,-71,54,164,206,163
65,216,153,-148,-27,192,-125,-91,64,168,204,103
74,204,117,-141,-33,163,-106,-80,57,152,190,147
58,216,117,-137,-13,152,-118,-94,59,150,158,138
61,184,107,-151,-40,154,-121,-77,65,144,175,145
79,191,130,-148,-45,139,-109,-77,69,115,183,121
61,156,115,-118,-36,141,-90,-85,72,138,144,95
45,141,110,-126,-4,139,-101,-83,59,97,146,102
33,168,114,-122,-21,129,-109,-56,42,146,144,108
44,144,106,-105,-22,143,-76,-58,58,110,126,119
64,150,80,-85,-24,113,-77,-58,47,89,121,71
59,113,57,-92,-43,119,-84,-67,45,106,102,116
69,111,80,-91,3,95,-88,-37,29,85,117,86
50,139,66,-84,-15,109,-60,-28,46,68,108,85
19,118,85,-97,-10,80,-49,-43,58,81,97,68
34,114,59,-66,-14,91,-43,-41,25,82,93,85
32,68,71,-70,6,72,-35,-46,17,53,62,73
26,71,58,-44,-23,42,-37,-28,13,52,89,51
14,60,47,-64,-13,40,-28,-40,29,38,35,28
22,56,40,-37,-3,53,-5,-31,2,61,50,28
11,36,46,-33,-16,48,-28,-28,24,56,52,43
30,34,40,-26,-22,17,-29,0,24,12,33,21
-12,31,22,2,-6,44,-16,-5,-23,24,38,28
11,9,6,-17,-1,29,-40,-2,10,19,23,27
9,19,10,-33,-4,38,-23,-17,3,1,-3,36
10,23,9,-20,9,17,9,2,2,-4,-5,12
2,7,1,-6,-11,19,7,5,15,4,3,-13
11,1,5,14,-6,7,1,-9,-8,-10,-12,8
7,-22,-5,12,-8,18,18,10,-20,-9,-7,-18
4,-19,-7,8,2,-22,8,6,-22,-20,-24,-3
9,-20,-9,32,-8,-32,14,7,-15,0,-9,-25
-4,-21,13,27,-11,-8,13,4,-18,-31,-17,-18
-16,-37,-31,12,2,-21,39,20,-32,-25,-19,-31
3,-37,-4,37,-15,-28,41,15,2,-9,-44,-16
-2,-52,-18,13,-5,-34,13,-1,-17,-31,-55,-37
-41,-85,-30,40,9,-11,45,22,-18,-24,-32,-16
-38,-38,-38,49,8,-45,33,32,-16,-12,-51,-44
-29,-68,-34,34,-1,-40,38,25,-33,-37,-58,-28
-20,-44,-50,63,4,-47,14,30,-23,-49,-47,-36
-24,-56,-56,57,16,-61,23,20,-8,-43,-43,-29
-24,-83,-29,22,-10,-75,40,50,-3,-51,-66,-59
-21,-71,-46,45,12,-69,41,25,-16,-73,-86,-53
-31,-77,-47,73,34,-84,44,28,-30,-53,-56,-50
-19,-78,-62,69,17,-74,24,30,-28,-78,-81,-52
-33,-92,-76,57,6,-58,64,27,-2,-56,-56,-101
-61,-89,-46,49,16,-67,42,18,-12,-58,-86,-51
-20,-91,-50,28,17,-90,41,15,-42,-99,-65,-43
-12,-95,-46,70,27,-73,53,23,-26,-86,-84,-59
-46,-86,-51,66,-1,-96,51,32,-37,-56,-65,-66
-40,-89,-73,58,37,-92,22,51,-36,-56,-85,-61
-14,-112,-60,68,10,-88,76,30,-20,-72,-92,-67
-46,-122,-49,58,29,-100,57,51,-17,-77,-91,-57
-19,-81,-62,51,19,-84,65,41,-33,-64,-99,-85
-22,-95,-74,70,26,-97,77,38,-36,-72,-80,-60
-32,-115,-81,51,16,-83,64,39,-42,-77,-107,-57
-30,-111,-73,79,-1,-105,47,25,-34,-73,-96,-66
-22,-114,-58,90,27,-91,57,47,-31,-92,-90,-79
-61,-104,-69,77,16,-75,64,41,-45,-89,-99,-62
-42,-95,-75,69,11,-103,52,39,-34,-78,-99,-82
-31,-91,-60,90,0,-92,54,32,-10,-98,-100,-74
-40,-136,-68,92,3,-78,80,23,-49,-106,-100,-65
-47,-128,-63,112,14,-95,57,66,-38,-99,-103,-66
-40,-92,-108,77,25,-94,60,51,-34,-77,-103,-85
-25,-107,-44,93,16,-64,65,44,-29,-101,-110,-97
-23,-101,-69,83,-1,-87,42,61,-51,-74,-79,-58
-36,-112,-82,102,33,-93,56,54,-45,-81,-91,-57
-38,-101,-77,96,22,-78,78,27,-26,-87,-118,-86
-23,-100,-75,76,6,-68,90,52,-8,-93,-100,-83
-37,-98,-79,91,25,-103,38,62,-20,-93,-107,-76
-33,-103,-57,76,41,-87,58,44,-34,-106,-109,-83
-39,-124,-82,77,22,-81,66,52,-17,-69,-119,-83
-16,-102,-85,74,27,-78,57,52,-41,-91,-108,-94
-39,-95,-68,68,31,-93,61,51,-32,-84,-99,-73
-38,-104,-83,74,30,-123,60,42,-41,-81,-111,-82
-43,-120,-78,100,14,-91,82,40,-22,-56,-94,-72
-45,-109,-73,82,12,-82,43,49,-64,-83,-106,-76
-32,-99,-71,85,6,-87,54,35,-10,-92,-81,-80
-32,-106,-85,92,23,-104,76,23,-39,-102,-95,-94
-44,-103,-72,94,34,-89,78,33,-39,-71,-94,-81
-36,-140,-55,74,15,-92,54,48,-32,-63,-67,-74
-38,-100,-77,83,-3,-104,55,52,-37,-67,-106,-93
-58,-133,-79,100,-8,-96,53,55,-51,-76,-109,-80
-2,-116,-69,66,1,-90,69,47,-17,-84,-84,-74
-11,-113,-86,85,31,-99,27,39,-27,-63,-112,-70
-32,-115,-76,61,22,-107,67,49,-21,-85,-85,-84
-32,-133,-71,61,4,-111,65,74,-36,-88,-107,-71
-40,-117,-67,54,20,-86,63,42,-33,-84,-103,-88
-46,-115,-69,66,-7,-92,50,43,-31,-82,-73,-75
-37,-111,-68,65,-2,-83,58,23,-42,-81,-78,-88
-34,-101,-69,68,3,-86,56,51,-36,-58,-84,-86
-51,-115,-58,75,17,-79,67,32,-57,-77,-105,-80
-32,-117,-50,55,25,-97,55,22,-36,-82,-94,-74
-26,-95,-58,56,35,-88,68,37,-51,-86,-94,-54
-32,-98,-62,99,25,-89,54,39,-21,-72,-77,-77
-50,-123,-84,67,17,-84,62,33,-27,-73,-116,-63
-42,-92,-82,66,18,-94,53,34,-54,-60,-97,-56
-29,-104,-71,81,31,-96,65,29,-17,-63,-93,-51
-19,-97,-50,64,14,-67,49,40,-18,-77,-79,-57
-33,-80,-53,69,13,-70,70,38,-40,-58,-95,-76
-20,-124,-59,56,18,-72,66,37,-27,-67,-79,-66
-34,-107,-61,56,10,-76,69,64,-48,-84,-107,-74
-46,-81,-71,58,27,-72,48,30,-44,-76,-75,-65
-26,-113,-54,45,-2,-82,31,53,-44,-74,-76,-54
-42,-95,-55,70,8,-89,66,56,-36,-51,-91,-66
-67,-90,-78,65,28,-74,38,39,-14,-70,-98,-97
-33,-76,-85,92,13,-83,53,49,-43,-67,-101,-74
-38,-111,-77,72,-4,-49,63,37,-33,-81,-97,-62
-47,-113,-58,59,29,-76,51,26,-35,-56,-103,-63
-25,-99,-64,83,33,-70,55,38,-42,-87,-78,-60
-35,-103,-76,77,18,-65,34,41,-30,-85,-90,-59
-28,-113,-65,51,14,-105,60,31,-44,-70,-99,-68
-32,-91,-85,69,19,-68,71,17,-38,-69,-100,-70
-50,-104,-51,55,28,-67,38,16,-34,-86,-86,-82
-49,-96,-65,73,25,-88,41,55,-42,-78,-67,-64
-28,-108,-82,64,25,-80,72,19,-23,-64,-81,-59
-46,-98,-67,63,4,-91,77,54,-24,-80,-106,-62
-35,-88,-48,69,1,-70,57,51,-38,-95,-99,-54
-26,-89,-65,49,10,-91,31,45,-36,-75,-87,-84
-50,-98,-65,56,22,-78,57,41,-8,-82,-105,-82
-34,-99,-52,86,9,-112,49,38,-23,-59,-82,-69
-53,-114,-61,55,13,-77,53,31,-33,-54,-93,-70
-44,-94,-54,65,16,-57,31,32,-43,-63,-71,-76
-46,-109,-79,64,13,-67,55,34,-19,-66,-63,-61
-33,-79,-36,50,19,-79,56,34,-11,-99,-88,-66
-46,-95,-77,37,26,-69,44,36,-23,-51,-90,-66
-24,-119,-67,71,23,-74,32,51,-44,-64,-89,-84
-45,-98,-58,72,4,-91,36,43,-39,-72,-66,-56
-31,-82,-61,60,14,-80,56,34,-25,-81,-100,-64
-24,-77,-71,93,11,-55,59,27,-22,-54,-72,-81
-51,-116,-61,57,-1,-89,54,26,2,-51,-103,-60
-39,-79,-54,80,19,-90,66,24,-42,-62,-86,-47
-29,-91,-40,49,9,-52,56,26,-27,-69,-74,-74
-13,-112,-47,46,30,-58,42,22,-28,-67,-88,-75
-20,-96,-68,52,14,-69,61,70,-41,-75,-83,-76
-35,-95,-65,65,2,-74,22,36,-12,-84,-77,-81
-27,-89,-46,43,19,-68,51,35,-11,-57,-95,-68
-14,-77,-49,60,4,-67,27,21,-23,-51,-95,-50
-57,-82,-61,62,10,-60,47,24,-28,-84,-74,-49
-26,-88,-33,46,10,-62,46,37,3,-72,-85,-68
-38,-73,-53,77,15,-67,39,32,-40,-55,-74,-68
-32,-73,-45,57,20,-66,47,50,-38,-71,-59,-55
-25,-81,-70,39,-12,-94,65,31,-40,-77,-43,-63
-38,-71,-52,38,-8,-64,54,29,-12,-34,-78,-76
-15,-74,-53,49,27,-84,50,45,-26,-54,-85,-50
-43,-85,-47,64,-3,-64,40,30,-22,-83,-76,-57
-30,-79,-65,34,10,-68,27,32,-5,-77,-55,-40
-37,-90,-64,53,33,-63,39,37,-43,-62,-67,-67
-29,-70,-44,51,5,-45,29,34,-15,-38,-57,-44
-27,-55,-44,44,6,-46,10,16,-24,-44,-59,-36
-23,-61,-48,37,19,-46,30,21,-12,-41,-47,-27
-15,-63,-33,24,14,-55,26,29,-23,-54,-64,-39
-7,-49,-38,32,0,-45,5,34,-7,-24,-34,-37
-21,-49,-24,23,0,-45,31,41,-24,-37,-45,-30
-11,-52,-17,27,25,-33,13,3,-28,-28,-34,-42
-38,-49,-31,28,4,-31,28,23,-22,-45,-36,-27
-21,-34,-15,39,28,-53,-4,-15,-30,-19,-31,-8
-25,-48,-31,37,15,-41,21,-14,-8,-3,-9,-23
5,-34,-26,18,-10,-21,24,26,-7,-17,-19,-7
-14,0,6,-9,-26,-5,22,10,-13,-9,-6,2
3,4,10,21,9,-2,-9,12,-7,-27,13,12
3,13,11,3,-17,-12,-2,25,17,-7,12,0
15,-1,9,-2,-3,21,-8,8,6,-2,-7,17
3,16,15,-12,-9,27,-2,-12,17,14,33,3
17,15,18,-17,3,23,-20,-4,0,41,19,17
19,16,21,-18,-32,24,-28,-10,32,34,29,21
-2,24,57,-48,-21,47,-26,-10,9,33,22,37
30,36,41,-26,-5,30,-35,-20,21,41,24,32
13,46,27,-29,1,48,-40,-39,12,35,46,44
2,58,52,-35,-8,64,-35,-47,11,33,60,28
4,74,45,-60,-14,51,-17,-36,3,42,37,68
26,98,70,-59,-8,68,-63,4,35,41,59,80
31,93,74,-81,-5,59,-57,-25,38,66,64,37
60,91,64,-59,-7,85,-62,-41,14,76,108,77
39,126,61,-57,1,90,-50,-28,22,75,103,78
24,122,74,-66,-19,101,-51,-32,48,99,88,102
40,118,91,-57,-24,97,-69,-43,47,71,138,90
48,123,88,-97,-17,121,-70,-53,37,78,124,104
36,137,72,-89,-1,120,-84,-35,33,99,125,109
55,147,89,-100,-23,111,-64,-66,42,96,111,82
66,138,83,-81,-27,114,-80,-61,32,108,120,105
30,153,96,-104,-5,113,-82,-72,37,119,127,97
41,150,107,-109,-24,136,-75,-69,46,95,138,88
62,162,93,-102,-27,137,-84,-61,41,134,136,121
51,148,102,-119,-23,111,-89,-58,38,104,131,120
70,127,83,-105,-13,141,-119,-68,46,110,168,112
48,171,116,-96,-10,115,-116,-81,60,133,153,87
66,131,91,-100,-29,109,-74,-77,72,115,159,104
61,148,101,-130,-28,154,-71,-54,24,102,145,100
57,156,107,-104,-27,131,-91,-59,32,126,165,108
61,142,92,-107,-17,108,-82,-63,49,99,146,105
47,155,97,-88,-21,130,-72,-45,37,108,120,97
50,134,90,-103,-29,119,-68,-31,29,111,134,104
30,141,78,-84,-30,127,-88,-66,3,92,103,107
61,125,67,-78,-6,115,-79,-56,21,97,114,90
49,134,79,-78,-16,81,-78,-50,29,90,99,92
46,108,66,-86,-11,114,-76,-56,27,87,107,90
45,121,56,-78,-17,98,-44,-35,29,83,119,60
18,98,84,-49,-17,98,-52,-24,35,82,93,78
38,88,47,-73,-16,83,-65,-45,49,93,81,64
-2,84,68,-56,-31,70,-51,-54,19,51,67,60
24,80,60,-47,-39,66,-29,-12,45,41,80,64
22,76,29,-38,-10,72,-42,-36,11,44,52,43
15,45,26,-22,-22,53,-37,-30,29,31,47,55
22,67,33,-42,8,45,-37,-35,11,38,79,52
8,41,25,-53,0,56,-16,-4,20,29,31,32
2,48,19,-5,-3,19,-23,-10,17,40,13,10
-12,33,7,-6,-12,6,-9,13,17,20,19,18
9,0,15,2,-22,28,-27,4,3,-9,8,-1
-10,-2,17,-6,8,7,-18,-9,11,-5,19,22
3,5,14,17,6,-4,-6,9,17,2,-1,1
-10,-24,0,25,7,-9,12,-17,-8,-6,-22,-15
10,-14,5,1,5,11,9,1,-2,-30,-13,-17
-13,-5,-17,29,13,-2,7,11,-12,-8,-42,-28
26,-25,-19,39,5,-18,4,21,7,-22,-13,-1
-27,-42,-27,30,7,-39,30,16,2,-45,-45,-16
-24,-37,-19,33,-2,-31,46,26,-11,-31,-52,-25
-28,-38,-21,30,7,-35,4,32,5,-38,-27,-32
-16,-57,-51,25,-15,-46,40,11,-22,-27,-58,-34
-10,-43,-56,34,11,-50,26,33,-17,-44,-61,-52
-21,-44,-39,18,-3,-37,7,37,-10,-40,-51,-26
-34,-74,-44,39,-5,-80,33,23,-11,-40,-55,-43
-9,-81,-44,36,-10,-57,25,32,-11,-27,-51,-39
-21,-69,-45,69,14,-43,33,0,-30,-46,-62,-40
-20,-56,-48,52,32,-58,58,11,-24,-42,-62,-49
-17,-63,-34,56,9,-67,53,37,-32,-63,-70,-46
-7,-58,-35,45,13,-65,23,31,-33,-57,-58,-54
-8,-89,-50,58,17,-80,53,37,-16,-47,-71,-64
-19,-72,-61,53,20,-52,62,45,-23,-57,-78,-62
-17,-73,-69,51,19,-55,49,26,-19,-54,-58,-37
-19,-68,-52,52,20,-68,45,33,-21,-65,-59,-36
-31,-81,-38,48,21,-90,39,49,-39,-57,-85,-58
-48,-71,-64,52,18,-54,41,37,-34,-69,-88,-46
-48,-82,-83,70,25,-74,75,53,-35,-92,-73,-74
-28,-90,-67,60,25,-92,31,27,-32,-66,-84,-61
-26,-112,-65,68,18,-98,29,36,-28,-103,-90,-93
-37,-115,-54,79,24,-114,71,51,-30,-94,-90,-72
-42,-124,-88,78,22,-131,60,31,-49,-82,-103,-97
-50,-129,-89,102,19,-111,68,33,-49,-98,-114,-88
-51,-127,-128,96,22,-131,73,61,-41,-101,-122,-91
-66,-179,-93,108,23,-155,98,74,-43,-116,-151,-125
-46,-199,-107,142,46,-160,85,70,-75,-137,-166,-154
-101,-224,-128,146,34,-161,123,72,-42,-148,-194,-139
-80,-203,-147,142,34,-202,113,95,-81,-186,-208,-157
-90,-215,-153,177,35,-186,114,94,-93,-153,-215,-175
-97,-260,-174,169,46,-196,124,109,-60,-163,-228,-144
-98,-258,-137,153,36,-205,117,103,-68,-191,-211,-167
-87,-237,-177,177,22,-192,138,123,-85,-192,-201,-164
-54,-242,-172,128,32,-213,142,84,-50,-166,-224,-171
-71,-249,-160,136,22,-171,105,77,-62,-174,-204,-168
-57,-208,-127,128,25,-170,113,69,-61,-145,-210,-164
-53,-181,-104,119,41,-128,100,70,-66,-129,-162,-119
-22,-158,-99,125,29,-130,73,82,-25,-105,-122,-110
-51,-105,-71,67,21,-82,55,53,-30,-52,-88,-48
-10,-66,-27,24,19,-49,41,-9,-18,-36,-35,-16
14,17,-6,4,-6,-3,-20,3,18,18,-3,17
5,63,33,-28,-3,74,-44,-38,26,27,44,49
62,148,83,-69,-27,101,-65,-52,50,98,121,106
67,209,136,-131,-21,195,-109,-89,74,187,210,139
112,308,187,-220,-64,245,-174,-112,82,215,284,211
143,408,252,-291,-53,334,-207,-168,122,313,354,274
181,497,318,-335,-73,403,-272,-193,153,370,438,344
244,577,393,-406,-95,495,-331,-254,157,446,554,406
249,687,441,-486,-100,576,-369,-291,218,509,613,473
259,790,515,-513,-92,636,-408,-327,220,594,689,529
311,834,547,-560,-128,705,-478,-345,236,631,746,616
327,888,579,-614,-146,742,-494,-344,266,672,812,605
316,959,599,-626,-129,760,-490,-356,288,688,854,646
319,934,612,-642,-111,787,-544,-389,299,688,850,657
321,931,605,-622,-143,776,-504,-368,266,696,845,661
348,912,603,-607,-140,745,-519,-359,282,684,808,637
286,869,556,-591,-149,700,-476,-329,248,635,791,601
280,789,511,-524,-121,657,-423,-334,231,592,711,555
243,720,435,-460,-85,596,-374,-300,207,545,627,489
193,605,371,-399,-84,497,-339,-259,190,474,555,438
173,512,335,-363,-71,419,-284,-213,148,391,474,371
139,399,277,-269,-43,348,-218,-156,131,326,352,282
95,281,187,-195,-26,242,-162,-113,70,213,263,220
60,187,117,-158,-16,159,-110,-82,93,149,172,133
10,102,64,-66,-16,89,-45,-41,31,52,78,71
2,21,11,-14,24,1,-4,-19,16,0,-4,-17
-25,-83,-64,48,-7,-57,36,42,-39,-53,-49,-42
-71,-149,-86,60,18,-108,78,84,-25,-95,-134,-100
-54,-203,-124,134,12,-154,111,84,-34,-138,-167,-119
-96,-232,-154,165,12,-212,128,95,-64,-199,-209,-182
-93,-295,-195,198,37,-222,155,138,-71,-192,-254,-176
-132,-328,-202,208,40,-247,180,128,-100,-233,-271,-213
-90,-335,-199,207,57,-286,171,140,-120,-233,-280,-204
-108,-316,-206,201,44,-291,190,127,-73,-228,-300,-228
-133,-304,-215,229,44,-259,203,126,-88,-231,-274,-231
-106,-303,-201,219,48,-256,162,117,-93,-243,-253,-208
-119,-319,-173,182,21,-220,157,103,-79,-216,-275,-206
-93,-278,-164,182,46,-248,146,119,-79,-197,-258,-185
-81,-267,-171,194,26,-201,137,111,-90,-173,-241,-203
-82,-228,-135,160,41,-195,122,97,-83,-189,-225,-146
-64,-225,-131,139,31,-183,105,87,-73,-164,-188,-149
-53,-181,-120,130,29,-167,88,80,-61,-153,-186,-120
-63,-179,-108,107,35,-139,115,66,-51,-131,-155,-121
-66,-146,-107,99,37,-123,75,66,-47,-138,-155,-121
-38,-129,-68,106,10,-108,82,51,-51,-94,-122,-98
-42,-112,-92,85,-17,-87,74,52,-27,-107,-86,-71
-44,-103,-64,62,24,-107,66,40,-49,-66,-78,-97
-14,-100,-73,79,4,-95,42,38,-40,-66,-101,-72
-21,-96,-58,65,11,-87,42,47,-33,-58,-89,-43
-23,-70,-71,78,-3,-79,26,37,-28,-81,-65,-60
-61,-79,-74,60,9,-83,62,33,-3,-68,-59,-53
-39,-73,-46,45,4,-76,55,34,-38,-71,-72,-32
-5,-56,-55,38,6,-61,56,43,-7,-46,-82,-88
-17,-78,-57,63,-1,-57,44,46,-8,-46,-52,-71
-55,-33,-58,49,13,-76,35,40,-27,-64,-77,-59
-29,-63,-52,39,-12,-61,28,38,-34,-29,-49,-30
0,-69,-37,53,-4,-69,50,9,-31,-41,-49,-35
-8,-65,-35,47,8,-54,41,15,-26,-12,-54,-43
-18,-56,-49,44,12,-52,21,6,-42,-44,-50,-46
-21,-57,-42,43,-2,-46,34,36,-17,-41,-52,-29
-32,-39,-25,43,33,-33,8,17,-11,-48,-41,-37
-23,-43,-53,37,1,-40,43,8,-9,-30,-64,-35
-22,-71,-51,27,15,-50,24,3,-4,-48,-53,-34
-7,-61,-38,42,-4,-53,26,15,24,-23,-65,-32
-6,-56,-57,18,21,-49,3,2,-12,-45,-30,-20
-6,-65,-40,50,-3,-41,41,24,-33,-36,-73,-43
-11,-65,-49,47,14,-43,34,24,-13,-36,-47,-26
-29,-39,-7,24,14,-29,22,13,-4,-53,-59,-45
-35,-33,-20,17,11,-32,7,16,-22,-25,-10,-32
5,-30,-37,24,19,-28,12,12,-17,-38,-47,-52
-29,-33,-36,21,-1,-45,25,11,-18,-30,-12,-14
-10,-31,-33,24,-12,-10,8,11,-12,-21,-25,-3
-1,-39,-28,23,22,-21,27,20,-12,-37,-12,-4
1,-24,-15,9,5,6,23,-13,-22,-28,-22,-11
-2,-27,-13,32,-7,-9,20,26,3,-25,-10,-13
-4,-11,-6,17,-31,1,18,12,6,-17,-9,-24
-9,-22,7,20,14,-4,-5,15,-7,-35,10,-19
5,0,16,10,1,-14,7,-5,3,-17,10,-1
4,7,1,1,7,-11,-7,-5,-5,16,-3,-13
-4,-3,20,-14,-4,35,-7,-19,8,-7,-1,-24
16,15,20,15,20,14,-5,12,-16,5,2,-5
22,22,11,4,1,20,3,-29,28,18,-8,24
0,22,3,-2,-4,20,-31,-4,9,-1,21,9
11,26,11,-23,-13,4,-3,-26,18,32,49,13
8,36,47,-19,-21,43,-12,-11,3,35,47,30
-11,47,27,-4,-40,34,-15,-23,15,21,42,28
12,29,59,-44,-14,26,-25,-35,11,37,58,35
26,72,48,-64,-3,36,-38,-22,28,49,69,45
30,64,49,-47,8,28,-55,-39,26,34,59,46
11,59,46,-36,-16,64,-38,-9,41,42,70,62
34,104,27,-17,-23,66,-46,-29,34,75,48,67
40,91,59,-55,-15,63,-43,-37,38,74,87,77
39,90,63,-70,-30,82,-37,-50,17,80,75,67
47,100,53,-55,-8,86,-43,-58,-4,75,96,50
58,112,73,-71,-22,82,-79,-34,28,104,100,71
33,126,80,-94,-11,106,-33,-48,24,67,106,71
50,120,76,-90,-32,84,-62,-62,55,96,117,65
40,131,79,-98,-29,123,-71,-44,41,86,125,92
43,147,90,-97,-27,107,-72,-64,45,89,99,99
66,150,131,-84,-24,137,-96,-58,56,111,128,117
49,152,112,-125,-37,131,-82,-46,38,116,146,110
56,180,106,-130,-30,148,-64,-72,67,140,165,96
64,161,131,-118,-17,144,-103,-65,56,127,125,132
60,185,103,-130,-22,180,-112,-87,58,137,147,133
66,187,136,-144,-40,162,-120,-58,68,153,183,137
70,205,131,-137,-23,177,-128,-65,60,170,197,142
86,217,143,-116,-6,155,-103,-75,61,166,172,144
76,193,128,-137,-13,182,-119,-88,57,172,205,155
80,244,160,-150,-38,190,-142,-66,84,173,199,125
92,245,162,-139,-39,184,-122,-91,69,175,243,173
83,254,161,-163,-31,210,-137,-124,71,188,243,177
82,256,164,-170,-41,210,-142,-87,81,201,200,191
85,285,163,-183,-33,196,-131,-117,94,227,254,176
96,276,180,-180,-52,208,-149,-105,88,199,253,179
111,289,186,-195,-62,225,-144,-101,77,213,242,199
88,294,166,-209,-40,243,-136,-102,98,231,263,198
110,286,209,-183,-42,246,-164,-105,94,217,265,191
105,314,163,-194,-50,245,-141,-118,91,206,255,230
100,296,202,-195,-63,268,-196,-122,85,238,275,227
122,298,192,-206,-36,264,-177,-107,69,218,273,212
121,309,199,-200,-58,274,-178,-98,80,233,275,217
114,323,203,-223,-63,252,-161,-120,86,242,285,188
123,339,195,-235,-54,265,-159,-109,103,227,300,244
121,329,217,-220,-70,278,-156,-139,116,243,299,216
122,324,230,-202,-54,278,-185,-119,99,251,296,247
120,327,215,-241,-73,276,-171,-132,112,257,306,250
132,324,223,-212,-45,272,-177,-120,87,243,303,259
131,334,227,-248,-62,259,-170,-130,105,269,300,220
107,321,224,-227,-45,287,-172,-132,89,258,304,223
117,345,234,-249,-45,302,-200,-123,112,216,295,252
116,332,195,-232,-48,291,-174,-118,72,262,322,223
122,336,235,-229,-58,293,-184,-118,98,270,294,225
98,339,210,-221,-48,289,-197,-156,93,259,321,233
135,341,216,-229,-64,272,-194,-147,104,254,285,224
108,328,220,-221,-53,267,-210,-123,94,268,288,248
80,339,209,-220,-41,287,-172,-125,99,241,309,231
125,316,224,-217,-50,270,-179,-142,106,249,313,246
114,316,214,-215,-42,275,-210,-122,89,240,306,223
106,311,214,-216,-50,264,-190,-133,94,247,333,232
113,319,198,-215,-54,275,-156,-143,96,236,291,208
124,317,201,-212,-29,270,-187,-130,80,236,279,209
103,298,212,-204,-32,247,-171,-138,110,239,277,205
114,311,209,-191,-37,258,-157,-120,80,240,299,217
93,275,185,-220,-20,218,-167,-122,93,210,263,215
108,322,189,-189,-42,250,-183,-96,86,215,272,188
87,305,165,-192,-61,253,-160,-116,82,220,249,201
82,276,173,-190,-33,227,-154,-101,87,216,263,204
104,264,171,-201,-32,220,-156,-113,77,215,220,187
78,256,169,-157,-36,221,-148,-94,55,198,216,179
83,235,169,-173,-51,214,-142,-107,81,192,226,181
108,262,172,-137,-25,193,-125,-95,86,179,225,199
79,239,152,-164,-50,215,-125,-95,85,177,210,175
92,227,153,-174,-20,215,-105,-93,78,153,226,143
82,231,137,-157,-11,179,-136,-109,83,200,189,144
74,210,155,-149,-31,175,-113,-92,86,187,195,141
79,204,163,-143,-24,162,-109,-65,54,151,183,137
75,203,124,-139,-31,178,-127,-78,68,155,174,123
62,174,114,-117,-18,163,-99,-75,62,128,179,145
60,180,112,-101,-41,150,-111,-76,55,119,181,133
57,188,107,-115,-29,131,-107,-74,55,122,131,113
60,162,124,-90,-21,144,-96,-32,62,115,136,91
45,136,98,-106,-16,127,-84,-72,40,116,126,115
32,147,97,-99,-13,127,-85,-59,44,92,148,95
45,134,88,-85,-15,124,-82,-62,22,119,141,86
65,132,78,-88,-9,124,-74,-73,35,75,118,86
60,117,69,-84,-31,93,-87,-43,43,81,127,97
42,111,70,-66,-4,97,-40,-48,20,75,101,80
52,124,68,-78,-28,90,-70,-46,34,73,90,73
46,100,58,-56,-16,80,-30,-48,42,76,58,70
48,79,55,-59,1,90,-33,-19,40,54,97,76
26,73,48,-35,-26,62,-50,-37,12,88,68,69
20,92,31,-78,-2,78,-50,-35,25,56,62,45
31,70,12,-32,-10,67,-35,-28,21,29,52,17
16,53,33,-36,12,56,-42,-2,9,43,65,49
13,59,32,-48,4,34,-22,-38,23,31,43,44
31,74,28,-33,-5,42,-22,-28,18,11,42,28
21,60,19,-42,-6,58,-8,-19,27,32,61,29
9,36,8,-16,8,32,-13,-20,-5,10,29,26
-7,19,33,-3,-14,8,-7,-14,17,-11,15,11
-8,7,16,-29,1,10,-19,-10,45,3,9,30
25,26,9,-25,3,4,-17,-33,-5,18,7,2
3,13,12,-6,-24,35,-9,-3,-15,2,22,-6
0,35,-11,12,6,4,9,5,-1,24,1,-14
15,-10,7,13,-11,8,-2,5,24,10,-6,10
-3,-7,-1,4,-4,-15,13,18,-29,4,-8,-9
1,-8,-21,2,-7,-3,5,14,-8,-11,21,-14
-12,-16,0,20,5,-23,23,-12,1,-5,-7,-9
-8,-12,-9,10,9,-25,14,22,2,-24,-32,-3
-14,-32,-30,23,2,-17,-9,7,-11,-31,-27,-16
-13,-38,-26,-5,10,-35,4,32,-44,-18,-8,-9
20,-28,-17,42,29,-26,10,27,6,-20,-25,-33
-15,-24,-8,33,8,-54,4,23,-13,-12,-30,-28
-7,-29,-29,23,-6,-36,11,20,-9,-36,-27,-33
-27,-53,-23,20,9,-21,24,2,-21,-3,-22,-27
3,-40,-20,23,-2,-42,30,7,-15,-61,-32,-25
-19,-23,-22,32,13,-31,20,27,-11,-48,-32,-36
-17,-48,-15,18,7,-28,23,15,-8,-36,-49,-5
-11,-55,-36,45,8,-34,25,12,-5,-23,-60,-18
-20,-32,-15,14,-2,-52,4,9,-27,-14,-45,-45
-23,-40,-23,0,26,-23,29,20,-17,-46,-43,-34
-8,-56,-22,39,5,-48,38,44,-3,-55,-40,-38
-16,-39,-36,45,0,-42,23,22,9,-28,-47,-47
-21,-53,-36,27,23,-46,26,33,-6,-20,-44,-49
-24,-61,-45,20,3,-72,32,23,-19,-26,-45,-46
-40,-54,-32,34,-4,-65,31,17,-16,-47,-52,-47
2,-45,-38,37,10,-26,41,8,-23,-29,-51,-30
-19,-52,-22,46,16,-67,57,27,-9,-23,-53,-32
0,-47,-22,47,24,-54,24,38,-9,-31,-55,-38
-20,-63,-59,43,1,-53,57,26,-13,-46,-55,-48
-19,-63,-41,35,16,-59,43,21,-30,-38,-57,-39
-15,-59,-37,40,21,-65,29,35,-23,-52,-54,-48
-5,-61,-20,33,13,-29,28,20,-22,-38,-49,-50
-4,-61,-48,40,-4,-68,52,24,-17,-72,-23,-37
-42,-51,-58,28,-11,-43,22,32,1,-43,-67,-40
-16,-51,-32,16,-2,-51,33,47,-22,-52,-64,-25
-44,-74,-34,43,8,-71,41,13,-23,-41,-48,-42
-23,-44,-36,39,13,-39,32,32,-34,-43,-38,-61
-32,-59,-51,58,-24,-34,29,23,-15,-56,-50,-57
-26,-57,-23,33,13,-44,13,20,-4,-44,-75,-20
-16,-57,-34,47,6,-37,23,32,-17,-53,-45,-38
-34,-64,-43,49,8,-28,8,21,3,-37,-46,-37
-24,-73,-41,14,0,-39,43,38,-26,-51,-64,-30
-19,-50,-29,40,0,-56,29,18,-29,-62,-58,-36
-35,-47,-36,32,25,-45,32,4,-34,-46,-43,-49
-12,-80,-39,13,15,-37,52,17,-18,-43,-40,-44
-22,-73,-13,40,-3,-70,37,26,-27,-34,-59,-38
0,-36,-23,59,-4,-65,38,24,-28,-38,-46,-51
-17,-58,-44,53,-7,-31,50,27,-14,-58,-73,-27
-16,-38,-42,51,12,-68,31,29,-9,-38,-71,-31
-50,-44,-53,30,3,-57,44,23,-2,-29,-60,-32
19,-78,-33,17,25,-47,27,1,2,-40,-38,-40
-23,-57,-28,28,3,-33,9,24,-17,-45,-47,-15
-12,-52,-27,30,-4,-54,31,28,-30,-24,-68,-49
-30,-53,-58,26,22,-32,21,30,-17,-34,-51,-39
-16,-45,-35,30,17,-30,18,19,-10,-43,-70,-12
-23,-68,-22,16,10,-36,26,20,-9,-60,-36,-24
-11,-62,-58,28,3,-45,30,22,-26,-47,-38,-65
-29,-51,-12,38,2,-44,20,30,-15,-44,-38,-39
-28,-58,-23,16,13,-46,22,31,-1,-32,-45,-32
-25,-50,-44,44,-15,-69,26,36,2,-40,-62,-36
0,-53,-14,38,19,-6,16,21,-11,-37,-51,-48
-9,-26,-26,10,4,-84,28,28,-14,-31,-68,-66
-29,-65,-29,30,8,-41,34,32,-24,-33,-40,-44
-29,-63,-43,28,6,-48,44,21,-28,-42,-35,-38
0,-60,-28,52,24,-56,17,11,-6,-22,-26,-40
-16,-51,-28,38,8,-47,25,41,0,-57,-43,-37
-22,-32,-22,20,20,-41,17,22,-16,-44,-75,-36
-23,-33,-41,27,15,-61,42,32,-8,-25,-36,-33
-19,-64,-31,35,16,-42,40,30,-7,-32,-34,-40
-10,-50,-33,49,31,-21,38,17,-16,-38,-35,-36
-18,-30,-27,26,13,-23,38,15,-19,-40,-47,-44
-21,-32,-18,47,16,-32,14,15,-8,-36,-57,-19
-16,-47,-25,38,41,-50,22,18,-16,-29,-38,-24
-18,-51,-10,22,15,-39,23,19,-18,-27,-43,-40
-3,-46,-26,13,10,-37,33,0,-17,-53,-31,-6
-26,-28,-33,-7,18,-12,15,26,-7,-42,-31,-49
-23,-34,-32,22,6,-39,8,24,9,-33,-25,-20
-3,-53,-10,51,0,-61,40,9,-36,-26,-45,-6
-15,-39,-8,18,14,-45,24,19,-27,-22,-45,-26
-21,-19,-17,25,9,-32,24,30,-12,-21,-51,-23
-35,-24,-16,15,23,-30,28,29,-22,-36,-43,-12
1,-69,-28,42,17,-29,18,19,0,-41,-40,-21
1,-36,-29,26,14,-30,24,20,-13,-19,-21,2
-33,-39,-17,17,14,-47,40,25,-10,-37,-39,-22
-26,-29,-26,38,6,-38,14,-1,-17,-29,-54,-29
-1,-33,-55,28,5,-20,23,27,0,-13,-46,-18
-15,-34,-29,39,-10,-38,40,5,-15,-27,-34,-52
-11,-33,-9,14,12,-28,17,21,-25,-33,-32,-18
-3,-36,-26,17,11,-37,13,-2,-5,-46,-25,-21
-4,-36,-34,17,12,-25,21,18,-7,-3,-28,-32
-16,-37,-20,24,5,-47,12,22,-5,-23,-23,-39
7,-36,-9,36,12,-5,34,4,-17,-34,-23,-34
-6,-27,-48,41,4,-24,16,2,-18,-21,-40,-44
-18,-38,-20,27,6,-32,9,25,-17,-25,-12,-16
-2,-42,-25,43,20,-4,16,21,-7,-35,-35,-32
12,-54,-19,20,-5,-35,11,17,3,-23,-39,5
-7,-26,-25,-9,4,-23,17,18,-13,-20,-43,-38
-8,-40,-15,23,7,-29,13,-1,7,-2,-29,-19
2,-49,-27,5,6,-40,22,-2,2,-11,-32,-26
4,-35,-24,28,21,-49,15,7,-6,-36,-15,-39
0,-33,-16,16,8,-25,-10,22,0,-32,-24,-28
-7,-28,-16,13,8,-42,10,8,-15,-3,-20,-11
-31,-29,-15,22,-4,-5,24,13,-15,-14,-27,-12
1,-15,-15,1,-15,-30,18,22,6,-10,-28,-13
-14,-12,-21,21,6,-14,30,28,-12,-28,-12,-7
12,-35,-17,11,-15,-23,21,3,-10,-23,-31,-5
9,-24,-2,-9,-23,-22,-15,19,-1,-19,-34,8
-6,-14,-17,6,-5,-21,9,21,-19,-11,-12,-5
8,2,-26,20,11,-19,-2,-8,1,-20,-17,-8
-1,-22,-23,5,15,-40,-7,5,-3,-14,-11,-21
-8,-19,-9,15,-15,-10,14,6,-16,-9,2,-3
0,-18,-4,12,24,-6,28,1,-26,-20,-15,2
-5,-16,-19,-1,-2,-20,10,-2,21,-7,-3,10
-7,-16,10,8,-12,-15,16,-25,-9,0,-10,2
3,-15,14,-9,-23,-12,14,18,7,-18,-10,20
4,-29,-12,8,0,7,0,-1,-10,-3,-19,9
-15,-12,8,-13,2,35,-13,-3,-19,3,-13,13
-12,-14,-1,-4,-5,0,-6,0,-18,23,-8,-2
-9,21,22,-12,-14,10,1,-25,25,13,5,2
11,20,10,-28,-7,14,-34,15,3,12,-9,19
7,25,26,-8,-6,20,-23,-17,-5,24,19,12
2,44,40,-13,7,29,24,-14,19,5,23,2
7,36,15,-25,-10,13,-18,-33,-2,36,20,30
4,22,16,-33,-22,28,-21,5,20,15,28,22
21,37,37,-29,-18,38,-8,4,25,28,49,2
7,48,59,-46,-6,57,-21,-28,12,49,44,46
14,65,29,-54,-10,61,-30,-14,11,43,61,41
10,73,56,-43,-8,51,-33,-17,16,51,81,43
21,64,36,-71,-9,53,-19,-51,25,68,81,62
31,91,43,-65,-13,55,-34,-23,13,67,57,43
70,91,17,-52,-12,77,-72,-35,18,40,80,47
32,102,70,-62,-30,76,-56,-50,45,61,70,60
7,105,66,-68,-11,79,-68,-34,40,70,76,89
21,110,65,-93,-30,106,-43,-28,50,91,103,101
49,139,89,-83,-38,91,-59,-51,36,104,93,72
47,126,97,-92,-16,119,-85,-45,53,109,122,109
69,134,82,-101,-37,106,-71,-88,46,96,133,101
63,144,65,-91,-19,150,-86,-63,39,111,139,129
57,162,103,-114,-26,119,-66,-57,40,78,121,115
55,170,121,-119,-20,132,-89,-65,52,99,170,129
74,187,94,-104,-33,150,-89,-92,43,127,149,110
70,202,99,-133,-35,158,-87,-63,54,153,161,101
52,216,131,-119,-54,161,-111,-87,48,131,178,111
65,198,158,-144,-52,166,-114,-60,75,151,173,151
66,204,122,-127,-27,191,-115,-72,59,150,173,139
49,210,140,-145,-45,178,-104,-102,59,161,172,133
59,204,133,-136,-35,202,-118,-76,88,185,203,155
76,221,152,-149,-21,184,-138,-84,48,146,206,161
82,225,125,-164,-17,187,-122,-106,78,185,186,158
86,211,137,-162,-39,182,-125,-87,82,166,218,175
77,240,137,-183,-48,192,-130,-86,62,180,216,149
88,230,139,-164,-21,196,-115,-80,86,175,206,172
90,248,156,-159,-52,211,-150,-89,70,168,209,161
67,225,158,-148,-37,205,-121,-92,53,177,208,190
88,251,150,-152,-40,186,-149,-116,51,184,233,165
74,239,151,-155,-32,203,-125,-80,76,163,224,175
76,227,159,-158,-21,206,-126,-112,81,196,234,177
88,237,168,-150,-37,198,-120,-87,81,173,198,172
81,224,152,-157,-24,188,-135,-97,71,138,208,164
79,190,170,-149,-31,194,-131,-79,84,154,183,136
64,222,136,-151,-31,192,-117,-77,53,149,199,154
67,199,138,-152,-39,189,-126,-96,58,153,199,161
68,210,129,-132,-27,175,-97,-90,75,153,189,156
65,186,122,-128,-31,185,-110,-73,66,155,187,145
59,209,132,-123,-40,167,-119,-81,71,150,184,139
51,164,152,-121,-30,150,-99,-71,42,128,161,116
60,180,100,-124,-14,137,-108,-85,41,143,149,136
67,188,124,-120,-19,145,-93,-66,40,120,155,102
77,157,87,-117,-13,143,-94,-85,46,108,148,120
58,168,51,-108,-24,124,-103,-75,35,130,125,105
58,131,111,-83,-25,129,-57,-54,52,88,147,116
47,130,95,-77,-7,110,-68,-24,26,89,134,97
41,114,61,-99,-18,95,-65,-40,19,85,82,64
35,105,49,-82,-22,93,-71,-52,34,94,115,70
32,124,51,-60,5,103,-65,-59,46,96,111,91
39,103,70,-67,-37,98,-25,-46,18,70,63,71
31,90,63,-70,-25,68,-48,-45,3,80,67,76
36,76,70,-67,-5,90,-22,-13,10,64,76,45
14,90,69,-48,-21,70,-33,-22,23,53,76,54
19,60,48,-39,-23,47,-41,-16,32,45,57,49
21,68,29,-54,11,48,-46,-26,-8,49,52,28
30,33,54,-26,6,67,-26,-22,50,46,58,57
10,57,26,-28,-4,38,-27,-14,29,34,57,31
30,41,33,-48,5,37,-9,-21,10,18,44,22
19,44,26,-25,-16,23,-3,-13,-2,10,31,23
2,19,21,-35,2,42,-10,-18,7,20,51,26
0,27,13,-7,-6,10,-15,16,0,12,31,5
-6,13,25,-8,5,19,-14,8,10,21,20,27
11,-2,17,-11,0,40,-26,16,2,-4,2,27
17,9,3,-19,3,9,14,5,5,13,12,21
22,11,4,-2,4,32,-2,8,6,7,6,-14
18,5,-7,15,7,25,-27,-16,28,17,-10,2
1,15,-9,19,4,-18,14,-24,-7,3,2,-41
-2,21,-23,5,-10,-20,-7,3,28,-24,4,8
-13,0,-25,5,-9,4,7,21,-9,-6,-19,6
-7,-13,2,-1,3,-13,-17,-9,-1,9,-12,-9
-18,-10,-14,21,-7,-21,-2,8,9,-6,3,-6
-3,-5,-27,-8,2,-2,17,13,10,-15,-9,-12
1,-18,-4,11,-2,-8,17,-7,-17,-1,-12,23
-15,-37,-34,11,5,-12,20,11,-14,-11,-22,4
-13,-15,-26,17,26,-8,-20,-7,7,-4,-20,-32
-31,-37,-6,13,-22,-7,13,26,3,-11,-43,-21
13,-37,-26,27,11,-30,34,21,-11,-4,-20,-36
-8,-51,-39,9,4,-47,34,12,-14,-33,-27,-21
-26,-46,-32,29,-5,-23,9,-2,-33,-35,-26,-47
-21,-58,-27,35,29,-57,17,43,-62,-51,-55,-52
-35,-63,-44,17,25,-39,43,28,-3,-52,-64,-37
-32,-65,-66,44,17,-76,25,49,-38,-47,-53,-53
-23,-88,-56,62,19,-66,33,38,-17,-47,-70,-62
-34,-111,-58,54,-7,-88,55,63,-27,-83,-94,-44
-32,-114,-91,77,18,-105,51,47,-18,-83,-103,-97
-77,-116,-85,80,37,-126,72,67,-29,-97,-105,-103
-64,-143,-89,85,16,-131,77,62,-55,-117,-129,-96
-66,-179,-112,100,14,-139,65,51,-40,-117,-160,-78
-67,-165,-109,120,24,-130,100,73,-40,-103,-164,-95
-74,-198,-127,104,41,-143,90,68,-40,-129,-166,-122
-57,-158,-109,101,38,-148,94,80,-36,-112,-147,-120
-60,-171,-96,121,20,-126,68,65,-44,-117,-147,-107
-67,-137,-83,99,26,-106,73,62,-75,-115,-139,-106
-25,-151,-90,83,18,-114,72,54,-42,-89,-132,-92
-41,-83,-69,80,20,-65,49,42,-35,-68,-97,-62
-26,-84,-56,45,18,-36,26,25,-33,-40,-49,-37
-5,-22,-13,-12,-5,5,-12,9,-20,-25,-1,-1
46,53,30,-21,1,48,-26,-18,8,26,32,23
37,103,68,-77,-18,98,-69,-30,35,96,100,90
63,193,121,-129,-43,156,-98,-83,64,155,188,168
98,274,192,-195,-61,228,-163,-130,115,192,268,185
135,363,246,-269,-52,294,-192,-158,101,268,331,296
166,482,306,-320,-48,392,-275,-201,129,360,431,330
203,602,366,-381,-90,472,-314,-243,161,421,515,406
238,659,423,-444,-114,559,-388,-278,201,510,593,488
247,762,486,-538,-128,629,-412,-294,232,578,680,529
322,822,548,-583,-133,686,-450,-340,274,634,748,599
312,899,592,-627,-126,746,-484,-384,275,678,830,632
319,927,606,-642,-156,793,-534,-382,300,693,870,652
350,969,617,-660,-146,811,-542,-405,290,740,884,691
328,984,661,-684,-140,822,-557,-409,295,758,888,702
376,982,647,-679,-144,812,-558,-421,303,751,898,707
346,953,614,-646,-151,793,-520,-368,291,707,881,692
310,909,583,-633,-149,757,-522,-372,277,678,826,653
290,851,540,-561,-113,688,-467,-296,273,606,731,578
259,760,493,-519,-98,624,-387,-283,203,550,689,536
232,665,430,-421,-102,557,-353,-243,199,486,577,470
186,551,372,-391,-64,458,-290,-220,185,413,498,409
139,440,298,-321,-76,385,-263,-172,152,353,413,314
111,337,222,-245,-58,283,-187,-135,102,252,319,247
79,252,175,-159,-34,206,-144,-105,89,167,230,174
61,154,108,-127,-2,119,-84,-60,44,102,141,101
36,50,54,-43,-5,45,-32,-21,-1,56,63,80
-25,-22,-18,29,21,-23,9,5,-9,-12,-11,-26
-23,-90,-36,53,25,-73,57,28,-6,-61,-78,-63
-21,-166,-97,100,16,-116,83,75,-53,-113,-132,-101
-76,-199,-117,132,22,-157,88,99,-62,-152,-181,-147
-100,-264,-156,154,40,-208,136,98,-79,-180,-196,-159
-97,-255,-152,189,32,-207,139,90,-93,-203,-238,-175
-89,-287,-185,184,42,-226,156,104,-82,-216,-248,-185
-76,-267,-183,191,54,-251,161,111,-94,-205,-266,-203
-95,-294,-168,193,50,-257,177,108,-81,-217,-265,-204
-118,-278,-170,204,53,-224,164,111,-82,-202,-270,-175
-97,-278,-161,205,13,-203,119,106,-95,-178,-228,-188
-93,-264,-144,169,33,-221,143,100,-75,-183,-237,-172
-94,-216,-133,166,24,-199,141,110,-60,-172,-216,-169
-75,-204,-136,145,46,-173,114,70,-57,-158,-185,-138
-75,-185,-123,132,22,-142,99,47,-45,-143,-185,-141
-56,-152,-114,124,27,-117,100,53,-51,-113,-147,-113
-54,-135,-79,96,17,-104,80,65,-38,-101,-115,-101
-35,-130,-61,81,39,-76,59,49,-52,-86,-100,-101
-12,-108,-50,82,1,-79,80,50,-35,-99,-92,-75
-29,-85,-57,53,34,-82,53,36,-22,-54,-70,-48
-24,-71,-76,58,-6,-58,28,10,-48,-57,-72,-47
-38,-70,-57,26,-7,-45,40,51,-16,-46,-50,-54
-14,-58,-48,41,7,-34,20,25,-12,-21,-44,-53
-4,-58,-20,44,8,-16,27,15,-18,-37,-26,-30
-32,-42,-22,20,1,-38,23,16,-20,-11,-54,-11
-14,-44,-28,20,7,-43,12,32,-21,-31,-19,-39
-30,-51,-13,21,20,-40,31,21,-4,-32,-44,-31
0,-18,-33,45,-12,-23,33,22,2,-26,-34,-29
-14,-32,-2,6,-5,-22,19,-6,3,-42,-20,-14
3,-29,7,30,21,-19,8,22,-1,-23,-13,-10
-20,-17,-12,14,4,-11,37,6,-12,12,-24,-7
10,-19,-38,27,10,-16,24,19,-7,4,-29,-11
-16,-11,-11,20,-9,-7,22,11,5,-14,-7,-13
-12,-19,-8,8,-8,-13,6,14,3,-9,-16,-9
-22,-30,-3,11,2,-2,-6,9,-9,-6,-33,1
-15,-39,-13,30,9,-11,21,2,-3,18,-12,9
-8,-29,-17,12,0,-20,18,3,-25,-19,6,4
-3,-20,-9,20,0,-1,-2,-11,-11,-17,-2,12
-1,2,-13,-3,16,-7,4,2,-3,-2,-9,21
6,-7,-12,-3,35,5,9,-9,18,17,-2,-29
20,14,-7,-1,-6,-30,-6,-19,3,-7,-20,19
3,-1,4,-11,4,2,14,2,13,-13,-6,16
-11,-3,-8,2,-1,4,-6,-12,-10,3,-10,-13
4,13,-5,-2,12,-1,11,-22,-19,8,-6,9
2,14,-4,5,-3,1,-6,-2,-7,5,12,5
-2,1,4,-31,0,18,-11,-15,-1,-1,8,8
-2,15,-4,-22,-24,32,4,1,-5,20,-16,16
3,20,-7,-3,-1,-10,-22,-2,-3,15,-5,6
10,36,2,-10,9,-6,-10,0,-3,22,15,22
5,14,20,-36,3,29,-11,1,26,20,6,13
35,38,32,-2,-37,15,-2,-10,29,4,22,8
17,27,22,-40,5,19,-28,-20,15,15,35,28
14,34,23,-40,-1,38,-25,-27,-8,40,46,50
2,31,15,-12,-8,28,-21,-17,16,26,38,47
36,44,24,-27,-2,44,-31,-8,15,40,40,6
8,62,46,-44,-20,54,-38,-13,12,13,78,53
27,42,36,-42,-4,58,-31,-27,16,59,51,41
38,59,59,-46,-21,78,-46,-17,9,49,44,32
29,68,39,-51,-29,45,-31,-27,17,66,59,49
37,82,28,-37,-16,70,-58,-22,38,43,73,49
35,83,57,-45,-11,69,-59,-28,16,41,75,62
28,100,35,-48,-33,72,-49,-55,32,73,80,69
19,110,78,-75,-14,96,-59,-48,8,45,88,67
32,102,70,-79,-1,66,-43,-43,26,50,83,62
32,113,71,-41,-38,80,-51,-31,43,69,101,108
42,148,90,-86,-13,88,-58,-43,34,93,109,101
53,135,82,-60,-5,104,-76,-51,36,92,122,73
45,140,110,-89,0,99,-77,-45,43,86,115,74
59,150,94,-113,-10,107,-60,-42,35,112,138,100
57,145,108,-99,-34,113,-77,-48,47,110,124,98
80,168,111,-104,-44,121,-101,-73,46,109,142,104
70,174,145,-121,-20,150,-91,-38,72,136,171,108
66,170,94,-134,-33,133,-99,-85,53,149,138,146
76,198,114,-120,-21,145,-121,-67,52,120,153,144
74,204,139,-163,-17,155,-96,-78,62,119,165,144
68,195,142,-123,-39,170,-111,-72,50,153,189,142
72,223,123,-148,5,186,-116,-75,75,166,178,147
83,237,124,-144,-43,183,-105,-67,51,166,208,172
75,212,153,-168,-41,217,-115,-86,82,158,196,157
63,223,152,-155,-54,203,-130,-89,81,176,226,174
85,242,154,-190,-30,188,-131,-82,67,182,226,164
89,260,147,-156,-42,210,-129,-113,87,191,223,187
104,255,164,-158,-47,202,-133,-97,87,194,244,161
82,261,186,-197,-70,217,-163,-108,72,197,246,185
105,275,167,-184,-43,244,-159,-110,69,208,279,198
98,301,194,-201,-53,250,-163,-121,78,216,260,190
87,305,194,-196,-61,251,-158,-114,109,218,259,201
111,280,190,-183,-50,269,-169,-122,104,225,308,208
123,319,181,-188,-46,248,-187,-109,92,227,274,217
120,313,197,-234,-28,272,-160,-106,112,242,270,215
133,328,228,-218,-43,281,-183,-142,98,246,291,209
111,357,210,-231,-26,252,-184,-121,121,251,312,241
113,326,234,-230,-40,267,-181,-154,96,271,303,218
135,354,227,-253,-33,279,-178,-138,113,262,301,229
134,358,216,-236,-64,285,-215,-135,129,257,326,259
111,349,229,-248,-64,315,-184,-139,121,240,317,248
115,368,232,-249,-67,290,-209,-143,118,273,294,269
128,373,240,-259,-54,311,-184,-157,107,270,324,253
130,360,256,-240,-55,293,-223,-154,136,282,342,249
121,374,250,-276,-69,318,-215,-157,132,285,338,261
124,366,256,-245,-55,326,-185,-167,131,274,351,241
142,380,237,-272,-50,320,-200,-157,115,298,338,273
159,409,273,-279,-41,334,-200,-166,109,294,349,265
112,379,243,-287,-69,319,-212,-140,124,288,367,246
141,371,268,-273,-78,312,-214,-134,97,292,336,286
148,365,265,-268,-53,308,-215,-170,95,282,344,277
151,389,267,-260,-47,334,-243,-164,114,287,336,264
150,391,258,-269,-76,334,-215,-165,136,290,348,287
135,385,232,-265,-52,312,-215,-156,119,303,360,288
139,382,253,-253,-51,316,-213,-137,124,291,348,280
114,405,260,-287,-69,314,-201,-136,113,293,356,272
132,380,254,-285,-74,324,-226,-175,111,290,366,264
134,377,250,-238,-55,306,-216,-151,115,277,329,269
152,383,244,-278,-71,320,-209,-142,139,275,352,257
122,370,253,-242,-81,317,-214,-142,125,289,332,254
132,380,254,-267,-62,314,-181,-163,106,260,326,254
115,389,248,-258,-30,303,-201,-126,78,265,331,253
125,346,230,-234,-47,311,-204,-133,100,281,349,261
114,344,221,-244,-69,285,-185,-143,110,266,322,256
109,355,208,-265,-55,297,-193,-153,106,244,337,268
147,338,229,-247,-59,272,-204,-135,94,240,318,247
131,330,224,-219,-69,265,-197,-141,106,260,320,224
128,349,200,-224,-51,289,-165,-118,90,258,305,236
107,318,198,-224,-41,267,-165,-123,80,249,297,236
119,338,206,-219,-53,273,-158,-116,89,269,284,237
112,308,187,-211,-39,256,-170,-106,80,235,303,216
103,304,184,-201,-36,237,-164,-123,96,220,265,213
96,307,188,-194,-39,241,-170,-122,79,207,278,184
99,281,191,-191,-37,235,-170,-128,95,229,261,217
96,258,167,-207,-43,200,-136,-100,96,206,255,186
96,278,174,-190,-36,216,-148,-105,61,218,228,180
111,265,184,-178,-46,226,-158,-92,100,187,234,188
93,221,187,-157,-33,209,-130,-113,82,182,200,195
79,223,161,-163,-45,214,-130,-80,61,183,221,182
60,236,155,-161,-15,195,-143,-97,81,156,203,175
89,216,132,-170,-20,210,-130,-78,75,164,217,161
73,199,134,-147,-26,185,-130,-88,61,144,196,153
68,207,142,-121,-58,196,-117,-84,61,148,178,158
76,195,126,-151,-27,162,-127,-102,47,134,199,156
42,185,117,-129,-21,150,-110,-69,36,150,163,122
56,164,97,-125,-14,163,-109,-72,45,130,156,140
57,165,135,-119,-45,135,-95,-74,24,127,127,127
48,150,92,-111,-14,114,-88,-80,50,124,165,128
38,161,84,-103,-10,115,-77,-45,44,113,137,97
52,141,75,-123,3,120,-91,-55,45,116,144,85
19,129,95,-84,-29,113,-75,-57,30,98,123,92
47,145,83,-100,-31,117,-75,-46,33,95,121,87
46,119,64,-74,-44,91,-67,-52,37,87,100,69
32,126,95,-91,-15,88,-77,-53,47,82,114,93
51,92,80,-100,-10,61,-69,-41,20,86,101,69
49,113,77,-79,-22,83,-49,-46,26,70,80,52
17,98,69,-56,-21,83,-42,-24,40,102,93,64
19,87,68,-60,-7,81,-53,-16,30,58,86,30
41,92,49,-53,-30,47,-38,-29,26,73,80,58
14,59,60,-26,-5,86,-35,-33,11,47,85,48
13,59,19,-23,-24,44,-31,-18,12,41,74,43
12,79,44,-33,-16,77,-33,-34,10,70,54,47
40,30,33,-52,10,44,-31,-33,32,45,61,37
28,61,30,-23,-20,59,-29,-17,26,39,53,37
26,45,29,-3,-22,30,-22,-24,10,29,51,22
10,29,34,-20,-16,26,-39,-18,7,38,32,39
-2,42,16,-17,8,19,-10,-25,-2,47,14,29
17,57,29,-24,-2,37,-28,-21,-13,25,30,27
19,29,0,-36,-16,12,-15,4,9,35,28,19
21,17,19,1,6,24,-7,-25,0,-5,28,3
15,8,26,-10,-7,12,-9,-21,6,32,32,7
8,12,8,0,1,5,-22,-20,12,8,32,1
24,38,22,-12,-7,-5,-6,-6,17,-10,22,18
-12,20,-1,2,-21,16,-6,5,-10,18,20,15
-17,21,-1,-21,7,7,5,-12,4,12,-10,-19
-5,3,1,10,-10,35,-2,-7,-6,4,-28,-3
1,2,-6,-6,8,5,-6,-5,17,-6,21,-31
-9,2,3,0,-13,19,14,16,-3,13,-26,-6
4,-4,9,11,12,-4,-15,-27,2,2,8,-13
0,1,3,-2,24,8,-6,-11,0,28,-14,-14
-15,-1,9,-4,3,5,13,-15,12,17,-20,23
-7,3,-19,7,-16,6,0,10,9,4,13,-7
18,-21,2,9,12,-25,-2,17,10,-8,-3,-1
3,0,-11,12,7,-19,-10,-6,8,-11,5,-19
9,-40,0,6,-2,0,6,-7,8,-14,-6,-34
-12,-8,-1,-8,7,-8,15,22,-7,-6,-19,2
7,-30,-11,37,-6,1,10,-5,-3,2,-13,-9
-10,-16,-24,25,8,-9,-21,23,11,-12,-6,-22
-6,-7,-4,-16,-22,-8,6,1,1,-20,-25,-16
-14,9,-1,11,10,3,15,4,0,-2,0,4
3,10,-11,-6,3,2,10,0,-18,2,-30,8
-16,-16,-8,-8,12,-19,-3,16,22,-10,-14,1
12,-8,-10,20,1,-6,0,6,-4,-2,-18,-34
-1,-4,-15,1,6,-12,26,5,-15,-22,9,-5
-10,-12,-40,5,-8,-4,-12,6,10,-4,-24,-17
4,-21,-1,0,-20,-6,-1,-7,-17,-19,-26,-4
13,-21,-22,-5,15,-1,-1,4,-20,-4,-27,-10
-19,-13,-31,-8,26,-18,5,11,-22,2,-14,-13
-24,-32,-8,-4,-2,-18,3,-7,-13,-12,-9,1
4,-33,-1,-7,-13,0,17,6,1,-5,-17,1
-4,-20,7,14,0,-34,20,35,4,11,-2,-4
10,-16,-6,13,-4,-6,1,0,-7,-11,-9,-23
-4,-24,-4,20,7,1,6,10,-12,-21,3,-9
-6,-6,-19,23,13,-9,1,8,3,-8,-9,-14
1,-14,0,11,21,-18,2,1,5,-19,-1,-14
-23,-20,-18,-9,13,-21,9,22,1,4,-43,-5
13,-27,6,16,10,-23,12,16,-12,-5,-29,-24
-16,-9,-24,8,2,-13,-9,-8,-18,-22,-27,-26
-32,8,-18,0,1,15,-12,3,2,-13,-14,-24
2,-19,-5,11,18,7,16,-2,-1,5,-19,-20
-3,-13,-2,10,5,1,4,24,4,-14,-22,-19
18,17,-22,21,22,-19,20,-4,-6,-6,-6,-6
-29,-18,-18,13,3,-15,-16,3,3,0,-17,-9
-6,-32,1,1,1,-19,22,14,4,-1,-2,-17
2,-20,-9,-11,12,-28,1,-3,5,-6,-19,-11
2,-12,11,17,-2,-28,24,1,19,-25,-32,-27
-13,9,-6,28,-9,-7,-6,-1,11,-13,8,7
-31,-26,-15,17,-10,-1,-18,7,-5,2,0,-5
-2,-20,0,5,-29,-31,2,7,7,7,-28,1
-4,-33,-26,-14,-5,18,-20,11,-6,-32,-7,-4
0,-32,-7,8,-17,-10,22,-24,-10,3,1,4
-3,-9,-25,9,6,-5,15,-19,-17,-24,-9,-19
20,-4,-13,-14,6,0,10,-1,-5,5,-34,13
1,13,4,-7,14,-22,19,-1,10,-15,-8,5
9,-8,-21,-24,-3,3,-5,11,-6,-10,-23,7
-24,-8,3,2,-17,5,-9,-6,-2,-24,-7,2
-19,-29,-3,2,13,-12,4,19,-16,-5,-9,0
0,-10,-2,0,35,-20,-20,14,-25,-14,-18,-12
-31,4,-31,24,7,8,4,0,3,1,-13,-2
3,-26,-15,18,10,-19,16,-7,-4,-16,13,-11
-14,-8,13,16,0,8,3,-15,-12,-8,-7,-10
-3,-14,9,17,-18,-6,9,-5,7,11,-19,-12
17,10,3,11,0,5,-10,3,-2,2,-20,-12
7,2,14,1,-1,-4,9,6,-15,7,16,-16
-5,3,2,14,2,-14,-12,-18,-5,-17,-1,-7
-8,-12,-18,-16,1,10,12,-1,-22,-10,19,-10
-14,-6,-12,-11,-10,-6,-11,13,-8,19,-24,-21
-8,-22,-10,25,-23,-4,21,15,-10,-13,-21,-24
-11,-6,-25,28,-13,5,17,20,3,5,-34,-3
-2,-3,-2,-6,-9,3,-3,-1,-17,15,-1,5
2,-15,2,-7,22,-16,-3,8,-5,-3,-23,-8
-8,13,-15,-26,20,-6,4,9,-1,8,-12,13
1,5,-4,1,25,-12,24,-7,-27,-1,4,-12
2,5,-8,11,16,13,-1,-6,-7,-28,-8,12
2,14,-4,-9,-2,13,23,15,18,-19,7,5
10,3,-3,12,3,-21,5,-19,13,-6,8,9
-3,-6,-9,1,0,-9,-12,11,-16,-13,-1,0
7,12,-16,-8,-8,20,19,-4,-3,-9,-4,7
-17,-20,-6,-2,7,4,-4,6,12,19,17,10
-7,-22,-18,-8,-28,1,-7,17,-6,-15,-8,12
1,16,16,10,15,18,3,5,-8,10,6,-4
-2,-8,-15,-17,-32,14,-9,-10,7,13,15,-9
1,15,-1,1,-14,21,-22,18,-8,-15,-2,-2
10,-1,0,-1,11,4,4,-7,3,4,7,-12
-14,-5,0,-3,3,-42,4,8,-3,-9,-4,-7
-20,19,-5,6,14,3,10,18,19,-13,-1,-15
5,0,9,8,-14,-15,17,-6,32,1,-9,-5
0,11,2,4,-2,24,20,5,-10,-2,5,16
-4,13,12,2,-11,1,-2,10,-5,-14,-12,4
15,-5,24,-10,-6,-28,-5,16,-6,-2,27,-12
-3,16,15,-4,0,13,-14,-12,-4,5,1,4
4,-14,13,1,-2,-2,3,-11,5,3,-8,6
-4,12,-9,5,2,4,4,-7,4,7,-3,1
12,6,1,6,-7,-8,5,-15,22,-3,8,14
-32,-2,-3,1,-6,-23,14,7,15,-6,-8,-1
10,-3,16,-9,17,13,-1,5,17,-1,11,11
3,-8,-1,11,13,13,-14,-4,7,-18,-3,34
1,-3,15,0,0,7,-6,-3,8,1,-5,1
-8,-15,-5,3,3,-3,-6,-8,17,-3,-8,19
-1,9,15,-11,-16,-7,-16,-13,-9,12,35,19
19,-8,2,-19,-5,14,-15,-24,-14,3,2,-8
7,4,22,-18,-10,-6,-9,-3,-7,17,19,-23
-5,-1,-9,-11,-7,16,-4,-4,-1,17,10,-6
21,16,9,-8,-5,24,-31,27,-4,10,21,22
7,0,5,4,-13,15,-5,-1,-9,0,22,20
23,27,30,-9,-15,8,3,-3,7,20,27,16
22,-2,26,-28,-2,4,4,-2,-3,6,14,-4
27,15,20,-13,-13,31,-14,-22,0,22,35,19
34,27,8,-37,-4,10,-21,-3,18,11,25,22
-1,16,59,-24,-1,37,-23,-29,24,6,24,10
4,33,-4,-33,7,34,-9,-9,0,29,26,15
15,20,18,-5,2,10,0,13,14,24,29,31
3,44,25,-23,18,23,-11,-10,2,36,21,20
20,40,36,-33,5,28,-13,4,8,10,57,31
-5,46,31,-25,13,48,-33,-8,28,55,29,32
-5,46,41,-20,-8,38,-26,-35,23,32,44,31
9,61,36,-42,10,41,-10,-12,32,67,36,50
29,58,39,-47,-14,71,-34,-18,13,57,50,66
-2,75,39,-35,-26,39,-18,-38,2,44,67,23
11,80,59,-53,15,45,-49,-35,0,50,67,39
-5,71,36,-66,-10,63,-33,-41,24,59,69,79
-2,81,71,-74,-3,50,-45,-25,54,63,98,73
29,76,44,-69,0,81,-45,-49,9,85,96,81
40,92,57,-63,-21,83,-51,-41,42,86,85,87
49,95,46,-83,-32,89,-61,-34,27,79,102,100
51,124,81,-108,-18,110,-73,-33,22,112,104,84
52,119,77,-99,-27,99,-86,-44,40,95,120,78
78,117,71,-101,-21,120,-81,-56,19,113,124,114
57,142,84,-89,-18,131,-52,-73,41,124,105,92
76,156,68,-91,-11,113,-88,-70,33,111,120,113
52,148,113,-118,-30,142,-65,-76,65,112,153,109
61,163,118,-86,-13,149,-81,-62,54,143,150,94
74,163,105,-126,-43,151,-104,-71,31,143,176,125
63,180,121,-132,-35,131,-98,-71,78,134,174,142
64,169,147,-145,-27,161,-110,-81,83,143,177,151
50,194,123,-132,-37,156,-117,-73,59,145,183,143
94,213,132,-159,-21,161,-104,-100,64,154,212,141
77,221,120,-146,-32,185,-114,-103,52,150,200,164
87,208,157,-162,-44,181,-138,-82,60,160,191,168
71,230,160,-138,-40,209,-137,-87,82,184,210,180
74,236,150,-172,-42,189,-112,-110,69,180,232,148
91,237,164,-163,-23,206,-147,-95,61,164,188,182
90,231,165,-162,-34,194,-137,-75,63,193,225,186
103,277,151,-174,-42,202,-118,-89,68,183,229,184
92,243,164,-183,-35,209,-149,-79,82,190,230,169
81,250,160,-167,-60,217,-156,-94,59,197,243,194
75,253,148,-150,-60,227,-148,-98,73,201,219,164
96,232,184,-160,-19,230,-153,-112,68,196,225,196
94,248,178,-185,-43,214,-161,-131,75,181,244,202
109,284,174,-169,-35,205,-144,-109,92,185,228,168
76,260,184,-182,-39,225,-165,-109,80,200,234,186
87,255,173,-193,-50,222,-139,-116,69,169,234,180
76,238,192,-161,-32,198,-154,-94,54,172,228,177
96,255,173,-187,-42,222,-142,-100,70,182,221,164
106,235,160,-165,-36,190,-147,-91,60,209,226,185
92,239,164,-167,-14,208,-118,-102,82,178,211,193
97,221,151,-169,-31,214,-121,-77,50,165,208,163
108,215,144,-161,-47,200,-128,-86,102,165,237,162
74,241,150,-152,-29,197,-113,-87,75,170,204,152
94,223,153,-158,-37,150,-107,-97,75,152,190,169
77,216,135,-139,-9,186,-95,-84,65,174,199,129
77,215,129,-145,-32,182,-115,-59,60,157,192,128
53,201,134,-131,-39,150,-93,-71,59,137,174,123
67,171,130,-119,-42,157,-103,-61,38,128,158,119
75,150,127,-121,-32,147,-94,-76,39,129,144,136
62,173,113,-107,-19,134,-83,-62,58,137,148,129
77,142,89,-117,-18,140,-93,-45,30,113,153,104
53,164,122,-97,-8,147,-89,-49,23,122,134,134
59,150,91,-76,-18,135,-73,-60,37,113,134,124
37,112,70,-93,-8,118,-90,-53,55,93,107,86
36,108,109,-99,-26,104,-62,-46,37,80,112,81
34,135,70,-82,-18,116,-75,-53,20,91,84,84
55,117,87,-79,-22,100,-36,-48,42,68,93,95
45,94,61,-92,-7,96,-53,-47,39,64,86,72
23,108,56,-89,-25,73,-52,-55,22,64,76,79
37,106,73,-50,-5,76,-60,-46,43,62,91,64
37,88,57,-67,-22,66,-47,-36,20,65,81,31
34,101,57,-58,-21,77,-46,-23,25,65,52,33
29,74,49,-40,-7,67,-32,-34,28,41,84,60
-3,62,33,-48,6,53,-22,-39,18,52,69,36
17,68,60,-55,-9,49,-37,-26,20,47,49,36
18,49,37,-29,-6,66,-8,-19,23,37,41,58
-10,37,7,-26,4,42,-27,-19,16,25,42,43
23,25,23,-24,6,48,-28,-19,9,39,29,32
9,58,-11,-24,-29,36,8,-7,23,32,30,18
20,42,38,-38,-22,28,-6,-30,-5,24,21,20
22,30,36,-17,10,11,-16,-23,35,36,27,29
9,21,28,-36,2,23,-43,-20,-4,32,4,16
10,16,30,-32,-9,23,3,11,0,29,20,28
3,24,3,-14,-5,30,7,-22,-3,19,18,-10
-2,13,4,-6,0,22,-13,-7,0,25,11,8
-5,15,10,3,-4,11,-14,-26,29,4,5,-5
0,17,1,2,-5,36,-3,16,5,2,20,9
22,14,31,-22,-14,4,-11,14,-8,12,-3,13
-22,19,13,-4,1,4,-8,-17,-20,-2,2,30
-17,-4,5,12,-19,0,-2,18,-18,-13,-12,-13
-22,-5,-1,-14,18,-7,-11,4,-11,3,-5,-9
-8,-3,0,20,17,-5,12,-1,-9,-15,-9,3
9,-28,-9,18,-5,-14,21,3,-3,-1,-13,2
-12,-22,-17,32,-22,-14,21,6,-12,-21,-29,-30
-12,-25,-5,20,-6,-22,25,13,-14,-17,-42,-12
-5,-37,-33,51,-3,-42,32,26,-24,-42,-43,-16
9,-56,-40,22,-9,-35,23,17,-30,-32,-50,-40
-13,-51,-21,41,-19,-50,50,42,-48,-44,-37,-23
-22,-72,-30,42,-14,-47,49,36,1,-45,-60,-36
-28,-78,-55,50,15,-47,59,23,-4,-53,-45,-42
-33,-76,-54,49,21,-60,70,30,-36,-67,-68,-51
-24,-95,-36,56,10,-65,59,60,-22,-66,-63,-54
-40,-70,-50,63,-1,-69,47,35,-5,-65,-67,-53
-31,-54,-43,67,16,-81,56,35,-34,-62,-86,-50
-34,-86,-43,49,7,-66,34,31,-15,-60,-73,-72
-45,-73,-43,58,10,-50,36,40,-22,-56,-37,-48
-18,-55,-50,53,2,-51,47,33,-10,-52,-45,-28
-29,-38,-19,23,5,-30,15,27,2,-19,-55,-36
-4,-45,-11,-3,15,-24,21,6,0,-17,-38,-3
-5,-5,-13,-7,-4,-29,1,-14,-12,-18,-20,13
19,3,16,-9,12,14,-10,4,20,32,-12,18
18,51,47,-34,-4,61,-42,-18,16,25,41,49
28,89,53,-48,-20,92,-48,-12,31,70,67,91
35,145,92,-92,-7,123,-76,-62,28,103,136,96
57,208,137,-134,-10,171,-110,-69,59,142,170,135
86,262,155,-168,-21,235,-119,-119,70,187,232,165
106,338,209,-196,-52,265,-175,-136,112,261,300,219
143,385,287,-280,-78,338,-215,-175,113,310,368,294
164,508,308,-344,-55,389,-274,-186,150,387,478,348
180,608,406,-418,-98,497,-311,-227,180,434,523,420
244,671,457,-475,-95,581,-382,-292,196,544,635,480
304,796,513,-532,-143,657,-456,-334,241,585,715,562
326,886,600,-578,-131,751,-474,-339,253,658,795,612
351,957,630,-662,-149,812,-517,-362,291,725,858,676
354,1012,662,-705,-152,842,-565,-383,276,763,901,731
393,1053,689,-705,-152,867,-583,-431,307,807,953,739
378,1076,701,-738,-154,898,-591,-417,318,823,965,732
376,1062,714,-715,-139,914,-583,-451,322,817,976,758
375,1060,698,-730,-162,864,-603,-409,321,797,945,744
353,1021,657,-692,-175,874,-555,-413,337,773,938,734
336,970,650,-669,-141,822,-525,-414,304,735,882,690
324,913,567,-595,-129,752,-483,-359,287,663,814,611
257,819,533,-569,-138,689,-439,-338,249,581,737,570
259,711,448,-497,-111,569,-386,-279,199,538,647,453
204,609,403,-432,-107,515,-334,-233,167,460,530,442
173,490,323,-346,-69,403,-272,-185,126,384,446,370
130,383,281,-268,-54,324,-220,-154,103,306,350,274
104,295,195,-196,-45,260,-189,-115,99,219,275,210
61,210,126,-138,-14,164,-120,-79,77,160,202,121
47,118,61,-83,-25,86,-29,-59,30,102,107,73
-1,35,32,-21,18,39,-16,-7,18,32,30,34
-6,-25,-14,40,18,-14,-9,23,-17,-2,-27,-41
-20,-77,-35,50,14,-84,61,34,-43,-73,-78,-60
-53,-129,-92,95,15,-111,77,37,-21,-95,-103,-78
-55,-156,-126,122,16,-166,94,69,-55,-104,-164,-131
-69,-186,-106,130,30,-156,116,90,-70,-151,-175,-147
-66,-238,-146,150,28,-161,86,83,-67,-141,-192,-136
-79,-222,-150,152,20,-164,133,80,-74,-150,-184,-123
-54,-219,-134,139,26,-181,125,94,-68,-171,-193,-162
-69,-221,-135,156,27,-155,113,69,-62,-169,-187,-146
-39,-210,-117,125,20,-163,87,65,-62,-149,-160,-150
-36,-181,-122,123,8,-163,89,83,-73,-139,-144,-116
-78,-168,-92,98,35,-133,81,73,-68,-96,-164,-114
-47,-155,-85,79,46,-110,66,24,-46,-98,-104,-80
-53,-126,-77,101,25,-97,68,57,-54,-91,-88,-92
-30,-96,-79,69,0,-67,72,37,-12,-61,-101,-36
-26,-77,-52,50,9,-41,58,33,-4,-46,-61,-70
-13,-48,-21,49,10,-39,25,50,-20,-66,-57,-55
-26,-60,-27,24,-8,-44,15,35,6,-27,-39,-26
-19,-20,-41,-2,41,7,12,-5,-12,-32,-32,-28
-18,-10,-9,8,0,-17,11,-12,4,-7,14,-5
-5,-2,0,-19,6,4,0,9,7,-1,2,7
-5,11,10,-8,15,-5,-4,11,8,6,27,-2
14,0,9,3,2,28,-4,-11,1,-8,24,33
2,23,25,-6,4,18,-5,-28,-9,19,49,13
22,19,4,-19,-3,14,5,-3,6,28,13,15
15,22,30,-25,2,41,-23,-5,1,25,25,22
6,25,24,-19,-13,27,-23,-17,11,19,12,11
21,40,6,-15,-8,33,-27,-10,8,11,15,21
15,28,4,-35,-16,25,-13,-14,-25,32,39,20
22,35,27,-24,-6,36,-43,-20,-18,41,39,36
25,26,14,-37,-19,32,-25,-11,21,27,34,39
22,34,30,-14,10,43,-37,-12,17,50,16,35
8,42,23,-36,-5,45,-30,-3,16,41,49,7
18,38,44,-27,-7,34,-24,2,18,24,33,14
16,41,29,-36,7,60,-24,-12,20,42,38,47
22,38,46,-37,0,57,-36,-15,15,36,60,29
19,57,48,-49,3,47,-28,-17,21,47,24,44
32,45,24,-48,-9,58,-39,-30,9,39,37,38
16,46,44,-50,-26,35,-43,-33,24,26,53,43
9,78,47,-50,-33,33,-27,-34,10,64,51,39
16,54,36,-20,-14,42,-48,-6,5,48,38,30
37,51,37,-46,-21,64,-38,-32,16,48,65,55
33,45,40,-41,12,54,-32,-23,10,63,56,24
8,55,55,-60,-18,70,-53,-33,27,48,53,65
24,91,60,-32,-18,65,-47,-1,2,45,65,53
13,73,47,-55,-31,72,-48,-36,29,65,74,59
14,112,24,-57,-22,54,-41,-34,14,47,104,51
25,74,59,-62,7,57,-48,-47,29,60,82,50
13,73,53,-70,0,48,-41,-48,23,73,64,43
46,80,54,-53,-13,53,-52,-34,14,61,69,55
34,60,44,-82,-10,83,-52,-26,20,65,45,42
21,105,61,-54,-16,80,-55,-46,44,77,59,67
38,100,86,-73,-10,81,-49,-35,43,71,78,96
36,99,58,-82,-20,101,-64,-63,36,93,83,72
15,110,70,-79,-31,110,-77,-47,36,74,94,85
23,115,53,-94,-32,91,-51,-55,35,72,92,100
59,142,74,-95,0,110,-56,-70,41,77,118,94
30,116,71,-82,-23,99,-62,-53,28,95,110,93
43,115,73,-94,-15,100,-78,-43,46,128,112,77
57,142,78,-75,-15,117,-62,-68,33,97,116,96
41,166,99,-85,-19,119,-68,-47,40,123,91,91
47,149,103,-78,-8,130,-87,-63,43,101,123,118
50,169,106,-111,-28,141,-94,-74,37,99,134,113
60,165,102,-115,-21,137,-67,-52,40,138,153,122
62,149,114,-113,-12,160,-81,-63,43,135,157,98
70,168,126,-123,-11,130,-79,-65,61,104,160,121
73,210,120,-126,-19,157,-110,-76,57,154,160,129
73,189,132,-123,-30,174,-93,-80,69,148,179,116
59,193,128,-138,-39,142,-110,-84,61,143,172,150
76,198,126,-119,-18,169,-122,-81,49,142,182,162
73,206,128,-182,-53,181,-124,-72,54,153,189,142
88,237,134,-147,-33,194,-116,-87,72,158,185,152
72,242,138,-129,-30,177,-120,-79,75,195,200,149
84,246,167,-161,-46,217,-131,-126,77,169,208,179
68,227,169,-160,-48,188,-142,-69,73,179,213,177
96,245,164,-159,-20,221,-128,-89,78,196,241,182
73,275,178,-170,-40,201,-142,-118,73,188,234,156
97,266,183,-211,-31,237,-143,-138,81,217,230,194
101,282,180,-196,-53,224,-139,-118,96,194,264,186
97,302,188,-200,-26,237,-162,-112,94,222,260,220
113,297,200,-221,-37,244,-173,-107,92,218,250,223
95,317,195,-201,-48,256,-162,-129,87,218,280,202
110,348,203,-198,-33,265,-163,-132,89,235,274,239
94,316,205,-198,-65,254,-189,-109,93,254,276,235
91,331,199,-237,-41,271,-193,-132,112,231,288,237
133,312,210,-253,-44,307,-193,-143,79,220,301,219
131,324,218,-222,-46,303,-177,-132,106,236,308,244
131,352,217,-234,-37,315,-205,-139,108,290,319,257
123,370,243,-243,-45,314,-209,-134,107,276,337,239
144,381,260,-244,-30,307,-237,-143,129,258,331,278
146,365,235,-241,-75,337,-213,-151,114,286,336,265
128,394,247,-262,-53,303,-210,-163,128,277,351,258
133,377,228,-283,-43,319,-180,-150,112,290,339,281
143,388,242,-258,-53,349,-224,-151,131,296,356,266
121,408,254,-240,-50,327,-216,-167,115,301,353,274
138,382,257,-263,-55,332,-237,-187,110,301,376,276
145,417,260,-252,-52,340,-228,-152,132,326,373,288
181,397,277,-275,-50,359,-222,-173,143,337,364,286
138,413,284,-276,-65,347,-220,-167,117,279,374,304
160,427,260,-294,-76,357,-229,-178,115,332,393,295
