I,II,III,aVR,aVL,aVF,V1,V2,V3,V4,V5,V6
348,1003,657,-696,-153,823,-560,-395,325,769,921,715
348,1024,669,-669,-150,871,-551,-400,310,779,928,729
335,977,608,-652,-160,805,-535,-387,304,759,886,692
312,941,602,-644,-158,746,-512,-369,279,704,842,632
292,860,542,-563,-136,715,-475,-337,245,648,768,607
245,765,517,-514,-120,668,-441,-312,239,611,696,548
261,693,445,-464,-99,599,-370,-270,217,517,609,505
177,605,380,-414,-103,480,-339,-233,177,451,519,428
161,468,317,-339,-41,398,-279,-205,135,356,424,348
130,389,242,-262,-60,314,-186,-168,140,300,336,268
112,292,178,-199,-37,242,-157,-133,80,201,261,202
95,181,145,-117,-31,147,-105,-60,55,140,167,115
28,82,49,-70,-27,63,-56,-18,41,67,69,66
-17,-1,25,-41,5,11,-2,-14,20,1,2,3
-27,-63,-44,50,14,-46,67,11,-44,-68,-80,-56
-72,-136,-88,94,31,-126,82,73,-46,-87,-149,-125
-77,-208,-147,135,44,-153,93,81,-56,-146,-188,-148
-86,-242,-160,184,48,-195,145,100,-88,-197,-243,-175
-117,-281,-211,205,30,-254,162,111,-92,-234,-247,-195
-125,-310,-199,226,45,-284,193,136,-99,-252,-289,-228
-140,-344,-231,230,30,-274,189,138,-121,-258,-315,-251
-143,-347,-257,246,69,-305,197,133,-96,-280,-316,-255
-144,-383,-267,252,58,-306,205,149,-115,-276,-344,-279
-122,-363,-247,258,46,-294,201,147,-110,-288,-326,-261
-119,-343,-219,250,59,-324,190,127,-102,-277,-350,-230
-131,-350,-245,211,58,-276,180,148,-89,-256,-319,-238
-112,-342,-199,211,60,-295,197,142,-105,-237,-296,-238
-91,-315,-195,229,47,-255,181,129,-118,-231,-285,-197
-96,-286,-189,194,30,-242,184,118,-102,-218,-228,-200
-118,-281,-160,168,50,-223,143,110,-74,-197,-256,-198
-77,-273,-164,163,16,-225,124,96,-76,-189,-225,-174
-85,-235,-158,152,42,-177,115,90,-75,-185,-208,-150
-93,-203,-104,132,33,-138,101,84,-77,-162,-193,-111
-47,-200,-129,127,28,-167,91,68,-64,-128,-153,-124
-94,-152,-117,107,26,-130,79,85,-70,-139,-126,-124
-48,-145,-68,111,19,-134,92,80,-39,-150,-132,-107
-59,-170,-77,100,33,-131,86,55,-52,-121,-131,-103
-33,-124,-93,90,23,-91,59,48,-27,-88,-147,-90
-43,-107,-57,85,41,-110,71,51,-40,-89,-114,-89
-47,-103,-54,68,37,-96,76,41,-25,-91,-109,-88
-38,-129,-55,89,21,-93,64,38,-36,-72,-91,-73
-35,-113,-55,84,0,-95,72,59,-5,-71,-95,-82
-34,-114,-72,64,18,-66,64,62,-42,-86,-97,-65
-27,-106,-68,69,12,-95,67,38,-25,-73,-105,-76
-28,-81,-85,58,24,-81,51,42,-6,-91,-106,-87
-48,-88,-62,60,33,-94,81,38,-28,-96,-81,-70
-23,-84,-69,88,16,-82,56,38,-13,-57,-81,-73
-2,-91,-65,43,20,-101,70,54,-34,-84,-66,-41
-21,-112,-67,45,32,-85,53,33,-17,-48,-84,-63
-17,-85,-62,58,2,-56,69,49,-15,-70,-98,-41
-31,-68,-70,59,23,-59,34,48,-47,-63,-82,-60
-29,-101,-69,62,25,-86,40,34,-29,-73,-72,-71
-13,-93,-49,71,10,-63,50,30,-9,-89,-72,-46
-29,-83,-42,62,14,-55,52,47,-26,-69,-102,-57
-31,-71,-47,63,10,-55,35,25,-34,-62,-45,-49
-28,-75,-66,67,-15,-57,34,41,-43,-79,-46,-58
-35,-70,-63,35,10,-47,39,28,-20,-79,-73,-63
-34,-89,-53,35,17,-67,52,27,-58,-78,-48,-86
-31,-97,-40,40,26,-64,51,20,-34,-76,-44,-62
-27,-80,-57,48,-7,-61,39,40,-42,-58,-72,-65
-39,-78,-61,59,-16,-45,58,40,-36,-59,-61,-48
-39,-54,-44,49,13,-40,47,36,-23,-48,-73,-64
-19,-54,-18,42,9,-51,41,41,-16,-54,-41,-36
-15,-80,-37,40,-3,-18,31,33,-10,-20,-85,-32
-33,-44,-37,35,11,-54,33,15,-41,-40,-45,-38
-8,-47,-29,60,4,-48,29,30,-19,-51,-66,-57
-25,-66,-39,61,12,-36,40,-12,-19,-47,-18,-34
-31,-43,-35,40,1,-27,45,19,-4,-32,-40,-43
-42,-41,-33,35,32,-51,17,19,-6,-42,-46,-33
-20,-44,-36,33,-3,-20,26,14,-5,-36,-39,-31
-16,-38,-26,24,16,-25,4,35,-34,-22,-36,-32
-4,-49,-10,32,1,-30,34,23,-2,-31,-19,-15
-5,-42,-27,21,12,-48,12,33,10,-45,-37,-8
5,-30,-16,7,-2,-39,23,7,-9,-4,-17,-19
-9,-33,-1,10,8,2,7,-6,3,-51,-8,-4
1,-23,5,7,11,-30,4,-2,-17,-7,-35,-2
-24,-18,-2,33,-20,-27,26,9,2,-6,-21,-13
10,6,-21,9,18,-1,-1,-3,-3,-16,-2,5
5,17,2,-6,2,-23,20,5,0,-18,-20,-22
-15,15,7,13,-2,11,11,3,20,4,-8,10
9,22,7,2,-6,10,-4,-4,6,12,1,1
17,18,-6,-18,-31,18,-3,21,0,-7,2,-4
7,35,1,2,5,9,-19,0,16,3,17,12
0,27,19,8,-2,32,-35,-21,30,17,5,15
-6,46,28,-31,-6,5,-4,-12,8,6,40,6
25,32,23,-44,-9,24,-17,-13,17,10,41,41
20,50,15,-19,-19,46,-37,-16,23,26,49,11
33,63,43,-38,-5,26,-2,-21,11,34,57,40
17,41,20,-33,-13,46,-16,-21,-1,40,56,45
34,88,54,-38,-13,61,-61,8,10,46,61,48
19,59,5,-36,-5,46,-35,-24,29,73,73,38
-2,83,64,-49,-2,69,-30,-42,14,48,76,58
34,90,37,-90,3,70,-79,-50,39,68,75,53
30,84,54,-72,-4,62,-54,-47,34,58,97,63
38,106,88,-34,-18,94,-50,-22,22,83,99,78
45,101,72,-83,-33,99,-59,-32,26,71,115,65
44,115,62,-60,-34,100,-57,-56,44,61,112,82
41,117,93,-98,-18,130,-75,-40,21,91,92,69
45,128,87,-90,-19,110,-91,-41,19,91,122,88
35,141,101,-92,-30,94,-103,-65,29,99,163,100
52,146,118,-105,-28,124,-78,-65,20,102,141,116
71,141,102,-92,-11,116,-91,-78,56,124,157,112
72,163,93,-130,-35,136,-98,-84,42,129,139,142
75,170,111,-121,-2,148,-97,-58,63,151,180,126
53,176,111,-116,-14,171,-104,-56,59,137,152,136
79,190,120,-146,-23,169,-128,-79,48,138,166,148
75,210,127,-128,-9,168,-112,-75,39,144,185,142
74,225,146,-151,-35,188,-94,-107,42,152,201,158
66,228,125,-153,-4,180,-139,-80,58,156,189,142
93,217,155,-167,-27,212,-133,-85,68,167,223,167
65,237,166,-161,-37,200,-133,-102,70,178,216,165
98,242,171,-178,-42,217,-135,-125,71,197,226,188
117,238,166,-161,-36,214,-134,-94,79,190,241,185
107,257,162,-169,-47,215,-147,-119,66,187,243,182
95,249,181,-193,-31,263,-157,-123,87,218,249,196
91,266,195,-188,-44,208,-170,-110,92,200,244,182
103,280,175,-195,-45,223,-152,-102,81,190,240,177
124,303,200,-193,-50,250,-170,-100,108,214,276,211
108,302,190,-195,-38,234,-158,-128,106,235,287,203
105,307,215,-216,-62,217,-176,-122,81,230,276,203
111,306,209,-226,-32,270,-186,-119,80,218,286,226
115,300,212,-216,-38,268,-178,-120,105,245,283,241
103,340,191,-222,-27,257,-180,-133,95,251,273,236
120,314,225,-234,-52,275,-180,-109,85,269,299,223
143,330,214,-217,-61,279,-186,-123,108,255,271,247
117,338,231,-211,-41,269,-200,-121,104,266,317,230
111,332,219,-238,-23,285,-191,-142,80,242,291,239
120,347,217,-244,-34,287,-193,-114,127,248,292,240
131,342,252,-223,-47,297,-184,-132,120,267,316,231
112,345,219,-235,-65,281,-202,-148,94,249,312,227
158,350,225,-237,-44,285,-192,-179,85,276,295,236
119,366,248,-226,-59,293,-197,-150,86,271,307,236
118,334,223,-238,-58,286,-222,-124,120,260,317,257
130,355,234,-237,-34,293,-197,-129,97,283,315,230
121,363,229,-241,-51,313,-190,-130,124,262,317,252
125,351,243,-241,-53,295,-213,-156,107,260,321,240
126,381,227,-247,-59,313,-219,-146,116,256,334,244
113,341,239,-255,-55,285,-197,-174,95,281,318,233
128,349,235,-229,-83,276,-183,-139,108,258,320,252
133,366,240,-245,-83,301,-218,-158,113,270,316,262
111,347,220,-240,-37,304,-189,-144,94,298,342,243
119,342,199,-259,-60,292,-177,-139,127,252,317,244
112,342,208,-232,-57,291,-208,-157,113,254,319,235
123,329,222,-197,-65,297,-184,-126,118,241,296,272
111,357,242,-224,-50,286,-187,-135,126,271,314,240
123,372,214,-222,-57,294,-175,-137,71,259,302,210
143,329,213,-228,-62,280,-176,-121,110,257,304,231
127,327,202,-244,-74,269,-197,-134,97,251,281,225
114,342,212,-223,-54,270,-168,-109,97,258,308,222
126,314,176,-214,-39,269,-179,-139,112,237,281,233
100,321,200,-197,-53,255,-172,-136,88,254,285,234
107,310,201,-218,-60,264,-171,-120,88,239,278,222
103,300,197,-209,-41,244,-163,-136,82,228,271,218
103,308,191,-215,-56,232,-152,-120,60,215,273,205
82,276,194,-178,-53,242,-169,-111,95,217,250,226
73,273,186,-186,-36,235,-159,-127,91,214,250,189
106,268,184,-175,-21,206,-148,-113,74,198,256,212
83,255,165,-183,-19,214,-144,-98,86,215,236,184
76,243,148,-181,-35,214,-134,-119,86,175,240,183
71,257,133,-164,-39,205,-121,-115,87,168,225,169
85,236,180,-164,-33,201,-124,-97,66,189,196,174
70,236,136,-181,-33,194,-133,-89,51,174,212,154
56,218,131,-163,-47,195,-132,-89,70,178,184,163
65,202,149,-162,-22,180,-114,-61,61,176,189,141
76,194,121,-146,-18,162,-114,-63,66,142,180,146
66,222,119,-123,-31,164,-126,-80,39,152,163,130
57,186,130,-133,-22,156,-95,-89,49,149,179,134
68,176,97,-128,-21,134,-111,-74,62,134,132,143
59,160,116,-128,-28,134,-126,-64,41,119,132,100
42,179,107,-95,-14,140,-75,-63,40,107,135,121
47,137,107,-115,-16,123,-67,-70,52,115,144,117
62,145,102,-100,-36,93,-82,-73,39,78,152,93
27,134,101,-73,-21,113,-64,-44,34,96,121,83
55,123,105,-94,-7,84,-71,-63,24,111,107,87
28,104,98,-89,0,96,-64,-40,34,106,114,87
52,113,82,-76,-18,93,-58,-33,42,87,108,82
27,99,92,-60,-20,105,-77,-49,55,79,94,83
42,89,66,-89,4,68,-63,-44,30,78,85,47
15,105,71,-51,-14,72,-49,-19,4,69,83,58
22,82,36,-69,-8,42,-36,-20,24,63,85,66
11,79,44,-66,-7,53,-42,-28,18,81,53,49
17,65,11,-39,-20,78,-30,-18,31,48,64,38
20,56,30,-21,-11,62,-17,-32,20,42,59,65
37,62,61,-27,-29,66,-30,-15,13,34,50,46
16,50,17,-36,-8,50,-29,-5,2,29,44,39
21,42,18,-31,-9,-3,-21,-31,-1,52,30,44
-18,29,10,-31,-12,11,-28,-17,13,10,33,28
19,46,36,-5,-14,11,-7,1,-3,-4,14,27
13,10,10,-24,5,-1,-19,-27,-12,2,36,-7
-14,17,-4,-3,-6,7,-6,4,13,15,19,-1
22,20,6,-10,-2,10,14,-8,2,1,14,8
0,15,12,-10,1,-4,-2,3,-7,1,18,-7
-7,-25,3,-2,14,14,-16,-8,-5,9,10,-15
-15,-7,-4,26,-17,-9,3,26,-3,-17,-4,-11
-11,-29,-12,2,0,0,14,1,15,6,-18,-9
-7,-20,-23,5,-21,-16,35,-5,4,5,-3,-25
-11,-36,2,27,1,-3,1,19,2,-10,-39,-18
-30,-33,-12,8,-9,-16,19,29,-21,-29,-25,-41
-5,-12,-10,36,-21,-36,18,23,-24,-23,-15,-9
-25,-23,-14,47,13,-27,22,10,3,-13,-36,-19
-14,-47,-32,33,-5,-33,17,16,-8,-6,-38,-36
-18,-43,-27,49,1,-25,13,11,-2,-28,-37,-34
-2,-45,-27,46,6,-56,13,37,-22,-32,-26,-23
-10,-42,-46,24,11,-36,33,15,-22,-25,-63,-30
-36,-59,-48,48,-3,-66,31,6,-18,-25,-61,-20
-12,-44,-40,32,-18,-45,23,22,-28,-36,-62,-47
-42,-68,-47,36,5,-35,21,25,-5,-47,-33,-43
-48,-69,-37,-1,-11,-68,35,29,-21,-31,-43,-55
-25,-60,-40,67,3,-57,38,14,-38,-79,-73,-24
-22,-58,-39,50,10,-57,38,45,-27,-41,-51,-46
-16,-74,-30,40,3,-64,39,35,-13,-48,-62,-55
-50,-73,-39,45,27,-51,31,13,-7,-24,-28,-47
-18,-69,-34,43,16,-74,37,25,-13,-28,-75,-39
-23,-84,-22,62,4,-44,32,37,-26,-46,-54,-41
-32,-69,-41,34,26,-60,57,37,-22,-53,-55,-54
-39,-67,-63,51,17,-44,39,31,-9,-49,-60,-55
-9,-39,-50,62,9,-61,48,54,-12,-64,-94,-43
-41,-78,-47,41,3,-67,36,21,-22,-70,-23,-43
-46,-80,-33,48,7,-78,39,21,-26,-74,-46,-61
-24,-64,-55,50,-2,-80,42,50,-28,-65,-71,-44
-43,-74,-66,69,1,-80,75,-3,-25,-60,-57,-52
-23,-80,-67,55,-4,-36,54,43,-21,-47,-88,-48
-19,-82,-52,44,25,-65,31,63,-17,-42,-43,-35
-21,-90,-63,60,20,-65,42,40,-13,-78,-86,-72
-40,-84,-45,61,39,-74,29,34,-50,-51,-74,-56
-23,-82,-49,63,-7,-46,41,30,-41,-66,-71,-67
-45,-82,-37,42,4,-79,53,43,-21,-62,-66,-67
-13,-84,-54,71,4,-65,38,39,-25,-44,-59,-30
-21,-85,-72,47,14,-75,37,35,-13,-47,-55,-62
-39,-87,-47,46,9,-67,43,45,-37,-57,-80,-59
-20,-114,-63,35,25,-80,56,34,-33,-45,-89,-45
-10,-92,-74,76,34,-66,36,17,-26,-74,-56,-52
-35,-76,-63,49,-3,-88,44,22,-3,-56,-69,-44
-30,-61,-82,57,9,-61,48,33,-26,-61,-60,-66
-17,-93,-55,52,1,-70,41,28,-19,-73,-58,-54
-58,-64,-44,58,11,-66,54,21,-21,-74,-69,-37
-17,-80,-77,58,19,-61,21,45,-29,-72,-75,-57
-48,-77,-49,63,0,-87,43,31,-18,-52,-61,-52
-15,-64,-67,42,15,-71,51,52,-25,-88,-62,-56
-34,-87,-53,53,15,-67,42,45,-29,-52,-80,-26
-14,-81,-71,51,-2,-57,18,36,-23,-49,-81,-43
-41,-74,-52,66,10,-72,49,49,-17,-75,-85,-62
1,-80,-41,56,17,-66,32,35,-41,-49,-56,-61
-34,-65,-80,46,9,-58,43,42,-28,-76,-70,-47
-23,-72,-77,67,2,-85,46,31,-36,-63,-83,-47
-29,-74,-45,53,-3,-71,37,15,-37,-61,-51,-61
-48,-59,-60,69,19,-73,37,19,-9,-49,-67,-76
-16,-75,-66,63,6,-55,39,50,-20,-57,-84,-62
-37,-80,-64,42,-10,-74,50,40,-8,-75,-80,-49
-32,-88,-80,74,2,-67,44,31,-27,-47,-85,-61
-43,-75,-68,58,1,-84,12,33,-26,-61,-67,-45
-27,-100,-41,50,15,-70,30,46,-9,-44,-83,-41
-34,-65,-58,52,4,-51,51,36,-25,-65,-75,-48
-27,-76,-43,47,8,-64,36,38,-30,-67,-52,-38
-42,-85,-53,39,5,-60,41,41,-29,-78,-60,-55
-24,-73,-48,27,10,-70,41,45,-10,-59,-75,-46
-36,-91,-37,56,7,-59,41,22,-6,-59,-71,-66
-23,-76,-60,50,14,-70,42,16,-13,-18,-79,-61
-41,-91,-60,43,-15,-56,30,31,-17,-69,-86,-46
-16,-86,-45,36,3,-49,51,27,-21,-58,-95,-54
-25,-77,-63,33,-11,-61,54,31,-38,-52,-66,-58
-39,-67,-33,51,15,-59,51,38,-31,-65,-55,-47
-39,-64,-46,68,-9,-65,31,13,-7,-49,-73,-64
-8,-58,-43,45,9,-70,35,17,-19,-51,-67,-61
-32,-58,-37,57,29,-58,66,18,-26,-30,-89,-52
-1,-71,-30,46,25,-55,60,39,-16,-39,-57,-55
-32,-87,-63,47,8,-46,57,16,-33,-47,-80,-48
-12,-71,-36,45,17,-67,45,22,-20,-50,-63,-48
-17,-70,-50,66,1,-57,55,33,-38,-62,-70,-49
-19,-88,-52,53,18,-50,56,34,-29,-53,-71,-26
-16,-63,-47,55,-6,-69,41,47,-41,-61,-74,-59
-25,-71,-47,36,17,-27,60,11,-6,-73,-68,-44
-12,-75,-36,41,9,-65,19,30,-24,-73,-53,-47
-36,-65,-55,59,11,-55,39,47,-13,-54,-64,-47
-34,-82,-51,51,13,-80,44,36,-17,-30,-58,-68
-34,-81,-47,46,6,-61,51,24,-13,-60,-69,-58
-19,-74,-52,45,26,-57,24,23,-28,-17,-77,-35
-1,-78,-34,38,13,-76,34,21,-45,-38,-74,-54
-10,-50,-38,33,20,-62,38,5,-20,-59,-44,-60
-21,-57,-50,59,19,-65,49,32,-30,-51,-59,-48
-21,-83,-37,40,13,-76,41,36,-46,-62,-71,-43
-27,-59,-41,23,-7,-72,36,39,-19,-47,-69,-64
-2,-75,-53,49,-1,-65,56,40,-11,-50,-67,-32
-23,-60,-23,24,20,-72,26,36,-26,-47,-60,-46
-22,-53,-38,48,7,-64,42,24,-12,-44,-71,-48
-1,-63,-58,32,9,-58,20,30,22,-41,-37,-41
-10,-63,-52,40,2,-48,27,28,-14,-51,-48,-35
-45,-72,-52,33,-31,-36,38,20,-26,-48,-61,-64
-30,-61,-48,45,33,-49,46,23,-28,-55,-68,-41
-41,-71,-54,30,-5,-67,49,51,-41,-49,-81,-38
-14,-51,-29,53,21,-53,58,18,-5,-56,-42,-39
-18,-87,-43,54,-9,-39,40,33,-26,-32,-50,-37
-24,-63,-48,63,16,-55,49,-5,0,-32,-45,-41
-20,-43,-31,47,12,-53,33,16,-19,-42,-56,-52
-17,-65,-31,49,10,-27,51,40,-30,-51,-51,-45
-20,-56,-31,61,3,-54,19,9,-19,-52,-40,-32
15,-64,-44,53,0,-61,58,37,-28,-38,-54,-42
-14,-62,-37,41,21,-62,28,16,-19,-33,-65,-58
-32,-62,-18,18,1,-25,29,24,-7,-54,-75,-57
-29,-59,-68,26,6,-42,38,40,-35,-60,-48,-52
-17,-67,-17,50,-7,-53,39,21,-7,-44,-37,-41
-18,-77,-59,33,18,-40,27,2,-26,-54,-53,-28
-14,-37,-44,30,-4,-32,21,32,-18,-55,-63,-54
-15,-53,-42,53,2,-60,17,6,-26,-67,-51,-52
-1,-36,-36,37,17,-59,23,13,-21,-59,-16,-42
-11,-62,-28,41,7,-21,39,21,-30,-21,-42,-30
-12,-51,-26,35,24,-24,46,60,-12,-37,-39,-45
-3,-58,-22,30,5,-57,44,24,4,-46,-66,-30
-23,-63,-47,47,26,-49,30,12,-7,-47,-46,-42
-21,-47,-27,25,-9,-47,38,38,-10,-23,-48,-21
-18,-34,-29,29,-3,-38,3,33,-22,-33,-31,-43
-24,-31,-36,37,18,-26,44,28,-16,-52,-53,-37
-19,-44,-14,31,7,-51,26,18,-5,-39,-44,-31
-17,-69,-35,49,6,-29,29,8,-10,-26,-23,-29
-17,-49,-43,31,19,-38,43,18,-1,-39,-34,-47
-20,-57,-41,48,36,-31,31,21,-18,-55,-48,-36
-5,-48,-43,42,7,-68,23,30,-7,-32,-43,-35
-21,-42,9,42,0,-29,32,31,-12,-45,-52,-26
7,-52,-47,34,14,-38,22,17,-1,-40,-45,-24
-26,-54,-37,36,-7,-68,16,1,-27,-28,-26,-35
-10,-42,-24,34,10,-31,7,14,-32,-15,-43,-37
-4,-51,-30,9,0,-45,18,2,-15,-30,-56,-5
-29,-46,-22,37,17,-39,13,21,-1,-29,-47,-35
-15,-50,-36,37,18,-45,25,3,-5,-27,-40,-39
-4,-35,-36,22,6,-43,20,30,0,-34,-35,-16
-13,-43,-41,6,-1,-16,14,18,-14,-27,-43,-38
7,-33,3,35,13,-36,-8,24,-10,-20,-19,-33
-1,-32,-27,42,-4,-25,46,8,3,-42,-52,-37
-17,-44,-26,16,7,-15,16,15,-4,-45,-36,-24
-7,-30,-22,30,11,-42,16,11,0,-22,-33,-22
-21,-35,-14,20,-9,-31,25,10,-12,-26,-44,-26
-22,-49,-5,36,1,-49,5,-4,-3,-7,-42,-21
-24,-29,-44,18,15,-29,1,10,10,-32,-24,-13
-6,-25,-34,10,25,-23,33,5,-13,-20,-34,-10
-26,-46,-24,8,8,-34,10,8,-17,-25,-12,-16
-16,-42,1,13,0,2,3,14,-12,-16,-22,-42
-9,-46,2,25,22,-23,48,-3,-3,-11,-12,-34
-1,-22,0,20,3,-13,0,30,-6,-17,2,-15
-13,-31,-16,20,20,-26,15,6,0,-17,-38,-3
5,-2,-23,34,-2,-30,22,11,-17,-9,-28,-22
-13,-36,13,18,19,-27,5,20,-3,-35,-18,-7
11,-20,-1,20,-9,-24,5,10,-14,-16,-31,-5
-23,-32,-15,11,7,-6,24,8,-11,3,-10,11
0,-24,-11,-4,11,-9,-5,3,-8,-30,-25,-13
1,-28,-4,30,14,-4,25,0,-9,-27,-14,-10
-11,-3,19,-2,3,-14,18,11,-15,-12,-2,-32
18,13,-16,6,-11,-16,8,18,1,-11,-6,13
-8,-10,-13,23,4,-2,-7,-12,13,3,-13,0
-16,3,8,8,-13,22,-3,0,23,4,-2,-8
7,-2,13,3,-7,2,3,-8,11,17,-7,22
8,19,5,-9,2,-3,12,-24,14,-8,5,13
21,42,23,-13,7,3,0,-24,3,2,22,27
3,31,21,-4,5,14,4,9,1,19,26,-15
10,36,32,-27,-9,30,-14,2,9,36,34,32
15,32,0,-29,-13,36,-49,0,7,23,15,36
31,27,23,-52,-13,49,-12,-12,28,43,46,42
2,47,35,-25,1,28,-12,-26,9,45,42,54
13,47,22,-31,-14,63,-43,-19,37,33,61,55
12,68,42,-39,-10,44,-37,-52,11,66,60,19
22,69,34,-35,-9,50,-36,-14,33,52,68,46
37,71,50,-41,1,68,-50,-25,24,53,79,56
18,82,48,-53,-21,48,-46,-35,19,69,88,60
13,94,51,-87,3,84,-46,-30,20,55,77,74
24,74,64,-76,-11,78,-54,-36,48,71,74,78
46,115,74,-86,-13,90,-68,-40,32,54,97,75
39,118,94,-81,-11,107,-64,-52,30,119,80,71
49,135,90,-105,-4,89,-80,-40,35,98,114,99
75,120,64,-107,-5,97,-87,-39,24,105,128,112
54,136,98,-104,-30,110,-93,-43,55,110,111,100
53,164,94,-113,-32,117,-99,-43,34,103,119,104
82,155,103,-112,-23,162,-92,-65,35,135,163,118
60,165,114,-106,-33,142,-77,-53,40,133,168,131
52,171,111,-144,-44,169,-106,-87,64,150,172,119
65,183,131,-116,-34,146,-134,-71,47,113,153,121
90,195,125,-135,-18,157,-108,-104,53,115,209,164
73,196,136,-141,-35,168,-114,-57,91,151,175,159
74,204,134,-123,-53,181,-119,-91,79,179,194,147
54,217,148,-125,-25,203,-124,-106,59,173,200,164
66,220,149,-166,-31,181,-131,-110,75,169,195,143
77,239,155,-156,-23,178,-134,-95,70,193,204,152
79,264,151,-162,-22,198,-142,-87,57,184,209,176
77,237,168,-173,-36,183,-141,-96,78,188,211,182
85,242,163,-159,-51,215,-133,-107,69,193,210,159
101,269,154,-167,-34,209,-143,-104,77,168,230,166
106,252,173,-181,-33,200,-115,-88,78,191,245,181
100,283,139,-150,-31,211,-141,-109,65,196,248,178
64,248,167,-175,-42,220,-137,-103,74,200,237,172
97,277,166,-196,-61,211,-145,-106,62,204,234,177
86,278,181,-189,-73,222,-165,-125,91,185,245,186
99,260,185,-196,-29,220,-146,-82,79,204,199,188
79,262,170,-179,-44,219,-155,-92,82,189,233,184
74,263,160,-191,-40,235,-162,-110,88,198,217,177
104,254,151,-155,-36,210,-138,-84,81,197,222,173
99,258,155,-180,-36,204,-127,-94,91,162,229,204
89,250,181,-176,-44,210,-131,-109,60,201,221,177
101,256,147,-166,-28,216,-151,-89,59,194,233,157
89,245,159,-178,-47,215,-151,-114,80,189,219,183
95,242,142,-161,-40,201,-128,-105,77,176,206,191
81,222,165,-141,-33,211,-137,-97,65,189,205,162
75,230,153,-151,5,200,-144,-75,60,180,202,161
75,235,151,-128,-21,188,-104,-99,61,172,199,169
76,207,131,-120,-56,187,-115,-82,69,150,193,142
106,204,136,-146,-25,188,-104,-74,61,148,169,137
76,196,129,-133,-24,151,-95,-51,71,133,185,138
66,198,115,-136,-46,159,-106,-84,39,146,158,127
80,175,115,-102,-26,161,-105,-80,62,132,159,125
69,170,130,-113,-29,146,-100,-70,35,132,157,111
53,172,108,-113,-30,114,-66,-76,62,112,142,122
37,143,84,-101,-21,111,-87,-62,30,126,142,107
50,143,86,-123,-8,107,-57,-47,30,129,111,98
54,129,92,-85,-22,103,-79,-78,37,103,118,88
28,132,80,-96,0,136,-66,-73,42,86,120,98
37,115,83,-63,-12,104,-64,-31,32,95,89,101
78,108,89,-80,-52,82,-74,-56,63,97,106,83
22,103,85,-67,-20,101,-60,-46,39,52,93,79
32,91,44,-75,-3,96,-54,-55,26,66,94,64
24,96,61,-49,-39,67,-45,-52,29,57,78,65
27,85,76,-72,3,54,-29,-14,13,65,85,50
23,57,48,-45,0,77,-51,-39,10,46,51,48
45,70,47,-51,-21,74,-24,-13,-8,45,63,70
30,72,44,-39,-8,62,-46,-25,39,49,62,64
15,77,47,-62,-8,64,-27,-18,28,40,70,36
18,56,16,-44,-5,49,-34,-39,20,36,64,50
7,48,36,-34,-21,24,-22,-44,13,46,54,46
-6,58,34,-39,-27,35,-31,-9,16,44,46,22
29,36,37,-28,-18,48,-24,-4,5,29,39,7
-2,30,17,-25,-7,28,-22,-9,21,34,28,21
4,20,12,-1,-5,16,-10,-1,4,38,28,38
8,9,2,-20,-30,16,-22,-37,16,37,19,3
29,17,26,-15,10,30,11,9,-3,30,22,1
-12,19,24,-22,9,26,-10,-14,-4,0,24,14
14,28,3,-13,0,5,-9,-34,3,-7,46,15
4,3,-22,-18,-17,6,-2,0,-8,19,23,2
9,-6,-2,-27,1,23,-17,11,1,15,8,-7
2,9,-4,1,17,-4,17,-8,-10,15,23,14
-2,0,7,-27,-8,-13,0,5,-3,16,-2,25
-9,-1,2,9,7,6,8,0,6,13,8,17
10,2,7,-15,7,-11,7,-2,5,-23,12,13
-13,-2,-3,5,10,8,-14,-22,11,18,-16,-17
-13,21,-25,-8,-25,13,3,9,-4,-6,17,-15
11,-13,11,7,11,-7,8,11,6,-2,-18,7
-4,7,-19,-11,-10,9,-7,-2,-14,-20,-18,9
-28,-5,11,-23,-8,-9,5,14,19,-10,-6,-13
-12,-10,-13,5,-18,10,-21,1,9,-22,-11,-20
-20,-40,-4,-14,7,-4,-2,-4,-3,-12,-1,5
-4,-15,-22,15,1,-11,13,15,-10,-27,-10,-16
-13,-10,5,28,4,-33,17,-2,-10,2,-11,-21
-29,-30,-9,23,1,-25,7,-13,-5,-25,-43,-40
-19,-32,-21,14,31,-22,0,10,-17,-17,-4,-7
3,-32,-48,37,18,-26,12,22,-19,-25,-9,-36
-32,-49,-30,27,0,-37,24,23,-9,-46,-50,-42
-16,-59,-25,44,17,-35,26,5,-22,-33,-76,-39
-25,-75,-48,53,-6,-69,45,44,-41,-82,-53,-71
-40,-91,-53,59,-4,-71,41,31,-35,-71,-62,-56
-60,-118,-74,72,22,-81,45,46,-7,-69,-114,-65
-53,-100,-74,51,-10,-102,64,38,-38,-97,-108,-90
-40,-135,-89,82,12,-97,81,32,-53,-89,-121,-98
-63,-131,-101,93,7,-95,85,39,-58,-85,-102,-101
-67,-140,-104,99,26,-126,79,62,-30,-102,-149,-122
-61,-151,-107,105,30,-123,100,75,-53,-122,-153,-114
-54,-161,-76,94,29,-148,100,77,-50,-125,-148,-112
-49,-169,-117,130,27,-153,99,83,-17,-122,-146,-122
-77,-158,-92,110,30,-131,97,72,-53,-113,-122,-117
-49,-167,-108,118,16,-130,77,49,-41,-130,-148,-104
-71,-129,-82,106,35,-119,84,61,-46,-115,-143,-112
-29,-111,-75,95,33,-121,68,59,-38,-94,-127,-86
-27,-65,-52,57,8,-85,54,23,-22,-75,-77,-69
-17,-71,-57,42,-4,-40,46,7,-21,-50,-33,-10
3,-1,-3,-4,28,-21,5,14,-5,-29,-16,-12
2,48,26,-42,-13,41,-29,-22,6,42,43,51
39,101,77,-67,-13,101,-52,-26,33,98,107,70
86,192,129,-126,-28,163,-105,-39,57,151,171,168
90,283,161,-192,-61,205,-152,-101,64,207,241,189
130,339,232,-253,-56,284,-188,-129,106,255,314,268
160,449,284,-294,-57,358,-230,-175,146,319,387,318
189,538,360,-374,-79,450,-289,-231,149,411,461,375
236,630,416,-411,-81,533,-352,-274,213,481,552,437
240,733,488,-489,-94,614,-400,-295,220,552,661,502
269,816,557,-534,-116,694,-463,-331,255,647,753,578
316,913,592,-609,-146,758,-489,-365,263,659,821,640
337,987,630,-670,-156,810,-536,-394,297,732,890,678
363,1060,656,-712,-175,861,-562,-422,307,787,929,714
382,1084,679,-736,-183,911,-593,-432,336,798,977,768
387,1105,733,-750,-173,906,-588,-417,325,825,981,776
402,1113,732,-763,-162,939,-602,-440,329,828,993,795
383,1086,706,-755,-163,915,-614,-462,322,795,997,764
372,1070,688,-713,-168,887,-592,-432,304,792,958,742
344,1016,657,-699,-165,836,-554,-409,288,784,907,707
328,941,633,-652,-130,791,-529,-380,292,728,834,648
311,868,556,-589,-138,721,-491,-324,247,668,768,613
283,785,514,-518,-108,675,-420,-322,216,583,714,545
241,685,455,-467,-86,543,-366,-259,219,514,611,458
184,584,381,-375,-89,466,-324,-222,188,451,511,408
175,464,306,-305,-62,396,-264,-186,127,345,428,317
128,371,225,-245,-42,303,-202,-157,111,272,306,266
90,292,188,-184,-22,225,-159,-90,85,190,232,196
60,179,123,-123,-34,133,-93,-56,68,120,145,127
33,76,67,-45,-36,77,-50,-34,32,60,58,68
6,7,15,-25,-11,13,-7,-11,4,12,-1,3
-29,-79,-36,82,0,-84,49,42,-14,-46,-65,-44
-51,-137,-62,92,19,-109,72,52,-49,-94,-128,-85
-71,-177,-125,123,24,-154,103,87,-42,-133,-154,-129
-79,-229,-138,169,11,-158,126,81,-62,-148,-200,-166
-82,-242,-156,179,39,-185,149,113,-73,-180,-219,-160
-100,-230,-152,179,60,-221,145,109,-84,-216,-236,-190
-105,-276,-162,185,32,-223,158,121,-81,-189,-249,-211
-99,-280,-180,192,50,-264,143,111,-82,-225,-245,-189
-101,-294,-189,198,53,-204,155,125,-52,-219,-252,-200
-94,-266,-177,190,61,-220,132,123,-93,-213,-245,-189
-96,-242,-167,158,21,-216,133,99,-93,-189,-231,-195
-59,-236,-152,160,27,-202,135,110,-79,-183,-227,-159
-92,-210,-154,157,22,-177,146,102,-57,-161,-188,-171
-62,-191,-109,141,26,-184,109,77,-41,-146,-183,-150
-65,-169,-110,132,13,-135,114,51,-25,-115,-176,-135
-41,-142,-129,97,1,-133,81,52,-57,-112,-124,-122
-76,-136,-102,89,27,-112,89,44,-45,-114,-139,-92
-58,-111,-59,63,18,-87,82,50,-40,-102,-95,-70
-25,-103,-65,44,12,-61,91,57,-15,-99,-80,-70
-26,-82,-39,49,13,-64,30,37,-28,-52,-83,-55
-20,-84,-49,32,6,-54,38,20,-31,-56,-44,-33
-35,-83,-53,53,-6,-65,35,23,-10,-39,-55,-42
-4,-41,-50,33,22,-48,20,6,-8,-24,-52,-21
-6,-35,-11,22,6,-34,29,20,-2,-12,-41,-27
1,-24,-8,37,-2,-20,25,8,-9,-29,-45,-37
0,-21,-5,22,29,-10,10,9,-16,-28,-14,-27
-15,-19,-22,28,2,-7,-9,4,-8,7,-14,-19
-18,2,-2,0,22,-24,28,4,-3,-6,-4,-39
11,-8,-8,11,-25,-14,5,13,-5,3,-14,-11
14,-4,8,-13,-11,-18,13,-1,-10,5,-7,3
-1,3,14,1,-13,-1,-2,-8,-4,21,-19,3
4,-23,-9,0,-3,-5,6,7,6,-14,7,-21
-7,26,12,6,4,-8,-20,-6,-5,-6,15,-12
12,20,38,5,-17,18,12,0,4,-11,5,-15
-15,-5,11,-7,0,5,-6,-22,-8,1,-20,13
1,-3,-10,0,3,32,4,5,-7,-1,4,8
1,8,8,-5,-4,-2,16,-18,7,1,11,5
0,4,5,-27,10,14,4,-12,3,-5,9,0
10,1,-7,9,5,-4,7,12,-12,3,-4,5
-10,12,8,-1,-10,15,0,-2,-6,10,6,4
-5,1,23,-15,-1,33,-19,-10,-1,19,-4,18
20,15,-11,6,3,9,-18,-14,10,9,20,13
12,12,11,-24,-2,22,-18,8,11,42,23,18
-7,23,8,-20,-8,-5,-7,-7,29,16,9,20
3,31,16,-6,-9,14,-28,-15,23,10,13,26
9,36,22,-9,-29,21,-18,-15,-8,9,41,9
10,24,17,-21,-14,50,-5,-9,-6,36,23,-3
0,17,22,-17,14,16,-23,8,5,36,27,29
9,19,22,-24,14,20,-2,0,2,33,18,40
5,40,27,-22,12,18,-17,8,-6,18,34,29
15,43,16,-31,-8,20,-29,-17,1,34,9,27
17,28,22,-23,-21,58,-28,-22,30,19,13,35
17,26,21,-15,-10,33,-15,-4,14,14,34,19
5,48,26,-6,1,6,-14,9,9,52,47,29
6,51,29,-21,-14,39,-17,-13,3,42,38,47
28,51,55,-50,-8,16,-13,-42,24,35,30,46
23,56,34,-41,1,58,-28,-42,26,35,59,49
10,54,44,-44,-11,39,-32,-23,21,46,72,44
29,79,54,-45,2,51,-46,-36,9,61,64,49
5,46,50,-34,-9,58,-8,-26,14,44,59,66
19,72,28,-54,-15,40,-63,-14,19,74,74,53
35,79,52,-65,-4,61,-41,-43,16,53,65,50
28,85,58,-38,-11,50,-56,-8,23,72,62,63
47,98,59,-39,-23,70,-52,-21,12,79,80,52
35,103,63,-66,-9,76,-42,-26,23,83,99,78
25,102,67,-43,-31,73,-40,-31,43,96,76,83
37,82,70,-79,11,100,-34,-36,20,80,109,73
22,110,76,-97,-20,93,-81,-37,38,88,85,69
44,115,73,-82,-7,102,-44,-62,41,103,103,61
52,121,94,-73,-26,117,-83,-44,40,84,111,82
38,125,96,-79,-31,104,-64,-82,49,85,137,95
41,124,99,-64,-19,106,-74,-41,34,104,113,98
62,132,78,-77,-16,118,-61,-67,42,82,120,96
49,138,99,-99,-28,140,-97,-75,41,101,132,93
46,186,109,-119,-30,149,-72,-58,52,115,146,102
41,145,117,-128,-20,116,-76,-66,52,124,137,111
74,167,159,-131,-18,161,-90,-69,80,130,156,100
59,176,118,-127,-23,142,-82,-70,54,132,139,139
45,163,112,-116,-16,140,-75,-89,65,158,160,154
70,203,126,-120,-20,150,-95,-73,55,151,199,118
64,189,127,-130,-29,172,-131,-65,52,149,180,143
68,196,118,-151,-37,162,-98,-100,47,154,191,160
75,204,151,-140,-47,173,-103,-97,68,173,194,152
78,211,146,-185,-39,177,-120,-86,83,170,211,169
81,217,165,-140,-39,205,-138,-82,68,166,215,147
77,247,154,-157,-36,202,-136,-97,55,186,205,171
90,244,164,-157,-30,195,-138,-110,73,192,219,167
105,245,163,-191,-41,207,-148,-104,79,197,234,188
105,275,159,-191,-28,240,-162,-93,67,192,245,195
94,299,177,-178,-28,241,-153,-106,78,219,254,193
89,281,193,-185,-51,244,-141,-108,85,233,263,203
124,277,181,-209,-40,256,-158,-100,59,232,266,212
132,284,198,-216,-49,242,-172,-119,94,236,267,217
113,304,204,-212,-43,267,-191,-123,105,229,287,203
99,304,228,-213,-47,261,-170,-136,97,238,289,209
119,328,224,-213,-58,282,-184,-151,104,243,309,226
115,316,211,-245,-62,296,-164,-132,89,255,288,239
115,329,226,-209,-56,287,-178,-137,80,244,296,226
123,339,206,-245,-49,292,-200,-141,104,261,305,258
117,367,235,-248,-64,289,-188,-171,112,264,338,240
131,378,239,-255,-45,287,-203,-150,94,275,320,251
122,364,215,-270,-58,317,-199,-132,133,287,322,232
133,376,236,-266,-75,307,-192,-150,107,272,352,256
144,388,258,-248,-63,333,-205,-159,113,299,317,258
137,388,248,-282,-71,326,-205,-152,100,272,357,262
158,400,255,-298,-57,316,-216,-158,130,314,350,282
146,411,276,-263,-73,328,-220,-144,141,284,361,309
148,420,276,-272,-71,357,-205,-164,124,299,366,299
159,404,283,-300,-73,343,-235,-175,144,323,402,295
162,422,292,-270,-95,346,-250,-181,117,315,368,292
149,440,279,-286,-67,366,-227,-157,128,344,381,312
155,417,267,-287,-75,367,-236,-190,124,322,383,305
159,446,297,-303,-66,358,-259,-175,118,324,397,327
159,431,285,-285,-55,343,-222,-168,140,326,404,292
143,431,273,-310,-65,369,-263,-167,132,318,397,299
148,439,275,-287,-79,366,-252,-160,126,350,407,323
148,448,297,-331,-86,378,-252,-197,154,335,394,326
143,440,283,-289,-62,365,-260,-189,153,343,394,313
156,466,269,-301,-75,365,-226,-181,109,329,426,301
156,439,294,-322,-65,365,-224,-172,136,348,380,317
153,454,294,-298,-47,383,-241,-181,130,341,395,325
159,452,298,-291,-61,377,-237,-182,115,336,414,323
173,442,291,-305,-80,356,-269,-199,141,313,413,329
139,457,272,-319,-87,372,-221,-172,135,337,397,291
134,449,305,-291,-59,341,-244,-184,144,339,401,318
150,454,285,-319,-53,373,-250,-178,118,332,393,298
159,441,317,-315,-42,368,-276,-182,151,337,373,300
159,428,274,-318,-68,354,-240,-161,134,337,406,310
146,439,299,-296,-64,376,-223,-169,130,342,406,310
160,437,292,-286,-66,342,-241,-165,123,305,375,303
159,415,280,-286,-68,355,-220,-158,122,316,403,287
165,424,265,-295,-82,354,-231,-173,118,314,381,312
152,421,281,-295,-48,331,-212,-171,128,298,386,311
161,411,276,-273,-62,361,-231,-163,129,312,375,280
168,425,257,-274,-92,333,-221,-166,118,296,364,280
145,403,268,-294,-62,335,-210,-158,127,309,366,275
139,402,260,-274,-44,327,-229,-134,111,332,366,260
120,382,269,-269,-62,331,-238,-159,127,289,350,275
132,387,268,-271,-50,342,-213,-137,109,285,321,286
112,397,264,-228,-54,321,-197,-133,110,300,326,263
135,391,250,-271,-65,308,-215,-144,100,279,333,256
128,361,223,-253,-49,305,-221,-128,121,288,335,250
131,349,224,-250,-50,273,-206,-126,111,253,311,239
128,340,227,-244,-45,288,-194,-118,119,248,309,218
100,327,221,-221,-52,290,-169,-118,115,260,294,250
117,346,199,-212,-40,273,-185,-146,96,253,290,232
117,336,222,-234,-65,258,-159,-132,102,240,317,220
93,307,202,-216,-56,270,-180,-133,108,239,282,191
84,287,179,-211,-55,246,-167,-145,86,223,280,219
110,308,185,-212,-56,220,-188,-109,90,241,269,221
93,316,195,-201,-17,230,-161,-119,80,218,261,195
87,286,182,-200,-41,247,-147,-110,81,173,280,192
107,265,184,-198,-23,226,-151,-116,100,204,245,181
102,245,163,-169,-39,217,-138,-86,44,196,281,211
98,259,179,-177,-35,205,-144,-92,83,190,234,178
76,245,171,-183,-40,196,-120,-78,82,177,220,149
81,226,159,-172,-31,174,-121,-80,71,197,206,159
63,208,136,-158,-38,206,-123,-102,68,163,243,172
73,233,149,-170,-43,214,-113,-83,47,180,192,169
67,215,130,-156,-28,170,-117,-93,67,150,184,127
79,214,128,-141,-24,158,-113,-92,70,175,183,142
43,202,108,-143,-14,135,-122,-74,47,121,175,116
54,208,118,-134,-20,120,-90,-67,54,130,169,137
69,178,120,-124,-32,134,-76,-72,45,134,170,123
67,170,110,-117,-20,131,-81,-88,59,136,135,120
50,135,107,-108,-36,130,-87,-67,44,112,132,116
36,164,118,-100,-24,130,-104,-47,26,136,141,127
75,142,110,-103,-21,117,-68,-63,37,99,120,99
70,156,80,-97,-40,116,-88,-49,37,126,141,95
73,145,103,-88,-7,102,-72,-61,30,77,117,104
42,137,60,-78,-18,101,-70,-37,45,103,136,97
50,108,73,-98,-22,114,-75,-39,40,78,89,74
51,98,62,-91,-25,62,-51,-32,40,73,110,79
25,103,63,-83,-20,73,-29,-53,30,70,112,70
22,103,54,-70,-23,78,-48,-25,32,81,93,89
25,99,68,-58,-20,78,-59,-22,28,94,106,71
33,88,78,-62,-13,81,-40,-36,25,68,88,63
22,88,52,-57,-24,57,-55,-48,32,73,67,55
21,81,49,-50,-16,61,-38,-16,14,63,80,57
27,81,52,-55,-22,61,-55,-28,26,52,50,45
19,75,48,-50,-18,52,-28,-29,44,51,55,44
6,55,14,-84,-12,47,-30,-28,18,35,59,35
26,64,34,-30,-12,48,-37,-17,7,68,42,44
9,59,32,-23,-11,62,-18,-20,5,26,30,82
10,48,37,-33,-3,29,-27,-13,0,48,39,28
25,21,38,-53,10,43,-6,-21,-9,41,47,45
29,34,36,-24,-29,14,-10,-26,19,22,42,37
16,40,20,-19,-3,27,-53,-28,6,30,25,36
10,43,23,-34,-25,42,-26,-18,7,29,38,22
1,27,17,-23,4,45,-23,-12,38,46,35,44
26,39,13,-23,-1,33,-17,-26,28,1,32,30
9,21,-1,-17,-3,14,-19,-13,3,37,35,31
2,25,11,-18,-19,26,-18,9,8,14,15,-7
10,42,9,-15,24,29,-11,-3,-5,27,19,42
-16,30,9,-31,-6,11,1,-28,14,9,14,36
28,25,5,-8,-6,17,-3,3,3,26,17,2
0,10,17,-23,-30,17,-23,-22,2,11,30,33
7,6,23,-12,5,17,7,-10,18,10,1,0
-4,25,10,-15,13,25,-10,3,-20,17,30,-1
-7,32,-4,0,-7,1,-7,0,-9,-12,7,19
11,8,14,-8,-14,15,-1,14,20,1,-3,0
5,24,13,-9,9,6,-4,5,20,3,17,-11
-1,10,11,-6,2,30,-9,0,-5,1,11,2
-11,13,7,13,5,8,-3,-15,-7,15,9,23
21,25,-2,-7,1,-8,-10,-10,11,-14,8,14
1,-11,-19,-12,8,-17,-10,9,5,6,23,-3
-1,12,-19,-28,-8,-11,5,-11,4,10,-10,14
-7,-12,13,1,11,-16,-19,-4,3,8,7,2
2,18,-28,-6,-1,0,-22,19,-7,-2,-3,7
2,2,-15,0,4,4,-15,2,-6,-4,21,-10
-16,-6,-7,19,0,-12,17,1,-15,13,5,9
7,-9,5,11,5,19,-15,-6,-5,15,6,-1
8,-22,6,17,-16,2,-21,-13,1,3,-13,3
-28,-27,-8,-1,14,-13,4,2,8,-1,-13,-15
1,-1,-4,2,-23,-10,0,12,9,12,12,12
10,25,-10,-10,10,2,-5,-5,-4,-3,-32,-2
24,13,-2,-4,-15,6,8,6,10,0,-3,-3
-12,-35,3,1,8,13,16,-7,15,2,5,-2
-23,-1,11,-20,-10,16,3,24,11,-25,-7,3
-5,18,-2,14,-8,8,-5,-1,-6,9,-8,10
0,15,12,2,11,11,17,12,12,-2,4,-4
2,-13,-2,0,-19,-2,-1,2,6,-25,-19,-12
-13,4,0,14,-2,15,7,24,12,27,-14,4
25,-9,-13,-5,-5,-4,23,12,-14,-16,-22,15
6,-10,-13,16,11,-29,-18,6,-14,18,-26,7
8,12,-12,-3,-4,26,4,-5,-14,1,14,-13
-3,-2,-1,-23,4,-1,-22,2,1,5,5,-3
4,4,-28,-3,-5,1,14,-5,0,-15,-5,-1
-8,-12,17,-12,2,-25,20,-20,-1,17,7,0
14,-12,0,-3,3,-16,2,22,7,-18,18,-9
8,-2,-9,-19,-3,10,-9,-2,10,-4,-15,-4
-11,-13,13,10,-2,-9,16,-6,6,-10,13,4
8,-5,9,-9,-2,0,11,-12,8,-18,-4,-3
4,-1,-15,-4,3,16,-18,2,2,4,-12,-22
12,9,19,-8,-1,-11,8,12,-2,17,10,0
6,4,-4,7,29,6,0,-2,-14,-7,-4,-2
-3,6,8,24,-5,22,16,4,7,-16,-18,8
-5,-2,18,-17,-7,-4,-27,0,7,8,-2,3
0,3,-7,13,-2,5,26,-10,-22,-8,7,14
22,17,6,5,4,17,-12,-1,36,10,-10,-16
10,-3,-1,-1,-1,-19,17,-7,-8,-6,-17,19
-10,6,0,5,23,-17,3,14,-5,-2,-7,3
29,18,1,-6,1,-32,-9,16,6,-2,-10,6
-4,-4,3,-13,-3,-14,11,1,-4,-6,-10,-18
4,-9,14,23,8,7,-8,-6,-23,7,-17,12
-10,11,-14,18,18,-2,-10,3,-11,8,16,7
0,11,-7,-31,-10,13,-17,-1,-25,16,4,1
-9,-6,-13,-4,-8,5,8,-22,18,2,-7,-21
-20,4,19,-5,-15,15,15,-6,0,-25,-1,1
-3,-11,14,-5,-11,-25,-5,-11,21,12,-2,25
1,23,-20,-3,5,3,2,17,-6,2,0,6
3,-11,-5,-15,12,21,3,7,-4,17,-2,2
-4,14,9,19,9,-3,0,-29,-7,-5,20,8
11,6,22,6,-2,40,1,-2,-9,-4,-7,3
12,-8,6,-21,-5,5,-20,-23,12,27,-5,-2
2,6,-3,1,6,21,2,-4,8,13,-32,-17
32,-9,9,33,14,20,-11,20,8,6,3,-6
-21,22,-18,0,9,9,-1,0,1,14,8,1
20,3,8,11,10,0,2,7,4,-3,-1,-14
15,8,0,7,-2,10,12,20,-11,-9,-6,-12
-3,-1,-5,-1,12,8,-5,3,23,-4,1,14
10,6,4,-9,-13,17,2,8,-15,2,25,25
12,21,18,-7,-2,-1,-7,0,-9,17,3,9
-3,-12,4,-8,10,-14,9,-24,7,8,-10,-5
9,2,4,-5,26,-6,-20,3,-17,39,1,0
-3,9,-8,8,-5,9,2,5,-15,-8,2,-9
24,-4,-4,-15,-2,-11,-14,-14,-8,3,10,-18
29,11,30,-7,-3,4,11,-12,-13,6,27,-4
-2,-1,9,-9,-5,30,0,-14,7,12,22,17
23,11,26,-10,-4,16,-5,-21,-5,15,2,-7
7,1,28,-6,12,-3,-10,10,10,-13,8,17
22,32,2,-14,23,1,-20,-21,-7,6,-18,2
6,25,-2,-14,-9,-3,-29,5,11,7,1,12
1,25,12,-11,-12,-3,-31,-4,1,13,29,17
12,13,3,3,5,20,-14,-14,1,3,1,8
-10,-7,-3,0,0,18,-16,-27,17,6,21,-4
11,16,3,-14,4,3,9,0,2,28,17,6
2,5,14,4,-15,10,-12,-49,8,12,-2,5
11,16,0,-16,4,10,-9,-11,1,4,26,3
-1,4,-20,-8,-9,4,-23,-17,7,34,-26,-1
19,3,-30,1,5,5,-19,6,-4,5,0,21
7,2,32,-13,11,17,-15,5,22,-6,18,2
29,17,18,-11,-22,33,12,5,12,0,10,12
19,3,-13,-31,-13,-1,-2,11,22,15,5,6
16,4,3,-6,-13,4,2,-23,14,11,17,24
6,13,8,-20,-4,19,-4,7,-17,8,17,19
4,17,21,-22,-9,4,-14,4,-16,7,14,2
6,37,14,-14,-20,11,-20,27,-14,9,-1,5
-1,1,-16,7,-12,12,7,2,-11,20,22,14
15,18,10,-1,-8,40,-22,15,21,18,22,15
-20,21,7,-26,-8,11,-15,-7,11,18,0,22
-4,11,7,3,-20,18,-2,-10,23,12,11,12
8,-10,8,-4,-4,1,-12,-19,25,5,4,2
-12,19,19,-5,14,9,-13,1,0,14,21,15
-9,10,8,-4,-19,13,-1,3,16,1,13,16
8,22,8,-1,10,17,4,-37,26,21,10,3
20,21,-2,-15,-16,29,-7,-6,16,0,5,22
8,6,3,-5,-5,-2,-26,-3,1,14,21,8
7,9,-3,-6,-1,45,-17,-9,23,18,25,20
1,32,29,0,-1,3,-10,-7,10,20,22,15
9,2,14,-13,-14,20,-23,-28,-6,26,24,12
12,11,27,11,-10,38,-7,-13,3,-6,18,2
22,24,6,-5,-15,20,-11,-23,3,24,16,23
-8,12,27,-9,-14,37,6,8,-1,25,33,10
17,32,17,-17,5,12,-11,0,1,12,21,13
27,37,16,-24,-4,-2,-28,-22,14,13,5,23
12,15,8,-19,-13,18,-32,-4,11,26,29,25
40,14,21,-18,-3,13,-8,-20,6,3,41,9
-4,37,12,-23,10,2,-4,-10,13,17,48,17
6,8,15,-7,7,-8,-31,-13,9,3,24,14
-12,0,-2,-32,8,30,-21,-4,-5,22,25,42
10,-17,15,-10,-2,15,3,-26,13,16,34,22
3,31,12,-19,-8,21,-12,6,15,24,32,11
-1,25,15,-18,16,24,-10,-17,13,46,15,8
26,15,13,-33,2,13,13,2,21,26,4,13
6,29,42,-10,10,19,-8,-27,24,31,25,16
19,22,-4,-13,5,40,-29,-27,36,15,14,19
8,21,23,-16,2,6,-23,-15,11,13,45,11
-7,34,22,-30,-14,13,-36,-17,2,19,35,27
16,29,22,-25,-4,2,-24,-8,7,11,15,7
-16,19,6,-43,-7,6,-5,0,9,8,35,14
20,32,21,-36,-2,12,-3,-21,17,19,20,29
20,29,28,-11,-24,25,-31,-11,10,47,30,29
16,58,22,-6,19,19,-10,4,-5,36,35,31
13,54,25,-40,3,11,-16,-14,-9,28,39,17
12,46,13,-13,6,41,-6,-22,30,40,34,48
22,34,35,10,13,51,-12,-3,43,32,48,31
18,21,49,-18,-11,49,7,-20,13,39,37,38
7,46,36,-17,-4,41,-44,-8,15,37,59,29
15,58,25,-38,1,42,-17,-17,3,5,50,16
0,47,21,-39,-16,33,-26,-9,17,17,45,35
18,56,36,-29,-7,23,-27,-20,12,39,34,54
16,65,21,-34,-23,35,-15,-10,1,24,45,48
32,42,37,-35,15,35,-32,-21,11,30,51,36
31,48,41,-30,-17,35,-25,-23,-3,37,55,31
37,57,48,-43,-1,48,-51,-45,19,65,62,52
15,55,33,-37,-8,73,-44,-19,11,48,55,57
44,76,37,-57,-22,43,-59,-18,23,53,42,42
35,63,46,-53,-7,85,-36,-44,31,76,90,57
14,96,59,-47,12,55,-40,-31,33,49,81,43
35,94,58,-60,-2,75,-55,-56,23,78,84,35
7,101,66,-57,-27,81,-41,-51,34,68,95,53
36,94,54,-65,-29,88,-68,-50,24,64,86,67
49,108,73,-77,11,70,-61,-55,47,67,86,73
56,135,81,-75,-10,97,-97,-70,32,82,80,67
16,123,66,-92,-24,104,-62,-43,15,80,109,82
51,131,89,-105,3,93,-79,-49,27,102,112,84
43,126,100,-86,-23,115,-59,-33,38,83,124,98
26,142,82,-103,-35,116,-80,-66,44,104,117,89
61,158,106,-117,-19,112,-82,-55,28,105,139,99
56,186,113,-124,-26,127,-102,-57,53,127,170,113
57,161,131,-117,-24,150,-103,-65,73,126,143,113
75,195,114,-98,-38,149,-100,-72,38,120,158,114
57,202,129,-122,-31,170,-113,-82,57,152,177,114
76,203,119,-143,-20,149,-122,-73,69,145,158,140
61,210,165,-140,-49,171,-130,-103,57,160,160,130
78,206,130,-124,-28,173,-108,-87,58,181,203,141
65,214,135,-151,-18,193,-134,-97,66,172,203,163
96,233,168,-156,-37,194,-140,-100,58,169,186,170
69,231,138,-156,-44,193,-131,-97,60,160,203,161
117,239,161,-176,-37,192,-151,-72,67,192,209,163
91,282,154,-176,-49,198,-133,-108,85,170,222,181
89,266,195,-178,-37,205,-144,-116,54,196,238,176
94,276,181,-186,-28,210,-151,-101,98,200,231,176
95,285,183,-184,-43,227,-164,-130,74,223,237,174
90,263,166,-197,-37,235,-156,-135,90,206,249,209
88,279,178,-186,-35,244,-139,-132,104,211,252,185
104,289,168,-203,-40,218,-156,-108,70,230,250,193
118,296,201,-205,-53,225,-156,-112,82,204,260,204
106,293,190,-206,-47,246,-156,-124,94,217,266,204
117,320,195,-207,-39,252,-167,-143,87,214,283,235
98,306,189,-185,-28,249,-151,-116,86,235,265,207
85,333,206,-217,-43,269,-162,-134,104,229,277,217
108,327,193,-197,-45,263,-148,-128,68,221,264,225
114,311,197,-215,-55,245,-155,-102,95,221,273,222
100,304,199,-193,-52,278,-168,-122,120,229,280,214
82,305,199,-212,-64,231,-147,-139,92,248,259,196
108,290,182,-185,-53,261,-159,-121,87,219,293,206
104,281,201,-199,-35,242,-150,-115,76,228,267,211
119,307,202,-194,-40,224,-158,-117,101,244,270,211
99,293,202,-200,-50,259,-159,-131,95,234,259,194
125,307,177,-194,-30,222,-158,-110,75,231,259,181
118,279,186,-175,-43,253,-154,-117,109,208,234,177
100,247,178,-186,-29,216,-166,-116,75,206,254,167
98,279,158,-191,-23,228,-155,-106,62,188,242,208
98,273,183,-167,-26,217,-134,-125,70,196,234,159
110,248,149,-178,-37,208,-158,-98,80,188,231,175
86,243,145,-180,-39,205,-139,-112,63,177,218,167
80,238,162,-163,-51,206,-124,-98,81,182,232,170
54,240,144,-141,-40,203,-126,-92,78,167,215,176
89,210,136,-163,-20,186,-144,-91,48,161,177,143
67,214,131,-157,-50,174,-107,-91,77,186,203,176
75,195,134,-148,-55,152,-122,-98,91,149,198,127
70,207,117,-140,-21,154,-113,-72,73,160,192,159
51,164,128,-127,-23,176,-102,-80,37,158,183,120
46,182,123,-108,-29,145,-108,-67,40,128,145,133
65,176,126,-121,-36,132,-106,-54,63,138,143,136
57,169,104,-84,-37,120,-87,-89,39,123,165,123
52,176,124,-96,-21,140,-89,-73,50,142,168,121
40,142,95,-114,-33,123,-70,-85,49,118,125,97
48,141,98,-92,-18,111,-93,-62,58,122,126,99
50,131,83,-78,-18,101,-40,-35,10,78,131,118
45,120,102,-97,-38,108,-74,-40,40,86,136,77
23,125,53,-95,-2,99,-57,-59,36,78,90,71
51,93,67,-109,-31,101,-73,-71,32,73,100,75
24,94,54,-77,-20,76,-78,-28,37,85,106,71
20,102,60,-69,-7,87,-67,-30,12,68,86,60
32,84,61,-48,-36,81,-25,-19,29,68,84,71
13,75,34,-63,-12,75,-35,-53,41,65,74,50
46,90,40,-67,-2,57,-41,-38,31,74,62,53
41,79,41,-42,-26,76,-60,-36,48,46,59,72
23,75,56,-25,-14,59,-51,-44,23,62,49,52
33,67,56,-48,13,52,-28,-22,12,47,49,51
25,77,23,-17,-3,53,-52,-21,26,66,51,52
9,48,26,-36,8,54,-38,-16,16,44,50,50
25,60,11,-40,-4,55,-41,-28,32,57,66,40
15,59,40,-39,2,59,-34,-28,20,38,35,13
5,59,14,-47,24,27,-20,-29,2,50,44,34
4,41,11,-40,-11,49,-21,-22,23,16,48,24
14,41,33,-29,-8,24,-2,-24,1,30,50,24
23,44,25,-21,-19,43,-23,-28,10,41,58,48
19,37,37,-7,11,26,-31,-4,6,48,3,23
4,48,7,-7,-8,41,-15,-9,-7,28,31,41
12,41,40,-29,-19,24,-17,6,11,32,53,15
6,12,28,-16,6,36,-8,12,-8,45,27,32
13,35,35,-35,-14,25,-2,-14,2,17,28,29
19,18,12,-1,-26,36,-4,8,-18,24,23,17
-12,41,6,-29,-18,14,-6,-13,3,25,23,17
-6,17,22,9,-24,12,3,-1,25,21,35,6
-4,19,-1,-5,-19,-2,-7,-3,-4,-3,8,14
-3,2,24,1,-7,-2,-5,19,11,7,-3,34
8,11,6,-11,-5,-1,-20,-11,-11,49,9,20
-29,21,5,20,12,-4,-15,-9,-3,1,-4,7
-4,-8,-10,21,-11,1,7,22,11,20,5,9
-7,-9,10,-15,-3,-2,9,0,14,4,2,4
-7,-34,-18,28,1,-8,0,2,-26,-23,-6,-15
-4,-38,-9,2,4,-38,26,15,2,-48,-25,-15
-3,-26,-24,32,-17,-44,24,21,-8,-28,-42,-36
-5,-52,-38,49,-6,-50,34,20,7,-18,-40,-30
-14,-65,-38,46,6,-44,37,29,-7,-42,-62,-35
-1,-87,-70,42,21,-38,29,30,-30,-63,-62,-44
-14,-104,-55,48,32,-66,48,35,-35,-62,-81,-57
-27,-96,-76,72,24,-90,64,42,-33,-67,-81,-73
-34,-112,-84,74,27,-99,46,36,-36,-83,-86,-93
-22,-119,-65,84,36,-98,66,59,-43,-84,-93,-72
-55,-132,-71,90,21,-94,69,34,-30,-100,-106,-101
-45,-137,-107,102,33,-112,69,42,-38,-110,-134,-92
-33,-115,-75,77,38,-112,93,48,-36,-94,-138,-101
-23,-152,-84,82,19,-132,64,39,-56,-96,-112,-92
-51,-138,-70,64,32,-121,46,43,-52,-90,-119,-94
-67,-124,-65,66,-3,-71,70,39,-42,-69,-113,-69
-40,-86,-62,54,-4,-80,37,48,-11,-56,-89,-47
-17,-79,-42,43,-2,-24,23,12,-13,-65,-65,-36
-10,-45,-27,15,12,-10,7,-10,-16,-36,-10,-35
9,16,16,10,11,18,-38,-38,35,28,18,0
21,92,54,-49,3,55,-39,-34,50,54,72,76
71,158,88,-101,-37,116,-89,-55,52,113,126,103
87,224,124,-141,-33,178,-107,-70,48,175,195,151
94,315,199,-199,-45,224,-156,-98,83,216,275,231
140,387,229,-234,-34,303,-206,-154,124,284,327,269
162,475,312,-335,-63,392,-265,-188,149,359,422,347
216,567,379,-370,-86,460,-316,-218,180,422,516,407
240,664,411,-448,-120,567,-383,-283,226,494,598,475
259,758,497,-513,-115,635,-411,-311,225,575,696,529
284,845,557,-577,-138,698,-464,-335,247,654,774,601
324,944,588,-635,-139,767,-507,-367,281,701,857,662
362,1010,661,-691,-144,861,-543,-417,303,767,908,702
397,1064,687,-730,-147,909,-616,-415,318,798,964,757
414,1121,711,-750,-179,921,-611,-449,334,829,1011,795
396,1146,748,-770,-174,939,-632,-456,333,851,1036,799
438,1147,747,-799,-176,944,-627,-473,331,866,1023,809
392,1131,747,-773,-166,934,-584,-459,335,834,1001,790
398,1103,694,-750,-169,923,-595,-446,311,826,998,784
397,1039,681,-702,-178,867,-586,-400,310,782,950,721
354,989,635,-637,-134,842,-544,-406,304,733,885,679
331,895,571,-579,-122,721,-484,-373,271,668,809,627
298,789,535,-545,-109,661,-440,-312,251,608,731,576
259,687,455,-476,-102,609,-396,-283,199,517,642,486
202,607,396,-397,-99,492,-353,-242,199,444,546,422
151,507,309,-333,-70,408,-268,-191,161,371,456,333
119,400,230,-253,-56,323,-215,-146,107,288,364,279
102,296,198,-216,-37,252,-164,-115,96,208,251,229
59,210,102,-154,-24,174,-97,-63,57,170,169,146
39,124,80,-92,-30,108,-57,-38,44,96,112,60
-1,43,14,-6,-4,40,-21,-49,-8,25,25,10
-35,-35,-16,23,-5,-13,12,-14,-15,-10,-27,-18
-24,-72,-48,55,29,-74,44,34,-31,-50,-61,-54
-30,-128,-73,79,9,-108,68,68,-44,-118,-113,-76
-40,-162,-101,105,35,-122,81,88,-65,-106,-139,-115
-48,-172,-121,121,43,-153,93,81,-44,-157,-168,-130
-68,-198,-128,124,31,-166,93,61,-75,-160,-142,-154
-76,-207,-136,161,21,-161,135,101,-68,-142,-185,-122
-41,-191,-124,179,23,-173,90,90,-42,-158,-177,-133
-65,-211,-124,136,21,-162,111,63,-55,-141,-167,-122
-79,-178,-121,143,-5,-142,110,82,-61,-157,-170,-136
-51,-152,-118,125,6,-127,92,50,-43,-120,-154,-118
-41,-140,-108,94,16,-122,68,39,-61,-109,-128,-100
-59,-116,-90,86,23,-111,78,50,-46,-83,-125,-83
-41,-121,-64,61,25,-96,69,11,-45,-90,-95,-61
-17,-87,-43,55,31,-67,49,19,-44,-68,-60,-66
-13,-49,-44,49,6,-40,23,37,3,-65,-51,-58
-16,-66,-30,33,15,-29,17,12,-16,-36,-32,-20
-12,-35,-36,30,7,-35,8,3,-5,-13,-22,-9
-14,-9,6,3,-5,1,10,-1,6,-16,-16,-4
15,-9,1,7,2,15,4,-2,16,5,1,17
28,1,18,11,-17,5,6,9,-5,7,15,-6
0,44,25,-7,-8,3,-15,-23,0,18,27,-2
18,34,6,-28,-2,30,-31,-3,7,25,12,1
9,59,20,-23,-1,27,-23,-13,14,31,57,9
10,46,19,-43,14,39,-11,-5,6,48,30,18
35,51,25,-24,-26,51,-33,-21,24,26,58,29
9,53,44,-40,-13,23,-1,-20,19,28,46,40
17,58,32,-45,-14,64,-23,-7,23,37,57,40
24,50,41,-30,-6,56,-23,0,18,47,43,34
18,52,36,-34,-11,67,-30,-30,10,31,53,30
6,57,46,-37,-14,44,-56,-30,-8,44,48,43
0,67,29,-42,0,48,-21,-12,9,22,81,34
17,52,23,-52,-3,49,-36,-36,7,35,42,45
9,44,47,-57,-40,59,-19,-26,26,22,53,22
12,54,46,-44,-12,66,-5,2,-3,48,55,27
7,55,36,-45,2,49,-20,-19,16,53,50,50
31,63,48,-56,-19,58,-43,-11,20,56,57,47
17,74,29,-49,-24,39,-32,-32,13,62,55,51
31,69,64,-40,-44,80,-39,-29,18,53,56,53
16,72,61,-55,-22,61,-23,-34,5,55,72,33
19,22,45,-30,-20,54,-6,-14,16,34,84,44
42,86,44,-48,5,41,-30,-28,6,63,65,50
24,80,47,-59,-8,80,-10,-25,28,48,69,42
18,78,59,-33,-7,74,-54,-35,7,31,48,50
56,78,42,-45,3,76,-59,-8,32,55,41,34
23,89,40,-74,11,58,-40,-60,34,65,80,42
13,90,69,-75,-28,72,-28,-43,39,62,65,48
36,75,46,-72,-30,82,-41,-28,38,64,73,67
43,96,46,-60,-20,68,-43,-36,28,63,74,54
38,107,47,-30,-18,72,-66,-36,22,97,83,73
22,104,74,-65,-22,73,-52,-24,38,59,82,67
34,100,70,-77,-9,55,-63,-20,10,64,90,71
30,97,81,-77,-13,68,-44,-43,34,72,114,75
30,89,78,-76,-26,95,-68,-35,18,93,91,71
30,99,52,-112,-2,79,-59,-45,12,69,91,76
35,102,74,-54,-23,88,-44,-47,11,74,107,97
32,127,74,-94,-20,69,-39,-43,28,77,105,86
38,108,70,-66,-1,95,-54,-46,23,108,88,88
37,121,77,-76,-11,113,-64,-45,33,82,113,101
54,122,107,-73,-36,111,-57,-55,35,119,122,82
53,140,112,-79,-21,121,-56,-47,-2,103,118,112
28,136,97,-86,-41,113,-87,-35,45,103,132,83
28,125,86,-78,-20,114,-79,-64,50,112,118,77
17,158,87,-98,-26,129,-102,-54,45,103,137,115
53,156,90,-115,-23,116,-80,-64,22,103,135,99
62,124,112,-80,-16,116,-84,-53,59,111,161,120
67,157,114,-103,-28,146,-86,-68,52,131,143,126
43,169,112,-115,-27,139,-86,-63,74,126,145,113
54,189,120,-141,-19,141,-88,-53,34,119,165,123
67,165,104,-141,-26,145,-95,-66,41,122,164,125
71,187,101,-127,-17,164,-127,-91,59,139,187,114
75,199,126,-135,-37,163,-107,-97,41,141,167,143
76,190,127,-132,-16,147,-109,-98,56,145,171,130
52,216,139,-148,-2,180,-130,-71,84,161,172,134
81,219,136,-129,-31,180,-125,-72,74,163,190,147
71,243,146,-150,-34,190,-126,-72,63,167,190,182
62,219,169,-166,-30,181,-128,-86,60,180,236,171
110,232,146,-139,-38,185,-121,-71,67,174,214,163
90,249,160,-148,-32,193,-115,-110,87,194,230,183
85,248,161,-151,-42,195,-137,-94,66,191,226,205
78,248,162,-197,-54,215,-127,-111,75,174,215,177
103,273,187,-184,-26,213,-158,-84,82,204,245,212
79,280,188,-178,-33,246,-141,-114,86,217,247,180
103,278,195,-172,-24,247,-148,-116,101,214,237,214
99,285,185,-198,-41,247,-153,-99,92,221,239,210
126,293,208,-206,-48,246,-155,-111,105,230,274,218
103,295,200,-188,-24,244,-181,-102,94,229,289,215
106,294,222,-198,-38,243,-160,-123,96,237,289,208
115,306,190,-204,-35,277,-168,-140,115,247,290,239
114,314,237,-234,-31,281,-172,-142,76,245,277,234
119,341,216,-229,-34,273,-175,-156,113,271,320,241
129,347,237,-244,-45,310,-209,-150,86,273,324,228
104,359,231,-218,-53,323,-187,-122,108,290,322,247
121,343,241,-265,-51,313,-193,-148,111,276,317,262
146,384,247,-257,-30,295,-195,-172,88,283,335,245
158,371,270,-269,-42,304,-189,-145,118,285,352,246
141,366,276,-262,-57,313,-204,-173,108,282,333,273
131,421,245,-285,-69,312,-207,-143,112,278,364,244
121,409,254,-255,-63,317,-183,-155,133,294,344,277
135,392,254,-272,-48,326,-210,-170,118,300,374,286
141,418,259,-277,-66,328,-242,-189,110,313,355,273
148,415,262,-283,-78,350,-231,-178,117,319,380,295
149,427,279,-282,-74,340,-239,-163,156,312,381,292
154,450,289,-282,-63,360,-233,-168,112,321,383,293
143,435,272,-268,-66,381,-225,-184,132,328,405,291
149,426,278,-302,-60,376,-235,-183,146,357,387,312
150,430,287,-286,-80,365,-238,-167,122,318,391,311
127,443,286,-303,-47,360,-249,-161,121,316,398,317
153,448,286,-287,-59,381,-248,-171,119,322,417,303
187,459,266,-300,-67,380,-244,-187,135,347,395,310
180,439,297,-302,-73,385,-233,-185,119,348,407,310
168,450,277,-309,-50,388,-241,-190,131,332,412,311
150,482,308,-300,-74,389,-261,-182,152,357,410,332
149,482,299,-309,-68,413,-251,-185,125,340,403,324
164,450,294,-296,-58,394,-264,-176,138,337,423,318
154,448,319,-316,-62,389,-250,-212,106,364,412,315
163,448,296,-301,-72,371,-258,-178,117,353,415,315
161,459,320,-310,-86,380,-238,-184,138,369,420,329
149,463,310,-320,-70,395,-247,-172,124,332,410,307
161,458,301,-308,-92,376,-253,-173,128,348,413,330
151,450,305,-317,-68,381,-247,-167,125,324,405,320
159,453,292,-304,-74,367,-240,-172,140,326,416,312
171,453,263,-319,-67,379,-234,-174,136,320,410,316
164,424,290,-291,-77,372,-245,-162,142,313,406,327
141,457,266,-297,-72,374,-236,-174,153,331,415,293
157,431,287,-303,-57,385,-241,-176,135,319,407,305
128,425,278,-280,-84,353,-237,-188,140,314,372,276
167,435,277,-295,-29,353,-226,-171,114,319,378,295
147,425,262,-294,-82,360,-240,-155,118,316,366,310
148,393,261,-281,-70,348,-241,-162,136,323,364,276
157,394,249,-279,-52,325,-211,-180,140,314,371,263
130,408,279,-283,-60,325,-210,-140,119,282,352,279
135,414,265,-288,-56,311,-226,-164,105,291,371,273
151,387,255,-256,-65,311,-214,-175,124,285,342,281
130,371,253,-279,-50,309,-216,-152,99,288,345,269
135,364,242,-254,-57,306,-205,-127,107,293,332,242
125,356,240,-235,-60,295,-187,-139,99,262,321,268
123,360,238,-244,-41,286,-200,-144,111,275,303,252
121,352,240,-249,-40,294,-184,-157,101,245,313,244
110,334,206,-233,-48,282,-211,-132,93,230,299,246
108,341,196,-224,-72,272,-205,-132,98,246,292,232
110,330,183,-223,-16,269,-177,-107,115,249,275,238
112,313,188,-203,-56,269,-181,-123,90,240,282,212
114,302,185,-232,-31,239,-163,-127,100,232,252,222
107,284,177,-190,-64,250,-145,-113,103,218,264,176
137,278,179,-204,-42,240,-153,-115,94,192,252,197
104,295,178,-169,-37,223,-138,-85,70,223,237,192
98,259,166,-170,-38,222,-142,-114,86,199,233,178
83,275,179,-167,-36,212,-144,-100,79,184,223,181
88,242,172,-170,-44,222,-133,-97,96,154,233,162
78,262,148,-146,-28,174,-150,-107,75,168,222,169
86,228,141,-177,-40,192,-127,-94,71,174,197,139
76,226,132,-153,-33,190,-111,-99,92,159,209,166
66,212,108,-167,-23,162,-137,-68,64,156,180,143
91,185,116,-162,-30,154,-111,-82,66,132,184,148
70,190,128,-125,-43,156,-119,-63,45,156,193,115
57,178,121,-133,-15,158,-91,-85,68,153,168,143
75,156,119,-116,-8,133,-106,-65,59,150,151,131
48,172,100,-101,-31,121,-108,-62,46,141,148,120
57,147,124,-92,-49,130,-84,-87,53,135,138,122
44,155,111,-108,-7,120,-98,-77,46,115,139,130
56,135,87,-93,-35,125,-88,-64,19,111,128,82
58,170,79,-92,-33,119,-80,-43,23,94,128,112
58,128,88,-83,-5,126,-72,-64,41,108,106,70
3,123,63,-74,-21,119,-77,-64,40,84,114,83
46,105,72,-84,-13,70,-67,-70,24,90,97,65
16,109,82,-77,-22,89,-51,-23,39,82,101,79
37,113,66,-61,-12,92,-63,-38,25,77,96,72
33,95,56,-77,-11,79,-37,-54,31,83,111,96
24,87,72,-56,-14,78,-66,-25,27,66,95,68
25,90,67,-55,-16,47,-39,-44,35,58,74,53
28,73,64,-36,-6,67,-42,-38,19,66,51,30
24,97,63,-53,8,44,-44,-2,31,65,81,35
24,62,48,-68,-16,62,-50,-6,27,37,88,44
29,69,42,-24,-6,40,-45,-31,18,54,34,38
27,74,25,-63,-7,39,-48,-24,32,58,68,40
45,49,26,-32,-25,40,-50,-34,-7,41,72,40
32,45,27,-44,-10,27,-20,-23,1,36,65,22
18,57,36,-29,-1,40,-27,-8,8,43,52,40
12,50,20,-36,-8,15,-36,-8,6,12,34,35
25,48,39,-48,-4,32,-19,-4,11,38,36,32
11,37,20,-38,1,23,-17,-5,11,14,32,11
25,35,6,-31,-17,39,-5,-18,31,10,53,35
28,22,-7,6,-23,33,-51,-31,10,13,50,17
18,38,14,-18,7,14,-26,-18,-13,24,7,19
8,17,5,-22,10,11,-11,-8,-6,-3,34,22
8,39,10,-4,5,30,-3,5,-1,23,9,38
4,25,-15,-12,15,19,7,-3,1,-4,47,26
6,5,-6,-26,1,20,-14,-2,10,18,10,19
2,3,-6,-22,8,30,2,23,-9,5,-7,15
-5,12,-17,16,16,-16,-6,-4,-23,8,17,26
-3,7,-8,-10,3,0,6,5,-2,-13,2,24
35,-11,3,-19,1,21,-12,-19,-7,6,2,1
8,-7,0,-28,-5,-3,-15,-37,26,9,10,8
-10,4,-12,-12,-4,4,2,3,15,18,6,-10
-7,5,5,-29,-21,-27,-25,7,4,-20,8,19
-20,-2,-6,0,10,-1,0,5,-2,6,1,-6
-3,9,9,-10,-7,-13,12,1,-12,-14,-3,-21
7,-17,-9,5,0,-15,-9,-19,16,-17,11,-21
-11,13,16,10,15,-5,0,9,-12,-5,-8,10
3,17,1,5,3,14,18,4,7,-23,9,11
-2,-14,-7,13,-4,-20,15,1,10,15,-12,-10
-5,-1,-19,5,19,-4,11,6,-2,-17,4,3
0,7,0,-1,4,-14,21,-7,-7,2,-20,6
-18,-22,-3,5,-17,-26,11,-9,-7,-7,8,-16
-14,-7,8,15,5,-9,15,10,5,6,14,-8
-15,-21,3,-1,2,-31,-5,-5,-19,-30,-5,-16
7,-15,-28,5,-17,2,9,-13,-6,2,-1,5
-3,-24,22,3,-25,-12,18,-2,-28,-22,-2,11
8,-10,-5,21,11,-8,8,22,13,10,-9,-5
-10,6,-17,-2,5,23,-16,13,19,27,-25,-9
1,11,-15,15,12,14,11,5,6,-9,-7,-20
-7,-37,1,-15,11,0,5,14,-4,-29,-1,-13
-24,-16,-3,9,-12,-11,10,18,-1,4,-2,-26
-20,-4,11,2,15,-23,11,-2,-4,-17,-10,8
1,-22,-15,-7,-10,8,3,-4,-9,-17,-4,-12
-12,-4,-13,30,9,4,10,9,5,-2,4,-8
6,-32,-8,7,5,-23,10,-10,-25,-18,-16,4
7,-20,-16,-6,-13,-2,19,7,-11,-5,-13,-3
-21,-12,-37,12,3,-15,10,14,5,-15,13,-20
31,-18,25,7,0,-34,2,-1,-11,-15,-17,-17
-7,-8,0,12,-9,1,-3,-24,-2,-17,-11,2
1,-15,6,-10,3,-31,0,23,7,-16,-14,-13
-10,-6,12,14,3,-3,23,12,-8,1,-20,-8
3,-3,-16,-3,-3,15,9,-8,-9,1,-13,-18
0,-21,-13,-1,-9,-4,8,0,-19,9,-1,-36
-11,-4,-29,12,-6,-5,8,-8,6,9,-5,-1
3,-22,15,17,-14,10,31,-9,-6,-19,12,-13
-5,-13,-15,3,23,-16,0,2,-26,-16,-11,-8
-11,-13,-41,15,-12,8,7,5,0,0,-11,0
18,-5,11,19,-18,-28,12,-6,-33,-24,15,-30
-11,-32,-6,6,10,-17,8,34,6,-9,-22,1
-6,-16,-3,8,15,-12,5,6,0,-9,-25,-26
3,-22,-17,2,5,-8,1,28,9,-19,2,-5
28,2,-20,13,10,-14,-1,9,-7,-25,-3,-22
-31,-10,-8,1,-5,-45,0,-2,-4,-19,-4,-7
-13,-2,-1,-8,-4,-22,15,-6,0,-11,-26,-2
17,-8,-9,9,2,-3,12,0,12,-14,-16,-17
-1,0,3,18,1,10,-15,36,2,-17,1,-5
-12,-2,6,5,-24,-23,-12,23,-23,11,7,-18
-5,5,3,8,20,-8,12,-13,-5,-20,1,-18
-10,7,-29,-7,16,18,0,2,7,4,-18,-1
-15,-31,18,-2,0,9,10,-4,-7,-4,-6,-9
-18,-28,-11,-1,5,-9,15,2,5,-4,3,-17
-22,-9,-8,3,8,-9,5,-16,-2,-22,16,12
-24,9,-13,-1,3,-37,25,-8,-6,-17,-14,-14
6,18,0,0,6,-9,-9,6,-14,-5,-19,-1
-3,1,1,8,-6,-25,-8,6,-13,-12,-26,-8
-13,-2,-9,-3,6,13,-3,13,-20,-6,-19,-6
8,-2,16,26,-1,-10,-11,14,3,-3,-19,-7
-10,12,-30,-1,-7,-17,40,23,-25,-5,23,8
-9,-22,-9,18,-17,19,10,0,-23,3,-3,1
-3,-30,3,10,20,6,1,5,-5,-18,-19,-14
-3,-19,-13,14,16,-6,5,22,-9,-5,-22,30
1,-13,-2,7,-11,-16,2,-15,-11,-12,0,-30
5,-2,-10,-15,12,-31,14,-10,-4,-6,-21,-14
-6,5,6,-2,-1,1,19,18,0,-4,-1,-12
-28,-10,13,4,-12,-12,2,-13,25,19,-7,-2
-12,1,-11,6,-2,4,18,-2,-5,-2,-18,-6
-17,7,-5,29,-9,-18,-2,5,-1,0,-17,-3
-18,-9,-20,-3,-2,-2,-9,14,-11,-3,2,-11
14,-5,7,2,-3,-19,-6,7,4,-17,18,4
-18,-15,-19,-17,35,-5,0,26,-3,-16,3,-25
26,-5,-18,5,-10,0,9,38,-9,-17,-9,-5
-1,-5,2,16,10,-23,2,-14,-23,-22,8,-5
-10,-2,-20,10,18,3,-13,-13,4,4,-16,-6
-5,-1,5,19,-11,7,29,11,-30,18,-27,-21
-10,-17,-10,10,-4,-27,5,1,-8,5,-32,-15
-5,-2,3,6,4,6,-11,-6,-21,-40,-2,-4
-17,-8,16,-5,11,-2,16,-12,-2,-4,-4,-2
-1,-8,-27,-18,3,-14,-10,25,5,-5,-2,-10
0,-5,-10,12,-14,17,34,2,17,-15,-30,-5
7,-20,-35,-2,-3,-16,2,12,-15,-6,-13,3
-2,2,15,-7,-14,3,15,2,-16,-15,-1,4
0,9,4,-3,-7,-13,-9,10,-4,-7,-2,-15
-5,-7,-5,-2,6,-7,28,20,-2,0,-33,-13
-12,14,2,15,6,-12,3,13,7,-3,-14,12
-12,-25,-17,26,6,-11,-8,4,10,-11,8,9
-11,25,-30,-13,6,-2,-8,13,-3,-5,-32,-8
-5,10,-2,14,-1,8,23,-4,-2,-9,-14,-14
-8,-8,8,11,-7,-10,30,14,-10,-6,-14,-5
3,2,13,16,-2,-10,8,4,-19,-25,-3,3
-11,-11,2,6,-9,25,-34,-5,2,6,-32,13
-19,-20,-6,12,8,-8,20,0,4,-1,-20,-4
6,-12,-8,-33,-16,-12,-6,14,4,-21,-20,-11
2,-13,8,-4,2,-7,2,9,4,4,-12,1
5,-6,-19,21,-2,-9,12,11,3,-9,-6,7
-12,-18,-5,3,-11,-6,11,-5,-2,5,6,15
9,2,-26,-5,16,-24,1,-1,7,-7,-10,15
-11,3,-5,22,18,-7,16,12,-17,10,-3,-28
-2,2,-11,20,12,7,-11,13,16,-1,3,-5
3,3,5,2,5,3,0,35,-37,11,3,-8
5,-1,-9,-22,11,9,11,1,12,2,-11,3
-16,-14,-4,8,1,-3,1,2,-4,-1,-40,27
-5,-2,1,4,0,-7,15,10,-17,0,-24,-23
-19,4,-23,-4,-7,-7,16,-12,5,-11,-11,9
-7,-14,-12,-4,13,-28,14,15,9,-3,7,-27
-13,-19,-29,6,-4,19,-16,1,-11,-12,-5,-6
23,-7,-19,-3,-21,-17,28,21,12,14,-4,-24
-9,3,-1,11,-15,5,4,-12,-10,-5,-26,-34
-7,10,-8,21,8,-11,-12,10,-5,1,-30,-11
2,7,3,12,4,-10,2,5,-15,-22,-6,8
6,0,-10,-6,-19,-12,10,7,-9,-7,-6,-4
2,-3,-6,27,-3,-25,2,17,-7,-7,-28,-11
-3,6,3,-1,0,-16,3,-13,7,18,-10,-2
-5,4,0,30,6,7,-6,0,8,-27,-2,-19
-1,17,-24,10,-8,-7,34,-13,-6,-1,-19,2
-23,-1,-3,-10,-5,11,2,-12,14,-10,28,10
-21,-12,19,11,2,-3,12,12,-26,-1,-10,-10
-12,0,0,-13,11,1,-1,23,11,-3,4,2
9,-18,12,-21,10,3,-18,-5,-4,-5,-20,-5
-9,-18,-8,-14,-1,21,4,12,-2,-7,4,13
-10,5,-6,-9,-21,14,3,3,25,-10,-14,17
9,6,16,20,-23,-8,16,1,-6,10,-15,-7
-15,7,-8,0,-4,8,-8,9,-32,5,0,8
-30,7,-5,-5,-1,7,-6,5,-18,-23,-12,0
-12,6,2,26,8,23,-3,5,-15,18,10,-3
8,-2,3,0,17,31,-30,-11,4,3,6,8
5,17,30,-2,8,7,-18,-24,5,21,-3,-4
-2,12,-1,12,13,0,-16,-22,-5,22,23,18
15,44,13,0,4,5,-11,-2,30,-2,21,28
3,38,4,-24,-11,16,-10,-3,5,8,14,34
-1,22,-9,-19,-21,0,-1,-11,17,24,27,22
9,24,30,7,-1,52,-13,-22,24,20,34,26
9,63,17,-20,10,27,-32,-21,-3,31,27,25
7,39,28,-1,7,29,-2,-9,11,27,52,31
0,45,41,-37,-2,42,-23,-18,4,26,48,33
13,34,43,-57,-23,26,-5,-13,23,31,62,35
10,54,31,-41,6,61,-30,-20,9,39,57,30
37,48,47,-31,-19,41,-45,-16,24,33,61,55
24,51,44,-48,-7,74,-50,-22,5,36,52,43
28,60,51,-30,0,56,-29,-44,14,48,55,47
17,75,42,-55,-14,85,-46,-27,8,66,69,53
38,80,24,-45,-1,64,-49,-27,6,95,60,30
34,101,44,-68,1,71,-33,-31,13,53,66,51
42,94,65,-44,-43,80,-52,-60,26,62,95,63
15,108,55,-64,-20,79,-76,-30,37,95,86,88
47,128,73,-60,-8,114,-71,-36,35,84,140,85
40,122,79,-77,-24,109,-73,-59,37,84,115,81
47,111,84,-125,-23,131,-71,-55,58,103,115,119
56,141,84,-96,-22,129,-76,-62,34,110,128,94
61,166,86,-118,-24,127,-69,-48,44,101,143,118
51,158,93,-117,-30,136,-63,-69,54,115,137,110
64,152,127,-97,-33,118,-84,-59,63,129,147,107
85,185,101,-122,-39,133,-85,-91,57,127,133,135
78,190,123,-119,-21,133,-106,-50,46,137,174,113
68,193,108,-128,-30,165,-109,-92,62,122,172,133
73,209,128,-143,-28,180,-95,-80,68,166,148,151
62,230,138,-140,-47,167,-102,-90,56,138,169,137
83,211,141,-152,-29,163,-126,-90,93,152,207,138
96,227,155,-151,-25,196,-115,-84,45,178,204,183
71,204,138,-161,-31,186,-127,-102,69,157,196,168
66,229,171,-142,-32,178,-123,-70,69,152,218,159
75,258,166,-160,-51,224,-125,-96,77,204,234,167
78,241,158,-168,-31,206,-148,-87,76,161,224,172
82,250,147,-168,-33,187,-132,-106,68,188,220,180
83,260,141,-168,-28,218,-134,-108,63,195,236,187
93,251,152,-154,-37,200,-140,-88,73,186,226,184
107,239,169,-151,-39,206,-135,-102,49,183,240,163
96,250,179,-181,-41,188,-124,-103,87,197,233,182
82,248,172,-210,-26,218,-126,-101,64,202,239,196
102,262,162,-180,-46,211,-118,-95,79,206,238,182
100,254,179,-172,-36,227,-157,-112,73,190,228,195
83,246,150,-151,-53,228,-147,-103,81,177,213,158
85,251,184,-154,-39,208,-133,-93,69,180,231,174
105,251,139,-180,-45,213,-128,-86,74,184,232,171
97,241,127,-144,-32,216,-136,-94,89,179,208,176
108,239,163,-182,-41,188,-126,-100,68,195,203,171
87,234,156,-183,-44,173,-130,-100,80,167,206,172
102,241,128,-145,-47,186,-115,-76,52,166,186,167
101,234,162,-143,-23,160,-131,-103,71,187,218,152
105,216,131,-142,-28,195,-142,-74,60,148,213,160
56,226,124,-152,-19,163,-128,-89,63,158,188,157
74,206,152,-146,-16,177,-107,-105,52,162,168,147
69,205,131,-131,-29,160,-100,-83,68,161,169,139
53,152,116,-131,-36,143,-111,-80,75,130,174,114
72,159,128,-128,-43,135,-111,-79,53,133,176,122
50,152,93,-109,-24,157,-80,-69,61,105,132,123
51,157,104,-104,-11,140,-96,-69,35,118,138,95
55,148,87,-93,-40,140,-97,-36,33,97,132,123
57,139,122,-72,-15,128,-75,-57,50,91,124,72
44,135,71,-94,-20,104,-67,-65,40,105,126,96
35,135,72,-79,-10,109,-71,-35,34,69,117,68
36,107,56,-86,-23,106,-81,-47,31,71,125,84
46,120,65,-62,-7,86,-68,-73,32,60,105,81
37,118,37,-69,-16,71,-51,-50,38,66,78,64
36,82,75,-76,-8,58,-31,-42,1,54,108,46
25,82,54,-30,-10,58,-52,-55,13,67,78,35
30,73,31,-50,-7,55,-18,-12,23,64,44,50
33,58,36,-47,-16,53,-26,-27,18,42,73,39
19,61,29,-50,-5,57,-35,-20,41,10,58,44
26,29,32,-40,-10,52,-15,-12,18,42,30,25
16,47,29,-44,-8,55,-41,4,-10,24,38,32
1,52,18,-25,3,21,-20,-19,16,8,3,41
10,18,10,-9,-13,16,-15,-8,24,10,19,29
14,24,13,-40,-25,5,-22,-43,6,18,26,24
8,19,14,-8,-1,20,-14,-16,2,27,21,10
6,7,29,6,3,12,-6,-9,-2,8,21,1
-4,-10,20,0,4,-1,-15,-23,8,14,20,-13
12,-7,11,4,-8,13,-6,8,-14,-1,3,19
11,-15,-6,14,-6,5,-2,-2,-20,-6,-13,7
-8,-5,20,0,6,9,5,18,4,-4,16,-8
8,-14,9,22,-8,-9,-10,-7,-6,9,-9,-2
-16,-20,-15,10,24,16,25,5,5,-5,2,-10
-13,-25,-28,22,-13,6,16,24,4,-6,-7,-25
-2,-8,6,7,-27,-43,8,8,-4,-2,-39,-1
-15,-25,-1,13,3,-5,0,19,1,-2,-10,-23
7,-26,-21,13,-4,-31,12,24,1,-34,-11,-1
-25,-21,-7,14,7,-24,18,16,-22,7,-16,-17
1,-17,6,9,-2,-24,19,-6,-2,-17,-15,-16
2,-27,-16,23,-23,-25,10,13,-5,-21,-40,-12
3,-23,-21,19,7,-6,-1,13,-26,-11,-3,-14
-11,-42,-13,0,3,-28,24,0,6,-12,-13,-19
-14,-35,-31,53,-8,-31,15,29,-25,-49,-53,-29
-21,-29,-31,44,20,-16,1,16,-13,-17,-29,-33
-18,-53,-42,39,10,-35,11,0,-20,-30,-27,-38
-24,-49,-22,36,13,-54,30,24,-9,-25,-32,-26
-9,-64,-42,55,8,-39,44,10,-29,-49,-48,-36
-10,-30,-40,53,-3,-65,8,20,-21,-49,-34,-30
-42,-42,-39,23,-1,-59,42,36,-33,-21,-51,-44
-16,-71,-54,49,-1,-59,33,44,12,-59,-73,-79
-36,-85,-43,53,33,-72,38,16,-9,-53,-85,-85
-44,-93,-79,66,7,-83,65,72,-50,-86,-88,-71
-23,-121,-72,75,24,-66,69,34,-14,-67,-99,-89
-30,-145,-96,89,33,-112,71,35,-36,-100,-112,-76
-61,-163,-96,103,23,-123,69,68,-38,-97,-127,-102
-34,-164,-85,100,18,-125,100,57,-45,-110,-119,-118
-66,-158,-122,108,35,-137,81,83,-47,-119,-146,-124
-77,-172,-108,129,17,-155,81,86,-59,-148,-156,-125
-55,-191,-122,126,25,-166,104,58,-77,-130,-173,-145
-67,-204,-104,136,22,-164,115,62,-85,-134,-174,-140
-47,-190,-119,117,44,-142,106,74,-58,-151,-161,-144
-80,-169,-130,118,39,-173,97,80,-71,-150,-164,-129
-41,-189,-92,120,32,-130,96,73,-46,-116,-153,-135
-68,-163,-101,117,28,-138,70,89,-61,-119,-146,-141
-47,-149,-109,118,33,-141,67,67,-58,-103,-135,-118
-74,-121,-82,74,18,-58,58,58,-29,-82,-114,-96
-30,-77,-60,44,-11,-45,29,30,-45,-59,-69,-67
-2,-5,-17,18,19,-32,21,27,-16,-17,-18,-14
29,20,32,-37,12,20,-6,-2,6,34,32,28
28,128,81,-47,-19,97,-44,-47,52,65,115,76
67,168,119,-125,-28,143,-90,-58,54,130,157,101
90,242,177,-168,-29,226,-126,-108,90,199,242,204
126,367,231,-239,-40,291,-198,-146,96,256,304,260
143,454,297,-313,-82,357,-236,-182,141,344,409,293
190,528,350,-370,-76,458,-290,-207,153,412,483,379
213,634,420,-411,-86,518,-344,-248,184,482,560,437
257,705,494,-485,-120,632,-403,-280,224,550,661,516
276,813,536,-551,-112,664,-441,-329,253,606,750,562
304,906,585,-614,-137,723,-493,-376,255,651,801,614
332,952,624,-643,-145,793,-545,-389,278,727,847,670
331,1002,651,-703,-153,828,-560,-405,306,752,915,710
375,1049,670,-702,-150,866,-563,-415,322,774,909,731
354,1042,684,-687,-160,859,-574,-415,291,771,915,716
361,1019,673,-676,-152,846,-548,-402,301,763,925,740
340,977,649,-654,-141,814,-531,-392,293,729,890,674
329,942,598,-627,-127,767,-521,-393,288,703,843,655
302,838,554,-582,-119,720,-486,-352,271,660,775,613
297,797,500,-542,-112,664,-425,-321,247,582,707,537
250,701,457,-472,-121,591,-396,-281,222,531,623,528
217,602,394,-430,-94,490,-328,-245,170,460,556,423
174,506,319,-327,-75,416,-286,-212,149,353,478,361
135,401,264,-276,-70,343,-220,-148,113,309,353,276
100,288,177,-198,-44,242,-173,-141,97,229,272,235
72,189,131,-130,-18,135,-83,-58,66,159,157,129
47,92,63,-76,-8,91,-66,-58,14,80,95,71
20,8,-1,-26,14,4,-5,-4,6,17,0,-6
-47,-54,-40,39,10,-58,9,7,-15,-52,-51,-39
-30,-106,-85,56,5,-105,76,35,-38,-87,-106,-64
-63,-155,-108,113,27,-148,99,48,-52,-132,-148,-123
-81,-211,-153,168,26,-186,127,123,-53,-181,-190,-140
-97,-276,-171,172,29,-212,165,114,-101,-185,-236,-169
-108,-306,-210,194,65,-226,168,111,-81,-229,-252,-207
-108,-304,-207,205,39,-255,149,101,-73,-223,-286,-215
-122,-308,-200,190,42,-260,166,129,-90,-246,-296,-217
-104,-293,-204,210,60,-260,177,128,-84,-251,-268,-192
-100,-297,-200,197,43,-240,175,124,-68,-233,-259,-211
-73,-306,-182,204,50,-236,139,125,-102,-204,-273,-217
-114,-275,-189,191,33,-236,141,92,-73,-206,-238,-204
-76,-244,-160,157,44,-215,124,89,-90,-190,-213,-185
-63,-232,-141,142,22,-179,142,85,-61,-171,-188,-179
-73,-220,-135,144,29,-175,103,76,-61,-180,-188,-151
-65,-176,-129,122,36,-169,106,93,-66,-150,-164,-154
-40,-162,-128,124,24,-140,98,51,-43,-115,-141,-135
-45,-149,-77,83,24,-112,67,62,-50,-120,-111,-101
-39,-128,-85,92,14,-108,77,57,-41,-107,-107,-92
-33,-132,-67,93,25,-84,39,43,-20,-79,-65,-72
-30,-88,-58,63,20,-72,49,37,-24,-101,-95,-75
-24,-97,-58,51,25,-68,36,40,-32,-53,-82,-61
-39,-84,-27,58,13,-64,40,17,-23,-71,-64,-58
-24,-50,-57,58,-3,-58,36,31,-19,-48,-48,-47
-36,-40,-29,28,9,-40,25,16,-12,-45,-76,-40
-24,-42,-52,36,-2,-36,43,35,-9,-38,-37,-43
-9,-46,-34,25,10,-60,58,28,-7,-46,-46,-28
-18,-43,-23,35,-6,-24,19,39,-10,-33,-54,-38
-1,-45,-36,21,9,-26,34,9,1,-21,-36,-24
-36,-37,-18,31,10,-39,35,10,-29,-52,-14,-28
4,-43,-24,36,-19,-19,25,19,-16,-6,-44,-3
-25,-42,-51,30,6,-54,40,15,-27,-19,-51,-21
-21,-58,-37,41,6,-65,40,12,-27,-35,-52,-29
-16,-36,-26,24,13,-30,23,7,-12,-14,-20,-20
-14,-32,-36,20,1,-34,16,13,-13,-51,-51,-38
-7,-26,-21,25,4,-31,43,25,-16,-19,-30,-39
15,-9,-10,29,18,-19,34,7,-21,-40,-37,-51
-27,-16,-3,25,-1,-29,23,-6,-17,-32,-15,-31
-1,-28,-22,46,-12,-24,23,16,-23,-16,-20,-6
-20,-42,-23,20,6,-18,15,34,-9,-37,-22,5
-6,-29,-23,26,1,-32,20,5,-21,-37,-17,-16
-24,-27,-8,-3,13,-51,32,21,-4,-6,-10,-15
6,-14,-24,20,2,-20,3,5,-2,-8,-44,-19
-30,-17,-33,8,15,-31,-2,31,-38,-22,-22,-17
-25,-10,-27,13,3,-26,-1,16,-17,5,-14,-23
-21,-29,-11,28,9,-1,-14,25,-12,-26,-16,-23
2,-18,-7,19,11,-26,5,-1,-6,-39,-24,-19
-10,-33,-7,5,-4,-15,-19,5,21,-30,-27,-15
10,-4,-16,14,0,15,9,10,0,-13,-12,-18
-6,-1,-9,8,26,-21,2,4,-30,-6,-21,-17
-2,-47,7,3,4,-18,21,0,0,-21,3,-8
0,-5,7,12,0,-21,-2,14,-7,-16,6,11
-16,21,-14,11,8,-4,18,0,-29,2,-1,3
4,-23,-9,8,3,22,-17,-11,-4,3,14,8
5,6,1,-5,3,13,-17,-2,-5,14,-12,-16
15,-3,13,-1,6,19,-9,4,8,2,8,14
-7,15,0,0,-7,28,-3,8,-9,0,12,-8
-8,23,10,1,-14,7,-5,-5,2,2,-7,28
13,8,-3,-19,-15,6,-1,-14,-6,28,4,3
11,16,-11,-32,-20,15,-2,-4,9,34,22,17
26,46,-3,-28,-9,16,-24,6,-2,22,12,36
22,41,17,-40,5,18,-8,-3,12,12,20,16
12,43,21,-14,-17,27,-21,-16,23,49,32,7
11,39,27,-25,-6,39,-35,1,9,36,35,46
11,40,24,-34,-15,39,-20,-4,17,38,39,26
22,44,21,-54,8,34,-25,-20,23,38,30,39
22,64,42,-41,-13,37,-19,-22,11,48,44,41
12,65,51,-44,-11,54,-1,-28,10,54,56,60
12,56,38,-48,2,60,-18,-36,2,26,55,49
45,63,62,-59,-27,77,-27,-41,20,67,63,67
34,80,64,-70,-26,76,-31,-13,22,55,73,46
24,88,62,-52,-23,56,-59,-39,35,41,89,58
32,87,54,-83,-9,87,-64,-24,17,55,88,77
45,99,52,-68,-19,79,-68,-60,25,79,105,69
42,103,76,-82,-17,96,-26,-34,46,76,92,82
51,86,59,-69,-14,90,-79,-55,36,98,118,81
36,121,79,-64,-10,93,-56,-58,29,81,101,77
42,131,115,-106,-10,111,-81,-47,5,94,96,102
53,138,78,-101,-28,117,-71,-49,34,119,126,116
33,166,99,-102,-19,138,-70,-44,49,94,137,100
71,161,82,-86,-33,125,-99,-54,35,126,127,122
64,163,108,-117,-4,129,-96,-80,50,133,130,101
54,162,126,-116,-44,141,-87,-63,51,109,146,118
44,164,126,-113,-4,139,-84,-66,42,124,145,131
90,200,91,-132,-4,141,-84,-70,48,138,150,133
72,200,124,-134,-51,175,-99,-87,63,141,193,127
67,195,117,-134,-36,164,-126,-92,57,149,170,153
85,192,147,-146,-28,166,-121,-84,64,142,195,152
88,243,152,-139,-18,170,-119,-83,50,158,175,160
85,228,137,-150,-42,189,-138,-79,67,157,196,164
87,226,153,-167,-35,184,-139,-77,65,163,192,148
91,227,165,-170,-27,199,-136,-113,60,171,212,153
90,229,175,-167,-22,197,-130,-78,67,191,236,161
75,238,152,-172,-36,194,-135,-100,79,171,187,177
67,274,173,-189,-37,227,-139,-115,80,202,240,168
111,245,159,-174,-31,214,-120,-123,86,221,224,190
95,263,188,-194,-50,223,-129,-104,70,202,225,207
123,293,187,-208,-51,236,-149,-122,73,188,243,197
106,306,180,-195,-73,251,-164,-125,85,222,257,220
131,303,195,-188,-42,234,-161,-117,89,221,247,196
90,274,216,-230,-60,258,-164,-126,83,196,246,207
102,298,197,-213,-53,257,-166,-112,97,245,284,215
91,334,207,-224,-45,251,-162,-136,92,217,276,233
73,331,213,-209,-46,275,-165,-145,102,263,279,219
113,297,208,-215,-61,262,-164,-123,62,249,287,229
131,335,232,-216,-52,265,-175,-132,117,253,292,217
86,340,198,-229,-36,277,-180,-132,111,280,280,249
110,321,201,-236,-45,257,-188,-149,96,244,293,249
142,317,217,-198,-44,278,-190,-120,113,243,304,232
110,331,208,-223,-34,278,-218,-128,95,244,299,227
123,352,215,-245,-46,287,-201,-141,113,251,301,235
152,364,217,-239,-50,282,-170,-130,117,235,320,227
117,344,220,-219,-40,279,-173,-143,107,262,317,233
119,356,233,-236,-46,274,-190,-134,85,259,316,261
98,339,225,-259,-63,310,-199,-144,80,268,313,227
122,335,214,-230,-50,306,-188,-127,104,283,324,223
125,355,240,-256,-47,271,-177,-150,105,246,319,271
141,365,231,-224,-50,290,-202,-155,98,272,294,248
113,364,227,-241,-52,270,-182,-151,132,281,295,219
109,343,238,-265,-51,304,-179,-123,103,265,339,223
109,340,207,-244,-49,295,-174,-152,104,249,311,243
115,328,232,-227,-41,318,-201,-143,104,264,331,250
125,353,217,-246,-55,283,-157,-141,114,270,333,220
116,342,225,-229,-35,279,-190,-142,101,245,288,252
115,318,219,-225,-69,268,-171,-133,102,243,308,220
115,329,220,-232,-55,305,-202,-135,110,240,290,242
114,322,202,-231,-40,287,-199,-128,75,235,287,229
96,332,217,-220,-57,269,-165,-111,108,249,288,234
106,335,194,-213,-56,263,-181,-117,85,237,283,228
107,292,203,-196,-30,255,-180,-122,98,219,286,206
114,283,194,-215,-41,267,-195,-110,84,237,281,226
103,291,186,-211,-42,245,-157,-121,107,221,262,219
93,297,210,-225,-56,229,-158,-125,85,217,282,189
111,278,195,-169,-33,247,-162,-123,79,221,262,190
124,291,178,-168,-42,242,-171,-100,90,209,226,212
94,274,160,-201,-45,212,-133,-101,76,209,260,199
106,262,191,-187,-36,197,-133,-91,89,195,246,176
96,269,166,-167,-26,210,-147,-92,87,186,232,173
78,282,163,-173,-36,191,-142,-105,84,185,221,156
95,245,148,-150,-16,179,-147,-97,85,173,218,153
83,251,134,-151,-31,189,-127,-87,49,160,219,157
80,228,142,-166,-24,194,-114,-96,71,154,217,154
83,236,128,-155,-46,172,-121,-86,72,154,220,134
75,206,146,-131,-7,171,-109,-85,67,168,206,138
63,185,144,-131,-40,161,-108,-68,58,136,202,127
62,198,120,-114,-31,171,-104,-71,60,159,173,153
57,185,119,-126,-38,154,-115,-77,77,162,156,103
85,194,101,-123,-25,153,-75,-58,57,160,149,107
41,168,112,-107,-32,154,-80,-62,50,151,151,120
58,151,102,-103,-3,120,-92,-73,49,112,138,147
56,171,88,-94,-17,109,-75,-57,66,99,145,102
48,126,81,-105,-10,116,-88,-36,33,87,131,100
32,116,92,-66,-25,104,-77,-52,47,108,123,97
48,125,97,-59,-14,108,-73,-56,33,113,105,104
31,101,55,-76,-3,87,-58,-52,24,94,79,71
2,101,78,-56,-31,86,-43,-24,47,73,122,58
27,80,73,-67,-6,67,-91,-52,11,66,79,47
62,106,46,-48,0,92,-33,-14,1,71,88,60
19,83,48,-59,-2,57,-59,-41,18,74,63,50
29,83,26,-70,-17,60,-27,-13,32,52,59,49
21,59,62,-38,-22,58,-52,-50,24,60,48,38
21,64,42,-45,-17,47,-24,-28,27,48,39,13
9,57,29,-38,9,49,-12,-35,-4,11,42,39
8,44,16,-25,-6,20,-4,-14,17,37,37,31
14,37,21,-40,-8,41,-17,-41,7,3,21,18
6,18,5,-17,-13,17,-41,-10,4,34,39,28
-1,25,4,-1,-2,35,0,-13,-2,25,30,14
14,-1,3,-32,-18,32,4,-2,3,-5,19,40
9,-5,4,-18,12,15,-4,1,6,27,11,-19
11,11,0,-20,21,15,5,-8,1,0,-14,2
12,-22,2,-2,5,1,25,0,12,5,5,-7
-22,3,15,-1,-14,0,10,21,4,-34,17,6
-6,-8,5,5,0,1,17,5,-13,-10,-5,4
8,-9,-5,0,-7,-27,-19,12,-12,-8,1,-28
-11,-24,-17,3,15,-2,31,21,-26,-32,-19,-24
-19,-6,-20,24,-15,-14,10,30,-3,-3,-5,-10
-16,-20,-25,34,-4,-11,20,6,1,-3,-17,-21
2,-32,-26,11,5,-41,30,20,-10,-22,-42,-43
-9,-36,-37,44,6,-50,31,10,1,-29,-34,-35
-26,-25,-25,38,22,-45,31,-7,-5,-21,-63,-47
-13,-59,-25,22,-3,-39,12,11,-19,-51,-43,-30
-26,-42,-30,12,5,-33,17,21,-28,-39,-27,-31
-12,-49,-30,22,8,-51,19,41,-22,-57,-48,-40
-15,-57,-34,38,3,-45,36,22,0,-49,-72,-43
-33,-65,-22,59,28,-50,42,30,-15,-60,-62,-57
-30,-71,-24,21,9,-54,35,26,-11,-48,-63,-55
-23,-66,-44,32,4,-77,45,20,-14,-57,-35,-49
-14,-68,-50,43,11,-58,32,32,-4,-35,-49,-51
-9,-87,-44,42,-15,-57,44,48,-27,-50,-51,-62
-26,-76,-40,34,24,-53,34,23,-40,-73,-84,-65
-21,-75,-46,39,14,-73,42,38,-18,-57,-64,-65
-55,-64,-64,47,3,-51,53,34,-38,-65,-67,-35
-6,-84,-52,55,6,-67,35,27,9,-75,-69,-55
-13,-99,-32,38,15,-66,25,50,-39,-55,-88,-51
-25,-82,-42,61,12,-69,57,53,-26,-70,-58,-46
-29,-54,-47,58,6,-66,20,46,-29,-66,-79,-55
-2,-94,-51,58,40,-60,68,45,-22,-71,-78,-48
-18,-99,-72,66,20,-71,46,39,-17,-78,-60,-61
-17,-102,-41,63,29,-66,22,21,-22,-61,-82,-53
-36,-100,-38,44,21,-67,40,37,-42,-60,-74,-49
-34,-81,-67,59,11,-66,42,42,-22,-64,-65,-44
-39,-80,-57,28,26,-58,28,17,-34,-67,-98,-51
-31,-94,-38,78,25,-68,39,34,-5,-64,-78,-70
-25,-74,-62,59,26,-88,70,36,-14,-77,-67,-73
-47,-85,-35,78,16,-74,44,32,-32,-82,-71,-75
-33,-99,-62,51,-12,-88,39,44,-30,-46,-81,-80
-43,-98,-76,84,-6,-79,35,29,-16,-65,-90,-87
-34,-102,-68,75,-3,-47,45,59,-17,-65,-84,-83
-38,-100,-45,62,21,-57,47,37,-19,-57,-84,-72
-46,-82,-73,76,15,-90,48,41,-38,-83,-100,-56
-38,-78,-65,55,15,-65,48,38,-36,-54,-92,-58
-29,-80,-85,66,-13,-80,55,51,-10,-66,-88,-74
-30,-40,-84,65,12,-74,48,38,-22,-69,-77,-82
-22,-100,-43,42,-3,-72,66,48,-37,-65,-77,-65
-44,-104,-62,74,26,-93,19,44,-33,-70,-80,-83
-33,-89,-71,58,33,-79,55,22,-29,-76,-68,-72
-28,-92,-75,60,4,-65,42,46,-15,-70,-79,-66
-39,-104,-50,47,22,-72,35,28,-47,-52,-83,-67
-33,-99,-64,61,23,-89,35,39,-46,-43,-91,-72
-32,-92,-73,81,20,-66,65,27,-43,-86,-95,-85
-29,-63,-73,65,24,-66,58,34,-35,-72,-95,-52
-25,-98,-55,70,17,-88,52,54,-47,-92,-117,-68
-21,-81,-48,63,5,-65,53,66,-28,-86,-58,-75
-53,-79,-50,77,15,-74,28,43,-33,-79,-97,-55
-45,-88,-81,84,1,-78,41,50,-8,-73,-105,-55
-26,-104,-83,58,-6,-65,52,45,-29,-71,-80,-66
-38,-76,-61,65,22,-85,43,41,-38,-90,-101,-82
-22,-92,-51,67,10,-96,46,25,-32,-70,-90,-55
-41,-103,-57,72,10,-85,48,30,-35,-81,-73,-52
-35,-84,-67,81,21,-98,58,42,-20,-64,-102,-79
-43,-103,-56,49,19,-65,65,44,-21,-57,-67,-66
-23,-108,-78,83,24,-82,67,30,-28,-60,-126,-60
-6,-106,-65,65,-1,-91,48,15,-28,-67,-77,-65
-31,-98,-93,72,4,-82,55,31,-41,-83,-83,-57
-64,-81,-83,55,10,-103,44,32,-28,-76,-79,-63
-29,-93,-49,87,18,-75,35,33,-13,-79,-96,-74
-28,-88,-80,69,9,-96,73,26,-35,-70,-77,-69
-30,-79,-47,39,14,-89,58,19,-36,-106,-90,-88
-63,-89,-61,71,11,-93,34,43,-26,-70,-55,-75
-34,-94,-63,49,12,-92,61,9,-13,-59,-85,-80
-38,-104,-79,59,28,-73,65,31,-19,-80,-87,-70
-35,-87,-50,60,10,-73,46,19,-29,-63,-97,-62
-18,-80,-48,62,4,-66,62,29,-22,-49,-87,-70
-30,-82,-55,86,0,-75,29,50,-46,-98,-98,-38
-12,-102,-41,57,36,-64,40,24,-11,-73,-87,-68
-35,-88,-59,84,12,-70,62,60,-47,-71,-79,-72
-22,-83,-49,55,10,-79,49,73,-53,-85,-86,-67
-42,-87,-69,60,25,-84,23,36,-55,-60,-93,-51
-44,-93,-50,71,8,-90,43,37,-28,-71,-71,-56
-24,-98,-53,72,6,-62,58,20,-18,-60,-92,-49
-58,-99,-47,69,37,-94,48,45,-16,-72,-73,-81
-32,-99,-64,88,-9,-84,51,50,-23,-77,-80,-55
-27,-114,-54,66,2,-78,35,25,-29,-74,-101,-65
-30,-65,-72,50,30,-90,55,44,-28,-55,-85,-53
-27,-85,-75,72,-2,-75,37,51,-45,-65,-94,-72
-55,-79,-67,55,7,-66,35,26,-13,-70,-91,-61
-15,-96,-62,51,4,-53,49,53,-46,-69,-90,-75
-48,-100,-79,49,29,-69,58,25,-28,-58,-72,-51
-56,-100,-72,62,26,-72,58,53,-26,-73,-98,-71
-31,-98,-65,63,13,-81,62,41,-31,-66,-95,-77
-39,-111,-48,77,21,-90,31,15,-29,-61,-89,-69
-35,-121,-45,67,20,-56,48,28,-41,-65,-84,-58
-10,-126,-59,63,10,-86,46,52,-24,-38,-82,-52
-30,-105,-61,74,26,-66,42,29,-6,-93,-119,-82
-34,-76,-50,73,14,-100,24,37,-34,-89,-98,-73
-35,-95,-71,50,29,-70,58,32,-55,-72,-111,-54
-33,-96,-47,69,17,-81,40,41,-29,-72,-72,-66
-36,-91,-78,70,2,-62,32,52,-6,-80,-102,-65
-27,-75,-67,67,16,-65,54,47,-34,-71,-102,-58
-32,-101,-55,75,16,-83,46,29,-36,-69,-112,-57
-12,-82,-49,75,13,-79,30,43,-19,-87,-83,-74
-36,-90,-55,26,16,-64,54,43,-50,-75,-78,-56
-47,-101,-62,61,8,-79,50,32,-17,-73,-88,-71
-30,-79,-73,45,12,-90,35,38,-37,-58,-79,-56
-50,-91,-67,26,-5,-93,59,27,-15,-57,-59,-74
-39,-82,-58,88,21,-76,62,43,-37,-71,-91,-83
-34,-92,-67,60,31,-63,43,26,-27,-59,-84,-54
-41,-74,-66,71,13,-74,64,37,-39,-60,-76,-62
-26,-108,-59,80,16,-91,56,30,-34,-67,-79,-77
-32,-81,-50,56,18,-84,55,36,-40,-67,-83,-63
-48,-91,-62,46,27,-69,42,43,-23,-55,-81,-57
-23,-98,-62,68,11,-72,52,29,3,-76,-48,-75
-34,-99,-55,73,2,-76,46,19,-19,-68,-90,-58
-49,-74,-44,62,29,-87,50,38,-21,-52,-96,-78
-21,-84,-50,61,22,-67,55,22,-17,-61,-66,-54
-25,-98,-48,43,22,-58,35,43,-28,-63,-77,-38
-29,-77,-46,75,25,-77,52,24,-20,-72,-80,-78
-32,-84,-60,47,18,-66,31,45,-32,-54,-77,-62
-33,-97,-57,33,-17,-66,41,19,-37,-78,-69,-61
-32,-87,-58,81,2,-82,32,38,-4,-76,-71,-50
-34,-81,-58,64,16,-73,41,49,-48,-61,-75,-71
-35,-96,-48,59,29,-64,52,50,-15,-64,-82,-63
-18,-85,-53,56,5,-81,46,41,-12,-79,-97,-36
-27,-82,-66,52,21,-66,59,32,-13,-62,-80,-62
-42,-89,-57,59,16,-56,60,22,-8,-73,-60,-70
-32,-74,-59,36,-7,-73,40,39,-39,-86,-79,-63
-35,-70,-38,56,8,-61,61,33,-20,-37,-80,-45
-27,-78,-52,54,25,-70,56,41,-30,-45,-66,-60
-40,-73,-72,64,6,-83,37,26,-34,-81,-82,-74
-23,-78,-56,67,2,-59,51,25,-13,-79,-56,-42
-21,-104,-85,59,6,-48,66,44,-26,-69,-67,-60
-35,-78,-51,61,16,-57,34,45,-51,-73,-90,-48
-41,-67,-73,62,28,-72,47,20,-31,-55,-64,-54
-39,-70,-64,46,20,-67,25,38,-36,-59,-67,-36
-24,-89,-73,54,23,-61,44,43,-20,-73,-57,-42
-8,-83,-56,45,9,-87,38,31,-14,-56,-84,-35
-43,-68,-48,63,15,-61,45,32,-17,-50,-76,-47
-35,-76,-43,41,14,-88,25,34,-43,-70,-48,-54
-22,-95,-50,69,30,-62,50,32,-29,-73,-82,-55
-20,-67,-47,41,26,-71,28,22,-49,-58,-64,-51
-42,-71,-55,36,6,-63,45,24,-36,-66,-73,-53
-23,-71,-37,46,19,-68,47,12,-15,-60,-67,-46
-34,-66,-41,41,15,-40,46,39,-10,-65,-81,-38
-14,-70,-44,67,16,-62,19,17,-7,-58,-73,-56
-33,-40,-53,26,-2,-65,40,42,-16,-26,-63,-57
-3,-74,-42,35,3,-63,37,34,-12,-71,-75,-52
-33,-43,-46,38,28,-50,41,24,-29,-55,-74,-36
-33,-77,-51,20,8,-35,38,23,-19,-36,-59,-30
-15,-66,-40,32,-20,-43,34,15,-7,-75,-49,-37
-21,-55,-31,33,21,-42,27,30,-32,-48,-59,-35
-25,-27,-30,38,22,-32,11,5,-19,-25,-34,-44
-30,-8,-23,28,4,-65,2,24,-4,-53,-59,-41
-18,-47,-35,49,9,-53,6,25,-25,-45,-40,-40
-12,-40,-15,38,6,-43,23,25,-14,-28,-42,-40
-17,-32,-13,4,-5,-27,16,34,5,-33,-9,-25
-1,-29,-33,41,16,-44,14,13,-22,-28,-39,-24
-12,-39,-15,38,23,-21,8,32,-8,-27,-27,-3
-7,-10,-31,15,-26,-20,9,12,-4,-23,-25,-25
-24,-3,-12,14,14,-33,24,11,-16,-9,-13,-1
-10,-8,-11,-5,-31,-14,-8,-7,10,-13,-15,4
13,-3,5,4,6,7,-5,7,-9,-15,5,26
-11,17,17,0,6,8,3,8,2,22,12,-17
22,13,4,-21,10,25,-27,-21,6,15,7,26
-4,12,16,8,-8,15,0,-11,-9,13,16,18
9,20,23,-14,-3,29,-9,-16,1,-7,25,8
15,31,12,-26,4,20,-19,-23,3,16,20,16
-1,27,4,-26,-6,28,-31,-22,-15,24,53,30
7,37,20,-19,-2,37,-35,-18,45,25,38,37
54,54,31,-55,-19,51,-22,-10,22,45,56,49
30,77,38,-31,-12,43,-19,-23,7,50,50,51
45,82,67,-45,9,44,-31,-45,21,57,85,56
26,96,52,-50,-12,66,-45,-31,15,64,76,65
24,110,73,-68,-30,77,-29,-43,33,69,62,57
31,103,83,-78,1,99,-67,-61,28,57,61,82
35,87,69,-77,-30,70,-42,-50,22,84,96,74
61,111,78,-82,-23,78,-59,-34,41,89,106,105
53,122,65,-64,-20,97,-102,-41,34,89,104,95
37,127,107,-96,-6,113,-64,-57,16,112,140,97
62,136,87,-86,-26,105,-89,-54,21,70,125,119
42,172,77,-109,-30,133,-76,-66,45,122,133,107
44,144,110,-108,-33,113,-89,-61,36,113,154,101
54,165,107,-110,-22,119,-86,-58,47,107,140,133
48,171,93,-125,-38,139,-103,-71,47,113,152,101
71,174,101,-123,-25,152,-117,-75,50,106,147,120
61,191,117,-132,-24,142,-91,-71,64,134,145,118
70,181,115,-108,-26,145,-100,-81,69,145,148,132
61,168,136,-123,-18,157,-108,-63,41,139,134,134
69,176,112,-119,-25,172,-117,-66,66,129,178,126
69,194,107,-122,-18,165,-118,-55,54,129,172,119
48,184,120,-119,-55,163,-91,-61,33,142,172,130
58,195,116,-138,-10,175,-104,-73,64,153,155,112
58,191,92,-144,-40,157,-78,-98,63,147,162,113
66,204,104,-122,-15,155,-81,-71,47,140,164,136
64,184,127,-119,-22,153,-83,-68,40,135,176,146
48,155,107,-131,-25,128,-101,-81,65,124,156,124
52,173,146,-111,-40,130,-103,-82,44,145,163,100
71,175,116,-109,-27,160,-102,-48,52,137,169,120
72,175,140,-104,-18,144,-95,-54,25,130,164,128
45,170,112,-126,-14,126,-75,-52,40,137,150,79
51,172,98,-86,-39,118,-67,-66,52,122,154,115
56,160,91,-113,-12,145,-92,-67,52,106,139,112
44,164,101,-101,-8,130,-80,-64,42,116,142,104
45,128,100,-101,-15,131,-65,-44,44,103,130,82
49,130,97,-97,-12,109,-79,-55,45,118,96,99
45,119,76,-78,-14,95,-67,-52,47,97,95,81
46,138,52,-56,-9,109,-50,-26,25,89,99,81
42,123,75,-65,-12,72,-57,-30,33,78,81,86
21,105,52,-65,-30,86,-51,-12,20,70,72,67
45,90,39,-58,-16,83,-44,-25,35,69,64,58
15,78,53,-75,-12,68,-40,-35,12,59,72,31
27,57,43,-56,11,60,-50,-36,14,35,64,46
45,44,38,-57,-5,48,-41,-15,1,59,42,29
23,54,42,-24,-14,40,-37,-12,14,37,49,26
35,43,46,-15,8,22,-18,-8,21,54,50,25
-5,60,20,-28,-9,26,-42,-38,33,27,22,28
12,37,13,-13,9,12,-25,-23,14,35,31,36
5,25,11,-19,-9,13,-25,16,7,-6,4,-10
26,12,10,13,-7,13,14,-19,-1,3,14,3
15,8,-10,17,7,-10,2,-1,13,4,-2,9
5,-3,3,-13,-7,-5,-16,-15,16,4,0,-13
-28,-12,-3,14,4,10,24,-6,-19,-2,2,-6
6,-7,-19,3,-8,9,20,40,4,-15,-21,-25
-17,-17,-11,9,4,-11,6,-8,18,-36,-27,-14
-12,-32,-13,22,8,-21,27,11,-27,-26,-20,-12
-5,-45,-18,19,16,-20,8,11,2,-43,5,-17
-17,-52,-22,50,-3,-25,45,23,-9,-19,-45,-30
-33,-32,-11,21,20,-32,38,29,-15,-24,-25,-28
-16,-61,-13,34,-11,-48,30,16,-28,-50,-48,-33
-31,-58,-33,32,5,-47,20,28,-7,-25,-53,-41
-31,-52,-29,30,8,-34,13,13,-11,-26,-46,-48
5,-69,-32,37,20,-53,22,40,-22,-47,-50,-48
-10,-60,-40,41,-5,-46,10,25,-19,-45,-67,-39
-29,-81,-46,42,6,-48,31,24,-14,-59,-59,-47
-25,-59,-48,32,-21,-54,49,16,-30,-64,-65,-41
-23,-75,-33,41,1,-68,39,31,-49,-63,-51,-51
-18,-68,-54,56,3,-62,50,26,-24,-61,-66,-46
-12,-89,-50,43,20,-57,35,39,-26,-47,-73,-58
-19,-57,-51,62,26,-66,36,17,-26,-45,-71,-40
-17,-78,-57,64,-8,-53,33,38,-22,-45,-66,-90
-28,-77,-53,73,22,-69,68,27,-27,-68,-87,-48
-38,-71,-69,70,-11,-69,37,41,-21,-34,-77,-48
-29,-96,-68,84,9,-58,50,24,-33,-62,-64,-69
-19,-83,-64,57,22,-57,55,19,-41,-50,-85,-54
-47,-105,-75,68,20,-88,45,37,-36,-74,-80,-53
-34,-85,-53,56,15,-57,66,56,-40,-83,-81,-73
-48,-107,-100,48,30,-80,53,39,-44,-84,-101,-67
-68,-120,-49,65,6,-92,57,55,-38,-104,-110,-73
-62,-130,-88,85,18,-96,72,36,0,-68,-114,-79
-79,-129,-76,83,2,-111,68,46,-39,-95,-122,-72
-49,-140,-102,95,29,-111,92,65,-33,-94,-127,-113
-36,-138,-103,99,12,-122,87,65,-45,-135,-170,-103
-61,-137,-122,114,26,-136,91,51,-34,-136,-160,-124
-50,-177,-113,133,18,-138,107,81,-52,-106,-171,-140
-75,-174,-126,119,13,-138,102,57,-59,-136,-156,-113
-67,-193,-117,132,44,-164,101,86,-57,-155,-189,-123
-49,-201,-145,120,40,-163,113,85,-59,-144,-175,-161
-85,-212,-119,142,23,-159,114,87,-43,-173,-196,-152
-86,-231,-146,173,40,-163,137,88,-49,-161,-200,-149
-93,-249,-167,147,37,-195,116,111,-93,-207,-222,-191
-79,-250,-147,165,61,-204,143,95,-80,-178,-204,-162
-84,-252,-169,148,25,-210,151,91,-93,-160,-225,-175
-86,-240,-163,152,31,-210,133,104,-86,-188,-241,-177
-95,-243,-152,163,35,-196,137,100,-83,-181,-210,-167
-75,-203,-138,163,50,-190,119,91,-49,-154,-222,-163
-98,-198,-129,136,23,-171,121,81,-84,-156,-190,-137
-56,-196,-95,122,23,-166,93,72,-43,-127,-122,-131
-24,-131,-85,98,24,-128,80,64,-48,-110,-126,-113
-44,-97,-69,75,6,-66,65,27,-25,-71,-82,-74
-7,-26,3,-12,0,-28,31,19,-16,-13,-51,-29
-4,36,18,-20,-5,-6,-38,-11,8,21,45,8
29,107,39,-47,-8,75,-70,-31,29,82,75,77
77,175,116,-115,-43,156,-103,-63,66,114,150,118
79,262,180,-162,-38,227,-140,-125,97,191,246,162
132,358,241,-231,-48,297,-207,-162,99,253,339,220
153,472,289,-305,-40,378,-249,-203,128,349,425,326
186,586,351,-362,-78,455,-294,-236,171,438,498,397
208,641,425,-440,-92,541,-355,-279,188,492,589,434
257,766,479,-509,-113,618,-425,-294,223,568,660,516
274,828,550,-548,-165,696,-472,-334,242,629,756,593
312,885,577,-605,-124,729,-481,-353,253,675,803,630
338,953,593,-651,-136,766,-511,-373,287,709,836,640
334,963,625,-658,-137,817,-540,-406,297,730,871,692
358,1014,625,-670,-144,828,-542,-377,293,729,880,698
360,990,646,-667,-138,838,-520,-393,281,746,874,680
337,965,633,-667,-147,809,-521,-387,275,732,841,655
316,925,586,-619,-138,725,-516,-368,287,685,823,637
296,860,547,-581,-114,699,-486,-342,249,643,767,594
269,796,507,-529,-126,623,-422,-301,226,595,695,552
241,691,481,-466,-111,577,-377,-251,203,511,626,461
196,624,398,-409,-84,503,-336,-249,178,433,534,411
187,502,317,-342,-91,411,-285,-193,142,379,446,344
144,396,249,-277,-68,322,-214,-159,115,302,339,266
99,296,186,-198,-31,235,-164,-104,88,212,273,195
52,183,120,-135,-18,157,-98,-68,79,138,191,136
43,89,70,-75,-16,78,-56,-38,30,62,90,72
15,8,7,2,8,-13,0,-18,26,13,11,20
-32,-68,-57,41,32,-67,37,15,-28,-55,-70,-36
-52,-151,-99,110,26,-137,98,73,-51,-125,-139,-103
-65,-213,-159,158,35,-187,120,88,-60,-163,-179,-169
-40,-268,-177,181,58,-220,170,99,-62,-197,-241,-165
-101,-311,-225,204,58,-266,169,133,-96,-241,-271,-228
-133,-328,-206,229,75,-308,196,142,-118,-229,-294,-219
-122,-373,-248,235,47,-297,187,125,-122,-273,-301,-265
-124,-366,-267,256,71,-310,203,144,-123,-249,-341,-263
-128,-392,-238,241,50,-322,203,132,-112,-296,-347,-262
-135,-374,-248,237,61,-292,196,165,-97,-281,-330,-272
-127,-379,-248,228,36,-312,203,140,-114,-253,-343,-255
-140,-352,-233,240,63,-284,187,124,-94,-283,-327,-229
-126,-344,-225,221,49,-295,217,137,-98,-245,-306,-235
-117,-339,-206,219,30,-275,155,147,-87,-255,-279,-241
-126,-297,-196,209,47,-253,191,127,-108,-224,-269,-211
-98,-263,-184,194,67,-245,141,114,-83,-233,-246,-195
-88,-278,-159,185,39,-189,129,124,-101,-189,-236,-163
-71,-238,-152,171,31,-214,116,89,-78,-183,-229,-160
-85,-218,-129,164,20,-177,136,86,-56,-177,-209,-159
-68,-222,-136,143,32,-150,93,83,-35,-143,-181,-147
-64,-186,-120,130,17,-153,75,77,-57,-129,-157,-109
-81,-178,-107,112,19,-118,98,72,-39,-121,-187,-125
-69,-144,-100,134,32,-135,88,50,-40,-108,-138,-106
-60,-156,-98,100,28,-117,85,44,-56,-123,-153,-125
-45,-139,-99,94,28,-121,66,71,-49,-110,-138,-105
-50,-130,-96,87,24,-123,75,48,-45,-109,-113,-114
-54,-129,-106,91,42,-107,60,39,-51,-80,-135,-95
-36,-119,-71,98,42,-122,74,47,-33,-117,-106,-81
-22,-119,-73,85,6,-95,90,27,-17,-84,-101,-92
-36,-108,-95,91,26,-101,64,45,-48,-88,-107,-71
-63,-115,-74,53,12,-96,89,41,-34,-100,-82,-93
-49,-97,-94,81,20,-105,61,67,-63,-101,-85,-64
-15,-106,-47,72,32,-97,59,35,-19,-75,-77,-71
-24,-119,-79,83,3,-99,69,56,-26,-68,-83,-78
-31,-107,-86,66,20,-70,59,50,-34,-69,-99,-86
-60,-86,-72,56,27,-82,56,37,-28,-98,-103,-60
-27,-107,-78,68,33,-79,46,54,-12,-108,-76,-74
-39,-74,-80,82,9,-96,69,50,-34,-97,-72,-98
-29,-86,-70,67,16,-79,65,68,-26,-59,-89,-86
-8,-105,-64,90,18,-85,48,30,-39,-84,-107,-64
-62,-110,-61,47,12,-82,59,48,-17,-41,-95,-82
-56,-113,-47,76,30,-80,48,62,-20,-75,-104,-74
-44,-99,-64,68,28,-75,37,39,-6,-80,-92,-51
-37,-96,-60,57,17,-90,46,38,-12,-45,-99,-62
-22,-105,-70,43,-1,-55,45,47,-13,-80,-103,-77
-29,-103,-71,65,28,-64,45,22,-36,-85,-50,-50
-49,-97,-55,59,20,-83,38,22,-39,-69,-87,-55
-4,-98,-64,55,2,-76,52,31,-25,-73,-85,-38
-35,-94,-62,72,10,-83,49,34,-30,-69,-81,-74
-30,-100,-53,61,9,-71,57,29,-15,-46,-91,-58
-33,-83,-51,59,12,-97,48,31,-47,-65,-74,-81
-2,-91,-45,44,4,-76,40,36,-9,-61,-71,-69
-28,-62,-16,50,11,-46,43,37,-44,-50,-68,-27
-24,-69,-43,64,17,-64,42,26,-21,-59,-77,-46
-39,-61,-59,43,30,-52,19,12,-41,-28,-66,-55
-38,-59,-38,50,-4,-54,35,34,-7,-58,-59,-44
-30,-59,-19,36,8,-36,18,10,-26,-16,-51,-57
0,-62,-51,58,-1,-31,9,44,-19,-40,-49,-48
-10,-53,-39,28,9,-37,39,32,-29,-23,-78,-25
-31,-50,-41,5,14,-34,36,12,-26,-43,-41,-19
-15,-44,-20,24,40,-4,35,39,-14,-57,-51,-33
-1,-54,-24,27,-9,-4,20,33,-21,-22,-35,-28
-18,-43,-29,2,1,-30,8,15,-12,-25,-33,-30
-24,-33,-3,14,0,-42,20,9,-24,-32,-49,-24
-14,-7,8,14,18,-3,5,9,-13,-14,-19,-20
-7,-5,-14,1,12,-11,-1,-11,-8,-14,5,-22
-16,-11,9,15,23,-10,5,9,-4,-4,-22,0
2,-18,-12,25,-12,-8,4,-6,-3,10,8,-4
-20,5,-11,12,-6,1,7,-12,-17,-13,-1,-17
22,6,-4,10,16,4,7,10,17,-10,19,3
-4,-6,2,14,-11,22,-21,-16,3,7,25,21
0,3,12,-19,5,28,-2,-6,11,8,5,12
2,33,9,-11,-8,19,-33,-22,16,18,8,19
1,45,16,-17,-4,17,-15,-9,-19,12,26,19
16,49,34,6,11,20,-3,-15,-18,13,21,24
25,59,18,-54,6,46,-29,-14,16,42,28,47
20,63,22,-47,-5,48,-30,-5,-5,42,55,76
28,41,45,-51,-23,69,-23,-22,16,55,40,48
25,69,43,-47,4,57,-30,-31,28,55,88,52
28,77,67,-69,-25,80,-32,-15,35,43,78,46
26,106,35,-44,2,85,-34,-57,22,72,81,52
32,105,49,-66,1,92,-53,-31,57,65,73,73
50,88,62,-77,-1,93,-39,-33,34,60,94,65
31,110,80,-63,-17,79,-62,-55,22,89,118,77
46,101,65,-87,-30,110,-68,-22,36,93,103,67
44,136,82,-96,-22,113,-67,-66,45,94,116,100
37,160,100,-83,-7,110,-80,-54,31,97,133,115
20,125,92,-92,12,132,-73,-46,56,117,134,136
52,161,105,-105,-10,123,-91,-58,48,110,139,100
52,186,116,-129,-20,126,-100,-41,53,124,150,115
61,146,120,-105,-38,129,-96,-57,39,131,156,126
69,167,126,-114,-9,140,-83,-90,51,117,171,122
87,214,129,-135,-24,182,-112,-84,51,163,171,133
61,207,111,-135,-38,164,-100,-58,73,130,195,119
73,214,140,-148,-34,176,-110,-62,30,158,183,146
65,214,164,-158,-32,186,-124,-103,78,152,187,136
76,233,133,-162,-9,179,-110,-95,77,170,185,143
74,219,139,-148,-26,199,-124,-80,81,192,219,161
83,232,150,-162,-27,200,-133,-102,69,183,199,171
96,242,168,-151,-35,231,-137,-80,62,179,219,190
111,238,160,-184,-41,219,-129,-101,80,187,220,181
88,262,176,-187,-42,238,-158,-117,75,199,233,183
72,271,172,-191,-40,226,-144,-104,86,202,230,185
140,298,175,-183,-45,210,-156,-113,84,213,265,205
101,278,182,-193,-41,231,-158,-110,75,228,252,195
63,313,193,-209,-22,214,-131,-134,84,232,275,219
104,304,189,-213,-60,219,-152,-143,76,217,285,218
96,274,212,-207,-32,260,-182,-111,89,230,278,191
109,293,199,-219,-34,260,-143,-123,116,229,280,224
117,323,195,-213,-41,269,-158,-141,77,226,276,225
139,314,226,-220,-72,273,-188,-143,82,234,272,225
106,322,215,-202,-61,250,-170,-111,94,233,286,206
116,317,200,-213,-51,277,-187,-122,87,249,292,220
116,310,220,-222,-60,264,-152,-127,95,238,283,224
123,321,213,-231,-38,253,-182,-124,76,251,311,220
115,329,192,-215,-47,247,-164,-148,88,235,285,235
95,309,218,-236,-51,274,-185,-140,109,253,298,220
134,323,222,-210,-52,271,-184,-129,108,250,319,235
102,333,211,-228,-68,266,-194,-127,100,243,289,233
128,329,185,-198,-68,291,-183,-140,84,250,291,223
137,324,197,-232,-35,267,-184,-102,129,259,300,232
105,350,222,-217,-36,275,-166,-154,82,241,292,228
106,344,197,-226,-30,259,-183,-106,102,265,298,240
110,334,217,-199,-67,267,-184,-141,107,241,299,226
112,313,217,-227,-42,294,-191,-122,104,247,291,229
108,331,212,-237,-45,255,-152,-130,95,253,275,212
111,333,232,-204,-60,279,-175,-128,105,258,272,222
106,330,221,-213,-46,256,-176,-125,97,232,291,223
111,319,213,-248,-53,269,-151,-126,108,241,258,229
115,311,223,-226,-47,246,-164,-113,73,203,276,227
86,286,191,-206,-53,240,-169,-131,93,225,279,202
102,304,187,-196,-59,243,-190,-118,110,225,284,211
105,269,203,-188,-43,263,-165,-107,83,213,275,218
113,264,212,-198,-40,257,-150,-119,78,206,263,217
89,290,177,-194,-37,232,-160,-135,92,199,288,178
89,281,187,-193,-27,231,-161,-103,75,220,252,205
96,278,177,-191,-39,229,-141,-127,67,193,225,193
66,251,196,-190,-40,211,-157,-118,91,203,240,191
69,253,145,-180,-40,224,-161,-109,94,190,229,201
78,263,153,-180,-46,186,-122,-97,61,206,207,159
87,238,156,-184,-21,195,-111,-106,70,193,227,178
78,244,156,-165,-38,177,-115,-99,49,177,202,162
75,240,152,-154,-30,200,-142,-87,70,195,203,140
60,187,146,-156,-28,183,-101,-85,84,169,191,163
78,190,141,-150,-47,190,-127,-88,56,153,190,136
83,204,134,-131,-28,163,-100,-78,59,177,167,134
75,182,125,-120,-32,153,-116,-62,63,141,144,143
66,155,111,-129,-7,152,-82,-93,56,113,195,122
45,156,116,-109,-21,125,-96,-65,37,120,138,113
67,169,115,-119,-22,138,-88,-47,57,116,166,107
55,163,83,-107,-39,136,-84,-61,51,122,141,89
48,151,103,-111,-23,108,-74,-44,51,95,119,106
28,132,71,-101,-31,106,-67,-54,37,96,117,100
36,136,81,-87,-15,109,-73,-60,45,67,115,88
34,110,63,-96,-10,92,-54,-43,36,85,106,82
35,106,62,-84,-21,108,-53,-47,31,85,101,92
1,112,70,-94,-14,85,-63,-45,14,68,80,67
48,117,83,-84,-26,74,-33,-41,21,73,85,70
6,98,36,-58,-14,80,-51,-46,34,66,77,65
23,69,68,-46,2,55,-58,-47,9,76,66,38
19,65,50,-43,-12,66,-50,-45,15,59,55,32
16,70,28,-58,-14,42,-26,-30,-6,74,54,45
30,48,44,-27,-26,54,-31,-16,21,19,39,36
26,47,14,-31,-32,39,-14,-15,1,11,32,43
21,51,41,-15,10,25,-18,-16,8,21,39,15
5,33,39,3,-3,25,3,3,7,10,29,6
9,29,10,-21,-14,23,2,-26,17,15,20,14
-9,40,36,-11,5,7,14,-14,16,11,13,11
-23,-8,-9,-17,16,20,-6,-3,22,-10,16,-3
-9,3,7,26,-3,-4,5,-8,16,-5,1,-6
-15,1,-18,-13,-5,-2,2,6,0,-17,10,-14
8,-26,-13,16,12,-7,3,-11,-9,6,9,-11
14,-23,-10,16,-1,-22,15,13,-38,-8,-15,-27
-21,-22,20,22,9,-16,3,19,-10,-16,-3,-13
-9,-24,1,1,-1,-16,26,9,-12,-22,-30,-20
-3,-47,-20,22,5,-13,7,9,-18,-28,5,-19
-15,-51,-17,27,-4,-19,19,12,-18,-26,-51,-23
-12,-71,-24,16,3,-43,25,14,11,-37,-29,-55
-24,-44,-20,42,10,-43,29,6,-16,-40,-49,-17
-8,-54,-26,27,10,-42,1,36,-33,-38,-64,-8
-25,-50,-52,21,-5,-46,31,21,-14,-48,-30,-34
-47,-56,-21,36,0,-53,13,26,-14,-38,-56,-46
-31,-50,-41,39,18,-45,43,32,-29,-24,-67,-30
-30,-75,-51,42,15,-54,44,24,-43,-59,-64,-34
-29,-68,-51,78,25,-64,39,38,-16,-46,-61,-71
-35,-69,-40,39,13,-85,53,32,-30,-38,-63,-55
-40,-73,-48,66,21,-56,49,53,-33,-69,-83,-59
-24,-64,-38,60,-3,-50,36,40,-19,-62,-79,-51
2,-82,-47,48,17,-69,56,33,-46,-47,-70,-62
-20,-80,-38,43,-1,-51,41,33,-8,-60,-67,-64
-43,-69,-51,42,4,-45,47,50,-23,-72,-81,-47
-37,-60,-45,56,-5,-72,33,23,-6,-60,-58,-51
-47,-76,-67,64,-8,-70,66,27,-23,-85,-75,-34
-33,-92,-72,85,-1,-70,36,14,-27,-80,-107,-55
-45,-82,-51,68,10,-87,47,11,-29,-90,-71,-81
-30,-80,-45,77,24,-57,56,35,-37,-62,-93,-73
-48,-120,-50,61,12,-93,67,35,-35,-61,-93,-73
-32,-112,-88,68,0,-46,59,38,-14,-83,-102,-82
-16,-94,-70,72,24,-71,57,20,-23,-62,-94,-70
-30,-95,-67,83,-5,-75,44,28,-34,-77,-95,-70
-11,-113,-62,73,49,-87,37,20,-27,-98,-82,-72
-50,-97,-36,83,19,-81,60,14,-55,-81,-107,-73
-26,-103,-65,75,11,-104,45,51,-23,-99,-100,-75
-18,-100,-66,46,-18,-68,41,18,-11,-68,-90,-61
-25,-96,-84,90,13,-83,71,38,-41,-100,-96,-82
-58,-101,-52,66,20,-81,43,34,-38,-72,-75,-59
-45,-107,-86,64,17,-104,50,63,-49,-78,-91,-83
-43,-108,-48,81,15,-79,49,34,-18,-87,-74,-81
-30,-81,-53,78,4,-76,56,28,-19,-61,-82,-70
-45,-114,-71,53,15,-67,40,58,-27,-97,-83,-94
-46,-85,-73,71,29,-88,39,46,-11,-78,-84,-73
-52,-107,-76,86,5,-80,55,43,-19,-73,-93,-67
-53,-89,-55,50,18,-70,60,19,-34,-62,-89,-66
-33,-114,-58,83,11,-80,35,65,-1,-73,-75,-73
-59,-106,-56,91,23,-96,72,61,-28,-91,-99,-66
-29,-98,-68,71,20,-89,48,28,-45,-47,-114,-81
-35,-87,-79,78,-7,-83,64,17,-33,-66,-132,-74
-44,-103,-63,70,13,-97,62,52,-36,-71,-105,-63
-47,-118,-50,87,18,-82,47,37,-32,-91,-66,-64
-33,-118,-60,55,29,-63,67,25,-19,-86,-83,-86
-43,-101,-61,78,25,-78,45,45,-66,-87,-74,-81
-49,-93,-62,75,24,-103,38,32,-26,-73,-74,-60
-44,-106,-64,73,13,-79,53,29,-29,-84,-93,-73
-29,-92,-63,50,23,-122,41,62,-2,-85,-89,-87
-34,-106,-72,54,-2,-93,64,65,-29,-70,-109,-72
-38,-116,-72,82,11,-86,73,43,-26,-75,-80,-74
-17,-89,-64,67,4,-81,70,42,-27,-69,-94,-72
-49,-123,-67,62,12,-85,48,39,-10,-72,-118,-89
-40,-88,-73,62,39,-82,48,25,-26,-90,-87,-46
-45,-97,-67,70,20,-82,48,34,-25,-80,-106,-67
-45,-111,-74,90,9,-90,40,18,-29,-73,-82,-73
-28,-104,-76,56,-4,-84,39,35,-12,-76,-86,-67
-22,-105,-51,60,5,-68,56,34,-39,-67,-74,-47
-44,-73,-59,78,14,-83,52,43,-19,-76,-87,-84
-36,-102,-39,62,11,-55,53,44,-20,-65,-91,-79
-31,-104,-54,74,5,-83,62,48,-37,-67,-91,-57
-54,-126,-85,65,30,-86,59,18,-30,-76,-91,-83
-35,-108,-58,68,16,-70,52,50,-14,-55,-99,-74
-24,-107,-51,73,-1,-67,41,47,-23,-76,-94,-58
-40,-94,-64,47,17,-58,59,30,-38,-65,-86,-66
-22,-111,-67,78,16,-90,50,39,-21,-103,-106,-69
-22,-93,-62,79,16,-66,61,54,-29,-79,-88,-70
-17,-70,-50,60,26,-68,44,46,-27,-76,-89,-75
-35,-84,-63,55,9,-85,48,42,-37,-62,-105,-57
-53,-98,-79,73,5,-73,45,38,-11,-73,-80,-57
-40,-73,-91,65,-3,-94,33,44,-46,-59,-71,-70
-68,-103,-59,84,16,-77,41,28,-38,-73,-76,-51
-20,-91,-53,67,29,-68,36,47,-35,-68,-71,-59
-43,-97,-55,83,20,-71,53,26,-46,-57,-91,-53
-11,-75,-70,71,17,-75,48,50,-30,-82,-89,-52
-15,-109,-64,69,11,-64,72,31,-23,-66,-102,-42
-26,-78,-68,49,20,-75,53,37,-23,-69,-61,-73
-35,-101,-66,60,-4,-94,41,30,-27,-84,-86,-62
-30,-94,-76,77,27,-75,63,58,-26,-64,-41,-63
-24,-94,-48,44,28,-41,50,14,-42,-58,-90,-71
-44,-106,-59,62,39,-67,43,16,-50,-75,-92,-64
-26,-101,-53,68,22,-75,55,33,-17,-46,-75,-38
-20,-92,-54,68,7,-59,37,45,-7,-48,-78,-75
-19,-90,-60,58,-5,-54,38,48,-54,-50,-70,-54
-23,-92,-68,80,20,-62,58,25,-28,-52,-69,-89
-24,-87,-69,67,17,-79,50,34,-26,-68,-79,-78
-15,-92,-56,46,21,-64,37,32,-30,-56,-82,-55
-16,-102,-51,53,20,-78,43,54,-31,-62,-80,-59
-33,-77,-62,70,7,-86,49,37,-38,-74,-79,-30
-44,-62,-72,65,13,-62,49,43,-29,-55,-86,-69
-31,-93,-43,45,10,-112,57,19,-24,-57,-85,-67
-28,-65,-52,64,-12,-72,55,39,-29,-80,-91,-50
-37,-77,-67,60,14,-48,38,26,-41,-81,-84,-77
-32,-92,-33,64,26,-63,40,26,-26,-58,-66,-49
-42,-71,-47,38,8,-47,27,40,-40,-77,-76,-47
-42,-69,-45,55,22,-55,68,24,-37,-52,-61,-59
-18,-79,-51,59,10,-81,38,32,-24,-73,-67,-48
-36,-63,-56,51,25,-78,27,17,-22,-55,-94,-57
-39,-81,-70,39,-4,-65,68,39,-26,-77,-72,-52
-14,-71,-60,45,14,-57,29,36,-18,-60,-71,-39
-33,-61,-68,58,15,-64,45,49,-7,-67,-64,-39
-34,-65,-73,53,3,-77,39,14,2,-64,-79,-49
-43,-64,-33,54,20,-62,40,34,-20,-64,-84,-54
-27,-93,-58,59,-16,-53,49,14,-6,-52,-77,-53
-23,-73,-72,75,36,-67,53,28,-30,-62,-55,-46
-11,-71,-50,51,17,-65,57,40,-24,-37,-79,-59
-34,-63,-54,50,6,-67,32,26,-7,-77,-83,-78
-34,-86,-36,40,20,-72,47,20,-8,-68,-46,-85
-55,-62,-45,28,11,-54,41,23,-36,-80,-79,-56
-20,-81,-41,45,21,-75,12,30,-4,-47,-56,-47
-16,-89,-42,45,22,-55,27,34,-1,-84,-52,-54
-36,-78,-41,33,-7,-66,33,37,-24,-53,-82,-30
-22,-54,-41,63,3,-62,41,31,-14,-74,-62,-57
-15,-62,-48,55,6,-51,54,11,-13,-51,-80,-34
-31,-66,-45,55,15,-62,52,44,-22,-52,-70,-52
-21,-72,-51,40,19,-47,35,19,4,-39,-56,-45
-7,-75,-41,44,21,-49,45,28,11,-27,-82,-57
-33,-69,-34,51,6,-48,21,8,-13,-42,-72,-45
-2,-67,-46,48,13,-67,37,25,-11,-38,-72,-40
-28,-63,-38,28,2,-40,49,18,-37,-56,-64,-40
-37,-67,-54,42,21,-38,27,1,-29,-58,-72,-71
-49,-78,-64,32,19,-51,30,42,-36,-40,-29,-53
-11,-70,-31,51,26,-61,26,24,-12,-54,-63,-49
-16,-90,-44,29,11,-50,12,16,-22,-53,-42,-55
-47,-47,-52,42,27,-43,37,44,-7,-44,-56,-49
-21,-56,-38,38,22,-51,41,30,-24,-47,-61,-54
-23,-58,-59,75,-2,-74,38,38,-37,-39,-60,-28
-2,-61,-36,42,20,-53,14,25,-12,-50,-70,-34
-34,-75,-17,61,21,-66,35,12,-31,-38,-59,-24
-24,-62,-34,42,1,-64,59,26,-44,-42,-42,-33
-18,-55,-33,54,-3,-54,24,20,-14,-53,-49,-31
-23,-65,-33,27,0,-59,26,41,-21,-55,-29,-45
-5,-61,-47,50,14,-49,34,10,-15,-74,-49,-38
-17,-53,-36,45,-8,-33,43,28,-31,-61,-40,-57
-5,-47,-51,37,4,-38,0,26,-30,-35,-62,-33
-28,-57,-44,30,-1,-25,24,31,-3,-33,-56,-43
-11,-58,-23,39,-7,-51,30,23,-15,-42,-55,-48
-16,-59,-37,24,5,-45,10,41,-17,-43,-50,-45
-12,-58,-43,29,-12,-42,45,9,-22,-31,-49,-41
-33,-53,-34,68,2,-26,49,9,-12,-39,-41,-41
-33,-49,-23,39,6,-45,23,23,-3,-32,-58,-20
-38,-62,-32,28,9,-36,53,30,-10,-45,-41,-51
-32,-37,-17,26,-1,-24,32,12,-5,-37,-43,-32
-39,-41,-22,20,6,-40,17,16,-11,-40,-57,-53
-26,-60,-10,20,9,-37,24,9,-21,-62,-41,-41
-7,-60,-4,34,-1,-20,24,34,-17,-22,-34,-13
-5,-37,-34,29,5,-34,38,23,-6,-27,-35,-19
-1,-32,-37,25,5,-39,30,10,-14,-14,-31,-42
-15,-51,-8,14,24,-19,16,-3,-14,-38,-47,-12
-29,-21,-31,26,29,-17,10,20,-16,-16,-13,-27
-17,-27,-10,49,-5,-33,35,17,-2,-11,-20,-22
0,-35,-9,29,8,-15,14,0,7,-7,-14,-11
-2,-35,-29,11,14,-40,24,0,-6,-23,-19,-6
-8,-24,6,14,16,-13,-3,12,-10,14,-24,-23
-27,-25,-33,16,17,-2,14,6,-24,-25,-34,-20
23,-23,-9,17,24,-3,12,-3,-16,-8,-29,-13
-12,-17,-20,5,-14,-4,8,9,-6,-8,-26,1
-3,-9,6,-3,3,-4,12,18,12,-7,-10,8
-6,9,10,-2,-24,35,-3,-2,14,11,24,-1
5,13,9,7,-14,0,-17,-14,-6,20,-13,10
-8,23,32,0,6,10,-25,-1,-11,17,9,19
13,14,23,-30,6,17,-3,-4,27,18,18,3
15,26,26,-16,-15,22,-10,-23,-18,30,6,8
24,46,32,-30,-9,31,-43,-10,25,3,20,3
8,43,11,-33,-27,42,-42,-5,0,40,51,26
12,25,31,-41,-20,66,-29,-15,19,37,38,54
18,55,48,-34,-17,70,-23,-3,14,20,70,58
30,56,53,-36,4,52,-52,-11,25,28,71,37
12,77,23,-71,-15,65,-58,-31,18,49,56,50
34,63,53,-45,0,62,-37,-30,27,59,96,65
33,93,56,-68,-12,49,-44,-24,38,60,66,49
31,69,54,-73,-21,60,-66,-35,29,75,112,103
21,106,67,-92,-23,91,-46,-48,27,78,92,84
47,128,82,-74,-14,82,-41,-34,13,63,127,79
43,138,67,-60,-2,83,-77,-43,23,89,111,95
40,135,83,-108,-6,105,-82,-63,29,107,117,113
64,131,95,-89,-32,108,-69,-62,49,100,139,108
74,149,89,-85,-27,116,-89,-68,28,127,136,73
45,156,99,-126,-23,143,-84,-68,26,137,139,106
41,160,112,-96,-17,131,-106,-74,49,122,136,123
83,187,115,-127,-38,133,-96,-89,41,139,159,103
62,180,128,-152,-21,146,-101,-64,41,136,151,113
54,189,126,-134,-6,159,-122,-81,56,138,174,118
50,215,145,-139,-37,189,-105,-71,69,127,176,135
65,194,127,-134,-21,152,-123,-86,51,170,179,144
81,235,117,-136,-33,191,-109,-86,70,143,191,104
73,212,144,-131,-15,167,-133,-87,67,167,206,130
83,206,123,-157,-24,199,-118,-95,67,166,193,158
98,218,133,-155,-57,157,-126,-85,77,153,167,167
84,211,115,-153,-41,204,-110,-84,62,187,195,150
68,223,148,-192,-41,173,-109,-69,54,178,197,153
62,222,133,-157,-46,194,-125,-65,83,174,200,153
86,242,161,-182,-47,186,-125,-88,69,164,219,163
71,242,144,-158,-38,212,-118,-107,66,179,215,136
79,207,153,-146,-26,158,-131,-105,46,182,217,146
70,225,144,-178,-41,173,-141,-70,69,166,218,164
103,206,157,-155,-35,172,-130,-89,59,161,200,159
60,217,150,-178,-39,199,-112,-99,80,167,186,153
83,244,144,-142,-43,173,-106,-101,53,159,185,160
55,236,159,-136,-38,151,-120,-108,69,163,173,155
80,210,127,-139,-13,160,-129,-78,74,155,179,147
42,196,138,-139,-25,135,-118,-70,56,150,176,149
101,199,127,-123,-36,169,-99,-94,54,137,178,148
54,200,107,-123,-40,155,-106,-78,64,133,170,134
55,175,129,-133,-2,168,-83,-88,64,159,196,124
57,173,109,-106,-35,138,-103,-82,59,147,160,126
55,176,107,-89,-34,138,-110,-67,46,139,165,101
45,136,108,-106,-27,149,-107,-84,63,135,136,105
30,161,101,-123,-19,138,-90,-55,26,107,125,101
77,158,81,-112,5,142,-79,-54,56,104,122,111
26,140,96,-100,-31,95,-78,-67,49,96,117,95
42,129,88,-80,-5,107,-49,-29,48,106,98,85
39,119,83,-87,-11,95,-80,-76,23,81,111,80
38,112,70,-76,-14,90,-45,-33,35,93,87,92
56,124,72,-59,13,77,-60,-32,46,62,90,102
35,87,65,-53,-32,65,-35,-77,17,64,89,74
32,81,60,-45,-21,68,-45,-17,43,60,78,44
25,76,42,-32,-1,65,-48,-21,18,57,65,65
31,98,40,-46,-28,46,-42,-30,27,50,77,59
20,64,52,-53,-19,37,-54,3,31,29,65,35
30,46,33,-27,-17,49,-9,-29,0,40,57,23
11,42,27,-29,11,37,-17,-30,2,21,33,27
11,28,35,-6,-22,43,-15,-12,2,37,22,27
12,16,23,3,-3,21,-28,-19,-6,15,46,26
11,40,15,-33,6,31,-24,-9,4,25,9,26
15,5,9,-5,6,17,-11,-30,19,32,25,15
16,28,7,-22,7,6,-7,1,12,12,5,4
3,14,17,-3,-20,6,-3,-2,-20,-21,7,-5
7,0,-1,-8,-29,-14,0,5,-19,10,19,-2
-12,-6,-3,12,24,24,-12,8,-8,-6,-1,8
-5,8,9,-15,-17,-6,-13,20,5,-18,-10,-16
6,-14,-10,2,7,-4,9,-10,-19,-15,-3,-10
-13,-8,6,14,8,-20,-5,-4,15,-17,-35,-14
1,-33,-20,21,6,-8,17,-8,-14,-3,-13,-8
-10,-27,-16,10,7,-13,20,-5,12,-25,-27,-25
-1,-16,-16,0,9,-6,-4,11,-14,13,-12,-12
4,-12,-30,12,23,-40,-4,-7,10,-4,-35,-17
-4,-28,-6,5,3,-11,-1,-4,-2,-7,-23,-36
-17,-26,-11,18,14,-10,-14,7,-18,-10,-24,-35
14,-24,-27,-1,-1,-13,18,24,-13,-8,-35,-22
-43,-27,-49,21,0,-37,-5,3,-13,-33,-21,-4
-17,-34,-1,8,14,-18,21,10,-4,-3,-20,-5
-20,-36,5,-2,0,-38,21,14,-10,-18,-14,-40
-17,-50,-22,17,-8,-54,37,22,-28,-15,-39,-21
-4,-30,-18,12,8,-13,-2,20,-16,-26,-40,-33
-33,-52,-25,0,13,-38,0,9,-27,-19,-53,-27
-4,-40,-19,36,7,-40,11,-1,-40,-31,-26,-35
-13,-60,-27,53,42,-44,18,29,-31,-19,-24,-50
-23,-34,-37,39,-16,-44,22,25,-22,-38,-52,-43
-20,-54,-35,28,27,-55,52,28,-38,-63,-60,-33
-35,-63,-53,42,5,-42,34,23,-19,-40,-46,-28
-24,-67,-16,35,27,-29,28,29,-18,-40,-85,-46
-48,-61,-39,53,7,-63,50,41,-10,-67,-65,-46
-22,-96,-61,43,-1,-80,46,40,-26,-58,-68,-53
-41,-110,-63,90,13,-69,66,67,-36,-69,-73,-73
-43,-90,-73,95,4,-96,66,47,-29,-60,-119,-70
-30,-129,-76,77,28,-91,60,39,-28,-74,-107,-76
-40,-133,-74,88,34,-90,85,50,-33,-104,-104,-87
-60,-148,-107,110,42,-127,69,70,-20,-91,-144,-90
-50,-139,-124,90,37,-120,75,54,-37,-117,-141,-95
-54,-146,-106,101,18,-132,85,61,-49,-110,-141,-109
-77,-188,-100,108,2,-154,95,59,-48,-126,-152,-115
-59,-187,-118,104,15,-137,120,82,-61,-136,-177,-150
-65,-173,-138,124,28,-164,110,82,-58,-163,-175,-141
-82,-180,-134,130,35,-176,110,99,-65,-161,-175,-161
-62,-208,-121,124,33,-156,112,37,-54,-151,-179,-143
-74,-180,-134,143,43,-144,92,74,-60,-153,-165,-121
-67,-196,-113,127,33,-146,103,91,-43,-150,-170,-138
-62,-157,-104,116,23,-135,103,59,-53,-121,-155,-123
-44,-132,-83,94,11,-117,85,67,-34,-112,-128,-84
-32,-102,-58,70,25,-97,51,47,-30,-60,-86,-78
-31,-59,-38,35,10,-69,22,23,-7,-50,-47,-56
0,-6,-14,-12,8,6,7,-22,-15,4,21,15
24,59,51,-44,-12,65,-34,-10,11,51,82,47
48,128,85,-106,-7,116,-78,-55,20,114,131,89
78,202,144,-155,-33,179,-113,-95,71,174,196,153
97,280,206,-208,-53,240,-148,-101,79,221,265,202
118,381,257,-266,-47,305,-193,-157,101,262,357,265
182,471,318,-304,-69,398,-266,-204,140,369,441,335
205,582,382,-382,-86,467,-330,-236,162,427,516,411
232,666,439,-457,-100,566,-387,-260,214,523,624,480
262,788,515,-524,-143,649,-419,-293,219,591,693,568
309,843,560,-575,-129,686,-469,-373,282,646,756,602
335,934,592,-643,-134,783,-505,-375,284,709,824,637
340,1011,636,-669,-149,843,-560,-393,291,767,891,696
366,1063,686,-709,-138,848,-579,-420,313,777,914,715
373,1069,706,-730,-160,888,-590,-403,330,807,954,748
367,1061,690,-718,-173,898,-587,-420,317,796,952,767
371,1068,688,-722,-159,877,-576,-407,310,804,965,739
391,1048,672,-698,-166,857,-566,-408,328,789,920,714
351,983,630,-671,-138,833,-532,-390,308,742,884,686
308,911,605,-608,-137,767,-491,-386,279,690,816,642
313,837,543,-588,-142,699,-460,-324,268,619,745,588
268,744,468,-514,-108,618,-404,-283,242,572,674,531
238,650,408,-431,-86,531,-353,-248,193,478,598,453
183,540,369,-381,-77,459,-306,-210,152,388,487,398
170,447,274,-307,-87,362,-227,-185,124,320,411,315
139,336,212,-218,-55,268,-200,-114,93,252,285,252
76,229,174,-138,-45,209,-130,-90,82,172,218,173
53,145,92,-83,-7,127,-87,-73,39,96,109,108
26,52,15,-34,18,44,-24,-31,-1,49,30,46
-22,-52,-28,3,-12,-27,-3,-5,-29,-24,-35,-20
-37,-94,-42,84,13,-79,64,25,-17,-70,-88,-60
-65,-139,-110,92,28,-138,81,60,-11,-114,-143,-120
-61,-204,-129,133,27,-163,104,86,-63,-132,-182,-137
-87,-233,-164,148,35,-193,121,90,-94,-197,-199,-169
-82,-246,-189,181,33,-210,155,117,-80,-208,-241,-187
-110,-298,-158,205,35,-214,159,113,-80,-229,-262,-224
-103,-288,-194,214,37,-251,172,135,-95,-218,-247,-194
-85,-291,-208,192,64,-217,171,130,-107,-232,-276,-186
-104,-291,-191,186,37,-249,157,117,-96,-225,-252,-203
-82,-300,-193,197,57,-228,151,111,-98,-206,-230,-196
-86,-250,-174,178,28,-217,139,105,-85,-183,-233,-182
-97,-234,-165,158,33,-212,145,89,-70,-165,-207,-158
-78,-223,-156,154,28,-185,126,89,-74,-168,-202,-144
-81,-230,-158,135,20,-163,113,86,-64,-135,-178,-138
-71,-189,-120,139,30,-150,105,64,-52,-109,-182,-137
-73,-161,-93,105,10,-157,94,79,-62,-148,-151,-125
-75,-141,-108,102,6,-126,80,41,-31,-115,-123,-135
-35,-151,-89,81,47,-100,60,52,-39,-88,-104,-96
-30,-119,-87,81,6,-93,64,71,-54,-81,-95,-63
-40,-90,-53,82,-12,-75,53,41,-28,-70,-86,-66
-26,-57,-70,71,3,-69,51,25,-22,-43,-56,-54
-12,-46,-49,21,17,-56,40,35,-27,-42,-63,-25
-24,-59,-63,73,-10,-56,32,15,-21,-36,-59,-56
-22,-49,-40,37,12,-40,20,11,-8,-36,-40,-32
-31,-46,-21,31,2,-58,28,23,-39,-33,-42,-27
-10,-33,-19,35,31,-41,22,14,-18,-49,-30,-23
-33,-41,-22,22,1,-8,25,34,-7,-22,-27,-14
-35,-52,-18,20,10,-17,32,17,0,-29,-3,-38
-10,-34,-16,24,9,-14,18,15,-44,-20,-24,-14
1,-40,12,23,-10,0,13,8,-4,-43,-21,-6
2,-22,-9,15,13,-25,18,-14,-1,-30,11,-11
4,-26,-16,36,16,-7,13,10,9,-10,-31,-9
-4,-26,-6,11,9,-22,-4,7,-8,-7,-22,-23
-5,-7,-9,3,-17,-29,19,-12,-8,-17,-20,-18
-12,-21,0,29,30,-7,10,-4,-9,-26,-35,-8
-7,-29,0,18,7,-12,14,-11,-19,-14,-7,-20
-6,-17,-20,27,-2,-27,5,16,-3,-12,-18,-23
-3,-6,-18,-3,-8,-13,17,5,-21,-9,-23,-27
11,-5,-1,13,-9,-12,19,12,-3,9,-22,-20
16,-26,-17,-8,38,-14,15,6,8,-8,-13,-8
-3,3,10,3,10,6,30,9,5,-9,-10,-8
8,-18,-26,-13,14,-5,24,18,8,-17,4,-17
-13,-11,7,11,6,-12,15,-9,-11,7,-10,-16
-34,3,-4,16,8,-19,-9,8,16,9,-21,-3
14,3,1,7,-11,-13,-12,19,-2,-4,3,-10
-16,-11,-6,-10,6,-10,12,1,-2,2,-12,-3
-6,9,0,-14,-6,-22,13,-9,-3,0,31,1
4,-1,17,3,1,3,4,-24,19,6,8,9
-21,-16,15,-36,0,-3,-5,-10,-14,1,-2,0
23,14,5,-31,18,14,-12,-16,3,20,16,10
5,3,5,-15,4,20,-19,-13,-26,26,9,21
10,22,-4,-14,-4,22,-9,11,28,27,-14,10
13,17,1,-27,16,12,-10,-2,-3,14,16,17
19,6,-1,-24,16,11,-13,-19,-3,17,5,8
2,29,10,-23,5,17,-19,-8,-6,30,13,10
17,39,47,-56,5,28,-19,-21,0,31,43,31
11,57,17,-29,-9,43,-17,-6,20,34,25,36
16,30,34,-23,12,31,-37,-19,13,31,31,19
17,37,21,-28,2,41,-25,-20,18,9,50,40
11,56,30,-35,-18,49,-22,-20,29,25,54,6
47,59,32,-33,-28,48,-41,-18,26,53,51,29
15,61,34,-66,-11,54,-36,-23,2,51,53,35
25,92,51,-59,-11,39,-33,-36,38,31,56,54
13,73,29,-55,-11,66,-71,-34,26,29,71,40
18,73,48,-45,-8,80,-49,-23,40,67,88,50
25,98,60,-66,1,87,-44,-25,19,65,73,58
58,82,65,-74,5,68,-47,-27,23,71,68,56
5,71,66,-78,-20,64,-59,-46,43,96,63,67
41,108,66,-59,-35,73,-76,-35,24,55,100,70
63,127,69,-61,-9,84,-57,-56,31,98,105,84
48,125,71,-86,-43,95,-53,-35,37,84,105,88
27,115,75,-81,0,102,-41,-36,33,94,87,78
55,132,86,-87,-25,102,-66,-69,34,89,129,77
51,128,99,-101,-21,121,-87,-46,0,94,96,88
52,166,108,-101,-15,113,-75,-43,39,93,132,89
37,145,95,-79,-6,127,-78,-72,35,106,137,106
74,163,101,-131,-6,150,-81,-65,60,113,144,100
53,152,100,-123,-46,136,-89,-64,37,132,117,117
77,169,94,-101,-46,158,-109,-50,65,132,152,138
51,184,138,-114,-27,147,-121,-65,49,117,168,133
59,187,110,-141,-25,141,-104,-76,54,147,172,136
62,217,128,-134,-19,147,-98,-74,52,139,185,162
60,218,130,-144,-53,195,-125,-100,55,155,188,153
69,197,147,-165,-37,165,-113,-87,74,167,192,154
64,220,152,-136,-13,175,-111,-93,63,166,210,172
91,225,159,-150,-26,187,-150,-95,69,157,231,150
73,252,156,-159,-14,205,-136,-108,59,194,233,179
84,247,168,-168,-44,223,-155,-101,70,191,227,176
106,239,168,-160,-47,234,-134,-116,73,189,256,183
96,271,203,-188,-41,241,-163,-106,85,186,242,201
90,283,189,-176,-25,213,-167,-121,92,182,248,183
117,274,169,-192,-40,234,-155,-125,101,247,255,197
123,295,188,-200,-23,250,-145,-140,77,234,257,203
85,299,196,-214,-34,260,-188,-145,106,229,267,218
104,318,206,-199,-77,270,-160,-119,94,233,269,200
112,311,211,-214,-39,256,-180,-120,85,231,304,221
109,336,204,-231,-55,284,-201,-148,97,239,297,235
112,317,216,-211,-39,267,-188,-132,92,259,298,250
118,337,224,-238,-62,270,-188,-117,109,268,328,240
108,346,238,-206,-40,310,-196,-141,85,258,292,242
150,331,228,-240,-35,292,-188,-148,106,272,323,249
140,334,251,-224,-64,298,-211,-159,109,259,305,248
141,382,239,-246,-72,308,-218,-136,102,272,328,253
146,388,235,-261,-62,319,-222,-172,121,291,327,267
132,377,245,-264,-46,318,-207,-163,110,297,340,264
126,371,245,-258,-68,334,-194,-142,117,294,344,291
125,411,245,-268,-26,331,-227,-174,112,266,338,264
133,403,273,-272,-47,336,-198,-183,104,310,362,296
130,386,243,-265,-39,303,-228,-170,139,297,366,270
137,407,259,-282,-64,339,-227,-170,115,323,356,275
147,416,248,-277,-65,351,-217,-170,138,306,375,259
144,399,286,-274,-62,325,-230,-177,138,301,359,274
133,419,285,-280,-55,333,-238,-164,137,316,372,282
151,435,269,-299,-57,363,-245,-141,139,311,368,290
138,419,283,-268,-68,352,-263,-166,137,339,378,294
150,428,263,-298,-56,344,-223,-170,126,315,392,301
164,422,287,-281,-71,330,-253,-184,136,305,396,292
154,434,281,-280,-44,357,-234,-175,132,328,396,286
153,409,248,-299,-64,340,-238,-156,106,335,376,306
162,433,258,-292,-64,362,-224,-130,129,325,375,291
144,416,264,-291,-61,348,-233,-163,130,313,386,286
144,427,251,-294,-50,358,-235,-170,139,315,382,285
136,431,298,-285,-64,347,-233,-158,140,305,370,283
155,411,280,-294,-56,336,-217,-181,143,318,358,308
135,431,261,-282,-54,339,-231,-180,139,344,370,293
133,400,258,-279,-49,332,-231,-175,122,308,401,294
164,396,265,-292,-58,358,-241,-140,129,288,382,277
140,397,269,-306,-73,350,-234,-176,116,307,349,264
150,404,255,-290,-56,339,-202,-147,116,280,358,290
140,395,279,-282,-46,339,-210,-153,140,304,349,269
122,389,248,-247,-44,299,-211,-153,102,292,339,272
136,378,237,-256,-79,300,-211,-153,113,273,349,269
141,365,267,-241,-78,306,-223,-172,130,278,320,272
131,376,241,-233,-58,327,-198,-140,99,293,341,254
115,369,231,-246,-58,299,-191,-161,117,271,337,260
113,345,253,-231,-66,303,-182,-146,90,263,317,263
117,357,220,-249,-61,286,-190,-145,105,263,306,250
123,335,195,-238,-55,291,-195,-129,103,253,321,236
129,330,230,-226,-36,272,-185,-141,100,272,278,228
106,324,219,-242,-41,262,-168,-128,95,257,275,223
112,316,211,-215,-54,267,-197,-111,110,212,285,207
121,304,190,-202,-61,271,-168,-137,80,254,270,223
109,308,187,-200,-57,260,-159,-122,92,228,276,196
115,289,210,-215,-26,240,-172,-114,98,183,263,229
107,280,184,-193,-34,233,-156,-105,81,212,275,194
93,289,155,-180,-45,220,-155,-108,86,205,251,205
95,264,170,-178,-25,200,-153,-112,74,214,246,193
93,237,151,-168,-30,217,-148,-108,84,194,235,172
97,263,159,-171,-33,207,-172,-88,47,207,230,187
78,235,151,-174,-40,214,-130,-99,62,197,213,168
92,228,165,-152,-44,197,-108,-92,69,172,204,161
64,222,136,-171,-19,191,-137,-71,68,168,187,171
65,230,135,-180,-41,172,-106,-83,56,153,208,163
83,189,129,-143,-13,168,-107,-80,56,156,194,150
72,200,121,-130,-46,169,-109,-74,66,138,169,119
63,202,132,-135,-26,162,-101,-71,51,154,194,131
81,187,132,-134,-26,140,-105,-79,70,132,195,146
67,142,86,-111,-27,163,-80,-77,60,123,159,138
37,186,103,-116,-47,149,-99,-76,58,141,156,125
54,155,114,-118,1,129,-86,-42,65,111,157,126
40,165,102,-101,-20,138,-96,-43,52,101,156,88
44,141,101,-107,-38,119,-74,-44,48,102,150,113
63,135,72,-90,-31,123,-80,-55,48,93,121,99
62,120,100,-98,1,120,-75,-45,34,127,122,101
51,131,89,-95,13,106,-51,-36,57,106,121,90
36,118,64,-90,9,100,-62,-55,34,90,95,75
51,95,73,-78,4,120,-75,-28,35,78,102,81
44,105,77,-82,8,77,-64,-28,22,74,89,76
31,95,65,-67,-34,73,-43,-45,49,72,95,78
22,85,50,-64,-16,83,-37,-51,47,48,96,75
22,99,60,-36,-13,57,-53,-48,29,106,82,69
34,88,56,-33,-9,68,-39,-41,10,54,66,51
34,100,80,-24,-24,52,-32,-33,19,63,50,62
16,59,48,-47,-4,49,-19,-35,25,69,66,69
7,65,28,-56,-9,39,-37,-16,32,67,63,55
17,68,33,-49,-11,53,-33,-14,33,59,54,49
25,60,32,-30,-19,40,-35,-43,7,52,36,40
9,48,18,-37,0,21,-7,-11,7,42,48,13
11,36,47,-33,-19,40,-40,-35,-7,2,63,60
-10,40,34,-43,4,41,-24,-2,13,41,38,44
5,50,30,-47,-9,39,-21,-25,18,30,34,43
3,33,20,-6,9,27,-31,-14,29,30,30,21
4,20,6,-35,-13,15,1,-5,15,29,18,37
23,31,5,-26,-4,18,-19,-6,12,19,9,15
17,23,31,-5,3,9,-8,0,-5,16,30,13
28,43,27,-2,-19,30,-11,-2,-31,12,26,16
10,42,0,-16,-9,11,2,-14,-9,12,18,5
-4,20,21,5,1,14,-12,-26,-33,24,23,-3
18,10,-6,-6,3,14,-10,5,-6,10,47,26
11,8,-4,-19,-1,13,-15,-3,2,7,11,12
2,15,4,8,13,-5,2,5,24,-8,9,0
-13,-3,13,-8,28,-12,12,-9,1,1,21,25
-2,-8,-3,-11,3,14,-1,-10,-16,10,19,-1
7,4,-4,1,-9,8,16,2,25,-7,-15,6
-15,0,-3,-27,-14,-14,8,-5,-1,-9,-1,-1
27,11,-10,9,33,-8,6,-18,6,4,18,-5
-1,19,-8,-16,8,-27,-24,12,-24,-8,16,31
2,-18,9,3,10,19,-12,-16,11,16,4,-1
-17,-19,26,-24,7,-12,4,9,0,12,-2,-3
-18,1,2,-18,-4,-8,-17,-12,-10,-2,15,16
9,-16,-8,7,13,-3,12,0,-18,-12,2,-18
-7,9,0,-15,11,-4,22,18,-16,-16,-15,-3
-13,-30,-1,11,-1,8,-3,15,-5,-3,5,-19
-12,3,13,-1,17,-8,6,-7,11,13,-20,8
7,0,-9,10,-29,-3,2,10,-15,-7,-21,1
6,-3,-15,16,-22,23,8,6,10,0,-13,-8
-6,-20,-17,4,3,-14,-8,7,-4,3,-22,-1
13,-33,5,-9,6,-14,-1,10,-7,-9,-4,-7
-14,-3,9,9,-16,3,26,2,-21,-16,2,-32
-14,-13,2,0,-17,-1,14,19,-1,-15,-20,-16
2,-23,-11,-2,26,-14,9,12,9,8,-5,-16
5,2,-8,1,-11,-3,1,-3,-14,-21,-15,-9
-2,-10,-34,18,1,-12,12,-3,1,-1,-17,5
0,-4,3,17,-12,-13,-6,7,-17,-11,-2,-23
-11,-5,-11,-4,-20,28,-6,12,-1,-5,13,4
-19,-21,9,5,3,-3,2,-33,5,-39,-22,25
12,7,-13,16,-10,9,8,0,16,16,-20,7
-14,17,-13,10,-5,4,16,-2,6,15,-16,2
7,-26,-16,-5,13,3,2,-12,-15,19,-9,-10
7,17,9,-16,-6,-22,6,23,-3,16,-14,-12
11,-9,-12,6,18,-11,14,14,5,-5,11,10
-3,-8,7,-1,16,-32,-5,0,-10,-39,-15,-19
6,7,3,6,18,8,-17,8,-12,3,-12,4
-6,-23,0,-6,-5,-6,12,6,-22,-1,-13,-20
-13,-6,-6,0,-4,-17,15,19,6,-1,-17,-15
-12,1,-1,4,-2,0,17,-16,-1,-22,-15,14
-16,2,0,-20,5,-5,-8,8,6,1,3,-13
-6,-13,-19,-7,13,2,21,-5,16,-24,-14,-5
-2,8,-15,10,-19,-12,10,-6,-16,-6,2,16
-7,-12,2,-1,-1,-4,-10,19,14,-7,-12,-3
-24,-5,-10,2,-3,-17,-9,-29,-6,-7,-8,-16
5,-7,-19,13,-9,-13,11,6,-13,-8,13,6
-20,-7,-28,14,-4,-1,5,-8,-16,8,2,-7
8,-1,8,3,18,-6,-1,-15,21,13,5,23
-5,21,-29,11,-14,-7,-6,5,6,7,-1,-2
3,-24,-3,-5,2,-2,4,15,-18,16,1,8
4,-36,3,-1,-10,4,4,-4,-16,-12,0,20
-9,3,-3,21,-6,9,25,-11,-8,-12,12,-19
-4,4,-7,-5,8,-19,-12,-11,-3,-10,-1,-7
3,-6,7,12,-14,-4,4,8,-7,3,0,-22
-11,4,2,0,-32,2,18,12,-3,-14,-3,-8
15,-9,-1,9,-2,11,13,-20,-4,-1,-2,8
10,-6,-9,-16,1,-15,10,-12,1,13,26,-1
-13,11,-10,1,23,15,-3,-13,-22,3,6,-1
-16,26,5,20,19,-19,-1,8,-3,-2,-8,-18
-5,1,-18,-12,10,1,-4,-11,6,-27,1,-3
-6,7,4,5,23,-8,-9,-7,-24,-6,2,0
17,0,-9,3,1,-1,-3,-32,20,24,15,-4
19,12,2,-8,7,2,-7,23,0,-6,-16,-1
-11,-7,2,-13,14,-6,-5,12,5,1,5,0
-4,9,5,18,-16,19,-14,18,-2,7,-14,13
4,-9,14,-18,9,-4,-7,5,16,31,-2,7
3,28,-7,-7,-1,-5,-3,17,9,-1,15,10
5,9,16,-2,10,-4,-21,26,-11,-9,8,9
-8,20,17,-3,1,25,-26,-8,10,6,23,11
0,18,10,21,-7,3,7,10,16,21,2,0
-10,4,6,-21,-2,28,-3,10,0,-1,29,4
-5,3,16,-8,-11,7,5,-12,23,7,11,11
1,-20,-4,-21,3,12,-11,12,0,18,11,-1
17,10,-7,4,-13,5,-8,-10,4,-7,25,11
18,7,20,-18,12,-6,-11,-1,11,2,22,3
-4,0,-2,-20,-12,16,8,16,-9,4,21,-8
17,7,-4,-23,2,8,10,-15,5,-2,21,-11
-2,23,-22,-11,17,21,-16,4,8,15,17,21
15,21,18,-3,6,-6,8,-9,-3,2,16,20
17,-3,-2,-10,4,-3,-1,6,-18,6,12,24
-6,-18,24,-10,7,4,-23,-16,11,0,4,30
-5,17,0,-14,17,10,-2,7,-1,12,16,26
-8,24,-4,-4,-2,0,-5,-6,-22,22,37,15
12,3,0,-2,6,-11,-25,-5,15,11,-19,0
6,4,8,2,-5,6,-18,-1,18,17,8,15
2,17,16,-8,2,11,-2,1,14,-3,17,8
-3,8,10,-14,-10,20,-18,7,32,0,24,21
-10,19,-7,-6,-3,0,-1,1,-1,11,8,16
-7,18,1,-1,0,13,-6,-3,-5,5,-2,13
4,20,4,18,5,17,-24,-23,14,24,4,4
2,2,30,9,-4,-5,0,-3,-7,12,20,-10
3,13,25,-5,13,-18,-15,-1,-3,28,25,7
-11,-7,-22,1,-2,-9,-1,-1,-17,6,-22,-15
-24,14,4,-11,-12,-2,-16,-5,8,13,17,40
5,16,7,-7,-22,2,-15,-17,5,27,11,18
24,15,11,-5,-5,18,1,-8,-12,8,3,7
21,10,-2,0,-11,36,3,-11,-2,5,8,18
1,-16,18,2,-3,0,1,-4,10,20,16,4
-8,5,26,-39,-21,12,1,-14,4,-6,13,3
-1,14,-7,-8,-5,12,3,7,13,6,36,11
12,6,-13,-13,17,7,-21,6,-8,21,-14,27
-10,-21,-4,-10,1,16,-10,-16,-12,15,0,6
8,25,2,-18,-10,17,-8,2,7,27,23,1
9,4,9,-22,1,12,-18,-4,-7,13,14,3
-13,12,19,-20,17,6,-25,22,0,16,1,26
7,-3,20,-18,-15,16,-5,-27,-12,-6,27,29
13,7,3,-2,0,-26,-10,-21,14,11,24,8
-16,12,21,4,1,14,-10,-5,3,16,0,33
-26,21,20,-3,0,20,-6,17,-2,1,12,17
-5,22,14,-38,4,5,1,0,1,11,3,30
-16,22,-10,26,-22,0,1,7,15,-6,28,-14
9,43,26,-5,-8,-4,-13,-9,-12,-6,37,10
16,25,1,-1,1,12,-10,33,13,7,7,-9
-11,38,6,10,-15,14,3,0,1,18,15,28
-10,15,28,2,-2,48,-21,-4,8,12,29,20
-10,10,24,-3,-4,-14,-10,3,-11,25,6,1
5,15,0,9,6,0,-8,5,17,7,16,8
9,18,15,-10,2,16,15,-3,-1,-1,9,43
-6,28,9,-12,5,16,11,-19,4,22,30,15
-20,15,8,-8,-17,27,1,-8,-1,31,41,26
12,29,3,11,-3,27,-44,-6,-2,16,15,-9
-1,10,11,-22,10,20,-16,5,-22,24,20,7
3,33,5,8,9,13,18,4,1,1,13,12
25,40,14,-20,7,7,-10,6,-11,18,7,16
8,17,14,3,10,18,-13,-30,-9,11,-11,1
-6,18,12,-12,-17,0,-18,-27,18,6,48,9
-6,12,16,-23,-4,10,-21,-3,-8,-13,34,17
21,27,13,-11,9,27,9,-13,9,13,41,20
-12,11,-4,-15,-12,22,-30,-4,5,7,30,26
9,18,-14,-17,19,10,-12,1,-17,11,-5,22
6,49,20,25,6,14,-11,-9,18,1,20,17
-6,15,12,-16,-11,21,-23,-21,15,26,31,3
2,24,2,-2,-21,-6,-10,-12,16,15,10,2
1,30,44,-19,-7,13,-11,-10,18,28,18,33
-7,39,15,-28,10,46,-31,-4,17,19,11,8
-12,17,17,-40,0,35,-19,-19,1,39,41,19
11,30,24,-13,-17,33,-24,4,20,8,34,29
0,23,11,-5,16,30,-19,-24,47,7,45,6
10,13,22,-16,-2,28,-27,-20,21,38,44,28
19,28,36,-34,-15,35,-38,0,10,54,26,25
3,36,51,-40,-5,7,-33,-10,10,40,1,35
7,57,35,-33,11,33,-17,-11,3,33,36,38
24,44,29,-38,4,44,-38,-27,25,31,31,39
36,56,43,-48,8,74,-26,-17,23,57,48,44
30,64,29,-13,-8,43,-24,-20,43,39,56,22
28,57,33,-36,-25,56,-38,-29,18,27,63,69
17,78,24,-31,0,66,-45,-26,15,52,50,51
34,78,34,-57,-3,72,-16,-29,44,47,59,67
19,100,55,-46,-9,42,-41,-28,25,49,85,58
-1,86,62,-54,-13,87,-46,-55,41,66,80,61
19,100,71,-38,-19,59,-60,-22,31,65,86,57
45,91,58,-88,-11,74,-84,-44,32,89,104,75
33,118,70,-60,-19,91,-46,-39,29,81,95,88
39,103,69,-82,-33,106,-52,-48,36,90,115,82
42,109,80,-77,-16,91,-59,-49,40,90,116,61
51,128,74,-92,8,102,-60,-43,58,69,134,90
25,139,77,-100,-27,88,-70,-27,36,69,121,113
43,159,110,-110,-35,117,-79,-61,27,107,123,106
64,147,104,-100,-27,153,-88,-56,43,115,136,103
70,154,109,-97,-36,139,-79,-72,60,134,128,102
59,169,115,-140,-25,170,-92,-62,50,131,163,122
53,175,120,-120,-21,168,-114,-85,59,155,181,121
57,187,136,-130,-11,161,-100,-85,61,137,187,123
89,187,143,-129,-24,156,-109,-93,54,176,171,162
103,211,121,-131,-34,177,-117,-64,67,138,189,142
83,218,111,-135,-35,186,-120,-59,70,168,195,150
62,219,159,-156,-42,175,-135,-106,64,173,201,148
76,246,149,-158,-39,181,-144,-98,82,173,212,185
106,268,170,-161,-29,188,-145,-103,74,158,235,171
84,222,159,-160,-44,210,-143,-67,51,174,210,187
97,249,168,-174,-52,203,-156,-110,65,205,234,179
73,258,179,-169,-43,218,-136,-114,71,191,233,175
100,274,164,-176,-46,244,-166,-99,54,199,250,191
104,275,181,-195,-53,233,-158,-118,68,213,248,194
85,274,177,-189,-57,213,-139,-100,101,194,258,180
92,275,203,-205,-51,238,-165,-118,73,195,230,181
89,302,183,-199,-44,257,-162,-110,93,218,252,187
84,291,192,-203,-60,278,-171,-115,85,201,253,205
103,287,202,-211,-51,242,-185,-121,92,237,274,191
89,277,180,-185,-60,244,-169,-124,99,221,271,232
119,273,171,-199,-38,270,-176,-107,91,220,250,199
116,310,214,-189,-73,249,-210,-100,102,246,288,210
113,293,202,-194,-48,214,-152,-139,80,245,274,201
90,298,207,-207,-39,243,-151,-102,81,231,272,199
126,283,196,-182,-48,253,-152,-132,91,212,274,197
117,277,200,-184,-54,224,-155,-119,63,214,269,206
92,287,187,-193,-42,205,-158,-102,79,234,266,189
101,298,179,-191,-41,245,-171,-113,63,233,268,187
88,274,168,-190,-19,245,-144,-105,81,192,239,197
90,265,166,-191,-20,232,-143,-111,91,190,259,174
96,227,170,-184,-43,221,-145,-83,62,206,238,205
85,269,194,-181,-39,212,-144,-94,68,203,251,161
94,246,168,-166,-42,201,-115,-92,78,207,248,169
68,251,146,-179,-17,200,-128,-96,98,186,215,196
79,243,154,-154,-46,206,-132,-106,79,176,207,165
97,239,154,-172,-28,216,-131,-106,83,181,218,151
70,223,149,-138,-24,179,-120,-76,62,170,208,171
82,231,163,-130,-28,202,-118,-71,66,155,206,150
67,200,141,-147,-42,156,-107,-84,49,130,183,143
63,187,130,-126,-40,167,-106,-67,45,142,157,124
72,184,128,-136,-35,149,-111,-77,37,141,166,112
70,179,105,-124,-46,143,-110,-90,54,125,148,137
85,180,102,-123,-18,123,-93,-77,71,136,149,122
75,176,109,-122,-13,131,-94,-59,57,113,106,103
49,172,102,-98,-23,140,-91,-63,44,135,143,81
55,145,122,-130,-29,121,-69,-74,33,108,114,101
57,157,76,-101,-28,103,-72,-56,29,95,107,112
48,113,92,-94,18,127,-81,-58,18,109,145,80
61,106,70,-90,-42,95,-53,-56,61,89,115,103
11,122,80,-59,-20,75,-62,-37,43,85,92,63
28,118,63,-65,-13,92,-69,-63,29,86,112,87
42,110,54,-58,-20,91,-62,-41,46,88,100,61
26,108,58,-63,-23,100,-37,-39,31,54,74,83
17,91,47,-54,-18,81,-62,-44,-1,82,92,58
19,88,31,-55,-9,56,-57,-34,3,47,76,77
28,92,56,-52,-14,58,-60,-39,20,72,82,31
42,59,43,-44,-21,60,-49,-33,59,57,65,28
6,66,41,-53,-13,59,-35,-46,19,38,60,55
24,61,54,-42,-1,59,-45,-50,16,48,46,49
9,50,40,-34,-8,48,-19,-18,10,41,37,35
29,51,28,-11,1,49,-24,-15,20,62,39,50
41,45,12,-38,-20,47,-33,-36,18,53,50,56
8,46,33,-40,-6,35,-3,-6,20,46,38,31
25,65,48,-46,-5,37,-31,-8,-5,24,48,34
-8,31,46,-41,-12,26,-4,-17,28,26,54,4
3,43,15,-36,-16,31,-22,-17,13,27,42,28
32,15,33,-23,-18,44,-31,-23,16,27,54,33
3,63,19,-30,12,24,-39,-10,-1,25,37,25
14,31,21,-24,-23,42,-22,-20,12,12,49,22
9,27,29,-18,-8,52,1,-13,5,13,6,27
17,8,27,-9,-5,22,-19,11,13,15,44,11
12,39,29,-13,6,27,-16,3,18,20,14,28
1,35,14,-33,-2,12,-15,-17,-6,32,27,9
-26,40,24,-18,12,31,-4,-2,10,0,25,33
5,22,-6,-15,-12,35,-1,-27,-23,3,28,6
9,19,14,-12,-1,48,-19,0,24,6,10,12
4,11,3,4,-1,15,11,-8,17,0,2,19
10,4,-20,-5,2,24,-1,4,17,23,5,16
-1,19,9,0,12,3,-30,1,-7,16,3,-15
18,-14,-18,1,-16,5,-31,-12,-6,17,0,-7
-9,5,9,-5,11,-4,-4,-3,0,-3,-19,-17
3,-5,-28,22,-1,-41,25,-3,-21,-4,-30,-25
-15,-24,-12,6,-2,-31,13,27,0,-35,-22,-12
-2,-18,-9,43,6,-17,16,20,-9,-36,-19,-20
-17,-69,-31,22,-30,-41,35,21,-11,-42,-62,-20
-22,-68,-34,31,21,-82,21,19,-24,-63,-33,-51
-12,-98,-47,68,9,-64,34,26,-30,-60,-64,-62
-12,-78,-61,62,4,-87,58,50,-17,-68,-52,-50
-50,-100,-71,63,-5,-100,45,72,-31,-62,-91,-79
-25,-109,-69,70,41,-103,79,47,-20,-66,-125,-80
-62,-140,-78,97,24,-104,91,49,-38,-110,-99,-90
-40,-138,-79,86,30,-113,55,62,-26,-98,-122,-72
-34,-137,-84,102,24,-150,83,58,-25,-102,-137,-112
-55,-135,-102,127,38,-99,89,49,-42,-104,-152,-94
-42,-118,-84,80,13,-104,75,55,-36,-97,-117,-89
-39,-114,-85,77,15,-124,96,37,-39,-111,-130,-71
-24,-87,-64,56,13,-96,57,59,-17,-85,-83,-44
-3,-81,-41,51,-1,-60,35,28,-19,-58,-93,-47
0,-11,-45,35,16,-13,6,11,-18,-31,-37,-30
15,25,0,17,-11,0,-5,8,2,30,17,-4
37,58,43,-40,-17,73,-45,-9,26,24,55,31
53,120,74,-68,-14,93,-77,-34,46,90,113,82
61,211,127,-131,-23,150,-101,-80,83,136,171,113
73,252,166,-186,-50,222,-146,-107,77,195,232,192
145,352,223,-231,-66,304,-211,-154,126,286,283,253
138,434,309,-283,-36,385,-250,-162,119,335,387,297
182,533,372,-364,-57,448,-296,-226,178,409,509,360
237,662,455,-443,-87,519,-367,-241,172,450,592,451
256,753,515,-528,-115,603,-416,-283,234,562,663,514
266,829,540,-573,-141,706,-449,-311,258,611,761,571
328,918,585,-618,-122,765,-499,-368,288,674,830,630
331,1002,655,-680,-144,819,-516,-373,311,751,892,703
387,1015,676,-721,-158,875,-598,-423,317,785,961,740
386,1088,718,-739,-148,913,-596,-455,335,829,982,772
387,1111,723,-747,-165,918,-634,-464,342,867,976,769
394,1139,717,-756,-179,909,-605,-460,341,848,1016,798
415,1101,736,-747,-189,915,-605,-429,340,862,971,777
376,1063,701,-721,-145,904,-601,-433,326,814,964,746
371,1038,663,-678,-160,859,-563,-406,311,766,916,732
333,964,631,-648,-157,789,-534,-396,280,728,851,650
280,873,567,-598,-125,750,-481,-353,266,658,792,622
248,766,515,-531,-117,688,-443,-302,226,610,704,537
258,693,466,-472,-105,567,-395,-264,184,524,614,462
217,574,388,-404,-94,486,-325,-240,174,433,516,407
185,468,313,-311,-104,399,-254,-191,153,359,443,352
157,366,246,-245,-49,316,-194,-141,106,271,332,280
83,263,155,-171,-39,209,-150,-124,65,221,238,206
52,178,127,-123,-36,154,-89,-61,55,109,161,120
42,66,76,-58,-5,85,-55,-42,28,78,75,61
-3,11,20,-18,-4,32,-13,-15,2,33,11,2
-40,-65,-32,28,3,-39,22,27,-39,-43,-32,-43
-55,-110,-83,68,29,-92,59,39,-42,-79,-70,-83
-49,-145,-94,116,18,-100,81,77,-45,-101,-145,-92
-54,-192,-128,144,28,-166,112,74,-74,-130,-162,-143
-56,-218,-133,134,25,-163,113,78,-60,-164,-193,-168
-83,-256,-152,160,51,-201,121,86,-84,-180,-226,-181
-85,-239,-169,161,54,-189,163,86,-60,-167,-223,-166
-81,-210,-146,165,38,-194,138,122,-76,-193,-214,-157
-70,-223,-151,157,31,-195,120,107,-76,-181,-204,-147
-75,-231,-152,144,34,-191,119,103,-60,-171,-195,-150
-62,-208,-152,136,52,-174,132,81,-58,-134,-185,-140
-64,-193,-107,129,24,-143,94,71,-70,-159,-179,-122
-53,-176,-112,106,8,-154,94,71,-50,-141,-150,-109
-48,-136,-102,97,21,-109,83,83,-39,-119,-124,-80
-46,-143,-58,86,31,-120,69,70,-34,-94,-123,-96
-32,-108,-84,67,8,-80,51,64,-31,-65,-92,-66
-33,-81,-75,58,26,-74,40,42,-12,-60,-76,-55
-15,-71,-63,31,-12,-85,60,27,-31,-51,-51,-49
-5,-54,-30,37,3,-24,6,21,-24,-9,-63,-23
-9,-33,-37,27,10,-9,29,17,-2,-2,-29,-26
-23,-54,-35,-3,-9,-37,-3,26,8,-13,-24,-18
2,-20,-9,20,-5,-15,25,46,0,-11,28,5
4,1,15,5,-12,-1,-7,26,-22,-31,-37,-13
4,9,21,-4,6,0,-2,-6,10,24,-13,15
16,-6,1,-18,-10,-1,-3,1,1,13,33,-6
13,3,19,-15,13,16,5,5,4,23,-3,30
1,5,12,-12,3,8,-8,-2,-8,6,-16,12
32,27,12,6,-1,12,-5,-12,-5,19,32,-5
-4,13,4,-13,2,14,1,-17,11,20,28,25
23,35,15,-32,9,1,-3,0,17,25,27,21
-6,30,24,-33,1,19,-24,-18,1,18,24,41
8,39,21,-20,-12,24,-29,-4,25,10,16,48
8,19,11,-25,-17,37,-24,-17,4,28,49,25
15,18,4,-22,-19,24,-6,-5,-2,8,39,25
17,24,18,-13,6,15,-13,1,24,9,37,17
33,26,42,-34,3,18,-12,-27,2,48,35,52
14,22,14,-49,-7,40,-22,-22,15,29,23,17
8,51,41,-44,-20,50,3,8,8,19,34,35
27,40,16,-29,5,28,-17,1,0,20,27,21
14,34,21,-31,-7,34,-2,-13,28,-6,36,25
5,42,34,-28,-15,20,-9,-14,16,26,37,31
-2,29,28,-40,-3,44,-35,-41,7,25,37,34
23,58,47,-22,-18,20,-17,-9,2,33,23,46
13,37,19,-36,-10,42,-27,-21,13,16,36,31
14,59,34,-30,-17,29,-9,-26,16,37,68,33
13,35,23,-49,-8,28,-42,-20,26,35,44,43
13,59,23,-60,13,49,-23,-13,17,49,29,34
5,62,44,-39,-12,45,-45,-58,30,34,48,44
28,61,20,-46,7,40,-32,-46,21,44,62,47
23,48,31,-30,-10,37,-35,-21,1,38,58,45
-4,55,39,-39,-23,61,-26,-35,10,53,64,46
25,48,47,-50,2,62,-13,-38,20,48,81,57
5,75,28,-26,-29,59,-55,-5,21,53,46,52
25,61,67,-54,-4,35,-48,-47,14,62,62,52
16,98,60,-63,-21,59,-34,-45,17,68,71,36
23,59,48,-76,24,76,-45,-16,22,68,68,65
35,84,65,-58,-13,56,-63,-55,49,32,88,47
35,86,36,-57,-45,90,-31,-31,33,67,90,69
34,102,56,-61,3,68,-54,-19,30,81,94,72
13,80,71,-69,-21,72,-67,-33,33,56,76,74
22,93,62,-68,2,77,-43,-39,33,54,84,86
37,85,91,-67,-7,92,-60,-34,2,84,103,110
37,116,81,-88,3,95,-86,-46,38,72,107,58
38,111,92,-81,-28,85,-52,-40,50,82,125,83
42,139,87,-69,-23,99,-76,-43,31,81,106,80
53,113,87,-75,-14,112,-79,-62,48,96,109,92
51,136,81,-104,-44,112,-92,-56,51,98,138,96
34,143,69,-92,-18,134,-97,-72,24,103,113,72
51,131,105,-106,-43,125,-64,-48,57,117,115,116
57,149,102,-113,-27,123,-84,-56,54,121,127,105
50,158,102,-107,-30,156,-88,-52,44,113,131,121
73,162,88,-114,-25,137,-78,-59,39,94,170,118
47,192,123,-103,-36,124,-82,-66,44,131,146,125
67,169,89,-121,-50,161,-114,-64,37,123,164,141
72,181,123,-141,-29,121,-79,-71,45,142,176,142
69,204,127,-136,-12,180,-102,-72,54,169,134,122
49,203,121,-128,-26,154,-121,-100,39,159,174,143
64,226,137,-149,-59,163,-140,-71,50,156,193,161
68,211,115,-151,-38,172,-124,-65,66,157,198,157
71,231,122,-143,-34,193,-113,-86,53,168,198,138
77,239,157,-155,-41,204,-129,-78,52,163,240,184
75,246,151,-172,-46,201,-126,-99,77,176,226,194
66,250,175,-155,-46,191,-137,-86,63,211,233,200
88,258,176,-157,-49,220,-122,-108,77,192,262,208
93,274,204,-175,-48,225,-141,-98,79,215,254,170
84,258,179,-193,-55,221,-149,-118,81,221,247,202
97,280,165,-189,-56,234,-168,-123,96,216,253,199
88,286,206,-192,-8,244,-162,-108,77,236,283,203
110,322,194,-205,-54,240,-162,-103,119,235,278,202
116,273,201,-221,-53,267,-167,-135,101,224,278,218
104,328,199,-217,-49,253,-183,-136,100,243,299,236
110,330,211,-220,-57,276,-178,-115,103,253,304,241
116,321,216,-205,-43,291,-192,-130,91,249,314,238
131,332,208,-243,-57,288,-190,-122,105,261,321,236
125,326,230,-227,-52,295,-173,-133,95,258,336,259
128,366,248,-258,-68,292,-203,-143,113,287,342,250
153,342,235,-218,-40,311,-196,-153,117,278,312,257
141,387,257,-279,-52,318,-203,-149,102,290,345,282
118,380,259,-260,-66,326,-203,-174,93,300,347,256
139,374,273,-263,-55,328,-213,-171,117,276,356,286
151,398,261,-259,-68,337,-219,-152,118,283,345,269
171,404,268,-247,-62,332,-218,-188,123,298,358,314
129,404,264,-263,-94,338,-222,-172,137,294,343,273
140,415,270,-263,-64,328,-206,-181,90,313,366,263
170,406,282,-274,-78,348,-223,-164,123,326,381,275
157,443,259,-277,-53,364,-238,-154,139,321,395,298
148,432,263,-260,-75,353,-217,-155,118,317,369,300
152,404,272,-295,-58,350,-224,-172,129,326,368,324
142,434,288,-289,-69,372,-241,-191,142,323,388,294
176,453,276,-304,-64,373,-212,-176,126,323,403,295
161,443,279,-264,-60,355,-262,-174,130,333,382,309
162,452,295,-311,-70,361,-222,-158,111,318,402,314
159,436,260,-305,-69,386,-235,-179,138,335,378,311
142,454,287,-299,-63,363,-245,-175,131,331,398,304
154,448,296,-292,-78,377,-254,-167,134,329,385,306
138,447,305,-291,-43,358,-244,-167,126,331,422,309
173,462,302,-302,-76,363,-247,-175,138,336,396,311
155,438,280,-298,-101,362,-259,-181,135,340,397,326
156,441,256,-301,-75,365,-264,-177,139,339,427,293
160,437,291,-319,-47,370,-259,-190,137,332,402,307
126,463,293,-284,-65,357,-252,-176,128,340,398,307
142,441,282,-298,-79,379,-254,-168,137,336,403,302
148,465,271,-301,-62,359,-244,-183,116,334,399,280
155,442,309,-276,-69,359,-239,-159,161,320,394,308
155,448,285,-311,-65,358,-224,-184,136,324,396,301
136,430,264,-289,-67,342,-241,-159,156,301,411,301
142,423,277,-290,-51,347,-242,-148,119,307,375,291
156,407,278,-281,-34,355,-238,-151,141,322,375,309
134,424,260,-293,-34,355,-242,-182,122,308,362,291
133,416,266,-284,-63,334,-231,-157,117,309,383,280
154,401,248,-297,-49,335,-227,-180,119,303,350,264
135,392,240,-267,-67,328,-217,-154,131,290,348,277
143,374,234,-277,-56,305,-203,-156,107,256,347,265
130,384,252,-260,-64,311,-209,-146,110,299,317,261
141,362,252,-245,-55,314,-190,-145,97,295,342,257
127,349,233,-254,-44,314,-195,-141,109,258,324,254
135,341,229,-238,-48,309,-192,-145,105,288,323,236
117,331,242,-229,-45,298,-196,-137,107,274,310,242
133,327,218,-243,-48,286,-194,-132,100,254,330,238
118,339,224,-209,-62,277,-180,-120,95,249,271,235
120,329,213,-236,-56,257,-178,-146,85,234,321,219
115,328,219,-220,-48,267,-153,-132,102,258,298,214
129,294,200,-189,-41,264,-171,-129,88,236,283,213
91,317,199,-201,-30,238,-173,-97,77,223,257,221
98,309,177,-201,-40,233,-174,-137,78,220,261,211
90,282,189,-175,-23,216,-172,-89,73,222,265,197
98,264,170,-173,-52,230,-141,-97,83,219,230,205
83,256,175,-174,-43,211,-152,-106,78,204,216,166
103,252,168,-162,-49,226,-153,-116,52,183,213,183
99,244,178,-179,-20,184,-122,-81,70,179,215,171
64,248,162,-159,-35,165,-131,-119,63,181,206,176
79,249,143,-158,-44,197,-123,-70,75,178,224,168
68,216,138,-157,-35,174,-129,-81,49,135,203,169
72,225,140,-148,-39,176,-117,-93,52,140,171,140
77,210,117,-128,-31,174,-129,-69,68,163,181,133
82,173,101,-120,-29,165,-96,-79,55,161,204,122
62,185,116,-123,-32,158,-90,-75,49,141,153,123
31,173,126,-118,-48,144,-101,-73,49,152,150,112
41,163,95,-91,-16,128,-101,-63,70,109,157,118
83,149,76,-110,-29,117,-68,-56,42,117,141,103
70,148,98,-94,-12,128,-76,-48,39,109,115,120
46,137,88,-93,-29,87,-86,-28,66,103,127,110
55,137,81,-96,2,114,-71,-85,28,108,122,90
63,134,81,-76,-2,96,-59,-57,33,102,93,81
48,117,76,-70,-7,110,-67,-59,24,102,93,82
37,114,81,-89,-1,82,-77,-32,29,75,95,75
33,103,56,-66,-14,87,-54,-53,36,86,85,79
29,105,49,-72,3,75,-46,-40,21,88,78,73
34,92,59,-45,-13,85,-53,-37,10,68,57,52
49,94,38,-60,-6,54,-53,-28,19,65,80,50
39,71,55,-46,1,81,-50,-17,7,38,66,46
8,49,24,-49,-3,74,-41,-14,43,57,69,59
16,63,58,-47,-15,50,-46,-21,7,44,81,52
12,59,46,-36,1,38,-40,-17,16,58,69,32
16,30,43,-54,-17,58,-39,-19,7,40,69,24
23,58,40,-23,-14,36,-15,-22,5,56,42,48
2,44,27,-35,-36,38,-27,-29,0,28,35,18
12,30,21,-23,-12,17,-30,1,2,29,53,27
15,3,19,-34,-18,25,-14,-9,37,19,32,46
-5,25,20,-4,-13,9,-40,-6,16,26,46,37
13,5,33,-1,-1,26,-19,-8,3,10,23,32
32,32,6,9,-24,26,-21,-2,23,10,33,14
-2,1,24,-21,11,23,-3,3,14,-1,22,7
26,4,12,-13,-7,25,-29,-9,16,11,30,25
-2,33,9,-3,-17,13,18,-1,1,12,17,11
-4,18,-2,21,-1,4,5,5,22,4,7,29
-2,17,-5,4,0,20,0,-3,0,4,-2,-9
6,31,-23,10,8,9,10,-1,13,26,-1,10
-3,24,13,-3,1,6,-15,-6,7,-10,-26,6
-14,-21,14,-9,13,10,4,8,2,2,-14,2
-17,16,8,-3,1,4,16,9,11,9,1,17
6,7,-14,-2,4,4,-5,2,18,-13,19,-9
2,-26,21,5,-22,2,-14,1,11,3,-9,-7
11,17,-10,11,14,-10,11,-16,23,-4,-2,-6
-16,-16,-4,-13,10,-1,-1,0,23,-35,2,-25
5,-10,4,7,-2,-10,-4,7,9,-20,-16,-25
-2,-8,-8,-11,-3,6,-11,34,-3,-20,11,-2
-15,-19,-26,21,2,-3,-16,-13,-2,-35,-12,11
-3,-4,13,-12,-1,-12,16,-5,12,-6,-1,-4
-18,-8,-15,0,4,-7,-11,18,6,-32,0,-2
-14,-9,-5,27,-6,-20,-7,10,-12,-21,-39,-14
-13,-7,-8,-9,9,-6,12,15,-18,-16,-9,-3
7,-21,-31,13,-18,-19,2,15,5,-26,-6,-11
3,7,4,33,2,-5,28,17,6,-45,-3,-9
-4,-1,-26,20,-9,1,20,10,1,-20,-4,-20
-12,4,-7,18,16,-1,14,-3,-15,-29,-24,-6
2,-22,10,20,4,-11,-2,-21,-12,-25,-37,-13
-20,1,-26,7,-23,-25,-18,19,-14,-16,-17,-8
3,-21,-22,18,-5,-43,18,15,-25,-19,-36,-12
-10,-5,-6,16,8,-21,-3,28,-2,-36,-5,-16
-19,-14,2,20,4,-7,4,11,-26,-18,-23,-13
-29,-20,-32,15,-15,-15,15,-8,0,-12,-16,-4
14,-23,-33,-12,1,-13,8,15,-2,-15,-8,-5
-18,-3,-18,9,4,-15,-4,-10,-10,-14,-24,5
-11,-31,-18,29,9,-18,21,15,1,1,-9,-18
-4,-17,-8,18,-8,-15,4,12,10,-27,-19,-14
-9,-19,-33,24,-24,3,11,15,-10,-15,-5,-2
-18,-1,-26,-12,3,1,-6,26,-14,-32,-14,-19
4,-20,-24,17,7,-18,4,-3,-19,-35,-29,-27
-1,-25,-22,1,14,-3,9,13,-11,-29,-24,-22
5,-43,7,9,-12,-25,9,28,-14,-4,-33,-5
0,-10,-24,-2,3,-4,9,23,-26,-34,-26,-4
-14,-32,-16,5,-17,-24,8,22,-3,-23,-12,0
14,-28,-9,25,8,-27,0,9,-7,-5,8,-13
-20,-31,-7,3,1,-27,-3,28,-29,-10,-27,-10
8,-23,-19,20,1,-21,9,-8,-10,-7,-24,-28
-34,-24,4,21,28,-3,19,-2,-15,-13,-6,-7
-2,-2,-23,22,22,-12,1,10,-11,-11,-16,-15
-17,-21,-14,23,-10,-4,0,13,-20,-8,-11,-14
-3,-25,-23,5,-7,-30,9,-10,-20,-8,-20,-9
-15,-33,-6,1,9,-12,28,-1,-19,-20,-26,-28
-27,-10,-13,9,-7,-1,3,5,-7,-19,-5,-17
-11,-23,-19,10,2,-17,14,12,-12,-12,-25,-38
-10,-10,5,22,-11,-5,25,21,-9,-8,-37,-14
-9,-7,-15,10,24,-23,-1,14,-9,-5,-17,-17
3,-16,-33,14,13,-18,-8,2,3,-10,-26,4
-28,-19,-14,15,3,-7,22,12,-17,-11,-20,-10
14,-22,3,15,-5,-17,19,-2,1,-29,-12,-16
-14,-17,-17,30,-16,-30,-5,26,-8,-17,-10,-14
-6,-12,-20,31,0,-13,32,3,-13,-23,-32,-5
11,-12,-16,13,-3,-13,2,19,-24,-33,3,-20
-7,7,-10,16,-1,-39,15,11,-19,-17,-32,9
9,-24,-5,24,13,-17,2,-1,-16,-17,-23,-16
2,-14,-29,14,10,-26,6,10,-2,-12,-22,-18
2,-38,-16,21,9,-5,35,5,-5,-1,4,-12
-10,-28,5,3,2,-10,-3,4,-17,-37,-9,-14
-10,-10,-10,17,24,-10,26,5,-3,-8,-7,-9
11,-34,-14,-9,13,-8,9,5,1,-20,-20,-3
17,-23,-20,23,-18,-24,4,16,-8,-2,0,-25
-13,-11,-17,18,2,1,17,6,6,-25,-19,-23
-14,-18,-21,-14,8,-13,11,12,0,-10,-36,-26
-4,-21,-28,15,-13,-19,11,16,-20,-12,-18,-11
3,-3,-5,2,8,1,6,13,-12,-32,-6,-20
-38,-14,-1,3,1,-16,29,21,-35,-2,-6,-16
-2,-1,-20,1,-1,-3,-15,1,-7,-16,-3,-18
-11,-42,-19,4,3,28,16,-1,-6,-19,-26,-19
-23,8,-13,11,3,-12,6,0,-7,-18,-8,-18
1,2,-15,-1,4,0,10,-9,10,7,4,-8
-5,5,-7,3,-15,-12,6,-6,2,-9,-11,-2
2,-20,-27,-4,4,-4,-9,-17,-19,-20,-29,-24
-6,-30,-8,5,-15,8,6,14,-16,-11,-17,-4
23,-10,-11,13,8,-9,13,33,-20,-22,5,-2
5,-18,-27,11,5,-3,4,10,6,-15,-17,-9
6,-33,-6,10,-26,-17,-2,-6,8,0,-19,-19
-23,-1,-3,4,9,-10,-1,13,-11,-15,-23,-17
-16,-27,1,26,11,-14,13,18,-7,-35,-32,-11
-11,-28,-8,13,1,-40,-9,-1,-4,-17,2,-18
0,6,-23,11,-21,-7,-5,-13,4,-9,-13,-13
-21,-22,-8,8,-8,3,6,-23,-22,-11,-17,2
6,-24,-17,19,-1,1,-6,18,-10,5,1,12
-2,-31,1,11,-6,-28,18,4,1,-3,28,3
-13,-17,-14,19,28,-16,2,8,21,-22,5,-13
-4,-9,-17,-3,-15,-10,-8,-5,2,-13,-14,-30
-2,-21,6,27,-2,-19,-1,0,-19,0,-12,-12
4,-4,-11,4,42,-4,3,8,2,-12,-5,-16
-2,6,11,8,-7,-11,5,1,-3,0,1,-12
5,-28,-4,-3,21,-13,8,12,-18,-8,-34,-3
-9,-11,-20,28,5,-23,18,12,-6,-12,-17,8
4,4,-1,19,-9,-5,8,-7,-14,-7,-12,-19
1,-9,-6,-6,2,-15,0,16,18,18,18,0
13,-4,29,-10,10,-4,18,10,-12,4,-6,-1
-2,-2,15,-4,-5,5,-18,-11,5,15,-5,-23
1,-27,19,5,4,-6,2,-4,-6,4,-17,3
4,-10,14,-10,17,-10,-10,-8,-10,-6,-13,-14
9,15,2,-17,5,12,9,15,-13,-7,9,-1
9,-22,4,14,-9,21,10,1,5,-11,2,13
11,0,-7,-7,11,21,-7,-16,-10,1,-1,0
9,18,13,16,-7,-12,-8,-19,0,-10,-17,4
5,-6,-3,-3,-19,-6,-18,-25,-2,-2,-11,-19
-4,-5,5,1,-2,-24,-12,-1,7,-4,-24,15
7,7,8,12,-2,-16,-9,-2,3,-11,2,-7
-14,18,20,-5,15,2,-6,8,19,-19,-1,11
-9,16,-22,21,-2,12,-19,2,7,5,-18,-4
-15,1,5,-18,7,-5,-1,-1,8,6,-17,-10
20,-4,-3,21,8,-17,-17,6,-1,17,4,3
-11,-2,-18,-16,24,-15,4,-4,-9,-13,-19,-11
12,-4,-10,-2,-15,-18,23,16,13,5,-4,0
16,3,-1,-3,-4,-24,19,9,20,-9,-14,-2
8,1,4,12,-8,20,25,5,-8,-21,-9,-9
10,10,7,-8,-7,-2,8,-1,11,-3,-6,4
2,-19,14,-21,21,-8,1,-3,2,-17,-12,-14
-10,-3,-6,17,-7,-4,-4,-2,15,8,8,16
-20,26,-18,-8,-3,6,13,8,-8,-2,-15,10
-4,-9,-5,-4,-23,-17,14,6,4,20,17,-7
12,-22,-5,-8,5,13,-1,5,-22,1,-8,-20
6,-14,-12,2,-9,-10,3,2,5,5,4,2
0,2,3,-3,-1,0,16,5,3,-6,18,-17
-18,10,-12,21,6,-20,22,-3,7,2,5,2
-7,21,-9,-5,-2,-2,9,-12,10,15,14,-5
9,10,21,-9,3,-9,-7,-2,6,10,16,-3
-17,9,16,-11,-6,13,24,5,-2,5,-14,-12
-17,18,9,1,12,7,-20,21,14,0,-11,2
-9,11,-10,8,-7,-14,12,-29,12,7,8,20
-13,-3,-9,-17,-17,0,-19,-5,14,3,25,27
5,9,14,12,-7,8,-2,4,4,8,10,0
-7,42,22,-25,3,-3,11,1,6,-3,-13,-10
3,40,1,-18,1,-9,-10,-14,0,19,4,4
-11,-4,13,-8,6,9,-47,-18,-4,1,13,6
1,11,22,-11,-1,1,-20,0,7,-14,16,21
2,14,18,-16,7,17,10,-9,-11,4,13,17
-3,29,25,-18,14,4,5,5,17,6,18,6
13,11,9,-22,16,13,-13,-17,2,24,29,23
22,20,13,-15,-5,19,-18,3,-15,3,10,24
3,44,26,-17,-8,15,-13,-8,4,21,22,4
14,36,38,-13,-20,24,-13,12,5,21,1,15
23,40,10,-41,13,29,-8,-29,4,16,8,4
23,43,31,-29,3,23,-34,-25,30,34,26,32
24,54,19,-38,3,26,-4,-27,21,13,31,22
13,17,56,-49,-31,46,-19,-23,13,26,43,20
18,82,23,-33,-12,43,-34,18,0,36,76,24
22,57,11,-23,-12,53,-27,-14,12,33,44,41
30,47,30,-48,-14,45,-44,-27,18,60,43,20
45,58,63,-57,13,46,-43,-20,2,48,68,40
38,78,40,-45,-12,67,-40,-15,33,61,60,54
45,74,75,-59,2,81,-35,0,13,65,77,38
27,96,44,-80,0,43,-50,-23,18,88,75,50
35,95,57,-44,13,95,-57,-40,24,78,81,69
38,102,58,-69,-14,78,-74,-37,21,71,99,58
28,96,65,-62,-13,75,-49,-39,32,78,93,61
59,113,46,-64,-42,113,-35,-59,27,82,104,74
29,142,76,-85,-4,79,-76,-48,31,72,108,95
42,119,79,-101,-26,99,-58,-60,59,92,108,75
45,132,88,-97,-20,114,-78,-45,55,125,131,102
47,148,83,-95,-15,130,-71,-33,24,112,142,120
69,132,87,-109,-22,113,-86,-62,45,146,132,115
44,150,108,-110,-43,154,-104,-51,49,110,122,107
68,164,116,-133,-15,128,-104,-77,67,105,129,104
60,165,125,-113,-34,147,-80,-76,53,158,144,118
46,171,136,-120,-34,149,-64,-67,55,160,181,133
62,209,115,-118,-12,167,-101,-70,57,132,172,132
41,211,125,-145,-41,166,-93,-100,49,159,185,131
66,213,133,-153,-44,197,-113,-95,73,140,187,161
85,217,122,-134,-14,183,-103,-85,71,179,208,146
74,198,145,-139,-20,203,-129,-98,67,182,197,158
92,216,137,-140,-44,195,-129,-74,52,169,205,157
87,242,155,-147,-34,217,-133,-90,61,172,216,187
86,228,159,-155,-39,201,-140,-100,72,190,229,139
65,247,167,-162,-59,222,-126,-83,87,169,211,178
85,236,166,-152,-28,198,-131,-106,70,182,225,177
62,265,166,-172,-34,193,-137,-100,77,199,233,164
89,262,173,-170,-35,212,-147,-95,69,208,215,162
88,263,146,-170,-19,230,-137,-109,86,190,229,180
87,241,160,-168,-12,191,-135,-93,68,180,223,170
101,251,183,-173,-36,213,-140,-102,79,214,250,175
69,253,160,-195,-26,204,-108,-57,65,204,237,182
86,261,155,-191,-33,217,-131,-100,96,197,225,183
85,259,181,-188,-40,196,-149,-114,89,216,235,181
81,227,161,-187,-31,217,-143,-101,74,176,222,181
102,258,178,-158,-33,225,-132,-114,98,189,235,177
88,269,148,-156,-37,213,-120,-72,57,165,209,154
92,227,140,-166,-48,213,-121,-110,74,167,217,160
108,253,147,-168,-22,207,-127,-92,35,180,212,163
93,240,134,-169,-33,187,-134,-109,57,198,206,183
88,221,135,-161,-57,197,-113,-98,72,166,201,183
84,202,171,-162,-52,181,-123,-85,71,150,198,166
79,221,166,-144,-37,169,-113,-94,70,146,181,125
82,204,170,-127,-34,143,-137,-74,58,146,169,126
63,202,114,-141,-19,148,-101,-83,52,135,175,149
48,193,120,-122,-16,157,-135,-69,70,141,161,133
53,176,118,-125,-29,140,-97,-91,33,134,171,136
49,178,126,-127,-33,120,-105,-64,66,117,150,116
85,146,86,-119,-48,126,-80,-58,41,125,124,162
54,142,86,-110,-28,115,-79,-61,38,129,149,126
50,157,78,-87,-19,100,-75,-50,32,106,131,102
33,150,72,-93,-20,103,-90,-38,27,98,125,101
51,106,88,-110,-4,98,-84,-50,12,89,113,85
29,112,71,-73,-16,99,-83,-48,27,103,109,84
26,106,52,-78,1,117,-36,-37,22,89,102,55
25,108,57,-53,-15,88,-54,-33,21,49,77,52
49,96,68,-75,12,85,-39,-47,17,75,86,66
21,74,43,-64,-23,58,-31,-44,37,82,59,57
33,76,50,-39,-5,53,-52,-41,17,73,57,44
17,73,61,-38,-5,60,-48,-24,42,51,72,56
7,49,32,-52,9,38,-19,-30,9,40,57,55
-3,48,52,-39,1,36,-28,-12,15,39,47,21
11,26,19,-33,-9,41,-5,-4,15,50,42,18
22,56,20,-19,-8,23,-35,-16,-2,18,45,10
15,26,21,-33,-14,42,0,-4,17,15,10,15
2,27,19,-19,11,4,-2,-15,15,24,-2,9
14,-2,22,0,0,3,3,-1,12,7,8,-7
-7,12,-14,0,-6,17,10,-12,1,15,12,17
-2,12,22,-3,5,13,-4,8,13,6,1,21
-16,-4,31,1,-11,28,2,-3,23,11,5,-3
14,6,23,-6,-5,1,-2,5,23,3,3,-3
9,-5,6,-6,14,-5,-14,14,-12,1,-10,-31
-32,10,-16,11,-8,-11,-2,-12,13,-2,-12,11
-7,-28,-7,5,-22,16,11,2,-1,2,-13,-8
-2,17,-6,18,-3,-21,16,28,-14,-5,19,-15
18,-8,-3,24,-2,-18,19,8,8,6,-28,6
17,-7,-15,-7,12,-25,7,-7,-2,-1,-20,-22
-7,-5,-21,-1,-11,-7,-7,8,2,-28,-24,-36
-21,-31,-1,20,3,-35,15,-9,-14,-18,-21,-24
-8,-11,-23,7,3,-34,17,-11,-5,-21,-23,-19
-14,-20,-20,14,13,-1,14,10,-11,-11,-26,-23
-19,-38,-11,22,-13,-12,34,-10,-13,-29,-46,-7
-16,-47,-32,35,23,-23,18,1,-21,-14,-48,-33
7,-60,-14,47,1,-18,11,14,-8,-41,-64,-21
-24,-49,-33,33,-4,-37,24,26,-22,0,-10,-38
-13,-48,-25,27,11,-36,39,10,-24,-36,-38,-24
-26,-65,-49,58,0,-27,19,13,-39,-33,-25,-49
-20,-38,-67,51,14,-59,22,23,-21,-56,-59,-48
-12,-80,-52,58,20,-63,35,16,-34,-62,-69,-39
-37,-86,-45,63,2,-56,41,7,-11,-72,-62,-78
-31,-87,-71,57,15,-58,65,42,-30,-52,-49,-39
-12,-103,-43,65,26,-77,63,42,-23,-63,-88,-53
-35,-105,-67,76,-6,-49,53,40,-45,-62,-98,-65
-47,-88,-75,74,14,-77,53,45,-34,-62,-112,-82
-44,-104,-93,77,28,-91,54,67,-36,-95,-97,-73
-36,-133,-81,78,22,-121,65,50,-43,-77,-117,-81
-33,-139,-90,96,16,-105,61,57,-35,-113,-141,-106
-48,-137,-101,124,25,-126,98,58,-46,-116,-166,-108
-49,-166,-118,122,20,-134,95,61,-43,-123,-145,-132
-49,-193,-123,133,23,-147,88,68,-44,-142,-152,-118
-79,-181,-122,127,32,-159,91,75,-45,-166,-173,-117
-94,-188,-133,134,16,-183,108,69,-71,-161,-182,-119
-65,-215,-135,160,36,-176,126,44,-60,-144,-164,-141
-107,-192,-140,135,27,-141,103,77,-77,-146,-165,-122
-87,-191,-132,102,23,-159,108,86,-48,-151,-166,-130
-52,-187,-118,117,33,-138,103,58,-68,-140,-176,-105
-76,-136,-72,99,2,-142,94,42,-41,-114,-150,-115
-33,-112,-78,104,24,-112,72,62,-38,-93,-113,-91
-27,-102,-55,67,25,-72,44,46,-36,-56,-63,-77
-13,-38,-9,28,3,-45,22,19,-4,-21,-28,-32
14,1,16,9,-18,13,15,0,-7,-10,6,3
23,89,77,-53,-25,83,-28,-39,49,54,86,54
59,162,96,-100,-12,123,-84,-34,52,103,150,98
56,247,142,-140,-37,195,-146,-96,60,174,197,179
112,300,221,-228,-32,252,-170,-136,115,220,297,215
117,412,262,-280,-78,313,-224,-171,104,313,380,298
180,521,341,-321,-71,409,-270,-223,167,392,455,369
203,596,404,-417,-89,499,-330,-261,190,462,579,444
253,697,450,-491,-107,601,-407,-281,214,532,656,526
302,799,550,-559,-123,661,-447,-321,250,590,711,569
306,883,558,-602,-123,710,-476,-338,250,641,790,618
344,941,620,-660,-130,787,-512,-384,311,704,843,656
360,981,648,-682,-159,806,-541,-402,308,733,904,696
358,1018,669,-712,-169,848,-590,-415,320,769,943,726
350,1048,666,-696,-143,858,-579,-415,346,782,942,734
352,1053,692,-712,-138,852,-575,-419,319,794,948,739
356,1038,654,-710,-166,856,-568,-423,312,780,927,707
339,994,647,-686,-134,815,-542,-412,325,747,902,697
308,916,619,-634,-123,757,-517,-360,295,663,835,636
300,840,570,-576,-133,706,-475,-341,264,622,777,594
267,790,519,-528,-105,643,-434,-292,227,579,674,545
224,677,432,-471,-116,582,-387,-278,199,522,598,476
208,584,367,-379,-82,468,-310,-222,186,441,542,381
162,459,293,-315,-83,383,-295,-210,143,349,419,338
117,377,254,-238,-57,297,-209,-147,119,269,340,232
106,267,156,-179,-53,246,-140,-112,101,209,245,185
61,162,109,-118,-35,154,-72,-68,58,130,126,128
22,96,73,-27,0,79,-55,-25,18,56,60,51
-13,2,-2,-25,15,-2,35,21,-6,-9,-14,0
-34,-80,-44,63,15,-78,47,10,-21,-46,-86,-58
-45,-146,-91,87,35,-130,92,47,-47,-105,-148,-95
-63,-180,-118,119,21,-172,113,70,-64,-157,-191,-126
-86,-254,-175,162,28,-205,158,96,-80,-198,-233,-185
-79,-256,-150,196,37,-205,163,126,-72,-213,-255,-185
-114,-284,-204,218,15,-235,169,95,-98,-247,-273,-224
-121,-347,-210,204,43,-261,187,125,-95,-259,-286,-240
-109,-295,-240,233,34,-273,177,138,-99,-242,-297,-220
-114,-292,-200,221,37,-278,172,135,-93,-255,-285,-223
-101,-291,-207,217,51,-269,154,113,-78,-252,-271,-244
-87,-306,-167,202,20,-259,176,108,-89,-251,-254,-200
-120,-288,-178,194,40,-234,173,84,-80,-228,-244,-200
-98,-274,-188,191,38,-234,130,120,-57,-213,-238,-188
-94,-258,-176,158,53,-209,138,99,-106,-174,-218,-146
-63,-226,-123,145,42,-183,142,79,-45,-166,-204,-161
-87,-223,-154,109,34,-155,122,75,-51,-161,-200,-174
-54,-178,-116,106,24,-150,127,82,-51,-150,-177,-121
-44,-150,-108,106,48,-128,77,60,-49,-119,-149,-123
-45,-161,-112,98,-1,-104,92,56,-34,-109,-120,-105
-49,-148,-79,90,25,-96,71,39,-71,-105,-120,-76
-49,-111,-80,63,14,-101,84,29,-16,-81,-103,-74
-74,-110,-83,69,4,-79,62,26,-38,-75,-84,-90
-30,-84,-57,70,8,-82,44,41,-27,-65,-86,-65
-29,-83,-62,64,25,-77,40,24,-18,-71,-74,-67
-45,-68,-42,32,3,-83,46,23,-25,-53,-57,-26
-35,-66,-65,55,-2,-59,49,45,-11,-63,-50,-75
-3,-65,-53,35,27,-54,38,25,-15,-61,-64,-24
-20,-52,-48,58,-4,-52,17,17,-34,-53,-55,-40
-31,-60,-23,39,8,-42,17,28,-12,-35,-54,-36
-14,-57,-49,38,47,-29,30,18,-19,-7,-72,-35
-20,-42,-19,44,4,-66,11,22,-18,-43,-52,-37
-10,-61,-31,28,7,-45,39,10,-23,-28,-37,-24
-19,-76,-32,35,7,-60,34,16,3,-46,-53,-57
-27,-57,-27,25,13,-37,33,44,-11,-33,-30,-47
-13,-67,-30,17,19,-47,4,16,-37,-25,-65,-52
-8,-41,-15,21,-1,-28,10,28,-14,-28,-20,-42
-21,-54,-16,37,10,-42,49,28,-6,-61,-54,-43
-7,-54,-34,25,15,-37,19,33,-11,-62,-36,-27
-14,-52,-38,10,19,-52,24,23,-4,-28,-42,-46
1,-26,-29,25,2,-43,22,27,-15,-25,-27,-32
-7,-46,-30,25,13,-49,5,17,-23,-37,-67,-46
-17,-42,-23,16,18,-38,27,38,-45,-27,-49,-36
-33,-41,-20,34,23,-28,9,6,-6,-22,-30,-27
-11,-51,-33,19,-6,-46,13,14,1,-42,-31,-50
-35,-30,-18,39,3,-37,15,1,-7,-31,-34,-34
-1,-40,-28,36,18,-42,34,-3,6,-25,-20,-24
-5,-30,-32,-5,-10,-38,-5,4,-1,-1,-32,-27
6,-34,-10,0,23,-17,14,-6,-17,-4,-12,-18
5,-27,-21,18,-9,-7,21,15,-14,-8,-12,-32
-31,-15,-27,12,0,-17,11,18,1,-20,-21,-1
2,-14,-23,34,3,-17,12,32,-9,-31,-6,-16
1,-3,-11,-10,27,-14,24,1,-14,1,5,-9
13,-20,-8,-17,10,-35,6,3,-21,7,-9,12
-16,-15,-9,11,4,-31,-10,25,-22,1,-10,-11
-9,-1,24,13,23,-7,-2,21,-3,2,-15,2
-6,5,-12,12,27,-17,-7,-12,-1,-5,-20,6
15,-11,-9,15,-6,12,5,-6,-13,-6,14,-17
3,4,-12,0,7,-19,8,2,9,-8,-13,-2
27,-9,4,2,-10,-7,19,-27,6,9,13,-13
-8,13,2,-21,9,19,-7,-28,3,1,27,-2
-4,6,-3,-32,6,10,-1,-17,-14,5,-6,5
23,34,5,0,-3,4,8,-8,-25,14,2,19
10,5,6,5,-14,26,-2,-5,3,4,6,6
-20,29,9,-35,9,32,-8,-24,-5,21,54,22
12,40,10,-6,8,14,-20,0,-5,23,30,23
16,20,26,-36,18,-1,-25,-5,4,29,41,1
18,67,36,-22,-3,14,-37,-24,29,27,25,45
11,40,20,-5,-18,42,-36,-18,13,47,46,58
16,49,20,-51,19,48,-31,-24,26,49,56,42
0,75,60,-59,-16,48,-26,-6,22,56,36,43
32,72,35,-34,-13,51,-43,-27,18,45,49,28
12,82,41,-35,-22,36,-38,-38,19,68,63,61
16,76,53,-29,-27,69,-27,-16,27,82,51,59
33,84,38,-60,-18,74,-39,-37,26,68,86,43
42,102,63,-43,-22,59,-61,-52,17,64,75,70
39,108,50,-89,-16,101,-64,-38,41,67,107,60
56,101,68,-85,1,89,-67,-35,28,82,108,69
44,123,87,-69,-22,99,-62,-36,30,88,91,89
51,137,89,-73,-14,106,-92,-51,39,83,105,87
57,127,83,-89,-24,125,-66,-64,32,105,129,89
42,156,106,-126,-30,114,-78,-47,47,124,135,77
55,154,110,-88,-36,121,-74,-72,45,109,143,88
58,157,98,-96,-17,119,-88,-61,44,114,142,126
75,166,111,-111,-32,132,-90,-70,32,141,172,108
51,141,115,-124,-36,122,-97,-75,37,142,134,113
49,166,124,-111,-32,143,-113,-74,68,132,145,132
65,201,113,-111,-41,154,-101,-60,73,162,151,149
79,196,139,-139,-16,184,-116,-63,68,147,191,124
67,181,123,-154,-27,163,-115,-97,58,148,163,137
75,225,147,-156,-15,176,-121,-77,54,133,202,127
90,225,145,-165,-56,199,-162,-91,50,184,205,162
87,240,162,-168,-32,194,-118,-93,87,200,193,163
87,222,152,-170,-34,205,-132,-93,94,169,219,158
85,253,156,-178,-48,196,-120,-97,80,175,206,182
86,245,160,-175,-45,219,-126,-106,63,186,216,179
101,267,169,-176,-62,212,-138,-94,89,196,238,185
77,273,178,-182,-32,222,-153,-101,74,201,258,193
97,262,172,-179,-39,246,-152,-117,93,196,278,185
86,267,174,-185,-34,221,-172,-112,87,202,250,189
105,293,190,-206,-40,242,-157,-122,95,220,255,210
124,290,182,-200,-39,240,-167,-98,108,226,265,220
104,310,192,-218,-61,253,-168,-103,111,236,268,186
109,291,217,-203,-59,266,-155,-118,100,204,292,221
95,320,219,-235,-59,272,-188,-105,104,236,293,239
113,313,206,-227,-47,249,-188,-147,114,240,280,247
117,324,223,-223,-56,271,-179,-128,109,247,301,225
108,322,211,-234,-45,277,-172,-134,97,246,307,242
118,349,239,-228,-46,282,-174,-136,71,246,290,245
123,340,232,-236,-39,285,-190,-154,98,271,317,226
112,342,207,-238,-43,291,-196,-152,108,257,307,247
116,347,254,-221,-40,309,-192,-123,110,258,326,240
135,369,237,-240,-58,276,-183,-149,96,269,332,266
130,347,249,-222,-49,308,-208,-150,119,256,333,252
117,375,215,-245,-36,298,-202,-124,96,250,323,253
126,336,248,-226,-55,298,-178,-149,107,262,331,247
134,377,247,-251,-83,303,-185,-146,102,277,343,257
106,358,257,-252,-70,299,-210,-132,112,263,334,257
117,359,217,-256,-63,288,-213,-120,94,260,343,267
129,356,226,-246,-59,294,-207,-147,119,274,345,264
140,382,252,-256,-59,329,-197,-149,102,253,323,268
136,357,225,-243,-74,307,-189,-135,107,284,319,259
131,363,231,-262,-57,286,-201,-138,94,279,339,273
127,357,248,-252,-26,290,-209,-157,86,289,318,238
137,354,219,-274,-57,279,-225,-133,107,257,326,259
119,350,218,-250,-57,275,-210,-136,76,272,337,246
116,355,252,-242,-30,284,-210,-144,104,239,320,236
109,364,218,-239,-47,278,-210,-132,109,230,318,248
113,335,218,-250,-47,286,-189,-153,107,246,306,244
108,345,231,-233,-45,284,-193,-139,97,251,320,255
123,332,225,-219,-53,258,-188,-132,96,262,293,238
104,322,228,-240,-35,266,-186,-116,86,272,295,229
104,323,212,-219,-52,262,-176,-129,108,249,287,228
116,313,192,-214,-42,264,-166,-106,87,270,268,217
91,303,201,-234,-41,240,-164,-110,97,250,292,210
105,305,196,-202,-57,236,-172,-135,80,239,264,228
136,296,189,-202,-42,250,-157,-122,77,231,260,217
120,297,206,-194,-25,254,-155,-118,81,239,254,209
94,283,201,-192,-56,241,-189,-102,88,220,268,192
95,269,185,-205,-45,192,-152,-120,98,205,242,204
90,265,159,-173,-39,226,-153,-123,45,180,243,171
99,268,194,-179,-59,220,-156,-118,89,194,248,160
98,261,154,-163,-51,203,-142,-107,73,200,222,162
67,228,158,-176,-30,176,-136,-105,76,172,190,166
92,234,158,-160,-35,228,-130,-112,65,173,212,165
81,257,149,-149,-36,185,-121,-96,77,177,193,137
79,238,162,-146,-37,173,-137,-90,74,169,196,144
85,206,135,-136,-58,172,-125,-60,71,154,191,105
79,198,122,-127,-37,154,-94,-65,72,151,170,114
67,166,111,-120,1,165,-102,-55,63,142,168,142
59,189,117,-116,-45,159,-107,-59,70,159,179,139
58,185,125,-115,-36,153,-87,-66,50,133,154,110
68,190,114,-108,-26,131,-90,-66,49,129,142,113
61,161,100,-104,-3,129,-90,-57,40,116,130,103
43,160,86,-102,-23,133,-70,-48,35,119,131,119
58,144,101,-99,-30,114,-86,-66,49,99,129,86
51,143,68,-95,-40,91,-74,-45,44,94,134,86
65,130,86,-96,8,94,-87,-48,28,86,86,96
29,100,62,-64,-4,103,-61,-41,24,92,93,91
38,103,64,-64,-26,86,-57,-43,20,73,88,57
29,97,63,-59,-34,82,-51,-43,39,72,86,67
17,73,50,-73,-10,84,-42,-37,26,44,94,41
23,73,65,-53,-20,68,-34,-29,24,47,78,45
48,79,29,-38,-22,58,-34,-26,3,49,70,32
55,72,65,-56,-14,38,-45,-52,23,66,44,49
24,55,40,-49,4,22,-22,-29,2,37,40,54
-2,66,37,-33,-5,42,2,-3,16,37,16,26
9,44,24,-22,-3,29,-11,-7,20,21,45,50
9,24,32,-31,-15,29,-26,-18,13,23,29,2
-2,26,24,0,-2,2,-11,-15,3,26,31,17
13,23,18,-7,-5,16,-23,-7,-9,-1,9,-6
25,8,-22,-6,-2,12,-2,-33,28,-5,4,2
1,12,-2,1,-6,-4,1,13,0,10,8,6
-6,-5,-2,4,4,-21,-13,-19,1,-7,-2,-8
1,-8,-24,-8,9,-14,11,10,6,13,-23,-2
5,-13,8,15,-3,-2,10,19,-6,-6,-5,2
-4,-35,-20,14,-5,-9,3,17,-25,-27,-25,-9
-18,-18,7,11,16,-24,36,25,7,-26,-24,-26
-3,-17,-17,17,-16,-35,39,3,1,-23,-32,-4
-6,-38,-3,50,7,-26,37,24,8,-15,-20,-28
-2,-20,-35,13,17,-46,24,40,-3,-29,-52,-15
-27,-50,-54,13,7,-33,35,10,-31,-37,-39,-24
-7,-65,-36,45,-13,-44,20,4,-11,-20,-46,-20
-43,-55,-42,36,5,-30,12,30,-12,-31,-44,-29
-33,-51,-25,54,9,-41,19,16,-34,-41,-40,-45
-40,-58,-56,50,5,-42,22,22,-3,-51,-34,-49
-5,-50,-27,33,28,-50,24,41,10,-55,-63,-43
-24,-55,-34,48,21,-57,40,37,-19,-64,-75,-57
-15,-81,-64,47,6,-76,10,26,-19,-47,-62,-36
-35,-75,-44,3,2,-73,36,43,-47,-51,-91,-61
-23,-70,-62,59,5,-71,41,29,-18,-39,-77,-71
-22,-63,-33,53,10,-47,40,35,-26,-52,-53,-57
-38,-72,-38,75,32,-68,49,17,-19,-42,-75,-62
-16,-83,-48,79,20,-76,38,48,-24,-76,-64,-46
-56,-57,-29,61,26,-88,51,26,-33,-74,-74,-56
-36,-99,-32,63,-5,-52,67,27,-29,-63,-69,-67
-25,-75,-44,44,1,-77,43,46,-17,-65,-68,-64
-16,-82,-69,58,10,-70,61,22,-28,-49,-54,-76
-17,-86,-59,55,48,-66,49,31,-29,-65,-101,-75
-40,-95,-39,67,33,-81,66,50,-31,-68,-100,-67
-39,-118,-67,76,22,-73,69,26,-31,-82,-75,-68
-21,-102,-59,77,-8,-69,48,27,-25,-68,-91,-66
-17,-103,-54,60,23,-93,55,36,-45,-56,-85,-63
-31,-108,-82,65,22,-64,43,28,-53,-98,-77,-65
-46,-95,-75,66,26,-68,50,33,-23,-68,-90,-85
-18,-122,-79,59,19,-115,67,37,-19,-87,-79,-68
-31,-84,-34,110,-9,-91,58,15,-45,-77,-97,-50
-23,-97,-70,84,30,-74,56,29,-13,-77,-100,-75
-42,-101,-79,59,-3,-76,38,33,-31,-87,-96,-79
-13,-116,-70,65,29,-82,70,47,-45,-79,-89,-83
-45,-107,-44,57,36,-97,52,31,-24,-61,-84,-78
-48,-97,-53,74,27,-91,64,40,-15,-63,-109,-72
-15,-115,-49,70,25,-70,57,47,-32,-77,-89,-81
-25,-106,-74,58,3,-91,75,35,-23,-68,-107,-71
-33,-101,-59,71,16,-83,57,51,-32,-86,-85,-51
-58,-108,-53,75,5,-94,45,18,-26,-61,-97,-74
-27,-124,-50,80,19,-93,53,29,-29,-67,-101,-79
-42,-102,-85,74,17,-101,53,47,-24,-68,-87,-53
-42,-94,-69,64,15,-95,66,31,-40,-97,-117,-67
-21,-110,-58,69,-4,-71,57,53,-34,-76,-82,-54
-30,-124,-61,62,10,-78,36,31,-27,-75,-125,-75
-38,-108,-91,74,32,-96,75,46,-55,-79,-74,-73
-26,-126,-58,64,3,-85,64,32,-28,-89,-101,-67
-36,-99,-75,65,6,-99,48,44,-15,-80,-91,-84
-23,-115,-55,86,24,-118,78,55,-29,-87,-118,-73
-46,-114,-81,78,30,-83,90,34,-62,-112,-88,-59
-30,-118,-84,69,17,-75,49,52,-37,-95,-94,-63
-20,-104,-91,86,14,-89,64,47,-46,-89,-97,-77
-34,-96,-75,68,15,-102,41,47,-19,-68,-99,-81
-44,-105,-73,83,6,-87,55,34,-38,-79,-99,-71
-53,-107,-80,84,27,-92,54,46,-34,-86,-96,-61
-18,-99,-72,65,14,-86,57,40,-30,-84,-99,-101
-36,-110,-79,80,-1,-93,66,31,-18,-80,-97,-87
-65,-121,-90,72,40,-87,44,49,-50,-69,-93,-63
-41,-121,-55,58,-11,-80,51,44,-41,-68,-86,-68
-40,-142,-85,65,9,-96,70,35,-39,-86,-96,-69
-43,-113,-57,67,9,-99,75,53,-30,-86,-97,-65
-41,-126,-83,72,36,-88,57,46,-25,-87,-86,-70
4,-114,-77,56,10,-88,66,48,-25,-76,-108,-58
-55,-108,-68,95,4,-79,58,65,-44,-73,-102,-83
-32,-122,-50,70,24,-100,65,42,-35,-80,-84,-68
-39,-99,-80,58,15,-85,66,31,-35,-89,-84,-69
-43,-123,-85,69,28,-65,63,50,-22,-70,-83,-68
7,-128,-81,49,-6,-78,71,29,-19,-74,-119,-75
-61,-107,-62,80,18,-71,69,50,-41,-75,-87,-83
-32,-110,-61,78,11,-69,53,38,-41,-75,-88,-66
-14,-100,-69,87,35,-72,54,23,-12,-77,-94,-61
-55,-134,-63,70,47,-94,57,44,-27,-65,-101,-87
-38,-103,-55,55,9,-101,72,24,-10,-84,-88,-68
-33,-120,-55,50,20,-92,42,55,-23,-75,-114,-53
-48,-122,-66,80,3,-107,26,47,-31,-73,-80,-74
-45,-119,-71,48,-4,-80,56,23,-23,-92,-99,-61
-48,-102,-72,57,14,-110,62,29,-30,-82,-85,-60
-23,-103,-92,72,35,-80,51,58,-20,-87,-86,-80
-22,-98,-67,75,4,-89,56,37,-26,-58,-100,-57
-32,-85,-71,73,10,-92,50,41,-49,-91,-71,-53
-42,-93,-70,79,21,-99,46,48,-5,-76,-92,-54
-29,-100,-74,76,18,-85,52,48,-18,-69,-81,-84
-14,-72,-60,81,3,-125,49,20,-21,-82,-96,-66
-34,-85,-44,61,6,-82,72,33,-19,-82,-86,-97
-37,-101,-93,81,25,-93,39,42,-9,-54,-72,-82
-35,-85,-51,64,15,-77,84,43,-44,-78,-78,-81
-23,-107,-43,71,10,-73,56,42,-42,-80,-80,-70
-27,-89,-81,59,17,-69,42,43,-11,-76,-82,-61
-33,-84,-65,60,16,-94,72,24,-9,-77,-99,-66
-33,-107,-56,54,25,-77,74,51,-30,-57,-80,-76
-49,-96,-63,73,16,-76,64,49,-18,-82,-102,-73
-60,-95,-60,71,15,-86,69,34,-7,-53,-89,-38
-40,-100,-61,76,15,-75,76,57,-34,-74,-89,-97
-21,-111,-67,57,-1,-92,68,50,-8,-88,-98,-95
-37,-91,-71,43,19,-80,70,41,-20,-72,-64,-86
-10,-93,-58,74,-5,-77,34,41,-19,-97,-85,-81
-27,-82,-44,70,17,-79,38,48,-17,-82,-73,-43
-78,-95,-85,58,18,-74,70,44,-38,-80,-90,-67
-24,-80,-74,72,28,-73,43,47,-44,-80,-69,-51
-48,-83,-70,77,22,-70,36,36,-34,-37,-99,-70
-27,-92,-58,83,30,-84,43,74,-19,-70,-86,-54
-31,-89,-57,48,44,-82,56,38,-25,-77,-88,-76
-37,-92,-88,71,17,-57,59,42,-28,-78,-105,-69
-33,-86,-87,52,24,-76,57,33,-24,-91,-97,-81
-14,-88,-66,72,6,-95,56,23,-36,-85,-76,-71
-58,-90,-62,50,36,-98,65,28,-23,-66,-96,-60
-42,-104,-45,30,19,-88,47,44,-31,-69,-92,-66
-24,-98,-53,59,-3,-85,42,36,-16,-58,-103,-77
-44,-110,-56,84,16,-96,65,43,-19,-72,-98,-74
-16,-97,-57,59,33,-82,48,30,-26,-100,-95,-86
-26,-96,-79,64,13,-86,56,23,-42,-51,-85,-61
-49,-104,-63,64,14,-72,44,39,-13,-48,-90,-80
-39,-63,-50,65,-18,-72,54,34,-39,-58,-98,-84
-22,-107,-43,67,12,-73,50,58,-41,-58,-78,-70
-28,-93,-54,60,5,-71,39,23,-34,-66,-83,-36
-49,-90,-32,61,15,-85,68,44,-48,-64,-67,-72
-50,-92,-66,48,4,-98,59,38,-26,-73,-89,-86
-49,-85,-50,71,3,-75,63,21,-35,-59,-73,-76
-35,-85,-76,67,17,-71,70,38,-42,-77,-65,-65
-51,-126,-40,70,17,-86,55,36,-19,-105,-74,-46
-10,-83,-70,59,-6,-76,31,71,-46,-56,-67,-72
-19,-101,-75,56,-4,-64,55,32,-38,-63,-90,-84
-45,-81,-68,69,41,-81,46,50,-48,-91,-80,-54
-28,-94,-80,58,6,-87,46,39,-20,-75,-96,-64
-29,-77,-59,65,14,-70,51,39,-29,-91,-56,-71
-40,-87,-57,79,30,-77,45,23,-22,-66,-76,-77
-13,-85,-71,69,13,-68,41,16,-27,-65,-93,-38
-44,-77,-68,68,8,-82,46,52,-21,-76,-71,-79
-22,-95,-53,58,22,-78,51,39,-25,-77,-76,-59
-30,-111,-65,48,7,-81,37,35,-26,-72,-85,-72
-24,-92,-57,76,-7,-94,39,51,-29,-57,-85,-62
-32,-88,-49,66,-2,-110,62,50,-24,-81,-80,-65
-23,-93,-70,59,18,-68,59,34,-21,-50,-97,-76
-34,-116,-51,56,19,-78,70,41,-39,-62,-83,-57
-29,-111,-68,61,5,-71,64,25,-35,-70,-81,-44
-29,-104,-53,41,15,-63,48,51,-30,-58,-88,-67
-46,-87,-55,52,14,-90,52,39,-34,-71,-59,-51
-23,-107,-50,68,21,-65,55,48,-33,-58,-86,-70
-20,-109,-56,75,19,-65,34,51,-38,-53,-84,-57
-37,-68,-71,63,13,-65,46,47,-25,-70,-68,-60
-26,-82,-81,23,10,-91,58,33,-26,-59,-92,-76
-39,-73,-56,55,18,-63,47,56,-16,-55,-65,-62
-23,-73,-47,41,15,-67,35,42,-16,-80,-64,-46
-32,-84,-43,48,28,-39,44,7,-37,-81,-73,-42
-39,-83,-48,75,21,-66,50,19,-15,-74,-92,-70
-26,-94,-37,33,14,-52,24,25,-26,-45,-65,-51
-12,-71,-53,47,10,-58,26,31,-35,-67,-49,-28
-6,-65,-51,54,-4,-73,46,16,11,-38,-63,-57
-34,-71,-45,27,10,-57,38,39,-37,-50,-47,-41
-27,-49,-31,31,-13,-48,38,19,-27,-45,-66,-36
-21,-75,-30,39,17,-55,52,36,0,-66,-71,-32
-24,-68,-48,20,10,-40,14,25,-32,-43,-60,-52
-18,-68,-24,56,15,-57,49,21,-22,-41,-53,-55
-22,-50,-56,33,16,-52,16,8,-1,-25,-32,-34
-29,-47,-38,45,0,-56,17,10,-18,-47,-55,-29
-10,-31,-22,40,-13,-10,24,37,-13,-20,-32,-31
-3,-34,-39,45,-4,-16,35,10,-25,-27,-47,-15
4,-56,-18,15,-4,-20,35,16,-11,-22,-27,-8
20,-53,-17,34,8,-12,21,14,-36,-11,-43,-28
2,-25,-11,7,15,-23,13,7,-23,-38,-24,-3
-8,-11,7,15,-6,-14,8,8,-7,-5,-29,-18
20,-9,-8,17,2,-4,-13,-9,-12,3,14,-1
2,13,-10,-5,5,0,2,-24,6,-7,-2,8
10,28,0,11,13,7,2,-14,-10,-5,-11,11
10,-6,13,-23,18,2,-2,-3,-5,6,-7,-7
17,1,3,-14,-10,23,-31,-17,-6,1,2,8
2,41,19,-18,2,11,-8,-13,17,16,11,39
21,27,29,-20,-7,21,-27,-22,7,36,35,26
44,51,19,-45,-9,40,-17,-13,19,52,26,32
-1,38,34,-41,-30,38,-26,-27,23,21,50,36
-1,62,45,-47,-12,47,-33,-21,8,36,23,64
34,72,24,-49,-7,74,-43,-25,18,39,13,45
2,92,34,-57,-18,45,-47,-25,7,59,61,77
40,78,65,-56,-26,61,-42,-52,19,66,90,58
32,105,62,-43,-17,89,-70,-30,22,86,72,66
61,106,41,-87,10,85,-45,-47,31,96,86,73
20,93,70,-103,-16,92,-60,-47,44,106,90,81
49,114,112,-89,-14,111,-57,-36,49,69,84,57
41,121,104,-80,-40,107,-69,-29,39,89,132,84
32,132,72,-91,-10,110,-59,-66,33,89,106,86
45,147,91,-91,-19,102,-78,-45,3,111,153,96
70,169,91,-99,-39,108,-97,-54,37,102,145,90
50,162,97,-117,-26,122,-90,-53,40,104,156,107
59,166,93,-113,-35,131,-108,-68,51,99,149,121
68,145,104,-121,-19,133,-95,-76,45,124,142,115
65,194,92,-114,-30,171,-115,-61,58,118,137,104
56,172,131,-121,-24,125,-103,-73,43,122,177,110
69,162,126,-139,-31,159,-122,-46,61,118,158,126
51,176,121,-150,-30,136,-129,-74,61,168,162,117
52,161,112,-130,-22,154,-115,-55,65,130,148,120
44,199,115,-129,-31,122,-117,-70,50,141,172,139
57,175,120,-124,-7,150,-80,-61,56,137,176,123
58,176,123,-123,-45,181,-122,-76,62,119,169,129
54,170,111,-121,-14,153,-86,-74,66,133,157,127
70,183,126,-113,-31,147,-81,-77,67,126,146,141
54,157,118,-118,-33,153,-104,-64,36,119,149,107
42,175,134,-108,-11,157,-98,-59,59,133,152,132
71,192,114,-117,-18,139,-89,-73,73,106,164,125
62,175,115,-110,-18,149,-71,-74,61,116,126,135
53,161,96,-135,-35,139,-84,-63,57,106,144,116
34,172,104,-96,-24,145,-84,-53,33,108,123,94
55,176,85,-105,-35,122,-83,-25,55,117,136,113
37,137,93,-109,17,99,-59,-47,29,104,145,78
32,128,82,-103,-9,86,-79,-37,41,121,126,105
35,132,95,-72,-7,108,-72,-31,51,107,113,101
56,124,92,-67,-22,92,-73,-46,46,105,118,87
43,127,71,-89,-9,86,-71,-41,32,83,95,87
45,106,76,-65,-4,105,-60,-39,36,83,88,59
29,91,57,-59,-8,94,-43,-35,16,72,88,70
3,89,57,-67,-18,84,-52,-28,55,62,70,47
14,63,54,-58,-12,68,-35,-8,27,65,95,52
27,103,27,-54,-3,71,-62,-5,17,43,76,58
2,67,39,-30,-25,42,-50,-21,27,22,46,57
30,38,45,-37,4,38,-41,-20,24,19,35,23
34,17,35,-40,-1,20,-22,-14,16,15,52,22
14,32,14,-27,4,28,-14,-13,-22,11,30,25
10,11,18,15,10,24,-16,-8,4,8,10,22
-3,19,4,6,-15,3,7,4,21,19,24,4
15,9,-9,2,-3,8,-19,30,6,-2,-3,12
-2,-4,12,-1,1,21,8,5,-8,9,6,3
11,-16,12,-9,0,-12,-10,-10,2,-11,12,6
10,-18,0,6,-12,-19,4,15,14,-11,-9,-16
19,-19,-25,5,1,-6,19,-7,-10,-12,-5,1
1,-24,-6,15,17,-12,30,3,-22,-32,-21,-52
-5,-23,-3,35,6,-13,17,3,-28,-26,-24,-37
-22,-64,-33,17,-2,-14,15,32,-18,-34,-31,-20
-21,-48,-11,40,7,-50,30,27,-25,-21,-53,-47
-15,-43,-29,43,25,-27,11,31,0,-36,-39,-22
-32,-53,-23,34,-17,-55,42,20,-18,-31,-49,-56
-22,-56,-53,35,18,-37,34,17,-10,-39,-70,-36
-29,-87,-40,75,11,-55,45,37,-1,-33,-87,-47
-16,-62,-48,38,2,-57,48,28,-20,-65,-58,-45
-16,-59,-42,37,27,-45,45,39,-18,-49,-66,-51
-3,-77,-34,37,19,-74,24,26,-28,-70,-66,-61
-29,-61,-40,61,11,-68,74,46,-9,-40,-58,-88
-34,-87,-34,66,24,-78,58,33,-34,-57,-65,-63
-30,-74,-52,54,-3,-71,60,36,-11,-76,-71,-65
-28,-79,-56,66,16,-60,44,17,-21,-66,-89,-71
-31,-84,-58,83,17,-80,36,31,-40,-66,-91,-83
-28,-88,-57,78,24,-85,36,40,-33,-92,-54,-72
-55,-77,-71,35,5,-81,57,35,-22,-65,-52,-73
-51,-91,-43,66,2,-86,71,26,-20,-64,-85,-54
-21,-83,-46,66,-21,-59,35,33,-19,-70,-79,-67
-46,-103,-68,53,26,-83,50,31,-36,-82,-75,-58
-46,-108,-96,70,24,-76,54,61,-16,-64,-87,-54
-33,-108,-64,71,14,-90,55,66,-21,-79,-73,-62
-34,-110,-58,85,13,-84,65,40,-49,-71,-98,-80
-47,-94,-65,63,36,-84,38,15,-41,-76,-95,-67
-40,-130,-92,55,39,-103,67,31,-32,-92,-112,-95
-35,-111,-85,96,29,-110,67,33,-51,-113,-100,-97
-48,-136,-96,73,27,-84,61,38,-43,-96,-98,-85
-34,-141,-61,85,0,-119,68,47,-27,-78,-111,-106
-56,-148,-112,102,27,-108,79,36,-29,-97,-125,-96
-49,-154,-88,96,17,-149,98,66,-40,-99,-145,-100
-67,-178,-122,110,22,-130,98,45,-44,-95,-170,-133
-63,-187,-122,127,45,-140,80,98,-51,-107,-151,-121
-61,-207,-143,116,35,-161,113,110,-51,-164,-184,-127
-75,-194,-131,147,36,-200,125,91,-71,-154,-189,-127
-76,-238,-142,146,40,-174,115,64,-63,-172,-202,-156
-63,-253,-144,182,38,-210,129,93,-97,-166,-204,-177
-94,-248,-150,166,52,-215,141,99,-56,-168,-233,-167
-90,-270,-163,167,49,-207,150,89,-81,-198,-219,-201
-96,-253,-165,176,28,-201,117,119,-77,-202,-241,-164
-95,-258,-162,188,39,-228,164,104,-60,-197,-223,-177
-71,-237,-159,174,23,-194,149,104,-74,-170,-212,-180
-89,-246,-159,164,50,-198,137,90,-79,-169,-238,-157
-69,-231,-145,135,40,-197,112,93,-70,-188,-187,-162
-69,-205,-131,120,11,-162,94,62,-71,-147,-177,-140
-73,-177,-100,99,24,-143,80,47,-54,-126,-129,-102
-24,-129,-97,76,38,-102,52,56,-21,-91,-109,-66
-22,-78,-55,26,17,-39,50,20,-17,-67,-51,-47
15,5,-11,2,10,-8,-9,23,-2,-10,-15,-1
20,62,38,-28,-10,60,-22,-23,21,27,57,56
55,129,89,-87,-28,115,-68,-55,17,108,124,97
90,230,154,-140,-44,169,-116,-94,59,156,185,164
103,319,210,-202,-59,255,-182,-127,92,259,295,223
152,408,261,-275,-34,334,-217,-152,105,316,371,281
166,501,309,-347,-70,423,-284,-213,157,372,448,345
225,594,389,-415,-96,479,-337,-245,160,451,532,412
224,682,428,-451,-108,562,-386,-283,229,516,624,484
257,779,517,-535,-117,640,-445,-330,237,597,699,547
313,847,574,-578,-133,716,-467,-336,246,636,764,583
341,915,585,-646,-129,759,-519,-379,276,703,818,633
329,955,622,-646,-155,792,-527,-379,275,724,866,684
359,982,658,-674,-129,822,-553,-389,284,725,893,690
344,984,623,-681,-149,822,-532,-421,297,743,880,695
357,967,645,-656,-131,823,-547,-369,286,733,868,679
336,951,615,-629,-150,791,-527,-392,289,721,859,675
310,872,593,-597,-157,750,-476,-355,255,681,813,642
290,833,509,-546,-141,691,-453,-357,244,624,721,579
265,738,491,-496,-117,613,-416,-291,231,552,661,523
236,662,436,-439,-83,565,-365,-259,188,484,599,469
214,579,364,-382,-90,465,-309,-241,199,432,484,405
160,482,317,-311,-60,387,-267,-189,142,368,409,324
113,362,229,-259,-35,303,-218,-130,98,263,330,252
103,285,190,-196,-28,211,-153,-99,91,181,248,169
73,161,108,-110,-30,153,-103,-68,27,137,151,113
22,66,34,-49,-17,42,-48,-25,13,59,72,32
6,-21,3,-17,6,-12,12,-12,5,-14,-34,6
-23,-126,-61,59,-5,-82,53,18,-32,-68,-79,-51
-47,-165,-110,97,2,-142,114,40,-53,-105,-136,-111
-96,-224,-126,136,29,-179,104,84,-66,-149,-198,-150
-87,-275,-181,176,36,-228,138,136,-94,-249,-236,-181
-108,-321,-202,227,43,-237,170,128,-91,-231,-258,-205
-114,-336,-228,224,63,-287,178,143,-87,-227,-309,-217
-116,-367,-207,241,38,-286,179,145,-101,-246,-313,-239
-126,-372,-229,242,46,-296,217,142,-108,-255,-314,-254
-117,-349,-221,231,57,-285,200,155,-143,-293,-354,-246
-136,-366,-224,237,57,-285,188,162,-70,-254,-332,-247
-126,-350,-244,250,64,-294,210,150,-100,-259,-327,-246
-120,-345,-229,223,51,-268,205,136,-106,-255,-310,-242
-105,-343,-210,206,35,-274,188,140,-105,-253,-282,-212
-103,-305,-202,197,42,-232,161,135,-79,-227,-266,-211
-94,-275,-178,193,41,-270,148,97,-104,-181,-250,-183
-85,-250,-177,175,48,-199,147,107,-44,-198,-218,-187
-73,-218,-144,163,34,-205,137,88,-63,-166,-197,-176
-62,-205,-151,156,27,-155,142,83,-38,-153,-180,-153
-71,-181,-118,136,30,-140,104,83,-56,-143,-142,-112
-60,-166,-111,118,21,-158,89,78,-37,-122,-149,-94
-62,-156,-98,100,32,-122,91,60,-61,-132,-139,-107
-45,-169,-86,95,5,-134,103,63,-61,-102,-126,-93
-45,-98,-86,88,28,-105,70,44,-27,-126,-114,-89
-53,-120,-68,83,21,-104,78,43,-34,-86,-102,-79
-44,-105,-80,84,20,-104,76,64,-52,-85,-103,-74
-57,-110,-56,76,29,-101,72,57,-22,-85,-97,-79
-31,-108,-69,76,13,-85,94,62,-17,-73,-90,-64
-29,-109,-78,62,8,-72,40,59,-39,-63,-84,-62
-26,-96,-65,59,8,-102,74,30,-32,-78,-103,-57
-37,-109,-59,50,2,-89,70,46,-19,-84,-112,-51
-12,-93,-60,80,17,-82,49,55,-39,-75,-82,-67
-12,-85,-61,71,21,-100,45,21,-32,-67,-60,-60
-36,-86,-57,45,8,-83,36,42,-28,-77,-75,-60
-47,-83,-46,56,11,-85,61,46,-30,-72,-93,-48
-19,-103,-36,62,13,-67,60,23,-33,-56,-82,-63
-23,-74,-47,58,37,-59,71,27,-39,-57,-78,-52
-22,-88,-51,52,43,-71,47,17,-36,-75,-71,-66
-46,-53,-58,62,30,-59,38,13,-41,-65,-69,-77
-31,-88,-66,78,6,-77,38,39,-42,-78,-91,-69
-40,-72,-62,61,6,-70,34,49,-5,-64,-67,-78
-30,-69,-28,73,15,-79,31,21,-37,-75,-81,-67
-19,-66,-58,36,-12,-77,52,53,-17,-67,-59,-63
2,-94,-62,50,14,-39,28,27,-41,-50,-84,-70
-14,-92,-44,63,13,-87,65,27,0,-47,-83,-45
-18,-88,-42,44,19,-77,53,17,-31,-69,-79,-50
-24,-78,-51,67,-2,-79,36,-1,-21,-56,-72,-70
0,-57,-44,41,28,-39,36,24,-36,-32,-68,-39
-35,-75,-46,44,8,-57,28,36,-47,-45,-44,-51
-20,-48,-45,33,35,-70,29,1,-22,-32,-49,-48
-34,-59,-32,35,-8,-50,20,30,-6,-39,-50,-40
-25,-63,-33,38,-5,-62,25,46,-43,-45,-62,-65
-18,-53,-48,25,4,-47,61,33,-13,-66,-47,-31
-41,-54,-57,46,4,-63,19,10,-26,-28,-41,-13
2,-39,-40,47,-4,-49,35,28,-20,-39,-51,-30
-21,-45,-31,33,9,-52,40,32,-25,-36,-55,-45
-12,-52,-33,25,12,-17,14,2,-20,-24,-67,-32
-4,-36,-39,31,30,-27,3,17,-24,-8,-52,-30
-3,-46,-5,18,19,-18,16,29,-24,-39,-25,-28
-29,-13,-16,39,-1,-46,31,-4,-11,-33,-26,-17
-20,-35,-30,22,28,-24,39,19,1,-16,-34,-22
-10,-4,-10,29,-10,-18,37,-7,-2,-15,-42,0
17,-9,3,3,-11,-8,7,1,-13,-23,-38,-17
-7,-24,-24,-10,12,14,18,8,0,-2,4,-25
-6,-15,-1,-26,12,-21,13,10,-17,-17,-16,-2
-11,-4,-31,4,9,1,-1,-14,-8,-4,-6,-6
12,13,9,-6,8,2,21,-3,-13,0,3,0
-4,-4,1,-3,8,-1,-18,6,15,3,16,6
-19,-4,20,-18,-7,-2,-12,-13,-10,9,24,15
16,24,20,13,-15,6,-1,2,22,15,16,19
19,18,-4,-18,-10,23,-22,-16,5,-9,26,20
7,29,33,-13,-3,43,-7,-9,12,33,15,43
28,40,24,-15,-24,33,-30,-7,15,22,24,28
24,48,35,-25,-11,45,-37,-27,23,39,39,26
16,31,34,-26,3,56,-7,-18,14,28,52,49
31,57,14,-51,-23,49,-41,-33,31,36,43,36
24,76,49,-51,11,52,-24,-34,3,57,57,41
25,71,28,-42,7,63,-70,-45,22,60,86,23
37,81,45,-39,-22,56,-56,-27,6,48,50,79
8,93,73,-47,-11,72,-81,-18,32,91,105,59
42,102,72,-68,-12,127,-28,-48,34,73,100,61
53,108,47,-64,-49,91,-71,-49,39,78,86,75
27,111,61,-63,-21,90,-45,-42,47,102,87,91
37,85,99,-95,-23,110,-66,-43,18,97,120,89
54,120,97,-88,-31,109,-73,-52,33,84,139,94
54,135,95,-73,-10,99,-77,-61,50,80,104,95
83,166,86,-102,-27,156,-75,-45,36,98,135,100
63,135,96,-108,-17,138,-72,-61,40,127,142,115
67,149,92,-117,-20,152,-99,-63,47,117,149,111
55,174,99,-133,-21,152,-91,-69,62,135,133,114
59,167,103,-105,-45,166,-108,-80,68,134,172,135
70,207,130,-132,-41,163,-105,-71,51,131,164,135
47,213,147,-129,-34,160,-127,-66,65,148,185,148
62,223,131,-164,-48,174,-115,-66,58,148,171,147
72,212,139,-127,-44,189,-117,-93,77,182,195,166
81,224,144,-167,-21,184,-126,-109,79,193,212,158
46,247,122,-149,-24,194,-122,-104,50,170,224,172
82,261,156,-169,-44,206,-135,-96,83,167,224,182
59,257,159,-185,-41,237,-138,-98,69,193,230,187
107,229,166,-167,-39,210,-127,-111,88,202,225,179
93,271,180,-162,-32,227,-146,-116,58,189,238,181
101,259,156,-178,-53,211,-147,-106,68,230,239,169
89,308,173,-177,-30,245,-171,-128,81,195,242,174
109,294,156,-204,-33,218,-143,-114,77,216,257,185
80,310,177,-206,-37,230,-137,-127,65,218,259,201
87,313,179,-207,-45,222,-172,-106,95,207,257,206
106,301,193,-221,-33,251,-164,-118,112,235,259,214
83,304,175,-233,-27,231,-175,-126,87,219,271,219
92,334,198,-203,-63,253,-167,-108,73,217,286,240
106,316,229,-245,-69,273,-181,-101,89,228,267,231
114,309,232,-225,-39,275,-201,-127,108,255,294,228
99,314,204,-225,-48,278,-207,-132,87,222,309,250
106,333,215,-242,-47,260,-174,-141,115,258,284,227
125,317,218,-223,-67,288,-189,-107,95,258,294,222
119,324,214,-225,-64,276,-177,-126,124,243,306,221
123,343,224,-212,-47,284,-191,-147,91,272,302,245
122,334,211,-224,-47,278,-167,-130,84,242,305,238
118,330,209,-217,-47,257,-183,-134,95,234,282,231
131,322,213,-220,-54,277,-186,-145,106,248,284,236
140,320,225,-231,-59,270,-167,-131,99,253,294,240
122,346,214,-241,-36,293,-198,-144,119,247,319,244
135,350,231,-215,-45,285,-209,-148,128,248,297,242
113,342,229,-216,-45,271,-156,-159,94,231,291,245
104,344,244,-234,-49,273,-194,-124,81,271,286,249
105,310,238,-215,-47,274,-176,-126,98,259,291,230
100,323,218,-244,-44,278,-174,-141,105,252,287,250
109,316,210,-209,-46,271,-172,-119,95,229,294,228
104,332,205,-221,-51,289,-184,-148,94,259,281,239
138,303,212,-228,-54,269,-190,-132,107,236,298,236
132,318,189,-230,-51,264,-187,-117,87,228,294,240
84,312,202,-199,-39,284,-180,-123,100,235,273,202
117,276,175,-206,-42,250,-159,-116,85,215,266,228
100,292,215,-216,-46,244,-168,-135,109,228,280,227
104,284,188,-198,-46,233,-173,-110,102,213,233,230
92,291,176,-172,-50,224,-163,-134,89,220,251,213
110,275,184,-194,-27,216,-157,-119,71,190,241,187
94,282,184,-178,-25,232,-153,-97,71,214,241,195
81,253,170,-205,-55,255,-149,-104,78,217,225,178
91,256,157,-164,-11,186,-120,-118,73,180,260,175
71,256,147,-172,-27,202,-134,-98,66,178,236,162
64,242,159,-178,-52,210,-127,-90,62,161,211,184
92,242,152,-153,-42,189,-134,-87,55,181,201,171
58,214,154,-154,-34,185,-129,-100,57,159,228,162
86,205,128,-142,-29,169,-122,-96,87,179,189,139
67,212,161,-151,-33,174,-103,-80,45,152,188,139
57,193,162,-150,-51,174,-95,-71,74,161,182,149
71,199,140,-151,-23,176,-107,-76,59,136,168,128
66,191,119,-128,-25,153,-106,-76,47,140,174,137
72,176,105,-125,8,153,-77,-78,39,142,156,102
36,163,127,-105,-15,125,-106,-60,37,123,126,111
56,150,102,-120,-44,139,-69,-54,55,115,138,113
33,167,88,-105,-29,117,-70,-88,57,116,136,107
57,146,109,-92,-15,128,-61,-45,34,107,120,97
46,140,80,-72,-38,123,-87,-45,71,67,112,85
51,117,79,-94,-20,106,-62,-47,22,75,128,87
42,106,79,-60,-28,80,-71,-59,32,83,109,83
30,76,67,-52,-4,99,-51,-65,29,56,118,74
34,119,74,-82,-3,74,-35,-33,20,78,85,58
40,97,55,-64,-12,62,-38,-14,21,68,74,59
49,81,55,-31,-10,74,-46,-44,18,42,68,57
29,61,42,-52,0,67,-23,-38,20,46,66,46
43,58,62,-15,-15,22,-21,2,14,45,78,45
13,74,50,-48,5,49,-42,-53,5,34,47,47
5,55,46,-27,-5,32,-25,-3,23,37,48,31
23,34,23,-18,-9,41,-17,-7,-7,20,30,18
15,47,27,-20,1,25,1,-8,16,39,33,19
3,12,3,-13,12,21,-14,4,-10,28,17,15
7,14,32,-5,-9,30,-12,-21,43,12,-20,21
-12,2,-5,6,2,36,4,4,-1,1,-1,1
-4,11,9,-16,8,6,-16,3,11,15,-16,-5
2,-2,6,-4,6,-8,8,20,-3,-4,35,6
-25,-13,-14,19,-4,-19,14,3,-17,-22,-12,-7
2,-27,-4,2,-4,11,-5,-12,-19,-27,-9,-1
8,-34,6,7,2,-33,11,6,-9,-28,-33,-4
-39,-36,-14,11,17,-11,26,9,8,-6,-37,-22
-22,-14,-31,1,8,-20,-15,0,-20,-14,-31,-27
-20,-50,-11,17,11,-34,25,28,-2,-23,-43,-13
-12,-25,-11,6,6,-27,12,17,-5,-35,-9,-28
-25,-57,-51,34,17,-30,33,34,-12,-41,-33,-28
-9,-36,-40,39,4,-45,14,21,-9,-34,-60,-37
7,-63,-36,34,18,-18,13,24,-13,-42,-59,-41
-4,-63,-39,16,18,-44,34,21,4,-30,-65,-21
-21,-68,-44,5,18,-49,42,40,-11,-28,-44,-34
-29,-37,-39,44,1,-47,39,2,-15,-59,-50,-53
-33,-48,-20,58,22,-57,40,28,-24,-31,-74,-41
-8,-75,-39,45,6,-78,36,17,-21,-46,-67,-47
4,-78,-42,43,3,-58,19,36,-19,-39,-47,-45
-18,-76,-59,38,9,-64,28,24,-21,-67,-88,-81
-17,-65,-63,63,22,-66,71,21,-24,-55,-58,-62
-23,-75,-77,57,10,-60,31,48,-16,-70,-77,-40
-57,-69,-64,70,7,-73,33,14,-32,-64,-67,-60
-29,-85,-45,52,20,-80,38,13,-10,-59,-75,-69
-24,-89,-76,61,-15,-63,48,0,-16,-62,-49,-76
-27,-78,-45,60,1,-87,39,-7,-35,-77,-90,-55
-7,-83,-69,60,37,-62,59,19,-24,-56,-76,-67
-25,-78,-56,60,35,-51,41,39,-26,-71,-81,-55
-25,-96,-52,54,3,-93,63,30,1,-62,-84,-44
-35,-74,-57,43,14,-64,63,34,-14,-78,-76,-70
-33,-85,-45,66,27,-69,61,18,-21,-67,-86,-61
-15,-90,-63,48,23,-86,44,30,-8,-72,-85,-55
-45,-103,-65,58,24,-88,54,27,-12,-82,-90,-73
-37,-82,-50,69,10,-72,54,82,-15,-68,-94,-69
-11,-96,-82,65,26,-57,53,34,-24,-40,-87,-60
-21,-98,-74,77,9,-60,50,41,-39,-56,-97,-63
-11,-97,-62,62,27,-91,54,34,-44,-67,-83,-73
-42,-93,-64,61,21,-45,64,37,-22,-54,-85,-79
-21,-77,-69,39,3,-86,52,42,-49,-82,-93,-64
-32,-94,-48,57,11,-79,50,41,-28,-70,-91,-92
-25,-119,-57,34,13,-77,46,52,-29,-63,-77,-70
-39,-73,-53,57,8,-83,50,30,-18,-94,-66,-67
-45,-99,-43,42,13,-74,68,40,-25,-57,-77,-61
-34,-88,-37,53,29,-94,56,47,-22,-81,-78,-58
-36,-94,-56,75,8,-93,75,24,-18,-73,-99,-81
-24,-97,-81,80,23,-68,80,47,-38,-56,-98,-61
-9,-98,-51,54,1,-79,45,46,-21,-61,-78,-54
-31,-127,-75,84,12,-86,50,23,-22,-63,-80,-71
-16,-120,-62,86,13,-58,56,49,-44,-69,-102,-71
-17,-115,-58,32,12,-53,37,53,-37,-57,-105,-71
-33,-101,-50,68,6,-78,47,25,-18,-50,-74,-69
-42,-109,-59,51,12,-77,52,41,-17,-73,-103,-60
-17,-94,-40,66,23,-78,21,29,-20,-46,-118,-55
-34,-102,-62,44,15,-106,78,30,-21,-72,-77,-45
-7,-99,-60,64,2,-84,29,26,-45,-66,-81,-53
-18,-98,-53,71,0,-75,32,38,-32,-93,-79,-60
-18,-84,-61,45,16,-66,42,47,-35,-71,-83,-75
-23,-95,-66,62,13,-78,43,28,-44,-43,-96,-70
-16,-109,-68,40,13,-92,60,45,-33,-63,-90,-89
-28,-110,-77,39,-4,-78,59,45,-25,-81,-83,-56
-25,-76,-48,69,18,-73,54,35,-10,-74,-112,-59
-29,-89,-77,81,12,-69,64,29,-25,-66,-72,-67
-19,-87,-64,52,15,-66,39,53,-35,-72,-92,-65
-45,-88,-34,52,7,-67,38,18,-32,-64,-59,-55
-32,-99,-46,65,8,-71,56,35,-40,-81,-95,-52
-44,-68,-40,58,-1,-73,69,33,-28,-88,-92,-65
-38,-91,-59,77,11,-67,54,25,-40,-61,-71,-64
-33,-98,-64,57,12,-75,60,41,-13,-68,-86,-69
-20,-88,-64,46,13,-78,49,58,-42,-71,-85,-69
-27,-94,-46,83,6,-68,73,36,-39,-77,-74,-81
-27,-100,-63,41,22,-78,35,52,-27,-66,-92,-62
-38,-87,-75,68,2,-75,16,48,-36,-42,-65,-85
-22,-91,-41,56,8,-70,42,22,-19,-79,-95,-54
-40,-105,-52,49,-7,-73,55,36,-25,-67,-87,-57
-31,-103,-60,71,24,-76,63,16,-43,-71,-100,-69
-52,-88,-57,56,-2,-77,49,43,-50,-51,-87,-42
-15,-78,-43,44,7,-71,56,41,-21,-35,-74,-60
-27,-87,-62,67,22,-78,45,29,-12,-62,-83,-67
-29,-100,-70,41,10,-75,46,34,-32,-83,-78,-78
-46,-89,-54,51,15,-77,45,20,-31,-70,-78,-61
-29,-87,-47,44,18,-56,40,40,-17,-64,-79,-77
-39,-78,-73,79,19,-84,52,59,-13,-58,-85,-83
-56,-68,-48,58,-2,-64,39,60,-6,-65,-89,-54
-23,-88,-66,59,19,-78,29,47,-25,-65,-68,-74
-24,-105,-47,61,23,-69,21,44,-30,-67,-61,-80
-52,-83,-64,44,13,-82,52,26,-28,-70,-102,-51
-22,-81,-60,34,13,-67,46,46,-6,-68,-61,-63
-51,-71,-59,66,20,-71,40,37,-25,-56,-79,-48
-31,-72,-76,61,25,-86,24,0,-30,-55,-72,-48
-33,-102,-57,53,25,-63,33,49,-41,-65,-86,-65
-12,-92,-38,80,10,-69,44,50,-25,-63,-73,-68
-16,-108,-45,65,-12,-71,42,32,-8,-77,-84,-59
-29,-91,-60,54,25,-68,42,37,-37,-49,-109,-56
-47,-78,-44,54,-1,-48,43,59,-37,-61,-66,-59
-71,-88,-39,34,9,-63,25,29,-34,-62,-71,-68
-29,-93,-63,47,17,-64,44,47,-30,-56,-76,-66
-21,-61,-67,61,6,-87,41,27,-24,-85,-68,-57
-22,-97,-61,63,35,-75,45,36,-14,-67,-80,-46
-17,-86,-45,53,-6,-64,18,64,-22,-39,-77,-76
-34,-77,-49,40,-20,-73,44,26,-41,-62,-72,-63
-46,-82,-43,70,8,-63,57,15,-7,-58,-78,-48
-30,-72,-47,49,-2,-55,20,34,-24,-72,-72,-45
-31,-82,-64,35,27,-80,35,38,-25,-66,-84,-49
-34,-94,-44,65,22,-75,67,47,-33,-40,-67,-55
-42,-63,-66,88,8,-54,66,11,-27,-44,-61,-53
14,-68,-53,71,5,-63,45,32,-13,-57,-75,-56
-16,-89,-49,40,-17,-47,46,57,-23,-68,-79,-58
-25,-70,-60,66,0,-84,38,29,9,-58,-105,-38
-11,-91,-29,44,38,-77,37,42,-33,-68,-77,-66
-14,-92,-55,31,6,-62,33,53,-27,-45,-63,-62
-19,-76,-54,53,-9,-80,46,64,6,-77,-46,-78
-22,-83,-52,48,6,-70,33,40,10,-76,-81,-74
-19,-64,-42,52,8,-46,53,16,-24,-57,-70,-54
0,-98,-33,63,-1,-66,29,32,-14,-65,-60,-59
-39,-83,-58,58,24,-47,37,31,-17,-59,-67,-65
-33,-63,-54,65,11,-64,52,27,-41,-48,-65,-41
-26,-76,-52,48,-18,-61,45,11,-29,-44,-60,-61
-14,-68,-54,78,0,-82,48,29,-23,-43,-71,-26
-28,-92,-73,59,13,-65,40,45,-35,-70,-76,-57
-4,-90,-49,40,18,-73,39,40,-28,-74,-62,-47
-31,-81,-55,49,14,-60,52,45,-5,-56,-83,-50
-31,-65,-60,42,1,-45,49,47,-17,-75,-45,-57
-29,-66,-49,51,7,-66,42,53,-12,-62,-69,-53
-39,-83,-32,37,-10,-66,41,19,-32,-71,-58,-47
-62,-57,-36,77,-11,-58,37,35,-10,-40,-99,-51
-22,-70,-55,53,7,-58,21,35,-13,-53,-69,-59
-52,-68,-66,49,17,-72,29,28,-27,-56,-86,-50
-24,-71,-41,59,0,-46,33,62,-50,-38,-64,-63
-28,-85,-65,43,-4,-47,57,35,-3,-32,-56,-56
-17,-69,-59,44,5,-64,23,34,-25,-51,-62,-52
-29,-73,-30,50,21,-57,34,28,-23,-76,-52,-57
-23,-44,-39,52,36,-67,37,20,-11,-49,-93,-47
-27,-76,-46,46,-7,-60,37,24,-36,-40,-59,-41
-22,-63,-66,38,8,-50,38,26,-28,-30,-74,-71
-9,-72,-38,53,12,-49,46,19,-15,-53,-73,-43
-5,-98,-60,29,-21,-81,40,32,-6,-62,-79,-74
-22,-72,-35,58,37,-55,29,21,-21,-40,-75,-55
-6,-69,-40,28,23,-38,47,42,-25,-66,-70,-61
-28,-69,-44,46,33,-55,35,27,-8,-66,-33,-43
-30,-90,-56,57,18,-55,40,26,-39,-49,-48,-38
-30,-50,-46,33,15,-66,37,32,-23,-41,-68,-36
-27,-86,-35,49,2,-67,48,34,-4,-34,-60,-56
-27,-61,-42,34,1,-91,62,13,-10,-32,-53,-41
-16,-60,-41,46,-4,-56,42,41,-24,-66,-40,-24
-12,-51,-25,63,14,-47,32,13,-16,-28,-45,-24
-9,-56,-31,36,0,-55,20,19,-6,-17,-61,-65
-11,-43,-42,36,5,-58,40,8,-8,-31,-51,-48
-30,-40,-46,25,-4,-55,15,9,-14,-35,-47,-39
-12,-52,-28,34,15,-42,16,11,-17,-47,-46,-44
-25,-41,-35,35,4,-63,27,25,-10,-20,-39,-35
-33,-65,-25,35,3,-56,29,9,-2,-38,-48,-52
-17,-55,-29,29,27,-35,42,40,-16,-50,-63,-36
-39,-57,-21,48,0,-36,36,30,-14,-46,-33,-19
-40,-41,-34,17,4,-18,12,7,-1,-23,-33,-29
-17,-45,-36,21,17,-37,32,5,0,-52,-51,-7
-10,-50,-35,35,24,-52,21,6,-30,-22,-19,-23
-21,-26,-22,25,6,-46,13,10,-1,-48,-54,-18
-9,-27,-45,9,11,-25,19,13,-13,-11,-30,-4
2,-28,-28,19,-5,-23,-1,20,-10,-19,-32,-20
-25,-34,-16,22,2,-22,3,1,-13,-20,-21,-40
-8,-20,-3,12,16,-19,15,-5,-19,-21,-18,-22
-4,-15,-2,40,-6,14,7,9,-2,-29,-13,-40
-2,-18,-13,9,-2,-11,5,-12,25,-16,-12,2
22,-27,2,15,12,8,16,3,-4,-8,-11,1
2,30,4,6,12,16,5,15,4,21,-4,-9
17,1,26,-7,-5,13,-16,-14,1,-10,12,-8
1,7,-15,-13,-16,15,-8,-6,-5,3,-5,-17
40,21,27,-11,-19,15,-22,-11,6,23,15,11
14,18,29,-21,2,19,-23,11,-5,7,24,23
12,50,30,-32,8,27,-24,-18,18,14,38,17
24,22,24,-28,-6,41,-35,-25,-2,39,30,42
14,26,25,-20,-34,33,-34,-24,4,47,20,31
53,43,39,-29,-14,43,-23,-16,29,38,59,54
20,66,35,-56,8,41,-55,-24,37,70,65,36
26,86,31,-56,-16,58,-47,-34,20,56,62,50
4,97,54,-51,-19,64,-23,-57,31,74,75,39
38,73,39,-65,-43,73,-67,-33,6,65,97,63
26,109,58,-73,-10,86,-65,-39,31,37,103,80
30,124,57,-102,-30,91,-66,-42,33,66,94,76
33,119,89,-70,-3,95,-61,-24,45,98,115,80
42,112,75,-72,-8,113,-75,-43,19,85,124,99
42,142,76,-88,-19,117,-60,-49,39,98,140,90
49,118,90,-74,-32,112,-86,-61,32,104,139,94
72,160,92,-100,-28,114,-81,-43,42,107,125,81
51,145,133,-89,-27,137,-89,-88,42,105,152,115
57,179,114,-105,-32,147,-81,-33,43,105,165,102
33,164,140,-133,-27,158,-95,-77,42,115,138,120
48,199,114,-115,-28,155,-108,-56,46,142,183,129
57,208,116,-118,-17,134,-123,-81,40,131,151,136
72,210,120,-121,-9,151,-97,-79,38,143,163,102
58,201,134,-136,-26,166,-108,-91,76,141,158,136
63,202,112,-126,-44,169,-107,-79,59,145,196,147
65,208,134,-154,-42,169,-116,-92,67,150,169,137
80,201,134,-142,-35,168,-125,-92,75,167,196,131
74,217,136,-137,-33,173,-122,-81,74,165,188,141
69,232,135,-159,-35,153,-97,-98,80,165,185,147
78,207,153,-158,-43,185,-117,-95,67,173,195,148
78,213,178,-134,-40,195,-116,-96,88,167,201,164
90,231,115,-129,-33,180,-121,-65,46,165,203,147
75,244,135,-150,-21,160,-148,-78,51,170,207,147
59,224,141,-176,-31,177,-128,-100,68,162,191,152
93,223,121,-159,-26,173,-118,-94,47,157,184,140
100,217,132,-150,-24,178,-128,-67,55,150,192,127
82,209,140,-142,-34,176,-118,-83,80,164,198,154
78,200,124,-160,-15,167,-125,-87,54,157,183,121
39,203,139,-146,-35,181,-103,-96,55,148,180,138
82,193,127,-115,-13,165,-117,-79,65,113,182,119
55,201,128,-134,-40,147,-112,-74,38,117,159,116
75,181,133,-119,-35,163,-100,-67,53,136,185,134
58,171,102,-111,-20,144,-86,-65,75,119,168,114
64,154,110,-119,-18,155,-100,-38,45,130,138,131
59,164,113,-135,-35,137,-91,-53,40,144,147,107
62,144,111,-83,-43,138,-82,-31,22,111,126,97
36,153,109,-97,-8,133,-87,-56,41,97,136,99
16,135,97,-82,-19,114,-93,-68,25,106,132,103
41,113,85,-78,-42,95,-65,-50,32,91,95,86
46,123,83,-90,-17,113,-58,-56,38,98,119,82
35,102,59,-88,-2,113,-69,-53,28,68,112,77
47,95,54,-82,-10,83,-37,-33,4,80,92,79
40,89,58,-65,-19,93,-49,-33,33,72,87,71
18,73,60,-63,-8,79,-37,-46,41,56,68,62
28,80,54,-48,13,49,-61,-40,15,33,70,71
18,70,56,-47,14,49,-48,-33,30,77,61,52
-1,74,37,-63,-24,80,-33,-20,-14,50,45,38
4,57,32,-26,-16,34,-5,-32,24,51,60,12
9,40,30,-32,-7,22,-11,-22,34,51,27,39
9,38,-7,-27,-14,26,-7,-9,-11,34,25,35
14,30,12,-43,-10,14,-35,-16,11,10,30,31
10,28,20,-1,-11,-4,-11,-15,5,23,14,9
-6,23,26,-30,-10,13,-13,0,26,17,8,27
-2,-1,8,-25,-24,-8,-4,-17,13,-15,-17,-1
-8,13,7,17,5,25,-4,-12,-4,18,4,17
7,-31,-3,-8,16,-1,-15,-22,-12,6,-7,3
-7,-25,-9,11,8,8,17,22,-19,18,-11,5
-14,1,-17,7,3,-9,23,-16,-18,13,-16,-19
-21,-9,14,6,5,5,0,0,-16,-10,3,-24
17,-16,-6,-4,-7,-13,37,20,-8,-13,-14,2
14,-35,-9,3,-5,-25,21,15,2,-20,-32,-21
-4,-31,2,5,0,-17,13,7,-12,-36,-21,-10
-22,-11,-9,30,5,-40,15,7,9,-27,-25,-28
-12,-42,-31,26,14,-36,50,5,-21,-27,-46,-34
13,-38,-16,50,1,-49,26,5,-5,-11,-39,-33
-5,-49,-33,40,11,-46,16,13,-10,-30,-55,-25
-18,-50,-53,16,-5,-23,9,-5,9,-40,-38,-22
-15,-42,-39,24,23,-40,14,21,-4,-23,-43,-32
13,-44,-6,26,1,-44,9,14,-16,-11,-57,-17
-26,-29,-37,23,-14,-55,1,23,-23,-30,-44,-35
-35,-69,-35,17,6,-34,44,4,-5,-31,-58,-41
-1,-58,-41,37,-5,-58,19,10,-20,-48,-43,-34
-14,-60,-35,41,-2,-42,41,14,-22,-65,-47,-29
-3,-44,-36,47,1,-40,26,17,-8,-34,-36,-31
-14,-62,-23,31,7,-50,54,26,-30,-57,-46,-37
-33,-50,-29,34,24,-58,52,19,-41,-58,-69,-36
-13,-62,-65,32,12,-65,34,8,-13,-62,-38,-29
-26,-64,-51,44,-5,-42,27,22,-22,-45,-52,-50
-38,-62,-51,56,8,-74,43,23,-19,-67,-75,-73
-57,-75,-49,71,-2,-78,31,25,-29,-57,-93,-53
-50,-106,-49,68,0,-95,53,59,-47,-66,-75,-40
-16,-102,-64,70,27,-75,55,43,-27,-87,-90,-61
-51,-98,-50,54,29,-94,78,44,-16,-65,-81,-60
-52,-93,-88,63,5,-80,42,47,-29,-91,-98,-82
-47,-122,-87,67,8,-114,72,59,-36,-89,-129,-74
-52,-130,-103,99,17,-117,65,83,-53,-112,-135,-105
-67,-160,-102,110,25,-122,105,54,-48,-126,-155,-118
-58,-173,-112,98,32,-158,85,93,-56,-129,-152,-130
-75,-197,-142,122,35,-143,103,80,-40,-140,-174,-139
-57,-223,-147,136,11,-166,102,71,-60,-166,-195,-142
-73,-199,-144,142,26,-183,131,75,-77,-154,-181,-159
-95,-215,-133,147,37,-182,126,76,-65,-177,-193,-145
-77,-221,-132,152,18,-199,106,79,-56,-169,-191,-149
-82,-220,-134,148,28,-181,122,71,-74,-155,-196,-128
-64,-214,-125,143,19,-153,114,64,-61,-149,-195,-162
-49,-166,-125,104,51,-162,124,69,-52,-127,-156,-123
-25,-146,-86,90,19,-122,78,63,-16,-108,-110,-86
-17,-81,-60,61,11,-101,72,48,-43,-74,-107,-71
-37,-66,-32,47,-6,-57,37,11,-10,-40,-51,-47
-4,7,7,4,13,-9,16,-3,-16,-10,-4,-16
24,57,47,-54,-19,37,-44,-18,21,52,31,34
46,126,101,-81,-16,109,-53,-65,32,92,95,92
73,203,121,-137,-37,168,-130,-92,64,137,190,162
110,280,191,-193,-42,226,-155,-127,90,210,265,201
135,365,246,-266,-68,296,-226,-155,99,278,326,257
169,446,307,-323,-72,421,-249,-180,130,347,425,320
197,570,366,-395,-91,456,-319,-209,179,430,499,390
236,666,431,-453,-91,557,-348,-283,206,495,587,472
251,735,504,-526,-88,647,-405,-291,231,593,675,530
290,817,538,-575,-116,696,-454,-332,257,634,757,587
310,928,610,-649,-136,769,-508,-375,264,671,816,633
353,985,640,-677,-147,816,-510,-372,295,742,883,693
345,1040,668,-716,-154,853,-542,-416,307,771,912,716
370,1063,680,-722,-143,875,-609,-420,320,797,937,735
350,1062,702,-727,-154,872,-576,-404,313,770,950,734
375,1052,705,-721,-163,860,-574,-433,319,776,939,718
368,1013,644,-703,-159,867,-577,-407,294,748,888,710
326,985,647,-654,-157,785,-513,-384,274,746,869,698
332,904,588,-607,-118,725,-497,-361,262,686,802,639
296,817,530,-556,-121,656,-447,-338,255,613,733,565
250,715,477,-504,-102,615,-376,-294,231,548,649,486
240,650,402,-406,-60,512,-345,-258,202,478,561,425
157,505,327,-325,-83,437,-268,-193,136,389,476,357
141,426,287,-299,-69,345,-220,-170,138,317,381,293
109,322,203,-237,-35,269,-191,-128,81,232,307,220
101,221,138,-146,-19,176,-109,-89,63,150,198,150
33,111,89,-84,-32,113,-99,-53,61,97,119,93
34,33,29,-17,-1,21,-15,-36,30,12,36,13
-21,-35,-20,31,1,-47,9,12,-9,-54,-16,-27
-43,-111,-55,56,24,-91,59,38,-28,-44,-95,-78
-56,-149,-105,111,34,-132,87,63,-68,-111,-145,-82
-87,-212,-147,149,44,-162,112,65,-58,-167,-167,-134
-85,-250,-171,144,34,-191,123,90,-65,-157,-216,-166
-74,-298,-172,191,47,-234,161,124,-69,-198,-230,-171
-91,-297,-180,175,43,-214,160,105,-78,-196,-248,-193
-105,-286,-185,198,73,-238,161,110,-103,-226,-279,-196
-118,-277,-173,202,34,-238,168,122,-88,-223,-261,-185
-95,-299,-183,182,58,-247,171,96,-78,-210,-244,-190
-82,-279,-169,190,29,-208,125,119,-88,-197,-245,-191
-95,-238,-171,173,30,-196,151,100,-95,-200,-235,-179
-81,-239,-139,158,35,-200,104,90,-80,-155,-215,-132
-94,-218,-117,138,43,-192,118,84,-74,-150,-163,-166
-67,-180,-117,147,23,-163,109,65,-46,-151,-183,-140
-45,-183,-126,122,9,-134,89,78,-52,-141,-156,-123
-71,-138,-102,102,27,-89,85,67,-42,-102,-124,-104
-60,-132,-91,83,6,-112,78,85,-40,-99,-134,-99
-33,-125,-91,64,18,-93,63,49,-37,-82,-105,-75
-50,-84,-48,59,16,-74,59,27,-23,-94,-94,-69
-32,-81,-63,48,21,-65,36,18,-30,-39,-64,-59
-22,-57,-29,40,18,-60,37,16,-10,-34,-58,-60
-19,-51,-31,34,12,-45,19,42,-24,-56,-40,-38
-9,-49,-35,32,14,-41,17,23,-29,-27,-39,-38
-7,-33,-9,12,12,-57,55,29,-8,-61,-43,-36
10,-50,-24,28,-7,-47,28,12,-10,9,-17,-9
-28,-19,-16,23,11,-32,15,30,-22,-35,-31,-33
-10,-34,-12,-12,0,3,14,22,9,-53,-25,-20
7,-33,-24,11,14,-19,14,8,5,-23,-20,-14
-29,-19,-23,5,10,-32,1,14,-22,-16,-11,-5
-2,-29,-6,6,-11,-13,3,11,10,-8,-19,-21
3,-15,-18,23,-10,-4,14,2,-7,-17,-23,0
-2,-5,-12,7,-8,-7,14,16,-12,-9,-26,-10
-14,-6,-13,19,3,-26,5,8,-4,-16,-1,6
4,-2,-11,32,4,-4,10,-8,-6,-15,-9,-22
-32,8,18,2,-17,-21,17,9,-29,-7,-16,8
17,1,-7,15,-10,-19,9,-29,-4,-16,28,0
5,-16,4,11,-17,-2,-2,22,16,-2,4,-24
-1,-6,16,-1,-5,-15,-3,-14,-6,-9,-16,-7
-7,-12,10,20,-21,-7,7,-4,-3,-4,0,-6
-14,14,10,-13,-3,2,-12,11,1,-1,-2,-17
-8,7,5,-14,-9,-10,10,-18,-6,18,-4,19
4,-22,40,-3,14,19,-19,12,-9,3,-5,-3
-10,-8,3,-1,-5,-2,9,17,12,3,-5,6
-1,2,-21,8,-7,13,-31,7,10,10,25,-10
12,3,15,-18,14,-16,-24,15,-2,5,21,-6
6,-9,-14,-5,7,20,-9,20,-5,-14,8,4
1,7,4,-25,7,-1,-4,-19,-18,3,-1,-2
12,13,8,-13,-6,24,-6,-13,-3,30,10,26
-8,42,12,-20,-3,28,-7,-6,-8,13,11,6
8,30,10,-38,-5,15,-9,-18,13,19,45,9
-6,20,5,-27,-8,10,-3,-17,-11,46,20,8
8,14,13,-24,-10,14,-47,-14,-12,34,38,25
12,30,19,-14,8,11,-22,-26,14,17,35,21
7,44,49,-16,-4,27,-22,-20,22,47,31,25
18,47,40,-18,-3,26,-38,-20,33,37,23,17
-2,44,12,-19,-8,45,-32,-23,22,56,30,11
17,68,35,-24,-24,45,-35,-36,24,36,35,11
22,61,30,-31,-3,60,-30,-28,30,66,27,63
9,64,16,-32,-16,14,-22,-31,19,29,37,40
36,48,47,-45,-29,59,-37,-23,13,59,44,30
9,67,44,-54,-16,52,-40,-14,24,71,93,47
7,30,64,-32,-24,51,-23,-23,-1,56,77,35
26,67,41,-42,1,73,-16,-27,23,60,53,46
18,97,33,-77,-3,69,-43,-38,18,53,70,69
-10,80,41,-36,-8,55,-38,-32,6,71,89,51
18,93,51,-71,-18,76,-36,-27,19,62,66,71
26,111,93,-69,-25,77,-58,-42,25,100,89,94
35,105,76,-76,-29,101,-63,-37,35,74,87,75
42,105,62,-83,-3,80,-53,-59,13,69,113,62
36,113,81,-81,-17,116,-77,-44,41,75,87,103
53,125,81,-70,-26,107,-51,-57,24,105,135,91
32,124,85,-99,-23,105,-83,-47,33,114,128,85
64,156,87,-111,-36,101,-67,-35,42,87,118,100
34,148,75,-99,-33,116,-83,-43,34,103,129,131
43,152,68,-91,-25,129,-71,-67,48,120,137,98
67,145,100,-98,-24,114,-88,-74,43,110,136,102
57,159,112,-111,-19,167,-79,-83,63,122,158,116
58,169,114,-132,-33,150,-67,-72,33,139,162,142
93,189,103,-117,-25,152,-91,-82,60,160,172,138
66,181,113,-136,-4,143,-64,-47,59,158,171,124
69,184,149,-150,-25,167,-93,-72,48,157,203,125
77,209,133,-130,-30,146,-109,-83,68,159,175,122
86,205,148,-159,-27,173,-98,-113,54,171,216,142
81,241,148,-175,-45,180,-118,-96,72,188,219,144
81,241,159,-158,-32,209,-140,-91,74,188,194,166
75,238,179,-159,-33,212,-137,-86,71,190,225,152
101,247,153,-141,-33,222,-121,-86,62,220,257,159
86,251,179,-168,-48,215,-145,-101,78,184,249,203
94,256,196,-195,-47,215,-140,-108,71,210,261,193
88,258,175,-175,-33,221,-162,-123,68,214,275,195
98,274,179,-195,-32,235,-154,-123,74,236,272,204
94,292,198,-211,-60,233,-170,-136,100,238,280,208
109,291,190,-210,-26,248,-164,-124,92,228,297,210
115,310,214,-208,-37,247,-150,-139,101,220,311,207
103,336,210,-224,-49,258,-172,-111,108,224,270,234
110,306,206,-214,-68,285,-199,-155,99,231,280,216
112,334,210,-220,-46,271,-203,-158,90,260,303,251
125,352,204,-227,-48,280,-177,-126,103,276,314,250
132,359,215,-204,-42,296,-190,-135,91,253,332,231
148,374,234,-231,-13,291,-199,-139,114,254,322,264
119,357,241,-257,-67,293,-202,-146,107,263,322,249
124,383,243,-244,-57,323,-202,-150,114,261,327,258
154,384,246,-254,-64,299,-208,-172,104,266,326,260
115,391,251,-264,-60,289,-206,-145,105,284,342,269
135,391,244,-259,-31,310,-202,-165,109,291,360,270
110,389,249,-269,-44,314,-197,-156,111,284,349,266
143,401,256,-260,-76,318,-224,-149,122,302,358,276
141,439,253,-280,-46,336,-219,-175,112,280,343,280
154,414,260,-259,-66,360,-236,-168,112,302,359,287
153,404,264,-269,-71,355,-232,-168,114,284,372,301
140,404,262,-309,-71,347,-211,-165,102,311,376,306
151,405,273,-285,-66,350,-233,-185,129,300,367,296
149,415,281,-280,-74,351,-230,-174,132,295,383,280
138,421,265,-296,-51,355,-234,-169,134,287,372,268
143,409,275,-279,-59,346,-213,-160,118,316,397,282
155,403,283,-266,-65,358,-226,-168,119,322,373,311
160,420,238,-299,-73,319,-234,-183,142,298,374,293
147,422,268,-283,-55,348,-231,-157,137,323,365,304
151,417,257,-284,-54,351,-232,-153,126,311,376,287
154,426,281,-274,-65,355,-219,-169,130,322,395,280
146,418,260,-298,-58,356,-236,-172,115,276,368,290
123,407,268,-277,-71,339,-235,-174,126,307,387,302
144,404,263,-274,-67,360,-215,-165,114,306,382,279
149,404,271,-280,-74,327,-224,-178,115,315,359,251
140,393,252,-291,-74,327,-236,-161,126,292,351,286
150,410,246,-275,-55,324,-252,-153,113,308,367,265
142,406,288,-268,-49,318,-204,-144,104,307,348,251
132,388,267,-271,-53,336,-212,-165,96,319,345,285
133,369,261,-235,-57,331,-207,-146,116,285,339,277
126,359,229,-261,-38,327,-215,-150,79,273,345,244
128,356,222,-233,-56,322,-192,-144,112,284,337,244
106,368,212,-252,-58,312,-190,-140,125,244,327,260
126,366,239,-234,-38,288,-187,-136,101,272,325,248
120,368,225,-251,-56,287,-186,-133,96,288,319,238
136,349,231,-233,-53,289,-204,-131,107,262,305,232
107,337,211,-239,-55,262,-185,-142,115,268,308,249
119,343,231,-221,-62,283,-179,-157,118,236,289,221
108,313,215,-229,-46,268,-174,-114,108,237,293,232
130,300,193,-208,-34,268,-163,-128,106,229,281,256
133,293,200,-232,-40,264,-169,-140,94,225,279,190
112,306,207,-213,-35,258,-148,-128,87,204,245,235
85,281,189,-209,-34,224,-160,-127,76,228,258,219
100,292,184,-195,-32,215,-153,-123,100,211,254,206
82,268,171,-197,-15,218,-155,-118,74,200,235,197
97,288,162,-178,-45,219,-141,-120,94,203,248,194
59,277,164,-184,-44,213,-142,-101,77,203,229,176
77,274,184,-166,-55,197,-130,-76,67,182,218,172
78,236,157,-166,-33,205,-133,-105,91,169,214,160
91,240,156,-159,-45,190,-134,-77,74,177,203,156
75,220,139,-166,-24,179,-136,-95,52,184,208,156
81,206,152,-150,-17,190,-122,-69,71,150,212,153
58,210,139,-163,-32,167,-110,-77,66,142,170,151
41,191,143,-132,-30,137,-98,-87,60,125,173,153
60,189,117,-120,-27,164,-109,-78,73,144,163,120
57,180,112,-125,-27,154,-102,-92,61,114,168,123
52,159,126,-122,-26,131,-102,-85,30,129,163,119
49,155,102,-123,-16,123,-76,-72,44,132,142,123
61,174,76,-108,-31,151,-82,-55,68,109,144,96
29,154,99,-103,-20,129,-89,-57,53,109,123,102
47,159,84,-124,-12,120,-97,-51,38,109,125,80
33,131,76,-110,7,123,-56,-52,62,107,132,92
65,120,55,-90,-11,97,-77,-44,41,93,99,107
42,93,71,-75,-11,102,-63,-50,30,93,119,99
23,112,77,-94,-1,75,-53,-42,16,84,109,68
51,106,82,-82,-11,97,-74,-36,26,96,92,77
34,119,71,-65,-39,107,-52,-48,29,63,79,64
32,95,71,-62,-6,101,-40,-41,29,85,77,45
15,78,56,-54,-31,52,-50,-22,31,74,76,63
44,71,35,-63,-15,92,-50,-15,33,31,71,49
16,95,51,-62,-7,82,-40,-16,25,52,61,65
20,65,53,-43,-14,45,-37,-28,18,51,68,36
11,76,31,-54,-36,55,-42,-30,-10,73,47,29
5,82,39,-28,-3,62,-22,-23,-6,50,50,18
22,66,49,-33,-4,63,-39,-16,19,60,53,54
16,64,29,-27,4,41,-30,-16,5,34,33,46
16,39,44,-23,-3,12,-46,-30,26,45,33,27
6,32,41,-30,11,41,-33,-8,-3,33,41,43
25,38,35,-28,9,27,-29,-21,16,30,54,30
7,38,7,-24,-11,13,-20,-15,6,9,33,16
35,35,-1,-34,-15,43,8,-12,12,35,36,18
10,13,32,-25,8,21,-1,-17,10,29,12,-3
-12,16,26,-5,6,21,0,-15,3,44,28,0
-16,35,5,-14,4,31,-23,16,-14,14,16,17
1,10,22,2,6,-6,-17,-14,18,-3,12,20
10,18,30,-5,-15,1,-21,11,-1,-2,11,15
-6,0,10,-15,-29,0,-6,13,1,20,12,11
17,7,0,0,-14,-4,8,-24,4,3,-16,1
1,2,-5,-27,-3,-4,-8,11,3,-5,17,24
8,-10,-1,-10,-8,12,0,-6,6,4,3,-2
-7,22,-11,-6,26,-5,0,-2,13,21,3,-11
5,-3,2,-18,-15,6,-8,-28,-13,14,10,1
3,-10,-17,-22,5,-22,-5,11,-17,-7,7,13
-30,-3,-3,8,0,-12,-1,-4,-1,-22,-9,12
-2,2,3,0,0,8,-9,4,17,-9,-14,5
1,-2,-10,8,7,-8,-1,24,-26,-10,-4,0
-10,-6,-25,17,-1,36,7,-19,-10,-12,-5,-10
-13,9,-23,10,7,3,12,-9,-17,-9,6,-33
-3,1,2,1,-2,-17,-5,9,-7,2,14,-13
-3,-10,1,19,0,-3,-9,-10,-7,2,-25,-2
-15,15,14,10,-9,-14,15,7,-35,-13,-8,-6
-10,-27,-22,7,-6,8,17,17,-2,-21,-4,-15
0,-25,-18,13,26,-5,17,12,-8,-5,-4,-2
-10,-9,-16,18,26,-8,0,7,-14,-14,-12,0
-1,-24,4,17,-4,-18,27,-6,-11,-3,6,-6
4,-22,-32,9,-5,-4,-8,4,1,-5,-40,-6
3,3,8,-5,-10,-4,18,32,-18,-7,-7,-12
-6,-6,-3,7,29,-2,6,-15,-27,6,-26,-20
-26,-16,10,13,-3,12,20,20,-23,2,-17,-1
-9,-1,-17,31,11,-4,27,1,20,-4,16,-14
-1,-12,-26,-3,20,-26,8,14,-16,-14,-30,-11
-14,-20,7,-8,9,5,28,9,-24,-11,-26,-18
8,-16,-7,10,-7,-24,4,39,-15,-20,-17,-7
-20,-31,2,5,9,-11,-19,18,-22,-16,-20,-22
-29,2,-16,-3,14,-26,13,-4,-6,-16,-15,-17
1,-9,7,19,24,-29,3,24,19,-4,-4,-15
-4,-26,-8,21,11,10,-15,-3,8,2,-8,-23
-4,2,-2,-4,-9,-36,33,1,-19,-9,0,-13
-15,5,-26,-2,36,1,26,14,9,13,-19,1
-9,6,-13,9,15,-26,28,-20,-7,-19,-9,-25
-5,-22,-7,7,-19,5,22,4,1,-11,-25,3
-15,6,-10,24,10,-13,23,13,-40,-16,2,13
-17,-10,-10,12,7,-2,7,6,-18,-43,-22,-8
-5,-4,-4,24,-7,-10,3,6,18,-15,-27,10
3,1,-19,-6,-5,-12,12,8,-20,-8,1,-8
-5,-25,5,-5,-5,-22,-1,4,17,-8,-4,-20
13,-16,-10,1,-10,-25,-9,-1,5,-2,-19,-11
5,-8,-29,5,1,-14,0,-7,-1,22,-8,-11
-5,-28,-2,9,7,-5,15,15,-13,-28,-2,-20
14,-32,-1,-1,15,-7,20,5,7,10,-23,-7
-25,-23,-8,7,-4,-11,3,-22,-5,-11,-12,3
-13,-8,7,-12,-14,8,8,23,17,-15,-10,-18
7,-25,-18,-19,20,-23,11,1,-10,-3,-25,-8
2,11,-33,21,22,-6,-2,5,14,-25,-21,-8
-22,-18,-9,21,2,-10,17,-2,-21,4,-9,15
-4,5,-4,6,-3,-17,-5,1,3,7,1,-6
-6,-10,8,10,-21,-8,3,-3,20,-7,-3,1
40,-14,0,11,-1,-13,10,-3,24,0,-15,-18
-17,-7,1,-6,9,2,14,1,-11,23,-13,-21
-9,-13,-6,2,12,11,6,-8,-1,1,-12,-4
21,-9,-2,-2,25,-9,9,2,-4,-2,9,5
30,-3,-34,-10,1,-17,17,10,3,3,-16,-5
8,-11,19,-2,11,-5,-22,19,-1,-5,4,6
6,5,-1,10,-13,7,-16,2,-12,4,2,3
-17,1,-3,13,4,-30,3,17,-4,17,-3,7
-14,-3,1,-7,-4,-1,1,18,-5,5,-5,-28
-29,-30,16,9,-10,-11,8,-29,26,-16,-4,-6
10,-13,-9,-8,27,-8,-23,3,12,8,24,-17
-9,7,-24,-3,-25,-15,27,-1,-19,-23,-11,-19
-7,6,-11,15,14,-10,8,-12,6,-2,-11,-3
27,4,-9,-19,13,11,3,1,-3,-25,2,-31
-1,-5,20,3,-4,-17,3,10,0,-3,-4,-20
-16,-5,-13,1,14,16,-4,-10,-21,2,5,-9
-3,11,0,12,-19,3,8,2,-11,-1,-9,-2
15,-1,-12,11,4,1,-3,2,-1,-13,-7,13
2,3,8,2,7,-7,-17,25,-2,-2,5,19
2,-14,8,2,1,12,8,6,22,16,8,-20
-4,-15,3,-6,4,5,4,-17,2,-14,-18,4
15,24,-3,3,3,-2,17,-1,-5,-2,-5,21
9,41,-16,-4,2,3,-15,-5,17,-8,-14,5
6,17,-2,-17,8,11,-14,8,22,-26,-11,-5
5,6,21,3,13,-21,16,-23,-13,-7,10,25
-22,12,-21,-14,22,9,15,-17,-1,20,-14,-2
16,-3,-1,-22,-6,14,-21,21,0,8,14,-4
6,0,-5,0,-4,-5,15,4,-7,7,-7,15
0,13,9,-4,-20,-7,1,-10,13,8,-1,-17
-12,23,-1,-13,-12,8,7,-7,2,7,-16,5
5,4,24,2,-19,7,8,-7,-3,7,5,13
-10,23,-12,-10,0,7,5,-8,0,3,14,3
1,13,-5,-12,12,6,8,-5,-4,6,16,5
-9,-5,18,-5,12,14,-5,-2,4,18,29,24
0,-25,13,-7,1,24,2,-13,-10,4,7,7
-9,18,0,-18,26,-7,11,-9,-9,0,-11,4
-15,12,26,10,9,24,-19,-27,7,7,6,-4
-3,16,12,2,14,9,16,2,3,22,-1,17
6,0,-4,7,3,2,-25,6,14,11,25,6
11,17,9,-2,1,6,-10,2,-2,-5,3,10
23,-6,28,-7,-8,-5,-5,-14,3,2,-12,19
-13,14,14,-15,-23,28,-18,2,6,9,5,5
8,7,-8,14,-2,9,-1,-1,14,11,-16,-4
-2,9,17,13,-11,28,-27,-3,-9,7,5,-2
-3,18,4,-6,-6,5,11,-6,-1,12,20,7
-4,10,14,-4,5,-7,-9,-11,14,0,1,3
12,9,5,-7,-25,13,15,5,-1,6,22,9
-13,17,32,-19,-14,17,2,11,-3,13,6,21
11,6,-11,1,9,20,-2,-7,-9,-3,-5,21
-9,41,22,-7,17,1,-5,-24,-14,15,-2,0
-20,-14,-7,3,-23,35,-19,-25,9,16,6,18
21,6,1,-12,1,-1,5,16,-2,5,-8,8
-6,0,15,-19,-8,27,0,-21,-6,23,16,-14
15,13,17,0,-10,8,6,-3,0,4,11,-12
11,8,8,-13,-7,24,-19,-12,5,19,9,2
-2,29,11,18,-2,16,-9,18,15,10,2,3
10,41,8,3,-7,19,-3,17,-6,6,13,2
10,24,-3,-11,-5,-9,6,-18,14,30,-2,0
-3,14,22,6,1,7,5,9,14,5,34,9
-3,16,19,-4,11,9,8,-13,18,29,18,-1
10,25,27,-8,22,5,8,6,19,29,8,19
-6,15,11,-14,11,16,-20,4,2,18,-7,18
-2,-5,3,11,-7,14,-25,-11,-9,27,3,9
7,28,23,-8,-6,3,10,3,-3,-4,15,-9
-8,14,27,13,-11,38,-15,16,9,23,15,12
-2,18,-5,-14,-4,20,-9,8,12,20,45,25
13,15,7,-12,-6,22,-36,-14,19,15,45,18
6,17,15,1,-13,31,-8,-4,-6,16,19,-12
5,20,28,-24,-14,24,3,-7,9,12,-11,16
8,53,-6,-23,-15,21,-12,-2,17,7,26,17
14,28,-5,-5,-16,20,-19,-3,18,29,33,11
4,26,35,6,13,7,-10,-17,-6,4,11,10
23,29,10,-16,-14,-5,0,-13,-17,17,36,6
17,13,14,-41,11,7,-21,-19,0,25,28,4
6,27,20,-20,20,18,15,-13,33,20,12,11
9,37,11,-5,2,-6,-21,-11,-7,9,32,11
7,45,14,-32,-6,28,6,-28,-15,6,21,29
5,13,12,-14,-27,12,0,-16,18,31,16,38
16,36,12,-8,-9,34,-13,-21,-7,11,26,3
15,24,38,-43,-18,31,-18,-30,14,40,41,19
1,56,19,-9,-11,29,9,-11,1,19,25,48
21,52,35,-37,-3,26,-34,-17,21,36,54,29
13,35,24,-26,-8,36,-25,-21,-4,34,20,29
22,65,20,-52,-6,52,-33,-28,24,21,51,57
9,56,28,-31,-22,58,-24,-13,-8,42,35,32
1,42,37,-22,9,33,-58,-11,34,24,35,39
19,55,22,-30,1,56,-36,-42,8,37,51,48
11,58,17,-64,-14,51,0,-15,25,51,52,43
13,80,61,-37,-10,78,-32,-6,-10,37,44,58
23,69,53,-73,1,30,-19,-18,31,75,61,59
36,80,58,-43,-20,54,-42,-52,27,66,53,41
49,81,48,-37,1,45,-51,-22,23,63,81,84
45,83,53,-60,3,64,-64,-19,36,46,84,62
33,107,52,-69,-30,89,-35,-47,31,56,50,61
33,102,50,-56,-32,76,-73,-53,14,77,71,74
40,104,70,-79,-5,66,-55,-49,33,82,98,54
39,112,80,-73,-27,103,-38,-31,30,86,101,75
44,89,71,-75,-6,91,-50,-26,52,91,104,79
41,122,71,-82,0,89,-62,-64,48,95,104,77
51,138,80,-96,-32,117,-76,-53,22,107,116,102
24,138,97,-97,-26,113,-102,-53,44,105,130,101
39,155,87,-112,-21,128,-76,-56,47,114,117,86
55,137,85,-113,-20,133,-107,-56,68,106,152,80
69,158,112,-102,-19,131,-92,-77,74,115,134,123
57,148,127,-96,-41,154,-89,-70,27,122,151,131
44,185,122,-142,-12,149,-108,-80,53,114,149,133
85,186,130,-129,-30,156,-101,-87,58,169,168,121
74,197,125,-127,-9,153,-104,-79,60,153,167,148
65,219,115,-145,-20,151,-103,-102,90,158,188,158
82,223,157,-181,-24,189,-117,-87,61,159,207,137
70,212,152,-144,-26,196,-105,-108,46,158,216,160
76,227,141,-142,-33,193,-134,-80,65,184,188,173
89,236,165,-138,-30,212,-138,-110,93,162,240,164
91,243,153,-173,-43,197,-133,-100,88,192,243,177
79,272,110,-166,-44,214,-154,-101,80,222,233,176
88,247,149,-181,-20,228,-145,-73,85,192,233,180
87,252,180,-183,-32,223,-133,-129,66,201,238,184
102,271,176,-191,-45,223,-141,-101,59,210,261,185
111,282,191,-192,-45,229,-150,-115,88,204,255,209
112,280,177,-208,-43,236,-154,-116,80,225,236,190
93,299,190,-212,-71,228,-165,-128,87,211,269,206
96,295,189,-186,-42,237,-169,-127,89,219,262,199
121,309,161,-198,-27,234,-179,-126,121,231,259,207
99,302,186,-204,-62,254,-159,-123,89,217,265,212
98,296,206,-206,-73,249,-164,-113,88,240,258,210
117,300,203,-235,-59,230,-163,-94,81,222,251,232
96,297,189,-202,-59,250,-171,-124,99,229,286,203
90,324,182,-193,-65,235,-189,-133,77,243,266,194
81,302,190,-206,-46,254,-144,-135,77,204,274,211
104,283,202,-203,-47,260,-167,-113,97,225,257,212
126,295,193,-204,-72,235,-173,-99,88,219,279,197
90,309,213,-199,-67,240,-156,-118,91,218,258,203
117,288,187,-202,-35,242,-157,-122,90,223,282,181
113,282,161,-197,-45,221,-159,-135,86,229,226,208
105,273,195,-171,-34,221,-158,-89,63,201,235,206
98,294,199,-183,-55,212,-144,-102,98,219,258,203
83,255,165,-157,-39,209,-142,-96,67,199,231,170
67,280,142,-187,-31,219,-139,-92,60,207,231,188
103,248,155,-186,-38,205,-133,-111,68,176,243,199
82,248,159,-172,-36,191,-129,-105,78,148,210,171
91,225,148,-154,-27,202,-145,-133,68,169,215,152
64,229,138,-152,-35,206,-117,-107,77,170,206,143
66,230,142,-154,-30,175,-121,-94,70,169,188,146
96,194,140,-131,-49,168,-111,-84,52,158,202,152
61,182,152,-129,-12,156,-101,-84,63,143,182,141
61,210,143,-147,-29,168,-118,-90,55,152,166,147
62,166,103,-141,-46,165,-115,-76,47,134,178,138
59,165,103,-118,-23,140,-110,-69,36,120,130,105
70,166,121,-110,-17,143,-77,-52,50,112,131,103
64,158,98,-96,-7,116,-55,-65,35,111,139,103
41,133,92,-89,-10,134,-85,-63,45,76,124,110
54,141,98,-81,-43,122,-92,-50,21,78,137,90
36,109,77,-94,-10,109,-82,-43,28,100,114,119
38,121,74,-79,-30,75,-59,-72,15,102,126,105
48,115,97,-73,-16,109,-65,-56,46,101,95,81
29,110,76,-88,-5,106,-68,-19,61,86,113,81
34,97,68,-74,-29,89,-49,-49,16,101,101,71
38,103,55,-60,-7,55,-51,-66,32,86,95,83
46,78,60,-65,-12,103,-48,-38,50,57,103,68
-3,62,78,-75,4,78,-48,-47,10,58,70,69
23,83,51,-49,-6,57,-30,-31,24,53,60,61
26,90,50,-29,-18,43,-42,-40,10,67,61,59
39,80,36,-55,-16,60,-40,-15,28,41,80,40
20,43,55,-41,-26,60,-41,-34,32,51,51,51
23,56,56,-34,-6,38,-33,5,27,48,42,51
36,85,50,-35,-13,63,-51,-18,19,73,56,39
8,75,44,-29,-11,34,-42,-23,20,32,64,30
29,51,35,-33,-14,48,-8,-21,12,42,35,29
-1,64,11,-33,-11,41,-19,-1,18,26,26,29
13,57,40,-58,-18,39,-5,1,26,44,38,41
7,61,32,-25,-9,37,-35,-34,11,14,54,7
26,31,32,-15,10,39,-36,-10,29,38,44,10
10,31,19,-31,-8,28,-21,0,24,34,33,26
15,31,27,-25,4,29,-37,-27,-4,25,28,46
2,41,37,-14,-10,42,-7,-14,17,41,41,19
11,45,39,-24,-22,25,-5,-26,2,50,45,20
36,13,22,-30,9,60,-31,-26,15,16,31,24
18,21,24,-12,-9,35,-22,-2,8,-8,15,13
6,38,25,9,-7,14,-9,-4,13,-5,21,19
-2,29,29,-32,-14,32,-3,-17,30,32,29,14
-1,18,9,-19,7,29,-7,-21,0,13,20,32
-9,7,6,-8,-17,11,-21,-20,-6,30,21,1
12,7,-8,-24,2,21,-10,14,-1,17,24,3
18,5,4,1,-7,10,0,-15,10,16,15,7
1,-4,4,-4,-10,-21,31,6,-7,-2,-3,-14
-6,2,7,4,-11,1,11,-16,3,3,-18,-3
22,-33,-21,13,13,-24,8,11,-5,-7,-28,-26
4,-38,-30,18,11,-33,21,26,-28,-21,-22,-27
-16,-50,-33,29,16,-34,24,32,-25,-28,-60,-25
-23,-52,-51,45,16,-65,39,35,-27,-38,-58,-36
-11,-71,-30,52,-4,-77,47,18,-43,-31,-45,-40
-28,-81,-77,63,-10,-70,48,45,-13,-52,-74,-66
-40,-95,-62,65,15,-78,46,41,-5,-86,-82,-52
-51,-119,-49,66,35,-103,50,38,-34,-82,-103,-77
-48,-95,-74,71,17,-106,56,47,-46,-93,-117,-84
-52,-125,-85,78,17,-108,76,38,-19,-82,-109,-74
-24,-105,-52,96,24,-115,86,36,-54,-87,-97,-87
-62,-98,-82,58,12,-104,75,77,-50,-119,-134,-118
-35,-101,-31,90,14,-109,68,68,-36,-93,-93,-85
-41,-105,-57,48,24,-91,57,30,-40,-74,-92,-91
-40,-68,-58,56,2,-61,25,44,-32,-52,-65,-70
-17,-45,-44,23,6,-56,44,15,-15,-23,-45,-39
-27,-20,-14,-11,-8,-32,-2,21,6,-12,-37,-15
38,43,34,-21,-23,24,-17,-25,9,53,50,33
21,92,46,-60,-28,74,-54,-39,23,73,62,61
51,164,114,-105,-29,127,-92,-64,58,116,138,93
78,232,165,-175,-30,207,-128,-112,87,194,217,172
84,329,199,-206,-53,263,-208,-148,102,239,285,213
138,419,258,-264,-59,331,-211,-157,153,304,383,282
194,501,323,-359,-83,428,-278,-222,157,386,451,343
200,629,390,-398,-114,493,-331,-217,168,457,544,423
241,719,451,-486,-108,589,-391,-274,211,545,622,490
286,770,527,-533,-123,665,-432,-324,243,611,695,558
311,874,576,-598,-111,730,-489,-337,242,645,793,603
349,934,623,-628,-154,792,-549,-390,293,699,862,665
367,1043,671,-685,-161,853,-578,-407,328,766,924,706
387,1060,714,-727,-163,878,-618,-425,337,811,984,757
408,1107,703,-764,-141,907,-628,-438,312,832,981,760
373,1109,709,-765,-157,933,-613,-455,349,830,1004,774
385,1109,725,-750,-153,926,-599,-456,329,837,991,778
388,1083,721,-740,-134,883,-602,-446,322,800,969,744
369,1048,673,-726,-167,855,-576,-401,320,804,938,726
340,1001,643,-660,-155,810,-529,-379,304,735,873,683
309,911,579,-617,-120,745,-507,-355,248,677,814,657
295,824,517,-551,-138,665,-439,-340,260,587,738,585
252,722,448,-492,-107,601,-405,-302,233,539,628,500
216,620,382,-404,-73,518,-322,-249,214,463,543,405
156,503,310,-349,-97,418,-278,-187,161,391,455,362
138,375,224,-281,-55,326,-228,-163,143,283,354,276
103,293,204,-203,-38,247,-169,-128,108,227,281,215
80,235,149,-133,-19,162,-116,-94,62,157,182,140
59,123,90,-85,-12,93,-72,-37,34,81,110,55
27,28,16,-19,14,36,1,-21,22,15,50,10
-14,-41,-46,18,17,-21,16,-3,-35,-37,-42,-30
-30,-92,-41,78,22,-87,45,36,-19,-74,-78,-79
-51,-133,-95,87,30,-89,102,65,-30,-130,-110,-102
-92,-188,-113,133,39,-165,97,68,-72,-142,-194,-127
-80,-223,-125,144,27,-187,141,81,-58,-159,-204,-158
-95,-237,-167,190,38,-196,150,115,-67,-161,-224,-184
-78,-243,-138,172,35,-213,154,97,-96,-178,-240,-168
-66,-260,-142,178,38,-212,148,78,-95,-177,-231,-180
-99,-257,-185,189,46,-225,147,111,-71,-201,-222,-190
-94,-244,-160,170,25,-185,107,97,-80,-171,-222,-166
-66,-241,-151,169,33,-200,123,101,-69,-163,-229,-175
-68,-222,-150,143,10,-178,122,85,-54,-164,-211,-155
-71,-202,-127,126,6,-151,114,76,-71,-136,-191,-154
-53,-164,-114,116,26,-162,79,51,-79,-145,-155,-130
-52,-172,-95,108,39,-146,90,74,-58,-129,-151,-118
-44,-153,-76,92,23,-99,101,61,-36,-105,-141,-88
-51,-117,-81,70,22,-88,72,45,-52,-92,-88,-79
-26,-118,-61,50,19,-76,59,27,-21,-56,-89,-59
-23,-75,-68,53,-4,-53,72,29,-5,-41,-57,-40
-14,-55,-19,45,10,-67,39,19,-25,-29,-50,-39
-6,-60,-37,47,-3,-44,30,14,-15,-23,-40,-53
-12,-44,-15,39,-1,-26,20,33,-12,-21,-7,-21
-15,-48,6,4,2,-20,22,16,-2,-28,-15,-8
22,-33,-26,13,8,-27,2,-7,-7,-16,-7,-20
-7,-14,-15,-15,31,12,2,16,-8,9,16,6
-5,-14,0,-2,7,0,0,10,-1,4,3,-3
2,2,8,3,0,-16,-3,4,8,-14,1,18
-6,14,17,-5,3,6,0,-16,1,-15,-16,20
3,9,17,-7,-11,3,-5,-22,14,7,14,7
-28,6,11,0,-1,-1,3,-6,-17,11,-2,12
1,20,13,-12,20,5,26,-10,-8,18,4,-6
-9,14,14,-15,-22,16,-1,-6,22,6,15,17
-3,-7,17,-23,-6,16,-7,-8,-7,15,15,3
-12,5,25,-27,0,36,-19,7,3,16,-2,28
-6,14,34,-11,-5,13,0,2,26,32,8,24
13,17,2,-24,2,19,4,2,3,22,20,6
-4,5,10,-41,6,-4,-21,8,0,30,24,13
14,36,23,-21,7,19,-5,-15,7,24,28,25
2,40,9,-10,-17,9,-12,-18,19,10,26,2
11,27,26,-28,-4,23,-2,2,18,26,18,22
28,21,3,-15,-24,31,-19,-15,19,16,19,23
1,28,28,-25,19,32,-16,-6,-9,20,12,0
19,41,13,-27,-20,23,-8,-13,3,6,17,50
-8,43,0,-18,-25,24,-22,-13,31,12,16,25
-4,51,33,-22,-3,30,-27,-15,20,31,22,36
14,41,16,-33,6,26,-24,-28,19,37,-4,27
5,46,35,-13,-14,31,-23,-18,6,22,26,27
23,56,-7,-22,16,32,-15,-15,8,39,46,29
32,24,29,-46,-10,39,-2,3,19,46,38,21
10,41,37,-44,-3,43,-25,-10,3,13,47,29
14,57,20,-47,4,37,-7,-11,27,16,43,42
-1,50,52,-42,-20,31,-26,-22,27,30,66,45
33,60,36,-31,-17,61,-44,-27,9,30,45,41
27,57,21,-55,-9,41,-37,-19,8,40,43,46
27,64,44,-33,-14,69,-39,-9,12,49,53,64
18,61,60,-43,10,39,-19,-17,13,50,65,48
41,75,42,-36,3,65,-53,-17,12,54,55,72
31,60,22,-37,-18,62,-24,-37,-1,44,70,26
47,70,44,-51,-24,52,-31,-30,13,44,54,58
32,83,73,-57,-7,56,-61,-24,5,84,76,72
40,80,41,-66,-9,91,-31,-12,45,75,89,71
40,87,74,-71,-13,70,-52,-34,40,65,95,59
29,90,67,-65,-16,78,-54,-32,4,60,86,72
44,115,59,-76,-18,98,-30,-46,24,79,76,59
43,122,73,-77,-32,79,-71,-55,30,69,79,79
25,111,67,-67,-28,92,-69,-52,20,84,102,71
57,111,64,-69,-37,96,-62,-40,31,90,102,75
55,113,86,-75,-15,102,-89,-46,32,87,101,97
33,118,83,-82,-35,121,-67,-43,46,102,120,86
41,137,76,-89,-21,117,-60,-53,49,103,138,77
57,134,73,-89,-36,114,-94,-63,38,108,139,102
54,136,93,-91,-28,118,-94,-79,40,102,150,88
56,158,105,-99,-45,133,-72,-66,52,97,128,107
27,160,114,-110,-37,159,-91,-50,46,118,143,112
76,169,119,-126,-27,143,-81,-72,59,123,139,126
66,169,126,-118,-16,167,-118,-64,66,139,150,125
81,181,115,-116,-7,149,-101,-74,32,140,128,135
65,203,132,-123,-22,165,-103,-87,76,133,184,145
92,199,142,-135,-27,176,-109,-70,59,149,187,149
83,221,144,-141,-41,165,-116,-77,73,176,184,149
79,202,143,-153,-43,188,-130,-102,59,165,188,135
72,243,139,-161,-47,197,-125,-94,80,166,198,156
111,215,143,-145,-33,182,-121,-99,88,177,193,151
98,240,154,-140,-49,195,-112,-115,69,205,201,158
109,263,167,-163,-34,211,-146,-71,75,187,231,175
77,248,165,-183,-24,221,-150,-83,84,188,236,170
77,235,168,-172,-34,234,-131,-118,75,187,229,196
78,259,169,-186,-63,223,-136,-121,58,198,250,179
83,266,205,-193,-67,237,-152,-126,74,197,274,181
99,289,169,-179,-42,239,-150,-110,74,221,262,212
108,293,206,-191,-54,239,-169,-123,104,222,276,210
102,318,210,-205,-73,254,-190,-112,75,207,257,210
133,299,217,-206,-51,265,-167,-136,72,251,285,215
89,357,217,-237,-54,272,-175,-103,110,233,298,237
106,318,201,-223,-33,280,-184,-129,103,256,297,236
130,321,235,-223,-66,269,-173,-144,107,259,296,234
144,338,213,-231,-56,277,-201,-127,104,270,312,237
127,355,221,-237,-68,298,-218,-165,105,273,327,246
141,369,250,-236,-64,290,-197,-144,128,260,356,244
122,373,229,-243,-75,303,-209,-149,106,277,327,248
135,382,230,-260,-83,323,-213,-153,123,274,356,257
129,393,256,-243,-47,323,-221,-161,101,280,355,259
143,380,252,-233,-72,317,-209,-153,124,300,356,263
146,397,238,-264,-32,337,-240,-196,104,295,363,260
151,382,267,-275,-74,338,-250,-170,95,323,364,296
147,408,292,-302,-48,331,-213,-176,119,305,369,290
138,398,288,-280,-41,341,-234,-161,124,316,387,292
134,391,284,-277,-65,349,-222,-178,130,317,391,298
174,433,256,-292,-81,363,-226,-185,128,339,385,278
175,433,277,-287,-76,355,-225,-180,124,327,368,305
145,426,308,-262,-66,347,-230,-169,132,340,383,311
172,444,282,-293,-74,367,-239,-192,137,342,399,307
158,463,288,-305,-55,379,-219,-198,134,326,381,307
177,431,300,-317,-60,376,-248,-181,146,331,407,310
146,450,275,-313,-71,361,-232,-182,159,358,401,321
146,456,291,-304,-63,385,-246,-183,123,345,395,309
150,451,307,-300,-78,390,-248,-184,137,335,402,324
149,442,279,-305,-48,375,-243,-202,139,323,385,323
132,449,298,-312,-61,370,-244,-195,136,351,407,301
155,433,305,-324,-49,385,-262,-186,131,326,407,326
119,444,295,-306,-90,361,-243,-169,137,319,431,302
152,463,298,-289,-66,366,-262,-177,134,326,412,330
167,454,292,-307,-44,377,-232,-172,133,334,410,315
181,454,294,-305,-58,378,-237,-178,139,314,404,311
169,430,281,-324,-72,361,-228,-177,133,335,410,324
149,453,286,-309,-66,364,-259,-176,98,315,395,296
159,430,273,-296,-54,360,-228,-178,133,340,374,304
144,443,256,-292,-85,362,-233,-174,133,338,401,295
155,446,278,-273,-78,354,-242,-189,127,327,381,319
160,432,298,-285,-66,377,-232,-164,113,343,381,323
141,405,281,-316,-49,334,-229,-155,123,305,366,280
165,423,268,-301,-60,335,-243,-170,114,313,386,291
149,409,283,-266,-72,340,-220,-154,132,311,396,287
160,397,257,-282,-53,302,-210,-156,100,305,361,308
143,400,240,-264,-55,335,-218,-160,119,276,371,283
129,392,230,-250,-68,333,-195,-161,121,267,365,283
133,387,256,-285,-74,335,-243,-159,119,281,347,286
121,391,249,-266,-56,318,-226,-155,99,280,362,256
123,377,262,-250,-70,315,-213,-167,119,272,328,275
103,369,230,-284,-35,293,-222,-157,121,263,316,254
114,347,197,-241,-48,301,-200,-146,103,276,339,255
124,348,229,-234,-43,295,-193,-136,104,263,285,258
129,332,232,-226,-35,284,-194,-144,98,226,309,237
110,338,221,-245,-18,265,-172,-146,100,258,305,257
109,298,199,-218,-50,283,-174,-126,101,258,309,209
125,308,205,-230,-36,264,-196,-127,97,230,278,236
115,317,195,-219,-61,267,-160,-128,115,216,289,221
105,302,207,-218,-39,239,-148,-117,97,220,282,214
103,291,199,-189,-33,244,-166,-141,105,228,276,182
99,272,173,-198,-48,240,-148,-96,86,196,262,205
94,272,195,-187,-31,214,-151,-101,63,175,238,180
100,252,149,-175,-44,215,-124,-78,70,201,222,176
76,272,164,-181,-30,206,-152,-111,69,192,228,176
94,251,167,-179,-47,202,-128,-82,83,179,215,162
68,218,163,-169,-17,212,-133,-98,69,183,233,134
86,218,136,-158,-28,183,-119,-97,61,177,229,143
62,231,152,-159,-17,177,-130,-88,78,161,177,139
74,214,139,-161,-24,177,-110,-105,57,147,176,128
76,194,136,-137,-36,179,-118,-71,52,166,165,154
78,194,122,-137,-32,177,-82,-85,69,153,157,132
73,183,123,-137,-9,178,-114,-64,71,149,170,150
57,178,120,-122,-37,154,-102,-78,48,124,153,106
60,163,101,-131,-44,126,-90,-68,46,115,155,108
68,163,93,-99,-11,121,-85,-53,49,117,137,90
67,150,96,-123,-44,120,-70,-62,48,109,137,105
45,155,103,-97,-27,120,-91,-57,61,124,130,105
52,125,93,-95,-29,127,-103,-72,48,119,102,109
66,103,83,-88,-36,119,-59,-43,14,89,122,80
33,120,59,-87,1,110,-59,-72,32,90,128,98
47,136,64,-96,-16,109,-58,-46,45,110,87,63
36,99,61,-89,-7,90,-59,-63,37,74,73,74
33,116,75,-97,-22,85,-61,-42,30,70,93,75
19,82,67,-50,-10,80,-60,-18,31,72,78,70
9,90,67,-55,-14,65,-51,-55,-4,79,70,70
29,80,67,-65,-25,58,-57,-20,8,87,81,53
-2,88,41,-69,1,53,-22,-51,20,61,47,59
20,68,40,-31,-11,63,-53,-4,24,46,68,72
26,57,35,-37,-16,65,-34,-20,18,32,53,28
12,72,66,-47,-17,38,-17,-8,13,48,50,43
43,69,22,-59,-1,52,-18,-42,23,50,48,51
4,60,15,-32,4,37,-22,-21,34,24,53,52
25,46,37,-17,-2,14,-25,-2,16,63,49,38
14,50,22,-16,-20,35,-15,-9,3,35,51,31
-4,47,34,-28,4,37,-23,-33,26,52,31,50
14,35,26,-24,-11,36,7,10,-1,45,39,25
14,31,57,-13,-20,19,7,-8,-23,13,24,26
18,25,32,-32,-14,19,-20,-2,23,12,3,20
24,42,9,-10,-11,21,-26,3,-9,12,34,15
21,44,5,-25,-2,42,-22,-4,-4,37,23,33
7,14,37,-34,-13,25,-33,-7,1,-10,18,11
-3,22,15,-10,-15,40,-20,-21,-6,-2,30,30
22,10,-18,-22,-5,15,11,-11,17,26,-5,-14
-2,20,-7,-18,0,19,-6,-29,15,1,12,17
22,11,2,3,-5,-14,-12,-11,18,19,20,-1
-9,-1,-14,-1,9,-12,-31,-9,28,-11,7,4
16,7,6,-4,-11,2,-35,1,6,6,23,1
30,-6,-9,-6,21,20,-28,-7,12,23,0,10
14,-3,12,-2,5,-12,-4,-24,0,-14,2,13
1,5,12,0,3,11,-14,4,3,3,13,8
4,25,-7,-5,-5,-16,5,2,9,16,19,-2
6,1,-15,13,-4,11,0,0,-1,19,1,-1
-10,6,3,5,1,4,-17,-5,-14,21,-27,-6
15,3,13,17,22,0,21,-11,-7,-11,-27,-10
-5,10,24,-4,-10,-13,13,-22,-1,3,-24,1
11,1,11,-7,11,7,-21,2,15,3,19,15
-11,3,8,0,5,-3,22,2,-8,8,-10,9
5,12,16,15,-3,4,-10,-7,-23,-15,-5,-6
-5,-8,-9,-13,2,11,-7,-3,12,-11,5,-13
-1,-21,-14,-5,24,6,-9,-11,1,-2,-26,17
-18,-5,6,1,-8,9,18,9,-6,-6,-9,-2
-6,-25,-11,-3,-8,11,11,21,-15,-19,11,5
-17,-2,-2,9,23,-2,17,11,11,18,15,9
-17,2,-3,-4,-15,7,14,-2,-2,23,-9,0
-14,-16,-2,0,7,-9,14,1,10,-7,-9,-12
-4,-11,5,13,-4,2,15,5,16,4,-21,-3
7,-11,-16,-1,-27,-6,-4,7,-17,-7,-7,2
5,-10,-8,-12,6,-23,-2,6,10,-10,-15,-6
-11,-20,-7,-17,-11,12,-5,-3,3,21,-13,-5
-4,-26,-5,-4,20,-16,-14,10,-4,-28,10,-9
19,-2,-1,9,-15,0,-2,-1,0,-2,3,16
-12,2,5,-3,21,-1,4,13,21,-10,-16,1
-6,-39,-21,11,10,-13,6,-10,7,5,-1,2
1,-11,-15,2,-13,-26,5,4,-11,-4,-17,4
-1,-21,10,42,8,3,12,-8,-15,-6,10,-6
-30,8,-16,-1,18,-8,-4,6,13,1,-4,-21
-1,-15,-14,16,-14,-40,-16,-8,-4,-20,-4,6
-1,-8,-6,18,1,22,9,23,-2,-12,-7,8
3,-1,-6,26,0,-9,-7,-16,-13,-7,-16,-32
-5,-19,-3,12,-12,-20,-18,2,-1,-24,-32,5
-15,-7,4,5,-11,-23,1,8,8,-12,-24,-27
-4,-32,0,2,10,2,4,5,10,-2,9,22
-8,-16,-23,-9,-7,8,-3,19,4,2,-15,5
3,-16,-3,22,-14,-12,11,10,13,12,-24,-12
-7,-9,-17,44,12,-16,17,-10,1,0,4,-5
1,-17,33,0,-8,2,15,6,-4,-10,-15,-5
12,-2,-5,43,-5,-24,3,5,-25,-11,1,-7
2,15,-15,3,-10,-10,-4,36,-6,-16,8,-16
-2,0,-4,9,-8,-10,-4,-13,-6,-11,-8,-8
15,-20,3,5,1,-3,7,14,-16,-30,-14,-12
-2,-1,-24,2,0,4,-2,-11,28,-16,2,-11
11,-27,-10,-3,11,17,6,5,-3,-24,-6,-7
10,-24,-5,-6,-8,11,-3,-10,13,-1,-12,-21
