I,II,III,aVR,aVL,aVF,V1,V2,V3,V4,V5,V6
375,1064,674,-737,-146,891,-567,-446,306,807,956,744
371,1042,681,-721,-156,868,-573,-414,311,785,948,734
359,982,648,-661,-136,810,-552,-401,306,753,895,701
341,932,619,-647,-146,769,-501,-375,296,683,826,649
296,802,502,-579,-135,677,-459,-319,252,620,743,598
252,719,464,-492,-118,596,-397,-276,221,540,643,501
196,574,392,-378,-65,483,-333,-232,180,427,524,408
160,425,274,-287,-55,365,-239,-180,150,334,412,313
121,327,219,-225,-30,267,-165,-135,87,262,301,217
82,207,123,-120,-32,161,-115,-86,42,153,207,152
27,102,59,-57,-42,69,-39,-48,31,75,74,40
-15,-24,1,0,-11,-20,29,3,2,-8,-28,-24
-36,-110,-60,67,2,-95,48,50,-41,-68,-99,-82
-66,-197,-105,123,28,-163,102,69,-40,-146,-162,-119
-79,-248,-153,162,36,-212,134,80,-63,-182,-240,-164
-100,-300,-175,196,28,-220,160,142,-87,-196,-260,-205
-97,-309,-214,218,52,-246,191,129,-100,-213,-302,-210
-97,-337,-199,223,36,-248,185,130,-92,-237,-303,-239
-109,-322,-210,225,39,-271,203,149,-96,-253,-275,-241
-131,-311,-214,224,43,-263,154,130,-89,-240,-275,-213
-108,-315,-193,224,27,-226,176,128,-85,-222,-287,-211
-123,-270,-185,195,39,-245,139,105,-96,-200,-249,-196
-108,-253,-159,171,37,-201,149,105,-82,-209,-247,-165
-78,-237,-148,153,46,-194,103,93,-67,-183,-208,-157
-75,-194,-147,136,25,-170,107,86,-54,-128,-165,-160
-56,-181,-118,117,17,-146,126,80,-51,-143,-148,-158
-38,-145,-89,90,19,-129,99,47,-44,-121,-123,-115
-46,-128,-87,77,20,-91,55,68,-54,-73,-117,-95
-36,-122,-59,73,6,-86,59,45,-32,-74,-101,-90
-37,-93,-79,48,25,-82,55,17,-42,-59,-84,-79
-16,-99,-26,63,27,-67,17,10,-6,-58,-86,-44
-7,-67,-51,47,13,-60,19,21,-27,-51,-46,-64
-16,-63,-64,47,-6,-23,38,31,-21,-42,-54,-32
-41,-55,-36,36,14,-37,20,27,-28,-29,-44,-27
-23,-71,-40,29,-11,-63,31,24,0,-30,-52,-37
-21,-42,-42,31,39,-55,33,-3,-8,-41,-52,-29
-29,-30,-25,34,16,-22,13,6,-16,-38,-45,-39
9,-22,-37,30,16,-32,2,13,13,-35,-20,-27
-7,-44,-16,17,-9,-22,32,54,0,-39,-19,-21
-13,-7,-12,35,-5,-7,14,9,-25,-32,-26,-25
-10,-50,-30,15,-2,-22,16,-9,-1,-23,-22,5
12,-27,-6,29,16,-31,31,35,28,-22,-3,2
-23,-14,-25,15,10,-5,-22,9,14,-20,-20,-28
0,-33,-2,9,5,-14,-2,9,-6,-20,-17,1
4,0,-5,2,5,9,3,16,-19,-6,8,-12
-11,4,-6,10,-12,-8,-17,5,8,4,-8,-22
-10,22,-16,-7,4,18,-8,-1,4,-3,-7,11
12,10,-8,-8,-1,0,-18,-14,-7,13,-16,-7
16,12,8,0,-33,4,-7,-23,5,4,3,22
34,1,11,2,6,19,-4,-21,4,13,26,14
23,34,14,-21,15,29,1,-25,7,16,24,17
20,38,23,-21,-13,20,-3,-4,-5,45,14,23
-13,33,28,-21,-9,27,-2,-13,24,44,33,31
23,31,39,-31,-4,35,-17,-7,24,58,36,21
29,63,58,-38,-11,61,-47,-15,-14,42,42,14
28,47,44,-40,13,37,-6,-15,7,52,60,37
19,73,56,-48,-9,42,-44,-22,21,53,71,57
46,82,47,-39,-8,54,-47,-26,32,61,70,53
27,85,39,-73,-6,61,-25,-16,34,47,67,42
46,78,46,-69,-30,75,-41,-60,26,60,94,82
44,128,82,-52,-5,79,-64,-48,40,88,85,65
43,107,73,-87,-28,87,-50,-39,46,97,107,80
61,119,90,-72,-10,96,-60,-59,28,95,105,79
26,145,88,-94,5,77,-81,-46,32,94,125,99
46,132,86,-94,-7,124,-64,-44,46,119,117,114
45,142,101,-108,-29,120,-79,-49,33,92,123,101
47,145,102,-89,-22,113,-86,-62,44,139,156,131
49,169,103,-97,-34,144,-74,-78,29,127,152,123
49,197,126,-120,-28,145,-101,-74,44,124,162,118
67,197,127,-130,-31,159,-117,-68,65,144,176,150
57,207,126,-140,-50,181,-125,-74,64,148,161,144
70,215,134,-133,-44,164,-139,-79,62,156,201,152
95,216,161,-140,-41,180,-122,-94,49,146,203,159
90,229,146,-156,-52,187,-117,-110,82,194,225,156
111,237,152,-168,-31,201,-131,-89,72,170,224,160
71,267,171,-173,-24,210,-151,-113,62,225,245,183
82,295,177,-181,-39,206,-139,-104,78,200,236,201
100,256,189,-186,-56,216,-145,-114,65,201,251,209
99,280,196,-173,-24,257,-158,-106,79,235,251,186
91,297,195,-207,-40,236,-166,-130,106,232,277,202
101,321,188,-227,-55,250,-154,-131,107,234,252,232
120,326,209,-205,-34,239,-173,-140,63,220,285,220
109,331,209,-220,-56,268,-180,-124,98,249,276,225
98,338,195,-222,-56,257,-167,-152,93,253,311,233
127,344,240,-237,-59,287,-168,-153,107,248,314,244
113,344,237,-230,-47,299,-194,-152,96,258,338,260
137,356,223,-260,-54,320,-212,-155,115,266,318,243
126,372,272,-263,-57,301,-213,-157,110,252,316,269
132,371,241,-253,-63,308,-204,-128,108,307,335,235
111,371,237,-265,-64,299,-202,-175,106,298,316,257
151,381,237,-240,-56,312,-216,-151,133,292,341,261
133,393,257,-281,-60,325,-205,-143,130,274,345,270
132,402,251,-263,-66,317,-231,-133,127,304,360,261
144,402,249,-256,-47,340,-217,-164,133,318,342,268
143,416,258,-283,-55,343,-207,-177,126,305,368,288
151,391,265,-275,-71,336,-220,-158,116,319,371,292
133,393,259,-261,-69,318,-215,-153,93,286,368,269
132,413,254,-291,-34,315,-218,-181,128,301,363,295
156,387,261,-287,-53,332,-210,-168,129,307,347,290
123,380,246,-268,-57,324,-220,-134,109,301,358,290
137,380,267,-288,-75,341,-220,-149,103,291,337,287
135,384,260,-271,-85,341,-216,-179,122,301,342,273
131,391,253,-277,-56,322,-226,-150,95,287,345,277
132,379,272,-257,-56,339,-217,-164,107,284,361,261
131,385,261,-248,-47,320,-214,-185,114,296,358,283
132,367,253,-260,-39,305,-212,-148,114,285,333,280
131,386,242,-265,-55,304,-215,-168,108,267,339,245
119,367,235,-239,-54,313,-210,-152,108,260,344,254
116,355,248,-232,-48,296,-191,-133,118,264,314,254
123,367,238,-239,-60,296,-202,-145,118,278,295,238
127,348,205,-218,-45,276,-206,-133,100,253,298,208
111,344,242,-233,-47,273,-197,-150,85,248,296,258
118,302,218,-229,-58,257,-158,-125,86,249,305,235
133,311,204,-209,-39,267,-171,-127,99,251,282,228
126,285,198,-226,-60,235,-170,-124,75,223,275,213
94,279,200,-233,-22,282,-153,-144,80,209,278,196
104,283,179,-197,-48,243,-143,-108,91,205,271,189
90,276,187,-171,-38,232,-168,-117,78,191,233,201
78,252,175,-179,-54,235,-138,-102,93,195,251,189
98,277,156,-176,-32,200,-153,-81,64,197,244,168
62,230,165,-169,-35,173,-138,-86,78,164,224,193
70,222,145,-155,-19,195,-125,-107,63,169,195,161
81,210,151,-140,-20,162,-124,-104,63,187,208,163
67,196,133,-145,-13,176,-97,-82,72,160,197,135
56,200,139,-129,-45,169,-136,-90,54,146,164,142
53,185,138,-104,-23,154,-99,-80,81,147,181,126
68,169,109,-143,-36,145,-100,-78,58,161,183,117
52,171,113,-93,-24,143,-92,-47,56,140,132,135
44,165,96,-115,-24,116,-82,-54,52,124,130,122
66,143,80,-89,-15,131,-98,-60,73,120,153,105
50,149,97,-102,-31,98,-81,-62,17,103,93,95
41,120,88,-81,-23,81,-76,-45,35,84,124,71
25,116,87,-86,-5,115,-56,-28,35,73,92,84
51,110,49,-67,-3,83,-53,-39,11,80,103,60
23,94,70,-41,-4,71,-54,-28,50,50,71,58
43,82,45,-53,6,71,-46,-53,22,70,81,60
41,68,46,-31,-4,65,-61,-25,45,49,60,49
35,66,55,-40,-2,75,-40,-38,33,48,50,43
4,54,47,-57,-25,46,-13,-14,3,36,40,29
23,71,38,-29,-11,37,-52,-18,5,29,40,18
0,22,20,-22,-38,28,-46,-10,13,27,45,43
18,23,24,-17,-1,35,-11,-40,31,12,49,39
20,11,16,-37,1,25,-21,-6,22,35,44,25
3,32,16,-9,-18,5,-36,-16,9,12,27,5
2,26,10,-15,-23,8,-28,-23,2,22,6,27
8,19,8,-11,-7,24,-16,-7,4,-20,0,13
0,0,5,-19,-3,-4,2,-10,19,14,7,-4
2,3,-7,11,14,10,0,-2,6,-4,6,-6
31,6,11,-5,5,10,9,17,2,5,-6,-19
1,-11,11,-2,-4,-13,5,9,-15,16,-6,-2
-4,-21,-1,-26,12,-5,5,12,5,-18,9,-18
16,-13,-1,11,-9,7,19,10,-14,-8,-6,-24
-33,-24,-12,31,-1,-6,6,24,-15,-16,-33,-8
2,-52,-26,20,12,-10,44,10,-12,-19,-5,-39
-33,-30,-15,34,-13,-32,-8,0,4,-34,-30,-14
18,-45,-41,23,-19,-16,20,35,0,-17,0,-3
5,-36,-12,47,-7,-34,12,23,4,-16,-29,-39
15,-27,-1,28,17,-23,17,-3,-11,-32,-22,-30
-4,-56,-21,20,-2,-34,11,25,10,-25,-38,-20
-9,-41,-30,34,1,-28,33,21,-20,-37,-46,-20
-20,-46,-36,12,-3,-33,15,5,-12,-49,-35,-51
-12,-37,-30,36,-18,-69,0,17,-3,-41,-34,-5
-25,-43,-37,47,6,-57,7,11,-28,-19,-53,-39
-36,-32,-13,41,11,-54,6,18,14,-23,-60,-30
-18,-41,-48,42,-2,-55,23,3,-28,-50,-51,-45
-27,-63,-43,52,2,-40,32,18,-14,-27,-45,-31
-11,-90,-18,29,1,-34,17,32,-7,-18,-44,-33
-20,-47,-20,31,-2,-68,33,28,-24,-41,-58,-22
-13,-33,-33,26,3,-51,38,36,-4,-35,-24,-41
-7,-62,-36,19,17,-46,26,31,-36,-67,-23,-32
-29,-66,-29,49,18,-41,33,8,0,-22,-31,-45
-23,-46,-57,40,-3,-49,28,28,-39,-63,-34,-22
-24,-44,-23,30,-13,-52,27,29,-27,-43,-46,-32
-18,-32,-58,24,15,-48,28,12,-27,-49,-37,-30
-13,-50,-28,28,10,-54,40,12,-16,-33,-45,-46
-21,-47,-22,57,4,-56,31,13,-15,-21,-48,-40
-16,-66,-43,32,-3,-45,42,25,-8,-29,-73,-39
-28,-62,-47,30,9,-49,32,22,-16,-37,-52,-26
-2,-36,-43,34,4,-39,40,1,-19,-33,-59,-59
-11,-76,-45,16,25,-55,52,30,-17,-36,-47,-29
2,-92,-34,32,16,-64,7,20,-15,-30,-33,-28
-27,-62,-42,52,-10,-41,31,21,-21,-21,-52,-26
-29,-46,-58,32,8,-35,46,23,8,-29,-58,-41
-10,-46,-31,37,5,-47,36,10,-6,-40,-65,-36
-55,-59,-23,36,8,-38,29,14,-39,-51,-44,-32
-40,-65,-31,40,19,-29,39,31,-22,-54,-68,-66
-24,-51,-32,42,4,-47,33,22,-29,-57,-51,-22
-29,-55,-35,37,2,-30,38,17,-36,-48,-41,-43
-15,-43,-27,17,16,-35,36,11,-29,-39,-64,-24
-16,-30,-31,30,1,-34,32,16,-23,-39,-55,-61
-17,-60,-34,16,-7,-55,33,26,-7,-23,-41,-26
-24,-62,-59,37,44,-52,29,43,-4,-40,-52,-18
-17,-69,-33,27,8,-27,15,30,-5,-51,-33,-50
-23,-47,-29,18,8,-30,15,28,-17,-42,-65,-42
-21,-44,-44,51,7,-12,43,29,11,-25,-50,-36
-24,-54,-18,42,5,-35,20,11,1,1,-36,-53
-35,-49,-8,34,1,-67,18,25,8,-28,-37,-48
-9,-53,-52,31,17,-31,37,12,-11,-28,-34,-20
-23,-41,-40,11,12,-11,32,-12,-4,-10,-59,-25
-5,-45,-39,41,-12,-35,34,6,-5,-17,-41,-40
-20,-60,-24,14,13,-37,25,20,-19,-9,-55,-37
-5,-51,-22,19,-8,-43,26,19,-4,-21,-46,-26
6,-48,-27,11,-7,-43,16,11,-27,-19,-36,-7
-14,-39,-31,19,7,-31,2,5,-6,-27,-45,-31
-27,-30,-28,15,6,-35,23,13,6,-39,-47,-23
5,-14,-23,37,22,-38,9,25,-6,-27,-43,-12
-6,-41,-31,-8,-2,-34,11,16,5,-17,-23,-13
1,-53,-8,17,-5,-29,7,5,-37,-20,-11,-13
-8,-30,-9,3,11,-10,16,5,10,-26,-38,-10
-15,-44,-14,12,-20,-20,12,21,-25,1,-24,-24
-2,-18,1,1,19,-22,11,-5,-10,-17,-8,-18
21,-23,-19,-2,8,1,4,8,-3,-20,-1,0
-19,-16,3,9,-10,0,2,12,-22,-6,-5,-12
13,-1,6,8,-5,28,8,-15,9,-11,11,5
-11,-15,-3,10,28,14,8,-5,17,-13,16,-20
2,34,4,-2,-2,4,-13,-12,17,-10,-13,16
-8,14,0,-26,3,20,-4,-23,-6,18,13,21
19,21,19,-20,-8,-2,5,-4,12,14,13,25
22,26,36,-19,1,41,-16,-26,21,28,19,22
-5,49,50,-37,5,28,-13,0,14,44,37,17
9,32,36,-40,-3,32,-16,-16,3,31,40,50
19,57,46,-44,-13,52,-12,-7,34,42,62,38
-6,62,51,-20,6,52,-7,-31,-3,39,62,46
21,83,54,-52,-4,74,-24,-19,33,82,64,65
25,89,74,-65,-4,50,-58,-16,16,55,79,75
19,102,58,-65,-27,90,-56,-44,24,54,59,68
66,123,85,-60,-12,90,-56,-64,59,84,81,67
45,128,66,-75,-2,116,-59,-35,43,81,117,66
53,125,84,-78,-30,114,-70,-63,47,117,125,86
47,138,111,-86,-29,118,-53,-71,43,108,126,115
56,140,83,-107,-5,112,-79,-64,45,110,126,106
82,171,122,-101,-29,118,-88,-61,39,132,152,94
46,159,122,-129,-23,120,-103,-76,57,129,175,131
70,193,114,-100,-32,162,-139,-65,52,158,168,129
65,177,116,-121,-44,167,-117,-87,57,149,195,157
68,208,122,-128,-11,170,-123,-77,86,158,186,175
78,228,124,-130,-53,170,-116,-73,57,172,212,141
74,231,135,-144,-35,170,-132,-87,73,166,199,159
83,233,160,-153,-32,183,-119,-72,89,168,214,140
76,227,146,-151,-59,196,-123,-101,74,172,218,142
95,252,152,-160,-36,199,-145,-85,70,169,228,166
97,245,151,-144,-46,204,-137,-87,46,182,205,154
93,216,169,-164,-36,203,-130,-76,88,192,236,175
73,230,177,-159,-80,195,-140,-98,83,205,215,169
76,251,152,-160,-33,207,-123,-91,91,175,222,162
74,242,169,-168,-37,206,-147,-101,90,185,236,180
93,236,159,-171,-23,220,-154,-76,75,179,222,181
59,240,186,-143,-21,197,-139,-87,56,185,213,179
82,234,156,-162,-71,229,-125,-111,82,206,215,176
64,252,130,-161,-21,203,-111,-76,55,195,207,163
88,219,152,-152,-44,186,-106,-101,51,170,198,174
87,211,125,-156,-30,159,-128,-67,72,148,192,157
92,212,140,-173,-22,171,-138,-83,55,159,185,138
56,190,146,-143,-34,185,-122,-86,59,142,173,154
54,231,132,-141,-26,166,-104,-76,80,146,190,120
56,198,129,-124,-24,167,-85,-74,59,137,165,126
85,181,119,-135,-22,146,-99,-89,49,135,165,123
67,175,120,-78,-24,124,-83,-50,37,136,146,130
53,145,91,-85,-40,126,-75,-74,50,123,145,93
65,159,85,-98,-46,116,-79,-56,27,104,124,95
39,137,101,-89,-21,86,-91,-59,44,90,128,76
45,121,86,-80,1,90,-76,-47,11,82,123,87
36,118,82,-73,-32,90,-52,-39,46,81,104,73
53,83,74,-81,-20,79,-43,-66,26,68,101,70
47,96,46,-43,-7,104,-44,-23,41,77,95,76
15,72,55,-47,-7,87,-56,-67,40,43,85,45
10,73,63,-57,-28,57,-45,-15,14,73,56,45
19,72,21,-46,-8,39,-29,-36,20,55,47,23
29,64,41,-41,-5,37,-38,-32,12,43,73,35
15,16,24,-32,-10,30,-16,-7,24,37,51,29
5,19,24,-26,16,34,-21,12,12,43,62,53
17,24,19,-12,-2,18,-6,-25,6,22,54,7
-2,38,10,-18,-22,12,-2,4,1,34,24,40
-14,19,-8,-10,-20,22,-18,-8,5,22,5,13
2,13,-7,14,-24,-11,12,-8,-9,-3,0,-2
0,-12,-1,-13,1,-11,6,3,24,25,4,15
-15,27,-12,29,2,15,-7,9,-17,4,-8,-3
-18,-6,9,2,-11,-13,4,15,-18,5,-25,-22
0,-5,-19,10,-6,-23,13,-1,-9,-21,-20,-34
1,-14,6,4,6,-2,-9,9,-16,-34,-14,-25
-2,-24,-13,12,7,-36,29,32,6,-20,-8,-5
-3,-29,6,34,-16,-11,14,8,-15,-22,-25,-18
-3,-30,-48,38,9,-2,22,25,-14,-13,-63,-12
-5,-33,-34,15,13,-35,35,26,-17,-23,-34,-35
-17,-66,-24,16,11,-56,31,14,-4,-30,-53,-34
-9,-56,-47,47,0,-56,31,27,-17,-60,-67,-47
-46,-71,-52,65,3,-43,31,34,-21,-50,-63,-31
-27,-99,-46,83,28,-73,53,33,-27,-56,-87,-61
-29,-114,-62,50,22,-93,55,30,-27,-78,-112,-76
-32,-132,-66,81,26,-118,54,47,-41,-72,-124,-79
-48,-133,-100,112,19,-147,83,75,-42,-101,-125,-107
-57,-132,-108,107,21,-148,100,70,-65,-152,-128,-93
-60,-180,-128,130,-10,-163,80,66,-66,-134,-158,-111
-54,-182,-133,144,31,-142,101,81,-62,-150,-153,-127
-64,-215,-128,141,39,-168,117,72,-57,-166,-179,-140
-61,-193,-125,131,39,-157,106,107,-45,-156,-176,-135
-83,-196,-106,139,27,-151,99,81,-60,-126,-157,-121
-71,-148,-121,94,11,-126,107,48,-43,-127,-151,-138
-47,-123,-66,105,17,-116,82,31,-31,-90,-129,-123
-27,-104,-49,58,5,-79,53,11,-13,-89,-75,-81
11,-24,-13,28,26,-19,8,11,-13,-23,-41,-11
29,30,15,-9,-34,53,0,-12,5,52,63,33
43,131,85,-78,-17,103,-82,-37,21,104,121,118
81,230,149,-130,-18,172,-131,-109,82,176,219,154
136,355,192,-242,-67,284,-212,-128,119,269,295,218
152,458,286,-316,-76,364,-245,-181,126,333,430,321
191,589,389,-418,-84,485,-313,-217,174,441,531,417
258,709,459,-460,-124,599,-378,-274,209,518,638,510
270,817,547,-530,-146,697,-450,-335,246,627,725,569
327,908,576,-637,-118,750,-518,-372,282,696,835,636
344,982,653,-670,-147,825,-540,-395,308,747,907,710
369,1043,704,-709,-152,895,-588,-415,335,793,950,748
377,1092,685,-747,-173,899,-602,-444,325,812,987,746
396,1085,716,-728,-178,901,-592,-453,332,806,979,773
360,1068,687,-715,-176,900,-599,-418,334,843,969,738
367,1012,687,-667,-159,823,-550,-420,306,729,904,723
357,942,588,-619,-153,790,-494,-371,262,702,838,638
297,833,529,-559,-118,690,-435,-318,246,610,729,590
265,691,456,-485,-87,588,-378,-298,202,515,640,476
195,577,384,-381,-73,474,-316,-219,190,427,527,404
153,447,311,-316,-80,365,-233,-166,137,337,387,290
114,331,207,-213,-34,267,-166,-136,111,227,303,241
70,172,118,-136,-34,178,-103,-82,43,168,173,137
27,58,59,-19,-20,83,-43,-34,36,56,57,57
1,-12,-3,-1,3,-14,14,17,-10,-22,-13,-34
-39,-104,-71,54,10,-117,60,39,-41,-77,-94,-88
-84,-188,-109,114,21,-164,114,73,-55,-125,-151,-124
-88,-241,-170,144,38,-192,133,100,-84,-163,-220,-150
-94,-297,-184,170,17,-201,147,103,-99,-178,-243,-200
-106,-296,-191,215,23,-224,165,119,-96,-229,-260,-215
-99,-307,-202,220,42,-238,153,118,-93,-218,-287,-207
-101,-269,-178,216,34,-241,150,107,-99,-228,-251,-206
-95,-312,-209,194,38,-242,170,137,-102,-238,-262,-198
-117,-291,-193,162,37,-232,140,112,-56,-224,-259,-188
-84,-240,-154,186,7,-218,140,109,-89,-200,-224,-176
-54,-210,-176,156,39,-212,143,92,-79,-156,-201,-178
-87,-204,-112,135,32,-170,109,86,-53,-145,-192,-139
-42,-176,-138,130,26,-155,99,73,-47,-119,-148,-112
-45,-154,-85,128,35,-127,74,59,-29,-112,-126,-102
-57,-110,-84,90,15,-101,64,65,-29,-107,-101,-84
-55,-108,-67,75,10,-89,43,38,-50,-87,-99,-60
-5,-77,-44,49,4,-64,45,24,-14,-62,-62,-52
-49,-64,-38,38,8,-51,37,23,-16,-44,-64,-56
-21,-47,-42,24,5,-49,27,32,-14,-46,-39,-42
-18,-34,-18,33,-3,-26,22,17,-18,-34,-35,-19
0,-44,-15,30,8,-30,17,6,-4,-40,-31,-8
-16,-35,-22,1,-6,-31,12,-2,-25,-28,-22,-2
-15,-20,-7,31,-6,-11,22,10,-11,3,-19,2
-2,-12,-15,30,14,-2,30,9,3,-27,-16,-31
-1,-28,-21,-11,12,-9,14,2,-10,-11,-5,-11
-22,-13,-13,11,4,-27,-1,37,-21,4,1,-30
-25,-4,-12,10,1,-2,18,-15,-5,-6,-24,5
-14,1,-3,1,2,18,5,-5,1,7,-5,-2
-9,-8,-10,-4,22,-14,6,-11,16,10,4,-19
20,-6,-9,-22,10,16,8,0,-4,-2,10,25
23,14,5,-16,-12,13,-40,-20,0,-5,-14,32
5,3,-5,-21,-5,2,-1,-24,14,25,8,-7
-5,12,30,-13,1,39,-17,-5,17,9,21,23
4,39,37,-2,16,22,-26,-6,18,21,14,38
16,29,33,-19,-12,13,-9,-10,23,42,34,16
7,28,38,-11,-2,17,-20,-21,3,26,20,21
3,34,-6,-10,-6,21,-34,-8,18,23,8,28
23,60,38,-9,-4,42,-29,-17,9,22,36,40
-11,72,18,-51,32,41,-34,-30,19,31,35,45
-4,25,46,-8,3,53,-12,-12,18,66,65,43
17,78,53,-46,-2,44,-56,-3,32,36,69,34
35,48,27,-65,-9,57,-33,-25,24,43,66,61
14,63,65,-43,4,76,-35,-45,29,71,82,66
42,86,55,-48,-2,68,-49,-45,28,83,71,74
32,94,49,-66,-18,72,-51,-35,23,74,86,67
36,106,53,-63,-14,114,-58,-47,29,57,92,54
46,105,71,-57,-26,117,-57,-40,5,105,112,62
45,123,74,-74,-24,96,-70,-47,4,97,98,83
44,157,70,-81,-34,130,-71,-57,22,108,119,96
81,134,102,-102,-51,103,-83,-56,43,108,133,93
33,131,93,-111,-21,128,-78,-58,40,101,109,109
71,157,79,-126,-35,140,-115,-52,41,105,136,113
73,180,105,-107,-14,154,-77,-90,43,134,129,119
84,179,108,-144,-17,147,-94,-72,51,122,164,126
59,186,126,-98,-27,159,-99,-78,60,151,177,129
79,194,133,-142,-44,173,-115,-64,58,140,196,127
73,210,153,-122,-42,158,-126,-95,43,157,201,162
84,237,134,-135,-38,167,-92,-93,41,156,198,142
80,235,145,-136,-55,201,-111,-100,45,175,213,155
72,250,171,-165,-29,182,-108,-95,79,177,221,157
117,260,161,-185,-42,209,-139,-104,96,183,226,172
85,270,153,-153,-40,218,-154,-100,95,164,246,176
119,260,157,-189,-32,230,-151,-129,97,200,262,190
91,267,160,-196,-50,229,-164,-119,81,190,229,215
106,294,183,-206,-47,269,-178,-124,92,235,261,187
90,317,194,-216,-41,266,-156,-105,97,230,291,235
141,323,202,-198,-60,267,-165,-131,94,255,274,223
113,344,222,-217,-41,277,-177,-112,95,243,306,232
123,330,220,-240,-40,277,-197,-113,102,243,289,240
113,334,223,-234,-54,287,-203,-122,97,250,313,241
117,347,237,-255,-80,311,-209,-152,97,254,313,244
143,346,238,-252,-43,324,-207,-157,98,258,313,248
123,359,243,-240,-47,334,-213,-170,120,276,340,269
141,389,226,-250,-47,315,-216,-136,101,281,330,271
151,412,247,-267,-40,323,-205,-150,121,312,366,289
156,392,281,-271,-49,323,-231,-154,138,301,372,266
143,415,275,-254,-55,350,-258,-188,122,329,362,263
134,409,248,-302,-57,327,-221,-174,131,306,364,273
139,427,282,-271,-73,341,-221,-160,127,321,402,282
155,425,268,-294,-58,338,-246,-185,130,318,377,272
145,441,277,-293,-62,360,-270,-183,133,308,382,287
148,437,275,-284,-65,335,-237,-173,125,304,399,294
151,432,272,-286,-50,357,-244,-156,117,329,406,301
169,437,282,-302,-49,369,-257,-157,120,344,389,312
165,447,305,-304,-60,363,-242,-192,125,333,409,297
150,412,291,-296,-53,358,-216,-180,119,326,394,287
147,413,277,-290,-75,360,-223,-163,119,345,394,295
179,416,289,-294,-79,358,-251,-178,132,344,418,327
148,428,292,-288,-66,376,-235,-196,129,318,398,295
156,421,284,-296,-74,376,-256,-178,148,322,401,296
167,436,289,-267,-57,355,-227,-166,132,310,367,317
157,436,281,-298,-64,348,-253,-186,125,306,379,283
143,411,273,-295,-50,350,-253,-164,110,323,360,281
163,416,257,-287,-59,346,-205,-168,136,331,380,296
154,420,263,-278,-71,335,-227,-183,133,300,361,296
137,400,244,-265,-76,338,-219,-161,128,324,361,291
139,411,254,-287,-48,320,-226,-168,132,303,338,272
157,372,274,-253,-68,326,-220,-191,115,278,357,283
150,376,262,-267,-65,309,-221,-131,111,285,348,263
129,377,240,-255,-49,309,-188,-141,98,284,339,257
112,386,242,-248,-57,320,-213,-149,107,268,321,264
130,367,231,-240,-60,286,-204,-129,112,240,353,265
136,365,217,-253,-47,288,-208,-146,129,242,328,235
94,322,223,-233,-60,270,-197,-132,116,271,300,221
122,337,206,-217,-30,259,-169,-139,99,245,295,221
120,327,176,-207,-54,256,-168,-117,84,236,278,212
104,303,199,-214,-34,244,-172,-120,104,235,294,208
101,313,205,-183,-33,231,-179,-117,93,230,258,220
100,268,197,-175,-24,246,-150,-119,81,193,246,203
86,270,170,-189,-44,214,-138,-110,103,209,236,197
92,267,164,-190,-49,209,-138,-104,99,179,241,185
60,260,154,-146,-43,241,-151,-90,72,191,224,186
79,228,159,-176,-48,193,-131,-93,93,204,224,151
78,206,166,-150,-55,184,-130,-79,87,206,202,184
60,217,122,-139,-44,184,-125,-77,53,164,214,152
87,197,135,-135,-9,151,-117,-89,83,154,205,140
63,201,116,-140,-33,162,-91,-83,46,143,178,110
55,197,107,-120,-36,164,-101,-67,61,146,157,129
45,178,96,-140,-21,153,-108,-59,44,149,139,118
78,157,99,-93,-39,151,-91,-44,36,113,157,123
42,151,98,-132,-17,124,-82,-57,74,107,148,125
54,148,96,-89,-32,107,-92,-47,24,102,113,82
39,124,96,-79,-21,96,-63,-54,62,108,118,88
60,127,83,-66,-15,87,-78,-56,62,93,111,92
34,109,76,-70,-38,110,-65,-62,41,84,92,68
38,118,66,-59,-39,95,-63,-20,16,64,88,70
34,93,53,-64,-27,66,-40,-56,29,71,85,55
22,110,56,-49,-23,64,-53,-29,34,69,84,58
45,79,29,-57,0,67,-49,-41,41,78,66,39
46,62,55,-48,-27,60,-45,-10,35,77,73,43
14,92,40,-68,-27,44,-25,-14,0,62,72,35
31,73,12,-35,-13,40,-33,-27,11,72,66,21
11,80,52,-37,-4,39,-31,-25,28,53,80,18
41,57,33,-32,-9,6,-13,-26,26,44,62,29
0,46,24,-39,-19,42,-11,-10,18,52,38,25
18,26,30,-25,11,26,-5,-31,18,20,38,4
-2,26,20,-9,4,33,2,-18,35,26,29,16
2,24,34,-22,-12,29,20,-1,17,31,22,15
2,21,40,-8,-20,24,-20,-36,-2,-5,24,17
-13,15,1,-16,-1,15,-11,-15,-9,23,10,8
-9,26,49,-4,3,8,-29,-11,14,4,19,-3
-19,9,9,-3,-20,8,1,15,-4,16,4,20
-29,9,-4,-10,-22,33,-8,0,-5,17,3,8
-8,4,-8,11,2,7,-14,-10,3,4,0,1
2,-6,2,-7,2,-1,-11,-18,2,2,14,16
-11,3,6,-16,17,1,15,8,4,0,-3,-9
6,-19,4,3,7,-8,2,7,6,-2,-25,3
-3,-5,-2,-13,5,-23,7,0,2,-23,-13,-2
6,-13,-15,2,-1,-7,4,-17,5,-5,-8,-29
-3,7,-18,22,-13,-2,10,-7,-1,4,7,-4
-3,-6,-13,-12,-8,-13,-1,8,-13,3,10,-11
4,-3,-12,9,-11,-35,5,14,-6,-11,1,7
-5,-29,-15,12,11,-23,18,23,2,12,-24,-17
-20,-3,-22,16,3,-22,7,-3,-11,-7,-6,1
-16,6,-26,0,6,-9,0,0,-14,-17,-13,-40
7,-29,-16,14,0,-13,-1,11,-26,-17,-15,-36
-11,-19,-21,9,-1,-4,12,30,-18,-25,-48,-7
9,-9,-21,23,-8,6,22,-3,-7,-22,-29,-4
-16,-20,-26,-10,-2,-12,1,15,-2,1,-9,-17
-24,-6,0,9,7,-7,14,20,-10,-13,-18,-15
-10,5,-20,18,3,-12,-5,-12,-9,-16,-24,3
-6,-27,-24,6,-30,-36,2,17,-7,-36,-28,-5
0,-17,3,17,6,-16,22,5,-22,-20,-17,-7
5,11,-7,7,-6,-4,15,2,-22,-13,-31,-20
-8,-38,-4,3,14,-6,9,-3,-8,-30,-35,-1
-5,-12,-12,-7,-4,-23,12,-10,11,-12,7,-27
-10,-23,-11,10,18,-4,10,5,-8,0,-23,-21
-13,-14,-7,27,-9,-10,5,10,-10,-23,-29,-24
-17,-21,-18,18,-9,-5,19,8,19,-7,-24,-28
-19,-21,-18,18,9,-26,21,16,13,3,-27,1
-7,-28,-2,30,0,-33,17,7,14,2,-2,-4
-11,-3,4,0,-21,-18,22,-6,-20,-14,-7,-14
-13,-22,-25,18,19,-6,3,9,-6,-14,-15,-30
18,-20,-5,11,13,-24,-9,0,1,4,-28,-18
-3,-31,-26,2,-1,-13,15,-4,-4,-5,-31,0
-5,-23,8,22,-3,-22,19,25,-28,-17,-22,-25
-4,-23,-15,-4,17,-32,0,6,6,-23,-10,-30
6,11,-10,19,5,-24,-3,24,-15,-19,-20,-11
-20,-9,-10,8,-24,-5,-6,17,-31,-21,-14,16
10,-18,-3,22,11,-40,-13,14,-20,-18,-23,-4
-10,-16,13,18,15,-6,-3,0,-7,-15,-3,-9
-5,-22,-17,17,-14,10,7,-1,12,2,-14,-19
4,6,-34,-4,-15,-4,30,-15,1,3,5,-33
18,-17,6,12,2,-18,23,-21,-18,7,-12,-13
-12,17,-15,6,1,-25,-4,22,4,-17,-13,-21
-1,-13,-18,-2,11,-22,22,9,23,-1,5,-11
-6,-28,-9,25,0,-12,7,17,11,-12,-5,9
-7,17,6,13,-5,14,6,-5,-8,-6,-24,-9
13,-17,-13,-12,2,3,30,21,6,20,12,-21
-15,-15,-12,15,8,-20,16,34,-5,-6,0,-25
-6,-3,7,0,9,-20,-17,9,-17,-4,9,-20
-11,4,24,-5,6,7,13,19,1,12,9,-10
-9,6,11,-19,0,16,-7,-6,-7,-2,3,-12
3,-3,-7,1,-5,6,-11,-5,8,-6,-8,3
14,-8,-12,-17,-16,-4,3,1,31,16,-2,18
14,21,3,1,4,4,-9,-11,1,4,11,11
2,15,-8,-2,-3,-20,-6,2,40,11,11,2
7,22,1,-14,-17,28,-27,-14,0,21,-7,5
-5,12,14,16,6,8,-20,21,-8,18,52,14
2,19,23,-12,-1,40,2,-1,8,39,31,15
-2,42,16,-13,-15,20,-19,-4,32,13,30,19
5,21,25,-23,-9,50,-24,-10,-3,35,42,32
5,43,22,-22,-11,46,-31,-21,13,34,16,5
23,13,8,-34,-20,58,-13,-27,4,-1,43,1
28,43,21,-45,-2,43,-18,-16,10,17,53,20
36,76,39,-44,-9,57,-32,-47,21,43,43,20
19,66,39,-42,-30,68,-35,-15,-5,47,44,32
20,73,47,-38,-45,54,-28,-4,34,53,53,24
6,62,47,-43,-16,42,-62,-27,34,68,70,42
30,104,61,-56,3,79,-64,-49,-2,59,69,73
19,80,58,-61,-20,81,-46,-48,27,61,89,67
27,94,52,-66,-18,66,-53,-30,28,79,103,79
38,128,101,-63,-17,66,-54,-37,61,55,98,67
42,112,84,-92,-3,86,-56,-31,26,94,98,108
44,116,92,-102,-43,87,-75,-53,29,83,112,81
85,149,91,-101,-19,126,-89,-63,48,92,129,102
62,134,102,-100,-36,148,-81,-57,44,134,126,112
56,170,105,-125,-30,137,-113,-93,55,119,158,106
82,158,135,-116,-15,162,-81,-65,47,144,146,121
68,199,104,-122,-43,157,-109,-95,67,138,155,135
67,180,127,-140,-18,164,-100,-78,63,140,184,149
79,213,125,-172,-54,181,-140,-100,64,171,154,141
63,232,157,-130,-23,195,-118,-82,87,165,196,146
81,225,163,-137,-12,168,-123,-96,66,183,212,157
86,260,154,-166,-37,208,-150,-83,80,181,214,166
77,241,180,-170,-31,203,-115,-95,58,184,211,180
71,279,154,-153,-27,208,-134,-88,65,163,230,189
111,273,153,-193,-25,223,-140,-117,71,199,246,195
96,260,167,-177,-34,207,-143,-95,80,198,246,187
93,266,178,-206,-18,238,-137,-129,97,207,261,203
91,289,190,-205,-49,232,-155,-130,84,215,244,200
117,296,184,-188,-44,246,-177,-107,99,213,246,187
115,295,203,-195,-52,196,-145,-136,111,214,253,199
115,280,190,-189,-59,241,-156,-136,89,212,262,207
89,284,183,-209,-38,248,-155,-99,86,228,251,198
92,267,205,-183,-50,248,-150,-112,112,222,244,212
110,276,169,-195,-43,237,-145,-96,97,210,277,202
108,282,216,-225,-51,245,-161,-111,58,214,247,191
88,287,184,-169,-51,218,-172,-104,68,206,250,202
104,288,176,-208,-23,227,-136,-100,97,200,253,212
83,250,176,-183,-46,232,-147,-102,91,201,256,198
99,238,179,-162,-34,213,-150,-104,82,192,240,184
82,250,136,-163,-34,233,-130,-92,84,192,230,188
78,246,161,-166,-50,191,-129,-76,75,197,210,162
100,251,142,-176,-35,171,-105,-90,65,172,204,167
95,235,152,-151,-21,172,-134,-104,88,170,228,153
53,194,137,-161,-54,175,-110,-97,83,146,205,143
61,191,149,-132,-43,171,-81,-92,50,138,167,145
77,198,119,-140,-17,150,-114,-70,82,125,154,120
77,189,112,-114,-14,174,-105,-91,48,141,156,140
82,161,91,-106,-30,151,-73,-72,53,109,150,119
54,163,90,-124,-24,108,-67,-58,63,115,126,115
59,140,83,-94,-6,118,-89,-58,37,103,144,105
46,143,85,-96,-8,105,-79,-51,27,95,135,84
47,119,56,-75,-1,108,-50,-58,55,79,110,79
55,94,85,-96,-9,96,-55,-42,26,81,104,67
47,83,65,-79,-21,98,-45,-44,13,102,108,72
15,90,63,-49,-29,69,-51,-56,51,85,64,71
32,101,82,-59,-6,87,-33,-54,43,49,81,62
40,86,46,-45,-3,75,-33,-18,9,54,72,45
20,59,38,-48,-27,61,-20,-34,6,58,71,58
23,74,49,-52,-5,55,-38,-21,9,58,74,27
23,73,14,-41,-5,32,-25,-16,31,33,35,27
13,68,41,-35,-11,40,-31,-22,38,29,58,34
17,48,22,-10,-15,27,-23,-29,13,9,48,35
10,15,24,-33,-38,28,-15,-25,9,33,43,27
3,12,12,-35,-14,53,-9,-23,-8,18,28,25
23,23,10,-31,-9,13,-23,9,17,16,20,23
11,36,14,-20,2,20,-3,-34,29,13,29,-19
7,-2,2,-5,-3,15,-10,-5,-13,12,12,21
-15,30,12,-15,-6,9,11,11,-6,3,-4,5
-15,-5,11,-8,-17,-3,-7,-2,-17,-14,9,-10
11,-3,11,27,1,-4,8,-3,-23,-12,7,-10
-12,9,14,-12,-16,-30,13,-5,-3,-11,-29,-24
4,-30,-34,12,19,-19,6,4,-1,-23,-36,-38
-8,-32,-30,8,-8,-26,15,30,-28,-20,-24,-24
-26,-62,-13,48,23,-43,48,15,-20,-42,-49,-44
-30,-70,-40,31,0,-45,39,18,-30,-45,-55,-36
-23,-82,-49,41,-6,-61,51,32,-4,-60,-55,-39
-32,-106,-74,43,-9,-86,53,21,-26,-64,-74,-81
-53,-120,-56,74,18,-90,61,44,-62,-91,-92,-100
-41,-136,-96,90,20,-136,76,57,-49,-115,-96,-78
-43,-147,-88,106,9,-124,71,64,-19,-131,-122,-115
-58,-147,-106,109,18,-115,93,76,-38,-120,-131,-104
-58,-180,-83,124,28,-130,86,61,-41,-123,-134,-111
-72,-171,-125,111,15,-131,85,56,-60,-132,-145,-122
-66,-140,-107,102,31,-141,95,67,-32,-130,-107,-112
-55,-134,-87,85,34,-110,77,40,-38,-106,-133,-88
-40,-123,-57,77,26,-72,46,40,-25,-112,-82,-56
-4,-44,-28,30,3,-76,39,35,-31,-13,-61,-46
12,-6,17,-10,-4,9,7,0,26,1,-10,-3
25,91,54,-27,-27,42,-37,-18,21,42,62,35
68,153,111,-102,-33,135,-87,-72,54,109,125,103
101,262,174,-170,-51,197,-122,-97,91,187,221,157
122,355,237,-234,-47,293,-202,-161,106,300,343,256
182,485,292,-342,-68,408,-248,-210,145,365,430,348
210,588,395,-421,-95,499,-329,-258,169,443,544,408
271,720,482,-520,-115,592,-394,-283,219,531,634,522
290,816,529,-573,-121,703,-467,-333,239,646,735,590
331,935,606,-656,-157,756,-503,-382,261,711,831,665
343,1031,680,-696,-164,868,-568,-416,283,785,938,730
409,1105,710,-763,-157,919,-607,-457,325,821,994,751
383,1143,737,-767,-139,945,-636,-484,350,850,1034,815
383,1173,745,-791,-190,973,-624,-454,333,845,1017,819
405,1117,734,-761,-172,921,-600,-428,344,827,1010,767
375,1052,699,-705,-181,856,-586,-417,325,769,946,743
343,946,646,-662,-150,830,-542,-391,306,743,884,691
294,873,588,-588,-130,742,-471,-349,270,673,788,629
266,773,512,-525,-135,649,-436,-317,237,596,702,558
219,662,415,-436,-107,553,-375,-257,196,502,582,418
179,503,344,-341,-85,429,-287,-209,144,388,454,371
151,384,253,-273,-68,335,-217,-134,137,287,347,272
73,263,154,-174,-31,225,-146,-111,93,172,245,186
51,146,94,-90,-17,108,-94,-43,40,93,130,96
11,60,48,-21,-8,53,-20,-33,4,12,50,14
3,-60,-51,31,10,-22,24,4,-14,-62,-35,-46
-38,-130,-97,74,22,-101,80,34,-45,-81,-110,-60
-58,-165,-116,119,15,-164,89,62,-68,-136,-164,-138
-72,-228,-152,156,41,-161,113,94,-63,-156,-214,-168
-79,-256,-162,176,40,-214,135,117,-72,-167,-210,-183
-91,-262,-183,159,30,-216,123,110,-65,-186,-226,-193
-106,-269,-188,188,25,-225,129,109,-117,-203,-234,-173
-94,-257,-174,152,19,-216,171,121,-77,-203,-231,-176
-82,-234,-154,174,46,-204,152,105,-71,-187,-218,-162
-61,-216,-144,148,39,-171,124,86,-60,-170,-202,-160
-71,-182,-138,117,13,-162,126,80,-58,-146,-160,-142
-52,-157,-119,116,24,-150,79,52,-46,-134,-135,-115
-50,-144,-88,93,34,-113,71,58,-53,-115,-108,-97
-37,-107,-77,88,11,-83,79,49,-44,-75,-93,-56
-33,-79,-56,59,5,-63,37,22,-5,-77,-77,-53
-15,-63,-44,42,27,-48,33,11,4,-36,-51,-57
-16,-40,-24,30,13,-37,9,19,12,-20,-54,-21
-14,-22,-35,18,3,-8,4,49,-5,-21,-16,-27
-5,-16,-20,7,-1,-30,10,14,11,-3,-11,-12
-14,-4,11,9,-26,-10,7,-8,18,1,10,16
9,2,-14,-19,-1,10,-20,6,-4,27,7,-30
-25,13,14,-34,1,-3,-25,-16,20,-5,5,19
9,45,12,-8,-26,21,-24,8,7,14,25,19
17,13,24,-28,-15,15,-14,-28,37,28,22,9
0,35,25,-13,12,20,-23,-25,-14,21,32,41
27,51,52,-18,0,39,11,11,-20,29,37,30
16,30,25,-24,-27,23,-49,-30,-2,20,20,20
-19,43,31,-37,12,29,-20,-13,27,21,47,42
22,39,41,-30,-5,54,-11,-16,3,34,41,15
27,55,43,-41,-1,19,-21,-6,-7,51,53,33
30,39,35,-22,-3,39,-29,-35,-8,40,37,27
13,77,28,-13,-12,45,-38,-12,21,19,63,22
13,66,33,-30,-2,39,-43,-1,33,43,40,48
10,67,46,-42,-16,45,-21,-20,18,55,61,52
34,74,47,-28,-18,80,-51,-17,31,29,55,71
29,70,55,-37,-27,84,-53,-16,21,60,85,41
20,88,70,-42,1,46,-38,-38,22,43,68,55
38,80,63,-55,-19,79,-41,-33,5,66,75,63
28,83,42,-67,19,62,-64,-27,4,59,81,61
18,97,33,-77,-20,72,-66,-54,40,76,83,82
64,108,74,-67,-15,95,-48,-31,33,90,111,62
26,123,53,-63,-27,79,-56,-32,16,73,118,107
33,103,71,-70,-25,89,-56,-58,59,107,110,75
48,132,91,-97,-11,116,-65,-35,40,79,109,98
57,130,54,-86,-31,101,-55,-31,56,117,105,70
51,132,95,-105,-19,98,-85,-42,60,95,137,83
50,140,84,-93,-42,115,-95,-35,35,119,140,81
51,147,109,-105,-14,133,-93,-50,41,123,133,100
47,154,105,-120,-25,137,-70,-78,65,117,144,114
55,178,108,-135,-30,138,-107,-67,41,131,150,129
67,167,127,-130,-23,174,-104,-63,78,143,170,109
69,187,124,-126,-49,150,-85,-99,46,129,181,103
92,202,133,-141,-39,164,-120,-70,67,155,179,115
68,202,124,-143,-15,190,-113,-85,57,154,174,136
74,213,154,-140,-42,174,-135,-93,88,177,211,152
88,239,132,-161,-27,204,-143,-86,72,160,197,166
65,254,150,-169,-19,191,-142,-111,56,175,204,180
90,235,150,-157,-48,228,-135,-99,87,175,227,159
103,261,188,-177,-41,218,-121,-103,91,188,227,193
88,303,173,-169,-61,235,-182,-111,88,204,244,195
71,275,193,-189,-47,203,-162,-115,87,203,263,207
121,294,156,-204,-60,225,-166,-103,84,206,283,202
125,305,196,-217,-26,266,-183,-127,99,242,275,200
97,341,196,-207,-46,288,-163,-136,106,240,276,233
122,327,214,-208,-39,264,-171,-121,97,254,301,249
138,348,207,-222,-53,272,-178,-129,91,239,319,214
134,347,239,-218,-79,292,-200,-131,105,275,315,227
145,376,225,-253,-56,294,-190,-155,105,269,331,255
129,401,259,-266,-41,302,-196,-153,113,272,333,253
134,376,251,-266,-62,310,-214,-162,117,284,352,270
123,392,256,-246,-53,329,-207,-153,108,289,350,256
103,396,232,-272,-48,326,-225,-168,109,277,342,280
126,416,254,-284,-56,339,-215,-158,121,311,361,275
158,416,257,-286,-70,339,-238,-154,137,301,393,257
137,412,274,-299,-57,341,-239,-179,128,325,394,300
148,436,273,-277,-73,364,-214,-173,113,320,389,300
157,424,285,-289,-58,372,-239,-174,159,345,393,285
168,430,286,-290,-62,366,-238,-181,144,326,403,325
180,459,292,-278,-69,378,-267,-177,133,347,419,332
171,453,288,-312,-74,368,-277,-191,137,357,374,306
158,448,292,-343,-65,387,-253,-178,138,360,416,305
155,462,300,-322,-78,390,-257,-174,135,365,409,328
147,470,302,-321,-58,357,-249,-174,151,340,423,326
192,457,313,-300,-92,401,-266,-178,140,347,412,348
170,495,302,-316,-83,371,-268,-177,137,346,435,329
154,456,299,-323,-63,396,-260,-177,144,329,404,337
172,480,311,-318,-70,362,-247,-185,124,355,431,335
185,467,268,-314,-61,377,-249,-188,145,360,420,334
172,461,308,-312,-61,412,-277,-183,121,345,415,328
164,459,317,-318,-70,389,-282,-207,128,365,407,321
168,471,297,-300,-88,373,-260,-189,146,334,411,329
160,448,277,-308,-66,386,-239,-185,155,351,409,313
156,441,284,-292,-71,372,-261,-184,137,347,410,340
165,453,278,-315,-58,376,-250,-181,122,331,412,331
154,434,315,-321,-70,372,-244,-189,137,325,387,313
174,453,277,-287,-65,361,-264,-190,116,343,361,311
136,447,294,-314,-70,347,-237,-161,131,335,367,302
136,405,279,-285,-68,343,-221,-149,125,338,370,324
136,417,273,-301,-56,338,-235,-166,130,309,359,273
128,379,254,-294,-68,346,-233,-143,124,300,367,286
146,419,279,-263,-60,340,-230,-150,115,280,356,283
125,400,261,-273,-63,332,-203,-185,126,294,344,278
161,381,225,-233,-60,332,-210,-145,105,277,334,283
124,376,248,-238,-59,306,-187,-164,118,264,334,255
119,368,255,-227,-60,310,-179,-129,105,282,333,240
118,328,215,-234,-71,322,-186,-149,132,254,311,268
121,345,232,-228,-54,258,-182,-167,104,243,317,242
100,301,222,-236,-51,252,-197,-130,79,265,294,239
112,317,206,-201,-57,264,-166,-124,111,227,300,215
96,318,197,-213,-45,280,-172,-119,123,233,285,210
112,289,195,-201,-33,255,-163,-116,103,232,260,224
97,281,174,-215,-36,224,-157,-123,86,220,243,186
79,273,169,-183,-46,219,-160,-123,92,191,217,218
97,252,155,-173,-41,204,-152,-104,81,216,244,169
117,273,168,-156,-45,186,-122,-97,58,184,218,164
85,246,166,-160,-29,233,-143,-94,75,170,227,143
77,265,157,-149,-28,191,-131,-85,74,179,219,154
73,218,140,-153,-50,182,-119,-87,79,166,241,148
69,209,148,-131,-26,178,-129,-95,70,145,199,170
61,196,128,-132,-25,173,-130,-68,73,155,185,133
74,212,149,-146,-26,161,-110,-64,36,167,168,136
60,164,111,-98,-17,139,-114,-72,38,135,168,106
50,165,126,-103,-26,163,-91,-57,62,117,154,115
37,176,103,-101,-52,149,-91,-47,63,118,156,112
53,169,76,-104,-14,137,-69,-62,33,126,131,123
60,132,106,-102,-14,113,-80,-47,44,117,152,90
53,141,126,-74,-23,105,-95,-50,36,112,124,96
43,133,81,-86,-3,104,-74,-47,52,96,127,95
45,112,67,-70,-21,94,-74,-60,50,77,99,77
44,119,65,-83,-41,90,-72,-53,32,83,78,94
42,105,49,-62,-37,99,-65,-48,28,93,94,76
51,108,45,-84,-14,77,-38,-30,49,75,93,45
26,93,52,-86,-38,90,-58,-36,33,84,77,67
24,94,53,-80,-18,68,-53,-25,28,70,65,58
41,87,55,-55,-18,59,-45,-28,34,51,84,67
52,85,27,-44,-5,42,-39,-36,14,63,58,62
27,90,40,-44,7,92,-44,-17,23,51,61,55
26,57,27,-31,-17,35,-31,-17,36,30,45,23
-2,48,23,-44,-25,59,-33,-21,6,27,56,49
48,62,36,-45,-10,40,-39,-23,36,40,47,37
10,45,43,-50,-18,54,-9,-37,19,59,62,31
1,45,38,-16,-14,51,-29,-5,1,28,32,39
2,34,49,-25,-17,31,-30,-11,10,40,7,20
-10,40,6,-22,-2,35,-34,-18,4,36,35,53
2,13,14,-10,9,23,-18,0,5,25,36,35
6,25,27,-32,6,44,-24,-2,41,25,13,18
10,51,25,-11,15,32,-18,10,-18,20,22,37
15,16,18,-7,0,21,-26,3,8,6,12,10
12,15,12,-28,-13,10,-15,-27,-7,18,12,20
21,30,33,-9,-5,11,-2,-24,31,4,8,20
-1,3,32,-8,-21,28,9,-3,-4,14,11,31
4,24,8,-8,8,27,-16,3,-3,7,21,10
5,7,23,-4,10,16,8,-18,-1,33,23,0
10,22,3,-22,-29,17,3,-3,15,19,29,11
20,19,10,4,-6,22,4,-17,28,18,18,6
24,16,16,6,-11,12,-5,7,19,40,22,6
15,22,11,-23,-9,-3,-4,-2,-8,23,36,12
19,16,3,34,-11,1,-11,6,-16,14,41,23
-3,-4,3,6,-1,4,10,3,9,0,30,2
1,14,-6,-5,4,13,-14,8,6,26,16,1
4,25,-16,-2,25,-19,-18,-7,-17,29,-3,-8
9,14,24,-12,20,13,11,0,-1,17,14,-7
-8,31,19,1,-26,11,-13,-21,12,17,11,18
4,0,0,-10,5,-7,-3,-25,13,1,8,6
0,-9,-18,-35,-6,-8,3,0,8,13,13,1
7,1,1,-4,-2,9,-31,1,-2,9,7,11
-7,0,8,4,2,16,9,-8,23,7,28,-2
5,9,18,5,9,6,-9,7,0,7,14,27
-4,-5,12,-1,-6,6,-7,-26,7,-13,3,1
0,0,11,-1,-1,15,-22,-18,-1,-5,3,6
-8,11,16,-24,-2,12,6,-4,1,10,27,9
6,9,12,-2,-3,-9,-12,-7,-6,6,23,20
-2,14,25,-5,25,14,0,-8,4,15,4,20
21,8,-3,-4,-8,12,-11,-6,4,12,-3,-1
-8,-21,0,-17,-24,27,-13,-17,18,-2,7,-3
2,14,2,-6,18,1,-23,19,16,-8,18,0
9,0,6,-23,10,-4,-2,1,-3,3,17,-14
-5,2,12,-15,-2,4,5,-7,-16,13,3,24
18,27,15,-15,9,36,-12,-17,2,0,9,-10
3,13,-22,12,-17,-9,-4,-1,-2,20,5,1
1,7,8,-16,3,9,-6,-15,6,2,19,-1
-3,33,10,-4,-5,-5,-4,-7,10,10,16,-7
-3,18,-2,9,4,2,-9,-13,4,10,5,12
6,29,1,-8,8,19,-12,38,-7,16,23,7
-4,-1,-5,1,18,0,-3,-24,-3,-12,13,3
-6,15,26,-23,-20,3,2,-5,10,11,21,27
-23,6,26,-6,2,19,-5,0,13,5,3,-1
12,11,-12,-18,9,11,2,4,-7,27,27,6
28,29,14,-22,20,11,-3,-15,1,13,-10,12
2,5,21,15,-10,27,5,-6,-8,13,9,19
-16,13,22,-11,7,23,-18,-23,0,5,31,13
5,15,-18,12,10,7,-5,-11,3,35,35,0
8,42,12,-11,-17,7,-2,-30,-16,19,13,25
10,12,25,-13,2,20,-16,-41,12,44,1,25
13,5,31,-8,-7,24,-10,-8,16,39,6,6
-11,23,13,-12,23,35,-11,-9,-2,30,27,15
36,24,6,-34,-4,32,-31,-29,4,31,11,7
-4,47,42,-17,-6,14,-33,2,5,9,22,17
16,39,33,-9,-4,47,-14,-19,-2,18,40,22
24,28,25,-29,-10,11,-34,-12,2,13,40,14
16,61,18,-34,-22,34,-5,-27,-11,35,50,29
14,37,33,-13,12,38,-37,-7,31,63,27,24
5,56,27,-1,-20,39,-34,-5,1,41,45,33
20,75,31,-36,3,45,-35,0,7,33,39,41
22,53,13,-37,-5,18,-43,-21,19,52,47,44
33,51,29,-43,-5,64,-21,-44,22,65,50,43
15,65,48,-68,8,41,-44,-30,17,38,51,51
44,74,38,-48,-19,63,-71,-34,32,64,95,50
38,101,60,-67,-11,74,-49,-39,22,56,77,84
61,107,58,-53,-31,76,-50,-46,31,85,73,78
40,101,73,-52,9,85,-73,-21,18,73,101,85
67,129,81,-61,-4,91,-59,-36,32,81,103,77
40,148,62,-82,-19,117,-61,-41,23,87,129,94
35,149,83,-82,0,111,-77,-35,54,108,128,100
35,129,89,-87,-34,118,-85,-37,57,112,150,115
57,142,75,-106,-37,133,-83,-77,32,92,105,127
53,170,105,-96,-30,136,-81,-63,34,103,141,118
57,201,93,-94,-43,154,-79,-56,67,118,153,107
64,171,141,-129,-21,160,-110,-65,58,141,156,142
56,196,107,-125,-33,166,-110,-82,64,157,177,151
91,210,136,-163,-23,165,-108,-90,68,162,194,143
74,221,123,-153,-8,179,-115,-94,49,157,169,156
70,212,133,-148,-48,175,-126,-87,58,177,217,125
75,240,161,-159,-30,201,-113,-114,77,192,233,181
81,243,162,-160,-24,204,-136,-111,98,190,219,168
90,242,160,-172,-34,216,-133,-107,69,193,271,183
76,267,165,-192,-39,232,-170,-111,77,193,240,182
101,261,201,-176,-25,215,-140,-138,48,197,250,209
110,277,194,-187,-64,228,-158,-119,69,210,247,194
98,285,213,-176,-47,245,-141,-116,76,216,230,208
75,305,191,-190,-40,269,-152,-105,69,213,266,187
99,290,205,-216,-42,218,-152,-119,77,222,262,208
102,300,202,-205,-40,231,-160,-121,102,228,269,220
122,291,194,-210,-33,229,-177,-93,87,222,277,211
99,314,190,-229,-60,248,-179,-119,90,231,266,228
100,298,197,-223,-43,246,-155,-129,79,229,261,222
104,288,194,-229,-42,237,-182,-120,83,234,271,200
115,285,198,-207,-36,252,-160,-134,97,222,284,196
103,299,207,-220,-38,258,-162,-126,104,225,255,189
103,289,207,-195,-35,250,-149,-117,68,204,263,204
78,253,189,-182,-54,231,-159,-110,85,210,248,183
109,280,192,-173,-44,250,-141,-97,85,216,241,204
98,275,174,-184,-29,209,-167,-129,94,203,242,191
87,257,184,-189,-45,206,-142,-83,73,210,241,191
84,254,186,-174,-55,220,-121,-125,59,202,220,202
95,243,158,-164,-49,222,-149,-85,81,186,222,193
89,210,167,-152,-43,216,-145,-89,94,163,199,170
81,227,146,-159,-32,195,-132,-70,62,182,193,156
63,236,140,-129,-31,176,-114,-76,68,158,196,144
74,202,146,-143,-41,154,-119,-85,71,127,194,153
82,179,117,-128,-32,155,-100,-97,50,148,178,143
71,183,132,-109,-21,166,-97,-75,54,120,170,115
46,159,117,-108,-32,145,-102,-80,52,128,149,97
55,172,102,-112,-2,145,-95,-74,34,101,142,105
76,137,91,-96,-54,123,-85,-51,58,117,125,110
38,127,93,-92,-2,102,-86,-51,34,121,131,101
70,128,93,-84,-26,101,-73,-66,29,79,121,83
36,102,67,-71,9,99,-70,-48,52,84,104,61
44,102,65,-86,-19,95,-58,-52,30,74,101,72
44,99,60,-55,-13,65,-40,-36,19,82,85,77
47,86,52,-78,-12,78,-49,-49,57,69,79,74
40,75,78,-62,-24,77,-46,-30,9,54,70,66
49,68,46,-71,-28,59,-35,-27,19,41,54,57
28,77,24,-78,-22,67,-42,-39,31,39,84,30
15,57,41,-54,-25,31,-29,-48,13,51,70,40
39,52,49,-30,-1,49,-34,-9,3,52,72,40
17,67,21,-35,-6,32,-37,-17,10,41,48,39
33,54,34,-19,-14,30,-11,-31,6,35,38,22
11,24,32,-24,1,29,-13,-3,21,33,39,26
16,56,30,-18,-18,26,-5,-21,2,19,35,25
33,31,14,-26,-1,21,-1,-23,0,41,15,49
19,5,16,-17,11,5,-21,-6,-6,21,15,5
-3,27,16,-6,3,18,-14,-14,9,32,15,-1
21,41,27,-29,-13,23,-2,-22,6,9,22,6
15,15,-10,10,-23,11,9,12,6,-3,5,14
6,1,4,-6,10,20,-11,26,17,13,-3,-15
-16,-18,-24,10,-19,-3,-6,-7,11,-5,-3,-25
6,-25,-14,26,31,-39,2,22,0,-23,-32,-20
1,-28,-20,49,-10,-36,41,46,-17,-24,-33,-37
-24,-70,-44,29,5,-47,37,29,-13,-54,-53,-47
-29,-62,-53,51,6,-46,43,40,-21,-58,-82,-50
-35,-83,-66,41,11,-85,60,18,-41,-63,-70,-64
-48,-116,-83,74,13,-117,48,44,-16,-78,-103,-84
-35,-110,-86,88,17,-97,52,61,-8,-92,-117,-91
-37,-149,-91,100,11,-112,75,24,-44,-98,-120,-93
-49,-155,-76,96,34,-131,93,47,-38,-99,-111,-74
-68,-146,-78,108,22,-105,90,51,-25,-106,-115,-96
-21,-116,-69,98,-4,-132,77,72,-52,-90,-136,-108
-32,-146,-75,79,24,-83,69,55,-34,-90,-105,-64
-32,-64,-50,53,16,-61,50,42,-61,-42,-67,-68
-13,-45,-25,31,5,-31,19,19,-13,-46,-44,-15
10,13,33,-2,19,-4,-18,-12,4,15,27,-8
33,72,72,-79,-21,58,-67,-25,29,53,86,65
59,177,128,-103,-16,132,-93,-32,44,134,159,111
68,244,167,-184,-28,229,-153,-81,77,212,223,190
141,379,230,-256,-59,298,-228,-155,116,288,322,269
171,485,332,-349,-81,419,-274,-209,128,366,483,341
214,636,418,-388,-93,513,-339,-267,188,466,569,427
255,751,480,-494,-82,631,-388,-290,211,573,648,507
291,854,549,-615,-106,703,-467,-335,261,633,797,604
344,961,593,-673,-142,796,-517,-399,284,720,866,671
370,1058,682,-728,-156,875,-554,-402,301,776,943,728
395,1101,736,-752,-178,918,-606,-443,332,839,996,780
375,1163,758,-782,-167,955,-646,-456,365,881,1029,798
406,1149,765,-796,-160,957,-625,-466,354,857,1054,796
396,1122,768,-745,-170,948,-607,-464,337,860,1036,791
371,1079,700,-726,-164,897,-589,-463,336,802,982,755
343,1021,657,-670,-160,813,-544,-409,310,746,902,694
310,903,574,-607,-133,742,-508,-379,264,677,812,627
276,785,507,-525,-134,627,-415,-316,242,580,686,533
236,655,410,-440,-101,541,-332,-260,202,480,585,448
164,530,334,-347,-64,443,-282,-208,133,369,446,374
132,387,264,-246,-55,308,-200,-147,122,283,366,264
95,258,181,-197,-48,227,-146,-101,76,204,240,190
58,121,96,-100,-28,114,-79,-61,64,114,127,87
2,50,21,-46,-16,53,-1,2,18,43,42,30
-29,-28,-42,9,-3,-37,16,12,16,-32,-40,-27
-57,-115,-57,93,28,-78,87,50,-6,-103,-100,-97
-70,-154,-73,135,18,-165,94,64,-60,-102,-150,-128
-90,-219,-145,142,37,-190,105,74,-34,-171,-199,-156
-72,-205,-157,153,39,-185,112,86,-65,-187,-211,-162
-74,-245,-148,154,39,-181,142,102,-93,-206,-213,-164
-103,-240,-186,178,22,-211,111,109,-85,-162,-209,-193
-96,-220,-152,157,46,-179,154,117,-54,-150,-214,-174
-80,-219,-146,166,55,-192,115,84,-69,-164,-203,-185
-64,-188,-144,145,21,-150,107,69,-70,-139,-171,-153
-57,-179,-103,115,28,-138,88,60,-39,-124,-160,-115
-37,-147,-101,77,12,-108,98,51,-63,-86,-111,-118
-26,-109,-66,63,6,-103,45,17,-55,-83,-114,-83
-21,-64,-66,61,-4,-73,38,40,-40,-60,-74,-48
10,-54,-50,58,13,-48,25,3,1,-36,-55,-56
-30,-42,-22,25,-17,-47,30,22,-27,-32,-46,-21
-3,-36,-10,-9,9,3,26,-9,-13,-34,-22,2
26,4,-14,11,-19,-20,-3,5,7,-12,-11,-10
-11,-1,18,13,11,18,-1,2,-16,7,9,1
0,17,5,-20,8,11,-23,-9,11,4,21,2
12,29,23,-21,4,8,-4,-8,6,11,-1,12
-6,33,20,-38,12,37,-13,-1,20,-7,11,8
-13,36,12,-19,-9,36,-29,-5,18,27,19,25
24,33,30,-23,-5,10,-29,9,10,19,25,22
10,40,29,-26,-9,36,-36,-42,5,26,28,35
18,54,18,-40,-28,39,-7,-22,16,41,39,12
22,35,10,-17,-20,8,-35,-12,32,42,41,17
22,39,40,-21,-8,49,-37,-16,7,51,34,45
19,42,35,-35,9,14,-23,-23,-5,29,33,32
15,48,39,-23,3,51,-37,-37,17,51,35,31
26,71,30,-27,11,69,-30,-42,9,21,75,49
11,73,32,-42,-6,54,-25,-24,31,34,80,31
9,78,31,-45,6,40,-58,-22,28,29,60,42
23,67,54,-53,1,52,-22,-32,-5,61,69,20
31,61,55,-51,-7,55,-33,-35,40,61,53,30
10,75,53,-54,-13,41,-40,-20,18,60,72,54
53,81,54,-64,-14,77,-35,-38,17,60,72,85
24,103,82,-50,-13,57,-47,-23,27,70,76,74
30,87,80,-66,-34,79,-34,-42,36,55,99,72
30,94,35,-64,-2,76,-56,-43,51,78,86,67
40,92,77,-63,-3,99,-78,-23,43,82,61,81
18,116,74,-56,-14,93,-30,-30,43,86,83,108
37,119,76,-82,-35,102,-78,-51,16,88,115,88
49,132,65,-92,-31,115,-68,-48,37,93,111,109
35,133,76,-94,-4,113,-63,-66,42,101,128,96
69,150,87,-103,-27,105,-82,-66,58,128,117,94
61,127,90,-87,-16,127,-83,-39,44,93,113,121
33,145,108,-97,-16,122,-77,-58,48,109,124,97
40,159,100,-127,-16,141,-101,-53,54,108,130,108
64,169,107,-126,-11,122,-91,-64,55,107,146,113
52,156,117,-134,-24,134,-114,-95,43,121,160,133
66,215,123,-137,-44,152,-103,-58,85,141,179,140
78,193,124,-143,-37,154,-104,-82,53,138,174,149
96,218,108,-134,-27,183,-112,-70,56,150,173,149
69,200,150,-136,-26,176,-119,-96,39,167,199,162
80,257,161,-143,-35,193,-125,-85,90,174,211,152
71,228,156,-158,-32,213,-138,-110,78,172,215,181
96,251,166,-155,-17,216,-154,-117,64,198,229,192
73,251,173,-166,-39,221,-130,-99,71,195,232,193
94,256,160,-195,-68,215,-138,-98,86,209,248,182
93,294,185,-200,-51,252,-155,-115,79,223,256,196
107,290,204,-207,-22,247,-168,-125,104,224,260,219
104,309,198,-212,-46,252,-162,-137,100,231,275,211
99,312,208,-203,-72,256,-154,-110,75,221,288,224
124,338,187,-209,-56,263,-176,-112,88,237,322,230
104,320,235,-242,-55,279,-178,-137,109,253,318,218
117,351,240,-235,-67,282,-168,-139,103,265,300,235
139,369,246,-246,-50,305,-176,-149,104,266,307,249
138,339,254,-259,-82,300,-196,-137,108,269,318,246
130,367,244,-262,-55,303,-209,-149,121,289,323,255
122,380,263,-254,-50,303,-203,-142,101,280,345,281
154,404,262,-262,-51,326,-212,-167,112,280,340,257
152,393,269,-263,-43,328,-221,-150,130,306,361,288
147,411,260,-286,-49,330,-202,-149,132,313,373,279
167,392,255,-285,-57,336,-223,-163,121,327,396,266
157,440,283,-270,-73,369,-227,-156,127,345,364,291
136,416,286,-305,-74,349,-237,-167,150,313,396,304
161,430,270,-308,-68,346,-256,-172,124,313,384,311
136,432,281,-295,-77,347,-227,-183,128,321,393,319
135,449,271,-300,-58,368,-227,-173,133,326,379,300
142,449,283,-318,-63,361,-241,-174,132,318,371,332
154,451,297,-309,-62,398,-256,-186,121,348,397,319
135,439,292,-295,-51,383,-240,-176,140,328,397,320
163,453,310,-311,-82,381,-221,-184,138,355,391,282
152,435,291,-301,-74,361,-269,-192,132,344,407,299
162,455,312,-295,-43,382,-235,-175,134,326,434,326
164,454,274,-306,-64,371,-249,-171,134,337,415,310
145,448,278,-314,-49,378,-219,-179,156,332,395,315
150,437,287,-307,-63,364,-255,-171,159,323,372,314
154,436,286,-306,-60,358,-224,-158,113,322,420,316
144,464,282,-292,-86,350,-242,-168,133,329,403,292
143,442,285,-292,-79,372,-216,-174,147,338,406,295
139,425,284,-299,-61,334,-234,-175,117,336,394,286
131,412,295,-289,-70,356,-226,-170,115,307,359,319
141,412,275,-269,-74,336,-217,-154,125,320,364,287
153,424,254,-280,-60,334,-231,-150,119,314,367,289
156,389,251,-275,-56,327,-246,-167,139,299,354,283
128,373,253,-254,-53,328,-217,-160,112,292,378,272
115,381,256,-255,-40,320,-194,-145,109,289,351,268
135,377,222,-245,-82,304,-183,-142,113,258,340,257
137,368,241,-253,-50,297,-225,-159,111,269,344,258
123,346,238,-230,-48,303,-203,-143,103,255,323,269
132,318,232,-222,-78,281,-188,-127,112,261,306,214
118,328,225,-228,-66,256,-176,-150,113,255,290,227
127,333,203,-227,-56,272,-192,-126,105,250,299,215
98,346,204,-203,-70,275,-177,-133,92,249,293,227
105,294,194,-221,-28,245,-169,-126,93,228,298,203
108,283,167,-183,-43,247,-174,-111,103,213,286,187
107,269,174,-203,-43,221,-158,-116,80,216,248,206
108,280,180,-195,-33,224,-163,-107,79,215,257,184
80,270,176,-174,-41,208,-155,-121,70,186,229,164
82,255,168,-174,-21,193,-166,-102,89,196,222,167
71,243,169,-170,-21,180,-127,-88,64,188,219,161
74,218,124,-182,-34,204,-125,-111,57,171,215,169
61,205,143,-168,-32,169,-113,-77,59,134,207,161
56,215,126,-135,-15,168,-105,-85,56,156,186,136
57,192,132,-124,-30,159,-100,-95,56,150,170,125
75,179,131,-114,-20,149,-108,-66,45,122,171,144
58,188,100,-119,-9,131,-92,-86,43,133,160,143
69,171,89,-124,-28,143,-94,-63,45,110,132,117
55,144,105,-106,-33,129,-102,-65,70,119,138,90
46,149,113,-78,-33,133,-89,-69,57,105,161,103
32,136,85,-68,-31,113,-58,-47,38,116,114,86
40,121,79,-99,-30,85,-78,-49,43,88,119,96
43,110,92,-94,-33,101,-82,-45,55,108,112,94
70,130,86,-72,-15,99,-69,-44,22,80,77,94
52,114,61,-83,-5,99,-67,-57,36,68,90,45
51,122,56,-64,-10,74,-55,-48,37,68,71,76
34,93,48,-59,-4,88,-35,-33,26,59,65,52
13,69,35,-61,-17,67,-42,-39,29,74,69,64
31,93,54,-58,3,65,-55,-22,22,52,74,56
21,89,40,-59,-13,63,-34,-32,38,43,79,52
29,90,47,-33,0,60,-30,-9,12,42,79,37
28,57,49,-29,-4,40,-7,-18,13,36,48,39
25,50,25,-32,-16,41,-16,-39,13,26,61,49
5,53,36,-21,-22,32,-37,-13,-9,35,29,15
38,39,12,-42,-20,34,-40,-19,10,38,42,28
7,43,23,-28,-12,0,-17,-19,41,22,29,24
-2,48,37,-24,-10,23,-29,-28,19,32,62,31
13,6,20,-40,-2,17,-28,-27,24,46,13,9
22,9,40,-15,17,2,-5,-31,8,8,29,50
-1,14,14,-11,-11,25,-25,-9,9,22,7,1
18,5,16,-4,-5,20,11,-30,19,14,6,8
9,28,5,12,8,4,-10,5,26,12,34,-1
-5,19,-7,14,-25,6,17,-11,6,3,30,6
-3,-22,20,4,-4,-3,18,1,-4,0,7,13
-6,-1,12,-4,-13,2,-1,-2,11,-4,30,-9
4,2,5,-3,7,10,9,8,1,-12,13,-12
18,16,-13,-6,-5,1,5,-14,-1,5,0,4
1,-10,17,-7,20,4,14,-17,-23,-8,-1,3
3,21,15,-2,1,-3,-2,-2,17,-18,10,4
-15,-3,13,5,5,1,9,24,6,12,-3,-1
3,4,16,15,6,-12,0,0,-16,-22,10,3
-10,-14,4,12,25,6,-18,11,-9,-6,-3,-5
-1,-9,5,1,3,-20,17,10,-13,-3,17,-10
-1,-9,-1,-18,-11,-16,-12,-20,-6,-7,-13,-11
-9,-3,-16,-1,-9,-17,-5,20,-5,-16,-5,-18
18,-29,15,0,-4,-7,-7,0,-16,-1,-14,4
7,-3,-17,-7,20,-5,4,40,10,-28,8,-28
-11,-9,5,9,-6,-7,15,10,-10,-2,14,-13
-5,-2,6,-6,9,-22,1,12,2,-5,-19,-4
-12,-4,-7,-8,3,12,2,4,-14,-3,-4,-16
1,13,7,-5,28,-11,29,6,-21,-11,-1,5
-15,-19,-30,-10,11,-2,7,7,3,8,-17,-25
0,-35,6,5,4,-25,6,-4,5,-2,-6,-26
15,-13,-24,4,7,-22,20,21,12,-10,-18,-17
-3,-22,-2,8,-12,-13,24,-19,-7,-1,2,-17
-2,2,-3,12,13,0,8,31,1,-1,-10,-6
-4,-11,-4,-6,-3,0,-2,4,-7,-2,-26,11
-25,13,10,13,9,-2,13,-6,12,-3,1,-30
8,-18,-20,5,-24,-4,-1,-13,13,-5,-18,-7
-17,-24,-8,11,20,-5,5,-5,-3,-29,9,4
-18,-34,9,34,4,-7,-3,1,-4,-21,-11,2
23,-28,-5,3,8,-1,6,23,-1,-7,-17,-5
-10,-6,-30,3,-10,-9,10,-5,-16,-12,-31,-1
-11,0,-10,3,-1,-17,-9,-4,6,-5,-12,-10
-6,-21,-5,19,19,-21,7,-7,-20,16,0,0
-12,-1,-23,14,-14,0,0,11,-3,-7,-6,2
-3,-19,-5,2,-9,3,0,-2,-2,-12,25,-25
-10,-40,-8,9,25,-23,-2,13,-1,-3,-10,-10
12,-4,-16,14,-13,-13,16,4,-21,-6,-13,-19
5,-1,1,2,1,0,1,-2,10,14,-6,-21
5,29,-14,-5,4,-2,-14,-2,1,-17,-9,-13
3,-4,-1,10,-2,4,9,7,15,5,-7,-14
-6,-10,5,12,18,9,23,-6,-4,17,-7,-19
-3,-1,-30,-7,-12,-10,-14,-1,28,10,-25,-5
-10,-11,-28,18,8,-5,2,22,-8,12,-28,-1
-13,-5,-9,14,-17,-6,-8,11,7,-29,12,-16
-5,-19,-20,1,4,4,6,-5,-2,-13,-3,-7
-1,-2,12,-9,18,-8,2,13,-21,-13,-4,-2
2,-4,21,-2,-6,3,24,10,17,-2,2,-23
11,2,26,-5,-5,25,-10,27,-6,15,-10,1
3,7,12,-27,16,4,0,11,27,17,13,-2
8,-13,4,-6,22,12,6,6,-6,13,15,7
-12,15,-2,11,10,25,1,-19,-4,20,18,-12
-9,-2,11,6,-5,-9,-17,-5,3,18,15,9
21,4,31,-3,9,-12,-11,-1,6,21,21,2
7,19,13,-1,-3,16,0,-11,8,9,25,8
4,27,-6,-27,-21,16,-4,6,-11,19,24,8
11,24,22,-28,25,22,-16,-4,0,-5,17,49
32,39,19,-24,5,37,-9,-29,26,0,5,-14
-13,20,2,-14,-5,8,-13,-3,17,33,17,22
26,47,22,-7,0,40,-28,-23,14,29,17,18
23,36,42,-23,1,45,-34,-25,-2,32,35,28
34,20,13,-51,-16,42,-35,-9,22,50,41,21
6,68,35,-28,-2,48,-31,-12,25,43,40,47
22,78,41,-56,-4,69,-21,-23,49,40,76,50
8,74,45,-37,-15,64,-43,-39,21,41,79,59
33,75,43,-78,-10,86,-21,-32,32,55,53,52
46,101,49,-37,-8,77,-43,-61,33,63,70,65
1,87,62,-80,-12,65,-47,-26,23,63,90,62
57,121,88,-64,-1,90,-55,-43,16,76,94,82
53,112,83,-91,-10,89,-92,-51,43,95,73,98
47,112,87,-98,-16,96,-55,-48,34,98,112,108
46,154,110,-88,-24,102,-71,-58,44,113,141,91
57,145,94,-125,-38,107,-96,-50,39,128,146,105
61,151,112,-114,-21,138,-83,-68,51,120,150,130
68,176,102,-126,-35,138,-84,-78,57,125,150,120
67,177,136,-116,-32,156,-114,-81,59,141,149,117
50,195,123,-131,-26,173,-111,-104,87,151,171,144
58,192,121,-139,-25,166,-93,-75,56,151,179,140
111,212,108,-161,-45,176,-108,-91,66,146,175,160
85,206,132,-148,-31,185,-119,-101,43,171,199,140
92,230,146,-146,-25,196,-119,-95,66,181,215,178
82,250,175,-178,-45,192,-139,-66,78,181,210,153
78,259,164,-179,-46,203,-132,-103,70,173,239,154
89,242,152,-181,-45,199,-131,-102,70,187,230,185
95,276,182,-156,-44,209,-168,-101,76,198,237,159
107,277,169,-174,-41,222,-132,-99,88,189,244,168
74,265,179,-172,-58,217,-140,-103,79,200,238,213
93,252,176,-179,-56,231,-135,-120,88,221,226,161
97,264,161,-170,-33,229,-151,-121,94,194,220,203
90,268,163,-166,-55,219,-151,-99,87,200,253,184
94,253,168,-167,-45,221,-139,-108,88,189,234,161
81,262,158,-166,-27,213,-142,-111,55,182,230,175
100,248,146,-169,-50,220,-157,-100,102,212,215,158
81,245,164,-150,-30,235,-153,-107,65,190,231,187
68,227,165,-159,-55,197,-134,-88,73,196,213,174
93,235,149,-165,-43,199,-153,-79,57,181,221,158
75,224,144,-139,-37,189,-132,-89,66,188,206,136
101,238,148,-160,-35,187,-115,-74,62,166,212,173
74,211,152,-170,-48,174,-117,-85,88,158,192,141
51,211,136,-128,-34,163,-94,-49,57,154,189,141
54,196,131,-117,-41,151,-111,-78,64,136,168,141
78,185,147,-112,-33,147,-94,-49,35,134,169,125
56,169,127,-126,-41,153,-72,-66,54,123,156,126
72,162,73,-115,-27,136,-87,-82,45,130,149,118
53,121,97,-108,-34,128,-84,-68,30,117,145,87
43,128,77,-88,-40,123,-68,-41,57,118,118,100
35,125,90,-82,-19,95,-57,-59,31,66,122,110
35,111,86,-87,-22,96,-54,-59,21,99,97,74
24,109,65,-59,-15,87,-85,-41,17,83,87,83
31,110,72,-60,-15,94,-41,-29,23,73,75,70
26,68,57,-57,-10,79,-54,-26,16,44,65,47
31,71,24,-62,-18,41,-58,-25,38,36,85,46
54,62,36,-9,-11,43,-34,-16,9,52,79,45
29,79,39,-34,-4,48,-48,-19,-9,48,73,54
20,64,35,-25,-12,42,-25,-11,24,44,36,44
16,40,22,-16,-8,33,-20,-16,-3,56,35,34
36,36,23,-21,-7,6,-27,-2,-5,17,16,13
6,33,23,-13,-14,16,-7,-21,8,30,21,28
0,14,0,-18,-10,35,-7,-19,7,18,17,-2
11,34,18,-9,11,3,6,-4,28,-27,21,-2
-1,-6,24,3,20,6,-17,-19,-28,5,12,4
-4,0,4,-6,10,-11,-11,-2,10,-3,7,-16
-24,12,-7,-5,14,-9,-15,-7,7,-27,22,10
1,-6,8,8,-2,6,-6,1,3,-12,-13,-14
-5,-4,-23,30,6,-17,4,5,-4,-12,-7,-7
-7,-20,-11,20,-2,-12,20,-1,-2,-3,-10,-14
1,-29,-9,11,13,-16,2,0,-1,-24,-24,-36
-26,-22,-29,23,-2,-23,18,11,1,-16,-34,-19
-19,-37,-16,22,25,-39,13,4,-18,-21,-49,-46
-24,-35,-27,29,10,-34,42,28,-21,-31,-45,-44
-23,-60,-43,61,41,-66,60,43,-8,-41,-76,-57
-21,-106,-63,47,-4,-68,45,27,-28,-71,-83,-47
-41,-91,-47,61,14,-75,64,33,-51,-70,-82,-68
-42,-118,-79,78,16,-85,55,51,-41,-98,-107,-99
-43,-120,-93,80,2,-125,63,70,-25,-108,-119,-104
-61,-173,-100,103,31,-103,83,69,-65,-124,-140,-107
-53,-177,-102,118,25,-122,81,63,-57,-137,-140,-126
-69,-163,-114,133,31,-144,98,72,-49,-132,-172,-116
-54,-188,-123,109,18,-165,116,74,-56,-173,-171,-110
-67,-178,-111,117,45,-183,104,80,-62,-144,-157,-135
-43,-183,-117,137,29,-149,106,76,-34,-140,-170,-132
-48,-168,-109,100,31,-129,79,63,-61,-127,-146,-113
-54,-139,-77,90,33,-100,90,65,-22,-87,-114,-103
-37,-74,-86,60,20,-81,55,4,-15,-73,-97,-63
-5,-19,-17,12,33,-17,8,23,3,-23,-43,-12
1,26,18,-22,1,37,-15,-7,-7,32,24,35
40,131,82,-82,-24,98,-71,-66,30,81,104,90
86,228,128,-156,-30,168,-123,-100,52,181,197,148
118,333,213,-224,-43,246,-160,-135,80,215,307,210
173,448,290,-305,-55,381,-241,-177,160,343,371,330
199,594,389,-400,-82,475,-309,-216,151,431,529,397
250,708,458,-470,-96,589,-392,-278,205,528,638,492
294,822,531,-565,-159,690,-468,-335,240,607,728,567
299,925,587,-617,-139,738,-530,-366,285,690,809,641
366,983,649,-686,-166,852,-559,-406,278,749,896,694
364,1059,692,-745,-143,876,-589,-422,315,793,960,723
377,1109,718,-730,-154,894,-598,-429,342,826,979,761
385,1095,700,-718,-177,897,-594,-449,330,826,979,768
377,1053,703,-718,-170,906,-604,-434,296,799,964,733
336,1017,657,-700,-154,840,-539,-394,294,765,921,697
305,904,585,-643,-153,754,-511,-392,279,698,824,665
300,815,525,-578,-123,691,-465,-334,240,589,736,580
266,708,456,-495,-89,578,-359,-306,198,540,622,471
174,579,365,-393,-87,463,-310,-209,166,406,536,394
133,454,266,-305,-57,361,-259,-160,141,345,393,295
82,298,213,-208,-68,243,-181,-102,104,217,257,215
75,189,136,-128,-19,159,-89,-66,57,132,183,97
20,72,45,-43,-32,74,-46,-48,24,49,88,40
-2,-23,-21,12,18,-24,8,8,-17,-11,-11,-36
-42,-115,-57,69,11,-110,66,39,-51,-84,-80,-65
-63,-187,-118,110,19,-148,103,57,-54,-104,-175,-116
-84,-241,-135,170,49,-174,116,87,-93,-182,-192,-151
-68,-275,-162,190,23,-217,147,119,-53,-200,-253,-184
-90,-266,-202,219,68,-234,180,131,-100,-211,-250,-216
-126,-308,-221,199,41,-244,148,140,-95,-211,-250,-205
-95,-286,-172,206,54,-232,162,112,-82,-221,-269,-189
-103,-281,-162,164,45,-249,178,127,-94,-228,-235,-182
-82,-234,-163,182,35,-212,138,98,-85,-198,-242,-175
-83,-242,-160,173,25,-214,110,84,-68,-172,-192,-164
-80,-213,-154,130,22,-174,106,77,-63,-145,-185,-144
-53,-185,-101,120,31,-141,96,80,-45,-124,-157,-129
-34,-151,-100,104,29,-135,68,58,-33,-135,-134,-91
-41,-142,-75,79,12,-97,68,66,-45,-105,-119,-69
-31,-126,-65,68,30,-80,59,34,-27,-74,-83,-59
-19,-78,-78,43,3,-76,35,47,-23,-75,-74,-55
-12,-58,-25,62,13,-78,24,37,-37,-59,-58,-55
-26,-36,-33,50,-10,-45,32,26,-53,-47,-59,-50
-16,-52,-32,37,12,-49,6,7,-42,-41,-26,-27
-4,-30,-10,22,-9,-8,34,17,-4,-12,-8,-38
20,-30,-20,35,3,-33,23,9,-15,-24,-20,-13
-14,-10,-19,17,8,-20,15,15,-25,-18,-23,1
2,-22,-23,17,3,-30,-3,-5,13,-29,-27,-9
5,5,-9,6,3,-26,29,14,-21,-4,-12,5
-1,-7,4,11,-4,-32,0,1,-26,2,-30,-27
-27,-10,0,8,11,-13,24,-6,-30,-15,-18,-6
-24,-14,13,19,2,-9,12,-7,12,12,3,-9
10,4,-31,12,1,-5,16,-6,-12,-3,-1,10
2,7,4,-12,-5,-21,-1,5,-11,4,0,-6
11,22,1,-13,-25,11,-4,5,5,8,1,7
14,30,-17,-10,-7,6,-15,-4,21,10,-5,9
14,-1,19,5,-6,9,-6,8,0,-12,1,1
4,32,16,-13,-7,39,5,-5,1,19,-5,26
7,22,21,-24,-10,32,-9,-19,3,18,22,-2
16,16,25,-14,-12,-9,-36,-19,-1,23,11,27
-1,47,12,-31,-14,19,-3,19,-13,23,26,14
15,31,15,-7,-2,28,-35,-3,19,24,29,3
20,55,31,-24,0,29,-19,5,1,15,38,24
4,42,16,-20,-18,38,-25,-15,7,34,28,26
19,54,32,-56,-25,48,-42,-12,-1,49,27,50
21,66,55,-33,-26,49,-23,-39,7,54,53,70
29,69,42,-31,2,44,-38,-42,8,32,40,43
21,66,41,-36,-23,49,-41,-11,13,38,39,54
20,88,38,-49,9,60,-57,-42,14,64,59,72
47,69,48,-70,-32,64,-58,-32,17,67,83,49
29,70,65,-60,-7,82,-71,-43,15,92,71,77
32,86,80,-44,-8,77,-46,-44,35,102,100,61
47,112,86,-103,-7,90,-66,-48,46,84,81,76
41,127,75,-95,-5,122,-89,-61,46,74,110,89
50,125,102,-65,-11,108,-81,-57,39,100,108,75
49,154,64,-97,-15,110,-99,-41,33,120,122,89
42,151,92,-102,-23,136,-85,-51,39,96,120,92
50,137,101,-105,-17,132,-102,-75,40,135,126,85
52,173,102,-114,-7,115,-104,-66,61,114,165,120
75,179,115,-119,-32,149,-99,-77,38,134,155,138
70,207,113,-129,-8,146,-95,-78,54,136,186,134
59,209,142,-131,-31,165,-104,-67,58,145,159,140
67,224,138,-125,-15,186,-126,-82,57,150,188,134
65,220,132,-146,-71,187,-107,-75,62,151,187,150
75,238,134,-139,-45,192,-126,-92,77,152,199,160
80,237,155,-153,-46,209,-130,-114,61,179,210,167
76,224,163,-155,-42,207,-119,-113,78,181,223,177
93,246,166,-188,-24,238,-145,-108,72,201,240,187
107,265,192,-193,-37,218,-159,-88,92,221,228,197
87,281,222,-172,-49,228,-164,-130,79,228,266,185
97,270,214,-201,-35,231,-149,-114,97,205,264,222
113,296,166,-213,-64,266,-168,-134,86,214,274,208
113,313,216,-207,-43,250,-172,-136,102,228,258,220
130,309,206,-228,-31,267,-163,-121,93,209,300,233
106,334,241,-216,-40,281,-185,-125,85,243,292,239
106,337,211,-230,-41,259,-175,-117,116,261,299,254
134,347,226,-245,-35,282,-171,-132,114,258,340,231
123,348,234,-253,-71,303,-200,-135,87,293,318,247
115,371,239,-227,-31,308,-219,-137,118,284,328,267
147,349,241,-266,-44,305,-189,-143,130,285,298,245
153,392,247,-241,-58,302,-220,-154,121,271,351,261
119,359,248,-243,-49,299,-182,-142,106,281,341,260
117,381,250,-255,-48,305,-199,-162,101,286,349,271
125,386,228,-262,-56,318,-236,-148,127,272,331,273
124,385,269,-257,-63,317,-214,-156,110,306,365,264
160,386,252,-236,-52,314,-216,-146,133,287,359,259
141,406,260,-239,-79,321,-223,-154,116,298,359,273
152,390,265,-280,-51,323,-202,-139,115,282,350,283
134,372,264,-260,-51,313,-225,-161,142,285,354,265
145,421,269,-257,-42,315,-192,-159,121,292,352,265
134,384,270,-288,-43,327,-217,-157,115,270,349,274
130,398,228,-245,-49,309,-219,-163,112,294,353,255
141,384,254,-265,-72,320,-224,-151,114,298,354,260
134,382,250,-259,-49,331,-221,-149,100,288,349,264
122,402,264,-263,-69,324,-206,-157,123,267,361,272
137,379,235,-262,-61,297,-212,-140,122,250,333,253
140,386,233,-243,-81,284,-203,-166,98,276,325,252
137,380,233,-255,-64,290,-198,-145,81,268,322,243
134,373,244,-228,-54,310,-203,-138,113,258,343,239
114,333,224,-217,-52,280,-203,-156,76,256,303,258
106,330,232,-232,-66,272,-189,-157,90,248,312,227
137,323,205,-213,-31,284,-152,-149,113,250,298,204
94,334,216,-218,-33,249,-197,-127,103,249,292,227
113,309,211,-206,-37,239,-189,-120,98,252,290,233
105,310,194,-203,-51,261,-169,-128,90,228,292,190
84,283,189,-212,-30,236,-171,-110,82,216,297,198
87,285,182,-183,-57,257,-175,-129,70,238,270,191
97,272,198,-187,-29,240,-140,-102,99,219,236,177
92,260,157,-181,-39,236,-146,-111,82,218,253,200
81,242,178,-181,-40,212,-147,-112,63,197,219,176
93,239,143,-175,-32,200,-136,-85,78,191,203,175
99,228,152,-143,-35,202,-127,-118,65,185,220,159
70,223,160,-149,-36,201,-123,-82,85,173,181,144
61,209,159,-164,-36,161,-132,-93,63,146,189,159
80,197,136,-130,-30,189,-112,-63,45,136,189,115
58,202,114,-96,-24,136,-97,-81,64,137,193,133
38,188,117,-133,-45,159,-94,-83,68,147,175,118
79,174,123,-123,-36,135,-92,-71,47,137,196,127
54,161,109,-101,-26,138,-95,-58,65,114,141,111
49,135,82,-105,-30,114,-93,-60,43,119,145,94
58,133,81,-64,-34,95,-66,-77,43,100,118,124
46,132,68,-75,-11,87,-71,-64,27,93,101,85
51,109,92,-63,-11,74,-77,-67,26,78,93,91
36,87,79,-63,-3,80,-48,-37,24,81,84,71
20,114,54,-35,-14,77,-57,-44,29,69,78,78
32,92,63,-56,-5,69,-44,-20,16,71,67,89
32,66,35,-37,-19,48,-33,-40,23,29,75,55
34,54,44,-55,-10,36,-13,-13,17,42,65,54
30,60,34,-46,-18,52,-25,-14,23,27,40,44
9,57,31,-13,-18,39,-27,-10,-11,38,47,27
21,46,19,-28,-1,29,-3,0,18,36,29,19
8,28,32,-22,-16,39,-20,-20,9,21,11,3
23,24,25,-13,-5,4,-19,-1,33,-5,22,15
-3,12,31,-4,-16,13,-6,-2,11,4,15,9
9,3,-19,1,8,22,14,-19,-11,-1,-2,2
-11,24,0,-6,-2,8,1,-14,-7,9,8,5
-11,-31,11,-9,4,-5,-5,-5,-22,-17,-15,13
2,5,21,16,-4,-27,9,2,-26,-11,-14,-7
-13,-28,-9,19,5,7,11,2,1,-2,-26,-12
-8,-19,-9,31,8,-34,1,-2,0,4,-18,-10
-19,-34,-14,12,18,0,6,17,-14,-35,-36,-11
-16,-34,-27,17,-7,-23,14,6,4,-21,-10,-21
-24,-28,-26,21,-19,-18,24,28,-6,4,-24,-27
3,-41,-33,16,22,-38,15,6,-8,-41,-8,-35
-2,-46,-35,29,16,-28,31,31,-12,-20,-52,-27
-30,-35,-25,31,-6,-52,36,23,-13,-25,-49,-15
1,-77,-32,37,17,-44,42,23,-27,-42,-49,-43
-7,-45,-38,43,-3,-52,37,22,-25,-34,-38,-34
-4,-59,-21,40,4,-51,47,15,-6,-45,-50,-26
-24,-48,-50,33,12,-46,35,-1,-27,-37,-49,-38
-20,-65,-27,36,25,-71,51,37,-29,-59,-57,-42
-25,-61,-54,47,0,-40,44,27,-10,-43,-59,-29
-27,-53,-46,38,18,-42,9,30,-47,-33,-74,-33
-12,-70,-53,31,12,-59,27,25,-14,-67,-68,-52
-14,-85,-35,50,18,-54,57,32,4,-46,-57,-45
-18,-53,-46,45,-4,-65,32,44,-21,-39,-71,-43
-10,-66,-36,35,21,-49,27,21,-12,-47,-72,-22
-21,-57,-69,49,34,-52,35,44,-20,-64,-60,-71
-49,-83,-41,37,4,-46,31,20,-4,-43,-76,-50
-19,-60,-41,48,-4,-59,23,27,-19,-34,-88,-33
-35,-62,-45,53,25,-60,37,37,-39,-46,-72,-48
-11,-82,-65,54,-9,-77,32,38,-33,-48,-44,-40
-12,-86,-40,39,9,-60,27,23,-37,-63,-57,-56
-5,-83,-48,44,10,-71,37,16,-40,-63,-59,-51
-15,-72,-48,58,-4,-64,61,12,-53,-72,-86,-35
-17,-62,-57,63,-8,-60,51,29,-39,-48,-79,-48
-38,-66,-57,40,-6,-59,50,20,-16,-59,-57,-47
-24,-85,-55,43,25,-69,37,24,-29,-83,-75,-53
-41,-67,-45,61,35,-78,43,55,-10,-38,-67,-79
-22,-92,-43,41,22,-59,57,44,-22,-61,-100,-64
-48,-71,-34,52,0,-51,48,29,-31,-45,-75,-52
0,-93,-50,47,27,-71,46,23,-33,-48,-76,-50
-7,-83,-48,30,25,-54,20,11,3,-63,-64,-57
-15,-95,-49,42,-7,-38,31,43,-20,-44,-78,-55
-11,-76,-83,58,8,-63,46,23,-28,-45,-67,-43
-12,-46,-62,36,8,-86,35,36,-13,-48,-84,-47
-26,-71,-50,63,21,-80,61,19,-37,-60,-81,-58
-39,-54,-69,58,-6,-56,51,28,-19,-55,-56,-63
-17,-83,-64,58,12,-69,46,25,-24,-46,-67,-43
-44,-95,-39,50,8,-70,30,43,-6,-53,-73,-59
-40,-66,-57,42,37,-47,41,25,-41,-54,-49,-53
-20,-46,-18,40,25,-68,30,16,-9,-50,-61,-52
-30,-67,-45,62,4,-59,51,22,-26,-53,-77,-44
-23,-79,-36,36,-6,-49,46,10,-27,-43,-75,-53
2,-83,-51,73,14,-87,42,28,-17,-92,-75,-53
-12,-69,-54,52,13,-61,47,48,-37,-48,-68,-60
-23,-76,-30,40,-3,-61,52,33,-24,-66,-88,-73
-29,-71,-53,28,11,-63,29,42,-12,-61,-59,-68
-31,-81,-55,39,3,-45,33,43,-21,-54,-64,-53
-31,-77,-51,31,10,-56,24,25,-26,-56,-60,-48
-3,-70,-55,67,21,-63,36,42,-28,-55,-84,-59
-3,-85,-63,38,24,-51,38,30,-26,-60,-58,-44
-40,-61,-25,47,13,-76,47,43,-28,-37,-86,-54
-19,-61,-27,44,13,-38,33,37,-30,-47,-54,-48
-27,-67,-25,35,16,-51,32,28,-17,-75,-59,-56
-42,-80,-40,49,6,-64,44,26,2,-46,-58,-40
-4,-72,-44,71,3,-58,23,37,-19,-64,-58,-22
-24,-62,-46,32,7,-53,45,30,7,-40,-52,-47
-1,-76,-39,39,22,-44,26,10,-22,-30,-47,-37
-28,-69,-44,31,22,-70,7,31,-31,-56,-41,-24
3,-55,-42,45,10,-34,15,19,-3,-25,-41,-27
-11,-44,-50,32,9,-23,21,18,-17,-26,-51,-43
2,-42,-22,47,-2,-41,53,16,-16,-30,-30,-37
3,-33,-6,29,14,-20,14,7,2,-48,-44,-18
8,-33,-34,26,14,-31,29,-11,15,6,-49,-9
15,-32,-46,14,27,-31,6,18,-21,-4,-28,-33
-6,-25,-9,19,12,-24,-1,23,21,-28,-27,-28
-25,-12,-3,6,3,-10,31,-5,-6,-9,-2,-10
-23,7,-23,12,2,-9,13,-21,-2,6,13,-28
6,-18,-3,-22,-3,-6,-6,10,-17,-27,25,-1
-22,-6,-4,-20,-8,5,-1,-2,-9,5,8,-3
1,29,8,-6,-4,25,6,-21,17,19,18,30
4,22,-3,-20,7,-7,-25,10,10,29,45,9
16,40,14,-17,4,28,-7,0,24,5,33,30
15,57,38,-31,12,41,-22,-11,15,34,31,43
20,54,28,-50,-13,46,-48,-24,18,11,52,44
5,63,21,-36,-13,55,-40,-57,28,31,51,31
36,101,43,-74,-14,51,-29,-33,10,56,57,46
42,92,45,-60,-32,92,-44,-23,21,103,69,46
27,96,64,-67,-2,63,-32,-41,49,65,84,68
36,95,78,-62,-18,106,-62,-43,42,65,95,80
25,108,79,-87,-29,98,-40,-64,29,93,107,96
15,117,89,-71,-55,102,-40,-56,24,95,117,89
31,135,91,-94,-24,120,-67,-50,49,106,88,73
52,154,84,-76,-25,125,-77,-53,63,101,129,74
56,173,114,-104,-22,122,-85,-42,65,110,142,95
55,170,100,-93,-31,138,-104,-42,34,113,139,122
55,166,116,-113,-18,125,-102,-48,47,120,168,110
57,193,99,-112,-13,146,-113,-70,49,128,155,140
79,163,113,-142,-11,139,-125,-74,42,123,187,140
81,195,111,-122,-10,150,-106,-104,85,147,160,131
74,211,126,-130,-24,159,-133,-64,51,128,155,142
76,182,130,-136,-12,174,-93,-96,77,143,172,159
99,208,114,-119,-32,180,-99,-61,78,149,171,156
77,191,104,-121,-15,160,-124,-61,44,147,179,159
44,176,124,-133,-19,183,-115,-69,57,147,166,139
61,205,132,-143,-26,155,-115,-68,35,171,178,131
74,198,124,-119,-37,165,-113,-89,43,144,157,112
75,174,118,-132,-20,157,-105,-71,43,143,167,137
69,174,128,-125,-31,146,-105,-78,47,117,176,110
58,176,107,-120,-30,123,-119,-67,50,125,143,119
52,158,102,-110,-2,146,-87,-75,43,124,131,106
51,153,102,-98,-26,148,-87,-54,47,117,161,120
59,159,102,-87,-13,130,-86,-51,28,102,119,93
38,153,92,-97,-19,130,-59,-69,40,106,119,106
37,150,93,-87,-11,114,-81,-45,20,93,103,70
29,118,88,-93,-15,80,-45,-52,22,96,94,68
24,112,64,-76,-33,89,-51,-26,28,80,98,90
33,76,58,-59,-13,92,-56,-41,6,81,60,43
32,91,80,-61,-4,57,-50,-41,12,78,85,56
25,72,56,-76,-8,69,-39,-5,20,56,65,51
44,70,32,-18,-28,75,-34,-21,25,77,26,63
32,66,35,-32,4,45,-21,-26,22,54,47,25
25,18,14,-14,5,42,-20,-9,22,58,29,32
5,25,25,-31,-3,30,-13,-9,22,16,8,30
16,20,-2,-22,6,6,-4,11,15,35,15,28
8,19,8,-19,-19,9,-9,-9,-9,12,11,-1
-13,7,-22,4,9,-9,0,0,8,4,1,8
-25,-22,7,-8,-23,-3,0,-21,-17,-8,10,5
13,-49,-2,-5,2,-7,24,17,-7,3,-15,-25
-2,-29,13,10,16,-25,13,16,3,-12,-30,-17
2,-23,-12,31,4,-25,20,15,-3,-36,-19,-56
-18,-43,-17,40,21,-31,34,27,1,-34,-22,-8
-13,-76,-39,33,-12,-43,8,28,-24,-13,-54,-26
7,-66,-30,38,8,-52,43,16,-10,-28,-55,-26
-31,-66,-27,50,1,-48,37,18,-26,-46,-58,-16
-25,-69,-40,40,1,-66,24,30,-35,-55,-16,-60
-30,-57,-57,31,20,-60,11,28,-28,-66,-66,-57
-41,-75,-53,41,-1,-59,55,-1,-18,-52,-71,-49
-17,-64,-69,40,-6,-60,44,52,-2,-49,-82,-66
-24,-97,-52,54,2,-71,65,23,-36,-71,-92,-49
-41,-97,-48,44,18,-64,60,40,-27,-70,-95,-65
-30,-98,-60,48,7,-99,55,60,-40,-40,-91,-81
-28,-108,-57,84,11,-80,57,57,-26,-79,-103,-88
-42,-121,-85,101,36,-102,51,48,-37,-94,-107,-90
-54,-143,-87,86,8,-101,93,48,-19,-99,-142,-104
-63,-125,-96,109,27,-120,89,61,-2,-107,-140,-126
-61,-161,-88,118,19,-132,66,56,-52,-126,-136,-114
-32,-183,-147,132,28,-164,112,72,-49,-146,-163,-122
-58,-183,-126,130,33,-188,110,85,-39,-113,-161,-141
-55,-241,-131,152,34,-173,123,83,-71,-144,-170,-151
-81,-227,-156,141,33,-175,119,109,-53,-183,-217,-158
-85,-229,-138,138,3,-217,132,99,-71,-177,-221,-148
-86,-256,-173,166,33,-195,128,74,-87,-192,-234,-167
-87,-264,-172,180,39,-213,133,109,-72,-206,-219,-177
-98,-246,-175,188,58,-211,150,99,-87,-192,-245,-174
-84,-232,-159,176,38,-208,120,94,-61,-164,-207,-182
-84,-211,-140,129,11,-187,126,84,-42,-169,-201,-155
-78,-160,-121,103,1,-125,113,62,-62,-150,-146,-103
-56,-122,-69,104,24,-85,72,36,-39,-74,-113,-90
-24,-39,-28,45,1,-25,37,22,9,-22,-23,-28
31,49,17,-30,11,8,-47,-29,18,11,41,31
45,129,98,-100,-29,97,-52,-47,47,101,126,89
67,217,169,-181,-56,189,-114,-98,93,174,227,182
119,342,217,-247,-39,294,-194,-131,98,247,309,229
168,449,313,-335,-75,380,-261,-189,141,355,414,335
204,583,409,-414,-94,482,-336,-237,188,442,554,414
256,718,484,-487,-104,579,-387,-284,226,528,635,495
304,821,511,-570,-125,659,-443,-321,235,598,727,564
336,920,605,-610,-133,765,-504,-377,270,678,821,632
339,968,658,-670,-149,818,-537,-385,294,739,869,679
359,1026,644,-670,-154,836,-571,-399,304,754,905,738
374,1034,672,-720,-162,835,-583,-413,312,772,919,737
347,1007,649,-674,-130,855,-554,-428,297,779,898,707
342,965,641,-621,-132,795,-512,-378,302,722,864,680
310,875,563,-591,-124,709,-482,-358,252,667,799,622
282,776,497,-530,-120,628,-418,-317,236,584,701,547
216,659,435,-443,-102,543,-375,-262,161,488,594,468
201,542,364,-359,-54,446,-282,-218,148,391,484,366
160,406,274,-275,-51,335,-206,-165,124,286,342,290
98,254,172,-188,-48,229,-156,-100,56,206,260,197
66,122,75,-104,-14,120,-98,-63,42,100,128,125
-3,18,27,-4,-4,38,-16,-7,6,5,49,12
-15,-85,-51,58,14,-51,39,3,-28,-65,-48,-64
-32,-175,-94,97,20,-150,101,67,-30,-121,-150,-121
-84,-222,-142,178,32,-181,131,71,-68,-175,-209,-161
-97,-293,-202,209,41,-274,155,115,-87,-210,-259,-186
-91,-320,-204,225,29,-253,178,136,-89,-240,-284,-230
-131,-343,-232,226,41,-282,202,133,-110,-246,-304,-230
-111,-351,-217,231,51,-290,191,158,-105,-257,-299,-263
-115,-344,-222,251,69,-276,190,130,-97,-253,-322,-229
-110,-346,-221,249,40,-254,175,137,-107,-264,-288,-234
-120,-307,-203,221,46,-275,173,120,-93,-209,-283,-236
-111,-300,-215,201,39,-258,166,124,-75,-256,-271,-187
-96,-271,-178,183,51,-230,155,111,-74,-195,-246,-199
-86,-245,-148,149,43,-215,141,78,-97,-170,-229,-184
-77,-215,-137,167,45,-195,129,93,-69,-172,-228,-167
-78,-175,-136,137,22,-188,138,97,-53,-141,-183,-147
-68,-186,-115,125,24,-125,90,66,-65,-135,-170,-124
-72,-154,-118,102,16,-128,80,62,-43,-130,-146,-107
-45,-129,-90,83,16,-104,75,31,-36,-108,-115,-97
-50,-125,-82,93,15,-115,79,49,-41,-103,-108,-103
-44,-131,-69,69,17,-93,69,5,-39,-100,-114,-77
-45,-101,-78,61,45,-92,59,20,-34,-75,-107,-62
-20,-97,-51,60,-6,-71,47,29,-64,-72,-86,-72
-29,-86,-75,60,-4,-77,63,30,-28,-53,-82,-78
-32,-74,-26,55,34,-86,47,41,-40,-62,-53,-54
-32,-82,-46,49,27,-66,52,31,-7,-66,-86,-44
-17,-77,-34,39,10,-43,43,32,-12,-64,-74,-60
-24,-78,-35,57,14,-46,30,22,-22,-63,-90,-55
-26,-58,-44,66,2,-54,33,26,-21,-60,-51,-55
-26,-67,-49,38,12,-38,44,39,-20,-61,-59,-28
-45,-77,-32,57,23,-48,41,17,-1,-34,-53,-44
-31,-52,-31,45,12,-78,60,30,-29,-42,-73,-44
-4,-66,-31,55,18,-24,25,0,-16,-35,-58,-36
-3,-47,-26,36,18,-57,41,25,-36,-42,-57,-52
-20,-60,-60,46,11,-29,19,12,-22,-51,-57,-46
1,-57,-37,32,13,-49,38,5,-11,-23,-30,-43
-19,-48,-29,22,2,-19,20,10,-13,-13,-49,-44
-37,-19,-18,27,4,-25,37,22,8,-17,-19,-20
-7,-29,-13,25,-11,-26,34,-1,0,-13,-25,-27
2,-29,4,11,2,-32,42,1,-9,-13,-38,-38
-21,-29,-8,8,10,-18,29,20,-2,-17,-38,-2
-1,-22,-18,-8,-10,3,5,12,-2,-20,13,-29
-1,-9,-20,2,9,-33,10,27,10,-10,-7,-19
-5,-6,-1,-6,11,-1,21,11,13,-27,-15,7
19,32,17,-1,3,15,-20,10,-5,9,13,6
11,16,6,-14,-14,26,-8,3,-6,1,20,8
2,14,5,-7,2,21,-13,-11,32,26,13,16
20,29,33,-22,-6,59,-20,5,18,36,26,19
20,45,18,-30,2,35,-50,-18,11,19,27,40
8,49,32,-32,-10,40,-29,-24,-11,28,43,21
11,68,44,-41,8,51,-31,-24,6,54,36,15
32,61,37,-49,-17,60,-36,-15,32,57,65,32
36,81,89,-50,-9,57,-31,-35,22,55,80,43
8,116,30,-39,-19,84,-62,-17,16,64,66,57
55,90,59,-63,-22,82,-57,-52,20,83,71,50
36,117,83,-54,-8,64,-46,-43,15,89,117,84
26,132,74,-81,-24,94,-61,-29,48,100,108,78
49,122,93,-77,-36,105,-75,-52,36,96,152,83
39,155,90,-88,-10,108,-81,-53,53,104,111,93
58,150,115,-101,-14,110,-68,-54,38,102,127,97
54,149,114,-92,-26,124,-79,-54,17,112,162,118
64,157,91,-125,-33,127,-78,-56,56,122,157,109
65,185,121,-131,-56,143,-103,-62,56,129,149,126
58,165,114,-134,-29,153,-112,-78,65,156,154,128
67,218,115,-135,-25,165,-111,-86,51,162,192,151
79,206,137,-145,-41,168,-119,-113,73,157,184,152
88,226,127,-162,-39,171,-124,-95,60,193,205,152
89,230,150,-168,-37,196,-109,-107,62,174,228,161
77,250,131,-182,-43,217,-148,-92,103,178,211,169
76,275,178,-169,-27,206,-135,-99,86,193,227,177
78,249,161,-174,-36,235,-157,-105,67,220,233,186
84,279,163,-208,-31,244,-172,-103,104,197,251,187
96,275,180,-189,-30,249,-154,-109,100,217,249,198
97,310,186,-208,-32,240,-166,-116,75,204,278,207
114,301,201,-205,-43,242,-179,-129,81,186,260,223
122,307,179,-197,-45,250,-181,-112,73,230,306,226
109,303,192,-223,-53,259,-164,-118,84,223,295,215
109,321,201,-214,-54,260,-180,-110,74,238,268,236
91,309,206,-232,-48,267,-173,-145,112,240,305,222
100,370,206,-232,-55,295,-180,-148,117,239,274,232
132,349,212,-192,-64,281,-170,-118,115,247,288,236
109,324,216,-232,-46,273,-185,-145,104,237,301,239
139,311,217,-215,-42,292,-161,-132,102,252,305,253
133,326,218,-244,-47,256,-188,-135,127,261,320,218
109,364,242,-229,-48,289,-181,-130,99,235,305,243
119,348,229,-220,-40,257,-194,-140,90,254,308,224
106,360,213,-261,-59,289,-182,-127,91,271,314,221
104,337,224,-217,-39,292,-170,-151,119,263,317,235
139,351,228,-249,-64,311,-207,-125,103,255,299,237
113,356,208,-253,-47,272,-204,-113,105,263,321,237
107,330,221,-209,-62,282,-191,-147,103,273,310,255
127,341,196,-221,-57,312,-182,-122,94,253,302,232
141,345,211,-228,-17,278,-155,-123,89,228,311,240
119,324,220,-231,-25,274,-184,-138,93,236,302,239
121,328,199,-206,-35,274,-176,-124,126,251,282,222
101,314,243,-222,-49,272,-190,-124,104,241,295,217
108,319,201,-231,-47,240,-186,-136,74,212,286,216
115,298,181,-194,-58,258,-190,-125,78,226,269,207
116,291,173,-219,-39,247,-142,-96,87,217,272,201
99,275,176,-203,-40,238,-146,-112,83,221,280,224
108,268,175,-184,-35,225,-167,-110,95,221,260,190
100,290,214,-178,-27,243,-139,-114,100,213,237,207
87,260,151,-179,-60,225,-140,-81,59,207,235,174
117,264,161,-174,-17,201,-153,-96,68,193,232,171
102,224,130,-151,-29,224,-129,-93,74,194,217,176
81,227,141,-167,-39,187,-128,-83,57,160,232,152
85,208,150,-130,-34,175,-118,-96,70,171,195,149
73,205,113,-140,-47,167,-112,-81,72,130,181,128
89,163,141,-113,-17,183,-103,-53,51,144,176,148
70,184,113,-129,-41,133,-105,-72,52,146,149,139
37,168,106,-101,-35,144,-101,-63,39,114,171,115
68,156,98,-111,-24,133,-84,-65,50,127,141,104
59,160,101,-110,-35,108,-66,-53,22,117,132,111
46,135,75,-101,-23,93,-61,-37,27,91,113,82
41,133,50,-84,-31,104,-72,-50,48,90,115,75
29,104,69,-91,15,115,-83,-51,51,102,90,62
15,105,71,-89,-45,79,-54,-29,46,57,93,64
36,105,56,-56,-46,71,-30,-43,47,71,85,56
26,72,58,-55,-26,80,-34,-27,29,73,68,62
30,71,32,-39,-2,69,-26,-25,13,52,74,24
37,57,46,-37,-22,35,-37,-25,22,33,59,50
35,38,26,-39,-11,46,1,-35,11,53,63,34
13,15,39,1,15,16,-23,-1,-3,25,28,39
-2,30,18,-9,2,35,-10,-24,18,38,30,12
13,29,-18,-8,1,2,13,-9,15,31,25,13
13,35,-13,-18,-11,13,5,2,11,18,16,11
12,1,-2,0,7,-18,-8,-6,-3,-1,6,1
-14,1,-3,-22,10,-16,19,-14,6,13,-5,-13
-20,-28,3,23,8,-32,10,9,-2,-13,-7,-18
-24,-17,1,13,-6,-40,31,22,-10,-32,-19,-25
-13,-21,-7,24,4,-25,3,18,2,-13,-27,-21
-10,-21,-23,19,9,-30,25,12,-6,-24,-31,-13
-21,-58,-28,29,-16,-25,38,34,-35,-50,-53,-33
-11,-54,-34,41,-1,-38,14,25,-16,-27,-52,-29
-33,-69,-28,36,18,-50,21,36,3,-51,-50,-34
-10,-74,-43,27,16,-56,25,1,-4,-47,-47,-40
-25,-72,-38,40,32,-70,56,27,-29,-54,-85,-56
-53,-71,-29,59,7,-48,34,10,-30,-62,-54,-53
-35,-73,-40,63,13,-58,58,47,-10,-62,-61,-66
-26,-91,-80,60,16,-67,47,35,-26,-49,-78,-48
-3,-82,-85,80,10,-82,25,42,1,-76,-83,-70
-25,-88,-57,57,23,-79,53,43,-32,-85,-89,-39
-37,-100,-66,90,10,-57,27,47,-31,-83,-92,-63
-36,-92,-48,62,35,-83,58,44,-24,-74,-92,-91
-46,-105,-45,69,13,-81,68,44,-37,-83,-99,-63
-39,-86,-68,54,4,-75,39,70,-30,-71,-81,-62
-40,-100,-67,70,6,-83,62,52,-64,-84,-99,-80
-31,-96,-53,81,11,-79,42,27,-32,-85,-102,-80
-33,-115,-90,87,16,-100,46,41,-34,-88,-92,-83
-42,-111,-53,72,37,-86,47,23,-49,-86,-98,-82
-47,-87,-74,71,24,-83,72,45,-43,-89,-103,-92
-54,-107,-93,72,8,-78,66,28,-20,-97,-67,-92
-48,-114,-78,82,2,-98,61,58,-33,-83,-104,-55
-47,-126,-105,84,15,-90,78,39,-38,-75,-113,-81
-38,-121,-82,78,15,-97,65,33,-29,-82,-117,-91
-18,-128,-81,101,8,-105,53,87,-23,-85,-107,-81
-29,-117,-59,58,-4,-101,82,64,-49,-98,-125,-97
-35,-120,-74,82,23,-103,89,65,-36,-61,-99,-89
-30,-106,-83,76,11,-86,41,42,-44,-77,-99,-98
-54,-130,-90,75,10,-107,96,71,-14,-84,-94,-90
-36,-138,-99,84,18,-90,57,62,-14,-79,-116,-83
-38,-115,-76,76,28,-86,56,70,-46,-64,-115,-99
-33,-147,-71,85,33,-100,48,42,-31,-80,-113,-100
-38,-125,-73,87,-3,-109,63,55,-29,-90,-109,-80
-37,-144,-101,65,28,-103,68,53,-25,-110,-119,-79
-21,-114,-102,90,10,-99,82,53,-18,-87,-113,-88
-45,-145,-92,67,27,-116,47,60,-23,-76,-94,-75
-53,-143,-64,76,6,-87,64,46,-48,-93,-87,-85
-53,-156,-84,95,17,-95,75,41,-29,-84,-79,-64
-16,-129,-75,96,22,-103,78,41,-33,-97,-110,-78
-42,-117,-78,73,20,-100,61,38,-55,-83,-111,-88
-36,-102,-88,106,21,-101,54,61,-38,-95,-102,-72
-37,-134,-70,70,21,-105,80,53,-31,-87,-109,-74
-51,-122,-85,88,27,-123,67,57,-42,-85,-106,-90
-43,-102,-89,87,13,-96,63,61,-50,-100,-120,-94
-50,-113,-67,96,20,-113,69,44,-49,-114,-102,-100
-50,-104,-80,97,29,-95,78,43,-20,-110,-116,-85
-33,-108,-85,89,22,-100,45,60,-55,-114,-114,-71
-46,-104,-69,66,15,-94,51,60,-49,-84,-106,-93
-28,-117,-114,73,6,-101,55,39,-49,-87,-109,-72
-50,-128,-69,82,17,-82,77,45,-5,-91,-124,-79
-37,-127,-66,68,29,-109,59,24,-35,-87,-126,-85
-54,-121,-76,95,6,-89,54,37,-52,-104,-108,-72
-37,-118,-46,88,50,-101,57,57,-36,-81,-121,-70
-45,-95,-63,67,13,-99,82,54,-23,-85,-110,-76
-39,-112,-98,82,34,-95,73,52,-33,-101,-137,-98
-38,-136,-87,87,20,-100,65,45,-47,-69,-109,-67
-22,-131,-78,64,31,-80,63,63,-16,-76,-98,-88
-52,-124,-79,70,11,-116,60,33,-43,-78,-99,-85
-46,-110,-100,74,23,-110,66,52,-26,-86,-75,-63
-41,-109,-73,76,-3,-98,55,23,-31,-71,-103,-78
-45,-103,-76,51,6,-65,67,27,-34,-69,-96,-50
-58,-100,-75,76,13,-76,46,51,-28,-92,-84,-60
-50,-91,-63,61,33,-93,64,60,-21,-77,-90,-60
-27,-95,-61,60,23,-86,62,44,-29,-76,-98,-74
-36,-101,-77,68,26,-76,32,14,-27,-51,-72,-58
-28,-114,-61,81,20,-84,48,43,-27,-52,-104,-52
-36,-109,-51,63,6,-85,57,45,-23,-84,-82,-73
-28,-98,-36,39,12,-95,44,27,-22,-61,-84,-40
-59,-76,-42,69,24,-76,54,34,-18,-62,-81,-51
-25,-68,-46,43,19,-80,31,32,-41,-69,-84,-66
-50,-81,-42,36,-8,-58,25,36,-28,-70,-73,-53
-13,-62,-40,61,13,-44,49,19,-10,-56,-56,-31
-26,-51,-36,37,11,-75,38,37,-33,-35,-52,-50
-32,-58,-38,32,13,-42,48,27,-33,-32,-56,-42
-18,-55,-63,46,12,-42,23,21,-14,-38,-35,-36
-13,-28,-27,27,-15,-44,42,-10,-10,-32,-26,-21
-3,-41,-29,23,1,-31,20,15,-10,0,-28,-47
-9,-24,-14,18,3,-32,27,2,-11,-17,-32,-26
-1,-24,6,7,-3,2,5,0,18,-4,-22,-34
-9,1,-6,16,35,0,4,19,-26,13,22,-20
15,12,17,-4,-9,7,-15,12,12,-1,5,-10
1,-11,1,2,3,13,-6,2,28,11,26,4
14,-2,26,-14,-23,29,-5,-24,2,-4,30,33
-12,66,21,-24,-14,13,-24,-19,31,46,24,29
50,23,42,-31,-1,41,-33,-2,4,36,49,54
14,59,27,-35,-17,48,-34,-24,1,44,49,30
36,74,51,-38,-28,56,-25,-28,21,62,67,51
13,88,45,-48,5,75,-21,-21,35,71,76,53
38,99,44,-87,-23,62,-32,-40,23,52,69,53
31,101,65,-72,-6,90,-58,-34,40,79,93,53
45,101,82,-77,1,81,-76,-44,32,71,127,73
55,129,83,-86,-19,101,-67,-66,33,82,101,76
54,131,55,-87,-3,105,-81,-47,42,101,98,97
29,154,85,-98,-16,114,-82,-48,57,96,117,103
56,138,103,-99,-28,113,-97,-46,49,114,116,113
42,156,96,-111,-22,100,-62,-50,72,109,124,107
40,161,105,-88,-23,131,-98,-65,44,106,128,105
60,165,104,-101,-28,150,-71,-69,40,135,144,132
28,157,120,-92,-29,123,-71,-66,48,133,152,109
66,157,120,-106,-20,147,-101,-78,40,120,146,127
63,185,101,-117,-34,131,-102,-81,66,135,171,135
43,149,92,-111,-7,138,-94,-65,56,96,160,118
58,189,124,-123,-27,153,-91,-51,49,123,175,121
46,148,101,-86,-35,164,-92,-79,50,121,159,123
40,164,105,-101,-7,146,-85,-71,42,141,136,131
51,175,93,-117,-30,130,-84,-64,52,121,128,125
67,151,108,-106,-19,117,-93,-46,52,132,144,102
55,153,92,-106,-25,114,-66,-63,28,114,136,116
50,145,73,-82,-34,107,-83,-52,53,111,120,109
37,161,81,-84,-28,106,-62,-74,42,77,138,92
49,115,63,-98,-12,92,-87,-32,39,97,117,94
59,101,63,-58,-4,100,-72,-51,53,63,104,80
34,84,66,-61,-11,78,-48,-26,16,59,83,70
19,106,66,-57,-3,59,-42,-36,7,73,67,70
43,91,50,-53,-14,42,-41,-26,15,79,75,52
36,55,50,-52,-18,42,-23,-24,8,53,61,48
13,55,29,-15,8,28,-29,-26,7,36,46,42
48,34,28,-31,-11,32,-21,-16,14,31,46,35
29,43,26,-5,-5,18,-23,-4,3,34,28,28
6,36,10,-22,5,6,-16,14,-18,19,13,6
-2,37,23,-18,3,8,-17,-5,11,16,19,14
-11,-20,30,-11,-14,3,-4,13,10,13,3,3
-8,-29,-39,23,-16,3,-1,10,15,6,-8,-30
-27,10,-6,16,18,-18,18,2,-6,-31,-23,-13
-6,-20,-18,18,10,8,17,-12,-4,-29,-2,-23
-16,-23,-38,17,-16,-14,7,15,-24,-22,-31,-41
-9,-16,-23,54,-11,-30,31,11,-27,-23,-23,-37
-13,-39,-32,58,4,-39,52,23,-15,-36,-33,-41
-30,-49,-36,31,10,-28,31,18,-31,-49,-41,-33
-9,-46,-50,48,14,-56,38,0,-13,-47,-45,-39
-30,-89,-36,34,15,-72,50,39,-2,-53,-66,-34
-33,-65,-46,43,3,-35,39,51,-16,-50,-83,-46
-45,-56,-41,36,4,-79,52,29,-30,-48,-62,-69
-23,-93,-42,51,18,-79,34,33,-22,-50,-54,-78
-26,-70,-52,67,20,-84,66,52,-5,-36,-61,-55
-40,-86,-68,62,10,-79,50,26,-30,-64,-89,-57
-39,-102,-49,63,14,-95,48,51,-40,-91,-86,-79
-34,-110,-64,83,5,-104,40,51,-28,-74,-96,-83
-43,-131,-58,89,30,-83,72,22,-36,-85,-96,-77
-20,-130,-63,70,25,-114,51,31,-15,-115,-111,-81
-48,-121,-95,89,34,-111,41,58,-38,-103,-104,-86
-57,-143,-98,79,29,-106,53,71,-19,-111,-128,-96
-35,-156,-89,101,29,-122,79,59,-28,-103,-153,-104
-70,-169,-106,117,39,-162,100,68,-51,-133,-150,-136
-55,-185,-120,129,13,-144,88,58,-44,-145,-149,-133
-49,-174,-126,115,13,-159,107,86,-55,-134,-162,-129
-70,-221,-147,145,33,-171,115,70,-53,-149,-160,-130
-84,-244,-173,142,36,-208,121,87,-56,-177,-192,-178
-104,-225,-149,171,26,-223,142,91,-70,-193,-200,-196
-79,-235,-182,185,33,-224,132,120,-83,-192,-234,-189
-88,-241,-188,175,32,-218,176,98,-81,-200,-220,-172
-130,-292,-192,182,46,-220,149,109,-111,-196,-230,-190
-119,-265,-165,179,33,-211,141,113,-64,-206,-240,-184
-93,-232,-167,162,39,-202,140,82,-97,-180,-231,-164
-72,-224,-121,150,43,-189,117,97,-57,-174,-176,-138
-55,-186,-96,104,19,-149,106,64,-44,-117,-152,-112
-46,-140,-65,78,0,-102,79,54,-28,-104,-103,-87
-6,-55,-25,18,11,-36,18,25,-5,-52,-59,-38
52,13,22,-38,-8,14,-13,15,13,40,40,3
47,120,73,-76,-20,113,-62,-58,31,93,114,84
57,235,167,-160,-41,170,-123,-94,64,141,186,152
111,346,189,-213,-59,302,-174,-125,126,255,320,241
159,487,295,-328,-74,397,-260,-196,130,363,442,341
216,605,402,-424,-101,486,-333,-231,157,434,538,423
265,735,476,-493,-121,607,-413,-305,206,559,667,515
296,839,544,-588,-106,716,-478,-325,247,632,750,570
316,922,609,-617,-156,767,-493,-378,295,692,828,658
334,988,636,-641,-147,828,-518,-392,310,743,859,671
345,1018,645,-673,-163,854,-553,-409,305,760,914,730
369,1019,656,-691,-167,857,-549,-399,303,759,920,725
348,1020,654,-675,-144,825,-540,-400,299,739,897,696
328,936,637,-629,-126,779,-527,-369,283,710,842,645
297,854,553,-593,-125,715,-481,-330,255,637,773,620
271,771,497,-512,-145,633,-429,-295,225,582,693,542
248,644,438,-436,-98,522,-343,-233,195,499,576,439
177,487,329,-348,-69,414,-274,-220,161,363,455,359
159,388,218,-249,-72,312,-197,-148,103,274,368,280
90,261,178,-168,-58,225,-144,-90,66,194,248,194
36,131,73,-85,-16,99,-86,-47,44,108,112,91
-18,14,13,-26,4,31,-2,3,18,17,-1,4
-20,-102,-48,42,16,-61,35,42,-28,-54,-73,-41
-67,-195,-115,126,31,-155,96,55,-42,-117,-140,-135
-76,-257,-172,150,43,-185,123,128,-83,-174,-220,-167
-102,-311,-198,198,54,-269,161,104,-80,-216,-279,-204
-111,-340,-224,248,42,-266,219,142,-110,-249,-315,-234
-122,-354,-248,248,64,-317,194,135,-119,-278,-324,-259
-146,-387,-238,278,54,-326,197,156,-125,-298,-376,-269
-124,-376,-243,261,53,-315,209,134,-143,-307,-357,-265
-123,-390,-237,273,41,-331,214,157,-114,-285,-327,-272
-125,-358,-210,247,54,-296,191,133,-90,-265,-332,-211
-112,-337,-222,222,71,-272,172,140,-114,-261,-311,-235
-110,-309,-193,210,43,-261,153,141,-108,-241,-252,-226
-117,-293,-211,201,31,-194,168,114,-81,-216,-230,-201
-61,-251,-157,185,30,-215,149,121,-86,-182,-226,-182
-79,-226,-133,131,37,-181,115,111,-78,-161,-206,-161
-59,-191,-116,120,23,-176,98,71,-56,-171,-162,-123
-65,-188,-119,114,24,-153,102,47,-44,-136,-166,-126
-37,-158,-100,109,43,-130,97,62,-49,-113,-151,-107
-46,-150,-88,110,22,-108,83,40,-31,-115,-123,-89
-47,-149,-89,91,39,-125,63,39,-34,-116,-113,-82
-47,-108,-82,67,21,-79,61,41,-23,-112,-108,-88
-14,-102,-72,58,24,-102,45,54,-44,-106,-90,-69
-23,-103,-73,49,27,-84,49,45,-20,-94,-90,-92
-60,-92,-79,76,18,-73,61,26,-1,-77,-88,-81
-43,-100,-73,76,37,-71,51,42,-24,-68,-76,-80
-44,-95,-81,50,23,-77,37,35,-26,-72,-82,-69
-16,-62,-68,78,26,-97,63,44,-44,-66,-88,-77
-60,-92,-50,60,23,-87,42,32,-40,-58,-84,-48
-27,-75,-43,67,3,-86,69,49,-37,-60,-71,-91
-33,-104,-63,58,-4,-56,55,26,-13,-75,-105,-57
-21,-70,-49,41,-19,-62,41,23,-30,-61,-66,-77
-25,-56,-47,82,41,-84,47,25,-24,-42,-63,-65
-8,-84,-56,75,-5,-58,11,30,-3,-48,-38,-55
-32,-65,-49,52,8,-57,26,32,-40,-50,-52,-53
-9,-66,-41,40,-5,-75,27,36,-23,-59,-55,-47
-43,-67,-54,24,16,-59,44,22,-34,-41,-38,-45
-18,-48,-37,35,-3,-50,59,15,-37,-41,-63,-18
12,-67,-38,32,19,-46,6,17,-25,-4,-38,-44
-25,-37,-25,23,8,-40,37,6,-15,-50,-52,-29
-20,-26,-28,13,25,-13,11,23,11,-30,-21,-36
-37,-30,-39,13,3,-31,10,16,-5,-32,-21,-19
8,-14,-11,16,15,-19,27,36,-15,-4,-20,-7
-2,-20,-12,10,7,-40,0,-1,-4,-13,-4,6
0,2,-1,19,6,-31,11,-4,-8,-7,-14,-15
4,14,3,-2,5,-16,-5,-10,-5,12,15,-4
-2,2,-14,-1,-4,8,-14,-36,3,9,6,9
13,29,12,-12,4,15,3,6,18,9,-13,33
14,10,19,-19,-3,10,-18,-12,35,1,30,31
0,31,32,-11,-22,14,-14,-6,22,22,36,25
12,55,17,-22,5,40,-17,-21,-3,28,60,-5
1,54,39,-67,-16,34,-32,-16,-13,49,23,42
34,61,23,-40,-24,46,-26,-34,8,18,51,23
25,47,52,-62,-7,38,-8,-22,3,50,65,16
23,82,49,-63,7,74,-52,-27,27,47,66,69
27,97,66,-47,-13,75,-53,-27,36,78,83,91
18,83,67,-66,-25,74,-45,-64,42,79,78,86
45,116,43,-91,-17,100,-59,-28,25,92,86,73
37,119,81,-76,-10,96,-88,-35,38,75,97,95
40,139,97,-102,-26,104,-60,-37,50,98,92,81
62,142,90,-89,-30,116,-77,-74,48,109,127,93
52,145,100,-107,-16,137,-103,-40,45,135,120,117
61,200,88,-119,-29,131,-81,-55,48,132,133,118
71,181,119,-111,-33,143,-92,-64,61,127,161,111
69,185,117,-131,-27,157,-101,-77,75,131,163,132
58,204,130,-123,-30,149,-107,-69,65,134,182,125
82,208,142,-131,-30,180,-125,-89,72,180,185,146
74,224,139,-123,-43,163,-116,-79,64,181,187,144
66,235,156,-154,-42,185,-123,-87,68,170,193,161
64,224,160,-167,-29,214,-130,-94,70,170,229,166
92,256,135,-164,-62,207,-137,-90,83,179,239,170
101,276,160,-175,-32,239,-164,-108,87,206,246,176
89,250,173,-179,-37,234,-149,-136,67,200,243,183
102,283,178,-200,-61,251,-157,-113,120,198,248,180
100,304,174,-205,-51,243,-165,-113,111,212,283,190
117,291,207,-200,-25,244,-154,-126,91,210,277,216
94,294,209,-167,-64,239,-163,-130,75,224,269,217
94,303,189,-206,-43,251,-150,-127,89,231,270,232
106,281,206,-220,-30,234,-165,-126,77,238,270,218
95,332,215,-212,-37,289,-157,-134,109,251,282,240
121,328,207,-226,-38,281,-167,-128,96,269,270,235
125,338,216,-231,-77,265,-185,-127,95,225,292,210
151,342,235,-211,-51,298,-176,-134,104,257,291,242
109,351,210,-217,-47,302,-181,-148,88,274,293,225
123,353,192,-238,-53,278,-181,-124,97,235,310,233
124,342,227,-250,-51,290,-201,-126,97,262,341,229
118,336,214,-241,-45,278,-194,-139,123,247,310,231
127,352,222,-215,-26,282,-198,-141,76,257,310,229
139,366,230,-222,-49,297,-192,-143,113,278,321,221
129,339,230,-224,-43,273,-188,-139,92,245,293,241
129,351,189,-229,-54,251,-198,-141,100,254,322,227
121,327,244,-221,-60,291,-189,-143,92,259,282,230
112,340,217,-229,-57,293,-184,-127,120,262,317,250
124,318,201,-230,-45,267,-168,-135,99,246,281,237
109,302,206,-222,-64,252,-171,-146,98,231,302,215
90,330,193,-219,-54,276,-168,-117,98,226,262,227
128,313,189,-225,-29,269,-175,-104,96,218,271,240
122,291,204,-212,-55,258,-175,-122,94,215,275,189
101,305,175,-184,-22,249,-182,-136,93,218,254,204
96,299,215,-189,-42,231,-179,-108,97,240,252,235
80,270,188,-196,-55,229,-154,-110,98,216,247,207
109,260,185,-182,-26,216,-163,-112,86,201,218,170
99,258,157,-179,-44,226,-173,-116,84,200,227,179
93,243,158,-171,-31,215,-130,-88,53,171,217,185
89,247,157,-165,-44,181,-130,-105,65,165,211,168
65,228,142,-156,-47,189,-140,-102,66,170,219,178
76,237,144,-150,-42,196,-126,-106,94,171,212,169
80,216,155,-154,-26,190,-126,-109,87,154,199,160
70,205,141,-137,-42,151,-109,-92,43,180,180,137
68,197,115,-118,-39,155,-97,-82,80,149,169,142
80,177,104,-122,-14,155,-97,-59,60,129,179,147
57,176,123,-123,-30,124,-81,-79,55,136,158,139
56,183,87,-91,-36,167,-83,-64,43,127,163,120
42,152,100,-125,-43,133,-88,-74,42,99,140,127
35,147,97,-120,7,111,-66,-29,28,100,126,96
36,138,106,-86,-14,142,-73,-46,27,109,140,81
43,93,93,-82,-26,94,-76,-39,29,105,99,87
52,125,76,-72,-12,85,-50,-28,36,77,95,93
51,91,68,-80,-7,84,-59,-50,34,81,100,56
48,65,65,-53,-17,86,-21,-18,37,56,89,58
26,61,56,-47,-12,64,-29,-63,30,62,81,66
47,57,26,-44,10,51,-5,-46,6,51,73,46
38,65,34,-58,-4,43,-40,-28,17,32,30,49
6,53,6,-52,-11,43,-20,-25,14,31,47,23
18,35,8,-43,-3,21,-15,-16,25,41,27,4
14,38,25,-28,6,4,-28,-17,-2,-3,14,37
20,24,36,-30,-20,29,-7,10,-17,17,30,12
7,4,-6,-6,4,-4,-22,-19,12,-3,14,-5
-22,4,15,-3,-6,-16,-19,-5,10,9,-29,-9
21,-14,6,6,9,4,9,-1,-13,12,-23,4
-13,-19,-12,22,1,-37,10,0,9,-13,-6,-10
-12,-12,-2,4,-9,-42,9,27,-1,-12,-24,-9
-2,-24,-14,29,-10,-25,24,13,-2,-28,-38,-23
-4,-40,-8,19,6,-28,-5,18,-14,-20,-23,-37
-29,-30,-29,22,19,-27,28,28,-8,-36,-34,-20
-13,-55,-36,66,-14,-38,29,-1,-1,-40,-54,-25
-37,-31,-49,33,16,-38,29,33,-18,-46,-42,-36
5,-68,-28,23,14,-22,9,-5,-19,-44,-41,-33
-20,-65,-25,42,9,-64,24,46,-37,-60,-69,-25
-17,-59,-34,31,-2,-63,27,21,-3,-31,-47,-46
1,-94,-65,36,5,-65,33,11,-24,-65,-76,-50
-27,-61,-39,31,5,-48,13,29,-27,-41,-81,-37
-35,-82,-40,52,10,-56,32,16,-25,-66,-73,-50
-24,-67,-27,62,-1,-49,43,47,-12,-55,-65,-72
-35,-104,-64,67,10,-47,55,29,-28,-74,-74,-38
-19,-86,-34,52,-10,-78,39,30,-36,-75,-79,-56
-38,-80,-55,49,4,-79,57,27,-42,-74,-90,-55
-57,-94,-66,55,16,-82,40,44,-23,-76,-64,-57
-37,-86,-60,72,14,-74,45,39,1,-89,-85,-69
-38,-99,-79,40,11,-82,66,35,-30,-67,-67,-66
-25,-99,-70,83,1,-102,40,52,-24,-54,-89,-70
-44,-97,-80,69,9,-78,48,30,-15,-70,-98,-54
-54,-105,-63,54,-4,-71,53,36,-31,-73,-111,-57
-34,-83,-60,81,12,-82,61,35,-29,-88,-100,-59
-8,-94,-75,88,46,-94,57,40,-53,-103,-96,-52
-52,-92,-84,61,9,-95,53,32,-45,-81,-100,-49
-47,-114,-76,41,25,-87,77,32,-29,-70,-87,-72
-40,-111,-74,80,11,-75,64,37,-29,-87,-104,-59
-34,-95,-69,80,19,-66,53,31,-34,-96,-88,-65
-21,-105,-64,72,24,-91,77,28,-36,-55,-85,-49
-25,-118,-66,68,38,-74,56,33,-57,-72,-97,-87
-32,-96,-82,74,17,-106,52,41,-38,-65,-96,-85
-37,-93,-58,59,17,-87,54,36,-24,-81,-75,-84
-17,-117,-97,87,0,-75,78,51,-4,-84,-110,-68
-43,-80,-76,71,7,-65,45,74,-22,-55,-92,-95
-55,-106,-79,105,18,-94,50,37,-15,-71,-96,-82
-24,-102,-85,80,17,-98,48,21,-20,-111,-101,-86
-41,-92,-75,65,28,-74,74,59,-56,-103,-115,-66
-29,-109,-66,74,17,-80,38,55,-32,-82,-89,-93
-30,-94,-74,85,15,-82,79,37,-53,-70,-109,-66
-34,-105,-76,78,-5,-87,51,26,-21,-86,-109,-74
-43,-109,-71,66,6,-89,49,54,-36,-104,-95,-88
-31,-99,-83,82,46,-81,53,51,-65,-89,-85,-85
-25,-100,-57,74,20,-92,57,53,-46,-67,-101,-70
-37,-101,-71,41,2,-73,63,23,-33,-86,-107,-92
-55,-134,-73,62,9,-118,57,42,-43,-76,-94,-57
-42,-97,-72,62,16,-87,62,22,-32,-95,-119,-56
-26,-109,-68,74,25,-96,64,41,-35,-64,-108,-80
-45,-86,-73,63,-6,-70,33,26,-29,-83,-105,-90
-27,-99,-64,80,6,-76,46,40,-38,-86,-77,-72
-35,-101,-58,107,29,-90,41,24,-27,-101,-99,-90
-29,-111,-53,74,30,-75,66,57,-16,-70,-110,-64
-65,-87,-59,58,20,-98,40,55,-53,-71,-60,-84
-40,-108,-47,68,18,-99,59,20,-26,-76,-87,-80
-42,-95,-71,72,31,-72,44,62,-38,-81,-93,-80
-49,-100,-63,75,2,-79,66,38,-20,-73,-78,-92
-19,-103,-70,79,20,-83,42,37,-34,-63,-92,-58
-19,-85,-73,97,20,-98,54,27,-44,-90,-118,-57
-42,-107,-71,44,14,-74,62,28,-38,-64,-100,-71
-26,-107,-64,73,16,-73,55,16,-10,-85,-79,-74
-53,-95,-88,32,-9,-61,23,29,-41,-80,-84,-54
-20,-74,-77,64,12,-69,76,41,-34,-63,-73,-48
-58,-108,-45,53,28,-57,71,29,-21,-75,-72,-78
-34,-84,-66,62,23,-73,46,47,-25,-76,-94,-78
-28,-95,-70,52,10,-79,44,34,-45,-72,-97,-46
-33,-63,-52,42,27,-59,57,38,-37,-78,-75,-59
-18,-67,-45,56,-7,-75,64,29,-31,-61,-88,-49
-41,-71,-66,69,14,-62,54,29,-28,-66,-89,-64
-10,-75,-68,54,11,-59,54,61,-43,-41,-63,-30
-31,-60,-36,45,11,-66,34,19,-13,-44,-90,-45
-6,-55,-37,74,24,-49,37,29,-33,-66,-54,-53
-10,-56,-58,44,-6,-74,12,23,-19,-63,-90,-48
-11,-55,-55,47,16,-60,42,29,-26,-57,-45,-64
-10,-66,-19,9,31,-46,48,6,-13,-58,-55,-48
-9,-64,-26,54,13,-44,17,22,2,-44,-54,-11
3,-49,-32,38,-10,-43,15,8,-9,-18,-34,-40
-9,-39,-41,42,8,-34,5,13,1,-3,-20,-19
-14,-35,-29,27,-12,-16,42,23,-4,-3,-37,-28
9,-32,-23,18,-4,-13,11,0,-13,-20,-8,-21
-6,-11,-10,3,-24,-1,29,4,-3,0,-8,-28
14,1,-1,11,1,-3,-4,-17,-13,-8,-14,10
-24,-2,3,-11,4,-3,-8,9,9,11,5,9
24,14,5,-13,-14,14,-4,-12,5,-8,25,0
33,44,24,-19,1,24,-12,-26,-2,24,25,10
9,41,21,-15,-3,13,-15,-13,9,27,18,28
24,64,25,-38,-12,33,-38,-30,18,36,58,35
17,50,34,-32,-15,51,-25,1,17,42,69,30
33,72,44,-52,-3,64,-31,-24,21,58,59,42
22,78,46,-57,-1,65,-54,-26,34,63,73,44
19,86,49,-91,-14,83,-45,-46,18,87,64,59
37,93,66,-65,-17,102,-88,-23,25,82,114,70
39,122,91,-91,-31,89,-63,-61,44,74,107,91
40,117,97,-76,-26,97,-63,-59,48,90,106,87
50,129,84,-79,-10,116,-57,-64,30,132,100,106
35,144,96,-84,-28,115,-81,-53,43,109,111,109
63,143,100,-83,-36,148,-90,-87,39,139,136,120
54,146,117,-110,-26,105,-100,-66,44,117,138,118
62,196,103,-121,-3,142,-87,-81,58,131,144,103
66,155,101,-134,-42,155,-81,-67,61,148,148,132
65,172,122,-136,-19,148,-94,-77,46,136,159,133
51,189,114,-142,-20,149,-101,-51,46,104,150,137
80,183,91,-140,-19,132,-116,-73,51,140,171,146
80,178,116,-149,-23,158,-114,-65,53,150,167,120
77,201,110,-136,-44,157,-102,-81,54,149,188,127
60,214,146,-123,-49,155,-110,-82,51,154,201,144
82,174,145,-142,-12,168,-118,-86,66,143,173,128
67,197,106,-106,-33,164,-98,-76,72,141,173,143
72,168,124,-140,-21,192,-102,-69,69,148,175,122
48,199,145,-128,-37,142,-109,-58,38,153,162,147
60,188,94,-132,-52,144,-94,-79,65,138,183,143
75,168,127,-140,0,133,-109,-69,41,145,160,120
57,154,126,-122,-22,142,-83,-58,33,133,144,135
40,161,82,-109,-18,133,-78,-75,34,129,126,76
56,146,88,-93,-12,137,-98,-54,56,104,140,105
35,151,99,-88,-31,92,-57,-62,42,104,131,103
57,134,83,-93,-25,108,-71,-68,55,72,135,95
69,143,78,-80,-8,89,-80,-32,44,58,107,92
33,95,54,-67,-30,95,-63,-54,25,84,115,94
28,90,59,-53,-11,90,-59,-41,22,62,70,72
39,87,49,-60,-7,87,-38,-19,29,57,86,40
34,93,45,-55,-24,57,-29,-29,14,80,84,54
24,69,57,-50,1,55,-18,-29,17,47,60,55
36,50,30,-22,-2,34,-27,-53,25,42,36,65
12,29,23,-22,3,40,-15,-20,12,10,17,39
1,34,13,-34,-20,26,8,0,19,32,34,37
3,14,30,-19,-12,38,-17,-12,-5,21,17,30
0,25,-6,2,-11,6,-23,8,9,2,19,5
-7,14,0,6,-11,22,3,-16,9,-7,10,14
10,-6,-7,-14,8,0,8,-2,-6,-1,5,-7
-5,-16,1,2,3,-3,-6,1,-11,-24,-8,3
-9,-30,-3,11,16,-11,1,28,-16,3,-7,-5
-22,-32,2,13,0,-17,14,-4,-10,-5,-25,-11
-13,-44,-44,12,-8,-45,11,7,-7,-42,-35,-7
-22,-32,-26,27,-11,-42,23,10,2,-36,-24,-44
-35,-42,-15,26,12,-28,16,10,-38,-15,-31,-27
-20,-54,-28,21,-16,-43,8,24,-2,-28,-43,-43
-20,-53,-42,36,6,-53,17,15,-15,-30,-51,-67
-41,-66,-45,45,13,-63,35,9,-12,-38,-58,-36
-42,-59,-46,51,26,-51,21,15,-5,-35,-40,-51
-14,-68,-59,43,14,-58,50,49,-23,-43,-41,-59
-12,-63,-53,53,27,-84,31,48,-35,-36,-46,-61
-18,-80,-64,55,4,-67,50,34,-36,-63,-80,-72
-22,-74,-69,70,24,-78,55,31,-43,-67,-84,-56
-31,-91,-58,53,-1,-89,27,24,-29,-70,-82,-75
-41,-97,-73,70,4,-70,50,55,-41,-72,-79,-67
-29,-111,-60,92,0,-88,78,59,-21,-90,-109,-75
-27,-155,-91,102,36,-107,73,48,-27,-105,-132,-81
-68,-132,-81,110,17,-123,76,53,-61,-97,-130,-77
-54,-176,-102,112,25,-122,98,55,-41,-124,-139,-112
-68,-179,-127,120,6,-147,109,77,-31,-142,-147,-121
-64,-211,-143,136,26,-172,103,74,-62,-149,-173,-128
-66,-221,-141,132,24,-186,133,78,-49,-162,-194,-154
-77,-228,-144,128,37,-193,114,106,-75,-172,-204,-169
-72,-248,-162,192,38,-189,140,100,-84,-175,-233,-163
-91,-248,-158,186,29,-207,135,95,-87,-190,-231,-181
-72,-247,-142,154,32,-193,127,103,-70,-203,-231,-180
-38,-243,-160,147,36,-202,121,107,-90,-170,-211,-153
-96,-210,-97,145,29,-158,108,73,-69,-141,-176,-144
-41,-163,-134,111,47,-123,102,53,-38,-135,-129,-137
-44,-104,-74,80,18,-79,65,26,-20,-81,-97,-60
-17,-15,-31,14,3,-37,9,7,-11,-19,-37,-17
1,20,63,-50,0,40,-40,-27,8,36,44,36
57,145,98,-93,-12,124,-83,-58,51,100,143,108
105,254,176,-144,-39,201,-119,-97,80,197,223,172
114,358,234,-252,-33,290,-176,-123,118,281,317,252
174,478,296,-344,-75,380,-273,-186,153,351,428,319
202,594,373,-397,-95,472,-321,-226,184,479,537,420
235,710,446,-495,-109,604,-410,-299,198,541,647,521
298,822,533,-539,-96,696,-460,-331,242,614,749,591
320,944,612,-623,-117,775,-507,-381,271,696,862,641
344,1008,665,-685,-153,844,-570,-406,302,745,922,696
365,1051,662,-703,-150,862,-578,-439,322,769,930,733
377,1067,678,-702,-171,888,-581,-443,344,812,963,753
350,1043,692,-719,-165,849,-570,-405,331,783,956,724
368,1001,648,-677,-138,820,-567,-402,292,763,901,687
315,913,588,-622,-156,757,-517,-372,293,690,843,632
286,846,526,-566,-131,697,-462,-334,253,632,762,575
224,712,470,-482,-129,588,-379,-299,219,538,653,522
204,590,393,-376,-83,487,-331,-235,181,445,530,428
142,442,313,-312,-68,369,-273,-192,141,332,423,333
98,326,203,-204,-44,278,-183,-132,105,252,280,244
61,192,129,-150,-24,168,-115,-94,77,133,176,115
18,73,42,-57,-6,75,-38,-22,38,61,51,61
-19,-49,-10,21,8,-24,-14,16,4,8,-16,-10
-42,-104,-87,58,29,-87,54,38,-27,-72,-126,-98
-32,-178,-118,128,32,-165,95,55,-45,-138,-180,-149
-107,-258,-164,197,31,-210,154,79,-69,-182,-228,-172
-118,-295,-198,226,40,-278,160,111,-90,-232,-257,-207
-108,-335,-205,233,82,-277,175,143,-94,-250,-285,-238
-108,-349,-217,238,59,-277,197,139,-107,-233,-300,-231
-118,-331,-204,229,48,-293,174,143,-97,-261,-303,-230
-100,-321,-197,248,64,-292,171,140,-104,-276,-305,-234
-112,-312,-222,229,72,-262,179,115,-89,-254,-294,-234
-114,-288,-169,203,31,-252,168,127,-74,-229,-246,-212
-85,-304,-151,193,47,-223,150,120,-102,-198,-241,-202
-67,-258,-165,171,27,-223,133,82,-80,-159,-224,-166
-67,-211,-137,134,51,-168,119,95,-67,-167,-207,-163
-56,-196,-129,146,38,-175,105,80,-61,-135,-170,-132
-57,-162,-104,98,17,-154,93,76,-46,-108,-128,-128
-53,-155,-107,116,27,-108,84,53,-58,-97,-138,-98
-33,-130,-92,75,-1,-103,68,36,-36,-93,-105,-87
-59,-130,-78,81,13,-89,71,38,-40,-78,-93,-60
-26,-96,-61,42,8,-61,52,32,-14,-64,-101,-83
-35,-88,-64,61,22,-70,33,39,-44,-71,-79,-63
-17,-75,-36,71,14,-81,30,63,-25,-50,-68,-50
-16,-65,-46,33,8,-54,41,31,-14,-57,-83,-50
-24,-64,-29,37,8,-26,34,32,-21,-59,-41,-48
-28,-38,-26,34,12,-53,28,21,0,-42,-64,-35
-14,-58,-25,35,5,-70,7,33,-24,-39,-33,-37
-8,-56,-59,26,24,-48,12,16,-17,-33,-40,-34
-5,-48,-49,8,-8,-56,32,17,-2,-16,-68,-39
-18,-36,-19,-2,2,-36,20,30,5,-40,-25,-24
-11,-51,-27,15,14,-31,7,-7,4,-31,-25,-25
-8,-65,-24,12,16,-13,56,5,-3,-22,-39,-22
-2,-48,-39,30,6,-8,3,-5,-13,-20,-28,-23
4,-35,-34,45,13,-20,23,24,-4,-15,-14,-25
-2,-18,-20,28,7,-15,30,15,0,-19,2,2
-35,-26,-13,12,2,-17,8,-12,-4,-10,-19,-17
-15,4,-5,-6,22,3,1,5,-1,-14,1,14
1,-14,-10,16,-1,-1,-9,14,6,-23,-33,13
1,6,-3,15,-1,5,-19,-21,-17,-21,-16,-19
-5,1,23,0,-3,-7,-6,-1,-19,12,6,0
11,11,2,11,-7,6,-34,-10,0,22,6,7
22,8,9,-11,-6,36,-3,18,-33,-6,31,25
12,21,17,-20,-2,13,-29,7,12,22,32,43
7,21,15,-19,-6,39,-20,1,11,20,20,4
16,16,41,-24,12,5,-35,-36,-1,15,23,32
23,19,27,-31,5,23,-34,-19,21,39,16,35
20,33,32,-41,10,45,-15,-35,22,53,41,54
43,54,27,-6,-16,28,-38,4,13,38,64,43
52,87,44,-42,-21,75,-8,-23,34,40,65,53
26,72,55,-71,-2,53,-47,-29,8,41,73,48
28,89,59,-68,-9,65,-37,-16,19,40,85,45
18,98,54,-50,-17,60,-33,-35,22,58,97,53
46,126,79,-70,-2,88,-44,-42,43,90,82,74
43,107,68,-86,-22,90,-59,-48,30,78,106,106
32,133,64,-102,-28,105,-82,-41,42,100,98,76
41,119,100,-87,3,110,-88,-50,28,90,103,95
34,138,97,-80,-7,142,-95,-63,51,107,126,100
52,152,118,-92,-16,119,-73,-69,49,140,155,98
52,134,105,-96,-33,114,-93,-62,32,141,168,98
63,184,120,-125,-26,130,-95,-88,63,131,172,131
66,177,133,-135,-8,159,-97,-64,71,141,154,125
65,204,135,-131,-21,164,-123,-76,87,158,177,139
79,208,134,-140,-37,164,-114,-93,64,158,207,135
81,216,148,-146,-32,180,-143,-86,76,175,201,143
85,221,138,-190,-14,187,-106,-92,66,177,181,169
89,238,135,-187,-46,217,-128,-118,57,180,233,176
94,240,171,-169,-33,220,-140,-85,73,213,225,173
107,256,175,-175,-44,231,-153,-100,81,202,234,175
86,263,182,-199,-57,244,-182,-106,79,204,246,203
94,292,186,-230,-54,227,-136,-122,65,232,259,190
77,284,202,-189,-59,256,-172,-143,106,235,262,206
125,314,205,-202,-61,263,-158,-119,76,211,269,204
98,312,221,-215,-55,273,-185,-147,76,244,284,216
117,338,213,-208,-37,299,-177,-137,99,247,322,240
129,317,220,-222,-46,285,-164,-136,103,255,289,244
141,325,226,-230,-62,272,-187,-139,123,265,320,243
141,342,221,-248,-31,276,-200,-143,98,272,306,261
113,345,228,-230,-41,293,-197,-150,129,263,298,262
127,365,234,-239,-56,304,-207,-136,116,279,317,261
136,384,235,-245,-76,300,-199,-147,106,276,353,242
137,382,254,-267,-79,293,-213,-149,109,279,323,274
119,376,244,-270,-49,306,-188,-162,134,266,332,235
126,378,241,-278,-52,332,-201,-144,95,298,336,269
142,390,253,-265,-62,334,-224,-159,142,283,362,273
158,396,250,-256,-54,334,-210,-149,128,269,355,275
124,417,246,-269,-65,310,-199,-143,125,299,352,269
130,408,239,-279,-70,345,-217,-140,135,278,348,260
118,391,251,-259,-44,340,-199,-163,117,284,361,271
137,407,270,-294,-62,336,-225,-172,108,285,348,291
131,400,266,-246,-57,332,-232,-173,105,299,329,266
109,373,240,-272,-68,317,-231,-150,113,326,345,270
137,396,262,-279,-64,337,-236,-156,114,307,349,282
127,365,274,-275,-57,336,-222,-147,100,285,341,271
132,402,255,-273,-36,357,-184,-175,114,305,341,257
127,380,254,-273,-45,320,-206,-136,131,288,348,257
146,366,225,-244,-74,317,-206,-159,106,280,328,276
137,349,249,-266,-86,299,-186,-134,108,270,337,266
112,369,234,-244,-69,294,-208,-125,93,259,334,277
126,365,233,-244,-58,318,-182,-147,103,277,300,236
127,332,217,-232,-61,302,-190,-141,88,292,313,243
108,357,196,-235,-61,284,-197,-124,86,262,291,233
99,345,212,-211,-61,259,-185,-139,106,254,283,232
127,318,195,-230,-39,269,-165,-117,80,254,287,231
130,336,195,-207,-56,269,-151,-118,89,236,263,232
108,316,192,-207,-39,270,-197,-133,97,230,281,203
77,282,193,-198,-53,248,-163,-128,95,229,257,200
94,271,177,-185,-31,220,-157,-121,80,218,253,201
114,254,175,-191,-48,211,-135,-111,61,196,256,207
95,263,148,-183,-43,199,-142,-92,81,195,253,169
101,273,168,-177,-17,209,-141,-90,69,196,228,174
87,243,164,-153,-4,202,-106,-83,68,196,205,177
71,228,166,-129,-25,196,-132,-99,84,148,189,152
77,193,157,-154,-12,192,-121,-83,62,161,214,147
65,210,145,-149,-32,162,-116,-78,64,135,182,139
67,188,132,-139,-63,155,-111,-70,35,167,166,131
46,188,127,-136,-35,163,-113,-84,63,138,165,147
65,172,100,-132,-12,145,-96,-56,57,108,155,117
77,166,89,-100,-20,127,-88,-70,62,128,138,105
56,144,114,-112,-45,118,-110,-49,53,117,138,112
50,141,110,-99,-28,132,-73,-54,44,118,130,122
38,115,82,-104,-14,126,-66,-46,70,82,105,87
47,118,88,-93,-18,118,-65,-61,61,100,112,88
33,133,74,-69,-5,101,-61,-40,53,87,114,81
11,109,54,-70,-37,97,-59,-63,35,50,96,90
41,78,71,-51,-1,78,-64,-30,20,70,93,69
11,90,46,-50,-20,75,-48,-29,24,66,78,68
31,94,46,-36,-12,46,-46,-26,25,62,44,51
15,70,56,-78,-7,48,-20,-18,6,50,64,46
22,62,49,-38,-3,38,-51,-18,13,63,42,25
-6,48,49,-45,2,60,-10,-29,21,42,71,38
17,45,34,-33,-7,40,6,-28,17,41,29,48
11,14,21,-24,6,36,-9,-3,35,15,36,17
16,27,-3,-17,-11,23,10,6,11,39,23,16
2,14,12,-29,-2,25,-15,2,20,43,26,15
-4,19,22,-2,-11,3,-17,13,9,40,-11,11
4,14,-5,11,5,-6,-16,4,10,8,15,6
-5,16,11,1,-24,14,0,4,31,2,3,9
2,-7,19,-2,-4,-15,-12,-2,12,-7,7,5
1,9,-15,1,26,12,8,15,26,0,-6,-13
-2,-7,-11,-12,-13,-9,18,8,-2,13,-10,-16
-11,-20,-20,-10,9,-21,16,4,-23,-10,-22,-7
-12,-17,-22,0,-19,-9,24,12,-7,-8,-19,-10
-13,-19,-12,-3,12,-8,11,-1,15,-14,-6,-21
-8,-40,-3,35,-14,2,5,8,-24,-30,-38,10
16,-19,-33,21,10,-11,39,12,10,-33,-16,-20
-7,-18,-7,18,0,-39,8,15,-24,-27,-16,-14
-6,-21,-27,23,5,-37,-4,7,2,-11,-26,-40
-15,-42,-30,5,1,-15,0,4,-19,-17,-30,-27
-20,-34,-14,22,8,-43,31,41,-17,-26,-25,-24
-5,-50,-20,4,3,-27,26,-2,-16,-40,-3,-25
-16,-27,-33,-1,7,-31,28,29,-28,-24,-9,-9
11,-40,-36,33,25,-29,9,15,-4,-20,-30,-35
-11,-47,12,16,20,-27,29,12,-18,-18,-35,-34
18,-36,-14,31,10,-47,31,7,10,-55,-52,-43
-11,-23,-27,44,15,-56,39,-3,-7,-31,-55,-35
-4,-31,-25,34,16,-42,40,20,-24,-10,-43,-34
-30,-32,-43,57,10,-28,24,14,-21,-41,-35,-22
-26,-46,-34,9,31,-37,-5,17,-18,-45,-44,-36
-10,-50,-37,19,4,-32,16,14,-4,-40,-44,-38
-21,-45,-44,28,6,-52,19,16,0,-30,-33,-30
-26,-62,-15,41,8,-49,26,29,-14,-60,-31,-57
-25,-41,-39,9,7,-29,21,8,-20,-11,-67,-28
-8,-47,-28,16,15,-49,27,29,-14,-20,-52,-26
-2,-46,-23,3,15,-24,5,21,-15,-43,-38,-40
0,-38,-47,32,14,-28,1,51,-36,-33,-57,-53
-22,-55,-36,13,18,-16,7,36,4,-38,-48,-46
-3,-41,-45,35,21,-47,17,32,-24,-21,-38,-35
-29,-57,-41,42,0,-36,31,27,-5,-39,-41,-19
-19,-60,-6,23,-5,-36,14,15,-32,-16,-35,-48
-17,-35,-20,33,2,-29,20,31,-7,-37,-53,-47
-6,-35,-23,21,-15,-44,39,13,-9,-26,-38,-15
-18,-37,-38,33,15,-56,21,28,7,-46,-57,-58
3,-41,-26,12,-16,-34,37,-2,-15,-31,-31,-34
-10,-46,-30,9,12,-54,21,-8,7,-33,-50,-52
-4,-36,-37,38,22,-54,12,12,-15,-28,-39,-16
-25,-78,-25,23,4,-13,18,-1,-16,-21,-57,-45
-13,-58,-37,29,2,-45,16,8,-23,-49,-46,-34
-8,-29,-26,14,8,-41,22,20,-31,-35,-37,-28
-11,-33,6,30,26,-47,24,3,-13,-40,-26,-35
-18,-46,-29,28,9,-35,34,21,-18,-42,-30,-25
-11,-46,-40,4,33,-48,30,23,-6,-18,-35,-10
2,-51,-9,27,23,-31,25,11,-22,-18,-37,-19
-13,-41,-22,28,8,-32,12,12,9,-16,-33,-35
-24,-26,-9,28,-9,-45,31,23,-18,-34,-23,-31
-7,-47,-37,31,5,-38,20,21,1,-38,-33,-33
3,-13,-28,44,-19,-29,14,-5,-11,-52,-21,-21
-11,-48,-29,28,-4,-25,10,4,-39,-38,-28,-20
8,-49,-25,0,20,-32,7,24,-17,-19,-69,-16
-55,-31,-17,42,4,-24,22,14,-22,-49,-8,-37
-12,-33,-15,12,10,-42,8,20,-3,-34,-21,-23
-12,-46,-24,22,3,-18,25,-14,-18,-23,-32,-18
-31,-29,-12,13,22,-33,26,18,17,-9,-17,-16
-11,-54,7,4,13,-33,2,10,-23,-4,-25,-37
-13,-21,-18,27,-8,-27,13,8,-5,-6,-22,-11
1,-23,-26,18,27,-12,27,3,-5,-38,-14,-49
-16,-4,-11,11,8,-16,25,14,-14,-3,-26,-16
2,-8,-9,2,16,-29,9,13,16,-12,5,-10
-3,-15,16,9,4,-31,17,-2,-20,-9,-13,-14
-2,-10,10,20,5,-29,12,6,-2,-33,-6,-1
-2,-6,2,10,-12,-36,-5,23,-6,-19,-30,-4
-8,17,12,10,10,-4,12,7,-24,-25,-23,3
-3,2,-15,-5,-21,-3,-11,24,-3,-11,-11,13
-7,-15,-15,24,-10,-8,1,8,8,-5,-15,18
-6,8,-4,8,0,16,2,25,16,-2,-2,28
4,15,24,3,-10,16,-13,30,-11,-12,-18,9
11,39,20,-23,-4,-10,-18,3,22,24,11,6
8,53,9,0,5,18,-21,-29,-6,34,29,8
5,30,5,-32,5,31,-18,-13,-7,26,38,13
6,24,23,-10,-19,31,-31,-13,11,21,35,36
14,24,13,-28,13,57,-33,4,13,25,38,29
33,67,34,-14,-2,45,-30,-18,19,26,24,40
29,57,36,-34,3,53,-40,-7,6,65,58,37
25,88,50,-62,1,56,-50,-37,25,51,61,56
39,90,52,-46,-6,56,-34,-32,26,49,59,48
28,80,60,-40,-16,83,-62,-19,9,76,81,54
41,88,64,-81,-5,81,-54,-44,38,72,86,55
36,110,59,-56,-23,75,-57,-49,8,72,106,69
43,127,72,-76,-16,92,-50,-54,36,77,110,98
34,116,95,-62,-33,117,-76,-76,43,87,123,101
43,150,91,-101,-4,132,-71,-59,59,99,133,102
42,145,79,-104,-19,140,-95,-48,51,104,127,105
51,165,122,-83,-32,135,-86,-91,66,131,159,107
64,165,107,-103,-24,147,-102,-69,43,113,165,132
74,177,122,-111,-13,151,-113,-104,46,148,172,127
69,180,135,-141,-31,169,-115,-77,41,159,167,144
45,191,131,-138,-29,186,-90,-94,33,186,181,143
95,220,131,-151,-34,173,-106,-81,68,164,200,147
89,250,152,-154,-22,159,-121,-90,64,144,208,148
87,211,161,-161,-28,199,-114,-93,84,165,193,181
111,226,138,-162,-29,213,-137,-102,50,186,210,159
65,217,170,-146,-61,185,-137,-94,69,177,204,175
75,246,156,-181,-35,205,-150,-116,79,199,217,169
91,258,176,-175,-45,213,-137,-87,73,190,221,158
75,259,170,-179,-32,182,-161,-88,75,171,237,165
107,278,142,-167,-48,213,-153,-88,88,201,249,181
110,264,176,-192,-30,223,-150,-105,92,188,231,206
85,259,174,-169,-18,227,-123,-116,79,194,229,178
102,276,162,-169,-8,202,-130,-116,76,181,238,162
98,264,150,-158,-40,199,-155,-112,86,189,225,171
95,235,161,-188,-17,208,-120,-105,65,172,222,171
86,236,148,-165,-51,200,-123,-90,60,190,214,160
105,235,161,-151,-38,209,-134,-79,78,175,203,180
77,236,137,-138,-35,199,-117,-95,70,162,220,171
81,227,175,-129,-37,203,-127,-89,79,183,225,138
71,230,140,-158,-13,162,-131,-113,86,162,194,182
61,189,139,-123,-45,177,-120,-78,73,198,191,159
83,183,114,-147,-26,171,-131,-85,52,152,181,123
61,190,139,-126,-15,155,-104,-76,53,132,163,130
82,168,91,-107,-45,157,-101,-77,39,137,157,135
44,175,110,-112,-4,133,-89,-49,44,131,132,107
53,167,69,-94,-33,124,-87,-46,47,113,147,109
56,120,96,-74,-25,135,-68,-50,61,107,119,91
72,122,84,-80,-38,103,-85,-59,45,93,127,102
45,126,93,-92,-11,118,-69,-32,36,89,110,101
41,116,81,-57,-23,120,-51,-33,47,101,80,53
41,107,73,-40,-14,65,-59,-26,23,57,89,79
41,92,47,-65,-2,78,-49,-48,26,73,83,64
57,74,54,-46,-13,73,-67,-30,28,41,59,46
13,70,57,-41,-16,61,-32,-37,29,47,57,37
24,53,22,-56,-11,44,-33,-25,2,50,52,48
30,43,37,-25,-9,40,-35,2,31,58,29,46
23,52,42,-27,-5,47,-50,-24,-2,38,27,28
30,33,36,-32,1,32,-27,-12,9,21,24,9
26,28,45,-30,-16,19,-15,-35,6,20,6,34
12,36,16,-26,-18,14,-34,-4,36,4,20,-2
10,36,16,-2,6,45,-9,-19,3,16,21,0
21,-9,36,3,-21,8,-30,-20,-21,28,4,10
7,19,18,-4,6,19,-1,7,-8,19,15,7
-1,-7,9,-8,-4,9,-15,9,-1,3,21,0
18,-8,1,-17,10,-9,-7,-15,-14,5,14,17
-5,13,0,8,-4,-3,16,-16,9,-9,-2,6
9,-9,0,-1,9,-10,8,5,17,12,5,1
-27,-1,11,12,1,-2,-11,-22,-12,-6,-21,-26
-4,-26,-15,13,4,-8,20,-6,-25,-34,-18,-11
-9,-31,-9,15,4,-30,32,11,-15,-20,-13,-16
-14,-37,-31,35,6,-38,2,8,-3,-28,-28,-30
-15,-59,-35,41,-6,-45,30,47,-23,-27,-37,-25
-24,-49,-40,39,1,-37,21,27,-15,-50,-51,-51
-22,-87,-40,51,0,-60,43,30,-27,-54,-65,-65
-32,-91,-65,69,36,-86,76,19,-42,-70,-48,-40
-50,-110,-71,98,28,-82,53,34,-43,-74,-98,-79
-65,-158,-59,85,30,-95,84,55,-37,-124,-113,-81
-64,-132,-104,123,14,-135,79,61,-41,-101,-105,-107
-39,-162,-99,83,26,-131,103,54,-45,-112,-148,-126
-77,-152,-106,106,16,-145,103,46,-53,-140,-163,-128
-63,-166,-109,111,17,-141,93,71,-56,-130,-172,-118
-66,-180,-113,111,25,-136,107,60,-56,-105,-156,-120
-54,-166,-113,122,27,-142,84,74,-63,-122,-170,-116
-56,-152,-95,109,15,-109,78,65,-23,-125,-142,-85
-54,-118,-61,86,21,-79,70,61,-41,-92,-112,-89
-40,-80,-47,52,-4,-78,27,16,-11,-63,-67,-69
-15,-3,-23,-16,28,-23,14,19,18,3,-25,-15
22,43,46,-27,-4,52,1,-22,16,50,74,16
40,136,75,-103,-17,121,-94,-80,58,97,135,117
78,244,168,-167,-31,217,-117,-108,59,184,231,162
127,343,226,-259,-59,283,-187,-132,88,252,325,250
166,478,292,-332,-68,388,-260,-196,147,351,431,320
211,606,394,-401,-105,480,-304,-214,177,447,542,398
249,704,471,-486,-108,587,-389,-281,208,532,626,484
294,821,534,-564,-131,686,-444,-316,240,613,756,561
302,923,572,-627,-143,759,-506,-356,289,693,832,642
359,1023,643,-679,-138,831,-538,-421,318,744,898,714
388,1084,686,-736,-156,898,-594,-418,320,796,971,752
387,1138,729,-759,-177,950,-620,-434,350,832,1004,775
383,1091,742,-766,-192,926,-622,-454,325,830,1021,778
383,1087,690,-752,-167,919,-611,-420,299,837,965,770
359,1035,655,-694,-170,856,-575,-385,318,759,919,725
347,942,613,-621,-145,778,-519,-367,293,695,870,667
300,818,560,-575,-124,707,-452,-323,249,606,778,583
255,736,471,-508,-91,591,-412,-311,222,557,641,496
204,601,399,-396,-91,514,-331,-244,178,444,542,421
156,469,293,-328,-87,379,-252,-178,134,341,439,352
115,344,216,-244,-35,299,-185,-140,105,264,286,264
77,224,138,-141,-37,173,-108,-92,51,166,196,151
36,109,70,-90,-3,100,-55,-64,22,88,97,75
-1,18,-2,9,-10,19,-8,-3,6,-6,25,-28
-19,-87,-47,50,27,-78,28,41,-36,-48,-83,-49
-59,-138,-93,92,21,-113,83,72,-51,-107,-131,-110
-67,-209,-149,142,39,-165,118,84,-61,-155,-178,-135
-91,-236,-147,166,28,-202,132,102,-81,-185,-220,-168
-107,-280,-161,174,19,-232,131,128,-102,-183,-246,-173
-97,-255,-187,189,40,-215,151,104,-91,-198,-250,-213
-103,-265,-200,200,52,-233,147,109,-76,-212,-248,-211
-93,-273,-187,186,55,-232,147,121,-90,-198,-232,-174
-90,-255,-178,175,41,-198,115,106,-65,-196,-231,-196
-90,-226,-149,170,39,-176,145,83,-64,-164,-202,-154
-65,-215,-120,120,20,-167,124,74,-67,-139,-180,-126
-62,-157,-116,105,31,-152,91,71,-60,-146,-142,-139
-41,-129,-74,108,31,-142,69,51,-52,-97,-152,-106
-19,-124,-92,88,-7,-107,62,28,-21,-91,-122,-69
-26,-107,-62,46,-3,-69,49,72,-17,-84,-93,-45
-19,-76,-33,53,6,-62,59,39,-12,-72,-87,-68
-22,-73,-40,35,0,-49,13,3,-12,-46,-50,-21
-20,-46,-5,1,2,-44,19,10,-37,-42,-3,-25
-30,-19,-3,24,-18,-4,21,1,-26,-22,-7,-23
-22,4,-15,19,6,-14,3,5,-4,-18,-6,-5
8,-13,5,9,-2,-16,9,-2,-10,-15,8,-10
5,3,0,12,0,7,9,-3,5,-6,13,-25
-9,1,-8,23,25,7,20,1,-3,9,-14,3
7,1,6,-16,3,-5,-8,9,-5,10,29,-2
-19,3,3,-20,2,-10,2,-1,22,5,20,2
-5,-5,28,-22,-34,12,-8,-21,-10,-9,-2,14
8,7,15,6,0,35,-18,4,4,7,17,12
-9,48,10,-11,-7,12,-26,-15,19,11,22,-4
17,18,20,-6,-6,9,-3,-4,32,28,23,-1
6,14,9,-13,-9,21,-3,-26,21,13,32,26
1,43,43,-7,-15,50,5,-12,12,11,20,29
21,40,22,-24,-4,51,-31,-15,28,13,47,20
26,46,39,-41,18,37,5,-18,35,39,23,27
7,46,36,-7,-17,18,-17,-10,18,39,28,32
7,62,17,-22,-15,25,-29,-21,3,24,38,41
25,57,19,-41,-8,63,-16,-29,20,24,55,27
20,46,45,-42,-4,52,-25,-40,33,53,45,55
12,50,60,-41,-20,57,-21,-34,9,35,78,51
5,72,38,-43,-11,69,-39,-51,13,62,60,47
22,75,48,-48,-31,61,-29,-35,11,64,72,65
37,77,56,-70,-9,61,-71,-36,23,76,75,61
35,95,65,-40,0,79,-66,-11,37,62,86,60
35,86,59,-70,-24,92,-79,-53,40,67,78,66
49,127,71,-81,-43,100,-57,-52,16,61,98,73
33,101,65,-93,-21,81,-69,-49,37,88,119,84
61,113,83,-73,-8,99,-54,-36,45,97,103,91
37,121,83,-104,-13,119,-89,-55,26,103,103,98
19,158,76,-76,-17,131,-77,-75,34,80,132,110
50,137,94,-123,4,115,-81,-53,43,106,142,112
56,185,105,-125,-41,126,-96,-40,56,118,163,106
74,172,120,-117,-19,125,-73,-61,46,100,136,119
84,166,119,-123,-21,127,-89,-64,63,121,159,120
71,182,108,-139,-40,174,-78,-84,50,135,151,140
41,182,125,-115,-31,176,-99,-62,36,150,150,141
77,235,146,-143,-33,177,-102,-77,63,177,198,128
97,227,173,-144,-54,197,-106,-89,85,178,208,145
75,220,141,-137,-38,164,-123,-104,69,165,215,175
85,254,154,-182,-25,189,-138,-89,71,182,217,165
72,254,164,-165,-23,208,-144,-69,72,180,222,148
94,253,154,-171,-45,214,-150,-101,69,207,237,157
94,282,187,-185,-28,213,-144,-94,106,213,246,195
104,292,168,-185,-27,230,-147,-116,94,207,255,200
89,311,211,-204,-50,246,-150,-124,76,216,284,216
119,315,203,-239,-35,245,-188,-111,86,233,286,214
116,297,214,-227,-39,270,-172,-144,97,232,302,238
113,332,216,-238,-54,266,-184,-135,107,236,315,240
128,328,228,-232,-68,281,-178,-149,114,255,291,249
123,334,221,-243,-49,314,-167,-119,111,283,302,233
103,372,235,-228,-94,283,-221,-124,108,283,294,241
116,369,220,-258,-61,327,-217,-142,116,276,326,278
112,405,239,-250,-48,319,-212,-142,116,299,342,255
122,373,274,-249,-72,312,-222,-156,133,291,332,268
160,397,262,-244,-71,324,-224,-154,93,290,363,298
139,399,274,-266,-59,317,-212,-149,116,305,364,277
141,414,288,-290,-49,343,-236,-170,131,320,371,297
125,421,256,-278,-48,364,-217,-169,112,333,342,287
127,430,278,-280,-66,338,-233,-171,123,301,389,294
145,422,276,-292,-49,340,-266,-171,116,338,384,304
164,425,294,-311,-39,372,-239,-158,136,330,392,315
146,460,276,-278,-50,389,-242,-164,132,321,400,316
134,456,305,-286,-60,348,-236,-186,146,350,415,351
152,441,261,-311,-67,376,-250,-181,141,337,391,315
158,462,294,-302,-68,386,-258,-170,143,351,413,324
187,438,289,-295,-67,383,-273,-182,112,347,417,322
169,440,306,-299,-57,370,-253,-182,158,329,403,305
164,438,311,-326,-77,366,-260,-193,146,352,396,309
139,456,310,-316,-91,355,-252,-174,126,319,396,299
145,457,312,-302,-78,363,-245,-171,135,328,380,330
156,455,281,-317,-90,379,-245,-185,135,346,406,311
163,427,283,-303,-71,387,-256,-186,136,358,391,322
144,461,273,-313,-61,378,-252,-173,132,338,385,312
167,432,281,-300,-67,358,-242,-186,145,317,421,320
161,430,298,-309,-64,362,-222,-165,131,321,379,310
160,425,258,-302,-75,376,-226,-152,115,314,391,306
150,399,282,-295,-44,333,-229,-140,132,331,379,290
164,433,263,-288,-69,358,-228,-175,117,311,386,288
144,407,268,-276,-56,328,-241,-149,114,308,368,303
143,385,278,-282,-42,330,-213,-170,111,301,360,291
130,408,247,-284,-65,337,-218,-173,118,292,382,286
165,394,256,-250,-47,336,-217,-145,103,282,356,284
132,389,228,-262,-52,303,-210,-154,79,282,335,254
127,362,232,-249,-59,295,-188,-129,129,276,359,240
118,345,226,-256,-53,292,-197,-134,116,258,342,250
128,358,213,-221,-54,288,-194,-133,123,280,325,267
114,341,234,-229,-51,283,-170,-140,86,257,323,250
90,315,195,-235,-34,263,-170,-135,80,237,275,242
103,306,209,-208,-46,261,-179,-128,99,229,280,219
93,315,209,-235,-38,269,-147,-132,86,234,264,200
83,301,167,-198,-56,251,-145,-126,78,218,262,195
95,266,177,-199,-35,228,-171,-116,72,207,280,180
97,251,184,-176,-61,223,-136,-112,72,218,240,183
65,259,169,-169,-25,221,-161,-90,88,193,248,202
72,256,155,-184,-51,194,-139,-101,66,177,244,157
86,248,183,-172,-46,198,-128,-99,74,172,225,154
82,210,141,-147,-35,165,-142,-84,67,183,197,146
84,246,143,-162,-40,186,-126,-77,82,138,198,143
76,203,138,-159,-32,162,-120,-96,81,164,185,134
59,194,117,-136,-34,190,-110,-71,77,135,195,112
64,188,130,-132,-34,146,-98,-73,40,149,158,120
66,194,103,-101,-20,144,-119,-70,65,127,161,127
48,164,120,-134,-15,145,-89,-63,67,131,144,113
55,163,97,-91,-16,134,-88,-88,52,115,151,106
83,161,111,-100,-15,150,-86,-50,56,105,134,97
28,138,108,-90,-32,122,-77,-54,33,106,109,107
38,123,68,-89,-6,110,-82,-49,47,84,117,96
49,138,68,-82,-33,93,-87,-45,41,90,98,68
37,119,75,-78,-24,99,-63,-32,10,68,85,76
30,96,83,-70,-1,81,-58,-30,22,71,84,97
17,91,67,-85,-8,105,-54,-38,39,79,85,62
21,87,49,-73,-34,80,-48,-39,12,73,61,72
-1,69,42,-71,-26,57,-51,-33,33,60,88,61
37,70,46,-36,-7,68,-47,-17,18,58,63,33
14,71,57,-36,-12,63,-33,-36,18,37,59,30
23,63,50,-51,-20,58,-51,-25,24,53,38,42
26,70,34,-40,-22,55,-27,-25,38,37,46,39
20,56,9,-16,-14,36,-38,-34,16,36,46,30
21,50,47,-42,5,61,-11,-11,6,36,34,52
30,18,41,-15,-7,32,-17,-1,10,44,35,30
22,37,12,-21,-23,39,-1,-7,7,-7,39,42
17,35,44,-18,-17,13,-23,-10,-3,6,34,6
18,11,42,-39,5,47,-5,5,-2,-14,31,13
23,9,20,-6,-9,18,2,-6,11,14,35,15
-21,16,15,4,16,15,-37,1,14,33,39,32
7,32,14,-7,-16,26,-4,-7,3,29,0,3
10,21,-14,-4,-8,-3,-14,6,-10,4,22,15
10,1,14,-10,-11,1,-5,10,-9,-2,24,12
0,9,17,-20,-1,4,7,-6,-15,-25,0,-1
-3,14,21,-15,1,-13,-2,-10,-6,-2,1,15
-1,27,18,-18,-8,12,-20,-2,-2,3,10,0
15,20,3,2,-12,-1,-9,13,8,20,12,1
-7,-19,8,10,8,1,-6,-3,-9,5,2,14
24,2,-6,-27,-4,24,3,-3,6,5,-6,-20
24,-21,-8,4,4,8,-9,3,17,-3,18,-2
10,-26,4,-2,17,15,-15,-16,-4,2,5,9
-4,9,-9,7,-5,0,0,-7,-14,-13,11,2
-6,-5,7,10,6,6,24,-13,11,-26,-8,2
3,11,7,20,13,8,26,18,-4,-10,3,11
12,-15,-5,-5,-1,-29,-5,4,1,4,-1,-6
-15,-18,-21,18,0,10,5,9,4,8,-7,-3
4,19,-8,20,11,10,6,5,7,-14,-19,11
-20,-18,9,2,-2,6,11,-5,-5,12,-23,-27
-3,-13,12,12,19,-4,-18,33,15,-10,-9,-1
-6,4,20,9,2,-13,8,1,-2,-4,-2,-17
-7,6,-3,22,8,15,8,-34,13,-28,-9,-5
2,-23,-6,15,3,10,-15,0,-12,-9,2,-19
-37,-5,-11,27,-23,-5,-5,-1,6,-4,16,-13
15,2,-11,1,-9,-22,-1,-18,27,-12,-1,-17
7,-5,24,4,3,-2,-3,-2,9,-11,-8,-9
-21,-34,-13,11,8,-9,23,4,-5,6,-30,-21
-10,-1,-21,3,16,-15,19,14,1,-18,-3,-10
-14,-16,-2,-3,7,2,21,0,-15,-38,-3,11
4,5,21,3,14,2,3,4,-31,-13,-33,-10
-4,2,-4,-5,-2,-11,-3,-5,-12,-32,-23,-4
8,-8,-22,14,-26,-2,3,-2,-15,9,0,-12
-14,-13,19,17,32,-15,-7,2,-11,2,-9,4
13,-3,14,-5,7,-6,3,13,-17,5,4,12
0,13,-5,7,-24,-7,1,14,-21,17,7,-6
9,11,-1,1,-7,-19,3,0,4,-15,13,-11
2,-8,-15,-12,5,1,-4,-8,-1,1,4,-7
10,1,11,-9,-2,-9,-8,-17,17,3,-28,-12
14,2,-9,24,13,-20,4,2,-2,-21,30,-11
-12,-9,11,-7,-6,15,4,11,9,1,12,1
23,-4,25,12,-4,6,11,6,-2,-11,-11,-1
2,-17,19,-14,-2,0,-7,0,-17,5,12,9
16,-1,1,-8,4,-16,15,4,9,0,-4,15
-20,2,5,4,-6,-28,14,-14,-20,3,-17,12
-7,-4,-17,13,-12,9,-24,-1,15,13,16,1
5,8,-5,0,26,0,8,-8,16,-9,24,29
-4,31,-8,8,-18,-8,12,-5,-2,8,-12,23
-5,-2,19,14,15,-1,-1,10,19,6,3,7
-15,-5,17,-22,-17,27,-13,-8,24,-21,9,16
16,12,13,-19,-9,10,-8,-7,1,12,10,20
1,23,7,-9,1,14,-24,-9,-5,22,-11,13
24,23,1,-12,-17,31,-4,-32,12,10,16,3
-30,26,21,-27,-11,19,-15,-2,-19,27,14,17
7,20,7,-9,9,25,-20,-4,21,8,37,14
21,18,28,-39,-6,0,-2,-5,-2,24,18,18
25,18,5,-30,4,12,-13,-17,-5,8,34,24
25,29,19,-19,-3,21,-8,-12,6,15,28,17
7,27,29,-28,-11,37,-40,-15,16,42,33,26
1,44,37,-35,-17,12,-8,6,4,38,41,23
25,45,19,-24,-17,31,-19,-34,10,25,28,26
28,52,21,-48,-17,37,-25,-38,12,39,30,26
17,61,27,-44,-26,41,-38,-12,4,52,54,47
29,71,38,-44,-16,51,-38,-36,19,23,65,34
12,66,54,-65,-26,75,-23,-26,11,36,74,21
35,72,52,-60,-9,61,-37,-64,21,57,69,66
3,72,47,-56,-16,54,-30,-23,44,59,65,71
30,104,82,-59,-21,96,-55,-30,33,63,83,65
25,92,60,-67,21,95,-75,-43,51,97,83,83
43,112,79,-60,-39,96,-39,-40,40,91,99,93
44,124,79,-62,-25,94,-79,-56,21,90,103,82
44,152,104,-97,-21,117,-92,-58,59,100,133,93
52,128,77,-99,-26,122,-79,-62,66,122,140,76
52,152,111,-115,-46,137,-101,-68,55,101,125,102
48,160,107,-115,-6,145,-91,-71,42,141,149,117
83,185,123,-125,-34,137,-70,-77,40,141,149,125
66,197,141,-151,-32,156,-122,-54,47,142,176,117
46,205,130,-142,-15,176,-92,-86,60,145,192,154
73,202,135,-134,-19,191,-110,-93,84,159,187,171
91,232,147,-130,-36,175,-128,-57,60,159,206,133
80,246,139,-156,-43,216,-109,-97,74,182,213,178
85,263,146,-181,-36,186,-121,-90,50,169,192,168
90,262,172,-170,-42,222,-142,-94,73,195,216,184
105,276,166,-176,-40,216,-147,-107,83,195,234,184
83,257,157,-190,-33,232,-151,-119,88,202,249,173
114,271,179,-174,-29,228,-151,-83,79,218,226,192
94,280,172,-188,-43,240,-155,-111,70,228,252,210
126,300,182,-184,-45,223,-153,-132,83,226,259,203
98,290,196,-194,-56,259,-162,-114,66,230,265,201
92,300,179,-209,-62,227,-160,-123,79,212,274,212
106,285,194,-232,-35,260,-149,-133,78,215,255,208
110,304,189,-201,-37,247,-162,-120,91,217,248,224
112,317,198,-196,-36,240,-181,-122,80,224,262,227
95,305,179,-210,-58,251,-164,-112,92,208,263,197
88,294,195,-209,-60,238,-154,-121,83,236,264,197
114,276,180,-217,-49,247,-166,-122,105,211,285,199
98,298,185,-186,-51,228,-150,-103,69,220,246,203
102,277,174,-184,-38,217,-161,-102,80,202,252,187
93,289,165,-201,-42,219,-158,-92,48,194,246,186
118,267,186,-182,-39,237,-156,-99,85,184,236,200
88,282,171,-158,-33,212,-157,-81,87,189,220,174
75,254,162,-183,-32,207,-132,-109,84,202,238,180
83,230,146,-164,-19,198,-139,-101,62,174,224,180
76,217,149,-153,-24,190,-133,-111,80,181,184,157
82,214,143,-153,-46,180,-109,-79,74,164,204,163
100,211,133,-116,-30,154,-104,-96,70,142,194,146
87,189,109,-122,-30,143,-99,-79,51,157,192,137
67,179,122,-133,-28,152,-114,-87,60,130,150,133
59,183,100,-100,-36,169,-93,-68,53,122,142,134
56,142,114,-106,-26,127,-103,-68,59,118,137,114
70,144,97,-108,-1,125,-107,-54,25,116,150,123
42,137,75,-105,-28,127,-77,-40,30,96,138,111
48,133,96,-77,-16,88,-51,-64,43,99,131,80
31,111,67,-80,-30,97,-67,-36,53,93,103,80
49,138,70,-87,-15,80,-74,-59,21,90,93,87
51,108,81,-43,-18,66,-54,-39,23,92,92,70
18,114,78,-78,-24,73,-30,-53,29,101,78,54
22,90,47,-73,-19,85,-74,-46,36,63,97,62
21,89,56,-45,-24,64,-42,-11,8,43,55,38
36,70,54,-56,-20,63,-33,-8,15,53,62,41
13,58,28,-29,-18,67,-24,-38,5,28,53,45
32,53,35,-32,0,60,-40,-16,24,49,57,51
1,42,52,-44,2,25,-19,-10,5,33,37,54
21,51,57,-22,19,50,-35,-20,2,20,62,45
1,63,36,-16,-17,16,3,-21,-1,32,48,30
-2,35,34,-31,3,30,-14,-16,7,43,40,22
24,15,8,-36,-18,21,-35,-16,20,10,21,20
7,23,20,5,-24,37,-15,-5,36,36,9,25
-3,44,13,-6,-18,21,-1,-28,24,19,-1,12
6,7,2,5,-14,33,-3,-1,3,16,6,32
11,-1,16,-10,10,-7,-3,-35,-14,-5,1,-7
-7,7,-7,15,-5,-22,8,1,-1,3,-1,8
0,-14,-21,26,-8,-12,-9,-1,-9,-19,-10,9
1,-50,-25,20,-3,-16,23,4,3,-4,-12,-10
0,-44,-36,32,-18,-28,14,-10,6,-46,-37,-18
-35,-52,-35,45,23,-46,43,20,-33,-60,-65,-18
-38,-80,-36,50,-4,-67,49,53,-11,-63,-55,-56
-43,-91,-63,69,28,-78,76,31,-45,-73,-90,-46
-11,-80,-68,88,20,-95,47,41,-26,-83,-99,-82
-52,-135,-67,79,38,-97,73,32,-21,-91,-91,-87
-49,-125,-99,86,19,-123,86,67,-46,-109,-118,-114
-59,-148,-86,92,23,-136,101,55,-53,-98,-128,-106
-63,-125,-71,97,23,-113,76,36,-49,-122,-139,-126
-27,-137,-85,89,41,-117,69,37,-56,-93,-106,-91
-24,-101,-86,75,21,-108,61,56,-6,-110,-106,-98
-39,-112,-69,66,18,-66,54,60,4,-84,-86,-45
-20,-56,-20,28,0,-21,36,5,-29,-32,-22,-33
14,13,-1,-2,-11,-3,11,-3,-17,-17,-12,-2
36,79,54,-60,-36,81,-35,-45,9,47,56,42
53,146,94,-112,-37,132,-80,-64,32,117,138,92
79,252,161,-156,-46,206,-127,-71,54,170,224,158
116,351,240,-245,-73,298,-183,-151,123,298,327,236
145,476,310,-312,-52,393,-250,-221,135,345,407,342
195,586,393,-399,-87,510,-321,-241,171,458,521,442
273,733,474,-485,-104,616,-374,-313,257,536,665,527
309,847,552,-570,-137,718,-461,-335,225,620,744,587
318,939,623,-674,-144,799,-515,-389,280,693,857,658
367,1034,671,-713,-136,876,-571,-395,306,780,941,712
371,1099,710,-732,-161,908,-605,-449,321,787,961,779
387,1123,762,-769,-167,936,-620,-435,347,859,1014,776
385,1164,765,-793,-154,945,-655,-441,329,867,1041,792
381,1130,713,-771,-163,940,-626,-456,335,844,1006,786
379,1078,700,-729,-152,902,-583,-433,328,799,982,770
366,999,654,-692,-159,844,-550,-420,307,744,877,707
299,911,587,-621,-117,745,-492,-361,275,681,832,622
301,790,494,-532,-92,639,-447,-317,210,591,708,553
235,657,433,-448,-98,556,-343,-282,193,495,565,480
171,521,330,-360,-70,427,-295,-214,139,410,447,388
147,406,262,-282,-54,342,-230,-157,100,329,366,304
87,268,165,-192,-66,204,-132,-98,73,211,274,191
53,140,116,-107,-16,116,-68,-74,38,106,152,93
36,65,51,-49,17,49,-24,-11,36,51,39,44
-12,-53,-26,55,46,-43,33,18,-15,-30,-37,-11
-29,-114,-75,82,1,-83,61,34,-24,-88,-96,-80
-92,-165,-114,119,16,-145,90,74,-61,-140,-155,-103
-75,-226,-132,126,31,-196,121,81,-80,-170,-190,-144
-86,-228,-144,165,16,-173,134,107,-83,-180,-236,-197
-103,-251,-175,183,19,-196,137,88,-60,-203,-222,-174
-76,-269,-174,180,33,-212,137,74,-70,-201,-224,-171
-72,-239,-151,160,25,-203,125,99,-76,-179,-211,-176
-86,-218,-136,149,72,-189,144,78,-55,-187,-209,-168
-49,-192,-144,153,31,-177,88,74,-65,-149,-166,-132
-57,-178,-93,131,18,-153,110,89,-63,-114,-146,-112
-43,-147,-93,104,40,-145,73,59,-40,-101,-123,-88
-49,-106,-65,60,15,-114,39,35,-32,-76,-103,-74
-37,-92,-57,69,13,-65,33,15,-34,-93,-78,-70
-13,-58,-42,71,14,-43,35,46,-26,-51,-52,-37
-9,-50,-25,43,2,-45,17,16,-18,-32,-50,-7
-3,-30,7,20,-2,-28,4,-3,-11,-14,-16,4
20,-20,10,4,34,-16,-3,-7,-14,-6,-4,-8
5,4,-3,-9,7,-3,-18,9,-7,-1,7,-3
-2,32,-1,-3,-23,13,-11,12,5,12,13,24
-3,9,16,-29,3,34,-25,-21,7,11,34,15
-4,20,-8,-30,5,8,-5,-4,-3,32,23,-10
17,10,18,-23,6,15,-5,-14,2,16,18,-6
11,7,38,-34,13,28,13,-13,31,22,20,6
28,68,44,-22,-14,41,-28,-16,30,32,46,32
27,51,20,-59,-5,34,-50,-18,27,37,55,23
21,49,56,-34,1,36,-28,-19,30,34,61,20
3,39,35,-37,-13,48,-14,-14,26,34,42,28
21,55,13,-48,-11,42,-32,-11,-14,21,52,42
1,59,41,-32,-33,51,-45,-29,7,37,34,37
14,73,55,-34,-8,67,-55,-10,22,47,57,32
2,61,45,-46,-17,49,-32,-31,25,36,62,42
38,51,46,-31,11,46,-34,-11,14,48,78,46
13,64,58,-45,-6,54,-27,-27,16,62,53,41
32,70,59,-53,-38,54,-52,-23,16,51,57,52
24,79,40,-62,-12,67,-46,-6,19,65,68,75
36,76,40,-54,-14,67,-30,-28,33,64,81,57
32,90,47,-72,-3,89,-58,-50,30,53,80,61
41,105,62,-77,-16,54,-54,-39,40,64,67,85
37,112,75,-62,-1,65,-39,-25,46,79,86,72
19,118,60,-50,-7,93,-56,-39,52,86,90,73
31,129,77,-67,-19,99,-79,-17,36,88,106,94
55,110,110,-83,-7,97,-72,-69,37,72,111,88
58,121,66,-80,-33,101,-83,-53,33,101,103,87
38,112,91,-99,-32,98,-95,-62,36,97,132,111
48,161,79,-104,-25,87,-103,-27,33,111,148,106
44,171,97,-113,-13,130,-103,-45,43,111,131,122
80,139,103,-120,-32,128,-96,-68,44,134,128,123
64,166,99,-116,-47,133,-88,-71,56,148,176,124
63,188,91,-134,-36,157,-89,-52,61,143,169,115
65,182,111,-120,-36,129,-101,-68,68,145,154,134
63,177,136,-138,-16,157,-125,-59,50,151,173,136
96,218,153,-117,-5,167,-124,-66,61,152,198,136
76,201,141,-148,-50,175,-116,-102,55,149,182,140
74,226,147,-146,-46,187,-128,-58,42,143,206,156
89,236,153,-165,-24,209,-122,-92,69,177,231,177
91,256,166,-156,-37,208,-141,-90,53,179,208,174
93,255,160,-163,-48,226,-145,-80,79,199,234,179
108,267,172,-190,-65,224,-150,-111,64,197,229,183
80,285,186,-172,-29,251,-145,-113,78,201,243,210
99,297,178,-208,-45,271,-169,-107,89,216,266,199
90,304,175,-215,-53,265,-152,-105,120,241,265,201
105,312,206,-207,-58,260,-154,-137,81,230,299,224
118,324,212,-212,-52,267,-186,-135,95,229,289,224
123,314,208,-241,-36,252,-184,-128,81,248,327,226
130,354,222,-238,-47,291,-180,-134,90,253,316,237
119,363,236,-257,-79,287,-203,-146,105,276,327,251
133,360,232,-246,-53,321,-203,-140,102,268,328,252
146,357,243,-256,-58,293,-197,-124,105,281,331,256
124,380,259,-265,-71,298,-204,-144,85,264,337,276
130,388,250,-256,-58,325,-194,-163,89,298,366,294
157,417,267,-274,-68,355,-235,-163,112,293,357,295
157,438,277,-294,-82,357,-244,-177,127,277,372,291
155,438,274,-269,-69,350,-230,-165,120,320,359,291
139,415,284,-290,-65,333,-222,-178,108,312,402,315
120,441,290,-303,-89,345,-242,-149,138,351,404,290
142,438,282,-320,-57,352,-250,-187,131,324,400,330
154,466,265,-298,-84,384,-235,-163,144,343,411,303
174,440,301,-309,-76,382,-250,-193,134,334,421,315
149,454,311,-288,-97,388,-264,-186,152,362,396,315
147,469,302,-315,-54,385,-258,-198,94,363,408,350
169,460,294,-336,-68,397,-247,-177,138,350,419,321
174,451,299,-297,-92,405,-255,-205,130,342,431,316
160,434,304,-339,-71,373,-268,-203,135,352,433,312
180,448,311,-319,-65,403,-275,-174,129,359,430,317
171,453,320,-351,-70,393,-258,-197,126,337,421,351
176,465,300,-313,-74,391,-268,-168,130,358,452,328
162,483,270,-317,-55,374,-276,-196,138,357,441,314
158,476,300,-318,-79,414,-238,-176,108,333,437,332
171,470,288,-318,-71,363,-261,-175,139,349,410,323
153,480,324,-299,-67,373,-232,-204,137,339,418,332
147,442,293,-292,-80,371,-268,-183,167,337,409,311
158,440,293,-313,-73,399,-254,-186,138,342,404,317
171,453,302,-321,-59,362,-243,-169,165,317,402,324
147,452,307,-281,-46,368,-242,-187,131,321,373,308
132,435,285,-309,-59,353,-239,-172,126,311,385,311
142,442,274,-301,-48,366,-224,-188,132,318,357,285
156,412,270,-289,-56,348,-253,-177,113,291,392,300
175,413,272,-270,-51,320,-234,-163,113,293,377,275
125,396,273,-272,-83,330,-211,-156,104,311,378,276
150,380,246,-273,-59,311,-206,-152,129,297,340,285
123,378,235,-241,-56,315,-198,-148,107,265,345,255
117,390,224,-270,-54,311,-207,-148,121,303,350,259
118,349,234,-251,-75,302,-226,-139,106,249,319,244
110,332,255,-236,-51,290,-190,-115,103,258,300,229
120,325,235,-250,-51,281,-177,-113,96,264,295,250
103,334,223,-234,-44,250,-188,-126,86,251,299,230
112,290,193,-192,-64,280,-160,-153,59,246,284,242
100,294,211,-208,-38,277,-172,-118,104,223,275,220
114,299,182,-192,-44,233,-166,-86,94,205,266,222
104,291,172,-195,-47,230,-166,-126,97,202,263,200
101,281,204,-198,-35,215,-138,-111,93,180,253,200
85,269,170,-166,-42,231,-142,-128,90,199,235,185
84,243,172,-169,-42,201,-120,-91,60,183,238,173
50,217,157,-156,-28,190,-150,-105,63,170,226,169
76,200,138,-140,-32,181,-132,-102,79,170,213,156
64,224,162,-151,-26,193,-110,-98,52,164,194,151
74,203,129,-108,-38,177,-92,-83,91,155,186,147
63,192,129,-117,-48,161,-114,-68,36,145,180,140
84,179,112,-147,-17,146,-78,-101,56,123,165,127
65,156,94,-123,-16,130,-101,-65,57,122,152,141
55,152,103,-101,-34,130,-79,-52,46,118,151,103
53,142,96,-112,-10,124,-69,-74,27,117,121,110
30,160,70,-99,-21,126,-65,-50,41,114,148,109
40,127,80,-77,-13,122,-84,-36,43,94,104,109
55,130,56,-86,-18,80,-66,-60,28,108,107,101
41,118,82,-75,-9,78,-73,-54,33,98,101,81
48,115,64,-57,-23,92,-46,-35,46,82,82,71
17,107,62,-66,-22,71,-45,-45,26,64,103,60
32,86,62,-59,-6,84,-65,-40,27,45,93,67
16,91,40,-76,-26,82,-34,-36,31,76,99,83
36,90,43,-41,-3,51,-49,-10,39,50,82,28
26,72,38,-58,-23,61,-34,-42,19,59,68,33
23,66,44,-60,-7,47,-40,-38,21,37,72,37
19,44,39,-30,-7,32,-49,-26,13,32,73,28
14,53,30,-24,12,32,-2,-22,18,51,48,44
32,18,35,-17,-13,38,-40,-43,25,55,55,25
3,50,22,-37,-15,31,-21,-30,3,26,58,39
17,52,26,-41,2,42,-57,3,22,25,32,53
19,6,15,-25,-4,43,-13,-6,21,41,46,12
26,28,-7,-18,22,45,-33,-9,-2,5,16,15
14,50,9,-27,0,27,-6,-6,-6,41,12,22
-1,45,11,-5,4,30,-5,-13,-3,19,44,11
14,39,16,-20,-19,5,-22,-4,12,32,2,24
-5,2,13,7,-1,24,-5,8,5,1,21,6
-17,16,33,-10,3,7,7,-5,-23,10,16,10
-5,13,16,-44,4,10,-1,-13,12,23,37,16
11,5,-1,-6,-11,14,-1,-9,-22,11,13,8
17,16,7,-19,9,13,15,11,-17,-1,-5,14
3,-8,-2,6,-14,-14,8,4,-4,14,15,3
6,25,-2,8,-3,8,9,-21,8,2,6,4
-9,11,-5,-11,16,19,2,-3,-4,-11,5,-12
11,10,-11,22,7,-6,-12,17,-8,10,8,4
6,29,6,14,-23,1,7,-14,3,-15,3,-11
5,-4,2,3,13,8,10,-7,17,10,-13,-2
12,10,-9,2,2,-4,6,-4,0,1,-1,-6
-9,-5,12,-15,-10,-6,4,8,-39,-12,1,-2
11,2,-13,2,-7,-9,-11,17,16,2,-22,-1
4,7,6,-7,-3,-9,3,21,-11,-14,-12,-2
-4,-8,-3,-5,1,-3,5,-15,-15,3,1,-15
-7,-8,-16,13,-1,1,10,7,-10,-1,12,-18
7,-28,-6,23,-1,-12,1,12,-2,-26,-6,-10
-4,7,-19,-13,-4,6,1,13,1,-11,4,-1
-7,6,-1,10,-6,4,11,11,9,20,-12,-9
1,-14,-15,31,5,-6,22,-1,-10,18,-4,-5
7,-31,-6,13,-17,-26,-21,-13,16,-16,-7,1
-9,0,-3,-5,-2,2,9,-4,-7,9,-10,2
12,-25,-12,12,8,24,-1,-8,20,-3,0,-8
5,-11,-4,18,-8,-1,-8,6,3,27,-3,-8
-7,-11,5,2,-6,-12,1,-6,-19,-17,-30,1
29,-3,-21,10,-30,-9,26,-4,6,2,-14,-15
-19,-7,-6,3,9,-31,-16,-32,-9,-13,-10,15
7,-6,16,5,2,1,11,-2,5,-17,2,-14
3,-2,17,-14,-18,-10,16,0,-16,-16,-6,1
0,3,-3,-9,3,-8,-12,2,-5,-7,-3,-9
-12,12,-9,-5,3,20,-12,-7,-19,-13,13,-11
-12,18,-1,1,1,-1,4,-18,16,4,-5,-11
5,-27,-12,7,16,7,17,4,-21,-11,-5,-18
8,-8,-2,15,2,7,0,8,-3,-2,-9,31
0,-9,3,-2,22,-10,-5,-15,-35,-5,-10,-12
4,-2,18,5,-14,32,8,-3,-18,-11,-28,-4
-7,14,1,-5,20,5,-25,0,-1,19,7,12
-6,5,-10,0,-11,-5,11,-4,-13,4,16,-12
0,20,0,12,8,24,-12,-21,17,-15,-16,-7
-21,7,-12,6,5,8,33,14,-3,-5,-8,4
-14,-12,-22,5,-1,10,-3,-11,-10,-20,8,24
-5,-21,7,-20,21,7,22,9,17,9,-4,-13
22,-9,28,-7,5,11,32,-1,-21,13,14,5
25,-4,0,3,-21,19,2,15,5,0,6,2
-8,1,7,-18,6,-2,6,-11,13,0,-3,23
-8,11,-17,1,-12,-1,-4,11,-12,3,3,8
-3,8,18,5,1,-12,-19,12,10,-3,-17,-4
3,23,11,-7,-3,-9,-2,9,-1,6,27,11
-1,-7,8,3,1,2,-22,-8,6,-5,3,-4
3,-3,29,-33,4,2,-5,-5,16,3,13,3
11,0,11,-10,-15,-9,6,0,4,24,9,10
5,10,-2,-21,1,13,-13,-1,19,1,19,6
-5,-2,27,-37,-2,46,-21,10,8,-2,24,6
6,17,12,-27,10,21,-21,-10,26,15,-6,23
-14,45,19,-11,-4,15,-22,1,-1,17,17,31
32,24,31,-24,-7,12,-30,-25,0,16,36,19
5,34,23,-15,-11,44,-29,-37,12,36,45,1
15,60,7,-36,5,57,-17,-28,16,33,58,46
11,43,31,-47,-29,45,-46,-29,4,29,50,32
-5,73,40,-44,-17,53,-31,-26,4,56,89,44
13,60,37,-38,3,54,-43,-27,24,49,63,53
38,58,48,-57,-8,62,-48,-50,37,42,59,34
33,91,50,-47,8,63,-37,-13,19,31,47,68
27,55,62,-64,-27,67,-49,-45,29,86,77,70
12,111,68,-79,-2,102,-62,-21,29,76,114,57
36,119,52,-57,-9,102,-64,-27,35,98,100,87
56,119,48,-104,-22,94,-66,-48,28,82,105,75
40,112,60,-83,2,119,-65,-57,34,94,119,92
63,124,86,-82,-15,115,-75,-59,48,76,120,93
61,152,119,-99,-10,132,-70,-58,61,99,138,113
53,150,113,-97,-7,109,-98,-53,49,135,147,106
29,190,113,-124,-20,141,-75,-63,56,128,127,130
64,180,108,-132,-31,155,-98,-62,47,145,130,135
67,169,146,-132,-21,144,-114,-83,63,149,188,128
65,210,120,-143,-40,176,-98,-70,54,138,180,136
70,210,118,-162,-13,190,-119,-91,80,146,179,176
77,212,130,-162,-36,168,-123,-76,74,159,198,155
101,222,142,-164,-25,186,-116,-71,85,180,195,161
91,238,168,-165,-38,204,-137,-99,71,157,194,172
73,246,162,-182,-36,191,-148,-91,65,197,199,165
96,245,176,-176,-43,214,-126,-93,73,194,238,179
70,267,182,-191,-27,213,-133,-94,51,204,230,185
92,288,187,-169,-23,213,-149,-107,71,174,235,186
75,262,147,-173,-19,212,-145,-119,72,219,252,197
96,290,196,-198,-40,225,-155,-119,77,213,252,194
86,282,186,-208,-47,230,-180,-103,60,215,248,220
88,299,180,-221,-41,237,-177,-118,97,202,259,206
87,306,189,-197,-43,223,-162,-115,88,211,247,208
135,277,202,-175,-48,227,-162,-118,81,226,246,181
91,260,186,-193,-19,248,-172,-110,86,222,258,197
108,278,176,-195,-45,238,-155,-84,88,204,246,192
91,277,182,-199,-49,242,-158,-108,96,214,244,166
94,276,194,-186,-49,199,-138,-94,85,209,249,206
107,248,182,-192,-56,210,-158,-113,97,187,220,187
102,250,178,-167,-17,229,-156,-105,81,174,210,160
94,240,161,-175,-58,211,-142,-114,74,184,242,190
71,254,143,-170,-48,202,-128,-90,71,191,221,145
85,247,134,-157,-33,209,-139,-97,74,195,209,138
99,229,137,-144,-50,197,-106,-85,75,180,196,139
94,235,123,-153,-23,165,-102,-107,61,157,207,144
93,207,136,-135,-50,172,-111,-74,64,151,171,146
92,216,120,-134,-38,139,-111,-59,57,155,153,128
59,189,118,-112,-30,148,-79,-62,52,122,134,112
62,172,106,-105,-34,151,-93,-71,27,127,162,121
47,127,104,-105,-22,115,-65,-57,32,123,138,120
41,137,78,-110,-29,90,-89,-43,51,97,145,91
55,153,73,-115,-27,100,-68,-48,30,96,128,73
42,147,73,-79,-23,85,-68,-51,31,99,110,58
42,126,49,-85,-16,103,-49,-61,26,81,96,78
25,100,74,-61,10,71,-59,-31,44,78,90,77
40,104,63,-56,-3,99,-60,-52,42,70,98,56
13,86,34,-66,12,87,-40,-19,39,54,81,59
14,100,70,-46,3,40,-43,-20,21,53,56,38
40,55,37,-57,-17,69,-40,-35,26,41,56,61
-4,61,43,-38,-23,46,-35,-40,19,41,43,37
-2,65,33,-52,-8,19,-37,-35,7,40,42,51
12,58,50,-14,-1,36,-23,-12,15,39,9,23
-2,52,4,-31,-8,40,-22,-20,1,15,54,7
6,63,27,-38,-17,35,-7,-4,16,24,37,15
7,24,13,-36,-6,13,-29,-12,-10,22,14,12
44,30,18,-18,-17,21,4,11,7,5,39,32
4,13,11,-7,-1,-10,-6,-18,-9,2,1,26
6,48,1,-16,-21,14,-1,2,19,17,10,11
6,11,14,-4,-15,-7,1,-3,14,3,14,7
-7,3,-17,-2,-12,-13,-2,-9,13,-17,0,12
-1,5,15,0,-9,-10,22,-6,-11,14,-6,-13
-12,-1,-32,16,22,-6,-18,-13,-13,-27,-5,0
-29,-44,-20,31,7,-34,27,9,0,-40,-6,-16
-12,-35,-25,23,1,-37,27,21,-26,-9,-50,-14
6,-37,-29,33,5,-32,32,11,-13,-52,-32,-31
-14,-64,-26,45,-2,-44,40,15,-28,-66,-81,-44
-37,-66,-54,50,19,-79,60,12,-26,-64,-74,-52
-26,-101,-41,49,24,-71,38,51,-27,-75,-96,-41
-36,-107,-57,75,20,-101,59,36,-29,-94,-121,-107
-46,-153,-78,113,-14,-116,70,54,-57,-103,-122,-105
-62,-128,-95,104,23,-121,79,50,-27,-126,-128,-102
-45,-176,-111,120,27,-125,88,64,-28,-117,-134,-119
-55,-165,-97,122,28,-144,96,50,-39,-130,-136,-119
-54,-185,-118,90,22,-126,87,45,-33,-113,-145,-116
-65,-173,-118,92,15,-153,92,54,-56,-136,-155,-100
-64,-151,-91,103,14,-143,86,70,-45,-106,-121,-109
-70,-106,-82,95,17,-99,61,31,-41,-88,-107,-66
-13,-69,-57,51,36,-75,44,17,-26,-43,-76,-56
-8,-34,-16,20,-20,-27,23,8,-22,-34,-10,-28
26,25,9,-44,1,26,-7,-6,29,35,30,18
37,143,70,-118,-8,99,-78,-30,15,62,104,108
71,203,147,-160,-34,180,-100,-98,65,162,177,168
122,334,203,-208,-56,276,-174,-127,90,232,278,245
146,450,302,-293,-63,381,-210,-161,100,350,393,316
180,515,348,-363,-106,452,-301,-214,180,428,479,393
246,673,436,-491,-113,549,-371,-301,215,488,599,467
275,782,491,-519,-130,640,-420,-323,251,605,742,548
309,901,604,-578,-132,725,-494,-373,259,644,820,623
363,980,638,-677,-137,810,-548,-394,314,755,875,686
358,1066,685,-728,-165,869,-583,-447,322,811,930,730
382,1123,720,-727,-153,937,-612,-443,344,829,988,789
397,1132,739,-753,-170,922,-620,-434,355,830,1009,796
396,1088,719,-741,-166,925,-601,-438,330,836,978,773
368,1062,669,-697,-132,847,-582,-428,293,775,948,736
328,974,614,-663,-133,792,-525,-372,298,740,854,665
315,884,541,-586,-150,710,-468,-337,262,647,782,611
259,766,500,-504,-114,624,-423,-286,207,568,688,538
205,643,423,-463,-106,507,-359,-271,185,488,552,445
173,501,332,-356,-90,409,-270,-190,140,365,454,343
137,363,238,-242,-55,301,-203,-150,105,288,333,279
74,233,179,-162,-31,208,-136,-94,67,185,205,190
48,116,87,-112,-24,95,-57,-61,31,103,122,99
0,31,17,-13,-7,23,-26,-18,4,25,16,6
-18,-83,-34,45,7,-31,34,43,-8,-60,-31,-40
-39,-122,-76,88,14,-86,68,68,-44,-116,-119,-95
-70,-184,-129,124,45,-175,100,97,-75,-142,-169,-110
-109,-239,-150,172,53,-219,145,87,-85,-198,-210,-160
-81,-273,-193,146,46,-213,132,108,-90,-203,-242,-169
-90,-296,-190,205,36,-244,170,121,-76,-216,-269,-216
-91,-271,-179,205,25,-250,135,127,-74,-213,-255,-222
-121,-279,-176,177,29,-232,162,123,-76,-202,-253,-191
-93,-258,-181,183,53,-217,140,117,-81,-194,-220,-196
-113,-258,-141,152,23,-197,156,103,-68,-186,-223,-169
-93,-232,-159,163,43,-182,130,100,-70,-180,-202,-136
-60,-210,-125,131,56,-163,93,81,-67,-131,-150,-118
-36,-171,-119,128,36,-129,88,66,-44,-138,-152,-109
-38,-131,-105,90,21,-100,63,52,-44,-91,-128,-98
-70,-112,-85,54,2,-112,58,49,-17,-89,-99,-69
-18,-77,-63,53,43,-79,52,21,-35,-78,-84,-58
-37,-68,-31,49,3,-89,42,24,-15,-56,-90,-43
-27,-71,-39,37,10,-42,27,-12,-17,-19,-57,-34
-10,-76,-27,15,24,-43,42,25,-3,-20,-41,-26
-14,-12,-25,40,-8,-19,12,31,-15,-34,-14,-16
-19,-30,-6,45,9,-37,19,25,-33,-9,-25,-18
20,-17,-19,8,-5,-15,3,15,-13,-9,5,-15
13,5,-7,-9,15,-3,8,1,6,-21,-18,-17
14,12,-5,-1,5,-28,17,12,-21,5,0,14
10,12,2,-1,-12,-12,13,-10,4,-9,-12,-10
-8,-18,-23,-18,-14,-8,13,4,3,3,-10,8
-11,14,17,-16,-11,-2,-21,-5,17,21,10,-14
17,25,-13,-13,1,6,10,5,-7,6,5,12
-7,14,-10,-6,-7,4,4,5,6,23,-11,32
-2,3,20,-17,-12,19,-12,7,4,11,22,7
-4,32,-4,-2,2,5,-10,-16,10,16,14,6
8,26,17,4,-11,16,-3,-9,9,23,-9,19
9,28,26,-23,-2,26,-16,2,-11,-11,7,27
12,27,21,-11,-13,13,-15,-11,25,16,2,9
20,47,25,-24,-29,37,-16,-9,10,30,12,43
5,33,26,-5,-14,14,-33,1,16,24,21,37
19,28,27,-27,2,35,-36,-30,13,31,55,42
4,64,33,-33,-5,36,-21,-6,12,44,34,41
18,44,22,-42,1,47,-8,-43,-8,50,44,29
38,72,22,-53,-8,33,-23,-22,35,30,60,58
29,73,34,-48,-17,54,-21,-16,26,63,43,106
22,71,79,-39,-19,68,-24,-17,28,47,72,46
25,78,50,-64,-22,60,-49,-6,19,54,77,63
33,102,39,-39,-12,79,-52,-26,68,54,90,55
23,97,62,-84,-21,99,-42,-18,58,82,99,70
42,127,68,-60,-28,99,-43,-25,56,66,82,84
52,131,61,-74,-16,99,-64,-53,51,88,116,77
44,121,75,-69,-3,91,-59,-54,35,82,90,89
38,111,89,-89,-23,110,-92,-68,17,92,100,99
42,147,98,-101,-17,89,-82,-43,42,97,119,105
54,123,118,-112,-26,121,-93,-61,51,88,135,90
48,143,123,-108,-44,120,-93,-55,59,125,130,101
47,162,105,-92,-23,137,-79,-68,47,123,163,115
46,158,129,-104,-29,142,-80,-92,36,130,144,113
57,194,108,-127,-35,149,-133,-62,58,142,166,135
76,190,134,-147,-32,157,-110,-89,62,145,174,126
62,205,149,-135,-4,149,-114,-70,50,169,199,142
64,204,111,-162,-38,170,-127,-73,83,155,166,146
59,216,162,-185,-39,183,-126,-111,75,162,195,167
93,225,148,-171,-31,204,-118,-102,51,186,231,143
87,244,166,-179,-40,217,-131,-96,78,191,219,202
76,251,158,-168,-43,199,-174,-88,82,178,218,178
84,297,174,-184,-49,217,-169,-114,75,224,249,195
100,291,182,-180,-45,221,-155,-90,80,209,272,203
114,302,198,-188,-65,238,-173,-107,94,226,252,174
110,290,199,-190,-54,258,-133,-115,82,225,284,222
96,295,188,-210,-35,264,-187,-98,86,247,269,211
147,318,207,-216,-47,277,-191,-120,106,246,287,226
115,339,210,-222,-66,279,-180,-114,110,240,280,239
109,344,212,-226,-49,283,-189,-129,93,230,323,246
104,362,238,-244,-64,281,-211,-156,103,258,303,262
105,357,223,-261,-57,327,-205,-154,103,276,320,242
136,366,225,-258,-64,320,-210,-150,135,274,346,265
145,378,242,-274,-90,320,-197,-153,108,288,353,237
139,372,253,-250,-41,303,-227,-147,112,312,294,252
148,381,260,-264,-51,308,-214,-174,114,293,342,265
146,402,264,-282,-55,311,-215,-159,124,282,341,283
164,398,266,-285,-59,309,-224,-164,91,287,370,295
150,412,235,-266,-62,333,-228,-158,127,318,386,282
150,395,255,-285,-60,353,-206,-176,115,293,357,298
159,412,255,-290,-67,344,-224,-183,135,298,359,298
160,401,269,-300,-64,349,-240,-152,124,314,378,274
158,415,265,-307,-41,334,-230,-174,123,308,385,298
136,420,292,-287,-63,327,-225,-147,157,314,397,284
146,421,258,-294,-61,356,-222,-170,131,319,376,298
159,411,275,-290,-69,333,-248,-177,127,322,365,283
143,432,284,-275,-78,359,-246,-184,120,327,364,308
157,423,272,-265,-57,367,-255,-165,124,325,363,275
138,419,260,-267,-63,341,-247,-150,122,315,403,286
159,412,269,-277,-49,327,-228,-183,117,318,371,273
158,406,259,-295,-51,353,-236,-164,149,307,383,286
163,405,261,-287,-38,334,-225,-162,126,297,352,286
138,399,247,-290,-69,339,-197,-154,145,322,375,305
131,389,240,-248,-54,322,-224,-162,104,300,341,297
130,393,263,-269,-72,330,-232,-139,118,301,376,261
135,394,263,-252,-75,314,-211,-134,129,276,366,248
131,386,250,-264,-62,320,-211,-164,99,283,333,238
128,365,224,-241,-66,299,-214,-161,98,279,342,273
128,365,240,-238,-42,287,-214,-159,125,256,316,278
123,353,218,-252,-57,294,-192,-140,104,271,324,235
118,342,215,-253,-36,293,-183,-139,110,243,317,239
134,331,208,-219,-47,271,-159,-134,123,236,302,238
122,294,225,-214,-44,264,-161,-118,106,224,277,204
107,288,205,-209,-19,240,-176,-148,121,219,269,205
97,298,201,-173,-34,230,-177,-144,82,218,266,222
123,296,178,-192,-63,246,-177,-116,109,224,259,204
132,265,170,-197,-30,236,-148,-106,95,193,237,197
107,263,178,-174,-50,251,-148,-114,48,200,241,178
91,248,154,-169,-73,185,-144,-83,55,179,229,190
68,224,178,-149,-36,205,-137,-71,77,200,233,176
89,233,147,-151,-23,183,-103,-98,86,186,193,168
64,190,170,-153,-45,191,-119,-99,84,162,201,178
61,201,126,-150,-48,185,-110,-72,52,161,200,166
66,213,127,-151,-12,173,-102,-78,29,160,149,136
81,186,106,-127,-10,172,-102,-79,76,145,173,128
35,193,125,-120,-28,136,-93,-76,64,126,162,137
29,154,86,-126,-9,136,-88,-50,62,128,158,112
68,158,111,-98,-27,146,-78,-56,42,115,156,100
59,154,106,-81,-24,94,-67,-73,43,104,138,104
34,137,88,-79,-40,119,-69,-77,15,97,129,91
76,99,81,-83,-44,93,-78,-53,50,86,109,92
29,104,82,-82,-24,79,-77,-47,19,82,110,103
56,103,86,-67,-10,80,-57,-54,33,63,87,68
25,80,48,-55,-16,86,-39,-26,38,65,69,72
30,72,45,-61,1,77,-55,-38,12,79,68,62
40,76,44,-44,-20,66,-41,-17,34,61,65,35
7,72,47,-65,-22,54,-37,-16,9,33,54,49
42,67,42,-31,0,47,-24,-41,15,53,46,25
22,48,41,-11,-2,23,-32,-43,7,29,78,30
6,30,18,-27,3,28,-40,-18,16,13,56,23
-5,55,22,-41,-7,14,-20,-13,-2,13,30,32
18,41,11,-18,-21,12,0,-2,23,43,20,19
-3,-10,4,-19,-1,6,-30,-33,-8,16,17,16
2,4,36,-15,5,27,-23,-17,2,23,13,-10
10,-10,-9,-13,9,-8,-6,-13,0,6,26,14
33,18,14,-4,1,-2,3,-4,8,-10,5,-1
5,9,4,-10,-8,5,-3,-19,3,-11,-4,15
11,-16,-26,25,-2,-4,-3,9,-14,18,-19,-7
0,-9,-13,-13,26,1,11,12,0,-6,9,2
-2,1,5,2,3,-11,19,2,3,-24,-30,0
-23,-19,-4,9,3,-14,-11,20,22,-27,-17,-18
12,-31,-11,26,-16,-27,13,17,5,-9,-22,-21
-21,-30,-28,33,7,-20,18,9,-9,-19,-11,-16
-2,-12,-44,38,10,-26,15,40,-24,-21,-25,-25
15,-21,-6,27,-5,-3,38,38,-18,-27,-18,-14
-28,-46,-36,36,0,-24,29,24,-14,-13,-33,-13
-24,-38,-33,39,13,-26,22,12,-3,-27,-21,-25
-5,-36,-54,9,7,-53,19,29,-16,-23,-39,-28
-18,-47,-38,36,-16,-56,24,14,-27,-46,-20,-15
-1,-20,-18,27,5,-34,39,16,-14,-32,-26,-37
-15,-63,-16,28,8,-37,25,-3,4,-43,-38,-17
-25,-46,-42,34,6,-46,26,22,-30,-36,-33,-51
-29,-49,-15,20,-3,-46,16,19,-28,-63,-52,-34
-7,-58,-48,35,5,-52,35,3,-16,-58,-61,-36
-17,-57,-22,59,8,-43,35,30,-25,-40,-61,-35
4,-45,-42,36,7,-45,39,36,-23,-36,-59,-40
-1,-68,-41,39,6,-48,33,8,-2,-29,-63,-48
-46,-83,-48,15,3,-74,33,32,-6,-27,-35,-35
-35,-48,-33,64,19,-67,18,47,-23,-41,-49,-39
-32,-45,-28,33,11,-64,30,32,-21,-48,-67,-26
-27,-69,-58,71,-3,-32,13,50,-17,-35,-52,-26
-34,-38,-45,34,3,-46,17,-5,-1,-35,-57,-45
-15,-59,-47,53,-6,-47,19,31,-1,-43,-66,-46
-16,-48,-34,66,8,-49,37,33,-15,-39,-42,-56
-23,-70,-23,51,23,-70,22,25,-13,-51,-49,-64
-37,-82,-56,28,2,-59,47,27,-17,-30,-49,-34
-9,-49,-68,38,17,-44,34,20,-18,-46,-69,-21
-10,-60,-49,41,13,-51,33,15,-19,-50,-59,-52
-29,-61,-36,34,21,-47,24,39,-34,-48,-63,-66
-24,-39,-37,42,21,-58,12,33,-32,-43,-58,-62
-37,-79,-25,49,4,-47,25,24,-20,-40,-79,-24
-19,-49,-30,52,-8,-32,45,26,-15,-36,-51,-39
-32,-60,-41,35,17,-43,39,34,-15,-46,-56,-28
-26,-57,-64,39,1,-78,18,8,-34,-53,-57,-52
-43,-53,-40,68,-1,-32,11,12,-18,-29,-63,-44
-9,-62,-44,28,-2,-59,42,8,-23,-68,-64,-22
-16,-54,-45,44,44,-52,33,25,-40,-55,-59,-61
-26,-68,-27,42,9,-64,39,16,-42,-48,-53,-50
-21,-66,-45,53,-15,-46,47,24,-22,-70,-45,-36
-23,-53,-19,52,5,-57,45,26,-8,-42,-50,-43
-15,-50,-50,48,24,-76,18,14,-13,-34,-62,-58
-9,-83,-18,36,6,-74,36,43,5,-42,-43,-67
-4,-51,-53,54,7,-72,28,37,1,-58,-36,-40
-41,-76,-41,34,-1,-53,31,37,-16,-61,-66,-43
-19,-50,-46,40,30,-39,24,12,-47,-33,-42,-50
-29,-67,-47,40,24,-65,50,28,-16,-54,-28,-54
-24,-40,-43,49,17,-47,39,35,-22,-47,-60,-58
-46,-45,-28,17,9,-53,26,32,-34,-35,-35,-49
-5,-93,-34,24,12,-42,16,22,-16,-21,-47,-60
-27,-42,-23,32,8,-31,39,17,-20,-5,-42,-33
1,-45,-38,51,2,-52,16,29,-5,-38,-55,-32
-1,-41,-32,30,-7,-37,30,29,-21,-26,-45,-37
-24,-52,-15,51,2,-68,27,17,-19,-22,-53,-36
-23,-29,-45,51,3,-57,5,2,-28,-4,-19,-44
-15,-28,-15,51,-12,-34,32,20,5,-46,-32,-52
-28,-52,-29,18,15,-41,31,4,-11,-31,-25,-22
-9,-30,-14,33,21,-34,14,24,6,-18,-64,-39
-7,-55,-27,17,-18,-27,37,22,-21,-34,-48,-32
-29,-61,-27,-7,9,-36,30,14,-18,-20,-22,-21
-19,-30,-42,21,1,-13,25,12,15,-47,-28,-19
-8,-26,-10,29,2,-39,20,8,-19,-37,-47,-31
-3,-26,-40,19,2,0,-5,-1,-18,-7,0,-4
-24,-5,-26,-11,8,19,-6,11,-19,-11,-30,-6
-33,17,-8,25,-2,-29,19,16,-1,-25,19,19
-4,-9,-1,14,-14,11,-23,5,-6,-1,6,9
10,22,-10,1,-5,-6,8,-13,23,-20,4,11
45,15,-18,-14,8,-7,-5,5,13,5,-8,11
19,17,-3,-3,7,7,-3,-12,-1,-13,6,4
-9,18,26,-34,-41,27,-3,5,12,10,23,10
25,32,-13,-24,-8,54,-14,4,19,40,26,25
9,33,34,-29,-10,42,-46,-6,27,33,55,27
20,62,43,-34,-11,31,-28,-18,26,37,42,19
19,56,38,-31,-43,76,-36,-27,29,55,35,67
37,64,41,-71,-25,47,-27,-40,35,31,73,58
16,83,39,-55,0,59,-50,-60,22,67,71,54
53,84,53,-63,-14,86,-45,-41,27,84,84,57
35,104,57,-94,-32,80,-58,-53,45,83,94,65
57,101,79,-101,-29,98,-52,-44,37,96,101,87
38,141,82,-76,5,93,-62,-52,38,84,101,89
49,144,91,-100,-4,117,-78,-73,62,110,132,114
71,150,107,-102,-44,129,-75,-53,39,103,143,87
62,147,100,-103,-31,129,-79,-67,29,121,146,122
65,169,108,-109,-10,138,-88,-78,38,117,139,123
57,161,117,-122,-41,144,-113,-56,59,134,180,126
70,207,120,-145,-37,153,-89,-72,42,144,166,123
70,205,139,-119,-25,153,-100,-63,58,131,151,140
67,196,133,-141,-29,175,-134,-79,62,151,194,155
81,213,140,-152,-42,168,-119,-86,57,140,198,130
67,216,125,-152,-34,177,-97,-81,84,167,173,171
69,216,142,-134,-25,181,-115,-113,50,145,186,131
70,230,144,-162,-9,177,-129,-103,63,153,217,140
88,220,157,-170,-38,206,-129,-90,61,167,213,145
70,230,170,-158,-41,195,-112,-75,77,172,201,155
71,215,155,-166,-51,170,-111,-71,58,164,190,160
65,224,148,-154,-37,195,-130,-103,70,171,200,157
85,232,152,-135,-25,179,-129,-86,83,165,211,161
68,224,144,-147,-23,189,-127,-95,51,170,195,179
52,214,149,-149,-40,159,-117,-95,55,167,196,139
78,216,170,-136,-28,175,-100,-80,57,160,201,156
91,208,151,-133,-27,173,-114,-84,68,157,191,164
73,207,116,-146,-18,174,-93,-87,59,148,186,154
57,196,104,-133,-11,136,-117,-87,67,142,172,116
46,173,115,-121,-23,123,-105,-87,70,130,162,142
59,167,95,-109,-24,146,-103,-85,68,126,173,129
57,163,107,-127,-1,159,-84,-49,46,118,152,99
71,140,96,-125,-16,115,-67,-56,56,139,146,96
44,148,106,-116,0,123,-100,-58,41,106,103,100
59,122,104,-81,-33,98,-89,-53,50,90,126,111
46,121,69,-95,-35,87,-73,-55,45,90,102,88
30,100,52,-66,-16,100,-40,-45,33,80,104,82
15,88,76,-42,0,60,-61,-45,43,79,89,54
31,75,64,-38,-18,75,-24,-33,27,48,90,57
12,49,45,-40,16,55,-59,-29,49,53,49,37
27,57,36,-50,18,43,-29,-34,26,44,58,34
10,31,23,-8,-8,55,-6,-17,19,37,23,32
0,49,21,-20,11,36,1,-17,-1,33,59,29
-8,28,9,-43,-14,29,-20,6,27,7,26,21
-4,31,12,-13,-6,12,-30,-6,14,9,25,20
-5,12,-4,-11,-13,3,10,-12,-10,-16,-19,5
-2,6,3,6,-4,1,-20,4,21,5,-6,-3
5,-10,0,8,19,15,16,7,-1,3,-13,0
-17,-30,-20,6,-2,-4,10,1,-13,-22,-4,-13
-7,-19,-30,4,-6,-14,29,-4,-15,-41,7,-22
-16,-33,-4,0,0,-16,14,8,-23,-17,-27,-32
-13,-37,-13,29,-1,-12,18,21,-15,-17,-28,-38
-14,-38,-28,12,-3,-27,-6,20,-34,-43,-40,-18
-5,-68,-9,46,1,-24,26,41,-10,-45,-56,-21
-25,-28,-23,38,1,-37,17,32,-13,-58,-43,-10
-37,-75,-41,18,11,-8,14,15,-16,-53,-45,-60
-25,-56,-49,28,19,-53,18,11,-29,-68,-75,-44
-30,-80,-50,41,22,-70,31,24,-21,-46,-79,-27
-23,-90,-48,86,3,-41,46,37,-13,-74,-52,-45
-13,-98,-53,67,15,-76,52,31,-18,-51,-67,-52
-39,-93,-47,73,7,-94,65,51,-53,-68,-88,-70
-41,-111,-92,78,10,-88,54,46,-26,-91,-99,-74
-33,-125,-95,104,19,-93,83,32,-51,-78,-108,-96
-37,-151,-87,68,28,-101,103,79,-53,-107,-130,-105
-65,-150,-101,115,15,-127,62,51,-49,-117,-134,-108
-41,-145,-108,137,1,-136,106,71,-33,-133,-169,-93
-59,-184,-117,130,6,-168,115,78,-56,-141,-186,-146
-94,-190,-132,131,23,-189,128,95,-61,-169,-182,-156
-102,-239,-156,149,27,-199,102,110,-72,-162,-208,-157
-81,-230,-163,164,49,-187,146,91,-76,-191,-224,-154
-100,-263,-165,158,26,-205,141,113,-94,-180,-230,-174
-123,-253,-167,172,38,-203,134,88,-59,-199,-222,-159
-81,-250,-139,155,26,-197,134,79,-66,-176,-217,-164
-61,-220,-131,129,21,-175,106,72,-51,-173,-191,-127
-87,-166,-119,118,23,-158,82,72,-30,-158,-162,-136
-37,-153,-84,92,24,-123,83,70,-35,-104,-142,-107
-16,-79,-56,65,-5,-76,57,46,-11,-65,-83,-52
-37,-14,4,8,15,-10,32,-13,17,-6,-22,-6
27,75,43,-41,11,51,-59,-8,21,21,69,42
73,155,116,-108,-3,149,-85,-64,51,112,141,122
109,267,173,-180,-27,212,-129,-116,60,204,204,175
133,398,260,-281,-75,307,-233,-149,115,289,367,277
174,501,319,-341,-84,448,-273,-230,174,392,466,362
205,640,438,-432,-89,536,-363,-263,189,460,577,458
270,756,489,-517,-114,626,-408,-298,230,581,687,527
289,862,553,-589,-143,734,-477,-341,264,620,782,585
312,949,608,-639,-145,788,-521,-395,285,705,845,662
371,1004,647,-685,-148,822,-536,-418,305,755,903,691
367,1050,675,-700,-147,854,-562,-426,298,780,939,743
359,1067,677,-712,-163,866,-574,-421,323,783,941,748
363,1024,669,-704,-160,844,-567,-423,315,760,918,723
345,954,639,-667,-138,798,-515,-394,307,717,858,654
312,892,581,-606,-117,708,-484,-353,268,695,798,610
277,764,490,-524,-110,657,-421,-313,208,586,707,556
208,661,432,-440,-93,541,-362,-268,221,501,593,455
186,521,387,-371,-84,453,-312,-213,154,396,493,389
132,397,257,-271,-61,311,-201,-154,125,299,368,297
85,288,177,-197,-33,231,-146,-108,64,207,245,202
60,153,97,-84,-39,126,-103,-48,47,126,121,106
39,35,23,-26,2,24,-16,-9,23,28,22,27
-26,-49,-28,42,22,-68,26,19,-7,-61,-86,-47
-55,-135,-100,103,31,-133,84,56,-41,-114,-110,-92
-58,-222,-134,126,24,-180,131,100,-83,-159,-223,-149
-101,-273,-162,202,40,-234,154,101,-95,-208,-244,-235
-124,-332,-197,228,45,-259,180,128,-96,-242,-280,-232
-121,-334,-224,243,57,-301,202,176,-123,-253,-309,-243
-103,-360,-231,241,33,-304,197,144,-119,-276,-347,-239
-114,-362,-228,232,43,-292,198,138,-118,-248,-304,-247
-140,-353,-232,243,52,-278,172,129,-109,-266,-312,-260
-125,-329,-204,213,64,-284,164,126,-83,-241,-299,-243
-99,-302,-177,210,57,-263,184,129,-102,-215,-274,-215
-104,-265,-202,191,62,-226,158,89,-95,-200,-265,-176
-85,-237,-174,194,30,-204,140,93,-76,-198,-230,-180
-83,-225,-155,169,67,-164,112,74,-55,-159,-191,-160
-67,-207,-134,133,23,-167,108,77,-66,-136,-170,-127
-75,-184,-111,110,22,-135,102,69,-41,-128,-144,-100
-42,-172,-117,91,32,-121,73,62,-48,-110,-147,-108
-30,-114,-88,91,16,-110,87,64,-32,-103,-116,-88
-48,-108,-90,98,32,-106,66,23,-14,-101,-87,-87
-36,-78,-75,71,41,-89,80,22,-43,-78,-125,-84
-12,-75,-56,57,9,-73,30,42,-22,-80,-96,-59
-22,-81,-41,64,25,-66,50,16,-50,-66,-51,-58
-33,-70,-55,45,2,-59,36,22,-31,-49,-82,-72
-45,-76,-51,64,17,-75,34,45,-12,-47,-72,-52
-14,-46,-56,27,13,-78,22,22,-23,-61,-70,-70
-23,-47,-44,48,9,-55,7,9,-19,-34,-67,-61
-9,-60,-40,52,3,-35,29,46,-1,-37,-40,-15
-49,-47,-54,43,6,-42,49,38,-16,-46,-41,-63
-4,-44,-14,43,1,-46,16,35,-8,-43,-40,-38
-15,-31,-27,52,17,-45,19,24,-10,-38,-38,-49
-10,-43,-28,14,-11,-30,4,26,-5,-28,-37,-18
-20,-42,-44,17,0,-37,35,-3,-1,-21,-38,-39
-17,-46,-30,20,-2,-22,35,24,-12,-36,-13,-5
-13,-37,-14,39,21,-50,20,33,-7,-28,-27,-33
4,-18,-41,13,-20,-30,35,8,-8,-20,-32,-35
-14,-40,-20,11,12,-20,19,17,-11,-33,-23,-22
-17,-28,-19,23,-17,-29,-15,3,-25,-22,-21,0
-35,-47,-3,4,-10,-11,6,-12,1,-1,-16,-34
6,-19,-5,-3,-9,9,20,0,-3,12,2,2
2,-1,-8,22,-16,-17,-6,-19,-6,-2,1,1
5,-13,15,-19,9,11,13,1,-7,-23,24,3
-16,13,-7,-2,16,20,2,-5,14,-11,-3,8
16,4,13,-39,15,11,-5,-5,-6,18,12,8
7,-14,3,-23,4,0,-23,-2,-2,9,15,13
10,26,29,-30,4,5,-29,-10,20,36,23,22
-4,30,25,-28,-25,28,-29,-14,21,22,18,32
-2,41,37,-38,-5,24,-31,-23,8,25,43,17
17,82,34,-10,-1,28,-32,-38,20,34,47,54
33,51,15,-52,-27,69,-12,-33,24,39,79,46
14,70,54,-51,-14,32,-26,-44,18,26,65,54
24,75,78,-59,-1,58,-48,-40,31,75,54,70
48,75,48,-51,-3,99,-47,-60,23,47,54,61
39,103,73,-50,-5,76,-38,-37,44,91,90,72
30,90,56,-71,-5,87,-53,-32,40,83,93,74
41,116,68,-66,-14,109,-63,-41,58,75,103,86
36,130,81,-92,-24,94,-75,-35,33,102,119,106
55,142,79,-90,-11,107,-80,-80,43,112,116,106
61,166,98,-97,-36,117,-78,-47,58,126,133,84
46,138,123,-116,-31,129,-78,-58,45,129,127,122
52,161,117,-108,-9,163,-87,-64,46,108,142,99
65,198,113,-114,-36,134,-88,-74,53,122,164,124
72,190,108,-126,-40,136,-94,-87,56,138,160,135
61,202,119,-150,-53,176,-123,-75,55,148,180,146
82,204,139,-141,-36,156,-95,-66,47,160,176,134
74,207,150,-150,-19,178,-102,-75,84,179,206,136
91,215,150,-143,-18,183,-124,-84,78,179,208,175
64,258,163,-172,-49,203,-126,-92,79,189,234,185
88,273,171,-166,-47,215,-143,-105,77,190,202,207
88,255,161,-188,-52,233,-127,-85,76,196,221,187
87,265,188,-167,-39,220,-124,-112,96,210,253,184
81,292,155,-200,-48,252,-142,-125,71,179,238,182
92,283,194,-199,-50,238,-152,-100,83,215,250,206
105,295,203,-210,-44,259,-177,-99,93,204,276,207
107,299,217,-191,-55,240,-161,-124,81,218,288,224
97,321,223,-212,-23,254,-182,-133,76,254,261,228
120,324,199,-227,-66,248,-178,-103,119,257,296,229
124,318,220,-213,-18,259,-184,-137,91,256,281,223
112,338,223,-212,-57,257,-172,-152,109,234,313,226
117,330,204,-234,-62,236,-179,-154,127,256,318,244
123,346,221,-218,-57,280,-179,-114,93,242,308,237
136,346,237,-245,-40,269,-196,-143,109,250,322,232
120,357,237,-230,-58,321,-185,-157,127,258,298,247
153,357,234,-230,-67,294,-214,-139,104,262,314,224
116,365,248,-230,-72,291,-204,-121,97,277,303,245
149,364,245,-250,-34,283,-191,-133,83,260,314,247
133,357,226,-261,-69,305,-189,-133,102,267,289,258
141,340,238,-254,-53,299,-209,-140,101,293,331,241
134,373,215,-224,-48,301,-196,-121,105,264,314,239
154,369,242,-230,-50,280,-172,-150,99,264,313,259
126,344,227,-249,-52,277,-206,-155,104,275,330,244
120,350,249,-230,-51,282,-205,-132,109,243,306,215
122,331,215,-237,-52,303,-185,-141,81,264,319,238
93,360,250,-241,-66,277,-187,-154,110,265,304,245
105,345,209,-222,-55,262,-203,-153,103,254,313,237
127,325,235,-230,-39,278,-188,-120,97,238,284,232
120,354,209,-237,-47,267,-207,-129,97,235,301,246
109,323,213,-196,-59,259,-186,-122,87,216,293,235
111,318,194,-215,-54,264,-184,-123,124,209,284,219
112,320,203,-204,-37,253,-165,-151,110,239,287,192
101,316,194,-209,-39,261,-175,-136,75,248,291,218
102,317,174,-202,-59,240,-161,-120,103,223,262,192
104,287,211,-192,-53,254,-162,-103,89,217,238,173
104,279,184,-186,-40,232,-149,-123,75,219,257,188
82,269,180,-173,-35,213,-154,-102,89,195,231,204
77,265,145,-166,-35,216,-156,-115,63,194,218,166
97,238,179,-162,-31,197,-127,-101,66,188,227,142
73,232,160,-159,-26,173,-131,-95,55,187,213,149
73,238,174,-143,-36,180,-116,-76,78,179,183,154
70,207,134,-137,-11,182,-142,-77,53,152,185,138
64,193,120,-137,-35,158,-147,-101,47,159,185,141
71,182,137,-115,-16,166,-99,-66,68,158,160,140
43,217,106,-150,-29,171,-116,-72,52,129,187,111
46,174,97,-108,-21,145,-83,-89,35,112,147,105
70,161,96,-96,-22,111,-96,-50,72,105,129,111
69,141,117,-91,-51,119,-82,-51,46,117,150,91
38,131,92,-98,-35,119,-97,-49,43,123,93,107
52,120,102,-77,-26,94,-66,-62,44,118,116,83
31,116,70,-81,-8,89,-63,-41,31,79,97,82
33,98,93,-79,-15,84,-36,-39,32,57,97,52
53,95,89,-47,-19,64,-31,-26,37,80,89,73
14,73,42,-64,-4,75,-57,-47,28,49,86,41
25,49,50,-44,-10,43,-28,-19,36,45,63,40
38,84,38,-55,-11,41,-46,-27,6,53,52,43
36,57,34,-33,-13,46,-27,-21,17,27,24,33
17,42,36,-43,-2,50,-39,-15,27,50,36,35
7,42,3,-41,-22,16,5,4,-3,37,37,25
2,31,10,-36,5,40,-16,-15,21,23,14,45
21,9,25,1,6,30,-1,7,4,10,3,30
0,24,23,-21,-6,16,1,15,-2,5,-11,11
9,-9,-20,7,-12,-7,-11,-16,10,-3,-12,-19
-7,-6,-3,15,-1,10,-3,11,-26,-10,-23,-13
-14,-18,-2,17,0,-14,-11,13,24,0,-20,-16
-18,-14,-18,-3,25,-14,7,28,-6,-23,-12,7
-16,-23,-15,19,-23,-32,-11,20,1,-13,-29,-27
-16,-25,0,35,1,-31,15,14,-11,-9,-25,-41
-17,-40,2,40,14,-27,23,37,-15,-18,-39,-45
-26,-43,-37,55,-8,-35,24,4,-13,-13,-40,-33
-34,-43,-13,47,10,-17,17,15,-1,-31,-46,-13
1,-49,-29,14,29,-62,19,14,-2,-41,-62,-26
-13,-61,-22,31,-31,-54,53,23,-12,-66,-59,-31
-22,-53,-50,47,18,-27,35,36,-18,-67,-44,-46
-13,-78,-46,53,6,-82,10,25,-6,-46,-57,-60
-26,-61,-55,40,11,-50,34,37,-21,-31,-77,-56
-22,-80,-47,40,28,-65,19,21,-31,-65,-63,-51
-18,-57,-48,51,23,-43,32,33,-20,-60,-59,-60
-20,-82,-41,71,5,-65,42,23,-27,-64,-72,-61
-47,-93,-58,50,13,-62,65,31,-43,-75,-77,-66
-41,-83,-55,53,19,-57,36,22,-17,-81,-68,-35
-40,-86,-64,72,-15,-75,45,17,-23,-61,-78,-54
-40,-69,-56,61,18,-67,58,49,-36,-52,-81,-67
-49,-81,-63,63,8,-70,43,45,-16,-62,-91,-71
-21,-108,-50,74,1,-85,54,35,-17,-59,-81,-83
-27,-96,-57,57,9,-85,40,27,-43,-72,-112,-71
-37,-102,-59,75,-12,-84,44,51,-20,-89,-85,-71
-46,-92,-65,69,6,-80,63,45,-34,-83,-108,-50
-47,-84,-57,78,5,-98,42,31,-24,-83,-98,-83
-34,-100,-67,55,1,-87,64,63,-49,-90,-80,-59
-31,-115,-71,71,29,-96,56,48,-47,-80,-99,-64
-61,-101,-58,68,12,-81,57,61,-29,-62,-96,-74
-49,-124,-51,60,31,-97,49,26,-19,-76,-93,-64
-35,-124,-54,52,13,-87,48,42,-29,-77,-102,-77
-32,-101,-78,75,13,-75,61,30,-32,-88,-95,-69
-39,-98,-71,66,14,-68,87,37,-28,-89,-100,-60
-47,-77,-68,73,9,-90,75,33,-39,-84,-88,-67
-49,-85,-52,79,17,-105,59,28,-32,-84,-103,-87
-35,-119,-89,72,26,-85,76,51,-24,-92,-98,-99
-20,-99,-43,64,9,-97,75,46,-41,-62,-108,-92
-30,-101,-44,68,0,-107,65,29,-40,-92,-79,-65
-18,-90,-79,85,14,-71,78,43,-41,-86,-98,-71
-52,-106,-34,53,21,-85,65,34,-24,-82,-95,-68
-60,-112,-66,81,14,-97,58,46,-30,-89,-123,-96
-40,-110,-51,93,10,-70,66,48,-38,-72,-91,-71
-37,-85,-68,59,11,-101,71,56,-41,-73,-96,-88
-45,-129,-57,71,4,-101,65,53,-28,-102,-100,-76
-31,-104,-76,75,7,-99,98,42,-43,-76,-85,-81
-42,-98,-69,84,-5,-99,52,58,-19,-90,-93,-89
-34,-98,-69,84,30,-85,44,31,-46,-52,-98,-66
-37,-121,-72,54,-8,-86,33,37,-29,-86,-91,-77
-48,-96,-60,62,32,-93,69,58,-43,-81,-100,-64
-37,-96,-82,78,4,-69,80,65,-42,-80,-108,-85
-47,-114,-83,67,11,-103,68,48,-63,-78,-106,-73
-51,-109,-71,84,29,-106,41,38,-50,-70,-102,-75
-24,-98,-87,85,12,-91,45,28,-38,-77,-113,-64
-56,-97,-65,62,15,-98,66,55,-47,-84,-104,-78
-23,-119,-80,59,25,-86,60,57,-33,-77,-101,-76
-43,-102,-89,76,19,-103,49,49,-30,-82,-118,-82
-32,-100,-79,89,24,-103,57,34,-38,-92,-104,-91
-35,-100,-82,66,17,-94,38,42,-35,-82,-107,-79
-25,-93,-79,74,15,-88,69,51,-43,-68,-81,-87
-39,-106,-69,85,12,-97,60,35,-65,-74,-85,-79
-34,-95,-41,54,14,-87,70,50,-33,-72,-102,-59
-42,-128,-53,67,32,-96,69,46,-36,-83,-102,-71
-26,-121,-82,84,7,-95,69,28,-45,-74,-95,-75
-29,-111,-63,76,17,-73,51,53,-22,-92,-78,-60
-32,-100,-35,60,8,-79,63,53,-35,-84,-82,-51
-34,-94,-53,81,19,-82,60,-1,-28,-65,-88,-61
-27,-81,-60,61,22,-52,59,41,-56,-76,-78,-65
-26,-87,-77,64,-2,-98,47,51,-46,-59,-82,-64
-36,-116,-55,45,17,-85,45,48,-22,-87,-73,-49
-21,-100,-48,70,13,-71,49,24,-27,-88,-70,-66
-30,-80,-60,48,11,-70,37,26,-19,-46,-78,-59
-54,-89,-48,68,-2,-88,49,53,1,-58,-69,-39
-14,-83,-52,56,6,-58,41,42,-24,-36,-32,-65
-17,-67,-60,49,23,-55,30,24,-23,-47,-69,-29
-16,-71,-26,45,8,-54,20,37,-12,-57,-49,-45
-20,-43,-32,20,22,-39,28,38,-32,-39,-45,-35
-8,-45,-48,20,5,-36,13,27,-29,-34,-39,-34
8,-69,-53,29,-11,-29,18,36,-34,-28,-68,-31
-10,-35,-26,36,-11,-34,33,24,-28,-23,-30,-24
-12,-9,-10,28,-3,-23,23,6,4,-10,-19,-15
-11,-23,-17,-14,-2,-23,22,10,1,-16,-23,-16
2,-16,-4,10,-16,-21,-7,-18,-11,-9,-16,-19
-14,21,-25,-10,-20,7,6,-22,5,1,7,-17
-11,21,9,2,2,8,-7,-8,-14,8,3,10
10,15,2,-4,-16,17,-2,1,7,3,17,7
5,37,20,-26,-7,15,-29,-14,2,22,15,23
16,33,33,-15,-22,23,-32,-20,16,20,41,25
2,47,63,-55,13,63,-25,-16,21,21,51,54
22,61,33,-35,-17,63,-39,-37,3,42,70,41
19,80,32,-60,-18,49,-44,-11,20,64,40,53
37,100,62,-56,-15,75,-66,-37,28,41,67,45
44,72,77,-77,-19,71,-52,-19,32,61,106,48
60,110,80,-61,-2,93,-65,-31,29,66,101,58
48,99,60,-79,-7,102,-58,-51,22,79,80,77
30,125,83,-67,-12,127,-85,-26,22,106,88,58
50,139,92,-113,-23,113,-58,-37,43,86,104,86
51,136,79,-82,-39,111,-78,-62,38,93,107,107
37,153,97,-94,-21,115,-76,-81,68,106,139,103
64,154,117,-114,-4,143,-82,-79,44,110,138,131
61,163,113,-119,-15,161,-92,-49,32,143,131,126
65,160,104,-122,-17,134,-77,-64,30,131,151,123
49,178,111,-114,-7,155,-97,-66,61,129,150,112
58,173,132,-113,-28,147,-95,-70,44,128,142,122
42,165,133,-121,-32,166,-98,-74,63,106,176,126
85,174,107,-117,-35,139,-100,-78,60,121,164,114
57,181,123,-98,-14,161,-103,-77,63,132,164,130
55,166,101,-112,-28,129,-101,-83,37,113,141,132
67,161,117,-120,-4,143,-69,-54,49,145,152,117
61,156,109,-117,-35,121,-83,-53,79,105,142,112
50,177,97,-109,-22,127,-85,-67,44,113,140,117
30,160,110,-90,-20,110,-89,-68,39,107,124,95
44,117,85,-96,-3,116,-80,-79,56,119,122,92
49,134,88,-105,-2,131,-82,-48,29,114,144,79
57,117,93,-74,-7,120,-53,-33,41,108,97,94
76,134,77,-76,-15,92,-52,-57,14,95,110,63
36,102,75,-76,6,78,-50,-39,32,67,97,86
9,93,61,-63,-10,74,-66,-45,32,65,92,60
28,76,67,-50,-11,53,-48,-33,8,48,67,36
39,51,23,-56,-11,41,-63,-26,0,45,79,38
12,54,44,-72,-1,43,-24,-28,40,53,51,39
23,26,41,-41,-18,53,-31,-13,5,46,45,30
13,32,23,-17,-15,12,-18,12,10,38,39,25
6,50,19,-10,17,23,14,-40,-8,5,29,30
10,27,29,-6,-12,31,-6,6,5,31,15,20
15,7,12,8,-13,23,-48,-3,-17,32,9,14
-4,-13,0,13,12,-2,-15,0,4,3,4,13
8,-22,-5,-4,19,-5,1,7,-11,-5,-27,7
1,-19,-18,18,6,-27,11,16,-6,7,-19,-6
-20,-48,-54,20,-5,-42,25,0,-31,-21,-33,-6
-16,-41,-11,27,14,-51,27,10,-6,-15,-42,-12
-17,-44,-11,24,0,-34,30,19,7,-39,-35,-43
-14,-48,-40,44,5,-45,4,26,-12,-53,-44,-69
-15,-55,-40,40,-8,-62,32,32,-22,-42,-55,-56
-26,-55,-32,38,12,-47,56,25,-30,-51,-65,-49
-26,-81,-34,58,-3,-60,20,31,-8,-63,-55,-51
-29,-84,-41,17,9,-68,29,41,-39,-58,-65,-80
-23,-73,-46,60,5,-64,44,20,-14,-61,-67,-64
-25,-87,-45,62,-4,-69,31,15,-49,-79,-75,-68
-40,-87,-65,60,28,-95,36,62,-35,-67,-96,-66
-53,-76,-65,47,18,-71,29,52,-41,-78,-86,-80
-43,-100,-99,58,18,-96,62,46,-20,-53,-100,-72
-28,-117,-73,95,31,-95,67,51,-40,-58,-103,-71
-43,-115,-67,88,22,-87,65,46,-32,-74,-85,-91
-60,-138,-69,94,25,-116,67,56,-65,-99,-147,-109
-41,-137,-91,83,27,-126,77,76,-38,-112,-118,-107
-64,-165,-92,108,25,-121,87,55,-41,-127,-139,-107
-50,-172,-114,104,16,-149,106,63,-52,-109,-170,-129
-96,-214,-119,142,16,-161,105,76,-65,-138,-189,-108
-59,-223,-145,115,35,-164,109,87,-71,-144,-193,-146
-77,-232,-132,129,43,-152,103,90,-67,-160,-186,-158
-93,-242,-148,171,7,-180,110,65,-83,-178,-205,-163
-85,-249,-156,157,59,-214,147,108,-66,-189,-249,-174
-79,-264,-178,182,49,-226,167,99,-75,-205,-254,-193
-101,-271,-188,204,70,-216,160,125,-79,-188,-276,-204
-110,-270,-175,203,48,-211,154,100,-74,-211,-265,-199
-100,-287,-178,203,48,-244,151,115,-83,-206,-263,-208
-98,-259,-177,184,23,-204,153,111,-76,-185,-246,-206
-88,-242,-153,159,20,-215,158,115,-71,-194,-216,-176
-80,-229,-138,166,38,-182,128,85,-56,-170,-179,-141
-46,-165,-92,99,39,-114,80,87,-61,-110,-145,-146
-23,-110,-55,67,34,-81,48,25,-11,-74,-105,-82
0,-38,-15,21,-4,-19,6,10,3,-24,-22,-28
13,46,50,-41,-15,39,-50,-19,18,56,61,49
53,174,109,-100,-25,147,-107,-58,59,142,169,116
106,285,170,-189,-38,228,-182,-95,75,196,267,184
134,414,265,-261,-49,324,-225,-150,133,307,371,280
186,503,331,-337,-63,429,-293,-224,150,377,465,372
215,631,409,-438,-106,528,-351,-271,178,471,594,456
271,735,489,-501,-117,641,-431,-300,217,549,695,515
295,862,559,-598,-119,710,-469,-331,261,636,762,584
329,931,606,-641,-130,784,-518,-379,282,686,816,637
352,989,617,-676,-151,825,-560,-409,309,740,879,698
332,1017,678,-683,-152,852,-558,-422,293,751,909,710
360,1003,641,-689,-155,825,-538,-400,316,755,898,702
353,965,624,-679,-127,822,-538,-378,300,739,870,693
317,901,589,-628,-146,767,-500,-346,271,665,821,633
292,817,524,-565,-130,682,-438,-349,243,608,742,560
246,707,465,-490,-91,593,-398,-287,230,529,631,490
210,579,355,-390,-86,487,-310,-234,167,420,546,426
157,474,304,-312,-86,377,-259,-198,152,371,421,317
117,331,228,-235,-67,258,-178,-131,102,269,298,241
82,186,127,-129,-38,143,-108,-92,84,155,180,125
18,90,39,-81,-29,82,-74,-36,15,50,76,42
-10,-25,-5,14,5,-9,11,24,-15,-18,-46,-34
-37,-134,-71,93,6,-114,42,31,-56,-88,-131,-82
-83,-208,-141,147,31,-170,128,90,-59,-154,-185,-129
-84,-266,-187,176,45,-208,157,120,-68,-179,-223,-175
-110,-304,-190,206,41,-236,177,133,-78,-239,-271,-228
-114,-340,-222,240,48,-327,198,111,-77,-248,-309,-222
-142,-360,-234,252,54,-328,217,148,-104,-280,-340,-249
-139,-387,-244,264,69,-331,194,149,-118,-309,-352,-280
-115,-372,-247,258,52,-294,210,159,-104,-282,-340,-264
-123,-340,-233,238,42,-295,209,151,-114,-282,-320,-254
-132,-344,-220,234,35,-272,182,145,-83,-261,-322,-251
-98,-312,-210,225,66,-247,191,125,-126,-243,-299,-211
-113,-294,-194,197,40,-258,158,133,-96,-216,-262,-188
-106,-255,-182,184,37,-220,129,123,-77,-211,-240,-204
-75,-215,-164,157,39,-198,129,98,-56,-193,-199,-169
-78,-219,-127,150,17,-176,124,79,-71,-154,-185,-132
-68,-191,-114,134,46,-153,107,70,-59,-130,-165,-115
-47,-168,-101,110,53,-154,73,61,-45,-136,-155,-117
-55,-147,-97,110,37,-119,82,63,-24,-107,-134,-98
-57,-133,-96,89,42,-103,74,54,-28,-98,-120,-81
-33,-137,-90,86,-1,-98,88,41,-24,-106,-136,-93
-68,-98,-55,81,-7,-79,63,40,-44,-90,-101,-74
-47,-102,-54,65,3,-83,70,35,-43,-97,-83,-75
-51,-116,-61,57,7,-88,53,31,-35,-60,-95,-93
-49,-87,-67,70,10,-75,58,51,-36,-53,-70,-95
-29,-99,-44,56,6,-67,34,43,-15,-81,-78,-70
-37,-97,-52,63,26,-94,49,23,-39,-56,-78,-58
-33,-81,-64,63,3,-79,26,38,-22,-55,-68,-84
-39,-66,-51,75,28,-66,22,54,-1,-62,-79,-48
-28,-60,-60,30,19,-72,72,35,-26,-44,-55,-62
-46,-68,-59,63,9,-67,38,36,-31,-42,-58,-40
-9,-57,-54,56,25,-61,37,46,7,-43,-60,-45
-21,-69,-62,61,-1,-54,9,18,-21,-52,-57,-66
-22,-66,-22,23,21,-66,39,25,-35,-41,-42,-38
-41,-53,-47,27,13,-51,57,10,-33,-50,-49,-63
-19,-21,-43,38,14,-46,9,23,-30,-39,-50,-42
-16,-39,-10,23,-7,-46,-3,17,-29,-29,-55,-37
-15,-58,-34,23,28,-51,16,24,-29,-19,-42,-27
-10,-41,-25,36,2,-15,23,7,5,-32,-18,-27
-7,-31,-16,27,-8,-34,18,15,-9,-24,-14,-42
-13,-41,-25,18,9,-27,11,13,-9,6,-24,-1
-20,-31,6,16,-5,-11,22,-2,-10,-18,-2,-8
-22,-16,-7,27,6,9,15,3,-22,-15,-30,-26
-9,-10,12,-33,3,-11,7,21,4,8,-14,-11
0,-1,-35,-23,-7,4,20,-1,-9,-4,5,-8
-8,12,-1,-9,-15,28,-23,-13,-12,16,-1,5
-7,3,23,-25,6,13,-21,-6,13,24,8,9
24,39,8,-21,-20,21,-22,-3,22,10,5,16
19,13,8,-20,-2,40,-6,-13,24,14,37,30
4,32,34,-11,9,40,-40,-7,25,13,45,25
17,52,28,-35,-20,41,-26,-38,27,22,42,44
27,68,39,-39,-7,42,-15,-1,47,44,69,40
22,71,31,-50,-5,47,-43,-17,22,39,55,63
39,89,53,-87,-14,70,-48,-38,25,76,59,30
40,77,49,-55,-25,84,-66,-22,51,57,97,61
41,100,44,-63,-1,89,-66,-13,47,64,88,71
53,122,65,-74,-17,98,-61,-40,34,88,111,57
41,121,100,-54,-37,115,-48,-66,35,90,111,86
66,126,78,-90,-5,84,-71,-70,44,94,125,83
64,135,84,-105,-15,105,-115,-63,44,107,132,100
45,157,97,-101,-33,106,-79,-79,47,113,141,100
69,172,91,-91,-23,139,-91,-63,31,130,150,125
56,167,82,-131,-37,156,-83,-79,49,128,172,146
39,172,108,-120,-39,160,-109,-78,81,156,165,136
61,176,139,-120,-24,173,-104,-105,53,150,182,131
73,219,122,-167,-59,166,-83,-90,52,153,180,133
93,216,147,-164,-35,175,-135,-74,70,185,215,151
96,235,155,-172,-34,212,-127,-88,75,166,202,186
79,198,161,-164,-23,202,-126,-63,87,197,213,143
72,255,160,-151,-38,206,-135,-93,81,202,221,172
80,294,153,-187,-31,202,-148,-85,73,208,236,181
80,285,183,-172,-44,219,-146,-148,89,198,251,199
97,276,172,-175,-31,196,-156,-87,86,209,251,205
103,279,162,-197,-40,241,-146,-119,78,224,251,190
127,279,182,-193,-69,228,-179,-97,94,211,259,190
107,284,220,-196,-52,261,-154,-135,98,219,265,226
116,298,199,-207,-39,261,-148,-124,85,230,261,229
118,325,189,-209,-56,241,-172,-120,91,224,277,236
124,315,214,-232,-37,265,-194,-119,93,227,295,219
118,315,213,-219,-63,264,-184,-127,110,246,284,227
105,327,212,-217,-62,264,-184,-126,82,264,289,239
123,325,212,-261,-48,268,-184,-108,80,262,309,231
132,329,216,-229,-42,290,-178,-136,92,249,286,232
109,356,240,-221,-39,265,-190,-136,95,241,288,239
137,337,215,-248,-24,309,-184,-127,117,262,321,241
127,341,210,-244,-47,294,-206,-133,112,271,315,258
114,357,208,-212,-50,285,-192,-139,87,270,296,234
97,326,232,-244,-35,291,-205,-119,99,252,314,246
132,343,226,-240,-34,271,-202,-143,113,257,324,245
107,328,201,-230,-35,273,-173,-126,103,229,313,229
134,339,232,-220,-40,267,-194,-135,111,238,303,257
121,334,206,-253,-42,282,-178,-135,101,264,302,208
111,329,196,-220,-67,275,-174,-155,100,223,300,227
108,338,210,-231,-43,293,-180,-133,90,269,268,251
118,333,230,-214,-76,262,-172,-123,82,238,309,200
111,343,223,-227,-49,259,-175,-115,82,240,303,212
109,313,189,-216,-53,280,-184,-106,75,231,272,211
104,311,190,-190,-31,252,-157,-110,76,223,245,223
106,305,183,-220,-72,227,-161,-110,91,210,247,203
100,267,184,-192,-45,235,-156,-104,68,224,259,197
94,289,174,-173,-52,227,-162,-119,81,200,254,193
124,276,188,-172,-43,194,-170,-106,88,218,240,190
89,267,145,-176,-38,208,-148,-93,73,196,221,211
93,243,162,-169,-1,211,-118,-122,86,177,219,175
70,243,182,-157,-40,213,-147,-66,78,180,194,163
78,208,145,-147,-18,185,-135,-86,79,180,186,175
88,213,145,-135,-19,157,-146,-82,55,170,187,137
62,224,143,-134,-15,172,-103,-88,80,133,187,149
72,182,129,-135,-36,170,-134,-67,51,141,179,123
54,166,123,-126,-34,146,-85,-98,44,120,147,146
67,171,123,-126,-12,148,-96,-79,50,118,146,103
58,151,116,-106,-21,140,-65,-59,36,123,173,89
48,153,98,-98,-8,129,-87,-58,27,111,149,103
55,139,108,-93,-7,133,-74,-48,36,90,122,98
52,142,108,-105,-12,109,-65,-46,20,92,119,79
35,120,86,-88,-23,115,-79,-40,45,97,89,96
40,102,68,-68,-20,88,-85,-42,28,84,97,74
33,96,72,-65,-23,69,-60,-45,27,71,80,68
23,94,68,-48,3,75,-32,-27,2,49,70,63
31,77,35,-52,7,51,-40,-22,24,53,58,60
12,65,41,-51,-7,69,-41,1,31,30,66,55
7,78,24,-57,-11,54,-35,-17,20,56,35,36
30,56,25,-49,-12,26,-30,10,13,43,37,20
1,43,14,-33,3,7,-23,15,12,22,31,39
1,23,11,-3,-14,27,-19,-22,-10,10,29,12
4,22,0,-1,1,14,-12,5,11,-4,27,25
-18,-1,18,-6,-15,14,6,3,-13,25,2,1
-28,4,-11,1,-9,9,1,-1,5,-22,-4,-5
21,7,-8,14,18,24,17,1,17,-7,23,-7
6,-8,-11,14,-7,-12,-11,0,17,-4,-11,-4
21,-19,-21,23,-4,-25,14,16,-16,-6,11,-36
-19,-48,-34,27,8,-28,21,21,-17,-15,-56,0
-9,-29,-7,21,26,-32,43,22,-10,-38,-61,-25
-26,-50,-20,11,9,-38,25,28,-36,-35,-48,-7
-19,-39,-23,36,-18,-31,40,7,1,-43,-57,-22
-19,-48,-37,35,16,-46,17,25,-26,-53,-36,-22
-33,-49,-25,27,21,-37,35,26,-23,-21,-58,-51
-24,-66,-50,50,3,-44,39,9,-28,-58,-50,-55
-21,-66,-45,62,16,-47,45,11,-24,-51,-64,-50
-22,-71,-44,82,21,-44,49,-5,-20,-68,-83,-59
-20,-66,-35,59,24,-52,35,33,-10,-34,-78,-69
-46,-75,-54,56,39,-62,43,33,-17,-54,-78,-54
-23,-80,-55,79,-5,-71,45,27,-41,-78,-72,-55
-28,-96,-68,59,12,-51,57,31,-24,-39,-85,-76
-22,-76,-60,50,-5,-78,50,42,-20,-64,-94,-42
-35,-109,-40,61,0,-95,50,40,-43,-75,-85,-63
-33,-108,-49,74,10,-96,48,51,-19,-63,-83,-50
-56,-103,-58,82,49,-85,84,40,-43,-71,-89,-66
-55,-108,-54,42,13,-73,40,30,-30,-75,-85,-63
-20,-106,-68,93,16,-92,44,36,-25,-57,-74,-64
-11,-110,-43,65,11,-51,55,49,-25,-68,-97,-76
-52,-101,-64,76,23,-100,43,33,-32,-80,-82,-72
-11,-103,-57,59,17,-82,72,51,-36,-61,-76,-84
-41,-119,-45,59,9,-102,85,52,-38,-81,-92,-82
-44,-124,-77,72,11,-90,58,35,-28,-83,-89,-87
-60,-110,-63,62,19,-98,77,47,-36,-71,-122,-89
-22,-115,-76,103,30,-92,60,59,-21,-88,-100,-57
-44,-125,-69,60,-15,-122,57,29,-21,-81,-120,-79
-24,-116,-64,73,10,-84,68,51,-43,-85,-101,-103
-34,-131,-82,71,11,-91,51,66,-40,-77,-97,-65
-13,-101,-101,79,17,-97,59,36,-57,-72,-116,-84
-37,-98,-82,90,11,-113,75,34,-49,-85,-102,-87
-39,-96,-58,77,12,-91,68,36,-39,-84,-105,-83
-41,-109,-71,92,16,-88,45,36,-32,-95,-104,-99
-26,-122,-79,74,-4,-92,76,30,-37,-79,-95,-85
-38,-123,-83,87,13,-108,82,32,-24,-97,-94,-74
-39,-102,-99,81,38,-103,67,48,-39,-102,-101,-103
-30,-118,-75,77,26,-91,69,32,-34,-86,-103,-79
-63,-120,-87,85,24,-94,65,60,-31,-91,-107,-82
-62,-143,-80,87,8,-91,38,49,-30,-86,-91,-70
-25,-115,-61,83,-1,-85,53,34,-33,-84,-105,-84
-47,-148,-71,73,23,-81,81,52,-17,-95,-99,-58
-38,-101,-62,75,16,-94,76,62,-41,-82,-123,-79
-37,-106,-86,99,12,-100,42,40,-50,-84,-80,-73
-41,-108,-86,84,17,-91,57,63,-20,-94,-102,-71
-36,-121,-57,97,23,-100,80,45,-8,-80,-117,-57
-29,-111,-85,63,8,-110,68,46,-19,-93,-115,-90
-18,-86,-67,61,4,-99,60,18,-34,-71,-109,-84
-43,-106,-69,52,12,-92,71,44,-42,-72,-90,-77
-40,-123,-70,62,22,-80,56,52,-51,-73,-101,-90
-26,-111,-77,73,31,-85,77,44,-28,-90,-108,-67
-26,-92,-85,93,22,-97,73,51,-42,-82,-88,-79
-35,-108,-66,74,23,-89,61,42,3,-71,-98,-80
-25,-109,-72,63,13,-93,77,49,-39,-72,-94,-78
-42,-96,-72,75,38,-102,39,42,-13,-62,-99,-85
-42,-122,-56,69,14,-75,62,37,-54,-79,-101,-65
-28,-100,-67,81,30,-87,59,42,-21,-87,-104,-83
-28,-127,-61,81,18,-81,35,49,-29,-87,-81,-90
-38,-81,-52,72,-4,-77,55,28,-34,-68,-113,-74
-49,-85,-61,76,21,-64,48,39,-34,-90,-87,-49
-35,-113,-64,76,31,-75,54,38,-35,-82,-90,-64
-33,-94,-71,76,24,-107,70,31,-26,-58,-87,-77
-27,-106,-45,43,-3,-91,51,41,-44,-92,-67,-65
-45,-67,-64,81,34,-79,60,43,-40,-79,-91,-69
-27,-86,-68,42,7,-73,51,44,-36,-64,-74,-54
-40,-102,-58,77,11,-72,64,16,-23,-60,-80,-71
-21,-93,-74,54,7,-88,26,27,-25,-57,-95,-77
-24,-107,-42,58,6,-52,46,19,-12,-70,-73,-61
-38,-94,-69,58,-8,-65,60,33,-28,-66,-77,-54
-22,-81,-57,66,-3,-85,52,27,-25,-61,-82,-56
-18,-67,-57,53,7,-66,37,57,-7,-48,-67,-60
-28,-76,-47,47,-10,-43,48,32,-17,-46,-93,-57
-21,-53,-12,41,16,-61,52,27,-5,-31,-53,-51
-12,-68,-39,25,24,-23,36,20,-22,-32,-50,-36
-15,-67,-52,28,-6,-31,30,21,-42,-23,-37,-41
-12,-38,-38,41,12,-48,34,16,3,-20,-12,-18
-12,-44,-36,20,2,-32,31,5,1,-26,-17,-42
-20,-32,-35,30,24,-23,8,-2,-17,-31,-23,-36
-20,-19,-19,8,4,-21,2,-1,9,-23,-33,-2
-5,-1,-10,25,-13,-14,9,1,-6,3,0,-26
24,8,12,-12,-3,-2,15,-9,2,1,-15,15
-5,-4,5,11,-9,0,2,4,7,10,12,21
4,4,-9,-34,10,19,-25,21,13,4,-6,4
-4,29,-1,-8,0,26,-10,4,1,23,30,26
9,52,39,-50,-7,42,-29,-14,6,25,39,10
27,55,34,-37,-18,37,0,-45,23,7,25,19
22,55,58,-43,6,62,-44,-33,11,32,31,51
30,85,75,-37,-3,74,-50,-23,20,66,63,33
33,84,51,-68,-15,59,-49,-49,38,63,85,35
20,80,43,-54,-23,81,-41,-30,24,71,85,69
61,86,66,-59,-45,107,-60,-13,47,90,100,82
47,124,62,-73,-4,90,-70,-45,36,76,108,70
50,120,79,-80,-11,93,-45,-28,55,111,118,79
55,143,88,-116,-25,123,-74,-55,57,95,101,72
32,129,71,-101,1,114,-75,-53,44,96,100,120
45,154,108,-96,-30,126,-82,-47,49,94,128,111
66,165,96,-107,-33,143,-80,-61,56,122,147,112
72,181,111,-103,-22,133,-75,-54,31,116,161,105
54,169,113,-108,-40,157,-101,-59,61,120,160,139
92,182,131,-137,-27,157,-112,-78,57,117,164,114
67,176,109,-109,-27,146,-109,-58,35,126,158,132
98,185,119,-115,-34,146,-117,-60,43,127,158,135
90,187,134,-124,-22,148,-106,-76,48,145,176,124
72,170,101,-124,-35,166,-115,-94,59,164,171,132
79,184,117,-109,-24,164,-97,-73,58,141,188,151
72,194,108,-121,-7,166,-113,-73,55,137,178,149
47,182,113,-115,-20,151,-80,-57,54,137,148,119
47,191,78,-140,-40,133,-102,-54,52,134,176,129
53,168,97,-107,-51,151,-80,-64,45,142,146,122
60,155,115,-117,-31,131,-101,-57,40,113,141,127
58,143,97,-90,-33,143,-93,-52,42,117,141,100
60,144,102,-90,-22,126,-77,-50,30,126,122,102
63,127,104,-97,-24,119,-62,-26,33,129,136,112
38,136,81,-93,-24,116,-59,-47,39,101,107,56
51,144,72,-78,-7,84,-59,-47,56,102,107,100
22,84,54,-88,-5,98,-59,-46,43,70,99,79
15,119,61,-81,-3,92,-46,-17,0,105,97,82
26,77,46,-74,6,80,-57,-32,32,56,84,67
35,68,43,-53,7,70,-50,-51,28,45,66,70
18,60,27,-50,6,53,-35,-40,17,61,55,51
18,59,22,-60,-6,26,-23,-40,18,51,53,36
33,34,17,-26,-14,49,-15,0,28,41,28,38
20,12,2,-34,-3,20,-10,-5,32,30,22,19
17,30,33,-20,-7,8,-19,-13,-6,33,31,-17
28,12,23,-10,-17,18,6,-14,-5,15,10,10
8,14,6,5,-4,9,13,-20,-11,16,21,-1
-15,-4,-15,-8,-2,20,-16,7,3,-26,-10,0
-18,10,-1,9,7,-3,6,8,-20,-2,-3,-8
-12,-21,3,34,8,-11,18,19,-25,-8,-32,-22
-11,-40,-28,36,15,-13,10,20,-11,-21,-19,-11
-16,-30,-16,39,-6,-30,28,9,-14,-36,-41,-23
-17,-58,-19,23,5,-26,34,37,-21,-53,-45,-18
-13,-58,-26,22,-13,-39,27,24,-23,-51,-50,-37
-37,-65,-29,41,3,-34,29,11,-21,-18,-65,-36
-37,-64,-55,42,21,-61,10,32,-35,-47,-45,-31
-22,-45,-50,25,20,-50,29,15,2,-56,-42,-50
-27,-87,-34,44,39,-71,37,27,-16,-48,-58,-68
-45,-52,-60,68,-3,-65,38,21,-33,-52,-53,-43
-39,-84,-38,63,-8,-76,32,37,-22,-23,-74,-58
-15,-92,-51,51,-15,-76,41,47,-47,-75,-88,-80
-39,-112,-83,55,18,-67,63,37,-43,-51,-74,-65
-29,-118,-59,64,8,-84,64,42,-42,-56,-105,-61
-29,-106,-78,73,11,-89,59,44,-46,-92,-89,-62
-35,-100,-91,85,19,-96,63,40,-32,-77,-108,-84
-43,-130,-80,111,47,-112,85,41,-30,-93,-128,-113
-54,-145,-79,119,17,-154,85,67,-49,-105,-127,-73
-47,-172,-112,109,32,-144,82,89,-39,-100,-140,-138
-51,-192,-128,117,31,-159,85,75,-60,-142,-150,-129
-79,-212,-123,120,9,-187,100,51,-69,-160,-179,-140
-65,-245,-120,138,38,-196,145,73,-59,-171,-209,-159
-81,-217,-139,129,22,-182,111,103,-64,-194,-218,-175
-92,-239,-153,142,39,-217,155,111,-66,-208,-196,-184
-104,-263,-165,152,34,-230,156,102,-95,-205,-220,-202
-88,-257,-178,185,32,-228,153,137,-78,-207,-225,-177
-115,-259,-155,186,37,-240,154,91,-62,-162,-247,-181
-80,-239,-166,163,25,-204,146,96,-66,-209,-230,-161
-60,-253,-141,164,54,-185,119,82,-51,-172,-205,-169
-79,-196,-114,145,28,-185,99,77,-36,-161,-158,-149
-55,-142,-92,96,0,-125,69,44,-26,-117,-128,-115
-34,-81,-64,71,18,-63,46,54,-21,-58,-91,-44
-2,-5,-11,14,2,-21,16,1,-5,-18,0,-13
23,109,82,-64,-10,76,-76,-56,49,71,81,54
48,208,138,-133,-28,176,-100,-104,45,141,172,145
123,314,198,-203,-40,250,-157,-133,86,243,271,212
150,458,280,-295,-72,369,-237,-184,134,312,396,301
206,559,366,-378,-81,489,-322,-236,156,429,485,395
230,681,436,-455,-92,538,-378,-281,207,501,609,471
269,785,519,-520,-135,654,-418,-319,217,587,724,552
302,876,588,-587,-128,736,-497,-355,282,680,807,639
328,952,644,-655,-136,775,-530,-366,293,684,862,658
353,1028,667,-682,-155,844,-546,-410,324,756,897,718
330,1036,669,-699,-165,876,-571,-410,283,779,945,727
344,1029,668,-705,-156,853,-575,-421,312,753,938,708
354,1002,647,-666,-151,825,-536,-384,281,762,889,685
319,926,583,-628,-133,774,-501,-370,302,699,807,642
295,833,551,-534,-108,707,-459,-331,233,625,744,571
264,707,473,-496,-117,595,-423,-279,236,518,623,488
206,599,379,-404,-81,472,-312,-216,165,438,537,398
153,446,286,-311,-63,364,-243,-182,150,347,399,323
101,331,200,-234,-53,269,-181,-119,99,245,290,231
72,195,126,-121,-44,155,-113,-84,68,178,171,135
46,84,73,-50,-11,50,-60,-28,37,73,81,59
-26,-48,-12,11,-1,-30,10,6,-11,-10,-4,-5
-41,-130,-83,68,6,-104,52,61,-32,-107,-85,-89
-53,-171,-110,115,27,-154,86,76,-26,-145,-184,-126
-82,-264,-162,157,28,-210,134,99,-89,-193,-241,-177
-110,-285,-205,211,67,-252,151,132,-93,-230,-286,-218
-110,-334,-193,212,53,-249,178,102,-95,-238,-272,-213
-123,-346,-215,241,49,-280,189,155,-92,-249,-334,-222
-97,-351,-226,226,38,-286,204,153,-123,-249,-315,-197
-109,-339,-219,236,47,-282,179,146,-101,-263,-312,-253
-113,-286,-219,218,52,-258,200,119,-94,-212,-291,-244
-115,-272,-200,198,30,-246,131,102,-94,-224,-247,-187
-73,-251,-155,188,27,-229,133,120,-88,-212,-232,-202
-73,-250,-169,168,39,-210,118,101,-58,-197,-220,-152
-68,-213,-151,167,35,-186,121,88,-65,-165,-201,-157
-71,-185,-129,126,16,-159,83,67,-50,-139,-176,-149
-51,-168,-115,110,19,-131,80,65,-47,-121,-124,-95
-65,-139,-91,78,29,-126,77,59,-49,-121,-127,-115
-38,-114,-85,94,28,-88,80,50,1,-114,-114,-83
-29,-102,-51,68,16,-81,75,64,-12,-86,-118,-58
-7,-107,-65,84,25,-95,41,36,-20,-70,-106,-71
-16,-97,-64,63,8,-59,46,54,-18,-68,-78,-55
-14,-84,-64,58,7,-78,54,33,-23,-68,-71,-59
-20,-66,-39,49,17,-37,64,25,-8,-38,-71,-52
-32,-61,-47,38,-8,-57,39,14,-18,-49,-49,-57
-9,-59,-45,41,0,-35,29,10,-19,-56,-58,-36
-24,-47,-41,32,25,-57,20,3,-21,-39,-35,-56
-20,-63,-27,54,1,-84,34,20,-17,-46,-23,-17
-41,-76,-39,11,30,-28,15,11,-24,-58,-53,-44
-5,-36,-47,39,18,-66,14,22,-32,-30,-60,-22
-17,-47,-34,23,16,-52,18,23,-10,-25,-30,-46
4,-55,-10,27,-10,-11,39,17,-43,-24,-4,-22
10,-28,-37,20,-12,-17,37,27,-10,-50,-51,-28
-14,-24,-11,19,18,-23,19,15,-5,-8,-38,-13
-24,-27,8,26,11,-14,-9,3,-5,-24,-42,-38
-29,-24,-12,25,-12,-10,1,10,2,-6,-44,3
-26,-13,6,23,15,-25,26,16,14,-27,-16,-31
-4,7,-10,6,-9,-14,0,-3,-18,-10,-12,-8
11,6,-9,0,12,-16,-3,-4,-1,-3,-3,-15
-9,-4,-32,-9,7,-32,-5,-10,-14,-14,-10,6
-16,18,10,9,3,5,-7,-16,2,5,-6,0
-7,-3,21,-2,8,3,-27,-8,15,-16,30,5
-2,23,5,-17,6,11,-5,-7,-8,18,10,15
5,32,24,0,-17,23,-15,-22,-4,18,27,21
7,26,30,-45,-17,33,-26,-2,11,4,35,35
16,40,29,-38,-18,48,13,-17,20,27,24,37
8,58,39,-39,12,41,-19,-23,24,50,25,29
17,64,19,-32,-27,35,-35,-27,10,41,22,37
32,67,47,-49,-7,69,-33,-36,38,43,65,46
14,73,37,-65,-8,69,-45,-31,30,43,73,49
12,81,70,-61,-27,65,-41,-20,36,52,81,65
48,86,56,-35,-9,66,-52,-56,17,75,72,59
41,117,73,-40,-29,78,-35,-43,29,62,102,72
48,104,68,-67,-20,85,-74,-41,23,72,90,69
43,128,73,-82,-3,98,-60,-46,29,78,112,91
40,156,78,-98,-6,107,-66,-33,23,105,124,100
67,134,112,-88,-22,127,-66,-55,39,124,137,84
55,153,93,-104,-38,135,-99,-67,27,105,144,101
71,170,98,-131,-18,150,-78,-63,46,125,147,85
84,166,120,-132,-53,152,-81,-81,72,128,158,95
85,179,117,-135,-44,156,-105,-75,61,152,166,122
76,199,121,-135,-27,162,-110,-67,72,155,165,155
82,215,142,-166,-42,168,-122,-83,75,160,191,149
82,221,139,-160,-21,177,-115,-86,80,173,217,186
87,245,124,-172,-30,179,-138,-100,97,151,205,181
68,253,165,-177,-35,230,-142,-90,83,175,210,196
87,252,150,-171,-48,204,-155,-114,69,187,215,167
117,248,166,-178,-37,218,-123,-101,90,197,247,167
82,294,186,-198,-28,211,-128,-87,78,218,235,191
104,298,173,-194,-30,223,-160,-98,65,226,275,190
94,297,193,-204,-25,243,-152,-126,102,215,259,191
88,315,179,-192,-38,254,-164,-134,97,238,285,192
105,300,219,-208,-46,284,-174,-116,75,259,289,209
106,320,174,-223,-33,254,-172,-121,97,246,292,213
118,307,208,-218,-34,286,-170,-145,101,235,283,245
109,351,231,-240,-45,293,-179,-114,101,236,304,234
100,336,222,-222,-63,292,-190,-136,112,247,299,249
124,350,225,-252,-61,291,-211,-140,124,285,307,236
122,352,218,-259,-43,327,-206,-139,99,261,324,251
134,346,256,-249,-65,300,-196,-159,112,272,321,253
152,371,240,-243,-60,299,-195,-164,115,287,337,281
135,361,266,-258,-69,325,-194,-154,114,296,313,245
135,390,255,-275,-47,323,-196,-152,111,290,349,265
123,387,243,-246,-64,319,-201,-139,113,300,356,265
136,348,228,-255,-61,300,-207,-158,136,287,327,263
120,392,240,-258,-58,280,-203,-159,119,282,361,274
126,380,241,-256,-58,299,-217,-146,113,294,329,278
135,396,234,-233,-64,319,-226,-148,119,296,325,281
135,369,257,-262,-44,302,-210,-159,105,286,348,280
124,383,233,-247,-42,324,-206,-156,109,303,337,266
141,365,268,-264,-35,326,-212,-159,113,278,326,274
125,374,248,-244,-73,313,-191,-168,96,269,359,259
124,363,235,-244,-64,319,-202,-133,105,298,335,279
126,365,239,-238,-36,293,-202,-150,103,287,338,259
139,382,225,-255,-63,307,-202,-130,94,265,319,245
121,363,246,-242,-56,299,-180,-118,109,265,312,257
157,378,238,-239,-72,293,-203,-134,107,258,318,240
126,362,213,-240,-55,290,-175,-149,118,258,321,245
123,306,228,-208,-60,280,-195,-152,111,270,294,244
113,320,232,-210,-62,260,-159,-129,81,236,285,235
122,331,220,-194,-82,245,-181,-135,117,217,294,234
124,322,200,-207,-42,272,-191,-123,90,235,270,223
100,302,177,-195,-34,247,-149,-120,106,211,271,221
101,300,199,-191,-38,250,-166,-106,87,219,262,211
92,292,173,-191,-67,221,-161,-103,87,197,242,201
84,273,175,-188,-46,226,-137,-115,93,209,250,175
87,285,176,-190,-40,209,-121,-123,83,180,216,173
110,245,158,-152,-35,205,-146,-98,82,194,228,156
94,282,156,-166,-39,212,-124,-87,77,184,208,156
58,225,164,-145,-33,167,-127,-102,70,178,210,181
77,213,153,-123,-15,151,-116,-91,70,161,197,174
68,216,143,-110,-26,181,-121,-93,74,153,202,162
57,184,134,-126,-30,181,-100,-73,55,144,189,143
77,173,136,-125,-24,140,-108,-78,53,142,176,135
57,178,122,-98,-28,132,-113,-49,55,146,152,106
54,154,123,-115,-36,131,-70,-68,49,134,161,116
53,142,98,-89,-27,110,-72,-40,59,118,123,108
55,131,84,-113,-28,110,-78,-70,36,103,133,92
60,112,73,-87,-9,122,-68,-62,30,90,133,104
48,105,77,-92,-2,88,-70,-45,29,82,106,76
42,122,74,-82,-17,135,-46,-39,17,76,100,87
34,124,70,-57,-3,102,-46,-43,12,80,103,80
46,60,68,-68,-23,89,-44,-39,25,72,69,66
20,79,33,-59,-4,64,-33,-38,61,62,71,48
42,78,43,-38,-20,49,-45,-23,37,43,56,71
30,77,45,-65,17,47,-33,-22,28,82,58,53
22,52,30,-31,-14,32,-20,-32,22,23,44,53
2,45,0,-40,-5,49,-23,-24,-2,33,55,11
-3,45,23,-27,-35,46,-19,-41,20,24,14,23
13,26,20,-13,-20,30,-23,12,22,36,21,7
9,35,21,-30,-23,30,3,-21,-3,13,6,18
13,14,12,-24,-25,15,-19,-14,21,13,24,40
16,10,15,-14,-5,5,13,-10,-13,18,3,-11
-8,-2,6,0,6,25,1,-4,14,-16,25,10
6,6,2,-3,-10,7,9,-2,-5,-4,-32,-16
7,-7,-9,6,-10,-14,5,21,-2,-7,20,-23
-5,-9,-9,13,-19,-21,6,18,3,-7,6,-7
-9,-9,1,1,-8,-9,4,2,7,-29,-40,-15
-3,-28,-17,18,16,-10,3,10,-15,-23,-10,-34
-4,-15,-7,0,19,-4,27,24,-28,8,-14,-10
-16,-23,-14,51,1,11,24,12,-16,-10,-18,-21
-25,-13,-36,3,10,-23,13,21,-3,-17,-32,-29
-13,-58,-10,18,32,-8,22,5,13,-37,-23,-1
-27,-37,-42,25,13,-25,17,-2,2,-20,-23,-9
-23,-35,-65,9,9,-27,28,26,-31,-42,-36,-32
-32,-38,-23,46,29,-27,15,22,-20,-48,-40,-15
-5,-46,-17,34,17,-53,36,26,-15,-28,-28,-19
-9,-49,-25,43,47,-33,23,30,-29,-52,-53,-50
-20,-48,-19,58,15,-22,36,30,-23,-40,-55,-32
-51,-50,-19,35,-2,-71,15,60,-4,-33,-56,-43
-16,-50,-29,43,11,-49,27,25,-19,-49,-47,-55
-25,-49,-37,43,21,-35,36,27,-8,-22,-50,-65
-9,-36,-30,47,19,-34,25,19,-12,-47,-47,-43
-22,-37,-42,24,6,-53,28,23,-40,-41,-51,-46
-6,-59,-45,28,9,-32,31,12,-5,-46,-49,-50
-31,-21,-28,38,10,-72,29,35,-4,-43,-52,-48
-23,-56,-32,41,5,-27,21,30,-19,-62,-54,-59
-6,-55,-48,15,31,-61,35,13,-17,-51,-61,-57
-25,-48,-28,54,25,-63,39,38,-2,-53,-63,-11
-9,-81,-43,24,17,-62,20,18,-19,-38,-51,-41
-21,-54,-43,28,-17,-58,37,29,-11,-61,-52,-59
-20,-44,-51,48,0,-59,26,9,-8,-49,-60,-56
-27,-46,-37,66,-3,-49,31,25,-43,-32,-61,-32
-24,-33,-39,22,8,-61,29,21,-20,-78,-61,-56
-43,-70,-44,48,-6,-43,8,25,-29,-26,-75,-32
-10,-61,-50,40,27,-45,34,12,-35,-50,-63,-38
-15,-74,-38,32,-6,-41,25,39,-15,-43,-47,-65
-22,-55,-36,42,13,-47,43,5,-28,-57,-59,-31
-37,-71,-37,33,5,-67,47,45,-25,-41,-60,-38
-40,-69,-39,53,22,-62,34,11,-14,-50,-62,-64
-20,-75,-58,33,14,-52,50,26,-28,-50,-64,-51
-19,-57,-32,45,0,-23,44,8,-23,-64,-72,-53
-28,-74,-40,19,27,-49,49,6,-28,-52,-46,-54
-29,-69,-55,37,4,-46,28,17,-17,-56,-55,-45
-12,-66,-19,34,22,-61,32,29,-19,-52,-71,-38
-27,-59,-48,36,-1,-56,37,23,-12,-37,-49,-29
-31,-49,-47,36,13,-50,32,40,-14,-45,-51,-52
-18,-79,-37,33,10,-33,28,4,-28,-39,-49,-29
-22,-59,-31,34,12,-20,22,21,-1,-45,-34,-40
-21,-63,-33,20,38,-53,52,18,-13,-37,-55,-47
-14,-54,-39,42,8,-65,22,28,-13,-34,-45,-30
-15,-60,-13,49,11,-59,56,5,-5,-38,-56,-40
-9,-52,-20,43,-18,-40,20,23,-14,-44,-37,-34
-32,-56,-21,31,13,-45,31,37,-2,-61,-52,-35
-43,-53,-29,22,21,-64,9,35,-25,-31,-56,-56
-9,-45,-34,41,-22,-60,16,33,-23,-51,-58,-35
-10,-75,-24,20,-10,-50,39,27,14,-32,-49,-50
-11,-53,-47,34,8,-47,34,-6,-41,-39,-34,-47
-6,-31,-37,29,2,-43,10,23,4,-41,-49,-38
-16,-49,-46,36,-12,-18,34,27,-13,-30,-56,-26
-37,-44,-32,33,15,-26,30,-1,-13,-16,-49,-28
-7,-29,-40,29,8,-24,12,-2,14,-47,-52,-22
-29,-40,-18,34,1,-24,9,17,-1,-27,-25,-30
-27,-27,-18,36,14,-17,27,12,-4,-15,-46,-54
-11,-58,-12,21,1,-50,15,28,0,-34,-26,-35
-23,-31,-30,21,6,-26,26,10,-19,-18,-32,-37
-9,-30,-16,2,-24,-18,4,19,-7,-23,-15,-38
-19,-13,3,22,22,-22,-24,-2,-4,-8,-17,-26
3,-31,-26,15,-9,-1,47,9,1,4,-37,-26
-5,-1,-20,20,6,-13,6,10,-2,-36,-29,-10
-1,9,-22,-1,6,-10,24,17,-18,-15,-22,-43
-1,-36,9,35,-1,-1,-10,-1,-1,13,-15,24
16,-2,-14,-2,6,3,-9,4,-8,4,-10,5
18,34,17,-4,-3,3,-12,-15,-15,-11,-4,-13
-10,7,14,-20,-4,14,10,-10,15,1,-8,-13
16,16,25,12,-6,13,-20,2,13,20,8,5
14,23,17,-8,-14,15,-29,4,14,14,31,28
9,42,14,-22,-6,34,-22,-43,20,21,31,13
7,53,33,-30,-24,33,-19,-3,9,39,49,15
38,67,45,-36,-14,50,-2,-43,23,53,66,48
25,59,38,-29,-6,55,-28,-37,12,41,75,26
27,72,60,-47,-16,70,-36,-27,14,46,78,58
32,72,47,-47,6,68,-42,-13,8,66,68,53
26,108,50,-58,19,94,-37,-40,20,61,97,69
41,117,67,-75,-18,96,-70,-47,22,75,90,79
47,109,86,-93,-24,88,-69,-44,46,99,110,73
34,128,94,-97,-24,102,-82,-66,40,104,114,106
48,131,88,-83,-23,127,-63,-49,49,96,116,103
46,163,92,-116,-32,138,-84,-64,39,102,139,118
54,177,100,-87,-3,116,-108,-86,39,122,144,101
60,177,125,-132,-9,146,-109,-49,66,141,166,122
63,183,106,-123,-32,155,-113,-80,62,152,153,138
69,193,135,-125,-19,169,-97,-67,61,126,158,139
71,199,120,-152,-23,171,-109,-80,61,148,191,142
83,231,134,-173,-39,174,-108,-93,49,158,180,148
71,231,144,-177,-51,169,-123,-90,77,151,194,144
86,226,167,-160,-44,175,-134,-72,73,161,183,164
62,211,158,-149,-40,184,-117,-87,80,182,206,177
70,239,145,-156,-35,195,-137,-118,72,163,205,165
82,235,137,-136,-28,224,-128,-90,62,177,192,160
80,247,160,-154,-52,206,-124,-88,71,200,227,197
93,253,157,-181,-35,192,-127,-117,90,167,226,147
68,243,174,-162,-19,221,-146,-96,54,207,221,155
81,232,163,-172,-44,196,-113,-107,47,191,229,168
83,259,157,-160,-39,190,-121,-88,65,183,204,177
81,229,149,-167,-25,198,-145,-88,83,182,210,178
85,217,153,-161,-36,214,-143,-82,67,194,207,159
96,246,118,-145,-17,191,-127,-93,70,175,184,159
74,224,132,-149,-32,190,-130,-77,62,165,199,168
72,220,126,-153,-22,164,-119,-82,58,168,211,153
49,203,135,-133,-25,188,-119,-87,62,170,178,129
70,186,117,-134,-17,141,-108,-93,57,174,179,134
64,173,116,-139,-8,165,-104,-73,35,128,173,131
71,165,117,-127,-18,155,-85,-64,43,141,160,132
65,159,108,-115,-30,154,-76,-67,25,118,149,113
45,166,110,-104,-24,146,-101,-67,41,117,129,133
40,163,108,-110,-21,166,-77,-62,57,85,130,69
71,133,93,-85,-20,104,-68,-65,30,102,117,99
30,123,93,-94,1,99,-57,-56,42,77,102,102
18,116,76,-50,-6,99,-46,-51,45,73,92,76
54,112,62,-64,-8,75,-62,-38,35,59,86,96
32,93,43,-77,-19,84,-50,-21,17,51,82,69
21,76,59,-79,-35,63,-40,-32,24,67,76,69
20,72,39,-45,-23,65,-58,-44,10,34,68,45
13,65,36,-41,-30,64,-40,-30,50,57,63,45
18,53,38,-72,-25,32,-25,-21,17,41,85,57
10,50,17,-41,-1,50,-33,-18,11,35,44,24
30,33,39,-28,-19,48,-35,-32,4,23,48,21
32,24,23,-31,-15,28,-13,-16,0,29,31,49
3,37,11,-37,-17,-1,17,-29,4,19,20,35
8,19,-1,-19,0,28,-34,-2,16,-3,24,34
3,10,19,-21,-12,3,-4,8,9,29,26,-3
-9,10,7,9,-4,14,-4,-6,8,13,11,-11
13,-5,-5,12,-6,6,-2,24,-8,-8,-1,5
2,-5,5,1,16,-13,10,-11,-8,2,2,-7
13,-20,21,-6,-12,28,-2,8,-11,9,-25,5
4,0,-3,25,18,-13,10,11,17,-6,-16,4
-15,6,7,19,20,-26,22,7,1,-3,-9,-23
-18,-11,-13,29,-7,-18,5,-5,-10,-30,-4,-20
14,-29,-26,14,5,-44,12,5,-33,-29,-37,-23
-25,-5,-33,18,-17,-23,-2,20,-11,-20,-42,-20
-15,-60,-46,39,-1,-53,35,19,-22,-64,-26,-45
-26,-60,-41,47,18,-42,53,35,-19,-28,-47,-40
-37,-78,-53,50,19,-51,24,-7,-23,-34,-80,-65
-49,-106,-65,70,31,-72,32,47,-35,-78,-89,-56
-27,-118,-85,87,6,-88,70,53,-40,-98,-116,-51
-70,-122,-79,83,23,-112,93,72,-39,-104,-74,-80
-38,-134,-92,92,29,-118,67,74,-47,-110,-160,-83
-62,-150,-97,106,43,-119,92,60,-46,-129,-149,-107
-77,-180,-128,123,18,-149,97,66,-45,-123,-186,-125
-41,-190,-131,131,36,-149,97,87,-55,-151,-154,-113
-54,-176,-113,158,53,-137,109,72,-69,-145,-177,-130
-67,-186,-138,151,34,-146,118,83,-68,-146,-172,-116
-80,-156,-110,108,6,-143,99,58,-34,-135,-159,-93
-61,-129,-91,118,30,-104,99,50,-45,-113,-117,-106
-21,-90,-72,72,10,-99,69,28,-48,-81,-100,-68
-11,-39,-36,33,16,-40,33,21,-22,-22,-49,-43
31,17,17,10,2,8,-7,6,-8,7,8,27
53,72,33,-60,-14,54,-48,-30,29,76,105,58
83,218,122,-114,-23,144,-107,-69,48,141,176,142
106,311,197,-231,-26,256,-170,-142,92,191,263,220
146,423,271,-287,-85,342,-218,-179,121,310,379,267
201,527,335,-356,-97,457,-289,-223,148,405,494,388
242,669,443,-448,-112,537,-376,-255,187,491,593,457
266,777,502,-534,-122,651,-442,-302,209,575,706,560
302,877,572,-608,-142,723,-509,-353,273,661,781,599
342,949,632,-669,-172,797,-530,-385,302,710,856,680
361,1049,650,-705,-164,851,-576,-428,307,764,936,728
366,1047,690,-726,-151,879,-585,-445,322,807,965,754
349,1085,698,-740,-161,906,-579,-423,321,821,962,757
377,1074,693,-699,-164,874,-584,-426,312,782,948,740
352,1006,686,-685,-149,832,-539,-409,286,755,883,704
319,928,615,-644,-136,792,-518,-367,267,681,864,673
298,808,541,-574,-124,702,-456,-350,234,622,738,567
257,688,493,-478,-111,560,-383,-272,194,530,628,488
204,593,397,-397,-79,501,-325,-243,183,431,519,383
152,443,274,-308,-66,380,-266,-189,134,337,420,315
99,318,217,-226,-60,286,-172,-122,102,248,282,230
79,208,139,-124,-11,169,-111,-68,47,133,172,148
49,83,53,-35,-11,76,-66,-27,27,57,66,56
-17,9,2,-9,14,-20,23,2,14,19,-20,-1
-24,-91,-64,61,9,-91,44,29,-6,-71,-67,-69
-51,-167,-106,123,23,-132,87,57,-57,-117,-150,-115
-76,-224,-149,153,16,-185,111,99,-68,-155,-187,-153
-113,-261,-174,185,33,-215,135,111,-72,-205,-229,-181
-109,-268,-192,186,47,-228,168,117,-60,-188,-244,-196
-102,-280,-166,192,56,-244,187,123,-99,-213,-254,-206
-86,-292,-171,196,46,-209,165,103,-83,-227,-260,-183
-108,-268,-176,182,38,-231,145,110,-85,-198,-248,-169
-74,-259,-155,169,30,-202,134,95,-55,-181,-218,-164
-73,-228,-157,137,39,-198,136,96,-69,-169,-215,-161
-105,-220,-125,145,25,-172,96,73,-61,-138,-209,-142
-65,-170,-118,132,21,-142,94,75,-56,-136,-176,-119
-43,-145,-110,111,22,-131,74,71,-37,-125,-149,-108
-52,-103,-77,79,32,-102,76,61,-38,-104,-129,-90
-31,-96,-79,66,18,-89,46,35,-19,-65,-114,-83
-38,-71,-39,78,19,-60,56,34,-34,-63,-50,-57
-43,-75,-54,47,27,-67,52,4,-16,-51,-56,-67
-19,-55,-42,12,6,-32,34,27,-2,-64,-48,-37
-15,-59,-37,11,16,-65,9,5,-8,-24,-19,-46
-9,-30,-22,11,-6,-15,10,-1,-9,-7,-37,-18
-10,-38,-17,29,11,-23,4,-3,-19,0,-10,1
-2,-8,9,8,10,1,-1,-26,18,-16,-11,-11
2,9,-4,12,12,7,17,6,-3,6,-2,-55
-15,-10,0,2,5,-19,2,4,-3,-9,8,24
4,-37,0,-5,3,0,4,13,6,1,-1,-15
15,6,-1,10,-3,6,2,3,6,0,-12,-1
3,-9,19,-3,4,16,13,15,12,12,-13,4
-36,1,-5,-19,-16,0,-2,3,13,10,-1,-27
14,16,-7,-22,0,14,4,14,-15,-2,-4,-5
-6,11,3,-15,-3,20,-9,-17,17,17,7,15
2,7,19,-17,8,-6,14,15,-6,14,14,13
10,34,0,2,-6,28,-13,-13,-6,35,26,10
7,16,28,-4,-30,19,-5,-12,-1,5,30,24
9,56,14,-25,1,44,-48,9,24,24,41,26
25,14,28,-15,-9,37,-8,6,14,32,22,24
32,47,21,-23,5,40,-22,-32,14,24,51,13
17,37,41,-36,-9,34,21,-7,16,25,29,57
24,55,8,-39,-20,55,-47,-17,-12,45,53,49
32,75,19,-53,6,48,-30,-28,1,46,73,16
31,57,57,-41,-10,48,-38,-18,37,62,76,54
33,58,40,-63,-5,51,-36,-19,17,52,89,74
30,60,48,-41,-5,81,-45,-30,30,61,47,69
24,90,61,-57,-16,61,-44,-58,36,72,77,50
27,105,46,-65,-7,89,-43,-27,20,82,92,76
37,111,56,-67,-1,81,-44,-60,49,75,111,72
47,110,77,-68,-12,104,-84,-38,47,99,96,99
43,118,80,-97,-21,108,-65,-36,44,85,84,72
46,139,95,-107,-11,115,-66,-63,41,118,133,87
52,153,82,-92,-26,116,-92,-41,47,124,129,99
45,172,99,-98,-1,113,-75,-58,61,136,135,104
58,180,82,-110,-6,121,-108,-56,43,89,117,122
57,196,108,-97,2,125,-98,-61,54,148,148,131
63,178,117,-109,-22,141,-108,-84,63,139,146,116
84,188,102,-119,-51,160,-100,-85,57,136,186,139
54,193,155,-151,-16,150,-119,-96,55,147,202,137
68,220,157,-134,-40,182,-99,-100,56,157,178,166
92,209,133,-149,-32,188,-118,-104,63,169,217,167
102,223,152,-166,-38,204,-142,-107,76,165,210,171
88,256,162,-158,-27,209,-128,-107,55,186,220,169
117,273,176,-157,-41,229,-129,-109,77,175,242,185
79,276,182,-202,-31,226,-142,-118,101,200,246,194
119,268,184,-185,-44,233,-151,-101,86,212,251,177
110,288,192,-179,-41,248,-164,-115,69,211,258,211
110,307,195,-191,-44,244,-179,-112,111,226,258,212
121,308,213,-200,-34,268,-158,-119,91,234,271,220
109,302,203,-211,-45,281,-167,-122,107,241,299,215
102,330,210,-210,-65,275,-180,-135,106,243,312,225
119,345,228,-234,-48,284,-209,-148,106,265,302,229
136,349,201,-252,-70,294,-168,-137,103,271,295,254
121,363,245,-227,-55,304,-201,-164,112,264,336,254
107,358,264,-253,-50,301,-184,-147,94,262,335,271
130,385,244,-245,-48,300,-206,-157,118,270,323,253
132,360,259,-275,-60,317,-246,-129,114,295,346,263
137,398,251,-267,-70,312,-215,-158,125,289,342,259
118,398,249,-273,-59,319,-195,-151,125,294,365,282
118,399,266,-281,-60,367,-224,-163,127,287,358,296
109,398,272,-275,-46,328,-216,-172,127,311,379,286
156,418,263,-297,-69,341,-221,-167,106,338,374,283
148,417,268,-292,-80,356,-231,-159,144,314,392,310
144,421,272,-284,-79,326,-219,-180,141,306,385,328
150,438,279,-300,-57,360,-230,-177,125,321,385,297
140,447,275,-306,-50,365,-205,-165,142,322,398,310
136,438,296,-308,-67,348,-227,-161,135,312,401,283
171,423,270,-283,-49,349,-218,-156,125,333,368,306
145,432,281,-287,-54,349,-229,-167,124,320,378,303
132,438,274,-297,-60,382,-248,-170,121,324,398,298
158,435,275,-278,-56,373,-227,-180,129,321,392,272
140,429,268,-278,-48,357,-215,-180,130,312,371,306
154,400,279,-270,-77,365,-248,-153,123,318,375,283
142,402,263,-276,-76,345,-225,-167,122,323,372,309
142,419,277,-278,-60,335,-214,-147,140,293,366,296
142,410,275,-262,-72,359,-224,-170,120,311,357,273
137,415,256,-276,-65,342,-211,-143,122,305,362,276
136,386,278,-252,-72,319,-207,-176,112,279,334,262
127,378,262,-262,-76,322,-200,-177,119,287,359,285
144,354,265,-245,-55,321,-231,-124,83,284,353,276
123,374,256,-236,-54,322,-200,-156,96,262,315,265
127,360,260,-232,-71,275,-191,-159,87,274,333,262
117,361,236,-259,-72,306,-206,-143,109,254,328,255
142,368,238,-237,-53,280,-178,-134,111,255,312,250
112,352,219,-226,-57,270,-161,-148,89,270,292,214
120,322,234,-219,-59,261,-208,-119,110,266,277,234
127,330,186,-204,-53,269,-166,-125,116,233,277,238
90,307,203,-206,-30,259,-163,-137,80,233,291,236
119,289,223,-205,-63,241,-177,-111,106,224,273,204
109,289,180,-174,-36,231,-163,-130,72,221,255,216
94,270,172,-192,-47,241,-155,-98,86,197,252,202
84,264,185,-195,-50,215,-145,-102,72,209,217,174
80,250,182,-159,-36,199,-144,-78,87,185,245,197
88,241,159,-156,-45,209,-142,-79,70,178,219,160
96,237,165,-156,-30,193,-136,-90,85,179,205,174
85,228,156,-150,-27,178,-125,-86,57,175,203,176
70,230,123,-120,-33,170,-124,-78,80,192,214,149
78,177,125,-137,-22,164,-116,-90,45,174,172,144
68,182,133,-129,-16,144,-96,-76,56,142,174,126
60,172,98,-145,-31,146,-93,-77,49,108,162,118
77,167,114,-121,-18,155,-82,-66,54,119,159,113
41,151,107,-120,-18,122,-99,-78,61,120,156,107
37,147,95,-100,-14,119,-100,-66,40,98,126,98
48,134,66,-83,-21,128,-67,-46,37,118,129,85
46,137,75,-99,-11,103,-78,-32,38,92,97,77
57,119,78,-88,-29,101,-67,-49,46,100,90,65
32,114,72,-63,-30,83,-65,-34,26,79,94,72
23,100,72,-65,-12,60,-61,-41,29,90,90,55
38,114,66,-72,-5,75,-76,-48,15,61,87,58
27,72,66,-72,-8,67,-72,-31,29,54,71,70
35,69,49,-80,-4,57,-38,-24,33,61,68,45
21,77,23,-60,-7,70,-28,-27,28,51,64,75
24,83,52,-52,4,71,-49,-37,-9,35,48,42
28,66,52,-52,-11,55,-43,-10,25,47,46,14
13,62,41,-39,-6,33,-31,-21,24,35,46,43
-4,59,29,-32,-13,47,-40,-33,28,33,56,28
12,11,21,-33,16,54,-43,-16,19,55,36,35
20,35,12,-30,-27,37,-22,-10,6,20,50,19
-9,40,2,-21,-13,19,-19,-20,14,24,38,43
1,20,26,-8,12,4,-20,1,1,16,36,10
15,35,38,-14,4,14,19,-3,-18,41,49,-10
-1,38,22,-18,-6,3,-14,-13,-4,1,32,13
4,22,30,-22,16,18,-6,-26,2,21,21,-8
6,32,20,-21,-14,31,-27,-17,-15,17,15,16
27,26,-8,3,-14,36,-4,-15,16,15,32,13
-7,8,9,-1,7,-14,12,-10,20,11,27,3
17,1,10,-11,-15,7,-29,5,14,16,10,15
13,22,8,0,12,9,13,15,-7,27,8,1
11,18,10,20,-15,23,0,2,5,-10,25,18
-13,2,6,-5,25,-10,-4,9,-2,-2,5,-10
1,-1,-2,-4,-6,-24,-15,0,6,-5,3,14
-10,-3,-3,18,8,-8,15,0,-10,-9,-13,-1
-8,-26,-11,19,9,10,-20,9,4,-14,-15,8
-10,-7,-21,14,-10,-33,-12,3,-8,-9,-1,12
5,-19,5,-11,-21,-6,2,-4,9,5,-7,-3
3,0,-20,-4,8,12,-14,-8,-1,-13,-6,16
7,-11,-12,-3,17,-8,12,22,-14,-21,-25,-2
-11,0,-8,2,24,-26,-12,11,-13,-23,-9,-9
-6,-3,-16,-17,23,2,3,10,-4,-11,-21,1
-9,3,6,3,-4,-12,19,19,3,2,3,-2
-15,9,-24,15,12,-7,21,4,-12,-14,12,2
0,-19,3,4,-3,17,17,-8,-3,-24,-13,14
-1,-9,-26,-1,-20,-6,-16,2,-9,-13,4,-2
-8,-9,-11,2,25,3,10,14,-10,20,-5,-10
-7,7,-9,1,-12,-11,-5,-10,15,9,3,-6
4,-4,-17,4,-3,-41,-1,21,-25,5,15,0
3,-21,-11,4,15,6,-5,11,16,11,-6,-11
-5,-5,0,19,10,-11,27,-10,8,7,5,-25
-6,-20,-15,18,17,-7,22,5,-14,-12,6,-7
-3,-10,-19,-9,-13,-24,8,-4,-9,-8,0,-4
1,-10,-2,-8,-7,-3,-1,-2,-8,-8,-24,-8
-1,-9,-10,18,-2,-13,16,-10,12,6,13,6
-7,-10,-13,-3,-6,-1,7,4,16,-8,-12,2
15,-1,-8,9,-1,4,9,3,29,-25,7,-8
2,-3,15,0,-8,6,3,14,-19,-20,-5,-7
4,7,-10,-9,0,-32,8,13,2,-4,-16,-12
-18,13,-31,5,-11,-6,9,18,-5,0,-6,-7
1,-15,-26,-20,-8,-2,6,20,13,3,3,5
0,0,1,7,-19,-9,23,4,-18,-16,6,-9
-8,18,-8,0,-13,7,-3,10,-6,0,16,0
-15,-3,14,7,3,-8,13,9,7,-16,4,0
9,-14,-3,16,-1,-1,1,7,-5,-2,0,-19
4,10,-7,7,19,11,2,8,-8,9,-23,-6
-16,-2,8,-12,25,8,-4,11,6,-19,-5,1
19,5,10,-10,4,7,-2,-17,-17,18,-5,-4
7,15,11,-13,-2,-11,-2,12,10,0,-4,31
-5,18,3,3,4,8,2,-7,4,-4,-11,2
-7,13,10,-6,6,2,6,1,-6,8,-7,-9
22,25,-27,9,10,14,14,3,-8,10,-4,4
21,11,-4,0,-8,1,1,3,-14,17,14,14
-3,36,-4,-5,-2,-5,-2,-2,1,11,11,19
-3,18,11,-13,3,12,-5,-2,2,6,25,19
3,17,11,-3,3,7,0,0,12,21,13,7
-6,-4,13,-12,9,11,10,-20,-11,31,29,15
12,9,24,-28,-29,2,3,14,18,19,21,12
21,20,10,-21,6,9,-10,-1,6,25,15,21
-8,18,-1,-15,4,17,-4,-26,25,14,9,11
-5,18,1,-20,7,27,-13,-3,20,21,14,20
-4,36,37,-20,17,33,-34,-34,4,28,22,27
3,32,6,-68,6,22,-19,3,31,23,44,42
6,35,25,-38,2,41,-36,-7,15,23,41,28
22,29,25,-28,11,33,-18,-27,39,13,42,26
18,47,40,-24,-27,32,-33,-26,37,24,39,19
15,58,32,-43,-36,42,-39,-13,8,42,53,46
15,74,26,-27,-8,41,-42,-19,19,43,56,13
16,75,56,-45,0,68,-24,-24,15,53,74,37
15,90,35,-53,15,50,-48,-29,34,38,73,41
30,73,34,-74,-34,63,-44,-39,22,100,86,73
23,88,65,-63,-20,85,-65,-41,37,65,90,54
46,113,50,-56,-20,73,-61,-12,11,73,93,69
50,114,53,-62,-12,74,-44,-45,45,103,104,73
35,83,79,-51,-35,96,-74,-49,51,72,120,78
51,113,85,-80,-12,90,-60,-44,34,96,95,90
51,141,104,-97,-5,128,-83,-49,57,99,124,95
47,159,93,-102,-18,132,-83,-30,51,94,127,91
57,145,103,-101,-33,148,-95,-58,50,133,132,120
55,177,99,-130,-28,142,-91,-56,40,101,151,112
66,169,119,-136,-25,151,-88,-58,51,148,166,132
63,193,150,-138,-39,185,-109,-71,47,129,174,142
54,195,135,-161,-21,161,-110,-65,55,148,184,150
77,207,118,-159,-31,186,-117,-96,75,156,192,149
73,204,141,-132,-55,194,-134,-75,79,166,198,156
83,224,125,-172,-51,199,-141,-95,75,205,209,173
94,223,152,-185,-40,197,-121,-85,82,166,210,176
75,254,157,-167,-39,213,-127,-102,94,201,218,153
90,278,178,-184,-54,217,-143,-103,87,207,242,174
105,271,173,-198,-34,231,-132,-96,106,208,253,189
106,273,190,-195,-36,206,-158,-123,69,208,252,192
114,303,183,-206,-59,270,-149,-121,88,206,255,208
98,266,170,-203,-33,246,-146,-100,76,207,261,199
108,282,197,-191,-28,224,-157,-95,92,231,247,206
92,278,199,-177,-47,229,-147,-104,79,213,256,221
96,287,172,-196,-65,222,-151,-105,108,239,234,195
108,293,170,-196,-17,243,-155,-116,70,231,235,214
105,273,208,-197,-41,238,-151,-109,91,230,253,196
106,292,196,-192,-57,226,-158,-105,89,231,251,200
89,292,201,-186,-41,226,-141,-105,107,215,257,181
101,309,181,-192,-38,219,-167,-111,83,205,253,201
114,267,156,-181,-38,224,-159,-113,76,212,226,209
79,261,153,-176,-42,226,-128,-105,70,205,233,195
99,251,153,-168,-55,220,-134,-107,55,217,234,177
64,248,162,-187,-20,208,-138,-86,80,188,220,160
84,263,153,-173,-46,210,-148,-83,79,173,221,168
57,259,144,-179,-43,162,-130,-98,59,188,220,158
60,220,141,-134,-49,190,-119,-109,75,178,196,158
65,237,135,-140,-43,192,-121,-83,89,141,183,146
57,208,122,-136,-25,168,-91,-87,47,139,158,166
99,195,133,-123,-48,136,-98,-67,61,140,167,146
68,199,123,-135,-27,156,-98,-73,64,153,166,116
42,159,116,-121,-16,129,-97,-52,61,118,143,116
65,159,98,-116,-32,123,-67,-68,57,148,128,114
20,134,86,-98,-14,106,-67,-60,63,104,125,82
48,135,88,-104,-17,105,-79,-53,23,90,111,105
35,133,103,-82,-22,112,-73,-53,39,86,134,111
39,92,87,-80,4,118,-83,-42,38,93,110,79
47,70,67,-83,-28,85,-61,-30,22,76,85,75
33,109,65,-88,-10,82,-61,-32,44,66,113,83
24,89,78,-53,-13,74,-59,-38,47,58,100,51
46,86,64,-55,-15,82,-38,-56,33,75,65,53
45,53,43,-50,-11,37,-42,-30,5,52,52,41
26,74,54,-55,8,17,-39,-34,31,54,74,72
20,55,69,-33,3,52,-28,-9,0,58,57,37
14,57,32,-20,3,56,-31,-9,29,22,56,51
16,58,25,-33,20,33,-42,-22,4,29,39,28
-9,30,18,-35,11,48,-12,-15,-13,45,49,50
8,40,35,-16,-31,15,-29,-8,19,24,20,28
21,28,16,-25,-20,2,-5,-13,6,27,39,20
30,20,16,6,4,6,-9,-14,12,30,9,14
15,41,2,-14,-11,13,-6,-9,12,38,11,27
13,15,3,-4,-8,13,-11,-5,8,33,4,22
10,2,-3,5,-8,20,-4,-22,7,4,17,13
7,21,0,-15,3,22,-28,-10,-12,-6,-12,9
2,-15,-22,34,8,-9,-1,11,-8,2,-22,8
11,-18,-28,-3,12,-12,6,-13,-6,-18,-40,9
2,-35,-22,19,29,-24,27,12,-30,-16,-26,-29
-18,-42,-28,31,8,-48,12,15,-18,-41,-26,-37
-6,-53,-39,36,14,-66,53,13,-29,-36,-76,-81
-27,-103,-43,65,14,-73,70,45,-18,-65,-84,-57
-36,-100,-75,68,28,-80,50,39,-34,-70,-97,-75
-23,-122,-71,88,19,-103,85,60,-62,-89,-120,-84
-43,-108,-93,71,15,-100,48,86,-49,-90,-109,-96
-54,-140,-102,84,30,-123,72,42,-51,-126,-120,-107
-48,-153,-102,118,28,-123,80,61,-81,-98,-137,-119
-36,-131,-93,78,28,-113,73,44,-42,-113,-114,-83
-52,-110,-87,91,23,-104,72,74,-40,-113,-103,-65
-52,-105,-74,54,3,-86,73,37,-52,-73,-90,-70
-31,-47,-53,62,-11,-35,67,16,-22,-39,-70,-33
-11,-4,0,27,4,-7,12,35,3,1,6,1
21,67,29,-40,-22,69,-35,-32,22,41,74,42
72,172,96,-93,-25,120,-81,-73,46,112,131,117
83,231,184,-152,-47,202,-133,-100,67,187,208,158
99,353,201,-246,-80,287,-206,-143,105,273,311,241
179,444,304,-318,-55,379,-254,-171,130,374,419,321
202,591,381,-412,-84,491,-315,-221,181,420,531,421
262,742,452,-460,-87,593,-399,-279,215,537,649,501
309,824,536,-573,-119,712,-461,-341,262,628,731,566
332,928,601,-621,-125,763,-510,-364,292,729,843,672
349,1018,702,-676,-148,878,-573,-411,314,783,924,712
373,1102,717,-739,-174,907,-601,-430,328,817,992,751
403,1135,733,-778,-168,950,-623,-449,334,853,1016,795
389,1134,729,-779,-179,923,-631,-445,339,867,1024,797
364,1121,732,-768,-178,912,-618,-458,321,843,1003,804
384,1060,689,-730,-158,877,-590,-445,302,785,960,743
321,990,639,-652,-137,818,-527,-364,277,714,884,677
301,855,565,-584,-132,700,-486,-347,283,648,794,641
280,745,480,-515,-105,629,-398,-293,227,563,657,548
219,647,428,-421,-99,534,-353,-246,181,472,557,453
176,496,322,-353,-84,418,-272,-174,150,362,449,333
141,377,245,-261,-62,308,-194,-157,110,284,325,247
86,247,161,-184,-30,195,-124,-100,76,172,216,169
31,124,95,-100,-16,112,-80,-66,63,101,97,95
4,36,29,-5,2,42,-19,0,7,26,15,15
-21,-74,-47,40,5,-45,42,35,-15,-30,-60,-46
-54,-155,-80,88,17,-125,56,38,-43,-102,-113,-74
-71,-173,-128,121,44,-133,102,76,-35,-134,-163,-112
-66,-211,-120,174,28,-169,115,93,-63,-132,-176,-142
-83,-210,-157,153,40,-182,123,89,-66,-158,-185,-164
-81,-250,-148,185,32,-217,120,59,-95,-179,-198,-149
-104,-232,-171,164,32,-188,103,97,-49,-153,-225,-170
-89,-222,-164,126,38,-175,148,90,-52,-169,-192,-164
-71,-198,-140,136,35,-175,115,75,-44,-169,-225,-115
-71,-178,-142,120,41,-136,111,51,-78,-128,-156,-127
-62,-165,-85,109,35,-147,106,44,-52,-107,-184,-116
-31,-142,-101,106,31,-104,84,64,-45,-100,-127,-107
-36,-114,-86,81,21,-101,58,47,-27,-81,-102,-79
-56,-98,-51,66,18,-56,48,42,-28,-44,-66,-47
-41,-62,-28,58,6,-74,62,35,12,-45,-62,-55
-3,-54,-24,36,16,-44,30,14,-17,-20,-42,-53
-31,-29,-27,26,23,-22,-3,26,17,-32,-30,-24
-19,-12,-28,0,6,-6,-11,7,4,-2,-12,-8
-1,-3,-4,9,12,-13,-10,-29,1,17,-17,2
6,10,21,-1,-4,5,-8,4,-7,1,6,3
8,42,-27,2,-19,32,-32,-13,20,26,-4,12
13,14,7,-19,-8,17,7,-10,13,27,34,11
2,27,27,-14,-17,29,-31,-36,1,32,12,4
14,47,1,-19,-18,28,-3,-27,4,-1,51,33
7,54,18,-11,11,25,-20,-10,15,31,20,4
39,29,36,-52,-6,30,-41,-9,39,22,47,35
0,33,49,-18,-22,67,-13,-21,7,48,36,45
26,40,18,-20,2,49,-33,-12,27,29,26,21
35,54,36,-28,-20,46,-20,-40,35,48,39,20
36,70,28,-46,-26,49,-21,-23,19,28,31,29
26,60,47,-43,-24,56,-44,-41,26,44,71,31
12,39,22,-49,-32,42,-55,-8,8,27,52,32
17,69,36,-44,-26,61,-25,-10,12,69,69,59
28,67,53,-34,-8,60,-51,-30,12,63,47,33
23,77,58,-15,-21,55,-40,-36,16,56,74,46
37,67,55,-73,2,68,-45,-42,27,74,62,56
43,86,56,-66,-1,86,-71,-30,14,76,76,54
35,89,53,-58,-33,94,-36,-43,38,77,86,61
38,91,37,-63,3,83,-49,-48,38,58,108,70
49,98,69,-65,-17,69,-72,-41,37,68,86,71
24,115,74,-96,-20,93,-33,-40,43,77,109,85
20,111,72,-59,-16,101,-78,-39,53,87,99,78
18,146,89,-106,-33,102,-61,-61,32,84,92,103
42,117,82,-90,-8,125,-57,-45,42,107,130,109
25,142,106,-104,-18,109,-60,-69,40,112,113,69
63,130,96,-88,-21,104,-76,-49,35,103,131,109
51,175,97,-88,-19,138,-55,-68,48,116,144,89
49,174,100,-106,-31,106,-90,-63,48,112,131,120
64,169,113,-104,-17,133,-109,-48,64,125,181,112
60,202,83,-131,-35,150,-108,-81,50,130,171,120
86,192,118,-115,-26,181,-99,-45,61,148,170,131
60,213,138,-124,-32,160,-111,-100,49,156,173,156
71,215,140,-142,-44,181,-106,-109,74,136,201,167
83,208,142,-141,-41,173,-118,-87,62,174,192,159
99,227,156,-152,-33,201,-136,-75,62,180,182,175
70,254,154,-165,-31,200,-133,-91,58,187,215,164
97,249,148,-174,-45,201,-143,-130,74,162,231,184
68,267,169,-178,-32,216,-138,-93,81,206,253,197
84,266,187,-181,-61,219,-145,-97,82,228,243,180
99,287,178,-205,-62,245,-152,-119,90,227,258,228
100,289,183,-213,-21,240,-177,-126,101,212,248,193
100,321,190,-206,-45,254,-166,-131,100,215,288,212
100,314,188,-217,-59,239,-180,-145,75,210,257,220
123,321,206,-207,-41,276,-203,-127,89,247,298,227
123,326,209,-252,-46,286,-184,-117,98,280,282,232
97,365,234,-242,-36,293,-176,-140,94,254,306,264
124,350,249,-261,-51,284,-211,-147,103,276,323,275
136,379,224,-268,-51,300,-202,-160,111,271,336,265
144,369,231,-259,-50,333,-197,-177,92,289,354,270
148,390,261,-251,-49,327,-224,-140,113,287,328,299
145,391,265,-278,-63,309,-219,-153,119,302,333,280
119,387,268,-279,-68,356,-222,-180,141,321,374,278
162,392,263,-294,-61,351,-224,-183,115,310,357,263
171,410,279,-286,-75,352,-216,-144,149,332,386,299
169,429,282,-308,-40,342,-236,-145,128,321,382,298
163,457,276,-279,-41,364,-239,-160,128,312,384,319
157,421,271,-311,-80,355,-249,-166,102,335,392,308
167,455,292,-287,-66,349,-257,-175,126,336,376,311
156,455,296,-314,-78,376,-239,-180,148,343,393,308
164,430,292,-308,-54,369,-235,-180,167,334,397,295
136,443,285,-324,-89,382,-227,-174,126,338,409,306
189,492,303,-321,-77,377,-256,-197,145,343,410,325
153,447,305,-313,-92,381,-237,-205,135,371,410,327
165,465,314,-307,-51,383,-244,-196,114,335,401,325
170,467,289,-290,-67,383,-262,-183,144,360,405,321
154,474,308,-318,-53,369,-239,-200,122,321,408,334
167,459,284,-312,-57,396,-252,-176,163,340,443,330
155,465,300,-303,-47,362,-264,-192,139,335,434,317
155,435,301,-312,-63,373,-270,-167,139,341,423,304
154,445,289,-299,-67,361,-249,-192,135,352,411,311
158,431,313,-276,-61,369,-250,-169,148,351,404,296
156,445,286,-292,-65,361,-253,-158,129,339,400,316
167,447,286,-306,-55,352,-241,-175,137,318,381,306
144,419,311,-278,-69,384,-240,-201,104,337,388,298
143,428,261,-303,-61,364,-238,-163,131,308,386,286
168,422,265,-292,-50,346,-229,-172,113,302,377,298
152,397,264,-263,-48,352,-236,-161,115,330,372,251
129,385,272,-257,-67,336,-215,-167,123,268,334,288
145,397,241,-269,-67,334,-221,-156,112,302,351,273
145,361,245,-268,-50,329,-207,-170,118,294,351,269
128,363,271,-238,-55,305,-188,-155,109,283,332,270
133,379,222,-260,-38,301,-195,-122,89,265,317,262
106,354,234,-253,-54,296,-203,-132,98,268,310,252
146,355,218,-244,-49,290,-199,-140,99,272,312,230
123,346,221,-238,-75,284,-175,-123,99,247,284,220
112,308,205,-205,-51,279,-186,-127,92,273,302,238
101,319,219,-218,-38,265,-172,-112,86,238,273,216
112,320,195,-200,-82,247,-168,-122,95,204,278,203
104,301,188,-211,-29,263,-164,-125,91,207,271,212
100,285,167,-194,-55,226,-160,-123,99,205,264,178
95,264,175,-191,-23,208,-145,-73,68,204,263,175
110,258,177,-180,-40,215,-145,-80,72,168,238,186
111,242,132,-163,-38,182,-124,-108,66,185,221,187
96,226,162,-169,-18,185,-126,-103,38,177,221,156
87,215,153,-163,-29,197,-141,-83,70,171,205,159
71,216,157,-149,-23,180,-118,-78,56,137,203,154
79,223,115,-122,-24,160,-99,-85,80,151,206,161
72,168,116,-116,-22,162,-111,-77,58,171,177,111
71,179,122,-127,-24,130,-110,-71,56,111,168,119
70,181,121,-152,-21,136,-110,-63,57,140,162,113
67,169,102,-109,-15,147,-65,-49,46,133,162,120
63,151,116,-95,-3,124,-87,-51,50,100,148,114
63,132,75,-104,-51,123,-84,-64,43,115,123,78
49,153,101,-107,22,105,-69,-43,42,113,108,105
47,137,77,-98,-19,83,-56,-60,26,112,118,94
38,130,79,-67,-27,116,-48,-55,34,98,104,97
42,104,89,-85,-10,74,-85,-49,21,101,103,57
51,123,61,-76,2,87,-58,-53,15,81,89,86
31,109,57,-62,-22,78,-62,-9,17,92,76,67
22,82,70,-62,-7,69,-53,-35,28,63,92,54
58,89,36,-71,-4,97,-66,-41,12,72,83,63
30,56,63,-40,-7,78,-67,-49,31,44,96,88
13,73,54,-59,-4,69,-59,-29,17,52,73,51
22,48,37,-54,-2,52,-47,-32,27,59,67,36
17,68,30,-42,-12,31,-43,-21,-5,69,60,27
15,62,46,-49,5,49,-38,-36,9,37,60,34
26,52,46,-29,-13,52,-37,-43,32,60,49,39
11,56,42,-49,-27,14,-27,-38,34,33,46,29
20,59,41,-29,-14,52,-29,-20,-14,31,23,39
11,70,29,-26,0,15,-2,-33,19,46,48,59
4,17,24,-32,-4,24,-3,2,26,30,15,52
1,25,38,-36,10,35,-28,-3,-9,26,33,37
36,24,36,-30,-11,16,-22,-12,4,32,26,23
-1,17,29,-24,8,42,-20,-2,-12,19,20,33
13,15,28,10,-10,22,-10,0,15,24,22,18
-6,19,20,-27,-25,9,-10,-11,19,17,15,8
20,20,28,-16,14,21,-18,-4,18,12,7,27
4,34,15,-12,12,39,10,27,19,13,2,20
17,17,19,-24,23,14,-24,-4,-4,12,38,15
-4,20,18,-10,17,3,-7,-22,12,-17,11,14
-6,-7,9,12,-3,39,-11,-12,-21,28,35,0
8,16,0,-8,18,39,-31,-3,-2,3,14,-11
-20,7,-5,-13,-2,17,13,-4,-8,-6,20,-2
20,0,-2,1,-9,24,-24,4,7,-15,6,0
-3,10,16,-5,-2,26,-4,-11,6,10,15,11
-15,15,9,-7,-10,3,-7,-4,-1,-23,4,-9
-16,0,-10,-20,-15,12,-1,3,7,11,8,-4
-15,10,-6,-10,8,20,-29,16,12,3,6,-3
0,5,-10,-11,22,13,4,-27,35,-2,44,-1
9,13,-24,-9,-14,39,-7,-15,0,-8,19,-17
16,-9,21,-7,8,23,3,-22,34,9,-5,9
6,-5,-2,7,-11,-2,19,5,-9,-1,17,-6
6,-4,1,0,5,27,-3,-22,-6,12,0,-9
-21,-4,20,-18,-9,5,-10,-14,-3,7,14,3
2,9,-2,15,3,15,20,1,0,30,7,2
-5,1,-14,23,3,12,-11,-6,-5,-13,11,11
1,2,11,-8,-13,16,2,1,-2,15,-6,31
2,3,6,-11,-7,-7,1,5,22,-2,15,21
6,6,14,4,3,6,-6,-17,7,-10,8,-11
17,22,8,-35,-11,5,6,18,6,19,4,-8
-13,9,14,-4,1,8,2,3,8,16,18,11
-1,1,-14,-13,3,17,14,-4,4,-4,23,28
-14,1,6,11,-8,6,-9,7,-2,28,7,16
7,-2,8,-8,-21,33,2,-15,-2,14,9,5
-21,13,6,-10,0,14,0,-31,-5,1,7,0
8,-5,32,-3,0,12,-4,-1,-5,-5,5,-2
8,27,3,-18,-29,-7,-16,3,-18,-1,17,-4
16,-3,-6,-18,11,16,-15,-23,-24,12,-8,21
-14,8,-1,-1,9,32,14,2,-10,-4,11,-2
3,6,3,3,-17,-34,7,17,4,25,-12,1
-2,24,3,13,-3,-4,-16,-11,3,2,-28,-28
17,17,21,-3,5,14,1,-40,-5,6,6,15
-11,9,-9,-3,2,14,-14,9,-17,17,17,1
5,5,23,-11,3,7,0,-11,-17,6,21,12
11,26,9,-12,-25,19,1,-12,7,15,-10,20
5,27,-4,2,17,32,7,-22,16,16,22,0
14,24,4,-3,-13,-3,-39,-33,12,17,13,10
-11,29,16,-7,5,7,-8,-9,-8,-6,8,11
-6,3,-20,-19,-20,-8,-22,-10,8,20,3,5
31,8,17,16,9,21,0,-12,-7,19,12,30
12,17,24,-5,-14,6,-27,-14,10,-8,13,13
8,10,12,-17,15,32,-16,-3,18,37,19,-1
2,23,23,4,-4,45,-11,13,7,-2,30,1
-6,29,25,9,-6,39,-17,-27,13,24,21,15
10,34,19,-32,4,13,14,8,25,39,34,-7
-5,15,-8,-16,2,24,-27,-29,0,40,30,33
-5,50,21,-29,-4,15,8,-33,22,20,44,11
23,47,35,-28,-26,21,-29,-35,17,22,49,15
9,53,20,-24,-11,54,-14,-29,17,16,38,54
31,52,56,-20,-20,42,-35,-31,2,31,39,37
4,50,22,-20,-20,45,-33,-17,30,53,69,45
17,32,32,-38,-23,44,-52,-19,6,42,51,46
20,49,31,-40,-7,56,-7,-7,28,34,31,53
25,59,41,-59,7,62,-44,-21,44,64,63,56
32,73,73,-48,-31,87,-22,-32,12,36,51,65
11,87,80,-58,-13,58,-30,-37,16,67,85,49
42,81,65,-66,-2,91,-57,-33,41,71,81,70
29,95,61,-82,-6,92,-44,-40,32,81,94,73
34,110,76,-38,4,88,-68,-61,46,70,99,73
40,129,107,-90,-33,121,-73,-46,48,79,107,104
53,147,83,-98,-30,103,-74,-60,59,97,117,94
67,152,81,-77,-37,115,-88,-72,43,110,122,88
56,169,95,-87,-27,119,-95,-68,35,140,137,97
90,146,96,-127,-23,142,-88,-60,39,139,143,133
65,181,117,-120,-19,137,-86,-67,36,138,134,125
70,186,129,-112,-20,173,-118,-90,41,142,184,166
66,223,119,-122,-20,173,-104,-72,54,160,163,126
58,196,141,-133,-22,151,-122,-88,67,154,205,163
73,219,134,-139,-31,204,-109,-74,51,160,190,166
61,227,133,-143,-40,167,-143,-109,95,172,207,134
51,235,155,-176,-45,200,-134,-102,58,190,196,149
82,226,174,-160,-51,177,-136,-108,53,173,213,157
65,249,156,-176,-37,217,-120,-100,55,204,233,185
88,262,175,-172,-50,227,-142,-78,47,190,234,182
105,268,202,-182,-51,214,-155,-109,91,194,246,202
103,276,176,-191,-35,241,-153,-110,92,209,254,181
101,278,179,-173,-44,235,-151,-109,41,235,248,234
89,305,191,-196,-42,238,-166,-115,85,230,264,198
125,307,195,-194,-44,235,-159,-108,75,219,247,208
116,303,186,-201,-37,237,-161,-139,79,222,256,214
84,309,199,-207,-49,245,-167,-118,74,225,283,189
121,294,176,-191,-45,258,-170,-104,69,212,274,208
117,266,193,-221,-45,241,-180,-116,85,220,266,208
98,274,196,-197,-15,243,-145,-116,84,219,254,195
101,281,170,-216,-66,228,-154,-111,83,248,261,205
85,319,181,-206,-21,228,-174,-99,83,228,257,204
91,272,177,-181,-41,231,-155,-112,83,201,247,208
94,272,169,-193,-32,216,-154,-102,73,182,248,186
116,251,206,-176,-52,241,-132,-116,83,205,226,199
104,254,157,-147,-23,230,-161,-110,79,200,239,186
86,260,170,-161,-28,209,-140,-89,69,188,224,177
83,236,144,-162,-27,208,-103,-98,66,163,200,152
80,214,139,-149,-52,210,-117,-95,56,172,208,137
66,206,168,-133,-34,167,-117,-92,64,164,177,168
64,205,129,-120,-31,162,-133,-91,54,139,187,141
46,175,127,-130,-44,161,-103,-93,69,151,153,154
75,181,120,-110,-12,172,-96,-54,52,124,161,111
63,166,125,-92,-16,125,-92,-78,46,129,132,107
51,128,90,-108,-31,144,-82,-71,61,107,135,118
46,134,95,-93,-39,131,-91,-72,41,98,136,98
61,143,78,-84,-12,106,-84,-57,42,90,118,109
53,132,76,-98,-27,113,-62,-49,34,110,110,91
35,109,73,-86,-31,132,-64,-41,28,85,118,73
34,117,71,-57,1,90,-67,-60,26,89,100,100
39,93,61,-64,-11,57,-42,-35,41,77,101,82
30,89,55,-65,-24,75,-34,-37,27,71,78,87
30,83,61,-62,-2,80,-41,-40,20,44,58,87
14,89,56,-53,-4,77,-43,-29,17,25,66,53
29,64,33,-40,-14,60,-29,-25,12,53,50,40
18,65,39,-39,0,75,-38,-3,29,38,39,36
7,56,34,-28,-3,31,-27,-7,6,34,31,74
4,39,23,-17,-1,48,-29,-23,5,50,52,29
16,15,38,-44,3,37,-32,-23,14,29,35,18
3,41,19,-8,-1,28,-15,-7,13,36,8,34
27,33,42,3,1,44,-20,-19,13,8,38,27
10,17,10,-19,-24,14,-6,24,-13,18,25,20
27,48,15,-33,0,20,1,2,-4,9,25,12
16,16,9,-17,14,-12,4,-21,4,25,23,-4
-3,-8,11,-4,24,31,-15,-14,6,7,3,4
1,-7,-9,-4,0,16,1,-2,-10,18,23,-4
-20,-8,-3,26,7,-15,4,14,0,-2,-6,-7
5,-20,-12,26,33,-29,23,15,-2,-19,-14,-21
-8,-33,-20,15,0,-31,16,34,-31,-29,-40,-30
-11,-68,-39,40,-6,-32,0,26,-15,-57,-54,-42
-2,-46,-37,54,23,-28,31,9,-24,-55,-75,-57
-12,-97,-53,65,2,-70,53,43,-22,-70,-67,-48
-56,-104,-60,48,2,-89,53,80,-19,-68,-77,-66
-48,-125,-75,70,16,-89,71,28,-36,-92,-96,-73
-30,-119,-99,75,44,-113,52,57,-42,-100,-121,-82
-37,-143,-101,113,24,-112,63,63,-51,-111,-129,-95
-53,-141,-102,96,39,-115,90,50,-53,-108,-138,-105
-69,-153,-128,103,3,-126,97,82,-37,-124,-151,-136
-29,-144,-79,115,7,-141,92,70,-38,-113,-139,-96
-38,-146,-76,96,21,-122,67,69,-59,-98,-151,-91
-42,-102,-66,94,27,-125,67,43,-6,-85,-92,-73
-18,-71,-52,41,0,-63,28,28,-15,-63,-78,-44
-37,-33,-3,17,-9,-22,2,18,-1,-7,-23,-25
34,69,22,-35,-15,29,-14,-34,17,48,57,15
60,138,94,-94,-39,125,-82,-56,44,103,116,103
69,260,159,-160,-26,189,-121,-106,86,166,221,185
122,323,231,-246,-60,292,-163,-131,127,262,312,224
162,451,296,-312,-91,364,-253,-200,133,350,427,310
193,575,351,-373,-98,499,-318,-256,187,409,502,413
233,679,460,-483,-103,586,-392,-303,224,518,654,487
284,821,526,-568,-148,674,-458,-350,250,623,752,585
327,929,589,-645,-130,791,-524,-355,291,707,815,651
366,1018,662,-716,-149,842,-562,-417,315,770,905,700
376,1058,720,-733,-168,887,-588,-455,344,796,982,753
402,1139,726,-777,-164,917,-601,-443,335,842,1005,802
401,1122,735,-759,-156,942,-631,-432,335,841,1020,791
392,1091,717,-753,-148,915,-602,-433,307,826,990,784
390,1040,678,-711,-163,879,-564,-418,332,793,963,730
347,987,637,-676,-143,801,-551,-408,307,730,876,695
301,892,553,-615,-118,735,-483,-356,282,668,785,616
274,754,487,-522,-118,637,-407,-297,257,565,669,525
