I,II,III,aVR,aVL,aVF,V1,V2,V3,V4,V5,V6
353,991,634,-693,-117,810,-537,-419,281,733,862,692
342,959,630,-655,-137,817,-527,-392,311,718,861,695
323,942,611,-619,-133,764,-519,-378,312,703,836,645
312,884,571,-586,-118,739,-489,-344,270,657,774,620
259,770,510,-520,-116,664,-436,-300,252,583,719,555
229,677,433,-449,-116,578,-374,-273,229,509,616,492
223,580,371,-390,-98,476,-335,-228,173,449,513,406
161,480,304,-314,-72,394,-262,-173,135,368,409,321
110,343,222,-227,-36,274,-205,-148,117,255,323,279
93,232,148,-178,-42,219,-133,-82,64,171,225,168
34,112,76,-64,-31,109,-74,-43,48,95,113,87
-21,31,28,-12,-13,31,-4,-2,5,23,42,20
-30,-45,-40,35,26,-64,16,26,-12,-61,-43,-48
-66,-132,-92,77,41,-134,59,45,-36,-88,-112,-108
-83,-185,-97,123,62,-157,91,73,-41,-128,-192,-148
-94,-219,-159,160,24,-214,139,93,-78,-190,-232,-165
-96,-301,-164,188,36,-239,151,107,-94,-194,-257,-192
-87,-307,-210,215,43,-264,189,126,-79,-220,-259,-213
-102,-349,-214,227,32,-270,193,134,-106,-246,-289,-227
-115,-327,-208,230,63,-264,189,128,-95,-254,-281,-231
-86,-319,-215,208,38,-276,191,136,-97,-240,-278,-254
-134,-321,-192,200,36,-256,160,114,-100,-231,-273,-232
-105,-306,-194,198,46,-215,163,109,-83,-228,-252,-192
-90,-243,-170,173,37,-224,167,83,-66,-207,-231,-211
-79,-254,-164,153,58,-206,143,114,-75,-183,-215,-170
-76,-212,-146,171,41,-172,113,86,-76,-181,-202,-153
-75,-214,-130,138,22,-142,111,76,-67,-142,-191,-147
-69,-166,-108,142,22,-130,90,63,-37,-137,-145,-126
-56,-154,-94,89,16,-104,88,40,-52,-98,-119,-102
-58,-117,-111,102,17,-130,83,62,-30,-97,-137,-90
-14,-99,-63,74,30,-106,78,48,-30,-77,-104,-88
-36,-97,-60,48,11,-73,65,36,-47,-78,-94,-84
-31,-78,-89,68,16,-93,70,25,-29,-51,-90,-77
-19,-97,-67,59,19,-67,55,24,-21,-65,-85,-40
-27,-96,-39,45,15,-80,31,38,-38,-54,-87,-56
-16,-72,-50,48,20,-83,38,51,-34,-72,-64,-55
-18,-50,-50,54,10,-59,24,16,-17,-52,-61,-51
-22,-58,-58,41,19,-58,25,29,-28,-51,-71,-49
-25,-46,-57,58,23,-43,35,20,-12,-52,-58,-54
-13,-57,-41,57,9,-43,23,33,-16,-26,-51,-29
-3,-66,-17,25,12,-32,37,7,-47,-42,-45,-33
-23,-54,-25,28,30,-57,21,21,-20,-35,-73,-47
-27,-42,-24,36,7,-28,25,15,-14,-26,-55,-32
-5,-52,-23,56,-15,-28,18,31,-22,-36,-26,-35
-40,-52,-50,40,22,-22,21,13,6,-27,-26,-22
-5,-58,-27,40,-26,-45,32,19,-17,-39,-26,-29
-17,-41,-15,13,-4,-25,18,37,5,-37,-37,-40
-16,-60,-30,33,2,-43,21,14,-21,-49,-36,-10
-13,-14,-35,19,-1,-34,13,5,-4,-31,-9,-29
-16,-35,-23,8,18,-41,10,1,-3,-3,-37,-21
-7,-42,-1,14,12,-20,43,32,-14,-4,-23,-35
-9,-32,-23,10,-12,-10,25,23,-26,-2,-46,-12
-15,-12,-5,21,4,-27,3,7,21,-9,-19,9
11,-24,-9,17,4,2,0,7,-34,-4,-15,-21
-11,25,13,13,3,-6,9,10,4,-14,-21,-28
-19,-8,6,11,-15,-34,11,-19,-29,-16,16,-18
10,-9,-3,6,17,39,12,3,0,5,-4,9
1,8,-12,-7,4,8,3,2,3,-8,0,15
23,29,-2,15,-18,-4,-11,-13,-16,-16,-8,3
27,4,-9,-25,-2,5,-13,-11,4,14,10,-4
27,31,25,-16,3,29,-13,-6,1,11,17,25
31,41,7,-4,11,43,4,-11,14,30,42,30
14,30,37,-16,-21,39,-10,-37,8,40,11,43
12,35,47,-21,2,37,-5,-30,37,26,22,26
19,32,42,-56,-4,23,-5,-29,3,51,51,29
24,67,26,-40,-41,26,-31,-10,-8,60,50,44
31,74,30,-44,-6,61,-35,-18,10,29,53,27
20,86,67,-50,-32,61,-45,-25,57,36,73,46
30,77,43,-46,-8,52,-42,-28,34,78,83,73
41,88,65,-64,-1,56,-63,-33,25,63,89,45
47,95,73,-73,-19,81,-51,-26,26,75,99,80
38,78,68,-93,-34,86,-75,-45,26,91,95,86
48,118,59,-64,-22,86,-66,-44,42,81,106,59
43,116,78,-78,-20,106,-62,-40,31,78,113,84
75,121,75,-89,-28,121,-73,-61,65,99,121,106
49,133,93,-99,-15,123,-92,-43,29,80,139,88
58,171,95,-105,-21,126,-71,-72,62,115,138,78
57,173,82,-125,-14,142,-67,-58,55,107,118,99
75,184,106,-120,-42,136,-106,-64,55,124,158,121
71,186,106,-137,-22,144,-90,-71,60,126,155,118
52,192,117,-131,-24,147,-97,-86,47,151,177,101
95,185,121,-137,-29,159,-115,-61,64,152,176,116
70,198,142,-154,-48,180,-120,-78,50,134,191,144
93,215,152,-154,-44,197,-105,-75,52,173,194,154
50,234,165,-154,-7,168,-130,-84,59,197,224,172
60,243,175,-156,-15,196,-113,-99,77,176,205,171
107,238,174,-181,-38,201,-126,-86,95,179,235,181
90,246,137,-183,-38,223,-137,-117,78,194,230,174
81,248,176,-184,-51,211,-149,-123,65,201,227,179
124,269,191,-172,-49,220,-140,-114,80,213,242,174
100,260,172,-192,-43,245,-143,-95,81,181,258,193
99,283,186,-194,-45,222,-131,-119,94,214,247,198
102,294,205,-222,-39,247,-155,-109,97,213,255,202
115,324,184,-211,-27,231,-176,-105,95,222,276,205
95,300,198,-205,-57,263,-160,-138,98,226,281,235
90,313,188,-222,-43,246,-169,-125,77,227,289,226
113,312,194,-217,-41,252,-158,-134,88,238,291,223
112,324,198,-222,-43,267,-187,-113,91,251,272,221
98,337,216,-221,-37,269,-180,-138,91,265,292,221
126,335,213,-223,-59,288,-193,-135,114,233,298,238
109,325,225,-255,-52,278,-185,-135,114,254,296,255
123,355,229,-241,-72,287,-188,-118,99,262,309,242
113,325,209,-209,-44,283,-170,-154,116,258,319,238
136,345,233,-221,-60,278,-167,-128,127,243,341,244
128,351,203,-223,-55,281,-206,-148,110,263,313,248
115,338,237,-218,-25,271,-201,-131,110,274,302,236
132,341,235,-243,-36,298,-187,-155,97,272,331,247
132,354,246,-238,-48,298,-199,-137,111,240,294,244
120,350,229,-248,-34,291,-201,-136,111,275,307,239
129,350,237,-232,-48,307,-183,-133,103,255,331,250
110,334,209,-229,-62,310,-197,-135,118,259,300,238
132,337,227,-247,-56,290,-194,-135,111,259,303,219
122,372,231,-226,-63,304,-179,-138,113,234,293,212
129,354,210,-247,-63,284,-187,-126,76,262,302,231
103,331,221,-229,-38,275,-184,-115,92,249,314,239
92,326,224,-229,-53,278,-187,-143,120,251,282,244
122,304,226,-231,-13,250,-171,-113,129,208,283,227
106,324,190,-233,-35,276,-171,-135,95,222,276,236
108,308,219,-186,-39,253,-171,-121,99,233,291,210
104,310,215,-214,-30,257,-155,-132,100,231,260,226
87,286,196,-204,-38,255,-163,-116,85,223,267,206
95,300,190,-191,-41,256,-182,-121,100,208,271,180
111,276,196,-199,-55,237,-163,-123,81,190,247,184
112,278,181,-179,-53,222,-129,-106,107,231,226,200
88,269,184,-169,-34,222,-147,-118,80,197,241,180
81,232,157,-143,-33,205,-131,-103,75,210,245,191
94,225,157,-174,-49,203,-140,-96,68,189,213,154
72,255,160,-168,-51,186,-145,-113,77,195,204,171
83,231,152,-187,-54,183,-150,-91,56,166,229,139
71,242,154,-179,-31,164,-143,-97,84,166,207,151
96,208,135,-149,-35,190,-110,-73,85,170,198,152
63,193,153,-142,-32,179,-108,-93,73,139,188,140
60,178,161,-161,-47,147,-111,-72,37,139,163,116
65,176,135,-130,-37,126,-92,-70,60,161,166,151
72,150,133,-126,-17,164,-90,-64,31,137,176,144
53,155,110,-119,-32,147,-85,-44,78,134,137,133
54,169,98,-99,-13,130,-71,-71,49,121,142,100
48,142,83,-125,-10,117,-91,-77,57,106,119,95
31,135,123,-104,-18,130,-83,-45,46,85,104,90
39,118,90,-79,-27,117,-63,-63,33,107,104,89
57,147,95,-72,-23,127,-65,-44,52,99,115,77
41,110,93,-102,-24,93,-68,-56,34,95,111,64
54,96,52,-63,-21,75,-49,-37,17,60,105,63
27,92,79,-58,1,76,-38,-38,27,53,85,88
36,82,37,-39,-13,83,-36,-49,28,46,67,63
5,93,58,-43,-22,73,-28,-37,14,79,63,50
32,75,46,-61,10,51,-30,-25,28,54,54,52
7,64,47,-31,-19,57,-19,-16,23,66,58,48
23,59,36,-24,-19,32,-16,-13,8,36,38,54
5,51,27,-41,1,23,-6,-14,26,40,55,18
24,38,21,-38,6,20,-42,-12,16,35,40,40
17,39,14,10,2,18,-13,-10,9,9,34,48
1,23,4,-25,-7,2,-10,15,3,10,20,3
1,24,-8,-29,-7,16,-21,-12,21,10,21,7
-3,25,16,-3,4,10,17,-15,11,13,9,-7
2,18,-1,-11,1,4,18,-22,14,-7,5,-1
-10,-12,-6,13,-1,0,-24,0,-4,2,-8,7
-15,-15,-1,9,-7,-6,-8,4,2,-12,-21,-4
2,-6,-20,6,16,-18,-9,-16,10,-13,-23,-9
-39,-11,19,15,-1,4,-2,11,-5,-20,5,-19
-4,-28,8,11,6,-13,15,1,-17,0,-11,-14
-24,-3,-15,41,-1,-17,20,-17,-19,-18,-45,-27
-2,-28,-15,5,-4,-14,20,11,-10,-24,-30,-29
-7,-38,0,55,-13,-25,17,26,-22,-14,-39,-24
-28,-25,-29,31,0,-12,31,-3,-17,-25,-40,5
-3,-44,-18,27,10,-19,26,-1,-21,-18,-19,-25
-10,-67,-10,28,-12,-22,25,13,-4,-43,-41,-31
-14,-50,-22,40,36,-56,46,23,-24,-50,-57,-38
-24,-50,-49,-4,36,-51,40,32,-29,-28,-39,-20
-9,-62,-23,34,-8,-37,33,4,0,-43,-25,-35
-19,-51,-26,35,0,-39,30,16,-8,-52,-35,-9
-6,-53,-43,36,16,-64,35,17,-24,-25,-59,-43
-28,-73,-39,45,12,-53,31,38,-47,-65,-44,-67
-20,-71,-34,36,-24,-52,46,21,-19,-47,-70,-61
-27,-60,-56,28,7,-55,27,30,-16,-36,-73,-56
-6,-67,-22,71,-6,-48,46,21,-16,-25,-76,-30
-3,-61,-52,38,15,-36,43,7,-10,-35,-64,-52
-20,-40,-52,29,6,-38,29,36,2,-5,-50,-34
-26,-81,-62,44,8,-42,29,16,-21,-49,-63,-37
-31,-79,-42,44,-2,-48,34,43,-18,-12,-61,-38
-25,-68,-29,55,20,-59,57,38,-13,-38,-50,-50
-17,-46,-44,37,22,-45,28,21,-26,-68,-52,-35
-41,-69,-32,38,21,-64,23,-5,-19,-42,-63,-47
-43,-91,-45,34,6,-45,23,32,-13,-40,-57,-40
-8,-83,-41,28,-3,-55,46,31,-34,-59,-66,-47
-28,-85,-41,63,14,-53,46,22,-31,-66,-49,-45
-12,-54,-53,58,-3,-66,27,15,-31,-47,-68,-62
-36,-70,-37,51,6,-74,44,33,4,-67,-69,-46
-50,-85,-38,73,3,-56,43,25,-1,-57,-65,-58
-46,-76,-41,62,18,-44,46,17,-25,-64,-58,-45
-51,-81,-68,64,22,-87,58,1,-30,-50,-65,-62
-17,-85,-54,51,-3,-64,19,21,-20,-59,-62,-36
-33,-81,-47,35,20,-69,53,42,-23,-57,-54,-31
-39,-54,-54,66,32,-59,21,13,-26,-78,-47,-61
-32,-72,-47,35,13,-58,30,28,-24,-82,-51,-56
-47,-62,-62,39,32,-69,22,42,-21,-51,-55,-40
-29,-50,-65,50,13,-47,33,35,-24,-65,-68,-45
-27,-86,-39,70,14,-74,43,2,-14,-53,-57,-62
-32,-72,-28,50,-4,-72,45,27,-18,-50,-76,-49
-16,-52,-41,55,13,-48,43,43,-7,-48,-49,-34
-29,-79,-46,61,-1,-52,31,22,-53,-35,-46,-56
-20,-91,-42,50,23,-47,33,48,-43,-55,-74,-62
-46,-58,-49,60,-4,-43,44,34,-2,-41,-80,-50
-26,-65,-40,54,-11,-50,41,8,-17,-47,-69,-37
-38,-66,-25,33,39,-80,37,22,-16,-59,-68,-49
-53,-61,-33,48,13,-34,30,13,-20,-54,-48,-54
-23,-68,-40,47,6,-59,46,31,-31,-59,-80,-41
-29,-79,-53,42,6,-50,65,6,-21,-56,-54,-44
-14,-62,-40,55,16,-53,36,25,-4,-42,-49,-35
-9,-54,-48,62,12,-52,51,19,-22,-54,-61,-41
-16,-53,-57,37,31,-58,36,26,-19,-48,-73,-47
-28,-64,-56,41,19,-46,49,37,-35,-46,-62,-35
-36,-60,-28,46,18,-40,44,52,-5,-61,-33,-39
-18,-61,-56,48,15,-38,35,25,-9,-52,-56,-37
-2,-70,-30,37,14,-41,37,14,-7,-54,-27,-37
-22,-53,-44,40,7,-62,37,25,-43,-42,-69,-65
-41,-88,-51,42,-9,-63,38,0,-22,-20,-60,-62
-33,-86,-32,33,-1,-51,26,26,-7,-70,-40,-41
-26,-32,-35,61,21,-47,37,19,-22,-56,-63,-31
-41,-40,-49,38,9,-48,24,32,-37,-39,-47,-52
-6,-42,-43,15,-5,-52,30,21,-3,-53,-54,-45
-17,-76,-42,34,30,-49,38,28,-18,-46,-22,-45
-37,-49,-23,30,-34,-38,38,34,-23,-30,-37,-50
-44,-29,-54,56,12,-47,17,20,-7,-21,-60,-37
-6,-51,-36,23,-2,-38,28,19,-16,-57,-56,-54
-30,-70,-30,42,5,-44,37,18,-7,-33,-56,-24
3,-54,-34,57,29,-32,48,5,-8,-66,-39,-42
-22,-35,-37,38,6,-43,18,14,-44,-48,-62,-42
-26,-72,-47,18,22,-37,14,34,-15,-36,-47,-65
-19,-61,-26,41,17,-38,34,29,-2,-22,-48,-26
-6,-47,-36,22,25,-39,40,16,-7,-40,-50,-9
-40,-41,-28,28,1,-31,28,0,-27,-12,-53,-42
-18,-54,-40,15,0,-54,13,21,-16,-29,-66,-25
-1,-56,-20,30,31,-39,26,27,-2,-28,-49,-42
-1,-58,-33,30,1,-14,62,23,-9,-26,-27,-50
-2,-28,-32,44,16,-10,35,21,5,-35,-39,-17
-16,-24,-33,33,9,-42,28,14,-28,-26,-19,-37
-14,-46,-4,24,5,-18,1,14,-15,-44,-27,-21
-35,-31,-23,22,-12,-21,4,20,-10,-51,-23,-14
17,-27,2,32,-1,-27,2,28,-10,-30,-36,-45
7,-7,-29,14,21,-24,33,18,-4,-33,-37,-24
-10,-23,-2,10,0,-18,18,12,-1,-22,-19,-20
6,-28,-16,5,1,-20,13,12,-9,-14,-15,-35
-7,-4,-10,13,12,-20,6,8,-26,-16,-30,-12
4,-12,-14,-3,23,-1,5,20,0,5,-10,6
-5,12,-25,24,1,-4,37,-8,5,2,9,-10
11,12,13,-6,-5,-7,-17,-2,9,5,-2,4
6,11,33,-6,-16,4,16,9,6,-8,8,-7
5,16,10,11,14,-2,-9,-30,10,4,14,24
11,12,15,-6,-4,10,-1,-6,-9,7,18,10
23,12,2,-9,0,18,-4,-7,34,9,36,12
17,20,20,-14,-1,16,-28,-9,-4,11,53,23
14,20,32,-12,-15,35,-33,-11,-6,32,11,9
9,48,31,-24,-2,45,-50,-19,2,23,33,-5
17,43,19,-37,-1,25,-25,-31,29,60,52,48
33,60,49,-32,-22,58,-32,-32,19,45,45,50
21,69,57,-34,-12,49,-57,-44,9,56,65,51
21,86,40,-54,-10,87,-45,-28,26,55,76,63
34,63,63,-68,-19,80,-50,-21,4,71,79,67
40,88,54,-64,-31,94,-56,-13,33,78,76,51
37,116,85,-61,-19,84,-66,-56,24,96,110,75
29,123,86,-86,-22,95,-88,-57,24,95,101,77
56,144,80,-87,-24,115,-83,-38,35,98,116,100
57,144,101,-92,-27,128,-75,-55,43,99,109,86
53,148,94,-89,-5,103,-84,-50,48,112,139,96
42,134,97,-87,-33,127,-127,-67,26,105,120,108
42,143,106,-116,-28,133,-77,-55,48,107,138,124
56,182,117,-117,-14,154,-87,-56,30,144,147,121
64,177,118,-116,-1,168,-103,-78,56,139,169,129
69,176,129,-128,-29,161,-122,-71,37,160,155,148
59,191,149,-126,-17,155,-88,-72,70,155,160,121
80,190,137,-141,-9,170,-112,-91,57,169,189,150
86,203,163,-156,-52,191,-118,-76,43,190,181,142
58,208,143,-135,-17,174,-145,-91,59,164,179,141
88,229,151,-165,-27,175,-114,-73,65,172,183,127
80,214,161,-149,-31,181,-137,-98,59,163,192,158
78,229,143,-152,-42,175,-129,-91,61,170,184,158
81,223,146,-154,-48,183,-120,-99,71,165,202,156
80,238,166,-149,-49,182,-109,-83,78,179,204,169
79,233,140,-174,-43,187,-126,-77,59,174,211,155
62,232,169,-132,-55,178,-110,-94,78,199,207,164
67,232,129,-146,-44,180,-131,-98,51,177,211,161
82,210,157,-169,-52,167,-145,-91,63,158,214,161
72,223,149,-118,-38,187,-103,-100,69,153,207,131
84,225,131,-149,-22,194,-118,-82,85,154,173,161
68,202,134,-151,-40,171,-97,-99,94,166,199,161
76,214,134,-122,-44,154,-129,-82,41,162,164,145
68,184,119,-151,-39,176,-93,-82,43,134,178,135
73,186,120,-151,-19,162,-111,-56,60,136,147,125
68,196,110,-127,-36,130,-92,-70,55,142,147,120
58,170,85,-104,-16,140,-98,-88,38,139,131,106
66,144,91,-92,-22,136,-68,-43,42,117,131,106
57,148,102,-96,-23,124,-87,-67,31,121,128,96
44,131,78,-92,-12,107,-92,-68,31,73,109,115
21,110,93,-100,-17,103,-64,-55,31,101,104,90
48,139,91,-97,-39,87,-78,-58,46,93,95,80
31,110,67,-67,-9,104,-41,-36,30,74,95,67
49,101,74,-71,-10,88,-52,-49,15,80,93,89
44,80,74,-44,-17,74,-35,-26,11,86,100,78
29,62,20,-45,-32,67,-44,-40,14,61,84,52
19,76,40,-56,-16,40,-32,-28,39,58,55,40
9,54,36,-64,-4,32,-5,-35,29,38,60,31
13,56,22,-9,-4,62,-28,-24,35,27,32,29
1,56,11,-23,-15,34,-21,-30,15,25,61,22
23,36,26,-18,2,10,-23,-1,11,47,41,24
8,29,27,-6,9,46,-8,-11,5,18,19,39
-14,34,20,-22,-16,6,-16,2,33,21,8,9
1,7,52,-22,6,10,-14,-13,2,-4,1,17
2,17,30,-30,-2,15,12,-6,2,-3,23,7
22,24,1,4,18,11,3,6,-27,-1,-25,24
18,4,-1,-2,5,16,-5,-10,-3,10,-8,2
29,4,-3,2,-21,-21,7,-11,-20,9,9,3
-16,-3,-1,-1,10,13,17,-1,-7,-15,-4,2
1,11,1,7,-13,-3,-5,-10,-6,5,10,1
12,-18,-9,21,1,6,16,0,7,-9,-28,-20
1,8,-12,8,-12,1,-2,8,-26,-37,-6,-10
1,15,-24,-3,4,-19,12,20,-26,-17,-12,-19
1,-18,-3,15,9,-18,25,14,-27,-7,-17,-18
2,-15,-43,28,27,-33,13,30,-2,-36,-21,-23
-8,-31,-21,23,-3,-24,18,21,-22,-36,-11,-29
-10,-43,-29,23,-5,-32,23,21,-11,-32,-40,-22
-18,-41,-43,49,2,-50,17,17,-26,-18,-40,-33
-32,-45,-40,47,-12,-51,46,10,9,-27,-54,-40
-11,-52,-42,17,9,-55,58,35,-12,-47,-64,-55
-16,-71,-50,50,12,-71,41,19,-38,-50,-52,-58
-31,-71,-55,52,18,-81,53,51,-22,-65,-80,-63
-36,-100,-80,75,10,-91,64,25,-33,-80,-87,-62
-37,-109,-62,55,14,-75,67,52,-34,-78,-109,-74
-35,-114,-66,91,21,-112,74,56,-52,-77,-96,-91
-68,-127,-82,91,23,-103,85,59,-47,-90,-118,-105
-63,-163,-92,110,53,-125,88,89,-44,-101,-134,-116
-53,-163,-107,106,31,-145,83,69,-64,-117,-157,-123
-59,-182,-90,126,32,-140,116,69,-65,-128,-168,-119
-72,-183,-112,127,25,-139,98,77,-55,-149,-174,-133
-79,-181,-135,135,31,-162,101,75,-38,-131,-168,-110
-56,-192,-123,113,22,-171,101,76,-61,-134,-155,-119
-36,-192,-104,125,26,-142,109,74,-34,-126,-144,-96
-53,-151,-80,118,31,-141,70,70,-53,-118,-120,-123
-49,-99,-68,74,18,-127,65,61,-40,-107,-117,-67
-26,-84,-48,60,5,-64,63,4,-13,-41,-63,-42
-9,-27,-28,27,-9,-9,-15,-1,-19,-13,-12,-24
18,42,25,-33,-15,37,-26,-17,18,39,45,26
17,118,76,-89,-25,121,-46,-31,40,82,109,74
63,220,120,-151,-31,168,-96,-72,65,142,168,146
103,295,227,-201,-62,248,-154,-133,116,215,260,211
147,404,289,-248,-68,333,-211,-166,118,308,363,286
158,510,328,-357,-79,442,-258,-215,162,378,448,371
209,614,392,-397,-92,508,-345,-272,184,450,558,437
256,697,483,-482,-135,598,-367,-295,212,540,648,494
286,830,536,-557,-126,666,-447,-317,229,615,735,579
312,897,585,-615,-141,745,-485,-363,268,664,783,631
327,949,629,-670,-142,795,-528,-375,263,735,861,665
353,1006,674,-680,-161,828,-540,-412,306,766,912,706
367,1044,655,-686,-136,856,-555,-402,312,774,920,741
368,1010,670,-709,-152,834,-570,-411,295,753,914,701
346,984,655,-663,-143,816,-514,-402,291,736,875,692
328,918,616,-648,-134,781,-506,-367,283,699,849,659
316,868,560,-588,-145,703,-487,-351,249,657,781,606
267,777,516,-511,-129,661,-429,-314,217,559,709,547
220,668,428,-465,-115,552,-362,-261,196,497,621,462
178,564,363,-393,-81,461,-317,-224,167,426,500,388
166,463,275,-308,-59,387,-247,-177,116,342,409,319
133,319,190,-239,-49,262,-189,-169,98,263,303,226
80,215,138,-154,-38,181,-133,-87,68,156,196,178
27,120,68,-91,-20,86,-84,-26,23,111,99,87
-22,42,31,-12,-5,30,-14,-15,-4,35,22,15
-4,-53,-11,23,-7,-41,32,21,-15,-61,-36,-30
-43,-111,-69,110,10,-105,95,32,-40,-112,-104,-85
-44,-164,-126,122,17,-151,105,83,-73,-101,-162,-141
-82,-222,-135,150,37,-185,117,81,-85,-150,-188,-149
-96,-262,-190,164,34,-199,137,116,-52,-205,-216,-160
-86,-285,-163,172,19,-222,163,103,-96,-196,-245,-200
-104,-284,-180,164,32,-245,145,113,-92,-217,-248,-207
-107,-304,-174,195,10,-236,137,110,-82,-190,-251,-198
-94,-262,-161,196,34,-240,151,91,-93,-203,-264,-197
-83,-258,-157,184,13,-218,140,118,-104,-197,-230,-183
-93,-235,-152,158,53,-199,144,110,-84,-176,-210,-185
-69,-195,-150,132,35,-177,108,88,-70,-144,-187,-145
-79,-202,-126,129,36,-153,105,69,-74,-133,-175,-148
-68,-171,-121,95,37,-149,56,60,-56,-124,-162,-127
-68,-155,-85,92,34,-132,89,57,-50,-114,-110,-88
-41,-136,-86,90,7,-89,61,19,-36,-73,-125,-101
-49,-126,-98,72,8,-113,61,29,-10,-65,-94,-86
-35,-107,-52,55,7,-71,40,28,-15,-84,-79,-92
-11,-80,-44,19,3,-76,56,20,-3,-67,-73,-47
-2,-65,-34,46,23,-61,32,23,-36,-48,-36,-38
-30,-32,-49,36,17,-39,40,13,-10,-23,-31,-35
-17,-45,-41,24,5,-41,36,3,-20,-27,-37,-28
4,-38,-24,25,5,-31,-21,12,2,-18,-34,14
-13,-23,-19,7,16,-27,-2,19,-20,-22,-37,-8
13,-12,-26,17,-5,-30,-18,-2,-29,3,-9,-3
-5,-33,-24,0,-3,-11,1,20,7,-34,0,11
-9,-17,13,-3,21,-17,7,3,-13,-6,-18,4
-1,-4,1,17,1,19,-5,-7,19,-17,-13,-16
0,2,5,-14,5,-7,-5,33,23,10,3,-13
-19,-4,9,0,-9,-13,15,36,-6,0,-11,-24
7,27,-15,32,6,-1,0,-9,-5,2,-17,10
2,12,-19,14,-15,-2,6,0,2,15,8,-13
-18,-10,-1,-18,-12,20,-1,-11,-3,-2,14,5
-4,17,7,-6,-5,17,-3,-15,-6,-4,17,14
12,-7,7,2,5,15,-23,1,-15,11,-1,15
3,9,1,0,9,19,2,-21,-14,6,8,10
-11,30,5,-4,-1,16,12,1,-15,15,3,17
1,16,5,-25,-11,14,-27,-22,-3,14,17,-1
11,20,4,-20,8,9,-25,-5,23,14,22,6
-17,19,14,-33,-15,49,-20,-21,9,18,3,15
19,27,17,0,-35,36,-11,-16,3,39,17,5
2,30,11,-26,-6,24,-6,-26,20,-1,31,21
28,33,32,-19,-4,43,-13,5,4,45,46,24
5,52,35,-33,-28,43,-18,-27,35,46,27,45
13,42,9,-27,-6,55,-41,-23,17,42,40,54
12,67,46,-40,-27,31,-35,-23,-1,57,31,51
46,41,47,-32,-9,52,-30,-32,28,64,72,52
23,94,49,-31,-25,58,-31,-35,4,49,57,49
34,69,53,-50,-1,52,-45,6,9,68,60,64
19,91,83,-62,-18,53,-55,-38,41,67,79,66
15,84,68,-58,-6,92,-48,-44,11,57,60,48
39,71,52,-59,-22,64,-68,-60,31,69,91,57
58,114,69,-61,-14,73,-65,-35,27,71,81,74
25,120,51,-74,-16,103,-71,-37,37,80,105,64
38,120,70,-86,-10,97,-58,-52,19,87,111,76
32,118,69,-80,-19,97,-66,-41,30,89,100,70
46,129,86,-72,-11,111,-65,-29,34,83,117,115
55,147,91,-87,-44,119,-95,-42,41,98,138,90
57,151,95,-94,-12,127,-75,-36,38,122,131,97
62,178,86,-100,-35,146,-103,-62,36,120,134,123
72,152,114,-122,-20,151,-86,-85,50,120,150,141
71,184,110,-120,-38,150,-91,-61,52,133,161,120
48,197,118,-128,-29,143,-84,-74,59,153,153,108
67,177,131,-145,-57,164,-101,-57,69,145,181,136
61,209,139,-144,-26,167,-102,-80,59,159,172,143
83,221,127,-161,-36,172,-131,-64,82,173,192,145
90,216,126,-157,-32,195,-117,-84,68,174,210,168
75,225,160,-167,-17,179,-132,-84,58,176,215,163
61,252,181,-159,-47,194,-138,-98,54,193,202,188
71,248,161,-150,-54,208,-140,-103,66,195,207,188
91,253,175,-175,-44,208,-168,-130,88,199,228,185
90,271,167,-181,-37,195,-154,-114,67,203,252,190
86,277,181,-177,-31,233,-167,-116,61,212,252,188
89,274,195,-196,-39,235,-183,-99,84,217,270,214
101,310,195,-203,-75,249,-171,-115,81,226,260,233
106,315,191,-219,-34,272,-163,-124,94,225,295,206
110,312,202,-220,-37,238,-192,-119,109,231,290,226
119,320,205,-213,-54,271,-167,-136,89,236,263,236
113,337,227,-232,-49,266,-193,-146,114,247,293,232
103,329,212,-228,-50,290,-176,-127,114,265,307,241
137,361,245,-224,-54,260,-190,-138,114,266,316,268
97,345,225,-237,-55,278,-191,-138,113,268,306,252
125,347,224,-246,-58,336,-205,-140,121,255,359,249
130,376,244,-254,-64,302,-206,-153,96,288,337,289
150,368,245,-268,-56,310,-204,-163,108,295,336,262
135,395,257,-246,-41,329,-199,-149,119,274,338,264
152,390,262,-248,-61,316,-215,-153,121,298,352,252
144,387,242,-261,-81,340,-232,-171,130,298,340,282
136,392,264,-262,-71,321,-220,-151,118,290,353,283
138,396,249,-289,-60,336,-216,-156,94,303,353,298
155,391,238,-278,-25,339,-217,-157,121,292,362,251
146,417,277,-270,-58,340,-241,-168,119,303,374,288
136,400,278,-283,-55,334,-232,-180,114,303,364,279
149,389,276,-291,-42,319,-231,-166,137,282,351,279
142,412,264,-287,-68,358,-239,-157,111,318,373,271
139,421,263,-271,-71,338,-218,-148,133,292,350,279
136,428,274,-268,-61,352,-231,-164,112,292,346,292
145,429,247,-278,-53,343,-232,-179,126,294,358,310
132,406,257,-283,-50,349,-234,-158,103,286,367,279
124,408,260,-272,-64,339,-214,-144,121,327,353,267
144,381,267,-265,-49,338,-233,-163,114,301,360,277
148,404,259,-294,-51,319,-225,-133,145,291,337,272
127,396,248,-256,-68,324,-213,-145,132,287,382,260
147,378,234,-282,-78,305,-218,-155,126,281,362,275
120,370,242,-271,-51,314,-195,-152,125,303,343,265
132,370,258,-264,-56,315,-197,-137,103,293,351,247
118,378,232,-249,-47,303,-198,-150,116,291,319,245
112,371,217,-241,-29,324,-202,-145,101,280,335,231
133,363,232,-238,-48,273,-203,-157,107,274,332,233
135,333,203,-236,-69,266,-207,-151,101,244,318,241
115,342,221,-240,-52,286,-180,-109,90,272,296,242
125,309,228,-237,-45,268,-165,-146,78,253,299,238
120,317,220,-223,-44,276,-174,-111,81,235,298,224
124,302,213,-218,-58,254,-174,-113,94,243,288,209
112,291,209,-190,-43,275,-189,-137,110,221,270,221
101,303,197,-209,-33,258,-186,-117,95,201,256,220
110,293,185,-188,-57,235,-150,-114,86,206,270,199
118,264,179,-201,-27,241,-148,-100,61,198,235,213
114,255,189,-184,-37,227,-157,-98,81,215,232,205
82,263,179,-163,-53,221,-128,-104,54,199,221,200
90,238,134,-160,-23,214,-137,-105,90,198,222,181
89,217,143,-142,-38,226,-130,-87,72,202,202,187
67,225,152,-158,-53,192,-109,-80,92,181,212,173
90,229,141,-158,-33,172,-119,-86,48,169,197,161
88,217,135,-132,-32,193,-139,-99,26,158,185,135
60,196,136,-127,-38,181,-106,-97,59,150,186,116
78,199,128,-138,-46,162,-92,-76,65,121,173,140
49,174,106,-148,-34,153,-103,-73,57,135,186,125
60,184,99,-105,-31,132,-105,-71,49,146,155,129
63,198,110,-113,-41,139,-75,-72,66,139,146,101
52,162,100,-134,-18,127,-120,-69,42,109,181,96
57,140,90,-105,-10,126,-62,-48,31,116,132,88
49,121,87,-84,-27,88,-82,-64,51,106,130,102
31,120,97,-75,-29,110,-67,-51,38,105,136,85
38,128,74,-87,-19,106,-81,-27,32,104,108,96
60,103,81,-76,-4,95,-54,-32,57,100,91,79
50,93,57,-68,-12,92,-56,-44,32,90,91,88
57,96,67,-89,-28,93,-49,-37,25,65,88,60
40,91,65,-49,-14,74,-58,-54,22,77,86,70
27,88,63,-71,-7,58,-54,-32,45,40,71,59
37,90,47,-61,-13,60,-33,-36,17,58,80,54
4,66,44,-39,-11,49,-61,-40,34,64,86,39
26,75,27,-43,-15,57,-37,-34,20,52,43,52
13,75,13,-49,-29,39,-14,-25,43,44,65,57
-18,45,38,-55,-25,58,-22,-30,26,32,46,43
21,26,25,-48,-3,31,-18,-27,32,30,40,25
20,64,36,-24,-16,37,9,-26,25,22,46,38
16,26,42,-29,3,16,-25,-30,17,28,45,9
26,13,30,-31,-13,23,-19,-9,23,33,48,21
1,29,33,-49,-13,30,0,-18,1,33,24,45
8,27,41,-16,-11,35,-4,4,-6,2,23,36
19,21,17,-6,-17,23,7,-13,17,2,43,15
12,16,13,-16,-13,4,-18,-23,6,23,24,18
23,28,6,9,1,52,-27,-12,-4,36,26,30
5,16,4,-3,14,19,-19,-12,6,20,11,5
11,-6,4,-5,11,10,-11,-3,8,-6,0,-8
5,19,-7,5,-9,11,6,-1,10,11,18,-23
-11,37,-2,-3,-1,15,8,3,6,22,30,5
-14,5,-6,-1,0,9,12,-6,-12,8,32,-12
-16,6,-2,-1,16,16,-16,-9,-3,17,-17,-3
0,-6,8,-15,18,20,-13,-6,-31,-8,24,4
6,2,13,-4,-4,6,-3,-8,1,-7,14,9
7,8,12,-1,-4,-8,1,6,5,-9,6,-20
5,-10,-17,5,12,-18,5,-13,-13,22,10,-19
-4,0,-2,-3,10,-20,2,-7,4,-16,-20,11
0,-9,-9,1,-4,12,10,11,1,6,-6,-1
-10,-8,16,20,-35,-17,11,3,-3,1,-6,-13
2,4,-29,21,10,-7,-12,1,3,-19,8,-7
-5,-4,-2,2,0,2,-11,13,4,-3,7,7
-3,-12,5,5,21,-5,-4,-6,-25,-4,-8,-7
7,-8,-6,13,25,-15,2,-1,2,-27,-26,6
-10,5,-5,7,6,-12,17,26,-13,-16,15,-19
-14,3,-9,-14,3,-14,1,12,23,-14,-15,6
-9,-11,-32,8,5,-8,-4,-3,-33,-4,-8,-18
4,5,-20,6,9,-10,18,12,-6,5,-14,8
-13,-25,-9,13,-3,-20,6,5,4,-3,8,-22
7,-6,-6,30,-8,3,-3,-16,-12,-5,-31,-7
2,-21,9,29,-2,7,14,-18,0,-7,8,-7
18,-18,-7,6,13,2,3,-13,8,-12,0,-9
11,-18,-15,9,-7,4,0,3,11,-6,4,-27
-3,8,-21,6,-4,7,3,13,8,-18,-22,-5
-5,-13,15,-10,-10,-10,0,-6,19,8,-7,-21
-32,-29,-1,4,14,12,2,8,-15,-7,-14,-18
-17,-18,-10,19,3,-48,10,17,14,7,-27,-22
-6,-11,-9,11,-2,10,17,0,13,2,1,-3
-11,-7,-20,13,5,5,2,12,9,-8,-20,-28
-16,-6,-12,24,7,-3,-6,1,-5,-2,-28,-28
-11,13,-2,-20,-3,-22,3,4,-17,-5,-7,0
-1,3,-10,-13,13,-9,-5,-26,19,-3,-12,-10
5,-11,15,1,-6,2,-18,13,2,8,-10,2
-1,-16,-13,4,1,6,17,10,-1,-8,-17,1
-15,-1,9,5,19,-10,-4,18,7,2,-24,12
-17,-13,8,0,13,13,17,-9,1,-10,0,10
15,-10,-10,-9,7,-4,16,-6,10,-20,15,16
-10,4,-31,-12,-25,4,5,6,0,8,0,15
-10,-2,-20,-2,9,-18,29,21,-14,-8,-2,-16
-22,-16,-20,16,7,-3,10,8,-2,-31,-8,-5
-5,-14,8,14,-13,-19,-30,3,-24,-21,19,-5
4,10,16,18,6,6,-12,7,-3,-17,13,-3
8,-12,-17,1,2,-13,2,17,-17,-14,-11,-18
6,-10,-9,22,2,1,-23,24,17,-9,-9,1
30,-1,7,3,13,-8,27,6,-5,-18,-12,-12
-13,-6,-4,11,-22,-12,-22,6,-15,-3,-24,-15
-11,-8,4,17,14,-5,15,9,-16,4,3,-14
19,-6,12,20,-1,-11,-11,-6,-10,-20,-7,-4
-6,-2,-22,0,28,27,10,7,25,-15,-6,-17
8,-6,-2,12,-3,-5,-23,-24,-1,-18,-7,-2
-23,-39,3,9,16,-20,9,16,-2,-17,-13,-2
4,-4,20,13,-4,-1,25,4,5,19,-10,-13
-3,5,-18,18,-11,-7,6,-7,6,7,-1,-1
-36,-8,-7,17,12,-8,13,18,-11,-25,3,0
-5,-3,-14,-5,-16,-6,-4,-13,-37,5,-11,-9
2,-27,-11,4,10,18,6,2,41,-16,12,-23
5,-3,-3,-24,16,-3,15,-2,-10,0,-12,1
-4,-22,11,4,-10,7,14,15,-13,-6,-1,0
-6,15,-6,18,-15,-2,5,10,-12,13,15,-6
-1,1,-19,14,3,16,-10,12,-12,-11,5,7
-10,13,13,-1,-2,-3,8,-7,5,-14,15,-9
2,-8,28,11,8,-2,-24,-5,-9,-3,11,12
14,0,-3,-15,-10,-27,-10,5,-4,14,-8,-9
14,6,1,-13,8,4,9,-8,13,-1,-26,12
-2,8,-8,-8,-17,12,-2,0,11,-6,-13,-12
4,-24,26,-9,5,-2,27,-10,-18,-14,11,6
8,-4,-12,-11,-10,-14,6,11,4,-8,24,-1
-3,10,4,-17,10,21,-25,-10,-16,-15,11,15
0,-9,24,-20,10,5,-18,10,15,16,5,15
4,5,23,-4,-8,24,-18,-7,16,5,8,6
6,28,8,-2,-1,18,-33,-26,11,16,-22,5
17,28,15,-28,13,8,-2,-7,-3,11,2,9
-5,18,7,8,15,38,-13,-15,24,21,33,15
-8,45,15,-15,-23,10,-2,2,11,4,18,5
3,25,24,-10,1,15,-37,-10,-8,34,11,12
30,51,15,-37,4,44,-16,-21,-3,17,37,21
19,4,11,-24,8,28,-21,-26,22,26,56,28
20,41,11,-37,3,24,-5,-13,-15,27,28,24
11,66,34,-27,-10,35,-3,-15,22,41,31,30
3,42,38,-29,-7,47,-14,-8,31,41,44,42
26,50,54,-41,-19,48,-20,-32,22,51,56,47
22,82,24,-53,-10,51,-29,-48,10,79,74,43
55,80,47,-51,-19,77,-44,-49,16,34,71,50
28,69,51,-64,-3,68,-34,-51,37,51,77,47
25,97,69,-72,3,79,-36,-30,36,55,76,54
25,101,48,-68,-17,73,-43,-53,56,74,80,61
29,90,66,-59,-11,77,-43,-41,25,92,90,73
38,125,72,-77,-13,82,-38,-35,4,85,116,85
40,109,90,-82,-1,105,-56,-41,47,91,113,70
61,115,78,-81,-7,94,-58,-61,25,114,121,99
72,133,117,-85,-3,112,-81,-68,49,114,108,88
40,154,109,-102,-16,135,-103,-59,23,107,139,121
52,176,117,-103,-15,131,-93,-55,54,144,136,110
69,183,112,-95,-21,137,-92,-61,56,126,170,128
68,170,115,-137,-50,149,-91,-87,46,127,150,146
56,174,140,-133,-9,166,-99,-70,46,160,181,144
74,179,128,-114,-40,161,-100,-81,54,135,172,146
60,224,130,-142,-36,177,-105,-80,72,160,220,154
86,189,138,-152,-23,167,-122,-93,78,170,189,169
60,212,148,-148,-43,187,-142,-99,67,152,198,147
71,232,152,-154,-36,186,-127,-97,69,171,206,151
64,231,145,-134,-32,209,-114,-96,69,189,227,164
94,243,158,-152,-16,192,-134,-105,63,195,246,179
106,240,152,-175,-46,205,-143,-93,86,185,216,176
96,259,163,-177,-21,200,-140,-103,73,183,241,180
81,267,166,-158,-42,239,-146,-93,53,195,254,181
79,278,180,-207,-37,232,-139,-91,69,210,250,182
85,280,182,-175,-48,236,-155,-115,95,213,248,188
109,246,183,-189,-43,219,-170,-83,86,201,251,200
81,278,166,-188,-26,243,-166,-106,77,222,224,192
79,271,166,-177,-44,218,-156,-146,93,202,266,187
82,252,164,-184,-41,230,-146,-112,63,202,246,206
86,268,187,-182,-27,234,-154,-117,74,186,275,186
91,277,191,-183,-47,222,-157,-107,89,208,240,189
81,245,158,-192,-31,224,-157,-118,86,216,220,180
109,253,172,-173,-39,203,-153,-110,67,179,246,214
72,263,151,-172,-33,223,-154,-92,59,191,235,170
65,236,157,-172,-53,214,-155,-102,85,202,239,173
85,235,170,-169,-46,196,-115,-105,82,207,230,159
87,231,142,-170,-48,206,-141,-103,64,186,227,161
85,223,148,-158,-29,178,-117,-80,79,184,204,156
74,222,160,-150,-41,196,-108,-79,56,171,182,153
86,209,114,-154,-51,192,-114,-97,40,143,197,141
85,189,133,-160,-42,166,-129,-59,52,132,201,149
56,185,135,-119,-33,179,-111,-86,48,129,175,139
57,193,111,-148,-11,170,-91,-75,81,146,158,111
49,181,141,-124,-16,150,-81,-66,62,140,152,121
53,185,83,-106,-9,155,-118,-48,54,131,149,130
74,142,116,-122,-33,143,-84,-59,36,113,150,98
52,171,105,-90,-24,136,-74,-70,45,136,137,107
66,119,101,-93,-18,116,-100,-68,24,91,114,120
49,143,73,-78,-36,113,-71,-41,35,106,94,92
49,108,75,-75,-4,111,-52,-65,44,100,124,95
44,106,57,-60,-19,95,-41,-56,18,98,95,99
28,111,61,-58,-25,110,-70,-32,22,70,115,87
19,122,48,-61,-18,69,-50,-25,36,54,107,59
55,84,59,-46,-8,73,-65,-54,20,71,68,59
20,71,51,-81,-24,71,-50,-44,23,71,81,22
19,70,68,-69,-35,58,-58,-39,11,48,55,41
29,71,23,-46,-12,52,-39,-30,22,66,50,56
30,65,50,-16,-17,75,-19,-37,21,38,73,58
6,40,54,-51,-19,51,-47,-25,-2,58,67,34
-4,59,30,-43,-13,41,-35,-39,26,45,45,21
12,72,23,-54,-4,34,-14,-11,34,36,37,48
28,46,27,-59,-21,50,-33,7,-22,47,46,30
2,24,41,-39,-9,40,-18,-32,2,50,13,34
16,43,10,-3,4,35,-15,-36,16,31,34,44
15,41,18,-9,-11,19,-34,-25,16,10,42,29
14,44,37,-4,-9,8,-15,-13,18,25,25,14
13,38,9,-24,9,2,-19,-4,15,20,16,14
10,27,7,-19,-2,14,-9,-17,32,7,35,20
6,11,25,-7,3,15,-10,-1,-4,4,20,13
-1,22,7,-6,-6,5,-21,-5,5,2,-9,19
12,-2,1,-25,5,-4,11,-4,29,-15,-14,8
7,-12,17,-13,-6,16,-6,-9,8,2,-17,-5
2,-13,11,12,-22,-5,18,4,-2,-8,-15,8
-7,-28,-14,28,-17,-14,0,10,4,-20,-40,-25
-9,-26,-10,16,22,-13,38,8,-6,-63,-30,-16
7,-35,-26,30,-5,-22,16,29,-6,-47,-32,-29
-29,-44,-64,47,15,-38,35,19,9,-54,-44,-47
-24,-72,-36,34,41,-66,51,40,-15,-83,-52,-70
-35,-83,-38,64,26,-72,66,16,-10,-67,-97,-55
-20,-109,-70,65,8,-83,52,43,-41,-69,-107,-67
-52,-116,-84,90,23,-112,60,40,-33,-97,-103,-85
-31,-149,-88,82,12,-112,59,64,-14,-92,-116,-92
-52,-132,-102,75,4,-98,72,58,-23,-84,-128,-97
-62,-110,-81,87,46,-110,65,43,-35,-92,-139,-103
-54,-135,-88,96,5,-98,65,61,-56,-98,-145,-83
-34,-111,-76,55,0,-96,53,53,-52,-63,-118,-91
-21,-88,-59,68,-4,-71,45,32,-53,-67,-89,-57
-20,-62,-30,35,8,-40,27,5,-21,-41,-56,-45
-4,-22,-16,3,-21,-16,-11,21,14,-14,11,-9
17,44,43,-12,0,45,-27,-18,8,36,48,12
53,99,74,-55,-14,92,-72,-39,54,85,82,70
55,173,119,-109,-40,165,-104,-79,53,126,178,131
99,276,168,-189,-19,222,-156,-109,95,194,245,172
134,361,252,-243,-70,320,-217,-147,102,277,340,248
158,475,316,-350,-53,393,-278,-193,135,355,421,339
198,576,376,-379,-93,480,-312,-212,190,412,546,414
241,711,426,-474,-99,563,-385,-256,205,533,638,478
278,810,526,-548,-114,655,-430,-326,240,588,718,546
315,900,595,-594,-142,747,-477,-348,267,675,799,629
348,971,616,-663,-152,804,-536,-412,292,724,866,692
373,1028,668,-707,-171,843,-594,-409,301,780,921,720
376,1057,687,-713,-167,872,-603,-431,319,790,950,754
383,1084,721,-727,-163,911,-611,-429,335,809,981,734
364,1072,704,-717,-150,898,-588,-441,312,811,975,766
340,1028,691,-684,-162,864,-560,-421,310,777,936,718
365,990,625,-657,-130,808,-544,-392,289,740,883,692
295,898,600,-632,-127,771,-484,-349,282,674,805,624
294,800,526,-533,-110,658,-439,-315,235,590,734,560
241,723,444,-474,-100,572,-393,-298,193,548,625,485
215,564,381,-382,-84,505,-334,-216,190,446,537,378
177,457,287,-310,-74,379,-244,-167,127,346,408,347
137,351,219,-244,-64,292,-165,-126,101,242,317,252
65,248,173,-177,-47,219,-132,-103,84,196,214,147
56,138,92,-97,-14,151,-77,-44,43,116,137,97
20,74,20,-16,-7,47,-25,-35,34,45,54,36
-16,-21,-6,24,15,-19,15,7,-12,-20,-35,-19
-14,-78,-63,36,15,-77,35,27,-12,-61,-70,-58
-72,-127,-97,101,28,-128,74,56,-28,-101,-130,-100
-65,-185,-135,135,32,-152,96,65,-73,-149,-147,-117
-81,-194,-113,148,6,-197,124,76,-47,-164,-179,-133
-96,-222,-137,141,28,-163,128,79,-75,-163,-189,-139
-76,-236,-119,183,47,-185,115,89,-72,-159,-199,-153
-85,-207,-127,135,31,-187,106,97,-72,-172,-195,-160
-65,-187,-107,134,37,-175,121,95,-56,-158,-179,-153
-62,-184,-106,132,-2,-139,89,70,-62,-155,-180,-125
-36,-160,-107,107,34,-123,72,88,-50,-117,-146,-107
-57,-135,-92,91,31,-126,74,46,-28,-110,-147,-94
-61,-123,-82,73,4,-92,48,39,-26,-97,-120,-73
-24,-77,-54,89,-11,-72,47,44,-33,-67,-87,-56
-51,-62,-48,47,8,-71,45,21,3,-66,-43,-71
5,-43,-29,32,23,-30,34,47,-26,-41,-61,-38
-17,-34,-21,28,-5,-21,-2,5,-7,-25,-19,-25
4,-15,-17,3,10,-8,13,-6,-5,-19,-2,-28
8,-7,-8,2,7,0,12,-13,11,0,-2,-15
-21,22,14,-12,-8,7,-13,-8,15,26,23,-6
37,-4,10,-1,-16,-13,-14,4,0,12,33,14
13,21,13,-28,-7,19,27,15,2,20,20,16
-3,15,30,-9,-10,24,-18,-17,18,16,29,24
-5,45,20,-37,-3,18,-3,-13,5,17,33,25
11,55,32,-8,-17,35,-8,-8,6,44,53,40
16,38,26,-28,-9,32,-15,-21,23,39,31,6
31,68,37,-66,2,50,-26,-19,20,23,38,29
-5,64,47,-15,-9,46,-5,-18,9,32,37,10
17,33,38,-33,-3,68,-33,-8,23,41,53,41
1,61,53,-25,7,27,-38,-38,12,51,48,42
0,71,24,-17,0,74,-35,-31,12,33,24,45
18,53,34,-31,-14,25,-31,-24,41,39,72,46
17,51,33,-5,-21,26,-26,-24,31,43,58,31
36,76,34,-40,-9,61,-17,-13,25,46,51,42
34,72,77,-57,-18,48,-41,-7,-3,51,56,41
23,76,35,-41,-11,48,-42,-9,37,45,46,41
14,68,68,-42,-2,63,-63,-29,25,40,86,42
0,67,55,-67,-5,71,-32,-45,13,37,60,66
42,78,41,-60,-4,71,-65,-37,21,43,73,53
41,78,23,-60,-35,66,-64,-48,34,53,76,66
9,81,71,-61,-35,78,-66,-60,23,48,84,61
28,84,67,-67,-23,72,-53,-20,38,46,76,58
36,87,76,-81,-3,74,-37,-35,13,62,95,69
29,84,60,-53,-28,80,-46,-36,51,85,96,53
41,102,76,-71,-15,78,-56,-33,18,71,101,66
44,144,72,-61,-17,100,-59,-31,26,107,89,53
33,87,76,-84,-30,87,-76,-49,4,75,133,80
63,128,80,-94,-13,104,-79,-70,15,78,84,95
40,115,64,-64,-21,122,-70,-43,35,108,119,91
41,136,94,-100,-26,104,-87,-69,40,131,130,114
42,156,101,-99,-12,109,-77,-45,44,89,148,108
40,149,101,-109,-33,114,-83,-58,41,108,145,102
57,152,96,-115,-12,119,-77,-69,63,116,136,100
68,154,117,-111,-23,138,-83,-61,54,139,139,134
62,164,87,-117,-23,138,-108,-81,39,120,159,108
55,160,122,-118,-25,130,-95,-71,49,119,141,107
70,209,116,-116,-28,150,-102,-60,47,154,150,130
66,205,121,-132,-25,161,-123,-46,77,152,164,149
69,215,115,-163,-45,142,-121,-86,61,165,205,171
80,217,141,-124,-42,169,-135,-96,45,175,174,172
92,219,149,-123,-39,197,-143,-103,69,178,175,149
74,219,145,-160,-19,192,-135,-110,73,189,223,162
80,240,146,-153,-37,209,-138,-94,86,169,223,173
97,251,150,-163,-38,206,-130,-109,73,177,220,186
98,245,154,-169,-59,219,-140,-125,96,208,233,183
75,278,168,-174,-37,212,-153,-89,75,215,236,176
92,251,171,-181,-33,222,-147,-114,83,213,249,175
93,288,182,-202,-42,210,-156,-106,85,215,260,203
97,286,203,-203,-48,265,-162,-133,100,229,264,194
99,291,209,-210,-45,271,-153,-124,88,213,265,213
135,303,201,-225,-72,265,-170,-128,91,227,277,206
118,329,198,-228,-41,264,-192,-128,106,233,292,229
93,327,218,-232,-46,275,-178,-129,94,245,288,218
117,341,213,-226,-49,276,-179,-143,97,252,301,217
108,340,211,-240,-26,312,-176,-141,98,272,298,254
128,332,253,-222,-60,314,-202,-144,107,277,322,232
138,368,222,-234,-50,302,-201,-137,104,269,336,254
141,369,240,-258,-59,318,-220,-142,117,275,335,268
125,381,242,-262,-53,309,-212,-150,134,286,334,269
133,375,263,-258,-61,314,-220,-136,119,287,365,256
140,390,253,-279,-63,334,-221,-132,127,304,351,303
151,406,241,-264,-51,334,-218,-160,98,306,366,284
149,402,261,-271,-50,331,-229,-164,137,320,371,284
159,416,260,-261,-82,331,-247,-157,108,308,406,295
149,413,261,-286,-87,339,-233,-183,91,299,378,294
162,443,273,-277,-58,370,-229,-187,129,314,376,321
151,425,291,-296,-69,351,-223,-172,124,336,378,293
148,430,300,-308,-72,348,-230,-191,129,339,399,293
153,430,289,-299,-64,340,-226,-174,116,330,405,297
150,470,305,-276,-66,351,-250,-160,132,319,405,309
141,427,279,-305,-73,366,-237,-168,130,329,397,306
183,436,304,-304,-83,363,-230,-185,117,310,389,310
145,442,294,-292,-73,351,-240,-178,133,338,407,312
149,440,289,-311,-81,362,-243,-167,142,348,393,301
150,409,286,-308,-60,357,-234,-178,126,324,389,318
160,440,309,-297,-77,361,-236,-192,132,321,385,293
184,442,286,-279,-65,337,-248,-158,121,321,407,296
158,413,289,-316,-66,372,-226,-169,118,319,380,297
145,429,272,-305,-68,347,-225,-176,130,341,390,287
148,401,268,-300,-66,360,-229,-180,158,305,382,289
154,425,303,-293,-72,339,-225,-170,122,307,385,290
133,417,284,-291,-71,364,-232,-164,125,323,395,285
145,409,273,-279,-68,352,-211,-156,120,304,365,282
131,415,251,-266,-65,333,-211,-148,141,300,361,273
150,400,279,-292,-46,341,-229,-156,108,315,376,280
141,397,251,-257,-65,313,-202,-166,132,270,337,257
132,385,244,-261,-65,318,-220,-159,111,295,342,246
150,388,251,-235,-82,313,-228,-148,121,270,349,266
107,384,247,-241,-70,295,-193,-132,118,282,339,259
121,361,237,-257,-67,318,-192,-153,98,266,320,279
132,358,236,-244,-53,303,-193,-116,88,247,311,261
124,342,249,-235,-48,276,-191,-141,123,266,314,253
128,334,218,-238,-53,281,-176,-138,102,252,298,216
114,304,215,-241,-50,274,-175,-144,100,236,295,221
129,300,193,-218,-49,259,-162,-115,63,241,285,209
99,305,203,-216,-44,258,-176,-110,83,223,283,229
103,285,198,-212,-40,250,-152,-125,105,207,263,203
96,290,183,-221,-58,257,-150,-92,115,220,249,209
113,282,183,-182,-26,243,-153,-129,73,203,250,203
105,246,181,-188,-18,217,-164,-76,69,215,238,191
105,258,163,-159,-44,227,-138,-109,58,197,229,185
88,269,159,-156,-32,199,-162,-95,74,181,234,181
93,237,178,-143,-29,198,-147,-114,81,192,211,190
94,228,164,-158,-15,196,-129,-108,74,160,220,155
71,219,132,-156,-36,185,-128,-112,35,173,185,160
91,214,135,-159,-24,164,-119,-64,58,166,186,161
66,221,127,-139,-31,194,-91,-87,60,176,199,141
86,184,115,-146,-29,150,-124,-63,66,154,175,142
66,193,133,-128,-32,144,-96,-66,62,131,163,136
64,150,88,-111,-30,123,-93,-70,50,132,159,125
63,187,92,-100,-26,130,-102,-87,56,131,163,129
38,194,81,-125,-17,138,-106,-87,40,129,139,116
29,167,103,-116,-35,126,-80,-49,50,125,155,99
46,176,99,-113,-29,116,-86,-54,46,111,131,79
49,126,83,-87,-35,97,-62,-32,48,96,105,106
58,156,105,-71,17,100,-69,-71,34,99,132,64
38,133,81,-119,-14,90,-50,-47,23,79,110,79
13,124,75,-83,-17,106,-62,-56,20,79,105,78
39,111,63,-77,-17,86,-52,-42,25,96,99,61
25,96,66,-53,-7,89,-68,-30,49,55,95,67
48,98,57,-51,-3,80,-63,-38,44,83,90,64
18,108,52,-67,-12,95,-48,-41,36,68,91,43
56,92,52,-47,-34,80,-64,-42,19,64,84,67
49,80,66,-63,-13,58,-31,-51,19,42,59,75
30,54,50,-26,5,57,-38,-19,20,83,62,58
53,58,48,-38,-17,60,-41,-5,36,65,75,56
49,43,27,-48,-19,69,-35,-11,27,51,63,51
32,54,54,-46,4,27,-42,-21,13,29,63,34
20,55,51,-54,-30,62,-43,-7,20,41,80,43
6,54,20,-56,-19,54,-35,-9,27,36,73,39
29,66,38,-33,26,22,-21,-16,27,29,50,40
25,32,50,-38,-4,15,-17,-18,2,40,61,34
22,27,6,-38,-2,41,-35,-23,16,41,23,43
43,58,24,-14,7,38,-32,-15,6,32,31,40
7,40,29,-13,-2,22,-28,-28,3,29,38,16
11,56,35,-22,6,32,-21,-19,8,23,24,28
17,29,7,2,-4,17,-15,-19,33,44,52,23
17,11,22,-32,-16,36,-11,-20,-1,34,24,47
26,33,7,-17,-8,11,-27,-4,2,38,31,24
4,23,42,-46,3,32,-15,-12,7,26,24,16
19,33,15,-20,-19,25,-11,2,0,15,28,10
12,25,-2,-29,-21,30,5,-1,7,18,18,20
9,19,12,-19,-3,23,-9,-21,14,21,34,27
16,36,5,-18,-13,25,-9,0,7,15,22,7
12,4,-17,-12,6,17,-14,-10,23,12,10,-4
4,32,13,-12,-16,-1,8,-11,20,18,39,9
13,37,6,-9,-16,14,-16,-18,25,11,19,58
-7,13,1,5,-8,3,-1,-24,2,5,0,14
18,-2,-5,-18,7,11,-17,0,0,18,21,11
15,26,27,-9,-4,24,-18,-5,-7,29,3,23
10,-2,21,-5,-20,35,-27,-1,2,34,10,1
6,37,30,-17,-4,9,-12,6,0,22,7,19
15,19,19,-3,-5,54,4,-23,19,25,23,2
27,15,16,-15,-26,7,-4,2,15,4,45,15
18,14,8,-30,2,27,-3,-8,-21,10,7,28
-9,1,14,-22,-12,-7,-9,-4,18,16,26,12
21,23,8,-19,10,29,-7,1,15,11,9,1
6,15,6,-16,-3,32,-25,8,5,10,14,21
19,34,-4,-4,-2,-3,-6,-7,9,8,2,10
10,0,11,-10,0,7,-26,1,20,14,33,4
12,0,25,-9,1,-5,8,10,-4,5,-10,5
10,18,-6,-20,-2,13,-17,-20,-1,0,12,14
-10,13,9,-9,-12,2,-6,-3,15,-4,-6,2
0,20,27,0,17,5,14,-24,-14,20,22,19
20,19,13,1,4,-9,-14,-5,21,2,36,29
0,8,17,-6,-25,14,17,11,-2,-7,18,15
19,48,4,-22,13,18,-23,12,13,-15,18,8
14,40,32,5,-9,12,-15,-1,21,20,23,11
-6,3,20,-34,-3,2,-16,-3,-9,33,31,-6
15,20,2,-4,-10,20,1,-14,-12,0,25,25
33,16,33,10,12,27,-23,-30,3,11,4,5
14,34,24,-36,25,27,-14,-28,-11,29,7,25
-2,-1,4,0,25,10,-10,-4,-2,-2,15,20
4,30,19,-49,20,16,-17,-30,17,-3,36,10
-17,23,25,-9,-1,16,-25,9,4,29,15,11
6,3,12,-24,-15,21,-30,-20,-6,27,31,0
9,10,-19,-3,30,4,-11,-7,6,13,21,8
10,-1,6,-24,-1,-10,-12,-16,-2,26,8,24
6,39,4,-7,-2,18,-12,-10,16,-15,22,21
0,18,7,-29,-8,39,-14,21,-2,7,15,-7
-7,20,3,-13,13,18,1,-18,18,29,29,23
7,24,19,2,-1,34,5,3,9,36,22,2
-2,18,19,-21,5,4,-31,-12,13,29,19,34
23,-2,15,-20,5,24,6,1,11,11,-6,39
4,21,-16,-13,-11,11,-14,-6,18,13,21,8
25,12,10,-31,9,24,-6,11,27,27,10,23
17,32,11,-24,-5,27,-27,0,3,16,19,14
-22,29,21,-2,-8,25,-16,-8,5,7,14,13
8,43,2,-29,-16,43,-38,-19,-2,13,25,10
-3,45,-1,-10,-9,34,-21,-32,-12,9,13,33
1,22,14,-5,-28,2,-32,-11,7,14,12,4
9,15,29,-21,-3,29,-9,-8,6,0,28,11
7,2,15,-22,3,8,-25,-15,8,34,9,25
12,31,38,-10,-14,9,-21,-13,11,9,8,10
-4,28,39,-15,10,37,-15,-10,20,7,21,26
5,36,-3,-40,8,31,-9,-24,-1,-4,33,12
15,48,13,-5,7,29,14,-19,2,34,30,41
2,37,14,-27,-1,19,-11,-14,29,29,25,23
9,33,46,-16,4,26,-15,-12,28,11,13,27
10,24,34,-9,-29,26,-3,-15,13,10,20,33
35,41,21,-10,-6,17,-31,-1,4,16,29,-5
16,27,31,-11,3,44,-3,-15,2,43,26,6
17,43,32,-46,9,34,-29,-27,12,14,31,46
13,40,31,-50,3,37,-19,-28,20,27,35,35
26,32,10,-23,-13,40,-39,-33,20,38,28,11
-1,45,25,-31,-13,30,-25,-23,12,21,21,41
29,45,38,-47,-16,45,-28,-21,36,39,31,17
18,54,19,-3,-7,65,-40,-24,21,18,46,21
24,65,37,-14,-24,71,-41,-5,25,25,73,17
28,59,27,-33,-17,45,-24,-9,26,23,47,33
23,77,42,-31,3,43,-51,-25,19,56,55,55
30,70,52,-57,2,54,-59,-18,26,55,78,41
41,94,48,-47,-4,58,-60,-43,30,67,74,54
29,77,49,-36,-16,73,-59,-13,4,67,102,47
36,104,45,-41,-4,83,-59,-56,36,69,75,48
31,93,55,-76,-26,57,-33,-17,34,88,86,62
29,92,53,-66,-33,95,-58,-43,28,64,80,71
39,111,93,-61,-14,90,-61,-32,53,78,107,59
27,148,86,-85,-28,74,-49,-49,52,99,104,73
29,118,78,-99,-10,98,-77,-62,50,100,99,87
45,130,101,-93,-18,116,-65,-48,45,112,132,73
65,165,99,-89,-26,110,-68,-50,33,91,114,97
51,181,96,-111,-34,135,-95,-54,29,104,143,99
52,142,79,-107,-25,131,-88,-79,72,139,139,113
31,151,102,-113,-25,131,-76,-66,64,122,141,133
61,171,117,-100,-30,134,-98,-66,50,166,157,122
57,187,138,-112,-21,147,-90,-81,48,148,170,117
76,201,130,-132,-30,166,-100,-84,49,155,195,146
78,194,145,-113,-12,172,-112,-68,84,168,181,147
66,232,125,-153,-30,175,-114,-88,46,173,185,145
106,242,160,-144,-29,183,-131,-89,96,174,204,155
77,211,145,-164,-36,209,-135,-82,71,155,228,152
67,238,161,-186,-48,222,-146,-94,71,161,214,178
98,246,158,-158,-36,225,-157,-86,74,173,229,170
80,259,180,-175,-27,212,-138,-115,82,203,244,173
93,275,156,-174,-49,239,-134,-100,84,173,210,188
82,287,176,-185,-43,228,-137,-119,73,218,214,201
109,274,189,-186,-48,250,-128,-91,75,205,242,195
94,291,187,-190,-35,229,-154,-100,85,225,238,171
102,274,178,-195,-45,243,-134,-106,91,192,228,202
80,284,190,-185,-39,245,-152,-117,116,221,283,213
110,282,184,-191,-44,218,-169,-97,96,210,241,192
99,290,182,-197,-28,242,-143,-138,80,221,249,194
113,279,175,-204,-30,233,-171,-126,101,200,272,196
110,281,205,-196,-49,246,-172,-125,100,207,295,210
88,284,177,-181,-42,252,-153,-130,101,212,258,202
93,291,190,-193,-62,238,-168,-117,94,220,246,196
103,267,183,-179,-58,247,-145,-128,91,232,251,198
82,263,196,-186,-44,225,-151,-114,65,205,256,224
92,259,151,-172,-43,238,-150,-105,60,215,269,191
73,233,162,-183,-51,230,-131,-100,74,186,242,191
77,264,168,-175,-39,215,-149,-102,67,176,222,184
81,241,160,-163,-30,204,-168,-96,81,191,222,192
99,245,170,-154,-31,184,-137,-92,84,174,227,169
90,231,147,-144,-38,201,-155,-101,78,161,192,158
73,220,149,-155,-11,159,-138,-93,63,161,215,133
62,213,127,-147,-34,184,-89,-88,53,128,186,143
84,173,136,-123,-40,161,-113,-103,64,146,200,136
73,201,131,-144,-23,160,-113,-73,44,134,175,124
90,193,106,-121,-17,145,-95,-86,49,145,167,132
55,166,115,-123,-24,157,-78,-96,60,115,156,115
56,160,97,-103,-27,127,-87,-65,79,117,137,116
44,163,96,-108,-42,121,-100,-60,38,114,156,122
56,163,108,-110,-34,129,-85,-39,52,101,130,82
49,125,82,-82,-25,108,-57,-81,22,113,136,95
59,117,87,-105,-6,119,-97,-36,18,91,111,91
31,114,66,-82,-18,95,-51,-48,40,89,96,39
48,118,82,-92,-16,82,-70,-68,35,92,100,71
37,83,66,-71,0,86,-57,-42,41,78,109,68
54,84,50,-66,-37,71,-58,-42,23,50,86,47
43,71,62,-60,-11,77,-48,-29,42,66,67,42
28,62,51,-50,-4,72,-29,-46,21,78,71,26
23,55,33,-43,-10,45,-23,-17,9,71,81,27
44,52,25,-45,-5,50,-33,-18,9,39,69,58
16,58,24,-34,-10,51,-36,-23,13,40,25,55
15,64,47,-24,-15,56,-23,-21,14,39,47,53
21,48,33,-39,12,56,-24,-5,20,26,27,33
20,63,47,-42,-2,65,-20,-40,12,15,40,24
33,48,25,-34,-13,30,-35,-10,25,51,56,30
4,37,22,-28,12,49,-37,5,20,7,35,27
-6,49,39,-36,-17,38,-17,-26,-8,34,34,17
17,43,14,-10,-23,24,-16,-12,10,18,30,21
19,37,1,-10,-6,20,6,-23,13,6,30,32
-8,-1,7,-24,-20,-2,-18,5,7,21,28,15
17,15,21,-27,11,-3,2,-13,6,-15,6,2
-7,16,-10,-18,11,0,-4,17,-3,11,13,9
-8,2,24,-13,14,4,-13,-6,25,1,5,-20
-18,-18,1,17,-6,-27,1,11,-12,-3,-31,1
4,-13,-9,-3,28,-23,13,27,-30,-18,-23,-8
-41,-32,-5,6,12,-21,15,12,-15,-39,-30,-17
-12,-37,-43,30,19,-33,16,21,-26,-19,-26,-4
-29,-53,-37,33,-9,-32,16,44,-20,-36,-42,-37
-25,-101,-56,51,18,-51,53,36,-7,-60,-65,-64
-23,-83,-49,43,10,-85,40,49,-33,-54,-74,-54
-43,-85,-74,70,0,-86,44,49,-27,-77,-81,-83
-68,-110,-76,79,20,-111,52,64,-36,-114,-110,-96
-46,-148,-77,82,27,-110,61,48,-45,-110,-114,-97
-25,-142,-82,97,6,-108,78,60,-48,-107,-153,-93
-66,-141,-78,113,17,-125,86,49,-24,-120,-138,-86
-53,-130,-106,102,33,-114,59,71,-36,-99,-103,-112
-35,-142,-66,85,28,-100,74,57,-29,-87,-127,-102
-36,-97,-105,77,26,-88,76,69,-31,-83,-109,-87
-29,-65,-53,65,35,-64,47,33,-35,-72,-63,-70
-22,-15,-23,16,5,-19,30,19,-6,-22,-52,-24
31,18,2,9,-4,9,-2,-10,-10,28,37,-6
32,90,59,-68,-25,67,-43,-57,29,64,79,41
56,147,90,-114,-34,133,-94,-63,33,105,133,119
84,230,157,-156,-38,200,-131,-90,93,188,224,165
89,331,201,-223,-57,272,-180,-136,114,228,280,218
153,446,310,-290,-81,375,-246,-176,131,307,386,291
195,519,350,-355,-108,443,-281,-207,163,411,465,365
224,651,420,-438,-91,540,-350,-269,205,496,584,449
278,748,487,-503,-110,610,-399,-325,223,569,682,536
316,843,531,-575,-130,725,-446,-340,262,647,748,580
337,912,598,-643,-130,753,-513,-357,268,711,839,663
344,997,639,-670,-133,813,-541,-393,294,729,900,703
362,1045,690,-713,-157,853,-577,-410,282,794,927,726
360,1044,675,-730,-174,873,-601,-397,305,795,923,744
353,1069,683,-700,-147,845,-560,-423,313,756,908,724
341,1014,653,-692,-145,837,-540,-403,315,762,912,713
347,955,627,-652,-144,769,-530,-373,265,702,881,681
316,889,566,-592,-159,704,-468,-328,243,676,765,605
277,780,501,-506,-111,642,-426,-302,227,576,687,525
241,678,415,-463,-121,536,-360,-265,202,500,596,453
197,560,378,-375,-74,468,-329,-228,176,423,491,371
159,444,311,-285,-55,359,-243,-177,157,342,389,312
125,328,238,-242,-52,258,-169,-134,101,238,293,219
70,235,131,-152,-28,164,-113,-94,63,157,191,148
41,103,63,-81,-1,110,-75,-55,37,66,118,109
19,15,1,-25,-4,20,-36,-24,11,29,43,16
-15,-27,-29,39,17,-40,27,18,-19,-50,-38,-35
-29,-82,-59,73,5,-99,42,62,-25,-83,-93,-76
-42,-144,-96,105,23,-136,87,67,-37,-93,-142,-102
-70,-179,-107,135,16,-149,108,76,-79,-146,-170,-146
-62,-207,-132,164,9,-161,99,87,-58,-155,-178,-148
-73,-227,-133,132,36,-179,118,89,-47,-170,-199,-147
-79,-217,-145,160,49,-195,103,71,-66,-163,-177,-134
-85,-215,-143,149,7,-197,130,72,-66,-147,-188,-139
-86,-210,-145,135,39,-174,79,84,-59,-144,-194,-139
-62,-183,-121,129,30,-156,104,77,-55,-135,-159,-137
-45,-158,-101,84,39,-133,111,51,-73,-132,-130,-129
-61,-126,-95,96,19,-135,55,39,-27,-120,-120,-81
-29,-120,-76,94,25,-75,76,41,-32,-73,-93,-79
-16,-96,-69,54,13,-71,59,29,-24,-66,-98,-68
-27,-73,-38,56,-2,-57,31,35,-11,-62,-50,-56
-32,-46,-28,41,10,-55,13,21,-13,-26,-49,-40
10,-22,11,28,5,-19,8,6,-2,-31,-10,-39
-10,-24,-25,-2,-4,-41,2,2,5,-23,-24,-12
-4,-5,7,-12,-14,-18,26,13,-8,-3,-5,-10
8,-23,1,-8,-7,-12,13,-4,-6,22,11,35
13,8,8,6,18,8,-12,-6,-6,30,26,3
26,19,10,-16,12,6,-8,0,12,31,10,21
30,6,11,-4,-13,29,-14,3,-1,13,37,33
9,32,26,-12,-4,21,-13,3,-8,42,17,28
16,17,6,-15,11,21,-25,-24,23,48,35,9
26,47,13,-36,-8,46,6,-6,30,21,38,25
11,43,13,-21,-21,28,-30,-20,1,23,53,28
11,53,46,-11,-5,62,-16,-13,11,28,35,28
13,38,11,-24,-7,43,-14,-21,20,17,38,30
21,30,25,-31,-17,47,-35,-13,19,21,41,39
-4,48,26,-32,-11,61,-42,-13,6,19,51,45
16,58,10,-43,12,34,-20,-9,8,40,55,38
21,60,37,-32,-9,42,-43,-27,0,16,65,50
16,67,38,-48,-15,54,-50,-39,48,71,33,24
12,64,52,-41,-7,70,-30,-18,25,28,54,36
-2,63,34,-51,-12,59,-21,-27,25,44,51,55
32,67,50,-62,-8,69,-31,-33,-4,62,55,53
10,71,46,-63,-13,48,-51,-37,15,60,60,21
22,76,72,-53,-15,61,-35,-22,36,64,80,28
19,96,35,-55,-12,83,-31,-35,22,52,79,57
54,91,46,-52,-34,67,-41,-46,16,62,71,64
28,82,41,-86,4,76,-56,-5,41,57,90,43
51,90,56,-69,-25,71,-50,-51,31,90,64,65
30,108,55,-61,-15,78,-52,-45,36,76,66,54
28,106,68,-67,-14,80,-56,-39,30,82,79,88
33,133,74,-71,-15,87,-37,-31,26,87,107,85
47,121,65,-60,-47,91,-64,-47,46,76,104,74
43,122,85,-77,-37,104,-70,-55,53,98,89,98
35,130,77,-86,-13,137,-82,-51,51,97,131,94
47,147,77,-90,-12,110,-96,-42,51,95,135,74
44,149,95,-87,-20,119,-82,-57,51,107,147,89
51,156,95,-95,-10,149,-92,-55,49,115,134,119
59,138,104,-109,-43,156,-95,-66,73,126,116,102
56,191,95,-110,-23,152,-80,-73,50,122,146,148
59,180,97,-128,-33,152,-93,-50,69,133,178,112
73,191,111,-105,-50,158,-118,-61,44,109,155,140
65,194,118,-120,-30,175,-108,-72,69,135,183,125
66,192,143,-152,-40,141,-95,-106,69,143,184,135
74,187,127,-162,-19,166,-123,-74,61,180,182,157
69,231,136,-155,-42,155,-120,-83,47,169,179,154
75,231,141,-139,-40,178,-143,-93,39,164,208,156
89,231,154,-164,-22,220,-115,-80,83,175,201,168
95,245,153,-176,-47,194,-127,-94,80,164,224,168
92,266,179,-150,-25,219,-132,-91,55,194,236,179
103,258,171,-165,-24,224,-149,-83,72,203,215,169
95,284,165,-181,-53,224,-132,-123,85,222,252,172
99,286,164,-198,-54,252,-144,-132,90,195,281,170
109,310,198,-196,-22,251,-175,-103,69,226,278,221
108,292,214,-198,-59,254,-167,-112,91,231,255,230
117,312,193,-195,-54,261,-167,-127,84,223,273,200
112,324,199,-223,-53,266,-182,-108,99,272,292,215
109,338,198,-230,-57,274,-174,-144,115,256,298,233
105,324,201,-224,-41,270,-177,-131,102,256,278,238
122,360,232,-223,-62,289,-182,-135,112,260,308,221
107,346,224,-241,-63,298,-184,-152,108,277,325,256
142,348,237,-231,-66,293,-193,-164,101,262,319,256
112,361,228,-255,-72,291,-200,-134,103,263,324,227
142,354,251,-271,-74,286,-184,-145,128,273,350,277
136,372,245,-269,-44,291,-205,-165,104,270,351,270
134,379,251,-265,-44,317,-233,-166,106,288,352,260
120,414,231,-247,-34,327,-222,-156,104,289,362,300
141,392,278,-256,-69,335,-218,-145,123,287,370,294
148,411,248,-277,-69,319,-214,-154,99,306,372,290
154,406,264,-267,-55,333,-232,-165,110,296,334,289
147,389,268,-288,-66,328,-231,-150,146,298,367,281
139,417,293,-271,-61,354,-234,-160,147,312,367,290
154,421,251,-282,-43,340,-226,-161,114,329,367,290
149,408,279,-272,-61,356,-221,-177,105,328,390,284
132,432,261,-292,-55,370,-210,-161,127,300,382,301
158,428,282,-284,-93,366,-235,-176,140,309,372,303
132,405,292,-298,-55,323,-235,-158,132,339,370,277
145,418,264,-289,-91,351,-246,-174,137,288,373,292
149,400,281,-279,-75,353,-241,-166,128,310,361,289
140,399,276,-288,-57,352,-247,-163,125,308,371,287
152,416,271,-280,-48,341,-210,-168,145,309,360,296
150,406,270,-288,-65,336,-233,-164,120,313,373,298
156,416,252,-290,-76,328,-228,-147,120,323,345,282
130,386,262,-299,-54,346,-227,-174,120,322,352,292
135,387,225,-282,-66,335,-232,-158,138,291,362,264
173,395,248,-277,-62,328,-206,-150,118,296,350,284
136,403,253,-259,-40,320,-221,-154,110,281,357,291
136,400,240,-256,-31,313,-206,-166,101,271,343,256
125,401,258,-271,-67,305,-192,-145,120,274,321,271
105,357,232,-248,-46,301,-204,-158,138,280,342,254
138,366,220,-242,-54,323,-233,-164,86,280,322,254
119,357,220,-261,-44,301,-188,-167,131,275,306,236
113,362,234,-218,-57,287,-186,-151,97,270,306,236
88,329,214,-235,-64,279,-203,-130,102,225,310,231
135,340,220,-187,-25,273,-174,-122,96,217,310,213
130,335,220,-230,-64,272,-186,-132,90,263,291,217
105,322,221,-214,-49,256,-175,-119,85,241,287,213
94,295,184,-216,-58,250,-182,-141,81,227,277,208
106,309,188,-192,-52,265,-156,-131,71,224,275,211
102,293,192,-212,-62,241,-133,-122,122,189,248,175
111,269,168,-178,-49,220,-172,-109,95,201,223,192
98,250,160,-159,-71,214,-135,-100,70,188,239,181
77,235,178,-186,-67,215,-134,-103,83,194,231,178
68,242,157,-161,-24,213,-134,-99,70,177,203,182
78,233,157,-159,-42,190,-124,-87,66,183,219,165
94,232,138,-165,-19,198,-119,-106,82,192,202,148
67,209,139,-146,-55,170,-122,-85,71,155,197,146
73,206,120,-158,-17,175,-115,-78,54,168,218,158
65,170,115,-136,-45,179,-98,-74,70,152,179,151
65,189,119,-138,-6,159,-123,-65,73,150,158,132
63,191,119,-102,-38,133,-95,-56,65,152,148,114
46,164,111,-120,-23,141,-91,-60,47,144,165,104
40,160,100,-116,-22,126,-101,-84,55,127,145,107
60,174,86,-90,-3,109,-99,-53,31,85,142,122
54,140,79,-94,-26,100,-72,-82,42,123,108,86
32,119,86,-87,-14,88,-90,-51,39,96,112,79
27,111,88,-92,-25,117,-67,-47,33,99,123,79
25,107,57,-77,-18,101,-50,-32,48,70,127,92
21,86,64,-83,-16,81,-53,-22,19,91,97,77
32,89,48,-63,-16,83,-66,-29,44,76,119,70
41,75,60,-57,-30,59,-26,-22,32,63,74,51
7,76,59,-64,-2,61,-46,-24,28,58,54,73
37,86,61,-69,-20,62,-33,-25,24,60,61,51
27,38,55,-50,-16,56,-43,-21,25,49,59,37
26,80,34,-40,1,46,-59,-45,3,23,68,25
0,48,52,-36,-33,45,-39,-7,19,52,46,53
26,57,29,-15,14,63,-42,-32,21,42,41,20
29,43,39,-39,-9,46,-53,-5,28,41,38,22
11,28,13,-45,19,54,-38,-22,14,23,60,38
18,34,32,-17,-18,30,-15,-6,19,18,7,15
14,21,28,-32,-18,42,-15,-33,40,35,58,39
19,33,44,-9,28,9,-30,-4,25,5,34,7
7,39,44,-26,-10,44,-12,4,23,37,42,13
-4,11,23,1,-42,30,-20,11,3,17,37,25
21,3,12,-15,1,23,3,-23,6,4,37,7
0,42,40,-19,10,31,9,-15,1,34,3,4
-10,22,15,-18,-5,1,2,-6,-10,13,6,16
22,16,32,-7,-8,4,-18,-20,5,13,-3,10
9,5,0,-15,0,3,-4,-3,10,-15,5,-14
10,3,7,4,12,4,13,-2,0,-1,-18,14
3,16,-6,-3,25,0,7,17,15,5,-6,19
-5,2,-3,4,-2,3,1,-16,-8,-25,-26,-15
12,-18,7,-4,2,-10,-17,-3,-2,15,12,11
-3,0,-5,-1,1,1,-31,-9,-19,-14,-9,16
1,5,5,14,2,4,-4,4,1,25,-14,-4
-3,6,-8,-6,-3,-3,7,5,-8,-3,-5,7
4,-11,2,-19,-9,-11,20,24,-20,-4,-31,7
-28,-7,-31,27,1,-11,2,11,-7,-7,-35,-5
-23,9,3,-7,1,0,-18,8,8,-21,-23,9
-15,-2,17,16,1,4,11,2,2,5,16,6
-21,-33,-11,24,17,-7,3,10,-2,-5,-25,-8
6,-22,11,2,-1,-20,16,0,-8,-26,-29,2
-16,-14,-22,-10,6,-4,15,5,-8,-13,-32,-15
7,-16,-30,-3,13,13,31,14,-4,-9,-21,-34
-3,-14,-2,13,11,-18,-8,-30,23,-16,-25,12
-4,-23,-4,16,5,-1,-10,4,-8,-4,-24,-19
-4,-16,-2,-1,13,-4,17,13,-13,-22,-34,-23
20,8,4,22,-5,-18,-3,6,-8,-7,-11,-14
9,-26,-3,26,1,-16,16,32,16,-19,-2,-36
-7,-14,-43,9,0,-20,13,29,-32,2,-3,-27
-16,-23,-10,17,6,-8,9,8,-6,-41,-27,-18
-13,1,-7,15,-1,-6,5,-4,6,-13,-16,-2
8,-12,-26,17,8,-16,16,-7,2,-16,-22,-19
14,-40,7,28,4,-25,25,5,-5,-8,-29,-10
-18,10,-13,13,-14,-5,-2,19,-14,-14,-21,-22
-26,-26,-9,-2,-3,-19,-10,-1,-11,-16,-15,-15
-26,-13,-39,19,-12,-4,-6,30,-2,-28,-33,-23
8,-28,-31,26,6,-1,14,11,-1,-13,-22,-28
-13,1,-36,-2,-17,-15,13,15,-9,-27,-3,-18
-11,-13,-39,5,2,-31,25,6,4,-11,-24,-10
6,-20,-20,29,-1,-1,10,13,-4,-18,-7,-3
-18,-17,-40,28,-6,-12,18,15,1,-19,-5,-2
-19,-6,0,10,3,-13,4,-17,-6,-15,-9,-33
4,-30,-3,4,11,-8,0,10,2,-11,-15,-7
-4,-20,-21,34,14,-8,26,0,0,15,-27,-3
-22,-32,-15,6,0,-14,13,-1,-15,13,-40,-22
6,-25,-4,16,10,5,22,16,-14,-28,-8,-13
2,-20,-23,19,-13,-25,24,28,2,-20,-23,-13
-11,-23,2,13,-3,-16,-16,-4,13,-17,-13,-30
3,-8,-15,15,0,-16,23,10,-25,-34,-30,-37
-16,-12,-14,6,4,-23,-6,7,-7,-17,-24,-8
15,-32,-24,35,6,-10,12,8,0,-40,-11,-22
-14,-30,-19,17,5,-6,9,5,6,-18,-6,-2
17,-16,-6,27,8,11,3,8,21,-27,-17,-25
-22,-17,-26,12,-1,-10,6,5,16,-14,-10,-17
4,-33,8,7,7,2,-10,24,9,-10,-9,-38
-15,2,-17,7,-10,-14,-13,8,-20,0,-25,-15
-8,-23,-7,11,15,-4,0,13,-3,-13,6,16
1,-12,-17,10,6,-18,-2,19,-8,-19,9,-2
-26,-29,-10,20,14,-11,26,0,20,-9,-16,-7
-7,-30,-9,19,1,-16,-3,4,-14,-14,-12,-10
-12,-25,-33,25,8,-9,2,-1,-3,-1,-28,9
-24,5,-7,-2,13,-22,-10,4,-18,-19,-10,-7
-3,-14,-9,5,24,-21,13,8,-52,-17,0,-22
1,3,-3,1,12,-15,30,-8,2,-36,9,-18
23,-7,-35,30,-8,-8,10,20,-4,-26,-30,0
-12,23,-18,17,-14,-26,-6,-15,-5,-14,-15,-6
-15,-9,-3,8,-1,-1,3,18,17,-2,2,11
-25,-15,-7,27,-14,-14,-2,10,0,-20,-15,-23
-9,-34,4,21,0,-27,1,-16,6,-7,-6,-8
-18,-8,-3,12,0,-11,4,18,5,-27,-8,-4
10,-13,-1,7,10,-10,12,12,1,-17,10,-1
-19,-7,2,1,6,-4,26,3,6,-14,-28,-2
8,-15,-6,19,13,-6,-1,-8,16,-21,3,-17
-13,8,-24,-9,-11,-9,-1,15,2,24,-8,5
14,25,-16,3,21,0,15,-17,-14,23,12,-6
-8,10,-8,-3,-10,-5,3,-9,14,-13,16,2
-27,-5,-8,7,1,13,10,-13,3,-10,7,2
-2,15,31,22,-2,3,-12,-23,4,3,12,4
24,-2,-10,-21,-20,9,0,-23,14,6,23,15
30,26,-4,-14,-18,-5,-2,-22,2,-6,-1,18
2,12,30,-17,5,17,-9,9,7,12,21,14
-1,40,-1,-9,-17,27,-16,-14,-4,14,22,19
14,49,19,-13,-7,19,-13,-30,0,26,40,20
22,55,13,-17,-22,33,-39,-6,6,37,56,10
5,44,25,-19,-12,38,-36,-21,0,30,34,32
17,31,32,-32,-14,43,-18,-29,41,38,44,36
24,44,42,-40,-35,37,-42,-22,11,39,54,23
62,74,44,-55,-20,47,-21,-32,20,35,63,30
28,83,68,-53,-21,68,-37,-16,29,65,71,56
14,101,67,-64,7,83,-55,-22,46,43,68,58
36,98,58,-68,-11,89,-53,-44,50,88,79,45
22,100,72,-85,-4,97,-54,-42,8,87,71,51
34,116,94,-60,-18,89,-53,-32,23,80,93,75
33,102,56,-87,-24,94,-67,-52,26,98,102,87
44,124,85,-101,-19,108,-88,-61,61,124,128,90
51,161,73,-96,-16,112,-72,-36,23,108,120,104
33,151,102,-105,-23,116,-86,-51,33,115,135,104
57,146,101,-101,-22,120,-78,-44,30,117,164,112
63,177,88,-107,0,146,-82,-68,56,125,147,136
57,197,103,-110,-24,124,-105,-52,72,162,162,104
60,173,132,-147,-18,139,-113,-68,63,126,159,139
72,178,129,-134,-33,129,-117,-73,71,143,174,141
68,199,129,-129,-24,153,-94,-64,74,158,173,144
56,203,132,-150,-15,167,-123,-87,61,148,206,126
68,221,145,-155,-32,175,-114,-91,74,174,202,148
91,212,151,-113,-33,185,-116,-83,59,160,184,144
62,226,144,-164,-58,184,-98,-83,56,184,191,167
86,247,117,-158,-37,186,-138,-92,72,193,222,166
103,240,143,-141,-47,204,-125,-81,80,176,219,153
79,233,163,-156,-56,206,-150,-88,72,178,223,172
63,227,166,-177,-37,202,-133,-94,78,194,201,170
83,230,139,-148,-59,215,-128,-105,59,188,193,151
106,240,157,-164,-40,195,-142,-102,58,173,206,166
59,238,160,-162,-30,198,-146,-96,58,166,201,167
85,225,160,-136,-52,193,-128,-107,77,177,206,165
88,207,140,-175,-43,192,-124,-75,67,172,211,143
75,218,152,-137,-38,204,-135,-102,62,191,208,154
87,220,126,-150,-50,191,-132,-97,64,165,189,149
71,219,129,-133,-22,169,-113,-95,78,168,196,153
61,201,135,-136,-52,179,-119,-93,44,144,174,136
59,201,119,-136,-20,168,-130,-68,66,140,194,150
69,187,117,-130,-21,151,-105,-88,35,185,187,140
56,188,124,-127,-22,163,-90,-57,40,141,183,118
50,177,114,-126,-21,133,-91,-67,41,135,174,108
76,170,130,-105,-11,126,-96,-55,46,146,162,114
86,132,113,-85,-20,131,-70,-42,44,113,124,110
45,151,89,-127,-38,87,-70,-55,40,115,122,109
38,120,97,-93,-14,122,-76,-65,29,120,134,78
52,137,55,-79,-30,105,-56,-51,33,74,116,105
16,149,78,-77,-26,101,-77,-45,34,94,80,67
44,119,69,-97,-40,100,-56,-44,36,83,113,95
28,97,66,-50,1,55,-40,-50,22,69,97,77
20,95,53,-48,23,65,-59,-36,36,63,86,57
25,77,42,-48,-22,51,-39,-41,43,55,72,56
27,68,29,-54,-9,67,-59,-27,33,59,60,46
24,67,46,-71,1,26,-16,-21,22,27,49,21
-4,51,42,-21,-8,46,-23,-22,29,36,52,39
22,55,32,-42,-1,36,-29,-23,3,7,60,37
17,39,45,-33,13,21,-28,-22,12,24,9,26
10,44,11,-13,-13,25,-20,-13,5,28,17,38
8,13,5,-13,-10,15,-22,-6,23,27,38,22
16,12,37,-7,-17,32,-5,-18,-1,8,15,25
6,1,-11,-6,-8,16,-11,-5,1,5,21,5
-10,7,13,-3,-3,8,5,-14,-3,8,-4,2
4,24,-12,7,34,-17,-4,-24,5,-18,-12,-14
-15,-8,-15,3,31,1,27,-1,14,-32,10,-5
2,-25,-6,20,-12,-4,2,8,-7,-2,5,6
-12,-13,9,-3,-11,2,-28,10,-14,-14,-13,-23
7,-15,0,1,3,-6,27,15,-5,-17,-28,-17
2,-2,14,25,24,-8,19,4,-9,-27,-8,-1
-3,-17,-17,37,11,-21,23,14,-29,-30,-23,-1
-13,-18,-12,-2,14,-27,7,1,8,-25,-32,-29
-8,-26,-28,51,9,-49,-4,10,-9,-54,-16,-20
-3,-47,-31,30,-9,-39,11,9,-16,-17,-53,-18
13,-42,-42,34,7,-46,35,3,-12,-36,-31,-29
-9,-54,-40,65,21,-51,49,3,-11,-58,-41,-37
-22,-57,-38,71,11,-73,49,38,-32,-53,-61,-43
-37,-97,-41,31,12,-70,25,16,-25,-84,-56,-60
-32,-92,-61,72,10,-85,66,50,-23,-81,-82,-66
-16,-121,-58,78,23,-95,48,79,-48,-65,-100,-76
-44,-124,-106,83,20,-86,87,62,-22,-84,-109,-62
-71,-149,-81,94,25,-139,96,54,-30,-98,-123,-103
-45,-174,-101,106,25,-143,95,49,-46,-133,-138,-116
-81,-170,-119,113,26,-124,114,80,-60,-121,-182,-104
-66,-190,-115,147,26,-160,96,82,-33,-174,-146,-129
-48,-185,-139,146,19,-140,117,67,-48,-152,-179,-121
-87,-176,-129,133,39,-160,107,64,-47,-143,-174,-130
-47,-190,-138,121,26,-145,82,66,-60,-136,-171,-116
-36,-156,-121,89,20,-131,68,57,-52,-117,-149,-96
-32,-108,-92,82,34,-97,71,64,-21,-83,-103,-118
-29,-91,-57,74,16,-79,43,41,-30,-67,-77,-63
2,-50,-20,25,15,-42,5,23,-11,-50,-49,-26
1,27,21,-13,-12,5,-24,7,-8,12,0,15
26,69,53,-65,2,91,-47,-47,32,56,66,44
60,170,131,-125,-41,146,-104,-53,64,147,177,112
108,261,165,-205,-36,206,-147,-114,89,224,252,195
142,347,242,-249,-64,310,-182,-152,112,262,322,248
172,498,321,-317,-83,420,-266,-187,147,364,445,344
213,581,389,-377,-95,494,-333,-236,175,435,537,426
232,719,435,-483,-100,583,-413,-285,208,514,629,482
288,774,519,-569,-111,651,-443,-312,221,600,716,558
291,873,565,-591,-130,733,-469,-336,260,650,780,614
339,916,610,-623,-121,778,-507,-372,279,696,833,654
346,954,628,-676,-147,791,-542,-397,283,732,858,690
319,987,628,-676,-157,826,-518,-402,287,733,895,682
339,966,637,-621,-171,791,-540,-384,288,734,886,679
298,939,620,-636,-131,766,-519,-366,278,703,838,641
290,871,586,-573,-115,701,-476,-355,231,654,795,627
269,786,528,-529,-105,674,-432,-307,260,600,731,554
248,692,448,-483,-95,557,-383,-280,221,503,621,481
210,599,379,-403,-82,495,-313,-217,165,446,537,422
163,470,312,-341,-65,394,-265,-198,141,361,440,342
127,350,229,-254,-34,296,-208,-136,130,261,303,242
96,251,149,-149,-31,211,-122,-84,78,194,224,167
71,127,76,-95,-13,103,-76,-55,63,108,120,84
22,44,32,-35,13,30,-30,-4,-3,28,38,2
-42,-61,-23,25,9,-33,21,23,-6,-48,-29,-29
-52,-139,-70,77,8,-85,52,39,-33,-92,-119,-75
-52,-176,-104,127,26,-176,121,83,-52,-139,-155,-150
-79,-232,-131,140,28,-192,127,98,-70,-178,-222,-168
-105,-260,-147,174,46,-233,141,114,-83,-183,-238,-176
-117,-280,-199,216,46,-251,173,142,-79,-220,-236,-191
-87,-290,-219,197,28,-241,152,125,-88,-221,-246,-207
-104,-288,-209,189,45,-263,160,109,-66,-219,-256,-231
-105,-294,-183,201,39,-235,169,110,-88,-227,-274,-202
-97,-282,-174,175,36,-217,157,118,-87,-210,-246,-206
-102,-255,-151,185,22,-219,163,98,-85,-184,-211,-176
-78,-226,-140,154,19,-201,131,88,-68,-163,-211,-163
-54,-204,-141,140,28,-169,112,90,-52,-163,-187,-135
-79,-170,-115,115,27,-161,103,79,-62,-144,-141,-126
-56,-181,-107,118,8,-135,85,62,-60,-115,-146,-117
-59,-157,-76,99,31,-114,91,50,-14,-104,-93,-114
-26,-131,-87,86,23,-95,75,36,-17,-88,-114,-64
-36,-87,-58,62,39,-98,62,58,-22,-78,-113,-61
-24,-96,-67,75,32,-51,53,37,-30,-73,-80,-55
-26,-66,-80,61,20,-72,36,37,-27,-78,-86,-58
-15,-77,-48,61,24,-64,38,45,-21,-52,-87,-46
-7,-63,-27,44,21,-46,39,44,-9,-42,-70,-44
-24,-44,-45,36,12,-37,33,21,-17,-35,-45,-40
-40,-72,-45,43,9,-13,36,22,-29,-38,-47,-32
-18,-43,-34,34,7,-43,28,17,-24,-30,-39,-43
-16,-60,-26,38,7,-35,48,13,2,-56,-37,-49
-17,-65,-30,57,1,-32,35,9,-24,-31,-50,-31
3,-41,-21,7,-8,-22,12,14,-8,-43,-38,-25
-25,-33,-15,50,36,-32,21,20,-9,-41,-40,-41
-29,-25,-28,22,-13,-35,24,16,-20,-17,-48,-13
-22,-50,-8,17,20,-31,20,19,-32,-38,-32,-40
-10,-36,-10,22,25,-28,18,15,-18,-17,-11,-39
-19,-21,-18,13,-12,-27,19,23,-15,-14,-18,-21
-7,-20,13,10,8,-5,7,20,-15,-33,-52,5
-8,-39,-29,7,-11,-21,27,15,-25,1,-2,-17
-21,-36,-11,16,-1,-24,5,-7,-13,-8,-25,-7
-15,-22,-20,24,9,1,16,22,-23,-12,-20,-24
-35,-2,-26,37,-21,-3,2,15,3,-16,-12,-5
-6,-23,1,-18,2,-9,21,9,-7,-25,-5,-8
12,-5,-3,-3,2,2,-1,24,27,-3,-14,12
-8,-8,20,2,16,-7,17,-2,24,-4,-11,17
-2,4,6,22,-6,9,0,-14,1,3,-16,23
13,-1,13,5,-12,27,2,-14,-8,28,13,-2
9,4,-2,-6,8,20,-2,-21,17,-4,32,-5
29,8,0,-8,-3,14,-1,-4,-3,20,11,23
25,44,16,-25,9,-2,-7,-14,6,21,-7,34
25,29,35,-17,-21,17,-4,-26,-3,-8,14,22
4,26,40,-21,-21,50,-49,-9,18,33,48,19
4,40,39,-44,-13,43,-31,-20,3,26,25,42
19,61,36,-37,-20,73,-17,-35,5,42,45,29
12,43,44,-19,-12,48,-22,-43,2,35,38,15
39,65,42,-56,6,54,-38,-20,40,26,72,43
30,70,40,-46,-25,59,-52,-26,19,59,67,39
44,73,52,-58,-15,59,-32,-2,29,66,80,33
16,73,55,-59,-14,53,-36,-41,40,62,83,46
33,84,66,-57,18,87,-58,-23,21,74,104,58
31,107,81,-57,9,93,-58,-24,33,89,81,65
41,122,96,-59,-30,109,-55,-51,47,60,102,58
58,117,58,-76,-3,107,-40,-32,70,70,123,69
37,120,90,-84,-20,111,-64,-76,37,88,108,83
48,121,82,-88,-12,101,-71,-61,28,94,97,88
51,145,92,-94,-23,122,-82,-45,24,112,118,95
46,179,94,-108,-32,118,-86,-67,20,122,130,107
63,178,98,-113,-11,149,-91,-48,45,131,153,115
60,159,88,-124,-24,125,-103,-54,61,128,162,96
68,174,99,-105,-34,165,-85,-73,38,110,164,100
62,158,134,-132,-13,176,-75,-52,26,124,185,138
70,207,139,-136,-40,147,-99,-71,39,152,184,137
69,201,131,-138,-27,173,-128,-87,79,139,192,154
75,229,151,-151,-38,196,-104,-70,53,163,173,137
73,241,152,-148,-68,195,-122,-104,73,167,208,161
86,232,153,-182,-11,193,-132,-62,86,191,213,170
58,238,170,-169,-40,192,-134,-88,84,180,215,175
105,262,168,-180,-61,218,-162,-86,76,199,225,182
88,264,171,-175,-29,225,-142,-107,90,195,249,217
91,288,172,-165,-54,238,-162,-132,98,202,243,193
98,269,200,-174,-40,224,-154,-110,81,212,220,194
109,288,199,-216,-47,224,-149,-99,89,205,253,168
104,287,195,-181,-48,247,-147,-119,85,217,262,213
128,324,196,-202,-38,243,-171,-102,97,223,246,194
113,297,197,-222,-48,254,-179,-127,95,239,252,201
125,329,198,-223,-36,236,-154,-124,77,238,296,204
104,304,205,-209,-34,250,-179,-120,97,229,277,218
123,320,184,-220,-48,256,-172,-148,101,242,275,210
133,325,229,-216,-56,291,-179,-119,105,255,304,228
117,318,191,-223,-51,270,-179,-111,97,262,282,210
117,309,209,-243,-60,259,-175,-149,95,233,314,234
111,339,210,-233,-47,267,-172,-129,108,214,314,231
128,317,200,-224,-26,279,-188,-106,122,248,297,267
125,349,232,-222,-60,282,-169,-150,109,252,288,236
112,317,205,-253,-80,291,-177,-137,111,246,299,239
117,337,217,-225,-47,276,-169,-121,98,238,299,237
109,337,211,-228,-51,280,-190,-134,82,250,317,228
126,353,210,-232,-39,273,-182,-161,90,270,307,213
103,332,216,-245,-34,283,-161,-106,111,264,299,239
92,327,207,-231,-49,302,-185,-111,88,247,276,216
130,340,221,-236,-66,272,-171,-126,99,249,298,213
107,319,204,-215,-62,255,-182,-137,104,240,303,217
123,321,216,-226,-55,270,-165,-127,106,267,293,231
108,318,204,-215,-48,256,-192,-133,104,226,280,225
102,294,197,-219,-21,277,-183,-105,121,229,280,201
102,311,202,-211,-51,256,-171,-98,80,222,271,221
96,304,205,-189,-58,240,-177,-137,91,207,266,221
90,287,214,-197,-44,272,-161,-93,92,200,256,175
114,266,169,-200,-30,224,-169,-102,106,225,249,187
107,280,175,-192,-28,225,-162,-107,108,197,234,200
121,258,187,-198,-51,211,-149,-111,106,203,254,199
81,271,173,-172,-52,216,-140,-110,79,185,213,172
84,262,174,-173,-24,215,-133,-108,76,186,238,208
94,244,143,-160,-37,207,-148,-89,69,185,219,170
70,239,162,-162,-33,201,-108,-105,69,176,218,171
77,235,147,-157,-5,196,-100,-92,66,166,193,153
71,221,136,-146,-43,171,-121,-93,63,155,191,144
78,225,138,-137,-38,164,-112,-85,83,163,185,153
79,199,119,-140,-35,150,-117,-93,58,154,194,126
54,183,122,-121,-47,151,-113,-68,52,151,193,138
76,195,102,-132,-40,155,-96,-83,62,110,155,133
54,167,106,-114,-28,143,-76,-75,49,116,157,130
63,146,107,-106,-34,121,-91,-64,52,125,145,104
64,157,87,-94,-21,120,-105,-70,44,122,112,96
44,149,109,-90,-20,109,-53,-57,31,103,108,94
35,143,77,-92,-16,120,-64,-48,49,91,115,86
44,116,82,-101,-13,122,-84,-47,40,105,100,80
45,147,63,-68,-22,89,-64,-58,39,80,100,70
30,114,52,-58,-22,94,-39,-36,50,69,97,83
41,90,62,-66,-43,79,-41,-27,53,85,83,54
44,97,67,-62,-8,83,-46,-51,24,42,67,49
22,81,59,-61,-22,52,-44,-60,24,58,79,76
30,81,35,-46,-26,68,-40,-20,58,70,33,54
35,55,45,-20,-5,59,-30,-21,8,61,51,28
38,62,34,-28,-23,55,-21,-15,14,36,45,43
23,60,24,-27,-9,49,5,-11,7,32,51,24
37,20,28,-16,-23,25,-10,-28,10,13,23,17
25,33,4,-32,-26,0,-24,9,7,20,17,5
16,11,17,-22,2,25,-13,-30,16,29,27,-4
-7,5,10,0,-8,5,1,1,10,13,2,3
13,25,7,0,-17,5,-14,-26,-18,-10,18,9
-5,-1,1,-15,5,-8,-10,15,-14,-11,-11,1
-7,2,8,0,1,9,11,6,5,0,-5,18
0,-3,-18,12,25,-3,5,28,-7,-18,-20,3
-4,-23,-7,8,-9,-29,21,33,-11,-4,-12,-27
14,-18,-40,12,-9,-2,17,6,-3,-35,-15,-25
-25,-40,-23,32,6,-8,11,14,8,-26,-10,-9
-8,-25,-4,6,7,-18,12,16,-13,-13,-44,-57
-29,-35,-26,13,17,-23,23,33,2,-31,-33,-23
-18,-22,-36,52,3,-29,23,44,1,-18,-46,-53
-26,-40,-28,31,4,-33,29,13,-21,-45,-51,-9
-2,-41,-13,47,9,-48,23,20,-3,-46,-41,-41
-33,-75,-31,49,-4,-37,23,22,-7,-33,-50,-52
-30,-62,-60,27,14,-36,22,24,3,-47,-55,-36
-16,-52,-48,47,14,-60,27,6,-42,-29,-67,-43
-5,-59,-11,69,9,-44,23,29,-24,-50,-51,-45
-19,-81,-47,28,24,-39,48,38,-22,-37,-54,-38
-52,-57,-60,30,14,-70,46,41,-27,-52,-69,-53
-19,-68,-37,40,7,-38,15,36,-14,-60,-75,-64
-42,-52,-46,69,8,-65,37,28,-14,-54,-49,-40
-53,-79,-43,48,-14,-50,45,21,-18,-48,-82,-64
-32,-82,-44,68,16,-55,41,38,-7,-58,-59,-45
-33,-70,-33,82,29,-48,38,-2,-7,-36,-85,-43
-40,-74,-48,55,21,-58,38,42,-37,-61,-71,-48
-29,-85,-44,64,3,-66,66,36,-19,-75,-85,-76
-25,-76,-28,54,11,-74,49,42,-40,-53,-69,-60
-23,-63,-61,47,9,-43,46,33,-7,-44,-88,-49
-25,-50,-48,58,22,-52,25,35,-5,-64,-80,-50
-18,-75,-46,65,20,-73,50,29,-17,-71,-57,-59
-32,-79,-68,36,30,-56,51,40,-16,-75,-53,-36
-31,-90,-63,67,35,-93,24,38,-13,-52,-88,-67
-28,-80,-47,61,-16,-76,45,41,-19,-54,-63,-36
-33,-69,-46,64,34,-67,42,37,-36,-63,-54,-73
-46,-99,-69,47,3,-92,41,31,-28,-57,-84,-69
-29,-87,-51,43,21,-74,36,36,-15,-83,-70,-77
-46,-88,-32,45,14,-65,55,37,-17,-38,-62,-52
-29,-82,-50,45,6,-76,30,41,-17,-79,-63,-70
-34,-97,-61,72,27,-74,17,7,-22,-55,-97,-51
-53,-83,-42,58,3,-67,65,28,-17,-73,-73,-77
-31,-73,-72,60,5,-79,43,38,-21,-74,-89,-51
-21,-107,-38,58,19,-82,71,44,-22,-58,-81,-52
-20,-105,-65,55,32,-74,67,23,-17,-58,-88,-72
-43,-86,-71,67,4,-60,35,25,-37,-64,-82,-65
-49,-93,-67,51,10,-71,62,53,-18,-57,-75,-58
-22,-77,-36,47,18,-80,44,43,-28,-72,-86,-52
-29,-81,-58,73,6,-70,54,32,-41,-50,-71,-70
-37,-111,-54,58,-9,-60,53,39,-6,-53,-65,-55
-58,-72,-52,70,15,-58,46,32,-27,-74,-77,-58
-20,-85,-54,62,14,-85,43,24,-30,-62,-73,-61
-14,-77,-69,40,28,-63,55,30,-23,-67,-102,-49
-47,-91,-35,59,22,-104,59,33,-23,-64,-74,-74
-10,-90,-52,60,22,-79,51,36,-4,-84,-64,-61
-45,-74,-78,67,19,-61,39,55,-17,-64,-89,-69
-37,-76,-53,65,1,-64,46,48,-27,-41,-96,-73
-42,-97,-48,57,39,-51,29,17,-15,-44,-61,-53
-43,-85,-64,44,5,-59,33,48,-14,-69,-79,-62
-54,-95,-55,49,15,-77,43,22,-16,-78,-99,-62
-37,-74,-52,63,21,-76,63,25,-23,-48,-96,-65
-41,-120,-70,70,21,-70,40,13,-55,-36,-68,-39
-39,-85,-67,65,37,-76,55,41,-36,-50,-76,-76
-30,-97,-58,69,14,-66,58,14,-40,-65,-79,-64
-41,-89,-37,58,18,-80,41,50,-29,-68,-50,-66
-30,-92,-75,54,17,-85,36,25,-15,-77,-85,-44
-29,-88,-76,57,30,-66,72,20,-29,-75,-72,-59
-28,-89,-51,67,8,-79,55,39,-32,-60,-61,-74
-25,-87,-59,64,15,-82,53,24,-29,-76,-74,-66
-17,-91,-52,57,16,-68,54,29,-28,-94,-84,-39
-28,-80,-38,59,32,-60,57,17,-19,-77,-74,-76
-21,-77,-67,55,17,-85,54,21,-25,-58,-80,-52
-29,-88,-64,52,9,-78,50,22,-32,-76,-87,-56
-16,-80,-54,29,3,-85,28,35,-45,-67,-74,-59
-25,-99,-74,56,13,-63,45,38,-14,-63,-80,-54
-2,-85,-61,49,-10,-76,60,50,-24,-68,-89,-71
-55,-94,-45,74,10,-61,55,37,-23,-87,-78,-63
-14,-64,-56,59,10,-58,43,41,-25,-69,-62,-69
-61,-79,-69,47,-5,-78,8,33,-35,-62,-73,-59
-50,-92,-70,45,3,-64,44,26,-26,-59,-79,-70
-49,-74,-56,66,2,-50,35,28,-30,-42,-66,-52
-26,-72,-63,59,19,-56,55,32,-34,-49,-90,-47
-53,-73,-49,54,22,-67,26,26,-24,-46,-76,-47
-35,-68,-26,56,15,-53,52,37,-24,-46,-85,-51
-22,-80,-44,40,17,-68,58,36,-35,-45,-85,-64
-29,-52,-52,73,-3,-62,32,45,-5,-67,-73,-61
-32,-53,-54,45,18,-41,34,32,-36,-71,-48,-70
-29,-57,-51,43,-18,-69,46,35,-17,-60,-48,-41
-22,-82,-66,42,6,-51,45,31,-37,-30,-71,-58
-37,-45,-41,43,16,-66,31,41,-19,-49,-47,-50
-28,-51,-20,26,-21,-65,39,27,-26,-45,-77,-73
-36,-58,-53,58,31,-43,55,20,-14,-58,-79,-45
-16,-67,-36,28,12,-59,23,17,-25,-48,-43,-14
-14,-45,-17,50,17,-20,1,22,-6,-14,-41,-41
-1,-40,-10,28,-18,-44,30,10,-29,-20,-29,-4
-22,-32,-24,19,22,-5,10,25,3,-17,-41,-35
-11,-44,-12,25,-1,-9,7,27,-15,-23,-25,-40
3,-44,-20,28,25,-39,16,-18,-8,-31,4,-10
-3,-26,-10,31,-10,-36,12,20,-2,-1,-6,17
5,3,-8,15,-13,10,4,9,4,-14,0,-10
13,5,-17,-17,19,3,-5,14,-22,2,-6,2
-14,3,3,-3,-20,2,-9,-4,1,-3,-10,1
-8,6,-10,-7,9,18,-11,-12,24,-17,-7,22
-11,28,30,-15,6,2,14,-10,17,17,21,5
7,11,30,-14,1,42,-20,-39,18,17,46,11
14,38,24,-35,-1,36,-33,-23,19,18,58,40
24,51,13,-16,-13,50,-31,-36,20,33,43,31
7,66,36,-44,-29,33,-24,-22,9,40,43,35
30,74,40,-54,-11,35,-30,-31,20,38,63,52
33,86,42,-58,-11,85,-51,-32,24,46,74,55
36,95,56,-82,-31,74,-46,-43,31,69,67,54
40,118,46,-75,-17,70,-27,-40,22,70,71,34
17,120,78,-75,-45,102,-63,-48,38,81,92,82
45,135,63,-97,-23,99,-74,-40,26,82,111,107
37,136,75,-77,-22,100,-60,-43,50,82,104,94
46,129,78,-98,-16,103,-52,-35,50,104,104,88
60,164,103,-98,-35,95,-75,-69,49,107,128,102
25,181,96,-112,-28,146,-75,-62,28,92,144,115
64,161,108,-84,-15,118,-84,-45,50,114,128,120
64,173,113,-116,-33,139,-74,-76,45,123,143,112
56,156,85,-115,-43,152,-91,-45,40,121,149,110
59,163,100,-103,-15,143,-113,-79,36,116,128,114
77,159,122,-93,-20,151,-87,-77,50,142,141,116
62,163,111,-120,-15,154,-92,-48,51,119,157,111
66,178,98,-129,-10,141,-109,-75,42,107,175,137
71,163,133,-129,-20,154,-88,-63,35,115,148,138
67,151,107,-118,-21,142,-95,-78,55,118,162,126
48,166,119,-132,-11,146,-74,-70,68,114,143,124
36,172,102,-97,-44,140,-84,-78,55,127,141,127
55,151,117,-135,-46,132,-87,-63,47,130,134,101
70,157,120,-119,-36,132,-108,-71,24,112,125,119
61,164,107,-121,-6,116,-93,-67,50,130,142,112
51,119,67,-87,-21,122,-79,-66,42,118,121,94
70,136,111,-69,-25,125,-80,-53,52,120,134,87
33,127,92,-68,-12,114,-66,-39,27,78,124,93
51,120,88,-90,-14,107,-74,-76,41,85,113,78
64,102,90,-69,-25,83,-50,-53,52,94,107,76
38,112,78,-75,-30,92,-38,-71,40,95,103,56
32,95,49,-76,-1,63,-21,-21,37,93,74,52
26,92,50,-55,-9,81,-44,-55,36,62,85,79
21,83,52,-32,12,49,-38,-39,37,84,79,79
23,60,40,-40,-25,45,-21,-24,22,52,71,37
13,62,37,-42,12,50,-51,-34,6,58,60,29
30,28,31,-44,-8,52,-27,-4,7,54,63,12
9,26,-1,-36,24,32,-44,-33,29,22,51,-2
-8,24,30,-39,-1,8,-21,2,1,35,18,41
9,18,6,-17,-3,43,-15,-26,17,24,25,4
7,16,15,-25,-12,3,-19,3,-18,14,19,34
-6,-15,-13,-29,-2,-3,12,11,-18,-3,10,-10
1,-24,-32,-10,0,-12,-1,12,3,6,-21,-21
3,-1,-16,25,0,-16,12,-4,3,0,-22,-9
-6,-20,-20,6,4,-6,-3,14,-6,-5,-19,-2
5,-34,-38,18,8,-9,19,13,-16,-16,-15,-28
-39,-35,-28,1,9,-3,11,16,-4,-19,-12,-19
-6,-26,-3,6,16,-27,14,10,-8,-19,-21,-14
-25,-29,-9,22,9,-51,14,16,1,-30,-36,-40
-11,-63,-32,26,1,-33,29,22,-9,-61,-43,-50
-7,-34,-42,30,19,-35,25,20,16,-46,-39,-24
10,-64,-43,13,33,-57,21,24,2,-68,-42,-30
-26,-58,-25,60,-5,-50,50,13,-19,-42,-45,-39
-8,-66,-34,56,-5,-66,33,23,-23,-41,-58,-52
-27,-44,-52,47,25,-67,51,46,-8,-50,-66,-63
-8,-47,-46,45,5,-73,19,32,-9,-62,-49,-52
-15,-69,-79,46,5,-65,45,2,-17,-66,-68,-62
-5,-83,-41,70,19,-71,32,48,-23,-59,-97,-48
-27,-77,-34,64,8,-57,56,24,-32,-67,-62,-80
-32,-101,-77,74,10,-85,61,40,-31,-51,-92,-74
-40,-98,-34,47,7,-77,63,20,-45,-83,-61,-73
-30,-98,-75,85,12,-86,50,34,-35,-90,-83,-76
-69,-106,-84,61,37,-107,77,54,-36,-80,-98,-91
-37,-113,-77,94,14,-78,71,41,-8,-92,-90,-110
-36,-123,-71,110,6,-114,61,60,-26,-120,-114,-100
-63,-153,-114,115,27,-121,91,52,-57,-109,-135,-117
-62,-167,-111,123,27,-153,98,82,-61,-110,-145,-111
-64,-165,-109,122,36,-172,114,73,-65,-155,-174,-141
-81,-223,-127,134,31,-165,116,86,-63,-143,-186,-136
-92,-215,-139,136,41,-194,122,64,-75,-125,-185,-152
-59,-244,-156,164,36,-199,125,67,-56,-169,-211,-163
-83,-245,-143,153,45,-210,144,65,-56,-172,-204,-181
-76,-240,-161,178,59,-173,145,116,-69,-145,-186,-171
-80,-229,-130,142,43,-193,114,90,-89,-170,-215,-150
-72,-196,-121,154,19,-184,130,74,-57,-153,-219,-131
-51,-188,-114,142,54,-156,80,64,-48,-142,-175,-124
-56,-166,-128,93,6,-138,71,39,-45,-128,-150,-111
-40,-116,-61,80,12,-82,55,65,-55,-76,-119,-103
-27,-65,-40,47,16,-59,26,31,-9,-65,-55,-24
-4,-12,-12,7,0,-5,-6,12,-7,9,18,-1
30,76,28,-62,5,50,-56,-45,36,49,79,44
59,164,135,-119,-17,147,-103,-63,48,133,157,96
109,287,154,-173,-50,229,-143,-96,64,200,255,181
137,361,234,-253,-53,296,-215,-169,117,259,326,265
159,460,301,-309,-53,414,-250,-192,131,342,428,340
204,576,413,-405,-94,476,-336,-216,177,427,528,403
254,701,460,-460,-114,565,-372,-281,233,501,605,494
269,769,513,-525,-117,665,-451,-308,254,598,705,531
291,847,547,-581,-115,701,-482,-338,273,620,765,590
312,906,582,-618,-149,759,-488,-349,283,671,809,619
334,922,607,-633,-146,789,-507,-383,275,695,844,662
334,930,597,-644,-140,773,-513,-367,293,715,817,649
327,911,593,-623,-119,769,-487,-374,262,709,805,630
306,855,570,-592,-98,720,-478,-343,255,649,767,616
284,795,495,-547,-111,673,-412,-322,224,589,713,532
233,697,455,-481,-108,582,-400,-295,204,536,646,494
198,601,415,-419,-93,503,-324,-238,160,447,534,433
162,480,314,-332,-81,422,-272,-192,142,364,446,333
128,364,258,-244,-34,286,-204,-145,122,264,318,234
111,262,169,-171,-37,205,-133,-90,94,194,232,166
58,135,88,-97,-26,117,-68,-63,41,91,159,105
2,41,29,-24,11,36,-32,-31,28,38,23,16
-21,-54,-53,47,-13,-18,35,6,-8,-64,-36,-15
-37,-139,-76,99,10,-122,91,58,-53,-86,-117,-101
-52,-195,-122,114,15,-169,114,74,-49,-160,-181,-151
-108,-245,-173,159,32,-208,148,93,-61,-176,-242,-199
-112,-304,-206,225,49,-244,179,122,-90,-199,-266,-208
-90,-311,-201,211,40,-253,170,125,-99,-243,-285,-227
-122,-338,-242,241,54,-288,216,135,-111,-266,-312,-250
-121,-366,-235,227,44,-310,195,160,-105,-259,-337,-257
-151,-359,-233,248,54,-311,212,141,-74,-280,-327,-257
-111,-342,-228,244,50,-283,237,144,-101,-269,-322,-237
-128,-356,-212,203,69,-309,174,133,-120,-262,-301,-236
-117,-314,-236,212,42,-287,175,147,-91,-246,-276,-243
-100,-283,-193,229,51,-262,156,119,-69,-213,-270,-207
-86,-272,-174,180,29,-232,130,121,-102,-222,-247,-202
-93,-245,-168,148,9,-202,154,122,-61,-202,-204,-167
-68,-235,-140,166,42,-205,126,91,-86,-172,-189,-180
-65,-192,-129,142,23,-180,135,79,-63,-165,-204,-146
-73,-187,-118,125,28,-164,115,65,-77,-147,-188,-129
-54,-159,-127,128,28,-125,108,80,-49,-128,-141,-123
-57,-165,-88,113,30,-145,74,44,-58,-130,-142,-120
-58,-139,-85,82,25,-114,86,75,-41,-129,-127,-104
-40,-122,-97,67,47,-104,88,47,-45,-104,-147,-102
-44,-135,-77,84,44,-102,48,48,-35,-115,-125,-75
-39,-112,-64,100,21,-84,83,49,-56,-100,-106,-94
-72,-114,-66,79,20,-88,78,33,-40,-111,-74,-77
-30,-122,-66,74,17,-105,83,30,-32,-89,-94,-70
-44,-108,-65,76,15,-97,40,28,-32,-82,-90,-85
-26,-101,-61,53,2,-100,75,18,-36,-61,-88,-58
-51,-90,-65,70,17,-76,39,31,-20,-69,-75,-87
-3,-92,-71,51,28,-66,49,37,-36,-77,-74,-57
-2,-99,-80,60,29,-67,57,42,-37,-70,-63,-68
-48,-70,-39,70,21,-90,58,42,-29,-60,-80,-67
-43,-109,-56,71,2,-68,48,26,-31,-48,-93,-47
-34,-107,-56,49,34,-65,38,33,-31,-78,-89,-38
-18,-86,-77,33,-5,-78,28,40,-31,-61,-90,-61
-32,-68,-52,60,11,-74,45,23,-37,-55,-64,-59
-41,-77,-68,48,-7,-70,41,51,-18,-63,-90,-57
-4,-64,-53,60,1,-48,41,35,-15,-59,-59,-51
-23,-62,-51,38,10,-46,41,52,-21,-48,-66,-45
-25,-69,-55,57,14,-72,35,41,-29,-35,-71,-66
-24,-63,-12,32,7,-43,23,7,-19,-20,-38,-22
0,-68,-25,43,-12,-66,45,21,-12,-50,-75,-47
-14,-46,-35,48,12,-47,25,18,-10,-25,-47,-50
-27,-53,-36,45,17,-44,39,21,-13,-15,-59,-28
-31,-42,-21,13,10,-25,4,8,-11,-48,-22,-26
-39,-44,-19,44,27,-41,29,15,-17,-34,-36,-34
-3,-34,-12,30,-5,-6,10,7,-15,-32,-35,-44
14,-30,-52,42,4,-16,11,1,-41,-22,-38,-22
-12,-29,-13,18,16,-23,29,12,-2,-27,-17,-16
-8,-43,-19,8,-4,-17,20,18,16,-3,-27,-19
-14,-14,-4,5,-10,5,17,14,-7,1,-15,2
-16,-5,0,-15,-8,0,-19,9,-9,-7,4,-6
0,26,16,31,14,10,6,-17,-9,-10,-2,5
-6,10,-8,-4,10,23,-22,-8,-13,19,2,39
22,40,22,-8,-1,17,-23,-6,20,11,17,14
3,21,17,-9,-10,21,-1,-38,10,3,41,4
24,28,-2,-18,17,14,-18,-6,21,15,23,22
-15,27,25,-36,25,41,-39,-5,4,13,29,12
8,71,18,-39,4,66,-31,-15,15,52,53,25
6,61,33,-37,0,43,-26,-19,16,26,46,35
22,79,30,-55,-7,50,-52,-4,30,39,77,51
21,81,51,-66,-16,61,-41,-45,12,87,59,71
35,91,51,-71,-1,69,-60,-27,35,59,95,73
21,76,53,-65,-2,76,-52,-23,25,76,90,62
41,103,71,-51,-20,97,-57,-44,12,85,85,67
31,102,78,-82,0,89,-66,-37,33,104,114,81
73,105,83,-92,-4,105,-86,-65,21,84,111,91
75,146,54,-83,-11,92,-79,-43,40,99,118,108
40,132,104,-93,-70,110,-105,-35,60,102,134,122
71,132,89,-100,0,116,-73,-57,22,114,149,121
46,143,103,-94,-21,161,-92,-65,45,120,124,106
46,185,126,-125,-34,127,-94,-67,57,142,125,111
57,171,114,-111,-21,150,-72,-84,42,149,182,119
65,176,116,-109,-11,143,-117,-67,79,135,167,125
67,196,106,-149,-39,173,-109,-76,60,143,158,126
65,184,137,-162,-39,168,-112,-100,53,140,196,159
90,189,150,-152,-30,189,-116,-93,60,175,194,141
96,234,142,-151,-50,184,-128,-90,52,161,216,151
94,228,155,-155,-39,179,-133,-105,61,163,217,146
79,236,174,-166,-14,205,-142,-107,64,173,236,170
74,246,146,-155,-28,194,-141,-92,74,169,222,173
76,259,168,-174,-24,194,-138,-92,91,191,227,168
104,269,158,-185,-28,226,-175,-75,76,206,225,175
85,252,169,-193,-36,231,-138,-103,86,191,223,184
93,279,168,-201,-7,209,-167,-122,91,200,226,203
104,267,182,-181,-41,247,-133,-108,81,195,248,192
109,280,153,-193,-52,236,-174,-108,98,218,250,217
81,291,209,-193,-28,219,-152,-119,42,209,250,200
86,267,185,-201,-36,228,-154,-113,81,218,255,189
104,300,160,-205,-34,240,-156,-114,93,213,238,191
86,293,193,-197,-22,237,-164,-93,96,221,286,188
93,292,180,-199,-37,249,-160,-115,73,228,268,197
97,290,220,-208,-44,207,-150,-124,69,231,290,199
98,293,190,-197,-27,260,-141,-117,73,218,271,210
95,296,185,-187,-29,235,-166,-125,113,216,277,206
103,300,225,-200,-29,236,-173,-129,86,204,271,228
108,300,188,-206,-28,244,-156,-123,82,230,274,201
118,295,187,-206,-36,246,-190,-120,111,202,243,202
120,302,187,-182,-62,243,-153,-118,98,201,249,189
88,277,202,-186,-42,245,-131,-110,88,210,271,201
99,288,180,-181,-33,253,-167,-121,72,189,261,211
78,282,183,-184,-37,228,-152,-117,71,212,254,192
100,272,171,-166,-43,255,-162,-122,55,209,260,189
104,275,179,-186,-31,254,-120,-113,60,193,255,188
88,264,187,-196,-36,237,-124,-111,80,204,230,198
72,242,176,-164,-28,206,-115,-105,86,196,236,191
95,237,164,-174,-39,208,-154,-99,54,188,215,177
82,256,149,-166,-38,203,-139,-87,90,167,222,171
93,232,166,-129,-19,198,-126,-92,45,175,222,171
97,226,116,-187,-54,179,-122,-93,79,172,202,154
71,206,126,-168,-45,182,-115,-87,59,159,188,166
81,221,127,-124,-35,156,-116,-84,70,168,198,140
85,206,137,-145,-21,185,-118,-66,60,160,184,141
73,172,125,-137,-12,171,-94,-85,63,153,181,150
53,194,132,-125,-17,143,-98,-68,69,134,160,120
71,188,98,-127,-29,142,-108,-55,45,129,160,115
62,178,104,-91,-36,139,-79,-72,59,130,142,125
62,162,113,-98,-31,113,-76,-57,53,104,162,129
46,163,102,-88,-36,109,-77,-70,31,115,139,106
50,139,78,-83,-20,133,-89,-58,40,89,125,111
55,128,81,-95,-48,80,-56,-54,46,98,122,81
27,113,77,-88,-24,112,-71,-56,34,87,124,95
47,120,63,-78,-15,83,-72,-52,40,96,111,100
28,99,52,-56,-10,103,-57,-50,20,56,82,77
45,84,78,-49,-25,77,-64,-29,10,60,90,68
20,86,61,-59,4,76,-28,-23,27,77,70,60
25,83,63,-56,-7,71,-23,-17,7,57,79,35
16,73,48,-41,-15,31,-35,-43,28,59,41,52
36,45,39,-38,-18,59,-36,-24,8,38,40,46
31,29,10,-36,-18,40,-37,-45,-3,21,43,11
17,22,28,-20,8,40,-7,-26,12,30,39,44
4,29,37,-22,-3,0,-27,-7,12,26,20,31
6,21,26,-13,6,37,-2,-2,4,29,10,18
3,-7,19,3,0,11,-3,2,4,-1,-5,6
5,19,32,0,9,2,26,2,-9,-6,18,10
-17,14,-7,-5,16,-1,-17,-1,13,17,4,-7
-13,-28,-1,5,0,-11,0,-5,18,-27,-11,-13
4,-30,-9,8,7,-26,-7,5,-15,-23,1,-11
-15,-21,-8,11,4,-24,12,13,-13,-15,-58,-8
-14,-22,-40,42,13,-17,1,16,15,-3,-7,-28
-28,-40,-28,44,28,-49,43,15,-7,-29,-32,-22
-1,-62,-33,28,4,-38,22,-3,-22,-19,-28,-12
-18,-42,-36,20,-11,-52,26,13,-22,-37,-57,-54
-11,-47,-19,35,-2,-33,52,22,0,-31,-66,-27
-19,-64,-36,62,16,-61,27,29,6,-62,-50,-42
-6,-72,-38,50,16,-55,23,11,-11,-50,-62,-62
-18,-78,-34,37,10,-67,22,28,-11,-33,-61,-52
-13,-109,-52,36,15,-76,23,23,-22,-54,-76,-52
-34,-70,-49,71,32,-54,46,34,-20,-58,-79,-38
-48,-91,-67,59,27,-70,48,43,-16,-66,-69,-48
-37,-68,-58,67,27,-57,42,60,-16,-64,-72,-46
-43,-93,-67,39,34,-99,53,47,-24,-62,-71,-76
-39,-97,-50,60,17,-59,35,48,-24,-101,-64,-74
-49,-91,-59,51,7,-65,40,32,-37,-74,-73,-70
-34,-83,-52,44,20,-102,58,28,-33,-96,-64,-72
-12,-97,-61,51,10,-65,39,61,-74,-101,-78,-69
-32,-125,-53,82,-5,-83,38,54,-48,-80,-92,-51
-17,-105,-82,75,21,-69,46,28,-23,-75,-85,-70
-48,-103,-51,59,19,-97,82,51,-8,-81,-118,-82
-66,-98,-59,68,19,-93,56,58,-26,-80,-101,-72
-25,-106,-80,63,33,-86,56,47,-31,-56,-94,-84
-41,-105,-71,55,7,-117,59,39,-45,-65,-84,-69
-32,-121,-95,85,9,-108,57,45,-28,-83,-107,-78
-60,-90,-82,69,8,-76,58,48,-28,-90,-109,-72
-22,-88,-68,75,39,-95,56,44,-23,-86,-93,-94
-51,-112,-72,83,31,-95,72,33,-21,-88,-95,-79
-35,-102,-77,75,20,-101,61,36,-18,-88,-92,-83
-61,-137,-67,79,13,-67,47,43,-7,-86,-105,-77
-39,-116,-77,66,18,-83,52,49,-42,-69,-68,-70
-30,-128,-69,71,18,-100,53,35,-64,-69,-116,-61
-64,-117,-66,79,21,-96,46,48,-35,-97,-112,-82
-51,-112,-45,90,25,-119,80,47,-34,-94,-97,-89
-30,-122,-74,106,22,-105,73,57,-49,-78,-98,-90
-14,-120,-71,69,17,-103,59,36,-23,-101,-101,-113
-35,-102,-64,87,10,-95,62,31,-56,-91,-114,-101
-53,-119,-75,67,13,-101,63,43,-38,-77,-84,-94
-48,-103,-78,81,15,-116,77,45,-35,-109,-103,-81
-69,-116,-63,81,33,-112,59,44,-12,-95,-104,-54
-30,-109,-67,95,-16,-88,54,49,-22,-85,-95,-89
-50,-107,-75,92,18,-109,75,47,-18,-73,-137,-73
-62,-112,-63,91,33,-107,81,63,-58,-99,-97,-73
-38,-127,-75,76,14,-108,49,51,-22,-122,-100,-70
-41,-124,-60,83,1,-80,69,56,-42,-84,-103,-89
-68,-125,-72,91,36,-94,67,19,-19,-86,-109,-100
-31,-116,-62,99,19,-112,59,47,-27,-93,-106,-90
-51,-111,-92,92,17,-71,64,37,-19,-97,-106,-79
-41,-114,-60,70,2,-113,76,46,-10,-79,-113,-87
-38,-112,-52,93,8,-125,49,40,-16,-88,-105,-80
-18,-129,-86,92,3,-113,68,45,-51,-90,-80,-76
-45,-120,-88,80,10,-103,51,60,-17,-81,-126,-68
-36,-107,-72,82,14,-68,61,51,-25,-76,-92,-99
-40,-128,-70,96,43,-87,85,59,-37,-74,-129,-68
-32,-102,-82,72,8,-94,56,56,-27,-86,-106,-79
-63,-95,-77,88,16,-80,90,55,-20,-82,-91,-94
-46,-101,-86,72,24,-96,60,29,-32,-88,-87,-83
-43,-99,-63,96,15,-95,65,38,-38,-75,-111,-91
-36,-128,-77,85,27,-78,84,50,-16,-84,-92,-75
-39,-137,-72,73,9,-121,67,32,-33,-78,-76,-73
-53,-116,-65,90,7,-117,70,48,-30,-91,-101,-83
-45,-119,-46,66,16,-92,77,34,-36,-89,-115,-80
-56,-115,-88,79,26,-106,50,36,-34,-92,-120,-83
-48,-107,-105,67,25,-92,73,51,-43,-71,-105,-81
-32,-114,-60,74,20,-99,53,50,-22,-74,-108,-84
-42,-119,-64,72,24,-123,62,45,-44,-87,-88,-103
-46,-129,-85,78,36,-92,70,70,-23,-101,-87,-81
-20,-115,-86,83,3,-108,50,37,-34,-93,-93,-72
-44,-102,-74,71,9,-82,68,55,-44,-98,-102,-83
-42,-101,-64,68,-14,-92,53,43,-25,-87,-102,-82
-44,-114,-81,81,30,-88,38,24,-13,-63,-103,-91
-42,-123,-79,99,7,-106,68,38,-25,-81,-113,-76
-34,-127,-81,76,16,-81,59,37,-40,-73,-113,-106
-25,-120,-69,70,27,-90,66,34,-36,-93,-108,-72
-27,-114,-84,51,17,-86,60,61,-3,-103,-85,-69
-17,-106,-58,59,-6,-97,70,30,-27,-73,-92,-84
-28,-97,-65,68,29,-105,50,51,-31,-74,-88,-57
-12,-109,-75,82,19,-102,54,46,-35,-75,-92,-72
-30,-89,-89,64,15,-99,42,67,-31,-67,-89,-86
-28,-97,-75,79,35,-88,46,34,-49,-58,-110,-70
-30,-119,-75,86,15,-81,59,53,-27,-49,-94,-83
-42,-88,-68,63,-4,-92,63,48,-27,-74,-83,-59
-34,-73,-80,68,18,-88,55,43,-36,-83,-79,-92
-34,-100,-16,66,4,-86,47,44,-35,-91,-103,-76
-12,-106,-61,72,49,-86,65,58,1,-74,-85,-57
-35,-77,-88,79,-10,-100,45,44,-22,-86,-88,-65
-18,-89,-75,85,6,-86,43,33,-31,-69,-81,-74
-45,-90,-33,71,1,-82,45,37,-36,-62,-96,-66
-43,-107,-57,67,9,-61,65,34,-59,-63,-58,-68
-24,-64,-57,70,47,-63,74,48,-17,-73,-82,-73
-25,-86,-50,43,15,-74,73,16,-21,-56,-67,-65
-32,-61,-40,31,10,-53,66,33,-27,-60,-50,-61
-15,-72,-19,52,29,-63,49,26,-16,-43,-93,-43
-13,-61,-12,68,10,-63,35,27,-3,-67,-53,-25
-28,-62,-28,46,10,-50,28,33,-32,-25,-57,-44
-15,-61,-41,32,-3,-44,21,19,-15,-30,-53,-44
-20,-49,-32,27,-5,-51,26,13,-17,-61,-37,-32
-3,-32,-36,36,6,-33,23,25,-16,-28,-40,-35
-11,-50,-9,41,3,-27,16,3,13,-55,-40,-2
-16,-41,-12,27,6,8,13,4,-18,-32,-20,-17
-2,-24,-22,24,3,-12,24,-5,-10,-32,-23,-8
-15,-23,-3,35,-2,-10,18,9,5,-8,-17,-22
9,-6,-1,9,28,-3,18,4,-20,-1,-7,10
4,-7,2,-8,-11,19,-3,17,4,-8,2,-8
-5,-5,13,-1,21,21,-4,-6,-6,-5,18,25
21,28,-8,-27,1,-3,-8,-16,23,36,34,4
9,52,-2,-28,-19,12,-24,-31,13,22,38,-8
16,15,9,-24,11,37,-14,-7,16,28,36,30
24,57,13,-35,1,18,-23,-40,33,30,22,30
28,67,28,-37,0,39,-14,-32,22,46,51,64
3,81,36,-26,12,54,-55,-33,29,57,71,83
10,103,55,-54,-14,63,-41,-50,26,65,69,43
42,89,69,-42,2,61,-59,-33,29,55,82,52
0,94,62,-61,-40,87,-37,-10,44,81,96,76
49,98,82,-59,-36,89,-41,-30,40,75,92,66
7,113,57,-69,-12,105,-60,-72,24,102,117,82
53,139,91,-70,-15,105,-61,-58,39,98,113,83
29,122,98,-81,10,121,-50,-43,36,98,103,82
58,145,98,-106,-29,112,-85,-62,50,114,128,116
59,127,96,-91,-18,109,-73,-77,50,111,147,103
45,158,98,-99,-18,119,-92,-52,32,106,127,95
54,151,115,-99,-17,135,-76,-50,45,97,143,119
65,143,90,-93,-33,146,-105,-80,56,111,129,109
55,167,111,-112,-8,137,-89,-68,27,121,164,100
61,175,123,-109,-26,135,-97,-61,36,128,152,133
54,171,113,-104,-14,142,-97,-65,76,125,148,117
50,181,92,-116,-3,159,-88,-61,41,100,145,119
41,186,95,-84,-1,131,-95,-69,56,133,145,110
55,172,95,-98,-22,136,-95,-63,46,109,139,120
50,191,84,-108,-56,139,-77,-35,37,115,147,123
63,168,95,-107,-13,146,-109,-60,52,106,141,94
71,140,93,-92,-37,128,-93,-61,43,117,148,100
58,143,113,-102,-20,116,-77,-38,44,85,140,118
54,144,101,-80,-7,111,-79,-63,19,126,113,90
44,150,93,-79,-26,105,-96,-43,33,111,130,84
54,111,82,-102,-46,113,-67,-57,49,86,97,68
43,123,58,-77,-24,95,-69,-59,44,94,91,84
46,93,59,-77,-20,88,-49,-53,59,101,110,92
40,108,82,-60,2,87,-47,-37,17,57,90,62
27,69,48,-69,-15,74,-24,-27,40,49,69,47
39,90,47,-55,-11,45,-32,-49,39,41,84,84
46,58,63,-41,-7,58,-47,-16,14,61,61,49
26,62,43,-40,-3,58,-49,-28,27,72,73,65
19,36,32,-51,-13,30,-23,-16,50,42,62,50
-4,61,20,-14,5,57,-26,-19,7,32,43,19
10,45,26,-31,6,39,-34,-40,5,34,14,29
0,28,35,-2,-11,36,-10,-16,-15,26,11,18
-9,24,24,-10,9,7,-10,3,-11,20,-2,-11
5,3,-14,-13,-14,-1,-9,8,-22,-12,9,8
9,1,25,-7,7,15,6,10,-6,12,2,16
-13,-12,9,-8,-14,-17,-5,-24,-4,1,2,-15
-6,-31,6,10,31,4,36,24,17,-6,-21,-3
4,-19,2,17,-9,-4,37,15,-5,-30,-25,-13
8,-25,-18,22,4,-5,32,9,-2,-22,-34,0
-6,-49,-51,41,17,-13,22,19,-23,-36,-18,-24
-12,-50,-28,36,12,-23,18,26,10,-18,-44,-50
-16,-30,-38,30,9,-35,15,21,-19,-21,-49,-36
-20,-67,-53,26,16,-58,19,12,-22,-41,-59,-50
-45,-54,-17,42,-20,-43,11,27,-37,-44,-59,-58
-15,-66,-37,43,11,-71,27,28,-21,-50,-66,-30
-36,-41,-33,65,16,-54,31,16,-10,-44,-40,-73
-27,-55,-47,54,9,-78,23,35,-10,-52,-51,-69
-14,-64,-33,43,34,-49,45,24,-24,-59,-84,-58
-47,-76,-54,60,44,-68,39,37,-4,-69,-73,-67
-19,-71,-60,58,1,-47,68,15,-17,-52,-72,-39
-39,-87,-31,44,25,-70,52,32,-27,-50,-71,-68
-59,-112,-58,76,23,-91,61,21,-33,-67,-84,-60
-33,-83,-54,55,23,-76,48,67,-22,-77,-71,-63
-36,-120,-45,73,-6,-76,46,41,-7,-72,-80,-73
-32,-87,-68,81,15,-106,40,41,-46,-103,-126,-72
-28,-90,-79,76,53,-97,61,39,-42,-97,-104,-87
-25,-123,-71,84,-5,-88,62,59,-45,-94,-119,-82
-57,-144,-105,87,29,-120,67,54,-47,-98,-153,-80
-52,-146,-113,93,17,-166,81,51,-38,-107,-153,-90
-49,-172,-120,100,4,-117,100,97,-59,-110,-152,-103
-54,-184,-147,119,7,-151,100,69,-62,-142,-168,-106
-79,-184,-133,129,20,-151,118,76,-59,-136,-157,-126
-62,-226,-130,135,40,-191,125,66,-63,-189,-178,-153
-100,-225,-144,148,41,-178,123,83,-69,-170,-191,-154
-91,-236,-138,143,41,-203,126,84,-76,-199,-199,-165
-77,-269,-167,180,47,-218,131,112,-83,-196,-224,-168
-61,-262,-188,190,8,-219,136,99,-71,-201,-216,-185
-71,-244,-166,180,32,-210,146,96,-71,-202,-223,-195
-75,-229,-157,156,17,-195,136,86,-46,-191,-195,-163
-73,-201,-133,170,49,-173,135,81,-58,-147,-196,-149
-50,-179,-124,129,24,-135,96,67,-55,-129,-149,-123
-27,-126,-97,79,32,-121,70,39,-44,-107,-119,-87
-13,-48,-50,39,37,-61,30,17,-24,-69,-62,-58
2,12,12,6,1,-13,-6,1,2,25,-1,3
19,61,25,-31,-16,45,-47,-24,28,43,81,64
50,152,97,-93,-27,142,-81,-53,26,127,154,119
89,235,157,-170,-18,222,-150,-93,73,186,240,187
130,351,222,-222,-35,289,-202,-146,128,251,304,241
164,454,321,-308,-72,390,-242,-178,133,337,425,317
193,555,367,-379,-79,473,-316,-230,172,430,510,428
220,678,444,-480,-86,559,-367,-259,189,491,617,473
267,760,496,-535,-111,640,-416,-304,236,560,687,553
289,856,576,-561,-149,690,-475,-300,246,631,758,561
328,909,598,-640,-150,759,-511,-370,272,674,805,654
332,937,613,-661,-153,808,-537,-373,297,712,862,663
335,960,617,-666,-143,796,-527,-393,278,701,848,690
349,966,618,-631,-140,800,-510,-383,291,711,869,677
315,899,596,-620,-124,749,-523,-376,276,678,829,655
302,840,550,-578,-139,707,-453,-328,256,622,769,613
267,780,494,-544,-119,657,-428,-300,219,579,697,543
254,652,429,-454,-100,565,-380,-267,215,510,613,486
198,571,371,-370,-77,448,-302,-232,178,427,517,385
183,457,303,-295,-63,383,-247,-177,128,345,408,313
124,367,202,-227,-33,287,-187,-143,104,264,298,232
89,222,135,-159,-45,200,-109,-86,70,180,217,146
35,121,88,-83,-14,84,-53,-63,25,108,115,96
11,19,30,-20,-15,11,11,-10,10,29,15,9
-23,-79,-43,52,-2,-51,37,30,-27,-65,-82,-48
-43,-130,-95,107,14,-138,84,27,-43,-98,-124,-102
-63,-202,-155,144,33,-168,100,98,-90,-178,-225,-138
-67,-261,-191,181,61,-199,147,99,-82,-198,-243,-177
-112,-298,-205,219,28,-238,194,132,-78,-268,-273,-234
-102,-354,-220,212,53,-273,191,127,-108,-248,-307,-237
-121,-358,-232,221,71,-288,181,149,-102,-247,-299,-234
-144,-362,-233,241,74,-303,211,154,-101,-262,-297,-232
-121,-345,-191,246,22,-318,184,151,-97,-261,-305,-259
-117,-336,-231,227,43,-262,206,143,-128,-255,-297,-270
-106,-317,-204,217,47,-256,173,122,-100,-253,-279,-230
-114,-310,-190,184,61,-245,163,119,-99,-232,-273,-218
-104,-299,-179,200,52,-224,151,110,-104,-206,-245,-192
-90,-244,-174,201,8,-201,135,104,-88,-186,-232,-187
-87,-231,-134,161,34,-170,120,102,-84,-192,-217,-161
-70,-228,-118,145,51,-164,105,90,-72,-147,-186,-153
-79,-178,-128,135,30,-161,115,84,-90,-142,-157,-107
-65,-185,-99,110,43,-127,80,90,-62,-126,-182,-109
-62,-153,-98,112,44,-127,79,45,-60,-127,-156,-86
-48,-143,-95,101,31,-117,82,63,-54,-96,-134,-91
-47,-132,-86,91,28,-102,81,65,-29,-96,-110,-92
-29,-121,-84,91,39,-104,53,36,-37,-87,-98,-82
-31,-124,-59,79,30,-84,60,26,-36,-105,-90,-59
-44,-113,-56,69,23,-82,58,44,-7,-84,-107,-69
-26,-107,-89,72,32,-95,63,39,-26,-88,-78,-66
-34,-91,-61,63,17,-73,63,38,-12,-68,-83,-63
-31,-74,-56,57,27,-81,48,33,-19,-75,-63,-61
-25,-81,-38,62,12,-83,47,20,-26,-53,-84,-66
-27,-71,-38,58,16,-72,56,45,-28,-66,-80,-66
-36,-73,-27,61,18,-59,51,26,-23,-57,-80,-54
-10,-69,-45,79,12,-72,44,43,-35,-77,-80,-61
-30,-105,-42,57,19,-50,68,19,-17,-45,-81,-48
-29,-80,-41,80,10,-62,35,32,-14,-73,-48,-32
-14,-86,-61,23,21,-52,35,20,-27,-50,-62,-60
-8,-65,-53,59,10,-45,32,54,-28,-59,-45,-49
-4,-73,-56,30,2,-52,15,25,-28,-53,-59,-32
-29,-73,-49,13,15,-34,47,37,-25,-60,-41,-57
-31,-52,-33,36,6,-63,35,36,-5,-40,-65,-57
-8,-51,-20,45,19,-34,13,24,-28,-38,-49,-30
-12,-56,-30,18,5,-36,28,39,-12,-37,-64,-38
1,-56,-17,50,2,-31,20,0,-25,-24,-42,-27
6,-26,-30,32,9,-9,22,42,8,-4,-23,-14
-7,-26,-53,24,4,-38,9,22,-28,-29,-43,-25
-5,-37,-45,14,-16,-43,18,13,-14,-23,-18,-19
-8,-21,-7,22,-22,-22,34,13,-12,-36,-34,-18
-13,-33,-37,8,5,-26,3,-6,2,-10,-9,-21
-1,-21,11,22,-2,0,7,-14,21,-12,-7,0
2,-10,-26,0,-3,9,-1,-3,13,-13,-32,-6
5,3,-16,21,9,-10,-5,-13,10,13,-6,-13
23,9,7,-30,2,-3,4,-13,1,1,0,9
24,8,-12,-9,-17,5,-4,-17,-5,-15,22,-17
25,15,-17,-34,-4,21,-10,-12,-1,0,24,-13
14,17,4,-6,4,21,-46,-10,11,28,23,5
-6,26,31,-34,20,33,-11,-46,7,13,26,31
1,29,28,-13,-15,30,1,-31,18,18,22,25
10,44,17,-21,-10,47,-29,-7,2,22,33,16
6,75,24,-26,17,46,-37,-31,28,47,48,40
26,54,21,-48,-11,49,-46,-38,11,23,76,36
-7,79,28,-61,-9,57,-58,-33,21,82,62,50
32,86,63,-68,0,64,-46,-29,24,68,59,46
22,81,53,-61,-28,88,-47,-35,21,68,94,57
56,97,46,-56,-24,96,-58,-37,33,84,87,64
36,98,43,-68,-13,89,-67,-30,25,69,93,53
32,108,74,-68,-23,79,-50,-44,38,100,121,73
55,90,94,-79,-16,106,-66,-44,31,95,96,96
48,123,74,-99,-21,99,-47,-59,26,113,133,97
63,147,91,-89,-29,131,-80,-63,22,99,138,113
55,146,108,-102,-25,140,-81,-66,67,122,134,117
62,167,91,-119,-22,138,-89,-57,78,105,156,115
75,173,121,-135,-16,150,-105,-59,42,116,146,112
60,186,133,-132,-37,169,-105,-71,65,126,166,133
78,206,124,-136,-25,166,-117,-79,71,145,172,127
65,200,120,-148,-20,162,-129,-67,65,177,187,128
59,195,146,-145,-27,192,-102,-70,58,153,187,147
85,219,156,-146,-27,198,-104,-90,52,149,198,149
71,247,144,-150,-38,194,-124,-76,86,171,225,153
80,239,158,-186,-37,205,-138,-104,71,184,197,172
113,222,157,-134,-43,183,-135,-93,71,195,233,180
93,236,195,-176,-37,204,-141,-119,104,192,261,166
80,252,178,-190,-42,228,-122,-87,73,188,234,189
95,281,173,-164,-49,229,-139,-117,107,217,225,200
104,268,172,-193,-51,255,-147,-116,100,209,257,205
108,283,176,-188,-47,256,-124,-114,81,219,270,207
95,304,187,-199,-28,261,-163,-128,103,220,273,209
86,315,212,-207,-53,245,-188,-128,86,223,276,202
89,283,233,-200,-54,262,-144,-139,99,237,288,200
97,333,233,-227,-55,265,-167,-118,96,231,284,212
117,310,200,-243,-34,279,-181,-122,103,254,274,218
125,329,225,-216,-79,279,-186,-117,85,246,297,232
117,340,196,-213,-72,260,-188,-136,104,237,282,227
108,336,207,-226,-49,270,-191,-148,117,244,285,248
103,318,203,-228,-57,273,-202,-130,113,250,304,245
122,345,227,-227,-79,274,-184,-107,108,249,305,237
121,329,207,-246,-34,271,-202,-138,89,245,307,227
123,343,207,-232,-53,265,-170,-136,104,244,310,236
114,323,245,-238,-57,272,-188,-130,103,233,307,249
125,338,220,-195,-42,273,-211,-138,107,245,312,238
119,358,224,-232,-43,269,-197,-121,119,250,298,234
119,340,216,-241,-50,266,-181,-143,93,269,293,228
126,332,222,-226,-49,289,-197,-116,121,250,304,241
104,327,203,-233,-54,273,-174,-142,88,244,305,241
109,339,211,-243,-36,267,-182,-127,97,247,299,231
101,320,212,-229,-50,271,-192,-145,108,257,290,225
85,315,205,-214,-61,263,-181,-117,87,237,286,203
108,310,223,-214,-31,271,-159,-119,95,222,276,224
103,302,201,-212,-30,250,-173,-150,90,228,303,219
84,296,213,-227,-67,257,-163,-154,88,232,315,218
126,291,203,-206,-64,255,-177,-122,100,224,275,206
103,292,179,-192,-40,247,-162,-115,102,219,283,210
92,288,192,-199,-65,243,-160,-131,80,193,246,209
107,258,172,-208,-30,253,-123,-104,108,220,248,195
112,297,176,-180,-33,229,-148,-115,85,205,256,180
80,268,164,-176,-71,230,-147,-95,81,179,248,194
74,233,159,-163,-50,209,-133,-98,59,193,254,168
80,252,142,-161,-39,205,-126,-107,67,193,225,169
101,242,167,-155,-39,195,-123,-91,82,178,216,167
94,245,167,-160,-32,192,-124,-108,70,172,203,161
83,203,142,-152,-25,183,-139,-96,57,141,198,164
61,208,128,-151,-31,174,-132,-94,70,171,191,136
83,220,130,-134,-26,170,-118,-79,66,171,162,131
74,196,125,-160,-40,158,-101,-94,54,137,169,138
51,192,126,-126,-25,147,-101,-60,57,155,154,128
63,161,112,-123,-39,105,-97,-45,48,113,149,114
60,145,101,-117,-19,135,-67,-61,32,129,140,137
59,162,103,-87,-23,131,-85,-69,69,110,160,100
56,144,97,-83,-41,117,-64,-72,37,109,131,114
58,112,83,-92,-33,115,-72,-33,51,113,106,90
38,137,83,-82,-26,118,-70,-52,41,90,140,90
48,124,98,-84,-39,99,-42,-33,41,79,117,74
30,106,66,-60,-16,97,-56,-13,48,67,91,87
30,105,63,-78,-19,96,-70,-20,38,70,81,101
25,89,60,-53,-24,83,-68,-51,36,54,93,76
21,75,51,-55,-8,69,-36,-41,4,63,78,65
16,68,36,-37,-22,77,-58,-23,31,35,89,62
26,67,40,-52,-27,62,-36,-40,25,47,47,44
26,53,24,-35,-12,32,-31,-19,7,36,76,62
28,55,50,-39,5,48,-29,-6,6,44,26,35
7,38,39,-19,-3,29,-29,-9,-7,52,38,60
10,44,26,-20,-5,13,-25,0,17,21,39,4
8,16,28,-6,1,28,-22,-18,3,26,20,17
-2,26,15,-3,20,17,-12,-7,-10,22,36,6
5,22,16,-20,-28,27,-11,-2,7,-14,13,-27
-3,21,26,8,6,-4,-25,-18,-11,6,17,22
-28,-6,-9,-14,-26,1,-11,38,11,9,-2,-10
-17,-10,7,-13,18,-24,2,-13,-1,-25,-17,-6
-18,-3,-5,10,-9,-8,24,2,16,0,11,-11
-3,-4,-17,1,-26,-29,6,6,8,-11,-23,-21
17,-35,-16,21,13,-35,25,-10,2,-14,-1,-19
-15,-24,-36,15,-18,-19,16,9,-4,-29,-34,-35
-18,-30,-25,25,-3,-33,11,31,-11,-29,-4,-11
-34,-42,-19,36,13,-26,26,16,-22,-14,-28,-30
-9,-52,-26,15,13,-12,5,9,1,-18,-23,-34
-26,-30,-36,14,0,-26,29,39,-13,-70,-25,-16
-28,-62,-37,31,-11,-56,28,1,-3,-58,-36,-13
-32,-51,-30,17,0,-30,21,11,-15,-38,-28,-1
-32,-46,-35,25,10,-46,40,8,-8,-27,-31,-44
-16,-30,-11,33,25,-28,32,33,-11,-48,-53,-25
-14,-62,-35,27,21,-52,13,39,-34,-48,-64,-41
-20,-83,-34,57,0,-38,21,45,-32,-61,-49,-37
-32,-53,-48,26,-9,-31,41,18,-45,-34,-70,-32
-17,-106,-33,26,5,-47,44,26,-9,-53,-51,-55
-20,-59,-49,54,-3,-30,41,37,-18,-46,-51,-49
-25,-69,-55,37,-3,-59,33,26,-6,-41,-69,-36
-16,-71,-30,48,0,-38,24,25,-30,-55,-56,-40
-16,-60,-37,36,19,-51,50,29,-26,-47,-69,-51
-29,-70,-56,55,40,-52,45,35,-16,-69,-56,-44
-16,-88,-33,66,25,-71,60,28,-22,-47,-47,-47
-42,-72,-45,50,6,-48,35,23,-23,-48,-69,-56
-19,-85,-34,62,21,-76,52,39,-24,-77,-53,-60
-43,-76,-38,45,27,-58,28,35,-42,-58,-72,-50
-26,-75,-46,53,31,-64,46,20,-15,-66,-57,-43
-21,-68,-51,85,-1,-68,48,18,-27,-62,-42,-57
-16,-96,-41,53,11,-82,52,45,-1,-51,-74,-60
-19,-71,-49,56,20,-69,33,43,-13,-75,-63,-66
-26,-48,-63,57,4,-63,49,54,-10,-48,-75,-70
-19,-80,-14,52,7,-57,29,10,-24,-50,-65,-45
-44,-72,-50,52,9,-68,47,16,-5,-46,-59,-63
-8,-83,-45,43,10,-46,46,31,-13,-56,-68,-72
-32,-60,-32,36,2,-45,35,30,-13,-54,-56,-68
-41,-73,-54,66,13,-55,42,43,-20,-49,-59,-68
-27,-63,-59,63,22,-63,45,7,-10,-44,-56,-43
-49,-65,-69,46,0,-58,33,33,-25,-52,-54,-40
-15,-100,-48,51,12,-51,61,47,-15,-58,-66,-63
-33,-71,-54,38,10,-33,36,30,-22,-56,-74,-54
-34,-76,-32,31,17,-42,39,40,-23,-59,-69,-57
-13,-68,-63,46,23,-60,40,27,-21,-64,-71,-51
-39,-75,-33,57,-2,-62,44,22,-16,-67,-59,-66
-27,-82,-58,41,23,-55,51,22,-23,-75,-73,-42
-31,-84,-25,59,32,-28,43,23,-32,-62,-56,-49
3,-60,-35,61,16,-67,58,49,-21,-33,-53,-48
-42,-58,-44,43,17,-62,36,46,-17,-46,-57,-72
-15,-50,-25,53,11,-65,30,-12,-35,-43,-73,-29
-21,-67,-61,43,11,-69,43,34,-37,-40,-53,-54
-14,-68,-22,55,-3,-50,36,37,-19,-59,-65,-33
-59,-60,-46,52,22,-86,44,18,-11,-53,-88,-44
-27,-70,-70,55,14,-56,45,32,-31,-53,-64,-37
-16,-74,-53,40,10,-67,52,13,-33,-57,-89,-38
-30,-71,-53,52,10,-71,62,40,-38,-41,-66,-50
-15,-66,-63,62,-5,-71,32,43,-7,-53,-72,-56
-34,-64,-37,55,18,-61,24,31,-1,-55,-69,-10
-24,-82,-40,47,21,-65,43,37,-17,-54,-68,-36
-3,-61,-47,70,-3,-53,31,26,-24,-35,-56,-35
-31,-84,-44,40,5,-43,22,38,-9,-33,-70,-44
-13,-59,-52,43,24,-37,49,39,15,-46,-51,-57
-16,-64,-63,22,31,-61,25,7,-32,-49,-76,-52
-18,-79,-47,46,0,-57,31,42,-32,-38,-63,-51
-13,-69,-27,36,-11,-44,43,17,-28,-42,-67,-33
-27,-74,-20,41,-2,-62,19,16,-27,-24,-48,-35
1,-61,-57,47,40,-41,25,2,-6,-44,-70,-65
-16,-91,2,44,22,-49,31,24,23,-48,-51,-55
-13,-64,-17,58,20,-38,31,25,-24,-57,-52,-31
-24,-62,-37,52,1,-22,24,20,-15,-53,-37,-37
-16,-28,-31,39,11,-72,36,34,-12,-46,-82,-37
-6,-53,-39,10,14,-42,39,20,9,-39,-56,-30
-37,-49,-37,13,11,-58,11,19,-23,-44,-54,-54
-39,-35,-22,24,11,-41,33,5,1,-52,-36,-49
-24,-85,-54,54,11,-36,24,33,-19,-30,-44,-41
4,-43,-41,49,20,-46,11,53,-37,-47,-50,-38
-32,-53,-15,37,15,-34,23,19,-14,-57,-29,-31
-18,-63,-48,26,28,-16,40,42,-21,-36,-57,-31
-34,-76,-26,32,4,-27,39,23,-21,-43,-39,-51
-3,-50,-15,30,7,-46,32,33,-19,-21,-55,-50
-6,-77,-39,38,14,-18,21,14,-24,-37,-45,-36
-11,-54,-19,35,-6,-42,24,12,-19,-44,-29,-42
-10,-59,-26,12,4,-32,31,11,11,-44,-48,-42
-33,-26,-32,9,14,-21,24,35,-10,-33,-43,-27
-27,-42,-28,24,7,-19,22,12,-9,-15,-39,-21
-17,-51,-16,32,16,-43,21,6,-20,-23,-36,-22
-30,-36,-17,25,2,-41,15,14,-18,-33,-51,-55
-3,-38,-25,31,-6,-36,23,41,2,-22,-33,-17
0,-15,1,17,24,-30,26,6,-22,-18,-25,-10
-38,-27,-25,20,5,-25,19,-9,0,-45,-27,-17
-18,-16,-23,-1,-6,13,14,6,-7,11,-6,-26
-2,-29,-12,-4,-2,-7,27,7,-4,-12,-5,0
11,-15,-18,6,29,-1,14,9,-4,4,7,-40
-17,0,-8,13,1,0,-13,0,-9,-10,-11,-3
28,-14,-2,1,6,-10,-15,12,-4,18,1,3
-5,-8,18,4,3,0,-12,9,-10,-19,7,6
11,24,4,-2,-14,31,-8,-13,8,31,31,25
9,16,-11,-13,-3,14,-11,-4,18,12,23,3
11,33,18,-27,0,7,7,-14,1,16,34,20
-1,25,25,-11,-18,37,-34,-10,26,46,22,13
25,33,34,-23,10,29,-39,-34,14,1,50,22
8,58,38,-21,-15,35,-26,-23,21,35,35,27
32,51,45,-35,-6,25,-40,-29,14,15,41,33
27,66,23,-57,-6,63,-37,0,35,25,62,61
21,98,38,-49,-15,57,-44,-20,36,41,85,57
36,82,56,-70,-16,63,-30,-27,7,50,75,49
29,97,77,-39,-1,87,-51,-42,23,78,74,55
46,112,69,-79,-29,79,-60,-41,37,95,68,66
48,105,61,-76,-48,117,-56,-42,67,62,106,91
23,126,82,-79,-49,111,-72,-48,38,90,119,88
48,117,75,-87,4,107,-64,-65,45,86,116,129
30,150,103,-108,-18,85,-99,-43,30,119,138,91
56,156,81,-103,-27,132,-95,-42,73,107,126,101
55,172,123,-127,-19,133,-100,-49,30,97,161,116
53,170,112,-124,-12,163,-97,-85,70,135,132,134
73,167,120,-132,-35,156,-98,-91,49,131,176,140
29,182,124,-112,-29,160,-109,-70,59,144,188,120
75,179,131,-123,-29,180,-117,-70,47,155,172,135
83,194,120,-156,-31,179,-115,-61,64,161,161,125
78,209,130,-113,-52,178,-124,-102,60,165,161,157
74,219,152,-144,-35,187,-131,-75,64,148,199,151
74,237,133,-160,-25,161,-113,-96,59,169,223,148
92,242,132,-138,-45,190,-108,-100,70,150,195,160
80,219,153,-145,-13,185,-122,-101,61,150,196,180
79,221,128,-162,-23,179,-99,-104,88,189,207,140
78,223,118,-151,-39,186,-123,-121,48,168,200,139
83,244,144,-156,-49,167,-124,-90,71,151,183,162
88,210,168,-158,-12,179,-127,-72,67,149,195,163
90,221,135,-148,-36,183,-133,-88,50,161,195,141
85,225,155,-171,-36,164,-122,-91,77,156,209,170
76,197,149,-132,-45,186,-103,-114,52,147,191,154
74,219,144,-127,-55,168,-129,-87,65,162,170,151
75,194,142,-128,-30,201,-131,-77,49,152,197,158
64,219,132,-149,-28,148,-120,-75,64,170,201,137
72,190,118,-156,-28,178,-107,-76,68,149,190,121
62,192,111,-114,-21,151,-100,-64,53,135,175,121
84,176,121,-152,-37,139,-100,-58,49,145,150,119
59,165,123,-119,-15,129,-92,-43,48,163,141,126
53,152,100,-115,-22,132,-84,-62,60,119,122,97
45,139,108,-105,-7,138,-94,-46,45,106,121,99
48,129,84,-100,-13,102,-81,-58,40,98,140,86
35,118,81,-89,-22,109,-86,-46,43,87,127,91
28,132,80,-77,-41,101,-66,-44,56,92,106,78
47,89,84,-89,-25,94,-52,-46,25,93,119,78
51,91,90,-87,-26,102,-41,-29,33,90,71,65
18,94,57,-76,-24,62,-44,-44,42,80,108,58
25,79,49,-58,-14,74,-41,-28,35,51,72,61
25,72,53,-53,-1,58,-57,-50,4,48,64,34
24,91,67,-66,-10,61,-42,-34,28,36,59,51
29,78,62,-36,-4,53,-29,-25,12,61,63,24
16,63,29,-13,7,30,-7,-29,7,26,39,34
22,47,36,-44,20,25,-25,-14,13,28,29,28
25,42,16,-33,-15,38,-25,-34,9,49,1,19
8,23,16,-48,5,8,-8,-10,12,17,35,43
16,10,15,-33,5,15,-5,0,14,6,27,-6
-8,10,12,-5,13,-11,-24,0,3,6,15,5
-10,0,16,0,6,14,-9,-22,10,10,15,14
-2,8,0,3,18,5,-12,0,-23,29,4,9
-12,2,-22,-12,-21,-9,-8,-11,37,-5,-10,6
-11,9,-10,-3,16,-29,-5,-13,8,-1,-19,-21
6,-9,-2,14,-4,-2,8,5,-4,-29,1,0
-4,-27,-15,21,-18,-10,16,6,6,-16,-3,-21
15,-43,9,-7,-2,-22,4,13,5,3,-6,4
5,-16,-18,22,4,-3,6,7,3,-15,-22,-48
-2,-28,-6,4,8,-15,15,8,15,-10,-6,-5
-23,-33,-18,15,-1,-36,5,1,0,2,-44,-11
-29,-25,-9,11,17,-40,27,5,-13,-25,-34,-21
-10,-36,-23,18,32,-19,40,17,-16,-36,-25,-20
-4,-56,-33,32,4,-28,35,-3,6,-18,-24,-29
-23,-69,-23,43,18,-43,28,25,-6,-40,-37,-23
-20,-38,-46,35,17,-62,44,11,-13,-43,-52,-64
-20,-74,-36,46,15,-63,32,34,-19,-35,-65,-60
-27,-92,-48,51,19,-72,58,44,-19,-40,-78,-53
-46,-113,-74,74,19,-66,39,47,-19,-78,-106,-59
-38,-95,-73,76,20,-93,60,49,-19,-81,-102,-65
-14,-128,-77,82,16,-100,61,69,-20,-91,-90,-75
-20,-127,-101,93,30,-88,67,42,-18,-93,-105,-119
-43,-129,-92,100,23,-112,83,41,-41,-104,-130,-111
-43,-170,-119,108,29,-122,97,85,-50,-122,-153,-113
-62,-167,-113,124,26,-149,110,67,-80,-158,-156,-121
-83,-215,-144,129,18,-161,134,83,-41,-133,-181,-122
-47,-200,-128,135,23,-158,96,97,-46,-130,-190,-142
-80,-174,-135,134,25,-159,109,95,-58,-161,-178,-139
-61,-184,-129,136,35,-162,93,87,-60,-149,-188,-127
-76,-175,-122,130,28,-143,75,71,-50,-139,-174,-118
-60,-129,-90,104,22,-139,70,73,-27,-121,-138,-100
-61,-102,-70,62,13,-99,12,20,-15,-79,-90,-83
-25,-71,-43,31,34,-29,49,20,-17,-19,-49,-23
-9,22,-10,-5,-8,-41,-1,-28,10,3,19,-6
33,59,59,-43,-21,77,-33,-43,22,64,67,69
46,170,112,-97,-14,116,-88,-59,54,118,157,116
86,245,168,-171,-55,216,-145,-113,102,185,209,166
124,332,222,-241,-52,281,-191,-155,101,257,314,267
145,440,279,-304,-61,366,-256,-178,120,323,398,312
192,532,358,-377,-83,461,-283,-216,150,429,513,366
239,664,414,-432,-94,555,-371,-249,204,485,612,447
271,767,480,-515,-91,634,-421,-290,207,582,679,545
299,857,547,-602,-119,719,-489,-348,258,639,748,590
331,949,600,-642,-148,764,-514,-391,283,725,835,650
357,958,630,-679,-156,807,-560,-389,291,737,870,697
368,1010,689,-705,-154,830,-566,-422,325,756,916,725
343,1019,676,-715,-153,862,-573,-399,306,766,923,716
360,1029,663,-699,-184,841,-546,-390,324,748,904,715
330,992,639,-673,-149,817,-541,-390,313,747,880,666
323,931,605,-608,-153,788,-496,-357,261,670,833,658
291,822,559,-559,-124,691,-465,-332,244,657,733,589
255,739,493,-519,-112,611,-403,-297,217,578,667,497
234,627,411,-447,-103,519,-355,-264,203,473,569,458
173,527,325,-366,-77,412,-275,-205,165,404,438,355
141,397,252,-288,-60,344,-239,-164,117,309,355,266
97,293,198,-186,-58,248,-161,-117,68,216,258,211
60,197,133,-140,-8,149,-92,-77,66,130,169,133
25,100,30,-56,-19,80,-47,-53,39,42,48,74
6,-9,-1,-1,-18,0,15,9,-10,10,-21,-3
-35,-90,-42,46,20,-94,46,27,-24,-45,-76,-52
-42,-142,-84,111,33,-143,95,89,-31,-85,-121,-99
-62,-186,-132,112,46,-168,119,79,-51,-152,-161,-111
-89,-209,-164,148,42,-190,127,79,-71,-162,-213,-186
-93,-253,-166,175,27,-182,138,89,-61,-205,-219,-187
-95,-277,-164,179,41,-218,169,134,-75,-196,-228,-182
-72,-234,-169,182,62,-226,157,107,-89,-203,-240,-180
-85,-265,-163,166,48,-211,153,105,-91,-189,-244,-193
-85,-254,-160,166,34,-210,145,114,-101,-192,-220,-182
-88,-210,-147,151,34,-200,120,84,-69,-152,-221,-169
-84,-224,-128,148,33,-167,107,63,-56,-176,-190,-127
-70,-184,-110,123,30,-158,91,75,-59,-118,-156,-141
-52,-171,-120,145,30,-139,87,49,-42,-147,-138,-130
-56,-153,-87,91,12,-136,80,50,-45,-96,-115,-94
-64,-140,-72,85,10,-90,63,10,-14,-95,-111,-73
-31,-104,-64,74,7,-83,54,32,-54,-67,-105,-57
-18,-90,-41,44,11,-65,45,28,-13,-53,-77,-52
-15,-66,-26,14,28,-54,55,26,-35,-70,-56,-57
-12,-36,-39,39,10,-39,22,33,-7,-45,-55,-40
-29,-38,-20,21,2,-27,9,8,-18,-27,-39,-38
16,-38,-11,-4,14,-30,27,7,-2,-39,-26,-30
19,-31,-26,2,3,-38,36,19,-24,-17,-29,-17
5,-21,-11,12,-11,-5,33,11,18,-16,-17,-26
-3,-10,-24,-1,-6,-30,-7,6,10,-7,-20,-6
-4,7,-4,4,8,7,8,0,-19,2,-24,2
2,17,-10,8,15,-1,3,5,11,1,-17,-48
-36,1,-21,-5,7,-10,11,16,-22,6,-14,-6
8,9,4,4,-6,-7,4,-10,-14,14,18,3
-7,-5,1,-14,-17,11,-13,2,10,-18,3,22
-10,-2,-1,-7,-2,7,-13,-8,-1,2,9,-3
-8,-1,-7,-8,11,3,-10,4,-5,9,-4,3
20,29,-12,-26,0,17,6,-18,15,3,24,5
14,6,7,1,-12,12,2,-12,10,23,7,16
18,29,22,-15,-9,23,9,-14,15,14,24,9
7,19,22,-23,2,18,-19,-17,-10,45,17,27
-3,0,13,-16,2,30,-9,-8,3,1,43,28
18,16,40,-39,1,22,-31,-24,14,3,34,28
28,7,38,-2,1,33,-29,-9,20,30,7,12
7,21,9,-34,-8,29,-48,-12,21,24,30,26
27,34,27,-15,-10,21,-17,-10,2,31,37,30
21,47,45,-32,-13,39,-27,-9,13,39,46,24
19,17,26,-31,-18,47,-40,-16,7,46,43,44
10,54,33,-32,-10,43,-9,-5,29,35,51,47
6,57,19,-38,-24,56,-49,-35,34,45,38,28
9,57,61,-50,-5,44,-38,-36,22,44,84,43
22,48,49,-63,-8,81,-34,-11,22,60,72,56
47,112,51,-49,-9,65,-52,-33,17,39,66,46
29,80,61,-47,-5,94,-19,-36,34,62,86,44
27,77,68,-72,-24,52,-61,-32,2,58,91,66
28,116,77,-58,-23,84,-45,-48,15,72,86,61
14,91,57,-76,-13,93,-65,-27,53,40,90,52
58,99,78,-75,-24,84,-82,-63,42,95,94,73
32,115,69,-72,-17,96,-76,-69,21,72,103,73
32,131,81,-103,-23,109,-83,-59,30,95,109,83
47,129,80,-83,-28,102,-101,-55,27,97,123,94
55,112,91,-94,-8,119,-79,-80,48,130,132,124
66,153,126,-102,-40,107,-105,-70,57,111,144,102
66,143,118,-115,-11,122,-74,-79,23,121,150,92
53,188,118,-121,-32,134,-81,-58,45,114,139,109
58,190,118,-124,-30,144,-88,-56,53,157,136,140
75,190,119,-128,-12,141,-91,-52,61,160,145,136
84,188,128,-119,-42,160,-108,-88,47,161,184,144
68,210,135,-137,-13,175,-87,-106,70,166,196,144
77,214,142,-147,-40,163,-107,-92,78,160,192,154
86,225,137,-157,-36,191,-112,-76,65,151,190,150
109,220,156,-144,-32,205,-123,-90,71,162,208,148
60,240,158,-166,-25,198,-135,-96,73,165,218,188
81,241,155,-155,-47,217,-148,-104,72,196,227,190
81,266,157,-174,-44,226,-138,-94,96,194,240,158
110,286,175,-182,-43,213,-143,-119,77,221,255,204
72,288,163,-200,-57,235,-168,-89,99,219,255,200
82,272,187,-196,-37,243,-165,-112,85,248,258,187
113,308,220,-214,-32,246,-168,-137,87,218,267,200
107,309,211,-200,-61,262,-173,-115,91,235,290,225
92,321,211,-214,-47,262,-162,-139,88,237,272,217
97,339,205,-213,-59,281,-163,-113,115,250,295,223
120,330,199,-220,-33,259,-190,-134,95,240,299,239
134,355,229,-228,-56,289,-199,-132,96,255,297,255
132,360,228,-252,-46,304,-194,-120,102,265,307,227
127,360,225,-241,-62,289,-194,-162,110,279,324,264
128,381,252,-247,-62,307,-185,-133,137,277,326,262
123,388,245,-243,-56,307,-206,-141,98,272,334,267
165,381,257,-250,-37,328,-194,-177,108,293,342,259
133,394,236,-243,-52,322,-215,-162,134,269,331,281
138,378,259,-271,-54,336,-221,-158,119,299,346,258
133,424,263,-265,-79,334,-207,-172,119,273,356,271
152,404,255,-268,-41,330,-211,-165,118,285,371,283
138,388,249,-271,-51,330,-229,-168,99,316,352,295
128,411,286,-284,-69,337,-222,-169,119,319,369,295
127,382,268,-269,-48,355,-201,-148,127,307,369,306
123,439,275,-288,-58,353,-237,-166,132,309,337,263
123,398,271,-287,-54,357,-233,-173,135,316,378,286
148,421,286,-279,-78,360,-232,-175,139,312,378,289
123,416,269,-279,-76,341,-239,-183,115,304,363,290
140,431,262,-313,-65,341,-230,-172,104,291,392,288
156,414,256,-298,-68,347,-215,-161,129,315,376,280
142,422,277,-282,-50,341,-232,-185,126,286,343,279
138,399,273,-271,-87,348,-227,-160,113,326,376,281
146,408,252,-272,-66,334,-228,-179,126,312,385,276
147,416,274,-277,-77,318,-230,-155,133,307,377,298
132,381,264,-269,-63,357,-216,-141,121,294,358,303
129,400,286,-278,-69,332,-228,-164,118,298,352,279
132,384,260,-256,-62,315,-248,-154,105,313,359,264
141,376,246,-258,-55,306,-208,-156,115,293,355,254
126,355,240,-271,-54,310,-211,-159,125,278,345,254
139,362,261,-246,-81,309,-218,-156,94,273,340,281
131,364,259,-255,-63,301,-201,-150,79,294,336,271
122,387,231,-254,-59,313,-215,-156,122,269,315,279
133,366,235,-252,-52,300,-186,-150,133,274,319,224
111,346,246,-243,-67,305,-205,-112,89,241,323,221
120,335,210,-224,-41,292,-179,-144,116,263,314,226
132,321,226,-224,-60,274,-187,-153,108,265,297,215
97,311,198,-210,-54,246,-175,-116,93,249,286,237
89,309,210,-216,-48,273,-156,-115,92,228,283,221
87,298,203,-212,-76,264,-192,-134,103,256,279,210
98,317,193,-209,-51,254,-169,-127,87,217,257,229
108,292,174,-197,-37,215,-169,-113,115,210,269,195
95,281,172,-198,-38,225,-134,-109,104,203,251,193
94,278,179,-185,-51,194,-140,-112,89,205,228,170
86,229,168,-160,-45,212,-144,-123,66,184,217,182
84,240,191,-175,-31,207,-129,-110,72,151,252,179
93,239,150,-172,-28,199,-135,-105,71,156,212,183
90,220,157,-153,-56,182,-122,-103,56,171,213,159
71,224,154,-138,-43,191,-133,-115,90,155,194,153
79,218,134,-152,-36,161,-115,-77,84,161,189,153
74,188,135,-134,-27,171,-104,-86,61,134,166,138
72,171,126,-127,-21,174,-98,-84,48,135,182,130
62,186,121,-104,-28,165,-110,-72,63,141,172,127
64,176,100,-107,-12,165,-87,-71,69,129,158,118
62,171,101,-108,-27,147,-78,-73,32,115,155,99
60,152,85,-110,-27,125,-75,-65,42,117,132,105
46,160,87,-95,-45,121,-91,-74,47,123,132,108
41,128,80,-87,-15,129,-78,-81,51,122,120,87
38,118,91,-88,-10,121,-75,-31,7,87,131,95
52,93,100,-66,-27,133,-60,-34,45,83,103,92
36,99,67,-60,-26,85,-58,-39,27,85,119,58
46,96,78,-82,-1,89,-52,-38,24,78,66,87
46,116,75,-84,-25,75,-62,-38,24,77,89,43
29,97,57,-54,-31,80,-70,-37,42,58,85,45
34,82,52,-74,-25,82,-23,-32,5,69,89,55
34,87,51,-69,-18,88,-53,-40,16,51,71,70
15,76,37,-46,-35,79,-43,-36,-8,45,81,48
21,72,37,-37,-5,53,-24,-32,28,46,52,37
46,64,43,-48,-11,49,-61,-30,17,60,45,39
35,61,36,-47,-13,56,-18,-34,3,34,61,39
6,33,15,-34,-15,29,-13,-36,-5,35,53,23
0,61,36,-33,-18,29,-19,-22,-7,28,38,29
25,62,29,-9,12,43,-26,-28,13,35,45,8
17,32,27,-22,-3,33,-23,-3,1,17,50,33
28,64,27,-23,-27,38,-25,-32,9,42,31,28
-3,27,45,-21,-16,39,-27,-8,33,43,36,18
0,22,31,-9,-1,27,-28,-4,16,27,16,10
22,22,7,-15,2,49,-4,-19,-4,10,19,14
2,45,14,-10,2,14,-3,7,33,15,28,7
8,21,21,-25,-16,22,-7,-26,3,15,14,32
-5,15,41,-1,-3,3,-13,-13,-6,10,-9,-8
14,-6,1,2,-13,21,-15,-7,9,-14,4,-5
-4,36,-11,-5,12,13,-15,-14,-1,18,8,23
14,2,-3,-15,10,-9,-22,20,15,13,-7,-14
8,-3,2,-2,-2,3,-7,-20,21,13,12,22
2,-24,15,1,1,-3,21,-1,-23,8,0,-1
9,11,16,10,4,-1,9,-4,14,18,8,5
4,1,22,-32,-17,-6,-21,17,-5,13,25,8
-6,-1,-5,21,0,-1,6,-1,10,6,-10,-4
0,0,-1,2,6,-4,5,-18,19,6,-5,17
-9,-1,9,-12,22,2,23,9,7,-10,11,-26
-18,2,-26,6,-14,-8,0,-16,26,11,0,0
0,-28,-7,-15,2,25,18,21,14,-28,15,-23
8,-10,7,-2,-11,-9,-9,31,2,5,-11,-1
4,5,11,-8,-6,-17,-1,-2,10,-7,-9,-5
11,8,10,2,13,11,-8,14,22,-13,-12,-34
-11,-16,9,15,5,0,10,1,24,-13,20,20
2,12,13,2,17,-11,5,6,-7,-22,-12,5
-13,-1,5,17,-2,-2,24,8,-30,0,-29,-28
-3,-13,-8,13,-12,-15,-8,0,-5,-2,9,12
-9,-14,-5,-5,-8,-10,12,0,-21,3,-12,-20
4,-7,18,-16,12,-11,-6,21,-4,-23,-12,-6
4,-8,1,0,0,-10,-2,4,-13,-15,12,-17
-23,0,5,18,-19,-2,-13,-2,-15,-5,-15,2
-11,-6,-7,10,23,3,9,15,-19,2,-18,8
-7,-31,-25,16,7,-27,8,-8,-7,11,-20,-12
-10,-24,-19,14,-13,-8,-1,-11,1,12,-10,-4
0,5,-16,19,5,-31,20,25,-8,-7,-23,-3
-22,2,-24,-10,16,-21,7,-8,-14,6,-16,-10
4,-6,-11,16,7,-7,-16,2,3,14,-2,-10
-34,1,13,4,10,19,6,20,-16,-19,-24,-24
-14,-16,-33,17,4,28,0,-13,6,3,13,18
17,-12,-41,12,1,-7,9,-13,0,-3,-23,-6
6,-4,-18,4,19,-6,-1,3,20,-10,-16,-2
-20,-12,-1,16,6,-10,27,-15,-13,-18,-8,-27
-10,-14,6,-7,22,-19,29,-7,1,-9,2,-6
-23,-25,7,0,12,-19,24,19,5,10,-30,-2
-28,-18,6,3,20,-7,17,2,32,-18,-23,1
7,-14,0,10,-14,-11,8,12,5,-14,-11,-2
9,-2,-13,9,-1,-17,-15,13,-10,-2,-2,-17
2,-9,14,10,13,10,25,-3,-3,-8,-8,-11
-45,2,-18,12,-22,19,6,15,-15,2,7,15
-1,-10,8,9,-34,-13,15,-13,-11,-4,0,-26
17,-9,-5,9,1,-10,1,-22,-6,-9,12,21
6,-12,-14,14,-12,2,10,13,-21,-19,4,-7
16,-8,5,4,-16,-3,-13,-10,5,2,13,11
-4,-5,-1,-3,5,-7,2,-20,22,5,11,10
-15,-2,-3,9,-5,-15,13,-12,-8,-17,-8,-4
-12,-9,-1,1,-13,-21,-8,-4,13,3,7,12
-15,-6,1,-6,5,5,17,-3,-11,13,-6,-6
-17,6,-28,-5,-19,-5,7,-16,-3,10,-18,-12
7,-23,-7,12,1,-11,-1,5,2,15,-16,-7
-4,4,18,12,4,2,-2,5,6,1,-2,-9
-16,-14,-16,-6,-19,4,-3,1,-14,-8,11,1
0,1,2,-26,0,2,14,-5,26,7,10,8
21,-6,20,-8,1,-3,-10,2,-21,-1,-4,23
23,7,-4,-19,1,2,2,-16,10,-11,-3,-3
2,9,10,23,-27,29,-3,-1,3,-1,-2,-7
17,20,-2,-2,3,16,1,13,8,12,5,9
-23,-6,-11,-21,2,5,-5,3,-6,8,-9,4
4,12,-15,9,8,-6,-4,-14,-2,-3,-9,10
11,-19,1,-25,-6,-11,1,6,-3,-8,-4,-3
-11,11,0,1,-3,18,4,-10,24,17,-8,19
18,15,-1,-13,-27,3,-1,10,6,12,17,17
-15,8,7,-1,4,5,8,-3,8,10,-1,22
15,15,10,1,2,5,-6,-2,13,2,-4,27
29,32,20,-4,-11,-5,-18,-15,1,11,16,20
-3,19,-1,-19,24,14,-27,8,6,4,10,-3
10,24,45,13,0,17,1,9,-9,16,8,-3
22,17,15,-42,15,7,-1,-22,-29,5,16,-7
9,22,16,-19,19,37,-8,-15,-8,4,30,16
-15,17,36,-42,6,19,-9,-6,-15,12,27,26
14,7,18,-22,-4,48,-36,-11,10,-10,4,13
0,26,37,-6,-19,26,-39,-3,-4,39,19,12
39,39,10,-43,-2,39,-21,-6,5,25,40,26
33,51,30,-35,-30,50,-2,-19,11,11,38,37
9,58,5,-37,-20,33,-5,-36,-1,37,43,34
29,56,26,-30,-20,37,-15,-29,3,42,50,26
20,49,30,-16,9,42,-63,-20,13,34,33,30
35,71,50,-30,-8,41,-27,-25,20,71,66,59
17,52,29,-51,11,71,-41,-26,6,55,50,70
44,83,50,-50,-9,46,-48,-30,2,60,81,60
30,95,30,-55,9,72,-60,-29,26,58,78,61
39,91,67,-58,-14,80,-62,-22,19,68,92,56
42,91,74,-75,-21,71,-50,-56,20,91,98,71
42,130,74,-78,1,87,-43,-48,54,78,96,64
40,132,67,-80,-11,94,-45,-69,41,107,98,83
31,146,87,-76,-6,83,-60,-43,30,87,137,86
28,133,91,-99,-4,123,-82,-58,50,91,96,98
40,142,85,-89,-32,94,-82,-38,41,114,158,118
78,164,97,-95,-30,142,-86,-50,29,117,132,118
56,171,110,-107,-34,139,-97,-69,57,131,142,124
54,166,133,-99,-29,146,-92,-81,62,139,150,114
68,191,138,-134,-32,143,-94,-84,63,134,166,134
64,190,114,-106,-27,139,-95,-61,32,150,177,140
77,215,132,-122,-26,162,-102,-56,70,149,187,136
63,217,147,-160,-35,175,-107,-104,83,171,194,160
79,248,147,-150,-39,185,-126,-100,77,165,213,152
72,249,167,-159,-42,172,-123,-102,72,166,203,151
92,209,138,-171,-40,188,-141,-88,86,169,217,166
94,256,139,-178,-49,203,-147,-91,67,187,230,171
89,275,162,-163,-38,199,-144,-101,64,183,229,195
115,257,169,-162,-23,218,-131,-91,75,188,238,170
91,271,180,-201,-36,226,-150,-119,92,197,223,168
96,284,173,-181,-56,221,-143,-121,101,204,254,203
110,274,197,-188,-37,209,-144,-127,117,215,258,187
96,302,190,-169,-42,229,-142,-111,84,211,269,205
91,278,169,-191,-60,224,-136,-100,81,209,244,207
104,296,188,-196,-37,231,-145,-102,91,219,248,209
91,290,206,-154,-45,241,-151,-98,74,186,237,196
87,280,208,-176,-37,233,-147,-116,72,201,230,195
109,263,163,-167,-52,241,-153,-109,90,213,240,202
126,278,178,-192,-62,222,-151,-106,90,209,245,210
91,290,170,-190,-51,219,-172,-98,90,213,247,201
101,271,199,-212,-61,222,-154,-99,81,208,232,187
85,285,166,-171,-47,228,-175,-100,104,188,253,186
81,271,161,-188,-59,211,-145,-97,89,188,229,177
86,253,183,-175,-24,211,-136,-122,86,170,236,194
78,241,152,-170,-36,213,-133,-105,69,195,228,141
85,224,178,-167,-47,188,-150,-116,68,186,199,184
72,226,146,-160,-57,200,-133,-91,65,155,212,162
65,232,127,-149,-31,183,-127,-93,55,161,206,175
77,228,148,-156,-41,173,-128,-73,68,122,190,129
77,215,154,-134,-17,176,-124,-98,64,158,193,153
81,179,118,-114,-21,166,-121,-74,38,165,182,127
73,171,101,-117,-38,168,-100,-61,50,146,154,127
62,162,112,-125,-18,143,-103,-58,52,141,169,123
72,161,84,-93,-15,141,-104,-49,46,123,151,96
58,151,110,-114,-24,133,-112,-52,63,112,156,105
40,163,83,-96,-34,132,-84,-77,20,109,111,106
36,140,106,-89,-20,121,-97,-65,63,94,118,83
63,149,73,-84,-17,102,-55,-78,41,99,105,87
33,117,72,-72,-12,104,-75,-49,35,79,108,83
42,118,58,-78,-33,100,-76,-40,22,84,106,76
39,97,64,-51,-15,95,-54,-47,31,82,93,77
30,111,62,-68,-27,73,-38,-41,10,66,84,56
56,78,57,-69,0,84,-42,-31,7,67,80,78
30,74,44,-61,-7,78,-63,-22,8,71,81,85
34,91,52,-64,3,51,-44,-31,19,85,53,34
30,63,41,-47,-9,69,-25,-28,14,64,74,51
22,59,31,-17,-4,68,-18,-30,17,43,49,59
18,50,28,-40,-9,69,-22,-48,33,51,73,44
31,50,38,-44,2,59,-5,-32,16,43,38,19
33,50,22,-41,7,38,-28,-16,29,32,33,40
14,52,38,-15,-6,47,-40,-38,11,40,33,20
15,45,33,-14,-13,23,-31,12,23,32,22,28
35,29,39,-35,7,36,-19,-11,6,40,31,42
-1,18,13,-21,8,22,-25,-18,-10,-14,28,16
12,11,20,-29,-11,46,-18,-16,24,40,33,26
16,38,14,-46,-2,28,-20,-17,2,29,36,13
17,17,-2,-10,-4,48,-15,-17,16,25,32,31
23,29,25,9,-1,12,2,-19,8,21,37,14
2,3,3,-10,-1,28,-20,-1,-4,9,16,-8
-7,-10,7,29,-2,-15,-8,-9,2,25,19,-8
11,-7,2,14,21,-8,16,-5,4,-8,1,10
4,-25,-7,-2,28,-42,-15,2,6,0,-4,11
-15,-65,-19,1,-10,-34,17,5,-17,-28,-35,-17
-20,-65,-21,27,17,-30,34,25,-22,-54,-38,-34
-29,-54,-33,49,-1,-67,44,35,-27,-48,-60,-59
-16,-71,-54,59,6,-75,21,13,-13,-72,-77,-31
-15,-90,-57,66,39,-68,39,31,-38,-40,-64,-61
-42,-122,-66,76,21,-86,70,54,-8,-85,-105,-85
-3,-136,-67,74,1,-90,73,55,-44,-71,-128,-80
-28,-149,-83,66,18,-99,64,38,-22,-95,-123,-80
-70,-125,-104,105,1,-121,100,72,-33,-107,-115,-83
-41,-148,-101,94,8,-113,67,53,-40,-119,-124,-93
-42,-142,-93,74,35,-84,74,40,-60,-94,-136,-108
-45,-100,-97,75,3,-96,60,58,-28,-103,-104,-85
-40,-86,-77,59,3,-57,49,32,-11,-75,-80,-63
-7,-47,-46,36,23,-50,24,20,-7,-52,-63,-30
-18,0,8,-7,-5,6,-4,0,-1,-8,-2,-2
33,50,32,-41,-18,58,-52,-35,3,55,58,42
48,130,70,-98,-13,121,-74,-61,33,94,116,98
42,245,144,-149,-31,164,-111,-71,68,155,201,140
104,328,174,-201,-41,248,-174,-138,95,234,308,239
154,403,242,-272,-63,343,-228,-170,117,304,377,271
178,532,350,-362,-71,439,-279,-205,153,384,476,372
236,631,383,-425,-96,530,-312,-246,191,461,545,415
268,736,487,-495,-118,582,-397,-293,216,547,652,499
315,826,547,-542,-147,684,-462,-331,246,611,745,583
317,933,605,-608,-129,760,-491,-344,302,684,818,642
332,981,652,-682,-132,819,-537,-400,288,717,861,693
343,1042,666,-716,-125,869,-587,-432,312,805,943,711
363,1070,696,-745,-164,894,-593,-449,301,818,949,766
392,1068,698,-734,-162,867,-557,-428,312,806,968,773
378,1052,678,-730,-167,864,-591,-422,318,792,962,745
356,1030,653,-704,-131,849,-576,-405,329,763,913,698
327,936,625,-632,-142,792,-529,-355,277,700,847,679
310,857,569,-570,-117,704,-483,-329,252,641,784,592
285,740,509,-506,-104,611,-410,-290,203,579,680,532
221,641,417,-448,-95,552,-360,-260,186,492,578,448
167,538,341,-348,-77,447,-306,-205,153,400,490,371
142,397,261,-291,-58,341,-226,-151,142,294,369,292
97,305,165,-220,-60,248,-159,-139,84,235,277,195
68,190,125,-146,-39,142,-109,-88,55,141,172,141
39,112,73,-82,-2,96,-35,-54,35,97,98,100
8,31,17,-17,8,48,1,-5,14,28,30,-3
-12,-79,-42,48,16,-28,9,1,-18,-37,-40,-31
-21,-104,-59,88,10,-77,49,59,-30,-86,-107,-60
-57,-138,-109,109,23,-122,94,48,-47,-118,-130,-92
-59,-185,-97,117,18,-121,82,97,-58,-145,-166,-129
-84,-195,-143,126,13,-164,88,100,-59,-139,-182,-130
-79,-213,-115,137,34,-171,95,62,-45,-144,-205,-152
-61,-200,-128,148,24,-169,106,85,-45,-154,-184,-155
-70,-172,-126,129,35,-172,106,72,-42,-134,-154,-139
-51,-179,-103,128,41,-135,95,61,-78,-148,-162,-114
-56,-172,-98,122,28,-140,72,73,-57,-113,-129,-98
-41,-129,-83,100,17,-111,68,82,-27,-81,-108,-113
-57,-109,-73,68,23,-106,75,47,-29,-84,-121,-70
-43,-75,-52,50,28,-54,35,27,-9,-57,-58,-63
-29,-52,-58,47,34,-49,22,10,-1,-36,-65,-53
-17,-41,-10,30,22,-44,18,17,1,-47,-53,-44
-12,-21,-26,26,12,-35,9,29,-31,-21,-20,-8
-5,0,-19,24,-10,-20,9,1,10,-3,11,-7
-16,7,-11,17,9,7,-6,-2,37,1,0,16
-10,16,28,-10,19,12,-23,38,7,3,23,-16
3,28,20,-5,-5,35,-18,3,1,32,31,11
34,47,17,-19,-9,40,-30,-6,0,26,8,12
-1,41,29,-25,-4,53,-2,-18,8,30,41,14
12,55,31,-21,-37,22,-34,-22,8,38,50,34
9,41,30,-48,-16,37,-16,-32,28,35,41,21
26,57,26,-38,-6,42,-27,-4,9,51,35,51
-2,43,40,-30,-8,57,-39,-18,15,36,50,40
0,31,23,-49,-7,48,-36,-24,9,54,42,51
28,71,25,-10,-16,44,-28,-26,19,34,44,36
21,96,34,-45,-15,55,-29,-24,25,47,44,53
27,56,53,-37,-13,58,-40,-45,9,47,57,34
27,91,41,-47,-10,59,-15,-24,6,51,63,44
33,45,18,-38,-7,58,-21,-18,30,59,82,35
42,74,30,-60,-25,67,-43,-25,39,55,68,48
22,84,61,-79,-10,81,-49,-11,44,78,72,48
10,74,45,-44,-3,66,-31,-31,32,36,68,55
17,93,68,-35,-4,57,-45,-29,23,46,65,71
27,66,51,-59,-14,52,-69,-31,24,49,94,44
40,58,69,-35,-20,71,-21,-34,8,60,71,63
9,77,82,-65,-7,60,-51,-31,37,46,77,45
28,78,74,-50,-6,59,-58,-36,28,71,118,74
29,104,92,-81,-5,86,-53,-36,36,65,88,71
46,115,64,-68,-6,110,-82,-54,40,73,103,96
22,118,64,-51,-22,101,-68,-40,16,96,111,99
28,116,83,-68,-8,104,-74,-37,24,87,87,56
36,119,57,-78,-3,107,-69,-61,52,105,103,64
32,123,88,-97,-17,88,-71,-52,52,88,119,92
36,131,92,-85,-23,100,-75,-59,53,95,117,80
46,113,99,-78,-31,121,-90,-54,48,85,141,76
48,152,71,-84,-24,128,-89,-46,46,122,117,121
49,158,91,-98,-21,121,-87,-68,69,103,139,94
58,138,110,-93,-30,119,-79,-68,51,120,149,98
69,159,84,-117,0,136,-108,-56,37,116,145,111
71,162,110,-140,-22,132,-102,-70,68,137,155,94
76,146,118,-118,-18,135,-95,-64,65,139,170,148
74,181,106,-123,-51,179,-97,-70,44,138,181,143
47,202,155,-136,-21,186,-113,-65,88,137,189,144
85,214,156,-165,-21,169,-116,-82,71,139,174,142
85,210,137,-142,-35,170,-130,-71,73,160,191,141
94,212,149,-142,-57,182,-123,-72,66,153,209,166
62,230,144,-148,-36,183,-127,-91,60,179,207,165
72,247,159,-189,-19,213,-136,-106,71,163,215,176
76,244,162,-180,-29,196,-159,-113,76,202,196,176
70,246,170,-173,-43,213,-130,-115,85,201,223,160
87,272,185,-173,-42,242,-147,-99,73,199,254,188
109,263,176,-197,-58,220,-174,-114,66,212,250,192
102,288,184,-219,-54,218,-163,-103,80,206,254,182
102,287,190,-217,-38,249,-152,-130,93,222,247,221
111,301,165,-186,-43,260,-152,-104,95,242,285,212
123,323,219,-205,-28,261,-170,-117,98,230,284,235
122,316,182,-212,-50,272,-184,-116,92,246,290,238
120,325,202,-230,-39,285,-184,-148,98,235,320,252
120,352,223,-236,-60,302,-199,-133,128,258,290,243
140,323,223,-239,-43,286,-184,-134,115,250,308,249
119,372,250,-249,-41,298,-209,-136,112,270,311,259
130,350,220,-257,-50,325,-197,-151,88,262,344,269
131,369,247,-258,-32,305,-209,-168,110,289,342,260
143,395,252,-282,-50,315,-178,-144,99,289,351,267
136,383,251,-280,-69,349,-218,-165,108,295,352,274
139,375,259,-271,-76,328,-209,-173,140,304,378,276
134,386,277,-282,-65,319,-209,-155,150,300,365,273
148,419,277,-302,-62,340,-255,-189,121,293,355,277
151,398,271,-285,-46,350,-219,-144,124,328,370,295
123,429,280,-298,-62,340,-224,-202,129,322,391,252
146,434,286,-271,-59,370,-230,-184,110,338,381,290
143,412,286,-303,-63,351,-258,-169,119,318,385,297
143,428,288,-298,-80,369,-219,-167,129,338,362,291
154,447,281,-315,-64,364,-241,-193,130,353,395,274
164,406,289,-301,-56,353,-255,-182,130,333,400,301
161,442,256,-302,-78,352,-233,-171,137,313,409,312
159,443,295,-294,-55,367,-252,-190,132,329,403,314
144,440,304,-292,-62,363,-263,-186,129,322,404,308
159,446,290,-303,-71,375,-271,-177,136,341,408,297
161,432,296,-264,-90,373,-253,-185,116,332,384,310
151,443,286,-311,-77,373,-217,-166,129,321,399,316
158,453,285,-286,-61,383,-240,-180,151,353,393,320
166,438,305,-283,-64,367,-238,-146,140,333,379,314
181,431,290,-284,-81,349,-244,-162,135,322,408,295
166,404,247,-274,-61,361,-245,-164,121,345,382,316
175,415,261,-298,-78,354,-248,-169,137,318,380,294
162,424,271,-290,-68,346,-253,-165,102,304,362,280
154,425,278,-272,-54,359,-251,-179,143,312,358,280
113,425,263,-264,-77,340,-234,-148,116,303,381,310
154,413,256,-269,-65,352,-239,-152,119,324,374,297
130,418,256,-275,-69,351,-231,-162,108,281,361,295
137,403,240,-281,-53,320,-226,-158,121,301,347,280
150,371,260,-274,-65,328,-205,-149,141,288,337,265
119,385,221,-277,-66,314,-217,-151,117,271,358,258
126,388,237,-276,-51,313,-194,-139,118,265,344,260
120,351,211,-249,-54,303,-200,-168,117,272,332,248
145,341,235,-247,-61,289,-194,-134,115,273,321,244
128,362,212,-246,-44,302,-194,-135,99,249,303,244
112,323,203,-236,-26,263,-182,-138,110,247,299,234
93,324,222,-236,-35,280,-179,-120,95,259,294,235
98,327,230,-229,-47,272,-176,-142,112,239,293,246
117,313,220,-214,-31,282,-174,-136,105,234,279,201
119,318,176,-204,-37,226,-156,-132,104,231,263,194
98,296,198,-171,-27,218,-174,-119,106,218,258,195
100,277,165,-182,-45,201,-138,-115,101,183,258,195
92,258,171,-172,-42,216,-146,-110,77,206,249,170
102,267,184,-161,-35,209,-141,-117,69,200,219,179
96,256,169,-160,-52,197,-143,-86,80,203,204,163
76,246,171,-174,-27,183,-118,-82,62,182,211,141
69,221,135,-149,-42,199,-134,-89,66,171,208,156
79,215,127,-130,-44,182,-127,-102,69,158,177,150
64,207,134,-166,-24,175,-119,-88,42,178,208,178
53,194,123,-133,-39,150,-118,-98,54,128,203,156
73,172,124,-132,-17,151,-109,-74,37,126,173,131
84,204,118,-89,-32,163,-111,-86,56,144,168,141
39,173,103,-129,-54,127,-93,-76,74,121,172,136
66,132,95,-108,-39,156,-102,-85,59,134,157,108
56,147,104,-72,-27,125,-71,-78,33,129,152,97
59,128,96,-92,-17,125,-87,-73,48,110,146,99
41,128,89,-105,-26,140,-81,-53,63,132,114,90
65,115,100,-85,-11,95,-79,-61,41,95,137,118
33,124,99,-65,-34,106,-74,-47,23,105,91,90
41,113,81,-82,-22,112,-50,-43,46,100,109,84
20,121,86,-79,-10,100,-79,-43,35,99,103,86
21,109,75,-62,-1,65,-66,-47,29,66,104,77
22,98,63,-79,-27,70,-69,-45,27,83,73,66
42,107,68,-63,-33,70,-44,-28,37,83,78,87
27,96,50,-47,-28,92,-62,-68,12,56,105,88
14,91,46,-57,-6,66,-39,-36,28,87,77,56
52,93,65,-62,-22,60,-28,-34,12,57,89,43
28,64,44,-46,-20,45,-30,-33,23,51,65,53
30,65,35,-48,-7,43,-39,-33,20,47,74,46
19,75,47,-27,20,59,-25,-6,13,51,96,42
26,58,18,-39,-6,46,-32,-31,13,49,49,44
32,69,27,-34,-8,32,-45,-8,10,52,39,35
16,47,33,-48,-20,38,-27,-24,20,38,55,35
24,55,28,-40,4,64,-19,-33,47,32,56,45
25,47,28,-27,-6,40,-26,3,15,32,50,13
15,37,21,-26,-20,8,-45,-4,5,22,25,25
25,52,19,-34,3,54,-54,-27,33,40,17,34
14,53,55,-8,-10,30,-23,-23,11,25,27,60
12,33,9,-32,-12,19,-24,-20,4,22,15,-5
22,16,29,-25,8,51,-20,-9,15,30,35,17
18,20,25,-17,-12,43,-19,-17,11,27,12,34
33,34,19,9,-21,30,-7,-25,-12,4,20,31
16,53,29,-24,4,42,-16,-14,11,16,3,4
-4,25,29,-34,-6,17,-16,-13,9,29,25,25
-14,23,8,8,13,21,-31,-7,-9,17,26,20
12,28,17,-11,11,-2,-12,-2,-9,8,11,28
8,22,12,-47,-7,14,-18,-6,14,-6,33,12
-5,27,10,-3,2,1,3,-32,-3,25,6,17
16,-1,26,-27,9,36,-6,-19,18,45,55,0
-1,28,20,-23,-3,20,-24,-34,18,33,15,10
13,5,17,-29,15,16,-11,-17,-7,21,10,27
29,28,10,-19,-5,-4,-10,1,25,4,10,0
15,15,-2,-29,-3,17,-14,-22,6,16,9,4
30,38,23,-12,-4,34,-15,3,3,16,12,34
-6,2,12,-2,1,21,-20,8,0,2,33,19
2,14,4,9,29,8,5,-4,10,-1,15,12
29,6,16,-23,-7,18,-15,9,-3,2,23,19
-9,17,4,-34,-2,35,-15,-13,4,15,19,-19
-19,33,-6,14,0,34,6,-15,4,18,5,14
16,4,-6,0,-22,0,-39,-20,-6,11,13,10
5,8,29,-17,11,18,-12,-4,-4,-6,15,15
12,22,8,-17,18,-4,-13,-7,24,28,13,29
4,5,11,-30,-4,1,-3,25,-12,-9,-5,-4
13,34,18,-10,4,29,-24,-15,1,26,22,3
4,9,20,-14,11,13,-12,-6,-10,16,16,-15
-5,15,13,-2,5,13,-30,-17,-13,17,36,3
2,8,18,-14,10,-1,-19,-31,24,17,7,-8
2,27,23,0,-19,18,2,10,10,19,7,22
2,13,19,-2,-14,22,0,-2,5,11,34,-10
13,5,17,-14,-5,30,6,-4,-15,14,24,18
10,25,-10,-3,-14,8,-10,-16,8,17,12,-9
9,2,7,-6,-8,19,-6,1,-8,10,3,9
-2,23,-2,1,29,32,-18,-25,-10,4,3,0
-28,10,21,12,3,9,24,4,7,11,10,13
17,3,1,7,-6,48,-20,20,-4,15,24,20
13,28,9,-18,17,8,-17,-10,-15,3,4,4
21,14,1,-23,17,21,-9,-22,-3,13,29,6
11,21,26,1,-8,-3,-18,1,-5,13,22,16
21,31,7,-19,14,33,-3,8,15,14,30,29
2,16,9,-12,-12,22,-29,9,22,12,22,8
-4,36,25,-38,-4,46,-9,-3,11,5,16,-2
1,3,-8,-7,-6,15,-12,25,7,4,-6,10
-1,22,7,-14,-16,27,8,-17,16,7,5,21
29,34,36,-17,5,14,7,7,26,5,16,-7
3,14,9,-1,6,28,-22,-7,-3,24,19,8
23,7,2,-9,-9,20,-22,-18,13,27,13,20
28,29,9,-11,-10,11,-2,-11,-1,16,29,30
19,10,15,-18,-1,21,-17,-27,-2,-2,23,29
18,23,20,-8,12,27,-1,-17,-2,26,17,-2
6,39,0,-13,-12,6,-17,3,4,-12,21,25
14,19,7,9,5,7,-6,12,16,3,17,4
11,27,13,-16,-22,28,-21,-21,14,-1,25,32
6,15,5,4,-10,3,11,-10,0,39,3,2
21,35,17,-11,-13,27,-19,-6,20,12,25,13
-5,55,40,-4,-5,0,-21,-15,-12,27,42,3
-6,17,13,-23,6,22,-25,-18,2,5,16,-6
-1,23,14,-22,-17,26,-16,-2,4,37,19,1
-7,31,23,-8,2,26,-16,-18,18,29,25,29
20,25,24,-22,9,43,-14,-10,26,38,15,30
3,33,16,-26,-21,25,-24,1,14,16,22,21
5,70,12,0,23,16,-25,6,9,18,20,29
-14,53,15,-34,-5,8,-4,-20,5,61,18,21
10,17,20,-16,-6,10,-8,-1,26,8,17,3
19,29,20,-2,-29,9,-16,5,-19,21,19,24
12,40,30,-3,0,19,-15,4,15,16,11,16
12,38,17,-11,-12,42,-20,-25,38,40,50,43
33,32,17,-35,-25,26,-24,-21,24,21,49,43
9,37,46,-20,4,42,-16,-21,19,23,40,17
4,68,44,-34,-5,45,-20,-35,30,40,69,30
0,36,30,-15,-30,51,-35,-31,6,54,44,28
40,61,23,-20,-23,54,-27,-10,20,27,49,23
36,53,39,-65,-9,50,-28,-11,1,54,57,72
19,69,41,-36,-9,66,-40,-31,13,41,67,45
31,60,13,-64,-12,52,-32,-36,13,50,47,48
41,77,64,-45,-29,70,-51,-28,26,59,48,46
18,87,38,-48,-9,69,-49,-36,31,70,76,66
25,76,66,-68,-20,83,-59,-40,30,66,79,63
29,110,43,-70,3,88,-65,-43,30,73,77,75
44,104,72,-73,-4,81,-52,-49,13,73,95,80
22,131,61,-70,-20,104,-48,-49,55,91,75,72
51,124,88,-84,-22,77,-67,-29,25,118,103,76
53,133,80,-91,-2,131,-40,-44,36,99,131,100
46,169,74,-102,-16,132,-51,-48,41,114,131,105
51,137,72,-81,-14,112,-80,-72,48,100,132,104
47,156,83,-76,-20,137,-88,-64,41,127,134,100
59,175,120,-112,-9,130,-106,-48,39,124,140,135
56,170,134,-125,-43,151,-72,-86,59,118,165,114
73,179,106,-135,-40,159,-102,-74,53,137,193,128
67,197,145,-126,-21,151,-89,-101,71,141,177,136
62,214,133,-145,-36,170,-112,-94,71,170,181,144
91,217,124,-151,-36,191,-97,-111,52,156,205,134
86,211,138,-153,-57,188,-132,-97,68,155,226,168
88,232,143,-147,-41,197,-139,-68,102,169,204,164
81,232,170,-165,-21,190,-137,-100,73,175,221,154
87,256,150,-162,-39,203,-142,-110,67,170,215,172
79,244,140,-178,-32,202,-143,-96,87,189,239,182
72,257,168,-175,-36,219,-134,-103,86,184,240,195
109,270,181,-180,-42,211,-154,-106,59,199,243,164
84,264,181,-207,-40,230,-145,-123,57,211,242,188
100,280,172,-157,-62,242,-161,-129,59,200,241,193
89,290,187,-187,-40,214,-153,-115,77,208,248,201
98,300,170,-188,-33,229,-140,-124,80,201,250,196
107,278,186,-187,-49,235,-174,-118,81,217,248,204
100,282,192,-177,-50,232,-139,-95,98,202,234,195
107,281,168,-195,-45,232,-144,-102,69,197,244,204
80,275,176,-173,-34,229,-142,-121,80,202,244,197
94,266,154,-177,-40,222,-138,-113,98,200,259,171
95,258,162,-176,-50,215,-149,-51,79,207,250,209
89,257,176,-180,-42,204,-152,-98,75,202,247,188
82,263,178,-157,-57,203,-152,-86,72,185,230,209
79,254,142,-163,-43,190,-153,-100,60,179,257,167
94,254,142,-178,-52,197,-129,-108,62,161,201,177
89,219,147,-170,-33,166,-119,-78,71,154,234,166
70,257,144,-163,-39,191,-141,-93,70,176,184,171
67,210,144,-143,-32,169,-109,-71,59,165,195,151
46,202,146,-134,-22,176,-127,-76,60,164,152,153
80,193,121,-137,-9,161,-116,-59,51,145,159,144
71,187,139,-139,-21,132,-108,-64,51,158,155,127
64,178,98,-139,-47,156,-106,-76,60,120,158,131
60,173,129,-129,-31,137,-80,-47,63,136,155,108
81,154,112,-100,-33,134,-71,-44,63,116,142,84
34,159,96,-97,-12,124,-81,-79,24,114,169,105
32,137,106,-93,-22,83,-70,-76,41,114,138,106
44,116,88,-75,-21,89,-67,-57,30,107,103,77
24,125,67,-65,-13,81,-86,-38,47,77,125,83
45,122,64,-80,-25,76,-53,-52,24,101,100,77
30,114,62,-63,-11,96,-41,-57,26,88,92,72
47,99,66,-70,-23,87,-42,-30,11,77,99,67
44,96,75,-64,-18,66,-46,-31,18,36,77,53
0,99,57,-37,-19,41,-45,-38,29,44,65,76
9,85,36,-55,4,64,-33,-45,26,57,62,50
26,52,43,-19,-5,50,-38,-41,34,41,66,49
29,42,52,-35,-18,47,-33,-18,39,50,50,61
16,29,53,-53,-9,49,-15,-37,11,16,47,27
15,40,45,-16,-11,43,-37,-27,-7,30,62,19
-11,30,21,-43,1,46,-34,-12,9,42,54,18
17,40,28,-36,-2,39,-5,-18,-5,55,70,23
1,34,6,-10,-2,35,-41,-24,25,42,31,12
17,47,31,-24,3,11,-21,8,2,24,30,1
8,37,27,-5,19,34,-3,-9,24,33,27,28
-13,12,25,-12,-3,12,8,-31,9,29,6,22
21,12,22,-32,-14,16,-19,5,16,15,-10,4
34,25,19,-17,11,26,-3,10,30,13,-8,-13
40,13,19,-10,4,17,18,-16,3,-16,1,1
-10,18,16,21,18,29,2,-17,1,6,30,-4
3,-13,13,18,7,0,-19,2,-7,12,0,8
-19,-18,-16,-9,-10,-13,3,-14,20,12,-1,-9
2,-25,-24,15,0,-22,11,23,4,-23,-31,-13
-13,-24,-11,27,-7,-41,32,23,-4,-44,-32,-36
-8,-49,-23,43,-6,-30,38,18,-15,-27,-42,-20
-35,-48,-41,51,13,-49,26,16,-23,-36,-49,-39
-17,-77,-55,47,5,-68,23,22,-32,-56,-72,-71
-4,-103,-65,35,19,-91,44,28,-18,-80,-82,-66
-43,-87,-56,77,27,-92,55,45,-50,-80,-96,-70
-31,-105,-65,72,21,-95,65,31,-26,-105,-94,-75
-64,-134,-107,97,33,-123,63,48,-41,-75,-110,-92
-58,-146,-117,88,7,-114,94,61,-38,-131,-120,-112
-60,-144,-86,101,14,-129,71,45,-42,-116,-134,-79
-41,-131,-86,92,22,-120,77,63,-48,-93,-122,-90
-49,-155,-82,91,25,-116,49,59,-35,-115,-119,-92
-45,-118,-78,70,39,-104,68,56,-44,-89,-113,-79
-33,-70,-41,58,36,-84,43,52,-26,-83,-83,-57
-6,-42,-21,31,3,-44,29,37,-8,-34,-41,-4
-7,-12,-1,-9,-22,0,5,-3,4,-9,21,7
7,86,46,-58,-17,65,-27,-12,30,56,54,61
40,155,84,-114,-29,132,-70,-54,39,119,117,113
91,231,151,-131,-27,175,-121,-96,89,170,207,143
86,333,194,-214,-58,264,-175,-142,114,248,277,227
169,438,262,-276,-54,336,-236,-162,138,326,379,278
194,514,330,-355,-61,429,-310,-215,158,386,477,353
234,627,426,-448,-93,533,-337,-258,187,491,581,455
252,727,467,-505,-95,622,-397,-310,229,555,654,539
303,851,542,-570,-113,690,-450,-340,249,660,747,587
325,892,593,-641,-125,729,-499,-364,274,686,836,647
320,990,665,-648,-129,821,-526,-377,307,730,892,693
344,1025,676,-714,-128,843,-541,-410,327,750,919,697
359,1039,683,-712,-171,871,-560,-415,316,772,945,724
374,1039,674,-682,-156,850,-580,-412,317,776,930,717
354,990,644,-685,-158,818,-577,-391,314,738,890,691
331,935,610,-625,-118,778,-522,-370,274,706,840,662
282,865,548,-572,-126,699,-462,-341,251,645,768,609
254,757,509,-531,-118,647,-413,-314,221,572,693,541
235,662,406,-459,-93,541,-334,-264,192,487,577,449
211,514,352,-365,-112,472,-296,-207,158,407,503,391
149,435,274,-289,-65,353,-228,-141,109,321,371,309
106,341,192,-248,-45,263,-173,-139,91,217,287,221
68,184,148,-125,-51,179,-114,-82,42,147,177,159
33,110,52,-65,-22,70,-76,-58,24,80,89,38
17,35,17,-25,6,25,1,-3,-4,9,12,3
-28,-52,-25,41,2,-56,7,21,-21,-40,-49,-26
-50,-122,-74,97,16,-111,93,75,-46,-107,-111,-83
-34,-155,-103,114,28,-142,87,70,-37,-144,-151,-113
-76,-195,-145,150,38,-165,119,78,-78,-160,-198,-125
-68,-223,-159,162,11,-195,132,76,-66,-153,-214,-159
-94,-248,-144,147,33,-193,134,91,-68,-212,-205,-154
-88,-224,-145,173,30,-187,124,93,-72,-172,-203,-151
-88,-241,-127,146,30,-197,132,91,-70,-172,-215,-167
-87,-214,-141,146,36,-169,133,98,-68,-188,-172,-121
-62,-199,-116,122,36,-152,107,74,-75,-156,-182,-115
-82,-180,-102,105,8,-135,96,75,-57,-147,-177,-102
-46,-165,-97,110,9,-118,88,40,-37,-117,-140,-113
-66,-128,-90,93,14,-118,79,53,-47,-109,-120,-87
-49,-125,-69,86,25,-120,64,52,-43,-87,-113,-68
-9,-70,-61,57,12,-84,50,37,-35,-78,-89,-52
-29,-60,-41,71,14,-64,36,43,-45,-32,-64,-44
-10,-52,-38,20,5,-33,29,8,-30,-41,-40,-18
-20,-35,-26,37,-8,-31,24,35,19,-40,-37,-24
-19,-35,-16,24,-4,-17,21,28,-21,5,-23,-42
-10,-30,-37,32,4,-14,-3,7,-13,-15,-22,-7
-5,-5,-12,27,6,-5,16,-1,-18,-23,-11,-7
13,-8,3,-11,-12,-16,8,-17,-4,-1,4,-2
6,-1,-10,12,1,20,-8,-12,3,-11,3,14
6,14,16,-7,-18,14,8,6,6,-27,34,18
12,19,10,-22,-16,14,19,-7,11,0,27,-12
14,16,13,-13,-12,-9,-28,-9,-5,11,3,-9
2,12,-13,-23,1,11,-31,-20,4,-1,30,21
16,24,0,1,15,28,-7,-20,20,0,23,17
-10,36,10,-33,9,33,-10,-23,7,21,17,15
-3,14,6,-7,4,20,-12,-14,-12,21,33,34
19,20,29,-29,-12,24,-4,-15,6,1,17,12
-3,30,13,-10,-9,41,-10,-4,-1,28,30,28
-6,21,13,-9,21,34,-21,-29,10,24,9,28
-6,28,28,-12,-10,25,-16,-35,37,46,12,25
17,46,4,-28,11,18,-16,-8,17,23,21,9
24,39,41,-18,-22,24,-20,-21,9,32,49,10
12,29,41,-38,8,36,-17,-23,4,18,37,1
4,56,39,-12,4,60,-30,-17,6,11,40,63
2,19,30,-29,5,49,-33,-27,8,35,57,20
21,53,29,-56,-22,59,-18,-35,33,50,49,40
27,43,44,-42,-14,34,-18,-23,1,22,43,37
6,80,34,-72,-28,49,-24,6,14,63,65,44
4,50,56,-70,-18,71,-41,-28,11,74,63,47
31,69,63,-44,-29,59,-27,-41,11,43,57,47
19,85,33,-68,-14,90,-46,-72,24,45,51,54
28,79,57,-69,12,58,-49,-27,14,65,87,51
47,79,58,-83,4,88,-65,-50,29,61,88,51
16,97,60,-58,-30,86,-27,-19,25,87,67,64
58,109,74,-82,-26,91,-55,-34,18,74,74,96
35,129,83,-90,-9,94,-60,-41,22,80,92,74
37,94,68,-78,-13,80,-71,-38,41,96,115,73
40,152,82,-89,4,115,-71,-45,30,89,93,80
18,112,92,-100,-18,113,-50,-38,39,111,112,107
44,131,81,-81,-26,137,-70,-63,47,128,137,108
57,130,92,-99,-28,120,-87,-46,40,105,120,127
32,156,105,-92,-9,144,-75,-70,31,114,149,110
48,176,107,-116,5,145,-69,-65,46,112,143,131
65,184,98,-139,-37,160,-68,-62,24,114,135,128
77,183,117,-104,-49,136,-96,-79,55,125,172,122
73,165,120,-131,-37,156,-94,-57,43,135,176,136
67,188,129,-150,-11,169,-118,-87,43,129,183,151
77,208,114,-135,-34,180,-122,-78,67,155,195,139
64,213,124,-165,-17,165,-122,-64,57,158,212,135
62,204,142,-144,-27,167,-143,-92,74,178,205,145
65,256,139,-158,-19,224,-137,-88,80,177,222,180
78,246,153,-179,-45,170,-124,-105,72,188,211,172
92,249,170,-172,-22,231,-137,-94,90,187,244,165
111,257,171,-170,-34,225,-176,-105,97,204,261,189
102,276,202,-186,-37,231,-128,-96,78,191,238,201
95,292,190,-198,-38,231,-159,-121,75,219,252,191
99,318,183,-177,-50,243,-159,-117,99,206,268,216
100,300,174,-201,-32,229,-135,-112,88,247,286,216
111,308,194,-235,-31,263,-170,-100,89,226,285,235
109,305,190,-233,-34,275,-189,-125,83,227,267,222
112,311,214,-215,-59,276,-169,-153,93,234,307,243
118,316,206,-233,-42,296,-169,-131,104,239,288,252
121,328,221,-226,-56,297,-174,-156,106,273,314,222
124,347,229,-232,-52,277,-189,-124,102,258,307,259
132,360,246,-235,-65,301,-195,-146,91,268,305,249
136,360,209,-241,-57,317,-195,-106,89,267,344,245
135,352,218,-247,-68,284,-212,-111,119,280,335,250
134,350,231,-257,-57,309,-198,-134,113,272,322,253
139,376,248,-263,-60,312,-199,-171,110,317,340,271
132,378,247,-267,-61,308,-225,-145,87,296,335,279
154,376,255,-250,-67,322,-217,-157,116,291,346,274
129,383,228,-255,-47,314,-192,-151,118,287,341,271
149,394,248,-241,-67,360,-215,-175,119,293,342,285
149,384,241,-269,-38,324,-202,-146,117,295,354,281
118,399,261,-268,-64,342,-212,-140,111,284,344,281
123,391,257,-287,-64,310,-205,-161,130,295,340,275
147,400,258,-268,-72,329,-213,-154,117,291,351,289
131,385,262,-286,-70,335,-189,-137,147,299,357,283
170,407,280,-274,-69,342,-204,-158,121,295,349,276
119,395,268,-272,-48,334,-210,-153,134,302,370,276
115,381,258,-276,-64,327,-213,-156,116,302,335,285
143,374,240,-260,-48,313,-195,-152,122,284,357,268
124,373,259,-273,-55,311,-210,-146,126,286,357,267
136,373,252,-253,-60,321,-198,-140,140,293,331,250
149,388,240,-239,-33,301,-218,-137,139,268,339,245
138,378,236,-259,-41,325,-204,-171,116,282,361,276
143,352,242,-240,-48,322,-203,-161,107,276,345,287
106,362,253,-241,-42,303,-213,-155,103,271,320,246
125,370,229,-244,-39,307,-218,-143,101,260,315,238
128,375,228,-234,-55,278,-194,-136,101,257,301,245
128,346,216,-231,-62,289,-189,-131,114,250,311,256
108,341,213,-234,-71,291,-182,-142,95,265,311,244
124,287,212,-206,-38,294,-172,-137,85,249,292,243
96,309,203,-210,-52,262,-173,-123,105,224,253,217
113,325,210,-194,-42,291,-172,-110,88,230,270,201
89,292,191,-213,-47,227,-185,-140,99,230,253,203
84,276,192,-203,-26,238,-149,-114,103,199,273,228
128,273,188,-197,-38,232,-143,-81,80,205,282,207
108,270,198,-197,-34,212,-167,-114,82,200,220,185
99,254,165,-169,-41,192,-147,-118,83,196,234,190
97,269,171,-174,-49,209,-142,-97,93,190,234,180
89,255,164,-156,-18,205,-127,-105,62,177,222,190
76,252,147,-152,-41,178,-113,-103,55,163,185,175
99,220,145,-126,-58,179,-146,-79,38,178,201,151
73,200,146,-154,-15,176,-106,-76,65,130,196,126
81,194,110,-132,-33,155,-110,-83,48,154,199,151
64,212,111,-125,-10,141,-102,-59,64,133,175,111
51,185,118,-113,-9,153,-87,-64,59,117,151,119
59,170,93,-93,-23,147,-91,-90,38,113,137,132
54,166,120,-100,-39,142,-87,-68,58,112,153,111
46,138,72,-93,-37,144,-70,-49,41,101,126,108
63,113,96,-86,2,109,-68,-54,46,122,113,97
76,121,96,-91,-24,111,-81,-40,43,81,135,91
50,116,42,-88,-14,74,-68,-56,37,92,92,66
54,126,93,-76,-6,100,-64,-16,45,103,90,89
25,121,76,-60,-8,88,-45,-34,49,95,85,88
28,105,48,-60,-19,70,-54,-31,28,78,80,56
15,88,55,-71,-9,88,-50,-25,24,55,88,66
23,87,41,-71,-22,50,-19,-32,20,66,87,43
35,58,63,-49,-9,72,-49,-26,11,49,56,68
33,57,50,-32,-19,61,-47,-27,18,38,50,53
6,77,49,-43,-17,63,-36,-58,24,24,39,36
7,59,33,-27,5,46,-4,-19,18,19,57,46
28,39,46,-44,-4,35,-43,-16,10,37,34,19
9,48,21,-35,-14,19,-36,-29,12,16,23,28
5,43,21,-14,-29,13,-12,-18,-10,14,72,16
19,4,24,-10,-6,17,-25,-14,30,30,15,7
11,40,-11,-14,0,21,-22,-26,14,16,14,1
-10,15,30,-15,-4,-11,-17,20,12,10,44,4
-1,13,2,6,-27,10,1,-4,0,7,13,9
-13,20,-1,3,5,17,-4,5,29,22,20,-2
10,22,3,-3,-2,13,12,0,-8,1,2,7
18,-5,6,8,-4,4,9,27,-3,-13,10,-9
14,-9,-10,-2,-9,-19,4,-1,-10,20,-12,3
0,5,-12,26,26,-31,10,-6,4,6,-19,4
5,-2,-12,13,-3,8,1,21,18,-16,2,-6
-7,-5,-19,-5,11,-34,3,-8,0,8,-29,-18
3,-28,3,20,16,3,30,8,-14,-3,-8,-16
-14,-17,5,-4,4,-30,10,8,4,-12,-13,-23
-12,-4,-15,13,17,-29,4,9,-1,-28,-27,-24
-16,3,-27,7,9,-13,7,-28,-10,-11,-27,-24
14,-2,-6,6,19,-15,20,-2,-5,-34,-49,-14
-23,-21,-33,12,19,-38,-15,18,2,-23,-12,-9
-25,-53,-12,28,15,-11,4,-2,5,-8,-28,-6
-9,-27,-8,3,-1,-12,14,15,2,-22,-26,-25
-31,-19,-18,50,-20,-27,-11,4,-25,-30,-14,-15
-2,-29,-4,14,-12,-17,2,9,-5,-9,-32,-42
-4,-37,2,14,7,-21,25,7,-41,-26,-47,-25
-24,-26,-27,11,7,-21,12,15,-6,-23,-34,-33
-3,-29,-22,33,7,-31,28,17,4,-32,-55,-19
-17,-42,-22,20,2,-10,10,37,-16,-27,-36,-19
1,-57,-36,31,-4,-22,26,-8,1,-6,-42,-52
-10,-30,-36,24,11,-21,18,6,-23,-38,-36,-63
-20,-22,-41,28,15,-30,17,32,-26,-14,-20,-21
-2,-51,-38,15,12,-44,30,14,4,-28,-35,-29
-23,-64,-48,40,8,-36,19,9,-23,-20,-28,-25
-5,-23,-25,25,-1,-28,29,-9,-10,-34,-56,-40
-25,-38,-21,25,-12,-27,31,25,-11,-44,-44,-23
6,-35,-19,15,20,-39,35,-1,-36,-28,-42,-17
7,-37,-31,28,5,-8,26,19,-18,-28,-41,-9
-19,-53,-23,45,4,-42,21,7,-22,-9,-35,-43
-25,-38,-22,2,-7,-27,21,1,-19,-32,-50,-40
-34,-44,-25,28,-1,-2,14,17,-39,-17,-35,-37
-6,-31,-42,37,14,-69,22,33,-24,-30,-38,-13
-25,-47,-53,22,13,-46,15,18,-7,-49,-31,3
12,-50,-32,-7,18,-43,22,21,-15,-24,-42,-18
-11,-38,-29,23,-7,-33,10,-5,-4,-46,-56,-24
-8,-38,-28,26,16,-51,17,17,-28,-42,-24,-43
-21,-59,-18,33,4,-38,9,14,-27,-29,-59,-16
-16,-45,-33,45,-1,-27,42,10,-26,-9,-45,-51
-13,-27,-39,24,16,-48,54,4,-2,-32,-24,-14
-25,-41,-41,38,-5,-28,29,35,-7,-46,-59,-45
-13,-28,-47,31,9,-51,16,6,-23,-56,-49,-43
-33,-47,-24,8,-8,-46,4,32,11,-36,-26,-30
-11,-49,-25,22,14,-19,17,10,-21,-18,-31,-25
11,-35,-28,43,4,-22,17,6,-12,-40,-51,-36
-11,-35,-6,23,-20,-41,20,9,2,-20,-17,-35
-23,-46,-10,33,2,-37,19,-14,-15,-10,-30,-20
-17,-18,-5,25,15,-35,6,15,-26,-22,-41,-33
-9,-40,-12,36,35,-17,-7,2,-6,-27,-53,-12
-30,-39,-27,27,-9,-26,7,18,-6,-17,-41,-43
-8,-63,-32,2,7,-24,29,2,-9,-17,-31,-6
-23,-36,-16,13,14,-16,26,17,10,-24,-60,-31
-19,-21,-38,16,10,-1,16,38,-13,-31,-37,-47
-8,-37,-38,22,4,-42,32,28,-8,-4,-33,-32
-21,-44,-35,20,13,-32,25,-13,2,-38,-59,-5
-6,-21,-20,26,24,-33,18,20,-2,-17,-42,-43
-24,-52,-31,19,16,-32,34,12,-18,-29,-65,-17
0,-30,-39,10,-22,-45,8,26,-4,-18,-39,-25
-16,-56,-24,14,7,-64,36,18,-26,-32,-37,-23
-22,-28,-26,40,16,-31,-4,15,-6,-42,-29,-20
-39,-58,-16,21,-7,-29,32,17,-7,-46,-24,-21
-17,-19,1,15,-10,6,24,27,1,-35,-34,-27
0,-41,-15,19,5,-33,23,11,2,-21,-18,-25
-16,-11,-10,21,9,-21,3,7,-4,-41,-21,-42
-15,-46,-30,14,-42,-24,10,31,-20,-11,-27,-22
-22,-51,-5,10,-1,-39,22,-2,-17,-37,-35,-12
-12,-37,-42,47,-1,-42,40,15,-2,-19,-35,-15
-26,-27,-24,16,3,-30,25,-8,-3,-30,-40,-15
0,-31,-23,38,10,-8,11,3,-33,-28,-5,-27
-12,-39,-5,22,-8,-27,32,-4,-18,-12,-7,-19
-10,-48,-9,9,-12,-33,16,8,9,-22,-23,-21
17,-42,9,30,-6,7,1,3,-27,-44,-20,-23
-24,-30,-19,5,8,-20,9,10,-5,-32,-9,-29
-12,-11,-20,5,2,-23,5,-6,-4,-17,-30,-6
8,-15,-31,3,5,-13,15,26,-10,-29,-15,-12
3,-6,-25,12,-1,13,-18,-7,-28,-8,1,-4
7,-19,-10,-10,-8,-9,7,-1,-13,16,-32,1
-5,-9,-13,13,4,18,31,24,-7,-5,-2,2
-9,-9,4,6,18,10,-20,8,8,7,-1,-8
8,-23,-21,-9,-15,-12,12,-15,9,-18,-8,-17
-9,10,9,6,6,-1,12,-15,-2,-9,5,1
-1,3,10,-4,-8,-4,10,0,-19,-9,12,-12
2,9,-8,2,16,2,-15,-13,10,20,5,4
7,13,29,-12,-40,17,-21,-9,19,7,7,19
22,33,1,-5,-6,24,-21,6,22,25,28,-2
26,33,12,-1,-1,46,-25,-4,9,33,39,22
10,49,31,-37,2,17,-28,-22,35,33,29,10
11,60,29,-41,3,52,-21,-6,26,22,31,36
17,35,32,-21,0,53,-43,-19,18,47,12,29
11,53,38,-33,-5,37,-33,-17,9,72,63,29
35,77,42,-39,-9,76,-37,-15,21,49,65,47
46,74,42,-50,-11,67,-23,-16,29,59,69,40
22,95,70,-79,-8,51,-36,-37,16,50,70,63
31,77,32,-54,-22,69,-52,-46,21,74,82,68
32,98,49,-77,-23,103,-56,-23,33,70,85,61
60,117,86,-91,-22,80,-51,-47,37,62,104,100
30,110,86,-105,-23,90,-59,-46,45,91,111,100
34,136,68,-71,-22,109,-80,-50,60,123,117,87
38,153,90,-80,-3,107,-68,-87,60,82,129,91
49,150,103,-135,-13,104,-76,-62,54,95,141,87
57,140,109,-120,-2,150,-71,-67,58,104,137,101
63,157,114,-121,-18,133,-99,-54,40,131,143,88
73,176,123,-123,-51,140,-100,-70,59,143,169,111
68,184,134,-133,-49,141,-86,-71,52,148,154,124
85,205,117,-121,-9,169,-101,-69,51,150,174,130
43,201,146,-149,-22,164,-94,-80,47,163,194,115
87,189,139,-158,-59,169,-121,-76,32,141,189,144
43,213,131,-146,-23,176,-98,-88,68,155,202,164
69,198,140,-165,-28,178,-116,-69,63,173,212,154
104,224,147,-157,-28,176,-115,-96,76,161,194,144
76,219,118,-139,-39,188,-121,-111,86,155,166,154
86,212,131,-162,-32,178,-126,-111,61,168,189,161
49,224,118,-159,-67,177,-119,-92,57,176,201,172
65,209,148,-127,-20,177,-111,-84,70,179,202,140
92,224,132,-153,-19,178,-112,-73,57,151,160,158
82,220,143,-165,-40,189,-107,-82,33,150,213,128
67,231,132,-133,-44,199,-106,-91,53,146,176,146
76,214,124,-127,-22,155,-120,-93,66,153,206,122
54,196,139,-114,-36,173,-107,-90,52,172,186,146
59,186,119,-145,-29,172,-106,-90,61,126,164,127
67,178,138,-126,-29,153,-86,-75,70,139,179,126
73,191,130,-120,-21,126,-120,-97,53,161,189,129
46,186,130,-120,-16,160,-95,-61,39,107,143,128
70,172,105,-109,-24,143,-80,-86,53,144,136,124
63,159,80,-89,-12,133,-90,-69,71,112,127,108
49,130,91,-82,-23,123,-87,-53,76,123,138,113
60,141,113,-107,-19,125,-71,-47,58,119,121,101
35,131,86,-75,-12,103,-58,-57,57,94,106,84
43,118,74,-78,-10,93,-73,-40,34,105,91,76
39,100,62,-79,-10,66,-66,-33,8,92,87,62
39,113,66,-75,-16,55,-68,-53,46,71,79,68
13,93,78,-67,-15,64,-39,-46,32,45,92,77
35,90,40,-54,0,51,-49,-37,29,62,66,35
36,58,27,-77,-4,81,-36,-45,29,50,65,50
11,73,54,-57,-12,34,-7,-22,21,30,55,46
28,56,47,-35,0,57,-40,-20,13,48,62,33
25,58,36,-29,-19,23,-40,-9,12,26,35,45
7,32,36,-11,-3,20,1,-20,-6,37,36,24
20,49,21,-32,3,9,-19,-14,30,26,5,7
5,39,25,-19,24,20,-26,-23,8,18,12,5
-14,15,-3,-7,0,8,-21,-21,19,3,12,6
-13,-2,3,-37,-3,21,-1,-21,-9,-20,3,-1
-16,-10,11,19,-12,13,-10,-2,4,17,-4,9
9,-4,-6,13,9,-5,15,-10,5,-11,5,-28
6,-8,-7,9,24,4,12,13,8,25,10,-4
-12,-7,-1,10,-11,-15,-1,-15,10,-33,-25,-14
4,-12,-17,8,8,-13,8,5,-19,9,-18,-10
-6,-20,-15,25,-25,-15,4,20,5,-11,-14,12
13,-18,-19,18,7,-12,2,-4,3,-28,-34,-20
-6,-43,-33,11,-5,-35,36,33,-29,-27,-34,-40
-24,-45,-34,32,-3,-32,9,19,-4,-28,-25,-18
-27,-46,-34,23,34,-18,10,34,-7,-16,-3,-48
-17,-27,-18,34,14,-53,34,25,-17,-39,-29,-35
-5,-43,-36,38,-5,-42,42,11,-9,-33,-41,-36
-22,-32,-39,28,-2,-29,42,22,-3,-42,-32,-37
-5,-46,-40,30,20,-34,21,39,-10,-41,-51,-41
-28,-66,-45,51,-3,-48,49,32,-12,-37,-78,-31
-24,-80,-59,48,10,-77,45,42,-24,-82,-77,-70
-17,-99,-41,64,2,-79,63,26,-30,-80,-90,-56
-32,-127,-60,66,16,-94,54,69,-40,-78,-95,-74
-48,-118,-102,95,11,-94,44,46,-34,-94,-140,-82
-36,-145,-98,98,38,-106,74,49,-62,-101,-113,-105
-39,-154,-102,103,4,-117,84,52,-34,-110,-123,-123
-56,-174,-104,100,32,-141,96,92,-42,-137,-164,-113
-44,-160,-116,125,10,-153,115,67,-60,-131,-175,-129
-59,-178,-112,136,37,-130,99,85,-77,-152,-166,-129
-67,-183,-132,116,18,-156,108,61,-50,-142,-165,-154
-81,-213,-126,140,47,-177,111,71,-60,-165,-186,-119
-83,-181,-150,157,22,-169,83,93,-82,-139,-186,-128
-55,-188,-115,101,31,-153,90,74,-47,-155,-161,-112
-63,-156,-86,106,17,-113,94,68,-57,-110,-129,-101
-21,-125,-78,91,3,-110,61,44,-22,-86,-91,-81
-41,-68,-71,53,2,-64,38,24,9,-74,-76,-84
10,-14,-26,21,-4,-30,18,20,9,-14,-31,-18
28,42,37,-48,4,61,-36,-33,23,45,46,58
58,134,84,-110,-4,111,-71,-23,29,95,105,95
65,223,133,-139,-26,175,-126,-90,63,157,190,153
112,321,208,-219,-69,261,-185,-129,87,246,289,234
163,416,264,-283,-48,345,-236,-206,140,324,366,306
186,527,341,-359,-70,431,-302,-208,145,393,487,370
226,629,409,-410,-106,535,-351,-253,209,488,584,442
268,755,463,-515,-117,592,-426,-303,215,557,667,505
304,834,553,-553,-115,684,-450,-340,244,638,747,574
316,896,582,-610,-140,753,-483,-371,261,688,797,658
330,949,629,-656,-146,803,-513,-391,301,702,855,652
345,953,635,-687,-152,789,-524,-382,283,755,867,693
342,975,649,-677,-139,808,-520,-387,306,727,859,687
318,944,615,-648,-123,783,-515,-377,278,688,845,675
322,918,585,-600,-129,725,-512,-371,268,671,830,625
279,823,548,-576,-135,688,-451,-311,242,612,733,580
246,749,447,-481,-99,583,-420,-293,225,549,689,535
232,613,397,-432,-76,540,-341,-248,205,458,549,438
209,532,346,-356,-77,437,-276,-204,155,378,455,368
134,406,244,-255,-52,342,-229,-157,107,311,355,260
99,273,184,-196,-52,226,-170,-87,88,204,264,207
38,166,100,-115,-34,121,-92,-86,54,133,162,115
13,79,43,-63,-17,47,-41,-21,14,61,46,54
-32,-27,-18,11,-2,-31,-2,-3,-2,-20,-24,-44
-36,-92,-55,57,24,-76,58,37,-22,-75,-89,-63
-38,-152,-131,105,10,-142,82,70,-58,-117,-138,-131
-64,-215,-164,148,26,-188,83,74,-68,-158,-204,-145
-83,-266,-158,165,43,-218,146,109,-99,-192,-234,-183
-98,-300,-189,208,55,-244,166,106,-102,-230,-263,-201
-115,-316,-199,239,33,-249,170,120,-88,-234,-272,-210
-99,-313,-207,225,43,-250,159,116,-96,-233,-286,-223
-105,-290,-190,200,36,-249,173,120,-86,-220,-270,-204
-120,-298,-175,206,45,-258,173,112,-103,-229,-275,-223
-115,-286,-175,201,29,-223,159,112,-87,-207,-240,-230
-104,-255,-168,193,19,-226,170,102,-74,-204,-233,-217
-94,-253,-152,156,42,-217,149,106,-82,-193,-217,-193
-58,-235,-130,145,33,-186,142,85,-81,-180,-192,-147
-56,-193,-155,161,27,-158,92,72,-86,-163,-184,-137
-58,-200,-131,116,27,-141,115,77,-37,-128,-157,-103
-64,-182,-97,112,16,-157,112,89,-32,-125,-127,-116
-40,-130,-79,80,18,-126,69,61,-54,-109,-122,-98
-64,-132,-73,80,2,-121,68,58,-16,-98,-116,-93
-43,-137,-81,67,37,-79,37,62,-17,-94,-116,-82
-24,-108,-77,66,35,-74,59,46,-16,-74,-77,-60
-19,-83,-78,60,-6,-59,64,53,-32,-60,-80,-65
-2,-105,-53,88,15,-92,44,21,-25,-59,-71,-50
-37,-77,-70,72,20,-63,40,35,-19,-63,-60,-39
-34,-79,-50,48,8,-51,45,23,-15,-48,-57,-63
-32,-50,-38,28,-13,-38,49,36,-3,-61,-74,-44
-34,-52,-21,44,13,-48,36,38,-27,-32,-66,-59
-16,-65,-29,51,-2,-56,22,26,-48,-55,-62,-60
-9,-33,-46,51,1,-43,36,5,-41,-44,-39,-51
-18,-34,-28,56,14,-59,38,5,-16,-43,-61,-47
-26,-35,-6,47,20,-46,22,17,-14,-25,-70,-27
-29,-51,-46,27,-3,-44,41,26,0,-23,-51,-45
-16,-65,-32,44,21,-52,23,-1,-26,-23,-37,-47
-14,-45,-25,54,18,-41,14,9,-22,-20,-29,-29
-16,-46,-22,27,-3,-36,19,17,0,-26,-50,-31
-7,-50,-35,42,-10,-59,41,0,-16,-48,-62,-29
-14,-53,7,31,-7,-37,48,31,11,-47,-22,-35
-17,-27,-34,16,20,-21,30,42,-40,-22,-53,-22
-12,-38,-23,12,-11,-29,7,26,-31,-33,-15,-26
-34,-52,-21,-10,-2,-42,33,23,-26,-34,-35,-19
-16,-20,-28,-1,19,-18,19,-7,7,-27,-55,-37
5,-47,-33,18,12,-24,35,22,-24,-23,-20,-20
-23,-9,-6,4,-20,-25,18,4,-9,-16,-16,-4
19,-12,-18,23,11,-4,17,16,-3,-2,-3,-10
9,-5,-4,-2,12,11,10,10,-9,-12,1,-27
-16,-5,-4,-3,-8,-16,20,-17,-1,-23,-11,-11
-13,5,-9,-1,14,-25,8,-12,0,26,-22,-13
-2,19,-14,-2,7,-8,1,-5,0,-18,0,19
22,28,4,-11,7,12,-2,-10,9,-3,11,3
3,-5,18,8,0,-4,-43,6,12,26,17,8
14,35,30,-28,4,14,-7,-9,-13,19,27,23
2,31,24,-25,-5,17,-11,-8,27,15,15,35
22,18,6,-39,-14,14,-11,-18,29,11,26,29
29,53,43,-19,-15,32,-40,-21,17,57,40,38
19,59,13,-53,-3,64,-34,-8,-14,58,52,48
-11,59,37,-48,-7,39,-42,-9,22,43,63,74
20,52,35,-49,-3,53,-37,-31,30,41,68,33
25,83,46,-44,-33,69,-56,-13,30,62,63,49
19,72,71,-69,-35,75,-65,-32,32,29,68,73
48,81,55,-63,-9,44,-34,-33,25,80,96,68
13,121,83,-72,-8,71,-67,-47,54,67,91,75
19,93,74,-83,-3,74,-67,-41,30,79,77,68
43,124,85,-83,0,98,-61,-58,43,79,90,87
58,133,72,-65,-32,108,-78,-51,20,100,103,92
45,123,87,-86,-37,103,-69,-68,32,97,119,106
27,140,115,-115,-37,124,-109,-58,49,107,127,109
54,155,104,-119,-23,157,-70,-46,40,127,164,112
66,166,108,-112,-46,140,-91,-58,43,122,153,116
59,152,106,-113,-45,141,-107,-84,62,119,151,98
55,183,117,-144,-38,162,-106,-89,54,132,169,130
82,192,124,-144,-52,166,-88,-64,48,166,173,109
79,222,107,-110,-23,169,-123,-95,72,151,179,144
74,207,115,-150,-16,190,-114,-105,46,163,180,154
79,216,137,-145,-44,173,-120,-72,66,160,201,143
62,214,126,-168,-40,172,-108,-76,75,166,213,155
79,240,158,-175,-17,218,-125,-93,53,164,217,154
112,231,186,-137,-57,225,-129,-87,70,195,189,183
74,267,173,-161,-23,213,-134,-112,76,182,239,184
91,271,165,-169,-52,216,-123,-105,73,190,259,186
106,252,165,-162,-31,256,-131,-90,63,217,246,192
98,280,162,-191,-53,217,-174,-86,107,207,239,184
101,282,196,-176,-30,228,-163,-108,82,193,240,206
115,315,176,-209,-42,232,-146,-118,87,218,252,217
109,280,193,-215,-50,234,-154,-129,79,204,288,212
103,298,181,-219,-28,250,-164,-137,96,222,272,204
82,317,172,-175,-38,262,-158,-108,101,259,285,210
93,313,200,-224,-47,268,-178,-120,69,209,277,220
115,307,196,-223,-47,238,-172,-145,100,207,274,199
115,305,186,-232,-34,264,-191,-139,85,244,276,203
113,318,217,-230,-48,260,-177,-115,99,246,275,230
109,315,220,-210,-34,283,-180,-128,89,238,317,250
109,319,224,-203,-42,284,-165,-147,92,250,301,233
118,308,192,-208,-73,276,-166,-150,92,225,302,202
114,313,218,-238,-26,276,-169,-143,102,234,301,223
116,334,200,-203,-49,271,-174,-116,110,239,294,213
102,341,215,-224,-47,273,-179,-130,92,211,276,210
124,323,217,-227,-42,286,-163,-151,90,224,258,226
141,320,213,-210,-42,257,-162,-136,112,228,295,209
93,327,201,-240,-39,250,-160,-143,80,227,279,219
121,328,207,-190,-42,270,-172,-123,116,226,276,220
102,303,192,-210,-31,238,-168,-125,84,221,284,203
95,289,188,-220,-49,243,-177,-103,90,245,294,223
117,273,197,-215,-41,248,-145,-112,93,221,261,201
87,287,192,-176,-31,238,-162,-126,110,247,239,203
89,271,191,-200,-34,220,-175,-115,98,204,259,205
95,307,183,-207,-52,229,-142,-91,88,228,229,203
92,249,181,-182,-37,252,-141,-99,86,218,232,196
68,273,167,-185,-29,210,-148,-88,75,193,245,183
117,279,179,-181,-37,219,-136,-94,78,212,234,168
97,259,165,-158,-37,193,-151,-124,71,180,220,178
92,224,159,-155,-34,206,-129,-92,60,197,226,158
89,250,140,-147,-59,180,-131,-75,64,168,202,152
68,220,144,-139,-42,201,-133,-87,76,167,204,177
69,220,150,-157,-22,199,-123,-97,52,156,201,164
69,178,142,-141,-54,140,-93,-84,66,143,205,134
75,181,136,-153,-13,203,-111,-90,73,149,187,120
60,199,121,-127,-7,145,-105,-76,51,137,176,97
69,167,111,-129,-22,144,-113,-60,33,121,177,117
39,168,112,-110,-42,144,-90,-67,64,138,160,132
50,161,136,-101,-8,124,-81,-74,62,111,154,109
44,135,97,-109,-4,131,-79,-50,40,125,117,92
48,146,81,-92,-2,111,-44,-45,42,103,129,90
53,112,86,-90,-36,117,-85,-53,35,85,120,90
64,110,59,-111,-41,98,-76,-45,43,102,82,87
36,101,63,-94,-7,93,-38,-28,41,88,94,72
32,115,60,-42,-12,70,-52,-32,46,60,91,79
4,99,45,-33,-20,76,-49,-32,34,55,75,44
17,84,59,-38,-25,70,-30,-46,18,60,57,42
41,75,28,-38,-5,50,-49,-8,28,46,60,31
28,55,31,-41,-16,55,-26,-40,10,47,38,58
16,51,33,-31,0,51,-24,-30,17,50,45,50
31,39,32,-32,0,33,-8,-26,34,43,8,33
25,55,42,-25,-31,36,-15,3,14,25,38,32
8,35,12,-24,0,8,-10,7,10,27,21,20
-18,17,4,-42,8,34,-10,-4,3,8,25,17
-1,-1,5,6,-9,-2,-27,8,12,-5,25,12
7,10,-5,-7,-17,-14,-16,2,-8,-6,1,-1
-9,-11,11,6,3,-25,9,-10,-5,-1,16,-13
-11,5,1,40,-5,-17,8,6,3,-11,-25,-7
-17,-6,-21,20,1,-10,-16,23,-22,-37,-41,2
-14,-27,-26,24,28,-32,21,-4,-17,-11,-37,-25
-10,-32,8,21,16,-29,18,-4,-22,-28,-39,-11
-16,-23,-2,41,17,-40,26,32,-16,-32,-40,-33
14,-42,-26,33,14,-40,-3,1,-10,-34,-51,-27
-36,-49,-38,49,1,-48,7,21,-16,-25,-9,-25
-19,-46,-45,15,-1,-40,0,18,-20,-20,-63,-44
-3,-51,-25,23,9,-67,33,21,-30,-41,-35,-44
-33,-65,-21,53,-4,-52,42,-2,-31,-52,-76,-52
-37,-49,-32,39,9,-68,40,30,-24,-58,-49,-39
-1,-57,-19,38,4,-75,19,39,-22,-71,-48,-55
-25,-70,-47,59,29,-81,39,29,-50,-34,-57,-52
-32,-90,-48,44,28,-60,56,40,-18,-63,-62,-57
-30,-77,-68,48,30,-72,44,25,-36,-39,-75,-66
-53,-78,-46,58,-10,-53,37,52,-18,-68,-87,-59
-36,-95,-56,52,14,-70,42,35,-21,-86,-73,-51
-16,-86,-67,75,24,-68,65,35,-15,-63,-80,-59
-34,-81,-84,76,29,-87,37,35,-33,-60,-85,-51
-35,-97,-46,71,9,-78,43,42,-10,-60,-91,-58
-35,-95,-57,75,26,-80,66,25,-24,-73,-112,-74
-18,-87,-37,66,25,-105,73,34,-37,-77,-87,-58
-42,-107,-73,84,-3,-68,52,35,-51,-55,-65,-37
-27,-98,-55,62,9,-86,45,20,-32,-56,-73,-83
-37,-100,-57,70,2,-82,53,34,-17,-79,-81,-70
-44,-89,-52,79,28,-100,25,42,-19,-69,-75,-91
-3,-113,-66,76,13,-89,61,64,-10,-59,-92,-68
-39,-97,-58,88,30,-85,53,31,-29,-70,-60,-64
-41,-111,-68,50,13,-107,36,51,-25,-86,-95,-79
-55,-123,-71,56,27,-79,42,30,-31,-79,-95,-47
-20,-119,-77,71,17,-94,63,33,-57,-66,-98,-67
-39,-112,-48,68,22,-79,55,16,-36,-88,-92,-56
-31,-96,-78,67,20,-94,27,15,-42,-74,-101,-78
-40,-89,-76,58,52,-94,60,42,-29,-79,-88,-64
-41,-116,-62,77,7,-94,58,41,-20,-95,-82,-67
-32,-122,-47,73,31,-101,86,43,-39,-60,-72,-78
-36,-100,-47,66,30,-66,60,38,-52,-85,-92,-71
-38,-98,-90,79,21,-81,50,61,-38,-96,-89,-85
-41,-108,-75,59,22,-83,58,21,-14,-72,-69,-75
-10,-98,-73,48,22,-60,47,59,-28,-88,-88,-97
-18,-99,-65,63,15,-77,59,29,-19,-57,-74,-81
-34,-93,-76,76,17,-71,68,41,-39,-68,-102,-56
-31,-111,-77,70,30,-89,63,40,-18,-72,-125,-64
-45,-96,-78,79,17,-87,54,39,-31,-74,-107,-66
-37,-102,-78,71,1,-88,77,46,-32,-73,-97,-82
-38,-102,-61,76,14,-89,54,45,-30,-68,-85,-77
-49,-101,-56,74,20,-91,62,47,-18,-68,-92,-85
-37,-110,-70,80,19,-69,80,28,-36,-75,-98,-105
-22,-92,-65,81,2,-92,33,42,-22,-84,-90,-69
-11,-101,-56,90,37,-62,84,0,-32,-67,-106,-61
-45,-112,-71,71,20,-96,65,42,-35,-79,-79,-66
-53,-112,-71,79,20,-84,38,39,-21,-64,-91,-68
-40,-113,-45,74,18,-93,73,40,-25,-77,-110,-65
-20,-97,-72,81,13,-86,62,39,-31,-58,-117,-61
-32,-88,-78,81,-8,-94,52,39,-22,-85,-70,-53
-19,-108,-47,73,13,-87,83,51,-6,-69,-99,-61
-5,-86,-72,51,-7,-84,65,54,-35,-88,-76,-82
-16,-80,-65,77,11,-87,67,25,-40,-58,-117,-59
-56,-100,-66,71,16,-90,71,68,-24,-72,-93,-58
-14,-118,-83,51,23,-87,54,41,-28,-86,-87,-85
-28,-111,-55,70,-4,-89,42,51,-68,-72,-99,-75
-15,-101,-69,60,22,-88,64,33,-48,-67,-75,-77
-38,-110,-80,87,13,-92,80,40,-28,-67,-69,-68
-33,-83,-33,95,-24,-61,60,35,-21,-77,-75,-90
-33,-91,-65,66,29,-93,40,30,-64,-81,-111,-96
-56,-96,-50,60,23,-71,59,52,-26,-82,-86,-56
-36,-87,-77,74,25,-82,62,59,-47,-70,-96,-60
-26,-93,-70,74,28,-59,76,40,-19,-60,-79,-85
-57,-102,-70,60,33,-87,60,70,-40,-84,-81,-77
-30,-100,-47,56,4,-61,45,44,-42,-73,-99,-75
-13,-102,-59,57,19,-69,45,33,-24,-83,-81,-57
-35,-105,-59,52,9,-100,56,48,-14,-82,-78,-79
-31,-107,-46,73,1,-82,52,42,-30,-50,-94,-62
-33,-113,-76,55,20,-69,56,39,-10,-75,-69,-76
-45,-94,-76,55,11,-58,37,44,-55,-73,-112,-64
-42,-96,-58,83,18,-70,58,52,-11,-90,-117,-87
-33,-75,-60,44,10,-66,66,41,-27,-74,-98,-53
-32,-87,-57,52,10,-77,51,42,-29,-57,-61,-96
-52,-88,-57,69,31,-61,50,26,-31,-77,-73,-47
-29,-81,-46,50,23,-83,41,38,-16,-76,-93,-73
-22,-83,-68,72,-2,-76,49,57,-15,-76,-68,-78
-11,-75,-81,62,5,-64,60,52,-38,-75,-70,-56
-35,-94,-65,58,13,-71,31,48,-17,-71,-57,-68
-40,-103,-70,46,22,-58,52,39,-16,-59,-75,-84
-12,-94,-48,73,24,-73,54,22,-32,-58,-92,-55
-16,-89,-55,54,12,-61,59,36,-33,-79,-87,-41
-24,-86,-59,74,9,-44,24,24,-13,-49,-70,-49
-36,-80,-32,45,12,-77,32,40,-56,-69,-78,-46
-25,-75,-46,40,27,-67,32,31,-26,-32,-63,-67
-27,-59,-33,26,18,-67,46,16,-24,-57,-65,-49
-7,-45,-31,27,16,-60,39,1,-28,-69,-73,-34
-32,-63,-63,32,19,-48,51,30,-12,-42,-42,-51
8,-33,-32,32,9,-62,28,26,-24,-50,-62,-49
18,-49,-51,38,-13,-54,28,31,-10,-39,-41,-40
-11,-50,-8,35,37,-55,25,21,-17,-33,-49,-23
-21,-25,-25,20,5,-34,13,-5,-28,-35,-25,-53
-38,-23,-26,46,29,-14,14,37,-17,-21,-31,-43
4,-12,-20,46,-2,-40,12,5,-17,-27,-34,-36
-14,-27,-26,18,-3,-6,17,25,3,-13,-22,-28
-2,-2,-23,32,21,-10,4,-14,-5,2,2,5
-6,16,-5,10,6,-15,-6,-2,12,12,5,-28
-6,-7,-16,-10,0,4,-2,-6,-22,10,4,5
32,20,14,-21,-19,-5,-20,-11,12,15,14,3
27,4,22,-13,0,21,-25,-16,-10,29,35,19
1,30,-18,-53,-15,42,7,-1,-10,29,19,24
-9,39,25,-25,-14,33,-14,-8,24,28,41,15
21,55,37,-26,-15,8,-30,-27,25,28,16,35
7,80,40,-46,-33,59,-14,-20,20,57,58,55
23,61,46,-43,-10,42,-24,-63,29,52,69,54
28,83,69,-48,-20,76,-36,-20,17,59,69,30
39,111,40,-49,-15,57,-45,-44,29,82,82,68
36,104,62,-50,-18,66,-60,-21,22,61,83,83
35,93,56,-62,-7,71,-72,-27,44,70,102,82
42,123,53,-81,-11,95,-46,-37,47,88,70,47
53,119,80,-87,-29,93,-69,-54,50,83,139,82
44,131,67,-113,-44,106,-75,-64,54,93,125,94
48,117,101,-112,-31,96,-78,-35,44,95,129,99
54,169,83,-103,-16,111,-97,-51,52,126,123,98
47,143,79,-115,-24,123,-102,-48,47,109,146,100
52,160,92,-101,-30,124,-95,-58,43,112,137,110
58,157,87,-108,-25,119,-101,-71,44,116,133,113
56,161,83,-91,-50,148,-92,-43,41,128,130,89
45,148,103,-129,-32,149,-88,-72,41,123,153,113
45,169,79,-111,-15,139,-107,-55,35,126,152,113
37,141,102,-109,-34,134,-121,-60,40,112,137,102
64,177,103,-108,-19,127,-78,-72,37,126,164,103
64,148,103,-107,-4,136,-95,-70,44,140,163,109
45,131,118,-76,-13,136,-103,-45,50,97,144,126
33,129,89,-85,-14,119,-74,-38,39,124,142,103
56,140,96,-113,-7,119,-76,-37,69,117,133,112
29,137,80,-95,-19,119,-88,-44,25,116,124,110
52,133,82,-98,-37,130,-69,-63,50,87,128,121
50,138,94,-102,-48,113,-70,-52,50,104,109,89
29,119,71,-75,-44,115,-73,-49,17,87,129,84
24,121,58,-92,0,106,-76,-51,43,57,90,77
41,120,52,-70,-39,92,-38,-41,35,73,94,84
4,117,68,-83,-1,81,-78,-44,49,76,88,71
31,119,63,-59,-13,99,-44,-40,3,61,86,50
33,83,43,-47,-27,53,-39,-26,34,54,68,54
17,70,57,-25,2,60,-45,-42,17,50,60,28
15,61,54,-16,-17,42,-29,-45,4,25,46,60
21,53,28,-40,-27,17,-41,-4,8,36,60,27
-4,57,23,-29,-3,39,-30,-14,30,20,48,65
37,43,17,-31,-13,25,-38,5,-1,21,37,14
6,34,5,-15,-15,20,-36,-12,8,18,17,17
17,0,23,-16,27,21,-12,12,4,15,23,14
7,3,16,9,-1,2,-5,1,2,10,12,-5
1,-30,10,2,10,-20,11,4,0,19,5,8
6,12,-19,10,4,-15,22,20,0,0,-28,13
-29,-19,-22,7,-25,-2,10,-1,-15,-27,-17,-5
-4,-19,-4,27,12,-5,28,-16,3,-32,-14,-18
-31,-38,-21,22,15,-45,13,16,-6,-17,-42,-13
0,-21,-38,11,-6,-37,7,0,17,-25,-12,-23
-16,-50,-45,13,-2,-45,10,33,-4,-63,-18,-43
-21,-36,-48,38,10,-64,43,27,-14,-46,-56,-41
-6,-59,-54,42,3,-37,24,11,-30,-52,-47,-49
-12,-42,-52,64,-5,-40,29,23,-29,-54,-57,-41
-31,-71,-39,34,2,-47,26,19,-7,-60,-73,-38
-52,-57,-45,52,15,-70,34,27,-22,-13,-71,-41
-49,-75,-47,40,28,-60,44,28,-3,-64,-78,-49
-19,-100,-38,44,19,-56,46,53,-13,-57,-65,-56
-40,-68,-54,70,2,-71,38,-8,-11,-72,-99,-51
-26,-102,-55,78,26,-73,32,38,-15,-59,-83,-68
-31,-101,-52,50,2,-87,76,35,-53,-68,-87,-61
-30,-81,-64,82,8,-80,53,46,-8,-55,-99,-91
-29,-105,-73,74,6,-96,72,43,-56,-63,-82,-82
-32,-103,-75,77,27,-87,89,50,-48,-65,-105,-61
-42,-107,-68,64,38,-73,47,51,-58,-93,-99,-56
-29,-129,-93,85,26,-95,59,47,-45,-98,-109,-93
-56,-116,-93,90,12,-124,70,51,-44,-93,-123,-86
-49,-143,-98,101,38,-91,63,67,-44,-86,-127,-103
-70,-161,-101,96,23,-133,104,57,-63,-106,-138,-124
-70,-192,-118,116,39,-131,118,65,-38,-131,-136,-115
-85,-217,-119,136,40,-160,116,71,-77,-135,-168,-140
-51,-185,-119,151,40,-185,116,85,-52,-134,-178,-121
-85,-209,-125,176,18,-178,124,88,-60,-163,-196,-154
-71,-224,-156,163,27,-198,142,95,-99,-158,-224,-160
-97,-222,-164,168,35,-195,134,115,-83,-186,-223,-176
-93,-245,-154,173,24,-179,161,95,-82,-197,-222,-167
-96,-257,-170,170,42,-201,124,96,-67,-215,-226,-181
-77,-241,-153,166,28,-200,134,106,-67,-168,-222,-182
-75,-218,-147,139,40,-186,140,81,-72,-169,-206,-138
-81,-189,-136,129,39,-176,126,83,-64,-135,-190,-141
-50,-174,-101,123,-7,-131,92,67,-35,-125,-150,-116
-57,-114,-82,84,28,-88,90,42,-41,-89,-133,-69
-16,-68,-55,55,8,-52,39,22,-11,-29,-61,-53
6,-2,-23,4,8,0,21,-11,-10,-11,15,-20
26,89,41,-57,-15,74,-34,-15,10,62,64,53
59,167,117,-112,-8,151,-90,-77,34,132,148,118
90,278,173,-191,-48,226,-158,-106,109,219,236,210
141,360,241,-240,-32,334,-207,-176,115,268,366,263
180,454,330,-328,-85,420,-262,-219,144,370,431,338
215,606,390,-399,-73,486,-331,-230,168,459,532,420
236,690,441,-475,-99,577,-393,-266,203,532,606,493
280,787,499,-512,-122,648,-413,-322,251,588,716,535
302,860,552,-556,-104,714,-459,-338,243,649,767,602
323,886,580,-629,-122,713,-487,-346,277,662,828,647
314,939,613,-651,-147,775,-534,-368,291,703,810,648
333,924,591,-628,-140,772,-524,-372,264,691,852,656
304,912,595,-636,-138,760,-509,-371,270,704,814,636
281,887,557,-594,-150,722,-501,-342,257,642,781,599
256,833,527,-543,-141,638,-414,-303,216,598,719,557
253,688,474,-480,-104,600,-406,-276,217,544,620,494
215,604,419,-426,-98,498,-320,-234,188,461,510,415
164,512,346,-352,-81,390,-262,-205,153,366,474,332
156,370,235,-251,-58,303,-212,-158,103,291,337,258
98,241,163,-182,-36,230,-154,-111,78,214,219,184
72,151,89,-99,-25,137,-67,-57,53,114,153,101
17,65,35,-21,-20,29,-39,-7,8,41,74,69
-31,-32,-48,12,6,-26,25,6,-18,-35,-40,-23
-37,-131,-101,70,32,-102,68,52,-10,-113,-124,-79
-81,-203,-136,125,4,-163,108,79,-65,-122,-171,-149
-88,-265,-148,160,42,-222,152,121,-88,-225,-245,-168
-106,-286,-189,214,58,-265,169,127,-83,-236,-276,-238
-120,-335,-192,199,33,-283,168,154,-118,-276,-290,-244
-130,-354,-211,241,55,-288,203,162,-103,-272,-317,-251
-151,-339,-232,248,76,-294,218,137,-105,-272,-308,-264
-113,-366,-229,258,38,-307,208,138,-107,-297,-324,-258
-145,-358,-234,222,51,-293,208,148,-116,-263,-304,-224
-144,-347,-226,215,63,-283,189,144,-89,-263,-304,-226
-105,-331,-233,213,51,-263,185,120,-109,-254,-307,-222
-119,-314,-213,215,44,-257,136,114,-94,-248,-252,-188
-93,-277,-176,199,56,-231,149,124,-91,-224,-230,-200
-105,-274,-165,171,36,-232,131,113,-69,-177,-224,-187
-73,-221,-152,171,66,-201,122,78,-74,-177,-202,-153
-77,-210,-160,138,22,-180,120,69,-59,-173,-191,-161
-47,-185,-124,149,33,-146,118,88,-46,-149,-132,-126
-71,-166,-106,89,44,-159,80,82,-27,-122,-165,-132
-41,-151,-92,105,19,-138,87,57,-46,-97,-131,-122
-44,-145,-89,93,25,-130,85,69,-44,-125,-131,-87
-24,-121,-101,103,15,-121,74,65,-42,-111,-131,-112
-47,-129,-83,79,1,-99,72,53,-47,-90,-119,-74
-35,-114,-64,88,13,-80,79,40,-33,-103,-88,-95
-36,-121,-72,59,19,-81,68,55,-29,-95,-103,-92
-45,-113,-95,64,28,-98,58,32,-37,-75,-86,-62
-45,-95,-57,62,-9,-90,55,59,-38,-56,-80,-71
-40,-99,-55,68,2,-69,61,22,-31,-69,-108,-56
-34,-107,-51,53,0,-78,62,36,-21,-71,-90,-70
-55,-84,-35,59,28,-95,51,23,-42,-73,-100,-49
-36,-84,-56,72,10,-80,58,62,-43,-64,-72,-39
-27,-106,-70,63,30,-85,48,31,-29,-64,-79,-58
-18,-84,-63,65,21,-66,53,21,-26,-56,-86,-56
-45,-105,-40,56,21,-86,49,40,-14,-59,-61,-64
-31,-89,-49,70,-4,-92,36,25,-18,-71,-68,-61
-31,-71,-44,56,5,-78,44,56,-34,-65,-59,-77
-33,-84,-59,57,23,-56,48,18,-1,-49,-86,-59
-11,-88,-50,63,18,-53,50,41,-24,-44,-61,-39
-9,-37,-36,53,9,-38,53,25,-20,-65,-67,-59
-32,-73,-32,42,-2,-60,46,26,-36,-55,-59,-44
-44,-71,-37,41,6,-54,38,48,-34,-44,-72,-46
-28,-74,-29,18,13,-56,28,18,-27,-52,-48,-47
-17,-59,-51,27,29,-46,30,27,-44,-52,-70,-38
-31,-46,-22,34,5,-18,28,14,-6,-28,-64,-36
-7,-42,-7,30,7,-39,16,-6,-3,-30,-6,-28
-21,-46,-3,44,13,-27,9,10,-5,-28,-27,-7
-11,-47,-1,18,7,-25,19,1,6,-18,-35,-42
-20,-32,-39,15,6,-20,10,14,-5,-21,-28,2
-14,-12,-32,24,10,-18,8,10,14,-5,-16,-4
-6,-28,-6,-7,10,-15,21,-18,-30,3,-27,1
-1,-12,16,8,3,-4,-3,10,13,-29,-11,1
-10,3,-7,-6,14,-6,7,-6,-4,-5,7,29
1,23,25,5,5,-10,-21,-4,7,11,9,-24
3,29,13,22,4,-9,-30,-9,20,8,28,4
9,13,12,-2,-1,-1,6,-5,-3,27,38,-10
-11,12,-1,-9,9,30,-11,-4,15,31,28,24
17,31,0,-23,-1,32,-39,-26,16,19,20,36
24,34,17,-22,6,34,-32,0,10,25,31,17
39,69,39,-38,5,35,-26,-20,24,40,57,49
21,49,32,-51,-8,66,-35,-32,13,45,55,42
26,65,50,-57,-27,74,-34,-41,25,59,51,32
52,83,31,-29,-20,70,-65,-30,37,54,71,32
28,81,72,-58,-10,87,-60,-35,54,73,82,78
36,101,78,-55,-30,88,-39,-48,39,73,87,78
38,92,79,-69,-9,80,-63,-36,28,93,111,61
30,111,56,-105,-22,91,-60,-54,30,96,110,82
65,137,88,-70,-38,98,-69,-42,55,100,129,101
48,127,82,-95,-28,105,-82,-54,31,119,130,108
61,164,104,-92,-24,93,-86,-75,51,107,123,96
52,144,86,-120,-18,128,-100,-58,56,142,131,83
61,150,119,-104,-22,127,-85,-71,51,132,163,115
67,172,135,-138,-20,144,-85,-72,35,120,140,151
63,179,104,-136,-12,137,-97,-56,53,124,155,124
68,174,115,-140,-38,162,-101,-73,47,155,162,138
66,199,144,-131,-31,161,-120,-72,75,166,172,135
67,222,118,-141,-36,170,-104,-86,57,132,191,158
69,224,128,-163,-40,175,-103,-89,55,189,203,145
94,218,156,-157,-29,212,-119,-106,72,190,206,173
82,229,166,-150,-37,209,-148,-93,63,170,190,174
87,266,164,-156,-29,217,-126,-101,75,183,226,169
74,267,148,-168,-65,222,-156,-109,73,189,227,169
74,264,170,-154,-35,211,-144,-83,71,217,245,163
110,276,176,-191,-31,238,-157,-115,77,205,245,196
105,271,183,-202,-60,236,-141,-87,90,205,266,200
92,300,156,-185,-61,242,-146,-114,77,211,264,183
105,275,206,-190,-33,209,-155,-136,81,227,259,200
90,293,189,-176,-32,273,-162,-102,79,213,229,202
98,312,187,-200,-45,261,-144,-119,108,220,263,197
84,328,206,-209,-41,222,-177,-140,79,219,260,200
96,316,206,-211,-50,255,-152,-138,98,253,284,207
123,316,207,-201,-44,236,-180,-112,97,226,254,235
89,330,204,-208,-35,261,-181,-123,103,245,288,222
100,328,199,-201,-48,224,-184,-125,95,222,286,204
132,326,203,-212,-64,268,-163,-114,98,232,276,210
98,338,231,-210,-32,251,-174,-107,103,221,283,216
115,316,196,-245,-60,252,-176,-110,94,240,296,206
101,304,200,-192,-56,229,-176,-128,86,236,291,216
127,307,217,-231,-46,234,-178,-126,93,231,280,222
107,299,194,-230,-51,256,-177,-123,95,223,271,217
127,326,218,-224,-48,236,-163,-133,96,232,286,215
78,276,195,-235,-43,239,-161,-105,91,231,253,210
123,302,218,-233,-38,252,-161,-113,82,227,276,197
130,299,200,-205,-42,245,-160,-98,76,227,267,206
110,272,179,-199,-51,246,-178,-134,81,226,269,209
119,303,191,-192,-39,242,-158,-112,86,209,267,200
88,277,164,-179,-35,239,-159,-105,78,214,238,216
91,283,169,-173,-48,231,-171,-97,94,199,229,201
99,290,162,-187,-38,219,-165,-111,78,179,242,190
99,260,182,-164,-41,214,-144,-98,58,206,238,205
117,248,164,-190,-48,221,-132,-97,70,178,234,158
82,239,164,-170,-43,203,-125,-114,58,155,224,165
83,212,144,-151,-62,203,-137,-90,79,184,238,170
54,223,137,-155,-43,167,-129,-93,56,172,231,164
90,207,141,-154,-20,182,-139,-87,77,171,172,149
76,211,129,-155,-35,196,-125,-89,45,150,196,156
89,182,127,-122,-16,169,-114,-82,46,141,160,150
58,170,137,-125,-11,160,-103,-84,59,150,189,139
80,186,139,-121,-39,147,-98,-81,52,127,159,97
54,182,115,-139,-39,141,-93,-77,52,145,150,110
65,177,108,-115,-39,133,-99,-60,56,143,171,86
62,171,91,-97,-33,114,-96,-70,48,104,132,114
53,151,94,-111,-9,147,-65,-55,42,100,130,105
34,139,79,-80,-3,107,-79,-78,22,95,137,91
43,148,74,-110,-20,91,-72,-35,67,78,115,68
52,117,85,-65,-20,91,-76,-45,7,80,104,75
48,68,55,-64,-21,106,-58,-46,13,84,97,81
23,107,67,-56,-47,78,-44,-29,7,77,102,61
41,90,67,-39,-13,71,-35,-31,6,75,102,44
22,81,44,-62,-6,56,-34,-32,4,70,95,50
38,73,38,-68,-19,80,-37,-22,24,53,73,63
22,48,43,-39,-4,33,-54,-21,8,54,64,56
22,66,42,-39,-7,36,-24,-15,18,31,69,57
33,17,22,-16,-8,33,-22,-28,-7,34,18,17
8,40,24,-29,-2,30,5,-12,-8,34,28,25
1,42,32,-19,-3,21,-15,-10,15,44,32,20
7,30,15,-20,-8,7,7,-7,-4,18,40,2
10,16,0,-11,-16,3,4,11,8,9,14,8
-13,-17,-6,-11,1,-17,-18,-2,12,-5,4,-2
6,-8,1,-27,-2,-7,5,19,-11,-10,19,0
-22,-9,-14,15,15,-15,-1,0,-2,-10,10,5
-6,-36,-19,13,9,-6,8,-2,-18,-3,-10,-19
12,-7,-16,38,7,-29,8,14,-6,-29,-16,3
-27,-43,-37,17,13,-29,-5,9,-18,-26,-29,-28
-26,-35,-13,20,-5,-45,10,30,8,-22,-72,-45
-9,-40,-9,19,5,-24,33,33,-12,-42,-48,-23
-25,-60,-37,44,7,-25,40,8,-8,-31,-40,-29
-31,-25,-41,35,4,-43,29,13,-20,-26,-34,-43
-31,-42,-31,45,-8,-60,62,24,-1,-41,-49,-34
-22,-71,-31,39,4,-67,61,18,5,-47,-35,-34
5,-63,-49,52,25,-44,53,39,-25,-51,-60,-37
-25,-66,-49,46,5,-45,37,29,-34,-53,-56,-44
-31,-86,-63,43,26,-77,22,32,-21,-82,-79,-47
-19,-62,-43,50,-21,-56,41,33,-22,-49,-67,-51
-39,-77,-62,41,17,-69,40,18,-38,-34,-80,-71
-24,-76,-66,58,30,-55,18,50,-14,-71,-77,-57
-37,-105,-54,51,12,-80,51,49,-33,-71,-86,-52
-43,-101,-48,72,12,-97,66,66,-17,-71,-71,-54
-15,-89,-59,64,16,-79,41,22,-42,-65,-74,-69
-22,-81,-65,49,17,-74,38,19,-37,-60,-52,-48
-24,-68,-54,71,28,-84,45,36,-27,-90,-99,-51
-42,-94,-74,51,27,-81,51,33,-20,-86,-82,-63
-41,-119,-75,65,30,-84,67,31,-32,-69,-89,-67
-33,-84,-69,65,26,-69,65,41,-53,-88,-98,-49
-19,-92,-72,63,14,-81,63,30,-21,-82,-94,-83
-43,-108,-66,81,12,-76,48,28,-39,-91,-78,-83
-32,-113,-57,41,27,-84,66,32,-53,-90,-85,-92
-43,-126,-77,71,17,-76,58,46,-50,-56,-107,-90
-37,-107,-66,65,42,-77,40,29,-11,-95,-90,-78
-42,-89,-38,66,9,-112,46,42,-41,-96,-105,-76
-62,-124,-61,62,14,-108,53,41,-25,-61,-87,-77
-39,-127,-85,79,19,-88,38,31,-45,-82,-97,-63
-45,-125,-72,65,-5,-103,60,41,-35,-72,-66,-76
-26,-84,-63,54,24,-98,47,53,-58,-78,-78,-80
-44,-105,-84,60,11,-61,72,53,-23,-89,-85,-71
-34,-108,-74,76,-18,-89,60,52,-49,-88,-100,-81
-53,-102,-81,70,32,-70,68,43,-26,-87,-92,-102
-44,-77,-79,63,13,-78,54,36,-36,-96,-86,-70
-52,-105,-70,74,-1,-61,43,27,-27,-59,-99,-106
-29,-104,-66,56,26,-74,55,37,-28,-56,-112,-69
-54,-113,-78,70,3,-69,48,29,-19,-60,-87,-68
-22,-123,-79,63,20,-64,58,33,-22,-71,-102,-86
-25,-98,-65,69,-2,-77,82,52,-10,-72,-104,-66
-9,-115,-72,53,24,-74,64,27,-27,-83,-94,-65
-37,-104,-72,83,19,-90,40,39,-23,-84,-91,-38
-12,-102,-87,73,24,-65,57,39,-27,-60,-98,-61
-20,-110,-60,66,7,-95,47,57,-38,-69,-95,-68
-45,-101,-74,58,9,-92,41,44,-14,-52,-102,-79
-28,-84,-67,43,16,-84,58,46,-43,-72,-96,-80
-37,-89,-68,77,12,-89,64,49,-33,-61,-68,-66
-49,-108,-70,64,5,-82,38,41,-36,-80,-71,-86
-24,-112,-74,73,27,-126,61,47,-36,-70,-95,-62
-13,-93,-72,75,35,-72,79,26,-40,-75,-77,-62
-32,-95,-56,78,33,-60,26,46,-21,-76,-77,-42
-50,-90,-63,58,23,-98,45,34,-28,-63,-91,-81
-34,-103,-76,48,16,-76,63,43,-29,-88,-102,-92
-20,-100,-69,62,18,-67,53,36,-28,-80,-95,-70
-43,-100,-74,91,-16,-81,51,32,-37,-82,-94,-51
-36,-98,-58,64,8,-87,65,35,-30,-75,-105,-62
-32,-89,-67,56,45,-85,54,29,-12,-69,-89,-57
-31,-90,-62,67,9,-65,69,54,-11,-75,-101,-60
-31,-67,-64,75,0,-82,39,32,-22,-71,-93,-56
-32,-85,-59,64,6,-75,31,44,-29,-68,-81,-70
-33,-83,-44,61,23,-77,72,38,-20,-76,-65,-71
-31,-98,-66,72,-6,-97,61,43,-27,-64,-102,-69
-31,-101,-68,87,-3,-81,57,20,-9,-84,-84,-62
-22,-102,-60,65,28,-88,37,29,-10,-74,-74,-82
-10,-102,-70,90,-2,-84,47,32,-38,-63,-86,-88
-30,-86,-48,49,-1,-63,63,38,-17,-80,-101,-66
-47,-106,-52,34,11,-109,49,15,-19,-92,-83,-44
-20,-76,-59,75,10,-79,45,39,-32,-52,-76,-79
-33,-99,-55,58,18,-78,40,10,-36,-78,-91,-53
-29,-99,-66,85,19,-72,35,52,-15,-59,-101,-76
-47,-82,-70,70,36,-67,27,38,-8,-56,-70,-65
-62,-99,-42,59,50,-74,42,55,-34,-70,-79,-69
-44,-111,-57,46,-1,-76,57,47,-37,-75,-88,-59
-27,-82,-50,61,18,-75,47,37,-20,-75,-73,-56
-34,-81,-54,67,10,-58,19,22,-30,-68,-75,-61
-31,-86,-57,47,22,-81,40,49,-37,-63,-77,-45
-41,-98,-62,53,9,-74,60,32,-33,-72,-65,-80
-27,-70,-59,58,21,-59,34,22,-18,-64,-66,-58
-29,-71,-65,44,-4,-74,46,42,-26,-54,-57,-34
-39,-95,-59,49,19,-52,51,23,-16,-48,-61,-66
-25,-80,-73,52,-10,-76,51,24,-54,-81,-71,-51
-31,-103,-37,76,8,-58,65,34,-38,-47,-73,-44
-39,-67,-65,60,-1,-62,16,20,-17,-81,-52,-51
-13,-78,-52,53,10,-61,32,23,-27,-57,-76,-44
-41,-74,-32,34,7,-53,13,15,-13,-64,-56,-53
-25,-68,-49,46,4,-55,58,27,-39,-45,-61,-59
-5,-67,-40,40,16,-59,41,31,-23,-63,-63,-43
-6,-54,-48,17,9,-53,12,13,-10,-49,-55,-38
-11,-53,-47,38,15,-44,27,33,-11,-50,-70,-40
-4,-37,-26,41,19,-53,20,36,-1,-54,-46,-23
-16,-58,-33,43,4,-37,37,0,-20,-30,-39,-57
-5,-44,-27,10,-20,-24,20,32,-10,-29,-50,-31
-23,-51,-37,39,-11,-49,11,23,-12,-36,-26,-34
6,-47,-32,11,12,-11,40,5,3,1,-20,-27
-32,-23,-21,11,16,-20,14,14,-6,-23,-36,4
2,-41,-9,4,5,-8,6,17,4,11,-13,-26
-27,-14,-5,9,5,-9,10,-12,1,-36,-22,9
29,-9,17,6,-6,-8,-6,-1,-5,-3,-30,17
-7,-13,3,-7,11,-14,13,-19,17,-3,14,12
-11,2,-12,-12,11,-8,-25,10,-3,-2,11,13
2,19,14,-15,5,21,8,-41,26,6,17,24
25,13,-5,-12,-35,14,-26,-13,-12,1,37,12
24,32,21,0,1,50,-44,-6,17,34,10,21
16,38,36,-8,-4,25,-16,-18,9,32,36,14
28,63,33,-35,-23,43,-34,-17,12,34,45,31
21,91,32,-41,3,65,-35,-33,32,42,86,56
17,61,34,-36,-8,46,-58,-30,45,48,74,35
36,76,52,-67,-18,67,-34,-16,28,91,98,59
20,102,58,-79,-6,64,-72,-20,31,66,84,47
41,89,62,-92,-23,80,-61,-32,33,94,100,82
51,138,94,-83,-26,77,-69,-31,37,85,109,92
37,128,86,-79,-4,85,-89,-47,43,90,114,89
20,137,75,-96,-13,120,-51,-54,36,86,95,85
59,145,69,-103,-8,128,-66,-72,57,108,133,104
44,136,99,-98,-12,127,-83,-68,16,100,116,122
82,161,81,-120,-18,138,-81,-63,77,131,148,130
53,171,125,-118,-24,113,-97,-71,33,111,165,120
76,141,103,-103,-25,124,-98,-81,46,118,153,129
50,174,117,-105,-24,126,-108,-79,28,141,141,114
51,194,113,-105,-21,151,-91,-63,47,140,149,124
87,164,126,-109,-21,147,-81,-66,59,130,154,141
58,191,101,-133,-16,145,-83,-78,53,151,155,119
79,173,130,-119,-43,157,-95,-81,50,141,151,121
42,186,131,-122,-23,159,-115,-73,71,129,163,116
75,197,109,-130,-42,153,-101,-89,42,148,179,124
43,165,112,-125,-50,145,-103,-83,52,149,177,119
40,171,115,-131,-21,132,-101,-72,65,145,185,120
54,202,97,-116,-35,122,-95,-62,61,142,185,117
60,181,96,-124,-25,128,-88,-69,28,142,171,134
41,143,104,-110,-24,132,-90,-67,55,135,133,100
41,164,114,-110,-56,137,-98,-58,50,119,147,98
51,153,120,-128,-10,125,-70,-54,56,130,138,119
53,150,105,-93,-3,95,-62,-73,44,107,113,103
30,139,97,-108,-37,120,-81,-51,34,131,131,111
44,131,113,-79,-23,117,-89,-50,53,98,105,113
39,130,92,-94,-19,109,-79,-46,43,88,120,78
59,127,74,-51,-29,96,-58,-36,24,80,71,78
26,101,69,-73,-23,69,-46,-47,30,88,95,76
55,120,59,-74,-16,80,-71,-5,40,87,69,69
39,69,59,-44,-13,50,-44,-10,18,68,60,53
29,56,37,-58,-23,67,-65,-10,17,44,75,60
5,57,37,-67,-7,51,-36,-13,17,50,54,47
18,67,28,-26,-14,37,-49,5,27,64,46,45
17,52,12,-34,-6,48,-5,-5,25,39,45,61
8,56,31,-39,3,35,2,-27,-3,41,24,29
15,26,12,-34,15,49,-53,-22,22,26,51,6
12,4,4,-11,11,20,2,-12,37,3,23,17
-5,22,13,14,-26,29,-2,2,1,-8,7,22
14,8,-11,4,5,12,2,-12,-6,10,-3,22
11,-11,-19,-17,3,-9,-10,3,19,-4,6,7
4,-12,-4,3,-10,-15,-3,-21,-12,-1,6,11
-8,-13,-20,5,-3,-25,4,-3,4,-20,-13,-24
2,-31,-17,43,0,-30,-3,29,0,-11,-29,-15
-13,-5,-20,28,6,-22,14,17,-12,-39,-8,-25
-23,-24,-29,19,-10,-9,10,18,-2,-13,-37,-24
-19,-43,-30,17,18,-34,22,16,-14,-17,-38,-41
2,-32,-12,41,-6,-47,37,7,-11,-44,-20,-47
-3,-48,-22,19,2,-67,51,2,-12,-29,-36,-31
-23,-35,-17,26,-1,-31,29,25,-2,-37,-41,-31
-23,-45,-34,41,-4,-49,32,7,-19,-39,-48,-22
-38,-55,-28,42,-1,-45,18,3,-18,-36,-33,-53
-20,-61,-49,52,3,-46,36,8,-26,-59,-55,-35
-17,-55,-39,37,28,-74,45,16,-6,-57,-67,-46
-27,-63,-56,60,15,-56,47,33,2,-27,-57,-55
-24,-85,-64,47,12,-51,49,27,-29,-63,-81,-40
-33,-78,-47,73,7,-99,51,22,-46,-74,-95,-38
-25,-95,-68,63,-13,-69,36,22,-24,-72,-78,-75
-34,-97,-80,31,4,-74,59,22,-38,-90,-70,-77
-16,-110,-77,43,18,-82,55,27,-36,-76,-107,-64
-48,-119,-79,83,14,-99,77,53,-51,-81,-111,-77
-58,-122,-85,60,5,-119,68,27,-28,-81,-118,-70
-50,-112,-104,103,16,-105,85,48,-38,-114,-116,-93
-41,-159,-100,97,15,-131,58,54,-44,-100,-131,-107
-59,-170,-97,124,1,-108,98,62,-50,-146,-145,-126
-55,-195,-103,139,35,-160,116,64,-54,-148,-170,-112
-76,-191,-109,134,43,-153,117,94,-46,-179,-190,-167
-64,-224,-139,157,9,-191,121,117,-60,-178,-215,-183
-81,-231,-140,167,35,-215,128,83,-62,-151,-200,-184
-92,-234,-158,145,18,-202,124,76,-77,-173,-238,-165
-73,-235,-160,170,36,-204,122,102,-50,-206,-259,-154
-72,-229,-144,151,38,-211,133,84,-79,-169,-197,-177
-78,-226,-146,158,14,-149,90,78,-75,-162,-200,-152
-68,-179,-109,106,9,-145,98,74,-46,-144,-153,-134
-59,-150,-81,94,12,-121,73,45,-56,-103,-144,-86
-22,-83,-74,81,5,-79,45,31,-44,-56,-82,-49
-9,-57,-29,20,17,-46,16,16,-13,-52,-44,-21
15,18,38,0,-10,34,-34,-13,12,21,41,29
50,130,54,-67,-19,93,-67,-49,18,81,83,81
65,201,157,-151,-17,176,-114,-101,52,160,173,143
88,298,202,-174,-49,241,-174,-121,95,216,249,214
124,418,245,-263,-48,329,-216,-183,111,298,349,264
170,506,329,-321,-72,418,-269,-197,157,374,439,329
209,601,422,-403,-114,518,-337,-248,171,470,557,414
254,717,470,-480,-98,603,-396,-292,193,520,633,513
281,818,525,-547,-117,647,-459,-329,261,637,728,553
298,890,585,-602,-142,725,-480,-350,257,663,799,619
318,935,597,-642,-144,781,-506,-392,294,699,848,644
362,977,645,-641,-155,798,-569,-379,284,741,862,674
354,978,652,-652,-141,803,-528,-370,299,755,867,707
339,960,630,-661,-133,797,-542,-372,290,723,881,692
322,924,603,-614,-128,777,-502,-397,297,677,837,653
294,873,563,-592,-138,732,-462,-356,263,652,785,597
279,795,502,-512,-104,650,-433,-319,240,595,711,557
239,685,442,-463,-119,553,-375,-249,198,504,628,470
208,579,385,-385,-101,472,-330,-210,185,426,519,398
161,464,304,-304,-71,382,-245,-168,160,356,394,328
121,346,226,-249,-44,262,-199,-137,109,241,312,242
82,224,163,-132,-23,218,-124,-93,80,191,208,161
35,133,61,-98,-22,113,-88,-42,17,103,126,93
13,-9,6,-6,-5,30,-25,2,7,28,40,6
-25,-71,-27,48,8,-51,41,18,-16,-41,-67,-30
-30,-168,-81,92,15,-113,87,54,-24,-98,-126,-92
-82,-221,-136,120,12,-158,114,75,-40,-157,-170,-133
-93,-244,-155,157,32,-210,155,100,-57,-174,-236,-142
-106,-289,-192,201,43,-233,185,87,-85,-213,-270,-187
-117,-318,-182,197,48,-236,171,120,-83,-237,-279,-213
-113,-307,-201,230,47,-264,182,123,-95,-253,-274,-216
-93,-309,-213,205,58,-240,174,112,-88,-239,-272,-214
-102,-312,-200,203,42,-254,175,118,-83,-234,-290,-215
-126,-300,-193,219,43,-244,168,143,-74,-235,-265,-223
-99,-281,-182,176,48,-236,148,104,-85,-217,-243,-191
-98,-252,-145,170,25,-209,150,104,-63,-205,-200,-189
-63,-234,-150,131,24,-179,136,105,-76,-173,-191,-187
-50,-221,-144,134,41,-188,140,78,-55,-164,-179,-150
-66,-183,-126,151,32,-137,90,70,-64,-120,-172,-142
-52,-175,-103,123,2,-136,89,62,-31,-100,-153,-115
-52,-131,-92,102,19,-116,78,77,-41,-113,-144,-109
-42,-138,-90,99,38,-125,69,67,-30,-99,-135,-85
-34,-130,-64,84,24,-83,61,63,-56,-89,-88,-96
-40,-104,-52,72,1,-93,50,46,-37,-86,-74,-82
-44,-96,-48,69,16,-81,45,36,-24,-64,-97,-72
-20,-74,-58,55,8,-53,54,37,-4,-58,-70,-54
-21,-88,-49,46,9,-68,37,51,-5,-58,-55,-70
-4,-55,-27,46,18,-39,30,35,-26,-57,-61,-47
-20,-46,-44,35,29,-48,34,55,-23,-47,-71,-41
-6,-55,-41,36,10,-25,12,26,-25,-54,-44,-34
-36,-21,-47,49,3,-41,48,7,-2,-46,-45,-28
-37,-58,-26,-1,11,-47,51,16,-22,-18,-59,-47
-13,-34,-12,41,-18,-35,7,5,-12,-46,-42,-17
-17,-15,-23,39,-2,-47,41,22,-39,-37,-18,-35
-30,-40,-32,47,15,-38,-8,14,-14,-23,-18,-20
-13,-52,-15,0,16,-27,43,30,-6,-22,-34,-21
-17,-20,-11,20,16,-52,44,5,-5,-25,-35,-16
-28,-22,-38,27,1,-14,42,23,-17,-22,-42,-6
-33,-45,-18,25,-2,-20,10,9,-28,-3,-11,-25
-1,-35,-9,-4,15,-37,29,3,7,-11,-36,-29
-15,-15,-20,0,-4,-19,25,14,-15,-16,-15,-16
6,-20,10,33,11,-16,20,23,-10,-12,-38,-7
7,-20,-1,10,5,-13,22,6,-4,13,-16,-20
-7,-27,-11,-9,5,-18,-21,2,-33,0,-19,-18
-3,0,3,-2,7,8,-1,17,-10,-8,-9,16
-32,-10,52,-14,-15,-4,-17,6,-6,4,7,-18
-9,-11,20,30,-4,-7,22,-3,-12,-4,-6,-1
-2,-7,5,-1,-1,1,-8,-6,-15,31,-3,10
-7,0,13,4,-10,1,-17,-5,-3,12,6,16
14,23,12,-10,6,18,-5,-10,28,15,0,-1
20,33,41,6,0,0,-16,-14,9,14,-8,0
5,4,20,-45,2,28,-28,17,17,16,23,13
6,18,17,-17,-31,27,-29,-17,-14,6,42,13
22,36,28,-26,-20,46,-15,-35,41,26,42,27
17,55,1,-50,-14,40,-14,-4,10,45,37,33
23,48,21,-42,-9,46,-29,-29,6,48,51,23
0,64,50,-40,1,50,-26,-22,7,42,37,21
8,82,62,-69,-11,45,-37,-10,27,32,78,40
32,94,37,-37,-4,75,-44,-47,26,44,84,74
36,95,48,-52,-34,77,-53,-52,34,73,72,69
27,81,69,-57,-6,74,-57,-30,17,74,82,41
53,121,52,-68,-10,91,-47,-48,30,72,96,65
52,120,69,-65,-26,80,-45,-65,15,79,73,64
39,132,81,-72,-10,98,-71,-40,30,95,102,100
47,118,99,-80,-15,65,-66,-55,37,91,107,87
34,126,80,-84,-29,97,-65,-62,43,96,123,110
56,135,80,-81,-29,130,-110,-60,49,112,108,103
49,164,99,-96,-1,114,-78,-64,52,105,130,103
69,152,147,-97,-23,125,-100,-69,40,116,161,126
60,165,96,-140,-7,162,-93,-51,69,130,163,97
90,186,135,-120,-31,147,-105,-87,34,127,153,135
56,192,123,-141,-6,155,-125,-73,50,126,177,143
85,203,143,-141,-33,174,-86,-78,67,167,165,143
57,210,157,-144,-30,187,-119,-85,55,150,195,153
93,206,127,-150,-40,190,-136,-105,60,160,204,165
63,215,152,-142,-54,186,-128,-104,63,198,200,166
72,265,166,-139,-39,190,-123,-67,73,181,197,158
95,229,164,-156,-19,215,-127,-122,74,175,238,196
69,259,166,-177,-34,212,-139,-101,86,201,238,183
96,279,171,-179,-34,232,-153,-91,82,182,217,202
88,268,183,-196,-32,242,-144,-98,69,208,236,157
99,288,181,-189,-37,219,-173,-99,86,225,259,213
80,301,198,-186,-52,232,-161,-116,90,205,263,208
110,297,198,-195,-35,249,-166,-114,89,211,286,219
117,305,194,-191,-51,271,-152,-138,87,207,267,229
95,312,192,-206,-59,258,-175,-142,81,241,290,213
128,285,206,-216,-46,300,-167,-106,81,225,284,207
111,354,185,-221,-42,246,-172,-128,86,254,292,232
119,319,208,-235,-41,266,-196,-141,56,234,295,234
130,357,201,-220,-53,271,-201,-133,110,242,296,233
121,347,246,-234,-65,259,-193,-141,104,268,306,236
126,349,240,-265,-52,289,-180,-159,104,250,314,243
119,341,236,-233,-34,282,-198,-129,123,248,315,252
127,363,233,-232,-47,280,-171,-136,106,264,315,226
116,349,237,-242,-34,325,-190,-134,104,270,291,258
114,373,217,-243,-57,302,-208,-155,95,278,313,264
139,341,247,-267,-52,315,-188,-156,131,282,323,259
127,355,232,-252,-61,308,-202,-141,104,251,327,253
131,364,228,-250,-64,297,-203,-135,95,265,320,245
102,338,244,-246,-71,303,-196,-136,109,294,324,239
133,363,241,-266,-66,303,-199,-137,133,276,344,265
134,360,243,-246,-46,288,-198,-133,127,275,320,254
132,370,233,-254,-43,319,-199,-144,99,265,317,273
111,353,201,-252,-66,313,-182,-157,107,257,312,250
121,337,246,-246,-61,302,-209,-154,95,286,325,236
110,344,240,-262,-48,278,-209,-165,110,278,299,240
116,329,219,-233,-51,283,-179,-135,94,281,289,231
118,336,218,-240,-66,279,-183,-150,108,239,289,242
127,336,214,-231,-55,274,-161,-135,76,250,315,246
126,332,216,-235,-46,277,-166,-139,79,247,303,228
84,314,183,-220,-32,266,-147,-118,100,247,282,219
102,325,207,-206,-51,257,-168,-114,105,237,279,220
121,332,191,-210,-52,255,-173,-122,69,236,278,224
99,296,201,-194,-44,273,-156,-104,96,229,279,201
108,278,169,-200,-50,232,-179,-107,111,219,267,206
93,255,170,-184,-50,216,-139,-122,80,184,243,200
107,282,184,-184,-57,233,-164,-118,81,203,242,175
92,266,159,-182,-61,218,-134,-115,70,196,240,184
81,241,185,-191,-49,193,-156,-103,64,178,241,191
83,266,160,-174,-22,214,-147,-86,79,205,217,164
78,259,151,-166,-36,214,-140,-105,78,175,218,146
98,239,167,-168,-11,203,-122,-80,65,191,216,163
76,218,141,-147,-35,167,-121,-108,55,174,194,159
49,200,144,-152,-37,165,-112,-96,75,152,183,148
69,203,158,-146,-20,149,-119,-96,51,140,205,147
52,190,118,-136,-32,164,-101,-61,68,139,168,120
62,180,104,-123,-12,162,-109,-57,36,139,186,135
55,166,107,-126,-26,159,-121,-73,49,119,135,125
84,153,114,-104,-27,133,-64,-76,50,132,145,118
31,163,82,-110,-37,140,-103,-50,17,112,133,104
66,140,91,-82,-26,120,-90,-45,45,114,131,95
53,153,91,-103,-20,125,-91,-46,37,112,131,85
54,126,64,-84,-44,96,-67,-68,21,76,127,87
36,127,68,-74,-31,95,-89,-47,45,66,103,96
35,87,86,-80,1,97,-56,-50,12,78,102,78
11,83,68,-88,-10,105,-36,-36,30,89,97,75
28,88,43,-68,11,92,-56,-30,37,75,95,69
35,70,49,-63,-6,32,-44,-41,33,80,70,54
32,100,36,-65,5,71,-64,-53,24,52,94,62
27,75,37,-55,7,58,-37,-34,3,41,58,28
21,57,32,-57,-25,64,-13,-16,2,45,61,46
19,55,33,-38,-6,46,-19,-26,4,53,53,27
15,68,14,-34,-14,37,-25,-25,4,17,54,37
14,36,16,-26,0,50,-5,-10,11,10,39,32
6,51,52,-23,3,43,-27,-6,14,17,35,24
-11,36,11,-23,-3,11,-32,-19,21,9,18,6
0,19,16,-22,-6,39,-27,-10,-3,28,9,25
3,24,-11,-17,9,14,-9,0,23,16,28,22
7,15,7,-15,-8,7,-15,2,-5,14,19,2
-18,10,5,8,-17,17,-12,-4,14,-2,13,-16
-4,22,10,1,0,1,8,1,-10,9,12,-5
21,-6,12,5,-24,-1,-16,-24,3,8,9,15
2,-19,-1,16,-18,-14,8,1,-12,-3,17,4
-12,-22,-2,15,0,7,-17,-15,10,-24,-25,-11
-4,-33,-5,7,-5,-5,-10,-4,-22,-27,4,-23
4,3,-16,1,-7,-25,11,-1,-3,-26,-13,-20
-11,-18,-5,9,18,-43,24,4,0,-38,-19,-6
-3,-20,-24,25,-1,-43,15,-3,-24,-26,-31,-12
2,-30,6,11,14,-10,9,21,-13,-9,-6,-23
-6,-38,-12,26,-1,-21,-3,27,-10,-6,-30,-8
-7,-24,-13,2,15,-22,5,30,6,-9,-49,-10
-11,-8,-22,29,1,-23,13,-10,-8,-33,-33,-32
-25,-31,-35,41,18,-34,15,6,-3,-31,-21,-23
-23,-21,-16,45,11,-55,24,2,15,-22,-26,-20
-13,-43,-12,27,-5,-16,12,7,-24,-34,-23,-21
-21,-32,-23,38,22,-35,18,27,-13,-37,-33,-46
-20,-45,-27,16,11,-22,34,9,-24,-40,-28,-38
2,-48,-39,18,-7,-39,26,22,1,-46,-66,-32
5,-43,-40,47,15,-26,41,7,-16,-26,-63,-37
-28,-57,-30,63,27,-13,12,17,-11,-37,-27,-31
-26,-46,-14,37,-3,-27,6,24,-5,-36,-60,-31
-27,-50,-32,46,19,-49,20,21,-18,-41,-26,-40
-17,-40,-18,30,15,-50,38,21,-12,-36,-47,-41
-29,-55,-44,32,13,-24,28,17,-28,-58,-44,-32
-8,-59,-23,39,3,-42,42,28,11,-27,-50,-35
-21,-45,-19,27,4,-47,14,3,-33,-32,-67,-39
-24,-69,-24,41,2,-54,31,10,-14,-33,-29,-32
-31,-54,-48,30,7,-21,27,34,-19,-22,-38,-30
-18,-53,-20,32,-2,-54,18,19,-13,-43,-32,-23
-27,-35,-18,43,7,-31,24,15,-21,-39,-38,-21
-3,-43,-47,22,12,-37,20,22,-14,-28,-56,-38
-13,-39,-44,23,13,-36,29,49,-19,-43,-40,-2
-2,-53,-22,17,9,-65,28,37,-2,-29,-53,-22
-32,-41,-23,18,-3,-39,47,13,-31,-19,-49,-35
-18,-60,-35,41,12,-60,15,11,-7,-24,-24,-47
-21,-30,-19,36,-8,-30,-1,7,0,-45,-31,-31
-12,-61,-62,33,11,-42,-8,4,-23,-36,-21,-27
-41,-26,-27,39,-7,-47,49,5,-32,-49,-45,-32
-29,-39,-27,33,-3,-56,24,18,-28,-25,-23,-3
-29,-27,-18,44,3,-43,8,-4,-25,-23,-45,-27
-3,-42,-41,37,24,-35,23,10,-4,-29,-29,-28
-8,-48,-42,34,10,-50,15,26,-3,-35,-35,-34
-7,-39,-28,25,-17,-45,22,35,2,-27,-21,-21
-34,-24,-30,21,-1,-58,23,20,-1,-26,-51,-38
-14,-54,-30,48,9,-76,27,28,-28,-28,-39,-33
-6,-49,-13,36,10,-25,28,16,-14,-12,-61,-20
-20,-49,-29,36,19,-23,22,14,-9,-36,-45,-21
-25,-29,-31,43,6,-33,25,27,-5,-23,-37,-29
-17,-52,-32,30,-5,-30,33,28,-17,-10,-37,-12
8,-62,-35,30,10,-9,25,27,-25,-41,-56,-36
-20,-46,-12,28,13,-42,27,26,-28,-25,-19,-20
-17,-46,-11,22,11,-23,17,4,-14,-33,-30,-27
-16,-32,-28,26,-7,-18,38,3,11,-25,-36,-58
-10,-34,-24,39,19,-30,25,18,-27,-40,-40,-40
-2,-50,-23,8,5,-21,-11,9,-18,-36,-38,-33
-15,-45,-21,22,-8,-33,12,11,-7,-45,-22,-33
-3,-40,-12,25,26,-41,-7,3,-12,-33,-47,-8
11,-40,-20,19,-1,-47,13,22,-13,-49,-31,-28
-14,-6,-6,16,16,-19,14,-2,-17,-33,-34,-32
-7,-20,-31,43,0,-30,10,26,-18,-27,-52,-37
-3,-29,-18,45,5,-30,30,18,-19,-49,-36,-27
0,-31,-18,39,6,-35,14,16,-14,-43,-32,-14
-6,-24,-23,29,2,-33,39,15,-8,-35,-41,-26
-22,-29,-42,31,11,-37,-5,15,-11,-1,-28,-51
0,-43,-20,10,7,-15,24,13,8,-25,-50,-34
5,-20,-17,7,-3,-10,28,21,-16,-22,-29,-23
-9,-43,-25,24,-10,-25,12,10,-3,-21,-40,-19
-19,-26,-29,29,2,-12,25,12,-5,-39,-27,-16
-11,-27,-7,29,21,-60,-2,29,-9,-26,-13,-20
-17,-8,-10,26,10,-32,21,-12,-5,-10,-26,-4
14,-20,-32,17,11,-17,38,22,-18,-22,-32,-19
-2,-54,-15,-5,4,-48,22,13,-6,-23,-24,-12
6,-41,4,24,11,-34,-10,23,-28,-25,-32,-12
-20,-16,-7,33,4,-14,23,14,-16,-13,-39,-21
-20,-15,14,19,10,-32,2,5,-19,-23,-24,-25
-6,-27,-26,19,-8,-14,22,13,7,-25,-33,-17
-16,-26,-26,18,-11,-19,9,14,9,-7,-19,-12
-9,-7,-26,31,0,-12,10,-2,-6,-15,-30,-30
0,-8,-24,6,7,-25,25,12,2,5,-23,2
-7,-14,-2,12,7,-1,16,7,-3,-8,-17,-4
-28,-13,20,24,-9,6,19,1,-35,8,-3,-8
0,-9,-5,20,-13,-37,-7,21,6,-16,-1,24
5,7,-26,-2,24,20,0,13,-2,-6,9,-2
-11,-12,9,1,20,22,-1,6,9,-8,-2,-1
-12,-7,7,-9,-17,-2,-18,9,-4,4,9,2
-13,16,11,-2,-5,19,8,9,20,-10,13,10
9,9,13,-27,18,2,2,-7,28,11,4,26
13,23,32,3,17,31,-8,-2,-9,-4,-4,6
10,17,7,15,-1,33,2,-40,-2,26,28,-9
5,33,13,-24,1,28,-12,-3,-6,17,24,29
31,20,18,2,-22,25,-23,-15,-11,18,24,17
10,46,28,-31,-6,37,-19,-11,17,40,34,9
19,53,34,-36,-1,29,-34,-39,20,38,64,28
35,61,32,-26,-2,43,-38,-11,29,40,45,48
37,55,29,-20,-25,68,-34,-17,13,36,47,41
41,78,36,-49,-18,72,-53,-40,21,56,63,49
6,75,70,-48,0,85,-37,-23,29,74,67,63
28,84,71,-59,-17,80,-50,-44,51,78,91,58
35,114,65,-59,7,80,-55,-33,28,83,76,77
43,120,64,-70,-26,78,-71,-51,6,69,85,84
33,123,76,-88,-41,88,-55,-39,27,81,100,75
45,118,72,-94,-4,114,-65,-51,32,109,113,113
40,121,102,-106,-23,127,-65,-56,32,120,119,110
39,145,100,-107,4,121,-90,-63,36,116,119,116
51,168,96,-96,-24,138,-90,-63,37,135,142,124
57,181,108,-99,-26,135,-102,-72,35,119,150,118
60,213,111,-131,-17,157,-74,-106,60,133,141,123
65,187,119,-143,-28,165,-127,-70,45,144,162,153
89,206,134,-152,-37,165,-114,-84,71,161,189,150
81,204,149,-145,-30,169,-108,-66,58,150,194,165
80,208,143,-137,-16,167,-110,-79,74,160,200,151
84,222,130,-146,-38,175,-131,-84,58,175,191,151
65,215,161,-159,-41,179,-130,-90,86,164,208,177
83,227,157,-153,-23,190,-149,-90,79,178,203,155
87,226,139,-140,-18,195,-131,-77,90,179,211,153
108,245,134,-157,-19,199,-120,-93,78,156,227,162
67,218,166,-161,-65,213,-129,-124,46,166,234,174
82,242,143,-171,-21,201,-135,-90,77,182,206,177
77,245,160,-161,-28,198,-146,-95,78,189,228,172
88,253,163,-174,-31,186,-133,-90,64,172,232,164
100,263,164,-167,-36,202,-114,-117,68,189,220,165
107,235,155,-187,-42,215,-154,-120,74,156,196,174
67,259,177,-168,-45,200,-124,-112,46,191,207,171
81,239,155,-165,-32,200,-129,-90,65,197,209,145
100,242,155,-158,-31,201,-126,-119,70,173,212,147
66,225,136,-155,-13,187,-100,-76,69,172,193,162
72,221,155,-168,-18,204,-131,-64,75,165,191,176
81,215,146,-140,-46,168,-119,-97,43,163,199,158
86,202,121,-144,-36,182,-109,-88,55,140,173,137
72,216,137,-130,-24,174,-95,-60,54,136,188,142
55,180,123,-139,-25,145,-114,-72,58,141,164,156
96,193,127,-137,-33,144,-126,-82,49,134,147,133
73,183,127,-120,-23,151,-101,-82,68,131,166,146
52,164,103,-107,-27,147,-81,-58,64,132,150,122
31,157,110,-121,-5,133,-51,-80,33,113,143,124
59,140,98,-108,4,121,-76,-54,40,122,126,94
55,127,88,-90,-22,113,-78,-28,48,97,123,86
59,125,86,-67,-13,89,-50,-59,48,90,105,103
25,148,53,-80,-19,84,-61,-39,32,67,127,90
42,107,90,-73,-30,76,-81,-42,47,87,99,75
25,107,50,-67,-4,74,-64,-48,44,63,101,57
33,94,61,-53,-10,65,-40,-46,26,90,81,55
40,77,51,-31,-5,72,-51,-2,22,86,76,65
33,79,54,-51,-8,59,-35,-22,16,51,71,49
27,87,36,-58,-7,40,-38,-29,7,44,47,48
45,37,51,-52,15,44,-46,-39,8,35,52,16
17,52,44,-36,-24,50,-40,-17,12,23,40,28
9,48,35,-29,-1,52,-54,-29,6,17,19,32
6,42,42,-23,-16,32,-6,-15,22,24,38,31
-2,19,14,-24,-21,37,9,-2,32,19,29,24
2,39,30,-22,-3,25,-25,-6,18,29,9,33
13,18,14,-37,-20,25,-19,-13,1,17,9,8
-2,10,30,-28,34,31,-4,-4,6,24,17,20
-8,19,28,14,-12,21,-11,5,10,-1,28,5
-1,40,24,5,3,-6,-17,-3,-13,5,-13,2
3,8,10,9,0,24,5,-9,6,19,13,13
27,12,-1,-5,1,-14,9,13,-4,17,-4,6
-15,-1,33,6,10,-3,-9,13,-10,9,20,-9
-3,-7,19,0,8,-1,8,16,-8,2,8,8
-11,0,2,5,-24,-12,9,16,-31,3,1,-7
-11,-16,11,-9,4,-9,-12,5,-5,-11,8,-11
-4,-9,-8,30,20,-11,-13,17,15,-11,-25,0
6,-41,3,21,-10,-4,28,15,-10,-2,-17,-25
3,-38,-6,48,-8,-31,22,2,-22,-10,-16,-13
-14,-51,-32,40,28,-34,22,44,-1,-33,-41,-29
-9,-47,-12,48,5,-38,37,19,-8,-63,-38,-28
-17,-69,-50,62,-1,-55,32,34,-6,-43,-45,-33
-21,-82,-52,65,22,-61,48,41,-32,-55,-75,-53
-28,-89,-85,53,0,-97,48,61,-31,-88,-82,-74
-53,-93,-76,75,12,-81,59,40,-28,-84,-79,-54
-50,-146,-68,105,16,-100,67,50,-26,-69,-109,-90
-58,-161,-80,98,28,-109,80,54,-49,-101,-132,-103
-57,-145,-113,95,16,-120,66,34,-55,-95,-128,-118
-66,-171,-110,113,31,-122,89,78,-46,-116,-141,-106
-49,-145,-98,117,32,-139,93,80,-49,-130,-117,-116
-52,-171,-115,110,17,-156,66,66,-32,-148,-132,-104
-54,-150,-107,104,33,-111,78,59,-43,-110,-148,-117
-54,-136,-96,83,24,-110,58,48,-39,-90,-113,-96
-34,-100,-60,73,5,-62,65,30,-26,-82,-83,-82
2,-44,-45,34,-2,-32,37,4,-28,-65,-57,-23
22,-18,-3,13,17,1,15,6,-9,-5,-23,-29
6,39,39,-42,0,42,-23,-17,7,37,36,46
63,119,87,-99,-11,121,-61,-40,30,82,113,74
64,232,160,-139,-36,166,-123,-95,76,159,196,153
105,305,184,-218,-47,259,-158,-110,88,225,290,207
124,410,278,-281,-77,335,-243,-180,115,303,354,298
177,528,347,-365,-72,417,-277,-197,153,405,480,373
222,629,401,-413,-78,522,-355,-228,195,476,558,443
249,734,489,-484,-94,608,-400,-289,213,534,665,486
275,821,530,-539,-111,665,-428,-330,242,616,726,558
327,888,581,-620,-106,740,-487,-353,275,674,815,609
340,959,648,-656,-149,800,-530,-367,271,721,888,672
364,994,651,-685,-133,844,-558,-409,306,757,890,696
356,1035,674,-705,-133,871,-560,-401,293,755,947,726
355,1036,707,-706,-153,856,-573,-420,320,785,950,722
334,1024,657,-693,-157,834,-548,-391,295,774,923,703
330,945,630,-669,-136,789,-533,-364,281,720,864,664
308,880,590,-587,-149,730,-483,-350,248,641,777,616
272,762,519,-545,-113,651,-423,-312,219,606,701,514
233,687,442,-472,-100,580,-371,-242,219,510,597,493
209,566,392,-392,-77,499,-283,-218,188,416,517,403
159,463,272,-315,-73,394,-257,-181,155,341,412,315
123,337,238,-250,-50,283,-183,-140,92,261,304,251
80,245,152,-179,-13,213,-125,-85,71,198,198,169
42,127,90,-72,-46,118,-61,-58,65,97,137,98
6,44,28,-26,-2,29,-14,-23,12,28,32,31
4,-33,-22,11,-6,-26,24,23,-8,-37,-22,2
-56,-109,-62,75,18,-91,58,46,-23,-79,-76,-63
-27,-173,-106,113,35,-121,77,55,-39,-125,-139,-103
-72,-190,-115,145,35,-164,111,75,-57,-152,-171,-148
-92,-223,-145,157,28,-188,127,83,-79,-193,-206,-173
-92,-244,-164,179,43,-216,120,112,-71,-196,-239,-184
-111,-239,-170,189,52,-193,159,87,-78,-189,-210,-167
-98,-263,-156,178,33,-197,114,84,-78,-176,-211,-183
-72,-235,-159,173,45,-184,144,82,-56,-183,-232,-163
-54,-213,-125,147,48,-180,124,90,-78,-182,-210,-160
-77,-195,-119,142,29,-178,124,64,-67,-166,-189,-140
-59,-169,-130,103,17,-155,113,80,-37,-149,-162,-115
-68,-181,-100,87,25,-133,90,28,-44,-121,-149,-100
-36,-134,-80,72,44,-99,102,71,-32,-103,-112,-99
-35,-101,-82,63,26,-95,41,43,-14,-78,-68,-70
-30,-85,-52,55,11,-82,61,47,-38,-68,-78,-66
-43,-73,-30,60,20,-62,20,45,-15,-38,-51,-45
-39,-55,-40,65,11,-28,25,15,-21,-31,-50,-54
-2,-53,-25,21,24,-15,2,14,-22,6,-39,-8
-13,-33,7,42,22,-26,11,19,-14,15,-27,-8
10,3,12,30,-27,-4,16,-4,-9,-14,-9,-6
9,-12,-1,-6,-2,-14,-2,-8,-2,-14,5,14
-11,-3,22,-12,-8,12,6,1,-10,17,-17,-10
2,-3,-2,-4,-20,10,1,-11,7,12,9,14
-20,7,14,-17,15,10,-9,-13,-6,6,-11,-13
15,-10,-10,-24,13,15,15,-13,-1,15,2,9
8,39,15,-16,12,16,-3,-11,-1,-4,-11,33
-2,7,1,2,1,-2,-6,-6,23,-5,-5,-2
5,17,-3,0,-9,27,3,1,-4,10,9,19
-1,9,12,0,24,22,-23,-13,2,9,5,26
15,33,1,-19,-22,25,-14,0,13,0,29,26
8,23,10,-7,-1,2,-33,-37,7,36,30,1
-1,21,31,0,0,34,-1,-25,-1,15,15,-2
10,36,16,-15,8,14,-25,9,5,29,22,23
12,52,15,-43,11,36,-13,-18,18,25,59,37
25,44,25,-19,4,21,-28,-28,11,28,37,22
3,45,18,-56,-14,41,-34,-29,-21,47,41,59
31,61,30,-20,-28,58,-37,-25,3,45,49,38
24,49,33,-30,-27,59,-43,-32,28,38,29,40
22,62,24,-50,-17,35,-49,-39,17,32,51,17
26,67,30,-38,-35,42,-28,-10,-2,24,37,57
11,56,53,-53,0,46,-21,-30,16,46,53,35
31,50,33,-37,-15,57,-34,-26,21,83,65,75
10,73,77,-50,-6,40,-34,-34,25,54,65,41
46,69,66,-35,-24,57,-59,-24,21,47,53,64
39,88,47,-69,-17,73,-74,-23,38,61,55,45
34,86,53,-70,-1,50,-43,-24,20,60,89,74
58,96,66,-65,-6,86,-50,-20,13,78,98,68
20,108,64,-63,-13,89,-74,-18,47,68,96,75
63,100,60,-65,-7,107,-65,-32,55,91,87,80
17,110,59,-78,-12,120,-82,-55,53,87,107,75
32,130,71,-93,-16,94,-52,-45,14,59,102,98
59,129,71,-97,-10,110,-79,-51,19,95,88,83
62,121,94,-100,-17,107,-82,-66,18,105,132,92
38,130,87,-91,-13,117,-72,-83,47,95,111,113
56,146,86,-99,-2,115,-68,-73,38,105,141,90
47,142,103,-117,-31,148,-89,-85,29,109,138,110
66,166,140,-130,-18,154,-87,-73,52,143,159,120
80,184,128,-112,-26,138,-98,-67,45,128,161,133
58,193,122,-141,-9,155,-70,-82,58,137,154,126
71,210,119,-138,-31,167,-111,-78,50,127,172,128
69,218,143,-134,-28,174,-114,-62,50,149,186,133
73,201,153,-154,-19,177,-103,-72,68,170,181,154
71,202,165,-139,-9,198,-116,-62,61,181,196,183
90,232,172,-143,-57,218,-146,-103,74,185,190,156
60,242,161,-184,-24,217,-138,-90,82,170,225,178
84,246,167,-172,-30,232,-153,-84,76,193,228,155
84,251,148,-185,-49,218,-168,-104,100,197,222,163
98,279,167,-206,-44,231,-147,-107,92,194,244,200
108,291,167,-187,-58,233,-149,-95,95,204,236,204
81,308,189,-196,-52,242,-172,-104,87,205,279,187
108,292,193,-184,-37,253,-202,-126,100,221,254,206
100,305,203,-209,-40,222,-188,-111,77,237,266,214
124,318,203,-228,-51,253,-161,-93,93,223,273,207
114,324,222,-232,-51,286,-173,-123,101,224,317,237
111,321,208,-209,-70,274,-183,-133,104,246,303,228
106,343,213,-242,-54,278,-211,-126,103,255,300,233
111,338,238,-218,-63,277,-200,-141,97,226,310,216
115,348,218,-233,-56,330,-180,-173,96,262,310,256
138,366,236,-239,-74,312,-206,-144,102,282,344,255
119,363,246,-234,-99,313,-198,-122,114,302,348,252
125,394,261,-245,-84,320,-203,-145,125,283,331,269
133,366,252,-265,-73,323,-231,-158,121,265,356,264
135,385,239,-249,-51,339,-226,-187,105,288,350,279
125,385,261,-279,-65,329,-218,-152,131,317,363,294
126,399,247,-285,-61,360,-243,-165,116,292,349,286
141,394,247,-263,-48,332,-218,-148,128,283,372,306
147,420,264,-272,-60,337,-231,-161,116,309,365,271
145,409,276,-276,-51,328,-227,-164,108,318,390,285
129,395,272,-286,-75,335,-214,-185,139,318,364,273
171,415,265,-286,-65,349,-231,-185,148,315,361,298
161,412,282,-278,-39,345,-225,-158,126,295,363,324
148,415,284,-294,-61,352,-236,-178,135,293,377,295
141,408,272,-298,-75,355,-221,-152,149,322,386,301
123,410,284,-281,-55,345,-225,-163,124,316,381,310
141,420,277,-264,-61,352,-240,-189,126,295,375,305
147,429,276,-274,-46,343,-243,-159,138,307,370,296
126,398,274,-273,-92,342,-232,-181,123,309,382,276
138,390,286,-276,-48,331,-250,-164,115,294,360,297
153,421,243,-280,-57,348,-213,-167,137,299,386,302
143,387,253,-279,-66,315,-226,-153,100,291,344,288
132,394,249,-281,-61,346,-211,-149,115,306,367,280
162,368,268,-265,-42,322,-217,-155,145,302,335,261
157,383,254,-263,-69,333,-211,-159,115,303,344,276
147,388,224,-267,-42,321,-208,-151,123,282,328,263
126,388,251,-249,-35,309,-223,-177,120,280,335,267
140,375,247,-247,-70,309,-205,-140,108,277,352,245
135,363,257,-236,-48,309,-194,-161,107,284,331,249
127,355,235,-232,-40,297,-203,-122,112,256,323,258
123,333,225,-241,-45,290,-194,-129,128,247,312,236
130,348,220,-240,-39,270,-169,-122,84,243,311,254
101,324,211,-196,-48,287,-192,-137,96,252,303,219
104,330,216,-216,-36,278,-183,-145,94,252,290,233
106,312,211,-212,-53,261,-162,-128,81,237,280,217
97,314,154,-222,-47,254,-155,-116,70,210,280,197
99,304,210,-197,-56,235,-173,-127,76,225,247,215
71,291,183,-187,-61,210,-176,-112,93,208,270,209
86,274,201,-168,-48,226,-161,-103,86,217,256,186
118,259,188,-195,-46,203,-160,-107,83,191,227,179
89,263,180,-197,-61,199,-156,-109,62,187,237,179
101,263,170,-186,-41,227,-128,-92,86,198,219,178
104,244,124,-175,-51,182,-114,-93,88,170,225,152
97,229,161,-165,-16,172,-136,-88,42,152,215,159
93,205,143,-147,-33,201,-106,-85,68,167,205,129
55,205,127,-132,-26,189,-110,-82,67,184,172,167
73,203,153,-137,-21,161,-118,-100,52,163,178,141
51,187,109,-122,-29,192,-120,-92,50,117,177,134
54,160,96,-125,-18,150,-103,-102,54,141,163,124
75,193,104,-115,-27,138,-92,-76,43,134,155,148
54,156,87,-103,-34,139,-86,-67,56,104,165,114
71,128,103,-122,-30,148,-84,-74,28,124,142,85
43,155,77,-89,-36,121,-73,-45,39,112,139,119
51,154,110,-92,-25,120,-90,-60,64,112,127,94
36,117,82,-62,-27,107,-78,-76,34,95,135,92
61,125,81,-94,-41,116,-88,-64,39,102,109,81
40,112,83,-91,-27,92,-70,-30,36,82,116,85
39,111,70,-78,-2,73,-59,-44,41,95,80,72
29,100,74,-77,-5,104,-75,-37,39,55,90,76
40,68,48,-80,-11,68,-51,-44,24,86,84,90
42,87,56,-82,-32,79,-47,-29,26,63,86,69
55,74,47,-60,-8,63,-64,-40,29,72,73,42
31,91,49,-68,-20,68,-26,-53,21,64,53,57
42,71,46,-48,14,68,-26,5,34,29,66,50
33,53,55,-35,-22,77,-40,-17,33,63,47,29
10,72,41,-44,-12,43,-26,-16,32,42,55,62
20,44,43,-38,-20,26,-36,-15,13,13,48,28
3,80,39,-44,0,39,-35,14,4,15,51,52
-4,38,44,-7,-16,69,-34,-25,26,25,58,50
24,7,34,-37,19,31,-49,-23,17,17,45,45
14,33,23,-23,0,28,-9,2,24,18,30,49
11,21,55,-24,-5,14,-16,-17,-13,26,53,31
0,21,52,10,1,43,-15,-13,34,39,12,32
7,42,23,-36,-3,12,-20,-3,4,28,46,20
7,31,9,-26,-10,23,-24,-13,18,20,33,17
-11,7,-9,-14,-2,15,-12,-15,-4,11,18,5
1,39,8,-30,9,11,17,-1,14,6,27,16
7,-1,5,0,-17,16,0,-29,8,16,11,15
-6,30,4,-21,-16,12,-8,-5,23,13,18,-6
7,21,17,-14,-23,29,-5,-22,5,30,8,13
-9,3,9,-22,3,40,12,-43,-8,21,16,8
1,3,-6,3,-1,12,3,15,11,10,15,1
-6,10,2,-4,12,7,5,-8,14,0,-4,-6
4,11,1,-20,17,2,-7,-22,5,-4,18,-14
4,18,6,7,1,15,-5,3,24,2,10,13
0,9,-7,-2,-6,9,4,13,2,-10,6,25
28,28,-2,6,12,16,9,-35,32,10,19,3
-7,3,7,8,21,-9,-3,14,-14,5,1,-3
-2,-16,-9,16,-3,8,-12,-25,-6,-2,19,3
-1,14,8,5,-15,9,-25,-17,16,3,-6,-10
17,23,8,8,12,0,-5,27,7,2,3,14
3,-20,9,-2,6,5,-1,-1,-12,-9,-10,17
3,-14,14,14,1,9,22,-11,6,3,3,2
-10,-2,4,-23,28,-29,6,6,0,8,7,-9
27,18,-12,-3,13,-1,10,-13,9,13,7,27
-8,23,-3,18,1,-4,-2,-3,23,4,-10,30
1,-1,-18,-4,-5,-12,10,20,0,-1,-1,-17
2,8,12,0,12,-13,-17,-10,12,-6,-4,-8
-4,9,2,-5,1,15,-13,4,4,14,-21,9
8,15,6,-2,-16,1,18,15,8,-2,19,-18
8,-12,8,2,-4,-2,15,3,3,6,8,31
7,-6,0,11,11,1,16,-30,-11,8,-17,-3
-27,-8,-4,-1,-15,0,-16,14,11,7,-1,-7
-4,22,1,5,3,-13,9,4,-23,1,3,7
-16,23,-8,5,-12,-15,-4,-10,-9,-5,-1,-7
23,-4,-12,-6,8,-5,15,10,-2,4,-13,1
-4,-20,-3,-13,-8,7,-14,-4,9,-12,9,6
12,7,4,0,12,19,-1,11,1,-2,11,-17
-13,15,-11,11,7,-4,0,-6,-11,9,-7,-14
0,12,-2,17,11,0,-23,12,20,-14,16,14
-1,-9,31,-4,5,-8,-6,3,2,1,14,16
11,-3,2,-8,-4,2,31,10,-13,-11,18,10
-4,6,3,-9,-11,24,-8,-8,11,3,-6,13
2,7,8,-10,16,1,7,-1,17,-4,4,4
16,14,7,-14,-9,9,-7,18,-9,-13,1,6
12,-1,8,11,-1,-13,-17,1,-2,13,15,-9
-8,13,7,-1,10,-3,-9,-2,1,12,21,-2
30,5,26,-17,10,5,-26,-25,18,10,-1,-11
-1,1,6,-6,15,4,-5,7,3,5,2,-8
9,11,3,-14,5,8,5,-20,-15,27,2,-10
16,2,9,-6,-2,18,-1,-7,17,-16,-1,-4
4,4,17,-6,4,-22,-2,-12,-30,-10,7,-5
-25,39,24,-3,-9,15,16,-10,4,-10,13,10
-3,-1,23,-3,-25,-1,-5,-11,15,-4,28,14
5,18,-23,7,17,-10,-16,18,-15,-6,12,7
-22,-2,16,3,-3,13,-4,-19,18,9,24,10
16,32,-1,-2,-3,-16,10,6,18,15,-13,13
-19,4,13,4,8,-2,-5,-6,5,-4,13,12
-15,12,-7,4,3,10,14,-17,6,16,-2,-9
-3,16,20,2,-10,5,-5,-17,3,24,5,32
-3,-1,32,-10,3,-6,11,-26,-5,5,10,17
14,7,22,-6,9,16,-2,-17,0,-4,17,39
-23,15,5,-21,-1,16,5,0,-11,23,1,25
-11,26,7,-13,-9,9,-7,-11,13,10,4,16
24,4,-4,-17,-3,2,-12,-11,-7,7,6,6
-34,3,25,-32,-24,42,-29,-3,-6,25,15,15
17,-14,6,-22,2,6,-28,3,-25,20,4,29
-17,21,13,-16,11,18,-29,-8,0,36,3,3
28,18,22,6,9,-1,-37,0,-1,3,9,34
11,21,37,-5,-7,27,-1,-2,-1,38,20,-13
-14,21,18,-34,8,21,7,4,13,17,8,15
-1,32,9,-10,-3,-13,-20,-2,28,31,6,19
17,46,11,-51,-5,17,-37,-7,18,23,13,28
6,20,20,-24,-10,18,11,-8,23,11,19,24
10,29,44,-24,6,31,-27,-13,4,11,24,8
7,49,-6,-36,-15,31,1,-8,-2,32,49,28
10,15,51,-16,-4,18,-22,-19,9,37,28,10
24,31,7,-23,-30,36,-1,-25,14,30,35,45
-14,24,42,-10,16,39,-33,-22,1,31,51,37
21,47,31,-38,-18,41,-21,-28,25,24,44,19
18,49,36,-34,-19,17,-36,-21,26,22,42,8
29,67,38,-49,17,43,-28,-20,18,34,62,31
12,47,50,-49,-14,72,-22,-25,24,53,43,44
24,33,36,-15,-2,54,-24,-31,11,39,73,44
19,73,32,-60,19,52,-33,-40,12,43,55,51
28,80,41,-30,1,64,-41,-31,51,66,53,64
33,97,50,-66,-24,80,-31,-31,9,63,77,75
35,84,63,-60,17,74,-65,-18,9,64,86,43
23,114,42,-68,-20,88,-43,-58,17,64,69,52
17,100,86,-54,-12,78,-52,-50,40,89,96,63
38,92,72,-87,-42,113,-63,-53,23,78,112,61
47,138,97,-66,-4,105,-70,-39,51,106,83,61
54,124,90,-80,6,119,-69,-49,47,106,107,90
40,131,99,-95,-12,107,-82,-60,25,98,121,109
62,144,116,-107,-13,111,-81,-76,39,97,129,107
81,179,115,-96,-27,139,-71,-50,54,123,134,110
54,173,113,-106,-25,121,-87,-75,49,118,144,110
61,177,139,-124,-4,156,-94,-74,68,142,158,128
71,188,128,-134,-42,180,-125,-77,46,142,158,161
64,200,125,-155,-38,171,-120,-88,71,149,179,142
92,210,129,-153,-26,152,-112,-58,62,145,204,138
62,234,138,-140,-38,182,-113,-85,59,145,213,132
95,229,158,-152,-32,203,-99,-76,79,155,186,158
82,216,151,-154,-27,196,-136,-118,56,160,200,148
79,227,147,-190,-49,182,-139,-101,67,185,215,169
107,251,195,-173,-55,199,-134,-93,60,191,223,185
102,263,185,-188,-55,197,-136,-80,56,188,223,197
92,268,168,-181,-35,225,-119,-100,56,209,242,191
83,285,164,-184,-49,207,-159,-113,87,198,246,166
114,275,180,-172,-34,209,-153,-94,73,210,247,190
92,302,193,-186,-40,234,-131,-94,93,221,249,186
108,291,201,-195,-42,231,-142,-112,66,203,262,188
114,288,175,-190,-47,239,-174,-119,99,201,252,222
103,268,186,-194,-30,243,-180,-121,59,202,237,217
93,271,159,-165,-37,228,-171,-105,67,216,249,204
95,286,183,-186,-54,240,-166,-106,103,215,252,192
98,283,188,-188,-27,220,-166,-82,86,223,265,202
100,276,158,-201,-41,219,-156,-122,75,218,242,193
87,281,186,-217,-61,243,-158,-114,63,207,241,202
113,263,182,-181,-34,229,-143,-117,86,197,256,189
86,253,159,-161,-40,215,-154,-133,86,210,246,178
82,260,183,-174,-40,224,-125,-106,59,189,229,191
73,266,160,-158,-51,211,-139,-104,94,192,212,154
85,243,148,-196,-51,213,-124,-114,71,195,225,183
72,236,164,-145,-36,208,-125,-84,63,195,201,162
82,219,119,-136,-25,197,-125,-86,64,179,208,169
77,225,152,-144,-26,163,-112,-92,63,164,178,147
71,208,127,-162,-7,148,-134,-104,73,155,207,120
75,189,123,-137,-18,166,-134,-83,69,160,197,146
61,184,115,-129,-33,156,-115,-95,71,128,178,129
73,187,121,-121,-26,162,-103,-65,55,136,180,127
63,176,94,-106,-34,152,-69,-60,45,126,152,125
46,157,118,-100,-25,123,-87,-56,52,137,151,113
60,155,87,-112,-19,133,-89,-57,45,107,132,80
28,147,94,-97,-19,120,-69,-65,56,97,125,85
41,134,89,-84,-17,107,-76,-44,43,109,121,96
33,125,50,-54,-16,108,-61,-27,38,97,116,86
67,130,76,-72,-21,88,-53,-49,31,89,117,62
35,125,65,-74,-33,103,-80,-29,31,94,97,71
34,108,36,-76,-24,96,-69,-66,31,56,84,71
12,105,39,-60,-6,87,-34,-36,31,63,80,45
21,123,47,-65,-26,47,-53,-42,45,88,66,57
47,91,36,-53,-42,57,-49,-28,42,65,77,89
27,79,67,-70,-3,70,-20,-23,25,51,81,60
24,42,51,-53,-35,63,-40,-24,19,57,74,55
14,49,39,-45,-5,60,-21,-21,13,37,70,38
14,73,50,-36,-14,59,-36,-4,23,61,70,61
-1,44,29,-46,-17,35,-31,-35,3,50,33,47
2,36,22,-40,-20,38,-52,-15,6,35,64,50
11,34,31,-22,-6,38,-31,-26,13,55,58,21
21,12,12,-28,-6,40,-43,-10,28,27,40,37
-8,25,18,-30,-16,49,-11,-11,10,35,22,-2
27,52,26,-26,-35,28,-32,-23,-4,15,22,25
19,31,16,-42,-18,33,-1,11,5,10,18,20
30,25,-9,0,5,17,-36,-12,7,29,26,16
29,17,12,-24,1,9,-13,3,-15,22,8,14
4,16,39,-8,-10,-9,16,2,-13,24,8,17
4,0,34,-4,9,-6,29,-6,-3,-3,-23,1
-2,0,-10,11,-5,-9,-6,-7,-4,1,-6,0
-3,-29,3,-5,-14,-16,-30,7,-14,-22,-2,12
-15,-21,0,34,21,-31,2,-11,3,0,-13,-8
16,-56,-32,40,8,-30,22,27,-25,-12,-16,3
-10,-56,-28,46,9,-46,28,2,-31,-34,-59,-28
-35,-49,-40,42,6,-48,31,20,-28,-40,-69,-49
-41,-100,-45,45,6,-72,29,32,-37,-52,-92,-64
-35,-101,-68,52,27,-74,23,32,-19,-54,-93,-59
-40,-104,-64,63,5,-70,56,54,-29,-90,-75,-79
-59,-125,-74,74,41,-100,76,57,-65,-97,-119,-78
-33,-150,-88,98,40,-120,70,63,-38,-102,-108,-98
-63,-122,-80,88,17,-106,63,62,-28,-113,-132,-110
-42,-146,-102,74,2,-138,89,60,-20,-105,-129,-90
-34,-103,-78,105,7,-106,54,38,-38,-84,-117,-89
-42,-94,-57,59,11,-76,60,48,-46,-97,-97,-77
-15,-58,-59,46,12,-51,87,50,-14,-39,-77,-78
-17,-61,-13,30,-15,-24,27,-12,-9,-59,-23,-28
18,-12,7,-29,-7,17,-22,-13,-13,14,25,12
-9,81,44,-38,-16,69,-28,-20,32,69,80,34
55,139,87,-122,-43,155,-94,-76,53,109,131,103
105,238,158,-158,-61,208,-129,-70,72,190,208,157
134,323,212,-231,-46,275,-194,-116,111,234,306,216
164,434,271,-296,-91,367,-216,-160,134,310,394,299
181,536,339,-352,-74,449,-310,-201,146,390,481,376
206,651,419,-439,-108,534,-365,-256,194,477,588,443
269,723,469,-497,-99,616,-414,-301,226,537,677,527
310,829,518,-560,-112,708,-446,-340,259,630,763,575
320,917,610,-637,-129,759,-501,-389,278,693,825,663
345,988,658,-663,-141,801,-566,-411,293,731,892,702
364,1037,689,-706,-154,895,-566,-406,307,781,937,730
379,1076,700,-740,-163,887,-576,-420,314,782,957,725
367,1039,676,-712,-150,874,-575,-428,310,775,949,724
345,1024,666,-688,-160,838,-556,-406,273,780,923,709
326,985,659,-664,-130,796,-543,-390,309,748,861,668
312,902,577,-628,-137,752,-478,-363,288,678,821,625
293,791,529,-548,-117,661,-442,-317,250,592,751,577
249,700,474,-500,-99,584,-391,-275,206,551,633,506
209,597,389,-416,-95,487,-325,-236,178,455,533,422
173,474,306,-332,-94,397,-269,-203,133,366,442,339
122,371,230,-252,-40,313,-188,-155,105,270,351,247
83,261,169,-178,-1,233,-154,-105,67,199,228,175
34,126,94,-95,-3,131,-91,-52,48,98,122,96
29,60,43,-35,4,44,-39,-26,13,55,58,34
-12,-36,-7,9,15,-15,9,16,5,-2,-10,-20
-49,-88,-36,42,11,-72,41,44,-24,-68,-80,-73
-56,-121,-96,76,41,-122,94,47,-32,-115,-125,-65
-42,-190,-134,114,20,-140,105,73,-59,-128,-160,-111
-72,-172,-132,152,35,-180,106,87,-61,-153,-194,-155
-73,-225,-128,149,22,-203,140,76,-69,-169,-196,-155
-72,-221,-147,193,48,-191,133,94,-57,-203,-215,-159
-65,-248,-153,149,36,-195,123,103,-62,-171,-204,-167
-88,-232,-148,145,32,-191,121,113,-60,-163,-206,-154
-93,-194,-119,141,1,-178,108,73,-58,-166,-168,-151
-53,-176,-130,133,25,-148,89,64,-84,-120,-157,-131
-47,-142,-124,103,28,-144,95,58,-52,-115,-154,-121
-35,-142,-85,107,23,-112,83,69,-48,-118,-104,-96
-33,-125,-67,79,9,-99,31,18,-39,-72,-107,-76
-26,-91,-43,41,-12,-60,65,52,-15,-76,-62,-46
7,-81,-47,43,9,-82,35,34,-3,-49,-61,-53
-10,-33,-29,32,27,-62,8,24,-15,-44,-53,-38
-8,-33,-30,17,-4,-51,10,24,-7,-9,-36,-18
10,-20,-7,7,0,-33,-15,4,9,-14,-12,-23
-4,11,0,1,15,-7,-6,37,24,-2,-23,-11
13,-13,1,-5,20,0,-4,-1,3,-11,3,24
19,2,9,-5,8,8,-5,3,6,23,-11,-4
0,18,11,13,9,16,0,-1,-4,22,26,0
26,18,15,-37,14,6,-20,0,-1,51,27,-4
11,25,22,-24,18,0,-2,11,-13,42,28,17
5,19,29,-8,2,22,-26,3,10,37,22,18
10,25,21,-28,-16,13,-17,0,-19,20,25,5
0,27,43,-18,8,22,7,-20,0,22,24,6
-7,25,21,-10,-13,26,3,5,24,23,28,29
18,42,54,-23,-7,30,-12,-1,8,20,8,21
17,30,9,-24,-28,10,-41,-11,34,12,20,34
-6,41,26,-33,-21,43,-28,-18,-6,11,20,43
22,49,14,-34,-17,24,-29,-1,5,35,36,17
15,32,30,-29,7,51,-23,1,-2,48,35,38
41,61,24,-36,-5,44,-32,-39,12,64,45,15
21,54,22,-35,-12,36,-46,-10,11,49,37,37
39,26,26,-53,-21,66,-17,-22,32,74,81,30
17,67,30,-51,-26,47,-48,-18,28,45,35,42
14,70,50,-31,-3,61,-32,-12,18,42,61,34
42,66,53,-44,-18,48,-23,-21,41,53,66,31
49,69,57,-57,0,43,-36,-39,24,56,78,40
33,72,46,-65,-15,65,-49,-14,3,53,60,67
34,80,58,-44,-1,90,-46,-26,1,64,73,40
48,79,50,-47,-17,54,-41,-30,31,67,71,62
26,84,67,-47,-17,86,-72,-23,54,56,91,72
32,98,57,-58,-7,73,-60,-23,32,72,76,61
34,120,75,-98,-35,111,-82,-14,21,69,106,66
42,120,75,-65,-21,108,-71,-34,18,82,119,61
49,104,65,-52,-15,95,-73,-51,37,91,103,82
47,125,60,-77,9,100,-90,-31,31,103,104,94
54,133,88,-82,-3,117,-57,-41,45,89,116,85
42,130,88,-111,-24,85,-88,-64,50,100,121,79
44,139,73,-95,-35,101,-63,-69,23,103,103,122
55,166,85,-84,-17,109,-76,-66,47,126,125,107
72,168,122,-96,-49,131,-98,-78,44,113,110,106
52,154,93,-109,-28,134,-100,-73,41,114,147,125
61,176,93,-114,-49,132,-99,-80,78,148,144,124
65,189,126,-107,-35,153,-98,-82,69,102,171,126
54,196,115,-127,-18,142,-82,-65,69,134,174,145
63,198,135,-133,-39,143,-121,-55,60,183,176,147
60,207,151,-120,-22,163,-121,-71,54,141,175,156
73,192,121,-149,-10,152,-124,-76,68,161,191,168
77,233,133,-170,-35,188,-128,-81,75,163,199,178
67,233,165,-157,-39,182,-129,-90,66,175,202,169
88,248,159,-168,-27,198,-162,-86,79,205,230,181
95,274,161,-159,-53,226,-129,-143,82,187,220,201
116,265,169,-174,-58,214,-123,-99,54,197,231,187
81,272,181,-167,-32,232,-156,-101,77,199,257,185
88,289,196,-202,-28,223,-172,-96,83,202,242,183
119,308,190,-198,-31,240,-161,-125,97,231,252,201
106,297,191,-202,-37,261,-162,-126,81,234,270,200
125,304,196,-203,-45,253,-174,-126,94,243,255,193
122,309,184,-202,-32,260,-181,-122,86,238,298,230
124,339,224,-203,-63,280,-204,-111,111,249,281,215
131,333,222,-235,-51,283,-187,-159,95,227,298,229
121,328,225,-233,-58,278,-194,-154,94,263,312,245
132,350,244,-257,-32,304,-204,-136,98,268,311,250
104,345,248,-249,-60,297,-230,-151,95,273,335,259
128,357,214,-227,-60,300,-198,-139,106,263,322,263
116,395,226,-272,-58,330,-188,-173,94,265,342,260
137,364,251,-271,-58,310,-220,-145,108,295,334,286
151,379,252,-254,-40,334,-244,-153,106,276,340,277
125,380,262,-277,-78,318,-210,-150,132,295,381,283
160,386,258,-270,-78,317,-230,-168,125,294,359,304
141,388,268,-273,-58,340,-220,-146,120,313,334,283
143,416,266,-269,-70,335,-205,-184,140,300,367,289
129,409,276,-252,-40,358,-205,-170,130,303,368,291
149,424,271,-294,-53,330,-247,-179,112,320,376,302
135,394,299,-266,-63,359,-222,-168,106,311,380,273
143,414,276,-281,-68,364,-235,-193,148,314,406,289
145,429,258,-280,-67,349,-236,-197,132,313,370,286
136,446,272,-309,-61,352,-222,-168,120,342,384,316
138,420,274,-305,-81,327,-253,-175,96,315,377,273
172,430,259,-285,-67,343,-229,-173,127,325,375,288
133,430,266,-277,-67,354,-254,-171,95,329,364,294
148,430,270,-293,-58,348,-226,-161,136,303,362,297
150,427,296,-294,-51,353,-258,-187,132,293,373,282
172,419,270,-292,-40,353,-220,-155,127,329,367,300
155,421,253,-285,-79,352,-227,-170,148,325,366,290
127,420,278,-288,-62,345,-207,-169,125,298,376,282
