I,II,III,aVR,aVL,aVF,V1,V2,V3,V4,V5,V6
355,1030,684,-703,-135,833,-583,-383,313,769,941,736
355,1027,652,-716,-174,868,-555,-399,304,776,912,698
348,980,648,-674,-161,834,-516,-407,302,729,892,695
330,928,613,-634,-145,800,-528,-388,289,701,842,663
299,881,554,-582,-142,744,-477,-347,239,652,785,598
263,779,498,-551,-112,640,-435,-311,213,586,710,515
241,683,419,-460,-88,547,-364,-267,187,516,611,459
197,589,395,-377,-115,465,-308,-228,170,438,509,421
185,492,321,-325,-77,401,-262,-210,122,349,425,338
114,350,234,-267,-59,298,-198,-136,83,282,314,268
96,265,184,-187,-22,204,-141,-122,81,207,208,168
67,154,94,-104,-23,147,-62,-80,35,116,133,108
36,62,44,-47,-16,33,-6,-48,3,43,50,42
-10,-39,0,24,-15,-28,4,26,2,-26,-11,-13
-49,-99,-58,52,30,-68,49,42,-32,-60,-80,-63
-50,-173,-97,114,36,-155,102,91,-62,-121,-148,-124
-82,-214,-129,147,44,-193,112,76,-74,-149,-208,-140
-100,-238,-180,182,23,-221,127,114,-68,-208,-222,-173
-129,-298,-176,209,42,-235,154,112,-97,-222,-254,-200
-123,-321,-223,224,64,-253,156,146,-97,-253,-281,-224
-118,-328,-208,230,44,-264,199,153,-89,-244,-290,-239
-126,-345,-218,226,38,-290,175,127,-113,-250,-293,-226
-107,-346,-224,209,66,-264,169,132,-116,-254,-327,-266
-135,-315,-194,198,69,-279,178,140,-96,-244,-286,-220
-131,-264,-177,193,26,-267,179,133,-98,-246,-291,-238
-90,-293,-187,181,60,-235,176,129,-110,-231,-236,-178
-105,-264,-195,171,48,-225,158,106,-80,-190,-252,-171
-93,-264,-164,180,49,-193,145,101,-68,-181,-235,-192
-59,-228,-130,160,27,-194,129,97,-56,-170,-195,-175
-64,-198,-136,150,31,-160,117,72,-67,-167,-205,-159
-71,-190,-123,112,11,-170,121,99,-59,-136,-170,-134
-72,-164,-103,109,31,-123,87,54,-37,-145,-159,-102
-50,-143,-101,110,24,-123,69,46,-47,-100,-129,-106
-49,-124,-92,105,8,-104,75,68,-44,-101,-104,-81
-52,-140,-89,79,10,-100,55,38,-42,-77,-78,-72
-57,-102,-57,74,28,-82,34,23,-15,-70,-88,-79
-47,-79,-37,61,-7,-90,65,36,-33,-70,-82,-54
-39,-81,-42,51,19,-92,59,32,-5,-44,-84,-63
-29,-67,-60,66,33,-58,39,21,-18,-41,-67,-88
-29,-53,-37,54,-1,-54,41,34,-26,-82,-72,-47
-21,-85,-58,55,13,-59,40,21,-19,-72,-84,-31
-14,-67,-47,31,21,-55,15,27,-27,-31,-66,-32
-15,-67,-53,50,16,-67,39,38,-7,-50,-69,-45
-47,-91,-40,43,26,-67,16,22,-4,-42,-64,-32
-36,-57,-53,28,2,-49,38,31,-6,-44,-32,-36
2,-59,-36,50,26,-41,37,23,-40,-51,-40,-35
-22,-52,-48,32,15,-44,56,10,-30,-45,-55,-32
-26,-48,-29,39,45,-27,38,15,-23,-56,-60,-46
-27,-74,-51,27,14,-46,15,31,-23,-43,-48,-28
-30,-53,-37,38,5,-38,10,21,11,-29,-36,-37
-6,-35,-39,34,1,-47,25,28,-1,-26,-49,-41
-16,-71,-40,43,18,-36,33,29,-30,-26,-57,-24
-37,-49,-12,37,-3,-39,17,25,-10,-25,-39,-45
-36,-30,-33,39,14,-40,31,14,-17,-59,-51,-19
-10,-47,-24,20,-17,-36,34,28,-22,-19,-21,-14
-25,-39,-10,20,24,-29,20,6,-10,-38,-54,-37
-3,-57,-29,20,12,-19,11,22,-6,-28,-48,-28
-23,-52,-20,26,20,-33,7,10,-7,-1,-42,-13
-2,-41,-36,18,-5,-51,28,16,-5,-19,-48,-26
-18,-28,-35,31,6,-51,60,3,-3,-12,-30,-25
-5,-57,-21,14,6,-41,7,0,-3,-11,-4,-9
-9,2,1,24,-13,-13,7,3,-21,-17,-36,4
-10,-14,5,20,-22,-33,22,3,5,-1,-9,-13
5,-3,-17,15,8,2,-7,8,-5,-2,-17,-13
13,-19,-25,7,3,-6,7,2,-1,-18,-17,-28
23,-31,-8,15,19,-8,-5,8,0,-5,-19,-16
-20,8,-9,2,-19,-2,33,3,13,-16,-13,-2
25,11,-12,13,7,-7,-3,15,-8,9,-27,3
-1,12,15,-20,20,0,-4,-9,6,-1,8,6
-4,6,-12,-9,-9,0,-20,-2,11,-4,-8,-1
-2,6,-9,-25,-10,-6,-1,-17,14,-3,13,-9
6,10,7,-19,7,11,-12,-3,-13,-8,29,10
11,34,4,-19,18,16,-26,7,13,13,18,4
-11,34,4,-42,-13,33,-21,-19,4,19,16,16
35,38,22,-17,-9,19,-1,-14,-3,12,21,26
11,28,33,-22,-18,20,-32,-9,11,34,22,30
9,61,38,-36,-25,31,-27,6,11,24,27,27
41,42,39,-60,-19,50,-25,-46,11,46,49,38
16,61,33,-24,4,30,-28,-16,30,41,50,31
38,47,40,-36,-14,53,-44,-34,24,52,55,19
19,84,59,-36,-1,57,-49,-21,23,65,61,43
28,82,56,-56,-11,50,-30,-31,32,49,66,58
58,69,74,-61,-10,70,-46,-35,10,75,62,54
20,105,71,-61,11,69,-48,-33,45,55,82,55
31,105,61,-56,4,80,-55,-47,42,74,73,59
24,110,67,-65,-26,96,-53,-33,19,73,92,60
38,127,56,-68,-14,97,-86,-43,52,93,107,79
51,129,71,-95,-22,98,-63,-70,34,93,91,85
42,131,73,-102,-29,122,-53,-28,31,89,119,108
38,153,111,-97,-38,106,-68,-46,28,116,123,95
67,140,103,-90,-26,124,-99,-68,23,109,138,105
38,158,87,-100,-37,135,-99,-63,38,135,141,84
53,157,114,-111,-39,130,-104,-64,36,120,151,133
51,178,102,-110,-36,143,-101,-71,66,131,146,146
65,178,117,-120,-29,148,-71,-60,51,152,182,126
73,200,128,-145,-21,179,-119,-77,53,155,177,143
72,204,138,-135,-40,169,-115,-61,62,153,173,148
73,192,135,-155,-36,172,-126,-108,66,150,180,140
68,213,149,-116,-50,153,-106,-91,55,166,169,148
96,230,151,-137,-31,181,-115,-94,76,151,209,177
77,226,169,-183,-35,224,-123,-84,75,165,212,143
92,243,160,-183,-38,213,-152,-94,81,167,223,179
79,261,174,-183,-46,226,-115,-105,88,191,231,193
60,249,159,-178,-27,228,-140,-119,63,201,225,190
75,259,208,-190,-53,234,-144,-104,81,206,215,183
88,296,208,-182,-35,211,-134,-107,83,205,243,224
103,285,196,-220,-47,226,-161,-104,77,216,266,191
135,275,199,-190,-9,272,-156,-134,106,235,245,212
88,295,212,-217,-26,230,-164,-122,99,250,279,194
123,295,205,-190,-62,273,-167,-130,86,231,293,221
95,321,202,-212,-42,283,-182,-110,118,247,281,242
103,329,210,-216,-54,264,-209,-130,83,240,300,214
102,319,186,-220,-80,303,-169,-140,106,246,276,216
140,344,227,-239,-63,296,-194,-125,102,279,313,224
110,335,240,-217,-44,265,-185,-154,96,254,313,224
139,332,225,-248,-43,291,-174,-124,127,257,325,252
138,368,226,-244,-24,299,-172,-146,109,233,319,257
153,364,208,-258,-53,307,-198,-134,106,260,332,246
116,376,240,-220,-44,297,-201,-140,122,269,324,245
129,365,220,-240,-42,301,-197,-130,103,270,338,251
147,367,226,-235,-45,298,-196,-162,110,262,351,244
129,374,244,-252,-61,327,-208,-153,106,287,322,260
132,364,236,-273,-72,333,-226,-168,107,274,340,256
151,392,231,-240,-58,295,-206,-154,119,283,323,257
130,364,239,-267,-57,313,-213,-153,116,293,335,266
148,370,264,-294,-56,335,-221,-161,126,265,352,240
119,384,244,-256,-48,319,-187,-141,111,298,331,263
128,367,234,-244,-43,330,-194,-169,84,291,339,281
122,373,251,-271,-55,309,-190,-132,92,274,345,257
144,370,226,-254,-58,316,-208,-147,120,297,343,273
152,377,278,-255,-63,304,-193,-138,119,279,338,246
141,392,240,-231,-44,329,-200,-160,111,281,331,251
129,381,225,-253,-55,299,-202,-152,108,264,345,252
127,339,257,-246,-63,321,-190,-152,100,262,341,267
130,372,228,-255,-49,291,-197,-141,117,260,333,256
114,351,235,-247,-50,306,-211,-155,126,261,299,245
122,375,249,-246,-48,306,-188,-137,113,263,336,239
105,336,214,-213,-27,277,-186,-157,106,272,342,261
118,338,234,-256,-57,303,-200,-141,114,268,312,240
137,329,200,-227,-72,259,-171,-130,101,247,321,221
137,332,236,-231,-65,290,-178,-132,102,238,312,222
123,321,231,-237,-50,251,-188,-139,99,237,299,229
110,342,193,-219,-57,275,-180,-135,118,246,277,219
94,301,200,-200,-34,272,-178,-109,90,225,272,235
125,300,194,-236,-51,249,-158,-113,94,233,267,218
84,300,210,-223,-58,248,-196,-121,86,189,263,207
75,267,205,-197,-26,228,-164,-114,76,240,260,218
95,284,186,-226,-29,224,-159,-106,79,194,259,190
85,259,168,-182,-42,232,-150,-73,75,215,251,207
114,266,170,-194,-43,212,-128,-115,75,210,247,181
69,263,161,-175,-33,226,-135,-115,101,175,221,186
106,247,165,-158,-41,213,-142,-103,69,190,243,195
85,236,147,-152,-32,210,-133,-91,70,167,223,167
55,218,149,-158,-35,206,-124,-100,48,175,195,147
67,234,129,-141,-30,182,-126,-86,59,170,171,174
71,205,123,-149,-37,163,-131,-69,46,148,194,138
80,211,132,-142,-38,183,-110,-69,59,156,166,130
66,210,132,-130,-17,153,-102,-79,62,143,174,118
66,191,127,-110,-55,167,-102,-50,36,139,149,136
64,180,125,-115,-46,145,-109,-83,37,130,163,116
52,165,126,-114,-25,143,-122,-75,49,127,147,129
55,155,90,-119,-45,137,-93,-45,35,119,144,112
61,147,108,-94,-29,115,-80,-51,46,101,131,113
61,141,101,-99,-35,98,-89,-53,29,106,113,121
38,139,75,-62,-4,111,-80,-49,34,114,95,96
51,118,87,-116,-17,103,-34,-61,57,106,93,92
29,116,68,-55,-16,70,-83,-53,54,74,107,96
41,116,46,-71,-15,89,-44,-56,36,70,97,78
47,114,46,-64,-13,62,-53,-40,26,65,90,65
29,103,53,-60,-25,86,-46,-46,-1,45,90,72
24,69,58,-34,12,49,-59,-17,11,56,72,50
52,66,52,-39,1,74,-28,-17,8,65,71,41
16,50,61,-56,-25,70,-28,-25,18,49,67,55
23,56,65,-43,3,35,-24,-30,5,58,56,41
5,73,46,-29,5,43,-16,-28,2,36,48,16
24,62,44,-18,-13,53,-27,-7,25,29,33,16
12,16,27,-4,-13,32,-30,0,-16,20,30,29
4,41,40,-27,4,13,-2,-26,4,33,25,5
12,46,19,-8,2,39,-10,-8,-2,11,20,13
20,16,-7,-1,-1,9,0,-3,14,18,38,20
6,12,25,-26,-7,28,0,-2,4,-4,23,12
-16,-2,-6,14,-2,4,-18,-12,-17,20,-4,-10
11,-18,6,-11,-13,6,11,-6,9,7,-3,5
-6,10,5,24,-18,-32,11,1,29,10,1,15
-9,-19,4,1,-2,-11,4,7,-17,9,36,1
-36,-20,-23,11,13,-18,0,11,12,8,-37,-16
-6,-3,-32,31,-11,-26,28,10,-16,-13,-18,-20
3,-21,3,11,-3,-29,34,42,-26,-28,-3,-4
-1,-32,-11,-13,12,-20,30,25,2,-7,-8,-4
-9,-43,7,28,-23,-15,20,16,10,-18,-19,-14
-32,-26,-45,9,16,-25,12,4,-10,-18,-17,-8
-15,-19,-10,29,-11,-28,10,4,-8,-42,-23,-32
-14,-30,-44,41,18,-38,32,29,-25,-24,-43,-25
-7,-46,-29,16,-4,-36,24,38,-20,-34,-36,-32
-21,-39,-44,34,4,-30,39,23,-10,-45,-37,-36
-13,-53,-41,26,30,-53,19,2,-7,-40,-23,-18
-2,-48,-39,32,-2,-62,29,33,-16,-9,-58,-41
-18,-50,-51,49,4,-39,20,34,-30,-44,-40,-43
-13,-47,-44,40,0,-67,-2,-2,-16,-17,-49,-45
-8,-50,-36,23,17,-44,-4,26,-12,-34,-50,-41
-17,-41,-20,24,7,-37,53,19,-36,-37,-53,-38
-4,-47,-39,21,4,-66,25,14,-7,-38,-62,-49
-35,-60,-27,42,22,-33,34,21,-9,-41,-63,-56
-24,-55,-33,31,-7,-38,25,8,-5,-54,-68,-40
-44,-60,-42,18,13,-45,47,28,-27,-36,-71,-59
-14,-62,-44,64,-13,-34,37,2,-25,-46,-49,-24
-15,-78,-38,36,8,-38,44,16,-38,-50,-43,-47
-31,-71,-39,38,9,-37,37,32,-23,-50,-50,-18
-23,-71,-51,59,4,-57,28,32,-6,-49,-46,-41
-11,-67,-34,56,32,-53,48,49,-28,-46,-74,-33
-24,-61,-47,27,15,-50,26,22,-37,-51,-45,-48
-30,-67,-61,50,-5,-58,27,25,-27,-60,-38,-41
-29,-63,-41,55,13,-60,32,38,-6,-66,-40,-69
-35,-60,-52,40,8,-56,20,29,-25,-33,-60,-44
-56,-85,-62,38,13,-32,43,47,-21,-41,-74,-53
-29,-68,-32,43,8,-41,33,27,-8,-48,-55,-34
-9,-41,-30,55,1,-60,25,27,-18,-59,-54,-70
-33,-65,-32,29,21,-54,26,38,-17,-61,-56,-45
-4,-80,-34,57,8,-48,39,40,-14,-49,-75,-37
11,-79,-44,28,33,-68,40,42,-21,-46,-73,-58
-26,-68,-25,42,-14,-41,39,28,-11,-11,-38,-52
-7,-73,-49,49,6,-72,30,51,-32,-31,-41,-27
-24,-63,-56,36,2,-44,49,28,-42,-59,-64,-57
-31,-58,-31,34,18,-66,33,27,-21,-50,-63,-33
-3,-64,-41,37,8,-40,38,22,-19,-45,-67,-23
-16,-80,-22,42,4,-64,25,7,-18,-49,-45,-51
-29,-52,-24,34,12,-58,39,44,-39,-42,-66,-30
-25,-47,-38,55,40,-56,45,30,-24,-46,-50,-43
-25,-50,-22,53,8,-41,28,25,-23,-38,-45,-62
-12,-60,-43,34,3,-43,18,44,-18,-45,-59,-43
-27,-33,-32,25,16,-59,52,29,-14,-60,-71,-48
-13,-52,-54,46,17,-43,30,18,-44,-53,-45,-28
-26,-84,-47,26,-1,-40,30,10,-4,-33,-39,-32
-21,-75,-21,13,2,-47,24,-5,-6,-43,-37,-34
9,-60,-61,41,21,-47,31,32,-4,-28,-20,-47
-16,-65,-22,46,-14,-42,4,19,-25,-64,-76,-37
-29,-43,-48,27,17,-33,40,23,-23,-41,-44,-54
-5,-61,-28,55,12,-36,34,19,-11,-38,-60,-41
-19,-52,-27,47,6,-52,51,36,-12,-41,-42,-49
-37,-37,-32,40,16,-58,22,21,-21,-36,-51,-35
-24,-56,-67,33,-4,-35,29,36,-13,-8,-61,-52
-27,-65,-49,49,22,-35,20,27,-5,-46,-57,-54
-49,-51,-54,29,8,-53,27,6,-28,-56,-47,-35
-9,-54,-49,28,9,-44,45,21,-44,-28,-36,-55
-29,-39,-38,49,6,-22,10,32,-13,-52,-58,-41
-19,-56,-14,26,19,-50,28,22,-39,-33,-42,-36
13,-51,-11,34,5,-43,30,28,-21,-34,-45,-41
-38,-63,-35,8,-16,-37,5,15,-14,-21,-41,-31
-36,-59,-29,56,11,-38,43,26,-24,-41,-38,-34
-16,-42,-35,44,2,-32,42,28,-18,-20,-67,-30
-16,-51,-21,28,7,-19,33,27,-17,-20,-70,-61
-26,-58,-41,42,6,-26,33,11,-25,-39,-22,-23
-17,-52,-29,20,13,-54,29,18,-11,-47,-36,-50
-21,-44,-32,35,-13,-58,32,27,-13,-31,-31,-20
1,-48,-20,38,14,-35,28,-16,-16,-26,-33,-30
-14,-60,-42,57,-12,-49,12,18,-15,-41,-50,-33
-11,-46,-23,29,12,-60,15,41,-26,-20,-46,-27
-17,-42,-39,51,-8,-51,41,-8,-23,-25,-46,-30
-21,-33,-10,58,-8,-27,2,25,2,-54,-34,-48
12,-51,-35,41,19,-48,24,11,0,-26,-53,-20
-12,-40,-26,34,27,-33,34,15,-25,-41,-38,-45
-26,-44,-38,31,6,-59,34,42,-27,-42,-51,-29
-13,-37,-36,13,-5,-29,35,32,-17,-40,-28,-50
-8,-47,-43,14,3,-40,28,2,-2,-49,-25,-26
-21,-40,-29,40,17,-39,9,21,-10,-2,-47,-20
6,-54,-4,27,-5,-62,27,42,-34,-50,-29,-20
-29,-67,-18,47,-5,-29,7,7,-22,-68,-32,-5
-26,-48,-49,20,35,-26,56,17,-24,-31,-35,-40
-4,-30,-49,4,17,-21,52,45,-39,-29,-46,-14
-28,-40,-29,49,21,-41,13,3,-13,-22,-38,-30
-18,-53,-37,26,2,-48,35,22,-7,-19,-38,-24
-31,-34,-26,27,18,-52,16,29,-18,-27,-43,-33
-27,-46,-45,22,-10,-44,37,19,-29,-25,-42,-39
-7,-52,-8,28,16,-35,13,4,-25,-31,-40,-37
-11,-50,-33,29,12,-40,24,15,6,-30,-33,-29
-22,-62,-51,42,-18,-14,35,32,-26,-25,-41,-27
-9,-37,-22,34,-8,-34,31,30,2,-40,-20,-49
-26,-54,-30,20,9,-30,10,20,-14,-44,-43,-31
-4,-41,-44,10,14,-26,25,-4,-5,-42,-32,-35
-15,-29,-27,25,4,-41,32,16,-11,-51,-33,-17
2,-40,-37,19,6,-40,36,27,-23,-29,-57,-10
-11,-40,-38,6,0,-43,35,9,-1,-31,-40,-39
-30,-40,-31,26,14,-41,12,33,-15,-16,-38,-48
-32,-34,-36,16,-3,-45,21,21,-13,-29,-22,-11
-28,-50,-12,51,-4,-25,23,1,-17,-22,-58,-25
-21,-38,-24,32,-9,-23,13,22,1,-38,-41,-34
-34,-50,-45,35,21,-39,31,2,10,-22,-25,-18
9,-56,-23,38,13,-43,52,8,-29,-32,-41,-36
1,-47,-35,28,-8,-28,5,47,-5,-15,-45,-30
2,-47,-42,23,22,-41,18,41,-23,-29,-11,-13
-9,-47,-19,43,13,-44,21,3,-10,-22,-31,-38
-19,-38,-30,39,-7,-23,28,9,-32,-46,-56,-30
-39,-36,-40,41,14,-58,16,21,-4,-33,-47,-37
-30,-37,-43,41,-14,-40,38,-7,-12,-22,-55,-36
-7,-45,-24,31,18,-11,16,-1,-21,-33,-48,-31
-23,-36,-38,39,10,-22,28,3,6,-42,-23,-6
-24,-29,-16,31,25,-26,25,21,-15,-32,-22,-19
-7,-36,0,16,9,-31,34,4,-18,-12,-49,-30
-4,-40,-1,12,7,-20,34,20,-13,-19,-45,-36
-28,-33,-40,8,9,-41,24,-5,-4,-37,-26,-35
-1,-27,-19,28,18,-30,-3,24,-27,-38,-48,-20
-3,-30,-20,54,13,-14,3,11,-1,-22,-35,-19
-18,-41,-23,38,-6,-43,23,17,-10,-43,-25,-21
-13,-28,-38,31,1,-10,27,15,1,-17,-51,-22
-15,-48,0,8,9,-16,1,29,24,-26,-46,-27
-3,-41,-16,23,15,-36,9,-9,-5,-7,-29,-19
-18,-14,-32,18,-1,-33,22,14,-4,-22,-26,-20
-23,-29,-7,35,2,-32,12,12,-20,11,-8,-15
-8,-37,-15,35,12,-7,27,18,-2,-16,-15,-40
-15,-31,-21,38,-3,-13,12,18,-16,-51,-16,-23
9,-6,-18,1,-6,-29,6,16,1,-17,-10,-27
-10,-29,-11,22,6,-37,33,24,-13,-17,-25,-2
-6,-28,5,-9,1,-32,10,13,-14,1,-19,6
-29,-9,5,3,4,-13,7,8,-2,-9,-5,-2
-11,-19,-15,16,1,-25,17,31,-6,-13,-16,-3
-8,-16,-18,21,3,-11,-6,-8,-10,-4,-3,-9
22,-1,4,-18,-2,-13,-11,34,-12,-9,-25,1
-13,-21,-20,-2,-7,3,5,14,-2,13,-17,8
6,1,-9,-2,-15,-16,-25,31,-1,-9,-8,-3
-29,14,-2,13,-2,2,-9,6,16,-3,-15,-11
3,9,11,-14,3,6,0,-1,-13,24,16,5
-1,2,16,3,-11,7,5,-20,0,-8,2,8
0,24,33,12,7,0,-17,-24,-15,-6,27,16
16,23,19,3,16,18,4,-34,-14,31,39,14
30,30,32,8,-9,41,-9,-14,5,17,1,-10
12,51,17,1,5,22,-8,-16,-5,26,22,26
0,33,-1,-24,-11,45,-28,-8,12,22,36,25
4,37,28,-26,10,43,-20,-19,7,20,44,31
1,54,21,-15,-6,19,-25,-27,28,12,69,-2
17,57,50,-43,2,63,-24,-18,13,45,58,42
12,43,57,-51,-15,58,-28,-3,32,52,43,54
24,77,42,-56,-15,61,-17,-60,19,60,69,61
18,79,68,-54,4,49,-47,-38,32,58,69,41
32,87,68,-60,-14,88,-31,-19,36,74,73,44
28,90,65,-62,-14,62,-40,-25,48,66,73,42
9,97,82,-60,-4,74,-53,-37,15,82,98,75
16,120,73,-86,-17,75,-56,-37,41,70,100,64
42,117,77,-42,-15,88,-58,-58,27,93,104,96
39,115,83,-69,-5,113,-83,-31,44,109,102,103
56,126,88,-96,-34,112,-62,-63,42,99,144,93
46,154,95,-96,-22,135,-75,-48,63,108,153,100
36,161,108,-116,-35,147,-87,-78,62,138,159,102
63,152,71,-118,-31,147,-90,-65,48,116,141,113
68,163,114,-120,-29,131,-77,-56,50,140,152,117
65,185,125,-142,-29,149,-102,-75,62,147,182,135
84,201,128,-136,-11,155,-111,-85,74,132,157,130
66,223,117,-139,-31,167,-125,-96,58,127,190,137
50,197,140,-123,-21,165,-104,-70,28,163,176,151
72,242,157,-162,-31,200,-121,-105,81,181,198,151
62,212,143,-151,-3,162,-130,-78,55,152,205,167
63,229,153,-164,-24,192,-123,-103,91,197,191,161
91,232,151,-172,-28,203,-129,-104,73,176,247,175
79,258,145,-169,-37,211,-146,-99,69,182,225,183
99,270,172,-165,-66,212,-139,-116,62,190,218,171
89,269,163,-172,-33,224,-129,-112,68,179,250,177
102,275,178,-171,-48,198,-128,-104,92,199,228,186
94,268,183,-201,-39,206,-149,-115,100,200,243,178
79,259,175,-189,-46,227,-133,-101,83,178,216,172
75,273,181,-186,-39,213,-153,-109,65,211,231,195
106,274,159,-185,-32,201,-144,-107,82,206,238,187
95,302,180,-178,-47,224,-150,-112,81,204,260,182
87,261,186,-171,-39,224,-149,-130,65,210,238,201
89,262,187,-192,-44,205,-138,-102,69,195,252,192
94,269,162,-193,-48,203,-155,-119,78,188,213,166
86,244,161,-162,-21,215,-139,-104,55,196,253,184
90,264,152,-172,-44,229,-140,-106,73,199,227,164
61,247,163,-178,-48,202,-142,-96,71,187,208,167
84,252,142,-161,-3,195,-134,-91,88,176,231,149
99,263,151,-177,-32,202,-121,-102,71,188,204,168
86,244,159,-164,-33,197,-132,-109,71,169,225,179
85,230,128,-179,-21,181,-126,-83,76,193,216,158
68,197,152,-133,-26,181,-132,-77,54,173,196,166
75,215,158,-142,-30,175,-113,-99,62,142,180,138
80,215,112,-159,-28,179,-112,-79,66,141,188,126
84,231,137,-149,-34,153,-110,-102,59,145,191,150
37,185,108,-137,-16,144,-110,-73,58,156,171,133
39,199,116,-125,-32,145,-92,-70,67,122,164,114
59,162,130,-123,-41,115,-109,-81,42,122,162,109
57,169,103,-105,-21,147,-94,-72,55,117,159,119
74,161,111,-112,-13,134,-83,-30,42,132,142,126
70,156,98,-100,-18,122,-81,-63,43,112,122,104
48,122,80,-89,-15,105,-81,-63,36,91,134,100
62,116,64,-69,-12,105,-73,-52,33,81,106,116
23,134,90,-73,-16,103,-77,-39,24,91,87,82
38,88,81,-70,-2,91,-54,-43,28,82,90,78
34,100,61,-75,-23,70,-52,-50,58,85,80,63
67,108,68,-75,-28,57,-50,-40,38,73,82,77
17,92,60,-67,-32,57,-49,-27,17,58,91,54
47,82,57,-33,3,68,-37,-22,29,59,82,44
12,78,50,-70,-9,57,-36,-48,32,35,69,34
26,55,21,-44,3,78,-51,-19,41,64,45,61
24,63,48,-50,-12,34,-25,-33,22,70,50,22
2,76,41,-51,3,36,-39,-13,30,29,49,43
25,66,32,-18,9,37,-20,-12,23,27,48,27
16,48,23,-41,-10,44,-16,-17,25,36,30,46
6,29,43,-42,-24,8,-10,-28,15,31,55,12
33,38,15,-16,-32,2,-9,-19,11,32,9,45
15,20,25,-23,-17,26,-21,-20,44,26,23,17
-2,37,1,-8,5,3,-22,-24,-4,21,48,26
-2,27,16,-21,4,11,-27,-1,-17,14,23,38
20,0,22,13,-12,-13,-15,-28,-8,-2,31,36
1,23,19,14,-12,13,-13,16,14,-11,6,24
10,1,11,-17,5,-14,-7,-1,38,14,24,23
7,18,1,-13,11,38,11,-21,9,13,21,2
10,3,-1,-23,-14,7,5,-10,9,14,3,8
-6,6,-6,-3,-5,22,-6,5,1,10,5,31
11,0,15,-40,7,9,-8,-2,-8,0,3,-1
-4,18,-2,-19,21,-3,33,0,-15,6,7,-9
-9,15,0,-6,-7,-8,-3,-4,-6,6,2,-9
-4,-12,6,-5,-2,11,-20,0,0,3,24,0
0,19,-17,0,11,4,22,3,-2,-6,-14,3
-29,9,-2,-11,-7,-30,-1,6,-15,1,0,-26
6,-15,9,16,10,-4,14,21,-11,4,1,18
-6,-18,-23,26,-3,-36,-24,-5,6,-17,-16,-5
-18,-23,10,12,-2,-11,14,17,-13,-11,6,-22
-3,-35,-24,-3,-12,-32,-3,7,-24,-12,-25,-31
-34,-52,-11,11,-4,-9,15,-3,2,-15,-36,-19
5,-51,-26,24,22,-42,37,14,-14,-45,-43,-29
-11,-41,-55,23,7,-52,44,24,-28,-45,-58,-51
-33,-72,-38,61,29,-50,39,22,-25,-64,-60,-63
-26,-81,-46,63,-3,-64,55,33,5,-44,-60,-79
-43,-95,-63,66,23,-98,57,48,-36,-73,-97,-65
-68,-118,-106,82,14,-83,79,30,-42,-62,-105,-54
-37,-118,-83,89,3,-119,46,45,-28,-86,-111,-83
-35,-137,-82,107,16,-109,67,45,-32,-96,-134,-78
-31,-139,-82,101,-9,-133,61,68,-49,-108,-118,-92
-39,-171,-103,98,-1,-128,99,40,-54,-109,-122,-112
-54,-162,-100,97,40,-168,81,67,-39,-124,-152,-115
-66,-156,-109,118,38,-144,72,60,-52,-112,-162,-132
-34,-146,-115,103,41,-120,78,61,-53,-113,-144,-113
-57,-140,-81,99,31,-116,69,53,-38,-108,-123,-114
-31,-124,-83,91,7,-90,53,67,-25,-70,-89,-100
-36,-106,-73,51,9,-81,55,30,3,-73,-80,-68
-17,-42,-48,15,15,-42,13,30,-7,-39,-38,-47
14,-8,-4,21,11,-21,11,15,-5,-9,-4,-5
30,53,12,-27,-14,49,-31,-14,13,42,49,35
52,137,56,-78,-22,88,-51,-24,28,103,95,87
56,190,126,-150,-48,162,-95,-73,41,142,167,117
70,272,165,-186,-28,246,-159,-105,74,197,221,212
133,360,249,-262,-52,292,-200,-164,91,289,342,256
166,472,296,-320,-94,386,-272,-180,148,358,421,351
188,577,366,-379,-73,472,-321,-237,170,428,518,398
241,670,441,-438,-88,567,-342,-265,238,509,595,506
270,768,498,-513,-121,642,-421,-304,217,557,695,546
294,833,549,-573,-127,699,-479,-359,235,642,784,598
333,938,618,-655,-149,778,-524,-365,287,696,842,684
367,997,635,-703,-134,867,-561,-412,288,757,923,698
365,1059,681,-716,-180,871,-588,-420,298,798,969,747
382,1087,715,-729,-169,877,-634,-445,324,826,970,776
403,1112,728,-758,-189,931,-611,-443,338,838,977,774
375,1098,708,-760,-159,920,-607,-424,334,819,991,773
393,1050,672,-714,-156,912,-579,-423,310,807,959,744
367,1037,666,-693,-119,856,-554,-400,322,750,900,711
328,958,636,-650,-154,805,-502,-395,279,741,862,656
297,890,572,-606,-137,730,-488,-360,252,661,808,598
283,772,501,-538,-133,668,-425,-304,234,593,700,537
229,692,450,-481,-89,565,-362,-274,207,526,616,500
178,572,372,-421,-99,465,-329,-242,190,457,511,430
182,470,317,-320,-47,368,-265,-165,151,365,464,336
143,387,227,-261,-73,303,-213,-141,97,300,326,258
76,254,182,-178,-40,198,-140,-116,74,199,241,177
69,180,111,-103,0,132,-84,-100,43,113,130,103
21,69,32,-58,-10,69,-24,-32,26,44,66,40
-13,-7,-24,2,-17,-9,15,8,6,-17,-13,-3
-35,-72,-47,53,-5,-52,37,25,-33,-48,-55,-69
-44,-141,-91,119,27,-124,74,36,-44,-104,-130,-110
-60,-202,-139,141,26,-151,83,86,-68,-159,-177,-168
-99,-235,-168,168,26,-183,138,82,-72,-172,-186,-146
-86,-265,-171,172,35,-207,146,96,-91,-211,-227,-158
-71,-292,-188,182,29,-251,155,104,-86,-200,-238,-180
-115,-284,-193,192,62,-250,191,114,-86,-207,-258,-187
-111,-299,-179,182,39,-238,164,122,-118,-247,-260,-207
-107,-285,-188,199,51,-250,156,114,-81,-217,-255,-197
-110,-270,-204,198,18,-243,156,126,-89,-209,-269,-191
-90,-284,-167,195,29,-218,171,101,-80,-229,-242,-210
-71,-259,-168,174,33,-238,123,101,-66,-188,-222,-198
-84,-238,-156,167,48,-205,132,92,-80,-183,-199,-177
-81,-224,-145,129,43,-198,108,74,-57,-151,-209,-137
-69,-195,-90,126,35,-160,90,71,-56,-150,-191,-123
-66,-165,-102,118,23,-140,92,50,-57,-127,-128,-118
-30,-163,-81,101,7,-139,96,45,-62,-116,-111,-96
-60,-121,-46,100,6,-131,78,61,-37,-116,-113,-72
-18,-103,-69,89,18,-63,82,48,-36,-70,-83,-44
-36,-83,-63,64,5,-61,34,31,-41,-59,-98,-57
-24,-68,-62,57,6,-83,36,25,-15,-46,-89,-56
-31,-44,-30,39,8,-74,34,4,-3,-56,-52,-46
-33,-72,-42,44,24,-55,27,39,-23,-65,-46,-31
-7,-25,-25,35,-4,-43,16,10,-2,-36,-44,-25
-16,-28,-50,28,14,-27,10,35,-37,-31,-16,-31
-13,-50,-20,37,-2,-27,6,12,-26,-25,3,-2
-1,-44,-34,39,-3,-33,21,14,-5,-8,-33,2
-7,-21,-5,4,19,-9,13,6,-7,-18,-4,-1
9,-26,-12,4,-16,-16,-5,20,5,1,-21,-30
-16,0,-21,1,-24,-54,7,-17,3,-38,-16,-29
-9,-5,-31,2,-8,2,21,-1,-4,-21,-16,-3
-17,-36,-24,4,-14,-26,13,-12,-13,-12,-7,-6
-8,-13,-12,-2,16,-4,17,-20,14,-24,-5,1
-14,-5,-18,-15,14,1,-10,10,-18,4,-5,2
-15,-10,4,13,-7,-20,-4,14,8,-28,-4,7
0,-17,12,6,-10,-18,29,-5,3,21,-7,4
3,-9,-13,-14,-6,-4,-19,2,3,8,0,-12
-3,-6,-7,-5,10,-9,23,6,-1,-15,-6,16
-5,-10,-3,-18,13,-4,-19,22,0,-25,-15,-11
1,-14,-17,-3,8,8,14,19,11,14,27,-9
8,-5,-16,-1,-20,-30,-2,12,-2,-19,-13,-13
13,-4,25,17,1,7,4,-6,27,6,-23,-3
10,32,-6,5,-11,-6,-11,-11,14,-5,0,24
3,7,6,-15,-12,15,-3,-26,8,8,-4,-8
4,19,9,5,3,25,-12,-24,39,15,-2,12
6,8,2,6,-17,6,-8,0,15,20,16,1
-3,11,3,-18,10,20,-21,-9,8,10,6,26
-1,21,22,-11,-5,14,5,4,-3,31,25,35
-13,30,16,-21,6,27,-2,-5,21,20,19,23
9,8,28,-20,-10,48,-8,-14,-8,28,9,11
25,36,16,-37,-11,11,-3,-15,7,19,11,24
12,30,35,-2,2,16,-25,-8,20,15,30,22
9,39,19,-17,-8,30,-17,-20,6,51,31,31
3,32,19,-26,15,54,-28,-7,8,41,19,42
10,50,39,-31,-5,34,-15,-14,30,34,29,31
23,52,16,-16,-7,37,-30,-15,19,39,40,22
28,58,45,-37,0,37,-15,1,-6,27,30,52
22,49,27,-36,-23,50,-40,-41,5,53,57,45
31,58,50,-51,-11,71,-42,-21,6,55,65,46
30,69,41,-48,1,54,-9,-10,0,30,87,39
23,59,50,-61,-29,74,-34,-33,39,29,63,50
35,96,56,-65,-4,78,-60,-19,17,70,61,50
31,84,49,-65,1,67,-40,-23,23,55,83,57
43,97,71,-56,-45,75,-46,-14,45,63,80,62
40,100,43,-64,-10,97,-64,-28,23,53,89,68
35,77,66,-60,-22,92,-57,-39,24,86,83,43
38,103,67,-65,-19,89,-67,-32,-4,92,109,66
38,128,84,-47,-28,80,-62,-39,45,104,117,82
42,126,98,-77,2,120,-51,-28,50,86,116,63
30,140,82,-90,-6,116,-50,-54,34,117,132,102
47,143,108,-84,-26,96,-76,-61,34,96,105,96
42,159,120,-101,-37,125,-71,-66,42,102,136,83
25,155,98,-74,-21,125,-70,-66,56,121,147,107
45,163,110,-91,-22,144,-62,-62,49,104,151,101
50,146,104,-107,-38,135,-87,-80,42,147,145,128
69,179,117,-120,-26,135,-93,-75,59,106,161,123
60,194,125,-114,-19,131,-120,-60,41,124,182,125
59,174,107,-142,-17,149,-87,-73,58,144,171,145
62,197,117,-135,-29,180,-108,-75,53,150,179,113
75,211,121,-139,-36,167,-138,-94,78,176,184,131
70,215,146,-156,-39,181,-121,-95,56,176,199,156
59,221,155,-151,-26,195,-129,-108,73,177,214,164
68,207,139,-164,-30,171,-121,-100,58,174,218,164
78,238,162,-170,-18,195,-146,-104,49,179,223,157
68,222,151,-182,-45,216,-120,-110,67,191,231,173
91,275,165,-184,-40,210,-117,-106,80,182,235,188
89,258,189,-192,-36,236,-141,-110,81,196,223,202
86,276,196,-190,-35,223,-155,-94,67,211,234,211
103,276,190,-221,-49,256,-163,-114,68,237,267,201
102,294,207,-200,-52,247,-152,-110,111,217,251,213
105,299,196,-220,-45,262,-186,-93,91,254,279,229
84,313,192,-190,-33,263,-190,-120,93,241,277,234
122,317,227,-218,-45,275,-176,-145,90,250,289,211
130,341,219,-228,-56,291,-180,-137,115,248,288,224
116,329,208,-230,-44,276,-187,-136,99,272,277,241
123,344,222,-226,-38,270,-206,-123,91,266,320,243
122,364,244,-234,-52,260,-209,-130,93,283,336,266
140,358,222,-239,-75,303,-201,-131,107,251,325,267
120,375,238,-257,-57,301,-198,-153,111,281,328,236
145,357,261,-263,-48,311,-240,-130,130,288,313,249
135,386,254,-255,-67,322,-207,-165,101,295,315,261
132,381,251,-258,-51,306,-217,-143,142,296,359,284
126,386,257,-298,-56,323,-186,-174,148,290,355,278
159,387,251,-285,-71,327,-237,-177,117,297,353,281
143,415,266,-278,-75,345,-226,-152,131,315,355,289
142,421,253,-304,-77,341,-239,-166,134,313,350,271
154,389,255,-265,-53,334,-227,-148,118,297,379,277
150,415,275,-266,-78,348,-252,-163,125,315,372,294
167,427,276,-283,-50,341,-258,-169,127,318,406,290
143,414,289,-299,-64,353,-241,-154,120,314,383,311
148,427,286,-302,-82,377,-225,-170,100,336,396,317
150,460,296,-292,-47,361,-244,-183,136,336,392,309
156,426,260,-290,-63,366,-235,-176,104,320,413,294
145,428,291,-293,-84,341,-229,-167,123,317,375,320
152,438,284,-270,-73,360,-235,-172,126,334,383,317
154,430,292,-282,-71,362,-231,-155,145,330,386,326
142,436,282,-305,-68,362,-238,-185,120,331,396,299
156,443,292,-302,-76,358,-248,-166,137,349,404,276
159,445,274,-293,-86,373,-249,-192,108,330,388,320
162,456,295,-282,-75,367,-243,-180,116,333,399,317
160,433,288,-299,-69,357,-244,-177,125,323,388,297
161,439,292,-290,-31,367,-227,-158,132,307,371,297
160,437,268,-283,-92,361,-240,-172,118,296,381,309
154,427,272,-279,-55,359,-214,-189,117,322,380,306
142,426,261,-286,-79,355,-233,-171,111,314,395,282
120,428,266,-279,-69,334,-232,-168,146,319,365,306
175,431,281,-301,-62,356,-227,-158,129,313,377,289
140,411,283,-283,-38,335,-244,-175,125,313,362,274
117,426,280,-290,-66,339,-225,-154,129,312,352,270
135,391,255,-265,-32,322,-204,-165,129,306,371,283
120,378,244,-276,-67,323,-203,-166,142,290,347,262
137,384,238,-255,-43,333,-198,-145,116,282,304,266
115,365,237,-245,-45,303,-197,-159,115,283,338,265
154,358,241,-247,-50,299,-196,-157,108,273,320,257
121,366,255,-258,-47,296,-216,-151,104,284,327,262
133,370,234,-257,-46,309,-207,-150,127,248,331,263
143,355,231,-229,-47,290,-204,-155,105,265,325,240
131,333,221,-229,-50,292,-193,-133,104,263,257,244
118,347,221,-226,-36,279,-190,-136,95,226,303,219
128,316,202,-220,-45,260,-184,-147,70,224,281,227
98,308,189,-201,-62,273,-171,-147,81,232,280,240
114,283,186,-207,-46,243,-171,-127,85,222,278,214
96,294,176,-191,-45,251,-175,-128,86,229,279,198
124,271,192,-174,-43,239,-146,-113,89,210,243,196
119,275,185,-183,-39,258,-148,-99,91,213,248,202
95,258,166,-189,-39,224,-161,-99,88,205,226,187
90,262,175,-172,-71,206,-156,-119,93,210,231,180
73,245,164,-207,-32,182,-138,-98,56,216,224,192
65,257,158,-177,-52,192,-125,-101,78,188,220,175
77,219,169,-157,-38,179,-116,-88,76,187,236,164
75,239,145,-153,-38,200,-144,-78,90,169,210,158
73,242,136,-133,-29,187,-116,-94,52,175,191,133
71,218,123,-154,-50,168,-113,-84,68,142,187,146
87,209,127,-131,-43,189,-99,-76,58,165,178,144
81,199,141,-154,-19,145,-102,-80,75,139,152,135
53,168,116,-117,-46,151,-103,-77,58,130,131,155
48,155,97,-133,-41,128,-107,-61,61,127,155,114
72,166,109,-121,-24,144,-108,-60,44,114,127,101
44,151,90,-97,-29,142,-84,-69,55,117,145,106
60,151,106,-86,-24,140,-99,-63,30,85,143,113
72,140,84,-94,-16,119,-75,-71,26,114,123,96
55,129,105,-83,-6,80,-82,-49,30,79,99,108
48,132,88,-93,-7,107,-72,-62,53,75,100,89
47,113,95,-74,-17,113,-80,-56,57,100,126,70
31,111,82,-66,-8,77,-49,-46,48,103,88,56
37,107,70,-60,4,97,-73,-32,24,101,86,78
35,106,90,-79,-17,74,-62,-39,51,91,122,77
42,85,49,-83,-12,94,-58,-52,3,75,71,51
22,98,56,-45,-8,66,-46,-31,39,77,86,69
1,91,67,-64,2,68,-30,-27,14,60,76,63
42,95,49,-37,-31,88,-46,-34,24,26,82,41
33,85,21,-32,-23,75,-23,-23,14,35,59,46
31,75,39,-35,6,65,-24,-26,37,43,61,53
28,64,27,-44,4,56,-48,-15,6,29,58,34
1,48,36,-36,15,56,-37,-10,9,41,44,59
-3,77,38,-54,2,55,-23,-27,5,36,47,21
5,51,34,-34,-21,25,-37,-23,2,34,16,32
19,62,12,-29,-35,29,-13,-22,18,27,39,43
31,40,24,-17,-20,32,-42,-20,29,32,41,29
-1,22,24,-15,-24,27,-13,-11,1,11,27,30
12,42,22,-36,1,45,-20,-5,17,12,42,34
8,26,31,-48,10,12,6,6,3,11,4,41
-10,7,19,-15,-29,24,2,-8,11,10,18,35
4,34,18,-11,1,17,-23,-11,18,21,27,8
15,17,27,-11,-19,18,-10,0,2,21,17,4
-4,21,20,-11,-3,26,10,-4,17,17,24,16
10,0,-1,12,20,20,-3,17,9,12,29,9
5,-21,6,-5,-9,-12,-13,3,9,-4,14,25
9,1,-3,24,2,12,-16,2,6,7,13,17
9,11,-7,-7,-8,10,-17,5,-12,10,18,19
12,15,7,2,14,-5,8,6,6,4,-3,-6
-6,-19,13,18,-2,-12,-2,-10,-19,0,-11,1
-20,-11,16,-10,-12,3,-21,16,-10,-12,1,-24
4,-1,-16,4,-11,19,0,-5,4,-12,-12,-17
-13,-4,18,-21,4,1,-7,-5,-20,13,-9,0
-8,19,15,2,-4,0,-12,-8,3,5,1,-1
8,23,-8,13,8,-1,0,2,-13,7,3,-3
-13,18,18,-3,9,18,-1,-10,0,-15,4,-28
22,-13,-5,10,8,-5,3,7,-18,-5,-11,-8
-12,-1,-6,11,14,-14,2,-5,-6,-9,-25,-8
-29,11,6,8,-17,-25,21,-4,-14,16,-13,2
2,1,-12,1,-4,31,-18,3,-23,6,-10,-6
17,-19,-16,-24,-4,-21,19,4,7,1,0,-9
13,-17,34,-14,-8,-1,-2,-1,1,-1,-14,8
-8,-20,16,26,-1,2,-8,26,-10,-31,-8,4
-19,7,4,-4,-4,0,22,12,9,4,-14,-6
-5,4,7,7,-10,6,7,3,3,10,-8,15
2,-36,-16,-1,-2,-17,1,-17,2,6,5,2
9,-22,-16,14,-16,-15,4,5,-7,-4,-7,-6
17,9,-7,0,-16,-2,4,3,1,6,-15,0
-2,1,-19,9,23,-2,2,3,1,-7,-19,-13
7,-5,-7,14,14,-5,-4,16,-8,-26,-23,11
2,-8,14,25,-7,-21,-5,-4,-9,-7,3,1
-26,-4,1,8,0,3,4,13,10,-26,-31,13
-4,-19,2,12,-27,6,12,17,-16,-24,-1,15
-3,-29,-25,31,-3,5,13,19,2,16,-3,-16
7,-25,-10,9,-20,-1,-1,12,1,-6,-19,-13
-4,-6,21,1,2,-22,6,-20,-15,-4,4,-5
16,-8,-2,18,-16,-7,-12,17,-12,-8,-14,14
5,-1,-11,19,2,-1,8,-4,5,-22,13,-2
6,-25,-31,7,9,-10,18,-2,-9,-10,-14,-7
-20,-16,3,18,4,-10,-10,26,-2,4,-7,1
-3,-8,0,17,-4,-13,4,37,10,10,-23,16
-9,-4,-27,-21,2,0,12,-11,7,5,-10,-4
-12,-20,-10,-21,0,-10,15,-16,-8,1,-23,-13
-4,-2,-1,5,-2,-4,8,2,-10,-9,-13,-5
-17,-14,-7,-21,-9,17,6,1,8,-3,-10,-8
-28,-11,-8,4,25,-15,11,20,-14,6,-27,11
16,-4,-12,-5,-19,-9,-8,22,-2,4,-20,-6
-9,1,11,21,28,-14,-7,-1,-7,-16,-11,-27
8,1,-7,21,-16,-1,21,14,5,1,5,-21
-4,12,2,1,19,-17,19,9,1,-12,15,-4
18,17,12,-13,6,3,5,6,-7,3,5,-13
8,19,-20,-6,4,-5,-36,-3,-3,-3,3,-11
9,-9,-6,-10,4,-2,-11,2,-18,-11,12,8
-5,-15,-14,-12,2,0,-3,28,-7,22,8,-10
-9,-15,-19,11,-1,-27,-22,-8,9,12,-8,5
28,-20,2,1,4,-14,18,-13,-8,-7,-18,8
6,-13,-8,29,12,5,-12,-17,-5,-17,-5,-4
-13,-7,3,9,-6,7,4,16,6,-40,3,-1
5,-15,-21,-17,4,-1,-3,2,23,5,30,-9
17,18,1,15,13,18,0,-16,-5,2,-1,11
4,-3,14,15,1,-3,-3,-5,-12,6,-5,-4
22,1,-22,-21,-3,-24,-6,4,15,-4,6,-8
5,-8,8,9,6,1,7,5,35,-1,-13,16
-16,-10,-1,-5,1,9,-11,-5,-8,-15,11,-8
12,5,-7,8,-2,-32,-12,11,-6,1,20,1
12,-18,-22,0,-6,11,12,-11,-8,0,-4,-3
0,-10,1,-3,19,10,1,-2,-4,9,4,8
26,9,3,-18,13,1,9,-4,3,3,9,32
-2,32,-3,-6,-4,-3,-15,-11,3,-25,18,26
-5,18,3,-5,-5,4,14,-22,-1,6,0,-13
-7,-1,-6,-19,-8,5,-5,8,-12,-2,-12,10
1,1,3,6,1,7,14,-4,11,-13,-11,15
9,10,-7,-8,-3,7,-11,-9,14,-29,-4,10
20,-7,0,-10,1,-1,-19,0,-6,9,1,-15
1,15,14,5,-16,-10,-5,-15,-3,15,11,5
15,7,-17,4,2,0,-7,1,15,11,5,11
0,-16,23,-5,5,12,-14,-9,12,-1,4,13
-9,6,6,8,12,13,-3,-4,-3,1,8,15
10,10,9,17,4,1,-11,16,-17,-1,24,-2
3,0,30,-20,8,-33,14,-18,-10,-30,1,23
-13,-7,3,-14,26,10,-12,-19,12,15,13,10
7,4,-11,-11,-5,6,6,17,7,6,13,24
-6,9,-8,-16,-8,-26,-32,7,1,-4,2,-1
1,9,13,-1,-5,9,-4,-16,-1,11,8,0
17,10,26,-12,-9,-1,6,-2,2,10,9,10
6,16,19,12,-3,16,-10,6,7,-16,-15,-3
-5,5,0,-5,-7,3,-20,-6,-13,-10,-6,4
20,11,-12,10,-19,2,-22,-32,2,11,22,28
18,32,17,8,5,8,-12,5,13,-2,6,30
17,11,-1,-4,4,2,-5,-2,0,-6,22,15
18,7,7,-6,-1,16,-1,-8,17,-8,19,-2
13,19,14,-8,-1,6,22,7,-8,12,7,20
5,8,18,-17,-7,-4,-10,9,16,17,31,-4
4,18,8,41,0,4,-13,-17,2,-9,-5,-4
-11,6,21,-2,-14,22,-12,6,-17,11,-3,11
-1,0,14,-16,-16,18,-26,-11,14,4,11,7
14,22,16,-17,-4,5,7,9,-1,-16,4,5
6,3,19,12,7,-4,-6,0,7,3,22,22
9,-3,4,-15,-3,8,-15,-25,6,13,27,6
8,1,3,-5,-21,24,-3,2,4,6,10,32
11,17,11,-26,-4,18,-13,-11,11,-4,10,32
22,17,-12,-3,-11,21,-10,-14,-4,6,-7,-1
-17,17,9,-15,-7,15,26,-19,22,10,22,6
10,-1,17,-14,11,21,-15,1,-10,22,5,-9
-2,22,7,-15,15,33,-13,-11,-17,-2,24,-8
0,28,9,-6,-4,18,-13,-8,1,20,17,5
-2,6,27,-35,12,20,-11,-9,5,5,35,8
11,23,-1,-27,-5,12,-15,-12,0,22,9,26
0,11,7,-25,-8,20,0,1,6,20,11,19
10,34,-4,-8,-23,15,-3,16,-3,9,10,19
6,1,2,-20,0,4,-12,-29,-13,16,16,1
12,26,-4,-22,-25,14,-14,-19,17,16,11,2
19,28,30,-7,8,0,-5,-20,-15,27,22,11
-8,30,14,-5,7,6,-26,-3,3,-3,37,9
-11,-1,11,-5,3,-15,-2,-5,21,31,14,19
21,32,12,9,-2,-3,-18,-8,16,39,-3,15
-13,40,12,-20,6,4,-4,-18,7,8,6,6
18,31,19,-18,24,29,-13,-4,-16,8,9,1
13,17,0,-3,5,36,1,-2,0,-12,39,12
17,18,23,-21,-13,12,-21,-14,10,10,43,32
32,22,18,-37,3,26,-3,-21,13,28,10,41
-4,30,25,-22,6,15,-24,5,-10,34,-10,26
-3,32,6,-32,-18,30,-15,-23,5,6,9,24
8,18,24,-10,-18,13,-16,1,16,36,22,11
18,28,19,-24,-17,30,-10,-19,39,24,1,11
33,46,10,-27,-14,31,-42,-15,-9,25,40,31
24,43,15,12,29,5,8,-8,22,37,44,10
21,56,41,-34,-2,47,-22,-16,2,6,10,45
34,36,27,-36,-1,24,-30,-12,14,48,66,25
25,40,16,-38,-5,25,-10,-11,10,25,35,42
21,48,30,-28,4,26,-43,-20,28,32,50,55
19,40,23,-28,13,29,-10,-22,13,34,51,34
39,60,33,-34,-22,57,-39,-18,-1,61,51,24
39,49,12,-79,28,63,-9,-26,-1,38,49,28
36,60,46,-38,-10,58,-28,-42,23,57,57,85
43,61,50,-54,-3,59,-42,-18,41,56,67,18
53,75,52,-42,-18,47,-53,-41,30,53,86,41
30,79,54,-47,-19,76,-48,-31,11,64,82,55
12,95,32,-66,-3,71,-58,-27,24,68,83,41
44,75,44,-40,-25,49,-48,-35,29,67,67,66
37,88,62,-56,-8,74,-72,-31,33,84,76,77
30,92,84,-73,-36,76,-54,-40,35,80,86,77
25,115,63,-61,-19,89,-39,-22,13,93,91,70
61,114,77,-57,-17,115,-68,-39,32,98,116,87
32,103,91,-103,-25,111,-62,-48,26,109,93,100
47,126,87,-82,-22,107,-70,-57,26,105,99,92
29,135,86,-90,-33,128,-60,-47,30,113,112,99
37,130,111,-74,-24,135,-70,-67,34,113,126,120
58,138,93,-99,-13,132,-71,-71,49,122,145,107
65,162,109,-121,-29,143,-96,-58,41,122,167,112
53,165,128,-124,-27,119,-79,-72,62,135,140,111
71,176,115,-127,-31,142,-105,-83,76,140,156,127
61,198,93,-133,-25,143,-101,-96,64,139,155,125
72,192,127,-125,-31,157,-100,-59,40,150,175,140
73,216,151,-142,-14,170,-126,-62,69,150,175,171
55,224,170,-134,-26,196,-99,-94,86,141,193,145
95,236,137,-161,-34,175,-118,-93,47,191,195,148
89,210,148,-151,-29,184,-132,-93,74,188,214,167
75,248,166,-161,-47,197,-142,-119,83,163,213,164
66,249,179,-158,-36,218,-141,-97,64,192,225,181
83,252,172,-153,-22,217,-144,-88,54,206,238,181
86,251,178,-195,-34,219,-128,-129,79,205,240,193
88,257,181,-188,-47,215,-147,-94,82,214,264,178
90,276,163,-187,-35,236,-145,-108,92,203,227,192
109,283,177,-165,-59,237,-151,-128,71,221,274,199
95,287,191,-195,-48,251,-143,-106,111,214,254,181
107,316,191,-204,-54,244,-140,-110,82,228,278,212
105,297,195,-221,-39,237,-167,-131,91,226,267,212
110,299,209,-201,-58,249,-174,-117,79,234,258,207
100,298,196,-231,-52,256,-166,-116,93,244,271,204
93,317,202,-212,-50,258,-174,-127,80,241,274,211
117,303,187,-201,-38,246,-167,-135,89,230,290,220
117,305,200,-215,-46,229,-160,-124,102,245,254,208
102,318,209,-232,-47,263,-168,-100,90,230,263,222
94,313,203,-204,-48,258,-168,-121,108,219,288,219
118,324,203,-199,-48,257,-153,-118,87,246,290,225
144,303,204,-213,-56,246,-160,-137,78,250,270,211
99,307,195,-192,-48,252,-153,-142,102,237,263,212
105,287,178,-207,-69,270,-174,-120,67,209,273,223
111,298,182,-192,-55,248,-152,-112,82,230,256,204
87,290,187,-191,-31,252,-153,-116,86,186,267,190
80,284,172,-173,-18,242,-148,-122,56,208,258,202
69,291,181,-193,-50,228,-162,-146,72,211,242,204
94,246,181,-211,-32,219,-143,-99,72,213,238,190
96,268,164,-168,-24,223,-141,-108,92,191,228,170
81,266,178,-166,-40,222,-154,-113,76,191,229,182
71,269,168,-178,-44,189,-129,-120,71,159,204,141
100,237,139,-162,-50,200,-124,-100,76,178,203,168
74,199,134,-162,-27,174,-112,-82,44,170,242,173
63,212,151,-150,-22,179,-135,-73,75,151,207,151
113,216,139,-150,-40,179,-132,-69,80,166,166,157
74,204,129,-148,-21,155,-98,-70,95,154,173,147
65,190,116,-131,-43,142,-94,-58,47,142,173,145
80,187,123,-112,-7,152,-125,-94,50,134,176,141
51,205,109,-127,-19,159,-104,-75,55,100,175,112
75,160,127,-114,-34,137,-68,-70,20,110,136,96
66,154,104,-116,-30,124,-90,-54,54,108,153,111
66,148,84,-116,-4,111,-82,-64,22,104,158,98
49,134,88,-109,-10,83,-69,-57,43,112,122,109
43,136,91,-100,-23,113,-60,-79,41,102,115,86
30,149,92,-80,-37,105,-73,-59,26,80,87,78
41,105,75,-100,-5,114,-85,-54,33,95,100,82
17,105,85,-87,-13,81,-62,-63,25,71,86,78
29,105,61,-70,-22,107,-45,-35,26,77,97,71
24,88,65,-70,-21,100,-65,-37,25,73,85,62
41,117,60,-83,-4,73,-32,-37,21,67,85,71
32,59,74,-48,-19,62,-52,-27,34,78,65,70
41,85,47,-27,-22,66,-60,-51,29,42,81,71
27,95,39,-49,1,61,-40,-16,6,69,52,48
32,64,29,-63,-5,62,-40,-34,40,54,51,84
42,58,48,-37,-3,73,-30,-14,29,51,64,42
26,88,55,-41,-13,49,-23,-36,41,41,42,20
30,58,15,-36,-10,43,-25,-36,11,38,48,48
4,59,37,-40,-17,43,-5,-35,-3,50,61,31
25,30,34,-26,-20,16,-13,-6,4,20,45,25
10,56,33,-3,6,20,-6,-3,15,32,58,14
22,44,44,-21,-10,33,-18,-20,35,43,35,15
4,38,32,-24,-14,34,-31,-17,18,33,38,2
-8,32,6,8,-6,26,-40,-21,10,6,61,29
6,37,14,-15,7,25,-5,8,2,35,50,24
7,24,7,-29,-21,31,-11,-11,16,36,14,8
36,25,3,-35,-18,7,4,-8,8,17,33,34
31,25,0,-30,-19,28,-25,-14,17,12,22,16
-13,17,22,-12,-29,29,-12,-7,-16,11,27,27
10,12,16,-4,-6,9,4,-15,-3,15,19,14
1,28,10,-7,-12,11,-2,-1,4,9,20,16
-8,11,-2,-31,-17,20,6,2,34,5,-1,30
15,-1,6,-8,2,-15,-11,20,22,-8,25,27
1,11,-4,16,15,10,-10,-1,-6,-11,-16,-5
-10,8,10,11,0,1,0,12,-19,-10,-7,1
-5,-4,-4,6,2,2,15,-12,-13,-4,4,-4
-8,-33,-15,-8,0,-16,11,-5,14,-2,0,8
-4,-26,-12,9,1,-35,29,6,2,-25,-23,-33
5,-38,-23,28,-1,-50,11,0,-18,-29,-6,-30
-9,-54,-46,40,-2,-34,51,28,-5,-35,-58,-64
-24,-64,-45,46,18,-65,12,47,-23,-54,-75,-48
-14,-69,-54,56,22,-61,37,22,-49,-48,-60,-60
-49,-94,-71,76,19,-84,49,41,5,-72,-74,-62
-55,-107,-85,79,16,-81,69,10,-24,-81,-96,-76
-45,-129,-67,55,38,-100,67,72,-50,-80,-113,-87
-61,-129,-99,101,12,-102,73,63,-51,-124,-111,-82
-43,-136,-96,98,35,-102,71,55,-46,-112,-136,-110
-44,-141,-90,125,27,-125,82,58,-35,-127,-133,-116
-50,-147,-82,102,10,-107,64,63,-47,-103,-116,-107
-63,-128,-99,108,21,-126,62,61,-36,-99,-132,-115
-17,-119,-103,102,12,-122,88,51,-47,-128,-114,-112
-37,-95,-71,55,7,-99,66,32,-37,-96,-123,-98
-36,-77,-67,66,12,-84,49,46,-14,-68,-72,-47
-29,-79,-47,37,15,-47,21,26,-13,-50,-51,-53
-18,6,-26,13,12,-5,14,3,-11,6,-7,-19
5,24,3,-16,-8,19,-16,-17,7,22,47,35
33,119,55,-62,-7,72,-60,-53,27,73,68,85
67,131,99,-100,-17,138,-96,-47,58,118,138,106
107,243,152,-172,-34,189,-112,-107,98,176,243,174
108,332,211,-241,-40,270,-181,-140,103,225,290,237
164,408,261,-284,-46,349,-248,-179,131,336,353,311
180,528,331,-363,-67,444,-274,-222,144,374,471,365
224,611,399,-415,-87,519,-324,-237,181,472,549,445
231,716,474,-498,-111,613,-372,-286,212,552,653,506
301,793,545,-556,-133,658,-445,-334,247,589,734,560
297,882,576,-623,-151,740,-510,-375,306,654,814,633
331,981,631,-661,-174,820,-551,-368,306,737,888,677
363,1055,676,-707,-165,869,-577,-431,319,779,943,738
370,1117,723,-725,-147,921,-602,-431,328,824,999,758
403,1131,725,-739,-173,963,-622,-459,337,844,998,805
385,1113,751,-781,-163,951,-649,-423,341,852,1040,808
382,1110,732,-758,-187,945,-643,-441,351,856,1030,783
390,1127,717,-737,-172,915,-617,-430,363,833,995,780
357,1021,702,-705,-162,896,-574,-414,321,780,951,736
369,1008,645,-663,-164,812,-540,-420,325,754,907,704
304,938,604,-634,-153,776,-501,-358,277,694,830,650
298,857,550,-570,-121,688,-463,-325,247,613,717,587
241,731,495,-471,-92,625,-409,-279,200,538,672,498
204,643,426,-417,-97,514,-359,-247,174,490,553,445
181,503,327,-365,-104,447,-283,-199,138,401,454,351
144,432,257,-280,-33,342,-220,-179,117,319,381,253
97,296,200,-197,-51,255,-174,-105,80,228,258,191
57,191,126,-140,-37,139,-111,-90,57,152,168,117
10,109,45,-69,-16,103,-59,-39,34,66,77,72
-9,38,19,-20,-16,24,-4,-4,-8,20,31,-1
-43,-53,-36,27,7,-23,13,37,-18,-31,-20,-37
-42,-83,-68,79,29,-95,44,47,-28,-61,-78,-73
-40,-149,-87,107,13,-130,78,60,-46,-111,-130,-123
-75,-193,-125,156,24,-173,115,81,-62,-140,-165,-135
-83,-222,-145,156,28,-197,121,97,-70,-186,-189,-162
-96,-226,-175,170,35,-205,141,102,-69,-162,-214,-202
-98,-240,-175,176,49,-182,149,111,-66,-182,-245,-182
-91,-260,-171,160,41,-208,153,82,-53,-191,-216,-177
-101,-258,-162,186,32,-210,146,107,-76,-178,-244,-165
-80,-246,-148,169,40,-199,135,89,-74,-168,-193,-167
-98,-226,-148,148,34,-185,105,70,-67,-167,-216,-162
-76,-185,-132,132,8,-152,119,84,-70,-157,-191,-141
-49,-196,-107,125,48,-150,97,71,-45,-141,-154,-116
-47,-156,-94,90,29,-133,67,62,-53,-133,-134,-103
-35,-121,-89,86,44,-98,71,51,-62,-93,-131,-92
-26,-115,-89,93,31,-99,72,35,-42,-88,-104,-97
-47,-90,-60,49,-2,-81,54,49,-9,-52,-76,-62
-33,-55,-47,58,-7,-49,56,10,-25,-66,-67,-52
-22,-61,-40,42,9,-52,36,21,-24,-37,-60,-39
-12,-40,-10,10,-3,-31,6,-7,-19,-13,-10,-4
-26,-31,3,24,25,-27,21,9,-23,-17,-29,-14
2,-19,9,24,19,-30,-7,18,-15,10,-27,-7
-27,-2,8,-13,4,4,-1,-4,0,-21,1,16
12,-3,9,2,18,19,-17,3,-5,-6,14,8
-8,4,-17,-7,42,9,4,18,30,15,-17,10
11,8,32,-11,2,20,11,-7,0,20,14,16
2,32,34,-6,-11,16,5,6,5,-11,-2,21
13,22,-2,-21,-7,20,-33,-25,5,1,19,0
-8,20,17,-14,-8,26,-33,-3,22,5,21,15
33,37,-1,-18,5,25,-13,-13,14,21,16,12
9,25,27,-19,2,53,-9,-20,1,1,11,12
13,26,7,-10,-7,16,-2,-9,-1,41,10,34
12,26,28,6,-24,8,-18,10,17,4,18,13
3,24,33,-21,-1,19,-48,-8,8,21,34,19
24,25,25,-23,3,30,-12,-15,12,8,47,1
-9,46,11,-37,-3,36,8,-22,34,29,30,32
4,45,21,-13,-3,12,-17,-12,7,4,44,40
24,45,31,-5,3,25,-35,-19,5,17,26,25
42,45,34,-12,-2,43,3,-36,-4,18,44,49
3,30,29,-19,-3,18,-14,-18,21,15,38,8
0,54,33,-37,-4,13,-27,2,21,37,36,30
7,35,30,-19,-17,34,-10,-29,-1,16,24,46
24,36,50,-32,0,33,-32,-8,6,19,36,37
12,41,28,-7,13,43,-26,-19,27,29,46,41
32,50,33,-18,1,47,-41,-41,6,53,17,33
36,43,36,-32,-7,45,-35,-28,19,53,28,33
10,54,31,-25,-15,39,-28,-30,18,40,42,29
33,63,33,-50,7,63,-14,-49,9,57,43,61
32,51,21,-43,-13,76,-17,-19,40,70,55,50
20,52,39,-38,0,66,-32,-18,14,55,58,35
11,91,41,-61,24,34,-41,-10,22,61,58,40
12,75,50,-62,-13,56,-55,-34,32,57,55,49
34,76,49,-63,-20,62,-34,-5,21,64,73,47
10,95,60,-69,-22,88,-28,-13,24,53,69,59
46,71,48,-54,-13,58,-32,-44,33,57,73,59
35,91,45,-62,-11,87,-46,-42,27,51,74,56
30,99,82,-69,-6,74,-52,-36,46,80,89,69
39,95,53,-89,-29,82,-56,-35,14,77,88,68
48,94,68,-85,-16,95,-57,-29,30,87,82,77
32,109,59,-63,1,82,-62,-56,41,49,76,74
24,108,65,-80,6,88,-73,-42,47,102,108,68
36,125,82,-87,-26,100,-64,-46,37,97,113,77
40,125,59,-76,-14,110,-53,-58,31,81,117,87
46,137,98,-90,-7,101,-74,-51,21,103,106,110
55,150,93,-81,-30,121,-63,-31,36,101,119,103
52,174,106,-100,-42,110,-71,-55,57,113,125,113
59,138,102,-73,-29,139,-79,-60,22,115,142,107
59,174,76,-97,-19,114,-99,-76,46,129,160,100
44,142,96,-106,-2,119,-89,-78,67,115,146,111
56,159,97,-117,-30,140,-110,-69,53,127,164,130
36,181,127,-98,-25,154,-92,-71,62,152,158,135
42,178,124,-110,-29,161,-126,-78,78,137,173,138
67,195,125,-151,-15,157,-116,-106,63,160,185,134
56,184,124,-145,-7,172,-116,-75,42,135,162,136
69,215,148,-125,-32,183,-116,-91,61,137,188,127
90,228,132,-139,-34,193,-120,-90,73,170,186,162
62,213,157,-141,-18,182,-116,-71,56,170,192,158
86,243,161,-160,-52,190,-112,-95,63,160,204,158
86,243,163,-170,-35,179,-138,-95,77,183,214,165
83,248,155,-190,-53,219,-135,-109,73,188,226,187
88,225,165,-173,-48,210,-139,-101,68,187,227,174
84,271,176,-201,-32,223,-154,-115,82,210,259,193
100,287,187,-183,-58,241,-130,-107,74,216,253,201
112,293,179,-206,-50,232,-149,-140,67,215,242,200
112,307,203,-207,-54,238,-173,-112,83,210,274,233
85,300,213,-203,-32,249,-180,-124,102,230,262,210
126,308,209,-207,-48,257,-182,-152,112,257,292,249
109,309,221,-206,-41,256,-182,-107,82,244,300,230
121,333,226,-238,-48,274,-185,-125,86,242,287,232
107,345,230,-239,-67,302,-165,-133,99,248,294,240
105,356,212,-229,-48,286,-206,-138,83,273,289,235
110,344,223,-241,-70,291,-192,-149,109,266,334,262
122,368,209,-262,-54,304,-198,-152,99,286,347,242
139,377,234,-237,-50,282,-219,-160,115,289,334,256
103,367,238,-236,-53,319,-223,-171,105,263,309,272
151,373,238,-253,-48,309,-216,-158,122,276,360,267
124,395,282,-263,-39,310,-229,-141,99,279,331,284
165,423,266,-263,-77,330,-205,-152,114,298,349,270
146,404,299,-285,-81,347,-204,-168,124,294,366,282
126,400,259,-268,-59,337,-223,-141,119,343,374,297
142,408,265,-282,-60,334,-227,-164,118,299,392,288
168,420,260,-292,-68,341,-224,-164,130,326,382,314
160,430,289,-266,-89,352,-244,-189,138,321,400,290
163,423,290,-304,-54,363,-239,-179,111,323,405,280
151,453,301,-297,-73,360,-239,-193,124,320,397,296
153,458,279,-327,-80,359,-240,-173,132,335,396,304
142,434,285,-298,-60,334,-246,-179,134,344,395,299
147,458,292,-302,-59,376,-225,-182,146,351,403,323
154,454,284,-305,-64,378,-239,-181,130,354,420,307
157,450,303,-303,-88,383,-268,-179,126,367,422,307
158,462,321,-322,-85,390,-246,-184,117,329,421,331
156,447,296,-328,-77,373,-263,-182,112,346,406,320
179,485,292,-301,-57,392,-237,-194,128,347,434,317
167,469,314,-356,-73,382,-267,-197,131,362,413,336
163,449,294,-299,-61,419,-251,-180,138,330,417,324
175,463,302,-319,-75,390,-291,-194,142,341,411,339
164,459,274,-316,-89,382,-243,-183,122,328,422,324
168,464,289,-328,-60,398,-264,-189,151,345,429,317
153,470,273,-336,-78,392,-266,-203,133,363,400,341
147,481,291,-311,-81,378,-243,-178,110,358,406,309
157,441,299,-308,-65,361,-252,-177,145,320,405,323
146,457,277,-284,-73,371,-253,-177,156,346,402,310
137,449,291,-296,-68,360,-228,-176,138,363,395,318
167,452,283,-307,-60,373,-269,-177,146,329,406,316
128,438,317,-295,-59,372,-237,-168,134,336,393,301
149,437,303,-271,-78,361,-228,-179,130,322,415,318
138,430,283,-300,-58,345,-220,-183,114,316,414,290
146,422,251,-303,-90,352,-217,-159,141,311,384,303
158,408,282,-274,-63,350,-223,-174,117,312,382,280
138,423,258,-270,-51,343,-246,-164,140,293,373,305
145,399,265,-274,-74,319,-218,-159,152,281,348,273
141,415,236,-257,-77,340,-206,-167,134,290,336,272
133,399,251,-256,-62,334,-212,-140,112,301,334,281
126,392,261,-266,-41,362,-218,-140,82,306,330,277
127,371,223,-274,-65,316,-177,-141,118,289,357,266
157,381,234,-270,-58,321,-220,-162,121,281,336,271
136,371,233,-255,-50,283,-197,-121,110,262,334,252
104,352,239,-240,-53,293,-175,-141,116,255,320,260
109,347,225,-233,-47,278,-188,-125,99,243,312,252
118,326,210,-228,-32,263,-166,-138,88,257,300,207
123,299,225,-219,-74,248,-173,-147,87,242,310,243
101,331,196,-223,-33,246,-160,-128,88,224,282,225
100,321,196,-199,-47,248,-153,-129,92,233,273,229
110,307,199,-230,-56,248,-150,-121,98,227,249,205
105,275,174,-199,-38,246,-140,-114,74,206,275,193
97,298,182,-207,-49,227,-146,-118,105,213,256,205
83,255,157,-193,-55,251,-159,-101,100,217,214,211
80,240,169,-166,-22,222,-133,-87,74,208,235,188
99,244,154,-179,-46,217,-134,-108,65,195,227,196
85,253,156,-165,-58,192,-126,-78,77,185,220,165
103,250,145,-181,-32,183,-109,-81,86,172,195,158
63,208,161,-165,-26,172,-120,-74,51,176,196,171
79,227,143,-128,-32,181,-99,-103,71,167,202,142
87,237,111,-135,-42,173,-118,-77,66,152,164,150
74,193,113,-130,-23,169,-104,-72,58,150,160,149
68,182,124,-134,-35,142,-106,-74,49,136,158,130
57,186,120,-112,-37,134,-104,-74,58,119,151,137
39,172,107,-90,-18,138,-115,-68,57,125,128,125
69,150,77,-77,-24,146,-98,-65,60,107,137,116
43,172,49,-105,-10,132,-103,-66,34,129,130,103
50,164,86,-92,-24,110,-67,-53,37,99,106,101
59,123,72,-104,-25,113,-61,-60,41,92,130,84
35,126,72,-68,-11,99,-53,-69,21,77,102,97
43,116,69,-54,1,103,-60,-70,28,96,123,89
41,102,69,-78,-14,90,-61,-17,30,95,88,61
51,106,82,-60,-24,88,-56,-37,36,92,72,65
39,109,67,-74,-22,67,-78,-34,35,63,73,52
4,111,79,-53,-6,91,-38,-53,35,64,76,57
23,83,67,-57,-15,85,-42,-24,29,70,72,48
1,85,48,-51,7,51,-27,-22,-2,55,79,73
23,83,47,-71,9,79,-28,-29,15,56,60,44
47,42,50,-47,9,44,-34,-27,0,52,63,55
31,57,52,-64,-17,38,-35,-13,27,47,48,40
17,39,36,-31,-3,40,-16,-39,30,52,47,40
6,53,46,-44,-15,31,-34,2,12,66,33,26
20,50,31,-45,-26,26,-20,-36,7,33,61,7
36,36,12,-16,-17,33,-16,-10,32,37,27,12
23,61,37,-15,-15,41,-30,-4,12,25,34,27
15,15,56,-22,-10,15,-33,-19,10,29,34,7
4,18,16,-5,1,22,-29,-18,-13,18,45,20
9,32,8,-17,4,23,-11,-7,-13,25,18,9
7,27,22,-10,-29,27,-28,-6,21,-1,2,-3
-2,11,-7,-28,12,17,-5,-16,-4,39,13,8
-3,14,15,-14,-7,4,13,8,7,19,2,11
1,-10,20,-27,-11,18,3,1,2,-23,1,33
15,10,12,-10,17,9,-1,2,15,10,4,5
6,0,7,0,-15,-11,7,0,2,21,0,7
-7,6,0,-1,16,14,-13,-6,-19,-8,5,-17
14,-5,18,-12,1,12,-7,-3,0,19,-8,10
-15,0,5,-11,-17,4,18,0,4,-13,-18,24
5,-2,-11,-6,-3,-16,-23,-7,3,-24,-7,-10
-22,14,-18,-2,-9,-17,-8,14,-13,4,-15,-20
-12,1,-8,-3,-12,-9,12,1,-14,-22,5,-14
15,-2,-10,-5,2,-6,17,-3,-4,1,-16,-11
9,-18,-19,22,24,-11,8,19,2,6,-12,-8
6,-15,-15,6,-2,-24,-11,-1,3,-6,9,-19
-9,-20,-11,12,-7,-7,8,23,-8,-13,-25,-9
-9,-7,-2,15,-4,-21,-11,14,-4,-24,-3,-11
7,-5,-20,5,30,-10,0,-12,-10,-17,-6,-22
16,-5,-26,6,-14,-9,5,-11,3,-16,-19,-35
8,-4,-17,14,-5,-4,15,18,-19,-23,-14,-17
-17,-25,-3,-6,1,0,12,-25,24,-31,-44,-8
-14,-10,-17,31,23,-13,5,-4,4,-14,-25,21
4,-28,6,-6,-11,-22,19,27,3,0,-30,-24
13,0,-13,16,-4,-4,-1,27,17,-22,2,-11
-15,-6,-2,14,9,-36,13,-8,1,-13,-40,-5
9,-25,-7,24,-2,9,4,1,-13,-20,-11,-11
-27,-3,-16,20,19,-22,9,24,-6,-27,-25,-20
-23,-5,-9,8,15,-26,7,9,-17,2,-46,-7
-33,8,-17,17,0,-20,40,6,-13,-20,-5,-10
21,-8,-3,2,-11,-15,11,9,-17,-22,-33,-4
-8,-11,-1,23,17,-23,4,11,-27,-16,-12,7
1,-45,-4,19,0,-21,4,-21,-12,-27,-13,-8
-20,-31,-19,22,-7,-31,7,13,-3,5,-30,-14
-33,-3,0,2,18,-39,6,-15,3,-27,-15,-23
-17,-27,-3,23,26,-21,17,45,-9,-26,4,-18
-32,-45,-23,10,18,-37,30,9,-44,-29,-25,-35
4,14,-21,-6,-10,-21,17,20,-34,-2,-5,-1
-10,-18,-21,25,-8,-25,3,-6,2,21,-14,-29
-1,-40,-5,12,-11,-30,5,5,-26,-2,-26,-10
1,-21,-16,5,23,-26,17,14,-9,-5,-2,-28
19,-16,-15,10,6,-20,26,3,-20,-4,-14,-22
-11,-28,-3,45,-13,-18,17,-5,-13,-13,-8,-5
3,-16,-14,-12,-8,-21,20,-6,-9,-14,-31,-7
-37,-18,-7,0,9,-11,13,1,-8,-23,-23,-30
-8,-54,1,6,4,-28,23,-10,-16,-23,-23,-49
25,-32,-24,17,9,-36,26,13,3,-24,-16,-18
-31,-21,-18,7,-2,-11,25,-11,-1,-11,-5,-32
-6,-23,-8,29,10,-5,2,-9,11,-28,-30,-24
-17,-29,-22,10,21,-12,-8,16,-10,-29,-43,-19
-29,2,-12,35,-2,-24,-6,21,-13,-30,-20,-9
-7,-5,-21,23,-8,-11,18,1,-8,-8,-7,-13
0,-15,-11,24,10,-33,14,8,16,-17,-14,-9
-12,-20,-4,36,0,-3,26,-16,-29,-7,-10,-7
-24,-27,-7,17,10,-19,13,12,8,-6,-8,-7
-2,-23,-9,13,3,-13,7,19,-14,-11,-14,-23
-12,-19,-23,8,-7,-6,22,12,11,-10,0,-3
-1,-8,-18,20,21,-22,-4,-2,2,-8,-20,-33
16,-27,-2,10,-6,-29,49,-9,3,-2,-29,-18
-6,-13,-19,3,-1,-10,-3,-7,-24,-14,-23,2
-23,-13,-4,-5,-4,-38,7,4,12,-10,-24,-36
-20,-9,-9,8,-8,-28,4,21,2,-17,-19,-9
-9,-25,-23,15,-4,-36,18,-11,2,1,-26,4
-27,-36,-5,-2,5,-24,3,10,-19,-9,-13,-26
-19,7,2,21,8,-18,7,36,-9,-11,-6,-36
7,-25,10,6,11,-13,8,5,4,-2,-37,-12
3,-3,15,11,11,-10,7,5,6,-5,-19,-3
-10,-30,-7,-3,12,-21,4,6,-6,-15,-48,-17
18,-13,-5,22,9,4,8,18,-30,-10,-20,-22
-14,-15,-4,6,17,-12,35,-10,-16,-16,-11,-3
-6,-38,-11,22,-12,-34,1,2,16,-15,-18,-9
-3,-20,-25,30,-7,-27,11,18,-18,-10,-24,-21
-11,-3,-3,5,-6,-10,12,6,-1,-12,-8,-15
-11,-16,-31,19,17,-32,16,27,-9,-23,-2,-11
17,-2,0,7,-2,-33,19,21,-3,-1,-37,-26
-1,-17,-13,-3,3,-31,40,32,3,-3,-24,-20
-8,-17,1,32,-20,-41,-11,7,-18,-10,-39,-9
-17,-35,3,0,-8,-9,38,-6,1,-8,2,1
-7,-15,9,8,21,-20,18,-2,-10,-4,-4,-5
-10,-27,-26,5,-25,-14,6,2,-3,-24,-23,-41
-12,-7,-34,28,-1,-10,21,-2,1,-24,26,-10
-10,-16,-25,12,-10,-5,15,38,-22,-7,-6,-37
-10,-36,-20,-4,8,-1,14,13,-16,-2,-8,-18
7,6,-17,15,4,-12,11,-1,-4,-4,-35,-25
5,-6,-19,13,-5,-3,5,15,-9,-24,-19,-29
-10,-20,-21,1,2,-8,13,-4,-6,-34,-18,13
-12,-20,-17,13,-8,-25,39,33,0,5,-17,8
-8,-2,-9,30,12,-2,28,27,12,-34,-15,0
-7,-12,-18,26,-10,-19,5,9,-4,-9,-16,-15
3,-20,-1,5,13,-9,11,11,0,-48,-35,-3
1,-33,-17,-2,-7,-23,-2,8,2,-19,6,-2
10,-15,-23,13,-12,-8,4,13,-1,1,-22,-5
-15,1,-23,-1,8,11,8,28,-8,-20,-7,-25
-18,-46,-16,4,12,-22,23,15,-10,-5,-23,-6
-23,-10,-14,6,19,-12,6,-1,-14,-9,-21,-14
8,-11,-9,1,16,-15,33,14,-4,-23,5,-4
-20,-16,7,17,-6,-32,5,-13,-11,-16,-28,-1
6,-14,-10,24,-6,-27,30,0,-11,-2,1,-12
-10,-21,-11,19,18,-22,23,-5,-16,-2,-24,3
-15,-27,-13,5,-1,-22,10,-15,6,-3,-9,-18
7,-50,-11,1,7,-25,-4,23,-7,6,-14,-9
-8,-40,-34,8,8,-23,10,9,-39,-36,-21,-8
-29,-26,-21,5,-19,-30,19,15,-1,-19,-13,-2
-3,-3,-7,11,10,1,3,5,-8,-12,-20,-20
-5,-23,-17,-14,-6,-18,16,5,-2,-35,-20,-24
7,-21,4,13,-21,-3,17,9,-23,-7,-11,-26
7,28,-15,30,-15,-11,1,25,-1,-18,-48,-14
-9,-17,-3,17,-1,-27,2,1,2,-37,-32,0
-15,-31,-3,2,0,-20,-4,5,-8,-22,-29,-11
-20,-13,1,14,-23,-27,11,15,-13,-27,-27,-23
-18,-37,16,33,25,-21,13,-5,6,-4,-26,-33
-5,-3,-4,7,-3,-11,15,1,12,-28,-7,-24
-15,-16,-20,7,6,-22,37,4,5,-7,-20,-3
-5,-17,0,10,-6,-2,-6,1,-1,-25,-24,-18
-11,-14,7,11,-20,0,9,16,-20,1,-13,-16
-29,-13,-39,-8,-7,-29,3,3,11,2,3,-6
8,-17,-32,26,6,-21,16,-3,6,28,-23,-10
-10,-20,5,4,-8,-11,14,12,13,-2,-24,-4
-33,-9,-18,20,13,13,32,-26,-6,6,-2,-10
-4,-9,10,11,-5,-1,-9,1,-5,-16,-7,-12
-5,-14,14,0,-15,-11,26,24,-8,-5,9,-10
-6,-10,-23,22,6,-12,8,9,3,1,-1,9
6,-7,11,3,3,-40,-7,13,-12,1,-11,9
11,-19,-7,11,-7,-7,6,30,2,-7,-37,10
1,4,-10,-22,-9,11,24,10,-1,-5,0,-6
-2,15,-19,4,-2,-6,-8,-3,-9,7,-5,-4
3,3,8,-5,6,-1,-13,-12,-11,27,7,12
-8,12,1,8,4,0,17,31,8,13,-1,9
-7,7,4,-9,-2,-3,-12,11,-13,8,-21,3
-14,-17,4,2,-2,24,9,8,16,6,-14,12
-19,6,-2,18,14,32,-26,2,6,21,-8,7
-1,-2,10,6,-2,3,-1,-16,1,-2,4,10
12,8,12,3,8,19,-17,-17,8,1,-22,7
14,12,27,-7,7,12,-32,-15,1,23,26,-5
16,25,30,-4,5,20,-5,-10,8,40,21,22
-4,24,36,-16,-7,33,8,-13,11,9,28,20
23,23,21,-16,16,40,-1,-21,5,14,37,42
23,33,34,-31,26,38,-24,-16,4,55,45,14
17,36,15,-26,-12,40,-6,-7,8,26,41,61
14,68,25,-46,-14,60,-22,-48,-1,44,60,17
34,47,25,-30,-1,47,-34,-8,7,25,57,52
34,49,32,-22,-5,39,-33,-32,26,22,42,37
36,54,51,-71,-2,55,-45,-19,14,41,63,52
26,61,29,-41,-6,43,-60,-47,26,63,54,36
43,99,36,-42,-8,68,-44,-49,26,46,61,43
35,113,62,-63,-34,61,-40,-29,19,42,72,70
57,93,66,-52,-19,88,-50,-37,21,78,69,75
45,100,59,-97,-22,91,-46,-64,23,63,113,69
62,109,59,-75,-13,99,-75,-37,44,82,110,82
42,137,101,-86,-11,87,-80,-44,47,95,107,111
47,144,80,-97,-23,86,-62,-35,41,93,115,104
54,139,82,-115,-26,126,-79,-61,19,113,131,114
45,154,96,-113,-21,147,-76,-53,14,98,142,87
56,150,112,-99,-10,126,-110,-70,57,113,139,116
72,174,106,-126,-6,143,-97,-63,41,121,160,136
54,179,92,-125,-16,148,-86,-92,69,134,147,111
58,195,109,-116,-15,151,-98,-66,70,137,168,128
69,190,113,-145,-10,162,-105,-67,59,129,163,130
56,177,110,-131,-26,178,-107,-97,41,150,185,122
66,210,155,-135,-31,178,-113,-72,67,154,174,128
87,215,139,-153,-46,177,-114,-93,50,158,186,157
68,236,148,-156,-35,179,-109,-82,69,178,196,151
87,236,138,-160,-42,190,-135,-107,69,175,185,161
43,219,144,-155,-25,191,-134,-85,87,179,228,167
94,253,174,-159,-32,180,-124,-110,72,166,208,169
72,240,161,-178,-44,210,-132,-103,74,189,201,164
89,260,146,-173,-23,212,-137,-87,85,201,213,176
100,235,145,-150,-48,224,-131,-105,80,200,197,186
85,229,158,-178,-54,204,-128,-111,59,205,233,186
112,239,188,-186,-35,225,-148,-94,70,198,223,166
93,258,165,-187,-47,205,-136,-86,70,188,235,158
82,255,141,-179,-44,202,-134,-96,89,188,231,178
73,250,154,-184,-47,221,-134,-109,64,191,219,165
107,259,150,-171,-43,231,-129,-102,83,184,246,177
80,231,146,-161,-58,213,-160,-96,78,166,224,176
61,244,179,-198,-36,200,-135,-82,76,187,222,194
80,228,171,-162,-24,203,-137,-89,92,178,224,180
85,234,169,-173,-20,200,-156,-91,63,188,212,144
84,245,151,-147,-47,206,-142,-95,76,190,220,165
85,228,162,-135,-30,180,-136,-94,78,167,219,177
79,223,132,-135,-45,191,-126,-93,50,178,191,150
85,187,156,-131,-20,190,-118,-101,90,137,202,166
70,191,140,-142,-16,176,-98,-70,53,185,179,136
53,200,147,-128,-27,162,-105,-92,66,141,173,138
58,202,129,-140,-27,159,-108,-65,58,146,182,122
74,183,123,-135,-29,147,-114,-61,74,138,163,114
68,177,100,-128,-7,164,-93,-54,62,122,144,153
54,172,86,-111,-45,138,-78,-82,34,124,149,86
65,149,92,-114,-12,128,-74,-53,39,121,133,115
48,157,77,-94,-26,127,-96,-58,53,110,149,90
55,145,76,-89,-11,116,-89,-49,36,118,128,90
51,124,73,-118,1,91,-82,-51,39,97,104,83
25,119,70,-74,-36,92,-66,-52,35,77,134,71
30,114,80,-69,-15,89,-69,-49,47,71,95,90
27,91,56,-72,-8,84,-40,-55,41,85,97,76
22,105,74,-57,-17,72,-59,-66,44,58,98,68
20,72,41,-49,-20,92,-32,-31,26,57,87,67
26,85,59,-51,-14,42,-27,-31,11,32,73,65
25,59,31,-47,-7,56,-30,-11,30,51,58,42
19,73,58,-29,-15,55,-30,-18,21,43,43,63
18,57,20,-33,-12,52,-30,-11,-2,37,36,37
26,51,43,-24,-8,29,0,-22,16,21,43,26
-2,28,7,-9,-6,46,-11,-32,3,54,27,52
2,39,47,-33,3,33,2,1,0,23,55,46
-2,23,6,-12,-20,35,9,-7,22,17,27,10
16,31,20,-15,9,21,-4,-20,17,4,30,4
15,3,13,12,6,32,3,-11,16,1,39,0
-7,-8,12,11,8,13,-5,-5,12,5,11,11
-13,12,-12,-2,-2,3,-22,9,4,-2,-11,4
-12,10,-4,1,2,1,30,10,-35,-15,10,-2
11,-26,-1,-27,6,12,7,17,-3,-4,0,-15
0,-4,0,1,-3,10,0,10,-9,14,-5,7
10,-12,-15,29,-2,-16,-15,8,12,-8,-30,-2
-3,-8,-16,5,10,-12,-3,-9,24,-28,3,19
-12,-12,-16,-9,0,3,7,-1,8,-3,-7,-9
-13,-9,-7,0,1,-11,14,2,-36,4,-20,-16
5,-23,-24,16,8,-22,-8,7,-5,-7,-34,5
2,-17,5,13,5,-7,-3,9,-7,9,-5,0
-8,-10,-21,-15,-11,2,6,-3,-24,-19,-42,-13
-10,-22,-21,21,-9,4,15,1,-32,-6,-3,0
-1,-33,-8,13,-18,-10,6,-1,-15,-34,-20,7
-44,-41,-20,20,17,-60,34,19,-6,-14,-14,-15
-28,-18,-42,0,-2,-46,20,3,-3,-18,-17,-16
-20,-43,-19,22,-2,-40,21,8,-11,-32,-38,-50
-3,-62,-47,17,21,-31,23,23,-12,-15,-40,-19
-3,-59,-18,62,41,-34,42,23,-7,-39,-36,-52
-14,-81,-37,22,6,-58,30,35,-25,-38,-57,-45
5,-63,-38,34,4,-60,36,43,-38,-56,-55,-31
-20,-76,-48,42,9,-54,28,35,-27,-61,-87,-59
-16,-74,-66,55,57,-78,52,46,-32,-82,-65,-59
-22,-99,-81,74,24,-86,53,74,-46,-74,-82,-70
-39,-158,-66,84,45,-100,66,48,-26,-80,-108,-86
-59,-116,-97,83,34,-112,67,58,-32,-95,-104,-78
-45,-144,-86,109,21,-113,85,54,-37,-122,-127,-91
-45,-163,-78,100,16,-131,77,38,-64,-127,-140,-94
-61,-181,-92,106,20,-145,85,62,-82,-137,-145,-127
-81,-178,-102,123,18,-129,91,63,-30,-129,-158,-143
-69,-188,-121,122,19,-169,93,70,-61,-152,-188,-136
-63,-178,-143,117,0,-152,84,66,-63,-136,-196,-150
-87,-184,-133,146,6,-177,88,99,-63,-132,-189,-155
-61,-217,-135,158,38,-179,122,88,-81,-159,-184,-173
-79,-203,-136,142,18,-156,104,102,-53,-159,-172,-141
-77,-205,-150,133,43,-179,109,95,-40,-162,-191,-146
-94,-192,-132,148,11,-155,100,86,-71,-142,-170,-152
-53,-191,-119,142,24,-165,96,82,-47,-112,-148,-106
-59,-122,-100,107,19,-126,85,86,-29,-105,-152,-88
-28,-94,-68,81,19,-76,34,43,-20,-75,-97,-75
-30,-51,-51,38,2,-31,12,33,-20,-30,-58,-31
-2,5,-1,-5,-9,-8,17,6,8,-8,-29,-35
15,66,39,-44,-30,67,-65,-23,32,78,54,43
54,154,80,-115,-11,106,-72,-63,59,120,120,90
82,218,119,-165,-19,184,-142,-88,61,146,208,176
113,330,203,-210,-54,250,-172,-128,101,248,274,230
134,431,281,-274,-68,363,-225,-167,133,325,369,298
189,500,331,-333,-88,421,-276,-183,127,382,450,334
232,607,387,-400,-104,519,-346,-243,184,445,550,437
243,722,450,-486,-83,567,-395,-296,210,554,631,514
312,802,542,-556,-104,673,-443,-309,257,611,714,560
304,897,576,-603,-132,708,-518,-339,267,667,793,639
326,956,635,-650,-153,807,-520,-387,290,735,849,671
353,1042,671,-673,-146,858,-564,-394,286,781,920,723
378,1067,701,-738,-149,877,-576,-425,303,796,949,748
387,1086,704,-746,-166,900,-587,-414,332,783,970,757
356,1066,707,-744,-140,861,-612,-442,323,796,997,756
372,1071,701,-708,-164,876,-580,-422,321,788,925,743
353,1002,643,-667,-155,821,-532,-415,323,771,915,704
344,937,634,-663,-161,796,-540,-368,268,731,861,680
285,878,563,-595,-135,717,-498,-368,295,651,787,613
265,779,507,-531,-112,629,-418,-312,238,576,709,532
230,690,450,-456,-72,567,-356,-265,191,513,611,491
203,587,377,-393,-110,482,-304,-245,166,431,529,398
165,472,318,-294,-88,360,-266,-200,159,374,405,332
127,365,236,-253,-37,292,-207,-131,118,272,321,220
82,254,175,-160,-34,198,-138,-105,93,188,235,174
58,158,122,-121,-9,132,-67,-76,48,101,153,111
32,79,49,-35,-11,46,-22,-11,4,29,40,38
9,-1,8,11,-4,-3,-8,2,10,-16,-25,-16
-41,-74,-54,47,10,-81,34,15,-36,-66,-85,-55
-42,-132,-90,91,8,-121,83,55,-18,-99,-123,-97
-66,-187,-143,129,38,-164,106,72,-54,-155,-192,-113
-108,-238,-138,125,35,-170,113,87,-52,-152,-192,-158
-94,-263,-141,185,53,-236,140,98,-61,-186,-228,-171
-94,-274,-185,168,44,-233,150,122,-71,-192,-232,-185
-112,-282,-175,218,13,-213,153,123,-95,-208,-252,-195
-100,-286,-181,207,39,-218,146,121,-91,-174,-253,-207
-81,-263,-156,175,28,-209,147,94,-81,-217,-244,-204
-97,-252,-168,184,42,-203,162,114,-83,-170,-197,-187
-96,-235,-160,169,44,-187,119,100,-74,-167,-196,-187
-72,-220,-138,136,34,-204,124,84,-46,-161,-187,-141
-95,-197,-130,133,27,-180,119,95,-66,-158,-166,-155
-77,-190,-97,124,2,-135,113,88,-67,-119,-157,-124
-61,-148,-106,123,11,-118,81,48,-52,-97,-134,-102
-36,-150,-82,95,20,-114,86,56,-70,-106,-124,-81
-28,-99,-68,56,43,-102,51,37,-38,-96,-108,-85
-37,-118,-78,75,32,-87,79,43,-30,-67,-89,-82
-31,-64,-51,62,0,-75,45,29,-25,-51,-67,-55
-29,-75,-36,45,5,-66,30,19,-30,-52,-57,-58
-17,-47,-40,59,6,-64,13,20,-6,-34,-43,-28
-15,-43,-20,37,-3,-60,26,26,-2,-30,-66,-26
-27,-65,-37,46,-5,-26,27,34,-14,-33,-6,-22
-25,-19,-20,27,11,-54,17,41,-10,-14,-33,-40
-9,-37,-17,8,14,-15,26,4,13,-38,-39,-40
-18,-18,-11,2,-2,-25,18,-3,5,-3,-26,-14
-2,-7,-10,15,8,-21,19,23,-12,-39,-20,-36
-2,-20,-23,26,-2,-13,-6,9,9,-13,-22,-12
10,-21,-13,14,17,-10,-7,13,-6,-27,-18,-20
-7,-4,-28,19,16,-3,-5,-1,4,-23,-21,-11
6,-20,11,17,-11,-18,10,15,-30,-3,-33,1
2,4,-14,-9,-2,-13,1,-2,5,-3,-10,-15
-2,-11,-8,-1,-1,-11,-2,-30,-13,2,-15,-25
-5,-6,-26,15,-15,-4,18,17,-27,-17,-11,12
-2,8,-41,31,9,-14,-3,7,-9,-7,-13,-5
-3,-30,-3,-11,-15,0,-1,14,-15,3,-15,-14
-8,-19,-11,0,4,-3,2,9,12,-15,-18,-4
6,-7,3,0,32,-14,29,9,0,1,3,-14
0,-32,-4,2,-11,10,-15,25,-24,17,-19,-22
-21,-14,-9,2,-16,-3,-2,-22,-1,6,-10,-6
-3,10,-11,1,-8,4,-20,-4,4,-4,-17,-10
-18,-10,-10,9,-15,5,16,5,-9,3,4,2
5,9,6,7,5,14,-7,-3,8,-12,5,1
-10,16,-1,-4,-9,20,3,10,14,8,13,1
-10,-1,19,-2,-16,20,-9,0,7,10,2,-7
-4,21,8,-11,2,10,-12,-6,-7,19,-26,16
13,2,-3,-6,-10,35,0,-1,23,17,9,12
0,20,12,9,9,3,-5,-5,-10,22,5,21
-10,30,20,1,26,14,10,21,16,11,2,20
3,17,25,6,-23,16,-15,14,-6,8,6,28
-21,26,12,-7,-5,33,-12,-12,-2,1,43,21
6,13,24,-31,20,33,-20,-25,2,34,11,44
25,21,11,-33,23,29,-8,-17,-3,26,15,20
5,51,12,-33,-19,43,11,-14,14,27,34,42
31,41,22,-45,-22,32,-19,-16,11,10,27,30
19,35,13,-31,-7,36,-21,-22,22,38,44,43
24,41,6,-31,-4,30,-41,-21,19,40,34,17
12,44,31,-32,-5,47,-43,-9,22,42,51,38
5,50,55,-32,-5,43,-25,5,30,48,45,59
33,65,24,-57,2,49,-29,-10,15,43,57,44
11,99,44,-40,11,78,-27,-34,19,46,50,38
31,79,67,-51,-9,78,-42,-30,4,54,59,34
53,84,53,-52,-16,60,-56,-41,18,73,65,54
34,71,63,-85,-1,55,-64,-45,12,69,74,66
29,74,68,-76,-19,69,-75,-44,19,81,68,59
11,104,62,-74,-6,89,-46,-39,40,77,94,71
46,105,77,-78,-11,90,-58,-46,31,93,100,82
66,109,85,-73,-19,87,-69,-44,57,96,116,79
41,135,78,-56,-12,104,-43,-45,38,81,87,92
57,138,71,-87,-5,95,-94,-52,36,82,116,94
57,130,76,-84,-30,117,-70,-67,41,107,102,105
75,144,76,-94,-12,120,-77,-50,28,109,116,96
53,192,82,-113,-37,155,-75,-61,54,102,137,109
64,154,99,-106,-54,131,-90,-62,48,121,163,113
47,166,111,-112,-30,160,-86,-88,67,132,150,127
62,181,113,-110,-27,164,-89,-53,65,136,151,127
66,194,132,-110,-35,146,-89,-70,60,129,174,140
62,191,121,-107,-33,176,-108,-81,85,143,183,145
76,203,147,-138,-23,190,-114,-71,70,154,210,137
81,220,126,-155,-45,182,-112,-76,55,175,181,130
79,211,145,-160,-33,192,-118,-108,75,178,205,183
76,250,149,-165,-23,165,-127,-101,65,158,206,168
101,234,158,-153,-51,195,-156,-116,77,188,213,183
98,248,165,-149,-23,223,-141,-100,52,186,219,187
114,261,163,-177,-9,210,-130,-108,68,213,237,174
95,246,171,-182,-28,229,-129,-85,94,201,246,180
92,266,179,-179,-24,223,-146,-126,91,190,232,177
107,258,152,-199,-39,244,-150,-107,75,192,252,206
107,283,148,-191,-49,239,-143,-96,93,212,255,202
110,296,203,-190,-60,251,-156,-133,95,217,271,198
86,306,207,-200,-23,263,-159,-106,101,225,266,203
103,294,231,-205,-42,252,-181,-132,106,232,288,232
108,316,194,-210,-30,271,-200,-108,75,233,290,224
113,328,237,-215,-43,263,-177,-124,91,254,294,234
122,353,208,-245,-44,271,-189,-136,107,242,290,229
115,329,215,-215,-60,274,-187,-152,102,267,300,238
131,375,218,-235,-49,288,-189,-148,112,222,291,262
120,355,225,-234,-65,296,-202,-140,85,274,330,226
127,346,239,-244,-56,313,-175,-149,107,254,324,262
118,378,237,-263,-48,310,-193,-156,123,289,321,256
120,349,229,-255,-67,303,-211,-147,99,287,326,262
126,376,264,-255,-61,291,-206,-147,100,274,338,268
150,349,231,-253,-53,322,-199,-171,112,266,328,264
141,365,245,-247,-52,304,-190,-168,126,275,313,260
124,390,265,-263,-71,298,-211,-148,124,278,343,260
153,362,248,-244,-58,308,-219,-142,114,288,322,263
130,393,237,-255,-52,329,-215,-170,115,300,341,277
143,377,270,-261,-66,302,-223,-144,120,274,380,310
131,396,250,-241,-69,301,-183,-168,134,287,335,268
122,396,267,-276,-43,311,-209,-165,115,316,349,259
145,414,259,-276,-57,330,-215,-145,108,288,340,269
114,406,250,-261,-66,305,-203,-160,106,289,349,276
135,381,244,-272,-33,319,-232,-160,111,297,352,260
146,400,254,-268,-60,338,-203,-171,119,293,380,279
137,396,241,-252,-36,342,-226,-146,127,277,354,285
123,377,268,-265,-48,311,-211,-170,115,290,327,292
115,376,256,-242,-77,292,-221,-164,90,284,353,258
138,367,229,-247,-39,299,-203,-156,111,287,345,242
123,370,253,-254,-67,317,-207,-161,128,290,334,260
126,365,251,-246,-56,311,-228,-166,111,289,334,277
127,372,222,-239,-59,290,-203,-131,92,254,331,262
123,350,209,-230,-28,308,-190,-141,107,258,328,248
131,339,247,-249,-47,286,-168,-144,94,258,311,221
109,336,202,-238,-52,300,-194,-116,114,253,307,233
100,318,197,-231,-55,287,-190,-144,81,256,299,236
106,339,205,-228,-54,265,-177,-122,106,233,300,227
110,320,215,-226,-43,277,-177,-132,103,230,288,209
99,336,226,-219,-52,242,-188,-126,81,227,270,224
96,295,205,-219,-56,247,-157,-108,105,230,271,220
87,294,191,-233,-73,255,-157,-120,104,226,259,225
97,286,185,-199,-48,238,-189,-81,70,223,265,201
103,272,180,-187,-41,230,-134,-131,75,196,240,202
83,280,189,-170,-34,215,-159,-94,91,208,233,209
74,290,191,-177,-59,218,-127,-91,81,200,231,193
99,250,156,-169,-48,219,-123,-94,84,185,228,157
88,264,163,-164,-25,199,-113,-112,75,171,239,165
98,237,139,-139,-51,209,-141,-91,93,197,193,151
82,249,141,-160,-45,183,-138,-88,58,181,229,165
92,240,126,-162,-32,163,-118,-88,83,160,200,172
55,201,140,-129,-42,165,-124,-94,55,153,201,144
69,183,145,-143,-34,153,-106,-64,55,151,178,138
59,183,123,-123,-17,175,-115,-71,75,142,155,124
82,172,115,-130,-37,136,-110,-68,61,155,155,131
60,164,103,-129,-19,155,-99,-79,37,141,138,111
41,146,99,-104,-28,126,-112,-56,50,132,139,113
81,150,90,-89,-26,140,-88,-61,61,124,129,115
45,168,76,-108,-22,124,-86,-54,59,105,108,94
36,141,94,-80,-12,117,-65,-55,49,100,131,94
37,129,80,-91,-21,126,-70,-47,41,96,130,93
48,132,88,-85,0,100,-60,-65,21,57,111,98
23,116,73,-67,-39,89,-56,-40,16,87,97,79
34,93,65,-85,-25,72,-78,-37,30,75,104,60
36,93,64,-70,-2,87,-54,-34,27,43,84,42
14,83,43,-83,-14,78,-55,-27,48,49,62,68
-3,60,29,-80,-12,64,-7,-35,15,42,58,60
19,67,35,-52,-23,51,-31,-13,29,44,55,57
12,60,40,-27,-22,44,-28,-29,16,31,45,38
-15,56,42,-32,-20,38,-18,-27,19,28,55,48
21,59,39,-35,18,50,-20,-19,34,35,47,39
23,59,35,-15,-11,19,-15,-26,16,33,31,17
19,21,20,-17,-2,0,-26,-4,6,37,47,17
12,18,33,-14,-6,19,-23,-17,6,-3,11,23
26,44,9,-26,9,14,-26,-8,-3,20,13,19
12,19,21,-2,4,-8,-2,-2,-6,14,-5,-10
-25,-1,21,-20,6,9,-8,-10,3,43,31,38
14,11,9,-9,-11,-7,7,-11,-4,-4,34,10
-9,17,-10,-17,-2,-10,2,-16,7,-4,2,4
-13,-22,12,31,-9,2,17,-5,-18,-10,-10,-12
6,-12,8,33,-1,6,15,8,2,-13,-2,-8
12,-9,-11,30,15,5,9,15,-15,-11,-17,-2
-22,-8,6,3,1,-4,28,7,-18,-34,-28,-12
-6,-40,3,5,-8,-28,-3,-4,17,-34,-21,-28
-15,-32,-21,13,8,0,18,17,-10,-26,-13,-20
-3,-37,-33,28,15,-10,14,4,-18,-18,-8,-30
-20,-42,-31,18,-1,-11,26,14,-10,-36,-30,-25
-20,-19,-23,7,-9,-23,-3,13,-14,-28,-36,-9
-21,-45,-23,17,11,-13,27,11,5,-39,-40,-32
-15,-56,-52,43,0,-25,7,21,-25,-4,-35,-27
-5,-58,-13,35,-14,-54,35,13,1,-29,-43,-10
-21,-57,-35,26,11,-46,16,6,-10,-51,-15,-35
-24,-65,-41,59,-17,-37,23,31,-52,-21,-29,-25
-27,-50,-30,17,-14,-23,45,5,-11,-36,-42,-20
-23,-85,-15,23,-3,-16,36,16,-14,-43,-64,-53
-28,-52,-34,40,12,-55,43,23,-5,-33,-34,-19
-32,-52,-24,56,27,-53,40,11,-15,-44,-56,-50
-21,-62,-42,48,7,-50,38,48,-9,-36,-63,-49
-15,-47,-51,55,21,-50,39,23,-30,-34,-56,-58
-12,-48,-44,43,32,-60,34,29,-31,-44,-65,-40
-29,-78,-38,46,0,-52,9,26,-19,-49,-58,-58
-5,-50,-40,29,25,-63,41,30,-23,-60,-41,-79
-16,-72,-21,43,35,-54,39,-1,-28,-53,-56,-44
-10,-75,-46,54,-4,-60,32,31,-22,-34,-42,-42
-13,-76,-34,37,6,-70,46,22,-5,-33,-70,-44
-40,-49,-42,61,9,-61,24,14,-38,-38,-47,-24
-62,-75,-59,31,9,-64,33,34,-19,-33,-52,-36
-29,-66,-52,38,9,-75,42,24,-7,-54,-32,-78
-12,-84,-48,63,-5,-58,3,15,-26,-59,-74,-36
-4,-58,-64,56,-1,-57,59,45,-26,-45,-80,-60
-1,-79,-41,38,17,-55,49,33,-13,-60,-53,-38
-37,-66,-40,55,-10,-83,45,14,-29,-29,-66,-55
-50,-74,-67,42,17,-48,36,2,-30,-59,-70,-51
-20,-70,-54,56,-7,-75,44,31,-19,-40,-48,-54
-39,-58,-39,45,20,-78,30,22,-31,-80,-47,-52
-34,-68,-69,34,-2,-74,36,27,-16,-62,-63,-55
-35,-67,-41,52,-7,-59,51,39,-27,-48,-62,-53
-45,-60,-26,58,23,-56,46,27,-22,-91,-77,-40
-21,-76,-56,62,14,-76,64,27,1,-66,-69,-59
-20,-72,-35,68,-5,-65,32,27,-23,-67,-69,-65
-33,-55,-70,58,18,-47,49,20,-2,-37,-93,-45
-18,-65,-50,49,-5,-61,13,27,-22,-47,-55,-41
-1,-78,-38,71,8,-42,38,22,-10,-37,-78,-42
-29,-59,-53,58,19,-77,57,35,-11,-51,-92,-61
-33,-62,-63,56,-6,-40,53,34,-30,-50,-64,-30
-36,-78,-44,34,0,-67,51,34,-5,-39,-41,-33
-34,-85,-51,54,-2,-58,40,53,-28,-65,-50,-70
-22,-91,-34,58,14,-62,44,30,-3,-49,-63,-60
-18,-69,-57,71,22,-73,58,16,-28,-49,-71,-69
-45,-66,-46,38,5,-45,69,33,-29,-42,-57,-68
-29,-83,-67,54,31,-64,70,29,-23,-50,-76,-35
-24,-66,-70,46,-4,-56,44,17,-6,-72,-56,-35
-13,-71,-57,67,13,-70,36,22,-12,-44,-86,-14
-27,-59,-55,55,2,-58,19,47,-35,-73,-79,-75
-20,-77,-49,43,27,-63,31,49,-19,-41,-59,-79
-6,-60,-63,62,-1,-60,35,43,-26,-37,-60,-64
-24,-82,-57,68,9,-71,22,32,-15,-59,-54,-45
-15,-63,-62,55,-9,-41,44,43,-37,-59,-41,-66
-14,-85,-77,52,27,-48,27,10,-23,-43,-51,-55
-9,-70,-40,26,32,-66,57,35,-23,-44,-48,-52
-22,-72,-25,47,4,-71,71,24,-29,-66,-85,-54
-41,-80,-40,77,10,-73,48,25,-26,-81,-90,-43
-21,-59,-51,44,14,-69,42,34,-59,-61,-74,-57
-24,-60,-77,46,3,-71,38,6,-19,-60,-41,-32
-25,-56,-27,52,18,-66,37,42,-18,-81,-73,-39
-29,-74,-48,40,15,-64,41,36,-32,-34,-75,-38
-45,-67,-51,21,7,-59,45,71,-4,-53,-74,-51
-20,-95,-38,52,-6,-70,65,42,-9,-53,-72,-51
-38,-62,-60,66,5,-68,42,30,11,-53,-80,-54
-36,-88,-57,69,4,-31,23,22,-21,-32,-62,-39
-19,-80,-51,43,15,-36,42,28,-15,-27,-66,-47
-25,-77,-48,52,2,-54,51,29,-21,-65,-37,-49
-44,-77,-61,51,8,-49,40,8,-32,-63,-65,-46
-12,-88,-63,60,9,-57,39,50,-53,-49,-72,-47
-12,-52,-66,50,33,-56,33,25,-25,-54,-57,-40
-39,-83,-57,52,14,-69,35,14,-7,-64,-43,-34
-38,-74,-55,49,17,-63,20,43,-1,-60,-57,-60
-17,-65,-60,43,6,-58,43,-1,-39,-47,-82,-45
-35,-58,-44,73,-8,-55,46,2,-37,-31,-53,-59
-40,-65,-26,45,5,-68,32,36,-25,-61,-69,-48
-15,-64,-58,50,3,-62,35,27,-10,-45,-58,-55
-34,-85,-44,57,36,-61,60,53,0,-62,-40,-54
-23,-61,-37,58,-15,-61,29,28,-16,-76,-68,-47
-5,-77,-33,65,19,-81,20,52,-44,-68,-60,-44
-25,-75,-70,49,14,-57,42,4,-27,-32,-60,-53
-27,-86,-44,55,21,-41,43,25,-20,-64,-67,-46
-27,-78,-26,30,0,-50,41,15,-25,-35,-53,-56
-5,-78,-63,31,1,-38,58,38,-26,-75,-77,-48
-27,-70,-50,6,11,-36,37,-1,-8,-50,-57,-36
-14,-92,-29,50,26,-63,38,20,-17,-58,-73,-47
-14,-73,-64,31,21,-57,46,26,1,-57,-75,-60
-39,-48,-61,45,5,-54,38,34,-33,-55,-55,-33
-24,-79,-58,49,10,-32,48,41,-9,-52,-67,-38
-10,-58,-38,52,9,-42,21,23,-19,-60,-40,-62
-31,-66,-62,32,-9,-67,48,38,-16,-41,-73,-61
-42,-87,-47,66,0,-56,36,37,-9,-35,-42,-44
-34,-58,-38,52,1,-63,38,23,-31,-38,-49,-55
-21,-57,-47,44,19,-48,34,11,-25,-54,-80,-34
-47,-58,-50,63,5,-62,32,15,-15,-37,-75,-57
-3,-60,-49,27,-15,-46,37,24,-20,-43,-74,-31
-21,-59,-33,35,21,-62,45,15,-11,-59,-42,-62
-21,-46,-39,23,13,-54,45,29,-28,-49,-62,-57
-2,-75,-63,46,28,-76,46,43,-13,-57,-51,-35
-32,-60,-50,37,-3,-55,42,17,-11,-41,-54,-48
-16,-75,-32,47,12,-42,10,25,-6,-35,-38,-82
-12,-82,-37,52,1,-66,24,23,-17,-35,-61,-38
-25,-41,-27,50,-4,-54,53,16,-23,-39,-57,-32
4,-63,-49,40,-17,-50,20,16,-27,-59,-68,-60
-36,-52,-36,61,-1,-66,26,28,-15,-40,-73,-38
-32,-59,-42,50,13,-45,38,8,-3,-48,-66,-14
-22,-81,-51,44,20,-73,33,33,-44,-50,-63,-46
-21,-61,-36,38,4,-48,35,23,-21,-51,-66,-28
-38,-64,-46,18,14,-73,20,27,-28,-30,-43,-67
-13,-65,-46,46,22,-60,35,32,11,-47,-55,-47
-17,-54,-51,39,13,-32,45,24,-27,-62,-50,-58
-12,-87,-24,33,21,-51,30,27,-28,-41,-40,-62
-24,-80,-31,39,2,-57,45,14,-4,-42,-61,-42
-17,-62,-69,38,-4,-39,43,19,-20,-44,-57,-54
-22,-70,-43,43,-1,-45,37,16,-34,-59,-62,-54
-1,-46,-31,32,22,-23,37,27,-8,-53,-66,-43
-24,-65,-45,36,17,-38,29,12,-14,-46,-63,-32
-25,-58,-29,29,-9,-40,41,55,-18,-44,-54,-50
-29,-55,-42,38,8,-69,26,21,0,-34,-59,-50
-20,-63,-36,52,21,-54,42,14,3,-41,-21,-31
11,-67,-20,23,8,-50,33,11,-22,-51,-43,-37
-3,-52,-31,35,6,-52,47,15,-7,-49,-67,-23
-22,-50,-28,36,12,-58,22,12,-28,-48,-51,-29
-26,-27,-12,40,7,-24,18,5,7,-13,-43,-15
-15,-49,-25,9,26,-49,27,16,12,-18,-34,-27
-21,-44,-42,35,21,-32,22,1,-9,-14,-43,-22
-14,-64,-28,34,19,-52,21,14,-7,-38,-51,-35
-25,-26,-26,27,20,-30,15,35,-26,-30,-31,-39
-5,-49,-19,41,6,-35,7,-7,5,-37,-45,-23
-19,-39,-3,20,4,-6,19,3,-15,-23,-14,-12
-6,-33,-15,37,-19,-23,12,21,4,-20,-31,-19
-9,-12,-15,33,29,-32,49,-2,34,-14,-20,-21
11,-28,-5,31,18,0,21,18,0,-18,-25,-25
16,-30,-25,11,-1,-10,24,1,-3,-30,-13,-5
-1,-8,-1,-8,-2,6,3,15,6,-21,-26,-10
22,16,-6,0,-6,23,36,1,-4,-7,10,27
0,10,35,2,8,15,11,-8,6,-11,12,3
-13,8,18,7,1,-1,0,1,11,9,9,17
12,15,2,-2,-15,-5,-22,-1,17,19,-10,25
-3,15,13,-34,-8,25,-21,-14,0,3,16,27
5,43,25,-24,-7,23,-24,-1,20,55,38,27
14,33,45,-37,-1,48,-22,-12,-6,32,27,34
30,48,16,-49,-15,39,-35,-33,9,23,46,59
11,60,39,-29,-23,65,-15,-32,17,45,47,27
30,62,29,-58,1,59,-42,-40,32,64,48,52
17,47,27,-34,-19,67,-28,-29,17,55,32,53
27,67,50,-61,-21,75,-39,-17,6,65,84,50
33,88,60,-41,-6,88,-47,-28,32,49,73,45
43,125,77,-65,-33,85,-57,-30,26,49,71,47
43,108,68,-78,-17,98,-55,-47,37,66,90,77
50,87,84,-65,-21,93,-107,-48,27,72,106,78
57,125,95,-87,-34,69,-78,-35,41,105,111,62
43,151,90,-97,-8,109,-81,-71,41,119,132,89
81,152,100,-95,-22,121,-56,-57,32,98,120,112
58,167,77,-94,-6,134,-74,-41,28,104,139,97
71,146,122,-95,-13,135,-90,-89,63,138,146,114
56,149,97,-121,-9,123,-101,-74,55,122,155,89
75,186,116,-121,-36,152,-94,-53,38,118,137,143
75,176,102,-121,-15,109,-101,-73,54,149,157,94
57,183,126,-139,-25,162,-96,-80,53,126,161,117
64,191,135,-134,-23,140,-122,-83,58,143,173,151
57,178,135,-126,-9,166,-102,-98,62,135,163,135
65,178,136,-131,-16,164,-121,-95,67,143,154,138
83,199,129,-122,-33,143,-124,-105,54,150,166,135
81,183,138,-130,0,187,-93,-74,61,144,199,138
66,201,126,-128,-6,161,-119,-108,79,163,199,126
91,197,116,-158,-37,162,-105,-74,67,148,176,143
87,189,131,-139,-37,151,-118,-72,48,155,182,145
78,197,111,-133,-48,173,-105,-56,44,148,158,146
64,222,133,-132,-37,158,-114,-74,56,144,182,124
51,213,126,-130,-20,167,-114,-78,69,152,186,150
63,194,136,-118,-27,144,-104,-82,61,160,166,148
70,185,135,-107,-5,160,-103,-77,53,122,175,134
70,173,110,-120,-19,169,-91,-72,61,167,164,103
54,161,101,-122,-26,138,-72,-78,52,135,156,120
54,142,122,-89,6,160,-108,-81,67,126,168,129
54,164,85,-117,-32,123,-95,-85,67,128,140,115
51,160,124,-101,-36,120,-101,-70,40,109,133,101
52,145,82,-101,-27,139,-103,-42,38,140,150,116
60,125,98,-92,-13,117,-80,-53,42,121,138,88
47,124,107,-95,-31,108,-92,-49,44,106,134,99
24,123,72,-86,-27,113,-84,-41,34,101,119,86
41,128,87,-65,-15,132,-66,-47,38,72,103,81
34,102,66,-77,-14,88,-55,-53,27,62,95,49
48,78,46,-50,-16,63,-58,-28,54,61,69,71
49,89,64,-35,-7,61,-55,-14,36,76,72,66
29,78,66,-55,-19,83,-62,-32,31,67,86,40
20,90,35,-33,1,56,-64,-28,39,80,87,38
10,53,49,-44,-3,45,-45,-15,20,69,67,67
26,54,38,-19,-6,28,-29,-14,3,44,13,57
14,20,35,-47,-14,47,-25,-16,15,33,69,22
19,40,18,-28,-19,36,-5,2,25,1,11,22
15,20,29,-9,-5,24,-4,-16,13,23,3,32
11,33,11,-6,-26,14,1,-10,1,17,15,1
2,6,2,-6,-14,0,-23,-13,-4,-18,8,9
4,4,12,9,5,7,12,12,0,16,-11,-15
-25,2,10,13,7,-6,-13,11,-19,-5,6,25
-6,-32,-13,-9,15,-25,-5,12,-8,-8,6,-21
-16,-9,-14,12,4,-25,22,2,-16,-4,-20,10
-22,-24,-14,27,18,4,14,2,15,-26,-24,-37
1,-17,5,2,12,-27,25,17,-13,-7,-30,-7
-1,-27,-24,14,-9,-21,23,18,15,-5,-30,-29
-21,-19,-22,24,-11,-40,21,32,-6,-37,-44,-31
-12,-49,-25,19,0,-28,12,7,-11,-35,-50,-18
-7,-6,-34,16,14,-51,14,22,-11,-51,-39,-17
-12,-58,-25,55,28,-7,34,10,-22,-31,-14,-46
-27,-40,-18,40,2,-51,49,6,-2,-50,-41,-26
-23,-44,-53,50,30,-36,33,29,-23,-37,-50,-43
-29,-44,-30,30,13,-22,19,18,-11,-32,-52,-27
-19,-50,-56,57,14,-28,-6,-17,-4,-69,-40,-31
-14,-41,-30,54,12,-35,57,19,-5,-27,-61,-36
-10,-71,-42,26,-2,-55,38,27,-36,-49,-67,-38
-17,-74,-13,31,6,-29,37,28,-15,-35,-59,-47
-35,-69,-49,50,33,-48,47,52,-19,-44,-72,-40
-26,-92,-59,63,6,-73,46,25,-10,-67,-77,-57
-55,-70,-45,63,6,-63,42,26,-35,-68,-86,-56
-24,-94,-67,61,19,-73,64,61,-19,-67,-81,-54
-20,-104,-62,58,36,-69,54,23,-20,-59,-87,-69
-38,-110,-62,68,22,-82,54,42,-20,-69,-73,-59
-27,-114,-98,74,4,-86,48,42,-36,-63,-101,-73
-30,-112,-70,99,33,-71,56,45,-45,-79,-88,-87
-52,-117,-80,65,6,-110,61,79,-44,-79,-94,-51
-33,-116,-84,85,11,-111,66,46,-33,-113,-103,-80
-54,-137,-60,86,30,-117,85,50,-44,-113,-135,-114
-59,-157,-92,110,11,-140,100,70,-45,-115,-133,-84
-37,-175,-81,95,30,-135,123,55,-52,-113,-149,-127
-58,-178,-97,107,28,-145,85,66,-62,-103,-166,-130
-70,-191,-119,90,26,-145,103,66,-62,-142,-183,-109
-64,-171,-141,134,21,-165,108,65,-67,-140,-188,-147
-75,-209,-127,135,27,-171,98,68,-44,-174,-199,-144
-73,-230,-121,133,46,-169,112,106,-49,-157,-187,-159
-71,-217,-173,161,41,-186,129,72,-49,-191,-209,-165
-62,-235,-169,162,46,-189,132,95,-73,-176,-200,-164
-102,-249,-146,157,31,-196,168,95,-72,-181,-237,-189
-93,-232,-152,164,33,-159,112,101,-84,-186,-238,-190
-96,-220,-174,170,25,-202,141,102,-82,-186,-209,-142
-73,-212,-146,161,28,-177,119,95,-56,-161,-198,-181
-79,-211,-161,142,42,-177,110,77,-42,-169,-208,-141
-55,-177,-116,126,5,-148,68,83,-34,-134,-175,-114
-34,-125,-79,102,9,-115,68,41,-40,-93,-129,-104
-28,-103,-60,59,-2,-93,70,31,-22,-86,-75,-63
-19,-20,-42,28,-7,-23,22,14,-16,-11,-53,-26
18,12,21,-13,-7,25,-21,-7,-23,24,34,43
44,100,86,-70,-14,89,-60,-22,30,92,113,86
64,179,111,-130,-31,151,-107,-60,55,146,185,150
109,280,187,-199,-37,223,-152,-97,92,205,246,228
115,382,244,-244,-68,324,-198,-142,116,283,348,265
142,459,316,-310,-76,399,-272,-184,153,351,430,335
220,559,363,-393,-85,490,-315,-218,152,426,513,403
228,675,421,-436,-95,546,-399,-255,192,502,594,487
283,793,495,-520,-128,635,-426,-318,241,571,694,531
299,843,544,-570,-127,702,-457,-355,250,647,784,588
317,906,598,-605,-144,785,-477,-365,273,712,840,653
334,950,618,-643,-141,819,-543,-392,289,695,862,672
345,961,666,-679,-151,800,-519,-390,299,722,908,704
339,1003,638,-693,-165,828,-544,-408,316,752,911,681
347,1016,639,-692,-140,836,-552,-390,284,748,895,681
323,948,617,-649,-125,805,-536,-385,289,722,864,676
315,898,580,-593,-139,740,-503,-361,244,700,802,631
255,828,525,-580,-109,705,-457,-351,239,636,760,580
270,750,475,-489,-110,617,-396,-299,208,573,665,532
228,649,432,-425,-74,539,-351,-248,184,474,588,448
206,534,352,-365,-63,424,-297,-214,131,435,492,387
167,426,273,-293,-71,356,-232,-174,140,330,399,308
76,324,192,-226,-50,251,-186,-118,104,232,285,226
68,217,152,-118,-43,189,-98,-85,54,172,190,153
26,121,77,-76,-25,116,-47,-51,39,118,102,92
-18,35,21,-18,-6,31,-9,-31,10,31,42,22
-11,-54,-44,36,-6,-54,42,30,-14,-50,-73,-28
-54,-131,-72,85,28,-111,78,69,-44,-82,-126,-114
-55,-204,-125,129,8,-179,129,78,-73,-143,-180,-150
-105,-272,-187,159,45,-198,141,94,-71,-165,-206,-175
-101,-304,-184,219,44,-231,172,127,-81,-223,-269,-205
-120,-314,-211,202,39,-265,176,128,-99,-268,-311,-221
-123,-338,-227,221,54,-283,182,157,-116,-249,-320,-221
-125,-358,-241,256,64,-293,208,136,-101,-263,-324,-239
-115,-353,-257,254,48,-295,207,140,-108,-275,-299,-242
-110,-338,-244,230,63,-274,202,126,-85,-270,-313,-238
-96,-343,-230,223,56,-270,198,139,-105,-264,-321,-229
-104,-311,-234,222,32,-281,165,129,-114,-238,-314,-236
-116,-298,-207,208,54,-284,144,104,-92,-225,-281,-223
-98,-309,-186,193,11,-223,180,92,-97,-235,-267,-196
-110,-284,-195,205,59,-220,145,127,-65,-204,-242,-197
-85,-237,-158,147,31,-195,146,105,-70,-170,-246,-193
-94,-225,-123,161,36,-186,146,92,-57,-177,-196,-154
-65,-217,-135,139,36,-196,118,86,-53,-145,-181,-139
-72,-196,-124,140,41,-176,93,82,-69,-124,-176,-126
-48,-153,-115,128,21,-133,97,85,-53,-144,-137,-122
-61,-147,-112,125,22,-143,95,38,-43,-108,-121,-96
-22,-147,-111,78,35,-121,87,62,-34,-94,-136,-97
-30,-130,-80,110,24,-112,74,41,-38,-98,-125,-98
-55,-122,-76,84,38,-111,71,45,-47,-102,-109,-69
-45,-94,-63,83,19,-104,78,46,-23,-103,-68,-74
-42,-112,-71,77,23,-74,69,30,-45,-87,-105,-62
-27,-94,-56,59,17,-79,59,38,-36,-86,-81,-71
-30,-99,-89,59,18,-62,60,32,-31,-95,-92,-63
-45,-82,-61,66,11,-96,55,54,-11,-62,-100,-66
-46,-90,-74,54,30,-61,46,56,-26,-78,-94,-53
-9,-84,-80,63,15,-74,56,23,-40,-78,-57,-62
-24,-91,-54,62,27,-85,66,28,-24,-58,-64,-59
-59,-88,-53,62,-22,-74,55,41,-7,-43,-78,-72
-30,-104,-61,61,12,-55,35,36,-18,-69,-61,-52
-44,-100,-50,71,8,-55,58,38,-17,-60,-76,-58
-22,-88,-56,50,22,-74,29,24,-35,-58,-78,-22
-44,-94,-52,54,15,-71,42,29,-33,-80,-75,-64
-19,-73,-45,41,-4,-62,63,27,-23,-35,-90,-70
-5,-63,-59,49,35,-51,19,33,-28,-49,-80,-54
-29,-60,-53,45,27,-62,28,41,-26,-57,-62,-55
-31,-86,-45,31,10,-59,30,9,-26,-53,-69,-49
-19,-59,-64,59,5,-29,38,11,-10,-56,-71,-45
-20,-81,-39,35,19,-71,22,21,-42,-44,-71,-47
-36,-71,-41,50,18,-36,38,32,-11,-51,-67,-51
-29,-59,-61,52,24,-52,37,30,-10,-35,-59,-50
-5,-68,-44,37,-5,-40,35,22,-17,-58,-58,-35
-22,-77,-34,39,18,-54,27,28,-23,-36,-54,-44
-27,-58,-23,58,5,-42,54,13,-1,-47,-23,-48
-15,-72,-38,26,-10,-45,21,41,-28,-45,-61,-56
-16,-44,-37,22,21,-53,20,11,-1,-33,-42,-44
-34,-38,-27,21,5,-60,42,26,-19,-35,-51,-26
7,-50,-33,40,-14,-54,38,7,-1,-42,-42,-43
-5,-56,-23,39,0,-47,13,34,-4,-20,-57,-33
-18,-43,-39,27,18,-38,19,22,-6,-32,-32,-51
-11,-16,-21,43,16,-44,13,23,-4,-26,-24,-21
1,-32,-17,23,9,-31,7,14,-18,-16,-36,5
-16,-35,-14,21,6,-33,31,11,-34,-15,-22,-5
-6,-26,-1,7,14,-19,21,13,-17,16,-32,-17
2,-20,-31,0,-9,-18,14,12,-16,-9,-13,-23
-21,-19,6,20,11,0,7,1,-9,-30,-7,6
-5,-9,-6,5,0,10,25,7,-1,10,-14,-10
-9,-4,0,-5,11,-24,0,1,-17,-16,-1,-5
8,-12,-1,-20,3,6,3,-15,11,-9,7,8
5,-1,-10,19,8,32,-1,-21,19,2,31,7
15,4,26,-12,-8,28,16,9,25,4,8,10
9,23,-17,-11,-4,7,-11,-11,19,28,36,19
11,43,15,-36,-8,28,-8,-11,-12,16,9,3
-6,35,25,-28,2,45,-24,-36,2,54,49,52
2,46,43,-24,-30,32,-44,-33,1,49,58,17
40,66,37,-56,3,22,-22,-21,-10,35,38,21
47,69,40,-52,-9,34,-48,-13,19,15,69,44
26,67,48,-59,19,42,-6,-16,0,61,85,51
22,77,30,-48,-22,53,-37,-41,12,50,79,51
27,72,51,-68,-7,81,-46,-69,13,52,85,39
37,90,31,-56,-17,85,-43,-15,36,66,44,66
34,96,83,-101,-17,81,-59,-47,21,69,94,83
59,114,69,-71,-34,118,-51,-51,37,96,106,54
44,112,65,-94,-17,92,-68,-67,31,87,84,68
41,119,101,-61,-22,110,-59,-49,29,99,96,96
65,130,96,-98,0,118,-74,-59,43,101,105,87
56,140,88,-72,1,123,-80,-78,76,126,115,107
79,131,111,-96,-33,124,-82,-51,47,149,133,135
51,152,126,-120,-4,133,-93,-79,41,130,136,116
50,168,120,-95,-22,165,-99,-55,52,129,163,108
75,181,132,-111,-20,153,-83,-48,74,135,167,138
80,195,125,-126,-32,143,-109,-71,68,159,169,138
43,207,119,-116,-41,155,-114,-89,67,136,180,163
85,196,147,-156,-48,196,-103,-88,79,169,185,152
71,200,125,-166,-34,189,-135,-110,84,156,202,132
90,210,126,-172,-21,195,-152,-103,64,188,203,164
71,236,153,-180,-51,193,-126,-88,58,173,219,160
92,226,162,-173,-27,198,-146,-90,89,200,211,172
86,260,146,-162,-54,208,-133,-88,67,196,229,177
99,265,164,-169,-61,199,-142,-101,65,202,237,186
90,272,183,-155,-40,214,-127,-111,75,211,248,199
95,290,167,-176,-51,227,-148,-113,91,192,240,181
102,272,178,-196,-35,241,-162,-114,79,177,239,194
115,291,186,-188,-46,225,-151,-115,78,200,264,198
106,306,186,-186,-26,250,-177,-124,96,233,255,199
134,295,195,-214,-51,248,-131,-115,86,225,253,212
107,318,218,-204,-55,248,-175,-121,77,229,273,199
111,309,221,-196,-42,259,-156,-122,80,224,262,207
107,324,199,-209,-29,273,-154,-146,97,253,282,216
102,319,198,-220,-67,249,-188,-133,108,244,314,219
86,336,219,-216,-49,246,-171,-124,100,247,283,253
122,356,227,-243,-55,263,-175,-136,89,254,299,236
92,333,217,-220,-46,276,-179,-126,70,248,294,229
114,325,208,-234,-50,270,-192,-122,111,261,298,211
124,342,225,-237,-61,288,-171,-147,103,255,287,249
115,337,208,-246,-64,266,-167,-141,115,253,299,247
104,351,229,-243,-34,281,-194,-138,91,248,313,224
117,349,229,-214,-56,281,-185,-144,95,259,314,246
127,337,205,-239,-51,264,-186,-123,123,275,319,236
121,319,237,-230,-41,266,-179,-133,104,275,286,255
115,337,240,-245,-50,281,-201,-131,118,254,304,222
123,342,223,-237,-55,246,-189,-150,100,268,319,245
105,350,240,-220,-51,290,-208,-138,97,235,313,248
141,340,215,-235,-29,292,-180,-119,84,272,308,245
130,338,213,-217,-45,284,-180,-119,100,243,304,229
117,325,219,-223,-41,262,-155,-123,91,254,284,241
112,314,212,-239,-57,250,-175,-117,108,264,308,237
124,338,214,-236,-50,279,-196,-115,88,260,307,247
109,291,195,-218,-55,269,-168,-121,98,235,273,221
106,296,183,-242,-58,258,-171,-132,113,228,285,223
113,321,194,-222,-39,259,-162,-129,114,232,287,210
93,298,190,-204,-41,260,-174,-132,91,230,265,226
98,299,201,-204,-17,248,-149,-124,97,222,254,211
89,310,171,-187,-58,240,-166,-117,93,200,242,191
118,285,191,-183,-40,250,-150,-94,82,218,266,211
69,282,191,-188,-39,233,-147,-126,63,220,251,201
100,269,179,-188,-36,239,-158,-95,106,225,236,191
80,245,176,-177,-51,221,-134,-102,71,197,227,196
105,258,175,-155,-42,211,-141,-105,69,194,236,169
93,258,144,-167,-49,207,-126,-110,64,207,219,167
59,238,146,-178,-38,199,-128,-99,79,196,229,165
91,231,152,-144,-33,204,-131,-95,60,164,213,157
80,230,146,-154,-36,199,-137,-102,47,162,214,149
86,221,124,-150,-52,173,-119,-90,61,150,214,144
48,197,143,-139,-67,180,-101,-84,44,164,173,132
83,177,118,-148,-26,179,-124,-59,48,159,181,145
71,162,125,-138,-23,175,-101,-89,85,147,162,144
50,181,126,-115,-13,151,-103,-58,51,152,153,129
66,162,108,-112,-5,152,-86,-83,37,137,145,126
54,155,112,-109,-15,147,-82,-89,60,138,157,108
30,148,115,-105,-37,114,-71,-41,32,118,124,91
27,123,86,-93,1,101,-61,-45,17,101,155,101
35,129,80,-101,-19,107,-83,-66,42,88,107,106
51,125,68,-98,-7,121,-67,-30,40,100,98,94
50,92,89,-78,-20,92,-57,-47,34,80,111,86
42,84,88,-75,-2,74,-66,-45,20,80,117,78
22,111,69,-67,-9,62,-69,-56,23,70,103,80
29,94,30,-68,-16,72,-57,-6,21,60,101,53
10,59,44,-49,-25,63,-59,-22,23,63,84,64
31,81,57,-33,-26,80,-34,-23,34,39,76,49
21,55,40,-30,-10,64,-38,-39,23,49,68,55
20,60,40,-45,-5,69,-27,-18,-10,45,65,30
18,29,66,-39,-1,42,-23,-42,7,69,21,35
19,50,20,-38,-13,43,-7,-15,24,29,36,16
19,38,28,-8,3,32,-25,0,6,43,53,-8
1,23,9,-29,-12,25,-14,-35,-4,-2,5,7
6,30,16,-12,19,12,-11,4,6,-6,-13,11
-9,24,16,4,-9,25,-1,-12,-5,-1,0,31
-2,4,-3,-4,8,9,-8,-9,-2,5,14,-6
-2,1,19,-3,7,-16,-8,-5,8,10,3,16
5,-13,-2,13,-9,-3,11,13,-7,13,6,-9
-7,-4,2,22,-6,0,12,14,-9,-10,-10,6
-4,-7,-21,23,-1,-34,13,0,-11,-18,-27,-31
-2,-33,-31,12,9,-30,3,30,-2,-26,-26,-9
9,-27,-31,20,-2,-29,24,19,5,-9,-20,-26
-32,-38,-12,10,23,-30,17,13,-3,-14,-32,-32
-5,-45,-37,17,-7,-27,27,38,-12,-26,-22,-23
-18,-51,-15,10,11,-46,40,12,-23,-28,-50,-7
-12,-34,-27,12,3,-55,36,24,-5,-46,-37,-19
-23,-58,-48,32,19,-54,36,37,-26,-37,-48,-44
-34,-36,-21,52,1,-46,52,25,-10,-53,-42,-27
-16,-63,-62,34,14,-57,23,16,-19,-39,-46,-40
-27,-46,-42,24,-5,-65,46,41,-17,-60,-61,-50
-9,-57,-70,40,1,-74,24,27,-29,-35,-68,-20
-12,-53,-46,56,27,-50,69,26,-50,-46,-69,-9
-24,-79,-43,39,14,-42,31,28,-23,-33,-61,-54
-30,-56,-40,47,29,-60,32,26,-9,-73,-76,-59
-27,-89,-38,33,9,-54,53,47,-15,-72,-71,-65
-17,-54,-57,80,-9,-67,38,32,-31,-55,-80,-44
-20,-100,-41,62,9,-72,39,42,-25,-54,-63,-44
-32,-87,-63,51,3,-79,29,20,-18,-53,-93,-56
-17,-66,-38,43,13,-57,40,15,-33,-38,-72,-63
-27,-81,-69,59,21,-39,40,33,-24,-60,-53,-47
-47,-63,-50,49,23,-61,53,26,2,-84,-81,-61
-39,-100,-57,70,24,-43,64,43,-35,-57,-75,-54
-32,-77,-62,55,19,-62,60,49,-41,-78,-85,-60
-33,-101,-50,68,26,-67,41,34,-40,-55,-62,-62
-28,-64,-59,58,25,-74,57,35,-21,-61,-111,-72
-29,-88,-40,80,2,-74,54,46,-41,-87,-78,-41
-41,-90,-41,74,19,-84,45,33,-40,-62,-63,-65
-38,-81,-75,45,21,-60,78,28,-45,-65,-81,-59
-28,-106,-58,39,20,-67,72,14,-17,-62,-78,-57
-32,-87,-50,57,5,-73,57,34,-22,-83,-60,-61
-39,-86,-73,60,7,-93,42,37,-37,-71,-68,-74
-21,-83,-47,59,7,-82,39,12,-32,-83,-77,-53
-31,-107,-71,56,1,-65,50,50,-21,-95,-50,-71
-32,-109,-76,75,45,-70,65,38,-25,-46,-83,-55
-17,-92,-56,43,11,-77,52,34,-25,-76,-87,-58
-40,-101,-86,49,24,-64,35,47,-44,-59,-85,-60
-32,-107,-62,71,6,-86,21,46,-37,-79,-83,-68
-19,-93,-66,58,13,-82,57,32,-37,-73,-68,-73
-38,-88,-58,77,-4,-75,61,63,-45,-64,-94,-77
-46,-120,-64,59,5,-105,49,25,-11,-59,-80,-75
-32,-91,-65,73,25,-52,32,35,-13,-62,-81,-75
-22,-105,-40,60,17,-101,50,22,-19,-50,-86,-57
-25,-75,-81,66,1,-76,38,35,-3,-72,-67,-62
-18,-93,-63,69,32,-86,61,38,-25,-70,-83,-80
-42,-100,-41,63,16,-71,48,38,-24,-63,-68,-68
-9,-89,-48,78,22,-72,55,17,-4,-74,-91,-70
-42,-91,-51,60,8,-73,53,60,-8,-90,-84,-74
-29,-91,-71,75,14,-73,47,45,-28,-93,-93,-55
-34,-121,-53,60,29,-75,42,37,-20,-79,-83,-68
-36,-117,-61,71,7,-103,80,41,-24,-83,-70,-58
-39,-98,-53,49,20,-58,52,41,-39,-65,-89,-58
-36,-130,-62,86,13,-61,41,31,-43,-50,-81,-70
-4,-85,-72,82,32,-58,33,35,-26,-69,-97,-53
-27,-85,-92,59,26,-70,45,31,-36,-64,-76,-49
-51,-101,-70,91,20,-84,51,49,-21,-54,-71,-71
-40,-91,-78,75,7,-82,46,45,-31,-66,-87,-71
-22,-68,-83,46,24,-48,48,18,-30,-71,-99,-72
-24,-94,-60,50,4,-63,59,56,-25,-59,-78,-71
-32,-71,-58,52,-11,-90,39,36,-47,-72,-95,-74
-60,-109,-44,61,10,-74,44,45,-43,-60,-96,-60
-47,-80,-55,74,16,-74,50,29,-31,-63,-69,-71
-45,-76,-58,56,-2,-68,49,35,-33,-60,-86,-65
-27,-90,-45,73,25,-78,51,37,-23,-50,-71,-59
-36,-85,-57,46,10,-78,59,20,-13,-65,-90,-63
-26,-69,-86,47,21,-65,51,40,-46,-48,-85,-83
-17,-96,-64,72,9,-66,38,51,-25,-90,-89,-71
-12,-78,-71,62,16,-55,58,37,-42,-57,-77,-50
-9,-87,-62,71,11,-74,44,46,-40,-56,-73,-83
-28,-86,-72,63,23,-87,43,30,-51,-57,-92,-55
-43,-98,-53,65,23,-63,64,35,-36,-56,-87,-64
-50,-90,-44,40,33,-64,38,48,-21,-60,-87,-80
-27,-107,-66,61,10,-86,38,35,-27,-46,-87,-70
-49,-82,-67,66,10,-75,47,29,-28,-70,-73,-40
-12,-85,-59,46,33,-90,59,63,-18,-64,-56,-56
-9,-95,-57,66,12,-47,61,13,-35,-76,-84,-47
-19,-69,-83,64,15,-88,42,19,-16,-56,-69,-71
-35,-86,-55,58,7,-84,57,37,-24,-71,-68,-49
-57,-59,-40,69,33,-100,40,25,-31,-61,-72,-34
-36,-86,-48,49,19,-80,50,24,-16,-33,-87,-69
-21,-75,-73,77,10,-68,37,33,-32,-58,-64,-49
-26,-77,-48,45,26,-90,40,45,-31,-56,-74,-50
-27,-84,-38,47,19,-82,43,43,-13,-75,-76,-52
-28,-94,-62,64,13,-75,52,33,-23,-63,-72,-66
-39,-105,-67,66,14,-80,17,37,-21,-80,-75,-56
-41,-91,-54,56,13,-71,36,50,-17,-53,-87,-50
-33,-72,-77,53,4,-68,39,35,-25,-70,-69,-53
-27,-99,-50,53,30,-78,43,46,-37,-68,-64,-48
-35,-67,-36,54,8,-68,28,21,-25,-45,-63,-59
-46,-74,-76,68,18,-89,44,26,-34,-54,-75,-60
-35,-78,-57,57,6,-83,43,50,1,-51,-82,-66
-43,-99,-52,51,32,-76,35,27,-30,-57,-82,-72
-22,-90,-69,71,14,-79,45,21,-33,-62,-82,-73
-27,-80,-59,45,-10,-86,43,8,-22,-69,-62,-51
-30,-77,-48,52,-13,-75,57,39,-9,-60,-88,-80
-44,-68,-54,80,30,-72,24,17,-20,-61,-95,-62
-40,-68,-49,55,-10,-59,34,39,-13,-77,-62,-15
-48,-85,-60,59,32,-68,31,35,-30,-49,-66,-64
-21,-85,-68,42,-1,-85,31,44,-19,-62,-82,-73
-16,-85,-57,42,16,-62,56,37,-19,-44,-67,-64
-26,-80,-31,53,9,-59,47,35,-35,-55,-82,-51
-30,-80,-59,41,-1,-59,45,30,-26,-67,-71,-66
-38,-67,-47,45,29,-63,22,28,-37,-81,-86,-45
-48,-91,-59,64,12,-68,56,37,-26,-53,-66,-55
-7,-74,-46,72,2,-78,32,23,-50,-80,-71,-39
-17,-66,-67,41,20,-66,35,36,-21,-70,-90,-53
-11,-63,-33,58,10,-65,58,11,-28,-76,-54,-78
-39,-65,-38,79,7,-73,49,26,-13,-39,-66,-71
-28,-82,-61,52,35,-67,52,42,-29,-89,-77,-74
-47,-95,-60,53,21,-67,36,19,-13,-49,-91,-42
-35,-64,-73,62,-5,-101,51,33,-22,-52,-62,-56
-28,-69,-56,40,17,-67,16,28,-36,-49,-75,-60
-8,-76,-58,38,10,-46,47,34,-32,-53,-58,-71
-20,-87,-16,57,15,-53,54,51,-26,-59,-72,-61
-6,-61,-56,53,14,-54,51,34,-11,-76,-90,-50
-25,-76,-61,59,30,-57,44,24,-29,-45,-74,-51
-21,-57,-32,59,21,-44,43,-13,-16,-52,-89,-31
-39,-66,-55,64,-15,-61,35,37,-17,-57,-52,-40
-15,-73,-50,41,14,-93,43,31,-41,-65,-59,-38
-9,-81,-50,42,5,-55,41,27,-20,-58,-51,-70
-9,-77,-74,48,6,-77,14,42,-46,-49,-56,-68
-31,-62,-42,52,16,-62,42,14,-22,-66,-51,-64
-18,-69,-49,60,19,-52,47,27,-23,-39,-79,-53
-17,-89,-43,55,11,-68,50,50,-19,-37,-38,-55
-39,-60,-16,26,3,-60,41,16,-26,-62,-50,-42
0,-63,-59,53,-2,-56,40,42,-12,-37,-59,-34
-25,-55,-31,46,0,-62,20,41,-26,-51,-50,-39
-30,-93,-54,43,-1,-51,39,6,-3,-51,-54,-48
-28,-72,-23,24,26,-60,21,27,-3,-40,-71,-23
-14,-54,-13,44,25,-65,33,22,-15,-66,-60,-18
-17,-71,-31,18,21,-65,10,23,-32,-48,-58,-34
-33,-56,-16,58,12,-51,30,16,-42,-34,-41,-33
-13,-65,-37,25,5,-34,37,19,-39,-43,-23,-27
-5,-68,-21,21,17,-64,19,9,-32,-42,-47,-53
-32,-30,-30,43,3,-42,27,14,3,-46,-39,-48
-20,-66,-37,24,19,-35,10,32,-16,-62,-55,-35
-24,-42,-21,20,-5,-27,11,18,-28,-20,-48,-26
-27,-55,-22,55,11,-31,8,19,10,-40,-58,-13
1,-50,-25,0,12,-51,14,26,-18,-19,-37,-45
-8,-68,-13,16,9,-48,24,8,17,-48,-34,-13
-16,-24,-8,-11,-10,-9,-7,38,16,-16,-15,-31
-17,-41,-14,26,-3,-25,39,-10,-4,-5,-32,-38
-2,-12,1,22,11,-14,6,-6,-16,-12,-30,6
-3,-29,-41,22,0,-14,16,18,-14,-5,-15,-1
4,-9,-10,12,-19,-13,-3,-1,-6,-29,-16,-21
4,-1,-17,7,14,-3,-18,-9,3,7,-22,-24
-3,15,0,3,-5,-15,0,21,3,-9,10,9
1,14,6,-3,11,6,-24,10,3,29,40,-9
4,8,4,-17,24,-1,-24,6,6,9,25,0
7,38,35,-9,2,12,-21,-12,10,17,46,41
8,22,22,-11,2,36,-7,-15,13,7,23,12
11,10,8,-32,-22,25,-9,-12,-7,41,14,27
26,65,27,-17,-11,53,-21,-19,15,44,53,27
10,55,50,-29,-22,57,-16,-37,2,39,62,55
20,74,50,-43,-19,38,-19,5,8,63,51,33
42,86,51,-61,-3,64,-29,-40,9,44,55,47
6,91,46,-89,0,79,-51,-52,46,56,81,38
37,105,41,-71,-21,75,-52,-37,37,81,82,84
29,100,67,-66,-27,101,-59,-39,38,89,104,80
50,127,63,-64,-27,96,-65,-44,32,96,107,77
62,128,85,-85,-37,85,-62,-64,37,111,92,87
50,148,81,-75,-8,122,-54,-58,32,98,121,115
59,147,73,-117,-17,139,-78,-71,29,98,128,70
49,160,103,-96,-34,120,-110,-45,37,100,133,124
47,156,112,-102,-10,139,-86,-49,76,115,148,132
83,157,96,-89,-34,132,-101,-64,42,125,146,130
60,179,120,-113,-21,144,-98,-86,68,144,172,110
81,187,113,-118,-11,158,-112,-73,36,135,177,101
71,180,124,-127,-44,153,-105,-82,43,153,151,126
63,196,121,-131,-34,151,-105,-74,43,137,174,126
60,209,143,-133,-4,174,-113,-76,74,168,193,162
58,195,115,-128,-27,170,-101,-98,65,161,182,158
72,224,99,-119,-21,164,-94,-63,46,155,188,126
101,199,149,-133,-44,176,-129,-84,73,179,185,142
76,209,141,-153,-54,180,-122,-77,73,176,191,176
68,198,161,-142,-34,193,-117,-85,53,165,209,152
57,219,148,-141,-15,183,-96,-94,72,158,192,158
68,208,123,-144,-39,191,-146,-105,55,173,195,149
65,242,147,-168,-30,176,-130,-88,53,166,179,171
60,223,151,-155,-45,189,-104,-88,59,175,215,153
89,213,145,-128,-29,160,-110,-89,73,136,207,151
67,202,133,-128,-26,186,-124,-70,80,174,188,141
69,201,142,-122,-26,165,-109,-61,67,161,202,142
70,201,117,-135,-18,169,-123,-99,58,164,183,151
71,207,139,-118,-9,159,-105,-85,68,159,195,131
50,171,123,-148,-40,160,-124,-70,64,154,161,126
77,172,98,-133,-17,146,-109,-77,58,110,160,159
60,179,140,-125,-30,146,-87,-62,66,127,163,125
71,169,116,-108,-32,137,-91,-81,63,136,163,118
36,174,105,-124,-14,147,-101,-78,71,122,149,108
60,148,109,-102,-16,146,-91,-66,55,119,144,105
77,156,101,-99,-31,126,-88,-48,49,118,143,113
40,138,101,-104,-23,120,-81,-51,31,99,141,104
56,136,69,-85,-13,108,-39,-49,38,96,127,59
31,141,66,-98,-22,92,-69,-70,24,87,104,67
39,110,82,-67,-8,68,-56,-46,27,75,120,73
34,113,67,-82,1,90,-59,-36,33,80,123,44
20,120,58,-44,-9,84,-46,-55,42,87,79,81
14,100,62,-57,-16,70,-38,-39,32,63,77,45
36,82,74,-44,-13,52,-51,-32,21,71,83,58
24,63,66,-56,6,56,-43,-23,21,52,85,41
24,60,25,-50,-7,47,-55,-29,22,33,54,31
15,39,28,-37,-30,45,-54,-12,46,35,69,36
4,56,26,-24,0,36,-12,-25,-8,35,38,27
-8,39,47,-24,-10,40,-31,1,13,28,10,20
11,49,6,-37,2,38,-36,-9,20,38,50,18
17,18,22,2,-17,6,-19,-16,-6,22,4,28
5,11,25,-13,5,23,-22,-5,-9,13,38,23
11,2,26,-15,10,9,17,-18,15,-4,-5,25
-5,15,0,11,6,-10,-6,-6,-11,12,8,-1
-3,-13,-18,-9,9,-24,-21,2,5,6,1,4
24,14,18,-20,5,-6,-13,-3,-1,-11,-14,15
-2,-15,-4,14,11,10,14,1,-8,-6,0,6
4,-5,-4,-2,-20,-22,11,10,4,-7,1,-23
4,-26,-4,10,-2,19,12,11,-9,-13,-18,-8
-14,-28,-28,7,6,-11,-22,22,-20,-8,-24,-17
-20,-11,-32,10,4,-12,17,5,-35,-32,-39,-40
-2,-14,-15,-7,-11,-47,6,9,2,-25,-35,-30
-15,-16,-21,45,0,-57,1,33,6,-28,-44,-29
-27,-12,-39,29,-15,-22,28,12,-14,-35,-35,-5
1,-50,-50,5,3,-31,3,3,8,-34,-32,-7
-28,-33,-34,16,6,-20,47,17,-28,-33,-48,-24
-26,-62,-36,26,13,-59,30,30,-11,-26,-49,-20
-11,-53,-38,17,27,-23,24,16,-9,-46,-45,-15
-1,-48,-45,27,24,-50,34,16,-10,-28,-53,-44
-52,-36,-38,-1,11,-40,24,27,-1,-31,-40,-18
-15,-49,-37,60,-2,-38,35,13,-24,-40,-25,-49
-22,-51,-28,27,6,-39,51,17,-9,-26,-39,-21
-26,-65,-40,43,-7,-43,54,24,-20,-35,-45,-32
-29,-39,-72,36,7,-44,18,26,-19,-43,-58,-45
-28,-61,-42,43,-4,-64,47,14,-5,-46,-50,-31
-43,-87,-53,48,12,-57,47,35,-31,-68,-60,-53
-31,-61,-52,50,8,-73,48,30,-37,-42,-72,-57
-29,-73,-60,55,17,-63,40,34,-46,-74,-84,-69
-27,-79,-60,69,2,-84,56,31,-40,-56,-54,-73
-46,-114,-50,76,20,-88,66,47,-54,-76,-80,-61
-45,-114,-79,94,21,-89,49,52,-33,-109,-82,-88
-46,-140,-86,92,21,-103,72,64,-37,-131,-127,-80
-47,-146,-100,86,33,-124,90,72,-32,-111,-139,-100
-48,-171,-96,99,30,-131,96,67,-43,-111,-119,-99
-60,-163,-101,104,13,-148,89,55,-44,-149,-157,-108
-58,-184,-102,112,35,-158,98,66,-36,-139,-166,-139
-54,-179,-106,137,37,-159,121,85,-62,-136,-183,-151
-70,-206,-124,117,24,-176,114,78,-73,-137,-193,-139
-66,-194,-124,142,18,-165,136,82,-56,-143,-187,-148
-64,-175,-131,135,20,-181,90,110,-67,-151,-179,-160
-65,-203,-111,129,16,-162,101,67,-61,-150,-167,-140
-76,-167,-128,119,30,-157,106,75,-43,-152,-153,-128
-88,-170,-109,123,32,-140,81,91,-53,-121,-164,-112
-57,-126,-99,84,11,-108,90,59,-54,-119,-116,-78
-48,-114,-76,38,26,-62,67,35,-13,-85,-76,-68
-14,-48,-17,30,13,-33,41,33,-26,-36,-25,-16
18,11,26,-11,-4,40,-6,11,-13,14,7,24
48,87,21,-79,-14,51,-41,-21,16,40,59,67
56,159,108,-116,-22,135,-84,-65,44,109,147,103
75,253,165,-165,-48,216,-114,-95,78,166,252,178
108,348,209,-240,-29,239,-186,-131,85,234,297,243
135,443,294,-301,-75,351,-249,-176,135,331,402,301
189,511,358,-355,-67,444,-288,-206,144,403,458,390
219,635,422,-445,-101,541,-333,-242,194,454,563,439
267,721,492,-504,-111,605,-391,-308,209,535,639,501
266,819,529,-549,-122,673,-482,-334,259,597,728,579
323,939,584,-620,-129,775,-496,-357,243,680,793,633
350,962,627,-675,-152,806,-547,-385,272,721,883,671
371,1006,660,-666,-163,825,-546,-405,301,775,886,710
341,1036,688,-704,-145,861,-545,-427,295,792,945,726
372,1045,679,-717,-160,872,-573,-408,305,787,948,745
366,1043,663,-717,-146,873,-568,-403,291,785,913,710
346,1001,635,-687,-165,836,-558,-425,274,761,899,699
355,942,620,-647,-142,781,-520,-360,272,697,836,665
297,870,570,-604,-115,739,-485,-358,267,658,794,612
282,793,527,-524,-117,637,-423,-314,255,574,727,567
231,693,465,-481,-107,580,-385,-289,213,505,646,482
198,595,386,-405,-112,519,-326,-250,165,449,548,395
177,485,326,-328,-81,402,-265,-191,136,365,447,337
129,364,223,-241,-66,318,-208,-154,95,289,336,272
91,287,171,-190,-17,205,-161,-109,84,194,218,199
77,149,99,-97,-33,116,-89,-91,58,104,137,105
7,71,47,-40,-25,66,-42,-17,40,46,50,44
10,-12,4,15,16,-3,10,7,-14,3,-8,-15
-45,-85,-52,73,-1,-80,45,56,-22,-95,-64,-81
-63,-140,-116,93,15,-114,89,51,-35,-95,-162,-123
-63,-245,-122,153,17,-172,126,82,-69,-168,-192,-146
-104,-256,-195,179,38,-232,170,80,-91,-201,-254,-186
-105,-288,-189,195,56,-273,163,119,-90,-236,-280,-213
-123,-334,-205,233,57,-260,167,139,-97,-248,-284,-230
-115,-337,-221,232,47,-271,185,153,-99,-234,-298,-266
-124,-360,-222,265,50,-320,194,131,-90,-272,-313,-254
-115,-361,-221,243,22,-296,197,146,-105,-259,-315,-265
-131,-337,-226,230,49,-311,182,128,-126,-268,-319,-234
-97,-345,-230,236,52,-283,179,139,-121,-256,-310,-241
-98,-317,-211,238,23,-248,177,137,-111,-232,-295,-230
-108,-296,-207,205,47,-265,190,131,-82,-226,-274,-213
-93,-268,-175,192,41,-219,157,116,-81,-194,-258,-189
-102,-254,-161,165,35,-243,147,93,-65,-176,-231,-197
-59,-239,-159,141,40,-199,118,90,-51,-166,-222,-165
-56,-201,-133,144,48,-177,98,65,-62,-170,-199,-149
-63,-180,-126,124,14,-160,126,57,-56,-130,-190,-142
-65,-173,-122,129,16,-154,96,49,-47,-129,-147,-96
-56,-178,-91,110,23,-134,90,42,-29,-110,-140,-92
-52,-122,-104,99,23,-124,78,39,-32,-130,-106,-90
-34,-122,-86,78,32,-88,68,36,-26,-104,-114,-98
-19,-94,-66,82,9,-86,47,39,-24,-80,-122,-80
-42,-92,-25,72,8,-62,61,27,-30,-79,-92,-64
-48,-85,-61,77,2,-70,59,44,-32,-66,-79,-75
-40,-88,-57,80,18,-87,36,31,-29,-63,-86,-55
-27,-95,-67,75,39,-73,32,22,-11,-48,-84,-54
-36,-72,-58,40,19,-58,44,32,-12,-50,-65,-62
-14,-62,-54,45,-1,-72,29,1,-24,-26,-75,-31
-13,-63,-59,52,29,-74,50,48,-31,-37,-60,-56
-21,-70,-27,36,9,-56,40,33,-1,-42,-62,-33
-26,-78,-44,69,30,-59,32,24,-27,-33,-61,-48
-14,-81,-31,28,18,-60,59,32,-37,-68,-79,-32
-22,-47,-47,37,40,-61,44,36,-23,-33,-46,-44
-17,-50,-63,58,8,-52,25,26,-15,-39,-71,-43
-32,-70,-42,43,30,-44,24,3,-16,-54,-45,-48
-9,-60,-50,27,6,-55,26,23,-14,-30,-48,-40
-3,-53,-31,47,-8,-45,20,26,5,-60,-47,-50
-29,-50,-32,39,-4,-19,30,30,-41,-41,-45,-43
-30,-47,-35,41,-9,-51,35,22,-8,-46,-39,-32
-28,-39,-31,15,-7,-40,10,13,-16,-40,-39,-50
-17,-39,-31,20,13,-31,36,28,-34,-59,-46,-50
-23,-35,-42,26,17,-55,23,22,-42,-4,-58,-48
-12,-53,-34,58,0,-34,45,22,-11,-42,-54,-36
-13,-19,-44,31,8,-23,45,3,-9,-16,-34,-47
-28,-45,-30,33,-2,-30,17,18,-6,-36,-38,-22
-7,-29,-22,35,7,-39,0,4,-8,-25,-38,-44
-7,-28,-18,21,7,-39,28,1,-25,-18,-20,-27
-4,-30,-13,23,13,-24,7,-7,-15,-25,-27,-14
-1,-20,-29,7,15,-18,16,-14,-10,-16,-17,-12
2,-27,-19,11,20,-14,14,10,-9,-18,-20,-5
-23,-8,3,11,-1,14,8,18,-8,-4,-19,-38
-4,-3,-33,20,-9,-22,-3,6,-17,-18,0,-49
-4,-2,7,23,5,-23,10,15,15,-13,-20,5
12,7,-1,3,-6,0,6,-23,-9,-34,-13,1
12,-11,3,-10,-14,-6,14,0,-14,-10,5,-21
12,6,7,5,-5,-9,5,-8,-8,19,-2,-12
25,-2,-4,-8,6,4,-3,3,9,-19,7,9
-4,18,11,-15,22,6,-11,-3,-2,35,10,-15
17,4,37,12,-13,6,-29,0,-17,12,4,23
13,3,12,1,1,24,-33,5,5,24,21,14
14,28,23,-3,-27,23,-21,-7,-9,13,29,15
29,33,30,-27,2,27,-21,8,27,30,3,14
4,34,9,-29,-16,22,-28,-29,-1,33,45,47
8,45,23,-37,-10,37,-19,-13,12,63,22,14
14,57,-7,-32,13,49,-29,-20,0,46,69,28
14,63,29,-34,-20,42,-30,-15,12,57,53,30
23,58,66,-56,-27,61,-42,-30,20,53,64,44
26,68,68,-37,-23,51,-43,-30,23,52,71,48
25,85,62,-56,-31,67,-55,-31,40,60,54,67
27,76,67,-58,-3,74,-51,-4,43,68,103,81
49,93,58,-61,-5,81,-40,-45,25,92,73,81
15,86,58,-92,-41,79,-73,-13,8,79,89,68
18,106,72,-65,1,93,-50,-42,37,78,94,90
36,119,91,-70,-8,91,-64,-63,36,97,120,117
36,114,86,-88,-35,119,-77,-50,43,88,117,74
61,125,98,-90,-5,107,-83,-85,45,109,144,102
45,135,95,-109,-22,95,-78,-54,49,100,127,119
59,152,108,-104,-35,124,-90,-40,41,84,113,93
50,169,107,-104,-37,107,-84,-71,47,128,159,96
60,163,112,-114,-23,130,-79,-51,49,125,145,110
56,172,115,-114,-30,154,-101,-62,30,146,167,134
67,161,131,-111,-14,155,-109,-62,59,150,170,123
59,200,139,-117,-37,157,-104,-66,61,137,172,136
64,189,120,-126,-24,176,-123,-85,65,166,155,142
81,189,145,-135,-25,173,-124,-66,67,146,195,133
71,209,135,-142,-33,174,-133,-80,47,159,205,162
87,237,153,-156,-12,186,-138,-69,67,158,212,156
90,233,154,-180,-38,204,-105,-96,64,175,223,178
81,241,169,-172,-32,185,-143,-121,58,173,202,180
81,271,183,-171,-23,216,-128,-104,96,205,227,163
69,257,160,-192,-28,217,-157,-113,89,176,225,181
92,275,161,-202,-57,223,-141,-114,82,218,253,189
97,293,180,-197,-39,240,-159,-120,77,218,268,188
118,306,199,-216,-34,233,-169,-109,87,204,246,205
113,288,200,-199,-50,268,-173,-127,76,204,253,207
126,317,198,-205,-45,237,-171,-117,106,246,252,225
122,310,183,-221,-45,260,-169,-130,91,227,263,234
122,337,220,-215,-48,259,-187,-129,101,223,288,220
127,351,216,-229,-38,255,-186,-110,106,255,332,246
146,320,213,-239,-63,293,-198,-126,90,245,306,250
115,351,202,-254,-52,282,-189,-117,114,262,298,243
105,352,226,-235,-57,288,-204,-147,95,248,320,245
140,338,246,-231,-43,284,-203,-131,111,270,328,230
142,339,239,-242,-52,290,-196,-132,124,271,306,276
143,337,253,-250,-60,290,-196,-150,131,285,340,249
141,367,242,-280,-54,291,-205,-172,109,299,330,265
124,361,249,-251,-49,311,-194,-130,126,290,324,257
128,378,235,-256,-40,322,-211,-149,116,266,327,253
147,371,234,-237,-66,307,-188,-138,111,297,351,260
131,385,247,-255,-61,303,-218,-167,103,282,351,253
146,388,262,-260,-60,330,-211,-162,131,295,354,306
123,399,265,-261,-74,305,-206,-161,115,281,365,273
136,374,242,-271,-39,339,-216,-151,108,281,338,264
143,376,277,-278,-55,307,-220,-150,115,305,354,293
138,397,258,-255,-54,331,-212,-139,129,291,368,249
136,389,237,-274,-68,315,-225,-138,122,284,340,264
150,398,257,-284,-56,328,-207,-153,136,279,346,276
155,407,253,-286,-65,324,-220,-176,140,306,349,273
117,384,258,-255,-45,305,-220,-161,125,283,371,289
134,372,281,-264,-61,322,-218,-136,120,286,347,293
145,396,268,-253,-61,333,-206,-148,127,300,367,268
134,374,256,-270,-66,320,-206,-172,120,296,338,249
114,377,236,-282,-74,318,-209,-149,135,300,325,285
135,388,226,-254,-55,315,-226,-143,120,274,332,261
125,372,237,-243,-44,304,-218,-133,128,291,340,272
140,366,237,-258,-63,320,-201,-135,114,253,319,248
93,365,227,-244,-58,316,-183,-142,95,274,296,258
117,363,250,-243,-56,284,-193,-127,96,260,305,249
112,343,226,-255,-61,307,-191,-144,97,254,318,241
114,309,223,-225,-37,286,-193,-127,96,248,296,232
118,334,203,-209,-51,267,-189,-145,96,235,281,201
117,306,205,-219,-34,266,-175,-125,100,235,289,229
97,318,211,-201,-45,262,-175,-133,78,243,280,232
104,317,212,-219,-73,230,-169,-108,81,257,276,239
90,287,206,-194,-51,248,-175,-134,80,229,265,220
90,303,194,-207,-36,244,-178,-109,72,221,260,213
122,301,178,-189,-61,252,-149,-112,91,216,240,204
104,261,200,-183,-42,220,-133,-116,106,202,267,191
91,283,164,-183,-20,239,-149,-120,96,204,245,176
88,270,178,-174,-41,199,-176,-96,82,206,250,171
86,252,153,-172,-22,220,-159,-91,82,206,235,176
83,237,160,-172,-74,194,-125,-81,69,182,238,163
73,245,157,-152,-20,198,-100,-93,56,172,212,146
93,201,154,-132,-35,175,-117,-86,70,180,229,152
86,238,124,-130,-23,195,-110,-75,64,153,209,147
72,232,137,-138,-39,157,-131,-78,55,143,170,139
61,207,129,-128,-23,169,-99,-84,73,155,199,147
65,212,137,-130,-11,146,-110,-69,42,140,173,114
49,199,137,-114,-36,139,-94,-97,66,133,170,133
78,167,118,-123,-35,118,-100,-69,41,158,163,128
60,163,99,-123,-29,139,-85,-80,74,130,144,118
62,165,111,-106,-19,120,-99,-74,47,139,133,123
39,161,111,-94,-10,97,-86,-56,66,106,120,105
43,153,77,-97,-40,102,-83,-72,42,99,113,99
39,105,78,-100,-22,102,-81,-65,34,94,129,114
50,118,83,-66,-26,117,-44,-57,58,75,117,63
15,120,70,-91,-40,92,-71,-31,25,67,111,108
41,112,75,-76,7,81,-64,-56,27,65,79,82
28,97,67,-59,-13,63,-50,-19,10,94,81,56
41,82,57,-54,-18,67,-48,-32,9,71,78,77
33,91,44,-44,-13,72,-41,-52,22,55,71,67
17,83,61,-47,-6,37,-12,-44,20,53,58,51
33,77,75,-45,-1,43,-35,-8,49,67,43,60
20,76,53,-48,-4,45,-46,-31,18,58,67,45
8,34,46,-47,-3,37,-23,0,29,35,63,48
20,48,15,-10,1,41,-24,-6,15,47,31,41
10,35,27,-29,-20,49,-19,-24,-3,43,34,17
-3,38,27,0,-4,21,-33,-17,20,17,22,11
18,26,14,-14,-7,3,-8,-1,13,4,32,26
-4,18,37,-14,-10,12,-14,-20,-17,28,36,20
14,32,2,-16,-3,11,3,-7,6,13,-14,3
29,-5,6,-21,-13,8,20,-6,10,-21,5,0
19,-4,-1,-6,-7,1,3,-3,-2,-20,7,15
-10,11,3,-11,18,-17,-7,-4,0,-9,9,14
6,7,8,6,12,-22,17,-2,13,-20,-15,-8
16,9,-6,14,5,-11,7,-15,13,-23,-17,-4
2,-19,-6,12,7,14,5,-8,-5,-3,-31,14
-20,-22,-6,0,6,-11,-6,15,3,-7,-2,-30
-23,-22,-7,3,-9,0,13,-4,-9,-3,-22,-21
-19,-4,-1,14,10,-4,17,30,8,-9,-1,-14
3,-12,-19,9,18,-42,-13,12,-5,-16,-23,-1
-9,-27,-28,17,47,3,11,18,-42,-11,-39,-26
2,-31,-40,49,10,-28,25,29,-13,-12,-24,-23
-33,-43,-10,33,31,-20,4,24,-13,-37,-36,-15
-7,-46,-10,39,7,-32,9,10,-20,-5,-36,-12
-5,-23,-31,30,4,-22,21,25,-15,-19,-23,-39
-29,-45,-27,32,15,-24,30,1,9,-34,-6,-16
-19,-32,-33,32,7,-49,31,6,-5,-42,-46,-14
-19,-53,-36,44,-2,-48,4,8,1,-50,-47,-31
-2,-44,-35,26,14,-49,22,2,-4,-52,-41,-26
-23,-59,-43,41,7,-28,34,9,-3,-33,-60,-49
-4,-42,-27,27,16,-59,50,9,-1,-40,-23,-45
-30,-51,-36,28,-3,-39,20,13,-11,-37,-37,-25
-16,-65,-40,46,14,-48,56,38,-4,-70,-31,-34
-22,-45,-34,59,13,-47,16,19,-11,-14,-53,-33
-17,-81,-59,31,0,-33,40,8,1,-39,-55,-46
-28,-36,-46,38,14,-38,14,21,-42,-29,-42,-29
-19,-55,-25,18,-10,-65,36,39,-5,-41,-42,-38
-19,-62,-43,17,2,-44,24,54,0,-65,-43,-38
-36,-55,-45,22,12,-66,25,31,0,-39,-63,-32
-25,-44,-38,52,8,-61,34,37,-35,-43,-53,-40
-21,-63,-59,31,4,-36,34,26,14,-49,-38,-35
-11,-71,-19,59,-9,-27,35,18,-12,-28,-56,-35
-23,-48,-33,31,17,-29,31,27,-42,-10,-57,-46
-16,-59,-49,35,12,-41,24,36,1,-43,-63,-32
-24,-47,-37,34,23,-49,28,12,8,-53,-52,-31
-9,-67,-32,42,3,-43,33,48,-27,-50,-62,-19
-3,-46,-48,65,4,-54,22,21,-12,-66,-67,-61
-15,-70,-49,45,29,-62,21,18,-9,-57,-52,-26
-31,-50,-38,39,31,-43,25,30,-9,-50,-52,-61
-33,-67,-57,53,12,-44,28,27,-10,-54,-43,-29
-33,-53,-41,34,-5,-45,26,20,-22,-41,-60,-19
-19,-65,-32,51,19,-40,17,35,-12,-58,-56,-39
-30,-75,-40,44,27,-43,19,14,-5,-34,-56,-30
-5,-64,-41,35,9,-47,26,16,-7,-45,-67,-41
-7,-47,-49,43,-8,-40,24,34,-21,-31,-79,-35
-38,-60,-38,24,9,-40,35,11,-20,-18,-68,-48
-18,-69,-23,47,7,-54,25,11,-35,-37,-74,-19
-17,-41,-28,10,-3,-51,22,19,-7,-60,-42,-53
-24,-78,-50,50,23,-45,24,6,-3,-40,-40,-19
-8,-39,-41,48,7,-37,22,3,-20,-58,-70,-39
-39,-68,-33,29,-7,-32,33,9,-22,-55,-41,-33
-19,-51,-24,49,14,-64,35,20,-28,-30,-27,-37
-11,-51,-39,36,28,-51,23,19,-22,-26,-32,-41
-14,-41,-43,38,0,-38,28,4,-11,-36,-44,-46
-36,-51,-63,39,15,-25,24,24,-21,-34,-66,-19
5,-70,-13,23,-7,-42,22,19,-15,-41,-46,-22
-17,-44,-24,19,-9,-28,22,14,10,-70,-31,-9
-20,-62,-27,34,-5,-30,30,28,-28,-42,-49,-31
22,-35,-52,39,20,-39,4,21,2,-46,-28,-54
-10,-50,-25,30,34,-48,23,-3,-24,-55,-33,-43
-19,-30,-40,32,-3,-17,15,33,-29,-24,-32,-41
-21,-45,-20,38,14,-51,54,16,-15,-30,-43,-5
-38,-50,-22,39,-17,-50,-14,12,-15,-34,-51,-34
-15,-44,-30,18,8,-37,29,23,-8,-27,-28,-30
-3,-52,-30,19,7,-33,21,5,1,-34,-42,-35
-21,-70,-19,39,3,-55,-2,-3,-4,-36,-51,-30
-5,-44,-27,45,27,-15,9,11,-17,-33,-38,-30
-9,-18,-47,25,-7,-50,7,34,-33,-31,-37,-44
-3,-36,-25,21,7,-42,36,11,-24,-47,-52,-38
-15,-53,-23,39,-5,-34,24,6,-7,-41,-28,-16
-27,-41,4,20,-4,-45,15,16,-2,-30,-31,-19
-4,-35,4,11,10,-58,18,22,-5,-40,-30,-39
-6,-34,-9,33,5,-28,17,17,-6,-33,-47,-28
-1,-28,-28,62,-5,-25,32,17,-20,-29,-34,-10
-21,-22,-3,28,13,-33,37,-2,-12,-19,-20,-13
-2,-36,-15,16,11,-23,5,32,-15,-16,-45,-24
-17,-42,1,6,-5,-27,30,15,-14,-36,-48,-24
-18,-23,-40,20,11,-32,13,19,-10,-46,-18,-26
-8,-35,-14,18,14,-40,31,39,-16,-32,-46,-20
-16,-40,-6,28,14,-21,6,13,6,-26,-33,-2
-16,-42,-2,20,-3,-32,25,21,-12,-13,-30,-9
-15,-23,-25,26,1,-16,27,17,-25,-25,-39,-32
-10,-37,-15,15,6,-33,11,14,-21,-4,-32,-22
-19,-49,-12,20,-14,-33,5,6,-14,8,-25,-31
-20,-25,-26,37,-15,-28,30,11,0,-19,-16,-10
-23,-37,-35,26,11,-31,20,5,-26,-20,-15,-27
-11,-24,-8,34,25,-28,-1,-6,-14,-18,-14,-26
4,-34,-26,1,9,-12,8,1,4,-11,-21,-30
-7,-35,-35,26,3,-24,-4,14,-3,-28,-29,-28
-7,-28,-6,21,4,-24,16,6,-21,-12,-19,-1
-12,-17,-6,10,-6,-10,22,0,14,-20,2,-20
-6,-21,-24,-2,0,-6,35,21,-24,-33,-15,-31
5,-31,7,-3,-8,-27,14,0,-16,-12,-24,-19
10,-17,-26,2,11,-3,-2,7,11,-31,-17,-22
-1,-14,-6,28,-4,-34,19,3,-16,-19,-29,-6
3,-13,-44,-5,21,-18,6,21,0,-8,-16,-33
-6,-22,-14,-18,16,-22,9,9,-7,5,-22,-7
-5,-7,-5,8,8,-26,-13,-9,-2,-23,-2,-10
-2,-31,-32,29,9,-28,14,0,-3,-11,-25,-26
-9,-8,-8,9,-4,-18,29,31,12,-23,-26,-18
-20,-13,-2,9,-10,3,36,-19,-1,-5,-28,7
-19,-32,-12,28,-23,-19,6,-5,11,-7,-44,-10
-4,-26,28,-1,4,-11,29,-14,-5,-31,0,-12
-13,-5,4,4,-17,-23,14,17,21,-1,-18,8
-5,-5,-17,-3,5,-9,10,5,-9,-31,-32,-20
-10,-2,15,-6,-12,-14,22,-6,-6,-13,-17,3
9,-21,-23,9,-2,4,11,8,-9,-3,-13,-7
-4,-29,-12,16,20,-8,-1,13,19,-6,-21,-14
11,-19,-14,-11,13,-4,23,17,-4,-21,-10,-1
2,-11,-32,9,-14,0,25,16,-11,-31,-21,3
-13,-11,-18,10,3,-2,-6,10,-3,-1,-15,3
11,-12,14,12,-17,-3,17,22,13,-2,16,-13
-15,-3,-18,0,-16,-18,-15,23,4,-4,-6,12
2,-24,-1,-2,10,-16,6,14,11,-5,-18,-10
23,-15,-16,3,-5,-2,-12,-13,-2,-15,-1,-8
-6,0,1,6,3,3,-2,-4,-21,7,-2,-19
20,-7,-6,10,-6,-6,9,25,-7,2,-4,-20
0,-1,-22,6,11,13,5,-7,2,6,-17,14
16,-12,-27,20,4,-17,9,6,-2,2,-11,-23
24,-8,-27,-2,-7,-18,0,6,4,-14,-5,-8
-13,-15,-7,-3,1,-4,34,3,9,-1,-12,13
-18,-21,-27,6,-4,-17,9,-10,-11,-12,7,-7
14,-24,8,0,6,-23,-9,2,-16,-11,-13,-20
22,-9,0,1,0,1,-11,-2,10,-4,2,-12
-10,8,-8,-3,-21,6,-19,-5,2,16,-2,-24
-6,-2,8,4,-1,6,-2,-9,-12,7,3,5
-17,-8,-2,1,-3,-13,-2,17,4,-7,5,-1
-9,25,-4,-16,-7,7,4,-13,18,-9,-8,14
1,14,10,-12,19,8,-23,-3,-2,31,-8,5
0,22,-15,-11,1,-7,-7,22,16,-12,6,11
-9,9,-3,1,7,8,-15,11,-2,-3,8,17
1,-1,-11,19,14,-2,2,-12,13,-5,2,10
12,-12,27,-13,22,10,-20,7,6,18,3,10
-16,21,17,-5,-7,-3,-14,-8,-10,25,18,18
7,31,0,-9,11,11,-6,-22,2,37,11,14
-12,28,6,-4,-1,13,-8,-20,0,2,13,1
8,7,1,-21,-8,7,-29,-13,9,11,21,28
13,15,19,-22,-17,23,-31,4,5,15,19,31
4,-2,16,-18,14,19,-12,-15,-11,17,13,15
10,20,1,-13,5,20,-15,-14,13,17,23,6
20,31,36,-19,-3,49,-45,-16,31,25,37,26
38,32,33,-28,-16,41,-34,-12,3,8,37,38
2,40,2,-13,8,32,-5,-5,25,11,26,29
22,28,24,-10,2,30,-8,-13,2,35,39,23
16,51,29,-18,13,54,-27,2,27,11,39,25
3,51,56,-53,23,31,-32,-7,9,27,58,52
19,48,31,-52,-8,45,-27,-23,23,31,43,40
35,62,12,-58,8,81,-22,-38,6,61,54,43
22,44,31,-55,2,41,-20,-41,13,47,52,70
34,62,45,-58,-18,63,-60,-37,10,61,91,52
37,59,38,-46,-17,80,-48,-25,40,56,71,45
33,90,61,-71,-6,67,-67,-57,14,61,55,106
29,92,64,-64,-31,69,-75,-28,31,94,76,53
43,105,62,-69,-5,88,-57,-47,25,77,107,86
39,91,58,-87,-16,74,-67,-49,38,58,116,83
74,110,80,-76,-16,105,-45,-40,8,97,98,87
42,125,74,-95,-6,110,-50,-44,49,107,92,69
39,98,80,-82,-16,111,-77,-48,53,113,101,87
26,161,90,-81,-2,125,-76,-55,44,117,117,76
48,129,84,-79,-30,144,-85,-46,52,107,133,108
36,165,91,-107,-18,121,-63,-60,38,96,133,118
80,152,95,-84,-18,155,-38,-43,57,129,152,111
51,174,104,-132,-28,148,-70,-60,52,126,164,128
65,181,146,-117,-29,142,-95,-62,73,126,179,148
62,189,118,-146,-27,169,-91,-44,50,152,162,129
70,222,118,-149,-2,179,-95,-91,75,134,189,135
74,202,136,-136,-32,183,-106,-77,61,167,183,136
69,232,155,-128,-42,187,-136,-96,52,160,205,145
95,232,157,-147,-42,173,-138,-100,69,174,187,160
86,248,138,-155,-37,203,-114,-108,71,176,230,164
77,241,143,-167,-52,188,-115,-112,72,189,222,168
90,247,168,-162,-42,194,-132,-94,82,178,232,191
90,268,182,-181,-33,226,-146,-124,63,168,255,189
70,293,168,-171,-45,223,-123,-109,73,213,248,175
95,270,184,-174,-54,224,-170,-112,69,218,252,193
89,258,179,-190,-55,217,-149,-107,98,222,271,194
98,271,184,-196,-33,227,-147,-103,90,199,249,187
114,276,184,-209,-33,241,-150,-137,64,198,259,195
100,308,190,-200,-47,231,-150,-139,104,224,245,202
111,284,180,-209,-58,241,-149,-138,94,229,277,204
110,312,191,-186,-55,244,-156,-121,109,232,264,215
99,274,198,-211,-42,246,-163,-101,85,205,264,211
80,286,197,-205,-45,252,-171,-130,83,228,261,204
105,318,193,-211,-37,248,-158,-105,77,210,253,222
92,290,184,-195,-54,228,-151,-133,83,213,257,176
117,289,219,-194,-41,271,-171,-126,70,225,258,215
91,283,195,-203,-33,229,-154,-109,75,218,275,188
110,281,176,-185,-54,237,-161,-117,105,205,268,222
76,278,171,-192,-67,251,-159,-103,86,203,255,188
82,272,166,-188,-24,232,-170,-86,88,195,238,196
107,261,186,-196,-61,229,-158,-115,88,221,242,199
91,277,170,-199,-30,239,-143,-73,74,194,238,176
89,249,168,-191,-57,201,-122,-78,75,185,230,193
89,258,151,-156,-28,203,-132,-92,73,187,221,170
113,247,143,-144,-35,195,-129,-109,82,170,217,166
113,233,151,-159,-12,199,-114,-108,56,159,211,163
64,224,156,-172,-25,189,-136,-100,84,154,203,171
81,212,158,-144,-20,177,-124,-110,80,179,201,130
84,225,137,-144,-33,164,-126,-86,52,152,183,170
53,203,143,-143,-39,183,-99,-70,53,145,191,133
67,187,127,-122,-22,168,-108,-79,44,127,155,101
77,172,129,-134,-40,151,-90,-58,54,115,174,127
60,158,104,-144,-42,160,-119,-72,52,119,142,129
58,167,92,-98,-19,112,-100,-52,24,116,160,118
69,153,87,-94,-23,129,-89,-66,55,119,131,106
61,155,74,-81,-1,143,-92,-64,45,115,115,100
54,146,120,-87,-19,118,-77,-34,28,115,138,96
54,135,77,-91,-11,92,-66,-46,22,101,107,74
57,121,84,-62,-12,96,-65,-53,44,90,97,88
24,134,88,-61,-27,87,-58,-47,39,85,129,69
36,102,72,-73,-20,68,-75,-27,32,87,83,69
36,74,57,-48,11,90,-63,-47,23,53,72,90
32,97,64,-69,-30,60,-32,-37,45,53,76,67
32,67,47,-67,-6,83,-51,-13,20,59,72,71
24,85,58,-55,-9,62,-42,-44,19,55,68,35
10,67,41,-50,17,50,-59,-31,37,37,58,23
21,63,42,-54,-2,53,-40,-15,2,51,66,63
45,56,45,-17,14,46,-24,3,0,40,66,46
13,61,57,-34,-23,38,-20,-21,17,52,44,34
2,42,23,-29,-5,36,-39,-39,7,41,41,26
15,62,28,-11,-2,23,-14,-16,0,42,27,49
25,25,11,-36,16,40,-23,-17,18,29,24,34
25,31,18,-9,-8,26,-15,-14,4,10,30,30
15,27,-8,-20,-16,11,-23,-36,20,6,20,10
-4,33,30,-31,8,32,-18,-4,14,11,25,16
-1,33,12,-24,12,26,-1,-6,12,3,37,26
16,32,33,-24,5,33,0,-16,10,19,6,11
5,6,9,-15,-2,35,-35,0,-7,0,7,15
15,12,9,-13,2,24,14,-21,2,22,20,8
2,27,-1,10,15,-2,2,-4,3,6,7,2
-1,20,-15,-1,8,17,-30,-10,18,-1,36,19
-19,4,-11,-4,8,-2,15,4,1,1,20,4
7,10,0,-7,-5,-2,-13,-9,-8,13,17,-1
17,4,7,-12,0,15,5,0,-8,19,23,-21
15,23,-5,-14,14,7,2,2,2,-1,17,21
-10,-4,4,-1,3,22,-4,3,5,21,8,0
17,-36,-11,14,23,-2,11,-6,-18,14,8,10
-3,-7,16,10,-9,-1,-15,13,4,-9,0,-15
5,-12,-11,18,7,1,3,19,-21,-1,3,-30
-3,-19,2,18,-5,-3,24,15,-29,-11,-31,-32
-21,-16,-5,-13,10,2,15,18,-3,-28,-34,-31
-48,-39,-20,14,-4,-45,16,35,-13,-25,-59,-32
-13,-44,-29,34,14,-35,15,10,-3,-53,-69,-42
-8,-41,-36,41,1,-54,34,15,-13,-50,-71,-31
-15,-80,-51,57,28,-37,52,20,-30,-57,-70,-58
-32,-102,-53,78,20,-74,53,21,-10,-53,-66,-43
-47,-104,-67,80,22,-93,56,34,-35,-103,-100,-58
-39,-111,-96,86,40,-101,69,32,-46,-101,-84,-79
-54,-148,-85,86,20,-99,72,58,-61,-94,-94,-80
-59,-130,-99,97,22,-113,84,37,-29,-94,-136,-103
-65,-127,-76,90,31,-111,95,56,-43,-90,-126,-110
-36,-136,-89,89,33,-126,113,55,-40,-92,-116,-90
-38,-139,-116,103,55,-111,74,59,-25,-101,-127,-116
-45,-160,-78,108,13,-113,74,41,-49,-116,-131,-96
-59,-126,-97,98,29,-107,85,58,-50,-109,-122,-80
-34,-119,-88,100,18,-86,81,46,-41,-96,-124,-102
-31,-108,-57,67,34,-92,40,37,-11,-79,-70,-79
-12,-85,-41,43,1,-39,29,15,-31,-52,-64,-33
11,-30,-31,17,-1,-12,26,7,-14,-28,-17,-15
7,25,9,-21,-14,29,-10,3,-11,2,22,1
30,85,43,-58,-1,60,-36,-56,28,46,70,70
49,152,100,-113,-29,120,-86,-81,66,119,138,102
52,225,161,-133,-24,220,-138,-82,76,166,217,170
116,325,211,-207,-20,249,-193,-104,116,243,294,215
149,402,277,-292,-50,332,-228,-156,120,287,372,286
189,516,356,-354,-69,429,-271,-202,156,385,469,359
204,621,425,-409,-111,508,-331,-257,187,461,551,408
247,706,450,-479,-100,601,-387,-300,200,549,642,493
266,816,511,-560,-148,689,-445,-325,234,621,730,567
323,889,599,-624,-130,752,-503,-359,265,680,810,646
352,972,634,-666,-145,833,-549,-391,306,718,892,705
372,1043,718,-739,-163,882,-572,-395,305,788,947,732
383,1120,722,-715,-153,897,-596,-447,327,822,969,782
402,1112,730,-789,-174,925,-617,-444,344,853,1029,787
391,1132,736,-759,-158,927,-622,-440,346,835,1023,813
397,1127,743,-754,-168,935,-585,-442,354,833,1020,777
368,1102,711,-739,-155,907,-593,-455,340,839,989,763
361,1048,691,-721,-145,915,-588,-426,321,774,952,744
317,985,644,-667,-163,800,-558,-379,316,749,873,699
316,905,608,-633,-142,740,-516,-373,270,677,804,637
285,824,532,-547,-120,686,-462,-319,267,624,743,547
229,733,467,-492,-113,586,-409,-279,222,551,633,496
220,635,393,-442,-101,517,-362,-243,191,464,548,432
190,511,349,-339,-89,432,-292,-207,161,384,460,348
140,414,254,-309,-62,317,-222,-159,101,268,349,253
106,291,192,-205,-39,240,-138,-112,88,218,238,202
42,182,135,-110,-35,167,-116,-93,46,160,181,133
19,105,71,-59,-23,87,-45,-22,30,42,104,43
22,28,11,-41,-8,20,-15,-41,-3,-5,-3,2
-27,-47,-19,30,5,-44,5,24,-11,-46,-53,-43
-42,-105,-75,62,6,-92,58,39,-28,-97,-100,-54
-58,-147,-114,117,12,-121,95,88,-38,-100,-141,-92
-76,-208,-119,133,25,-155,122,82,-39,-140,-148,-118
-95,-239,-152,135,44,-171,118,83,-55,-185,-203,-150
-85,-242,-150,169,56,-186,110,100,-73,-173,-205,-192
-82,-256,-145,173,45,-227,138,87,-67,-164,-232,-181
-71,-219,-169,166,52,-193,144,100,-90,-190,-251,-178
-84,-260,-149,175,41,-201,141,78,-83,-185,-237,-165
-76,-242,-185,162,30,-204,129,99,-61,-174,-223,-173
-64,-213,-147,159,38,-171,117,73,-80,-174,-198,-176
-79,-199,-137,154,19,-178,114,78,-62,-151,-195,-131
-44,-177,-137,106,-5,-142,108,89,-57,-115,-188,-135
-64,-152,-99,106,21,-150,92,63,-55,-105,-120,-112
-14,-114,-89,83,28,-93,81,64,-79,-86,-99,-87
-39,-144,-78,70,40,-94,79,35,-32,-81,-121,-97
-11,-89,-71,59,3,-87,47,64,-19,-61,-80,-81
-32,-71,-37,47,18,-67,47,11,-10,-58,-66,-27
-1,-65,-32,36,-1,-47,32,47,-14,-54,-36,-21
-10,-36,-27,16,1,-39,49,10,15,-15,-33,-39
-5,-13,-21,13,18,-21,6,16,-11,-23,-24,-18
-4,-14,-22,4,19,-8,9,-15,12,-21,-30,-6
5,-14,-8,-11,-1,-27,6,-3,-1,-12,-34,-18
1,11,2,4,-1,10,0,-10,-3,14,-20,35
-8,-9,-5,18,-2,3,-18,23,-4,-13,14,26
8,8,7,-8,-7,19,6,-22,7,3,33,21
17,34,0,-14,-13,19,-18,0,-6,3,30,10
7,26,-10,16,-21,8,6,-35,9,17,30,5
12,37,36,-4,-14,2,-4,-19,5,23,16,23
28,15,5,-15,-5,21,-28,12,7,13,24,25
31,22,25,-18,-14,20,-27,-7,15,11,27,-5
31,35,5,-30,4,18,-15,-12,16,14,40,11
-1,37,21,-20,-12,18,-2,-23,11,27,16,31
15,40,4,-20,-23,33,-16,-26,-8,21,38,52
4,31,12,-39,2,29,-14,-27,10,21,25,25
0,34,33,-23,-7,52,-32,8,6,13,36,14
-6,20,23,-25,-2,21,6,-29,-2,9,36,17
10,49,52,-33,-14,8,-27,-21,1,24,40,10
14,29,20,-20,3,41,-8,5,16,8,44,19
14,42,26,-9,21,29,-36,-13,12,17,26,23
35,34,36,-54,-13,6,-12,-12,17,32,23,23
4,42,19,-15,-26,14,0,-14,7,37,37,37
27,70,21,-36,-1,28,-5,-23,12,19,39,21
31,29,17,-35,-4,46,-22,-9,-1,34,37,25
8,71,51,-31,-8,29,-23,-12,12,29,55,39
39,23,22,-38,2,67,-23,-45,24,53,36,29
16,62,50,-55,-4,51,-35,-40,30,36,29,32
18,60,40,-38,-3,55,-30,-24,9,22,71,50
21,71,36,-47,-1,47,-30,-12,32,34,43,52
37,65,36,-47,-18,17,-41,-38,34,46,61,69
25,73,38,-49,-27,65,-25,-25,42,64,59,47
45,57,59,-35,-25,66,-26,-33,26,59,54,60
12,74,30,-45,-2,74,-29,-36,33,68,50,52
11,79,52,-60,-19,70,-34,-18,16,66,58,47
25,74,43,-61,9,72,-54,-41,38,57,76,40
21,95,36,-54,-2,76,-39,-35,31,60,89,52
42,87,70,-45,6,60,-52,-36,17,75,108,65
37,95,74,-64,-20,79,-51,-36,41,67,82,54
28,117,62,-66,4,61,-51,-35,-1,62,110,73
55,111,62,-80,-12,91,-42,-35,45,97,96,79
35,118,71,-102,-36,96,-71,-25,64,77,92,79
49,103,80,-75,-28,90,-56,-69,32,92,82,104
29,116,70,-80,-40,88,-63,-30,40,100,121,98
60,109,78,-71,-7,101,-74,-36,35,111,119,89
57,145,92,-103,-25,125,-71,-47,43,112,122,95
36,159,91,-119,-14,107,-66,-72,46,109,122,101
44,139,107,-100,-39,107,-66,-44,38,98,142,107
46,134,98,-98,-17,147,-71,-66,51,127,139,109
22,146,117,-127,-15,135,-112,-35,47,122,153,113
67,179,113,-99,-35,140,-112,-63,58,131,141,121
67,178,127,-143,-39,179,-112,-61,53,144,165,130
54,157,88,-126,-16,161,-99,-78,44,150,153,148
91,210,126,-114,-35,147,-106,-72,35,156,171,116
59,218,145,-159,-29,161,-111,-81,84,143,178,159
71,202,131,-142,-11,170,-129,-85,60,156,194,158
94,232,125,-158,-22,155,-136,-85,59,154,199,138
94,217,139,-166,-63,180,-101,-100,89,169,198,160
59,246,160,-170,-51,192,-111,-86,75,157,228,152
70,248,127,-179,-45,204,-148,-83,67,184,203,147
104,247,155,-164,-42,210,-137,-114,72,192,200,196
109,236,190,-179,-38,217,-133,-99,75,192,233,195
97,287,161,-182,-43,236,-152,-102,94,182,235,188
88,287,166,-184,-48,226,-164,-108,97,214,235,197
111,288,181,-196,-42,248,-164,-120,81,213,244,187
105,303,183,-192,-47,234,-153,-114,93,217,269,219
113,306,168,-215,-54,252,-183,-132,102,247,282,224
107,314,188,-220,-28,240,-150,-112,91,203,277,218
100,316,209,-223,-48,287,-186,-117,84,238,310,224
130,328,228,-216,-43,272,-184,-131,85,247,310,226
117,328,243,-220,-27,287,-181,-156,84,244,332,237
133,344,236,-238,-42,268,-181,-141,116,257,309,249
126,362,235,-244,-60,313,-190,-160,101,239,331,281
123,368,237,-259,-61,298,-198,-151,102,247,333,280
131,381,224,-251,-76,325,-224,-137,106,270,344,273
146,378,245,-259,-72,317,-209,-159,140,280,355,263
126,386,249,-280,-63,321,-211,-151,105,303,349,263
151,380,261,-284,-48,310,-224,-178,130,302,363,283
132,402,261,-280,-70,334,-227,-171,107,287,341,299
139,409,255,-265,-50,330,-226,-172,131,303,353,294
154,407,272,-289,-57,329,-226,-180,133,300,364,298
153,422,261,-300,-78,351,-209,-156,131,340,370,295
172,421,274,-282,-63,349,-252,-196,135,344,372,285
163,459,289,-307,-78,397,-245,-177,118,313,399,291
147,459,287,-300,-86,383,-243,-179,156,314,400,312
161,436,273,-314,-71,362,-225,-172,136,326,396,284
167,460,288,-298,-73,380,-252,-182,143,323,418,315
153,476,273,-324,-66,363,-263,-192,157,351,411,319
149,454,306,-322,-61,376,-237,-168,153,341,425,348
151,435,289,-302,-75,376,-275,-185,142,347,425,310
154,457,295,-326,-62,385,-261,-186,145,359,413,319
156,446,302,-310,-71,382,-288,-199,132,352,442,318
157,484,300,-302,-75,359,-264,-201,159,359,426,321
138,463,306,-315,-69,363,-265,-149,117,359,433,324
184,470,300,-319,-86,395,-265,-189,139,357,410,332
178,456,303,-322,-95,393,-261,-198,151,343,434,310
171,463,286,-336,-62,393,-254,-162,126,344,438,356
163,479,328,-329,-83,413,-268,-196,160,360,419,328
166,485,298,-330,-71,399,-285,-199,143,359,441,323
152,478,302,-306,-79,393,-269,-175,128,349,390,349
165,485,310,-305,-81,389,-250,-202,146,353,421,308
171,455,294,-308,-72,347,-250,-176,149,338,386,340
167,480,299,-314,-88,360,-241,-176,122,350,433,315
168,456,283,-324,-55,374,-266,-183,145,354,425,312
157,448,292,-298,-70,372,-233,-184,145,339,376,334
153,455,276,-295,-82,368,-239,-169,140,357,423,313
162,428,292,-302,-55,377,-248,-177,134,337,410,301
171,442,292,-308,-65,367,-259,-179,129,327,395,305
145,440,270,-296,-72,379,-240,-181,133,319,375,315
139,421,290,-275,-61,355,-253,-170,119,318,377,312
149,412,268,-301,-67,348,-217,-161,132,307,382,316
157,412,263,-274,-68,348,-211,-163,116,311,353,277
145,411,262,-243,-51,309,-199,-141,109,302,344,283
134,418,244,-268,-69,319,-230,-153,125,299,355,273
135,366,263,-260,-56,304,-201,-160,136,295,355,294
140,376,249,-256,-54,314,-203,-161,119,274,332,263
119,388,254,-262,-41,301,-212,-145,101,281,348,261
128,378,235,-236,-60,306,-165,-123,109,284,323,263
118,331,219,-234,-52,286,-196,-142,120,269,335,227
127,331,236,-223,-44,258,-186,-132,97,258,301,244
120,338,210,-241,-68,269,-180,-122,123,264,306,234
111,320,190,-226,-60,237,-147,-125,86,253,291,219
117,323,223,-214,-59,266,-178,-147,122,256,268,249
119,313,194,-213,-41,259,-155,-140,90,238,278,204
113,282,183,-203,-53,245,-169,-121,88,225,254,203
98,278,185,-193,-44,225,-159,-106,86,243,248,223
89,285,203,-198,-54,236,-138,-107,84,224,234,184
89,266,160,-192,-45,227,-155,-119,82,197,263,167
80,235,169,-192,-34,191,-144,-102,79,185,231,191
72,257,145,-165,-18,214,-149,-82,54,190,250,173
84,252,173,-168,-38,205,-128,-92,65,174,208,173
99,225,149,-153,-36,196,-120,-83,68,175,211,152
73,221,139,-165,-56,157,-117,-87,77,178,181,161
64,228,135,-139,-35,159,-107,-80,57,155,192,159
87,206,126,-141,-27,161,-119,-91,67,150,173,135
87,184,127,-127,-37,173,-96,-66,57,131,164,145
88,216,116,-138,-49,161,-104,-63,70,126,163,116
63,172,117,-125,-12,143,-93,-64,46,126,159,128
57,177,110,-114,-18,137,-91,-85,61,109,148,122
73,169,91,-107,-26,130,-79,-58,48,114,178,117
57,150,87,-90,-26,88,-93,-55,48,118,121,98
47,129,89,-121,-25,117,-103,-55,39,115,131,121
57,143,78,-112,-43,106,-93,-53,41,113,120,78
51,133,64,-97,-22,113,-38,-43,28,92,99,64
35,128,89,-97,-15,108,-64,-49,31,82,93,72
52,117,94,-90,-16,91,-73,-64,40,95,105,93
57,99,68,-75,-6,100,-64,-24,32,83,88,66
42,106,57,-80,-15,97,-35,-19,32,58,74,84
14,104,69,-71,-5,81,-52,-54,33,61,91,74
25,71,67,-48,-35,85,-48,-28,16,51,91,55
28,76,32,-35,6,70,-50,-33,4,64,63,55
30,92,41,-50,-7,51,-56,-38,20,84,67,44
20,77,21,-26,-14,66,-50,-40,7,53,63,29
27,68,49,-36,-16,61,-53,-28,23,50,80,46
20,62,48,-55,-26,44,-31,-19,31,67,65,43
23,53,28,-49,6,42,-54,-20,9,43,31,21
9,60,29,-41,-19,40,-44,-23,8,51,49,27
19,75,42,-25,9,45,-18,-29,20,22,42,31
12,34,34,-21,-17,36,-13,-41,24,14,57,15
18,35,40,-24,-6,25,-29,7,4,26,37,26
19,43,47,-35,-10,18,-15,-23,4,15,41,7
24,56,19,-32,-7,44,-25,3,23,21,50,39
16,19,25,-11,-28,22,-8,-11,4,28,3,7
-2,38,29,-4,-16,14,-11,3,20,10,9,23
14,35,17,-12,-8,18,-2,2,10,37,20,37
14,9,25,8,17,32,-14,-7,-13,13,28,13
16,12,13,-17,0,21,-18,6,-3,46,19,-6
-6,15,5,-10,-5,6,-10,-14,13,21,43,14
2,7,18,-7,-24,18,2,-21,21,-4,9,19
8,27,1,-38,26,4,-4,-2,-9,26,-1,17
-6,-2,2,-2,-7,16,-17,17,-10,14,1,-4
8,5,15,-9,5,10,6,7,15,-13,5,5
12,29,19,-8,-22,-20,14,1,-7,9,16,-11
-8,19,-2,11,8,4,-15,-1,5,5,1,-24
18,-6,3,-4,19,-11,9,-2,-5,3,19,-2
7,-3,17,6,-2,-6,-3,-16,8,5,19,4
-6,-3,0,-5,6,2,3,0,-10,20,-14,-6
3,-4,-33,3,4,0,-11,2,7,-5,7,3
19,13,-8,-1,5,-25,-5,10,-7,14,5,18
7,-26,-1,-7,-11,6,2,20,-8,10,22,10
-19,-24,-4,-4,0,14,34,7,1,-8,-2,-7
3,15,-19,15,-8,-13,5,16,7,-21,13,21
-29,-10,-4,-4,4,-10,26,0,29,16,13,10
-4,-8,-11,-4,15,-1,-6,30,-9,8,-35,15
-18,6,-1,-12,5,-20,10,-8,-6,15,-10,-12
11,-6,-3,-10,7,-6,-5,-7,-5,1,-2,-4
-8,-13,-20,8,-13,0,-6,-6,0,1,-8,1
-13,0,10,-18,-19,16,-5,37,20,-24,-35,-4
-12,-1,-11,14,-16,4,-20,-4,2,9,8,10
-23,11,-15,9,17,-20,19,-14,-20,-7,-33,-22
5,-13,-19,10,0,-16,-9,-23,-5,-1,1,-6
-5,-2,-4,7,-6,-4,20,-16,-1,-14,-12,-8
5,20,5,17,14,-13,28,7,2,-8,6,-23
-1,21,10,22,-6,-34,13,1,-2,-15,15,0
-12,-10,10,-3,9,-8,2,3,-20,-15,-12,3
-10,-18,-14,6,4,-27,-2,29,-24,-12,-32,-36
-10,8,5,4,-6,-2,-4,13,-2,-6,-23,-11
20,-12,2,-19,11,-6,12,14,-21,-24,14,-15
18,3,-32,1,27,4,11,13,-9,17,-25,-9
-15,5,-13,-4,-1,1,-15,-1,-5,-26,-26,-31
-12,0,-4,-17,-5,1,0,-5,-17,-9,6,22
-26,-8,-8,3,-22,-11,-7,18,6,-5,-3,-5
-19,-17,6,-5,4,-1,7,2,19,5,-11,1
-2,10,-14,-4,8,-13,-26,-6,10,-11,12,-9
-18,7,-8,-8,5,-12,-1,26,8,-18,-4,-2
-4,5,-3,-8,-9,-13,-5,9,8,16,-1,-39
7,-28,-12,-2,23,2,16,6,15,-14,5,22
-8,-21,-8,-10,-11,3,3,12,-5,0,-4,24
11,6,6,5,-3,0,9,-3,-8,-5,-14,14
-3,-12,10,-11,17,17,5,-6,10,-10,-28,10
8,-16,-15,2,9,-15,7,-11,-6,4,3,-25
-18,-9,-7,13,2,-6,-1,-19,3,-6,22,-12
-10,21,-19,4,-10,-11,-7,-16,-16,14,10,-14
-11,8,4,-3,4,8,11,16,-13,-20,17,9
16,16,9,7,-13,-21,-13,-5,15,-1,13,13
-2,-18,-3,6,20,-11,16,2,5,-4,-6,6
-1,6,2,-11,-5,0,-6,5,8,-9,-8,8
2,-9,-12,-6,-15,-27,-12,-14,-3,-3,5,-20
-29,5,1,2,17,1,8,4,-27,-14,18,1
3,4,6,-9,5,13,14,-3,-2,1,-9,4
-10,16,-6,-4,8,-8,-10,-20,-6,-18,10,11
17,-24,1,14,3,-18,2,6,-3,14,8,-10
4,11,-14,15,-8,15,-9,-5,9,-14,-7,11
-23,9,13,-29,18,2,12,7,6,13,15,-11
-19,-3,-14,-3,-5,-5,11,18,-2,-31,2,1
2,-4,4,24,1,17,-2,-2,0,-11,-4,2
-8,16,-9,7,-7,-2,-5,22,-7,28,-24,-3
22,7,5,-22,-4,-14,-24,20,-20,-8,2,-20
-23,-5,-17,12,11,-15,23,0,-1,3,-9,2
17,-2,-6,5,-10,0,-10,-7,-18,13,19,15
-16,-23,-4,29,2,13,8,-14,4,3,-6,4
-3,27,9,11,8,-11,14,-11,-15,7,15,3
-18,10,-1,-7,-2,1,4,4,0,-5,-10,-2
10,13,5,-26,-6,18,-7,9,-12,7,4,-2
11,-1,3,-26,13,-6,-15,9,1,7,7,12
11,0,-1,-2,9,-8,7,13,22,-5,-23,-4
18,6,-23,22,8,2,-1,-7,-23,-17,5,-6
16,0,2,13,-5,-5,5,-5,-3,-1,7,9
-10,-7,-3,6,19,2,-8,1,-3,10,2,24
11,8,-5,18,9,4,-9,11,14,14,-14,20
15,12,19,-11,4,-1,3,-7,-26,-3,8,6
7,2,24,-8,17,24,2,-19,-13,-4,6,-13
-6,-24,12,11,-1,6,-13,10,11,-1,-8,17
32,14,6,-4,9,0,-15,-37,-13,7,23,-8
7,8,-2,-5,-31,2,-8,3,4,20,-21,3
8,-14,1,-1,-2,-11,9,5,-25,17,-17,24
15,-3,-10,-11,-2,-11,18,10,-24,-25,-2,34
-7,8,17,-6,3,-15,-5,-14,-6,11,0,-18
9,-19,-17,13,11,3,6,1,-22,17,27,4
11,6,-7,-5,20,16,-13,-2,5,18,15,11
5,-4,16,-14,-3,-4,-6,0,9,5,0,10
9,0,-4,0,1,22,-1,3,-23,9,21,14
-1,3,-1,-1,-20,-24,12,-3,-14,-17,-5,-2
3,-6,5,-7,-7,11,-14,-20,9,-1,20,10
-1,14,8,-2,-10,21,21,7,3,19,5,1
-2,5,18,-2,1,13,12,11,8,5,0,9
4,-6,-16,-2,2,20,-1,-6,-2,0,8,27
7,-4,5,-12,-2,20,12,-6,13,1,-1,-9
-3,4,14,4,-35,1,-1,-10,2,12,2,-7
2,6,17,-18,-5,19,-17,-16,0,7,29,-4
11,10,7,10,-13,7,-11,-2,4,6,-3,-12
-6,7,-14,-12,-14,20,19,17,8,-1,-1,39
-17,9,17,17,-10,18,-8,-14,5,13,-1,0
0,10,-4,-3,-11,18,-1,-2,8,6,22,15
-6,10,18,-11,-7,4,7,7,-7,-16,12,-8
27,16,8,2,7,2,8,4,-2,0,-4,5
3,8,14,-17,-1,-7,1,-3,22,5,14,6
9,14,-5,-7,0,11,-19,5,-15,19,12,3
-14,33,2,-1,21,-6,-19,6,0,-7,-10,-9
-7,20,-2,-15,16,-1,2,-6,14,3,13,-3
-6,19,16,-11,-7,-10,6,-16,-1,15,5,15
-16,28,2,-20,-8,18,10,0,-12,7,11,18
4,14,17,-2,-13,4,-7,-8,8,-11,6,29
-3,7,-13,-25,4,25,-30,-12,-24,11,-11,4
15,4,6,-9,-9,1,-13,-9,12,9,13,26
20,27,-1,-9,-6,20,-19,-20,0,18,6,28
13,6,14,-11,2,-10,-20,8,13,4,8,5
25,-4,16,-11,7,13,-16,-13,-6,12,6,-11
8,15,3,19,-7,9,-19,-29,3,-6,8,15
35,-7,11,-3,-7,13,-1,-11,-1,6,19,15
6,7,9,-9,-3,-13,5,-13,-4,2,11,19
-4,21,6,-12,-25,28,-26,-7,16,23,10,8
1,26,23,-17,2,32,-40,-5,-6,36,10,14
-8,40,7,3,5,27,-20,5,4,16,-1,19
6,27,14,-28,-15,33,-3,-12,5,10,19,20
18,29,20,-27,-8,23,-8,3,3,19,11,15
9,22,17,-13,2,30,-1,-12,5,12,19,19
8,22,28,-16,-3,46,-14,-47,-29,19,43,27
7,28,27,-33,2,29,-9,-9,24,28,53,38
15,40,19,-26,-9,34,4,-5,7,34,41,28
19,38,27,-26,-31,7,-29,-25,20,28,38,51
2,43,19,-19,-7,54,-34,-6,-2,23,43,46
13,66,25,-32,5,45,-32,-21,21,19,41,39
4,49,14,-34,15,56,0,12,20,41,44,23
-6,44,32,-28,-35,52,-31,-39,40,56,41,43
22,66,44,-37,-16,38,-31,-38,28,30,49,22
8,53,53,-51,-2,21,-3,-18,7,39,46,29
33,50,49,-17,4,58,-30,-25,19,41,57,35
47,67,41,-19,-24,59,-53,-14,22,47,63,47
22,54,26,-38,-20,54,-22,-32,24,50,73,46
28,79,46,-62,-2,68,-48,-49,25,46,46,20
43,92,45,-58,6,67,-47,-28,7,57,75,57
23,93,62,-68,-13,102,-57,-38,11,65,78,34
35,109,77,-83,-29,78,-51,-41,40,66,94,93
62,123,91,-72,-2,84,-46,-67,26,65,81,81
40,104,74,-59,-30,102,-51,-62,32,89,96,87
40,134,79,-82,-10,104,-103,-24,37,104,119,75
42,149,74,-85,-33,143,-63,-31,34,103,101,86
18,153,84,-101,-20,112,-61,-35,37,107,119,131
43,155,90,-108,-33,123,-97,-43,31,99,135,124
66,158,86,-117,-16,117,-104,-32,40,142,135,138
63,143,124,-105,-33,144,-76,-85,39,114,149,117
54,179,125,-122,-36,166,-111,-74,50,124,135,136
64,200,115,-126,-25,166,-98,-59,53,122,162,137
69,191,122,-130,-15,136,-105,-111,55,140,187,150
81,194,107,-129,-51,158,-110,-99,48,144,178,129
53,233,141,-130,-27,177,-119,-84,48,146,198,146
75,208,141,-146,-29,173,-114,-79,45,167,195,150
69,229,133,-135,-53,199,-138,-93,66,174,233,153
74,234,172,-148,-35,200,-133,-107,86,159,214,157
78,246,135,-167,-42,195,-147,-108,99,192,204,185
107,257,177,-158,-39,207,-142,-94,59,189,225,174
94,266,168,-175,-54,221,-134,-107,70,191,248,160
88,264,182,-167,-60,208,-154,-114,58,189,232,195
101,274,166,-197,-58,222,-142,-124,74,221,241,173
104,286,176,-176,-64,224,-164,-102,84,195,239,219
104,268,157,-161,-43,235,-160,-113,61,203,243,180
117,276,210,-166,-32,234,-167,-121,97,206,272,192
95,278,162,-202,-53,247,-130,-132,100,184,260,199
90,263,208,-177,-38,215,-165,-113,73,214,261,209
125,297,188,-201,-45,240,-160,-112,98,223,270,194
98,299,181,-189,-39,248,-150,-115,73,221,270,202
109,309,173,-180,-26,248,-188,-119,82,223,270,227
115,292,167,-205,-52,238,-165,-114,76,213,263,202
101,277,172,-225,-43,243,-147,-107,76,228,242,188
105,288,165,-184,-55,259,-129,-92,76,214,264,198
93,269,177,-213,-57,234,-159,-125,73,208,251,184
91,274,182,-193,-44,215,-158,-121,82,240,255,192
89,263,179,-202,-23,222,-151,-130,89,195,242,178
80,273,175,-182,-40,220,-149,-129,86,211,253,206
73,255,179,-169,-25,221,-151,-122,86,198,221,194
95,245,169,-181,-31,224,-130,-104,77,201,232,200
95,264,176,-181,-53,217,-149,-114,84,186,222,174
119,230,159,-138,-47,204,-143,-88,76,185,221,147
82,245,161,-167,-14,210,-126,-80,75,170,219,176
80,232,170,-143,-61,176,-131,-103,63,167,203,164
89,228,138,-152,-28,188,-109,-89,55,159,195,154
69,217,137,-151,-29,194,-99,-72,45,152,170,163
94,186,146,-146,-16,177,-99,-80,35,131,183,145
76,191,117,-107,-44,138,-119,-90,85,159,184,135
59,190,99,-123,-50,165,-89,-70,32,155,175,120
82,191,108,-96,-38,156,-95,-62,91,149,172,121
57,166,91,-117,-35,137,-109,-49,58,113,167,105
63,157,111,-111,-23,122,-86,-65,35,126,149,98
29,165,108,-92,-46,115,-77,-47,46,106,135,97
55,137,85,-81,-36,129,-83,-43,24,98,123,93
36,127,78,-89,-6,107,-70,-55,32,109,138,102
70,116,83,-94,-46,89,-99,-37,60,102,131,83
52,105,88,-76,-6,103,-67,-31,17,105,113,97
17,83,59,-87,-8,83,-43,-32,30,97,80,82
31,102,76,-68,-23,77,-55,-27,35,55,92,80
35,95,64,-68,-3,66,-54,-33,29,69,95,68
25,77,76,-59,-26,73,-54,-29,12,69,72,54
29,62,41,-69,-21,52,-61,-11,15,50,77,45
23,63,53,-45,-1,30,-35,-25,8,43,71,31
21,63,43,-41,-13,26,-14,-30,22,57,52,64
36,47,22,-47,-10,68,-13,-16,1,39,80,47
18,50,33,-48,8,45,-27,-22,8,31,42,33
16,49,27,-39,-18,15,-16,-2,16,32,37,40
13,19,29,-32,0,33,-33,-3,3,34,23,39
8,60,-16,-22,-13,19,-11,-32,5,24,58,42
19,51,34,-20,2,39,-9,-21,30,37,18,-11
-6,38,20,-29,7,19,-19,-3,-1,19,24,21
14,31,19,-31,-27,26,-14,-7,11,22,28,23
6,35,0,6,25,29,-3,-8,8,-4,18,26
0,37,9,5,-14,29,-15,-3,10,21,38,1
17,15,-14,9,13,13,3,5,-8,30,20,6
0,6,-14,5,-3,7,-21,-7,3,12,1,-1
8,11,-4,-16,-8,8,-11,-23,-8,4,16,25
14,23,0,-16,-12,13,-22,-7,16,0,-6,-8
-6,5,-3,-7,20,20,7,-10,7,4,0,25
9,-2,-19,3,23,-10,-6,-23,4,17,-8,-5
2,3,1,-30,-1,-3,3,-7,8,10,-15,-2
17,6,-7,5,-14,-8,16,13,-4,0,12,-12
-28,-9,-12,-4,-30,-11,-1,-3,-7,-31,-12,-10
11,-11,-8,13,-2,1,7,-5,9,-11,-22,-19
-5,-25,-10,10,19,-41,2,-11,-15,-13,-29,-13
-10,-24,-20,0,-3,5,9,1,-10,-16,-3,-16
5,-21,-24,13,-11,-29,16,-6,1,-34,-34,-22
-2,-24,-25,39,10,-16,28,20,0,-9,-25,-19
-11,-48,2,4,-1,-28,44,33,-18,-8,-35,-11
-5,-57,-33,26,2,-53,25,21,-24,-44,-44,-21
-28,-39,-35,50,7,-55,49,34,6,-56,-47,-14
-38,-69,-59,44,9,-83,37,32,-31,-54,-82,-47
-8,-85,-80,61,-5,-74,42,53,-21,-51,-69,-76
-48,-85,-64,78,10,-86,42,58,-30,-93,-104,-64
-38,-130,-49,66,18,-108,55,51,-29,-74,-94,-85
-50,-127,-85,101,9,-110,58,36,-47,-90,-106,-105
-43,-138,-101,84,12,-118,59,43,-34,-95,-142,-81
-49,-159,-94,102,11,-151,75,45,-46,-137,-148,-110
-50,-170,-114,109,29,-96,56,62,-60,-123,-130,-109
-56,-158,-80,116,30,-154,71,53,-53,-148,-150,-120
-59,-167,-111,125,28,-116,94,68,-50,-109,-135,-117
-68,-155,-122,82,26,-135,83,68,-52,-136,-171,-131
-61,-149,-109,96,41,-134,72,52,-65,-110,-126,-118
-43,-127,-85,88,26,-103,63,51,-41,-80,-108,-81
-38,-129,-51,84,30,-86,53,45,-41,-81,-93,-79
-20,-57,-42,74,8,-50,32,21,-18,-55,-51,-52
4,-40,-30,14,4,-40,19,29,-9,-30,-46,-34
-6,9,-2,-13,7,15,-15,-27,25,24,16,6
35,88,75,-52,-33,69,-44,-29,37,66,71,74
59,178,120,-99,-14,142,-91,-54,41,96,124,116
65,249,151,-154,-34,200,-126,-104,51,182,217,181
113,333,220,-213,-54,282,-181,-137,83,236,324,223
150,444,275,-294,-69,374,-229,-158,120,308,384,251
180,511,366,-375,-81,443,-296,-205,154,379,482,366
229,610,404,-395,-98,520,-363,-274,174,458,541,406
261,730,465,-477,-100,592,-402,-314,209,530,635,500
305,809,525,-567,-131,679,-439,-326,245,614,738,589
329,913,595,-597,-133,730,-503,-373,268,680,810,630
356,980,645,-663,-141,833,-540,-393,279,721,896,683
370,1043,689,-683,-162,865,-568,-415,319,777,921,737
396,1080,721,-742,-179,914,-611,-451,304,824,980,745
389,1128,715,-768,-149,938,-624,-431,296,857,996,797
376,1121,741,-767,-186,928,-618,-463,323,840,1040,782
393,1099,711,-740,-160,907,-601,-447,323,818,1003,788
380,1072,696,-724,-160,867,-578,-431,329,800,965,738
351,990,657,-700,-157,823,-556,-394,305,769,927,688
324,920,613,-633,-134,787,-532,-375,260,686,831,666
302,873,546,-579,-128,717,-472,-345,250,648,754,596
263,780,502,-501,-112,616,-387,-305,235,559,683,528
226,645,401,-441,-82,556,-361,-262,195,498,583,438
174,512,343,-352,-85,450,-290,-220,162,406,484,357
136,438,283,-272,-55,366,-261,-157,116,326,384,316
101,313,204,-233,-36,253,-172,-122,112,228,274,229
96,228,153,-153,-37,164,-107,-97,73,184,191,158
50,132,69,-97,-18,124,-95,-56,42,89,115,108
25,47,38,-35,-4,58,-24,-15,22,42,55,45
-29,-29,-21,20,13,-29,-12,-3,-9,-14,-49,-17
-43,-86,-55,46,11,-57,55,44,-30,-74,-63,-79
-61,-138,-81,87,18,-109,89,64,-43,-85,-99,-94
-41,-183,-89,127,34,-135,88,66,-50,-131,-165,-109
-97,-216,-145,113,3,-171,118,73,-53,-151,-194,-150
-63,-220,-141,162,53,-207,141,111,-69,-142,-192,-160
-79,-211,-150,163,31,-203,134,94,-70,-181,-213,-149
-102,-222,-151,163,20,-199,109,99,-70,-173,-198,-165
-93,-207,-166,148,30,-200,134,73,-57,-163,-222,-172
-62,-238,-146,171,37,-168,118,89,-44,-159,-181,-166
-94,-192,-153,160,27,-162,111,83,-65,-139,-181,-127
-44,-170,-118,115,21,-131,112,63,-54,-115,-170,-137
-69,-172,-107,107,26,-163,105,75,-46,-101,-143,-118
-66,-162,-84,83,25,-101,82,65,-44,-109,-136,-77
-48,-136,-65,75,39,-100,73,50,-33,-93,-95,-87
-46,-92,-40,54,14,-92,25,38,-46,-70,-78,-53
-35,-91,-40,62,-11,-76,31,41,-19,-50,-80,-48
-1,-59,-69,37,7,-55,6,6,-17,-51,-60,-33
-10,-44,-9,42,-11,-27,36,20,-21,-32,-43,-51
-16,-58,-18,36,-7,-23,16,19,0,-22,-41,-20
12,-18,-38,29,0,-7,16,1,1,-31,-11,-3
3,3,0,21,8,-1,-5,0,8,-8,1,-14
8,-4,11,-2,24,-11,-5,10,15,20,3,12
20,6,12,-3,-5,13,3,22,12,13,-4,-2
13,16,18,9,0,7,-14,-9,4,5,-21,-3
15,18,15,-16,17,32,-10,-13,-1,13,32,3
22,26,12,-43,-2,11,-17,24,12,-1,19,13
2,20,11,-27,-10,6,-24,-1,-3,3,24,11
37,22,6,-21,6,22,-10,6,4,29,28,6
20,22,0,-46,-13,23,-44,-14,21,27,40,-2
0,20,33,-7,10,46,-37,-11,19,18,46,9
11,51,22,-42,-12,18,-41,-3,10,9,36,15
10,23,35,-34,6,15,-12,-1,5,35,40,20
19,26,7,-2,-11,36,-18,-28,24,21,35,8
9,32,23,-19,-21,26,-8,18,26,35,9,31
0,42,-5,-42,-10,39,-27,-9,19,30,50,33
18,9,13,8,9,53,-25,-12,42,1,34,12
12,16,21,0,-8,19,-20,-30,-2,19,50,31
5,17,22,-41,-5,40,-37,-2,9,3,37,28
18,28,40,-3,-16,31,-26,-17,9,2,40,28
29,16,8,-17,-3,20,-29,-12,28,39,65,39
12,51,29,-44,-23,39,-31,-19,1,20,30,56
21,43,29,-13,-4,27,-22,-32,-8,30,38,22
2,66,31,-43,0,35,-25,-35,22,23,24,32
20,46,31,-22,-5,41,-30,-2,25,31,26,31
7,65,14,-28,-4,47,-31,-2,21,36,75,28
36,55,18,-25,2,46,-22,-35,9,56,36,30
4,47,42,-42,-3,51,-16,-20,21,31,44,44
22,62,62,-34,-12,63,-7,-34,14,56,49,23
33,79,28,-48,-17,66,-8,-34,-8,43,52,60
26,65,57,-70,-3,65,-35,-15,41,52,63,49
21,65,49,-51,-5,49,-41,-48,14,47,67,50
28,69,48,-53,-23,68,-50,-14,22,55,76,55
22,69,54,-65,-7,58,-38,-37,29,51,72,60
21,83,65,-57,5,49,-14,-28,40,50,69,58
28,90,87,-61,-22,85,-48,-37,15,58,71,53
39,80,64,-89,-16,70,-61,-21,15,55,96,61
43,102,63,-59,3,113,-58,-45,24,83,95,61
12,70,74,-68,-2,83,-44,-40,27,50,71,79
30,121,57,-84,-11,95,-66,-30,22,86,102,37
38,114,69,-68,-36,89,-57,-46,30,85,117,58
11,102,74,-83,-42,92,-63,-54,24,77,112,98
62,146,70,-98,-6,100,-63,-40,38,63,109,65
63,133,91,-103,-13,116,-65,-67,54,96,122,85
55,151,91,-89,-22,108,-90,-69,26,106,143,102
47,128,97,-109,-13,117,-54,-51,47,117,149,111
67,128,115,-99,-23,140,-77,-60,39,111,134,92
63,157,105,-117,-20,146,-81,-65,39,115,159,121
54,152,103,-102,-46,131,-92,-51,45,116,148,92
44,182,122,-119,-28,128,-92,-65,41,151,170,138
60,179,104,-127,-41,164,-102,-47,58,131,158,148
70,190,142,-157,-43,174,-89,-45,36,151,155,148
76,210,134,-117,-31,170,-108,-55,55,137,181,133
65,193,105,-146,-35,171,-98,-87,69,129,203,131
92,191,134,-131,-26,176,-106,-74,60,153,198,156
63,237,116,-147,-25,194,-105,-86,75,171,181,149
80,202,178,-154,-32,198,-100,-98,62,163,210,176
88,206,165,-134,-45,194,-137,-79,53,174,227,161
69,240,157,-171,-30,186,-143,-86,76,178,218,166
88,247,145,-176,-42,212,-136,-103,84,189,239,177
80,246,150,-163,-26,223,-112,-109,85,201,254,195
92,250,180,-185,-33,222,-149,-118,78,200,245,173
84,282,195,-195,-37,236,-155,-85,89,200,254,197
100,275,190,-208,-46,254,-152,-117,104,190,260,209
117,295,189,-203,-42,255,-180,-131,93,221,268,224
100,305,198,-195,-61,265,-161,-111,88,230,267,207
106,312,194,-236,-37,279,-177,-144,97,245,286,238
107,327,202,-216,-47,255,-173,-139,91,254,296,224
131,321,202,-206,-38,284,-181,-138,113,243,311,219
116,355,214,-226,-38,290,-204,-120,118,244,299,231
120,324,227,-244,-42,270,-202,-153,110,252,336,251
124,368,243,-252,-57,282,-178,-125,107,251,312,257
140,340,225,-265,-47,296,-198,-168,116,264,331,255
122,362,249,-227,-44,294,-201,-121,116,286,323,259
136,371,245,-246,-53,323,-225,-153,115,295,339,269
110,381,232,-253,-61,306,-214,-145,95,292,361,268
139,389,275,-264,-46,316,-209,-168,121,290,365,274
141,405,244,-244,-53,342,-212,-154,131,292,348,284
149,406,243,-251,-63,336,-243,-168,154,291,360,270
144,397,256,-290,-76,340,-236,-170,112,295,356,292
139,432,265,-249,-76,346,-205,-188,115,293,365,269
140,405,265,-281,-73,360,-223,-172,121,302,355,280
144,413,261,-273,-61,371,-227,-139,124,299,379,287
144,406,277,-286,-77,345,-241,-172,131,304,364,304
155,433,285,-306,-58,347,-230,-171,128,315,382,285
143,419,288,-297,-82,355,-222,-168,130,323,369,292
165,418,297,-276,-54,357,-238,-161,118,326,400,295
148,435,295,-298,-53,352,-228,-169,131,327,384,289
143,435,295,-291,-61,362,-219,-171,130,326,380,304
136,439,272,-305,-86,386,-237,-177,125,327,384,291
162,422,285,-271,-62,362,-237,-164,149,342,392,316
128,438,275,-309,-37,352,-235,-157,149,322,387,300
141,429,292,-288,-55,350,-235,-143,131,334,394,291
159,447,275,-305,-75,362,-234,-186,133,347,379,294
153,430,292,-308,-69,349,-239,-185,115,337,388,300
130,423,303,-266,-83,342,-227,-164,128,321,366,299
142,407,281,-281,-80,357,-222,-185,143,303,381,287
141,416,271,-288,-39,352,-234,-157,136,313,352,284
147,407,252,-303,-83,343,-247,-164,140,319,363,278
145,420,259,-289,-53,323,-225,-177,114,307,372,273
144,414,262,-264,-75,330,-222,-153,118,289,377,284
159,376,267,-270,-59,353,-224,-135,124,296,364,275
162,374,243,-258,-84,317,-209,-170,115,288,357,250
145,374,243,-292,-66,313,-203,-162,132,292,358,274
126,384,249,-267,-64,311,-205,-149,133,270,345,281
114,386,252,-259,-57,307,-223,-131,100,281,336,266
125,375,234,-253,-44,298,-210,-147,119,284,331,255
113,366,218,-246,-37,316,-200,-141,107,242,311,259
135,369,233,-244,-36,318,-201,-144,111,245,322,235
118,348,223,-242,-56,268,-181,-142,99,275,318,248
106,330,227,-221,-44,280,-181,-139,110,267,287,244
106,330,214,-208,-48,292,-175,-109,84,251,301,236
99,316,210,-234,-36,237,-167,-119,90,224,295,207
117,308,188,-196,-64,246,-163,-123,92,218,287,209
124,286,197,-184,-32,252,-179,-107,79,226,267,215
86,308,180,-216,-45,253,-159,-122,95,224,256,231
98,277,194,-200,-23,208,-147,-126,101,213,266,181
107,271,175,-177,-36,231,-144,-105,56,194,245,190
99,258,165,-174,-54,206,-149,-108,81,198,248,193
72,258,170,-175,-63,216,-128,-101,85,222,222,171
87,261,151,-166,-27,218,-129,-110,68,185,237,163
70,251,152,-162,-49,200,-112,-98,55,163,221,164
73,211,155,-151,-36,184,-141,-91,78,156,214,165
67,236,133,-158,-55,183,-122,-82,90,147,205,146
72,173,124,-143,-10,163,-130,-81,51,161,161,146
64,177,114,-149,-34,172,-93,-78,53,141,171,141
68,171,115,-127,-12,140,-98,-70,37,162,165,135
39,190,117,-130,-40,161,-93,-77,53,121,153,128
42,176,109,-118,-32,156,-112,-67,40,127,166,117
71,146,128,-109,-5,128,-105,-72,56,142,161,112
44,135,85,-104,-34,110,-81,-56,46,84,132,98
41,157,98,-109,-26,133,-85,-51,41,97,119,116
38,160,85,-104,-22,118,-92,-61,41,119,129,72
52,118,69,-74,-20,126,-69,-61,58,92,154,105
47,109,65,-87,-27,86,-65,-46,49,100,104,70
36,107,56,-80,-28,76,-57,-30,9,91,103,81
11,106,40,-70,-32,72,-73,-64,27,106,74,62
25,91,58,-62,-13,61,-51,-37,28,70,81,61
23,104,81,-59,-10,61,-46,-33,20,67,103,81
16,90,67,-48,-15,58,-55,-49,20,53,69,41
16,70,53,-58,-16,67,-41,-39,10,68,71,54
60,71,28,-33,-8,66,-3,-29,22,39,78,17
5,69,45,-61,-6,59,-25,-16,8,32,53,38
13,54,42,-59,-16,36,-12,-36,13,50,38,23
20,60,37,-39,-14,52,-27,-25,2,43,38,64
27,72,26,-11,1,25,-35,-14,15,32,27,43
24,35,16,-9,14,14,-14,-37,30,32,41,-5
1,42,5,-42,-1,42,-1,7,-2,45,31,46
13,40,35,-42,-15,31,-10,-6,6,23,24,36
-4,26,29,-10,-8,33,-8,-3,15,-3,11,8
28,19,16,-28,26,21,-18,0,13,18,25,-3
11,33,7,-15,-3,-14,-35,-4,14,33,9,14
9,26,29,-13,7,6,-10,-6,-12,45,18,5
10,8,15,28,18,7,-13,5,-9,4,12,40
20,11,4,-5,-6,32,-6,14,-29,22,-22,-12
-16,-7,1,2,2,15,9,-8,29,3,8,-8
10,14,-14,-18,-9,7,-34,6,6,0,-26,4
11,-2,-2,-18,-1,1,-24,10,13,-11,17,0
5,23,-10,-5,1,9,0,6,-1,-16,-3,-4
7,-10,-6,3,-6,8,6,10,18,-4,0,-15
8,-5,-8,26,-1,-4,-4,16,-15,-12,-25,-17
-1,6,-24,11,22,3,2,24,-12,-20,-5,26
-12,-23,-18,21,-7,-20,3,8,-3,14,-23,-27
5,-26,-17,13,-24,-19,6,23,-2,-12,0,0
-19,-15,10,15,10,-15,-18,-10,10,-17,-24,6
3,-7,-14,23,12,-17,13,6,-4,-13,-9,-10
-2,-27,-18,-7,12,11,19,17,-9,-1,-31,-31
1,-35,4,26,5,-18,16,32,-16,-20,7,-22
4,-27,14,15,5,-33,3,0,-4,4,-17,-4
12,-19,-23,43,8,-6,-12,-6,-9,-17,-30,-16
-16,-8,-35,4,9,-32,2,-4,-9,-32,-10,-1
-3,-28,-36,27,-25,-15,22,7,21,-4,-30,-29
-25,-36,-19,19,6,-34,31,15,-15,-16,-20,-24
-3,-39,-10,11,13,-9,21,40,1,-4,-33,-29
-20,-21,-19,11,-1,-26,40,13,-10,-27,1,-32
-6,-48,-6,20,6,-18,8,6,-3,-32,-17,-27
-12,-49,-4,10,11,-19,38,0,-2,-34,-28,-9
-25,-34,-24,24,16,-17,43,2,0,1,-15,-49
-8,-29,1,50,17,-22,39,2,-18,-43,-23,-11
2,-16,-27,22,1,-23,12,38,8,-14,-42,-36
-37,-39,-33,49,15,-23,32,21,-6,-5,-17,0
-8,-27,-7,16,1,-36,17,7,-17,-24,-9,-27
-9,-31,-24,19,2,-39,26,28,-12,-21,-22,-32
-29,-22,-29,14,2,-56,-8,14,-12,-39,-21,-20
8,-50,-34,20,13,-12,32,15,-9,-18,-12,-16
-25,-43,-16,9,24,-36,18,32,-21,-39,-36,-47
-9,-38,-13,28,1,-24,13,22,0,-36,-37,-11
-19,-26,-20,43,-14,-6,22,14,-15,-22,-4,-23
-13,-23,-9,33,-5,-41,24,0,-7,-21,-19,-40
-23,-50,-13,37,3,-22,29,33,-7,-44,-21,-31
-18,-30,0,-14,-2,-35,40,11,-3,-47,-43,-17
6,-25,-12,38,-2,-38,7,14,-11,-17,-33,-8
2,-25,-44,-8,-6,-34,10,-8,1,-6,-32,-35
-7,-56,-22,22,12,-42,29,2,-20,-31,-45,-35
9,-41,-41,34,-4,-24,10,25,10,-35,-58,-32
-19,-55,-6,22,9,-43,-4,8,-9,-13,-16,-31
-7,-34,-21,17,5,-39,27,33,-8,-29,-18,-27
-11,-37,-22,15,3,-33,21,-9,-12,-18,-45,-34
-22,-22,-28,1,-4,-34,22,5,-32,-4,-24,-44
-20,-27,-28,18,5,-8,45,10,-30,-56,-40,-36
-14,-34,-46,31,13,-32,10,3,-25,-30,-36,-27
-23,-39,-38,5,22,-21,14,28,-21,-26,-52,-23
-17,-27,-27,25,13,-40,19,21,-4,-26,-31,-10
-2,-49,3,40,7,-33,26,33,-19,-4,-39,-30
5,-53,-37,33,18,-43,9,20,-17,-40,-35,-13
-2,-45,-23,20,0,-25,36,2,-2,-18,-35,-35
-11,-38,-22,20,2,-48,14,13,-22,-26,-49,-36
-9,-40,-36,9,4,-43,37,14,-19,-46,-36,-37
-23,-33,-19,16,13,-55,27,16,-17,-29,-70,-45
0,-32,-33,24,-6,-38,26,11,-27,-38,-28,-9
-21,-59,-12,15,20,-16,11,23,-8,-24,-23,-5
-22,-28,-34,31,5,-30,16,16,-11,-6,-32,-31
-16,-48,-27,23,5,-23,31,29,-4,-44,-35,-34
-1,-59,-23,26,10,-41,40,2,-20,-26,-50,-19
-6,-27,-39,29,11,-35,26,10,22,-31,-48,-24
-5,-50,-35,7,12,-19,13,12,-20,-40,-33,-29
-10,-44,-14,14,11,-20,31,6,-17,-30,-38,-32
-6,-17,-25,34,-1,-36,32,-4,-20,-29,-37,-42
-27,-33,-27,17,7,-22,1,6,-13,-18,-31,-40
-12,-31,-27,9,7,-34,19,18,-4,-15,-36,-32
-38,-43,-23,26,-2,-36,26,18,-30,-33,-28,-24
-21,-22,-11,20,-13,-35,5,16,-10,-51,-62,-52
-6,-31,-27,14,0,-41,21,12,-9,-38,-18,-17
-31,-32,-26,35,5,-44,13,26,-11,-32,-38,-20
-25,-20,-14,42,5,-19,35,2,1,-37,-14,-27
-25,-45,-21,5,-3,-45,14,1,-6,-23,-20,-30
-27,-54,-32,40,15,-32,31,18,3,-8,-37,-26
-3,-32,-20,33,7,-36,21,0,-14,-53,-35,-28
-8,-47,-32,22,1,-13,27,39,-16,-28,-41,-3
-15,-77,-33,35,-4,-42,22,2,-13,-20,-41,-25
-12,-27,-38,33,7,-25,10,37,-9,-34,-30,-16
-22,-31,-28,18,24,-12,28,-5,-8,-16,-65,-12
-10,-35,-5,47,33,-32,10,19,10,-11,-7,-29
7,-31,-21,28,24,-32,32,17,-10,-7,-34,-43
-6,-43,-15,14,5,-13,31,13,-2,-40,-23,-17
1,-50,-48,21,4,-4,40,13,-59,-11,-29,-22
-18,-44,-35,28,-30,-45,30,26,-23,-19,-53,-38
-10,-38,-17,22,11,-30,26,16,-29,-5,-40,-32
-11,-44,-57,19,3,-20,14,17,-14,-2,-37,-45
-20,-46,-28,32,-3,-53,21,-5,-28,-44,-21,-35
-12,-43,-36,17,3,-24,14,12,-15,-43,-21,-21
-9,-29,-27,23,7,-26,29,18,1,-7,-21,-17
-20,-50,-44,4,-1,-36,23,13,-15,-42,-30,-16
-23,-33,-37,26,-7,-14,24,1,-24,-23,-38,-37
-8,-33,-26,44,2,-6,22,19,3,-24,-43,-29
-3,-37,-27,28,27,-39,12,11,-19,-44,-28,-23
9,-35,-25,22,-6,-5,16,19,-4,-10,-30,-15
-13,-21,-16,18,-11,-53,23,17,3,-11,-41,-29
-11,-54,-3,29,-16,-10,28,32,20,-38,-61,-34
-5,-56,-15,18,22,-31,9,16,-16,-31,-30,-35
-5,-23,-36,30,14,-28,30,3,-7,-37,-21,-38
-29,-56,-14,18,1,-33,37,13,-9,-23,-8,-25
-14,-24,-37,25,4,-22,10,7,0,-42,-32,-8
-18,-25,-14,17,-5,-16,10,41,-7,-53,-38,-41
-11,-26,-45,27,-5,-30,8,-7,-19,-18,-26,-39
13,-42,-24,18,-10,-16,40,3,-14,0,-23,-56
-13,-35,-11,8,3,-32,13,41,-5,-31,-37,-29
-20,-36,-24,18,12,-37,21,18,6,-37,-24,-12
-11,-34,-28,28,10,-31,17,29,-12,-32,-31,-31
-7,-43,-17,4,17,-39,31,23,-13,-17,-41,-14
-9,-41,-34,17,7,-34,15,30,-25,-8,-11,-12
6,-41,-24,18,-3,-36,18,17,-5,-29,-49,-34
0,-34,-26,35,23,-11,23,22,-14,6,-22,-13
-3,-42,-43,19,14,-35,4,23,2,-31,-29,-44
-16,-27,-39,15,-18,-9,36,22,-22,-22,-50,-27
-31,-26,-29,20,-8,-2,2,11,-28,5,-39,-29
-16,-37,-19,-6,1,-33,13,15,-19,-16,-33,-1
-20,-18,-21,11,-13,-24,8,-6,7,-46,-37,-26
-11,-29,-34,8,12,-25,12,26,-14,-24,-24,-27
4,-36,-21,28,6,-5,-2,13,3,-37,-13,-15
-6,-31,-33,-2,-8,-2,-6,13,-11,-13,-35,-26
-3,-19,-14,9,-1,-25,-11,-7,-33,-20,-26,-11
-7,-28,-7,28,-8,-15,6,10,-18,-32,-22,1
-9,-15,-23,-1,1,-8,11,33,-1,-26,-30,-26
7,-13,-20,20,16,-43,-9,20,4,-17,-35,5
-20,-25,-17,12,14,-6,12,-9,-1,-23,-15,-31
-10,-20,-17,8,6,-32,2,-2,2,-2,-6,-9
-19,-27,-5,-8,-22,-16,0,24,-5,-20,-13,-17
-18,-24,-5,15,15,8,-1,3,-15,-14,-8,-28
0,-3,-10,2,13,-6,25,-18,9,-16,-19,-25
-27,-8,-12,11,-9,-3,4,-7,4,14,-21,4
-8,-4,-7,-9,-10,-5,5,24,3,-16,8,-3
5,-20,-3,8,-4,-16,21,30,2,2,-14,-3
-8,-6,19,41,-2,-5,13,-7,6,-2,9,11
-4,-2,19,-1,11,-8,-3,11,5,-10,-23,17
0,29,3,-19,-7,14,-3,14,16,23,11,3
13,17,15,-4,-3,14,-2,1,22,10,19,8
7,-1,25,-7,-19,21,-20,-18,19,16,24,14
4,9,-2,-11,20,38,-27,-12,-1,15,16,29
12,41,26,-6,13,4,-29,-21,3,29,42,21
8,60,24,-32,5,25,-16,-20,7,26,47,30
26,23,20,-45,1,32,-28,-15,-10,38,65,43
21,54,42,-22,-4,46,-29,-34,9,53,61,41
22,77,42,-64,-28,42,-36,-17,28,34,54,45
15,78,47,-62,-13,47,-31,-21,18,34,75,52
37,96,41,-62,-24,64,-22,-29,27,56,80,38
45,77,56,-67,-22,94,-39,-40,40,80,56,46
19,111,59,-62,-17,70,-54,-31,40,63,73,41
56,120,88,-64,-27,88,-66,-24,21,82,92,70
42,92,65,-68,-8,80,-55,-42,21,57,119,61
59,120,70,-79,-27,83,-83,-53,32,83,113,97
48,120,77,-95,-2,101,-77,-64,38,86,126,81
38,138,83,-97,-3,113,-81,-50,56,107,130,128
57,127,80,-75,-13,116,-79,-57,38,99,124,100
74,151,119,-133,-11,126,-84,-50,51,90,121,101
50,147,106,-104,-32,134,-85,-60,32,103,137,126
60,169,118,-117,-16,105,-93,-51,51,106,140,105
76,163,117,-105,-37,145,-102,-49,52,147,148,128
65,201,137,-123,-26,162,-90,-74,48,138,181,123
73,201,127,-137,-35,141,-97,-72,72,147,163,148
59,191,120,-117,-15,148,-85,-77,56,167,165,146
46,177,132,-143,-5,154,-122,-88,51,150,181,128
78,219,125,-133,-10,164,-118,-61,68,136,192,142
70,217,142,-130,-25,177,-113,-61,63,158,197,149
74,216,130,-136,-30,180,-126,-85,74,146,195,147
69,240,150,-138,-34,186,-153,-90,47,167,204,140
75,216,150,-165,-30,180,-122,-97,61,176,210,159
93,205,145,-168,-35,194,-120,-95,78,146,176,150
97,230,163,-159,-15,182,-123,-94,64,150,177,171
96,229,153,-142,-27,170,-105,-74,83,155,226,153
78,224,140,-156,-45,198,-122,-96,65,165,188,135
75,228,118,-146,-36,165,-119,-91,78,170,186,128
70,192,128,-166,-35,166,-90,-86,63,146,174,141
78,216,148,-152,-40,187,-123,-57,43,158,187,144
96,222,129,-136,-42,186,-105,-81,50,164,161,147
96,203,107,-131,-24,168,-111,-74,54,155,198,156
67,198,141,-139,-37,168,-111,-65,54,145,180,140
62,173,127,-123,-26,165,-103,-88,79,129,175,138
60,188,108,-130,-36,143,-116,-83,67,117,146,131
52,177,116,-111,-26,142,-99,-71,44,142,155,109
56,145,104,-120,-13,143,-81,-72,32,110,151,131
56,156,105,-116,-11,145,-90,-76,55,130,157,97
77,130,122,-105,-25,102,-94,-66,53,110,123,129
70,140,72,-85,-33,127,-67,-56,49,98,142,109
55,133,71,-97,-28,107,-78,-53,21,107,79,85
32,130,74,-77,-41,95,-51,-44,47,89,102,85
48,98,38,-85,-3,105,-74,-44,59,79,114,107
24,88,77,-72,-22,100,-64,-49,21,73,77,67
34,97,32,-58,-38,74,-52,-47,23,77,76,81
38,74,56,-36,-3,64,-50,-45,13,85,78,68
19,88,60,-43,-18,56,-39,-14,18,23,48,43
41,49,44,-67,-9,60,-31,-21,17,62,89,46
38,75,27,-38,-19,53,-18,1,36,34,43,33
25,52,39,-29,-26,40,-25,-16,-10,58,48,24
46,24,12,-30,-7,35,-32,-10,16,30,56,35
17,33,46,-23,16,23,-30,0,3,20,44,32
12,18,15,7,-5,10,-12,5,10,27,12,18
28,19,-3,-27,0,28,-1,-18,-10,35,6,15
-14,19,17,16,-13,-20,-16,-1,-21,7,2,7
15,11,-6,12,-6,-5,-17,-8,16,9,24,18
-3,-4,-21,19,15,-7,-16,6,4,-4,-8,5
-20,-1,-6,28,6,8,10,-7,-29,-23,-15,-6
-15,2,6,22,-4,-2,27,6,-4,4,6,-8
-14,-26,-17,-2,-2,-18,3,30,-16,-30,-12,-22
-9,-38,4,22,0,-12,22,8,-3,2,-27,-30
2,-40,-29,40,5,-19,30,2,-6,-27,-5,-16
-4,-40,-23,12,6,-25,10,-1,1,-21,-46,-23
-18,-39,-31,8,-9,-3,15,22,-36,-24,-49,-10
-13,-53,-45,11,8,-25,16,28,-1,-44,-30,-44
-48,-49,-36,36,-11,-52,10,35,-16,-33,-63,-29
-22,-36,-35,23,16,-37,28,8,-8,-57,-60,-2
-5,-52,-56,14,9,-32,29,5,-6,-47,-31,-31
-14,-64,-33,46,17,-51,30,32,1,-25,-34,-40
-7,-31,-43,28,3,-49,43,2,-10,-28,-21,-50
-19,-46,-40,33,34,-24,17,28,-30,-36,-37,-16
-24,-33,-22,16,8,-56,28,20,-17,-33,-50,-49
-18,-42,-25,19,-4,-44,7,33,-24,-27,-38,-40
-19,-67,-40,45,10,-33,51,27,-19,-31,-31,-52
-16,-33,-44,78,-17,-56,33,40,-26,-29,-36,-50
-11,-74,-52,35,25,-42,26,5,-25,-45,-45,-52
-43,-62,-43,55,21,-58,41,35,-16,-71,-77,-61
-36,-77,-43,48,7,-70,33,39,-13,-58,-78,-43
-20,-75,-49,43,12,-75,65,31,-20,-55,-84,-54
-36,-92,-61,65,0,-76,34,64,-34,-57,-75,-43
-30,-93,-73,56,-3,-80,53,52,-31,-68,-80,-76
-50,-107,-69,56,-5,-79,58,46,-28,-68,-85,-58
-52,-119,-71,83,16,-107,58,53,-39,-91,-105,-93
-54,-123,-77,87,22,-106,72,62,-35,-109,-124,-92
-51,-122,-100,97,27,-102,88,63,-38,-101,-117,-113
-64,-164,-112,100,24,-124,61,59,-36,-113,-155,-102
-49,-170,-110,96,35,-125,105,62,-52,-132,-168,-118
-77,-195,-132,113,3,-169,100,68,-61,-132,-199,-111
-63,-199,-135,125,37,-161,117,78,-66,-134,-168,-137
-83,-200,-119,137,51,-163,116,58,-63,-128,-194,-148
-82,-226,-141,141,21,-194,114,83,-72,-148,-201,-148
-95,-243,-133,132,37,-171,94,72,-86,-192,-214,-146
-75,-228,-124,148,32,-176,91,96,-61,-159,-176,-160
-71,-213,-137,153,36,-179,111,83,-80,-157,-173,-132
-47,-198,-138,161,13,-190,108,81,-27,-142,-170,-143
-67,-168,-124,117,14,-144,87,55,-44,-123,-148,-136
-63,-137,-105,95,33,-142,100,50,-39,-90,-139,-100
-8,-89,-64,44,20,-97,55,34,-26,-78,-90,-75
-34,-73,-21,21,12,-49,21,18,-14,-27,-30,-35
-7,-4,-8,11,-15,9,-4,11,-10,-2,14,-17
25,66,37,-44,-12,68,-49,-35,30,36,67,56
48,145,103,-112,-8,149,-93,-69,59,104,138,107
86,254,169,-151,-27,187,-132,-113,80,183,222,168
111,335,225,-218,-52,284,-180,-134,101,255,308,233
164,461,278,-303,-57,362,-247,-158,121,356,409,318
177,541,349,-391,-98,443,-305,-214,150,421,501,371
209,652,401,-445,-92,533,-322,-239,196,460,568,450
255,722,470,-495,-97,621,-396,-289,218,555,644,527
270,798,539,-560,-112,668,-439,-317,254,597,740,574
298,891,571,-608,-128,738,-477,-347,271,668,787,619
340,931,582,-655,-118,773,-522,-388,299,713,868,654
354,999,641,-654,-183,842,-523,-392,288,728,899,690
357,996,658,-681,-160,838,-570,-388,303,751,911,707
371,1020,666,-702,-139,861,-543,-379,303,773,898,723
347,981,641,-691,-126,834,-528,-378,300,736,892,718
345,944,624,-664,-174,793,-522,-396,282,718,867,664
312,891,575,-607,-145,728,-471,-359,250,683,808,620
293,815,535,-554,-112,673,-440,-311,252,621,723,580
259,726,461,-503,-139,617,-387,-278,206,521,640,520
210,584,414,-402,-83,514,-333,-261,184,460,571,448
169,517,342,-359,-92,424,-304,-219,163,400,457,326
130,391,289,-283,-73,343,-238,-166,121,295,362,274
108,280,186,-202,-25,252,-169,-129,92,216,271,212
60,193,119,-146,-27,149,-125,-51,58,157,195,151
21,88,69,-78,-28,75,-59,-30,44,60,84,70
10,15,-6,-20,-14,29,-1,12,13,-2,15,-5
-11,-86,-54,48,17,-49,33,40,-30,-43,-69,-60
-57,-133,-104,114,19,-105,77,51,-50,-103,-135,-85
-76,-199,-125,136,36,-173,104,73,-70,-155,-188,-142
-86,-243,-174,150,25,-206,128,105,-74,-188,-227,-176
-106,-278,-213,211,32,-236,159,124,-92,-216,-229,-207
-106,-317,-203,236,42,-269,181,122,-85,-235,-283,-227
-123,-347,-224,251,55,-273,187,125,-69,-243,-283,-254
-121,-349,-257,237,61,-271,170,138,-100,-251,-315,-227
-135,-362,-214,228,49,-291,173,128,-84,-274,-304,-232
-113,-335,-214,240,36,-274,191,151,-75,-263,-312,-237
-111,-322,-192,218,71,-270,179,134,-117,-255,-278,-248
-103,-294,-214,226,47,-238,174,108,-120,-218,-288,-209
-143,-287,-186,210,39,-256,155,136,-103,-224,-260,-207
-105,-265,-159,193,19,-240,171,93,-76,-220,-248,-186
-105,-250,-163,156,25,-187,135,99,-81,-207,-235,-200
-73,-223,-142,152,47,-188,146,96,-62,-149,-222,-185
-67,-215,-134,125,40,-175,134,67,-78,-154,-200,-135
-71,-149,-116,117,61,-150,102,82,-61,-157,-153,-125
-56,-160,-99,131,54,-120,99,45,-29,-111,-154,-120
-32,-146,-91,100,11,-117,71,59,-51,-115,-135,-118
-40,-148,-94,85,14,-121,67,41,-26,-89,-120,-96
-63,-134,-69,79,16,-101,70,55,-53,-115,-119,-80
-28,-103,-73,80,11,-92,74,40,-25,-77,-110,-86
-49,-105,-65,85,22,-74,44,46,-24,-82,-104,-69
-16,-90,-62,56,2,-88,59,41,-31,-74,-110,-65
-24,-106,-74,68,16,-95,34,52,-49,-44,-85,-53
-24,-72,-64,71,18,-74,31,43,-26,-53,-87,-58
-26,-81,-42,98,20,-56,39,54,-18,-52,-73,-62
-47,-72,-36,40,0,-81,29,28,-38,-54,-59,-63
-39,-67,-55,44,9,-80,53,11,-10,-50,-72,-55
-23,-95,-73,61,19,-58,32,37,-10,-76,-65,-53
-5,-79,-37,42,13,-50,41,30,-32,-47,-78,-52
-25,-68,-31,56,9,-69,32,37,7,-59,-70,-72
-17,-77,-38,57,39,-60,38,45,-24,-53,-71,-39
-22,-59,-38,34,29,-59,52,14,-15,-56,-42,-61
-33,-57,-55,47,-7,-54,36,19,-41,-60,-82,-80
-8,-69,-43,48,25,-78,46,32,4,-67,-47,-25
-29,-63,-49,42,8,-57,51,28,-36,-43,-53,-33
-41,-69,-46,49,4,-60,19,53,-36,-50,-54,-26
-21,-84,-32,65,-4,-56,33,21,-10,-41,-37,-41
-4,-65,-57,43,18,-62,20,17,-23,-65,-52,-35
-10,-60,-57,49,7,-61,32,43,-19,-41,-69,-24
-27,-86,-36,37,-7,-38,33,46,7,-54,-52,-38
-21,-53,-38,30,5,-21,31,-1,-22,-36,-45,-43
-12,-64,-38,39,12,-27,38,22,-33,-57,-49,-49
-24,-44,-51,42,-10,-43,17,20,-25,-34,-48,-54
-9,-38,-38,45,0,-47,43,25,7,-27,-43,-28
-9,-56,-11,21,25,-30,3,11,-10,-24,-51,-50
-6,-51,-24,25,10,-38,18,9,-19,-41,-47,-35
-10,-41,-16,45,13,-15,20,39,2,-40,-29,-30
18,-48,-25,7,-16,-36,36,25,0,-37,-48,-38
-21,-43,-16,8,-15,-39,29,30,-3,-18,-33,-33
2,-46,-9,29,7,-39,22,1,-4,-15,-36,-11
-16,-23,-10,15,0,-20,3,-10,-18,-30,-15,-16
-12,-2,-12,-11,4,-24,3,13,-14,-13,-16,-19
-14,-4,-32,4,-6,-16,35,-7,-9,-13,-12,-17
-7,-23,-2,-11,19,-20,-5,3,1,-22,-16,12
-21,-10,-16,14,-14,23,31,-5,-9,-15,-3,-4
25,-2,2,5,9,-4,-2,-4,-1,-8,8,-3
18,-19,3,1,-31,24,4,12,-3,-21,2,-3
17,17,11,-5,11,5,-26,-2,-20,19,-17,11
16,7,3,-2,-5,5,-12,7,2,12,4,13
-4,35,2,1,-5,-1,-29,-4,24,10,18,4
-8,14,10,3,22,19,-17,5,21,22,11,20
21,38,42,-9,-10,28,-15,-12,-1,24,27,4
12,29,13,-22,7,26,-22,-19,4,36,32,43
11,44,19,-18,-15,50,-25,-26,-8,39,57,28
26,66,22,-43,8,32,-24,-27,44,53,47,43
23,73,43,-59,8,51,-48,-16,9,56,54,58
8,54,46,-58,-18,54,-44,-26,22,52,54,62
15,67,58,-39,-24,69,-52,-16,27,71,66,46
39,98,61,-29,-12,54,-42,-25,23,72,48,69
41,73,53,-44,-12,57,-40,-45,37,52,96,61
21,122,96,-61,-21,82,-73,-38,40,77,87,47
31,80,48,-74,-21,92,-72,-36,38,84,92,88
50,120,93,-107,-24,115,-64,-49,46,77,114,89
31,122,76,-81,-51,97,-61,-63,40,87,103,82
41,120,80,-68,-7,116,-76,-57,50,93,140,108
36,142,87,-75,-18,129,-84,-59,33,92,133,103
58,156,93,-94,-11,130,-91,-53,41,119,135,113
59,162,100,-113,-23,123,-77,-75,46,134,105,109
39,154,98,-125,-19,147,-103,-67,63,105,124,114
58,162,124,-102,-36,168,-83,-54,61,119,152,133
40,184,113,-124,-22,157,-93,-66,68,131,177,141
64,184,120,-143,-12,178,-105,-84,65,147,175,139
55,187,132,-121,-22,179,-127,-83,64,144,173,161
67,213,145,-139,-38,171,-121,-87,76,162,182,125
69,222,141,-134,-53,161,-142,-93,48,156,200,141
84,223,159,-139,-25,216,-100,-83,69,155,214,151
100,245,151,-169,-32,192,-144,-98,66,171,207,162
83,222,158,-173,-46,209,-124,-84,56,159,225,161
78,232,163,-174,-30,202,-128,-117,88,184,196,184
88,253,159,-164,-49,249,-135,-106,78,155,217,182
86,238,159,-160,-63,206,-142,-108,69,195,219,202
120,272,174,-196,-30,233,-154,-120,76,221,245,189
114,306,171,-193,-57,254,-157,-128,72,207,238,198
112,283,189,-171,-29,216,-157,-124,91,207,263,189
115,291,187,-197,-39,230,-164,-113,87,197,238,212
84,296,201,-201,-20,253,-159,-129,85,232,264,215
111,298,187,-220,-54,246,-174,-135,91,220,272,213
120,325,179,-192,-40,272,-171,-120,84,228,267,239
99,293,205,-215,-69,266,-182,-121,102,240,292,213
129,307,216,-221,-69,258,-170,-130,65,219,285,211
105,337,224,-213,-60,266,-174,-148,94,250,297,223
142,331,207,-226,-49,298,-173,-138,102,248,307,232
107,324,209,-232,-33,271,-197,-134,104,250,295,208
116,324,216,-214,-63,283,-164,-109,80,248,302,241
131,317,215,-209,-55,278,-196,-118,108,251,316,254
108,343,225,-212,-52,282,-204,-134,107,241,308,263
130,335,241,-234,-66,289,-170,-131,90,251,321,234
125,361,194,-233,-70,288,-211,-135,101,260,287,236
122,349,217,-251,-59,284,-196,-138,115,279,306,239
122,335,229,-243,-28,275,-176,-150,100,259,320,243
115,356,206,-247,-46,275,-182,-143,102,239,303,216
116,321,223,-255,-56,286,-185,-139,107,231,312,238
115,316,199,-244,-51,284,-172,-145,113,247,315,242
131,323,200,-223,-30,294,-158,-137,109,248,307,235
112,322,222,-240,-42,286,-190,-133,100,237,303,229
114,323,205,-211,-58,245,-192,-146,93,236,301,255
116,324,215,-211,-62,263,-183,-127,88,245,284,226
113,343,197,-211,-29,260,-177,-145,107,243,297,228
137,329,216,-238,-31,272,-181,-119,106,249,299,233
103,322,201,-237,-52,264,-161,-121,63,233,272,206
98,299,208,-202,-52,243,-176,-117,85,250,296,229
104,287,211,-206,-47,263,-177,-108,98,237,277,233
90,323,178,-224,-32,264,-162,-134,80,244,264,214
107,305,200,-197,-31,254,-163,-99,50,248,274,195
99,293,199,-214,-45,238,-178,-116,106,195,258,185
78,285,186,-196,-31,235,-165,-145,85,215,255,197
111,287,173,-189,-46,241,-163,-102,98,207,245,181
109,250,182,-180,-36,220,-153,-119,71,198,250,186
76,268,172,-183,-31,225,-140,-96,91,195,231,172
88,273,157,-146,-42,195,-135,-90,74,167,232,174
71,235,154,-165,-24,192,-129,-90,92,187,242,168
101,255,149,-144,-42,173,-145,-82,66,187,196,161
81,203,128,-153,-6,172,-117,-110,66,162,206,151
74,225,135,-174,-7,162,-130,-92,62,169,195,151
82,215,123,-144,-32,184,-113,-66,65,134,200,170
66,186,120,-131,-21,180,-115,-77,51,150,178,137
72,175,103,-120,-21,136,-101,-89,87,139,162,121
69,173,91,-134,-34,142,-100,-64,63,133,164,127
57,182,95,-109,-48,134,-81,-45,57,111,170,133
66,165,109,-99,-49,138,-66,-83,44,123,151,107
56,154,112,-124,-15,126,-108,-60,51,116,148,94
39,132,80,-76,-17,127,-70,-45,35,78,140,105
53,121,102,-97,-11,120,-75,-35,52,83,109,96
49,130,95,-101,-40,99,-71,-65,50,91,128,88
27,94,78,-73,-18,113,-66,-51,30,59,92,92
54,124,55,-47,-31,99,-57,-48,57,75,76,71
39,112,44,-93,-33,69,-39,-30,33,79,90,89
20,89,59,-54,5,61,-29,-25,23,69,87,92
49,62,61,-71,3,60,-20,-29,42,67,71,71
30,80,36,-24,-10,48,-41,-32,7,33,76,34
31,67,62,-37,-12,24,-26,-36,20,56,75,66
10,48,35,-24,7,23,-25,-11,11,41,51,45
8,38,36,-35,4,36,1,-23,11,25,35,13
22,43,24,-15,-15,37,-12,-14,2,30,53,15
8,21,23,-1,-5,19,-16,-42,-5,11,28,38
21,28,22,-11,-21,1,-22,-10,10,32,14,4
-1,2,13,-7,14,8,-9,-3,1,13,16,16
-14,31,31,-19,-13,31,9,-11,3,5,17,22
2,1,-3,-3,20,1,-1,9,21,12,-4,-8
1,0,2,15,15,-2,1,-13,-7,6,27,-28
-8,-8,-13,0,-11,-11,21,27,-2,-16,-27,-8
6,-7,9,29,17,-22,0,11,5,-34,-22,-14
-17,-23,-24,13,12,-30,4,3,-29,-3,-11,-15
-8,-43,-12,12,2,-8,21,-12,-22,-13,-46,-19
-24,-39,-15,31,6,-15,33,16,5,-35,-21,-25
-17,-53,-41,26,33,-43,23,20,-5,-18,-21,-3
-16,-63,-37,22,15,-38,25,29,-3,-36,-51,-39
-11,-50,-42,20,-9,-55,30,5,-19,-29,-54,-62
-23,-51,-50,28,-2,-60,46,27,-29,-31,-38,-21
-21,-46,-28,52,5,-53,19,22,-20,-37,-58,-40
-19,-86,-53,47,10,-47,32,30,-29,-30,-43,-36
-23,-51,-46,35,15,-76,57,35,-14,-58,-73,-40
-18,-66,-37,43,-4,-60,31,16,-9,-60,-57,-53
-18,-67,-58,47,20,-53,55,41,-38,-63,-55,-40
-39,-82,-46,68,-14,-76,20,45,-22,-60,-39,-82
-6,-88,-42,37,2,-64,58,26,-27,-69,-79,-59
-18,-69,-73,57,4,-54,41,39,-20,-45,-60,-65
-24,-99,-57,33,40,-63,63,34,-13,-84,-76,-43
-39,-75,-77,64,8,-76,46,30,-31,-38,-87,-54
-15,-114,-45,70,19,-69,61,26,-27,-89,-87,-75
-36,-92,-44,69,13,-89,36,49,-15,-96,-80,-52
-27,-88,-96,74,2,-92,32,54,-17,-51,-93,-45
-32,-101,-67,52,21,-73,58,46,-27,-67,-83,-61
-56,-102,-66,76,-2,-83,18,54,-38,-65,-96,-73
-21,-96,-57,61,30,-96,47,47,-9,-80,-83,-55
-20,-100,-48,79,21,-80,61,39,-39,-79,-96,-80
-33,-106,-69,88,-1,-97,55,43,-16,-64,-89,-69
-31,-103,-78,56,25,-99,71,47,-28,-59,-71,-77
-41,-112,-77,78,22,-105,70,52,-27,-95,-101,-83
-30,-107,-68,79,-11,-77,56,16,-23,-89,-83,-71
-29,-95,-64,91,18,-96,45,50,-32,-88,-94,-70
-39,-106,-58,67,13,-93,64,56,-41,-79,-86,-81
-29,-113,-67,62,23,-97,70,50,-28,-86,-79,-92
-56,-93,-79,78,8,-78,79,38,-16,-76,-95,-63
-60,-114,-52,78,29,-86,69,50,-40,-101,-92,-82
-31,-125,-69,84,6,-83,53,32,-25,-86,-112,-63
-19,-94,-57,47,13,-109,55,30,-49,-87,-94,-104
-26,-133,-55,61,25,-91,75,31,-53,-95,-110,-72
-29,-110,-71,94,-7,-111,44,33,-31,-103,-109,-69
-29,-101,-80,98,22,-92,57,36,-38,-70,-100,-53
-34,-111,-60,65,5,-77,70,51,-33,-63,-101,-82
-25,-125,-67,81,22,-118,74,57,-63,-101,-109,-56
-34,-110,-69,58,8,-100,83,22,-32,-96,-93,-84
-43,-101,-81,61,32,-97,57,67,-48,-81,-110,-91
-38,-126,-57,83,4,-107,44,70,-23,-94,-100,-74
-50,-106,-78,74,27,-84,66,49,-54,-91,-105,-71
-60,-110,-65,103,16,-100,63,47,-31,-82,-99,-80
-49,-121,-85,64,13,-88,80,40,-44,-114,-93,-97
-20,-107,-89,51,23,-94,60,39,-28,-94,-101,-96
-50,-113,-61,83,20,-113,58,59,-33,-81,-75,-71
-45,-104,-57,58,19,-91,47,44,-29,-90,-114,-65
-21,-116,-79,90,31,-115,49,50,-22,-97,-99,-70
-30,-111,-81,51,31,-84,59,36,-50,-71,-94,-77
-31,-122,-76,88,11,-80,69,44,-42,-66,-110,-89
-44,-102,-75,73,26,-89,62,30,-39,-80,-112,-82
-34,-121,-53,65,3,-88,61,60,-30,-76,-102,-78
-40,-117,-46,79,19,-98,57,52,-49,-97,-118,-69
-52,-112,-83,86,6,-105,60,59,-16,-102,-98,-85
-49,-110,-67,70,20,-88,68,56,-27,-83,-119,-53
-46,-122,-61,53,8,-100,78,35,-24,-98,-108,-85
-36,-92,-74,67,34,-97,68,23,-21,-63,-128,-70
-32,-112,-64,79,16,-109,56,61,-41,-80,-112,-72
-48,-117,-71,81,15,-89,63,23,-34,-91,-94,-69
-54,-90,-68,89,14,-93,69,54,-17,-88,-125,-88
-53,-97,-56,66,18,-71,56,24,-69,-91,-81,-79
-42,-121,-71,73,20,-105,66,56,-20,-61,-99,-84
-57,-113,-74,74,9,-97,43,43,-18,-81,-116,-87
-34,-114,-73,71,13,-115,47,35,-44,-86,-138,-89
-32,-88,-64,60,13,-91,54,46,-30,-95,-89,-76
-54,-108,-72,82,25,-89,56,59,-35,-71,-87,-59
-35,-88,-68,59,18,-88,66,55,-46,-74,-95,-64
-25,-115,-73,51,-3,-72,50,57,-45,-88,-118,-71
-68,-116,-79,69,-11,-90,72,40,-32,-67,-88,-71
-61,-119,-73,84,5,-108,70,61,-37,-86,-105,-62
-46,-118,-60,64,-3,-86,47,50,-43,-75,-101,-104
-26,-122,-92,77,10,-89,64,40,-10,-98,-79,-82
-46,-121,-98,68,25,-93,68,52,-37,-57,-114,-89
-24,-107,-89,102,19,-82,49,55,-40,-55,-101,-68
-29,-93,-69,75,15,-60,68,42,-43,-100,-76,-80
-41,-115,-65,74,1,-110,53,20,-21,-81,-60,-66
-22,-107,-61,57,28,-96,51,54,-19,-70,-116,-69
-57,-110,-72,87,22,-73,55,38,-30,-95,-78,-63
-35,-120,-66,63,13,-70,61,33,-26,-57,-97,-65
-33,-88,-70,78,37,-77,70,58,-32,-69,-89,-78
-45,-100,-61,74,16,-77,61,30,-25,-59,-106,-48
-35,-111,-71,83,-3,-71,47,45,-30,-114,-106,-61
-13,-91,-64,76,24,-80,37,49,-50,-95,-102,-88
-37,-110,-60,67,34,-127,32,46,-30,-99,-80,-57
-43,-100,-72,79,36,-77,84,39,-37,-89,-97,-73
-20,-113,-68,84,28,-98,67,52,-43,-84,-96,-84
-43,-91,-84,72,28,-80,37,16,-41,-81,-88,-74
-22,-107,-90,65,46,-84,57,45,2,-83,-101,-65
-44,-114,-74,89,26,-87,58,41,-36,-83,-84,-72
-22,-106,-65,73,17,-77,43,29,-26,-81,-82,-52
-58,-98,-66,82,21,-96,37,42,-23,-80,-90,-84
-52,-83,-49,84,1,-94,26,35,-29,-63,-108,-85
-24,-123,-57,83,30,-97,56,37,-58,-68,-122,-67
-32,-103,-47,52,20,-53,77,52,-30,-96,-74,-84
-36,-100,-69,70,34,-81,37,43,-38,-70,-102,-73
-48,-125,-77,70,18,-60,49,21,-51,-94,-88,-78
-25,-113,-58,50,16,-69,73,35,-25,-73,-106,-61
-43,-75,-84,58,28,-61,75,33,-23,-62,-90,-69
-49,-111,-75,80,17,-61,62,28,-19,-103,-94,-75
-29,-104,-70,70,12,-92,64,44,-40,-66,-67,-78
-50,-107,-60,54,22,-91,64,36,-17,-91,-95,-79
-38,-94,-53,52,9,-97,58,62,-32,-79,-77,-64
-39,-88,-64,64,13,-97,82,48,-7,-87,-89,-70
-33,-113,-57,76,26,-113,65,64,-57,-59,-85,-69
-14,-84,-72,79,15,-60,53,34,-24,-87,-117,-83
-33,-88,-67,84,-15,-82,48,35,-38,-67,-94,-63
-41,-100,-44,75,14,-100,59,57,-29,-82,-79,-69
-45,-91,-61,83,14,-81,66,48,-28,-83,-95,-55
-36,-99,-60,57,31,-74,63,32,-38,-69,-91,-69
-37,-91,-44,70,33,-65,48,39,-26,-62,-117,-82
-27,-96,-63,55,-4,-88,45,57,-15,-75,-91,-73
-36,-93,-76,63,22,-84,45,50,-18,-96,-71,-54
-16,-99,-53,63,-1,-61,44,52,-17,-72,-82,-65
-29,-113,-67,66,9,-78,50,31,-26,-61,-89,-60
-36,-94,-75,58,-7,-85,52,43,-18,-72,-81,-67
-40,-105,-57,75,12,-59,60,45,-26,-91,-65,-80
-46,-95,-41,66,23,-67,59,67,-42,-53,-65,-71
-48,-119,-41,72,24,-62,41,62,-35,-80,-102,-69
-20,-112,-41,64,8,-82,51,28,-28,-77,-74,-65
-50,-86,-74,48,4,-69,48,34,-26,-80,-66,-79
-22,-110,-43,57,38,-86,44,44,-14,-67,-81,-50
-32,-84,-35,50,24,-81,57,31,-20,-41,-65,-65
-42,-82,-70,56,7,-58,57,36,-17,-54,-83,-71
-14,-108,-63,49,9,-52,39,51,-26,-74,-74,-59
-30,-83,-50,61,-1,-57,30,35,-14,-53,-49,-67
-38,-85,-39,59,10,-65,35,28,-12,-69,-85,-77
-46,-91,-74,67,-12,-104,56,30,-30,-55,-65,-44
-36,-72,-42,61,1,-67,37,32,-15,-48,-71,-37
-10,-88,-50,56,34,-79,25,22,-39,-44,-89,-54
-25,-72,-18,53,9,-59,28,35,-24,-54,-69,-25
-15,-88,-49,61,6,-56,54,31,-14,-40,-76,-26
-28,-71,-42,55,7,-61,28,33,-33,-61,-49,-63
-33,-70,-49,37,12,-39,53,48,-4,-43,-54,-42
-44,-49,-45,31,24,-67,25,36,-2,-76,-74,-52
-20,-69,-32,55,3,-60,41,20,-28,-52,-78,-68
-14,-49,-16,51,5,-48,36,32,-29,-73,-53,-42
-17,-78,-30,42,10,-61,44,23,-19,-57,-57,-51
-26,-72,-43,25,4,-45,31,18,6,-49,-31,-16
-17,-67,-24,22,35,-45,51,18,-1,-30,-60,-42
9,-33,-23,31,17,-54,10,10,-2,-42,-40,-44
-41,-36,-41,41,-14,-34,27,-1,1,-32,-31,-36
8,-37,-16,20,20,-23,20,5,-12,-38,-6,-26
-3,-15,-24,15,12,-31,28,0,-7,-24,-26,-11
-19,-20,-15,-2,-5,-4,6,-22,10,-19,-23,-23
10,-1,-24,22,13,-7,8,8,-8,-12,-9,13
-5,7,5,-10,-14,-8,7,4,-2,13,-7,-27
0,7,-6,-6,-12,14,-15,13,6,-5,7,-3
21,-1,-2,-4,1,14,-6,27,4,-7,8,9
-5,27,37,-13,-18,-6,7,-9,10,25,21,16
6,31,40,-9,-19,24,-30,-6,17,-4,26,34
10,28,24,-22,4,22,-4,-14,7,26,16,14
7,31,19,-17,9,41,-22,-25,-3,43,36,32
10,48,17,-39,5,62,-11,-24,14,22,42,30
30,48,33,-31,-14,47,-21,-35,12,51,63,50
28,59,39,-29,-22,52,-34,-28,32,51,38,42
31,94,37,-70,-38,87,-41,-23,28,52,51,64
30,93,54,-53,-14,88,-63,-19,20,68,80,61
33,100,60,-63,-11,70,-60,-39,41,72,81,70
13,127,84,-74,0,82,-80,-63,38,77,83,82
43,109,75,-67,-28,85,-82,-44,42,89,104,71
25,101,67,-84,6,107,-67,-69,60,85,111,95
55,131,100,-83,-35,138,-88,-46,46,93,123,86
54,135,96,-113,-42,125,-71,-58,42,103,114,112
60,175,99,-91,-26,105,-95,-58,33,94,113,109
57,150,105,-105,-24,114,-100,-76,34,122,159,103
78,161,116,-100,-38,147,-79,-84,65,122,138,120
63,158,86,-118,-19,136,-96,-68,57,127,154,99
71,190,116,-136,-27,121,-110,-53,59,126,163,120
62,182,137,-100,-29,141,-89,-68,62,146,159,129
61,180,113,-119,-12,160,-99,-93,47,132,174,143
77,196,134,-129,-30,146,-102,-73,73,163,177,112
69,203,119,-119,-32,172,-94,-74,48,131,171,139
64,196,97,-116,-41,157,-106,-76,39,162,178,133
74,186,116,-133,-16,168,-120,-83,63,128,179,149
68,180,128,-134,-20,176,-109,-85,48,157,175,145
70,217,152,-142,-15,182,-114,-83,60,136,183,145
58,202,118,-137,-19,156,-117,-77,64,155,176,137
65,198,107,-149,-37,160,-97,-93,53,140,158,141
62,192,93,-131,-47,142,-125,-65,55,147,173,114
90,199,139,-127,-25,156,-117,-74,72,144,174,142
67,203,135,-116,-16,165,-102,-92,85,155,160,153
67,167,108,-122,-16,127,-116,-61,43,125,152,104
63,166,114,-124,-15,134,-112,-71,34,122,154,127
64,174,111,-107,-16,145,-96,-85,58,111,159,125
64,165,91,-125,-36,143,-70,-92,39,118,139,106
65,159,115,-106,-37,129,-105,-72,48,112,148,105
66,142,77,-82,-3,107,-71,-59,57,142,148,128
30,161,80,-114,-30,111,-93,-56,35,103,128,118
39,128,94,-87,-19,86,-67,-69,34,101,125,121
51,120,51,-78,-29,106,-61,-42,32,85,99,90
42,103,69,-97,-3,96,-52,-51,35,92,116,104
30,90,67,-95,-7,86,-45,-20,38,79,89,75
34,74,64,-51,0,59,-61,-45,37,71,82,60
15,78,69,-64,-16,67,-49,-29,29,57,99,77
30,78,51,-73,-35,71,-27,-14,38,78,62,47
35,104,44,-52,-19,55,-51,-36,39,44,65,47
11,43,56,-51,0,41,-31,-18,28,63,48,51
4,59,24,-9,-14,62,-32,-26,34,49,36,34
-7,26,42,-19,-28,10,-32,-17,10,47,48,22
8,42,20,-8,-17,32,-39,-27,-2,41,41,41
10,15,23,-14,-11,32,-23,-10,15,19,19,18
-9,11,-12,-5,-15,38,-7,-8,19,20,6,20
12,1,6,-10,-8,-2,-5,11,12,3,-12,-5
-12,14,0,0,-20,41,-17,13,0,-9,-3,27
15,-5,-7,-9,6,2,6,-2,-3,-2,8,4
-9,-4,3,0,18,5,14,10,2,-11,-24,5
-3,-17,-28,16,4,-35,11,0,-17,-4,-8,-12
1,-21,-23,17,18,-26,5,16,-12,-17,-24,-25
-2,-18,-29,22,-4,-29,3,22,-28,-18,-40,-9
4,-20,-28,20,-1,2,9,27,-4,-33,-43,-16
-14,-39,-24,34,10,-26,32,6,-13,-37,-40,-21
-22,-30,-36,37,7,-36,25,11,-19,-54,-57,-25
0,-42,-24,43,0,-53,26,24,-3,-53,-61,-29
-12,-59,-60,31,2,-51,6,14,-10,-57,-43,-32
-18,-55,-48,36,2,-24,58,17,-13,-17,-58,-43
-23,-68,-44,41,19,-53,19,34,-6,-57,-49,-28
6,-60,-24,52,12,-47,50,18,-35,-58,-59,-37
-12,-49,-17,60,24,-28,41,16,-23,-61,-57,-41
-32,-52,-38,28,18,-42,13,25,-17,-48,-77,-26
-9,-85,-25,60,29,-39,46,36,-22,-58,-44,-58
-18,-63,-51,61,-4,-32,27,36,-21,-47,-65,-40
-38,-87,-55,43,4,-69,23,24,-22,-58,-59,-41
-30,-78,-51,52,23,-56,34,32,-13,-32,-88,-60
-19,-56,-62,48,8,-55,51,34,-25,-56,-78,-56
-23,-73,-45,50,14,-74,22,40,-27,-55,-84,-49
-24,-109,-44,66,26,-74,59,22,-39,-50,-84,-83
-39,-88,-53,58,31,-98,65,45,-12,-86,-90,-63
-36,-94,-72,66,29,-78,81,30,-62,-69,-100,-66
-61,-132,-70,97,9,-81,51,39,-42,-96,-96,-82
-32,-121,-76,73,27,-108,53,33,-35,-96,-98,-89
-48,-109,-86,97,17,-101,80,46,-38,-99,-135,-84
-54,-160,-97,88,14,-122,74,39,-33,-127,-126,-98
-46,-139,-100,123,-2,-122,74,45,-50,-105,-142,-117
-58,-159,-94,96,28,-148,112,85,-60,-122,-155,-125
-49,-176,-124,122,26,-132,100,76,-53,-102,-177,-133
-68,-186,-119,114,23,-153,114,73,-44,-138,-175,-118
-68,-210,-115,116,50,-203,100,76,-81,-162,-166,-140
-73,-212,-156,149,10,-180,118,71,-58,-144,-191,-140
-89,-220,-153,146,6,-191,132,74,-68,-189,-214,-161
-64,-244,-146,141,33,-175,141,89,-56,-186,-216,-157
-75,-245,-144,158,30,-201,141,112,-65,-197,-229,-175
-92,-264,-171,186,37,-204,129,96,-72,-185,-224,-190
-83,-239,-160,168,29,-221,143,115,-104,-178,-215,-181
-98,-250,-160,174,29,-219,131,95,-62,-177,-219,-159
-88,-210,-151,174,35,-188,107,79,-65,-171,-217,-162
-76,-206,-157,141,32,-200,106,89,-72,-143,-203,-153
-74,-179,-109,122,7,-141,91,67,-57,-135,-154,-134
-56,-150,-102,104,40,-107,75,58,-20,-115,-138,-97
-50,-99,-44,66,25,-82,29,32,-22,-97,-103,-69
-6,-60,-36,7,17,-27,3,23,8,-31,-21,-33
-7,16,-3,-25,8,22,-2,7,4,23,26,31
33,107,78,-68,-13,75,-50,-27,27,73,106,96
70,179,129,-120,-30,149,-111,-63,82,144,158,130
84,272,195,-189,-49,232,-139,-121,97,222,265,195
135,360,229,-263,-54,293,-198,-145,106,271,316,277
163,472,312,-335,-71,396,-237,-205,132,347,407,315
198,577,363,-372,-64,475,-327,-224,145,405,512,419
249,666,457,-447,-80,556,-404,-266,200,522,600,465
268,781,492,-517,-120,634,-425,-294,224,565,725,539
294,857,551,-583,-143,707,-457,-323,254,624,755,582
339,911,578,-617,-144,750,-481,-359,281,692,833,643
349,957,619,-641,-155,802,-547,-390,306,716,864,672
340,1004,643,-650,-131,831,-557,-407,286,770,896,720
372,1008,672,-683,-136,850,-538,-398,304,760,895,701
370,1002,648,-672,-129,828,-509,-382,280,739,881,691
336,952,602,-659,-161,813,-529,-367,293,722,856,681
316,915,581,-636,-145,772,-506,-357,261,706,823,646
294,831,561,-562,-125,696,-458,-339,270,645,764,595
252,760,497,-528,-114,650,-410,-304,224,561,672,547
220,649,445,-460,-89,549,-362,-265,217,494,595,463
213,566,375,-381,-66,438,-307,-231,184,418,505,400
153,463,285,-298,-93,394,-259,-170,139,345,430,301
114,360,217,-227,-51,288,-197,-134,130,273,314,231
66,256,156,-192,-33,203,-136,-74,77,201,240,170
35,153,92,-82,-31,143,-79,-57,65,90,139,105
57,35,30,-38,5,37,-7,-39,19,43,55,31
-30,-44,-35,21,-9,-39,41,26,-8,-27,-28,-20
-32,-121,-70,75,38,-90,69,51,-45,-74,-104,-82
-74,-177,-121,142,17,-159,96,81,-58,-137,-168,-123
-102,-251,-179,182,20,-220,128,100,-87,-203,-218,-176
-115,-296,-207,173,13,-246,176,97,-83,-219,-243,-213
-112,-331,-223,246,55,-276,169,114,-81,-255,-307,-250
-119,-365,-232,256,38,-278,195,141,-119,-288,-335,-243
-128,-365,-258,272,57,-309,198,157,-113,-278,-337,-280
-146,-394,-237,257,74,-327,214,148,-104,-276,-347,-275
-139,-372,-268,268,64,-318,213,164,-121,-278,-356,-266
-140,-368,-247,269,61,-308,210,154,-119,-283,-336,-250
-133,-394,-222,246,46,-315,202,138,-99,-285,-319,-246
-139,-342,-229,227,50,-304,217,149,-114,-271,-313,-237
-103,-346,-225,227,43,-264,178,133,-85,-258,-303,-238
-100,-321,-204,230,45,-280,160,123,-112,-238,-293,-214
-99,-298,-190,198,25,-262,158,111,-74,-213,-249,-202
-94,-256,-183,195,42,-217,157,114,-65,-192,-244,-192
-106,-249,-168,170,51,-192,135,107,-65,-155,-203,-183
-90,-253,-140,138,28,-180,138,94,-62,-177,-214,-181
-80,-188,-145,153,29,-163,133,90,-53,-161,-171,-164
-68,-171,-127,118,32,-165,128,91,-48,-146,-161,-126
-60,-168,-103,104,29,-169,106,65,-71,-151,-159,-124
-43,-143,-118,114,18,-125,95,68,-55,-121,-155,-97
-65,-151,-88,105,41,-120,56,57,-33,-111,-151,-111
-52,-142,-81,100,14,-115,72,49,-36,-110,-106,-90
-37,-125,-72,97,30,-112,80,60,-41,-80,-120,-89
-45,-137,-94,68,27,-99,60,62,-46,-101,-111,-106
-30,-120,-81,78,17,-83,50,50,-30,-113,-112,-106
-59,-92,-85,56,21,-98,41,55,-32,-81,-96,-56
-29,-109,-77,80,14,-87,45,37,-49,-87,-77,-100
-31,-105,-66,67,20,-82,49,68,-30,-68,-89,-84
-29,-109,-55,52,12,-87,64,25,-40,-89,-87,-71
-19,-112,-88,53,19,-69,54,44,-43,-96,-97,-68
-25,-91,-57,73,29,-85,62,34,-15,-90,-70,-82
-19,-104,-44,74,6,-51,51,38,-17,-71,-94,-58
-42,-94,-72,74,40,-64,61,36,-40,-69,-78,-81
-45,-89,-51,71,11,-76,67,43,1,-58,-68,-47
-45,-102,-72,73,16,-88,59,41,-26,-65,-69,-80
-9,-95,-63,45,-1,-96,56,30,-34,-57,-87,-57
-25,-87,-80,54,2,-51,62,33,-41,-65,-110,-53
-29,-102,-69,73,10,-55,44,50,-27,-69,-68,-72
-37,-96,-57,48,8,-77,41,24,-19,-57,-92,-53
-36,-112,-48,72,30,-64,44,42,-31,-41,-91,-47
-33,-62,-58,58,19,-58,39,35,-16,-65,-79,-62
-52,-77,-78,62,38,-61,26,20,-21,-51,-81,-52
-19,-92,-45,54,15,-79,42,37,-40,-71,-75,-52
-37,-71,-65,42,-6,-55,58,22,-43,-85,-65,-60
-22,-60,-37,28,3,-42,52,36,-42,-71,-78,-34
-30,-58,-47,62,-5,-56,44,44,-16,-68,-74,-58
-22,-84,-38,35,4,-47,27,8,-23,-35,-44,-43
-21,-76,-32,36,31,-60,39,9,-22,-40,-60,-36
-20,-47,-32,62,26,-39,29,38,-19,-35,-48,-57
-12,-63,-9,60,-4,-42,33,0,-15,-46,-58,-43
-4,-58,-49,22,13,-50,25,22,-1,-26,-50,-29
-30,-52,-45,34,37,-27,32,27,-28,-47,-47,-21
-31,-39,-22,26,3,-42,7,4,-25,-19,-40,-40
-25,-27,-23,22,-11,-38,23,23,1,-46,-50,-21
-24,-49,-25,33,5,-24,23,10,-8,-20,-39,-13
2,-47,-32,34,-4,-22,8,23,-1,-26,-34,-18
-14,-30,-29,18,4,-20,26,-6,-5,-31,1,-33
-1,-42,-26,34,3,-11,-2,23,-14,-38,-29,0
-15,-7,8,4,-21,5,-6,19,-29,-15,0,-2
-15,-14,-11,-4,-10,-6,23,19,-14,-7,-7,-9
-4,-8,-2,6,30,-3,12,-6,13,-10,0,3
-6,-2,-10,20,8,2,-4,20,-15,10,1,-4
-2,11,-3,-10,-28,-15,9,17,18,10,12,6
-26,13,7,-16,2,-2,2,-23,7,33,33,-1
5,19,22,8,4,16,-3,0,-7,21,28,31
4,26,11,-5,-19,-2,7,-12,-5,21,46,17
24,18,18,-23,11,30,-28,-17,24,55,35,39
0,46,16,-1,-22,34,-24,1,16,45,44,26
17,55,12,-12,-7,33,-21,-19,24,29,59,57
-4,63,30,-17,10,12,-15,-22,31,37,53,22
32,57,26,-39,7,48,-20,-21,2,44,44,45
28,75,30,-43,9,69,-27,-36,23,52,59,55
19,75,72,-31,-10,37,-60,-45,13,59,75,47
31,85,54,-51,1,39,-60,-37,6,65,93,69
30,122,67,-65,-24,92,-52,-48,26,54,67,60
37,103,60,-65,-23,102,-40,-37,17,68,68,83
44,111,69,-68,-6,117,-63,-39,33,81,115,60
43,111,74,-94,-29,107,-73,-45,34,75,114,75
48,133,86,-71,-22,133,-66,-62,46,101,125,112
45,128,70,-95,-6,120,-78,-59,53,130,106,100
57,143,84,-104,-46,114,-88,-68,52,87,120,101
61,159,100,-90,-25,141,-79,-53,51,122,148,113
66,157,97,-118,-42,129,-70,-66,43,114,143,133
47,158,117,-87,-34,135,-106,-65,55,126,158,118
60,165,130,-120,-21,155,-110,-88,33,133,163,128
55,182,138,-131,-47,165,-111,-89,52,120,186,158
70,203,152,-121,-26,161,-97,-84,55,152,166,142
42,196,152,-143,-44,187,-94,-72,65,157,180,155
77,208,136,-138,-39,182,-137,-101,59,171,189,140
65,201,127,-139,-38,210,-129,-106,70,180,221,161
96,238,167,-172,-64,195,-128,-72,52,171,207,159
74,237,149,-168,-34,221,-153,-87,58,174,206,170
70,238,152,-168,-28,200,-135,-94,69,194,221,162
88,271,161,-166,-33,194,-140,-101,67,193,237,155
102,251,179,-180,-49,220,-143,-86,121,186,243,186
101,245,184,-200,-37,221,-163,-123,64,175,245,185
88,277,176,-195,-39,231,-177,-107,102,224,264,193
86,299,169,-178,-45,230,-149,-100,87,220,253,204
85,286,179,-201,-51,232,-176,-124,99,221,251,206
99,291,208,-199,-42,238,-173,-134,96,222,264,197
127,301,204,-215,-31,256,-170,-139,88,212,246,214
108,316,222,-198,-70,245,-176,-133,86,239,277,221
111,315,227,-226,-53,265,-163,-132,92,238,293,225
109,317,194,-214,-57,278,-184,-131,82,244,291,226
98,315,227,-227,-42,261,-169,-128,105,221,302,216
117,334,206,-225,-48,288,-188,-134,85,256,296,242
106,346,211,-228,-53,271,-183,-117,79,270,282,238
102,318,217,-211,-66,282,-189,-149,91,246,294,229
121,346,231,-244,-50,289,-197,-159,112,246,309,237
121,350,227,-229,-34,273,-204,-129,86,260,290,248
139,356,210,-255,-65,272,-186,-153,104,248,317,248
134,355,204,-243,-41,283,-188,-119,98,258,298,235
111,326,226,-239,-54,314,-219,-147,84,256,307,245
133,349,246,-232,-61,286,-208,-153,107,264,322,262
137,353,223,-216,-66,294,-197,-137,116,245,315,243
105,335,216,-230,-51,290,-193,-158,118,264,301,255
121,354,228,-256,-48,279,-194,-147,104,253,327,230
116,340,247,-215,-63,275,-187,-160,102,269,314,248
118,368,226,-242,-56,286,-178,-142,130,270,321,235
122,343,199,-225,-73,301,-213,-119,97,266,300,242
100,351,203,-238,-49,292,-200,-148,90,247,311,246
117,351,172,-222,-40,255,-183,-114,121,272,296,224
132,331,219,-243,-46,288,-183,-124,83,256,292,245
126,338,212,-219,-60,269,-166,-130,85,270,291,222
124,313,199,-216,-59,266,-184,-109,88,258,303,226
113,305,190,-210,-57,269,-175,-146,110,246,308,227
112,314,185,-209,-59,264,-183,-122,106,218,272,225
99,299,197,-224,-41,259,-163,-118,119,219,253,223
83,298,210,-194,-50,247,-169,-133,75,232,275,207
96,290,167,-177,-55,252,-153,-132,81,219,266,215
105,289,209,-207,-62,247,-190,-108,97,223,258,206
98,280,189,-197,-30,226,-171,-107,115,189,263,209
89,292,185,-193,-38,228,-155,-93,88,197,257,213
101,279,154,-190,-63,234,-139,-82,92,186,214,190
81,237,153,-178,-25,191,-123,-77,69,174,246,199
71,234,174,-163,-36,214,-123,-63,95,197,233,190
99,224,153,-158,-41,214,-108,-91,84,182,241,177
75,245,159,-169,-47,201,-138,-88,64,209,208,172
77,221,160,-144,-45,213,-118,-76,69,185,217,150
61,216,142,-166,-41,204,-107,-96,60,167,195,157
55,186,124,-141,-31,152,-102,-85,83,164,192,137
85,216,115,-128,-40,169,-127,-89,73,143,187,127
63,180,128,-140,-35,149,-116,-88,50,164,179,148
76,183,107,-124,-33,148,-110,-81,56,146,177,101
47,149,112,-123,-32,162,-94,-73,59,114,152,112
52,174,120,-111,-30,139,-87,-55,49,128,137,123
49,174,114,-124,-12,140,-96,-82,66,101,140,109
35,134,106,-127,-39,129,-83,-60,44,102,139,81
55,139,85,-91,-20,122,-62,-38,36,106,135,75
49,125,80,-101,2,104,-72,-49,32,95,125,75
54,98,93,-77,-9,116,-69,-58,32,91,100,86
46,111,66,-81,6,126,-55,-39,29,90,83,75
44,97,65,-58,-17,103,-51,-41,36,72,100,60
38,98,78,-74,-32,90,-45,-59,16,75,75,93
11,72,79,-65,6,61,-46,-48,17,47,90,50
25,90,61,-57,-10,59,-47,-17,45,61,79,71
14,96,58,-57,-5,58,-28,-26,15,70,61,49
12,37,51,-53,-23,52,-35,-50,-10,55,61,45
16,58,54,-22,-18,46,-25,-17,15,46,57,34
18,56,43,-30,-12,41,-34,-40,21,46,41,41
11,35,39,-15,-21,27,-48,-22,12,32,37,24
6,35,21,-35,6,25,-30,-12,27,6,23,12
24,32,8,-21,-6,13,-21,9,-3,38,12,9
25,4,26,-28,-13,11,-19,-10,7,26,29,24
5,20,17,-2,-10,18,0,-3,1,7,24,-7
17,14,9,-5,-8,3,-19,-4,5,11,2,43
2,-9,9,3,6,3,-11,-4,-2,-3,4,22
2,19,1,30,18,-6,26,0,-3,-4,4,1
-12,-2,6,25,5,1,3,-9,-16,-21,-19,-8
-4,-20,-24,11,-21,-4,11,2,8,-25,-8,-41
-8,-13,4,4,13,-36,2,6,-20,-30,-10,-7
4,-29,-35,10,16,-23,25,-13,-17,-40,-27,-35
-22,-40,-4,27,4,-33,31,14,16,-17,-29,-10
-8,-17,-36,39,23,-16,26,24,10,-33,-20,-17
-14,-60,-32,27,15,-46,25,8,6,-30,-24,-32
-36,-43,-44,12,1,-45,28,0,-3,-39,-52,-37
-22,-29,-49,8,-2,-49,14,25,-23,-33,-53,-37
-20,-39,-12,24,5,-72,17,11,0,-41,-53,-32
-7,-32,-37,43,1,-42,64,20,-26,-34,-66,-57
-13,-66,-41,40,18,-57,45,15,-9,-35,-35,-32
-37,-60,-35,44,5,-44,45,28,-15,-65,-66,-36
-24,-62,-40,36,21,-55,35,35,-13,-52,-52,-41
-19,-38,-50,55,19,-45,55,19,-18,-53,-57,-33
-31,-51,-52,52,10,-52,52,39,-13,-44,-39,-53
-24,-63,-49,58,11,-60,40,13,-12,-31,-81,-80
-29,-62,-47,30,28,-54,20,48,-28,-53,-61,-60
-13,-63,-60,52,-14,-51,52,46,-35,-58,-76,-76
-11,-69,-51,42,20,-47,48,16,-27,-45,-66,-61
-35,-72,-52,47,17,-62,35,22,-20,-50,-87,-52
-33,-89,-50,38,15,-58,67,42,-9,-71,-47,-58
-19,-62,-41,48,2,-74,33,38,-30,-56,-104,-54
-14,-80,-48,43,1,-72,53,42,-31,-61,-70,-56
-40,-88,-60,61,16,-44,53,48,-7,-58,-62,-47
-33,-84,-68,67,17,-85,35,15,-29,-50,-93,-63
-43,-110,-48,58,17,-72,25,51,-33,-59,-84,-73
-32,-94,-49,45,18,-58,37,35,-30,-54,-74,-42
-11,-76,-54,68,2,-49,42,21,-35,-68,-64,-56
-29,-82,-51,64,8,-49,52,24,-36,-72,-80,-68
-36,-89,-82,59,16,-71,66,37,-44,-62,-85,-50
-41,-86,-39,85,14,-70,67,29,-19,-57,-70,-74
-21,-105,-57,70,1,-84,47,41,-15,-85,-89,-47
-32,-90,-70,60,7,-74,37,49,-33,-82,-90,-57
-39,-111,-74,55,5,-40,45,31,-46,-82,-73,-86
-34,-87,-49,49,-2,-86,68,29,-4,-61,-72,-40
-31,-103,-59,59,7,-87,60,23,-32,-88,-78,-86
-42,-93,-57,55,17,-72,30,39,-21,-62,-82,-66
-24,-78,-53,71,0,-86,47,48,-48,-48,-88,-80
-30,-78,-51,83,12,-67,46,46,-19,-74,-94,-72
-40,-69,-56,68,13,-86,70,52,-40,-70,-68,-50
-24,-120,-64,63,11,-86,57,43,-23,-50,-94,-73
-34,-89,-55,60,9,-74,45,23,-38,-79,-68,-76
-34,-100,-69,76,12,-52,57,35,-23,-99,-72,-76
-22,-98,-73,48,22,-80,63,38,-30,-61,-95,-78
-33,-95,-68,58,34,-89,29,27,-41,-64,-87,-80
-27,-63,-51,49,32,-103,71,40,-25,-72,-81,-38
-21,-107,-52,51,19,-73,56,73,-22,-60,-80,-49
-34,-103,-64,69,40,-84,48,20,-35,-89,-87,-85
-57,-78,-53,64,-15,-60,57,44,-49,-56,-52,-38
-41,-88,-70,45,9,-76,55,27,-27,-59,-85,-77
-48,-84,-46,69,11,-60,61,53,-22,-70,-82,-58
0,-84,-54,46,7,-89,53,50,-13,-55,-71,-46
-37,-86,-54,67,29,-85,45,35,-39,-63,-77,-57
-27,-86,-55,64,16,-79,64,35,-44,-87,-73,-74
-38,-90,-50,57,6,-67,78,33,-17,-81,-70,-65
-32,-83,-57,48,10,-75,43,23,-18,-71,-60,-53
-49,-101,-56,63,18,-100,52,28,-24,-70,-95,-66
-35,-92,-36,66,2,-100,67,57,-46,-63,-74,-88
-23,-90,-32,73,24,-58,51,57,-9,-53,-78,-61
-18,-72,-37,52,8,-77,63,38,-16,-56,-83,-64
-34,-96,-70,40,2,-76,58,37,-43,-63,-65,-48
-32,-94,-49,68,21,-68,50,36,-21,-70,-86,-73
-34,-96,-55,63,44,-75,29,54,-27,-78,-76,-46
-44,-79,-52,79,17,-66,40,26,-27,-56,-79,-63
-18,-65,-50,65,17,-40,66,20,-12,-52,-70,-93
-24,-83,-73,53,6,-59,39,21,-23,-62,-86,-59
-23,-58,-51,56,5,-67,41,28,-45,-78,-73,-75
-27,-81,-57,68,-16,-64,55,15,-24,-64,-94,-53
-32,-81,-82,50,18,-80,56,36,-32,-45,-88,-61
-29,-110,-61,52,10,-77,59,34,-26,-63,-65,-47
-15,-92,-63,59,12,-55,47,42,-31,-39,-86,-85
-33,-71,-50,39,17,-57,47,31,-19,-62,-57,-50
-7,-104,-57,74,13,-63,31,43,-9,-69,-68,-62
-40,-72,-66,49,9,-84,32,30,-55,-75,-82,-62
-36,-73,-57,54,2,-77,27,23,-29,-59,-92,-69
-29,-83,-51,55,-6,-70,51,25,-29,-72,-79,-80
-5,-79,-43,58,8,-52,62,20,-21,-71,-73,-53
-58,-81,-39,45,9,-75,59,33,-24,-58,-69,-75
-39,-69,-50,62,29,-83,46,39,-34,-47,-55,-47
-21,-96,-45,69,17,-48,43,1,-29,-65,-56,-46
-27,-73,-65,74,10,-60,46,20,-35,-56,-65,-24
-27,-76,-60,71,33,-70,28,46,-25,-71,-71,-64
-41,-81,-62,48,28,-50,40,34,-17,-62,-84,-57
-37,-96,-60,74,2,-88,34,18,-17,-73,-49,-35
-12,-89,-38,49,7,-66,27,14,-33,-59,-59,-50
-55,-69,-55,36,24,-61,58,33,-29,-72,-71,-50
-32,-80,-59,43,16,-53,58,19,-18,-65,-44,-46
-16,-63,-39,31,28,-63,50,50,-29,-70,-80,-63
-44,-98,-48,58,9,-77,50,49,-10,-58,-76,-60
-16,-72,-34,45,-5,-40,50,44,-15,-63,-55,-43
-19,-72,-12,46,24,-50,16,36,-21,-66,-70,-42
-4,-40,-33,49,8,-68,48,39,-24,-63,-56,-64
-20,-84,-46,48,10,-68,39,23,-29,-48,-58,-34
-36,-65,-35,22,17,-56,46,31,-21,-48,-86,-49
-30,-79,-34,47,18,-60,32,25,-26,-37,-62,-39
-26,-72,-62,52,26,-57,46,1,-13,-48,-64,-57
-7,-77,-51,40,26,-81,36,57,-16,-54,-59,-38
-18,-43,-54,45,4,-48,41,40,-26,-52,-49,-29
-24,-70,-44,66,4,-53,31,22,-3,-70,-60,-62
-20,-63,-52,44,-1,-44,50,50,-19,-58,-72,-34
-22,-77,-39,42,14,-57,49,1,-14,-51,-67,-50
-23,-71,-63,50,11,-56,33,16,-8,-71,-35,-33
-34,-75,-39,41,17,-51,46,13,-38,-50,-49,-25
-37,-73,-40,38,15,-63,50,24,-27,-44,-79,-60
-20,-63,-50,44,14,-62,41,37,-35,-68,-73,-51
-18,-52,-40,48,31,-58,19,7,-19,-37,-43,-34
-25,-57,-66,35,3,-70,33,31,-35,-39,-55,-40
-10,-72,-58,25,32,-41,43,16,-10,-46,-77,-37
-3,-71,-44,41,13,-57,36,20,-29,-33,-67,-56
-23,-56,-44,33,37,-42,53,18,-8,-39,-43,-50
-40,-58,-59,36,20,-34,35,17,-34,-51,-67,-39
-8,-66,-28,37,5,-35,33,44,-15,-50,-82,-45
-36,-59,-47,43,15,-59,53,27,-6,-33,-47,-45
-6,-51,-40,49,21,-57,25,11,-15,-64,-45,-31
-4,-49,-30,43,20,-50,21,12,-22,-52,-46,-44
-16,-47,-58,38,10,-51,35,41,-36,-61,-36,-57
-17,-47,-35,50,24,-49,29,25,-17,-44,-59,-32
-1,-55,-26,52,17,-48,24,18,-5,-46,-33,-24
-13,-50,-46,59,11,-57,31,17,16,-41,-38,-32
-24,-53,-51,53,4,-36,2,28,-22,-48,-50,-47
-3,-46,-32,34,12,-32,34,25,-4,-39,-27,-36
1,-53,-20,19,-6,-23,39,10,-21,-42,-13,-37
-16,-48,-40,46,36,-33,22,2,-6,-33,-46,-47
-12,-46,-42,29,28,-40,33,23,-18,-19,-31,-30
-14,-55,-33,30,5,-48,22,4,-26,-40,-52,-50
-22,-32,-32,45,-19,-46,27,21,-22,-39,-39,-8
-27,-39,-23,33,15,-45,56,16,-25,-54,-34,-39
-52,-54,-26,17,-8,-47,14,2,2,-71,-48,-28
-15,-36,-25,26,12,-42,19,38,-16,-38,-63,-35
-11,-41,-37,30,12,-33,40,20,-11,-36,-47,-20
-2,-51,-7,55,-12,-48,28,5,-8,-38,-41,-26
-27,-44,-14,30,5,-17,30,0,-28,-19,-37,-10
1,-16,-34,38,-7,-36,28,39,-17,-19,-45,-18
-24,-23,-13,47,-9,-46,31,15,-2,-44,-51,-19
-22,-26,-43,4,17,-31,19,0,-37,-36,-36,-14
-2,-12,-8,28,10,-21,-4,-7,-2,-16,-25,-50
-16,-37,-19,13,12,-19,29,20,-9,-25,-22,-38
-1,-13,-20,14,5,-28,0,31,-17,-12,-24,-25
-16,-18,-7,24,1,-35,-6,14,-15,15,-13,-9
-8,-31,-7,-5,-8,-15,14,-4,-2,-40,-13,1
-4,-9,14,9,9,7,25,1,16,-18,-15,-22
1,-5,-11,-17,-17,-17,14,-11,-22,-14,-19,-10
-12,-16,-4,10,11,-26,-14,3,-14,4,-18,-25
-10,-9,19,7,7,3,-9,37,15,4,-9,-25
9,-2,-22,6,-13,-12,9,-4,10,-8,1,9
13,4,-15,-10,11,11,0,2,11,-3,-13,10
17,25,8,-3,15,5,15,-26,15,-7,31,14
5,17,5,-9,2,12,-6,-6,0,17,-3,18
0,10,12,5,10,-1,-3,-10,15,22,-8,2
17,28,32,-19,-3,36,-15,8,-4,24,21,33
21,48,31,-32,-13,40,-9,-7,15,39,19,22
18,35,23,-27,3,42,-13,-7,11,24,37,28
22,79,32,-38,1,40,-18,-2,23,22,46,45
21,49,38,-59,-33,31,-10,-8,12,39,54,27
5,79,50,-13,-16,79,-39,-23,0,41,48,37
17,67,40,-47,-10,45,-19,-17,15,78,91,44
16,90,52,-46,-8,66,-43,-28,10,45,59,58
42,82,70,-53,-13,78,-38,-58,28,67,79,53
36,87,74,-94,-39,79,-56,-43,22,80,104,68
31,120,73,-93,13,94,-61,-46,33,66,123,71
50,119,99,-87,-27,87,-83,-17,32,84,112,75
35,131,87,-84,-22,110,-59,-65,33,105,116,95
41,130,81,-89,-31,102,-56,-55,29,115,132,101
51,160,92,-100,-29,130,-105,-52,48,96,143,99
37,156,104,-104,-28,143,-78,-42,34,111,139,106
73,154,111,-92,-15,135,-81,-48,37,122,136,96
46,200,117,-103,-26,124,-91,-73,63,137,161,113
63,166,99,-115,-20,142,-105,-97,72,124,151,101
67,177,107,-120,-34,138,-102,-81,52,149,180,127
56,183,117,-135,-24,171,-99,-96,47,127,179,123
82,213,158,-140,-30,175,-120,-96,59,146,188,153
66,251,152,-132,-53,167,-137,-83,63,162,161,143
78,238,160,-166,-7,191,-99,-100,64,160,213,151
52,210,145,-154,-24,176,-121,-72,60,169,201,149
90,240,134,-166,-33,190,-126,-81,67,179,187,136
80,258,150,-148,-34,174,-131,-104,92,174,225,164
64,239,142,-177,-56,182,-136,-104,57,178,209,175
79,230,162,-147,-47,204,-112,-101,95,171,238,163
74,245,182,-163,-28,215,-139,-98,62,193,226,178
71,245,157,-160,-25,202,-144,-98,89,185,213,198
100,259,173,-171,-46,210,-140,-111,68,180,228,176
88,251,162,-187,-47,231,-121,-88,62,188,228,182
88,246,139,-176,-38,232,-138,-114,55,191,236,193
83,252,163,-166,-35,217,-143,-93,72,204,211,186
103,268,159,-175,-30,216,-137,-94,82,195,247,167
71,237,173,-168,-34,205,-132,-83,77,188,217,180
90,244,168,-190,-13,201,-141,-103,66,191,237,172
71,225,140,-179,-49,193,-111,-102,87,186,229,170
108,241,168,-148,-52,200,-110,-114,69,194,215,156
67,236,137,-156,-50,174,-122,-101,69,168,221,163
68,202,165,-144,-42,209,-134,-81,68,194,207,160
82,211,166,-144,-30,201,-116,-92,69,145,190,144
78,200,131,-140,-56,185,-123,-64,99,177,176,151
84,208,136,-129,-48,177,-92,-84,73,154,186,157
65,209,138,-140,-40,183,-113,-88,59,125,158,156
45,187,116,-116,-31,156,-92,-70,90,135,188,130
95,208,138,-139,-24,155,-93,-70,51,148,151,149
60,162,105,-124,-26,154,-112,-56,57,136,156,114
77,177,84,-125,-26,163,-90,-74,51,135,162,143
65,154,89,-121,-34,154,-89,-74,48,120,162,153
43,147,107,-109,-21,139,-90,-57,46,110,139,120
46,134,81,-86,-23,125,-62,-51,17,100,117,116
25,129,92,-79,-9,119,-58,-48,21,80,124,76
35,118,89,-109,-34,109,-72,-26,38,89,98,75
51,124,69,-71,-6,109,-73,-64,23,82,97,75
49,105,56,-82,0,78,-53,-44,44,93,85,62
51,78,71,-50,-10,66,-54,-57,25,78,91,83
50,95,83,-54,-17,82,-44,-42,19,59,102,34
29,87,59,-70,-25,58,-38,-47,30,73,102,57
18,74,49,-36,-39,65,-27,-32,30,63,62,37
16,76,26,-41,-14,55,-38,-35,28,45,53,49
30,71,53,-46,-6,66,-40,-25,25,42,52,31
-11,51,36,-51,-19,40,-25,-34,5,35,42,41
6,41,22,-31,6,27,-37,4,21,41,37,40
13,55,13,-31,-12,21,-31,-1,11,43,37,37
19,49,10,-9,-21,40,-17,-55,11,24,51,32
9,29,15,-6,-8,9,-12,-35,-1,45,23,22
13,8,11,-9,12,5,0,-8,-8,26,33,27
15,24,10,2,-10,14,-9,7,-3,-3,16,10
27,24,19,-18,-1,13,-6,-21,17,25,20,11
2,14,-15,-10,-31,0,1,-11,-3,-11,-12,14
1,-3,-5,-3,14,5,-6,5,-8,-8,8,8
3,9,26,4,13,14,-13,-20,6,-3,14,1
0,15,2,-8,-17,-1,-5,-10,6,15,6,5
-12,8,-18,-12,-2,4,0,-10,-15,-17,22,9
-1,-7,-4,2,-8,-12,-18,2,4,8,3,22
22,-9,-1,-12,-5,4,1,-11,-14,-6,-5,-15
1,-9,-13,20,2,17,-1,15,-11,6,-20,-3
-19,16,-34,13,1,-14,11,7,10,-16,-38,-11
-9,8,-15,3,-4,-21,22,7,7,15,-12,4
-8,-11,3,20,-6,-8,29,8,-9,-11,-23,-10
-11,-9,-4,12,17,-20,8,-8,-22,-27,3,-14
-18,-24,-17,4,25,-25,1,22,-27,-16,-12,-26
-7,-24,-6,23,9,-24,-3,6,-8,-12,-34,-21
-14,-20,-10,12,12,-8,10,13,0,-5,-20,-35
7,-14,-21,16,-7,-11,20,7,-19,-26,-40,-28
19,-13,-27,18,3,-20,17,36,-15,-16,-37,-28
-23,-59,-31,25,12,-20,17,12,-8,-43,-23,-17
-8,-45,-37,41,15,-25,28,2,-2,-23,-30,-29
11,-60,-28,38,11,-37,29,35,-4,-48,-54,-20
-26,-59,-30,51,2,-27,34,29,-6,-34,-39,-42
-21,-67,-46,51,7,-44,53,37,-12,-47,-31,-64
-8,-79,-64,63,14,-75,63,44,-27,-43,-63,-53
-41,-92,-69,44,19,-76,50,41,-50,-81,-94,-50
-36,-98,-80,99,11,-82,60,49,-22,-75,-89,-75
-47,-116,-110,77,35,-109,71,45,-18,-94,-109,-66
-52,-116,-89,112,21,-110,83,50,-19,-106,-124,-95
-37,-150,-94,94,12,-110,85,57,-62,-114,-134,-96
-47,-169,-109,91,51,-132,68,77,-54,-110,-156,-105
-71,-179,-102,126,10,-138,92,75,-39,-122,-150,-103
-81,-178,-135,116,9,-166,84,70,-43,-138,-154,-131
-64,-169,-106,107,39,-133,85,53,-35,-135,-140,-113
-55,-169,-118,121,29,-149,96,80,-30,-118,-165,-130
-56,-149,-79,114,41,-124,98,66,-56,-114,-162,-133
-49,-150,-84,109,34,-133,115,70,-54,-113,-157,-129
-59,-110,-81,91,18,-103,83,54,-49,-97,-98,-98
-32,-106,-70,86,22,-76,51,33,-42,-71,-101,-73
-11,-65,-46,38,8,-63,27,22,3,-50,-40,-38
-19,-19,-22,5,-1,-1,15,-11,-12,-10,-18,-36
6,41,6,-27,-4,53,-14,-4,-3,34,34,32
15,100,100,-80,-13,84,-54,-40,13,88,88,76
57,193,86,-130,-39,137,-105,-67,73,142,157,123
90,260,187,-181,-36,229,-132,-97,89,195,236,188
116,346,220,-244,-53,274,-172,-140,79,273,332,235
170,468,284,-301,-67,386,-263,-162,137,326,397,327
202,522,365,-357,-87,445,-300,-235,170,408,489,416
235,640,410,-417,-93,557,-348,-259,188,518,591,431
264,747,488,-505,-90,616,-424,-307,224,551,678,528
305,871,552,-532,-139,710,-460,-351,253,615,759,600
337,924,617,-634,-143,802,-519,-359,294,688,830,656
362,983,652,-689,-133,813,-552,-403,307,740,895,687
356,1055,689,-720,-159,868,-597,-424,335,774,973,754
384,1113,708,-737,-176,913,-627,-429,330,797,1001,777
401,1117,729,-774,-155,943,-619,-429,326,837,991,757
380,1107,712,-737,-166,955,-596,-450,323,830,1006,788
375,1092,709,-735,-158,882,-598,-413,334,813,983,747
380,1054,686,-725,-157,870,-575,-425,317,782,940,736
364,977,650,-662,-155,804,-543,-412,275,743,884,689
318,911,608,-628,-138,742,-510,-367,263,689,823,660
291,830,541,-554,-125,689,-438,-328,246,633,749,571
233,736,470,-508,-97,604,-388,-299,218,532,683,517
219,631,424,-418,-102,503,-350,-255,197,454,541,439
179,513,329,-344,-72,426,-286,-216,168,385,466,380
148,391,257,-266,-67,336,-218,-156,144,307,368,274
106,282,176,-200,-41,259,-190,-127,111,237,286,221
62,206,123,-119,-28,160,-122,-75,83,154,205,140
51,141,71,-75,-24,60,-53,-46,45,89,79,52
18,41,3,-27,-8,4,-11,-28,-8,9,22,16
-29,-35,-24,50,6,-28,31,39,-10,-53,-48,-1
-43,-119,-63,72,19,-92,67,36,-36,-78,-91,-76
-33,-167,-107,102,8,-160,95,49,-37,-114,-142,-133
-69,-211,-130,146,22,-176,121,71,-75,-169,-180,-149
-98,-244,-166,163,32,-192,142,80,-82,-183,-225,-173
-88,-260,-160,176,31,-224,148,102,-80,-200,-238,-208
-108,-281,-180,180,40,-239,148,83,-67,-225,-265,-187
-100,-271,-188,192,54,-254,175,103,-91,-210,-251,-202
-93,-299,-191,188,49,-221,161,122,-91,-190,-246,-207
-107,-256,-173,205,19,-223,145,109,-90,-223,-237,-172
-85,-257,-185,199,43,-210,131,83,-68,-204,-240,-200
-105,-232,-158,147,42,-191,127,113,-77,-159,-212,-170
-88,-221,-133,161,28,-163,140,100,-68,-172,-192,-150
-74,-206,-119,130,42,-167,94,68,-53,-147,-176,-138
-56,-187,-104,123,11,-156,99,65,-60,-126,-170,-114
-29,-171,-122,107,17,-145,105,54,-42,-106,-137,-108
-48,-134,-70,83,16,-103,46,65,-32,-93,-117,-81
-30,-106,-74,84,2,-97,59,49,-26,-76,-99,-62
-36,-122,-94,66,0,-90,27,49,-25,-66,-82,-87
-47,-85,-36,61,2,-48,45,20,-26,-57,-46,-70
-25,-48,-45,36,10,-38,33,32,-17,-28,-34,-47
-20,-54,-31,17,14,-48,12,2,-20,-30,-54,-32
-1,-43,-21,28,-16,-49,18,5,-19,-39,-33,-16
-32,-22,-9,36,3,-15,11,-8,0,-44,-25,-27
-30,-15,-9,31,15,-6,-1,4,-13,0,-24,-36
6,-7,1,27,5,-22,4,-5,0,-20,-28,-11
0,-5,-2,27,13,-17,0,-33,4,4,-4,-45
5,-9,4,-7,13,20,19,2,-34,-7,10,10
-5,-4,-16,5,-9,-20,-11,-6,-1,0,9,13
-5,5,6,18,-6,17,34,-9,-6,-14,13,-3
-16,-10,-3,-20,16,-13,-10,-5,-9,-6,-12,4
20,13,-1,-1,13,-11,-33,7,0,4,14,15
-5,-15,10,-4,-12,12,-17,6,3,-22,-10,-8
-6,2,18,10,14,14,3,26,-1,14,3,-2
9,28,15,-16,-13,0,-19,-23,1,22,3,4
3,-2,-7,-1,-8,11,-26,-6,-8,23,-10,31
15,29,4,-6,7,-2,1,-8,-1,6,5,5
2,9,2,-23,1,4,-5,-4,-1,31,-4,9
7,25,11,-9,-2,-35,-21,-12,-1,31,6,22
13,22,4,-13,-12,10,-31,-22,7,33,-2,17
-12,5,10,-23,-4,12,-7,-31,-15,3,19,14
-15,12,23,-20,-6,16,-3,-10,1,13,5,28
1,34,4,-9,17,35,6,-13,7,0,17,15
29,25,16,-27,-15,46,-19,-15,2,17,40,26
6,48,16,-12,-7,21,-24,-17,39,7,24,15
6,24,12,-34,-6,15,-49,-8,25,28,31,42
23,39,22,-19,-13,15,-31,-17,9,20,27,6
11,32,29,-30,4,48,0,-18,4,31,37,15
-11,38,29,-2,24,51,-8,-28,23,17,42,16
10,39,33,-64,13,25,-26,-5,22,14,38,21
10,56,21,-40,-8,51,-22,-10,-1,21,48,20
21,42,29,-41,-37,53,-5,-26,24,33,55,32
30,47,29,-44,-9,37,-55,-39,11,28,54,49
18,63,38,-53,-13,47,-52,-33,12,36,61,43
21,80,23,-41,-30,60,-47,-12,12,65,35,55
27,77,61,-45,-2,43,-39,-26,30,38,63,52
32,74,41,-41,-43,51,-42,-42,43,45,66,29
24,79,42,-59,-3,96,-58,-33,48,51,59,70
51,75,71,-65,4,66,-60,-33,21,62,65,60
28,95,65,-54,-19,59,-35,-51,30,74,98,66
44,84,68,-61,-28,57,-61,-32,10,69,90,76
34,96,60,-73,-20,81,-59,-34,37,64,86,70
29,102,37,-62,-19,93,-76,-41,30,72,92,69
37,95,50,-60,-16,107,-67,-49,5,73,118,80
26,118,61,-81,-12,76,-75,-55,70,92,102,97
60,137,78,-83,3,86,-71,-35,34,87,97,75
25,109,90,-92,-34,81,-52,-61,36,94,124,87
42,144,86,-99,-15,100,-65,-57,53,103,111,100
70,141,77,-88,-15,118,-91,-37,47,91,129,78
64,144,89,-105,-9,128,-63,-74,44,112,142,89
51,141,106,-83,-35,114,-96,-47,61,102,133,101
53,180,97,-118,-9,120,-93,-71,42,124,144,101
55,178,72,-85,-27,148,-103,-68,36,143,169,102
42,203,130,-128,-47,140,-97,-59,64,138,140,124
76,183,119,-136,-29,153,-118,-97,35,159,165,132
64,180,140,-122,-41,156,-105,-86,59,134,204,153
62,197,123,-130,-39,152,-132,-93,58,156,177,148
87,188,133,-141,-28,170,-106,-84,48,142,191,140
86,216,131,-164,-37,189,-109,-89,61,149,174,152
77,221,154,-149,-43,195,-122,-87,79,181,189,155
90,221,145,-166,-4,200,-109,-87,94,181,194,167
76,250,138,-186,-12,199,-123,-102,83,194,234,179
88,253,178,-179,-53,210,-141,-93,76,179,264,186
107,280,172,-171,-59,232,-134,-117,76,185,238,159
96,263,164,-176,-36,218,-156,-108,75,225,243,194
100,281,178,-188,-44,245,-139,-103,91,201,257,175
89,283,176,-193,-65,240,-146,-85,97,213,253,198
88,277,172,-195,-42,231,-159,-114,109,208,256,210
109,303,197,-213,-42,257,-155,-126,109,213,289,220
80,286,216,-221,-48,255,-187,-134,93,239,279,219
124,324,180,-224,-76,259,-168,-106,95,244,323,219
93,316,211,-220,-41,243,-188,-149,112,258,288,215
119,345,213,-235,-48,294,-179,-115,86,244,323,252
121,335,223,-242,-21,292,-206,-148,95,257,309,243
137,349,214,-225,-45,296,-214,-166,91,226,334,247
139,344,228,-239,-39,312,-204,-122,114,278,323,261
114,368,237,-234,-52,316,-194,-142,103,272,309,249
118,374,254,-261,-64,317,-211,-135,93,262,343,262
148,382,229,-274,-52,313,-214,-169,89,285,326,243
132,400,233,-264,-84,323,-214,-152,135,266,346,260
150,408,248,-272,-53,303,-225,-166,134,295,342,279
143,418,256,-268,-44,345,-236,-165,100,286,364,283
147,410,261,-266,-64,361,-218,-186,131,307,350,284
167,420,278,-284,-69,340,-232,-178,114,290,386,306
136,425,278,-264,-75,351,-218,-172,118,304,354,282
168,410,270,-278,-72,368,-212,-162,120,318,386,304
165,416,263,-294,-81,362,-222,-144,127,327,393,311
183,434,277,-289,-64,361,-242,-177,130,322,387,304
142,444,286,-280,-91,359,-261,-176,121,322,399,300
131,424,287,-294,-56,340,-264,-185,152,316,394,282
142,427,292,-293,-86,369,-253,-171,111,339,386,292
180,449,294,-290,-75,385,-227,-177,122,319,400,313
166,435,287,-314,-90,384,-237,-189,156,323,391,315
179,443,297,-305,-60,369,-239,-198,125,323,420,313
149,433,287,-303,-96,363,-246,-180,144,358,411,327
177,444,292,-285,-57,349,-240,-168,130,336,419,317
147,439,283,-293,-64,363,-238,-176,147,329,398,307
163,441,278,-293,-71,357,-259,-183,139,329,404,312
173,445,301,-293,-66,373,-244,-187,132,348,394,297
167,457,279,-292,-74,358,-239,-165,104,321,384,315
134,465,297,-313,-71,360,-254,-166,137,366,391,302
173,452,296,-297,-70,362,-245,-154,149,335,386,306
151,414,288,-301,-72,349,-256,-173,136,301,397,290
157,456,284,-291,-52,332,-251,-170,117,338,385,288
148,424,280,-280,-59,345,-222,-190,117,317,404,284
160,415,268,-295,-69,348,-234,-164,119,315,358,316
130,429,271,-277,-87,354,-229,-173,144,313,409,294
152,412,277,-290,-46,345,-228,-146,130,308,406,288
140,399,252,-280,-43,346,-223,-184,125,336,371,283
136,415,256,-280,-65,338,-222,-163,124,295,376,286
133,367,259,-268,-70,334,-213,-148,136,282,346,287
121,383,240,-283,-52,323,-218,-144,105,285,357,282
124,400,255,-268,-72,324,-217,-149,128,285,347,280
155,385,243,-257,-40,322,-191,-154,126,302,346,289
124,354,233,-254,-53,318,-203,-156,118,277,335,251
112,353,245,-231,-49,302,-193,-134,105,259,306,243
101,353,229,-232,-64,301,-197,-142,96,271,318,257
139,335,200,-246,-61,294,-187,-123,132,235,316,239
128,367,205,-245,-28,290,-192,-123,83,256,302,224
118,314,218,-238,-27,263,-163,-109,112,233,306,226
106,348,218,-202,-48,259,-185,-126,83,234,270,233
104,321,202,-197,-53,257,-173,-125,88,252,297,232
103,294,201,-214,-54,243,-150,-113,99,202,266,196
84,315,203,-198,-42,264,-177,-128,115,219,270,223
116,255,154,-188,-50,227,-143,-107,120,226,264,209
111,281,187,-162,-40,220,-125,-108,91,210,246,182
96,270,156,-178,-30,213,-158,-108,65,192,250,186
95,236,176,-190,-30,236,-139,-106,92,198,221,180
97,243,166,-159,-41,186,-143,-97,67,197,215,178
95,235,150,-161,-28,203,-138,-114,77,178,218,161
86,218,148,-169,-24,194,-135,-88,54,165,221,168
71,206,129,-139,-35,193,-116,-103,77,175,204,136
69,226,164,-151,-35,178,-134,-84,64,152,188,151
84,206,138,-134,-20,145,-116,-69,68,146,186,155
49,182,127,-137,-23,164,-113,-84,54,145,178,139
82,192,114,-129,-34,173,-99,-74,67,144,158,132
83,167,104,-123,1,139,-108,-62,38,147,166,118
60,161,122,-113,-33,138,-88,-58,58,142,125,134
52,156,107,-128,-15,117,-104,-71,25,90,141,125
40,155,98,-106,-34,136,-86,-35,44,117,128,100
36,156,106,-108,-40,120,-69,-49,21,102,128,109
51,121,73,-77,-13,115,-75,-55,36,118,105,83
40,133,94,-109,-17,96,-70,-62,41,103,112,82
63,132,88,-77,-23,96,-62,-35,50,90,100,74
40,107,85,-51,-4,67,-59,-44,39,81,86,77
54,95,72,-84,-10,100,-56,-52,49,83,99,82
38,105,60,-80,-24,96,-59,-15,40,92,98,75
22,104,57,-61,-18,87,-60,-47,37,83,93,47
39,69,57,-60,-8,56,-41,-31,23,42,65,45
29,84,58,-66,5,95,-39,-26,18,42,81,82
30,58,49,-43,-28,90,-35,-35,12,58,81,47
22,67,55,-64,-9,62,-15,-37,10,52,47,50
31,69,48,-45,-26,43,-55,-29,23,42,48,32
22,69,44,-29,-10,54,-40,-19,22,61,44,30
27,104,45,-54,-17,53,-54,-19,5,63,35,48
15,44,28,-31,-21,56,-37,5,0,35,49,32
32,47,27,-31,-4,57,-45,-41,13,32,68,49
29,44,25,-18,-20,59,-34,-38,-1,52,52,27
10,38,35,-40,-1,44,-25,-25,13,34,47,27
2,34,36,-25,0,41,-25,-16,1,33,53,29
17,28,8,-16,-4,17,-31,-11,10,28,14,16
-6,32,34,-19,14,16,-10,-13,20,21,37,39
22,25,5,-12,-5,9,-28,-5,-2,42,30,23
-4,-1,3,-38,6,39,-9,-25,13,26,44,7
9,27,6,-29,3,3,-10,-2,9,9,35,13
10,17,5,2,24,35,15,5,-11,10,10,29
-6,14,24,-23,11,-8,-22,7,21,4,10,-9
-15,21,21,-10,5,11,-18,-6,0,22,18,-2
2,11,5,7,16,6,-6,-10,-8,-13,3,2
12,4,18,6,-9,-14,2,-18,-4,20,5,0
-4,-13,31,-4,-14,18,-5,-33,-1,8,-5,9
22,12,-6,-6,-31,27,-15,16,25,1,4,8
14,6,9,-8,7,2,-3,-2,7,-8,5,-17
12,6,22,-5,7,15,23,1,-12,-5,5,25
-18,-5,7,5,3,14,-1,-19,21,0,-6,7
-4,16,1,21,8,23,-13,-1,1,5,-2,-10
-23,-4,0,-9,-14,-8,-25,1,-5,8,-3,-1
17,-3,-2,-7,9,-9,6,-12,9,3,27,7
8,28,10,-8,-18,-17,-2,-19,-5,-8,6,-21
-8,4,-6,10,13,6,-16,-4,-1,-6,-13,5
8,-16,-16,-2,0,-19,8,25,11,15,-6,10
15,-20,-12,3,-24,5,8,-13,8,-13,-21,13
-28,14,1,15,9,-8,3,20,0,9,15,2
3,16,-12,6,-10,12,-5,6,-6,-1,9,16
-22,-4,-4,8,-8,6,-5,-10,1,10,-1,-7
-9,18,14,-2,2,-12,-9,-24,-1,-7,-9,5
9,-1,-2,-1,-28,12,-5,12,9,-4,-17,5
11,0,1,7,7,-15,8,-9,9,-10,-4,-12
2,-9,-7,-8,-4,-4,-16,19,-7,-4,23,3
14,-3,-10,5,7,-1,3,1,3,-11,-10,-10
11,-22,6,16,-9,13,9,1,-26,7,8,-4
-11,8,-9,19,-24,11,-5,-18,0,6,-5,-9
-15,16,-8,-13,-9,26,5,0,4,-9,15,-27
-1,0,-4,-3,-1,9,20,-8,1,5,-36,17
16,-7,-7,-7,-15,-15,10,15,8,-57,-13,4
8,9,-18,13,-2,-10,25,-3,-1,8,19,4
2,-27,-6,9,14,-5,12,1,-18,-1,-8,-4
-7,1,14,20,-10,-11,-25,4,-7,-12,-6,4
-5,-5,10,7,25,-13,9,15,4,-5,-22,-10
5,3,-22,1,5,4,23,9,1,-19,2,-13
15,-7,-3,17,-6,13,0,-9,11,9,-8,-22
1,4,3,-14,-17,1,2,7,5,2,5,6
-12,-10,8,2,5,8,-9,15,-3,-16,1,-10
2,4,-5,8,-5,-10,7,-8,-2,-4,7,5
-15,5,1,-8,3,9,17,4,-9,17,-12,0
-3,6,12,13,-5,-23,-20,-3,15,-7,1,18
-5,1,-8,10,-1,-8,-15,-25,-3,13,-6,23
-8,22,-5,-14,-5,-14,1,2,10,4,30,5
-7,-6,0,3,16,-1,0,-7,9,-7,-9,-14
9,0,-6,-7,14,-6,15,-11,16,11,7,-18
5,-7,-7,-9,18,-3,-11,4,5,-11,-4,-4
17,-1,-5,7,-22,9,9,18,17,4,0,12
12,-4,-10,9,4,-17,19,-5,0,17,-4,-3
7,-9,-10,7,-34,-18,-11,-12,8,13,-10,-23
10,-9,13,-8,-36,-21,20,-12,-12,-24,6,-2
21,-4,-6,7,-14,36,8,-3,-3,6,8,-20
6,-1,1,6,-9,-5,4,-7,1,-2,-11,0
-9,13,-12,15,9,-1,6,19,0,20,6,-11
9,3,19,-6,-2,-20,5,-3,7,-9,9,6
3,8,10,4,0,-14,9,12,17,-37,3,18
-13,-2,-9,-12,-6,14,4,-13,-1,-8,-1,-1
12,-2,10,1,0,8,-5,5,0,9,2,18
12,13,1,1,4,-1,6,-14,17,-10,14,6
-1,7,-4,3,6,-7,-12,20,0,-10,-2,21
11,17,-3,18,-7,1,9,1,5,-26,9,6
20,0,-9,8,1,21,7,23,-2,-7,-22,-2
1,0,-4,-12,-22,2,-3,3,-24,5,23,-11
6,13,-4,-29,10,14,-11,9,17,-11,-22,-2
6,-4,-2,-3,-9,4,10,-20,-7,12,12,0
25,14,11,-9,19,-1,-27,-7,11,-31,17,12
0,22,-9,1,9,15,-12,-8,-3,-15,15,1
-25,-3,-1,-21,-18,27,-14,19,8,9,30,-1
5,13,6,15,7,-11,16,5,-3,30,2,6
1,-2,11,7,7,8,-3,3,-17,16,1,23
24,-7,4,9,20,27,-6,-17,8,2,10,-5
-4,19,-5,-2,-17,-8,-5,-1,27,-11,6,-4
9,23,13,-8,13,16,10,-3,19,20,13,18
15,6,-10,-11,3,0,1,4,-11,12,-7,24
-4,38,21,-4,-20,-4,2,-18,11,13,-3,-3
-19,3,18,-4,-12,8,-7,3,-25,-4,9,6
9,21,18,5,-12,4,-5,-15,19,-1,-15,10
14,13,18,-28,15,-2,-15,-18,-10,-10,4,22
20,-7,-1,-18,15,-10,14,-9,6,9,21,0
-1,1,-4,-5,0,-3,-10,22,-10,19,24,9
6,16,6,-12,-1,22,5,-11,13,17,2,7
9,14,0,-15,-2,27,-10,-15,-2,14,17,18
29,-9,-9,9,0,13,-15,-9,15,2,-4,10
17,2,-6,2,-29,23,-11,-14,-2,4,30,-24
3,21,11,-8,-16,14,-6,-3,3,18,7,21
-3,22,-14,-15,7,17,-4,5,14,0,-7,13
4,0,-12,-8,-10,13,3,-27,-3,21,25,-17
-4,12,18,15,2,-1,-13,-13,25,21,12,14
15,9,29,-20,6,21,-5,9,0,5,5,12
-20,1,12,-15,-4,13,-20,-36,-12,-4,-13,18
11,0,-16,-4,-14,21,4,-7,-34,-16,6,13
17,24,22,-27,5,35,-24,-5,13,12,9,6
-8,3,1,-8,-14,15,-12,-5,1,12,-10,1
20,34,-11,-15,2,17,-17,-9,-2,-11,-1,17
-13,8,2,-1,-1,5,-9,-13,-1,20,4,15
-5,32,4,-24,2,2,18,4,1,11,4,2
22,2,-3,-23,-21,23,-9,3,3,29,10,-1
16,10,8,-7,4,13,-6,-12,-6,10,18,24
4,24,24,2,-18,5,-24,16,25,13,27,24
21,13,15,-18,-6,11,-19,6,-3,18,19,5
7,12,13,-18,-3,14,-11,7,12,3,18,33
-10,13,28,-17,-17,7,-20,-5,-6,11,5,5
20,13,35,-26,-10,3,5,6,-4,18,23,12
-16,28,39,-7,18,9,-4,-15,-6,14,-11,12
-9,6,8,-31,12,18,-9,-27,-12,-6,18,21
-11,1,18,-4,1,28,-38,-5,23,1,10,18
-2,16,12,-11,-1,26,-30,-7,-9,15,13,17
10,32,16,-11,1,16,-14,-4,22,3,9,-5
9,34,-19,-17,-22,17,-7,-25,-2,24,16,22
8,13,-7,-13,-2,25,-3,-5,16,26,4,-2
16,26,26,-17,13,36,-17,-7,12,29,-16,-8
8,26,15,-15,3,10,-7,3,1,7,34,36
23,14,12,-34,17,-3,6,-1,19,33,9,6
35,31,36,-17,1,20,-21,-12,-8,30,12,12
2,26,5,-15,-11,12,5,-10,22,20,15,38
0,17,2,-27,16,25,-16,-19,23,16,3,14
-17,38,33,-3,23,21,-34,-21,8,44,33,7
4,31,7,-8,-7,42,-23,-7,-7,42,14,21
17,20,37,-10,1,12,-12,-8,16,20,16,6
21,30,-2,-33,-14,13,-33,5,-2,39,30,30
15,28,22,-24,-8,22,-22,-21,8,36,26,22
7,26,11,-21,9,17,-13,8,19,29,39,16
23,24,32,-32,-19,31,-13,14,14,40,34,19
38,34,27,-23,0,30,-19,-20,3,8,21,22
15,46,22,-25,-15,15,-27,-8,3,33,38,36
13,29,44,-31,-14,27,4,2,13,22,20,30
20,56,35,-32,-8,27,-29,-9,27,34,48,28
19,34,33,-57,-5,38,-10,-15,33,50,41,-2
16,47,35,-33,-19,59,-32,-21,16,31,31,26
22,43,26,-52,-22,64,-50,-29,4,9,58,51
23,47,62,-63,6,46,-26,-42,12,42,51,53
24,75,55,-28,-17,12,-39,-10,30,44,54,47
13,62,50,-26,2,39,-54,-26,25,50,83,38
46,73,33,-32,6,87,-60,-29,35,67,71,59
39,75,20,-50,-9,94,-32,-39,24,62,102,42
43,85,74,-47,-9,53,-29,-39,7,60,69,52
26,94,75,-101,-7,54,-49,-26,15,62,69,75
11,99,56,-66,-13,84,-44,-32,33,65,96,63
29,112,69,-72,-14,86,-62,-50,23,89,106,58
44,110,64,-68,-15,89,-70,-36,0,67,96,58
23,126,57,-69,-30,91,-47,-19,47,90,97,76
39,141,77,-71,-3,98,-73,-55,36,80,114,96
36,140,89,-84,-6,100,-64,-49,39,94,104,95
43,158,98,-97,-27,132,-80,-53,21,98,107,107
61,150,74,-88,-25,139,-90,-87,59,119,109,117
40,190,74,-122,-24,137,-98,-63,56,110,129,114
63,164,127,-109,-27,150,-91,-60,60,117,142,114
31,160,110,-114,-2,131,-110,-74,61,135,164,114
74,174,138,-129,-52,146,-111,-82,36,154,198,149
49,184,123,-123,-35,159,-102,-68,48,153,153,140
55,174,119,-155,-18,156,-111,-71,52,131,205,158
49,206,152,-149,-27,159,-107,-88,65,145,181,121
74,209,142,-144,-43,194,-129,-89,65,169,203,149
90,223,164,-149,-33,194,-119,-82,66,155,217,177
80,230,168,-169,-34,173,-130,-76,62,186,214,182
101,252,183,-163,-52,228,-135,-87,67,165,210,171
85,260,154,-166,-46,198,-131,-90,81,210,224,160
85,243,181,-183,-6,202,-134,-114,75,223,229,178
79,234,183,-189,-32,210,-149,-120,77,200,231,194
83,271,160,-180,-29,220,-139,-116,70,178,247,212
79,278,155,-183,-18,230,-159,-113,91,203,268,188
125,242,176,-181,-37,226,-152,-111,63,192,233,188
79,285,177,-200,-34,228,-147,-127,65,211,245,204
93,284,178,-197,-46,234,-138,-119,98,217,252,208
93,281,190,-183,-36,246,-178,-110,98,203,279,195
107,293,186,-198,-62,274,-167,-134,73,238,261,215
101,309,197,-197,-40,235,-187,-112,84,219,279,211
122,313,199,-199,-44,237,-155,-115,89,213,263,218
108,325,198,-208,-39,256,-161,-115,115,224,282,199
101,310,192,-206,-44,260,-142,-138,110,238,275,218
111,297,199,-187,-32,243,-161,-125,96,221,275,228
121,295,184,-213,-48,234,-159,-102,94,216,266,222
97,304,182,-194,-56,259,-177,-140,102,219,283,208
118,281,179,-199,-46,256,-189,-137,81,234,267,201
99,305,195,-202,-33,231,-173,-107,78,214,268,206
91,275,179,-184,-51,232,-145,-117,117,216,269,189
55,293,168,-208,-36,238,-170,-106,91,238,256,190
74,289,203,-171,-49,212,-132,-114,95,226,258,183
94,261,184,-171,-42,233,-156,-139,87,204,217,205
93,253,177,-174,-26,226,-160,-94,83,185,244,180
108,266,162,-179,-40,229,-137,-129,79,227,218,185
82,250,154,-168,-19,223,-134,-124,65,195,236,167
68,231,153,-150,-36,198,-135,-96,85,193,210,188
91,240,162,-144,-34,191,-114,-84,60,154,185,147
74,227,132,-129,-43,177,-112,-81,60,177,209,143
68,238,149,-145,-40,173,-119,-104,78,154,197,140
75,218,124,-117,-16,194,-116,-96,61,165,214,161
36,191,131,-114,-27,167,-112,-71,63,160,178,135
53,191,125,-132,-17,167,-108,-67,40,145,167,121
54,167,138,-113,-15,141,-104,-90,50,139,156,120
58,167,105,-129,-15,148,-102,-61,66,106,162,109
69,167,123,-117,-28,140,-83,-79,43,109,142,123
56,155,104,-121,-31,120,-92,-49,50,105,127,96
41,132,95,-92,-5,134,-72,-52,52,114,122,99
39,145,88,-94,-49,105,-83,-47,42,108,128,76
50,126,61,-86,-8,114,-83,-41,41,101,117,99
53,109,69,-86,-19,92,-60,-45,30,96,111,87
48,122,86,-60,-25,70,-88,-26,29,85,92,89
48,83,51,-67,-21,84,-60,-64,24,93,117,67
31,99,75,-40,-6,78,-57,-49,20,89,79,83
48,73,66,-42,-18,57,-40,-29,36,43,63,68
45,73,54,-66,-34,104,-47,-14,8,49,97,52
48,85,52,-61,-34,69,-44,-28,33,63,64,56
25,83,50,-47,12,51,-38,-29,30,66,79,44
26,75,60,-40,-10,42,-49,-33,20,44,48,55
15,70,30,-61,-1,70,-34,2,6,64,65,34
11,46,46,-43,-19,52,-31,-35,4,40,76,41
3,48,53,-47,3,26,-27,8,35,31,67,31
15,46,32,-20,4,23,-26,-24,32,46,45,38
2,54,34,-25,1,37,-33,-11,31,41,51,39
15,49,40,-17,10,27,-35,-9,7,30,47,23
0,32,39,-31,-6,39,-40,-15,24,44,36,24
14,57,42,-44,-5,14,-23,-33,21,26,39,27
5,7,23,-16,1,26,-10,-13,10,43,7,6
10,42,22,-13,6,42,-10,-21,5,33,22,13
0,18,18,-12,-2,23,5,-28,1,9,40,36
11,30,44,-10,-22,47,-23,-27,26,28,47,25
21,27,11,-24,-8,18,-4,-8,20,12,27,23
-1,30,40,-3,-25,8,-15,-17,12,26,21,11
4,13,23,9,-10,37,-29,-1,-16,14,22,-4
-12,21,16,-20,11,6,-21,-4,16,6,4,10
26,19,12,-8,6,25,-8,6,3,15,14,33
-16,3,13,-9,9,10,9,-11,-3,20,8,21
11,-10,6,2,1,20,-6,-20,-7,11,15,0
21,13,18,-19,-11,-17,-2,-14,3,-3,12,-5
11,8,13,-20,9,6,14,-30,20,5,4,5
-8,-3,3,9,9,0,21,-6,-2,-28,-15,0
-28,-28,-21,13,-1,9,10,9,-13,-20,-16,-11
-14,-44,-21,13,-13,-23,18,28,-7,-15,-40,-11
-25,-36,-11,53,6,-38,24,23,-22,-17,-36,-7
-41,-37,-52,28,-8,-40,19,35,-18,-44,-33,-31
-29,-83,-24,34,20,-30,33,12,-12,-33,-49,-24
-25,-95,-63,45,1,-44,46,41,-15,-68,-71,-52
-32,-99,-84,70,8,-63,57,26,-40,-67,-75,-51
-50,-84,-48,76,25,-85,84,28,-15,-69,-87,-81
-38,-102,-70,58,32,-105,81,29,-17,-76,-91,-79
-50,-113,-92,92,25,-95,59,63,-47,-99,-128,-104
-35,-141,-92,87,36,-97,78,52,-36,-107,-146,-84
-51,-146,-80,107,40,-98,77,42,-22,-80,-114,-92
-58,-160,-85,100,18,-100,77,62,-39,-96,-125,-90
-51,-135,-90,96,31,-101,74,47,-41,-95,-141,-79
-14,-119,-82,71,-7,-92,49,30,-69,-84,-115,-87
-39,-96,-80,88,11,-102,71,31,-20,-101,-95,-69
-25,-104,-40,81,4,-69,47,41,-30,-78,-82,-66
-34,-63,-21,40,15,-41,26,34,-14,-41,-62,-49
-10,-22,-12,19,1,1,11,9,11,-12,-15,-17
30,45,25,-20,-18,26,-28,-16,12,30,24,36
33,87,62,-62,-19,71,-71,-34,46,89,76,49
45,140,131,-113,-16,153,-109,-59,52,105,136,107
74,266,183,-183,-53,196,-110,-69,66,172,230,162
109,319,222,-247,-66,282,-192,-128,91,242,315,240
155,441,275,-283,-75,354,-228,-165,118,305,382,283
197,527,331,-337,-80,410,-278,-214,157,385,507,384
223,607,400,-422,-91,511,-340,-248,181,483,575,434
251,714,479,-480,-134,615,-404,-283,224,520,635,493
271,820,545,-550,-128,676,-444,-324,251,623,733,567
330,900,591,-625,-163,756,-497,-359,297,682,830,631
348,1002,654,-683,-157,820,-554,-390,287,727,896,697
374,1054,694,-729,-132,891,-594,-426,316,790,937,724
428,1123,722,-744,-159,907,-612,-439,332,827,1009,786
380,1123,745,-779,-159,944,-630,-460,334,875,1023,808
407,1156,731,-780,-158,949,-632,-456,341,853,1011,789
401,1144,728,-759,-156,963,-617,-472,342,866,1023,767
404,1118,728,-759,-174,902,-601,-450,331,828,1012,798
363,1069,684,-730,-146,849,-571,-415,331,779,956,735
338,980,659,-680,-139,832,-538,-400,306,736,894,682
310,934,587,-639,-131,747,-507,-358,272,682,819,645
260,822,536,-561,-107,672,-456,-301,251,602,749,572
249,710,463,-471,-93,588,-392,-266,203,541,625,480
202,610,399,-396,-76,511,-341,-239,199,465,549,426
176,496,328,-328,-68,403,-271,-210,159,378,439,351
131,398,248,-251,-48,304,-232,-154,140,290,324,274
131,301,189,-205,-46,231,-165,-117,73,222,264,190
56,179,148,-132,-21,166,-85,-90,41,144,197,154
29,119,63,-74,-15,101,-63,-25,30,86,103,74
3,20,17,-11,-25,11,-11,-6,-5,29,2,6
-15,-32,-22,40,9,-47,0,17,-11,-41,-39,-29
-35,-96,-67,65,21,-95,58,46,-27,-76,-84,-54
-62,-133,-82,108,42,-124,86,63,-30,-107,-120,-84
-56,-184,-105,122,28,-152,85,56,-44,-144,-149,-127
-65,-221,-119,140,20,-169,135,95,-58,-132,-207,-156
-98,-224,-172,146,37,-195,118,83,-83,-158,-195,-148
-90,-258,-158,156,50,-202,146,101,-45,-158,-206,-145
-80,-223,-152,140,49,-201,139,105,-79,-172,-209,-169
-68,-221,-129,141,28,-173,124,71,-88,-170,-193,-156
-49,-211,-133,141,48,-151,113,91,-56,-140,-183,-139
