I,II,III,aVR,aVL,aVF,V1,V2,V3,V4,V5,V6
333,977,648,-694,-123,818,-554,-405,308,748,898,687
364,1002,633,-662,-146,815,-555,-378,308,753,871,696
339,940,602,-650,-138,812,-505,-361,271,690,862,677
316,864,588,-591,-121,737,-475,-365,261,686,796,614
304,807,513,-547,-114,661,-432,-321,208,606,727,575
241,711,472,-496,-123,584,-389,-290,216,538,640,513
204,596,399,-393,-92,504,-306,-229,191,434,535,430
178,498,325,-324,-60,427,-261,-198,169,384,438,351
134,387,238,-251,-43,311,-202,-142,101,267,346,288
102,250,189,-187,-44,246,-150,-86,84,190,246,190
47,171,114,-124,-20,144,-85,-71,53,132,142,117
25,51,46,-51,-4,68,-50,-27,11,66,48,52
-1,-17,0,30,9,-2,-2,-2,-5,-5,-7,-20
-38,-106,-64,79,20,-77,61,37,-23,-98,-76,-50
-47,-141,-103,114,2,-146,101,81,-56,-122,-145,-119
-82,-207,-118,147,18,-165,150,82,-58,-154,-213,-158
-82,-277,-171,180,38,-202,159,107,-80,-210,-226,-175
-114,-281,-207,213,58,-238,177,125,-81,-221,-259,-200
-98,-269,-185,213,47,-240,167,126,-84,-245,-274,-208
-123,-325,-222,212,42,-265,185,111,-103,-239,-296,-231
-98,-317,-205,221,56,-296,158,128,-109,-236,-273,-220
-99,-308,-221,187,58,-256,173,106,-78,-221,-294,-220
-115,-300,-190,183,42,-243,170,97,-97,-224,-261,-176
-92,-276,-186,177,29,-241,153,107,-90,-211,-254,-186
-77,-281,-193,182,32,-198,128,94,-65,-173,-213,-179
-86,-224,-155,163,26,-201,128,97,-68,-197,-193,-145
-77,-211,-143,114,60,-169,112,101,-43,-149,-199,-132
-55,-184,-155,120,22,-137,93,63,-61,-123,-189,-122
-60,-156,-98,89,22,-136,98,71,-36,-122,-135,-134
-46,-134,-80,96,20,-111,59,65,-32,-110,-132,-77
-26,-119,-113,96,4,-118,83,61,-35,-100,-96,-89
-42,-137,-60,67,7,-96,53,27,-33,-76,-115,-73
-23,-73,-63,81,8,-77,50,46,-43,-55,-89,-80
-39,-89,-46,61,28,-54,35,59,-23,-74,-71,-68
-11,-68,-50,30,40,-74,36,23,-10,-48,-64,-38
-27,-80,-39,34,44,-58,23,26,-19,-47,-73,-37
-16,-95,-56,39,11,-42,31,-3,-28,-40,-50,-46
-43,-57,-58,29,10,-45,42,9,-37,-53,-54,-38
-28,-33,-39,31,0,-51,24,17,-29,-35,-44,-46
-15,-51,-53,36,8,-48,43,13,-19,-49,-47,-26
-36,-54,-42,28,11,-44,34,12,-23,-47,-58,-46
-35,-15,-45,25,11,-27,18,11,-26,-47,-33,-29
-16,-54,-24,31,28,-62,22,-2,-3,-29,-72,-32
3,-78,-11,33,-6,-37,23,9,-2,-37,-46,-28
9,-60,-21,38,5,-56,41,0,-12,-19,-44,-28
4,-21,-20,41,3,-22,7,8,-17,-9,-25,-34
-31,-43,-21,34,7,-30,38,3,-16,-21,-33,-35
-2,-37,-24,19,13,-35,19,5,-28,-7,-30,-21
-10,-5,-22,36,10,-12,22,14,-9,-27,-11,-15
-17,-24,-18,2,5,-25,20,2,-9,-38,-48,-39
-8,-19,-17,14,8,-20,21,-11,-7,-15,-15,-5
-10,0,9,15,-12,-13,5,4,-28,-6,-33,-44
7,-13,-17,12,9,-10,2,-4,13,-9,-11,-5
9,-20,-3,-10,11,-19,16,7,-11,-20,-9,-15
6,-6,11,20,31,-17,14,14,0,10,-16,3
8,15,-14,2,11,-8,5,6,7,-1,0,-19
16,6,4,3,-15,-14,-19,-14,26,-12,-16,4
1,8,-13,-12,8,-17,26,2,-9,10,10,-15
-17,-13,6,10,2,-1,-9,19,-4,2,-22,8
10,-6,0,-3,-11,5,5,-2,20,7,17,-9
-2,15,23,5,1,25,-30,-2,15,-11,2,13
0,11,11,-33,-7,5,12,-15,20,-1,10,-5
-5,29,9,-32,6,19,-11,-11,-5,14,34,17
8,35,34,-2,17,28,-11,-7,26,22,47,28
16,35,30,-2,-21,37,-5,-7,17,7,29,15
0,48,25,-44,-12,29,-13,-54,19,27,34,40
18,59,9,-33,-10,42,-33,-24,18,41,43,29
15,35,25,-32,3,38,-39,-12,2,33,42,35
31,50,49,-57,-1,61,-31,-25,23,47,67,43
8,68,54,-41,-4,60,-28,-32,-16,49,68,46
20,45,31,-44,-27,54,-27,-12,18,48,51,54
33,76,22,-63,-10,69,-56,-38,11,59,83,74
19,88,60,-59,3,82,-57,-32,35,65,63,82
32,77,52,-76,-9,90,-62,-38,34,52,77,71
44,120,57,-82,-27,87,-61,-42,23,86,78,74
33,127,51,-95,-11,87,-63,-67,31,73,91,91
42,132,83,-105,-57,108,-46,-52,31,82,125,101
33,130,67,-72,-21,106,-80,-37,31,118,114,91
40,136,84,-97,-17,113,-67,-47,29,100,117,96
53,135,88,-105,-31,130,-90,-54,48,105,139,114
59,152,122,-121,-13,141,-93,-46,18,134,129,108
74,148,116,-94,-28,141,-79,-69,65,111,156,126
60,175,110,-130,-32,154,-93,-70,33,163,154,118
57,163,123,-136,-40,155,-121,-72,30,153,201,133
81,184,126,-138,-29,168,-100,-76,64,141,200,128
65,221,111,-127,-38,152,-111,-97,81,152,183,148
85,233,144,-120,-54,180,-91,-72,73,175,170,188
81,222,156,-142,-21,191,-116,-81,48,174,200,130
65,210,171,-140,-24,180,-129,-77,66,186,229,158
85,245,143,-147,-37,198,-150,-87,58,186,207,157
99,244,159,-164,-37,212,-119,-93,81,194,215,178
89,273,151,-174,-48,245,-159,-120,62,193,247,184
97,268,180,-185,-58,223,-121,-102,75,190,241,178
90,276,173,-177,-42,242,-142,-114,83,212,237,199
118,286,183,-201,-34,244,-146,-128,76,201,226,193
93,280,197,-198,-20,247,-152,-110,78,230,253,191
91,309,179,-207,-36,228,-151,-114,104,216,277,196
90,304,203,-207,-26,265,-171,-116,98,245,274,205
94,298,225,-227,-42,267,-161,-116,112,225,274,201
128,315,209,-212,-53,262,-173,-132,72,241,300,237
128,327,203,-199,-72,263,-195,-132,114,224,290,244
110,342,216,-237,-36,269,-184,-122,101,255,278,230
112,346,234,-244,-54,275,-187,-128,93,252,292,226
112,337,221,-248,-34,274,-183,-140,105,245,310,231
100,336,238,-243,-39,277,-180,-139,92,240,317,242
115,329,222,-238,-44,274,-193,-131,116,241,320,232
97,364,246,-233,-49,282,-188,-146,102,261,326,236
120,359,222,-261,-51,292,-185,-127,102,274,322,243
119,389,229,-257,-49,298,-197,-135,111,256,318,259
119,364,233,-235,-62,286,-210,-124,104,260,336,241
114,367,218,-257,-50,308,-206,-132,113,247,341,260
118,366,224,-252,-35,304,-180,-135,116,279,329,249
135,386,223,-256,-59,312,-188,-150,117,266,326,249
133,338,236,-251,-63,291,-205,-139,120,270,330,265
116,367,242,-260,-41,303,-218,-134,120,262,321,256
108,353,256,-244,-50,327,-218,-132,127,270,333,249
132,352,249,-242,-64,293,-188,-150,112,250,322,256
125,364,255,-236,-54,276,-184,-149,126,253,285,232
113,348,216,-241,-57,304,-186,-130,93,285,309,241
108,340,251,-256,-47,303,-179,-143,90,278,319,231
118,339,226,-224,-67,295,-186,-132,115,264,301,256
115,325,216,-232,-57,274,-184,-138,96,265,299,226
121,357,236,-219,-69,274,-182,-145,95,275,306,235
104,332,199,-208,-64,273,-176,-140,82,257,300,213
107,319,213,-224,-26,270,-185,-134,111,249,280,203
113,302,200,-210,-62,250,-177,-114,110,235,293,218
110,305,193,-216,-28,273,-174,-120,105,234,269,220
110,305,185,-223,-45,215,-159,-108,85,213,285,204
127,282,201,-192,-47,261,-164,-125,102,222,267,191
116,299,192,-198,-57,239,-169,-109,106,208,267,197
80,285,186,-196,-50,237,-162,-121,95,196,263,197
66,268,184,-175,-42,220,-148,-99,92,181,238,176
113,253,172,-165,-37,222,-164,-120,70,187,219,174
80,252,167,-197,-41,208,-142,-104,62,158,241,190
82,230,171,-171,-26,193,-121,-110,76,168,225,181
48,243,154,-166,-34,184,-108,-69,28,164,214,166
80,203,148,-156,-13,193,-136,-80,92,165,222,149
47,226,141,-141,-38,188,-128,-113,70,170,194,146
75,197,120,-155,-29,172,-103,-93,57,132,188,148
68,197,116,-138,-40,156,-111,-72,54,147,180,135
73,191,141,-129,-35,170,-97,-62,33,147,147,119
70,180,115,-129,-30,144,-100,-61,56,127,145,134
50,186,126,-118,-21,148,-113,-76,50,135,154,117
54,167,130,-114,4,132,-111,-62,48,141,140,93
50,172,91,-90,-33,120,-77,-46,35,123,117,111
34,144,102,-105,-23,131,-82,-58,44,125,128,111
45,139,94,-93,-17,100,-67,-78,40,103,123,95
55,128,92,-76,-40,109,-75,-60,30,76,100,90
45,142,96,-99,-32,83,-79,-39,39,91,124,58
48,112,81,-50,-12,96,-55,-19,38,97,79,69
60,119,64,-54,-13,84,-39,-52,24,96,99,76
24,124,50,-70,-8,68,-54,-46,36,69,96,68
22,88,76,-66,-20,72,-39,-25,10,63,84,70
30,100,46,-70,1,58,-28,-38,40,78,76,54
24,76,30,-34,0,53,-53,-22,24,39,45,58
32,55,45,-44,-25,61,-45,-42,48,30,55,50
11,46,17,-56,-22,59,-29,-26,15,30,55,46
16,57,33,-34,-11,28,-32,-24,8,21,40,65
3,45,28,-48,7,51,-31,-23,17,36,45,27
0,30,10,-32,-5,8,-34,-23,27,29,49,15
16,18,24,-25,-6,15,-32,-25,16,11,50,11
10,12,8,-6,-8,21,-21,-12,8,20,31,25
8,22,25,-4,-4,28,-38,-14,17,-4,29,15
-1,11,33,-28,-18,22,1,6,-6,2,-9,6
2,6,-6,-6,-18,4,12,-15,11,4,16,8
-5,-3,16,-8,5,-4,2,-1,-8,33,11,-1
-12,28,1,-3,14,-6,-13,0,1,0,6,5
-9,-20,16,-6,23,8,-11,6,8,7,8,-2
-7,-32,-6,-3,-9,-6,-2,-10,3,9,-17,-25
6,-8,-5,25,-6,-25,5,-2,-15,-4,-12,-8
0,-18,-23,24,2,-10,8,18,-2,-1,-24,-10
-6,-18,-19,29,4,-3,6,10,7,-42,-25,5
-14,-12,-21,32,14,-21,6,13,-3,-30,-12,-9
-6,-13,-5,20,-10,-20,-8,14,-4,2,-16,-33
-3,-35,-43,42,34,-23,10,-8,-6,-8,-33,-28
-4,-27,-3,20,19,-8,3,15,-22,-17,-34,-21
-10,-26,-31,38,10,-32,19,3,3,-35,-37,-14
10,-23,-31,21,0,-38,39,23,-10,-30,-57,-2
-15,-18,-38,20,3,-9,23,14,10,-37,-38,10
2,-39,-21,41,13,-54,36,11,-21,-16,-35,-16
-10,-50,-43,37,23,-44,41,17,-8,-32,-20,-18
-16,-53,-19,17,8,-50,24,0,2,-41,-37,-24
-5,-45,-37,19,-2,-40,-6,7,11,-25,-37,-37
-5,-64,-30,6,-5,-39,22,22,-4,-38,-68,-30
3,-42,-30,20,2,-28,43,11,-19,-34,-47,-3
-7,-19,-27,38,22,-61,15,22,-9,-29,-50,-23
-19,-45,-38,50,-17,-37,27,18,-40,-64,-53,-14
-35,-21,-22,16,-14,-21,20,4,1,-29,-53,-25
-9,-50,-16,19,18,-34,31,38,-5,-35,-59,-31
-25,-42,-29,36,27,-56,27,13,-8,-43,-40,-21
-4,-53,-58,23,26,-9,57,20,-2,-35,-36,-35
-24,-64,-64,46,16,-44,41,-7,12,-48,-24,-28
-20,-43,-56,64,14,-57,15,6,-26,-25,-35,-37
-32,-66,-48,14,0,-19,25,4,7,-31,-40,-10
-21,-59,-43,32,14,-36,33,19,-23,-40,-56,-52
-17,-48,-27,47,23,-42,7,18,-23,-39,-49,-30
-20,-29,-43,36,19,-42,20,1,-28,-58,-47,-21
-22,-59,-35,22,17,-48,34,40,-19,-23,-33,-45
-19,-56,-29,24,13,-43,31,0,-32,-14,-39,-36
-1,-34,-14,28,-22,-32,29,7,-29,-35,-43,-42
-6,-64,-31,59,-9,-53,26,19,-7,-51,-69,-55
-15,-66,-42,25,-13,-62,32,6,-4,-45,-36,-46
-11,-52,-30,51,-1,-19,35,22,-26,-18,-54,-52
-10,-73,-14,32,12,-60,24,14,-43,-41,-56,-25
-37,-59,-23,27,21,-36,22,24,3,-9,-37,-32
-24,-43,-46,10,13,-34,27,18,-25,-36,-44,-40
-6,-51,-57,34,7,-41,28,40,-20,-40,-35,-52
-15,-68,-43,41,5,-14,17,29,-32,-27,-38,-42
-11,-55,-37,33,21,-33,2,27,-20,-25,-59,-47
-41,-58,-31,45,36,-23,27,18,-20,-53,-48,-49
-35,-38,-27,28,-6,-67,20,4,6,-27,-34,-37
-10,-21,-22,52,5,-63,17,21,-5,-45,-35,-51
-18,-36,-42,38,25,-48,28,13,-27,-43,-28,-28
-12,-36,-17,25,-3,-43,18,23,0,-47,-40,-9
-15,-39,-2,45,12,-39,6,16,-23,-44,-33,-27
-3,-36,-19,9,17,-25,13,14,-15,-27,-39,-27
1,-65,-16,58,-8,-39,26,9,-11,-43,-42,-25
-36,-89,-46,12,-4,-19,23,11,-34,-52,-33,-44
-11,-34,-16,19,-2,-45,50,26,-4,-7,-51,-50
-16,-39,-44,23,6,-41,8,30,-24,-31,-35,-30
-23,-40,-23,41,18,-35,4,8,-11,-48,-47,-29
-19,-29,-41,39,16,-33,2,16,-10,-14,-50,-21
-26,-40,-23,10,2,-34,23,-3,-25,-31,-65,-42
-8,-44,-36,39,0,-33,25,25,-5,-46,-16,-10
-8,-49,-23,52,0,-31,13,10,-18,-46,-30,-16
-11,-45,-18,38,13,-26,29,7,-7,-30,-23,-27
-20,-45,-27,49,17,-32,15,29,-18,-47,-41,-50
-18,-44,-22,12,-21,-48,32,0,-16,-22,-46,-22
-20,-42,-38,34,22,-19,13,18,-15,-21,-26,-23
-1,-12,-13,16,10,6,16,28,-4,-29,-36,-34
-12,-28,-35,40,7,-36,-12,27,-6,-38,-33,-32
-25,-48,-32,39,-22,-42,20,24,-14,-17,-46,-28
-17,-49,-15,1,7,-25,32,20,-32,-34,-44,-17
-8,-26,-35,46,4,-23,-2,8,0,-31,-40,-28
-13,-30,1,3,11,-25,23,20,15,-34,-32,-34
10,-16,-12,37,2,-17,13,21,5,-19,-49,-14
-14,-83,-16,30,-6,-29,-2,20,11,-9,-42,-14
-2,-55,5,28,-1,-20,22,42,-24,-31,-49,-21
-10,-35,-12,35,-20,-22,5,27,18,-37,-45,-52
-8,-33,-31,23,-7,-28,34,1,-8,-27,-28,-25
-2,-38,-25,16,13,-25,49,11,9,-15,-27,-36
-14,-30,-24,33,2,-21,10,5,-2,-16,-58,-17
-22,-46,-12,9,3,-20,18,-2,13,-9,-39,-26
-18,-36,-7,6,13,-3,27,11,5,-29,-16,-28
0,4,-14,9,14,-20,20,-9,2,-22,-10,-30
-10,-43,-20,6,-20,-20,36,8,-3,-18,-39,6
10,-28,-29,18,7,-28,-1,22,-33,-41,-31,-34
4,-44,-21,27,-6,-18,22,11,10,-10,-5,-21
-35,-39,-13,25,6,-27,8,12,13,-24,-23,-31
-2,-51,-15,42,25,-9,15,16,-11,-28,-9,-19
-14,-32,-24,13,35,-7,19,13,6,-35,-23,-10
20,-20,-19,16,9,-38,20,13,-4,-6,-50,-29
-11,-23,-29,31,-7,-37,10,16,-26,-16,-21,-11
-13,-35,-22,11,5,-37,41,3,-12,-12,-28,-6
-11,-20,-23,10,11,-16,-1,-2,3,-20,-30,-31
-6,-7,3,25,-2,-10,36,6,2,-8,-10,-2
-21,-22,3,10,-4,-13,13,14,-17,-5,-23,-9
13,-20,4,18,13,-1,7,-5,2,-13,3,-4
-18,-2,-2,23,-12,-7,6,5,0,-23,-1,-15
-1,-20,-35,5,-1,-6,4,1,-5,-7,-36,-19
11,-18,-4,0,-13,6,1,11,-12,20,-13,20
-28,8,6,20,18,-3,10,-9,-12,11,8,2
-1,-12,13,-2,-34,-15,5,-9,16,-3,7,-28
-7,-1,10,4,-4,-18,-16,8,-9,2,-6,4
8,-3,5,18,6,16,5,14,2,13,5,-7
-7,-20,11,-7,13,-14,-17,17,21,16,1,-4
9,-1,15,-14,-1,17,-7,18,-17,19,8,0
10,14,23,-16,14,13,-14,-26,3,40,35,9
14,-1,15,-12,5,32,-22,-11,-16,2,20,8
27,50,32,-5,2,18,-30,-15,0,29,31,9
9,53,36,-27,-12,34,-16,-3,20,10,34,14
21,46,25,-38,-26,55,-16,-31,36,28,55,42
11,56,56,-25,-1,37,-35,-6,18,39,42,38
27,47,32,-41,-18,32,-12,-17,23,46,59,30
18,78,33,-52,-14,47,-32,-13,19,42,62,42
42,65,59,-44,-11,58,-37,-19,20,71,65,34
6,73,65,-74,-8,67,-36,-26,20,52,78,65
44,111,77,-74,-16,84,-46,-47,54,45,78,36
29,100,73,-64,-32,82,-43,-43,38,84,75,76
28,126,68,-71,-17,87,-52,-57,4,71,67,60
38,115,86,-76,-20,73,-63,-35,25,89,97,84
34,127,73,-75,-10,100,-55,-42,24,101,106,77
61,109,108,-90,-19,97,-51,-57,28,104,107,113
58,139,92,-90,-20,115,-76,-60,27,111,128,120
53,158,98,-98,-41,138,-85,-59,40,96,128,99
58,160,126,-117,-22,140,-92,-85,39,124,153,109
89,174,128,-121,-1,148,-86,-83,57,147,165,107
54,194,112,-149,-36,158,-104,-76,63,120,161,140
67,189,137,-126,-27,148,-124,-68,63,144,179,132
60,206,143,-143,-30,191,-127,-100,56,142,201,140
83,191,134,-127,-35,164,-121,-61,80,168,194,156
62,210,140,-159,-33,158,-90,-81,46,173,181,129
93,237,135,-135,-37,186,-136,-74,69,156,200,142
89,210,139,-122,-25,188,-98,-99,71,177,211,180
88,208,153,-159,-27,189,-124,-112,75,159,191,157
99,246,145,-154,-37,214,-131,-111,59,182,218,175
75,250,157,-157,-22,184,-130,-79,71,202,209,162
85,229,160,-167,-41,194,-138,-102,59,187,238,192
77,214,142,-168,-19,212,-138,-104,61,215,199,160
84,246,163,-158,-43,185,-111,-103,77,177,224,174
69,242,145,-161,-46,181,-137,-93,92,169,209,155
87,243,153,-140,-27,195,-139,-89,70,186,224,155
104,242,141,-166,-45,184,-130,-82,46,165,235,161
89,227,158,-150,-30,193,-112,-98,75,178,220,165
69,232,157,-162,-23,195,-122,-110,48,151,205,158
73,216,148,-169,-31,169,-105,-87,63,156,187,158
83,219,139,-124,-33,159,-123,-112,52,168,187,168
58,200,146,-140,-25,192,-113,-90,68,162,198,157
96,214,123,-138,-33,184,-125,-88,48,172,181,155
73,193,142,-147,-35,155,-92,-90,52,123,181,151
66,201,130,-124,-6,138,-108,-67,36,151,172,127
68,184,136,-137,-35,163,-97,-60,73,161,155,124
60,177,123,-117,-39,140,-85,-76,66,136,171,118
48,151,107,-103,-35,121,-96,-64,55,111,157,129
35,159,86,-91,-17,146,-84,-56,35,120,151,106
55,159,107,-81,-37,112,-77,-81,51,113,117,86
57,140,73,-91,-16,118,-71,-61,56,120,140,91
45,127,57,-79,-20,115,-79,-67,52,103,120,92
59,123,67,-74,-31,91,-62,-66,36,85,112,80
41,103,73,-67,-10,94,-52,-53,39,101,109,85
54,81,53,-54,-26,76,-64,-25,29,50,83,65
26,87,61,-58,-32,62,-31,-62,14,42,70,79
14,97,37,-58,-5,63,-33,-35,28,78,46,73
45,83,55,-62,-16,53,-54,-21,15,59,67,42
25,47,47,-45,-2,38,-42,-38,51,49,51,57
29,51,36,-39,-25,46,-57,-19,31,40,50,23
11,36,28,-20,-13,56,-51,-27,30,38,45,45
18,60,47,-17,-7,46,-25,-18,15,42,37,49
29,33,52,-39,-12,52,-33,-6,-1,12,40,28
3,40,28,-7,17,8,9,-5,-6,54,37,-1
22,1,20,-19,-10,29,-4,-18,-3,-4,32,6
4,34,19,-18,5,39,-26,-3,9,32,23,2
7,16,31,-37,6,23,-11,-3,8,18,-12,17
-8,14,34,-23,2,9,-3,-1,-4,-4,9,29
6,8,7,-15,-17,-4,14,-2,9,5,5,-1
-4,0,3,4,7,3,22,-15,8,-5,9,-1
7,15,-9,-9,-23,-1,-8,-6,-24,26,9,-2
10,-3,-2,-18,-8,20,-1,23,-5,0,3,1
6,-16,7,7,18,-1,-3,1,0,-27,-36,1
-10,-18,8,-10,23,-12,7,-11,16,6,17,-6
-11,-17,18,22,2,-29,12,17,14,-13,-40,-18
-10,-17,12,37,16,9,19,18,-10,-30,-19,-29
-1,-21,-2,26,-4,10,11,7,11,-39,-20,-13
10,-18,-19,-11,16,-30,6,25,-15,-10,-18,-29
-17,-18,-19,24,27,-24,3,9,13,-16,-33,-27
-36,-57,-22,31,24,-14,20,3,-25,-9,-43,-37
-1,-37,-16,24,31,-16,31,20,-6,-6,-22,-42
-28,-46,-37,32,-5,-48,37,12,-17,-34,-38,-16
-25,-29,-36,57,22,-49,30,15,-34,-37,-54,-40
-45,-60,-50,44,3,-79,45,16,-20,-67,-56,-57
-25,-59,-55,33,19,-64,35,38,-34,-66,-89,-81
-34,-97,-43,61,6,-80,47,22,-52,-67,-87,-73
-24,-92,-66,38,11,-103,74,29,-42,-67,-88,-69
-42,-125,-80,77,18,-123,46,40,-34,-86,-112,-83
-66,-127,-75,95,42,-140,54,62,-20,-115,-129,-94
-55,-161,-101,106,14,-107,60,53,-33,-106,-144,-103
-68,-167,-93,114,0,-113,101,76,-47,-126,-127,-113
-66,-188,-100,115,12,-151,112,46,-51,-110,-147,-122
-73,-181,-127,129,9,-142,80,80,-38,-151,-149,-141
-76,-173,-107,111,13,-148,93,70,-34,-138,-145,-129
-32,-173,-103,100,16,-119,80,56,-55,-127,-158,-108
-64,-162,-104,80,34,-97,94,55,-41,-99,-127,-105
-55,-118,-101,88,39,-104,80,54,-30,-84,-112,-74
-61,-104,-46,77,5,-71,50,64,-22,-42,-81,-57
-18,-53,-11,33,11,-42,18,28,-12,-24,-34,-26
5,11,17,3,-15,8,-4,-3,7,-5,-1,20
29,89,71,-31,-11,51,-48,-59,28,46,74,62
64,115,83,-109,-27,139,-102,-71,55,106,144,134
87,248,152,-154,-42,209,-135,-83,45,188,233,173
93,338,205,-236,-65,291,-199,-134,118,260,308,248
153,441,305,-304,-64,368,-236,-158,142,322,382,313
193,536,370,-372,-79,444,-305,-234,176,413,514,398
235,651,419,-450,-98,558,-344,-271,197,481,562,445
256,755,496,-506,-127,605,-399,-283,221,583,693,500
279,858,566,-578,-135,696,-451,-321,246,631,742,593
305,897,583,-633,-127,744,-496,-368,255,685,835,627
322,966,631,-649,-131,823,-522,-389,283,726,860,682
350,1006,675,-693,-155,839,-572,-419,322,753,928,694
357,1011,689,-732,-130,853,-555,-409,300,786,911,730
366,1021,664,-697,-154,840,-583,-392,296,770,905,741
351,1005,636,-688,-156,819,-553,-391,324,770,886,697
350,954,601,-633,-157,775,-499,-386,275,734,862,685
306,868,568,-616,-120,718,-498,-354,269,662,793,632
270,789,521,-537,-124,663,-437,-308,240,609,715,534
236,713,453,-464,-108,568,-397,-305,189,506,622,452
215,601,372,-401,-108,489,-334,-249,197,438,539,391
170,479,305,-334,-64,401,-243,-191,164,365,466,330
132,353,235,-252,-64,287,-211,-148,87,267,314,247
116,261,177,-166,-33,207,-160,-75,86,202,204,181
50,153,116,-116,-8,119,-92,-106,36,126,157,102
12,65,32,-53,-14,51,-21,-40,22,44,69,64
-12,-7,-24,4,8,-18,24,18,10,-3,-14,-10
-20,-97,-65,55,21,-73,67,31,-16,-60,-90,-37
-68,-159,-110,114,38,-103,57,68,-40,-129,-121,-88
-67,-173,-130,122,34,-184,120,75,-56,-147,-157,-141
-81,-208,-135,155,25,-177,115,94,-47,-157,-203,-162
-75,-249,-143,163,28,-222,127,108,-81,-163,-206,-171
-99,-263,-183,152,53,-198,123,88,-89,-187,-221,-161
-95,-238,-155,177,33,-205,139,94,-82,-201,-239,-192
-85,-251,-135,163,30,-199,128,94,-83,-190,-235,-153
-108,-209,-140,162,18,-169,133,101,-69,-160,-213,-169
-78,-241,-149,145,38,-169,113,82,-71,-153,-199,-173
-55,-212,-107,115,28,-161,100,76,-64,-164,-171,-135
-58,-192,-117,104,14,-142,80,69,-71,-123,-164,-125
-60,-162,-91,102,16,-127,96,64,-45,-95,-143,-116
-45,-157,-77,96,25,-136,68,59,-52,-106,-125,-116
-57,-105,-47,81,8,-73,75,57,-31,-112,-127,-71
-38,-94,-71,62,6,-94,52,32,-1,-58,-94,-80
-41,-93,-56,35,0,-64,39,29,-11,-55,-52,-61
-16,-48,-35,28,-12,-63,37,35,-34,-46,-52,-37
3,-40,-35,25,-12,-39,28,12,5,-51,-52,-39
-15,-20,-16,20,-7,-37,-8,-7,-18,-31,-45,-52
-11,-27,9,8,3,-21,12,16,-10,-50,-57,-27
-17,-5,-7,12,-15,-4,3,3,-4,-13,-19,-10
-17,-8,-10,3,12,0,25,-9,3,-11,-13,-9
-15,8,4,27,-5,-16,13,9,-3,7,3,8
21,6,-10,-2,-6,20,7,-3,6,9,-2,-19
3,-3,8,23,-13,11,1,-9,6,14,28,-5
26,-6,-1,27,-2,-16,-4,-11,-2,-6,-20,4
6,5,3,-35,-3,12,7,-2,-13,15,13,2
8,20,8,-14,7,19,-24,6,0,19,0,5
-9,10,-3,-2,-1,10,12,-13,-10,15,0,12
29,8,-5,-15,-5,1,-2,6,16,-6,16,19
2,27,37,-4,7,8,-5,6,-4,25,16,-10
-7,16,17,-10,-15,4,-18,-5,34,20,26,7
14,11,1,-3,8,7,5,-17,1,1,-9,14
16,12,7,-13,11,16,-22,-22,5,12,5,19
19,24,30,-20,-23,28,-6,5,11,17,46,22
13,24,14,3,-1,18,-8,-22,13,38,25,6
23,46,27,-17,-16,8,-23,-15,18,33,35,27
23,39,5,-30,-27,41,-5,-28,13,26,40,10
-4,53,26,-38,-13,9,-33,-17,-1,37,49,26
-2,45,21,-37,-11,38,-37,-22,16,22,23,36
18,23,12,-42,-28,32,-29,-24,15,38,30,33
15,45,30,-34,-13,33,-3,-13,13,51,46,22
5,57,42,-30,-10,50,-37,-6,26,28,51,19
12,55,54,-28,-14,48,-39,-31,13,44,47,27
33,57,47,-36,-3,47,-37,-17,11,30,60,45
28,49,45,-37,-23,64,-36,-23,20,33,69,60
14,92,45,-70,-33,70,-29,-26,32,62,78,32
20,112,52,-53,-14,76,-37,-56,30,77,78,51
40,71,61,-61,-23,65,-51,-36,29,60,79,65
45,96,47,-40,-17,74,-39,-40,26,70,91,64
39,83,74,-58,-18,89,-72,-53,18,91,82,86
38,107,86,-46,-26,83,-78,-49,33,81,107,80
33,97,87,-76,-19,86,-31,-60,24,75,79,65
34,97,75,-86,-39,69,-70,-33,41,82,111,74
40,117,80,-58,-8,105,-81,-57,35,102,96,83
44,148,84,-91,-21,114,-64,-52,28,94,128,82
28,147,99,-100,-33,139,-57,-62,34,103,135,112
53,159,102,-92,-35,96,-78,-45,23,100,147,109
51,139,78,-87,-18,129,-78,-69,47,126,171,107
89,165,132,-111,-37,133,-97,-33,60,128,136,126
78,156,114,-148,-21,155,-96,-53,57,121,154,120
53,170,110,-125,-47,148,-112,-81,62,149,172,117
68,209,135,-135,-42,174,-76,-59,61,152,156,149
61,176,155,-126,-16,152,-125,-77,57,150,178,140
78,202,129,-134,-30,170,-102,-79,58,165,182,148
61,216,123,-137,-46,175,-118,-77,65,157,196,143
81,225,150,-165,-39,171,-111,-81,73,170,212,149
54,230,154,-168,-21,193,-117,-96,77,177,199,176
88,243,147,-169,-43,195,-134,-89,78,201,199,163
77,254,159,-177,-22,207,-140,-84,76,201,227,168
79,259,151,-170,-54,203,-126,-82,66,194,228,200
93,256,188,-175,-34,227,-153,-124,92,198,241,200
101,283,175,-195,-32,251,-170,-97,92,224,249,193
119,285,200,-186,-45,230,-156,-109,95,229,258,212
103,283,197,-200,-43,249,-157,-115,86,224,280,193
104,287,201,-210,-43,248,-177,-121,88,229,289,195
91,316,200,-223,-61,233,-187,-146,86,230,290,219
99,308,209,-204,-54,257,-179,-141,100,250,312,216
110,357,199,-246,-54,256,-181,-113,92,239,326,241
126,338,230,-228,-54,307,-175,-146,97,267,308,260
134,335,262,-242,-31,300,-195,-129,93,261,328,267
139,356,245,-240,-47,307,-194,-125,116,265,349,264
115,351,233,-262,-64,302,-202,-132,110,256,318,276
130,394,245,-235,-57,300,-215,-120,107,256,345,246
137,390,241,-263,-26,281,-199,-158,115,286,333,266
148,378,260,-242,-68,328,-210,-161,116,280,327,258
140,395,253,-246,-60,309,-219,-152,106,308,332,260
145,403,282,-266,-65,328,-212,-140,116,266,332,261
152,404,270,-265,-41,335,-215,-172,136,294,338,264
121,396,249,-275,-59,336,-208,-144,142,291,375,287
158,409,262,-281,-90,324,-219,-158,105,309,385,290
145,413,276,-270,-71,338,-228,-143,113,313,365,277
147,411,266,-294,-64,337,-211,-156,135,321,380,308
150,421,266,-284,-58,344,-228,-169,121,306,364,286
157,401,283,-278,-61,371,-241,-163,137,312,358,312
151,420,275,-298,-51,359,-235,-163,145,324,373,325
119,411,301,-289,-66,342,-231,-146,135,326,389,286
139,421,273,-289,-49,346,-244,-178,121,329,396,310
134,437,294,-266,-53,346,-239,-168,128,316,404,281
144,440,283,-293,-80,355,-229,-174,118,304,375,292
152,424,291,-293,-61,366,-243,-148,143,307,389,296
135,415,271,-287,-56,315,-241,-159,135,327,373,312
141,421,277,-276,-59,340,-222,-164,127,310,374,296
141,396,272,-286,-55,341,-228,-165,126,287,366,302
171,411,266,-280,-75,343,-222,-187,120,299,379,278
154,384,276,-249,-72,322,-199,-149,136,301,372,271
127,410,268,-282,-53,340,-228,-144,116,295,361,271
134,390,253,-266,-58,314,-220,-159,131,306,364,260
141,362,249,-249,-26,321,-201,-157,116,263,336,266
144,384,247,-267,-71,321,-211,-166,111,308,336,272
119,399,247,-256,-40,305,-193,-153,123,276,348,271
153,389,231,-248,-50,318,-175,-126,85,253,355,251
122,361,227,-240,-55,300,-195,-149,103,279,349,236
124,350,225,-238,-54,284,-186,-134,122,268,323,235
138,357,230,-237,-50,285,-211,-138,124,259,309,246
113,332,214,-213,-37,264,-179,-99,96,253,292,238
115,322,221,-210,-47,279,-174,-133,109,248,310,233
142,363,197,-225,-50,257,-172,-115,105,234,305,225
98,302,214,-211,-41,249,-169,-136,96,254,271,219
91,310,211,-221,-54,249,-189,-108,104,232,261,195
91,307,188,-189,-59,245,-183,-122,82,218,253,215
101,297,187,-199,-40,236,-145,-105,80,213,252,209
88,282,157,-194,-47,222,-153,-120,103,198,242,193
112,261,147,-178,-39,199,-140,-112,65,201,232,184
92,242,185,-178,-44,212,-136,-103,84,198,242,181
70,234,154,-150,-44,225,-112,-104,88,202,225,155
76,219,145,-179,-46,200,-136,-99,66,169,226,184
64,225,134,-179,-40,194,-106,-69,75,160,197,152
74,209,144,-154,-39,193,-137,-97,90,181,207,154
61,235,156,-157,-38,192,-104,-81,60,170,205,143
53,200,116,-163,-24,164,-93,-98,54,150,164,145
69,166,101,-115,-34,154,-108,-98,57,151,177,124
52,199,128,-144,-24,149,-81,-89,55,132,151,154
56,175,111,-117,-13,148,-75,-79,53,147,151,130
41,169,86,-126,-31,144,-93,-61,54,123,150,132
38,171,115,-104,-8,141,-47,-78,13,128,153,90
58,152,90,-102,-1,122,-80,-50,23,115,114,112
67,152,74,-110,-24,108,-69,-55,45,97,134,109
52,125,103,-82,-22,123,-70,-43,49,101,124,100
28,121,78,-84,-14,90,-60,-36,38,91,122,83
51,112,86,-90,-47,115,-75,-53,45,91,107,100
25,92,70,-88,-25,78,-74,-50,35,103,107,102
35,114,60,-62,-17,91,-57,-40,10,67,114,75
14,127,56,-72,-29,93,-55,-25,25,78,122,66
31,119,54,-67,-8,85,-59,-45,32,60,93,71
32,101,46,-70,-19,75,-60,-17,68,73,70,66
47,88,37,-51,-23,84,-43,-42,56,64,94,51
23,80,55,-45,-11,65,-73,-20,10,45,93,84
23,75,40,-49,6,65,-43,-47,31,28,57,38
20,57,32,-45,-20,61,-58,-35,27,67,53,51
28,60,49,-42,0,64,-46,-25,16,50,58,49
4,73,46,-60,-19,53,-12,-4,14,28,43,69
9,47,45,-45,-1,69,-46,-34,22,47,47,49
21,38,25,-25,-3,36,-47,-34,15,31,32,55
22,43,26,-30,-20,35,-34,-15,25,54,41,40
1,50,26,-30,-3,26,-21,-27,20,24,40,32
3,50,44,-52,-6,23,-41,-4,18,37,30,14
15,36,18,-7,9,14,-36,19,3,18,25,32
30,48,6,13,-33,45,-7,1,14,47,51,40
11,28,11,-24,7,13,-13,-20,7,21,24,33
-1,33,35,-20,-11,16,-26,-7,-12,16,36,19
28,27,18,-1,-13,4,-9,-6,6,13,19,13
-17,24,35,-17,-2,31,1,6,-17,22,21,16
-4,-9,8,-9,-23,-2,-1,5,14,-2,29,22
1,15,16,-15,2,21,-10,-8,-5,17,3,13
21,18,22,-12,-18,15,-19,-6,-7,15,28,26
0,-7,8,-12,-11,14,8,4,29,2,24,7
-12,11,40,15,0,18,-20,5,-9,11,9,22
1,46,2,-5,2,27,-18,-2,5,1,8,25
-8,18,32,-28,-1,-5,-3,2,-11,9,26,15
4,-3,0,-22,11,13,2,-2,0,-9,33,10
2,8,6,-25,6,36,5,-17,-3,17,18,31
-7,12,-9,1,4,-4,-23,-23,-1,26,-13,21
3,6,4,6,-8,25,-3,-2,-2,23,10,15
11,7,10,-6,-7,12,18,-24,7,14,9,-8
4,3,5,-29,-15,-21,1,-5,14,19,24,8
-11,34,18,-24,-21,15,-8,-28,16,-6,10,22
-1,-6,-2,-3,-24,-1,-12,10,-6,14,22,-13
-1,12,-8,-1,-21,-5,0,19,4,18,-6,-3
-3,-5,14,-21,4,-3,-7,2,2,22,16,-2
11,3,12,-7,13,9,5,-9,-18,23,14,10
10,11,-17,-12,-7,25,17,2,0,5,20,-1
5,-3,15,4,-11,-5,-10,-16,12,15,15,-2
18,27,-2,10,16,3,3,0,-23,13,13,3
-3,-5,14,5,15,11,8,4,5,6,-14,-1
-6,17,28,-10,3,17,-4,-27,-7,1,18,4
2,7,6,-13,2,-3,-16,8,-14,30,-6,12
-8,6,3,5,-5,13,14,-11,10,-14,6,-3
-2,-6,-2,2,2,17,-3,-6,-8,15,-1,1
6,20,5,-3,-3,5,-7,10,-10,21,15,2
10,-7,4,2,11,34,-7,-27,-14,-17,26,17
3,1,15,8,-4,1,-24,-5,-17,16,15,-8
2,9,9,-10,-10,13,5,15,-2,15,9,1
28,17,-20,2,17,-2,-18,-12,6,3,5,-6
2,5,17,-8,1,6,4,-18,6,-7,8,-4
-8,15,5,-26,-5,2,11,-4,18,17,4,-8
9,4,10,-16,6,-3,-2,-2,4,7,-6,-2
23,5,-6,-19,0,6,12,-10,13,-2,10,-10
-4,-6,9,-7,-3,-14,-13,-5,5,14,4,41
-3,-9,-2,-12,-8,-18,-5,-14,8,12,6,21
-3,36,10,9,-13,11,16,-10,0,0,20,11
-24,-9,11,-9,-23,-1,-7,-17,-2,4,12,-5
3,4,10,-1,-8,24,2,-5,4,4,-6,-10
6,5,16,23,-4,8,-7,-5,2,5,19,24
5,-9,-11,2,-5,19,-8,8,-1,14,-1,-7
-6,4,14,5,5,4,-21,-19,-3,14,-31,11
-9,-4,-2,7,-3,21,-14,2,-29,4,15,-9
-1,2,-14,4,-10,-1,1,5,12,-12,9,-8
-13,19,-7,-2,4,-11,-7,-2,10,10,8,22
2,34,24,-22,5,11,-18,-7,-30,6,4,30
40,19,19,-8,-14,10,-25,5,35,33,19,8
-1,12,12,11,-3,14,-30,-8,25,24,7,-12
19,-28,5,-7,-21,-9,20,2,-8,11,14,9
9,18,36,-23,-1,28,0,-7,-10,24,31,-8
15,37,-4,-16,-7,6,-16,-9,-12,5,10,26
-6,40,7,-34,5,27,-17,-2,5,8,-21,20
11,-7,-1,8,-8,30,2,-11,23,25,0,23
-3,6,9,-6,14,-17,-14,11,11,7,26,4
29,18,-5,-22,7,-5,-4,-15,-4,0,2,2
6,11,10,-16,7,21,-4,-5,10,-9,26,0
-17,40,25,-36,3,24,-1,15,1,2,-4,-1
4,25,17,3,-8,0,-13,7,11,0,9,1
-4,20,6,-6,-25,6,-35,-9,-1,0,40,28
8,26,10,-30,6,-9,-19,-17,22,20,36,-13
9,33,20,-2,8,10,-32,4,3,10,1,-4
-6,3,20,-30,16,19,-13,-42,-20,-23,19,8
4,23,11,-19,-7,-4,1,-21,4,12,25,22
15,12,18,0,-32,2,8,-20,-10,23,29,36
-10,36,-12,-14,-8,-1,-29,-32,7,11,23,33
9,7,-8,-18,-2,8,-8,-5,6,4,14,7
6,41,25,-14,5,-4,-12,-2,21,-8,17,5
8,39,15,-11,-26,25,-7,-26,2,7,30,19
20,21,-2,-20,29,29,3,-9,19,17,24,17
6,39,34,-40,0,12,-1,-21,6,36,27,13
19,26,15,4,-2,26,-1,-38,11,14,28,23
10,43,10,-42,-13,10,-4,-7,18,33,24,17
17,42,23,2,17,31,-17,-27,2,9,17,23
23,22,10,-22,2,14,-21,-12,21,24,30,22
7,27,12,-24,2,25,-19,-19,10,31,33,20
-1,25,26,-13,-13,35,-6,7,-5,28,44,22
11,49,28,-35,-29,26,-3,-3,29,22,50,12
16,39,30,-26,-14,34,-25,-19,-2,37,52,28
27,26,36,-26,-27,53,-25,-14,11,39,24,57
17,45,27,-30,2,30,-32,-10,13,19,37,21
15,39,27,-7,2,45,-22,-3,7,21,49,21
-6,51,32,-38,8,40,-44,-25,18,28,67,50
27,60,50,-49,0,45,-33,-23,11,31,52,37
23,66,29,-50,6,46,-16,-11,17,51,38,53
20,76,24,-42,-14,65,-32,-34,15,40,49,36
26,87,48,-49,-8,75,-50,-17,12,69,71,44
7,70,40,-54,-10,72,-62,-36,10,39,65,55
11,81,37,-48,5,80,-31,-28,19,59,73,56
25,96,36,-34,-6,79,-47,-28,20,52,67,61
39,84,61,-63,-19,78,-54,-7,41,50,100,60
45,91,71,-59,-23,82,-28,-27,57,64,112,59
11,102,71,-49,-17,75,-62,-63,16,88,81,79
46,113,87,-87,-14,83,-68,-18,34,98,115,95
33,100,84,-75,-1,82,-57,-56,38,86,98,76
60,130,75,-89,13,119,-67,-84,33,98,119,96
27,154,86,-85,-13,108,-73,-45,35,116,117,88
52,144,84,-96,-23,124,-71,-52,47,120,130,81
70,148,98,-111,-21,122,-76,-67,35,106,130,116
51,156,90,-125,-8,146,-92,-81,32,116,141,101
67,168,127,-103,-18,164,-113,-74,44,138,141,149
67,175,105,-135,-27,139,-96,-81,44,130,136,115
64,182,122,-115,-9,149,-116,-65,73,136,177,129
69,197,134,-153,-28,152,-108,-88,77,126,176,148
71,201,114,-142,-39,142,-109,-91,46,144,178,141
91,217,151,-154,-22,176,-107,-87,72,178,173,158
72,228,140,-168,-30,183,-147,-69,73,185,216,190
62,227,175,-177,-22,188,-142,-122,84,181,224,166
86,242,153,-164,-8,212,-145,-89,89,148,219,185
94,277,185,-166,-47,193,-130,-99,54,175,243,157
104,255,168,-193,-46,225,-136,-108,103,186,236,183
98,276,168,-171,-51,226,-154,-114,67,193,230,177
89,273,183,-194,-27,232,-154,-103,97,206,252,180
108,285,177,-205,-66,239,-131,-112,80,195,243,180
111,289,180,-185,-50,243,-169,-121,67,210,245,186
106,291,196,-212,-51,234,-148,-114,81,207,265,216
109,275,180,-207,-36,253,-162,-126,104,231,265,204
101,274,184,-193,-24,218,-179,-125,100,241,272,183
88,305,207,-210,-31,240,-167,-128,89,216,279,219
89,284,184,-189,-18,255,-188,-103,93,225,265,200
100,284,212,-207,-45,250,-133,-113,102,247,261,180
99,273,197,-214,-29,264,-148,-108,84,237,258,213
91,320,154,-197,-39,252,-162,-122,89,215,262,229
103,282,219,-183,-25,246,-162,-111,68,225,258,201
94,300,187,-211,-41,245,-161,-115,92,229,269,190
93,274,204,-170,-28,228,-164,-102,96,200,252,210
111,272,184,-190,-58,231,-179,-108,100,224,243,176
92,257,199,-190,-61,198,-139,-120,74,206,235,194
105,263,180,-174,-34,209,-136,-129,63,200,230,178
77,274,170,-157,-43,202,-129,-96,93,199,234,200
84,258,191,-180,-25,187,-161,-103,73,198,217,194
73,257,155,-153,-44,209,-115,-89,72,185,230,181
78,214,148,-144,-31,215,-124,-92,93,172,185,158
84,234,149,-173,-66,198,-103,-83,59,174,192,156
63,224,121,-167,-35,176,-131,-75,68,174,195,168
74,191,131,-150,-27,191,-119,-84,97,154,194,153
74,192,128,-123,-25,170,-112,-80,50,148,185,130
77,199,115,-102,-28,154,-105,-69,73,154,169,151
81,178,102,-121,-37,145,-93,-49,40,127,162,94
70,171,92,-106,-22,142,-101,-88,72,127,157,99
55,167,123,-125,-45,132,-64,-61,45,119,126,117
49,152,117,-105,-10,137,-67,-58,62,118,144,103
47,141,79,-112,-47,130,-90,-57,51,90,126,81
36,146,105,-69,-10,97,-66,-62,41,95,115,94
41,109,85,-85,1,111,-64,-72,34,85,108,105
48,114,66,-84,-12,98,-58,-39,33,95,111,98
41,102,84,-69,-32,87,-52,-42,25,77,107,87
37,82,64,-63,-10,87,-71,-37,26,63,92,55
47,110,72,-67,-9,83,-60,-36,11,61,83,79
42,82,49,-67,-9,99,-41,-43,23,68,79,66
34,82,65,-64,6,48,-72,-18,32,50,86,62
13,99,42,-42,-19,73,-33,-25,52,80,59,61
31,83,54,-59,-20,65,-40,-14,42,46,50,53
11,73,57,-47,-19,85,-42,-11,43,46,46,29
40,47,39,-51,1,57,-63,-20,-1,52,76,40
17,81,47,-70,12,71,-45,-24,18,37,50,37
43,67,31,-35,11,58,-45,-39,25,53,46,52
22,62,31,-47,9,46,-23,-42,6,37,38,23
12,40,11,-29,-6,65,-42,-12,2,41,35,32
21,40,39,-36,12,30,-27,-18,16,49,47,22
31,48,36,-52,-29,36,-50,-27,10,31,73,25
-2,42,15,-45,-2,10,-42,-29,11,31,64,29
9,31,19,-29,4,42,-18,-3,2,30,41,25
4,31,26,-25,-16,27,-49,-2,9,12,32,9
-5,15,11,-13,-3,34,-35,-16,-12,16,20,22
2,6,34,-13,-16,28,-21,4,4,36,9,10
1,9,-5,17,-7,30,-20,-5,21,-1,17,35
9,3,-9,-7,-11,3,-7,10,24,2,-9,23
7,-18,-14,-31,-16,-3,21,8,4,-1,-1,0
-5,-12,6,22,0,11,-19,-1,-10,-10,-23,-13
-24,-31,-17,11,1,-3,2,9,-7,-22,-30,-10
-21,-42,-30,12,-1,-34,44,29,-20,-35,-19,-24
-27,-50,-43,20,23,-53,32,23,-6,-42,-48,-31
-30,-69,-54,39,18,-70,15,23,-24,-36,-68,-41
-14,-93,-60,66,0,-55,52,16,-20,-56,-96,-75
-45,-70,-60,92,40,-81,62,32,-26,-70,-90,-66
-30,-120,-67,78,27,-88,51,73,-25,-80,-86,-73
-28,-124,-84,83,36,-87,53,50,-18,-77,-117,-61
-55,-103,-87,65,-13,-107,58,42,-41,-96,-115,-92
-32,-113,-74,76,27,-102,63,52,-25,-71,-113,-75
-30,-99,-80,78,19,-83,45,50,-17,-67,-81,-101
-38,-87,-53,75,34,-64,10,53,-15,-71,-75,-67
-28,-40,-37,57,10,-76,27,23,-19,-47,-57,-32
-14,-45,-35,22,7,-25,12,13,0,-15,-20,-24
-7,11,22,3,11,0,0,-14,16,23,1,26
21,77,65,-66,-38,47,-34,-47,28,55,66,44
34,144,101,-111,-39,102,-87,-59,27,111,134,98
70,240,151,-152,-35,183,-110,-92,57,181,205,179
102,301,210,-228,-62,250,-158,-127,98,227,286,204
139,404,264,-304,-65,348,-231,-151,125,299,375,301
186,517,326,-348,-73,427,-281,-213,145,390,447,341
217,616,392,-418,-95,509,-311,-242,199,465,549,422
243,698,468,-506,-116,574,-409,-286,211,508,652,520
271,825,517,-527,-136,682,-445,-342,225,625,723,564
325,913,592,-606,-130,746,-479,-366,275,678,788,627
336,971,630,-665,-169,816,-534,-390,290,727,878,694
342,1035,676,-710,-146,838,-571,-429,307,774,937,709
401,1063,714,-731,-171,885,-575,-420,336,799,970,765
367,1079,717,-721,-155,898,-606,-436,321,811,972,739
362,1078,691,-722,-142,885,-573,-425,319,806,953,749
376,1019,677,-704,-152,851,-567,-391,302,774,928,718
332,975,637,-654,-158,814,-532,-402,272,724,866,671
320,907,588,-618,-131,744,-492,-365,258,685,814,616
285,809,517,-567,-104,678,-459,-319,253,602,723,561
239,710,442,-481,-114,622,-402,-273,214,538,659,492
210,608,394,-400,-81,512,-325,-227,172,456,547,411
161,481,329,-344,-76,407,-283,-191,138,355,446,364
134,375,267,-257,-72,303,-223,-175,105,290,326,275
103,289,173,-190,-67,242,-131,-119,66,224,247,204
45,188,125,-123,-36,132,-99,-85,55,131,163,129
31,108,54,-56,-45,88,-33,-33,11,70,98,60
-14,12,20,14,-4,6,7,6,3,-8,0,20
-28,-65,-36,46,15,-37,36,33,-15,-50,-41,-61
-55,-120,-66,92,0,-85,65,33,-24,-80,-109,-87
-45,-173,-106,95,20,-132,87,66,-43,-116,-130,-107
-35,-197,-97,144,13,-157,113,105,-24,-128,-168,-131
-75,-221,-130,131,11,-177,99,102,-64,-172,-172,-152
-80,-213,-117,143,44,-178,106,67,-79,-150,-207,-156
-75,-212,-142,156,26,-178,116,93,-58,-183,-183,-139
-81,-203,-132,155,58,-187,110,66,-86,-161,-198,-156
-59,-206,-124,128,27,-170,122,59,-78,-156,-179,-110
-55,-181,-119,127,26,-156,104,61,-79,-134,-171,-116
-52,-167,-92,102,26,-107,91,63,-37,-133,-140,-109
-54,-138,-79,104,4,-83,92,63,-43,-89,-129,-98
-38,-119,-88,66,39,-84,70,47,-52,-84,-81,-106
-31,-116,-36,59,26,-78,42,26,-28,-53,-77,-72
-29,-87,-55,37,40,-45,34,23,-14,-70,-48,-54
-17,-37,-15,33,9,-29,42,23,-14,-26,-38,-24
-3,-39,-29,16,15,-8,7,-10,-13,-11,-12,-40
12,-7,-1,17,7,-12,27,-1,-4,-30,-2,1
-13,17,-14,6,-16,2,0,11,19,20,11,-9
-19,31,21,3,-14,4,-31,-9,8,24,23,16
-11,23,13,-31,-6,20,-5,-4,11,14,19,22
19,30,15,-23,-11,27,-5,1,-3,22,31,29
15,44,-16,-24,-3,38,-19,-15,20,28,33,21
20,50,27,-39,2,21,-4,-10,22,32,33,25
-2,44,24,-21,-13,26,-17,3,27,25,21,30
-3,54,34,-35,-14,34,-20,-35,22,38,11,35
23,40,32,-39,-18,39,-53,-34,3,48,36,35
15,41,37,-25,-17,38,-14,-11,3,39,41,40
13,86,62,-27,3,41,-43,-33,18,48,40,47
23,58,27,-40,-12,47,-38,-3,25,35,54,46
-2,48,45,-82,-20,20,-16,-28,12,30,64,28
24,60,28,-55,-23,45,-53,-20,11,33,44,47
40,74,35,-48,-19,36,-35,-26,22,49,73,51
-10,62,29,-42,-14,56,-24,-6,19,53,44,43
52,59,56,-47,-11,65,-37,-35,2,31,60,51
28,60,69,-44,-26,60,-41,-11,8,32,48,58
35,73,39,-52,-4,44,-24,-27,26,60,85,47
33,74,48,-46,-11,57,-46,-46,11,44,79,45
31,66,57,-45,-8,56,-31,-48,45,54,76,33
36,75,53,-41,-17,89,-56,-22,17,61,72,50
32,92,72,-68,-6,76,-48,-48,26,69,80,58
29,81,50,-65,-29,86,-52,-53,45,78,96,86
53,65,86,-62,-16,84,-59,-50,48,67,98,58
13,83,70,-60,-11,63,-66,-43,28,64,96,79
33,114,65,-69,-1,105,-59,-48,34,62,85,75
42,95,61,-60,-7,119,-60,-56,6,58,86,82
66,110,53,-91,-28,65,-71,-33,37,74,108,76
47,119,91,-106,-27,109,-65,-47,31,98,96,98
32,123,92,-78,-8,97,-87,-25,48,97,106,91
50,121,94,-91,-35,118,-99,-75,22,97,114,88
40,130,101,-73,-14,126,-72,-56,42,90,119,103
46,151,86,-88,-23,121,-72,-71,47,104,109,85
64,133,99,-88,-3,110,-97,-71,37,104,153,105
61,131,118,-119,-45,119,-77,-52,31,128,141,115
49,166,111,-122,-25,134,-106,-73,31,118,158,134
74,181,111,-106,-40,155,-101,-97,42,119,145,135
53,186,125,-118,-39,149,-90,-88,46,137,164,131
60,212,100,-111,-23,160,-108,-71,68,134,156,128
79,191,136,-140,-19,158,-110,-102,69,152,174,132
61,213,147,-150,-17,174,-114,-84,52,159,179,120
67,226,148,-142,-4,193,-103,-79,41,163,211,135
95,211,126,-138,-36,186,-133,-83,70,178,186,163
93,222,138,-171,-35,210,-137,-108,45,154,214,151
110,231,148,-173,-36,207,-118,-106,72,201,217,153
83,242,167,-161,-20,211,-145,-79,73,194,222,170
75,244,160,-182,-43,225,-158,-95,86,201,223,181
70,282,167,-175,-40,198,-146,-102,74,195,235,197
98,278,188,-206,-35,236,-153,-110,68,206,247,199
106,269,173,-211,-48,249,-164,-105,76,234,272,180
109,303,184,-206,-60,237,-178,-104,78,233,253,198
86,294,198,-200,-48,243,-153,-136,89,242,264,191
121,325,207,-207,-34,258,-197,-126,101,249,290,234
112,306,204,-212,-41,275,-189,-102,98,234,290,220
94,338,220,-199,-37,281,-179,-156,98,221,318,228
115,314,222,-262,-40,308,-176,-135,97,248,296,219
137,349,244,-227,-58,292,-201,-149,108,253,326,271
138,339,231,-254,-44,318,-197,-168,94,268,320,256
156,357,250,-241,-59,318,-182,-158,125,263,337,268
127,382,225,-259,-55,324,-198,-127,98,291,346,263
147,391,240,-261,-76,326,-234,-152,133,295,329,268
144,375,253,-274,-56,343,-218,-168,121,287,351,273
137,400,244,-259,-68,335,-215,-149,103,297,357,277
148,392,276,-274,-65,340,-219,-162,105,308,387,302
138,417,261,-264,-55,334,-213,-165,138,314,367,286
147,410,267,-280,-42,345,-221,-159,137,314,408,297
158,420,282,-298,-49,365,-225,-180,113,316,369,294
167,419,296,-305,-61,361,-251,-179,129,324,382,310
159,452,275,-296,-67,339,-245,-178,147,306,412,304
172,438,312,-331,-57,366,-259,-187,141,328,395,300
148,445,290,-319,-51,367,-248,-179,128,331,388,290
158,447,301,-294,-66,359,-246,-201,124,329,412,333
178,445,313,-318,-79,377,-223,-189,153,334,426,334
145,443,288,-282,-57,387,-260,-199,133,338,398,333
147,469,290,-312,-82,367,-258,-188,123,350,415,322
168,452,285,-324,-44,397,-252,-193,164,361,410,316
153,473,309,-304,-66,387,-265,-200,129,345,410,337
181,480,288,-329,-75,388,-259,-173,142,349,399,344
159,463,301,-321,-71,398,-261,-175,129,345,425,317
169,479,299,-309,-56,391,-259,-175,126,345,443,335
166,466,277,-311,-74,401,-258,-191,133,335,429,297
158,453,309,-329,-68,388,-244,-194,134,359,442,319
177,463,299,-307,-55,383,-255,-190,141,341,416,327
137,470,315,-321,-55,362,-265,-190,154,351,419,320
163,448,309,-311,-53,371,-262,-195,126,357,401,314
168,430,305,-302,-60,396,-241,-166,126,339,384,308
153,428,290,-281,-79,354,-263,-168,121,330,409,310
162,449,254,-301,-53,371,-251,-187,139,320,390,312
129,442,278,-273,-86,357,-227,-172,124,345,381,300
152,407,292,-305,-51,362,-243,-162,142,317,366,301
178,430,256,-306,-68,336,-231,-173,139,307,367,293
158,400,257,-277,-31,363,-235,-187,118,308,381,316
145,402,239,-284,-54,332,-213,-151,113,310,361,271
148,410,243,-270,-79,331,-229,-156,125,302,347,274
128,409,254,-245,-44,337,-227,-160,97,298,364,262
126,388,247,-228,-52,333,-206,-146,110,279,347,260
126,361,231,-256,-77,311,-210,-132,85,284,306,290
122,353,237,-237,-50,309,-202,-156,103,267,324,242
119,344,237,-229,-47,298,-202,-135,127,262,302,231
101,340,234,-240,-65,291,-192,-138,101,266,305,242
118,353,231,-235,-39,284,-176,-124,103,264,313,224
113,314,213,-212,-29,281,-191,-109,108,252,308,223
122,311,208,-220,-35,260,-178,-109,105,256,282,219
106,334,189,-207,-35,253,-174,-127,97,257,278,207
108,316,177,-213,-48,241,-155,-124,88,227,259,210
83,287,204,-184,-56,243,-162,-121,105,239,261,222
99,282,175,-177,-38,236,-191,-121,82,214,263,213
90,258,177,-171,-29,236,-146,-111,53,203,239,207
85,257,165,-186,-24,205,-120,-100,65,194,242,186
92,237,166,-178,-40,202,-137,-89,62,206,231,182
62,248,161,-166,-51,216,-140,-99,80,188,231,175
63,227,154,-176,-35,213,-127,-69,62,156,198,174
83,216,141,-160,-51,197,-127,-103,77,163,210,146
69,225,136,-164,-36,193,-113,-77,44,185,185,155
96,208,128,-142,-23,163,-103,-71,55,168,174,130
55,207,125,-149,-27,161,-131,-84,61,139,158,166
54,187,117,-131,-27,153,-97,-78,39,158,192,131
49,187,118,-97,-34,127,-117,-62,24,137,150,122
69,171,123,-122,-17,127,-102,-65,55,128,138,117
59,156,105,-110,-28,129,-92,-78,23,113,147,125
48,146,106,-121,-27,124,-85,-54,52,118,147,131
48,168,87,-96,-23,101,-76,-52,41,121,117,120
41,126,84,-95,-16,116,-63,-77,24,102,130,94
52,127,83,-93,0,112,-78,-54,17,99,109,77
45,123,74,-81,-33,104,-70,-48,28,88,117,73
38,132,97,-87,-28,102,-55,-49,37,94,103,83
54,133,62,-65,-25,102,-77,-79,44,76,98,47
32,120,69,-75,-10,97,-36,-64,43,65,94,97
51,71,76,-70,-22,79,-65,-26,56,91,81,88
29,103,71,-79,-30,63,-28,-43,14,86,67,69
49,112,60,-50,-14,67,-46,-38,37,70,91,53
29,103,55,-46,-31,87,-24,-45,25,89,61,55
16,71,73,-78,-6,77,-38,-34,10,50,85,69
32,45,59,-54,11,61,-38,-21,-3,33,54,68
28,75,59,-43,-26,43,-25,-29,44,39,53,42
8,53,45,-37,-4,53,-40,-28,25,33,57,51
2,46,39,-34,5,58,-43,-2,20,40,75,32
18,61,19,-44,-7,59,-4,-8,35,43,26,36
28,77,35,-43,-28,49,-31,-15,28,26,50,37
1,47,33,-27,11,35,-31,4,13,37,56,27
13,71,32,-16,12,39,-31,-31,-6,35,52,71
8,67,32,-37,10,30,-3,-22,4,45,30,49
19,47,27,-27,-38,27,-21,-11,13,23,52,32
30,29,26,-38,-3,42,-17,-16,26,17,37,51
12,65,29,-31,-1,25,-27,-34,14,29,54,28
27,25,10,-33,-6,30,-29,-25,2,16,19,11
13,40,35,-26,-2,41,-16,-28,33,39,59,21
7,44,20,-29,-13,23,-6,-34,10,26,38,21
10,50,34,-28,3,26,-16,-28,11,19,36,60
28,47,25,-31,2,27,-30,5,17,-9,2,35
10,51,15,-43,11,8,-29,-23,16,34,48,46
12,40,15,-35,-27,42,-21,-13,2,2,35,32
33,16,21,-23,-10,41,-31,-15,20,23,34,21
16,31,18,-16,-7,8,-17,9,18,4,27,29
3,9,6,-44,-5,32,-17,-21,7,18,0,1
18,28,8,-15,-12,36,-8,-19,-3,-8,39,36
10,38,30,-20,-16,2,6,-35,11,12,24,35
18,29,-13,-32,5,30,-4,-2,-21,16,6,22
-8,30,16,-19,-1,32,2,-9,16,26,27,20
16,7,21,1,1,20,6,-38,10,18,46,-7
17,21,-7,-2,0,3,-3,-9,1,23,5,26
0,41,-9,-17,7,7,-12,-8,10,-13,21,28
7,10,-2,-21,-25,35,-34,-19,27,11,10,3
32,1,18,-7,1,16,9,-6,6,22,7,24
16,44,27,-37,23,29,-4,-2,4,4,15,27
-4,34,22,-2,-5,15,14,-15,4,29,13,12
18,32,4,-3,-21,16,-17,-3,9,8,30,14
-11,8,6,-33,-10,36,-8,-14,25,9,13,13
2,22,4,-7,3,24,-22,-11,21,-10,6,34
21,11,23,-33,2,10,-3,-5,6,20,29,22
10,24,14,-38,33,23,-3,4,-1,21,15,21
12,28,18,-1,-9,43,-7,-12,19,13,-1,25
0,6,3,-35,5,0,-13,-1,7,19,16,14
9,19,0,-8,-20,38,-34,-7,25,15,39,-7
3,22,-3,-24,-3,32,-6,-4,10,24,0,-16
27,20,19,-23,-12,1,-12,-6,1,9,6,1
-10,29,7,-5,6,20,-23,8,15,9,9,7
22,32,0,3,-4,30,-1,5,6,38,25,24
22,14,15,-10,-10,14,-5,-15,12,12,21,9
11,36,-12,-19,-14,24,-16,-24,0,22,17,-7
-5,23,17,-1,-17,17,-28,-7,7,23,50,-2
37,10,7,-28,-7,2,6,-1,-8,9,22,36
11,25,11,-32,9,39,-11,6,-5,31,13,19
4,21,-4,-7,-4,15,4,-12,18,18,45,31
6,35,-15,-25,-31,-1,3,-2,7,10,47,41
14,12,13,-5,-9,5,-23,-17,6,19,23,11
-2,46,3,-21,-10,47,-28,0,28,14,14,11
6,19,10,-15,6,23,-12,-7,5,22,39,8
-23,47,9,-36,-21,21,3,-13,-3,3,26,13
18,13,5,-20,-6,13,-7,-29,17,26,14,23
-3,15,19,-26,-9,35,-7,-7,-8,11,9,38
-4,7,-6,-10,16,5,-11,3,22,39,15,26
13,-2,44,-1,-30,29,-11,14,17,19,19,8
-4,34,-3,-20,-17,-17,-50,-25,22,20,30,-2
9,44,24,-6,-8,17,5,-9,7,23,16,18
8,34,25,-20,15,23,0,-11,14,20,27,11
19,20,14,-16,-18,19,-17,-5,15,18,-5,26
4,13,-1,-6,8,17,3,-4,15,18,23,8
21,21,16,-18,18,9,-33,-18,37,37,21,27
-8,13,6,-21,11,1,-21,-2,31,26,17,6
-3,19,5,-16,3,3,-5,6,0,32,26,22
9,12,-6,-35,-19,26,-17,22,-7,19,19,33
-8,35,7,-22,6,-2,-15,2,-7,2,5,24
6,19,4,3,19,22,-7,-12,9,14,18,-1
-1,34,25,-29,-11,-1,-10,-21,5,5,21,21
25,26,-5,-9,12,4,-26,-6,2,22,-3,10
-8,50,22,-12,-7,20,-14,1,22,18,6,8
-1,14,14,-22,19,4,-2,-5,-13,13,47,12
10,24,22,-12,19,28,-10,-16,-3,25,32,13
14,17,12,2,-16,34,-15,-17,15,18,19,17
15,20,-1,-6,-14,8,-17,-10,16,5,43,18
20,16,9,-36,-11,32,-29,-1,28,30,34,6
0,25,19,-29,5,28,-26,0,-3,41,32,52
-9,17,13,-22,-16,17,-7,-10,1,19,17,13
9,22,22,-38,-11,44,-16,5,10,17,17,31
9,39,7,-38,-1,17,2,-35,13,14,38,17
1,-3,7,-12,8,19,-31,-4,11,27,32,27
15,56,13,-6,3,28,-26,-6,0,13,35,18
2,33,33,-34,17,13,-29,-15,-8,7,12,18
20,18,17,-17,8,33,-10,-13,16,21,12,20
7,50,25,-15,-1,28,-25,-16,3,1,56,15
-21,22,21,-22,14,19,-27,0,22,21,5,19
20,51,12,-58,-3,41,2,-52,19,17,42,22
8,56,38,-11,-21,51,-6,-11,17,12,36,35
10,60,38,-22,-10,27,-1,1,3,21,31,39
21,45,43,-38,-3,47,-22,-28,-2,25,44,32
15,63,33,-27,-14,46,-31,0,19,39,40,32
36,66,25,-50,-14,48,-27,-22,13,50,27,46
13,56,48,-28,19,39,-45,-33,13,43,50,24
25,83,20,-36,-14,35,-26,-26,28,32,51,47
6,38,37,-35,4,74,-32,-27,13,55,63,45
29,95,48,-34,2,65,-33,-39,13,29,76,43
42,84,64,-62,-24,66,-43,-21,29,73,60,76
20,81,64,-45,8,83,-52,-37,15,43,85,58
7,97,31,-34,-27,75,-34,-22,23,50,76,66
25,113,56,-51,-21,77,-73,-27,31,69,102,60
40,112,63,-78,-9,79,-49,-43,38,63,90,67
39,120,74,-89,-37,99,-50,-25,14,70,108,43
49,119,95,-79,-22,82,-54,-57,37,91,119,92
39,132,93,-97,-32,83,-77,-44,32,83,94,82
38,144,95,-92,2,105,-85,-33,48,71,107,109
41,161,94,-101,-7,101,-81,-62,51,90,151,93
56,135,102,-106,-12,119,-62,-51,47,137,138,100
68,166,122,-98,-12,130,-87,-81,58,141,149,101
42,183,110,-108,-7,139,-96,-77,49,132,136,118
56,158,121,-130,-12,137,-111,-57,52,122,142,135
79,187,140,-119,-37,139,-99,-78,54,150,163,120
62,199,107,-129,-45,172,-112,-73,69,165,179,142
79,211,124,-127,-36,164,-127,-85,62,150,179,139
74,200,135,-154,-50,179,-92,-83,71,161,210,165
97,223,158,-147,-31,188,-113,-101,72,182,223,139
78,238,150,-163,-36,179,-131,-66,72,188,205,160
67,225,158,-164,-37,207,-151,-91,63,184,198,157
104,235,164,-172,-33,209,-134,-106,67,205,221,185
67,256,167,-169,-41,225,-155,-104,78,201,223,172
75,257,169,-173,-55,213,-146,-141,71,208,233,188
90,277,157,-159,-34,228,-152,-122,70,199,239,174
80,273,171,-171,-14,218,-171,-138,62,209,270,209
91,279,185,-199,-48,199,-142,-109,92,209,257,212
92,246,170,-223,-62,229,-164,-112,65,223,266,206
97,293,167,-196,-38,241,-162,-98,77,206,249,208
118,293,179,-183,-35,253,-125,-122,120,221,278,197
91,278,167,-175,-51,247,-141,-109,77,208,265,204
112,287,167,-189,-35,263,-164,-119,82,212,258,184
87,280,215,-187,-56,251,-164,-109,93,215,242,184
98,279,193,-190,-24,229,-176,-113,91,213,261,198
126,259,195,-183,-55,246,-154,-105,74,207,235,180
76,268,182,-219,-27,227,-149,-158,79,202,259,190
88,290,171,-183,-49,244,-154,-93,67,198,236,190
79,278,172,-203,-32,212,-144,-112,87,205,231,188
98,274,191,-171,-40,231,-140,-117,88,198,241,168
85,284,160,-160,-46,212,-156,-113,75,212,206,172
92,266,152,-171,-37,220,-132,-94,60,187,233,171
87,259,178,-175,-46,213,-146,-106,98,188,224,167
61,223,147,-156,-55,212,-138,-105,71,177,207,165
84,216,160,-142,-48,200,-133,-107,83,180,200,163
69,221,144,-151,-41,181,-119,-87,74,148,187,169
38,223,136,-154,-49,164,-96,-90,55,144,204,135
68,212,125,-150,-46,165,-109,-82,45,166,189,144
68,198,123,-111,-31,145,-102,-100,39,128,189,132
48,186,121,-112,-15,131,-101,-102,61,119,175,136
44,182,126,-103,-1,149,-110,-82,59,138,160,116
50,177,118,-96,-3,143,-72,-73,64,129,153,121
63,151,93,-105,-29,129,-76,-76,27,110,122,106
56,145,101,-110,-54,141,-95,-49,44,91,139,107
60,131,73,-97,-37,104,-66,-70,49,98,130,108
33,114,77,-83,-19,118,-99,-56,28,106,127,97
57,122,65,-87,-25,102,-56,-58,33,104,101,59
49,121,79,-76,-20,67,-43,-38,38,77,74,45
29,121,77,-77,-34,86,-49,-59,21,78,104,72
15,84,74,-68,-21,69,-49,-30,21,90,84,54
39,100,45,-84,-28,76,-32,-45,32,71,97,47
34,83,60,-43,-26,80,-34,-24,32,72,97,67
14,71,51,-16,-28,81,-55,-27,18,40,89,35
11,84,40,-45,-16,69,-46,-27,3,58,54,46
30,72,37,-50,-14,66,-43,-4,30,42,60,32
3,54,44,-40,7,53,-45,-45,-5,44,58,48
1,43,23,-28,10,44,-15,-8,31,65,37,45
4,72,38,-59,-20,45,-40,10,19,25,51,41
10,55,36,-28,9,14,-23,-29,26,39,56,32
24,47,39,-37,-13,45,-26,-4,38,34,32,39
11,11,28,-33,-4,51,-9,-20,5,46,22,28
28,46,35,-30,-7,35,-5,-3,-7,37,27,12
13,20,35,-15,-23,20,-1,-5,10,42,31,13
23,35,9,-23,-5,19,-34,-22,14,21,22,9
-4,32,30,-15,-6,6,-29,-1,30,-7,35,32
17,16,-14,-12,-11,27,-12,-9,8,-5,37,1
10,-7,16,3,-6,21,0,-11,10,-5,1,-5
0,20,14,-27,24,-3,5,9,13,-17,22,22
-2,8,5,-9,7,9,14,3,7,-12,0,-9
14,0,4,14,17,-11,17,23,3,-11,-30,-42
-8,-22,-32,10,4,-16,-1,5,-7,4,-43,-2
-27,-37,-23,30,-4,-32,28,53,-21,-33,-48,-29
6,-24,-40,41,-6,-38,38,4,-34,-18,-39,-28
-14,-50,-22,24,8,-52,27,22,-18,-26,-52,-43
-23,-69,-44,28,5,-72,21,17,-16,-44,-71,-59
-40,-85,-61,40,-3,-85,35,27,-16,-57,-85,-52
-32,-98,-57,74,12,-94,38,44,-25,-74,-75,-69
-27,-101,-67,62,16,-90,64,55,-88,-75,-97,-77
-39,-138,-98,81,26,-99,61,55,-54,-95,-91,-103
-38,-120,-82,93,31,-108,83,65,-37,-96,-150,-93
-33,-168,-91,108,13,-131,89,71,-41,-105,-117,-97
-45,-141,-92,104,26,-126,85,76,-51,-106,-147,-106
-63,-154,-113,91,5,-107,83,54,-34,-125,-121,-106
-30,-101,-78,82,20,-93,64,53,-45,-90,-101,-102
-20,-97,-60,77,13,-105,73,46,-22,-76,-69,-65
-23,-97,-56,45,14,-60,41,22,-17,-40,-69,-56
-3,-59,-10,33,9,-26,2,30,-11,-42,-29,3
15,34,14,-12,-9,21,-19,-33,9,5,27,30
24,73,52,-79,-33,73,-45,-29,19,57,61,47
43,154,87,-91,-7,148,-96,-85,67,108,140,102
119,237,135,-147,-58,206,-150,-113,61,169,215,176
118,321,189,-222,-39,276,-153,-119,94,236,308,215
160,426,273,-278,-57,348,-244,-175,111,342,399,282
178,508,366,-362,-66,448,-298,-200,164,381,457,378
216,636,422,-425,-94,534,-345,-264,189,473,554,417
243,752,464,-503,-108,606,-398,-304,222,564,660,526
310,838,541,-551,-115,682,-441,-327,265,610,746,591
304,912,583,-601,-133,756,-487,-378,278,673,823,635
344,979,640,-663,-155,825,-541,-414,294,718,899,693
350,1040,671,-710,-152,832,-556,-416,302,778,937,719
355,1058,684,-721,-166,871,-589,-412,302,760,963,716
368,1042,675,-708,-167,857,-569,-410,316,812,939,737
371,1030,680,-699,-165,853,-580,-422,327,773,931,698
329,981,618,-664,-147,848,-536,-372,282,742,896,707
335,924,582,-625,-131,746,-506,-371,294,688,830,660
293,828,538,-555,-148,695,-443,-323,240,634,756,574
254,724,479,-511,-116,634,-411,-282,235,550,659,506
206,641,414,-418,-93,511,-360,-251,207,466,547,438
188,514,340,-356,-77,423,-293,-190,161,396,475,362
150,414,267,-270,-80,347,-243,-154,127,300,347,287
89,316,177,-205,-46,243,-170,-109,84,233,271,207
74,227,134,-151,-20,154,-103,-76,51,137,193,141
48,92,62,-69,0,89,-51,-50,20,81,87,64
36,22,18,-40,-12,-16,-17,2,14,23,3,13
-7,-72,-51,34,27,-53,49,26,-5,-60,-67,-47
-36,-135,-75,79,26,-119,67,34,-43,-104,-112,-80
-62,-162,-100,123,13,-146,98,56,-44,-124,-143,-127
-70,-202,-134,140,42,-164,128,92,-34,-144,-171,-130
-90,-204,-154,142,31,-192,131,108,-58,-153,-198,-154
-90,-253,-126,151,41,-202,127,67,-76,-163,-222,-187
-95,-236,-158,168,16,-201,148,75,-65,-162,-237,-170
-66,-235,-157,162,35,-176,126,85,-66,-197,-240,-187
-89,-245,-147,149,65,-196,133,92,-64,-172,-215,-143
-67,-219,-157,133,29,-207,97,73,-75,-170,-206,-146
-73,-200,-121,140,45,-178,81,91,-47,-148,-174,-158
-50,-158,-136,145,53,-136,103,55,-62,-134,-169,-114
-33,-158,-96,103,23,-130,95,66,-59,-119,-135,-121
-47,-127,-76,97,30,-114,70,50,-32,-104,-125,-92
-36,-113,-96,95,14,-84,67,56,-25,-66,-129,-89
-38,-96,-62,79,16,-87,66,40,-14,-73,-78,-78
-19,-59,-57,44,-16,-65,34,12,-12,-59,-77,-72
-29,-45,-40,28,6,-35,38,34,-24,-54,-63,-19
-14,-48,-29,23,8,-19,20,39,-9,-52,-10,-22
-24,-27,-41,-8,9,-43,14,13,-22,-21,-43,-13
-1,-13,-3,-3,-13,-12,20,34,-4,-17,-6,-17
20,-38,-7,26,1,-13,-2,-14,4,-29,10,13
3,-6,-24,1,9,-14,14,26,-6,-20,-1,-14
-9,-10,-16,5,-2,14,24,25,19,-4,-14,18
22,14,8,-5,-10,11,-7,-3,-30,-4,18,15
-11,-9,-18,3,-20,-19,5,-2,11,-18,-23,27
2,-4,12,18,1,8,-13,-17,-15,33,-7,-26
-5,5,3,5,13,-27,-20,10,6,14,9,12
7,17,0,-5,10,7,7,-12,-1,17,-4,6
-6,5,6,-8,11,-17,7,-8,11,20,-12,-6
8,-3,15,12,-2,6,-18,1,15,2,17,5
28,7,3,-9,2,2,-13,7,-1,29,22,4
-13,15,-11,3,0,19,-15,-9,1,19,3,20
23,34,13,-5,0,11,-6,-20,26,6,38,2
18,24,4,-18,-14,19,8,-20,11,6,18,11
-5,12,9,-4,-8,21,-36,-19,28,20,9,13
3,39,8,-24,-20,10,-12,-14,3,2,20,4
21,2,10,-30,9,30,-23,-16,-1,28,3,7
8,24,18,-17,6,28,-27,2,-8,23,55,22
13,49,33,-18,-15,52,-20,1,1,24,32,39
20,25,31,-24,-6,30,-15,-36,14,23,15,33
28,78,40,-28,-20,42,-18,-2,30,50,24,26
4,10,30,-24,-22,62,-35,-14,8,52,55,26
28,45,48,-33,-27,38,-1,-18,26,59,64,33
9,60,36,-40,-27,50,-16,-10,9,48,32,26
2,52,41,-43,-4,48,-24,-14,4,47,54,54
26,48,35,-29,-10,60,-42,-12,6,35,41,49
21,61,43,-60,-12,56,-17,-27,10,93,45,62
32,71,42,-59,-21,60,-46,-60,19,76,87,69
25,61,27,-56,-4,86,-43,-50,39,73,81,53
16,76,50,-73,-6,60,-45,-42,33,95,88,56
36,62,76,-67,-5,86,-56,-23,13,87,104,63
34,72,53,-88,-4,81,-40,-31,30,73,70,50
28,109,78,-76,-23,122,-44,-18,47,57,86,94
40,112,71,-75,-39,100,-50,-39,34,70,86,66
34,112,96,-96,-4,72,-56,-33,25,64,95,53
55,147,68,-78,-22,115,-67,-64,35,88,90,98
44,157,66,-88,5,91,-86,-48,44,87,108,97
57,124,122,-89,-56,93,-71,-48,36,108,117,90
51,144,104,-114,-14,118,-75,-61,47,92,133,99
46,163,69,-101,-38,125,-59,-68,54,106,128,91
31,169,101,-124,-19,128,-74,-77,48,122,141,103
72,172,107,-112,-34,138,-86,-66,25,119,139,146
70,191,121,-134,-28,140,-93,-75,71,131,152,119
64,179,86,-118,-18,115,-112,-63,52,153,161,141
74,204,131,-152,-8,159,-116,-73,78,147,168,138
94,205,142,-113,-20,157,-127,-76,46,155,186,156
50,234,144,-129,-8,169,-96,-92,54,160,192,149
82,226,155,-113,-21,167,-148,-69,64,169,197,151
94,200,160,-155,-18,207,-116,-94,74,161,227,172
83,253,157,-179,-28,181,-111,-109,93,177,218,167
78,273,169,-172,-50,205,-129,-100,57,180,235,171
100,239,169,-138,-44,224,-150,-106,88,208,218,192
97,240,176,-178,-45,223,-137,-110,92,208,265,170
85,264,179,-170,-22,220,-161,-124,99,189,234,200
88,296,168,-194,-23,239,-160,-111,80,223,247,222
103,279,196,-192,-45,245,-144,-107,75,235,255,218
109,319,187,-200,-49,265,-176,-120,90,221,260,219
110,300,195,-215,-36,244,-154,-102,109,233,267,220
108,323,196,-221,-28,259,-183,-134,114,221,285,198
121,317,210,-197,-29,272,-199,-131,84,256,284,215
110,339,198,-250,-41,233,-182,-154,134,247,317,225
108,378,214,-205,-57,292,-193,-131,102,268,294,240
134,339,240,-257,-43,275,-201,-146,84,269,315,246
124,348,220,-248,-49,286,-192,-140,112,256,300,221
122,344,233,-235,-48,313,-192,-143,108,274,316,232
127,362,238,-269,-56,293,-201,-132,113,278,315,260
99,366,262,-277,-50,309,-214,-131,118,277,321,268
137,368,243,-269,-64,311,-213,-136,114,280,348,273
129,375,242,-252,-48,315,-183,-154,117,274,346,266
150,378,248,-279,-44,305,-221,-148,107,287,346,283
143,382,258,-254,-69,324,-217,-139,104,304,369,284
147,380,235,-273,-62,333,-215,-176,123,295,353,267
130,392,257,-252,-54,325,-235,-151,110,301,372,258
146,389,265,-272,-84,332,-218,-164,113,303,339,268
118,394,253,-249,-37,341,-226,-169,112,285,361,276
129,412,249,-289,-49,348,-232,-162,120,302,390,277
159,400,276,-270,-69,328,-218,-148,126,295,343,280
162,400,258,-264,-57,358,-233,-169,125,297,362,271
130,414,269,-258,-69,339,-216,-168,124,292,368,250
136,405,265,-255,-71,350,-231,-158,123,326,377,296
134,397,259,-266,-59,334,-223,-155,115,324,372,282
123,401,247,-247,-68,333,-213,-170,121,292,369,278
152,384,249,-267,-52,290,-208,-154,113,306,364,281
133,393,260,-249,-43,318,-208,-154,98,302,345,255
170,377,243,-258,-25,332,-238,-141,108,283,324,273
115,373,249,-253,-46,327,-201,-173,135,296,339,262
129,378,247,-256,-41,322,-210,-151,117,286,324,264
149,360,242,-249,-55,308,-194,-152,108,288,310,251
108,393,235,-239,-65,319,-196,-150,99,280,289,244
119,336,247,-244,-28,317,-205,-148,112,271,309,250
113,349,230,-235,-27,294,-181,-156,120,271,338,261
132,339,233,-242,-51,283,-205,-126,121,274,316,255
123,332,217,-233,-47,279,-189,-137,120,240,277,226
120,352,211,-213,-39,276,-148,-120,89,240,304,217
127,315,210,-213,-46,272,-190,-148,116,247,292,235
104,312,194,-224,-32,269,-162,-125,96,232,297,199
92,307,206,-208,-34,231,-169,-104,94,238,295,224
104,289,187,-214,-49,251,-179,-97,81,221,273,214
107,272,189,-185,-64,250,-159,-105,87,218,241,187
98,277,178,-173,-56,231,-168,-116,87,205,241,181
97,255,169,-169,-39,211,-179,-112,89,193,243,217
73,247,164,-157,-43,215,-130,-116,71,198,201,180
90,277,160,-179,-30,205,-123,-91,70,202,239,176
111,241,141,-151,-54,191,-149,-110,57,197,202,160
57,232,143,-153,-31,185,-151,-79,90,171,202,147
69,223,150,-161,-38,184,-108,-84,66,145,181,176
60,215,133,-141,-21,180,-128,-90,40,142,192,139
79,195,126,-128,-29,178,-115,-77,55,153,190,155
67,191,148,-138,-30,164,-122,-64,84,151,164,133
68,196,112,-122,-22,156,-94,-66,43,128,148,118
68,183,80,-120,-35,135,-84,-85,80,101,131,134
55,155,108,-101,-16,127,-77,-66,60,117,141,126
57,151,90,-118,-3,138,-91,-68,59,130,148,101
66,131,88,-98,-24,103,-66,-69,37,101,148,98
31,136,84,-86,-31,104,-74,-57,42,114,133,90
39,130,93,-88,-20,97,-61,-45,25,73,115,95
22,120,82,-85,-6,109,-72,-38,43,88,132,90
34,95,71,-83,-18,91,-50,-56,39,85,100,62
54,77,69,-48,-18,81,-53,-39,34,46,69,45
30,99,52,-83,12,76,-52,-39,15,59,82,57
21,106,68,-59,-19,83,-53,-29,39,56,63,67
35,63,52,-56,8,86,-41,-21,33,56,88,40
26,72,41,-58,-14,57,-17,-33,42,38,54,53
27,38,51,-63,31,77,-51,-19,18,46,55,44
3,77,41,-37,-8,58,-15,-37,16,49,59,44
3,55,34,-60,0,48,-25,-28,22,44,51,50
6,46,8,-40,0,19,-28,-21,26,38,23,13
22,42,12,-28,-3,23,-23,-14,11,26,40,16
11,13,17,-41,-15,29,-34,-12,-11,45,33,14
6,27,15,1,-1,20,-18,2,-2,2,45,37
17,-10,2,-39,-2,17,-11,-1,10,15,18,15
7,27,-2,-14,10,18,-8,-16,-5,11,13,19
-18,2,1,-15,-9,12,-2,-19,-15,16,15,10
9,-7,-6,-7,5,29,-19,0,12,12,-9,-24
6,12,-10,-8,-2,16,13,-10,9,31,-3,0
-18,-1,-1,3,0,15,-8,2,9,10,-11,-5
3,5,-14,28,7,5,-3,-22,1,-16,-7,2
-5,-17,-11,25,-25,-2,1,8,-19,12,12,-19
-1,-3,-15,33,1,-26,10,-10,-19,-14,-10,7
-3,4,-24,25,19,-18,36,7,-6,-28,-5,-9
30,-31,-25,12,8,-27,-10,6,-5,-13,1,-23
-29,-24,-8,31,11,-8,-3,19,-15,-11,-19,-36
-14,-16,-14,9,20,-35,4,18,-16,-26,-23,-54
-1,-42,-16,30,-1,-12,12,10,-26,-24,-23,-10
-14,-31,-25,37,-21,-12,24,19,-7,-30,-25,-41
12,-33,-15,40,-7,-21,24,33,-1,-21,-18,-17
0,-47,-36,7,2,-33,30,18,25,-27,-21,-18
1,-29,-22,20,-7,-40,16,25,-19,-48,-35,-21
-24,-47,-34,48,5,-27,4,10,0,-11,-33,-39
-21,-42,-31,31,-6,-36,32,22,-17,-17,-40,-18
-7,-26,-19,21,9,-27,28,17,-10,-33,-38,-40
-5,-38,-44,41,2,-26,8,10,0,-23,-41,-22
-25,-33,-24,28,4,-46,11,3,2,-34,-34,-45
-41,-41,-19,48,24,-32,14,23,10,-31,-48,-23
-6,-22,-27,25,0,-40,28,22,-13,-35,-53,-27
-20,-39,-27,18,11,-47,14,6,4,-20,-42,-39
-11,-53,-32,27,20,-38,19,24,-22,-21,-27,-48
-4,-54,-31,44,8,-9,45,29,-29,-49,-48,-13
5,-34,-29,41,8,-53,23,16,-15,-38,-46,-32
-18,-59,-41,5,29,-54,12,21,-12,-30,-38,-21
-12,-40,-54,26,17,-39,11,31,-17,-23,-61,-37
-28,-61,-40,30,7,-65,11,13,-26,-45,-36,-13
-21,-55,-20,21,2,-36,21,29,-18,-38,-30,-42
-5,-36,-20,39,-1,-33,17,15,-16,-48,-49,-25
-19,-47,-58,52,33,-36,27,35,-8,-39,-48,-25
-17,-36,-64,44,11,-37,36,43,-6,-52,-41,-13
-11,-52,-25,28,4,-33,8,18,-6,-31,-48,-43
-19,-41,-33,42,23,-30,18,4,-10,-54,-48,-28
-28,-38,-16,46,-2,-48,21,23,-3,-22,-51,-23
-17,-57,-49,35,-13,-34,25,24,-15,-28,-31,-22
5,-44,-34,51,14,-56,29,29,-12,-28,-65,-26
-23,-41,-18,30,-18,-49,29,22,-38,-39,-28,-17
4,-34,-69,24,8,-56,2,15,-24,-38,-49,-38
-37,-53,-25,22,-23,-21,27,10,-16,-29,-41,-18
-19,-37,-37,48,22,-44,33,19,-35,-32,-40,-17
-9,-15,-28,35,11,-47,12,26,-20,-12,-34,-38
-11,-48,-15,41,14,-40,36,7,-6,-31,-41,-20
-16,-53,-31,6,11,-47,26,15,-12,-37,-53,-16
-9,-47,-26,28,10,-42,19,20,-2,-44,-54,-34
-11,-37,-26,40,13,-23,18,5,-5,-23,-42,-26
-23,-54,-35,24,7,-41,16,37,-8,-2,-21,-45
-7,-42,-24,22,-5,-43,28,8,-5,-19,-26,-6
-20,-44,-35,39,20,-50,32,25,-18,-36,-21,-55
-18,-49,-48,37,6,-56,38,19,-22,-28,-59,-24
-10,-54,-25,29,9,-42,-3,37,-1,-20,-37,-17
11,-49,-40,23,-5,-23,23,17,11,-15,-50,-29
-4,-30,-20,45,5,-14,32,28,-2,-54,-16,-38
-37,-44,-37,42,13,-35,18,-4,-5,-53,-50,-53
-11,-42,10,16,7,-42,32,37,-23,-38,-36,-31
-25,-29,-25,27,-16,-37,20,16,0,-29,-37,-20
-4,-47,-16,18,-16,-19,11,12,-20,-34,-26,-62
-39,-28,-33,31,10,-44,48,29,-13,-29,-45,-49
-27,-47,-19,35,11,-16,36,25,-12,-34,-46,-21
-3,-23,-28,57,22,-56,15,22,-33,-58,-38,-28
-1,-32,-47,25,13,-25,20,39,-21,-30,-27,-39
-15,-32,-29,52,-3,-13,0,14,-11,-22,-37,-23
-3,-43,-22,23,17,-28,36,17,-8,-24,-43,-26
-10,-36,-19,25,21,-22,29,24,-17,-38,-42,-40
0,-28,-24,49,11,-34,6,1,-28,-13,-39,-8
-17,-24,-11,33,1,-40,27,-11,3,-40,-38,-41
-5,-25,-39,11,9,-16,15,37,8,-37,-40,-28
-25,-34,-49,34,1,-34,0,7,-14,-21,-71,-39
-22,-45,-13,23,-16,-31,24,39,-22,-14,-39,-11
-18,-40,-27,29,3,-40,11,6,-22,-12,-32,-33
3,-39,-22,18,-3,-13,32,19,-7,-13,-23,-26
-14,-47,-17,41,-6,-52,23,5,-3,-23,-50,-27
-11,-34,-12,14,-4,-42,4,3,-39,-52,-29,-18
-9,-23,-15,14,6,-28,10,3,-14,-47,-13,-36
-8,-34,-38,1,5,-42,25,4,-18,-2,-34,-19
13,-37,-25,19,4,-32,12,20,-15,-19,-34,-12
9,-41,-11,15,-10,-29,29,1,7,-15,-35,-45
-19,-36,-9,24,-13,-15,25,-2,-31,-24,-29,-37
-5,-52,-32,8,28,-8,4,20,-8,-34,-13,-15
-20,-24,-48,30,13,-13,3,20,-11,-30,-34,-26
10,-60,-37,18,9,-34,13,3,-11,-26,-41,-4
-34,-13,-16,19,-12,-8,17,17,-2,-31,-5,-7
-34,-53,-11,27,14,-24,12,11,-10,-29,-32,-5
0,-47,-35,8,9,-9,10,15,-13,-28,-52,-9
-26,-18,-17,16,-3,-9,14,24,-3,-18,-4,-9
-7,-36,-31,22,13,-17,8,7,5,-37,-46,-26
-23,-29,-10,12,2,-5,2,-8,-22,-13,-9,-14
-31,-12,-6,22,15,-19,18,-4,-8,-16,-22,-23
-21,-27,-19,11,0,-23,25,30,-18,-33,-28,-9
-18,-25,-16,17,-15,-8,5,-8,15,-5,0,-8
-8,7,-12,26,-12,-3,-6,4,-13,-20,-9,-1
1,-27,-19,-23,5,-5,11,-18,1,14,-9,17
13,0,-8,9,9,-8,-7,-17,-4,10,-13,3
10,-10,-10,2,-11,-14,-13,-3,2,18,-14,-10
-2,4,3,-10,4,8,-13,2,2,18,11,-3
12,15,-9,-15,-30,-6,-12,7,18,2,6,-16
-3,7,4,2,-2,35,-19,8,5,0,-3,9
-11,7,11,-19,-4,18,-8,-42,3,20,13,23
-7,30,21,-25,-3,6,-12,-34,4,15,25,4
10,30,16,-4,0,19,-21,-7,6,29,-7,14
23,49,37,-32,-2,18,7,-15,-2,17,24,18
7,46,29,-19,5,23,-35,-12,23,54,35,35
8,45,31,-51,-17,63,-31,-24,-4,45,28,29
18,51,35,-24,-1,48,-51,-29,28,37,28,31
25,54,42,-35,12,49,-39,-27,-1,48,61,49
14,72,51,-43,-5,55,-42,-35,20,55,63,54
35,58,40,-55,-4,63,-53,-11,28,77,67,53
24,79,64,-71,14,72,-58,-55,17,66,81,63
19,58,59,-82,-39,76,-48,-28,16,61,87,77
37,99,67,-74,-37,88,-81,-50,31,79,107,66
37,118,62,-83,-23,94,-62,-42,27,101,112,102
46,115,75,-66,-1,115,-50,-62,42,101,107,96
50,136,87,-92,-7,116,-67,-57,59,108,94,104
56,140,88,-108,-33,112,-73,-36,22,113,160,105
36,150,110,-96,-28,117,-76,-65,37,106,125,107
50,152,93,-106,-27,121,-73,-59,37,118,143,117
72,147,98,-111,-42,142,-97,-72,49,121,149,116
45,187,119,-125,-20,143,-104,-77,57,133,151,149
58,182,120,-129,-13,157,-93,-81,65,155,150,138
52,195,131,-128,-46,143,-109,-66,68,127,158,152
61,177,131,-123,-25,167,-121,-70,47,140,207,130
64,212,116,-125,-16,151,-107,-91,51,161,182,141
75,183,146,-157,-37,177,-115,-95,47,150,186,145
80,184,114,-154,-26,180,-108,-104,65,166,179,134
80,203,161,-133,-32,174,-120,-91,81,157,201,149
94,198,155,-139,-40,167,-117,-82,86,143,203,171
81,214,141,-138,-30,183,-119,-88,63,140,211,139
110,249,151,-137,-54,178,-121,-59,70,180,173,157
93,232,143,-146,-51,182,-112,-88,70,158,186,148
82,222,148,-130,-27,192,-136,-110,44,182,208,146
71,206,151,-144,-28,183,-140,-86,81,178,215,173
89,218,125,-144,-23,189,-119,-95,61,190,187,144
65,218,134,-131,-32,195,-132,-94,60,172,184,151
73,231,143,-138,-27,172,-120,-69,58,157,182,136
71,196,140,-130,-26,163,-106,-72,61,158,175,129
78,192,113,-150,-31,173,-114,-87,78,151,189,153
85,207,104,-129,-3,152,-108,-93,43,150,162,133
53,173,119,-119,-38,158,-91,-64,69,126,167,126
54,169,107,-142,-42,140,-81,-62,42,141,139,149
33,164,107,-113,-11,125,-104,-86,44,146,172,125
58,176,119,-101,-38,122,-95,-65,49,130,157,116
66,150,76,-115,-24,123,-78,-76,68,118,150,102
36,151,88,-87,-14,131,-71,-43,34,96,144,90
28,141,100,-108,-23,102,-66,-58,59,76,125,109
21,131,75,-67,-25,85,-75,-67,52,84,100,83
52,109,78,-74,-2,97,-68,-41,50,85,100,84
52,101,53,-56,-49,100,-64,-63,41,82,110,67
23,96,70,-67,-26,86,-43,-42,32,82,74,68
21,64,50,-54,-12,78,-62,-40,7,67,68,54
27,78,42,-55,-13,53,-39,-55,31,58,78,68
39,68,36,-37,-3,56,-43,-16,24,60,76,57
32,29,28,-48,-9,21,-31,-19,3,38,63,28
15,62,27,-25,-4,55,-30,-25,10,29,25,41
-5,4,15,-33,-5,38,-20,-5,19,19,30,44
10,20,5,-22,-2,17,-11,-26,9,34,29,34
16,18,-1,-9,4,41,0,-22,2,9,42,7
9,18,16,-16,-9,11,26,-13,18,22,17,9
14,-9,15,-6,-9,11,-9,-12,-2,26,12,22
0,-2,-14,-14,-6,-8,16,22,18,-7,-6,12
0,-2,5,-1,11,-12,-15,14,2,-7,0,13
2,-31,2,7,12,12,25,1,8,-13,-18,-16
-24,-20,-13,9,-5,3,6,21,-8,-15,-20,2
4,-38,-1,15,26,-16,7,6,1,-28,-7,-16
-7,-30,-33,50,4,-15,19,43,3,-36,-15,-15
5,-42,-17,8,5,-32,20,13,-13,-17,-18,-11
-6,-19,-17,33,15,-41,23,21,-10,-15,-16,-18
-9,-32,-30,25,18,-16,13,-5,-22,-25,-47,-26
-23,-39,-30,15,-3,-29,16,-4,-8,-26,-29,-24
-42,-47,-35,20,8,-39,26,35,1,-27,-19,-45
-3,-61,-27,18,15,-26,18,10,-33,-58,-35,-30
-14,-48,-28,23,2,-46,8,31,-32,-40,-25,-37
-15,-46,-42,50,-10,-41,36,6,-20,-41,-49,-43
-21,-46,-21,50,18,-45,37,21,-3,-56,-50,-53
-44,-47,-24,13,7,-77,16,52,-32,-48,-53,-34
-30,-89,-53,36,13,-48,39,2,-50,-55,-61,-38
-51,-90,-73,58,-7,-61,17,22,0,-36,-78,-44
-29,-75,-44,69,33,-67,53,45,-29,-37,-58,-52
-19,-101,-64,73,11,-57,51,27,-47,-78,-88,-74
-20,-106,-88,65,23,-79,55,36,-22,-79,-104,-50
-30,-138,-69,80,0,-96,58,68,-57,-84,-106,-103
-47,-108,-91,71,28,-88,77,49,-32,-84,-135,-94
-61,-135,-100,87,9,-129,87,62,-66,-106,-154,-117
-77,-169,-87,114,22,-155,80,64,-69,-122,-145,-127
-63,-180,-128,121,17,-130,100,73,-44,-145,-165,-111
-90,-193,-128,134,26,-157,95,51,-42,-134,-168,-157
-55,-199,-113,129,34,-189,96,53,-65,-148,-183,-150
-44,-183,-133,139,33,-173,108,70,-70,-165,-187,-153
-83,-218,-135,146,22,-195,131,86,-70,-168,-200,-144
-78,-209,-137,131,34,-166,111,73,-75,-147,-182,-152
-44,-197,-131,117,34,-182,108,70,-56,-147,-162,-146
-64,-174,-122,147,11,-124,126,73,-56,-148,-161,-131
-55,-152,-127,105,14,-142,77,58,-51,-136,-132,-105
-41,-116,-87,93,11,-93,52,58,-48,-80,-114,-84
-36,-77,-56,49,-7,-86,18,32,-26,-44,-62,-40
3,0,-19,4,17,4,22,21,-6,-13,-26,-10
31,70,57,-49,-3,52,-36,-44,18,40,58,47
23,143,87,-97,-33,98,-75,-53,4,94,126,106
87,228,139,-148,-40,195,-148,-88,120,164,203,169
114,339,227,-224,-38,274,-186,-129,98,270,287,224
180,429,288,-294,-71,365,-246,-185,130,334,402,308
185,538,348,-385,-80,423,-282,-210,157,415,492,404
253,634,414,-428,-108,564,-346,-245,177,501,573,446
255,764,477,-520,-85,606,-425,-292,215,543,676,533
285,834,544,-577,-145,669,-450,-331,260,609,745,575
311,893,578,-602,-118,719,-501,-362,273,646,786,643
336,947,612,-646,-149,782,-515,-387,280,723,865,640
344,975,625,-677,-148,796,-526,-378,292,721,863,681
344,978,651,-674,-143,817,-555,-385,293,734,889,677
311,957,636,-640,-131,799,-540,-388,285,708,861,662
325,937,599,-620,-135,759,-499,-366,292,703,843,616
310,868,552,-590,-127,717,-460,-358,267,656,769,604
262,783,495,-521,-115,660,-448,-325,237,592,711,550
268,696,480,-471,-100,564,-382,-273,209,525,608,474
204,607,385,-403,-84,485,-311,-236,163,444,539,433
158,484,332,-326,-79,425,-263,-233,133,374,437,338
148,383,241,-273,-52,346,-200,-159,94,267,345,242
92,258,159,-184,-54,199,-134,-82,88,182,228,183
53,169,107,-92,-32,118,-80,-62,20,125,146,107
29,40,42,-48,0,45,-34,0,25,49,36,42
-15,-51,-5,22,9,-46,18,8,-6,-50,-23,-6
-17,-89,-72,72,7,-89,55,43,-30,-81,-89,-83
-56,-173,-104,105,16,-134,89,68,-48,-114,-147,-92
-85,-213,-150,143,20,-181,111,99,-75,-179,-195,-125
-68,-254,-179,178,31,-217,145,91,-63,-196,-240,-194
-80,-280,-174,198,38,-246,154,146,-80,-209,-237,-188
-100,-307,-203,213,35,-253,152,104,-93,-229,-274,-224
-110,-314,-190,219,41,-241,190,126,-79,-220,-293,-214
-101,-314,-201,219,44,-258,175,127,-108,-250,-258,-226
-97,-293,-198,223,61,-251,178,120,-96,-223,-244,-190
-118,-283,-184,183,30,-242,169,127,-90,-198,-266,-210
-99,-262,-175,192,34,-215,153,90,-101,-203,-248,-176
-104,-234,-144,163,43,-189,119,90,-60,-206,-208,-164
-63,-210,-132,161,31,-174,126,81,-51,-191,-178,-146
-81,-184,-122,128,15,-178,92,61,-29,-129,-168,-149
-58,-163,-102,118,27,-142,96,78,-49,-138,-164,-124
-73,-134,-108,114,22,-121,75,64,-61,-121,-144,-109
-49,-146,-101,74,5,-109,74,55,-55,-97,-129,-83
-38,-109,-69,70,12,-85,63,44,-38,-87,-83,-79
-36,-89,-69,59,30,-84,48,30,-41,-66,-94,-73
-27,-87,-61,42,10,-67,34,47,-31,-52,-75,-65
-21,-107,-66,67,0,-50,52,25,-17,-60,-95,-71
-49,-70,-44,47,-2,-66,53,42,-31,-57,-78,-49
-28,-80,-53,36,1,-65,3,15,-14,-41,-60,-50
-27,-76,-55,18,23,-55,38,7,-9,-28,-49,-55
-11,-61,-56,54,4,-54,29,24,-24,-72,-44,-40
-33,-62,-38,53,40,-55,40,25,-11,-39,-67,-24
-39,-76,-32,38,-5,-37,42,40,-23,-53,-61,-26
-28,-61,-35,26,2,-44,41,-3,-3,-46,-52,-25
-13,-56,-30,22,17,-28,19,20,-36,-37,-36,-22
-18,-56,-24,58,10,-39,43,9,-10,-29,-53,-33
-10,-24,-36,50,-2,-36,11,20,-16,-34,-38,-34
4,-51,-12,33,-3,-27,22,21,-20,-48,-24,-26
-3,-56,-27,31,18,-43,12,6,-23,-43,-39,-19
-18,-28,-23,25,13,-28,4,13,3,-44,-32,-26
-24,-39,-3,19,24,-43,18,6,1,-20,-11,-26
-23,-62,-30,18,10,-26,12,32,4,-41,-41,-34
-13,-46,-31,35,-10,-15,8,26,-15,-27,-25,-7
-19,-17,-15,10,0,-12,12,13,-27,-42,-13,-22
-3,-24,-20,23,22,-24,6,1,-5,-11,-34,-5
7,-30,-23,31,1,-16,10,7,-2,-8,-17,-40
0,-28,-14,5,-9,-29,8,14,-12,-11,-26,-6
-16,-5,-38,15,11,-12,16,-9,0,-20,-16,0
-4,-26,-8,16,0,18,22,-11,-3,-2,-3,-4
4,-19,-20,27,12,5,-1,-3,-8,-5,-7,-5
12,-11,4,-3,-4,11,-7,12,-12,-7,-4,-13
2,8,-8,2,-1,-16,16,-29,-1,7,5,25
-2,-2,-5,5,-6,36,-8,2,5,12,-15,3
15,7,18,6,-10,8,2,12,18,20,19,2
10,20,29,-1,-11,12,8,-26,10,8,14,3
4,18,22,-16,8,23,-2,-8,-1,18,14,10
17,17,26,-30,-10,26,-29,-12,23,24,27,10
32,27,11,-23,3,27,-38,-7,-2,17,14,25
1,44,14,-5,-17,19,-35,-14,11,42,27,32
-2,38,30,-28,14,50,-19,-14,12,39,43,29
12,40,16,-29,15,21,-24,9,24,42,62,34
6,64,39,-47,5,32,-26,-32,33,21,46,62
38,65,45,-63,-34,72,-22,-22,30,33,65,57
19,56,43,-55,-17,53,-22,-18,2,50,58,80
37,74,46,-53,-2,58,-41,-17,34,63,65,35
50,81,49,-74,-29,74,-41,-29,21,65,83,63
8,85,86,-62,-3,89,-60,-30,16,54,82,58
38,102,85,-75,-6,92,-44,-32,9,60,97,68
37,115,45,-107,-21,82,-75,-49,55,68,103,76
41,150,72,-73,-11,90,-84,-38,14,91,99,86
30,124,81,-79,-25,99,-64,-46,54,73,117,112
50,117,80,-97,-26,91,-70,-53,44,111,124,107
46,158,89,-104,-15,126,-81,-52,31,108,119,100
45,134,115,-71,-26,110,-89,-51,48,113,142,105
57,177,106,-119,-32,110,-90,-62,41,117,143,116
62,158,107,-116,-29,129,-67,-51,40,136,124,114
46,191,116,-124,-23,148,-79,-72,37,134,180,133
63,212,121,-133,-35,172,-119,-69,52,153,136,139
63,213,147,-138,-42,196,-102,-97,42,166,178,135
87,221,143,-129,-33,184,-105,-79,53,135,179,146
60,207,150,-131,-56,166,-100,-98,69,153,189,149
91,226,140,-140,-27,179,-124,-102,66,164,196,167
77,239,154,-169,-25,189,-108,-88,74,173,207,165
91,245,167,-156,-36,202,-140,-83,69,180,222,170
77,259,173,-154,-43,212,-130,-106,73,167,226,177
84,254,165,-154,-28,216,-140,-108,64,209,201,209
94,291,151,-168,-38,237,-127,-109,86,181,249,184
82,280,175,-173,-48,205,-159,-124,77,202,233,191
102,284,174,-188,-44,243,-155,-116,69,201,260,202
88,302,190,-209,-60,225,-160,-114,92,205,243,195
97,303,193,-207,-61,221,-185,-127,80,212,267,221
129,299,191,-206,-47,263,-154,-142,90,218,291,209
95,325,211,-185,-22,237,-170,-146,89,236,275,221
129,299,209,-211,-70,265,-176,-138,66,241,280,198
100,289,203,-213,-37,249,-178,-118,98,250,272,217
136,328,201,-220,-63,263,-197,-117,96,243,290,215
100,301,203,-218,-28,266,-188,-125,112,256,272,225
114,337,217,-215,-36,285,-171,-148,103,243,293,213
128,344,222,-219,-38,290,-178,-134,96,232,279,231
117,324,222,-239,-52,290,-182,-125,105,251,308,227
102,347,223,-229,-42,256,-179,-121,98,256,311,225
130,334,230,-241,-41,285,-172,-161,117,242,310,228
111,343,213,-233,-42,273,-175,-122,125,256,301,244
121,337,224,-239,-45,308,-205,-146,99,241,296,239
108,345,211,-232,-40,302,-194,-134,103,273,326,239
121,331,215,-226,-32,297,-189,-148,113,257,298,229
115,334,230,-236,-68,285,-188,-149,82,241,309,222
117,347,215,-236,-69,287,-178,-122,111,251,294,237
132,339,230,-211,-58,287,-187,-120,106,257,317,226
110,329,224,-207,-76,263,-184,-128,97,242,292,254
119,319,202,-230,-57,263,-187,-97,77,220,309,201
92,331,236,-200,-42,250,-156,-132,106,250,285,209
99,311,212,-230,-67,275,-180,-99,72,248,280,243
106,303,216,-207,-42,237,-173,-118,96,235,292,199
96,306,197,-195,-30,258,-175,-115,105,217,262,207
100,307,218,-213,-61,245,-156,-109,99,230,270,247
116,289,191,-203,-32,233,-170,-103,87,190,252,200
102,293,183,-201,-65,259,-158,-89,75,208,241,206
100,271,185,-188,-40,230,-160,-110,68,203,258,198
103,255,182,-155,-33,227,-150,-117,105,184,258,178
92,258,168,-168,-42,213,-131,-111,88,212,242,161
65,245,159,-172,-26,213,-146,-106,70,204,233,168
89,246,151,-180,-34,212,-133,-94,85,194,220,175
83,234,162,-156,-49,199,-123,-72,68,171,211,177
69,226,154,-159,-21,186,-167,-96,65,154,206,152
72,224,140,-169,-58,162,-101,-91,77,163,202,156
61,215,156,-128,-55,161,-121,-86,23,153,196,141
76,201,111,-141,-27,166,-98,-105,44,147,159,136
71,211,135,-149,-34,169,-74,-68,79,142,170,129
68,183,98,-120,-24,143,-98,-105,54,138,181,149
69,159,122,-113,-34,158,-93,-57,63,137,128,119
52,138,130,-129,-11,124,-88,-70,69,134,129,121
57,162,95,-101,-16,127,-102,-82,31,109,136,111
53,154,101,-70,-12,142,-76,-60,65,117,121,118
32,122,73,-82,-14,112,-96,-47,51,129,127,66
44,149,90,-68,-13,111,-82,-52,32,110,128,73
51,118,64,-82,-12,109,-60,-41,17,74,83,72
48,121,59,-76,-30,83,-70,-42,27,63,127,94
58,101,75,-86,-14,72,-59,-37,37,80,81,55
40,86,53,-70,-10,62,-56,-38,24,87,76,77
38,75,49,-69,-12,52,-32,-34,6,45,71,36
30,79,57,-58,-6,73,-66,-38,40,50,65,60
9,64,39,-58,-12,60,-41,-26,10,50,56,50
-3,53,29,-39,-22,42,1,-21,18,37,59,35
36,48,40,-31,-24,47,-27,-16,22,25,45,38
18,46,30,-37,3,47,-31,0,5,15,46,35
10,33,47,-21,-8,23,2,-29,6,20,26,33
26,41,41,-28,-2,15,-7,8,15,35,26,30
27,29,4,-6,-26,32,-41,22,9,12,6,16
4,0,17,-9,-1,19,2,-13,18,12,24,19
3,8,15,1,-9,12,-9,-9,26,9,1,24
4,-4,10,-7,-10,8,-4,17,-7,-1,11,7
3,-17,-12,-11,24,-15,1,1,-10,-11,5,-6
-24,-13,-4,1,22,5,17,-3,-1,0,-41,-3
0,-21,-8,23,7,-33,32,12,-9,11,-22,-6
-13,-20,-34,5,5,-16,0,5,0,-7,-16,-24
-29,-29,-13,18,1,-23,32,-13,-4,-20,-18,-6
-15,-42,-11,24,-27,-24,9,4,3,-3,-30,-16
-7,-22,-17,14,0,-38,3,16,-44,-23,-43,-30
-1,-37,-51,3,7,-31,18,18,-19,-25,-40,-10
5,-56,-40,23,5,-20,44,20,-10,-26,-17,-7
-8,-35,-18,22,8,-24,40,1,-4,-38,-33,-34
-15,-36,-48,35,3,-32,24,22,-23,-36,-46,-57
-15,-46,-58,34,8,-66,27,16,-19,-50,-58,-34
-39,-60,-41,39,-3,-63,21,7,-25,-34,-43,-21
-14,-49,-49,40,24,-31,30,19,-7,-39,-63,-53
-33,-70,-36,41,25,-52,36,36,-16,-41,-63,-72
-30,-54,-62,44,9,-51,55,27,-21,-45,-48,-45
-11,-73,-35,38,29,-53,28,35,-23,-48,-47,-25
-10,-43,-44,27,4,-60,58,48,-27,-62,-64,-50
-29,-57,-54,38,28,-48,32,29,-27,-48,-59,-35
-15,-72,-43,76,-9,-67,41,31,-29,-56,-64,-57
-23,-69,-34,52,-7,-69,65,11,-33,-53,-46,-29
-37,-75,-86,48,5,-66,43,33,-33,-47,-91,-63
-23,-85,-27,53,-2,-75,44,23,-15,-69,-55,-48
-31,-69,-58,41,-2,-65,55,21,-42,-48,-72,-55
-31,-70,-56,29,13,-63,41,38,-29,-59,-58,-46
-42,-76,-46,49,12,-57,35,21,-28,-74,-73,-56
-9,-80,-72,79,11,-55,68,20,-23,-79,-54,-70
-43,-88,-33,49,-13,-74,32,33,-31,-69,-57,-28
-32,-102,-66,62,21,-68,49,37,-34,-90,-100,-59
-28,-74,-50,46,1,-56,53,18,-29,-70,-64,-76
-28,-74,-69,37,-5,-78,40,53,-21,-70,-75,-63
-25,-86,-58,76,21,-46,30,28,-17,-79,-77,-61
-23,-72,-56,52,17,-65,30,58,-41,-63,-71,-53
-22,-106,-73,47,23,-56,45,36,-23,-44,-74,-67
-15,-107,-58,51,32,-61,35,29,-14,-70,-97,-57
-27,-84,-46,54,10,-79,43,58,-38,-48,-79,-58
-47,-73,-84,64,28,-80,34,37,3,-82,-93,-50
-19,-88,-31,83,32,-82,48,46,-42,-70,-64,-49
-20,-97,-60,39,-16,-85,59,26,-2,-64,-83,-46
-23,-73,-40,57,7,-70,59,26,-5,-95,-71,-73
-30,-87,-20,64,3,-67,60,16,-35,-66,-83,-57
-29,-87,-67,56,26,-61,48,18,-12,-72,-65,-62
-16,-91,-56,67,13,-51,49,70,-31,-76,-59,-52
-38,-61,-52,68,30,-91,34,17,-36,-71,-68,-49
-33,-88,-61,74,3,-71,60,41,-34,-68,-93,-51
-21,-92,-70,70,3,-66,23,24,-17,-65,-54,-51
-25,-76,-55,61,-3,-75,44,39,-27,-67,-77,-69
-27,-75,-49,43,15,-58,45,21,-22,-79,-70,-65
-56,-99,-44,56,27,-73,39,43,-27,-70,-77,-34
-23,-99,-64,68,29,-64,29,33,-41,-57,-72,-65
-59,-82,-71,59,8,-76,57,32,-28,-41,-77,-74
-27,-78,-72,68,24,-92,46,25,-44,-73,-71,-47
-7,-88,-50,47,33,-87,48,8,-32,-70,-89,-58
-49,-92,-52,61,21,-48,42,49,-29,-61,-86,-71
-26,-111,-59,64,8,-63,43,48,-41,-51,-83,-39
-38,-101,-69,52,11,-76,53,37,-14,-68,-98,-42
-38,-76,-49,56,23,-60,60,39,-27,-41,-76,-61
-43,-90,-62,51,30,-73,51,44,-24,-60,-72,-63
-6,-81,-42,72,18,-81,26,43,-25,-61,-108,-76
-45,-80,-49,44,7,-84,28,22,-37,-82,-71,-57
-14,-81,-39,43,23,-88,26,51,-17,-65,-74,-75
-31,-100,-76,55,-1,-51,46,34,-35,-27,-83,-54
-34,-69,-70,54,4,-69,54,40,-33,-57,-82,-87
-17,-88,-59,45,8,-73,33,37,-17,-60,-70,-65
-48,-66,-48,48,29,-87,37,19,-25,-53,-79,-47
-24,-62,-41,64,18,-79,67,26,-26,-72,-90,-59
-16,-90,-52,59,5,-67,37,25,-24,-58,-52,-77
-5,-88,-56,61,4,-67,54,37,-15,-72,-73,-53
-41,-64,-45,46,9,-75,48,29,-31,-58,-74,-68
-22,-62,-51,62,14,-68,33,26,-49,-51,-72,-32
-44,-95,-62,52,31,-72,48,29,-34,-69,-64,-67
-16,-98,-73,76,6,-58,26,53,-31,-60,-76,-57
-30,-90,-57,12,7,-70,53,15,-12,-65,-67,-51
-31,-100,-66,42,9,-52,47,28,-32,-50,-88,-39
-26,-86,-53,46,19,-67,54,39,-37,-63,-74,-76
-29,-81,-42,61,15,-64,59,30,-24,-51,-69,-56
-43,-63,-64,52,43,-75,40,24,-24,-71,-57,-47
-24,-86,-43,61,12,-67,40,31,-32,-47,-68,-67
-41,-105,-71,39,19,-77,52,23,-14,-77,-73,-50
-36,-72,-46,44,10,-54,40,21,-24,-64,-73,-73
-25,-78,-59,49,8,-63,19,33,-19,-30,-85,-71
-27,-81,-40,59,3,-69,44,43,-35,-77,-60,-34
-31,-78,-37,57,23,-70,38,27,-15,-59,-83,-74
3,-79,-31,55,-23,-58,61,36,-30,-57,-70,-50
-31,-73,-44,41,25,-78,51,35,-16,-63,-86,-45
-22,-99,-39,84,20,-91,38,26,-16,-63,-71,-56
-28,-72,-65,73,-1,-50,56,39,-36,-36,-90,-24
-33,-98,-58,66,22,-60,40,29,-34,-48,-71,-38
-57,-78,-49,67,2,-77,51,30,-20,-47,-69,-30
-28,-69,-31,43,5,-51,47,20,-48,-44,-79,-39
-11,-82,-30,38,15,-62,33,32,-10,-67,-64,-47
-39,-91,-31,45,16,-45,53,38,-4,-70,-40,-58
-16,-73,-39,41,1,-56,68,33,-39,-37,-64,-46
-22,-54,-31,31,11,-52,48,29,-26,-60,-66,-35
-4,-48,-31,47,-7,-53,19,24,-54,-35,-62,-44
-13,-77,-35,36,-1,-44,34,39,-12,-58,-74,-28
-11,-61,-28,44,3,-61,61,11,-10,-40,-59,-46
-32,-48,-30,33,10,-57,37,11,-13,-40,-51,-40
-18,-46,-37,26,21,-46,35,3,-5,-28,-46,-33
-38,-47,-37,52,-6,-56,34,33,-23,-28,-56,-25
-13,-50,-19,4,-3,-42,45,38,9,-30,-38,-45
2,-35,-32,43,9,-43,31,27,-10,-14,-36,-26
-39,-42,-60,2,13,-43,11,13,-14,-38,-23,-12
-2,-54,-28,13,9,-27,14,11,-23,-27,-27,-10
-15,-34,-30,9,4,-16,23,14,-1,-30,-29,-37
-24,-19,-24,25,28,-22,17,8,-10,-1,-23,-39
-19,-31,-11,2,0,-21,6,-22,16,-33,-3,-34
-9,4,-5,25,14,-13,29,-8,-23,-17,-10,-17
6,2,4,32,2,-23,-19,23,11,-2,-14,-4
3,-2,-6,2,-2,-7,-2,-3,10,8,2,-15
3,16,0,7,-1,15,-3,-7,13,-26,3,-6
-8,-5,13,-7,-15,26,-8,-6,18,-12,2,3
-4,39,-4,-19,-3,26,24,-6,13,32,26,28
28,30,31,-20,-1,11,-17,-13,4,-5,47,47
12,51,22,-38,-4,56,-34,-16,12,21,23,35
11,43,44,-35,3,63,-29,-22,32,52,49,41
27,59,39,-49,-19,39,-59,-43,-7,69,51,61
-8,83,59,-23,-8,24,-22,-64,5,56,60,56
23,90,20,-41,-28,63,-69,-17,20,51,76,48
31,94,61,-49,0,68,-52,-22,12,91,76,58
53,104,59,-44,10,88,-63,-60,29,50,91,56
45,101,93,-61,-14,73,-49,-45,25,94,83,77
26,99,60,-75,-29,96,-48,-54,28,85,94,60
61,143,86,-76,-14,134,-85,-44,58,88,113,68
54,122,107,-86,-34,120,-74,-49,26,97,121,84
55,141,72,-90,-1,109,-56,-73,53,114,122,109
55,155,90,-80,-11,118,-97,-65,21,108,116,93
57,155,106,-124,-13,116,-86,-50,43,111,112,88
67,151,124,-94,-37,139,-85,-65,50,108,123,112
65,174,109,-108,-8,146,-105,-58,63,144,160,111
53,159,118,-122,-36,143,-97,-86,50,120,162,125
52,170,126,-123,-36,145,-129,-68,37,109,172,103
64,170,125,-118,-33,172,-99,-70,32,147,146,119
55,190,119,-111,-38,164,-103,-69,24,120,140,124
69,185,129,-117,-22,157,-108,-58,70,135,186,146
52,173,91,-131,-9,132,-102,-93,52,134,151,115
61,177,110,-139,-10,181,-101,-85,54,136,147,146
58,186,111,-119,-10,157,-115,-66,44,132,169,129
58,198,96,-131,-46,150,-93,-81,31,119,184,111
67,181,135,-133,-51,131,-80,-83,46,119,154,123
76,194,135,-126,-8,149,-123,-93,72,126,156,127
65,156,129,-116,-28,161,-88,-71,60,116,145,121
62,178,111,-111,-44,158,-104,-73,42,134,144,111
61,165,99,-119,-19,128,-73,-63,52,134,142,128
62,122,98,-105,-16,124,-70,-63,51,116,140,116
50,152,107,-88,-22,131,-84,-79,42,129,134,113
61,150,78,-105,-7,113,-100,-63,40,118,127,100
47,138,71,-87,-20,131,-56,-36,44,102,137,99
47,122,84,-53,-30,78,-74,-38,5,92,125,110
47,106,85,-84,-32,87,-57,-53,42,73,103,86
33,97,64,-92,-15,93,-56,-46,45,73,97,76
38,84,62,-48,-37,98,-56,-49,22,62,87,50
57,90,34,-53,-14,56,-52,-34,30,66,73,60
36,104,52,-62,-10,75,-43,-39,21,77,89,55
39,58,37,-50,-5,60,-54,-27,15,43,35,60
10,61,41,-41,9,43,-30,-33,7,42,51,38
9,70,18,-29,-16,44,-20,-17,35,58,31,25
26,31,16,-39,16,10,-1,-18,-2,24,39,27
8,24,12,-19,-3,44,-3,-22,16,29,42,8
27,15,20,-22,-7,18,-17,-11,18,19,17,17
2,27,3,-27,-2,3,-2,-19,8,12,24,-7
31,11,9,10,-1,-7,-24,-1,11,-2,2,11
11,-16,-28,-2,0,-6,6,19,7,-8,-15,-4
9,-29,-5,10,8,14,-9,15,-1,-9,-27,-13
11,-7,-10,8,-2,-1,-1,2,12,-3,-11,-3
21,-18,-20,12,-1,-33,18,14,-18,-14,-34,-14
-14,-16,-18,5,-7,-4,16,-7,-1,-17,-1,-28
-15,-15,-32,32,21,-21,8,27,-4,-3,-30,6
-26,-27,-20,25,14,-22,25,24,-35,-25,-44,-25
-32,-66,-24,29,-17,-33,14,17,-13,-24,-26,-18
-18,-60,-28,36,9,-62,34,8,-21,-19,-49,-46
-42,-52,-37,50,30,-11,18,5,-13,-40,-49,-34
8,-63,-51,39,10,-51,30,50,-6,-33,-28,-31
0,-62,-46,38,10,-43,38,40,-25,-47,-52,-47
-24,-60,-39,29,23,-57,43,42,-8,-59,-43,-27
-18,-62,-31,36,9,-62,45,14,-23,-31,-46,-47
-19,-68,-55,33,13,-50,38,18,-27,-56,-75,-47
-23,-57,-41,46,15,-49,24,21,-12,-52,-95,-43
-23,-86,-52,41,-5,-69,25,23,-44,-55,-53,-42
-35,-98,-38,67,25,-53,57,46,-25,-53,-39,-72
-30,-75,-50,59,16,-55,44,26,-42,-73,-70,-46
-39,-88,-56,74,20,-72,31,30,-49,-69,-89,-68
-53,-80,-80,78,5,-82,44,36,-21,-88,-92,-60
-25,-115,-94,78,20,-79,80,31,-17,-91,-106,-71
-47,-131,-72,87,21,-89,64,53,-44,-71,-84,-83
-30,-138,-83,92,9,-111,84,61,-38,-103,-127,-94
-49,-122,-86,102,24,-120,66,76,-27,-109,-135,-96
-65,-170,-76,132,31,-123,89,51,-58,-112,-134,-106
-66,-174,-110,123,5,-144,62,59,-38,-133,-148,-113
-72,-178,-116,118,21,-146,94,75,-62,-137,-161,-112
-70,-207,-124,118,35,-151,107,59,-38,-143,-180,-134
-87,-232,-144,144,38,-174,108,81,-52,-157,-182,-149
-57,-208,-152,175,48,-201,106,80,-94,-169,-211,-181
-86,-206,-144,151,28,-211,131,103,-46,-184,-213,-161
-104,-235,-145,164,31,-205,152,92,-64,-175,-208,-172
-95,-234,-150,138,47,-194,132,96,-87,-179,-235,-148
-65,-227,-127,153,36,-185,116,88,-73,-155,-205,-155
-73,-202,-133,139,34,-185,117,66,-75,-164,-189,-142
-63,-171,-108,123,10,-143,105,53,-42,-144,-165,-137
-27,-157,-61,92,37,-110,81,63,-53,-106,-136,-113
-44,-91,-81,72,15,-66,37,38,-43,-54,-80,-59
-9,-40,-34,28,34,-24,18,22,3,-22,-67,-42
16,23,32,-20,-13,51,-30,-20,-5,12,44,35
20,111,89,-57,5,105,-64,-24,42,88,87,86
63,204,119,-138,-18,181,-71,-78,72,156,176,111
91,287,201,-190,-29,227,-140,-119,77,221,265,199
142,396,264,-261,-55,331,-211,-134,118,304,371,287
178,520,326,-354,-86,445,-289,-219,155,370,431,360
194,606,408,-428,-89,510,-324,-236,182,460,546,426
257,721,473,-488,-102,580,-397,-282,192,530,634,502
272,794,514,-556,-125,653,-437,-325,224,602,719,564
308,852,563,-598,-105,728,-474,-346,261,657,784,593
330,925,604,-620,-118,770,-511,-384,256,687,827,621
336,960,632,-637,-150,788,-530,-388,273,684,868,668
326,970,632,-660,-135,800,-529,-379,289,723,847,684
347,958,620,-656,-120,789,-510,-373,267,707,861,661
331,900,592,-602,-117,743,-497,-376,269,702,814,624
309,854,556,-574,-128,713,-479,-334,247,649,783,599
272,762,490,-555,-111,641,-427,-305,256,577,682,533
258,684,432,-464,-91,562,-383,-255,202,508,618,493
195,567,381,-396,-66,480,-316,-234,173,425,520,399
161,456,296,-302,-77,384,-277,-175,145,353,437,334
124,358,245,-245,-37,285,-200,-133,109,273,307,256
62,236,147,-164,-39,191,-140,-92,63,178,223,169
49,136,80,-97,-41,112,-76,-66,26,89,131,97
13,44,36,-14,13,17,-11,-4,21,30,18,37
-12,-20,-34,47,7,-42,38,14,-7,-25,-52,-35
-59,-123,-92,72,31,-122,84,46,-21,-99,-107,-73
-74,-209,-141,141,31,-173,81,88,-80,-145,-160,-157
-83,-243,-136,145,40,-205,138,88,-82,-164,-236,-170
-104,-259,-161,198,42,-238,140,95,-99,-212,-263,-185
-97,-307,-217,203,49,-262,147,124,-119,-241,-263,-227
-135,-320,-237,227,42,-260,201,132,-87,-250,-275,-220
-117,-344,-221,226,60,-282,184,142,-106,-246,-275,-223
-116,-322,-225,221,67,-266,169,158,-90,-239,-304,-223
-131,-310,-209,208,51,-273,181,129,-103,-234,-315,-252
-97,-317,-236,208,17,-267,157,120,-92,-226,-264,-194
-115,-291,-188,191,31,-239,172,105,-94,-218,-238,-199
-107,-251,-164,193,41,-219,131,113,-75,-206,-236,-200
-72,-235,-157,160,38,-206,124,101,-92,-199,-205,-159
-75,-212,-129,160,45,-181,113,84,-76,-158,-183,-157
-62,-210,-114,131,7,-184,124,98,-73,-150,-165,-142
-85,-171,-105,118,3,-129,92,68,-22,-133,-175,-110
-46,-153,-103,106,12,-105,82,72,-30,-118,-138,-89
-48,-155,-93,77,34,-131,71,51,-34,-110,-117,-87
-43,-119,-83,96,18,-100,58,36,-16,-72,-131,-85
-41,-107,-91,83,38,-98,72,38,-30,-99,-87,-114
-40,-116,-64,76,10,-89,52,38,-41,-73,-85,-77
-30,-93,-64,74,21,-73,56,37,-27,-76,-104,-69
-12,-87,-52,56,29,-41,47,15,-47,-59,-67,-73
-15,-107,-39,67,6,-59,49,25,-38,-63,-67,-53
-45,-77,-44,46,16,-60,34,32,-17,-61,-59,-47
-13,-71,-24,36,21,-59,59,20,-36,-45,-55,-29
-22,-55,-41,34,14,-84,45,26,-21,-42,-77,-57
-21,-79,-42,36,16,-59,33,23,-12,-60,-46,-74
-37,-54,-41,29,19,-53,30,36,-3,-43,-55,-39
-40,-70,-36,36,9,-63,37,10,-26,-59,-53,-64
-50,-69,-14,29,1,-52,43,27,-11,-63,-56,-52
-30,-73,-34,56,-1,-43,-13,15,-10,-40,-58,-6
-6,-65,-49,37,-4,-58,22,22,-23,-49,-58,-33
-8,-63,-21,37,10,-35,53,35,-7,-39,-41,-44
-22,-44,-44,53,20,-29,7,20,-6,-60,-55,-54
2,-55,-15,23,2,-34,23,22,-18,-66,-36,-26
-20,-73,-25,43,-7,-28,16,2,-4,-38,-38,-21
-22,-48,-18,42,0,-22,31,20,22,-45,-23,-36
-10,-31,-37,13,24,-27,18,19,8,-37,-26,-13
-6,-33,-23,29,1,-32,20,23,-26,-41,-41,-45
-48,-55,-15,27,-6,-14,12,19,9,-22,-45,-16
-9,-20,-18,29,0,-16,4,12,-9,-44,-33,-16
12,-31,-14,0,23,-18,17,21,8,-9,-19,-33
1,-33,-14,19,6,-22,12,-5,-25,-23,-39,-6
-17,-13,-20,6,20,-31,12,12,-25,0,-16,-15
-21,-1,-11,-2,7,-12,-4,-4,-12,2,11,-14
6,7,-8,3,-7,2,27,9,-4,-7,10,7
9,-12,-6,-8,11,-6,-14,-17,-13,-20,9,-7
-11,15,4,1,-3,16,10,-9,-18,-3,12,-12
-6,-1,26,8,12,16,-17,17,-16,6,10,-18
-7,-6,4,-3,-12,-4,-16,-3,-10,13,19,13
-15,33,16,-24,2,26,-10,16,-1,-10,24,21
28,13,5,-12,-15,26,-4,-2,-2,17,27,6
12,5,6,-21,-11,20,-13,-31,15,15,36,25
26,47,25,-17,-12,34,-13,-12,10,21,33,33
7,39,34,-17,6,51,-20,-19,13,28,50,34
1,40,35,-38,-1,51,-28,0,15,19,56,30
11,43,32,-37,-23,51,-41,-18,59,30,53,34
14,62,55,-14,-17,51,-34,-30,-14,47,35,60
22,59,58,-51,0,68,-30,-48,26,81,68,47
5,93,48,-46,-27,63,-39,-41,29,75,91,57
37,70,80,-51,-44,78,-54,-27,26,68,76,72
45,89,49,-60,-6,72,-34,-24,20,78,75,83
45,89,61,-68,0,94,-56,-31,34,75,95,67
33,100,79,-86,7,103,-52,-46,27,100,108,58
47,112,79,-71,-5,102,-77,-32,33,96,125,91
37,117,84,-79,-24,95,-67,-69,38,79,117,82
58,130,84,-80,-22,113,-76,-52,58,108,140,105
47,149,109,-85,-44,129,-86,-46,65,105,114,102
73,167,98,-112,-11,133,-77,-50,30,99,164,79
89,164,87,-118,-18,128,-99,-69,44,99,140,132
78,181,110,-140,-48,140,-96,-53,81,128,173,141
64,197,113,-136,-34,169,-103,-66,41,143,171,128
70,207,132,-136,-21,157,-118,-51,64,145,178,136
73,224,135,-137,-27,184,-101,-87,46,160,189,138
79,219,126,-143,-33,174,-92,-99,51,168,208,157
84,211,143,-138,-30,195,-114,-86,76,141,178,181
74,222,154,-149,-24,188,-113,-96,78,166,192,168
104,239,171,-162,-54,187,-131,-84,82,161,200,163
86,240,158,-180,-50,209,-137,-87,72,172,190,158
114,264,154,-179,-30,204,-129,-83,66,188,232,188
105,275,169,-176,-25,207,-131,-99,71,191,220,182
97,285,193,-178,-47,238,-164,-101,82,197,238,191
82,271,185,-205,-45,219,-152,-108,71,217,252,191
104,287,171,-216,-35,219,-129,-106,82,222,261,164
111,287,161,-205,-36,247,-166,-111,86,224,249,214
97,300,204,-195,-40,233,-178,-138,92,207,247,205
126,300,221,-204,-52,243,-147,-125,98,228,258,205
113,317,197,-204,-46,264,-181,-122,105,226,272,229
127,309,189,-209,-47,257,-181,-138,98,238,293,215
115,306,227,-235,-64,242,-187,-136,92,246,275,208
111,327,199,-205,-55,232,-178,-117,96,240,305,228
111,340,205,-222,-61,275,-190,-130,105,249,300,220
113,300,210,-217,-46,273,-171,-133,94,221,292,232
111,309,215,-227,-71,273,-177,-133,101,261,294,231
106,338,210,-225,-43,272,-176,-132,115,236,314,218
123,351,226,-214,-16,278,-180,-128,106,245,292,246
117,315,218,-219,-51,291,-156,-133,117,232,303,244
109,320,204,-233,-56,261,-157,-134,100,255,299,216
132,309,229,-209,-29,275,-181,-134,90,241,302,211
104,339,191,-240,-51,267,-184,-117,90,228,287,245
122,325,213,-249,-52,281,-196,-143,84,248,298,225
88,315,217,-221,-43,263,-193,-133,101,240,307,207
113,306,199,-228,-51,258,-171,-128,95,253,264,237
130,343,202,-222,-61,274,-153,-139,115,221,284,234
103,309,218,-232,-34,258,-178,-120,88,241,300,219
120,310,205,-223,-47,278,-173,-127,94,241,286,233
115,306,183,-220,-26,257,-153,-124,85,234,288,211
66,300,190,-209,-46,257,-152,-115,73,195,258,217
95,300,187,-195,-59,248,-170,-98,95,210,259,223
114,283,201,-218,-44,243,-159,-89,106,215,271,191
104,282,195,-196,-29,204,-136,-106,99,204,230,171
112,258,189,-180,-32,242,-160,-105,92,205,231,169
105,288,170,-181,-47,228,-151,-117,88,198,239,194
106,264,196,-166,-49,215,-133,-102,70,209,220,187
87,259,160,-144,-46,191,-138,-104,88,192,243,201
97,242,143,-169,-53,206,-128,-96,79,169,239,178
79,243,156,-150,-35,197,-126,-97,46,162,207,169
83,228,133,-151,-36,205,-120,-107,67,164,207,148
78,216,151,-157,-32,190,-112,-77,61,162,172,129
63,202,108,-127,-41,161,-103,-64,83,149,179,154
82,185,132,-132,-45,185,-110,-90,62,159,181,125
58,184,112,-129,-52,158,-105,-58,42,128,154,130
53,199,109,-115,-36,146,-93,-63,80,150,145,127
73,171,125,-125,-43,125,-72,-57,40,115,161,126
49,156,118,-112,-13,136,-84,-62,26,112,135,104
46,155,98,-104,-24,117,-97,-56,43,97,129,106
46,141,80,-74,-18,106,-95,-57,59,112,125,72
33,156,100,-108,-18,103,-63,-59,36,106,117,104
41,123,92,-67,-9,111,-60,-37,46,96,127,104
32,117,86,-83,-31,107,-88,-52,34,86,76,76
54,100,72,-89,-28,93,-45,-35,45,83,115,55
24,88,81,-73,-12,94,-50,-38,39,53,73,67
29,101,83,-49,0,82,-49,-25,37,59,84,60
37,89,51,-65,-23,63,-54,-25,23,48,86,42
26,83,51,-50,-16,67,-54,-26,25,71,68,34
39,76,38,-45,-1,68,-46,4,14,74,57,54
10,53,33,-22,0,53,-17,-8,3,28,49,55
13,67,29,-48,-12,49,-19,-31,2,44,43,42
14,48,23,-25,2,21,-21,-40,6,34,42,31
18,37,15,-19,11,31,-6,16,19,27,9,29
26,17,19,-21,-18,19,-17,4,7,3,21,36
11,-1,21,-9,-10,-1,-31,-22,9,25,19,-11
4,22,14,-2,20,16,-17,3,17,14,24,27
-26,9,-5,2,20,1,22,-18,-7,5,2,28
4,9,7,-9,3,-8,5,-12,-16,-4,2,35
-8,11,12,0,-6,-4,11,-6,3,-3,10,5
-4,-2,10,6,2,-20,-11,-7,-14,-18,-32,-3
-4,-18,-20,11,6,-20,-3,7,2,-2,-48,-16
-25,-18,-27,28,19,-18,20,13,-4,-33,-13,-14
-5,-28,4,17,4,-30,2,4,-25,-13,-28,-11
8,-23,-25,3,1,-30,10,15,-7,4,-26,-9
-26,-32,-14,26,2,-29,40,0,1,-1,-22,-15
-10,-48,-5,24,26,-39,17,13,-15,-25,-54,-10
-5,-38,-31,17,11,-33,15,13,9,-35,-39,4
-13,-41,-11,21,16,-59,19,9,-18,-19,-34,-42
-11,-55,-19,46,11,-63,50,35,-21,-54,-55,-41
-8,-55,-46,21,20,-40,13,11,-15,-23,-54,-32
-21,-64,-13,33,14,-54,30,10,-33,-57,-60,-25
-18,-66,-33,65,0,-70,29,20,-20,-55,-49,-40
-20,-69,-47,44,1,-58,27,22,-13,-45,-50,-57
-5,-60,-31,45,-7,-53,9,8,-16,-52,-83,-33
-8,-61,-61,56,14,-48,46,43,-3,-30,-71,-51
-37,-57,-24,45,44,-45,37,24,-43,-52,-62,-64
-14,-62,-47,51,3,-66,27,67,-9,-43,-46,-18
-30,-62,-49,47,7,-54,29,30,-15,-66,-38,-45
-8,-82,-52,39,19,-63,38,29,-16,-54,-60,-45
-31,-74,-39,47,9,-56,43,43,-24,-58,-55,-56
-20,-96,-61,47,38,-80,38,18,-26,-82,-75,-54
-29,-84,-48,60,4,-78,46,45,-26,-41,-86,-66
-13,-83,-48,59,16,-61,29,13,-33,-73,-68,-54
-18,-60,-75,55,13,-67,48,16,-38,-53,-75,-48
-27,-93,-42,45,17,-45,35,24,-26,-51,-82,-56
-35,-76,-39,48,23,-65,50,62,-24,-68,-77,-49
-12,-71,-72,58,8,-67,53,23,-37,-87,-88,-61
-47,-82,-45,51,14,-61,39,28,-8,-60,-66,-70
-18,-93,-56,49,7,-72,59,33,-35,-62,-71,-69
-16,-68,-58,35,0,-79,30,31,-36,-61,-61,-39
-31,-66,-58,40,17,-66,47,33,-22,-59,-70,-38
-44,-68,-62,53,18,-68,52,7,-4,-46,-63,-58
-42,-86,-45,47,15,-80,59,34,-21,-64,-92,-77
-38,-84,-51,56,35,-71,35,9,-39,-36,-64,-67
-28,-67,-63,56,38,-80,54,36,-6,-51,-75,-61
-28,-61,-59,50,24,-60,42,4,-34,-60,-69,-62
-35,-93,-52,59,-6,-54,23,17,-19,-74,-65,-68
2,-64,-45,68,6,-95,63,35,-8,-54,-78,-63
-34,-80,-51,77,16,-77,40,46,-4,-72,-84,-56
-25,-85,-57,57,4,-83,36,17,-25,-51,-54,-57
-39,-75,-43,56,32,-81,57,34,-35,-69,-75,-53
-33,-79,-56,47,4,-85,49,24,-5,-65,-67,-50
-27,-95,-57,63,-10,-63,41,25,-25,-58,-62,-55
-48,-91,-52,75,25,-48,24,26,-17,-84,-85,-68
-17,-72,-76,57,10,-65,51,29,-33,-68,-75,-65
0,-68,-35,69,9,-79,21,10,-48,-57,-54,-67
-30,-88,-45,26,31,-71,34,5,-19,-71,-62,-60
-34,-73,-57,48,21,-82,45,28,-48,-54,-45,-50
-22,-76,-50,60,16,-54,42,32,-34,-56,-48,-56
-46,-73,-49,77,30,-74,65,12,-8,-51,-82,-57
-32,-61,-41,40,25,-80,32,24,-26,-82,-66,-59
-13,-85,-39,55,7,-55,9,21,-13,-63,-54,-21
-25,-77,-44,54,22,-71,36,54,-36,-73,-61,-54
-11,-83,-47,58,16,-67,43,-1,-24,-67,-63,-66
-20,-72,-35,55,25,-31,40,16,-16,-57,-61,-60
-50,-73,-50,61,-20,-78,53,45,-40,-47,-61,-54
-25,-82,-56,47,18,-54,50,45,-11,-44,-66,-58
-50,-62,-34,60,1,-58,33,45,-34,-48,-59,-38
-33,-81,-28,51,10,-68,25,38,-37,-49,-70,-50
-46,-49,-44,47,12,-72,50,46,-12,-60,-73,-41
-20,-64,-57,53,5,-88,48,33,-4,-73,-62,-22
-30,-88,-38,31,-3,-69,30,29,-8,-56,-62,-57
-36,-55,-47,55,26,-47,61,12,-16,-45,-79,-35
-24,-74,-42,57,23,-61,51,31,-4,-73,-61,-30
-55,-43,-68,45,23,-55,40,33,-16,-66,-57,-65
-26,-62,-30,50,3,-75,44,35,-24,-36,-76,-46
-34,-59,-27,38,18,-71,29,41,-13,-48,-47,-55
-27,-67,-47,62,0,-75,37,-2,-27,-48,-69,-49
-19,-67,-42,51,10,-53,24,41,-7,-60,-43,-65
-47,-82,-70,56,10,-62,42,45,-19,-49,-89,-63
-41,-66,-50,35,34,-38,38,8,-22,-51,-45,-28
-22,-60,-40,45,13,-54,39,38,-22,-36,-54,-45
-41,-49,-33,52,9,-50,21,30,-39,-26,-50,-31
-22,-50,-53,58,21,-59,53,12,-32,-28,-68,-55
-32,-57,-39,42,15,-58,53,32,-26,-59,-68,-35
1,-79,-39,32,-9,-58,9,39,-33,-56,-46,-53
-11,-73,-39,31,3,-24,51,19,-35,-61,-66,-36
-22,-65,-43,32,28,-67,34,14,-24,-76,-70,-28
-6,-76,-54,33,8,-59,47,40,-6,-47,-64,-40
-8,-95,-40,25,16,-55,21,34,-13,-55,-56,-71
-26,-56,-56,40,11,-58,39,26,-21,-46,-66,-65
-39,-64,-41,37,4,-70,34,43,-5,-41,-53,-45
-8,-77,-48,43,18,-42,29,29,-28,-41,-46,-32
-2,-54,-23,25,24,-55,39,33,-14,-64,-35,-38
-32,-54,-37,44,6,-32,1,8,-22,-69,-66,-29
-28,-39,-34,60,-10,-35,47,6,-7,-43,-45,-51
2,-41,-15,32,19,-52,20,40,-5,-22,-50,-27
-17,-50,-36,46,9,-39,35,5,-12,-46,-69,-51
-28,-49,-55,43,19,-33,23,21,-13,-47,-41,-48
-19,-50,-25,45,7,-44,28,13,-18,-47,-60,-31
-19,-59,-36,21,9,-56,12,12,-34,-35,-48,-36
-30,-43,-26,53,8,-28,37,-2,-32,-41,-46,-8
-21,-45,-39,44,4,-37,16,32,-18,-26,-42,-42
-1,-58,-9,54,10,-57,33,16,-22,-41,-29,-39
-21,-45,-32,19,37,-27,44,22,-28,-26,-36,-19
-1,-56,-16,41,4,-11,34,19,-1,-35,-31,-29
-23,-28,-3,14,10,-35,16,2,-16,-12,-33,-10
-18,-25,-13,17,8,-10,9,4,-39,-17,-19,-25
2,-20,2,16,25,-15,9,5,0,-17,-46,-14
3,-17,-23,27,24,-22,3,-12,-31,-8,-29,0
13,-15,-25,15,-14,-14,-8,16,-7,-18,-9,-27
-15,-14,-3,9,-20,-14,1,-17,9,-20,8,-17
-8,-10,-16,18,6,-3,-8,-11,-22,-11,-15,4
2,6,22,10,16,-10,-6,-11,0,-26,-8,19
12,12,10,12,6,5,20,-3,1,20,-5,14
5,30,20,-14,28,5,12,10,-8,3,17,-11
-8,15,31,2,-13,8,-10,8,5,17,5,-10
20,14,-2,-19,-2,8,7,-24,23,22,30,-1
10,60,37,-16,-14,33,-14,-18,16,55,10,39
19,24,21,-34,-10,24,-11,-34,8,29,35,30
29,49,23,-17,0,35,-39,-25,13,5,46,33
19,41,39,-32,-10,68,-47,-20,12,45,49,47
43,71,53,-52,-23,57,-39,0,21,29,59,48
40,63,48,-23,12,64,-40,-9,13,43,68,47
44,71,47,-59,5,65,-43,-27,25,69,64,48
35,78,30,-74,-18,67,-44,-30,52,76,85,68
40,110,62,-76,-30,72,-58,-46,39,89,114,85
24,112,83,-82,-17,79,-85,-40,33,73,105,66
46,124,67,-88,-8,94,-46,-31,29,105,95,93
36,114,95,-83,-12,86,-66,-44,45,102,100,90
47,127,88,-94,-27,117,-84,-66,28,103,93,79
28,146,67,-106,-34,112,-78,-54,24,85,114,93
41,133,76,-88,-18,111,-70,-75,37,99,123,98
58,172,109,-96,-23,117,-78,-64,27,106,131,81
58,133,91,-93,-35,158,-86,-52,44,114,143,117
64,161,101,-113,-13,123,-89,-72,40,109,147,140
76,190,126,-138,-17,158,-98,-74,67,124,147,129
65,169,115,-122,-21,148,-99,-62,53,128,168,137
72,194,127,-103,-9,158,-106,-59,54,127,151,130
58,222,139,-134,-32,153,-101,-97,50,141,176,138
60,210,148,-127,-27,162,-98,-82,81,140,181,143
58,194,131,-109,-46,167,-114,-57,41,136,185,149
77,188,136,-137,-17,175,-119,-85,73,152,180,140
86,211,118,-154,-53,162,-100,-85,47,164,177,120
80,208,142,-131,-37,175,-126,-79,66,163,173,141
54,213,114,-152,-20,188,-122,-76,57,165,181,110
55,176,143,-134,-37,172,-111,-86,71,145,161,123
61,182,124,-138,-42,189,-103,-86,54,146,179,132
68,197,122,-115,-37,147,-119,-63,54,152,191,132
67,182,122,-121,-50,159,-114,-79,47,140,164,113
63,168,126,-139,-33,158,-103,-73,51,111,162,149
67,187,115,-110,-29,128,-97,-79,72,149,166,141
41,184,109,-115,-32,147,-98,-78,37,147,153,112
38,153,117,-105,-37,137,-109,-51,59,140,148,126
54,171,114,-111,-24,141,-92,-56,43,113,160,104
62,138,123,-92,-14,115,-65,-73,40,102,123,109
39,176,95,-90,-17,128,-68,-60,40,91,130,101
49,135,76,-94,-39,120,-69,-54,66,110,142,100
34,136,101,-81,-3,91,-74,-53,10,92,119,78
20,115,75,-67,-12,88,-45,-24,17,92,92,92
40,87,46,-68,-23,79,-61,-40,42,74,75,71
69,114,52,-41,-14,67,-51,-32,37,58,80,78
11,83,51,-56,-16,69,-61,-8,31,82,59,57
11,87,51,-57,-16,81,-38,-43,9,59,73,57
19,78,38,-52,-1,64,-47,-23,18,47,43,55
24,51,28,-48,-15,50,-37,-31,5,66,32,39
16,58,30,-19,-26,36,-24,-29,0,32,54,24
4,27,26,-32,-12,32,-9,-23,7,37,50,32
25,21,32,-29,21,20,-19,-6,-24,32,24,38
-11,16,9,-5,4,25,-27,-7,-8,3,34,10
9,14,17,-18,-22,13,-14,27,13,18,30,18
6,4,-10,-9,8,19,-14,-18,-3,26,-1,-14
-17,10,3,-2,-11,5,-2,10,10,-8,13,2
-1,13,-5,10,7,12,6,-5,-22,-2,6,1
-20,-29,-1,16,15,-7,21,13,-1,-9,-21,-7
-4,-5,-17,19,-7,3,3,-11,-19,-9,-34,-4
-29,-9,-20,9,-2,-11,4,-6,9,-17,1,-5
-12,-33,-22,-4,0,-37,-3,-6,-8,-9,-54,-45
-7,-21,-42,4,-8,-16,11,28,2,12,-40,-23
-22,-31,-12,-2,3,-47,-2,9,-2,-13,-22,-11
-8,-36,-12,43,10,-35,18,25,-18,-47,-28,-27
-33,-46,-10,13,-15,-4,3,15,-12,-16,-15,-22
-2,-46,-21,34,-12,-40,36,-3,-10,-28,-47,-33
-30,-51,-40,12,6,-22,10,9,-10,-22,-53,-18
-12,-47,-21,8,-5,-44,8,24,-11,-46,-45,-25
2,-52,-44,48,1,-54,19,25,-17,-29,-52,-47
-9,-46,-20,41,22,-49,36,42,-35,-35,-49,-32
-19,-72,-38,63,-3,-67,29,32,-20,-56,-58,-54
-28,-60,-41,33,12,-54,53,49,-29,-42,-48,-32
-13,-70,-59,44,17,-50,70,59,-30,-52,-66,-70
-7,-68,-53,59,12,-85,54,44,-39,-85,-82,-59
-30,-109,-65,60,-6,-91,46,31,-31,-105,-86,-55
-57,-113,-74,60,18,-73,67,44,-30,-79,-80,-84
-47,-121,-70,84,55,-97,81,46,-38,-95,-97,-66
-55,-112,-83,74,23,-108,68,46,-63,-99,-102,-87
-42,-119,-84,88,24,-120,63,40,-19,-98,-110,-84
-36,-144,-97,89,24,-137,71,50,-20,-115,-138,-105
-68,-167,-84,109,26,-143,90,80,-39,-146,-130,-133
-69,-165,-106,108,25,-133,104,80,-48,-130,-154,-100
-55,-199,-139,147,32,-160,132,66,-72,-150,-178,-140
-74,-221,-111,134,65,-169,112,93,-52,-162,-196,-148
-47,-202,-151,148,28,-168,130,82,-60,-169,-182,-144
-68,-194,-143,153,51,-157,131,83,-62,-160,-187,-148
-81,-202,-148,147,31,-164,113,89,-68,-135,-178,-160
-89,-206,-123,120,31,-152,101,57,-26,-162,-171,-130
-63,-175,-118,129,24,-147,83,76,-65,-119,-143,-120
-54,-128,-93,95,22,-106,89,48,-56,-102,-114,-94
-24,-99,-61,68,23,-72,46,35,-35,-57,-111,-57
-27,-29,-19,21,26,-32,32,22,-37,-41,-55,-21
-24,31,10,-10,-2,-7,12,-1,6,31,-3,14
31,78,64,-52,0,44,-80,-10,27,61,83,76
60,164,106,-122,-19,129,-85,-58,52,134,132,97
81,279,185,-185,-23,196,-143,-104,79,194,251,176
133,363,224,-252,-59,311,-227,-136,117,270,334,252
144,463,298,-341,-76,365,-270,-216,138,346,424,335
195,592,359,-404,-77,464,-335,-229,165,438,513,389
239,688,439,-463,-117,544,-356,-273,200,500,610,467
261,796,507,-526,-130,630,-430,-317,236,576,697,562
290,860,587,-606,-130,708,-474,-326,273,654,756,606
316,924,597,-644,-136,771,-500,-377,295,685,821,640
316,963,620,-637,-156,801,-528,-373,297,726,859,680
350,985,636,-671,-153,812,-532,-374,284,724,875,704
337,978,618,-670,-156,799,-546,-403,288,743,880,663
354,972,618,-660,-125,787,-555,-387,301,713,874,688
320,920,589,-619,-139,747,-507,-377,271,697,832,626
298,861,573,-576,-152,721,-478,-351,254,634,776,591
263,766,483,-514,-114,639,-432,-301,210,581,679,536
237,664,441,-441,-106,571,-377,-288,189,508,618,485
199,557,384,-403,-83,478,-302,-235,170,434,509,401
164,444,305,-326,-55,370,-289,-184,139,350,379,328
114,338,226,-243,-72,262,-202,-133,110,255,291,207
99,234,146,-174,-12,179,-138,-101,52,163,188,155
48,120,87,-99,-29,103,-82,-61,46,75,118,85
12,43,8,-31,-19,47,-20,-16,0,36,30,4
-27,-62,-40,30,8,-50,20,2,-18,-51,-51,-38
-47,-100,-77,80,1,-82,62,59,-30,-83,-122,-85
-61,-198,-127,109,51,-140,93,84,-46,-136,-135,-115
-94,-240,-155,139,49,-197,117,85,-65,-180,-224,-172
-101,-267,-166,167,28,-223,156,99,-88,-185,-239,-184
-109,-281,-188,208,19,-249,159,127,-61,-222,-273,-231
-97,-288,-183,196,36,-229,187,122,-81,-212,-270,-208
-101,-305,-225,239,30,-252,169,140,-104,-220,-288,-234
-108,-306,-198,215,62,-265,163,127,-98,-218,-300,-221
-89,-289,-205,201,45,-224,164,109,-82,-215,-260,-196
-118,-270,-161,196,53,-230,153,116,-86,-206,-247,-228
-116,-252,-164,169,25,-195,130,102,-90,-197,-240,-185
-109,-233,-149,172,42,-176,135,111,-58,-178,-200,-179
-72,-203,-148,168,30,-171,129,102,-59,-158,-202,-146
-64,-186,-124,133,23,-164,109,84,-54,-126,-167,-121
-84,-165,-129,99,16,-124,88,59,-63,-134,-134,-97
-53,-173,-83,115,29,-103,106,54,-59,-111,-136,-103
-41,-134,-58,96,26,-89,59,28,-36,-84,-118,-87
-57,-113,-62,67,8,-108,65,28,-40,-98,-108,-91
-38,-103,-74,89,27,-77,50,32,-33,-67,-92,-57
-32,-57,-39,71,6,-71,52,49,-12,-63,-79,-74
-21,-83,-56,41,21,-67,28,17,-39,-78,-53,-41
-15,-64,-17,61,7,-57,36,40,-18,-51,-53,-49
-8,-77,-18,56,18,-53,24,57,-33,-54,-58,-26
-26,-25,-46,29,11,-41,34,37,-17,-33,-47,-33
-25,-41,-37,19,-1,-43,34,29,-17,-52,-57,-33
-31,-28,-15,19,-2,-25,12,11,-17,-29,-29,-53
-7,-39,-19,19,5,-39,15,46,18,-13,-44,-30
-1,-32,-23,14,19,-30,35,10,-2,-28,-39,-25
1,-42,-7,35,-12,-46,19,16,-18,-15,-52,-30
4,-15,-61,16,14,-33,9,18,5,-29,-3,-32
1,-10,-26,19,0,-14,14,27,-2,-29,-20,-5
-8,-23,-24,11,3,-16,16,9,-22,-34,-38,2
-8,-23,-32,18,-4,-30,23,25,-6,-19,-37,-6
13,-32,-2,-2,8,-23,30,15,15,-9,-33,-31
-5,-14,-16,31,32,-23,-1,13,-12,-5,-51,0
-33,-39,3,16,-5,-25,-4,18,11,-26,-35,-15
-13,-9,-13,20,-6,-7,13,2,-5,-32,-28,-12
-19,-13,-9,4,18,-27,27,3,-7,1,-10,-20
1,10,-11,22,20,-18,15,-5,-6,-2,-16,-9
-5,-15,-20,4,-5,1,-11,15,18,-6,-18,0
-3,-10,-6,5,-3,16,-19,-18,-2,-24,-7,3
12,3,0,8,-3,17,2,-9,-2,-19,-6,3
22,15,12,14,-26,-7,-25,20,-6,-22,24,-16
19,12,5,-3,25,15,-8,2,18,9,29,0
11,23,-18,-4,15,-10,-16,4,-1,4,26,21
17,21,1,-2,-3,18,-1,-20,0,-3,0,20
17,11,10,-16,11,13,5,8,9,-12,23,26
25,23,10,-5,0,25,-4,-12,5,19,30,11
28,50,26,-17,-13,17,-2,-15,-1,31,32,8
9,51,23,-33,2,6,-29,-18,20,22,41,19
16,47,23,-22,16,60,-42,-2,19,29,16,40
18,42,29,-29,0,60,5,14,16,33,63,21
21,56,48,-52,8,23,-25,-3,21,25,28,46
48,58,49,-43,-32,58,-45,-52,34,31,65,51
27,73,27,-55,8,58,-61,-11,20,55,85,45
10,89,38,-35,-14,46,-30,-47,-6,48,76,60
52,81,67,-55,-8,71,-41,-35,24,68,99,65
21,73,64,-62,-1,76,-59,-40,13,61,90,32
48,98,59,-54,-18,80,-64,-23,22,56,71,61
43,84,64,-61,-28,82,-58,-35,50,72,88,81
45,98,68,-71,-28,73,-49,-52,18,96,108,98
34,127,92,-63,-8,101,-47,-53,47,82,104,89
39,120,103,-85,-22,95,-93,-76,38,92,107,97
74,121,109,-111,-38,105,-68,-56,27,110,116,73
34,155,91,-97,-40,131,-90,-41,21,95,119,119
71,160,94,-130,-34,154,-84,-28,47,97,174,93
62,161,134,-115,-36,141,-89,-76,46,125,134,109
48,165,120,-108,-16,162,-101,-70,62,128,125,139
49,205,123,-135,-28,155,-113,-83,60,131,144,108
86,204,108,-122,-28,169,-97,-69,50,134,188,151
64,215,138,-123,-21,178,-118,-74,68,148,187,149
97,204,120,-146,-42,161,-124,-103,49,172,192,159
64,204,143,-143,-46,209,-126,-93,87,166,189,148
100,225,169,-150,-38,191,-98,-92,77,175,190,173
88,231,148,-168,-19,197,-133,-94,67,179,208,163
79,225,158,-162,-41,217,-127,-120,81,190,239,200
76,266,174,-179,-37,218,-147,-87,72,184,245,181
124,263,180,-184,-40,227,-149,-113,92,221,234,199
99,265,172,-213,-35,234,-138,-110,82,205,241,186
121,282,181,-210,-45,219,-175,-134,72,234,254,185
105,286,181,-201,-33,218,-169,-109,109,197,258,227
97,302,184,-201,-47,269,-182,-135,89,225,286,210
105,297,198,-213,-40,250,-184,-110,116,229,286,206
113,321,206,-221,-62,264,-181,-129,87,249,280,239
103,340,201,-226,-30,260,-167,-121,87,250,305,223
131,326,222,-231,-45,262,-183,-128,122,271,282,217
122,345,203,-239,-65,287,-189,-137,95,255,320,239
101,352,216,-218,-58,285,-203,-141,88,252,321,248
130,348,222,-239,-58,285,-184,-136,102,252,310,254
125,350,210,-227,-52,286,-186,-140,86,258,315,260
112,364,231,-229,-55,277,-199,-138,77,259,322,228
124,341,243,-240,-79,292,-223,-154,95,270,321,254
120,343,257,-268,-61,295,-217,-121,104,290,291,246
144,365,221,-267,-48,320,-204,-126,103,283,336,272
115,370,240,-260,-58,309,-203,-157,129,274,320,248
141,392,260,-235,-59,308,-196,-169,127,279,363,254
132,389,247,-245,-59,327,-179,-151,115,272,335,265
159,372,266,-256,-50,319,-196,-145,119,265,339,250
139,369,244,-238,-32,317,-188,-134,120,283,331,270
127,389,231,-257,-55,319,-224,-145,112,296,327,261
114,380,242,-266,-61,330,-224,-128,117,288,324,266
133,394,260,-267,-68,282,-214,-164,82,288,345,276
146,370,230,-256,-79,293,-220,-149,98,282,341,262
111,358,245,-253,-60,314,-203,-142,109,290,331,256
131,345,229,-251,-65,316,-195,-159,104,282,325,262
132,353,237,-256,-63,287,-218,-144,103,262,325,260
126,362,204,-263,-62,286,-205,-140,100,271,310,232
148,350,233,-225,-60,292,-211,-138,131,267,316,230
115,358,223,-230,-76,269,-195,-158,86,283,325,246
125,361,207,-242,-64,291,-186,-153,103,270,332,237
109,334,213,-241,-57,269,-185,-147,109,243,322,238
119,331,197,-227,-48,281,-180,-154,106,261,313,244
126,316,200,-237,-44,255,-196,-129,109,271,291,215
107,325,188,-213,-48,268,-182,-108,95,229,288,226
105,282,196,-229,-44,274,-157,-132,104,232,276,220
90,336,205,-213,-51,244,-167,-128,83,232,246,228
98,298,179,-203,-30,264,-167,-110,79,207,267,205
98,280,200,-211,-45,246,-175,-107,99,212,269,215
91,256,193,-209,-49,232,-146,-121,68,201,282,184
111,272,176,-172,-73,233,-159,-84,92,200,244,199
107,263,153,-159,-37,218,-155,-105,93,211,245,195
89,262,183,-185,-39,212,-133,-75,70,184,218,180
75,238,166,-165,-28,206,-111,-117,83,199,222,177
89,241,160,-185,-51,228,-135,-102,84,168,226,156
81,216,144,-158,-20,187,-118,-88,62,183,203,148
99,246,126,-146,-18,201,-121,-106,49,168,178,166
45,191,141,-145,-32,170,-130,-68,77,142,197,151
70,203,119,-122,-40,172,-89,-86,59,139,183,142
76,178,114,-123,-32,160,-88,-69,61,154,180,142
60,171,132,-109,-20,129,-98,-67,41,139,139,107
54,181,112,-104,-9,129,-95,-68,57,102,159,120
39,160,103,-106,-16,122,-106,-57,47,111,149,98
56,161,119,-103,-46,122,-100,-59,27,103,142,110
60,148,90,-112,-35,129,-74,-72,47,105,133,93
44,144,96,-92,-27,117,-70,-54,25,94,104,123
29,134,90,-79,-31,99,-76,-33,46,84,134,98
30,94,105,-83,5,116,-77,-66,30,85,80,93
52,94,51,-76,-15,83,-72,-58,36,100,93,82
50,98,72,-66,-34,94,-61,-46,13,84,72,68
15,96,54,-61,-8,83,-52,-43,0,52,76,68
36,71,55,-49,-2,70,-24,-29,21,68,67,54
27,82,60,-42,-20,53,-44,-29,29,72,48,45
34,44,42,-54,-7,61,-44,-27,16,50,62,65
27,66,43,-36,-19,53,-28,-9,30,52,59,49
8,51,23,-43,-3,56,-57,-43,26,30,49,37
13,39,28,-18,2,44,-35,-12,2,30,41,26
21,57,24,-31,-9,41,-11,-12,18,34,25,15
24,70,24,-18,-13,38,-23,-30,20,22,55,30
28,8,8,-16,-19,34,-31,-5,22,23,18,30
21,22,12,-18,-18,9,-11,-13,-1,27,14,1
2,46,27,-19,-3,23,-17,-18,29,6,0,22
18,29,15,-35,8,3,7,-7,16,20,51,15
-1,26,-4,-16,-11,15,-22,-4,9,5,15,-11
6,35,-5,-22,-1,-5,-17,24,3,-5,18,13
-17,53,12,10,-1,17,17,-7,2,22,-9,-20
3,10,16,-10,11,-19,-22,-15,-2,-3,5,-2
12,-8,-5,-9,-7,12,2,1,2,6,16,1
-9,0,-1,16,13,-22,11,8,-3,3,-16,-29
0,-3,-3,6,-12,-7,-22,-5,1,-18,-15,-9
-11,-3,-6,0,3,-8,0,-14,2,-2,-8,-13
-20,-14,-18,27,27,-5,1,-2,-7,1,6,7
10,-6,-8,23,8,-4,16,-2,-11,-16,-12,1
-13,-12,-3,0,-1,-26,-5,1,-11,-25,-12,-15
-6,-20,-19,29,-4,1,0,-2,-6,-8,-14,-26
-11,-11,-15,25,28,-23,6,1,0,-11,-31,-7
-27,-31,-16,25,-15,-28,0,12,-14,-17,-28,-11
-10,-24,-48,35,6,-2,41,-1,-20,-16,-7,-46
12,-25,-26,24,13,-17,20,22,-6,-25,-43,2
-5,-23,-31,16,-11,-18,6,17,-9,-46,-17,-31
16,-21,-25,0,12,-3,7,22,5,-29,-28,-63
0,-21,-7,12,6,-12,29,5,6,-19,-36,-16
7,-25,-7,22,0,-18,31,17,-34,-19,-21,-18
6,-25,-13,24,4,-26,7,3,-11,-18,-36,-36
15,-19,-13,25,19,-37,1,10,-16,-3,-36,-19
-13,-49,-47,12,24,-48,19,18,-11,-43,-27,-19
-10,-30,-31,4,4,-38,25,7,-9,-1,-55,-19
-5,-33,-33,12,17,-32,24,30,13,-29,-31,-21
-16,-33,-14,21,11,-33,26,-13,4,-16,-27,-33
-31,-25,-14,23,23,-23,40,1,-11,-34,-44,-19
9,-36,-16,61,-2,-41,-11,1,-17,-34,-34,-12
-1,-35,-40,47,12,-12,30,6,-20,-17,-13,-13
-25,-39,-39,38,8,-35,25,19,-20,-23,-25,-20
-22,-48,-42,49,2,-14,16,21,-15,-34,-32,-50
-23,-25,-36,22,26,-29,19,30,-14,-8,-42,-38
-39,-39,-22,18,-2,-34,18,21,-22,-43,-17,-26
-7,-35,-21,16,9,-34,10,25,-15,-39,-28,-28
-1,-25,-19,20,5,-36,26,14,-22,-30,-26,-40
-29,-45,-36,34,-8,-50,-2,-16,-19,-28,-63,-34
-36,-45,-14,7,25,-29,2,8,-9,-40,-15,-27
-13,-25,-13,9,-19,-24,24,12,-23,-34,-36,-16
-18,-20,-21,33,32,-24,28,8,-17,-30,-13,-11
-9,-43,-18,24,-17,-14,19,29,3,-37,-15,-20
-9,-27,-11,24,1,-20,18,8,-27,-25,-45,-32
-14,-33,-26,16,28,-29,33,-4,-5,-40,-28,-17
-17,-27,-9,12,14,-14,14,8,-6,-11,-60,-34
-10,-22,-22,23,-4,-17,20,15,-13,-39,-24,-9
-10,-31,-35,38,9,-17,10,-18,19,-26,-28,-31
13,-36,-23,31,-1,-29,24,11,-23,-47,-46,-20
-15,-30,-18,12,12,-23,11,6,-2,2,-35,-38
-20,-33,-29,23,12,-6,34,12,-9,-32,-46,-17
-10,-33,-14,34,-5,-16,21,13,-21,-12,-17,-38
9,-27,-37,9,-20,-23,29,15,-9,-25,-43,-8
-10,-34,-20,13,9,-23,37,14,-2,-26,-47,-9
-20,-9,-16,32,6,-35,8,19,-4,-34,-20,-22
1,-3,-9,4,0,-26,12,11,-11,-31,-34,-18
-18,-35,-14,-1,11,-23,22,2,-24,-1,-11,-28
-20,-52,-11,7,15,-31,31,7,-34,-13,-28,-7
15,-29,-31,24,26,9,21,-2,3,1,-31,-18
-26,-29,-29,35,6,-43,11,22,-12,-15,-7,-18
-27,-30,-20,23,19,-22,23,5,0,-25,-44,-22
-3,-36,-14,3,11,-48,-5,1,-13,-33,-25,-10
-16,-22,-27,12,-3,-12,-4,7,-10,-11,-23,-15
11,-18,-26,10,0,-28,18,-14,11,-15,-12,-18
-3,-26,-31,12,11,-15,8,9,-8,-27,-20,-17
-9,-43,-15,8,1,6,13,18,-12,-11,-22,-10
0,-15,-1,21,-6,-28,4,6,12,-14,-34,13
13,-21,-14,1,-16,-5,7,30,15,-20,-16,-12
-31,-22,9,22,4,-25,-12,1,1,6,-26,-31
14,-24,-6,24,-8,-35,15,5,-4,-32,-20,-24
-34,-4,4,3,-9,-5,2,18,-15,-22,-4,-6
-12,-28,-19,33,-1,-22,15,30,-3,-30,-22,-17
-11,-13,-5,41,5,-11,-29,-6,-20,-1,-22,-8
-16,-14,-22,16,-9,-27,28,-7,-12,-18,-7,-29
-9,-15,-18,10,13,-4,23,26,-8,-27,-19,-9
-12,-25,-12,25,-2,2,20,15,-6,-20,-34,-10
14,-25,7,-8,-16,-1,17,4,-21,-3,-13,-12
-2,12,0,13,6,-1,13,-1,7,-19,-14,-20
3,6,-4,4,6,-32,6,16,13,-7,12,-23
-15,-15,7,15,-11,-18,-10,-6,-28,-21,-25,-9
-9,-15,-7,35,3,-20,14,16,-10,6,-21,3
-28,-22,-25,-8,1,-3,13,3,-14,-23,-15,-19
-4,-26,8,-2,5,-3,5,-21,10,-13,-22,-4
14,2,-29,14,7,-5,26,19,5,-7,-2,-23
7,-39,-5,-12,-2,-4,15,-14,-12,-12,-6,12
13,-8,15,6,25,-5,-17,6,-8,-10,-2,-4
20,-20,-18,26,12,1,4,-12,5,-19,-2,1
-18,4,-33,-2,-12,5,-1,-12,7,3,-18,-9
-16,14,-2,15,-13,-18,-7,-3,19,7,-11,0
-1,-5,-19,13,5,-23,15,-2,3,13,0,-24
-1,1,7,24,6,-10,-5,6,8,-2,-5,-18
13,-18,-8,5,-1,0,-2,-4,6,-4,3,4
0,6,-11,11,3,8,11,0,-15,-6,-13,20
-16,13,16,6,-26,7,-15,13,-2,-5,0,12
-26,6,-9,7,0,20,-4,-31,13,-3,2,7
9,20,13,8,9,3,8,4,10,24,12,-12
11,21,15,-17,1,-10,3,-10,-7,11,5,-12
-8,8,34,16,-5,26,-6,-5,12,9,23,-3
14,17,-9,-6,12,-2,-15,-10,-11,22,5,14
-16,28,33,-8,13,37,-6,-5,5,34,25,44
26,27,20,-30,6,22,-14,-15,-19,26,55,8
27,27,16,-13,-11,12,-6,-8,-1,15,18,25
12,38,9,-9,11,59,-11,-13,11,52,27,22
24,59,10,-34,-18,28,-20,-22,24,14,45,22
24,28,12,-7,1,47,-29,-26,27,39,43,62
12,48,50,-33,-16,41,-28,-22,15,25,20,40
12,77,35,-43,11,58,-29,-40,16,32,55,62
24,75,43,-44,-22,59,-61,-17,7,36,69,54
46,75,83,-55,-6,52,-28,-31,32,64,77,38
18,81,50,-57,-23,79,-36,-27,28,67,95,66
40,75,53,-57,-25,95,-46,-58,11,57,87,53
28,78,31,-61,6,92,-86,-29,66,81,97,65
22,96,60,-85,-18,98,-49,-57,31,70,71,73
28,106,76,-84,-28,116,-68,-51,46,84,113,61
41,118,84,-82,-24,91,-61,-48,37,87,118,76
51,141,93,-100,-18,113,-78,-61,68,97,114,84
58,162,70,-99,-37,118,-66,-59,51,107,124,99
55,144,88,-112,-24,127,-102,-57,36,125,131,102
60,165,119,-109,-29,128,-103,-85,50,144,134,116
65,162,114,-118,-21,148,-114,-55,57,113,149,130
70,169,115,-128,-44,154,-96,-53,63,120,180,115
47,196,120,-133,-38,164,-99,-67,57,141,159,124
60,207,127,-145,4,174,-113,-80,56,154,168,139
40,208,136,-156,-30,152,-124,-84,64,166,183,130
81,213,127,-146,-37,157,-119,-86,82,171,211,142
68,251,172,-148,-32,194,-136,-81,59,155,197,148
86,254,140,-172,-73,195,-127,-108,87,175,205,152
63,244,154,-159,-43,203,-140,-99,80,184,223,165
78,259,170,-191,-44,185,-140,-98,59,178,211,176
91,245,201,-184,-45,205,-130,-107,80,192,233,197
76,250,162,-181,-16,207,-141,-120,52,190,237,168
97,253,152,-178,-37,215,-154,-132,91,199,229,197
105,243,168,-161,-61,235,-147,-124,88,195,240,170
98,254,180,-183,-33,214,-180,-89,82,207,238,188
75,284,176,-176,-36,223,-165,-109,79,191,218,189
85,277,181,-161,-45,233,-113,-102,85,198,226,176
99,274,195,-161,-22,211,-163,-108,91,210,241,196
108,246,179,-173,-46,226,-142,-84,86,209,240,197
71,245,179,-186,-36,214,-165,-107,93,206,247,182
79,261,183,-189,-38,213,-162,-100,92,207,259,201
98,256,163,-175,-22,194,-169,-109,88,211,234,208
78,244,153,-181,-26,206,-157,-114,37,185,232,176
99,248,150,-176,-29,212,-132,-96,69,182,221,166
104,240,152,-156,-29,170,-125,-102,61,184,189,162
91,256,170,-175,-24,189,-129,-97,92,177,229,166
85,210,152,-159,-41,212,-133,-115,63,161,201,179
72,245,162,-157,-20,172,-108,-76,93,163,201,162
50,222,138,-150,-39,147,-101,-81,62,149,169,132
40,197,149,-142,-33,180,-106,-90,68,160,171,127
74,211,109,-123,-33,170,-111,-75,28,150,176,116
55,194,128,-132,-6,164,-111,-79,60,136,178,139
55,191,98,-98,-32,156,-96,-56,39,126,149,135
46,167,104,-105,-37,136,-110,-64,34,108,168,107
65,167,86,-109,8,114,-76,-70,61,112,151,122
41,155,97,-96,-16,114,-72,-53,49,117,115,91
67,142,114,-100,-21,103,-85,-70,51,103,138,113
38,142,78,-79,-15,105,-63,-55,31,113,113,103
28,103,91,-66,-20,101,-69,-33,33,66,124,102
17,127,78,-75,-1,77,-69,-52,42,83,94,63
48,106,107,-56,-6,80,-46,-57,33,58,105,72
36,119,50,-68,-29,109,-65,-48,26,78,94,75
39,82,48,-57,-26,77,-41,-35,21,56,82,69
22,86,66,-55,-30,74,-60,-28,30,73,64,50
37,88,47,-29,-21,65,-35,-25,35,60,66,45
38,59,45,-60,15,67,-60,-31,-2,56,55,44
20,72,48,-32,-7,59,-38,-27,24,51,32,50
30,51,11,-57,5,42,-33,-16,4,34,52,44
30,65,47,-35,-12,44,-41,-25,4,45,41,39
18,41,9,-39,-5,39,-7,-46,15,44,48,23
27,46,29,-11,-17,48,-15,-33,11,33,19,29
21,45,-1,-18,-18,46,-22,-29,20,40,49,20
22,30,19,-24,-12,14,-22,-5,7,21,55,22
-7,15,16,-28,-2,30,-18,-12,0,33,16,23
15,20,36,-26,-18,13,-10,11,2,29,22,18
17,32,13,-31,-23,13,6,2,6,8,15,6
15,20,24,-1,-1,3,6,-6,-5,2,12,15
20,21,8,-22,-13,16,-9,-16,-19,7,25,7
-14,34,5,-4,7,32,-18,-19,-7,9,21,10
12,11,33,14,-11,14,-20,-10,-9,-4,43,-2
-12,-9,13,-1,-14,1,8,-6,1,4,28,20
-9,9,-7,-6,-3,4,-2,12,11,2,11,11
-8,3,4,19,-11,-4,33,9,-3,-7,0,-7
6,8,-8,-18,0,-24,23,5,-6,-22,-9,7
-28,-31,-5,30,7,-17,12,35,9,-12,-20,-19
-29,-37,-9,19,2,-20,6,13,-18,-12,-44,-31
-1,-47,-34,17,5,-15,33,18,-7,-28,-27,-44
-18,-41,-44,51,11,-40,10,15,-22,-38,-58,-8
-15,-78,-76,50,6,-54,41,25,-37,-62,-72,-33
-30,-93,-48,54,21,-47,39,31,-3,-54,-79,-52
-27,-83,-41,75,23,-63,59,26,-37,-58,-99,-69
-35,-95,-95,90,16,-105,84,36,-12,-83,-112,-82
-6,-126,-114,81,31,-96,58,72,-39,-88,-120,-100
-50,-131,-92,91,14,-117,64,60,-53,-111,-110,-95
-59,-160,-103,102,-1,-143,82,69,-55,-125,-110,-96
-53,-126,-82,101,19,-125,100,62,-50,-84,-125,-111
-53,-138,-85,76,1,-114,74,55,-37,-108,-136,-92
-48,-119,-94,74,6,-105,47,53,-57,-82,-115,-80
-28,-123,-84,78,0,-104,56,26,-35,-85,-126,-90
-34,-76,-75,51,-4,-59,42,49,-31,-67,-53,-58
-6,-40,-39,22,24,-13,25,28,-8,-24,-37,-37
-2,10,2,15,-5,8,-11,1,24,11,14,11
25,57,53,-14,-3,57,-40,-47,15,56,84,24
44,112,74,-107,8,103,-54,-50,32,96,100,93
85,228,159,-173,-42,172,-123,-109,68,163,192,169
136,299,168,-221,-57,261,-180,-104,81,229,284,217
159,399,258,-261,-41,346,-212,-152,123,312,379,290
185,512,306,-340,-62,423,-283,-199,156,401,455,335
208,617,405,-411,-103,534,-369,-261,188,457,578,457
258,731,476,-490,-91,580,-395,-286,215,536,617,520
301,827,549,-556,-131,671,-464,-328,242,597,746,573
338,870,604,-626,-139,749,-514,-364,262,702,799,619
354,954,610,-651,-140,797,-533,-390,291,719,899,681
353,1004,654,-689,-147,827,-572,-416,317,766,919,724
380,1050,661,-736,-165,878,-559,-420,318,796,938,738
379,1045,700,-709,-159,864,-575,-421,291,781,945,743
363,1037,670,-683,-179,856,-560,-413,307,763,935,746
344,1009,633,-679,-155,837,-540,-398,305,776,881,708
312,952,618,-639,-139,770,-525,-346,277,709,822,659
298,854,550,-582,-131,707,-466,-330,246,640,797,601
269,780,526,-522,-109,637,-417,-309,226,565,700,526
221,677,410,-449,-107,535,-371,-261,196,495,574,463
184,532,366,-383,-80,465,-306,-232,152,431,504,395
158,427,289,-313,-84,348,-250,-169,133,321,392,312
120,320,219,-236,-51,295,-179,-144,79,242,300,244
87,227,149,-171,-10,179,-99,-97,60,158,199,179
56,132,77,-73,-20,107,-49,-41,27,101,128,74
4,52,41,-23,-13,35,-20,-6,29,42,12,30
-8,-40,-24,25,-6,-32,26,-5,-20,-29,-48,-37
-33,-131,-76,43,4,-98,48,59,-56,-79,-77,-78
-63,-150,-116,98,15,-121,98,57,-40,-136,-146,-144
-81,-193,-137,144,38,-164,143,80,-60,-125,-171,-124
-79,-213,-156,156,53,-209,131,73,-84,-176,-206,-165
-95,-250,-156,175,40,-197,141,115,-70,-177,-228,-175
-80,-271,-170,171,48,-237,165,92,-81,-205,-219,-192
-72,-260,-176,161,39,-192,138,82,-76,-196,-228,-179
-74,-233,-171,165,48,-200,135,110,-90,-196,-207,-192
-105,-256,-173,185,29,-203,114,91,-67,-166,-206,-165
-90,-226,-125,141,27,-175,103,78,-65,-183,-165,-129
-58,-191,-157,137,24,-173,112,91,-41,-159,-190,-120
-66,-164,-114,120,34,-149,92,74,-64,-128,-126,-122
-50,-147,-103,82,16,-112,113,61,-41,-91,-134,-129
-43,-117,-73,106,-18,-106,72,67,-26,-90,-82,-87
-54,-117,-64,92,-3,-92,42,36,-40,-59,-120,-64
-32,-73,-59,43,23,-81,38,29,-18,-62,-93,-61
-21,-64,-46,65,22,-56,22,27,-22,-53,-63,-55
12,-45,-32,41,26,-30,-3,28,-4,-27,-54,-44
-9,-28,-22,37,-2,-36,19,24,-19,2,-19,2
-2,-18,-14,7,-6,-13,44,14,0,-4,-50,-10
-20,-31,-15,-18,-4,-29,1,-13,-19,6,-18,-1
1,-13,-11,13,11,-18,18,-7,2,-11,-17,1
-22,-10,6,2,3,-11,-10,10,3,-28,5,29
-12,-12,6,7,-10,-2,-9,-9,7,16,-6,8
12,17,14,-23,4,6,-3,9,9,4,4,16
13,3,17,26,-2,-25,-7,-21,-23,16,10,4
9,10,-13,-4,3,0,-2,-23,11,-4,27,1
2,14,7,32,-5,31,1,-3,7,6,13,18
14,4,12,-2,6,18,-12,20,20,22,5,1
16,15,21,-11,9,10,18,-4,-9,-1,22,-7
1,38,25,-21,6,23,-18,-13,4,20,16,17
7,14,12,-12,15,-7,-17,-8,8,40,20,16
0,22,19,-28,12,27,-17,-16,-2,30,8,1
31,1,15,-38,-5,25,18,-25,-5,3,20,18
29,12,13,-28,-18,25,-28,-4,13,-4,22,8
5,18,13,-29,17,30,-30,-19,-16,22,30,17
10,32,12,-19,2,13,-5,-15,-4,33,13,17
18,11,15,-41,-11,21,-4,-33,18,28,29,23
5,17,37,-29,-5,28,-13,-6,11,8,14,44
5,44,30,-32,-13,24,-2,-8,36,38,45,32
15,47,30,12,-13,36,-17,-11,16,40,39,17
22,56,29,-59,-10,59,-64,-24,10,58,73,41
29,55,46,-15,-23,26,-28,-21,16,27,55,20
-4,40,29,-40,-5,67,4,-20,-2,52,53,40
14,79,37,-46,-1,68,-20,-34,19,38,69,54
21,55,35,-64,-6,60,-55,-37,22,36,68,29
19,74,69,-32,-9,51,-35,-37,12,61,47,53
35,78,63,-44,-10,77,-44,-17,15,47,61,43
16,88,48,-42,-19,83,-45,-58,38,56,94,59
26,88,47,-42,-11,70,-29,-32,26,60,63,49
45,91,45,-53,-42,79,-46,-21,26,75,90,69
23,110,67,-72,-2,82,-41,-32,24,83,86,76
35,112,69,-59,-17,88,-59,-46,11,79,102,90
41,113,78,-67,8,81,-85,-46,33,81,103,71
46,132,84,-70,-20,124,-108,-41,38,92,89,80
43,114,79,-99,-16,80,-85,-65,18,84,103,111
67,130,67,-103,-23,111,-77,-59,40,109,129,88
40,144,91,-80,-32,110,-95,-55,34,102,115,86
66,139,112,-87,-60,143,-91,-55,47,107,117,100
64,156,114,-117,-10,133,-84,-63,56,113,160,106
68,173,110,-114,-34,150,-85,-59,49,112,140,110
42,175,134,-117,-16,159,-92,-68,43,131,157,123
63,175,101,-104,-12,136,-71,-96,40,113,162,125
60,196,128,-148,-40,175,-104,-82,61,156,194,145
74,219,124,-148,-44,162,-93,-58,74,149,173,141
63,211,119,-134,-12,171,-96,-91,54,156,181,147
79,223,106,-161,-31,174,-112,-75,43,143,205,130
93,206,145,-140,-29,178,-117,-92,71,179,213,155
72,245,157,-149,-42,189,-107,-103,88,172,191,160
85,225,156,-181,-48,196,-157,-103,69,182,208,206
71,243,156,-172,-29,203,-130,-107,66,198,205,170
87,269,174,-164,-33,207,-158,-107,67,214,232,156
79,269,165,-172,-31,240,-167,-112,85,195,239,185
96,267,187,-188,-43,231,-147,-112,88,236,248,212
90,306,194,-176,-45,220,-146,-107,82,207,242,208
120,300,181,-192,-52,267,-170,-121,114,214,259,211
100,299,202,-207,-59,250,-159,-139,73,209,263,219
116,315,201,-215,-37,262,-185,-121,101,225,270,234
123,320,195,-212,-57,256,-165,-140,90,237,277,238
125,342,211,-202,-43,269,-204,-126,88,250,296,243
111,354,207,-203,-50,260,-164,-122,97,266,305,231
102,345,231,-236,-49,278,-188,-136,115,250,293,226
132,369,233,-254,-55,283,-174,-157,96,270,325,232
128,350,245,-256,-49,306,-193,-161,121,277,336,261
134,380,247,-252,-54,303,-196,-123,125,264,345,260
128,378,243,-270,-48,319,-217,-145,119,273,338,273
139,380,235,-265,-61,305,-218,-171,108,288,333,249
131,377,259,-262,-73,312,-205,-162,131,281,325,248
139,401,249,-284,-70,324,-216,-162,130,314,375,261
115,393,257,-281,-58,348,-211,-135,115,329,345,273
140,391,264,-269,-77,318,-224,-171,107,303,359,277
143,413,273,-264,-59,342,-233,-160,128,321,375,292
138,434,278,-281,-43,341,-218,-181,143,323,387,266
121,419,277,-285,-74,345,-231,-144,124,309,367,287
139,426,261,-304,-63,338,-248,-154,125,296,345,315
145,419,265,-290,-48,341,-236,-162,120,314,401,301
139,430,263,-290,-68,336,-217,-168,139,333,381,300
152,418,279,-294,-43,356,-236,-172,132,314,376,292
137,444,283,-294,-76,334,-202,-156,126,318,383,292
132,405,260,-288,-55,333,-250,-173,141,330,385,300
159,416,288,-297,-75,358,-232,-153,125,340,395,295
144,428,264,-290,-61,358,-230,-175,139,313,373,291
130,426,249,-283,-75,367,-228,-180,140,310,405,307
150,442,260,-280,-61,336,-239,-182,151,298,399,297
126,438,277,-295,-86,332,-263,-179,128,315,380,294
152,410,251,-250,-69,333,-214,-167,103,325,373,294
159,413,270,-268,-65,321,-235,-149,132,313,385,284
146,399,263,-265,-65,352,-235,-158,114,300,363,257
129,409,253,-269,-35,320,-233,-154,139,300,346,251
125,379,241,-279,-69,330,-218,-142,118,300,346,286
113,398,251,-271,-43,335,-226,-160,109,291,373,293
136,396,233,-260,-55,314,-204,-154,127,295,325,279
134,384,243,-253,-33,316,-228,-137,112,267,325,266
121,374,238,-251,-51,329,-191,-146,101,293,344,248
114,366,242,-239,-56,298,-201,-134,104,262,329,277
131,389,233,-237,-57,290,-180,-111,109,254,326,256
111,347,229,-215,-46,312,-190,-147,103,260,316,233
131,355,207,-209,-69,311,-204,-146,101,260,326,237
103,364,216,-219,-48,281,-183,-111,95,250,301,244
88,319,208,-233,-46,261,-182,-138,108,252,303,219
115,327,199,-210,-38,266,-178,-123,97,238,262,244
113,323,197,-210,-74,228,-170,-124,76,256,296,206
123,304,172,-206,-42,260,-164,-136,106,209,252,196
100,299,223,-209,-38,230,-159,-120,66,195,267,220
93,266,180,-190,-37,233,-153,-113,77,194,253,193
95,268,169,-188,-49,239,-146,-128,77,199,243,206
98,260,172,-199,-19,225,-141,-117,104,194,238,189
83,246,145,-175,-24,208,-132,-84,56,195,219,198
70,234,147,-144,-49,200,-144,-97,89,191,243,155
90,212,161,-169,-23,202,-118,-114,101,185,203,175
57,221,132,-147,-22,186,-111,-97,68,152,203,171
62,217,144,-133,-24,155,-156,-98,57,169,189,135
78,219,143,-138,0,186,-127,-73,57,150,175,159
80,203,137,-146,-25,187,-101,-108,64,145,160,144
80,193,147,-117,-17,156,-109,-78,66,121,194,140
61,182,119,-122,-42,147,-90,-59,44,128,142,132
47,178,134,-96,-41,142,-90,-62,55,127,162,107
54,166,116,-91,-12,135,-100,-53,40,114,143,82
65,150,105,-92,-30,127,-82,-76,35,109,162,100
32,144,86,-103,-28,122,-92,-51,27,106,130,93
68,141,78,-101,-16,125,-68,-60,42,77,147,103
41,140,72,-88,-27,111,-72,-68,25,97,113,98
21,100,82,-106,-19,110,-72,-65,38,82,107,72
46,104,74,-77,-35,87,-63,-66,25,110,109,90
32,105,83,-108,-14,94,-69,-34,26,93,87,61
56,103,61,-73,-17,105,-47,-55,47,75,91,99
30,79,58,-69,-18,75,-56,-37,17,82,87,48
27,68,68,-55,-32,68,-65,-29,38,52,61,57
22,91,75,-48,-13,55,-55,-22,37,52,76,65
22,76,45,-61,1,51,-57,-4,4,55,84,55
29,77,50,-40,-30,51,-60,-13,18,65,83,46
26,60,51,-28,1,46,-39,-27,28,62,36,77
16,58,42,-28,-19,73,-35,-29,12,43,52,56
25,77,23,-23,3,62,-31,-16,33,48,51,43
43,66,59,-41,7,49,-21,-23,39,39,42,39
5,60,33,-26,-14,57,-27,-26,27,29,28,38
14,22,39,-29,-8,46,-27,0,15,16,48,24
11,33,33,-13,-24,36,-15,0,44,45,48,31
31,59,19,-11,1,52,-32,-12,-5,9,21,24
21,51,14,-18,-2,10,-2,-20,7,19,22,19
14,42,43,-28,2,31,-15,3,5,19,43,7
4,38,12,-3,-4,26,-33,21,17,28,33,13
19,38,36,-17,-3,13,-14,1,14,15,16,39
12,29,19,-13,-1,29,-5,-12,11,3,25,7
2,-2,13,-13,14,10,-23,-21,-8,36,37,18
12,20,1,-5,-9,31,-15,-8,14,18,10,31
15,50,7,-25,-9,16,-8,2,16,31,20,3
15,27,-10,-19,-15,3,-23,13,4,11,13,2
8,7,-3,-9,-28,-5,1,-31,4,4,15,14
7,5,-5,-30,4,20,-11,-22,-2,28,13,14
-6,27,8,-5,-7,23,-10,0,2,12,14,18
0,-5,-20,-8,-23,10,-9,-15,-2,4,4,17
24,5,-10,5,0,37,-15,-9,2,7,11,15
10,34,14,-13,-9,18,-4,18,16,2,7,-2
-8,-8,27,8,-3,7,2,5,13,3,18,14
20,8,-11,-1,1,18,28,-2,19,-8,17,-1
-18,2,9,-11,7,21,1,11,5,11,-9,-18
-5,5,-13,5,-5,18,7,11,1,-6,14,14
28,30,2,8,18,-9,-12,2,-2,29,8,-1
5,12,9,11,-9,11,13,11,-7,18,-7,4
22,-12,13,-11,-13,-25,-2,-2,19,-15,-5,-12
-17,3,7,6,7,-12,-3,-8,5,8,-6,8
16,14,6,-17,-13,8,-15,-15,9,-4,-1,16
-8,18,-24,6,-27,10,-14,-1,-11,7,3,4
23,3,-3,19,18,8,-11,-7,-2,14,17,8
-9,10,15,-18,-14,-6,18,11,-30,19,17,-16
3,19,-33,1,-4,1,-21,1,18,7,-8,-4
1,19,-4,-12,13,1,3,-5,-2,-6,-6,-6
-15,-4,17,3,4,-6,7,-10,10,-26,-5,-22
19,14,4,-3,-1,4,15,-9,-10,-6,16,-9
3,-4,-2,-17,-5,5,0,9,1,-14,7,34
-17,-14,-2,-4,-17,-2,10,-4,9,11,-9,2
7,4,-6,2,19,7,8,7,16,-8,-27,0
1,0,-3,-10,-11,5,-6,-9,-3,2,-11,-23
-16,7,5,3,-7,2,21,0,23,-3,7,2
-4,12,-14,-10,-9,3,-9,-10,13,-4,20,-19
5,-4,-6,-8,2,-31,-3,-8,28,6,5,0
7,12,10,-6,-5,17,-9,-4,20,-4,4,5
-13,12,15,-5,6,-12,-8,-2,-1,2,-4,3
7,-8,9,7,-4,0,22,0,18,5,-9,36
9,-12,12,-8,2,29,-9,-3,19,10,26,-2
-1,3,41,-5,5,-4,20,-13,5,4,7,-7
-12,34,7,-1,-1,-1,-20,11,6,-3,10,-2
-17,1,9,-7,19,5,-6,-22,4,26,-3,14
-10,16,13,-12,-16,1,18,32,8,-12,4,28
12,24,19,-11,-10,2,-8,4,-21,2,33,-11
16,10,21,-31,2,14,5,-4,3,-5,28,3
0,-3,29,14,3,-3,2,9,-12,18,-8,5
-7,13,19,-3,-7,-2,-18,1,-5,16,11,8
15,22,5,-17,0,-5,-18,-13,-6,14,7,19
14,10,-6,-9,-5,3,-15,-11,13,5,2,7
-30,9,9,4,-11,13,-25,14,1,-6,23,7
2,-16,12,-6,-13,13,-21,-28,-3,20,-2,-7
7,7,1,-11,-10,21,-23,10,35,9,17,-8
23,1,-8,-12,-13,-7,11,0,-1,18,3,-21
-4,42,13,-10,1,26,11,-21,39,-20,6,-12
10,10,-2,10,15,-11,-8,-11,5,17,9,-23
3,13,12,-10,-9,7,-12,16,4,14,1,4
11,34,-17,-14,3,16,-4,1,15,6,23,9
-12,26,-11,5,10,11,-14,2,9,12,21,10
17,6,-13,-17,1,19,11,15,4,28,3,27
20,17,17,4,-7,5,16,12,19,3,17,-3
-1,10,0,-4,-13,-7,9,9,-1,13,3,7
13,3,0,-15,-3,-4,-4,4,34,11,20,-2
7,-1,14,10,0,26,17,-1,18,-1,10,9
0,-2,-16,-29,5,-2,-14,-20,12,16,-1,4
16,0,13,-1,5,18,-6,11,8,6,25,26
15,1,2,-17,-12,10,-9,1,11,1,-7,21
-12,-5,-19,-8,-15,14,-2,-8,-5,17,-5,-4
-3,5,10,-10,3,21,2,-14,1,15,25,8
0,10,12,-5,-8,10,19,-14,7,-7,13,8
-22,-9,22,6,17,22,-16,-13,24,8,8,1
-7,3,8,-21,-1,10,-15,-18,4,5,27,-1
8,21,12,1,11,-11,-13,9,-4,-5,-21,5
26,-7,8,-39,-1,3,-3,20,-22,23,-11,33
-6,18,11,-10,8,1,3,9,-1,12,4,35
21,30,1,10,5,38,-10,-24,-6,28,24,11
-6,34,12,-18,11,4,3,2,5,-7,18,25
-5,24,8,-2,2,17,-7,0,9,10,24,2
-4,16,8,-12,4,27,-10,7,6,17,21,23
16,32,-8,-8,-18,-10,-21,-6,7,11,5,25
13,15,12,-13,-8,34,-2,-2,-17,29,24,9
25,30,26,-24,16,-12,2,-10,4,18,26,13
25,4,0,-22,8,0,-23,6,6,7,16,58
24,41,7,-15,6,7,-4,5,-1,16,28,35
0,9,30,-1,-23,11,-12,-5,-9,9,42,14
12,13,29,-38,-16,31,-22,-24,7,23,-12,15
7,32,41,-10,8,13,-20,-9,2,11,39,10
6,32,37,-33,-1,41,-36,-13,3,36,30,6
12,37,40,-17,-16,40,-24,-31,10,30,34,16
42,38,13,-42,-4,50,-61,-11,12,40,30,21
32,68,14,-45,7,44,-21,1,4,19,39,16
18,50,49,-29,-11,53,-33,-11,17,39,34,37
31,39,25,-26,-36,15,-42,-5,27,25,35,59
25,39,-4,-46,-19,19,-15,-24,13,45,32,61
36,50,24,-28,-16,52,-36,-34,21,37,62,73
31,86,43,-55,-2,52,-50,-18,39,37,63,44
22,96,35,-51,-2,66,-61,-43,38,56,45,40
20,60,72,-51,-21,82,-32,-33,13,78,77,73
27,85,60,-57,-18,63,-43,-30,12,78,63,67
27,98,51,-43,1,97,-49,-27,16,78,100,68
16,104,91,-64,-11,88,-61,-56,50,42,113,64
20,91,76,-93,-9,75,-55,-48,44,97,135,74
53,113,83,-72,-19,114,-58,-49,39,92,103,72
58,126,87,-75,-39,108,-81,-61,35,87,113,93
45,129,108,-86,-14,117,-70,-47,35,116,112,105
66,139,111,-114,-22,112,-110,-61,29,128,122,104
59,151,83,-103,-26,122,-82,-71,32,127,123,96
47,167,87,-105,-29,133,-82,-72,56,119,129,111
32,170,116,-122,-25,141,-75,-57,68,139,158,92
54,171,126,-112,-27,149,-123,-49,50,136,157,133
80,191,120,-118,-24,150,-93,-83,50,123,183,111
50,202,133,-131,-49,155,-118,-81,51,135,183,126
59,215,116,-152,-24,173,-105,-71,57,156,197,161
81,215,130,-127,-18,166,-94,-79,65,171,201,169
62,219,138,-161,-38,201,-95,-78,71,162,198,156
76,252,144,-154,-51,183,-111,-77,70,189,201,146
90,227,156,-144,-61,203,-137,-101,86,164,205,161
81,230,164,-158,-50,192,-127,-91,83,175,223,163
60,261,193,-173,-35,222,-130,-122,72,180,220,179
85,256,175,-188,-58,208,-139,-113,81,207,250,164
91,261,182,-190,-33,220,-139,-119,93,180,223,167
104,262,181,-199,-34,226,-135,-108,86,221,244,199
84,281,179,-159,-52,242,-151,-108,110,196,269,170
113,263,182,-186,-33,237,-148,-102,91,211,259,185
91,275,180,-201,-41,211,-162,-116,65,208,249,202
101,285,189,-196,-33,226,-137,-120,83,218,250,192
88,271,172,-184,-53,224,-154,-119,90,195,252,191
96,280,180,-197,-45,224,-161,-127,85,199,245,196
93,280,183,-178,-43,236,-154,-100,66,195,275,208
109,262,176,-181,-49,214,-156,-120,74,230,266,171
103,279,161,-185,-32,199,-158,-129,90,201,256,189
114,267,150,-185,-31,201,-151,-110,59,179,230,164
99,256,185,-164,-18,202,-151,-97,67,200,224,179
88,249,155,-173,-42,212,-131,-114,85,169,228,172
94,250,158,-167,-36,199,-163,-86,84,199,227,187
74,230,146,-173,-52,203,-144,-94,69,192,218,144
76,239,167,-170,-39,196,-121,-97,66,185,222,161
91,230,136,-156,-43,193,-123,-81,75,176,204,155
85,229,126,-148,-33,177,-113,-107,86,183,182,167
64,213,144,-130,-11,174,-117,-63,69,135,199,143
84,214,127,-142,-33,175,-107,-86,82,144,184,165
45,211,127,-130,-22,173,-81,-73,53,148,171,155
62,175,114,-112,-34,147,-102,-73,56,147,159,136
60,167,111,-136,-42,130,-96,-71,39,112,140,124
53,153,94,-105,-19,133,-72,-63,59,118,147,120
40,154,93,-111,-25,98,-78,-49,31,138,132,113
57,143,90,-79,-11,123,-83,-53,37,109,124,91
45,124,98,-89,-27,114,-77,-22,55,103,143,106
42,112,92,-91,-12,114,-57,-34,27,84,127,88
28,88,47,-75,-22,122,-75,-24,46,82,111,67
34,109,73,-66,-14,101,-81,-39,18,81,84,88
44,96,72,-67,-32,80,-49,-52,22,67,74,75
25,88,39,-66,-15,68,-61,-40,25,42,87,37
25,77,49,-48,-4,79,-56,-25,27,65,73,49
30,77,59,-45,-16,63,-37,-27,38,42,62,61
41,80,65,-23,-19,39,-24,-41,30,60,52,51
-11,44,45,-46,3,51,-41,10,5,45,76,61
6,39,39,-63,-21,36,-49,-17,4,52,53,43
4,38,23,-50,-18,60,-23,-17,15,29,71,28
30,54,51,-31,-2,50,-34,7,3,42,17,22
27,57,42,-35,1,45,-24,-16,15,41,27,30
23,39,33,-13,1,16,-34,-19,11,46,42,43
10,29,20,-25,7,23,-13,9,-9,25,24,9
2,11,12,-20,4,22,-22,-17,1,22,23,27
-8,43,24,-23,-13,26,-15,-12,9,0,11,10
19,32,6,-20,-10,8,-7,-24,6,2,3,26
5,29,10,-17,-7,35,-16,-28,-2,15,5,22
12,-10,10,-1,6,23,-6,24,1,36,1,6
13,13,-6,-15,-4,21,-10,-8,16,28,14,5
27,30,8,-9,-6,8,-5,11,16,7,3,22
1,12,10,7,12,-1,-5,23,13,17,-8,-15
22,19,-7,-2,-9,-13,-11,1,-3,12,-3,-14
-6,0,0,8,21,6,20,-10,7,-9,17,-11
-15,-5,2,26,2,-9,18,3,1,-32,-9,-20
-38,-32,-32,5,10,-27,-4,4,-20,-4,0,-15
-11,-13,-7,19,19,-2,7,38,-11,5,-32,-19
-16,-21,-41,50,14,-39,35,18,-7,-65,-33,-35
-28,-44,-22,27,-1,-47,17,21,6,-39,-58,-53
-16,-78,-25,35,6,-65,47,10,-20,-68,-32,-42
-40,-61,-61,53,16,-70,49,-1,-13,-65,-91,-42
-5,-93,-42,53,48,-76,50,30,-27,-49,-80,-82
-44,-107,-65,64,34,-98,54,56,-23,-94,-106,-75
-48,-119,-108,65,19,-107,56,50,-43,-69,-103,-90
-50,-146,-92,86,33,-132,85,57,-47,-85,-116,-87
-40,-123,-86,82,17,-138,87,63,-10,-108,-138,-96
-68,-145,-127,90,22,-148,81,72,-51,-116,-164,-122
-42,-152,-91,111,25,-137,93,61,-55,-104,-153,-112
-35,-148,-96,106,-1,-124,93,60,-53,-112,-110,-119
-43,-135,-80,111,33,-132,61,36,-46,-104,-122,-93
-33,-100,-75,58,22,-114,75,56,-42,-87,-113,-77
-43,-72,-67,53,21,-68,42,34,-49,-82,-67,-56
-49,-32,-23,30,3,-22,9,15,7,-38,-38,-26
10,-14,-5,-2,0,19,18,7,-10,-8,31,17
28,77,30,-47,-4,42,-36,-35,30,61,60,57
33,137,104,-93,-22,119,-75,-64,49,107,155,91
54,197,135,-134,-31,185,-115,-89,75,151,187,178
108,296,211,-209,-47,259,-179,-124,102,255,263,234
139,422,277,-277,-55,325,-233,-172,126,319,379,308
179,524,345,-360,-55,441,-277,-220,138,372,466,373
214,600,414,-421,-97,544,-340,-257,194,461,564,426
253,717,466,-500,-115,618,-388,-269,212,528,674,497
297,829,495,-538,-122,690,-470,-335,220,613,744,572
343,904,603,-613,-140,725,-515,-383,268,687,814,637
347,1004,653,-655,-158,814,-558,-397,285,728,867,694
353,1045,659,-711,-143,862,-557,-414,305,756,904,746
386,1076,690,-710,-160,866,-558,-405,312,815,934,737
365,1072,689,-720,-157,885,-590,-436,303,802,940,728
380,1062,682,-691,-150,871,-556,-405,311,773,942,740
355,1007,662,-686,-143,840,-552,-402,285,754,894,718
319,938,611,-637,-162,812,-527,-377,296,725,864,653
319,900,572,-600,-140,736,-487,-334,272,640,784,618
259,792,476,-550,-104,625,-413,-308,225,583,704,547
259,671,447,-457,-108,536,-389,-287,211,529,618,488
211,554,369,-381,-98,474,-313,-215,157,432,503,378
132,450,294,-308,-56,367,-241,-186,143,327,420,331
120,360,229,-231,-72,288,-192,-130,89,270,299,251
76,220,163,-168,-37,185,-121,-83,59,181,202,189
62,128,78,-102,1,103,-79,-45,31,100,134,86
5,64,49,-34,-9,35,-20,-16,15,11,43,28
6,-42,-29,-7,37,-40,27,-3,-1,-6,-34,-45
-42,-130,-78,76,18,-83,45,26,-42,-72,-88,-52
-54,-154,-93,83,15,-104,91,49,-74,-108,-125,-114
-75,-206,-137,125,50,-164,79,69,-52,-128,-162,-127
-99,-241,-134,133,33,-172,129,56,-64,-173,-198,-151
-96,-242,-161,152,42,-190,116,102,-67,-196,-224,-143
-80,-235,-168,174,13,-207,142,93,-90,-195,-238,-172
-85,-259,-158,189,5,-209,147,110,-94,-195,-212,-192
-70,-232,-160,161,18,-213,145,86,-61,-191,-206,-182
-89,-198,-151,155,27,-183,112,81,-50,-176,-191,-171
-67,-207,-137,143,20,-177,118,77,-76,-165,-175,-152
-58,-198,-131,155,33,-172,119,91,-49,-145,-141,-130
-57,-164,-104,89,35,-127,76,76,-43,-129,-139,-126
-38,-128,-95,115,14,-101,78,61,-48,-99,-126,-101
-65,-101,-71,54,3,-84,68,51,-26,-94,-106,-62
-60,-81,-71,49,11,-77,63,31,-29,-56,-94,-62
-24,-64,-37,35,32,-73,33,46,-21,-54,-50,-71
-28,-68,-21,27,26,-29,29,33,3,-35,-81,-49
2,-50,-13,18,13,-39,14,-6,-12,-33,-39,-46
-27,-45,-26,11,-2,-23,33,-7,-26,-29,-29,-19
-28,-21,-17,7,12,-30,-8,18,26,1,15,-25
11,-14,-6,18,19,-18,19,23,-20,-8,6,-24
-14,-11,23,20,-6,-22,2,-21,-19,22,14,-5
-13,6,-14,-24,11,19,7,-17,-2,4,11,0
-11,-6,-26,-12,-7,11,-8,9,-11,-23,2,-7
-19,11,-8,-31,20,10,18,-11,-1,-7,17,20
8,2,4,10,-21,9,-26,-4,7,7,19,25
-7,-4,17,-34,8,29,-13,-19,-5,-4,12,12
27,14,35,-23,-16,-2,-14,-5,17,13,19,3
9,12,15,-13,-10,35,-5,-4,-4,29,7,24
1,14,14,-14,-4,21,3,-13,18,21,21,34
-6,-1,8,-20,-16,54,-8,-16,28,16,26,13
10,5,-4,-5,-19,37,-6,-16,3,30,17,57
-4,24,14,-19,-8,10,-15,-22,5,33,37,7
30,41,27,-11,-20,31,-46,-16,-7,10,27,6
24,24,32,-30,-12,30,-8,-4,-22,10,29,10
8,54,14,-23,-12,40,-3,-27,7,17,19,7
10,48,41,-5,-3,25,-10,-32,19,34,33,10
21,43,35,-55,1,36,-20,-17,6,35,41,36
10,25,30,-28,-12,11,-28,-24,15,41,40,19
7,43,34,-41,-16,44,-30,-49,21,26,55,36
25,38,27,-29,9,53,-34,-24,-1,42,46,23
34,65,42,-41,-18,60,-26,-18,-2,48,73,44
18,69,41,-40,8,46,-38,-20,0,58,50,51
35,48,56,-42,-10,41,-31,-23,22,38,35,31
19,69,37,-33,-2,42,-49,-27,19,53,39,44
9,66,40,-48,-19,42,-27,-32,11,50,47,45
29,75,42,-48,10,30,-49,-37,25,56,83,40
26,75,42,-46,-27,64,-49,-34,-6,70,77,60
41,95,79,-60,-32,74,-57,-26,19,87,51,58
32,93,52,-48,-17,58,-64,-36,32,75,101,53
41,113,35,-45,-24,78,-46,-46,40,70,84,68
49,87,52,-53,-14,65,-65,-53,22,93,87,71
35,99,63,-42,-38,100,-49,-60,42,90,90,52
29,115,75,-63,2,82,-61,-51,31,98,112,57
28,122,67,-73,-28,99,-73,-58,17,84,97,71
60,126,79,-96,-18,96,-68,-54,47,95,137,98
41,142,76,-96,-6,102,-80,-41,41,108,120,79
35,141,98,-103,-13,117,-82,-66,52,84,136,107
67,158,105,-108,-31,134,-66,-63,37,117,98,100
40,168,115,-115,-41,118,-100,-39,59,140,145,133
49,155,102,-119,-20,135,-87,-59,53,129,147,122
65,166,117,-120,-34,140,-97,-82,36,128,152,105
64,198,124,-120,-12,154,-101,-71,39,137,157,120
65,163,130,-104,-35,157,-121,-73,54,155,160,122
72,199,119,-126,-41,152,-102,-83,74,154,166,136
92,207,128,-147,-31,167,-110,-95,58,149,179,158
72,196,124,-159,-40,160,-115,-89,66,173,186,155
85,228,146,-176,-12,192,-111,-74,83,173,193,152
72,235,144,-165,-50,185,-110,-120,64,183,194,153
69,235,140,-168,-43,214,-143,-102,92,170,228,168
67,236,164,-161,-39,221,-151,-138,83,186,227,167
98,244,187,-180,-40,222,-155,-95,67,200,223,165
101,292,186,-177,-62,205,-163,-101,53,196,257,194
87,273,179,-173,-43,238,-143,-94,98,213,247,174
83,280,186,-179,-40,253,-146,-113,72,232,252,203
122,294,195,-217,-43,243,-173,-117,88,215,260,191
104,302,214,-192,-43,249,-165,-123,90,247,266,195
102,344,212,-203,-39,275,-184,-138,82,216,302,214
112,342,189,-218,-31,271,-169,-131,108,231,290,241
111,329,203,-249,-49,252,-180,-134,93,266,309,230
113,332,225,-227,-59,273,-174,-131,90,275,334,239
141,345,220,-228,-45,282,-207,-121,121,256,317,230
138,353,235,-248,-28,309,-195,-153,113,281,311,256
149,354,267,-240,-39,292,-187,-144,103,276,321,254
119,339,234,-247,-35,307,-216,-159,120,282,341,250
122,355,251,-266,-51,313,-179,-149,120,285,331,264
136,373,254,-257,-75,305,-230,-164,96,272,346,269
121,382,255,-276,-31,328,-228,-126,127,292,362,275
149,391,251,-277,-47,353,-203,-178,141,276,343,274
139,402,226,-278,-42,331,-205,-147,107,291,339,263
147,373,262,-255,-79,323,-214,-161,127,310,359,296
130,403,264,-267,-44,350,-205,-166,136,279,359,285
127,391,270,-293,-78,334,-218,-149,110,296,365,265
153,407,258,-282,-71,339,-203,-157,118,298,365,284
148,409,271,-255,-74,330,-235,-149,110,301,395,287
130,415,257,-287,-54,337,-215,-159,130,318,375,296
162,421,265,-259,-67,338,-238,-169,101,325,366,307
140,415,281,-268,-59,353,-246,-160,115,323,362,272
138,414,286,-275,-82,325,-210,-162,109,327,379,268
138,419,262,-287,-66,341,-232,-168,115,304,391,290
152,389,249,-288,-44,345,-244,-161,137,296,368,292
145,394,271,-293,-49,353,-238,-146,134,335,374,288
132,423,241,-279,-56,331,-226,-163,128,298,343,283
148,411,264,-282,-60,332,-201,-161,110,287,380,286
137,384,264,-270,-72,336,-215,-148,109,296,353,260
160,396,258,-271,-44,339,-209,-176,113,304,358,268
120,390,267,-228,-65,345,-224,-157,102,287,346,292
128,384,258,-266,-57,324,-192,-161,137,296,330,257
140,358,253,-250,-59,321,-195,-144,103,283,340,237
129,369,238,-240,-28,305,-173,-141,118,271,333,243
118,352,249,-246,-58,298,-201,-154,118,256,321,252
153,363,283,-248,-53,310,-189,-140,87,260,335,260
122,357,237,-245,-39,305,-196,-141,112,256,322,246
131,348,233,-234,-47,291,-181,-149,84,268,301,252
112,349,218,-227,-50,268,-184,-108,102,253,300,242
119,318,235,-211,-59,293,-182,-127,112,249,293,262
111,327,216,-188,-46,264,-179,-128,98,239,281,227
101,321,187,-212,-47,273,-169,-138,66,264,285,210
104,286,194,-209,-64,246,-186,-118,96,228,291,235
93,323,188,-207,-52,239,-180,-126,91,216,282,214
98,265,201,-208,-45,233,-157,-121,86,227,257,192
102,287,186,-175,-50,244,-159,-107,95,217,270,207
98,279,203,-165,-36,205,-157,-110,82,222,241,202
115,263,144,-193,-32,201,-115,-109,79,190,218,185
89,246,165,-188,-36,210,-136,-99,64,176,221,187
97,233,143,-171,-45,191,-137,-87,82,175,211,158
76,237,150,-173,-19,189,-130,-81,91,170,216,163
96,226,126,-142,-49,180,-132,-70,39,176,192,133
64,177,142,-144,-5,171,-113,-85,50,151,200,146
67,185,132,-128,-25,157,-124,-93,55,166,170,117
81,202,119,-119,-12,170,-121,-74,54,130,211,137
61,168,105,-115,-27,148,-110,-50,55,141,172,117
61,201,117,-117,-22,140,-78,-66,59,113,143,126
59,172,96,-103,-42,136,-107,-45,45,134,136,107
62,146,79,-95,-5,117,-86,-58,41,99,146,110
45,148,88,-124,-13,117,-61,-50,52,80,139,110
48,125,68,-101,-13,119,-78,-70,32,83,125,99
39,147,93,-101,-3,114,-63,-52,26,75,117,94
31,121,75,-78,-15,99,-79,-37,36,92,109,71
49,97,78,-84,-12,72,-55,-47,51,63,89,83
41,107,73,-76,-14,97,-53,-50,30,63,121,48
41,105,59,-63,5,74,-47,-20,41,52,110,75
25,98,63,-66,-29,84,-44,-33,41,65,70,69
14,94,32,-63,-21,66,-40,-25,33,56,87,36
31,100,36,-45,-11,50,-31,-4,32,42,61,47
21,74,47,-49,-6,50,-28,-33,13,51,51,42
22,62,30,-19,2,61,-36,-28,29,41,55,50
9,56,52,-39,-8,36,-62,-36,6,26,37,25
14,68,40,-38,-17,41,7,-15,24,22,47,33
21,59,16,-23,-17,30,-16,-14,5,18,45,36
19,43,34,-29,1,24,-13,-17,23,29,33,26
9,41,10,-12,-13,15,-28,-6,-3,32,36,27
18,29,23,-28,-17,6,-14,-30,5,16,33,32
10,16,3,-37,-6,7,-8,-5,-8,18,27,40
21,10,-6,-2,0,1,-17,-26,11,10,10,19
0,2,20,13,21,28,-12,-6,0,10,28,13
-15,19,11,-2,-18,30,-2,-8,1,3,13,22
-9,-5,11,9,10,5,-12,-6,19,6,-20,24
-3,-7,12,4,-14,-11,20,-9,-11,-7,-7,4
5,-9,11,25,-12,-5,5,-4,-8,4,3,12
4,5,2,-3,-2,-4,24,2,-19,6,-11,0
9,-26,-15,-1,-1,0,7,9,1,16,14,-2
1,1,-7,12,7,-4,9,17,-8,-21,-5,9
-3,-19,-9,28,-15,-26,0,0,9,3,3,0
14,11,-13,4,2,-26,-3,-5,-14,-14,-11,-21
-8,-23,-22,10,-9,-15,-3,6,-2,-3,6,0
-2,-5,-12,18,-1,-11,9,27,-16,-14,-15,-13
-2,-32,-15,1,-11,-23,10,1,-23,6,-23,14
-20,-7,-2,11,22,-23,13,-4,-20,-12,-18,-9
-13,-15,-12,25,15,-15,4,19,-17,-6,-38,-10
-5,-40,-26,27,-10,-35,24,14,-8,-13,-20,-14
-23,-27,-15,7,-13,-26,10,34,-14,9,-33,-19
-3,-27,-7,28,14,-30,15,43,-12,-26,-21,-19
-25,-40,-23,29,-17,-34,5,15,16,-17,-33,-33
6,-30,-37,23,3,-26,-1,-5,-21,-30,-13,-32
-16,-5,-5,18,12,-29,13,43,12,-8,-30,-3
-15,-40,4,14,4,-20,14,1,1,-29,-22,-24
-11,-33,-10,11,23,-33,16,23,4,-23,-41,-13
4,-42,-14,55,-6,-37,26,4,-16,-15,-23,-38
-5,-26,-27,54,9,-44,29,7,-13,-33,-34,-27
-23,-42,-16,21,-8,-20,34,24,-17,-28,-37,-25
-5,-26,-44,35,26,-13,29,12,-14,0,-39,-54
-18,-31,-28,12,10,-15,34,20,-23,-28,-28,-32
-12,-24,-19,3,24,-56,10,13,-6,-46,-42,-11
-7,-31,-24,17,7,-28,-1,5,-21,-21,-36,-12
13,-17,-25,26,-10,-44,22,-10,21,-12,-34,-13
1,-37,-1,25,14,-33,8,15,-29,-13,-9,-27
-13,-29,-18,12,19,-25,35,27,7,-25,-21,-23
-2,-47,-26,18,10,-27,11,12,-4,-34,-16,-27
-9,-15,-28,9,7,-12,22,-6,-4,-32,-59,-35
-28,-32,-14,10,4,-33,4,11,-22,-28,-38,-43
-15,-34,-4,28,5,-46,23,14,-5,-18,-46,-14
-23,-38,-30,26,-2,-53,21,3,-19,-33,-43,-10
-6,-24,-32,36,-1,-32,21,31,-3,-25,-17,-35
-2,-29,-49,27,13,-47,33,14,4,-55,-30,-11
-18,-42,-47,22,-4,-43,25,-5,-6,-23,-34,-23
-25,-26,-7,31,-6,-19,14,17,-8,-21,-43,-28
4,-56,-23,18,7,-25,15,17,-20,-29,-27,-32
-24,-33,-18,20,2,-41,31,6,-28,-21,-20,-33
-15,-35,-28,33,-1,-25,18,23,-13,-21,-18,-29
17,-28,-30,10,-25,-31,17,24,-27,-29,-31,-8
-32,-18,-21,3,-6,-30,30,29,-5,-20,-28,-6
-29,-46,-15,18,6,-40,12,2,-2,-14,-19,-36
-17,-41,-28,13,18,-29,39,11,-10,-16,-27,-29
-9,-21,-10,38,17,-33,16,32,-14,-37,-41,-35
-18,-19,-18,10,10,-16,30,16,-16,-28,-49,-14
-27,-36,-19,37,31,-31,11,30,6,-6,-34,-23
-31,-31,-20,31,17,-11,14,9,-9,-36,-35,-22
-14,-10,-26,31,-2,-20,24,18,-7,-8,-13,-22
-5,-23,-21,32,19,-33,27,14,3,-14,-12,-29
-5,-30,-12,28,-2,-47,14,0,-10,-47,-15,-45
-1,-35,-18,5,-29,-33,15,12,-29,-45,-25,-24
6,-60,-11,13,-10,-30,28,12,-20,-24,-10,-8
-19,-46,-15,11,13,-17,25,-1,-16,-9,-31,-31
-28,-18,-14,-4,12,-28,9,0,0,-4,-17,-30
-29,-3,4,28,23,-34,8,-4,9,-17,-19,-2
-19,-45,-18,14,8,-23,30,-17,-26,-32,-21,-16
-5,-19,-29,21,-9,-16,-10,4,-20,-4,-27,-6
-28,-9,-34,20,-9,-26,18,15,-16,10,-36,-6
-1,-41,0,-8,15,-31,32,27,2,-34,-33,-7
-25,-25,-1,38,-13,-33,37,13,-9,-11,-14,-37
-7,-21,-21,17,-7,-26,-15,-20,-15,-11,-26,-24
-8,-35,9,9,4,-32,20,-9,-26,-16,-32,-41
4,-15,-11,35,25,-27,-14,-7,-8,-31,-20,-15
-19,-22,-19,28,-12,2,28,16,2,-9,-37,-15
4,-50,-8,44,15,3,12,29,11,-17,-18,-35
-14,-28,-12,31,-21,-15,-13,-4,-24,-11,-17,-9
3,-45,-26,20,10,-40,0,10,-12,-29,-44,-39
-17,-45,-6,29,1,-19,24,16,5,-27,-44,-6
-28,-27,-22,36,-9,-26,11,25,-3,-35,-41,-4
-1,-29,-3,6,16,-19,12,17,-20,-29,-20,-14
-26,-28,6,24,9,-16,26,19,-8,-19,-18,-36
-4,-29,0,18,6,-24,-4,7,-10,-10,-19,-23
-1,-43,-32,9,1,-25,5,6,20,-8,-19,-26
7,-11,-34,4,7,-33,-8,-8,-24,-21,-7,-34
7,-34,-6,-16,14,-37,-14,-2,-15,-15,-26,-19
-16,-4,29,14,20,-6,-11,23,-12,-18,-26,-9
-4,-32,-2,10,-12,2,24,8,6,-9,-10,1
-2,-20,-20,3,-17,-27,17,9,-2,-11,-15,-21
-15,-30,-20,21,1,3,19,15,13,-24,-10,-31
-10,-5,-25,26,0,-7,6,32,3,22,13,6
3,-30,7,7,-10,2,15,-8,7,6,-4,-19
-6,-39,-6,-2,1,11,3,5,-24,29,-7,-3
17,-21,-31,14,6,-2,16,11,-12,-26,1,-25
-10,-16,-22,-12,-4,-10,-6,1,-1,-7,-39,-12
5,-4,-20,-19,-3,-3,0,8,-4,22,1,1
-7,-3,-11,23,9,7,4,16,-4,-3,-25,10
0,18,-16,-28,2,0,8,-1,-7,2,13,-10
22,1,2,-13,-12,-6,-7,6,-2,-2,21,-3
0,2,17,-12,-37,16,9,0,0,12,24,3
16,40,3,-18,-6,2,-6,-15,3,-3,13,1
19,19,26,-24,2,29,-9,-8,10,23,12,0
4,30,18,-10,-7,5,2,7,11,12,39,22
5,35,4,-34,2,40,-13,1,2,37,17,27
-8,34,29,-6,-10,34,-11,-7,3,23,33,17
12,60,32,-19,-6,34,-10,-22,7,28,39,10
20,67,27,-25,3,39,-18,-14,21,26,39,39
23,60,29,-23,2,49,-27,-24,22,39,21,38
16,49,39,-37,-26,41,-50,-16,25,45,63,41
-1,66,39,-54,-15,50,-34,-9,20,55,47,69
38,70,52,-41,-18,55,-56,-44,30,45,63,52
33,86,40,-56,-10,54,-39,-44,43,74,76,67
22,90,55,-48,-11,69,-39,-41,8,53,71,43
29,114,53,-54,-30,88,-73,-47,34,78,94,83
40,109,58,-69,-17,90,-88,-42,43,105,94,82
47,115,81,-74,-40,98,-65,-35,23,90,113,84
63,127,82,-80,-39,106,-74,-29,34,92,104,91
43,118,87,-93,-27,118,-73,-74,47,110,135,90
76,144,81,-105,-14,119,-89,-58,43,117,127,103
63,157,87,-124,-39,141,-89,-56,3,130,118,94
62,185,110,-100,-16,137,-101,-64,28,138,148,101
51,161,110,-122,-37,129,-90,-73,46,116,156,129
79,196,111,-110,-24,154,-104,-63,65,129,170,123
84,192,131,-125,-20,172,-99,-72,26,128,155,129
88,195,137,-142,-54,148,-100,-76,56,146,173,173
69,206,140,-126,-32,174,-130,-83,70,165,179,129
36,221,121,-139,-27,161,-114,-77,67,161,175,140
56,197,118,-160,-36,177,-111,-83,69,157,205,139
80,207,139,-139,-46,184,-142,-87,48,165,204,144
60,224,164,-151,-41,179,-110,-115,68,162,208,168
106,235,171,-147,-48,179,-122,-95,66,168,198,162
77,251,171,-143,-25,193,-126,-87,84,181,212,183
66,237,154,-154,-51,190,-120,-86,56,180,218,150
99,237,153,-161,-28,191,-130,-97,59,191,194,157
92,233,163,-161,-20,195,-128,-93,66,178,209,184
74,228,167,-146,-33,188,-120,-95,55,186,225,158
71,220,151,-153,-41,182,-137,-89,51,173,204,185
98,235,149,-173,-34,197,-124,-97,82,181,214,172
108,229,141,-144,-37,186,-134,-84,51,170,203,162
97,231,139,-145,-35,208,-136,-88,67,153,183,158
68,215,154,-142,-35,186,-133,-99,58,164,195,153
59,205,150,-145,-41,177,-120,-102,82,166,201,125
70,207,126,-144,-31,157,-110,-83,60,157,188,148
79,208,134,-111,-23,160,-101,-68,45,134,159,127
83,195,125,-123,-32,159,-110,-72,55,155,181,132
40,196,116,-130,-37,159,-105,-82,65,160,167,123
61,190,112,-112,-13,148,-99,-85,44,127,159,127
60,165,121,-101,-28,150,-99,-55,33,126,150,123
65,164,111,-127,-2,159,-78,-70,43,107,138,110
38,155,101,-91,-34,116,-91,-76,37,116,123,112
39,151,83,-96,-16,125,-73,-60,42,115,125,78
32,119,97,-91,-23,120,-78,-50,40,90,130,85
39,112,68,-76,-29,110,-56,-42,28,109,106,100
60,107,82,-84,-34,107,-75,-55,20,90,108,71
23,101,50,-64,-11,101,-58,-33,27,94,86,82
40,79,104,-62,-28,87,-38,-50,64,69,88,48
28,81,56,-55,-18,84,-49,-36,38,63,81,67
40,69,51,-51,13,39,-27,-19,18,54,62,44
10,71,45,-47,-17,55,-23,-43,24,51,56,37
1,53,45,-27,-36,77,-39,-18,36,48,53,20
5,39,17,-33,5,49,-40,-21,29,36,57,25
21,21,26,-22,-15,35,-26,-15,4,12,36,38
5,28,44,-10,3,4,-18,-3,29,29,45,50
27,30,26,-13,-4,12,1,-18,-1,18,32,25
5,16,17,2,-21,45,-8,-11,20,10,3,31
12,35,9,1,-32,20,-18,-1,-16,30,22,-7
14,-6,8,-19,0,15,3,4,-4,-14,17,-5
2,15,6,4,5,-15,-23,7,0,5,2,-15
-3,-5,-22,8,18,0,-13,5,18,14,-7,-2
-12,-22,13,-20,19,-13,1,4,9,11,-18,-12
-7,-18,31,-3,15,-12,-5,9,6,-8,-25,-9
2,-7,-14,17,10,-11,9,-2,1,-1,-34,2
-52,-9,7,13,-30,-16,11,1,0,-15,-10,-1
-15,-19,-22,11,23,-27,0,3,-29,-31,-15,-14
-4,-37,-10,20,3,-5,18,10,-13,-8,-32,-14
-5,-39,4,23,18,-22,42,7,-5,-27,-18,-6
-6,-41,-9,10,3,-22,17,26,-23,-28,-16,3
-9,-15,6,31,35,-19,14,8,-26,-33,-25,-18
-20,-48,5,11,-14,-26,4,15,-2,0,-54,-31
-18,-49,-11,34,3,-30,20,17,-11,-28,-45,-41
-45,-59,-39,39,20,-40,15,21,-17,-38,-53,-20
-10,-71,-33,14,-27,-28,26,20,-38,-58,-45,-50
-38,-77,-25,59,10,-44,32,22,-18,-43,-56,-52
-36,-97,-46,42,18,-66,41,14,-47,-54,-59,-30
-35,-97,-49,52,2,-67,60,44,-12,-71,-82,-66
-40,-89,-61,76,33,-69,58,63,-21,-69,-90,-72
-20,-125,-79,84,24,-113,80,47,-38,-107,-105,-94
-61,-141,-100,94,7,-115,70,55,-32,-118,-121,-86
-24,-160,-87,96,10,-131,70,74,-45,-92,-133,-87
-63,-185,-111,116,29,-119,91,54,-32,-113,-135,-119
-65,-172,-109,104,31,-157,82,76,-62,-148,-154,-128
-88,-177,-137,136,43,-140,113,74,-59,-138,-157,-121
-95,-185,-136,119,37,-162,120,82,-71,-163,-188,-154
-70,-186,-141,150,36,-170,145,84,-62,-136,-183,-140
-62,-213,-134,130,46,-161,139,90,-67,-155,-194,-138
-81,-224,-134,129,30,-164,104,73,-59,-168,-189,-143
-64,-195,-136,136,12,-162,98,71,-61,-141,-175,-148
-68,-174,-119,130,26,-125,102,59,-67,-141,-126,-102
-46,-138,-98,113,34,-139,64,65,-43,-121,-117,-87
-40,-85,-70,38,20,-77,47,46,-27,-70,-103,-64
-14,-27,-21,29,15,-15,19,25,-13,-42,-10,-33
-4,28,7,-35,-4,37,-8,-14,14,25,28,19
43,82,72,-62,3,79,-70,-46,40,69,100,62
97,194,123,-127,-16,159,-129,-95,77,140,170,129
106,268,184,-210,-41,233,-162,-104,63,199,263,195
141,397,246,-264,-64,329,-231,-148,112,275,350,262
161,481,312,-320,-63,403,-280,-202,142,356,432,323
197,572,385,-395,-98,485,-321,-230,186,409,507,426
248,679,445,-469,-103,545,-374,-276,195,498,614,486
277,762,526,-523,-121,642,-408,-318,246,600,702,528
325,872,559,-598,-111,720,-446,-335,266,632,796,595
335,929,605,-633,-146,785,-539,-379,264,689,831,653
329,979,642,-678,-132,817,-527,-379,293,741,874,676
337,1004,650,-679,-144,836,-573,-399,298,745,907,692
351,994,658,-678,-155,832,-551,-400,303,759,885,680
327,979,626,-677,-165,812,-541,-389,305,758,863,670
317,942,587,-622,-143,767,-495,-379,287,692,850,628
299,874,568,-585,-115,705,-478,-332,276,684,781,619
264,775,511,-531,-111,663,-433,-316,230,575,684,514
246,678,429,-429,-103,580,-361,-275,218,511,606,459
182,573,371,-372,-93,464,-317,-227,165,452,512,394
141,487,312,-320,-56,365,-238,-172,119,349,414,306
132,319,213,-246,-41,310,-202,-148,101,251,316,245
89,239,138,-159,-5,222,-110,-83,66,186,197,194
30,133,78,-98,-21,100,-74,-56,26,135,101,104
-20,49,47,-20,-10,35,-12,-17,33,57,42,32
7,-18,-18,20,8,-26,26,22,-25,-28,-34,-33
-39,-121,-61,93,19,-87,52,39,-47,-71,-80,-80
-81,-147,-112,115,25,-149,78,49,-69,-132,-152,-93
-55,-218,-143,148,36,-159,111,96,-63,-189,-203,-145
-61,-239,-166,163,30,-204,134,71,-60,-183,-203,-186
-88,-259,-150,171,9,-209,145,93,-59,-193,-243,-181
-86,-287,-192,177,33,-231,142,108,-60,-197,-260,-209
-114,-280,-191,185,54,-215,138,114,-96,-231,-288,-186
-67,-273,-170,170,23,-239,134,122,-81,-200,-250,-180
-74,-260,-177,187,39,-211,165,114,-107,-174,-227,-174
-107,-246,-157,164,26,-200,123,100,-84,-191,-220,-165
-88,-204,-146,175,53,-173,114,80,-58,-175,-209,-162
-69,-233,-127,146,14,-175,101,86,-72,-146,-190,-165
-52,-177,-121,114,33,-149,102,68,-51,-131,-147,-114
-63,-172,-114,86,35,-149,94,59,-51,-118,-148,-111
-49,-125,-81,109,25,-117,81,42,-27,-94,-106,-66
-43,-117,-79,92,7,-101,60,48,-19,-95,-96,-93
-33,-81,-59,73,12,-68,39,60,-46,-68,-93,-78
-27,-68,-50,49,24,-68,42,44,-22,-58,-66,-43
-55,-79,-43,48,18,-42,34,26,-24,-34,-57,-50
-9,-41,-41,21,14,-41,17,3,-8,-64,-41,-53
-13,-68,-36,13,2,-44,22,23,12,-30,-45,-9
-18,-57,-49,35,28,-45,33,21,-14,-15,-27,-20
10,-26,-24,6,-6,-22,6,1,-24,-34,-30,-37
-16,-35,-40,22,12,-23,-6,7,-17,-25,-32,-16
-17,-35,-5,17,-11,-44,19,-2,-5,-11,-27,-36
-23,3,-7,19,-3,-15,-5,18,8,-6,-36,-36
-5,-35,1,12,27,-6,15,-3,-28,-8,-45,-11
-17,-6,-4,12,20,-3,9,-16,5,-29,-13,-18
-33,-25,-25,0,9,-14,1,-5,8,-24,-3,0
-6,-14,9,4,-22,-21,26,-16,-4,-20,-18,-15
8,-21,-12,-13,-6,-11,12,-4,-12,-9,-12,-22
-24,-13,-32,1,23,-31,13,4,18,-24,-19,2
7,18,-13,21,4,-12,13,24,-15,-12,-9,-11
-4,-25,-28,8,-12,-19,-9,0,1,10,-9,-21
-1,-8,11,11,-21,-10,-4,-2,12,-18,-3,-14
22,-23,-17,8,-25,-8,11,14,-3,3,-8,-7
-8,17,-12,4,-1,-2,-3,-3,-5,1,17,-6
5,3,6,3,9,8,18,-2,0,4,-10,10
-17,6,-9,0,8,-16,-3,11,-1,4,2,10
-3,20,16,-19,-5,9,-4,13,9,-9,-1,10
14,32,-4,-8,6,-2,-14,11,5,9,-4,3
-5,47,15,-8,7,26,1,-15,-15,26,8,4
-1,34,0,-7,-9,-7,2,-24,9,-9,22,-5
20,14,37,-13,-14,16,-23,-22,7,18,18,38
27,9,8,-17,9,15,-11,-8,12,23,22,1
2,40,1,-37,7,30,-16,-13,19,48,16,25
-11,42,33,-18,-5,33,-10,3,24,39,10,22
40,34,49,-17,-8,9,-26,-27,15,40,60,18
37,43,45,-9,-18,48,-41,-30,33,32,69,15
-8,50,27,-19,6,47,-34,-28,12,33,42,29
33,24,32,-36,-2,43,-34,-17,27,56,46,53
25,61,33,-58,-19,36,-36,-55,8,45,53,57
21,76,51,-55,-12,48,-33,-9,33,42,63,50
38,76,44,-52,-11,59,-34,-52,13,48,73,26
49,86,68,-46,-17,101,-56,-40,35,77,79,61
26,85,48,-49,-12,66,-26,-35,62,66,84,64
23,99,58,-37,0,88,-50,-39,40,61,63,49
22,123,81,-67,-20,105,-49,-28,24,82,82,63
31,122,87,-96,2,104,-53,-74,19,88,106,73
52,109,60,-94,-25,88,-64,-50,28,70,90,104
48,133,96,-99,-22,98,-74,-63,53,101,127,103
44,137,82,-94,-20,119,-94,-61,33,102,116,102
78,149,118,-93,-38,130,-91,-81,55,92,141,99
58,159,90,-102,-13,122,-99,-65,62,120,142,86
50,169,111,-115,-34,130,-91,-76,35,117,163,121
77,183,112,-110,-4,145,-102,-60,50,129,130,143
79,177,120,-127,-31,155,-103,-80,45,124,168,137
49,181,134,-140,-20,156,-110,-49,69,135,183,138
68,179,152,-153,-40,178,-100,-79,65,163,185,143
95,206,137,-135,-35,179,-111,-76,60,168,192,166
74,217,151,-167,-24,187,-124,-106,64,164,203,137
71,220,138,-160,-34,213,-120,-92,88,166,214,169
92,218,158,-154,-30,197,-128,-84,67,154,202,176
72,214,161,-155,-33,191,-153,-110,86,192,227,149
93,263,152,-168,-40,217,-144,-83,83,196,252,174
96,251,152,-186,-39,215,-129,-117,59,191,198,190
96,258,175,-181,-52,245,-145,-115,95,194,235,186
63,273,195,-193,-39,244,-118,-109,46,183,259,186
94,268,194,-212,-19,229,-141,-100,84,231,251,208
102,291,188,-218,-32,248,-164,-107,97,209,266,204
100,323,222,-202,-59,238,-149,-101,76,228,270,234
109,312,205,-213,-50,249,-171,-125,98,250,269,233
99,306,175,-213,-58,248,-178,-136,82,251,262,207
125,298,211,-214,-48,273,-170,-146,91,239,304,217
118,338,204,-220,-43,276,-204,-146,102,267,290,234
111,340,194,-231,-24,275,-209,-146,131,258,292,219
116,335,213,-237,-46,291,-178,-115,66,255,295,243
125,330,204,-251,-62,267,-181,-140,91,269,305,246
123,356,235,-231,-23,300,-198,-145,110,249,316,244
123,351,223,-247,-60,280,-184,-134,120,266,305,240
133,328,226,-226,-95,304,-197,-172,112,277,318,243
126,368,225,-231,-26,280,-211,-145,90,275,321,250
114,361,226,-251,-33,321,-201,-136,98,259,337,243
135,368,249,-258,-56,294,-206,-149,113,254,326,246
123,347,244,-244,-61,314,-184,-139,104,274,310,229
143,354,227,-247,-49,311,-204,-153,120,281,330,268
133,378,221,-232,-35,292,-188,-141,126,272,332,264
125,363,212,-251,-54,314,-204,-147,109,287,333,264
123,342,250,-238,-70,313,-209,-163,103,280,332,254
144,352,214,-239,-73,318,-204,-144,120,267,334,250
145,369,222,-226,-80,290,-205,-133,114,272,320,235
125,368,219,-215,-66,298,-199,-169,94,282,314,235
104,334,213,-245,-79,289,-199,-125,107,256,318,234
126,366,243,-236,-37,310,-210,-141,90,245,308,230
122,342,223,-241,-56,251,-152,-144,108,261,293,245
127,321,211,-232,-58,274,-167,-105,81,265,278,220
128,339,228,-234,-47,268,-187,-138,93,267,299,262
138,292,221,-229,-46,259,-155,-144,104,249,296,213
118,320,197,-213,-41,284,-170,-112,110,241,280,232
98,309,216,-210,-59,258,-193,-126,103,228,279,225
92,287,159,-217,-29,251,-174,-117,113,216,259,213
103,309,200,-200,-38,245,-164,-126,86,232,268,189
90,300,189,-207,-46,238,-150,-113,89,208,257,215
88,288,193,-200,-57,245,-150,-141,81,209,243,216
82,259,203,-179,-36,220,-145,-82,72,212,241,162
81,266,156,-197,-44,217,-144,-119,76,207,226,196
108,241,171,-162,-27,201,-136,-105,80,179,225,167
87,222,166,-163,-49,229,-144,-100,90,186,219,171
77,228,150,-183,-34,175,-118,-96,73,178,221,157
86,218,163,-148,-12,186,-137,-92,75,166,194,150
79,203,151,-138,-21,187,-122,-88,62,174,200,166
82,205,135,-168,-25,202,-137,-82,55,167,200,145
85,205,155,-132,-25,157,-115,-93,70,149,150,130
53,174,126,-138,-3,157,-112,-78,75,138,159,118
76,192,112,-121,-43,152,-95,-65,43,156,169,132
35,169,112,-130,-28,138,-97,-79,60,139,172,124
55,144,103,-97,-18,145,-66,-73,37,123,139,118
51,154,110,-103,-15,121,-87,-70,51,116,130,113
53,141,97,-110,-15,105,-79,-53,50,105,127,97
66,136,63,-88,-8,129,-75,-46,45,100,136,105
43,131,71,-79,-17,84,-75,-70,46,99,121,74
34,117,85,-66,-40,88,-60,-35,45,54,92,79
45,116,61,-57,8,103,-80,-46,28,88,94,72
41,106,63,-60,-11,71,-62,-42,34,79,89,56
24,106,41,-47,-30,58,-63,-53,29,75,53,62
25,70,51,-45,-9,89,-35,-42,8,40,66,39
28,65,52,-42,-13,43,-54,-37,27,55,84,48
19,89,53,-39,-19,45,-19,-24,12,57,50,56
18,66,16,-21,-5,53,-19,-18,22,50,53,32
22,49,19,-21,-9,29,-34,-20,29,56,23,26
11,30,32,-32,15,33,-31,-26,17,40,32,20
20,8,9,-21,1,36,-21,8,17,26,32,31
-13,36,4,0,3,25,-7,-31,10,35,37,18
-2,16,12,0,-21,18,-30,-18,22,24,19,18
-16,28,3,-9,-2,40,-11,-16,-7,9,22,27
2,16,8,-2,8,3,8,2,-5,14,2,-2
8,17,7,-7,-5,-21,-2,27,-7,4,-10,3
-10,-15,-2,9,-11,-5,3,-5,2,-13,-7,6
3,-14,-24,-16,7,-6,12,2,-8,0,4,-1
-15,-24,7,1,7,-7,26,3,4,-24,-8,0
-14,-16,-10,5,14,-2,15,-13,-28,-20,-19,18
-25,-49,-26,17,-3,-25,8,18,-7,-13,-25,-20
-27,-33,-35,18,10,-8,2,16,-6,-24,-3,1
-6,-49,-12,33,13,-25,30,3,-17,-28,-21,-15
-6,-22,-12,24,-7,-26,17,8,-40,-9,-27,-14
-33,-32,-30,40,19,-30,20,3,-15,-38,-48,-28
-19,-37,-44,34,27,-10,15,27,-24,-24,-45,-35
11,-51,-28,36,-10,-55,10,32,-30,-29,-24,-24
-13,-55,-18,27,4,-12,43,22,-7,-12,-41,-10
-1,-60,-20,20,6,-30,42,-9,-13,-51,-34,-45
-36,-68,-34,31,5,-48,51,30,-37,-35,-54,-55
-11,-57,-24,43,24,-64,27,17,-20,-22,-38,-29
-3,-46,-20,51,-2,-47,50,30,-9,-42,-35,-28
-14,-49,-43,29,10,-47,31,27,-31,-40,-44,-28
-2,-52,-48,39,20,-55,55,33,-29,-35,-64,-33
-14,-54,-59,46,32,-43,36,39,-4,-47,-61,-43
-34,-62,-21,40,11,-20,25,44,1,-43,-61,-43
-55,-66,-33,15,1,-42,41,30,-24,-41,-47,-60
-35,-57,-60,16,25,-46,39,40,-30,-47,-48,-32
-21,-87,-47,34,20,-77,49,36,-5,-60,-53,-40
-24,-76,-64,35,-3,-71,40,32,-4,-47,-44,-41
-34,-66,-32,44,9,-77,31,26,-19,-34,-50,-50
-32,-77,-58,55,15,-42,39,41,-13,-49,-56,-40
-29,-83,-58,51,20,-59,31,36,-28,-53,-50,-44
-9,-70,-47,57,13,-52,63,47,-22,-41,-69,-60
-33,-66,-36,62,16,-60,40,38,-38,-58,-59,-59
-29,-74,-55,50,-14,-66,49,27,1,-59,-61,-47
-21,-84,-60,48,23,-58,28,10,-26,-62,-38,-51
-28,-86,-73,46,-8,-73,32,33,-22,-36,-59,-57
-56,-50,-60,39,19,-24,19,27,-20,-71,-86,-47
-2,-76,-55,65,20,-47,36,26,-28,-94,-81,-47
-38,-85,-47,40,23,-49,58,32,-9,-66,-75,-63
-11,-76,-46,39,19,-68,28,25,-23,-79,-43,-38
-45,-67,-63,57,4,-42,61,38,-2,-52,-73,-52
-25,-88,-46,63,14,-41,39,25,-48,-66,-87,-40
-33,-45,-48,48,-2,-56,36,34,-14,-51,-103,-51
-32,-75,-53,43,20,-47,36,28,-14,-48,-86,-53
-24,-89,-54,50,19,-60,49,40,-40,-53,-85,-74
-54,-61,-71,54,1,-68,46,14,-31,-58,-41,-29
-22,-68,-36,43,24,-48,44,33,-19,-68,-76,-30
-31,-89,-27,49,16,-53,38,21,-31,-64,-74,-61
-17,-77,-58,54,9,-69,30,39,-45,-69,-62,-67
-22,-67,-46,47,-3,-64,53,34,-28,-49,-62,-62
-33,-64,-40,73,21,-50,23,34,-52,-44,-69,-54
-33,-76,-89,42,13,-54,24,38,0,-33,-66,-67
-22,-83,-37,67,19,-68,47,5,-38,-45,-64,-69
-39,-71,-49,22,-10,-54,63,26,-26,-34,-59,-46
-14,-52,-27,51,15,-35,35,36,-14,-62,-52,-48
-28,-72,-54,63,14,-77,39,9,-28,-43,-76,-42
-19,-68,-46,72,5,-68,45,28,-30,-58,-75,-65
-26,-68,-31,42,4,-66,28,32,-40,-65,-82,-34
-12,-74,-44,52,11,-60,56,12,-9,-57,-90,-47
-28,-66,-60,48,11,-60,44,33,-12,-66,-79,-56
-29,-85,-50,57,23,-63,11,10,-26,-73,-71,-58
-37,-61,-56,40,21,-59,46,27,-28,-60,-69,-55
-7,-86,-45,72,19,-45,31,20,-32,-31,-66,-50
-15,-72,-57,52,16,-75,44,7,-22,-28,-63,-59
-15,-80,-65,51,15,-62,45,37,-4,-62,-57,-54
-16,-59,-52,58,17,-51,14,16,-21,-53,-68,-30
-11,-93,-33,42,10,-39,22,20,-19,-41,-64,-45
-30,-64,-48,35,28,-72,17,32,-28,-53,-61,-41
-36,-73,-43,51,8,-72,30,28,-30,-67,-73,-47
-12,-88,-41,44,-1,-55,34,18,-14,-36,-74,-46
-10,-72,-30,74,9,-84,63,42,-14,-52,-87,-50
-41,-71,-53,49,27,-46,35,40,-24,-58,-55,-41
-27,-60,-56,50,11,-80,36,28,-7,-32,-63,-48
-34,-49,-55,47,20,-33,41,37,-15,-51,-59,-56
-14,-61,-35,40,18,-51,46,39,-20,-41,-62,-43
-13,-71,-41,47,28,-44,42,24,-26,-49,-60,-34
-38,-85,-58,66,-11,-51,19,18,-17,-62,-41,-69
-20,-59,-46,70,-11,-66,37,23,-26,-55,-59,-32
-39,-61,-55,45,-12,-52,50,13,-17,-54,-49,-69
-26,-63,-53,46,35,-74,56,28,-4,-43,-58,-54
-36,-87,-54,73,5,-46,19,15,0,-34,-69,-43
-28,-55,-24,39,21,-70,59,16,-17,-49,-78,-46
-30,-50,-39,41,-3,-64,43,34,-16,-53,-60,-57
-8,-60,-25,58,20,-63,57,7,-32,-51,-65,-47
-22,-68,-48,45,9,-70,46,50,-30,-53,-61,-60
-28,-75,-39,56,13,-48,44,28,-8,-30,-58,-57
-27,-59,-53,40,27,-58,66,18,-31,-28,-59,-39
-23,-43,-28,30,-2,-56,43,19,-39,-50,-62,-53
-17,-63,-44,53,7,-54,46,31,-7,-79,-53,-31
-29,-75,-42,47,22,-53,33,25,-39,-45,-64,-52
-2,-74,-43,41,17,-47,37,8,-7,-64,-54,-51
-5,-74,-49,58,17,-55,31,21,-33,-52,-63,-39
-27,-46,-46,44,19,-37,44,-21,-24,-47,-67,-53
-42,-63,-22,52,6,-54,29,-1,-22,-47,-60,-42
-39,-61,-39,42,2,-39,23,16,-14,-43,-42,-54
-6,-59,-14,35,9,-36,35,21,-24,-54,-43,-34
-23,-69,-17,37,4,-59,14,-13,-2,-31,-53,-30
1,-55,-48,40,34,-34,29,54,1,-46,-42,-27
-30,-57,-32,35,22,-27,16,21,-4,-24,-57,-39
21,-67,-15,21,15,-34,29,7,-14,-24,-40,-32
-7,-55,-33,27,10,-37,12,8,-8,-19,-52,-43
-17,-26,-34,21,22,-25,9,13,-2,-31,-39,-26
4,-17,-45,13,22,-28,45,14,7,-28,-40,-20
-26,-29,-20,24,-6,-17,-3,1,-23,-16,-39,-12
-22,-30,0,34,1,-20,17,26,-34,-37,-11,-18
2,-15,-13,9,27,-8,13,-13,10,-26,-8,-19
3,-20,-22,-12,-9,-2,3,5,-2,-14,-13,-13
7,-3,-3,18,-7,3,3,22,17,-3,0,17
-8,-24,15,-8,-16,-5,12,3,-3,-18,7,-6
7,-23,10,10,8,20,18,-12,9,17,-17,18
6,33,-17,-7,1,26,-16,8,-1,9,0,14
12,27,31,4,0,12,9,-6,18,23,40,17
16,28,13,-26,1,26,-9,-25,17,22,5,11
22,33,26,-17,-19,32,-27,-18,26,23,46,3
10,28,9,-43,-34,41,-35,-44,3,27,48,22
23,47,43,-21,8,51,-27,-21,-4,19,70,49
19,60,27,-30,-35,64,-54,-18,48,48,42,46
20,56,47,-68,22,54,-40,-37,55,58,62,40
38,90,40,-51,6,78,-41,-48,24,56,59,78
3,100,34,-68,-8,86,-60,-30,15,82,70,74
36,91,55,-88,-13,96,-72,-32,11,53,95,75
40,99,78,-75,-5,76,-47,-65,23,58,91,71
22,113,86,-79,-28,103,-48,-48,11,73,108,97
46,126,101,-106,-29,109,-66,-59,36,110,110,80
40,133,85,-93,-7,99,-73,-35,54,114,142,78
58,142,89,-88,-19,103,-79,-55,37,118,145,96
69,158,113,-104,-43,127,-75,-58,62,112,135,102
82,183,100,-113,-35,130,-97,-69,60,127,129,127
45,176,109,-125,-40,130,-95,-56,57,115,149,127
60,168,103,-105,-22,149,-103,-53,44,147,147,111
71,168,125,-96,-47,166,-106,-75,41,156,146,120
76,184,123,-130,-29,161,-115,-72,49,126,161,133
67,201,109,-108,-25,135,-73,-49,48,147,153,121
68,212,115,-140,-30,156,-123,-88,69,150,198,111
73,187,123,-105,-45,160,-132,-69,52,164,177,141
62,184,121,-152,-29,140,-107,-73,54,146,175,150
70,182,105,-134,-30,148,-103,-66,43,131,175,139
103,172,123,-156,-4,155,-112,-76,67,137,183,128
64,206,117,-116,-12,142,-104,-77,52,150,168,137
57,181,137,-134,-23,168,-84,-69,68,149,174,151
55,192,130,-152,-35,135,-113,-89,52,153,175,113
64,192,114,-114,-33,157,-96,-83,36,136,169,134
56,175,127,-102,-40,132,-86,-88,61,145,149,83
85,164,139,-130,-25,115,-108,-43,45,126,145,104
56,181,106,-125,-32,119,-95,-49,61,126,143,126
37,164,97,-102,-20,134,-110,-48,64,124,140,122
47,162,102,-97,-25,115,-92,-60,57,121,143,117
51,149,103,-99,-3,113,-79,-68,55,118,129,94
39,133,68,-89,-12,100,-70,-61,42,100,135,81
38,116,77,-88,-31,109,-68,-47,34,89,85,90
43,124,70,-94,-6,101,-55,-64,27,74,110,71
32,111,86,-83,-14,95,-45,-54,23,73,107,65
38,99,57,-47,-34,77,-59,-35,51,90,76,73
36,86,66,-51,-26,69,-46,-32,30,65,89,62
16,78,41,-59,-36,86,-32,-24,27,61,66,32
10,77,28,-53,-24,63,-31,-20,7,49,48,45
14,52,30,-43,-18,33,-34,-11,23,49,47,51
10,61,36,-62,8,48,-35,-39,21,46,51,31
22,60,33,-22,7,38,-33,0,-6,5,28,35
3,25,7,-33,-11,13,-33,2,16,17,16,13
-7,23,17,-46,-30,40,-19,12,-20,32,37,3
21,19,0,-14,-3,-18,0,3,11,-11,30,18
23,-3,30,-26,-6,-4,-14,5,11,31,-7,7
4,14,-28,-6,8,5,26,7,14,-21,14,-3
-14,9,-18,-6,-10,-15,4,22,7,-17,14,-14
-2,-21,-6,6,5,-17,30,-4,-26,-19,9,1
-23,-40,8,26,8,-10,-1,-5,-24,-22,-6,-10
7,-31,-21,10,4,-34,20,13,-10,-11,-17,0
-32,-23,-12,13,-1,-4,30,11,-16,-46,-23,-18
-19,-60,-21,19,9,-34,20,13,-5,-36,-39,-28
-17,-57,-19,49,5,-18,1,25,-22,-25,-40,-45
-12,-51,-13,31,24,-37,21,11,-6,-39,-32,-27
-11,-49,-23,22,-5,-62,33,19,-4,-16,-48,-40
-19,-55,-58,40,10,-42,3,22,9,-26,-40,-42
-16,-74,-23,57,3,-43,23,20,6,-61,-72,-36
-33,-66,-14,48,-3,-46,13,19,1,-53,-52,-53
-8,-58,-26,28,12,-49,28,34,-24,-53,-64,-70
-36,-63,-50,54,-8,-63,11,18,-12,-37,-61,-46
-16,-75,-51,44,1,-44,14,24,8,-50,-59,-27
-18,-65,-45,48,5,-66,40,25,-22,-53,-81,-71
-36,-48,-47,58,-3,-79,44,15,-26,-48,-65,-30
-37,-92,-62,52,6,-90,55,32,-13,-74,-79,-65
-34,-95,-87,42,21,-59,52,45,-19,-83,-105,-63
-53,-84,-66,70,24,-74,39,51,-37,-90,-95,-61
-19,-101,-79,65,11,-104,76,43,-43,-81,-106,-93
-49,-112,-72,94,18,-122,71,35,-44,-97,-111,-88
-25,-137,-95,76,22,-103,91,41,-49,-97,-119,-92
-51,-165,-95,92,28,-121,82,66,-61,-117,-123,-72
-55,-174,-111,112,29,-139,80,81,-62,-105,-143,-121
-62,-195,-125,118,31,-143,88,71,-21,-135,-147,-141
-54,-170,-135,126,32,-160,136,98,-53,-126,-186,-127
-103,-187,-147,137,39,-167,72,67,-64,-154,-180,-131
-71,-223,-158,146,27,-182,109,88,-76,-171,-203,-146
-86,-213,-155,131,41,-201,101,69,-70,-173,-210,-138
-69,-209,-138,175,38,-191,129,100,-76,-180,-205,-154
-79,-230,-157,143,46,-210,139,109,-68,-196,-197,-166
-76,-197,-125,154,30,-195,120,94,-69,-155,-186,-136
-73,-198,-147,123,46,-140,107,80,-68,-126,-168,-138
-58,-155,-112,101,10,-157,90,75,-68,-100,-141,-109
-54,-138,-90,88,44,-99,39,35,-47,-83,-103,-98
-66,-54,-59,47,20,-59,38,32,-16,-57,-65,-61
-6,-1,-16,20,-14,-22,25,15,-5,-28,-18,-1
22,49,37,-35,2,51,-20,-35,9,55,45,41
66,144,98,-88,-10,108,-83,-63,29,103,115,95
74,215,139,-148,-22,161,-104,-86,64,178,194,167
124,331,197,-219,-34,256,-179,-123,83,235,282,211
159,425,289,-307,-59,354,-235,-167,127,336,389,296
179,534,366,-384,-87,442,-290,-219,162,410,480,373
231,629,400,-429,-87,513,-349,-237,184,475,571,466
293,742,465,-521,-112,617,-432,-310,241,564,674,522
274,805,550,-538,-134,677,-477,-337,253,610,737,575
315,877,564,-615,-133,745,-482,-340,284,645,795,623
313,950,620,-636,-155,778,-531,-378,297,708,864,659
349,949,632,-642,-148,816,-535,-373,289,709,848,671
338,960,607,-655,-139,788,-532,-380,312,731,852,668
338,916,633,-604,-123,786,-506,-382,295,705,848,657
323,902,582,-606,-124,738,-514,-370,265,657,799,633
321,805,533,-564,-121,670,-458,-309,269,623,720,574
247,728,485,-487,-108,611,-400,-295,213,542,663,502
224,655,413,-448,-101,514,-357,-258,192,463,584,441
180,523,335,-346,-100,460,-285,-218,140,403,487,371
163,432,278,-290,-57,355,-247,-163,139,300,398,284
115,308,171,-211,-49,239,-171,-128,103,246,279,203
79,197,133,-158,-38,165,-104,-80,59,151,185,137
48,104,80,-51,-28,100,-74,-42,23,76,100,80
-11,-7,-13,10,13,-1,-2,-8,-10,5,-17,-2
-27,-59,-37,50,12,-53,33,27,-31,-27,-51,-57
-75,-127,-102,89,-1,-144,78,40,-59,-81,-150,-101
-79,-205,-136,146,41,-146,102,65,-63,-160,-187,-151
-83,-238,-175,179,30,-204,143,111,-85,-189,-222,-174
-84,-298,-198,202,43,-230,140,120,-106,-199,-270,-177
-106,-304,-194,190,32,-271,167,143,-86,-231,-282,-215
-100,-330,-202,234,63,-288,159,120,-87,-255,-298,-232
-118,-307,-212,234,55,-255,169,128,-97,-254,-300,-240
-116,-323,-202,214,29,-250,190,135,-121,-218,-287,-229
-95,-321,-194,200,26,-251,167,130,-90,-244,-270,-212
-118,-301,-197,188,24,-238,141,106,-77,-209,-257,-211
-101,-254,-185,198,41,-234,151,108,-69,-192,-238,-192
-88,-233,-143,164,47,-187,129,118,-72,-161,-227,-156
-50,-216,-166,142,24,-182,129,90,-67,-160,-210,-156
-44,-202,-141,135,45,-182,128,87,-59,-139,-179,-144
-70,-166,-105,114,8,-149,80,58,-58,-114,-154,-147
-35,-168,-103,104,19,-131,75,25,-35,-109,-136,-110
-61,-128,-84,89,25,-114,83,50,-51,-108,-118,-90
-31,-126,-81,84,12,-115,62,59,-26,-91,-109,-83
-30,-106,-55,70,27,-95,72,38,-49,-64,-78,-54
-14,-110,-71,42,1,-90,55,36,-22,-53,-65,-74
-29,-106,-65,62,16,-79,70,29,-31,-53,-74,-48
-25,-81,-59,53,16,-75,49,33,-37,-53,-78,-62
-11,-69,-59,34,-2,-61,29,21,-35,-63,-77,-45
-53,-84,-33,41,11,-64,43,20,-3,-73,-64,-63
-37,-63,-51,73,0,-59,26,37,-3,-42,-49,-36
-33,-71,-35,66,2,-46,48,39,-33,-62,-52,-49
-23,-49,-37,61,10,-47,38,31,-6,-37,-68,-44
-14,-71,-46,57,2,-61,34,37,-31,-48,-63,-40
-18,-71,-24,75,16,-63,37,28,-4,-51,-66,-39
-7,-58,-49,31,1,-57,29,31,-28,-45,-56,-39
-17,-71,-30,50,22,-46,48,11,-2,-44,-50,-48
-28,-73,-60,31,31,-44,55,34,-1,-44,-26,-49
-22,-61,-18,53,27,-56,31,30,-9,-27,-66,-50
-49,-32,-43,45,10,-31,4,21,-28,-31,-43,-24
-16,-70,-29,19,4,-53,53,10,-15,-21,-33,-27
-28,-53,-8,-6,14,-16,20,3,-9,-34,-43,-48
5,-40,-27,-5,5,-30,32,31,-2,-25,-40,-23
-12,-52,-6,44,2,-57,28,20,-13,-46,-36,-46
-7,-34,-41,28,3,-33,42,35,-12,-42,-35,-2
-4,-32,-20,12,4,-35,1,8,-37,-41,-26,-31
-4,-33,-25,28,11,-20,44,4,-28,-5,-18,-22
19,-32,-33,28,11,-29,39,25,16,-17,-45,-21
4,-24,-46,19,-32,-22,17,29,-15,-13,-15,-38
-2,-11,-25,22,9,-24,18,16,-11,-38,-29,-15
7,-27,-11,-4,13,-1,10,10,6,-3,-13,-26
-19,1,-10,15,19,4,28,6,11,8,-14,-1
2,-1,-15,5,-3,1,-20,6,19,10,-26,-13
9,27,13,-2,3,9,3,7,-13,8,-3,1
12,5,-13,-23,1,-5,27,-12,9,10,7,0
1,20,19,5,10,31,-3,-9,-2,-11,-15,0
17,29,-5,8,0,-1,-4,-19,-4,17,-15,5
1,41,27,-12,-6,34,-1,-7,-16,-7,18,11
9,8,9,0,-11,22,11,14,29,44,9,25
6,22,18,-22,11,62,-29,-15,25,35,7,1
3,47,36,-5,-8,28,-13,-9,18,19,55,22
9,41,29,-43,6,31,-33,-10,31,33,68,37
8,62,40,-33,-21,42,-30,-14,13,66,45,31
19,56,44,-38,-21,36,-54,-25,19,56,95,51
38,62,54,-24,-9,52,-38,-60,24,51,42,47
42,97,74,-60,-15,77,-35,-37,13,62,64,50
29,95,59,-44,-10,69,-51,-40,5,58,73,57
28,101,67,-53,-22,69,-51,-45,14,66,79,49
45,116,72,-62,-17,77,-63,-24,24,65,78,81
32,98,68,-71,-27,96,-69,-54,31,73,89,74
39,107,76,-100,-16,93,-47,-50,31,88,99,78
37,142,80,-83,-21,105,-56,-61,17,90,136,97
35,158,82,-94,-20,118,-62,-42,45,119,134,101
67,160,88,-116,1,110,-90,-70,68,104,116,106
51,155,126,-117,-23,149,-98,-52,54,103,127,113
33,164,112,-114,-38,130,-99,-67,45,126,136,124
44,160,126,-139,-24,158,-106,-69,64,131,153,122
68,176,135,-145,-14,160,-87,-71,19,131,178,135
62,187,110,-152,-27,153,-90,-72,69,140,176,141
63,201,123,-121,-37,155,-87,-95,65,159,174,128
72,207,135,-154,-9,168,-102,-89,71,148,192,144
67,220,163,-141,-35,185,-127,-98,81,166,200,170
74,222,146,-147,-18,199,-131,-77,49,144,232,148
88,240,151,-163,-18,210,-128,-77,54,208,210,165
70,238,149,-156,-39,207,-131,-88,62,198,208,180
82,254,151,-189,-39,216,-147,-132,64,197,228,179
86,253,158,-168,-67,214,-163,-111,83,210,270,175
82,263,165,-195,-31,229,-135,-115,69,206,241,191
101,275,158,-163,-37,218,-164,-116,65,185,242,200
117,269,170,-172,-64,223,-155,-104,96,231,255,184
83,291,203,-197,-39,239,-142,-108,85,205,248,210
111,297,197,-215,-44,228,-159,-137,72,228,269,194
94,295,187,-208,-31,244,-146,-131,85,221,264,218
87,308,178,-205,-40,263,-177,-116,108,226,266,213
120,306,219,-189,-34,250,-166,-87,107,240,282,215
76,324,200,-216,-48,247,-175,-130,81,220,281,212
95,308,213,-207,-57,264,-175,-124,89,226,278,232
98,323,199,-206,-69,264,-185,-127,108,247,283,236
134,340,208,-228,-50,269,-189,-130,112,232,303,238
91,310,223,-213,-60,291,-193,-124,111,232,296,234
118,320,219,-227,-46,305,-185,-132,102,248,290,215
130,325,191,-232,-37,264,-183,-128,84,257,298,243
93,312,213,-219,-65,289,-185,-125,83,226,296,206
95,337,215,-198,-50,277,-183,-136,101,241,287,209
147,316,204,-215,-51,253,-184,-105,111,234,293,208
120,348,220,-209,-47,278,-196,-144,103,240,271,224
105,304,208,-234,-40,262,-174,-121,98,247,297,224
115,331,208,-233,-54,297,-193,-119,103,258,289,230
90,311,196,-212,-79,259,-160,-106,87,243,278,224
100,319,213,-183,-71,260,-149,-125,98,231,277,217
115,315,185,-194,-38,231,-189,-110,108,229,277,213
114,305,179,-182,-40,246,-174,-152,70,241,275,216
88,304,175,-199,-34,248,-153,-97,81,204,272,206
66,318,182,-187,-39,242,-140,-128,77,231,240,211
108,283,155,-161,-61,227,-167,-95,88,221,241,230
93,291,161,-173,-47,211,-167,-110,98,195,218,205
109,263,178,-190,-36,224,-143,-110,87,188,268,189
104,272,162,-175,-29,233,-145,-104,59,195,232,176
86,264,139,-177,-22,199,-114,-115,78,197,229,190
88,266,144,-193,-37,203,-127,-110,68,199,225,158
88,230,178,-155,-47,183,-132,-105,86,171,212,176
83,222,145,-156,-38,203,-119,-76,78,173,213,164
63,223,134,-153,-58,178,-131,-103,81,153,212,187
81,223,133,-127,-53,151,-122,-97,78,163,195,157
57,188,123,-143,-26,180,-76,-94,57,154,187,124
62,181,150,-136,-39,150,-90,-70,55,142,169,142
61,174,120,-129,-24,145,-93,-81,63,140,157,128
56,156,106,-125,-39,154,-87,-72,67,131,149,135
60,137,120,-103,-29,170,-73,-68,53,122,158,114
64,155,97,-104,-11,121,-97,-59,56,109,144,108
43,137,115,-99,-19,122,-79,-73,38,115,135,102
37,143,80,-83,-35,125,-69,-41,32,120,105,100
33,116,86,-96,-26,133,-61,-77,38,84,105,108
73,119,65,-80,-35,111,-67,-36,38,89,102,80
17,117,83,-69,-6,89,-48,-33,27,84,89,95
24,87,64,-83,-27,67,-62,-51,30,74,87,75
41,91,59,-63,-33,64,-49,-55,39,78,74,72
48,97,53,-26,-7,87,-51,-25,32,46,68,44
24,96,28,-50,-8,52,-34,-26,21,71,77,56
32,64,25,-52,-4,58,-54,-9,4,61,70,59
17,73,31,-37,-10,45,-33,-31,7,56,25,37
23,72,40,-24,-20,22,-19,-23,12,34,63,54
12,40,26,-33,8,26,-21,5,25,38,24,33
18,19,6,-1,-4,15,-24,-11,7,13,7,5
22,29,25,-19,-11,51,-15,-22,12,27,13,23
10,17,-7,-16,12,6,-21,-17,-28,29,14,10
-9,-4,12,-9,-12,20,-20,-21,-4,15,0,8
-13,8,-13,-13,2,13,-5,-7,-4,16,-2,-9
16,-11,-12,-2,5,-9,-5,3,-5,2,-12,-1
-9,-14,1,-12,21,-14,15,-7,17,-11,8,-7
-33,-28,-20,4,7,-23,6,4,-7,-9,-29,6
-16,-17,-1,9,14,-9,-1,-19,-5,-27,-21,-13
-9,-22,-2,31,-1,-27,5,21,8,2,-36,-29
5,-31,-14,6,1,-35,7,24,-24,-27,0,-3
-28,-9,-30,22,9,5,20,21,-23,-35,-26,6
-15,-32,-10,16,18,-38,23,-3,-17,-40,-43,-36
-31,-37,-11,23,14,-57,35,20,-18,-18,-50,-17
-20,-48,-63,27,-7,-34,26,19,-6,-39,-41,-55
-6,-29,-35,23,-13,-41,57,19,-30,-52,-36,-39
-23,-60,-30,35,16,-45,46,29,-25,-24,-51,-41
-47,-44,-27,69,9,-55,32,12,-26,-43,-74,-35
-3,-64,-31,34,-8,-43,28,43,-19,-40,-46,-41
-22,-59,-46,36,9,-44,10,58,-15,-39,-72,-42
-19,-65,-31,67,7,-44,34,15,-39,-61,-60,-29
-30,-66,-48,50,-3,-51,57,44,-31,-43,-54,-36
-34,-107,-36,46,-13,-41,49,51,-21,-53,-62,-62
-24,-64,-40,63,25,-61,51,35,-20,-47,-74,-34
4,-67,-59,40,12,-82,50,48,-14,-64,-54,-50
-21,-80,-66,59,19,-81,44,21,-31,-59,-76,-45
-31,-66,-28,68,-1,-77,53,30,-26,-55,-73,-73
-29,-83,-72,43,29,-91,32,34,-13,-53,-66,-71
-37,-73,-37,62,8,-99,64,36,-31,-59,-69,-68
-26,-83,-40,81,8,-63,42,25,-10,-55,-96,-62
-32,-75,-34,67,19,-58,47,31,-1,-72,-69,-59
-11,-97,-46,55,18,-69,35,37,-20,-69,-86,-42
-15,-74,-44,69,12,-72,55,26,-28,-58,-86,-66
-36,-88,-57,59,9,-51,43,42,-32,-80,-64,-63
-29,-100,-39,73,9,-87,61,49,-27,-77,-61,-78
-20,-78,-58,63,-20,-67,30,34,-14,-62,-72,-59
-17,-99,-59,35,38,-59,19,42,-37,-68,-72,-68
-18,-68,-65,36,2,-80,38,26,-33,-43,-66,-49
-38,-94,-41,77,22,-92,64,35,-24,-84,-82,-59
-22,-97,-74,81,25,-73,62,21,-23,-71,-109,-67
-13,-83,-56,73,7,-71,61,41,-25,-83,-88,-74
-31,-101,-80,82,10,-96,45,37,-44,-68,-91,-52
-12,-101,-61,68,23,-91,57,21,-38,-69,-89,-55
-7,-84,-46,53,3,-65,43,54,-30,-85,-97,-53
-28,-109,-42,72,-3,-77,67,31,-32,-60,-72,-62
-23,-86,-69,51,1,-60,53,48,-57,-58,-94,-50
-24,-76,-51,74,2,-65,43,19,-11,-52,-69,-61
-58,-87,-69,76,12,-64,52,25,-22,-72,-96,-72
-24,-98,-37,80,17,-55,52,36,-19,-66,-80,-58
-37,-102,-50,41,29,-68,36,12,-35,-90,-83,-63
-28,-91,-76,82,31,-66,36,32,-24,-50,-88,-71
-30,-89,-45,74,22,-68,68,27,-36,-89,-91,-80
-27,-107,-46,69,7,-95,53,23,-42,-59,-77,-59
-28,-92,-61,63,13,-65,57,33,-18,-53,-85,-49
-11,-88,-59,63,-7,-66,43,20,-20,-55,-83,-69
-30,-70,-61,59,13,-90,57,50,-22,-61,-77,-71
-72,-93,-49,59,14,-65,45,31,-10,-78,-81,-70
-29,-98,-51,54,-4,-60,65,32,-44,-79,-72,-64
-28,-93,-66,80,6,-64,60,36,-15,-56,-90,-77
-33,-91,-61,37,38,-107,60,21,8,-75,-88,-96
-34,-85,-71,66,5,-72,50,25,-44,-67,-91,-79
-34,-67,-63,51,16,-56,50,51,-29,-68,-88,-54
-47,-93,-64,71,8,-93,60,9,-33,-55,-84,-56
-39,-93,-58,62,-3,-76,73,15,-23,-64,-84,-75
-28,-80,-63,52,25,-57,53,37,-28,-63,-79,-53
-40,-94,-75,68,7,-98,35,43,-40,-83,-61,-60
-29,-92,-53,63,23,-59,53,32,-41,-63,-84,-57
-49,-81,-55,57,12,-67,41,28,-32,-62,-70,-47
-18,-88,-64,71,25,-48,47,56,-22,-27,-62,-67
-2,-75,-51,56,31,-52,45,40,-19,-84,-81,-75
-23,-97,-56,25,28,-73,29,17,-22,-57,-77,-44
-36,-97,-76,38,9,-82,40,36,-32,-68,-76,-62
-20,-80,-81,46,17,-55,28,38,-29,-66,-63,-68
-17,-85,-56,44,11,-38,36,40,-31,-58,-59,-81
-28,-111,-54,61,18,-72,56,36,-24,-54,-66,-64
-41,-78,-26,53,21,-60,37,33,-41,-68,-55,-61
-25,-83,-80,50,-4,-37,48,36,-42,-59,-88,-34
-31,-85,-49,64,1,-67,46,38,-17,-74,-75,-43
-10,-68,-52,45,19,-78,53,32,-30,-65,-84,-45
-23,-68,-61,53,-3,-67,15,15,-37,-54,-74,-43
-33,-57,-43,43,2,-72,23,22,-25,-71,-97,-47
-44,-106,-36,57,8,-69,54,36,-21,-38,-90,-56
-27,-69,-59,58,6,-69,42,29,-34,-68,-72,-50
-17,-73,-28,63,28,-42,46,40,-19,-64,-81,-59
-22,-55,-39,60,4,-52,49,23,-41,-39,-76,-61
-36,-77,-46,57,23,-70,32,18,-18,-84,-75,-41
-38,-58,-57,43,7,-62,35,45,-18,-64,-84,-83
-14,-80,-48,52,-11,-88,40,47,-32,-89,-67,-65
-28,-86,-42,65,1,-62,46,29,-44,-65,-70,-46
-11,-83,-43,49,-20,-57,24,32,2,-60,-55,-47
-32,-70,-59,66,26,-77,20,24,-8,-77,-65,-43
-38,-78,-26,51,6,-51,43,21,-1,-45,-68,-35
-32,-60,-41,48,-6,-56,39,24,-19,-48,-67,-53
-24,-109,-38,42,3,-71,60,28,-39,-62,-62,-59
-15,-56,-52,29,21,-56,43,30,-39,-48,-61,-53
-21,-76,-63,64,21,-59,51,10,-26,-56,-61,-73
-44,-84,-28,60,9,-50,17,30,-13,-57,-57,-50
-46,-39,-49,45,4,-58,43,20,-42,-60,-44,-35
-17,-63,-33,37,7,-57,33,18,-34,-55,-45,-29
-21,-65,-48,47,12,-66,41,42,-21,-65,-72,-55
-16,-50,-48,47,2,-54,24,36,-10,-55,-61,-42
-34,-59,-54,27,-6,-41,38,16,-11,-38,-64,-45
-16,-72,-43,29,15,-47,32,22,-22,-50,-41,-44
-10,-48,-43,24,7,-37,3,33,-16,-53,-44,-36
-20,-61,-38,35,-3,-27,30,19,-33,-37,-50,-32
-15,-35,-36,28,5,-22,21,15,-16,-57,-60,-32
-19,-55,-34,48,-1,-17,25,4,-9,-17,-37,-33
-25,-34,-34,41,23,-10,12,-18,-11,-25,-14,-28
-9,-39,-24,9,-3,-25,22,41,-17,-28,-13,-29
-18,-25,-31,29,-2,-30,20,-6,6,-25,-27,-4
-28,-43,-10,23,1,-37,26,20,4,-28,4,-16
9,-18,5,3,16,-24,14,-2,-16,-46,-21,0
-6,-34,6,21,-7,-18,0,14,-27,-13,14,-6
2,8,5,-6,0,-15,-10,-2,10,2,-13,-20
13,22,9,-12,-26,-10,-2,-9,8,13,-11,15
10,7,9,12,-11,-2,-3,-8,3,-9,12,21
20,11,11,-15,-12,16,-3,-10,-7,8,20,38
33,41,9,-27,-19,-1,-21,-1,0,1,17,26
1,21,47,-33,-21,37,-49,-9,5,25,43,35
0,58,13,-36,-6,43,-3,-8,14,51,61,23
-5,67,55,-40,-10,45,-15,-18,18,58,41,53
5,61,49,-51,-15,49,-57,-1,15,67,64,40
25,62,50,-54,-7,74,-43,-11,18,57,73,47
25,50,48,-51,-9,62,-47,-32,36,28,87,71
27,92,75,-70,-28,61,-60,-34,36,94,111,56
31,93,50,-58,-14,80,-50,-34,42,74,106,75
39,113,86,-77,-15,87,-49,-47,41,86,101,94
41,117,87,-84,-23,88,-72,-51,33,81,109,88
50,135,88,-103,-22,114,-57,-63,38,91,107,97
58,132,88,-106,3,106,-65,-59,48,85,116,93
67,131,93,-96,-26,121,-89,-55,36,129,147,103
68,142,107,-115,-17,94,-76,-70,50,100,148,110
61,173,95,-95,-43,109,-83,-66,64,115,132,92
59,165,83,-118,-33,135,-68,-72,41,110,156,92
63,170,123,-118,-21,129,-92,-68,51,122,150,119
66,172,128,-126,-34,126,-97,-55,44,126,152,142
69,180,141,-118,-26,134,-117,-69,37,123,148,123
67,181,126,-132,-25,151,-98,-72,67,131,148,138
39,195,142,-93,-41,156,-91,-72,41,153,192,154
68,191,121,-126,-19,161,-102,-65,71,120,189,124
57,199,113,-106,-25,168,-107,-73,50,145,169,115
72,191,117,-124,-18,171,-104,-85,63,144,173,124
60,203,135,-131,2,167,-105,-64,44,129,193,106
87,199,115,-96,-19,155,-109,-70,69,131,158,135
62,197,107,-116,-40,163,-99,-79,84,125,159,149
50,183,124,-113,-42,151,-99,-78,55,125,159,116
51,188,122,-134,-25,149,-86,-78,69,133,166,122
62,156,105,-118,-43,149,-76,-65,62,118,121,133
51,181,123,-123,-3,129,-115,-46,54,139,151,139
68,147,106,-107,-23,137,-107,-74,40,117,154,122
31,144,64,-118,-35,142,-87,-74,30,121,142,94
32,142,93,-106,-31,117,-83,-74,28,116,133,110
59,159,83,-95,-9,121,-59,-62,48,113,111,103
61,124,83,-65,-39,111,-64,-47,26,82,135,100
45,130,86,-86,-8,80,-107,-44,38,105,115,88
29,102,63,-64,-29,102,-57,-64,20,93,116,69
63,113,61,-67,-10,77,-51,-21,41,65,90,81
37,100,52,-45,-12,73,-55,-39,29,67,96,55
28,57,44,-47,-18,76,-39,-24,50,68,84,68
49,82,28,-55,3,64,-38,-33,16,42,66,53
23,64,67,-56,-7,33,-50,-31,38,44,39,36
32,49,45,-29,-6,45,-22,-43,11,39,33,47
16,43,29,-21,1,24,-24,-35,-11,20,46,47
-5,30,28,-32,-17,35,-16,-15,20,34,47,10
-3,33,16,-18,-6,24,-18,-7,16,31,34,43
4,21,13,-13,-7,26,-3,-11,9,19,26,12
-5,11,-5,-37,-20,12,-12,-5,-9,26,16,11
17,5,-10,8,5,9,9,2,6,10,19,-5
-5,2,-13,6,-13,3,-4,-15,13,4,15,10
-8,0,0,-1,-4,4,8,-28,-25,-7,5,-6
10,-3,-1,11,4,-27,14,1,-18,6,-2,-7
0,-20,4,26,-14,0,-4,-6,-20,20,4,3
-17,-3,-11,0,5,-23,25,0,-32,-30,1,-23
-17,-30,-7,10,5,-8,4,15,-9,-28,-34,-41
-24,-19,-20,-8,2,-28,5,2,-12,-29,-37,-46
-4,-22,-47,27,-15,-39,19,19,7,-27,-16,-19
-22,-52,-38,29,-29,-31,3,20,-12,-37,-29,-36
-18,-43,-10,39,24,-15,19,37,-11,-27,-65,-16
-22,-50,-20,48,-6,-42,24,22,-27,-18,-33,-39
-1,-37,-39,31,21,-40,33,18,-16,-23,-33,-24
-24,-49,-11,42,15,-52,23,45,-11,-38,-53,-20
-20,-57,-38,38,-16,-41,47,19,-27,-51,-33,-60
-11,-74,-43,32,21,-50,46,30,-7,-45,-55,-36
-6,-49,-41,39,1,-37,35,44,14,-26,-65,-32
-22,-64,-46,55,6,-52,47,13,-6,-50,-63,-29
-13,-69,-52,19,6,-63,58,32,-40,-51,-68,-57
-44,-98,-43,48,14,-87,29,19,-14,-45,-56,-56
-36,-89,-70,58,6,-76,20,35,-10,-61,-73,-63
-41,-86,-73,75,15,-57,53,55,-23,-60,-68,-63
-33,-109,-86,77,9,-87,77,46,-37,-71,-109,-79
-46,-92,-77,102,23,-120,45,69,-38,-70,-110,-69
-69,-144,-82,108,15,-87,77,40,-47,-76,-116,-111
-70,-141,-77,87,19,-115,75,65,-45,-96,-103,-83
-47,-175,-96,98,37,-115,85,64,-40,-134,-117,-116
-57,-167,-126,141,9,-134,88,96,-43,-102,-148,-130
-79,-189,-137,123,38,-168,107,102,-47,-157,-163,-138
-88,-229,-138,133,49,-173,107,98,-59,-161,-198,-157
-90,-220,-140,154,31,-174,113,79,-53,-174,-215,-133
-79,-219,-145,152,33,-203,133,104,-43,-179,-188,-151
-76,-233,-137,150,37,-192,125,81,-77,-171,-204,-156
-75,-232,-156,166,40,-181,124,90,-68,-148,-206,-152
-66,-195,-124,129,40,-168,127,73,-61,-157,-176,-144
-71,-173,-113,99,29,-167,81,68,-41,-107,-141,-116
-36,-138,-74,92,21,-97,58,53,-15,-92,-124,-90
-21,-89,-50,65,-13,-46,22,25,-14,-49,-78,-53
-14,-12,-6,24,-3,-11,-4,-15,-18,-17,-17,-5
30,53,42,-43,9,66,-8,-30,23,49,59,30
41,152,110,-90,-10,98,-68,-55,47,104,124,74
86,234,136,-145,-29,170,-123,-76,72,171,211,130
114,315,211,-235,-42,271,-198,-123,93,246,295,227
132,429,275,-289,-47,348,-223,-173,118,318,393,288
194,536,353,-371,-107,426,-283,-219,144,385,464,364
203,642,408,-427,-105,530,-320,-258,204,466,549,458
247,730,466,-483,-136,594,-402,-292,223,542,668,507
296,819,527,-546,-106,676,-461,-341,242,615,740,557
317,905,567,-607,-149,753,-487,-359,258,641,798,596
353,941,613,-652,-134,764,-514,-390,272,714,834,676
353,970,633,-669,-132,801,-543,-381,283,723,866,682
312,992,623,-688,-148,804,-532,-377,316,731,882,668
330,981,615,-640,-133,782,-531,-377,263,719,861,682
334,918,615,-623,-145,787,-483,-367,275,677,842,659
295,877,562,-594,-114,722,-453,-341,240,642,765,604
275,777,524,-535,-129,648,-438,-315,244,579,697,558
221,694,452,-460,-86,562,-373,-267,215,523,623,480
212,585,377,-379,-103,483,-306,-241,176,441,528,405
171,473,323,-326,-61,390,-262,-187,158,347,429,319
121,347,208,-251,-59,297,-218,-147,105,267,293,256
95,253,179,-177,-28,198,-156,-113,83,183,236,166
53,138,93,-90,-26,121,-74,-41,35,110,127,97
14,53,10,-35,-1,57,-37,-23,29,48,50,50
-26,-19,-55,13,23,-29,41,5,-24,-16,-34,-60
-50,-102,-80,87,21,-100,62,56,-28,-96,-90,-85
-79,-182,-129,134,37,-149,98,96,-65,-151,-176,-130
-80,-241,-159,159,2,-202,115,92,-70,-173,-221,-164
-98,-266,-165,195,29,-227,147,94,-68,-210,-241,-194
-94,-300,-214,220,37,-266,149,128,-115,-244,-276,-212
-105,-322,-213,218,54,-245,149,145,-80,-228,-284,-209
-107,-325,-219,212,50,-252,174,113,-103,-239,-284,-204
-98,-324,-215,218,59,-262,195,136,-117,-230,-296,-239
-129,-296,-202,205,43,-271,177,127,-83,-232,-275,-220
-126,-313,-178,194,49,-256,183,125,-71,-235,-275,-217
-111,-297,-197,190,28,-234,154,113,-94,-209,-244,-197
-111,-251,-151,184,31,-207,158,109,-55,-179,-230,-178
-74,-226,-161,149,29,-195,144,103,-81,-182,-211,-163
-54,-204,-157,136,28,-186,95,81,-52,-154,-202,-135
-71,-196,-129,131,25,-179,84,71,-61,-150,-165,-114
-64,-176,-109,128,21,-138,116,63,-75,-128,-156,-133
-57,-146,-83,106,43,-135,65,51,-53,-129,-131,-111
-47,-146,-71,78,21,-100,66,53,-47,-95,-141,-78
-39,-117,-76,87,34,-109,37,35,-14,-90,-96,-78
-27,-96,-69,65,19,-93,56,44,-26,-74,-92,-74
-28,-106,-68,60,29,-65,47,34,-26,-77,-88,-50
-35,-80,-57,59,17,-64,52,25,-34,-76,-80,-74
-18,-79,-52,69,0,-65,40,17,-22,-77,-77,-47
-11,-76,-36,48,-20,-80,68,33,-31,-55,-67,-36
-29,-70,-29,23,10,-77,14,3,-13,-43,-47,-36
-29,-40,-40,60,17,-70,40,31,-11,-74,-67,-28
-37,-77,-37,56,8,-61,44,42,-28,-39,-51,-51
-21,-72,-52,35,20,-59,30,9,-21,-39,-48,-18
0,-53,-23,43,15,-58,33,21,-8,-51,-47,-20
-10,-59,-39,46,7,-45,34,18,-16,-51,-62,-44
-23,-68,-37,31,1,-56,31,7,-29,-39,-38,-12
7,-71,-33,49,17,-17,21,5,-23,-28,-48,-43
-17,-59,-42,39,9,-31,23,30,-13,-28,-44,-44
0,-49,-59,44,-20,-43,55,33,-29,-36,-59,-15
-27,-44,-54,26,14,-32,24,24,-39,-35,-51,-39
-12,-41,-26,26,3,-7,24,13,-2,-37,-46,-16
15,-7,-22,24,18,-35,22,17,-10,-31,-45,-50
-15,-39,-18,16,20,-48,48,-16,-1,-30,-35,-33
2,-27,-10,30,-2,-28,20,10,-11,-19,-26,-21
-3,-17,-24,36,-5,-15,16,27,4,-27,-29,-6
-28,-1,4,3,12,-36,23,-4,-7,-10,-10,-18
-17,-13,-19,27,-1,1,8,-11,-17,-21,1,-31
1,-4,-16,8,21,6,-6,-8,-19,-3,4,-13
6,11,-12,-6,1,2,-13,-5,31,12,-18,1
-13,1,-14,-11,-3,7,2,6,-8,0,-21,-5
9,-1,25,2,18,7,1,-4,-8,12,18,-4
-9,-3,0,2,19,9,-17,3,-7,-5,25,4
-7,2,27,-14,0,26,5,-3,-1,11,25,6
0,8,16,-15,-1,9,-13,-19,5,9,10,-4
-10,6,0,-32,-6,-4,7,11,26,26,17,-3
10,43,-6,-8,16,24,-1,1,0,35,14,-5
13,25,33,-18,-10,21,-14,-4,17,62,42,33
7,52,7,-3,3,24,-20,-13,26,17,43,24
34,61,15,-18,-27,40,-44,-29,18,29,48,41
17,54,32,-36,-15,59,-39,-42,14,32,40,48
38,75,45,-47,-7,42,-8,-19,19,53,49,51
6,68,51,-62,-22,54,-59,-29,15,51,48,48
22,35,59,-32,-27,61,-39,-37,32,41,69,64
14,76,31,-55,-36,66,-40,-29,45,72,78,39
36,83,75,-76,-18,84,-44,-50,16,67,90,69
37,96,31,-75,-2,77,-40,-12,42,58,69,63
7,89,63,-60,-6,96,-63,-35,44,58,99,77
57,119,69,-94,12,87,-57,-42,26,82,121,62
31,117,75,-72,10,106,-69,-48,23,66,100,89
61,114,106,-101,-18,108,-94,-56,53,96,107,94
35,128,100,-91,-23,105,-74,-59,48,107,105,112
69,159,96,-113,-15,109,-90,-59,27,97,127,89
65,156,127,-104,-33,131,-67,-60,43,113,131,109
28,160,116,-116,-21,139,-74,-75,44,127,145,114
45,179,105,-112,-17,150,-74,-63,66,123,133,121
93,174,105,-128,-24,152,-75,-79,42,141,173,113
46,183,129,-144,-60,170,-113,-92,67,138,174,116
78,203,135,-130,-38,166,-131,-61,85,143,163,140
75,205,125,-135,-39,176,-113,-84,75,147,182,145
73,223,151,-139,-10,154,-109,-71,61,172,207,149
99,225,151,-139,-43,179,-123,-60,64,164,179,160
94,226,168,-171,-43,205,-125,-89,73,154,221,159
100,239,151,-181,-60,202,-140,-91,76,165,212,153
74,236,150,-173,-33,200,-126,-108,75,199,237,182
109,255,163,-172,-33,205,-143,-115,107,201,235,189
112,271,183,-173,-40,219,-161,-100,72,200,252,200
119,256,184,-194,-52,229,-148,-118,95,197,263,189
121,305,173,-190,-49,238,-163,-119,83,214,239,218
107,299,158,-195,-56,249,-175,-129,92,210,250,209
99,312,195,-209,-56,261,-176,-127,85,220,265,183
115,292,194,-220,-41,258,-162,-132,100,235,276,224
95,311,208,-211,-46,267,-177,-128,92,231,284,213
107,326,186,-202,-64,245,-183,-128,117,246,303,203
103,323,231,-223,-49,285,-193,-135,93,230,296,229
111,341,218,-253,-52,275,-188,-146,92,266,287,221
114,345,237,-219,-57,300,-162,-140,129,255,304,228
120,343,243,-207,-50,288,-198,-161,109,248,325,218
106,339,227,-218,-50,299,-188,-120,80,268,309,245
116,355,241,-227,-58,293,-194,-152,123,246,286,252
134,335,207,-235,-50,280,-195,-150,104,248,320,242
121,366,221,-244,-43,284,-190,-115,124,256,348,240
138,359,225,-269,-49,296,-184,-145,112,276,300,241
106,352,249,-244,-46,304,-196,-135,102,275,310,249
126,359,228,-234,-65,297,-222,-142,111,276,337,213
128,350,245,-257,-61,311,-196,-150,103,270,312,263
136,348,233,-238,-52,302,-187,-152,91,268,313,271
113,351,214,-227,-61,300,-189,-142,89,263,330,259
126,384,214,-236,-55,296,-222,-145,118,253,315,261
108,353,261,-236,-67,305,-211,-146,108,259,294,243
136,342,219,-242,-45,271,-197,-144,114,255,309,226
119,354,228,-240,-51,273,-205,-173,118,266,348,232
119,352,205,-227,-41,287,-183,-138,81,255,305,243
99,317,218,-226,-12,295,-175,-119,113,235,293,241
88,318,212,-236,-42,270,-184,-108,93,227,295,222
125,312,215,-194,-57,265,-183,-112,90,236,294,214
112,326,191,-218,-43,261,-186,-142,98,245,305,231
124,298,187,-214,-68,263,-171,-142,94,235,291,223
103,322,185,-224,-31,245,-190,-121,115,247,299,214
88,306,190,-220,-44,247,-173,-110,95,235,280,209
103,290,183,-200,-42,228,-164,-125,83,197,253,206
115,263,166,-179,-65,248,-134,-122,89,226,247,216
94,295,178,-176,-28,232,-142,-119,77,221,247,194
90,271,185,-190,-43,231,-168,-103,72,210,253,173
95,258,161,-186,-45,212,-153,-135,75,189,224,190
77,235,159,-168,-48,190,-123,-105,81,205,242,172
105,239,149,-150,-50,205,-136,-88,64,183,234,184
82,239,160,-165,-40,214,-118,-95,70,184,223,158
74,247,159,-154,-27,178,-120,-117,76,177,192,163
71,211,153,-164,-48,183,-111,-106,64,176,215,164
65,223,134,-139,-18,174,-112,-84,58,156,201,138
67,232,115,-134,-18,154,-117,-90,74,124,197,145
69,190,92,-127,-29,156,-112,-70,65,153,186,128
67,174,107,-100,-13,135,-111,-69,69,118,160,110
69,177,126,-129,-35,151,-98,-78,51,127,156,116
61,165,118,-105,-45,136,-86,-86,60,150,165,112
59,158,102,-102,-26,137,-83,-55,19,123,139,120
57,154,110,-97,-36,113,-96,-68,48,119,124,101
54,146,98,-93,-28,124,-73,-47,50,114,111,89
50,142,91,-92,-30,110,-67,-58,37,103,111,65
56,122,70,-67,-9,99,-74,-67,40,79,108,77
37,130,78,-78,-11,82,-70,-49,34,76,121,68
34,83,63,-44,13,77,-54,-26,40,88,98,60
38,85,53,-52,10,84,-74,-18,50,82,84,63
19,98,57,-77,-22,73,-40,-45,33,70,77,62
29,72,53,-48,-6,78,-41,-31,22,29,60,57
23,77,31,-36,4,63,-46,-10,8,57,77,67
32,46,41,-58,-2,47,-45,-28,39,50,49,57
13,65,34,-50,-7,56,-39,-39,20,26,23,72
4,51,40,-21,-15,39,-33,-17,-8,54,43,28
14,31,40,-27,8,50,-25,-8,-2,39,47,37
37,47,37,-13,-8,23,-1,-11,32,28,36,-1
13,37,20,-23,-4,34,-10,-13,20,29,26,37
16,15,12,-8,-17,41,-28,-7,-5,15,11,3
1,22,16,-21,-1,17,-9,-24,5,8,18,6
-19,10,16,-1,-3,-7,-16,-16,-7,9,9,12
-16,8,-3,-6,4,15,-6,15,15,25,20,16
0,18,-4,10,4,18,-17,-2,22,6,-6,13
-10,13,-10,-13,9,-10,0,-25,-15,18,11,1
1,-22,9,-6,-4,-17,16,-17,7,-10,-14,-3
9,-20,-17,26,10,2,-4,-20,-11,-19,0,7
-20,-1,-25,20,10,-6,-14,5,-13,-13,-23,-2
-29,-27,2,22,4,1,20,-1,-33,-30,-11,-11
-4,-26,-16,-3,11,-21,5,10,-7,-14,-28,9
-16,-27,-5,23,13,-12,-2,5,0,-10,-17,-49
12,-29,-30,12,15,-15,13,10,1,-11,-33,-33
-29,-33,-23,5,-5,-15,21,17,12,-31,-5,10
-12,-10,-29,1,11,-11,28,-1,1,-12,-24,-16
-26,-24,-29,24,17,-25,22,27,8,-34,-25,-4
-25,-35,-33,12,10,-22,21,12,-14,-25,-29,-28
-9,-51,-22,26,18,-16,56,13,-14,-50,-41,-28
-33,-21,-18,4,6,-37,11,37,-13,-26,-36,-29
6,-63,-22,21,16,-39,21,14,-11,-51,-32,-23
-24,-46,-30,36,-13,-50,33,19,-16,-44,-53,-25
1,-55,-22,41,6,-31,25,4,-16,-13,-34,-29
-33,-13,-31,38,-5,-26,26,35,-17,-33,-61,-20
-13,-65,-13,40,17,-33,49,29,0,-40,-28,-52
-3,-36,-35,52,9,-29,18,24,3,-22,-55,-42
-31,-66,-19,20,11,-21,33,15,-5,-19,-33,-26
-12,-39,-55,30,14,-33,31,-2,-25,-42,-46,-5
-20,-40,-48,0,10,-39,39,13,-22,-47,-30,-49
-22,-55,-33,27,30,-42,14,10,12,-19,-64,-47
-21,-45,-52,31,16,-52,15,34,-35,-46,-54,-7
-9,-62,-45,46,4,-26,25,10,3,-48,-55,-13
-35,-55,-36,34,4,-60,34,43,9,-58,-43,-30
-11,-58,-25,23,-7,-40,24,25,-9,-44,-58,-33
-4,-59,-36,45,17,-45,28,47,-12,-70,-48,-28
-25,-75,-10,41,9,-44,25,13,-24,-34,-68,-67
-2,-58,-26,62,14,-48,26,17,-7,-44,-59,-45
-32,-66,-12,46,9,-50,30,37,-5,-33,-72,-42
-27,-69,-32,37,24,-28,6,4,-31,-44,-31,-65
-10,-57,-29,47,7,-22,16,26,-27,-29,-58,-38
-12,-55,-53,25,8,-55,27,38,-24,-11,-57,-31
-8,-59,-52,49,1,-43,43,7,-14,-39,-48,-57
-17,-58,-4,57,7,-54,40,33,-25,-23,-58,-36
-3,-31,-47,49,9,-30,43,3,-1,-52,-45,-12
-42,-57,-18,50,-4,-55,19,26,-43,-45,-46,-18
-38,-68,-20,10,6,-25,14,16,-26,-52,-60,-31
-37,-32,-14,41,9,-29,37,20,-32,-42,-74,-50
-23,-52,-24,32,28,-54,27,25,1,-41,-52,-39
-32,-72,-32,41,-2,-49,25,23,2,-34,-58,-53
-28,-42,-36,25,5,-37,25,14,0,-37,-49,-28
-17,-31,-29,44,4,-32,29,25,-13,-53,-49,-33
0,-38,-37,38,3,-47,20,-7,-10,-41,-40,-33
-31,-65,-33,44,-4,-17,52,24,-40,-33,-60,-11
-24,-49,-23,23,-6,-42,6,11,-14,-29,-47,-32
-34,-18,-48,22,2,-65,25,25,-41,-45,-41,-22
-34,-62,-23,15,18,-54,35,-2,-33,-33,-54,-54
-7,-52,-28,12,-11,-46,24,13,10,-8,-46,-34
-28,-49,-42,22,25,-38,11,-5,-17,-62,-49,-31
-33,-65,-27,14,18,-36,38,22,0,-37,-41,-28
-32,-52,-35,27,24,-41,34,10,-29,-34,-34,-41
-31,-27,-58,26,0,-36,24,30,1,-35,-38,-24
-5,-53,-11,35,7,-69,17,-4,-17,-24,-70,-46
-10,-64,-29,47,14,-48,30,36,-27,-41,-42,-43
-9,-49,-40,40,-11,-42,28,6,5,-26,-19,-26
-7,-56,-8,41,-4,-45,16,22,13,-30,-35,-22
-20,-34,-21,39,16,-41,32,19,-18,-39,-17,-39
-7,-32,-23,18,18,-38,20,19,-14,-30,-42,-29
-17,-43,-31,18,4,-34,36,27,-7,-41,-51,-22
-9,-49,-24,47,-3,-38,20,16,-23,-42,-37,-40
-14,-33,-47,32,28,-34,16,23,-11,-48,-45,-31
-26,-41,-37,34,9,-28,26,16,8,-47,-18,-21
-1,-56,-21,17,1,-46,39,9,-21,-19,-39,-24
2,-27,-25,53,2,-44,15,23,-1,-15,-46,-19
-20,-35,-35,21,-1,-27,21,10,-23,-38,-17,-43
-17,-47,-33,23,9,-33,11,20,-9,-4,-33,-25
-20,-38,-21,3,-15,-38,6,5,-3,-20,-46,-55
-9,-28,-14,36,-7,-20,30,22,-26,-37,-50,-35
-1,-41,-6,18,16,-41,32,26,-2,-32,-37,-26
0,-51,-37,20,1,-38,49,34,-23,-48,-30,-35
-16,-43,-33,13,9,-49,29,26,-2,-57,-33,-46
-26,-21,-33,11,10,-27,34,24,-11,-44,-30,-20
-13,-41,-10,13,4,-41,31,11,-2,-28,-48,-49
3,-39,-15,38,-6,-29,-1,-2,-3,-41,-40,-28
-26,-46,-4,6,4,-18,26,11,-9,-28,-43,-24
-14,-39,-41,22,18,-23,19,31,13,-15,-38,-29
-8,-40,-42,37,13,-34,38,17,-2,-44,-33,-45
12,-31,-10,24,-3,-37,23,-2,-27,-55,-36,-29
-20,-29,-33,-1,12,-31,17,10,4,-16,-22,-40
7,-29,-19,22,0,-32,14,11,-19,-11,-28,-32
-2,-21,-13,26,16,-38,27,10,-18,-24,-14,-21
-4,-39,-23,-3,5,-48,27,3,9,-1,-41,-43
-6,-5,-41,22,12,-24,14,29,9,-32,-36,-38
-3,-16,-13,21,-22,-27,20,41,-14,-25,-12,-31
-8,-14,-28,9,3,-24,27,6,-4,-3,-18,-31
-5,-27,-5,3,12,-20,17,14,-21,-29,-23,-29
-7,-23,-9,7,16,0,24,-3,-16,5,-34,-3
5,-29,-14,18,0,-12,-9,19,9,-3,-33,-16
-11,-29,-29,-1,15,-20,6,19,-6,-23,-17,-15
-17,-12,-41,32,15,-8,8,5,-12,-21,-15,-3
9,-31,-3,19,-9,-23,-1,22,-19,-23,-23,-18
-2,-12,15,-1,-1,-5,24,0,-9,-1,-24,6
-2,-14,-31,-10,-24,22,8,-12,10,-11,3,-9
23,-10,-3,-8,2,-7,-27,18,13,-9,-18,-4
9,-6,-1,24,-4,-8,-8,-8,2,14,9,-7
-20,18,4,6,7,8,21,-7,3,3,-16,8
10,-5,18,9,0,9,-8,-11,3,8,7,-5
-20,32,24,-25,1,15,-4,2,6,-4,20,-22
13,23,19,-15,5,33,8,-10,-17,33,31,13
20,31,15,-39,-28,14,-35,-23,-15,38,18,31
4,37,27,-19,-20,37,-6,-11,7,40,32,12
32,33,20,-31,-16,18,-6,-4,21,18,20,-5
6,43,40,-28,4,22,-23,-2,17,31,44,10
11,29,20,-26,-11,45,-27,-24,12,36,32,48
11,44,32,-35,-21,30,-38,-16,-5,34,54,22
33,51,41,-35,-5,59,-40,-25,27,52,52,47
33,63,42,-68,-30,41,-59,-30,35,39,65,55
35,96,51,-69,-36,71,-48,-67,27,45,77,74
18,107,66,-57,-12,88,-46,-43,42,70,72,78
34,93,60,-58,1,92,-67,-47,37,72,88,71
31,101,78,-69,-6,78,-81,-47,21,96,100,74
43,100,92,-76,-21,96,-83,-42,8,102,96,88
54,123,82,-100,-24,123,-82,-61,47,110,98,104
47,129,77,-86,-34,126,-77,-48,39,94,133,99
53,163,99,-112,-37,147,-80,-49,42,100,133,99
38,150,104,-104,-17,131,-86,-90,40,112,154,108
57,157,111,-114,-26,151,-78,-66,64,132,159,122
60,183,103,-117,1,149,-69,-79,42,132,148,125
55,171,125,-135,-21,173,-97,-75,56,153,171,139
82,208,141,-150,-32,169,-105,-80,58,128,186,135
78,199,127,-166,-23,195,-115,-75,53,155,173,135
85,215,149,-134,-32,162,-110,-72,70,157,177,156
70,208,122,-116,-29,181,-130,-85,88,162,186,145
60,235,140,-129,-25,190,-115,-86,72,186,194,141
85,207,139,-175,-29,184,-120,-112,64,167,196,158
84,244,143,-174,-20,198,-109,-83,53,174,208,168
85,231,148,-157,-24,206,-130,-70,57,163,195,154
91,236,154,-164,-47,212,-150,-109,64,173,200,180
78,239,184,-158,-38,211,-124,-102,71,174,206,174
90,242,134,-151,-40,225,-137,-92,68,166,209,165
86,225,154,-163,-45,190,-135,-81,70,196,223,162
89,261,149,-164,-35,210,-126,-109,79,171,202,160
84,237,166,-159,-25,176,-136,-102,60,190,219,175
93,242,156,-162,-41,185,-117,-88,68,167,209,159
72,233,178,-154,-45,190,-114,-107,88,161,207,169
74,210,140,-135,-15,177,-129,-95,79,187,218,156
87,224,145,-158,-37,195,-135,-93,78,183,217,159
55,220,136,-136,-19,183,-108,-62,64,150,185,154
88,199,142,-135,-41,190,-107,-80,49,142,180,168
64,225,143,-165,0,166,-141,-86,65,137,172,159
72,196,139,-147,-30,161,-110,-44,54,160,177,136
52,201,133,-134,-41,177,-99,-82,48,140,178,137
74,201,144,-99,-21,145,-99,-86,49,155,178,130
72,159,118,-129,-27,150,-102,-69,62,121,169,110
70,183,125,-117,-24,153,-125,-77,57,132,170,128
41,168,150,-114,-25,120,-95,-82,69,116,152,122
62,147,92,-127,-16,114,-72,-80,66,124,140,101
72,152,118,-98,-25,114,-67,-40,47,116,155,96
53,129,94,-87,-35,113,-81,-61,45,97,145,114
36,142,71,-92,-11,77,-69,-46,69,106,124,96
57,119,75,-83,-32,92,-59,-41,17,94,92,65
41,105,63,-64,-26,86,-53,-50,40,66,106,78
29,111,66,-48,-43,85,-47,-12,43,71,86,78
60,100,64,-49,-34,86,-60,-29,32,93,68,65
12,93,62,-54,-11,76,-30,-41,18,59,63,54
16,76,34,-50,1,76,-55,-18,16,30,82,44
-5,55,41,-47,-22,25,-50,-25,34,58,63,56
38,39,27,-60,-12,74,-26,-39,48,50,57,50
21,26,52,-49,-1,60,3,-20,31,54,29,40
12,50,16,-23,-14,45,-31,-17,6,45,32,39
4,15,33,-3,22,36,-4,1,9,28,26,40
25,22,41,-18,0,32,-32,-25,10,30,18,46
21,30,10,-25,-15,0,-13,-11,19,38,52,12
-13,9,22,-15,9,2,-27,2,14,27,10,16
4,1,17,-27,-9,12,-4,1,-27,16,10,13
7,17,9,-10,-19,17,-1,-18,5,10,27,19
-5,-3,20,5,-4,29,-13,-10,1,6,1,7
-19,27,7,-8,-5,14,-10,-4,9,26,5,25
-8,4,-13,-9,1,8,-11,8,5,-3,10,10
9,-8,23,-1,-6,-2,-6,-15,-10,-8,-7,-9
0,-2,9,-1,-7,0,9,8,-2,-27,7,6
-11,-6,-4,16,-15,-5,-7,-2,-2,-3,-8,6
-15,10,-4,-4,2,-27,7,3,-10,10,8,2
7,-16,-11,5,-7,-18,-9,8,6,-5,1,5
-11,5,1,-7,3,-6,24,-2,4,-38,14,-19
-4,-21,-25,36,12,-28,27,2,10,-16,-30,-3
-3,-13,-9,12,9,-7,8,9,-4,-5,-21,-8
-21,-48,-31,21,10,6,22,11,-35,-15,-37,-31
-17,-61,-20,20,4,-53,24,31,-25,-34,-67,-37
-29,-31,-21,29,1,-34,21,-12,-23,-30,-44,-41
-7,-51,-45,50,23,-53,46,34,-24,-45,-44,-29
-24,-59,-41,52,26,-70,38,27,-16,-47,-72,-61
-43,-89,-90,73,19,-83,49,56,-17,-58,-83,-58
-40,-104,-51,70,-4,-77,46,17,-43,-68,-103,-83
-42,-126,-65,74,15,-92,74,52,-19,-50,-92,-68
-43,-130,-75,93,38,-102,79,57,-38,-111,-112,-75
-32,-125,-77,87,18,-126,58,51,-62,-121,-139,-104
-33,-149,-100,113,24,-115,77,75,-52,-118,-145,-113
-62,-171,-90,104,35,-117,84,71,-57,-110,-135,-116
-45,-153,-97,134,19,-157,98,60,-35,-118,-133,-122
-72,-144,-123,106,26,-127,107,58,-40,-122,-140,-114
-63,-152,-91,91,35,-124,71,66,-46,-107,-120,-111
-49,-132,-99,80,35,-130,61,69,-44,-60,-138,-109
-45,-120,-63,78,19,-69,75,45,-47,-76,-103,-72
-16,-53,-38,55,-19,-70,42,8,-37,-83,-60,-15
-23,-47,-3,27,8,-22,1,13,3,-26,-34,-36
3,12,0,-26,0,14,-12,-2,16,18,35,26
29,103,70,-80,-20,74,-60,-41,27,68,92,83
49,170,110,-115,-30,135,-105,-84,55,116,161,141
93,279,141,-195,-53,191,-142,-110,66,204,239,192
151,360,250,-254,-58,302,-210,-158,125,275,338,262
168,479,320,-320,-73,377,-270,-189,129,353,423,327
201,591,374,-396,-73,491,-331,-222,209,412,522,396
226,687,436,-480,-121,569,-370,-276,192,513,593,485
275,782,512,-527,-112,662,-422,-314,227,583,709,550
300,880,546,-570,-135,736,-468,-334,259,642,773,583
315,952,604,-637,-149,773,-501,-388,280,699,826,646
334,989,636,-651,-173,802,-543,-397,281,722,890,689
383,1010,660,-690,-163,837,-584,-393,319,764,925,711
350,1055,686,-700,-143,859,-553,-409,315,805,965,732
361,1007,677,-711,-145,860,-576,-421,300,770,931,730
334,1010,638,-679,-155,823,-560,-406,299,729,903,696
337,931,647,-644,-148,783,-525,-365,298,721,874,641
295,869,554,-586,-143,725,-481,-369,248,664,803,618
293,783,509,-529,-122,643,-424,-314,250,573,705,565
244,696,420,-462,-96,564,-370,-282,192,497,589,480
217,557,384,-381,-95,474,-329,-234,177,439,510,384
153,463,297,-319,-35,379,-274,-178,129,340,416,303
136,354,222,-238,-56,306,-196,-144,113,270,306,235
73,255,174,-168,-40,198,-145,-95,72,192,221,160
70,162,84,-101,-14,120,-85,-46,32,108,133,107
21,55,36,-45,-12,68,-10,-24,25,47,40,40
-31,-36,14,6,-14,-8,32,6,5,-20,-31,-33
-48,-94,-64,60,13,-75,54,41,-26,-81,-84,-63
-55,-158,-99,104,-5,-147,81,40,-35,-109,-159,-121
-54,-218,-143,144,29,-167,119,83,-46,-139,-174,-126
-85,-257,-160,170,51,-224,122,94,-52,-179,-221,-170
-88,-268,-193,179,31,-238,140,82,-89,-196,-245,-185
-77,-295,-190,187,38,-233,166,118,-64,-219,-257,-154
-99,-275,-175,175,19,-249,149,111,-96,-189,-250,-204
-98,-262,-164,194,56,-215,135,109,-76,-200,-242,-180
-98,-275,-160,182,32,-234,150,89,-80,-185,-242,-161
-94,-265,-149,166,39,-196,130,77,-60,-170,-225,-179
-91,-234,-163,159,21,-180,127,78,-84,-166,-217,-168
-75,-210,-127,136,43,-169,114,91,-67,-151,-183,-137
-45,-188,-115,119,27,-163,111,81,-51,-129,-175,-143
-52,-163,-101,102,10,-110,101,60,-51,-139,-174,-122
-52,-162,-93,99,5,-136,71,69,-47,-105,-108,-90
-33,-138,-102,81,4,-108,62,40,-61,-85,-119,-78
-32,-95,-57,84,6,-98,69,33,-27,-78,-60,-56
-21,-99,-63,72,18,-81,34,35,-30,-60,-69,-72
-12,-79,-47,50,16,-70,39,35,-16,-46,-52,-68
-32,-50,-15,39,12,-51,36,18,-19,-37,-61,-39
9,-43,-25,36,28,-33,15,17,-17,-37,-58,-24
-8,-56,-37,26,-11,-33,23,-2,-14,-50,-26,-32
-22,-36,-19,18,-6,-25,3,29,-20,-13,-29,-14
21,-15,-34,11,0,-20,-5,27,-15,-14,-27,1
3,-42,-17,15,10,-40,14,17,19,-34,-14,-21
-6,-32,-31,25,2,-10,28,8,-2,5,-6,-8
0,-8,-15,18,17,-38,15,17,5,-28,-12,10
-1,-7,-9,9,28,-19,21,3,0,-22,-5,3
-6,-15,-11,13,8,-3,-4,-16,-2,5,-19,-22
-7,-11,-23,-16,16,-7,-26,3,21,-30,-3,-15
3,-6,2,2,-15,-8,0,1,5,-4,-15,-3
-13,-2,-11,-5,-9,2,8,-4,-7,-5,3,-12
-3,2,-3,-5,-10,0,1,-13,17,-11,-9,-7
-4,-8,-23,-8,-6,11,4,0,1,0,6,10
-6,14,10,11,-13,7,22,2,-5,15,-17,17
24,12,5,-8,-3,8,14,3,-16,-20,23,-7
-8,-3,-14,1,-22,5,-4,-27,14,9,-1,-5
-6,31,7,-16,9,-3,-14,-12,-15,-13,3,33
7,41,17,9,-20,9,0,10,-11,18,8,18
18,36,12,13,0,28,-18,-5,0,16,3,18
-1,31,17,-1,-32,5,-10,-14,15,17,26,6
16,8,14,-6,-12,25,-3,-17,17,29,14,27
3,46,-5,-15,1,31,1,-26,7,14,34,21
6,21,12,-20,-5,25,-15,-15,11,46,34,15
14,37,24,-29,-19,55,-16,-31,11,12,23,2
17,52,26,-32,2,34,-18,-7,-8,28,44,24
30,59,52,-35,-4,36,-8,-31,24,26,29,25
34,53,32,-36,-3,27,-34,-9,19,50,44,42
38,45,23,-61,-1,48,-15,-11,2,45,52,49
17,61,48,-26,10,61,-42,-28,9,60,74,47
19,60,49,-24,-19,43,-30,-39,38,37,58,51
46,72,25,-42,-12,66,-45,-14,-3,43,72,51
47,81,60,-39,-1,45,-60,-21,9,52,72,49
27,101,58,-74,-8,85,-43,-43,49,59,91,72
46,81,65,-67,6,89,-68,-38,40,59,100,83
22,102,73,-74,-16,82,-44,-36,23,87,65,33
43,112,63,-80,-31,78,-47,-52,24,79,102,69
33,116,97,-95,-23,98,-71,-67,31,107,102,87
35,111,74,-83,-22,110,-68,-48,13,100,106,84
35,116,74,-91,-16,119,-53,-55,58,92,125,77
56,144,85,-100,-36,130,-58,-68,49,100,113,86
62,152,84,-108,-21,111,-79,-63,32,102,139,99
42,162,124,-104,-23,145,-85,-78,42,110,143,94
55,172,88,-91,-3,127,-73,-54,52,134,145,93
56,155,116,-117,-21,127,-113,-60,36,94,168,113
65,177,120,-133,-26,153,-98,-80,42,154,155,133
72,201,113,-136,-20,157,-115,-77,71,145,175,136
60,208,105,-126,-39,151,-96,-84,57,145,189,147
68,219,124,-157,-55,158,-110,-97,93,143,174,130
82,209,132,-138,-26,163,-125,-71,81,162,177,147
76,232,164,-167,-32,178,-119,-88,64,163,200,161
86,234,166,-162,-35,226,-144,-91,83,166,198,167
69,230,129,-154,-29,207,-130,-93,68,189,222,181
69,262,153,-197,-28,219,-137,-71,80,190,221,167
106,242,169,-223,-40,219,-152,-133,87,191,223,170
98,258,160,-180,-36,229,-165,-122,90,195,227,201
92,274,197,-186,-30,246,-160,-108,82,205,235,179
72,305,179,-191,-44,232,-136,-108,75,220,258,191
106,300,201,-196,-35,253,-160,-127,88,234,266,228
118,313,209,-198,-66,245,-172,-148,102,226,280,224
121,335,212,-221,-50,276,-166,-136,104,223,284,206
115,320,225,-210,-40,275,-183,-155,86,238,282,228
106,332,222,-224,-26,276,-167,-134,103,255,283,239
134,333,235,-226,-65,275,-195,-129,83,263,302,219
146,349,220,-233,-48,294,-188,-121,120,254,305,236
124,337,235,-240,-37,289,-186,-131,125,264,312,253
136,367,240,-252,-52,300,-206,-147,119,301,308,263
133,376,257,-260,-66,301,-193,-136,114,237,352,231
122,377,260,-266,-58,314,-191,-141,100,288,320,273
162,381,264,-270,-55,323,-186,-170,119,282,326,271
119,395,255,-250,-73,325,-212,-158,119,289,354,267
136,374,265,-247,-79,327,-226,-144,134,303,344,256
142,393,268,-268,-69,350,-227,-156,94,310,367,267
133,418,252,-274,-53,343,-219,-170,117,306,363,284
136,414,244,-286,-55,318,-219,-182,112,280,348,268
144,394,269,-289,-65,340,-257,-178,130,297,379,274
148,398,289,-283,-52,334,-222,-172,119,290,385,289
162,415,260,-294,-83,335,-209,-163,123,298,370,302
135,391,290,-274,-56,345,-248,-160,139,313,363,285
135,413,245,-287,-68,331,-226,-186,132,319,357,297
156,413,283,-303,-27,340,-232,-164,111,310,356,278
165,405,284,-294,-64,356,-239,-151,110,290,375,282
151,434,263,-275,-47,345,-217,-175,134,303,396,288
137,424,266,-271,-84,342,-237,-176,124,309,377,275
141,403,275,-269,-75,349,-211,-163,122,326,374,296
145,412,268,-298,-65,350,-236,-173,139,323,369,281
128,390,273,-302,-64,343,-210,-166,119,314,383,280
138,404,277,-269,-43,343,-222,-169,121,276,380,294
145,390,249,-254,-64,320,-242,-161,126,285,348,278
132,394,243,-264,-71,321,-236,-143,139,310,345,287
126,370,270,-259,-75,330,-206,-150,126,297,348,270
113,385,282,-254,-67,327,-213,-149,121,287,351,282
132,381,253,-259,-62,321,-207,-166,124,270,341,280
137,359,232,-222,-65,337,-191,-151,105,284,310,257
123,373,221,-268,-32,290,-200,-148,100,276,334,267
111,357,231,-237,-41,294,-209,-135,106,287,325,242
135,362,240,-265,-70,285,-197,-163,84,268,293,220
108,342,230,-235,-49,282,-179,-129,112,263,304,228
107,332,213,-227,-35,309,-182,-132,103,262,304,232
115,340,198,-236,-29,272,-158,-140,117,243,311,222
113,337,194,-203,-48,254,-177,-140,107,244,288,234
126,313,201,-222,-51,261,-184,-127,109,235,252,225
109,321,180,-213,-48,254,-156,-100,92,197,265,203
110,276,180,-188,-32,238,-181,-127,67,210,276,210
99,292,194,-190,-45,254,-173,-111,78,194,273,211
89,266,172,-194,-46,232,-144,-120,104,198,213,201
98,275,172,-178,-39,213,-166,-104,76,191,248,189
92,268,184,-176,-24,233,-145,-97,86,195,249,191
75,258,145,-169,-18,193,-139,-119,71,207,213,177
87,226,159,-160,-38,193,-130,-113,65,180,222,166
62,230,145,-122,-39,194,-115,-78,81,181,224,165
70,213,123,-161,-18,177,-131,-100,84,158,201,158
66,233,138,-135,-45,179,-118,-86,67,147,213,156
65,189,119,-131,-32,181,-125,-80,58,145,202,141
62,209,134,-136,-25,168,-89,-52,60,122,163,132
79,180,107,-115,-23,167,-101,-82,58,141,160,129
60,170,113,-100,-15,142,-93,-56,53,127,150,134
46,170,82,-99,-39,140,-82,-53,59,113,130,101
55,135,101,-98,-23,125,-77,-65,30,119,159,102
65,160,104,-82,-10,144,-73,-48,41,98,109,109
56,117,87,-72,-11,117,-71,-52,44,86,131,116
50,128,83,-81,-21,92,-81,-46,32,108,86,81
37,106,83,-76,-49,105,-67,-43,43,95,125,73
37,111,72,-84,-19,114,-47,-52,6,79,116,96
36,117,67,-76,-39,93,-59,-40,36,98,79,55
48,97,76,-67,-7,75,-60,-48,32,50,102,57
45,84,73,-58,-22,75,-55,-35,15,55,89,67
15,82,38,-58,-11,66,-46,-55,20,65,69,63
18,79,55,-54,-14,87,-35,-55,51,69,85,65
26,97,40,-56,-1,51,-37,-51,22,37,84,83
29,64,33,-48,-3,72,-16,-32,11,42,36,40
41,63,43,-18,4,49,-25,-6,15,40,54,16
11,35,49,-40,4,31,-51,-31,32,41,61,52
25,50,3,-47,-6,19,-28,-15,13,51,37,43
18,44,41,-37,9,52,-35,-18,22,38,34,40
2,47,24,-25,-8,36,-13,-28,28,36,25,25
22,45,15,-52,10,53,-15,-33,12,36,55,37
5,3,24,-14,5,28,3,-24,17,9,7,2
12,15,33,-11,14,27,-27,-11,12,26,13,19
14,15,15,-25,1,14,2,14,-1,20,19,24
2,29,-2,-38,-20,6,-39,-13,16,26,-10,-11
5,14,18,-11,7,9,-53,-4,-1,20,-7,4
16,23,14,-9,7,17,2,-11,23,-2,13,11
7,28,14,9,-2,14,3,-4,10,-4,-2,19
-4,3,-3,2,-7,3,-12,-12,6,12,5,3
37,0,-8,-3,-14,16,-6,-2,1,-11,14,-9
-12,-8,7,3,-6,12,11,-9,-6,22,-9,-8
-12,15,-3,-7,-2,-14,31,11,-3,10,-1,-5
9,22,-23,-3,-6,19,2,-9,-21,-8,-4,-19
-7,-22,6,3,-10,-1,-15,1,-18,-3,-11,13
12,3,-3,4,-5,10,17,17,1,-13,-23,-16
-6,2,3,1,-17,-7,-1,12,2,-16,11,2
-12,-21,-8,6,-2,2,5,0,-1,-10,-4,1
1,-6,-12,19,1,-18,-2,21,-13,12,2,-8
-22,-6,-7,12,5,-21,20,1,18,-1,-11,-17
-2,-14,0,22,7,-25,4,8,-13,6,-6,-12
-8,-41,-2,-3,9,-1,-13,18,5,6,-9,0
-30,-16,9,-26,-2,-15,-16,-13,-13,-8,-10,20
29,-15,-9,29,3,8,7,10,13,-12,-6,-8
-4,-22,-21,18,6,-2,-17,3,-2,-12,-11,-2
6,4,-7,11,22,5,13,12,-28,-18,-22,-12
3,-28,-5,13,-14,4,-8,0,-4,-5,-22,-33
0,-6,-3,6,12,-18,3,13,-1,-27,-12,-13
2,-19,0,-2,-3,-6,11,14,3,-22,-30,-8
3,-20,-16,14,6,2,-4,14,-7,-26,-11,-14
-9,-26,-20,13,16,-37,12,1,-6,-27,-5,-15
-13,-29,-29,-1,-22,-16,2,-1,-16,-26,-18,13
-4,-20,-19,17,9,-8,-3,-9,-12,-14,-18,-23
-17,-15,-10,23,0,-20,8,13,-4,-12,-24,-4
-9,-8,-6,5,14,10,15,-10,14,0,-21,-20
-34,-34,-14,17,24,2,5,-7,-14,-19,-15,-15
-8,-17,-29,13,1,-7,-15,16,-11,-8,-21,-24
-1,-36,-23,20,-7,-5,13,2,-8,-23,-6,9
-4,-26,-23,14,-9,-10,4,17,-25,-7,-18,-20
-8,-6,-14,7,-2,-16,17,17,-22,-9,3,0
-12,-11,-12,28,-12,-32,-8,-5,-3,5,-11,-2
-17,-22,-14,42,-11,-12,-7,-13,-15,-29,6,-9
-5,9,-6,13,13,-11,-3,8,-1,6,0,-22
14,-17,-16,10,7,-12,8,30,-18,-23,-28,-22
7,-10,4,11,1,-12,5,-1,3,-19,0,-21
0,-23,24,11,-14,-2,-10,14,16,-2,-2,8
-3,-27,-24,17,3,-11,32,17,-25,11,-13,-23
-5,-18,5,-7,-2,-34,-24,3,-19,-12,3,-14
-4,-16,-1,-1,-3,-34,0,7,-3,-13,-18,3
-11,5,-18,27,-12,-13,26,7,21,7,-22,-24
-12,-31,3,4,15,-7,-3,13,-21,-14,-37,-9
-20,-12,-7,35,-4,-8,-3,22,5,1,-21,8
6,-24,-8,16,-4,-10,8,-12,-8,-5,-26,0
7,-23,-29,3,-1,13,22,-10,-2,-19,-19,12
-21,5,-18,17,7,-5,17,6,-2,-6,-31,11
-31,-23,-26,9,-4,-10,-5,11,2,6,-20,6
-10,-19,-13,33,24,-13,5,10,20,-16,-3,-20
-16,-10,-15,19,11,9,2,16,-20,-1,-17,-33
41,-34,-14,-21,0,-24,-3,13,5,6,4,-13
-2,-18,0,12,15,-15,2,1,-16,-17,4,3
-10,6,-6,-10,-4,-2,-10,-1,-10,-32,-6,-7
8,2,-2,-2,1,-2,13,17,-22,-6,-9,-10
-14,-11,-2,3,10,-4,2,-5,-2,-16,-8,0
7,-2,-13,-4,1,-6,33,3,23,7,-23,-21
-8,-1,-4,-8,11,-12,-5,-8,13,-11,2,18
-30,0,-26,-7,16,-16,-6,16,-4,-6,-2,-7
-1,0,-10,13,2,-14,-6,21,-5,-16,-8,-14
-19,-4,-25,7,-2,-24,19,-12,-19,-8,-8,20
-16,1,24,22,-1,-3,-9,-21,-13,-2,9,-3
-20,24,-4,0,-33,-13,0,-14,4,-1,8,-13
-13,-16,1,-11,-4,-2,18,7,-2,-22,8,4
-1,18,-7,20,25,-2,-6,5,-4,-34,-11,-8
10,-8,-19,-5,-4,-10,34,4,7,6,-9,10
12,-18,2,-2,-12,6,31,-4,-7,-5,-5,-10
9,0,0,3,4,10,8,3,7,-10,9,-21
5,3,-5,19,15,-4,19,11,-24,3,9,25
-7,3,-16,17,2,8,-8,-8,3,-10,-16,9
-16,-9,-20,-5,16,16,-19,-18,13,14,-16,25
4,10,-3,4,9,1,13,24,-12,9,3,-6
-6,-3,25,-12,-8,-2,-19,16,-33,-11,-9,-2
-7,5,13,-10,2,12,5,4,-6,3,-11,23
4,5,-8,8,14,3,13,-12,6,15,34,0
9,-19,-8,19,-11,0,-5,-19,-22,10,-8,17
-8,18,15,1,-15,-2,-3,-8,18,6,4,7
0,-19,-10,1,6,-1,-4,-13,-14,1,-4,-14
9,2,10,11,-17,0,-11,-9,4,-4,22,27
2,6,-20,5,-1,7,-10,-1,-1,9,-1,16
5,12,0,-13,-22,9,-22,4,12,9,11,26
-9,12,-6,3,-2,11,1,23,1,-12,8,6
10,15,23,-5,-1,6,-10,-15,36,14,24,-1
19,4,4,11,-3,4,-9,-10,-11,0,21,5
10,17,30,-12,3,35,-21,-17,9,4,19,2
4,13,1,-26,-23,23,-18,4,9,18,-4,19
-5,35,7,-27,-19,40,-18,-23,-1,15,4,35
12,11,14,-27,-9,37,-1,11,-23,16,13,27
-14,26,27,-28,8,7,-21,12,2,15,23,18
26,30,2,-19,0,22,-15,-9,27,12,23,23
7,14,24,-22,-8,44,-28,-27,18,17,24,7
22,1,17,-15,-26,32,-20,-36,10,32,33,28
10,28,31,-17,-2,35,-25,-22,-11,39,15,21
24,54,47,-30,3,26,-39,-30,16,27,35,39
16,53,14,-45,-15,51,-47,-21,-6,27,36,54
15,54,14,-44,-7,31,-27,-23,24,57,48,54
24,63,41,-24,-17,47,-18,-19,18,59,36,18
30,58,27,-30,-15,49,-53,-18,13,66,44,47
21,59,48,-58,-11,66,-70,-46,18,50,73,60
35,64,58,-55,-5,103,-45,-33,28,44,73,52
42,74,46,-64,-25,59,-52,-23,20,75,68,44
5,81,39,-71,-9,70,-48,-22,38,69,94,78
35,111,59,-81,-18,86,-69,-49,34,92,91,60
12,106,73,-82,-17,89,-43,-37,26,61,105,81
56,102,90,-95,-24,79,-51,-41,59,90,91,75
34,120,90,-89,-13,98,-67,-68,38,86,98,90
47,125,66,-92,-26,99,-84,-19,41,92,121,99
45,172,79,-91,-10,121,-71,-73,42,94,112,86
66,158,106,-104,-17,113,-87,-63,42,110,143,99
68,172,122,-101,-40,125,-88,-50,58,145,158,96
93,188,121,-108,-35,151,-89,-89,59,146,143,120
62,184,121,-104,-24,166,-113,-89,69,125,148,84
65,191,118,-122,-20,153,-111,-55,48,131,158,129
68,195,129,-145,-51,187,-100,-79,26,167,169,136
76,224,124,-133,-37,172,-122,-64,64,143,199,147
93,226,138,-144,-43,182,-126,-67,59,168,192,161
94,236,156,-163,-50,192,-134,-82,73,162,196,165
91,238,162,-152,-38,204,-129,-84,52,190,213,167
89,235,157,-156,-53,189,-149,-100,77,190,234,150
113,237,171,-167,-39,204,-142,-97,75,191,232,196
90,265,184,-185,-34,198,-143,-92,100,198,231,201
94,248,167,-162,-63,193,-143,-99,95,213,279,213
110,276,159,-183,-35,225,-148,-99,116,189,259,168
89,264,176,-183,-32,234,-161,-93,114,200,251,189
96,278,180,-188,-51,210,-151,-85,88,194,240,204
105,261,169,-212,-32,246,-132,-111,66,209,250,178
106,269,184,-196,-59,244,-154,-113,88,210,255,191
117,286,188,-200,-56,230,-144,-107,93,225,273,192
118,289,200,-199,-51,223,-161,-130,83,213,257,197
76,294,182,-202,-51,228,-158,-111,68,212,283,207
80,292,173,-210,-50,228,-171,-106,93,211,271,199
98,290,186,-159,-36,237,-150,-107,97,218,255,190
81,277,203,-168,-31,241,-160,-97,64,198,247,199
81,286,168,-198,-36,228,-149,-126,90,209,233,201
88,252,177,-191,-48,228,-131,-80,63,189,249,197
88,258,181,-182,-33,207,-158,-100,68,223,247,180
89,252,143,-179,-16,225,-150,-101,78,205,236,192
92,246,185,-184,-36,208,-150,-87,100,188,252,195
93,254,190,-157,-23,193,-134,-90,82,172,240,181
91,240,157,-190,-37,204,-118,-103,68,146,217,193
92,224,159,-158,-45,197,-127,-81,108,169,220,155
84,228,166,-168,-29,190,-113,-73,72,169,213,167
63,193,164,-151,-26,177,-123,-90,64,151,188,154
81,203,122,-140,-28,190,-105,-113,82,158,174,158
67,203,137,-148,-53,175,-113,-86,60,141,192,130
49,173,118,-107,-29,147,-119,-85,37,149,177,137
73,180,116,-106,-27,146,-104,-77,55,129,159,142
64,144,109,-102,-7,144,-82,-68,60,140,163,111
65,146,104,-96,-9,125,-84,-67,59,133,144,119
45,134,93,-99,-30,132,-89,-51,57,110,155,120
48,129,101,-93,-33,134,-85,-78,55,103,140,75
42,120,93,-104,-20,109,-69,-29,50,104,130,91
56,112,86,-77,-24,106,-59,-41,21,116,99,84
41,118,67,-87,-26,84,-78,-38,34,75,123,86
38,86,72,-73,-3,84,-55,-29,52,75,92,83
34,101,83,-72,-30,83,-59,-35,44,64,120,72
41,99,67,-65,-15,91,-40,-36,40,84,69,68
37,68,43,-56,-17,74,-84,-29,26,48,57,59
36,75,44,-44,1,66,-43,-48,33,53,82,53
45,73,56,-48,-2,57,-25,-21,39,93,83,58
29,50,50,-45,3,57,-46,4,14,42,80,53
18,64,18,-50,-6,40,-18,-38,7,31,45,41
22,51,28,-42,9,49,-43,-27,2,77,51,51
16,43,22,-43,-29,45,-21,-20,28,35,46,34
2,34,26,-17,-7,67,-40,-11,11,26,51,18
27,48,37,-25,-7,41,-30,-11,-3,22,12,44
13,27,33,-26,-9,31,-33,-17,-3,26,38,25
4,35,9,-46,-8,28,-45,-1,15,29,5,37
14,19,39,-55,-12,39,-12,-17,-5,41,25,34
14,-1,15,-15,-17,19,-16,2,12,21,29,33
20,6,29,-11,4,34,-6,-24,13,14,40,17
8,39,11,-32,-19,17,-4,-27,12,4,12,27
12,13,6,-8,21,17,-3,-16,-10,21,9,2
-9,25,14,11,-1,16,-24,-7,15,1,11,4
-6,7,7,-2,-6,21,-13,-31,-12,3,28,2
11,24,18,-22,-7,-1,-12,2,15,-1,7,-11
3,-24,26,-4,-3,-14,9,9,8,5,-5,0
7,-21,-7,4,33,-10,20,-10,3,-21,11,-1
-12,-25,-7,8,5,-33,1,1,-6,-29,-1,-19
-1,-24,-24,7,-6,-30,-3,38,-14,-22,-33,-40
-15,-50,-8,30,7,-47,16,6,-23,-29,-37,-31
-18,-75,-54,27,12,-44,35,43,-40,-40,-41,-20
-42,-89,-44,50,14,-52,9,12,-14,-51,-38,-43
-37,-51,-62,49,-4,-70,79,16,-36,-59,-90,-61
-44,-125,-65,60,5,-76,63,38,-21,-77,-74,-72
-51,-120,-73,79,18,-84,80,40,-24,-94,-98,-85
-48,-141,-83,84,11,-99,63,82,-38,-91,-104,-65
-62,-159,-82,91,-7,-122,83,77,-20,-94,-128,-102
-53,-134,-89,99,13,-119,68,54,-42,-88,-101,-84
-50,-165,-108,81,43,-125,71,53,-24,-89,-135,-92
-43,-118,-58,67,40,-110,89,36,-37,-105,-127,-97
-64,-103,-88,87,9,-93,73,40,-31,-84,-108,-79
-60,-83,-56,85,-8,-84,58,39,-42,-83,-98,-58
-28,-71,-44,42,9,-42,16,20,-2,-33,-67,-59
-16,-29,-14,17,16,-26,17,12,3,-34,20,21
23,10,14,-18,2,12,-18,-19,-9,1,35,16
17,76,51,-50,-14,64,-56,-27,31,44,80,55
66,177,114,-126,-16,115,-77,-80,41,129,150,88
102,222,193,-161,-18,184,-137,-108,64,165,220,155
112,319,238,-236,-41,269,-176,-122,92,247,300,234
144,418,271,-304,-64,359,-228,-164,137,328,414,302
181,538,349,-364,-81,447,-284,-205,149,389,476,380
217,660,434,-446,-103,532,-344,-246,194,490,573,466
262,771,476,-504,-137,633,-409,-315,223,556,679,532
291,855,552,-577,-124,669,-465,-328,260,617,763,582
310,932,611,-629,-163,774,-492,-391,284,688,858,669
354,998,662,-666,-161,826,-565,-391,278,754,899,681
366,1051,674,-702,-153,861,-566,-414,305,768,938,744
384,1055,680,-741,-158,894,-577,-439,340,793,954,750
375,1075,717,-736,-158,894,-613,-431,320,821,961,763
370,1057,689,-751,-143,906,-577,-410,331,820,948,746
356,1021,675,-705,-145,851,-574,-416,303,779,953,722
347,970,641,-666,-158,797,-544,-406,284,730,874,691
301,906,591,-627,-135,777,-493,-353,274,671,816,608
268,797,533,-544,-132,660,-433,-322,251,619,722,562
245,693,449,-470,-108,603,-371,-273,209,544,625,494
210,577,383,-410,-88,496,-321,-251,181,449,532,408
183,507,298,-329,-68,393,-241,-172,137,360,415,335
149,363,233,-247,-47,296,-223,-124,119,271,339,273
72,269,180,-196,-39,218,-137,-123,73,189,252,189
62,176,110,-113,-31,117,-76,-67,62,127,134,123
21,73,56,-25,0,79,-48,-43,21,51,63,61
5,-4,-15,4,7,-11,6,4,-16,2,-20,-15
-18,-64,-25,69,12,-74,62,31,-22,-51,-76,-52
-32,-151,-71,101,6,-102,87,66,-43,-101,-131,-100
-43,-176,-118,129,20,-118,100,57,-55,-132,-159,-124
-82,-213,-130,128,42,-174,102,77,-47,-165,-200,-143
-73,-213,-163,148,28,-195,120,120,-82,-145,-215,-184
-71,-230,-170,165,53,-196,114,103,-67,-178,-224,-175
-95,-250,-156,168,29,-177,121,78,-87,-173,-200,-179
-66,-242,-152,157,36,-204,121,94,-71,-182,-201,-181
-74,-207,-143,156,19,-184,124,90,-49,-164,-200,-171
-77,-211,-129,153,31,-189,131,89,-78,-150,-189,-159
-44,-180,-135,134,29,-160,108,70,-69,-164,-161,-121
-61,-157,-109,99,23,-144,80,58,-38,-122,-141,-113
-45,-131,-77,75,14,-139,84,42,-58,-112,-109,-95
-46,-99,-77,89,5,-81,74,57,-39,-100,-114,-90
-26,-84,-59,75,-14,-90,65,35,-20,-68,-74,-78
-8,-64,-56,49,25,-40,34,39,-19,-68,-66,-48
-25,-54,-57,32,11,-48,8,27,0,-56,-56,-41
-7,-48,-23,40,13,-30,16,17,-24,-31,-31,-18
-7,-20,4,8,14,-12,20,23,18,-28,-29,0
16,-16,-11,21,17,-28,7,-3,3,-1,-9,-8
-17,-1,0,23,-1,4,11,21,16,4,-24,-11
2,10,-6,-10,-4,1,7,-5,6,31,-23,-8
20,33,19,9,-6,13,-21,-6,10,6,22,-17
22,21,33,11,4,-2,-8,-4,-5,9,1,13
-23,1,20,-14,-18,15,4,-13,4,7,5,4
-3,16,14,-25,11,16,-1,6,5,0,15,21
15,-3,21,-16,6,-3,-19,-28,-17,19,44,8
6,32,28,-6,0,27,-4,-7,20,5,6,9
2,25,25,-24,5,16,-22,-11,-1,-11,20,17
11,16,34,-22,-13,36,-17,-22,1,27,20,20
18,29,16,-53,1,19,-32,3,4,36,32,38
29,44,34,-18,4,16,-20,-4,5,44,24,47
9,43,10,-18,7,30,-38,-9,15,32,28,34
29,30,25,-35,-29,33,-8,0,11,28,51,16
21,32,29,-36,-29,36,-28,4,5,13,10,37
2,35,17,-35,-17,31,-18,-5,8,32,51,31
13,61,17,-36,18,20,-19,-2,16,14,56,36
-8,68,24,-44,15,45,-19,-50,29,44,53,13
4,70,38,-29,-15,58,-34,-20,36,42,29,41
2,42,46,-19,-18,29,-23,-29,51,28,35,39
35,63,73,-46,8,57,-31,-13,12,39,68,36
21,56,47,-56,-14,61,-44,-35,13,26,56,59
7,66,58,-31,-17,57,-40,-54,17,49,56,47
30,56,46,-55,-8,60,-46,-19,9,44,28,49
34,61,41,-48,-15,43,-30,-21,39,61,68,52
17,68,47,-50,-23,65,-51,-15,9,65,72,47
33,76,52,-57,-29,82,-50,-20,23,66,73,61
36,76,64,-47,-18,64,-29,-53,42,95,49,50
30,91,61,-51,-20,78,-55,-23,40,62,100,64
21,85,66,-42,-35,96,-73,-7,27,60,75,67
24,107,70,-77,2,81,-33,-30,31,96,106,73
40,126,62,-69,-18,87,-56,-23,6,73,93,64
48,113,72,-69,-15,109,-87,-57,50,79,103,83
42,100,87,-71,-23,113,-73,-46,29,65,112,79
43,129,74,-91,0,102,-66,-40,42,86,114,65
36,117,98,-86,-22,119,-84,-47,39,102,113,102
66,156,106,-87,-32,117,-85,-44,37,85,114,99
53,149,96,-108,-23,122,-81,-60,33,107,133,81
52,129,117,-120,-15,113,-70,-48,47,111,119,97
42,177,108,-108,-1,121,-107,-60,35,113,143,134
53,167,100,-115,-21,149,-105,-53,51,133,146,127
58,163,99,-115,-8,123,-106,-61,59,126,173,113
64,182,102,-135,-46,138,-90,-74,48,131,156,112
82,176,136,-133,-43,146,-102,-95,62,137,156,159
62,212,123,-115,-36,163,-112,-80,72,155,198,132
77,207,152,-153,-47,157,-127,-99,58,150,176,165
81,200,124,-159,-52,192,-92,-84,63,154,207,154
91,206,125,-137,-30,189,-122,-81,70,168,224,159
92,233,155,-129,-23,182,-129,-86,56,180,223,159
87,234,148,-171,-41,185,-128,-101,66,176,224,172
82,243,151,-162,-38,219,-158,-109,92,191,236,162
77,258,156,-178,-44,224,-123,-105,48,195,248,187
102,283,189,-182,-33,211,-143,-106,71,212,259,195
86,302,170,-209,-43,225,-158,-148,82,223,267,176
89,297,190,-204,-76,248,-143,-112,77,227,266,208
99,296,203,-202,-38,260,-159,-105,106,225,267,201
91,293,196,-215,-59,263,-160,-126,100,232,268,211
89,332,186,-244,-54,272,-192,-131,107,223,291,244
98,328,202,-205,-60,265,-152,-123,120,235,281,227
151,332,221,-218,-55,282,-179,-112,122,252,300,247
119,351,213,-218,-58,294,-205,-141,93,266,313,253
138,358,226,-241,-61,285,-170,-133,115,270,316,239
128,357,239,-236,-43,294,-195,-155,104,281,282,256
114,338,229,-252,-48,313,-201,-145,111,260,323,262
154,353,254,-264,-45,314,-200,-150,96,286,324,239
138,370,254,-254,-61,310,-208,-147,107,268,326,257
148,398,234,-238,-61,304,-206,-155,116,291,345,251
147,414,235,-273,-49,321,-221,-157,108,290,346,280
108,404,259,-269,-65,318,-186,-167,123,285,347,290
143,399,267,-279,-59,324,-223,-158,139,312,357,262
151,381,281,-255,-65,311,-209,-155,130,312,351,279
130,414,265,-270,-55,336,-197,-171,124,275,359,289
127,392,255,-273,-68,338,-205,-167,112,298,368,264
138,406,275,-276,-47,339,-226,-158,155,290,367,286
143,402,268,-283,-63,343,-217,-145,140,309,394,270
129,398,286,-271,-51,344,-246,-164,132,309,377,299
155,404,286,-309,-74,345,-242,-163,120,293,374,305
148,403,282,-311,-58,354,-199,-166,124,299,370,285
140,432,275,-277,-54,351,-233,-151,121,319,372,286
170,427,293,-278,-82,325,-231,-173,152,285,390,303
164,412,266,-270,-55,351,-210,-170,131,311,368,315
